"Time","Frequency 3E2F4FD3 (Ch Cbca Bethesda Ndosho - laboratoire)","Frequency C30F2E03 (Ch Cbca Bethesda Ndosho - clinique)","Voltage 3E2F4FD3 (Ch Cbca Bethesda Ndosho - laboratoire)","Voltage C30F2E03 (Ch Cbca Bethesda Ndosho - clinique)"
2023-05-28 00:00:00,50.0,50.0,212,214
2023-05-28 00:02:00,50.1,50.1,211,214
2023-05-28 00:04:00,49.9,50.0,211,214
2023-05-28 00:06:00,50.1,50.1,213,215
2023-05-28 00:08:00,50.0,50.1,211,214
2023-05-28 00:10:00,50.2,50.2,212,214
2023-05-28 00:12:00,50.1,50.1,212,215
2023-05-28 00:14:00,50.2,50.1,211,214
2023-05-28 00:16:00,50.2,50.2,211,214
2023-05-28 00:18:00,50.2,50.2,213,214
2023-05-28 00:20:00,50.1,50.2,211,214
2023-05-28 00:22:00,50.1,50.1,211,214
2023-05-28 00:24:00,50.1,50.1,213,215
2023-05-28 00:26:00,50.2,50.2,211,214
2023-05-28 00:28:00,50.0,50.0,211,214
2023-05-28 00:30:00,50.2,50.2,212,214
2023-05-28 00:32:00,50.1,50.1,212,214
2023-05-28 00:34:00,50.1,50.2,211,214
2023-05-28 00:36:00,49.8,49.9,213,215
2023-05-28 00:38:00,50.1,50.1,213,215
2023-05-28 00:40:00,50.2,50.2,213,216
2023-05-28 00:42:00,50.0,50.0,211,214
2023-05-28 00:44:00,50.2,50.2,211,214
2023-05-28 00:46:00,50.3,50.3,214,216
2023-05-28 00:48:00,50.2,50.2,215,217
2023-05-28 00:50:00,49.9,49.9,213,215
2023-05-28 00:52:00,50.1,50.2,216,218
2023-05-28 00:54:00,50.0,50.1,216,217
2023-05-28 00:56:00,50.4,50.3,215,217
2023-05-28 00:58:00,50.1,50.1,216,217
2023-05-28 01:00:00,50.4,50.3,215,216
2023-05-28 01:02:00,50.1,50.2,214,217
2023-05-28 01:04:00,50.2,50.1,216,217
2023-05-28 01:06:00,50.4,50.4,214,216
2023-05-28 01:08:00,50.3,50.4,214,216
2023-05-28 01:10:00,50.1,50.0,215,217
2023-05-28 01:12:00,50.2,50.2,211,215
2023-05-28 01:14:00,50.3,50.3,214,217
2023-05-28 01:16:00,50.1,50.1,216,217
2023-05-28 01:18:00,50.3,50.4,214,216
2023-05-28 01:20:00,50.1,50.1,214,216
2023-05-28 01:22:00,50.2,50.1,216,217
2023-05-28 01:24:00,50.3,50.2,214,216
2023-05-28 01:26:00,50.3,50.3,214,217
2023-05-28 01:28:00,50.2,50.2,215,217
2023-05-28 01:30:00,50.3,50.3,213,216
2023-05-28 01:32:00,50.3,50.3,212,216
2023-05-28 01:34:00,50.2,50.2,215,217
2023-05-28 01:36:00,50.2,50.3,212,216
2023-05-28 01:38:00,50.3,50.2,213,216
2023-05-28 01:40:00,50.2,50.2,214,216
2023-05-28 01:42:00,50.2,50.2,212,216
2023-05-28 01:44:00,50.3,50.3,213,216
2023-05-28 01:46:00,50.1,50.1,214,216
2023-05-28 01:48:00,50.2,50.2,213,216
2023-05-28 01:50:00,50.2,50.1,214,216
2023-05-28 01:52:00,50.0,50.0,214,216
2023-05-28 01:54:00,50.2,50.2,214,217
2023-05-28 01:56:00,50.2,50.2,216,219
2023-05-28 01:58:00,50.3,50.3,217,219
2023-05-28 02:00:00,50.3,50.2,216,219
2023-05-28 02:02:00,50.1,50.0,216,219
2023-05-28 02:04:00,50.3,50.3,216,219
2023-05-28 02:06:00,50.0,50.1,215,219
2023-05-28 02:08:00,50.3,50.3,218,220
2023-05-28 02:10:00,50.0,50.1,219,220
2023-05-28 02:12:00,50.2,50.2,217,219
2023-05-28 02:14:00,50.3,50.3,219,221
2023-05-28 02:16:00,50.2,50.2,218,219
2023-05-28 02:18:00,50.3,50.3,217,219
2023-05-28 02:20:00,50.2,50.3,219,220
2023-05-28 02:22:00,50.2,50.2,216,219
2023-05-28 02:24:00,50.2,50.2,216,219
2023-05-28 02:26:00,50.2,50.2,219,221
2023-05-28 02:28:00,50.4,50.4,213,216
2023-05-28 02:30:00,50.2,50.2,212,215
2023-05-28 02:32:00,50.2,50.2,214,216
2023-05-28 02:34:00,50.2,50.2,213,216
2023-05-28 02:36:00,50.4,50.4,213,215
2023-05-28 02:38:00,50.1,50.2,213,214
2023-05-28 02:40:00,50.2,50.2,210,213
2023-05-28 02:42:00,50.2,50.1,210,213
2023-05-28 02:44:00,50.0,50.1,215,217
2023-05-28 02:46:00,50.2,50.2,214,216
2023-05-28 02:48:00,50.2,50.2,214,216
2023-05-28 02:50:00,50.2,50.2,216,219
2023-05-28 02:52:00,50.2,50.2,211,214
2023-05-28 02:54:00,50.2,50.2,213,215
2023-05-28 02:56:00,50.3,50.3,216,219
2023-05-28 02:58:00,50.3,50.3,215,218
2023-05-28 03:00:00,50.2,50.2,216,218
2023-05-28 03:02:00,50.3,50.3,217,219
2023-05-28 03:04:00,50.1,50.2,216,218
2023-05-28 03:06:00,50.3,50.3,217,219
2023-05-28 03:08:00,50.1,50.0,214,216
2023-05-28 03:10:00,50.2,50.2,210,214
2023-05-28 03:12:00,50.3,50.4,217,219
2023-05-28 03:14:00,50.2,50.2,217,219
2023-05-28 03:16:00,50.2,50.2,216,219
2023-05-28 03:18:00,50.2,50.3,218,219
2023-05-28 03:20:00,50.3,50.3,216,219
2023-05-28 03:22:00,50.1,50.1,215,218
2023-05-28 03:24:00,50.2,50.2,216,219
2023-05-28 03:26:00,50.4,50.4,215,218
2023-05-28 03:28:00,50.3,50.4,214,218
2023-05-28 03:30:00,50.2,50.2,216,219
2023-05-28 03:32:00,50.0,50.0,215,218
2023-05-28 03:34:00,50.4,50.4,216,219
2023-05-28 03:36:00,50.3,50.3,217,219
2023-05-28 03:38:00,50.1,50.1,215,217
2023-05-28 03:40:00,50.3,50.4,216,219
2023-05-28 03:42:00,50.3,50.3,218,220
2023-05-28 03:44:00,50.2,50.2,216,219
2023-05-28 03:46:00,50.2,50.3,217,219
2023-05-28 03:48:00,50.2,50.1,216,219
2023-05-28 03:50:00,50.3,50.3,214,218
2023-05-28 03:52:00,50.3,50.2,216,219
2023-05-28 03:54:00,50.2,50.2,216,219
2023-05-28 03:56:00,50.2,50.2,214,217
2023-05-28 03:58:00,50.2,50.2,216,219
2023-05-28 04:00:00,50.2,50.3,216,219
2023-05-28 04:02:00,50.4,50.4,216,219
2023-05-28 04:04:00,50.0,50.1,217,219
2023-05-28 04:06:00,50.3,50.3,216,219
2023-05-28 04:08:00,50.3,50.3,217,219
2023-05-28 04:10:00,50.3,50.3,217,219
2023-05-28 04:12:00,50.3,50.3,213,216
2023-05-28 04:14:00,50.3,50.3,214,216
2023-05-28 04:16:00,50.2,50.2,216,219
2023-05-28 04:18:00,50.1,50.2,215,217
2023-05-28 04:20:00,50.2,50.2,214,216
2023-05-28 04:22:00,50.2,50.2,212,214
2023-05-28 04:24:00,50.2,50.2,210,213
2023-05-28 04:26:00,50.3,50.3,214,216
2023-05-28 04:28:00,50.3,50.3,215,217
2023-05-28 04:30:00,50.5,50.5,213,216
2023-05-28 04:32:00,50.2,50.1,214,216
2023-05-28 04:34:00,50.3,50.2,217,219
2023-05-28 04:36:00,50.2,50.2,213,216
2023-05-28 04:38:00,50.2,50.2,216,218
2023-05-28 04:40:00,50.3,50.3,214,217
2023-05-28 04:42:00,50.2,50.3,214,217
2023-05-28 04:44:00,50.2,50.2,217,220
2023-05-28 04:46:00,50.1,50.2,216,218
2023-05-28 04:48:00,50.3,50.4,216,219
2023-05-28 04:50:00,50.3,50.4,217,219
2023-05-28 04:52:00,50.2,50.3,217,219
2023-05-28 04:54:00,50.1,50.1,214,217
2023-05-28 04:56:00,50.3,50.3,218,219
2023-05-28 04:58:00,50.2,50.2,215,217
2023-05-28 05:00:00,50.2,50.2,211,214
2023-05-28 05:02:00,50.1,50.2,212,214
2023-05-28 05:04:00,49.8,49.7,211,213
2023-05-28 05:06:00,50.2,50.2,210,213
2023-05-28 05:08:00,50.2,50.2,211,213
2023-05-28 05:10:00,50.3,50.3,210,213
2023-05-28 05:12:00,50.4,50.5,210,213
2023-05-28 05:14:00,50.3,50.3,211,214
2023-05-28 05:16:00,50.3,50.3,212,214
2023-05-28 05:18:00,50.4,50.4,209,211
2023-05-28 05:20:00,50.3,50.4,210,212
2023-05-28 05:22:00,50.3,50.3,211,214
2023-05-28 05:24:00,50.3,50.3,211,214
2023-05-28 05:26:00,50.2,50.2,209,211
2023-05-28 05:28:00,50.4,50.4,208,211
2023-05-28 05:30:00,50.3,50.2,208,210
2023-05-28 05:32:00,50.3,50.3,211,213
2023-05-28 05:34:00,50.3,50.3,209,212
2023-05-28 05:36:00,50.2,50.2,209,211
2023-05-28 05:38:00,50.3,50.3,211,213
2023-05-28 05:40:00,50.2,50.2,210,213
2023-05-28 05:42:00,50.2,50.2,209,211
2023-05-28 05:44:00,50.3,50.3,206,207
2023-05-28 05:46:00,50.2,50.1,204,207
2023-05-28 05:48:00,50.2,50.2,206,208
2023-05-28 05:50:00,50.0,50.1,207,209
2023-05-28 05:52:00,50.3,50.2,206,209
2023-05-28 05:54:00,50.2,50.2,207,209
2023-05-28 05:56:00,50.1,50.1,207,209
2023-05-28 05:58:00,50.3,50.3,207,209
2023-05-28 06:00:00,50.3,50.4,211,212
2023-05-28 06:02:00,50.2,50.3,205,207
2023-05-28 06:04:00,50.2,50.2,207,209
2023-05-28 06:06:00,50.0,50.0,208,210
2023-05-28 06:08:00,50.2,50.2,204,207
2023-05-28 06:10:00,50.3,50.2,206,209
2023-05-28 06:12:00,50.2,50.2,206,207
2023-05-28 06:14:00,50.2,50.1,203,206
2023-05-28 06:16:00,50.2,50.2,205,207
2023-05-28 06:18:00,50.1,50.1,204,206
2023-05-28 06:20:00,50.2,50.2,202,204
2023-05-28 06:22:00,50.2,50.1,204,207
2023-05-28 06:24:00,50.1,50.1,209,211
2023-05-28 06:26:00,50.2,50.2,209,211
2023-05-28 06:28:00,50.2,50.2,210,212
2023-05-28 06:30:00,50.3,50.2,207,210
2023-05-28 06:32:00,50.2,50.2,206,209
2023-05-28 06:34:00,50.3,50.3,209,211
2023-05-28 06:36:00,50.2,50.2,207,209
2023-05-28 06:38:00,50.0,50.1,205,209
2023-05-28 06:40:00,50.2,50.1,206,207
2023-05-28 06:42:00,50.2,50.2,202,204
2023-05-28 06:44:00,50.1,50.1,199,202
2023-05-28 06:46:00,50.2,50.2,202,204
2023-05-28 06:48:00,50.1,50.0,206,207
2023-05-28 06:50:00,50.1,50.0,205,207
2023-05-28 06:52:00,50.0,50.0,206,208
2023-05-28 06:54:00,50.3,50.3,201,203
2023-05-28 06:56:00,50.2,50.2,198,201
2023-05-28 06:58:00,50.2,50.3,199,201
2023-05-28 07:00:00,50.2,50.2,198,201
2023-05-28 07:02:00,50.4,50.3,199,202
2023-05-28 07:04:00,50.2,50.2,203,205
2023-05-28 07:06:00,50.3,50.3,200,203
2023-05-28 07:08:00,50.0,50.0,204,207
2023-05-28 07:10:00,50.3,50.3,204,206
2023-05-28 07:12:00,49.9,49.9,197,199
2023-05-28 07:14:00,50.0,50.0,198,200
2023-05-28 07:16:00,50.1,50.1,197,199
2023-05-28 07:18:00,50.0,50.0,197,200
2023-05-28 07:20:00,50.3,50.3,202,204
2023-05-28 07:22:00,50.3,50.3,199,202
2023-05-28 07:24:00,50.0,50.0,190,196
2023-05-28 07:26:00,50.1,50.1,194,199
2023-05-28 07:28:00,50.1,50.2,190,194
2023-05-28 07:30:00,50.1,50.1,192,195
2023-05-28 07:32:00,50.0,50.0,194,197
2023-05-28 07:34:00,49.9,49.9,197,199
2023-05-28 07:36:00,50.1,50.0,193,197
2023-05-28 07:38:00,50.1,50.2,194,197
2023-05-28 07:40:00,50.1,50.0,195,197
2023-05-28 07:42:00,50.2,50.2,207,208
2023-05-28 07:44:00,50.0,49.9,202,204
2023-05-28 07:46:00,49.9,49.9,195,194
2023-05-28 07:48:00,50.1,50.1,197,199
2023-05-28 07:50:00,50.0,49.8,196,198
2023-05-28 07:52:00,50.0,49.9,196,198
2023-05-28 07:54:00,50.1,50.1,195,197
2023-05-28 07:56:00,50.0,50.0,194,196
2023-05-28 07:58:00,50.2,50.2,200,201
2023-05-28 08:00:00,49.8,49.8,194,197
2023-05-28 08:02:00,50.2,50.2,195,198
2023-05-28 08:04:00,49.9,50.0,196,199
2023-05-28 08:06:00,49.9,49.9,197,199
2023-05-28 08:08:00,50.1,50.1,190,192
2023-05-28 08:10:00,50.2,50.3,191,195
2023-05-28 08:12:00,50.0,50.0,194,195
2023-05-28 08:14:00,50.1,50.1,190,193
2023-05-28 08:16:00,49.8,49.8,189,192
2023-05-28 08:18:00,50.0,50.0,192,194
2023-05-28 08:20:00,49.9,49.9,196,197
2023-05-28 08:22:00,50.0,50.0,187,189
2023-05-28 08:24:00,50.1,50.1,199,201
2023-05-28 08:26:00,49.6,49.7,200,203
2023-05-28 08:28:00,50.0,50.0,200,203
2023-05-28 08:30:00,49.9,49.9,199,199
2023-05-28 08:32:00,50.0,50.1,194,197
2023-05-28 08:34:00,49.9,49.9,194,197
2023-05-28 08:36:00,49.9,50.0,200,202
2023-05-28 08:38:00,49.9,49.9,195,195
2023-05-28 08:40:00,50.1,50.1,194,197
2023-05-28 08:42:00,50.0,50.0,192,195
2023-05-28 08:44:00,50.0,50.1,198,201
2023-05-28 08:46:00,50.1,50.1,198,201
2023-05-28 08:48:00,49.9,49.9,196,200
2023-05-28 08:50:00,49.9,49.9,190,192
2023-05-28 08:52:00,50.1,50.1,192,192
2023-05-28 08:54:00,49.8,49.9,192,195
2023-05-28 08:56:00,50.0,50.0,198,201
2023-05-28 08:58:00,50.0,50.0,188,193
2023-05-28 09:00:00,50.0,50.0,185,190
2023-05-28 09:02:00,50.1,50.1,192,197
2023-05-28 09:04:00,50.1,50.1,195,197
2023-05-28 09:06:00,49.8,49.7,195,197
2023-05-28 09:08:00,50.1,50.1,192,194
2023-05-28 09:10:00,49.9,49.9,194,197
2023-05-28 09:12:00,50.0,50.0,197,199
2023-05-28 09:14:00,50.0,49.9,197,199
2023-05-28 09:16:00,50.1,50.0,195,197
2023-05-28 09:18:00,49.8,49.8,197,199
2023-05-28 09:20:00,50.0,50.0,197,200
2023-05-28 09:22:00,50.0,50.0,194,197
2023-05-28 09:24:00,50.0,50.0,194,196
2023-05-28 09:26:00,49.7,49.7,191,193
2023-05-28 09:28:00,50.1,50.1,198,200
2023-05-28 09:30:00,50.0,50.0,195,197
2023-05-28 09:32:00,49.9,49.9,194,197
2023-05-28 09:34:00,49.8,49.8,192,194
2023-05-28 09:36:00,50.2,50.3,197,198
2023-05-28 09:38:00,50.0,50.0,191,193
2023-05-28 09:40:00,50.0,50.0,193,194
2023-05-28 09:42:00,50.0,50.0,196,198
2023-05-28 09:44:00,49.7,49.7,197,197
2023-05-28 09:46:00,49.9,49.9,199,202
2023-05-28 09:48:00,50.1,50.1,200,202
2023-05-28 09:50:00,49.8,49.9,198,200
2023-05-28 09:52:00,50.0,50.0,199,201
2023-05-28 09:54:00,49.9,49.9,199,201
2023-05-28 09:56:00,50.2,50.1,197,199
2023-05-28 09:58:00,50.0,50.0,193,197
2023-05-28 10:00:00,49.8,49.8,197,199
2023-05-28 10:02:00,49.9,50.0,196,199
2023-05-28 10:04:00,50.2,50.2,199,201
2023-05-28 10:06:00,50.0,50.0,200,202
2023-05-28 10:08:00,50.2,50.2,193,197
2023-05-28 10:10:00,50.0,50.0,201,204
2023-05-28 10:12:00,50.0,50.0,196,198
2023-05-28 10:14:00,49.9,49.8,195,202
2023-05-28 10:16:00,50.1,50.1,196,199
2023-05-28 10:18:00,50.0,49.9,198,200
2023-05-28 10:20:00,49.7,49.7,197,199
2023-05-28 10:22:00,50.1,50.1,196,199
2023-05-28 10:24:00,49.7,49.8,197,198
2023-05-28 10:26:00,49.9,49.8,199,203
2023-05-28 10:28:00,50.3,50.3,197,200
2023-05-28 10:30:00,49.9,49.8,195,196
2023-05-28 10:32:00,50.2,50.1,203,206
2023-05-28 10:34:00,50.0,50.0,196,199
2023-05-28 10:36:00,50.0,50.1,195,197
2023-05-28 10:38:00,50.5,50.6,194,197
2023-05-28 10:40:00,50.3,50.3,197,200
2023-05-28 10:42:00,49.9,49.9,199,199
2023-05-28 10:44:00,50.0,50.0,201,204
2023-05-28 10:46:00,50.0,50.0,204,207
2023-05-28 10:48:00,49.8,49.8,202,204
2023-05-28 10:50:00,50.2,50.2,194,197
2023-05-28 10:52:00,49.8,49.7,201,204
2023-05-28 10:54:00,50.1,50.1,197,199
2023-05-28 10:56:00,49.8,49.9,198,202
2023-05-28 10:58:00,50.0,50.0,199,202
2023-05-28 11:00:00,50.3,50.3,194,199
2023-05-28 11:02:00,50.0,50.0,199,202
2023-05-28 11:04:00,50.1,50.0,197,201
2023-05-28 11:06:00,50.2,50.2,194,197
2023-05-28 11:08:00,49.7,49.8,197,201
2023-05-28 11:10:00,50.2,50.2,200,203
2023-05-28 11:12:00,49.9,49.9,198,199
2023-05-28 11:14:00,49.8,49.9,199,201
2023-05-28 11:16:00,50.0,50.0,194,194
2023-05-28 11:18:00,49.9,49.9,197,199
2023-05-28 11:20:00,49.9,49.9,196,200
2023-05-28 11:22:00,50.1,50.1,202,204
2023-05-28 11:24:00,50.0,50.1,197,197
2023-05-28 11:26:00,50.1,50.2,198,200
2023-05-28 11:28:00,50.2,50.2,183,185
2023-05-28 11:30:00,50.2,50.2,192,195
2023-05-28 11:32:00,50.1,50.1,199,202
2023-05-28 11:34:00,50.1,50.1,190,194
2023-05-28 11:36:00,50.1,50.1,194,197
2023-05-28 11:38:00,50.3,50.4,197,199
2023-05-28 11:40:00,50.1,50.1,194,197
2023-05-28 11:42:00,50.2,50.2,196,195
2023-05-28 11:44:00,50.0,50.0,190,194
2023-05-28 11:46:00,50.2,50.2,197,198
2023-05-28 11:48:00,50.3,50.3,195,196
2023-05-28 11:50:00,50.0,50.0,193,197
2023-05-28 11:52:00,50.0,50.0,194,197
2023-05-28 11:54:00,50.1,50.0,192,193
2023-05-28 11:56:00,50.1,50.1,192,194
2023-05-28 11:58:00,50.5,50.6,197,199
2023-05-28 12:00:00,50.2,50.1,200,202
2023-05-28 12:02:00,50.2,50.3,191,192
2023-05-28 12:04:00,50.2,50.2,187,190
2023-05-28 12:06:00,50.1,50.0,191,192
2023-05-28 12:08:00,50.1,50.1,191,193
2023-05-28 12:10:00,50.1,50.2,190,192
2023-05-28 12:12:00,50.3,50.3,195,197
2023-05-28 12:14:00,50.1,50.1,201,204
2023-05-28 12:16:00,50.0,50,201,203
2023-05-28 12:18:00,50.2,50.2,201,202
2023-05-28 12:20:00,50.1,50.1,200,202
2023-05-28 12:22:00,50.3,50.3,202,204
2023-05-28 12:24:00,50.4,50.4,196,197
2023-05-28 12:26:00,50.1,50.1,196,198
2023-05-28 12:28:00,50.1,50.1,198,200
2023-05-28 12:30:00,50.3,50.2,198,200
2023-05-28 12:32:00,50.0,50,200,202
2023-05-28 12:34:00,50.4,50.4,199,201
2023-05-28 12:36:00,50.3,50.2,200,202
2023-05-28 12:38:00,50.3,50.3,202,204
2023-05-28 12:40:00,50.0,50.1,202,204
2023-05-28 12:42:00,50.2,50.2,204,207
2023-05-28 12:44:00,50.2,50.1,196,199
2023-05-28 12:46:00,50.0,50.1,197,199
2023-05-28 12:48:00,50.3,50.3,199,201
2023-05-28 12:50:00,50.2,50.1,200,203
2023-05-28 12:52:00,50.3,50.3,195,197
2023-05-28 12:54:00,50.3,50.3,195,197
2023-05-28 12:56:00,50.0,50.0,197,198
2023-05-28 12:58:00,50.2,50.2,197,200
2023-05-28 13:00:00,50.0,50.1,202,204
2023-05-28 13:02:00,50.3,50.3,199,201
2023-05-28 13:04:00,50.1,50.2,184,192
2023-05-28 13:06:00,50.4,50.4,185,192
2023-05-28 13:08:00,50.3,50.3,192,197
2023-05-28 13:10:00,50.2,50.2,192,199
2023-05-28 13:12:00,50.3,50.2,199,202
2023-05-28 13:14:00,50.1,50.1,187,194
2023-05-28 13:16:00,50.0,50.0,191,198
2023-05-28 13:18:00,50.2,50.2,193,199
2023-05-28 13:20:00,50.1,50.1,197,202
2023-05-28 13:22:00,50.1,50.2,191,197
2023-05-28 13:24:00,50.1,50.1,190,197
2023-05-28 13:26:00,50.2,50.2,195,199
2023-05-28 13:28:00,50.3,50.2,192,197
2023-05-28 13:30:00,50.0,50.1,187,194
2023-05-28 13:32:00,50.2,50.2,192,197
2023-05-28 13:34:00,50.1,50.0,187,194
2023-05-28 13:36:00,50.2,50.2,187,192
2023-05-28 13:38:00,50.3,50.3,192,198
2023-05-28 13:40:00,50.2,50.1,195,199
2023-05-28 13:42:00,50.2,50.2,187,193
2023-05-28 13:44:00,50.3,50.3,189,197
2023-05-28 13:46:00,50.5,50.4,191,197
2023-05-28 13:48:00,50.3,50.3,186,194
2023-05-28 13:50:00,50.2,50.1,196,200
2023-05-28 13:52:00,50.2,50.2,192,197
2023-05-28 13:54:00,50.3,50.3,191,197
2023-05-28 13:56:00,50.0,50.0,187,193
2023-05-28 13:58:00,50.0,50.0,190,196
2023-05-28 14:00:00,50.0,50.1,191,196
2023-05-28 14:02:00,50.3,50.2,200,204
2023-05-28 14:04:00,50.6,50.6,196,200
2023-05-28 14:06:00,50.5,50.6,192,199
2023-05-28 14:08:00,50.6,50.6,192,199
2023-05-28 14:10:00,50.5,50.5,194,199
2023-05-28 14:12:00,50.5,50.5,197,202
2023-05-28 14:14:00,50.3,50.3,196,202
2023-05-28 14:16:00,50.6,50.6,206,207
2023-05-28 14:18:00,50.4,50.4,197,203
2023-05-28 14:20:00,50.4,50.4,192,198
2023-05-28 14:22:00,50.6,50.6,200,205
2023-05-28 14:24:00,50.2,50.2,207,208
2023-05-28 14:26:00,50.2,50.3,197,201
2023-05-28 14:28:00,50.3,50.3,198,202
2023-05-28 14:30:00,50.3,50.4,199,202
2023-05-28 14:32:00,50.3,50.3,197,199
2023-05-28 14:34:00,50.4,50.4,187,191
2023-05-28 14:36:00,50.3,50.2,202,204
2023-05-28 14:38:00,50.2,50.3,200,202
2023-05-28 14:40:00,50.4,50.5,204,204
2023-05-28 14:42:00,50.3,50.3,202,204
2023-05-28 14:44:00,50.2,50.1,197,198
2023-05-28 14:46:00,50.2,50.2,202,204
2023-05-28 14:48:00,50.4,50.4,198,200
2023-05-28 14:50:00,50.1,50.1,200,202
2023-05-28 14:52:00,50.3,50.4,201,203
2023-05-28 14:54:00,50.3,50.4,199,200
2023-05-28 14:56:00,50.5,50.4,198,200
2023-05-28 14:58:00,50.4,50.3,202,204
2023-05-28 15:00:00,50.1,50.1,202,203
2023-05-28 15:02:00,50.3,50.2,205,207
2023-05-28 15:04:00,50.2,50.3,201,202
2023-05-28 15:06:00,50.3,50.3,199,202
2023-05-28 15:08:00,50.3,50.3,199,202
2023-05-28 15:10:00,50.1,50.2,199,201
2023-05-28 15:12:00,50.2,50.2,198,200
2023-05-28 15:14:00,50.5,50.4,200,202
2023-05-28 15:16:00,50.4,50.4,204,206
2023-05-28 15:18:00,50.4,50.4,200,202
2023-05-28 15:20:00,50.4,50.4,202,203
2023-05-28 15:22:00,50.3,50.4,199,201
2023-05-28 15:24:00,50.2,50.2,198,201
2023-05-28 15:26:00,50.5,50.5,202,204
2023-05-28 15:28:00,50.2,50.2,204,205
2023-05-28 15:30:00,50.3,50.3,201,203
2023-05-28 15:32:00,50.4,50.4,202,204
2023-05-28 15:34:00,50.1,50.2,201,203
2023-05-28 15:36:00,50.1,50.1,198,201
2023-05-28 15:38:00,50.4,50.4,195,197
2023-05-28 15:40:00,50.5,50.4,203,205
2023-05-28 15:42:00,50.4,50.3,201,204
2023-05-28 15:44:00,50.4,50.4,203,205
2023-05-28 15:46:00,50.4,50.3,201,202
2023-05-28 15:48:00,50.3,50.3,200,202
2023-05-28 15:50:00,50.4,50.4,203,204
2023-05-28 15:52:00,50.3,50.3,198,199
2023-05-28 15:54:00,50.4,50.3,199,202
2023-05-28 15:56:00,50.2,50.1,194,197
2023-05-28 15:58:00,50.2,50.1,194,197
2023-05-28 16:00:00,49.9,49.9,194,197
2023-05-28 16:02:00,50.0,50.0,195,197
2023-05-28 16:04:00,49.9,49.9,194,196
2023-05-28 16:06:00,50.1,50.2,194,197
2023-05-28 16:08:00,50.2,50.3,198,200
2023-05-28 16:10:00,50.3,50.3,196,197
2023-05-28 16:12:00,50.0,50.0,197,199
2023-05-28 16:14:00,50.2,50.2,199,200
2023-05-28 16:16:00,50.3,50.3,200,203
2023-05-28 16:18:00,50.3,50.3,202,204
2023-05-28 16:20:00,50.2,50.1,202,204
2023-05-28 16:22:00,50.3,50.2,201,203
2023-05-28 16:24:00,50.1,50.1,199,201
2023-05-28 16:26:00,50.2,50.2,198,199
2023-05-28 16:28:00,50.2,50.3,197,199
2023-05-28 16:30:00,50.3,50.3,201,202
2023-05-28 16:32:00,50.3,50.3,202,205
2023-05-28 16:34:00,50.1,50.1,197,199
2023-05-28 16:36:00,50.2,50.2,200,202
2023-05-28 16:38:00,50.4,50.4,197,199
2023-05-28 16:40:00,50.4,50.4,197,198
2023-05-28 16:42:00,50.2,50.2,197,199
2023-05-28 16:44:00,50.3,50.3,197,198
2023-05-28 16:46:00,50.2,50.3,199,201
2023-05-28 16:48:00,50.2,50.2,200,202
2023-05-28 16:50:00,50.2,50.2,201,202
2023-05-28 16:52:00,50.2,50.2,199,202
2023-05-28 16:54:00,50.2,50.3,202,204
2023-05-28 16:56:00,50.2,50.2,197,199
2023-05-28 16:58:00,50.2,50.1,195,197
2023-05-28 17:00:00,50.1,50.2,196,197
2023-05-28 17:02:00,50.2,50.2,193,194
2023-05-28 17:04:00,50.4,50.4,198,200
2023-05-28 17:06:00,49.9,50.0,199,202
2023-05-28 17:08:00,50.1,50.1,192,193
2023-05-28 17:10:00,50.0,50.0,190,193
2023-05-28 17:12:00,50.4,50.4,197,198
2023-05-28 17:14:00,50.2,50.2,199,201
2023-05-28 17:16:00,50.3,50.3,198,199
2023-05-28 17:18:00,50.2,50.2,202,204
2023-05-28 17:20:00,50.1,50.1,202,204
2023-05-28 17:22:00,50.3,50.3,197,198
2023-05-28 17:24:00,50.1,50.1,199,199
2023-05-28 17:26:00,50.3,50.3,199,201
2023-05-28 17:28:00,50.1,50.1,195,197
2023-05-28 17:30:00,50.3,50.3,194,194
2023-05-28 17:32:00,50.1,50.1,197,199
2023-05-28 17:34:00,50.1,50.1,196,199
2023-05-28 17:36:00,49.9,50.0,194,196
2023-05-28 17:38:00,50.2,50.1,192,194
2023-05-28 17:40:00,50.2,50.2,191,193
2023-05-28 17:42:00,50.3,50.3,197,197
2023-05-28 17:44:00,50.0,50.0,190,192
2023-05-28 17:46:00,50.2,50.2,187,190
2023-05-28 17:48:00,50.2,50.2,188,190
2023-05-28 17:50:00,50.2,50.2,182,185
2023-05-28 17:52:00,50.1,50.1,183,185
2023-05-28 17:54:00,50.1,50.2,185,186
2023-05-28 17:56:00,50.2,50.2,182,183
2023-05-28 17:58:00,50.3,50.3,178,180
2023-05-28 18:00:00,50.0,50.0,184,183
2023-05-28 18:02:00,50.4,50.4,185,188
2023-05-28 18:04:00,50.1,50.1,185,187
2023-05-28 18:06:00,50.1,50.0,189,191
2023-05-28 18:08:00,50.0,50.0,190,192
2023-05-28 18:10:00,50.0,50.0,185,187
2023-05-28 18:12:00,50.2,50.2,189,191
2023-05-28 18:14:00,50.0,50.0,188,191
2023-05-28 18:16:00,49.9,49.9,193,194
2023-05-28 18:18:00,50.0,50.0,194,194
2023-05-28 18:20:00,50.0,50.0,192,194
2023-05-28 18:22:00,50.1,50.0,188,189
2023-05-28 18:24:00,49.7,49.8,189,191
2023-05-28 18:26:00,49.7,49.8,187,190
2023-05-28 18:28:00,50.0,49.9,190,192
2023-05-28 18:30:00,49.9,49.9,185,187
2023-05-28 18:32:00,49.8,49.7,182,185
2023-05-28 18:34:00,49.8,49.8,189,191
2023-05-28 18:36:00,49.6,49.6,186,187
2023-05-28 18:38:00,49.8,49.8,185,187
2023-05-28 18:40:00,50.0,50.0,183,185
2023-05-28 18:42:00,50.0,50.0,188,190
2023-05-28 18:44:00,50.1,50.1,187,189
2023-05-28 18:46:00,50.3,50.2,190,191
2023-05-28 18:48:00,50.0,49.9,188,190
2023-05-28 18:50:00,50.1,50.1,190,192
2023-05-28 18:52:00,49.9,49.9,191,193
2023-05-28 18:54:00,50.2,50.2,194,195
2023-05-28 18:56:00,49.9,49.9,189,192
2023-05-28 18:58:00,50.1,50.1,190,192
2023-05-28 19:00:00,49.9,49.9,194,197
2023-05-28 19:02:00,50.1,50.1,192,194
2023-05-28 19:04:00,50.1,50.1,190,193
2023-05-28 19:06:00,50.0,50.0,191,194
2023-05-28 19:08:00,50.2,50.2,193,195
2023-05-28 19:10:00,50.2,50.2,195,198
2023-05-28 19:12:00,50.0,50.0,196,198
2023-05-28 19:14:00,50.2,50.3,199,201
2023-05-28 19:16:00,50.2,50.3,194,196
2023-05-28 19:18:00,50.1,50.1,199,200
2023-05-28 19:20:00,50.0,50.0,202,203
2023-05-28 19:22:00,50.1,50.0,196,199
2023-05-28 19:24:00,50.2,50.3,198,200
2023-05-28 19:26:00,50.2,50.2,195,199
2023-05-28 19:28:00,50.3,50.3,194,197
2023-05-28 19:30:00,50.1,50.1,201,202
2023-05-28 19:32:00,50.2,50.3,192,194
2023-05-28 19:34:00,50.0,50.0,190,192
2023-05-28 19:36:00,50.2,50.2,193,194
2023-05-28 19:38:00,50.0,50.0,194,197
2023-05-28 19:40:00,50.2,50.2,197,198
2023-05-28 19:42:00,50.0,50,193,195
2023-05-28 19:44:00,50.2,50.2,190,192
2023-05-28 19:46:00,50.2,50.2,193,195
2023-05-28 19:48:00,50.0,50.0,190,192
2023-05-28 19:50:00,50.1,50.1,192,194
2023-05-28 19:52:00,50.1,50.1,196,198
2023-05-28 19:54:00,50.1,50.2,190,193
2023-05-28 19:56:00,50.2,50.2,194,197
2023-05-28 19:58:00,50.2,50.2,197,199
2023-05-28 20:00:00,49.9,49.9,195,198
2023-05-28 20:02:00,50.0,50.0,191,192
2023-05-28 20:04:00,50.2,50.1,190,192
2023-05-28 20:06:00,50.1,50.1,192,194
2023-05-28 20:08:00,50.1,50.1,194,195
2023-05-28 20:10:00,50.1,50.2,195,198
2023-05-28 20:12:00,50.2,50.3,194,197
2023-05-28 20:14:00,50.3,50.2,195,198
2023-05-28 20:16:00,50,50.0,198,200
2023-05-28 20:18:00,50.2,50.2,198,200
2023-05-28 20:20:00,50.3,50.4,199,202
2023-05-28 20:22:00,50.0,50.1,199,200
2023-05-28 20:24:00,49.9,49.9,197,199
2023-05-28 20:26:00,49.9,50.0,194,197
2023-05-28 20:28:00,50.0,50.0,197,197
2023-05-28 20:30:00,50.1,50.0,198,201
2023-05-28 20:32:00,49.9,49.9,193,195
2023-05-28 20:34:00,49.9,49.9,196,198
2023-05-28 20:36:00,50.0,50.0,190,193
2023-05-28 20:38:00,50.0,50.1,193,195
2023-05-28 20:40:00,50.2,50.2,195,196
2023-05-28 20:42:00,50.1,50.1,196,198
2023-05-28 20:44:00,50.1,50.1,191,192
2023-05-28 20:46:00,50.1,50.1,192,194
2023-05-28 20:48:00,50.1,50.0,192,194
2023-05-28 20:50:00,49.9,49.8,190,192
2023-05-28 20:52:00,49.9,50.0,191,192
2023-05-28 20:54:00,50.0,50,186,188
2023-05-28 20:56:00,50.0,50.0,183,186
2023-05-28 20:58:00,50.1,50.1,189,190
2023-05-28 21:00:00,50.0,50.0,193,195
2023-05-28 21:02:00,49.9,49.9,190,192
2023-05-28 21:04:00,50.2,50.1,193,195
2023-05-28 21:06:00,50.0,50.1,195,197
2023-05-28 21:08:00,50.0,50.0,196,198
2023-05-28 21:10:00,50.1,50.1,197,199
2023-05-28 21:12:00,50.3,50.3,198,200
2023-05-28 21:14:00,50.2,50.3,202,204
2023-05-28 21:16:00,50.4,50.3,199,201
2023-05-28 21:18:00,50.3,50.3,202,204
2023-05-28 21:20:00,50.4,50.4,197,199
2023-05-28 21:22:00,50.3,50.3,199,202
2023-05-28 21:24:00,49.9,50.0,202,203
2023-05-28 21:26:00,50.2,50.3,200,202
2023-05-28 21:28:00,50.0,50.0,202,204
2023-05-28 21:30:00,50.2,50.2,199,200
2023-05-28 21:32:00,50.1,50.1,197,199
2023-05-28 21:34:00,50.3,50.3,196,198
2023-05-28 21:36:00,50.3,50.4,197,198
2023-05-28 21:38:00,50.4,50.4,199,200
2023-05-28 21:40:00,50.4,50.4,197,199
2023-05-28 21:42:00,50.3,50.3,203,204
2023-05-28 21:44:00,50.2,50.2,207,208
2023-05-28 21:46:00,50.3,50.3,204,206
2023-05-28 21:48:00,50.4,50.5,203,205
2023-05-28 21:50:00,50.3,50.2,204,205
2023-05-28 21:52:00,50.3,50.3,202,204
2023-05-28 21:54:00,50.1,50.1,208,210
2023-05-28 21:56:00,50.4,50.3,204,207
2023-05-28 21:58:00,50.3,50.3,199,202
2023-05-28 22:00:00,50.3,50.3,204,206
2023-05-28 22:02:00,50.4,50.4,204,206
2023-05-28 22:04:00,50.3,50.3,201,204
2023-05-28 22:06:00,50.2,50.2,202,204
2023-05-28 22:08:00,50.1,50.0,202,204
2023-05-28 22:10:00,49.9,50.0,203,206
2023-05-28 22:12:00,50.1,50.0,205,207
2023-05-28 22:14:00,50.2,50.3,204,207
2023-05-28 22:16:00,49.9,49.9,199,202
2023-05-28 22:18:00,50.2,50.2,205,207
2023-05-28 22:20:00,50.2,50.2,208,209
2023-05-28 22:22:00,50.0,49.9,205,207
2023-05-28 22:24:00,50.1,50.1,205,207
2023-05-28 22:26:00,50.1,50.1,208,209
2023-05-28 22:28:00,50.2,50.1,204,207
2023-05-28 22:30:00,50.2,50.3,204,205
2023-05-28 22:32:00,50.3,50.3,205,207
2023-05-28 22:34:00,50.1,50.0,207,210
2023-05-28 22:36:00,50.1,50.1,209,211
2023-05-28 22:38:00,50.0,50.0,208,209
2023-05-28 22:40:00,50.1,50.1,209,211
2023-05-28 22:42:00,50.2,50.2,209,211
2023-05-28 22:44:00,50.0,50.0,208,210
2023-05-28 22:46:00,50.4,50.4,207,209
2023-05-28 22:48:00,50.3,50.3,209,211
2023-05-28 22:50:00,50.4,50.5,211,214
2023-05-28 22:52:00,50.3,50.4,209,211
2023-05-28 22:54:00,50.3,50.3,209,211
2023-05-28 22:56:00,50.4,50.4,211,213
2023-05-28 22:58:00,50.5,50.5,209,211
2023-05-28 23:00:00,50.4,50.4,211,214
2023-05-28 23:02:00,50.4,50.4,215,216
2023-05-28 23:04:00,50.2,50.2,210,212
2023-05-28 23:06:00,49.9,50.0,214,215
2023-05-28 23:08:00,50.3,50.2,214,216
2023-05-28 23:10:00,50.1,50.1,214,216
2023-05-28 23:12:00,49.9,49.9,215,217
2023-05-28 23:14:00,49.9,49.9,215,217
2023-05-28 23:16:00,50.3,50.3,214,217
2023-05-28 23:18:00,50.1,50.1,216,218
2023-05-28 23:20:00,50.2,50.2,214,217
2023-05-28 23:22:00,50.1,50.1,212,215
2023-05-28 23:24:00,50.1,50.2,213,216
2023-05-28 23:26:00,50.2,50.2,214,216
2023-05-28 23:28:00,50.3,50.3,214,216
2023-05-28 23:30:00,50.2,50.1,214,216
2023-05-28 23:32:00,50.4,50.4,214,217
2023-05-28 23:34:00,50.2,50.3,211,214
2023-05-28 23:36:00,50.2,50.2,214,216
2023-05-28 23:38:00,50.0,50.1,211,214
2023-05-28 23:40:00,50.2,50.1,213,216
2023-05-28 23:42:00,50.2,50.2,214,216
2023-05-28 23:44:00,50.3,50.3,214,217
2023-05-28 23:46:00,50.2,50.2,212,214
2023-05-28 23:48:00,50.2,50.2,214,215
2023-05-28 23:50:00,50.1,50.1,211,214
2023-05-28 23:52:00,50.3,50.2,214,216
2023-05-28 23:54:00,50.3,50.2,213,215
2023-05-28 23:56:00,50.2,50.2,214,216
2023-05-28 23:58:00,50.4,50.4,212,215
2023-05-29 00:00:00,50.1,50.1,211,213
2023-05-29 00:02:00,50.1,50.1,211,214
2023-05-29 00:04:00,50.3,50.2,213,215
2023-05-29 00:06:00,50.3,50.3,214,217
2023-05-29 00:08:00,50.3,50.3,214,216
2023-05-29 00:10:00,50.3,50.3,216,219
2023-05-29 00:12:00,50.2,50.2,214,216
2023-05-29 00:14:00,50.3,50.2,216,217
2023-05-29 00:16:00,50.2,50.2,215,219
2023-05-29 00:18:00,50.1,50.1,214,216
2023-05-29 00:20:00,50.4,50.4,219,220
2023-05-29 00:22:00,50.0,50.0,215,218
2023-05-29 00:24:00,50.3,50.3,216,219
2023-05-29 00:26:00,50.2,50.2,217,219
2023-05-29 00:28:00,50.1,50.1,216,219
2023-05-29 00:30:00,50.2,50.2,216,219
2023-05-29 00:32:00,50.2,50.2,218,220
2023-05-29 00:34:00,50.3,50.3,217,219
2023-05-29 00:36:00,50.4,50.4,214,216
2023-05-29 00:38:00,50.3,50.3,215,216
2023-05-29 00:40:00,50.1,50.0,218,219
2023-05-29 00:42:00,50.2,50.2,216,219
2023-05-29 00:44:00,50.2,50.2,219,220
2023-05-29 00:46:00,50.4,50.3,219,220
2023-05-29 00:48:00,50.2,50.2,217,219
2023-05-29 00:50:00,50.0,50.1,218,220
2023-05-29 00:52:00,50.3,50.3,217,219
2023-05-29 00:54:00,50.0,50.1,217,219
2023-05-29 00:56:00,50.3,50.3,216,219
2023-05-29 00:58:00,50.0,50.0,216,219
2023-05-29 01:00:00,50.2,50.2,215,219
2023-05-29 01:02:00,50.3,50.3,217,219
2023-05-29 01:04:00,50.3,50.3,219,221
2023-05-29 01:06:00,50.3,50.4,218,221
2023-05-29 01:08:00,50.2,50.2,216,219
2023-05-29 01:10:00,50.2,50.2,216,218
2023-05-29 01:12:00,50.3,50.2,214,216
2023-05-29 01:14:00,50.2,50.3,216,219
2023-05-29 01:16:00,50.3,50.3,216,218
2023-05-29 01:18:00,50.4,50.4,216,219
2023-05-29 01:20:00,50.2,50.2,214,216
2023-05-29 01:22:00,50.2,50.2,217,220
2023-05-29 01:24:00,50.2,50.2,214,217
2023-05-29 01:26:00,50.3,50.4,216,218
2023-05-29 01:28:00,50.1,50.2,217,220
2023-05-29 01:30:00,50.5,50.4,215,217
2023-05-29 01:32:00,50.4,50.4,218,221
2023-05-29 01:34:00,50.3,50.4,216,219
2023-05-29 01:36:00,50.1,50.2,216,219
2023-05-29 01:38:00,50.3,50.4,216,219
2023-05-29 01:40:00,50.3,50.3,215,217
2023-05-29 01:42:00,50.2,50.2,216,218
2023-05-29 01:44:00,50.2,50.2,217,219
2023-05-29 01:46:00,50.4,50.4,217,220
2023-05-29 01:48:00,50.4,50.3,219,221
2023-05-29 01:50:00,50.3,50.3,219,221
2023-05-29 01:52:00,50.2,50.2,219,221
2023-05-29 01:54:00,50.3,50.4,216,219
2023-05-29 01:56:00,50.3,50.3,218,220
2023-05-29 01:58:00,50.2,50.2,220,222
2023-05-29 02:00:00,50.3,50.0,221,223
2023-05-29 02:02:00,50.1,50.2,218,220
2023-05-29 02:04:00,50.4,50.3,219,222
2023-05-29 02:06:00,50.3,50.3,220,222
2023-05-29 02:08:00,50.3,50.3,221,223
2023-05-29 02:10:00,50.3,50.4,219,221
2023-05-29 02:12:00,50.2,50.2,220,222
2023-05-29 02:14:00,50.4,50.3,221,223
2023-05-29 02:16:00,50.1,50.0,219,222
2023-05-29 02:18:00,50.2,50.3,221,222
2023-05-29 02:20:00,50.4,50.4,219,222
2023-05-29 02:22:00,50.3,50.4,219,221
2023-05-29 02:24:00,50.2,50.3,221,222
2023-05-29 02:26:00,50.2,50.3,221,223
2023-05-29 02:28:00,50.3,50.3,219,222
2023-05-29 02:30:00,50.3,50.3,221,222
2023-05-29 02:32:00,50.4,50.3,221,222
2023-05-29 02:34:00,50.2,50.1,219,221
2023-05-29 02:36:00,50.3,50.3,221,222
2023-05-29 02:38:00,50.3,50.3,221,222
2023-05-29 02:40:00,50.4,50.4,220,222
2023-05-29 02:42:00,50.2,50.3,222,223
2023-05-29 02:44:00,50.4,50.3,221,223
2023-05-29 02:46:00,50.3,50.2,219,222
2023-05-29 02:48:00,50.2,50.2,219,221
2023-05-29 02:50:00,50.3,50.4,218,221
2023-05-29 02:52:00,50.3,50.3,218,221
2023-05-29 02:54:00,50.3,50.3,219,221
2023-05-29 02:56:00,50.4,50.3,216,220
2023-05-29 02:58:00,50.2,50.3,219,221
2023-05-29 03:00:00,50.2,50.3,220,221
2023-05-29 03:02:00,50.3,50.3,219,221
2023-05-29 03:04:00,50.2,50.2,219,221
2023-05-29 03:06:00,50.3,50.3,217,219
2023-05-29 03:08:00,50.5,50.5,216,218
2023-05-29 03:10:00,50.2,50.2,214,216
2023-05-29 03:12:00,50.3,50.3,214,216
2023-05-29 03:14:00,50.3,50.3,216,220
2023-05-29 03:16:00,50.2,50.2,216,218
2023-05-29 03:18:00,50.2,50.3,219,221
2023-05-29 03:20:00,50.2,50.2,215,218
2023-05-29 03:22:00,50.3,50.3,219,222
2023-05-29 03:24:00,50.5,50.5,219,220
2023-05-29 03:26:00,50.3,50.3,219,221
2023-05-29 03:28:00,50.2,50.3,219,220
2023-05-29 03:30:00,50.2,50.3,218,220
2023-05-29 03:32:00,50.5,50.5,218,220
2023-05-29 03:34:00,50.2,50.2,219,221
2023-05-29 03:36:00,50.3,50.4,217,219
2023-05-29 03:38:00,50.4,50.4,215,217
2023-05-29 03:40:00,50.4,50.4,219,220
2023-05-29 03:42:00,50.2,50.2,219,221
2023-05-29 03:44:00,50.3,50.3,216,219
2023-05-29 03:46:00,50.3,50.3,220,223
2023-05-29 03:48:00,50.2,50.2,219,220
2023-05-29 03:50:00,50.1,50.1,216,220
2023-05-29 03:52:00,50.3,50.3,219,220
2023-05-29 03:54:00,50.1,50.2,218,221
2023-05-29 03:56:00,50.3,50.3,219,221
2023-05-29 03:58:00,50.2,50.2,217,219
2023-05-29 04:00:00,50.1,50.2,216,219
2023-05-29 04:02:00,50.2,50.2,216,219
2023-05-29 04:04:00,50.2,50.3,220,222
2023-05-29 04:06:00,50.3,50.3,219,221
2023-05-29 04:08:00,50.3,50.4,219,221
2023-05-29 04:10:00,50.4,50.3,220,222
2023-05-29 04:12:00,50.3,50.3,219,221
2023-05-29 04:14:00,50.4,50.4,219,221
2023-05-29 04:16:00,50.5,50.6,221,223
2023-05-29 04:18:00,50.3,50.3,217,219
2023-05-29 04:20:00,50.0,50,218,219
2023-05-29 04:22:00,50.2,50.2,221,223
2023-05-29 04:24:00,50.3,50.3,218,220
2023-05-29 04:26:00,50.3,50.3,219,221
2023-05-29 04:28:00,50.3,50.3,219,220
2023-05-29 04:30:00,50.4,50.3,217,219
2023-05-29 04:32:00,50.2,50.2,219,220
2023-05-29 04:34:00,50.2,50.3,219,220
2023-05-29 04:36:00,50.3,50.3,216,219
2023-05-29 04:38:00,50.2,50.2,218,220
2023-05-29 04:40:00,50.2,50.2,218,219
2023-05-29 04:42:00,50.2,50.2,215,216
2023-05-29 04:44:00,50.2,50.2,216,218
2023-05-29 04:46:00,50.2,50.2,216,217
2023-05-29 04:48:00,50.3,50.3,216,219
2023-05-29 04:50:00,50.3,50.3,214,216
2023-05-29 04:52:00,50.3,50.3,216,219
2023-05-29 04:54:00,50.2,50.2,216,219
2023-05-29 04:56:00,50.3,50.3,218,220
2023-05-29 04:58:00,50.2,50.2,217,219
2023-05-29 05:00:00,50.2,50.2,214,216
2023-05-29 05:02:00,50.2,50.2,218,219
2023-05-29 05:04:00,50.2,50.3,214,216
2023-05-29 05:06:00,50.3,50.3,219,222
2023-05-29 05:08:00,50.3,50.3,217,219
2023-05-29 05:10:00,50.3,50.3,215,218
2023-05-29 05:12:00,50.2,50.2,223,224
2023-05-29 05:14:00,50.2,50.2,219,221
2023-05-29 05:16:00,50.3,50.3,219,221
2023-05-29 05:18:00,50.3,50.3,219,221
2023-05-29 05:20:00,50.2,50.2,219,221
2023-05-29 05:22:00,50.0,50.1,219,221
2023-05-29 05:24:00,50.2,50.1,216,217
2023-05-29 05:26:00,50.0,50.1,211,213
2023-05-29 05:28:00,50.2,50.2,210,212
2023-05-29 05:30:00,50.3,50.3,209,210
2023-05-29 05:32:00,50.2,50.1,211,213
2023-05-29 05:34:00,50.0,50.0,209,211
2023-05-29 05:36:00,49.9,49.8,211,213
2023-05-29 05:38:00,50.0,50.0,211,214
2023-05-29 05:40:00,50.1,50.1,208,210
2023-05-29 05:42:00,50.0,50.0,201,204
2023-05-29 05:44:00,49.9,50.0,199,202
2023-05-29 05:46:00,50.0,50.1,200,202
2023-05-29 05:48:00,50.0,50.0,204,207
2023-05-29 05:50:00,50.0,50.0,199,203
2023-05-29 05:52:00,50.0,49.9,206,208
2023-05-29 05:54:00,50.0,50.1,207,210
2023-05-29 05:56:00,50.0,50.0,208,211
2023-05-29 05:58:00,50.0,50.0,204,207
2023-05-29 06:00:00,50.1,50.1,204,207
2023-05-29 06:02:00,4367,4367,0,0
2023-05-29 06:04:00,6536,4926,0,0
2023-05-29 06:06:00,3937,4926,0,0
2023-05-29 06:08:00,50.7,50.7,233,239
2023-05-29 06:10:00,50.7,50.7,236,240
2023-05-29 06:12:00,50.9,50.8,236,240
2023-05-29 06:14:00,50.7,50.7,236,240
2023-05-29 06:16:00,51.0,51.1,234,239
2023-05-29 06:18:00,51.1,51.1,235,239
2023-05-29 06:20:00,50.9,50.9,233,239
2023-05-29 06:22:00,50.8,50.8,234,239
2023-05-29 06:24:00,50.8,50.7,235,239
2023-05-29 06:26:00,50.8,50.8,234,238
2023-05-29 06:28:00,50.9,50.8,233,238
2023-05-29 06:30:00,50.7,50.7,236,240
2023-05-29 06:32:00,50.7,50.7,235,239
2023-05-29 06:34:00,50.8,50.7,235,239
2023-05-29 06:36:00,50.9,50.8,235,239
2023-05-29 06:38:00,50.9,50.9,233,238
2023-05-29 06:40:00,50.8,50.8,235,238
2023-05-29 06:42:00,50.8,50.8,236,239
2023-05-29 06:44:00,50.8,50.8,234,238
2023-05-29 06:46:00,51.3,51.4,237,240
2023-05-29 06:48:00,51.5,51.5,236,239
2023-05-29 06:50:00,51.7,51.7,236,239
2023-05-29 06:52:00,51.7,51.7,236,239
2023-05-29 06:54:00,51.8,51.7,236,239
2023-05-29 06:56:00,51.7,51.7,237,240
2023-05-29 06:58:00,51.7,51.8,236,239
2023-05-29 07:00:00,51.8,51.8,236,239
2023-05-29 07:02:00,51.7,51.7,236,239
2023-05-29 07:04:00,51.7,51.8,236,239
2023-05-29 07:06:00,51.7,51.7,236,239
2023-05-29 07:08:00,51.7,51.6,235,238
2023-05-29 07:10:00,51.7,51.6,237,239
2023-05-29 07:12:00,51.7,51.6,236,239
2023-05-29 07:14:00,51.6,51.7,236,239
2023-05-29 07:16:00,51.8,51.7,237,239
2023-05-29 07:18:00,51.7,51.7,236,239
2023-05-29 07:20:00,51.6,51.6,236,239
2023-05-29 07:22:00,51.7,51.7,237,240
2023-05-29 07:24:00,51.7,51.7,237,240
2023-05-29 07:26:00,51.7,51.6,236,238
2023-05-29 07:28:00,51.5,51.6,236,239
2023-05-29 07:30:00,51.7,51.6,236,239
2023-05-29 07:32:00,51.7,51.6,236,239
2023-05-29 07:34:00,51.7,51.6,236,239
2023-05-29 07:36:00,51.7,51.7,236,239
2023-05-29 07:38:00,51.6,51.5,237,240
2023-05-29 07:40:00,51.7,51.6,236,239
2023-05-29 07:42:00,51.5,51.6,235,238
2023-05-29 07:44:00,51.6,51.6,235,238
2023-05-29 07:46:00,51.7,51.6,232,236
2023-05-29 07:48:00,50.5,50.5,233,237
2023-05-29 07:50:00,50.4,50.4,233,237
2023-05-29 07:52:00,50.5,50.5,233,236
2023-05-29 07:54:00,50.5,50.5,232,236
2023-05-29 07:56:00,50.5,50.5,232,236
2023-05-29 07:58:00,50.6,50.6,231,236
2023-05-29 08:00:00,50.6,50.5,232,236
2023-05-29 08:02:00,50.6,50.5,231,236
2023-05-29 08:04:00,50.4,50.3,231,236
2023-05-29 08:06:00,50.6,50.4,231,236
2023-05-29 08:08:00,50.5,50.3,231,236
2023-05-29 08:10:00,50.5,50.5,230,236
2023-05-29 08:12:00,50.5,50.5,231,236
2023-05-29 08:14:00,50.6,50.6,231,236
2023-05-29 08:16:00,50.3,50.3,227,234
2023-05-29 08:18:00,50.4,50.4,228,233
2023-05-29 08:20:00,50.5,50.3,230,235
2023-05-29 08:22:00,50.4,50.3,228,235
2023-05-29 08:24:00,50.4,50.4,228,234
2023-05-29 08:26:00,50.4,50.4,230,235
2023-05-29 08:28:00,50.3,50.3,228,235
2023-05-29 08:30:00,50.3,50.4,229,235
2023-05-29 08:32:00,50.5,50.5,230,235
2023-05-29 08:34:00,50.4,50.3,228,234
2023-05-29 08:36:00,50.4,50.3,227,233
2023-05-29 08:38:00,50.3,50.5,228,233
2023-05-29 08:40:00,50.4,50.4,229,234
2023-05-29 08:42:00,50.4,50.3,228,233
2023-05-29 08:44:00,50.3,50.4,227,233
2023-05-29 08:46:00,50.4,50.5,230,235
2023-05-29 08:48:00,50.4,50.4,229,234
2023-05-29 08:50:00,50.3,50.3,224,233
2023-05-29 08:52:00,50.3,50.5,225,233
2023-05-29 08:54:00,50.4,50.3,225,233
2023-05-29 08:56:00,50.2,50.3,224,233
2023-05-29 08:58:00,50.5,50.5,230,234
2023-05-29 09:00:00,50.4,50.4,228,234
2023-05-29 09:02:00,50.2,50.2,224,233
2023-05-29 09:04:00,50.2,50.3,225,233
2023-05-29 09:06:00,50.3,50.3,224,233
2023-05-29 09:08:00,50.3,50.3,225,233
2023-05-29 09:10:00,50.4,50.4,229,234
2023-05-29 09:12:00,50.4,50.5,228,234
2023-05-29 09:14:00,50.3,50.3,228,234
2023-05-29 09:16:00,51.3,51.4,231,236
2023-05-29 09:18:00,51.1,51.2,228,235
2023-05-29 09:20:00,51.1,51.2,229,236
2023-05-29 09:22:00,51.1,51.2,231,236
2023-05-29 09:24:00,51.3,51.3,228,234
2023-05-29 09:26:00,51.1,51.3,229,234
2023-05-29 09:28:00,51.4,51.3,231,235
2023-05-29 09:30:00,51.2,51.3,229,234
2023-05-29 09:32:00,50.9,51.0,226,233
2023-05-29 09:34:00,51.3,51.3,228,234
2023-05-29 09:36:00,51.2,51.1,228,233
2023-05-29 09:38:00,51.3,51.2,228,233
2023-05-29 09:40:00,50.7,50.8,229,234
2023-05-29 09:42:00,50.7,50.7,228,233
2023-05-29 09:44:00,50.8,50.7,228,233
2023-05-29 09:46:00,50.9,50.8,229,233
2023-05-29 09:48:00,50.7,50.7,228,233
2023-05-29 09:50:00,50.7,50.8,227,233
2023-05-29 09:52:00,50.5,50.6,223,232
2023-05-29 09:54:00,50.2,50.1,222,232
2023-05-29 09:56:00,50.2,50.2,223,232
2023-05-29 09:58:00,50.3,50.3,223,232
2023-05-29 10:00:00,50.3,50.4,226,233
2023-05-29 10:02:00,50.3,50.2,226,232
2023-05-29 10:04:00,50.4,50.4,227,233
2023-05-29 10:06:00,50.3,50.3,226,232
2023-05-29 10:08:00,50.3,50.4,228,233
2023-05-29 10:10:00,50.3,50.3,227,233
2023-05-29 10:12:00,50.2,50.2,226,232
2023-05-29 10:14:00,50.4,50.4,227,233
2023-05-29 10:16:00,50.4,50.4,227,233
2023-05-29 10:18:00,50.1,50.1,226,233
2023-05-29 10:20:00,50.2,50.3,227,233
2023-05-29 10:22:00,50.2,50.3,228,233
2023-05-29 10:24:00,50.3,50.2,226,233
2023-05-29 10:26:00,50.3,50.2,226,231
2023-05-29 10:28:00,50.3,50.3,226,232
2023-05-29 10:30:00,50.3,50.3,226,232
2023-05-29 10:32:00,50.3,50.3,226,232
2023-05-29 10:34:00,50.3,50.3,226,231
2023-05-29 10:36:00,50.3,50.3,226,232
2023-05-29 10:38:00,50.4,50.4,226,231
2023-05-29 10:40:00,50.2,50.3,228,233
2023-05-29 10:42:00,50.2,50.2,226,232
2023-05-29 10:44:00,50.1,50.1,223,232
2023-05-29 10:46:00,50.2,50.2,227,232
2023-05-29 10:48:00,50.3,50.2,226,232
2023-05-29 10:50:00,50.4,50.3,226,232
2023-05-29 10:52:00,50.3,50.4,226,232
2023-05-29 10:54:00,50.3,50.2,226,231
2023-05-29 10:56:00,50.3,50.3,226,232
2023-05-29 10:58:00,50.4,50.3,228,233
2023-05-29 11:00:00,50.4,50.3,226,232
2023-05-29 11:02:00,50.3,50.4,227,233
2023-05-29 11:04:00,50.4,50.4,228,233
2023-05-29 11:06:00,50.4,50.3,227,233
2023-05-29 11:08:00,50.4,50.2,227,233
2023-05-29 11:10:00,50.3,50.2,223,231
2023-05-29 11:12:00,50.3,50.3,224,233
2023-05-29 11:14:00,50.5,50.5,223,233
2023-05-29 11:16:00,50.4,50.4,224,233
2023-05-29 11:18:00,50.4,50.5,224,233
2023-05-29 11:20:00,50.5,50.4,223,233
2023-05-29 11:22:00,50.6,50.4,224,233
2023-05-29 11:24:00,50.9,50.8,228,232
2023-05-29 11:26:00,50.6,50.7,226,233
2023-05-29 11:28:00,50.9,50.8,228,233
2023-05-29 11:30:00,50.7,50.7,228,233
2023-05-29 11:32:00,50.8,50.8,224,232
2023-05-29 11:34:00,51.1,51.0,228,233
2023-05-29 11:36:00,51.1,50.9,224,233
2023-05-29 11:38:00,50.8,50.7,224,233
2023-05-29 11:40:00,51.1,51.0,228,233
2023-05-29 11:42:00,50.9,50.9,228,233
2023-05-29 11:44:00,51.2,51.0,228,234
2023-05-29 11:46:00,51.1,51.0,228,234
2023-05-29 11:48:00,51.1,51.1,228,234
2023-05-29 11:50:00,51.2,51.0,228,233
2023-05-29 11:52:00,50.9,51.2,228,235
2023-05-29 11:54:00,51.1,51.2,229,234
2023-05-29 11:56:00,51.2,51.1,228,234
2023-05-29 11:58:00,50.9,51.0,226,234
2023-05-29 12:00:00,51.0,51.1,229,234
2023-05-29 12:02:00,51.0,51.1,228,234
2023-05-29 12:04:00,51.2,51.1,228,234
2023-05-29 12:06:00,51.2,51.1,230,234
2023-05-29 12:08:00,51.2,51.1,228,234
2023-05-29 12:10:00,51.1,51.1,227,233
2023-05-29 12:12:00,51.1,51.1,228,234
2023-05-29 12:14:00,50.9,51.0,227,233
2023-05-29 12:16:00,51.0,51.2,227,233
2023-05-29 12:18:00,51.2,51.2,229,235
2023-05-29 12:20:00,51.2,51.1,228,234
2023-05-29 12:22:00,50.9,51.1,228,234
2023-05-29 12:24:00,51.0,51.1,229,235
2023-05-29 12:26:00,51.0,51.0,228,234
2023-05-29 12:28:00,50.9,51.0,228,234
2023-05-29 12:30:00,51.0,50.9,229,235
2023-05-29 12:32:00,50.9,50.9,228,234
2023-05-29 12:34:00,50.9,50.9,228,235
2023-05-29 12:36:00,50.9,51.0,231,236
2023-05-29 12:38:00,51.1,51.1,228,234
2023-05-29 12:40:00,51.1,51.0,227,233
2023-05-29 12:42:00,50.9,51.0,228,233
2023-05-29 12:44:00,50.9,51.0,228,234
2023-05-29 12:46:00,50.6,50.7,228,234
2023-05-29 12:48:00,50.6,50.7,228,234
2023-05-29 12:50:00,50.6,50.5,228,233
2023-05-29 12:52:00,50.5,50.5,226,233
2023-05-29 12:54:00,50.7,50.7,227,233
2023-05-29 12:56:00,50.6,50.7,228,233
2023-05-29 12:58:00,50.6,50.5,228,234
2023-05-29 13:00:00,50.6,50.6,228,234
2023-05-29 13:02:00,50.5,50.6,228,233
2023-05-29 13:04:00,50.6,50.5,228,234
2023-05-29 13:06:00,50.5,50.5,228,233
2023-05-29 13:08:00,50.3,50.4,227,233
2023-05-29 13:10:00,50.5,50.6,228,233
2023-05-29 13:12:00,50.6,50.5,229,234
2023-05-29 13:14:00,50.5,50.6,228,233
2023-05-29 13:16:00,50.6,50.6,227,233
2023-05-29 13:18:00,50.5,50.4,229,234
2023-05-29 13:20:00,50.4,50.3,228,234
2023-05-29 13:22:00,50.5,50.4,228,234
2023-05-29 13:24:00,50.4,50.3,227,233
2023-05-29 13:26:00,50.5,50.6,228,233
2023-05-29 13:28:00,50.6,50.5,226,233
2023-05-29 13:30:00,50.6,50.6,226,233
2023-05-29 13:32:00,50.7,50.6,227,233
2023-05-29 13:34:00,50.6,50.6,226,233
2023-05-29 13:36:00,50.6,50.5,227,233
2023-05-29 13:38:00,50.8,50.6,228,233
2023-05-29 13:40:00,50.7,50.6,226,233
2023-05-29 13:42:00,50.7,50.6,226,233
2023-05-29 13:44:00,50.7,50.6,228,235
2023-05-29 13:46:00,50.7,50.6,227,233
2023-05-29 13:48:00,50.7,50.6,227,233
2023-05-29 13:50:00,50.7,50.5,226,233
2023-05-29 13:52:00,50.7,50.6,228,235
2023-05-29 13:54:00,50.7,50.5,228,235
2023-05-29 13:56:00,50.6,50.6,223,233
2023-05-29 13:58:00,50.6,50.6,224,233
2023-05-29 14:00:00,50.9,50.9,226,233
2023-05-29 14:02:00,51.0,51.1,226,233
2023-05-29 14:04:00,51.1,51.2,228,233
2023-05-29 14:06:00,50.8,51.1,226,233
2023-05-29 14:08:00,51.0,50.9,227,233
2023-05-29 14:10:00,51.0,51.0,228,233
2023-05-29 14:12:00,50.9,51.0,226,233
2023-05-29 14:14:00,51.0,50.9,226,233
2023-05-29 14:16:00,51.0,51.1,227,233
2023-05-29 14:18:00,51.0,50.9,227,233
2023-05-29 14:20:00,51.2,51.0,226,233
2023-05-29 14:22:00,51.0,51.0,227,233
2023-05-29 14:24:00,50.9,51.1,228,235
2023-05-29 14:26:00,51.1,51.1,228,234
2023-05-29 14:28:00,51.2,51.3,228,234
2023-05-29 14:30:00,51.1,51.0,228,234
2023-05-29 14:32:00,51.0,51.0,228,234
2023-05-29 14:34:00,51.1,51.0,228,234
2023-05-29 14:36:00,50.9,50.9,230,235
2023-05-29 14:38:00,51.1,51.1,227,234
2023-05-29 14:40:00,50.9,50.9,230,236
2023-05-29 14:42:00,50.9,51.0,231,236
2023-05-29 14:44:00,50.9,50.8,230,236
2023-05-29 14:46:00,51.0,51.1,228,234
2023-05-29 14:48:00,51.0,51.0,230,235
2023-05-29 14:50:00,51.2,51.2,228,234
2023-05-29 14:52:00,51.1,51.2,228,234
2023-05-29 14:54:00,51.3,51.2,229,234
2023-05-29 14:56:00,51.2,51.2,229,235
2023-05-29 14:58:00,50.6,50.4,227,233
2023-05-29 15:00:00,50.6,50.7,228,233
2023-05-29 15:02:00,50.7,50.6,229,235
2023-05-29 15:04:00,50.7,50.6,228,233
2023-05-29 15:06:00,50.8,50.7,228,234
2023-05-29 15:08:00,50.6,50.6,228,234
2023-05-29 15:10:00,50.6,50.7,229,235
2023-05-29 15:12:00,50.8,50.7,228,234
2023-05-29 15:14:00,50.7,50.8,229,234
2023-05-29 15:16:00,50.7,50.7,228,234
2023-05-29 15:18:00,50.6,50.7,225,233
2023-05-29 15:20:00,50.6,50.5,229,235
2023-05-29 15:22:00,50.6,50.6,228,235
2023-05-29 15:24:00,50.5,50.5,228,235
2023-05-29 15:26:00,50.8,50.7,228,234
2023-05-29 15:28:00,50.6,50.7,227,233
2023-05-29 15:30:00,50.6,50.6,228,234
2023-05-29 15:32:00,50.7,50.8,228,233
2023-05-29 15:34:00,50.8,50.8,228,233
2023-05-29 15:36:00,50.8,50.7,228,233
2023-05-29 15:38:00,50.8,50.9,229,234
2023-05-29 15:40:00,50.9,50.8,230,234
2023-05-29 15:42:00,50.6,50.7,228,233
2023-05-29 15:44:00,50.9,50.7,228,233
2023-05-29 15:46:00,50.7,50.8,230,236
2023-05-29 15:48:00,50.6,50.6,228,233
2023-05-29 15:50:00,50.8,50.7,229,234
2023-05-29 15:52:00,50.8,50.8,229,235
2023-05-29 15:54:00,50.8,50.7,228,235
2023-05-29 15:56:00,50.8,50.8,228,234
2023-05-29 15:58:00,50.7,50.8,229,235
2023-05-29 16:00:00,50.6,50.8,228,235
2023-05-29 16:02:00,50.9,50.9,229,235
2023-05-29 16:04:00,50.8,51.0,231,236
2023-05-29 16:06:00,51.0,50.8,228,235
2023-05-29 16:08:00,50.9,50.8,230,236
2023-05-29 16:10:00,50.9,50.8,231,236
2023-05-29 16:12:00,50.8,50.8,231,236
2023-05-29 16:14:00,50.9,50.9,231,236
2023-05-29 16:16:00,50.7,50.7,232,236
2023-05-29 16:18:00,50.7,50.7,231,236
2023-05-29 16:20:00,50.7,50.6,231,236
2023-05-29 16:22:00,50.5,50.6,231,236
2023-05-29 16:24:00,50.7,50.7,231,236
2023-05-29 16:26:00,50.6,50.6,231,236
2023-05-29 16:28:00,50.5,50.7,232,237
2023-05-29 16:30:00,50.7,50.6,232,236
2023-05-29 16:32:00,50.6,50.6,231,236
2023-05-29 16:34:00,50.3,50.5,231,236
2023-05-29 16:36:00,50.7,50.8,232,236
2023-05-29 16:38:00,50.7,50.7,231,236
2023-05-29 16:40:00,50.8,50.8,231,235
2023-05-29 16:42:00,51.0,50.8,231,236
2023-05-29 16:44:00,50.7,50.7,231,236
2023-05-29 16:46:00,50.1,50.2,188,191
2023-05-29 16:48:00,50.0,50.0,190,190
2023-05-29 16:50:00,50.3,50.2,190,190
2023-05-29 16:52:00,50.3,50.2,189,192
2023-05-29 16:54:00,50.1,50.1,184,190
2023-05-29 16:56:00,50.1,50.1,182,182
2023-05-29 16:58:00,50.2,50.2,193,194
2023-05-29 17:00:00,50.3,50.3,187,191
2023-05-29 17:02:00,50.1,50.0,190,190
2023-05-29 17:04:00,50.1,50.0,190,194
2023-05-29 17:06:00,50.3,50.4,187,190
2023-05-29 17:08:00,50.2,50.2,190,192
2023-05-29 17:10:00,50.2,50.2,188,190
2023-05-29 17:12:00,50.2,50.1,192,192
2023-05-29 17:14:00,50.1,50.2,192,193
2023-05-29 17:16:00,50.1,50.1,190,190
2023-05-29 17:18:00,50.1,50.1,190,191
2023-05-29 17:20:00,50.1,50.1,188,193
2023-05-29 17:22:00,50.1,50.1,193,194
2023-05-29 17:24:00,50.1,50.0,190,191
2023-05-29 17:26:00,50.4,50.3,190,192
2023-05-29 17:28:00,50.0,50,191,192
2023-05-29 17:30:00,50.3,50.4,191,193
2023-05-29 17:32:00,50.2,50.2,189,192
2023-05-29 17:34:00,50.3,50.4,194,196
2023-05-29 17:36:00,50.0,50.0,192,194
2023-05-29 17:38:00,50.3,50.4,189,191
2023-05-29 17:40:00,50.2,50.2,190,193
2023-05-29 17:42:00,50.2,50.2,192,194
2023-05-29 17:44:00,50.2,50.1,187,189
2023-05-29 17:46:00,50.1,50.2,192,193
2023-05-29 17:48:00,50.2,50.2,191,193
2023-05-29 17:50:00,50.4,50.4,187,190
2023-05-29 17:52:00,50.1,50.0,189,192
2023-05-29 17:54:00,50.2,50.2,189,192
2023-05-29 17:56:00,50.2,50.3,192,194
2023-05-29 17:58:00,50.0,50.2,191,194
2023-05-29 18:00:00,49.9,49.9,187,189
2023-05-29 18:02:00,50.1,50.1,183,185
2023-05-29 18:04:00,50.0,50.0,187,190
2023-05-29 18:06:00,50,50.0,185,187
2023-05-29 18:08:00,50.0,50.1,185,188
2023-05-29 18:10:00,50.2,50.2,186,191
2023-05-29 18:12:00,50.0,50.1,190,192
2023-05-29 18:14:00,50.2,50.2,185,190
2023-05-29 18:16:00,50.0,50.0,185,188
2023-05-29 18:18:00,50.0,50.0,185,185
2023-05-29 18:20:00,50.1,50.2,185,189
2023-05-29 18:22:00,49.9,49.8,177,181
2023-05-29 18:24:00,49.9,49.9,180,182
2023-05-29 18:26:00,49.8,49.8,182,181
2023-05-29 18:28:00,49.9,49.8,180,182
2023-05-29 18:30:00,50.1,50.1,185,186
2023-05-29 18:32:00,49.9,50.0,185,187
2023-05-29 18:34:00,49.8,49.9,178,181
2023-05-29 18:36:00,50.0,50.0,184,186
2023-05-29 18:38:00,50.0,50.0,182,185
2023-05-29 18:40:00,49.8,49.8,180,184
2023-05-29 18:42:00,50.1,50.2,181,185
2023-05-29 18:44:00,50.0,50.1,181,184
2023-05-29 18:46:00,50.0,49.9,182,186
2023-05-29 18:48:00,50.2,50.1,183,186
2023-05-29 18:50:00,49.8,49.8,188,192
2023-05-29 18:52:00,50.2,50.2,184,188
2023-05-29 18:54:00,50.0,50.0,185,189
2023-05-29 18:56:00,49.9,49.9,188,189
2023-05-29 18:58:00,49.9,50.1,177,182
2023-05-29 19:00:00,49.8,49.9,181,182
2023-05-29 19:02:00,50.1,50.0,187,190
2023-05-29 19:04:00,50.2,50.3,184,187
2023-05-29 19:06:00,50.2,50.2,193,194
2023-05-29 19:08:00,49.9,49.8,192,194
2023-05-29 19:10:00,50.0,50.0,188,190
2023-05-29 19:12:00,50.1,50.1,188,191
2023-05-29 19:14:00,50.0,49.9,190,192
2023-05-29 19:16:00,49.9,49.9,188,190
2023-05-29 19:18:00,50.2,50.2,190,192
2023-05-29 19:20:00,50.0,50.0,189,190
2023-05-29 19:22:00,50.1,50.1,187,189
2023-05-29 19:24:00,50.0,50.0,182,185
2023-05-29 19:26:00,50.0,50.0,186,189
2023-05-29 19:28:00,50.1,50.1,187,189
2023-05-29 19:30:00,50.1,50.0,185,188
2023-05-29 19:32:00,50.0,50,186,188
2023-05-29 19:34:00,50.2,50.2,188,190
2023-05-29 19:36:00,50,50.0,183,184
2023-05-29 19:38:00,49.9,50.0,185,187
2023-05-29 19:40:00,50.2,50.2,187,188
2023-05-29 19:42:00,49.9,49.9,182,184
2023-05-29 19:44:00,50.1,50.1,187,190
2023-05-29 19:46:00,50.0,50.0,185,187
2023-05-29 19:48:00,50.2,50.1,188,192
2023-05-29 19:50:00,50.2,50.1,188,190
2023-05-29 19:52:00,50.1,50.1,189,191
2023-05-29 19:54:00,50.2,50.2,189,191
2023-05-29 19:56:00,49.9,50.0,190,192
2023-05-29 19:58:00,50.2,50.2,192,192
2023-05-29 20:00:00,50.1,50.1,193,196
2023-05-29 20:02:00,50.0,50.0,194,197
2023-05-29 20:04:00,50.2,50.3,197,199
2023-05-29 20:06:00,50.1,50.1,195,197
2023-05-29 20:08:00,50.3,50.3,197,199
2023-05-29 20:10:00,50.1,50.1,192,194
2023-05-29 20:12:00,50.2,50.2,189,187
2023-05-29 20:14:00,50.2,50.2,194,192
2023-05-29 20:16:00,50.1,50.1,193,191
2023-05-29 20:18:00,50.2,50.1,195,197
2023-05-29 20:20:00,50.1,50.2,196,198
2023-05-29 20:22:00,50.4,50.4,194,196
2023-05-29 20:24:00,50.2,50.1,196,198
2023-05-29 20:26:00,50.1,50.1,194,196
2023-05-29 20:28:00,50.1,50.1,193,196
2023-05-29 20:30:00,50.3,50.3,194,196
2023-05-29 20:32:00,50.2,50.2,192,194
2023-05-29 20:34:00,50.3,50.4,195,197
2023-05-29 20:36:00,50.3,50.2,196,198
2023-05-29 20:38:00,50.2,50.1,194,197
2023-05-29 20:40:00,50.1,50.1,194,197
2023-05-29 20:42:00,50.1,50.1,192,194
2023-05-29 20:44:00,50.1,50.1,190,192
2023-05-29 20:46:00,50.1,50.1,192,194
2023-05-29 20:48:00,50.3,50.3,192,194
2023-05-29 20:50:00,50.0,50.0,191,194
2023-05-29 20:52:00,50.4,50.3,189,194
2023-05-29 20:54:00,50,50.0,187,192
2023-05-29 20:56:00,50.3,50.3,187,193
2023-05-29 20:58:00,50.2,50.2,192,197
2023-05-29 21:00:00,50.2,50.3,192,197
2023-05-29 21:02:00,50.2,50.3,195,200
2023-05-29 21:04:00,50.1,50.1,198,200
2023-05-29 21:06:00,50.3,50.4,197,201
2023-05-29 21:08:00,50.3,50.3,199,202
2023-05-29 21:10:00,50.4,50.4,202,204
2023-05-29 21:12:00,50.3,50.3,202,205
2023-05-29 21:14:00,50.3,50.3,204,207
2023-05-29 21:16:00,50.4,50.4,205,207
2023-05-29 21:18:00,50.2,50.3,201,205
2023-05-29 21:20:00,50.3,50.4,202,205
2023-05-29 21:22:00,50.6,50.6,204,207
2023-05-29 21:24:00,50.4,50.4,202,205
2023-05-29 21:26:00,50.1,50.0,203,205
2023-05-29 21:28:00,50.4,50.4,204,206
2023-05-29 21:30:00,50.2,50.2,203,205
2023-05-29 21:32:00,50.4,50.5,202,204
2023-05-29 21:34:00,50.4,50.3,203,205
2023-05-29 21:36:00,50.5,50.5,201,203
2023-05-29 21:38:00,50.4,50.3,206,207
2023-05-29 21:40:00,50.3,50.4,199,202
2023-05-29 21:42:00,50.4,50.5,205,207
2023-05-29 21:44:00,50.4,50.4,202,205
2023-05-29 21:46:00,50.4,50.5,203,205
2023-05-29 21:48:00,50.6,50.5,204,205
2023-05-29 21:50:00,50.4,50.4,204,207
2023-05-29 21:52:00,50.5,50.5,202,205
2023-05-29 21:54:00,50.6,50.6,203,205
2023-05-29 21:56:00,50.4,50.3,202,204
2023-05-29 21:58:00,50.5,50.5,199,204
2023-05-29 22:00:00,50.5,50.5,204,207
2023-05-29 22:02:00,50.5,50.5,204,206
2023-05-29 22:04:00,50.6,50.6,208,209
2023-05-29 22:06:00,50.5,50.5,208,210
2023-05-29 22:08:00,50.5,50.5,207,209
2023-05-29 22:10:00,50.7,50.7,208,210
2023-05-29 22:12:00,50.7,50.6,207,209
2023-05-29 22:14:00,50.6,50.6,205,208
2023-05-29 22:16:00,50.6,50.6,207,209
2023-05-29 22:18:00,50.5,50.4,204,207
2023-05-29 22:20:00,50.6,50.5,205,208
2023-05-29 22:22:00,50.5,50.5,206,208
2023-05-29 22:24:00,50.7,50.6,202,207
2023-05-29 22:26:00,50.5,50.5,207,209
2023-05-29 22:28:00,50.6,50.6,207,209
2023-05-29 22:30:00,50.6,50.6,206,209
2023-05-29 22:32:00,50.7,50.7,209,211
2023-05-29 22:34:00,50.5,50.5,208,211
2023-05-29 22:36:00,50.4,50.5,207,210
2023-05-29 22:38:00,50.7,50.8,209,211
2023-05-29 22:40:00,50.5,50.5,208,211
2023-05-29 22:42:00,50.6,50.6,208,211
2023-05-29 22:44:00,50.8,50.8,210,212
2023-05-29 22:46:00,50.8,50.7,207,210
2023-05-29 22:48:00,50.7,50.7,206,209
2023-05-29 22:50:00,50.8,50.8,211,214
2023-05-29 22:52:00,50.6,50.7,209,212
2023-05-29 22:54:00,50.9,50.8,204,210
2023-05-29 22:56:00,50.8,50.8,210,212
2023-05-29 22:58:00,50.7,50.7,210,214
2023-05-29 23:00:00,50.7,50.7,212,214
2023-05-29 23:02:00,50.5,50.6,212,214
2023-05-29 23:04:00,50.8,50.7,210,213
2023-05-29 23:06:00,50.6,50.6,213,216
2023-05-29 23:08:00,50.6,50.6,212,214
2023-05-29 23:10:00,50.7,50.7,212,215
2023-05-29 23:12:00,50.8,50.8,213,215
2023-05-29 23:14:00,50.6,50.6,211,214
2023-05-29 23:16:00,50.9,50.9,213,216
2023-05-29 23:18:00,50.5,50.5,213,216
2023-05-29 23:20:00,50.7,50.7,214,216
2023-05-29 23:22:00,50.8,50.9,214,216
2023-05-29 23:24:00,50.7,50.7,215,217
2023-05-29 23:26:00,50.7,50.8,214,216
2023-05-29 23:28:00,50.8,50.7,214,217
2023-05-29 23:30:00,50.7,50.6,216,217
2023-05-29 23:32:00,50.8,50.8,214,216
2023-05-29 23:34:00,50.8,50.8,213,216
2023-05-29 23:36:00,50.8,50.8,214,216
2023-05-29 23:38:00,50.9,50.9,212,215
2023-05-29 23:40:00,50.7,50.7,214,216
2023-05-29 23:42:00,50.7,50.7,214,216
2023-05-29 23:44:00,50.8,50.8,212,216
2023-05-29 23:46:00,50.8,50.9,215,217
2023-05-29 23:48:00,50.8,50.8,215,217
2023-05-29 23:50:00,50.8,50.8,213,216
2023-05-29 23:52:00,50.7,50.7,214,216
2023-05-29 23:54:00,50.9,50.9,216,219
2023-05-29 23:56:00,50.8,50.9,216,219
2023-05-29 23:58:00,50.7,50.7,216,219
2023-05-30 00:00:00,50.9,50.9,217,219
2023-05-30 00:02:00,50.8,50.8,216,218
2023-05-30 00:04:00,50.7,50.7,217,219
2023-05-30 00:06:00,50.8,50.8,218,221
2023-05-30 00:08:00,50.7,50.7,215,218
2023-05-30 00:10:00,50.9,50.9,217,219
2023-05-30 00:12:00,50.7,50.8,217,220
2023-05-30 00:14:00,51.0,50.9,217,220
2023-05-30 00:16:00,50.9,50.9,219,221
2023-05-30 00:18:00,50.9,50.8,217,221
2023-05-30 00:20:00,50.7,50.7,217,220
2023-05-30 00:22:00,50.9,50.9,219,221
2023-05-30 00:24:00,50.7,50.7,217,220
2023-05-30 00:26:00,50.7,50.7,217,219
2023-05-30 00:28:00,50.9,50.8,219,221
2023-05-30 00:30:00,51.0,51.0,216,219
2023-05-30 00:32:00,50.8,50.7,218,220
2023-05-30 00:34:00,50.8,50.8,219,221
2023-05-30 00:36:00,50.7,50.8,216,219
2023-05-30 00:38:00,50.9,50.9,218,220
2023-05-30 00:40:00,50.8,50.8,214,216
2023-05-30 00:42:00,50.8,50.8,215,218
2023-05-30 00:44:00,50.7,50.7,219,221
2023-05-30 00:46:00,50.9,50.9,214,217
2023-05-30 00:48:00,50.8,50.8,218,221
2023-05-30 00:50:00,51.0,51.0,216,219
2023-05-30 00:52:00,50.7,50.8,215,218
2023-05-30 00:54:00,50.8,50.8,216,220
2023-05-30 00:56:00,50.3,50.3,218,221
2023-05-30 00:58:00,50.2,50.2,214,217
2023-05-30 01:00:00,50.0,49.9,218,221
2023-05-30 01:02:00,50.4,50.4,221,222
2023-05-30 01:04:00,50.1,50.1,219,221
2023-05-30 01:06:00,50.3,50.3,219,222
2023-05-30 01:08:00,50.2,50.2,221,223
2023-05-30 01:10:00,50.3,50.3,219,221
2023-05-30 01:12:00,50.2,50.2,219,221
2023-05-30 01:14:00,50.3,50.3,216,219
2023-05-30 01:16:00,50.3,50.3,218,221
2023-05-30 01:18:00,50.2,50.2,217,220
2023-05-30 01:20:00,50.3,50.3,219,221
2023-05-30 01:22:00,50.2,50.3,216,219
2023-05-30 01:24:00,50.4,50.4,213,216
2023-05-30 01:26:00,50.3,50.3,219,221
2023-05-30 01:28:00,50.2,50.1,217,220
2023-05-30 01:30:00,50.2,50.3,214,217
2023-05-30 01:32:00,50.2,50.2,216,219
2023-05-30 01:34:00,50.1,50.1,219,221
2023-05-30 01:36:00,50.2,50.2,220,222
2023-05-30 01:38:00,50.2,50.2,220,222
2023-05-30 01:40:00,50.2,50.2,218,221
2023-05-30 01:42:00,50.2,50.1,220,222
2023-05-30 01:44:00,50.4,50.4,218,220
2023-05-30 01:46:00,50.3,50.2,219,223
2023-05-30 01:48:00,50.2,50.2,221,223
2023-05-30 01:50:00,50.2,50.2,216,219
2023-05-30 01:52:00,50.3,50.3,219,222
2023-05-30 01:54:00,50.2,50.3,221,223
2023-05-30 01:56:00,50.2,50.2,220,223
2023-05-30 01:58:00,50.1,50.1,218,221
2023-05-30 02:00:00,50.2,50.2,221,223
2023-05-30 02:02:00,50.2,50.2,220,223
2023-05-30 02:04:00,50.1,50.1,221,223
2023-05-30 02:06:00,50.3,50.2,221,223
2023-05-30 02:08:00,50.4,50.3,219,222
2023-05-30 02:10:00,50.2,50.2,221,223
2023-05-30 02:12:00,50.2,50.2,218,220
2023-05-30 02:14:00,50.3,50.3,215,218
2023-05-30 02:16:00,50.1,50.1,219,221
2023-05-30 02:18:00,50.1,50.1,217,220
2023-05-30 02:20:00,50.3,50.3,218,220
2023-05-30 02:22:00,50.2,50.3,219,221
2023-05-30 02:24:00,50.2,50.2,217,220
2023-05-30 02:26:00,50.1,50.1,217,220
2023-05-30 02:28:00,50.2,50.2,219,221
2023-05-30 02:30:00,50.3,50.2,218,221
2023-05-30 02:32:00,50.5,50.5,219,222
2023-05-30 02:34:00,50.4,50.4,218,220
2023-05-30 02:36:00,50.2,50.1,219,222
2023-05-30 02:38:00,50.3,50.2,221,223
2023-05-30 02:40:00,50.4,50.4,221,223
2023-05-30 02:42:00,50.2,50.2,221,223
2023-05-30 02:44:00,50.3,50.3,221,223
2023-05-30 02:46:00,50.4,50.4,221,223
2023-05-30 02:48:00,50.2,50.3,221,223
2023-05-30 02:50:00,50.2,50.2,222,224
2023-05-30 02:52:00,50.0,50.1,219,222
2023-05-30 02:54:00,50.5,50.4,221,223
2023-05-30 02:56:00,50.3,50.3,222,224
2023-05-30 02:58:00,50.4,50.3,221,223
2023-05-30 03:00:00,50.3,50.3,221,223
2023-05-30 03:02:00,50.3,50.3,223,225
2023-05-30 03:04:00,50.3,50.2,221,224
2023-05-30 03:06:00,50.4,50.3,223,225
2023-05-30 03:08:00,50.1,50.2,221,223
2023-05-30 03:10:00,50.3,50.3,220,223
2023-05-30 03:12:00,50.5,50.5,221,223
2023-05-30 03:14:00,50.2,50.2,219,222
2023-05-30 03:16:00,50.3,50.4,219,222
2023-05-30 03:18:00,50.2,50.2,221,223
2023-05-30 03:20:00,50.3,50.3,219,222
2023-05-30 03:22:00,50.3,50.3,220,223
2023-05-30 03:24:00,50.3,50.3,223,225
2023-05-30 03:26:00,50.2,50.1,219,221
2023-05-30 03:28:00,50.5,50.5,220,223
2023-05-30 03:30:00,50.2,50.2,221,223
2023-05-30 03:32:00,50.5,50.5,220,223
2023-05-30 03:34:00,50.3,50.3,221,223
2023-05-30 03:36:00,50.3,50.3,221,223
2023-05-30 03:38:00,50.3,50.3,221,223
2023-05-30 03:40:00,50.3,50.4,223,225
2023-05-30 03:42:00,50.1,50.1,222,224
2023-05-30 03:44:00,50.2,50.2,221,223
2023-05-30 03:46:00,50.4,50.4,222,224
2023-05-30 03:48:00,50.3,50.2,221,223
2023-05-30 03:50:00,50.2,50.2,221,223
2023-05-30 03:52:00,50.5,50.5,216,221
2023-05-30 03:54:00,50.2,50.2,215,221
2023-05-30 03:56:00,50.3,50.3,221,223
2023-05-30 03:58:00,50.5,50.5,223,224
2023-05-30 04:00:00,50.2,50.2,220,223
2023-05-30 04:02:00,50.3,50.3,220,223
2023-05-30 04:04:00,50.4,50.4,221,223
2023-05-30 04:06:00,50.3,50.3,219,221
2023-05-30 04:08:00,50.3,50.3,221,223
2023-05-30 04:10:00,50.4,50.4,221,223
2023-05-30 04:12:00,50.4,50.4,220,222
2023-05-30 04:14:00,49.9,49.9,221,223
2023-05-30 04:16:00,50.4,50.3,222,224
2023-05-30 04:18:00,50.4,50.3,222,224
2023-05-30 04:20:00,50.3,50.3,223,226
2023-05-30 04:22:00,50.2,50.3,223,225
2023-05-30 04:24:00,50.1,50.1,223,226
2023-05-30 04:26:00,50.3,50.2,224,226
2023-05-30 04:28:00,50.4,50.4,223,226
2023-05-30 04:30:00,50.1,50.1,223,226
2023-05-30 04:32:00,50.2,50.2,224,226
2023-05-30 04:34:00,50.3,50.3,223,226
2023-05-30 04:36:00,50.2,50.2,220,223
2023-05-30 04:38:00,50.1,50.1,217,219
2023-05-30 04:40:00,50.2,50.1,216,219
2023-05-30 04:42:00,50.0,50.0,216,219
2023-05-30 04:44:00,50.1,50.1,217,219
2023-05-30 04:46:00,50.2,50.2,215,218
2023-05-30 04:48:00,50.0,50.1,214,216
2023-05-30 04:50:00,50.1,50.2,216,218
2023-05-30 04:52:00,50.1,50.1,214,216
2023-05-30 04:54:00,50.4,50.3,215,217
2023-05-30 04:56:00,50.1,50.1,215,217
2023-05-30 04:58:00,50.5,50.5,214,216
2023-05-30 05:00:00,50.2,50.2,215,217
2023-05-30 05:02:00,50.1,50.0,216,218
2023-05-30 05:04:00,50.1,50.1,214,217
2023-05-30 05:06:00,50.2,50.2,216,218
2023-05-30 05:08:00,50.0,50.0,216,219
2023-05-30 05:10:00,50.0,50.0,214,217
2023-05-30 05:12:00,50.0,50.0,214,216
2023-05-30 05:14:00,50.1,50.1,214,216
2023-05-30 05:16:00,50.1,50.1,211,214
2023-05-30 05:18:00,50.0,50.0,215,216
2023-05-30 05:20:00,49.9,49.9,211,214
2023-05-30 05:22:00,50.0,50.0,210,213
2023-05-30 05:24:00,50,50.0,212,214
2023-05-30 05:26:00,50.2,50.2,210,213
2023-05-30 05:28:00,49.9,49.8,211,214
2023-05-30 05:30:00,49.8,49.8,211,213
2023-05-30 05:32:00,49.8,49.8,210,213
2023-05-30 05:34:00,49.9,49.9,211,214
2023-05-30 05:36:00,49.9,49.9,213,214
2023-05-30 05:38:00,49.8,49.7,210,213
2023-05-30 05:40:00,49.8,49.9,209,212
2023-05-30 05:42:00,49.9,50.0,211,214
2023-05-30 05:44:00,50.0,50.1,209,211
2023-05-30 05:46:00,49.9,49.9,209,211
2023-05-30 05:48:00,49.8,49.8,230,232
2023-05-30 05:50:00,49.7,49.8,208,210
2023-05-30 05:52:00,49.8,49.9,207,209
2023-05-30 05:54:00,50.0,50.0,209,211
2023-05-30 05:56:00,49.9,49.9,207,210
2023-05-30 05:58:00,49.7,49.7,207,209
2023-05-30 06:00:00,49.8,49.8,208,210
2023-05-30 06:02:00,49.8,49.7,207,209
2023-05-30 06:04:00,49.7,49.7,207,209
2023-05-30 06:06:00,49.9,49.9,209,211
2023-05-30 06:08:00,49.8,49.8,205,208
2023-05-30 06:10:00,49.8,49.8,207,209
2023-05-30 06:12:00,49.7,49.7,207,209
2023-05-30 06:14:00,50.1,50.1,210,213
2023-05-30 06:16:00,49.9,49.9,209,212
2023-05-30 06:18:00,50.1,50.1,210,212
2023-05-30 06:20:00,49.8,49.8,208,210
2023-05-30 06:22:00,50.1,50.0,209,211
2023-05-30 06:24:00,49.8,49.8,204,207
2023-05-30 06:26:00,49.9,49.9,203,205
2023-05-30 06:28:00,50.0,50.0,208,210
2023-05-30 06:30:00,49.8,49.9,207,210
2023-05-30 06:32:00,50.0,50.0,207,209
2023-05-30 06:34:00,50.1,50.2,211,213
2023-05-30 06:36:00,50.1,50.2,205,208
2023-05-30 06:38:00,50.0,50.0,206,209
2023-05-30 06:40:00,49.9,49.9,209,210
2023-05-30 06:42:00,50.0,50.0,207,209
2023-05-30 06:44:00,50.0,50.0,207,209
2023-05-30 06:46:00,49.8,49.8,205,207
2023-05-30 06:48:00,50.0,50.0,201,203
2023-05-30 06:50:00,49.9,49.9,199,202
2023-05-30 06:52:00,50.0,50.0,202,204
2023-05-30 06:54:00,50.0,50.0,200,202
2023-05-30 06:56:00,49.6,49.7,202,205
2023-05-30 06:58:00,49.9,49.9,202,203
2023-05-30 07:00:00,50.0,50.0,202,204
2023-05-30 07:02:00,50.1,50.1,207,209
2023-05-30 07:04:00,50.1,50.0,207,209
2023-05-30 07:06:00,50.0,50.0,204,207
2023-05-30 07:08:00,49.7,49.7,207,208
2023-05-30 07:10:00,50.1,50.1,205,207
2023-05-30 07:12:00,50.2,50.3,207,209
2023-05-30 07:14:00,49.8,49.8,204,207
2023-05-30 07:16:00,49.8,49.9,205,208
2023-05-30 07:18:00,50.0,50.1,208,210
2023-05-30 07:20:00,50.2,50.2,209,210
2023-05-30 07:22:00,49.9,49.9,202,205
2023-05-30 07:24:00,49.9,49.9,197,199
2023-05-30 07:26:00,50.1,50.0,200,202
2023-05-30 07:28:00,49.9,49.9,205,208
2023-05-30 07:30:00,49.8,49.8,204,207
2023-05-30 07:32:00,49.9,50.0,202,204
2023-05-30 07:34:00,50.0,50.0,202,204
2023-05-30 07:36:00,49.9,49.8,202,203
2023-05-30 07:38:00,50.0,50.1,205,207
2023-05-30 07:40:00,50.0,49.9,207,209
2023-05-30 07:42:00,49.9,49.9,202,203
2023-05-30 07:44:00,50.0,50.0,206,208
2023-05-30 07:46:00,50,49.9,197,199
2023-05-30 07:48:00,50.3,50.2,200,202
2023-05-30 07:50:00,50.3,50.3,200,202
2023-05-30 07:52:00,50.2,50.2,197,200
2023-05-30 07:54:00,50.5,50.6,216,205
2023-05-30 07:56:00,50.7,50.8,236,240
2023-05-30 07:58:00,50.7,50.7,234,239
2023-05-30 08:00:00,50.8,50.8,234,238
2023-05-30 08:02:00,50.9,50.9,235,238
2023-05-30 08:04:00,50.9,50.9,231,236
2023-05-30 08:06:00,50.8,50.9,231,236
2023-05-30 08:08:00,50.6,50.6,226,236
2023-05-30 08:10:00,50.9,50.9,231,236
2023-05-30 08:12:00,50.8,50.8,232,237
2023-05-30 08:14:00,50.7,50.7,231,237
2023-05-30 08:16:00,50.7,50.6,230,236
2023-05-30 08:18:00,50.7,50.7,231,236
2023-05-30 08:20:00,50.8,50.7,231,237
2023-05-30 08:22:00,50.7,50.7,231,236
2023-05-30 08:24:00,51.0,51.0,232,237
2023-05-30 08:26:00,50.8,50.8,231,237
2023-05-30 08:28:00,50.9,50.9,231,237
2023-05-30 08:30:00,50.8,50.8,231,236
2023-05-30 08:32:00,50.7,50.7,230,236
2023-05-30 08:34:00,50.8,50.9,231,237
2023-05-30 08:36:00,50.8,50.8,232,237
2023-05-30 08:38:00,51.0,51.1,232,238
2023-05-30 08:40:00,51.0,51.0,231,237
2023-05-30 08:42:00,50.8,50.9,231,236
2023-05-30 08:44:00,50.9,50.9,230,236
2023-05-30 08:46:00,50.7,50.7,232,238
2023-05-30 08:48:00,50.8,50.8,232,237
2023-05-30 08:50:00,50.6,50.6,231,237
2023-05-30 08:52:00,50.6,50.7,231,236
2023-05-30 08:54:00,50.9,50.8,231,236
2023-05-30 08:56:00,50.7,50.7,230,236
2023-05-30 08:58:00,51.0,51.0,231,236
2023-05-30 09:00:00,50.8,50.8,232,237
2023-05-30 09:02:00,50.7,50.6,230,236
2023-05-30 09:04:00,50.6,50.5,229,235
2023-05-30 09:06:00,50.5,50.5,230,236
2023-05-30 09:08:00,50.7,50.5,230,236
2023-05-30 09:10:00,50.7,50.9,231,237
2023-05-30 09:12:00,50.7,50.7,231,237
2023-05-30 09:14:00,50.7,50.8,228,235
2023-05-30 09:16:00,50.7,50.7,228,236
2023-05-30 09:18:00,50.8,50.8,228,234
2023-05-30 09:20:00,50.7,50.7,228,235
2023-05-30 09:22:00,50.9,50.9,228,236
2023-05-30 09:24:00,50.9,50.9,230,236
2023-05-30 09:26:00,50.8,50.7,228,235
2023-05-30 09:28:00,50.6,50.6,228,235
2023-05-30 09:30:00,50.9,50.7,229,236
2023-05-30 09:32:00,50.9,51.0,228,235
2023-05-30 09:34:00,50.9,50.9,228,235
2023-05-30 09:36:00,50.7,50.7,228,235
2023-05-30 09:38:00,50.7,50.8,230,236
2023-05-30 09:40:00,50.8,50.8,228,235
2023-05-30 09:42:00,50.6,50.5,229,234
2023-05-30 09:44:00,50.7,50.7,229,235
2023-05-30 09:46:00,50.8,50.7,225,234
2023-05-30 09:48:00,50.7,50.8,231,236
2023-05-30 09:50:00,50.7,50.7,230,235
2023-05-30 09:52:00,50.7,50.7,228,235
2023-05-30 09:54:00,50.7,50.6,229,235
2023-05-30 09:56:00,50.7,50.8,230,235
2023-05-30 09:58:00,50.7,50.7,228,235
2023-05-30 10:00:00,51.0,51.0,229,235
2023-05-30 10:02:00,50.7,50.7,228,235
2023-05-30 10:04:00,50.7,50.7,228,234
2023-05-30 10:06:00,50.4,50.3,224,233
2023-05-30 10:08:00,50.4,50.4,223,233
2023-05-30 10:10:00,50.3,50.2,223,233
2023-05-30 10:12:00,50.3,50.3,225,233
2023-05-30 10:14:00,50.4,50.4,223,233
2023-05-30 10:16:00,50.2,50.3,223,231
2023-05-30 10:18:00,50.3,50.3,223,232
2023-05-30 10:20:00,50.3,50.3,223,232
2023-05-30 10:22:00,50.3,50.3,228,233
2023-05-30 10:24:00,50.4,50.4,228,233
2023-05-30 10:26:00,50.1,50.2,227,233
2023-05-30 10:28:00,50.3,50.2,229,234
2023-05-30 10:30:00,50.3,50.4,229,234
2023-05-30 10:32:00,50.2,50.2,223,233
2023-05-30 10:34:00,50.1,50.2,223,233
2023-05-30 10:36:00,50.1,50.2,223,232
2023-05-30 10:38:00,50.3,50.3,227,233
2023-05-30 10:40:00,50.1,50.1,228,233
2023-05-30 10:42:00,50.3,50.3,226,233
2023-05-30 10:44:00,50.3,50.3,226,233
2023-05-30 10:46:00,50.3,50.2,228,233
2023-05-30 10:48:00,50.4,50.4,227,233
2023-05-30 10:50:00,50.3,50.4,228,233
2023-05-30 10:52:00,50.3,50.0,228,234
2023-05-30 10:54:00,50.4,50.4,226,233
2023-05-30 10:56:00,50.5,50.5,228,234
2023-05-30 10:58:00,50.6,50.5,228,234
2023-05-30 11:00:00,50.2,50.2,228,234
2023-05-30 11:02:00,50.5,50.4,230,235
2023-05-30 11:04:00,50.3,50.4,229,235
2023-05-30 11:06:00,50.4,50.3,229,235
2023-05-30 11:08:00,50.4,50.3,230,235
2023-05-30 11:10:00,50.4,50.4,228,234
2023-05-30 11:12:00,50.4,50.5,228,234
2023-05-30 11:14:00,50.4,50.4,229,233
2023-05-30 11:16:00,50.3,50.2,227,233
2023-05-30 11:18:00,50.4,50.3,229,234
2023-05-30 11:20:00,50.4,50.4,230,234
2023-05-30 11:22:00,50.3,50.3,227,233
2023-05-30 11:24:00,50.6,50.6,227,233
2023-05-30 11:26:00,50.5,50.6,228,233
2023-05-30 11:28:00,50.6,50.7,228,233
2023-05-30 11:30:00,50.6,50.6,225,232
2023-05-30 11:32:00,50.3,50.3,226,231
2023-05-30 11:34:00,50.2,50.2,226,231
2023-05-30 11:36:00,50.2,50.3,227,232
2023-05-30 11:38:00,50.3,50.3,228,233
2023-05-30 11:40:00,50.4,50.4,226,231
2023-05-30 11:42:00,50.3,50.3,228,233
2023-05-30 11:44:00,50.4,50.5,228,233
2023-05-30 11:46:00,50.5,50.4,227,233
2023-05-30 11:48:00,50.6,50.6,228,233
2023-05-30 11:50:00,50.5,50.4,229,234
2023-05-30 11:52:00,50.4,50.4,228,233
2023-05-30 11:54:00,50.3,50.3,223,231
2023-05-30 11:56:00,50.2,50.2,223,231
2023-05-30 11:58:00,50.2,50.3,223,232
2023-05-30 12:00:00,50.2,50.1,227,233
2023-05-30 12:02:00,50.0,50.1,227,232
2023-05-30 12:04:00,50.5,50.5,228,233
2023-05-30 12:06:00,50.3,50.4,227,233
2023-05-30 12:08:00,50.2,50.2,228,231
2023-05-30 12:10:00,50.2,50.3,227,232
2023-05-30 12:12:00,50.5,50.4,227,233
2023-05-30 12:14:00,50.4,50.5,228,233
2023-05-30 12:16:00,50.6,50.5,228,233
2023-05-30 12:18:00,50.4,50.3,228,234
2023-05-30 12:20:00,50.5,50.5,228,233
2023-05-30 12:22:00,50.4,50.4,228,233
2023-05-30 12:24:00,50.4,50.5,227,233
2023-05-30 12:26:00,50.4,50.5,229,233
2023-05-30 12:28:00,50.4,50.4,228,233
2023-05-30 12:30:00,50.3,50.2,223,232
2023-05-30 12:32:00,50.4,50.4,225,233
2023-05-30 12:34:00,50.4,50.4,224,233
2023-05-30 12:36:00,50.5,50.4,228,233
2023-05-30 12:38:00,50.3,50.4,229,233
2023-05-30 12:40:00,50.3,50.4,227,233
2023-05-30 12:42:00,50.0,50.0,226,232
2023-05-30 12:44:00,50.0,50,228,233
2023-05-30 12:46:00,50.0,50.0,228,233
2023-05-30 12:48:00,50.1,50.0,226,232
2023-05-30 12:50:00,50.2,50.2,228,232
2023-05-30 12:52:00,50.1,50.1,226,232
2023-05-30 12:54:00,50.0,50.0,226,232
2023-05-30 12:56:00,50.1,50.1,228,233
2023-05-30 12:58:00,50.2,50.2,228,233
2023-05-30 13:00:00,50.3,50.2,228,233
2023-05-30 13:02:00,50.2,50.2,225,233
2023-05-30 13:04:00,50.3,50.3,228,233
2023-05-30 13:06:00,50.4,50.4,228,233
2023-05-30 13:08:00,50.3,50.3,228,233
2023-05-30 13:10:00,50.2,50.4,228,234
2023-05-30 13:12:00,50.2,50.3,228,234
2023-05-30 13:14:00,50.4,50.4,228,233
2023-05-30 13:16:00,50.3,50.3,227,233
2023-05-30 13:18:00,50.4,50.4,228,233
2023-05-30 13:20:00,50.5,50.3,228,233
2023-05-30 13:22:00,50.4,50.4,228,233
2023-05-30 13:24:00,50.4,50.4,229,235
2023-05-30 13:26:00,50.3,50.3,228,234
2023-05-30 13:28:00,50.4,50.3,228,233
2023-05-30 13:30:00,50.5,50.5,228,233
2023-05-30 13:32:00,50.6,50.5,228,233
2023-05-30 13:34:00,50.5,50.5,228,233
2023-05-30 13:36:00,50.5,50.5,228,233
2023-05-30 13:38:00,50.6,50.5,229,233
2023-05-30 13:40:00,50.4,50.4,228,233
2023-05-30 13:42:00,50.4,50.5,229,234
2023-05-30 13:44:00,50.5,50.4,228,233
2023-05-30 13:46:00,50.4,50.4,228,233
2023-05-30 13:48:00,50.2,50.2,226,233
2023-05-30 13:50:00,50.3,50.4,227,233
2023-05-30 13:52:00,50.3,50.4,228,233
2023-05-30 13:54:00,50.4,50.3,228,233
2023-05-30 13:56:00,50.4,50.3,227,233
2023-05-30 13:58:00,50.5,50.4,227,233
2023-05-30 14:00:00,50.5,50.5,228,233
2023-05-30 14:02:00,50.2,50.4,226,233
2023-05-30 14:04:00,50.5,50.5,226,233
2023-05-30 14:06:00,50.6,50.6,227,233
2023-05-30 14:08:00,50.3,50.3,226,233
2023-05-30 14:10:00,50.2,50.2,226,233
2023-05-30 14:12:00,50.3,50.3,227,232
2023-05-30 14:14:00,50.3,50.3,226,232
2023-05-30 14:16:00,50.4,50.4,226,232
2023-05-30 14:18:00,50.4,50.4,228,232
2023-05-30 14:20:00,50.2,50.2,226,232
2023-05-30 14:22:00,50.2,50.3,227,233
2023-05-30 14:24:00,50.5,50.5,229,234
2023-05-30 14:26:00,50.3,50.4,228,234
2023-05-30 14:28:00,50.3,50.1,227,233
2023-05-30 14:30:00,50.3,50.4,228,233
2023-05-30 14:32:00,50.5,50.5,227,233
2023-05-30 14:34:00,50.4,50.5,227,233
2023-05-30 14:36:00,50.4,50.4,227,233
2023-05-30 14:38:00,50.5,50.5,227,233
2023-05-30 14:40:00,50.5,50.5,228,233
2023-05-30 14:42:00,50.6,50.7,230,234
2023-05-30 14:44:00,50.6,50.4,227,233
2023-05-30 14:46:00,50.6,50.5,227,233
2023-05-30 14:48:00,50.4,50.3,228,233
2023-05-30 14:50:00,50.4,50.4,226,233
2023-05-30 14:52:00,50.6,50.7,226,233
2023-05-30 14:54:00,50.8,50.6,227,233
2023-05-30 14:56:00,50.4,50.6,227,233
2023-05-30 14:58:00,50.5,50.6,226,233
2023-05-30 15:00:00,50.5,50.6,228,233
2023-05-30 15:02:00,50.4,50.5,227,233
2023-05-30 15:04:00,50.4,50.5,226,232
2023-05-30 15:06:00,50.5,50.5,227,233
2023-05-30 15:08:00,50.5,50.5,225,233
2023-05-30 15:10:00,50.4,50.4,226,233
2023-05-30 15:12:00,50.4,50.4,226,233
2023-05-30 15:14:00,50.3,50.4,226,233
2023-05-30 15:16:00,50.4,50.4,227,234
2023-05-30 15:18:00,50.7,50.5,228,234
2023-05-30 15:20:00,50.6,50.6,227,234
2023-05-30 15:22:00,50.6,50.6,227,234
2023-05-30 15:24:00,50.7,50.6,227,234
2023-05-30 15:26:00,50.9,50.9,228,234
2023-05-30 15:28:00,50.7,50.7,228,235
2023-05-30 15:30:00,50.8,50.9,229,235
2023-05-30 15:32:00,50.7,50.7,228,234
2023-05-30 15:34:00,50.3,50.3,224,233
2023-05-30 15:36:00,50.7,50.5,228,234
2023-05-30 15:38:00,50.5,50.5,227,233
2023-05-30 15:40:00,50.4,50.4,228,235
2023-05-30 15:42:00,50.5,50.5,229,235
2023-05-30 15:44:00,50.7,50.6,227,234
2023-05-30 15:46:00,50.7,50.7,227,233
2023-05-30 15:48:00,50.8,50.8,227,233
2023-05-30 15:50:00,50.6,50.6,227,233
2023-05-30 15:52:00,50.8,50.7,228,234
2023-05-30 15:54:00,50.7,50.7,228,234
2023-05-30 15:56:00,50.5,50.5,227,233
2023-05-30 15:58:00,50.7,50.6,228,234
2023-05-30 16:00:00,50.5,50.5,228,234
2023-05-30 16:02:00,50.5,50.5,228,234
2023-05-30 16:04:00,50.5,50.5,229,235
2023-05-30 16:06:00,50.4,50.4,228,234
2023-05-30 16:08:00,50.6,50.5,228,234
2023-05-30 16:10:00,50.5,50.5,230,236
2023-05-30 16:12:00,50.6,50.5,229,235
2023-05-30 16:14:00,50.5,50.5,227,234
2023-05-30 16:16:00,50.5,50.5,228,234
2023-05-30 16:18:00,50.5,50.5,228,234
2023-05-30 16:20:00,50.6,50.7,227,234
2023-05-30 16:22:00,50.7,50.7,229,235
2023-05-30 16:24:00,50.7,50.6,228,234
2023-05-30 16:26:00,50.7,50.7,228,234
2023-05-30 16:28:00,50.6,50.7,230,235
2023-05-30 16:30:00,50.7,50.8,229,235
2023-05-30 16:32:00,50.7,50.7,229,235
2023-05-30 16:34:00,50.6,50.7,231,235
2023-05-30 16:36:00,50.4,50.3,229,234
2023-05-30 16:38:00,50.3,50.3,229,234
2023-05-30 16:40:00,50.3,50.3,229,234
2023-05-30 16:42:00,50.4,50.5,227,233
2023-05-30 16:44:00,50.4,50.3,228,233
2023-05-30 16:46:00,50.4,50.4,229,234
2023-05-30 16:48:00,50.7,50.6,228,233
2023-05-30 16:50:00,50.6,50.7,228,233
2023-05-30 16:52:00,50.6,50.6,230,234
2023-05-30 16:54:00,50.4,50.5,228,233
2023-05-30 16:56:00,50.4,50.5,225,233
2023-05-30 16:58:00,50.6,50.5,230,234
2023-05-30 17:00:00,50.5,50.5,230,234
2023-05-30 17:02:00,50.7,50.7,231,236
2023-05-30 17:04:00,50.7,50.6,232,236
2023-05-30 17:06:00,50.8,50.9,231,236
2023-05-30 17:08:00,50.7,50.6,231,236
2023-05-30 17:10:00,50.7,50.8,232,236
2023-05-30 17:12:00,50.7,50.7,231,236
2023-05-30 17:14:00,50.5,50.6,226,234
2023-05-30 17:16:00,50.5,50.6,228,235
2023-05-30 17:18:00,50.6,50.5,226,234
2023-05-30 17:20:00,50.7,50.7,228,235
2023-05-30 17:22:00,50.7,50.8,231,236
2023-05-30 17:24:00,50.7,50.7,227,235
2023-05-30 17:26:00,50.6,50.6,228,235
2023-05-30 17:28:00,50.9,50.9,231,236
2023-05-30 17:30:00,51.0,50.9,231,236
2023-05-30 17:32:00,50.3,50.4,231,235
2023-05-30 17:34:00,50.4,50.4,232,236
2023-05-30 17:36:00,50.3,50.3,231,235
2023-05-30 17:38:00,50.5,50.4,232,236
2023-05-30 17:40:00,50.5,50.6,232,236
2023-05-30 17:42:00,50.4,50.4,231,236
2023-05-30 17:44:00,50.4,50.4,232,236
2023-05-30 17:46:00,50.8,50.8,233,237
2023-05-30 17:48:00,50.6,50.8,233,237
2023-05-30 17:50:00,50.6,50.7,233,237
2023-05-30 17:52:00,50.5,50.5,235,239
2023-05-30 17:54:00,50.5,50.5,233,239
2023-05-30 17:56:00,50.6,50.5,234,239
2023-05-30 17:58:00,50.7,50.5,235,239
2023-05-30 18:00:00,50.8,50.6,233,237
2023-05-30 18:02:00,50.8,51.0,233,238
2023-05-30 18:04:00,50.9,50.9,234,238
2023-05-30 18:06:00,50.9,50.9,232,236
2023-05-30 18:08:00,50.9,50.9,233,237
2023-05-30 18:10:00,50.9,50.9,233,237
2023-05-30 18:12:00,50.7,50.8,232,237
2023-05-30 18:14:00,50.8,50.7,235,238
2023-05-30 18:16:00,50.8,50.8,235,238
2023-05-30 18:18:00,49.9,49.9,194,197
2023-05-30 18:20:00,49.9,49.9,197,198
2023-05-30 18:22:00,50.0,50.0,195,197
2023-05-30 18:24:00,49.8,49.8,187,191
2023-05-30 18:26:00,49.8,49.9,192,193
2023-05-30 18:28:00,49.8,49.8,197,199
2023-05-30 18:30:00,50.0,50.0,192,194
2023-05-30 18:32:00,49.8,50.0,197,199
2023-05-30 18:34:00,49.8,49.8,195,197
2023-05-30 18:36:00,49.8,49.8,190,192
2023-05-30 18:38:00,50.1,50.0,195,197
2023-05-30 18:40:00,49.8,49.8,194,196
2023-05-30 18:42:00,49.9,49.9,190,193
2023-05-30 18:44:00,49.8,49.8,189,191
2023-05-30 18:46:00,49.9,49.9,191,193
2023-05-30 18:48:00,49.8,49.8,193,196
2023-05-30 18:50:00,50.1,50.1,190,192
2023-05-30 18:52:00,49.9,49.9,192,194
2023-05-30 18:54:00,50.1,50.1,191,193
2023-05-30 18:56:00,49.7,49.8,192,194
2023-05-30 18:58:00,49.8,49.7,190,192
2023-05-30 19:00:00,50.0,50.0,192,194
2023-05-30 19:02:00,49.9,49.9,187,189
2023-05-30 19:04:00,50.0,50.0,188,190
2023-05-30 19:06:00,49.9,49.9,188,190
2023-05-30 19:08:00,49.8,49.8,187,190
2023-05-30 19:10:00,49.9,49.8,191,193
2023-05-30 19:12:00,49.8,49.9,189,192
2023-05-30 19:14:00,49.8,49.8,190,192
2023-05-30 19:16:00,50.1,50.1,188,190
2023-05-30 19:18:00,50.1,50.1,185,188
2023-05-30 19:20:00,50.2,50.1,180,182
2023-05-30 19:22:00,50.0,50.0,191,193
2023-05-30 19:24:00,49.8,49.9,191,193
2023-05-30 19:26:00,50,50.0,193,196
2023-05-30 19:28:00,50.0,50.0,192,193
2023-05-30 19:30:00,49.8,49.8,192,194
2023-05-30 19:32:00,50.0,50.0,192,194
2023-05-30 19:34:00,50.1,50.1,195,198
2023-05-30 19:36:00,50.0,50.0,192,194
2023-05-30 19:38:00,50.2,50.2,194,196
2023-05-30 19:40:00,49.8,49.8,191,193
2023-05-30 19:42:00,49.9,49.9,190,192
2023-05-30 19:44:00,50.0,50.0,190,192
2023-05-30 19:46:00,49.9,49.9,190,192
2023-05-30 19:48:00,50.0,50.0,190,192
2023-05-30 19:50:00,50.1,50.1,192,194
2023-05-30 19:52:00,50.0,49.9,192,194
2023-05-30 19:54:00,50.0,50.0,192,194
2023-05-30 19:56:00,50.0,50.0,194,196
2023-05-30 19:58:00,49.8,49.8,194,195
2023-05-30 20:00:00,50.0,50.0,194,195
2023-05-30 20:02:00,49.9,49.9,190,192
2023-05-30 20:04:00,50.1,50.1,194,196
2023-05-30 20:06:00,50.0,50.0,198,201
2023-05-30 20:08:00,50.1,50.1,194,196
2023-05-30 20:10:00,50.1,50.1,194,196
2023-05-30 20:12:00,50.1,50.2,191,194
2023-05-30 20:14:00,50.1,50.0,192,194
2023-05-30 20:16:00,50.0,50.0,194,196
2023-05-30 20:18:00,49.9,49.9,191,194
2023-05-30 20:20:00,50.1,50.1,192,194
2023-05-30 20:22:00,50.0,50.0,192,194
2023-05-30 20:24:00,49.7,49.7,190,192
2023-05-30 20:26:00,50.2,50.3,201,203
2023-05-30 20:28:00,50.0,50.1,199,202
2023-05-30 20:30:00,49.9,50.0,198,201
2023-05-30 20:32:00,50.1,50.2,199,201
2023-05-30 20:34:00,50.1,50.1,194,197
2023-05-30 20:36:00,50.1,50.1,199,202
2023-05-30 20:38:00,50.1,50.2,204,207
2023-05-30 20:40:00,50.3,50.3,197,200
2023-05-30 20:42:00,50.1,50.1,198,200
2023-05-30 20:44:00,50.0,50.1,199,202
2023-05-30 20:46:00,50.1,50.1,195,198
2023-05-30 20:48:00,50.2,50.2,195,197
2023-05-30 20:50:00,50.1,50.1,197,200
2023-05-30 20:52:00,50.2,50.2,198,201
2023-05-30 20:54:00,50.3,50.3,200,202
2023-05-30 20:56:00,50.3,50.2,199,202
2023-05-30 20:58:00,50.3,50.3,199,202
2023-05-30 21:00:00,50.3,50.3,199,202
2023-05-30 21:02:00,50.2,50.2,197,200
2023-05-30 21:04:00,50.2,50.2,198,201
2023-05-30 21:06:00,50.1,50.2,193,196
2023-05-30 21:08:00,50.2,50.1,193,196
2023-05-30 21:10:00,50.0,50.1,198,200
2023-05-30 21:12:00,50.2,50.1,204,207
2023-05-30 21:14:00,50.2,50.2,195,198
2023-05-30 21:16:00,50.3,50.3,199,202
2023-05-30 21:18:00,50.3,50.2,199,202
2023-05-30 21:20:00,50.2,50.2,202,206
2023-05-30 21:22:00,50.2,50.3,202,205
2023-05-30 21:24:00,50.2,50.2,204,206
2023-05-30 21:26:00,50.3,50.3,202,205
2023-05-30 21:28:00,50.3,50.3,203,205
2023-05-30 21:30:00,50.2,50.2,202,204
2023-05-30 21:32:00,50.1,50.0,195,201
2023-05-30 21:34:00,50.4,50.4,192,198
2023-05-30 21:36:00,50.3,50.4,204,206
2023-05-30 21:38:00,50.3,50.3,203,206
2023-05-30 21:40:00,50.3,50.2,206,207
2023-05-30 21:42:00,50.1,50.2,204,207
2023-05-30 21:44:00,50.2,50.2,206,209
2023-05-30 21:46:00,50.5,50.6,207,209
2023-05-30 21:48:00,50.3,50.4,206,209
2023-05-30 21:50:00,50.3,50.4,206,209
2023-05-30 21:52:00,50.2,50.0,208,210
2023-05-30 21:54:00,50.2,50.2,206,209
2023-05-30 21:56:00,50.5,50.5,204,207
2023-05-30 21:58:00,50.3,50.3,209,211
2023-05-30 22:00:00,50.6,50.5,204,207
2023-05-30 22:02:00,50.4,50.3,206,209
2023-05-30 22:04:00,50.5,50.5,206,209
2023-05-30 22:06:00,50.3,50.3,209,211
2023-05-30 22:08:00,50.6,50.6,206,209
2023-05-30 22:10:00,50.5,50.5,210,212
2023-05-30 22:12:00,50.4,50.4,206,208
2023-05-30 22:14:00,50.5,50.5,209,211
2023-05-30 22:16:00,50.4,50.4,210,213
2023-05-30 22:18:00,50.6,50.6,209,211
2023-05-30 22:20:00,50.4,50.3,211,214
2023-05-30 22:22:00,50.5,50.5,212,215
2023-05-30 22:24:00,50.3,50.3,209,211
2023-05-30 22:26:00,50.5,50.6,214,216
2023-05-30 22:28:00,50.5,50.5,210,211
2023-05-30 22:30:00,50.5,50.6,211,215
2023-05-30 22:32:00,50.5,50.5,209,211
2023-05-30 22:34:00,50.5,50.6,214,216
2023-05-30 22:36:00,50.5,50.6,214,216
2023-05-30 22:38:00,50.5,50.5,212,215
2023-05-30 22:40:00,50.6,50.5,214,216
2023-05-30 22:42:00,50.5,50.5,214,216
2023-05-30 22:44:00,50.6,50.6,213,216
2023-05-30 22:46:00,50.5,50.6,214,216
2023-05-30 22:48:00,50.7,50.7,214,216
2023-05-30 22:50:00,50.5,50.5,212,216
2023-05-30 22:52:00,50.7,50.7,214,217
2023-05-30 22:54:00,50.6,50.6,214,216
2023-05-30 22:56:00,50.6,50.6,212,216
2023-05-30 22:58:00,50.7,50.6,215,218
2023-05-30 23:00:00,50.5,50.5,214,216
2023-05-30 23:02:00,50.6,50.6,212,216
2023-05-30 23:04:00,50.5,50.6,214,217
2023-05-30 23:06:00,50.7,50.8,216,219
2023-05-30 23:08:00,50.4,50.3,213,216
2023-05-30 23:10:00,50.6,50.6,214,217
2023-05-30 23:12:00,50.5,50.5,214,216
2023-05-30 23:14:00,50.6,50.6,214,218
2023-05-30 23:16:00,50.6,50.7,212,215
2023-05-30 23:18:00,50.1,50.1,214,217
2023-05-30 23:20:00,50.5,50.5,211,214
2023-05-30 23:22:00,50.4,50.5,215,218
2023-05-30 23:24:00,50.4,50.4,214,218
2023-05-30 23:26:00,50.4,50.3,212,215
2023-05-30 23:28:00,50.3,50.3,216,219
2023-05-30 23:30:00,50.4,50.4,214,216
2023-05-30 23:32:00,50.3,50.3,211,215
2023-05-30 23:34:00,50.3,50.3,216,219
2023-05-30 23:36:00,50.2,50.2,214,216
2023-05-30 23:38:00,50.3,50.3,214,218
2023-05-30 23:40:00,50.6,50.5,219,221
2023-05-30 23:42:00,50.5,50.5,219,221
2023-05-30 23:44:00,50.3,50.3,217,220
2023-05-30 23:46:00,50.5,50.5,219,221
2023-05-30 23:48:00,50.2,50.2,215,217
2023-05-30 23:50:00,50.4,50.4,216,219
2023-05-30 23:52:00,50.4,50.4,217,220
2023-05-30 23:54:00,50.4,50.5,214,216
2023-05-30 23:56:00,50.4,50.4,216,219
2023-05-30 23:58:00,50.3,50.3,218,220
2023-05-31 00:00:00,50.1,50.2,216,219
2023-05-31 00:02:00,50.5,50.5,218,221
2023-05-31 00:04:00,50.2,50.3,216,218
2023-05-31 00:06:00,50.5,50.4,216,219
2023-05-31 00:08:00,50.5,50.4,217,220
2023-05-31 00:10:00,50.3,50.3,219,221
2023-05-31 00:12:00,50.4,50.4,218,221
2023-05-31 00:14:00,50.6,50.5,219,221
2023-05-31 00:16:00,50.2,50.2,218,221
2023-05-31 00:18:00,50.5,50.5,214,217
2023-05-31 00:20:00,50.4,50.4,217,221
2023-05-31 00:22:00,50.3,50.4,219,221
2023-05-31 00:24:00,50.5,50.5,218,221
2023-05-31 00:26:00,50.3,50.3,219,221
2023-05-31 00:28:00,50.5,50.5,220,222
2023-05-31 00:30:00,50.3,50.2,216,219
2023-05-31 00:32:00,50.7,50.6,219,221
2023-05-31 00:34:00,50.4,50.4,221,223
2023-05-31 00:36:00,50.5,50.5,218,221
2023-05-31 00:38:00,50.3,50.3,216,219
2023-05-31 00:40:00,50.5,50.5,221,223
2023-05-31 00:42:00,50.3,50.3,219,222
2023-05-31 00:44:00,50.4,50.5,219,221
2023-05-31 00:46:00,50.5,50.4,219,222
2023-05-31 00:48:00,50.3,50.3,219,222
2023-05-31 00:50:00,50.4,50.3,219,221
2023-05-31 00:52:00,50.6,50.6,220,223
2023-05-31 00:54:00,50.4,50.4,219,221
2023-05-31 00:56:00,50.4,50.4,219,222
2023-05-31 00:58:00,50.5,50.5,221,223
2023-05-31 01:00:00,50.5,50.5,219,222
2023-05-31 01:02:00,50.4,50.3,219,222
2023-05-31 01:04:00,50.5,50.5,221,223
2023-05-31 01:06:00,50.5,50.5,221,224
2023-05-31 01:08:00,50.5,50.5,223,225
2023-05-31 01:10:00,50.4,50.4,223,225
2023-05-31 01:12:00,50.5,50.5,222,224
2023-05-31 01:14:00,50.3,50.2,222,224
2023-05-31 01:16:00,50.5,50.5,223,225
2023-05-31 01:18:00,50.5,50.4,222,224
2023-05-31 01:20:00,50.4,50.3,221,224
2023-05-31 01:22:00,50.6,50.5,223,225
2023-05-31 01:24:00,50.4,50.3,221,223
2023-05-31 01:26:00,50.5,50.5,221,224
2023-05-31 01:28:00,50.4,50.3,222,224
2023-05-31 01:30:00,50.4,50.4,222,225
2023-05-31 01:32:00,50.4,50.5,221,224
2023-05-31 01:34:00,50.4,50.4,223,225
2023-05-31 01:36:00,50.5,50.5,221,223
2023-05-31 01:38:00,50.3,50.2,220,223
2023-05-31 01:40:00,50.6,50.5,223,224
2023-05-31 01:42:00,50.4,50.3,221,223
2023-05-31 01:44:00,50.4,50.4,221,224
2023-05-31 01:46:00,50.5,50.5,223,224
2023-05-31 01:48:00,50.5,50.5,221,224
2023-05-31 01:50:00,50.4,50.4,223,225
2023-05-31 01:52:00,50.4,50.5,223,225
2023-05-31 01:54:00,50.4,50.4,221,224
2023-05-31 01:56:00,50.4,50.4,223,225
2023-05-31 01:58:00,50.4,50.5,223,225
2023-05-31 02:00:00,50.5,50.5,222,224
2023-05-31 02:02:00,50.5,50.5,222,225
2023-05-31 02:04:00,50.5,50.5,224,226
2023-05-31 02:06:00,50.6,50.6,223,226
2023-05-31 02:08:00,50.3,50.3,221,225
2023-05-31 02:10:00,50.3,50.3,223,226
2023-05-31 02:12:00,50.4,50.4,222,225
2023-05-31 02:14:00,50.5,50.5,222,225
2023-05-31 02:16:00,50.4,50.4,223,226
2023-05-31 02:18:00,50.3,50.4,222,224
2023-05-31 02:20:00,50.5,50.5,223,226
2023-05-31 02:22:00,50.4,50.4,223,226
2023-05-31 02:24:00,50.6,50.6,223,226
2023-05-31 02:26:00,50.6,50.5,223,226
2023-05-31 02:28:00,50.6,50.5,224,226
2023-05-31 02:30:00,50.4,50.4,223,225
2023-05-31 02:32:00,50.6,50.5,221,224
2023-05-31 02:34:00,50.5,50.5,224,226
2023-05-31 02:36:00,50.5,50.5,221,224
2023-05-31 02:38:00,50.5,50.5,222,225
2023-05-31 02:40:00,50.5,50.6,223,225
2023-05-31 02:42:00,50.4,50.4,221,224
2023-05-31 02:44:00,50.4,50.3,221,224
2023-05-31 02:46:00,50.4,50.4,223,225
2023-05-31 02:48:00,50.6,50.5,221,224
2023-05-31 02:50:00,50.5,50.5,220,223
2023-05-31 02:52:00,50.5,50.5,222,224
2023-05-31 02:54:00,50.4,50.4,220,223
2023-05-31 02:56:00,50.5,50.5,221,223
2023-05-31 02:58:00,50.3,50.3,223,224
2023-05-31 03:00:00,50.5,50.5,222,225
2023-05-31 03:02:00,50.4,50.4,222,225
2023-05-31 03:04:00,50.4,50.4,223,225
2023-05-31 03:06:00,50.5,50.6,222,225
2023-05-31 03:08:00,50.5,50.4,223,226
2023-05-31 03:10:00,50.5,50.4,224,226
2023-05-31 03:12:00,50.5,50.5,223,226
2023-05-31 03:14:00,50.5,50.4,223,226
2023-05-31 03:16:00,50.4,50.4,222,224
2023-05-31 03:18:00,50.3,50.4,221,224
2023-05-31 03:20:00,50.5,50.6,222,225
2023-05-31 03:22:00,50.4,50.4,223,225
2023-05-31 03:24:00,50.4,50.4,222,225
2023-05-31 03:26:00,50.5,50.4,221,224
2023-05-31 03:28:00,50.5,50.6,224,226
2023-05-31 03:30:00,50.4,50.3,221,224
2023-05-31 03:32:00,50.4,50.4,221,224
2023-05-31 03:34:00,50.5,50.5,223,226
2023-05-31 03:36:00,50.4,50.4,221,224
2023-05-31 03:38:00,50.4,50.4,221,224
2023-05-31 03:40:00,50.6,50.6,223,225
2023-05-31 03:42:00,50.5,50.5,221,224
2023-05-31 03:44:00,50.7,50.7,221,224
2023-05-31 03:46:00,50.4,50.4,223,225
2023-05-31 03:48:00,50.4,50.4,219,221
2023-05-31 03:50:00,50.5,50.4,221,225
2023-05-31 03:52:00,50.4,50.3,223,226
2023-05-31 03:54:00,50.4,50.4,221,224
2023-05-31 03:56:00,50.4,50.5,222,225
2023-05-31 03:58:00,50.4,50.4,223,226
2023-05-31 04:00:00,50.4,50.4,220,222
2023-05-31 04:02:00,50.7,50.6,223,226
2023-05-31 04:04:00,50.5,50.5,224,226
2023-05-31 04:06:00,50.4,50.4,224,226
2023-05-31 04:08:00,50.5,50.5,215,218
2023-05-31 04:10:00,50.5,50.4,215,218
2023-05-31 04:12:00,50.4,50.4,220,222
2023-05-31 04:14:00,50.7,50.7,216,218
2023-05-31 04:16:00,50.5,50.5,219,221
2023-05-31 04:18:00,50.5,50.6,219,221
2023-05-31 04:20:00,50.7,50.8,214,217
2023-05-31 04:22:00,50.5,50.4,218,220
2023-05-31 04:24:00,50.5,50.5,216,219
2023-05-31 04:26:00,50.5,50.4,216,219
2023-05-31 04:28:00,50.4,50.4,214,216
2023-05-31 04:30:00,50.4,50.4,217,219
2023-05-31 04:32:00,50.3,50.3,216,219
2023-05-31 04:34:00,50.5,50.5,215,218
2023-05-31 04:36:00,50.5,50.5,216,218
2023-05-31 04:38:00,50.4,50.4,216,219
2023-05-31 04:40:00,50.5,50.5,217,219
2023-05-31 04:42:00,50.5,50.5,217,219
2023-05-31 04:44:00,50.3,50.3,218,221
2023-05-31 04:46:00,50.5,50.5,220,221
2023-05-31 04:48:00,50.4,50.4,219,221
2023-05-31 04:50:00,50.4,50.4,219,221
2023-05-31 04:52:00,50.3,50.4,219,221
2023-05-31 04:54:00,50.3,50.4,221,222
2023-05-31 04:56:00,50.4,50.4,216,219
2023-05-31 04:58:00,50.4,50.5,220,223
2023-05-31 05:00:00,50.3,50.3,219,221
2023-05-31 05:02:00,50.4,50.3,216,219
2023-05-31 05:04:00,50.4,50.4,217,220
2023-05-31 05:06:00,50.6,50.5,216,219
2023-05-31 05:08:00,50.4,50.4,214,216
2023-05-31 05:10:00,50.3,50.3,217,219
2023-05-31 05:12:00,50.3,50.3,215,216
2023-05-31 05:14:00,50.2,50.2,214,216
2023-05-31 05:16:00,50.3,50.3,214,216
2023-05-31 05:18:00,50.3,50.3,214,216
2023-05-31 05:20:00,50.3,50.3,214,216
2023-05-31 05:22:00,50.3,50.3,212,214
2023-05-31 05:24:00,50.3,50.3,212,214
2023-05-31 05:26:00,50.4,50.3,214,216
2023-05-31 05:28:00,50.3,50.2,216,218
2023-05-31 05:30:00,50.2,50.1,219,221
2023-05-31 05:32:00,50.2,50.2,211,214
2023-05-31 05:34:00,50.1,50.1,216,219
2023-05-31 05:36:00,50.4,50.4,216,218
2023-05-31 05:38:00,50.1,50.1,214,217
2023-05-31 05:40:00,50.0,50.1,216,219
2023-05-31 05:42:00,50,50.0,215,217
2023-05-31 05:44:00,50.2,50.2,217,220
2023-05-31 05:46:00,50.1,50.1,216,219
2023-05-31 05:48:00,50.0,50.0,218,220
2023-05-31 05:50:00,50.0,50.0,212,215
2023-05-31 05:52:00,50.0,50.0,210,213
2023-05-31 05:54:00,50.1,50.1,214,216
2023-05-31 05:56:00,50.3,50.3,214,216
2023-05-31 05:58:00,50.0,50.0,211,214
2023-05-31 06:00:00,50.2,50.2,213,216
2023-05-31 06:02:00,49.8,49.9,210,213
2023-05-31 06:04:00,50.0,49.9,209,211
2023-05-31 06:06:00,49.9,50.0,212,214
2023-05-31 06:08:00,49.9,49.9,208,211
2023-05-31 06:10:00,50.2,50.2,211,214
2023-05-31 06:12:00,49.9,49.9,209,211
2023-05-31 06:14:00,49.9,49.8,211,215
2023-05-31 06:16:00,49.9,49.9,211,214
2023-05-31 06:18:00,50.0,50.0,211,213
2023-05-31 06:20:00,50.0,50.0,209,212
2023-05-31 06:22:00,50.1,50.1,210,213
2023-05-31 06:24:00,49.9,49.9,199,207
2023-05-31 06:26:00,49.9,50.0,196,204
2023-05-31 06:28:00,49.9,49.9,195,199
2023-05-31 06:30:00,50.2,50.2,200,204
2023-05-31 06:32:00,49.9,49.8,210,211
2023-05-31 06:34:00,50.1,50.0,197,206
2023-05-31 06:36:00,49.9,50.0,197,206
2023-05-31 06:38:00,49.9,50.0,198,207
2023-05-31 06:40:00,50.0,50.0,206,211
2023-05-31 06:42:00,49.9,49.9,205,211
2023-05-31 06:44:00,50.0,50,208,214
2023-05-31 06:46:00,50.1,50.1,201,209
2023-05-31 06:48:00,50.0,50.0,207,211
2023-05-31 06:50:00,50.1,50.2,200,208
2023-05-31 06:52:00,49.7,49.7,201,207
2023-05-31 06:54:00,49.9,50,203,208
2023-05-31 06:56:00,49.8,49.8,208,209
2023-05-31 06:58:00,49.9,50.0,196,203
2023-05-31 07:00:00,50.0,49.9,193,201
2023-05-31 07:02:00,50.2,50.2,192,199
2023-05-31 07:04:00,49.9,49.9,199,202
2023-05-31 07:06:00,50.2,50.3,199,204
2023-05-31 07:08:00,50.1,50.1,197,202
2023-05-31 07:10:00,49.9,49.9,207,209
2023-05-31 07:12:00,49.8,49.7,199,201
2023-05-31 07:14:00,50.0,50.0,200,202
2023-05-31 07:16:00,49.9,49.9,198,202
2023-05-31 07:18:00,50.0,50.0,194,200
2023-05-31 07:20:00,49.9,49.8,194,198
2023-05-31 07:22:00,49.7,49.7,192,197
2023-05-31 07:24:00,50.1,50.0,197,200
2023-05-31 07:26:00,50.0,49.9,195,199
2023-05-31 07:28:00,49.9,49.8,194,197
2023-05-31 07:30:00,49.9,49.8,197,200
2023-05-31 07:32:00,49.8,49.8,202,204
2023-05-31 07:34:00,49.8,49.9,195,198
2023-05-31 07:36:00,50.0,50.0,207,209
2023-05-31 07:38:00,49.7,49.8,203,206
2023-05-31 07:40:00,49.7,49.7,202,204
2023-05-31 07:42:00,49.8,49.9,203,204
2023-05-31 07:44:00,49.8,49.8,202,204
2023-05-31 07:46:00,49.8,49.7,204,207
2023-05-31 07:48:00,50.0,50.1,205,207
2023-05-31 07:50:00,50.7,50.7,238,241
2023-05-31 07:52:00,50.7,50.8,237,240
2023-05-31 07:54:00,50.7,50.8,238,241
2023-05-31 07:56:00,50.8,50.8,238,240
2023-05-31 07:58:00,50.9,50.8,236,240
2023-05-31 08:00:00,50.9,50.9,233,238
2023-05-31 08:02:00,51.0,51.0,233,238
2023-05-31 08:04:00,50.9,50.9,232,238
2023-05-31 08:06:00,50.8,50.9,232,237
2023-05-31 08:08:00,50.8,50.7,232,237
2023-05-31 08:10:00,50.8,50.8,231,236
2023-05-31 08:12:00,50.7,50.7,231,237
2023-05-31 08:14:00,50.7,50.6,230,229
2023-05-31 08:16:00,50.7,50.7,229,231
2023-05-31 08:18:00,50.7,50.8,230,236
2023-05-31 08:20:00,50.7,50.7,230,236
2023-05-31 08:22:00,50.7,50.7,229,236
2023-05-31 08:24:00,50.8,50.8,230,236
2023-05-31 08:26:00,50.8,50.8,231,236
2023-05-31 08:28:00,50.9,50.9,231,236
2023-05-31 08:30:00,50.8,50.8,229,236
2023-05-31 08:32:00,50.7,50.8,228,236
2023-05-31 08:34:00,50.8,50.7,230,235
2023-05-31 08:36:00,50.7,50.7,228,235
2023-05-31 08:38:00,50.6,50.7,228,235
2023-05-31 08:40:00,50.6,50.7,228,234
2023-05-31 08:42:00,50.6,50.6,228,233
2023-05-31 08:44:00,50.8,50.9,228,234
2023-05-31 08:46:00,51.0,50.9,229,234
2023-05-31 08:48:00,50.7,50.8,228,234
2023-05-31 08:50:00,50.8,50.9,225,233
2023-05-31 08:52:00,50.7,50.7,228,234
2023-05-31 08:54:00,50.9,50.8,228,234
2023-05-31 08:56:00,50.9,50.8,228,234
2023-05-31 08:58:00,50.7,50.6,228,233
2023-05-31 09:00:00,50.9,50.8,226,233
2023-05-31 09:02:00,50.9,50.9,228,234
2023-05-31 09:04:00,50.8,50.8,228,233
2023-05-31 09:06:00,50.9,50.9,228,233
2023-05-31 09:08:00,50.7,50.7,225,233
2023-05-31 09:10:00,50.6,50.6,223,233
2023-05-31 09:12:00,50.8,50.8,225,233
2023-05-31 09:14:00,51.0,50.9,224,233
2023-05-31 09:16:00,51.0,51.0,228,233
2023-05-31 09:18:00,50.9,50.9,228,233
2023-05-31 09:20:00,50.7,50.7,226,233
2023-05-31 09:22:00,50.9,50.8,228,233
2023-05-31 09:24:00,50.7,50.6,228,233
2023-05-31 09:26:00,50.7,50.7,228,233
2023-05-31 09:28:00,50.5,50.5,226,232
2023-05-31 09:30:00,50.5,50.5,227,233
2023-05-31 09:32:00,50.6,50.6,226,233
2023-05-31 09:34:00,50.5,50.5,226,233
2023-05-31 09:36:00,50.5,50.5,225,233
2023-05-31 09:38:00,50.5,50.5,228,234
2023-05-31 09:40:00,50.4,50.5,227,233
2023-05-31 09:42:00,50.6,50.5,228,234
2023-05-31 09:44:00,50.5,50.6,228,233
2023-05-31 09:46:00,50.5,50.6,227,233
2023-05-31 09:48:00,50.6,50.5,228,233
2023-05-31 09:50:00,50.6,50.6,228,234
2023-05-31 09:52:00,50.3,50.2,229,234
2023-05-31 09:54:00,50.3,50.3,224,233
2023-05-31 09:56:00,50.6,50.6,224,233
2023-05-31 09:58:00,50.5,50.5,224,233
2023-05-31 10:00:00,50.4,50.5,226,233
2023-05-31 10:02:00,50.6,50.6,228,233
2023-05-31 10:04:00,50.6,50.6,228,233
2023-05-31 10:06:00,50.4,50.4,227,233
2023-05-31 10:08:00,50.5,50.5,228,234
2023-05-31 10:10:00,50.4,50.5,226,233
2023-05-31 10:12:00,50.5,50.6,227,233
2023-05-31 10:14:00,50.5,50.5,228,233
2023-05-31 10:16:00,50.4,50.5,228,233
2023-05-31 10:18:00,50.3,50.4,228,234
2023-05-31 10:20:00,50.3,50.3,226,233
2023-05-31 10:22:00,50.4,50.5,228,233
2023-05-31 10:24:00,50.5,50.5,227,233
2023-05-31 10:26:00,50.5,50.5,227,233
2023-05-31 10:28:00,50.5,50.6,228,233
2023-05-31 10:30:00,50.5,50.6,228,234
2023-05-31 10:32:00,50.4,50.4,227,234
2023-05-31 10:34:00,50.4,50.4,228,235
2023-05-31 10:36:00,50.2,50.2,227,235
2023-05-31 10:38:00,50.1,50.1,227,234
2023-05-31 10:40:00,50.4,50.5,228,234
2023-05-31 10:42:00,50.6,50.6,228,233
2023-05-31 10:44:00,50.3,50.3,227,233
2023-05-31 10:46:00,50.2,50.3,228,233
2023-05-31 10:48:00,50.2,50.2,226,232
2023-05-31 10:50:00,50.2,50.3,227,233
2023-05-31 10:52:00,50.3,50.4,225,231
2023-05-31 10:54:00,50.3,50.4,226,232
2023-05-31 10:56:00,50.3,50.3,226,231
2023-05-31 10:58:00,50.2,50.2,226,233
2023-05-31 11:00:00,50.4,50.3,228,233
2023-05-31 11:02:00,50.4,50.4,227,232
2023-05-31 11:04:00,50.5,50.4,227,233
2023-05-31 11:06:00,50.4,50.3,228,234
2023-05-31 11:08:00,50.5,50.3,229,235
2023-05-31 11:10:00,50.2,50.3,226,233
2023-05-31 11:12:00,50.3,50.3,226,233
2023-05-31 11:14:00,50.4,50.4,228,233
2023-05-31 11:16:00,50.3,50.3,227,233
2023-05-31 11:18:00,50.2,50.3,225,232
2023-05-31 11:20:00,50.3,50.4,227,232
2023-05-31 11:22:00,50.3,50.4,228,233
2023-05-31 11:24:00,50.4,50.5,228,233
2023-05-31 11:26:00,50.4,50.5,227,233
2023-05-31 11:28:00,50.6,50.6,228,234
2023-05-31 11:30:00,50.4,50.5,228,233
2023-05-31 11:32:00,50.2,50.2,227,233
2023-05-31 11:34:00,50.4,50.2,229,234
2023-05-31 11:36:00,50.4,50.5,228,233
2023-05-31 11:38:00,50.5,50.4,227,233
2023-05-31 11:40:00,50.4,50.3,227,233
2023-05-31 11:42:00,50.4,50.5,228,234
2023-05-31 11:44:00,50.4,50.4,227,234
2023-05-31 11:46:00,50.0,50.1,228,233
2023-05-31 11:48:00,50.3,50.3,228,233
2023-05-31 11:50:00,50.0,49.9,228,233
2023-05-31 11:52:00,50.0,50.0,228,233
2023-05-31 11:54:00,50.2,50.1,228,234
2023-05-31 11:56:00,50.3,50.2,228,234
2023-05-31 11:58:00,50.3,50.3,228,233
2023-05-31 12:00:00,50.2,50.2,228,233
2023-05-31 12:02:00,50.3,50.2,228,233
2023-05-31 12:04:00,50.1,50.2,228,233
2023-05-31 12:06:00,50.3,50.3,228,234
2023-05-31 12:08:00,50.3,50.2,230,235
2023-05-31 12:10:00,50.4,50.1,230,236
2023-05-31 12:12:00,50.3,50.3,229,236
2023-05-31 12:14:00,50.4,50.3,227,234
2023-05-31 12:16:00,50.4,50.4,228,234
2023-05-31 12:18:00,50.4,50.3,227,234
2023-05-31 12:20:00,50.3,50.2,223,233
2023-05-31 12:22:00,50.4,50.3,223,233
2023-05-31 12:24:00,50.3,50.4,224,233
2023-05-31 12:26:00,50.3,50.3,227,233
2023-05-31 12:28:00,50.4,50.3,226,232
2023-05-31 12:30:00,50.4,50.5,228,233
2023-05-31 12:32:00,50.6,50.5,228,235
2023-05-31 12:34:00,50.4,50.4,226,233
2023-05-31 12:36:00,50.5,50.5,228,234
2023-05-31 12:38:00,50.5,50.5,227,234
2023-05-31 12:40:00,50.1,50.3,226,233
2023-05-31 12:42:00,50.2,50.2,227,233
2023-05-31 12:44:00,50.6,50.4,228,234
2023-05-31 12:46:00,50.5,50.4,229,236
2023-05-31 12:48:00,50.4,50.3,228,235
2023-05-31 12:50:00,50.3,50.4,228,233
2023-05-31 12:52:00,50.6,50.5,227,233
2023-05-31 12:54:00,50.5,50.4,227,233
2023-05-31 12:56:00,50.3,50.4,229,235
2023-05-31 12:58:00,50.6,50.6,228,234
2023-05-31 13:00:00,50.4,50.6,227,233
2023-05-31 13:02:00,50.6,50.7,227,233
2023-05-31 13:04:00,50.9,50.9,229,235
2023-05-31 13:06:00,51.0,50.8,228,235
2023-05-31 13:08:00,50.8,50.8,228,234
2023-05-31 13:10:00,50.6,50.5,228,233
2023-05-31 13:12:00,50.4,50.3,226,233
2023-05-31 13:14:00,50.7,50.7,229,236
2023-05-31 13:16:00,51.0,51.1,229,236
2023-05-31 13:18:00,51.1,51.1,229,235
2023-05-31 13:20:00,50.4,50.4,228,234
2023-05-31 13:22:00,50.4,50.4,228,233
2023-05-31 13:24:00,50.4,50.5,228,234
2023-05-31 13:26:00,50.5,50.4,227,233
2023-05-31 13:28:00,50.4,50.4,228,233
2023-05-31 13:30:00,50.3,50.5,228,234
2023-05-31 13:32:00,50.4,50.4,228,234
2023-05-31 13:34:00,50.6,50.7,226,233
2023-05-31 13:36:00,50.5,50.3,227,233
2023-05-31 13:38:00,50.5,50.5,227,233
2023-05-31 13:40:00,50.3,50.4,227,234
2023-05-31 13:42:00,50.6,50.6,226,234
2023-05-31 13:44:00,50.8,50.8,228,234
2023-05-31 13:46:00,50.6,50.5,226,233
2023-05-31 13:48:00,50.5,50.5,226,233
2023-05-31 13:50:00,50.2,50.3,226,233
2023-05-31 13:52:00,50.0,50.0,226,232
2023-05-31 13:54:00,50.1,50.2,227,233
2023-05-31 13:56:00,50.2,50.2,227,233
2023-05-31 13:58:00,50.1,50.1,228,233
2023-05-31 14:00:00,50.0,50.0,226,233
2023-05-31 14:02:00,49.9,49.8,227,233
2023-05-31 14:04:00,50.0,49.9,226,233
2023-05-31 14:06:00,50.0,50.0,224,233
2023-05-31 14:08:00,50.2,50.2,226,233
2023-05-31 14:10:00,50.1,50.1,227,233
2023-05-31 14:12:00,50.2,50.4,227,233
2023-05-31 14:14:00,50.3,50.2,226,233
2023-05-31 14:16:00,50.1,50.1,226,233
2023-05-31 14:18:00,50.1,50.2,226,233
2023-05-31 14:20:00,50.1,50.1,226,233
2023-05-31 14:22:00,50.0,50.0,226,232
2023-05-31 14:24:00,50.1,50.1,226,232
2023-05-31 14:26:00,50.1,50.1,226,232
2023-05-31 14:28:00,50.3,50.1,226,233
2023-05-31 14:30:00,50.4,50.5,227,234
2023-05-31 14:32:00,50.5,50.4,228,234
2023-05-31 14:34:00,50.5,50.4,227,234
2023-05-31 14:36:00,50.5,50.4,227,234
2023-05-31 14:38:00,50.3,50.2,227,233
2023-05-31 14:40:00,50.5,50.5,227,234
2023-05-31 14:42:00,50.4,50.4,228,234
2023-05-31 14:44:00,50.5,50.5,228,234
2023-05-31 14:46:00,50.6,50.6,227,234
2023-05-31 14:48:00,50.5,50.4,227,234
2023-05-31 14:50:00,50.3,50.4,228,234
2023-05-31 14:52:00,50.4,50.7,228,234
2023-05-31 14:54:00,50.7,50.7,227,233
2023-05-31 14:56:00,50.7,50.7,228,234
2023-05-31 14:58:00,50.8,50.6,229,235
2023-05-31 15:00:00,50.7,50.8,223,233
2023-05-31 15:02:00,50.7,50.6,223,233
2023-05-31 15:04:00,50.8,50.8,228,234
2023-05-31 15:06:00,50.9,50.9,227,234
2023-05-31 15:08:00,50.7,50.6,227,234
2023-05-31 15:10:00,50.8,50.8,228,235
2023-05-31 15:12:00,51.0,50.9,228,233
2023-05-31 15:14:00,51.2,51.1,227,234
2023-05-31 15:16:00,51.1,51.0,227,233
2023-05-31 15:18:00,51.2,51.1,228,234
2023-05-31 15:20:00,51.2,51.2,228,234
2023-05-31 15:22:00,51.1,51.2,229,235
2023-05-31 15:24:00,51.2,51.1,229,235
2023-05-31 15:26:00,51.1,51.0,229,236
2023-05-31 15:28:00,50.6,50.8,229,236
2023-05-31 15:30:00,51.0,51.0,230,236
2023-05-31 15:32:00,51.2,51.3,229,236
2023-05-31 15:34:00,51.3,51.3,229,236
2023-05-31 15:36:00,51.3,51.2,231,236
2023-05-31 15:38:00,51.3,51.3,230,236
2023-05-31 15:40:00,50.8,50.6,228,235
2023-05-31 15:42:00,50.7,50.7,230,236
2023-05-31 15:44:00,50.8,50.8,228,235
2023-05-31 15:46:00,50.7,50.8,228,235
2023-05-31 15:48:00,50.8,50.7,229,235
2023-05-31 15:50:00,50.6,50.7,230,236
2023-05-31 15:52:00,50.5,50.6,230,236
2023-05-31 15:54:00,50.5,50.6,228,235
2023-05-31 15:56:00,50.7,50.5,230,236
2023-05-31 15:58:00,50.4,50.4,227,234
2023-05-31 16:00:00,50.3,50.4,228,234
2023-05-31 16:02:00,50.4,50.5,229,236
2023-05-31 16:04:00,50.4,50.6,231,236
2023-05-31 16:06:00,50.6,50.7,229,236
2023-05-31 16:08:00,50.7,50.6,231,236
2023-05-31 16:10:00,50.5,50.6,231,236
2023-05-31 16:12:00,50.7,50.6,228,236
2023-05-31 16:14:00,50.7,50.8,228,235
2023-05-31 16:16:00,50.7,50.5,228,235
2023-05-31 16:18:00,50.6,50.9,228,235
2023-05-31 16:20:00,50.7,50.7,228,235
2023-05-31 16:22:00,50.7,50.6,230,235
2023-05-31 16:24:00,50.2,50.3,197,200
2023-05-31 16:26:00,50.2,50.1,199,202
2023-05-31 16:28:00,50.0,50.0,195,197
2023-05-31 16:30:00,50.1,50.1,194,196
2023-05-31 16:32:00,50.1,50.0,190,193
2023-05-31 16:34:00,50.2,50.2,186,189
2023-05-31 16:36:00,50.1,50,195,199
2023-05-31 16:38:00,50.2,50.2,195,199
2023-05-31 16:40:00,50.2,50.2,197,200
2023-05-31 16:42:00,50.0,49.9,195,199
2023-05-31 16:44:00,49.8,49.9,198,202
2023-05-31 16:46:00,50.0,50.0,190,195
2023-05-31 16:48:00,50.2,50.2,192,197
2023-05-31 16:50:00,50.2,50.2,189,194
2023-05-31 16:52:00,50.1,50.2,190,195
2023-05-31 16:54:00,50.2,50.2,187,193
2023-05-31 16:56:00,50.0,50.0,191,198
2023-05-31 16:58:00,50.2,50.2,193,199
2023-05-31 17:00:00,50.0,50.0,201,204
2023-05-31 17:02:00,50.0,50.0,199,202
2023-05-31 17:04:00,50.2,50.1,199,202
2023-05-31 17:06:00,50.0,50.0,202,205
2023-05-31 17:08:00,50.2,50.1,204,207
2023-05-31 17:10:00,50.3,50.2,201,204
2023-05-31 17:12:00,50.2,50.1,197,200
2023-05-31 17:14:00,50.1,50.2,203,206
2023-05-31 17:16:00,50.1,50.1,200,204
2023-05-31 17:18:00,50.2,50.3,198,201
2023-05-31 17:20:00,50.1,50.2,202,205
2023-05-31 17:22:00,50.0,50.0,195,199
2023-05-31 17:24:00,50.3,50.3,199,203
2023-05-31 17:26:00,50.0,49.9,199,202
2023-05-31 17:28:00,49.9,49.9,200,203
2023-05-31 17:30:00,50.2,50.2,197,201
2023-05-31 17:32:00,49.8,50.0,192,196
2023-05-31 17:34:00,50.4,50.3,196,199
2023-05-31 17:36:00,49.8,49.8,194,197
2023-05-31 17:38:00,50.4,50.3,198,201
2023-05-31 17:40:00,50.2,50.1,195,198
2023-05-31 17:42:00,50.3,50.3,193,197
2023-05-31 17:44:00,50.4,50.4,196,199
2023-05-31 17:46:00,50.3,50.2,193,195
2023-05-31 17:48:00,50.0,50.1,197,201
2023-05-31 17:50:00,50.2,50.2,198,202
2023-05-31 17:52:00,50.1,50.1,196,200
2023-05-31 17:54:00,50.1,50.0,199,202
2023-05-31 17:56:00,50.0,50.0,190,193
2023-05-31 17:58:00,50.1,50.0,190,194
2023-05-31 18:00:00,50.1,50.0,191,192
2023-05-31 18:02:00,49.9,49.9,190,194
2023-05-31 18:04:00,50.4,50.3,190,191
2023-05-31 18:06:00,50.4,50.0,192,197
2023-05-31 18:08:00,50.5,50.5,184,193
2023-05-31 18:10:00,50.4,50.4,192,194
2023-05-31 18:12:00,50.3,50.0,194,197
2023-05-31 18:14:00,50.0,50.2,190,195
2023-05-31 18:16:00,50.0,50.0,193,195
2023-05-31 18:18:00,50.0,50.0,192,197
2023-05-31 18:20:00,50.3,50.2,192,194
2023-05-31 18:22:00,50.0,50.2,185,188
2023-05-31 18:24:00,50.1,50.1,180,182
2023-05-31 18:26:00,50.2,50.1,180,184
2023-05-31 18:28:00,50.1,50.1,180,185
2023-05-31 18:30:00,49.9,50.0,180,181
2023-05-31 18:32:00,49.7,48.7,183,185
2023-05-31 18:34:00,50.1,50.1,182,185
2023-05-31 18:36:00,50.4,50.3,185,187
2023-05-31 18:38:00,50.3,50.3,187,190
2023-05-31 18:40:00,50.2,50.1,185,190
2023-05-31 18:42:00,50.5,50.6,184,188
2023-05-31 18:44:00,50.1,50.0,185,187
2023-05-31 18:46:00,50.5,50.4,184,187
2023-05-31 18:48:00,50.1,50.0,186,189
2023-05-31 18:50:00,50.1,50.2,188,192
2023-05-31 18:52:00,50.3,50.0,192,195
2023-05-31 18:54:00,50.1,50.1,188,192
2023-05-31 18:56:00,50.4,50.3,190,192
2023-05-31 18:58:00,50.2,50.2,190,193
2023-05-31 19:00:00,50.4,50.5,193,194
2023-05-31 19:02:00,50.2,50.3,191,196
2023-05-31 19:04:00,50.1,50.0,197,198
2023-05-31 19:06:00,50.2,50.0,198,199
2023-05-31 19:08:00,50.3,50.9,197,197
2023-05-31 19:10:00,50.1,50.2,195,197
2023-05-31 19:12:00,50.4,50.3,197,199
2023-05-31 19:14:00,50.2,50.1,198,201
2023-05-31 19:16:00,50.4,50.5,199,202
2023-05-31 19:18:00,50.1,50.2,198,202
2023-05-31 19:20:00,50.1,50.1,198,201
2023-05-31 19:22:00,50.5,50.4,202,205
2023-05-31 19:24:00,50.3,50.3,200,203
2023-05-31 19:26:00,50.3,50.3,202,205
2023-05-31 19:28:00,50.3,50.3,200,204
2023-05-31 19:30:00,50.2,50.3,198,202
2023-05-31 19:32:00,50.4,50.4,200,203
2023-05-31 19:34:00,50.1,50.1,202,204
2023-05-31 19:36:00,50.3,50.3,199,203
2023-05-31 19:38:00,50.4,50.3,201,204
2023-05-31 19:40:00,50.6,50.6,199,202
2023-05-31 19:42:00,50.3,50.3,197,201
2023-05-31 19:44:00,50.2,50.2,198,201
2023-05-31 19:46:00,50.3,50.3,201,203
2023-05-31 19:48:00,50.4,50.4,196,199
2023-05-31 19:50:00,50.4,50.4,197,200
2023-05-31 19:52:00,50.5,50.6,200,203
2023-05-31 19:54:00,50.5,50.5,203,205
2023-05-31 19:56:00,50.2,50.3,202,205
2023-05-31 19:58:00,50.1,50.2,202,205
2023-05-31 20:00:00,50.4,50.5,204,207
2023-05-31 20:02:00,50.3,50.4,201,204
2023-05-31 20:04:00,50.6,50.6,199,202
2023-05-31 20:06:00,50.4,50.3,202,205
2023-05-31 20:08:00,50.3,50.3,202,205
2023-05-31 20:10:00,50.6,50.7,204,207
2023-05-31 20:12:00,50.4,50.5,202,205
2023-05-31 20:14:00,50.6,50.6,197,201
2023-05-31 20:16:00,50.5,50.5,186,192
2023-05-31 20:18:00,50.4,50.4,193,199
2023-05-31 20:20:00,50.3,50.3,189,195
2023-05-31 20:22:00,50.3,50.3,189,194
2023-05-31 20:24:00,50.5,50.5,198,202
2023-05-31 20:26:00,50.4,50.3,194,198
2023-05-31 20:28:00,50.4,50.3,198,201
2023-05-31 20:30:00,50.5,50.5,197,200
2023-05-31 20:32:00,50.4,50.4,197,201
2023-05-31 20:34:00,50.3,50.4,194,197
2023-05-31 20:36:00,50.2,50.2,196,199
2023-05-31 20:38:00,50.6,50.6,194,198
2023-05-31 20:40:00,50.6,50.6,195,198
2023-05-31 20:42:00,50.5,50.6,192,194
2023-05-31 20:44:00,50.4,50.4,189,192
2023-05-31 20:46:00,50.6,50.7,190,193
2023-05-31 20:48:00,50.7,50.8,195,198
2023-05-31 20:50:00,50.5,50.5,194,198
2023-05-31 20:52:00,50.3,50.4,190,193
2023-05-31 20:54:00,50.4,50.4,194,197
2023-05-31 20:56:00,50.4,50.4,194,198
2023-05-31 20:58:00,50.6,50.6,197,201
2023-05-31 21:00:00,50.3,50.3,202,204
2023-05-31 21:02:00,50.6,50.5,202,205
2023-05-31 21:04:00,50.6,50.5,203,206
2023-05-31 21:06:00,50.5,50.5,201,204
2023-05-31 21:08:00,50.5,50.5,197,201
2023-05-31 21:10:00,50.5,50.6,200,204
2023-05-31 21:12:00,50.5,50.6,202,204
2023-05-31 21:14:00,50.6,50.6,205,207
2023-05-31 21:16:00,50.3,50.3,204,207
2023-05-31 21:18:00,50.5,50.5,207,209
2023-05-31 21:20:00,50.5,50.5,203,206
2023-05-31 21:22:00,50.5,50.6,200,204
2023-05-31 21:24:00,50.5,50.5,202,205
2023-05-31 21:26:00,50.6,50.6,206,209
2023-05-31 21:28:00,50.4,50.4,204,208
2023-05-31 21:30:00,50.8,50.7,203,205
2023-05-31 21:32:00,50.5,50.6,205,208
2023-05-31 21:34:00,50.6,50.6,202,206
2023-05-31 21:36:00,50.8,50.8,199,202
2023-05-31 21:38:00,50.5,50.5,202,204
2023-05-31 21:40:00,50.8,50.8,206,209
2023-05-31 21:42:00,50.6,50.7,203,207
2023-05-31 21:44:00,50.6,50.7,207,210
2023-05-31 21:46:00,50.6,50.7,202,205
2023-05-31 21:48:00,50.8,50.9,199,203
2023-05-31 21:50:00,50.5,50.5,205,209
2023-05-31 21:52:00,50.7,50.8,204,207
2023-05-31 21:54:00,51.0,51.0,207,212
2023-05-31 21:56:00,50.8,50.8,208,211
2023-05-31 21:58:00,50.6,50.5,209,212
2023-05-31 22:00:00,50.8,50.8,208,212
2023-05-31 22:02:00,50.8,50.8,204,208
2023-05-31 22:04:00,50.9,50.9,206,209
2023-05-31 22:06:00,50.9,50.9,204,208
2023-05-31 22:08:00,50.7,50.7,207,211
2023-05-31 22:10:00,50.8,50.8,209,214
2023-05-31 22:12:00,50.9,51.0,207,212
2023-05-31 22:14:00,50.9,50.9,208,211
2023-05-31 22:16:00,50.7,50.7,209,213
2023-05-31 22:18:00,50.8,50.7,208,211
2023-05-31 22:20:00,50.8,50.9,209,213
2023-05-31 22:22:00,50.9,50.9,209,212
2023-05-31 22:24:00,50.8,50.8,211,214
2023-05-31 22:26:00,51.0,51.1,209,212
2023-05-31 22:28:00,50.9,50.9,212,215
2023-05-31 22:30:00,50.9,50.9,211,214
2023-05-31 22:32:00,50.9,50.9,210,214
2023-05-31 22:34:00,50.6,50.6,209,213
2023-05-31 22:36:00,50.9,50.9,211,215
2023-05-31 22:38:00,50.8,50.8,210,213
2023-05-31 22:40:00,50.9,50.9,214,217
2023-05-31 22:42:00,51.0,51.1,216,219
2023-05-31 22:44:00,50.8,50.9,215,218
2023-05-31 22:46:00,50.9,50.8,214,217
2023-05-31 22:48:00,51.0,51.0,215,219
2023-05-31 22:50:00,51.0,50.9,214,217
2023-05-31 22:52:00,51.0,51.0,213,216
2023-05-31 22:54:00,51.0,51.1,215,217
2023-05-31 22:56:00,50.7,50.8,216,219
2023-05-31 22:58:00,50.9,50.9,215,219
2023-05-31 23:00:00,51.0,51.0,216,219
2023-05-31 23:02:00,50.8,50.9,215,218
2023-05-31 23:04:00,50.9,51.0,211,214
2023-05-31 23:06:00,50.9,50.9,212,216
2023-05-31 23:08:00,50.9,50.9,212,215
2023-05-31 23:10:00,51.0,51.0,213,216
2023-05-31 23:12:00,51.0,51.0,214,216
2023-05-31 23:14:00,51.1,51.0,214,216
2023-05-31 23:16:00,50.9,50.9,215,218
2023-05-31 23:18:00,51.1,51.1,212,216
2023-05-31 23:20:00,51.0,51.0,214,218
2023-05-31 23:22:00,50.7,50.7,216,219
2023-05-31 23:24:00,51.0,50.9,215,219
2023-05-31 23:26:00,51.1,51.0,218,221
2023-05-31 23:28:00,50.8,50.9,216,219
2023-05-31 23:30:00,50.9,50.9,216,220
2023-05-31 23:32:00,51.2,51.2,216,219
2023-05-31 23:34:00,51.1,51.1,219,222
2023-05-31 23:36:00,51.0,50.9,218,221
2023-05-31 23:38:00,50.9,50.9,216,221
2023-05-31 23:40:00,51.0,51.0,216,219
2023-05-31 23:42:00,50.9,51.0,216,221
2023-05-31 23:44:00,51.0,51.0,217,221
2023-05-31 23:46:00,50.8,50.9,218,220
2023-05-31 23:48:00,51.1,51.0,221,224
2023-05-31 23:50:00,50.9,50.9,220,223
2023-05-31 23:52:00,51.0,51.0,221,224
2023-05-31 23:54:00,51.1,51.1,221,224
2023-05-31 23:56:00,51.2,51.2,221,223
2023-05-31 23:58:00,51.1,51.0,221,224
2023-06-01 00:00:00,50.8,50.8,221,223
2023-06-01 00:02:00,51.0,51.0,219,223
2023-06-01 00:04:00,50.9,50.9,217,220
2023-06-01 00:06:00,51.1,51.1,219,223
2023-06-01 00:08:00,51.0,50.9,219,223
2023-06-01 00:10:00,51.1,51.1,219,223
2023-06-01 00:12:00,51.1,51.1,222,225
2023-06-01 00:14:00,50.9,51.0,221,224
2023-06-01 00:16:00,51.0,51.1,221,223
2023-06-01 00:18:00,51.1,51.2,216,219
2023-06-01 00:20:00,51.1,51.1,217,221
2023-06-01 00:22:00,50.9,50.9,220,223
2023-06-01 00:24:00,50.4,50.4,221,224
2023-06-01 00:26:00,50.6,50.5,222,224
2023-06-01 00:28:00,50.6,50.6,221,224
2023-06-01 00:30:00,50.5,50.4,219,222
2023-06-01 00:32:00,50.5,50.4,220,223
2023-06-01 00:34:00,50.5,50.6,217,221
2023-06-01 00:36:00,50.4,50.4,220,223
2023-06-01 00:38:00,50.4,50.4,222,225
2023-06-01 00:40:00,50.6,50.6,220,224
2023-06-01 00:42:00,50.4,50.4,221,224
2023-06-01 00:44:00,50.5,50.6,220,223
2023-06-01 00:46:00,50.4,50.4,222,226
2023-06-01 00:48:00,50.2,50.2,221,225
2023-06-01 00:50:00,50.5,50.5,221,224
2023-06-01 00:52:00,50.2,50.2,221,224
2023-06-01 00:54:00,50.4,50.3,218,221
2023-06-01 00:56:00,50.4,50.4,222,224
2023-06-01 00:58:00,50.3,50.2,222,225
2023-06-01 01:00:00,50.5,50.4,221,224
2023-06-01 01:02:00,50.4,50.3,221,224
2023-06-01 01:04:00,50.4,50.4,222,224
2023-06-01 01:06:00,50.2,50.2,219,223
2023-06-01 01:08:00,50.6,50.5,221,224
2023-06-01 01:10:00,50.4,50.4,221,224
2023-06-01 01:12:00,50.5,50.5,221,224
2023-06-01 01:14:00,50.2,50.3,221,224
2023-06-01 01:16:00,50.0,50.0,222,224
2023-06-01 01:18:00,50.4,50.5,221,224
2023-06-01 01:20:00,50.4,50.3,221,225
2023-06-01 01:22:00,50.2,50.3,223,226
2023-06-01 01:24:00,50.1,50.1,221,225
2023-06-01 01:26:00,49.9,49.9,221,224
2023-06-01 01:28:00,50.0,50.1,223,226
2023-06-01 01:30:00,50.3,50.3,221,223
2023-06-01 01:32:00,50.3,50.2,223,226
2023-06-01 01:34:00,50.1,50.1,224,227
2023-06-01 01:36:00,50.4,50.4,225,228
2023-06-01 01:38:00,50.1,50.0,219,223
2023-06-01 01:40:00,50.1,50.2,222,226
2023-06-01 01:42:00,50.4,50.4,221,224
2023-06-01 01:44:00,50.3,50.3,221,224
2023-06-01 01:46:00,50.3,50.3,221,224
2023-06-01 01:48:00,50.5,50.5,222,225
2023-06-01 01:50:00,50.6,50.6,222,226
2023-06-01 01:52:00,50.3,50.3,220,223
2023-06-01 01:54:00,50.2,50.2,222,226
2023-06-01 01:56:00,50.2,50.2,219,223
2023-06-01 01:58:00,50.3,50.2,219,223
2023-06-01 02:00:00,50.3,50.2,222,226
2023-06-01 02:02:00,50.3,50.3,225,228
2023-06-01 02:04:00,50.4,50.4,222,226
2023-06-01 02:06:00,50.3,50.3,223,227
2023-06-01 02:08:00,50.5,50.5,223,227
2023-06-01 02:10:00,50.2,50.2,222,226
2023-06-01 02:12:00,50.2,50.2,223,226
2023-06-01 02:14:00,50.1,50.2,223,226
2023-06-01 02:16:00,50.6,50.6,223,227
2023-06-01 02:18:00,50.3,50.3,223,228
2023-06-01 02:20:00,50.2,50.2,225,228
2023-06-01 02:22:00,50.3,50.3,223,228
2023-06-01 02:24:00,50.2,50.2,223,228
2023-06-01 02:26:00,50.3,50.3,225,228
2023-06-01 02:28:00,50.4,50.4,223,227
2023-06-01 02:30:00,50.1,50.1,223,227
2023-06-01 02:32:00,50.2,50.2,224,227
2023-06-01 02:34:00,50.1,50.1,223,227
2023-06-01 02:36:00,50.3,50.3,224,228
2023-06-01 02:38:00,50.1,50.1,224,228
2023-06-01 02:40:00,50.2,50.2,226,228
2023-06-01 02:42:00,50.3,50.3,226,229
2023-06-01 02:44:00,50.3,50.3,227,229
2023-06-01 02:46:00,50.2,50.1,226,228
2023-06-01 02:48:00,50.2,50.3,223,227
2023-06-01 02:50:00,50.4,50.3,225,228
2023-06-01 02:52:00,50.4,50.3,225,228
2023-06-01 02:54:00,50.3,50.3,224,227
2023-06-01 02:56:00,50.3,50.2,225,228
2023-06-01 02:58:00,50.2,50.2,226,228
2023-06-01 03:00:00,50.0,50.1,223,227
2023-06-01 03:02:00,50.2,50.2,223,227
2023-06-01 03:04:00,50.3,50.4,222,224
2023-06-01 03:06:00,50.3,50.2,218,221
2023-06-01 03:08:00,50.5,50.4,222,226
2023-06-01 03:10:00,50.5,50.4,225,228
2023-06-01 03:12:00,50.2,50.2,224,227
2023-06-01 03:14:00,50.3,50.3,223,226
2023-06-01 03:16:00,50.4,50.4,226,228
2023-06-01 03:18:00,50.2,50.2,225,228
2023-06-01 03:20:00,50.3,50.3,224,228
2023-06-01 03:22:00,50.2,50.2,227,229
2023-06-01 03:24:00,50.2,50.3,227,229
2023-06-01 03:26:00,50.3,50.3,224,228
2023-06-01 03:28:00,50.6,50.6,227,230
2023-06-01 03:30:00,50.2,50.3,227,230
2023-06-01 03:32:00,50.6,50.6,226,229
2023-06-01 03:34:00,50.3,50.3,226,229
2023-06-01 03:36:00,50.2,50.1,226,229
2023-06-01 03:38:00,50.3,50.3,223,227
2023-06-01 03:40:00,50.3,50.3,225,228
2023-06-01 03:42:00,50.4,50.4,226,229
2023-06-01 03:44:00,50.4,50.4,225,228
2023-06-01 03:46:00,50.3,50.3,225,228
2023-06-01 03:48:00,50.2,50.2,226,228
2023-06-01 03:50:00,50.1,50.1,224,228
2023-06-01 03:52:00,50.4,50.3,225,228
2023-06-01 03:54:00,50.1,50.2,226,228
2023-06-01 03:56:00,50.2,50.2,226,228
2023-06-01 03:58:00,50.5,50.4,225,228
2023-06-01 04:00:00,50.2,50.2,227,229
2023-06-01 04:02:00,50.5,50.4,227,230
2023-06-01 04:04:00,50.5,50.5,223,226
2023-06-01 04:06:00,50.3,50.3,223,226
2023-06-01 04:08:00,50.3,50.3,223,226
2023-06-01 04:10:00,50.2,50.2,220,223
2023-06-01 04:12:00,50.3,50.3,221,224
2023-06-01 04:14:00,50.3,50.3,225,228
2023-06-01 04:16:00,50.3,50.3,223,226
2023-06-01 04:18:00,50.3,50.4,222,226
2023-06-01 04:20:00,50.2,50.2,223,226
2023-06-01 04:22:00,50.3,50.2,223,226
2023-06-01 04:24:00,50.4,50.4,224,228
2023-06-01 04:26:00,50.2,50.2,225,228
2023-06-01 04:28:00,50.2,50.2,224,228
2023-06-01 04:30:00,50.2,50.2,223,226
2023-06-01 04:32:00,50.3,50.3,224,226
2023-06-01 04:34:00,50.3,50.3,223,226
2023-06-01 04:36:00,50.3,50.4,221,225
2023-06-01 04:38:00,50.2,50.3,224,226
2023-06-01 04:40:00,50.3,50.3,223,226
2023-06-01 04:42:00,50.1,50.0,221,224
2023-06-01 04:44:00,50.2,50.2,221,224
2023-06-01 04:46:00,50.3,50.3,222,225
2023-06-01 04:48:00,50.2,50.2,221,224
2023-06-01 04:50:00,50.4,50.3,223,226
2023-06-01 04:52:00,50.2,50.2,224,226
2023-06-01 04:54:00,50.2,50.2,222,226
2023-06-01 04:56:00,50.1,50.1,221,225
2023-06-01 04:58:00,50.1,50.1,224,227
2023-06-01 05:00:00,50.2,50.2,221,224
2023-06-01 05:02:00,50.0,49.9,222,226
2023-06-01 05:04:00,50.1,50.0,223,226
2023-06-01 05:06:00,50.1,50.1,220,223
2023-06-01 05:08:00,50.1,50.1,220,223
2023-06-01 05:10:00,50.3,50.2,222,224
2023-06-01 05:12:00,50.3,50.3,223,226
2023-06-01 05:14:00,50.2,50.2,214,218
2023-06-01 05:16:00,50.2,50.2,215,217
2023-06-01 05:18:00,50.1,50.0,215,218
2023-06-01 05:20:00,50.0,50.1,214,218
2023-06-01 05:22:00,50.1,50.2,216,219
2023-06-01 05:24:00,50.2,50.2,216,219
2023-06-01 05:26:00,50.1,50.2,215,218
2023-06-01 05:28:00,50.0,50.0,214,217
2023-06-01 05:30:00,50.0,50.0,216,219
2023-06-01 05:32:00,49.8,49.8,215,218
2023-06-01 05:34:00,50.1,50.0,211,214
2023-06-01 05:36:00,49.9,49.9,211,214
2023-06-01 05:38:00,49.9,49.8,214,218
2023-06-01 05:40:00,50.0,50.0,216,219
2023-06-01 05:42:00,50.1,50.0,216,218
2023-06-01 05:44:00,49.9,49.9,211,214
2023-06-01 05:46:00,50.2,50.2,211,215
2023-06-01 05:48:00,50.0,50.0,216,219
2023-06-01 05:50:00,50.1,50.1,214,218
2023-06-01 05:52:00,50.0,50.0,214,218
2023-06-01 05:54:00,50.0,50.0,216,218
2023-06-01 05:56:00,50.0,50.0,219,221
2023-06-01 05:58:00,50.0,50,216,219
2023-06-01 06:00:00,50.0,50.0,214,216
2023-06-01 06:02:00,50.0,50.0,205,209
2023-06-01 06:04:00,49.8,49.9,207,211
2023-06-01 06:06:00,49.9,49.9,207,211
2023-06-01 06:08:00,49.9,49.9,211,214
2023-06-01 06:10:00,50.0,50.0,214,216
2023-06-01 06:12:00,50.0,50.0,211,214
2023-06-01 06:14:00,50.0,50.0,212,209
2023-06-01 06:16:00,50.1,50.1,207,205
2023-06-01 06:18:00,50.2,50.2,209,206
2023-06-01 06:20:00,50.0,50.0,211,215
2023-06-01 06:22:00,49.9,49.8,208,210
2023-06-01 06:24:00,50.2,50.1,210,214
2023-06-01 06:26:00,50.0,50.0,209,211
2023-06-01 06:28:00,50.0,50.0,207,210
2023-06-01 06:30:00,50.1,50.1,212,215
2023-06-01 06:32:00,49.7,49.7,211,214
2023-06-01 06:34:00,50.1,50.2,213,216
2023-06-01 06:36:00,50.3,50.3,209,212
2023-06-01 06:38:00,50.0,50.0,212,214
2023-06-01 06:40:00,50.3,50.3,209,211
2023-06-01 06:42:00,50.3,50.3,213,217
2023-06-01 06:44:00,50.4,50.4,207,204
2023-06-01 06:46:00,50.0,50.0,210,207
2023-06-01 06:48:00,50.2,50.2,210,214
2023-06-01 06:50:00,50.3,50.3,209,212
2023-06-01 06:52:00,50.0,50.0,214,217
2023-06-01 06:54:00,50.1,50.2,209,213
2023-06-01 06:56:00,50.3,50.3,214,216
2023-06-01 06:58:00,50.1,50.0,212,214
2023-06-01 07:00:00,50.0,50.0,207,209
2023-06-01 07:02:00,50.2,50.3,207,211
2023-06-01 07:04:00,50.2,50.2,205,209
2023-06-01 07:06:00,50.2,50.2,203,207
2023-06-01 07:08:00,50.2,50.2,209,212
2023-06-01 07:10:00,50.2,50.2,209,211
2023-06-01 07:12:00,50.0,50.0,204,208
2023-06-01 07:14:00,50.0,50.1,204,208
2023-06-01 07:16:00,50.1,50.1,206,209
2023-06-01 07:18:00,50.0,50.1,205,209
2023-06-01 07:20:00,50.1,50.0,207,210
2023-06-01 07:22:00,50.4,50.3,204,208
2023-06-01 07:24:00,49.9,49.9,202,205
2023-06-01 07:26:00,50.1,50.0,209,211
2023-06-01 07:28:00,50.2,50.2,209,212
2023-06-01 07:30:00,50.1,50.2,205,209
2023-06-01 07:32:00,50.1,50.0,206,209
2023-06-01 07:34:00,50.5,50.4,205,207
2023-06-01 07:36:00,50.1,50.0,203,206
2023-06-01 07:38:00,49.9,49.9,202,205
2023-06-01 07:40:00,50.4,50.4,197,199
2023-06-01 07:42:00,50.1,50.0,198,200
2023-06-01 07:44:00,50.2,50.2,207,209
2023-06-01 07:46:00,50.3,50.3,204,207
2023-06-01 07:48:00,50.3,50.2,207,209
2023-06-01 07:50:00,50.3,50.3,204,209
2023-06-01 07:52:00,51.0,51.1,239,243
2023-06-01 07:54:00,51.1,51.0,237,242
2023-06-01 07:56:00,51.1,51.2,238,242
2023-06-01 07:58:00,51.4,51.6,236,240
2023-06-01 08:00:00,51.4,51.4,234,239
2023-06-01 08:02:00,51.7,51.4,236,240
2023-06-01 08:04:00,51.2,51.1,236,242
2023-06-01 08:06:00,51.2,51.1,235,240
2023-06-01 08:08:00,51.1,51.2,236,240
2023-06-01 08:10:00,51.3,51.4,236,240
2023-06-01 08:12:00,51.1,51.0,234,239
2023-06-01 08:14:00,51.1,51.1,236,240
2023-06-01 08:16:00,51.4,51.4,234,238
2023-06-01 08:18:00,51.2,51.2,233,238
2023-06-01 08:20:00,51.3,51.1,233,238
2023-06-01 08:22:00,51.3,51.2,234,238
2023-06-01 08:24:00,51.0,51.0,231,229
2023-06-01 08:26:00,51.2,51.1,231,230
2023-06-01 08:28:00,51.4,51.3,233,238
2023-06-01 08:30:00,51.2,51.2,231,237
2023-06-01 08:32:00,51.4,51.3,232,237
2023-06-01 08:34:00,51.3,51.4,233,238
2023-06-01 08:36:00,51.2,51.2,232,238
2023-06-01 08:38:00,51.1,51.2,231,237
2023-06-01 08:40:00,51.2,51.1,233,237
2023-06-01 08:42:00,51.2,51.3,232,236
2023-06-01 08:44:00,51.2,51.2,231,237
2023-06-01 08:46:00,51.2,51.3,231,236
2023-06-01 08:48:00,51.1,51.1,228,236
2023-06-01 08:50:00,51.1,51.1,228,236
2023-06-01 08:52:00,51.2,51.1,229,236
2023-06-01 08:54:00,51.2,51.2,229,236
2023-06-01 08:56:00,51.1,51.1,228,236
2023-06-01 08:58:00,51.2,51.1,228,236
2023-06-01 09:00:00,51.4,51.4,233,237
2023-06-01 09:02:00,51.3,51.2,229,236
2023-06-01 09:04:00,51.3,51.3,230,236
2023-06-01 09:06:00,51.3,51.3,231,236
2023-06-01 09:08:00,51.2,51.2,231,237
2023-06-01 09:10:00,51.2,51.2,231,237
2023-06-01 09:12:00,51.3,51.2,233,237
2023-06-01 09:14:00,51.3,51.3,231,236
2023-06-01 09:16:00,51.3,51.3,231,236
2023-06-01 09:18:00,51.1,51.1,231,236
2023-06-01 09:20:00,51.3,51.2,228,236
2023-06-01 09:22:00,51.2,51.0,231,238
2023-06-01 09:24:00,51.5,51.5,233,237
2023-06-01 09:26:00,51.4,51.4,231,236
2023-06-01 09:28:00,51.5,51.5,229,236
2023-06-01 09:30:00,51.5,51.4,232,237
2023-06-01 09:32:00,51.5,51.5,232,237
2023-06-01 09:34:00,51.5,51.4,231,236
2023-06-01 09:36:00,51.4,51.4,231,236
2023-06-01 09:38:00,51.5,51.5,231,236
2023-06-01 09:40:00,51.5,51.5,227,234
2023-06-01 09:42:00,51.4,51.5,228,234
2023-06-01 09:44:00,51.5,51.5,229,235
2023-06-01 09:46:00,51.5,51.5,228,234
2023-06-01 09:48:00,51.4,51.3,228,234
2023-06-01 09:50:00,51.5,51.5,227,235
2023-06-01 09:52:00,51.2,51.3,228,234
2023-06-01 09:54:00,51.5,51.3,228,235
2023-06-01 09:56:00,51.4,51.5,229,235
2023-06-01 09:58:00,51.3,51.3,228,234
2023-06-01 10:00:00,51.2,51.3,228,234
2023-06-01 10:02:00,51.2,51.3,228,235
2023-06-01 10:04:00,51.3,51.2,228,234
2023-06-01 10:06:00,51.3,51.2,228,235
2023-06-01 10:08:00,51.3,51.3,228,235
2023-06-01 10:10:00,51.1,51.1,228,235
2023-06-01 10:12:00,51.0,50.9,227,235
2023-06-01 10:14:00,50.9,51.0,228,235
2023-06-01 10:16:00,50.9,50.9,227,234
2023-06-01 10:18:00,51.2,51.3,226,233
2023-06-01 10:20:00,51.2,51.3,228,234
2023-06-01 10:22:00,51.1,51.1,226,233
2023-06-01 10:24:00,51.0,50.9,228,234
2023-06-01 10:26:00,51.0,50.8,228,234
2023-06-01 10:28:00,50.7,50.7,227,234
2023-06-01 10:30:00,51.0,51.0,227,233
2023-06-01 10:32:00,51.0,51.0,228,234
2023-06-01 10:34:00,50.9,50.9,228,234
2023-06-01 10:36:00,51.0,51.0,227,233
2023-06-01 10:38:00,51.0,51.0,227,233
2023-06-01 10:40:00,50.8,50.8,227,233
2023-06-01 10:42:00,50.8,50.7,226,233
2023-06-01 10:44:00,50.8,50.6,227,233
2023-06-01 10:46:00,50.8,50.8,227,233
2023-06-01 10:48:00,50.7,50.6,226,233
2023-06-01 10:50:00,50.7,50.6,226,233
2023-06-01 10:52:00,50.9,50.7,228,234
2023-06-01 10:54:00,50.6,50.7,226,233
2023-06-01 10:56:00,50.8,50.8,226,233
2023-06-01 10:58:00,50.8,50.8,227,233
2023-06-01 11:00:00,50.7,50.5,226,233
2023-06-01 11:02:00,50.8,50.7,227,234
2023-06-01 11:04:00,50.6,50.6,228,234
2023-06-01 11:06:00,50.5,50.4,228,234
2023-06-01 11:08:00,50.6,50.5,228,234
2023-06-01 11:10:00,50.6,50.6,228,234
2023-06-01 11:12:00,50.8,50.8,228,234
2023-06-01 11:14:00,50.8,50.9,227,233
2023-06-01 11:16:00,50.6,50.5,229,235
2023-06-01 11:18:00,50.6,50.6,228,233
2023-06-01 11:20:00,50.7,50.7,227,233
2023-06-01 11:22:00,50.6,50.6,227,233
2023-06-01 11:24:00,50.8,50.7,227,233
2023-06-01 11:26:00,50.9,50.8,227,233
2023-06-01 11:28:00,50.8,50.8,227,233
2023-06-01 11:30:00,50.7,50.7,227,233
2023-06-01 11:32:00,50.7,50.7,227,234
2023-06-01 11:34:00,50.7,50.7,227,233
2023-06-01 11:36:00,50.8,50.8,227,233
2023-06-01 11:38:00,50.7,50.7,227,233
2023-06-01 11:40:00,50.7,50.7,227,233
2023-06-01 11:42:00,50.7,50.8,228,234
2023-06-01 11:44:00,50.6,50.6,227,233
2023-06-01 11:46:00,50.8,50.7,227,233
2023-06-01 11:48:00,50.6,50.5,229,234
2023-06-01 11:50:00,50.6,50.6,228,234
2023-06-01 11:52:00,50.2,50.1,226,233
2023-06-01 11:54:00,50.0,50.0,226,232
2023-06-01 11:56:00,50.2,50.2,226,232
2023-06-01 11:58:00,50.0,50.0,225,231
2023-06-01 12:00:00,49.9,50.0,225,231
2023-06-01 12:02:00,50.1,50.0,226,232
2023-06-01 12:04:00,50.0,49.8,223,231
2023-06-01 12:06:00,49.9,49.8,224,232
2023-06-01 12:08:00,50.0,49.9,226,232
2023-06-01 12:10:00,50.0,50.1,225,232
2023-06-01 12:12:00,50.0,49.9,225,232
2023-06-01 12:14:00,50.1,50.1,226,233
2023-06-01 12:16:00,50.1,50.0,225,232
2023-06-01 12:18:00,50.1,50.0,226,232
2023-06-01 12:20:00,50.2,50.1,226,232
2023-06-01 12:22:00,50.2,50.2,226,232
2023-06-01 12:24:00,50.1,50.1,226,232
2023-06-01 12:26:00,50.2,50.2,226,232
2023-06-01 12:28:00,50.4,50.2,226,232
2023-06-01 12:30:00,50.2,50.3,226,232
2023-06-01 12:32:00,50.1,50.1,226,232
2023-06-01 12:34:00,50.2,50.1,226,232
2023-06-01 12:36:00,50.1,50.1,226,232
2023-06-01 12:38:00,50.1,50.1,226,232
2023-06-01 12:40:00,50.2,50.2,226,232
2023-06-01 12:42:00,50.2,50.1,225,232
2023-06-01 12:44:00,50.1,50.1,225,233
2023-06-01 12:46:00,50.1,50.0,227,233
2023-06-01 12:48:00,50.1,50.2,226,232
2023-06-01 12:50:00,50.1,50.1,226,232
2023-06-01 12:52:00,50.1,50.1,226,233
2023-06-01 12:54:00,50.1,50.1,226,233
2023-06-01 12:56:00,50.1,50.1,226,232
2023-06-01 12:58:00,50.2,50.3,227,232
2023-06-01 13:00:00,50.2,50.1,226,233
2023-06-01 13:02:00,50.1,50.1,226,232
2023-06-01 13:04:00,50.2,50.1,226,232
2023-06-01 13:06:00,50.0,50.1,226,232
2023-06-01 13:08:00,50.0,50.0,226,232
2023-06-01 13:10:00,50.0,50.2,227,233
2023-06-01 13:12:00,50.4,50.3,226,232
2023-06-01 13:14:00,50.5,50.5,226,233
2023-06-01 13:16:00,50.7,50.7,228,233
2023-06-01 13:18:00,50.5,50.6,228,233
2023-06-01 13:20:00,50.6,50.5,226,233
2023-06-01 13:22:00,50.5,50.4,226,233
2023-06-01 13:24:00,50.5,50.5,227,233
2023-06-01 13:26:00,50.4,50.4,226,233
2023-06-01 13:28:00,50.4,50.5,226,233
2023-06-01 13:30:00,50.3,50.4,226,233
2023-06-01 13:32:00,50.3,50.3,226,233
2023-06-01 13:34:00,50.6,50.6,228,234
2023-06-01 13:36:00,50.7,50.7,228,234
2023-06-01 13:38:00,50.6,50.6,226,233
2023-06-01 13:40:00,50.6,50.6,227,234
2023-06-01 13:42:00,50.6,50.6,227,233
2023-06-01 13:44:00,50.7,50.6,227,234
2023-06-01 13:46:00,50.5,50.5,226,233
2023-06-01 13:48:00,50.5,50.5,228,234
2023-06-01 13:50:00,50.7,50.6,227,234
2023-06-01 13:52:00,50.5,50.6,226,234
2023-06-01 13:54:00,50.7,50.6,229,235
2023-06-01 13:56:00,50.6,50.6,227,234
2023-06-01 13:58:00,50.7,50.7,227,234
2023-06-01 14:00:00,50.7,50.7,228,234
2023-06-01 14:02:00,50.4,50.3,229,236
2023-06-01 14:04:00,50.5,50.5,227,234
2023-06-01 14:06:00,50.6,50.6,228,236
2023-06-01 14:08:00,50.5,50.6,227,234
2023-06-01 14:10:00,50.3,50.4,228,235
2023-06-01 14:12:00,50.4,50.4,228,234
2023-06-01 14:14:00,50.3,50.2,226,233
2023-06-01 14:16:00,50.2,50.2,226,233
2023-06-01 14:18:00,50.3,50.2,227,233
2023-06-01 14:20:00,50.1,50.3,227,233
2023-06-01 14:22:00,50.3,50.2,226,233
2023-06-01 14:24:00,50.2,50.3,228,234
2023-06-01 14:26:00,50.1,50.1,227,234
2023-06-01 14:28:00,50.1,50.2,227,233
2023-06-01 14:30:00,50.3,50.2,228,234
2023-06-01 14:32:00,50.3,50.3,227,233
2023-06-01 14:34:00,50.1,50.2,226,233
2023-06-01 14:36:00,50.2,50.3,227,233
2023-06-01 14:38:00,50.2,50.3,226,233
2023-06-01 14:40:00,50.2,50.3,227,233
2023-06-01 14:42:00,50.4,50.3,227,233
2023-06-01 14:44:00,50.3,50.3,226,233
2023-06-01 14:46:00,50.3,50.3,226,233
2023-06-01 14:48:00,50.2,50.3,227,234
2023-06-01 14:50:00,50.3,50.3,226,233
2023-06-01 14:52:00,50.2,50.2,226,233
2023-06-01 14:54:00,50.2,50.3,227,233
2023-06-01 14:56:00,50.1,50.2,226,233
2023-06-01 14:58:00,50.2,50.2,227,233
2023-06-01 15:00:00,50.3,50.3,227,233
2023-06-01 15:02:00,50.2,50.3,227,233
2023-06-01 15:04:00,50.2,50.2,227,233
2023-06-01 15:06:00,50.4,50.4,228,234
2023-06-01 15:08:00,50.2,50.3,227,233
2023-06-01 15:10:00,50.3,50.4,228,233
2023-06-01 15:12:00,50.2,50.3,228,234
2023-06-01 15:14:00,50.2,50.3,227,233
2023-06-01 15:16:00,50.1,50.1,226,233
2023-06-01 15:18:00,50.6,50.5,228,233
2023-06-01 15:20:00,50.5,50.5,227,233
2023-06-01 15:22:00,50.5,50.5,228,234
2023-06-01 15:24:00,50.3,50.4,228,233
2023-06-01 15:26:00,50.5,50.6,228,234
2023-06-01 15:28:00,50.7,50.6,228,234
2023-06-01 15:30:00,50.6,50.4,229,235
2023-06-01 15:32:00,50.5,50.7,228,234
2023-06-01 15:34:00,50.6,50.8,229,235
2023-06-01 15:36:00,50.6,50.6,229,235
2023-06-01 15:38:00,50.5,50.5,227,233
2023-06-01 15:40:00,50.6,50.5,228,234
2023-06-01 15:42:00,50.9,50.9,230,235
2023-06-01 15:44:00,51.0,50.9,228,235
2023-06-01 15:46:00,50.9,50.9,231,236
2023-06-01 15:48:00,50.9,50.8,231,236
2023-06-01 15:50:00,50.9,50.8,229,235
2023-06-01 15:52:00,51.2,51.2,229,235
2023-06-01 15:54:00,50.9,51.0,231,236
2023-06-01 15:56:00,50.9,52.0,228,236
2023-06-01 15:58:00,51.1,51.2,231,236
2023-06-01 16:00:00,51.2,51.2,231,236
2023-06-01 16:02:00,51.0,51.0,230,236
2023-06-01 16:04:00,49.7,49.8,200,203
2023-06-01 16:06:00,49.8,49.9,195,200
2023-06-01 16:08:00,50.2,50.1,197,202
2023-06-01 16:10:00,50.2,50.1,200,204
2023-06-01 16:12:00,49.8,49.9,194,199
2023-06-01 16:14:00,49.8,49.9,194,199
2023-06-01 16:16:00,50.2,50.2,191,197
2023-06-01 16:18:00,50,50.0,193,197
2023-06-01 16:20:00,50.1,50.0,189,192
2023-06-01 16:22:00,50.1,50.1,192,198
2023-06-01 16:24:00,50.1,50.2,192,198
2023-06-01 16:26:00,50.0,50.1,190,197
2023-06-01 16:28:00,50.2,50.1,192,197
2023-06-01 16:30:00,49.8,49.9,192,197
2023-06-01 16:32:00,49.9,49.7,192,198
2023-06-01 16:34:00,49.8,49.9,202,203
2023-06-01 16:36:00,49.8,49.9,197,199
2023-06-01 16:38:00,49.8,49.8,198,201
2023-06-01 16:40:00,50.1,50.1,197,199
2023-06-01 16:42:00,49.8,49.8,197,199
2023-06-01 16:44:00,49.7,49.7,190,194
2023-06-01 16:46:00,50.1,50.0,186,189
2023-06-01 16:48:00,50.4,50.3,189,193
2023-06-01 16:50:00,50.5,50.4,189,192
2023-06-01 16:52:00,50.1,50.2,188,191
2023-06-01 16:54:00,50.2,50.1,191,194
2023-06-01 16:56:00,50.4,50.3,184,188
2023-06-01 16:58:00,50.1,50.1,186,189
2023-06-01 17:00:00,50.3,50.4,185,188
2023-06-01 17:02:00,50.3,50.2,187,192
2023-06-01 17:04:00,50.2,50.2,194,196
2023-06-01 17:06:00,50.0,50.0,186,189
2023-06-01 17:08:00,50.4,50.4,188,191
2023-06-01 17:10:00,50.3,50.2,194,197
2023-06-01 17:12:00,50.4,50.4,190,192
2023-06-01 17:14:00,50.3,50.3,190,192
2023-06-01 17:16:00,50.2,50.2,191,194
2023-06-01 17:18:00,50.2,50.2,194,197
2023-06-01 17:20:00,50.3,50.3,194,196
2023-06-01 17:22:00,50.3,50.3,192,193
2023-06-01 17:24:00,50.3,50.3,189,191
2023-06-01 17:26:00,50.3,50.3,190,193
2023-06-01 17:28:00,50.4,50.5,196,197
2023-06-01 17:30:00,50.0,50.1,192,194
2023-06-01 17:32:00,50.2,50.2,192,194
2023-06-01 17:34:00,50.2,50.3,194,196
2023-06-01 17:36:00,50.2,50.1,197,201
2023-06-01 17:38:00,50.1,50.1,197,200
2023-06-01 17:40:00,50.3,50.3,199,201
2023-06-01 17:42:00,50.3,50.2,197,200
2023-06-01 17:44:00,50.2,50.1,196,199
2023-06-01 17:46:00,50.2,50.2,201,202
2023-06-01 17:48:00,50.2,50.4,197,200
2023-06-01 17:50:00,50.3,50.3,197,199
2023-06-01 17:52:00,50.3,50.3,195,198
2023-06-01 17:54:00,50.5,50.5,197,199
2023-06-01 17:56:00,50.3,50.2,197,200
2023-06-01 17:58:00,50.4,50.3,199,201
2023-06-01 18:00:00,50.3,50.2,197,199
2023-06-01 18:02:00,50.3,50.2,195,197
2023-06-01 18:04:00,50.4,50.4,196,198
2023-06-01 18:06:00,50.4,50.3,194,197
2023-06-01 18:08:00,50.3,50.3,190,192
2023-06-01 18:10:00,50.2,50.2,191,193
2023-06-01 18:12:00,50.3,50.3,197,198
2023-06-01 18:14:00,50.2,50.3,190,194
2023-06-01 18:16:00,50.2,50.2,195,197
2023-06-01 18:18:00,50.1,50.2,193,196
2023-06-01 18:20:00,50.3,50.3,192,197
2023-06-01 18:22:00,49.9,49.9,191,196
2023-06-01 18:24:00,50.0,50.0,185,191
2023-06-01 18:26:00,50.1,50.1,186,192
2023-06-01 18:28:00,50.0,49.9,180,186
2023-06-01 18:30:00,49.9,49.9,192,195
2023-06-01 18:32:00,50.0,50.0,191,194
2023-06-01 18:34:00,50.2,50.1,185,192
2023-06-01 18:36:00,50.1,50.2,188,194
2023-06-01 18:38:00,50.2,50.2,187,193
2023-06-01 18:40:00,50.0,50.2,189,194
2023-06-01 18:42:00,50.1,50.1,192,197
2023-06-01 18:44:00,50.1,50.0,187,186
2023-06-01 18:46:00,50.2,50.1,187,184
2023-06-01 18:48:00,50.2,50.2,188,185
2023-06-01 18:50:00,49.9,49.9,187,185
2023-06-01 18:52:00,49.9,49.8,190,193
2023-06-01 18:54:00,50.0,50.0,189,194
2023-06-01 18:56:00,50.0,49.9,190,190
2023-06-01 18:58:00,50.1,50.1,191,194
2023-06-01 19:00:00,50.0,50.1,192,192
2023-06-01 19:02:00,50.0,49.9,192,194
2023-06-01 19:04:00,50.0,50.1,195,197
2023-06-01 19:06:00,50.1,50.2,197,199
2023-06-01 19:08:00,50.2,50.1,194,197
2023-06-01 19:10:00,50.2,50.2,195,197
2023-06-01 19:12:00,50.0,50.0,196,197
2023-06-01 19:14:00,49.9,49.9,197,198
2023-06-01 19:16:00,50.2,50.2,197,199
2023-06-01 19:18:00,50.0,50.0,197,197
2023-06-01 19:20:00,50.3,50.3,195,198
2023-06-01 19:22:00,50.1,50.2,194,197
2023-06-01 19:24:00,49.9,50.1,194,197
2023-06-01 19:26:00,50.2,50.2,196,197
2023-06-01 19:28:00,50.1,50.0,194,194
2023-06-01 19:30:00,50.0,49.9,194,196
2023-06-01 19:32:00,50.0,50.0,193,197
2023-06-01 19:34:00,50.1,50.0,196,199
2023-06-01 19:36:00,49.9,50.0,199,200
2023-06-01 19:38:00,50.0,50.1,194,197
2023-06-01 19:40:00,50.2,50.2,197,199
2023-06-01 19:42:00,50.2,50.0,194,202
2023-06-01 19:44:00,50.2,50.1,187,197
2023-06-01 19:46:00,50.0,50.1,199,200
2023-06-01 19:48:00,50.2,50.2,194,204
2023-06-01 19:50:00,50.2,50.2,193,201
2023-06-01 19:52:00,50.1,50.0,199,202
2023-06-01 19:54:00,50.1,50.0,199,200
2023-06-01 19:56:00,50.1,50.0,197,199
2023-06-01 19:58:00,50.3,50.2,200,200
2023-06-01 20:00:00,50.4,50.3,199,202
2023-06-01 20:02:00,50.0,50.1,194,197
2023-06-01 20:04:00,50.4,50.4,199,199
2023-06-01 20:06:00,50.2,50.2,196,201
2023-06-01 20:08:00,50.3,50.3,196,199
2023-06-01 20:10:00,50.4,50.4,200,202
2023-06-01 20:12:00,50.1,50.2,199,202
2023-06-01 20:14:00,50.1,50.1,197,200
2023-06-01 20:16:00,50.4,50.4,200,203
2023-06-01 20:18:00,50.1,50.0,194,197
2023-06-01 20:20:00,50.2,50.2,197,199
2023-06-01 20:22:00,50.0,50.0,197,200
2023-06-01 20:24:00,50.1,50.1,197,199
2023-06-01 20:26:00,50.3,50.3,197,200
2023-06-01 20:28:00,50.1,50.1,199,201
2023-06-01 20:30:00,50.2,50.2,199,202
2023-06-01 20:32:00,50.2,50.3,200,202
2023-06-01 20:34:00,50.1,50.1,199,202
2023-06-01 20:36:00,50.2,50.1,198,202
2023-06-01 20:38:00,50.2,50.1,199,202
2023-06-01 20:40:00,50.0,50.0,200,203
2023-06-01 20:42:00,50.1,50.1,199,202
2023-06-01 20:44:00,50.3,50.3,194,200
2023-06-01 20:46:00,49.9,49.9,194,199
2023-06-01 20:48:00,50.3,50.3,194,200
2023-06-01 20:50:00,50.3,50.2,199,202
2023-06-01 20:52:00,50.5,50.5,202,204
2023-06-01 20:54:00,50.5,50.6,201,204
2023-06-01 20:56:00,50.3,50.2,204,206
2023-06-01 20:58:00,49.9,49.9,200,202
2023-06-01 21:00:00,49.9,49.9,200,203
2023-06-01 21:02:00,50.3,50.3,201,203
2023-06-01 21:04:00,50.3,50.2,202,204
2023-06-01 21:06:00,50.1,50.2,200,202
2023-06-01 21:08:00,50.1,50.1,203,204
2023-06-01 21:10:00,50.7,50.7,202,205
2023-06-01 21:12:00,50.3,50.4,202,206
2023-06-01 21:14:00,50.3,50.5,204,206
2023-06-01 21:16:00,50.3,50.3,202,204
2023-06-01 21:18:00,50.4,50.4,201,204
2023-06-01 21:20:00,50.4,50.5,201,203
2023-06-01 21:22:00,50.3,50.2,199,202
2023-06-01 21:24:00,50.1,50.1,200,202
2023-06-01 21:26:00,50.4,50.5,199,202
2023-06-01 21:28:00,50.4,50.4,199,202
2023-06-01 21:30:00,50.5,50.5,199,202
2023-06-01 21:32:00,50.4,50.3,200,202
2023-06-01 21:34:00,50.5,50.5,199,203
2023-06-01 21:36:00,50.5,50.5,201,204
2023-06-01 21:38:00,50.5,50.3,205,207
2023-06-01 21:40:00,49.9,50.0,203,206
2023-06-01 21:42:00,50.2,50.2,204,206
2023-06-01 21:44:00,50.2,50.2,204,206
2023-06-01 21:46:00,50.3,50.3,202,204
2023-06-01 21:48:00,50.3,50.2,207,207
2023-06-01 21:50:00,50.1,50.1,205,208
2023-06-01 21:52:00,50.0,50.0,204,207
2023-06-01 21:54:00,50.1,50.2,207,207
2023-06-01 21:56:00,50.0,50.0,204,207
2023-06-01 21:58:00,50.3,50.3,208,210
2023-06-01 22:00:00,50.2,50.3,207,209
2023-06-01 22:02:00,50.1,50.1,205,208
2023-06-01 22:04:00,50.4,50.3,206,209
2023-06-01 22:06:00,50.2,50.2,209,211
2023-06-01 22:08:00,50.1,50.2,207,209
2023-06-01 22:10:00,50.3,50.2,209,211
2023-06-01 22:12:00,50.3,50.3,211,214
2023-06-01 22:14:00,50.3,50.3,210,212
2023-06-01 22:16:00,50.2,50.2,210,213
2023-06-01 22:18:00,50.4,50.4,209,213
2023-06-01 22:20:00,50.4,50.4,209,211
2023-06-01 22:22:00,50.3,50.2,213,214
2023-06-01 22:24:00,50.3,50.3,209,212
2023-06-01 22:26:00,50.2,50.2,207,210
2023-06-01 22:28:00,50.4,50.3,204,207
2023-06-01 22:30:00,50.5,50.5,204,207
2023-06-01 22:32:00,50.3,50.3,204,207
2023-06-01 22:34:00,50.3,50.3,209,211
2023-06-01 22:36:00,50.4,50.4,208,211
2023-06-01 22:38:00,50.5,50.4,209,212
2023-06-01 22:40:00,50.4,50.4,210,211
2023-06-01 22:42:00,50.4,50.4,209,212
2023-06-01 22:44:00,50.3,50.2,209,213
2023-06-01 22:46:00,50.6,50.5,209,212
2023-06-01 22:48:00,50.6,50.6,213,216
2023-06-01 22:50:00,50.3,50.3,211,214
2023-06-01 22:52:00,50.5,50.4,214,216
2023-06-01 22:54:00,50.5,50.5,215,218
2023-06-01 22:56:00,50.2,50.2,214,216
2023-06-01 22:58:00,50.3,50.2,216,217
2023-06-01 23:00:00,50.5,50.4,214,218
2023-06-01 23:02:00,50.3,50.3,215,219
2023-06-01 23:04:00,50.4,50.4,215,218
2023-06-01 23:06:00,50.4,50.4,214,217
2023-06-01 23:08:00,50.4,50.4,214,218
2023-06-01 23:10:00,50.4,50.5,214,217
2023-06-01 23:12:00,50.4,50.4,214,218
2023-06-01 23:14:00,50.6,50.6,214,218
2023-06-01 23:16:00,50.5,50.5,216,219
2023-06-01 23:18:00,50.2,50.2,215,218
2023-06-01 23:20:00,50.5,50.5,215,218
2023-06-01 23:22:00,50.3,50.3,216,219
2023-06-01 23:24:00,50.4,50.4,215,218
2023-06-01 23:26:00,50.6,50.6,218,220
2023-06-01 23:28:00,50.4,50.3,216,219
2023-06-01 23:30:00,50.6,50.5,216,220
2023-06-01 23:32:00,50.5,50.5,220,222
2023-06-01 23:34:00,50.4,50.4,219,221
2023-06-01 23:36:00,50.7,50.7,219,222
2023-06-01 23:38:00,50.3,50.3,219,221
2023-06-01 23:40:00,50.6,50.6,217,220
2023-06-01 23:42:00,50.4,50.3,218,220
2023-06-01 23:44:00,50.6,50.6,218,221
2023-06-01 23:46:00,50.4,50.5,219,221
2023-06-01 23:48:00,50.5,50.5,219,221
2023-06-01 23:50:00,50.4,50.5,220,222
2023-06-01 23:52:00,50.4,50.4,218,220
2023-06-01 23:54:00,50.6,50.6,219,221
2023-06-01 23:56:00,50.7,50.6,220,222
2023-06-01 23:58:00,50.3,50.2,219,221
2023-06-02 00:00:00,50.8,50.7,220,222
2023-06-02 00:02:00,50.4,50.5,219,221
2023-06-02 00:04:00,50.6,50.6,218,221
2023-06-02 00:06:00,50.3,50.3,219,221
2023-06-02 00:08:00,50.3,50.3,218,221
2023-06-02 00:10:00,50.6,50.6,219,221
2023-06-02 00:12:00,50.4,50.4,221,222
2023-06-02 00:14:00,50.5,50.5,218,221
2023-06-02 00:16:00,50.6,50.5,219,222
2023-06-02 00:18:00,50.4,50.5,221,223
2023-06-02 00:20:00,50.5,50.5,219,222
2023-06-02 00:22:00,50.6,50.6,219,221
2023-06-02 00:24:00,50.3,50.4,221,222
2023-06-02 00:26:00,50.7,50.6,221,223
2023-06-02 00:28:00,50.5,50.5,220,222
2023-06-02 00:30:00,50.5,50.5,221,223
2023-06-02 00:32:00,50.5,50.5,219,222
2023-06-02 00:34:00,50.5,50.5,220,223
2023-06-02 00:36:00,50.6,50.7,221,223
2023-06-02 00:38:00,50.6,50.6,219,222
2023-06-02 00:40:00,50.6,50.5,220,223
2023-06-02 00:42:00,50.6,50.6,222,224
2023-06-02 00:44:00,50.5,50.5,221,223
2023-06-02 00:46:00,50.6,50.5,220,223
2023-06-02 00:48:00,50.7,50.6,222,224
2023-06-02 00:50:00,50.5,50.5,221,224
2023-06-02 00:52:00,50.3,50.3,221,223
2023-06-02 00:54:00,50.6,50.5,223,226
2023-06-02 00:56:00,50.5,50.5,222,224
2023-06-02 00:58:00,50.7,50.7,221,224
2023-06-02 01:00:00,50.5,50.6,221,224
2023-06-02 01:02:00,50.2,50.1,220,223
2023-06-02 01:04:00,50.4,50.4,220,223
2023-06-02 01:06:00,50.4,50.4,222,224
2023-06-02 01:08:00,50.5,50.5,222,224
2023-06-02 01:10:00,50.6,50.6,220,223
2023-06-02 01:12:00,50.6,50.5,221,223
2023-06-02 01:14:00,50.5,50.4,221,223
2023-06-02 01:16:00,50.6,50.6,220,223
2023-06-02 01:18:00,50.5,50.5,221,223
2023-06-02 01:20:00,50.4,50.4,221,223
2023-06-02 01:22:00,50.6,50.7,219,222
2023-06-02 01:24:00,50.6,50.6,222,224
2023-06-02 01:26:00,50.7,50.7,222,224
2023-06-02 01:28:00,50.5,50.6,221,223
2023-06-02 01:30:00,50.6,50.6,222,225
2023-06-02 01:32:00,50.4,50.4,223,225
2023-06-02 01:34:00,50.6,50.6,221,223
2023-06-02 01:36:00,50.5,50.5,222,224
2023-06-02 01:38:00,50.5,50.5,222,224
2023-06-02 01:40:00,50.6,50.5,221,223
2023-06-02 01:42:00,50.5,50.4,221,224
2023-06-02 01:44:00,50.5,50.6,223,225
2023-06-02 01:46:00,50.5,50.5,221,224
2023-06-02 01:48:00,50.6,50.5,223,226
2023-06-02 01:50:00,50.3,50.3,223,225
2023-06-02 01:52:00,50.5,50.5,221,224
2023-06-02 01:54:00,50.5,50.5,223,225
2023-06-02 01:56:00,50.6,50.6,223,226
2023-06-02 01:58:00,50.5,50.5,221,224
2023-06-02 02:00:00,50.4,50.5,223,226
2023-06-02 02:02:00,50.5,50.5,221,223
2023-06-02 02:04:00,50.5,50.6,221,223
2023-06-02 02:06:00,50.8,50.8,223,225
2023-06-02 02:08:00,50.6,50.6,221,224
2023-06-02 02:10:00,50.7,50.7,221,223
2023-06-02 02:12:00,50.5,50.5,221,224
2023-06-02 02:14:00,50.6,50.6,221,224
2023-06-02 02:16:00,50.6,50.5,221,224
2023-06-02 02:18:00,50.7,50.7,223,225
2023-06-02 02:20:00,50.7,50.7,221,224
2023-06-02 02:22:00,50.7,50.7,221,223
2023-06-02 02:24:00,50.6,50.6,223,226
2023-06-02 02:26:00,50.5,50.5,222,226
2023-06-02 02:28:00,50.6,50.6,223,226
2023-06-02 02:30:00,50.5,50.5,225,226
2023-06-02 02:32:00,50.6,50.6,222,225
2023-06-02 02:34:00,50.8,50.7,223,226
2023-06-02 02:36:00,50.6,50.5,224,226
2023-06-02 02:38:00,50.6,50.6,223,226
2023-06-02 02:40:00,50.7,50.7,223,226
2023-06-02 02:42:00,50.5,50.5,223,226
2023-06-02 02:44:00,50.5,50.5,223,226
2023-06-02 02:46:00,50.7,50.7,224,226
2023-06-02 02:48:00,50.5,50.5,225,228
2023-06-02 02:50:00,50.5,50.5,223,226
2023-06-02 02:52:00,50.7,50.7,223,226
2023-06-02 02:54:00,50.5,50.5,225,227
2023-06-02 02:56:00,50.7,50.6,224,227
2023-06-02 02:58:00,50.5,50.5,225,227
2023-06-02 03:00:00,50.5,50.6,226,228
2023-06-02 03:02:00,50.4,50.4,223,226
2023-06-02 03:04:00,50.5,50.5,223,226
2023-06-02 03:06:00,50.7,50.7,224,226
2023-06-02 03:08:00,50.3,50.3,218,221
2023-06-02 03:10:00,50.7,50.6,218,220
2023-06-02 03:12:00,50.7,50.7,218,220
2023-06-02 03:14:00,50.6,50.6,219,221
2023-06-02 03:16:00,50.5,50.6,219,221
2023-06-02 03:18:00,50.6,50.6,217,220
2023-06-02 03:20:00,50.7,50.6,218,221
2023-06-02 03:22:00,50.7,50.7,219,221
2023-06-02 03:24:00,50.5,50.5,218,221
2023-06-02 03:26:00,50.7,50.7,217,220
2023-06-02 03:28:00,50.5,50.6,218,220
2023-06-02 03:30:00,50.5,50.5,216,219
2023-06-02 03:32:00,50.6,50.6,218,221
2023-06-02 03:34:00,50.8,50.7,219,222
2023-06-02 03:36:00,50.6,50.6,218,221
2023-06-02 03:38:00,50.4,50.4,221,223
2023-06-02 03:40:00,50.7,50.6,219,222
2023-06-02 03:42:00,50.5,50.6,217,221
2023-06-02 03:44:00,50.5,50.5,219,221
2023-06-02 03:46:00,50.7,50.7,220,223
2023-06-02 03:48:00,50.5,50.6,218,221
2023-06-02 03:50:00,50.6,50.6,219,222
2023-06-02 03:52:00,50.5,50.5,219,221
2023-06-02 03:54:00,50.5,50.6,218,221
2023-06-02 03:56:00,50.6,50.5,219,221
2023-06-02 03:58:00,50.5,50.5,217,220
2023-06-02 04:00:00,50.5,50.5,217,220
2023-06-02 04:02:00,50.5,50.6,216,220
2023-06-02 04:04:00,50.6,50.5,215,219
2023-06-02 04:06:00,50.5,50.5,216,219
2023-06-02 04:08:00,50.5,50.5,216,218
2023-06-02 04:10:00,50.3,50.3,216,219
2023-06-02 04:12:00,50.5,50.5,219,221
2023-06-02 04:14:00,50.6,50.5,219,221
2023-06-02 04:16:00,50.5,50.5,219,221
2023-06-02 04:18:00,50.6,50.5,217,221
2023-06-02 04:20:00,50.5,50.6,218,219
2023-06-02 04:22:00,50.6,50.6,216,219
2023-06-02 04:24:00,50.5,50.5,216,219
2023-06-02 04:26:00,50.5,50.5,217,219
2023-06-02 04:28:00,50.6,50.5,217,220
2023-06-02 04:30:00,50.5,50.5,217,219
2023-06-02 04:32:00,50.5,50.5,226,228
2023-06-02 04:34:00,50.5,50.6,224,226
2023-06-02 04:36:00,50.5,50.5,219,221
2023-06-02 04:38:00,50.5,50.4,216,219
2023-06-02 04:40:00,50.5,50.6,214,217
2023-06-02 04:42:00,50.5,50.5,219,222
2023-06-02 04:44:00,50.5,50.5,222,224
2023-06-02 04:46:00,50.6,50.5,218,221
2023-06-02 04:48:00,50.5,50.5,219,221
2023-06-02 04:50:00,50.6,50.7,219,221
2023-06-02 04:52:00,50.5,50.5,222,226
2023-06-02 04:54:00,50.5,50.5,221,223
2023-06-02 04:56:00,50.5,50.5,219,222
2023-06-02 04:58:00,50.5,50.5,216,219
2023-06-02 05:00:00,50.5,50.5,222,224
2023-06-02 05:02:00,50.4,50.4,221,223
2023-06-02 05:04:00,50.7,50.7,219,223
2023-06-02 05:06:00,50.4,50.5,216,219
2023-06-02 05:08:00,50.5,50.5,216,219
2023-06-02 05:10:00,50.4,50.4,217,221
2023-06-02 05:12:00,50.6,50.6,218,220
2023-06-02 05:14:00,50.4,50.4,216,219
2023-06-02 05:16:00,50.5,50.5,216,219
2023-06-02 05:18:00,50.4,50.4,214,216
2023-06-02 05:20:00,50.6,50.6,212,215
2023-06-02 05:22:00,50.3,50.4,211,214
2023-06-02 05:24:00,50.4,50.4,215,217
2023-06-02 05:26:00,50.6,50.6,214,216
2023-06-02 05:28:00,50.3,50.3,216,219
2023-06-02 05:30:00,50.4,50.4,217,219
2023-06-02 05:32:00,50.2,50.2,214,217
2023-06-02 05:34:00,50.4,50.4,212,216
2023-06-02 05:36:00,50.4,50.4,213,216
2023-06-02 05:38:00,50.3,50.4,213,216
2023-06-02 05:40:00,50.5,50.5,214,216
2023-06-02 05:42:00,50.5,50.5,216,219
2023-06-02 05:44:00,50.3,50.3,213,216
2023-06-02 05:46:00,50.2,50.3,213,216
2023-06-02 05:48:00,50.4,50.4,214,216
2023-06-02 05:50:00,50.2,50.1,213,216
2023-06-02 05:52:00,50.3,50.2,212,214
2023-06-02 05:54:00,50.3,50.3,214,216
2023-06-02 05:56:00,50.4,50.4,216,219
2023-06-02 05:58:00,50.3,50.4,211,214
2023-06-02 06:00:00,50.5,50.5,210,213
2023-06-02 06:02:00,50.0,50.0,204,207
2023-06-02 06:04:00,50.4,50.4,212,215
2023-06-02 06:06:00,50.4,50.4,204,201
2023-06-02 06:08:00,50.4,50.4,207,204
2023-06-02 06:10:00,50.3,50.3,204,201
2023-06-02 06:12:00,50.3,50.3,207,203
2023-06-02 06:14:00,50.3,50.3,207,210
2023-06-02 06:16:00,50.4,50.4,208,211
2023-06-02 06:18:00,50.2,50.2,207,209
2023-06-02 06:20:00,50.3,50.3,200,203
2023-06-02 06:22:00,50.5,50.5,207,209
2023-06-02 06:24:00,50.3,50.3,204,206
2023-06-02 06:26:00,50.3,50.2,204,207
2023-06-02 06:28:00,50.3,50.3,204,207
2023-06-02 06:30:00,50.2,50.1,204,207
2023-06-02 06:32:00,50.3,50.4,202,209
2023-06-02 06:34:00,50.2,50.3,199,206
2023-06-02 06:36:00,50.1,50.2,204,206
2023-06-02 06:38:00,50.3,50.4,198,204
2023-06-02 06:40:00,50.3,50.3,187,195
2023-06-02 06:42:00,50.4,50.3,190,197
2023-06-02 06:44:00,50.5,50.5,190,198
2023-06-02 06:46:00,50.5,50.6,204,209
2023-06-02 06:48:00,50.3,50.2,193,201
2023-06-02 06:50:00,50.6,50.6,199,204
2023-06-02 06:52:00,50.4,50.4,200,205
2023-06-02 06:54:00,50.3,50.3,194,202
2023-06-02 06:56:00,50.3,50.4,194,200
2023-06-02 06:58:00,50.5,50.5,202,204
2023-06-02 07:00:00,50.4,50.4,197,203
2023-06-02 07:02:00,50.5,50.5,194,202
2023-06-02 07:04:00,50.3,50.2,197,204
2023-06-02 07:06:00,50.3,50.4,205,209
2023-06-02 07:08:00,50.5,50.4,207,209
2023-06-02 07:10:00,50.3,50.2,194,203
2023-06-02 07:12:00,50.2,50.3,202,209
2023-06-02 07:14:00,50.2,50.2,194,202
2023-06-02 07:16:00,50.2,50.3,200,205
2023-06-02 07:18:00,50.5,50.5,198,207
2023-06-02 07:20:00,50.1,50.2,190,198
2023-06-02 07:22:00,50.4,50.4,199,204
2023-06-02 07:24:00,50.3,50.2,208,210
2023-06-02 07:26:00,50.4,50.3,199,204
2023-06-02 07:28:00,50.3,50.3,199,204
2023-06-02 07:30:00,50.4,50.3,202,205
2023-06-02 07:32:00,50.3,50.4,207,209
2023-06-02 07:34:00,50.2,50.2,208,209
2023-06-02 07:36:00,50.4,50.3,211,213
2023-06-02 07:38:00,50.3,50.3,204,208
2023-06-02 07:40:00,50.3,50.3,209,211
2023-06-02 07:42:00,50.2,50.2,211,214
2023-06-02 07:44:00,50.3,50.3,199,203
2023-06-02 07:46:00,50.2,50.2,201,204
2023-06-02 07:48:00,50.2,50.2,202,204
2023-06-02 07:50:00,50.3,50.3,201,205
2023-06-02 07:52:00,50.2,50.3,207,209
2023-06-02 07:54:00,50.1,50.1,203,207
2023-06-02 07:56:00,50.3,50.3,201,205
2023-06-02 07:58:00,50.0,50.0,205,207
2023-06-02 08:00:00,50.2,50.2,200,203
2023-06-02 08:02:00,50.8,50.9,235,240
2023-06-02 08:04:00,50.8,50.8,233,239
2023-06-02 08:06:00,50.7,50.7,233,238
2023-06-02 08:08:00,50.7,50.6,233,239
2023-06-02 08:10:00,50.7,50.7,233,238
2023-06-02 08:12:00,50.9,50.7,234,239
2023-06-02 08:14:00,51.0,50.9,232,237
2023-06-02 08:16:00,50.9,50.9,229,236
2023-06-02 08:18:00,50.8,50.8,230,229
2023-06-02 08:20:00,50.9,50.9,228,229
2023-06-02 08:22:00,50.8,50.7,228,228
2023-06-02 08:24:00,50.9,50.9,232,237
2023-06-02 08:26:00,50.9,50.9,231,236
2023-06-02 08:28:00,50.7,50.7,230,236
2023-06-02 08:30:00,50.7,50.7,232,237
2023-06-02 08:32:00,50.9,50.9,231,237
2023-06-02 08:34:00,50.9,50.7,232,238
2023-06-02 08:36:00,50.9,50.9,233,238
2023-06-02 08:38:00,50.9,51.1,232,238
2023-06-02 08:40:00,50.6,50.6,228,236
2023-06-02 08:42:00,50.7,50.8,228,236
2023-06-02 08:44:00,51.0,51.1,231,237
2023-06-02 08:46:00,51.0,51.0,231,236
2023-06-02 08:48:00,50.9,50.9,232,237
2023-06-02 08:50:00,50.9,51.0,231,237
2023-06-02 08:52:00,50.8,50.9,231,237
2023-06-02 08:54:00,50.7,50.7,231,236
2023-06-02 08:56:00,51.1,51.0,231,236
2023-06-02 08:58:00,51.1,51.1,231,236
2023-06-02 09:00:00,51.2,51.3,229,234
2023-06-02 09:02:00,51.1,51.2,228,234
2023-06-02 09:04:00,50.9,51.0,228,234
2023-06-02 09:06:00,51.1,51.1,229,235
2023-06-02 09:08:00,51.0,51.1,225,233
2023-06-02 09:10:00,50.8,50.8,224,233
2023-06-02 09:12:00,51.0,51.0,225,233
2023-06-02 09:14:00,50.9,51.1,223,233
2023-06-02 09:16:00,51.1,50.9,223,233
2023-06-02 09:18:00,50.5,50.5,221,232
2023-06-02 09:20:00,50.2,50.3,227,233
2023-06-02 09:22:00,50.2,50.1,228,234
2023-06-02 09:24:00,50.2,50.2,228,234
2023-06-02 09:26:00,50.3,50.2,226,233
2023-06-02 09:28:00,50.1,50.2,226,233
2023-06-02 09:30:00,50.2,50.2,228,233
2023-06-02 09:32:00,50.3,50.1,226,233
2023-06-02 09:34:00,50.1,50.2,227,233
2023-06-02 09:36:00,50.3,50.2,228,233
2023-06-02 09:38:00,50.3,50.3,227,233
2023-06-02 09:40:00,50.2,50.3,227,233
2023-06-02 09:42:00,50.3,50.3,228,233
2023-06-02 09:44:00,50.1,50.1,228,233
2023-06-02 09:46:00,50.1,50.2,226,233
2023-06-02 09:48:00,50.1,50.1,227,233
2023-06-02 09:50:00,50.2,50.4,228,233
2023-06-02 09:52:00,50.0,50.2,227,233
2023-06-02 09:54:00,49.8,49.8,228,234
2023-06-02 09:56:00,50.0,50.0,228,235
2023-06-02 09:58:00,50,50.0,228,233
2023-06-02 10:00:00,50.2,50.4,228,233
2023-06-02 10:02:00,50.3,50.3,228,233
2023-06-02 10:04:00,50.3,50.4,228,233
2023-06-02 10:06:00,50.0,50.1,226,226
2023-06-02 10:08:00,50.2,50.3,228,233
2023-06-02 10:10:00,50.3,50.2,228,233
2023-06-02 10:12:00,50.1,50.2,226,233
2023-06-02 10:14:00,50.3,50.2,229,233
2023-06-02 10:16:00,50.1,50.1,227,233
2023-06-02 10:18:00,49.9,49.9,227,232
2023-06-02 10:20:00,50.3,50,228,233
2023-06-02 10:22:00,50.1,50.0,228,233
2023-06-02 10:24:00,49.9,49.8,227,233
2023-06-02 10:26:00,49.9,49.9,226,232
2023-06-02 10:28:00,50.1,50.0,228,233
2023-06-02 10:30:00,50.1,50.2,228,233
2023-06-02 10:32:00,50.1,50.1,229,233
2023-06-02 10:34:00,50.0,50.1,228,233
2023-06-02 10:36:00,50.2,50.2,228,234
2023-06-02 10:38:00,50.2,50.2,229,234
2023-06-02 10:40:00,50.0,50.0,228,233
2023-06-02 10:42:00,50.2,50.2,227,233
2023-06-02 10:44:00,50.8,50.8,230,235
2023-06-02 10:46:00,50.7,50.6,228,234
2023-06-02 10:48:00,50.7,50.7,228,233
2023-06-02 10:50:00,50.5,50.6,230,234
2023-06-02 10:52:00,50.5,50.6,228,234
2023-06-02 10:54:00,50.7,50.8,229,235
2023-06-02 10:56:00,50.7,50.7,229,234
2023-06-02 10:58:00,50.6,50.6,229,235
2023-06-02 11:00:00,50.6,50.5,228,234
2023-06-02 11:02:00,50.9,50.9,228,235
2023-06-02 11:04:00,51.0,51.0,228,234
2023-06-02 11:06:00,50.9,50.8,228,234
2023-06-02 11:08:00,50.9,50.9,228,233
2023-06-02 11:10:00,50.7,50.9,227,233
2023-06-02 11:12:00,51.0,51.1,227,233
2023-06-02 11:14:00,50.9,51.0,228,233
2023-06-02 11:16:00,51.0,51.1,229,235
2023-06-02 11:18:00,51.0,51.0,228,234
2023-06-02 11:20:00,50.7,50.9,229,233
2023-06-02 11:22:00,50.9,51.1,229,235
2023-06-02 11:24:00,50.9,50.8,229,235
2023-06-02 11:26:00,50.8,50.9,230,235
2023-06-02 11:28:00,50.9,50.9,228,234
2023-06-02 11:30:00,50.9,50.9,228,234
2023-06-02 11:32:00,51.0,51.0,230,235
2023-06-02 11:34:00,50.7,50.7,228,235
2023-06-02 11:36:00,50.7,50.7,228,234
2023-06-02 11:38:00,50.8,50.7,230,235
2023-06-02 11:40:00,50.6,50.7,227,233
2023-06-02 11:42:00,50.7,50.7,228,235
2023-06-02 11:44:00,50.5,50.5,228,234
2023-06-02 11:46:00,50.6,50.7,228,233
2023-06-02 11:48:00,50.6,50.6,228,235
2023-06-02 11:50:00,50.7,50.8,231,236
2023-06-02 11:52:00,50.6,50.7,231,236
2023-06-02 11:54:00,50.6,50.6,228,234
2023-06-02 11:56:00,50.7,50.6,228,233
2023-06-02 11:58:00,50.3,50.3,228,233
2023-06-02 12:00:00,50.0,50.2,227,233
2023-06-02 12:02:00,50.2,50.1,228,233
2023-06-02 12:04:00,50.2,50.2,228,233
2023-06-02 12:06:00,50.0,50.0,226,232
2023-06-02 12:08:00,50.0,50.1,227,233
2023-06-02 12:10:00,49.9,50.1,226,232
2023-06-02 12:12:00,49.8,49.8,222,231
2023-06-02 12:14:00,49.6,49.7,222,231
2023-06-02 12:16:00,49.9,49.8,227,232
2023-06-02 12:18:00,49.9,49.9,226,232
2023-06-02 12:20:00,49.9,49.9,226,232
2023-06-02 12:22:00,50.0,49.8,227,232
2023-06-02 12:24:00,49.8,49.8,227,232
2023-06-02 12:26:00,49.8,49.9,226,232
2023-06-02 12:28:00,49.9,50.0,227,232
2023-06-02 12:30:00,49.8,49.9,226,232
2023-06-02 12:32:00,49.8,49.9,226,231
2023-06-02 12:34:00,49.9,49.9,227,232
2023-06-02 12:36:00,49.8,49.8,225,232
2023-06-02 12:38:00,49.9,49.9,225,231
2023-06-02 12:40:00,50.0,50.0,226,232
2023-06-02 12:42:00,49.9,49.9,226,232
2023-06-02 12:44:00,49.9,49.9,226,231
2023-06-02 12:46:00,49.7,49.8,226,231
2023-06-02 12:48:00,49.7,49.8,226,231
2023-06-02 12:50:00,49.9,49.9,226,231
2023-06-02 12:52:00,49.9,49.9,226,231
2023-06-02 12:54:00,49.9,50.0,226,232
2023-06-02 12:56:00,50.1,50.1,226,233
2023-06-02 12:58:00,50.0,50.0,225,232
2023-06-02 13:00:00,50.0,50.1,227,233
2023-06-02 13:02:00,50.0,50.0,226,232
2023-06-02 13:04:00,50.1,50.0,226,232
2023-06-02 13:06:00,50.0,49.9,227,232
2023-06-02 13:08:00,50.0,50.0,226,232
2023-06-02 13:10:00,49.9,49.9,225,232
2023-06-02 13:12:00,50.3,50.2,225,233
2023-06-02 13:14:00,50.2,50.2,228,233
2023-06-02 13:16:00,50.2,50.2,226,233
2023-06-02 13:18:00,50.1,50.1,226,233
2023-06-02 13:20:00,50.2,50.1,227,233
2023-06-02 13:22:00,50.2,50.2,225,232
2023-06-02 13:24:00,50.1,50.2,226,233
2023-06-02 13:26:00,50.3,50.3,227,233
2023-06-02 13:28:00,50.5,50.4,228,233
2023-06-02 13:30:00,50.5,50.5,228,234
2023-06-02 13:32:00,50.3,50.3,228,233
2023-06-02 13:34:00,50.6,50.5,228,234
2023-06-02 13:36:00,50.6,50.5,227,234
2023-06-02 13:38:00,50.9,50.8,228,234
2023-06-02 13:40:00,50.8,50.8,228,235
2023-06-02 13:42:00,50.6,50.5,227,234
2023-06-02 13:44:00,50.5,50.5,227,233
2023-06-02 13:46:00,50.5,50.4,228,234
2023-06-02 13:48:00,50.4,50.3,228,235
2023-06-02 13:50:00,50.5,50.5,228,235
2023-06-02 13:52:00,50.7,50.8,229,235
2023-06-02 13:54:00,50.9,50.6,228,235
2023-06-02 13:56:00,50.4,50.6,226,233
2023-06-02 13:58:00,50.5,50.6,227,233
2023-06-02 14:00:00,50.5,50.5,228,234
2023-06-02 14:02:00,50.5,50.5,227,233
2023-06-02 14:04:00,50.5,50.4,228,233
2023-06-02 14:06:00,50.5,50.4,229,233
2023-06-02 14:08:00,50.4,50.4,227,233
2023-06-02 14:10:00,50.5,50.5,228,233
2023-06-02 14:12:00,50.6,50.6,229,235
2023-06-02 14:14:00,50.5,50.4,229,234
2023-06-02 14:16:00,50.4,50.5,228,234
2023-06-02 14:18:00,50.6,50.6,228,234
2023-06-02 14:20:00,50.5,50.4,228,233
2023-06-02 14:22:00,50.6,50.6,228,233
2023-06-02 14:24:00,50.4,50.3,227,233
2023-06-02 14:26:00,50.3,50.3,226,233
2023-06-02 14:28:00,50.1,50.2,227,233
2023-06-02 14:30:00,50.3,50.3,228,234
2023-06-02 14:32:00,50.4,50.5,227,233
2023-06-02 14:34:00,50.5,50.3,228,233
2023-06-02 14:36:00,50.5,50.5,229,234
2023-06-02 14:38:00,50.3,50.3,227,233
2023-06-02 14:40:00,50.6,50.5,228,234
2023-06-02 14:42:00,50.6,50.6,229,235
2023-06-02 14:44:00,50.5,50.4,227,233
2023-06-02 14:46:00,50.2,50.4,227,234
2023-06-02 14:48:00,50.4,50.5,228,233
2023-06-02 14:50:00,50.7,50.6,229,234
2023-06-02 14:52:00,50.6,50.7,228,233
2023-06-02 14:54:00,50.5,50.4,226,233
2023-06-02 14:56:00,50.3,50.5,227,233
2023-06-02 14:58:00,50.5,50.5,228,233
2023-06-02 15:00:00,50.4,50.4,227,233
2023-06-02 15:02:00,50.7,50.4,228,233
2023-06-02 15:04:00,50.6,50.5,228,233
2023-06-02 15:06:00,50.4,50.4,227,233
2023-06-02 15:08:00,50.5,50.4,226,233
2023-06-02 15:10:00,50.7,50.8,227,233
2023-06-02 15:12:00,50.7,50.6,228,233
2023-06-02 15:14:00,50.8,50.7,228,233
2023-06-02 15:16:00,50.6,50.6,225,233
2023-06-02 15:18:00,50.7,50.6,226,233
2023-06-02 15:20:00,50.7,50.7,228,234
2023-06-02 15:22:00,50.7,50.6,227,233
2023-06-02 15:24:00,50.7,50.6,227,233
2023-06-02 15:26:00,50.7,50.7,227,233
2023-06-02 15:28:00,50.7,50.7,228,234
2023-06-02 15:30:00,50.7,50.6,228,233
2023-06-02 15:32:00,50.7,50.8,228,233
2023-06-02 15:34:00,50.6,50.6,229,234
2023-06-02 15:36:00,51.0,50.9,226,233
2023-06-02 15:38:00,50.9,50.9,226,233
2023-06-02 15:40:00,50.9,51.0,227,233
2023-06-02 15:42:00,50.9,50.8,227,233
2023-06-02 15:44:00,50.9,51.0,226,233
2023-06-02 15:46:00,50.9,50.9,227,233
2023-06-02 15:48:00,50.8,50.8,227,232
2023-06-02 15:50:00,50.7,50.6,221,231
2023-06-02 15:52:00,50.6,50.6,221,231
2023-06-02 15:54:00,50.4,50.4,221,231
2023-06-02 15:56:00,51.1,51.0,228,233
2023-06-02 15:58:00,50.8,50.8,226,232
2023-06-02 16:00:00,50.8,51.0,223,232
2023-06-02 16:02:00,50.9,50.8,224,232
2023-06-02 16:04:00,51.0,51.0,224,233
2023-06-02 16:06:00,51.2,51.2,228,233
2023-06-02 16:08:00,51.3,51.2,228,234
2023-06-02 16:10:00,51.3,51.3,231,234
2023-06-02 16:12:00,51.2,51.2,229,234
2023-06-02 16:14:00,51.1,51.1,230,235
2023-06-02 16:16:00,51.3,51.4,231,234
2023-06-02 16:18:00,51.4,51.3,231,234
2023-06-02 16:20:00,51.2,51.2,230,235
2023-06-02 16:22:00,51.2,51.3,230,234
2023-06-02 16:24:00,51.3,51.4,232,235
2023-06-02 16:26:00,51.3,51.3,231,235
2023-06-02 16:28:00,51.4,51.3,231,235
2023-06-02 16:30:00,50.1,7874,142,165
2023-06-02 16:32:00,49.9,49.9,192,193
2023-06-02 16:34:00,50.1,50.2,186,189
2023-06-02 16:36:00,50.1,50.2,185,190
2023-06-02 16:38:00,50.1,50.1,188,190
2023-06-02 16:40:00,50.1,50.2,187,190
2023-06-02 16:42:00,50.1,50.1,190,192
2023-06-02 16:44:00,50.1,50.1,187,190
2023-06-02 16:46:00,49.8,49.7,188,191
2023-06-02 16:48:00,50.0,50.0,188,190
2023-06-02 16:50:00,50.0,50.0,183,188
2023-06-02 16:52:00,50.0,50.0,184,188
2023-06-02 16:54:00,50.0,50.0,186,188
2023-06-02 16:56:00,50.1,50.0,184,186
2023-06-02 16:58:00,49.9,50.0,187,190
2023-06-02 17:00:00,49.9,50,185,187
2023-06-02 17:02:00,50.2,50.2,184,187
2023-06-02 17:04:00,50.0,50.0,185,187
2023-06-02 17:06:00,49.8,49.8,184,185
2023-06-02 17:08:00,50.4,50.3,190,190
2023-06-02 17:10:00,50.1,50.2,189,192
2023-06-02 17:12:00,50.4,50.4,190,193
2023-06-02 17:14:00,50.3,50.3,192,195
2023-06-02 17:16:00,50.2,50.2,196,199
2023-06-02 17:18:00,50.1,50.1,194,197
2023-06-02 17:20:00,49.9,49.9,193,194
2023-06-02 17:22:00,50.3,50.3,194,197
2023-06-02 17:24:00,50.0,50.0,190,192
2023-06-02 17:26:00,50.3,50.3,192,193
2023-06-02 17:28:00,50.2,50.2,190,194
2023-06-02 17:30:00,50.0,50.1,190,193
2023-06-02 17:32:00,50.1,50.1,189,191
2023-06-02 17:34:00,49.6,49.6,190,193
2023-06-02 17:36:00,50.2,50.2,196,198
2023-06-02 17:38:00,50.3,50.3,194,194
2023-06-02 17:40:00,50.1,50.1,194,197
2023-06-02 17:42:00,50.0,50.0,191,192
2023-06-02 17:44:00,50.1,50.1,190,192
2023-06-02 17:46:00,50.3,50.4,197,199
2023-06-02 17:48:00,50.2,50.2,198,200
2023-06-02 17:50:00,50.1,50.0,190,194
2023-06-02 17:52:00,50.1,50.1,191,194
2023-06-02 17:54:00,50.1,50.2,197,199
2023-06-02 17:56:00,49.9,49.9,194,196
2023-06-02 17:58:00,50.2,50.2,198,201
2023-06-02 18:00:00,49.7,49.7,197,199
2023-06-02 18:02:00,50.0,50.0,192,194
2023-06-02 18:04:00,50.3,50.3,191,193
2023-06-02 18:06:00,49.9,49.9,193,196
2023-06-02 18:08:00,49.7,49.7,187,189
2023-06-02 18:10:00,50.2,50.2,185,190
2023-06-02 18:12:00,49.7,49.7,185,189
2023-06-02 18:14:00,49.8,49.9,186,190
2023-06-02 18:16:00,49.9,50.0,197,198
2023-06-02 18:18:00,50.0,50.0,192,194
2023-06-02 18:20:00,49.9,49.8,190,192
2023-06-02 18:22:00,49.7,49.7,188,192
2023-06-02 18:24:00,49.7,49.8,187,190
2023-06-02 18:26:00,49.7,49.7,193,195
2023-06-02 18:28:00,49.9,49.8,192,194
2023-06-02 18:30:00,49.7,49.8,182,185
2023-06-02 18:32:00,49.6,49.6,182,185
2023-06-02 18:34:00,50.0,50.0,181,184
2023-06-02 18:36:00,50.0,49.9,181,184
2023-06-02 18:38:00,50.0,50.1,191,193
2023-06-02 18:40:00,50.0,50.1,194,198
2023-06-02 18:42:00,49.9,50.0,197,199
2023-06-02 18:44:00,50.2,50.3,196,199
2023-06-02 18:46:00,49.5,49.5,193,196
2023-06-02 18:48:00,50.2,50.2,194,197
2023-06-02 18:50:00,50.0,50.0,193,197
2023-06-02 18:52:00,50.0,50.0,194,197
2023-06-02 18:54:00,49.9,49.8,196,198
2023-06-02 18:56:00,50.2,50.3,194,197
2023-06-02 18:58:00,49.7,49.8,190,193
2023-06-02 19:00:00,50.2,50.2,194,197
2023-06-02 19:02:00,50.1,50.1,194,196
2023-06-02 19:04:00,49.9,50,192,196
2023-06-02 19:06:00,50,50.0,193,196
2023-06-02 19:08:00,50.2,50.2,192,194
2023-06-02 19:10:00,50.1,50.1,191,194
2023-06-02 19:12:00,50.0,50.0,190,192
2023-06-02 19:14:00,50.0,50.0,191,194
2023-06-02 19:16:00,50.3,50.2,194,197
2023-06-02 19:18:00,50,49.9,192,194
2023-06-02 19:20:00,50.0,50.0,192,194
2023-06-02 19:22:00,50.1,50.1,180,183
2023-06-02 19:24:00,50.0,50.0,178,182
2023-06-02 19:26:00,50.0,50.0,180,185
2023-06-02 19:28:00,50.2,50.2,180,185
2023-06-02 19:30:00,49.9,49.9,178,184
2023-06-02 19:32:00,50.2,50.2,180,184
2023-06-02 19:34:00,50.1,50.1,187,189
2023-06-02 19:36:00,50.0,50.0,182,187
2023-06-02 19:38:00,50.1,50.1,182,187
2023-06-02 19:40:00,50.2,50.1,180,184
2023-06-02 19:42:00,50.2,50.2,194,196
2023-06-02 19:44:00,50.3,50.3,192,194
2023-06-02 19:46:00,50.4,50.4,190,192
2023-06-02 19:48:00,50.2,50.2,187,190
2023-06-02 19:50:00,50.1,50.1,192,194
2023-06-02 19:52:00,50.2,50.2,193,195
2023-06-02 19:54:00,50.1,50.1,190,193
2023-06-02 19:56:00,50.4,50.4,194,196
2023-06-02 19:58:00,50.2,50.2,197,199
2023-06-02 20:00:00,49.9,50.0,195,198
2023-06-02 20:02:00,50.2,50.2,194,197
2023-06-02 20:04:00,50.1,50.1,192,194
2023-06-02 20:06:00,50.6,50.6,192,194
2023-06-02 20:08:00,50.3,50.3,192,195
2023-06-02 20:10:00,50.2,50.2,197,199
2023-06-02 20:12:00,50.2,50.2,199,201
2023-06-02 20:14:00,50.1,50.2,194,196
2023-06-02 20:16:00,50.4,50.4,194,197
2023-06-02 20:18:00,50.3,50.3,196,197
2023-06-02 20:20:00,50.0,50.0,195,198
2023-06-02 20:22:00,50.1,50.2,195,198
2023-06-02 20:24:00,50.3,50.3,194,195
2023-06-02 20:26:00,50.3,50.2,194,196
2023-06-02 20:28:00,50.3,50.4,192,194
2023-06-02 20:30:00,50.3,50.2,197,198
2023-06-02 20:32:00,50.4,50.4,197,199
2023-06-02 20:34:00,50.1,50.2,197,200
2023-06-02 20:36:00,50.2,50.3,199,201
2023-06-02 20:38:00,50.1,50.1,194,191
2023-06-02 20:40:00,50.2,50.2,192,194
2023-06-02 20:42:00,50.2,50.2,191,193
2023-06-02 20:44:00,50.5,50.5,192,194
2023-06-02 20:46:00,50.3,50.2,194,196
2023-06-02 20:48:00,50.7,50.7,192,195
2023-06-02 20:50:00,50.6,50.6,195,197
2023-06-02 20:52:00,50.3,50.3,196,198
2023-06-02 20:54:00,50.3,50.3,195,197
2023-06-02 20:56:00,50.4,50.4,195,198
2023-06-02 20:58:00,50.4,50.4,197,199
2023-06-02 21:00:00,50.4,50.3,187,194
2023-06-02 21:02:00,50.1,50.1,185,194
2023-06-02 21:04:00,50.6,50.6,194,199
2023-06-02 21:06:00,50.7,50.7,204,205
2023-06-02 21:08:00,50.2,50.2,202,204
2023-06-02 21:10:00,50.6,50.5,201,204
2023-06-02 21:12:00,50.4,50.5,199,202
2023-06-02 21:14:00,50.5,50.5,200,202
2023-06-02 21:16:00,50.4,50.4,201,203
2023-06-02 21:18:00,50.5,50.5,202,204
2023-06-02 21:20:00,50.3,50.3,201,202
2023-06-02 21:22:00,50.5,50.5,202,204
2023-06-02 21:24:00,50.3,50.2,204,205
2023-06-02 21:26:00,50.5,50.5,202,204
2023-06-02 21:28:00,50.5,50.4,200,203
2023-06-02 21:30:00,50.5,50.5,199,202
2023-06-02 21:32:00,50.9,50.9,203,205
2023-06-02 21:34:00,49.9,50.0,199,203
2023-06-02 21:36:00,50.4,50.4,199,202
2023-06-02 21:38:00,50.1,50.1,195,200
2023-06-02 21:40:00,50.3,50.4,194,199
2023-06-02 21:42:00,50.1,50.0,192,198
2023-06-02 21:44:00,50.2,50.2,200,202
2023-06-02 21:46:00,50.3,50.3,202,205
2023-06-02 21:48:00,50.2,50.2,199,202
2023-06-02 21:50:00,50.2,50.2,201,202
2023-06-02 21:52:00,50.4,50.4,202,204
2023-06-02 21:54:00,50.4,50.4,201,202
2023-06-02 21:56:00,50.2,50.2,201,202
2023-06-02 21:58:00,50.3,50.3,201,202
2023-06-02 22:00:00,50.4,50.4,202,203
2023-06-02 22:02:00,50.1,50.2,204,204
2023-06-02 22:04:00,50.5,50.5,204,205
2023-06-02 22:06:00,50.3,50.3,202,204
2023-06-02 22:08:00,50.4,50.3,203,204
2023-06-02 22:10:00,50.4,50.3,204,206
2023-06-02 22:12:00,50.2,50.2,203,204
2023-06-02 22:14:00,50.4,50.4,207,207
2023-06-02 22:16:00,50.5,50.5,204,206
2023-06-02 22:18:00,50.5,50.5,206,207
2023-06-02 22:20:00,50.6,50.5,206,207
2023-06-02 22:22:00,50.3,50.3,204,205
2023-06-02 22:24:00,50.3,50.3,206,207
2023-06-02 22:26:00,50.4,50.4,206,207
2023-06-02 22:28:00,50.5,50.5,207,208
2023-06-02 22:30:00,50.3,50.3,209,210
2023-06-02 22:32:00,50.5,50.5,209,211
2023-06-02 22:34:00,50.4,50.3,209,211
2023-06-02 22:36:00,50.4,50.5,207,208
2023-06-02 22:38:00,50.2,50.2,207,209
2023-06-02 22:40:00,50.4,50.3,207,209
2023-06-02 22:42:00,50.8,50.8,209,210
2023-06-02 22:44:00,50.2,50.2,208,209
2023-06-02 22:46:00,50.5,50.4,211,212
2023-06-02 22:48:00,50.4,50.4,210,211
2023-06-02 22:50:00,50.5,50.5,211,212
2023-06-02 22:52:00,50.5,50.4,211,211
2023-06-02 22:54:00,50.6,50.6,212,214
2023-06-02 22:56:00,50.6,50.6,213,214
2023-06-02 22:58:00,50.5,50.5,212,214
2023-06-02 23:00:00,50.4,50.3,212,214
2023-06-02 23:02:00,50.5,50.6,212,214
2023-06-02 23:04:00,50.5,50.5,213,214
2023-06-02 23:06:00,50.5,50.5,213,214
2023-06-02 23:08:00,50.7,50.6,211,213
2023-06-02 23:10:00,50.7,50.6,211,213
2023-06-02 23:12:00,50.7,50.6,214,216
2023-06-02 23:14:00,50.6,50.6,211,213
2023-06-02 23:16:00,50.6,50.6,214,216
2023-06-02 23:18:00,50.6,50.6,214,215
2023-06-02 23:20:00,50.5,50.5,214,216
2023-06-02 23:22:00,50.8,50.8,215,216
2023-06-02 23:24:00,50.7,50.6,215,216
2023-06-02 23:26:00,50.5,50.6,216,216
2023-06-02 23:28:00,50.3,50.3,211,212
2023-06-02 23:30:00,50.6,50.7,215,216
2023-06-02 23:32:00,50.5,50.5,214,216
2023-06-02 23:34:00,50.4,50.5,213,214
2023-06-02 23:36:00,50.6,50.6,216,217
2023-06-02 23:38:00,50.5,50.5,214,215
2023-06-02 23:40:00,50.8,50.8,214,216
2023-06-02 23:42:00,50.5,50.5,216,218
2023-06-02 23:44:00,50.5,50.5,214,216
2023-06-02 23:46:00,50.7,50.7,216,218
2023-06-02 23:48:00,50.5,50.6,217,219
2023-06-02 23:50:00,50.8,50.8,218,219
2023-06-02 23:52:00,50.7,50.7,217,219
2023-06-02 23:54:00,50.5,50.4,218,219
2023-06-02 23:56:00,50.7,50.7,215,216
2023-06-02 23:58:00,50.5,50.5,218,219
2023-06-03 00:00:00,50.5,50.5,214,216
2023-06-03 00:02:00,50.5,50.5,217,219
2023-06-03 00:04:00,50.6,50.6,216,218
2023-06-03 00:06:00,50.6,50.6,218,219
2023-06-03 00:08:00,50.5,50.5,214,216
2023-06-03 00:10:00,50.7,50.7,216,217
2023-06-03 00:12:00,50.7,50.6,218,220
2023-06-03 00:14:00,50.5,50.5,219,221
2023-06-03 00:16:00,50.9,50.9,215,216
2023-06-03 00:18:00,50.7,50.7,219,221
2023-06-03 00:20:00,50.8,50.8,217,219
2023-06-03 00:22:00,50.6,50.6,219,220
2023-06-03 00:24:00,50.7,50.6,216,217
2023-06-03 00:26:00,50.7,50.7,218,219
2023-06-03 00:28:00,50.6,50.5,219,221
2023-06-03 00:30:00,50.7,50.6,220,221
2023-06-03 00:32:00,50.7,50.6,221,222
2023-06-03 00:34:00,50.7,50.6,219,221
2023-06-03 00:36:00,50.7,50.7,219,220
2023-06-03 00:38:00,50.6,50.6,216,219
2023-06-03 00:40:00,50.6,50.5,219,221
2023-06-03 00:42:00,50.7,50.7,216,219
2023-06-03 00:44:00,50.6,50.5,219,221
2023-06-03 00:46:00,50.5,50.5,216,218
2023-06-03 00:48:00,50.6,50.7,221,223
2023-06-03 00:50:00,50.6,50.6,221,222
2023-06-03 00:52:00,50.9,50.8,215,216
2023-06-03 00:54:00,50.8,50.8,221,222
2023-06-03 00:56:00,50.7,50.6,221,223
2023-06-03 00:58:00,50.6,50.6,221,223
2023-06-03 01:00:00,50.8,50.8,219,220
2023-06-03 01:02:00,50.6,50.6,221,223
2023-06-03 01:04:00,50.6,50.7,218,220
2023-06-03 01:06:00,50.6,50.7,221,223
2023-06-03 01:08:00,50.6,50.6,221,223
2023-06-03 01:10:00,50.4,50.5,217,219
2023-06-03 01:12:00,50.8,50.9,221,222
2023-06-03 01:14:00,50.7,50.7,221,222
2023-06-03 01:16:00,50.4,50.4,220,222
2023-06-03 01:18:00,50.7,50.8,219,220
2023-06-03 01:20:00,50.7,50.7,223,223
2023-06-03 01:22:00,50.7,50.6,223,224
2023-06-03 01:24:00,50.7,50.7,220,221
2023-06-03 01:26:00,50.7,50.7,219,221
2023-06-03 01:28:00,50.7,50.6,221,221
2023-06-03 01:30:00,50.7,50.7,219,220
2023-06-03 01:32:00,50.7,50.7,221,223
2023-06-03 01:34:00,50.7,50.6,221,222
2023-06-03 01:36:00,50.6,50.6,221,223
2023-06-03 01:38:00,50.6,50.7,221,223
2023-06-03 01:40:00,50.7,50.6,221,222
2023-06-03 01:42:00,50.5,50.5,221,223
2023-06-03 01:44:00,50.6,50.7,221,222
2023-06-03 01:46:00,50.6,50.7,221,223
2023-06-03 01:48:00,50.4,50.4,221,222
2023-06-03 01:50:00,50.7,50.7,221,223
2023-06-03 01:52:00,50.7,50.8,221,223
2023-06-03 01:54:00,50.5,50.5,221,223
2023-06-03 01:56:00,50.6,50.6,222,223
2023-06-03 01:58:00,50.6,50.6,223,223
2023-06-03 02:00:00,50.5,50.6,223,224
2023-06-03 02:02:00,50.8,50.8,223,225
2023-06-03 02:04:00,50.5,50.5,221,223
2023-06-03 02:06:00,50.6,50.6,222,223
2023-06-03 02:08:00,50.6,50.6,219,221
2023-06-03 02:10:00,50.7,50.7,219,221
2023-06-03 02:12:00,50.7,50.7,223,224
2023-06-03 02:14:00,50.7,50.7,219,221
2023-06-03 02:16:00,50.2,50.3,219,221
2023-06-03 02:18:00,50.5,50.5,221,223
2023-06-03 02:20:00,50.4,50.4,219,220
2023-06-03 02:22:00,50.5,50.5,222,223
2023-06-03 02:24:00,50.3,50.3,219,220
2023-06-03 02:26:00,50.6,50.6,222,223
2023-06-03 02:28:00,50.5,50.5,216,217
2023-06-03 02:30:00,50.2,50.2,221,223
2023-06-03 02:32:00,50.4,50.4,219,220
2023-06-03 02:34:00,50.6,50.6,218,220
2023-06-03 02:36:00,50.5,50.6,223,224
2023-06-03 02:38:00,50.5,50.5,220,221
2023-06-03 02:40:00,50.5,50.5,222,223
2023-06-03 02:42:00,50.5,50.4,221,222
2023-06-03 02:44:00,50.5,50.5,218,220
2023-06-03 02:46:00,50.5,50.5,221,223
2023-06-03 02:48:00,50.3,50.2,217,219
2023-06-03 02:50:00,50.6,50.5,216,218
2023-06-03 02:52:00,50.3,50.4,216,217
2023-06-03 02:54:00,50.5,50.4,216,218
2023-06-03 02:56:00,50.4,50.4,216,218
2023-06-03 02:58:00,50.9,50.9,219,220
2023-06-03 03:00:00,50.5,50.5,218,219
2023-06-03 03:02:00,50.4,50.5,218,219
2023-06-03 03:04:00,50.4,50.3,217,219
2023-06-03 03:06:00,50.5,50.5,217,219
2023-06-03 03:08:00,50.5,50.5,217,219
2023-06-03 03:10:00,50.4,50.4,215,217
2023-06-03 03:12:00,50.5,50.4,216,217
2023-06-03 03:14:00,50.7,50.6,216,218
2023-06-03 03:16:00,50.5,50.4,216,218
2023-06-03 03:18:00,50.5,50.5,216,218
2023-06-03 03:20:00,50.4,50.4,216,218
2023-06-03 03:22:00,50.5,50.6,216,218
2023-06-03 03:24:00,50.7,50.7,217,219
2023-06-03 03:26:00,50.4,50.5,216,217
2023-06-03 03:28:00,50.4,50.5,215,216
2023-06-03 03:30:00,50.6,50.5,215,216
2023-06-03 03:32:00,50.6,50.6,216,218
2023-06-03 03:34:00,50.2,50.1,216,218
2023-06-03 03:36:00,50.5,50.5,217,219
2023-06-03 03:38:00,50.5,50.5,216,218
2023-06-03 03:40:00,50.4,50.4,216,218
2023-06-03 03:42:00,50.5,50.6,216,218
2023-06-03 03:44:00,50.4,50.5,216,217
2023-06-03 03:46:00,50.5,50.4,216,219
2023-06-03 03:48:00,50.2,50.3,216,217
2023-06-03 03:50:00,50.6,50.6,217,219
2023-06-03 03:52:00,50.5,50.5,219,221
2023-06-03 03:54:00,50.4,50.5,220,221
2023-06-03 03:56:00,50.6,50.5,219,221
2023-06-03 03:58:00,50.5,50.4,217,219
2023-06-03 04:00:00,50.6,50.6,216,219
2023-06-03 04:02:00,50.4,50.5,218,219
2023-06-03 04:04:00,50.5,50.5,221,223
2023-06-03 04:06:00,50.6,50.6,223,225
2023-06-03 04:08:00,50.4,50.4,222,224
2023-06-03 04:10:00,50.5,50.6,219,221
2023-06-03 04:12:00,50.5,50.5,220,222
2023-06-03 04:14:00,50.5,50.5,223,226
2023-06-03 04:16:00,50.3,50.3,223,225
2023-06-03 04:18:00,50.4,50.5,223,225
2023-06-03 04:20:00,50.3,50.3,220,221
2023-06-03 04:22:00,50.4,50.3,220,221
2023-06-03 04:24:00,50.3,50.3,222,223
2023-06-03 04:26:00,50.5,50.4,222,224
2023-06-03 04:28:00,50.5,50.5,219,220
2023-06-03 04:30:00,50.5,50.5,215,217
2023-06-03 04:32:00,50.5,50.5,219,221
2023-06-03 04:34:00,50.5,50.5,222,223
2023-06-03 04:36:00,50.4,50.4,223,224
2023-06-03 04:38:00,50.4,50.4,221,223
2023-06-03 04:40:00,50.3,50.3,218,220
2023-06-03 04:42:00,50.5,50.5,219,220
2023-06-03 04:44:00,50.4,50.4,218,220
2023-06-03 04:46:00,50.6,50.7,219,221
2023-06-03 04:48:00,50.4,50.4,219,221
2023-06-03 04:50:00,50.3,50.3,219,221
2023-06-03 04:52:00,50.4,50.3,221,222
2023-06-03 04:54:00,50.5,50.5,220,221
2023-06-03 04:56:00,50.4,50.4,221,222
2023-06-03 04:58:00,50.6,50.6,219,220
2023-06-03 05:00:00,50.3,50.3,215,211
2023-06-03 05:02:00,50.4,50.4,214,210
2023-06-03 05:04:00,50.4,50.4,214,210
2023-06-03 05:06:00,50.5,50.5,217,219
2023-06-03 05:08:00,50.4,50.4,217,219
2023-06-03 05:10:00,50.4,50.4,217,219
2023-06-03 05:12:00,50.5,50.5,217,219
2023-06-03 05:14:00,50.4,50.4,216,217
2023-06-03 05:16:00,50.3,50.3,217,219
2023-06-03 05:18:00,50.3,50.3,217,219
2023-06-03 05:20:00,50.3,50.3,217,219
2023-06-03 05:22:00,50.4,50.4,218,219
2023-06-03 05:24:00,50.3,50.3,216,219
2023-06-03 05:26:00,50.3,50.3,216,218
2023-06-03 05:28:00,50.4,50.4,214,216
2023-06-03 05:30:00,50.3,50.2,216,218
2023-06-03 05:32:00,50.3,50.3,216,218
2023-06-03 05:34:00,50.4,50.3,216,217
2023-06-03 05:36:00,50.3,50.3,215,217
2023-06-03 05:38:00,50.2,50.2,216,219
2023-06-03 05:40:00,50.2,50.3,217,219
2023-06-03 05:42:00,50.4,50.4,217,219
2023-06-03 05:44:00,50.2,50.2,216,219
2023-06-03 05:46:00,50.3,50.3,214,216
2023-06-03 05:48:00,50.3,50.3,209,211
2023-06-03 05:50:00,50.2,50.2,209,211
2023-06-03 05:52:00,50.2,50.2,209,211
2023-06-03 05:54:00,50.2,50.2,211,212
2023-06-03 05:56:00,50.2,50.2,207,211
2023-06-03 05:58:00,50.3,50.3,206,211
2023-06-03 06:00:00,50.3,50.3,207,211
2023-06-03 06:02:00,50.3,50.2,214,216
2023-06-03 06:04:00,50.1,50.1,213,214
2023-06-03 06:06:00,50.1,50.1,214,216
2023-06-03 06:08:00,50.2,50.3,211,213
2023-06-03 06:10:00,50.1,50.0,212,214
2023-06-03 06:12:00,50.1,50.1,215,217
2023-06-03 06:14:00,50.2,50.2,216,218
2023-06-03 06:16:00,50.2,50.2,214,216
2023-06-03 06:18:00,50.2,50.2,211,207
2023-06-03 06:20:00,50.3,50.3,207,204
2023-06-03 06:22:00,50.3,50.2,207,203
2023-06-03 06:24:00,50.4,50.4,213,209
2023-06-03 06:26:00,50.2,50.1,217,218
2023-06-03 06:28:00,49.9,50.0,214,216
2023-06-03 06:30:00,50.3,50.3,214,216
2023-06-03 06:32:00,50.1,50.2,214,217
2023-06-03 06:34:00,50.2,50.2,211,214
2023-06-03 06:36:00,50.1,50.1,211,214
2023-06-03 06:38:00,50.1,50.2,208,211
2023-06-03 06:40:00,50.4,50.4,207,209
2023-06-03 06:42:00,50.5,50.5,213,216
2023-06-03 06:44:00,50.1,50.1,212,216
2023-06-03 06:46:00,50.1,50.1,209,211
2023-06-03 06:48:00,50.4,50.4,211,214
2023-06-03 06:50:00,50.3,50.2,211,214
2023-06-03 06:52:00,50.1,50.2,215,219
2023-06-03 06:54:00,50.5,50.4,216,218
2023-06-03 06:56:00,50.0,50.1,216,219
2023-06-03 06:58:00,50.2,50.2,212,215
2023-06-03 07:00:00,50.4,50.3,209,211
2023-06-03 07:02:00,50.7,50.7,215,218
2023-06-03 07:04:00,50.2,50.2,215,218
2023-06-03 07:06:00,50.0,50.0,213,216
2023-06-03 07:08:00,50.5,50.5,212,216
2023-06-03 07:10:00,50.2,50.3,214,216
2023-06-03 07:12:00,50.3,50.3,218,220
2023-06-03 07:14:00,50.2,50.2,219,222
2023-06-03 07:16:00,50.2,50.2,211,214
2023-06-03 07:18:00,50.3,50.3,214,216
2023-06-03 07:20:00,50.2,50.2,212,215
2023-06-03 07:22:00,50.2,50.1,207,213
2023-06-03 07:24:00,50.2,50.2,216,219
2023-06-03 07:26:00,50.1,50.1,207,214
2023-06-03 07:28:00,50.3,50.2,209,212
2023-06-03 07:30:00,50.1,50.1,209,213
2023-06-03 07:32:00,50.2,50.3,211,212
2023-06-03 07:34:00,50.2,50.2,208,212
2023-06-03 07:36:00,50.3,50.3,208,211
2023-06-03 07:38:00,50.4,50.4,206,210
2023-06-03 07:40:00,50.4,50.3,201,207
2023-06-03 07:42:00,50.3,50.4,206,213
2023-06-03 07:44:00,50.2,50.2,208,214
2023-06-03 07:46:00,50.3,50.2,216,219
2023-06-03 07:48:00,50.3,50.2,210,214
2023-06-03 07:50:00,50.1,50.1,211,215
2023-06-03 07:52:00,50.1,50.1,211,215
2023-06-03 07:54:00,50.2,50.2,210,215
2023-06-03 07:56:00,52.0,52.1,224,238
2023-06-03 07:58:00,52.0,52.1,227,233
2023-06-03 08:00:00,52.0,51.9,231,236
2023-06-03 08:02:00,51.7,51.8,230,234
2023-06-03 08:04:00,51.7,51.8,230,234
2023-06-03 08:06:00,51.9,52.0,230,235
2023-06-03 08:08:00,52.0,51.9,231,234
2023-06-03 08:10:00,51.9,51.9,231,235
2023-06-03 08:12:00,52.0,51.8,232,235
2023-06-03 08:14:00,51.9,52.0,231,235
2023-06-03 08:16:00,52.1,52.0,231,233
2023-06-03 08:18:00,51.9,51.9,230,233
2023-06-03 08:20:00,52.0,52.1,231,233
2023-06-03 08:22:00,52.0,51.9,229,233
2023-06-03 08:24:00,52.1,52.0,228,232
2023-06-03 08:26:00,51.9,51.8,223,231
2023-06-03 08:28:00,51.6,51.6,223,231
2023-06-03 08:30:00,51.8,51.8,223,231
2023-06-03 08:32:00,51.9,51.7,227,233
2023-06-03 08:34:00,51.8,51.8,228,232
2023-06-03 08:36:00,51.9,51.9,229,233
2023-06-03 08:38:00,51.9,52.0,229,232
2023-06-03 08:40:00,52.0,51.8,229,233
2023-06-03 08:42:00,51.8,52.0,229,233
2023-06-03 08:44:00,51.9,51.8,228,231
2023-06-03 08:46:00,51.8,51.8,228,231
2023-06-03 08:48:00,51.8,51.7,227,231
2023-06-03 08:50:00,51.7,51.7,226,229
2023-06-03 08:52:00,51.7,51.9,227,231
2023-06-03 08:54:00,51.5,51.6,227,230
2023-06-03 08:56:00,51.7,51.7,223,230
2023-06-03 08:58:00,51.4,51.5,221,229
2023-06-03 09:00:00,51.5,51.5,222,229
2023-06-03 09:02:00,51.8,51.8,226,231
2023-06-03 09:04:00,51.6,51.6,226,230
2023-06-03 09:06:00,51.4,51.3,223,221
2023-06-03 09:08:00,51.2,51.1,222,221
2023-06-03 09:10:00,51.5,51.6,223,221
2023-06-03 09:12:00,52.0,51.7,226,230
2023-06-03 09:14:00,51.7,51.7,228,231
2023-06-03 09:16:00,51.9,51.8,228,231
2023-06-03 09:18:00,51.9,51.8,227,231
2023-06-03 09:20:00,51.9,51.9,228,231
2023-06-03 09:22:00,51.6,51.4,228,233
2023-06-03 09:24:00,51.7,51.5,228,233
2023-06-03 09:26:00,51.7,51.5,230,233
2023-06-03 09:28:00,51.6,51.5,227,231
2023-06-03 09:30:00,51.5,51.6,229,233
2023-06-03 09:32:00,51.7,51.6,228,232
2023-06-03 09:34:00,51.5,51.5,226,231
2023-06-03 09:36:00,51.7,51.5,225,229
2023-06-03 09:38:00,51.8,51.8,227,231
2023-06-03 09:40:00,51.7,51.7,228,232
2023-06-03 09:42:00,51.9,51.9,228,231
2023-06-03 09:44:00,51.7,51.7,228,231
2023-06-03 09:46:00,51.6,51.5,228,231
2023-06-03 09:48:00,51.6,51.6,227,231
2023-06-03 09:50:00,51.7,51.8,228,232
2023-06-03 09:52:00,51.6,51.5,228,231
2023-06-03 09:54:00,51.7,51.6,228,231
2023-06-03 09:56:00,51.6,51.6,226,230
2023-06-03 09:58:00,51.4,51.4,225,229
2023-06-03 10:00:00,51.4,51.3,224,229
2023-06-03 10:02:00,51.3,51.5,225,230
2023-06-03 10:04:00,51.4,51.6,224,228
2023-06-03 10:06:00,51.4,51.5,224,228
2023-06-03 10:08:00,51.7,51.6,227,231
2023-06-03 10:10:00,51.5,51.6,226,229
2023-06-03 10:12:00,51.6,51.6,226,230
2023-06-03 10:14:00,51.8,51.8,226,229
2023-06-03 10:16:00,51.6,51.6,226,229
2023-06-03 10:18:00,51.7,51.6,224,228
2023-06-03 10:20:00,51.7,51.7,223,228
2023-06-03 10:22:00,51.8,51.9,223,226
2023-06-03 10:24:00,51.6,51.7,218,226
2023-06-03 10:26:00,51.5,51.5,219,227
2023-06-03 10:28:00,50.9,51.0,221,226
2023-06-03 10:30:00,51.1,51.0,221,226
2023-06-03 10:32:00,51.2,51.2,221,226
2023-06-03 10:34:00,51.0,51.0,221,226
2023-06-03 10:36:00,51.1,51.1,221,226
2023-06-03 10:38:00,51.2,51.2,221,226
2023-06-03 10:40:00,51.1,51.1,221,226
2023-06-03 10:42:00,51.0,51.2,221,226
2023-06-03 10:44:00,50.9,51.1,221,226
2023-06-03 10:46:00,51.0,51.0,222,226
2023-06-03 10:48:00,51.0,51.0,221,225
2023-06-03 10:50:00,51.2,51.2,221,226
2023-06-03 10:52:00,51.1,51.0,221,226
2023-06-03 10:54:00,50.8,50.9,221,226
2023-06-03 10:56:00,50.8,50.9,222,226
2023-06-03 10:58:00,50.9,51.0,221,226
2023-06-03 11:00:00,51.0,51.1,220,226
2023-06-03 11:02:00,50.9,51.0,221,226
2023-06-03 11:04:00,50.7,50.8,219,226
2023-06-03 11:06:00,51.0,51.1,221,226
2023-06-03 11:08:00,50.9,51.0,221,226
2023-06-03 11:10:00,51.0,51.0,222,226
2023-06-03 11:12:00,51.1,51.0,221,226
2023-06-03 11:14:00,51.1,51.0,222,226
2023-06-03 11:16:00,51.0,51.1,221,226
2023-06-03 11:18:00,51.2,51.1,222,226
2023-06-03 11:20:00,50.9,51.1,222,226
2023-06-03 11:22:00,51.1,50.9,221,226
2023-06-03 11:24:00,51.1,50.9,222,226
2023-06-03 11:26:00,50.9,51.1,219,226
2023-06-03 11:28:00,51.1,51.0,219,226
2023-06-03 11:30:00,50.6,50.7,221,227
2023-06-03 11:32:00,51.1,51.0,222,227
2023-06-03 11:34:00,51.1,51.0,222,227
2023-06-03 11:36:00,51.0,51.2,221,226
2023-06-03 11:38:00,50.6,50.6,221,226
2023-06-03 11:40:00,50.6,50.6,221,226
2023-06-03 11:42:00,50.6,50.7,222,226
2023-06-03 11:44:00,51.3,51.4,223,228
2023-06-03 11:46:00,51.3,51.3,222,228
2023-06-03 11:48:00,51.4,51.3,223,228
2023-06-03 11:50:00,51.3,51.3,223,228
2023-06-03 11:52:00,51.4,51.3,223,228
2023-06-03 11:54:00,51.3,51.5,223,228
2023-06-03 11:56:00,51.2,51.3,222,228
2023-06-03 11:58:00,51.4,51.3,222,227
2023-06-03 12:00:00,51.2,51.2,223,227
2023-06-03 12:02:00,51.4,51.3,222,226
2023-06-03 12:04:00,51.5,51.4,221,227
2023-06-03 12:06:00,51.4,51.5,221,226
2023-06-03 12:08:00,51.4,51.5,221,226
2023-06-03 12:10:00,51.4,51.5,217,226
2023-06-03 12:12:00,51.7,51.7,223,227
2023-06-03 12:14:00,51.5,51.5,223,228
2023-06-03 12:16:00,51.6,51.5,223,228
2023-06-03 12:18:00,51.6,51.6,221,228
2023-06-03 12:20:00,51.5,51.5,219,228
2023-06-03 12:22:00,51.6,51.7,223,228
2023-06-03 12:24:00,51.7,51.7,223,228
2023-06-03 12:26:00,51.5,51.6,223,229
2023-06-03 12:28:00,51.6,51.7,223,229
2023-06-03 12:30:00,51.6,51.7,224,230
2023-06-03 12:32:00,51.7,51.7,226,230
2023-06-03 12:34:00,51.6,51.6,226,231
2023-06-03 12:36:00,51.7,51.7,226,231
2023-06-03 12:38:00,51.7,51.7,226,231
2023-06-03 12:40:00,51.5,51.6,224,230
2023-06-03 12:42:00,51.6,51.7,226,231
2023-06-03 12:44:00,51.7,51.8,226,231
2023-06-03 12:46:00,51.8,51.8,225,229
2023-06-03 12:48:00,51.8,51.7,226,231
2023-06-03 12:50:00,51.8,51.8,226,230
2023-06-03 12:52:00,51.6,51.8,226,231
2023-06-03 12:54:00,51.7,51.7,225,230
2023-06-03 12:56:00,51.8,51.8,226,230
2023-06-03 12:58:00,51.8,51.6,226,231
2023-06-03 13:00:00,51.7,51.6,226,231
2023-06-03 13:02:00,51.5,51.5,226,230
2023-06-03 13:04:00,51.7,51.7,226,231
2023-06-03 13:06:00,51.4,51.4,226,231
2023-06-03 13:08:00,51.5,51.6,227,231
2023-06-03 13:10:00,51.5,51.5,228,231
2023-06-03 13:12:00,51.5,51.5,227,231
2023-06-03 13:14:00,51.6,51.5,226,231
2023-06-03 13:16:00,51.6,51.6,226,231
2023-06-03 13:18:00,51.7,51.8,227,231
2023-06-03 13:20:00,51.8,51.8,227,231
2023-06-03 13:22:00,51.6,51.5,227,231
2023-06-03 13:24:00,51.7,51.6,227,232
2023-06-03 13:26:00,51.5,51.7,227,231
2023-06-03 13:28:00,51.7,51.7,227,231
2023-06-03 13:30:00,51.7,51.7,227,231
2023-06-03 13:32:00,50.3,50.4,195,198
2023-06-03 13:34:00,50.4,50.4,196,199
2023-06-03 13:36:00,50.4,50.4,205,208
2023-06-03 13:38:00,50.4,50.4,199,202
2023-06-03 13:40:00,50.2,50.1,200,204
2023-06-03 13:42:00,50.3,50.3,197,200
2023-06-03 13:44:00,50.1,50.2,203,206
2023-06-03 13:46:00,50.5,50.5,193,198
2023-06-03 13:48:00,50.4,50.4,199,203
2023-06-03 13:50:00,50.4,50.3,195,198
2023-06-03 13:52:00,50.1,50.2,193,197
2023-06-03 13:54:00,50.6,50.6,202,206
2023-06-03 13:56:00,50.5,50.5,203,208
2023-06-03 13:58:00,50.1,50.2,196,199
2023-06-03 14:00:00,50.1,50.1,202,205
2023-06-03 14:02:00,50.2,50.2,197,202
2023-06-03 14:04:00,50.2,50.2,199,202
2023-06-03 14:06:00,50.4,50.5,201,204
2023-06-03 14:08:00,50.3,50.4,194,201
2023-06-03 14:10:00,50.2,50.2,197,202
2023-06-03 14:12:00,50.1,50.1,195,201
2023-06-03 14:14:00,50.3,50.3,195,202
2023-06-03 14:16:00,50.4,50.4,187,194
2023-06-03 14:18:00,50.2,50.2,192,197
2023-06-03 14:20:00,50.0,50.1,203,205
2023-06-03 14:22:00,50.2,50.2,203,207
2023-06-03 14:24:00,50.1,50.1,198,201
2023-06-03 14:26:00,50.2,50.2,194,200
2023-06-03 14:28:00,50.4,50.4,197,200
2023-06-03 14:30:00,50.1,50.0,201,204
2023-06-03 14:32:00,50.2,50.2,207,209
2023-06-03 14:34:00,50.2,50.2,195,199
2023-06-03 14:36:00,50.0,50.1,202,206
2023-06-03 14:38:00,50.2,50.3,202,205
2023-06-03 14:40:00,50.4,50.4,197,200
2023-06-03 14:42:00,50.2,50.3,197,200
2023-06-03 14:44:00,50.4,50.4,194,197
2023-06-03 14:46:00,50.2,50.2,198,201
2023-06-03 14:48:00,50.2,50.1,200,203
2023-06-03 14:50:00,50.2,50.2,196,200
2023-06-03 14:52:00,50.2,50.2,199,203
2023-06-03 14:54:00,50.4,50.5,205,207
2023-06-03 14:56:00,50.3,50.2,196,199
2023-06-03 14:58:00,50.6,50.6,198,202
2023-06-03 15:00:00,50.4,50.4,199,202
2023-06-03 15:02:00,50.3,50.3,203,206
2023-06-03 15:04:00,50.4,50.4,200,204
2023-06-03 15:06:00,50.0,50,202,205
2023-06-03 15:08:00,50.3,50.3,202,205
2023-06-03 15:10:00,50.3,50.3,194,197
2023-06-03 15:12:00,50.2,50.2,202,204
2023-06-03 15:14:00,50.4,50.4,200,204
2023-06-03 15:16:00,50.4,50.4,200,204
2023-06-03 15:18:00,50.1,50.1,200,203
2023-06-03 15:20:00,50.4,50.3,199,203
2023-06-03 15:22:00,50.3,50.2,198,202
2023-06-03 15:24:00,50.4,50.4,199,202
2023-06-03 15:26:00,50.1,50.1,198,202
2023-06-03 15:28:00,50.2,50.2,199,202
2023-06-03 15:30:00,50.1,50.2,201,204
2023-06-03 15:32:00,50.3,50.3,199,203
2023-06-03 15:34:00,50.0,50.1,202,206
2023-06-03 15:36:00,50.2,50.2,204,207
2023-06-03 15:38:00,50.2,50.2,199,202
2023-06-03 15:40:00,50.1,50.1,199,203
2023-06-03 15:42:00,50.5,50.5,198,201
2023-06-03 15:44:00,50.3,50.2,198,202
2023-06-03 15:46:00,50.5,50.5,198,201
2023-06-03 15:48:00,50.4,50.4,202,204
2023-06-03 15:50:00,50.2,50.2,194,201
2023-06-03 15:52:00,50.4,50.4,193,199
2023-06-03 15:54:00,50.5,50.5,193,198
2023-06-03 15:56:00,50.3,50.3,194,199
2023-06-03 15:58:00,50.5,50.5,197,199
2023-06-03 16:00:00,50.2,50.2,199,202
2023-06-03 16:02:00,50.1,50.1,194,197
2023-06-03 16:04:00,50.4,50.3,204,207
2023-06-03 16:06:00,50.1,50.1,207,209
2023-06-03 16:08:00,50.2,50.2,204,208
2023-06-03 16:10:00,50.4,50.4,200,204
2023-06-03 16:12:00,50.4,50.5,207,209
2023-06-03 16:14:00,50.2,50.2,201,204
2023-06-03 16:16:00,50.2,50.2,195,198
2023-06-03 16:18:00,50.2,50.1,202,204
2023-06-03 16:20:00,50.2,50.2,201,204
2023-06-03 16:22:00,50.3,50.3,195,198
2023-06-03 16:24:00,50.2,50.3,201,204
2023-06-03 16:26:00,50.1,50.1,196,199
2023-06-03 16:28:00,50.0,50.0,197,200
2023-06-03 16:30:00,49.8,49.9,200,203
2023-06-03 16:32:00,50.3,50.3,200,203
2023-06-03 16:34:00,50.1,50.1,199,203
2023-06-03 16:36:00,50.1,50.1,204,207
2023-06-03 16:38:00,50.3,50.3,204,207
2023-06-03 16:40:00,50.4,50.4,203,206
2023-06-03 16:42:00,50.0,50.0,202,205
2023-06-03 16:44:00,50.0,50.0,199,202
2023-06-03 16:46:00,50.3,50.2,201,204
2023-06-03 16:48:00,50.3,50.3,202,204
2023-06-03 16:50:00,50.4,50.3,202,204
2023-06-03 16:52:00,49.4,49.4,197,199
2023-06-03 16:54:00,49.9,49.9,197,200
2023-06-03 16:56:00,50.3,50.3,196,198
2023-06-03 16:58:00,50.2,50.2,192,194
2023-06-03 17:00:00,50.0,50.0,195,197
2023-06-03 17:02:00,50.2,50.2,198,201
2023-06-03 17:04:00,50.1,50.1,198,201
2023-06-03 17:06:00,50.2,50.2,192,196
2023-06-03 17:08:00,50.0,50.0,191,194
2023-06-03 17:10:00,50.4,50.3,190,192
2023-06-03 17:12:00,50.2,50.2,193,195
2023-06-03 17:14:00,50.1,50.1,191,193
2023-06-03 17:16:00,50.0,50.0,190,192
2023-06-03 17:18:00,50.1,50.1,194,197
2023-06-03 17:20:00,50.1,50.0,192,189
2023-06-03 17:22:00,50.3,50.4,199,201
2023-06-03 17:24:00,50.0,50.0,197,199
2023-06-03 17:26:00,49.9,49.9,199,202
2023-06-03 17:28:00,49.7,49.8,200,202
2023-06-03 17:30:00,50.4,50.4,200,202
2023-06-03 17:32:00,50.2,50.3,196,199
2023-06-03 17:34:00,50.1,50.1,192,194
2023-06-03 17:36:00,50.1,50.1,194,197
2023-06-03 17:38:00,50.1,50.1,192,195
2023-06-03 17:40:00,50.3,50.2,198,201
2023-06-03 17:42:00,50.2,50.2,197,200
2023-06-03 17:44:00,50.0,50.0,196,199
2023-06-03 17:46:00,50.1,50.1,201,202
2023-06-03 17:48:00,50.2,50.2,197,198
2023-06-03 17:50:00,50.2,50.2,199,202
2023-06-03 17:52:00,49.8,49.8,196,198
2023-06-03 17:54:00,50.4,50.4,197,199
2023-06-03 17:56:00,50.0,50.0,198,201
2023-06-03 17:58:00,50.1,50.1,197,200
2023-06-03 18:00:00,50.3,50.2,199,202
2023-06-03 18:02:00,50.1,50.1,198,201
2023-06-03 18:04:00,49.9,49.9,195,198
2023-06-03 18:06:00,50.0,50.0,197,199
2023-06-03 18:08:00,50.1,50.0,197,200
2023-06-03 18:10:00,49.7,49.7,197,199
2023-06-03 18:12:00,49.8,49.8,196,197
2023-06-03 18:14:00,50.1,50.1,196,198
2023-06-03 18:16:00,50.3,50.3,194,197
2023-06-03 18:18:00,50.1,50.0,194,195
2023-06-03 18:20:00,50.2,50.2,194,197
2023-06-03 18:22:00,49.9,49.9,190,192
2023-06-03 18:24:00,49.9,49.8,188,191
2023-06-03 18:26:00,50.1,50.1,191,193
2023-06-03 18:28:00,49.6,49.7,190,193
2023-06-03 18:30:00,50.0,50.0,192,195
2023-06-03 18:32:00,49.6,49.6,192,195
2023-06-03 18:34:00,50.1,50.1,189,192
2023-06-03 18:36:00,49.8,49.8,187,191
2023-06-03 18:38:00,50.1,50.1,184,187
2023-06-03 18:40:00,49.9,49.9,185,187
2023-06-03 18:42:00,49.7,49.6,186,189
2023-06-03 18:44:00,49.6,49.6,180,184
2023-06-03 18:46:00,49.9,49.8,185,187
2023-06-03 18:48:00,50.1,50.1,180,184
2023-06-03 18:50:00,49.7,49.7,180,184
2023-06-03 18:52:00,49.8,49.8,182,185
2023-06-03 18:54:00,49.9,49.9,182,185
2023-06-03 18:56:00,49.6,49.6,187,191
2023-06-03 18:58:00,49.4,49.4,181,185
2023-06-03 19:00:00,49.8,49.8,188,191
2023-06-03 19:02:00,49.6,49.6,180,185
2023-06-03 19:04:00,49.9,50.0,180,182
2023-06-03 19:06:00,50.0,50.0,181,185
2023-06-03 19:08:00,49.7,49.8,184,187
2023-06-03 19:10:00,50.3,50.3,186,189
2023-06-03 19:12:00,50.2,50.2,190,192
2023-06-03 19:14:00,50.4,50.4,193,197
2023-06-03 19:16:00,50.1,50.2,189,193
2023-06-03 19:18:00,50.3,50.3,187,192
2023-06-03 19:20:00,50.0,50.0,189,192
2023-06-03 19:22:00,50.3,50.3,190,194
2023-06-03 19:24:00,50.4,50.3,191,195
2023-06-03 19:26:00,50.3,50.4,192,196
2023-06-03 19:28:00,50.2,50.2,192,194
2023-06-03 19:30:00,50.1,50.1,189,192
2023-06-03 19:32:00,50.4,50.4,188,190
2023-06-03 19:34:00,50.4,50.4,191,192
2023-06-03 19:36:00,50.5,50.5,196,198
2023-06-03 19:38:00,50.3,50.4,195,198
2023-06-03 19:40:00,50.3,50.3,199,201
2023-06-03 19:42:00,50.1,50.1,199,202
2023-06-03 19:44:00,50.3,50.2,197,199
2023-06-03 19:46:00,50.2,50.2,196,199
2023-06-03 19:48:00,50.5,50.4,199,201
2023-06-03 19:50:00,50.4,50.4,192,195
2023-06-03 19:52:00,50.3,50.3,191,194
2023-06-03 19:54:00,50.5,50.5,193,195
2023-06-03 19:56:00,50.5,50.5,191,193
2023-06-03 19:58:00,50.3,50.3,192,194
2023-06-03 20:00:00,50.3,50.3,185,189
2023-06-03 20:02:00,50.5,50.5,182,187
2023-06-03 20:04:00,50.3,50.3,181,186
2023-06-03 20:06:00,50.3,50.3,190,192
2023-06-03 20:08:00,50.3,50.3,194,196
2023-06-03 20:10:00,50.4,50.4,192,194
2023-06-03 20:12:00,50.6,50.6,196,197
2023-06-03 20:14:00,50.5,50.5,195,197
2023-06-03 20:16:00,50.6,50.5,196,198
2023-06-03 20:18:00,50.4,50.4,196,198
2023-06-03 20:20:00,50.2,50.3,195,197
2023-06-03 20:22:00,50.2,50.2,194,197
2023-06-03 20:24:00,50.3,50.3,194,197
2023-06-03 20:26:00,50.3,50.3,194,196
2023-06-03 20:28:00,50.2,50.2,194,196
2023-06-03 20:30:00,50.3,50.3,190,192
2023-06-03 20:32:00,49.9,49.9,192,194
2023-06-03 20:34:00,50.2,50.2,190,192
2023-06-03 20:36:00,50.4,50.4,190,192
2023-06-03 20:38:00,50.2,50.1,191,194
2023-06-03 20:40:00,50.2,50.2,191,194
2023-06-03 20:42:00,50.4,50.3,194,197
2023-06-03 20:44:00,50.3,50.2,195,198
2023-06-03 20:46:00,50.3,50.3,194,197
2023-06-03 20:48:00,50.3,50.3,195,197
2023-06-03 20:50:00,50.4,50.4,193,195
2023-06-03 20:52:00,50.2,50.2,190,192
2023-06-03 20:54:00,50.1,50.1,190,192
2023-06-03 20:56:00,50.2,50.2,194,196
2023-06-03 20:58:00,50.3,50.3,196,199
2023-06-03 21:00:00,50.1,50.1,195,197
2023-06-03 21:02:00,50.4,50.3,195,197
2023-06-03 21:04:00,50.2,50.3,194,197
2023-06-03 21:06:00,50.2,50.2,198,200
2023-06-03 21:08:00,50.2,50.2,199,201
2023-06-03 21:10:00,50.3,50.4,197,200
2023-06-03 21:12:00,50.4,50.5,197,200
2023-06-03 21:14:00,50.3,50.4,199,202
2023-06-03 21:16:00,50.3,50.3,198,200
2023-06-03 21:18:00,50.4,50.4,199,202
2023-06-03 21:20:00,50.4,50.4,202,204
2023-06-03 21:22:00,50.3,50.4,201,204
2023-06-03 21:24:00,50.4,50.4,201,203
2023-06-03 21:26:00,50.4,50.5,202,204
2023-06-03 21:28:00,50.4,50.3,203,206
2023-06-03 21:30:00,50.2,50.2,201,204
2023-06-03 21:32:00,50.4,50.5,204,205
2023-06-03 21:34:00,50.5,50.5,205,207
2023-06-03 21:36:00,50.4,50.5,206,208
2023-06-03 21:38:00,50.4,50.4,203,205
2023-06-03 21:40:00,50.7,50.7,208,209
2023-06-03 21:42:00,50.5,50.4,202,204
2023-06-03 21:44:00,50.7,50.7,202,205
2023-06-03 21:46:00,50.4,50.5,204,205
2023-06-03 21:48:00,50.7,50.7,202,204
2023-06-03 21:50:00,50.4,50.5,202,205
2023-06-03 21:52:00,50.3,50.3,203,205
2023-06-03 21:54:00,50.5,50.5,202,204
2023-06-03 21:56:00,50.6,50.6,202,205
2023-06-03 21:58:00,50.6,50.6,207,208
2023-06-03 22:00:00,50.4,50.5,207,208
2023-06-03 22:02:00,50.8,50.9,204,208
2023-06-03 22:04:00,50.4,50.5,207,209
2023-06-03 22:06:00,50.6,50.6,206,207
2023-06-03 22:08:00,50.7,50.8,204,207
2023-06-03 22:10:00,50.7,50.7,207,209
2023-06-03 22:12:00,50.6,50.6,208,210
2023-06-03 22:14:00,50.6,50.6,208,210
2023-06-03 22:16:00,50.3,50.3,207,209
2023-06-03 22:18:00,50.7,50.7,205,207
2023-06-03 22:20:00,50.6,50.6,199,205
2023-06-03 22:22:00,50.7,50.8,199,204
2023-06-03 22:24:00,50.3,50.3,201,205
2023-06-03 22:26:00,50.7,50.7,200,206
2023-06-03 22:28:00,50.7,50.7,201,207
2023-06-03 22:30:00,50.2,50.3,202,207
2023-06-03 22:32:00,50.3,50.3,207,209
2023-06-03 22:34:00,50.4,50.4,207,209
2023-06-03 22:36:00,50.5,50.5,209,211
2023-06-03 22:38:00,50.4,50.4,207,209
2023-06-03 22:40:00,50.4,50.4,208,211
2023-06-03 22:42:00,50.4,50.4,208,211
2023-06-03 22:44:00,50.5,50.5,210,212
2023-06-03 22:46:00,50.3,50.4,207,210
2023-06-03 22:48:00,50.4,50.4,207,210
2023-06-03 22:50:00,50.5,50.5,209,211
2023-06-03 22:52:00,50.4,50.4,211,213
2023-06-03 22:54:00,50.4,50.5,216,218
2023-06-03 22:56:00,50.4,50.4,211,213
2023-06-03 22:58:00,50.3,50.3,211,212
2023-06-03 23:00:00,50.4,50.5,209,211
2023-06-03 23:02:00,50.3,50.4,211,213
2023-06-03 23:04:00,50.6,50.6,211,212
2023-06-03 23:06:00,50.4,50.4,210,211
2023-06-03 23:08:00,50.5,50.5,210,211
2023-06-03 23:10:00,50.7,50.7,209,210
2023-06-03 23:12:00,50.4,50.5,209,211
2023-06-03 23:14:00,50.2,50.3,209,211
2023-06-03 23:16:00,50.4,50.5,211,211
2023-06-03 23:18:00,50.4,50.4,209,211
2023-06-03 23:20:00,50.6,50.6,210,211
2023-06-03 23:22:00,50.5,50.6,210,211
2023-06-03 23:24:00,50.4,50.4,210,211
2023-06-03 23:26:00,50.4,50.4,216,218
2023-06-03 23:28:00,50.6,50.6,213,214
2023-06-03 23:30:00,50.4,50.4,212,214
2023-06-03 23:32:00,50.6,50.5,213,214
2023-06-03 23:34:00,50.6,50.6,210,212
2023-06-03 23:36:00,50.7,50.7,214,215
2023-06-03 23:38:00,50.3,50.3,211,212
2023-06-03 23:40:00,50.6,50.6,214,215
2023-06-03 23:42:00,50.4,50.4,214,216
2023-06-03 23:44:00,50.3,50.4,211,213
2023-06-03 23:46:00,50.6,50.6,215,217
2023-06-03 23:48:00,50.3,50.2,214,215
2023-06-03 23:50:00,50.6,50.6,214,216
2023-06-03 23:52:00,50.6,50.6,216,217
2023-06-03 23:54:00,50.4,50.4,216,217
2023-06-03 23:56:00,50.6,50.6,216,217
2023-06-03 23:58:00,50.3,50.3,220,221