"Time","Frequency 3E2F4FD3 (Ch Cbca Bethesda Ndosho - laboratoire)","Frequency C30F2E03 (Ch Cbca Bethesda Ndosho - clinique)","Voltage 3E2F4FD3 (Ch Cbca Bethesda Ndosho - laboratoire)","Voltage C30F2E03 (Ch Cbca Bethesda Ndosho - clinique)"
2023-07-09 00:00:00,50.6,50.5,217,219
2023-07-09 00:02:00,50.7,50.7,216,217
2023-07-09 00:04:00,50.7,50.7,219,220
2023-07-09 00:06:00,50.7,50.7,219,220
2023-07-09 00:08:00,50.4,50.3,216,219
2023-07-09 00:10:00,50.6,50.6,217,219
2023-07-09 00:12:00,50.3,50.3,219,221
2023-07-09 00:14:00,50.4,50.4,218,220
2023-07-09 00:16:00,50.4,50.4,218,220
2023-07-09 00:18:00,50.4,50.4,220,221
2023-07-09 00:20:00,50.2,50.3,218,219
2023-07-09 00:22:00,50.2,50.1,217,219
2023-07-09 00:24:00,50.1,50.2,217,219
2023-07-09 00:26:00,50.2,50.2,219,220
2023-07-09 00:28:00,50.3,50.4,217,219
2023-07-09 00:30:00,50.2,50.2,218,219
2023-07-09 00:32:00,50.2,50.3,217,220
2023-07-09 00:34:00,50.2,50.2,221,221
2023-07-09 00:36:00,50.2,50.2,219,221
2023-07-09 00:38:00,50.1,50.2,219,221
2023-07-09 00:40:00,50.3,50.3,221,222
2023-07-09 00:42:00,50.2,50.3,219,221
2023-07-09 00:44:00,50.2,50.3,220,222
2023-07-09 00:46:00,50.2,50.3,221,222
2023-07-09 00:48:00,50.2,50.3,221,221
2023-07-09 00:50:00,50.1,50.1,219,220
2023-07-09 00:52:00,50.4,50.4,219,221
2023-07-09 00:54:00,50.0,50.0,221,222
2023-07-09 00:56:00,50.2,50.2,217,219
2023-07-09 00:58:00,50.2,50.2,219,221
2023-07-09 01:00:00,50.3,50.4,221,223
2023-07-09 01:02:00,50.4,50.4,221,223
2023-07-09 01:04:00,50.2,50.2,220,222
2023-07-09 01:06:00,50.2,50.1,220,221
2023-07-09 01:08:00,50.2,50.3,221,223
2023-07-09 01:10:00,50.2,50.2,220,223
2023-07-09 01:12:00,50.3,50.3,220,222
2023-07-09 01:14:00,50.2,50.3,222,223
2023-07-09 01:16:00,50.3,50.3,221,223
2023-07-09 01:18:00,50.3,50.3,220,222
2023-07-09 01:20:00,50.3,50.3,219,221
2023-07-09 01:22:00,50.1,50.1,221,222
2023-07-09 01:24:00,50.3,50.3,221,223
2023-07-09 01:26:00,50.2,50.1,221,223
2023-07-09 01:28:00,50.3,50.2,223,224
2023-07-09 01:30:00,50.2,50.2,222,223
2023-07-09 01:32:00,50.3,50.3,219,221
2023-07-09 01:34:00,50.2,50.2,222,223
2023-07-09 01:36:00,50.4,50.4,221,223
2023-07-09 01:38:00,50.2,50.2,219,221
2023-07-09 01:40:00,50.3,50.3,221,223
2023-07-09 01:42:00,50.0,50.0,219,221
2023-07-09 01:44:00,50.3,50.3,220,222
2023-07-09 01:46:00,50.4,50.3,221,223
2023-07-09 01:48:00,50.3,50.3,221,223
2023-07-09 01:50:00,50.4,50.3,221,223
2023-07-09 01:52:00,50.2,50.2,221,223
2023-07-09 01:54:00,50.3,50.2,221,223
2023-07-09 01:56:00,50.3,50.2,223,224
2023-07-09 01:58:00,50.3,50.2,221,223
2023-07-09 02:00:00,50.2,50.2,222,224
2023-07-09 02:02:00,50.2,50.2,223,225
2023-07-09 02:04:00,50.1,50.1,223,224
2023-07-09 02:06:00,50.2,50.2,220,222
2023-07-09 02:08:00,50.2,50.3,223,225
2023-07-09 02:10:00,50.4,50.4,225,226
2023-07-09 02:12:00,50.2,50.3,223,226
2023-07-09 02:14:00,50.2,50.2,221,223
2023-07-09 02:16:00,50.2,50.2,224,226
2023-07-09 02:18:00,50.3,50.3,224,226
2023-07-09 02:20:00,50.2,50.1,222,224
2023-07-09 02:22:00,50.3,50.4,223,225
2023-07-09 02:24:00,50.4,50.4,224,226
2023-07-09 02:26:00,50.1,50.2,221,223
2023-07-09 02:28:00,50.2,50.2,221,223
2023-07-09 02:30:00,50.2,50.2,221,223
2023-07-09 02:32:00,50.2,50.1,221,223
2023-07-09 02:34:00,50.3,50.2,220,222
2023-07-09 02:36:00,50.2,50.2,221,223
2023-07-09 02:38:00,50.3,50.3,221,223
2023-07-09 02:40:00,50.3,50.3,220,222
2023-07-09 02:42:00,50.4,50.4,219,222
2023-07-09 02:44:00,50.3,50.3,220,222
2023-07-09 02:46:00,50.4,50.4,220,222
2023-07-09 02:48:00,50.5,50.4,219,221
2023-07-09 02:50:00,50.3,50.3,219,221
2023-07-09 02:52:00,50.3,50.3,221,222
2023-07-09 02:54:00,50.4,50.3,221,223
2023-07-09 02:56:00,50.1,50.1,221,223
2023-07-09 02:58:00,50.2,50.2,221,223
2023-07-09 03:00:00,50.5,50.5,222,224
2023-07-09 03:02:00,50.5,50.5,221,224
2023-07-09 03:04:00,50.3,50.4,221,224
2023-07-09 03:06:00,50.3,50.3,222,224
2023-07-09 03:08:00,50.1,50.1,220,223
2023-07-09 03:10:00,50.3,50.3,221,223
2023-07-09 03:12:00,50.1,50.2,222,224
2023-07-09 03:14:00,50.4,50.3,221,223
2023-07-09 03:16:00,50.4,50.3,221,224
2023-07-09 03:18:00,50.3,50.4,223,225
2023-07-09 03:20:00,50.4,50.4,223,225
2023-07-09 03:22:00,50.3,50.3,220,223
2023-07-09 03:24:00,50.3,50.3,221,223
2023-07-09 03:26:00,50.3,50.3,222,225
2023-07-09 03:28:00,50.2,50.2,220,223
2023-07-09 03:30:00,50.3,50.3,220,223
2023-07-09 03:32:00,50.3,50.4,222,224
2023-07-09 03:34:00,50.5,50.5,222,225
2023-07-09 03:36:00,50.2,50.2,220,223
2023-07-09 03:38:00,50.3,50.3,220,223
2023-07-09 03:40:00,50.3,50.3,221,224
2023-07-09 03:42:00,50.1,50.2,219,222
2023-07-09 03:44:00,50.3,50.3,220,223
2023-07-09 03:46:00,50.5,50.5,221,224
2023-07-09 03:48:00,50.4,50.5,221,224
2023-07-09 03:50:00,50.4,50.3,219,221
2023-07-09 03:52:00,50.3,50.3,219,222
2023-07-09 03:54:00,50.2,50.2,221,223
2023-07-09 03:56:00,50.2,50.3,219,223
2023-07-09 03:58:00,50.3,50.4,220,223
2023-07-09 04:00:00,50.3,50.3,221,224
2023-07-09 04:02:00,50.4,50.3,222,225
2023-07-09 04:04:00,50.3,50.3,221,223
2023-07-09 04:06:00,50.3,50.4,220,223
2023-07-09 04:08:00,50.2,50.2,221,223
2023-07-09 04:10:00,50.3,50.2,220,223
2023-07-09 04:12:00,50.2,50.1,221,223
2023-07-09 04:14:00,50.3,50.3,222,224
2023-07-09 04:16:00,50.0,50.0,221,223
2023-07-09 04:18:00,50.5,50.5,221,223
2023-07-09 04:20:00,50.3,50.3,221,224
2023-07-09 04:22:00,50.3,50.3,222,225
2023-07-09 04:24:00,50.3,50.3,221,225
2023-07-09 04:26:00,50.3,50.3,221,225
2023-07-09 04:28:00,50.2,50.2,223,225
2023-07-09 04:30:00,50.5,50.5,223,226
2023-07-09 04:32:00,50.4,50.5,223,226
2023-07-09 04:34:00,50.3,50.3,222,225
2023-07-09 04:36:00,50.2,50.2,223,224
2023-07-09 04:38:00,50.2,50.2,222,224
2023-07-09 04:40:00,50.2,50.2,221,223
2023-07-09 04:42:00,50.4,50.4,223,225
2023-07-09 04:44:00,50.4,50.4,223,226
2023-07-09 04:46:00,50.2,50.1,221,223
2023-07-09 04:48:00,50.3,50.2,221,223
2023-07-09 04:50:00,50.3,50.4,221,223
2023-07-09 04:52:00,50.2,50.2,220,223
2023-07-09 04:54:00,50.3,50.3,224,226
2023-07-09 04:56:00,50.3,50.2,226,227
2023-07-09 04:58:00,50.3,50.3,221,223
2023-07-09 05:00:00,50.3,50.2,221,223
2023-07-09 05:02:00,50.2,50.2,221,223
2023-07-09 05:04:00,50.2,50.1,224,226
2023-07-09 05:06:00,50.3,50.3,223,226
2023-07-09 05:08:00,50.3,50.3,221,224
2023-07-09 05:10:00,50.4,50.4,221,223
2023-07-09 05:12:00,50.1,50.1,223,224
2023-07-09 05:14:00,50.2,50.3,224,228
2023-07-09 05:16:00,50.3,50.3,226,228
2023-07-09 05:18:00,50.5,50.5,221,223
2023-07-09 05:20:00,50.3,50.3,221,224
2023-07-09 05:22:00,50.1,50.1,225,228
2023-07-09 05:24:00,50.2,50.2,226,228
2023-07-09 05:26:00,50.3,50.3,221,226
2023-07-09 05:28:00,50.1,50.2,219,221
2023-07-09 05:30:00,50.4,50.3,221,223
2023-07-09 05:32:00,50.3,50.3,223,226
2023-07-09 05:34:00,50.1,50.1,223,226
2023-07-09 05:36:00,50.2,50.1,221,224
2023-07-09 05:38:00,50.4,50.4,223,224
2023-07-09 05:40:00,50.2,50.2,223,226
2023-07-09 05:42:00,50.2,50.2,222,225
2023-07-09 05:44:00,50.3,50.3,223,226
2023-07-09 05:46:00,50.2,50.2,225,227
2023-07-09 05:48:00,50.4,50.4,223,226
2023-07-09 05:50:00,50.1,50.1,216,220
2023-07-09 05:52:00,50.2,50.1,217,220
2023-07-09 05:54:00,50.2,50.2,220,221
2023-07-09 05:56:00,50.1,50.2,220,223
2023-07-09 05:58:00,50.1,50.1,225,226
2023-07-09 06:00:00,50.4,50.4,226,228
2023-07-09 06:02:00,50.3,50.3,223,226
2023-07-09 06:04:00,50.3,50.3,223,226
2023-07-09 06:06:00,50.1,50.1,221,223
2023-07-09 06:08:00,50.3,50.3,225,228
2023-07-09 06:10:00,50.2,50.2,225,227
2023-07-09 06:12:00,50.1,50.1,223,225
2023-07-09 06:14:00,50.2,50.1,217,220
2023-07-09 06:16:00,50.1,50.0,218,220
2023-07-09 06:18:00,50.3,50.3,218,219
2023-07-09 06:20:00,50.1,50.0,208,212
2023-07-09 06:22:00,50.2,50.2,206,211
2023-07-09 06:24:00,50.1,50.0,205,210
2023-07-09 06:26:00,50.1,50.1,215,217
2023-07-09 06:28:00,50.3,50.3,217,220
2023-07-09 06:30:00,50.2,50.3,218,221
2023-07-09 06:32:00,50.0,50.1,219,221
2023-07-09 06:34:00,50.2,50.2,220,221
2023-07-09 06:36:00,50.0,50.0,214,217
2023-07-09 06:38:00,50.2,50.2,216,219
2023-07-09 06:40:00,50.1,50.1,215,217
2023-07-09 06:42:00,50.1,50.1,213,216
2023-07-09 06:44:00,50.1,50.1,215,218
2023-07-09 06:46:00,50.2,50.1,218,219
2023-07-09 06:48:00,50.0,50.0,217,219
2023-07-09 06:50:00,50.1,50.1,214,217
2023-07-09 06:52:00,50.2,50.2,217,220
2023-07-09 06:54:00,50.0,50.1,213,215
2023-07-09 06:56:00,50.0,50.0,211,213
2023-07-09 06:58:00,50.2,50.1,210,213
2023-07-09 07:00:00,50.0,49.9,211,213
2023-07-09 07:02:00,50.0,50.0,209,211
2023-07-09 07:04:00,50.0,50.0,209,211
2023-07-09 07:06:00,50.0,50.0,209,212
2023-07-09 07:08:00,50.2,50.1,211,214
2023-07-09 07:10:00,49.9,50.0,211,214
2023-07-09 07:12:00,49.8,49.8,207,209
2023-07-09 07:14:00,50.1,50.1,201,207
2023-07-09 07:16:00,49.9,49.9,196,202
2023-07-09 07:18:00,50.1,50.1,197,203
2023-07-09 07:20:00,50.1,50.1,213,215
2023-07-09 07:22:00,49.9,50.0,209,211
2023-07-09 07:24:00,50.2,50.2,204,210
2023-07-09 07:26:00,50.0,49.9,209,211
2023-07-09 07:28:00,50.0,50.0,207,209
2023-07-09 07:30:00,50.2,50.2,203,207
2023-07-09 07:32:00,50.2,50.2,204,206
2023-07-09 07:34:00,50.0,50.0,210,211
2023-07-09 07:36:00,49.9,49.9,212,214
2023-07-09 07:38:00,49.9,49.9,207,209
2023-07-09 07:40:00,50.0,50.0,207,209
2023-07-09 07:42:00,50.0,50.0,207,209
2023-07-09 07:44:00,50.0,50.0,209,211
2023-07-09 07:46:00,50.2,50.2,203,206
2023-07-09 07:48:00,50.2,50.2,207,209
2023-07-09 07:50:00,49.8,49.8,211,212
2023-07-09 07:52:00,49.7,49.7,208,210
2023-07-09 07:54:00,50.0,49.9,209,210
2023-07-09 07:56:00,50.2,50.2,207,209
2023-07-09 07:58:00,50.0,50.0,209,211
2023-07-09 08:00:00,50.1,50.0,212,214
2023-07-09 08:02:00,50.0,50.0,209,211
2023-07-09 08:04:00,50.4,50.3,207,209
2023-07-09 08:06:00,50.2,50.3,205,207
2023-07-09 08:08:00,50.3,50.3,209,211
2023-07-09 08:10:00,50.1,50.1,199,204
2023-07-09 08:12:00,50.2,50.2,200,205
2023-07-09 08:14:00,50.1,50.1,199,204
2023-07-09 08:16:00,50.0,50.0,202,207
2023-07-09 08:18:00,50.3,50.3,206,209
2023-07-09 08:20:00,50.5,50.4,203,206
2023-07-09 08:22:00,50.4,50.5,205,207
2023-07-09 08:24:00,50.2,50.2,200,202
2023-07-09 08:26:00,50.0,49.9,203,206
2023-07-09 08:28:00,50.3,50.3,205,208
2023-07-09 08:30:00,50.0,50.0,207,209
2023-07-09 08:32:00,50.2,50.2,204,207
2023-07-09 08:34:00,50.1,50.1,198,203
2023-07-09 08:36:00,50.3,50.2,198,202
2023-07-09 08:38:00,50.4,50.3,199,204
2023-07-09 08:40:00,50.1,50.1,204,206
2023-07-09 08:42:00,50.3,50.2,207,209
2023-07-09 08:44:00,50.0,50.0,208,209
2023-07-09 08:46:00,50.3,50.3,209,211
2023-07-09 08:48:00,50.5,50.5,211,214
2023-07-09 08:50:00,50.2,50.2,209,210
2023-07-09 08:52:00,50.5,50.5,211,213
2023-07-09 08:54:00,50.2,50.3,207,209
2023-07-09 08:56:00,50.3,50.3,207,208
2023-07-09 08:58:00,50.1,50.1,210,212
2023-07-09 09:00:00,50.2,50.2,210,212
2023-07-09 09:02:00,50.3,50.4,207,209
2023-07-09 09:04:00,50.2,50.2,207,209
2023-07-09 09:06:00,50.4,50.3,207,209
2023-07-09 09:08:00,50.1,50.1,211,214
2023-07-09 09:10:00,49.8,49.8,211,214
2023-07-09 09:12:00,50.1,50.1,206,209
2023-07-09 09:14:00,50.2,50.2,202,204
2023-07-09 09:16:00,50.1,50.1,206,208
2023-07-09 09:18:00,50.2,50.1,212,214
2023-07-09 09:20:00,50.2,50.1,205,207
2023-07-09 09:22:00,50.3,50.2,204,207
2023-07-09 09:24:00,50.3,50.3,204,206
2023-07-09 09:26:00,49.9,49.9,206,208
2023-07-09 09:28:00,50.1,50.1,202,204
2023-07-09 09:30:00,49.9,49.9,203,204
2023-07-09 09:32:00,50.1,50.2,205,207
2023-07-09 09:34:00,50.3,50.2,199,202
2023-07-09 09:36:00,50.1,50.0,204,207
2023-07-09 09:38:00,50.4,50.4,209,211
2023-07-09 09:40:00,50.4,50.4,207,209
2023-07-09 09:42:00,50.2,50.2,209,211
2023-07-09 09:44:00,50.3,50.2,207,208
2023-07-09 09:46:00,50.4,50.4,207,208
2023-07-09 09:48:00,50.2,50.2,206,208
2023-07-09 09:50:00,50.5,50.5,203,205
2023-07-09 09:52:00,50.1,50.1,207,208
2023-07-09 09:54:00,50.0,50.0,205,207
2023-07-09 09:56:00,50.1,50.0,204,206
2023-07-09 09:58:00,50.3,50.2,207,208
2023-07-09 10:00:00,49.8,49.9,207,208
2023-07-09 10:02:00,50.1,50.2,204,207
2023-07-09 10:04:00,50.1,50.1,207,210
2023-07-09 10:06:00,49.9,49.9,210,211
2023-07-09 10:08:00,50.1,4926,204,0.707
2023-07-09 10:10:00,50.4,3021,204,0.707
2023-07-09 10:12:00,50.1,7813,199,0.707
2023-07-09 10:14:00,50.3,4367,206,0
2023-07-09 10:16:00,50.2,6536,208,0.707
2023-07-09 10:18:00,50.3,50.3,210,213
2023-07-09 10:20:00,50.1,50.2,210,213
2023-07-09 10:22:00,50.1,50.2,197,202
2023-07-09 10:24:00,50.3,50.3,209,211
2023-07-09 10:26:00,50.2,50.2,209,210
2023-07-09 10:28:00,50.2,50.2,213,215
2023-07-09 10:30:00,50.0,50.0,204,207
2023-07-09 10:32:00,50.2,50.2,205,208
2023-07-09 10:34:00,50.3,50.4,209,211
2023-07-09 10:36:00,50.3,50.3,207,210
2023-07-09 10:38:00,50.3,50.3,207,209
2023-07-09 10:40:00,50.1,50.0,207,209
2023-07-09 10:42:00,50.2,50.2,199,202
2023-07-09 10:44:00,50.3,50.2,204,207
2023-07-09 10:46:00,50.2,50.2,204,207
2023-07-09 10:48:00,50.2,50.2,204,207
2023-07-09 10:50:00,50.1,50.1,205,207
2023-07-09 10:52:00,50.3,50.3,204,207
2023-07-09 10:54:00,50.4,50.4,204,206
2023-07-09 10:56:00,50.3,50.3,207,209
2023-07-09 10:58:00,50.3,50.3,207,209
2023-07-09 11:00:00,50.3,50.3,204,207
2023-07-09 11:02:00,50.1,50.1,207,209
2023-07-09 11:04:00,50.2,50.2,205,207
2023-07-09 11:06:00,50.4,50.3,204,207
2023-07-09 11:08:00,50.4,50.4,207,208
2023-07-09 11:10:00,50.1,50.2,202,204
2023-07-09 11:12:00,50.2,50.2,202,204
2023-07-09 11:14:00,50.5,7874,209,0
2023-07-09 11:16:00,50.5,9804,208,0.707
2023-07-09 11:18:00,50.4,4854,202,0
2023-07-09 11:20:00,50.2,3012,209,0
2023-07-09 11:22:00,50.3,3279,206,0
2023-07-09 11:24:00,50.1,3257,202,0
2023-07-09 11:26:00,50.0,5618,199,0
2023-07-09 11:28:00,50.6,2618,201,0
2023-07-09 11:30:00,50.2,7874,204,0
2023-07-09 11:32:00,50.0,4878,202,0
2023-07-09 11:34:00,50.3,3257,204,0
2023-07-09 11:36:00,50.6,3030,207,0
2023-07-09 11:38:00,50.2,4386,204,0.707
2023-07-09 11:40:00,50.3,1404,202,0
2023-07-09 11:42:00,50.2,4926,202,0.707
2023-07-09 11:44:00,50.4,3257,204,0
2023-07-09 11:46:00,50.3,9804,202,0
2023-07-09 11:48:00,50.4,7874,201,0
2023-07-09 11:50:00,50.3,3861,199,0
2023-07-09 11:52:00,50.2,3546,199,0
2023-07-09 11:54:00,50.5,4902,200,0.707
2023-07-09 11:56:00,50.3,1458,204,0
2023-07-09 11:58:00,50.1,2801,199,0.707
2023-07-09 12:00:00,50.4,6536,206,0.707
2023-07-09 12:02:00,50.2,3279,206,0.707
2023-07-09 12:04:00,50.3,2451,206,0
2023-07-09 12:06:00,50.3,4926,202,0
2023-07-09 12:08:00,50.3,3003,201,0
2023-07-09 12:10:00,50.2,4926,202,0
2023-07-09 12:12:00,50.1,1159,203,0.707
2023-07-09 12:14:00,50.2,4926,203,0.707
2023-07-09 12:16:00,50.3,3279,203,0
2023-07-09 12:18:00,50.3,916,205,0
2023-07-09 12:20:00,50.2,9804,201,0
2023-07-09 12:22:00,50.3,1908,201,0.707
2023-07-09 12:24:00,50.1,6579,202,0.707
2023-07-09 12:26:00,50.2,1876,203,0.707
2023-07-09 12:28:00,50.2,7874,197,0
2023-07-09 12:30:00,50.3,9804,199,0
2023-07-09 12:32:00,50.4,5618,202,0
2023-07-09 12:34:00,50.3,7874,200,0
2023-07-09 12:36:00,50.4,6579,198,0
2023-07-09 12:38:00,50.4,5618,191,0
2023-07-09 12:40:00,50.5,7874,192,0
2023-07-09 12:42:00,50.5,7874,191,0
2023-07-09 12:44:00,50.4,4367,198,0
2023-07-09 12:46:00,50.3,1063,193,0.707
2023-07-09 12:48:00,50.2,1404,197,0.707
2023-07-09 12:50:00,50.2,4926,198,0.707
2023-07-09 12:52:00,50.5,5618,199,0
2023-07-09 12:54:00,50.5,5618,202,0.707
2023-07-09 12:56:00,50.4,5618,199,0
2023-07-09 12:58:00,50.2,5618,202,0
2023-07-09 13:00:00,50.4,2451,201,0
2023-07-09 13:02:00,50.1,3030,195,0.707
2023-07-09 13:04:00,50.4,3030,199,0.707
2023-07-09 13:06:00,50.1,3279,199,0
2023-07-09 13:08:00,50.1,5618,197,0
2023-07-09 13:10:00,50.1,4854,201,0
2023-07-09 13:12:00,50.3,3559,201,0
2023-07-09 13:14:00,50.0,5618,202,0.707
2023-07-09 13:16:00,50.3,2463,199,0
2023-07-09 13:18:00,50.2,6536,199,0.707
2023-07-09 13:20:00,49.9,3937,199,0.707
2023-07-09 13:22:00,50.2,4926,194,0.707
2023-07-09 13:24:00,50.0,1517,201,0
2023-07-09 13:26:00,50.3,2817,197,0.707
2023-07-09 13:28:00,50.2,4367,198,0.707
2023-07-09 13:30:00,50.2,3906,197,0
2023-07-09 13:32:00,50.0,5618,196,0.707
2023-07-09 13:34:00,49.9,6536,201,0
2023-07-09 13:36:00,50.1,1969,199,0
2023-07-09 13:38:00,50.4,3279,202,0
2023-07-09 13:40:00,50.2,3030,198,0
2023-07-09 13:42:00,50.5,5556,203,0
2023-07-09 13:44:00,50.3,6452,202,0
2023-07-09 13:46:00,50.2,5556,199,0.707
2023-07-09 13:48:00,50.3,5618,199,0
2023-07-09 13:50:00,50.3,2304,203,0
2023-07-09 13:52:00,50.1,3030,196,0
2023-07-09 13:54:00,50.3,6536,197,0
2023-07-09 13:56:00,50.4,6536,200,0
2023-07-09 13:58:00,50.2,4329,200,0
2023-07-09 14:00:00,50.0,3584,199,0
2023-07-09 14:02:00,50.2,4926,199,0.707
2023-07-09 14:04:00,50.2,3289,199,0.707
2023-07-09 14:06:00,50.3,2611,197,0
2023-07-09 14:08:00,50.2,9804,201,0
2023-07-09 14:10:00,50.6,4367,202,0.707
2023-07-09 14:12:00,49.9,5587,203,0
2023-07-09 14:14:00,50.3,7874,199,0.707
2023-07-09 14:16:00,50.3,4926,200,0
2023-07-09 14:18:00,50.4,3937,202,0.707
2023-07-09 14:20:00,50.3,6579,201,0
2023-07-09 14:22:00,50.3,1408,201,0
2023-07-09 14:24:00,50.2,960,202,0
2023-07-09 14:26:00,50.6,3030,204,0
2023-07-09 14:28:00,50.5,3030,201,0.707
2023-07-09 14:30:00,50.2,5618,201,0.707
2023-07-09 14:32:00,50.4,2817,209,0
2023-07-09 14:34:00,50.4,5618,206,0.707
2023-07-09 14:36:00,50.2,2320,205,0
2023-07-09 14:38:00,50.1,6536,204,0
2023-07-09 14:40:00,50.3,2817,206,0.707
2023-07-09 14:42:00,50.4,3584,207,0.707
2023-07-09 14:44:00,50.4,6579,208,0
2023-07-09 14:46:00,50.3,6536,207,0
2023-07-09 14:48:00,50.1,9804,204,0.707
2023-07-09 14:50:00,50.3,4902,206,0.707
2023-07-09 14:52:00,50.2,4926,201,0
2023-07-09 14:54:00,50.3,4329,202,0
2023-07-09 14:56:00,50.2,4926,196,0.707
2023-07-09 14:58:00,50.4,6536,196,0.707
2023-07-09 15:00:00,50.2,6579,197,0.707
2023-07-09 15:02:00,50.2,6579,199,0.707
2023-07-09 15:04:00,50.3,1715,199,0
2023-07-09 15:06:00,50.5,2625,199,0.707
2023-07-09 15:08:00,50.3,4926,199,0.707
2023-07-09 15:10:00,50.4,5618,198,0
2023-07-09 15:12:00,50.4,7752,200,0.707
2023-07-09 15:14:00,50.4,2451,199,0.707
2023-07-09 15:16:00,50.4,3937,197,0
2023-07-09 15:18:00,50.2,3937,199,0
2023-07-09 15:20:00,50.6,4926,198,0.707
2023-07-09 15:22:00,50.3,5525,199,0
2023-07-09 15:24:00,50.4,3937,196,0.707
2023-07-09 15:26:00,50.4,4926,196,0
2023-07-09 15:28:00,50.5,7692,199,0
2023-07-09 15:30:00,50.3,9804,197,0
2023-07-09 15:32:00,50.2,914,199,0.707
2023-07-09 15:34:00,50.5,3584,198,0
2023-07-09 15:36:00,50.2,4329,199,0.707
2023-07-09 15:38:00,50.4,1709,200,0
2023-07-09 15:40:00,50.5,2463,201,0
2023-07-09 15:42:00,50.4,6536,199,0
2023-07-09 15:44:00,50.6,3937,198,0.707
2023-07-09 15:46:00,50.4,802,199,0
2023-07-09 15:48:00,50.3,5618,192,0.707
2023-07-09 15:50:00,50.4,3937,198,0
2023-07-09 15:52:00,50.3,1404,199,0.707
2023-07-09 15:54:00,50.2,3030,200,0
2023-07-09 15:56:00,50.3,6452,197,0
2023-07-09 15:58:00,50.3,3937,200,0.707
2023-07-09 16:00:00,50.6,9804,202,0.707
2023-07-09 16:02:00,50.5,4367,198,0
2023-07-09 16:04:00,50.4,7874,196,0
2023-07-09 16:06:00,50.4,3559,198,0
2023-07-09 16:08:00,50.6,7874,198,0
2023-07-09 16:10:00,50.5,4367,197,0
2023-07-09 16:12:00,50.4,3937,196,0
2023-07-09 16:14:00,50.4,1229,194,0
2023-07-09 16:16:00,50.2,5618,192,0.707
2023-07-09 16:18:00,50.3,9804,197,0.707
2023-07-09 16:20:00,50.3,5556,199,0.707
2023-07-09 16:22:00,50.3,2463,195,0
2023-07-09 16:24:00,50.5,7874,199,0.707
2023-07-09 16:26:00,50.4,4926,199,0
2023-07-09 16:28:00,50.1,6536,202,0.707
2023-07-09 16:30:00,50.3,3922,204,0
2023-07-09 16:32:00,50.5,3584,204,0.707
2023-07-09 16:34:00,50.4,894,201,0
2023-07-09 16:36:00,50.4,3279,195,0
2023-07-09 16:38:00,50.4,3012,197,0
2023-07-09 16:40:00,50.4,4367,202,0.707
2023-07-09 16:42:00,50.3,1357,202,0.707
2023-07-09 16:44:00,50.3,2457,200,0
2023-07-09 16:46:00,50.2,1269,198,0
2023-07-09 16:48:00,50.5,4367,199,0
2023-07-09 16:50:00,50.3,2809,209,0
2023-07-09 16:52:00,50.1,1637,202,0.707
2023-07-09 16:54:00,50.2,4878,199,0.707
2023-07-09 16:56:00,50.5,3268,199,0.707
2023-07-09 16:58:00,50.2,3311,199,0
2023-07-09 17:00:00,50.1,6536,197,0.707
2023-07-09 17:02:00,50.5,3937,199,0.707
2023-07-09 17:04:00,50.2,6579,197,0.707
2023-07-09 17:06:00,50.3,2801,201,0
2023-07-09 17:08:00,50.3,5618,202,0.707
2023-07-09 17:10:00,50.5,3584,203,0
2023-07-09 17:12:00,50.3,2463,204,0.707
2023-07-09 17:14:00,50.3,6494,203,0.707
2023-07-09 17:16:00,50.3,3937,202,0
2023-07-09 17:18:00,50.4,7874,202,0.707
2023-07-09 17:20:00,50.1,6579,202,0.707
2023-07-09 17:22:00,50.2,9804,200,0
2023-07-09 17:24:00,50.2,3937,201,0.707
2023-07-09 17:26:00,50.3,4926,204,0
2023-07-09 17:28:00,50.2,1120,201,0
2023-07-09 17:30:00,50.0,1961,194,0
2023-07-09 17:32:00,50.1,4926,197,0
2023-07-09 17:34:00,50.1,7874,194,0.707
2023-07-09 17:36:00,50.3,3876,193,0.707
2023-07-09 17:38:00,49.9,4926,194,0.707
2023-07-09 17:40:00,50.2,2066,197,0.707
2023-07-09 17:42:00,50.4,9804,195,0.707
2023-07-09 17:44:00,50.2,917,193,0
2023-07-09 17:46:00,50.3,7874,193,0
2023-07-09 17:48:00,50.2,9804,194,0
2023-07-09 17:50:00,50.2,3876,197,0.707
2023-07-09 17:52:00,50.1,5556,198,0.707
2023-07-09 17:54:00,50.1,2315,197,0
2023-07-09 17:56:00,50.2,5618,201,0.707
2023-07-09 17:58:00,50.2,2000,199,0
2023-07-09 18:00:00,50.0,3937,200,0.707
2023-07-09 18:02:00,50.2,2024,201,0
2023-07-09 18:04:00,50.0,2451,201,0.707
2023-07-09 18:06:00,50.1,9804,202,0
2023-07-09 18:08:00,50.1,645,203,0.707
2023-07-09 18:10:00,50.2,3937,200,0.707
2023-07-09 18:12:00,50.1,1404,200,0.707
2023-07-09 18:14:00,50.1,4367,200,0.707
2023-07-09 18:16:00,50.0,3030,194,0.707
2023-07-09 18:18:00,50.3,6536,200,0
2023-07-09 18:20:00,50.4,5618,203,0
2023-07-09 18:22:00,50.0,3584,201,0.707
2023-07-09 18:24:00,50.2,7874,197,0
2023-07-09 18:26:00,50.1,3906,200,0.707
2023-07-09 18:28:00,50.1,4926,200,0.707
2023-07-09 18:30:00,50.3,1792,201,0.707
2023-07-09 18:32:00,50.2,5618,199,0.707
2023-07-09 18:34:00,50.2,5464,199,0.707
2023-07-09 18:36:00,50.2,5556,199,0
2023-07-09 18:38:00,50.3,5618,196,0
2023-07-09 18:40:00,50.1,9709,197,0.707
2023-07-09 18:42:00,50.0,4386,195,0.707
2023-07-09 18:44:00,50.2,3030,192,0
2023-07-09 18:46:00,50.2,4878,192,0.707
2023-07-09 18:48:00,50.3,2451,194,0.707
2023-07-09 18:50:00,50.1,1314,192,0
2023-07-09 18:52:00,50.4,3906,192,0
2023-07-09 18:54:00,50.2,2625,192,0.707
2023-07-09 18:56:00,50.2,894,194,0.707
2023-07-09 18:58:00,50.0,3937,194,0.707
2023-07-09 19:00:00,50.0,6536,194,0.707
2023-07-09 19:02:00,50.1,4854,193,0.707
2023-07-09 19:04:00,50.1,1631,194,0
2023-07-09 19:06:00,50.2,4367,191,0
2023-07-09 19:08:00,50.1,4926,192,0.707
2023-07-09 19:10:00,50.1,1637,193,0.707
2023-07-09 19:12:00,50.1,6536,195,0
2023-07-09 19:14:00,50.2,3030,193,0.707
2023-07-09 19:16:00,50.3,2817,194,0
2023-07-09 19:18:00,50.2,4902,190,0.707
2023-07-09 19:20:00,50.3,2193,192,0.707
2023-07-09 19:22:00,50.2,2075,190,0.707
2023-07-09 19:24:00,50.3,2188,187,0.707
2023-07-09 19:26:00,50.3,1712,188,0.707
2023-07-09 19:28:00,50.1,6452,189,0
2023-07-09 19:30:00,50.3,3030,192,0
2023-07-09 19:32:00,50.0,2625,192,0.707
2023-07-09 19:34:00,50.2,4367,192,0
2023-07-09 19:36:00,50.5,3021,195,2.12
2023-07-09 19:38:00,50.2,6536,191,0.707
2023-07-09 19:40:00,50.3,6536,193,0.707
2023-07-09 19:42:00,50.2,4878,194,0
2023-07-09 19:44:00,50.0,1192,192,0
2023-07-09 19:46:00,50.3,5618,190,0
2023-07-09 19:48:00,50.2,4367,190,0.707
2023-07-09 19:50:00,50.0,3584,193,0.707
2023-07-09 19:52:00,50.3,2817,192,0.707
2023-07-09 19:54:00,50.3,4926,189,0
2023-07-09 19:56:00,50.2,2066,192,0.707
2023-07-09 19:58:00,50.4,5618,194,0.707
2023-07-09 20:00:00,50.2,4926,195,0.707
2023-07-09 20:02:00,50.3,3030,196,0.707
2023-07-09 20:04:00,50.2,1506,197,0
2023-07-09 20:06:00,50.1,6536,198,0
2023-07-09 20:08:00,50.2,5618,196,0
2023-07-09 20:10:00,50.4,3030,199,0
2023-07-09 20:12:00,50.4,2632,200,0
2023-07-09 20:14:00,50.2,3279,199,0.707
2023-07-09 20:16:00,50.2,1642,196,0.707
2023-07-09 20:18:00,50.2,3030,199,0.707
2023-07-09 20:20:00,50.2,9804,199,0
2023-07-09 20:22:00,50.3,6536,200,0
2023-07-09 20:24:00,50.1,1961,199,0.707
2023-07-09 20:26:00,50.4,3279,201,0
2023-07-09 20:28:00,50.1,9804,202,0
2023-07-09 20:30:00,50.4,9804,200,0.707
2023-07-09 20:32:00,50.2,3937,200,0
2023-07-09 20:34:00,50.4,6536,204,0.707
2023-07-09 20:36:00,50.4,1876,202,0.707
2023-07-09 20:38:00,50.3,2075,201,0.707
2023-07-09 20:40:00,50.3,5618,203,0.707
2023-07-09 20:42:00,50.5,4367,202,0.707
2023-07-09 20:44:00,50.3,2188,202,0.707
2023-07-09 20:46:00,50.4,4926,205,0.707
2023-07-09 20:48:00,50.2,6536,206,0.707
2023-07-09 20:50:00,50.3,1159,197,0.707
2023-07-09 20:52:00,50.1,2304,202,0
2023-07-09 20:54:00,50.3,1195,204,0
2023-07-09 20:56:00,50.4,7874,203,0.707
2023-07-09 20:58:00,50.5,5618,204,0.707
2023-07-09 21:00:00,50.4,6579,205,0.707
2023-07-09 21:02:00,50.5,1715,204,0.707
2023-07-09 21:04:00,50.5,3584,204,0.707
2023-07-09 21:06:00,50.4,959,203,0.707
2023-07-09 21:08:00,50.6,6536,202,0.707
2023-07-09 21:10:00,50.4,2463,196,0.707
2023-07-09 21:12:00,50.4,2457,198,0.707
2023-07-09 21:14:00,50.5,7874,199,0.707
2023-07-09 21:16:00,50.4,5618,199,0.707
2023-07-09 21:18:00,50.6,7874,203,0.707
2023-07-09 21:20:00,50.5,4926,202,0
2023-07-09 21:22:00,50.5,4926,203,0.707
2023-07-09 21:24:00,50.4,4878,202,0
2023-07-09 21:26:00,50.6,4367,201,0.707
2023-07-09 21:28:00,50.5,3546,202,0.707
2023-07-09 21:30:00,50.3,3906,202,0.707
2023-07-09 21:32:00,50.6,2392,202,0.707
2023-07-09 21:34:00,50.6,2174,204,0.707
2023-07-09 21:36:00,50.5,7874,206,0.707
2023-07-09 21:38:00,50.6,5618,204,0.707
2023-07-09 21:40:00,50.6,2179,205,0.707
2023-07-09 21:42:00,50.3,2611,204,0.707
2023-07-09 21:44:00,50.6,4878,206,0.707
2023-07-09 21:46:00,50.6,6452,204,0.707
2023-07-09 21:48:00,50.5,4926,204,0.707
2023-07-09 21:50:00,50.4,6536,206,0.707
2023-07-09 21:52:00,50.7,4926,204,0.707
2023-07-09 21:54:00,50.6,4926,204,0.707
2023-07-09 21:56:00,50.5,4329,209,0.707
2023-07-09 21:58:00,50.5,3003,207,0.707
2023-07-09 22:00:00,50.6,3571,207,0.707
2023-07-09 22:02:00,50.8,7813,205,0.707
2023-07-09 22:04:00,50.4,3937,208,0.707
2023-07-09 22:06:00,50.2,3571,206,0.707
2023-07-09 22:08:00,50.5,2809,206,0.707
2023-07-09 22:10:00,50.1,6536,208,0.707
2023-07-09 22:12:00,50.4,3937,208,0.707
2023-07-09 22:14:00,50.4,3279,208,0.707
2023-07-09 22:16:00,50.4,4926,208,0.707
2023-07-09 22:18:00,50.5,2809,210,0.707
2023-07-09 22:20:00,50.4,6536,210,0.707
2023-07-09 22:22:00,50.5,7692,209,0.707
2023-07-09 22:24:00,50.5,7752,209,0.707
2023-07-09 22:26:00,50.4,6536,211,0.707
2023-07-09 22:28:00,50.4,3279,210,0.707
2023-07-09 22:30:00,50.3,3937,210,0.707
2023-07-09 22:32:00,50.4,50.4,211,213
2023-07-09 22:34:00,50.4,50.4,211,212
2023-07-09 22:36:00,50.4,50.4,209,211
2023-07-09 22:38:00,50.5,50.4,207,209
2023-07-09 22:40:00,50.5,50.5,210,211
2023-07-09 22:42:00,50.4,50.4,209,211
2023-07-09 22:44:00,50.3,50.4,210,212
2023-07-09 22:46:00,50.5,50.5,212,213
2023-07-09 22:48:00,50.4,50.4,212,214
2023-07-09 22:50:00,50.6,50.6,211,214
2023-07-09 22:52:00,50.4,50.4,211,214
2023-07-09 22:54:00,50.5,50.5,214,215
2023-07-09 22:56:00,50.5,50.5,212,214
2023-07-09 22:58:00,50.6,50.6,211,214
2023-07-09 23:00:00,50.4,50.4,216,217
2023-07-09 23:02:00,50.5,50.6,216,217
2023-07-09 23:04:00,50.5,50.6,212,214
2023-07-09 23:06:00,50.6,50.6,211,214
2023-07-09 23:08:00,50.5,50.5,213,215
2023-07-09 23:10:00,50.5,50.5,216,219
2023-07-09 23:12:00,50.5,50.5,211,216
2023-07-09 23:14:00,50.6,50.6,209,213
2023-07-09 23:16:00,50.8,50.8,209,214
2023-07-09 23:18:00,50.6,50.5,218,220
2023-07-09 23:20:00,50.2,50.2,218,220
2023-07-09 23:22:00,50.4,50.4,220,221
2023-07-09 23:24:00,50.4,50.4,219,221
2023-07-09 23:26:00,50.7,50.7,219,221
2023-07-09 23:28:00,50.7,50.6,220,222
2023-07-09 23:30:00,50.5,50.5,216,218
2023-07-09 23:32:00,50.8,50.7,216,219
2023-07-09 23:34:00,50.4,50.4,219,221
2023-07-09 23:36:00,50.5,50.5,221,222
2023-07-09 23:38:00,50.7,50.6,219,221
2023-07-09 23:40:00,50.4,50.4,219,221
2023-07-09 23:42:00,50.0,50.1,220,222
2023-07-09 23:44:00,50.1,50.1,220,221
2023-07-09 23:46:00,50.2,50.2,219,221
2023-07-09 23:48:00,50.3,50.3,219,221
2023-07-09 23:50:00,50.0,50.0,220,221
2023-07-09 23:52:00,50.2,50.2,219,221
2023-07-09 23:54:00,50.2,50.2,219,222
2023-07-09 23:56:00,50.3,50.4,220,222
2023-07-09 23:58:00,50.2,50.2,216,220
2023-07-10 00:00:00,50.2,50.2,214,219
2023-07-10 00:02:00,50.3,50.3,214,219
2023-07-10 00:04:00,50.2,50.2,223,224
2023-07-10 00:06:00,50.2,50.2,223,225
2023-07-10 00:08:00,50.2,50.1,221,223
2023-07-10 00:10:00,50.2,50.2,222,224
2023-07-10 00:12:00,49.8,49.9,222,223
2023-07-10 00:14:00,50.3,50.3,221,223
2023-07-10 00:16:00,50.1,50.2,220,223
2023-07-10 00:18:00,50.3,50.3,223,224
2023-07-10 00:20:00,50.1,50.2,223,225
2023-07-10 00:22:00,50.3,50.3,222,225
2023-07-10 00:24:00,50.2,50.2,223,225
2023-07-10 00:26:00,50.2,50.3,223,225
2023-07-10 00:28:00,50.3,50.3,219,221
2023-07-10 00:30:00,50.2,50.2,222,225
2023-07-10 00:32:00,50.3,50.3,223,224
2023-07-10 00:34:00,50.3,50.3,223,224
2023-07-10 00:36:00,50.2,50.2,221,224
2023-07-10 00:38:00,50.4,50.4,221,224
2023-07-10 00:40:00,50.3,50.3,223,226
2023-07-10 00:42:00,50.2,50.2,223,225
2023-07-10 00:44:00,50.4,50.3,223,225
2023-07-10 00:46:00,50.3,50.2,223,226
2023-07-10 00:48:00,50.4,50.4,222,225
2023-07-10 00:50:00,50.3,50.3,222,225
2023-07-10 00:52:00,50.1,50.2,223,226
2023-07-10 00:54:00,50.4,50.4,223,224
2023-07-10 00:56:00,50.2,50.3,221,223
2023-07-10 00:58:00,50.4,50.4,221,223
2023-07-10 01:00:00,50.1,50.2,223,224
2023-07-10 01:02:00,50.4,50.3,221,223
2023-07-10 01:04:00,50.2,50.2,222,225
2023-07-10 01:06:00,50.4,50.3,224,226
2023-07-10 01:08:00,50.2,50.2,223,226
2023-07-10 01:10:00,50.4,50.4,223,226
2023-07-10 01:12:00,50.2,50.2,223,226
2023-07-10 01:14:00,50.3,50.3,226,227
2023-07-10 01:16:00,50.0,50.0,223,225
2023-07-10 01:18:00,50.3,50.3,223,226
2023-07-10 01:20:00,50.2,50.2,224,226
2023-07-10 01:22:00,50.2,50.3,223,224
2023-07-10 01:24:00,50.3,50.3,223,225
2023-07-10 01:26:00,50.2,50.2,223,226
2023-07-10 01:28:00,50.3,50.3,225,226
2023-07-10 01:30:00,50.3,50.4,223,226
2023-07-10 01:32:00,50.4,50.4,223,226
2023-07-10 01:34:00,50.3,50.3,225,227
2023-07-10 01:36:00,50.3,50.3,222,223
2023-07-10 01:38:00,50.3,50.4,222,225
2023-07-10 01:40:00,50.3,50.3,224,226
2023-07-10 01:42:00,50.3,50.2,225,226
2023-07-10 01:44:00,50.3,50.3,223,226
2023-07-10 01:46:00,50.4,50.3,223,226
2023-07-10 01:48:00,50.3,50.3,225,226
2023-07-10 01:50:00,50.4,50.4,225,226
2023-07-10 01:52:00,50.2,50.2,223,226
2023-07-10 01:54:00,50.3,50.3,223,226
2023-07-10 01:56:00,50.2,50.2,224,226
2023-07-10 01:58:00,50.3,50.3,223,225
2023-07-10 02:00:00,50.1,50.1,223,226
2023-07-10 02:02:00,50.2,50.2,226,228
2023-07-10 02:04:00,50.2,50.3,226,228
2023-07-10 02:06:00,50.4,50.4,224,226
2023-07-10 02:08:00,50.3,50.3,223,226
2023-07-10 02:10:00,50.4,50.4,221,223
2023-07-10 02:12:00,50.4,50.3,220,222
2023-07-10 02:14:00,50.3,50.3,223,226
2023-07-10 02:16:00,50.3,50.3,226,227
2023-07-10 02:18:00,50.3,50.3,226,227
2023-07-10 02:20:00,50.4,50.5,225,227
2023-07-10 02:22:00,50.3,50.2,223,226
2023-07-10 02:24:00,50.3,50.3,226,228
2023-07-10 02:26:00,50.4,50.3,225,227
2023-07-10 02:28:00,50.2,50.3,226,228
2023-07-10 02:30:00,50.1,50.2,227,228
2023-07-10 02:32:00,50.5,50.4,227,228
2023-07-10 02:34:00,50.5,50.5,226,228
2023-07-10 02:36:00,50.4,50.4,227,229
2023-07-10 02:38:00,50.2,50.2,228,230
2023-07-10 02:40:00,50.3,50.3,226,229
2023-07-10 02:42:00,50.1,50.1,226,228
2023-07-10 02:44:00,50.4,50.4,228,229
2023-07-10 02:46:00,50.1,50.2,227,229
2023-07-10 02:48:00,50.3,50.2,222,224
2023-07-10 02:50:00,50.4,50.4,226,228
2023-07-10 02:52:00,50.4,50.4,226,228
2023-07-10 02:54:00,50.4,50.3,226,228
2023-07-10 02:56:00,50.3,50.3,226,228
2023-07-10 02:58:00,50.2,50.3,227,228
2023-07-10 03:00:00,50.2,50.2,226,228
2023-07-10 03:02:00,50.2,50.2,225,228
2023-07-10 03:04:00,50.3,50.3,227,228
2023-07-10 03:06:00,50.3,50.3,227,228
2023-07-10 03:08:00,50.4,50.4,226,228
2023-07-10 03:10:00,50.3,50.3,226,228
2023-07-10 03:12:00,50.2,50.2,227,229
2023-07-10 03:14:00,50.2,50.3,225,228
2023-07-10 03:16:00,50.3,50.4,225,228
2023-07-10 03:18:00,50.3,50.4,227,228
2023-07-10 03:20:00,50.3,50.3,226,228
2023-07-10 03:22:00,50.4,50.4,224,226
2023-07-10 03:24:00,50.4,50.3,224,227
2023-07-10 03:26:00,50.4,50.4,226,228
2023-07-10 03:28:00,50.3,50.4,224,227
2023-07-10 03:30:00,50.3,50.3,224,227
2023-07-10 03:32:00,50.5,50.5,226,228
2023-07-10 03:34:00,50.5,50.5,227,228
2023-07-10 03:36:00,50.2,50.2,223,226
2023-07-10 03:38:00,50.2,50.2,227,228
2023-07-10 03:40:00,50.4,50.5,227,229
2023-07-10 03:42:00,50.2,50.2,226,228
2023-07-10 03:44:00,50.4,50.5,226,228
2023-07-10 03:46:00,50.1,50.1,228,229
2023-07-10 03:48:00,50.3,50.3,229,231
2023-07-10 03:50:00,50.3,50.4,228,230
2023-07-10 03:52:00,50.3,50.2,225,226
2023-07-10 03:54:00,50.2,50.1,228,230
2023-07-10 03:56:00,50.3,50.2,226,228
2023-07-10 03:58:00,50.4,50.4,226,228
2023-07-10 04:00:00,50.3,50.3,227,229
2023-07-10 04:02:00,50.4,50.4,226,228
2023-07-10 04:04:00,50.2,50.2,225,227
2023-07-10 04:06:00,50.2,50.2,225,227
2023-07-10 04:08:00,50.3,50.3,228,229
2023-07-10 04:10:00,50.3,50.4,226,228
2023-07-10 04:12:00,50.2,50.3,226,228
2023-07-10 04:14:00,50.4,50.3,228,230
2023-07-10 04:16:00,50.5,50.5,226,228
2023-07-10 04:18:00,50.3,50.3,226,228
2023-07-10 04:20:00,50.3,50.3,228,229
2023-07-10 04:22:00,50.2,50.2,227,228
2023-07-10 04:24:00,50.4,50.4,225,227
2023-07-10 04:26:00,50.2,50.2,227,228
2023-07-10 04:28:00,50.2,50.2,226,228
2023-07-10 04:30:00,50.2,50.1,225,227
2023-07-10 04:32:00,50.2,50.2,226,228
2023-07-10 04:34:00,50.4,50.4,226,228
2023-07-10 04:36:00,50.2,50.2,223,226
2023-07-10 04:38:00,50.3,50.3,226,228
2023-07-10 04:40:00,50.4,50.3,228,229
2023-07-10 04:42:00,50.1,50.2,227,228
2023-07-10 04:44:00,50.3,50.3,225,227
2023-07-10 04:46:00,50.2,50.2,224,227
2023-07-10 04:48:00,50.3,50.3,226,227
2023-07-10 04:50:00,50.5,50.5,223,225
2023-07-10 04:52:00,50.3,50.3,226,228
2023-07-10 04:54:00,50.4,50.4,228,231
2023-07-10 04:56:00,50.3,50.3,228,231
2023-07-10 04:58:00,50.2,50.3,227,230
2023-07-10 05:00:00,50.2,50.2,225,227
2023-07-10 05:02:00,50.2,50.2,224,226
2023-07-10 05:04:00,50.2,50.2,222,225
2023-07-10 05:06:00,50.2,50.2,221,224
2023-07-10 05:08:00,50.2,50.2,224,226
2023-07-10 05:10:00,50.2,50.2,223,226
2023-07-10 05:12:00,50.4,50.4,224,227
2023-07-10 05:14:00,50.4,50.4,225,227
2023-07-10 05:16:00,50.3,50.3,226,228
2023-07-10 05:18:00,50.2,50.2,224,226
2023-07-10 05:20:00,50.1,50.0,224,227
2023-07-10 05:22:00,50.5,50.4,226,227
2023-07-10 05:24:00,50.2,50.2,224,227
2023-07-10 05:26:00,50.2,50.2,226,228
2023-07-10 05:28:00,50.3,50.3,226,228
2023-07-10 05:30:00,50.2,50.2,226,228
2023-07-10 05:32:00,50.2,50.2,223,226
2023-07-10 05:34:00,50.2,50.1,220,225
2023-07-10 05:36:00,50.4,50.4,226,228
2023-07-10 05:38:00,50.3,50.3,225,228
2023-07-10 05:40:00,50.3,50.3,225,227
2023-07-10 05:42:00,50.4,50.4,226,228
2023-07-10 05:44:00,50.4,50.4,223,226
2023-07-10 05:46:00,50.1,50.2,225,227
2023-07-10 05:48:00,50.4,50.4,225,226
2023-07-10 05:50:00,50.1,50.1,223,226
2023-07-10 05:52:00,50.2,50.2,222,224
2023-07-10 05:54:00,50.2,50.2,221,223
2023-07-10 05:56:00,50.2,50.2,223,224
2023-07-10 05:58:00,50.2,50.2,221,223
2023-07-10 06:00:00,50.2,50.2,223,226
2023-07-10 06:02:00,50.4,50.4,225,227
2023-07-10 06:04:00,50.2,50.2,223,226
2023-07-10 06:06:00,50.2,50.3,222,226
2023-07-10 06:08:00,50.2,50.2,221,223
2023-07-10 06:10:00,50.3,50.3,224,226
2023-07-10 06:12:00,50.3,50.2,222,224
2023-07-10 06:14:00,50.1,50.1,222,224
2023-07-10 06:16:00,50.1,50.0,224,226
2023-07-10 06:18:00,50.2,50.3,223,226
2023-07-10 06:20:00,50.2,50.2,225,227
2023-07-10 06:22:00,50.1,50.1,214,221
2023-07-10 06:24:00,50.0,50.1,208,217
2023-07-10 06:26:00,50.0,50.0,221,223
2023-07-10 06:28:00,50.0,50.0,216,222
2023-07-10 06:30:00,50.2,50.2,215,221
2023-07-10 06:32:00,50.0,50.1,219,223
2023-07-10 06:34:00,50.2,50.3,219,221
2023-07-10 06:36:00,50.1,50.1,214,219
2023-07-10 06:38:00,50.2,50.2,213,216
2023-07-10 06:40:00,50.2,50.2,205,211
2023-07-10 06:42:00,50.3,50.3,211,215
2023-07-10 06:44:00,50.2,50.1,206,212
2023-07-10 06:46:00,50.2,50.2,203,212
2023-07-10 06:48:00,50.0,50.0,209,216
2023-07-10 06:50:00,50.1,50.2,210,216
2023-07-10 06:52:00,50.3,50.2,218,221
2023-07-10 06:54:00,50.0,50.0,216,219
2023-07-10 06:56:00,50.2,50.3,219,221
2023-07-10 06:58:00,49.9,49.9,212,216
2023-07-10 07:00:00,49.8,49.8,206,212
2023-07-10 07:02:00,49.9,49.9,207,211
2023-07-10 07:04:00,50,50.0,212,216
2023-07-10 07:06:00,50.1,50.1,208,210
2023-07-10 07:08:00,50.1,50.0,209,213
2023-07-10 07:10:00,49.9,50.1,206,211
2023-07-10 07:12:00,49.7,49.7,209,213
2023-07-10 07:14:00,49.9,49.9,205,211
2023-07-10 07:16:00,50,50.0,200,209
2023-07-10 07:18:00,50.0,50.0,207,212
2023-07-10 07:20:00,50.0,50.1,203,207
2023-07-10 07:22:00,50.1,50.1,209,210
2023-07-10 07:24:00,50.1,50.1,207,210
2023-07-10 07:26:00,50.2,50.2,209,213
2023-07-10 07:28:00,50.0,49.9,207,213
2023-07-10 07:30:00,50.1,50.2,214,218
2023-07-10 07:32:00,50.0,49.9,213,218
2023-07-10 07:34:00,50.0,49.9,206,214
2023-07-10 07:36:00,49.9,50.0,205,212
2023-07-10 07:38:00,50.0,49.9,204,210
2023-07-10 07:40:00,50.0,50.0,210,214
2023-07-10 07:42:00,50.3,50.3,211,216
2023-07-10 07:44:00,50.0,50.0,209,214
2023-07-10 07:46:00,49.8,49.8,207,212
2023-07-10 07:48:00,49.9,49.9,211,215
2023-07-10 07:50:00,50.0,50.0,212,217
2023-07-10 07:52:00,50.0,49.9,211,214
2023-07-10 07:54:00,50.0,50.0,211,214
2023-07-10 07:56:00,50.2,50.2,209,211
2023-07-10 07:58:00,50.4,50.4,233,237
2023-07-10 08:00:00,50.4,50.4,233,236
2023-07-10 08:02:00,50.3,50.4,231,236
2023-07-10 08:04:00,50.2,50.4,233,236
2023-07-10 08:06:00,50.3,50.2,231,236
2023-07-10 08:08:00,50.3,50.4,231,236
2023-07-10 08:10:00,50.3,50.3,231,236
2023-07-10 08:12:00,50.3,50.3,231,236
2023-07-10 08:14:00,50.2,50.2,231,236
2023-07-10 08:16:00,50.2,50.1,229,235
2023-07-10 08:18:00,50.2,50.2,230,235
2023-07-10 08:20:00,50.0,50.1,229,235
2023-07-10 08:22:00,50.2,50.2,229,235
2023-07-10 08:24:00,50.3,50.2,231,236
2023-07-10 08:26:00,50.2,50.2,231,236
2023-07-10 08:28:00,50.4,50.3,230,236
2023-07-10 08:30:00,50.4,50.4,230,236
2023-07-10 08:32:00,50.3,50.3,231,236
2023-07-10 08:34:00,50.5,50.4,230,236
2023-07-10 08:36:00,50.4,50.4,229,236
2023-07-10 08:38:00,50.0,50.1,229,235
2023-07-10 08:40:00,50.3,50.3,230,235
2023-07-10 08:42:00,50.6,50.6,228,233
2023-07-10 08:44:00,50.5,50.6,228,233
2023-07-10 08:46:00,50.4,50.3,228,234
2023-07-10 08:48:00,50.3,50.5,228,234
2023-07-10 08:50:00,50.4,50.3,229,234
2023-07-10 08:52:00,50.5,50.4,230,234
2023-07-10 08:54:00,50.7,50.6,229,234
2023-07-10 08:56:00,50.5,50.6,228,233
2023-07-10 08:58:00,50.5,50.5,228,234
2023-07-10 09:00:00,50.5,50.4,228,233
2023-07-10 09:02:00,50.4,50.5,228,234
2023-07-10 09:04:00,50.5,50.4,227,233
2023-07-10 09:06:00,50.3,50.3,227,232
2023-07-10 09:08:00,50.4,50.4,227,232
2023-07-10 09:10:00,50.5,50.5,227,233
2023-07-10 09:12:00,50.4,50.6,227,233
2023-07-10 09:14:00,50.6,50.4,228,233
2023-07-10 09:16:00,50.4,50.3,227,233
2023-07-10 09:18:00,50.2,50.3,228,233
2023-07-10 09:20:00,50.3,50.2,227,233
2023-07-10 09:22:00,50.2,50.2,228,233
2023-07-10 09:24:00,50.9,51.0,228,234
2023-07-10 09:26:00,50.8,51.0,228,234
2023-07-10 09:28:00,51.0,51.1,228,234
2023-07-10 09:30:00,51.1,51.1,228,234
2023-07-10 09:32:00,50.9,51.1,228,234
2023-07-10 09:34:00,51.1,51.2,228,233
2023-07-10 09:36:00,51.1,51.1,228,234
2023-07-10 09:38:00,51.1,51.1,228,233
2023-07-10 09:40:00,51.2,51.3,227,233
2023-07-10 09:42:00,51.3,51.2,228,233
2023-07-10 09:44:00,51.3,51.0,228,233
2023-07-10 09:46:00,51.3,51.2,227,233
2023-07-10 09:48:00,51.2,51.2,228,233
2023-07-10 09:50:00,51.1,51.1,228,233
2023-07-10 09:52:00,51.4,51.2,228,233
2023-07-10 09:54:00,50.4,50.4,226,231
2023-07-10 09:56:00,50.3,50.4,225,231
2023-07-10 09:58:00,50.5,50.4,226,231
2023-07-10 10:00:00,50.4,50.5,226,232
2023-07-10 10:02:00,50.3,50.3,225,231
2023-07-10 10:04:00,50.2,50.2,225,231
2023-07-10 10:06:00,50.3,50.4,226,231
2023-07-10 10:08:00,50.2,50.3,225,231
2023-07-10 10:10:00,50.4,50.4,225,231
2023-07-10 10:12:00,50.4,50.4,225,231
2023-07-10 10:14:00,50.4,50.4,226,231
2023-07-10 10:16:00,50.3,50.4,225,231
2023-07-10 10:18:00,50.3,50.3,225,231
2023-07-10 10:20:00,50.4,50.3,227,232
2023-07-10 10:22:00,50.3,50.3,227,232
2023-07-10 10:24:00,50.4,50.3,224,231
2023-07-10 10:26:00,50.3,50.4,226,231
2023-07-10 10:28:00,50.3,50.4,226,231
2023-07-10 10:30:00,50.2,50.3,226,231
2023-07-10 10:32:00,50.4,50.3,226,231
2023-07-10 10:34:00,50.3,50.3,225,231
2023-07-10 10:36:00,50.4,50.4,226,231
2023-07-10 10:38:00,50.3,50.3,224,231
2023-07-10 10:40:00,50.1,50.1,225,231
2023-07-10 10:42:00,50.2,50.1,226,232
2023-07-10 10:44:00,50.2,50.2,226,231
2023-07-10 10:46:00,50.1,50.3,226,231
2023-07-10 10:48:00,50.2,50.2,226,231
2023-07-10 10:50:00,50.2,50.2,225,231
2023-07-10 10:52:00,50.3,50.3,226,231
2023-07-10 10:54:00,50.2,50.3,225,231
2023-07-10 10:56:00,50.3,50.3,226,231
2023-07-10 10:58:00,50.4,50.4,226,231
2023-07-10 11:00:00,50.1,50.2,226,231
2023-07-10 11:02:00,51.2,51.2,223,226
2023-07-10 11:04:00,51.2,51.2,223,226
2023-07-10 11:06:00,51.1,51.2,223,226
2023-07-10 11:08:00,51.0,51.1,221,226
2023-07-10 11:10:00,51.1,51.1,221,225
2023-07-10 11:12:00,50.9,51.0,221,225
2023-07-10 11:14:00,51.0,50.9,221,226
2023-07-10 11:16:00,50.9,50.9,221,226
2023-07-10 11:18:00,51.0,51.0,222,226
2023-07-10 11:20:00,51.4,51.4,223,226
2023-07-10 11:22:00,51.3,51.4,222,226
2023-07-10 11:24:00,51.3,51.3,221,226
2023-07-10 11:26:00,50.9,50.7,230,234
2023-07-10 11:28:00,50.8,50.8,229,234
2023-07-10 11:30:00,50.7,50.6,228,233
2023-07-10 11:32:00,50.5,50.4,226,233
2023-07-10 11:34:00,50.4,50.5,226,233
2023-07-10 11:36:00,50.4,50.5,224,232
2023-07-10 11:38:00,50.7,50.7,228,233
2023-07-10 11:40:00,50.8,50.8,228,233
2023-07-10 11:42:00,50.7,50.9,228,233
2023-07-10 11:44:00,50.6,50.6,221,231
2023-07-10 11:46:00,50.4,50.6,222,231
2023-07-10 11:48:00,50.8,50.8,226,231
2023-07-10 11:50:00,50.7,50.7,226,231
2023-07-10 11:52:00,50.9,50.9,228,233
2023-07-10 11:54:00,50.8,50.8,228,233
2023-07-10 11:56:00,51.0,51.1,229,233
2023-07-10 11:58:00,51.0,50.9,228,232
2023-07-10 12:00:00,51.0,50.9,228,233
2023-07-10 12:02:00,50.9,50.9,230,234
2023-07-10 12:04:00,50.9,51.1,228,233
2023-07-10 12:06:00,50.7,50.9,226,233
2023-07-10 12:08:00,50.8,50.9,227,233
2023-07-10 12:10:00,50.9,50.9,229,233
2023-07-10 12:12:00,50.7,50.9,228,233
2023-07-10 12:14:00,50.8,50.7,228,233
2023-07-10 12:16:00,50.8,50.9,229,233
2023-07-10 12:18:00,50.9,51.0,229,233
2023-07-10 12:20:00,50.8,50.7,228,233
2023-07-10 12:22:00,50.9,50.9,228,233
2023-07-10 12:24:00,51.0,51.0,229,233
2023-07-10 12:26:00,51.0,51.1,228,233
2023-07-10 12:28:00,50.9,51.0,228,233
2023-07-10 12:30:00,50.9,50.8,229,233
2023-07-10 12:32:00,50.9,50.9,229,233
2023-07-10 12:34:00,50.9,51.0,228,233
2023-07-10 12:36:00,50.8,50.8,226,233
2023-07-10 12:38:00,50.8,50.7,228,232
2023-07-10 12:40:00,50.9,50.9,227,232
2023-07-10 12:42:00,51.0,51.0,228,233
2023-07-10 12:44:00,51.1,51.1,227,233
2023-07-10 12:46:00,50.7,50.6,229,233
2023-07-10 12:48:00,50.4,50.4,227,232
2023-07-10 12:50:00,50.5,50.5,227,232
2023-07-10 12:52:00,50.5,50.8,228,233
2023-07-10 12:54:00,50.6,50.7,229,233
2023-07-10 12:56:00,50.6,50.5,228,233
2023-07-10 12:58:00,50.2,50.2,226,231
2023-07-10 13:00:00,50.3,50.3,227,232
2023-07-10 13:02:00,50.3,50.3,228,232
2023-07-10 13:04:00,50.2,50.2,227,231
2023-07-10 13:06:00,50.2,50.2,227,232
2023-07-10 13:08:00,50.3,50.3,228,233
2023-07-10 13:10:00,50.2,50.2,227,232
2023-07-10 13:12:00,50.0,50.0,228,231
2023-07-10 13:14:00,50.1,50.0,226,231
2023-07-10 13:16:00,50.1,50.2,228,229
2023-07-10 13:18:00,50.1,50.3,226,231
2023-07-10 13:20:00,50.1,50.0,223,231
2023-07-10 13:22:00,50.0,50.0,223,231
2023-07-10 13:24:00,50.2,50.1,228,232
2023-07-10 13:26:00,50.3,50.2,227,232
2023-07-10 13:28:00,50.3,50.3,226,231
2023-07-10 13:30:00,50.2,50.2,228,232
2023-07-10 13:32:00,50.2,50.2,228,232
2023-07-10 13:34:00,50.3,50.3,226,231
2023-07-10 13:36:00,50.3,50.2,226,231
2023-07-10 13:38:00,50.2,50.2,227,231
2023-07-10 13:40:00,50.2,50.3,226,231
2023-07-10 13:42:00,50.0,50.1,226,231
2023-07-10 13:44:00,50.2,50.2,226,231
2023-07-10 13:46:00,50.3,50.2,228,232
2023-07-10 13:48:00,50.2,50.2,227,231
2023-07-10 13:50:00,50.3,50.2,226,231
2023-07-10 13:52:00,50.2,50.3,226,231
2023-07-10 13:54:00,50.2,50.4,228,233
2023-07-10 13:56:00,50.2,50.3,227,231
2023-07-10 13:58:00,50.3,50.2,226,231
2023-07-10 14:00:00,50.2,50.3,226,231
2023-07-10 14:02:00,50.4,50.6,227,232
2023-07-10 14:04:00,50.5,50.5,226,231
2023-07-10 14:06:00,50.7,50.5,226,231
2023-07-10 14:08:00,50.6,50.6,226,231
2023-07-10 14:10:00,50.4,50.4,226,228
2023-07-10 14:12:00,50.6,50.7,225,231
2023-07-10 14:14:00,50.3,50.4,226,231
2023-07-10 14:16:00,50.4,50.5,226,231
2023-07-10 14:18:00,50.6,50.5,226,230
2023-07-10 14:20:00,50.7,50.6,227,233
2023-07-10 14:22:00,50.6,50.6,226,231
2023-07-10 14:24:00,50.8,50.8,227,231
2023-07-10 14:26:00,50.9,50.6,226,232
2023-07-10 14:28:00,50.7,50.6,227,233
2023-07-10 14:30:00,50.8,50.7,226,231
2023-07-10 14:32:00,50.9,51.0,228,231
2023-07-10 14:34:00,51.1,51.0,227,233
2023-07-10 14:36:00,50.8,50.8,226,232
2023-07-10 14:38:00,50.9,51.0,227,231
2023-07-10 14:40:00,51.1,51.1,227,232
2023-07-10 14:42:00,51.0,51.0,226,232
2023-07-10 14:44:00,50.9,51.0,227,233
2023-07-10 14:46:00,51.1,51.1,227,233
2023-07-10 14:48:00,51.3,51.1,226,232
2023-07-10 14:50:00,51.1,51.1,226,231
2023-07-10 14:52:00,51.1,51.1,227,233
2023-07-10 14:54:00,51.0,51.0,228,233
2023-07-10 14:56:00,51.0,51.0,226,233
2023-07-10 14:58:00,51.0,51.0,228,233
2023-07-10 15:00:00,51.0,51.0,226,233
2023-07-10 15:02:00,51.1,51.1,227,233
2023-07-10 15:04:00,50.9,51.0,227,233
2023-07-10 15:06:00,51.1,51.1,227,233
2023-07-10 15:08:00,51.0,50.9,227,233
2023-07-10 15:10:00,51.1,51.1,228,234
2023-07-10 15:12:00,51.2,51.1,227,233
2023-07-10 15:14:00,50.8,50.8,228,234
2023-07-10 15:16:00,51.1,51.2,228,234
2023-07-10 15:18:00,50.7,50.7,228,233
2023-07-10 15:20:00,50.9,50.8,227,232
2023-07-10 15:22:00,50.6,50.5,228,233
2023-07-10 15:24:00,50.8,50.9,228,233
2023-07-10 15:26:00,50.8,50.7,227,233
2023-07-10 15:28:00,50.7,50.9,226,232
2023-07-10 15:30:00,50.5,50.6,228,234
2023-07-10 15:32:00,50.7,50.7,228,233
2023-07-10 15:34:00,50.6,50.6,228,234
2023-07-10 15:36:00,50.7,50.7,227,233
2023-07-10 15:38:00,50.8,50.7,228,233
2023-07-10 15:40:00,50.8,50.8,228,234
2023-07-10 15:42:00,50.7,50.7,228,233
2023-07-10 15:44:00,50.7,50.7,227,233
2023-07-10 15:46:00,50.9,50.8,228,233
2023-07-10 15:48:00,50.8,50.7,228,233
2023-07-10 15:50:00,50.7,50.7,226,232
2023-07-10 15:52:00,50.8,50.7,226,232
2023-07-10 15:54:00,50.8,50.7,227,232
2023-07-10 15:56:00,50.9,50.9,226,232
2023-07-10 15:58:00,50.8,50.8,226,232
2023-07-10 16:00:00,50.8,50.7,227,232
2023-07-10 16:02:00,50.7,50.8,228,233
2023-07-10 16:04:00,50.6,50.8,227,233
2023-07-10 16:06:00,50.9,50.8,227,233
2023-07-10 16:08:00,50.9,50.8,228,233
2023-07-10 16:10:00,50.7,50.6,230,234
2023-07-10 16:12:00,50.7,50.8,228,234
2023-07-10 16:14:00,50.7,50.8,228,233
2023-07-10 16:16:00,50.9,50.8,229,233
2023-07-10 16:18:00,50.8,50.9,228,233
2023-07-10 16:20:00,50.9,50.9,228,233
2023-07-10 16:22:00,50.8,50.9,228,233
2023-07-10 16:24:00,50.8,50.8,226,232
2023-07-10 16:26:00,50.5,50.4,228,233
2023-07-10 16:28:00,50.5,50.5,228,232
2023-07-10 16:30:00,50.5,50.5,229,233
2023-07-10 16:32:00,50.4,50.4,230,233
2023-07-10 16:34:00,50.2,6494,192,0
2023-07-10 16:36:00,50.1,3289,192,0
2023-07-10 16:38:00,50.1,7874,192,0.707
2023-07-10 16:40:00,50.0,2632,194,0
2023-07-10 16:42:00,50.4,2611,185,0
2023-07-10 16:44:00,50.3,5618,185,0
2023-07-10 16:46:00,50.3,1789,185,0
2023-07-10 16:48:00,50.2,4367,184,0
2023-07-10 16:50:00,50.1,4367,185,0.707
2023-07-10 16:52:00,50.1,4926,181,0
2023-07-10 16:54:00,50.2,4926,180,0.707
2023-07-10 16:56:00,50.1,3279,189,0.707
2023-07-10 16:58:00,50.5,2625,185,0
2023-07-10 17:00:00,49.9,6579,187,0
2023-07-10 17:02:00,50.1,1355,188,0
2023-07-10 17:04:00,50.1,7874,188,0.707
2023-07-10 17:06:00,50.2,6579,190,0
2023-07-10 17:08:00,50.3,6536,190,0
2023-07-10 17:10:00,50.2,2075,190,0.707
2023-07-10 17:12:00,50.1,3279,194,0
2023-07-10 17:14:00,50.3,2179,193,0.707
2023-07-10 17:16:00,50.2,4902,194,0.707
2023-07-10 17:18:00,50.3,4367,186,0.707
2023-07-10 17:20:00,50.1,4926,184,0
2023-07-10 17:22:00,50.2,7692,191,0
2023-07-10 17:24:00,50.0,4505,187,0.707
2023-07-10 17:26:00,50.2,1789,195,0.707
2023-07-10 17:28:00,50.1,3584,197,0
2023-07-10 17:30:00,50.1,3257,197,0.707
2023-07-10 17:32:00,50.2,3584,194,0
2023-07-10 17:34:00,50.5,4926,196,0
2023-07-10 17:36:00,50.2,2817,195,0
2023-07-10 17:38:00,50.3,1792,197,0
2023-07-10 17:40:00,50.3,5618,194,0
2023-07-10 17:42:00,50.1,4926,192,0
2023-07-10 17:44:00,50.4,2625,197,0.707
2023-07-10 17:46:00,50.4,1357,196,0
2023-07-10 17:48:00,50.3,1513,196,0
2023-07-10 17:50:00,50.4,2817,197,0.707
2023-07-10 17:52:00,50.5,7874,197,0.707
2023-07-10 17:54:00,50.4,2463,192,0
2023-07-10 17:56:00,50.3,4854,192,0
2023-07-10 17:58:00,50.3,2179,191,0
2023-07-10 18:00:00,50.3,4926,190,0.707
2023-07-10 18:02:00,50.1,1269,190,0.707
2023-07-10 18:04:00,50.3,2309,190,0
2023-07-10 18:06:00,50.4,4329,194,0
2023-07-10 18:08:00,50.3,5618,190,0
2023-07-10 18:10:00,50.2,3745,192,0.707
2023-07-10 18:12:00,50.1,3937,195,0
2023-07-10 18:14:00,50.2,5618,197,0
2023-07-10 18:16:00,50.2,1124,192,0
2023-07-10 18:18:00,50.2,7874,193,0
2023-07-10 18:20:00,50.1,3906,192,0
2023-07-10 18:22:00,50.1,4367,192,0
2023-07-10 18:24:00,50.0,3030,190,0
2023-07-10 18:26:00,49.9,5587,188,0
2023-07-10 18:28:00,50.1,5556,192,0
2023-07-10 18:30:00,50.0,5618,190,0.707
2023-07-10 18:32:00,50.4,4926,192,0.707
2023-07-10 18:34:00,50.1,6452,191,0.707
2023-07-10 18:36:00,50.2,6536,192,0
2023-07-10 18:38:00,50.3,3030,189,0.707
2023-07-10 18:40:00,50.0,7874,191,0.707
2023-07-10 18:42:00,50.2,4367,194,0
2023-07-10 18:44:00,50.1,2801,190,0
2023-07-10 18:46:00,50.2,5556,189,0.707
2023-07-10 18:48:00,50.2,4367,190,0
2023-07-10 18:50:00,50.3,4926,190,0
2023-07-10 18:52:00,50.3,1969,185,0
2023-07-10 18:54:00,50.1,4386,182,0.707
2023-07-10 18:56:00,50.3,6536,183,0.707
2023-07-10 18:58:00,50.4,7874,184,0
2023-07-10 19:00:00,50.2,5618,187,0.707
2023-07-10 19:02:00,50.3,5556,180,0.707
2023-07-10 19:04:00,50.5,9804,184,0
2023-07-10 19:06:00,50.5,2183,187,0
2023-07-10 19:08:00,50.2,4926,191,0
2023-07-10 19:10:00,50.4,5618,193,0
2023-07-10 19:12:00,50.2,4367,196,0
2023-07-10 19:14:00,50.4,4367,197,0.707
2023-07-10 19:16:00,50.1,3937,195,0
2023-07-10 19:18:00,50.3,2320,193,0
2023-07-10 19:20:00,50.5,2817,196,0
2023-07-10 19:22:00,50.3,5618,197,0
2023-07-10 19:24:00,50.2,9615,193,0
2023-07-10 19:26:00,50.1,2070,194,0
2023-07-10 19:28:00,50.1,6579,196,0.707
2023-07-10 19:30:00,50.5,6536,197,0.707
2023-07-10 19:32:00,50.3,5618,193,0.707
2023-07-10 19:34:00,50.1,5556,190,0.707
2023-07-10 19:36:00,50.5,6579,193,0
2023-07-10 19:38:00,50.5,4367,192,0
2023-07-10 19:40:00,50.6,5618,194,0.707
2023-07-10 19:42:00,50.4,2463,195,0
2023-07-10 19:44:00,50.3,4926,197,0.707
2023-07-10 19:46:00,50.4,5464,193,0
2023-07-10 19:48:00,50.4,2075,196,0
2023-07-10 19:50:00,50.5,6536,200,0
2023-07-10 19:52:00,50.4,3584,194,0
2023-07-10 19:54:00,50.3,1453,197,0
2023-07-10 19:56:00,50.2,4348,196,0
2023-07-10 19:58:00,50.0,6536,195,0
2023-07-10 20:00:00,49.8,5587,195,0
2023-07-10 20:02:00,50.1,1403,195,0
2023-07-10 20:04:00,50.3,2817,197,0.707
2023-07-10 20:06:00,50.1,4348,199,0
2023-07-10 20:08:00,50.3,2066,195,0
2023-07-10 20:10:00,50.2,6536,195,0.707
2023-07-10 20:12:00,50.1,1789,195,0.707
2023-07-10 20:14:00,50.2,2058,194,0
2023-07-10 20:16:00,50.1,3021,196,0.707
2023-07-10 20:18:00,50.0,4854,194,0.707
2023-07-10 20:20:00,50.3,3922,195,0
2023-07-10 20:22:00,50.2,7874,194,0
2023-07-10 20:24:00,50.3,2611,197,0.707
2023-07-10 20:26:00,50.3,6536,194,0
2023-07-10 20:28:00,50.0,3003,196,0
2023-07-10 20:30:00,50.2,2611,198,0
2023-07-10 20:32:00,50.2,7874,197,0
2023-07-10 20:34:00,50.2,3279,195,0
2023-07-10 20:36:00,50.3,2817,196,0.707
2023-07-10 20:38:00,50.3,3906,197,0.707
2023-07-10 20:40:00,50.4,6536,196,0
2023-07-10 20:42:00,50.3,3247,194,0
2023-07-10 20:44:00,50.3,2801,198,0.707
2023-07-10 20:46:00,50.0,4926,199,0
2023-07-10 20:48:00,50.3,3906,199,0.707
2023-07-10 20:50:00,50.2,4878,199,0.707
2023-07-10 20:52:00,50.1,6452,199,0
2023-07-10 20:54:00,50.3,2618,200,0
2023-07-10 20:56:00,50.2,9804,196,0.707
2023-07-10 20:58:00,50.3,2451,201,0.707
2023-07-10 21:00:00,50.1,3012,202,0
2023-07-10 21:02:00,50.2,4386,198,0
2023-07-10 21:04:00,50.3,2817,199,0
2023-07-10 21:06:00,50.3,3279,197,0.707
2023-07-10 21:08:00,50.3,2299,197,0
2023-07-10 21:10:00,50.3,3030,202,0
2023-07-10 21:12:00,50.5,3268,202,0
2023-07-10 21:14:00,50.5,7874,202,0
2023-07-10 21:16:00,50.4,3937,202,0
2023-07-10 21:18:00,50.4,1401,201,0.707
2023-07-10 21:20:00,50.3,3937,202,0.707
2023-07-10 21:22:00,50.5,1272,201,0.707
2023-07-10 21:24:00,50.3,3021,204,0
2023-07-10 21:26:00,50.5,4926,203,0
2023-07-10 21:28:00,50.4,479,204,0
2023-07-10 21:30:00,50.5,3279,203,0.707
2023-07-10 21:32:00,50.4,7874,202,0
2023-07-10 21:34:00,50.3,1642,203,0
2023-07-10 21:36:00,50.2,3012,202,0
2023-07-10 21:38:00,50.5,5618,204,0
2023-07-10 21:40:00,50.5,5464,204,0
2023-07-10 21:42:00,50.4,9804,208,0
2023-07-10 21:44:00,50.6,2309,205,0
2023-07-10 21:46:00,50.6,3876,206,0
2023-07-10 21:48:00,50.5,1031,206,0.707
2023-07-10 21:50:00,50.4,6536,206,0.707
2023-07-10 21:52:00,50.4,1353,204,0.707
2023-07-10 21:54:00,50.5,3922,204,0
2023-07-10 21:56:00,50.7,1093,206,0.707
2023-07-10 21:58:00,50.5,3257,203,0
2023-07-10 22:00:00,50.4,6536,204,0
2023-07-10 22:02:00,50.4,4348,206,0
2023-07-10 22:04:00,50.7,2793,205,0
2023-07-10 22:06:00,50.6,6536,204,0.707
2023-07-10 22:08:00,50.7,6536,205,0
2023-07-10 22:10:00,50.6,3937,207,0.707
2023-07-10 22:12:00,50.4,3012,205,0
2023-07-10 22:14:00,50.5,4367,207,0
2023-07-10 22:16:00,50.0,7874,206,0
2023-07-10 22:18:00,50.2,1009,205,0.707
2023-07-10 22:20:00,50.3,7874,204,0.707
2023-07-10 22:22:00,50.1,6536,204,0.707
2023-07-10 22:24:00,50.2,3584,206,0
2023-07-10 22:26:00,50.2,3937,205,0.707
2023-07-10 22:28:00,50.1,2463,205,0.707
2023-07-10 22:30:00,50.3,7692,209,0
2023-07-10 22:32:00,50.4,4386,209,0.707
2023-07-10 22:34:00,50.1,5618,209,0
2023-07-10 22:36:00,50.3,2451,207,0.707
2023-07-10 22:38:00,50.2,3584,210,0
2023-07-10 22:40:00,50.5,5618,207,0
2023-07-10 22:42:00,50.1,7874,207,0.707
2023-07-10 22:44:00,50.4,5618,209,0
2023-07-10 22:46:00,50.3,3257,209,0
2023-07-10 22:48:00,50.1,5025,208,0
2023-07-10 22:50:00,50.2,5618,208,0.707
2023-07-10 22:52:00,50.3,4367,209,0.707
2023-07-10 22:54:00,50.2,9804,210,0
2023-07-10 22:56:00,50.4,6536,211,0.707
2023-07-10 22:58:00,50.4,6536,211,0.707
2023-07-10 23:00:00,50.2,3279,213,0.707
2023-07-10 23:02:00,50.1,1192,211,0
2023-07-10 23:04:00,50.6,3906,211,0.707
2023-07-10 23:06:00,50.4,1357,212,0
2023-07-10 23:08:00,50.2,2632,211,0
2023-07-10 23:10:00,50.0,1227,211,0.707
2023-07-10 23:12:00,50.3,4926,210,0.707
2023-07-10 23:14:00,50.2,50.2,211,213
2023-07-10 23:16:00,50.3,50.3,211,214
2023-07-10 23:18:00,50.2,50.3,211,214
2023-07-10 23:20:00,50.4,50.4,213,215
2023-07-10 23:22:00,50.3,50.3,214,215
2023-07-10 23:24:00,50.5,50.4,212,214
2023-07-10 23:26:00,50.5,50.5,212,215
2023-07-10 23:28:00,50.2,50.2,213,216
2023-07-10 23:30:00,50.3,50.3,214,216
2023-07-10 23:32:00,50.4,50.3,211,214
2023-07-10 23:34:00,50.2,50.1,212,215
2023-07-10 23:36:00,50.5,50.5,213,215
2023-07-10 23:38:00,50.1,50.2,211,214
2023-07-10 23:40:00,50.5,50.5,209,213
2023-07-10 23:42:00,50.4,50.5,213,216
2023-07-10 23:44:00,50.4,50.5,214,216
2023-07-10 23:46:00,50.4,50.4,211,215
2023-07-10 23:48:00,50.5,50.5,211,214
2023-07-10 23:50:00,50.2,50.1,212,215
2023-07-10 23:52:00,50.5,50.5,209,214
2023-07-10 23:54:00,50.3,50.3,211,215
2023-07-10 23:56:00,50.5,50.5,214,217
2023-07-10 23:58:00,50.3,50.3,214,217
2023-07-11 00:00:00,50.5,50.5,214,217
2023-07-11 00:02:00,50.4,50.4,214,217
2023-07-11 00:04:00,50.3,50.3,214,217
2023-07-11 00:06:00,50.4,50.4,214,217
2023-07-11 00:08:00,50.4,50.4,214,217
2023-07-11 00:10:00,50.5,50.5,215,218
2023-07-11 00:12:00,50.5,50.5,214,217
2023-07-11 00:14:00,50.4,50.3,212,216
2023-07-11 00:16:00,50.6,50.6,212,216
2023-07-11 00:18:00,50.6,50.6,215,218
2023-07-11 00:20:00,50.5,50.5,214,216
2023-07-11 00:22:00,50.4,50.4,214,216
2023-07-11 00:24:00,50.4,50.4,214,218
2023-07-11 00:26:00,50.5,50.6,216,218
2023-07-11 00:28:00,50.7,50.7,214,218
2023-07-11 00:30:00,50.5,50.5,214,217
2023-07-11 00:32:00,50.5,50.5,215,219
2023-07-11 00:34:00,50.3,50.3,216,219
2023-07-11 00:36:00,50.4,50.5,215,219
2023-07-11 00:38:00,50.5,50.5,215,219
2023-07-11 00:40:00,50.7,50.7,219,221
2023-07-11 00:42:00,50.4,50.5,216,219
2023-07-11 00:44:00,50.6,50.6,215,219
2023-07-11 00:46:00,50.5,50.5,216,219
2023-07-11 00:48:00,50.6,50.5,219,221
2023-07-11 00:50:00,50.4,50.4,215,219
2023-07-11 00:52:00,50.5,50.5,216,219
2023-07-11 00:54:00,50.5,50.5,216,219
2023-07-11 00:56:00,50.4,50.3,219,220
2023-07-11 00:58:00,50.5,50.4,216,219
2023-07-11 01:00:00,50.6,50.6,218,221
2023-07-11 01:02:00,50.4,50.3,220,222
2023-07-11 01:04:00,50.4,50.4,220,221
2023-07-11 01:06:00,50.4,50.4,219,222
2023-07-11 01:08:00,50.7,50.7,219,222
2023-07-11 01:10:00,50.6,50.6,222,224
2023-07-11 01:12:00,50.5,50.5,221,223
2023-07-11 01:14:00,50.5,50.4,221,224
2023-07-11 01:16:00,50.6,50.7,223,224
2023-07-11 01:18:00,50.4,50.4,223,224
2023-07-11 01:20:00,50.7,50.7,220,223
2023-07-11 01:22:00,50.0,50,219,221
2023-07-11 01:24:00,50.1,50.1,221,223
2023-07-11 01:26:00,50.1,50.2,220,222
2023-07-11 01:28:00,50.3,50.3,218,221
2023-07-11 01:30:00,50.3,50.3,218,221
2023-07-11 01:32:00,50.1,50.2,220,222
2023-07-11 01:34:00,50.2,50.2,220,223
2023-07-11 01:36:00,50.2,50.3,219,221
2023-07-11 01:38:00,50.1,50.1,221,223
2023-07-11 01:40:00,50.2,50.2,221,223
2023-07-11 01:42:00,50.2,50.3,218,221
2023-07-11 01:44:00,50.5,50.5,220,222
2023-07-11 01:46:00,50.2,50.2,219,221
2023-07-11 01:48:00,50.3,50.3,219,222
2023-07-11 01:50:00,50.1,50.2,218,221
2023-07-11 01:52:00,50.0,50.0,219,221
2023-07-11 01:54:00,50.2,50.2,219,221
2023-07-11 01:56:00,50.3,50.4,219,222
2023-07-11 01:58:00,50.2,50.2,219,222
2023-07-11 02:00:00,50.4,50.4,221,223
2023-07-11 02:02:00,50.2,50.2,220,223
2023-07-11 02:04:00,50.2,50.3,220,223
2023-07-11 02:06:00,50.2,50.2,221,223
2023-07-11 02:08:00,50.4,50.4,221,224
2023-07-11 02:10:00,50.2,50.2,221,223
2023-07-11 02:12:00,50.1,50.1,219,222
2023-07-11 02:14:00,50.2,50.2,221,223
2023-07-11 02:16:00,50.4,50.5,222,224
2023-07-11 02:18:00,50.3,50.2,221,224
2023-07-11 02:20:00,50.3,50.2,221,224
2023-07-11 02:22:00,50.3,50.3,223,225
2023-07-11 02:24:00,50.3,50.2,219,223
2023-07-11 02:26:00,50.5,50.5,221,224
2023-07-11 02:28:00,50.3,50.3,222,225
2023-07-11 02:30:00,50.3,50.3,223,225
2023-07-11 02:32:00,50.1,49.9,220,222
2023-07-11 02:34:00,50.3,50.3,221,223
2023-07-11 02:36:00,50.3,50.3,222,224
2023-07-11 02:38:00,50.3,50.3,220,223
2023-07-11 02:40:00,50.2,50.2,220,223
2023-07-11 02:42:00,50.2,50.1,222,223
2023-07-11 02:44:00,50.3,50.2,221,224
2023-07-11 02:46:00,50.4,50.4,221,223
2023-07-11 02:48:00,50.3,50.3,221,223
2023-07-11 02:50:00,50.3,50.4,223,225
2023-07-11 02:52:00,50.2,50.2,221,224
2023-07-11 02:54:00,50.3,50.4,221,224
2023-07-11 02:56:00,50.2,50.2,221,223
2023-07-11 02:58:00,50.3,50.3,222,224
2023-07-11 03:00:00,50.4,50.4,220,222
2023-07-11 03:02:00,50.2,50.2,219,222
2023-07-11 03:04:00,50.3,50.3,222,224
2023-07-11 03:06:00,50.2,50.1,221,224
2023-07-11 03:08:00,50.4,50.5,219,222
2023-07-11 03:10:00,50.2,50.2,220,222
2023-07-11 03:12:00,50.3,50.3,221,223
2023-07-11 03:14:00,50.3,50.2,219,221
2023-07-11 03:16:00,50.2,50.2,219,221
2023-07-11 03:18:00,50.3,50.3,219,221
2023-07-11 03:20:00,50.3,50.3,219,221
2023-07-11 03:22:00,50.2,50.2,219,221
2023-07-11 03:24:00,50.2,50.2,221,223
2023-07-11 03:26:00,50.3,50.3,221,222
2023-07-11 03:28:00,50.3,50.3,220,223
2023-07-11 03:30:00,50.3,50.3,219,222
2023-07-11 03:32:00,50.3,50.3,220,222
2023-07-11 03:34:00,50.2,50.2,219,222
2023-07-11 03:36:00,50.3,50.3,220,223
2023-07-11 03:38:00,50.2,50.1,221,223
2023-07-11 03:40:00,50.1,50.1,220,222
2023-07-11 03:42:00,50.3,50.4,220,222
2023-07-11 03:44:00,50.1,50.2,219,222
2023-07-11 03:46:00,50.2,50.2,220,221
2023-07-11 03:48:00,50.2,50.2,218,221
2023-07-11 03:50:00,50.3,50.3,219,221
2023-07-11 03:52:00,50.2,50.2,221,223
2023-07-11 03:54:00,50.2,50.1,221,223
2023-07-11 03:56:00,50.2,50.2,219,222
2023-07-11 03:58:00,50.5,50.4,220,222
2023-07-11 04:00:00,50.3,50.4,221,223
2023-07-11 04:02:00,50.4,50.4,219,222
2023-07-11 04:04:00,50.2,50.2,220,222
2023-07-11 04:06:00,50.3,50.3,222,223
2023-07-11 04:08:00,50.3,50.3,221,223
2023-07-11 04:10:00,50.2,50.2,219,221
2023-07-11 04:12:00,50.2,50.1,219,221
2023-07-11 04:14:00,50.4,50.4,221,222
2023-07-11 04:16:00,50.3,50.2,219,222
2023-07-11 04:18:00,50.4,50.4,219,222
2023-07-11 04:20:00,50.1,50.2,221,223
2023-07-11 04:22:00,50.3,50.3,221,223
2023-07-11 04:24:00,50.2,50.2,220,221
2023-07-11 04:26:00,50.2,50.3,219,221
2023-07-11 04:28:00,50.2,50.2,221,222
2023-07-11 04:30:00,50.5,50.5,221,223
2023-07-11 04:32:00,49.8,49.9,219,222
2023-07-11 04:34:00,49.5,49.4,220,221
2023-07-11 04:36:00,50.3,50.3,223,225
2023-07-11 04:38:00,50.1,50.1,221,223
2023-07-11 04:40:00,50.2,50.2,221,223
2023-07-11 04:42:00,50.2,50.1,223,224
2023-07-11 04:44:00,50.1,50.1,221,223
2023-07-11 04:46:00,50.2,50.2,221,223
2023-07-11 04:48:00,50.2,50.2,223,224
2023-07-11 04:50:00,50.1,50.1,223,224
2023-07-11 04:52:00,50.1,50.1,221,223
2023-07-11 04:54:00,50.2,50.1,221,223
2023-07-11 04:56:00,50.3,50.2,221,223
2023-07-11 04:58:00,50.2,50.3,220,223
2023-07-11 05:00:00,50.2,50.1,221,223
2023-07-11 05:02:00,50.2,50.2,221,223
2023-07-11 05:04:00,50.2,50.3,222,223
2023-07-11 05:06:00,50.1,50.1,220,222
2023-07-11 05:08:00,50.2,50.2,221,223
2023-07-11 05:10:00,50.1,50.1,221,223
2023-07-11 05:12:00,50.1,50.0,219,222
2023-07-11 05:14:00,50.1,50.1,219,221
2023-07-11 05:16:00,50.2,50.3,221,222
2023-07-11 05:18:00,50.2,50.3,221,223
2023-07-11 05:20:00,50.2,50.2,220,222
2023-07-11 05:22:00,50.1,50.2,220,223
2023-07-11 05:24:00,50.2,50.2,222,223
2023-07-11 05:26:00,50.2,50.2,221,223
2023-07-11 05:28:00,50.3,50.2,220,222
2023-07-11 05:30:00,50.0,50.0,222,223
2023-07-11 05:32:00,50.1,50.1,219,221
2023-07-11 05:34:00,50.0,50.0,214,218
2023-07-11 05:36:00,50.0,50,224,238
2023-07-11 05:38:00,50.0,50.0,217,219
2023-07-11 05:40:00,50.0,50.0,218,221
2023-07-11 05:42:00,50.1,50.1,217,219
2023-07-11 05:44:00,50.2,50.2,218,220
2023-07-11 05:46:00,50.1,50.1,219,220
2023-07-11 05:48:00,50,50.0,217,220
2023-07-11 05:50:00,50.0,50.0,216,219
2023-07-11 05:52:00,50.0,50.0,216,218
2023-07-11 05:54:00,50.0,50.0,216,219
2023-07-11 05:56:00,50.5,50.6,216,220
2023-07-11 05:58:00,50.0,50.0,218,220
2023-07-11 06:00:00,50.2,50.2,219,222
2023-07-11 06:02:00,49.9,49.8,218,220
2023-07-11 06:04:00,50.3,50.3,218,219
2023-07-11 06:06:00,49.9,49.9,216,219
2023-07-11 06:08:00,50.0,49.9,216,219
2023-07-11 06:10:00,50.0,50.0,218,220
2023-07-11 06:12:00,50.2,50.2,216,218
2023-07-11 06:14:00,50.0,50.0,218,220
2023-07-11 06:16:00,49.9,49.9,216,219
2023-07-11 06:18:00,50.0,49.9,216,219
2023-07-11 06:20:00,50.0,50.0,216,219
2023-07-11 06:22:00,50.4,50.4,214,217
2023-07-11 06:24:00,50.1,50.1,215,218
2023-07-11 06:26:00,50.1,50.2,214,216
2023-07-11 06:28:00,50.0,49.9,212,214
2023-07-11 06:30:00,50.1,50.1,217,219
2023-07-11 06:32:00,50.1,50.1,218,220
2023-07-11 06:34:00,50.0,50.0,220,221
2023-07-11 06:36:00,49.7,49.6,219,221
2023-07-11 06:38:00,50.0,50.0,219,221
2023-07-11 06:40:00,49.9,49.9,219,221
2023-07-11 06:42:00,50.1,50.1,219,220
2023-07-11 06:44:00,50.0,50.0,212,218
2023-07-11 06:46:00,49.9,50.0,213,217
2023-07-11 06:48:00,50.0,50.0,221,222
2023-07-11 06:50:00,50.2,50.2,212,218
2023-07-11 06:52:00,50.2,50.2,214,219
2023-07-11 06:54:00,49.9,50.0,221,223
2023-07-11 06:56:00,50.1,50.1,219,219
2023-07-11 06:58:00,49.8,49.9,216,218
2023-07-11 07:00:00,50.4,50.4,217,218
2023-07-11 07:02:00,50.1,50.1,219,220
2023-07-11 07:04:00,50.2,50.2,221,222
2023-07-11 07:06:00,50.0,50.0,220,223
2023-07-11 07:08:00,49.8,49.9,221,223
2023-07-11 07:10:00,50.0,50.1,220,222
2023-07-11 07:12:00,50.1,50.1,218,220
2023-07-11 07:14:00,49.8,49.8,219,221
2023-07-11 07:16:00,50.0,50.2,221,222
2023-07-11 07:18:00,50.1,50.1,219,221
2023-07-11 07:20:00,49.8,49.8,221,223
2023-07-11 07:22:00,50.0,49.9,221,222
2023-07-11 07:24:00,50.1,50.2,216,218
2023-07-11 07:26:00,50.2,50.2,216,218
2023-07-11 07:28:00,50.0,49.9,214,216
2023-07-11 07:30:00,49.8,49.9,214,215
2023-07-11 07:32:00,49.8,49.8,211,214
2023-07-11 07:34:00,50.1,50.1,209,211
2023-07-11 07:36:00,49.8,49.8,211,212
2023-07-11 07:38:00,50.0,49.9,213,215
2023-07-11 07:40:00,49.9,49.9,211,213
2023-07-11 07:42:00,50.0,50.0,209,212
2023-07-11 07:44:00,50.1,50.1,210,212
2023-07-11 07:46:00,49.9,49.9,209,212
2023-07-11 07:48:00,50.0,50.0,211,214
2023-07-11 07:50:00,49.9,49.9,214,214
2023-07-11 07:52:00,49.9,49.9,209,211
2023-07-11 07:54:00,50.7,50.7,231,238
2023-07-11 07:56:00,51.1,51.1,235,239
2023-07-11 07:58:00,51.1,51.1,234,238
2023-07-11 08:00:00,51.2,51.2,235,238
2023-07-11 08:02:00,51.3,51.1,235,239
2023-07-11 08:04:00,51.2,51.2,233,238
2023-07-11 08:06:00,51.1,51.1,232,238
2023-07-11 08:08:00,51.4,51.4,235,239
2023-07-11 08:10:00,51.1,51.1,234,239
2023-07-11 08:12:00,50.5,50.5,233,238
2023-07-11 08:14:00,50.4,50.5,234,238
2023-07-11 08:16:00,50.4,50.4,233,238
2023-07-11 08:18:00,50.3,50.5,233,238
2023-07-11 08:20:00,50.6,50.6,233,238
2023-07-11 08:22:00,50.6,50.5,233,238
2023-07-11 08:24:00,50.7,50.6,231,237
2023-07-11 08:26:00,50.6,50.6,231,236
2023-07-11 08:28:00,50.7,50.7,232,237
2023-07-11 08:30:00,50.7,50.6,229,236
2023-07-11 08:32:00,50.7,50.7,230,236
2023-07-11 08:34:00,50.5,50.5,231,236
2023-07-11 08:36:00,50.4,50.3,233,238
2023-07-11 08:38:00,50.3,50.4,231,238
2023-07-11 08:40:00,50.4,50.4,231,236
2023-07-11 08:42:00,50.5,50.4,231,236
2023-07-11 08:44:00,50.4,50.4,231,236
2023-07-11 08:46:00,50.4,50.3,231,236
2023-07-11 08:48:00,50.6,50.5,229,236
2023-07-11 08:50:00,50.7,50.6,229,235
2023-07-11 08:52:00,50.6,50.6,228,235
2023-07-11 08:54:00,50.6,50.6,228,234
2023-07-11 08:56:00,50.3,50.2,228,234
2023-07-11 08:58:00,50.3,50.3,228,234
2023-07-11 09:00:00,50.2,50.2,228,234
2023-07-11 09:02:00,50.3,50.2,227,233
2023-07-11 09:04:00,50.3,50.1,228,233
2023-07-11 09:06:00,50.2,50.1,226,233
2023-07-11 09:08:00,50.2,50.2,227,233
2023-07-11 09:10:00,50.1,50.1,226,233
2023-07-11 09:12:00,50.3,50.3,227,233
2023-07-11 09:14:00,50.1,50.2,226,233
2023-07-11 09:16:00,50.2,50.2,227,233
2023-07-11 09:18:00,50.2,50.1,227,233
2023-07-11 09:20:00,50.2,50.2,227,233
2023-07-11 09:22:00,50.2,50.1,226,233
2023-07-11 09:24:00,50.1,50.1,226,233
2023-07-11 09:26:00,50.2,50.2,228,233
2023-07-11 09:28:00,50.3,50.3,221,231
2023-07-11 09:30:00,50.2,50.3,222,231
2023-07-11 09:32:00,50.2,50.3,223,231
2023-07-11 09:34:00,50.3,50.4,227,232
2023-07-11 09:36:00,50.4,50.3,225,231
2023-07-11 09:38:00,50.4,50.3,226,231
2023-07-11 09:40:00,50.4,50.4,227,231
2023-07-11 09:42:00,50.4,50.3,226,231
2023-07-11 09:44:00,50.2,50.4,226,232
2023-07-11 09:46:00,50.1,50.2,227,233
2023-07-11 09:48:00,50,50.1,228,233
2023-07-11 09:50:00,50.0,50.0,226,233
2023-07-11 09:52:00,50.1,50.1,228,233
2023-07-11 09:54:00,50.2,50.1,227,233
2023-07-11 09:56:00,50.2,50.1,228,233
2023-07-11 09:58:00,50.1,50.1,227,233
2023-07-11 10:00:00,50.3,50.2,227,233
2023-07-11 10:02:00,50.4,50.4,228,233
2023-07-11 10:04:00,50.5,50.4,228,232
2023-07-11 10:06:00,50.5,50.4,227,232
2023-07-11 10:08:00,50.5,50.4,227,232
2023-07-11 10:10:00,50.3,50.2,228,232
2023-07-11 10:12:00,50.2,50.2,227,233
2023-07-11 10:14:00,50.1,50.1,227,232
2023-07-11 10:16:00,50.4,50.5,228,233
2023-07-11 10:18:00,50.6,50.7,230,233
2023-07-11 10:20:00,50.6,50.5,229,233
2023-07-11 10:22:00,50.8,50.7,229,234
2023-07-11 10:24:00,50.7,50.6,228,233
2023-07-11 10:26:00,50.5,50.6,230,234
2023-07-11 10:28:00,50.3,50.3,230,235
2023-07-11 10:30:00,50.5,50.5,227,233
2023-07-11 10:32:00,50.5,50.5,230,234
2023-07-11 10:34:00,50.6,50.6,228,233
2023-07-11 10:36:00,50.7,50.7,228,233
2023-07-11 10:38:00,50.7,50.5,228,233
2023-07-11 10:40:00,50.7,50.6,228,232
2023-07-11 10:42:00,50.7,50.7,228,233
2023-07-11 10:44:00,50.7,50.5,227,232
2023-07-11 10:46:00,50.6,50.5,227,233
2023-07-11 10:48:00,50.6,50.6,228,233
2023-07-11 10:50:00,50.7,50.7,228,233
2023-07-11 10:52:00,50.7,50.7,228,234
2023-07-11 10:54:00,50.5,50.7,228,233
2023-07-11 10:56:00,50.7,50.7,228,233
2023-07-11 10:58:00,50.8,50.8,227,233
2023-07-11 11:00:00,50.7,50.7,228,233
2023-07-11 11:02:00,50.6,50.5,230,234
2023-07-11 11:04:00,50.7,50.8,228,233
2023-07-11 11:06:00,50.6,50.7,228,234
2023-07-11 11:08:00,50.7,50.8,227,233
2023-07-11 11:10:00,50.6,50.5,228,233
2023-07-11 11:12:00,50.7,50.7,228,233
2023-07-11 11:14:00,50.8,50.7,228,233
2023-07-11 11:16:00,50.8,50.9,228,233
2023-07-11 11:18:00,50.6,50.7,228,233
2023-07-11 11:20:00,50.7,50.7,228,233
2023-07-11 11:22:00,50.7,50.6,228,233
2023-07-11 11:24:00,50.9,50.9,228,233
2023-07-11 11:26:00,50.7,50.8,229,233
2023-07-11 11:28:00,50.8,50.8,228,232
2023-07-11 11:30:00,50.6,50.7,228,234
2023-07-11 11:32:00,50.7,50.7,228,233
2023-07-11 11:34:00,50.8,50.8,230,234
2023-07-11 11:36:00,50.7,50.7,228,234
2023-07-11 11:38:00,50.9,50.8,228,233
2023-07-11 11:40:00,50.9,50.9,229,233
2023-07-11 11:42:00,50.7,50.6,228,233
2023-07-11 11:44:00,50.7,50.6,226,232
2023-07-11 11:46:00,50.8,50.8,226,232
2023-07-11 11:48:00,50.9,50.9,228,233
2023-07-11 11:50:00,50.8,50.8,227,233
2023-07-11 11:52:00,50.8,50.7,227,233
2023-07-11 11:54:00,50.8,50.7,228,233
2023-07-11 11:56:00,50.9,50.9,228,233
2023-07-11 11:58:00,50.4,50.4,227,233
2023-07-11 12:00:00,50.3,50.3,227,233
2023-07-11 12:02:00,50.3,50.3,228,233
2023-07-11 12:04:00,50.3,50.4,228,233
2023-07-11 12:06:00,50.4,50.4,227,233
2023-07-11 12:08:00,50.4,50.4,227,233
2023-07-11 12:10:00,50.4,50.4,228,233
2023-07-11 12:12:00,50.5,50.4,227,232
2023-07-11 12:14:00,50.2,50.3,226,232
2023-07-11 12:16:00,50.3,50.4,226,232
2023-07-11 12:18:00,50.4,50.4,227,232
2023-07-11 12:20:00,50.2,50.2,226,232
2023-07-11 12:22:00,50.2,50.2,225,231
2023-07-11 12:24:00,50.3,50.3,226,231
2023-07-11 12:26:00,50.3,50.3,227,232
2023-07-11 12:28:00,50.2,50.2,226,232
2023-07-11 12:30:00,50.4,50.3,226,231
2023-07-11 12:32:00,50.4,50.3,227,232
2023-07-11 12:34:00,50.3,50.3,227,231
2023-07-11 12:36:00,50.3,50.2,226,231
2023-07-11 12:38:00,50.1,50,226,231
2023-07-11 12:40:00,50.0,50.0,226,231
2023-07-11 12:42:00,49.7,49.6,222,230
2023-07-11 12:44:00,49.8,49.7,226,230
2023-07-11 12:46:00,50.0,50.0,225,231
2023-07-11 12:48:00,50.0,49.9,226,231
2023-07-11 12:50:00,50.0,50.0,225,231
2023-07-11 12:52:00,49.8,49.8,226,231
2023-07-11 12:54:00,50.0,49.9,221,230
2023-07-11 12:56:00,50.0,50.1,223,231
2023-07-11 12:58:00,50.1,50.1,226,231
2023-07-11 13:00:00,49.9,50.0,224,229
2023-07-11 13:02:00,50.0,49.9,226,231
2023-07-11 13:04:00,50.2,50.2,226,231
2023-07-11 13:06:00,50.0,50.0,226,231
2023-07-11 13:08:00,49.8,49.8,226,230
2023-07-11 13:10:00,49.9,49.7,227,231
2023-07-11 13:12:00,49.9,49.9,226,231
2023-07-11 13:14:00,50.3,50.2,224,230
2023-07-11 13:16:00,50.1,50.1,226,231
2023-07-11 13:18:00,50.1,50.1,227,231
2023-07-11 13:20:00,50.0,50.1,226,230
2023-07-11 13:22:00,50.1,50.0,225,231
2023-07-11 13:24:00,50.1,50.1,226,230
2023-07-11 13:26:00,50.1,50.0,226,230
2023-07-11 13:28:00,50.0,50.0,225,231
2023-07-11 13:30:00,50.0,50.1,226,230
2023-07-11 13:32:00,50.2,50.1,225,231
2023-07-11 13:34:00,50.2,50.2,227,231
2023-07-11 13:36:00,50.0,50.0,225,230
2023-07-11 13:38:00,50.1,50.1,224,230
2023-07-11 13:40:00,50.2,50.3,225,230
2023-07-11 13:42:00,50.2,50.2,226,231
2023-07-11 13:44:00,50.3,50.3,226,231
2023-07-11 13:46:00,50.2,50.1,226,232
2023-07-11 13:48:00,50.2,50.2,228,232
2023-07-11 13:50:00,50.4,50.3,229,233
2023-07-11 13:52:00,50.3,50.4,229,233
2023-07-11 13:54:00,50.4,50.5,229,233
2023-07-11 13:56:00,50.2,50.4,225,232
2023-07-11 13:58:00,50.5,50.5,226,232
2023-07-11 14:00:00,50.3,50.5,228,233
2023-07-11 14:02:00,50.4,50.2,228,233
2023-07-11 14:04:00,50.5,50.4,230,234
2023-07-11 14:06:00,50.5,50.6,228,233
2023-07-11 14:08:00,50.8,50.9,228,233
2023-07-11 14:10:00,50.6,50.6,228,232
2023-07-11 14:12:00,50.7,50.7,229,233
2023-07-11 14:14:00,50.7,50.7,228,233
2023-07-11 14:16:00,50.6,50.7,227,233
2023-07-11 14:18:00,50.5,50.6,228,233
2023-07-11 14:20:00,50.4,50.5,228,233
2023-07-11 14:22:00,50.7,50.6,228,232
2023-07-11 14:24:00,50.7,50.6,228,233
2023-07-11 14:26:00,50.8,50.8,228,233
2023-07-11 14:28:00,50.6,50.6,228,233
2023-07-11 14:30:00,50.7,50.6,227,232
2023-07-11 14:32:00,50.3,50.3,224,232
2023-07-11 14:34:00,50.3,50.4,226,233
2023-07-11 14:36:00,50.5,50.4,229,233
2023-07-11 14:38:00,50.6,50.6,228,233
2023-07-11 14:40:00,50.5,50.6,230,233
2023-07-11 14:42:00,50.7,50.5,228,233
2023-07-11 14:44:00,50.7,50.7,228,233
2023-07-11 14:46:00,50.5,50.3,228,233
2023-07-11 14:48:00,50.6,50.6,228,232
2023-07-11 14:50:00,50.5,50.6,227,232
2023-07-11 14:52:00,50.6,50.6,227,232
2023-07-11 14:54:00,50.7,50.5,227,231
2023-07-11 14:56:00,50.4,50.4,224,231
2023-07-11 14:58:00,50.6,50.6,223,231
2023-07-11 15:00:00,50.5,50.7,223,232
2023-07-11 15:02:00,50.7,50.8,228,233
2023-07-11 15:04:00,50.6,50.5,229,233
2023-07-11 15:06:00,50.6,50.5,228,232
2023-07-11 15:08:00,50.2,50.2,226,231
2023-07-11 15:10:00,50.2,50.4,228,231
2023-07-11 15:12:00,50.2,50.2,226,231
2023-07-11 15:14:00,50.2,50.3,226,231
2023-07-11 15:16:00,50.2,50.2,227,231
2023-07-11 15:18:00,50.2,50.3,227,231
2023-07-11 15:20:00,50.2,50.2,226,231
2023-07-11 15:22:00,50.2,50.2,226,231
2023-07-11 15:24:00,49.9,49.9,226,230
2023-07-11 15:26:00,49.9,49.9,226,231
2023-07-11 15:28:00,49.9,49.9,223,231
2023-07-11 15:30:00,49.6,49.6,222,231
2023-07-11 15:32:00,49.5,49.6,221,231
2023-07-11 15:34:00,49.8,49.8,226,231
2023-07-11 15:36:00,50.0,50.0,226,231
2023-07-11 15:38:00,50.1,50.0,226,231
2023-07-11 15:40:00,50.0,49.9,226,231
2023-07-11 15:42:00,49.9,50.0,225,231
2023-07-11 15:44:00,50.1,50.1,224,230
2023-07-11 15:46:00,50.1,50.3,226,231
2023-07-11 15:48:00,50.1,50.2,226,231
2023-07-11 15:50:00,50.1,50.1,224,230
2023-07-11 15:52:00,50.2,50.2,226,231
2023-07-11 15:54:00,50.2,50.2,226,231
2023-07-11 15:56:00,50.2,50.2,224,230
2023-07-11 15:58:00,50.2,50.1,224,230
2023-07-11 16:00:00,50.1,50.1,225,231
2023-07-11 16:02:00,50.2,50.2,226,231
2023-07-11 16:04:00,50.3,50.2,226,231
2023-07-11 16:06:00,50.1,50.2,226,231
2023-07-11 16:08:00,50.1,50.1,226,231
2023-07-11 16:10:00,50.1,50.2,227,232
2023-07-11 16:12:00,50.2,50.1,227,232
2023-07-11 16:14:00,50.1,50.3,227,233
2023-07-11 16:16:00,50.1,50.2,228,232
2023-07-11 16:18:00,50.1,50.1,226,231
2023-07-11 16:20:00,50.3,9804,188,0
2023-07-11 16:22:00,50.0,4329,187,0
2023-07-11 16:24:00,50.0,4367,185,0
2023-07-11 16:26:00,50.1,5618,184,0
2023-07-11 16:28:00,50.2,7874,186,0
2023-07-11 16:30:00,50.0,4878,185,0
2023-07-11 16:32:00,49.9,1361,183,0.707
2023-07-11 16:34:00,50.0,3906,185,0
2023-07-11 16:36:00,50.3,6536,183,0
2023-07-11 16:38:00,50.3,925,190,0
2023-07-11 16:40:00,50.0,1404,184,0
2023-07-11 16:42:00,50.2,4367,191,0.707
2023-07-11 16:44:00,50.2,3279,189,0
2023-07-11 16:46:00,49.8,1961,190,0
2023-07-11 16:48:00,50.1,6536,187,0.707
2023-07-11 16:50:00,49.8,5618,185,0
2023-07-11 16:52:00,49.9,4367,185,0
2023-07-11 16:54:00,50.1,3279,187,0
2023-07-11 16:56:00,50.1,2008,185,0
2023-07-11 16:58:00,50.3,7874,183,0
2023-07-11 17:00:00,49.9,3268,181,0
2023-07-11 17:02:00,49.8,2320,185,0
2023-07-11 17:04:00,50.1,5618,184,0
2023-07-11 17:06:00,50.2,5618,182,0
2023-07-11 17:08:00,49.9,2625,182,0
2023-07-11 17:10:00,49.9,3012,189,0
2023-07-11 17:12:00,50.0,4926,186,0
2023-07-11 17:14:00,50.3,4386,186,0
2023-07-11 17:16:00,50.1,5556,189,0.707
2023-07-11 17:18:00,50.2,4329,190,0
2023-07-11 17:20:00,49.8,3937,188,0
2023-07-11 17:22:00,50.2,3030,190,0.707
2023-07-11 17:24:00,49.9,6494,188,0
2023-07-11 17:26:00,50.1,3937,187,0
2023-07-11 17:28:00,50.1,9804,185,0
2023-07-11 17:30:00,50.0,3584,188,0.707
2023-07-11 17:32:00,50.3,2309,186,0
2023-07-11 17:34:00,49.9,5556,183,0
2023-07-11 17:36:00,50.2,3257,185,0
2023-07-11 17:38:00,50.1,4926,182,0
2023-07-11 17:40:00,50.0,3279,184,0
2023-07-11 17:42:00,50.4,2183,187,0
2023-07-11 17:44:00,50.0,6494,184,0
2023-07-11 17:46:00,49.9,6536,186,0
2023-07-11 17:48:00,50.0,3279,186,0
2023-07-11 17:50:00,50.1,1783,185,0
2023-07-11 17:52:00,50.1,4926,184,0
2023-07-11 17:54:00,50.0,3257,184,0
2023-07-11 17:56:00,50.1,2193,180,0
2023-07-11 17:58:00,50.2,4926,180,0
2023-07-11 18:00:00,49.9,5618,176,0.707
2023-07-11 18:02:00,50.0,4926,180,0.707
2023-07-11 18:04:00,50.3,9804,178,0
2023-07-11 18:06:00,49.9,7874,175,0
2023-07-11 18:08:00,49.9,3584,177,0
2023-07-11 18:10:00,50.0,2179,176,0
2023-07-11 18:12:00,49.8,1876,176,0.707
2023-07-11 18:14:00,50.1,2793,176,0.707
2023-07-11 18:16:00,50.0,6536,180,0
2023-07-11 18:18:00,49.9,2075,178,0.707
2023-07-11 18:20:00,50.1,5618,180,0
2023-07-11 18:22:00,49.9,1961,181,0.707
2023-07-11 18:24:00,49.6,7874,183,0.707
2023-07-11 18:26:00,49.8,1961,181,0
2023-07-11 18:28:00,49.8,3257,181,0.707
2023-07-11 18:30:00,49.9,7874,185,0
2023-07-11 18:32:00,49.9,4367,184,0.707
2023-07-11 18:34:00,50.0,2463,186,0.707
2023-07-11 18:36:00,49.8,2994,182,0.707
2023-07-11 18:38:00,50.2,3279,185,0.707
2023-07-11 18:40:00,49.9,6579,185,0
2023-07-11 18:42:00,49.9,2463,185,0.707
2023-07-11 18:44:00,50.1,9804,186,0.707
2023-07-11 18:46:00,50.0,5556,182,0
2023-07-11 18:48:00,49.9,3257,182,0.707
2023-07-11 18:50:00,50.2,3521,182,0.707
2023-07-11 18:52:00,50.0,4854,182,0
2023-07-11 18:54:00,50.0,3937,178,0.707
2023-07-11 18:56:00,50.0,3559,184,0
2023-07-11 18:58:00,49.9,5556,181,0.707
2023-07-11 19:00:00,50.2,3030,184,0
2023-07-11 19:02:00,50.2,4348,177,0.707
2023-07-11 19:04:00,49.8,2070,179,0
2023-07-11 19:06:00,50.2,7874,184,0.707
2023-07-11 19:08:00,50.0,4926,184,0.707
2023-07-11 19:10:00,50.0,5618,187,0
2023-07-11 19:12:00,49.9,4386,186,0
2023-07-11 19:14:00,50.1,3559,190,0
2023-07-11 19:16:00,49.9,3584,191,0
2023-07-11 19:18:00,50.4,7874,193,0
2023-07-11 19:20:00,49.8,1709,190,0
2023-07-11 19:22:00,50.0,6536,185,0
2023-07-11 19:24:00,50.1,7874,184,0
2023-07-11 19:26:00,50.2,2625,183,0
2023-07-11 19:28:00,50.0,6579,187,0
2023-07-11 19:30:00,50.1,7874,190,0
2023-07-11 19:32:00,50.2,1093,189,0
2023-07-11 19:34:00,50.3,4367,193,0.707
2023-07-11 19:36:00,50.2,9709,190,0
2023-07-11 19:38:00,50.2,4367,194,0
2023-07-11 19:40:00,50.3,3571,192,0.707
2023-07-11 19:42:00,50.2,6494,192,0
2023-07-11 19:44:00,50.1,3571,195,0.707
2023-07-11 19:46:00,50.2,4348,195,0.707
2023-07-11 19:48:00,50.2,4854,191,0.707
2023-07-11 19:50:00,50.2,4878,190,0.707
2023-07-11 19:52:00,50.0,5618,192,0.707
2023-07-11 19:54:00,50.2,4926,190,0.707
2023-07-11 19:56:00,50.4,1792,194,0.707
2023-07-11 19:58:00,50.3,1637,195,0
2023-07-11 20:00:00,50.2,2817,199,0
2023-07-11 20:02:00,50.3,4310,195,0
2023-07-11 20:04:00,50.2,6494,195,0
2023-07-11 20:06:00,50.4,7874,198,0
2023-07-11 20:08:00,50.3,6536,198,0
2023-07-11 20:10:00,50.5,6579,196,0.707
2023-07-11 20:12:00,50.3,2809,197,0
2023-07-11 20:14:00,50.3,6452,199,0.707
2023-07-11 20:16:00,50.3,2625,197,0.707
2023-07-11 20:18:00,50.4,6452,198,0
2023-07-11 20:20:00,50.3,4348,199,0
2023-07-11 20:22:00,50.2,1577,199,0
2023-07-11 20:24:00,50.5,6536,198,0.707
2023-07-11 20:26:00,50.3,1511,197,0
2023-07-11 20:28:00,50.6,688,197,0
2023-07-11 20:30:00,50.2,4348,199,0.707
2023-07-11 20:32:00,50.3,728,197,0.707
2023-07-11 20:34:00,50.1,1961,197,0
2023-07-11 20:36:00,50.4,5618,197,0.707
2023-07-11 20:38:00,50.3,7874,195,0
2023-07-11 20:40:00,50.6,4329,198,0
2023-07-11 20:42:00,50.3,6579,197,0
2023-07-11 20:44:00,50.4,4367,197,0
2023-07-11 20:46:00,50.6,3030,195,0
2023-07-11 20:48:00,50.4,6536,199,0.707
2023-07-11 20:50:00,50.3,4367,197,0
2023-07-11 20:52:00,50.4,6536,196,0
2023-07-11 20:54:00,50.5,4348,191,0
2023-07-11 20:56:00,50.5,6452,197,0.707
2023-07-11 20:58:00,50.4,7752,194,0
2023-07-11 21:00:00,50.4,5618,193,0.707
2023-07-11 21:02:00,50.6,2320,198,0
2023-07-11 21:04:00,50.3,2817,197,0.707
2023-07-11 21:06:00,50.4,3279,194,0
2023-07-11 21:08:00,50.5,6536,193,0
2023-07-11 21:10:00,50.6,3584,197,0
2023-07-11 21:12:00,50.4,4902,196,0
2023-07-11 21:14:00,50.5,2817,198,0.707
2023-07-11 21:16:00,50.7,4926,200,0
2023-07-11 21:18:00,50.7,7813,199,0
2023-07-11 21:20:00,50.4,3937,199,0.707
2023-07-11 21:22:00,50.7,4386,202,0
2023-07-11 21:24:00,50.6,2817,199,0
2023-07-11 21:26:00,50.4,3571,198,0
2023-07-11 21:28:00,50.7,2320,197,0.707
2023-07-11 21:30:00,50.4,9804,199,0
2023-07-11 21:32:00,50.5,3906,200,0.707
2023-07-11 21:34:00,50.7,3559,199,0
2023-07-11 21:36:00,50.5,3922,198,0
2023-07-11 21:38:00,50.5,3922,200,0
2023-07-11 21:40:00,50.4,3937,199,0
2023-07-11 21:42:00,50.4,3937,197,0.707
2023-07-11 21:44:00,50.4,1232,199,0.707
2023-07-11 21:46:00,50.7,4367,201,0
2023-07-11 21:48:00,50.5,3906,199,0.707
2023-07-11 21:50:00,50.6,5587,200,0.707
2023-07-11 21:52:00,50.6,9804,198,0
2023-07-11 21:54:00,50.3,4348,195,0.707
2023-07-11 21:56:00,50.3,5618,193,0
2023-07-11 21:58:00,50.3,1577,196,0.707
2023-07-11 22:00:00,50.4,1225,196,0
2023-07-11 22:02:00,50.6,4926,195,0
2023-07-11 22:04:00,50.6,7874,195,0
2023-07-11 22:06:00,50.7,6536,197,0
2023-07-11 22:08:00,50.6,1969,199,0
2023-07-11 22:10:00,50.7,4854,199,0.707
2023-07-11 22:12:00,50.6,2463,202,0.707
2023-07-11 22:14:00,50.6,9804,201,0.707
2023-07-11 22:16:00,50.7,3937,199,0
2023-07-11 22:18:00,50.7,7874,202,0.707
2023-07-11 22:20:00,50.6,3030,201,0
2023-07-11 22:22:00,50.9,6536,201,0
2023-07-11 22:24:00,50.7,5618,193,0.707
2023-07-11 22:26:00,50.9,4386,196,0.707
2023-07-11 22:28:00,50.8,4367,197,0.707
2023-07-11 22:30:00,50.8,3030,197,0
2023-07-11 22:32:00,50.7,1859,205,0
2023-07-11 22:34:00,50.9,3584,208,0.707
2023-07-11 22:36:00,50.6,4926,201,0.707
2023-07-11 22:38:00,50.2,3236,203,0.707
2023-07-11 22:40:00,50.2,5525,206,0
2023-07-11 22:42:00,50.2,3030,205,0
2023-07-11 22:44:00,50.0,4902,204,0.707
2023-07-11 22:46:00,50.0,3012,207,0.707
2023-07-11 22:48:00,49.9,5618,208,0
2023-07-11 22:50:00,50.2,2320,207,0
2023-07-11 22:52:00,50.0,3521,208,0
2023-07-11 22:54:00,50.1,4926,213,0
2023-07-11 22:56:00,50.0,49.9,211,213
2023-07-11 22:58:00,50.1,50.1,211,214
2023-07-11 23:00:00,50.0,49.9,211,214
2023-07-11 23:02:00,49.8,49.7,211,213
2023-07-11 23:04:00,50.2,50.3,211,214
2023-07-11 23:06:00,50.2,50.2,211,214
2023-07-11 23:08:00,50.0,50.0,213,214
2023-07-11 23:10:00,50.3,50.2,214,216
2023-07-11 23:12:00,50.3,50.2,213,216
2023-07-11 23:14:00,50.0,50,214,216
2023-07-11 23:16:00,50.2,50.2,215,216
2023-07-11 23:18:00,50.0,50.1,214,216
2023-07-11 23:20:00,50.0,50.1,212,216
2023-07-11 23:22:00,50.0,50.1,215,217
2023-07-11 23:24:00,50.1,50.2,216,218
2023-07-11 23:26:00,50.2,50.2,214,216
2023-07-11 23:28:00,50.2,50.1,214,216
2023-07-11 23:30:00,50.2,50.2,215,216
2023-07-11 23:32:00,50.2,50.3,212,215
2023-07-11 23:34:00,50.0,50.0,211,214
2023-07-11 23:36:00,50.0,50.1,214,216
2023-07-11 23:38:00,50.0,50.2,213,215
2023-07-11 23:40:00,50.3,50.3,213,215
2023-07-11 23:42:00,50.2,50.2,213,215
2023-07-11 23:44:00,50.1,50.1,214,216
2023-07-11 23:46:00,50.3,50.3,214,216
2023-07-11 23:48:00,50.2,50.1,214,216
2023-07-11 23:50:00,50.0,49.8,214,216
2023-07-11 23:52:00,49.9,49.9,214,216
2023-07-11 23:54:00,50.3,50.3,214,216
2023-07-11 23:56:00,50.3,50.3,215,217
2023-07-11 23:58:00,50.3,50.3,216,219
2023-07-12 00:00:00,50.1,50.1,216,219
2023-07-12 00:02:00,50.4,50.3,216,219
2023-07-12 00:04:00,50.3,50.1,216,219
2023-07-12 00:06:00,50.1,49.9,218,220
2023-07-12 00:08:00,50.1,50.1,214,217
2023-07-12 00:10:00,50.0,50.1,216,217
2023-07-12 00:12:00,50.3,50.3,217,219
2023-07-12 00:14:00,50.3,50.3,216,219
2023-07-12 00:16:00,50.4,50.3,216,219
2023-07-12 00:18:00,50.3,50.2,216,219
2023-07-12 00:20:00,50.5,50.4,219,221
2023-07-12 00:22:00,50.3,50.3,217,220
2023-07-12 00:24:00,50.1,50.0,217,220
2023-07-12 00:26:00,49.9,50.0,219,221
2023-07-12 00:28:00,50.4,50.3,219,221
2023-07-12 00:30:00,50.5,50.4,218,221
2023-07-12 00:32:00,50.4,50.4,217,220
2023-07-12 00:34:00,50.2,50.2,219,221
2023-07-12 00:36:00,50.2,50.2,216,219
2023-07-12 00:38:00,50.3,50.2,217,220
2023-07-12 00:40:00,50.2,50.1,218,219
2023-07-12 00:42:00,50.4,50.4,219,221
2023-07-12 00:44:00,50.1,50.1,215,218
2023-07-12 00:46:00,50.4,50.4,216,219
2023-07-12 00:48:00,50.4,50.4,219,221
2023-07-12 00:50:00,50.3,50.4,219,221
2023-07-12 00:52:00,50.1,50.2,220,222
2023-07-12 00:54:00,50.5,50.4,219,222
2023-07-12 00:56:00,50.3,50.2,221,222
2023-07-12 00:58:00,50.0,50.0,219,222
2023-07-12 01:00:00,50.2,50.2,219,221
2023-07-12 01:02:00,50.3,50.4,221,221
2023-07-12 01:04:00,50.3,50.3,220,222
2023-07-12 01:06:00,50.5,50.5,219,221
2023-07-12 01:08:00,50.2,50.1,219,222
2023-07-12 01:10:00,50.4,50.3,221,222
2023-07-12 01:12:00,50.2,50.2,220,222
2023-07-12 01:14:00,50.3,50.3,219,221
2023-07-12 01:16:00,50.1,50.1,220,221
2023-07-12 01:18:00,50.2,50.3,220,223
2023-07-12 01:20:00,50.4,50.4,219,221
2023-07-12 01:22:00,50.3,50.3,219,221
2023-07-12 01:24:00,50.3,50.3,220,222
2023-07-12 01:26:00,50.3,50.3,219,221
2023-07-12 01:28:00,50.1,50.1,219,221
2023-07-12 01:30:00,50.3,50.3,219,221
2023-07-12 01:32:00,50.1,50.2,219,221
2023-07-12 01:34:00,50.2,50.3,219,221
2023-07-12 01:36:00,50.5,50.5,220,223
2023-07-12 01:38:00,50.3,50.4,221,223
2023-07-12 01:40:00,50.4,50.4,221,223
2023-07-12 01:42:00,50.3,50.2,220,223
2023-07-12 01:44:00,50.3,50.3,220,223
2023-07-12 01:46:00,50.3,50.3,221,223
2023-07-12 01:48:00,50.2,50.2,220,222
2023-07-12 01:50:00,50.4,50.5,219,222
2023-07-12 01:52:00,50.5,50.5,220,222
2023-07-12 01:54:00,50.3,50.1,221,223
2023-07-12 01:56:00,50.3,50.2,220,221
2023-07-12 01:58:00,50.4,50.3,220,222
2023-07-12 02:00:00,50.0,50.0,221,223
2023-07-12 02:02:00,50.3,50.2,221,223
2023-07-12 02:04:00,50.4,50.4,221,223
2023-07-12 02:06:00,50.5,50.4,222,223
2023-07-12 02:08:00,50.1,50.3,220,223
2023-07-12 02:10:00,50.4,50.4,220,223
2023-07-12 02:12:00,50.1,50.2,219,221
2023-07-12 02:14:00,50.3,50.4,221,223
2023-07-12 02:16:00,50.2,50.3,219,221
2023-07-12 02:18:00,50.3,50.3,219,221
2023-07-12 02:20:00,50.3,50.4,221,223
2023-07-12 02:22:00,50.2,50.1,221,222
2023-07-12 02:24:00,50.2,50.2,220,222
2023-07-12 02:26:00,50.3,50.4,220,223
2023-07-12 02:28:00,50.3,50.4,221,223
2023-07-12 02:30:00,50.3,50.5,219,221
2023-07-12 02:32:00,50.5,50.4,221,223
2023-07-12 02:34:00,50.4,50.4,222,224
2023-07-12 02:36:00,50.5,50.5,223,224
2023-07-12 02:38:00,50.4,50.3,220,223
2023-07-12 02:40:00,50.3,50.2,219,221
2023-07-12 02:42:00,50.3,50.3,220,221
2023-07-12 02:44:00,50.2,50.3,218,219
2023-07-12 02:46:00,50.4,50.4,218,221
2023-07-12 02:48:00,50.4,50.4,221,222
2023-07-12 02:50:00,50.5,50.5,221,223
2023-07-12 02:52:00,50.3,50.2,219,221
2023-07-12 02:54:00,50.4,50.2,219,221
2023-07-12 02:56:00,50.3,50.3,221,222
2023-07-12 02:58:00,50.5,50.4,220,222
2023-07-12 03:00:00,50.4,50.4,220,223
2023-07-12 03:02:00,50.3,50.3,221,222
2023-07-12 03:04:00,50.4,50.4,221,223
2023-07-12 03:06:00,50.3,50.3,220,222
2023-07-12 03:08:00,50.3,50.3,219,221
2023-07-12 03:10:00,50.4,50.5,221,223
2023-07-12 03:12:00,50.3,50.3,221,223
2023-07-12 03:14:00,49.9,50.1,219,223
2023-07-12 03:16:00,50.3,50.3,223,225
2023-07-12 03:18:00,50.3,50.3,223,225
2023-07-12 03:20:00,50.4,50.2,221,224
2023-07-12 03:22:00,50.1,50.1,221,224
2023-07-12 03:24:00,50.3,50.2,223,224
2023-07-12 03:26:00,50.2,50.1,221,223
2023-07-12 03:28:00,49.9,50,220,222
2023-07-12 03:30:00,50.2,50.2,221,223
2023-07-12 03:32:00,50.2,50.1,221,223
2023-07-12 03:34:00,50.2,50.3,219,223
2023-07-12 03:36:00,50.1,50.2,221,223
2023-07-12 03:38:00,50.0,50.0,222,223
2023-07-12 03:40:00,50.3,50.2,221,223
2023-07-12 03:42:00,50.2,50.0,222,224
2023-07-12 03:44:00,50.3,50.4,223,225
2023-07-12 03:46:00,50.1,50.1,222,224
2023-07-12 03:48:00,50.3,50.3,221,223
2023-07-12 03:50:00,50.1,50.0,220,222
2023-07-12 03:52:00,50.2,50.2,221,223
2023-07-12 03:54:00,50.1,50.1,220,222
2023-07-12 03:56:00,50.1,50.0,220,222
2023-07-12 03:58:00,50.1,50.1,221,223
2023-07-12 04:00:00,50.0,50.0,222,224
2023-07-12 04:02:00,50.1,50.1,220,222
2023-07-12 04:04:00,50.2,50.1,220,222
2023-07-12 04:06:00,49.9,49.8,222,223
2023-07-12 04:08:00,50.1,50.1,221,223
2023-07-12 04:10:00,50.0,50.2,221,223
2023-07-12 04:12:00,50.1,50.2,222,223
2023-07-12 04:14:00,50.1,50.2,222,223
2023-07-12 04:16:00,50.2,50.2,221,223
2023-07-12 04:18:00,50.0,50.1,220,223
2023-07-12 04:20:00,50.0,50.0,222,223
2023-07-12 04:22:00,50.2,50.2,221,223
2023-07-12 04:24:00,50.0,50.1,220,223
2023-07-12 04:26:00,50.0,50.0,223,224
2023-07-12 04:28:00,50.2,50.2,223,225
2023-07-12 04:30:00,50.2,50.2,221,224
2023-07-12 04:32:00,50.2,50.2,223,224
2023-07-12 04:34:00,50.2,50.2,223,225
2023-07-12 04:36:00,50.3,50.4,221,223
2023-07-12 04:38:00,50.2,50.2,219,221
2023-07-12 04:40:00,50.3,50.3,221,222
2023-07-12 04:42:00,50.4,50.4,220,223
2023-07-12 04:44:00,50.2,50.3,219,221
2023-07-12 04:46:00,50.2,50.2,221,223
2023-07-12 04:48:00,50.2,50.2,221,223
2023-07-12 04:50:00,50.3,50.3,221,223
2023-07-12 04:52:00,50.2,50.3,221,223
2023-07-12 04:54:00,50.2,50.2,221,223
2023-07-12 04:56:00,50.3,50.2,219,221
2023-07-12 04:58:00,50.3,50.3,219,222
2023-07-12 05:00:00,50.2,50.2,220,221
2023-07-12 05:02:00,50.3,50.3,219,221
2023-07-12 05:04:00,50.1,50.1,218,219
2023-07-12 05:06:00,50.2,50.2,219,221
2023-07-12 05:08:00,50.2,50.3,221,221
2023-07-12 05:10:00,50.1,50.2,219,221
2023-07-12 05:12:00,50.2,50.2,219,221
2023-07-12 05:14:00,50.0,50.0,221,222
2023-07-12 05:16:00,50.2,50.2,220,221
2023-07-12 05:18:00,50.1,50.1,218,221
2023-07-12 05:20:00,50.3,50.3,218,221
2023-07-12 05:22:00,50.1,50.1,219,220
2023-07-12 05:24:00,50.2,50.3,217,220
2023-07-12 05:26:00,50.2,50.2,217,220
2023-07-12 05:28:00,50.3,50.2,220,221
2023-07-12 05:30:00,50.2,50.2,217,219
2023-07-12 05:32:00,50.2,50.2,216,219
2023-07-12 05:34:00,50.3,50.3,219,221
2023-07-12 05:36:00,50.0,50.1,220,222
2023-07-12 05:38:00,50.1,50.1,217,219
2023-07-12 05:40:00,50.3,50.4,216,219
2023-07-12 05:42:00,50.2,50.2,218,220
2023-07-12 05:44:00,50.4,50.3,218,221
2023-07-12 05:46:00,50.5,50.3,219,221
2023-07-12 05:48:00,50.3,50.2,220,221
2023-07-12 05:50:00,50.2,50.2,219,221
2023-07-12 05:52:00,50.5,50.4,219,220
2023-07-12 05:54:00,50.3,50.3,217,219
2023-07-12 05:56:00,50.4,50.4,219,221
2023-07-12 05:58:00,50.3,50.3,217,220
2023-07-12 06:00:00,50.5,50.5,215,217
2023-07-12 06:02:00,50.3,50.3,216,217
2023-07-12 06:04:00,50.0,50,216,218
2023-07-12 06:06:00,50.4,50.4,216,219
2023-07-12 06:08:00,50.4,50.3,216,219
2023-07-12 06:10:00,50.3,50.3,217,219
2023-07-12 06:12:00,50.2,50.2,215,218
2023-07-12 06:14:00,50.1,50.2,216,219
2023-07-12 06:16:00,50.5,50.3,218,219
2023-07-12 06:18:00,50.3,50.3,216,219
2023-07-12 06:20:00,50.0,50.1,210,215
2023-07-12 06:22:00,50.2,50.1,209,214
2023-07-12 06:24:00,50.0,50.1,209,214
2023-07-12 06:26:00,50.5,50.5,212,214
2023-07-12 06:28:00,50.2,50.2,211,215
2023-07-12 06:30:00,50.4,50.4,214,217
2023-07-12 06:32:00,49.9,50.0,214,215
2023-07-12 06:34:00,50.3,50.2,213,214
2023-07-12 06:36:00,50.0,50.1,209,211
2023-07-12 06:38:00,50.1,50.2,212,214
2023-07-12 06:40:00,50.1,50.1,216,220
2023-07-12 06:42:00,50.2,50.2,217,219
2023-07-12 06:44:00,50.1,50.1,209,215
2023-07-12 06:46:00,50.2,50.3,209,214
2023-07-12 06:48:00,50.2,50.1,202,209
2023-07-12 06:50:00,50.3,50.3,205,210
2023-07-12 06:52:00,49.8,49.8,211,213
2023-07-12 06:54:00,50.2,50.2,212,214
2023-07-12 06:56:00,50.0,50.0,211,214
2023-07-12 06:58:00,50.2,50.1,213,213
2023-07-12 07:00:00,50.3,50.2,210,212
2023-07-12 07:02:00,50.2,50.1,211,211
2023-07-12 07:04:00,50.1,50.3,202,207
2023-07-12 07:06:00,50.3,50.3,210,212
2023-07-12 07:08:00,50.3,50.2,212,215
2023-07-12 07:10:00,50.2,50.1,214,216
2023-07-12 07:12:00,50.3,50.2,213,215
2023-07-12 07:14:00,50.0,50.0,212,215
2023-07-12 07:16:00,50.3,50.3,211,215
2023-07-12 07:18:00,50.1,50.0,210,213
2023-07-12 07:20:00,50.0,50.0,211,214
2023-07-12 07:22:00,50.3,50.3,209,210
2023-07-12 07:24:00,50.1,50.2,210,211
2023-07-12 07:26:00,50.3,50.2,210,213
2023-07-12 07:28:00,50.3,50.3,208,212
2023-07-12 07:30:00,50.4,50.2,207,208
2023-07-12 07:32:00,50.1,50.3,204,207
2023-07-12 07:34:00,50.0,50.1,202,206
2023-07-12 07:36:00,49.9,49.8,204,206
2023-07-12 07:38:00,50.2,50.3,209,211
2023-07-12 07:40:00,50.3,50.1,210,211
2023-07-12 07:42:00,49.9,49.9,203,207
2023-07-12 07:44:00,49.9,50.2,199,202
2023-07-12 07:46:00,49.9,49.8,207,208
2023-07-12 07:48:00,49.9,49.8,202,204
2023-07-12 07:50:00,49.9,49.9,202,206
2023-07-12 07:52:00,50.2,50.1,202,204
2023-07-12 07:54:00,51.0,51.1,233,238
2023-07-12 07:56:00,50.9,50.7,233,237
2023-07-12 07:58:00,50.9,50.5,231,238
2023-07-12 08:00:00,50.9,50.9,229,238
2023-07-12 08:02:00,51.0,50.9,231,238
2023-07-12 08:04:00,51.0,51.1,231,237
2023-07-12 08:06:00,51.0,51.1,232,238
2023-07-12 08:08:00,50.8,50.9,227,237
2023-07-12 08:10:00,50.9,50.9,227,237
2023-07-12 08:12:00,51.1,51.1,232,238
2023-07-12 08:14:00,51.0,51.0,233,238
2023-07-12 08:16:00,50.9,50.9,231,237
2023-07-12 08:18:00,51.0,51.0,231,238
2023-07-12 08:20:00,51.1,51.0,232,238
2023-07-12 08:22:00,51.1,51.1,231,238
2023-07-12 08:24:00,51.0,51.0,231,237
2023-07-12 08:26:00,51.2,51.2,231,237
2023-07-12 08:28:00,50.9,50.9,231,238
2023-07-12 08:30:00,50.9,51.0,230,237
2023-07-12 08:32:00,50.8,50.8,229,237
2023-07-12 08:34:00,50.9,50.9,233,238
2023-07-12 08:36:00,50.6,50.6,231,238
2023-07-12 08:38:00,51.0,51.0,229,236
2023-07-12 08:40:00,50.9,50.9,229,235
2023-07-12 08:42:00,51.0,51.0,230,235
2023-07-12 08:44:00,50.9,50.9,229,235
2023-07-12 08:46:00,51.0,51.0,229,235
2023-07-12 08:48:00,51.0,51.0,230,235
2023-07-12 08:50:00,50.7,50.8,230,235
2023-07-12 08:52:00,50.8,50.7,228,234
2023-07-12 08:54:00,50.8,50.7,228,234
2023-07-12 08:56:00,50.9,50.9,229,234
2023-07-12 08:58:00,51.0,50.9,228,233
2023-07-12 09:00:00,50.8,50.8,228,233
2023-07-12 09:02:00,50.8,50.8,228,234
2023-07-12 09:04:00,51.0,51.0,228,234
2023-07-12 09:06:00,50.9,50.9,228,233
2023-07-12 09:08:00,50.7,50.8,228,233
2023-07-12 09:10:00,50.9,50.9,228,233
2023-07-12 09:12:00,51.0,50.9,227,233
2023-07-12 09:14:00,50.9,50.7,228,233
2023-07-12 09:16:00,50.7,50.7,228,233
2023-07-12 09:18:00,50.7,50.7,228,233
2023-07-12 09:20:00,50.7,50.6,226,233
2023-07-12 09:22:00,50.7,50.8,228,233
2023-07-12 09:24:00,50.7,50.8,228,233
2023-07-12 09:26:00,50.8,50.8,228,233
2023-07-12 09:28:00,51.0,51.1,227,233
2023-07-12 09:30:00,50.9,50.8,224,231
2023-07-12 09:32:00,50.9,50.9,228,232
2023-07-12 09:34:00,50.9,50.7,226,232
2023-07-12 09:36:00,50.8,50.8,226,232
2023-07-12 09:38:00,50.7,50.7,227,232
2023-07-12 09:40:00,50.8,50.8,227,232
2023-07-12 09:42:00,50.8,50.7,227,232
2023-07-12 09:44:00,50.8,50.8,227,233
2023-07-12 09:46:00,50.7,50.7,228,233
2023-07-12 09:48:00,50.9,50.9,227,232
2023-07-12 09:50:00,50.9,50.8,227,232
2023-07-12 09:52:00,50.9,50.8,228,233
2023-07-12 09:54:00,51.0,51.0,228,233
2023-07-12 09:56:00,50.5,50.5,226,233
2023-07-12 09:58:00,50.3,50.3,226,232
2023-07-12 10:00:00,50.5,50.5,227,232
2023-07-12 10:02:00,50.4,50.6,227,232
2023-07-12 10:04:00,50.5,50.4,227,233
2023-07-12 10:06:00,50.3,50.3,227,231
2023-07-12 10:08:00,50.3,50.3,227,231
2023-07-12 10:10:00,50.2,50.1,226,231
2023-07-12 10:12:00,50.1,50.1,221,230
2023-07-12 10:14:00,50.2,50.2,223,232
2023-07-12 10:16:00,50.2,50.2,226,232
2023-07-12 10:18:00,50.3,50.3,227,233
2023-07-12 10:20:00,50.3,50.2,227,232
2023-07-12 10:22:00,50.4,50.5,228,233
2023-07-12 10:24:00,50.3,50.3,226,232
2023-07-12 10:26:00,50.3,50.3,226,232
2023-07-12 10:28:00,50.2,50.3,227,233
2023-07-12 10:30:00,50.2,50.2,226,232
2023-07-12 10:32:00,50.2,50.2,226,233
2023-07-12 10:34:00,50.1,50.0,228,233
2023-07-12 10:36:00,50.3,50.3,226,231
2023-07-12 10:38:00,50.5,50.4,226,232
2023-07-12 10:40:00,50.3,50.3,226,232
2023-07-12 10:42:00,50.3,50.3,228,233
2023-07-12 10:44:00,50.3,50.1,226,231
2023-07-12 10:46:00,50.3,50.4,226,233
2023-07-12 10:48:00,49.9,50.0,225,231
2023-07-12 10:50:00,49.9,50.0,226,231
2023-07-12 10:52:00,50.0,50.0,225,231
2023-07-12 10:54:00,50.1,50.1,226,231
2023-07-12 10:56:00,50.2,50.0,226,232
2023-07-12 10:58:00,50,50.0,227,232
2023-07-12 11:00:00,50.1,50.0,226,232
2023-07-12 11:02:00,50.1,50.0,226,232
2023-07-12 11:04:00,50.0,49.9,226,231
2023-07-12 11:06:00,50.0,50.0,226,232
2023-07-12 11:08:00,50.3,50.3,226,232
2023-07-12 11:10:00,50.1,50.2,223,232
2023-07-12 11:12:00,50.2,50.2,223,231
2023-07-12 11:14:00,50.0,50.0,219,230
2023-07-12 11:16:00,50.1,50.2,223,231
2023-07-12 11:18:00,50.2,50.2,223,231
2023-07-12 11:20:00,50.1,50.0,221,230
2023-07-12 11:22:00,50.0,50.1,226,231
2023-07-12 11:24:00,50.1,50.2,226,231
2023-07-12 11:26:00,50.2,50.1,227,231
2023-07-12 11:28:00,50.2,50.2,226,231
2023-07-12 11:30:00,50.1,50.1,221,230
2023-07-12 11:32:00,50.0,49.9,219,229
2023-07-12 11:34:00,50.2,50.1,224,230
2023-07-12 11:36:00,50.2,50.2,225,231
2023-07-12 11:38:00,50.1,50.0,226,231
2023-07-12 11:40:00,50.2,50.2,225,230
2023-07-12 11:42:00,50.2,50.2,225,230
2023-07-12 11:44:00,50.1,50.1,224,230
2023-07-12 11:46:00,50.1,50.1,224,230
2023-07-12 11:48:00,50.1,50.1,226,231
2023-07-12 11:50:00,49.9,50.1,225,230
2023-07-12 11:52:00,50.0,50.1,226,231
2023-07-12 11:54:00,50.1,50.1,225,231
2023-07-12 11:56:00,50.1,50.2,226,231
2023-07-12 11:58:00,50.0,49.9,226,231
2023-07-12 12:00:00,50.2,50.3,228,233
2023-07-12 12:02:00,50.3,50.4,228,233
2023-07-12 12:04:00,50.5,50.5,228,233
2023-07-12 12:06:00,50.2,50.3,227,233
2023-07-12 12:08:00,50.4,50.3,226,231
2023-07-12 12:10:00,50.2,50.3,228,233
2023-07-12 12:12:00,50.5,50.5,226,233
2023-07-12 12:14:00,50.4,50.5,227,233
2023-07-12 12:16:00,50.5,50.4,227,232
2023-07-12 12:18:00,50.5,50.4,228,233
2023-07-12 12:20:00,50.2,50.3,226,231
2023-07-12 12:22:00,50.2,50.2,226,231
2023-07-12 12:24:00,50.3,50.2,226,230
2023-07-12 12:26:00,50.3,50.3,226,230
2023-07-12 12:28:00,50.1,50.1,223,228
2023-07-12 12:30:00,50.3,50.3,225,229
2023-07-12 12:32:00,50.3,50.3,222,229
2023-07-12 12:34:00,50.0,50.0,221,229
2023-07-12 12:36:00,50.1,50.1,225,230
2023-07-12 12:38:00,50.2,50.2,224,229
2023-07-12 12:40:00,50.3,50.3,226,230
2023-07-12 12:42:00,50.2,50.1,224,230
2023-07-12 12:44:00,50.2,50.2,224,229
2023-07-12 12:46:00,50.0,50.0,226,231
2023-07-12 12:48:00,50.0,50.2,225,231
2023-07-12 12:50:00,50.2,50.3,226,230
2023-07-12 12:52:00,50.0,50.0,226,228
2023-07-12 12:54:00,50.1,50.1,227,231
2023-07-12 12:56:00,49.8,50.0,227,231
2023-07-12 12:58:00,50.0,50.0,226,231
2023-07-12 13:00:00,49.9,49.9,226,229
2023-07-12 13:02:00,49.9,49.8,227,231
2023-07-12 13:04:00,49.8,49.9,226,228
2023-07-12 13:06:00,50.1,50.2,227,230
2023-07-12 13:08:00,50.1,50.1,226,230
2023-07-12 13:10:00,50.0,50.1,226,228
2023-07-12 13:12:00,50.2,50.1,225,231
2023-07-12 13:14:00,50.2,50.2,225,231
2023-07-12 13:16:00,50.2,50.3,227,231
2023-07-12 13:18:00,50.1,50.1,227,231
2023-07-12 13:20:00,50.2,50.1,226,229
2023-07-12 13:22:00,50.4,50.2,226,230
2023-07-12 13:24:00,50.4,50.4,227,231
2023-07-12 13:26:00,50.4,50.4,226,231
2023-07-12 13:28:00,50.2,50.3,227,232
2023-07-12 13:30:00,50.5,50.5,227,231
2023-07-12 13:32:00,50.5,50.4,227,230
2023-07-12 13:34:00,50.5,50.4,222,228
2023-07-12 13:36:00,50.5,50.4,227,230
2023-07-12 13:38:00,50.5,50.5,226,230
2023-07-12 13:40:00,50.5,50.6,227,231
2023-07-12 13:42:00,50.5,50.5,226,231
2023-07-12 13:44:00,50.6,50.6,227,230
2023-07-12 13:46:00,50.3,50.4,228,231
2023-07-12 13:48:00,50.5,50.6,226,231
2023-07-12 13:50:00,50.5,50.6,226,229
2023-07-12 13:52:00,50.5,50.4,226,231
2023-07-12 13:54:00,50.5,50.5,228,232
2023-07-12 13:56:00,50.4,50.3,226,232
2023-07-12 13:58:00,50.3,50.2,226,233
2023-07-12 14:00:00,50.6,50.7,228,231
2023-07-12 14:02:00,50.5,50.5,228,233
2023-07-12 14:04:00,50.8,50.7,227,232
2023-07-12 14:06:00,50.8,50.7,228,233
2023-07-12 14:08:00,50.5,50.6,228,233
2023-07-12 14:10:00,50.7,50.7,228,233
2023-07-12 14:12:00,50.6,50.6,228,233
2023-07-12 14:14:00,50.8,50.7,227,232
2023-07-12 14:16:00,50.6,50.6,228,233
2023-07-12 14:18:00,50.5,50.5,226,232
2023-07-12 14:20:00,50.5,50.5,228,232
2023-07-12 14:22:00,50.3,50.4,229,233
2023-07-12 14:24:00,50.2,50.2,228,233
2023-07-12 14:26:00,50.2,50.1,228,233
2023-07-12 14:28:00,49.9,49.9,226,232
2023-07-12 14:30:00,50.3,50.2,228,232
2023-07-12 14:32:00,50.3,50.2,227,232
2023-07-12 14:34:00,50.3,50.2,227,232
2023-07-12 14:36:00,50.2,50.2,226,232
2023-07-12 14:38:00,50.2,50.2,227,232
2023-07-12 14:40:00,50.2,50.4,227,232
2023-07-12 14:42:00,50.5,50.3,227,232
2023-07-12 14:44:00,50.3,50.4,227,232
2023-07-12 14:46:00,50.2,50.2,226,231
2023-07-12 14:48:00,50.3,50.3,226,231
2023-07-12 14:50:00,50.2,50.2,226,231
2023-07-12 14:52:00,50.2,50.1,227,231
2023-07-12 14:54:00,50.0,50.0,227,231
2023-07-12 14:56:00,49.7,49.7,222,229
2023-07-12 14:58:00,49.9,49.8,226,231
2023-07-12 15:00:00,49.9,49.9,228,232
2023-07-12 15:02:00,49.9,49.8,227,231
2023-07-12 15:04:00,49.8,49.9,226,231
2023-07-12 15:06:00,49.9,49.9,226,231
2023-07-12 15:08:00,49.8,49.8,227,231
2023-07-12 15:10:00,50.1,49.9,226,231
2023-07-12 15:12:00,50.1,50.0,226,231
2023-07-12 15:14:00,49.9,50.0,226,231
2023-07-12 15:16:00,50.0,49.9,223,230
2023-07-12 15:18:00,50.0,49.9,222,230
2023-07-12 15:20:00,50.0,50.0,226,229
2023-07-12 15:22:00,50.3,50.2,227,231
2023-07-12 15:24:00,50.1,50.1,226,231
2023-07-12 15:26:00,50.1,50.2,226,231
2023-07-12 15:28:00,50.2,50.2,226,231
2023-07-12 15:30:00,50.1,50.2,226,230
2023-07-12 15:32:00,50.0,50.2,225,230
2023-07-12 15:34:00,50.2,50.2,226,231
2023-07-12 15:36:00,50.1,50.2,226,230
2023-07-12 15:38:00,50.2,50.2,227,231
2023-07-12 15:40:00,50.2,50.3,228,232
2023-07-12 15:42:00,50.5,50.4,228,233
2023-07-12 15:44:00,50.3,50.3,228,233
2023-07-12 15:46:00,50.3,50.3,224,231
2023-07-12 15:48:00,50.4,50.2,223,231
2023-07-12 15:50:00,50.3,50.4,223,231
2023-07-12 15:52:00,50.3,50.3,228,232
2023-07-12 15:54:00,50.3,50.3,228,232
2023-07-12 15:56:00,50.3,50.3,228,233
2023-07-12 15:58:00,50.5,50.4,228,233
2023-07-12 16:00:00,50.2,50.3,227,232
2023-07-12 16:02:00,50.6,50.6,228,232
2023-07-12 16:04:00,50.7,50.7,227,231
2023-07-12 16:06:00,50.7,50.7,228,233
2023-07-12 16:08:00,50.0,50.1,191,192
2023-07-12 16:10:00,50.4,50.5,193,194
2023-07-12 16:12:00,50.5,50.4,192,194
2023-07-12 16:14:00,50.0,50.0,189,189
2023-07-12 16:16:00,50.2,50.2,188,192
2023-07-12 16:18:00,50.3,50.3,185,188
2023-07-12 16:20:00,49.9,50.0,185,187
2023-07-12 16:22:00,50.2,50.2,185,187
2023-07-12 16:24:00,50.2,50.2,187,191
2023-07-12 16:26:00,50.0,50.0,186,189
2023-07-12 16:28:00,50.0,50.0,184,186
2023-07-12 16:30:00,50.2,50.3,182,187
2023-07-12 16:32:00,50.6,50.6,187,193
2023-07-12 16:34:00,50.3,50.3,189,194
2023-07-12 16:36:00,50.1,50.2,187,192
2023-07-12 16:38:00,50.5,50.5,199,204
2023-07-12 16:40:00,50.5,50.4,204,206
2023-07-12 16:42:00,50.5,50.5,197,202
2023-07-12 16:44:00,50.4,50.4,194,199
2023-07-12 16:46:00,50.3,50.2,195,199
2023-07-12 16:48:00,50.6,50.6,192,199
2023-07-12 16:50:00,50.5,50.4,194,199
2023-07-12 16:52:00,50.1,50.1,191,196
2023-07-12 16:54:00,50.3,50.3,192,197
2023-07-12 16:56:00,50.3,50.3,197,199
2023-07-12 16:58:00,50.5,50.4,199,202
2023-07-12 17:00:00,50.3,50.3,197,199
2023-07-12 17:02:00,50.3,50.3,196,198
2023-07-12 17:04:00,50.2,50.1,194,196
2023-07-12 17:06:00,50.3,50.3,194,195
2023-07-12 17:08:00,50.2,50.2,192,194
2023-07-12 17:10:00,50.6,50.6,191,194
2023-07-12 17:12:00,50.2,50.2,190,192
2023-07-12 17:14:00,50.3,50.2,194,196
2023-07-12 17:16:00,50.3,50.3,195,197
2023-07-12 17:18:00,50.4,50.4,194,197
2023-07-12 17:20:00,50.1,50.1,194,196
2023-07-12 17:22:00,50.3,50.3,194,197
2023-07-12 17:24:00,50.3,50.3,192,194
2023-07-12 17:26:00,50.2,50.2,190,192
2023-07-12 17:28:00,50.5,50.6,190,191
2023-07-12 17:30:00,50.3,50.3,193,195
2023-07-12 17:32:00,50.3,50.2,190,192
2023-07-12 17:34:00,50.4,50.4,192,195
2023-07-12 17:36:00,50.4,50.3,194,197
2023-07-12 17:38:00,50.5,50.4,194,197
2023-07-12 17:40:00,50.3,50.3,196,198
2023-07-12 17:42:00,50.4,50.5,195,197
2023-07-12 17:44:00,50.2,50.2,190,192
2023-07-12 17:46:00,50.2,50.2,191,193
2023-07-12 17:48:00,50.2,50.2,197,198
2023-07-12 17:50:00,50.5,50.4,194,195
2023-07-12 17:52:00,50.3,50.4,194,197
2023-07-12 17:54:00,50.3,50.4,193,195
2023-07-12 17:56:00,50.1,50.1,191,193
2023-07-12 17:58:00,50.3,50.3,182,184
2023-07-12 18:00:00,50.2,50.1,182,185
2023-07-12 18:02:00,50.2,50.2,186,187
2023-07-12 18:04:00,50.3,50.4,190,192
2023-07-12 18:06:00,50.2,50.2,188,190
2023-07-12 18:08:00,50.1,50.2,184,185
2023-07-12 18:10:00,50.4,50.4,190,192
2023-07-12 18:12:00,50.2,50.2,182,185
2023-07-12 18:14:00,50.3,50.3,187,190
2023-07-12 18:16:00,50.2,50.2,191,193
2023-07-12 18:18:00,50.1,50.1,185,187
2023-07-12 18:20:00,49.8,49.8,187,190
2023-07-12 18:22:00,49.9,49.9,180,182
2023-07-12 18:24:00,50.2,50.3,185,187
2023-07-12 18:26:00,50.0,50.1,181,182
2023-07-12 18:28:00,50.3,50.3,182,185
2023-07-12 18:30:00,50.2,50.2,184,187
2023-07-12 18:32:00,50.1,50.1,184,185
2023-07-12 18:34:00,49.8,49.9,182,185
2023-07-12 18:36:00,50.0,50.0,183,185
2023-07-12 18:38:00,49.8,49.9,188,189
2023-07-12 18:40:00,50.1,50.2,188,189
2023-07-12 18:42:00,49.9,49.9,192,194
2023-07-12 18:44:00,49.9,50.0,189,191
2023-07-12 18:46:00,49.8,49.8,192,192
2023-07-12 18:48:00,49.9,49.9,187,189
2023-07-12 18:50:00,50.0,50.0,186,188
2023-07-12 18:52:00,50.0,50.0,186,189
2023-07-12 18:54:00,50.2,50.2,192,194
2023-07-12 18:56:00,50.0,50.0,193,195
2023-07-12 18:58:00,50.0,50.0,192,194
2023-07-12 19:00:00,50.2,50.2,194,196
2023-07-12 19:02:00,50.1,50.1,192,195
2023-07-12 19:04:00,49.9,49.8,189,191
2023-07-12 19:06:00,50.2,50.2,192,193
2023-07-12 19:08:00,50.0,50.0,192,194
2023-07-12 19:10:00,49.9,50.0,192,194
2023-07-12 19:12:00,49.8,49.8,192,194
2023-07-12 19:14:00,50.3,50.3,197,199
2023-07-12 19:16:00,50.1,50.0,197,199
2023-07-12 19:18:00,50.2,50.2,194,195
2023-07-12 19:20:00,50.3,50.2,195,197
2023-07-12 19:22:00,50.2,50.3,197,198
2023-07-12 19:24:00,50.2,50.2,197,198
2023-07-12 19:26:00,50.1,50.2,196,198
2023-07-12 19:28:00,50.2,50.2,196,197
2023-07-12 19:30:00,50.3,50.3,194,197
2023-07-12 19:32:00,50.2,50.2,195,197
2023-07-12 19:34:00,50.4,50.3,197,199
2023-07-12 19:36:00,50.2,50.2,197,198
2023-07-12 19:38:00,49.9,49.9,191,193
2023-07-12 19:40:00,50.2,50.3,193,194
2023-07-12 19:42:00,50.2,50.1,192,194
2023-07-12 19:44:00,50.3,50.3,194,195
2023-07-12 19:46:00,50.3,50.3,192,194
2023-07-12 19:48:00,50.4,50.4,195,197
2023-07-12 19:50:00,50.2,50.2,198,199
2023-07-12 19:52:00,50.0,50.0,191,196
2023-07-12 19:54:00,50.3,50.3,197,199
2023-07-12 19:56:00,50.3,50.2,197,197
2023-07-12 19:58:00,50.1,5556,196,0.707
2023-07-12 20:00:00,50.4,3279,195,0
2023-07-12 20:02:00,50.2,4367,199,0
2023-07-12 20:04:00,50.2,3584,202,0
2023-07-12 20:06:00,50.2,3937,201,0
2023-07-12 20:08:00,50.3,6452,200,0.707
2023-07-12 20:10:00,50.4,4926,202,0
2023-07-12 20:12:00,50.4,6536,199,0
2023-07-12 20:14:00,50.3,3571,199,0
2023-07-12 20:16:00,50.3,915,197,0
2023-07-12 20:18:00,50.1,5618,191,0
2023-07-12 20:20:00,50.4,3030,195,0
2023-07-12 20:22:00,50.2,6536,197,0
2023-07-12 20:24:00,50.5,5618,199,0.707
2023-07-12 20:26:00,50.2,3937,200,0
2023-07-12 20:28:00,50.4,3559,199,0
2023-07-12 20:30:00,50.3,4926,200,0
2023-07-12 20:32:00,50.3,9804,200,0
2023-07-12 20:34:00,50.2,4926,199,0
2023-07-12 20:36:00,50.6,3937,204,0
2023-07-12 20:38:00,50.4,6536,201,0.707
2023-07-12 20:40:00,50.4,5618,200,0.707
2023-07-12 20:42:00,50.3,7874,199,0.707
2023-07-12 20:44:00,50.1,1876,201,0.707
2023-07-12 20:46:00,50.4,1311,198,0
2023-07-12 20:48:00,50.5,3571,199,0
2023-07-12 20:50:00,50.3,6579,200,0.707
2023-07-12 20:52:00,50.5,4367,199,0.707
2023-07-12 20:54:00,50.3,5618,199,0.707
2023-07-12 20:56:00,50.3,3906,198,0
2023-07-12 20:58:00,50.3,5587,202,0.707
2023-07-12 21:00:00,50.2,6579,199,0.707
2023-07-12 21:02:00,50.4,5618,201,0
2023-07-12 21:04:00,50.5,5618,200,0.707
2023-07-12 21:06:00,50.4,3584,200,0
2023-07-12 21:08:00,50.4,4902,201,0.707
2023-07-12 21:10:00,50.4,1124,193,0
2023-07-12 21:12:00,50.3,2193,199,0.707
2023-07-12 21:14:00,50.3,7874,197,0.707
2023-07-12 21:16:00,50.4,2625,200,0.707
2023-07-12 21:18:00,50.4,4854,201,0.707
2023-07-12 21:20:00,50.5,1272,202,0.707
2023-07-12 21:22:00,50.2,4329,200,0.707
2023-07-12 21:24:00,50.5,4329,199,0.707
2023-07-12 21:26:00,50.3,7874,197,0
2023-07-12 21:28:00,50.5,820,197,0.707
2023-07-12 21:30:00,50.7,7874,200,0
2023-07-12 21:32:00,50.6,5587,198,0
2023-07-12 21:34:00,49.9,5618,196,0
2023-07-12 21:36:00,50.1,3584,198,0.707
2023-07-12 21:38:00,50.1,5618,199,0
2023-07-12 21:40:00,50.2,7874,201,0
2023-07-12 21:42:00,50.2,3571,200,0.707
2023-07-12 21:44:00,50.1,2625,199,0
2023-07-12 21:46:00,50.0,4926,201,0.707
2023-07-12 21:48:00,49.9,6536,203,0.707
2023-07-12 21:50:00,50.1,1567,205,0
2023-07-12 21:52:00,50.3,3584,203,0
2023-07-12 21:54:00,50.1,9804,197,0
2023-07-12 21:56:00,50.3,6536,206,0.707
2023-07-12 21:58:00,50.2,9804,204,0
2023-07-12 22:00:00,50.2,5618,204,0
2023-07-12 22:02:00,50.1,1577,202,0
2023-07-12 22:04:00,50.3,6579,206,0.707
2023-07-12 22:06:00,50.0,1192,205,0.707
2023-07-12 22:08:00,50.2,9804,207,0.707
2023-07-12 22:10:00,50.2,7874,206,0.707
2023-07-12 22:12:00,50.5,895,207,0.707
2023-07-12 22:14:00,50.3,1969,209,0.707
2023-07-12 22:16:00,50.3,7874,208,0
2023-07-12 22:18:00,50.2,3012,202,0
2023-07-12 22:20:00,50.1,4926,208,0.707
2023-07-12 22:22:00,50.1,3012,210,0
2023-07-12 22:24:00,50.5,3571,211,0
2023-07-12 22:26:00,50.4,2309,211,0.707
2023-07-12 22:28:00,50.2,50.2,212,213
2023-07-12 22:30:00,50.5,50.5,211,211
2023-07-12 22:32:00,50.3,50.3,210,211
2023-07-12 22:34:00,50.2,50.1,212,213
2023-07-12 22:36:00,50.2,50.2,212,213
2023-07-12 22:38:00,50.3,50.3,207,210
2023-07-12 22:40:00,50.4,50.4,214,214
2023-07-12 22:42:00,50.4,50.4,213,214
2023-07-12 22:44:00,50.4,50.4,213,214
2023-07-12 22:46:00,50.3,50.4,212,213
2023-07-12 22:48:00,50.2,50.1,213,213
2023-07-12 22:50:00,50.2,50.3,213,214
2023-07-12 22:52:00,50.6,50.5,214,214
2023-07-12 22:54:00,50.4,50.4,214,214
2023-07-12 22:56:00,50.3,50.3,214,214
2023-07-12 22:58:00,50.2,50.2,212,213
2023-07-12 23:00:00,50.2,50.2,212,214
2023-07-12 23:02:00,50.2,50.2,211,212
2023-07-12 23:04:00,50.4,50.4,211,213
2023-07-12 23:06:00,50.6,50.6,212,214
2023-07-12 23:08:00,50.5,50.5,211,213
2023-07-12 23:10:00,50.5,50.5,213,214
2023-07-12 23:12:00,50.4,50.4,213,214
2023-07-12 23:14:00,50.2,50.2,214,215
2023-07-12 23:16:00,50.4,50.4,214,216
2023-07-12 23:18:00,50.5,50.5,214,215
2023-07-12 23:20:00,50.4,50.4,215,216
2023-07-12 23:22:00,50.5,50.4,215,216
2023-07-12 23:24:00,50.6,50.7,209,213
2023-07-12 23:26:00,50.6,50.6,216,217
2023-07-12 23:28:00,50.4,50.4,216,217
2023-07-12 23:30:00,50.5,50.5,217,218
2023-07-12 23:32:00,50.5,50.5,215,217
2023-07-12 23:34:00,50.7,50.8,217,219
2023-07-12 23:36:00,50.7,50.7,217,219
2023-07-12 23:38:00,50.4,50.5,218,219
2023-07-12 23:40:00,50.5,50.5,218,219
2023-07-12 23:42:00,50.5,50.5,219,220
2023-07-12 23:44:00,50.5,50.4,218,219
2023-07-12 23:46:00,50.5,50.5,218,219
2023-07-12 23:48:00,50.4,50.4,219,221
2023-07-12 23:50:00,50.5,50.6,220,221
2023-07-12 23:52:00,50.7,50.7,218,219
2023-07-12 23:54:00,50.4,50.5,219,220
2023-07-12 23:56:00,50.4,50.4,218,219
2023-07-12 23:58:00,50.4,50.4,217,219
2023-07-13 00:00:00,50.4,50.4,219,221
2023-07-13 00:02:00,50.5,50.6,219,221
2023-07-13 00:04:00,50.6,50.5,219,221
2023-07-13 00:06:00,50.7,50.7,218,220
2023-07-13 00:08:00,50.6,50.6,219,220
2023-07-13 00:10:00,50.3,50.3,219,220
2023-07-13 00:12:00,50.2,50.2,221,222
2023-07-13 00:14:00,50.0,50.0,219,221
2023-07-13 00:16:00,50.1,50.1,220,221
2023-07-13 00:18:00,50.3,50.2,219,221
2023-07-13 00:20:00,50.4,50.4,222,223
2023-07-13 00:22:00,50.2,50.2,222,223
2023-07-13 00:24:00,49.8,49.9,221,223
2023-07-13 00:26:00,50.0,50.0,221,223
2023-07-13 00:28:00,50.1,50.1,221,222
2023-07-13 00:30:00,50.2,50.0,222,223
2023-07-13 00:32:00,49.9,50.0,221,223
2023-07-13 00:34:00,50.0,50.0,221,222
2023-07-13 00:36:00,50.2,50.2,220,222
2023-07-13 00:38:00,50.3,50.2,220,221
2023-07-13 00:40:00,50.3,50.3,221,223
2023-07-13 00:42:00,50.2,50.2,221,223
2023-07-13 00:44:00,50.1,50.1,222,223
2023-07-13 00:46:00,50.1,50.2,222,223
2023-07-13 00:48:00,50.3,50.4,222,223
2023-07-13 00:50:00,50.2,50.2,223,225
2023-07-13 00:52:00,50.3,50.3,223,223
2023-07-13 00:54:00,50.3,50.4,223,224
2023-07-13 00:56:00,49.9,50.0,223,223
2023-07-13 00:58:00,50.2,50.2,220,222
2023-07-13 01:00:00,49.9,50.0,221,222
2023-07-13 01:02:00,50.1,50.1,221,222
2023-07-13 01:04:00,50.3,50.3,221,223
2023-07-13 01:06:00,50.6,50.5,222,223
2023-07-13 01:08:00,50.3,50.3,221,223
2023-07-13 01:10:00,50.2,50.3,223,223
2023-07-13 01:12:00,50.3,50.3,223,225
2023-07-13 01:14:00,50.2,50.2,223,225
2023-07-13 01:16:00,50.2,50.1,223,225
2023-07-13 01:18:00,50.1,50.1,222,223
2023-07-13 01:20:00,50.3,50.3,222,223
2023-07-13 01:22:00,50.1,50.1,222,223
2023-07-13 01:24:00,50.2,50.2,223,224
2023-07-13 01:26:00,50.3,50.3,223,224
2023-07-13 01:28:00,50.5,50.5,221,222
2023-07-13 01:30:00,50.3,50.2,223,223
2023-07-13 01:32:00,50.2,50.2,222,223
2023-07-13 01:34:00,49.9,50.0,222,223
2023-07-13 01:36:00,50.4,50.4,223,224
2023-07-13 01:38:00,50.1,50.1,222,223
2023-07-13 01:40:00,50.3,50.3,221,223
2023-07-13 01:42:00,50.2,50.3,222,223
2023-07-13 01:44:00,50.0,50.0,221,222
2023-07-13 01:46:00,50.5,50.4,221,223
2023-07-13 01:48:00,50.3,50.3,221,223
2023-07-13 01:50:00,50.0,50.0,221,222
2023-07-13 01:52:00,50.3,50.4,221,222
2023-07-13 01:54:00,50.0,50.0,221,222
2023-07-13 01:56:00,50.6,50.6,221,222
2023-07-13 01:58:00,50.2,50.1,221,222
2023-07-13 02:00:00,50.5,50.5,221,222
2023-07-13 02:02:00,50.4,50.3,222,223
2023-07-13 02:04:00,50.2,50.2,222,224
2023-07-13 02:06:00,50.2,50.2,222,224
2023-07-13 02:08:00,50.1,50.1,221,223
2023-07-13 02:10:00,50.4,50.3,220,222
2023-07-13 02:12:00,50.1,50.1,221,223
2023-07-13 02:14:00,50.4,50.3,223,224
2023-07-13 02:16:00,50.3,50.2,222,223
2023-07-13 02:18:00,50.4,50.3,223,224
2023-07-13 02:20:00,50.3,50.4,223,225
2023-07-13 02:22:00,50.3,50.2,222,223
2023-07-13 02:24:00,50.1,50.1,222,223
2023-07-13 02:26:00,50.4,50.5,223,224
2023-07-13 02:28:00,50.1,50.1,223,224
2023-07-13 02:30:00,50.3,50.2,222,223
2023-07-13 02:32:00,50.4,50.4,221,223
2023-07-13 02:34:00,50.2,50.2,221,222
2023-07-13 02:36:00,50.3,50.2,221,222
2023-07-13 02:38:00,50.4,50.4,222,223
2023-07-13 02:40:00,50.0,50.0,222,223
2023-07-13 02:42:00,50.2,50.2,222,223
2023-07-13 02:44:00,50.3,50.3,223,225
2023-07-13 02:46:00,50.2,50.2,222,223
2023-07-13 02:48:00,50.4,50.5,223,226
2023-07-13 02:50:00,50.2,50.1,223,225
2023-07-13 02:52:00,50.3,50.3,223,225
2023-07-13 02:54:00,50.4,50.4,222,223
2023-07-13 02:56:00,50.2,50.2,222,223
2023-07-13 02:58:00,50.3,50.3,223,224
2023-07-13 03:00:00,50.1,50.2,223,224
2023-07-13 03:02:00,50.2,50.3,221,223
2023-07-13 03:04:00,50.2,50.2,223,224
2023-07-13 03:06:00,50.5,50.5,223,224
2023-07-13 03:08:00,50.3,50.3,223,225
2023-07-13 03:10:00,50.4,50.4,224,226
2023-07-13 03:12:00,50.3,50.3,224,226
2023-07-13 03:14:00,50.3,50.4,224,226
2023-07-13 03:16:00,50.3,50.3,223,225
2023-07-13 03:18:00,49.5,49.6,222,223
2023-07-13 03:20:00,49.9,49.8,224,226
2023-07-13 03:22:00,50.3,50.4,225,226
2023-07-13 03:24:00,50.4,50.4,226,227
2023-07-13 03:26:00,50.2,50.1,226,227
2023-07-13 03:28:00,50.2,50.2,225,226
2023-07-13 03:30:00,50.4,50.4,226,228
2023-07-13 03:32:00,50.0,50,225,226
2023-07-13 03:34:00,50.3,50.3,225,226
2023-07-13 03:36:00,50.1,50.0,225,226
2023-07-13 03:38:00,50.1,50.2,223,225
2023-07-13 03:40:00,50.2,50.3,225,226
2023-07-13 03:42:00,50.1,50.1,223,226
2023-07-13 03:44:00,50.4,50.4,228,230
2023-07-13 03:46:00,50.1,50.2,225,226
2023-07-13 03:48:00,50.2,50.2,226,227
2023-07-13 03:50:00,50.0,50.1,223,225
2023-07-13 03:52:00,50.3,50.2,224,226
2023-07-13 03:54:00,50.0,50.0,226,228
2023-07-13 03:56:00,50.2,50.3,227,229
2023-07-13 03:58:00,50.0,50,224,226
2023-07-13 04:00:00,50.2,50.2,222,224
2023-07-13 04:02:00,50.2,50.3,224,226
2023-07-13 04:04:00,50.2,50.3,227,228
2023-07-13 04:06:00,50.3,50.4,227,228
2023-07-13 04:08:00,50.3,50.3,227,228
2023-07-13 04:10:00,50.2,50.3,224,226
2023-07-13 04:12:00,50.2,50.2,228,229
2023-07-13 04:14:00,50.1,50.1,228,229
2023-07-13 04:16:00,50.2,50.2,228,229
2023-07-13 04:18:00,50.0,50.0,223,224
2023-07-13 04:20:00,50.2,50.2,224,226
2023-07-13 04:22:00,50.1,50.1,227,228
2023-07-13 04:24:00,50.2,50.2,228,229
2023-07-13 04:26:00,50.2,50.2,227,229
2023-07-13 04:28:00,50.2,50.2,224,226
2023-07-13 04:30:00,50.2,50.2,228,229
2023-07-13 04:32:00,50.0,50.0,226,228
2023-07-13 04:34:00,50.2,50.2,227,229
2023-07-13 04:36:00,50.1,50.2,227,228
2023-07-13 04:38:00,50.1,50.1,224,226
2023-07-13 04:40:00,50.1,50.1,226,228
2023-07-13 04:42:00,50.2,50.2,228,230
2023-07-13 04:44:00,50.1,50.1,227,228
2023-07-13 04:46:00,50.1,50.2,228,229
2023-07-13 04:48:00,50.3,50.3,228,229
2023-07-13 04:50:00,50.2,50.3,227,228
2023-07-13 04:52:00,50.1,50.1,224,226
2023-07-13 04:54:00,50.2,50.1,227,228
2023-07-13 04:56:00,50.0,50.1,228,230
2023-07-13 04:58:00,50.2,50.1,228,230
2023-07-13 05:00:00,50.0,50.1,227,229
2023-07-13 05:02:00,50.1,50.1,225,228
2023-07-13 05:04:00,50.0,49.9,223,226
2023-07-13 05:06:00,50.0,50.1,223,226
2023-07-13 05:08:00,50.0,50.0,222,224
2023-07-13 05:10:00,50.2,50.2,222,224
2023-07-13 05:12:00,50.0,50.1,223,225
2023-07-13 05:14:00,50.1,50.1,227,228
2023-07-13 05:16:00,50.0,50,226,227
2023-07-13 05:18:00,50.1,50.1,225,226
2023-07-13 05:20:00,50.0,50.0,226,227
2023-07-13 05:22:00,50.0,50.0,226,227
2023-07-13 05:24:00,49.9,50.0,224,226
2023-07-13 05:26:00,50.0,50,219,223
2023-07-13 05:28:00,50.0,50.0,218,222
2023-07-13 05:30:00,50.0,50.0,225,226
2023-07-13 05:32:00,50.0,50.0,225,226
2023-07-13 05:34:00,50.2,50.2,225,226
2023-07-13 05:36:00,50.0,50.0,222,223
2023-07-13 05:38:00,50.2,50.2,223,224
2023-07-13 05:40:00,50.0,50.0,225,226
2023-07-13 05:42:00,50.1,50.1,225,226
2023-07-13 05:44:00,49.9,49.9,223,225
2023-07-13 05:46:00,50.0,49.9,223,224
2023-07-13 05:48:00,50.1,50.1,223,224
2023-07-13 05:50:00,50.0,50,223,224
2023-07-13 05:52:00,50.0,50.0,223,225
2023-07-13 05:54:00,50.0,49.9,220,221
2023-07-13 05:56:00,50.4,50.4,222,223
2023-07-13 05:58:00,50.3,50.2,223,223
2023-07-13 06:00:00,50.4,50.4,223,224
2023-07-13 06:02:00,50.1,50.2,222,223
2023-07-13 06:04:00,50.4,50.4,221,222
2023-07-13 06:06:00,50.3,50.3,222,223
2023-07-13 06:08:00,50.4,50.3,221,223
2023-07-13 06:10:00,50.3,50.3,219,221
2023-07-13 06:12:00,50.3,50.3,216,219
2023-07-13 06:14:00,50.2,50.2,217,220
2023-07-13 06:16:00,50.3,50.3,219,221
2023-07-13 06:18:00,50.3,50.3,219,222
2023-07-13 06:20:00,50.2,50.2,219,223
2023-07-13 06:22:00,50.3,50.3,214,220
2023-07-13 06:24:00,50.3,50.2,213,219
2023-07-13 06:26:00,50.2,50.2,208,214
2023-07-13 06:28:00,50.3,50.3,214,217
2023-07-13 06:30:00,50.2,50.2,211,214
2023-07-13 06:32:00,50.4,50.3,214,216
2023-07-13 06:34:00,50.3,50.3,219,221
2023-07-13 06:36:00,50.1,50.1,217,219
2023-07-13 06:38:00,50.2,50.2,214,217
2023-07-13 06:40:00,50.2,50.2,217,219
2023-07-13 06:42:00,50.3,50.2,214,216
2023-07-13 06:44:00,50.2,50.1,206,211
2023-07-13 06:46:00,50.1,50.1,211,215
2023-07-13 06:48:00,50.3,50.3,218,221
2023-07-13 06:50:00,50.3,50.3,216,219
2023-07-13 06:52:00,50.2,50.2,218,220
2023-07-13 06:54:00,50.3,50.3,216,219
2023-07-13 06:56:00,50.1,50.2,215,217
2023-07-13 06:58:00,49.9,49.9,215,217
2023-07-13 07:00:00,50.1,50.1,213,215
2023-07-13 07:02:00,50.1,50.1,216,219
2023-07-13 07:04:00,50.2,50.2,216,219
2023-07-13 07:06:00,50.0,50.0,212,216
2023-07-13 07:08:00,50.1,50.0,211,214
2023-07-13 07:10:00,50.2,50.2,215,218
2023-07-13 07:12:00,50.1,50.1,211,213
2023-07-13 07:14:00,50.3,50.3,210,212
2023-07-13 07:16:00,50.2,50.1,212,216
2023-07-13 07:18:00,50.2,50.2,214,217
2023-07-13 07:20:00,50.0,50.0,214,216
2023-07-13 07:22:00,49.8,49.8,215,219
2023-07-13 07:24:00,50.1,50.1,215,218
2023-07-13 07:26:00,49.9,49.9,219,220
2023-07-13 07:28:00,49.7,49.7,210,214
2023-07-13 07:30:00,49.9,49.9,211,214
2023-07-13 07:32:00,49.8,49.7,207,208
2023-07-13 07:34:00,50.0,50.0,209,211
2023-07-13 07:36:00,49.8,49.9,207,210
2023-07-13 07:38:00,50.1,50.1,209,213
2023-07-13 07:40:00,50.0,50.0,211,213
2023-07-13 07:42:00,49.8,49.8,204,211
2023-07-13 07:44:00,50.0,50.0,204,210
2023-07-13 07:46:00,49.7,49.7,211,214
2023-07-13 07:48:00,50.1,50.2,211,212
2023-07-13 07:50:00,50.1,50.1,207,210
2023-07-13 07:52:00,49.9,49.9,197,205
2023-07-13 07:54:00,50.1,50.0,211,213
2023-07-13 07:56:00,49.8,49.8,206,208
2023-07-13 07:58:00,50.9,50.8,236,240
2023-07-13 08:00:00,50.9,50.8,236,240
2023-07-13 08:02:00,50.7,50.7,233,238
2023-07-13 08:04:00,50.7,50.7,232,237
2023-07-13 08:06:00,50.9,50.9,233,238
2023-07-13 08:08:00,50.8,50.8,233,238
2023-07-13 08:10:00,50.8,50.8,233,238
2023-07-13 08:12:00,51.0,51.0,233,238
2023-07-13 08:14:00,51.1,50.9,233,238
2023-07-13 08:16:00,50.9,50.9,232,238
2023-07-13 08:18:00,50.5,50.7,232,237
2023-07-13 08:20:00,50.7,50.7,233,238
2023-07-13 08:22:00,50.8,50.8,233,238
2023-07-13 08:24:00,50.9,51.0,233,238
2023-07-13 08:26:00,50.6,50.6,231,236
2023-07-13 08:28:00,50.8,50.8,233,237
2023-07-13 08:30:00,50.7,50.8,232,237
2023-07-13 08:32:00,50.7,50.7,232,237
2023-07-13 08:34:00,50.6,50.6,233,237
2023-07-13 08:36:00,50.5,50.5,232,236
2023-07-13 08:38:00,50.5,50.5,231,236
2023-07-13 08:40:00,50.5,50.7,231,236
2023-07-13 08:42:00,50.6,50.6,231,236
2023-07-13 08:44:00,50.5,50.6,231,236
2023-07-13 08:46:00,50.9,50.9,232,237
2023-07-13 08:48:00,50.9,50.7,232,236
2023-07-13 08:50:00,51.0,51.1,233,236
2023-07-13 08:52:00,51.2,51.1,231,235
2023-07-13 08:54:00,51.0,51.0,231,236
2023-07-13 08:56:00,51.2,51.1,231,234
2023-07-13 08:58:00,51.3,51.2,231,235
2023-07-13 09:00:00,51.1,51.1,231,235
2023-07-13 09:02:00,51.3,51.3,232,236
2023-07-13 09:04:00,51.2,51.2,233,236
2023-07-13 09:06:00,51.1,51.1,231,236
2023-07-13 09:08:00,51.1,51.1,231,236
2023-07-13 09:10:00,51.2,51.1,233,237
2023-07-13 09:12:00,51.1,51.0,232,237
2023-07-13 09:14:00,51.0,51.1,231,236
2023-07-13 09:16:00,51.1,51.0,232,236
2023-07-13 09:18:00,51.0,51.0,231,235
2023-07-13 09:20:00,51.0,50.9,227,235
2023-07-13 09:22:00,50.9,51.0,230,234
2023-07-13 09:24:00,50.9,50.9,231,235
2023-07-13 09:26:00,50.9,50.9,230,235
2023-07-13 09:28:00,51.0,51.0,230,235
2023-07-13 09:30:00,51.0,51.1,231,236
2023-07-13 09:32:00,51.1,51.1,231,235
2023-07-13 09:34:00,51.0,50.9,230,235
2023-07-13 09:36:00,51.0,51.0,230,235
2023-07-13 09:38:00,51.1,50.9,231,235
2023-07-13 09:40:00,50.8,50.8,224,233
2023-07-13 09:42:00,50.8,50.9,225,233
2023-07-13 09:44:00,50.9,50.8,222,233
2023-07-13 09:46:00,50.8,50.9,226,234
2023-07-13 09:48:00,51.0,2817,229,0.707
2023-07-13 09:50:00,50.9,2188,228,0.707
2023-07-13 09:52:00,50.8,50.8,228,233
2023-07-13 09:54:00,50.7,50.7,227,233
2023-07-13 09:56:00,50.9,50.8,228,233
2023-07-13 09:58:00,50.6,50.7,230,233
2023-07-13 10:00:00,50.5,50.5,227,233
2023-07-13 10:02:00,50.6,50.7,228,233
2023-07-13 10:04:00,50.6,50.6,228,233
2023-07-13 10:06:00,50.8,50.7,229,234
2023-07-13 10:08:00,50.8,50.7,228,233
2023-07-13 10:10:00,50.3,50.4,228,233
2023-07-13 10:12:00,50.7,50.5,231,234
2023-07-13 10:14:00,50.6,50.6,231,235
2023-07-13 10:16:00,50.7,50.6,230,234
2023-07-13 10:18:00,50.5,50.5,230,235
2023-07-13 10:20:00,50.7,50.7,229,233
2023-07-13 10:22:00,50.7,50.7,228,233
2023-07-13 10:24:00,50.7,50.6,228,234
2023-07-13 10:26:00,50.7,50.8,231,234
2023-07-13 10:28:00,50.8,50.9,230,233
2023-07-13 10:30:00,50.7,50.7,228,233
2023-07-13 10:32:00,50.5,50.5,228,233
2023-07-13 10:34:00,50.5,50.5,226,233
2023-07-13 10:36:00,50.3,50.3,224,231
2023-07-13 10:38:00,50.7,50.7,229,234
2023-07-13 10:40:00,50.7,50.7,228,233
2023-07-13 10:42:00,50.5,50.6,228,233
2023-07-13 10:44:00,50.8,50.8,228,233
2023-07-13 10:46:00,50.7,50.7,228,233
2023-07-13 10:48:00,50.7,50.6,230,234
2023-07-13 10:50:00,50.5,50.4,228,233
2023-07-13 10:52:00,50.4,50.4,228,233
2023-07-13 10:54:00,50.4,50.5,230,233
2023-07-13 10:56:00,50.5,50.5,227,232
2023-07-13 10:58:00,50.3,50.3,229,233
2023-07-13 11:00:00,50.3,50.3,230,233
2023-07-13 11:02:00,50.4,50.5,230,233
2023-07-13 11:04:00,50.4,5556,229,0
2023-07-13 11:06:00,50.2,7874,225,0
2023-07-13 11:08:00,50.3,7874,225,0
2023-07-13 11:10:00,50.4,5618,225,0
2023-07-13 11:12:00,50.6,7874,229,0
2023-07-13 11:14:00,50.3,50.3,228,233
2023-07-13 11:16:00,50.4,50.2,228,233
2023-07-13 11:18:00,50.5,50.5,229,234
2023-07-13 11:20:00,50.4,50.4,228,234
2023-07-13 11:22:00,50.4,50.3,229,234
2023-07-13 11:24:00,50.4,50.5,228,234
2023-07-13 11:26:00,50.4,50.5,229,234
2023-07-13 11:28:00,50.0,50.1,228,233
2023-07-13 11:30:00,50.0,50.0,229,233
2023-07-13 11:32:00,50.1,50.1,228,233
2023-07-13 11:34:00,50.1,50.2,228,233
2023-07-13 11:36:00,50.0,50.0,224,233
2023-07-13 11:38:00,50.1,50.1,228,233
2023-07-13 11:40:00,50.1,50.1,228,233
2023-07-13 11:42:00,50.0,49.9,227,232
2023-07-13 11:44:00,50.1,50.2,228,233
2023-07-13 11:46:00,50.1,50.1,226,232
2023-07-13 11:48:00,50.2,50.2,228,233
2023-07-13 11:50:00,50.2,50.0,227,233
2023-07-13 11:52:00,50.1,50.1,228,233
2023-07-13 11:54:00,50.0,49.9,226,232
2023-07-13 11:56:00,50.2,50.2,227,233
2023-07-13 11:58:00,50.2,50.1,227,233
2023-07-13 12:00:00,50.1,50.1,227,232
2023-07-13 12:02:00,50.2,50.2,227,233
2023-07-13 12:04:00,50.2,50.2,226,232
2023-07-13 12:06:00,50.2,50.2,228,233
2023-07-13 12:08:00,50.3,50.2,228,233
2023-07-13 12:10:00,50.2,50.2,228,233
2023-07-13 12:12:00,50.3,50.2,227,233
2023-07-13 12:14:00,50.3,50.3,227,233
2023-07-13 12:16:00,50.2,50.2,227,232
2023-07-13 12:18:00,50.2,50.2,227,232
2023-07-13 12:20:00,50.2,50.2,228,231
2023-07-13 12:22:00,50.0,49.8,226,231
2023-07-13 12:24:00,50.2,50.2,226,231
2023-07-13 12:26:00,50.1,50.0,227,230
2023-07-13 12:28:00,50.0,50.0,226,231
2023-07-13 12:30:00,50.0,50.0,226,231
2023-07-13 12:32:00,49.9,49.9,227,231
2023-07-13 12:34:00,50.2,50.2,226,230
2023-07-13 12:36:00,50.2,50.2,226,230
2023-07-13 12:38:00,49.8,49.8,225,229
2023-07-13 12:40:00,49.8,49.8,224,228
2023-07-13 12:42:00,50.1,50.1,226,228
2023-07-13 12:44:00,50.1,50.2,223,228
2023-07-13 12:46:00,50.0,50.0,224,229
2023-07-13 12:48:00,50.0,50.0,226,230
2023-07-13 12:50:00,50.0,50.0,225,228
2023-07-13 12:52:00,50.1,50.1,224,228
2023-07-13 12:54:00,50.1,50.1,224,228
2023-07-13 12:56:00,50.1,2801,226,0
2023-07-13 12:58:00,50.0,9804,225,0
2023-07-13 13:00:00,50.1,3559,226,0
2023-07-13 13:02:00,50.0,9804,225,0
2023-07-13 13:04:00,50.2,50.2,226,231
2023-07-13 13:06:00,50.0,50.2,224,231
2023-07-13 13:08:00,50.0,50.0,225,231
2023-07-13 13:10:00,50.2,2817,224,0
2023-07-13 13:12:00,50,4367,226,0
2023-07-13 13:14:00,50.0,50.0,226,231
2023-07-13 13:16:00,50.0,50.1,225,231
2023-07-13 13:18:00,50.0,50.0,225,231
2023-07-13 13:20:00,50.2,50.1,226,231
2023-07-13 13:22:00,50.2,50.2,226,232
2023-07-13 13:24:00,50.2,50.2,226,232
2023-07-13 13:26:00,50.3,50.3,226,231
2023-07-13 13:28:00,50.2,50.3,227,232
2023-07-13 13:30:00,50.2,50.3,226,231
2023-07-13 13:32:00,50.4,50.2,226,231
2023-07-13 13:34:00,50.3,50.3,226,231
2023-07-13 13:36:00,50.2,50.2,228,232
2023-07-13 13:38:00,50.3,50.3,227,231
2023-07-13 13:40:00,50.4,50.3,227,232
2023-07-13 13:42:00,50.3,50.4,228,232
2023-07-13 13:44:00,49.9,49.9,226,230
2023-07-13 13:46:00,49.9,49.9,226,231
2023-07-13 13:48:00,49.9,50.0,226,231
2023-07-13 13:50:00,49.9,49.9,226,231
2023-07-13 13:52:00,50.2,50.1,227,232
2023-07-13 13:54:00,50.2,50.1,226,232
2023-07-13 13:56:00,50.2,50.2,227,233
2023-07-13 13:58:00,50.2,50.3,228,233
2023-07-13 14:00:00,50.2,50.2,227,231
2023-07-13 14:02:00,50.2,50.0,227,231
2023-07-13 14:04:00,50.1,50.2,227,231
2023-07-13 14:06:00,50.2,50.3,229,233
2023-07-13 14:08:00,50.3,50.2,228,231
2023-07-13 14:10:00,50.2,50.2,226,231
2023-07-13 14:12:00,50.3,50.3,227,230
2023-07-13 14:14:00,50.2,50.2,227,231
2023-07-13 14:16:00,50.1,50.3,226,231
2023-07-13 14:18:00,50.3,50.3,227,232
2023-07-13 14:20:00,50.2,50.2,227,230
2023-07-13 14:22:00,50.3,50.2,227,232
2023-07-13 14:24:00,50.2,50.3,227,232
2023-07-13 14:26:00,50.2,50.3,228,233
2023-07-13 14:28:00,50.3,50.3,228,233
2023-07-13 14:30:00,50.1,50.2,227,232
2023-07-13 14:32:00,50.3,50.3,227,231
2023-07-13 14:34:00,50.3,50.3,228,233
2023-07-13 14:36:00,50.3,50.4,227,232
2023-07-13 14:38:00,50.5,50.4,227,233
2023-07-13 14:40:00,50.4,50.4,226,232
2023-07-13 14:42:00,50.3,50.4,227,232
2023-07-13 14:44:00,50.3,50.3,227,232
2023-07-13 14:46:00,50.4,50.3,226,231
2023-07-13 14:48:00,50.4,50.4,227,232
2023-07-13 14:50:00,50.3,50.5,227,232
2023-07-13 14:52:00,50.3,50.4,226,232
2023-07-13 14:54:00,50.5,50.6,226,232
2023-07-13 14:56:00,50.4,50.3,227,232
2023-07-13 14:58:00,50.0,50.0,223,232
2023-07-13 15:00:00,50.0,50.0,227,232
2023-07-13 15:02:00,50.2,50.3,226,231
2023-07-13 15:04:00,50.3,50.2,227,231
2023-07-13 15:06:00,50.2,50.3,226,231
2023-07-13 15:08:00,50.3,50.2,225,231
2023-07-13 15:10:00,50.2,50.2,222,230
2023-07-13 15:12:00,50.3,50.2,226,231
2023-07-13 15:14:00,50.1,50.0,223,231
2023-07-13 15:16:00,50.3,50.3,226,231
2023-07-13 15:18:00,50.3,50.2,226,231
2023-07-13 15:20:00,50.3,50.2,226,231
2023-07-13 15:22:00,50.2,50.0,226,231
2023-07-13 15:24:00,50.2,50.2,226,231
2023-07-13 15:26:00,50.2,50.3,227,231
2023-07-13 15:28:00,50.4,50.3,226,231
2023-07-13 15:30:00,50.4,50.4,226,231
2023-07-13 15:32:00,50.3,50.3,227,232
2023-07-13 15:34:00,50.3,50.3,228,232
2023-07-13 15:36:00,50.2,50.3,228,233
2023-07-13 15:38:00,50.3,50.3,227,232
2023-07-13 15:40:00,50.4,50.4,228,231
2023-07-13 15:42:00,50.3,50.3,227,232
2023-07-13 15:44:00,50.4,50.4,227,233
2023-07-13 15:46:00,50.5,50.4,228,233
2023-07-13 15:48:00,50.4,50.4,228,233
2023-07-13 15:50:00,50.4,50.5,228,233
2023-07-13 15:52:00,50.4,50.5,228,233
2023-07-13 15:54:00,50.5,50.5,229,233
2023-07-13 15:56:00,50.4,50.4,228,233
2023-07-13 15:58:00,50.4,50.3,228,233
2023-07-13 16:00:00,50.4,50.5,228,233
2023-07-13 16:02:00,50.4,50.5,226,233
2023-07-13 16:04:00,50.0,50.0,227,232
2023-07-13 16:06:00,50.1,50.0,226,232
2023-07-13 16:08:00,50.2,50.2,228,232
2023-07-13 16:10:00,50.1,50.2,228,233
2023-07-13 16:12:00,50.1,50.1,227,233
2023-07-13 16:14:00,50.2,50.2,229,233
2023-07-13 16:16:00,50.4,50.4,229,234
2023-07-13 16:18:00,50.3,50.3,228,233
2023-07-13 16:20:00,50.4,50.4,228,233
2023-07-13 16:22:00,50.4,50.4,230,235
2023-07-13 16:24:00,50.3,50.4,230,235
2023-07-13 16:26:00,50.3,50.3,228,233
2023-07-13 16:28:00,50.4,50.3,228,233
2023-07-13 16:30:00,50.4,50.4,229,233
2023-07-13 16:32:00,50.4,50.2,228,234
2023-07-13 16:34:00,50.1,50.2,228,233
2023-07-13 16:36:00,50.2,50.1,229,234
2023-07-13 16:38:00,50.4,50.3,229,234
2023-07-13 16:40:00,50.5,50.4,229,233
2023-07-13 16:42:00,50.2,50.3,229,233
2023-07-13 16:44:00,50.3,50.5,230,234
2023-07-13 16:46:00,50.2,50.3,228,233
2023-07-13 16:48:00,50.4,50.5,230,234
2023-07-13 16:50:00,50.4,50.4,229,233
2023-07-13 16:52:00,50.5,50.5,230,233
2023-07-13 16:54:00,50.4,50.4,225,233
2023-07-13 16:56:00,50.3,50.5,226,233
2023-07-13 16:58:00,50.5,50.4,227,234
2023-07-13 17:00:00,50.5,50.6,227,234
2023-07-13 17:02:00,50.5,50.5,226,233
2023-07-13 17:04:00,50.4,50.6,226,233
2023-07-13 17:06:00,50.6,50.5,231,234
2023-07-13 17:08:00,50.7,50.7,230,234
2023-07-13 17:10:00,50.6,50.5,230,233
2023-07-13 17:12:00,50.9,50.9,230,233
2023-07-13 17:14:00,50.9,50.7,230,233
2023-07-13 17:16:00,51.0,50.9,229,233
2023-07-13 17:18:00,51.0,51.0,229,233
2023-07-13 17:20:00,50.8,51.0,227,233
2023-07-13 17:22:00,50.7,50.8,225,233
2023-07-13 17:24:00,50.9,51.0,229,233
2023-07-13 17:26:00,51.0,51.0,230,234
2023-07-13 17:28:00,51.0,51.1,231,233
2023-07-13 17:30:00,51.0,51.0,227,234
2023-07-13 17:32:00,51.2,51.3,231,235
2023-07-13 17:34:00,51.2,51.2,233,235
2023-07-13 17:36:00,51.3,51.2,231,235
2023-07-13 17:38:00,51.2,51.1,231,234
2023-07-13 17:40:00,51.3,51.3,231,234
2023-07-13 17:42:00,51.4,51.4,232,235
2023-07-13 17:44:00,51.3,51.3,231,234
2023-07-13 17:46:00,51.2,51.2,231,234
2023-07-13 17:48:00,51.2,51.2,233,236
2023-07-13 17:50:00,51.2,51.0,233,236
2023-07-13 17:52:00,51.0,51.0,232,235
2023-07-13 17:54:00,51.1,51.1,231,236
2023-07-13 17:56:00,51.0,51.1,233,236
2023-07-13 17:58:00,50.6,50.7,232,235
2023-07-13 18:00:00,50.2,50.3,231,235
2023-07-13 18:02:00,50.3,50.2,232,235
2023-07-13 18:04:00,50.3,50.2,231,234
2023-07-13 18:06:00,50.2,50.2,231,235
2023-07-13 18:08:00,50.3,50.3,231,234
2023-07-13 18:10:00,50.2,50.2,232,235
2023-07-13 18:12:00,50.2,50.3,231,235
2023-07-13 18:14:00,50.3,50.4,231,235
2023-07-13 18:16:00,50.3,50.4,233,236
2023-07-13 18:18:00,50.4,50.3,233,236
2023-07-13 18:20:00,50.3,50.3,231,236
2023-07-13 18:22:00,50.2,50.2,228,235
2023-07-13 18:24:00,50.2,50.1,228,235
2023-07-13 18:26:00,50.2,50.2,228,235
2023-07-13 18:28:00,50.3,50.3,232,236
2023-07-13 18:30:00,50.4,50.3,233,236
2023-07-13 18:32:00,50.3,50.3,233,236
2023-07-13 18:34:00,50.4,50.4,233,236
2023-07-13 18:36:00,50.3,50.2,232,236
2023-07-13 18:38:00,50.2,50.3,234,237
2023-07-13 18:40:00,50.2,50.3,233,236
2023-07-13 18:42:00,50.3,50.3,233,236
2023-07-13 18:44:00,50.3,50.3,237,240
2023-07-13 18:46:00,50.3,50.3,233,236
2023-07-13 18:48:00,50.4,50.3,185,186
2023-07-13 18:50:00,50.1,50.1,193,194
2023-07-13 18:52:00,50.5,50.5,195,197
2023-07-13 18:54:00,50.2,50.2,192,194
2023-07-13 18:56:00,50.3,50.3,192,195
2023-07-13 18:58:00,50.0,50.1,193,195
2023-07-13 19:00:00,50.2,50.1,192,194
2023-07-13 19:02:00,50.4,50.4,193,196
2023-07-13 19:04:00,50.5,50.5,190,192
2023-07-13 19:06:00,50.4,50.4,194,196
2023-07-13 19:08:00,50.5,50.5,189,192
2023-07-13 19:10:00,50.2,50.2,188,191
2023-07-13 19:12:00,50.3,50.3,190,192
2023-07-13 19:14:00,50.4,50.4,190,192
2023-07-13 19:16:00,50.3,50.2,189,190
2023-07-13 19:18:00,50.5,50.5,187,190
2023-07-13 19:20:00,50.4,50.4,182,187
2023-07-13 19:22:00,50.4,50.4,183,187
2023-07-13 19:24:00,50.2,50.2,180,186
2023-07-13 19:26:00,50.3,50.2,193,195
2023-07-13 19:28:00,50.3,50.3,195,197
2023-07-13 19:30:00,50.3,50.3,193,195
2023-07-13 19:32:00,50.3,50.3,192,194
2023-07-13 19:34:00,50.2,50.2,194,197
2023-07-13 19:36:00,50.4,50.4,194,197
2023-07-13 19:38:00,50.0,50.0,192,194
2023-07-13 19:40:00,50.4,50.4,194,197
2023-07-13 19:42:00,50.2,50.2,189,192
2023-07-13 19:44:00,50.0,50.0,191,194
2023-07-13 19:46:00,5618,6536,0,0
2023-07-13 19:48:00,53.9,51.8,94.1,161
2023-07-13 19:50:00,51.9,52.1,231,234
2023-07-13 19:52:00,52.1,52.0,231,235
2023-07-13 19:54:00,52.0,52.1,231,235
2023-07-13 19:56:00,51.9,52.0,231,235
2023-07-13 19:58:00,51.9,52.0,231,234
2023-07-13 20:00:00,51.6,51.5,229,233
2023-07-13 20:02:00,51.5,51.5,228,233
2023-07-13 20:04:00,51.4,51.5,228,233
2023-07-13 20:06:00,51.5,51.5,228,233
2023-07-13 20:08:00,51.5,51.5,228,232
2023-07-13 20:10:00,51.2,51.4,227,231
2023-07-13 20:12:00,51.3,51.3,227,231
2023-07-13 20:14:00,51.4,51.3,228,231
2023-07-13 20:16:00,51.3,51.3,227,231
2023-07-13 20:18:00,51.5,51.3,228,232
2023-07-13 20:20:00,51.3,51.4,228,232
2023-07-13 20:22:00,51.4,51.5,228,232
2023-07-13 20:24:00,51.3,51.2,228,232
2023-07-13 20:26:00,51.4,51.5,228,232
2023-07-13 20:28:00,51.5,51.5,228,232
2023-07-13 20:30:00,51.5,51.4,228,232
2023-07-13 20:32:00,51.3,51.3,228,231
2023-07-13 20:34:00,51.5,51.4,227,231
2023-07-13 20:36:00,51.4,51.5,228,232
2023-07-13 20:38:00,50.1,50.1,199,201
2023-07-13 20:40:00,50.3,50.3,202,203
2023-07-13 20:42:00,50.2,50.2,200,202
2023-07-13 20:44:00,50.2,50.2,199,201
2023-07-13 20:46:00,50.3,50.3,201,203
2023-07-13 20:48:00,50.1,50.1,202,205
2023-07-13 20:50:00,50.2,50.2,201,204
2023-07-13 20:52:00,50.3,50.3,199,202
2023-07-13 20:54:00,50.3,50.3,200,202
2023-07-13 20:56:00,50.3,50.3,199,201
2023-07-13 20:58:00,50.3,50.3,199,202
2023-07-13 21:00:00,50.4,50.4,198,200
2023-07-13 21:02:00,50.2,50.2,199,202
2023-07-13 21:04:00,50.2,50.3,198,201
2023-07-13 21:06:00,50.2,50.2,197,199
2023-07-13 21:08:00,50.2,50.1,199,201
2023-07-13 21:10:00,50.3,50.3,195,197
2023-07-13 21:12:00,50.4,50.3,197,199
2023-07-13 21:14:00,50.3,50.3,198,200
2023-07-13 21:16:00,50.5,50.5,196,199
2023-07-13 21:18:00,50.3,50.3,195,197
2023-07-13 21:20:00,50.3,50.2,191,193
2023-07-13 21:22:00,50.6,50.6,199,201
2023-07-13 21:24:00,50.3,50.3,199,202
2023-07-13 21:26:00,50.4,50.5,197,200
2023-07-13 21:28:00,50.4,50.3,198,199
2023-07-13 21:30:00,50.2,50.2,199,202
2023-07-13 21:32:00,50.5,50.4,200,202
2023-07-13 21:34:00,50.4,50.4,204,206
2023-07-13 21:36:00,50.3,50.3,204,206
2023-07-13 21:38:00,50.3,50.3,202,204
2023-07-13 21:40:00,50.5,50.5,202,205
2023-07-13 21:42:00,50.5,50.5,202,204
2023-07-13 21:44:00,50.4,50.4,202,204
2023-07-13 21:46:00,50.2,50.2,203,206
2023-07-13 21:48:00,50.6,50.5,203,204
2023-07-13 21:50:00,50.6,50.7,206,207
2023-07-13 21:52:00,50.5,50.6,205,207
2023-07-13 21:54:00,50.5,50.5,204,207
2023-07-13 21:56:00,50.4,50.4,205,207
2023-07-13 21:58:00,50.6,50.6,203,206
2023-07-13 22:00:00,50.4,50.5,204,207
2023-07-13 22:02:00,50.4,50.4,206,207
2023-07-13 22:04:00,50.7,50.6,206,208
2023-07-13 22:06:00,50.4,50.4,204,207
2023-07-13 22:08:00,50.7,50.7,206,208
2023-07-13 22:10:00,50.7,50.7,205,207
2023-07-13 22:12:00,50.6,50.5,204,207
2023-07-13 22:14:00,50.3,50.3,204,206
2023-07-13 22:16:00,50.5,50.5,209,210
2023-07-13 22:18:00,50.7,50.6,209,211
2023-07-13 22:20:00,50.6,50.7,209,211
2023-07-13 22:22:00,50.7,50.6,209,211
2023-07-13 22:24:00,50.5,50.5,209,211
2023-07-13 22:26:00,50.7,50.7,209,211
2023-07-13 22:28:00,50.6,50.6,210,212
2023-07-13 22:30:00,50.6,50.6,210,212
2023-07-13 22:32:00,50.4,50.4,209,211
2023-07-13 22:34:00,50.3,50.3,208,209
2023-07-13 22:36:00,50.6,50.6,209,211
2023-07-13 22:38:00,50.6,50.5,211,212
2023-07-13 22:40:00,50.4,50.5,204,209
2023-07-13 22:42:00,50.4,50.4,206,210
2023-07-13 22:44:00,50.4,50.3,205,210
2023-07-13 22:46:00,50.6,50.6,213,214
2023-07-13 22:48:00,50.3,50.3,214,214
2023-07-13 22:50:00,50.5,50.4,213,214
2023-07-13 22:52:00,50.4,50.3,213,214
2023-07-13 22:54:00,50.6,50.5,213,215
2023-07-13 22:56:00,50.5,50.5,213,214
2023-07-13 22:58:00,50.5,50.5,214,216
2023-07-13 23:00:00,50.4,50.4,214,216
2023-07-13 23:02:00,50.6,50.5,214,216
2023-07-13 23:04:00,50.5,50.5,215,216
2023-07-13 23:06:00,50.6,50.6,216,218
2023-07-13 23:08:00,50.6,50.6,216,217
2023-07-13 23:10:00,50.6,50.6,214,216
2023-07-13 23:12:00,50.5,50.5,215,216
2023-07-13 23:14:00,50.6,50.6,215,216
2023-07-13 23:16:00,50.5,50.5,216,217
2023-07-13 23:18:00,50.6,50.6,217,219
2023-07-13 23:20:00,50.4,50.4,217,219
2023-07-13 23:22:00,50.4,50.3,217,219
2023-07-13 23:24:00,50.2,50.1,218,219
2023-07-13 23:26:00,50.2,50.2,218,219
2023-07-13 23:28:00,50.4,50.5,217,219
2023-07-13 23:30:00,50.5,50.5,219,220
2023-07-13 23:32:00,50.6,50.6,219,220
2023-07-13 23:34:00,50.5,50.6,218,220
2023-07-13 23:36:00,50.3,50.3,217,219
2023-07-13 23:38:00,50.3,50.3,217,219
2023-07-13 23:40:00,50.2,50.3,217,219
2023-07-13 23:42:00,50.4,50.4,218,219
2023-07-13 23:44:00,50.5,50.5,219,220
2023-07-13 23:46:00,50.3,50.4,219,220
2023-07-13 23:48:00,50.3,50.3,219,221
2023-07-13 23:50:00,50.4,50.4,221,222
2023-07-13 23:52:00,50.0,50.0,220,222
2023-07-13 23:54:00,50.2,50.2,220,221
2023-07-13 23:56:00,50.1,50.1,219,221
2023-07-13 23:58:00,50.2,50.2,219,220
2023-07-14 00:00:00,50.4,50.4,219,221
2023-07-14 00:02:00,50.1,50.2,220,222
2023-07-14 00:04:00,50.4,50.4,219,221
2023-07-14 00:06:00,50.2,50.1,219,221
2023-07-14 00:08:00,49.9,50.0,219,221
2023-07-14 00:10:00,50.0,50,220,221
2023-07-14 00:12:00,50.4,50.4,220,221
2023-07-14 00:14:00,50.2,50.2,220,221
2023-07-14 00:16:00,50.3,50.3,220,221
2023-07-14 00:18:00,50.2,50.3,219,221
2023-07-14 00:20:00,50.3,50.3,220,221
2023-07-14 00:22:00,50.2,50.3,221,222
2023-07-14 00:24:00,50.0,49.9,219,221
2023-07-14 00:26:00,50.1,50.0,218,219
2023-07-14 00:28:00,50.3,50.2,221,222
2023-07-14 00:30:00,50.2,50.1,220,221
2023-07-14 00:32:00,50.4,50.4,221,222
2023-07-14 00:34:00,50.3,50.2,221,222
2023-07-14 00:36:00,50.0,50.0,221,222
2023-07-14 00:38:00,50.0,49.9,221,222
2023-07-14 00:40:00,50.3,50.3,222,223
2023-07-14 00:42:00,50.3,50.3,221,223
2023-07-14 00:44:00,50.2,50.2,221,222
2023-07-14 00:46:00,50.2,50.2,221,223
2023-07-14 00:48:00,50.2,50.2,221,223
2023-07-14 00:50:00,50.2,50.2,222,223
2023-07-14 00:52:00,50.3,50.3,222,223
2023-07-14 00:54:00,50.3,50.3,222,223
2023-07-14 00:56:00,50.3,50.3,222,223
2023-07-14 00:58:00,50.3,50.3,222,223
2023-07-14 01:00:00,50.5,50.4,223,224
2023-07-14 01:02:00,50.2,50.2,223,224
2023-07-14 01:04:00,50.3,50.3,223,224
2023-07-14 01:06:00,50.3,50.3,223,225
2023-07-14 01:08:00,50.4,50.3,220,221
2023-07-14 01:10:00,50.4,50.4,221,222
2023-07-14 01:12:00,50.4,50.3,219,221
2023-07-14 01:14:00,50.3,50.3,221,222
2023-07-14 01:16:00,50.2,50.2,220,221
2023-07-14 01:18:00,50.3,50.3,221,223
2023-07-14 01:20:00,50.4,50.3,221,223
2023-07-14 01:22:00,50.2,50.2,221,222
2023-07-14 01:24:00,50.6,50.6,221,223
2023-07-14 01:26:00,50.2,50.2,219,221
2023-07-14 01:28:00,50.3,50.3,219,221
2023-07-14 01:30:00,50.3,50.3,219,220
2023-07-14 01:32:00,50.2,50.3,219,220
2023-07-14 01:34:00,50.4,50.4,219,221
2023-07-14 01:36:00,50.5,50.5,219,221
2023-07-14 01:38:00,50.4,50.3,219,221
2023-07-14 01:40:00,50.1,50.1,219,220
2023-07-14 01:42:00,50.2,50.2,221,222
2023-07-14 01:44:00,50.1,50.1,221,222
2023-07-14 01:46:00,50.4,50.3,222,223
2023-07-14 01:48:00,50.4,50.3,222,223
2023-07-14 01:50:00,50.4,50.4,221,223
2023-07-14 01:52:00,50.3,50.3,221,223
2023-07-14 01:54:00,50.3,50.3,221,222
2023-07-14 01:56:00,50.2,50.2,221,223
2023-07-14 01:58:00,50.2,50.2,221,222
2023-07-14 02:00:00,50.2,50.2,221,223
2023-07-14 02:02:00,50.3,50.4,221,223
2023-07-14 02:04:00,50.4,50.4,222,223
2023-07-14 02:06:00,50.4,50.4,222,223
2023-07-14 02:08:00,50.4,50.3,222,223
2023-07-14 02:10:00,50.3,50.3,225,226
2023-07-14 02:12:00,50.1,50.1,225,226
2023-07-14 02:14:00,50.4,50.3,224,226
2023-07-14 02:16:00,50.4,50.4,223,225
2023-07-14 02:18:00,50.4,50.5,224,226
2023-07-14 02:20:00,50.2,50.3,223,224
2023-07-14 02:22:00,50.2,50.2,223,225
2023-07-14 02:24:00,50.2,50.2,223,226
2023-07-14 02:26:00,50.2,50.2,225,226
2023-07-14 02:28:00,50.3,50.3,223,226
2023-07-14 02:30:00,50.3,50.3,225,226
2023-07-14 02:32:00,50.2,50.2,224,226
2023-07-14 02:34:00,50.3,50.4,224,226
2023-07-14 02:36:00,50.2,50.2,223,225
2023-07-14 02:38:00,50.3,50.3,224,226
2023-07-14 02:40:00,50.3,50.4,225,226
2023-07-14 02:42:00,50.2,50.2,225,226
2023-07-14 02:44:00,50.1,50.0,226,228
2023-07-14 02:46:00,50.3,50.4,226,228
2023-07-14 02:48:00,50.2,50.2,226,228
2023-07-14 02:50:00,50.3,50.3,227,228
2023-07-14 02:52:00,50.3,50.3,226,227
2023-07-14 02:54:00,50.5,50.5,225,227
2023-07-14 02:56:00,50.3,50.2,226,226
2023-07-14 02:58:00,50.4,50.3,225,226
2023-07-14 03:00:00,50.1,50.2,225,226
2023-07-14 03:02:00,50.3,50.3,225,226
2023-07-14 03:04:00,50.3,50.4,226,227
2023-07-14 03:06:00,50.3,50.2,226,227
2023-07-14 03:08:00,50.5,50.5,227,228
2023-07-14 03:10:00,50.4,50.4,226,228
2023-07-14 03:12:00,50.3,50.3,226,228
2023-07-14 03:14:00,50.3,50.4,226,228
2023-07-14 03:16:00,50.3,50.3,223,225
2023-07-14 03:18:00,50.2,50.1,223,224
2023-07-14 03:20:00,50.0,50.1,222,224
2023-07-14 03:22:00,50.4,50.3,223,224
2023-07-14 03:24:00,50.5,50.5,224,226
2023-07-14 03:26:00,50.4,50.4,223,225
2023-07-14 03:28:00,50.3,50.3,224,226
2023-07-14 03:30:00,50.5,50.5,225,226
2023-07-14 03:32:00,50.2,50.2,224,226
2023-07-14 03:34:00,50.0,50.0,224,226
2023-07-14 03:36:00,50.3,50.4,224,226
2023-07-14 03:38:00,50.3,50.2,223,225
2023-07-14 03:40:00,50.2,50.3,223,225
2023-07-14 03:42:00,50.4,50.4,223,226
2023-07-14 03:44:00,50.2,50.1,223,225
2023-07-14 03:46:00,50.3,50.3,223,225
2023-07-14 03:48:00,50.4,50.3,223,226
2023-07-14 03:50:00,50.3,50.3,223,225
2023-07-14 03:52:00,50.4,50.4,224,226
2023-07-14 03:54:00,50.3,50.2,224,226
2023-07-14 03:56:00,50.3,50.3,223,226
2023-07-14 03:58:00,50.3,50.3,225,226
2023-07-14 04:00:00,50.3,50.3,225,226
2023-07-14 04:02:00,50.3,50.4,225,226
2023-07-14 04:04:00,50.2,50.2,226,227
2023-07-14 04:06:00,50.3,50.4,224,226
2023-07-14 04:08:00,50.2,50.3,223,225
2023-07-14 04:10:00,50.2,50.2,224,226
2023-07-14 04:12:00,50.5,50.5,224,226
2023-07-14 04:14:00,50.3,50.3,223,225
2023-07-14 04:16:00,50.4,50.4,223,225
2023-07-14 04:18:00,50.4,50.4,223,224
2023-07-14 04:20:00,50.2,50.2,223,224
2023-07-14 04:22:00,50.4,50.4,223,225
2023-07-14 04:24:00,50.2,50.2,224,226
2023-07-14 04:26:00,50.3,50.3,223,225
2023-07-14 04:28:00,50.2,50.2,223,224
2023-07-14 04:30:00,50.4,50.4,223,224
2023-07-14 04:32:00,50.2,50.2,222,223
2023-07-14 04:34:00,50.3,50.4,222,223
2023-07-14 04:36:00,50.3,50.3,222,223
2023-07-14 04:38:00,50.3,50.4,223,224
2023-07-14 04:40:00,50.2,50.2,223,225
2023-07-14 04:42:00,50.2,50.2,224,226
2023-07-14 04:44:00,50.4,50.3,224,226
2023-07-14 04:46:00,50.2,50.3,223,225
2023-07-14 04:48:00,50.3,50.3,223,226
2023-07-14 04:50:00,50.3,50.2,221,224
2023-07-14 04:52:00,50.3,50.3,223,225
2023-07-14 04:54:00,50.2,50.2,223,224
2023-07-14 04:56:00,50.3,50.3,223,224
2023-07-14 04:58:00,50.3,50.3,224,225
2023-07-14 05:00:00,50.2,50.2,223,225
2023-07-14 05:02:00,50.3,50.3,225,226
2023-07-14 05:04:00,50.2,50.2,224,226
2023-07-14 05:06:00,50.2,50.2,224,226
2023-07-14 05:08:00,50.3,50.3,223,225
2023-07-14 05:10:00,50.2,50.2,223,224
2023-07-14 05:12:00,50.2,50.3,223,224
2023-07-14 05:14:00,50.2,50.3,218,222
2023-07-14 05:16:00,50.2,50.2,219,223
2023-07-14 05:18:00,50.3,50.3,217,221
2023-07-14 05:20:00,50.4,50.3,217,222
2023-07-14 05:22:00,50.3,50.3,223,225
2023-07-14 05:24:00,50.2,50.2,215,220
2023-07-14 05:26:00,50.2,50.2,222,223
2023-07-14 05:28:00,50.3,50.2,216,221
2023-07-14 05:30:00,50.2,50.2,216,221
2023-07-14 05:32:00,50.3,50.4,222,223
2023-07-14 05:34:00,50.2,50.2,222,223
2023-07-14 05:36:00,50.1,50.2,221,223
2023-07-14 05:38:00,50.3,50.3,222,223
2023-07-14 05:40:00,50.2,50.2,226,227
2023-07-14 05:42:00,50.0,50.1,224,226
2023-07-14 05:44:00,50.1,50.1,225,226
2023-07-14 05:46:00,50.2,50.2,224,226
2023-07-14 05:48:00,50.1,50.1,226,228
2023-07-14 05:50:00,50.2,50.2,224,226
2023-07-14 05:52:00,50.2,50.2,226,228
2023-07-14 05:54:00,50.2,50.2,226,228
2023-07-14 05:56:00,50.2,50.2,225,226
2023-07-14 05:58:00,50.1,50.0,223,225
2023-07-14 06:00:00,50.4,50.4,222,224
2023-07-14 06:02:00,50.2,50.1,223,225
2023-07-14 06:04:00,50.3,50.4,223,226
2023-07-14 06:06:00,50.2,50.1,223,225
2023-07-14 06:08:00,50.1,50.1,221,223
2023-07-14 06:10:00,50.2,50.1,219,222
2023-07-14 06:12:00,50.3,50.3,219,221
2023-07-14 06:14:00,50.2,50.2,218,221
2023-07-14 06:16:00,50.1,50.2,216,219
2023-07-14 06:18:00,50.1,50.2,216,218
2023-07-14 06:20:00,50.0,50.0,216,219
2023-07-14 06:22:00,50.1,50.2,218,221
2023-07-14 06:24:00,50.1,50,216,219
2023-07-14 06:26:00,50.1,50.1,208,214
2023-07-14 06:28:00,50.1,50.2,213,216
2023-07-14 06:30:00,50.2,50.2,215,217
2023-07-14 06:32:00,50.1,50.1,211,216
2023-07-14 06:34:00,50.0,50.0,209,216
2023-07-14 06:36:00,50.2,50.3,208,214
2023-07-14 06:38:00,49.9,50.0,209,215
2023-07-14 06:40:00,50.2,50.1,214,218
2023-07-14 06:42:00,50.2,50.2,214,218
2023-07-14 06:44:00,50.3,50.3,207,215
2023-07-14 06:46:00,49.9,49.9,208,213
2023-07-14 06:48:00,50.2,50.1,206,211
2023-07-14 06:50:00,50.0,50.0,207,212
2023-07-14 06:52:00,50.0,49.9,209,214
2023-07-14 06:54:00,50.0,50.0,212,216
2023-07-14 06:56:00,50.1,50.1,212,216
2023-07-14 06:58:00,50.0,50.0,209,214
2023-07-14 07:00:00,50.0,50.0,211,215
2023-07-14 07:02:00,50.0,50.0,214,217
2023-07-14 07:04:00,50.1,50.1,212,215
2023-07-14 07:06:00,50.0,49.9,211,214
2023-07-14 07:08:00,49.9,49.9,212,216
2023-07-14 07:10:00,50.0,49.9,216,220
2023-07-14 07:12:00,49.9,49.9,212,218
2023-07-14 07:14:00,50.0,50.0,212,217
2023-07-14 07:16:00,50.0,50.0,211,216
2023-07-14 07:18:00,50.0,50.0,209,212
2023-07-14 07:20:00,50.2,50.2,212,214
2023-07-14 07:22:00,49.8,49.9,208,213
2023-07-14 07:24:00,50.0,50.0,201,207
2023-07-14 07:26:00,50.0,50.0,201,208
2023-07-14 07:28:00,50.1,50.1,214,217
2023-07-14 07:30:00,50.0,50.0,212,214
2023-07-14 07:32:00,49.9,50.0,209,211
2023-07-14 07:34:00,50.0,50.0,210,214
2023-07-14 07:36:00,50.1,50.1,208,209
2023-07-14 07:38:00,50.0,50.0,201,204
2023-07-14 07:40:00,50.0,50.0,203,208
2023-07-14 07:42:00,50.0,49.9,211,212
2023-07-14 07:44:00,50.0,49.9,204,209
2023-07-14 07:46:00,50.0,50.0,205,211
2023-07-14 07:48:00,50.0,50.0,207,212
2023-07-14 07:50:00,50.1,50.1,207,211
2023-07-14 07:52:00,50.0,49.9,200,206
2023-07-14 07:54:00,50.1,50.0,197,203
2023-07-14 07:56:00,49.8,49.9,202,205
2023-07-14 07:58:00,50,49.9,198,206
2023-07-14 08:00:00,50.8,50.8,230,239
2023-07-14 08:02:00,50.9,50.9,233,240
2023-07-14 08:04:00,50.8,50.8,230,239
2023-07-14 08:06:00,50.9,50.9,233,238
2023-07-14 08:08:00,50.9,51.0,233,238
2023-07-14 08:10:00,50.9,51.0,229,237
2023-07-14 08:12:00,50.9,50.9,230,237
2023-07-14 08:14:00,50.9,51.0,233,238
2023-07-14 08:16:00,50.8,50.9,233,238
2023-07-14 08:18:00,50.5,50.6,234,232
2023-07-14 08:20:00,50.6,50.5,233,231
2023-07-14 08:22:00,50.5,50.6,231,231
2023-07-14 08:24:00,50.6,50.6,231,231
2023-07-14 08:26:00,50.6,50.7,233,238
2023-07-14 08:28:00,50.9,50.9,231,235
2023-07-14 08:30:00,50.8,50.9,231,235
2023-07-14 08:32:00,50.9,50.9,231,236
2023-07-14 08:34:00,50.7,50.7,232,236
2023-07-14 08:36:00,50.8,50.7,229,235
2023-07-14 08:38:00,50.8,50.9,228,235
2023-07-14 08:40:00,51.0,51.0,231,236
2023-07-14 08:42:00,50.5,50.5,230,234
2023-07-14 08:44:00,50.5,50.4,230,234
2023-07-14 08:46:00,50.4,50.4,231,235
2023-07-14 08:48:00,50.5,50.4,231,234
2023-07-14 08:50:00,50.5,50.5,230,234
2023-07-14 08:52:00,50.5,50.5,230,234
2023-07-14 08:54:00,50.5,50.5,231,234
2023-07-14 08:56:00,50.4,50.5,229,233
2023-07-14 08:58:00,50.5,50.6,230,233
2023-07-14 09:00:00,50.5,50.5,231,235
2023-07-14 09:02:00,50.6,50.5,231,235
2023-07-14 09:04:00,50.4,50.5,229,234
2023-07-14 09:06:00,50.5,50.5,230,234
2023-07-14 09:08:00,50.4,50.4,231,234
2023-07-14 09:10:00,50.3,50.4,228,234
2023-07-14 09:12:00,50.3,50.2,228,234
2023-07-14 09:14:00,50.3,50.3,231,235
2023-07-14 09:16:00,50.2,50.2,228,233
2023-07-14 09:18:00,50.0,50.2,229,235
2023-07-14 09:20:00,50.2,50.1,230,235
2023-07-14 09:22:00,50.2,50.2,231,236
2023-07-14 09:24:00,50.1,50.1,230,235
2023-07-14 09:26:00,50.1,50.2,230,236
2023-07-14 09:28:00,50.2,50.2,231,236
2023-07-14 09:30:00,50.3,50.3,230,235
2023-07-14 09:32:00,50.2,50.3,229,234
2023-07-14 09:34:00,50.3,50.3,229,233
2023-07-14 09:36:00,50.3,50.3,231,236
2023-07-14 09:38:00,50.5,50.4,230,235
2023-07-14 09:40:00,50.1,50.1,229,234
2023-07-14 09:42:00,50.2,50.3,229,234
2023-07-14 09:44:00,50.3,50.3,226,233
2023-07-14 09:46:00,50.4,50.5,228,233
2023-07-14 09:48:00,50.6,50.7,231,235
2023-07-14 09:50:00,50.5,50.3,228,233
2023-07-14 09:52:00,50.6,50.5,228,233
2023-07-14 09:54:00,50.3,50.3,229,234
2023-07-14 09:56:00,50.8,50.9,229,233
2023-07-14 09:58:00,50.8,50.9,228,233
2023-07-14 10:00:00,50.7,50.7,229,233
2023-07-14 10:02:00,50.7,50.7,228,232
2023-07-14 10:04:00,50.6,50.7,228,233
2023-07-14 10:06:00,50.6,50.7,227,231
2023-07-14 10:08:00,50.7,50.8,228,232
2023-07-14 10:10:00,50.8,50.8,228,232
2023-07-14 10:12:00,50.6,50.6,223,231
2023-07-14 10:14:00,50.8,50.7,224,231
2023-07-14 10:16:00,50.7,50.7,224,231
2023-07-14 10:18:00,50.5,50.5,228,231
2023-07-14 10:20:00,50.6,50.5,228,232
2023-07-14 10:22:00,50.5,50.6,230,233
2023-07-14 10:24:00,50.7,50.7,228,232
2023-07-14 10:26:00,50.4,50.4,224,231
2023-07-14 10:28:00,50.5,50.7,226,232
2023-07-14 10:30:00,50.5,50.5,223,231
2023-07-14 10:32:00,50.6,50.6,223,232
2023-07-14 10:34:00,50.2,50.1,222,231
2023-07-14 10:36:00,50.2,50.3,223,231
2023-07-14 10:38:00,50.4,50.5,228,232
2023-07-14 10:40:00,50.4,50.3,226,232
2023-07-14 10:42:00,50.3,50.3,228,232
2023-07-14 10:44:00,50.3,50.2,227,232
2023-07-14 10:46:00,50.3,50.3,226,231
2023-07-14 10:48:00,50.4,50.3,226,231
2023-07-14 10:50:00,50.5,50.5,227,232
2023-07-14 10:52:00,50.6,50.5,226,231
2023-07-14 10:54:00,50.5,50.5,226,231
2023-07-14 10:56:00,50.6,50.4,227,231
2023-07-14 10:58:00,50.4,50.4,227,232
2023-07-14 11:00:00,50.6,50.4,226,232
2023-07-14 11:02:00,50.5,50.4,226,232
2023-07-14 11:04:00,50.4,50.3,227,232
2023-07-14 11:06:00,50.3,50.3,225,231
2023-07-14 11:08:00,50.4,50.4,226,232
2023-07-14 11:10:00,50.2,50.2,228,234
2023-07-14 11:12:00,50.2,50.3,228,233
2023-07-14 11:14:00,50.2,50.1,226,232
2023-07-14 11:16:00,50.3,50.4,226,231
2023-07-14 11:18:00,50.4,50.4,226,231
2023-07-14 11:20:00,50.5,50.5,226,231
2023-07-14 11:22:00,50.2,50.4,226,231
2023-07-14 11:24:00,50.7,50.6,227,232
2023-07-14 11:26:00,50.3,50.4,227,232
2023-07-14 11:28:00,50.3,50.4,227,233
2023-07-14 11:30:00,50.5,50.4,226,232
2023-07-14 11:32:00,50.5,50.5,228,233
2023-07-14 11:34:00,50.2,50.2,227,233
2023-07-14 11:36:00,50.2,50.3,224,233
2023-07-14 11:38:00,50.3,50.3,225,233
2023-07-14 11:40:00,50.4,50.3,228,233
2023-07-14 11:42:00,50.3,50.2,228,233
2023-07-14 11:44:00,50.3,50.3,228,233
2023-07-14 11:46:00,50.1,50.0,228,233
2023-07-14 11:48:00,49.9,49.9,226,232
2023-07-14 11:50:00,49.9,49.9,228,233
2023-07-14 11:52:00,49.9,49.9,228,233
2023-07-14 11:54:00,50.4,3937,229,0
2023-07-14 11:56:00,50.0,3906,228,0.707
2023-07-14 11:58:00,50.0,3257,225,0
2023-07-14 12:00:00,50.0,3012,226,0.707
2023-07-14 12:02:00,50.0,4367,225,0
2023-07-14 12:04:00,50.0,2801,230,0
2023-07-14 12:06:00,50.2,4367,231,0
2023-07-14 12:08:00,50.1,3257,231,0
2023-07-14 12:10:00,50.0,6494,229,0
2023-07-14 12:12:00,50.4,6536,229,0
2023-07-14 12:14:00,50.4,4926,230,0
2023-07-14 12:16:00,50.3,4926,229,0
2023-07-14 12:18:00,50.2,1789,230,0
2023-07-14 12:20:00,50.4,4902,230,0
2023-07-14 12:22:00,50.3,2075,230,0
2023-07-14 12:24:00,50.2,7752,229,0
2023-07-14 12:26:00,50.3,4367,231,0
2023-07-14 12:28:00,50.3,2188,231,0
2023-07-14 12:30:00,50.3,6452,228,0.707
2023-07-14 12:32:00,50.4,3922,228,0.707
2023-07-14 12:34:00,50.4,4926,229,0
2023-07-14 12:36:00,50.3,4926,228,0
2023-07-14 12:38:00,50.4,6536,229,0.707
2023-07-14 12:40:00,50.3,3891,229,0
2023-07-14 12:42:00,50.4,3937,230,0
2023-07-14 12:44:00,50.5,4926,228,0
2023-07-14 12:46:00,50.1,5618,228,0.707
2023-07-14 12:48:00,50.4,7874,230,0
2023-07-14 12:50:00,50.0,3906,228,0.707
2023-07-14 12:52:00,49.9,4329,228,0.707
2023-07-14 12:54:00,49.9,3012,228,0
2023-07-14 12:56:00,50.0,5618,229,0
2023-07-14 12:58:00,49.9,7752,228,0
2023-07-14 13:00:00,50.1,1229,228,0
2023-07-14 13:02:00,50.1,4902,228,0.707
2023-07-14 13:04:00,50.2,3257,228,0
2023-07-14 13:06:00,50.0,6579,228,0.707
2023-07-14 13:08:00,50.1,3257,228,0.707
2023-07-14 13:10:00,50.1,5618,229,0
2023-07-14 13:12:00,50.1,5618,227,0
2023-07-14 13:14:00,50.1,3521,228,0
2023-07-14 13:16:00,49.9,2809,229,0
2023-07-14 13:18:00,49.9,1715,227,0
2023-07-14 13:20:00,50.0,1355,228,0
2023-07-14 13:22:00,49.8,2179,225,0
2023-07-14 13:24:00,49.7,2179,225,0
2023-07-14 13:26:00,50.1,3003,229,0
2023-07-14 13:28:00,50.1,3289,228,0
2023-07-14 13:30:00,50.2,9615,228,0
2023-07-14 13:32:00,50.2,5618,229,0.707
2023-07-14 13:34:00,50.1,3584,230,0
2023-07-14 13:36:00,50.1,5618,229,0.707
2023-07-14 13:38:00,50.0,7874,229,0
2023-07-14 13:40:00,50.0,4367,229,0
2023-07-14 13:42:00,50.2,4878,229,0.707
2023-07-14 13:44:00,50.3,5618,228,0
2023-07-14 13:46:00,50.2,3012,228,0
2023-07-14 13:48:00,50.0,4926,228,0.707
2023-07-14 13:50:00,50.0,6536,226,0.707
2023-07-14 13:52:00,49.9,3937,223,0
2023-07-14 13:54:00,50.0,2315,228,0
2023-07-14 13:56:00,49.9,4367,228,0.707
2023-07-14 13:58:00,50.4,4926,229,0
2023-07-14 14:00:00,50.2,2611,228,0.707
2023-07-14 14:02:00,50.3,3279,231,0
2023-07-14 14:04:00,50.3,5618,230,0
2023-07-14 14:06:00,50.1,5618,229,0
2023-07-14 14:08:00,50.1,5587,229,0.707
2023-07-14 14:10:00,50.1,4926,230,0.707
2023-07-14 14:12:00,50.1,5618,227,0
2023-07-14 14:14:00,50.1,5618,229,0
2023-07-14 14:16:00,50.2,2320,231,0
2023-07-14 14:18:00,50.1,3906,228,0
2023-07-14 14:20:00,50.2,5618,228,0
2023-07-14 14:22:00,50.2,4926,228,0.707
2023-07-14 14:24:00,50.2,1961,229,0.707
2023-07-14 14:26:00,49.9,9804,226,0
2023-07-14 14:28:00,50.0,7874,228,0.707
2023-07-14 14:30:00,50.2,4386,228,0
2023-07-14 14:32:00,50.2,5556,228,0.707
2023-07-14 14:34:00,50,9804,227,0
2023-07-14 14:36:00,50.2,5618,228,0
2023-07-14 14:38:00,50.2,3257,228,0
2023-07-14 14:40:00,50.2,4329,228,0.707
2023-07-14 14:42:00,50.1,4386,227,0.707
2023-07-14 14:44:00,50,6369,229,0.707
2023-07-14 14:46:00,50.1,4386,226,0
2023-07-14 14:48:00,50.3,4367,228,0
2023-07-14 14:50:00,50.3,6536,228,0
2023-07-14 14:52:00,50.2,4926,228,0
2023-07-14 14:54:00,50.1,4367,226,0
2023-07-14 14:56:00,50.1,4926,228,0
2023-07-14 14:58:00,50.1,5618,227,0
2023-07-14 15:00:00,50.2,3937,227,0.707
2023-07-14 15:02:00,50.0,2611,228,0.707
2023-07-14 15:04:00,50.2,3030,230,0.707
2023-07-14 15:06:00,50.3,2817,229,0
2023-07-14 15:08:00,50.2,4367,228,0
2023-07-14 15:10:00,50.2,5618,228,0.707
2023-07-14 15:12:00,50.3,5618,229,0
2023-07-14 15:14:00,50.4,7874,228,0
2023-07-14 15:16:00,50.1,7874,228,0.707
2023-07-14 15:18:00,50.2,3584,228,0
2023-07-14 15:20:00,50.3,4386,228,0
2023-07-14 15:22:00,50.5,3279,228,0.707
2023-07-14 15:24:00,50.3,2611,226,0.707
2023-07-14 15:26:00,50.5,6536,229,0.707
2023-07-14 15:28:00,50.5,9804,228,0.707
2023-07-14 15:30:00,50.6,4367,228,0.707
2023-07-14 15:32:00,50.8,3030,228,0
2023-07-14 15:34:00,50.3,4926,229,0
2023-07-14 15:36:00,50.5,9804,228,0.707
2023-07-14 15:38:00,50.6,7752,228,0
2023-07-14 15:40:00,50.7,5618,228,0
2023-07-14 15:42:00,50.4,3030,229,0
2023-07-14 15:44:00,50.5,1511,228,0.707
2023-07-14 15:46:00,50.6,1869,228,0
2023-07-14 15:48:00,50.5,4926,229,0
2023-07-14 15:50:00,50.4,4926,226,0
2023-07-14 15:52:00,50.6,4926,227,0.707
2023-07-14 15:54:00,50.8,6536,229,0.707
2023-07-14 15:56:00,51.0,2451,229,0.707
2023-07-14 15:58:00,50.8,7874,228,0
2023-07-14 16:00:00,50.8,5618,228,0.707
2023-07-14 16:02:00,50.7,1229,231,0
2023-07-14 16:04:00,50.9,5618,228,0
2023-07-14 16:06:00,50.8,2066,229,0.707
2023-07-14 16:08:00,50.9,2618,230,0
2023-07-14 16:10:00,51.0,7874,230,0.707
2023-07-14 16:12:00,50.9,6536,229,0.707
2023-07-14 16:14:00,50.4,1399,229,0.707
2023-07-14 16:16:00,50.5,3906,230,0.707
2023-07-14 16:18:00,50.5,2625,228,0
2023-07-14 16:20:00,50.5,4926,229,0.707
2023-07-14 16:22:00,50.6,3012,231,0.707
2023-07-14 16:24:00,50.4,4854,230,0
2023-07-14 16:26:00,50.5,7813,229,0
2023-07-14 16:28:00,50.6,2193,229,0
2023-07-14 16:30:00,50.6,3257,230,0
2023-07-14 16:32:00,50.1,7752,228,0
2023-07-14 16:34:00,50.1,1577,228,0
2023-07-14 16:36:00,50.0,5618,229,0.707
2023-07-14 16:38:00,50.2,4854,229,0
2023-07-14 16:40:00,50.1,7874,228,0
2023-07-14 16:42:00,50.1,4926,228,0.707
2023-07-14 16:44:00,50.0,2463,230,0
2023-07-14 16:46:00,50.3,2625,186,0
2023-07-14 16:48:00,50.0,855,190,0
2023-07-14 16:50:00,50.4,4926,194,0
2023-07-14 16:52:00,50.3,2793,193,0
2023-07-14 16:54:00,50.2,4367,186,0
2023-07-14 16:56:00,49.9,5618,182,0
2023-07-14 16:58:00,50.2,4367,187,0
2023-07-14 17:00:00,50.3,6579,187,0
2023-07-14 17:02:00,50.2,5618,187,0
2023-07-14 17:04:00,50.4,7874,189,0.707
2023-07-14 17:06:00,50.2,7874,190,0.707
2023-07-14 17:08:00,49.9,3953,187,0.707
2023-07-14 17:10:00,50.3,4926,192,0.707
2023-07-14 17:12:00,50.2,3937,189,0.707
2023-07-14 17:14:00,50.3,1311,191,0.707
2023-07-14 17:16:00,50.2,3584,187,0
2023-07-14 17:18:00,50.4,9804,189,0
2023-07-14 17:20:00,50.4,3571,187,0
2023-07-14 17:22:00,50.0,7874,185,0
2023-07-14 17:24:00,50.4,5618,192,0.707
2023-07-14 17:26:00,50.5,5556,192,0
2023-07-14 17:28:00,50.3,5618,186,0
2023-07-14 17:30:00,50.4,4292,189,0
2023-07-14 17:32:00,50.2,6536,182,0.707
2023-07-14 17:34:00,50.0,4902,188,0
2023-07-14 17:36:00,50.3,4926,182,0.707
2023-07-14 17:38:00,50.3,4926,184,0.707
2023-07-14 17:40:00,50.0,3584,190,0
2023-07-14 17:42:00,50.3,3279,190,0
2023-07-14 17:44:00,50.3,3584,190,0
2023-07-14 17:46:00,50.2,1639,187,0
2023-07-14 17:48:00,50.0,2179,184,0
2023-07-14 17:50:00,50.3,1792,186,0
2023-07-14 17:52:00,50.5,3906,186,0
2023-07-14 17:54:00,50.4,7752,187,0
2023-07-14 17:56:00,50.5,5618,190,0.707
2023-07-14 17:58:00,50.2,3937,186,0.707
2023-07-14 18:00:00,50.2,3937,184,0
2023-07-14 18:02:00,50.2,5618,187,0
2023-07-14 18:04:00,50.1,4367,183,0.707
2023-07-14 18:06:00,50.4,7874,184,0.707
2023-07-14 18:08:00,50.3,2625,191,0.707
2023-07-14 18:10:00,50.6,7874,190,0
2023-07-14 18:12:00,50.1,3584,190,0
2023-07-14 18:14:00,50.0,1961,187,0
2023-07-14 18:16:00,50.1,6579,189,0.707
2023-07-14 18:18:00,50.2,4926,197,0
2023-07-14 18:20:00,50.0,1876,188,0.707
2023-07-14 18:22:00,50.4,3937,189,0
2023-07-14 18:24:00,50.1,5618,186,0
2023-07-14 18:26:00,50.4,2315,191,0.707
2023-07-14 18:28:00,50.2,4926,185,0
2023-07-14 18:30:00,49.9,4926,188,0
2023-07-14 18:32:00,49.8,3279,187,0.707
2023-07-14 18:34:00,49.9,4367,194,0.707
2023-07-14 18:36:00,50.2,3571,197,0.707
2023-07-14 18:38:00,50.4,5556,197,0.707
2023-07-14 18:40:00,50.2,2890,195,0.707
2023-07-14 18:42:00,50.2,3584,192,0.707
2023-07-14 18:44:00,50.3,3247,194,0.707
2023-07-14 18:46:00,50.2,1869,190,0
2023-07-14 18:48:00,50.2,7813,196,0
2023-07-14 18:50:00,50.4,2309,196,0
2023-07-14 18:52:00,50.3,6536,194,0
2023-07-14 18:54:00,50.2,5556,194,0
2023-07-14 18:56:00,50.4,3257,197,0.707
2023-07-14 18:58:00,50.2,9804,194,0
2023-07-14 19:00:00,50.1,3279,191,0
2023-07-14 19:02:00,50.2,4367,190,0
2023-07-14 19:04:00,50.2,4348,193,0
2023-07-14 19:06:00,50.3,3937,192,0.707
2023-07-14 19:08:00,50.2,1786,191,0.707
2023-07-14 19:10:00,50.2,2451,193,0.707
2023-07-14 19:12:00,50.1,5556,191,0
2023-07-14 19:14:00,50.4,4310,192,0
2023-07-14 19:16:00,49.9,4878,191,0
2023-07-14 19:18:00,50.2,4926,191,0.707
2023-07-14 19:20:00,50.2,2304,190,0
2023-07-14 19:22:00,50.3,9804,190,0
2023-07-14 19:24:00,50.6,4348,192,0.707
2023-07-14 19:26:00,50.4,4831,193,0.707
2023-07-14 19:28:00,50.2,1506,189,0.707
2023-07-14 19:30:00,50.2,5618,182,0.707
2023-07-14 19:32:00,50.3,3279,187,0
2023-07-14 19:34:00,49.9,3891,190,0
2023-07-14 19:36:00,50.4,9804,187,0.707
2023-07-14 19:38:00,50.5,9804,189,0.707
2023-07-14 19:40:00,50.4,5556,190,0.707
2023-07-14 19:42:00,50.4,9804,191,0
2023-07-14 19:44:00,50.3,1706,187,0.707
2023-07-14 19:46:00,50.3,5618,189,0.707
2023-07-14 19:48:00,50.3,3937,188,0
2023-07-14 19:50:00,50.0,2463,188,0
2023-07-14 19:52:00,50.2,5587,187,0
2023-07-14 19:54:00,50.7,2433,188,0
2023-07-14 19:56:00,50.4,1637,187,0
2023-07-14 19:58:00,50.2,9804,193,0.707
2023-07-14 20:00:00,50.3,5556,191,0.707
2023-07-14 20:02:00,50.2,3546,190,0
2023-07-14 20:04:00,50.3,6494,192,0.707
2023-07-14 20:06:00,50.3,6579,194,0.707
2023-07-14 20:08:00,50.3,5618,194,0.707
2023-07-14 20:10:00,50.3,3012,194,0.707
2023-07-14 20:12:00,50.3,3268,198,0.707
2023-07-14 20:14:00,50.2,3279,196,0.707
2023-07-14 20:16:00,50.3,3030,194,0.707
2023-07-14 20:18:00,50.4,3268,196,0.707
2023-07-14 20:20:00,50.3,4926,194,0
2023-07-14 20:22:00,50.5,3937,188,0.707
2023-07-14 20:24:00,50.4,4854,191,0
2023-07-14 20:26:00,50.8,3559,192,0.707
2023-07-14 20:28:00,50.2,7874,194,0.707
2023-07-14 20:30:00,50.0,5618,192,0.707
2023-07-14 20:32:00,50.4,5556,193,0
2023-07-14 20:34:00,50.1,3289,194,0.707
2023-07-14 20:36:00,50.2,3937,193,0
2023-07-14 20:38:00,50.4,3584,194,0
2023-07-14 20:40:00,50.3,6536,194,0.707
2023-07-14 20:42:00,50.3,2070,198,0.707
2023-07-14 20:44:00,50.4,3012,195,0.707
2023-07-14 20:46:00,50.0,1404,196,0
2023-07-14 20:48:00,50.2,3937,197,0.707
2023-07-14 20:50:00,50.2,4329,194,0.707
2023-07-14 20:52:00,50.3,7874,192,0.707
2023-07-14 20:54:00,50.4,3279,194,0
2023-07-14 20:56:00,50.4,7874,198,0
2023-07-14 20:58:00,50.4,5618,195,0.707
2023-07-14 21:00:00,50.3,9804,194,0
2023-07-14 21:02:00,50.3,2070,196,0.707
2023-07-14 21:04:00,50.3,772,195,0.707
2023-07-14 21:06:00,50.3,9804,197,0
2023-07-14 21:08:00,50.1,6452,197,0.707
2023-07-14 21:10:00,50.4,1192,199,0.707
2023-07-14 21:12:00,50.3,4902,196,0
2023-07-14 21:14:00,50.2,4367,197,0.707
2023-07-14 21:16:00,50.3,4386,195,0.707
2023-07-14 21:18:00,50.3,6536,194,0.707
2023-07-14 21:20:00,50.3,7813,196,0.707
2023-07-14 21:22:00,50.3,5618,201,0
2023-07-14 21:24:00,50.1,3584,199,0.707
2023-07-14 21:26:00,50.5,4386,198,0
2023-07-14 21:28:00,50.2,4329,199,0.707
2023-07-14 21:30:00,50.3,4926,201,0.707
2023-07-14 21:32:00,50.5,5618,200,0.707
2023-07-14 21:34:00,50.2,2183,198,0.707
2023-07-14 21:36:00,50.4,6579,199,0.707
2023-07-14 21:38:00,50.5,9804,199,0.707
2023-07-14 21:40:00,50.4,4367,197,0.707
2023-07-14 21:42:00,50.5,7752,195,0.707
2023-07-14 21:44:00,50.4,1189,192,0.707
2023-07-14 21:46:00,50.4,4348,190,0.707
2023-07-14 21:48:00,50.0,4926,190,0.707
2023-07-14 21:50:00,50.5,5618,193,0.707
2023-07-14 21:52:00,50.3,5618,196,0.707
2023-07-14 21:54:00,50.5,5556,196,0.707
2023-07-14 21:56:00,50.5,5556,202,0.707
2023-07-14 21:58:00,50.7,4926,201,0.707
2023-07-14 22:00:00,50.4,7874,194,0.707
2023-07-14 22:02:00,50.4,9804,193,0.707
2023-07-14 22:04:00,50.6,2817,199,0.707
2023-07-14 22:06:00,50.3,5618,198,0.707
2023-07-14 22:08:00,50.6,5618,198,0.707
2023-07-14 22:10:00,50.5,5618,201,0.707
2023-07-14 22:12:00,50.7,5618,204,0.707
2023-07-14 22:14:00,50.6,9804,204,0.707
2023-07-14 22:16:00,50.6,3279,206,0.707
2023-07-14 22:18:00,50.7,2611,205,0.707
2023-07-14 22:20:00,50.4,7874,204,1.41
2023-07-14 22:22:00,50.7,3937,199,0.707
2023-07-14 22:24:00,50.8,4926,206,0.707
2023-07-14 22:26:00,50.7,1972,200,0.707
2023-07-14 22:28:00,50.7,2062,197,0.707
2023-07-14 22:30:00,50.4,2463,204,0.707
2023-07-14 22:32:00,50.3,3584,206,0.707
2023-07-14 22:34:00,50.2,4367,207,0.707
2023-07-14 22:36:00,50.2,4386,204,0.707
2023-07-14 22:38:00,50.4,6452,206,0.707
2023-07-14 22:40:00,50.4,4926,207,0.707
2023-07-14 22:42:00,50.3,4926,206,0.707
2023-07-14 22:44:00,50.2,7874,206,0.707
2023-07-14 22:46:00,50.3,3279,207,0.707
2023-07-14 22:48:00,50.2,2320,209,0.707
2023-07-14 22:50:00,50.5,7874,208,0.707
2023-07-14 22:52:00,50.2,4329,209,1.41
2023-07-14 22:54:00,50.4,3279,209,0.707
2023-07-14 22:56:00,50.3,2817,207,0.707
2023-07-14 22:58:00,50.5,3289,209,0.707
2023-07-14 23:00:00,50.3,4926,211,0.707
2023-07-14 23:02:00,50.4,7874,205,0.707
2023-07-14 23:04:00,50.4,3906,203,0.707
2023-07-14 23:06:00,50.5,6452,205,0.707
2023-07-14 23:08:00,50.5,3279,211,0.707
2023-07-14 23:10:00,50.5,6452,209,0.707
2023-07-14 23:12:00,50.4,3279,209,0.707
2023-07-14 23:14:00,50.2,3937,211,0.707
2023-07-14 23:16:00,50.6,5618,211,0.707
2023-07-14 23:18:00,50.4,1961,210,0.707
2023-07-14 23:20:00,50.5,4367,211,0.707
2023-07-14 23:22:00,50.7,9804,213,0.707
2023-07-14 23:24:00,50.4,9804,211,0.707
2023-07-14 23:26:00,50.2,7874,211,0.707
2023-07-14 23:28:00,50.6,4926,213,0.707
2023-07-14 23:30:00,50.4,6536,212,0.707
2023-07-14 23:32:00,50.6,3030,213,0.707
2023-07-14 23:34:00,50.5,3584,214,0.707
2023-07-14 23:36:00,50.5,7874,214,0.707
2023-07-14 23:38:00,50.3,4926,213,0.707
2023-07-14 23:40:00,50.5,2066,213,0.707
2023-07-14 23:42:00,50.5,3289,214,0.707
2023-07-14 23:44:00,50.5,1972,212,0.707
2023-07-14 23:46:00,50.5,1724,213,0.707
2023-07-14 23:48:00,50.4,3906,214,0.707
2023-07-14 23:50:00,50.2,1972,214,0.707
2023-07-14 23:52:00,50.5,9804,214,0.707
2023-07-14 23:54:00,50.4,2817,212,0.707
2023-07-14 23:56:00,50.5,7874,215,0.707
2023-07-14 23:58:00,50.7,3279,214,0.707
2023-07-15 00:00:00,50.6,6579,214,0.707
2023-07-15 00:02:00,50.3,1786,214,0.707
2023-07-15 00:04:00,50.5,9804,216,0.707
2023-07-15 00:06:00,50.4,3937,215,0.707
2023-07-15 00:08:00,50.7,5650,216,0.707
2023-07-15 00:10:00,50.4,1634,217,0.707
2023-07-15 00:12:00,50.7,3584,216,0.707
2023-07-15 00:14:00,50.7,5618,216,0.707
2023-07-15 00:16:00,50.5,3257,218,0.707
2023-07-15 00:18:00,50.2,4926,216,0.707
2023-07-15 00:20:00,50.5,3922,216,0.707
2023-07-15 00:22:00,50.5,3584,217,0.707
2023-07-15 00:24:00,50.6,5618,217,0.707
2023-07-15 00:26:00,50.5,3460,216,0.707
2023-07-15 00:28:00,50.5,6579,217,0.707
2023-07-15 00:30:00,50.7,6452,217,0.707
2023-07-15 00:32:00,50.4,4367,218,0.707
2023-07-15 00:34:00,50.3,4367,217,0.707
2023-07-15 00:36:00,50.4,3584,218,0.707
2023-07-15 00:38:00,50.4,7874,218,0.707
2023-07-15 00:40:00,50.7,5618,217,0.707
2023-07-15 00:42:00,50.5,3937,217,0.707
2023-07-15 00:44:00,50.7,2611,219,0.707
2023-07-15 00:46:00,50.5,2793,219,0.707
2023-07-15 00:48:00,50.6,5618,219,0.707
2023-07-15 00:50:00,50.5,2463,220,0.707
2023-07-15 00:52:00,50.5,4902,221,0.707
2023-07-15 00:54:00,50.6,5618,219,0.707
2023-07-15 00:56:00,50.7,9804,219,0.707
2023-07-15 00:58:00,50.7,4926,220,0.707
2023-07-15 01:00:00,50.6,4926,219,0.707
2023-07-15 01:02:00,50.2,3546,219,0.707
2023-07-15 01:04:00,50.3,7874,220,0.707
2023-07-15 01:06:00,50.4,7874,219,0.707
2023-07-15 01:08:00,50.3,4926,218,0
2023-07-15 01:10:00,50.5,3937,220,0.707
2023-07-15 01:12:00,50.5,2309,220,0.707
2023-07-15 01:14:00,50.3,4926,218,0.707
2023-07-15 01:16:00,50.4,5618,217,0.707
2023-07-15 01:18:00,50.3,5618,219,0.707
2023-07-15 01:20:00,50.5,7874,216,0.707
2023-07-15 01:22:00,50.3,3584,217,0.707
2023-07-15 01:24:00,50.3,3247,220,0.707
2023-07-15 01:26:00,50.6,5618,221,0
2023-07-15 01:28:00,50.3,9804,219,0.707
2023-07-15 01:30:00,50.4,3937,219,0.707
2023-07-15 01:32:00,50.4,5618,219,0.707
2023-07-15 01:34:00,50.2,1577,219,0.707
2023-07-15 01:36:00,50.5,4329,219,0.707
2023-07-15 01:38:00,50.3,2075,221,0.707
2023-07-15 01:40:00,50.3,3279,221,0.707
2023-07-15 01:42:00,50.7,4386,219,0.707
2023-07-15 01:44:00,50.6,2809,221,0.707
2023-07-15 01:46:00,50.3,7692,219,0.707
2023-07-15 01:48:00,50.2,4367,218,0.707
2023-07-15 01:50:00,50.4,3584,217,0.707
2023-07-15 01:52:00,50.2,1869,219,0
2023-07-15 01:54:00,50.4,2625,219,0.707
2023-07-15 01:56:00,50.5,3937,216,0.707
2023-07-15 01:58:00,50.6,5618,219,0.707
2023-07-15 02:00:00,50.4,2632,218,0
2023-07-15 02:02:00,50.3,6579,216,0.707
2023-07-15 02:04:00,50.2,4367,216,0.707
2023-07-15 02:06:00,50.4,6452,218,0.707
2023-07-15 02:08:00,50.4,6536,216,0
2023-07-15 02:10:00,50.5,3584,216,0
2023-07-15 02:12:00,50.5,4926,219,0
2023-07-15 02:14:00,50.6,6452,219,0.707
2023-07-15 02:16:00,50.4,4367,216,0
2023-07-15 02:18:00,50.3,6579,216,0
2023-07-15 02:20:00,50.2,5618,219,0
2023-07-15 02:22:00,50.3,6579,218,0.707
2023-07-15 02:24:00,50.5,5618,219,0
2023-07-15 02:26:00,50.5,3937,220,0
2023-07-15 02:28:00,50.7,3937,220,0
2023-07-15 02:30:00,50.5,7874,219,0.707
2023-07-15 02:32:00,50.5,4878,219,0
2023-07-15 02:34:00,50.3,6452,219,0
2023-07-15 02:36:00,50.4,4367,218,0.707
2023-07-15 02:38:00,50.4,4926,218,0.707
2023-07-15 02:40:00,50.6,2309,221,0
2023-07-15 02:42:00,50.4,7874,220,0
2023-07-15 02:44:00,50.1,5618,219,0
2023-07-15 02:46:00,50.4,7874,221,0.707
2023-07-15 02:48:00,50.2,4386,220,0
2023-07-15 02:50:00,50.2,4926,219,0.707
2023-07-15 02:52:00,50.3,3937,217,0
2023-07-15 02:54:00,50.3,1159,221,0
2023-07-15 02:56:00,50.3,4926,219,0.707
2023-07-15 02:58:00,50.3,7874,219,0.707
2023-07-15 03:00:00,50.2,4367,221,0
2023-07-15 03:02:00,50.2,3030,220,0
2023-07-15 03:04:00,50.1,4310,219,0
2023-07-15 03:06:00,50.2,4878,218,0
2023-07-15 03:08:00,50.4,3030,219,0
2023-07-15 03:10:00,50.1,3584,217,0
2023-07-15 03:12:00,50.4,5618,217,0
2023-07-15 03:14:00,50.2,3012,219,0
2023-07-15 03:16:00,50.2,4926,219,0
2023-07-15 03:18:00,50.3,4926,217,0
2023-07-15 03:20:00,50.3,4926,219,0
2023-07-15 03:22:00,50.3,5618,219,0
2023-07-15 03:24:00,50.3,5618,216,0
2023-07-15 03:26:00,50.3,4367,216,0.707
2023-07-15 03:28:00,50.3,5556,217,0
2023-07-15 03:30:00,50.2,3876,217,0
2023-07-15 03:32:00,50.2,7874,219,0
2023-07-15 03:34:00,50.4,3937,220,0
2023-07-15 03:36:00,50.1,6536,220,0
2023-07-15 03:38:00,50.2,4926,219,0.707
2023-07-15 03:40:00,50.1,5618,220,0
2023-07-15 03:42:00,50.2,3937,219,0
2023-07-15 03:44:00,50.3,3279,217,0
2023-07-15 03:46:00,50.3,3268,218,0
2023-07-15 03:48:00,50.2,6536,219,0
2023-07-15 03:50:00,50.3,7874,219,0
2023-07-15 03:52:00,50.3,6579,219,0.707
2023-07-15 03:54:00,50.2,2801,219,0
2023-07-15 03:56:00,50.3,2304,219,0
2023-07-15 03:58:00,50.3,5618,218,0
2023-07-15 04:00:00,50.2,5618,221,0
2023-07-15 04:02:00,50.2,4926,221,0
2023-07-15 04:04:00,50.1,5618,215,0
2023-07-15 04:06:00,50.2,4926,216,0
2023-07-15 04:08:00,50.2,3279,216,0
2023-07-15 04:10:00,50.3,9804,217,0
2023-07-15 04:12:00,50.2,3937,220,0
2023-07-15 04:14:00,50.1,9804,222,0
2023-07-15 04:16:00,50.3,4329,219,0.707
2023-07-15 04:18:00,50.2,4386,216,0
2023-07-15 04:20:00,50.1,4926,219,0
2023-07-15 04:22:00,50.2,5618,218,0
2023-07-15 04:24:00,50.1,7874,218,0
2023-07-15 04:26:00,50.3,2309,221,0
2023-07-15 04:28:00,50.2,7874,222,0
2023-07-15 04:30:00,50.2,6579,219,0
2023-07-15 04:32:00,50.0,7874,216,0
2023-07-15 04:34:00,50.0,5618,221,0
2023-07-15 04:36:00,50.2,3937,223,0
2023-07-15 04:38:00,50.3,3030,217,0
2023-07-15 04:40:00,50.1,4926,221,0
2023-07-15 04:42:00,50.3,2817,223,0
2023-07-15 04:44:00,50.2,7813,222,0
2023-07-15 04:46:00,50.2,7874,218,0
2023-07-15 04:48:00,50.5,1706,223,0.707
2023-07-15 04:50:00,50.2,5556,223,0
2023-07-15 04:52:00,50.2,4926,222,4.24
2023-07-15 04:54:00,50.2,4878,219,7.07
2023-07-15 04:56:00,50.2,3584,221,7.07
2023-07-15 04:58:00,50.2,5618,220,8.49
2023-07-15 05:00:00,50.2,1709,219,7.78
2023-07-15 05:02:00,50.2,3584,220,8.49
2023-07-15 05:04:00,50.1,6452,219,7.07
2023-07-15 05:06:00,50.2,3279,218,0
2023-07-15 05:08:00,50.2,4367,219,0
2023-07-15 05:10:00,50.1,9804,219,0
2023-07-15 05:12:00,50.2,5587,218,0
2023-07-15 05:14:00,50.2,4926,215,0
2023-07-15 05:16:00,50.2,1408,217,0
2023-07-15 05:18:00,50.1,5618,217,0
2023-07-15 05:20:00,50.2,4329,216,0
2023-07-15 05:22:00,50.2,7874,216,0
2023-07-15 05:24:00,50.1,2604,217,0
2023-07-15 05:26:00,50.2,5618,216,0
2023-07-15 05:28:00,50.2,7874,216,0
2023-07-15 05:30:00,50.1,4926,219,0
2023-07-15 05:32:00,50.1,3937,218,0
2023-07-15 05:34:00,50.1,2075,216,0
2023-07-15 05:36:00,50.2,6536,215,0
2023-07-15 05:38:00,50.2,4926,215,0
2023-07-15 05:40:00,50.2,7874,214,0
2023-07-15 05:42:00,50.0,5618,216,0
2023-07-15 05:44:00,50.1,6536,219,0
2023-07-15 05:46:00,50.0,2304,219,0
2023-07-15 05:48:00,50.3,5556,218,0
2023-07-15 05:50:00,50.0,6536,217,0
2023-07-15 05:52:00,50.0,961,212,0
2023-07-15 05:54:00,50.4,9804,216,0
2023-07-15 05:56:00,50.2,,216,
2023-07-15 05:58:00,50.2,,219,
2023-07-15 06:00:00,50.2,,217,
2023-07-15 06:02:00,50.3,,213,
2023-07-15 06:04:00,50.0,,209,
2023-07-15 06:06:00,50.2,,216,
2023-07-15 06:08:00,50.0,,218,
2023-07-15 06:10:00,50.1,,218,
2023-07-15 06:12:00,50.2,,219,
2023-07-15 06:14:00,50.1,,216,
2023-07-15 06:16:00,50.1,,211,
2023-07-15 06:18:00,50.2,,214,
2023-07-15 06:20:00,50.1,,220,
2023-07-15 06:22:00,50.4,,219,
2023-07-15 06:24:00,50.2,,219,
2023-07-15 06:26:00,50.1,,216,
2023-07-15 06:28:00,49.9,,213,
2023-07-15 06:30:00,50.0,,211,
2023-07-15 06:32:00,50.2,,210,
2023-07-15 06:34:00,50.3,,215,
2023-07-15 06:36:00,50.1,,218,
2023-07-15 06:38:00,50.1,,216,
2023-07-15 06:40:00,50.3,,214,
2023-07-15 06:42:00,50.2,,213,
2023-07-15 06:44:00,50.1,,216,
2023-07-15 06:46:00,49.9,,215,
2023-07-15 06:48:00,50.1,,214,
2023-07-15 06:50:00,51.0,,221,
2023-07-15 06:52:00,50.8,,219,
2023-07-15 06:54:00,50.6,,223,
2023-07-15 06:56:00,50.6,,220,
2023-07-15 06:58:00,50.6,,221,
2023-07-15 07:00:00,50.7,,223,
2023-07-15 07:02:00,50.6,,226,
2023-07-15 07:04:00,50.4,,223,
2023-07-15 07:06:00,50.5,,226,
2023-07-15 07:08:00,50.5,,228,
2023-07-15 07:10:00,50.6,,226,
2023-07-15 07:12:00,50.6,,222,
2023-07-15 07:14:00,50.6,,225,
2023-07-15 07:16:00,50.5,,226,
2023-07-15 07:18:00,50.5,,221,
2023-07-15 07:20:00,50.4,,223,
2023-07-15 07:22:00,50.3,,214,
2023-07-15 07:24:00,50.4,,219,
2023-07-15 07:26:00,50.6,,216,
2023-07-15 07:28:00,50.7,,217,
2023-07-15 07:30:00,50.4,,212,
2023-07-15 07:32:00,50.5,,211,
2023-07-15 07:34:00,50.4,,213,
2023-07-15 07:36:00,50.6,,218,
2023-07-15 07:38:00,50.4,,215,
2023-07-15 07:40:00,48.9,,212,
2023-07-15 07:42:00,50.6,,212,
2023-07-15 07:44:00,50.2,,211,
2023-07-15 07:46:00,50.6,,212,
2023-07-15 07:48:00,50.4,,213,
2023-07-15 07:50:00,50.3,,208,
2023-07-15 07:52:00,51.9,,228,
2023-07-15 07:54:00,52.1,,228,
2023-07-15 07:56:00,52.0,,229,
2023-07-15 07:58:00,51.9,,228,
2023-07-15 08:00:00,51.9,,230,
2023-07-15 08:02:00,51.7,,226,
2023-07-15 08:04:00,51.9,,230,
2023-07-15 08:06:00,51.9,,229,
2023-07-15 08:08:00,51.7,,226,
2023-07-15 08:10:00,51.8,,226,
2023-07-15 08:12:00,51.9,,228,
2023-07-15 08:14:00,51.9,,226,
2023-07-15 08:16:00,51.6,,226,
2023-07-15 08:18:00,51.7,,223,
2023-07-15 08:20:00,52.0,,226,
2023-07-15 08:22:00,51.5,,221,
2023-07-15 08:24:00,51.8,,226,
2023-07-15 08:26:00,51.7,,226,
2023-07-15 08:28:00,51.8,,226,
2023-07-15 08:30:00,51.7,,226,
2023-07-15 08:32:00,51.9,,225,
2023-07-15 08:34:00,51.5,,226,
2023-07-15 08:36:00,51.7,,226,
2023-07-15 08:38:00,51.7,,226,
2023-07-15 08:40:00,51.5,,219,
2023-07-15 08:42:00,51.5,,221,
2023-07-15 08:44:00,51.7,,223,
2023-07-15 08:46:00,51.6,,226,
2023-07-15 08:48:00,51.8,,225,
2023-07-15 08:50:00,51.7,,224,
2023-07-15 08:52:00,51.8,,225,
2023-07-15 08:54:00,51.9,,225,
2023-07-15 08:56:00,51.6,,226,
2023-07-15 08:58:00,51.6,,225,
2023-07-15 09:00:00,51.4,,221,
2023-07-15 09:02:00,51.5,,225,
2023-07-15 09:04:00,51.5,,224,
2023-07-15 09:06:00,51.6,,224,
2023-07-15 09:08:00,51.4,,225,
2023-07-15 09:10:00,51.5,,224,
2023-07-15 09:12:00,51.3,,224,
2023-07-15 09:14:00,51.6,,225,
2023-07-15 09:16:00,51.3,,221,
2023-07-15 09:18:00,51.4,,219,
2023-07-15 09:20:00,51.5,,221,
2023-07-15 09:22:00,51.5,,220,
2023-07-15 09:24:00,51.3,,219,
2023-07-15 09:26:00,51.4,,223,
2023-07-15 09:28:00,51.6,,224,
2023-07-15 09:30:00,51.6,,224,
2023-07-15 09:32:00,51.2,,223,
2023-07-15 09:34:00,51.3,,223,
2023-07-15 09:36:00,51.4,,223,
2023-07-15 09:38:00,51.5,,223,
2023-07-15 09:40:00,51.6,,223,
2023-07-15 09:42:00,51.5,,223,
2023-07-15 09:44:00,51.5,,223,
2023-07-15 09:46:00,51.6,,223,
2023-07-15 09:48:00,51.4,,222,
2023-07-15 09:50:00,51.3,,223,
2023-07-15 09:52:00,51.5,,223,
2023-07-15 09:54:00,51.3,,222,
2023-07-15 09:56:00,51.3,,222,
2023-07-15 09:58:00,51.6,,223,
2023-07-15 10:00:00,51.7,,222,
2023-07-15 10:02:00,51.6,,223,
2023-07-15 10:04:00,51.6,,223,
2023-07-15 10:06:00,51.5,,219,
2023-07-15 10:08:00,51.5,,217,
2023-07-15 10:10:00,51.5,,217,
2023-07-15 10:12:00,51.4,,218,
2023-07-15 10:14:00,51.5,,219,
2023-07-15 10:16:00,51.5,,223,
2023-07-15 10:18:00,51.7,,222,
2023-07-15 10:20:00,51.5,,223,
2023-07-15 10:22:00,51.5,,221,
2023-07-15 10:24:00,51.6,,223,
2023-07-15 10:26:00,51.7,,222,
2023-07-15 10:28:00,51.6,,221,
2023-07-15 10:30:00,51.6,,222,
2023-07-15 10:32:00,51.5,,221,
2023-07-15 10:34:00,51.5,,221,
2023-07-15 10:36:00,51.6,,221,
2023-07-15 10:38:00,51.4,,221,
2023-07-15 10:40:00,51.5,,221,
2023-07-15 10:42:00,51.1,,219,
2023-07-15 10:44:00,50.7,,219,
2023-07-15 10:46:00,50.8,,219,
2023-07-15 10:48:00,50.9,,217,
2023-07-15 10:50:00,50.7,,220,
2023-07-15 10:52:00,50.7,,219,
2023-07-15 10:54:00,50.6,,219,
2023-07-15 10:56:00,50.7,,219,
2023-07-15 10:58:00,50.9,,221,
2023-07-15 11:00:00,50.7,,219,
2023-07-15 11:02:00,50.6,,219,
2023-07-15 11:04:00,50.6,,220,
2023-07-15 11:06:00,50.6,,219,
2023-07-15 11:08:00,50.5,,219,
2023-07-15 11:10:00,50.6,,220,
2023-07-15 11:12:00,50.8,,221,
2023-07-15 11:14:00,50.7,,220,
2023-07-15 11:16:00,50.8,,221,
2023-07-15 11:18:00,51.0,,221,
2023-07-15 11:20:00,51.0,,220,
2023-07-15 11:22:00,50.8,,219,
2023-07-15 11:24:00,50.7,,219,
2023-07-15 11:26:00,50.8,,220,
2023-07-15 11:28:00,51.0,,219,
2023-07-15 11:30:00,50.9,,220,
2023-07-15 11:32:00,50.8,,221,
2023-07-15 11:34:00,50.9,,219,
2023-07-15 11:36:00,50.8,,220,
2023-07-15 11:38:00,50.9,,220,
2023-07-15 11:40:00,51.0,,221,
2023-07-15 11:42:00,50.9,,219,
2023-07-15 11:44:00,50.9,,219,
2023-07-15 11:46:00,50.9,,221,
2023-07-15 11:48:00,50.9,,218,
2023-07-15 11:50:00,50.8,,218,
2023-07-15 11:52:00,51.1,,219,
2023-07-15 11:54:00,51.0,,220,
2023-07-15 11:56:00,51.0,,219,
2023-07-15 11:58:00,51.1,,220,
2023-07-15 12:00:00,51.1,,220,
2023-07-15 12:02:00,51.4,,218,
2023-07-15 12:04:00,51.4,,221,
2023-07-15 12:06:00,51.3,,221,
2023-07-15 12:08:00,51.6,,221,
2023-07-15 12:10:00,51.4,,221,
2023-07-15 12:12:00,51.5,,221,
2023-07-15 12:14:00,51.4,,219,
2023-07-15 12:16:00,51.5,,222,
2023-07-15 12:18:00,51.5,,221,
2023-07-15 12:20:00,51.7,,220,
2023-07-15 12:22:00,51.6,,220,
2023-07-15 12:24:00,51.8,,222,
2023-07-15 12:26:00,51.8,,222,
2023-07-15 12:28:00,51.7,,223,
2023-07-15 12:30:00,51.7,,223,
2023-07-15 12:32:00,52.0,,223,
2023-07-15 12:34:00,51.7,,221,
2023-07-15 12:36:00,51.8,,223,
2023-07-15 12:38:00,51.9,,223,
2023-07-15 12:40:00,51.6,,223,
2023-07-15 12:42:00,51.8,,223,
2023-07-15 12:44:00,51.5,,222,
2023-07-15 12:46:00,51.6,,223,
2023-07-15 12:48:00,51.3,,218,
2023-07-15 12:50:00,51.4,,219,
2023-07-15 12:52:00,51.8,,224,
2023-07-15 12:54:00,51.8,,225,
2023-07-15 12:56:00,51.6,,224,
2023-07-15 12:58:00,51.7,,224,
2023-07-15 13:00:00,51.7,,222,
2023-07-15 13:02:00,51.6,,223,
2023-07-15 13:04:00,51.8,,224,
2023-07-15 13:06:00,51.6,,222,
2023-07-15 13:08:00,51.9,,226,
2023-07-15 13:10:00,51.7,,226,
2023-07-15 13:12:00,51.8,,226,
2023-07-15 13:14:00,51.8,,225,
2023-07-15 13:16:00,51.5,,224,
2023-07-15 13:18:00,51.5,,225,
2023-07-15 13:20:00,51.8,,221,
2023-07-15 13:22:00,51.6,,221,
2023-07-15 13:24:00,51.6,,222,
2023-07-15 13:26:00,51.7,,222,
2023-07-15 13:28:00,51.8,,225,
2023-07-15 13:30:00,51.8,,225,
2023-07-15 13:32:00,51.9,,225,
2023-07-15 13:34:00,51.6,,226,
2023-07-15 13:36:00,51.7,,226,
2023-07-15 13:38:00,51.8,,225,
2023-07-15 13:40:00,51.7,,226,
2023-07-15 13:42:00,51.8,,226,
2023-07-15 13:44:00,51.7,,226,
2023-07-15 13:46:00,51.6,,226,
2023-07-15 13:48:00,51.7,,227,
2023-07-15 13:50:00,51.6,,223,
2023-07-15 13:52:00,51.7,,223,
2023-07-15 13:54:00,51.7,,222,
2023-07-15 13:56:00,51.8,,226,
2023-07-15 13:58:00,51.7,,225,
2023-07-15 14:00:00,51.8,,225,
2023-07-15 14:02:00,51.9,,225,
2023-07-15 14:04:00,51.6,,223,
2023-07-15 14:06:00,51.8,,224,
2023-07-15 14:08:00,51.5,,224,
2023-07-15 14:10:00,51.7,,225,
2023-07-15 14:12:00,50.5,,185,
2023-07-15 14:14:00,50.7,,194,
2023-07-15 14:16:00,50.3,,187,
2023-07-15 14:18:00,50.4,,190,
2023-07-15 14:20:00,50.6,,190,
2023-07-15 14:22:00,50.4,,190,
2023-07-15 14:24:00,50.6,,194,
2023-07-15 14:26:00,50.2,,192,
2023-07-15 14:28:00,50.3,,192,
2023-07-15 14:30:00,50.5,,185,
2023-07-15 14:32:00,50.7,,194,
2023-07-15 14:34:00,50.6,,193,
2023-07-15 14:36:00,50.3,,187,
2023-07-15 14:38:00,50.4,,196,
2023-07-15 14:40:00,50.4,,194,
2023-07-15 14:42:00,50.5,,189,
2023-07-15 14:44:00,50.5,,187,
2023-07-15 14:46:00,50.4,,190,
2023-07-15 14:48:00,50.5,,194,
2023-07-15 14:50:00,50.3,,190,
2023-07-15 14:52:00,50.4,,190,
2023-07-15 14:54:00,50.1,,190,
2023-07-15 14:56:00,50.4,,190,
2023-07-15 14:58:00,50.7,,193,
2023-07-15 15:00:00,50.5,,192,
2023-07-15 15:02:00,50.3,,191,
2023-07-15 15:04:00,50.1,,190,
2023-07-15 15:06:00,50.4,,189,
2023-07-15 15:08:00,50.3,,185,
2023-07-15 15:10:00,50.3,,191,
2023-07-15 15:12:00,50.4,,185,
2023-07-15 15:14:00,50.2,,187,
2023-07-15 15:16:00,50.3,,187,
2023-07-15 15:18:00,50.3,,192,
2023-07-15 15:20:00,50.4,,190,
2023-07-15 15:22:00,50.5,,187,
2023-07-15 15:24:00,50.2,,193,
2023-07-15 15:26:00,50.5,,195,
2023-07-15 15:28:00,50.3,,195,
2023-07-15 15:30:00,50.3,,195,
2023-07-15 15:32:00,50.5,,193,
2023-07-15 15:34:00,50.3,,191,
2023-07-15 15:36:00,50.6,,194,
2023-07-15 15:38:00,50.3,,194,
2023-07-15 15:40:00,50.1,,194,
2023-07-15 15:42:00,50.2,,192,
2023-07-15 15:44:00,50.3,,192,
2023-07-15 15:46:00,50.2,,190,
2023-07-15 15:48:00,50.2,,194,
2023-07-15 15:50:00,50.5,,192,
2023-07-15 15:52:00,50.5,,199,
2023-07-15 15:54:00,50.4,,197,
2023-07-15 15:56:00,50.2,,197,
2023-07-15 15:58:00,50.3,,196,
2023-07-15 16:00:00,50.6,,200,
2023-07-15 16:02:00,50.2,,192,
2023-07-15 16:04:00,50.3,,190,
2023-07-15 16:06:00,50.5,,200,
2023-07-15 16:08:00,50.4,,194,
2023-07-15 16:10:00,50.4,,194,
2023-07-15 16:12:00,50.2,,193,
2023-07-15 16:14:00,50.5,,191,
2023-07-15 16:16:00,50.5,,193,
2023-07-15 16:18:00,50.0,,194,
2023-07-15 16:20:00,50.4,,198,
2023-07-15 16:22:00,50.6,,194,
2023-07-15 16:24:00,50.3,,197,
2023-07-15 16:26:00,50.5,,194,
2023-07-15 16:28:00,50.3,,197,
2023-07-15 16:30:00,50.5,,194,
2023-07-15 16:32:00,50.5,,195,
2023-07-15 16:34:00,50.6,,191,
2023-07-15 16:36:00,50.6,,196,
2023-07-15 16:38:00,50.4,,194,
2023-07-15 16:40:00,50.5,,194,
2023-07-15 16:42:00,50.5,,193,
2023-07-15 16:44:00,50.5,,192,
2023-07-15 16:46:00,50.4,,192,
2023-07-15 16:48:00,50.5,,193,
2023-07-15 16:50:00,50.3,,197,
2023-07-15 16:52:00,50.4,,194,
2023-07-15 16:54:00,50.3,,191,
2023-07-15 16:56:00,50.4,,191,
2023-07-15 16:58:00,50.5,,192,
2023-07-15 17:00:00,50.4,,190,
2023-07-15 17:02:00,50.1,,192,
2023-07-15 17:04:00,50.6,,192,
2023-07-15 17:06:00,50.3,,192,
2023-07-15 17:08:00,50.6,,198,
2023-07-15 17:10:00,50.3,,191,
2023-07-15 17:12:00,50.4,,192,
2023-07-15 17:14:00,50.3,,182,
2023-07-15 17:16:00,50.4,,185,
2023-07-15 17:18:00,50.4,,180,
2023-07-15 17:20:00,50.6,,185,
2023-07-15 17:22:00,50.3,,185,
2023-07-15 17:24:00,50.1,,190,
2023-07-15 17:26:00,50.5,,189,
2023-07-15 17:28:00,50.2,,191,
2023-07-15 17:30:00,50.4,,187,
2023-07-15 17:32:00,50.3,,192,
2023-07-15 17:34:00,50.0,,190,
2023-07-15 17:36:00,50.5,,191,
2023-07-15 17:38:00,50.5,,191,
2023-07-15 17:40:00,50.3,,188,
2023-07-15 17:42:00,50.2,,189,
2023-07-15 17:44:00,50.4,,188,
2023-07-15 17:46:00,50.1,,190,
2023-07-15 17:48:00,50.1,,188,
2023-07-15 17:50:00,50.2,,188,
2023-07-15 17:52:00,50.2,,183,
2023-07-15 17:54:00,50.2,,187,
2023-07-15 17:56:00,50.3,,188,
2023-07-15 17:58:00,50.3,,186,
2023-07-15 18:00:00,50.3,,185,
2023-07-15 18:02:00,50.2,,187,
2023-07-15 18:04:00,50.3,,185,
2023-07-15 18:06:00,49.9,,184,
2023-07-15 18:08:00,50.1,,184,
2023-07-15 18:10:00,50.0,,185,
2023-07-15 18:12:00,50.3,,184,
2023-07-15 18:14:00,50.1,,185,
2023-07-15 18:16:00,50.0,,186,
2023-07-15 18:18:00,50.4,,186,
2023-07-15 18:20:00,50.0,,186,
2023-07-15 18:22:00,50.0,,185,
2023-07-15 18:24:00,49.9,,185,
2023-07-15 18:26:00,50.1,,179,
2023-07-15 18:28:00,49.8,,178,
2023-07-15 18:30:00,49.8,,180,
2023-07-15 18:32:00,50.3,,175,
2023-07-15 18:34:00,50.1,,176,
2023-07-15 18:36:00,49.9,,178,
2023-07-15 18:38:00,49.6,,180,
2023-07-15 18:40:00,49.8,,180,
2023-07-15 18:42:00,50.2,,182,
2023-07-15 18:44:00,49.9,,184,
2023-07-15 18:46:00,50.2,,187,
2023-07-15 18:48:00,50.1,,185,
2023-07-15 18:50:00,49.9,,182,
2023-07-15 18:52:00,50.0,,182,
2023-07-15 18:54:00,50.2,,184,
2023-07-15 18:56:00,50.2,,187,
2023-07-15 18:58:00,49.7,,186,
2023-07-15 19:00:00,50.0,,184,
2023-07-15 19:02:00,50.1,,182,
2023-07-15 19:04:00,50.1,,185,
2023-07-15 19:06:00,50.0,,185,
2023-07-15 19:08:00,50.0,,182,
2023-07-15 19:10:00,50.1,,185,
2023-07-15 19:12:00,50.0,,184,
2023-07-15 19:14:00,50.2,,183,
2023-07-15 19:16:00,50.0,,181,
2023-07-15 19:18:00,50.1,,184,
2023-07-15 19:20:00,50.0,,184,
2023-07-15 19:22:00,50.0,,184,
2023-07-15 19:24:00,50.2,,188,
2023-07-15 19:26:00,50.2,,185,
2023-07-15 19:28:00,50.2,,189,
2023-07-15 19:30:00,50.1,,184,
2023-07-15 19:32:00,50.0,,182,
2023-07-15 19:34:00,49.9,,184,
2023-07-15 19:36:00,50.1,,182,
2023-07-15 19:38:00,50.1,,183,
2023-07-15 19:40:00,50.2,,186,
2023-07-15 19:42:00,50.5,,184,
2023-07-15 19:44:00,50.1,,185,
2023-07-15 19:46:00,50.1,,183,
2023-07-15 19:48:00,50.1,,180,
2023-07-15 19:50:00,50.1,,185,
2023-07-15 19:52:00,50,,185,
2023-07-15 19:54:00,50.0,,187,
2023-07-15 19:56:00,50.2,,187,
2023-07-15 19:58:00,50.0,,186,
2023-07-15 20:00:00,49.9,,187,
2023-07-15 20:02:00,50.1,,187,
2023-07-15 20:04:00,49.9,,189,
2023-07-15 20:06:00,50.4,,189,
2023-07-15 20:08:00,50.1,,187,
2023-07-15 20:10:00,50.2,,187,
2023-07-15 20:12:00,50.1,,190,
2023-07-15 20:14:00,50.1,,188,
2023-07-15 20:16:00,50.2,,190,
2023-07-15 20:18:00,50.2,,191,
2023-07-15 20:20:00,50.0,,190,
2023-07-15 20:22:00,50.1,,191,
2023-07-15 20:24:00,50.2,,191,
2023-07-15 20:26:00,50.2,,190,
2023-07-15 20:28:00,50.0,,190,
2023-07-15 20:30:00,50.3,,190,
2023-07-15 20:32:00,50.3,,190,
2023-07-15 20:34:00,50.4,,190,
2023-07-15 20:36:00,50.3,,190,
2023-07-15 20:38:00,50.3,,192,
2023-07-15 20:40:00,50.0,,194,
2023-07-15 20:42:00,50.2,,197,
2023-07-15 20:44:00,50.3,,194,
2023-07-15 20:46:00,50.2,,196,
2023-07-15 20:48:00,50.3,,195,
2023-07-15 20:50:00,50.5,,196,
2023-07-15 20:52:00,50.4,,198,
2023-07-15 20:54:00,50.2,,198,
2023-07-15 20:56:00,50.2,,199,
2023-07-15 20:58:00,50.3,,199,
2023-07-15 21:00:00,50.1,,201,
2023-07-15 21:02:00,50.5,,200,
2023-07-15 21:04:00,50.3,,195,
2023-07-15 21:06:00,50.4,,199,
2023-07-15 21:08:00,50.3,,198,
2023-07-15 21:10:00,50.5,,196,
2023-07-15 21:12:00,50.2,,197,
2023-07-15 21:14:00,50.3,,198,
2023-07-15 21:16:00,50.3,,194,
2023-07-15 21:18:00,50.3,,198,
2023-07-15 21:20:00,50.3,,193,
2023-07-15 21:22:00,50.4,,194,
2023-07-15 21:24:00,50.6,,200,
2023-07-15 21:26:00,50.6,,200,
2023-07-15 21:28:00,50.2,,199,
2023-07-15 21:30:00,50.3,,198,
2023-07-15 21:32:00,50.5,,201,
2023-07-15 21:34:00,50.3,,198,
2023-07-15 21:36:00,50.3,,190,
2023-07-15 21:38:00,50.2,,192,
2023-07-15 21:40:00,50.5,,196,
2023-07-15 21:42:00,50.5,,197,
2023-07-15 21:44:00,50.5,,202,
2023-07-15 21:46:00,50.3,,200,
2023-07-15 21:48:00,50.3,,202,
2023-07-15 21:50:00,50.4,,202,
2023-07-15 21:52:00,50.4,,194,
2023-07-15 21:54:00,50.2,,199,
2023-07-15 21:56:00,50.1,,202,
2023-07-15 21:58:00,50.2,,201,
2023-07-15 22:00:00,50.2,,202,
2023-07-15 22:02:00,50.0,,199,
2023-07-15 22:04:00,50.0,,199,
2023-07-15 22:06:00,50.2,,198,
2023-07-15 22:08:00,50.2,,201,
2023-07-15 22:10:00,50.4,,192,
2023-07-15 22:12:00,50.4,,195,
2023-07-15 22:14:00,50.3,,197,
2023-07-15 22:16:00,50.3,,197,
2023-07-15 22:18:00,50.2,,201,
2023-07-15 22:20:00,50.3,,199,
2023-07-15 22:22:00,50.1,,201,
2023-07-15 22:24:00,50.6,,195,
2023-07-15 22:26:00,50.3,,199,
2023-07-15 22:28:00,50.2,,204,
2023-07-15 22:30:00,50.5,,204,
2023-07-15 22:32:00,50.2,,202,
2023-07-15 22:34:00,50.5,,202,
2023-07-15 22:36:00,50.0,,197,
2023-07-15 22:38:00,49.8,,201,
2023-07-15 22:40:00,50.2,,204,
2023-07-15 22:42:00,50.2,,204,
2023-07-15 22:44:00,50.3,,204,
2023-07-15 22:46:00,50.5,,202,
2023-07-15 22:48:00,50.3,,202,
2023-07-15 22:50:00,50.0,,204,
2023-07-15 22:52:00,50.2,,206,
2023-07-15 22:54:00,50.2,,205,
2023-07-15 22:56:00,50.2,,208,
2023-07-15 22:58:00,50.3,,208,
2023-07-15 23:00:00,50.1,,204,
2023-07-15 23:02:00,50.2,,209,
2023-07-15 23:04:00,50.0,,209,
2023-07-15 23:06:00,50.1,,207,
2023-07-15 23:08:00,50.0,,207,
2023-07-15 23:10:00,50,,210,
2023-07-15 23:12:00,49.9,,208,
2023-07-15 23:14:00,50.0,,207,
2023-07-15 23:16:00,50.0,,211,
2023-07-15 23:18:00,49.9,,209,
2023-07-15 23:20:00,50.0,,207,
2023-07-15 23:22:00,50.1,,204,
2023-07-15 23:24:00,50.1,,208,
2023-07-15 23:26:00,50.3,,209,
2023-07-15 23:28:00,50.0,,209,
2023-07-15 23:30:00,50.0,,209,
2023-07-15 23:32:00,49.9,,208,
2023-07-15 23:34:00,49.8,,207,
2023-07-15 23:36:00,49.9,,211,
2023-07-15 23:38:00,50.3,,211,
2023-07-15 23:40:00,50.3,,209,
2023-07-15 23:42:00,50.2,,212,
2023-07-15 23:44:00,49.8,,211,
2023-07-15 23:46:00,50.2,,214,
2023-07-15 23:48:00,50.1,,214,
2023-07-15 23:50:00,50.1,,213,
2023-07-15 23:52:00,50.3,,212,
2023-07-15 23:54:00,50.0,,211,
2023-07-15 23:56:00,50.4,,211,
2023-07-15 23:58:00,50.3,,214,