"Time","Frequency 3E2F4FD3 (Ch Cbca Bethesda Ndosho - laboratoire)","Frequency C30F2E03 (Ch Cbca Bethesda Ndosho - clinique)","Voltage 3E2F4FD3 (Ch Cbca Bethesda Ndosho - laboratoire)","Voltage C30F2E03 (Ch Cbca Bethesda Ndosho - clinique)"
2023-07-30 00:00:00,50.1,,199,
2023-07-30 00:02:00,50.2,,207,
2023-07-30 00:04:00,50.1,,206,
2023-07-30 00:06:00,50.3,,206,
2023-07-30 00:08:00,50.3,,207,
2023-07-30 00:10:00,50.2,,207,
2023-07-30 00:12:00,50.3,,207,
2023-07-30 00:14:00,50.2,,206,
2023-07-30 00:16:00,50.2,,207,
2023-07-30 00:18:00,50.2,,207,
2023-07-30 00:20:00,50.2,,206,
2023-07-30 00:22:00,50.1,,206,
2023-07-30 00:24:00,50.2,,207,
2023-07-30 00:26:00,50.1,,202,
2023-07-30 00:28:00,50.2,,207,
2023-07-30 00:30:00,50.1,,207,
2023-07-30 00:32:00,50.2,,207,
2023-07-30 00:34:00,50.3,,207,
2023-07-30 00:36:00,50.2,,206,
2023-07-30 00:38:00,50.3,,207,
2023-07-30 00:40:00,50.3,,206,
2023-07-30 00:42:00,50.1,,206,
2023-07-30 00:44:00,50.3,,207,
2023-07-30 00:46:00,49.9,,207,
2023-07-30 00:48:00,50.3,,207,
2023-07-30 00:50:00,50.1,,207,
2023-07-30 00:52:00,50.2,,207,
2023-07-30 00:54:00,50.2,,207,
2023-07-30 00:56:00,50.2,,208,
2023-07-30 00:58:00,50.3,,207,
2023-07-30 01:00:00,50.2,,208,
2023-07-30 01:02:00,50.2,,207,
2023-07-30 01:04:00,50.2,,207,
2023-07-30 01:06:00,50.2,,207,
2023-07-30 01:08:00,50.3,,208,
2023-07-30 01:10:00,50.3,,207,
2023-07-30 01:12:00,50.2,,208,
2023-07-30 01:14:00,50.1,,207,
2023-07-30 01:16:00,50.3,,207,
2023-07-30 01:18:00,50.1,,209,
2023-07-30 01:20:00,50.1,,208,
2023-07-30 01:22:00,50.1,,207,
2023-07-30 01:24:00,50.1,,207,
2023-07-30 01:26:00,50.4,,209,
2023-07-30 01:28:00,50.3,,208,
2023-07-30 01:30:00,50.2,,207,
2023-07-30 01:32:00,50.3,,208,
2023-07-30 01:34:00,50.3,,209,
2023-07-30 01:36:00,50.4,,209,
2023-07-30 01:38:00,50.3,,209,
2023-07-30 01:40:00,50.3,,209,
2023-07-30 01:42:00,50.1,,208,
2023-07-30 01:44:00,50.3,,209,
2023-07-30 01:46:00,50.3,,209,
2023-07-30 01:48:00,50.4,,208,
2023-07-30 01:50:00,50.3,,208,
2023-07-30 01:52:00,50.0,,208,
2023-07-30 01:54:00,50.2,,208,
2023-07-30 01:56:00,50.2,,209,
2023-07-30 01:58:00,50.0,,207,
2023-07-30 02:00:00,50.2,,208,
2023-07-30 02:02:00,50.3,,208,
2023-07-30 02:04:00,50.3,,207,
2023-07-30 02:06:00,50.2,,207,
2023-07-30 02:08:00,50.4,,207,
2023-07-30 02:10:00,50.2,,207,
2023-07-30 02:12:00,50.3,,207,
2023-07-30 02:14:00,50.3,,207,
2023-07-30 02:16:00,50.2,,207,
2023-07-30 02:18:00,50.3,,207,
2023-07-30 02:20:00,50.2,,208,
2023-07-30 02:22:00,50.1,,208,
2023-07-30 02:24:00,50.3,,209,
2023-07-30 02:26:00,50.3,,208,
2023-07-30 02:28:00,50.2,,209,
2023-07-30 02:30:00,50.3,,209,
2023-07-30 02:32:00,50.3,,209,
2023-07-30 02:34:00,50.0,,208,
2023-07-30 02:36:00,50.5,,209,
2023-07-30 02:38:00,50.2,,208,
2023-07-30 02:40:00,50.3,,208,
2023-07-30 02:42:00,50.2,,208,
2023-07-30 02:44:00,50.2,,209,
2023-07-30 02:46:00,50.3,,208,
2023-07-30 02:48:00,50.4,,207,
2023-07-30 02:50:00,50.1,,208,
2023-07-30 02:52:00,50.3,,209,
2023-07-30 02:54:00,50.3,,209,
2023-07-30 02:56:00,50.4,,209,
2023-07-30 02:58:00,50.1,,209,
2023-07-30 03:00:00,50.2,,209,
2023-07-30 03:02:00,50.2,,209,
2023-07-30 03:04:00,50.4,,209,
2023-07-30 03:06:00,50.4,,209,
2023-07-30 03:08:00,50.2,,209,
2023-07-30 03:10:00,50.2,,209,
2023-07-30 03:12:00,50.2,,208,
2023-07-30 03:14:00,50.5,,208,
2023-07-30 03:16:00,50.3,,208,
2023-07-30 03:18:00,50.2,,208,
2023-07-30 03:20:00,50.3,,208,
2023-07-30 03:22:00,50.3,,209,
2023-07-30 03:24:00,50.3,,209,
2023-07-30 03:26:00,50.3,,209,
2023-07-30 03:28:00,50.3,,209,
2023-07-30 03:30:00,50.3,,209,
2023-07-30 03:32:00,50.2,,209,
2023-07-30 03:34:00,50.3,,209,
2023-07-30 03:36:00,50.3,,209,
2023-07-30 03:38:00,50.1,,209,
2023-07-30 03:40:00,50.3,,209,
2023-07-30 03:42:00,50.3,,209,
2023-07-30 03:44:00,50.2,,209,
2023-07-30 03:46:00,50.3,,209,
2023-07-30 03:48:00,50.3,,209,
2023-07-30 03:50:00,50.3,,209,
2023-07-30 03:52:00,50.2,,209,
2023-07-30 03:54:00,50.4,,209,
2023-07-30 03:56:00,50.3,,209,
2023-07-30 03:58:00,50.4,,209,
2023-07-30 04:00:00,50.2,,209,
2023-07-30 04:02:00,50.3,,209,
2023-07-30 04:04:00,50.3,,209,
2023-07-30 04:06:00,50.3,,208,
2023-07-30 04:08:00,50.2,,209,
2023-07-30 04:10:00,50.3,,208,
2023-07-30 04:12:00,50.3,,209,
2023-07-30 04:14:00,50.3,,209,
2023-07-30 04:16:00,50.2,,209,
2023-07-30 04:18:00,50.3,,209,
2023-07-30 04:20:00,50.2,,209,
2023-07-30 04:22:00,50.2,,209,
2023-07-30 04:24:00,50.3,,208,
2023-07-30 04:26:00,50.4,,209,
2023-07-30 04:28:00,50.2,,209,
2023-07-30 04:30:00,50.5,,209,
2023-07-30 04:32:00,50.3,,209,
2023-07-30 04:34:00,50.0,,209,
2023-07-30 04:36:00,50.2,,209,
2023-07-30 04:38:00,50.3,,209,
2023-07-30 04:40:00,50.4,,207,
2023-07-30 04:42:00,50.3,,207,
2023-07-30 04:44:00,50.3,,207,
2023-07-30 04:46:00,50.3,,207,
2023-07-30 04:48:00,50.2,,207,
2023-07-30 04:50:00,50.3,,207,
2023-07-30 04:52:00,50.3,,207,
2023-07-30 04:54:00,50.3,,207,
2023-07-30 04:56:00,50.2,,207,
2023-07-30 04:58:00,50.3,,207,
2023-07-30 05:00:00,50.2,,208,
2023-07-30 05:02:00,50.2,,208,
2023-07-30 05:04:00,50.2,,207,
2023-07-30 05:06:00,50.2,,208,
2023-07-30 05:08:00,50.3,,207,
2023-07-30 05:10:00,50.4,,207,
2023-07-30 05:12:00,50.3,,207,
2023-07-30 05:14:00,50.3,,208,
2023-07-30 05:16:00,50.3,,209,
2023-07-30 05:18:00,50.3,,207,
2023-07-30 05:20:00,50.3,,207,
2023-07-30 05:22:00,50.3,,205,
2023-07-30 05:24:00,50.2,,209,
2023-07-30 05:26:00,50.3,,209,
2023-07-30 05:28:00,50.2,,207,
2023-07-30 05:30:00,50.2,,209,
2023-07-30 05:32:00,50.3,,209,
2023-07-30 05:34:00,50.1,,207,
2023-07-30 05:36:00,50.2,,207,
2023-07-30 05:38:00,50.3,,209,
2023-07-30 05:40:00,50.3,,208,
2023-07-30 05:42:00,50.2,,207,
2023-07-30 05:44:00,50.1,,206,
2023-07-30 05:46:00,50.4,,207,
2023-07-30 05:48:00,50.4,,209,
2023-07-30 05:50:00,50.3,,208,
2023-07-30 05:52:00,50.2,,207,
2023-07-30 05:54:00,50.3,,207,
2023-07-30 05:56:00,50.3,,208,
2023-07-30 05:58:00,50.3,,205,
2023-07-30 06:00:00,50.3,,205,
2023-07-30 06:02:00,50.1,,199,
2023-07-30 06:04:00,50.3,,205,
2023-07-30 06:06:00,50.1,,208,
2023-07-30 06:08:00,50.1,,201,
2023-07-30 06:10:00,50.1,,202,
2023-07-30 06:12:00,50.2,,199,
2023-07-30 06:14:00,50.2,,205,
2023-07-30 06:16:00,50.2,,201,
2023-07-30 06:18:00,50.4,,204,
2023-07-30 06:20:00,50.1,,201,
2023-07-30 06:22:00,50.2,,204,
2023-07-30 06:24:00,50.3,,204,
2023-07-30 06:26:00,50.1,,206,
2023-07-30 06:28:00,50.3,,208,
2023-07-30 06:30:00,50.3,,207,
2023-07-30 06:32:00,50.2,,205,
2023-07-30 06:34:00,50.1,,208,
2023-07-30 06:36:00,50.2,,205,
2023-07-30 06:38:00,50.1,,202,
2023-07-30 06:40:00,50.2,,205,
2023-07-30 06:42:00,50,,207,
2023-07-30 06:44:00,50.2,,204,
2023-07-30 06:46:00,50.2,,207,
2023-07-30 06:48:00,49.9,,201,
2023-07-30 06:50:00,50.1,,204,
2023-07-30 06:52:00,50.2,,205,
2023-07-30 06:54:00,50.0,,206,
2023-07-30 06:56:00,50.2,,207,
2023-07-30 06:58:00,50.6,,204,
2023-07-30 07:00:00,50.5,,204,
2023-07-30 07:02:00,50.5,,207,
2023-07-30 07:04:00,50.6,,207,
2023-07-30 07:06:00,50.3,,205,
2023-07-30 07:08:00,50.2,,207,
2023-07-30 07:10:00,50.7,,207,
2023-07-30 07:12:00,50.1,,206,
2023-07-30 07:14:00,50.5,,207,
2023-07-30 07:16:00,50.4,,206,
2023-07-30 07:18:00,50.3,,204,
2023-07-30 07:20:00,50.5,,207,
2023-07-30 07:22:00,50.6,,207,
2023-07-30 07:24:00,50.5,,206,
2023-07-30 07:26:00,50.1,,205,
2023-07-30 07:28:00,50.5,,206,
2023-07-30 07:30:00,50.4,,205,
2023-07-30 07:32:00,50.4,,207,
2023-07-30 07:34:00,50.2,,206,
2023-07-30 07:36:00,50.3,,206,
2023-07-30 07:38:00,50.0,,202,
2023-07-30 07:40:00,50.2,,207,
2023-07-30 07:42:00,50.1,,202,
2023-07-30 07:44:00,50.3,,205,
2023-07-30 07:46:00,50.2,,204,
2023-07-30 07:48:00,50.3,,206,
2023-07-30 07:50:00,50.6,,207,
2023-07-30 07:52:00,50.3,,206,
2023-07-30 07:54:00,50.4,,207,
2023-07-30 07:56:00,50.5,,202,
2023-07-30 07:58:00,50.0,,204,
2023-07-30 08:00:00,49.8,,202,
2023-07-30 08:02:00,50.2,,204,
2023-07-30 08:04:00,50.2,,202,
2023-07-30 08:06:00,50.0,,202,
2023-07-30 08:08:00,50.1,,201,
2023-07-30 08:10:00,50.4,,202,
2023-07-30 08:12:00,50.1,,202,
2023-07-30 08:14:00,50.2,,204,
2023-07-30 08:16:00,50.2,,202,
2023-07-30 08:18:00,50.4,,202,
2023-07-30 08:20:00,50.4,,204,
2023-07-30 08:22:00,50.3,,200,
2023-07-30 08:24:00,50.2,,201,
2023-07-30 08:26:00,50.6,,203,
2023-07-30 08:28:00,50.5,,201,
2023-07-30 08:30:00,50.7,,199,
2023-07-30 08:32:00,50.6,,200,
2023-07-30 08:34:00,50.5,,201,
2023-07-30 08:36:00,50.2,,202,
2023-07-30 08:38:00,50.2,,202,
2023-07-30 08:40:00,50.1,,201,
2023-07-30 08:42:00,50.3,,200,
2023-07-30 08:44:00,50.2,,202,
2023-07-30 08:46:00,50.0,,204,
2023-07-30 08:48:00,50.4,,203,
2023-07-30 08:50:00,50.3,,200,
2023-07-30 08:52:00,50.2,,199,
2023-07-30 08:54:00,50.2,,201,
2023-07-30 08:56:00,50.2,,203,
2023-07-30 08:58:00,50.3,,203,
2023-07-30 09:00:00,50.0,,204,
2023-07-30 09:02:00,50.2,,197,
2023-07-30 09:04:00,50.5,,204,
2023-07-30 09:06:00,50.3,,201,
2023-07-30 09:08:00,50.3,,202,
2023-07-30 09:10:00,50.0,,202,
2023-07-30 09:12:00,50.4,,201,
2023-07-30 09:14:00,50.2,,202,
2023-07-30 09:16:00,50.2,,203,
2023-07-30 09:18:00,50.2,,201,
2023-07-30 09:20:00,50.1,,200,
2023-07-30 09:22:00,50.4,,200,
2023-07-30 09:24:00,50.2,,202,
2023-07-30 09:26:00,50.4,,202,
2023-07-30 09:28:00,50.7,,200,
2023-07-30 09:30:00,50.6,,202,
2023-07-30 09:32:00,50.9,,202,
2023-07-30 09:34:00,50.7,,202,
2023-07-30 09:36:00,50.6,,200,
2023-07-30 09:38:00,50.4,,201,
2023-07-30 09:40:00,50.2,,201,
2023-07-30 09:42:00,50.2,,202,
2023-07-30 09:44:00,49.9,,203,
2023-07-30 09:46:00,50.0,,203,
2023-07-30 09:48:00,50.1,,199,
2023-07-30 09:50:00,50.2,,199,
2023-07-30 09:52:00,49.9,,199,
2023-07-30 09:54:00,50.0,,199,
2023-07-30 09:56:00,50.0,,200,
2023-07-30 09:58:00,49.9,,201,
2023-07-30 10:00:00,50.3,,200,
2023-07-30 10:02:00,49.8,,202,
2023-07-30 10:04:00,50.3,,204,
2023-07-30 10:06:00,50.1,,202,
2023-07-30 10:08:00,50.1,,202,
2023-07-30 10:10:00,50.2,,203,
2023-07-30 10:12:00,50.1,,200,
2023-07-30 10:14:00,49.8,,198,
2023-07-30 10:16:00,50.0,,199,
2023-07-30 10:18:00,49.9,,201,
2023-07-30 10:20:00,50.3,,202,
2023-07-30 10:22:00,50.1,,200,
2023-07-30 10:24:00,50.2,,201,
2023-07-30 10:26:00,50.2,,199,
2023-07-30 10:28:00,50.0,,200,
2023-07-30 10:30:00,50.2,,199,
2023-07-30 10:32:00,50.2,,201,
2023-07-30 10:34:00,50.0,,200,
2023-07-30 10:36:00,50.5,,200,
2023-07-30 10:38:00,49.9,,200,
2023-07-30 10:40:00,50.2,,201,
2023-07-30 10:42:00,50.3,,199,
2023-07-30 10:44:00,50.0,,201,
2023-07-30 10:46:00,50.0,,199,
2023-07-30 10:48:00,49.9,,202,
2023-07-30 10:50:00,49.9,,199,
2023-07-30 10:52:00,50.5,,200,
2023-07-30 10:54:00,49.9,,200,
2023-07-30 10:56:00,49.7,,197,
2023-07-30 10:58:00,50.1,,199,
2023-07-30 11:00:00,49.9,,199,
2023-07-30 11:02:00,50.2,,199,
2023-07-30 11:04:00,50.2,,201,
2023-07-30 11:06:00,50.5,,201,
2023-07-30 11:08:00,50.5,,202,
2023-07-30 11:10:00,50.3,,198,
2023-07-30 11:12:00,50.1,,202,
2023-07-30 11:14:00,50.2,,202,
2023-07-30 11:16:00,49.8,,199,
2023-07-30 11:18:00,50.0,,202,
2023-07-30 11:20:00,49.9,,202,
2023-07-30 11:22:00,50.0,,199,
2023-07-30 11:24:00,50.1,,200,
2023-07-30 11:26:00,50.2,,199,
2023-07-30 11:28:00,50.2,,201,
2023-07-30 11:30:00,50.4,,201,
2023-07-30 11:32:00,50.0,,199,
2023-07-30 11:34:00,50.1,,198,
2023-07-30 11:36:00,50.0,,199,
2023-07-30 11:38:00,50.1,,201,
2023-07-30 11:40:00,50.0,,199,
2023-07-30 11:42:00,50.1,,198,
2023-07-30 11:44:00,50.2,,197,
2023-07-30 11:46:00,50.2,,196,
2023-07-30 11:48:00,49.7,,201,
2023-07-30 11:50:00,50.1,,202,
2023-07-30 11:52:00,50.1,,200,
2023-07-30 11:54:00,50.2,,199,
2023-07-30 11:56:00,50,,199,
2023-07-30 11:58:00,49.9,,200,
2023-07-30 12:00:00,49.7,,201,
2023-07-30 12:02:00,50.3,,201,
2023-07-30 12:04:00,50.2,,199,
2023-07-30 12:06:00,49.6,,199,
2023-07-30 12:08:00,49.8,,200,
2023-07-30 12:10:00,50.2,,200,
2023-07-30 12:12:00,50.1,,198,
2023-07-30 12:14:00,50.2,,201,
2023-07-30 12:16:00,50.2,,199,
2023-07-30 12:18:00,50.0,,199,
2023-07-30 12:20:00,50.3,,200,
2023-07-30 12:22:00,50.3,,200,
2023-07-30 12:24:00,50.4,,201,
2023-07-30 12:26:00,50.4,,200,
2023-07-30 12:28:00,50.3,,201,
2023-07-30 12:30:00,50.3,,196,
2023-07-30 12:32:00,50.1,,202,
2023-07-30 12:34:00,50.2,,199,
2023-07-30 12:36:00,50.2,,199,
2023-07-30 12:38:00,50.2,,202,
2023-07-30 12:40:00,50.0,,199,
2023-07-30 12:42:00,50.0,,199,
2023-07-30 12:44:00,50.2,,201,
2023-07-30 12:46:00,50.0,,200,
2023-07-30 12:48:00,50.3,,200,
2023-07-30 12:50:00,50.0,,200,
2023-07-30 12:52:00,50.5,,199,
2023-07-30 12:54:00,50.4,,202,
2023-07-30 12:56:00,50.0,,197,
2023-07-30 12:58:00,50.1,,202,
2023-07-30 13:00:00,50.3,,199,
2023-07-30 13:02:00,49.8,,201,
2023-07-30 13:04:00,50.0,,199,
2023-07-30 13:06:00,49.9,,198,
2023-07-30 13:08:00,50.1,,198,
2023-07-30 13:10:00,50.0,,201,
2023-07-30 13:12:00,50.0,,198,
2023-07-30 13:14:00,49.9,,203,
2023-07-30 13:16:00,50.0,,201,
2023-07-30 13:18:00,49.9,,199,
2023-07-30 13:20:00,49.9,,199,
2023-07-30 13:22:00,50.1,,197,
2023-07-30 13:24:00,50.0,,198,
2023-07-30 13:26:00,49.9,,199,
2023-07-30 13:28:00,49.9,,198,
2023-07-30 13:30:00,50.0,,200,
2023-07-30 13:32:00,49.9,,199,
2023-07-30 13:34:00,50.2,,199,
2023-07-30 13:36:00,50.2,,199,
2023-07-30 13:38:00,50.1,,200,
2023-07-30 13:40:00,50.0,,199,
2023-07-30 13:42:00,49.7,,199,
2023-07-30 13:44:00,50.0,,199,
2023-07-30 13:46:00,50.0,,202,
2023-07-30 13:48:00,49.8,,199,
2023-07-30 13:50:00,49.9,,198,
2023-07-30 13:52:00,50.1,,196,
2023-07-30 13:54:00,50.0,,201,
2023-07-30 13:56:00,50.3,,198,
2023-07-30 13:58:00,50.0,,200,
2023-07-30 14:00:00,50.0,,200,
2023-07-30 14:02:00,50.3,,199,
2023-07-30 14:04:00,50.0,,198,
2023-07-30 14:06:00,50.5,,201,
2023-07-30 14:08:00,49.7,,201,
2023-07-30 14:10:00,50.2,,202,
2023-07-30 14:12:00,50.2,,202,
2023-07-30 14:14:00,50.2,,200,
2023-07-30 14:16:00,50.1,,199,
2023-07-30 14:18:00,50.0,,199,
2023-07-30 14:20:00,50.2,,198,
2023-07-30 14:22:00,50,,197,
2023-07-30 14:24:00,50.3,,199,
2023-07-30 14:26:00,50.1,,200,
2023-07-30 14:28:00,50.2,,198,
2023-07-30 14:30:00,50.1,,202,
2023-07-30 14:32:00,50.1,,197,
2023-07-30 14:34:00,50.4,,200,
2023-07-30 14:36:00,50.1,,197,
2023-07-30 14:38:00,50.2,,199,
2023-07-30 14:40:00,50.2,,200,
2023-07-30 14:42:00,50.2,,197,
2023-07-30 14:44:00,50.3,,199,
2023-07-30 14:46:00,50.3,,201,
2023-07-30 14:48:00,50.3,,198,
2023-07-30 14:50:00,50.3,,198,
2023-07-30 14:52:00,50.0,,197,
2023-07-30 14:54:00,50.1,,197,
2023-07-30 14:56:00,50.0,,199,
2023-07-30 14:58:00,50.4,,197,
2023-07-30 15:00:00,50.4,,197,
2023-07-30 15:02:00,50.3,,197,
2023-07-30 15:04:00,50.2,,200,
2023-07-30 15:06:00,50.3,,199,
2023-07-30 15:08:00,50.5,,199,
2023-07-30 15:10:00,50.0,,200,
2023-07-30 15:12:00,50.5,,199,
2023-07-30 15:14:00,50.3,,199,
2023-07-30 15:16:00,50.2,,200,
2023-07-30 15:18:00,50.1,,200,
2023-07-30 15:20:00,50.2,,198,
2023-07-30 15:22:00,50.5,,199,
2023-07-30 15:24:00,50.5,,199,
2023-07-30 15:26:00,50.1,,198,
2023-07-30 15:28:00,50.0,,199,
2023-07-30 15:30:00,50.1,,198,
2023-07-30 15:32:00,50.0,,198,
2023-07-30 15:34:00,50.2,,199,
2023-07-30 15:36:00,50.2,,199,
2023-07-30 15:38:00,50.2,,196,
2023-07-30 15:40:00,50.1,,198,
2023-07-30 15:42:00,50.1,,200,
2023-07-30 15:44:00,50.3,,197,
2023-07-30 15:46:00,50.3,,199,
2023-07-30 15:48:00,50.2,,197,
2023-07-30 15:50:00,50.4,,200,
2023-07-30 15:52:00,50.1,,197,
2023-07-30 15:54:00,50.3,,198,
2023-07-30 15:56:00,50.2,,197,
2023-07-30 15:58:00,50.2,,200,
2023-07-30 16:00:00,50.2,,199,
2023-07-30 16:02:00,50.5,,199,
2023-07-30 16:04:00,50.1,,198,
2023-07-30 16:06:00,50.2,,198,
2023-07-30 16:08:00,50.1,,198,
2023-07-30 16:10:00,50.2,,197,
2023-07-30 16:12:00,50.1,,198,
2023-07-30 16:14:00,50.2,,197,
2023-07-30 16:16:00,50.3,,198,
2023-07-30 16:18:00,50.3,,198,
2023-07-30 16:20:00,50.3,,199,
2023-07-30 16:22:00,50.1,,199,
2023-07-30 16:24:00,50.1,,199,
2023-07-30 16:26:00,50.1,,199,
2023-07-30 16:28:00,50.2,,200,
2023-07-30 16:30:00,49.9,,199,
2023-07-30 16:32:00,50.1,,199,
2023-07-30 16:34:00,50.2,,194,
2023-07-30 16:36:00,50.3,,196,
2023-07-30 16:38:00,49.9,,199,
2023-07-30 16:40:00,50.1,,199,
2023-07-30 16:42:00,50.3,,197,
2023-07-30 16:44:00,50.1,,197,
2023-07-30 16:46:00,50.0,,198,
2023-07-30 16:48:00,50.1,,197,
2023-07-30 16:50:00,50.3,,200,
2023-07-30 16:52:00,49.9,,197,
2023-07-30 16:54:00,49.9,,198,
2023-07-30 16:56:00,50.4,,199,
2023-07-30 16:58:00,50.0,,197,
2023-07-30 17:00:00,50.2,,200,
2023-07-30 17:02:00,50.0,,197,
2023-07-30 17:04:00,50.1,,197,
2023-07-30 17:06:00,50.2,,197,
2023-07-30 17:08:00,50.2,,199,
2023-07-30 17:10:00,49.9,,197,
2023-07-30 17:12:00,50.2,,199,
2023-07-30 17:14:00,50.1,,199,
2023-07-30 17:16:00,50.1,,197,
2023-07-30 17:18:00,50.0,,199,
2023-07-30 17:20:00,50.1,,199,
2023-07-30 17:22:00,50.2,,201,
2023-07-30 17:24:00,50.0,,196,
2023-07-30 17:26:00,50.1,,199,
2023-07-30 17:28:00,50.1,,199,
2023-07-30 17:30:00,50.0,,199,
2023-07-30 17:32:00,50.0,,198,
2023-07-30 17:34:00,50.1,,195,
2023-07-30 17:36:00,50.0,,199,
2023-07-30 17:38:00,50.1,,198,
2023-07-30 17:40:00,50.1,,196,
2023-07-30 17:42:00,50.1,,198,
2023-07-30 17:44:00,50.1,,199,
2023-07-30 17:46:00,50.0,,197,
2023-07-30 17:48:00,50.0,,197,
2023-07-30 17:50:00,50.2,,197,
2023-07-30 17:52:00,50.0,,199,
2023-07-30 17:54:00,50.0,,199,
2023-07-30 17:56:00,50.0,,199,
2023-07-30 17:58:00,50.0,,199,
2023-07-30 18:00:00,50.0,,199,
2023-07-30 18:02:00,50.0,,196,
2023-07-30 18:04:00,50.1,,198,
2023-07-30 18:06:00,50.4,,199,
2023-07-30 18:08:00,50.2,,199,
2023-07-30 18:10:00,50.4,,198,
2023-07-30 18:12:00,50.3,,197,
2023-07-30 18:14:00,50.1,,198,
2023-07-30 18:16:00,50.4,,195,
2023-07-30 18:18:00,50.1,,197,
2023-07-30 18:20:00,50.3,,197,
2023-07-30 18:22:00,50.1,,197,
2023-07-30 18:24:00,50.1,,197,
2023-07-30 18:26:00,50.1,,194,
2023-07-30 18:28:00,50.0,,198,
2023-07-30 18:30:00,50.0,,197,
2023-07-30 18:32:00,50.2,,197,
2023-07-30 18:34:00,49.9,,195,
2023-07-30 18:36:00,50.2,,197,
2023-07-30 18:38:00,50.1,,198,
2023-07-30 18:40:00,50.1,,194,
2023-07-30 18:42:00,50.0,,194,
2023-07-30 18:44:00,50.0,,197,
2023-07-30 18:46:00,50.0,,197,
2023-07-30 18:48:00,49.9,,197,
2023-07-30 18:50:00,49.8,,195,
2023-07-30 18:52:00,50.0,,197,
2023-07-30 18:54:00,50.0,,197,
2023-07-30 18:56:00,49.9,,194,
2023-07-30 18:58:00,50.0,,197,
2023-07-30 19:00:00,50.2,,197,
2023-07-30 19:02:00,50.1,,196,
2023-07-30 19:04:00,50.2,,196,
2023-07-30 19:06:00,49.9,,194,
2023-07-30 19:08:00,50.4,,197,
2023-07-30 19:10:00,50.4,,194,
2023-07-30 19:12:00,50.1,,195,
2023-07-30 19:14:00,50.1,,195,
2023-07-30 19:16:00,50.2,,195,
2023-07-30 19:18:00,49.9,,194,
2023-07-30 19:20:00,50.2,,194,
2023-07-30 19:22:00,50.1,,197,
2023-07-30 19:24:00,50.0,,197,
2023-07-30 19:26:00,50.2,,195,
2023-07-30 19:28:00,50.3,,198,
2023-07-30 19:30:00,50.2,,197,
2023-07-30 19:32:00,50.2,,195,
2023-07-30 19:34:00,50.4,,195,
2023-07-30 19:36:00,50.2,,197,
2023-07-30 19:38:00,50.2,,196,
2023-07-30 19:40:00,50.2,,194,
2023-07-30 19:42:00,50.1,,197,
2023-07-30 19:44:00,50.3,,197,
2023-07-30 19:46:00,50.2,,196,
2023-07-30 19:48:00,50.2,,197,
2023-07-30 19:50:00,50.3,,194,
2023-07-30 19:52:00,50.1,,197,
2023-07-30 19:54:00,50.2,,194,
2023-07-30 19:56:00,50.2,,197,
2023-07-30 19:58:00,50.3,,193,
2023-07-30 20:00:00,50.3,,194,
2023-07-30 20:02:00,50.2,,194,
2023-07-30 20:04:00,50.3,,194,
2023-07-30 20:06:00,50.4,,197,
2023-07-30 20:08:00,50.2,,195,
2023-07-30 20:10:00,50.3,,196,
2023-07-30 20:12:00,50.4,,195,
2023-07-30 20:14:00,50.2,,197,
2023-07-30 20:16:00,50.3,,197,
2023-07-30 20:18:00,50.4,,197,
2023-07-30 20:20:00,50.3,,194,
2023-07-30 20:22:00,50.3,,196,
2023-07-30 20:24:00,50.3,,196,
2023-07-30 20:26:00,50.4,,196,
2023-07-30 20:28:00,50.2,,197,
2023-07-30 20:30:00,50.3,,194,
2023-07-30 20:32:00,50.5,,195,
2023-07-30 20:34:00,50.4,,197,
2023-07-30 20:36:00,50.4,,198,
2023-07-30 20:38:00,50.2,,197,
2023-07-30 20:40:00,50.5,,197,
2023-07-30 20:42:00,50.1,,197,
2023-07-30 20:44:00,50.3,,197,
2023-07-30 20:46:00,50.3,,196,
2023-07-30 20:48:00,50.5,,195,
2023-07-30 20:50:00,50.2,,197,
2023-07-30 20:52:00,50.5,,196,
2023-07-30 20:54:00,50.5,,192,
2023-07-30 20:56:00,50.4,,194,
2023-07-30 20:58:00,50.5,,194,
2023-07-30 21:00:00,50.4,,197,
2023-07-30 21:02:00,50.4,,197,
2023-07-30 21:04:00,50.6,,198,
2023-07-30 21:06:00,50.3,,197,
2023-07-30 21:08:00,50.5,,199,
2023-07-30 21:10:00,50.2,,197,
2023-07-30 21:12:00,50.5,,196,
2023-07-30 21:14:00,50.5,,198,
2023-07-30 21:16:00,50.2,,196,
2023-07-30 21:18:00,50.4,,196,
2023-07-30 21:20:00,50.2,,199,
2023-07-30 21:22:00,50.3,,199,
2023-07-30 21:24:00,50.5,,198,
2023-07-30 21:26:00,50.4,,199,
2023-07-30 21:28:00,50.7,,200,
2023-07-30 21:30:00,50.5,,200,
2023-07-30 21:32:00,50.7,,199,
2023-07-30 21:34:00,50.6,,197,
2023-07-30 21:36:00,50.7,,199,
2023-07-30 21:38:00,50.5,,196,
2023-07-30 21:40:00,50.4,,198,
2023-07-30 21:42:00,50.6,,197,
2023-07-30 21:44:00,50.6,,198,
2023-07-30 21:46:00,50.4,,195,
2023-07-30 21:48:00,50.6,,195,
2023-07-30 21:50:00,50.5,,199,
2023-07-30 21:52:00,50.6,,199,
2023-07-30 21:54:00,50.6,,197,
2023-07-30 21:56:00,50.4,,197,
2023-07-30 21:58:00,50.5,,199,
2023-07-30 22:00:00,50.6,,199,
2023-07-30 22:02:00,50.4,,199,
2023-07-30 22:04:00,50.6,,197,
2023-07-30 22:06:00,50.7,,199,
2023-07-30 22:08:00,50.7,,198,
2023-07-30 22:10:00,50.6,,198,
2023-07-30 22:12:00,50.5,,198,
2023-07-30 22:14:00,50.6,,200,
2023-07-30 22:16:00,50.7,,199,
2023-07-30 22:18:00,50.7,,200,
2023-07-30 22:20:00,50.7,,202,
2023-07-30 22:22:00,50.7,,201,
2023-07-30 22:24:00,50.1,,199,
2023-07-30 22:26:00,50.2,,198,
2023-07-30 22:28:00,50.2,,202,
2023-07-30 22:30:00,50.1,,201,
2023-07-30 22:32:00,50.2,,201,
2023-07-30 22:34:00,50.1,,200,
2023-07-30 22:36:00,50.2,,199,
2023-07-30 22:38:00,50.3,,202,
2023-07-30 22:40:00,50.1,,200,
2023-07-30 22:42:00,50.2,,201,
2023-07-30 22:44:00,50.1,,200,
2023-07-30 22:46:00,50.2,,202,
2023-07-30 22:48:00,50.2,,202,
2023-07-30 22:50:00,50.3,,202,
2023-07-30 22:52:00,50.1,,201,
2023-07-30 22:54:00,50.4,,204,
2023-07-30 22:56:00,50.4,,202,
2023-07-30 22:58:00,50.3,,202,
2023-07-30 23:00:00,50.3,,202,
2023-07-30 23:02:00,50.3,,202,
2023-07-30 23:04:00,50.3,,201,
2023-07-30 23:06:00,50.3,,202,
2023-07-30 23:08:00,50.1,,204,
2023-07-30 23:10:00,50.2,,204,
2023-07-30 23:12:00,50.4,,202,
2023-07-30 23:14:00,50.3,,201,
2023-07-30 23:16:00,50.5,,204,
2023-07-30 23:18:00,50.3,,204,
2023-07-30 23:20:00,50.2,,203,
2023-07-30 23:22:00,50.3,,204,
2023-07-30 23:24:00,50.3,,205,
2023-07-30 23:26:00,50.4,,205,
2023-07-30 23:28:00,50.1,,203,
2023-07-30 23:30:00,50.4,,204,
2023-07-30 23:32:00,50.4,,205,
2023-07-30 23:34:00,50.3,,204,
2023-07-30 23:36:00,50.5,,204,
2023-07-30 23:38:00,50.5,,204,
2023-07-30 23:40:00,50.2,,205,
2023-07-30 23:42:00,50.4,,204,
2023-07-30 23:44:00,50.4,,204,
2023-07-30 23:46:00,50.4,,206,
2023-07-30 23:48:00,50.4,,205,
2023-07-30 23:50:00,50.5,,204,
2023-07-30 23:52:00,50.4,,202,
2023-07-30 23:54:00,50.3,,204,
2023-07-30 23:56:00,50.5,,205,
2023-07-30 23:58:00,50.3,,204,
2023-07-31 00:00:00,50.4,,204,
2023-07-31 00:02:00,50.3,,205,
2023-07-31 00:04:00,50.4,,204,
2023-07-31 00:06:00,50.4,,204,
2023-07-31 00:08:00,50.4,,204,
2023-07-31 00:10:00,50.4,,206,
2023-07-31 00:12:00,50.5,,204,
2023-07-31 00:14:00,50.5,,204,
2023-07-31 00:16:00,50.4,,204,
2023-07-31 00:18:00,50.3,,204,
2023-07-31 00:20:00,50.5,,203,
2023-07-31 00:22:00,50.5,,203,
2023-07-31 00:24:00,50.4,,204,
2023-07-31 00:26:00,50.1,,204,
2023-07-31 00:28:00,50.4,,204,
2023-07-31 00:30:00,50.3,,202,
2023-07-31 00:32:00,50.3,,200,
2023-07-31 00:34:00,50.2,,205,
2023-07-31 00:36:00,50.3,,205,
2023-07-31 00:38:00,50.3,,205,
2023-07-31 00:40:00,50.2,,207,
2023-07-31 00:42:00,50.3,,205,
2023-07-31 00:44:00,50.4,,205,
2023-07-31 00:46:00,50.2,,207,
2023-07-31 00:48:00,50.3,,207,
2023-07-31 00:50:00,50.4,,206,
2023-07-31 00:52:00,50.4,,205,
2023-07-31 00:54:00,50.3,,207,
2023-07-31 00:56:00,50.2,,206,
2023-07-31 00:58:00,50.3,,205,
2023-07-31 01:00:00,50.1,,205,
2023-07-31 01:02:00,50.3,,207,
2023-07-31 01:04:00,50,,205,
2023-07-31 01:06:00,50.2,,205,
2023-07-31 01:08:00,50.1,,206,
2023-07-31 01:10:00,50.2,,207,
2023-07-31 01:12:00,50.3,,206,
2023-07-31 01:14:00,50.2,,207,
2023-07-31 01:16:00,50.2,,207,
2023-07-31 01:18:00,50.3,,207,
2023-07-31 01:20:00,50.2,,206,
2023-07-31 01:22:00,50.3,,206,
2023-07-31 01:24:00,50.3,,203,
2023-07-31 01:26:00,50.2,,208,
2023-07-31 01:28:00,50.0,,206,
2023-07-31 01:30:00,50.2,,207,
2023-07-31 01:32:00,50.2,,207,
2023-07-31 01:34:00,50.4,,206,
2023-07-31 01:36:00,50.0,,205,
2023-07-31 01:38:00,50.3,,206,
2023-07-31 01:40:00,50.3,,207,
2023-07-31 01:42:00,50.3,,207,
2023-07-31 01:44:00,50.3,,206,
2023-07-31 01:46:00,50.4,,207,
2023-07-31 01:48:00,50.3,,207,
2023-07-31 01:50:00,50.3,,206,
2023-07-31 01:52:00,50.2,,206,
2023-07-31 01:54:00,50.1,,207,
2023-07-31 01:56:00,50.3,,207,
2023-07-31 01:58:00,50.4,,206,
2023-07-31 02:00:00,50.2,,206,
2023-07-31 02:02:00,50.3,,207,
2023-07-31 02:04:00,50.1,,205,
2023-07-31 02:06:00,50.3,,205,
2023-07-31 02:08:00,50.3,,207,
2023-07-31 02:10:00,50.4,,209,
2023-07-31 02:12:00,50.4,,204,
2023-07-31 02:14:00,50.2,,204,
2023-07-31 02:16:00,50.4,,207,
2023-07-31 02:18:00,50.4,,207,
2023-07-31 02:20:00,50.2,,206,
2023-07-31 02:22:00,50.5,,207,
2023-07-31 02:24:00,50.4,,209,
2023-07-31 02:26:00,50.3,,204,
2023-07-31 02:28:00,50.3,,206,
2023-07-31 02:30:00,50.2,,206,
2023-07-31 02:32:00,50.3,,209,
2023-07-31 02:34:00,50.3,,204,
2023-07-31 02:36:00,50.4,,205,
2023-07-31 02:38:00,50.3,,208,
2023-07-31 02:40:00,50.2,,207,
2023-07-31 02:42:00,50.3,,206,
2023-07-31 02:44:00,50.4,,205,
2023-07-31 02:46:00,50.3,,207,
2023-07-31 02:48:00,50.4,,209,
2023-07-31 02:50:00,50.3,,207,
2023-07-31 02:52:00,50.2,,205,
2023-07-31 02:54:00,50.3,,207,
2023-07-31 02:56:00,50.3,,208,
2023-07-31 02:58:00,50.5,,208,
2023-07-31 03:00:00,50.4,,209,
2023-07-31 03:02:00,50.1,,205,
2023-07-31 03:04:00,50.3,,206,
2023-07-31 03:06:00,50.2,,207,
2023-07-31 03:08:00,50.4,,209,
2023-07-31 03:10:00,50.4,,209,
2023-07-31 03:12:00,50.4,,208,
2023-07-31 03:14:00,50.3,,206,
2023-07-31 03:16:00,50.5,,209,
2023-07-31 03:18:00,50.4,,208,
2023-07-31 03:20:00,50.2,,208,
2023-07-31 03:22:00,50.3,,209,
2023-07-31 03:24:00,50.4,,209,
2023-07-31 03:26:00,50.3,,205,
2023-07-31 03:28:00,50.3,,206,
2023-07-31 03:30:00,50.3,,209,
2023-07-31 03:32:00,50.3,,209,
2023-07-31 03:34:00,50.2,,207,
2023-07-31 03:36:00,50.4,,208,
2023-07-31 03:38:00,50.2,,208,
2023-07-31 03:40:00,50.4,,209,
2023-07-31 03:42:00,50.2,,208,
2023-07-31 03:44:00,50.3,,204,
2023-07-31 03:46:00,50.3,,209,
2023-07-31 03:48:00,50.4,,207,
2023-07-31 03:50:00,50.3,,208,
2023-07-31 03:52:00,50.4,,209,
2023-07-31 03:54:00,50.4,,209,
2023-07-31 03:56:00,50.5,,207,
2023-07-31 03:58:00,50.3,,207,
2023-07-31 04:00:00,50.4,,209,
2023-07-31 04:02:00,50.2,,208,
2023-07-31 04:04:00,50.3,,207,
2023-07-31 04:06:00,50.2,,206,
2023-07-31 04:08:00,50.2,,209,
2023-07-31 04:10:00,50.2,,208,
2023-07-31 04:12:00,50.5,,208,
2023-07-31 04:14:00,50.2,,209,
2023-07-31 04:16:00,50.3,,209,
2023-07-31 04:18:00,50.2,,209,
2023-07-31 04:20:00,50.4,,208,
2023-07-31 04:22:00,50.4,,208,
2023-07-31 04:24:00,50.3,,209,
2023-07-31 04:26:00,50.2,,207,
2023-07-31 04:28:00,50.2,,208,
2023-07-31 04:30:00,50.3,,209,
2023-07-31 04:32:00,50.5,,209,
2023-07-31 04:34:00,50.3,,209,
2023-07-31 04:36:00,50.3,,209,
2023-07-31 04:38:00,50.3,,209,
2023-07-31 04:40:00,50.3,,207,
2023-07-31 04:42:00,50.3,,209,
2023-07-31 04:44:00,50.2,,209,
2023-07-31 04:46:00,50.4,,209,
2023-07-31 04:48:00,50.2,,208,
2023-07-31 04:50:00,50.3,,208,
2023-07-31 04:52:00,50.2,,209,
2023-07-31 04:54:00,50.3,,206,
2023-07-31 04:56:00,50.2,,207,
2023-07-31 04:58:00,50.2,,209,
2023-07-31 05:00:00,50.2,,209,
2023-07-31 05:02:00,50.2,,209,
2023-07-31 05:04:00,50.3,,207,
2023-07-31 05:06:00,50.3,,208,
2023-07-31 05:08:00,50.3,,209,
2023-07-31 05:10:00,50.2,,209,
2023-07-31 05:12:00,50.3,,209,
2023-07-31 05:14:00,50.3,,206,
2023-07-31 05:16:00,50.2,,209,
2023-07-31 05:18:00,50.3,,209,
2023-07-31 05:20:00,50.2,,208,
2023-07-31 05:22:00,50.2,,209,
2023-07-31 05:24:00,50.2,,209,
2023-07-31 05:26:00,50.3,,207,
2023-07-31 05:28:00,50.3,,206,
2023-07-31 05:30:00,50.1,,207,
2023-07-31 05:32:00,50.3,,207,
2023-07-31 05:34:00,50.2,,206,
2023-07-31 05:36:00,50.3,,207,
2023-07-31 05:38:00,50.2,,208,
2023-07-31 05:40:00,50.2,,206,
2023-07-31 05:42:00,50.1,,207,
2023-07-31 05:44:00,50.2,,208,
2023-07-31 05:46:00,50.2,,209,
2023-07-31 05:48:00,50.2,,208,
2023-07-31 05:50:00,50.2,,208,
2023-07-31 05:52:00,50.2,,208,
2023-07-31 05:54:00,50.2,,208,
2023-07-31 05:56:00,50.2,,207,
2023-07-31 05:58:00,50.2,,206,
2023-07-31 06:00:00,50.4,,206,
2023-07-31 06:02:00,50.3,,208,
2023-07-31 06:04:00,50.2,,207,
2023-07-31 06:06:00,50.0,,207,
2023-07-31 06:08:00,50.1,,207,
2023-07-31 06:10:00,50.3,,208,
2023-07-31 06:12:00,50.2,,202,
2023-07-31 06:14:00,50.1,,209,
2023-07-31 06:16:00,50.1,,208,
2023-07-31 06:18:00,50.2,,203,
2023-07-31 06:20:00,50.1,,205,
2023-07-31 06:22:00,50.2,,205,
2023-07-31 06:24:00,50.1,,207,
2023-07-31 06:26:00,50.2,,203,
2023-07-31 06:28:00,50.1,,207,
2023-07-31 06:30:00,50.1,,206,
2023-07-31 06:32:00,50.1,,200,
2023-07-31 06:34:00,50.2,,200,
2023-07-31 06:36:00,50.0,,202,
2023-07-31 06:38:00,50.2,,199,
2023-07-31 06:40:00,50.1,,202,
2023-07-31 06:42:00,50.1,,204,
2023-07-31 06:44:00,50.0,,199,
2023-07-31 06:46:00,50.2,,198,
2023-07-31 06:48:00,50.2,,202,
2023-07-31 06:50:00,50.1,,196,
2023-07-31 06:52:00,50.0,,202,
2023-07-31 06:54:00,50.3,,203,
2023-07-31 06:56:00,50.0,,205,
2023-07-31 06:58:00,50.2,,199,
2023-07-31 07:00:00,50.0,,202,
2023-07-31 07:02:00,50.2,,206,
2023-07-31 07:04:00,50.0,,197,
2023-07-31 07:06:00,50.3,,202,
2023-07-31 07:08:00,49.9,,194,
2023-07-31 07:10:00,50.1,,200,
2023-07-31 07:12:00,50.0,,199,
2023-07-31 07:14:00,50.0,,195,
2023-07-31 07:16:00,50.1,,201,
2023-07-31 07:18:00,50.0,,195,
2023-07-31 07:20:00,50.0,,200,
2023-07-31 07:22:00,50.0,,199,
2023-07-31 07:24:00,50.2,,197,
2023-07-31 07:26:00,49.9,,202,
2023-07-31 07:28:00,49.9,,202,
2023-07-31 07:30:00,49.8,,197,
2023-07-31 07:32:00,50.0,,200,
2023-07-31 07:34:00,50.0,,197,
2023-07-31 07:36:00,50.0,,202,
2023-07-31 07:38:00,49.9,,202,
2023-07-31 07:40:00,50.0,,195,
2023-07-31 07:42:00,50.0,,195,
2023-07-31 07:44:00,49.9,,197,
2023-07-31 07:46:00,49.9,,199,
2023-07-31 07:48:00,50.2,,199,
2023-07-31 07:50:00,49.8,,203,
2023-07-31 07:52:00,50.0,,201,
2023-07-31 07:54:00,50.0,,197,
2023-07-31 07:56:00,50.0,,199,
2023-07-31 07:58:00,50.7,,199,
2023-07-31 08:00:00,50.7,,197,
2023-07-31 08:02:00,50.4,,199,
2023-07-31 08:04:00,50.4,,194,
2023-07-31 08:06:00,50.1,,201,
2023-07-31 08:08:00,50.3,,200,
2023-07-31 08:10:00,50.2,,199,
2023-07-31 08:12:00,50.4,,199,
2023-07-31 08:14:00,50.3,,197,
2023-07-31 08:16:00,50.4,,200,
2023-07-31 08:18:00,50.6,,202,
2023-07-31 08:20:00,50.2,,198,
2023-07-31 08:22:00,50.0,,200,
2023-07-31 08:24:00,50.5,,200,
2023-07-31 08:26:00,50.4,,196,
2023-07-31 08:28:00,50.4,,200,
2023-07-31 08:30:00,50.2,,196,
2023-07-31 08:32:00,50.3,,200,
2023-07-31 08:34:00,50.3,,200,
2023-07-31 08:36:00,50.3,,201,
2023-07-31 08:38:00,50.2,,199,
2023-07-31 08:40:00,50.3,,198,
2023-07-31 08:42:00,50.3,,197,
2023-07-31 08:44:00,50.6,,201,
2023-07-31 08:46:00,50.2,,199,
2023-07-31 08:48:00,50.5,,201,
2023-07-31 08:50:00,50.1,,199,
2023-07-31 08:52:00,50.3,,202,
2023-07-31 08:54:00,50.3,,199,
2023-07-31 08:56:00,50.1,,199,
2023-07-31 08:58:00,50.1,,199,
2023-07-31 09:00:00,50.2,,201,
2023-07-31 09:02:00,50.2,,199,
2023-07-31 09:04:00,50.2,,197,
2023-07-31 09:06:00,50.2,,198,
2023-07-31 09:08:00,50.4,,198,
2023-07-31 09:10:00,50.3,,196,
2023-07-31 09:12:00,50.4,,198,
2023-07-31 09:14:00,50.1,,195,
2023-07-31 09:16:00,50.2,,194,
2023-07-31 09:18:00,50.4,,200,
2023-07-31 09:20:00,50.5,,197,
2023-07-31 09:22:00,50.3,,199,
2023-07-31 09:24:00,50.2,,200,
2023-07-31 09:26:00,50.0,,199,
2023-07-31 09:28:00,50.2,,197,
2023-07-31 09:30:00,50.3,,200,
2023-07-31 09:32:00,50.4,,198,
2023-07-31 09:34:00,50.4,,199,
2023-07-31 09:36:00,50.2,,199,
2023-07-31 09:38:00,50.2,,199,
2023-07-31 09:40:00,50.3,,199,
2023-07-31 09:42:00,50.1,,197,
2023-07-31 09:44:00,50.3,,198,
2023-07-31 09:46:00,50.4,,200,
2023-07-31 09:48:00,50.2,,199,
2023-07-31 09:50:00,50.1,,196,
2023-07-31 09:52:00,50.1,,198,
2023-07-31 09:54:00,49.9,,197,
2023-07-31 09:56:00,50.3,,194,
2023-07-31 09:58:00,50.3,,194,
2023-07-31 10:00:00,50.0,,194,
2023-07-31 10:02:00,50.4,,194,
2023-07-31 10:04:00,50.4,,196,
2023-07-31 10:06:00,50.3,,193,
2023-07-31 10:08:00,50.0,,198,
2023-07-31 10:10:00,50.1,,197,
2023-07-31 10:12:00,50.4,,195,
2023-07-31 10:14:00,50.0,,196,
2023-07-31 10:16:00,50.1,,192,
2023-07-31 10:18:00,50.1,,192,
2023-07-31 10:20:00,50.3,,196,
2023-07-31 10:22:00,50.2,,197,
2023-07-31 10:24:00,50.2,,196,
2023-07-31 10:26:00,50.4,,194,
2023-07-31 10:28:00,50.3,,197,
2023-07-31 10:30:00,50.2,,196,
2023-07-31 10:32:00,50.4,,196,
2023-07-31 10:34:00,50.1,,197,
2023-07-31 10:36:00,50.3,,194,
2023-07-31 10:38:00,50.1,,198,
2023-07-31 10:40:00,49.9,,196,
2023-07-31 10:42:00,49.9,,195,
2023-07-31 10:44:00,49.9,,195,
2023-07-31 10:46:00,50.2,,197,
2023-07-31 10:48:00,50.0,,196,
2023-07-31 10:50:00,50.0,,198,
2023-07-31 10:52:00,50.0,,196,
2023-07-31 10:54:00,50.1,,197,
2023-07-31 10:56:00,50.3,,196,
2023-07-31 10:58:00,50.3,,197,
2023-07-31 11:00:00,50.0,,196,
2023-07-31 11:02:00,50.1,,195,
2023-07-31 11:04:00,49.8,,197,
2023-07-31 11:06:00,50.1,,195,
2023-07-31 11:08:00,50.0,,198,
2023-07-31 11:10:00,49.8,,194,
2023-07-31 11:12:00,49.9,,197,
2023-07-31 11:14:00,50.2,,195,
2023-07-31 11:16:00,50.1,,193,
2023-07-31 11:18:00,50.3,,197,
2023-07-31 11:20:00,50.1,,194,
2023-07-31 11:22:00,50.1,,197,
2023-07-31 11:24:00,50.3,,197,
2023-07-31 11:26:00,49.8,,197,
2023-07-31 11:28:00,49.9,,197,
2023-07-31 11:30:00,50.1,,194,
2023-07-31 11:32:00,50.0,,197,
2023-07-31 11:34:00,50.2,,197,
2023-07-31 11:36:00,49.8,,200,
2023-07-31 11:38:00,49.8,,199,
2023-07-31 11:40:00,49.8,,194,
2023-07-31 11:42:00,49.7,,199,
2023-07-31 11:44:00,49.7,,197,
2023-07-31 11:46:00,50.2,,197,
2023-07-31 11:48:00,50.2,,197,
2023-07-31 11:50:00,49.8,,197,
2023-07-31 11:52:00,50.0,,198,
2023-07-31 11:54:00,49.8,,199,
2023-07-31 11:56:00,50.0,,199,
2023-07-31 11:58:00,50.2,,197,
2023-07-31 12:00:00,49.8,,197,
2023-07-31 12:02:00,50.2,,198,
2023-07-31 12:04:00,50.1,,197,
2023-07-31 12:06:00,49.7,,197,
2023-07-31 12:08:00,49.7,,197,
2023-07-31 12:10:00,49.8,,195,
2023-07-31 12:12:00,49.9,,196,
2023-07-31 12:14:00,50.2,,195,
2023-07-31 12:16:00,49.7,,197,
2023-07-31 12:18:00,49.8,,199,
2023-07-31 12:20:00,49.9,,193,
2023-07-31 12:22:00,49.8,,191,
2023-07-31 12:24:00,49.9,,195,
2023-07-31 12:26:00,50.1,,193,
2023-07-31 12:28:00,50.3,,189,
2023-07-31 12:30:00,49.9,,192,
2023-07-31 12:32:00,50.2,,195,
2023-07-31 12:34:00,49.9,,199,
2023-07-31 12:36:00,50.2,,197,
2023-07-31 12:38:00,49.8,,198,
2023-07-31 12:40:00,50.1,,196,
2023-07-31 12:42:00,50.1,,198,
2023-07-31 12:44:00,49.9,,197,
2023-07-31 12:46:00,50.3,,196,
2023-07-31 12:48:00,49.6,,195,
2023-07-31 12:50:00,49.8,,197,
2023-07-31 12:52:00,50.2,,196,
2023-07-31 12:54:00,49.9,,197,
2023-07-31 12:56:00,50.0,,197,
2023-07-31 12:58:00,49.9,,196,
2023-07-31 13:00:00,50.1,,191,
2023-07-31 13:02:00,50.0,,193,
2023-07-31 13:04:00,50,,195,
2023-07-31 13:06:00,50.1,,197,
2023-07-31 13:08:00,49.9,,195,
2023-07-31 13:10:00,50.1,,194,
2023-07-31 13:12:00,50.0,,197,
2023-07-31 13:14:00,49.9,,196,
2023-07-31 13:16:00,50.1,,195,
2023-07-31 13:18:00,50.2,,197,
2023-07-31 13:20:00,50.2,,198,
2023-07-31 13:22:00,50.1,,196,
2023-07-31 13:24:00,49.7,,196,
2023-07-31 13:26:00,50.3,,197,
2023-07-31 13:28:00,49.9,,196,
2023-07-31 13:30:00,49.8,,196,
2023-07-31 13:32:00,50.3,,197,
2023-07-31 13:34:00,49.8,,197,
2023-07-31 13:36:00,49.8,,195,
2023-07-31 13:38:00,49.9,,198,
2023-07-31 13:40:00,49.9,,197,
2023-07-31 13:42:00,50.1,,196,
2023-07-31 13:44:00,50.1,,194,
2023-07-31 13:46:00,50.2,,195,
2023-07-31 13:48:00,50.3,,191,
2023-07-31 13:50:00,50.2,,192,
2023-07-31 13:52:00,49.9,,194,
2023-07-31 13:54:00,50.1,,194,
2023-07-31 13:56:00,50.1,,197,
2023-07-31 13:58:00,50.0,,194,
2023-07-31 14:00:00,49.8,,195,
2023-07-31 14:02:00,49.8,,197,
2023-07-31 14:04:00,49.7,,197,
2023-07-31 14:06:00,49.9,,194,
2023-07-31 14:08:00,49.9,,193,
2023-07-31 14:10:00,49.9,,195,
2023-07-31 14:12:00,50.1,,194,
2023-07-31 14:14:00,49.8,,197,
2023-07-31 14:16:00,50.0,,196,
2023-07-31 14:18:00,49.9,,197,
2023-07-31 14:20:00,49.7,,195,
2023-07-31 14:22:00,49.7,,194,
2023-07-31 14:24:00,50.0,,194,
2023-07-31 14:26:00,50.2,,194,
2023-07-31 14:28:00,49.8,,197,
2023-07-31 14:30:00,50.2,,196,
2023-07-31 14:32:00,49.8,,195,
2023-07-31 14:34:00,50.1,,196,
2023-07-31 14:36:00,49.9,,197,
2023-07-31 14:38:00,50.0,,197,
2023-07-31 14:40:00,49.9,,198,
2023-07-31 14:42:00,50.0,,197,
2023-07-31 14:44:00,49.7,,197,
2023-07-31 14:46:00,49.6,,192,
2023-07-31 14:48:00,49.9,,192,
2023-07-31 14:50:00,50.1,,193,
2023-07-31 14:52:00,50.3,,197,
2023-07-31 14:54:00,49.9,,194,
2023-07-31 14:56:00,49.7,,196,
2023-07-31 14:58:00,49.8,,195,
2023-07-31 15:00:00,50.0,,198,
2023-07-31 15:02:00,50.1,,196,
2023-07-31 15:04:00,50.1,,192,
2023-07-31 15:06:00,49.9,,195,
2023-07-31 15:08:00,49.7,,197,
2023-07-31 15:10:00,49.8,,197,
2023-07-31 15:12:00,50.1,,198,
2023-07-31 15:14:00,49.9,,198,
2023-07-31 15:16:00,50.0,,197,
2023-07-31 15:18:00,50.0,,196,
2023-07-31 15:20:00,50.0,,196,
2023-07-31 15:22:00,50.1,,196,
2023-07-31 15:24:00,49.9,,197,
2023-07-31 15:26:00,50.1,,195,
2023-07-31 15:28:00,50.0,,195,
2023-07-31 15:30:00,50.4,,197,
2023-07-31 15:32:00,50.0,,196,
2023-07-31 15:34:00,50.2,,197,
2023-07-31 15:36:00,49.6,,196,
2023-07-31 15:38:00,50.2,,195,
2023-07-31 15:40:00,50.3,,194,
2023-07-31 15:42:00,50.2,,198,
2023-07-31 15:44:00,50.3,,196,
2023-07-31 15:46:00,49.8,,197,
2023-07-31 15:48:00,50.0,,193,
2023-07-31 15:50:00,49.9,,197,
2023-07-31 15:52:00,50.0,,197,
2023-07-31 15:54:00,50.4,,196,
2023-07-31 15:56:00,49.8,,197,
2023-07-31 15:58:00,50.0,,194,
2023-07-31 16:00:00,50.2,,195,
2023-07-31 16:02:00,50.2,,195,
2023-07-31 16:04:00,49.8,,197,
2023-07-31 16:06:00,50.0,,197,
2023-07-31 16:08:00,50.1,,197,
2023-07-31 16:10:00,50.0,,195,
2023-07-31 16:12:00,50.1,,195,
2023-07-31 16:14:00,49.7,,198,
2023-07-31 16:16:00,50.1,,198,
2023-07-31 16:18:00,50.3,,196,
2023-07-31 16:20:00,50.3,,197,
2023-07-31 16:22:00,50.0,,197,
2023-07-31 16:24:00,49.9,,199,
2023-07-31 16:26:00,50.0,,200,
2023-07-31 16:28:00,49.8,,197,
2023-07-31 16:30:00,50.3,,197,
2023-07-31 16:32:00,50.1,,198,
2023-07-31 16:34:00,49.9,,196,
2023-07-31 16:36:00,50.1,,197,
2023-07-31 16:38:00,50.3,,200,
2023-07-31 16:40:00,49.9,,198,
2023-07-31 16:42:00,49.8,,198,
2023-07-31 16:44:00,49.8,,195,
2023-07-31 16:46:00,50.0,,199,
2023-07-31 16:48:00,50.1,,197,
2023-07-31 16:50:00,50.0,,195,
2023-07-31 16:52:00,50.4,,197,
2023-07-31 16:54:00,49.9,,201,
2023-07-31 16:56:00,49.7,,201,
2023-07-31 16:58:00,50.4,,196,
2023-07-31 17:00:00,50.0,,195,
2023-07-31 17:02:00,50.0,,199,
2023-07-31 17:04:00,49.8,,198,
2023-07-31 17:06:00,49.9,,195,
2023-07-31 17:08:00,49.8,,197,
2023-07-31 17:10:00,50.1,,197,
2023-07-31 17:12:00,49.9,,200,
2023-07-31 17:14:00,50.3,,198,
2023-07-31 17:16:00,50.1,,197,
2023-07-31 17:18:00,50.1,,198,
2023-07-31 17:20:00,50.0,,199,
2023-07-31 17:22:00,50.0,,199,
2023-07-31 17:24:00,50.2,,199,
2023-07-31 17:26:00,50.4,,199,
2023-07-31 17:28:00,50.2,,200,
2023-07-31 17:30:00,50.2,,198,
2023-07-31 17:32:00,49.8,,195,
2023-07-31 17:34:00,49.8,,199,
2023-07-31 17:36:00,50.0,,199,
2023-07-31 17:38:00,50.1,,197,
2023-07-31 17:40:00,50.2,,199,
2023-07-31 17:42:00,50.1,,199,
2023-07-31 17:44:00,50.3,,197,
2023-07-31 17:46:00,50.0,,200,
2023-07-31 17:48:00,49.7,,198,
2023-07-31 17:50:00,49.8,,199,
2023-07-31 17:52:00,50.2,,196,
2023-07-31 17:54:00,50.1,,198,
2023-07-31 17:56:00,50.1,,199,
2023-07-31 17:58:00,50.0,,199,
2023-07-31 18:00:00,50.0,,197,
2023-07-31 18:02:00,50.0,,199,
2023-07-31 18:04:00,50.0,,199,
2023-07-31 18:06:00,50.2,,200,
2023-07-31 18:08:00,50.0,,198,
2023-07-31 18:10:00,50.0,,197,
2023-07-31 18:12:00,49.8,,199,
2023-07-31 18:14:00,50.0,,200,
2023-07-31 18:16:00,49.8,,198,
2023-07-31 18:18:00,50.0,,199,
2023-07-31 18:20:00,49.9,,197,
2023-07-31 18:22:00,49.7,,199,
2023-07-31 18:24:00,49.8,,197,
2023-07-31 18:26:00,49.8,,198,
2023-07-31 18:28:00,49.9,,198,
2023-07-31 18:30:00,49.9,,196,
2023-07-31 18:32:00,49.7,,197,
2023-07-31 18:34:00,49.6,,194,
2023-07-31 18:36:00,49.8,,194,
2023-07-31 18:38:00,49.7,,194,
2023-07-31 18:40:00,49.6,,194,
2023-07-31 18:42:00,49.6,,194,
2023-07-31 18:44:00,49.7,,197,
2023-07-31 18:46:00,49.7,,196,
2023-07-31 18:48:00,49.7,,194,
2023-07-31 18:50:00,50.2,,197,
2023-07-31 18:52:00,49.8,,194,
2023-07-31 18:54:00,50.0,,195,
2023-07-31 18:56:00,49.8,,195,
2023-07-31 18:58:00,49.8,,194,
2023-07-31 19:00:00,50.1,,196,
2023-07-31 19:02:00,49.8,,195,
2023-07-31 19:04:00,49.8,,196,
2023-07-31 19:06:00,49.8,,195,
2023-07-31 19:08:00,49.7,,193,
2023-07-31 19:10:00,49.7,,195,
2023-07-31 19:12:00,49.8,,194,
2023-07-31 19:14:00,49.9,,194,
2023-07-31 19:16:00,49.6,,197,
2023-07-31 19:18:00,49.7,,195,
2023-07-31 19:20:00,49.7,,194,
2023-07-31 19:22:00,50.1,,194,
2023-07-31 19:24:00,50.0,,197,
2023-07-31 19:26:00,49.7,,196,
2023-07-31 19:28:00,49.9,,197,
2023-07-31 19:30:00,49.9,,196,
2023-07-31 19:32:00,49.7,,197,
2023-07-31 19:34:00,49.6,,196,
2023-07-31 19:36:00,49.9,,194,
2023-07-31 19:38:00,49.8,,197,
2023-07-31 19:40:00,49.9,,196,
2023-07-31 19:42:00,49.8,,195,
2023-07-31 19:44:00,49.8,,194,
2023-07-31 19:46:00,49.8,,195,
2023-07-31 19:48:00,49.8,,197,
2023-07-31 19:50:00,49.9,,199,
2023-07-31 19:52:00,49.8,,196,
2023-07-31 19:54:00,50.1,,199,
2023-07-31 19:56:00,49.8,,197,
2023-07-31 19:58:00,49.7,,194,
2023-07-31 20:00:00,49.8,,196,
2023-07-31 20:02:00,50.0,,194,
2023-07-31 20:04:00,50.0,,195,
2023-07-31 20:06:00,49.9,,197,
2023-07-31 20:08:00,49.6,,194,
2023-07-31 20:10:00,49.9,,196,
2023-07-31 20:12:00,49.9,,195,
2023-07-31 20:14:00,49.6,,194,
2023-07-31 20:16:00,49.9,,196,
2023-07-31 20:18:00,50.0,,197,
2023-07-31 20:20:00,50.0,,197,
2023-07-31 20:22:00,49.9,,194,
2023-07-31 20:24:00,49.9,,194,
2023-07-31 20:26:00,50.0,,198,
2023-07-31 20:28:00,49.9,,194,
2023-07-31 20:30:00,49.7,,197,
2023-07-31 20:32:00,50.0,,198,
2023-07-31 20:34:00,49.9,,198,
2023-07-31 20:36:00,49.9,,198,
2023-07-31 20:38:00,50.1,,197,
2023-07-31 20:40:00,49.8,,196,
2023-07-31 20:42:00,50.1,,196,
2023-07-31 20:44:00,49.7,,196,
2023-07-31 20:46:00,50.0,,194,
2023-07-31 20:48:00,50.1,,196,
2023-07-31 20:50:00,50.0,,196,
2023-07-31 20:52:00,50.2,,194,
2023-07-31 20:54:00,50.1,,197,
2023-07-31 20:56:00,49.8,,199,
2023-07-31 20:58:00,49.9,,195,
2023-07-31 21:00:00,50.5,,195,
2023-07-31 21:02:00,50.1,,197,
2023-07-31 21:04:00,50.2,,198,
2023-07-31 21:06:00,50,,196,
2023-07-31 21:08:00,50.1,,196,
2023-07-31 21:10:00,50.2,,195,
2023-07-31 21:12:00,49.9,,196,
2023-07-31 21:14:00,50.1,,196,
2023-07-31 21:16:00,50.1,,196,
2023-07-31 21:18:00,50.2,,197,
2023-07-31 21:20:00,49.9,,197,
2023-07-31 21:22:00,50.3,,196,
2023-07-31 21:24:00,50.3,,197,
2023-07-31 21:26:00,50.1,,196,
2023-07-31 21:28:00,50.2,,199,
2023-07-31 21:30:00,50.1,,194,
2023-07-31 21:32:00,50.2,,196,
2023-07-31 21:34:00,50.3,,197,
2023-07-31 21:36:00,50.2,,197,
2023-07-31 21:38:00,50.1,,195,
2023-07-31 21:40:00,50.0,,195,
2023-07-31 21:42:00,50.1,,196,
2023-07-31 21:44:00,50.0,,196,
2023-07-31 21:46:00,50.0,,196,
2023-07-31 21:48:00,50.3,,199,
2023-07-31 21:50:00,50.0,,199,
2023-07-31 21:52:00,50.0,,199,
2023-07-31 21:54:00,50.2,,198,
2023-07-31 21:56:00,50.1,,199,
2023-07-31 21:58:00,50.1,,198,
2023-07-31 22:00:00,50.3,,198,
2023-07-31 22:02:00,50.2,,195,
2023-07-31 22:04:00,50.2,,199,
2023-07-31 22:06:00,50.3,,198,
2023-07-31 22:08:00,50.2,,199,
2023-07-31 22:10:00,50.2,,199,
2023-07-31 22:12:00,50.2,,200,
2023-07-31 22:14:00,50.1,,197,
2023-07-31 22:16:00,50.3,,197,
2023-07-31 22:18:00,50.3,,200,
2023-07-31 22:20:00,50.2,,198,
2023-07-31 22:22:00,50.3,,197,
2023-07-31 22:24:00,50.3,,199,
2023-07-31 22:26:00,50.4,,202,
2023-07-31 22:28:00,50.4,,200,
2023-07-31 22:30:00,50.3,,199,
2023-07-31 22:32:00,50.3,,197,
2023-07-31 22:34:00,50.2,,199,
2023-07-31 22:36:00,50.3,,199,
2023-07-31 22:38:00,50.3,,198,
2023-07-31 22:40:00,50.4,,199,
2023-07-31 22:42:00,50.7,,199,
2023-07-31 22:44:00,50.3,,199,
2023-07-31 22:46:00,50.3,,199,
2023-07-31 22:48:00,50.3,,201,
2023-07-31 22:50:00,50.4,,200,
2023-07-31 22:52:00,50.4,,199,
2023-07-31 22:54:00,50.3,,199,
2023-07-31 22:56:00,50.5,,202,
2023-07-31 22:58:00,50.3,,202,
2023-07-31 23:00:00,50.3,,199,
2023-07-31 23:02:00,50.5,,200,
2023-07-31 23:04:00,50.2,,200,
2023-07-31 23:06:00,50.0,,202,
2023-07-31 23:08:00,49.9,,201,
2023-07-31 23:10:00,50.1,,200,
2023-07-31 23:12:00,50.1,,200,
2023-07-31 23:14:00,50.2,,202,
2023-07-31 23:16:00,50.0,,202,
2023-07-31 23:18:00,50.1,,202,
2023-07-31 23:20:00,49.9,,201,
2023-07-31 23:22:00,50.0,,203,
2023-07-31 23:24:00,50.3,,204,
2023-07-31 23:26:00,50.1,,202,
2023-07-31 23:28:00,50.0,,202,
2023-07-31 23:30:00,50.2,,203,
2023-07-31 23:32:00,50.3,,203,
2023-07-31 23:34:00,49.9,,202,
2023-07-31 23:36:00,50.2,,203,
2023-07-31 23:38:00,50.3,,204,
2023-07-31 23:40:00,50.0,,203,
2023-07-31 23:42:00,50.0,,204,
2023-07-31 23:44:00,50.1,,204,
2023-07-31 23:46:00,50.1,,204,
2023-07-31 23:48:00,50.2,,204,
2023-07-31 23:50:00,50.3,,203,
2023-07-31 23:52:00,50.1,,202,
2023-07-31 23:54:00,50.4,,204,
2023-07-31 23:56:00,50.4,,204,
2023-07-31 23:58:00,50.1,,202,
2023-08-01 00:00:00,50.1,,202,
2023-08-01 00:02:00,50.1,,204,
2023-08-01 00:04:00,50.2,,204,
2023-08-01 00:06:00,50.3,,202,
2023-08-01 00:08:00,50.2,,204,
2023-08-01 00:10:00,50.2,,205,
2023-08-01 00:12:00,50.0,,204,
2023-08-01 00:14:00,50.3,,204,
2023-08-01 00:16:00,50.4,,204,
2023-08-01 00:18:00,50.2,,205,
2023-08-01 00:20:00,50.2,,204,
2023-08-01 00:22:00,50.3,,204,
2023-08-01 00:24:00,50.4,,204,
2023-08-01 00:26:00,50.3,,203,
2023-08-01 00:28:00,50.2,,200,
2023-08-01 00:30:00,50.1,,204,
2023-08-01 00:32:00,50.2,,206,
2023-08-01 00:34:00,50.1,,203,
2023-08-01 00:36:00,50.5,,206,
2023-08-01 00:38:00,50.4,,205,
2023-08-01 00:40:00,50.2,,206,
2023-08-01 00:42:00,50.1,,206,
2023-08-01 00:44:00,50.3,,205,
2023-08-01 00:46:00,50.1,,204,
2023-08-01 00:48:00,50.2,,205,
2023-08-01 00:50:00,50.2,,205,
2023-08-01 00:52:00,50.4,,203,
2023-08-01 00:54:00,50.3,,206,
2023-08-01 00:56:00,50.2,,206,
2023-08-01 00:58:00,50.2,,206,
2023-08-01 01:00:00,50.4,,206,
2023-08-01 01:02:00,50.3,,206,
2023-08-01 01:04:00,50.0,,207,
2023-08-01 01:06:00,50.4,,205,
2023-08-01 01:08:00,50.3,,206,
2023-08-01 01:10:00,50.2,,207,
2023-08-01 01:12:00,50.2,,207,
2023-08-01 01:14:00,50.3,,205,
2023-08-01 01:16:00,50.4,,207,
2023-08-01 01:18:00,50.2,,207,
2023-08-01 01:20:00,50.2,,204,
2023-08-01 01:22:00,50.3,,204,
2023-08-01 01:24:00,50.4,,206,
2023-08-01 01:26:00,50.6,,208,
2023-08-01 01:28:00,50.5,,206,
2023-08-01 01:30:00,50.3,,208,
2023-08-01 01:32:00,50.3,,207,
2023-08-01 01:34:00,50.2,,207,
2023-08-01 01:36:00,50.4,,207,
2023-08-01 01:38:00,50.4,,207,
2023-08-01 01:40:00,50.4,,209,
2023-08-01 01:42:00,50.4,,209,
2023-08-01 01:44:00,50.3,,207,
2023-08-01 01:46:00,50.3,,207,
2023-08-01 01:48:00,50.2,,208,
2023-08-01 01:50:00,50.4,,208,
2023-08-01 01:52:00,50.3,,206,
2023-08-01 01:54:00,50.4,,207,
2023-08-01 01:56:00,50.3,,207,
2023-08-01 01:58:00,50.3,,206,
2023-08-01 02:00:00,50.4,,207,
2023-08-01 02:02:00,50.6,,208,
2023-08-01 02:04:00,50.3,,208,
2023-08-01 02:06:00,50.3,,206,
2023-08-01 02:08:00,50.5,,208,
2023-08-01 02:10:00,50.3,,209,
2023-08-01 02:12:00,50.0,,208,
2023-08-01 02:14:00,50.2,,204,
2023-08-01 02:16:00,50.2,,204,
2023-08-01 02:18:00,50.3,,209,
2023-08-01 02:20:00,50.4,,209,
2023-08-01 02:22:00,50.4,,208,
2023-08-01 02:24:00,50.4,,208,
2023-08-01 02:26:00,50.4,,209,
2023-08-01 02:28:00,50.3,,207,
2023-08-01 02:30:00,50.5,,207,
2023-08-01 02:32:00,50.4,,207,
2023-08-01 02:34:00,50.2,,208,
2023-08-01 02:36:00,50.3,,207,
2023-08-01 02:38:00,50.3,,207,
2023-08-01 02:40:00,50.5,,208,
2023-08-01 02:42:00,50.2,,207,
2023-08-01 02:44:00,50.5,,207,
2023-08-01 02:46:00,50.3,,209,
2023-08-01 02:48:00,50.3,,209,
2023-08-01 02:50:00,50.2,,209,
2023-08-01 02:52:00,50.3,,207,
2023-08-01 02:54:00,50.4,,208,
2023-08-01 02:56:00,50.4,,209,
2023-08-01 02:58:00,50.4,,206,
2023-08-01 03:00:00,50.4,,209,
2023-08-01 03:02:00,50.3,,209,
2023-08-01 03:04:00,50.4,,209,
2023-08-01 03:06:00,50.4,,209,
2023-08-01 03:08:00,50.6,,209,
2023-08-01 03:10:00,50.4,,210,
2023-08-01 03:12:00,50.5,,209,
2023-08-01 03:14:00,50.3,,209,
2023-08-01 03:16:00,50.5,,208,
2023-08-01 03:18:00,50.5,,209,
2023-08-01 03:20:00,50.4,,208,
2023-08-01 03:22:00,50.4,,208,
2023-08-01 03:24:00,50.3,,210,
2023-08-01 03:26:00,50.6,,209,
2023-08-01 03:28:00,50.4,,208,
2023-08-01 03:30:00,50.4,,207,
2023-08-01 03:32:00,50.6,,210,
2023-08-01 03:34:00,50.4,,209,
2023-08-01 03:36:00,50.3,,207,
2023-08-01 03:38:00,50.6,,208,
2023-08-01 03:40:00,50.3,,209,
2023-08-01 03:42:00,50.4,,207,
2023-08-01 03:44:00,50.3,,206,
2023-08-01 03:46:00,50.5,,207,
2023-08-01 03:48:00,50.3,,210,
2023-08-01 03:50:00,50.4,,208,
2023-08-01 03:52:00,50.3,,207,
2023-08-01 03:54:00,50.5,,209,
2023-08-01 03:56:00,50.4,,209,
2023-08-01 03:58:00,50.3,,208,
2023-08-01 04:00:00,50.2,,208,
2023-08-01 04:02:00,50.3,,209,
2023-08-01 04:04:00,50.4,,208,
2023-08-01 04:06:00,50.4,,208,
2023-08-01 04:08:00,50.4,,209,
2023-08-01 04:10:00,50.4,,209,
2023-08-01 04:12:00,50.5,,209,
2023-08-01 04:14:00,50.6,,209,
2023-08-01 04:16:00,50.5,,210,
2023-08-01 04:18:00,50.5,,210,
2023-08-01 04:20:00,50.4,,209,
2023-08-01 04:22:00,50.5,,209,
2023-08-01 04:24:00,50.3,,209,
2023-08-01 04:26:00,50.6,,209,
2023-08-01 04:28:00,50.5,,206,
2023-08-01 04:30:00,50.5,,207,
2023-08-01 04:32:00,50.3,,210,
2023-08-01 04:34:00,50.5,,209,
2023-08-01 04:36:00,50.5,,208,
2023-08-01 04:38:00,50.2,,209,
2023-08-01 04:40:00,50.5,,209,
2023-08-01 04:42:00,50.4,,209,
2023-08-01 04:44:00,50.5,,209,
2023-08-01 04:46:00,50.4,,210,
2023-08-01 04:48:00,50.3,,209,
2023-08-01 04:50:00,50.4,,208,
2023-08-01 04:52:00,50.3,,208,
2023-08-01 04:54:00,50.4,,210,
2023-08-01 04:56:00,50.4,,210,
2023-08-01 04:58:00,50.3,,209,
2023-08-01 05:00:00,50.4,,209,
2023-08-01 05:02:00,50.4,,210,
2023-08-01 05:04:00,50.5,,209,
2023-08-01 05:06:00,50.5,,209,
2023-08-01 05:08:00,50.4,,211,
2023-08-01 05:10:00,50.4,,209,
2023-08-01 05:12:00,50.4,,209,
2023-08-01 05:14:00,50.3,,209,
2023-08-01 05:16:00,50.4,,207,
2023-08-01 05:18:00,50.3,,209,
2023-08-01 05:20:00,50.3,,208,
2023-08-01 05:22:00,50.4,,209,
2023-08-01 05:24:00,50.3,,209,
2023-08-01 05:26:00,50.3,,209,
2023-08-01 05:28:00,50.3,,207,
2023-08-01 05:30:00,50.4,,209,
2023-08-01 05:32:00,50.4,,209,
2023-08-01 05:34:00,50.2,,207,
2023-08-01 05:36:00,50.2,,207,
2023-08-01 05:38:00,50.3,,209,
2023-08-01 05:40:00,50.3,,204,
2023-08-01 05:42:00,50.2,,208,
2023-08-01 05:44:00,50.2,,208,
2023-08-01 05:46:00,50.2,,208,
2023-08-01 05:48:00,50.4,,209,
2023-08-01 05:50:00,50.1,,207,
2023-08-01 05:52:00,50.3,,207,
2023-08-01 05:54:00,50.0,,209,
2023-08-01 05:56:00,50.2,,207,
2023-08-01 05:58:00,50.3,,207,
2023-08-01 06:00:00,50.2,,209,
2023-08-01 06:02:00,50.5,,209,
2023-08-01 06:04:00,50.4,,209,
2023-08-01 06:06:00,50.1,,207,
2023-08-01 06:08:00,50.3,,209,
2023-08-01 06:10:00,50.2,,209,
2023-08-01 06:12:00,50.2,,207,
2023-08-01 06:14:00,50.3,,207,
2023-08-01 06:16:00,50.3,,208,
2023-08-01 06:18:00,50.4,,209,
2023-08-01 06:20:00,50.2,,208,
2023-08-01 06:22:00,50.2,,208,
2023-08-01 06:24:00,50.3,,209,
2023-08-01 06:26:00,50.3,,207,
2023-08-01 06:28:00,50.2,,207,
2023-08-01 06:30:00,50.2,,207,
2023-08-01 06:32:00,50.2,,207,
2023-08-01 06:34:00,50.3,,207,
2023-08-01 06:36:00,50.1,,206,
2023-08-01 06:38:00,50.2,,207,
2023-08-01 06:40:00,50.1,,206,
2023-08-01 06:42:00,50.1,,205,
2023-08-01 06:44:00,50.2,,204,
2023-08-01 06:46:00,50.0,,204,
2023-08-01 06:48:00,50.2,,207,
2023-08-01 06:50:00,50.1,,205,
2023-08-01 06:52:00,50.3,,205,
2023-08-01 06:54:00,50.1,,206,
2023-08-01 06:56:00,50.2,,205,
2023-08-01 06:58:00,50.2,,207,
2023-08-01 07:00:00,50.1,,207,
2023-08-01 07:02:00,50.1,,207,
2023-08-01 07:04:00,50.1,,206,
2023-08-01 07:06:00,50.2,,206,
2023-08-01 07:08:00,50.1,,206,
2023-08-01 07:10:00,50.1,,204,
2023-08-01 07:12:00,50.2,,204,
2023-08-01 07:14:00,50.2,,204,
2023-08-01 07:16:00,50.3,,207,
2023-08-01 07:18:00,49.9,,204,
2023-08-01 07:20:00,50.2,,202,
2023-08-01 07:22:00,49.8,,203,
2023-08-01 07:24:00,50.0,,206,
2023-08-01 07:26:00,50.2,,205,
2023-08-01 07:28:00,50.2,,203,
2023-08-01 07:30:00,49.9,,204,
2023-08-01 07:32:00,50.1,,204,
2023-08-01 07:34:00,50.0,,203,
2023-08-01 07:36:00,50.0,,203,
2023-08-01 07:38:00,50.3,,204,
2023-08-01 07:40:00,50.0,,202,
2023-08-01 07:42:00,49.8,,202,
2023-08-01 07:44:00,50.3,,204,
2023-08-01 07:46:00,50.1,,202,
2023-08-01 07:48:00,50.0,,202,
2023-08-01 07:50:00,50.1,,202,
2023-08-01 07:52:00,50.2,,204,
2023-08-01 07:54:00,50.1,,204,
2023-08-01 07:56:00,49.9,,202,
2023-08-01 07:58:00,50.3,,204,
2023-08-01 08:00:00,49.9,,201,
2023-08-01 08:02:00,50.0,,202,
2023-08-01 08:04:00,49.9,,199,
2023-08-01 08:06:00,49.8,,202,
2023-08-01 08:08:00,49.9,,202,
2023-08-01 08:10:00,50.0,,199,
2023-08-01 08:12:00,49.9,,201,
2023-08-01 08:14:00,50.0,,202,
2023-08-01 08:16:00,50.1,,204,
2023-08-01 08:18:00,49.9,,201,
2023-08-01 08:20:00,50.1,,199,
2023-08-01 08:22:00,49.9,,202,
2023-08-01 08:24:00,49.9,,202,
2023-08-01 08:26:00,50.2,,202,
2023-08-01 08:28:00,49.8,,199,
2023-08-01 08:30:00,49.7,,201,
2023-08-01 08:32:00,50.1,,202,
2023-08-01 08:34:00,50.4,,200,
2023-08-01 08:36:00,50.5,,199,
2023-08-01 08:38:00,50.6,,202,
2023-08-01 08:40:00,50.5,,201,
2023-08-01 08:42:00,50.2,,199,
2023-08-01 08:44:00,50.2,,200,
2023-08-01 08:46:00,50.2,,197,
2023-08-01 08:48:00,50.4,,197,
2023-08-01 08:50:00,49.9,,198,
2023-08-01 08:52:00,50.4,,198,
2023-08-01 08:54:00,50.5,,200,
2023-08-01 08:56:00,50.4,,197,
2023-08-01 08:58:00,50.5,,199,
2023-08-01 09:00:00,50.3,,199,
2023-08-01 09:02:00,50.5,,199,
2023-08-01 09:04:00,50.3,,197,
2023-08-01 09:06:00,50.3,,192,
2023-08-01 09:08:00,50.3,,197,
2023-08-01 09:10:00,50.3,,196,
2023-08-01 09:12:00,50.3,,196,
2023-08-01 09:14:00,50.2,,198,
2023-08-01 09:16:00,50.3,,198,
2023-08-01 09:18:00,50.2,,196,
2023-08-01 09:20:00,50.3,,196,
2023-08-01 09:22:00,50.6,,192,
2023-08-01 09:24:00,50.2,,196,
2023-08-01 09:26:00,50.5,,197,
2023-08-01 09:28:00,50.1,,199,
2023-08-01 09:30:00,50.2,,197,
2023-08-01 09:32:00,49.9,,196,
2023-08-01 09:34:00,50.2,,198,
2023-08-01 09:36:00,50.2,,198,
2023-08-01 09:38:00,50.2,,198,
2023-08-01 09:40:00,50.0,,199,
2023-08-01 09:42:00,50.2,,198,
2023-08-01 09:44:00,50.0,,195,
2023-08-01 09:46:00,50.5,,196,
2023-08-01 09:48:00,49.8,,190,
2023-08-01 09:50:00,50.6,,192,
2023-08-01 09:52:00,50.3,,192,
2023-08-01 09:54:00,50.1,,196,
2023-08-01 09:56:00,50.2,,191,
2023-08-01 09:58:00,50.3,,194,
2023-08-01 10:00:00,50.4,,194,
2023-08-01 10:02:00,50.1,,195,
2023-08-01 10:04:00,50.0,,194,
2023-08-01 10:06:00,49.8,,199,
2023-08-01 10:08:00,50.3,,197,
2023-08-01 10:10:00,50.0,,198,
2023-08-01 10:12:00,50.4,,197,
2023-08-01 10:14:00,49.9,,199,
2023-08-01 10:16:00,50.2,,196,
2023-08-01 10:18:00,50.3,,197,
2023-08-01 10:20:00,50.4,,198,
2023-08-01 10:22:00,50.3,,197,
2023-08-01 10:24:00,50.3,,192,
2023-08-01 10:26:00,50.0,,197,
2023-08-01 10:28:00,50.3,,199,
2023-08-01 10:30:00,50.1,,198,
2023-08-01 10:32:00,50.2,,197,
2023-08-01 10:34:00,50.2,,198,
2023-08-01 10:36:00,50.2,,199,
2023-08-01 10:38:00,50.2,,199,
2023-08-01 10:40:00,50.2,,196,
2023-08-01 10:42:00,50.2,,197,
2023-08-01 10:44:00,50.4,,198,
2023-08-01 10:46:00,50.3,,197,
2023-08-01 10:48:00,50.4,,195,
2023-08-01 10:50:00,50.4,,197,
2023-08-01 10:52:00,50.4,,197,
2023-08-01 10:54:00,50.1,,194,
2023-08-01 10:56:00,50.4,,193,
2023-08-01 10:58:00,50.4,,194,
2023-08-01 11:00:00,50.6,,197,
2023-08-01 11:02:00,50.2,,195,
2023-08-01 11:04:00,50.2,,197,
2023-08-01 11:06:00,50.3,,194,
2023-08-01 11:08:00,50.4,,195,
2023-08-01 11:10:00,50.1,,195,
2023-08-01 11:12:00,50.5,,196,
2023-08-01 11:14:00,50.5,,194,
2023-08-01 11:16:00,50.2,,194,
2023-08-01 11:18:00,50.5,,196,
2023-08-01 11:20:00,50.2,,196,
2023-08-01 11:22:00,50.2,,196,
2023-08-01 11:24:00,50.2,,196,
2023-08-01 11:26:00,50.2,,195,
2023-08-01 11:28:00,50.2,,194,
2023-08-01 11:30:00,50.0,,195,
2023-08-01 11:32:00,50.1,,197,
2023-08-01 11:34:00,50.1,,194,
2023-08-01 11:36:00,50.3,,193,
2023-08-01 11:38:00,49.9,,190,
2023-08-01 11:40:00,50.0,,193,
2023-08-01 11:42:00,50.1,,192,
2023-08-01 11:44:00,50.3,,195,
2023-08-01 11:46:00,50.3,,194,
2023-08-01 11:48:00,50.0,,194,
2023-08-01 11:50:00,50,,195,
2023-08-01 11:52:00,50.3,,192,
2023-08-01 11:54:00,50.3,,194,
2023-08-01 11:56:00,50.1,,195,
2023-08-01 11:58:00,50.4,,196,
2023-08-01 12:00:00,50.2,,197,
2023-08-01 12:02:00,50.3,,194,
2023-08-01 12:04:00,49.9,,195,
2023-08-01 12:06:00,50.3,,194,
2023-08-01 12:08:00,50.5,,196,
2023-08-01 12:10:00,50.2,,195,
2023-08-01 12:12:00,50.3,,193,
2023-08-01 12:14:00,50.3,,197,
2023-08-01 12:16:00,50.2,,197,
2023-08-01 12:18:00,50.3,,194,
2023-08-01 12:20:00,50.3,,196,
2023-08-01 12:22:00,50.3,,194,
2023-08-01 12:24:00,50.4,,195,
2023-08-01 12:26:00,50.4,,197,
2023-08-01 12:28:00,50.3,,194,
2023-08-01 12:30:00,50.1,,194,
2023-08-01 12:32:00,50.3,,197,
2023-08-01 12:34:00,50.2,,197,
2023-08-01 12:36:00,50.2,,196,
2023-08-01 12:38:00,50.3,,196,
2023-08-01 12:40:00,50.3,,193,
2023-08-01 12:42:00,50.1,,196,
2023-08-01 12:44:00,50.2,,197,
2023-08-01 12:46:00,50.3,,197,
2023-08-01 12:48:00,50.6,,196,
2023-08-01 12:50:00,50.4,,221,
2023-08-01 12:52:00,50.4,,221,
2023-08-01 12:54:00,50.3,,220,
2023-08-01 12:56:00,50.4,,219,
2023-08-01 12:58:00,50.3,,221,
2023-08-01 13:00:00,50.3,,219,
2023-08-01 13:02:00,50.2,,217,
2023-08-01 13:04:00,50.2,,217,
2023-08-01 13:06:00,50.2,,217,
2023-08-01 13:08:00,50.8,,219,
2023-08-01 13:10:00,50.7,,218,
2023-08-01 13:12:00,50.2,,217,
2023-08-01 13:14:00,50.3,,219,
2023-08-01 13:16:00,50.2,,221,
2023-08-01 13:18:00,50.3,,220,
2023-08-01 13:20:00,50.3,,219,
2023-08-01 13:22:00,50.2,,219,
2023-08-01 13:24:00,50.3,,221,
2023-08-01 13:26:00,50.2,,221,
2023-08-01 13:28:00,50.4,,219,
2023-08-01 13:30:00,50.2,,219,
2023-08-01 13:32:00,50.2,,217,
2023-08-01 13:34:00,50.5,,215,
2023-08-01 13:36:00,50.3,,214,
2023-08-01 13:38:00,50.1,,217,
2023-08-01 13:40:00,50.2,,218,
2023-08-01 13:42:00,50.2,,219,
2023-08-01 13:44:00,50.1,,218,
2023-08-01 13:46:00,50.3,,218,
2023-08-01 13:48:00,50.5,,217,
2023-08-01 13:50:00,50.3,,218,
2023-08-01 13:52:00,50.2,,218,
2023-08-01 13:54:00,50.3,,217,
2023-08-01 13:56:00,50.0,,217,
2023-08-01 13:58:00,50.3,,219,
2023-08-01 14:00:00,50.4,,219,
2023-08-01 14:02:00,50.6,,217,
2023-08-01 14:04:00,50.5,,217,
2023-08-01 14:06:00,50.4,,217,
2023-08-01 14:08:00,50.5,,219,
2023-08-01 14:10:00,50.5,,217,
2023-08-01 14:12:00,50.4,,218,
2023-08-01 14:14:00,50.3,,216,
2023-08-01 14:16:00,50.4,,217,
2023-08-01 14:18:00,50.5,,219,
2023-08-01 14:20:00,50.4,,219,
2023-08-01 14:22:00,50.5,,216,
2023-08-01 14:24:00,50.5,,220,
2023-08-01 14:26:00,50.9,,220,
2023-08-01 14:28:00,50.8,,219,
2023-08-01 14:30:00,50.9,,219,
2023-08-01 14:32:00,51.1,,221,
2023-08-01 14:34:00,50.9,,221,
2023-08-01 14:36:00,50.9,,219,
2023-08-01 14:38:00,50.9,,219,
2023-08-01 14:40:00,51.1,,219,
2023-08-01 14:42:00,51.0,,220,
2023-08-01 14:44:00,50.8,,219,
2023-08-01 14:46:00,51.1,,219,
2023-08-01 14:48:00,51.1,,220,
2023-08-01 14:50:00,50.9,,222,
2023-08-01 14:52:00,51.1,,221,
2023-08-01 14:54:00,51.1,,220,
2023-08-01 14:56:00,51.2,,219,
2023-08-01 14:58:00,51.1,,221,
2023-08-01 15:00:00,51.2,,221,
2023-08-01 15:02:00,50.9,,216,
2023-08-01 15:04:00,50.7,,217,
2023-08-01 15:06:00,51.2,,219,
2023-08-01 15:08:00,51.1,,219,
2023-08-01 15:10:00,51.1,,217,
2023-08-01 15:12:00,51.1,,217,
2023-08-01 15:14:00,51.1,,219,
2023-08-01 15:16:00,51.2,,219,
2023-08-01 15:18:00,51.2,,218,
2023-08-01 15:20:00,51.0,,219,
2023-08-01 15:22:00,51.1,,218,
2023-08-01 15:24:00,51.2,,219,
2023-08-01 15:26:00,51.0,,219,
2023-08-01 15:28:00,50.9,,219,
2023-08-01 15:30:00,51.0,,219,
2023-08-01 15:32:00,51.1,,220,
2023-08-01 15:34:00,50.9,,219,
2023-08-01 15:36:00,50.9,,219,
2023-08-01 15:38:00,50.9,,219,
2023-08-01 15:40:00,50.9,,219,
2023-08-01 15:42:00,50.9,,220,
2023-08-01 15:44:00,50.9,,219,
2023-08-01 15:46:00,51.0,,218,
2023-08-01 15:48:00,51.0,,219,
2023-08-01 15:50:00,51.1,,220,
2023-08-01 15:52:00,51.1,,219,
2023-08-01 15:54:00,51.1,,219,
2023-08-01 15:56:00,51.2,,219,
2023-08-01 15:58:00,51.0,,218,
2023-08-01 16:00:00,50.9,,218,
2023-08-01 16:02:00,50.9,,216,
2023-08-01 16:04:00,50.9,,216,
2023-08-01 16:06:00,50.7,,219,
2023-08-01 16:08:00,50.9,,218,
2023-08-01 16:10:00,51.0,,216,
2023-08-01 16:12:00,51.0,,216,
2023-08-01 16:14:00,51.0,,217,
2023-08-01 16:16:00,51.1,,219,
2023-08-01 16:18:00,51.1,,218,
2023-08-01 16:20:00,51.2,,220,
2023-08-01 16:22:00,51.3,,220,
2023-08-01 16:24:00,51.3,,220,
2023-08-01 16:26:00,51.0,,220,
2023-08-01 16:28:00,51.0,,219,
2023-08-01 16:30:00,51.2,,220,
2023-08-01 16:32:00,51.1,,221,
2023-08-01 16:34:00,51.1,,221,
2023-08-01 16:36:00,51.1,,221,
2023-08-01 16:38:00,50.9,,221,
2023-08-01 16:40:00,50.8,,220,
2023-08-01 16:42:00,50.8,,220,
2023-08-01 16:44:00,51.3,,220,
2023-08-01 16:46:00,51.2,,220,
2023-08-01 16:48:00,51.2,,221,
2023-08-01 16:50:00,51.1,,222,
2023-08-01 16:52:00,51.0,,221,
2023-08-01 16:54:00,50.6,,221,
2023-08-01 16:56:00,50.3,,220,
2023-08-01 16:58:00,50.2,,221,
2023-08-01 17:00:00,50.3,,219,
2023-08-01 17:02:00,50.3,,219,
2023-08-01 17:04:00,50.2,,219,
2023-08-01 17:06:00,50.2,,221,
2023-08-01 17:08:00,50.2,,221,
2023-08-01 17:10:00,50.2,,220,
2023-08-01 17:12:00,50.2,,221,
2023-08-01 17:14:00,50.2,,221,
2023-08-01 17:16:00,50.4,,221,
2023-08-01 17:18:00,50.2,,221,
2023-08-01 17:20:00,50.2,,220,
2023-08-01 17:22:00,50.2,,219,
2023-08-01 17:24:00,50.3,,221,
2023-08-01 17:26:00,50.2,,220,
2023-08-01 17:28:00,50.2,,220,
2023-08-01 17:30:00,50.3,,220,
2023-08-01 17:32:00,50.3,,221,
2023-08-01 17:34:00,50.4,,220,
2023-08-01 17:36:00,50.4,,220,
2023-08-01 17:38:00,50.3,,221,
2023-08-01 17:40:00,50.4,,222,
2023-08-01 17:42:00,50.3,,220,
2023-08-01 17:44:00,50.2,,221,
2023-08-01 17:46:00,50.1,,221,
2023-08-01 17:48:00,50.2,,223,
2023-08-01 17:50:00,50.1,,222,
2023-08-01 17:52:00,50.2,,221,
2023-08-01 17:54:00,50.2,,220,
2023-08-01 17:56:00,50.2,,221,
2023-08-01 17:58:00,50.2,,222,
2023-08-01 18:00:00,50.2,,221,
2023-08-01 18:02:00,50.2,,221,
2023-08-01 18:04:00,50.2,,222,
2023-08-01 18:06:00,50.3,,222,
2023-08-01 18:08:00,50.1,,222,
2023-08-01 18:10:00,50.3,,222,
2023-08-01 18:12:00,50.6,,224,
2023-08-01 18:14:00,50.5,,223,
2023-08-01 18:16:00,50.6,,221,
2023-08-01 18:18:00,50.7,,221,
2023-08-01 18:20:00,50.6,,221,
2023-08-01 18:22:00,50.6,,222,
2023-08-01 18:24:00,50.6,,221,
2023-08-01 18:26:00,50.7,,221,
2023-08-01 18:28:00,50.8,,221,
2023-08-01 18:30:00,50.9,,222,
2023-08-01 18:32:00,51.0,,222,
2023-08-01 18:34:00,51.0,,222,
2023-08-01 18:36:00,51.0,,222,
2023-08-01 18:38:00,51.1,,223,
2023-08-01 18:40:00,50.9,,222,
2023-08-01 18:42:00,50.0,,187,
2023-08-01 18:44:00,49.9,,196,
2023-08-01 18:46:00,49.9,,194,
2023-08-01 18:48:00,50.2,,194,
2023-08-01 18:50:00,50.1,,195,
2023-08-01 18:52:00,50.0,,192,
2023-08-01 18:54:00,49.9,,194,
2023-08-01 18:56:00,50.0,,192,
2023-08-01 18:58:00,50.2,,194,
2023-08-01 19:00:00,50.3,,192,
2023-08-01 19:02:00,50.2,,193,
2023-08-01 19:04:00,49.9,,194,
2023-08-01 19:06:00,50.0,,193,
2023-08-01 19:08:00,50.1,,194,
2023-08-01 19:10:00,7874,,0,
2023-08-01 19:12:00,2625,,0,
2023-08-01 19:14:00,50.1,,224,
2023-08-01 19:16:00,50.2,,225,
2023-08-01 19:18:00,50.2,,225,
2023-08-01 19:20:00,50.0,,226,
2023-08-01 19:22:00,50.1,,225,
2023-08-01 19:24:00,50.1,,223,
2023-08-01 19:26:00,50.1,,224,
2023-08-01 19:28:00,50.0,,226,
2023-08-01 19:30:00,50.2,,226,
2023-08-01 19:32:00,50.2,,224,
2023-08-01 19:34:00,50.2,,224,
2023-08-01 19:36:00,50.3,,227,
2023-08-01 19:38:00,50.5,,227,
2023-08-01 19:40:00,50.2,,223,
2023-08-01 19:42:00,50.2,,223,
2023-08-01 19:44:00,50.3,,225,
2023-08-01 19:46:00,50.4,,227,
2023-08-01 19:48:00,50.4,,223,
2023-08-01 19:50:00,50.3,,223,
2023-08-01 19:52:00,50.3,,223,
2023-08-01 19:54:00,50.3,,224,
2023-08-01 19:56:00,50.2,,218,
2023-08-01 19:58:00,50.2,,223,
2023-08-01 20:00:00,50.9,,226,
2023-08-01 20:02:00,50.9,,225,
2023-08-01 20:04:00,50.9,,224,
2023-08-01 20:06:00,50.9,,224,
2023-08-01 20:08:00,50.5,,226,
2023-08-01 20:10:00,50.6,,226,
2023-08-01 20:12:00,50.7,,225,
2023-08-01 20:14:00,50.7,,224,
2023-08-01 20:16:00,50.5,,227,
2023-08-01 20:18:00,50.7,,226,
2023-08-01 20:20:00,50.8,,226,
2023-08-01 20:22:00,51.0,,226,
2023-08-01 20:24:00,50.9,,227,
2023-08-01 20:26:00,50.8,,227,
2023-08-01 20:28:00,50.9,,226,
2023-08-01 20:30:00,50.9,,225,
2023-08-01 20:32:00,51.1,,226,
2023-08-01 20:34:00,51.0,,226,
2023-08-01 20:36:00,51.1,,224,
2023-08-01 20:38:00,50.9,,225,
2023-08-01 20:40:00,50.8,,227,
2023-08-01 20:42:00,51.0,,229,
2023-08-01 20:44:00,51.0,,227,
2023-08-01 20:46:00,51.1,,227,
2023-08-01 20:48:00,50.9,,227,
2023-08-01 20:50:00,50.9,,226,
2023-08-01 20:52:00,51.0,,226,
2023-08-01 20:54:00,51.1,,226,
2023-08-01 20:56:00,51.0,,227,
2023-08-01 20:58:00,50.8,,225,
2023-08-01 21:00:00,50.8,,219,
2023-08-01 21:02:00,51.3,,225,
2023-08-01 21:04:00,51.2,,225,
2023-08-01 21:06:00,51.3,,226,
2023-08-01 21:08:00,50.9,,220,
2023-08-01 21:10:00,51.1,,224,
2023-08-01 21:12:00,51.0,,223,
2023-08-01 21:14:00,51.1,,225,
2023-08-01 21:16:00,51.1,,225,
2023-08-01 21:18:00,51.3,,225,
2023-08-01 21:20:00,51.2,,225,
2023-08-01 21:22:00,51.3,,226,
2023-08-01 21:24:00,51.3,,225,
2023-08-01 21:26:00,51.2,,226,
2023-08-01 21:28:00,51.2,,226,
2023-08-01 21:30:00,51.2,,227,
2023-08-01 21:32:00,51.2,,225,
2023-08-01 21:34:00,51.1,,225,
2023-08-01 21:36:00,51.1,,223,
2023-08-01 21:38:00,51.2,,226,
2023-08-01 21:40:00,51.2,,226,
2023-08-01 21:42:00,50.5,,198,
2023-08-01 21:44:00,50.6,,198,
2023-08-01 21:46:00,50.2,,198,
2023-08-01 21:48:00,50.5,,197,
2023-08-01 21:50:00,50.5,,199,
2023-08-01 21:52:00,50.4,,199,
2023-08-01 21:54:00,50.4,,199,
2023-08-01 21:56:00,50.5,,197,
2023-08-01 21:58:00,50.6,,199,
2023-08-01 22:00:00,50.3,,197,
2023-08-01 22:02:00,50.7,,199,
2023-08-01 22:04:00,50.5,,197,
2023-08-01 22:06:00,50.6,,197,
2023-08-01 22:08:00,50.3,,199,
2023-08-01 22:10:00,50.7,,199,
2023-08-01 22:12:00,50.5,,200,
2023-08-01 22:14:00,50.7,,197,
2023-08-01 22:16:00,50.3,,199,
2023-08-01 22:18:00,50.6,,199,
2023-08-01 22:20:00,50.6,,200,
2023-08-01 22:22:00,50.7,,197,
2023-08-01 22:24:00,50.6,,200,
2023-08-01 22:26:00,50.6,,199,
2023-08-01 22:28:00,50.3,,199,
2023-08-01 22:30:00,50.4,,198,
2023-08-01 22:32:00,50.4,,199,
2023-08-01 22:34:00,50.5,,199,
2023-08-01 22:36:00,50.7,,201,
2023-08-01 22:38:00,50.5,,201,
2023-08-01 22:40:00,50.8,,200,
2023-08-01 22:42:00,50.9,,200,
2023-08-01 22:44:00,50.6,,202,
2023-08-01 22:46:00,50.5,,199,
2023-08-01 22:48:00,50.8,,199,
2023-08-01 22:50:00,50.7,,199,
2023-08-01 22:52:00,50.8,,202,
2023-08-01 22:54:00,50.6,,199,
2023-08-01 22:56:00,50.6,,200,
2023-08-01 22:58:00,50.7,,200,
2023-08-01 23:00:00,50.5,,202,
2023-08-01 23:02:00,50.9,,202,
2023-08-01 23:04:00,50.7,,202,
2023-08-01 23:06:00,50.8,,202,
2023-08-01 23:08:00,50.7,,202,
2023-08-01 23:10:00,50.7,,203,
2023-08-01 23:12:00,50.9,,202,
2023-08-01 23:14:00,50.7,,202,
2023-08-01 23:16:00,50.6,,204,
2023-08-01 23:18:00,51.0,,203,
2023-08-01 23:20:00,50.6,,202,
2023-08-01 23:22:00,50.5,,202,
2023-08-01 23:24:00,50.5,,204,
2023-08-01 23:26:00,50.3,,202,
2023-08-01 23:28:00,50.3,,202,
2023-08-01 23:30:00,50.4,,202,
2023-08-01 23:32:00,50.2,,204,
2023-08-01 23:34:00,50.3,,202,
2023-08-01 23:36:00,50.3,,202,
2023-08-01 23:38:00,50.4,,202,
2023-08-01 23:40:00,50.4,,202,
2023-08-01 23:42:00,50.6,,204,
2023-08-01 23:44:00,50.3,,202,
2023-08-01 23:46:00,50.1,,201,
2023-08-01 23:48:00,50.3,,203,
2023-08-01 23:50:00,50.3,,204,
2023-08-01 23:52:00,50.4,,204,
2023-08-01 23:54:00,50.3,,204,
2023-08-01 23:56:00,50.5,,205,
2023-08-01 23:58:00,50.4,,204,
2023-08-02 00:00:00,50.3,,203,
2023-08-02 00:02:00,50.4,,204,
2023-08-02 00:04:00,50.5,,205,
2023-08-02 00:06:00,50.6,,204,
2023-08-02 00:08:00,50.4,,204,
2023-08-02 00:10:00,50.4,,204,
2023-08-02 00:12:00,50.4,,206,
2023-08-02 00:14:00,50.5,,206,
2023-08-02 00:16:00,50.4,,203,
2023-08-02 00:18:00,50.5,,203,
2023-08-02 00:20:00,50.4,,205,
2023-08-02 00:22:00,50.4,,204,
2023-08-02 00:24:00,50.3,,204,
2023-08-02 00:26:00,50.4,,204,
2023-08-02 00:28:00,50.2,,204,
2023-08-02 00:30:00,50.3,,205,
2023-08-02 00:32:00,50.2,,203,
2023-08-02 00:34:00,50.4,,202,
2023-08-02 00:36:00,50.5,,206,
2023-08-02 00:38:00,50.4,,206,
2023-08-02 00:40:00,50.4,,204,
2023-08-02 00:42:00,50.4,,204,
2023-08-02 00:44:00,50.4,,206,
2023-08-02 00:46:00,50.3,,206,
2023-08-02 00:48:00,50.3,,205,
2023-08-02 00:50:00,50.0,,204,
2023-08-02 00:52:00,50.7,,207,
2023-08-02 00:54:00,50.3,,205,
2023-08-02 00:56:00,50.3,,204,
2023-08-02 00:58:00,50.5,,204,
2023-08-02 01:00:00,50.5,,205,
2023-08-02 01:02:00,50.5,,205,
2023-08-02 01:04:00,50.2,,204,
2023-08-02 01:06:00,50.6,,204,
2023-08-02 01:08:00,50.4,,207,
2023-08-02 01:10:00,50.5,,204,
2023-08-02 01:12:00,50.4,,204,
2023-08-02 01:14:00,50.6,,204,
2023-08-02 01:16:00,50.5,,207,
2023-08-02 01:18:00,50.4,,206,
2023-08-02 01:20:00,50.7,,205,
2023-08-02 01:22:00,50.5,,205,
2023-08-02 01:24:00,50.5,,207,
2023-08-02 01:26:00,50.4,,207,
2023-08-02 01:28:00,50.5,,205,
2023-08-02 01:30:00,50.4,,207,
2023-08-02 01:32:00,50.4,,204,
2023-08-02 01:34:00,50.3,,206,
2023-08-02 01:36:00,50.4,,205,
2023-08-02 01:38:00,50.3,,207,
2023-08-02 01:40:00,50.4,,207,
2023-08-02 01:42:00,50.4,,207,
2023-08-02 01:44:00,50.5,,206,
2023-08-02 01:46:00,50.2,,206,
2023-08-02 01:48:00,50.6,,207,
2023-08-02 01:50:00,50.5,,207,
2023-08-02 01:52:00,50.3,,207,
2023-08-02 01:54:00,50.4,,207,
2023-08-02 01:56:00,50.5,,207,
2023-08-02 01:58:00,50.5,,207,
2023-08-02 02:00:00,50.3,,206,
2023-08-02 02:02:00,50.5,,207,
2023-08-02 02:04:00,50.3,,208,
2023-08-02 02:06:00,50.5,,207,
2023-08-02 02:08:00,50.5,,206,
2023-08-02 02:10:00,50.4,,206,
2023-08-02 02:12:00,50.5,,207,
2023-08-02 02:14:00,50.4,,207,
2023-08-02 02:16:00,50.4,,207,
2023-08-02 02:18:00,50.6,,207,
2023-08-02 02:20:00,50.7,,204,
2023-08-02 02:22:00,50.6,,205,
2023-08-02 02:24:00,50.5,,207,
2023-08-02 02:26:00,50.3,,207,
2023-08-02 02:28:00,50.4,,207,
2023-08-02 02:30:00,50.4,,207,
2023-08-02 02:32:00,50.5,,207,
2023-08-02 02:34:00,50.4,,207,
2023-08-02 02:36:00,50.4,,209,
2023-08-02 02:38:00,50.5,,208,
2023-08-02 02:40:00,50.3,,207,
2023-08-02 02:42:00,50.4,,207,
2023-08-02 02:44:00,50.4,,207,
2023-08-02 02:46:00,50.5,,207,
2023-08-02 02:48:00,50.5,,205,
2023-08-02 02:50:00,50.5,,207,
2023-08-02 02:52:00,50.3,,207,
2023-08-02 02:54:00,50.4,,209,
2023-08-02 02:56:00,50.4,,208,
2023-08-02 02:58:00,50.6,,207,
2023-08-02 03:00:00,50.5,,209,
2023-08-02 03:02:00,50.6,,209,
2023-08-02 03:04:00,50.4,,207,
2023-08-02 03:06:00,50.4,,204,
2023-08-02 03:08:00,50.5,,207,
2023-08-02 03:10:00,50.5,,209,
2023-08-02 03:12:00,50.6,,208,
2023-08-02 03:14:00,50.5,,207,
2023-08-02 03:16:00,50.4,,209,
2023-08-02 03:18:00,50.5,,209,
2023-08-02 03:20:00,50.5,,208,
2023-08-02 03:22:00,50.4,,208,
2023-08-02 03:24:00,50.5,,209,
2023-08-02 03:26:00,50.5,,209,
2023-08-02 03:28:00,50.4,,207,
2023-08-02 03:30:00,50.5,,206,
2023-08-02 03:32:00,50.5,,208,
2023-08-02 03:34:00,50.3,,208,
2023-08-02 03:36:00,50.5,,207,
2023-08-02 03:38:00,50.6,,207,
2023-08-02 03:40:00,50.5,,209,
2023-08-02 03:42:00,50.5,,208,
2023-08-02 03:44:00,50.4,,207,
2023-08-02 03:46:00,50.5,,207,
2023-08-02 03:48:00,50.4,,209,
2023-08-02 03:50:00,50.4,,209,
2023-08-02 03:52:00,50.5,,208,
2023-08-02 03:54:00,50.4,,207,
2023-08-02 03:56:00,50.4,,209,
2023-08-02 03:58:00,50.5,,209,
2023-08-02 04:00:00,50.3,,206,
2023-08-02 04:02:00,50.6,,207,
2023-08-02 04:04:00,50.5,,209,
2023-08-02 04:06:00,50.3,,209,
2023-08-02 04:08:00,50.4,,208,
2023-08-02 04:10:00,50.3,,208,
2023-08-02 04:12:00,50.5,,209,
2023-08-02 04:14:00,50.6,,209,
2023-08-02 04:16:00,50.4,,209,
2023-08-02 04:18:00,50.3,,207,
2023-08-02 04:20:00,50.5,,208,
2023-08-02 04:22:00,50.4,,209,
2023-08-02 04:24:00,50.6,,208,
2023-08-02 04:26:00,50.5,,209,
2023-08-02 04:28:00,50.5,,209,
2023-08-02 04:30:00,50.5,,209,
2023-08-02 04:32:00,50.5,,208,
2023-08-02 04:34:00,50.4,,209,
2023-08-02 04:36:00,50.5,,209,
2023-08-02 04:38:00,50.6,,209,
2023-08-02 04:40:00,50.5,,207,
2023-08-02 04:42:00,50.5,,207,
2023-08-02 04:44:00,50.0,,209,
2023-08-02 04:46:00,50.6,,209,
2023-08-02 04:48:00,50.1,,209,
2023-08-02 04:50:00,50.2,,210,
2023-08-02 04:52:00,50.3,,211,
2023-08-02 04:54:00,50.1,,211,
2023-08-02 04:56:00,50.2,,209,
2023-08-02 04:58:00,50.3,,209,
2023-08-02 05:00:00,50.2,,210,
2023-08-02 05:02:00,50.0,,209,
2023-08-02 05:04:00,49.9,,209,
2023-08-02 05:06:00,49.8,,208,
2023-08-02 05:08:00,50.1,,210,
2023-08-02 05:10:00,50.2,,210,
2023-08-02 05:12:00,50.1,,211,
2023-08-02 05:14:00,50.1,,211,
2023-08-02 05:16:00,50.2,,209,
2023-08-02 05:18:00,50.0,,209,
2023-08-02 05:20:00,50.0,,209,
2023-08-02 05:22:00,50.0,,208,
2023-08-02 05:24:00,50.1,,209,
2023-08-02 05:26:00,50.2,,211,
2023-08-02 05:28:00,50.2,,210,
2023-08-02 05:30:00,50.0,,207,
2023-08-02 05:32:00,49.9,,207,
2023-08-02 05:34:00,50.1,,209,
2023-08-02 05:36:00,50.0,,209,
2023-08-02 05:38:00,50.3,,208,
2023-08-02 05:40:00,50.1,,210,
2023-08-02 05:42:00,50.1,,209,
2023-08-02 05:44:00,50.0,,207,
2023-08-02 05:46:00,50.0,,207,
2023-08-02 05:48:00,50.2,,209,
2023-08-02 05:50:00,50.0,,207,
2023-08-02 05:52:00,50.0,,207,
2023-08-02 05:54:00,50.0,,207,
2023-08-02 05:56:00,50.0,,209,
2023-08-02 05:58:00,50.1,,208,
2023-08-02 06:00:00,50.2,,206,
2023-08-02 06:02:00,50.2,,207,
2023-08-02 06:04:00,49.9,,209,
2023-08-02 06:06:00,50.2,,207,
2023-08-02 06:08:00,50.1,,207,
2023-08-02 06:10:00,50.0,,209,
2023-08-02 06:12:00,50.0,,209,
2023-08-02 06:14:00,49.9,,208,
2023-08-02 06:16:00,50.1,,205,
2023-08-02 06:18:00,50.0,,207,
2023-08-02 06:20:00,50.1,,207,
2023-08-02 06:22:00,50.1,,209,
2023-08-02 06:24:00,50.1,,207,
2023-08-02 06:26:00,49.9,,207,
2023-08-02 06:28:00,50.0,,207,
2023-08-02 06:30:00,50.1,,203,
2023-08-02 06:32:00,49.8,,205,
2023-08-02 06:34:00,49.7,,206,
2023-08-02 06:36:00,50.0,,208,
2023-08-02 06:38:00,50.2,,207,
2023-08-02 06:40:00,49.9,,204,
2023-08-02 06:42:00,50.0,,206,
2023-08-02 06:44:00,49.9,,204,
2023-08-02 06:46:00,50.0,,207,
2023-08-02 06:48:00,50.0,,204,
2023-08-02 06:50:00,49.9,,208,
2023-08-02 06:52:00,50.0,,207,
2023-08-02 06:54:00,50.0,,209,
2023-08-02 06:56:00,49.8,,206,
2023-08-02 06:58:00,50.0,,207,
2023-08-02 07:00:00,50.1,,206,
2023-08-02 07:02:00,49.9,,206,
2023-08-02 07:04:00,49.9,,204,
2023-08-02 07:06:00,49.8,,207,
2023-08-02 07:08:00,49.8,,208,
2023-08-02 07:10:00,49.6,,207,
2023-08-02 07:12:00,49.8,,204,
2023-08-02 07:14:00,50.1,,206,
2023-08-02 07:16:00,50.0,,205,
2023-08-02 07:18:00,49.8,,206,
2023-08-02 07:20:00,49.7,,205,
2023-08-02 07:22:00,50.2,,206,
2023-08-02 07:24:00,49.7,,207,
2023-08-02 07:26:00,50.0,,204,
2023-08-02 07:28:00,49.7,,205,
2023-08-02 07:30:00,49.6,,205,
2023-08-02 07:32:00,49.5,,202,
2023-08-02 07:34:00,49.8,,204,
2023-08-02 07:36:00,49.9,,204,
2023-08-02 07:38:00,50.0,,204,
2023-08-02 07:40:00,50.1,,204,
2023-08-02 07:42:00,50.0,,207,
2023-08-02 07:44:00,49.9,,204,
2023-08-02 07:46:00,50.1,,203,
2023-08-02 07:48:00,49.9,,202,
2023-08-02 07:50:00,50.1,,202,
2023-08-02 07:52:00,49.9,,202,
2023-08-02 07:54:00,50.3,,203,
2023-08-02 07:56:00,50.3,,205,
2023-08-02 07:58:00,50.2,,203,
2023-08-02 08:00:00,50.4,,203,
2023-08-02 08:02:00,50.3,,202,
2023-08-02 08:04:00,50.1,,202,
2023-08-02 08:06:00,50.0,,204,
2023-08-02 08:08:00,50.2,,202,
2023-08-02 08:10:00,50.2,,203,
2023-08-02 08:12:00,50.1,,200,
2023-08-02 08:14:00,50.4,,202,
2023-08-02 08:16:00,50.2,,203,
2023-08-02 08:18:00,50.1,,199,
2023-08-02 08:20:00,50.4,,199,
2023-08-02 08:22:00,50.2,,199,
2023-08-02 08:24:00,50.0,,202,
2023-08-02 08:26:00,50.0,,201,
2023-08-02 08:28:00,50.2,,200,
2023-08-02 08:30:00,50.1,,201,
2023-08-02 08:32:00,50.1,,201,
2023-08-02 08:34:00,50.2,,202,
2023-08-02 08:36:00,50.0,,199,
2023-08-02 08:38:00,50.3,,220,
2023-08-02 08:40:00,50.5,,219,
2023-08-02 08:42:00,50.6,,218,
2023-08-02 08:44:00,50.6,,219,
2023-08-02 08:46:00,50.5,,217,
2023-08-02 08:48:00,50.5,,216,
2023-08-02 08:50:00,50.2,,218,
2023-08-02 08:52:00,50.3,,224,
2023-08-02 08:54:00,50.3,,223,
2023-08-02 08:56:00,50.4,,221,
2023-08-02 08:58:00,50.4,,221,
2023-08-02 09:00:00,50.4,,223,
2023-08-02 09:02:00,50.3,,223,
2023-08-02 09:04:00,50.5,,221,
2023-08-02 09:06:00,50.5,,220,
2023-08-02 09:08:00,50.3,,220,
2023-08-02 09:10:00,50.3,,219,
2023-08-02 09:12:00,50.4,,219,
2023-08-02 09:14:00,50.5,,219,
2023-08-02 09:16:00,50.5,,221,
2023-08-02 09:18:00,50.6,,222,
2023-08-02 09:20:00,50.5,,221,
2023-08-02 09:22:00,50.4,,220,
2023-08-02 09:24:00,50.1,,221,
2023-08-02 09:26:00,50.5,,221,
2023-08-02 09:28:00,50.5,,219,
2023-08-02 09:30:00,50.4,,220,
2023-08-02 09:32:00,50.3,,222,
2023-08-02 09:34:00,50.3,,221,
2023-08-02 09:36:00,50.5,,220,
2023-08-02 09:38:00,50.3,,216,
2023-08-02 09:40:00,50.5,,221,
2023-08-02 09:42:00,50.5,,221,
2023-08-02 09:44:00,50.3,,219,
2023-08-02 09:46:00,50.4,,215,
2023-08-02 09:48:00,50.5,,221,
2023-08-02 09:50:00,50.6,,220,
2023-08-02 09:52:00,50.6,,219,
2023-08-02 09:54:00,50.6,,219,
2023-08-02 09:56:00,50.6,,220,
2023-08-02 09:58:00,50.6,,220,
2023-08-02 10:00:00,50.6,,215,
2023-08-02 10:02:00,50.2,,214,
2023-08-02 10:04:00,50.7,,220,
2023-08-02 10:06:00,50.7,,219,
2023-08-02 10:08:00,50.7,,219,
2023-08-02 10:10:00,50.4,,219,
2023-08-02 10:12:00,50.5,,221,
2023-08-02 10:14:00,50.7,,221,
2023-08-02 10:16:00,50.6,,220,
2023-08-02 10:18:00,50.5,,219,
2023-08-02 10:20:00,50.6,,221,
2023-08-02 10:22:00,50.6,,219,
2023-08-02 10:24:00,50.5,,219,
2023-08-02 10:26:00,50.9,,220,
2023-08-02 10:28:00,50.7,,221,
2023-08-02 10:30:00,50.5,,217,
2023-08-02 10:32:00,50.7,,216,
2023-08-02 10:34:00,50.8,,221,
2023-08-02 10:36:00,50.3,,218,
2023-08-02 10:38:00,50.3,,213,
2023-08-02 10:40:00,50.8,,219,
2023-08-02 10:42:00,50.6,,213,
2023-08-02 10:44:00,50.4,,219,
2023-08-02 10:46:00,50.3,,220,
2023-08-02 10:48:00,50.5,,219,
2023-08-02 10:50:00,50.3,,219,
2023-08-02 10:52:00,50.3,,215,
2023-08-02 10:54:00,50.5,,220,
2023-08-02 10:56:00,50.3,,219,
2023-08-02 10:58:00,50.2,,220,
2023-08-02 11:00:00,50.1,,220,
2023-08-02 11:02:00,50.2,,219,
2023-08-02 11:04:00,50.3,,219,
2023-08-02 11:06:00,50.3,,219,
2023-08-02 11:08:00,50.5,,221,
2023-08-02 11:10:00,50.6,,221,
2023-08-02 11:12:00,50.4,,219,
2023-08-02 11:14:00,50.4,,218,
2023-08-02 11:16:00,50.3,,220,
2023-08-02 11:18:00,50.4,,221,
2023-08-02 11:20:00,50.2,,219,
2023-08-02 11:22:00,50.5,,219,
2023-08-02 11:24:00,50.6,,219,
2023-08-02 11:26:00,50.3,,220,
2023-08-02 11:28:00,50.3,,218,
2023-08-02 11:30:00,50.4,,218,
2023-08-02 11:32:00,50.3,50.4,218,237
2023-08-02 11:34:00,50.2,50.2,215,240
2023-08-02 11:36:00,50.2,50.3,214,236
2023-08-02 11:38:00,50.4,50.5,213,236
2023-08-02 11:40:00,50.2,50.3,214,236
2023-08-02 11:42:00,50.3,50.3,215,236
2023-08-02 11:44:00,50.2,50.2,220,237
2023-08-02 11:46:00,50.4,50.4,219,236
2023-08-02 11:48:00,50.2,50.2,219,237
2023-08-02 11:50:00,50.6,50.6,221,237
2023-08-02 11:52:00,50.6,50.5,221,238
2023-08-02 11:54:00,50.6,50.4,218,236
2023-08-02 11:56:00,50.6,50.5,219,237
2023-08-02 11:58:00,50.5,50.5,219,237
2023-08-02 12:00:00,50.4,50.3,219,236
2023-08-02 12:02:00,50.4,50.2,218,236
2023-08-02 12:04:00,50.6,50.6,219,237
2023-08-02 12:06:00,50.5,50.5,219,237
2023-08-02 12:08:00,50.5,50.5,220,237
2023-08-02 12:10:00,50.6,50.7,220,238
2023-08-02 12:12:00,50.6,50.5,219,237
2023-08-02 12:14:00,50.5,50.4,219,236
2023-08-02 12:16:00,50.4,50.4,219,237
2023-08-02 12:18:00,50.6,50.5,220,237
2023-08-02 12:20:00,50.7,50.5,219,237
2023-08-02 12:22:00,50.6,50.5,218,236
2023-08-02 12:24:00,50.4,50.6,219,236
2023-08-02 12:26:00,50.6,50.6,219,236
2023-08-02 12:28:00,50.7,50.5,219,236
2023-08-02 12:30:00,50.5,50.4,219,236
2023-08-02 12:32:00,50.5,50.5,219,236
2023-08-02 12:34:00,50.6,50.4,219,237
2023-08-02 12:36:00,50.6,50.5,218,237
2023-08-02 12:38:00,50.5,50.5,219,237
2023-08-02 12:40:00,50.5,50.5,219,237
2023-08-02 12:42:00,50.5,50.4,220,237
2023-08-02 12:44:00,50.6,50.6,219,237
2023-08-02 12:46:00,50.6,50.6,219,236
2023-08-02 12:48:00,50.3,50.4,214,236
2023-08-02 12:50:00,50.5,50.6,220,237
2023-08-02 12:52:00,50.6,50.6,219,237
2023-08-02 12:54:00,50.6,50.6,218,237
2023-08-02 12:56:00,50.2,50.2,218,236
2023-08-02 12:58:00,50.2,50.3,219,236
2023-08-02 13:00:00,50.2,50.2,218,236
2023-08-02 13:02:00,50.2,50.1,219,236
2023-08-02 13:04:00,50.1,50.1,219,236
2023-08-02 13:06:00,50.2,50.2,219,236
2023-08-02 13:08:00,50.2,50.3,219,236
2023-08-02 13:10:00,50.2,50.4,218,236
2023-08-02 13:12:00,50.3,50.2,218,236
2023-08-02 13:14:00,50.2,50.2,217,236
2023-08-02 13:16:00,50.1,50.2,218,236
2023-08-02 13:18:00,50.3,50.3,217,236
2023-08-02 13:20:00,50.2,50.2,217,236
2023-08-02 13:22:00,50.2,50.2,216,236
2023-08-02 13:24:00,50.2,50.2,219,236
2023-08-02 13:26:00,50.4,50.3,219,236
2023-08-02 13:28:00,50.2,50.2,217,235
2023-08-02 13:30:00,50.2,50.2,217,236
2023-08-02 13:32:00,50.2,50.2,218,236
2023-08-02 13:34:00,50.1,50.1,218,236
2023-08-02 13:36:00,50.3,50.2,218,236
2023-08-02 13:38:00,50.1,50.1,218,236
2023-08-02 13:40:00,50.2,50.3,217,236
2023-08-02 13:42:00,50.3,50.3,219,236
2023-08-02 13:44:00,50.3,50.4,217,236
2023-08-02 13:46:00,50.2,50.2,217,236
2023-08-02 13:48:00,50.2,50.2,217,236
2023-08-02 13:50:00,50.1,50.2,219,236
2023-08-02 13:52:00,50.2,50.1,219,236
2023-08-02 13:54:00,50.2,50.2,219,236
2023-08-02 13:56:00,50.2,50.1,219,237
2023-08-02 13:58:00,50.1,50.1,219,237
2023-08-02 14:00:00,50.2,50.2,219,236
2023-08-02 14:02:00,50.4,50.3,217,236
2023-08-02 14:04:00,50.1,50.3,217,236
2023-08-02 14:06:00,50.2,50.2,217,236
2023-08-02 14:08:00,50.3,50.2,219,236
2023-08-02 14:10:00,50.3,50.2,217,236
2023-08-02 14:12:00,50.4,50.4,218,236
2023-08-02 14:14:00,49.7,49.7,195,186
2023-08-02 14:16:00,49.8,49.9,196,191
2023-08-02 14:18:00,50.1,50.0,195,190
2023-08-02 14:20:00,50.2,50.2,190,184
2023-08-02 14:22:00,49.5,49.5,192,181
2023-08-02 14:24:00,49.9,49.9,195,188
2023-08-02 14:26:00,50.1,50.0,194,190
2023-08-02 14:28:00,49.9,50.0,196,185
2023-08-02 14:30:00,50.2,50.2,195,186
2023-08-02 14:32:00,49.9,49.9,194,185
2023-08-02 14:34:00,49.8,49.8,195,185
2023-08-02 14:36:00,50.0,50.0,194,181
2023-08-02 14:38:00,50.1,50.1,196,187
2023-08-02 14:40:00,50.1,50.1,196,188
2023-08-02 14:42:00,50.1,50.1,195,185
2023-08-02 14:44:00,50.1,50.1,194,187
2023-08-02 14:46:00,50.1,50.0,194,181
2023-08-02 14:48:00,49.8,49.8,197,187
2023-08-02 14:50:00,50.3,50.3,194,184
2023-08-02 14:52:00,50.0,50.0,195,185
2023-08-02 14:54:00,49.8,49.8,194,185
2023-08-02 14:56:00,49.7,49.6,198,190
2023-08-02 14:58:00,49.9,49.9,193,187
2023-08-02 15:00:00,50.0,50.0,196,190
2023-08-02 15:02:00,50.2,50.2,194,189
2023-08-02 15:04:00,49.8,49.8,198,189
2023-08-02 15:06:00,50.0,50.0,195,190
2023-08-02 15:08:00,50,50.0,197,190
2023-08-02 15:10:00,50.1,50.1,195,190
2023-08-02 15:12:00,50.2,50.2,194,190
2023-08-02 15:14:00,50.0,49.9,193,185
2023-08-02 15:16:00,50.1,50.1,194,188
2023-08-02 15:18:00,50.0,50.0,194,187
2023-08-02 15:20:00,50.0,50.0,198,190
2023-08-02 15:22:00,50.3,50.3,195,189
2023-08-02 15:24:00,50.2,50.2,196,192
2023-08-02 15:26:00,50,50.0,196,187
2023-08-02 15:28:00,49.9,49.9,195,188
2023-08-02 15:30:00,50.7,50.6,194,199
2023-08-02 15:32:00,50.1,50.2,196,202
2023-08-02 15:34:00,50.4,50.3,196,194
2023-08-02 15:36:00,50.4,50.4,196,193
2023-08-02 15:38:00,50.5,50.5,196,194
2023-08-02 15:40:00,50.4,50.4,195,194
2023-08-02 15:42:00,50.2,50.2,197,194
2023-08-02 15:44:00,50.2,50.1,197,194
2023-08-02 15:46:00,50.1,50.1,197,192
2023-08-02 15:48:00,49.9,50.0,195,194
2023-08-02 15:50:00,50.1,50.1,197,196
2023-08-02 15:52:00,50.4,50.3,195,192
2023-08-02 15:54:00,49.9,50.0,194,190
2023-08-02 15:56:00,50.3,50.3,194,192
2023-08-02 15:58:00,50.4,50.4,195,197
2023-08-02 16:00:00,50.2,50.3,195,195
2023-08-02 16:02:00,50.3,50.2,196,199
2023-08-02 16:04:00,50.2,50.2,194,196
2023-08-02 16:06:00,50.1,50.0,194,194
2023-08-02 16:08:00,50.2,50.3,197,200
2023-08-02 16:10:00,50.4,50.4,194,197
2023-08-02 16:12:00,50.3,50.3,197,199
2023-08-02 16:14:00,50.0,50.0,193,186
2023-08-02 16:16:00,50.2,50.3,194,187
2023-08-02 16:18:00,50.2,50.2,194,194
2023-08-02 16:20:00,50.0,49.9,194,192
2023-08-02 16:22:00,50.0,50.0,196,191
2023-08-02 16:24:00,49.9,49.9,195,190
2023-08-02 16:26:00,50.0,50.0,196,187
2023-08-02 16:28:00,50.0,49.9,194,188
2023-08-02 16:30:00,49.9,49.9,196,189
2023-08-02 16:32:00,50.2,50.0,197,194
2023-08-02 16:34:00,50.1,50.0,197,191
2023-08-02 16:36:00,49.8,49.8,194,188
2023-08-02 16:38:00,50.1,50.1,193,187
2023-08-02 16:40:00,49.8,49.9,194,189
2023-08-02 16:42:00,50.0,49.9,194,188
2023-08-02 16:44:00,49.9,49.8,195,190
2023-08-02 16:46:00,50.2,50.2,193,187
2023-08-02 16:48:00,50.5,50.4,195,187
2023-08-02 16:50:00,50.1,50.1,196,188
2023-08-02 16:52:00,50.2,50.1,194,182
2023-08-02 16:54:00,50.0,50.0,194,182
2023-08-02 16:56:00,49.9,50.0,196,183
2023-08-02 16:58:00,50.1,50.2,195,184
2023-08-02 17:00:00,49.9,50.0,195,185
2023-08-02 17:02:00,50.2,50.1,195,185
2023-08-02 17:04:00,50.0,50.0,197,187
2023-08-02 17:06:00,50.4,50.4,197,192
2023-08-02 17:08:00,49.9,49.9,195,191
2023-08-02 17:10:00,50.2,50.2,196,191
2023-08-02 17:12:00,50.4,50.3,197,192
2023-08-02 17:14:00,50.1,50.1,197,191
2023-08-02 17:16:00,50.4,50.4,193,190
2023-08-02 17:18:00,50.4,50.5,197,195
2023-08-02 17:20:00,49.9,49.9,197,194
2023-08-02 17:22:00,50.1,50.1,197,196
2023-08-02 17:24:00,49.9,49.8,197,193
2023-08-02 17:26:00,50.1,50.1,197,194
2023-08-02 17:28:00,49.9,50.0,197,196
2023-08-02 17:30:00,50.1,50.1,196,194
2023-08-02 17:32:00,49.9,49.9,197,196
2023-08-02 17:34:00,50.1,50.0,197,195
2023-08-02 17:36:00,49.9,50.0,197,194
2023-08-02 17:38:00,49.9,50.0,194,192
2023-08-02 17:40:00,49.7,49.7,197,191
2023-08-02 17:42:00,50.0,50.0,194,189
2023-08-02 17:44:00,50.1,50.0,198,192
2023-08-02 17:46:00,50.1,50.0,195,190
2023-08-02 17:48:00,49.8,49.7,195,189
2023-08-02 17:50:00,50.0,50.0,196,189
2023-08-02 17:52:00,49.9,50.0,197,190
2023-08-02 17:54:00,50.2,50.1,193,182
2023-08-02 17:56:00,50.0,50.0,194,185
2023-08-02 17:58:00,50.3,50.3,194,187
2023-08-02 18:00:00,50.3,50.2,197,189
2023-08-02 18:02:00,50.3,50.3,197,189
2023-08-02 18:04:00,50.2,50.3,193,187
2023-08-02 18:06:00,50.2,50.3,197,192
2023-08-02 18:08:00,50.4,50.4,197,192
2023-08-02 18:10:00,50.1,50.1,192,190
2023-08-02 18:12:00,50.0,50.1,194,192
2023-08-02 18:14:00,50.3,50.3,194,193
2023-08-02 18:16:00,50.0,50.0,192,190
2023-08-02 18:18:00,50.0,50.0,194,193
2023-08-02 18:20:00,50.0,50.0,193,192
2023-08-02 18:22:00,50.1,50.1,194,192
2023-08-02 18:24:00,49.9,49.9,194,192
2023-08-02 18:26:00,49.9,49.9,192,190
2023-08-02 18:28:00,5618,1961,0,0
2023-08-02 18:30:00,4926,4367,0,0
2023-08-02 18:32:00,6579,2611,0,0
2023-08-02 18:34:00,50.3,50.3,225,241
2023-08-02 18:36:00,50.3,50.3,223,239
2023-08-02 18:38:00,50.5,50.5,224,239
2023-08-02 18:40:00,50.7,50.7,226,240
2023-08-02 18:42:00,50.6,50.6,225,240
2023-08-02 18:44:00,50.5,50.5,226,240
2023-08-02 18:46:00,50.6,50.6,225,240
2023-08-02 18:48:00,50.5,50.6,226,240
2023-08-02 18:50:00,50.6,50.6,227,241
2023-08-02 18:52:00,50.6,50.6,224,240
2023-08-02 18:54:00,50.5,50.6,223,240
2023-08-02 18:56:00,50.6,50.6,226,241
2023-08-02 18:58:00,50.5,50.5,226,241
2023-08-02 19:00:00,50.4,50.5,225,240
2023-08-02 19:02:00,50.4,50.4,224,240
2023-08-02 19:04:00,50.6,50.6,226,240
2023-08-02 19:06:00,50.6,50.7,226,240
2023-08-02 19:08:00,50.6,50.5,224,240
2023-08-02 19:10:00,50.7,50.6,224,240
2023-08-02 19:12:00,50.5,50.5,226,241
2023-08-02 19:14:00,50.6,50.5,226,240
2023-08-02 19:16:00,50.6,50.5,225,240
2023-08-02 19:18:00,50.5,50.5,225,240
2023-08-02 19:20:00,50.2,50.3,220,239
2023-08-02 19:22:00,50.3,50.4,222,240
2023-08-02 19:24:00,50.4,50.4,226,240
2023-08-02 19:26:00,50.4,50.5,226,240
2023-08-02 19:28:00,50.5,50.5,228,241
2023-08-02 19:30:00,50.7,50.6,228,241
2023-08-02 19:32:00,50.7,50.7,227,241
2023-08-02 19:34:00,50.7,50.6,227,241
2023-08-02 19:36:00,50.7,50.8,228,241
2023-08-02 19:38:00,50.9,51.0,228,242
2023-08-02 19:40:00,51.0,51.0,229,243
2023-08-02 19:42:00,50.9,50.8,228,242
2023-08-02 19:44:00,50.9,51.0,228,242
2023-08-02 19:46:00,50.9,51.0,228,242
2023-08-02 19:48:00,50.8,50.8,226,240
2023-08-02 19:50:00,50.8,50.7,226,240
2023-08-02 19:52:00,50.9,50.9,227,240
2023-08-02 19:54:00,50.8,50.9,228,242
2023-08-02 19:56:00,50.8,50.7,227,241
2023-08-02 19:58:00,50.7,50.7,228,242
2023-08-02 20:00:00,50.7,50.7,226,241
2023-08-02 20:02:00,50.9,50.9,228,242
2023-08-02 20:04:00,50.8,50.9,227,242
2023-08-02 20:06:00,51.1,51.1,227,242
2023-08-02 20:08:00,51.0,51.0,228,242
2023-08-02 20:10:00,51.1,51.1,230,243
2023-08-02 20:12:00,51.0,51.0,228,242
2023-08-02 20:14:00,51.1,51.0,228,242
2023-08-02 20:16:00,51.0,51.1,228,242
2023-08-02 20:18:00,51.1,51.1,230,243
2023-08-02 20:20:00,51.0,51.1,230,243
2023-08-02 20:22:00,51.1,51.0,228,242
2023-08-02 20:24:00,51.0,51.1,228,242
2023-08-02 20:26:00,51.1,51.1,230,243
2023-08-02 20:28:00,51.1,51.1,230,243
2023-08-02 20:30:00,51.0,51.1,228,242
2023-08-02 20:32:00,51.0,51.1,228,242
2023-08-02 20:34:00,51.1,51.2,230,243
2023-08-02 20:36:00,51.1,51.1,230,243
2023-08-02 20:38:00,51.1,51.1,228,242
2023-08-02 20:40:00,51.1,51.1,228,242
2023-08-02 20:42:00,51.0,51.1,228,242
2023-08-02 20:44:00,51.1,51.1,228,242
2023-08-02 20:46:00,51.0,51.0,228,242
2023-08-02 20:48:00,51.0,51.1,228,242
2023-08-02 20:50:00,51.1,51.2,229,242
2023-08-02 20:52:00,51.1,51.1,228,242
2023-08-02 20:54:00,51.1,51.1,228,242
2023-08-02 20:56:00,51.0,51.0,228,242
2023-08-02 20:58:00,50.9,50.9,227,241
2023-08-02 21:00:00,51.1,51.1,228,241
2023-08-02 21:02:00,51.0,51.1,226,241
2023-08-02 21:04:00,51.0,51.0,227,241
2023-08-02 21:06:00,51.1,51.2,228,241
2023-08-02 21:08:00,51.1,51.1,228,242
2023-08-02 21:10:00,51.0,51.0,227,241
2023-08-02 21:12:00,51.0,51.0,227,242
2023-08-02 21:14:00,51.1,51.1,228,242
2023-08-02 21:16:00,51.1,51.0,228,242
2023-08-02 21:18:00,51.1,51.0,228,241
2023-08-02 21:20:00,51.1,51.1,228,242
2023-08-02 21:22:00,51.1,51.1,228,242
2023-08-02 21:24:00,51.1,51.0,228,243
2023-08-02 21:26:00,51.1,51.1,228,242
2023-08-02 21:28:00,51.1,51.1,228,242
2023-08-02 21:30:00,51.1,51.1,229,242
2023-08-02 21:32:00,51.1,51.0,227,242
2023-08-02 21:34:00,51.1,51.1,228,243
2023-08-02 21:36:00,51.1,51.1,228,243
2023-08-02 21:38:00,51.1,51.1,230,243
2023-08-02 21:40:00,51.1,51.1,228,243
2023-08-02 21:42:00,51.0,51.1,228,243
2023-08-02 21:44:00,51.1,51.0,228,243
2023-08-02 21:46:00,51.2,51.1,230,244
2023-08-02 21:48:00,51.1,51.0,228,243
2023-08-02 21:50:00,51.0,51.0,228,243
2023-08-02 21:52:00,51.1,51.0,228,243
2023-08-02 21:54:00,51.1,51.1,228,243
2023-08-02 21:56:00,51.1,51.1,228,243
2023-08-02 21:58:00,51.0,51.0,228,243
2023-08-02 22:00:00,51.1,51.1,228,243
2023-08-02 22:02:00,51.2,51.1,229,243
2023-08-02 22:04:00,51.0,51.1,228,243
2023-08-02 22:06:00,51.1,51.0,228,243
2023-08-02 22:08:00,51.1,51.1,229,243
2023-08-02 22:10:00,51.1,51.1,229,243
2023-08-02 22:12:00,50.6,50.6,197,203
2023-08-02 22:14:00,50.5,50.6,198,204
2023-08-02 22:16:00,50.7,50.7,197,202
2023-08-02 22:18:00,50.7,50.7,199,202
2023-08-02 22:20:00,50.6,50.5,198,202
2023-08-02 22:22:00,50.5,50.5,199,202
2023-08-02 22:24:00,50.8,50.8,199,203
2023-08-02 22:26:00,50.7,50.6,199,203
2023-08-02 22:28:00,50.8,50.7,198,204
2023-08-02 22:30:00,50.6,50.6,199,204
2023-08-02 22:32:00,50.9,50.8,199,205
2023-08-02 22:34:00,50.8,50.8,198,204
2023-08-02 22:36:00,50.8,50.8,199,206
2023-08-02 22:38:00,50.6,50.7,199,206
2023-08-02 22:40:00,50.7,50.6,200,207
2023-08-02 22:42:00,50.4,50.3,200,207
2023-08-02 22:44:00,50.8,50.8,197,205
2023-08-02 22:46:00,50.9,50.8,199,207
2023-08-02 22:48:00,50.6,50.6,199,206
2023-08-02 22:50:00,50.6,50.5,199,206
2023-08-02 22:52:00,50.7,50.7,200,205
2023-08-02 22:54:00,50.4,50.4,199,205
2023-08-02 22:56:00,50.9,50.9,202,207
2023-08-02 22:58:00,50.7,50.6,201,208
2023-08-02 23:00:00,50.7,50.7,200,209
2023-08-02 23:02:00,50.8,50.8,200,207
2023-08-02 23:04:00,50.6,50.6,201,207
2023-08-02 23:06:00,50.6,50.6,202,208
2023-08-02 23:08:00,50.8,50.8,200,207
2023-08-02 23:10:00,50.7,50.7,200,207
2023-08-02 23:12:00,50.7,50.8,202,209
2023-08-02 23:14:00,50.9,50.9,202,209
2023-08-02 23:16:00,50.8,50.8,202,209
2023-08-02 23:18:00,50.7,50.6,202,210
2023-08-02 23:20:00,50.2,50.3,203,211
2023-08-02 23:22:00,50.3,50.3,200,209
2023-08-02 23:24:00,50.4,50.4,200,209
2023-08-02 23:26:00,50.1,50.1,200,209
2023-08-02 23:28:00,50.2,50.2,203,211
2023-08-02 23:30:00,50.3,50.2,197,208
2023-08-02 23:32:00,50.2,50.2,201,209
2023-08-02 23:34:00,50.3,50.4,202,211
2023-08-02 23:36:00,50.3,50.4,203,211
2023-08-02 23:38:00,50.0,50.0,202,211
2023-08-02 23:40:00,50.6,50.7,202,211
2023-08-02 23:42:00,50.3,50.4,202,211
2023-08-02 23:44:00,50.6,50.5,203,213
2023-08-02 23:46:00,50.5,50.5,203,213
2023-08-02 23:48:00,50.4,50.4,202,213
2023-08-02 23:50:00,50.4,50.3,200,211
2023-08-02 23:52:00,50.5,50.5,203,212
2023-08-02 23:54:00,50.5,50.5,202,212
2023-08-02 23:56:00,50.5,50.5,202,213
2023-08-02 23:58:00,50.4,50.4,203,214
2023-08-03 00:00:00,50.3,50.3,204,214
2023-08-03 00:02:00,50.5,50.4,203,214
2023-08-03 00:04:00,50.4,50.4,204,214
2023-08-03 00:06:00,50.6,50.6,204,214
2023-08-03 00:08:00,50.5,50.5,204,216
2023-08-03 00:10:00,50.3,50.3,204,214
2023-08-03 00:12:00,50.5,50.4,203,214
2023-08-03 00:14:00,50.5,50.5,202,214
2023-08-03 00:16:00,50.5,50.5,205,215
2023-08-03 00:18:00,50.7,50.6,204,214
2023-08-03 00:20:00,50.5,50.5,203,214
2023-08-03 00:22:00,50.6,50.6,204,214
2023-08-03 00:24:00,50.3,50.3,204,215
2023-08-03 00:26:00,50.6,50.6,204,216
2023-08-03 00:28:00,50.5,50.4,203,215
2023-08-03 00:30:00,50.6,50.7,204,216
2023-08-03 00:32:00,50.6,50.6,204,217
2023-08-03 00:34:00,50.7,50.7,206,217
2023-08-03 00:36:00,50.4,50.4,203,216
2023-08-03 00:38:00,50.4,50.4,203,216
2023-08-03 00:40:00,50.5,50.6,206,216
2023-08-03 00:42:00,50.4,50.5,203,214
2023-08-03 00:44:00,50.6,50.5,204,214
2023-08-03 00:46:00,50.5,50.5,203,214
2023-08-03 00:48:00,50.5,50.5,205,215
2023-08-03 00:50:00,50.4,50.4,205,216
2023-08-03 00:52:00,50.4,50.4,204,215
2023-08-03 00:54:00,50.6,50.6,204,215
2023-08-03 00:56:00,50.4,50.4,205,216
2023-08-03 00:58:00,50.7,50.6,205,216
2023-08-03 01:00:00,50.5,50.5,204,215
2023-08-03 01:02:00,50.2,50.3,204,215
2023-08-03 01:04:00,49.9,49.9,205,215
2023-08-03 01:06:00,50.2,50.2,205,216
2023-08-03 01:08:00,50.3,50.3,206,217
2023-08-03 01:10:00,50.1,50.0,205,216
2023-08-03 01:12:00,50.1,50.2,204,216
2023-08-03 01:14:00,50.2,50.2,206,217
2023-08-03 01:16:00,50.2,50.2,205,216
2023-08-03 01:18:00,50.3,50.2,204,216
2023-08-03 01:20:00,50.2,50.3,206,217
2023-08-03 01:22:00,50.0,50.1,205,216
2023-08-03 01:24:00,50.2,50.1,205,217
2023-08-03 01:26:00,50.2,50.2,204,216
2023-08-03 01:28:00,50.1,50.2,206,216
2023-08-03 01:30:00,50.1,50.1,206,217
2023-08-03 01:32:00,50.1,50.2,204,217
2023-08-03 01:34:00,50.4,50.4,206,219
2023-08-03 01:36:00,50.1,50.1,207,219
2023-08-03 01:38:00,50.3,50.2,206,219
2023-08-03 01:40:00,50.1,50.1,205,218
2023-08-03 01:42:00,50.2,50.2,205,219
2023-08-03 01:44:00,50.1,50.1,206,219
2023-08-03 01:46:00,50.1,50.2,207,219
2023-08-03 01:48:00,50.3,50.3,205,218
2023-08-03 01:50:00,50.2,50.2,205,217
2023-08-03 01:52:00,50.0,50.0,207,218
2023-08-03 01:54:00,49.9,50.0,205,218
2023-08-03 01:56:00,50.3,50.3,205,218
2023-08-03 01:58:00,50.2,50.2,205,219
2023-08-03 02:00:00,50.0,50.0,207,219
2023-08-03 02:02:00,50.1,50.0,207,219
2023-08-03 02:04:00,50.2,50.2,206,219
2023-08-03 02:06:00,49.9,49.9,204,219
2023-08-03 02:08:00,50.2,50.2,207,220
2023-08-03 02:10:00,50.2,50.1,207,219
2023-08-03 02:12:00,50.1,50.1,205,217
2023-08-03 02:14:00,50.4,50.4,206,218
2023-08-03 02:16:00,50.1,50.0,207,218
2023-08-03 02:18:00,50.1,50.2,207,218
2023-08-03 02:20:00,50.1,50.1,206,218
2023-08-03 02:22:00,50.4,50.3,207,219
2023-08-03 02:24:00,50.1,50.1,208,219
2023-08-03 02:26:00,50.3,50.2,208,220
2023-08-03 02:28:00,50.0,50.0,204,218
2023-08-03 02:30:00,50.1,50.1,207,220
2023-08-03 02:32:00,50.4,50.4,208,221
2023-08-03 02:34:00,50.2,50.2,207,220
2023-08-03 02:36:00,50.2,50.1,205,219
2023-08-03 02:38:00,50.2,50.2,205,219
2023-08-03 02:40:00,50,50,204,219
2023-08-03 02:42:00,50.2,50.2,207,219
2023-08-03 02:44:00,50.1,50.1,206,219
2023-08-03 02:46:00,50.2,50.2,205,219
2023-08-03 02:48:00,50.1,50.1,205,219
2023-08-03 02:50:00,50.3,50.4,207,220
2023-08-03 02:52:00,50.1,50.1,206,220
2023-08-03 02:54:00,50.2,50.2,204,219
2023-08-03 02:56:00,50.2,50.2,207,221
2023-08-03 02:58:00,50.3,50.3,207,221
2023-08-03 03:00:00,50.1,50.2,205,219
2023-08-03 03:02:00,50.3,50.3,204,219
2023-08-03 03:04:00,50.3,50.3,205,220
2023-08-03 03:06:00,50.2,50.2,207,221
2023-08-03 03:08:00,50.2,50.0,204,219
2023-08-03 03:10:00,50.2,50.2,205,219
2023-08-03 03:12:00,50.3,50.3,204,219
2023-08-03 03:14:00,50.3,50.2,206,220
2023-08-03 03:16:00,50.1,50.1,204,219
2023-08-03 03:18:00,50.1,50.1,204,219
2023-08-03 03:20:00,50.1,50.1,205,220
2023-08-03 03:22:00,50.4,50.3,206,219
2023-08-03 03:24:00,50.1,50.1,204,219
2023-08-03 03:26:00,50.1,50.1,204,219
2023-08-03 03:28:00,50.3,50.2,204,219
2023-08-03 03:30:00,50.0,50.0,206,219
2023-08-03 03:32:00,50.2,50.2,205,219
2023-08-03 03:34:00,50.2,50.1,205,219
2023-08-03 03:36:00,50.1,50.1,204,218
2023-08-03 03:38:00,50.2,50.3,206,219
2023-08-03 03:40:00,50.1,50.1,204,219
2023-08-03 03:42:00,50.3,50.3,205,219
2023-08-03 03:44:00,50.2,50.2,205,219
2023-08-03 03:46:00,50.2,50.2,207,219
2023-08-03 03:48:00,50.3,50.3,204,218
2023-08-03 03:50:00,50.2,50.2,205,218
2023-08-03 03:52:00,50.1,50.1,205,219
2023-08-03 03:54:00,50.1,50.1,207,219
2023-08-03 03:56:00,50.2,50.2,205,218
2023-08-03 03:58:00,50.2,50.2,205,219
2023-08-03 04:00:00,50.2,50.2,205,218
2023-08-03 04:02:00,50.3,50.3,207,219
2023-08-03 04:04:00,50.2,50.1,207,219
2023-08-03 04:06:00,50.1,50.1,207,219
2023-08-03 04:08:00,50.2,50.1,207,219
2023-08-03 04:10:00,50.2,50.2,205,217
2023-08-03 04:12:00,50.1,50.2,207,219
2023-08-03 04:14:00,50.0,50.1,204,218
2023-08-03 04:16:00,50.2,50.2,204,217
2023-08-03 04:18:00,50.2,50.2,207,219
2023-08-03 04:20:00,50.1,50.1,206,219
2023-08-03 04:22:00,50.2,50.1,204,217
2023-08-03 04:24:00,50.2,50.2,205,217
2023-08-03 04:26:00,50.1,50.1,206,218
2023-08-03 04:28:00,50.1,50.1,207,218
2023-08-03 04:30:00,50.1,50.2,205,217
2023-08-03 04:32:00,50.2,50.2,205,217
2023-08-03 04:34:00,50.3,50.3,206,218
2023-08-03 04:36:00,50.1,50.1,207,219
2023-08-03 04:38:00,50.3,50.3,207,219
2023-08-03 04:40:00,50.1,50.1,207,219
2023-08-03 04:42:00,50.2,50.1,207,219
2023-08-03 04:44:00,50.0,50.0,207,219
2023-08-03 04:46:00,50.1,50.1,206,218
2023-08-03 04:48:00,50.1,50.1,206,219
2023-08-03 04:50:00,50.2,50.3,207,219
2023-08-03 04:52:00,50.2,50.1,208,220
2023-08-03 04:54:00,50.1,50.2,204,217
2023-08-03 04:56:00,50.2,50.1,206,217
2023-08-03 04:58:00,50.2,50.1,207,217
2023-08-03 05:00:00,50.0,50.0,207,218
2023-08-03 05:02:00,50.0,50.0,206,217
2023-08-03 05:04:00,50.2,50.2,206,217
2023-08-03 05:06:00,50.1,50.1,207,217
2023-08-03 05:08:00,50.2,50.2,207,217
2023-08-03 05:10:00,50.2,50.2,206,217
2023-08-03 05:12:00,50.3,50.2,204,216
2023-08-03 05:14:00,50.2,50.2,205,216
2023-08-03 05:16:00,50.0,50.0,206,216
2023-08-03 05:18:00,50.8,50.9,207,218
2023-08-03 05:20:00,50.6,50.6,205,217
2023-08-03 05:22:00,50.7,50.7,206,217
2023-08-03 05:24:00,50.7,50.7,208,219
2023-08-03 05:26:00,50.7,50.7,207,218
2023-08-03 05:28:00,50.7,50.7,207,218
2023-08-03 05:30:00,50.7,50.7,207,218
2023-08-03 05:32:00,50.7,50.7,207,218
2023-08-03 05:34:00,50.8,50.8,206,216
2023-08-03 05:36:00,50.5,50.5,207,216
2023-08-03 05:38:00,50.7,50.7,206,216
2023-08-03 05:40:00,50.8,50.8,208,219
2023-08-03 05:42:00,50.8,50.7,206,220
2023-08-03 05:44:00,50.7,50.7,207,220
2023-08-03 05:46:00,50.7,50.7,207,220
2023-08-03 05:48:00,50.7,50.7,207,220
2023-08-03 05:50:00,50.7,50.8,206,219
2023-08-03 05:52:00,50.4,50.4,204,218
2023-08-03 05:54:00,50.4,50.4,204,216
2023-08-03 05:56:00,50.6,50.6,207,219
2023-08-03 05:58:00,50.8,50.8,206,218
2023-08-03 06:00:00,50.6,50.6,204,217
2023-08-03 06:02:00,50.7,50.7,204,216
2023-08-03 06:04:00,50.7,50.7,206,218
2023-08-03 06:06:00,50.7,50.7,204,213
2023-08-03 06:08:00,50.5,50.5,204,213
2023-08-03 06:10:00,50.6,50.6,203,212
2023-08-03 06:12:00,50.5,50.5,205,213
2023-08-03 06:14:00,50.6,50.6,204,212
2023-08-03 06:16:00,50.5,50.5,202,211
2023-08-03 06:18:00,50.6,50.6,204,211
2023-08-03 06:20:00,50.4,50.5,204,211
2023-08-03 06:22:00,50.8,50.7,203,208
2023-08-03 06:24:00,50.6,50.7,206,211
2023-08-03 06:26:00,50.7,50.7,205,210
2023-08-03 06:28:00,50.7,50.8,206,212
2023-08-03 06:30:00,50.8,50.7,204,211
2023-08-03 06:32:00,50.7,50.7,204,211
2023-08-03 06:34:00,50.6,50.7,207,213
2023-08-03 06:36:00,50.7,50.6,205,215
2023-08-03 06:38:00,50.6,50.6,204,216
2023-08-03 06:40:00,50.5,50.5,204,207
2023-08-03 06:42:00,50.5,50.5,205,209
2023-08-03 06:44:00,50.7,50.6,204,208
2023-08-03 06:46:00,50.6,50.6,204,207
2023-08-03 06:48:00,50.6,50.6,201,214
2023-08-03 06:50:00,50.5,50.5,200,214
2023-08-03 06:52:00,50.3,50.3,206,214
2023-08-03 06:54:00,50.7,50.6,206,218
2023-08-03 06:56:00,50.5,50.5,204,214
2023-08-03 06:58:00,50.5,50.5,203,211
2023-08-03 07:00:00,50.4,50.5,203,210
2023-08-03 07:02:00,50.6,50.4,204,214
2023-08-03 07:04:00,50.4,50.3,204,216
2023-08-03 07:06:00,50.3,50.3,205,213
2023-08-03 07:08:00,50.2,50.1,204,212
2023-08-03 07:10:00,50.5,50.5,204,211
2023-08-03 07:12:00,50.4,50.3,203,209
2023-08-03 07:14:00,50.6,50.6,205,211
2023-08-03 07:16:00,50.3,50.3,205,210
2023-08-03 07:18:00,50.5,50.5,205,211
2023-08-03 07:20:00,50.5,50.5,203,209
2023-08-03 07:22:00,50.7,50.7,207,212
2023-08-03 07:24:00,50.4,50.4,207,212
2023-08-03 07:26:00,50.3,50.3,204,210
2023-08-03 07:28:00,50.3,50.3,205,215
2023-08-03 07:30:00,50.3,50.3,202,209
2023-08-03 07:32:00,50.4,50.4,203,207
2023-08-03 07:34:00,50.6,50.6,205,210
2023-08-03 07:36:00,50.6,50.6,204,207
2023-08-03 07:38:00,50.3,50.2,204,208
2023-08-03 07:40:00,50.0,50.0,204,207
2023-08-03 07:42:00,50.2,50.2,203,204
2023-08-03 07:44:00,50.3,50.3,202,207
2023-08-03 07:46:00,50.2,50.2,203,207
2023-08-03 07:48:00,50.0,50.0,203,204
2023-08-03 07:50:00,50.4,50.4,203,207
2023-08-03 07:52:00,50.5,50.5,200,204
2023-08-03 07:54:00,50.2,50.2,203,206
2023-08-03 07:56:00,50.5,50.4,197,200
2023-08-03 07:58:00,50.2,50.2,199,199
2023-08-03 08:00:00,50.2,50.1,201,201
2023-08-03 08:02:00,50.2,50.2,197,194
2023-08-03 08:04:00,50.1,50.1,202,198
2023-08-03 08:06:00,50.4,50.4,202,205
2023-08-03 08:08:00,50.5,50.5,199,204
2023-08-03 08:10:00,50.3,50.3,203,209
2023-08-03 08:12:00,50.3,50.4,199,203
2023-08-03 08:14:00,50.3,50.3,199,204
2023-08-03 08:16:00,50.3,50.3,201,205
2023-08-03 08:18:00,50.1,50.1,200,204
2023-08-03 08:20:00,50.4,50.4,200,204
2023-08-03 08:22:00,50.2,50.3,199,203
2023-08-03 08:24:00,50.4,50.4,199,204
2023-08-03 08:26:00,49.7,49.7,201,202
2023-08-03 08:28:00,50.0,49.9,199,199
2023-08-03 08:30:00,50.4,50.3,200,196
2023-08-03 08:32:00,50.2,50.2,197,194
2023-08-03 08:34:00,50.4,50.5,199,192
2023-08-03 08:36:00,50.1,50.1,199,190
2023-08-03 08:38:00,50.2,50.2,200,201
2023-08-03 08:40:00,50.4,50.5,201,203
2023-08-03 08:42:00,50.3,50.4,201,201
2023-08-03 08:44:00,50.2,50.2,199,203
2023-08-03 08:46:00,50.3,50.3,199,201
2023-08-03 08:48:00,50.2,50.2,199,200
2023-08-03 08:50:00,50.0,50.0,202,199
2023-08-03 08:52:00,50.3,50.2,199,197
2023-08-03 08:54:00,50.2,50.2,199,199
2023-08-03 08:56:00,50.2,50.2,197,194
2023-08-03 08:58:00,50.3,50.3,199,194
2023-08-03 09:00:00,50.0,50,198,192
2023-08-03 09:02:00,50.0,50.0,199,194
2023-08-03 09:04:00,50.5,50.5,197,194
2023-08-03 09:06:00,50.3,50.3,200,199
2023-08-03 09:08:00,50.4,50.3,197,203
2023-08-03 09:10:00,50.1,50.0,195,194
2023-08-03 09:12:00,50.1,50.1,194,194
2023-08-03 09:14:00,50.4,50.4,197,197
2023-08-03 09:16:00,50.1,50.1,195,192
2023-08-03 09:18:00,50.1,50.1,199,198
2023-08-03 09:20:00,50.0,50.1,199,199
2023-08-03 09:22:00,50.1,50.1,199,198
2023-08-03 09:24:00,50.4,50.4,199,199
2023-08-03 09:26:00,50.2,50.3,197,200
2023-08-03 09:28:00,50.1,50.1,193,195
2023-08-03 09:30:00,50.3,50.2,197,201
2023-08-03 09:32:00,50.0,50,196,202
2023-08-03 09:34:00,50.4,50.4,194,193
2023-08-03 09:36:00,50.1,50.2,198,200
2023-08-03 09:38:00,50.1,50.1,198,199
2023-08-03 09:40:00,49.9,50.0,196,195
2023-08-03 09:42:00,50.0,50.0,196,197
2023-08-03 09:44:00,50.3,50.3,197,199
2023-08-03 09:46:00,50.3,50.3,198,198
2023-08-03 09:48:00,50.1,50.1,197,194
2023-08-03 09:50:00,49.8,49.8,196,195
2023-08-03 09:52:00,50.3,50.4,197,187
2023-08-03 09:54:00,50.1,50.1,198,194
2023-08-03 09:56:00,49.9,50.0,194,185
2023-08-03 09:58:00,50.1,50.1,195,192
2023-08-03 10:00:00,50.3,50.4,195,197
2023-08-03 10:02:00,50.1,50.1,197,197
2023-08-03 10:04:00,50.3,50.3,194,194
2023-08-03 10:06:00,50.1,50.1,194,194
2023-08-03 10:08:00,50.1,50.0,197,199
2023-08-03 10:10:00,50.0,50.0,195,193
2023-08-03 10:12:00,49.9,50.0,198,197
2023-08-03 10:14:00,50.1,50.2,195,198
2023-08-03 10:16:00,50.3,50.3,197,194
2023-08-03 10:18:00,50.1,50.1,194,187
2023-08-03 10:20:00,50.0,50.1,194,193
2023-08-03 10:22:00,50.1,50.1,192,192
2023-08-03 10:24:00,50.2,50.2,194,191
2023-08-03 10:26:00,50.2,50.2,194,196
2023-08-03 10:28:00,50.1,50.1,192,192
2023-08-03 10:30:00,49.9,50.0,192,190
2023-08-03 10:32:00,50.1,50.1,195,190
2023-08-03 10:34:00,50.4,50.3,194,195
2023-08-03 10:36:00,50,49.9,194,192
2023-08-03 10:38:00,50.2,50.2,192,192
2023-08-03 10:40:00,50.0,50.0,196,192
2023-08-03 10:42:00,50.1,50.0,195,190
2023-08-03 10:44:00,50.1,50.0,195,193
2023-08-03 10:46:00,49.8,49.8,196,192
2023-08-03 10:48:00,49.8,49.8,195,194
2023-08-03 10:50:00,50.0,50.0,194,192
2023-08-03 10:52:00,50.0,50.0,194,187
2023-08-03 10:54:00,50.1,50.1,195,187
2023-08-03 10:56:00,50.2,50.1,197,193
2023-08-03 10:58:00,50.1,50.1,195,181
2023-08-03 11:00:00,50.2,50.2,195,189
2023-08-03 11:02:00,50.1,50.1,196,188
2023-08-03 11:04:00,50.0,50.1,197,190
2023-08-03 11:06:00,49.9,49.9,192,183
2023-08-03 11:08:00,50.1,50.1,195,189
2023-08-03 11:10:00,50.3,50.3,194,189
2023-08-03 11:12:00,50.3,50.2,197,194
2023-08-03 11:14:00,50.2,50.2,194,189
2023-08-03 11:16:00,50.1,50.1,194,192
2023-08-03 11:18:00,50.0,50.0,197,189
2023-08-03 11:20:00,50.2,50.3,195,197
2023-08-03 11:22:00,50.1,50.1,197,190
2023-08-03 11:24:00,50.0,50.1,197,192
2023-08-03 11:26:00,50.0,50.0,197,194
2023-08-03 11:28:00,50.0,49.9,196,193
2023-08-03 11:30:00,50.1,50.2,198,195
2023-08-03 11:32:00,50.1,50.0,198,200
2023-08-03 11:34:00,49.8,49.7,199,198
2023-08-03 11:36:00,50.1,50.1,199,198
2023-08-03 11:38:00,50.2,50.2,199,194
2023-08-03 11:40:00,50.1,50.2,198,196
2023-08-03 11:42:00,50.2,50.2,197,193
2023-08-03 11:44:00,49.7,49.6,197,193
2023-08-03 11:46:00,50.0,50.0,198,194
2023-08-03 11:48:00,50,50.0,197,192
2023-08-03 11:50:00,50.3,50.2,196,192
2023-08-03 11:52:00,50.4,50.3,199,196
2023-08-03 11:54:00,49.9,49.9,196,190
2023-08-03 11:56:00,49.9,49.9,199,197
2023-08-03 11:58:00,50.3,50.3,198,199
2023-08-03 12:00:00,50.2,50.2,197,196
2023-08-03 12:02:00,50.2,50.2,198,199
2023-08-03 12:04:00,50.1,50.2,195,196
2023-08-03 12:06:00,50.0,50.0,195,193
2023-08-03 12:08:00,50.6,50.6,195,197
2023-08-03 12:10:00,49.9,49.8,197,195
2023-08-03 12:12:00,50.2,50.3,196,199
2023-08-03 12:14:00,50.1,50.1,195,197
2023-08-03 12:16:00,50.1,50.1,198,198
2023-08-03 12:18:00,50.4,50.4,197,198
2023-08-03 12:20:00,50.3,50.2,195,198
2023-08-03 12:22:00,50.2,50.2,197,194
2023-08-03 12:24:00,50.3,50.3,198,202
2023-08-03 12:26:00,50.1,50.1,199,201
2023-08-03 12:28:00,49.9,49.9,197,195
2023-08-03 12:30:00,50.2,50.2,196,197
2023-08-03 12:32:00,50.0,50.0,197,199
2023-08-03 12:34:00,50.3,50.4,197,194
2023-08-03 12:36:00,50.2,50.1,196,194
2023-08-03 12:38:00,50.3,50.2,197,195
2023-08-03 12:40:00,50.3,50.3,197,203
2023-08-03 12:42:00,50.3,50.2,197,197
2023-08-03 12:44:00,50.1,50.1,195,195
2023-08-03 12:46:00,50.2,50.3,195,187
2023-08-03 12:48:00,50.0,50.0,196,192
2023-08-03 12:50:00,50.0,50.0,197,194
2023-08-03 12:52:00,50.1,50.1,196,197
2023-08-03 12:54:00,50.4,50.4,195,199
2023-08-03 12:56:00,50.6,50.5,194,193
2023-08-03 12:58:00,50.2,50.2,196,200
2023-08-03 13:00:00,50.3,50.3,196,198
2023-08-03 13:02:00,50.4,50.4,197,198
2023-08-03 13:04:00,50.6,50.6,196,197
2023-08-03 13:06:00,50.5,50.5,196,194
2023-08-03 13:08:00,50.5,50.6,195,188
2023-08-03 13:10:00,50.3,50.4,194,190
2023-08-03 13:12:00,50.3,50.3,196,197
2023-08-03 13:14:00,50.6,50.5,197,202
2023-08-03 13:16:00,50.2,50.3,198,204
2023-08-03 13:18:00,50.2,50.2,197,200
2023-08-03 13:20:00,50.6,50.5,195,199
2023-08-03 13:22:00,49.7,49.6,194,190
2023-08-03 13:24:00,50.1,50.1,196,198
2023-08-03 13:26:00,50.2,50.2,197,202
2023-08-03 13:28:00,50.1,50.1,196,196
2023-08-03 13:30:00,50.1,50.0,197,194
2023-08-03 13:32:00,50.2,50.2,197,196
2023-08-03 13:34:00,49.9,49.9,197,194
2023-08-03 13:36:00,50,50.0,194,192
2023-08-03 13:38:00,50.3,50.3,199,191
2023-08-03 13:40:00,50.1,50.2,197,194
2023-08-03 13:42:00,50.5,50.4,199,199
2023-08-03 13:44:00,50.2,50.1,195,196
2023-08-03 13:46:00,49.8,49.8,197,192
2023-08-03 13:48:00,50.0,50.0,198,197
2023-08-03 13:50:00,50.0,50.0,197,194
2023-08-03 13:52:00,50.2,50.2,195,187
2023-08-03 13:54:00,50.1,50.0,197,196
2023-08-03 13:56:00,50.0,50.0,198,196
2023-08-03 13:58:00,49.8,49.8,197,197
2023-08-03 14:00:00,50.0,50.0,197,192
2023-08-03 14:02:00,50.2,50.3,198,192
2023-08-03 14:04:00,50.3,50.3,199,199
2023-08-03 14:06:00,50.1,50.1,197,193
2023-08-03 14:08:00,49.7,49.7,192,190
2023-08-03 14:10:00,50.2,50.2,194,194
2023-08-03 14:12:00,50.2,50.2,197,195
2023-08-03 14:14:00,50.3,50.3,197,196
2023-08-03 14:16:00,50.0,50.1,195,196
2023-08-03 14:18:00,50.3,50.3,197,196
2023-08-03 14:20:00,49.9,49.9,196,193
2023-08-03 14:22:00,50.4,50.4,197,194
2023-08-03 14:24:00,50.3,50.2,195,195
2023-08-03 14:26:00,50.3,50.3,199,196
2023-08-03 14:28:00,50.0,50.0,197,196
2023-08-03 14:30:00,49.8,49.8,197,190
2023-08-03 14:32:00,50.1,50.1,197,192
2023-08-03 14:34:00,50.2,50.3,197,194
2023-08-03 14:36:00,50.1,50.0,197,195
2023-08-03 14:38:00,50.2,50.2,197,194
2023-08-03 14:40:00,50.3,50.2,197,194
2023-08-03 14:42:00,50.2,50.2,198,194
2023-08-03 14:44:00,50.3,50.3,197,191
2023-08-03 14:46:00,50.1,50.0,195,193
2023-08-03 14:48:00,50.1,50.1,198,192
2023-08-03 14:50:00,50.1,50.1,195,197
2023-08-03 14:52:00,50.0,49.9,196,195
2023-08-03 14:54:00,50.1,50.1,196,192
2023-08-03 14:56:00,50.1,50.1,194,190
2023-08-03 14:58:00,50.2,50.2,192,199
2023-08-03 15:00:00,49.6,49.7,196,197
2023-08-03 15:02:00,50.2,50.1,197,194
2023-08-03 15:04:00,50.3,50.3,198,194
2023-08-03 15:06:00,50.1,50.0,195,189
2023-08-03 15:08:00,49.9,49.9,197,188
2023-08-03 15:10:00,50.2,50.2,196,190
2023-08-03 15:12:00,50.2,50.3,195,191
2023-08-03 15:14:00,50.0,50.0,196,190
2023-08-03 15:16:00,50.4,50.4,194,190
2023-08-03 15:18:00,50.2,50.2,197,191
2023-08-03 15:20:00,50.1,50.0,197,195
2023-08-03 15:22:00,50.3,50.3,194,194
2023-08-03 15:24:00,50.5,50.6,197,198
2023-08-03 15:26:00,50.5,50.5,194,192
2023-08-03 15:28:00,50.3,50.3,195,191
2023-08-03 15:30:00,50.9,50.9,196,197
2023-08-03 15:32:00,50.5,50.5,196,198
2023-08-03 15:34:00,50.4,50.4,194,197
2023-08-03 15:36:00,50.3,50.3,196,193
2023-08-03 15:38:00,49.9,49.9,196,193
2023-08-03 15:40:00,50.4,50.3,195,192
2023-08-03 15:42:00,50.2,50.2,197,192
2023-08-03 15:44:00,50.1,50.1,196,188
2023-08-03 15:46:00,50.1,50.2,196,194
2023-08-03 15:48:00,50.1,50.2,195,194
2023-08-03 15:50:00,50.2,50.2,196,197
2023-08-03 15:52:00,50.0,50.1,193,193
2023-08-03 15:54:00,50.2,50.2,194,193
2023-08-03 15:56:00,50.2,50.3,195,194
2023-08-03 15:58:00,50.6,50.6,194,193
2023-08-03 16:00:00,50.1,50.0,195,194
2023-08-03 16:02:00,50.1,50.1,195,199
2023-08-03 16:04:00,50.3,50.3,195,194
2023-08-03 16:06:00,49.9,50.0,195,194
2023-08-03 16:08:00,50.0,50.0,195,190
2023-08-03 16:10:00,50.4,50.3,196,195
2023-08-03 16:12:00,50.0,50.0,195,193
2023-08-03 16:14:00,50.4,50.4,196,197
2023-08-03 16:16:00,50.0,50.0,193,192
2023-08-03 16:18:00,50.0,50.0,194,194
2023-08-03 16:20:00,50.0,50.0,197,192
2023-08-03 16:22:00,50.2,50.2,195,192
2023-08-03 16:24:00,50.1,50.1,192,187
2023-08-03 16:26:00,50.2,50.3,197,192
2023-08-03 16:28:00,49.8,49.8,197,190
2023-08-03 16:30:00,50.1,50.2,195,190
2023-08-03 16:32:00,50.3,50.3,193,187
2023-08-03 16:34:00,50.1,50.1,194,189
2023-08-03 16:36:00,50.2,50.1,197,189
2023-08-03 16:38:00,50.1,50.2,194,186
2023-08-03 16:40:00,50.2,50.2,195,189
2023-08-03 16:42:00,50.5,50.5,196,187
2023-08-03 16:44:00,50.1,50.1,195,187
2023-08-03 16:46:00,50.2,50.2,195,187
2023-08-03 16:48:00,49.9,49.9,195,185
2023-08-03 16:50:00,50.5,50.4,194,187
2023-08-03 16:52:00,50.4,50.4,196,185
2023-08-03 16:54:00,50.6,50.5,194,187
2023-08-03 16:56:00,50.1,50.0,196,189
2023-08-03 16:58:00,50.1,50.0,197,188
2023-08-03 17:00:00,50.5,50.5,194,187
2023-08-03 17:02:00,50.0,50.2,194,185
2023-08-03 17:04:00,50.0,50.1,197,189
2023-08-03 17:06:00,50.2,50.2,197,189
2023-08-03 17:08:00,50.1,50.1,195,187
2023-08-03 17:10:00,50.5,50.4,196,190
2023-08-03 17:12:00,50.4,50.5,198,188
2023-08-03 17:14:00,50.4,50.3,197,186
2023-08-03 17:16:00,50.2,50.1,194,183
2023-08-03 17:18:00,50.0,50,195,182
2023-08-03 17:20:00,50.2,50.2,198,198
2023-08-03 17:22:00,50.2,50.2,199,200
2023-08-03 17:24:00,50.0,50.0,199,198
2023-08-03 17:26:00,50.3,50.2,197,196
2023-08-03 17:28:00,50.1,50.1,199,194
2023-08-03 17:30:00,50.2,50.2,197,196
2023-08-03 17:32:00,50.4,50.3,197,197
2023-08-03 17:34:00,50.3,50.3,201,200
2023-08-03 17:36:00,50.2,50.1,199,199
2023-08-03 17:38:00,50.2,50.2,197,199
2023-08-03 17:40:00,50.3,50.3,198,200
2023-08-03 17:42:00,50.2,50.3,199,201
2023-08-03 17:44:00,50.1,50.0,199,202
2023-08-03 17:46:00,50.2,50.3,198,201
2023-08-03 17:48:00,50.2,50.1,198,202
2023-08-03 17:50:00,50.2,50.2,197,200
2023-08-03 17:52:00,50.1,50.2,198,202
2023-08-03 17:54:00,50.2,50.2,197,199
2023-08-03 17:56:00,50.2,50.1,199,204
2023-08-03 17:58:00,50.3,50.2,202,211
2023-08-03 18:00:00,50.4,50.4,198,202
2023-08-03 18:02:00,50.3,50.4,199,206
2023-08-03 18:04:00,50.0,50.1,195,202
2023-08-03 18:06:00,50.2,50.2,195,200
2023-08-03 18:08:00,50.2,50.2,197,201
2023-08-03 18:10:00,50.0,50.1,197,202
2023-08-03 18:12:00,50.2,50.2,197,204
2023-08-03 18:14:00,50.2,50.2,197,204
2023-08-03 18:16:00,49.8,49.8,196,200
2023-08-03 18:18:00,50.1,50.1,197,202
2023-08-03 18:20:00,50.0,50.1,197,198
2023-08-03 18:22:00,50.2,50.2,197,195
2023-08-03 18:24:00,49.9,49.9,197,193
2023-08-03 18:26:00,49.8,49.8,196,187
2023-08-03 18:28:00,49.9,50.0,196,190
2023-08-03 18:30:00,50.1,50.1,194,187
2023-08-03 18:32:00,50.0,50.0,195,187
2023-08-03 18:34:00,6536,4386,0,0
2023-08-03 18:36:00,6579,4367,0,0
2023-08-03 18:38:00,50.9,50.7,226,242
2023-08-03 18:40:00,4926,49.6,138,233
2023-08-03 18:42:00,50.2,50.1,195,194
2023-08-03 18:44:00,50.0,50.1,197,195
2023-08-03 18:46:00,49.8,49.8,195,190
2023-08-03 18:48:00,50.2,50.2,197,191
2023-08-03 18:50:00,49.8,49.8,196,190
2023-08-03 18:52:00,50.1,50.1,197,190
2023-08-03 18:54:00,50.1,50.0,195,188
2023-08-03 18:56:00,50.2,50.2,195,185
2023-08-03 18:58:00,50.1,50.1,196,189
2023-08-03 19:00:00,50.2,50.2,194,191
2023-08-03 19:02:00,50.2,50.3,196,187
2023-08-03 19:04:00,50.1,50.2,194,180
2023-08-03 19:06:00,50.2,50.2,196,190
2023-08-03 19:08:00,50.1,50.1,195,188
2023-08-03 19:10:00,50.3,50.2,192,189
2023-08-03 19:12:00,50.2,50.1,194,192
2023-08-03 19:14:00,50.2,50.2,193,188
2023-08-03 19:16:00,50.3,50.3,195,193
2023-08-03 19:18:00,50.3,50.2,195,192
2023-08-03 19:20:00,49.9,49.9,195,192
2023-08-03 19:22:00,50.0,50.0,196,192
2023-08-03 19:24:00,50.3,50.3,196,194
2023-08-03 19:26:00,50.2,50.3,196,196
2023-08-03 19:28:00,3030,2451,79.9,95.5
2023-08-03 19:30:00,3559,9804,0,0
2023-08-03 19:32:00,50.9,50.7,226,243
2023-08-03 19:34:00,51.0,51.0,226,242
2023-08-03 19:36:00,50.9,51.0,227,243
2023-08-03 19:38:00,50.9,50.9,227,242
2023-08-03 19:40:00,51.1,51.1,227,243
2023-08-03 19:42:00,50.9,50.9,226,242
2023-08-03 19:44:00,51.0,51.1,226,242
2023-08-03 19:46:00,50.8,50.8,228,243
2023-08-03 19:48:00,50.9,50.9,228,243
2023-08-03 19:50:00,50.8,50.9,226,243
2023-08-03 19:52:00,50.8,50.9,227,243
2023-08-03 19:54:00,51.1,51.1,227,243
2023-08-03 19:56:00,51.0,51.2,227,243
2023-08-03 19:58:00,50.9,51.0,226,242
2023-08-03 20:00:00,51.1,51.0,226,242
2023-08-03 20:02:00,50.9,50.9,223,242
2023-08-03 20:04:00,51.1,51.1,227,243
2023-08-03 20:06:00,51.0,50.9,226,242
2023-08-03 20:08:00,50.3,50.3,194,195
2023-08-03 20:10:00,50.1,50.1,198,199
2023-08-03 20:12:00,50.1,50.2,195,198
2023-08-03 20:14:00,50.3,50.3,195,196
2023-08-03 20:16:00,50.0,50.0,197,197
2023-08-03 20:18:00,50.3,50.4,197,195
2023-08-03 20:20:00,50.4,50.4,197,194
2023-08-03 20:22:00,50.3,50.3,193,190
2023-08-03 20:24:00,50.1,50.2,197,194
2023-08-03 20:26:00,50.1,50.2,195,193
2023-08-03 20:28:00,50.3,50.3,198,195
2023-08-03 20:30:00,50.1,50.1,197,195
2023-08-03 20:32:00,50.4,50.4,197,197
2023-08-03 20:34:00,50.1,50.2,197,197
2023-08-03 20:36:00,50.3,50.2,197,197
2023-08-03 20:38:00,50.2,50.2,194,194
2023-08-03 20:40:00,50.3,50.3,194,197
2023-08-03 20:42:00,50.3,50.3,198,201
2023-08-03 20:44:00,50.4,50.4,195,197
2023-08-03 20:46:00,50.3,50.3,194,197
2023-08-03 20:48:00,50.3,50.3,197,199
2023-08-03 20:50:00,50.4,50.3,198,202
2023-08-03 20:52:00,50.2,50.3,194,199
2023-08-03 20:54:00,50.3,50.3,196,199
2023-08-03 20:56:00,50.5,50.4,195,197
2023-08-03 20:58:00,50.4,50.3,197,199
2023-08-03 21:00:00,50.2,50.2,197,201
2023-08-03 21:02:00,50.1,50.1,195,197
2023-08-03 21:04:00,50.1,50.1,197,199
2023-08-03 21:06:00,50.5,50.5,197,201
2023-08-03 21:08:00,50.2,50.1,194,199
2023-08-03 21:10:00,50.5,50.5,197,202
2023-08-03 21:12:00,50.4,50.4,197,202
2023-08-03 21:14:00,50.3,50.3,197,201
2023-08-03 21:16:00,50.3,50.3,195,200
2023-08-03 21:18:00,50.4,50.5,197,201
2023-08-03 21:20:00,50.3,50.3,197,202
2023-08-03 21:22:00,50.4,50.4,198,204
2023-08-03 21:24:00,50.3,50.3,197,204
2023-08-03 21:26:00,50.3,50.3,197,204
2023-08-03 21:28:00,50.2,50.2,198,206
2023-08-03 21:30:00,50.4,50.4,197,204
2023-08-03 21:32:00,50.3,50.3,195,201
2023-08-03 21:34:00,50.5,50.4,197,202
2023-08-03 21:36:00,50.1,50.2,197,201
2023-08-03 21:38:00,50.3,50.3,198,202
2023-08-03 21:40:00,50.4,50.3,199,202
2023-08-03 21:42:00,50.6,50.6,197,202
2023-08-03 21:44:00,50.4,50.4,197,204
2023-08-03 21:46:00,50.5,50.5,197,204
2023-08-03 21:48:00,50.5,50.5,198,204
2023-08-03 21:50:00,50.6,50.6,197,204
2023-08-03 21:52:00,50.6,50.6,197,203
2023-08-03 21:54:00,50.5,50.4,199,204
2023-08-03 21:56:00,50.4,50.4,198,203
2023-08-03 21:58:00,50.4,50.4,198,202
2023-08-03 22:00:00,50.5,50.5,197,202
2023-08-03 22:02:00,50.6,50.6,199,203
2023-08-03 22:04:00,50.4,50.4,199,202
2023-08-03 22:06:00,50.2,50.1,195,198
2023-08-03 22:08:00,50.4,50.4,198,202
2023-08-03 22:10:00,50.6,50.6,198,201
2023-08-03 22:12:00,50.5,50.5,199,203
2023-08-03 22:14:00,50.6,50.4,197,201
2023-08-03 22:16:00,50.5,50.6,198,200
2023-08-03 22:18:00,50.6,50.6,199,200
2023-08-03 22:20:00,50.4,50.4,199,201
2023-08-03 22:22:00,50.8,50.8,199,202
2023-08-03 22:24:00,50.6,50.6,199,204
2023-08-03 22:26:00,50.3,50.4,200,205
2023-08-03 22:28:00,50.5,50.5,200,207
2023-08-03 22:30:00,50.6,50.7,199,207
2023-08-03 22:32:00,50.6,50.7,198,207
2023-08-03 22:34:00,50.6,50.6,198,207
2023-08-03 22:36:00,50.5,50.5,199,207
2023-08-03 22:38:00,50.6,50.5,199,206
2023-08-03 22:40:00,50.7,50.7,199,208
2023-08-03 22:42:00,50.7,50.7,199,206
2023-08-03 22:44:00,50.6,50.6,202,208
2023-08-03 22:46:00,50.8,50.8,199,209
2023-08-03 22:48:00,50.7,50.6,199,209
2023-08-03 22:50:00,50.5,50.5,201,210
2023-08-03 22:52:00,50.6,50.6,198,207
2023-08-03 22:54:00,50.7,50.7,199,209
2023-08-03 22:56:00,50.8,50.7,199,208
2023-08-03 22:58:00,50.4,50.4,202,211
2023-08-03 23:00:00,50.7,50.7,200,209
2023-08-03 23:02:00,50.6,50.5,199,209
2023-08-03 23:04:00,50.6,50.6,201,210
2023-08-03 23:06:00,50.8,50.9,202,211
2023-08-03 23:08:00,50.7,50.6,202,211
2023-08-03 23:10:00,50.8,50.8,202,213
2023-08-03 23:12:00,50.7,50.7,200,211
2023-08-03 23:14:00,50.7,50.8,203,213
2023-08-03 23:16:00,50.6,50.6,202,212
2023-08-03 23:18:00,50.7,50.8,202,213
2023-08-03 23:20:00,50.8,50.8,202,213
2023-08-03 23:22:00,50.7,50.7,202,213
2023-08-03 23:24:00,50.7,50.7,202,213
2023-08-03 23:26:00,50.6,50.6,202,214
2023-08-03 23:28:00,50.4,50.3,202,213
2023-08-03 23:30:00,50.7,50.7,204,214
2023-08-03 23:32:00,50.8,50.8,204,216
2023-08-03 23:34:00,50.8,50.7,202,215
2023-08-03 23:36:00,50.7,50.8,202,215
2023-08-03 23:38:00,50.6,50.7,203,215
2023-08-03 23:40:00,50.7,50.7,203,214
2023-08-03 23:42:00,50.4,50.4,201,212
2023-08-03 23:44:00,50.9,50.9,203,214
2023-08-03 23:46:00,50.7,50.8,204,216
2023-08-03 23:48:00,50.7,50.7,204,215
2023-08-03 23:50:00,50.8,50.9,202,214
2023-08-03 23:52:00,50.7,50.7,203,215
2023-08-03 23:54:00,50.5,50.6,202,214
2023-08-03 23:56:00,50.7,50.7,202,215
2023-08-03 23:58:00,51.0,51.0,204,216
2023-08-04 00:00:00,51.0,51.0,204,217
2023-08-04 00:02:00,50.6,50.7,204,216
2023-08-04 00:04:00,50.7,50.7,203,216
2023-08-04 00:06:00,50.7,50.6,204,216
2023-08-04 00:08:00,50.8,50.9,203,216
2023-08-04 00:10:00,50.9,50.9,204,216
2023-08-04 00:12:00,50.9,50.9,202,214
2023-08-04 00:14:00,51.0,51.0,202,215
2023-08-04 00:16:00,50.7,50.7,204,215
2023-08-04 00:18:00,50.8,50.9,203,215
2023-08-04 00:20:00,51.0,51.0,202,214
2023-08-04 00:22:00,50.6,50.6,203,214
2023-08-04 00:24:00,50.9,50.8,204,215
2023-08-04 00:26:00,50.7,50.7,206,216
2023-08-04 00:28:00,50.9,50.9,204,217
2023-08-04 00:30:00,50.7,50.7,204,217
2023-08-04 00:32:00,50.3,50.3,206,217
2023-08-04 00:34:00,50.2,50.2,204,216
2023-08-04 00:36:00,50.4,50.3,204,217
2023-08-04 00:38:00,50.3,50.4,204,217
2023-08-04 00:40:00,50.2,50.3,206,218
2023-08-04 00:42:00,50.2,50.3,207,218
2023-08-04 00:44:00,50.2,50.1,204,216
2023-08-04 00:46:00,50.1,50.2,204,217
2023-08-04 00:48:00,50.1,50.1,206,218
2023-08-04 00:50:00,50.3,50.3,206,218
2023-08-04 00:52:00,50.2,50.2,204,217
2023-08-04 00:54:00,50.0,50.0,204,217
2023-08-04 00:56:00,50.0,50.0,206,219
2023-08-04 00:58:00,50.2,50.2,204,218
2023-08-04 01:00:00,50.1,50.1,204,218
2023-08-04 01:02:00,50.4,50.4,204,218
2023-08-04 01:04:00,50.0,50.1,205,218
2023-08-04 01:06:00,50.3,50.3,205,219
2023-08-04 01:08:00,50.3,50.3,204,217
2023-08-04 01:10:00,50.2,50.2,204,217
2023-08-04 01:12:00,50.3,50.3,206,219
2023-08-04 01:14:00,50.3,50.3,203,217
2023-08-04 01:16:00,50.2,50.2,203,217
2023-08-04 01:18:00,50.3,50.3,204,217
2023-08-04 01:20:00,50.3,50.3,204,216
2023-08-04 01:22:00,50.3,50.2,206,219
2023-08-04 01:24:00,50.1,50.1,205,219
2023-08-04 01:26:00,50.4,50.4,204,217
2023-08-04 01:28:00,50.3,50.4,204,219
2023-08-04 01:30:00,50.4,50.4,205,219
2023-08-04 01:32:00,50.3,50.3,205,219
2023-08-04 01:34:00,50.3,50.3,207,219
2023-08-04 01:36:00,50.3,50.3,207,222
2023-08-04 01:38:00,50.2,50.2,206,221
2023-08-04 01:40:00,50.4,50.4,202,219
2023-08-04 01:42:00,50.4,50.4,206,220
2023-08-04 01:44:00,50.2,50.2,207,222
2023-08-04 01:46:00,50.2,50.2,205,221
2023-08-04 01:48:00,50.1,50.1,204,221
2023-08-04 01:50:00,50.3,50.3,205,220
2023-08-04 01:52:00,50.3,50.3,205,220
2023-08-04 01:54:00,50.3,50.3,206,223
2023-08-04 01:56:00,50.3,50.2,206,223
2023-08-04 01:58:00,50.2,50.2,206,221
2023-08-04 02:00:00,50.3,50.3,206,219
2023-08-04 02:02:00,50.3,50.2,207,221
2023-08-04 02:04:00,50.2,50.2,207,222
2023-08-04 02:06:00,50.3,50.4,207,222
2023-08-04 02:08:00,50.2,50.3,204,219
2023-08-04 02:10:00,50.1,50.2,203,217
2023-08-04 02:12:00,50.2,50.3,206,221
2023-08-04 02:14:00,50.4,50.3,207,222
2023-08-04 02:16:00,50.1,50.2,206,221
2023-08-04 02:18:00,50.3,50.3,204,220
2023-08-04 02:20:00,50.1,50.1,203,217
2023-08-04 02:22:00,50.2,50.2,204,217
2023-08-04 02:24:00,50.4,50.3,207,221
2023-08-04 02:26:00,50.4,50.4,206,220
2023-08-04 02:28:00,50.2,50.3,207,221
2023-08-04 02:30:00,50.3,50.3,207,221
2023-08-04 02:32:00,50.5,50.5,208,223
2023-08-04 02:34:00,50.3,50.4,205,220
2023-08-04 02:36:00,50.3,50.3,208,223
2023-08-04 02:38:00,50.2,50.1,207,222
2023-08-04 02:40:00,50.2,50.2,207,223
2023-08-04 02:42:00,50.4,50.4,207,223
2023-08-04 02:44:00,50.4,50.4,207,223
2023-08-04 02:46:00,50.4,50.4,208,223
2023-08-04 02:48:00,50.2,50.1,208,223
2023-08-04 02:50:00,50.3,50.3,207,222
2023-08-04 02:52:00,50.4,50.4,207,223
2023-08-04 02:54:00,50.3,50.3,207,221
2023-08-04 02:56:00,50.3,50.3,209,224
2023-08-04 02:58:00,50.3,50.4,207,223
2023-08-04 03:00:00,50.3,50.3,207,223
2023-08-04 03:02:00,50.3,50.3,209,224
2023-08-04 03:04:00,50.2,50.2,207,223
2023-08-04 03:06:00,50.2,50.2,206,222
2023-08-04 03:08:00,50.2,50.2,204,221
2023-08-04 03:10:00,50.3,50.3,207,222
2023-08-04 03:12:00,50.3,50.3,208,223
2023-08-04 03:14:00,50.4,50.4,206,222
2023-08-04 03:16:00,50.3,50.3,204,221
2023-08-04 03:18:00,50.4,50.4,207,222
2023-08-04 03:20:00,50.2,50.1,207,222
2023-08-04 03:22:00,50.4,50.4,204,219
2023-08-04 03:24:00,50.4,50.4,206,219
2023-08-04 03:26:00,50.4,50.4,209,224
2023-08-04 03:28:00,50.2,50.2,207,223
2023-08-04 03:30:00,50.3,50.3,206,222
2023-08-04 03:32:00,50.2,50.3,206,222
2023-08-04 03:34:00,50.2,50.2,209,223
2023-08-04 03:36:00,50.5,50.5,207,223
2023-08-04 03:38:00,50.2,50.1,206,222
2023-08-04 03:40:00,50.4,50.4,207,223
2023-08-04 03:42:00,50.4,50.4,208,223
2023-08-04 03:44:00,50.3,50.2,206,223
2023-08-04 03:46:00,50.3,50.3,207,223
2023-08-04 03:48:00,50.4,50.4,208,224
2023-08-04 03:50:00,50.4,50.4,207,223
2023-08-04 03:52:00,50.5,50.4,207,223
2023-08-04 03:54:00,50.3,50.3,205,222
2023-08-04 03:56:00,50.4,50.4,207,223
2023-08-04 03:58:00,50.3,50.3,207,223
2023-08-04 04:00:00,50.4,50.3,204,219
2023-08-04 04:02:00,50.3,50.3,208,222
2023-08-04 04:04:00,50.5,50.4,209,223
2023-08-04 04:06:00,50.4,50.4,209,223
2023-08-04 04:08:00,50.1,50.1,206,221
2023-08-04 04:10:00,50.4,50.3,207,222
2023-08-04 04:12:00,50.3,50.3,209,223
2023-08-04 04:14:00,50.3,50.3,207,223
2023-08-04 04:16:00,50.1,50.2,205,221
2023-08-04 04:18:00,50.3,50.2,205,221
2023-08-04 04:20:00,50.4,50.3,207,221
2023-08-04 04:22:00,50.4,50.4,207,221
2023-08-04 04:24:00,50.4,50.4,206,221
2023-08-04 04:26:00,50.3,50.3,206,221
2023-08-04 04:28:00,50.3,50.3,208,223
2023-08-04 04:30:00,50.4,50.4,208,223
2023-08-04 04:32:00,50.4,50.4,207,223
2023-08-04 04:34:00,50.3,50.3,207,223
2023-08-04 04:36:00,50.3,50.2,208,223
2023-08-04 04:38:00,50.3,50.3,207,223
2023-08-04 04:40:00,50.2,50.2,204,219
2023-08-04 04:42:00,50.4,50.4,209,224
2023-08-04 04:44:00,50.1,50.1,207,223
2023-08-04 04:46:00,50.3,50.3,206,223
2023-08-04 04:48:00,50.4,50.4,207,223
2023-08-04 04:50:00,50.3,50.2,209,224
2023-08-04 04:52:00,50.3,50.3,209,224
2023-08-04 04:54:00,50.6,50.6,207,224
2023-08-04 04:56:00,50.1,50.2,207,224
2023-08-04 04:58:00,50.2,50.3,209,225
2023-08-04 05:00:00,50.4,50.4,207,223
2023-08-04 05:02:00,50.4,50.4,205,220
2023-08-04 05:04:00,50.4,50.4,206,219
2023-08-04 05:06:00,50.3,50.2,207,220
2023-08-04 05:08:00,50.2,50.2,206,219
2023-08-04 05:10:00,50.2,50.3,204,218
2023-08-04 05:12:00,50.3,50.3,206,219
2023-08-04 05:14:00,50.3,50.3,207,220
2023-08-04 05:16:00,50.3,50.3,208,219
2023-08-04 05:18:00,50.2,50.3,207,219
2023-08-04 05:20:00,50.3,50.3,206,219
2023-08-04 05:22:00,50.3,50.3,207,219
2023-08-04 05:24:00,50.3,50.3,205,218
2023-08-04 05:26:00,50.3,50.3,207,219
2023-08-04 05:28:00,50.4,50.4,207,216
2023-08-04 05:30:00,50.3,50.2,207,216
2023-08-04 05:32:00,50.2,50.2,205,214
2023-08-04 05:34:00,50.3,50.3,207,216
2023-08-04 05:36:00,50.1,50.2,208,216
2023-08-04 05:38:00,50.3,50.3,208,216
2023-08-04 05:40:00,50.2,50.2,206,216
2023-08-04 05:42:00,50.3,50.3,205,215
2023-08-04 05:44:00,50.1,50.1,207,216
2023-08-04 05:46:00,50.2,50.1,206,216
2023-08-04 05:48:00,50.2,50.2,204,215
2023-08-04 05:50:00,50.4,50.5,207,216
2023-08-04 05:52:00,50.1,50.2,207,216
2023-08-04 05:54:00,50.4,50.3,206,216
2023-08-04 05:56:00,50.3,50.3,204,214
2023-08-04 05:58:00,50.5,50.5,204,213
2023-08-04 06:00:00,50.3,50.3,205,212
2023-08-04 06:02:00,50.3,50.3,204,212
2023-08-04 06:04:00,50.2,50.2,205,213
2023-08-04 06:06:00,50.3,50.3,206,214
2023-08-04 06:08:00,50.4,50.4,205,213
2023-08-04 06:10:00,50.2,50.0,204,211
2023-08-04 06:12:00,50.2,50.2,203,212
2023-08-04 06:14:00,50.2,50.2,205,213
2023-08-04 06:16:00,50.3,50.2,203,210
2023-08-04 06:18:00,50.2,50.2,205,211
2023-08-04 06:20:00,50.2,50.3,206,214
2023-08-04 06:22:00,50.2,50.1,205,211
2023-08-04 06:24:00,50.5,50.4,205,212
2023-08-04 06:26:00,50.5,50.4,202,205
2023-08-04 06:28:00,50.3,50.3,204,209
2023-08-04 06:30:00,50.4,50.3,205,211
2023-08-04 06:32:00,50.3,50.3,206,202
2023-08-04 06:34:00,50.2,50.3,204,201
2023-08-04 06:36:00,50.3,50.3,205,202
2023-08-04 06:38:00,50.1,50.1,204,202
2023-08-04 06:40:00,50.2,50.2,206,212
2023-08-04 06:42:00,50.1,50.2,205,211
2023-08-04 06:44:00,50.1,50.1,207,218
2023-08-04 06:46:00,50.2,50.2,206,218
2023-08-04 06:48:00,50.2,50.3,204,218
2023-08-04 06:50:00,50.2,50.1,204,216
2023-08-04 06:52:00,50.3,50.2,204,214
2023-08-04 06:54:00,50.3,50.3,206,216
2023-08-04 06:56:00,50.2,50.1,203,214
2023-08-04 06:58:00,50.1,50.1,204,214
2023-08-04 07:00:00,50.2,50.2,205,217
2023-08-04 07:02:00,50.2,50.2,206,219
2023-08-04 07:04:00,50.1,50.0,207,216
2023-08-04 07:06:00,50.1,50.1,206,214
2023-08-04 07:08:00,50.1,50.2,205,214
2023-08-04 07:10:00,50.2,50.2,204,213
2023-08-04 07:12:00,50.1,50.1,204,212
2023-08-04 07:14:00,50.2,50.1,203,211
2023-08-04 07:16:00,50.2,50.1,206,214
2023-08-04 07:18:00,50.0,50.1,204,215
2023-08-04 07:20:00,50.1,50.1,204,214
2023-08-04 07:22:00,50.1,50.1,204,214
2023-08-04 07:24:00,50.1,50.1,203,210
2023-08-04 07:26:00,50.3,50.3,202,208
2023-08-04 07:28:00,52.1,54.0,208,223
2023-08-04 07:30:00,49.5,49.3,207,215
2023-08-04 07:32:00,50.4,50.3,203,210
2023-08-04 07:34:00,50.0,50,202,206
2023-08-04 07:36:00,50.2,50.1,202,207
2023-08-04 07:38:00,50.3,50.2,203,209
2023-08-04 07:40:00,50.1,50.1,204,208
2023-08-04 07:42:00,50.0,50.0,202,205
2023-08-04 07:44:00,50.2,50.2,206,205
2023-08-04 07:46:00,50.3,50.3,203,205
2023-08-04 07:48:00,50.4,50.3,202,203
2023-08-04 07:50:00,50.1,50.1,206,208
2023-08-04 07:52:00,50.1,50.0,203,211
2023-08-04 07:54:00,50.1,50.1,204,209
2023-08-04 07:56:00,50.2,50.2,204,211
2023-08-04 07:58:00,50.0,50.1,202,207
2023-08-04 08:00:00,50.1,50.0,205,209
2023-08-04 08:02:00,50.0,50.0,204,209
2023-08-04 08:04:00,50.0,50.0,204,206
2023-08-04 08:06:00,50.1,50.1,204,210
2023-08-04 08:08:00,50.1,50.2,202,205
2023-08-04 08:10:00,50.0,49.9,201,199
2023-08-04 08:12:00,50.0,50.0,204,205
2023-08-04 08:14:00,50.2,50.2,198,197
2023-08-04 08:16:00,50.2,50.1,202,204
2023-08-04 08:18:00,49.9,50.0,201,200
2023-08-04 08:20:00,50.1,50.0,197,196
2023-08-04 08:22:00,50.0,50.0,201,199
2023-08-04 08:24:00,49.9,49.9,199,197
2023-08-04 08:26:00,50.2,50.2,198,202
2023-08-04 08:28:00,50.0,50.0,198,200
2023-08-04 08:30:00,50.0,50.0,199,199
2023-08-04 08:32:00,49.9,49.9,198,196
2023-08-04 08:34:00,50.2,50.1,199,201
2023-08-04 08:36:00,50.3,50.3,197,195
2023-08-04 08:38:00,50.3,50.2,199,199
2023-08-04 08:40:00,50.2,50.2,198,200
2023-08-04 08:42:00,49.6,49.5,197,197
2023-08-04 08:44:00,50.1,50.1,199,198
2023-08-04 08:46:00,50,50.0,201,200
2023-08-04 08:48:00,50.0,50.1,198,197
2023-08-04 08:50:00,49.9,49.8,199,195
2023-08-04 08:52:00,49.8,49.9,195,192
2023-08-04 08:54:00,49.9,49.9,199,197
2023-08-04 08:56:00,50.1,50.1,199,194
2023-08-04 08:58:00,50.0,50.0,197,192
2023-08-04 09:00:00,50.1,50.1,199,192
2023-08-04 09:02:00,49.5,49.6,197,188
2023-08-04 09:04:00,50.1,50.0,195,185
2023-08-04 09:06:00,49.8,49.8,199,190
2023-08-04 09:08:00,49.9,50.0,196,187
2023-08-04 09:10:00,50.0,50.0,197,192
2023-08-04 09:12:00,49.7,49.7,197,190
2023-08-04 09:14:00,49.9,49.9,199,194
2023-08-04 09:16:00,49.8,49.8,200,191
2023-08-04 09:18:00,50,50.0,199,196
2023-08-04 09:20:00,49.8,49.8,200,194
2023-08-04 09:22:00,50.0,50.0,197,197
2023-08-04 09:24:00,50.0,49.9,198,197
2023-08-04 09:26:00,49.8,49.7,198,196
2023-08-04 09:28:00,50.0,50.0,200,202
2023-08-04 09:30:00,50.0,50.0,198,197
2023-08-04 09:32:00,49.8,49.8,198,196
2023-08-04 09:34:00,49.9,49.9,199,197
2023-08-04 09:36:00,49.9,49.9,197,196
2023-08-04 09:38:00,50.2,50.1,196,194
2023-08-04 09:40:00,49.9,49.9,199,201
2023-08-04 09:42:00,50.0,50.0,199,200
2023-08-04 09:44:00,49.9,49.8,197,192
2023-08-04 09:46:00,49.9,49.9,195,185
2023-08-04 09:48:00,50.0,50,199,193
2023-08-04 09:50:00,49.8,49.8,197,194
2023-08-04 09:52:00,50.3,50.3,199,201
2023-08-04 09:54:00,49.9,49.8,197,199
2023-08-04 09:56:00,50.3,50.3,199,198
2023-08-04 09:58:00,50.3,50.3,196,193
2023-08-04 10:00:00,50.3,50.4,197,194
2023-08-04 10:02:00,50.0,49.9,197,190
2023-08-04 10:04:00,50.4,50.3,199,195
2023-08-04 10:06:00,50.2,50.2,197,191
2023-08-04 10:08:00,50.3,50.3,197,194
2023-08-04 10:10:00,50.3,50.3,195,193
2023-08-04 10:12:00,50.0,50.0,192,185
2023-08-04 10:14:00,50.3,50.3,191,185
2023-08-04 10:16:00,50.0,50.0,195,192
2023-08-04 10:18:00,50.0,50.0,192,188
2023-08-04 10:20:00,50.2,50.2,194,191
2023-08-04 10:22:00,50.0,50.1,197,192
2023-08-04 10:24:00,50.1,50.1,198,192
2023-08-04 10:26:00,50.2,50.2,197,194
2023-08-04 10:28:00,50.2,50.2,197,191
2023-08-04 10:30:00,50.2,50.2,197,193
2023-08-04 10:32:00,50.2,50.2,196,191
2023-08-04 10:34:00,50.0,50.0,197,190
2023-08-04 10:36:00,50.1,50.2,197,190
2023-08-04 10:38:00,50.2,50.3,197,186
2023-08-04 10:40:00,50.1,50.0,192,181
2023-08-04 10:42:00,50.8,51.0,196,197
2023-08-04 10:44:00,50.2,50.2,198,190
2023-08-04 10:46:00,50.2,50.2,196,185
2023-08-04 10:48:00,50.4,50.4,198,193
2023-08-04 10:50:00,50.1,50.0,195,190
2023-08-04 10:52:00,50.2,50.2,196,190
2023-08-04 10:54:00,51.0,51.3,199,195
2023-08-04 10:56:00,50.2,50.1,193,188
2023-08-04 10:58:00,50.2,50.2,195,189
2023-08-04 11:00:00,50.3,50.3,196,192
2023-08-04 11:02:00,50.3,50.2,196,194
2023-08-04 11:04:00,50.3,50.3,194,194
2023-08-04 11:06:00,50.4,50.3,195,197
2023-08-04 11:08:00,50.2,50.2,194,194
2023-08-04 11:10:00,50.2,50.1,194,195
2023-08-04 11:12:00,50.5,50.4,197,201
2023-08-04 11:14:00,50.2,50.2,195,197
2023-08-04 11:16:00,50.4,50.4,193,197
2023-08-04 11:18:00,50.6,50.7,198,199
2023-08-04 11:20:00,50.4,50.4,194,190
2023-08-04 11:22:00,50.3,50.3,196,194
2023-08-04 11:24:00,50.1,50.0,195,197
2023-08-04 11:26:00,50.2,50.2,193,185
2023-08-04 11:28:00,50.2,50.2,191,186
2023-08-04 11:30:00,50.2,50.2,192,187
2023-08-04 11:32:00,50.5,50.5,194,193
2023-08-04 11:34:00,50.5,50.4,190,189
2023-08-04 11:36:00,50.2,50.1,190,186
2023-08-04 11:38:00,50.2,50.2,195,196
2023-08-04 11:40:00,50.0,49.9,197,192
2023-08-04 11:42:00,49.9,49.9,197,194
2023-08-04 11:44:00,50.0,49.9,197,191
2023-08-04 11:46:00,50.3,50.3,196,196
2023-08-04 11:48:00,49.9,49.9,197,194
2023-08-04 11:50:00,50.2,50.2,197,194
2023-08-04 11:52:00,50.3,50.3,195,192
2023-08-04 11:54:00,50.6,50.6,197,193
2023-08-04 11:56:00,50.4,50.4,194,194
2023-08-04 11:58:00,50.5,50.6,194,190
2023-08-04 12:00:00,50.1,50.2,194,189
2023-08-04 12:02:00,50.1,50.1,196,192
2023-08-04 12:04:00,50.0,50.0,195,192
2023-08-04 12:06:00,50.1,50.1,196,193
2023-08-04 12:08:00,50.0,50.0,196,189
2023-08-04 12:10:00,49.9,49.8,196,190
2023-08-04 12:12:00,50.2,50.2,195,190
2023-08-04 12:14:00,50.0,50.0,197,191
2023-08-04 12:16:00,50.0,50.0,197,193
2023-08-04 12:18:00,50.3,50.3,195,193
2023-08-04 12:20:00,50.4,50.4,197,197
2023-08-04 12:22:00,50.2,50.2,194,193
2023-08-04 12:24:00,50.1,50.1,193,192
2023-08-04 12:26:00,50.1,50.0,194,193
2023-08-04 12:28:00,49.9,49.9,198,199
2023-08-04 12:30:00,50.3,50.2,194,193
2023-08-04 12:32:00,50.2,50.3,196,196
2023-08-04 12:34:00,50.2,50.2,196,194
2023-08-04 12:36:00,50.2,50.2,197,194
2023-08-04 12:38:00,49.8,49.8,194,191
2023-08-04 12:40:00,49.9,50.0,194,193
2023-08-04 12:42:00,50.4,50.4,195,193
2023-08-04 12:44:00,50.4,50.4,193,188
2023-08-04 12:46:00,50.1,50.2,196,192
2023-08-04 12:48:00,49.9,50.0,197,192
2023-08-04 12:50:00,49.9,50.0,192,187
2023-08-04 12:52:00,50.2,50.2,192,187
2023-08-04 12:54:00,50.0,50.1,192,185
2023-08-04 12:56:00,50.3,50.3,196,190
2023-08-04 12:58:00,50.3,50.2,196,188
2023-08-04 13:00:00,50.3,50.2,191,184
2023-08-04 13:02:00,50.0,50.0,192,183
2023-08-04 13:04:00,50.0,50.0,194,189
2023-08-04 13:06:00,50.2,50.2,193,184
2023-08-04 13:08:00,50.3,50.3,194,188
2023-08-04 13:10:00,50.2,50.4,194,180
2023-08-04 13:12:00,50.2,50.2,195,187
2023-08-04 13:14:00,50.2,50.2,195,181
2023-08-04 13:16:00,50.4,50.4,194,190
2023-08-04 13:18:00,50.5,50.5,194,190
2023-08-04 13:20:00,50.1,50.0,195,185
2023-08-04 13:22:00,50.1,50.1,194,185
2023-08-04 13:24:00,50.1,50.0,194,184
2023-08-04 13:26:00,50.1,50.1,195,187
2023-08-04 13:28:00,50.4,50.3,196,190
2023-08-04 13:30:00,50.2,50.2,197,184
2023-08-04 13:32:00,50.2,50.2,194,182
2023-08-04 13:34:00,50.2,50.2,194,184
2023-08-04 13:36:00,50.1,50.1,194,187
2023-08-04 13:38:00,50.5,50.5,196,190
2023-08-04 13:40:00,50.1,50.1,194,190
2023-08-04 13:42:00,50.0,50.0,195,192
2023-08-04 13:44:00,50.1,50.1,197,200
2023-08-04 13:46:00,50.3,50.3,197,199
2023-08-04 13:48:00,50.5,50.4,196,199
2023-08-04 13:50:00,50.2,50.1,197,199
2023-08-04 13:52:00,50.0,50.1,195,194
2023-08-04 13:54:00,50.1,50.1,197,199
2023-08-04 13:56:00,50.1,50.0,197,194
2023-08-04 13:58:00,50.4,50.4,197,198
2023-08-04 14:00:00,50.1,50.2,198,197
2023-08-04 14:02:00,50.2,50.2,197,194
2023-08-04 14:04:00,50,49.9,194,199
2023-08-04 14:06:00,50.4,50.4,194,196
2023-08-04 14:08:00,50.2,50.3,196,192
2023-08-04 14:10:00,50.2,50.2,197,194
2023-08-04 14:12:00,50.3,50.4,198,197
2023-08-04 14:14:00,50.2,50.1,194,188
2023-08-04 14:16:00,50.4,50.5,192,191
2023-08-04 14:18:00,50.2,50.2,195,187
2023-08-04 14:20:00,50.4,50.5,197,194
2023-08-04 14:22:00,50.1,50.1,194,190
2023-08-04 14:24:00,50.2,50.2,194,195
2023-08-04 14:26:00,50.2,50.3,199,195
2023-08-04 14:28:00,50.2,50.3,197,190
2023-08-04 14:30:00,50.2,50.2,197,193
2023-08-04 14:32:00,50.1,50.1,192,185
2023-08-04 14:34:00,50.0,50.0,192,185
2023-08-04 14:36:00,50.4,50.5,194,192
2023-08-04 14:38:00,50.0,50.0,196,189
2023-08-04 14:40:00,50.2,50.2,197,190
2023-08-04 14:42:00,50.2,50.3,196,192
2023-08-04 14:44:00,50.1,50.0,194,187
2023-08-04 14:46:00,50.2,50.2,193,184
2023-08-04 14:48:00,50.1,50.1,192,184
2023-08-04 14:50:00,50.1,50.2,197,190
2023-08-04 14:52:00,50.3,50.4,193,189
2023-08-04 14:54:00,49.9,49.9,197,191
2023-08-04 14:56:00,50.2,50.1,194,190
2023-08-04 14:58:00,50.3,50.3,195,190
2023-08-04 15:00:00,50.3,50.3,194,190
2023-08-04 15:02:00,50.1,50.0,197,192
2023-08-04 15:04:00,49.9,49.9,194,187
2023-08-04 15:06:00,50.1,50.2,197,191
2023-08-04 15:08:00,50.0,50.1,197,190
2023-08-04 15:10:00,50.2,50.2,194,187
2023-08-04 15:12:00,50.4,50.4,194,185
2023-08-04 15:14:00,50.1,50.1,194,185
2023-08-04 15:16:00,50.1,50.1,196,187
2023-08-04 15:18:00,50.0,49.9,194,184
2023-08-04 15:20:00,50.3,50.3,193,180
2023-08-04 15:22:00,50.0,50.0,197,190
2023-08-04 15:24:00,50.1,50.1,197,191
2023-08-04 15:26:00,49.9,50.0,197,190
2023-08-04 15:28:00,49.8,49.9,196,187
2023-08-04 15:30:00,50.1,50.1,195,187
2023-08-04 15:32:00,50.0,50.0,194,184
2023-08-04 15:34:00,50.2,50.2,197,185
2023-08-04 15:36:00,50.2,50.2,197,190
2023-08-04 15:38:00,50.2,50.2,196,186
2023-08-04 15:40:00,50.0,50.0,194,182
2023-08-04 15:42:00,49.6,49.7,195,186
2023-08-04 15:44:00,49.5,49.6,197,194
2023-08-04 15:46:00,50.1,50.1,194,186
2023-08-04 15:48:00,50.1,50.1,194,185
2023-08-04 15:50:00,50.1,50.1,194,186
2023-08-04 15:52:00,50.0,49.9,194,182
2023-08-04 15:54:00,50.2,50.2,194,185
2023-08-04 15:56:00,50.2,50.2,194,185
2023-08-04 15:58:00,50.0,50.0,196,184
2023-08-04 16:00:00,50.2,50.2,194,185
2023-08-04 16:02:00,50.4,50.4,194,182
2023-08-04 16:04:00,50.3,50.3,197,189
2023-08-04 16:06:00,50.0,50.0,197,184
2023-08-04 16:08:00,50.2,50.2,194,185
2023-08-04 16:10:00,50.3,50.4,194,190
2023-08-04 16:12:00,49.9,49.8,197,187
2023-08-04 16:14:00,50.0,50.0,196,187
2023-08-04 16:16:00,50.1,50.1,194,189
2023-08-04 16:18:00,50.1,50.1,197,192
2023-08-04 16:20:00,50.3,50.4,197,192
2023-08-04 16:22:00,50.1,50.1,194,190
2023-08-04 16:24:00,50.3,50.2,194,191
2023-08-04 16:26:00,50.1,50.1,195,187
2023-08-04 16:28:00,49.8,49.9,194,183
2023-08-04 16:30:00,49.9,49.9,194,182
2023-08-04 16:32:00,50.2,50.2,194,186
2023-08-04 16:34:00,50.1,50.1,194,187
2023-08-04 16:36:00,50.1,50.2,194,190
2023-08-04 16:38:00,50.1,50,196,190
2023-08-04 16:40:00,50.0,50.1,194,184
2023-08-04 16:42:00,50.0,50.0,195,185
2023-08-04 16:44:00,50.2,50.2,194,187
2023-08-04 16:46:00,50.1,50.2,197,190
2023-08-04 16:48:00,50.1,50.1,194,187
2023-08-04 16:50:00,50.2,50.2,194,189
2023-08-04 16:52:00,49.9,49.8,196,185
2023-08-04 16:54:00,50.1,50.1,193,176
2023-08-04 16:56:00,50.3,50.2,193,181
2023-08-04 16:58:00,50.2,50.3,195,178
2023-08-04 17:00:00,49.8,49.9,197,182
2023-08-04 17:02:00,49.7,49.8,196,182
2023-08-04 17:04:00,50.0,50.1,196,180
2023-08-04 17:06:00,50.2,50.2,196,183
2023-08-04 17:08:00,50.2,50.3,197,183
2023-08-04 17:10:00,50.0,49.9,197,183
2023-08-04 17:12:00,49.9,49.9,195,175
2023-08-04 17:14:00,50.1,50.2,198,190
2023-08-04 17:16:00,50.6,50.5,197,190
2023-08-04 17:18:00,50.2,50.3,197,189
2023-08-04 17:20:00,50.2,50.2,198,187
2023-08-04 17:22:00,50.2,50.2,197,186
2023-08-04 17:24:00,50.1,50.1,195,187
2023-08-04 17:26:00,50.3,50.2,197,186
2023-08-04 17:28:00,50.3,50.3,195,187
2023-08-04 17:30:00,50.3,50.3,195,182
2023-08-04 17:32:00,50.3,50.3,195,187
2023-08-04 17:34:00,50.2,50.3,195,184
2023-08-04 17:36:00,50.4,50.4,197,181
2023-08-04 17:38:00,50.6,50.6,195,187
2023-08-04 17:40:00,50.6,50.6,194,187
2023-08-04 17:42:00,50.3,50.2,195,184
2023-08-04 17:44:00,50.1,50.0,196,182
2023-08-04 17:46:00,50.3,50.3,196,182
2023-08-04 17:48:00,50.1,50.1,196,186
2023-08-04 17:50:00,50.5,50.4,195,185
2023-08-04 17:52:00,50,50.0,196,186
2023-08-04 17:54:00,50.1,50.1,196,182
2023-08-04 17:56:00,50.2,50.1,197,188
2023-08-04 17:58:00,50.3,50.4,197,186
2023-08-04 18:00:00,50.2,50.1,197,188
2023-08-04 18:02:00,50.1,50.1,198,186
2023-08-04 18:04:00,50.1,50.1,194,180
2023-08-04 18:06:00,50.0,50.0,196,180
2023-08-04 18:08:00,50,49.9,197,175
2023-08-04 18:10:00,50.0,50.1,197,179
2023-08-04 18:12:00,50.1,50.2,192,177
2023-08-04 18:14:00,50.1,50.1,196,178
2023-08-04 18:16:00,50.2,50.2,197,181
2023-08-04 18:18:00,49.8,49.8,194,181
2023-08-04 18:20:00,49.8,49.8,195,177
2023-08-04 18:22:00,49.9,50.0,192,192
2023-08-04 18:24:00,50.0,50.0,194,191
2023-08-04 18:26:00,50.2,50.2,197,192
2023-08-04 18:28:00,50.2,50.2,193,187
2023-08-04 18:30:00,51.0,51.1,195,187
2023-08-04 18:32:00,50.3,50.3,196,185
2023-08-04 18:34:00,50.4,50.4,192,186
2023-08-04 18:36:00,50.4,50.4,192,185
2023-08-04 18:38:00,50.4,50.3,194,186
2023-08-04 18:40:00,50.3,50.3,193,182
2023-08-04 18:42:00,50.3,50.3,193,181
2023-08-04 18:44:00,50.5,50.5,195,183
2023-08-04 18:46:00,50.2,50.2,195,184
2023-08-04 18:48:00,50.4,50.3,194,186
2023-08-04 18:50:00,50.2,50.2,194,185
2023-08-04 18:52:00,50.4,50.4,194,189
2023-08-04 18:54:00,50.2,50.2,193,185
2023-08-04 18:56:00,50.3,50.2,192,182
2023-08-04 18:58:00,50.4,50.4,193,185
2023-08-04 19:00:00,49.2,49.2,193,179
2023-08-04 19:02:00,50.0,50.0,192,180
2023-08-04 19:04:00,50.1,50.1,194,178
2023-08-04 19:06:00,50.1,50.2,194,183
2023-08-04 19:08:00,50.2,50.2,194,183
2023-08-04 19:10:00,50.4,50.3,193,185
2023-08-04 19:12:00,50.2,50.2,195,188
2023-08-04 19:14:00,50.1,50.2,194,187
2023-08-04 19:16:00,50.5,50.5,192,186
2023-08-04 19:18:00,50.2,50.2,194,189
2023-08-04 19:20:00,50.5,50.5,194,188
2023-08-04 19:22:00,50.3,50.2,192,182
2023-08-04 19:24:00,50.4,50.4,193,181
2023-08-04 19:26:00,50.2,50.2,194,187
2023-08-04 19:28:00,50.2,50.2,193,182
2023-08-04 19:30:00,50.4,50.3,194,184
2023-08-04 19:32:00,50.6,50.6,192,187
2023-08-04 19:34:00,49.3,49.4,193,180
2023-08-04 19:36:00,50.1,50.2,193,182
2023-08-04 19:38:00,50.3,50.3,196,186
2023-08-04 19:40:00,50.2,50.2,195,185
2023-08-04 19:42:00,50.0,50.0,194,187
2023-08-04 19:44:00,50.5,50.5,193,186
2023-08-04 19:46:00,50.1,50.1,194,186
2023-08-04 19:48:00,50.4,50.3,194,186
2023-08-04 19:50:00,50.0,50.0,193,183
2023-08-04 19:52:00,50.0,50.1,195,190
2023-08-04 19:54:00,50.1,50.1,193,189
2023-08-04 19:56:00,50.2,50.2,192,181
2023-08-04 19:58:00,50.2,50.2,194,180
2023-08-04 20:00:00,50.3,50.2,194,184
2023-08-04 20:02:00,50.5,50.4,193,185
2023-08-04 20:04:00,50.2,50.2,193,182
2023-08-04 20:06:00,50.3,50.3,196,185
2023-08-04 20:08:00,49.9,50.0,193,182
2023-08-04 20:10:00,50.1,50.1,194,182
2023-08-04 20:12:00,50.2,50.2,194,183
2023-08-04 20:14:00,50.2,50.2,195,185
2023-08-04 20:16:00,50.2,50.1,194,194
2023-08-04 20:18:00,50.1,50.2,195,194
2023-08-04 20:20:00,50.1,50.2,194,194
2023-08-04 20:22:00,50.2,50.2,194,195
2023-08-04 20:24:00,51.3,51.4,195,194
2023-08-04 20:26:00,50.7,50.7,196,194
2023-08-04 20:28:00,50.4,50.4,197,192
2023-08-04 20:30:00,50.5,50.5,194,190
2023-08-04 20:32:00,50.5,50.5,197,194
2023-08-04 20:34:00,50.5,50.4,195,191
2023-08-04 20:36:00,50.4,50.5,196,192
2023-08-04 20:38:00,50.5,50.6,194,191
2023-08-04 20:40:00,50.5,50.5,197,194
2023-08-04 20:42:00,50.5,50.4,195,191
2023-08-04 20:44:00,50.4,50.5,197,193
2023-08-04 20:46:00,50.4,50.5,198,195
2023-08-04 20:48:00,50.2,50.2,196,193
2023-08-04 20:50:00,50.3,50.3,198,198
2023-08-04 20:52:00,50.4,50.4,197,198
2023-08-04 20:54:00,50.2,50.2,197,197
2023-08-04 20:56:00,50.2,50.3,194,194
2023-08-04 20:58:00,50.4,50.4,197,193
2023-08-04 21:00:00,50.2,50.3,198,196
2023-08-04 21:02:00,50.4,50.4,196,194
2023-08-04 21:04:00,50.3,50.3,196,192
2023-08-04 21:06:00,50.2,50.2,194,190
2023-08-04 21:08:00,50.2,50.2,195,193
2023-08-04 21:10:00,50.4,50.4,195,194
2023-08-04 21:12:00,50.5,50.6,197,196
2023-08-04 21:14:00,50.4,50.4,196,196
2023-08-04 21:16:00,50.3,50.3,197,197
2023-08-04 21:18:00,50.5,50.4,197,197
2023-08-04 21:20:00,50.3,50.2,195,192
2023-08-04 21:22:00,50.1,50.1,198,199
2023-08-04 21:24:00,50.3,50.3,196,197
2023-08-04 21:26:00,50.4,50.4,197,197
2023-08-04 21:28:00,50.4,50.5,198,198
2023-08-04 21:30:00,50.4,50.4,196,197
2023-08-04 21:32:00,50.3,50.2,196,196
2023-08-04 21:34:00,50.4,50.4,196,198
2023-08-04 21:36:00,50.3,50.4,195,198
2023-08-04 21:38:00,50.3,50.0,195,198
2023-08-04 21:40:00,50.4,50.4,198,199
2023-08-04 21:42:00,50.2,50.3,196,199
2023-08-04 21:44:00,50.3,50.0,196,199
2023-08-04 21:46:00,50.2,50.2,199,205
2023-08-04 21:48:00,50.3,50.0,197,202
2023-08-04 21:50:00,50.5,50.4,195,200
2023-08-04 21:52:00,50.5,50.4,199,204
2023-08-04 21:54:00,50.4,50.4,196,202
2023-08-04 21:56:00,50.4,50.4,198,204
2023-08-04 21:58:00,50.5,50.5,198,206
2023-08-04 22:00:00,50.3,50.3,196,204
2023-08-04 22:02:00,50.3,50.4,194,205
2023-08-04 22:04:00,50.5,50.5,192,204
2023-08-04 22:06:00,50.6,50.6,197,206
2023-08-04 22:08:00,50.5,50.5,199,210
2023-08-04 22:10:00,50.4,50.4,198,207
2023-08-04 22:12:00,50.2,50.2,197,204
2023-08-04 22:14:00,50.3,50.3,197,207
2023-08-04 22:16:00,50.5,50.5,207,224
2023-08-04 22:18:00,50.7,50.7,197,209
2023-08-04 22:20:00,50.5,50.6,199,210
2023-08-04 22:22:00,50.6,50.6,200,213
2023-08-04 22:24:00,50.6,50.7,197,210
2023-08-04 22:26:00,50.7,50.6,200,211
2023-08-04 22:28:00,50.6,50.5,198,210
2023-08-04 22:30:00,50.4,50.4,200,211
2023-08-04 22:32:00,50.5,50.5,199,211
2023-08-04 22:34:00,50.6,50.6,199,212
2023-08-04 22:36:00,50.5,50.5,198,211
2023-08-04 22:38:00,50.5,50.6,197,208
2023-08-04 22:40:00,50.3,50.4,199,209
2023-08-04 22:42:00,50.6,50.5,199,209
2023-08-04 22:44:00,50.6,50.7,199,211
2023-08-04 22:46:00,50.7,50.7,201,211
2023-08-04 22:48:00,50.7,50.7,199,210
2023-08-04 22:50:00,50.6,50.6,201,213
2023-08-04 22:52:00,50.7,50.7,202,214
2023-08-04 22:54:00,50.7,50.6,202,215
2023-08-04 22:56:00,50.7,50.8,201,214
2023-08-04 22:58:00,50.5,50.5,200,214
2023-08-04 23:00:00,50.5,50.4,200,210
2023-08-04 23:02:00,50.9,50.9,200,213
2023-08-04 23:04:00,50.8,50.8,199,212
2023-08-04 23:06:00,50.7,50.7,202,213
2023-08-04 23:08:00,50.8,50.8,199,214
2023-08-04 23:10:00,50.8,50.8,200,214
2023-08-04 23:12:00,50.6,50.6,201,215
2023-08-04 23:14:00,50.7,50.8,198,214
2023-08-04 23:16:00,50.7,50.7,202,216
2023-08-04 23:18:00,50.7,50.6,202,216
2023-08-04 23:20:00,50.7,50.6,202,216
2023-08-04 23:22:00,50.6,50.6,202,220
2023-08-04 23:24:00,50.7,50.7,202,221
2023-08-04 23:26:00,50.8,50.8,204,220
2023-08-04 23:28:00,50.6,50.7,204,219
2023-08-04 23:30:00,50.7,50.6,201,217
2023-08-04 23:32:00,50.7,50.6,201,216
2023-08-04 23:34:00,50.6,50.7,204,219
2023-08-04 23:36:00,50.7,50.7,202,219
2023-08-04 23:38:00,50.9,50.9,201,217
2023-08-04 23:40:00,50.8,50.8,203,219
2023-08-04 23:42:00,50.9,50.9,204,220
2023-08-04 23:44:00,50.5,50.4,204,219
2023-08-04 23:46:00,50.7,50.7,200,214
2023-08-04 23:48:00,51.0,51.1,204,219
2023-08-04 23:50:00,50.7,50.7,203,218
2023-08-04 23:52:00,50.9,50.9,204,219
2023-08-04 23:54:00,51.1,51.0,205,219
2023-08-04 23:56:00,50.7,50.8,205,219
2023-08-04 23:58:00,50.8,50.7,204,218
2023-08-05 00:00:00,50.7,50.7,204,219
2023-08-05 00:02:00,50.8,50.8,206,221
2023-08-05 00:04:00,50.9,50.9,204,219
2023-08-05 00:06:00,50.8,50.8,204,219
2023-08-05 00:08:00,50.9,50.8,204,219
2023-08-05 00:10:00,50.6,50.6,204,219
2023-08-05 00:12:00,50.7,50.7,204,219
2023-08-05 00:14:00,51.0,51.0,205,220
2023-08-05 00:16:00,50.9,50.9,205,220
2023-08-05 00:18:00,50.7,50.7,203,219
2023-08-05 00:20:00,50.5,50.5,206,221
2023-08-05 00:22:00,50.8,50.9,206,221
2023-08-05 00:24:00,50.9,51.0,204,220
2023-08-05 00:26:00,50.7,50.7,204,220
2023-08-05 00:28:00,50.9,50.8,205,221
2023-08-05 00:30:00,50.6,50.6,204,219
2023-08-05 00:32:00,50.7,50.7,205,221
2023-08-05 00:34:00,50.9,50.8,203,218
2023-08-05 00:36:00,50.7,50.7,204,221
2023-08-05 00:38:00,51.0,51.0,204,221
2023-08-05 00:40:00,50.8,50.7,205,221
2023-08-05 00:42:00,50.6,50.7,204,221
2023-08-05 00:44:00,50.9,50.9,204,221
2023-08-05 00:46:00,50.9,50.9,207,222
2023-08-05 00:48:00,50.9,51.0,207,223
2023-08-05 00:50:00,50.9,50.9,206,223
2023-08-05 00:52:00,50.8,50.9,204,221
2023-08-05 00:54:00,50.9,50.9,206,223
2023-08-05 00:56:00,50.9,50.9,204,221
2023-08-05 00:58:00,51.0,51.0,204,221
2023-08-05 01:00:00,50.9,50.9,206,222
2023-08-05 01:02:00,50.9,50.9,205,221
2023-08-05 01:04:00,51.1,51.1,204,222
2023-08-05 01:06:00,50.8,50.8,207,223
2023-08-05 01:08:00,50.8,50.8,205,222
2023-08-05 01:10:00,50.8,50.8,204,221
2023-08-05 01:12:00,51.0,51.0,206,223
2023-08-05 01:14:00,51.2,51.2,205,222
2023-08-05 01:16:00,50.9,50.9,204,222
2023-08-05 01:18:00,50.9,50.9,204,222
2023-08-05 01:20:00,50.2,50.2,207,222
2023-08-05 01:22:00,50.1,50.0,206,222
2023-08-05 01:24:00,50.2,50.2,204,221
2023-08-05 01:26:00,50.2,50.3,207,221
2023-08-05 01:28:00,50.1,50.1,205,221
2023-08-05 01:30:00,50.3,50.2,204,221
2023-08-05 01:32:00,50.1,50.2,204,220
2023-08-05 01:34:00,50.0,50.0,206,221
2023-08-05 01:36:00,50.2,50.2,205,221
2023-08-05 01:38:00,50.4,50.3,206,221
2023-08-05 01:40:00,50.3,50.3,207,221
2023-08-05 01:42:00,50.1,50.1,205,221
2023-08-05 01:44:00,50.2,50.2,205,221
2023-08-05 01:46:00,50.0,50.0,204,220
2023-08-05 01:48:00,50.2,50.2,206,221
2023-08-05 01:50:00,50.3,50.4,207,221
2023-08-05 01:52:00,50.1,50.1,206,221
2023-08-05 01:54:00,50.3,50.3,207,222
2023-08-05 01:56:00,50.0,50.0,207,222
2023-08-05 01:58:00,50.3,50.3,206,222
2023-08-05 02:00:00,50.1,50.2,208,223
2023-08-05 02:02:00,50.3,50.3,207,223
2023-08-05 02:04:00,50.3,50.3,207,223
2023-08-05 02:06:00,50.3,50.3,208,223
2023-08-05 02:08:00,50.1,50.1,208,223
2023-08-05 02:10:00,50.2,50.3,206,222
2023-08-05 02:12:00,50.3,50.3,207,222
2023-08-05 02:14:00,50.2,50.2,208,223
2023-08-05 02:16:00,50.3,50.3,208,223
2023-08-05 02:18:00,50.1,50.1,206,223
2023-08-05 02:20:00,50.3,50.3,207,223
2023-08-05 02:22:00,50.2,50.2,208,223
2023-08-05 02:24:00,50.1,50.1,206,223
2023-08-05 02:26:00,50.3,50.2,206,223
2023-08-05 02:28:00,50.3,50.3,208,223
2023-08-05 02:30:00,50.2,50.2,207,223
2023-08-05 02:32:00,50.2,50.2,206,222
2023-08-05 02:34:00,50.2,50.3,208,223
2023-08-05 02:36:00,50.1,50.1,207,223
2023-08-05 02:38:00,50.2,50.2,206,222
2023-08-05 02:40:00,50.3,50.3,207,223
2023-08-05 02:42:00,50.4,50.3,207,223
2023-08-05 02:44:00,50.2,50.2,206,222
2023-08-05 02:46:00,50.2,50.1,205,221
2023-08-05 02:48:00,50.2,50.3,207,222
2023-08-05 02:50:00,50.2,50.2,207,223
2023-08-05 02:52:00,50.3,50.3,208,223
2023-08-05 02:54:00,50.3,50.3,208,223
2023-08-05 02:56:00,50.2,50.3,208,223
2023-08-05 02:58:00,50.2,50.2,205,221
2023-08-05 03:00:00,50.1,50.2,205,221
2023-08-05 03:02:00,50.2,50.2,209,223
2023-08-05 03:04:00,50.2,50.3,207,223
2023-08-05 03:06:00,50.2,50.2,207,223
2023-08-05 03:08:00,50.4,50.5,208,223
2023-08-05 03:10:00,50.2,50.2,208,223
2023-08-05 03:12:00,50.2,50.3,207,222
2023-08-05 03:14:00,50.2,50.1,208,223
2023-08-05 03:16:00,50.4,50.4,209,223
2023-08-05 03:18:00,50.2,50.2,207,223
2023-08-05 03:20:00,50.2,50.2,207,223
2023-08-05 03:22:00,50.3,50.3,209,224
2023-08-05 03:24:00,50.1,50.1,207,223
2023-08-05 03:26:00,50.2,50.2,207,224
2023-08-05 03:28:00,50.3,50.3,209,225
2023-08-05 03:30:00,50.2,50.2,209,224
2023-08-05 03:32:00,50.5,50.4,208,224
2023-08-05 03:34:00,50.3,50.3,208,224
2023-08-05 03:36:00,50.2,50.2,209,224
2023-08-05 03:38:00,50.5,50.4,207,224
2023-08-05 03:40:00,50.3,50.2,207,223
2023-08-05 03:42:00,50.2,50.2,208,224
2023-08-05 03:44:00,50.2,50.2,206,223
2023-08-05 03:46:00,50.2,50.3,207,223
2023-08-05 03:48:00,50.4,50.4,208,225
2023-08-05 03:50:00,50.1,50.1,208,224
2023-08-05 03:52:00,50.3,50.3,207,223
2023-08-05 03:54:00,50.2,50.2,206,223
2023-08-05 03:56:00,50.3,50.3,207,224
2023-08-05 03:58:00,50.1,50.1,206,223
2023-08-05 04:00:00,50.2,50.2,207,223
2023-08-05 04:02:00,50.3,50.3,209,225
2023-08-05 04:04:00,50.3,50.4,209,225
2023-08-05 04:06:00,50.1,50.2,207,223
2023-08-05 04:08:00,50.5,50.5,209,224
2023-08-05 04:10:00,50.2,50.1,208,223
2023-08-05 04:12:00,50.4,50.4,207,223
2023-08-05 04:14:00,50.2,50.2,208,225
2023-08-05 04:16:00,50.3,50.3,208,225
2023-08-05 04:18:00,50.2,50.2,206,222
2023-08-05 04:20:00,50.4,50.5,207,223
2023-08-05 04:22:00,50.2,50.2,206,220
2023-08-05 04:24:00,50.2,50.2,209,224
2023-08-05 04:26:00,50.2,50.2,206,224
2023-08-05 04:28:00,50.3,50.2,209,226
2023-08-05 04:30:00,50.3,50.2,208,225
2023-08-05 04:32:00,50.2,50.3,206,223
2023-08-05 04:34:00,50.2,50.3,207,223
2023-08-05 04:36:00,50.2,50.2,207,223
2023-08-05 04:38:00,50.1,50.1,206,223
2023-08-05 04:40:00,50.3,50.3,207,223
2023-08-05 04:42:00,50.1,50.0,207,223
2023-08-05 04:44:00,50.3,50.3,209,226
2023-08-05 04:46:00,50.3,50.3,205,222
2023-08-05 04:48:00,50.4,50.5,207,222
2023-08-05 04:50:00,50.3,50.3,208,223
2023-08-05 04:52:00,50.3,50.2,207,223
2023-08-05 04:54:00,50.2,50.2,208,224
2023-08-05 04:56:00,50.2,50.2,209,226
2023-08-05 04:58:00,50.2,50.2,207,225
2023-08-05 05:00:00,50.3,50.2,206,223
2023-08-05 05:02:00,50.3,50.3,207,223
2023-08-05 05:04:00,50.3,50.2,209,226
2023-08-05 05:06:00,50.2,50.1,207,224
2023-08-05 05:08:00,50.3,50.3,205,220
2023-08-05 05:10:00,50.2,50.2,209,223
2023-08-05 05:12:00,50.2,50.2,207,222
2023-08-05 05:14:00,50.4,50.4,207,223
2023-08-05 05:16:00,50.2,50.2,209,223
2023-08-05 05:18:00,50.0,50.0,206,221
2023-08-05 05:20:00,50.1,50.1,207,222
2023-08-05 05:22:00,50.1,50.1,207,222
2023-08-05 05:24:00,50.2,50.2,208,223
2023-08-05 05:26:00,50.3,50.2,206,221
2023-08-05 05:28:00,50.1,50.2,202,219
2023-08-05 05:30:00,50.2,50.2,204,219
2023-08-05 05:32:00,50.2,50.2,207,223
2023-08-05 05:34:00,50.3,50.3,207,221
2023-08-05 05:36:00,50.3,50.3,208,221
2023-08-05 05:38:00,50.1,50.2,208,221
2023-08-05 05:40:00,50.4,50.3,206,220
2023-08-05 05:42:00,50.2,50.2,207,220
2023-08-05 05:44:00,50.3,50.2,206,219
2023-08-05 05:46:00,50.1,50.1,204,219
2023-08-05 05:48:00,50.2,50.1,206,220
2023-08-05 05:50:00,50.1,50.2,207,220
2023-08-05 05:52:00,50.2,50.2,205,219
2023-08-05 05:54:00,50.1,50.1,207,218
2023-08-05 05:56:00,50.1,50.1,207,219
2023-08-05 05:58:00,50.1,50.1,206,218
2023-08-05 06:00:00,50.3,50.3,204,216
2023-08-05 06:02:00,50.3,50.3,207,219
2023-08-05 06:04:00,50.2,50.2,207,219
2023-08-05 06:06:00,50.2,50.2,205,217
2023-08-05 06:08:00,50.3,50.3,205,217
2023-08-05 06:10:00,50.0,50,207,217
2023-08-05 06:12:00,50.3,50.3,204,217
2023-08-05 06:14:00,50.1,50.1,204,216
2023-08-05 06:16:00,50.2,50.2,204,215
2023-08-05 06:18:00,50.5,50.4,206,216
2023-08-05 06:20:00,50.2,50.2,207,216
2023-08-05 06:22:00,50.1,50.1,208,216
2023-08-05 06:24:00,50.2,50.2,206,215
2023-08-05 06:26:00,50.2,50.2,206,216
2023-08-05 06:28:00,50.1,50.1,207,216
2023-08-05 06:30:00,50.1,50.0,206,215
2023-08-05 06:32:00,50.0,50.0,206,216
2023-08-05 06:34:00,50.1,50.1,206,216
2023-08-05 06:36:00,50.1,50.1,205,215
2023-08-05 06:38:00,50.1,50.1,205,216
2023-08-05 06:40:00,50.0,50.0,204,216
2023-08-05 06:42:00,50.2,50.3,205,216
2023-08-05 06:44:00,50.2,50.1,206,218
2023-08-05 06:46:00,50.1,50.1,204,216
2023-08-05 06:48:00,50.1,50.1,204,216
2023-08-05 06:50:00,50.2,50.3,204,215
2023-08-05 06:52:00,50.0,50.0,203,211
2023-08-05 06:54:00,49.9,49.9,205,213
2023-08-05 06:56:00,50.1,50.1,206,212
2023-08-05 06:58:00,50.1,50.1,206,214
2023-08-05 07:00:00,50.1,50.2,203,212
2023-08-05 07:02:00,50.1,50.1,205,214
2023-08-05 07:04:00,50.2,50.2,204,216
2023-08-05 07:06:00,50.2,50.2,205,212
2023-08-05 07:08:00,50.4,50.4,205,216
2023-08-05 07:10:00,49.8,49.8,204,214
2023-08-05 07:12:00,49.7,49.7,202,209
2023-08-05 07:14:00,50.0,50.1,204,212
2023-08-05 07:16:00,50.1,50.2,206,213
2023-08-05 07:18:00,50.0,50.0,206,216
2023-08-05 07:20:00,50.2,50.1,205,212
2023-08-05 07:22:00,50.0,50.0,205,211
2023-08-05 07:24:00,50.0,50.1,204,207
2023-08-05 07:26:00,50.2,50.2,204,211
2023-08-05 07:28:00,50,50.0,204,213
2023-08-05 07:30:00,50.1,50.1,202,211
2023-08-05 07:32:00,50.0,50.0,204,212
2023-08-05 07:34:00,50.0,50.0,202,205
2023-08-05 07:36:00,50.0,50.0,202,205
2023-08-05 07:38:00,50.1,50.1,204,211
2023-08-05 07:40:00,49.9,49.9,202,202
2023-08-05 07:42:00,50.2,50.2,201,203
2023-08-05 07:44:00,49.8,49.8,204,207
2023-08-05 07:46:00,50.3,50.3,203,206
2023-08-05 07:48:00,50.0,50.1,203,207
2023-08-05 07:50:00,50.0,50.0,205,212
2023-08-05 07:52:00,50.1,50.1,204,214
2023-08-05 07:54:00,49.9,49.9,204,216
2023-08-05 07:56:00,49.9,49.9,206,215
2023-08-05 07:58:00,50.1,50.0,202,211
2023-08-05 08:00:00,49.9,49.9,203,210
2023-08-05 08:02:00,50.2,50.1,202,208
2023-08-05 08:04:00,49.8,49.8,203,207
2023-08-05 08:06:00,50.0,49.9,204,207
2023-08-05 08:08:00,50.0,50.0,202,207
2023-08-05 08:10:00,50.0,50.0,204,208
2023-08-05 08:12:00,50,50.0,204,204
2023-08-05 08:14:00,49.8,49.8,204,206
2023-08-05 08:16:00,49.8,49.8,201,205
2023-08-05 08:18:00,49.9,49.9,203,206
2023-08-05 08:20:00,49.8,49.7,199,207
2023-08-05 08:22:00,50.1,50.1,201,207
2023-08-05 08:24:00,49.9,49.9,202,210
2023-08-05 08:26:00,49.9,49.9,201,209
2023-08-05 08:28:00,49.9,49.9,202,206
2023-08-05 08:30:00,50.1,50.1,202,209
2023-08-05 08:32:00,49.9,50.0,202,209
2023-08-05 08:34:00,50.0,49.9,202,208
2023-08-05 08:36:00,49.8,49.8,199,208
2023-08-05 08:38:00,49.9,49.8,202,213
2023-08-05 08:40:00,50.0,49.9,202,213
2023-08-05 08:42:00,50.0,49.9,201,212
2023-08-05 08:44:00,50.0,50.0,200,211
2023-08-05 08:46:00,49.8,49.9,202,210
2023-08-05 08:48:00,49.7,49.8,200,207
2023-08-05 08:50:00,49.8,49.8,199,206
2023-08-05 08:52:00,50.0,50.1,202,209
2023-08-05 08:54:00,50.0,50.0,200,208
2023-08-05 08:56:00,49.9,50.0,199,204
2023-08-05 08:58:00,50.0,50.0,200,205
2023-08-05 09:00:00,49.8,49.8,201,202
2023-08-05 09:02:00,50.2,50.1,199,200
2023-08-05 09:04:00,50.0,50.0,199,199
2023-08-05 09:06:00,49.8,49.8,201,206
2023-08-05 09:08:00,49.9,49.9,201,208
2023-08-05 09:10:00,50.2,50.2,198,204
2023-08-05 09:12:00,49.9,49.8,199,207
2023-08-05 09:14:00,50.0,49.9,196,203
2023-08-05 09:16:00,50.0,50.0,196,205
2023-08-05 09:18:00,49.9,49.9,196,202
2023-08-05 09:20:00,50.0,50.0,199,207
2023-08-05 09:22:00,50.1,50.1,199,210
2023-08-05 09:24:00,49.8,49.8,199,204
2023-08-05 09:26:00,49.9,49.9,202,205
2023-08-05 09:28:00,50.1,50.1,201,205
2023-08-05 09:30:00,50.2,50.1,201,210
2023-08-05 09:32:00,50.0,50.0,201,207
2023-08-05 09:34:00,50.1,50.1,199,205
2023-08-05 09:36:00,50.0,50.0,198,203
2023-08-05 09:38:00,49.8,49.9,199,202
2023-08-05 09:40:00,50.0,50.0,199,202
2023-08-05 09:42:00,50.1,50.0,197,203
2023-08-05 09:44:00,50.1,50.1,201,210
2023-08-05 09:46:00,49.8,49.8,198,206
2023-08-05 09:48:00,50.0,50.0,199,204
2023-08-05 09:50:00,49.9,50.0,197,204
2023-08-05 09:52:00,50.2,50.1,195,200
2023-08-05 09:54:00,49.9,49.9,198,202
2023-08-05 09:56:00,50.2,50.2,196,202
2023-08-05 09:58:00,50.4,50.3,194,201
2023-08-05 10:00:00,50.3,50.3,197,197
2023-08-05 10:02:00,50.2,50.1,194,197
2023-08-05 10:04:00,50.0,50.1,193,200
2023-08-05 10:06:00,50.3,50.3,198,206
2023-08-05 10:08:00,50.3,50.3,198,209
2023-08-05 10:10:00,50.1,50.1,197,204
2023-08-05 10:12:00,50.1,50.1,197,204
2023-08-05 10:14:00,50.0,49.9,199,204
2023-08-05 10:16:00,50.3,50.2,197,204
2023-08-05 10:18:00,50.1,50.1,197,202
2023-08-05 10:20:00,50.3,50.3,199,201
2023-08-05 10:22:00,50.2,50.3,197,199
2023-08-05 10:24:00,50.0,50.0,199,202
2023-08-05 10:26:00,50.3,50.3,197,199
2023-08-05 10:28:00,50.3,50.3,200,199
2023-08-05 10:30:00,50.1,50.1,197,202
2023-08-05 10:32:00,50.2,50.2,197,202
2023-08-05 10:34:00,50.1,50.1,199,199
2023-08-05 10:36:00,50.0,50.0,199,199
2023-08-05 10:38:00,50.1,50.1,198,202
2023-08-05 10:40:00,50.2,50.2,197,199
2023-08-05 10:42:00,50.0,50.1,197,199
2023-08-05 10:44:00,50.3,50.4,198,199
2023-08-05 10:46:00,50.3,50.4,197,203
2023-08-05 10:48:00,50.2,50.3,198,200
2023-08-05 10:50:00,50.3,50.3,198,202
2023-08-05 10:52:00,50.1,50.1,197,200
2023-08-05 10:54:00,50.2,50.2,196,198
2023-08-05 10:56:00,50.0,50.0,197,200
2023-08-05 10:58:00,50.3,50.3,197,194
2023-08-05 11:00:00,50.3,50.2,195,193
2023-08-05 11:02:00,50.0,50.0,196,192
2023-08-05 11:04:00,50.1,50.1,196,195
2023-08-05 11:06:00,50.2,50.2,197,196
2023-08-05 11:08:00,50.3,50.3,197,188
2023-08-05 11:10:00,49.8,49.9,197,187
2023-08-05 11:12:00,50.2,50.2,195,193
2023-08-05 11:14:00,50.3,50.3,194,194
2023-08-05 11:16:00,50.1,50.1,196,194
2023-08-05 11:18:00,49.9,49.9,195,194
2023-08-05 11:20:00,50.1,50.1,197,195
2023-08-05 11:22:00,50.0,50.0,196,191
2023-08-05 11:24:00,50.2,50.2,195,193
2023-08-05 11:26:00,50.3,50.3,197,189
2023-08-05 11:28:00,50.0,50.0,197,190
2023-08-05 11:30:00,50.1,50.1,194,190
2023-08-05 11:32:00,50.0,50.0,197,197
2023-08-05 11:34:00,50.0,50.0,197,192
2023-08-05 11:36:00,50.2,50.2,197,192
2023-08-05 11:38:00,49.9,50.0,197,194
2023-08-05 11:40:00,49.8,49.8,194,192
2023-08-05 11:42:00,50.0,50.0,199,190
2023-08-05 11:44:00,50.2,50.2,194,190
2023-08-05 11:46:00,50.2,50.1,196,199
2023-08-05 11:48:00,50.0,50.0,197,194
2023-08-05 11:50:00,50.0,49.9,195,191
2023-08-05 11:52:00,49.8,49.8,195,192
2023-08-05 11:54:00,50.3,50.3,198,191
2023-08-05 11:56:00,50.1,50.1,195,191
2023-08-05 11:58:00,50.2,50.2,194,192
2023-08-05 12:00:00,49.9,49.9,195,192
2023-08-05 12:02:00,50.1,50.1,194,187
2023-08-05 12:04:00,50.3,50.4,195,194
2023-08-05 12:06:00,49.9,50.0,195,192
2023-08-05 12:08:00,50.1,50.0,198,194
2023-08-05 12:10:00,50.1,50.1,199,192
2023-08-05 12:12:00,50.0,50.0,197,192
2023-08-05 12:14:00,50.4,50.3,197,194
2023-08-05 12:16:00,50.1,50.2,195,187
2023-08-05 12:18:00,50.1,50.0,197,192
2023-08-05 12:20:00,50.0,50.1,194,192
2023-08-05 12:22:00,50.0,50.0,194,192
2023-08-05 12:24:00,50.2,50.1,195,185
2023-08-05 12:26:00,50.0,50.0,194,190
2023-08-05 12:28:00,50.0,50.0,197,193
2023-08-05 12:30:00,50.0,49.9,196,193
2023-08-05 12:32:00,50.0,50.0,198,196
2023-08-05 12:34:00,50.3,50.3,197,193
2023-08-05 12:36:00,50.1,50.1,197,190
2023-08-05 12:38:00,50.0,49.9,195,196
2023-08-05 12:40:00,50.2,50.1,197,196
2023-08-05 12:42:00,50.0,50.1,196,193
2023-08-05 12:44:00,50.0,50.1,195,194
2023-08-05 12:46:00,49.9,50.0,196,193
2023-08-05 12:48:00,50.1,50.2,197,195
2023-08-05 12:50:00,50.3,50.3,197,199
2023-08-05 12:52:00,49.9,50.0,196,196
2023-08-05 12:54:00,50.1,50.1,197,199
2023-08-05 12:56:00,50.2,50.1,196,194
2023-08-05 12:58:00,49.9,50,197,196
2023-08-05 13:00:00,50.3,50.3,198,200
2023-08-05 13:02:00,50.1,50.2,195,197
2023-08-05 13:04:00,50.1,50.1,196,198
2023-08-05 13:06:00,49.9,49.9,197,192
2023-08-05 13:08:00,50.0,50.0,195,195
2023-08-05 13:10:00,49.9,49.9,194,196
2023-08-05 13:12:00,50.3,50.4,194,198
2023-08-05 13:14:00,50.3,50.2,194,193
2023-08-05 13:16:00,50.1,50.0,196,194
2023-08-05 13:18:00,50.0,50.1,198,195
2023-08-05 13:20:00,50.1,50.1,197,192
2023-08-05 13:22:00,50.3,50.3,194,186
2023-08-05 13:24:00,50.1,50.2,196,192
2023-08-05 13:26:00,50.0,49.9,197,197
2023-08-05 13:28:00,50.1,50.1,196,193
2023-08-05 13:30:00,50.2,50.2,193,190
2023-08-05 13:32:00,50.2,50.2,196,197
2023-08-05 13:34:00,50.1,50.0,194,191
2023-08-05 13:36:00,50.2,50.3,195,191
2023-08-05 13:38:00,49.8,49.9,195,195
2023-08-05 13:40:00,50.3,50.3,195,194
2023-08-05 13:42:00,50.2,50.2,196,194
2023-08-05 13:44:00,49.9,49.9,195,189
2023-08-05 13:46:00,50.0,50.0,194,185
2023-08-05 13:48:00,50.3,50.3,194,196
2023-08-05 13:50:00,50.4,50.4,196,197
2023-08-05 13:52:00,50.0,50.0,194,197
2023-08-05 13:54:00,50.2,50.2,194,189
2023-08-05 13:56:00,50.2,50.1,194,194
2023-08-05 13:58:00,50.3,50.4,195,197
2023-08-05 14:00:00,50.3,50.2,196,198
2023-08-05 14:02:00,50.3,50.3,195,198
2023-08-05 14:04:00,50.0,50.0,197,198
2023-08-05 14:06:00,50.1,50.1,197,200
2023-08-05 14:08:00,50.1,50.0,197,201
2023-08-05 14:10:00,50.3,50.3,197,199
2023-08-05 14:12:00,50.2,50.3,197,198
2023-08-05 14:14:00,50.1,50.1,195,198
2023-08-05 14:16:00,49.9,49.9,196,197
2023-08-05 14:18:00,50.0,50.0,197,199
2023-08-05 14:20:00,49.9,50.0,196,197
2023-08-05 14:22:00,50.2,50.3,196,199
2023-08-05 14:24:00,50.1,50.1,199,202
2023-08-05 14:26:00,50.1,50.1,197,200
2023-08-05 14:28:00,50.0,50.0,196,198
2023-08-05 14:30:00,50.0,49.9,197,199
2023-08-05 14:32:00,50.2,50.1,197,199
2023-08-05 14:34:00,50.2,50.2,197,199
2023-08-05 14:36:00,50.1,50.0,197,198
2023-08-05 14:38:00,49.9,49.9,198,201
2023-08-05 14:40:00,50.2,50.3,196,199
2023-08-05 14:42:00,50.2,50.2,197,200
2023-08-05 14:44:00,50.2,50.2,197,197
2023-08-05 14:46:00,50.2,50.2,197,197
2023-08-05 14:48:00,50.1,50.1,193,193
2023-08-05 14:50:00,50.3,50.3,192,197
2023-08-05 14:52:00,50.1,50.1,197,199
2023-08-05 14:54:00,50.1,50.1,197,200
2023-08-05 14:56:00,50.0,50.0,195,194
2023-08-05 14:58:00,50.2,50.1,197,197
2023-08-05 15:00:00,50.4,50.3,195,194
2023-08-05 15:02:00,50.1,50.0,197,196
2023-08-05 15:04:00,50.1,50.1,198,199
2023-08-05 15:06:00,50.3,50.3,196,195
2023-08-05 15:08:00,50.1,50.1,198,199
2023-08-05 15:10:00,50.3,50.2,197,198
2023-08-05 15:12:00,50.4,50.4,197,199
2023-08-05 15:14:00,50.0,50.0,195,195
2023-08-05 15:16:00,50.0,50.0,198,197
2023-08-05 15:18:00,50.1,50.2,195,197
2023-08-05 15:20:00,50.2,50.2,197,194
2023-08-05 15:22:00,50.2,50.2,197,192
2023-08-05 15:24:00,50.1,50.1,196,192
2023-08-05 15:26:00,50.1,50.1,197,194
2023-08-05 15:28:00,50.2,50.3,197,196
2023-08-05 15:30:00,50.1,50.1,197,188
2023-08-05 15:32:00,50.0,50.1,199,195
2023-08-05 15:34:00,50.0,49.9,198,196
2023-08-05 15:36:00,50.3,50.3,198,194
2023-08-05 15:38:00,50.2,50.2,197,195
2023-08-05 15:40:00,50,50.0,198,199
2023-08-05 15:42:00,50.1,50.2,197,197
2023-08-05 15:44:00,49.8,49.9,197,195
2023-08-05 15:46:00,49.8,49.9,196,198
2023-08-05 15:48:00,50.5,50.4,197,197
2023-08-05 15:50:00,50.2,50.2,194,194
2023-08-05 15:52:00,49.9,50.0,195,192
2023-08-05 15:54:00,50.1,50.0,197,193
2023-08-05 15:56:00,50.3,50.4,195,192
2023-08-05 15:58:00,50.0,50.0,197,193
2023-08-05 16:00:00,50.2,50.2,197,193
2023-08-05 16:02:00,50.0,50.0,197,190
2023-08-05 16:04:00,50.3,50.3,194,186
2023-08-05 16:06:00,50.0,50.0,195,188
2023-08-05 16:08:00,50.1,50.1,196,189
2023-08-05 16:10:00,49.8,49.8,194,188
2023-08-05 16:12:00,50,50.0,194,184
2023-08-05 16:14:00,49.8,49.7,196,186
2023-08-05 16:16:00,50.0,50.0,195,185
2023-08-05 16:18:00,50.0,50.0,197,190
2023-08-05 16:20:00,50,50.0,195,187
2023-08-05 16:22:00,50.0,50.0,196,185
2023-08-05 16:24:00,50.1,50.2,196,185
2023-08-05 16:26:00,50.1,50.2,194,184
2023-08-05 16:28:00,50.2,50.3,199,190
2023-08-05 16:30:00,49.9,50.0,196,190
2023-08-05 16:32:00,49.6,49.7,197,192
2023-08-05 16:34:00,50.0,49.9,194,185
2023-08-05 16:36:00,50.1,50.0,194,185
2023-08-05 16:38:00,49.9,50.0,195,186
2023-08-05 16:40:00,50.0,50.1,195,187
2023-08-05 16:42:00,50.0,49.9,195,185
2023-08-05 16:44:00,50.1,50.1,196,186
2023-08-05 16:46:00,50.0,50.0,192,184
2023-08-05 16:48:00,50.0,50.0,195,187
2023-08-05 16:50:00,49.9,49.8,196,186
2023-08-05 16:52:00,50.0,50.0,194,182
2023-08-05 16:54:00,49.8,49.8,194,183
2023-08-05 16:56:00,49.9,49.9,194,180
2023-08-05 16:58:00,49.9,49.9,195,181
2023-08-05 17:00:00,49.8,49.9,194,176
2023-08-05 17:02:00,49.9,49.8,195,180
2023-08-05 17:04:00,50.1,50.1,196,180
2023-08-05 17:06:00,50.0,50.0,195,176
2023-08-05 17:08:00,50.0,50.0,195,176
2023-08-05 17:10:00,50.0,49.9,197,183
2023-08-05 17:12:00,49.9,49.9,197,182
2023-08-05 17:14:00,50.0,50.1,195,180
2023-08-05 17:16:00,49.9,50.1,197,192
2023-08-05 17:18:00,50.1,50.1,197,187
2023-08-05 17:20:00,50.2,50.3,197,188
2023-08-05 17:22:00,50.0,50,196,183
2023-08-05 17:24:00,49.9,50.0,194,183
2023-08-05 17:26:00,50.6,50.5,197,186
2023-08-05 17:28:00,50.3,50.4,197,191
2023-08-05 17:30:00,50.2,50.2,196,190
2023-08-05 17:32:00,50.2,50.2,195,190
2023-08-05 17:34:00,50.3,50.3,196,187
2023-08-05 17:36:00,50.3,50.3,194,182
2023-08-05 17:38:00,50.4,50.4,195,182
2023-08-05 17:40:00,50.1,50.2,195,178
2023-08-05 17:42:00,50.6,50.6,195,181
2023-08-05 17:44:00,50.4,50.5,194,180
2023-08-05 17:46:00,50.3,50.3,197,183
2023-08-05 17:48:00,50.7,50.6,197,181
2023-08-05 17:50:00,50.3,50.3,195,177
2023-08-05 17:52:00,50.3,50.3,194,180
2023-08-05 17:54:00,50.3,50.2,195,180
2023-08-05 17:56:00,50.2,50.2,197,180
2023-08-05 17:58:00,50.4,50.5,195,178
2023-08-05 18:00:00,50.3,50.3,196,182
2023-08-05 18:02:00,50.4,50.3,198,186
2023-08-05 18:04:00,50.5,50.5,196,184
2023-08-05 18:06:00,50.5,50.5,194,184
2023-08-05 18:08:00,50.5,50.5,196,183
2023-08-05 18:10:00,50.3,50.2,197,184
2023-08-05 18:12:00,50.4,50.4,196,186
2023-08-05 18:14:00,50.4,50.3,197,177
2023-08-05 18:16:00,50.2,50.2,197,183
2023-08-05 18:18:00,50.3,50.3,194,182
2023-08-05 18:20:00,50.2,50.3,195,180
2023-08-05 18:22:00,50.2,50.2,194,180
2023-08-05 18:24:00,49.9,49.9,193,180
2023-08-05 18:26:00,50.3,50.3,194,184
2023-08-05 18:28:00,50.4,50.4,196,183
2023-08-05 18:30:00,50.2,50.3,193,180
2023-08-05 18:32:00,50.0,50.1,195,181
2023-08-05 18:34:00,50.0,50.0,196,182
2023-08-05 18:36:00,50.1,50.1,196,177
2023-08-05 18:38:00,49.8,49.8,194,178
2023-08-05 18:40:00,50.3,50.3,196,181
2023-08-05 18:42:00,50.4,50.4,197,185
2023-08-05 18:44:00,50.3,50.3,194,185
2023-08-05 18:46:00,50.2,50.2,195,185
2023-08-05 18:48:00,50.4,50.3,197,185
2023-08-05 18:50:00,50.2,50.1,195,182
2023-08-05 18:52:00,50.4,50.3,192,182
2023-08-05 18:54:00,50.3,50.4,194,187
2023-08-05 18:56:00,50.3,50.3,195,184
2023-08-05 18:58:00,6536,4902,0,0
2023-08-05 19:00:00,7874,4367,0,0
2023-08-05 19:02:00,7874,3012,0,0
2023-08-05 19:04:00,3289,5618,0,0.707
2023-08-05 19:06:00,50.7,50.7,227,243
2023-08-05 19:08:00,50.9,50.8,227,242
2023-08-05 19:10:00,51.0,51.0,226,241
2023-08-05 19:12:00,50.9,50.9,228,242
2023-08-05 19:14:00,51.1,51.0,228,242
2023-08-05 19:16:00,51.1,51.1,226,241
2023-08-05 19:18:00,51.1,51.1,227,242
2023-08-05 19:20:00,51.1,51.1,228,242
2023-08-05 19:22:00,51.0,51.1,226,241
2023-08-05 19:24:00,51.1,51.0,226,241
2023-08-05 19:26:00,51.1,51.0,227,242
2023-08-05 19:28:00,51.0,51.0,226,241
2023-08-05 19:30:00,51.1,51.0,226,241
2023-08-05 19:32:00,51.0,51.1,227,241
2023-08-05 19:34:00,51.1,51.1,227,241
2023-08-05 19:36:00,51.0,51.1,226,240
2023-08-05 19:38:00,51.0,51.0,227,241
2023-08-05 19:40:00,51.0,51.0,227,241
2023-08-05 19:42:00,51.1,51.0,227,240
2023-08-05 19:44:00,51.1,51.0,226,240
2023-08-05 19:46:00,51.0,51.0,227,240
2023-08-05 19:48:00,50.3,50.4,199,204
2023-08-05 19:50:00,50.3,50.3,196,199
2023-08-05 19:52:00,50.2,50.2,199,199
2023-08-05 19:54:00,50.4,50.3,199,199
2023-08-05 19:56:00,50.3,50.3,199,202
2023-08-05 19:58:00,50.4,50.3,197,199
2023-08-05 20:00:00,50.4,50.4,197,196
2023-08-05 20:02:00,50.4,50.3,197,194
2023-08-05 20:04:00,50.2,50.2,197,194
2023-08-05 20:06:00,50.2,50.2,199,197
2023-08-05 20:08:00,50.5,50.4,198,194
2023-08-05 20:10:00,50.4,50.4,197,195
2023-08-05 20:12:00,50.5,50.5,199,199
2023-08-05 20:14:00,50.3,50.4,199,198
2023-08-05 20:16:00,50.2,50.2,196,195
2023-08-05 20:18:00,50.2,50.2,196,195
2023-08-05 20:20:00,50.4,50.4,198,196
2023-08-05 20:22:00,50.4,50.4,198,197
2023-08-05 20:24:00,50.2,50.3,197,196
2023-08-05 20:26:00,50.1,50.1,194,193
2023-08-05 20:28:00,50.3,50.3,197,195
2023-08-05 20:30:00,50.2,50.2,197,196
2023-08-05 20:32:00,50.3,50.3,197,195
2023-08-05 20:34:00,50.4,50.4,197,195
2023-08-05 20:36:00,50.6,50.6,197,197
2023-08-05 20:38:00,50.2,50.2,195,197
2023-08-05 20:40:00,50.4,50.3,198,199
2023-08-05 20:42:00,50.0,50.1,198,198
2023-08-05 20:44:00,50.6,50.6,196,197
2023-08-05 20:46:00,50.4,50.3,196,196
2023-08-05 20:48:00,50.4,50.4,197,197
2023-08-05 20:50:00,50.2,50.1,196,196
2023-08-05 20:52:00,50.2,50.2,198,199
2023-08-05 20:54:00,50.3,50.3,197,199
2023-08-05 20:56:00,50.4,50.3,197,199
2023-08-05 20:58:00,50.3,50.3,197,201
2023-08-05 21:00:00,50.5,50.4,196,199
2023-08-05 21:02:00,50.3,50.3,199,202
2023-08-05 21:04:00,50.1,50.1,197,199
2023-08-05 21:06:00,50.0,50.1,197,200
2023-08-05 21:08:00,50.3,50.3,198,202
2023-08-05 21:10:00,50.2,50.2,197,202
2023-08-05 21:12:00,50.5,50.5,197,201
2023-08-05 21:14:00,50.5,50.5,199,202
2023-08-05 21:16:00,50.6,50.7,197,202
2023-08-05 21:18:00,50.1,50.1,197,202
2023-08-05 21:20:00,50.5,50.4,198,204
2023-08-05 21:22:00,50.4,50.4,195,202
2023-08-05 21:24:00,50.4,50.4,196,202
2023-08-05 21:26:00,50.5,50.5,198,197
2023-08-05 21:28:00,50.2,50.2,198,202
2023-08-05 21:30:00,50.3,50.4,196,198
2023-08-05 21:32:00,50.2,50.3,197,199
2023-08-05 21:34:00,50.3,50.4,195,199
2023-08-05 21:36:00,50.3,50.2,194,197
2023-08-05 21:38:00,50.6,50.6,197,200
2023-08-05 21:40:00,50.4,50.4,198,202
2023-08-05 21:42:00,50.4,50.3,197,201
2023-08-05 21:44:00,50.3,50.3,197,200
2023-08-05 21:46:00,50.4,50.4,196,197
2023-08-05 21:48:00,50.5,50.5,196,197
2023-08-05 21:50:00,50.7,50.7,197,205
2023-08-05 21:52:00,50.3,50.4,197,199
2023-08-05 21:54:00,50.6,50.5,199,202
2023-08-05 21:56:00,50.6,50.6,196,200
2023-08-05 21:58:00,50.6,50.5,199,204
2023-08-05 22:00:00,50.4,50.4,195,199
2023-08-05 22:02:00,50.6,50.5,197,203
2023-08-05 22:04:00,50.5,50.5,197,203
2023-08-05 22:06:00,50.7,50.7,199,206
2023-08-05 22:08:00,50.5,50.5,199,204
2023-08-05 22:10:00,50.4,50.4,199,202
2023-08-05 22:12:00,50.4,50.5,197,201
2023-08-05 22:14:00,50.6,50.5,197,203
2023-08-05 22:16:00,50.5,50.5,198,204
2023-08-05 22:18:00,50.5,50.5,197,202
2023-08-05 22:20:00,50.5,50.4,198,202
2023-08-05 22:22:00,50.5,50.5,197,202
2023-08-05 22:24:00,50.6,50.7,201,205
2023-08-05 22:26:00,50.7,50.7,201,207
2023-08-05 22:28:00,50.6,50.6,202,207
2023-08-05 22:30:00,50.8,50.7,200,206
2023-08-05 22:32:00,50.5,50.5,199,205
2023-08-05 22:34:00,50.6,50.5,201,207
2023-08-05 22:36:00,50.6,50.6,199,204
2023-08-05 22:38:00,50.7,50.7,202,207
2023-08-05 22:40:00,50.6,50.6,200,205
2023-08-05 22:42:00,50.9,50.8,202,208
2023-08-05 22:44:00,50.9,50.9,200,207
2023-08-05 22:46:00,50.6,50.7,199,208
2023-08-05 22:48:00,50.7,50.7,201,209
2023-08-05 22:50:00,50.9,50.9,202,209
2023-08-05 22:52:00,50.7,50.6,197,207
2023-08-05 22:54:00,50.7,50.8,199,209
2023-08-05 22:56:00,50.6,50.6,199,208
2023-08-05 22:58:00,51.1,51.1,204,212
2023-08-05 23:00:00,50.8,50.8,203,212
2023-08-05 23:02:00,50.8,50.9,203,213
2023-08-05 23:04:00,50.8,50.8,204,214
2023-08-05 23:06:00,50.7,50.7,203,214
2023-08-05 23:08:00,50.7,50.7,204,214
2023-08-05 23:10:00,51.1,51.0,204,215
2023-08-05 23:12:00,50.7,50.7,203,215
2023-08-05 23:14:00,50.9,50.9,203,214
2023-08-05 23:16:00,50.7,50.8,204,215
2023-08-05 23:18:00,50.8,50.7,202,213
2023-08-05 23:20:00,50.9,50.9,204,215
2023-08-05 23:22:00,50.9,50.8,204,214
2023-08-05 23:24:00,50.9,50.8,202,214
2023-08-05 23:26:00,51.0,51.0,204,216
2023-08-05 23:28:00,50.7,50.7,204,215
2023-08-05 23:30:00,50.6,50.5,203,215
2023-08-05 23:32:00,49.7,49.7,201,213
2023-08-05 23:34:00,50.0,50.0,204,215
2023-08-05 23:36:00,50.0,49.9,204,215
2023-08-05 23:38:00,50.2,50.2,204,215
2023-08-05 23:40:00,50.1,50.2,205,216
2023-08-05 23:42:00,49.8,49.8,204,216
2023-08-05 23:44:00,50.1,50.1,205,216
2023-08-05 23:46:00,50.2,50.1,205,216
2023-08-05 23:48:00,50.3,50.3,204,216
2023-08-05 23:50:00,50,50.0,204,216
2023-08-05 23:52:00,50.2,50.2,205,216
2023-08-05 23:54:00,50.0,50.1,205,216
2023-08-05 23:56:00,50.2,50.2,206,217
2023-08-05 23:58:00,49.9,49.9,205,217