"Time","Frequency 3E2F4FD3 (Ch Cbca Bethesda Ndosho - laboratoire)","Frequency C30F2E03 (Ch Cbca Bethesda Ndosho - clinique)","Voltage 3E2F4FD3 (Ch Cbca Bethesda Ndosho - laboratoire)","Voltage C30F2E03 (Ch Cbca Bethesda Ndosho - clinique)"
2024-11-04 00:00:00,50.2,50.2,206,221
2024-11-04 00:02:00,50.1,50.1,205,224
2024-11-04 00:04:00,50.0,49.9,209,221
2024-11-04 00:06:00,50.0,49.9,207,223
2024-11-04 00:08:00,49.8,49.8,206,221
2024-11-04 00:10:00,49.4,49.4,207,222
2024-11-04 00:12:00,49.6,49.5,205,223
2024-11-04 00:14:00,49.5,49.5,207,223
2024-11-04 00:16:00,49.6,49.5,209,222
2024-11-04 00:18:00,49.7,49.7,208,223
2024-11-04 00:20:00,49.5,49.5,205,225
2024-11-04 00:22:00,49.6,49.6,208,223
2024-11-04 00:24:00,49.5,49.5,210,219
2024-11-04 00:26:00,49.6,49.6,210,218
2024-11-04 00:28:00,49.8,49.8,211,216
2024-11-04 00:30:00,49.7,49.7,208,221
2024-11-04 00:32:00,49.7,49.7,207,223
2024-11-04 00:34:00,49.6,49.7,209,223
2024-11-04 00:36:00,49.6,49.6,209,223
2024-11-04 00:38:00,49.7,49.6,208,223
2024-11-04 00:40:00,49.6,49.6,206,221
2024-11-04 00:42:00,49.6,49.6,205,223
2024-11-04 00:44:00,49.5,49.5,206,222
2024-11-04 00:46:00,49.6,49.6,208,221
2024-11-04 00:48:00,49.8,49.8,206,222
2024-11-04 00:50:00,49.9,49.9,207,221
2024-11-04 00:52:00,49.6,49.6,209,221
2024-11-04 00:54:00,50.0,50.0,208,223
2024-11-04 00:56:00,49.6,49.6,207,222
2024-11-04 00:58:00,49.5,49.5,209,222
2024-11-04 01:00:00,49.9,49.9,208,226
2024-11-04 01:02:00,49.8,49.8,206,228
2024-11-04 01:04:00,49.6,49.6,206,225
2024-11-04 01:06:00,49.5,49.6,209,226
2024-11-04 01:08:00,49.7,49.7,206,227
2024-11-04 01:10:00,49.7,49.7,204,227
2024-11-04 01:12:00,49.7,49.8,206,226
2024-11-04 01:14:00,49.9,49.9,205,228
2024-11-04 01:16:00,49.8,49.8,208,228
2024-11-04 01:18:00,49.8,49.8,210,224
2024-11-04 01:20:00,49.7,49.7,207,226
2024-11-04 01:22:00,49.8,49.8,208,226
2024-11-04 01:24:00,50.0,49.9,209,228
2024-11-04 01:26:00,49.7,49.8,206,225
2024-11-04 01:28:00,49.9,49.9,207,227
2024-11-04 01:30:00,49.7,49.7,209,226
2024-11-04 01:32:00,49.7,49.8,207,225
2024-11-04 01:34:00,49.8,49.9,208,226
2024-11-04 01:36:00,49.7,49.7,205,224
2024-11-04 01:38:00,49.8,49.8,205,226
2024-11-04 01:40:00,49.9,49.8,204,227
2024-11-04 01:42:00,49.6,49.6,207,227
2024-11-04 01:44:00,49.5,49.5,207,226
2024-11-04 01:46:00,49.6,49.7,204,227
2024-11-04 01:48:00,50.0,49.8,205,227
2024-11-04 01:50:00,49.8,49.8,209,226
2024-11-04 01:52:00,49.8,49.8,207,226
2024-11-04 01:54:00,49.8,49.8,208,226
2024-11-04 01:56:00,49.6,49.7,209,223
2024-11-04 01:58:00,49.9,49.9,206,226
2024-11-04 02:00:00,49.8,49.8,206,226
2024-11-04 02:02:00,49.9,49.9,206,225
2024-11-04 02:04:00,49.5,49.5,204,226
2024-11-04 02:06:00,49.7,49.7,204,226
2024-11-04 02:08:00,49.8,49.8,208,226
2024-11-04 02:10:00,49.6,49.7,204,227
2024-11-04 02:12:00,49.7,49.7,208,226
2024-11-04 02:14:00,49.5,49.5,209,225
2024-11-04 02:16:00,49.6,49.6,209,228
2024-11-04 02:18:00,49.6,49.7,207,228
2024-11-04 02:20:00,49.6,49.7,211,226
2024-11-04 02:22:00,49.8,49.8,208,227
2024-11-04 02:24:00,49.8,49.8,209,228
2024-11-04 02:26:00,49.9,49.9,211,227
2024-11-04 02:28:00,49.6,49.7,208,228
2024-11-04 02:30:00,50.0,50.0,209,228
2024-11-04 02:32:00,49.5,49.5,210,227
2024-11-04 02:34:00,49.8,49.9,209,228
2024-11-04 02:36:00,49.7,49.6,209,228
2024-11-04 02:38:00,49.8,49.8,210,229
2024-11-04 02:40:00,49.7,49.8,210,230
2024-11-04 02:42:00,49.6,49.5,209,229
2024-11-04 02:44:00,49.8,49.8,210,229
2024-11-04 02:46:00,49.9,49.9,211,228
2024-11-04 02:48:00,49.9,49.8,208,231
2024-11-04 02:50:00,49.8,49.7,211,228
2024-11-04 02:52:00,50.0,50.0,211,230
2024-11-04 02:54:00,49.8,49.8,209,232
2024-11-04 02:56:00,50.0,50.0,211,231
2024-11-04 02:58:00,49.7,49.7,211,229
2024-11-04 03:00:00,49.8,49.8,206,231
2024-11-04 03:02:00,49.8,49.7,209,229
2024-11-04 03:04:00,49.7,49.7,212,231
2024-11-04 03:06:00,50.0,50.0,210,228
2024-11-04 03:08:00,49.7,49.7,212,229
2024-11-04 03:10:00,49.8,49.8,211,229
2024-11-04 03:12:00,49.9,50.0,208,231
2024-11-04 03:14:00,49.7,49.6,208,231
2024-11-04 03:16:00,49.8,49.8,209,228
2024-11-04 03:18:00,49.8,49.8,209,231
2024-11-04 03:20:00,50.0,50.1,209,231
2024-11-04 03:22:00,49.8,49.8,211,229
2024-11-04 03:24:00,50.0,50.0,209,230
2024-11-04 03:26:00,49.6,49.6,208,229
2024-11-04 03:28:00,49.8,49.8,211,229
2024-11-04 03:30:00,49.9,49.8,209,231
2024-11-04 03:32:00,49.7,49.7,209,230
2024-11-04 03:34:00,49.8,49.8,210,229
2024-11-04 03:36:00,49.6,49.6,209,228
2024-11-04 03:38:00,50.0,50.0,207,229
2024-11-04 03:40:00,49.9,49.9,211,229
2024-11-04 03:42:00,50.0,50.0,209,229
2024-11-04 03:44:00,49.9,49.9,209,230
2024-11-04 03:46:00,49.9,49.9,211,227
2024-11-04 03:48:00,49.8,49.8,208,230
2024-11-04 03:50:00,50.0,49.9,209,231
2024-11-04 03:52:00,49.8,49.8,210,231
2024-11-04 03:54:00,49.9,49.9,209,228
2024-11-04 03:56:00,49.8,49.8,208,231
2024-11-04 03:58:00,49.6,49.7,211,231
2024-11-04 04:00:00,49.6,49.6,208,231
2024-11-04 04:02:00,49.7,49.8,209,232
2024-11-04 04:04:00,49.7,49.8,210,232
2024-11-04 04:06:00,49.8,49.9,209,231
2024-11-04 04:08:00,49.8,49.8,210,232
2024-11-04 04:10:00,49.8,49.8,211,231
2024-11-04 04:12:00,49.7,49.6,208,233
2024-11-04 04:14:00,49.9,49.9,208,231
2024-11-04 04:16:00,49.8,49.7,211,232
2024-11-04 04:18:00,49.8,49.8,209,230
2024-11-04 04:20:00,49.9,49.9,209,229
2024-11-04 04:22:00,49.7,49.7,208,231
2024-11-04 04:24:00,49.9,49.9,207,232
2024-11-04 04:26:00,49.8,49.8,211,229
2024-11-04 04:28:00,49.7,49.6,211,231
2024-11-04 04:30:00,49.7,49.8,209,231
2024-11-04 04:32:00,49.7,49.8,211,228
2024-11-04 04:34:00,49.7,49.8,211,231
2024-11-04 04:36:00,49.7,49.7,210,230
2024-11-04 04:38:00,49.8,49.8,211,228
2024-11-04 04:40:00,49.7,49.8,210,230
2024-11-04 04:42:00,49.7,49.7,207,229
2024-11-04 04:44:00,49.8,49.9,211,231
2024-11-04 04:46:00,49.7,49.7,209,228
2024-11-04 04:48:00,49.8,49.7,207,229
2024-11-04 04:50:00,49.5,49.5,208,228
2024-11-04 04:52:00,49.7,49.7,211,227
2024-11-04 04:54:00,49.8,49.8,209,228
2024-11-04 04:56:00,49.6,49.6,209,228
2024-11-04 04:58:00,50.0,50.0,210,228
2024-11-04 05:00:00,49.6,49.7,209,226
2024-11-04 05:02:00,49.7,49.7,210,224
2024-11-04 05:04:00,49.9,49.9,209,226
2024-11-04 05:06:00,50.1,50.1,208,224
2024-11-04 05:08:00,50.0,50.0,208,223
2024-11-04 05:10:00,50.0,50.1,209,226
2024-11-04 05:12:00,49.9,49.9,207,226
2024-11-04 05:14:00,50.2,50.2,206,228
2024-11-04 05:16:00,49.9,50.0,207,225
2024-11-04 05:18:00,50.1,50.0,204,228
2024-11-04 05:20:00,50.0,49.9,207,226
2024-11-04 05:22:00,49.9,49.9,207,227
2024-11-04 05:24:00,49.9,49.9,208,225
2024-11-04 05:26:00,49.8,49.9,205,226
2024-11-04 05:28:00,50.0,50.0,209,225
2024-11-04 05:30:00,49.9,49.9,207,223
2024-11-04 05:32:00,49.8,49.8,204,227
2024-11-04 05:34:00,49.9,50.0,207,221
2024-11-04 05:36:00,49.7,49.7,205,215
2024-11-04 05:38:00,49.7,49.8,206,217
2024-11-04 05:40:00,49.7,49.7,210,214
2024-11-04 05:42:00,49.7,49.7,209,205
2024-11-04 05:44:00,49.6,49.6,206,210
2024-11-04 05:46:00,49.8,49.8,211,204
2024-11-04 05:48:00,49.5,49.5,208,207
2024-11-04 05:50:00,49.6,49.6,206,209
2024-11-04 05:52:00,49.7,49.6,206,216
2024-11-04 05:54:00,49.3,49.3,203,216
2024-11-04 05:56:00,49.4,49.4,205,214
2024-11-04 05:58:00,49.3,49.3,208,214
2024-11-04 06:00:00,49.4,49.4,204,216
2024-11-04 06:02:00,49.4,49.3,208,212
2024-11-04 06:04:00,49.5,49.5,211,210
2024-11-04 06:06:00,49.5,49.5,207,211
2024-11-04 06:08:00,49.4,49.4,209,208
2024-11-04 06:10:00,49.4,49.3,211,209
2024-11-04 06:12:00,49.6,49.6,208,213
2024-11-04 06:14:00,49.4,49.4,205,219
2024-11-04 06:16:00,49.4,49.4,207,223
2024-11-04 06:18:00,49.3,49.3,208,216
2024-11-04 06:20:00,49.7,49.7,207,220
2024-11-04 06:22:00,49.5,49.4,209,216
2024-11-04 06:24:00,49.6,49.6,211,214
2024-11-04 06:26:00,49.6,49.6,207,216
2024-11-04 06:28:00,49.3,49.3,211,199
2024-11-04 06:30:00,49.5,49.4,211,205
2024-11-04 06:32:00,49.5,49.5,209,202
2024-11-04 06:34:00,49.8,49.8,210,203
2024-11-04 06:36:00,49.8,49.8,208,206
2024-11-04 06:38:00,49.7,49.6,207,216
2024-11-04 06:40:00,49.8,49.8,211,214
2024-11-04 06:42:00,49.5,49.5,209,203
2024-11-04 06:44:00,49.8,49.9,207,202
2024-11-04 06:46:00,49.6,49.6,209,203
2024-11-04 06:48:00,49.6,49.6,210,211
2024-11-04 06:50:00,49.6,49.6,210,214
2024-11-04 06:52:00,49.6,49.5,204,214
2024-11-04 06:54:00,49.7,49.7,207,212
2024-11-04 06:56:00,49.6,49.7,209,209
2024-11-04 06:58:00,49.6,49.6,207,213
2024-11-04 07:00:00,49.6,49.6,207,213
2024-11-04 07:02:00,49.7,49.7,207,215
2024-11-04 07:04:00,49.9,49.9,207,211
2024-11-04 07:06:00,49.6,49.6,206,215
2024-11-04 07:08:00,49.5,49.5,209,209
2024-11-04 07:10:00,49.9,49.9,206,211
2024-11-04 07:12:00,49.9,49.9,209,212
2024-11-04 07:14:00,49.7,49.7,207,209
2024-11-04 07:16:00,49.7,49.7,206,216
2024-11-04 07:18:00,49.9,49.9,209,210
2024-11-04 07:20:00,49.8,49.8,208,206
2024-11-04 07:22:00,4926,2809,0,0
2024-11-04 07:24:00,4926,6579,0.707,0.707
2024-11-04 07:26:00,3937,5618,0,0
2024-11-04 07:28:00,6536,4367,0,0
2024-11-04 07:30:00,6579,4926,0,0
2024-11-04 07:32:00,3937,5618,0,0.707
2024-11-04 07:34:00,4367,3021,0,0
2024-11-04 07:36:00,3571,5556,0,0
2024-11-04 07:38:00,6536,3279,0,0
2024-11-04 07:40:00,3584,5587,0.707,0
2024-11-04 07:42:00,5618,4926,0,0
2024-11-04 07:44:00,4902,3906,0,0
2024-11-04 07:46:00,9804,4926,0,0
2024-11-04 07:48:00,4902,9709,0,0.707
2024-11-04 07:50:00,4367,2075,0,0
2024-11-04 07:52:00,50.4,50.5,221,240
2024-11-04 07:54:00,50.4,50.5,219,243
2024-11-04 07:56:00,50.5,50.5,219,242
2024-11-04 07:58:00,50.4,50.5,217,243
2024-11-04 08:00:00,50.5,50.4,216,243
2024-11-04 08:02:00,50.4,50.4,215,242
2024-11-04 08:04:00,50.4,50.4,216,241
2024-11-04 08:06:00,50.4,50.4,218,241
2024-11-04 08:08:00,50.4,50.5,216,244
2024-11-04 08:10:00,50.5,50.4,216,241
2024-11-04 08:12:00,50.5,50.6,216,241
2024-11-04 08:14:00,50.5,50.5,213,244
2024-11-04 08:16:00,50.5,50.5,213,246
2024-11-04 08:18:00,50.2,50.3,215,243
2024-11-04 08:20:00,50.2,50.4,214,241
2024-11-04 08:22:00,50.2,50.1,213,243
2024-11-04 08:24:00,50.0,50.2,214,244
2024-11-04 08:26:00,50.2,50.0,214,245
2024-11-04 08:28:00,52.2,52.1,219,236
2024-11-04 08:30:00,52.6,52.6,221,240
2024-11-04 08:32:00,52.0,52.0,219,240
2024-11-04 08:34:00,52.1,52.2,217,236
2024-11-04 08:36:00,51.9,51.9,216,235
2024-11-04 08:38:00,52.3,52.4,215,235
2024-11-04 08:40:00,51.6,51.7,215,235
2024-11-04 08:42:00,51.5,51.5,211,239
2024-11-04 08:44:00,52.2,52.3,216,242
2024-11-04 08:46:00,52.5,52.6,218,241
2024-11-04 08:48:00,54.1,54.0,217,233
2024-11-04 08:50:00,53.8,53.9,219,233
2024-11-04 08:52:00,54.6,54.3,217,235
2024-11-04 08:54:00,55.5,55.4,219,233
2024-11-04 08:56:00,53.6,53.8,215,230
2024-11-04 08:58:00,51.5,51.6,216,226
2024-11-04 09:00:00,52.3,52.4,219,231
2024-11-04 09:02:00,53.7,53.6,216,234
2024-11-04 09:04:00,53.5,53.6,219,236
2024-11-04 09:06:00,52.2,52.3,215,236
2024-11-04 09:08:00,53.8,53.7,220,233
2024-11-04 09:10:00,52.0,52.2,216,232
2024-11-04 09:12:00,52.3,52.4,220,229
2024-11-04 09:14:00,52.0,51.9,217,229
2024-11-04 09:16:00,52.1,52.1,220,233
2024-11-04 09:18:00,52.3,52.2,221,232
2024-11-04 09:20:00,51.7,51.7,217,233
2024-11-04 09:22:00,51.2,51.2,215,233
2024-11-04 09:24:00,50.8,50.8,216,233
2024-11-04 09:26:00,50.8,50.9,217,233
2024-11-04 09:28:00,50.8,50.8,216,229
2024-11-04 09:30:00,50.7,50.7,217,232
2024-11-04 09:32:00,50.7,50.7,215,233
2024-11-04 09:34:00,50.5,50.5,215,233
2024-11-04 09:36:00,50.6,50.6,215,233
2024-11-04 09:38:00,50.3,50.5,214,233
2024-11-04 09:40:00,50.4,50.4,216,231
2024-11-04 09:42:00,50.4,50.4,217,231
2024-11-04 09:44:00,50.6,50.6,214,235
2024-11-04 09:46:00,50.7,50.7,214,236
2024-11-04 09:48:00,51.0,50.9,214,233
2024-11-04 09:50:00,50.8,50.9,214,233
2024-11-04 09:52:00,50.7,50.7,214,234
2024-11-04 09:54:00,50.7,50.6,214,233
2024-11-04 09:56:00,50.5,50.5,211,235
2024-11-04 09:58:00,50.5,50.5,213,236
2024-11-04 10:00:00,50.4,50.5,214,235
2024-11-04 10:02:00,50.6,50.6,215,235
2024-11-04 10:04:00,50.5,50.4,214,236
2024-11-04 10:06:00,50.8,50.8,217,231
2024-11-04 10:08:00,50.7,50.7,221,228
2024-11-04 10:10:00,50.8,50.7,216,231
2024-11-04 10:12:00,50.9,50.9,216,228
2024-11-04 10:14:00,50.7,50.7,219,232
2024-11-04 10:16:00,51.4,51.6,217,232
2024-11-04 10:18:00,51.4,51.4,216,233
2024-11-04 10:20:00,51.0,51.1,214,234
2024-11-04 10:22:00,51.0,51.1,214,228
2024-11-04 10:24:00,51.1,51.1,218,228
2024-11-04 10:26:00,51.2,51.1,216,226
2024-11-04 10:28:00,51.4,51.4,216,229
2024-11-04 10:30:00,51.3,51.5,220,233
2024-11-04 10:32:00,51.3,51.4,216,233
2024-11-04 10:34:00,51.3,51.2,215,233
2024-11-04 10:36:00,51.3,51.3,216,235
2024-11-04 10:38:00,51.3,51.3,219,236
2024-11-04 10:40:00,51.3,51.3,216,238
2024-11-04 10:42:00,51.3,51.3,215,235
2024-11-04 10:44:00,51.6,51.6,216,234
2024-11-04 10:46:00,51.7,51.6,216,228
2024-11-04 10:48:00,51.3,51.3,220,227
2024-11-04 10:50:00,51.2,51.1,214,228
2024-11-04 10:52:00,51.1,51.2,213,232
2024-11-04 10:54:00,51.1,51.2,213,229
2024-11-04 10:56:00,50.7,50.7,216,228
2024-11-04 10:58:00,50.7,50.8,214,227
2024-11-04 11:00:00,50.6,50.6,217,228
2024-11-04 11:02:00,50.9,50.9,216,226
2024-11-04 11:04:00,50.6,50.7,214,224
2024-11-04 11:06:00,50.8,50.9,216,226
2024-11-04 11:08:00,50.7,50.7,217,230
2024-11-04 11:10:00,50.8,50.7,215,230
2024-11-04 11:12:00,50.4,50.5,213,234
2024-11-04 11:14:00,50.4,50.4,213,233
2024-11-04 11:16:00,50.6,50.7,214,228
2024-11-04 11:18:00,50.4,50.5,211,232
2024-11-04 11:20:00,50.6,50.7,214,228
2024-11-04 11:22:00,50.7,50.7,218,234
2024-11-04 11:24:00,50.7,50.6,214,233
2024-11-04 11:26:00,50.5,50.5,214,231
2024-11-04 11:28:00,50.4,50.6,216,228
2024-11-04 11:30:00,50.6,50.6,215,230
2024-11-04 11:32:00,50.6,50.7,213,235
2024-11-04 11:34:00,50.5,50.5,214,231
2024-11-04 11:36:00,50.5,50.5,213,230
2024-11-04 11:38:00,50.7,50.7,214,230
2024-11-04 11:40:00,50.4,50.4,212,228
2024-11-04 11:42:00,50.5,50.5,215,232
2024-11-04 11:44:00,50.6,50.6,211,236
2024-11-04 11:46:00,50.7,50.6,212,236
2024-11-04 11:48:00,50.5,50.6,214,234
2024-11-04 11:50:00,50.3,50.4,212,233
2024-11-04 11:52:00,50.5,50.5,211,233
2024-11-04 11:54:00,50.3,50.5,214,233
2024-11-04 11:56:00,50.2,50.3,211,232
2024-11-04 11:58:00,50.6,50.5,211,236
2024-11-04 12:00:00,50.5,50.4,211,233
2024-11-04 12:02:00,50.5,50.4,214,232
2024-11-04 12:04:00,50.3,50.3,211,233
2024-11-04 12:06:00,50.6,50.4,212,231
2024-11-04 12:08:00,50.5,50.5,214,228
2024-11-04 12:10:00,50.4,50.4,212,228
2024-11-04 12:12:00,50.3,50.2,212,227
2024-11-04 12:14:00,50.2,50.3,211,229
2024-11-04 12:16:00,50.4,50.3,216,232
2024-11-04 12:18:00,50.6,50.5,214,231
2024-11-04 12:20:00,50.5,50.5,213,232
2024-11-04 12:22:00,50.6,50.6,216,233
2024-11-04 12:24:00,50.8,50.9,211,230
2024-11-04 12:26:00,50.9,50.9,212,228
2024-11-04 12:28:00,51.1,51.1,215,228
2024-11-04 12:30:00,51.1,51.0,211,231
2024-11-04 12:32:00,51.1,51.0,211,229
2024-11-04 12:34:00,50.9,51.0,215,230
2024-11-04 12:36:00,51.0,51.1,213,226
2024-11-04 12:38:00,51.1,51.1,214,228
2024-11-04 12:40:00,51.2,51.1,218,231
2024-11-04 12:42:00,51.2,51.1,212,231
2024-11-04 12:44:00,51.1,51.3,212,231
2024-11-04 12:46:00,51.2,51.2,214,233
2024-11-04 12:48:00,51.2,51.1,211,233
2024-11-04 12:50:00,50.8,50.9,214,232
2024-11-04 12:52:00,51.0,51.1,215,231
2024-11-04 12:54:00,51.1,51.0,215,232
2024-11-04 12:56:00,51.0,51.1,211,231
2024-11-04 12:58:00,50.9,50.9,211,227
2024-11-04 13:00:00,51.2,51.3,213,226
2024-11-04 13:02:00,51.4,51.4,211,227
2024-11-04 13:04:00,51.0,51.1,214,229
2024-11-04 13:06:00,51.1,51.1,215,228
2024-11-04 13:08:00,51.3,51.2,213,228
2024-11-04 13:10:00,51.4,51.4,212,228
2024-11-04 13:12:00,51.1,51.2,216,225
2024-11-04 13:14:00,51.2,51.3,214,231
2024-11-04 13:16:00,51.1,51.2,212,229
2024-11-04 13:18:00,50.8,50.8,215,228
2024-11-04 13:20:00,50.9,50.8,212,231
2024-11-04 13:22:00,50.7,50.6,211,231
2024-11-04 13:24:00,50.4,50.5,214,229
2024-11-04 13:26:00,50.4,50.5,211,231
2024-11-04 13:28:00,50.5,50.5,211,232
2024-11-04 13:30:00,50.4,50.3,218,231
2024-11-04 13:32:00,50.5,50.5,213,231
2024-11-04 13:34:00,50.5,50.4,211,230
2024-11-04 13:36:00,50.5,50.5,209,226
2024-11-04 13:38:00,50.7,50.7,212,228
2024-11-04 13:40:00,50.6,50.6,211,232
2024-11-04 13:42:00,50.3,50.4,210,233
2024-11-04 13:44:00,50.6,50.6,214,233
2024-11-04 13:46:00,50.5,50.6,214,232
2024-11-04 13:48:00,50.8,50.7,215,231
2024-11-04 13:50:00,50.6,50.6,220,230
2024-11-04 13:52:00,50.5,50.5,209,231
2024-11-04 13:54:00,50.5,50.4,215,231
2024-11-04 13:56:00,50.3,50.4,214,229
2024-11-04 13:58:00,50.2,50.1,214,233
2024-11-04 14:00:00,50.2,50.3,214,233
2024-11-04 14:02:00,50.2,50.2,216,232
2024-11-04 14:04:00,50.3,50.3,213,238
2024-11-04 14:06:00,50.3,50.3,211,237
2024-11-04 14:08:00,50.2,50.1,214,231
2024-11-04 14:10:00,50.3,50.2,214,232
2024-11-04 14:12:00,50.3,50.3,214,231
2024-11-04 14:14:00,50.1,50.1,211,236
2024-11-04 14:16:00,50.4,50.4,214,236
2024-11-04 14:18:00,50.2,50.3,213,237
2024-11-04 14:20:00,50.2,50.2,211,236
2024-11-04 14:22:00,50.3,50.3,214,233
2024-11-04 14:24:00,50.1,50.3,212,234
2024-11-04 14:26:00,50.2,50.1,212,235
2024-11-04 14:28:00,50.4,50.4,214,236
2024-11-04 14:30:00,50.3,50.2,215,236
2024-11-04 14:32:00,50.3,50.2,212,238
2024-11-04 14:34:00,50.3,50.3,215,236
2024-11-04 14:36:00,50.3,50.4,213,236
2024-11-04 14:38:00,50.4,50.3,211,238
2024-11-04 14:40:00,50.4,50.2,211,236
2024-11-04 14:42:00,50.8,50.7,212,236
2024-11-04 14:44:00,50.9,50.8,212,233
2024-11-04 14:46:00,50.7,50.7,212,233
2024-11-04 14:48:00,50.8,50.7,211,231
2024-11-04 14:50:00,50.7,50.7,209,231
2024-11-04 14:52:00,50.9,50.8,211,233
2024-11-04 14:54:00,51.0,50.8,214,233
2024-11-04 14:56:00,51.0,50.9,215,233
2024-11-04 14:58:00,50.9,50.7,214,233
2024-11-04 15:00:00,51.1,50.9,214,232
2024-11-04 15:02:00,51.1,51.1,214,232
2024-11-04 15:04:00,51.2,51.1,217,231
2024-11-04 15:06:00,51.2,51.1,210,229
2024-11-04 15:08:00,50.9,50.9,210,231
2024-11-04 15:10:00,51.0,51.0,214,233
2024-11-04 15:12:00,51.3,51.2,211,232
2024-11-04 15:14:00,51.0,50.9,211,231
2024-11-04 15:16:00,50.9,50.9,211,229
2024-11-04 15:18:00,50.6,50.6,208,230
2024-11-04 15:20:00,50.4,50.5,211,228
2024-11-04 15:22:00,50.5,50.5,217,223
2024-11-04 15:24:00,50.6,50.7,212,229
2024-11-04 15:26:00,50.6,50.7,210,233
2024-11-04 15:28:00,50.6,50.6,212,233
2024-11-04 15:30:00,50.3,50.3,210,233
2024-11-04 15:32:00,50.1,50.1,209,231
2024-11-04 15:34:00,50.4,50.5,211,233
2024-11-04 15:36:00,50.6,50.7,212,233
2024-11-04 15:38:00,50.7,50.6,210,232
2024-11-04 15:40:00,50.2,50.2,210,231
2024-11-04 15:42:00,50.5,50.4,213,231
2024-11-04 15:44:00,50.5,50.4,212,232
2024-11-04 15:46:00,50.3,50.3,211,236
2024-11-04 15:48:00,50.4,50.4,214,236
2024-11-04 15:50:00,50.5,50.5,213,232
2024-11-04 15:52:00,50.9,50.9,215,229
2024-11-04 15:54:00,51.4,51.4,217,230
2024-11-04 15:56:00,51.2,51.1,215,230
2024-11-04 15:58:00,50.7,50.8,216,228
2024-11-04 16:00:00,50.6,50.6,213,231
2024-11-04 16:02:00,50.3,50.4,212,231
2024-11-04 16:04:00,50.5,50.5,211,233
2024-11-04 16:06:00,50.7,50.7,216,229
2024-11-04 16:08:00,50.4,50.4,216,230
2024-11-04 16:10:00,50.6,50.7,213,229
2024-11-04 16:12:00,51.1,51.2,218,230
2024-11-04 16:14:00,50.1,50.2,214,228
2024-11-04 16:16:00,50,50.1,212,229
2024-11-04 16:18:00,49.9,50.0,213,228
2024-11-04 16:20:00,50.2,50.2,216,230
2024-11-04 16:22:00,50.3,50.3,214,233
2024-11-04 16:24:00,50.2,50.2,214,231
2024-11-04 16:26:00,51.0,50.8,216,231
2024-11-04 16:28:00,50.8,50.7,216,232
2024-11-04 16:30:00,50.6,50.5,215,235
2024-11-04 16:32:00,50.0,50.0,213,236
2024-11-04 16:34:00,50.0,50.1,213,232
2024-11-04 16:36:00,50.1,49.9,211,231
2024-11-04 16:38:00,50.3,50.4,222,232
2024-11-04 16:40:00,50.2,50.1,219,233
2024-11-04 16:42:00,50.3,50.3,217,233
2024-11-04 16:44:00,50.5,50.5,219,229
2024-11-04 16:46:00,50.7,50.9,218,231
2024-11-04 16:48:00,50.7,50.7,218,229
2024-11-04 16:50:00,50.1,50.0,219,230
2024-11-04 16:52:00,50.5,50.7,221,230
2024-11-04 16:54:00,50.4,50.4,218,233
2024-11-04 16:56:00,51.1,51.1,219,233
2024-11-04 16:58:00,50.8,50.8,223,228
2024-11-04 17:00:00,50.4,50.4,220,229
2024-11-04 17:02:00,50.3,50.4,219,232
2024-11-04 17:04:00,50.5,50.7,221,233
2024-11-04 17:06:00,50.7,50.7,219,231
2024-11-04 17:08:00,51.1,50.8,219,231
2024-11-04 17:10:00,51.2,51.1,224,228
2024-11-04 17:12:00,51.5,51.5,221,234
2024-11-04 17:14:00,50.8,50.8,220,233
2024-11-04 17:16:00,50.8,50.8,219,233
2024-11-04 17:18:00,51.1,51.0,220,236
2024-11-04 17:20:00,51.1,51.2,218,232
2024-11-04 17:22:00,49.7,49.5,216,229
2024-11-04 17:24:00,50.2,50.2,223,237
2024-11-04 17:26:00,50.1,50.2,223,238
2024-11-04 17:28:00,50.2,50.2,220,238
2024-11-04 17:30:00,50.1,50.1,219,239
2024-11-04 17:32:00,49.8,49.8,218,240
2024-11-04 17:34:00,49.9,50.0,216,240
2024-11-04 17:36:00,50.1,50,219,237
2024-11-04 17:38:00,50.0,49.9,219,238
2024-11-04 17:40:00,50.0,50.0,218,240
2024-11-04 17:42:00,50.0,49.8,219,238
2024-11-04 17:44:00,50.2,50.2,222,238
2024-11-04 17:46:00,50.2,50.1,221,237
2024-11-04 17:48:00,50.3,50.3,221,240
2024-11-04 17:50:00,50.3,50.2,221,239
2024-11-04 17:52:00,50.1,50.2,222,238
2024-11-04 17:54:00,50.1,50.0,221,238
2024-11-04 17:56:00,50.0,50.0,220,241
2024-11-04 17:58:00,50.4,50.3,223,240
2024-11-04 18:00:00,50.0,50.0,221,240
2024-11-04 18:02:00,50.1,50.2,223,240
2024-11-04 18:04:00,50.0,50.1,223,240
2024-11-04 18:06:00,50.0,50.0,221,241
2024-11-04 18:08:00,50.0,50.0,221,243
2024-11-04 18:10:00,50.1,50.1,223,240
2024-11-04 18:12:00,50.2,50.2,224,239
2024-11-04 18:14:00,50.3,50.2,223,240
2024-11-04 18:16:00,50.2,50.1,223,241
2024-11-04 18:18:00,49.8,49.9,223,240
2024-11-04 18:20:00,49.8,49.9,223,238
2024-11-04 18:22:00,50.0,49.9,224,238
2024-11-04 18:24:00,50.1,50.1,227,236
2024-11-04 18:26:00,50.2,50.1,223,238
2024-11-04 18:28:00,50.1,50.1,223,239
2024-11-04 18:30:00,50.2,50.3,225,239
2024-11-04 18:32:00,49.5,49.5,200,199
2024-11-04 18:34:00,49.5,49.5,199,193
2024-11-04 18:36:00,49.6,49.6,202,191
2024-11-04 18:38:00,49.1,49.1,197,190
2024-11-04 18:40:00,49.3,49.4,199,190
2024-11-04 18:42:00,48.9,49.0,200,182
2024-11-04 18:44:00,49.2,49.2,195,186
2024-11-04 18:46:00,49.1,49.1,196,192
2024-11-04 18:48:00,49.5,49.5,201,190
2024-11-04 18:50:00,49.2,49.2,196,192
2024-11-04 18:52:00,49.6,49.6,194,195
2024-11-04 18:54:00,49.7,49.7,195,195
2024-11-04 18:56:00,49.3,49.3,199,188
2024-11-04 18:58:00,49.4,49.5,195,190
2024-11-04 19:00:00,49.2,49.2,197,187
2024-11-04 19:02:00,49.2,49.1,200,187
2024-11-04 19:04:00,49.4,49.4,194,192
2024-11-04 19:06:00,49.2,49.2,194,189
2024-11-04 19:08:00,49.2,49.2,197,191
2024-11-04 19:10:00,49.5,49.5,197,194
2024-11-04 19:12:00,49.3,49.3,198,192
2024-11-04 19:14:00,49.3,49.2,197,186
2024-11-04 19:16:00,49.4,49.3,199,190
2024-11-04 19:18:00,49.5,49.5,194,197
2024-11-04 19:20:00,49.4,49.3,199,195
2024-11-04 19:22:00,49.5,49.5,200,194
2024-11-04 19:24:00,49.4,49.3,199,194
2024-11-04 19:26:00,49.5,49.4,199,196
2024-11-04 19:28:00,49.1,49.1,199,193
2024-11-04 19:30:00,49.1,49.0,199,192
2024-11-04 19:32:00,49.4,49.5,199,197
2024-11-04 19:34:00,49.5,49.4,194,197
2024-11-04 19:36:00,49.3,49.3,196,195
2024-11-04 19:38:00,49.3,49.3,196,193
2024-11-04 19:40:00,49.4,49.4,197,191
2024-11-04 19:42:00,49.4,49.4,199,188
2024-11-04 19:44:00,49.5,49.5,199,185
2024-11-04 19:46:00,49.4,49.4,197,189
2024-11-04 19:48:00,49.3,49.4,197,190
2024-11-04 19:50:00,49.5,49.6,202,186
2024-11-04 19:52:00,49.3,49.3,197,187
2024-11-04 19:54:00,49.5,49.4,199,190
2024-11-04 19:56:00,49.4,49.4,200,189
2024-11-04 19:58:00,49.6,49.6,198,194
2024-11-04 20:00:00,49.6,49.6,199,197
2024-11-04 20:02:00,49.5,49.6,198,192
2024-11-04 20:04:00,49.6,49.6,199,198
2024-11-04 20:06:00,49.7,49.8,198,200
2024-11-04 20:08:00,49.5,49.4,197,197
2024-11-04 20:10:00,49.4,49.4,199,196
2024-11-04 20:12:00,49.3,49.4,198,194
2024-11-04 20:14:00,49.5,49.6,198,194
2024-11-04 20:16:00,49.5,49.4,200,189
2024-11-04 20:18:00,49.7,49.7,199,190
2024-11-04 20:20:00,49.4,49.5,198,194
2024-11-04 20:22:00,49.6,49.6,197,192
2024-11-04 20:24:00,49.6,49.5,197,195
2024-11-04 20:26:00,49.7,49.7,198,192
2024-11-04 20:28:00,49.3,49.3,199,192
2024-11-04 20:30:00,49.6,49.7,202,195
2024-11-04 20:32:00,49.8,49.8,202,195
2024-11-04 20:34:00,49.7,49.7,200,194
2024-11-04 20:36:00,49.8,49.8,201,191
2024-11-04 20:38:00,49.4,49.4,202,190
2024-11-04 20:40:00,49.5,49.6,199,190
2024-11-04 20:42:00,49.4,49.4,199,191
2024-11-04 20:44:00,49.3,49.3,205,185
2024-11-04 20:46:00,49.4,49.4,197,189
2024-11-04 20:48:00,49.8,49.8,197,192
2024-11-04 20:50:00,49.9,49.9,202,193
2024-11-04 20:52:00,49.6,49.6,199,198
2024-11-04 20:54:00,49.9,49.9,199,197
2024-11-04 20:56:00,49.8,49.8,199,199
2024-11-04 20:58:00,49.6,49.6,199,197
2024-11-04 21:00:00,50.0,50.0,199,199
2024-11-04 21:02:00,49.8,49.7,199,197
2024-11-04 21:04:00,49.6,49.5,197,197
2024-11-04 21:06:00,49.7,49.6,197,198
2024-11-04 21:08:00,49.9,49.8,202,199
2024-11-04 21:10:00,49.9,49.9,202,201
2024-11-04 21:12:00,49.8,49.9,202,197
2024-11-04 21:14:00,49.8,49.7,201,199
2024-11-04 21:16:00,49.9,49.9,199,197
2024-11-04 21:18:00,50.1,50.1,202,200
2024-11-04 21:20:00,50.0,50.1,199,200
2024-11-04 21:22:00,50.0,49.9,199,203
2024-11-04 21:24:00,50.0,50.0,202,201
2024-11-04 21:26:00,49.7,49.7,199,204
2024-11-04 21:28:00,49.9,49.9,201,201
2024-11-04 21:30:00,50.1,50.1,202,202
2024-11-04 21:32:00,49.8,49.7,204,198
2024-11-04 21:34:00,49.9,49.9,202,198
2024-11-04 21:36:00,49.9,49.9,202,199
2024-11-04 21:38:00,50.1,50.1,201,199
2024-11-04 21:40:00,50.2,50.2,202,202
2024-11-04 21:42:00,49.8,49.7,198,207
2024-11-04 21:44:00,49.6,49.6,202,201
2024-11-04 21:46:00,49.3,49.3,202,201
2024-11-04 21:48:00,49.8,49.8,204,203
2024-11-04 21:50:00,49.6,49.7,200,205
2024-11-04 21:52:00,49.6,49.6,204,201
2024-11-04 21:54:00,49.8,49.8,204,204
2024-11-04 21:56:00,49.8,49.7,205,205
2024-11-04 21:58:00,49.8,49.8,203,208
2024-11-04 22:00:00,49.7,49.7,199,209
2024-11-04 22:02:00,49.8,49.8,204,208
2024-11-04 22:04:00,50.0,50.0,203,210
2024-11-04 22:06:00,49.7,49.7,200,211
2024-11-04 22:08:00,49.6,49.6,204,212
2024-11-04 22:10:00,49.6,49.6,204,210
2024-11-04 22:12:00,49.7,49.6,206,209
2024-11-04 22:14:00,49.7,49.7,202,208
2024-11-04 22:16:00,49.5,49.5,201,209
2024-11-04 22:18:00,49.8,49.7,204,208
2024-11-04 22:20:00,49.7,49.7,202,208
2024-11-04 22:22:00,49.6,49.6,204,211
2024-11-04 22:24:00,49.9,49.9,206,210
2024-11-04 22:26:00,49.7,49.7,205,208
2024-11-04 22:28:00,49.6,49.6,205,209
2024-11-04 22:30:00,49.6,49.6,202,214
2024-11-04 22:32:00,49.6,49.7,204,214
2024-11-04 22:34:00,49.5,49.5,203,216
2024-11-04 22:36:00,49.6,49.6,202,214
2024-11-04 22:38:00,49.7,49.7,206,213
2024-11-04 22:40:00,49.8,49.8,201,216
2024-11-04 22:42:00,49.7,49.6,204,216
2024-11-04 22:44:00,49.8,49.7,206,216
2024-11-04 22:46:00,49.7,49.7,201,217
2024-11-04 22:48:00,49.9,50.0,201,217
2024-11-04 22:50:00,50.0,50.0,204,218
2024-11-04 22:52:00,49.9,50.0,207,218
2024-11-04 22:54:00,49.8,49.8,207,217
2024-11-04 22:56:00,49.7,49.7,209,216
2024-11-04 22:58:00,49.7,49.7,206,217
2024-11-04 23:00:00,49.7,49.7,204,216
2024-11-04 23:02:00,49.9,49.9,205,219
2024-11-04 23:04:00,49.8,49.8,205,216
2024-11-04 23:06:00,49.7,49.7,202,219
2024-11-04 23:08:00,49.9,49.9,204,219
2024-11-04 23:10:00,49.8,49.8,206,221
2024-11-04 23:12:00,50.0,50.0,205,221
2024-11-04 23:14:00,49.8,49.9,204,221
2024-11-04 23:16:00,49.7,49.7,207,219
2024-11-04 23:18:00,49.6,49.7,206,219
2024-11-04 23:20:00,49.9,49.8,206,220
2024-11-04 23:22:00,49.5,49.5,207,219
2024-11-04 23:24:00,49.9,49.8,204,219
2024-11-04 23:26:00,49.7,49.7,204,221
2024-11-04 23:28:00,49.9,49.9,207,219
2024-11-04 23:30:00,50.0,50.0,207,219
2024-11-04 23:32:00,50.0,50.0,206,221
2024-11-04 23:34:00,50.0,50.0,207,220
2024-11-04 23:36:00,49.8,49.8,204,221
2024-11-04 23:38:00,50.2,50.1,203,223
2024-11-04 23:40:00,49.9,49.8,206,224
2024-11-04 23:42:00,49.9,50.0,209,224
2024-11-04 23:44:00,49.9,49.9,206,224
2024-11-04 23:46:00,50.0,50.0,207,223
2024-11-04 23:48:00,49.9,49.8,209,223
2024-11-04 23:50:00,50.2,50.2,206,223
2024-11-04 23:52:00,50.0,50.0,205,223
2024-11-04 23:54:00,50.1,50.0,205,225
2024-11-04 23:56:00,49.9,49.9,205,223
2024-11-04 23:58:00,49.9,49.9,204,224
2024-11-05 00:00:00,50.0,50.1,210,224
2024-11-05 00:02:00,49.8,49.7,204,223
2024-11-05 00:04:00,49.6,49.7,206,222
2024-11-05 00:06:00,49.8,49.8,209,221
2024-11-05 00:08:00,49.9,49.9,209,222
2024-11-05 00:10:00,50.2,50.3,207,222
2024-11-05 00:12:00,50.3,50.2,207,222
2024-11-05 00:14:00,49.5,49.5,207,221
2024-11-05 00:16:00,49.6,49.5,209,221
2024-11-05 00:18:00,49.4,49.5,207,222
2024-11-05 00:20:00,49.6,49.7,208,223
2024-11-05 00:22:00,49.4,49.4,207,222
2024-11-05 00:24:00,49.3,49.3,206,223
2024-11-05 00:26:00,49.4,49.4,209,222
2024-11-05 00:28:00,49.4,49.5,208,223
2024-11-05 00:30:00,49.3,49.2,207,221
2024-11-05 00:32:00,49.4,49.4,209,222
2024-11-05 00:34:00,49.5,49.4,208,223
2024-11-05 00:36:00,49.4,49.4,208,223
2024-11-05 00:38:00,49.8,49.8,211,224
2024-11-05 00:40:00,49.8,49.8,211,223
2024-11-05 00:42:00,49.7,49.6,208,225
2024-11-05 00:44:00,49.5,49.5,210,225
2024-11-05 00:46:00,49.2,49.2,209,224
2024-11-05 00:48:00,49.3,49.3,205,226
2024-11-05 00:50:00,49.8,49.7,204,226
2024-11-05 00:52:00,49.1,49.2,209,225
2024-11-05 00:54:00,49.4,49.4,209,225
2024-11-05 00:56:00,49.6,49.6,210,226
2024-11-05 00:58:00,50.0,50.0,211,226
2024-11-05 01:00:00,49.2,49.2,206,225
2024-11-05 01:02:00,49.7,49.8,209,226
2024-11-05 01:04:00,49.6,49.6,211,225
2024-11-05 01:06:00,49.6,49.5,206,226
2024-11-05 01:08:00,49.5,49.4,206,226
2024-11-05 01:10:00,49.5,49.4,207,224
2024-11-05 01:12:00,49.6,49.5,205,226
2024-11-05 01:14:00,49.2,49.1,205,225
2024-11-05 01:16:00,49.6,49.5,207,226
2024-11-05 01:18:00,49.7,49.7,211,225
2024-11-05 01:20:00,49.7,49.8,209,226
2024-11-05 01:22:00,49.8,49.9,209,226
2024-11-05 01:24:00,49.8,49.7,211,226
2024-11-05 01:26:00,49.8,49.8,209,226
2024-11-05 01:28:00,49.5,49.6,211,221
2024-11-05 01:30:00,49.3,49.4,211,223
2024-11-05 01:32:00,49.5,49.6,209,226
2024-11-05 01:34:00,49.2,49.2,208,225
2024-11-05 01:36:00,49.7,49.7,210,226
2024-11-05 01:38:00,49.8,49.7,208,226
2024-11-05 01:40:00,49.6,49.6,208,226
2024-11-05 01:42:00,49.7,49.7,210,226
2024-11-05 01:44:00,49.7,49.7,209,224
2024-11-05 01:46:00,49.6,49.6,209,226
2024-11-05 01:48:00,49.7,49.7,211,226
2024-11-05 01:50:00,49.6,49.6,210,226
2024-11-05 01:52:00,49.4,49.3,208,226
2024-11-05 01:54:00,49.3,49.3,208,226
2024-11-05 01:56:00,49.2,49.2,207,226
2024-11-05 01:58:00,49.4,49.3,205,226
2024-11-05 02:00:00,49.4,49.5,207,226
2024-11-05 02:02:00,49.7,49.7,206,226
2024-11-05 02:04:00,49.6,49.6,208,227
2024-11-05 02:06:00,49.6,49.6,211,227
2024-11-05 02:08:00,49.7,49.7,211,226
2024-11-05 02:10:00,49.8,49.8,211,227
2024-11-05 02:12:00,49.4,49.5,210,226
2024-11-05 02:14:00,49.9,49.9,213,226
2024-11-05 02:16:00,49.4,49.5,209,226
2024-11-05 02:18:00,49.6,49.5,209,226
2024-11-05 02:20:00,49.6,49.6,211,226
2024-11-05 02:22:00,49.6,49.5,209,228
2024-11-05 02:24:00,49.9,49.8,209,228
2024-11-05 02:26:00,49.9,49.9,211,226
2024-11-05 02:28:00,49.6,49.7,211,226
2024-11-05 02:30:00,49.7,49.7,209,227
2024-11-05 02:32:00,49.7,49.7,211,227
2024-11-05 02:34:00,50.0,50.0,209,228
2024-11-05 02:36:00,49.8,49.8,209,228
2024-11-05 02:38:00,49.8,49.8,211,227
2024-11-05 02:40:00,49.3,49.4,211,224
2024-11-05 02:42:00,49.7,49.6,209,226
2024-11-05 02:44:00,49.8,49.8,210,226
2024-11-05 02:46:00,49.6,49.7,210,224
2024-11-05 02:48:00,49.5,49.5,207,224
2024-11-05 02:50:00,49.9,49.9,208,225
2024-11-05 02:52:00,49.6,49.6,209,223
2024-11-05 02:54:00,49.6,49.6,207,225
2024-11-05 02:56:00,49.6,49.6,209,226
2024-11-05 02:58:00,49.5,49.5,211,224
2024-11-05 03:00:00,49.6,49.7,209,225
2024-11-05 03:02:00,49.6,49.6,209,225
2024-11-05 03:04:00,49.5,49.5,209,224
2024-11-05 03:06:00,49.8,49.7,209,226
2024-11-05 03:08:00,49.7,49.7,210,226
2024-11-05 03:10:00,49.8,49.8,212,226
2024-11-05 03:12:00,50.0,50.0,212,225
2024-11-05 03:14:00,49.7,49.7,209,226
2024-11-05 03:16:00,49.5,49.5,207,226
2024-11-05 03:18:00,49.9,49.9,208,228
2024-11-05 03:20:00,49.8,49.8,209,225
2024-11-05 03:22:00,49.6,49.6,209,227
2024-11-05 03:24:00,49.6,49.6,209,228
2024-11-05 03:26:00,49.6,49.7,209,228
2024-11-05 03:28:00,49.6,49.7,210,226
2024-11-05 03:30:00,49.6,49.7,211,227
2024-11-05 03:32:00,49.9,50.0,210,228
2024-11-05 03:34:00,49.8,49.8,209,228
2024-11-05 03:36:00,49.9,49.9,211,228
2024-11-05 03:38:00,49.5,49.6,209,227
2024-11-05 03:40:00,49.8,49.8,209,226
2024-11-05 03:42:00,49.7,49.7,211,226
2024-11-05 03:44:00,49.7,49.7,207,227
2024-11-05 03:46:00,49.8,49.7,207,228
2024-11-05 03:48:00,49.6,49.7,209,227
2024-11-05 03:50:00,49.9,49.8,208,228
2024-11-05 03:52:00,50.0,49.9,208,228
2024-11-05 03:54:00,49.7,49.8,212,228
2024-11-05 03:56:00,50.0,50.0,212,228
2024-11-05 03:58:00,49.6,49.7,209,228
2024-11-05 04:00:00,49.7,49.7,211,227
2024-11-05 04:02:00,49.7,49.7,212,226
2024-11-05 04:04:00,50.1,50.2,211,228
2024-11-05 04:06:00,50.0,49.9,211,228
2024-11-05 04:08:00,49.8,49.9,213,228
2024-11-05 04:10:00,49.7,49.7,210,228
2024-11-05 04:12:00,49.8,49.7,210,228
2024-11-05 04:14:00,49.7,49.8,212,228
2024-11-05 04:16:00,49.8,49.8,209,228
2024-11-05 04:18:00,49.7,49.7,209,228
2024-11-05 04:20:00,49.5,49.5,210,227
2024-11-05 04:22:00,49.6,49.6,209,228
2024-11-05 04:24:00,49.7,49.8,208,224
2024-11-05 04:26:00,49.8,49.8,210,224
2024-11-05 04:28:00,50.0,50,209,226
2024-11-05 04:30:00,49.9,49.9,209,226
2024-11-05 04:32:00,49.7,49.6,210,224
2024-11-05 04:34:00,49.5,49.6,208,224
2024-11-05 04:36:00,49.5,49.5,207,223
2024-11-05 04:38:00,49.8,49.8,208,225
2024-11-05 04:40:00,49.7,49.6,209,224
2024-11-05 04:42:00,49.7,49.7,209,224
2024-11-05 04:44:00,49.8,49.8,208,226
2024-11-05 04:46:00,49.8,49.8,209,226
2024-11-05 04:48:00,50.0,50.0,209,226
2024-11-05 04:50:00,49.7,49.6,211,226
2024-11-05 04:52:00,49.3,49.4,212,221
2024-11-05 04:54:00,49.5,49.5,209,223
2024-11-05 04:56:00,49.5,49.5,209,221
2024-11-05 04:58:00,49.4,49.4,210,221
2024-11-05 05:00:00,50.5,50.5,211,223
2024-11-05 05:02:00,50.1,50.2,209,223
2024-11-05 05:04:00,50.0,50,210,222
2024-11-05 05:06:00,50.2,50.2,210,221
2024-11-05 05:08:00,49.9,49.9,209,221
2024-11-05 05:10:00,50.0,49.9,211,221
2024-11-05 05:12:00,49.9,49.9,209,219
2024-11-05 05:14:00,50.1,50.0,209,221
2024-11-05 05:16:00,49.9,49.9,209,218
2024-11-05 05:18:00,49.8,49.9,210,216
2024-11-05 05:20:00,49.8,49.8,205,220
2024-11-05 05:22:00,50.0,50.0,208,217
2024-11-05 05:24:00,49.9,49.9,209,216
2024-11-05 05:26:00,49.9,49.9,204,219
2024-11-05 05:28:00,49.8,49.8,206,219
2024-11-05 05:30:00,50.0,50.0,205,218
2024-11-05 05:32:00,49.7,49.7,205,217
2024-11-05 05:34:00,49.7,49.8,209,214
2024-11-05 05:36:00,49.7,49.7,208,213
2024-11-05 05:38:00,49.7,49.7,207,216
2024-11-05 05:40:00,49.4,49.5,207,214
2024-11-05 05:42:00,49.5,49.6,209,214
2024-11-05 05:44:00,49.3,49.3,205,214
2024-11-05 05:46:00,49.6,49.6,209,218
2024-11-05 05:48:00,49.6,49.6,207,216
2024-11-05 05:50:00,49.8,49.7,209,216
2024-11-05 05:52:00,49.6,49.6,206,211
2024-11-05 05:54:00,49.6,49.6,207,216
2024-11-05 05:56:00,49.6,49.6,209,215
2024-11-05 05:58:00,49.4,49.3,204,216
2024-11-05 06:00:00,49.8,49.8,207,219
2024-11-05 06:02:00,50.0,50.0,204,218
2024-11-05 06:04:00,49.8,49.7,209,211
2024-11-05 06:06:00,49.7,49.7,206,215
2024-11-05 06:08:00,49.6,49.6,205,211
2024-11-05 06:10:00,49.7,49.7,206,209
2024-11-05 06:12:00,49.6,49.6,207,209
2024-11-05 06:14:00,49.8,49.7,207,207
2024-11-05 06:16:00,49.6,49.6,209,206
2024-11-05 06:18:00,49.5,49.6,210,202
2024-11-05 06:20:00,49.5,49.5,207,208
2024-11-05 06:22:00,49.5,49.4,206,206
2024-11-05 06:24:00,49.6,49.6,207,209
2024-11-05 06:26:00,49.5,49.5,207,216
2024-11-05 06:28:00,49.6,49.5,204,211
2024-11-05 06:30:00,49.6,49.6,210,216
2024-11-05 06:32:00,49.6,49.6,208,211
2024-11-05 06:34:00,49.5,49.6,204,212
2024-11-05 06:36:00,49.5,49.5,204,209
2024-11-05 06:38:00,49.6,49.7,209,215
2024-11-05 06:40:00,49.5,49.5,208,212
2024-11-05 06:42:00,49.5,49.5,207,211
2024-11-05 06:44:00,49.7,49.8,204,214
2024-11-05 06:46:00,49.5,49.5,204,216
2024-11-05 06:48:00,49.8,49.8,205,224
2024-11-05 06:50:00,49.6,49.6,204,222
2024-11-05 06:52:00,50.0,50.0,207,221
2024-11-05 06:54:00,50.0,50.0,206,216
2024-11-05 06:56:00,50.0,49.9,209,218
2024-11-05 06:58:00,49.8,49.8,205,214
2024-11-05 07:00:00,49.8,49.8,209,216
2024-11-05 07:02:00,49.8,49.8,205,218
2024-11-05 07:04:00,49.9,49.8,202,220
2024-11-05 07:06:00,49.6,49.6,206,216
2024-11-05 07:08:00,49.5,49.6,205,212
2024-11-05 07:10:00,49.6,49.6,206,211
2024-11-05 07:12:00,49.7,49.7,204,209
2024-11-05 07:14:00,49.5,49.4,204,211
2024-11-05 07:16:00,49.7,49.8,206,212
2024-11-05 07:18:00,49.7,49.7,204,213
2024-11-05 07:20:00,49.9,49.9,207,213
2024-11-05 07:22:00,49.8,49.8,206,216
2024-11-05 07:24:00,49.8,49.8,204,216
2024-11-05 07:26:00,49.9,49.9,202,218
2024-11-05 07:28:00,49.5,49.6,204,217
2024-11-05 07:30:00,49.7,49.7,203,219
2024-11-05 07:32:00,49.9,50.0,201,221
2024-11-05 07:34:00,49.8,49.9,206,214
2024-11-05 07:36:00,49.4,49.4,205,211
2024-11-05 07:38:00,49.5,49.5,202,211
2024-11-05 07:40:00,49.6,49.7,204,214
2024-11-05 07:42:00,49.8,49.7,204,209
2024-11-05 07:44:00,49.8,49.9,204,210
2024-11-05 07:46:00,49.5,49.5,205,211
2024-11-05 07:48:00,49.6,49.6,205,206
2024-11-05 07:50:00,49.4,49.4,202,208
2024-11-05 07:52:00,49.5,49.4,204,207
2024-11-05 07:54:00,49.6,49.6,204,209
2024-11-05 07:56:00,49.6,49.5,202,211
2024-11-05 07:58:00,50.0,50.0,204,210
2024-11-05 08:00:00,50.0,50.0,203,212
2024-11-05 08:02:00,49.8,49.7,203,214
2024-11-05 08:04:00,49.7,49.7,204,211
2024-11-05 08:06:00,49.6,49.6,205,208
2024-11-05 08:08:00,49.6,49.5,202,207
2024-11-05 08:10:00,49.6,49.7,205,198
2024-11-05 08:12:00,49.8,49.8,204,204
2024-11-05 08:14:00,49.7,49.7,202,203
2024-11-05 08:16:00,49.7,49.7,203,205
2024-11-05 08:18:00,49.8,49.9,202,207
2024-11-05 08:20:00,50.0,50.0,204,204
2024-11-05 08:22:00,49.7,49.7,202,204
2024-11-05 08:24:00,49.9,49.8,204,204
2024-11-05 08:26:00,49.6,49.7,202,201
2024-11-05 08:28:00,49.7,49.7,198,206
2024-11-05 08:30:00,49.5,49.5,198,205
2024-11-05 08:32:00,49.5,49.6,203,200
2024-11-05 08:34:00,49.5,49.5,199,203
2024-11-05 08:36:00,49.6,49.6,200,205
2024-11-05 08:38:00,49.6,49.6,202,203
2024-11-05 08:40:00,49.8,49.9,204,204
2024-11-05 08:42:00,49.8,49.7,204,201
2024-11-05 08:44:00,49.5,49.5,203,209
2024-11-05 08:46:00,49.5,49.5,204,204
2024-11-05 08:48:00,49.7,49.7,202,209
2024-11-05 08:50:00,49.4,49.5,203,212
2024-11-05 08:52:00,49.5,49.6,200,209
2024-11-05 08:54:00,49.7,49.7,202,206
2024-11-05 08:56:00,49.5,49.5,204,208
2024-11-05 08:58:00,49.7,49.7,202,209
2024-11-05 09:00:00,49.5,49.4,202,207
2024-11-05 09:02:00,49.7,49.7,202,208
2024-11-05 09:04:00,49.3,49.3,204,202
2024-11-05 09:06:00,49.5,49.5,200,207
2024-11-05 09:08:00,49.5,49.5,202,203
2024-11-05 09:10:00,49.9,49.9,200,204
2024-11-05 09:12:00,49.5,49.5,200,207
2024-11-05 09:14:00,49.6,49.6,199,207
2024-11-05 09:16:00,49.8,49.8,200,203
2024-11-05 09:18:00,49.5,49.5,199,201
2024-11-05 09:20:00,49.4,49.4,202,206
2024-11-05 09:22:00,49.7,49.6,201,204
2024-11-05 09:24:00,49.5,49.5,199,201
2024-11-05 09:26:00,49.4,49.4,199,202
2024-11-05 09:28:00,49.6,49.6,199,204
2024-11-05 09:30:00,49.4,49.5,204,207
2024-11-05 09:32:00,49.8,49.8,201,205
2024-11-05 09:34:00,49.7,49.6,202,207
2024-11-05 09:36:00,49.8,49.8,202,206
2024-11-05 09:38:00,49.4,49.5,205,202
2024-11-05 09:40:00,50.4,50.4,225,237
2024-11-05 09:42:00,50.6,50.7,226,239
2024-11-05 09:44:00,50.6,50.5,219,241
2024-11-05 09:46:00,50.7,50.9,223,240
2024-11-05 09:48:00,50.5,50.7,222,239
2024-11-05 09:50:00,50.6,50.5,220,240
2024-11-05 09:52:00,50.4,50.3,221,238
2024-11-05 09:54:00,50.4,50.4,221,233
2024-11-05 09:56:00,50.4,50.4,222,233
2024-11-05 09:58:00,51.0,51.0,221,236
2024-11-05 10:00:00,51.1,50.9,223,232
2024-11-05 10:02:00,50.9,50.8,222,234
2024-11-05 10:04:00,51.0,50.9,219,237
2024-11-05 10:06:00,50.9,51.0,219,240
2024-11-05 10:08:00,50.7,50.8,218,238
2024-11-05 10:10:00,50.8,50.9,220,238
2024-11-05 10:12:00,50.8,50.7,218,240
2024-11-05 10:14:00,50.9,50.8,219,238
2024-11-05 10:16:00,50.8,50.7,221,236
2024-11-05 10:18:00,51.0,50.9,223,234
2024-11-05 10:20:00,50.6,50.5,221,235
2024-11-05 10:22:00,51.1,51.1,219,235
2024-11-05 10:24:00,51.0,51.1,221,235
2024-11-05 10:26:00,50.7,50.9,220,235
2024-11-05 10:28:00,50.8,50.5,216,236
2024-11-05 10:30:00,50.8,51.1,216,235
2024-11-05 10:32:00,50.5,50.8,219,233
2024-11-05 10:34:00,50.6,50.6,218,233
2024-11-05 10:36:00,50.9,50.9,219,233
2024-11-05 10:38:00,50.7,50.7,219,236
2024-11-05 10:40:00,51.0,51.0,221,236
2024-11-05 10:42:00,50.8,50.9,220,236
2024-11-05 10:44:00,50.7,50.7,218,236
2024-11-05 10:46:00,51.0,50.9,223,233
2024-11-05 10:48:00,50.9,50.9,220,235
2024-11-05 10:50:00,50.7,50.7,221,236
2024-11-05 10:52:00,50.7,50.6,221,233
2024-11-05 10:54:00,50.5,50.6,222,231
2024-11-05 10:56:00,50.4,50.4,218,236
2024-11-05 10:58:00,50.5,50.7,217,237
2024-11-05 11:00:00,50.6,50.6,219,235
2024-11-05 11:02:00,50.3,50.3,220,235
2024-11-05 11:04:00,50.4,50.5,217,236
2024-11-05 11:06:00,50.5,50.5,217,236
2024-11-05 11:08:00,50.6,50.7,216,236
2024-11-05 11:10:00,50.5,50.5,220,234
2024-11-05 11:12:00,50.5,50.5,218,234
2024-11-05 11:14:00,50.5,50.6,216,236
2024-11-05 11:16:00,50.5,50.6,217,236
2024-11-05 11:18:00,50.4,50.4,216,238
2024-11-05 11:20:00,50.1,50.1,215,237
2024-11-05 11:22:00,50.2,50.1,214,236
2024-11-05 11:24:00,50.4,50.6,216,237
2024-11-05 11:26:00,50.4,50.6,218,234
2024-11-05 11:28:00,50.4,50.4,215,238
2024-11-05 11:30:00,50.6,50.5,216,234
2024-11-05 11:32:00,50.7,50.6,218,235
2024-11-05 11:34:00,50.4,50.4,216,238
2024-11-05 11:36:00,50.5,50.5,215,238
2024-11-05 11:38:00,50.5,50.6,216,236
2024-11-05 11:40:00,50.6,50.5,218,233
2024-11-05 11:42:00,50.7,50.6,218,237
2024-11-05 11:44:00,50.6,50.6,218,236
2024-11-05 11:46:00,50.4,50.4,217,237
2024-11-05 11:48:00,50.7,50.6,218,236
2024-11-05 11:50:00,50.9,50.8,216,239
2024-11-05 11:52:00,50.5,50.5,216,238
2024-11-05 11:54:00,50.6,50.6,216,237
2024-11-05 11:56:00,50.7,50.7,219,238
2024-11-05 11:58:00,50.7,50.7,216,237
2024-11-05 12:00:00,50.7,50.7,216,240
2024-11-05 12:02:00,50.7,50.7,216,238
2024-11-05 12:04:00,50.4,50.4,214,243
2024-11-05 12:06:00,50.4,50.3,214,245
2024-11-05 12:08:00,50.3,50.3,211,246
2024-11-05 12:10:00,50.4,50.4,214,243
2024-11-05 12:12:00,50.2,50.2,214,242
2024-11-05 12:14:00,50.3,50.4,216,244
2024-11-05 12:16:00,50.3,50.4,215,242
2024-11-05 12:18:00,50.5,50.4,214,241
2024-11-05 12:20:00,50.4,50.4,214,240
2024-11-05 12:22:00,50.6,50.6,218,237
2024-11-05 12:24:00,50.6,50.5,215,240
2024-11-05 12:26:00,50.5,50.5,216,238
2024-11-05 12:28:00,50.2,50.2,215,241
2024-11-05 12:30:00,50.1,50,214,241
2024-11-05 12:32:00,50.1,50.3,214,240
2024-11-05 12:34:00,50.2,50.0,214,240
2024-11-05 12:36:00,50.2,50.2,216,242
2024-11-05 12:38:00,50.3,50.3,216,241
2024-11-05 12:40:00,50.3,50.3,215,244
2024-11-05 12:42:00,50.2,50.2,216,240
2024-11-05 12:44:00,49.9,50.2,218,237
2024-11-05 12:46:00,49.6,49.6,215,239
2024-11-05 12:48:00,49.7,49.5,214,242
2024-11-05 12:50:00,49.6,49.6,214,242
2024-11-05 12:52:00,49.6,49.6,216,238
2024-11-05 12:54:00,49.7,49.7,216,238
2024-11-05 12:56:00,49.6,49.6,214,239
2024-11-05 12:58:00,49.6,49.7,214,238
2024-11-05 13:00:00,49.6,49.7,215,240
2024-11-05 13:02:00,49.8,49.7,215,238
2024-11-05 13:04:00,49.6,49.7,209,240
2024-11-05 13:06:00,49.7,49.7,216,238
2024-11-05 13:08:00,49.7,49.7,216,240
2024-11-05 13:10:00,49.7,49.7,214,240
2024-11-05 13:12:00,49.8,49.8,215,237
2024-11-05 13:14:00,49.8,49.8,218,235
2024-11-05 13:16:00,49.9,50.0,216,236
2024-11-05 13:18:00,50.0,50.0,214,236
2024-11-05 13:20:00,50.1,50.2,216,235
2024-11-05 13:22:00,50.1,50.0,218,235
2024-11-05 13:24:00,49.9,49.8,216,234
2024-11-05 13:26:00,49.8,49.9,215,235
2024-11-05 13:28:00,50.0,50.1,216,235
2024-11-05 13:30:00,50.1,50.0,216,237
2024-11-05 13:32:00,50.2,50.2,217,235
2024-11-05 13:34:00,4348,50.1,0,235
2024-11-05 13:36:00,2611,50.3,0,236
2024-11-05 13:38:00,5618,50.0,0,234
2024-11-05 13:40:00,4926,50.0,0,235
2024-11-05 13:42:00,6536,50.1,0,235
2024-11-05 13:44:00,606,50.1,0,234
2024-11-05 13:46:00,50.1,50.2,230,235
2024-11-05 13:48:00,50.0,49.8,230,236
2024-11-05 13:50:00,49.9,49.8,231,235
2024-11-05 13:52:00,7874,50.0,0,234
2024-11-05 13:54:00,49.8,50.2,226,236
2024-11-05 13:56:00,50.2,50.2,227,235
2024-11-05 13:58:00,7813,50.1,0,236
2024-11-05 14:00:00,49.9,50.1,229,236
2024-11-05 14:02:00,50.3,50.1,229,236
2024-11-05 14:04:00,49.8,50.2,229,233
2024-11-05 14:06:00,50.3,50.3,229,238
2024-11-05 14:08:00,50.1,50.4,229,237
2024-11-05 14:10:00,50.1,50.5,229,238
2024-11-05 14:12:00,101,50.8,229,234
2024-11-05 14:14:00,49.7,50.9,229,235
2024-11-05 14:16:00,49.9,50.9,229,234
2024-11-05 14:18:00,50.0,50.5,229,236
2024-11-05 14:20:00,49.9,50.6,230,238
2024-11-05 14:22:00,50.1,50.6,226,238
2024-11-05 14:24:00,50.0,50.8,226,238
2024-11-05 14:26:00,49.9,50.5,229,237
2024-11-05 14:28:00,50.0,50.4,229,236
2024-11-05 14:30:00,50.0,50.7,229,236
2024-11-05 14:32:00,50.0,50.7,229,238
2024-11-05 14:34:00,49.9,50.7,230,238
2024-11-05 14:36:00,50.0,50.6,230,236
2024-11-05 14:38:00,49.8,50.3,230,239
2024-11-05 14:40:00,50.0,50.5,230,236
2024-11-05 14:42:00,49.9,50.7,231,238
2024-11-05 14:44:00,50.0,50.7,230,238
2024-11-05 14:46:00,49.9,50.4,230,235
2024-11-05 14:48:00,50.1,50.5,230,235
2024-11-05 14:50:00,49.9,50.4,230,236
2024-11-05 14:52:00,49.8,50.3,230,238
2024-11-05 14:54:00,50.2,50.4,230,234
2024-11-05 14:56:00,49.9,50.2,230,236
2024-11-05 14:58:00,49.8,50.3,230,237
2024-11-05 15:00:00,49.8,50.3,230,238
2024-11-05 15:02:00,50.1,50.4,230,238
2024-11-05 15:04:00,50.3,50.3,230,238
2024-11-05 15:06:00,50.0,50.3,230,238
2024-11-05 15:08:00,50.0,50.2,230,237
2024-11-05 15:10:00,50.0,50.0,230,238
2024-11-05 15:12:00,50.2,50.2,230,238
2024-11-05 15:14:00,49.7,50.1,230,238
2024-11-05 15:16:00,49.8,50.2,230,239
2024-11-05 15:18:00,50.1,50.0,230,239
2024-11-05 15:20:00,50.0,50.4,230,238
2024-11-05 15:22:00,49.7,50.4,230,238
2024-11-05 15:24:00,50.0,50.3,226,238
2024-11-05 15:26:00,50.1,50.3,226,237
2024-11-05 15:28:00,50.2,50.4,226,238
2024-11-05 15:30:00,49.9,50.4,226,239
2024-11-05 15:32:00,49.8,50.7,229,241
2024-11-05 15:34:00,49.9,50.4,229,238
2024-11-05 15:36:00,49.9,50.5,229,238
2024-11-05 15:38:00,50.1,50.6,230,239
2024-11-05 15:40:00,50.1,50.5,230,239
2024-11-05 15:42:00,49.9,50.9,230,237
2024-11-05 15:44:00,49.8,50.6,230,236
2024-11-05 15:46:00,49.7,50.7,230,235
2024-11-05 15:48:00,49.9,50.7,230,237
2024-11-05 15:50:00,49.8,51.1,230,238
2024-11-05 15:52:00,49.8,51.1,230,238
2024-11-05 15:54:00,50.0,50.9,230,239
2024-11-05 15:56:00,49.9,50.8,230,239
2024-11-05 15:58:00,50.0,51.1,230,240
2024-11-05 16:00:00,50.0,50.9,230,240
2024-11-05 16:02:00,50.1,50.9,230,240
2024-11-05 16:04:00,49.8,50.7,230,238
2024-11-05 16:06:00,50.0,50.6,230,240
2024-11-05 16:08:00,50.0,50.8,230,239
2024-11-05 16:10:00,49.7,50.8,230,239
2024-11-05 16:12:00,50.0,50.8,230,239
2024-11-05 16:14:00,50.3,50.8,230,238
2024-11-05 16:16:00,50.0,50.9,230,240
2024-11-05 16:18:00,49.9,50.8,230,238
2024-11-05 16:20:00,49.7,50.9,230,238
2024-11-05 16:22:00,50.2,51.0,230,238
2024-11-05 16:24:00,50.0,51.0,230,238
2024-11-05 16:26:00,49.9,49.7,230,193
2024-11-05 16:28:00,49.8,49.3,230,192
2024-11-05 16:30:00,50.1,49.4,230,193
2024-11-05 16:32:00,49.8,49.6,230,192
2024-11-05 16:34:00,50.0,49.5,230,193
2024-11-05 16:36:00,50.1,49.4,230,192
2024-11-05 16:38:00,50.2,49.2,230,194
2024-11-05 16:40:00,49.8,49.1,230,193
2024-11-05 16:42:00,50.0,49.7,230,197
2024-11-05 16:44:00,50.2,49.4,230,197
2024-11-05 16:46:00,49.8,49.5,230,192
2024-11-05 16:48:00,50.0,49.6,230,199
2024-11-05 16:50:00,49.9,49.7,230,201
2024-11-05 16:52:00,50.0,49.3,230,203
2024-11-05 16:54:00,50.1,49.2,230,199
2024-11-05 16:56:00,50.0,49.2,230,197
2024-11-05 16:58:00,50.0,49.4,230,196
2024-11-05 17:00:00,49.8,49.2,226,197
2024-11-05 17:02:00,49.9,49.4,229,194
2024-11-05 17:04:00,49.9,49.4,229,194
2024-11-05 17:06:00,50.0,49.7,229,197
2024-11-05 17:08:00,50.0,49.3,230,197
2024-11-05 17:10:00,50.0,49.4,230,196
2024-11-05 17:12:00,49.9,49.5,230,194
2024-11-05 17:14:00,50.0,49.4,230,192
2024-11-05 17:16:00,50.1,49.4,230,190
2024-11-05 17:18:00,50.0,49.4,231,188
2024-11-05 17:20:00,49.9,49.6,230,194
2024-11-05 17:22:00,50.0,49.5,230,195
2024-11-05 17:24:00,50.0,49.6,230,196
2024-11-05 17:26:00,50.0,49.2,230,195
2024-11-05 17:28:00,50.1,49.4,226,196
2024-11-05 17:30:00,50.0,49.4,226,198
2024-11-05 17:32:00,50.1,49.3,228,197
2024-11-05 17:34:00,50.0,49.4,229,193
2024-11-05 17:36:00,50.0,49.6,229,193
2024-11-05 17:38:00,50.0,49.6,229,195
2024-11-05 17:40:00,49.7,49.6,229,191
2024-11-05 17:42:00,50.0,49.2,229,181
2024-11-05 17:44:00,50.1,49.5,229,179
2024-11-05 17:46:00,50.1,49.6,229,184
2024-11-05 17:48:00,50.1,49.0,229,182
2024-11-05 17:50:00,49.8,49.2,229,183
2024-11-05 17:52:00,49.9,49.4,229,185
2024-11-05 17:54:00,50.0,49.2,229,187
2024-11-05 17:56:00,50.0,49.4,229,188
2024-11-05 17:58:00,49.9,49.2,229,186
2024-11-05 18:00:00,50.1,49.5,229,189
2024-11-05 18:02:00,50.0,49.2,229,187
2024-11-05 18:04:00,50.1,49.1,229,187
2024-11-05 18:06:00,50.0,49.2,229,185
2024-11-05 18:08:00,50.0,49.0,229,178
2024-11-05 18:10:00,50.0,49.3,229,181
2024-11-05 18:12:00,49.8,49.2,229,178
2024-11-05 18:14:00,50.0,49.0,228,179
2024-11-05 18:16:00,50.2,49.1,229,181
2024-11-05 18:18:00,50.0,49.0,229,183
2024-11-05 18:20:00,50.0,49.1,229,180
2024-11-05 18:22:00,50.0,49.0,229,179
2024-11-05 18:24:00,49.8,48.8,229,180
2024-11-05 18:26:00,50.1,48.8,229,182
2024-11-05 18:28:00,50.0,48.7,229,181
2024-11-05 18:30:00,49.9,48.8,229,182
2024-11-05 18:32:00,50.2,48.7,226,182
2024-11-05 18:34:00,50.0,48.9,226,184
2024-11-05 18:36:00,50.2,49.5,229,187
2024-11-05 18:38:00,50.0,49.6,228,189
2024-11-05 18:40:00,49.8,49.6,229,187
2024-11-05 18:42:00,49.9,49.5,229,189
2024-11-05 18:44:00,50.0,49.3,229,186
2024-11-05 18:46:00,50.0,49.1,229,187
2024-11-05 18:48:00,50.0,49.4,229,186
2024-11-05 18:50:00,49.8,49.2,229,182
2024-11-05 18:52:00,49.8,49.2,228,182
2024-11-05 18:54:00,50.0,49.0,228,178
2024-11-05 18:56:00,49.9,48.5,229,181
2024-11-05 18:58:00,50.2,48.3,229,179
2024-11-05 19:00:00,50.2,48.8,229,178
2024-11-05 19:02:00,49.9,48.4,228,180
2024-11-05 19:04:00,50.0,48.5,229,181
2024-11-05 19:06:00,49.9,48.5,228,178
2024-11-05 19:08:00,100,49.5,229,175
2024-11-05 19:10:00,49.7,49.1,229,182
2024-11-05 19:12:00,49.9,49.3,228,185
2024-11-05 19:14:00,50.1,49.5,226,178
2024-11-05 19:16:00,50.1,49.4,226,178
2024-11-05 19:18:00,50.3,49.5,229,183
2024-11-05 19:20:00,49.9,49.5,228,180
2024-11-05 19:22:00,49.9,49.6,229,179
2024-11-05 19:24:00,50.0,49.3,229,179
2024-11-05 19:26:00,49.9,49.6,228,186
2024-11-05 19:28:00,50.0,49.5,228,179
2024-11-05 19:30:00,50.0,49.7,228,180
2024-11-05 19:32:00,49.7,49.4,229,185
2024-11-05 19:34:00,49.9,49.5,228,182
2024-11-05 19:36:00,49.9,49.4,229,187
2024-11-05 19:38:00,50.0,49.3,229,180
2024-11-05 19:40:00,50.0,49.5,229,182
2024-11-05 19:42:00,50.2,49.5,228,188
2024-11-05 19:44:00,66.8,49.1,229,186
2024-11-05 19:46:00,50.1,49.4,230,187
2024-11-05 19:48:00,49.9,49.6,229,185
2024-11-05 19:50:00,49.9,49.6,229,187
2024-11-05 19:52:00,49.9,49.5,229,187
2024-11-05 19:54:00,49.8,49.5,230,185
2024-11-05 19:56:00,99.5,49.6,229,187
2024-11-05 19:58:00,50.0,49.5,230,190
2024-11-05 20:00:00,49.8,49.7,230,187
2024-11-05 20:02:00,50.1,49.4,230,181
2024-11-05 20:04:00,50.0,49.8,230,182
2024-11-05 20:06:00,49.7,49.7,230,185
2024-11-05 20:08:00,50.3,49.6,230,178
2024-11-05 20:10:00,50.0,49.5,229,178
2024-11-05 20:12:00,49.8,49.2,230,183
2024-11-05 20:14:00,50.0,49.6,230,185
2024-11-05 20:16:00,50.0,49.5,229,187
2024-11-05 20:18:00,49.9,49.7,230,189
2024-11-05 20:20:00,49.9,49.7,230,195
2024-11-05 20:22:00,50.0,49.7,230,191
2024-11-05 20:24:00,50.0,49.5,230,191
2024-11-05 20:26:00,50.0,49.7,226,192
2024-11-05 20:28:00,100,49.8,226,190
2024-11-05 20:30:00,50.1,49.8,228,191
2024-11-05 20:32:00,50.0,49.9,228,191
2024-11-05 20:34:00,50.1,49.3,228,191
2024-11-05 20:36:00,50.1,49.7,228,194
2024-11-05 20:38:00,49.9,49.6,228,187
2024-11-05 20:40:00,49.7,49.8,228,188
2024-11-05 20:42:00,50.1,49.6,228,189
2024-11-05 20:44:00,49.9,49.7,228,187
2024-11-05 20:46:00,49.9,49.8,228,187
2024-11-05 20:48:00,50.0,49.9,229,189
2024-11-05 20:50:00,50.0,49.9,229,191
2024-11-05 20:52:00,50.0,49.8,230,190
2024-11-05 20:54:00,49.9,49.8,230,192
2024-11-05 20:56:00,50.0,49.7,229,201
2024-11-05 20:58:00,49.7,49.6,229,191
2024-11-05 21:00:00,50.0,49.6,229,182
2024-11-05 21:02:00,49.8,49.6,229,187
2024-11-05 21:04:00,50.0,49.5,229,192
2024-11-05 21:06:00,50.1,49.7,229,189
2024-11-05 21:08:00,50.0,49.8,229,190
2024-11-05 21:10:00,50.0,49.8,226,187
2024-11-05 21:12:00,50.0,50.2,228,197
2024-11-05 21:14:00,50.3,50.0,228,195
2024-11-05 21:16:00,49.8,50.0,229,196
2024-11-05 21:18:00,49.7,50.1,227,200
2024-11-05 21:20:00,50.0,49.9,226,197
2024-11-05 21:22:00,50.1,49.9,228,197
2024-11-05 21:24:00,50.1,49.9,229,194
2024-11-05 21:26:00,49.9,49.8,229,199
2024-11-05 21:28:00,50.0,50.1,229,201
2024-11-05 21:30:00,49.9,49.9,229,199
2024-11-05 21:32:00,49.9,49.8,229,194
2024-11-05 21:34:00,50.0,49.6,229,195
2024-11-05 21:36:00,50.1,49.9,229,199
2024-11-05 21:38:00,50.0,50.1,229,199
2024-11-05 21:40:00,50.1,49.9,229,202
2024-11-05 21:42:00,49.9,50.0,228,206
2024-11-05 21:44:00,49.9,50.1,229,202
2024-11-05 21:46:00,49.9,50.2,229,205
2024-11-05 21:48:00,50.0,50.3,229,209
2024-11-05 21:50:00,50.0,50.1,229,207
2024-11-05 21:52:00,49.7,50.0,229,206
2024-11-05 21:54:00,50.1,49.9,229,204
2024-11-05 21:56:00,50.0,49.9,229,205
2024-11-05 21:58:00,49.9,50.2,229,209
2024-11-05 22:00:00,49.9,50.0,229,204
2024-11-05 22:02:00,50.1,50.2,229,207
2024-11-05 22:04:00,49.9,50.0,228,207
2024-11-05 22:06:00,50.0,50.0,229,208
2024-11-05 22:08:00,50.1,50.3,229,209
2024-11-05 22:10:00,49.9,50.2,228,212
2024-11-05 22:12:00,49.9,49.9,229,209
2024-11-05 22:14:00,50.1,50.3,228,207
2024-11-05 22:16:00,50.1,50.2,229,207
2024-11-05 22:18:00,50.0,50.2,228,210
2024-11-05 22:20:00,50.2,50.4,229,211
2024-11-05 22:22:00,50.0,50.0,229,209
2024-11-05 22:24:00,49.8,50.2,228,209
2024-11-05 22:26:00,50.0,49.9,228,209
2024-11-05 22:28:00,49.7,50.2,228,208
2024-11-05 22:30:00,50.0,49.9,229,209
2024-11-05 22:32:00,49.9,50.2,228,211
2024-11-05 22:34:00,50.1,50.0,228,209
2024-11-05 22:36:00,49.9,49.9,229,209
2024-11-05 22:38:00,49.8,50.0,231,209
2024-11-05 22:40:00,49.9,50.3,230,211
2024-11-05 22:42:00,50.0,50.5,230,211
2024-11-05 22:44:00,49.8,50.5,230,214
2024-11-05 22:46:00,49.8,50.4,230,210
2024-11-05 22:48:00,50.0,50.5,230,214
2024-11-05 22:50:00,50.0,50.5,230,214
2024-11-05 22:52:00,50.0,50.4,230,214
2024-11-05 22:54:00,50.1,50.5,230,216
2024-11-05 22:56:00,50.0,50.4,230,216
2024-11-05 22:58:00,49.9,50.2,230,216
2024-11-05 23:00:00,49.8,50.1,230,211
2024-11-05 23:02:00,50.0,50.3,230,218
2024-11-05 23:04:00,49.9,50.1,230,217
2024-11-05 23:06:00,50.0,50.3,230,216
2024-11-05 23:08:00,49.8,50.2,230,218
2024-11-05 23:10:00,50.0,50.2,230,220
2024-11-05 23:12:00,49.9,50.3,230,217
2024-11-05 23:14:00,50.0,50.5,230,217
2024-11-05 23:16:00,50.0,50.3,230,219
2024-11-05 23:18:00,49.9,50.4,230,216
2024-11-05 23:20:00,49.9,50.5,230,216
2024-11-05 23:22:00,50.1,50.3,230,216
2024-11-05 23:24:00,49.9,50.5,230,218
2024-11-05 23:26:00,50.0,50.1,231,216
2024-11-05 23:28:00,50.0,50.5,230,216
2024-11-05 23:30:00,50.0,50.4,230,216
2024-11-05 23:32:00,50.0,50.4,230,218
2024-11-05 23:34:00,50.0,50.3,230,216
2024-11-05 23:36:00,49.8,50.4,230,216
2024-11-05 23:38:00,50.1,50.6,231,219
2024-11-05 23:40:00,49.9,50.3,230,218
2024-11-05 23:42:00,50.0,50.5,230,217
2024-11-05 23:44:00,50.1,50.6,230,216
2024-11-05 23:46:00,50.0,50.7,230,218
2024-11-05 23:48:00,49.8,50.3,230,216
2024-11-05 23:50:00,50.0,50.4,231,218
2024-11-05 23:52:00,49.9,50.3,230,219
2024-11-05 23:54:00,50.0,50.3,230,218
2024-11-05 23:56:00,49.9,50.2,230,216
2024-11-05 23:58:00,50.0,50.4,230,217
2024-11-06 00:00:00,49.9,50.2,231,216
2024-11-06 00:02:00,49.8,50.7,230,217
2024-11-06 00:04:00,50.0,50.5,230,216
2024-11-06 00:06:00,50.0,50.5,230,217
2024-11-06 00:08:00,49.8,50.6,230,219
2024-11-06 00:10:00,49.7,50.5,230,218
2024-11-06 00:12:00,50.0,50.8,230,219
2024-11-06 00:14:00,50.0,50.7,230,219
2024-11-06 00:16:00,49.9,50.4,230,219
2024-11-06 00:18:00,50.0,50.4,230,219
2024-11-06 00:20:00,50.0,50.2,230,217
2024-11-06 00:22:00,50.0,50.5,231,220
2024-11-06 00:24:00,49.9,50.6,230,221
2024-11-06 00:26:00,50.0,50.3,230,219
2024-11-06 00:28:00,49.9,50.3,230,220
2024-11-06 00:30:00,49.9,50.4,230,222
2024-11-06 00:32:00,50.1,50.5,230,220
2024-11-06 00:34:00,50.0,50.7,231,221
2024-11-06 00:36:00,49.8,50.7,230,224
2024-11-06 00:38:00,50.1,50.7,230,223
2024-11-06 00:40:00,50.0,50.8,230,221
2024-11-06 00:42:00,49.8,50.8,230,221
2024-11-06 00:44:00,49.9,50.6,231,223
2024-11-06 00:46:00,49.8,50.5,230,222
2024-11-06 00:48:00,50.0,50.6,230,221
2024-11-06 00:50:00,49.8,50.2,231,221
2024-11-06 00:52:00,50.0,50.9,231,223
2024-11-06 00:54:00,49.7,50.3,230,220
2024-11-06 00:56:00,50.1,50.5,230,221
2024-11-06 00:58:00,49.9,50.5,230,223
2024-11-06 01:00:00,49.8,50.8,230,223
2024-11-06 01:02:00,49.9,50.6,230,221
2024-11-06 01:04:00,49.7,50.7,230,223
2024-11-06 01:06:00,50.0,50.7,230,223
2024-11-06 01:08:00,49.9,50.5,230,221
2024-11-06 01:10:00,49.9,50.4,231,223
2024-11-06 01:12:00,49.9,50.6,230,223
2024-11-06 01:14:00,50.0,50.3,230,223
2024-11-06 01:16:00,50.0,50.2,230,222
2024-11-06 01:18:00,50.0,50.3,230,222
2024-11-06 01:20:00,49.8,50.5,230,224
2024-11-06 01:22:00,49.9,50.3,230,223
2024-11-06 01:24:00,50.1,50.4,231,222
2024-11-06 01:26:00,49.6,50.6,230,222
2024-11-06 01:28:00,50.3,50.7,230,223
2024-11-06 01:30:00,49.8,50.5,230,222
2024-11-06 01:32:00,49.9,51.0,230,223
2024-11-06 01:34:00,49.9,50.9,230,223
2024-11-06 01:36:00,49.8,50.7,230,224
2024-11-06 01:38:00,49.8,50.6,230,222
2024-11-06 01:40:00,50.0,50.7,230,221
2024-11-06 01:42:00,49.9,50.6,230,224
2024-11-06 01:44:00,50.0,50.4,230,221
2024-11-06 01:46:00,50.1,50.5,230,221
2024-11-06 01:48:00,50.0,50.6,230,223
2024-11-06 01:50:00,50.1,50.4,230,223
2024-11-06 01:52:00,50.1,50.6,231,222
2024-11-06 01:54:00,50.3,50.7,230,221
2024-11-06 01:56:00,49.9,50.4,230,223
2024-11-06 01:58:00,49.9,50.5,230,222
2024-11-06 02:00:00,50.0,50.4,230,221
2024-11-06 02:02:00,50.1,50.7,230,227
2024-11-06 02:04:00,49.8,50.6,230,223
2024-11-06 02:06:00,50.0,50.9,230,223
2024-11-06 02:08:00,49.9,50.9,230,223
2024-11-06 02:10:00,50.1,51.0,230,226
2024-11-06 02:12:00,50.0,50.9,230,227
2024-11-06 02:14:00,49.9,50.5,231,223
2024-11-06 02:16:00,49.9,50.5,230,223
2024-11-06 02:18:00,49.9,50.6,230,225
2024-11-06 02:20:00,49.8,50.8,230,225
2024-11-06 02:22:00,49.9,50.5,230,223
2024-11-06 02:24:00,50.0,50.8,230,226
2024-11-06 02:26:00,50.0,50.7,230,224
2024-11-06 02:28:00,49.9,50.6,230,223
2024-11-06 02:30:00,50.0,51.0,230,225
2024-11-06 02:32:00,49.9,50.9,229,226
2024-11-06 02:34:00,49.7,50.9,229,225
2024-11-06 02:36:00,50.3,50.7,229,226
2024-11-06 02:38:00,49.8,50.5,229,226
2024-11-06 02:40:00,50.0,50.8,229,226
2024-11-06 02:42:00,50.1,50.5,229,225
2024-11-06 02:44:00,50.0,50.6,229,226
2024-11-06 02:46:00,50.0,50.6,229,226
2024-11-06 02:48:00,50.1,50.8,229,226
2024-11-06 02:50:00,50.0,50.4,229,224
2024-11-06 02:52:00,50.2,50.5,229,225
2024-11-06 02:54:00,50.2,50.8,229,226
2024-11-06 02:56:00,49.9,51.0,229,228
2024-11-06 02:58:00,50.0,50.6,228,226
2024-11-06 03:00:00,50.1,50.7,229,226
2024-11-06 03:02:00,50.0,50.8,229,226
2024-11-06 03:04:00,49.9,50.9,228,228
2024-11-06 03:06:00,99.8,50.9,229,227
2024-11-06 03:08:00,101,50.8,229,226
2024-11-06 03:10:00,49.7,50.5,229,226
2024-11-06 03:12:00,50.1,50.7,229,226
2024-11-06 03:14:00,50.1,50.5,229,224
2024-11-06 03:16:00,50.2,50.6,229,226
2024-11-06 03:18:00,50.1,50.6,229,226
2024-11-06 03:20:00,50.1,50.8,229,224
2024-11-06 03:22:00,50.0,50.5,229,222
2024-11-06 03:24:00,50.0,50.7,229,223
2024-11-06 03:26:00,50.2,50.9,229,223
2024-11-06 03:28:00,99.7,50.8,229,223
2024-11-06 03:30:00,49.7,50.9,229,223
2024-11-06 03:32:00,49.7,51.0,228,226
2024-11-06 03:34:00,50.2,50.6,228,223
2024-11-06 03:36:00,49.9,50.9,229,224
2024-11-06 03:38:00,50.1,50.9,229,225
2024-11-06 03:40:00,49.9,50.7,229,224
2024-11-06 03:42:00,50.0,50.7,228,225
2024-11-06 03:44:00,50.0,50.7,228,224
2024-11-06 03:46:00,50.0,50.6,228,224
2024-11-06 03:48:00,49.6,50.5,228,223
2024-11-06 03:50:00,50.0,50.7,229,223
2024-11-06 03:52:00,50.3,50.9,229,223
2024-11-06 03:54:00,50.0,51.0,229,226
2024-11-06 03:56:00,49.8,50.7,229,226
2024-11-06 03:58:00,49.8,51.1,229,226
2024-11-06 04:00:00,50.0,51.0,229,224
2024-11-06 04:02:00,50.1,50.9,229,228
2024-11-06 04:04:00,49.8,50.5,229,225
2024-11-06 04:06:00,50.0,50.9,229,226
2024-11-06 04:08:00,50.0,50.7,229,227
2024-11-06 04:10:00,50.1,50.4,229,225
2024-11-06 04:12:00,50.0,50.6,229,226
2024-11-06 04:14:00,50.0,50.6,229,226
2024-11-06 04:16:00,50.2,50.7,229,226
2024-11-06 04:18:00,49.6,50.9,229,226
2024-11-06 04:20:00,50.2,50.9,229,228
2024-11-06 04:22:00,50.1,50.9,228,228
2024-11-06 04:24:00,50.0,50.9,229,227
2024-11-06 04:26:00,50.0,51.1,229,228
2024-11-06 04:28:00,49.9,50.7,229,226
2024-11-06 04:30:00,50.0,50.7,229,225
2024-11-06 04:32:00,49.9,50.6,229,225
2024-11-06 04:34:00,49.9,50.3,229,224
2024-11-06 04:36:00,50.3,50.6,229,225
2024-11-06 04:38:00,49.9,50.5,229,223
2024-11-06 04:40:00,50.0,50.2,229,223
2024-11-06 04:42:00,50.2,50.4,230,225
2024-11-06 04:44:00,50.0,50.5,230,223
2024-11-06 04:46:00,50.0,50.4,230,223
2024-11-06 04:48:00,50.0,50.6,230,225
2024-11-06 04:50:00,50.0,50.6,230,225
2024-11-06 04:52:00,50.1,50.5,229,225
2024-11-06 04:54:00,50.0,50.6,230,225
2024-11-06 04:56:00,50.0,50.7,230,224
2024-11-06 04:58:00,50.2,50.4,230,223
2024-11-06 05:00:00,50.0,50.4,230,224
2024-11-06 05:02:00,50.3,50.3,230,221
2024-11-06 05:04:00,50.0,50.5,230,221
2024-11-06 05:06:00,49.9,50.6,230,220
2024-11-06 05:08:00,49.9,50.4,230,220
2024-11-06 05:10:00,49.9,50.4,229,219
2024-11-06 05:12:00,49.9,50.5,230,219
2024-11-06 05:14:00,50.1,50.7,229,224
2024-11-06 05:16:00,50.0,50.5,229,223
2024-11-06 05:18:00,50.1,50.5,229,222
2024-11-06 05:20:00,50.1,50.3,229,221
2024-11-06 05:22:00,50.0,50.5,229,220
2024-11-06 05:24:00,50.1,50.3,229,221
2024-11-06 05:26:00,50.2,50.2,229,221
2024-11-06 05:28:00,50.0,50.3,229,221
2024-11-06 05:30:00,50.1,50.2,229,218
2024-11-06 05:32:00,50.3,50.4,229,215
2024-11-06 05:34:00,50.2,50.2,229,216
2024-11-06 05:36:00,49.9,50.2,229,216
2024-11-06 05:38:00,49.9,50.3,230,214
2024-11-06 05:40:00,50.1,50.2,230,221
2024-11-06 05:42:00,49.8,50.3,230,214
2024-11-06 05:44:00,50.0,50.2,230,214
2024-11-06 05:46:00,49.8,50.3,230,214
2024-11-06 05:48:00,49.7,50.2,231,211
2024-11-06 05:50:00,50.0,50.3,230,209
2024-11-06 05:52:00,49.8,50.0,230,208
2024-11-06 05:54:00,50.2,49.9,230,209
2024-11-06 05:56:00,50.0,50.2,230,211
2024-11-06 05:58:00,50.1,49.6,231,211
2024-11-06 06:00:00,49.9,49.9,230,216
2024-11-06 06:02:00,50.1,49.8,231,216
2024-11-06 06:04:00,50.1,50.2,230,217
2024-11-06 06:06:00,49.7,50.2,230,207
2024-11-06 06:08:00,49.8,49.9,230,211
2024-11-06 06:10:00,50.0,50.1,230,204
2024-11-06 06:12:00,50.1,49.7,230,202
2024-11-06 06:14:00,50.0,50.3,230,202
2024-11-06 06:16:00,50.1,50.2,230,204
2024-11-06 06:18:00,50.0,50.2,230,209
2024-11-06 06:20:00,50.0,50.3,231,206
2024-11-06 06:22:00,49.9,50.0,230,207
2024-11-06 06:24:00,49.9,50.2,230,206
2024-11-06 06:26:00,49.9,50.2,230,202
2024-11-06 06:28:00,50.1,50.3,230,204
2024-11-06 06:30:00,49.9,50.3,229,211
2024-11-06 06:32:00,50.0,50.3,229,204
2024-11-06 06:34:00,50.2,50.1,229,204
2024-11-06 06:36:00,50.0,50.0,229,202
2024-11-06 06:38:00,50.0,50.3,229,205
2024-11-06 06:40:00,49.9,50.2,228,205
2024-11-06 06:42:00,49.9,50.2,228,194
2024-11-06 06:44:00,49.9,50.1,229,192
2024-11-06 06:46:00,50.1,50.2,229,199
2024-11-06 06:48:00,50.3,50.4,229,199
2024-11-06 06:50:00,50.1,50.4,229,209
2024-11-06 06:52:00,49.7,50.4,229,209
2024-11-06 06:54:00,50.0,50.4,229,214
2024-11-06 06:56:00,49.8,50.4,229,214
2024-11-06 06:58:00,49.9,50.4,228,209
2024-11-06 07:00:00,49.8,50.5,228,215
2024-11-06 07:02:00,49.9,50.1,230,209
2024-11-06 07:04:00,50.1,50.2,230,214
2024-11-06 07:06:00,49.8,50.3,230,211
2024-11-06 07:08:00,50.0,50.3,230,211
2024-11-06 07:10:00,50.1,50.3,230,211
2024-11-06 07:12:00,49.8,50.4,230,216
2024-11-06 07:14:00,49.9,50.4,230,214
2024-11-06 07:16:00,50.1,50.5,230,210
2024-11-06 07:18:00,50.1,50.4,231,211
2024-11-06 07:20:00,49.9,50.5,230,209
2024-11-06 07:22:00,50.3,50.3,230,216
2024-11-06 07:24:00,50.0,50.2,230,219
2024-11-06 07:26:00,49.7,50.2,230,216
2024-11-06 07:28:00,50.0,50.2,230,214
2024-11-06 07:30:00,50.1,50.3,230,213
2024-11-06 07:32:00,50.0,50.2,230,205
2024-11-06 07:34:00,49.7,50.4,230,209
2024-11-06 07:36:00,50.1,50.4,231,207
2024-11-06 07:38:00,49.9,50.4,230,205
2024-11-06 07:40:00,50.1,50.4,231,212
2024-11-06 07:42:00,49.9,49.9,230,210
2024-11-06 07:44:00,49.9,49.8,230,205
2024-11-06 07:46:00,50.3,50.1,230,207
2024-11-06 07:48:00,50.1,50.2,230,209
2024-11-06 07:50:00,99.3,50.4,230,210
2024-11-06 07:52:00,49.8,50.4,230,205
2024-11-06 07:54:00,49.8,50.4,231,204
2024-11-06 07:56:00,49.8,50.3,230,211
2024-11-06 07:58:00,50.2,50.1,230,211
2024-11-06 08:00:00,50.0,50.1,230,209
2024-11-06 08:02:00,50.0,50.1,226,214
2024-11-06 08:04:00,50.0,49.9,226,212
2024-11-06 08:06:00,50.1,50.4,230,211
2024-11-06 08:08:00,50.0,50.2,230,211
2024-11-06 08:10:00,50.3,50.3,230,209
2024-11-06 08:12:00,49.6,50.5,230,211
2024-11-06 08:14:00,50.1,50.4,230,208
2024-11-06 08:16:00,50.0,50.3,230,207
2024-11-06 08:18:00,49.9,50.2,230,204
2024-11-06 08:20:00,49.9,50.0,231,206
2024-11-06 08:22:00,50.0,50.2,230,199
2024-11-06 08:24:00,50.0,50.2,230,208
2024-11-06 08:26:00,50.0,50.3,231,206
2024-11-06 08:28:00,49.9,50.8,230,240
2024-11-06 08:30:00,50.1,50.6,231,238
2024-11-06 08:32:00,50.0,50.6,230,240
2024-11-06 08:34:00,50.1,50.4,230,240
2024-11-06 08:36:00,49.8,50.5,230,240
2024-11-06 08:38:00,50.2,50.4,230,237
2024-11-06 08:40:00,49.9,50.7,230,237
2024-11-06 08:42:00,50.0,50.5,230,236
2024-11-06 08:44:00,50.0,50.4,230,236
2024-11-06 08:46:00,50.0,50.5,230,237
2024-11-06 08:48:00,49.9,50.9,231,238
2024-11-06 08:50:00,50.0,50.7,226,233
2024-11-06 08:52:00,49.9,50.9,227,233
2024-11-06 08:54:00,49.8,50.6,229,234
2024-11-06 08:56:00,50.1,50.8,229,235
2024-11-06 08:58:00,49.9,50.8,229,235
2024-11-06 09:00:00,49.9,50.8,230,236
2024-11-06 09:02:00,50.0,50.7,230,236
2024-11-06 09:04:00,50.0,50.7,230,238
2024-11-06 09:06:00,49.9,50.8,230,238
2024-11-06 09:08:00,49.8,50.5,230,235
2024-11-06 09:10:00,49.9,50.3,230,236
2024-11-06 09:12:00,50.1,50.6,230,238
2024-11-06 09:14:00,50.0,50.7,230,238
2024-11-06 09:16:00,50.0,50.5,230,238
2024-11-06 09:18:00,50.0,50.5,230,238
2024-11-06 09:20:00,50.0,50.5,230,238
2024-11-06 09:22:00,50.0,50.5,230,237
2024-11-06 09:24:00,50.0,50.3,226,239
2024-11-06 09:26:00,49.9,50.4,228,237
2024-11-06 09:28:00,50.1,50.2,229,237
2024-11-06 09:30:00,50.0,50.2,229,236
2024-11-06 09:32:00,50.1,50.3,229,238
2024-11-06 09:34:00,49.9,50.4,230,238
2024-11-06 09:36:00,50.2,50.4,231,238
2024-11-06 09:38:00,49.8,50.5,230,237
2024-11-06 09:40:00,50.0,50.5,230,237
2024-11-06 09:42:00,50.0,50.3,231,237
2024-11-06 09:44:00,50.1,50.3,230,238
2024-11-06 09:46:00,49.9,50.3,230,239
2024-11-06 09:48:00,50.0,50.5,230,238
2024-11-06 09:50:00,50.0,50.5,230,236
2024-11-06 09:52:00,49.9,50.6,230,236
2024-11-06 09:54:00,50.0,50.6,231,235
2024-11-06 09:56:00,50.2,50.3,230,233
2024-11-06 09:58:00,50.0,50.4,230,236
2024-11-06 10:00:00,50.1,50.4,230,233
2024-11-06 10:02:00,50.1,50.4,230,235
2024-11-06 10:04:00,50.0,50.4,230,239
2024-11-06 10:06:00,49.9,50.4,230,239
2024-11-06 10:08:00,50.0,50.3,230,240
2024-11-06 10:10:00,50.0,50.2,230,240
2024-11-06 10:12:00,50.0,50.2,230,240
2024-11-06 10:14:00,49.9,50.1,230,239
2024-11-06 10:16:00,49.8,50.4,230,237
2024-11-06 10:18:00,50.0,50.5,230,237
2024-11-06 10:20:00,49.7,50.2,230,239
2024-11-06 10:22:00,7752,50.3,0,238
2024-11-06 10:24:00,4367,50.4,0,237
2024-11-06 10:26:00,3030,50.2,0,236
2024-11-06 10:28:00,1869,50.3,0,238
2024-11-06 10:30:00,4367,50.1,0,236
2024-11-06 10:32:00,2611,50.1,0.707,235
2024-11-06 10:34:00,3906,50.3,0,238
2024-11-06 10:36:00,3584,50.3,0,236
2024-11-06 10:38:00,7874,50.3,2.83,236
2024-11-06 10:40:00,6369,50.4,0,238
2024-11-06 10:42:00,2070,50.4,0,237
2024-11-06 10:44:00,3937,50.3,0,238
2024-11-06 10:46:00,7874,50.4,0,235
2024-11-06 10:48:00,3559,50.6,0,236
2024-11-06 10:50:00,4329,50.5,0,238
2024-11-06 10:52:00,4926,50.4,0,236
2024-11-06 10:54:00,9804,50.3,0,235
2024-11-06 10:56:00,3268,50.4,0,235
2024-11-06 10:58:00,5618,50.4,0,238
2024-11-06 11:00:00,4926,50.4,0,231
2024-11-06 11:02:00,5618,50.4,0.707,233
2024-11-06 11:04:00,2994,50.3,0,232
2024-11-06 11:06:00,5587,50.3,0,233
2024-11-06 11:08:00,6536,50.5,0,233
2024-11-06 11:10:00,49.9,50.5,228,235
2024-11-06 11:12:00,49.9,50.6,228,232
2024-11-06 11:14:00,49.9,50.5,228,233
2024-11-06 11:16:00,50.0,50.4,228,234
2024-11-06 11:18:00,50.0,50.5,228,231
2024-11-06 11:20:00,50.0,50.3,228,234
2024-11-06 11:22:00,50.1,50.2,228,236
2024-11-06 11:24:00,49.9,50.3,228,233
2024-11-06 11:26:00,50.1,50.1,228,234
2024-11-06 11:28:00,50.1,50.2,228,232
2024-11-06 11:30:00,50.0,50.4,228,231
2024-11-06 11:32:00,49.9,50.2,228,236
2024-11-06 11:34:00,49.8,50.3,228,234
2024-11-06 11:36:00,49.8,50.0,228,234
2024-11-06 11:38:00,50.1,49.5,228,233
2024-11-06 11:40:00,50.0,49.7,228,231
2024-11-06 11:42:00,50.0,49.7,228,233
2024-11-06 11:44:00,49.9,49.5,228,233
2024-11-06 11:46:00,50.0,50.0,228,234
2024-11-06 11:48:00,50.0,50.0,228,234
2024-11-06 11:50:00,49.9,49.9,227,236
2024-11-06 11:52:00,49.9,49.8,228,236
2024-11-06 11:54:00,50.0,49.7,228,236
2024-11-06 11:56:00,50.0,49.6,228,236
2024-11-06 11:58:00,49.9,49.5,228,238
2024-11-06 12:00:00,49.8,49.6,228,236
2024-11-06 12:02:00,50.1,49.8,229,235
2024-11-06 12:04:00,49.9,49.8,228,235
2024-11-06 12:06:00,50.0,49.6,228,235
2024-11-06 12:08:00,49.8,49.8,228,238
2024-11-06 12:10:00,50.0,49.9,228,238
2024-11-06 12:12:00,50.0,49.9,228,238
2024-11-06 12:14:00,49.9,50.1,227,239
2024-11-06 12:16:00,49.9,49.9,228,236
2024-11-06 12:18:00,49.8,49.9,227,234
2024-11-06 12:20:00,50.1,50.0,228,237
2024-11-06 12:22:00,49.9,49.9,227,236
2024-11-06 12:24:00,49.9,49.9,226,236
2024-11-06 12:26:00,50.0,49.9,228,234
2024-11-06 12:28:00,50.1,49.8,228,232
2024-11-06 12:30:00,50.0,49.9,228,232
2024-11-06 12:32:00,50.0,49.8,228,233
2024-11-06 12:34:00,49.9,50.2,228,236
2024-11-06 12:36:00,50.0,49.9,229,238
2024-11-06 12:38:00,50.0,49.9,230,238
2024-11-06 12:40:00,49.9,49.9,230,235
2024-11-06 12:42:00,50.0,49.9,231,236
2024-11-06 12:44:00,49.9,50.0,230,233
2024-11-06 12:46:00,50.0,49.9,231,235
2024-11-06 12:48:00,50.0,50.2,231,236
2024-11-06 12:50:00,50.0,50.2,230,234
2024-11-06 12:52:00,49.8,50.0,231,235
2024-11-06 12:54:00,49.9,50.1,231,237
2024-11-06 12:56:00,50.0,50.3,231,238
2024-11-06 12:58:00,49.9,50.2,230,238
2024-11-06 13:00:00,49.8,50.0,230,234
2024-11-06 13:02:00,50.0,50.0,230,235
2024-11-06 13:04:00,50.0,50.2,231,236
2024-11-06 13:06:00,50.0,50.2,230,236
2024-11-06 13:08:00,49.9,50.3,231,236
2024-11-06 13:10:00,50.0,50.3,231,231
2024-11-06 13:12:00,49.8,50.4,230,233
2024-11-06 13:14:00,49.9,50.0,231,235
2024-11-06 13:16:00,50.0,50.0,231,238
2024-11-06 13:18:00,49.8,49.9,231,238
2024-11-06 13:20:00,50.1,49.9,231,236
2024-11-06 13:22:00,50.0,50.1,232,236
2024-11-06 13:24:00,50.0,50.0,231,235
2024-11-06 13:26:00,49.9,49.8,231,231
2024-11-06 13:28:00,50,49.9,231,234
2024-11-06 13:30:00,49.9,50.0,232,236
2024-11-06 13:32:00,50.0,49.8,231,236
2024-11-06 13:34:00,49.9,50.0,231,235
2024-11-06 13:36:00,49.9,50.0,231,236
2024-11-06 13:38:00,50.0,50.0,231,237
2024-11-06 13:40:00,49.9,49.9,231,235
2024-11-06 13:42:00,49.9,49.9,231,237
2024-11-06 13:44:00,50.1,49.9,231,238
2024-11-06 13:46:00,49.9,49.9,232,236
2024-11-06 13:48:00,49.9,49.8,231,238
2024-11-06 13:50:00,50.0,49.9,229,238
2024-11-06 13:52:00,49.9,49.7,231,236
2024-11-06 13:54:00,50.0,50.0,231,237
2024-11-06 13:56:00,50.0,49.8,231,237
2024-11-06 13:58:00,50.0,50.0,231,236
2024-11-06 14:00:00,50.1,50,231,241
2024-11-06 14:02:00,50.0,49.7,230,245
2024-11-06 14:04:00,50.0,49.8,231,238
2024-11-06 14:06:00,50.0,49.9,231,237
2024-11-06 14:08:00,50.0,49.8,231,234
2024-11-06 14:10:00,50.0,50.0,231,237
2024-11-06 14:12:00,50.0,49.9,231,238
2024-11-06 14:14:00,50.1,49.9,231,238
2024-11-06 14:16:00,49.9,49.7,231,236
2024-11-06 14:18:00,49.9,49.7,230,236
2024-11-06 14:20:00,50.0,49.6,231,238
2024-11-06 14:22:00,50.0,49.9,230,233
2024-11-06 14:24:00,49.9,49.8,218,237
2024-11-06 14:26:00,50.1,49.9,229,240
2024-11-06 14:28:00,50.0,49.9,232,240
2024-11-06 14:30:00,50.0,49.6,232,238
2024-11-06 14:32:00,49.9,50.0,231,234
2024-11-06 14:34:00,50.0,50.0,231,236
2024-11-06 14:36:00,50.0,50.0,231,234
2024-11-06 14:38:00,49.9,50,231,235
2024-11-06 14:40:00,50.1,50.0,231,235
2024-11-06 14:42:00,50.0,50.0,232,233
2024-11-06 14:44:00,49.9,50.1,229,233
2024-11-06 14:46:00,50.0,50.1,231,235
2024-11-06 14:48:00,50.1,50.0,231,233
2024-11-06 14:50:00,50.0,49.9,231,235
2024-11-06 14:52:00,49.9,50.0,231,236
2024-11-06 14:54:00,50.0,50.2,231,234
2024-11-06 14:56:00,49.9,50.3,231,233
2024-11-06 14:58:00,49.9,50.2,231,231
2024-11-06 15:00:00,50.0,50.2,231,232
2024-11-06 15:02:00,50.1,50.3,231,232
2024-11-06 15:04:00,50.0,50.4,231,233
2024-11-06 15:06:00,49.8,50.1,231,233
2024-11-06 15:08:00,50.1,50.3,231,236
2024-11-06 15:10:00,49.9,50.3,231,235
2024-11-06 15:12:00,50.0,50.3,231,235
2024-11-06 15:14:00,50.0,50.5,231,231
2024-11-06 15:16:00,50.1,50.6,231,236
2024-11-06 15:18:00,50.0,50.5,231,236
2024-11-06 15:20:00,50.0,50.5,231,234
2024-11-06 15:22:00,49.9,50.3,231,237
2024-11-06 15:24:00,50.1,50.5,231,236
2024-11-06 15:26:00,50.0,50.2,231,239
2024-11-06 15:28:00,50.0,50.4,231,238
2024-11-06 15:30:00,49.9,50.1,231,236
2024-11-06 15:32:00,50.0,50.3,231,235
2024-11-06 15:34:00,49.9,50.2,231,239
2024-11-06 15:36:00,49.8,50.0,230,238
2024-11-06 15:38:00,50.0,50.1,231,240
2024-11-06 15:40:00,50.0,50.2,231,238
2024-11-06 15:42:00,49.9,50.3,231,238
2024-11-06 15:44:00,50.1,50.4,231,238
2024-11-06 15:46:00,49.9,50.3,231,238
2024-11-06 15:48:00,50.0,50.3,231,237
2024-11-06 15:50:00,49.9,50.2,231,240
2024-11-06 15:52:00,50.0,50.3,231,238
2024-11-06 15:54:00,50.0,50.5,231,235
2024-11-06 15:56:00,50.1,50.7,232,238
2024-11-06 15:58:00,50.0,50.7,231,236
2024-11-06 16:00:00,49.9,50.6,231,236
2024-11-06 16:02:00,50.0,50.6,231,236
2024-11-06 16:04:00,50.0,50.6,231,237
2024-11-06 16:06:00,49.9,50.7,231,234
2024-11-06 16:08:00,50.0,50.6,231,236
2024-11-06 16:10:00,50.0,50.7,231,235
2024-11-06 16:12:00,50,50.7,231,237
2024-11-06 16:14:00,50.1,50.9,231,236
2024-11-06 16:16:00,50.0,50.7,231,237
2024-11-06 16:18:00,50.0,50.7,231,236
2024-11-06 16:20:00,50.0,50.9,231,234
2024-11-06 16:22:00,49.9,50.7,233,235
2024-11-06 16:24:00,49.9,50.9,233,238
2024-11-06 16:26:00,50.0,50.7,233,237
2024-11-06 16:28:00,50.0,50.7,233,236
2024-11-06 16:30:00,49.9,50.9,233,235
2024-11-06 16:32:00,49.9,50.9,233,236
2024-11-06 16:34:00,49.9,50.7,233,236
2024-11-06 16:36:00,50.0,50.9,231,238
2024-11-06 16:38:00,50.0,51.1,231,238
2024-11-06 16:40:00,50.0,50.9,231,238
2024-11-06 16:42:00,50.0,50.7,231,233
2024-11-06 16:44:00,50.0,50.7,231,234
2024-11-06 16:46:00,50.1,51.0,231,236
2024-11-06 16:48:00,49.8,51.1,231,238
2024-11-06 16:50:00,50.0,50.8,231,237
2024-11-06 16:52:00,50.0,50.9,230,237
2024-11-06 16:54:00,50.0,50.9,230,238
2024-11-06 16:56:00,50.0,51.2,231,239
2024-11-06 16:58:00,50.1,50.9,231,238
2024-11-06 17:00:00,49.9,50.7,231,237
2024-11-06 17:02:00,50.0,50.7,231,238
2024-11-06 17:04:00,50.1,51.1,231,238
2024-11-06 17:06:00,50.0,51.0,231,239
2024-11-06 17:08:00,50.0,50.8,230,237
2024-11-06 17:10:00,49.8,50.0,230,236
2024-11-06 17:12:00,49.9,49.0,231,180
2024-11-06 17:14:00,50.0,49.3,231,181
2024-11-06 17:16:00,49.8,49.4,231,179
2024-11-06 17:18:00,49.9,49.5,231,188
2024-11-06 17:20:00,49.9,49.7,231,185
2024-11-06 17:22:00,49.9,49.5,231,187
2024-11-06 17:24:00,50.0,49.6,230,187
2024-11-06 17:26:00,49.8,49.2,227,183
2024-11-06 17:28:00,50.0,49.2,228,179
2024-11-06 17:30:00,50.0,49.3,229,184
2024-11-06 17:32:00,49.8,49.3,230,173
2024-11-06 17:34:00,50.1,49.4,230,186
2024-11-06 17:36:00,50.0,49.8,229,185
2024-11-06 17:38:00,49.8,49.7,230,188
2024-11-06 17:40:00,49.8,49.6,230,181
2024-11-06 17:42:00,49.9,49.4,230,181
2024-11-06 17:44:00,50.0,49.3,226,182
2024-11-06 17:46:00,50.0,49.1,228,183
2024-11-06 17:48:00,49.9,49.4,228,183
2024-11-06 17:50:00,49.9,49.3,229,186
2024-11-06 17:52:00,50.0,49.8,228,182
2024-11-06 17:54:00,50.0,49.7,228,189
2024-11-06 17:56:00,50.0,49.9,233,191
2024-11-06 17:58:00,49.9,49.6,233,187
2024-11-06 18:00:00,49.9,49.7,232,187
2024-11-06 18:02:00,50.1,49.6,232,189
2024-11-06 18:04:00,50.1,49.6,232,185
2024-11-06 18:06:00,50.1,49.4,232,183
2024-11-06 18:08:00,50.0,49.6,231,182
2024-11-06 18:10:00,50.0,49.6,232,187
2024-11-06 18:12:00,49.9,49.3,232,187
2024-11-06 18:14:00,50.0,49.4,233,184
2024-11-06 18:16:00,50.0,49.5,232,182
2024-11-06 18:18:00,50.0,49.4,231,184
2024-11-06 18:20:00,50.0,49.6,232,187
2024-11-06 18:22:00,50.1,49.3,232,186
2024-11-06 18:24:00,50.1,49.6,232,184
2024-11-06 18:26:00,49.9,49.4,232,185
2024-11-06 18:28:00,49.8,49.1,232,180
2024-11-06 18:30:00,50.0,49.3,232,180
2024-11-06 18:32:00,50.0,49.3,232,180
2024-11-06 18:34:00,50.0,49.2,231,175
2024-11-06 18:36:00,50.1,49.4,231,178
2024-11-06 18:38:00,49.8,49.3,232,181
2024-11-06 18:40:00,50.0,49.3,231,183
2024-11-06 18:42:00,50.1,49.3,232,178
2024-11-06 18:44:00,50.0,49.1,231,179
2024-11-06 18:46:00,49.8,49.4,231,178
2024-11-06 18:48:00,50.0,49.3,232,175
2024-11-06 18:50:00,49.9,49.3,231,176
2024-11-06 18:52:00,49.9,49.2,232,178
2024-11-06 18:54:00,50.0,49.4,232,178
2024-11-06 18:56:00,50.0,49.3,231,173
2024-11-06 18:58:00,50.0,7874,231,0
2024-11-06 19:00:00,50.1,4367,231,0
2024-11-06 19:02:00,49.9,2299,232,0
2024-11-06 19:04:00,49.7,51.1,231,242
2024-11-06 19:06:00,50.0,51.3,231,241
2024-11-06 19:08:00,50.0,51.1,231,238
2024-11-06 19:10:00,50.0,51.0,231,238
2024-11-06 19:12:00,49.9,51.0,231,242
2024-11-06 19:14:00,49.9,50.9,232,240
2024-11-06 19:16:00,49.9,50.7,232,238
2024-11-06 19:18:00,50.1,51.0,232,240
2024-11-06 19:20:00,49.9,51.4,232,239
2024-11-06 19:22:00,49.9,50.7,232,236
2024-11-06 19:24:00,49.9,50.4,231,238
2024-11-06 19:26:00,50.0,50.5,231,237
2024-11-06 19:28:00,50.0,50.6,231,240
2024-11-06 19:30:00,49.9,50.5,232,238
2024-11-06 19:32:00,50.1,50.5,232,239
2024-11-06 19:34:00,50.1,50.6,231,240
2024-11-06 19:36:00,50.0,50.6,232,240
2024-11-06 19:38:00,50.0,50.5,231,240
2024-11-06 19:40:00,50.1,50.7,231,238
2024-11-06 19:42:00,49.9,50.6,232,241
2024-11-06 19:44:00,49.9,50.8,232,242
2024-11-06 19:46:00,49.9,50.8,232,241
2024-11-06 19:48:00,50.0,50.8,231,241
2024-11-06 19:50:00,50.0,50.6,232,240
2024-11-06 19:52:00,50.0,50.7,231,243
2024-11-06 19:54:00,50.1,50.7,232,239
2024-11-06 19:56:00,50.0,50.7,231,239
2024-11-06 19:58:00,50.0,50.8,232,240
2024-11-06 20:00:00,50.0,50.8,232,240
2024-11-06 20:02:00,50.2,50.6,231,239
2024-11-06 20:04:00,50.0,50.6,228,240
2024-11-06 20:06:00,50.2,50.8,228,240
2024-11-06 20:08:00,50.1,50.8,228,243
2024-11-06 20:10:00,50.0,50.9,228,241
2024-11-06 20:12:00,50.1,51.0,228,242
2024-11-06 20:14:00,50.0,50.7,228,240
2024-11-06 20:16:00,50.0,50.8,228,241
2024-11-06 20:18:00,99.3,50.6,228,239
2024-11-06 20:20:00,50.0,50.7,228,240
2024-11-06 20:22:00,49.9,4386,228,120
2024-11-06 20:24:00,50.0,50.0,228,183
2024-11-06 20:26:00,50.1,49.9,228,184
2024-11-06 20:28:00,50.0,49.9,227,182
2024-11-06 20:30:00,49.8,50.2,232,178
2024-11-06 20:32:00,50.0,49.8,232,187
2024-11-06 20:34:00,50.0,50.1,230,185
2024-11-06 20:36:00,50.1,49.8,229,185
2024-11-06 20:38:00,50.1,49.8,232,190
2024-11-06 20:40:00,50.0,49.9,233,192
2024-11-06 20:42:00,49.8,49.9,232,190
2024-11-06 20:44:00,49.9,49.6,232,188
2024-11-06 20:46:00,50.0,49.8,232,193
2024-11-06 20:48:00,49.8,50.2,232,192
2024-11-06 20:50:00,49.9,50.1,233,192
2024-11-06 20:52:00,50.0,50.1,232,190
2024-11-06 20:54:00,49.9,50.2,232,192
2024-11-06 20:56:00,49.9,50.0,233,192
2024-11-06 20:58:00,49.9,50.1,232,189
2024-11-06 21:00:00,49.9,50.3,232,194
2024-11-06 21:02:00,50.0,50.2,232,195
2024-11-06 21:04:00,49.9,50.3,232,190
2024-11-06 21:06:00,50.0,50.3,233,194
2024-11-06 21:08:00,50.0,49.9,233,193
2024-11-06 21:10:00,50.0,50.0,233,197
2024-11-06 21:12:00,50.0,50.2,233,192
2024-11-06 21:14:00,50.0,50.2,233,191
2024-11-06 21:16:00,50.0,50.1,233,194
2024-11-06 21:18:00,49.9,50.0,233,199
2024-11-06 21:20:00,50.1,50.1,233,195
2024-11-06 21:22:00,49.8,50.1,233,197
2024-11-06 21:24:00,50.0,50.0,233,197
2024-11-06 21:26:00,50.1,50.3,232,199
2024-11-06 21:28:00,50.0,50.0,233,200
2024-11-06 21:30:00,49.8,50.4,231,196
2024-11-06 21:32:00,49.9,50.2,232,198
2024-11-06 21:34:00,50.0,49.7,232,199
2024-11-06 21:36:00,50.0,49.6,232,197
2024-11-06 21:38:00,49.9,49.8,232,198
2024-11-06 21:40:00,50.0,49.4,232,199
2024-11-06 21:42:00,50.1,49.7,231,199
2024-11-06 21:44:00,50.0,49.6,231,199
2024-11-06 21:46:00,49.7,49.6,232,195
2024-11-06 21:48:00,50.0,49.7,231,202
2024-11-06 21:50:00,50.0,49.8,231,204
2024-11-06 21:52:00,50.0,49.7,232,204
2024-11-06 21:54:00,49.9,49.7,231,205
2024-11-06 21:56:00,50.0,49.7,232,206
2024-11-06 21:58:00,49.7,49.7,232,205
2024-11-06 22:00:00,50.0,49.7,231,204
2024-11-06 22:02:00,50.0,49.7,232,207
2024-11-06 22:04:00,50.0,49.6,232,207
2024-11-06 22:06:00,50.1,49.9,231,208
2024-11-06 22:08:00,50.1,50.0,231,206
2024-11-06 22:10:00,50.0,50.0,231,207
2024-11-06 22:12:00,50.0,49.8,231,209
2024-11-06 22:14:00,50.0,49.7,232,207
2024-11-06 22:16:00,50.0,49.8,231,207
2024-11-06 22:18:00,50.0,49.7,232,211
2024-11-06 22:20:00,50.0,49.8,231,209
2024-11-06 22:22:00,50.1,49.7,231,207
2024-11-06 22:24:00,50.0,49.7,231,210
2024-11-06 22:26:00,50.0,49.7,231,209
2024-11-06 22:28:00,50.0,49.6,231,210
2024-11-06 22:30:00,50.0,49.8,231,209
2024-11-06 22:32:00,49.8,49.8,230,208
2024-11-06 22:34:00,49.9,50.0,229,211
2024-11-06 22:36:00,49.9,50.0,229,210
2024-11-06 22:38:00,50.1,49.8,230,209
2024-11-06 22:40:00,49.9,49.8,229,211
2024-11-06 22:42:00,50.0,49.7,229,213
2024-11-06 22:44:00,50.0,50.0,228,211
2024-11-06 22:46:00,49.8,49.8,229,210
2024-11-06 22:48:00,50.0,49.5,229,209
2024-11-06 22:50:00,50.0,49.7,229,213
2024-11-06 22:52:00,50.0,49.5,229,211
2024-11-06 22:54:00,50.0,49.6,228,210
2024-11-06 22:56:00,49.9,49.8,229,211
2024-11-06 22:58:00,49.9,49.9,228,214
2024-11-06 23:00:00,50.0,49.9,230,212
2024-11-06 23:02:00,50.0,49.7,228,213
2024-11-06 23:04:00,49.8,50.1,228,216
2024-11-06 23:06:00,50.0,50.0,228,216
2024-11-06 23:08:00,49.8,50.1,228,215
2024-11-06 23:10:00,49.9,50.0,228,217
2024-11-06 23:12:00,49.9,50.1,229,216
2024-11-06 23:14:00,50.0,50.0,228,218
2024-11-06 23:16:00,49.9,50.0,229,219
2024-11-06 23:18:00,49.9,49.9,228,220
2024-11-06 23:20:00,50.0,49.7,228,218
2024-11-06 23:22:00,50.1,50.1,228,218
2024-11-06 23:24:00,50.1,50.0,228,216
2024-11-06 23:26:00,50.1,50.0,229,219
2024-11-06 23:28:00,50.0,50.0,228,219
2024-11-06 23:30:00,49.9,50.1,228,219
2024-11-06 23:32:00,50.0,49.9,228,217
2024-11-06 23:34:00,49.8,49.9,228,220
2024-11-06 23:36:00,49.9,50.0,231,220
2024-11-06 23:38:00,50.0,50.0,229,219
2024-11-06 23:40:00,50.1,50.0,229,217
2024-11-06 23:42:00,49.9,49.9,231,219
2024-11-06 23:44:00,49.8,50.1,231,219
2024-11-06 23:46:00,50.0,49.9,230,217
2024-11-06 23:48:00,50.0,50.1,231,219
2024-11-06 23:50:00,50.0,49.8,231,219
2024-11-06 23:52:00,50.0,49.9,231,219
2024-11-06 23:54:00,49.8,50.0,231,219
2024-11-06 23:56:00,50.1,49.9,229,219
2024-11-06 23:58:00,50.2,50.0,230,218
2024-11-07 00:00:00,50.0,50.0,231,216
2024-11-07 00:02:00,49.9,50.0,229,216
2024-11-07 00:04:00,50.1,50.2,230,219
2024-11-07 00:06:00,50.0,50.3,230,223
2024-11-07 00:08:00,50.0,50.2,230,219
2024-11-07 00:10:00,49.8,50.2,230,221
2024-11-07 00:12:00,50.0,50.2,231,222
2024-11-07 00:14:00,50.0,50.2,230,222
2024-11-07 00:16:00,50.0,50.0,231,220
2024-11-07 00:18:00,50.0,50.0,231,220
2024-11-07 00:20:00,50.0,49.9,231,220
2024-11-07 00:22:00,50.0,49.7,231,221
2024-11-07 00:24:00,49.8,49.7,230,219
2024-11-07 00:26:00,50.0,50.0,230,218
2024-11-07 00:28:00,49.8,49.8,231,218
2024-11-07 00:30:00,50.1,50.2,231,219
2024-11-07 00:32:00,50.0,50.2,231,217
2024-11-07 00:34:00,50.0,49.9,231,219
2024-11-07 00:36:00,50.1,50.0,230,221
2024-11-07 00:38:00,49.9,50.2,231,222
2024-11-07 00:40:00,49.9,50.2,231,219
2024-11-07 00:42:00,50.1,50.1,231,223
2024-11-07 00:44:00,49.8,49.9,230,221
2024-11-07 00:46:00,50.0,49.9,231,218
2024-11-07 00:48:00,50.2,50.0,231,220
2024-11-07 00:50:00,49.9,49.8,231,221
2024-11-07 00:52:00,49.9,49.8,230,220
2024-11-07 00:54:00,50.0,49.9,231,216
2024-11-07 00:56:00,49.9,50.0,230,220
2024-11-07 00:58:00,50.0,50.0,231,222
2024-11-07 01:00:00,50.0,50.0,231,219
2024-11-07 01:02:00,50.0,50.2,231,219
2024-11-07 01:04:00,50.1,50.2,230,218
2024-11-07 01:06:00,50.1,50.2,230,222
2024-11-07 01:08:00,49.9,50.2,231,217
2024-11-07 01:10:00,49.9,50.1,230,219
2024-11-07 01:12:00,49.8,50.1,230,221
2024-11-07 01:14:00,49.9,50.2,231,221
2024-11-07 01:16:00,50.1,49.9,231,221
2024-11-07 01:18:00,49.9,50.0,231,221
2024-11-07 01:20:00,49.9,49.9,231,222
2024-11-07 01:22:00,50.0,49.9,231,217
2024-11-07 01:24:00,49.9,49.9,230,220
2024-11-07 01:26:00,49.9,50.2,231,219
2024-11-07 01:28:00,50.0,49.8,230,221
2024-11-07 01:30:00,50.1,50.1,231,219
2024-11-07 01:32:00,49.9,50.2,230,221
2024-11-07 01:34:00,49.8,50.2,231,221
2024-11-07 01:36:00,49.9,50.1,231,222
2024-11-07 01:38:00,49.9,50,231,221
2024-11-07 01:40:00,50.0,49.8,231,219
2024-11-07 01:42:00,50.0,49.7,231,223
2024-11-07 01:44:00,49.9,49.6,231,224
2024-11-07 01:46:00,49.8,49.7,231,222
2024-11-07 01:48:00,50.0,49.7,231,219
2024-11-07 01:50:00,50.1,49.5,231,223
2024-11-07 01:52:00,49.8,49.5,231,223
2024-11-07 01:54:00,49.9,49.5,231,218
2024-11-07 01:56:00,50.0,49.5,231,221
2024-11-07 01:58:00,49.9,49.4,231,220
2024-11-07 02:00:00,49.9,49.7,230,221
2024-11-07 02:02:00,50.0,49.7,231,221
2024-11-07 02:04:00,50.1,49.5,231,222
2024-11-07 02:06:00,49.9,49.8,231,222
2024-11-07 02:08:00,49.9,50.0,229,223
2024-11-07 02:10:00,49.9,49.9,231,220
2024-11-07 02:12:00,50.1,49.8,231,221
2024-11-07 02:14:00,50.0,49.7,231,223
2024-11-07 02:16:00,50.1,49.9,230,221
2024-11-07 02:18:00,50.0,50.0,231,223
2024-11-07 02:20:00,49.8,49.7,231,223
2024-11-07 02:22:00,50.1,49.5,230,221
2024-11-07 02:24:00,50.1,49.6,231,221
2024-11-07 02:26:00,49.9,49.6,231,221
2024-11-07 02:28:00,50.0,49.6,231,222
2024-11-07 02:30:00,49.8,49.8,230,219
2024-11-07 02:32:00,50.0,49.6,230,220
2024-11-07 02:34:00,49.8,49.5,230,221
2024-11-07 02:36:00,49.9,50.0,230,223
2024-11-07 02:38:00,49.9,49.9,229,220
2024-11-07 02:40:00,49.9,49.6,230,222
2024-11-07 02:42:00,50.0,50.0,229,222
2024-11-07 02:44:00,49.8,49.7,227,223
2024-11-07 02:46:00,50.1,50.1,227,221
2024-11-07 02:48:00,50.1,50.1,229,223
2024-11-07 02:50:00,50.0,49.9,230,221
2024-11-07 02:52:00,49.9,49.9,230,224
2024-11-07 02:54:00,49.8,49.8,231,220
2024-11-07 02:56:00,49.9,49.7,230,219
2024-11-07 02:58:00,50.2,49.7,230,222
2024-11-07 03:00:00,49.9,49.7,231,219
2024-11-07 03:02:00,50.1,49.5,230,220
2024-11-07 03:04:00,49.8,49.7,231,221
2024-11-07 03:06:00,50.0,49.6,230,222
2024-11-07 03:08:00,49.9,49.6,231,223
2024-11-07 03:10:00,50.0,49.8,230,220
2024-11-07 03:12:00,50.0,49.8,231,222
2024-11-07 03:14:00,49.9,49.6,230,222
2024-11-07 03:16:00,50.0,49.9,230,222
2024-11-07 03:18:00,49.8,49.8,230,223
2024-11-07 03:20:00,49.9,49.8,230,223
2024-11-07 03:22:00,49.8,49.8,230,223
2024-11-07 03:24:00,50.0,49.7,229,223
2024-11-07 03:26:00,50.1,49.7,230,225
2024-11-07 03:28:00,49.8,49.7,229,222
2024-11-07 03:30:00,50.0,49.5,229,223
2024-11-07 03:32:00,49.9,49.6,230,223
2024-11-07 03:34:00,49.9,49.6,229,224
2024-11-07 03:36:00,50,49.8,229,223
2024-11-07 03:38:00,50.0,50.1,229,223
2024-11-07 03:40:00,49.8,50.1,229,225
2024-11-07 03:42:00,50.0,50.2,230,226
2024-11-07 03:44:00,50.0,50.1,229,221
2024-11-07 03:46:00,50.0,50.2,229,223
2024-11-07 03:48:00,50.0,50.5,229,224
2024-11-07 03:50:00,50.1,50.2,230,224
2024-11-07 03:52:00,50.0,50.2,229,223
2024-11-07 03:54:00,50.0,50.1,229,223
2024-11-07 03:56:00,50.0,50.3,229,223
2024-11-07 03:58:00,50.0,50.3,229,224
2024-11-07 04:00:00,50.1,50.3,229,222
2024-11-07 04:02:00,50.0,50.1,230,222
2024-11-07 04:04:00,50.1,50.4,229,222
2024-11-07 04:06:00,49.9,50.1,230,223
2024-11-07 04:08:00,50.0,50.2,229,223
2024-11-07 04:10:00,50.1,50.4,229,223
2024-11-07 04:12:00,50.0,50.3,230,224
2024-11-07 04:14:00,49.8,50.2,229,225
2024-11-07 04:16:00,50.0,50.1,229,224
2024-11-07 04:18:00,49.7,50.0,230,223
2024-11-07 04:20:00,50.0,49.9,229,223
2024-11-07 04:22:00,50.1,50.1,229,225
2024-11-07 04:24:00,50.1,50.0,229,225
2024-11-07 04:26:00,49.7,50.2,229,226
2024-11-07 04:28:00,49.9,49.9,230,226
2024-11-07 04:30:00,50.1,50.2,230,226
2024-11-07 04:32:00,50.0,50.2,230,227
2024-11-07 04:34:00,50.1,50.1,230,225
2024-11-07 04:36:00,50.0,50.2,230,225
2024-11-07 04:38:00,49.9,50.4,230,226
2024-11-07 04:40:00,50.0,50.3,230,227
2024-11-07 04:42:00,50.0,50.5,230,228
2024-11-07 04:44:00,49.9,50.0,229,226
2024-11-07 04:46:00,50.0,50.0,230,223
2024-11-07 04:48:00,50.0,50.0,230,226
2024-11-07 04:50:00,50.0,49.9,231,223
2024-11-07 04:52:00,50.0,50.0,231,226
2024-11-07 04:54:00,50.2,50.0,229,224
2024-11-07 04:56:00,50.0,50.2,230,226
2024-11-07 04:58:00,49.9,50.0,230,224
2024-11-07 05:00:00,50.0,50.4,231,224
2024-11-07 05:02:00,49.9,50.0,230,223
2024-11-07 05:04:00,50.0,50.0,230,223
2024-11-07 05:06:00,50.0,50.3,230,221
2024-11-07 05:08:00,50.0,50.0,231,221
2024-11-07 05:10:00,50.0,50.2,231,219
2024-11-07 05:12:00,50.0,49.9,229,221
2024-11-07 05:14:00,49.9,49.9,230,218
2024-11-07 05:16:00,50.0,49.8,230,219
2024-11-07 05:18:00,50.0,49.9,230,221
2024-11-07 05:20:00,50.1,49.7,230,220
2024-11-07 05:22:00,50.0,49.8,230,219
2024-11-07 05:24:00,49.9,49.8,231,218
2024-11-07 05:26:00,50.1,49.7,231,217
2024-11-07 05:28:00,50.0,49.9,230,216
2024-11-07 05:30:00,49.8,49.8,231,214
2024-11-07 05:32:00,49.9,49.8,231,211
2024-11-07 05:34:00,49.9,49.7,230,210
2024-11-07 05:36:00,49.9,49.6,231,210
2024-11-07 05:38:00,50.0,49.8,230,216
2024-11-07 05:40:00,49.9,50.0,230,213
2024-11-07 05:42:00,50.0,49.7,230,211
2024-11-07 05:44:00,49.9,49.8,229,212
2024-11-07 05:46:00,50.0,49.5,230,205
2024-11-07 05:48:00,50.1,50.0,229,216
2024-11-07 05:50:00,50.0,49.8,229,214
2024-11-07 05:52:00,50.0,49.6,229,213
2024-11-07 05:54:00,50.0,49.4,230,208
2024-11-07 05:56:00,50.2,49.8,230,215
2024-11-07 05:58:00,49.9,49.6,230,211
2024-11-07 06:00:00,50.0,49.7,229,215
2024-11-07 06:02:00,50.0,49.6,229,216
2024-11-07 06:04:00,49.9,49.6,229,215
2024-11-07 06:06:00,49.8,49.6,230,211
2024-11-07 06:08:00,50.0,49.3,230,208
2024-11-07 06:10:00,50.0,49.2,231,210
2024-11-07 06:12:00,49.9,49.3,229,203
2024-11-07 06:14:00,50.2,49.7,230,211
2024-11-07 06:16:00,50.0,49.6,230,211
2024-11-07 06:18:00,50.0,49.6,230,211
2024-11-07 06:20:00,50.0,50.0,229,216
2024-11-07 06:22:00,49.9,49.8,230,211
2024-11-07 06:24:00,50.0,49.8,230,214
2024-11-07 06:26:00,49.9,49.8,231,214
2024-11-07 06:28:00,50.0,49.7,231,210
2024-11-07 06:30:00,49.8,49.8,231,215
2024-11-07 06:32:00,49.8,49.5,229,214
2024-11-07 06:34:00,50.0,49.6,229,216
2024-11-07 06:36:00,49.9,49.8,231,214
2024-11-07 06:38:00,50.0,49.7,231,213
2024-11-07 06:40:00,50.0,49.8,231,215
2024-11-07 06:42:00,50.1,49.7,231,213
2024-11-07 06:44:00,50.0,49.6,231,210
2024-11-07 06:46:00,50.1,49.7,231,214
2024-11-07 06:48:00,50.0,50.2,231,214
2024-11-07 06:50:00,49.9,49.8,232,218
2024-11-07 06:52:00,50.1,49.9,232,214
2024-11-07 06:54:00,49.9,50.1,231,211
2024-11-07 06:56:00,50.0,49.7,231,212
2024-11-07 06:58:00,49.9,49.9,231,213
2024-11-07 07:00:00,50.0,49.8,231,210
2024-11-07 07:02:00,50.0,50.0,232,213
2024-11-07 07:04:00,50.0,49.6,231,207
2024-11-07 07:06:00,49.9,49.8,231,210
2024-11-07 07:08:00,49.9,49.5,231,208
2024-11-07 07:10:00,50.0,49.8,231,211
2024-11-07 07:12:00,50.0,49.9,231,210
2024-11-07 07:14:00,50,49.8,230,208
2024-11-07 07:16:00,50.0,50.0,229,208
2024-11-07 07:18:00,49.9,49.8,230,215
2024-11-07 07:20:00,50.0,49.9,230,212
2024-11-07 07:22:00,50.1,49.8,228,216
2024-11-07 07:24:00,50.0,49.9,228,212
2024-11-07 07:26:00,50.1,49.8,229,215
2024-11-07 07:28:00,50.0,49.7,228,216
2024-11-07 07:30:00,50.0,49.9,228,219
2024-11-07 07:32:00,49.9,49.9,229,214
2024-11-07 07:34:00,49.9,49.6,228,215
2024-11-07 07:36:00,50.1,49.8,228,214
2024-11-07 07:38:00,50.1,49.9,228,211
2024-11-07 07:40:00,50.0,49.9,228,213
2024-11-07 07:42:00,49.9,49.7,228,211
2024-11-07 07:44:00,50.2,49.8,228,216
2024-11-07 07:46:00,49.9,49.7,228,213
2024-11-07 07:48:00,50.0,49.7,228,213
2024-11-07 07:50:00,50.0,49.8,228,216
2024-11-07 07:52:00,49.9,50.0,228,216
2024-11-07 07:54:00,49.9,49.9,228,216
2024-11-07 07:56:00,50.0,49.8,230,216
2024-11-07 07:58:00,50.0,49.7,228,214
2024-11-07 08:00:00,50.0,49.7,228,211
2024-11-07 08:02:00,50.2,49.6,228,211
2024-11-07 08:04:00,50.1,49.8,228,211
2024-11-07 08:06:00,50.0,49.7,228,211
2024-11-07 08:08:00,50.0,49.6,228,210
2024-11-07 08:10:00,49.9,49.9,228,211
2024-11-07 08:12:00,49.9,49.8,228,210
2024-11-07 08:14:00,50.0,49.8,228,210
2024-11-07 08:16:00,50.0,49.8,229,210
2024-11-07 08:18:00,50.0,49.9,228,210
2024-11-07 08:20:00,49.8,49.8,231,215
2024-11-07 08:22:00,50.0,49.5,230,209
2024-11-07 08:24:00,49.9,49.7,231,207
2024-11-07 08:26:00,50.0,49.6,231,207
2024-11-07 08:28:00,50.0,49.6,231,207
2024-11-07 08:30:00,50.1,49.6,231,207
2024-11-07 08:32:00,50.0,49.7,231,215
2024-11-07 08:34:00,49.9,49.7,230,214
2024-11-07 08:36:00,50.0,49.7,231,211
2024-11-07 08:38:00,49.9,49.7,231,219
2024-11-07 08:40:00,49.8,49.7,230,211
2024-11-07 08:42:00,49.9,49.5,231,213
2024-11-07 08:44:00,49.9,49.8,230,211
2024-11-07 08:46:00,49.9,56.1,231,231
2024-11-07 08:48:00,50.0,56.2,231,234
2024-11-07 08:50:00,49.9,56.1,231,232
2024-11-07 08:52:00,50.0,56.0,231,231
2024-11-07 08:54:00,50.1,56.2,231,231
2024-11-07 08:56:00,49.9,55.8,231,231
2024-11-07 08:58:00,50.0,55.5,231,228
2024-11-07 09:00:00,50.0,55.8,231,228
2024-11-07 09:02:00,50.0,55.7,231,228
2024-11-07 09:04:00,50.0,55.9,231,228
2024-11-07 09:06:00,50.1,55.6,231,230
2024-11-07 09:08:00,50.1,55.6,231,232
2024-11-07 09:10:00,50.0,55.5,231,233
2024-11-07 09:12:00,49.9,56.1,231,234
2024-11-07 09:14:00,50.0,55.6,231,233
2024-11-07 09:16:00,50.0,54.5,231,233
2024-11-07 09:18:00,50.0,54.9,231,235
2024-11-07 09:20:00,49.9,54.8,231,233
2024-11-07 09:22:00,50.0,54.9,231,235
2024-11-07 09:24:00,50.0,55.0,231,233
2024-11-07 09:26:00,50.0,54.5,231,233
2024-11-07 09:28:00,50.0,54.8,227,233
2024-11-07 09:30:00,50.0,54.2,227,235
2024-11-07 09:32:00,50.1,54.5,229,234
2024-11-07 09:34:00,50.0,54.4,229,236
2024-11-07 09:36:00,50.0,55.0,229,233
2024-11-07 09:38:00,49.9,55.0,231,230
2024-11-07 09:40:00,50.0,55.5,231,231
2024-11-07 09:42:00,49.9,54.9,231,230
2024-11-07 09:44:00,50.0,54.8,231,229
2024-11-07 09:46:00,50.0,55.5,231,229
2024-11-07 09:48:00,50.0,55.1,231,230
2024-11-07 09:50:00,50.1,54.9,231,226
2024-11-07 09:52:00,50.0,54.3,231,226
2024-11-07 09:54:00,49.9,54.9,231,227
2024-11-07 09:56:00,49.9,54.4,231,225
2024-11-07 09:58:00,50.1,53.1,231,227
2024-11-07 10:00:00,50.1,52.2,231,232
2024-11-07 10:02:00,50.0,51.8,231,231
2024-11-07 10:04:00,49.9,52.0,231,231
2024-11-07 10:06:00,49.9,54.4,228,235
2024-11-07 10:08:00,49.9,52.2,229,236
2024-11-07 10:10:00,49.8,54.1,228,234
2024-11-07 10:12:00,50.0,53.9,228,233
2024-11-07 10:14:00,50.0,53.0,228,233
2024-11-07 10:16:00,50.0,53.2,228,231
2024-11-07 10:18:00,50.0,52.1,228,231
2024-11-07 10:20:00,49.9,51.9,228,229
2024-11-07 10:22:00,50.1,52.1,228,231
2024-11-07 10:24:00,50.0,51.9,228,231
2024-11-07 10:26:00,50.0,52.0,228,231
2024-11-07 10:28:00,49.9,52.2,228,233
2024-11-07 10:30:00,50.0,52.1,228,234
2024-11-07 10:32:00,50.1,53.7,229,233
2024-11-07 10:34:00,49.9,53.4,229,233
2024-11-07 10:36:00,50.1,53.4,228,234
2024-11-07 10:38:00,49.9,53.6,228,233
2024-11-07 10:40:00,50.0,54.5,228,230
2024-11-07 10:42:00,50.0,54.7,228,230
2024-11-07 10:44:00,49.9,54.2,228,228
2024-11-07 10:46:00,50.0,54.7,228,228
2024-11-07 10:48:00,49.8,54.1,228,228
2024-11-07 10:50:00,49.9,54.5,228,228
2024-11-07 10:52:00,50.1,53.8,229,228
2024-11-07 10:54:00,50.0,53.8,228,228
2024-11-07 10:56:00,49.9,54.0,228,231
2024-11-07 10:58:00,50.0,53.4,228,231
2024-11-07 11:00:00,49.9,54.2,228,230
2024-11-07 11:02:00,50.1,53.2,228,230
2024-11-07 11:04:00,50.1,52.0,228,233
2024-11-07 11:06:00,50.0,51.5,229,231
2024-11-07 11:08:00,50.0,51.9,228,233
2024-11-07 11:10:00,49.9,51.4,228,233
2024-11-07 11:12:00,49.9,53.9,228,233
2024-11-07 11:14:00,50.0,54.5,228,232
2024-11-07 11:16:00,50.0,53.5,228,236
2024-11-07 11:18:00,49.9,54.8,228,234
2024-11-07 11:20:00,49.8,52.1,228,234
2024-11-07 11:22:00,49.9,54.4,228,233
2024-11-07 11:24:00,49.7,53.5,228,238
2024-11-07 11:26:00,50.0,54.6,228,233
2024-11-07 11:28:00,49.9,53.7,228,236
2024-11-07 11:30:00,50.1,54.8,228,234
2024-11-07 11:32:00,49.9,54.6,228,234
2024-11-07 11:34:00,50.0,52.3,228,234
2024-11-07 11:36:00,50.0,51.8,228,232
2024-11-07 11:38:00,50.0,52.1,228,231
2024-11-07 11:40:00,50.0,54.4,228,232
2024-11-07 11:42:00,49.8,51.9,228,231
2024-11-07 11:44:00,50.2,51.9,228,230
2024-11-07 11:46:00,50.0,51.6,228,233
2024-11-07 11:48:00,49.8,51.7,228,235
2024-11-07 11:50:00,50.1,51.5,228,234
2024-11-07 11:52:00,50.1,51.9,228,232
2024-11-07 11:54:00,50.2,51.5,230,233
2024-11-07 11:56:00,49.9,52.1,233,233
2024-11-07 11:58:00,49.9,54.1,233,233
2024-11-07 12:00:00,49.8,53.6,233,236
2024-11-07 12:02:00,50.0,51.9,231,233
2024-11-07 12:04:00,49.8,52.0,231,236
2024-11-07 12:06:00,50.1,52.0,230,236
2024-11-07 12:08:00,49.8,51.9,232,233
2024-11-07 12:10:00,50.0,51.3,232,233
2024-11-07 12:12:00,50.0,51.6,232,231
2024-11-07 12:14:00,50.1,51.5,232,233
2024-11-07 12:16:00,49.8,52.3,231,233
2024-11-07 12:18:00,50.0,52.2,231,234
2024-11-07 12:20:00,50.0,51.9,232,230
2024-11-07 12:22:00,50.0,52.0,231,233
2024-11-07 12:24:00,49.9,52.0,231,233
2024-11-07 12:26:00,49.9,52.0,232,236
2024-11-07 12:28:00,49.9,52.2,231,231
2024-11-07 12:30:00,50.0,52.4,231,233
2024-11-07 12:32:00,50.1,52.0,231,231
2024-11-07 12:34:00,50.1,51.8,229,231
2024-11-07 12:36:00,50.1,51.8,233,227
2024-11-07 12:38:00,50.0,52.0,233,230
2024-11-07 12:40:00,50.1,52.0,233,233
2024-11-07 12:42:00,49.9,51.7,233,233
2024-11-07 12:44:00,49.9,51.6,231,233
2024-11-07 12:46:00,49.8,51.5,233,233
2024-11-07 12:48:00,50.1,51.3,232,233
2024-11-07 12:50:00,49.9,51.3,231,229
2024-11-07 12:52:00,49.9,52.0,231,231
2024-11-07 12:54:00,49.9,53.9,232,233
2024-11-07 12:56:00,50.0,52.1,231,233
2024-11-07 12:58:00,50.0,51.9,232,231
2024-11-07 13:00:00,50.0,52.0,232,231
2024-11-07 13:02:00,100,53.9,232,234
2024-11-07 13:04:00,50.1,52.0,233,233
2024-11-07 13:06:00,50.1,52.0,233,233
2024-11-07 13:08:00,49.9,51.8,231,233
2024-11-07 13:10:00,49.9,51.8,232,224
2024-11-07 13:12:00,49.9,52.1,231,228
2024-11-07 13:14:00,49.8,51.8,232,228
2024-11-07 13:16:00,50.0,52.1,231,231
2024-11-07 13:18:00,50.0,52.7,231,233
2024-11-07 13:20:00,50.0,54.2,232,234
2024-11-07 13:22:00,50.0,51.9,231,231
2024-11-07 13:24:00,50.0,52.2,232,228
2024-11-07 13:26:00,49.9,51.9,231,231
2024-11-07 13:28:00,50.0,51.2,231,231
2024-11-07 13:30:00,50.0,51.0,233,230
2024-11-07 13:32:00,50.0,51.2,231,228
2024-11-07 13:34:00,50.0,51.3,232,231
2024-11-07 13:36:00,50.0,51.5,232,228
2024-11-07 13:38:00,49.7,51.2,232,231
2024-11-07 13:40:00,50.0,51.1,232,229
2024-11-07 13:42:00,49.9,51.5,228,226
2024-11-07 13:44:00,50.0,51.6,227,227
2024-11-07 13:46:00,49.9,51.4,228,228
2024-11-07 13:48:00,49.9,51.2,229,226
2024-11-07 13:50:00,50.0,51.3,228,228
2024-11-07 13:52:00,50.0,51.5,228,229
2024-11-07 13:54:00,50.1,51.2,228,228
2024-11-07 13:56:00,50.1,51.4,228,231
2024-11-07 13:58:00,50.1,51.3,228,228
2024-11-07 14:00:00,50.0,51.3,229,230
2024-11-07 14:02:00,50.0,51.6,227,228
2024-11-07 14:04:00,50.0,51.3,228,231
2024-11-07 14:06:00,49.9,51.3,230,229
2024-11-07 14:08:00,50.0,51.2,230,220
2024-11-07 14:10:00,50.0,51.2,230,220
2024-11-07 14:12:00,50.0,51.1,227,220
2024-11-07 14:14:00,49.9,51.3,228,228
2024-11-07 14:16:00,49.9,51.1,228,223
2024-11-07 14:18:00,50.0,51.1,228,219
2024-11-07 14:20:00,50.1,51.1,228,228
2024-11-07 14:22:00,50.0,51.1,228,228
2024-11-07 14:24:00,49.9,51.3,228,232
2024-11-07 14:26:00,49.9,51.3,228,233
2024-11-07 14:28:00,50.0,51.2,228,230
2024-11-07 14:30:00,50.0,50.9,228,234
2024-11-07 14:32:00,49.8,51.0,228,237
2024-11-07 14:34:00,50.0,50.9,227,236
2024-11-07 14:36:00,49.9,51.0,227,233
2024-11-07 14:38:00,50.1,51.1,230,231
2024-11-07 14:40:00,50.0,51.2,231,233
2024-11-07 14:42:00,50.1,51.8,231,230
2024-11-07 14:44:00,50.0,51.9,231,227
2024-11-07 14:46:00,49.9,51.2,231,232
2024-11-07 14:48:00,49.8,51.9,227,229
2024-11-07 14:50:00,50.0,52.0,227,228
2024-11-07 14:52:00,50.0,51.1,230,230
2024-11-07 14:54:00,50.0,51.1,231,230
2024-11-07 14:56:00,50.0,51.1,231,232
2024-11-07 14:58:00,49.9,51.2,231,232
2024-11-07 15:00:00,49.9,51.1,231,228
2024-11-07 15:02:00,50.1,51.0,228,228
2024-11-07 15:04:00,49.9,51.3,228,231
2024-11-07 15:06:00,50.0,51.3,228,230
2024-11-07 15:08:00,50.2,51.2,228,228
2024-11-07 15:10:00,50.0,51.3,228,232
2024-11-07 15:12:00,49.8,51.6,228,231
2024-11-07 15:14:00,49.9,51.3,228,231
2024-11-07 15:16:00,50.0,51.4,228,232
2024-11-07 15:18:00,49.9,52.0,228,228
2024-11-07 15:20:00,50.0,52.1,227,230
2024-11-07 15:22:00,2463,52.0,0,233
2024-11-07 15:24:00,50.0,52.3,228,231
2024-11-07 15:26:00,50.0,53.8,228,236
2024-11-07 15:28:00,49.9,54.2,229,238
2024-11-07 15:30:00,50.0,53.9,228,236
2024-11-07 15:32:00,49.9,54.2,228,236
2024-11-07 15:34:00,50.0,53.8,228,236
2024-11-07 15:36:00,50.0,53.9,229,236
2024-11-07 15:38:00,50.0,54.2,228,238
2024-11-07 15:40:00,50.0,53.4,229,235
2024-11-07 15:42:00,49.9,51.3,231,235
2024-11-07 15:44:00,50.0,52.0,231,237
2024-11-07 15:46:00,50.0,51.7,227,235
2024-11-07 15:48:00,49.9,51.8,228,237
2024-11-07 15:50:00,50.0,51.9,228,235
2024-11-07 15:52:00,50.1,51.9,228,238
2024-11-07 15:54:00,50.0,52.0,228,238
2024-11-07 15:56:00,49.8,52.0,228,237
2024-11-07 15:58:00,49.9,52.1,229,234
2024-11-07 16:00:00,49.9,54.3,227,237
2024-11-07 16:02:00,49.9,53.8,228,236
2024-11-07 16:04:00,49.9,53.9,229,234
2024-11-07 16:06:00,50.0,53.8,228,235
2024-11-07 16:08:00,50.1,54.3,228,238
2024-11-07 16:10:00,49.9,50.4,228,202
2024-11-07 16:12:00,50.0,50.2,228,207
2024-11-07 16:14:00,49.9,50.2,228,209
2024-11-07 16:16:00,49.9,50.2,228,208
2024-11-07 16:18:00,50.2,50.3,228,206
2024-11-07 16:20:00,49.9,50.2,228,207
2024-11-07 16:22:00,49.9,50.0,231,209
2024-11-07 16:24:00,50.0,50.3,231,206
2024-11-07 16:26:00,49.9,50.3,231,208
2024-11-07 16:28:00,50.1,50.4,231,207
2024-11-07 16:30:00,50.1,50.3,231,207
2024-11-07 16:32:00,50.1,50.4,231,208
2024-11-07 16:34:00,50.0,50.5,231,207
2024-11-07 16:36:00,49.8,50.4,231,207
2024-11-07 16:38:00,50.1,49.6,231,200
2024-11-07 16:40:00,49.9,49.7,231,199
2024-11-07 16:42:00,49.9,49.5,231,197
2024-11-07 16:44:00,50.0,49.6,231,197
2024-11-07 16:46:00,49.9,49.5,231,199
2024-11-07 16:48:00,49.9,49.5,231,196
2024-11-07 16:50:00,50.2,49.8,231,201
2024-11-07 16:52:00,50.0,49.5,231,195
2024-11-07 16:54:00,50.0,49.3,231,197
2024-11-07 16:56:00,50.2,49.7,231,197
2024-11-07 16:58:00,50.0,49.7,231,192
2024-11-07 17:00:00,49.8,49.5,231,199
2024-11-07 17:02:00,50.1,49.6,231,199
2024-11-07 17:04:00,49.9,49.6,231,197
2024-11-07 17:06:00,49.8,49.5,231,193
2024-11-07 17:08:00,50.0,49.5,231,189
2024-11-07 17:10:00,49.9,49.5,231,192
2024-11-07 17:12:00,49.9,49.5,231,188
2024-11-07 17:14:00,50.0,49.6,231,187
2024-11-07 17:16:00,49.9,49.5,231,187
2024-11-07 17:18:00,50.0,49.7,231,192
2024-11-07 17:20:00,49.9,49.4,231,194
2024-11-07 17:22:00,50.1,49.6,231,189
2024-11-07 17:24:00,49.8,49.8,231,187
2024-11-07 17:26:00,50.0,49.7,231,188
2024-11-07 17:28:00,50.1,49.7,231,194
2024-11-07 17:30:00,49.8,49.8,231,189
2024-11-07 17:32:00,50.1,49.6,231,195
2024-11-07 17:34:00,49.8,49.7,231,192
2024-11-07 17:36:00,49.9,49.8,231,194
2024-11-07 17:38:00,49.9,49.5,231,185
2024-11-07 17:40:00,50.0,49.8,231,190
2024-11-07 17:42:00,50.0,49.5,231,187
2024-11-07 17:44:00,50.0,49.5,231,192
2024-11-07 17:46:00,50.0,49.7,231,194
2024-11-07 17:48:00,49.7,49.5,231,192
2024-11-07 17:50:00,50.0,49.6,231,192
2024-11-07 17:52:00,49.7,49.6,231,193
2024-11-07 17:54:00,50.0,49.5,231,188
2024-11-07 17:56:00,49.9,49.4,231,185
2024-11-07 17:58:00,50.0,49.7,231,195
2024-11-07 18:00:00,49.9,49.4,231,192
2024-11-07 18:02:00,50.1,49.7,231,182
2024-11-07 18:04:00,50.0,49.7,231,179
2024-11-07 18:06:00,49.7,49.9,231,186
2024-11-07 18:08:00,49.9,49.6,231,183
2024-11-07 18:10:00,50.0,49.8,231,180
2024-11-07 18:12:00,49.9,49.3,226,178
2024-11-07 18:14:00,50.2,49.9,227,184
2024-11-07 18:16:00,49.9,50.0,229,181
2024-11-07 18:18:00,50.0,49.5,231,176
2024-11-07 18:20:00,50.0,49.4,231,180
2024-11-07 18:22:00,49.9,49.7,231,175
2024-11-07 18:24:00,49.9,49.5,231,177
2024-11-07 18:26:00,49.9,49.2,231,165
2024-11-07 18:28:00,50.0,49.3,231,170
2024-11-07 18:30:00,50.0,49.2,231,167
2024-11-07 18:32:00,50.0,49.5,231,168
2024-11-07 18:34:00,50.1,49.4,231,168
2024-11-07 18:36:00,49.9,49.4,231,175
2024-11-07 18:38:00,49.9,48.9,231,174
2024-11-07 18:40:00,50.0,49.5,231,178
2024-11-07 18:42:00,50.0,49.4,231,183
2024-11-07 18:44:00,50.0,49.4,231,182
2024-11-07 18:46:00,49.9,49.6,231,182
2024-11-07 18:48:00,50.1,49.8,231,173
2024-11-07 18:50:00,49.9,49.7,231,173
2024-11-07 18:52:00,49.9,49.7,231,174
2024-11-07 18:54:00,49.9,49.5,231,175
2024-11-07 18:56:00,50.0,49.5,231,174
2024-11-07 18:58:00,49.8,49.7,231,184
2024-11-07 19:00:00,49.9,49.3,231,183
2024-11-07 19:02:00,49.9,49.4,231,185
2024-11-07 19:04:00,50.0,49.5,231,190
2024-11-07 19:06:00,50.0,49.5,231,188
2024-11-07 19:08:00,49.8,49.6,231,193
2024-11-07 19:10:00,49.9,49.3,231,183
2024-11-07 19:12:00,50.0,49.4,231,188
2024-11-07 19:14:00,50.0,49.4,231,185
2024-11-07 19:16:00,49.8,49.5,231,187
2024-11-07 19:18:00,50.0,49.5,231,187
2024-11-07 19:20:00,49.9,49.2,231,190
2024-11-07 19:22:00,50.0,49.5,231,190
2024-11-07 19:24:00,50.1,49.5,231,187
2024-11-07 19:26:00,49.9,49.4,231,181
2024-11-07 19:28:00,50.1,49.5,231,182
2024-11-07 19:30:00,49.9,49.4,231,189
2024-11-07 19:32:00,50.0,49.6,231,190
2024-11-07 19:34:00,50.0,49.6,231,186
2024-11-07 19:36:00,50.1,49.9,231,189
2024-11-07 19:38:00,50.0,49.8,231,187
2024-11-07 19:40:00,50.1,49.5,231,184
2024-11-07 19:42:00,50.1,49.4,231,187
2024-11-07 19:44:00,50.0,49.5,231,187
2024-11-07 19:46:00,50.0,49.2,231,185
2024-11-07 19:48:00,50.1,49.3,231,185
2024-11-07 19:50:00,50.0,49.7,231,187
2024-11-07 19:52:00,50.0,49.9,231,187
2024-11-07 19:54:00,49.9,49.4,231,187
2024-11-07 19:56:00,49.9,49.6,231,189
2024-11-07 19:58:00,50.1,49.4,231,194
2024-11-07 20:00:00,50.0,49.4,231,199
2024-11-07 20:02:00,50.0,49.4,231,194
2024-11-07 20:04:00,49.9,49.8,231,190
2024-11-07 20:06:00,50.0,49.7,231,190
2024-11-07 20:08:00,50.1,49.8,231,192
2024-11-07 20:10:00,49.9,49.5,231,188
2024-11-07 20:12:00,50.0,49.6,231,190
2024-11-07 20:14:00,50.0,49.3,231,185
2024-11-07 20:16:00,50.2,49.5,231,185
2024-11-07 20:18:00,50.1,49.5,231,185
2024-11-07 20:20:00,50.0,49.7,231,185
2024-11-07 20:22:00,50.0,49.5,231,191
2024-11-07 20:24:00,50.1,49.5,231,191
2024-11-07 20:26:00,50.0,49.6,231,187
2024-11-07 20:28:00,50.1,49.4,226,183
2024-11-07 20:30:00,50.0,49.5,227,184
2024-11-07 20:32:00,49.9,49.3,229,185
2024-11-07 20:34:00,49.8,49.5,229,190
2024-11-07 20:36:00,50.1,49.6,230,190
2024-11-07 20:38:00,50.1,49.3,229,190
2024-11-07 20:40:00,50.0,49.7,229,182
2024-11-07 20:42:00,50.1,49.8,230,183
2024-11-07 20:44:00,49.9,49.7,230,189
2024-11-07 20:46:00,50.0,50.0,229,192
2024-11-07 20:48:00,50.0,49.3,229,186
2024-11-07 20:50:00,50.0,49.6,229,185
2024-11-07 20:52:00,50.1,50.1,229,192
2024-11-07 20:54:00,50.0,49.7,229,192
2024-11-07 20:56:00,49.9,50.0,229,190
2024-11-07 20:58:00,49.9,49.7,229,187
2024-11-07 21:00:00,49.8,49.4,229,190
2024-11-07 21:02:00,49.8,49.8,229,190
2024-11-07 21:04:00,49.9,49.6,229,182
2024-11-07 21:06:00,50.0,49.6,229,184
2024-11-07 21:08:00,50.0,49.6,229,185
2024-11-07 21:10:00,49.9,50.0,229,184
2024-11-07 21:12:00,49.9,50.0,230,184
2024-11-07 21:14:00,50.0,49.5,229,184
2024-11-07 21:16:00,50.0,49.6,229,185
2024-11-07 21:18:00,49.9,49.9,229,185
2024-11-07 21:20:00,50.2,49.3,229,191
2024-11-07 21:22:00,50.0,49.4,230,190
2024-11-07 21:24:00,50.0,49.4,230,190
2024-11-07 21:26:00,50.0,49.4,229,192
2024-11-07 21:28:00,50.0,49.4,229,190
2024-11-07 21:30:00,50.0,49.3,229,193
2024-11-07 21:32:00,49.9,49.7,229,191
2024-11-07 21:34:00,49.9,49.3,230,188
2024-11-07 21:36:00,49.9,49.4,230,193
2024-11-07 21:38:00,49.9,49.6,229,192
2024-11-07 21:40:00,50.0,49.5,229,190
2024-11-07 21:42:00,50.0,49.7,229,194
2024-11-07 21:44:00,49.8,49.7,229,196
2024-11-07 21:46:00,50.0,49.9,229,187
2024-11-07 21:48:00,49.9,49.4,229,197
2024-11-07 21:50:00,50.0,49.9,229,197
2024-11-07 21:52:00,50.0,49.7,229,199
2024-11-07 21:54:00,50.0,49.3,229,196
2024-11-07 21:56:00,50.0,49.7,229,197
2024-11-07 21:58:00,49.9,49.5,229,197
2024-11-07 22:00:00,50.0,49.6,229,194
2024-11-07 22:02:00,49.9,49.5,229,190
2024-11-07 22:04:00,50.0,49.6,229,192
2024-11-07 22:06:00,49.7,49.4,230,196
2024-11-07 22:08:00,50.1,49.7,230,197
2024-11-07 22:10:00,49.9,49.8,229,196
2024-11-07 22:12:00,50.0,49.9,229,197
2024-11-07 22:14:00,50.0,50.0,230,202
2024-11-07 22:16:00,50.1,49.4,229,200
2024-11-07 22:18:00,50.0,50.1,229,200
2024-11-07 22:20:00,50.0,50.1,229,197
2024-11-07 22:22:00,49.9,49.9,229,199
2024-11-07 22:24:00,49.9,49.5,230,197
2024-11-07 22:26:00,49.9,49.4,229,197
2024-11-07 22:28:00,50.0,49.7,229,201
2024-11-07 22:30:00,50.1,49.9,229,198
2024-11-07 22:32:00,50.1,50.0,229,204
2024-11-07 22:34:00,50.0,49.8,229,207
2024-11-07 22:36:00,49.9,49.8,229,207
2024-11-07 22:38:00,49.9,50.1,229,211
2024-11-07 22:40:00,49.9,49.8,230,211
2024-11-07 22:42:00,50.0,50,229,207
2024-11-07 22:44:00,50.2,49.7,229,206
2024-11-07 22:46:00,50.0,49.7,229,206
2024-11-07 22:48:00,49.9,50.0,229,207
2024-11-07 22:50:00,50.0,49.6,230,207
2024-11-07 22:52:00,49.9,49.7,229,205
2024-11-07 22:54:00,49.9,49.9,229,206
2024-11-07 22:56:00,49.8,50.1,229,208
2024-11-07 22:58:00,50.1,49.8,229,208
2024-11-07 23:00:00,49.8,49.8,229,207
2024-11-07 23:02:00,50.1,49.6,229,204
2024-11-07 23:04:00,50.0,49.8,229,208
2024-11-07 23:06:00,50.0,49.8,229,209
2024-11-07 23:08:00,50.0,50.0,229,207
2024-11-07 23:10:00,50.0,49.8,229,207
2024-11-07 23:12:00,50,49.6,229,209
2024-11-07 23:14:00,50.1,49.5,230,207
2024-11-07 23:16:00,50.0,49.8,229,206
2024-11-07 23:18:00,50.0,50.1,230,210
2024-11-07 23:20:00,49.8,50.0,230,209
2024-11-07 23:22:00,49.9,50.1,230,207
2024-11-07 23:24:00,50,49.9,230,210
2024-11-07 23:26:00,50.0,50.0,230,210
2024-11-07 23:28:00,50.1,49.6,229,209
2024-11-07 23:30:00,50.0,49.8,229,209
2024-11-07 23:32:00,49.9,49.9,230,210
2024-11-07 23:34:00,50.1,49.5,229,212
2024-11-07 23:36:00,50.1,49.6,229,208
2024-11-07 23:38:00,49.8,49.9,229,212
2024-11-07 23:40:00,50.1,49.7,229,217
2024-11-07 23:42:00,49.8,49.6,229,216
2024-11-07 23:44:00,50.1,49.7,229,214
2024-11-07 23:46:00,50.0,50.2,229,217
2024-11-07 23:48:00,50.0,49.8,230,216
2024-11-07 23:50:00,50.0,49.8,229,218
2024-11-07 23:52:00,50.0,49.8,229,214
2024-11-07 23:54:00,49.9,49.8,229,215
2024-11-07 23:56:00,50.0,49.8,229,217
2024-11-07 23:58:00,50.0,49.6,230,215
2024-11-08 00:00:00,50.0,49.7,229,213
2024-11-08 00:02:00,50.0,49.9,229,216
2024-11-08 00:04:00,49.9,49.6,230,216
2024-11-08 00:06:00,50.0,49.8,229,214
2024-11-08 00:08:00,49.9,49.9,229,213
2024-11-08 00:10:00,49.9,49.5,230,216
2024-11-08 00:12:00,50.0,49.7,229,216
2024-11-08 00:14:00,50.0,50.2,229,216
2024-11-08 00:16:00,50.0,50.2,229,218
2024-11-08 00:18:00,50.0,50.2,229,216
2024-11-08 00:20:00,50.1,50.1,229,216
2024-11-08 00:22:00,49.9,50.2,229,216
2024-11-08 00:24:00,50.0,49.6,229,217
2024-11-08 00:26:00,50.1,49.8,230,217
2024-11-08 00:28:00,49.8,49.9,229,216
2024-11-08 00:30:00,50.0,50.1,229,217
2024-11-08 00:32:00,49.9,50.4,230,219
2024-11-08 00:34:00,50.0,50.4,229,216
2024-11-08 00:36:00,50.0,50.2,229,218
2024-11-08 00:38:00,49.8,50.3,229,219
2024-11-08 00:40:00,50.0,50.2,229,219
2024-11-08 00:42:00,50.2,50.3,229,218
2024-11-08 00:44:00,49.9,50.0,229,219
2024-11-08 00:46:00,49.9,50.2,229,219
2024-11-08 00:48:00,50.0,50.2,229,219
2024-11-08 00:50:00,50.0,50.3,229,218
2024-11-08 00:52:00,49.9,50.4,229,219
2024-11-08 00:54:00,50.2,50.1,229,219
2024-11-08 00:56:00,50.1,50.2,229,219
2024-11-08 00:58:00,49.9,50.4,229,220
2024-11-08 01:00:00,50.1,50.2,230,219
2024-11-08 01:02:00,50.0,50.3,229,221
2024-11-08 01:04:00,49.9,50.0,229,219
2024-11-08 01:06:00,50.0,50.1,229,219
2024-11-08 01:08:00,49.9,49.9,229,220
2024-11-08 01:10:00,50.0,49.7,229,218
2024-11-08 01:12:00,50.0,49.8,229,218
2024-11-08 01:14:00,49.8,49.9,229,220
2024-11-08 01:16:00,50.2,4367,229,0
2024-11-08 01:18:00,50.2,2320,229,0
2024-11-08 01:20:00,50.1,4854,229,0
2024-11-08 01:22:00,50.0,4854,229,0
2024-11-08 01:24:00,50.0,4329,229,0
2024-11-08 01:26:00,49.9,4878,229,0
2024-11-08 01:28:00,49.8,5556,229,0
2024-11-08 01:30:00,50.0,7752,229,0
2024-11-08 01:32:00,50.0,4386,229,0.707
2024-11-08 01:34:00,50.0,3937,229,0
2024-11-08 01:36:00,50.0,3937,229,0
2024-11-08 01:38:00,49.9,3937,229,0
2024-11-08 01:40:00,50.0,4926,229,0
2024-11-08 01:42:00,49.9,3571,229,0
2024-11-08 01:44:00,50.0,9804,229,0
2024-11-08 01:46:00,49.9,7874,229,0
2024-11-08 01:48:00,50.2,2625,229,0
2024-11-08 01:50:00,50.0,9804,230,0
2024-11-08 01:52:00,50.1,7752,229,0
2024-11-08 01:54:00,50.1,2801,229,0
2024-11-08 01:56:00,50.0,3584,230,0
2024-11-08 01:58:00,49.9,3861,229,0
2024-11-08 02:00:00,50.1,6536,229,0
2024-11-08 02:02:00,50.0,2451,229,0
2024-11-08 02:04:00,49.8,4367,230,0.707
2024-11-08 02:06:00,50.0,3279,229,0
2024-11-08 02:08:00,49.9,7874,229,0
2024-11-08 02:10:00,49.8,3937,229,0
2024-11-08 02:12:00,50.1,7874,230,0
2024-11-08 02:14:00,50.0,3571,230,0
2024-11-08 02:16:00,50.0,3584,230,0
2024-11-08 02:18:00,49.9,6536,229,0
2024-11-08 02:20:00,50.0,6536,230,0
2024-11-08 02:22:00,50.2,9804,229,0
2024-11-08 02:24:00,50.1,7874,230,0
2024-11-08 02:26:00,49.7,4854,229,0
2024-11-08 02:28:00,49.9,9804,229,0
2024-11-08 02:30:00,50.0,2817,229,0
2024-11-08 02:32:00,49.8,4926,229,0
2024-11-08 02:34:00,50.0,7874,229,0
2024-11-08 02:36:00,50.0,7874,229,0
2024-11-08 02:38:00,50.1,3937,230,0
2024-11-08 02:40:00,50.0,4386,230,0
2024-11-08 02:42:00,50.0,4926,230,0
2024-11-08 02:44:00,50.1,7874,229,0
2024-11-08 02:46:00,50.2,7874,229,0
2024-11-08 02:48:00,50.0,2809,229,0
2024-11-08 02:50:00,50.0,6536,229,0
2024-11-08 02:52:00,50.0,7874,229,0
2024-11-08 02:54:00,50.1,9804,230,0
2024-11-08 02:56:00,49.9,4926,230,0.707
2024-11-08 02:58:00,50.0,3257,229,0
2024-11-08 03:00:00,50.1,6536,229,0
2024-11-08 03:02:00,50.0,2817,230,0.707
2024-11-08 03:04:00,50.1,3289,229,0
2024-11-08 03:06:00,50.0,4926,229,0
2024-11-08 03:08:00,50.0,6536,229,0
2024-11-08 03:10:00,50.0,6536,230,0
2024-11-08 03:12:00,50.0,4367,229,0
2024-11-08 03:14:00,49.8,3012,230,0
2024-11-08 03:16:00,49.9,3546,229,0
2024-11-08 03:18:00,50,4878,229,0.707
2024-11-08 03:20:00,49.8,5618,230,0
2024-11-08 03:22:00,50.0,4926,229,0
2024-11-08 03:24:00,50.0,3937,229,0
2024-11-08 03:26:00,50.1,3584,229,0
2024-11-08 03:28:00,50.0,4926,229,0.707
2024-11-08 03:30:00,49.9,9804,230,0
2024-11-08 03:32:00,49.9,4950,229,0
2024-11-08 03:34:00,50.0,7752,229,0
2024-11-08 03:36:00,49.9,2817,229,0
2024-11-08 03:38:00,50.0,6536,229,0
2024-11-08 03:40:00,50.0,4367,230,0
2024-11-08 03:42:00,50.0,4926,230,0
2024-11-08 03:44:00,50.0,4902,229,0
2024-11-08 03:46:00,50.0,3937,229,0
2024-11-08 03:48:00,50.0,4367,230,0
2024-11-08 03:50:00,50.0,3937,229,0
2024-11-08 03:52:00,50.0,5618,230,0
2024-11-08 03:54:00,50.0,4367,229,0
2024-11-08 03:56:00,50.0,4926,229,0.707
2024-11-08 03:58:00,50.1,5618,229,0
2024-11-08 04:00:00,49.9,7874,229,0
2024-11-08 04:02:00,49.8,5618,229,0
2024-11-08 04:04:00,49.9,3021,230,0
2024-11-08 04:06:00,50.1,4926,229,0
2024-11-08 04:08:00,49.9,3937,229,0.707
2024-11-08 04:10:00,49.9,3906,229,0
2024-11-08 04:12:00,49.9,6536,229,0
2024-11-08 04:14:00,50.0,3030,229,0
2024-11-08 04:16:00,49.9,2611,229,0
2024-11-08 04:18:00,49.9,3257,229,0
2024-11-08 04:20:00,50.0,3922,229,0
2024-11-08 04:22:00,50.0,5618,229,0
2024-11-08 04:24:00,50.0,2625,229,0
2024-11-08 04:26:00,50.1,3012,230,0.707
2024-11-08 04:28:00,50.0,3268,229,0.707
2024-11-08 04:30:00,50.0,7752,230,0
2024-11-08 04:32:00,50.0,7874,229,0
2024-11-08 04:34:00,49.9,3030,229,0
2024-11-08 04:36:00,49.9,2625,230,0
2024-11-08 04:38:00,50.0,6536,229,0
2024-11-08 04:40:00,50.0,6494,229,0.707
2024-11-08 04:42:00,50.1,5618,230,0
2024-11-08 04:44:00,49.8,4808,229,0.707
2024-11-08 04:46:00,49.9,6536,229,0
2024-11-08 04:48:00,49.9,3030,230,0
2024-11-08 04:50:00,50.0,4878,230,0
2024-11-08 04:52:00,50.0,6536,229,0
2024-11-08 04:54:00,50.0,3559,229,0
2024-11-08 04:56:00,50.0,4926,230,0
2024-11-08 04:58:00,49.8,3906,229,0
2024-11-08 05:00:00,49.9,4348,229,0
2024-11-08 05:02:00,50.0,4926,229,0
2024-11-08 05:04:00,50.0,5618,229,0
2024-11-08 05:06:00,49.8,5618,230,0
2024-11-08 05:08:00,50.0,4367,229,0
2024-11-08 05:10:00,50.0,4902,229,0
2024-11-08 05:12:00,50.0,5618,229,0
2024-11-08 05:14:00,49.9,7874,229,0
2024-11-08 05:16:00,49.9,6536,229,0
2024-11-08 05:18:00,50.0,9804,229,0
2024-11-08 05:20:00,49.9,9804,230,0
2024-11-08 05:22:00,50.1,50.1,229,213
2024-11-08 05:24:00,50.2,49.9,230,209
2024-11-08 05:26:00,50.1,49.7,229,212
2024-11-08 05:28:00,49.8,49.9,230,212
2024-11-08 05:30:00,50.0,49.7,229,211
2024-11-08 05:32:00,50.0,49.8,229,209
2024-11-08 05:34:00,49.9,50.1,229,212
2024-11-08 05:36:00,50.0,49.7,229,211
2024-11-08 05:38:00,50.0,49.9,229,209
2024-11-08 05:40:00,49.8,49.7,229,204
2024-11-08 05:42:00,49.9,49.8,229,204
2024-11-08 05:44:00,50.0,49.6,229,206
2024-11-08 05:46:00,50.0,55.7,229,243
2024-11-08 05:48:00,50.1,56.0,229,243
2024-11-08 05:50:00,50.0,55.9,229,243
2024-11-08 05:52:00,50.1,55.4,230,240
2024-11-08 05:54:00,49.9,55.0,230,240
2024-11-08 05:56:00,49.9,54.9,229,240
2024-11-08 05:58:00,49.9,54.5,229,240
2024-11-08 06:00:00,50.0,52.2,229,240
2024-11-08 06:02:00,49.9,52.1,229,243
2024-11-08 06:04:00,49.9,51.7,229,240
2024-11-08 06:06:00,50.1,52.6,229,238
2024-11-08 06:08:00,50.1,52.2,230,236
2024-11-08 06:10:00,50.0,52.2,229,240
2024-11-08 06:12:00,50.0,52.0,230,233
2024-11-08 06:14:00,50.0,51.8,229,232
2024-11-08 06:16:00,50.0,51.5,229,232
2024-11-08 06:18:00,49.9,51.7,230,234
2024-11-08 06:20:00,50.0,51.3,229,232
2024-11-08 06:22:00,50.0,51.6,229,235
2024-11-08 06:24:00,50.0,51.8,229,235
2024-11-08 06:26:00,50.1,51.6,229,234
2024-11-08 06:28:00,50.0,51.5,229,231
2024-11-08 06:30:00,50.0,51.3,230,230
2024-11-08 06:32:00,50.1,51.8,229,236
2024-11-08 06:34:00,49.9,51.9,229,233
2024-11-08 06:36:00,50.0,51.8,229,233
2024-11-08 06:38:00,50.1,51.9,229,234
2024-11-08 06:40:00,49.7,51.8,230,235
2024-11-08 06:42:00,50.0,51.5,229,233
2024-11-08 06:44:00,49.9,51.2,230,231
2024-11-08 06:46:00,50.1,51.6,229,234
2024-11-08 06:48:00,49.9,50.6,230,224
2024-11-08 06:50:00,49.8,50.4,229,226
2024-11-08 06:52:00,49.9,50.0,229,224
2024-11-08 06:54:00,50.1,49.8,229,221
2024-11-08 06:56:00,49.8,49.5,229,216
2024-11-08 06:58:00,49.9,49.7,229,214
2024-11-08 07:00:00,50.0,49.5,229,216
2024-11-08 07:02:00,50.0,49.9,230,231
2024-11-08 07:04:00,49.9,49.9,230,228
2024-11-08 07:06:00,50.0,50,229,228
2024-11-08 07:08:00,50.1,51.0,229,231
2024-11-08 07:10:00,49.9,50.4,229,229
2024-11-08 07:12:00,49.8,50.2,229,230
2024-11-08 07:14:00,49.9,50.2,230,233
2024-11-08 07:16:00,49.7,51.1,229,231
2024-11-08 07:18:00,49.8,50.7,230,229
2024-11-08 07:20:00,49.9,50.9,229,230
2024-11-08 07:22:00,49.9,51.2,229,233
2024-11-08 07:24:00,50.1,51.7,230,233
2024-11-08 07:26:00,49.9,51.6,230,233
2024-11-08 07:28:00,49.9,51.7,229,235
2024-11-08 07:30:00,50.0,51.3,229,235
2024-11-08 07:32:00,50.1,50.5,230,231
2024-11-08 07:34:00,50.1,51.2,229,231
2024-11-08 07:36:00,50.0,51.9,229,235
2024-11-08 07:38:00,50.0,51.6,229,235
2024-11-08 07:40:00,50.1,51.7,229,233
2024-11-08 07:42:00,50.0,50.2,230,233
2024-11-08 07:44:00,50.0,51.0,230,236
2024-11-08 07:46:00,49.9,51.5,229,233
2024-11-08 07:48:00,50.0,51.5,229,233
2024-11-08 07:50:00,50.0,51.5,229,229
2024-11-08 07:52:00,50.0,51.5,230,231
2024-11-08 07:54:00,50.0,51.4,229,235
2024-11-08 07:56:00,50.0,50.1,229,234
2024-11-08 07:58:00,50.1,49.8,229,207
2024-11-08 08:00:00,50.0,49.6,230,210
2024-11-08 08:02:00,49.9,49.8,229,211
2024-11-08 08:04:00,50.0,50.1,228,213
2024-11-08 08:06:00,49.8,49.7,228,211
2024-11-08 08:08:00,50.0,49.6,228,211
2024-11-08 08:10:00,50.2,49.7,228,204
2024-11-08 08:12:00,50.0,50.0,228,207
2024-11-08 08:14:00,50.0,49.8,228,208
2024-11-08 08:16:00,49.9,49.9,229,211
2024-11-08 08:18:00,50.0,49.7,228,209
2024-11-08 08:20:00,50.0,49.8,228,209
2024-11-08 08:22:00,49.9,49.7,228,211
2024-11-08 08:24:00,49.9,49.9,228,209
2024-11-08 08:26:00,49.8,49.7,228,211
2024-11-08 08:28:00,49.9,49.7,228,206
2024-11-08 08:30:00,49.9,49.8,228,209
2024-11-08 08:32:00,49.9,49.5,229,210
2024-11-08 08:34:00,50.0,49.7,228,201
2024-11-08 08:36:00,50.1,49.8,228,201
2024-11-08 08:38:00,50.1,50.0,228,204
2024-11-08 08:40:00,49.9,49.8,228,205
2024-11-08 08:42:00,49.9,49.6,229,205
2024-11-08 08:44:00,50.0,49.9,229,208
2024-11-08 08:46:00,49.8,49.5,228,209
2024-11-08 08:48:00,50.0,49.6,228,205
2024-11-08 08:50:00,50.2,49.6,228,203
2024-11-08 08:52:00,50.3,49.9,228,205
2024-11-08 08:54:00,49.9,49.6,228,207
2024-11-08 08:56:00,49.8,49.5,228,203
2024-11-08 08:58:00,50.1,49.8,228,204
2024-11-08 09:00:00,50.1,49.3,228,202
2024-11-08 09:02:00,49.9,49.6,228,204
2024-11-08 09:04:00,50.0,49.7,228,200
2024-11-08 09:06:00,50.1,49.6,228,190
2024-11-08 09:08:00,50.0,49.5,229,192
2024-11-08 09:10:00,50.0,49.3,229,194
2024-11-08 09:12:00,50.0,49.6,228,195
2024-11-08 09:14:00,49.9,49.3,228,190
2024-11-08 09:16:00,50.1,49.7,228,192
2024-11-08 09:18:00,50.0,49.5,228,192
2024-11-08 09:20:00,50.1,49.7,228,194
2024-11-08 09:22:00,50.0,49.8,228,193
2024-11-08 09:24:00,50.0,49.5,228,197
2024-11-08 09:26:00,49.9,49.6,228,190
2024-11-08 09:28:00,49.7,49.3,228,193
2024-11-08 09:30:00,50.0,49.6,228,200
2024-11-08 09:32:00,50.0,49.7,228,197
2024-11-08 09:34:00,50.0,49.6,228,197
2024-11-08 09:36:00,50.0,49.6,228,201
2024-11-08 09:38:00,49.9,49.8,228,194
2024-11-08 09:40:00,50.0,49.4,228,192
2024-11-08 09:42:00,50.1,49.9,228,196
2024-11-08 09:44:00,49.8,49.7,228,194
2024-11-08 09:46:00,50.2,49.8,228,196
2024-11-08 09:48:00,50.0,49.4,228,202
2024-11-08 09:50:00,50.1,49.5,228,197
2024-11-08 09:52:00,49.9,49.6,228,201
2024-11-08 09:54:00,49.7,49.4,228,198
2024-11-08 09:56:00,50.1,49.8,228,193
2024-11-08 09:58:00,50.1,49.8,228,194
2024-11-08 10:00:00,49.8,49.7,227,188
2024-11-08 10:02:00,50.0,49.8,227,192
2024-11-08 10:04:00,50.0,49.8,228,185
2024-11-08 10:06:00,49.9,49.6,228,186
2024-11-08 10:08:00,49.8,49.6,228,190
2024-11-08 10:10:00,50.0,49.7,228,199
2024-11-08 10:12:00,49.9,49.6,227,194
2024-11-08 10:14:00,50.0,49.3,227,196
2024-11-08 10:16:00,50.1,49.5,229,197
2024-11-08 10:18:00,49.9,49.6,230,191
2024-11-08 10:20:00,50.0,49.5,230,186
2024-11-08 10:22:00,49.9,49.8,231,195
2024-11-08 10:24:00,50.0,49.9,231,199
2024-11-08 10:26:00,49.9,49.9,231,199
2024-11-08 10:28:00,49.9,49.5,231,196
2024-11-08 10:30:00,50.2,49.4,231,199
2024-11-08 10:32:00,50.0,49.6,231,188
2024-11-08 10:34:00,49.9,49.5,231,185
2024-11-08 10:36:00,49.9,49.6,231,195
2024-11-08 10:38:00,50.0,49.8,231,199
2024-11-08 10:40:00,50.0,49.7,231,198
2024-11-08 10:42:00,50.0,50.0,231,198
2024-11-08 10:44:00,50.0,49.5,231,192
2024-11-08 10:46:00,49.9,49.7,231,187
2024-11-08 10:48:00,49.9,49.7,231,187
2024-11-08 10:50:00,50.0,49.3,228,192
2024-11-08 10:52:00,49.9,49.6,229,197
2024-11-08 10:54:00,49.9,49.5,229,197
2024-11-08 10:56:00,50.0,49.6,228,196
2024-11-08 10:58:00,49.9,49.7,228,197
2024-11-08 11:00:00,49.9,49.5,228,197
2024-11-08 11:02:00,50.0,49.4,229,197
2024-11-08 11:04:00,49.8,49.5,228,200
2024-11-08 11:06:00,50.1,49.8,228,195
2024-11-08 11:08:00,50.0,50.1,228,192
2024-11-08 11:10:00,50.0,49.8,233,186
2024-11-08 11:12:00,49.9,49.5,233,192
2024-11-08 11:14:00,50.0,49.5,233,185
2024-11-08 11:16:00,50.1,49.6,230,182
2024-11-08 11:18:00,50.2,49.4,229,185
2024-11-08 11:20:00,49.9,49.5,232,198
2024-11-08 11:22:00,49.8,49.3,233,192
2024-11-08 11:24:00,49.7,49.5,233,189
2024-11-08 11:26:00,50.0,49.8,232,196
2024-11-08 11:28:00,50.0,49.7,232,190
2024-11-08 11:30:00,50.1,49.8,232,188
2024-11-08 11:32:00,50.1,49.4,231,188
2024-11-08 11:34:00,49.9,49.6,232,194
2024-11-08 11:36:00,50.0,49.8,232,187
2024-11-08 11:38:00,50.0,49.8,231,191
2024-11-08 11:40:00,50.0,49.6,232,191
2024-11-08 11:42:00,50.0,49.2,232,188
2024-11-08 11:44:00,50.0,49.6,231,188
2024-11-08 11:46:00,50.0,49.2,231,189
2024-11-08 11:48:00,50.0,49.3,231,187
2024-11-08 11:50:00,50.0,49.4,232,185
2024-11-08 11:52:00,49.9,49.3,231,185
2024-11-08 11:54:00,50.0,49.7,232,189
2024-11-08 11:56:00,50.0,49.7,233,187
2024-11-08 11:58:00,49.8,49.8,232,182
2024-11-08 12:00:00,50.0,49.6,232,182
2024-11-08 12:02:00,50.0,49.6,231,190
2024-11-08 12:04:00,50.0,49.4,232,190
2024-11-08 12:06:00,49.9,49.5,232,187
2024-11-08 12:08:00,50.1,49.8,232,191
2024-11-08 12:10:00,50.2,49.8,232,187
2024-11-08 12:12:00,50.0,49.8,230,190
2024-11-08 12:14:00,50.1,49.4,231,187
2024-11-08 12:16:00,50.0,49.5,232,190
2024-11-08 12:18:00,49.9,49.6,231,183
2024-11-08 12:20:00,49.8,49.7,231,182
2024-11-08 12:22:00,50.0,49.8,231,202
2024-11-08 12:24:00,50.0,49.5,231,185
2024-11-08 12:26:00,50.1,49.2,233,186
2024-11-08 12:28:00,50.0,49.7,231,185
2024-11-08 12:30:00,50.0,49.4,231,198
2024-11-08 12:32:00,49.8,49.7,231,196
2024-11-08 12:34:00,50.1,49.6,231,194
2024-11-08 12:36:00,49.9,49.7,231,198
2024-11-08 12:38:00,50.0,49.7,231,197
2024-11-08 12:40:00,50.0,49.8,230,194
2024-11-08 12:42:00,50.0,49.7,230,199
2024-11-08 12:44:00,50.1,49.7,231,200
2024-11-08 12:46:00,49.8,49.7,226,192
2024-11-08 12:48:00,49.9,49.8,229,195
2024-11-08 12:50:00,50.0,49.7,231,189
2024-11-08 12:52:00,49.8,49.6,232,192
2024-11-08 12:54:00,50.1,49.5,231,196
2024-11-08 12:56:00,49.9,49.5,231,191
2024-11-08 12:58:00,49.8,49.6,232,190
2024-11-08 13:00:00,50.0,49.5,231,192
2024-11-08 13:02:00,50.0,49.6,231,197
2024-11-08 13:04:00,50.0,49.9,231,196
2024-11-08 13:06:00,50.1,49.3,231,191
2024-11-08 13:08:00,50.0,49.5,231,188
2024-11-08 13:10:00,49.9,49.8,231,192
2024-11-08 13:12:00,49.9,49.6,231,192
2024-11-08 13:14:00,49.8,49.6,232,191
2024-11-08 13:16:00,50.0,49.7,231,192
2024-11-08 13:18:00,50.0,49.6,229,192
2024-11-08 13:20:00,49.9,49.7,229,195
2024-11-08 13:22:00,50.1,49.5,232,189
2024-11-08 13:24:00,50.0,49.9,232,193
2024-11-08 13:26:00,50.1,49.4,232,193
2024-11-08 13:28:00,49.8,49.5,232,189
2024-11-08 13:30:00,49.9,49.3,232,192
2024-11-08 13:32:00,50.1,49.7,232,201
2024-11-08 13:34:00,50.0,49.8,229,192
2024-11-08 13:36:00,50.0,50.1,230,198
2024-11-08 13:38:00,50.0,49.8,232,197
2024-11-08 13:40:00,49.8,49.4,233,198
2024-11-08 13:42:00,50.0,49.5,230,195
2024-11-08 13:44:00,49.9,49.3,233,197
2024-11-08 13:46:00,49.9,49.5,233,199
2024-11-08 13:48:00,49.8,49.2,233,192
2024-11-08 13:50:00,49.9,49.5,233,189
2024-11-08 13:52:00,50.0,49.5,233,194
2024-11-08 13:54:00,50.0,49.6,229,193
2024-11-08 13:56:00,50,49.4,231,194
2024-11-08 13:58:00,50.1,49.6,231,194
2024-11-08 14:00:00,49.8,49.5,231,194
2024-11-08 14:02:00,49.9,49.6,232,197
2024-11-08 14:04:00,50.1,49.4,231,192
2024-11-08 14:06:00,50.0,49.5,232,197
2024-11-08 14:08:00,50.0,49.7,232,196
2024-11-08 14:10:00,50.1,49.8,231,197
2024-11-08 14:12:00,49.8,49.7,232,201
2024-11-08 14:14:00,50.0,49.6,232,199
2024-11-08 14:16:00,49.9,49.3,232,197
2024-11-08 14:18:00,49.9,49.2,231,197
2024-11-08 14:20:00,50.0,49.3,232,198
2024-11-08 14:22:00,50,49.8,232,200
2024-11-08 14:24:00,50.1,49.3,230,199
2024-11-08 14:26:00,49.9,49.7,230,197
2024-11-08 14:28:00,50.0,49.8,233,199
2024-11-08 14:30:00,50.0,49.7,232,204
2024-11-08 14:32:00,50.2,49.6,231,198
2024-11-08 14:34:00,50.0,49.4,232,197
2024-11-08 14:36:00,50.0,49.6,231,194
2024-11-08 14:38:00,50.0,49.2,232,198
2024-11-08 14:40:00,49.9,49.6,232,200
2024-11-08 14:42:00,49.7,49.6,232,199
2024-11-08 14:44:00,50.0,49.6,229,203
2024-11-08 14:46:00,50.0,49.8,231,202
2024-11-08 14:48:00,50.0,49.7,232,201
2024-11-08 14:50:00,49.7,49.4,231,196
2024-11-08 14:52:00,49.9,49.6,232,194
2024-11-08 14:54:00,50.1,49.4,231,191
2024-11-08 14:56:00,50.0,49.5,231,196
2024-11-08 14:58:00,49.9,49.3,230,194
2024-11-08 15:00:00,50.0,49.3,231,192
2024-11-08 15:02:00,49.9,49.5,232,195
2024-11-08 15:04:00,49.9,49.8,231,194
2024-11-08 15:06:00,49.9,49.3,232,190
2024-11-08 15:08:00,49.8,49.8,232,194
2024-11-08 15:10:00,49.8,49.5,232,193
2024-11-08 15:12:00,49.9,49.6,232,202
2024-11-08 15:14:00,49.8,49.6,231,201
2024-11-08 15:16:00,49.9,49.7,232,197
2024-11-08 15:18:00,50.0,49.5,232,200
2024-11-08 15:20:00,49.9,49.6,232,198
2024-11-08 15:22:00,50.1,49.6,231,193
2024-11-08 15:24:00,49.9,49.2,232,192
2024-11-08 15:26:00,50.2,49.2,232,192
2024-11-08 15:28:00,49.9,49.3,229,193
2024-11-08 15:30:00,50.2,49.1,233,192
2024-11-08 15:32:00,49.9,49.6,233,194
2024-11-08 15:34:00,49.8,49.7,231,195
2024-11-08 15:36:00,50.0,49.6,232,192
2024-11-08 15:38:00,50.0,49.8,231,195
2024-11-08 15:40:00,49.8,49.4,231,186
2024-11-08 15:42:00,50.0,49.1,231,188
2024-11-08 15:44:00,50.1,49.2,231,192
2024-11-08 15:46:00,50.0,49.3,232,192
2024-11-08 15:48:00,50.0,49.4,231,190
2024-11-08 15:50:00,50.0,49.3,231,195
2024-11-08 15:52:00,49.9,49.3,232,192
2024-11-08 15:54:00,50.1,49.1,232,194
2024-11-08 15:56:00,50.1,49.3,231,192
2024-11-08 15:58:00,50.0,49.5,232,196
2024-11-08 16:00:00,50.0,49.4,232,191
2024-11-08 16:02:00,50.0,49.5,231,189
2024-11-08 16:04:00,50.0,49.7,228,184
2024-11-08 16:06:00,50.1,49.4,228,184
2024-11-08 16:08:00,50.0,49.4,228,183
2024-11-08 16:10:00,50.1,49.4,228,187
2024-11-08 16:12:00,49.9,49.5,228,190
2024-11-08 16:14:00,50.0,49.3,228,191
2024-11-08 16:16:00,50.2,49.2,228,187
2024-11-08 16:18:00,49.9,49.2,228,192
2024-11-08 16:20:00,49.8,49.4,228,194
2024-11-08 16:22:00,50.1,49.5,228,192
2024-11-08 16:24:00,49.9,49.4,228,193
2024-11-08 16:26:00,50.0,49.7,228,192
2024-11-08 16:28:00,50.2,49.4,228,192
2024-11-08 16:30:00,49.8,49.6,228,194
2024-11-08 16:32:00,50.0,49.6,228,195
2024-11-08 16:34:00,49.9,49.5,228,199
2024-11-08 16:36:00,50.2,49.7,228,197
2024-11-08 16:38:00,50.1,49.4,228,197
2024-11-08 16:40:00,50.0,49.7,228,200
2024-11-08 16:42:00,49.9,49.8,228,195
2024-11-08 16:44:00,49.9,49.7,228,197
2024-11-08 16:46:00,50.1,49.6,228,193
2024-11-08 16:48:00,50.1,49.7,228,196
2024-11-08 16:50:00,49.9,49.6,228,197
2024-11-08 16:52:00,50.1,49.5,228,198
2024-11-08 16:54:00,50.0,49.4,228,190
2024-11-08 16:56:00,50.0,49.3,228,193
2024-11-08 16:58:00,49.9,49.3,228,192
2024-11-08 17:00:00,50.1,49.4,228,190
2024-11-08 17:02:00,50.1,49.4,228,185
2024-11-08 17:04:00,49.9,49.4,228,184
2024-11-08 17:06:00,50.0,49.3,228,189
2024-11-08 17:08:00,50.0,49.3,228,189
2024-11-08 17:10:00,50.0,49.4,228,191
2024-11-08 17:12:00,50.0,49.3,228,191
2024-11-08 17:14:00,49.9,49.8,228,193
2024-11-08 17:16:00,49.9,49.6,228,196
2024-11-08 17:18:00,50.1,49.5,228,199
2024-11-08 17:20:00,50.0,49.5,228,197
2024-11-08 17:22:00,49.8,49.7,228,199
2024-11-08 17:24:00,50.1,49.5,228,197
2024-11-08 17:26:00,50.0,49.4,228,194
2024-11-08 17:28:00,50.0,49.4,228,196
2024-11-08 17:30:00,50.0,49.1,228,196
2024-11-08 17:32:00,50.0,49.5,228,195
2024-11-08 17:34:00,50.0,49.5,228,194
2024-11-08 17:36:00,50.0,49.6,228,197
2024-11-08 17:38:00,50.0,49.6,228,192
2024-11-08 17:40:00,49.8,49.7,228,195
2024-11-08 17:42:00,50.1,49.6,228,196
2024-11-08 17:44:00,49.9,49.3,228,194
2024-11-08 17:46:00,49.9,49.6,228,194
2024-11-08 17:48:00,49.8,49.4,228,190
2024-11-08 17:50:00,50.0,49.2,228,193
2024-11-08 17:52:00,50.1,49.3,228,193
2024-11-08 17:54:00,49.9,49.2,228,190
2024-11-08 17:56:00,49.9,49.0,228,186
2024-11-08 17:58:00,50.0,49.4,228,185
2024-11-08 18:00:00,49.9,49.2,228,185
2024-11-08 18:02:00,50.0,49.0,228,182
2024-11-08 18:04:00,49.9,49.5,228,187
2024-11-08 18:06:00,49.8,49.4,228,190
2024-11-08 18:08:00,50.0,49.4,228,182
2024-11-08 18:10:00,50.0,49.5,228,185
2024-11-08 18:12:00,50.0,49.5,228,187
2024-11-08 18:14:00,49.9,49.7,228,190
2024-11-08 18:16:00,50.0,49.3,228,190
2024-11-08 18:18:00,50.0,49.3,228,186
2024-11-08 18:20:00,50.0,49.6,228,187
2024-11-08 18:22:00,50.1,49.5,228,187
2024-11-08 18:24:00,50.0,49.2,228,184
2024-11-08 18:26:00,49.8,49.4,228,185
2024-11-08 18:28:00,50.0,49.5,228,182
2024-11-08 18:30:00,50.1,49.4,228,182
2024-11-08 18:32:00,49.9,49.3,228,182
2024-11-08 18:34:00,50.1,49.3,228,184
2024-11-08 18:36:00,49.8,49.3,228,182
2024-11-08 18:38:00,49.9,49.1,228,189
2024-11-08 18:40:00,50.0,49.0,228,185
2024-11-08 18:42:00,49.9,49.1,228,179
2024-11-08 18:44:00,50.0,49.2,228,180
2024-11-08 18:46:00,50.0,49.1,228,179
2024-11-08 18:48:00,50.1,49.3,228,183
2024-11-08 18:50:00,49.9,49.2,228,184
2024-11-08 18:52:00,50.0,49.2,228,184
2024-11-08 18:54:00,50.0,49.3,228,185
2024-11-08 18:56:00,49.9,49.4,228,182
2024-11-08 18:58:00,49.9,49.1,228,185
2024-11-08 19:00:00,49.8,48.8,228,185
2024-11-08 19:02:00,50.0,49.3,228,191
2024-11-08 19:04:00,50.1,48.9,228,188
2024-11-08 19:06:00,50.1,49.3,228,190
2024-11-08 19:08:00,50.1,49.4,228,184
2024-11-08 19:10:00,50.0,49.3,228,182
2024-11-08 19:12:00,50.1,49.4,228,179
2024-11-08 19:14:00,50.1,49.4,228,181
2024-11-08 19:16:00,49.9,49.6,228,180
2024-11-08 19:18:00,50.0,49.5,228,178
2024-11-08 19:20:00,50.0,49.5,228,179
2024-11-08 19:22:00,50.1,49.4,228,184
2024-11-08 19:24:00,50.0,49.2,228,180
2024-11-08 19:26:00,49.8,49.5,228,186
2024-11-08 19:28:00,50.0,49.4,228,182
2024-11-08 19:30:00,50.0,49.3,228,186
2024-11-08 19:32:00,49.9,49.1,228,185
2024-11-08 19:34:00,50.0,49.3,228,184
2024-11-08 19:36:00,50.0,49.6,228,191
2024-11-08 19:38:00,50.0,49.5,228,187
2024-11-08 19:40:00,49.8,49.6,228,185
2024-11-08 19:42:00,50.0,49.4,229,187
2024-11-08 19:44:00,50.0,49.5,228,188
2024-11-08 19:46:00,50.1,49.5,228,188
2024-11-08 19:48:00,50.3,49.2,229,186
2024-11-08 19:50:00,49.9,49.4,228,182
2024-11-08 19:52:00,50.0,49.3,228,185
2024-11-08 19:54:00,49.9,49.4,228,189
2024-11-08 19:56:00,49.9,49.3,228,186
2024-11-08 19:58:00,49.8,49.3,229,186
2024-11-08 20:00:00,49.8,49.5,228,186
2024-11-08 20:02:00,49.8,49.4,228,184
2024-11-08 20:04:00,49.8,49.7,228,185
2024-11-08 20:06:00,50.0,49.6,229,192
2024-11-08 20:08:00,50.2,49.6,229,189
2024-11-08 20:10:00,50.0,49.7,228,188
2024-11-08 20:12:00,50.0,49.7,229,185
2024-11-08 20:14:00,50.0,49.4,229,192
2024-11-08 20:16:00,49.9,49.3,228,185
2024-11-08 20:18:00,50.0,49.4,229,185
2024-11-08 20:20:00,50.0,49.5,229,187
2024-11-08 20:22:00,50.0,49.7,229,192
2024-11-08 20:24:00,50.1,49.2,229,187
2024-11-08 20:26:00,49.9,49.6,229,188
2024-11-08 20:28:00,49.9,49.4,228,187
2024-11-08 20:30:00,49.9,49.7,229,187
2024-11-08 20:32:00,50.0,49.7,229,190
2024-11-08 20:34:00,50.1,49.5,228,186
2024-11-08 20:36:00,50.1,49.6,229,183
2024-11-08 20:38:00,50.0,49.5,229,182
2024-11-08 20:40:00,49.9,49.5,229,184
2024-11-08 20:42:00,49.9,49.7,228,185
2024-11-08 20:44:00,50.1,49.5,228,189
2024-11-08 20:46:00,50.0,49.3,229,190
2024-11-08 20:48:00,50.1,49.4,229,188
2024-11-08 20:50:00,50.0,49.9,228,191
2024-11-08 20:52:00,49.9,50.0,228,190
2024-11-08 20:54:00,49.9,49.6,228,190
2024-11-08 20:56:00,49.9,49.9,228,194
2024-11-08 20:58:00,50.0,49.8,228,197
2024-11-08 21:00:00,49.9,50.0,229,199
2024-11-08 21:02:00,49.9,49.9,228,198
2024-11-08 21:04:00,50.1,49.8,228,198
2024-11-08 21:06:00,49.8,50.0,228,194
2024-11-08 21:08:00,50.1,49.8,228,193
2024-11-08 21:10:00,50.1,49.5,228,197
2024-11-08 21:12:00,50.2,49.7,228,199
2024-11-08 21:14:00,50.1,50.0,228,197
2024-11-08 21:16:00,49.7,49.8,228,198
2024-11-08 21:18:00,49.9,49.9,228,199
2024-11-08 21:20:00,50.0,49.9,228,197
2024-11-08 21:22:00,50.0,49.9,228,197
2024-11-08 21:24:00,49.9,50.2,228,198
2024-11-08 21:26:00,50.0,50.2,228,202
2024-11-08 21:28:00,49.9,50.2,228,203
2024-11-08 21:30:00,49.9,49.9,228,202
2024-11-08 21:32:00,50.1,49.8,228,204
2024-11-08 21:34:00,49.9,50.0,228,202
2024-11-08 21:36:00,49.8,49.7,228,197
2024-11-08 21:38:00,50.1,50,228,203
2024-11-08 21:40:00,50.0,50.0,228,207
2024-11-08 21:42:00,49.9,50.0,228,200
2024-11-08 21:44:00,50.1,50.2,228,202
2024-11-08 21:46:00,49.8,50.4,228,202
2024-11-08 21:48:00,50.0,50.4,228,202
2024-11-08 21:50:00,50.0,50.1,228,201
2024-11-08 21:52:00,49.9,50.4,228,203
2024-11-08 21:54:00,50.1,50.0,228,204
2024-11-08 21:56:00,49.9,50.3,228,203
2024-11-08 21:58:00,49.8,50.0,228,204
2024-11-08 22:00:00,50.0,50,231,205
2024-11-08 22:02:00,50.2,50.1,231,204
2024-11-08 22:04:00,50.0,49.6,231,206
2024-11-08 22:06:00,49.9,50.3,231,207
2024-11-08 22:08:00,50.0,50.2,231,207
2024-11-08 22:10:00,100,50.2,231,209
2024-11-08 22:12:00,50.0,50.3,231,211
2024-11-08 22:14:00,50.0,50.1,231,199
2024-11-08 22:16:00,49.8,50.3,231,198
2024-11-08 22:18:00,49.8,50.0,231,196
2024-11-08 22:20:00,50.0,50.2,231,197
2024-11-08 22:22:00,50.1,50.2,231,197
2024-11-08 22:24:00,49.9,50.1,231,205
2024-11-08 22:26:00,50.1,50.0,231,211
2024-11-08 22:28:00,50.1,50.1,231,208
2024-11-08 22:30:00,49.9,50.1,231,212
2024-11-08 22:32:00,49.9,50.4,231,213
2024-11-08 22:34:00,50.0,50.5,231,215
2024-11-08 22:36:00,50.0,50.7,231,213
2024-11-08 22:38:00,49.9,50.4,231,215
2024-11-08 22:40:00,50.0,50.4,231,215
2024-11-08 22:42:00,49.9,50.4,231,215
2024-11-08 22:44:00,49.8,50.2,231,214
2024-11-08 22:46:00,50.0,50.0,231,215
2024-11-08 22:48:00,50.1,50.1,231,214
2024-11-08 22:50:00,49.8,50.1,231,216
2024-11-08 22:52:00,49.9,50.1,231,216
2024-11-08 22:54:00,50.0,50.2,231,217
2024-11-08 22:56:00,50.0,50.2,231,217
2024-11-08 22:58:00,50.0,50.3,231,217
2024-11-08 23:00:00,49.8,50.3,231,217
2024-11-08 23:02:00,50.0,50.4,231,219
2024-11-08 23:04:00,50.0,50.5,231,221
2024-11-08 23:06:00,50.1,50.5,231,221
2024-11-08 23:08:00,49.9,50.3,231,221
2024-11-08 23:10:00,49.8,50.5,231,220
2024-11-08 23:12:00,50.0,50.4,231,219
2024-11-08 23:14:00,50.0,50.5,231,219
2024-11-08 23:16:00,49.9,50.7,231,220
2024-11-08 23:18:00,50.0,50.7,231,219
2024-11-08 23:20:00,50.0,50.7,231,220
2024-11-08 23:22:00,50.0,50.7,231,221
2024-11-08 23:24:00,49.8,50.6,231,220
2024-11-08 23:26:00,50.0,50.8,231,224
2024-11-08 23:28:00,50.1,50.6,231,223
2024-11-08 23:30:00,50.0,50.5,231,224
2024-11-08 23:32:00,49.8,50.5,231,224
2024-11-08 23:34:00,50.0,50.6,231,223
2024-11-08 23:36:00,49.9,50.6,231,223
2024-11-08 23:38:00,50.0,50.5,231,225
2024-11-08 23:40:00,49.8,50.7,231,223
2024-11-08 23:42:00,50.0,50.7,231,225
2024-11-08 23:44:00,50.1,50.6,231,224
2024-11-08 23:46:00,50.0,50.7,231,224
2024-11-08 23:48:00,49.8,50.5,231,224
2024-11-08 23:50:00,50.0,50.7,231,227
2024-11-08 23:52:00,50.0,50.6,231,226
2024-11-08 23:54:00,50.0,50.5,231,226
2024-11-08 23:56:00,49.9,50.5,231,226
2024-11-08 23:58:00,49.8,50.6,231,226
2024-11-09 00:00:00,50.0,50.6,231,225
2024-11-09 00:02:00,50.0,50.8,231,225
2024-11-09 00:04:00,50.1,50.8,231,228
2024-11-09 00:06:00,50.0,50.5,231,226
2024-11-09 00:08:00,50.0,50.7,231,225
2024-11-09 00:10:00,50.1,50.5,231,226
2024-11-09 00:12:00,50.0,50.7,231,226
2024-11-09 00:14:00,50.0,50.5,231,226
2024-11-09 00:16:00,50.0,50.6,231,225
2024-11-09 00:18:00,49.9,50.5,231,225
2024-11-09 00:20:00,50.0,50.4,231,223
2024-11-09 00:22:00,50.1,50.6,231,223
2024-11-09 00:24:00,50.1,50.6,231,226
2024-11-09 00:26:00,50.0,50.5,231,226
2024-11-09 00:28:00,50.0,50.7,231,225
2024-11-09 00:30:00,49.8,50.8,231,226
2024-11-09 00:32:00,50.1,50.7,231,227
2024-11-09 00:34:00,50.0,50.9,231,227
2024-11-09 00:36:00,50.0,50.6,231,227
2024-11-09 00:38:00,50.0,50.5,231,228
2024-11-09 00:40:00,50.2,50.5,231,227
2024-11-09 00:42:00,50.0,50.4,231,227
2024-11-09 00:44:00,50.1,50.6,231,226
2024-11-09 00:46:00,49.9,50.4,231,227
2024-11-09 00:48:00,50.1,50.4,231,228
2024-11-09 00:50:00,49.9,50.4,231,223
2024-11-09 00:52:00,50.1,50.7,231,223
2024-11-09 00:54:00,50.2,50.8,231,223
2024-11-09 00:56:00,50.1,50.7,231,223
2024-11-09 00:58:00,50.0,50.7,231,221
2024-11-09 01:00:00,50.0,50.2,231,227
2024-11-09 01:02:00,49.9,50.0,231,226
2024-11-09 01:04:00,50.0,49.9,231,226
2024-11-09 01:06:00,49.8,49.8,231,226
2024-11-09 01:08:00,50.1,49.7,231,224
2024-11-09 01:10:00,50,49.9,231,225
2024-11-09 01:12:00,50.0,49.7,231,226
2024-11-09 01:14:00,50.1,49.9,231,228
2024-11-09 01:16:00,50.1,50.0,231,226
2024-11-09 01:18:00,50.1,50.2,231,227
2024-11-09 01:20:00,50.0,50.2,231,227
2024-11-09 01:22:00,50.2,50.2,231,226
2024-11-09 01:24:00,50.0,50.2,231,226
2024-11-09 01:26:00,50.3,50.1,231,226
2024-11-09 01:28:00,49.9,50.2,231,226
2024-11-09 01:30:00,50.0,50.1,231,226
2024-11-09 01:32:00,49.9,50.0,231,226
2024-11-09 01:34:00,50.0,50.2,231,227
2024-11-09 01:36:00,49.8,50.3,231,228
2024-11-09 01:38:00,50.1,50.4,231,227
2024-11-09 01:40:00,50.0,50.4,231,224
2024-11-09 01:42:00,50.0,2625,231,0
2024-11-09 01:44:00,49.9,9709,231,0
2024-11-09 01:46:00,50.0,2817,231,0
2024-11-09 01:48:00,50.0,4367,231,0.707
2024-11-09 01:50:00,50.0,3922,231,0
2024-11-09 01:52:00,50.1,3571,231,0
2024-11-09 01:54:00,50.0,6494,231,0
2024-11-09 01:56:00,49.8,4926,231,0
2024-11-09 01:58:00,50.0,6536,231,0
2024-11-09 02:00:00,49.9,3030,231,0
2024-11-09 02:02:00,50.0,7874,231,0
2024-11-09 02:04:00,50.0,5556,231,0
2024-11-09 02:06:00,49.8,2770,231,0
2024-11-09 02:08:00,50.2,4329,231,0
2024-11-09 02:10:00,49.9,5618,231,0
2024-11-09 02:12:00,49.8,6536,231,0
2024-11-09 02:14:00,49.9,4386,231,0
2024-11-09 02:16:00,50.0,6536,231,0
2024-11-09 02:18:00,50.0,2309,231,0
2024-11-09 02:20:00,49.9,3279,231,0
2024-11-09 02:22:00,49.8,7752,231,0
2024-11-09 02:24:00,49.8,5618,231,0
2024-11-09 02:26:00,50.0,4926,231,0
2024-11-09 02:28:00,50.0,5618,231,0
2024-11-09 02:30:00,50.0,4367,231,0
2024-11-09 02:32:00,49.9,4367,231,0.707
2024-11-09 02:34:00,49.9,3571,231,0
2024-11-09 02:36:00,50.1,3937,231,0.707
2024-11-09 02:38:00,50.2,4878,231,0
2024-11-09 02:40:00,49.9,4926,231,0
2024-11-09 02:42:00,49.7,3289,231,0
2024-11-09 02:44:00,49.9,3584,231,0
2024-11-09 02:46:00,49.9,4545,231,0.707
2024-11-09 02:48:00,49.9,4926,231,0
2024-11-09 02:50:00,49.8,3257,231,0
2024-11-09 02:52:00,49.8,7874,231,0
2024-11-09 02:54:00,49.9,4926,231,0
2024-11-09 02:56:00,50.0,4878,231,0
2024-11-09 02:58:00,50.0,3937,231,0
2024-11-09 03:00:00,50.0,5618,231,0
2024-11-09 03:02:00,49.9,9615,231,0
2024-11-09 03:04:00,50.1,5556,231,0
2024-11-09 03:06:00,49.9,5556,231,0.707
2024-11-09 03:08:00,50.0,3937,231,0
2024-11-09 03:10:00,50.0,4367,231,0
2024-11-09 03:12:00,50.0,6536,231,0
2024-11-09 03:14:00,49.9,3937,231,0
2024-11-09 03:16:00,50.1,6536,231,0.707
2024-11-09 03:18:00,49.9,3584,231,0
2024-11-09 03:20:00,49.8,5618,231,0
2024-11-09 03:22:00,50.1,5618,231,0
2024-11-09 03:24:00,49.9,4926,231,0
2024-11-09 03:26:00,49.9,2075,231,0
2024-11-09 03:28:00,50.2,5618,231,0.707
2024-11-09 03:30:00,50.0,4926,231,0
2024-11-09 03:32:00,49.9,3279,231,0
2024-11-09 03:34:00,49.9,3012,231,0
2024-11-09 03:36:00,50.0,3937,231,0.707
2024-11-09 03:38:00,50.0,3937,231,0
2024-11-09 03:40:00,49.9,5618,231,0
2024-11-09 03:42:00,49.9,6536,231,0
2024-11-09 03:44:00,50.0,3906,231,0
2024-11-09 03:46:00,50.0,4367,231,0
2024-11-09 03:48:00,49.9,7874,231,0
2024-11-09 03:50:00,50.1,4367,231,0
2024-11-09 03:52:00,49.8,6536,231,0
2024-11-09 03:54:00,50.0,3546,231,0
2024-11-09 03:56:00,50.0,3937,231,0
2024-11-09 03:58:00,50.1,5618,231,0
2024-11-09 04:00:00,49.9,6536,231,0
2024-11-09 04:02:00,50.2,7874,231,0
2024-11-09 04:04:00,49.8,5618,231,0
2024-11-09 04:06:00,49.8,4329,231,0
2024-11-09 04:08:00,50.0,3279,231,0
2024-11-09 04:10:00,50.1,4854,231,0
2024-11-09 04:12:00,50.1,4367,231,0
2024-11-09 04:14:00,50.2,4329,231,0
2024-11-09 04:16:00,50.0,6536,231,0
2024-11-09 04:18:00,50.0,2179,231,0
2024-11-09 04:20:00,49.9,2451,231,0
2024-11-09 04:22:00,49.9,2817,231,0
2024-11-09 04:24:00,50.0,4878,231,0
2024-11-09 04:26:00,49.8,3571,231,0
2024-11-09 04:28:00,49.7,6536,231,0
2024-11-09 04:30:00,50.1,3891,231,0.707
2024-11-09 04:32:00,50.0,2066,231,0
2024-11-09 04:34:00,50.2,3584,231,0.707
2024-11-09 04:36:00,50.0,4926,231,0.707
2024-11-09 04:38:00,50.1,3584,231,0
2024-11-09 04:40:00,49.9,7874,231,0
2024-11-09 04:42:00,49.9,4926,231,0.707
2024-11-09 04:44:00,50.1,3906,231,0
2024-11-09 04:46:00,50.0,4367,231,0.707
2024-11-09 04:48:00,50.0,5618,231,0
2024-11-09 04:50:00,49.8,3937,231,0
2024-11-09 04:52:00,49.9,3289,231,0.707
2024-11-09 04:54:00,50.1,3030,231,0
2024-11-09 04:56:00,49.7,9804,231,0
2024-11-09 04:58:00,49.9,5618,231,0.707
2024-11-09 05:00:00,50.0,4926,231,0
2024-11-09 05:02:00,49.8,5618,231,0
2024-11-09 05:04:00,50.2,7874,231,0
2024-11-09 05:06:00,49.9,3571,231,0
2024-11-09 05:08:00,49.9,5556,231,0.707
2024-11-09 05:10:00,49.9,3584,231,0
2024-11-09 05:12:00,49.9,5618,231,0
2024-11-09 05:14:00,49.9,7874,231,0
2024-11-09 05:16:00,49.7,50.2,231,230
2024-11-09 05:18:00,50.1,3279,231,0
2024-11-09 05:20:00,49.9,5618,231,0
2024-11-09 05:22:00,49.9,5618,231,0
2024-11-09 05:24:00,49.9,3906,231,0
2024-11-09 05:26:00,50.1,3279,231,0
2024-11-09 05:28:00,49.9,7874,231,0
2024-11-09 05:30:00,50.0,6536,231,0
2024-11-09 05:32:00,50.0,9804,231,0
2024-11-09 05:34:00,49.8,5618,231,0
2024-11-09 05:36:00,49.9,5587,231,0.707
2024-11-09 05:38:00,49.9,4926,231,0
2024-11-09 05:40:00,50.0,6536,231,0
2024-11-09 05:42:00,50.0,4926,231,0
2024-11-09 05:44:00,50.1,5618,231,0
2024-11-09 05:46:00,50.0,7874,231,0
2024-11-09 05:48:00,50.2,4367,231,0
2024-11-09 05:50:00,49.8,5618,231,0
2024-11-09 05:52:00,50.1,5618,231,0
2024-11-09 05:54:00,50.1,6536,231,0
2024-11-09 05:56:00,50.2,4329,231,0
2024-11-09 05:58:00,50.0,6536,231,0
2024-11-09 06:00:00,50.0,4926,231,0
2024-11-09 06:02:00,49.9,7692,231,0
2024-11-09 06:04:00,49.8,6494,231,0
2024-11-09 06:06:00,50.1,5618,231,0
2024-11-09 06:08:00,49.9,4926,231,0
2024-11-09 06:10:00,50.0,5618,231,0
2024-11-09 06:12:00,49.9,3584,231,0.707
2024-11-09 06:14:00,50.0,3003,231,0
2024-11-09 06:16:00,49.9,4926,231,0
2024-11-09 06:18:00,49.9,3279,231,0
2024-11-09 06:20:00,50.0,2179,231,0
2024-11-09 06:22:00,50.1,2817,231,0
2024-11-09 06:24:00,50.0,4926,231,0
2024-11-09 06:26:00,50.2,9804,231,0
2024-11-09 06:28:00,50.0,7692,231,0
2024-11-09 06:30:00,50.0,4926,231,0
2024-11-09 06:32:00,49.8,2463,231,0.707
2024-11-09 06:34:00,50.0,4878,231,0.707
2024-11-09 06:36:00,50.0,4926,231,0
2024-11-09 06:38:00,49.9,4367,231,0.707
2024-11-09 06:40:00,49.9,3584,231,0
2024-11-09 06:42:00,50.0,4367,231,0
2024-11-09 06:44:00,49.9,4367,231,0.707
2024-11-09 06:46:00,50.0,4926,231,0.707
2024-11-09 06:48:00,49.8,3021,231,0
2024-11-09 06:50:00,50.0,7813,231,0
2024-11-09 06:52:00,50.0,5587,231,0.707
2024-11-09 06:54:00,49.9,4386,231,0
2024-11-09 06:56:00,49.8,4926,231,0.707
2024-11-09 06:58:00,50.0,9804,231,0
2024-11-09 07:00:00,50.0,4367,231,0
2024-11-09 07:02:00,49.8,5618,231,0.707
2024-11-09 07:04:00,50.0,2994,231,0
2024-11-09 07:06:00,50.0,5618,231,0
2024-11-09 07:08:00,49.7,7813,230,0
2024-11-09 07:10:00,50.1,3521,231,0
2024-11-09 07:12:00,50.0,4878,231,0
2024-11-09 07:14:00,50.2,7874,231,0
2024-11-09 07:16:00,50.1,49.9,231,214
2024-11-09 07:18:00,50.1,49.8,231,216
2024-11-09 07:20:00,50.1,49.9,231,215
2024-11-09 07:22:00,49.9,49.7,231,212
2024-11-09 07:24:00,49.7,49.6,231,219
2024-11-09 07:26:00,50.0,49.7,231,220
2024-11-09 07:28:00,50.0,50.1,230,223
2024-11-09 07:30:00,49.8,49.9,230,219
2024-11-09 07:32:00,50.1,49.7,230,216
2024-11-09 07:34:00,50.0,49.8,231,216
2024-11-09 07:36:00,50.0,49.8,230,217
2024-11-09 07:38:00,50.0,50.0,231,219
2024-11-09 07:40:00,50.1,49.5,231,216
2024-11-09 07:42:00,49.9,49.7,231,215
2024-11-09 07:44:00,49.9,49.9,226,211
2024-11-09 07:46:00,50.0,49.9,235,215
2024-11-09 07:48:00,49.9,50.0,235,213
2024-11-09 07:50:00,50.2,49.9,234,209
2024-11-09 07:52:00,50.0,49.8,232,209
2024-11-09 07:54:00,50.0,49.8,232,207
2024-11-09 07:56:00,50.0,49.6,232,209
2024-11-09 07:58:00,50.0,49.9,232,192
2024-11-09 08:00:00,49.9,49.6,231,190
2024-11-09 08:02:00,49.8,49.6,232,194
2024-11-09 08:04:00,49.8,49.5,232,187
2024-11-09 08:06:00,49.9,50.0,232,193
2024-11-09 08:08:00,50.0,49.8,233,196
2024-11-09 08:10:00,50.0,49.8,233,200
2024-11-09 08:12:00,49.8,49.9,233,199
2024-11-09 08:14:00,50.0,50.0,233,198
2024-11-09 08:16:00,50.0,49.9,232,198
2024-11-09 08:18:00,50.0,50.0,232,198
2024-11-09 08:20:00,50.1,49.9,231,189
2024-11-09 08:22:00,50.1,49.9,232,187
2024-11-09 08:24:00,50.0,49.6,231,184
2024-11-09 08:26:00,49.8,49.7,232,198
2024-11-09 08:28:00,49.8,49.5,232,189
2024-11-09 08:30:00,49.9,49.7,231,188
2024-11-09 08:32:00,50.0,49.8,230,187
2024-11-09 08:34:00,50.0,49.6,231,194
2024-11-09 08:36:00,50.0,49.6,232,192
2024-11-09 08:38:00,50.1,49.5,232,199
2024-11-09 08:40:00,50.0,49.8,233,202
2024-11-09 08:42:00,50.1,49.5,233,200
2024-11-09 08:44:00,49.8,49.6,233,196
2024-11-09 08:46:00,50.0,49.5,233,199
2024-11-09 08:48:00,49.9,49.8,233,202
2024-11-09 08:50:00,49.9,50.1,232,203
2024-11-09 08:52:00,49.9,49.8,232,200
2024-11-09 08:54:00,49.9,49.6,232,202
2024-11-09 08:56:00,50.1,49.3,231,197
2024-11-09 08:58:00,50.0,49.4,231,193
2024-11-09 09:00:00,49.9,49.6,232,192
2024-11-09 09:02:00,50.0,49.6,232,193
2024-11-09 09:04:00,50.0,49.6,232,198
2024-11-09 09:06:00,49.9,49.7,232,192
2024-11-09 09:08:00,50.1,50.0,232,195
2024-11-09 09:10:00,50.0,49.7,231,198
2024-11-09 09:12:00,50.1,49.5,231,193
2024-11-09 09:14:00,50.0,49.6,232,194
2024-11-09 09:16:00,49.9,49.9,231,195
2024-11-09 09:18:00,50.0,49.6,232,194
2024-11-09 09:20:00,49.9,49.9,232,195
2024-11-09 09:22:00,49.9,49.7,232,194
2024-11-09 09:24:00,50.0,49.6,231,195
2024-11-09 09:26:00,50.0,50.0,231,195
2024-11-09 09:28:00,99.0,49.6,231,189
2024-11-09 09:30:00,49.9,49.4,231,187
2024-11-09 09:32:00,50.1,49.5,231,195
2024-11-09 09:34:00,50.1,49.5,232,194
2024-11-09 09:36:00,50.0,49.6,232,190
2024-11-09 09:38:00,49.9,50.0,231,190
2024-11-09 09:40:00,50.0,49.7,231,185
2024-11-09 09:42:00,49.9,49.8,231,185
2024-11-09 09:44:00,50.0,50.0,231,185
2024-11-09 09:46:00,50.1,49.7,231,185
2024-11-09 09:48:00,50.0,49.5,231,188
2024-11-09 09:50:00,49.9,49.3,231,178
2024-11-09 09:52:00,49.9,49.9,231,192
2024-11-09 09:54:00,50.0,49.8,231,192
2024-11-09 09:56:00,50.0,49.7,233,187
2024-11-09 09:58:00,50.3,49.9,231,183
2024-11-09 10:00:00,50.0,49.8,231,190
2024-11-09 10:02:00,49.9,49.5,231,187
2024-11-09 10:04:00,50.0,49.9,232,196
2024-11-09 10:06:00,50.1,49.7,231,191
2024-11-09 10:08:00,50.0,49.7,231,187
2024-11-09 10:10:00,50.0,49.5,227,190
2024-11-09 10:12:00,49.8,49.6,227,190
2024-11-09 10:14:00,50.2,49.8,227,187
2024-11-09 10:16:00,50.0,49.6,227,188
2024-11-09 10:18:00,50.0,49.6,227,191
2024-11-09 10:20:00,49.7,49.8,227,187
2024-11-09 10:22:00,50.0,50.1,227,190
2024-11-09 10:24:00,50.1,49.6,227,185
2024-11-09 10:26:00,50.0,49.7,227,180
2024-11-09 10:28:00,50.1,49.6,227,183
2024-11-09 10:30:00,50.1,49.6,227,185
2024-11-09 10:32:00,50.1,49.6,227,187
2024-11-09 10:34:00,49.9,49.6,228,182
2024-11-09 10:36:00,50.0,49.7,228,188
2024-11-09 10:38:00,49.9,49.7,227,187
2024-11-09 10:40:00,50.0,49.6,228,186
2024-11-09 10:42:00,50.1,49.9,228,187
2024-11-09 10:44:00,50.0,49.5,228,185
2024-11-09 10:46:00,49.9,49.7,227,184
2024-11-09 10:48:00,49.9,49.4,227,183
2024-11-09 10:50:00,50.0,49.4,228,185
2024-11-09 10:52:00,50,49.5,233,189
2024-11-09 10:54:00,50.0,49.5,232,191
2024-11-09 10:56:00,50.0,49.3,231,190
2024-11-09 10:58:00,49.9,49.4,231,186
2024-11-09 11:00:00,49.9,49.5,231,181
2024-11-09 11:02:00,49.9,49.3,231,185
2024-11-09 11:04:00,50.1,49.5,231,189
2024-11-09 11:06:00,50.0,49.6,231,192
2024-11-09 11:08:00,50.0,49.6,231,185
2024-11-09 11:10:00,50.2,49.7,231,185
2024-11-09 11:12:00,49.8,49.6,231,183
2024-11-09 11:14:00,49.7,49.4,231,180
2024-11-09 11:16:00,49.9,49.6,231,181
2024-11-09 11:18:00,50.1,49.3,231,182
2024-11-09 11:20:00,50.0,49.5,231,180
2024-11-09 11:22:00,50.0,49.6,231,179
2024-11-09 11:24:00,50.2,49.8,231,182
2024-11-09 11:26:00,50.0,49.7,231,177
2024-11-09 11:28:00,50.0,49.5,231,181
2024-11-09 11:30:00,49.9,49.8,231,181
2024-11-09 11:32:00,50.0,49.4,231,184
2024-11-09 11:34:00,50.0,49.6,231,185
2024-11-09 11:36:00,50.0,49.4,231,188
2024-11-09 11:38:00,50.1,51.1,231,237
2024-11-09 11:40:00,50.1,51.7,231,240
2024-11-09 11:42:00,49.9,51.1,231,238
2024-11-09 11:44:00,50.0,51.0,231,240
2024-11-09 11:46:00,49.9,50.9,231,238
2024-11-09 11:48:00,50.1,50.6,231,234
2024-11-09 11:50:00,50.0,50.6,231,236
2024-11-09 11:52:00,50.0,50.7,231,236
2024-11-09 11:54:00,50.0,50.7,231,240
2024-11-09 11:56:00,49.9,50.6,231,237
2024-11-09 11:58:00,50.0,51.0,231,238
2024-11-09 12:00:00,50.1,50.7,231,238
2024-11-09 12:02:00,50.1,50.8,231,238
2024-11-09 12:04:00,49.9,50.5,231,239
2024-11-09 12:06:00,50.3,51.0,231,236
2024-11-09 12:08:00,49.9,50.9,231,234
2024-11-09 12:10:00,49.9,50.8,231,237
2024-11-09 12:12:00,50.1,50.6,231,236
2024-11-09 12:14:00,50.0,50.6,231,233
2024-11-09 12:16:00,50.0,50.7,231,240
2024-11-09 12:18:00,49.9,51.2,231,239
2024-11-09 12:20:00,50.0,51.0,231,241
2024-11-09 12:22:00,49.8,51.6,231,238
2024-11-09 12:24:00,50.0,51.4,231,238
2024-11-09 12:26:00,50.0,51.3,231,233
2024-11-09 12:28:00,49.8,50.5,231,239
2024-11-09 12:30:00,50.1,50.5,231,240
2024-11-09 12:32:00,49.9,51.0,231,238
2024-11-09 12:34:00,50.1,50.6,232,237
2024-11-09 12:36:00,50.0,50.7,231,238
2024-11-09 12:38:00,49.9,50.5,231,236
2024-11-09 12:40:00,50.0,50.7,231,236
2024-11-09 12:42:00,50.2,50.5,231,240
2024-11-09 12:44:00,50.1,50.5,231,241
2024-11-09 12:46:00,49.9,50.7,231,240
2024-11-09 12:48:00,50.0,50.6,231,240
2024-11-09 12:50:00,50.0,50.5,231,241
2024-11-09 12:52:00,49.9,50.5,231,240
2024-11-09 12:54:00,49.9,50.6,231,238
2024-11-09 12:56:00,50.0,50.8,231,238
2024-11-09 12:58:00,50.1,50.7,231,238
2024-11-09 13:00:00,50.0,50.6,231,239
2024-11-09 13:02:00,49.7,50.9,231,239
2024-11-09 13:04:00,50.0,50.6,231,238
2024-11-09 13:06:00,49.8,50.6,231,239
2024-11-09 13:08:00,50.0,50.8,231,239
2024-11-09 13:10:00,49.9,50.6,231,238
2024-11-09 13:12:00,50.0,50.7,231,236
2024-11-09 13:14:00,50.0,50.9,231,240
2024-11-09 13:16:00,50.1,51.3,231,238
2024-11-09 13:18:00,50.2,51.1,231,237
2024-11-09 13:20:00,50.0,51.3,231,238
2024-11-09 13:22:00,50.1,50.9,231,238
2024-11-09 13:24:00,50.0,50.7,232,237
2024-11-09 13:26:00,49.9,51.0,231,240
2024-11-09 13:28:00,50.1,51.0,231,240
2024-11-09 13:30:00,50.0,51.1,231,239
2024-11-09 13:32:00,49.9,50.9,231,240
2024-11-09 13:34:00,50.1,50.9,231,240
2024-11-09 13:36:00,49.8,50.8,231,239
2024-11-09 13:38:00,49.9,50.7,231,239
2024-11-09 13:40:00,50.0,50.6,232,238
2024-11-09 13:42:00,50.0,50.7,231,240
2024-11-09 13:44:00,50.0,51.0,231,240
2024-11-09 13:46:00,49.8,50.8,231,239
2024-11-09 13:48:00,50.1,50.8,231,240
2024-11-09 13:50:00,49.9,50.7,231,239
2024-11-09 13:52:00,49.9,50.5,227,238
2024-11-09 13:54:00,50.1,50.6,233,241
2024-11-09 13:56:00,49.9,50.8,232,241
2024-11-09 13:58:00,50.0,50.9,231,238
2024-11-09 14:00:00,50.1,50.8,232,240
2024-11-09 14:02:00,50.0,50.9,232,240
2024-11-09 14:04:00,50.1,50.7,231,240
2024-11-09 14:06:00,50.2,51.1,231,242
2024-11-09 14:08:00,49.8,50.9,232,243
2024-11-09 14:10:00,50.2,49.9,231,240
2024-11-09 14:12:00,50.0,49.6,231,238
2024-11-09 14:14:00,50.1,49.7,232,238
2024-11-09 14:16:00,50.0,49.5,232,239
2024-11-09 14:18:00,49.9,49.6,231,238
2024-11-09 14:20:00,50.1,49.6,231,238
2024-11-09 14:22:00,50.1,49.7,231,238
2024-11-09 14:24:00,50.1,49.6,231,238
2024-11-09 14:26:00,50.1,49.5,232,238
2024-11-09 14:28:00,50.0,49.7,232,239
2024-11-09 14:30:00,50.0,49.5,232,239
2024-11-09 14:32:00,49.9,49.5,231,239
2024-11-09 14:34:00,49.8,49.7,231,240
2024-11-09 14:36:00,50.1,49.6,231,240
2024-11-09 14:38:00,50.0,49.6,231,240
2024-11-09 14:40:00,50.0,49.5,231,240
2024-11-09 14:42:00,49.9,49.7,231,239
2024-11-09 14:44:00,50.0,49.7,231,239
2024-11-09 14:46:00,49.9,49.5,231,240
2024-11-09 14:48:00,49.8,49.7,231,239
2024-11-09 14:50:00,50.0,49.8,231,236
2024-11-09 14:52:00,50.1,49.7,231,236
2024-11-09 14:54:00,50.0,49.8,231,236
2024-11-09 14:56:00,49.9,49.8,231,235
2024-11-09 14:58:00,49.9,49.8,231,237
2024-11-09 15:00:00,50.1,49.8,231,237
2024-11-09 15:02:00,49.9,49.9,232,236
2024-11-09 15:04:00,50.0,50.0,232,236
2024-11-09 15:06:00,656,49.8,1.41,237
2024-11-09 15:08:00,5618,49.9,1.41,236
2024-11-09 15:10:00,453,49.9,1.41,236
2024-11-09 15:12:00,1642,49.9,1.41,236
2024-11-09 15:14:00,625,49.9,1.41,236
2024-11-09 15:16:00,667,50.0,1.41,238
2024-11-09 15:18:00,510,49.9,1.41,236
2024-11-09 15:20:00,1155,50.0,1.41,236
2024-11-09 15:22:00,1357,49.9,1.41,237
2024-11-09 15:24:00,596,50.0,1.41,234
2024-11-09 15:26:00,2801,49.9,1.41,235
2024-11-09 15:28:00,9804,49.9,1.41,236
2024-11-09 15:30:00,634,49.9,1.41,236
2024-11-09 15:32:00,597,49.9,1.41,236
2024-11-09 15:34:00,1314,50.2,1.41,232
2024-11-09 15:36:00,667,50.5,1.41,233
2024-11-09 15:38:00,1403,50.5,1.41,236
2024-11-09 15:40:00,331,50.7,1.41,238
2024-11-09 15:42:00,615,50.6,1.41,238
2024-11-09 15:44:00,4926,50.6,1.41,235
2024-11-09 15:46:00,6536,50.5,1.41,235
2024-11-09 15:48:00,1192,50.6,1.41,235
2024-11-09 15:50:00,1307,50.6,1.41,236
2024-11-09 15:52:00,615,51.1,1.41,238
2024-11-09 15:54:00,7874,51.2,1.41,237
2024-11-09 15:56:00,1451,51.1,1.41,238
2024-11-09 15:58:00,9804,51.3,1.41,238
2024-11-09 16:00:00,1233,51.3,1.41,239
2024-11-09 16:02:00,5618,51.3,1.41,238
2024-11-09 16:04:00,1269,51.2,1.41,240
2024-11-09 16:06:00,644,51.2,1.41,240
2024-11-09 16:08:00,4926,51.1,1.41,238
2024-11-09 16:10:00,1225,50.8,1.41,238
2024-11-09 16:12:00,1124,50.8,1.41,238
2024-11-09 16:14:00,1230,50.6,1.41,238
2024-11-09 16:16:00,3279,51.3,1.41,237
2024-11-09 16:18:00,991,51.3,1.41,237
2024-11-09 16:20:00,1355,51.1,1.41,237
2024-11-09 16:22:00,690,51.0,1.41,238
2024-11-09 16:24:00,2309,51.2,1.41,239
2024-11-09 16:26:00,716,51.2,1.41,239
2024-11-09 16:28:00,1157,51.3,1.41,238
2024-11-09 16:30:00,1178,51.2,1.41,239
2024-11-09 16:32:00,636,51.1,1.41,237
2024-11-09 16:34:00,3937,50.9,1.41,238
2024-11-09 16:36:00,1124,51.1,1.41,238
2024-11-09 16:38:00,432,50.9,1.41,238
2024-11-09 16:40:00,656,51.1,1.41,238
2024-11-09 16:42:00,1789,51.1,1.41,239
2024-11-09 16:44:00,1408,50.7,1.41,240
2024-11-09 16:46:00,772,51.0,1.41,237
2024-11-09 16:48:00,1456,51.1,1.41,236
2024-11-09 16:50:00,3584,51.1,1.41,238
2024-11-09 16:52:00,689,51.3,1.41,238
2024-11-09 16:54:00,500,51.0,1.41,238
2024-11-09 16:56:00,7874,51.1,1.41,237
2024-11-09 16:58:00,1634,51.1,1.41,239
2024-11-09 17:00:00,1764,51.1,1.41,240
2024-11-09 17:02:00,7752,51.2,1.41,240
2024-11-09 17:04:00,667,51.2,1.41,239
2024-11-09 17:06:00,1229,51.3,1.41,241
2024-11-09 17:08:00,1353,51.3,1.41,239
2024-11-09 17:10:00,1783,51.2,1.41,240
2024-11-09 17:12:00,331,49.5,1.41,199
2024-11-09 17:14:00,6452,49.5,1.41,198
2024-11-09 17:16:00,5618,49.5,1.41,197
2024-11-09 17:18:00,1193,49.6,1.41,194
2024-11-09 17:20:00,1065,49.2,1.41,188
2024-11-09 17:22:00,1456,49.4,1.41,192
2024-11-09 17:24:00,689,49.6,1.41,192
2024-11-09 17:26:00,1193,49.6,1.41,192
2024-11-09 17:28:00,401,49.5,1.41,190
2024-11-09 17:30:00,784,49.5,1.41,187
2024-11-09 17:32:00,1404,49.3,1.41,190
2024-11-09 17:34:00,3906,49.2,1.41,192
2024-11-09 17:36:00,432,49.5,1.41,196
2024-11-09 17:38:00,835,49.6,1.41,195
2024-11-09 17:40:00,1404,49.5,1.41,196
2024-11-09 17:42:00,5618,49.3,1.41,196
2024-11-09 17:44:00,800,49.6,1.41,198
2024-11-09 17:46:00,615,49.1,1.41,198
2024-11-09 17:48:00,423,49.2,1.41,189
2024-11-09 17:50:00,9804,49.2,1.41,190
2024-11-09 17:52:00,579,49.0,1.41,192
2024-11-09 17:54:00,1403,49.2,1.41,194
2024-11-09 17:56:00,1511,49.3,1.41,194
2024-11-09 17:58:00,1311,49.8,1.41,193
2024-11-09 18:00:00,1357,49.6,1.41,194
2024-11-09 18:02:00,1157,49.7,1.41,190
2024-11-09 18:04:00,1307,49.5,1.41,192
2024-11-09 18:06:00,1269,49.7,1.41,186
2024-11-09 18:08:00,384,49.3,1.41,187
2024-11-09 18:10:00,562,49.2,1.41,182
2024-11-09 18:12:00,7874,49.1,1.41,186
2024-11-09 18:14:00,1309,49.2,1.41,180
2024-11-09 18:16:00,447,49.1,1.41,183
2024-11-09 18:18:00,1404,49.1,1.41,188
2024-11-09 18:20:00,6536,49.3,1.41,187
2024-11-09 18:22:00,1404,49.3,1.41,185
2024-11-09 18:24:00,330,49.3,1.41,187
2024-11-09 18:26:00,9804,49.4,1.41,185
2024-11-09 18:28:00,1637,49.3,1.41,186
2024-11-09 18:30:00,715,49.4,1.41,190
2024-11-09 18:32:00,769,49.5,1.41,190
2024-11-09 18:34:00,497,49.3,1.41,187
2024-11-09 18:36:00,555,49.7,1.41,187
2024-11-09 18:38:00,1570,49.6,1.41,188
2024-11-09 18:40:00,462,49.3,1.41,187
2024-11-09 18:42:00,1351,49.4,1.41,188
2024-11-09 18:44:00,615,49.1,1.41,187
2024-11-09 18:46:00,656,49.3,1.41,190
2024-11-09 18:48:00,579,49.4,1.41,183
2024-11-09 18:50:00,4367,49.2,1.41,182
2024-11-09 18:52:00,1351,49.6,1.41,178
2024-11-09 18:54:00,1779,49.4,1.41,180
2024-11-09 18:56:00,1859,49.7,1.41,179
2024-11-09 18:58:00,606,49.8,1.41,181
2024-11-09 19:00:00,1513,49.5,1.41,182
2024-11-09 19:02:00,701,49.4,1.41,186
2024-11-09 19:04:00,645,49.7,1.41,180
2024-11-09 19:06:00,6579,49.5,1.41,177
2024-11-09 19:08:00,1004,49.8,1.41,183
2024-11-09 19:10:00,3030,49.6,1.41,180
2024-11-09 19:12:00,1456,49.5,1.41,180
2024-11-09 19:14:00,6494,49.5,1.41,183
2024-11-09 19:16:00,1353,49.6,1.41,178
2024-11-09 19:18:00,447,49.3,1.41,178
2024-11-09 19:20:00,635,49.5,1.41,183
2024-11-09 19:22:00,1036,49.6,1.41,185
2024-11-09 19:24:00,623,49.6,1.41,182
2024-11-09 19:26:00,1094,49.4,1.41,187
2024-11-09 19:28:00,414,49.8,1.41,189
2024-11-09 19:30:00,1011,49.2,1.41,182
2024-11-09 19:32:00,1404,49.7,1.41,187
2024-11-09 19:34:00,1192,49.6,1.41,186
2024-11-09 19:36:00,6536,49.5,1.41,187
2024-11-09 19:38:00,1036,49.5,1.41,187
2024-11-09 19:40:00,410,49.6,1.41,187
2024-11-09 19:42:00,419,49.5,1.41,187
2024-11-09 19:44:00,645,49.5,1.41,186
2024-11-09 19:46:00,419,49.4,1.41,187
2024-11-09 19:48:00,3279,49.7,1.41,186
2024-11-09 19:50:00,562,49.2,1.41,181
2024-11-09 19:52:00,667,49.5,1.41,184
2024-11-09 19:54:00,1043,49.2,1.41,186
2024-11-09 19:56:00,677,49.3,1.41,181
2024-11-09 19:58:00,615,49.5,1.41,181
2024-11-09 20:00:00,678,49.9,1.41,178
2024-11-09 20:02:00,1160,49.7,1.41,179
2024-11-09 20:04:00,678,49.6,1.41,182
2024-11-09 20:06:00,485,49.8,1.41,178
2024-11-09 20:08:00,625,49.8,1.41,181
2024-11-09 20:10:00,635,49.7,1.41,182
2024-11-09 20:12:00,1192,49.5,1.41,178
2024-11-09 20:14:00,661,49.5,1.41,184
2024-11-09 20:16:00,555,49.6,1.41,182
2024-11-09 20:18:00,410,49.2,1.41,181
2024-11-09 20:20:00,596,49.3,1.41,180
2024-11-09 20:22:00,423,49.6,1.41,184
2024-11-09 20:24:00,1873,49.8,0,184
2024-11-09 20:26:00,50.0,49.7,227,183
2024-11-09 20:28:00,50.1,49.5,225,185
2024-11-09 20:30:00,50.0,49.8,228,183
2024-11-09 20:32:00,50.1,49.6,228,188
2024-11-09 20:34:00,50.0,49.7,228,190
2024-11-09 20:36:00,49.8,49.7,228,188
2024-11-09 20:38:00,50.0,49.9,228,196
2024-11-09 20:40:00,49.8,49.7,228,194
2024-11-09 20:42:00,50.0,49.6,228,198
2024-11-09 20:44:00,50.2,49.4,228,199
2024-11-09 20:46:00,50.0,49.2,228,195
2024-11-09 20:48:00,50.0,49.5,228,198
2024-11-09 20:50:00,49.9,49.4,228,201
2024-11-09 20:52:00,49.9,49.8,228,199
2024-11-09 20:54:00,49.8,50.0,228,200
2024-11-09 20:56:00,50.1,50.0,228,199
2024-11-09 20:58:00,49.7,49.8,228,196
2024-11-09 21:00:00,50.2,49.7,230,197
2024-11-09 21:02:00,49.8,49.7,231,197
2024-11-09 21:04:00,50.0,50.0,231,199
2024-11-09 21:06:00,50.0,49.7,231,196
2024-11-09 21:08:00,50.0,50.0,228,194
2024-11-09 21:10:00,50.1,49.8,228,190
2024-11-09 21:12:00,49.9,49.7,228,192
2024-11-09 21:14:00,50.2,50.1,228,193
2024-11-09 21:16:00,49.9,50.0,228,199
2024-11-09 21:18:00,49.6,50.1,228,200
2024-11-09 21:20:00,50.0,49.9,227,204
2024-11-09 21:22:00,49.9,49.9,228,204
2024-11-09 21:24:00,49.7,50.4,228,207
2024-11-09 21:26:00,50.2,50.1,231,205
2024-11-09 21:28:00,50.1,50.3,231,204
2024-11-09 21:30:00,49.8,50.0,231,204
2024-11-09 21:32:00,49.8,50.1,231,206
2024-11-09 21:34:00,50.0,50.0,231,206
2024-11-09 21:36:00,50.0,49.8,231,207
2024-11-09 21:38:00,50.0,50.0,231,204
2024-11-09 21:40:00,49.6,50,231,205
2024-11-09 21:42:00,50.0,50.0,231,204
2024-11-09 21:44:00,49.8,50.1,231,200
2024-11-09 21:46:00,50.1,50.0,231,199
2024-11-09 21:48:00,50.2,50.1,231,200
2024-11-09 21:50:00,50.0,49.9,231,201
2024-11-09 21:52:00,49.7,50.2,231,202
2024-11-09 21:54:00,49.9,50.3,231,202
2024-11-09 21:56:00,49.9,50.2,231,203
2024-11-09 21:58:00,50.1,50.0,231,204
2024-11-09 22:00:00,50.0,50.0,231,205
2024-11-09 22:02:00,50.0,50.5,231,211
2024-11-09 22:04:00,49.9,50.1,231,206
2024-11-09 22:06:00,50.0,50.2,231,209
2024-11-09 22:08:00,49.8,49.8,231,207
2024-11-09 22:10:00,50.0,49.9,231,209
2024-11-09 22:12:00,49.7,50.0,231,210
2024-11-09 22:14:00,50.1,50.0,231,208
2024-11-09 22:16:00,50.2,50.1,231,210
2024-11-09 22:18:00,50.0,49.6,231,209
2024-11-09 22:20:00,50.0,49.7,231,210
2024-11-09 22:22:00,49.9,49.9,231,208
2024-11-09 22:24:00,50.0,49.7,231,209
2024-11-09 22:26:00,50.1,49.8,231,206
2024-11-09 22:28:00,49.9,50.0,231,203
2024-11-09 22:30:00,50.0,49.8,231,202
2024-11-09 22:32:00,50.0,49.8,231,202
2024-11-09 22:34:00,49.7,50.0,231,202
2024-11-09 22:36:00,50.2,50.0,231,203
2024-11-09 22:38:00,49.7,50.0,231,207
2024-11-09 22:40:00,50.0,49.8,231,210
2024-11-09 22:42:00,50.3,49.6,231,208
2024-11-09 22:44:00,50.0,49.7,231,209
2024-11-09 22:46:00,50.3,49.6,231,206
2024-11-09 22:48:00,50.2,49.8,231,209
2024-11-09 22:50:00,49.7,49.7,231,209
2024-11-09 22:52:00,50.1,49.7,231,209
2024-11-09 22:54:00,49.9,49.7,231,210
2024-11-09 22:56:00,50.0,50,231,210
2024-11-09 22:58:00,49.8,50.0,231,210
2024-11-09 23:00:00,49.8,50.1,231,211
2024-11-09 23:02:00,49.7,50.0,231,208
2024-11-09 23:04:00,49.7,50.2,231,214
2024-11-09 23:06:00,50.0,50.0,231,214
2024-11-09 23:08:00,49.9,50.0,231,215
2024-11-09 23:10:00,49.9,50.1,231,216
2024-11-09 23:12:00,50.0,50.1,231,216
2024-11-09 23:14:00,50.3,50.1,231,215
2024-11-09 23:16:00,50.0,50.2,231,215
2024-11-09 23:18:00,50.2,50.1,231,217
2024-11-09 23:20:00,49.9,50.2,231,217
2024-11-09 23:22:00,49.9,50.2,231,219
2024-11-09 23:24:00,50.0,49.9,231,218
2024-11-09 23:26:00,50.1,49.9,231,216
2024-11-09 23:28:00,49.9,50.0,231,218
2024-11-09 23:30:00,49.8,49.9,231,216
2024-11-09 23:32:00,49.9,50.0,231,214
2024-11-09 23:34:00,49.7,49.8,231,214
2024-11-09 23:36:00,50.0,49.7,231,216
2024-11-09 23:38:00,49.9,49.7,231,215
2024-11-09 23:40:00,50.2,49.5,231,212
2024-11-09 23:42:00,49.8,49.7,231,217
2024-11-09 23:44:00,49.9,49.8,231,216
2024-11-09 23:46:00,49.8,49.7,231,216
2024-11-09 23:48:00,50.0,49.8,231,216
2024-11-09 23:50:00,49.9,50.0,231,216
2024-11-09 23:52:00,49.8,49.8,231,217
2024-11-09 23:54:00,50.0,50.1,231,217
2024-11-09 23:56:00,49.9,50.1,231,220
2024-11-09 23:58:00,50.1,50.1,231,219
2024-11-10 00:00:00,50.0,50.0,231,215
2024-11-10 00:02:00,49.7,49.9,231,218
2024-11-10 00:04:00,50.3,49.8,231,220
2024-11-10 00:06:00,49.9,49.7,231,219
2024-11-10 00:08:00,50.0,49.6,231,218
2024-11-10 00:10:00,50.0,49.7,231,219
2024-11-10 00:12:00,50.0,49.9,231,219
2024-11-10 00:14:00,49.9,50.0,231,221
2024-11-10 00:16:00,100,50.2,231,220
2024-11-10 00:18:00,50.1,50.2,231,219
2024-11-10 00:20:00,50.0,50.3,231,221
2024-11-10 00:22:00,49.9,50.2,231,220
2024-11-10 00:24:00,49.8,50.8,231,221
2024-11-10 00:26:00,50.1,50.9,231,221
2024-11-10 00:28:00,49.8,50.5,231,220
2024-11-10 00:30:00,50.1,50.6,231,220
2024-11-10 00:32:00,49.7,50.5,231,221
2024-11-10 00:34:00,50.0,50.7,231,221
2024-11-10 00:36:00,49.9,50.6,231,221
2024-11-10 00:38:00,49.7,50.6,231,222
2024-11-10 00:40:00,50.3,50.7,231,222
2024-11-10 00:42:00,99.4,50.6,231,222
2024-11-10 00:44:00,50.0,50.6,231,223
2024-11-10 00:46:00,50.0,50.7,231,222
2024-11-10 00:48:00,50.0,50.3,231,221
2024-11-10 00:50:00,49.8,50.5,231,222
2024-11-10 00:52:00,49.9,50.3,231,221
2024-11-10 00:54:00,50.0,50.2,231,221
2024-11-10 00:56:00,50.2,50.1,231,220
2024-11-10 00:58:00,49.9,50.3,231,220
2024-11-10 01:00:00,49.9,50.6,231,223
2024-11-10 01:02:00,49.9,50.2,231,222
2024-11-10 01:04:00,50.3,50.3,231,222
2024-11-10 01:06:00,50.2,50.6,231,221
2024-11-10 01:08:00,49.9,50.8,231,222
2024-11-10 01:10:00,50.0,50.9,231,221
2024-11-10 01:12:00,49.9,51.0,231,221
2024-11-10 01:14:00,50.0,50.7,231,222
2024-11-10 01:16:00,49.7,50.5,231,223
2024-11-10 01:18:00,50.0,50.9,231,221
2024-11-10 01:20:00,49.9,50.6,231,220
2024-11-10 01:22:00,50.0,50.6,231,222
2024-11-10 01:24:00,49.9,50.7,231,223
2024-11-10 01:26:00,50.0,50.7,231,221
2024-11-10 01:28:00,49.9,51.0,231,225
2024-11-10 01:30:00,49.8,50.6,231,223
2024-11-10 01:32:00,50.0,50.7,231,223
2024-11-10 01:34:00,50.0,50.5,231,223
2024-11-10 01:36:00,50.0,50.8,231,223
2024-11-10 01:38:00,99.1,50.6,231,223
2024-11-10 01:40:00,50.0,50.9,231,224
2024-11-10 01:42:00,99.1,50.9,231,223
2024-11-10 01:44:00,49.7,50.9,231,222
2024-11-10 01:46:00,49.8,51.0,231,224
2024-11-10 01:48:00,49.8,50.7,231,223
2024-11-10 01:50:00,50.3,50.8,231,223
2024-11-10 01:52:00,49.8,50.7,231,223
2024-11-10 01:54:00,50.0,50.6,231,223
2024-11-10 01:56:00,49.8,50.5,231,221
2024-11-10 01:58:00,50.1,50.7,231,222
2024-11-10 02:00:00,50.1,50.5,231,222
2024-11-10 02:02:00,50.1,50.6,231,221
2024-11-10 02:04:00,49.9,50.9,231,223
2024-11-10 02:06:00,49.8,51.1,231,223
2024-11-10 02:08:00,50.0,51.1,231,223
2024-11-10 02:10:00,49.9,51.2,231,223
2024-11-10 02:12:00,50.0,51.1,231,224
2024-11-10 02:14:00,100.0,51.1,231,224
2024-11-10 02:16:00,50.0,50.9,231,223
2024-11-10 02:18:00,49.7,50.9,231,223
2024-11-10 02:20:00,50.1,50.9,231,225
2024-11-10 02:22:00,49.8,50.9,231,225
2024-11-10 02:24:00,50.2,50.8,231,223
2024-11-10 02:26:00,50.0,50.8,231,224
2024-11-10 02:28:00,50.2,50.8,231,222
2024-11-10 02:30:00,50.1,50.8,231,223
2024-11-10 02:32:00,50.0,50.8,231,224
2024-11-10 02:34:00,50.1,51.1,231,223
2024-11-10 02:36:00,49.7,50.8,231,223
2024-11-10 02:38:00,50.1,51.0,231,223
2024-11-10 02:40:00,49.8,51.2,231,224
2024-11-10 02:42:00,50.0,50.7,231,223
2024-11-10 02:44:00,49.7,50.8,231,226
2024-11-10 02:46:00,49.9,50.3,231,226
2024-11-10 02:48:00,50.0,50.5,231,225
2024-11-10 02:50:00,50.0,50.3,231,226
2024-11-10 02:52:00,49.9,50.4,231,226
2024-11-10 02:54:00,50,50.3,231,225
2024-11-10 02:56:00,50.0,50.4,231,224
2024-11-10 02:58:00,50.0,50.5,231,228
2024-11-10 03:00:00,49.9,50.6,231,226
2024-11-10 03:02:00,50.0,50.7,231,226
2024-11-10 03:04:00,49.9,50.8,231,226
2024-11-10 03:06:00,50.1,50.7,231,226
2024-11-10 03:08:00,50.2,50.8,231,228
2024-11-10 03:10:00,50.1,50.9,231,226
2024-11-10 03:12:00,50.3,50.9,231,226
2024-11-10 03:14:00,50.2,50.9,231,226
2024-11-10 03:16:00,50.1,50.9,231,226
2024-11-10 03:18:00,49.8,50.9,231,225
2024-11-10 03:20:00,50.1,50.8,231,228
2024-11-10 03:22:00,50.0,50.7,231,228
2024-11-10 03:24:00,50.1,51.1,231,226
2024-11-10 03:26:00,50.1,50.8,231,226
2024-11-10 03:28:00,50.3,50.8,231,226
2024-11-10 03:30:00,50.0,50.9,231,226
2024-11-10 03:32:00,50.0,51.0,231,227
2024-11-10 03:34:00,50.1,50.9,231,227
2024-11-10 03:36:00,49.8,51.1,231,227
2024-11-10 03:38:00,50.2,51.1,231,228
2024-11-10 03:40:00,49.8,50.9,231,223
2024-11-10 03:42:00,50.0,51.0,231,228
2024-11-10 03:44:00,50.0,51.0,231,228
2024-11-10 03:46:00,49.7,51.1,231,228
2024-11-10 03:48:00,49.9,50.9,231,228
2024-11-10 03:50:00,49.9,51.0,231,228
2024-11-10 03:52:00,50.0,51.0,231,228
2024-11-10 03:54:00,49.9,50.6,231,226
2024-11-10 03:56:00,50.1,50.7,231,226
2024-11-10 03:58:00,49.9,50.9,231,226
2024-11-10 04:00:00,99.4,50.7,231,225
2024-11-10 04:02:00,50.0,50.6,231,226
2024-11-10 04:04:00,50.0,50.7,231,227
2024-11-10 04:06:00,49.9,50.9,231,230
2024-11-10 04:08:00,99.4,51.1,231,226
2024-11-10 04:10:00,50.1,50.9,231,226
2024-11-10 04:12:00,49.9,50.9,231,228
2024-11-10 04:14:00,49.9,50.7,231,225
2024-11-10 04:16:00,50.2,50.6,231,224
2024-11-10 04:18:00,50.1,50.6,231,231
2024-11-10 04:20:00,49.9,50.3,231,228
2024-11-10 04:22:00,49.9,50.2,231,228
2024-11-10 04:24:00,50.0,50.2,231,226
2024-11-10 04:26:00,50.0,50.2,231,227
2024-11-10 04:28:00,50.1,50.0,231,224
2024-11-10 04:30:00,50.0,50.0,231,229
2024-11-10 04:32:00,50.0,50.1,231,226
2024-11-10 04:34:00,49.9,50.1,231,224
2024-11-10 04:36:00,49.8,50.3,231,226
2024-11-10 04:38:00,49.8,50.1,231,226
2024-11-10 04:40:00,50.3,50.3,231,232
2024-11-10 04:42:00,50.0,50.0,231,231
2024-11-10 04:44:00,99.4,50.1,231,230
2024-11-10 04:46:00,50.0,50.0,231,229
2024-11-10 04:48:00,50.0,50.1,231,223
2024-11-10 04:50:00,50.0,50.2,231,226
2024-11-10 04:52:00,49.9,50.3,231,227
2024-11-10 04:54:00,49.8,50.1,231,226
2024-11-10 04:56:00,50.1,50.1,231,224
2024-11-10 04:58:00,50.0,50.2,231,224
2024-11-10 05:00:00,49.8,50.2,231,228
2024-11-10 05:02:00,50.1,49.9,231,224
2024-11-10 05:04:00,50.0,50.3,231,223
2024-11-10 05:06:00,49.8,50.2,231,230
2024-11-10 05:08:00,49.9,50.2,231,225
2024-11-10 05:10:00,50.1,50.3,231,223
2024-11-10 05:12:00,49.8,49.9,231,225
2024-11-10 05:14:00,50.0,49.9,231,223
2024-11-10 05:16:00,50.0,49.8,231,223
2024-11-10 05:18:00,50.3,49.7,231,220
2024-11-10 05:20:00,49.9,50.0,231,224
2024-11-10 05:22:00,49.9,49.8,231,220
2024-11-10 05:24:00,49.6,49.9,231,219
2024-11-10 05:26:00,50.0,50.2,231,218
2024-11-10 05:28:00,49.8,50.2,231,220
2024-11-10 05:30:00,49.8,50.3,231,225
2024-11-10 05:32:00,49.8,50.3,231,221
2024-11-10 05:34:00,50.0,50.5,231,230
2024-11-10 05:36:00,50.0,50.2,231,221
2024-11-10 05:38:00,49.9,50.0,231,221
2024-11-10 05:40:00,50.0,50.0,231,219
2024-11-10 05:42:00,49.7,50.0,231,223
2024-11-10 05:44:00,50.0,49.6,231,218
2024-11-10 05:46:00,50.1,49.5,231,221
2024-11-10 05:48:00,49.9,49.5,231,220
2024-11-10 05:50:00,50.0,49.7,231,218
2024-11-10 05:52:00,49.8,50.1,231,221
2024-11-10 05:54:00,49.7,49.9,231,219
2024-11-10 05:56:00,49.9,50.1,231,217
2024-11-10 05:58:00,50.2,50.0,231,214
2024-11-10 06:00:00,50.1,49.7,231,214
2024-11-10 06:02:00,49.9,50.3,231,221
2024-11-10 06:04:00,50.0,50.1,231,224
2024-11-10 06:06:00,49.8,49.8,231,227
2024-11-10 06:08:00,50.1,50.5,231,223
2024-11-10 06:10:00,50.1,49.8,231,221
2024-11-10 06:12:00,49.9,49.5,231,217
2024-11-10 06:14:00,50.0,49.5,231,218
2024-11-10 06:16:00,50.0,49.6,231,219
2024-11-10 06:18:00,49.8,50.2,231,219
2024-11-10 06:20:00,49.9,49.7,231,223
2024-11-10 06:22:00,49.8,49.5,231,221
2024-11-10 06:24:00,50.0,50.4,231,223
2024-11-10 06:26:00,50.0,50.3,231,223
2024-11-10 06:28:00,50.0,50.3,231,222
2024-11-10 06:30:00,50.1,49.5,231,220
2024-11-10 06:32:00,49.7,50.1,231,217
2024-11-10 06:34:00,49.8,49.9,231,222
2024-11-10 06:36:00,50.2,49.8,231,219
2024-11-10 06:38:00,50.1,49.5,231,220
2024-11-10 06:40:00,50.0,49.3,231,216
2024-11-10 06:42:00,50.0,49.7,231,226
2024-11-10 06:44:00,49.9,49.9,231,223
2024-11-10 06:46:00,50.0,50.0,231,219
2024-11-10 06:48:00,50.1,49.4,231,211
2024-11-10 06:50:00,50.0,49.3,231,207
2024-11-10 06:52:00,50.1,49.5,231,204
2024-11-10 06:54:00,50.0,49.9,231,208
2024-11-10 06:56:00,50.1,50.2,231,211
2024-11-10 06:58:00,49.8,49.4,231,214
2024-11-10 07:00:00,49.9,50.1,231,218
2024-11-10 07:02:00,49.9,50.0,231,213
2024-11-10 07:04:00,50.0,49.5,231,208
2024-11-10 07:06:00,49.9,49.7,231,212
2024-11-10 07:08:00,50.1,49.4,231,206
2024-11-10 07:10:00,49.8,49.7,231,214
2024-11-10 07:12:00,50.2,49.7,231,216
2024-11-10 07:14:00,50.1,49.7,231,215
2024-11-10 07:16:00,98.9,49.7,231,214
2024-11-10 07:18:00,49.8,49.9,231,215
2024-11-10 07:20:00,49.9,49.9,231,217
2024-11-10 07:22:00,49.8,49.9,231,219
2024-11-10 07:24:00,49.9,49.7,231,216
2024-11-10 07:26:00,49.6,50.0,231,214
2024-11-10 07:28:00,50.0,50.0,231,215
2024-11-10 07:30:00,49.9,49.7,231,215
2024-11-10 07:32:00,49.8,49.9,231,210
2024-11-10 07:34:00,50.0,49.8,231,213
2024-11-10 07:36:00,49.8,49.8,231,213
2024-11-10 07:38:00,50.2,49.6,231,213
2024-11-10 07:40:00,50.2,49.5,231,212
2024-11-10 07:42:00,49.9,49.6,231,214
2024-11-10 07:44:00,50.1,49.6,231,209
2024-11-10 07:46:00,50.3,49.7,231,207
2024-11-10 07:48:00,50.0,49.9,231,209
2024-11-10 07:50:00,50.0,49.8,231,206
2024-11-10 07:52:00,50.0,49.7,231,212
2024-11-10 07:54:00,50.0,49.6,231,208
2024-11-10 07:56:00,49.8,49.5,231,207
2024-11-10 07:58:00,50.1,49.7,231,213
2024-11-10 08:00:00,49.9,49.6,231,216
2024-11-10 08:02:00,50.2,49.9,231,219
2024-11-10 08:04:00,50.1,49.6,231,215
2024-11-10 08:06:00,50.0,49.7,231,214
2024-11-10 08:08:00,49.9,49.7,231,202
2024-11-10 08:10:00,50.0,51.0,231,238
2024-11-10 08:12:00,50.1,51.6,231,237
2024-11-10 08:14:00,49.9,51.5,231,237
2024-11-10 08:16:00,49.6,51.2,231,236
2024-11-10 08:18:00,49.9,51.3,231,237
2024-11-10 08:20:00,49.8,51.2,231,238
2024-11-10 08:22:00,49.8,51.0,231,237
2024-11-10 08:24:00,50.0,50.9,231,238
2024-11-10 08:26:00,49.9,51.0,231,237
2024-11-10 08:28:00,50.3,51.4,231,238
2024-11-10 08:30:00,50.0,51.3,231,238
2024-11-10 08:32:00,49.7,51.5,231,239
2024-11-10 08:34:00,50.0,50.8,231,236
2024-11-10 08:36:00,50.0,50.5,231,238
2024-11-10 08:38:00,50.2,50.7,231,238
2024-11-10 08:40:00,49.9,51.1,231,240
2024-11-10 08:42:00,50.1,51.4,231,239
2024-11-10 08:44:00,49.9,51.2,231,236
2024-11-10 08:46:00,49.9,50.9,231,233
2024-11-10 08:48:00,49.9,50.9,231,233
2024-11-10 08:50:00,50.0,50.7,231,235
2024-11-10 08:52:00,50.1,50.9,231,238
2024-11-10 08:54:00,50.0,50.9,231,236
2024-11-10 08:56:00,49.7,50.8,231,234
2024-11-10 08:58:00,50.1,50.9,231,237
2024-11-10 09:00:00,49.7,50.9,231,234
2024-11-10 09:02:00,49.9,50.7,231,239
2024-11-10 09:04:00,50.0,50.8,231,239
2024-11-10 09:06:00,50.0,50.7,231,234
2024-11-10 09:08:00,50.0,50.9,231,233
2024-11-10 09:10:00,50.0,50.8,231,234
2024-11-10 09:12:00,49.9,51.4,231,236
2024-11-10 09:14:00,49.9,51.7,231,236
2024-11-10 09:16:00,49.9,51.2,231,239
2024-11-10 09:18:00,50.0,50.9,231,238
2024-11-10 09:20:00,49.9,51.3,231,234
2024-11-10 09:22:00,50.0,51.2,231,237
2024-11-10 09:24:00,50.0,50.7,231,238
2024-11-10 09:26:00,50.0,51.1,231,243
2024-11-10 09:28:00,49.8,50.8,231,232
2024-11-10 09:30:00,50.0,51.0,231,228
2024-11-10 09:32:00,50.1,50.6,231,226
2024-11-10 09:34:00,49.7,51.0,231,243
2024-11-10 09:36:00,50.0,50.6,231,238
2024-11-10 09:38:00,49.8,50.6,231,236
2024-11-10 09:40:00,50.2,50.7,231,235
2024-11-10 09:42:00,50.0,50.5,231,232
2024-11-10 09:44:00,50.0,51.1,231,236
2024-11-10 09:46:00,49.9,50.9,231,240
2024-11-10 09:48:00,50.2,50.8,231,239
2024-11-10 09:50:00,50.0,50.8,231,239
2024-11-10 09:52:00,50.0,50.7,231,242
2024-11-10 09:54:00,49.9,51.0,231,240
2024-11-10 09:56:00,50.3,50.7,231,242
2024-11-10 09:58:00,49.9,50.9,231,243
2024-11-10 10:00:00,50.1,50.7,231,241
2024-11-10 10:02:00,49.9,50.8,231,240
2024-11-10 10:04:00,50.0,51.0,231,240
2024-11-10 10:06:00,49.9,50.9,231,242
2024-11-10 10:08:00,49.9,50.6,231,239
2024-11-10 10:10:00,50.0,50.8,231,241
2024-11-10 10:12:00,50.0,50.7,231,243
2024-11-10 10:14:00,50.0,50.6,231,243
2024-11-10 10:16:00,50.1,50.5,231,242
2024-11-10 10:18:00,50.3,50.7,231,240
2024-11-10 10:20:00,50.0,50.7,231,242
2024-11-10 10:22:00,49.9,50.7,231,243
2024-11-10 10:24:00,50.1,50.7,228,241
2024-11-10 10:26:00,50.0,50.6,227,241
2024-11-10 10:28:00,49.8,50.4,227,239
2024-11-10 10:30:00,49.9,50.4,228,242
2024-11-10 10:32:00,49.9,50.5,227,240
2024-11-10 10:34:00,49.9,50.9,227,236
2024-11-10 10:36:00,50.0,51.1,227,240
2024-11-10 10:38:00,50.0,50.6,228,238
2024-11-10 10:40:00,99.1,50.7,227,239
2024-11-10 10:42:00,49.7,50.6,227,240
2024-11-10 10:44:00,50.0,50.3,227,228
2024-11-10 10:46:00,49.9,50.5,227,230
2024-11-10 10:48:00,49.7,50.6,227,239
2024-11-10 10:50:00,50.2,50.6,228,228
2024-11-10 10:52:00,49.8,50.6,227,224
2024-11-10 10:54:00,50.1,50.6,227,238
2024-11-10 10:56:00,50.0,50.8,227,237
2024-11-10 10:58:00,49.6,50.5,227,238
2024-11-10 11:00:00,50.4,50.9,227,241
2024-11-10 11:02:00,50.0,50.9,227,239
2024-11-10 11:04:00,98.9,50.7,227,236
2024-11-10 11:06:00,49.9,50.6,227,238
2024-11-10 11:08:00,50.2,51.0,227,237
2024-11-10 11:10:00,49.8,50.6,227,238
2024-11-10 11:12:00,49.7,50.7,227,240
2024-11-10 11:14:00,99.3,50.9,227,239
2024-11-10 11:16:00,49.9,51.3,227,238
2024-11-10 11:18:00,49.9,51.2,227,237
2024-11-10 11:20:00,49.9,50.8,227,238
2024-11-10 11:22:00,49.6,51.0,227,240
2024-11-10 11:24:00,50.2,50.9,227,236
2024-11-10 11:26:00,50.3,50.8,227,239
2024-11-10 11:28:00,49.7,51.1,227,237
2024-11-10 11:30:00,49.8,51.1,227,238
2024-11-10 11:32:00,50.0,51.3,227,237
2024-11-10 11:34:00,50.0,51.1,227,237
2024-11-10 11:36:00,50.0,50.9,227,238
2024-11-10 11:38:00,49.7,50.8,227,239
2024-11-10 11:40:00,49.9,50.8,228,238
2024-11-10 11:42:00,49.9,51.0,227,238
2024-11-10 11:44:00,50.2,51.1,228,236
2024-11-10 11:46:00,50.1,51.2,228,239
2024-11-10 11:48:00,50.0,51.1,228,237
2024-11-10 11:50:00,49.9,50.6,227,237
2024-11-10 11:52:00,50.0,50.5,227,235
2024-11-10 11:54:00,50.0,50.4,227,238
2024-11-10 11:56:00,49.9,50.7,227,236
2024-11-10 11:58:00,49.9,50.8,228,236
2024-11-10 12:00:00,50.0,50.9,228,235
2024-11-10 12:02:00,49.9,51.1,228,238
2024-11-10 12:04:00,49.8,51.1,227,235
2024-11-10 12:06:00,50.0,50.7,227,238
2024-11-10 12:08:00,50.3,50.7,227,238
2024-11-10 12:10:00,50.0,50.6,227,237
2024-11-10 12:12:00,50.3,50.8,227,234
2024-11-10 12:14:00,50.2,49.9,227,202
2024-11-10 12:16:00,50.0,49.7,231,203
2024-11-10 12:18:00,50.0,49.9,231,202
2024-11-10 12:20:00,50.1,49.7,231,204
2024-11-10 12:22:00,50.0,49.6,230,203
2024-11-10 12:24:00,49.9,49.4,231,203
2024-11-10 12:26:00,49.9,49.7,227,203
2024-11-10 12:28:00,49.9,49.7,227,201
2024-11-10 12:30:00,50.0,49.7,227,203
2024-11-10 12:32:00,50.1,49.5,227,199
2024-11-10 12:34:00,49.8,49.6,227,200
2024-11-10 12:36:00,50.0,49.6,227,199
2024-11-10 12:38:00,50.0,49.9,227,202
2024-11-10 12:40:00,50.0,49.8,227,191
2024-11-10 12:42:00,50.1,49.5,227,194
2024-11-10 12:44:00,50.1,49.6,227,194
2024-11-10 12:46:00,49.9,49.8,227,187
2024-11-10 12:48:00,50.0,49.7,227,194
2024-11-10 12:50:00,50.1,49.6,227,200
2024-11-10 12:52:00,50.0,49.6,227,199
2024-11-10 12:54:00,49.9,49.9,227,194
2024-11-10 12:56:00,50.1,49.7,227,195
2024-11-10 12:58:00,50.1,49.6,227,192
2024-11-10 13:00:00,49.9,49.3,227,188
2024-11-10 13:02:00,50.0,49.6,227,190
2024-11-10 13:04:00,50.0,49.5,227,190
2024-11-10 13:06:00,49.9,49.6,227,193
2024-11-10 13:08:00,49.9,49.7,227,192
2024-11-10 13:10:00,50.0,49.9,227,191
2024-11-10 13:12:00,49.9,49.7,227,197
2024-11-10 13:14:00,49.9,49.4,227,197
2024-11-10 13:16:00,49.9,49.7,227,202
2024-11-10 13:18:00,50.1,49.6,227,202
2024-11-10 13:20:00,49.9,49.5,228,196
2024-11-10 13:22:00,50.0,49.6,227,192
2024-11-10 13:24:00,50.0,49.5,227,201
2024-11-10 13:26:00,49.9,49.5,227,190
2024-11-10 13:28:00,50.1,49.5,227,200
2024-11-10 13:30:00,50.0,49.5,227,199
2024-11-10 13:32:00,49.9,49.6,227,201
2024-11-10 13:34:00,50.1,49.6,227,196
2024-11-10 13:36:00,49.9,49.7,227,197
2024-11-10 13:38:00,50.0,49.7,227,204
2024-11-10 13:40:00,49.8,49.8,227,201
2024-11-10 13:42:00,50.0,49.7,227,198
2024-11-10 13:44:00,49.9,50.0,228,210
2024-11-10 13:46:00,50.0,50.3,227,211
2024-11-10 13:48:00,50.2,50.2,227,204
2024-11-10 13:50:00,50.1,50.3,227,209
2024-11-10 13:52:00,50.0,50.2,228,200
2024-11-10 13:54:00,50.0,50.2,227,200
2024-11-10 13:56:00,50.0,50.2,227,201
2024-11-10 13:58:00,49.9,49.8,227,207
2024-11-10 14:00:00,49.9,50.2,228,199
2024-11-10 14:02:00,50.1,50.0,227,198
2024-11-10 14:04:00,50.1,50.1,227,202
2024-11-10 14:06:00,50.1,50.2,227,198
2024-11-10 14:08:00,50.1,49.8,228,201
2024-11-10 14:10:00,50.1,49.7,227,202
2024-11-10 14:12:00,49.9,49.9,228,202
2024-11-10 14:14:00,50.0,49.8,227,202
2024-11-10 14:16:00,50.0,49.8,228,206
2024-11-10 14:18:00,49.9,50.1,228,209
2024-11-10 14:20:00,50.1,50.2,227,210
2024-11-10 14:22:00,49.9,50.0,227,207
2024-11-10 14:24:00,50.0,49.9,227,200
2024-11-10 14:26:00,50.1,49.8,227,216
2024-11-10 14:28:00,50.0,49.9,228,205
2024-11-10 14:30:00,49.9,50.0,231,218
2024-11-10 14:32:00,50.1,50.0,228,216
2024-11-10 14:34:00,49.8,50.1,228,219
2024-11-10 14:36:00,49.9,50.0,227,211
2024-11-10 14:38:00,49.9,49.9,227,205
2024-11-10 14:40:00,49.9,50.2,227,209
2024-11-10 14:42:00,50.1,49.8,227,210
2024-11-10 14:44:00,50.0,49.8,227,211
2024-11-10 14:46:00,49.7,49.6,227,211
2024-11-10 14:48:00,50.0,50.1,227,214
2024-11-10 14:50:00,49.9,49.8,227,214
2024-11-10 14:52:00,50,49.7,227,212
2024-11-10 14:54:00,49.9,49.9,227,212
2024-11-10 14:56:00,49.8,49.8,227,214
2024-11-10 14:58:00,49.9,50.0,227,216
2024-11-10 15:00:00,49.9,50.0,228,207
2024-11-10 15:02:00,49.9,49.8,227,204
2024-11-10 15:04:00,50.2,50.4,227,205
2024-11-10 15:06:00,49.7,50.1,227,203
2024-11-10 15:08:00,50.0,50.2,227,203
2024-11-10 15:10:00,50.1,50.1,228,205
2024-11-10 15:12:00,50.1,50.3,227,205
2024-11-10 15:14:00,49.9,50.1,228,206
2024-11-10 15:16:00,49.9,50.3,227,206
2024-11-10 15:18:00,49.7,50.1,227,202
2024-11-10 15:20:00,50.1,50.4,227,207
2024-11-10 15:22:00,50.1,50.2,227,206
2024-11-10 15:24:00,50.0,50.2,227,212
2024-11-10 15:26:00,50.1,50.3,227,219
2024-11-10 15:28:00,50.0,50.2,227,216
2024-11-10 15:30:00,49.7,50.3,228,217
2024-11-10 15:32:00,50.0,50.0,227,211
2024-11-10 15:34:00,49.9,50.2,228,209
2024-11-10 15:36:00,50.2,49.9,228,209
2024-11-10 15:38:00,49.8,50.1,227,212
2024-11-10 15:40:00,50.0,50.3,227,209
2024-11-10 15:42:00,50.1,50.2,228,209
2024-11-10 15:44:00,49.9,50.3,227,211
2024-11-10 15:46:00,50.1,50.3,227,213
2024-11-10 15:48:00,50.0,50.5,227,214
2024-11-10 15:50:00,50.0,50.0,228,212
2024-11-10 15:52:00,50.0,50.3,227,213
2024-11-10 15:54:00,50.1,50.1,227,213
2024-11-10 15:56:00,50.0,50.4,227,212
2024-11-10 15:58:00,49.8,50.3,227,213
2024-11-10 16:00:00,49.9,50.2,227,205
2024-11-10 16:02:00,50.0,50.2,227,201
2024-11-10 16:04:00,50.0,50.2,227,203
2024-11-10 16:06:00,49.9,50.1,228,196
2024-11-10 16:08:00,50.1,50.0,227,193
2024-11-10 16:10:00,49.9,49.9,227,198
2024-11-10 16:12:00,49.8,50.1,227,199
2024-11-10 16:14:00,49.8,50.4,227,212
2024-11-10 16:16:00,49.9,50.3,227,201
2024-11-10 16:18:00,50.1,50.4,227,202
2024-11-10 16:20:00,50.1,50.5,227,204
2024-11-10 16:22:00,49.9,49.5,227,199
2024-11-10 16:24:00,50.0,49.7,227,197
2024-11-10 16:26:00,49.9,49.5,227,202
2024-11-10 16:28:00,49.9,49.5,227,200
2024-11-10 16:30:00,50.1,49.5,227,202
2024-11-10 16:32:00,50.1,49.3,227,201
2024-11-10 16:34:00,49.8,49.3,227,197
2024-11-10 16:36:00,50.0,49.4,227,199
2024-11-10 16:38:00,50.0,49.5,227,194
2024-11-10 16:40:00,50.0,49.5,227,191
2024-11-10 16:42:00,50.0,49.5,227,193
2024-11-10 16:44:00,50.0,49.2,227,193
2024-11-10 16:46:00,49.8,49.7,227,193
2024-11-10 16:48:00,50.0,49.8,227,195
2024-11-10 16:50:00,50.0,49.6,227,194
2024-11-10 16:52:00,50.0,49.7,227,197
2024-11-10 16:54:00,50.1,49.7,227,196
2024-11-10 16:56:00,49.9,49.5,227,197
2024-11-10 16:58:00,50.1,49.5,227,188
2024-11-10 17:00:00,50.1,49.6,227,193
2024-11-10 17:02:00,49.9,49.5,227,194
2024-11-10 17:04:00,49.9,49.4,227,193
2024-11-10 17:06:00,49.9,49.4,227,191
2024-11-10 17:08:00,50.0,49.5,227,192
2024-11-10 17:10:00,50.1,49.6,227,187
2024-11-10 17:12:00,49.9,49.4,227,190
2024-11-10 17:14:00,50,48.3,227,187
2024-11-10 17:16:00,50.1,49.5,227,185
2024-11-10 17:18:00,50.0,49.3,227,179
2024-11-10 17:20:00,50.1,49.3,227,182
2024-11-10 17:22:00,49.9,49.2,227,184
2024-11-10 17:24:00,49.9,49.3,227,190
2024-11-10 17:26:00,49.9,49.4,227,187
2024-11-10 17:28:00,50.0,49.2,227,188
2024-11-10 17:30:00,50.1,49.2,227,189
2024-11-10 17:32:00,50.0,49.4,227,187
2024-11-10 17:34:00,50.1,49.3,227,184
2024-11-10 17:36:00,50.0,49.3,227,197
2024-11-10 17:38:00,49.7,49.6,227,198
2024-11-10 17:40:00,49.8,49.3,227,194
2024-11-10 17:42:00,50.0,49.5,228,199
2024-11-10 17:44:00,50.1,49.6,227,199
2024-11-10 17:46:00,50.0,49.7,227,199
2024-11-10 17:48:00,50.0,49.9,227,198
2024-11-10 17:50:00,49.9,49.7,228,199
2024-11-10 17:52:00,50.1,49.5,227,199
2024-11-10 17:54:00,49.9,49.9,227,198
2024-11-10 17:56:00,50.2,49.9,228,202
2024-11-10 17:58:00,49.7,50.0,227,199
2024-11-10 18:00:00,49.9,49.7,227,194
2024-11-10 18:02:00,50.1,49.6,228,193
2024-11-10 18:04:00,50.1,49.7,227,194
2024-11-10 18:06:00,49.8,49.4,227,192
2024-11-10 18:08:00,49.9,50.0,227,198
2024-11-10 18:10:00,49.8,49.6,227,192
2024-11-10 18:12:00,50.1,49.9,228,196
2024-11-10 18:14:00,50.0,50.0,227,196
2024-11-10 18:16:00,49.7,49.8,227,197
2024-11-10 18:18:00,50.0,49.9,227,197
2024-11-10 18:20:00,49.7,49.7,227,189
2024-11-10 18:22:00,50.0,49.7,227,193
2024-11-10 18:24:00,50.1,49.7,227,189
2024-11-10 18:26:00,49.9,49.5,227,187
2024-11-10 18:28:00,50.0,49.5,227,190
2024-11-10 18:30:00,49.8,49.5,227,187
2024-11-10 18:32:00,50.1,49.3,226,189
2024-11-10 18:34:00,49.9,49.7,226,187
2024-11-10 18:36:00,50,49.5,226,190
2024-11-10 18:38:00,50.0,49.5,227,197
2024-11-10 18:40:00,49.8,49.3,227,198
2024-11-10 18:42:00,49.9,49.6,227,199
2024-11-10 18:44:00,50.0,49.7,226,201
2024-11-10 18:46:00,50.0,49.2,227,191
2024-11-10 18:48:00,49.8,49.3,227,196
2024-11-10 18:50:00,50.1,49.6,227,187
2024-11-10 18:52:00,49.7,49.2,227,192
2024-11-10 18:54:00,49.9,49.4,227,192
2024-11-10 18:56:00,50.0,49.8,226,190
2024-11-10 18:58:00,50.0,49.3,227,189
2024-11-10 19:00:00,49.8,49.5,227,190
2024-11-10 19:02:00,49.9,49.3,227,190
2024-11-10 19:04:00,50.2,49.5,227,187
2024-11-10 19:06:00,50.0,49.5,227,185
2024-11-10 19:08:00,50.1,49.1,227,185
2024-11-10 19:10:00,50.1,49.6,227,190
2024-11-10 19:12:00,50.1,49.5,227,190
2024-11-10 19:14:00,50.0,49.3,227,185
2024-11-10 19:16:00,50,49.6,227,186
2024-11-10 19:18:00,50.0,49.6,227,178
2024-11-10 19:20:00,50.0,49.6,227,183
2024-11-10 19:22:00,49.8,49.8,227,185
2024-11-10 19:24:00,49.9,49.8,227,193
2024-11-10 19:26:00,49.9,49.4,227,188
2024-11-10 19:28:00,50.0,49.3,227,194
2024-11-10 19:30:00,50.0,49.7,227,195
2024-11-10 19:32:00,49.9,49.3,227,194
2024-11-10 19:34:00,50.0,49.8,227,199
2024-11-10 19:36:00,50.0,49.7,227,197
2024-11-10 19:38:00,50.1,49.6,227,199
2024-11-10 19:40:00,50.3,49.8,227,200
2024-11-10 19:42:00,49.9,49.5,227,197
2024-11-10 19:44:00,50.2,48.3,227,190
2024-11-10 19:46:00,50.0,49.7,227,193
2024-11-10 19:48:00,49.8,48.1,227,194
2024-11-10 19:50:00,49.9,50.0,227,209
2024-11-10 19:52:00,50.0,49.9,227,206
2024-11-10 19:54:00,50.0,50.0,227,212
2024-11-10 19:56:00,50.2,49.3,227,202
2024-11-10 19:58:00,50.0,49.3,227,193
2024-11-10 20:00:00,50.1,49.1,227,194
2024-11-10 20:02:00,50.0,49.5,226,189
2024-11-10 20:04:00,49.9,49.5,227,199
2024-11-10 20:06:00,49.9,49.7,227,201
2024-11-10 20:08:00,49.8,49.6,226,201
2024-11-10 20:10:00,50.0,49.1,227,197
2024-11-10 20:12:00,49.9,49.0,227,191
2024-11-10 20:14:00,50.0,49.0,227,194
2024-11-10 20:16:00,50.0,48.9,227,192
2024-11-10 20:18:00,49.8,49.0,227,193
2024-11-10 20:20:00,50.0,49.0,227,194
2024-11-10 20:22:00,50.0,49.3,227,195
2024-11-10 20:24:00,50.0,49.3,227,201
2024-11-10 20:26:00,49.7,49.4,227,202
2024-11-10 20:28:00,50.0,49.3,227,199
2024-11-10 20:30:00,50.0,49.3,227,198
2024-11-10 20:32:00,50.1,49.1,227,197
2024-11-10 20:34:00,49.9,49.2,227,195
2024-11-10 20:36:00,50.0,49.1,227,199
2024-11-10 20:38:00,50.0,49.1,227,202
2024-11-10 20:40:00,49.8,49.1,227,201
2024-11-10 20:42:00,50.0,49.3,227,198
2024-11-10 20:44:00,50.0,49.2,227,202
2024-11-10 20:46:00,50.0,49.2,227,203
2024-11-10 20:48:00,50.0,49.4,227,202
2024-11-10 20:50:00,50.2,49.4,227,203
2024-11-10 20:52:00,50.0,49.5,227,207
2024-11-10 20:54:00,50.1,49.5,227,204
2024-11-10 20:56:00,49.8,49.5,227,202
2024-11-10 20:58:00,49.9,49.6,227,201
2024-11-10 21:00:00,50.0,49.6,227,197
2024-11-10 21:02:00,49.9,49.6,227,198
2024-11-10 21:04:00,50.0,49.6,227,202
2024-11-10 21:06:00,50.0,49.3,227,202
2024-11-10 21:08:00,49.9,49.5,227,203
2024-11-10 21:10:00,50.2,49.6,227,202
2024-11-10 21:12:00,50.0,49.3,227,206
2024-11-10 21:14:00,49.9,49.3,227,208
2024-11-10 21:16:00,49.8,49.5,227,209
2024-11-10 21:18:00,50.0,49.7,231,206
2024-11-10 21:20:00,50.1,49.8,231,204
2024-11-10 21:22:00,50.1,49.5,231,202
2024-11-10 21:24:00,50.1,49.7,231,207
2024-11-10 21:26:00,49.9,49.8,230,206
2024-11-10 21:28:00,49.9,49.8,231,207
2024-11-10 21:30:00,50.0,49.7,230,209
2024-11-10 21:32:00,50.1,49.6,231,208
2024-11-10 21:34:00,49.8,49.7,230,206
2024-11-10 21:36:00,50.1,49.8,230,209
2024-11-10 21:38:00,50.1,49.5,231,209
2024-11-10 21:40:00,49.9,49.6,231,212
2024-11-10 21:42:00,50.0,49.7,231,206
2024-11-10 21:44:00,50.0,49.5,230,205
2024-11-10 21:46:00,49.9,49.7,231,214
2024-11-10 21:48:00,49.8,49.4,230,215
2024-11-10 21:50:00,49.9,49.4,231,211
2024-11-10 21:52:00,50.1,49.5,230,211
2024-11-10 21:54:00,50.0,49.6,230,214
2024-11-10 21:56:00,50.0,49.8,231,215
2024-11-10 21:58:00,50.0,49.6,230,216
2024-11-10 22:00:00,50.1,49.5,231,214
2024-11-10 22:02:00,50.0,49.7,230,215
2024-11-10 22:04:00,50.0,49.2,231,214
2024-11-10 22:06:00,49.9,49.7,230,214
2024-11-10 22:08:00,50.1,49.7,231,214
2024-11-10 22:10:00,50.0,49.6,230,214
2024-11-10 22:12:00,49.8,49.7,231,216
2024-11-10 22:14:00,50.2,49.9,230,216
2024-11-10 22:16:00,50.1,50.0,230,213
2024-11-10 22:18:00,49.9,49.9,231,214
2024-11-10 22:20:00,50.0,50.1,231,215
2024-11-10 22:22:00,50.0,50,231,214
2024-11-10 22:24:00,49.9,50.1,230,214
2024-11-10 22:26:00,50.0,50.1,230,213
2024-11-10 22:28:00,50.1,50.1,230,211
2024-11-10 22:30:00,49.8,50.0,231,211
2024-11-10 22:32:00,49.9,50.1,230,215
2024-11-10 22:34:00,49.9,50.0,230,216
2024-11-10 22:36:00,50.1,50.1,232,216
2024-11-10 22:38:00,49.9,50.0,231,214
2024-11-10 22:40:00,50.1,49.8,231,215
2024-11-10 22:42:00,49.8,49.9,230,216
2024-11-10 22:44:00,50.1,49.7,231,215
2024-11-10 22:46:00,50.2,49.8,230,215
2024-11-10 22:48:00,49.7,49.8,231,215
2024-11-10 22:50:00,50.1,50.0,231,216
2024-11-10 22:52:00,49.9,49.8,230,217
2024-11-10 22:54:00,50.2,50.1,230,217
2024-11-10 22:56:00,49.9,50.0,231,215
2024-11-10 22:58:00,49.7,50.1,231,217
2024-11-10 23:00:00,50.2,50.1,231,216
2024-11-10 23:02:00,49.9,50.1,231,219
2024-11-10 23:04:00,50.1,50.2,230,219
2024-11-10 23:06:00,49.9,50.1,230,219
2024-11-10 23:08:00,50.1,49.8,230,218
2024-11-10 23:10:00,50.2,50.0,230,217
2024-11-10 23:12:00,49.9,50.2,231,214
2024-11-10 23:14:00,50.0,49.8,230,216
2024-11-10 23:16:00,50.1,49.7,231,214
2024-11-10 23:18:00,50.0,49.7,231,214
2024-11-10 23:20:00,50.1,49.8,231,211
2024-11-10 23:22:00,50.0,49.9,230,216
2024-11-10 23:24:00,49.9,50.0,231,219
2024-11-10 23:26:00,50.0,50.2,230,219
2024-11-10 23:28:00,49.8,50.2,231,218
2024-11-10 23:30:00,50.0,50.3,231,216
2024-11-10 23:32:00,49.9,50.2,230,221
2024-11-10 23:34:00,49.8,50.1,231,219
2024-11-10 23:36:00,49.8,49.9,230,220
2024-11-10 23:38:00,50.0,49.9,231,220
2024-11-10 23:40:00,49.9,50.0,231,220
2024-11-10 23:42:00,49.9,49.8,231,221
2024-11-10 23:44:00,49.9,49.7,230,223
2024-11-10 23:46:00,49.9,49.7,231,223
2024-11-10 23:48:00,49.7,50.0,231,218
2024-11-10 23:50:00,50.1,50.1,230,222
2024-11-10 23:52:00,50.0,50.2,230,222
2024-11-10 23:54:00,50.2,50.1,230,222
2024-11-10 23:56:00,49.9,50.2,231,223
2024-11-10 23:58:00,50.2,50.2,231,224