"Time","Frequency 3E2F4FD3 (Ch Cbca Bethesda Ndosho - laboratoire)","Frequency C30F2E03 (Ch Cbca Bethesda Ndosho - clinique)","Voltage 3E2F4FD3 (Ch Cbca Bethesda Ndosho - laboratoire)","Voltage C30F2E03 (Ch Cbca Bethesda Ndosho - clinique)"
2024-11-11 00:00:00,50.1,50.3,231,224
2024-11-11 00:02:00,49.8,50.0,230,222
2024-11-11 00:04:00,50.0,49.9,231,221
2024-11-11 00:06:00,49.9,49.9,230,223
2024-11-11 00:08:00,50.2,49.9,231,223
2024-11-11 00:10:00,50.0,49.8,230,223
2024-11-11 00:12:00,50,49.8,230,224
2024-11-11 00:14:00,49.9,49.7,231,224
2024-11-11 00:16:00,50.0,49.9,230,224
2024-11-11 00:18:00,49.9,49.8,231,223
2024-11-11 00:20:00,49.8,49.9,231,224
2024-11-11 00:22:00,50.0,49.8,231,224
2024-11-11 00:24:00,49.9,50.1,230,224
2024-11-11 00:26:00,50.0,50.1,231,225
2024-11-11 00:28:00,49.9,50.2,230,222
2024-11-11 00:30:00,49.9,49.9,230,222
2024-11-11 00:32:00,50.0,50.0,231,222
2024-11-11 00:34:00,50.0,49.9,231,222
2024-11-11 00:36:00,49.9,50.3,231,226
2024-11-11 00:38:00,49.8,50.3,230,226
2024-11-11 00:40:00,50.0,50.3,231,227
2024-11-11 00:42:00,49.7,49.9,230,224
2024-11-11 00:44:00,50.1,50.1,231,224
2024-11-11 00:46:00,49.7,49.9,231,223
2024-11-11 00:48:00,50.0,50.2,231,224
2024-11-11 00:50:00,50.0,50.2,231,226
2024-11-11 00:52:00,50.1,50.2,231,224
2024-11-11 00:54:00,49.9,50.0,231,224
2024-11-11 00:56:00,49.9,50.0,230,223
2024-11-11 00:58:00,50.0,49.9,231,223
2024-11-11 01:00:00,49.8,49.9,230,224
2024-11-11 01:02:00,49.8,49.8,230,223
2024-11-11 01:04:00,50.0,49.9,231,224
2024-11-11 01:06:00,50.0,50.0,231,223
2024-11-11 01:08:00,49.9,50.2,230,225
2024-11-11 01:10:00,50.1,50.5,231,226
2024-11-11 01:12:00,50.0,50.4,231,228
2024-11-11 01:14:00,50.0,50.3,231,226
2024-11-11 01:16:00,49.8,50.2,231,228
2024-11-11 01:18:00,50.1,50.2,230,226
2024-11-11 01:20:00,50.0,50.2,231,228
2024-11-11 01:22:00,49.9,50.3,230,227
2024-11-11 01:24:00,50.1,50.1,230,228
2024-11-11 01:26:00,50.0,50.0,231,226
2024-11-11 01:28:00,49.8,50.0,230,226
2024-11-11 01:30:00,50.0,50.0,231,228
2024-11-11 01:32:00,49.8,49.8,231,225
2024-11-11 01:34:00,50.0,50.2,231,226
2024-11-11 01:36:00,50.0,49.7,230,226
2024-11-11 01:38:00,50.0,49.8,231,225
2024-11-11 01:40:00,49.7,50.0,230,226
2024-11-11 01:42:00,50.0,50.1,230,226
2024-11-11 01:44:00,49.8,50.1,231,226
2024-11-11 01:46:00,49.9,50.4,230,228
2024-11-11 01:48:00,50.0,50.1,231,227
2024-11-11 01:50:00,50.0,50.2,231,227
2024-11-11 01:52:00,49.8,50.0,231,227
2024-11-11 01:54:00,49.9,49.9,230,227
2024-11-11 01:56:00,50.1,49.8,231,227
2024-11-11 01:58:00,50.0,49.8,231,227
2024-11-11 02:00:00,49.9,50.0,230,228
2024-11-11 02:02:00,50.0,49.8,231,228
2024-11-11 02:04:00,50.0,49.9,230,228
2024-11-11 02:06:00,50.0,49.8,231,226
2024-11-11 02:08:00,50.0,50.2,231,227
2024-11-11 02:10:00,49.8,50.2,231,227
2024-11-11 02:12:00,50.1,49.9,231,226
2024-11-11 02:14:00,50.2,49.8,231,226
2024-11-11 02:16:00,50.1,49.9,230,226
2024-11-11 02:18:00,50.1,49.8,231,226
2024-11-11 02:20:00,50.0,49.8,231,226
2024-11-11 02:22:00,50.2,49.7,230,226
2024-11-11 02:24:00,49.7,49.9,231,228
2024-11-11 02:26:00,49.7,50.0,230,227
2024-11-11 02:28:00,50.0,50.0,231,227
2024-11-11 02:30:00,49.9,50.3,230,228
2024-11-11 02:32:00,50.0,50.2,230,228
2024-11-11 02:34:00,50.0,50.0,230,229
2024-11-11 02:36:00,50.0,50.1,231,228
2024-11-11 02:38:00,50.0,50.3,231,228
2024-11-11 02:40:00,50.2,50.2,230,228
2024-11-11 02:42:00,49.8,49.8,231,227
2024-11-11 02:44:00,49.9,50.0,230,228
2024-11-11 02:46:00,50.0,50.0,231,226
2024-11-11 02:48:00,50.0,50.2,230,227
2024-11-11 02:50:00,49.8,50.0,231,228
2024-11-11 02:52:00,50.0,49.8,231,227
2024-11-11 02:54:00,49.7,49.8,230,226
2024-11-11 02:56:00,50.0,49.8,231,224
2024-11-11 02:58:00,50.0,50.0,230,226
2024-11-11 03:00:00,50.0,50.2,231,226
2024-11-11 03:02:00,49.9,50.4,231,226
2024-11-11 03:04:00,50.1,50.3,231,226
2024-11-11 03:06:00,49.8,50.1,231,227
2024-11-11 03:08:00,49.8,49.9,231,226
2024-11-11 03:10:00,50.0,50.1,230,226
2024-11-11 03:12:00,49.9,50.5,231,227
2024-11-11 03:14:00,49.8,50.0,231,227
2024-11-11 03:16:00,50.0,50.0,230,226
2024-11-11 03:18:00,49.7,50.0,231,228
2024-11-11 03:20:00,50.0,50.3,230,228
2024-11-11 03:22:00,49.9,50.2,231,226
2024-11-11 03:24:00,50.0,50.2,230,229
2024-11-11 03:26:00,49.8,50.0,231,228
2024-11-11 03:28:00,50.0,50.0,230,228
2024-11-11 03:30:00,50.1,49.9,231,229
2024-11-11 03:32:00,50.0,50.2,230,228
2024-11-11 03:34:00,50.0,50.2,230,228
2024-11-11 03:36:00,50.1,50.1,231,228
2024-11-11 03:38:00,50.0,50.4,230,229
2024-11-11 03:40:00,49.9,50.4,231,230
2024-11-11 03:42:00,50.0,50.3,230,229
2024-11-11 03:44:00,49.9,50.4,231,228
2024-11-11 03:46:00,49.8,50.4,230,229
2024-11-11 03:48:00,49.9,50.3,231,227
2024-11-11 03:50:00,50.0,50.2,230,230
2024-11-11 03:52:00,50.3,50.1,230,231
2024-11-11 03:54:00,49.8,50.0,230,231
2024-11-11 03:56:00,49.9,50.0,231,231
2024-11-11 03:58:00,50.0,49.9,231,233
2024-11-11 04:00:00,50.2,50.1,231,232
2024-11-11 04:02:00,49.9,50.0,231,231
2024-11-11 04:04:00,50.0,50.0,231,230
2024-11-11 04:06:00,49.9,50.1,231,231
2024-11-11 04:08:00,50.0,50.0,230,231
2024-11-11 04:10:00,50.1,50.0,231,231
2024-11-11 04:12:00,49.9,49.9,231,228
2024-11-11 04:14:00,50.1,49.9,230,228
2024-11-11 04:16:00,50.0,50.0,231,233
2024-11-11 04:18:00,49.8,50.0,231,234
2024-11-11 04:20:00,50.0,50.3,231,233
2024-11-11 04:22:00,50.1,50.2,230,230
2024-11-11 04:24:00,49.9,50.4,230,230
2024-11-11 04:26:00,49.9,50.3,230,231
2024-11-11 04:28:00,50.0,50.2,231,227
2024-11-11 04:30:00,49.9,50.0,230,229
2024-11-11 04:32:00,50.0,50.2,230,231
2024-11-11 04:34:00,49.9,49.9,231,228
2024-11-11 04:36:00,50.0,50.0,231,226
2024-11-11 04:38:00,49.9,49.9,231,228
2024-11-11 04:40:00,50.0,50.0,230,228
2024-11-11 04:42:00,50.0,50.0,231,226
2024-11-11 04:44:00,50.0,50.3,230,231
2024-11-11 04:46:00,49.8,50.4,230,231
2024-11-11 04:48:00,50.0,50.3,231,229
2024-11-11 04:50:00,50.1,50.2,231,229
2024-11-11 04:52:00,50.0,50.1,230,231
2024-11-11 04:54:00,49.9,50.1,231,230
2024-11-11 04:56:00,50.1,50.1,231,230
2024-11-11 04:58:00,49.8,50.0,231,230
2024-11-11 05:00:00,50.0,50.0,231,228
2024-11-11 05:02:00,50.0,49.9,230,226
2024-11-11 05:04:00,50.0,50.0,231,227
2024-11-11 05:06:00,49.8,49.7,230,226
2024-11-11 05:08:00,50.0,49.9,230,228
2024-11-11 05:10:00,50.1,49.8,231,228
2024-11-11 05:12:00,50.1,50.1,231,226
2024-11-11 05:14:00,50.0,50.1,230,228
2024-11-11 05:16:00,49.9,50.0,230,225
2024-11-11 05:18:00,50.2,50.1,231,228
2024-11-11 05:20:00,50.0,50.1,230,225
2024-11-11 05:22:00,49.7,50.0,231,221
2024-11-11 05:24:00,49.8,50.0,230,222
2024-11-11 05:26:00,49.8,49.9,231,223
2024-11-11 05:28:00,50.0,50.0,230,220
2024-11-11 05:30:00,49.9,50.0,230,222
2024-11-11 05:32:00,50.0,50.0,231,221
2024-11-11 05:34:00,50.0,50.0,230,223
2024-11-11 05:36:00,49.9,49.9,231,224
2024-11-11 05:38:00,49.8,49.9,231,224
2024-11-11 05:40:00,49.9,50.0,231,219
2024-11-11 05:42:00,50.1,50.0,230,221
2024-11-11 05:44:00,50,49.7,231,220
2024-11-11 05:46:00,50.0,49.7,230,221
2024-11-11 05:48:00,50.1,49.8,231,212
2024-11-11 05:50:00,50.1,50.0,231,214
2024-11-11 05:52:00,49.7,49.6,231,215
2024-11-11 05:54:00,50.0,49.5,231,212
2024-11-11 05:56:00,50.1,49.6,231,211
2024-11-11 05:58:00,50.0,49.6,231,220
2024-11-11 06:00:00,49.9,49.7,231,219
2024-11-11 06:02:00,50.0,49.8,231,214
2024-11-11 06:04:00,50.1,49.3,231,217
2024-11-11 06:06:00,50.0,49.6,231,219
2024-11-11 06:08:00,50.0,49.8,231,203
2024-11-11 06:10:00,50.0,49.4,231,209
2024-11-11 06:12:00,49.8,49.5,231,212
2024-11-11 06:14:00,50.0,49.5,230,219
2024-11-11 06:16:00,50.0,49.7,231,208
2024-11-11 06:18:00,50.0,49.5,231,218
2024-11-11 06:20:00,49.8,49.8,231,211
2024-11-11 06:22:00,50.1,49.7,230,210
2024-11-11 06:24:00,50.1,49.4,231,210
2024-11-11 06:26:00,50.0,49.7,231,208
2024-11-11 06:28:00,50.1,49.6,231,214
2024-11-11 06:30:00,49.8,49.5,231,211
2024-11-11 06:32:00,49.9,49.6,231,217
2024-11-11 06:34:00,50.0,49.7,231,223
2024-11-11 06:36:00,49.9,49.6,231,220
2024-11-11 06:38:00,50.1,49.8,231,221
2024-11-11 06:40:00,50.2,50.0,231,222
2024-11-11 06:42:00,49.8,49.6,231,218
2024-11-11 06:44:00,49.8,49.7,231,217
2024-11-11 06:46:00,50.0,49.7,228,211
2024-11-11 06:48:00,50.1,49.6,228,216
2024-11-11 06:50:00,50.2,49.6,228,216
2024-11-11 06:52:00,50.0,49.6,228,217
2024-11-11 06:54:00,50.0,49.8,229,214
2024-11-11 06:56:00,50.0,49.7,228,219
2024-11-11 06:58:00,49.8,49.7,228,218
2024-11-11 07:00:00,49.9,49.6,228,220
2024-11-11 07:02:00,50.1,49.6,228,216
2024-11-11 07:04:00,50.1,49.9,227,221
2024-11-11 07:06:00,50.0,50.0,228,216
2024-11-11 07:08:00,49.8,49.8,227,211
2024-11-11 07:10:00,49.8,49.6,227,212
2024-11-11 07:12:00,49.9,49.9,228,216
2024-11-11 07:14:00,50.0,49.8,228,213
2024-11-11 07:16:00,50.1,49.7,228,224
2024-11-11 07:18:00,50.1,50.0,228,219
2024-11-11 07:20:00,50.0,49.7,227,219
2024-11-11 07:22:00,50.1,50.0,227,212
2024-11-11 07:24:00,50.0,50.0,227,217
2024-11-11 07:26:00,50.0,49.9,227,215
2024-11-11 07:28:00,50.0,49.7,227,222
2024-11-11 07:30:00,50.0,49.7,227,221
2024-11-11 07:32:00,49.9,49.7,228,227
2024-11-11 07:34:00,50.0,49.7,228,221
2024-11-11 07:36:00,50.2,49.8,228,222
2024-11-11 07:38:00,50.0,49.7,228,222
2024-11-11 07:40:00,50.0,49.9,228,224
2024-11-11 07:42:00,49.8,50.1,227,221
2024-11-11 07:44:00,50.0,49.7,228,220
2024-11-11 07:46:00,49.9,49.9,227,219
2024-11-11 07:48:00,49.9,49.5,228,214
2024-11-11 07:50:00,49.7,49.7,228,221
2024-11-11 07:52:00,49.7,49.7,228,216
2024-11-11 07:54:00,50.2,49.8,228,215
2024-11-11 07:56:00,50.0,49.7,228,217
2024-11-11 07:58:00,50.0,49.7,228,217
2024-11-11 08:00:00,49.9,49.9,228,215
2024-11-11 08:02:00,50.0,49.8,228,214
2024-11-11 08:04:00,49.9,50.0,228,212
2024-11-11 08:06:00,49.9,49.7,228,213
2024-11-11 08:08:00,50.1,49.8,228,210
2024-11-11 08:10:00,50.1,49.9,228,212
2024-11-11 08:12:00,49.7,49.7,228,205
2024-11-11 08:14:00,49.9,49.8,228,209
2024-11-11 08:16:00,50.0,49.7,228,209
2024-11-11 08:18:00,49.8,49.6,228,211
2024-11-11 08:20:00,49.9,49.7,228,215
2024-11-11 08:22:00,49.8,50.0,228,209
2024-11-11 08:24:00,50.1,49.8,228,214
2024-11-11 08:26:00,49.8,49.8,228,207
2024-11-11 08:28:00,50.1,49.8,228,211
2024-11-11 08:30:00,50.0,49.8,228,204
2024-11-11 08:32:00,50.0,49.3,228,207
2024-11-11 08:34:00,50.0,49.7,227,212
2024-11-11 08:36:00,50.0,49.8,227,208
2024-11-11 08:38:00,50.0,49.7,228,208
2024-11-11 08:40:00,50.0,49.9,227,214
2024-11-11 08:42:00,50.1,49.8,228,207
2024-11-11 08:44:00,50.1,49.6,227,206
2024-11-11 08:46:00,50.0,49.3,228,204
2024-11-11 08:48:00,49.9,49.7,227,208
2024-11-11 08:50:00,50.0,49.8,227,205
2024-11-11 08:52:00,50.0,49.6,228,206
2024-11-11 08:54:00,49.9,49.8,227,203
2024-11-11 08:56:00,49.7,49.8,227,204
2024-11-11 08:58:00,50.2,49.5,228,207
2024-11-11 09:00:00,49.8,49.2,228,199
2024-11-11 09:02:00,50.0,49.4,228,199
2024-11-11 09:04:00,50.0,49.3,228,203
2024-11-11 09:06:00,50.0,49.7,228,205
2024-11-11 09:08:00,50.1,49.7,228,212
2024-11-11 09:10:00,50.0,49.4,227,213
2024-11-11 09:12:00,50.0,49.6,228,211
2024-11-11 09:14:00,50.0,49.5,227,204
2024-11-11 09:16:00,49.9,49.3,228,209
2024-11-11 09:18:00,49.7,49.4,227,209
2024-11-11 09:20:00,50.0,49.4,228,209
2024-11-11 09:22:00,50.0,49.7,228,208
2024-11-11 09:24:00,49.8,49.5,228,199
2024-11-11 09:26:00,50.0,49.5,227,212
2024-11-11 09:28:00,50.0,49.9,227,213
2024-11-11 09:30:00,50,49.5,228,209
2024-11-11 09:32:00,50.1,49.5,228,204
2024-11-11 09:34:00,50.1,49.5,228,202
2024-11-11 09:36:00,50.0,49.6,228,206
2024-11-11 09:38:00,50.0,49.7,228,199
2024-11-11 09:40:00,49.7,49.5,228,207
2024-11-11 09:42:00,50.0,49.7,228,206
2024-11-11 09:44:00,49.9,49.9,228,207
2024-11-11 09:46:00,50.0,49.6,228,205
2024-11-11 09:48:00,50.0,49.7,228,210
2024-11-11 09:50:00,49.9,49.6,228,211
2024-11-11 09:52:00,50.1,49.5,228,209
2024-11-11 09:54:00,49.9,49.6,228,210
2024-11-11 09:56:00,49.9,49.6,228,207
2024-11-11 09:58:00,50.0,50.0,228,207
2024-11-11 10:00:00,50.1,49.8,228,204
2024-11-11 10:02:00,49.9,49.6,228,207
2024-11-11 10:04:00,50.0,49.4,228,204
2024-11-11 10:06:00,49.8,49.4,228,211
2024-11-11 10:08:00,50.0,49.2,228,208
2024-11-11 10:10:00,49.8,49.5,228,208
2024-11-11 10:12:00,50.0,49.6,228,213
2024-11-11 10:14:00,50.0,49.5,228,206
2024-11-11 10:16:00,49.9,49.7,228,206
2024-11-11 10:18:00,50.0,49.7,228,207
2024-11-11 10:20:00,49.8,49.6,228,203
2024-11-11 10:22:00,50.0,49.5,227,202
2024-11-11 10:24:00,50.0,49.7,228,204
2024-11-11 10:26:00,50.0,49.6,228,202
2024-11-11 10:28:00,49.9,49.5,228,204
2024-11-11 10:30:00,49.9,49.7,228,198
2024-11-11 10:32:00,49.8,49.7,228,199
2024-11-11 10:34:00,49.8,49.7,227,202
2024-11-11 10:36:00,50.1,49.2,228,199
2024-11-11 10:38:00,50.0,49.5,228,200
2024-11-11 10:40:00,50.0,49.6,227,198
2024-11-11 10:42:00,50.1,49.5,228,199
2024-11-11 10:44:00,49.9,49.6,227,204
2024-11-11 10:46:00,49.9,49.6,228,202
2024-11-11 10:48:00,49.9,49.4,228,203
2024-11-11 10:50:00,49.9,49.5,227,204
2024-11-11 10:52:00,49.9,49.6,227,199
2024-11-11 10:54:00,50.0,49.6,227,198
2024-11-11 10:56:00,49.9,49.7,227,204
2024-11-11 10:58:00,50.0,49.7,227,204
2024-11-11 11:00:00,50.1,49.4,227,202
2024-11-11 11:02:00,50.1,49.2,227,199
2024-11-11 11:04:00,50.0,49.7,227,205
2024-11-11 11:06:00,49.9,49.4,227,200
2024-11-11 11:08:00,50.1,49.8,227,202
2024-11-11 11:10:00,50.0,49.5,227,194
2024-11-11 11:12:00,50,49.4,228,192
2024-11-11 11:14:00,50.0,49.5,227,199
2024-11-11 11:16:00,50.1,49.5,227,199
2024-11-11 11:18:00,49.9,49.8,228,199
2024-11-11 11:20:00,49.9,49.6,227,199
2024-11-11 11:22:00,50.0,50.0,228,198
2024-11-11 11:24:00,50.0,49.7,227,204
2024-11-11 11:26:00,50.0,49.7,227,202
2024-11-11 11:28:00,49.9,49.1,227,202
2024-11-11 11:30:00,50.0,49.5,228,205
2024-11-11 11:32:00,49.9,49.7,227,207
2024-11-11 11:34:00,50.0,49.4,228,209
2024-11-11 11:36:00,50.1,50.8,227,237
2024-11-11 11:38:00,50.0,51.1,228,236
2024-11-11 11:40:00,49.9,50.4,227,238
2024-11-11 11:42:00,50.0,50.2,227,239
2024-11-11 11:44:00,49.9,50.3,227,236
2024-11-11 11:46:00,50.0,50.1,227,239
2024-11-11 11:48:00,49.9,50.2,228,238
2024-11-11 11:50:00,50.0,50.5,227,237
2024-11-11 11:52:00,50.0,50.3,228,240
2024-11-11 11:54:00,50.0,50.4,227,236
2024-11-11 11:56:00,50.0,50.0,227,238
2024-11-11 11:58:00,50.0,50.1,227,238
2024-11-11 12:00:00,50.0,50.3,227,239
2024-11-11 12:02:00,50.0,50.5,227,238
2024-11-11 12:04:00,50.0,50.2,228,239
2024-11-11 12:06:00,49.8,50.2,227,239
2024-11-11 12:08:00,50.0,50.2,227,238
2024-11-11 12:10:00,50.0,50.2,227,241
2024-11-11 12:12:00,49.9,50.3,227,240
2024-11-11 12:14:00,50.0,50.3,227,240
2024-11-11 12:16:00,50.0,50.2,232,237
2024-11-11 12:18:00,49.9,50.1,232,239
2024-11-11 12:20:00,50.0,50.2,231,237
2024-11-11 12:22:00,50.0,50.2,231,240
2024-11-11 12:24:00,50.0,50.1,231,238
2024-11-11 12:26:00,50.0,50.2,231,240
2024-11-11 12:28:00,49.8,50.3,231,238
2024-11-11 12:30:00,50.0,50.4,231,240
2024-11-11 12:32:00,50.0,50.4,231,240
2024-11-11 12:34:00,49.9,50.3,231,240
2024-11-11 12:36:00,49.8,50.2,231,240
2024-11-11 12:38:00,50.0,50.3,231,241
2024-11-11 12:40:00,50.0,50.2,231,243
2024-11-11 12:42:00,50.2,50.1,231,237
2024-11-11 12:44:00,50.0,50.1,231,239
2024-11-11 12:46:00,49.8,50.0,231,237
2024-11-11 12:48:00,100.0,50.2,231,236
2024-11-11 12:50:00,50.2,50.2,231,238
2024-11-11 12:52:00,49.9,50.1,231,237
2024-11-11 12:54:00,50.0,50.1,231,236
2024-11-11 12:56:00,50.0,50,231,236
2024-11-11 12:58:00,50.0,50.1,231,236
2024-11-11 13:00:00,50.0,50.1,231,236
2024-11-11 13:02:00,49.9,50.2,231,235
2024-11-11 13:04:00,49.9,50.4,231,236
2024-11-11 13:06:00,49.9,50.1,231,237
2024-11-11 13:08:00,50.0,50.1,231,236
2024-11-11 13:10:00,50.0,50.3,231,238
2024-11-11 13:12:00,49.8,50.0,231,234
2024-11-11 13:14:00,49.8,49.9,231,236
2024-11-11 13:16:00,50.0,49.5,231,208
2024-11-11 13:18:00,50.1,49.4,231,203
2024-11-11 13:20:00,49.7,49.2,231,201
2024-11-11 13:22:00,50.1,49.3,231,211
2024-11-11 13:24:00,49.9,49.3,231,208
2024-11-11 13:26:00,49.8,49.6,231,204
2024-11-11 13:28:00,50.0,49.6,231,206
2024-11-11 13:30:00,49.9,49.9,231,216
2024-11-11 13:32:00,49.8,49.5,231,209
2024-11-11 13:34:00,50.1,49.7,231,208
2024-11-11 13:36:00,49.7,49.5,231,210
2024-11-11 13:38:00,50.0,49.5,231,212
2024-11-11 13:40:00,50.0,49.6,231,201
2024-11-11 13:42:00,49.9,49.6,231,206
2024-11-11 13:44:00,50.0,49.3,231,203
2024-11-11 13:46:00,50.1,49.6,231,210
2024-11-11 13:48:00,50.0,49.6,231,209
2024-11-11 13:50:00,50.1,49.8,231,211
2024-11-11 13:52:00,50.0,49.5,231,209
2024-11-11 13:54:00,49.9,49.7,231,212
2024-11-11 13:56:00,49.9,49.3,231,207
2024-11-11 13:58:00,50.1,49.6,231,209
2024-11-11 14:00:00,50.0,49.5,231,205
2024-11-11 14:02:00,50.1,49.3,231,203
2024-11-11 14:04:00,49.8,49.3,231,205
2024-11-11 14:06:00,50.0,49.3,231,209
2024-11-11 14:08:00,49.9,49.5,231,204
2024-11-11 14:10:00,49.9,49.7,231,208
2024-11-11 14:12:00,50.1,49.7,231,199
2024-11-11 14:14:00,50.1,49.4,232,199
2024-11-11 14:16:00,50.0,3584,231,0
2024-11-11 14:18:00,50.1,50.0,231,236
2024-11-11 14:20:00,50.0,49.9,231,209
2024-11-11 14:22:00,50.0,50.1,231,214
2024-11-11 14:24:00,50.1,50.6,231,211
2024-11-11 14:26:00,50.0,50.2,231,208
2024-11-11 14:28:00,50.0,50.1,231,204
2024-11-11 14:30:00,49.9,49.9,231,204
2024-11-11 14:32:00,50.0,49.9,230,203
2024-11-11 14:34:00,49.9,50.3,231,205
2024-11-11 14:36:00,50.0,49.8,231,202
2024-11-11 14:38:00,50.0,50.2,231,204
2024-11-11 14:40:00,49.8,50.0,230,206
2024-11-11 14:42:00,50.1,50.1,231,209
2024-11-11 14:44:00,50.1,50.0,230,209
2024-11-11 14:46:00,50.0,50.0,230,206
2024-11-11 14:48:00,50.0,50.0,231,203
2024-11-11 14:50:00,50.1,49.8,230,204
2024-11-11 14:52:00,49.9,49.5,231,202
2024-11-11 14:54:00,49.9,50.0,231,204
2024-11-11 14:56:00,50.0,50.2,231,197
2024-11-11 14:58:00,50.1,50.0,230,202
2024-11-11 15:00:00,50.0,50.2,231,204
2024-11-11 15:02:00,50.0,50.0,231,203
2024-11-11 15:04:00,50.0,49.6,231,204
2024-11-11 15:06:00,49.8,49.9,230,199
2024-11-11 15:08:00,50.1,49.8,231,195
2024-11-11 15:10:00,50.0,50.1,231,190
2024-11-11 15:12:00,50,49.9,231,190
2024-11-11 15:14:00,50.0,49.7,231,192
2024-11-11 15:16:00,49.9,50.3,231,204
2024-11-11 15:18:00,50.0,49.8,231,196
2024-11-11 15:20:00,50.2,50.2,231,204
2024-11-11 15:22:00,50.0,50.0,230,202
2024-11-11 15:24:00,49.7,49.8,231,194
2024-11-11 15:26:00,50.0,49.9,230,199
2024-11-11 15:28:00,49.9,49.9,231,202
2024-11-11 15:30:00,50.0,50.1,231,200
2024-11-11 15:32:00,50.0,50.1,231,202
2024-11-11 15:34:00,50.0,49.9,231,206
2024-11-11 15:36:00,49.8,50.1,231,204
2024-11-11 15:38:00,49.9,49.8,231,207
2024-11-11 15:40:00,49.8,49.6,231,204
2024-11-11 15:42:00,50.0,49.7,231,202
2024-11-11 15:44:00,50.1,50.0,231,202
2024-11-11 15:46:00,50.0,49.9,231,197
2024-11-11 15:48:00,49.8,49.6,231,197
2024-11-11 15:50:00,50.0,49.9,231,199
2024-11-11 15:52:00,50.0,49.5,231,204
2024-11-11 15:54:00,49.9,49.9,231,195
2024-11-11 15:56:00,50.0,49.7,231,192
2024-11-11 15:58:00,49.9,49.7,231,190
2024-11-11 16:00:00,50.0,49.8,231,195
2024-11-11 16:02:00,49.9,49.8,231,193
2024-11-11 16:04:00,49.9,50.1,231,199
2024-11-11 16:06:00,50.2,50.0,231,199
2024-11-11 16:08:00,49.9,49.9,231,195
2024-11-11 16:10:00,50.0,49.8,231,194
2024-11-11 16:12:00,50.0,50.1,231,201
2024-11-11 16:14:00,49.9,49.8,232,199
2024-11-11 16:16:00,49.8,50.0,231,200
2024-11-11 16:18:00,49.9,50.1,231,200
2024-11-11 16:20:00,50.0,50.0,231,200
2024-11-11 16:22:00,50.0,49.8,231,199
2024-11-11 16:24:00,50.0,49.6,231,194
2024-11-11 16:26:00,50.2,49.8,231,193
2024-11-11 16:28:00,49.8,50.0,231,197
2024-11-11 16:30:00,50.1,50.2,231,199
2024-11-11 16:32:00,50.0,49.9,231,195
2024-11-11 16:34:00,49.9,49.5,231,190
2024-11-11 16:36:00,50.0,49.6,231,195
2024-11-11 16:38:00,49.9,50.0,231,193
2024-11-11 16:40:00,50.0,49.7,231,196
2024-11-11 16:42:00,50.1,50.1,231,190
2024-11-11 16:44:00,50.1,49.8,231,190
2024-11-11 16:46:00,49.8,50.1,231,187
2024-11-11 16:48:00,49.8,49.8,231,184
2024-11-11 16:50:00,49.9,50.0,231,186
2024-11-11 16:52:00,50.1,49.8,231,185
2024-11-11 16:54:00,50.0,49.8,231,185
2024-11-11 16:56:00,49.9,49.7,231,193
2024-11-11 16:58:00,50.1,49.8,231,191
2024-11-11 17:00:00,50.0,49.7,231,194
2024-11-11 17:02:00,50.1,50.0,231,192
2024-11-11 17:04:00,49.9,50.4,231,195
2024-11-11 17:06:00,50.1,49.9,231,190
2024-11-11 17:08:00,50.0,50.2,231,191
2024-11-11 17:10:00,50.0,49.9,231,192
2024-11-11 17:12:00,50.0,49.8,231,195
2024-11-11 17:14:00,50.2,49.9,231,195
2024-11-11 17:16:00,50.0,49.9,231,199
2024-11-11 17:18:00,50.1,49.7,231,203
2024-11-11 17:20:00,49.9,6536,231,0
2024-11-11 17:22:00,50.1,5556,231,0
2024-11-11 17:24:00,50.1,50.7,231,240
2024-11-11 17:26:00,50.0,50.1,231,239
2024-11-11 17:28:00,50.1,50.2,231,240
2024-11-11 17:30:00,50.0,50.0,231,237
2024-11-11 17:32:00,49.9,50.1,231,238
2024-11-11 17:34:00,50.0,50.0,231,238
2024-11-11 17:36:00,49.9,50.2,231,239
2024-11-11 17:38:00,50.0,50.0,231,239
2024-11-11 17:40:00,49.9,50.0,231,242
2024-11-11 17:42:00,50.0,49.9,231,241
2024-11-11 17:44:00,50.0,49.9,231,242
2024-11-11 17:46:00,50.0,49.9,231,245
2024-11-11 17:48:00,50.0,49.7,231,242
2024-11-11 17:50:00,49.8,50.0,231,243
2024-11-11 17:52:00,50,50.1,231,243
2024-11-11 17:54:00,50.0,50.2,231,241
2024-11-11 17:56:00,49.8,50.1,231,240
2024-11-11 17:58:00,49.9,50.0,231,240
2024-11-11 18:00:00,50.1,50.1,231,240
2024-11-11 18:02:00,49.7,50.1,231,240
2024-11-11 18:04:00,50.0,49.9,231,187
2024-11-11 18:06:00,50.0,50.0,231,193
2024-11-11 18:08:00,49.9,49.9,231,190
2024-11-11 18:10:00,50.0,49.5,231,193
2024-11-11 18:12:00,49.8,49.3,231,185
2024-11-11 18:14:00,50.0,49.2,231,185
2024-11-11 18:16:00,50.0,49.3,231,183
2024-11-11 18:18:00,50.1,49.1,231,187
2024-11-11 18:20:00,49.8,49.2,231,185
2024-11-11 18:22:00,50.0,49.0,231,187
2024-11-11 18:24:00,49.9,49.1,231,190
2024-11-11 18:26:00,49.9,48.3,231,185
2024-11-11 18:28:00,50,49.7,231,183
2024-11-11 18:30:00,50.1,49.7,231,186
2024-11-11 18:32:00,50.1,49.3,231,185
2024-11-11 18:34:00,50.3,49.7,231,179
2024-11-11 18:36:00,49.9,49.8,231,183
2024-11-11 18:38:00,50.0,49.5,231,178
2024-11-11 18:40:00,50.0,49.6,231,179
2024-11-11 18:42:00,49.8,49.4,231,178
2024-11-11 18:44:00,49.9,49.3,231,180
2024-11-11 18:46:00,50.2,49.4,231,182
2024-11-11 18:48:00,50.0,49.4,231,182
2024-11-11 18:50:00,50.1,49.4,231,180
2024-11-11 18:52:00,50.0,49.3,231,180
2024-11-11 18:54:00,50.0,49.4,231,182
2024-11-11 18:56:00,50.0,49.3,231,185
2024-11-11 18:58:00,50.0,49.3,231,189
2024-11-11 19:00:00,50.0,49.5,231,184
2024-11-11 19:02:00,50.1,49.1,231,185
2024-11-11 19:04:00,49.8,49.6,231,186
2024-11-11 19:06:00,49.8,49.2,231,185
2024-11-11 19:08:00,49.8,49.2,231,182
2024-11-11 19:10:00,49.8,49.5,231,181
2024-11-11 19:12:00,50.0,49.5,231,183
2024-11-11 19:14:00,49.7,49.7,231,185
2024-11-11 19:16:00,50.0,49.3,231,186
2024-11-11 19:18:00,50.0,49.4,231,182
2024-11-11 19:20:00,49.9,49.4,231,186
2024-11-11 19:22:00,50.0,49.1,231,185
2024-11-11 19:24:00,50.0,49.2,231,185
2024-11-11 19:26:00,50.1,49.1,231,185
2024-11-11 19:28:00,49.9,49.5,231,187
2024-11-11 19:30:00,49.7,49.6,231,186
2024-11-11 19:32:00,49.8,49.5,231,189
2024-11-11 19:34:00,50.0,49.4,231,190
2024-11-11 19:36:00,50.1,49.5,231,185
2024-11-11 19:38:00,50.1,49.5,231,183
2024-11-11 19:40:00,50.1,49.4,231,180
2024-11-11 19:42:00,49.9,49.3,231,180
2024-11-11 19:44:00,50.0,49.1,231,180
2024-11-11 19:46:00,49.8,49.6,231,178
2024-11-11 19:48:00,50.0,49.4,231,178
2024-11-11 19:50:00,49.9,49.2,231,178
2024-11-11 19:52:00,50.2,49.3,231,180
2024-11-11 19:54:00,50.2,49.5,231,181
2024-11-11 19:56:00,49.9,49.6,231,183
2024-11-11 19:58:00,50.0,49.5,231,181
2024-11-11 20:00:00,49.8,49.8,231,182
2024-11-11 20:02:00,49.8,49.5,231,182
2024-11-11 20:04:00,50.0,49.2,231,184
2024-11-11 20:06:00,50.2,49.2,231,187
2024-11-11 20:08:00,50.0,49.2,231,187
2024-11-11 20:10:00,49.9,49.5,231,187
2024-11-11 20:12:00,49.9,49.1,231,178
2024-11-11 20:14:00,50.0,49.1,231,182
2024-11-11 20:16:00,50.0,49.4,231,186
2024-11-11 20:18:00,50.0,49.1,231,182
2024-11-11 20:20:00,50.0,49.4,231,181
2024-11-11 20:22:00,49.9,49.6,231,186
2024-11-11 20:24:00,49.9,49.6,231,186
2024-11-11 20:26:00,50.2,49.8,231,183
2024-11-11 20:28:00,50.0,49.7,231,183
2024-11-11 20:30:00,49.9,49.7,231,183
2024-11-11 20:32:00,50.1,49.4,231,183
2024-11-11 20:34:00,49.9,49.3,231,179
2024-11-11 20:36:00,50.0,49.2,231,185
2024-11-11 20:38:00,49.8,49.3,231,184
2024-11-11 20:40:00,50.0,49.3,231,182
2024-11-11 20:42:00,50.0,49.5,231,184
2024-11-11 20:44:00,49.9,49.7,231,190
2024-11-11 20:46:00,50.0,49.7,231,190
2024-11-11 20:48:00,50.1,49.7,231,191
2024-11-11 20:50:00,50.1,49.8,231,192
2024-11-11 20:52:00,49.9,49.6,231,189
2024-11-11 20:54:00,50.0,49.7,231,188
2024-11-11 20:56:00,50.0,49.7,231,190
2024-11-11 20:58:00,50.0,49.3,231,193
2024-11-11 21:00:00,50.0,49.3,231,190
2024-11-11 21:02:00,50.0,49.7,231,193
2024-11-11 21:04:00,50.0,49.6,231,194
2024-11-11 21:06:00,49.9,49.8,231,194
2024-11-11 21:08:00,50.0,49.9,231,195
2024-11-11 21:10:00,50.0,50.0,231,199
2024-11-11 21:12:00,49.9,49.9,231,196
2024-11-11 21:14:00,50.0,50.1,231,199
2024-11-11 21:16:00,49.9,50.0,231,202
2024-11-11 21:18:00,50.2,50.1,231,204
2024-11-11 21:20:00,49.9,50.0,231,197
2024-11-11 21:22:00,49.9,49.5,231,196
2024-11-11 21:24:00,49.8,49.7,231,201
2024-11-11 21:26:00,50.0,50.0,231,200
2024-11-11 21:28:00,50.0,50.0,231,203
2024-11-11 21:30:00,50.0,49.9,231,203
2024-11-11 21:32:00,50.1,50.0,231,204
2024-11-11 21:34:00,49.8,50.0,231,202
2024-11-11 21:36:00,50.0,50.2,231,200
2024-11-11 21:38:00,50.0,50.2,231,202
2024-11-11 21:40:00,49.9,49.8,231,201
2024-11-11 21:42:00,50.0,50.0,232,202
2024-11-11 21:44:00,50.1,49.7,231,203
2024-11-11 21:46:00,50.1,49.8,231,202
2024-11-11 21:48:00,50.1,49.9,231,204
2024-11-11 21:50:00,50.0,50.3,231,203
2024-11-11 21:52:00,49.9,50.2,231,199
2024-11-11 21:54:00,50.0,50.1,231,204
2024-11-11 21:56:00,50.0,50.3,231,209
2024-11-11 21:58:00,50.1,50.1,231,209
2024-11-11 22:00:00,50,49.9,231,206
2024-11-11 22:02:00,49.9,50.2,231,206
2024-11-11 22:04:00,49.9,50.1,231,207
2024-11-11 22:06:00,50.0,49.9,231,207
2024-11-11 22:08:00,49.9,50.0,231,207
2024-11-11 22:10:00,50.0,50.0,231,207
2024-11-11 22:12:00,50.1,50.0,231,206
2024-11-11 22:14:00,50.1,49.6,231,207
2024-11-11 22:16:00,50.1,49.8,231,208
2024-11-11 22:18:00,49.9,49.9,231,212
2024-11-11 22:20:00,50.0,49.7,231,207
2024-11-11 22:22:00,49.7,49.6,231,211
2024-11-11 22:24:00,50.0,49.9,231,211
2024-11-11 22:26:00,50.1,49.8,231,211
2024-11-11 22:28:00,50.0,50.0,231,213
2024-11-11 22:30:00,49.9,49.7,231,212
2024-11-11 22:32:00,50.0,49.6,231,211
2024-11-11 22:34:00,49.9,49.4,231,209
2024-11-11 22:36:00,50.2,49.4,231,210
2024-11-11 22:38:00,50.0,49.9,231,213
2024-11-11 22:40:00,50.0,50.1,231,214
2024-11-11 22:42:00,49.9,50.0,231,214
2024-11-11 22:44:00,50.0,50.0,231,216
2024-11-11 22:46:00,50.0,50.0,231,216
2024-11-11 22:48:00,49.9,50.0,231,214
2024-11-11 22:50:00,50.2,50.0,231,216
2024-11-11 22:52:00,49.9,50.0,231,217
2024-11-11 22:54:00,49.8,49.9,231,218
2024-11-11 22:56:00,50.0,49.7,231,215
2024-11-11 22:58:00,49.9,49.6,231,216
2024-11-11 23:00:00,50.1,49.9,231,216
2024-11-11 23:02:00,49.9,49.7,231,219
2024-11-11 23:04:00,50.0,49.6,231,219
2024-11-11 23:06:00,50.0,49.9,231,217
2024-11-11 23:08:00,50.0,50,231,216
2024-11-11 23:10:00,49.9,50.1,231,219
2024-11-11 23:12:00,49.8,50.0,231,220
2024-11-11 23:14:00,50.0,50.0,231,221
2024-11-11 23:16:00,50.0,50.2,231,219
2024-11-11 23:18:00,49.9,49.8,231,217
2024-11-11 23:20:00,99.4,50.0,231,219
2024-11-11 23:22:00,50.1,49.9,231,221
2024-11-11 23:24:00,50.0,50.0,231,219
2024-11-11 23:26:00,49.9,49.9,231,219
2024-11-11 23:28:00,50.0,49.9,231,216
2024-11-11 23:30:00,50.0,49.9,231,217
2024-11-11 23:32:00,49.9,49.9,231,221
2024-11-11 23:34:00,49.8,50.0,231,221
2024-11-11 23:36:00,50.0,49.7,231,221
2024-11-11 23:38:00,50.2,49.8,231,219
2024-11-11 23:40:00,50.0,49.9,231,220
2024-11-11 23:42:00,50.1,50.1,231,222
2024-11-11 23:44:00,50.0,50.0,231,221
2024-11-11 23:46:00,49.9,50.0,231,219
2024-11-11 23:48:00,50.0,49.8,231,223
2024-11-11 23:50:00,50.0,49.8,228,222
2024-11-11 23:52:00,50.1,50.0,227,223
2024-11-11 23:54:00,50.0,50.1,228,221
2024-11-11 23:56:00,49.9,50.0,228,222
2024-11-11 23:58:00,50.0,49.9,228,223
2024-11-12 00:00:00,49.8,50.2,228,224
2024-11-12 00:02:00,50.1,50.3,228,225
2024-11-12 00:04:00,50.1,50.2,228,224
2024-11-12 00:06:00,49.9,49.7,228,223
2024-11-12 00:08:00,49.8,50.2,228,225
2024-11-12 00:10:00,50.0,49.8,227,223
2024-11-12 00:12:00,50.0,49.2,228,221
2024-11-12 00:14:00,49.8,49.5,228,223
2024-11-12 00:16:00,50.2,49.4,228,223
2024-11-12 00:18:00,49.8,49.5,228,223
2024-11-12 00:20:00,50.1,49.4,228,223
2024-11-12 00:22:00,49.9,49.8,228,223
2024-11-12 00:24:00,50.0,50.0,228,225
2024-11-12 00:26:00,50.0,49.6,228,223
2024-11-12 00:28:00,50.1,49.8,227,222
2024-11-12 00:30:00,50.0,49.6,228,221
2024-11-12 00:32:00,50.1,49.7,228,223
2024-11-12 00:34:00,50.0,49.6,228,223
2024-11-12 00:36:00,50.0,49.5,228,222
2024-11-12 00:38:00,50.1,49.1,228,219
2024-11-12 00:40:00,49.9,49.7,228,223
2024-11-12 00:42:00,50.1,49.6,227,223
2024-11-12 00:44:00,50.0,49.7,227,222
2024-11-12 00:46:00,50.0,49.8,229,223
2024-11-12 00:48:00,50.0,49.8,228,223
2024-11-12 00:50:00,50.2,49.8,227,223
2024-11-12 00:52:00,49.9,49.7,227,223
2024-11-12 00:54:00,50.0,49.4,228,223
2024-11-12 00:56:00,50.0,49.5,228,223
2024-11-12 00:58:00,50.0,49.3,227,223
2024-11-12 01:00:00,49.8,49.4,227,223
2024-11-12 01:02:00,49.9,49.5,227,219
2024-11-12 01:04:00,50.0,49.6,227,224
2024-11-12 01:06:00,49.9,49.7,228,224
2024-11-12 01:08:00,49.9,49.6,228,224
2024-11-12 01:10:00,50.1,49.8,227,223
2024-11-12 01:12:00,49.9,49.8,227,225
2024-11-12 01:14:00,49.8,49.6,227,224
2024-11-12 01:16:00,49.9,49.3,228,223
2024-11-12 01:18:00,49.7,49.5,227,225
2024-11-12 01:20:00,50.1,49.6,228,224
2024-11-12 01:22:00,49.8,49.5,227,223
2024-11-12 01:24:00,50.0,49.7,228,224
2024-11-12 01:26:00,49.9,49.5,227,224
2024-11-12 01:28:00,50.0,49.4,228,224
2024-11-12 01:30:00,50.0,49.7,228,225
2024-11-12 01:32:00,49.8,49.9,227,225
2024-11-12 01:34:00,49.9,49.8,228,224
2024-11-12 01:36:00,50.0,49.7,228,223
2024-11-12 01:38:00,50.2,50.0,228,227
2024-11-12 01:40:00,49.9,49.9,228,226
2024-11-12 01:42:00,50.1,49.6,228,226
2024-11-12 01:44:00,50.0,49.7,228,226
2024-11-12 01:46:00,50.0,49.3,228,225
2024-11-12 01:48:00,49.9,49.6,228,225
2024-11-12 01:50:00,50.1,49.8,227,226
2024-11-12 01:52:00,50.1,49.5,228,224
2024-11-12 01:54:00,49.9,49.8,228,225
2024-11-12 01:56:00,50.1,49.8,228,226
2024-11-12 01:58:00,50.1,49.8,228,226
2024-11-12 02:00:00,50.0,50.0,228,227
2024-11-12 02:02:00,50.0,49.8,227,226
2024-11-12 02:04:00,50.0,50.1,228,228
2024-11-12 02:06:00,50.0,49.8,228,226
2024-11-12 02:08:00,49.8,49.6,228,226
2024-11-12 02:10:00,49.9,49.4,228,227
2024-11-12 02:12:00,50.0,49.3,228,225
2024-11-12 02:14:00,49.9,49.2,228,225
2024-11-12 02:16:00,49.8,49.2,228,224
2024-11-12 02:18:00,49.8,49.7,228,226
2024-11-12 02:20:00,49.9,49.7,227,225
2024-11-12 02:22:00,50.1,49.5,228,226
2024-11-12 02:24:00,50.0,49.5,228,226
2024-11-12 02:26:00,49.9,49.5,228,226
2024-11-12 02:28:00,49.8,49.8,228,226
2024-11-12 02:30:00,50.1,49.8,227,226
2024-11-12 02:32:00,50.2,49.8,228,224
2024-11-12 02:34:00,50.0,49.7,227,222
2024-11-12 02:36:00,50.0,49.6,227,225
2024-11-12 02:38:00,49.9,49.7,227,226
2024-11-12 02:40:00,50.0,49.8,228,223
2024-11-12 02:42:00,50.0,49.6,228,226
2024-11-12 02:44:00,50.0,49.9,227,227
2024-11-12 02:46:00,50.1,49.9,227,227
2024-11-12 02:48:00,50.0,49.9,228,227
2024-11-12 02:50:00,49.9,50.0,228,226
2024-11-12 02:52:00,49.8,49.8,228,226
2024-11-12 02:54:00,49.9,49.7,228,226
2024-11-12 02:56:00,50.0,49.7,228,226
2024-11-12 02:58:00,49.9,49.7,228,226
2024-11-12 03:00:00,50.0,49.4,228,225
2024-11-12 03:02:00,49.9,49.5,227,226
2024-11-12 03:04:00,50.0,49.2,228,224
2024-11-12 03:06:00,50.0,49.4,227,224
2024-11-12 03:08:00,50.0,49.6,228,226
2024-11-12 03:10:00,50.0,49.8,228,226
2024-11-12 03:12:00,49.9,49.9,228,226
2024-11-12 03:14:00,49.9,49.8,228,226
2024-11-12 03:16:00,50.0,49.6,228,226
2024-11-12 03:18:00,50.1,49.3,228,226
2024-11-12 03:20:00,49.9,49.4,228,225
2024-11-12 03:22:00,49.9,49.6,228,224
2024-11-12 03:24:00,50.0,49.7,227,226
2024-11-12 03:26:00,50.0,49.4,228,227
2024-11-12 03:28:00,50.0,49.4,228,226
2024-11-12 03:30:00,49.9,49.6,228,225
2024-11-12 03:32:00,49.9,49.6,228,226
2024-11-12 03:34:00,49.8,49.7,228,224
2024-11-12 03:36:00,50.0,49.8,227,223
2024-11-12 03:38:00,50.0,49.9,228,226
2024-11-12 03:40:00,50.0,49.9,228,226
2024-11-12 03:42:00,50.1,50.1,228,227
2024-11-12 03:44:00,50.0,49.6,228,225
2024-11-12 03:46:00,50.0,49.8,228,224
2024-11-12 03:48:00,50.2,49.4,228,226
2024-11-12 03:50:00,50.0,49.2,228,223
2024-11-12 03:52:00,50.0,49.4,228,225
2024-11-12 03:54:00,49.9,49.6,228,225
2024-11-12 03:56:00,49.8,49.9,227,226
2024-11-12 03:58:00,50.1,49.7,228,225
2024-11-12 04:00:00,50.0,49.9,228,226
2024-11-12 04:02:00,50.1,49.6,228,224
2024-11-12 04:04:00,50.0,49.5,228,224
2024-11-12 04:06:00,49.9,49.8,227,226
2024-11-12 04:08:00,50.2,49.5,228,225
2024-11-12 04:10:00,50.1,49.7,227,226
2024-11-12 04:12:00,99.8,49.8,227,225
2024-11-12 04:14:00,50.0,49.8,228,225
2024-11-12 04:16:00,50.2,49.8,227,226
2024-11-12 04:18:00,49.9,50.0,227,224
2024-11-12 04:20:00,50.0,49.9,227,225
2024-11-12 04:22:00,50.0,50.1,228,225
2024-11-12 04:24:00,49.8,50.1,228,226
2024-11-12 04:26:00,50.0,49.7,228,226
2024-11-12 04:28:00,50.0,49.7,227,224
2024-11-12 04:30:00,49.9,49.5,228,224
2024-11-12 04:32:00,50.1,49.3,228,223
2024-11-12 04:34:00,50.1,49.4,228,222
2024-11-12 04:36:00,50.0,49.7,227,223
2024-11-12 04:38:00,50.0,49.5,228,223
2024-11-12 04:40:00,50.0,50.0,228,224
2024-11-12 04:42:00,50.1,50.0,228,223
2024-11-12 04:44:00,49.9,50.2,227,226
2024-11-12 04:46:00,49.9,49.8,228,223
2024-11-12 04:48:00,50.0,49.4,228,221
2024-11-12 04:50:00,49.7,49.4,228,226
2024-11-12 04:52:00,50.0,49.6,228,227
2024-11-12 04:54:00,49.8,49.6,227,226
2024-11-12 04:56:00,49.9,50.0,227,227
2024-11-12 04:58:00,50.1,50.5,228,227
2024-11-12 05:00:00,50.1,50.1,228,227
2024-11-12 05:02:00,50.0,50.2,228,226
2024-11-12 05:04:00,50.0,50.2,228,228
2024-11-12 05:06:00,49.9,50.1,227,227
2024-11-12 05:08:00,49.9,50.0,228,226
2024-11-12 05:10:00,50.0,49.8,227,227
2024-11-12 05:12:00,49.9,49.8,228,226
2024-11-12 05:14:00,50.1,49.8,228,225
2024-11-12 05:16:00,50.1,49.9,228,225
2024-11-12 05:18:00,49.9,49.8,227,221
2024-11-12 05:20:00,49.9,50.2,228,218
2024-11-12 05:22:00,50.0,50.0,228,217
2024-11-12 05:24:00,50.1,49.9,227,213
2024-11-12 05:26:00,50.2,50.0,227,211
2024-11-12 05:28:00,49.8,49.7,228,206
2024-11-12 05:30:00,50.0,49.6,228,205
2024-11-12 05:32:00,49.9,49.7,228,204
2024-11-12 05:34:00,50.0,50.0,227,208
2024-11-12 05:36:00,50,49.7,228,200
2024-11-12 05:38:00,49.9,49.6,228,206
2024-11-12 05:40:00,49.7,49.6,228,210
2024-11-12 05:42:00,49.8,49.6,228,209
2024-11-12 05:44:00,50.0,49.6,228,200
2024-11-12 05:46:00,50.0,49.9,228,204
2024-11-12 05:48:00,50.0,49.7,227,206
2024-11-12 05:50:00,50.0,49.5,228,203
2024-11-12 05:52:00,50.0,49.8,228,197
2024-11-12 05:54:00,50.0,49.4,227,205
2024-11-12 05:56:00,50,49.3,228,201
2024-11-12 05:58:00,50.0,49.7,228,194
2024-11-12 06:00:00,49.9,49.5,228,189
2024-11-12 06:02:00,50.0,49.4,228,197
2024-11-12 06:04:00,50.1,49.5,228,207
2024-11-12 06:06:00,50.0,49.6,227,205
2024-11-12 06:08:00,49.9,49.4,228,199
2024-11-12 06:10:00,49.9,49.4,227,200
2024-11-12 06:12:00,50.1,49.3,228,203
2024-11-12 06:14:00,50.0,49.4,228,207
2024-11-12 06:16:00,50.0,49.4,228,198
2024-11-12 06:18:00,50.0,49.5,228,201
2024-11-12 06:20:00,49.9,49.2,228,196
2024-11-12 06:22:00,49.9,49.7,227,195
2024-11-12 06:24:00,49.9,49.7,228,197
2024-11-12 06:26:00,50.1,49.7,228,192
2024-11-12 06:28:00,50.0,49.8,228,192
2024-11-12 06:30:00,50.0,49.9,228,200
2024-11-12 06:32:00,49.7,49.9,228,200
2024-11-12 06:34:00,50.1,49.7,228,206
2024-11-12 06:36:00,50.1,49.8,228,202
2024-11-12 06:38:00,49.8,49.7,228,209
2024-11-12 06:40:00,50.0,49.5,228,205
2024-11-12 06:42:00,50.0,49.5,227,209
2024-11-12 06:44:00,50.2,49.5,228,207
2024-11-12 06:46:00,50.0,49.5,227,209
2024-11-12 06:48:00,50.1,49.6,228,204
2024-11-12 06:50:00,50.0,49.8,228,198
2024-11-12 06:52:00,49.9,49.7,228,201
2024-11-12 06:54:00,50.0,49.7,228,200
2024-11-12 06:56:00,50.0,50.0,228,209
2024-11-12 06:58:00,49.9,49.7,228,204
2024-11-12 07:00:00,50.0,49.7,228,211
2024-11-12 07:02:00,50.0,50.0,228,207
2024-11-12 07:04:00,49.9,49.9,228,213
2024-11-12 07:06:00,50.2,49.7,228,216
2024-11-12 07:08:00,50.0,49.6,228,211
2024-11-12 07:10:00,49.9,49.5,228,209
2024-11-12 07:12:00,50.0,49.8,228,210
2024-11-12 07:14:00,49.7,49.9,228,213
2024-11-12 07:16:00,49.8,50.0,228,214
2024-11-12 07:18:00,49.9,49.8,228,214
2024-11-12 07:20:00,50.0,49.9,228,207
2024-11-12 07:22:00,50.0,50.0,227,211
2024-11-12 07:24:00,50.0,50.1,228,211
2024-11-12 07:26:00,50.0,49.8,228,211
2024-11-12 07:28:00,50.0,49.8,228,206
2024-11-12 07:30:00,49.9,49.5,228,209
2024-11-12 07:32:00,49.9,49.8,228,209
2024-11-12 07:34:00,49.8,49.7,227,211
2024-11-12 07:36:00,50.1,49.7,227,212
2024-11-12 07:38:00,50.0,49.8,228,213
2024-11-12 07:40:00,49.8,49.6,228,209
2024-11-12 07:42:00,50.3,49.7,227,208
2024-11-12 07:44:00,50.1,49.6,227,207
2024-11-12 07:46:00,50.1,49.9,227,213
2024-11-12 07:48:00,49.9,49.9,227,213
2024-11-12 07:50:00,49.9,49.8,228,208
2024-11-12 07:52:00,50.2,49.7,227,202
2024-11-12 07:54:00,49.8,49.5,228,202
2024-11-12 07:56:00,50.0,49.6,227,203
2024-11-12 07:58:00,49.8,49.6,228,204
2024-11-12 08:00:00,50.0,49.8,228,209
2024-11-12 08:02:00,49.9,49.5,227,209
2024-11-12 08:04:00,50.1,49.8,227,199
2024-11-12 08:06:00,50.0,49.9,228,198
2024-11-12 08:08:00,50.0,49.6,227,207
2024-11-12 08:10:00,49.9,49.9,227,212
2024-11-12 08:12:00,49.9,49.7,227,208
2024-11-12 08:14:00,50.2,49.7,227,204
2024-11-12 08:16:00,50.0,49.8,228,205
2024-11-12 08:18:00,49.8,49.4,228,207
2024-11-12 08:20:00,50.0,49.3,228,209
2024-11-12 08:22:00,50.0,49.5,228,207
2024-11-12 08:24:00,50.1,49.5,228,205
2024-11-12 08:26:00,50.0,49.7,228,206
2024-11-12 08:28:00,49.9,49.8,228,202
2024-11-12 08:30:00,50.1,49.7,223,197
2024-11-12 08:32:00,50.0,49.6,228,201
2024-11-12 08:34:00,50,49.5,228,207
2024-11-12 08:36:00,49.8,49.7,228,209
2024-11-12 08:38:00,49.9,49.5,228,211
2024-11-12 08:40:00,49.9,49.6,228,211
2024-11-12 08:42:00,50.0,49.5,228,206
2024-11-12 08:44:00,50.0,49.6,228,201
2024-11-12 08:46:00,50.1,49.9,228,207
2024-11-12 08:48:00,50.0,49.6,228,207
2024-11-12 08:50:00,49.8,49.6,228,199
2024-11-12 08:52:00,50.0,49.6,228,203
2024-11-12 08:54:00,50.1,49.6,228,197
2024-11-12 08:56:00,49.8,49.6,228,199
2024-11-12 08:58:00,50.0,49.8,227,199
2024-11-12 09:00:00,50.0,49.3,228,200
2024-11-12 09:02:00,49.7,49.3,228,194
2024-11-12 09:04:00,50.0,49.7,228,197
2024-11-12 09:06:00,49.9,50.1,228,205
2024-11-12 09:08:00,50.0,49.6,227,199
2024-11-12 09:10:00,49.9,49.4,228,199
2024-11-12 09:12:00,50.0,49.8,227,196
2024-11-12 09:14:00,50.0,49.3,228,195
2024-11-12 09:16:00,49.9,49.1,228,195
2024-11-12 09:18:00,49.8,49.1,228,198
2024-11-12 09:20:00,50.0,49.4,228,197
2024-11-12 09:22:00,50.2,49.1,227,201
2024-11-12 09:24:00,50.0,49.5,228,197
2024-11-12 09:26:00,49.9,49.5,227,199
2024-11-12 09:28:00,50.3,49.4,227,197
2024-11-12 09:30:00,49.9,49.3,227,199
2024-11-12 09:32:00,50.0,49.3,227,200
2024-11-12 09:34:00,50.1,49.3,227,197
2024-11-12 09:36:00,49.9,49.2,231,192
2024-11-12 09:38:00,49.9,49.2,231,197
2024-11-12 09:40:00,50.0,49.6,231,197
2024-11-12 09:42:00,50.0,49.5,231,191
2024-11-12 09:44:00,50.3,49.5,231,194
2024-11-12 09:46:00,49.9,49.5,231,197
2024-11-12 09:48:00,50.1,49.3,231,202
2024-11-12 09:50:00,49.9,49.5,231,201
2024-11-12 09:52:00,49.9,49.2,231,197
2024-11-12 09:54:00,50.0,49.5,231,199
2024-11-12 09:56:00,49.9,49.2,231,195
2024-11-12 09:58:00,50.0,49.2,231,194
2024-11-12 10:00:00,50.0,49.2,230,193
2024-11-12 10:02:00,49.9,49.1,231,187
2024-11-12 10:04:00,50.2,49.5,231,193
2024-11-12 10:06:00,50.0,49.6,231,195
2024-11-12 10:08:00,50.1,49.5,231,196
2024-11-12 10:10:00,49.9,49.4,231,190
2024-11-12 10:12:00,50.1,49.3,231,197
2024-11-12 10:14:00,50.0,48.9,231,200
2024-11-12 10:16:00,50.0,49.6,231,205
2024-11-12 10:18:00,49.9,49.3,231,199
2024-11-12 10:20:00,50.1,49.5,231,199
2024-11-12 10:22:00,49.9,49.6,231,199
2024-11-12 10:24:00,50.0,49.7,231,189
2024-11-12 10:26:00,49.8,49.2,231,192
2024-11-12 10:28:00,49.8,49.3,231,190
2024-11-12 10:30:00,50.0,49.3,231,194
2024-11-12 10:32:00,49.9,49.4,231,199
2024-11-12 10:34:00,49.8,49.3,231,201
2024-11-12 10:36:00,50.0,49.3,231,199
2024-11-12 10:38:00,50.1,49.5,231,197
2024-11-12 10:40:00,50.0,49.5,231,202
2024-11-12 10:42:00,49.7,49.6,231,200
2024-11-12 10:44:00,49.8,49.7,232,198
2024-11-12 10:46:00,49.9,49.4,231,200
2024-11-12 10:48:00,49.8,49.5,231,201
2024-11-12 10:50:00,50.0,49.5,231,204
2024-11-12 10:52:00,49.8,49.2,231,199
2024-11-12 10:54:00,50.2,49.6,231,204
2024-11-12 10:56:00,50.0,49.7,231,204
2024-11-12 10:58:00,49.9,49.7,231,200
2024-11-12 11:00:00,49.7,49.3,231,204
2024-11-12 11:02:00,50.1,49.4,230,197
2024-11-12 11:04:00,49.9,49.4,231,202
2024-11-12 11:06:00,50.2,49.5,231,201
2024-11-12 11:08:00,50.1,49.1,231,200
2024-11-12 11:10:00,50.1,49.1,231,197
2024-11-12 11:12:00,49.9,49.1,231,199
2024-11-12 11:14:00,50.0,49.2,231,197
2024-11-12 11:16:00,49.8,49.5,231,202
2024-11-12 11:18:00,50.0,49.3,231,197
2024-11-12 11:20:00,50.1,49.1,231,204
2024-11-12 11:22:00,49.9,49.3,231,201
2024-11-12 11:24:00,50.1,49.4,231,199
2024-11-12 11:26:00,49.9,49.1,231,197
2024-11-12 11:28:00,50.0,49.1,230,197
2024-11-12 11:30:00,50.1,49.2,231,192
2024-11-12 11:32:00,50.0,49.7,231,195
2024-11-12 11:34:00,50.0,49.3,231,196
2024-11-12 11:36:00,50.1,49.6,231,196
2024-11-12 11:38:00,50.1,49.3,231,197
2024-11-12 11:40:00,50.0,49.4,231,195
2024-11-12 11:42:00,49.9,49.6,231,194
2024-11-12 11:44:00,50.1,49.3,231,192
2024-11-12 11:46:00,50.1,49.5,231,195
2024-11-12 11:48:00,50.2,49.1,231,187
2024-11-12 11:50:00,49.9,49.4,231,186
2024-11-12 11:52:00,49.9,49.3,231,195
2024-11-12 11:54:00,49.9,49.6,231,194
2024-11-12 11:56:00,50.0,49.5,231,194
2024-11-12 11:58:00,50.0,49.4,231,197
2024-11-12 12:00:00,50.0,49.7,231,195
2024-11-12 12:02:00,49.9,49.5,231,193
2024-11-12 12:04:00,50.1,49.6,231,190
2024-11-12 12:06:00,49.9,49.2,231,189
2024-11-12 12:08:00,50.2,49.3,231,194
2024-11-12 12:10:00,49.8,49.5,231,194
2024-11-12 12:12:00,50.1,49.2,231,194
2024-11-12 12:14:00,50.0,49.4,231,192
2024-11-12 12:16:00,50.0,49.7,231,192
2024-11-12 12:18:00,49.9,49.4,231,190
2024-11-12 12:20:00,50.0,49.8,231,192
2024-11-12 12:22:00,50.1,49.7,231,198
2024-11-12 12:24:00,50.1,49.4,231,193
2024-11-12 12:26:00,50.0,49.5,231,198
2024-11-12 12:28:00,50.0,49.3,231,194
2024-11-12 12:30:00,50.1,49.1,231,195
2024-11-12 12:32:00,50.0,49.4,231,192
2024-11-12 12:34:00,50.0,49.2,231,190
2024-11-12 12:36:00,49.8,49.4,231,188
2024-11-12 12:38:00,49.9,49.6,231,194
2024-11-12 12:40:00,50.2,49.5,228,194
2024-11-12 12:42:00,50.0,49.6,228,194
2024-11-12 12:44:00,50.0,49.6,231,190
2024-11-12 12:46:00,50.0,49.5,231,194
2024-11-12 12:48:00,50.0,49.3,231,189
2024-11-12 12:50:00,50.0,56.1,231,232
2024-11-12 12:52:00,49.8,55.9,231,233
2024-11-12 12:54:00,50.1,55.0,231,232
2024-11-12 12:56:00,49.9,55.2,231,233
2024-11-12 12:58:00,49.9,53.9,231,236
2024-11-12 13:00:00,50.0,52.2,231,228
2024-11-12 13:02:00,50.0,51.7,231,231
2024-11-12 13:04:00,49.9,52.6,231,234
2024-11-12 13:06:00,49.9,54.0,231,236
2024-11-12 13:08:00,50.1,51.6,231,233
2024-11-12 13:10:00,50.1,51.8,231,236
2024-11-12 13:12:00,49.9,52.0,231,235
2024-11-12 13:14:00,50.0,51.5,231,236
2024-11-12 13:16:00,50.1,52.0,231,233
2024-11-12 13:18:00,50.0,52.0,231,231
2024-11-12 13:20:00,50.1,51.9,231,231
2024-11-12 13:22:00,49.9,52.0,231,240
2024-11-12 13:24:00,50.1,51.7,231,236
2024-11-12 13:26:00,49.8,52.0,231,238
2024-11-12 13:28:00,50.0,52.2,231,236
2024-11-12 13:30:00,49.9,51.8,231,236
2024-11-12 13:32:00,50.1,51.7,231,235
2024-11-12 13:34:00,49.8,51.2,231,235
2024-11-12 13:36:00,49.8,51.4,231,236
2024-11-12 13:38:00,50.0,51.3,231,236
2024-11-12 13:40:00,50.0,51.6,231,236
2024-11-12 13:42:00,49.9,51.9,227,237
2024-11-12 13:44:00,50.0,51.6,227,238
2024-11-12 13:46:00,50.0,51.2,227,236
2024-11-12 13:48:00,50.0,51.3,227,231
2024-11-12 13:50:00,49.9,51.4,227,234
2024-11-12 13:52:00,50.0,51.3,227,232
2024-11-12 13:54:00,49.8,51.9,227,234
2024-11-12 13:56:00,50.1,51.2,227,230
2024-11-12 13:58:00,50.1,51.5,227,235
2024-11-12 14:00:00,50.0,51.2,228,236
2024-11-12 14:02:00,49.9,51.3,227,238
2024-11-12 14:04:00,50.1,51.0,228,238
2024-11-12 14:06:00,50.0,51.4,227,236
2024-11-12 14:08:00,49.9,51.0,227,235
2024-11-12 14:10:00,49.9,51.0,228,233
2024-11-12 14:12:00,50.1,51.0,228,231
2024-11-12 14:14:00,50.0,50.9,228,230
2024-11-12 14:16:00,49.8,50.9,228,234
2024-11-12 14:18:00,50.2,51.2,228,236
2024-11-12 14:20:00,50.0,51.0,228,236
2024-11-12 14:22:00,49.8,51.3,228,234
2024-11-12 14:24:00,50.0,51.2,228,232
2024-11-12 14:26:00,50,51.1,228,236
2024-11-12 14:28:00,50.0,50.9,228,231
2024-11-12 14:30:00,50.2,50.9,228,233
2024-11-12 14:32:00,50.0,50.8,228,238
2024-11-12 14:34:00,49.9,51.2,228,240
2024-11-12 14:36:00,50.1,51.3,228,235
2024-11-12 14:38:00,50.0,51.0,228,236
2024-11-12 14:40:00,49.8,51.2,228,232
2024-11-12 14:42:00,49.9,50.7,228,236
2024-11-12 14:44:00,49.9,50.8,228,234
2024-11-12 14:46:00,49.9,51.0,228,238
2024-11-12 14:48:00,49.8,50.9,231,238
2024-11-12 14:50:00,50.0,50.7,231,238
2024-11-12 14:52:00,50.1,50.8,231,239
2024-11-12 14:54:00,50.2,50.7,231,238
2024-11-12 14:56:00,50.1,51.2,231,236
2024-11-12 14:58:00,49.9,51.0,231,237
2024-11-12 15:00:00,49.8,50.7,231,234
2024-11-12 15:02:00,49.9,50.9,231,234
2024-11-12 15:04:00,50.0,51.1,231,233
2024-11-12 15:06:00,50.1,50.9,231,234
2024-11-12 15:08:00,50.0,50.5,231,230
2024-11-12 15:10:00,49.9,50.7,231,233
2024-11-12 15:12:00,49.9,50.8,231,233
2024-11-12 15:14:00,49.8,51.2,231,232
2024-11-12 15:16:00,50.0,51.2,231,234
2024-11-12 15:18:00,50.1,50.8,227,230
2024-11-12 15:20:00,49.9,51.1,228,233
2024-11-12 15:22:00,49.8,51.4,227,228
2024-11-12 15:24:00,50.0,51.1,228,233
2024-11-12 15:26:00,50.0,51.1,227,233
2024-11-12 15:28:00,50.0,51.4,228,231
2024-11-12 15:30:00,49.9,51.9,228,229
2024-11-12 15:32:00,50.0,51.5,228,229
2024-11-12 15:34:00,50.1,51.9,227,226
2024-11-12 15:36:00,49.9,51.7,228,229
2024-11-12 15:38:00,49.9,49.6,228,195
2024-11-12 15:40:00,50.0,49.8,228,198
2024-11-12 15:42:00,50.0,49.3,227,199
2024-11-12 15:44:00,49.9,49.5,228,192
2024-11-12 15:46:00,50.0,49.7,228,200
2024-11-12 15:48:00,49.9,49.2,228,195
2024-11-12 15:50:00,50.2,49.1,228,197
2024-11-12 15:52:00,49.9,49.3,228,194
2024-11-12 15:54:00,50.0,49.6,228,187
2024-11-12 15:56:00,49.7,49.3,228,191
2024-11-12 15:58:00,49.9,49.5,228,192
2024-11-12 16:00:00,49.9,49.5,228,193
2024-11-12 16:02:00,50.1,49.7,228,192
2024-11-12 16:04:00,50.2,49.8,228,188
2024-11-12 16:06:00,49.9,49.4,228,192
2024-11-12 16:08:00,50.0,49.7,228,188
2024-11-12 16:10:00,49.9,49.7,228,190
2024-11-12 16:12:00,50.0,49.1,228,186
2024-11-12 16:14:00,50.0,49.3,228,188
2024-11-12 16:16:00,49.9,49.5,228,189
2024-11-12 16:18:00,50.0,49.6,228,192
2024-11-12 16:20:00,49.9,49.5,228,190
2024-11-12 16:22:00,49.9,49.8,228,191
2024-11-12 16:24:00,50.0,49.8,227,192
2024-11-12 16:26:00,49.9,49.4,228,187
2024-11-12 16:28:00,50.0,49.1,228,189
2024-11-12 16:30:00,50.1,49.3,228,192
2024-11-12 16:32:00,50.1,49.4,228,186
2024-11-12 16:34:00,49.8,49.0,228,187
2024-11-12 16:36:00,49.9,49.4,228,188
2024-11-12 16:38:00,50.1,49.6,228,187
2024-11-12 16:40:00,49.9,49.6,228,197
2024-11-12 16:42:00,50.0,49.3,227,187
2024-11-12 16:44:00,50.0,49.8,228,196
2024-11-12 16:46:00,50.0,49.5,228,195
2024-11-12 16:48:00,50.0,49.3,228,194
2024-11-12 16:50:00,50.1,49.2,228,195
2024-11-12 16:52:00,50.0,49.3,228,192
2024-11-12 16:54:00,50.1,49.3,228,188
2024-11-12 16:56:00,49.8,49.4,228,189
2024-11-12 16:58:00,50.0,49.5,228,190
2024-11-12 17:00:00,49.7,49.3,228,187
2024-11-12 17:02:00,50.0,49.4,227,197
2024-11-12 17:04:00,49.9,51.9,228,204
2024-11-12 17:06:00,50.1,49.6,227,192
2024-11-12 17:08:00,50.0,49.8,227,193
2024-11-12 17:10:00,50.0,49.9,227,193
2024-11-12 17:12:00,49.9,49.7,228,192
2024-11-12 17:14:00,50.0,49.8,228,200
2024-11-12 17:16:00,50,49.9,227,200
2024-11-12 17:18:00,50.0,49.6,228,194
2024-11-12 17:20:00,50.0,49.5,227,196
2024-11-12 17:22:00,50.0,49.8,228,199
2024-11-12 17:24:00,49.8,49.6,228,197
2024-11-12 17:26:00,49.9,49.7,228,192
2024-11-12 17:28:00,50.0,49.9,228,194
2024-11-12 17:30:00,50.1,49.8,227,196
2024-11-12 17:32:00,49.8,49.7,227,197
2024-11-12 17:34:00,50.0,49.8,227,192
2024-11-12 17:36:00,49.8,49.2,227,187
2024-11-12 17:38:00,49.7,49.2,228,188
2024-11-12 17:40:00,50.0,49.3,228,194
2024-11-12 17:42:00,49.9,49.4,228,190
2024-11-12 17:44:00,50.0,49.3,228,192
2024-11-12 17:46:00,49.8,49.6,227,190
2024-11-12 17:48:00,50.0,49.6,228,194
2024-11-12 17:50:00,50.1,49.7,228,196
2024-11-12 17:52:00,50.0,49.7,227,190
2024-11-12 17:54:00,50.0,49.5,228,192
2024-11-12 17:56:00,50.1,49.4,228,190
2024-11-12 17:58:00,49.9,50.0,227,186
2024-11-12 18:00:00,50.0,49.6,227,179
2024-11-12 18:02:00,49.8,49.7,228,182
2024-11-12 18:04:00,49.8,49.5,227,182
2024-11-12 18:06:00,49.9,49.4,228,182
2024-11-12 18:08:00,50.0,49.4,227,180
2024-11-12 18:10:00,49.9,49.6,227,179
2024-11-12 18:12:00,50.1,49.6,227,180
2024-11-12 18:14:00,49.9,49.3,227,179
2024-11-12 18:16:00,49.9,49.5,227,178
2024-11-12 18:18:00,49.8,49.6,227,183
2024-11-12 18:20:00,49.7,49.4,227,182
2024-11-12 18:22:00,50.0,49.6,227,176
2024-11-12 18:24:00,50.0,49.5,227,178
2024-11-12 18:26:00,50.0,49.4,227,177
2024-11-12 18:28:00,50.1,49.6,227,175
2024-11-12 18:30:00,50.0,49.2,227,182
2024-11-12 18:32:00,49.9,49.2,227,175
2024-11-12 18:34:00,49.9,49.3,227,176
2024-11-12 18:36:00,50.3,49.3,227,178
2024-11-12 18:38:00,50.1,48.9,227,179
2024-11-12 18:40:00,50.0,49.0,227,183
2024-11-12 18:42:00,50.1,49.3,227,182
2024-11-12 18:44:00,49.9,49.3,227,180
2024-11-12 18:46:00,49.9,49.3,227,179
2024-11-12 18:48:00,49.8,49.3,227,180
2024-11-12 18:50:00,50.0,49.4,227,178
2024-11-12 18:52:00,49.9,49.4,227,180
2024-11-12 18:54:00,50.0,49.5,227,181
2024-11-12 18:56:00,49.8,49.2,227,182
2024-11-12 18:58:00,49.8,49.3,227,179
2024-11-12 19:00:00,49.9,49.1,227,181
2024-11-12 19:02:00,50.1,49.5,227,185
2024-11-12 19:04:00,50.0,49.2,227,183
2024-11-12 19:06:00,50.1,49.5,227,183
2024-11-12 19:08:00,50.0,49.3,227,185
2024-11-12 19:10:00,50.1,49.1,227,182
2024-11-12 19:12:00,49.8,49.6,227,178
2024-11-12 19:14:00,50.0,49.5,227,180
2024-11-12 19:16:00,50.0,49.2,227,182
2024-11-12 19:18:00,50.0,48.5,227,182
2024-11-12 19:20:00,50.0,48.8,228,187
2024-11-12 19:22:00,50.1,49.5,227,187
2024-11-12 19:24:00,49.9,49.3,228,186
2024-11-12 19:26:00,49.8,49.5,228,187
2024-11-12 19:28:00,50.0,49.3,228,185
2024-11-12 19:30:00,49.8,49.4,228,185
2024-11-12 19:32:00,50.0,49.4,227,182
2024-11-12 19:34:00,49.9,49.1,227,182
2024-11-12 19:36:00,50.0,49.2,228,182
2024-11-12 19:38:00,49.8,49.3,228,186
2024-11-12 19:40:00,50.1,49.4,228,186
2024-11-12 19:42:00,50.2,49.7,228,187
2024-11-12 19:44:00,50.0,49.4,228,185
2024-11-12 19:46:00,49.9,49.5,227,188
2024-11-12 19:48:00,49.9,49.6,227,190
2024-11-12 19:50:00,50.0,49.5,227,190
2024-11-12 19:52:00,49.8,50.0,227,187
2024-11-12 19:54:00,49.8,49.3,227,185
2024-11-12 19:56:00,49.8,49.8,227,189
2024-11-12 19:58:00,50.0,49.5,227,181
2024-11-12 20:00:00,50.1,49.5,227,180
2024-11-12 20:02:00,49.9,49.3,227,180
2024-11-12 20:04:00,49.8,49.2,227,180
2024-11-12 20:06:00,50.1,49.3,227,181
2024-11-12 20:08:00,50.0,49.2,227,182
2024-11-12 20:10:00,50.0,49.6,227,180
2024-11-12 20:12:00,50.0,49.4,227,181
2024-11-12 20:14:00,49.9,49.6,227,182
2024-11-12 20:16:00,50.0,49.5,227,180
2024-11-12 20:18:00,49.8,49.6,227,182
2024-11-12 20:20:00,50.0,49.8,227,187
2024-11-12 20:22:00,50.0,49.3,227,187
2024-11-12 20:24:00,50.1,49.4,227,189
2024-11-12 20:26:00,50.0,49.7,227,186
2024-11-12 20:28:00,49.8,49.5,232,187
2024-11-12 20:30:00,50.1,49.7,232,188
2024-11-12 20:32:00,50.0,49.3,232,185
2024-11-12 20:34:00,50.1,49.5,231,187
2024-11-12 20:36:00,50.0,49.7,231,192
2024-11-12 20:38:00,49.9,49.8,231,191
2024-11-12 20:40:00,49.8,49.9,231,192
2024-11-12 20:42:00,50.0,49.9,231,192
2024-11-12 20:44:00,49.8,49.6,231,192
2024-11-12 20:46:00,50.0,50.0,231,194
2024-11-12 20:48:00,49.9,49.7,231,191
2024-11-12 20:50:00,49.9,49.9,231,190
2024-11-12 20:52:00,49.7,49.8,231,192
2024-11-12 20:54:00,49.9,49.5,231,190
2024-11-12 20:56:00,49.9,49.6,231,193
2024-11-12 20:58:00,50.1,49.8,231,192
2024-11-12 21:00:00,49.9,49.5,231,192
2024-11-12 21:02:00,50.0,49.8,231,193
2024-11-12 21:04:00,50.0,5618,231,19.1
2024-11-12 21:06:00,49.8,3279,231,0
2024-11-12 21:08:00,50.1,4926,231,0
2024-11-12 21:10:00,50.0,4329,231,0
2024-11-12 21:12:00,50.0,3289,231,0
2024-11-12 21:14:00,49.9,7874,231,0
2024-11-12 21:16:00,50.0,3906,231,0
2024-11-12 21:18:00,50.1,9804,231,0
2024-11-12 21:20:00,50.0,6536,231,0
2024-11-12 21:22:00,50.1,6369,231,0
2024-11-12 21:24:00,50.0,49.8,231,195
2024-11-12 21:26:00,49.9,49.8,231,196
2024-11-12 21:28:00,50.0,49.7,231,197
2024-11-12 21:30:00,49.8,50.0,231,197
2024-11-12 21:32:00,49.9,49.9,231,198
2024-11-12 21:34:00,49.8,50.2,231,199
2024-11-12 21:36:00,49.9,50.0,231,199
2024-11-12 21:38:00,50.0,50.3,231,199
2024-11-12 21:40:00,50.0,50.1,231,199
2024-11-12 21:42:00,50.0,50.2,231,200
2024-11-12 21:44:00,50.0,49.9,231,199
2024-11-12 21:46:00,50.1,49.8,231,199
2024-11-12 21:48:00,49.9,49.9,231,202
2024-11-12 21:50:00,49.9,50.0,232,201
2024-11-12 21:52:00,50.0,50.1,231,200
2024-11-12 21:54:00,50.0,50.3,231,201
2024-11-12 21:56:00,50.1,50.4,231,202
2024-11-12 21:58:00,50.0,50.4,231,204
2024-11-12 22:00:00,49.9,50.2,231,202
2024-11-12 22:02:00,49.9,50.3,231,203
2024-11-12 22:04:00,49.7,50.3,231,204
2024-11-12 22:06:00,50.0,50.1,231,197
2024-11-12 22:08:00,49.7,50.1,231,202
2024-11-12 22:10:00,50.0,49.9,231,198
2024-11-12 22:12:00,50.1,49.8,231,198
2024-11-12 22:14:00,50.1,49.8,231,197
2024-11-12 22:16:00,50.1,50.0,231,202
2024-11-12 22:18:00,50.0,50.0,231,202
2024-11-12 22:20:00,49.9,50.1,231,204
2024-11-12 22:22:00,50.0,49.9,231,207
2024-11-12 22:24:00,50.0,50.2,231,204
2024-11-12 22:26:00,50.0,50.3,231,208
2024-11-12 22:28:00,99.7,50.3,231,204
2024-11-12 22:30:00,50.2,50.4,231,204
2024-11-12 22:32:00,49.9,50.5,231,202
2024-11-12 22:34:00,50.0,50.3,231,201
2024-11-12 22:36:00,49.8,50.3,231,201
2024-11-12 22:38:00,49.8,50.2,231,207
2024-11-12 22:40:00,50.0,50.1,231,209
2024-11-12 22:42:00,49.8,50.0,231,209
2024-11-12 22:44:00,49.9,49.5,231,207
2024-11-12 22:46:00,50.1,49.7,231,209
2024-11-12 22:48:00,50.0,49.6,231,210
2024-11-12 22:50:00,49.9,49.9,231,211
2024-11-12 22:52:00,50.0,49.9,231,209
2024-11-12 22:54:00,49.8,49.8,231,210
2024-11-12 22:56:00,50.0,49.9,231,213
2024-11-12 22:58:00,50.0,49.9,231,212
2024-11-12 23:00:00,49.9,49.7,231,207
2024-11-12 23:02:00,50.2,49.7,231,207
2024-11-12 23:04:00,50.0,49.7,231,211
2024-11-12 23:06:00,50.2,49.6,231,212
2024-11-12 23:08:00,49.8,49.7,231,211
2024-11-12 23:10:00,50.0,49.9,231,211
2024-11-12 23:12:00,50.0,49.7,231,213
2024-11-12 23:14:00,49.8,49.6,231,210
2024-11-12 23:16:00,50.0,49.7,231,214
2024-11-12 23:18:00,50.0,50.2,231,216
2024-11-12 23:20:00,50.0,50.2,231,213
2024-11-12 23:22:00,50.0,50.8,231,221
2024-11-12 23:24:00,50.0,50.0,231,221
2024-11-12 23:26:00,50.0,50.1,231,220
2024-11-12 23:28:00,50.0,50.0,231,217
2024-11-12 23:30:00,49.8,50.0,231,219
2024-11-12 23:32:00,49.8,49.8,231,219
2024-11-12 23:34:00,50.1,49.8,231,216
2024-11-12 23:36:00,50.0,49.9,231,217
2024-11-12 23:38:00,50.0,49.9,231,219
2024-11-12 23:40:00,49.9,50.1,231,221
2024-11-12 23:42:00,50.1,49.8,231,218
2024-11-12 23:44:00,49.9,49.9,231,220
2024-11-12 23:46:00,49.9,50.0,231,221
2024-11-12 23:48:00,49.9,49.8,231,221
2024-11-12 23:50:00,50.0,49.8,231,219
2024-11-12 23:52:00,50.0,49.9,231,220
2024-11-12 23:54:00,50.0,50.3,231,220
2024-11-12 23:56:00,50.0,50.6,231,219
2024-11-12 23:58:00,50.0,50.4,231,221
2024-11-13 00:00:00,50.2,50.6,231,221
2024-11-13 00:02:00,50.0,50.5,231,223
2024-11-13 00:04:00,50.1,50.6,231,221
2024-11-13 00:06:00,49.9,50.5,231,221
2024-11-13 00:08:00,50,50.7,231,223
2024-11-13 00:10:00,49.8,50.7,231,222
2024-11-13 00:12:00,50.1,50.5,231,221
2024-11-13 00:14:00,49.8,50.7,231,223
2024-11-13 00:16:00,49.7,50.6,231,223
2024-11-13 00:18:00,50.0,50.7,231,223
2024-11-13 00:20:00,49.8,50.6,231,221
2024-11-13 00:22:00,50.0,50.2,231,222
2024-11-13 00:24:00,50.1,50.3,231,222
2024-11-13 00:26:00,50.0,50.2,231,222
2024-11-13 00:28:00,49.9,50.2,231,220
2024-11-13 00:30:00,50.0,50.3,231,221
2024-11-13 00:32:00,49.9,50.6,231,223
2024-11-13 00:34:00,50.0,50.8,231,223
2024-11-13 00:36:00,50.1,50.7,231,223
2024-11-13 00:38:00,50.0,50.9,231,223
2024-11-13 00:40:00,49.9,50.8,231,223
2024-11-13 00:42:00,50.0,50.8,231,223
2024-11-13 00:44:00,50.0,50.7,231,225
2024-11-13 00:46:00,49.9,50.7,231,224
2024-11-13 00:48:00,49.9,50.7,231,221
2024-11-13 00:50:00,49.8,50.7,231,222
2024-11-13 00:52:00,50.0,50.8,231,225
2024-11-13 00:54:00,49.9,50.7,231,224
2024-11-13 00:56:00,49.9,50.8,231,221
2024-11-13 00:58:00,50,50.8,231,223
2024-11-13 01:00:00,50.0,51.0,231,225
2024-11-13 01:02:00,49.7,50.9,231,226
2024-11-13 01:04:00,50.0,50.9,231,225
2024-11-13 01:06:00,50.1,50.6,231,221
2024-11-13 01:08:00,50.0,50.9,231,222
2024-11-13 01:10:00,49.9,50.7,231,221
2024-11-13 01:12:00,50.0,50.7,231,219
2024-11-13 01:14:00,49.8,50.5,231,222
2024-11-13 01:16:00,49.8,50.2,231,223
2024-11-13 01:18:00,50.3,50.2,231,223
2024-11-13 01:20:00,50.0,50.2,231,223
2024-11-13 01:22:00,49.9,50.5,231,222
2024-11-13 01:24:00,49.9,50.4,231,223
2024-11-13 01:26:00,49.9,50.8,231,223
2024-11-13 01:28:00,50.0,50.8,231,226
2024-11-13 01:30:00,50.0,50.8,231,223
2024-11-13 01:32:00,50.0,51.0,231,226
2024-11-13 01:34:00,50.0,51.0,231,227
2024-11-13 01:36:00,49.9,50.7,231,226
2024-11-13 01:38:00,50.0,50.6,231,223
2024-11-13 01:40:00,50.1,50.7,231,224
2024-11-13 01:42:00,50,50.4,231,223
2024-11-13 01:44:00,49.9,50.4,231,222
2024-11-13 01:46:00,50.1,50.5,231,221
2024-11-13 01:48:00,50.1,50.9,231,223
2024-11-13 01:50:00,49.9,51.0,231,224
2024-11-13 01:52:00,50.1,50.9,231,223
2024-11-13 01:54:00,50.1,51.1,231,223
2024-11-13 01:56:00,50.0,51.0,231,224
2024-11-13 01:58:00,49.9,50.8,231,224
2024-11-13 02:00:00,50.0,50.6,231,226
2024-11-13 02:02:00,49.7,49.5,231,225
2024-11-13 02:04:00,50.0,49.4,231,223
2024-11-13 02:06:00,50.2,49.5,231,221
2024-11-13 02:08:00,50.0,49.5,231,221
2024-11-13 02:10:00,50.0,49.2,231,219
2024-11-13 02:12:00,50.0,49.6,231,220
2024-11-13 02:14:00,50.0,49.5,231,220
2024-11-13 02:16:00,49.7,49.7,231,221
2024-11-13 02:18:00,49.8,49.6,231,219
2024-11-13 02:20:00,50.0,49.8,231,223
2024-11-13 02:22:00,49.9,50.0,231,222
2024-11-13 02:24:00,50.0,50.1,231,223
2024-11-13 02:26:00,50.1,49.8,231,226
2024-11-13 02:28:00,49.8,49.8,231,223
2024-11-13 02:30:00,49.9,49.4,231,221
2024-11-13 02:32:00,50.0,49.6,231,222
2024-11-13 02:34:00,50.0,49.7,231,222
2024-11-13 02:36:00,50.0,49.6,231,222
2024-11-13 02:38:00,49.9,49.7,231,224
2024-11-13 02:40:00,50.0,49.5,231,223
2024-11-13 02:42:00,50.1,49.8,231,224
2024-11-13 02:44:00,50.0,49.8,231,223
2024-11-13 02:46:00,50.1,50.1,231,224
2024-11-13 02:48:00,50.1,49.6,231,221
2024-11-13 02:50:00,50.0,50.0,231,223
2024-11-13 02:52:00,50.1,49.5,231,223
2024-11-13 02:54:00,50.0,49.4,231,222
2024-11-13 02:56:00,49.9,49.7,231,222
2024-11-13 02:58:00,50.0,49.4,231,222
2024-11-13 03:00:00,50.0,49.4,231,223
2024-11-13 03:02:00,49.9,49.2,231,222
2024-11-13 03:04:00,49.9,49.5,231,224
2024-11-13 03:06:00,49.8,49.8,231,224
2024-11-13 03:08:00,50.0,49.5,231,223
2024-11-13 03:10:00,50.2,49.6,231,221
2024-11-13 03:12:00,49.8,49.5,231,221
2024-11-13 03:14:00,49.9,49.4,231,219
2024-11-13 03:16:00,49.9,49.5,231,222
2024-11-13 03:18:00,49.9,49.6,231,222
2024-11-13 03:20:00,50.0,49.7,231,223
2024-11-13 03:22:00,49.9,49.6,231,222
2024-11-13 03:24:00,49.9,49.5,231,223
2024-11-13 03:26:00,50.0,49.7,231,223
2024-11-13 03:28:00,50.1,49.2,231,221
2024-11-13 03:30:00,50.0,49.3,231,222
2024-11-13 03:32:00,49.9,49.4,231,223
2024-11-13 03:34:00,50.0,49.5,231,223
2024-11-13 03:36:00,50.0,49.6,231,224
2024-11-13 03:38:00,50.0,49.3,231,223
2024-11-13 03:40:00,49.9,49.4,231,222
2024-11-13 03:42:00,50.0,49.5,231,223
2024-11-13 03:44:00,50.0,49.3,231,221
2024-11-13 03:46:00,49.9,49.3,231,223
2024-11-13 03:48:00,50.0,49.1,231,223
2024-11-13 03:50:00,50.0,49.3,231,222
2024-11-13 03:52:00,50.1,49.4,231,221
2024-11-13 03:54:00,50.0,49.6,231,222
2024-11-13 03:56:00,50.0,49.7,231,221
2024-11-13 03:58:00,50.0,49.7,231,221
2024-11-13 04:00:00,50.0,49.6,231,221
2024-11-13 04:02:00,50.0,49.9,231,220
2024-11-13 04:04:00,50.0,49.5,231,221
2024-11-13 04:06:00,50.0,49.8,231,222
2024-11-13 04:08:00,50.0,49.7,231,221
2024-11-13 04:10:00,50.0,49.5,231,219
2024-11-13 04:12:00,49.9,49.6,231,219
2024-11-13 04:14:00,49.9,49.5,231,218
2024-11-13 04:16:00,50.0,49.5,231,220
2024-11-13 04:18:00,49.9,49.3,231,219
2024-11-13 04:20:00,50.1,49.2,231,219
2024-11-13 04:22:00,49.9,49.4,231,219
2024-11-13 04:24:00,50.0,49.3,231,217
2024-11-13 04:26:00,50.2,49.9,231,223
2024-11-13 04:28:00,49.9,49.8,231,219
2024-11-13 04:30:00,50.1,49.9,231,221
2024-11-13 04:32:00,50.2,49.8,231,221
2024-11-13 04:34:00,50.0,49.6,231,223
2024-11-13 04:36:00,49.9,49.6,231,221
2024-11-13 04:38:00,49.8,49.4,231,221
2024-11-13 04:40:00,50.0,49.2,231,221
2024-11-13 04:42:00,50.0,49.2,231,221
2024-11-13 04:44:00,49.9,49.5,231,219
2024-11-13 04:46:00,50.0,49.4,231,218
2024-11-13 04:48:00,49.9,49.2,231,216
2024-11-13 04:50:00,50.0,49.3,231,218
2024-11-13 04:52:00,50.1,49.3,231,221
2024-11-13 04:54:00,49.8,49.5,231,221
2024-11-13 04:56:00,50.1,49.7,231,220
2024-11-13 04:58:00,50.0,49.8,231,219
2024-11-13 05:00:00,49.7,49.9,231,217
2024-11-13 05:02:00,50.0,50.0,231,219
2024-11-13 05:04:00,50.0,50.0,231,220
2024-11-13 05:06:00,50.0,49.9,231,219
2024-11-13 05:08:00,49.8,49.8,231,217
2024-11-13 05:10:00,50.1,49.6,231,216
2024-11-13 05:12:00,50.0,49.5,231,218
2024-11-13 05:14:00,50.1,49.8,231,216
2024-11-13 05:16:00,50.1,49.8,231,216
2024-11-13 05:18:00,49.8,49.7,231,217
2024-11-13 05:20:00,49.9,50.0,231,216
2024-11-13 05:22:00,49.8,49.9,231,211
2024-11-13 05:24:00,50.0,49.8,231,215
2024-11-13 05:26:00,50.1,49.7,231,212
2024-11-13 05:28:00,49.9,49.8,232,212
2024-11-13 05:30:00,50.2,49.8,231,215
2024-11-13 05:32:00,50.0,49.8,231,214
2024-11-13 05:34:00,50.0,49.6,231,214
2024-11-13 05:36:00,50.0,49.8,231,214
2024-11-13 05:38:00,50.0,49.5,231,215
2024-11-13 05:40:00,50.0,49.4,231,211
2024-11-13 05:42:00,49.9,49.8,231,209
2024-11-13 05:44:00,50.1,49.4,231,208
2024-11-13 05:46:00,49.9,49.6,231,206
2024-11-13 05:48:00,50.0,49.5,231,209
2024-11-13 05:50:00,50.0,49.4,231,202
2024-11-13 05:52:00,50.0,49.6,231,202
2024-11-13 05:54:00,49.9,7813,231,0
2024-11-13 05:56:00,50.0,9804,231,0
2024-11-13 05:58:00,50.1,4926,231,0.707
2024-11-13 06:00:00,50.1,5618,231,0
2024-11-13 06:02:00,50.0,3937,231,0
2024-11-13 06:04:00,49.9,3937,231,0
2024-11-13 06:06:00,49.9,3584,231,0
2024-11-13 06:08:00,50.0,49.5,231,207
2024-11-13 06:10:00,49.9,49.6,231,204
2024-11-13 06:12:00,49.9,49.6,231,201
2024-11-13 06:14:00,50.1,49.5,231,203
2024-11-13 06:16:00,49.8,49.4,231,199
2024-11-13 06:18:00,50.2,49.7,231,208
2024-11-13 06:20:00,50.0,49.4,231,206
2024-11-13 06:22:00,50.1,49.6,231,203
2024-11-13 06:24:00,49.8,49.2,231,202
2024-11-13 06:26:00,49.8,49.3,231,207
2024-11-13 06:28:00,50.0,49.4,231,204
2024-11-13 06:30:00,49.8,49.9,231,207
2024-11-13 06:32:00,50.0,49.5,231,207
2024-11-13 06:34:00,49.9,49.9,231,204
2024-11-13 06:36:00,50.1,49.4,231,202
2024-11-13 06:38:00,50.0,49.7,231,207
2024-11-13 06:40:00,50.0,50.2,231,207
2024-11-13 06:42:00,50.1,49.5,231,207
2024-11-13 06:44:00,49.9,49.7,231,212
2024-11-13 06:46:00,50.2,50.3,231,236
2024-11-13 06:48:00,50.0,50.5,231,238
2024-11-13 06:50:00,50.0,50.8,231,239
2024-11-13 06:52:00,49.9,50.7,231,238
2024-11-13 06:54:00,49.9,50.6,231,237
2024-11-13 06:56:00,50.2,50.6,231,236
2024-11-13 06:58:00,50.1,50.8,231,237
2024-11-13 07:00:00,50.0,50.9,231,236
2024-11-13 07:02:00,49.9,50.6,231,236
2024-11-13 07:04:00,50.0,50.7,231,238
2024-11-13 07:06:00,50.1,50.5,231,238
2024-11-13 07:08:00,49.9,50.8,231,238
2024-11-13 07:10:00,50.0,51.0,231,238
2024-11-13 07:12:00,50.0,51.0,231,240
2024-11-13 07:14:00,50.0,50.6,231,240
2024-11-13 07:16:00,50.1,50.9,231,240
2024-11-13 07:18:00,49.9,50.8,231,240
2024-11-13 07:20:00,50.1,50.6,231,239
2024-11-13 07:22:00,50.0,50.5,231,239
2024-11-13 07:24:00,50.0,50.5,231,239
2024-11-13 07:26:00,50.0,50.1,231,236
2024-11-13 07:28:00,50.0,50.3,231,238
2024-11-13 07:30:00,49.8,50.5,231,237
2024-11-13 07:32:00,49.9,50.5,231,237
2024-11-13 07:34:00,50.0,50.7,231,239
2024-11-13 07:36:00,49.9,50.7,231,238
2024-11-13 07:38:00,50.0,51.0,231,238
2024-11-13 07:40:00,50.0,50.7,231,240
2024-11-13 07:42:00,49.9,50.3,231,240
2024-11-13 07:44:00,49.9,50.7,231,241
2024-11-13 07:46:00,50.0,50.7,231,243
2024-11-13 07:48:00,49.8,50.4,231,237
2024-11-13 07:50:00,50.0,50.7,231,239
2024-11-13 07:52:00,50.0,50.7,231,238
2024-11-13 07:54:00,49.9,50.9,231,243
2024-11-13 07:56:00,50.0,49.5,231,205
2024-11-13 07:58:00,50.0,49.4,231,210
2024-11-13 08:00:00,50.0,49.6,231,211
2024-11-13 08:02:00,50.0,49.5,231,212
2024-11-13 08:04:00,50.0,49.9,231,208
2024-11-13 08:06:00,50.0,50.0,231,205
2024-11-13 08:08:00,49.8,49.7,231,203
2024-11-13 08:10:00,50.0,49.6,231,207
2024-11-13 08:12:00,49.9,49.3,231,204
2024-11-13 08:14:00,50.3,49.7,231,198
2024-11-13 08:16:00,50.0,49.5,231,197
2024-11-13 08:18:00,50.0,49.8,228,201
2024-11-13 08:20:00,50.0,49.7,228,205
2024-11-13 08:22:00,50.0,49.9,227,199
2024-11-13 08:24:00,50.0,49.5,228,200
2024-11-13 08:26:00,49.8,49.6,228,199
2024-11-13 08:28:00,49.9,49.7,228,197
2024-11-13 08:30:00,50.0,49.7,228,190
2024-11-13 08:32:00,50.2,49.5,228,197
2024-11-13 08:34:00,50.0,49.4,228,199
2024-11-13 08:36:00,49.9,49.6,228,200
2024-11-13 08:38:00,50.0,49.6,228,198
2024-11-13 08:40:00,50.0,49.7,228,200
2024-11-13 08:42:00,50.1,49.4,228,201
2024-11-13 08:44:00,50.0,49.4,228,198
2024-11-13 08:46:00,50.0,49.3,228,196
2024-11-13 08:48:00,49.9,49.5,228,199
2024-11-13 08:50:00,50.0,49.7,228,199
2024-11-13 08:52:00,50.0,49.4,228,194
2024-11-13 08:54:00,49.8,49.3,228,200
2024-11-13 08:56:00,50.0,49.5,228,199
2024-11-13 08:58:00,50.1,49.8,227,195
2024-11-13 09:00:00,50.0,49.6,228,197
2024-11-13 09:02:00,50.0,49.4,228,197
2024-11-13 09:04:00,50.1,49.4,228,196
2024-11-13 09:06:00,50.1,49.4,228,201
2024-11-13 09:08:00,49.8,49.6,228,205
2024-11-13 09:10:00,49.9,49.6,228,200
2024-11-13 09:12:00,50.0,49.6,228,203
2024-11-13 09:14:00,49.9,49.4,228,201
2024-11-13 09:16:00,50.0,49.7,227,196
2024-11-13 09:18:00,49.9,49.7,228,204
2024-11-13 09:20:00,49.7,49.5,227,198
2024-11-13 09:22:00,49.9,49.3,228,200
2024-11-13 09:24:00,50.0,49.5,228,195
2024-11-13 09:26:00,50.0,49.5,227,197
2024-11-13 09:28:00,50.0,49.7,228,202
2024-11-13 09:30:00,50.0,49.8,228,204
2024-11-13 09:32:00,50.0,49.8,228,200
2024-11-13 09:34:00,50.1,49.5,228,194
2024-11-13 09:36:00,50.0,49.5,227,195
2024-11-13 09:38:00,49.9,49.4,228,199
2024-11-13 09:40:00,50.0,49.7,227,193
2024-11-13 09:42:00,49.7,49.7,228,195
2024-11-13 09:44:00,50.0,49.4,228,197
2024-11-13 09:46:00,49.9,49.6,228,199
2024-11-13 09:48:00,50.0,49.6,228,200
2024-11-13 09:50:00,50.0,49.6,228,201
2024-11-13 09:52:00,49.8,50.0,228,200
2024-11-13 09:54:00,50.0,49.9,228,198
2024-11-13 09:56:00,50.0,49.5,228,201
2024-11-13 09:58:00,50.0,49.5,228,199
2024-11-13 10:00:00,50.0,49.1,228,198
2024-11-13 10:02:00,50.0,49.3,228,201
2024-11-13 10:04:00,50.0,49.6,228,194
2024-11-13 10:06:00,49.9,49.3,228,184
2024-11-13 10:08:00,49.9,49.3,228,185
2024-11-13 10:10:00,50.0,49.5,228,186
2024-11-13 10:12:00,50.1,49.6,228,193
2024-11-13 10:14:00,49.9,49.6,228,189
2024-11-13 10:16:00,49.9,49.8,228,192
2024-11-13 10:18:00,50.1,49.8,228,195
2024-11-13 10:20:00,50.0,49.6,228,195
2024-11-13 10:22:00,50.2,49.3,228,192
2024-11-13 10:24:00,50.0,49.5,228,194
2024-11-13 10:26:00,49.8,49.4,228,196
2024-11-13 10:28:00,50.0,49.4,228,198
2024-11-13 10:30:00,50.0,49.5,228,198
2024-11-13 10:32:00,50.0,49.4,228,195
2024-11-13 10:34:00,49.9,49.4,228,197
2024-11-13 10:36:00,50.0,49.7,228,184
2024-11-13 10:38:00,50.1,49.6,228,185
2024-11-13 10:40:00,49.9,49.2,228,178
2024-11-13 10:42:00,49.8,49.3,228,182
2024-11-13 10:44:00,50.0,49.4,228,182
2024-11-13 10:46:00,50.0,49.8,228,179
2024-11-13 10:48:00,50.0,49.7,227,186
2024-11-13 10:50:00,50.2,49.5,228,192
2024-11-13 10:52:00,49.8,49.5,228,187
2024-11-13 10:54:00,49.9,49.7,227,194
2024-11-13 10:56:00,50.1,49.9,228,199
2024-11-13 10:58:00,50.1,49.9,231,193
2024-11-13 11:00:00,50.1,49.8,231,192
2024-11-13 11:02:00,50.1,49.8,231,197
2024-11-13 11:04:00,50.0,49.5,231,192
2024-11-13 11:06:00,49.9,49.5,231,187
2024-11-13 11:08:00,50.0,49.7,231,198
2024-11-13 11:10:00,50.1,49.5,231,187
2024-11-13 11:12:00,49.9,49.3,231,192
2024-11-13 11:14:00,49.9,49.3,231,191
2024-11-13 11:16:00,50.0,49.2,231,186
2024-11-13 11:18:00,50.0,49.0,231,188
2024-11-13 11:20:00,50.1,49.4,231,182
2024-11-13 11:22:00,50.1,48.8,231,185
2024-11-13 11:24:00,49.7,49.3,231,187
2024-11-13 11:26:00,50.0,49.5,231,185
2024-11-13 11:28:00,50.0,49.7,231,188
2024-11-13 11:30:00,49.8,49.6,231,194
2024-11-13 11:32:00,50.0,49.5,231,196
2024-11-13 11:34:00,50.0,49.6,231,197
2024-11-13 11:36:00,50.0,49.4,231,197
2024-11-13 11:38:00,50.0,49.3,231,196
2024-11-13 11:40:00,49.9,49.1,231,193
2024-11-13 11:42:00,49.9,49.4,231,197
2024-11-13 11:44:00,49.8,49.4,231,199
2024-11-13 11:46:00,50.0,49.5,231,194
2024-11-13 11:48:00,50.0,49.1,231,194
2024-11-13 11:50:00,50.0,49.3,231,191
2024-11-13 11:52:00,49.8,49.2,231,192
2024-11-13 11:54:00,50.2,49.2,231,192
2024-11-13 11:56:00,50.0,49.3,231,194
2024-11-13 11:58:00,50.0,49.3,231,192
2024-11-13 12:00:00,49.9,49.5,231,196
2024-11-13 12:02:00,50.2,49.4,231,192
2024-11-13 12:04:00,50.0,49.5,231,187
2024-11-13 12:06:00,49.8,49.7,231,189
2024-11-13 12:08:00,50.0,49.2,231,194
2024-11-13 12:10:00,50.0,49.3,231,192
2024-11-13 12:12:00,49.9,49.5,231,194
2024-11-13 12:14:00,50.0,49.8,231,196
2024-11-13 12:16:00,50.0,49.6,231,191
2024-11-13 12:18:00,50.0,49.5,231,196
2024-11-13 12:20:00,50.1,49.7,231,196
2024-11-13 12:22:00,50.0,49.6,231,195
2024-11-13 12:24:00,49.9,49.4,231,196
2024-11-13 12:26:00,49.9,49.3,231,195
2024-11-13 12:28:00,49.9,49.3,231,191
2024-11-13 12:30:00,49.9,49.4,231,192
2024-11-13 12:32:00,50.0,49.7,231,193
2024-11-13 12:34:00,50.1,49.5,231,190
2024-11-13 12:36:00,50.0,49.1,231,192
2024-11-13 12:38:00,50.0,49.2,231,190
2024-11-13 12:40:00,50.1,49.7,231,194
2024-11-13 12:42:00,49.8,49.1,231,194
2024-11-13 12:44:00,50.2,49.3,231,195
2024-11-13 12:46:00,50.0,49.3,231,190
2024-11-13 12:48:00,50.0,49.3,231,193
2024-11-13 12:50:00,49.9,49.5,231,192
2024-11-13 12:52:00,49.9,49.5,231,189
2024-11-13 12:54:00,50.1,49.7,231,194
2024-11-13 12:56:00,50.0,49.6,231,192
2024-11-13 12:58:00,50.0,49.5,231,199
2024-11-13 13:00:00,49.8,49.7,231,194
2024-11-13 13:02:00,50.1,49.5,231,192
2024-11-13 13:04:00,50.0,49.7,231,190
2024-11-13 13:06:00,50.2,49.6,231,188
2024-11-13 13:08:00,49.8,49.8,231,189
2024-11-13 13:10:00,49.9,49.4,231,187
2024-11-13 13:12:00,49.9,49.2,231,187
2024-11-13 13:14:00,50.0,49.5,231,192
2024-11-13 13:16:00,50.0,49.4,231,197
2024-11-13 13:18:00,49.8,49.5,231,193
2024-11-13 13:20:00,50.0,49.7,231,193
2024-11-13 13:22:00,49.9,49.7,231,187
2024-11-13 13:24:00,50.0,49.0,231,189
2024-11-13 13:26:00,50.0,49.1,231,190
2024-11-13 13:28:00,49.9,49.8,231,193
2024-11-13 13:30:00,49.9,49.5,231,189
2024-11-13 13:32:00,50.2,49.6,231,185
2024-11-13 13:34:00,50.1,49.1,231,186
2024-11-13 13:36:00,50.0,49.3,231,187
2024-11-13 13:38:00,50.0,49.2,231,191
2024-11-13 13:40:00,50.0,49.3,231,193
2024-11-13 13:42:00,49.9,49.3,231,192
2024-11-13 13:44:00,50.0,49.6,231,194
2024-11-13 13:46:00,50.0,49.1,231,190
2024-11-13 13:48:00,49.9,49.3,231,192
2024-11-13 13:50:00,49.9,49.3,231,196
2024-11-13 13:52:00,49.9,49.3,231,187
2024-11-13 13:54:00,49.9,49.1,231,187
2024-11-13 13:56:00,50.0,2463,231,0
2024-11-13 13:58:00,50.0,5618,231,0
2024-11-13 14:00:00,50.0,50.5,231,236
2024-11-13 14:02:00,50.0,49.7,231,198
2024-11-13 14:04:00,50.0,49.3,231,189
2024-11-13 14:06:00,50.1,49.3,231,196
2024-11-13 14:08:00,49.9,49.7,231,194
2024-11-13 14:10:00,50.0,49.8,231,194
2024-11-13 14:12:00,49.8,49.4,230,193
2024-11-13 14:14:00,49.9,49.3,231,196
2024-11-13 14:16:00,50,49.4,231,200
2024-11-13 14:18:00,49.7,49.6,231,196
2024-11-13 14:20:00,50.2,49.7,231,195
2024-11-13 14:22:00,49.7,49.3,231,197
2024-11-13 14:24:00,49.8,49.0,231,190
2024-11-13 14:26:00,49.9,48.9,231,197
2024-11-13 14:28:00,50.0,49.2,231,196
2024-11-13 14:30:00,49.9,49.4,231,196
2024-11-13 14:32:00,50.0,49.1,231,193
2024-11-13 14:34:00,50.0,48.8,231,194
2024-11-13 14:36:00,49.9,48.9,231,194
2024-11-13 14:38:00,49.9,49.2,231,194
2024-11-13 14:40:00,50.0,49.0,231,192
2024-11-13 14:42:00,50.0,49.5,231,195
2024-11-13 14:44:00,50.0,48.9,231,190
2024-11-13 14:46:00,49.9,48.7,231,190
2024-11-13 14:48:00,50.0,49.5,231,198
2024-11-13 14:50:00,49.9,49.5,231,196
2024-11-13 14:52:00,49.9,49.4,231,192
2024-11-13 14:54:00,49.9,49.4,231,190
2024-11-13 14:56:00,49.8,49.3,231,198
2024-11-13 14:58:00,50.1,49.1,231,194
2024-11-13 15:00:00,50.0,49.2,231,192
2024-11-13 15:02:00,50.0,49.3,231,190
2024-11-13 15:04:00,50.0,49.4,231,191
2024-11-13 15:06:00,50.0,49.7,231,194
2024-11-13 15:08:00,50.0,49.0,231,181
2024-11-13 15:10:00,50.0,49.2,231,185
2024-11-13 15:12:00,49.8,48.9,231,189
2024-11-13 15:14:00,49.8,49.0,231,190
2024-11-13 15:16:00,49.9,49.5,231,189
2024-11-13 15:18:00,50.0,49.3,231,189
2024-11-13 15:20:00,50.0,49.3,231,184
2024-11-13 15:22:00,50.1,49.1,231,184
2024-11-13 15:24:00,50.0,49.3,231,191
2024-11-13 15:26:00,49.8,49.5,231,189
2024-11-13 15:28:00,50.0,49.2,231,188
2024-11-13 15:30:00,49.8,49.1,231,182
2024-11-13 15:32:00,50.0,49.2,231,191
2024-11-13 15:34:00,50.1,49.4,231,192
2024-11-13 15:36:00,50.0,49.3,231,185
2024-11-13 15:38:00,49.9,49.2,231,186
2024-11-13 15:40:00,49.8,49.2,231,191
2024-11-13 15:42:00,50.0,49.1,231,185
2024-11-13 15:44:00,50.1,48.8,231,187
2024-11-13 15:46:00,50.0,49.5,231,181
2024-11-13 15:48:00,50.0,49.1,231,182
2024-11-13 15:50:00,49.8,49.4,230,178
2024-11-13 15:52:00,50.1,48.9,230,177
2024-11-13 15:54:00,50.0,49.3,230,182
2024-11-13 15:56:00,50.0,49.5,231,184
2024-11-13 15:58:00,50.0,49.3,227,197
2024-11-13 16:00:00,49.9,49.4,227,191
2024-11-13 16:02:00,50.0,49.6,227,191
2024-11-13 16:04:00,50.1,49.6,227,194
2024-11-13 16:06:00,50.0,49.4,227,192
2024-11-13 16:08:00,50.0,49.6,227,193
2024-11-13 16:10:00,49.9,49.3,227,190
2024-11-13 16:12:00,50.0,49.1,227,190
2024-11-13 16:14:00,49.8,49.5,227,185
2024-11-13 16:16:00,50.0,49.6,227,191
2024-11-13 16:18:00,50.0,49.4,227,194
2024-11-13 16:20:00,50.0,49.1,227,192
2024-11-13 16:22:00,49.8,49.3,227,193
2024-11-13 16:24:00,50.1,49.2,227,196
2024-11-13 16:26:00,50.1,49.3,227,189
2024-11-13 16:28:00,50.0,49.4,227,190
2024-11-13 16:30:00,49.9,49.2,227,190
2024-11-13 16:32:00,49.9,49.5,227,188
2024-11-13 16:34:00,50.1,49.3,227,193
2024-11-13 16:36:00,49.8,49.4,227,193
2024-11-13 16:38:00,50.0,49.4,227,194
2024-11-13 16:40:00,50.0,49.4,227,197
2024-11-13 16:42:00,49.9,49.5,227,190
2024-11-13 16:44:00,50.1,49.3,227,194
2024-11-13 16:46:00,50.0,49.4,227,195
2024-11-13 16:48:00,50.0,49.6,227,197
2024-11-13 16:50:00,49.8,49.4,228,194
2024-11-13 16:52:00,50.0,49.1,227,192
2024-11-13 16:54:00,50.0,49.2,227,197
2024-11-13 16:56:00,49.9,49.0,227,193
2024-11-13 16:58:00,49.9,48.8,227,197
2024-11-13 17:00:00,49.9,49.0,227,196
2024-11-13 17:02:00,50.2,49.9,227,189
2024-11-13 17:04:00,49.8,49.7,227,195
2024-11-13 17:06:00,49.8,49.6,227,199
2024-11-13 17:08:00,50.1,49.7,227,193
2024-11-13 17:10:00,50.1,49.8,227,194
2024-11-13 17:12:00,49.9,49.8,228,193
2024-11-13 17:14:00,50.0,49.3,227,196
2024-11-13 17:16:00,50.0,49.4,227,192
2024-11-13 17:18:00,50.0,49.4,227,192
2024-11-13 17:20:00,49.8,49.2,228,190
2024-11-13 17:22:00,50.1,49.3,227,196
2024-11-13 17:24:00,50.0,49.4,228,201
2024-11-13 17:26:00,50.0,49.3,227,203
2024-11-13 17:28:00,50.0,49.4,227,196
2024-11-13 17:30:00,50.1,49.3,228,191
2024-11-13 17:32:00,50.0,49.6,227,192
2024-11-13 17:34:00,50.0,49.4,227,197
2024-11-13 17:36:00,50.0,49.4,227,195
2024-11-13 17:38:00,49.9,49.3,227,198
2024-11-13 17:40:00,50.0,49.4,228,194
2024-11-13 17:42:00,50.0,49.6,227,199
2024-11-13 17:44:00,50.0,49.5,227,192
2024-11-13 17:46:00,50.2,49.4,227,196
2024-11-13 17:48:00,50.0,49.5,227,194
2024-11-13 17:50:00,49.9,49.2,227,185
2024-11-13 17:52:00,49.9,49.5,227,188
2024-11-13 17:54:00,50.0,49.9,227,189
2024-11-13 17:56:00,50.0,49.7,227,183
2024-11-13 17:58:00,50.1,49.9,227,188
2024-11-13 18:00:00,49.9,49.8,227,187
2024-11-13 18:02:00,49.8,50.1,227,182
2024-11-13 18:04:00,49.9,49.6,227,182
2024-11-13 18:06:00,50.0,49.6,227,181
2024-11-13 18:08:00,50.0,49.7,227,173
2024-11-13 18:10:00,49.8,49.3,227,177
2024-11-13 18:12:00,50.1,49.3,227,178
2024-11-13 18:14:00,50.0,49.0,227,180
2024-11-13 18:16:00,50.0,48.9,227,182
2024-11-13 18:18:00,50.0,48.3,227,176
2024-11-13 18:20:00,50.0,49.8,227,178
2024-11-13 18:22:00,50.0,49.5,227,185
2024-11-13 18:24:00,50.1,49.2,227,182
2024-11-13 18:26:00,50.0,49.4,227,182
2024-11-13 18:28:00,49.9,49.3,227,179
2024-11-13 18:30:00,50.0,49.5,227,180
2024-11-13 18:32:00,50.0,49.6,227,180
2024-11-13 18:34:00,50.0,49.6,228,176
2024-11-13 18:36:00,50.1,49.5,228,176
2024-11-13 18:38:00,49.9,49.3,227,176
2024-11-13 18:40:00,50.0,49.5,228,171
2024-11-13 18:42:00,49.9,49.8,227,170
2024-11-13 18:44:00,49.9,49.3,227,170
2024-11-13 18:46:00,50.0,49.4,227,173
2024-11-13 18:48:00,49.8,49.3,227,178
2024-11-13 18:50:00,50.1,49.3,228,175
2024-11-13 18:52:00,49.7,49.6,228,179
2024-11-13 18:54:00,50.0,49.2,227,180
2024-11-13 18:56:00,49.8,49.1,227,185
2024-11-13 18:58:00,50.0,49.5,228,177
2024-11-13 19:00:00,50.1,49.2,227,175
2024-11-13 19:02:00,50.0,49.2,227,178
2024-11-13 19:04:00,50.0,49.3,227,178
2024-11-13 19:06:00,50.1,49.6,227,180
2024-11-13 19:08:00,50.1,49.5,228,183
2024-11-13 19:10:00,49.8,49.6,227,182
2024-11-13 19:12:00,49.7,49.3,227,184
2024-11-13 19:14:00,50.0,49.3,227,186
2024-11-13 19:16:00,50.0,49.8,227,185
2024-11-13 19:18:00,49.7,49.6,227,182
2024-11-13 19:20:00,50.1,49.2,227,178
2024-11-13 19:22:00,49.9,49.0,227,178
2024-11-13 19:24:00,49.9,49.3,227,185
2024-11-13 19:26:00,49.9,49.8,227,182
2024-11-13 19:28:00,50.1,49.3,227,181
2024-11-13 19:30:00,50.0,49.7,227,174
2024-11-13 19:32:00,49.8,49.3,227,180
2024-11-13 19:34:00,49.8,49.6,227,178
2024-11-13 19:36:00,49.9,49.6,227,174
2024-11-13 19:38:00,50.0,46.9,227,160
2024-11-13 19:40:00,50.0,5618,227,0
2024-11-13 19:42:00,50.1,3937,227,0
2024-11-13 19:44:00,50.1,50.9,227,205
2024-11-13 19:46:00,49.8,52.2,227,197
2024-11-13 19:48:00,50.0,50.4,227,195
2024-11-13 19:50:00,50.0,50.3,227,197
2024-11-13 19:52:00,50.0,50.5,227,190
2024-11-13 19:54:00,50.0,50.2,227,197
2024-11-13 19:56:00,49.7,50.2,227,194
2024-11-13 19:58:00,50.0,50.2,227,199
2024-11-13 20:00:00,50.0,50.2,227,201
2024-11-13 20:02:00,50.1,50.3,227,200
2024-11-13 20:04:00,50.0,50.2,227,202
2024-11-13 20:06:00,49.9,50.1,226,203
2024-11-13 20:08:00,49.9,50.3,227,203
2024-11-13 20:10:00,50.1,50.4,227,188
2024-11-13 20:12:00,49.9,50.3,227,194
2024-11-13 20:14:00,50.0,50.5,227,197
2024-11-13 20:16:00,49.9,50.5,227,199
2024-11-13 20:18:00,49.9,50.4,227,191
2024-11-13 20:20:00,49.9,49.7,227,192
2024-11-13 20:22:00,49.9,49.6,227,194
2024-11-13 20:24:00,50.1,49.4,227,188
2024-11-13 20:26:00,50.0,49.6,228,192
2024-11-13 20:28:00,49.9,49.5,227,187
2024-11-13 20:30:00,50.1,49.5,227,186
2024-11-13 20:32:00,50.0,49.6,227,185
2024-11-13 20:34:00,50.0,49.6,227,184
2024-11-13 20:36:00,49.9,49.6,227,180
2024-11-13 20:38:00,50.0,49.1,227,174
2024-11-13 20:40:00,50.0,49.6,228,180
2024-11-13 20:42:00,49.9,49.5,228,172
2024-11-13 20:44:00,49.9,49.6,228,185
2024-11-13 20:46:00,50.2,49.5,228,182
2024-11-13 20:48:00,50.0,49.3,227,186
2024-11-13 20:50:00,49.8,49.3,227,187
2024-11-13 20:52:00,50.0,49.1,228,185
2024-11-13 20:54:00,50.0,49.7,227,187
2024-11-13 20:56:00,50.0,49.8,227,186
2024-11-13 20:58:00,49.9,49.7,228,184
2024-11-13 21:00:00,50.1,49.8,227,185
2024-11-13 21:02:00,50.0,49.8,228,187
2024-11-13 21:04:00,49.8,49.7,227,192
2024-11-13 21:06:00,50.0,49.6,227,190
2024-11-13 21:08:00,50.0,49.8,227,192
2024-11-13 21:10:00,49.7,49.8,227,187
2024-11-13 21:12:00,50.1,49.8,227,192
2024-11-13 21:14:00,50.1,50.1,227,193
2024-11-13 21:16:00,50.2,50.1,227,194
2024-11-13 21:18:00,50.0,50.1,227,197
2024-11-13 21:20:00,49.9,50.4,227,200
2024-11-13 21:22:00,49.8,50.2,227,195
2024-11-13 21:24:00,50.0,50.3,227,202
2024-11-13 21:26:00,50.0,49.9,226,198
2024-11-13 21:28:00,50.0,50.2,227,199
2024-11-13 21:30:00,49.8,49.9,227,199
2024-11-13 21:32:00,50.0,50.0,226,198
2024-11-13 21:34:00,50.0,50.0,227,199
2024-11-13 21:36:00,50.0,49.8,227,198
2024-11-13 21:38:00,50.0,49.9,227,202
2024-11-13 21:40:00,50.0,50.0,226,202
2024-11-13 21:42:00,50.0,50.2,227,192
2024-11-13 21:44:00,49.9,50.1,227,198
2024-11-13 21:46:00,50.0,50.2,227,197
2024-11-13 21:48:00,49.9,50.4,227,198
2024-11-13 21:50:00,50.1,50.1,227,202
2024-11-13 21:52:00,49.9,50.0,227,206
2024-11-13 21:54:00,49.7,50.2,227,205
2024-11-13 21:56:00,50.0,50.2,227,203
2024-11-13 21:58:00,50.0,50.4,227,203
2024-11-13 22:00:00,50.0,50.3,227,202
2024-11-13 22:02:00,50.0,50.0,227,203
2024-11-13 22:04:00,50.0,50.1,227,206
2024-11-13 22:06:00,49.9,50.4,227,210
2024-11-13 22:08:00,50.0,50.1,228,209
2024-11-13 22:10:00,49.9,49.9,228,210
2024-11-13 22:12:00,49.9,50.4,228,211
2024-11-13 22:14:00,49.9,50.2,228,209
2024-11-13 22:16:00,50.0,49.8,228,207
2024-11-13 22:18:00,50.0,50.2,228,209
2024-11-13 22:20:00,49.8,50.2,227,207
2024-11-13 22:22:00,49.9,50.2,228,207
2024-11-13 22:24:00,49.8,50.1,227,201
2024-11-13 22:26:00,50.0,49.9,228,207
2024-11-13 22:28:00,49.9,50.3,228,209
2024-11-13 22:30:00,50.1,50.3,228,207
2024-11-13 22:32:00,50.1,50.3,228,209
2024-11-13 22:34:00,50.1,50.3,228,209
2024-11-13 22:36:00,50.0,50.3,228,209
2024-11-13 22:38:00,49.8,50.1,228,213
2024-11-13 22:40:00,50.0,50.2,228,209
2024-11-13 22:42:00,50.0,49.8,228,209
2024-11-13 22:44:00,50.0,50.2,228,211
2024-11-13 22:46:00,50.0,50.4,228,211
2024-11-13 22:48:00,50.0,50.0,228,209
2024-11-13 22:50:00,50.0,50.3,227,209
2024-11-13 22:52:00,49.9,50.4,228,209
2024-11-13 22:54:00,50.1,49.8,228,207
2024-11-13 22:56:00,50.0,49.7,227,212
2024-11-13 22:58:00,50.0,49.6,228,211
2024-11-13 23:00:00,49.7,50.0,228,211
2024-11-13 23:02:00,49.9,50.0,227,214
2024-11-13 23:04:00,100,49.8,227,214
2024-11-13 23:06:00,50.1,49.7,227,214
2024-11-13 23:08:00,50.0,50.0,228,215
2024-11-13 23:10:00,49.8,50.1,227,214
2024-11-13 23:12:00,50.1,50.2,227,214
2024-11-13 23:14:00,50.0,50.0,227,217
2024-11-13 23:16:00,50.1,49.9,227,214
2024-11-13 23:18:00,50.0,49.9,227,217
2024-11-13 23:20:00,50.0,50.0,227,212
2024-11-13 23:22:00,49.9,49.8,227,212
2024-11-13 23:24:00,50.0,49.7,227,216
2024-11-13 23:26:00,50.0,49.7,227,207
2024-11-13 23:28:00,50.1,49.6,227,216
2024-11-13 23:30:00,49.8,49.9,227,216
2024-11-13 23:32:00,49.9,49.7,227,214
2024-11-13 23:34:00,50.2,49.9,227,217
2024-11-13 23:36:00,50.1,50.1,227,219
2024-11-13 23:38:00,50.2,49.8,227,209
2024-11-13 23:40:00,50.1,49.8,227,216
2024-11-13 23:42:00,49.9,49.8,227,212
2024-11-13 23:44:00,50.1,49.7,227,214
2024-11-13 23:46:00,50.0,49.5,227,209
2024-11-13 23:48:00,50.0,49.6,227,215
2024-11-13 23:50:00,50.0,49.9,232,216
2024-11-13 23:52:00,50.0,49.8,231,216
2024-11-13 23:54:00,49.9,49.9,231,218
2024-11-13 23:56:00,50.0,50.0,231,218
2024-11-13 23:58:00,50.0,50.2,231,219
2024-11-14 00:00:00,49.9,50.0,231,215
2024-11-14 00:02:00,50.0,50.1,231,216
2024-11-14 00:04:00,50.1,50.2,231,218
2024-11-14 00:06:00,50.0,50.0,230,213
2024-11-14 00:08:00,50.0,49.8,231,212
2024-11-14 00:10:00,49.9,50.0,231,222
2024-11-14 00:12:00,50.0,49.9,231,221
2024-11-14 00:14:00,49.8,50.2,230,221
2024-11-14 00:16:00,49.8,50.2,231,221
2024-11-14 00:18:00,50.0,50.2,231,222
2024-11-14 00:20:00,50.0,50.0,230,219
2024-11-14 00:22:00,49.9,49.8,231,221
2024-11-14 00:24:00,50.1,50.1,231,220
2024-11-14 00:26:00,50.0,49.9,231,224
2024-11-14 00:28:00,50.0,50.7,231,221
2024-11-14 00:30:00,50.0,50.6,231,221
2024-11-14 00:32:00,49.8,50.7,228,222
2024-11-14 00:34:00,50.0,50.2,228,222
2024-11-14 00:36:00,50.0,50.7,228,220
2024-11-14 00:38:00,49.9,50.6,228,221
2024-11-14 00:40:00,49.8,50.4,228,219
2024-11-14 00:42:00,50.0,50.6,228,221
2024-11-14 00:44:00,50.0,50.5,228,220
2024-11-14 00:46:00,50.0,50.6,228,222
2024-11-14 00:48:00,50.1,50.4,228,221
2024-11-14 00:50:00,50.0,50.6,228,219
2024-11-14 00:52:00,49.8,50.9,228,221
2024-11-14 00:54:00,50.0,50.9,228,221
2024-11-14 00:56:00,49.9,50.9,228,223
2024-11-14 00:58:00,50.1,50.9,228,223
2024-11-14 01:00:00,50.1,50.7,228,221
2024-11-14 01:02:00,50.1,50.6,228,221
2024-11-14 01:04:00,49.9,50.7,228,223
2024-11-14 01:06:00,49.7,50.8,228,223
2024-11-14 01:08:00,50.0,50.8,228,223
2024-11-14 01:10:00,50.1,50.6,228,223
2024-11-14 01:12:00,49.9,50.5,228,223
2024-11-14 01:14:00,50.1,50.9,228,222
2024-11-14 01:16:00,50.0,50.7,228,224
2024-11-14 01:18:00,50.0,50.7,228,226
2024-11-14 01:20:00,50.1,50.5,228,223
2024-11-14 01:22:00,50.0,50.9,228,225
2024-11-14 01:24:00,50.0,50.6,228,223
2024-11-14 01:26:00,49.9,50.7,228,226
2024-11-14 01:28:00,50.0,50.6,228,223
2024-11-14 01:30:00,49.9,50.7,227,224
2024-11-14 01:32:00,49.9,50.6,228,226
2024-11-14 01:34:00,50.3,50.7,228,224
2024-11-14 01:36:00,50.1,50.7,228,221
2024-11-14 01:38:00,50.0,50.5,227,221
2024-11-14 01:40:00,50.1,50.9,228,225
2024-11-14 01:42:00,50.0,50.4,227,221
2024-11-14 01:44:00,50.1,50.5,227,221
2024-11-14 01:46:00,49.9,50.6,227,222
2024-11-14 01:48:00,50.0,50.5,228,221
2024-11-14 01:50:00,49.8,50.7,228,223
2024-11-14 01:52:00,49.9,50.6,227,221
2024-11-14 01:54:00,50.1,50.7,227,222
2024-11-14 01:56:00,50.1,50.6,228,221
2024-11-14 01:58:00,50.1,50.8,228,222
2024-11-14 02:00:00,50.0,50.7,228,222
2024-11-14 02:02:00,49.9,50.4,228,220
2024-11-14 02:04:00,50.0,50.5,228,221
2024-11-14 02:06:00,50.0,50.6,228,222
2024-11-14 02:08:00,50.1,50.7,228,223
2024-11-14 02:10:00,50.0,50.5,228,223
2024-11-14 02:12:00,50.0,50.5,228,223
2024-11-14 02:14:00,50.2,50.8,228,226
2024-11-14 02:16:00,49.8,50.4,228,225
2024-11-14 02:18:00,50.1,50.5,228,223
2024-11-14 02:20:00,50.1,50.1,227,221
2024-11-14 02:22:00,50.0,50.2,227,223
2024-11-14 02:24:00,50.0,50.6,228,222
2024-11-14 02:26:00,49.9,50.6,228,221
2024-11-14 02:28:00,50.0,50.6,228,219
2024-11-14 02:30:00,50.0,50.7,228,220
2024-11-14 02:32:00,50.0,50.7,228,224
2024-11-14 02:34:00,50.0,50.8,228,222
2024-11-14 02:36:00,50.0,50.8,228,222
2024-11-14 02:38:00,50.0,50.8,228,222
2024-11-14 02:40:00,49.9,50.6,227,222
2024-11-14 02:42:00,50.0,50.7,227,223
2024-11-14 02:44:00,50.0,50.8,227,219
2024-11-14 02:46:00,50.0,50.4,227,222
2024-11-14 02:48:00,50.1,50.7,227,224
2024-11-14 02:50:00,50.0,50.5,227,223
2024-11-14 02:52:00,50.0,50.5,227,223
2024-11-14 02:54:00,49.9,50.6,227,222
2024-11-14 02:56:00,49.9,51.0,227,226
2024-11-14 02:58:00,50.1,50.6,227,223
2024-11-14 03:00:00,50.2,50.4,227,222
2024-11-14 03:02:00,49.9,50.8,228,223
2024-11-14 03:04:00,49.9,50.7,227,225
2024-11-14 03:06:00,50.1,50.7,227,221
2024-11-14 03:08:00,50.0,50.2,227,222
2024-11-14 03:10:00,50.0,50.4,227,223
2024-11-14 03:12:00,50.0,50.6,227,221
2024-11-14 03:14:00,50.1,50.9,227,220
2024-11-14 03:16:00,49.9,50.8,227,224
2024-11-14 03:18:00,50.1,51.0,227,225
2024-11-14 03:20:00,49.9,51.0,227,226
2024-11-14 03:22:00,50.0,50.9,227,223
2024-11-14 03:24:00,50.0,50.8,227,224
2024-11-14 03:26:00,50.0,50.6,227,223
2024-11-14 03:28:00,50.0,50.7,227,223
2024-11-14 03:30:00,50.0,50.9,228,221
2024-11-14 03:32:00,49.9,50.9,227,224
2024-11-14 03:34:00,50.0,50.6,227,224
2024-11-14 03:36:00,50.0,50.5,228,224
2024-11-14 03:38:00,49.8,50.5,228,224
2024-11-14 03:40:00,50.0,50.3,228,223
2024-11-14 03:42:00,49.8,50.3,227,227
2024-11-14 03:44:00,50.0,50.8,228,225
2024-11-14 03:46:00,49.9,50.9,228,227
2024-11-14 03:48:00,49.9,51.1,228,228
2024-11-14 03:50:00,50.1,51.0,228,228
2024-11-14 03:52:00,49.9,51.0,228,228
2024-11-14 03:54:00,50.0,51.0,228,228
2024-11-14 03:56:00,49.8,55.7,230,243
2024-11-14 03:58:00,50.0,55.4,230,241
2024-11-14 04:00:00,50.1,55.6,230,241
2024-11-14 04:02:00,50.0,55.2,230,238
2024-11-14 04:04:00,50.0,55.1,230,238
2024-11-14 04:06:00,50.0,54.9,230,238
2024-11-14 04:08:00,50.1,54.8,230,238
2024-11-14 04:10:00,50.0,55.5,230,237
2024-11-14 04:12:00,49.9,55.1,230,238
2024-11-14 04:14:00,50.0,54.7,230,239
2024-11-14 04:16:00,49.9,52.2,230,235
2024-11-14 04:18:00,49.8,54.4,230,240
2024-11-14 04:20:00,50.2,52.2,230,238
2024-11-14 04:22:00,50.0,54.6,230,239
2024-11-14 04:24:00,50.0,53.7,230,240
2024-11-14 04:26:00,50.0,53.9,229,240
2024-11-14 04:28:00,50.1,54.0,229,241
2024-11-14 04:30:00,49.9,54.2,229,240
2024-11-14 04:32:00,50.0,54.9,229,239
2024-11-14 04:34:00,49.9,54.9,229,239
2024-11-14 04:36:00,50.0,54.0,229,238
2024-11-14 04:38:00,50.1,54.5,229,241
2024-11-14 04:40:00,50.0,54.5,229,240
2024-11-14 04:42:00,50.0,53.8,229,242
2024-11-14 04:44:00,50.1,54.3,229,238
2024-11-14 04:46:00,50.0,54.4,229,238
2024-11-14 04:48:00,49.8,54.7,229,239
2024-11-14 04:50:00,50.1,53.9,229,236
2024-11-14 04:52:00,49.9,54.1,229,236
2024-11-14 04:54:00,50.1,53.0,231,236
2024-11-14 04:56:00,49.9,53.8,231,238
2024-11-14 04:58:00,50.0,52.2,231,233
2024-11-14 05:00:00,49.9,6536,231,0
2024-11-14 05:02:00,50.0,6536,230,0.707
2024-11-14 05:04:00,49.9,4367,231,0
2024-11-14 05:06:00,50.0,6494,231,0
2024-11-14 05:08:00,49.9,4367,231,0
2024-11-14 05:10:00,50.0,5618,231,0
2024-11-14 05:12:00,50.1,3584,231,0
2024-11-14 05:14:00,50.0,6536,231,0
2024-11-14 05:16:00,50.1,4902,230,0
2024-11-14 05:18:00,49.8,6579,231,0
2024-11-14 05:20:00,50.0,4926,231,0.707
2024-11-14 05:22:00,50.0,3937,231,0.707
2024-11-14 05:24:00,49.7,5618,231,0
2024-11-14 05:26:00,50.0,3247,231,0
2024-11-14 05:28:00,50.0,6494,231,0
2024-11-14 05:30:00,50.0,7813,231,0
2024-11-14 05:32:00,49.8,5618,231,0
2024-11-14 05:34:00,50.0,3279,231,0
2024-11-14 05:36:00,50.0,3922,231,0
2024-11-14 05:38:00,49.9,6536,231,0
2024-11-14 05:40:00,50.0,5556,231,0
2024-11-14 05:42:00,49.8,5556,231,0
2024-11-14 05:44:00,50.0,4878,231,0
2024-11-14 05:46:00,49.9,6536,231,0
2024-11-14 05:48:00,50.0,3279,231,0
2024-11-14 05:50:00,50.1,3021,231,0.707
2024-11-14 05:52:00,49.9,6536,231,0
2024-11-14 05:54:00,50.0,3584,231,0
2024-11-14 05:56:00,50.0,4329,231,0
2024-11-14 05:58:00,49.8,51.8,231,234
2024-11-14 06:00:00,50.1,51.9,231,236
2024-11-14 06:02:00,50.0,51.9,231,237
2024-11-14 06:04:00,50.0,51.5,231,240
2024-11-14 06:06:00,50.0,51.8,231,240
2024-11-14 06:08:00,50.0,4926,230,0
2024-11-14 06:10:00,50.1,49.9,230,213
2024-11-14 06:12:00,49.9,50.1,231,210
2024-11-14 06:14:00,49.9,49.9,231,203
2024-11-14 06:16:00,50.0,50.2,231,203
2024-11-14 06:18:00,50.1,50.0,231,212
2024-11-14 06:20:00,50.1,49.9,231,209
2024-11-14 06:22:00,50.0,49.9,231,205
2024-11-14 06:24:00,49.8,50.0,231,205
2024-11-14 06:26:00,50.0,49.8,230,208
2024-11-14 06:28:00,50.1,50.2,230,213
2024-11-14 06:30:00,50.0,50.1,230,215
2024-11-14 06:32:00,49.9,49.9,231,211
2024-11-14 06:34:00,50.1,50.0,231,216
2024-11-14 06:36:00,49.9,50.3,231,214
2024-11-14 06:38:00,50.2,50.0,231,211
2024-11-14 06:40:00,49.9,50.2,231,213
2024-11-14 06:42:00,50.2,50.0,231,211
2024-11-14 06:44:00,50.1,49.8,231,214
2024-11-14 06:46:00,100,50.1,231,214
2024-11-14 06:48:00,50.1,50.2,231,214
2024-11-14 06:50:00,49.9,50.1,231,213
2024-11-14 06:52:00,50.0,50.2,231,214
2024-11-14 06:54:00,50.1,50.4,231,209
2024-11-14 06:56:00,50.1,50.6,231,216
2024-11-14 06:58:00,50.1,50.6,231,215
2024-11-14 07:00:00,50.2,50.4,231,212
2024-11-14 07:02:00,50.2,50.3,231,218
2024-11-14 07:04:00,49.9,50.4,231,214
2024-11-14 07:06:00,49.8,50.3,231,216
2024-11-14 07:08:00,50.0,50.0,231,216
2024-11-14 07:10:00,50.1,49.9,230,213
2024-11-14 07:12:00,50.0,50.1,231,214
2024-11-14 07:14:00,50.0,49.9,230,214
2024-11-14 07:16:00,50.1,50.2,231,211
2024-11-14 07:18:00,50.0,50.2,231,215
2024-11-14 07:20:00,50.0,50.5,231,217
2024-11-14 07:22:00,49.9,50.0,231,219
2024-11-14 07:24:00,49.9,50.4,231,216
2024-11-14 07:26:00,49.9,50.1,231,219
2024-11-14 07:28:00,50.0,50.3,231,221
2024-11-14 07:30:00,49.8,50.3,231,214
2024-11-14 07:32:00,50.0,50.1,231,214
2024-11-14 07:34:00,50.1,50.1,231,215
2024-11-14 07:36:00,50.0,50.1,231,219
2024-11-14 07:38:00,50.2,50.2,231,216
2024-11-14 07:40:00,49.8,50.2,231,219
2024-11-14 07:42:00,49.9,50.3,230,213
2024-11-14 07:44:00,49.9,7813,231,0
2024-11-14 07:46:00,49.9,4926,231,0
2024-11-14 07:48:00,49.9,6536,231,0.707
2024-11-14 07:50:00,50.0,5618,231,0
2024-11-14 07:52:00,50.0,6536,231,0
2024-11-14 07:54:00,50.0,50.2,231,215
2024-11-14 07:56:00,50.0,50.2,230,220
2024-11-14 07:58:00,49.9,50.2,231,212
2024-11-14 08:00:00,49.9,50.2,230,213
2024-11-14 08:02:00,50.3,50.2,231,217
2024-11-14 08:04:00,50.1,50.4,231,211
2024-11-14 08:06:00,50.1,50.3,231,214
2024-11-14 08:08:00,50.0,50.3,231,213
2024-11-14 08:10:00,49.9,49.8,230,207
2024-11-14 08:12:00,50.0,49.8,231,208
2024-11-14 08:14:00,50.0,50.2,231,211
2024-11-14 08:16:00,50.0,49.8,231,209
2024-11-14 08:18:00,50.2,50.2,231,211
2024-11-14 08:20:00,49.9,49.8,231,208
2024-11-14 08:22:00,50.0,50.0,231,209
2024-11-14 08:24:00,49.9,49.9,231,207
2024-11-14 08:26:00,49.8,50.2,231,204
2024-11-14 08:28:00,50.0,50.0,235,207
2024-11-14 08:30:00,49.9,50.2,231,202
2024-11-14 08:32:00,49.9,50.0,231,205
2024-11-14 08:34:00,50,49.9,231,199
2024-11-14 08:36:00,50.0,50.0,231,203
2024-11-14 08:38:00,50.2,49.9,231,196
2024-11-14 08:40:00,49.9,50.1,231,200
2024-11-14 08:42:00,50.0,49.9,230,200
2024-11-14 08:44:00,49.9,50.2,231,204
2024-11-14 08:46:00,49.8,50.3,230,204
2024-11-14 08:48:00,50.0,50.3,231,207
2024-11-14 08:50:00,50.0,49.9,230,205
2024-11-14 08:52:00,49.9,49.8,231,205
2024-11-14 08:54:00,50.0,49.9,231,209
2024-11-14 08:56:00,50.0,49.9,231,203
2024-11-14 08:58:00,50.0,49.9,230,209
2024-11-14 09:00:00,50.0,49.9,231,208
2024-11-14 09:02:00,50.1,49.8,231,209
2024-11-14 09:04:00,49.9,50.1,230,209
2024-11-14 09:06:00,50.0,49.9,231,206
2024-11-14 09:08:00,50.0,50.3,231,206
2024-11-14 09:10:00,49.9,50.4,231,205
2024-11-14 09:12:00,49.7,50.4,231,213
2024-11-14 09:14:00,50.0,50.1,231,210
2024-11-14 09:16:00,49.9,49.9,230,210
2024-11-14 09:18:00,49.9,50.0,231,204
2024-11-14 09:20:00,50.1,50.1,230,199
2024-11-14 09:22:00,50.0,49.8,230,193
2024-11-14 09:24:00,50.0,49.9,231,194
2024-11-14 09:26:00,49.9,49.9,231,202
2024-11-14 09:28:00,50.0,49.9,230,192
2024-11-14 09:30:00,49.8,49.6,230,193
2024-11-14 09:32:00,50.0,49.9,231,196
2024-11-14 09:34:00,50.1,50.0,230,192
2024-11-14 09:36:00,50.1,50.2,231,197
2024-11-14 09:38:00,49.8,50.0,230,195
2024-11-14 09:40:00,50.1,50.3,231,197
2024-11-14 09:42:00,50.1,50.4,231,197
2024-11-14 09:44:00,50.0,49.7,231,196
2024-11-14 09:46:00,49.7,50.1,231,193
2024-11-14 09:48:00,49.9,50.2,231,190
2024-11-14 09:50:00,49.9,49.9,231,187
2024-11-14 09:52:00,49.8,50.1,230,186
2024-11-14 09:54:00,49.9,50.0,230,197
2024-11-14 09:56:00,50.0,49.9,231,192
2024-11-14 09:58:00,50.0,50.0,231,194
2024-11-14 10:00:00,50.0,49.9,231,195
2024-11-14 10:02:00,50.0,49.7,231,190
2024-11-14 10:04:00,50.0,49.8,233,192
2024-11-14 10:06:00,50.0,49.8,233,189
2024-11-14 10:08:00,50.1,49.8,232,186
2024-11-14 10:10:00,50.0,49.6,231,191
2024-11-14 10:12:00,49.9,49.6,232,192
2024-11-14 10:14:00,,50.0,,192
2024-11-14 10:16:00,50.1,49.7,232,191
2024-11-14 10:18:00,50.0,49.8,231,194
2024-11-14 10:20:00,50.1,49.5,231,193
2024-11-14 10:22:00,50.0,50.5,232,238
2024-11-14 10:24:00,50.0,50.4,232,237
2024-11-14 10:26:00,49.8,50.4,232,238
2024-11-14 10:28:00,49.9,50.5,233,236
2024-11-14 10:30:00,50.1,49.9,231,235
2024-11-14 10:32:00,50.0,49.9,232,236
2024-11-14 10:34:00,50.0,49.7,232,237
2024-11-14 10:36:00,50.0,49.8,232,238
2024-11-14 10:38:00,50.0,49.7,232,236
2024-11-14 10:40:00,50.0,49.7,232,235
2024-11-14 10:42:00,49.9,49.6,232,235
2024-11-14 10:44:00,50.1,49.7,232,236
2024-11-14 10:46:00,50.0,49.6,232,236
2024-11-14 10:48:00,50.0,49.7,232,236
2024-11-14 10:50:00,50.0,49.7,232,237
2024-11-14 10:52:00,49.8,49.6,232,236
2024-11-14 10:54:00,50.0,49.8,232,236
2024-11-14 10:56:00,49.9,49.7,231,238
2024-11-14 10:58:00,50.0,49.7,231,233
2024-11-14 11:00:00,50.1,49.5,231,237
2024-11-14 11:02:00,50.1,49.5,231,240
2024-11-14 11:04:00,50.1,49.5,231,238
2024-11-14 11:06:00,50.0,49.5,231,239
2024-11-14 11:08:00,49.8,49.4,231,239
2024-11-14 11:10:00,50.2,49.0,231,230
2024-11-14 11:12:00,50.0,49.4,231,227
2024-11-14 11:14:00,50.1,49.3,231,229
2024-11-14 11:16:00,49.6,49.3,231,236
2024-11-14 11:18:00,50.0,49.5,231,236
2024-11-14 11:20:00,50.3,49.7,231,235
2024-11-14 11:22:00,49.9,49.3,231,236
2024-11-14 11:24:00,50.2,49.5,231,233
2024-11-14 11:26:00,50.1,49.5,231,233
2024-11-14 11:28:00,50.0,49.3,231,236
2024-11-14 11:30:00,49.9,49.5,231,238
2024-11-14 11:32:00,50.0,49.4,231,239
2024-11-14 11:34:00,49.9,49.4,231,238
2024-11-14 11:36:00,50.0,49.4,231,239
2024-11-14 11:38:00,50.0,49.2,231,238
2024-11-14 11:40:00,50.0,49.3,231,238
2024-11-14 11:42:00,50.0,49.3,231,238
2024-11-14 11:44:00,50.0,49.4,231,239
2024-11-14 11:46:00,49.6,49.3,231,236
2024-11-14 11:48:00,50.0,49.4,231,240
2024-11-14 11:50:00,49.8,49.7,231,234
2024-11-14 11:52:00,49.9,49.4,231,236
2024-11-14 11:54:00,50.0,49.6,231,236
2024-11-14 11:56:00,50.1,49.7,231,237
2024-11-14 11:58:00,49.8,49.7,231,235
2024-11-14 12:00:00,49.9,49.7,231,236
2024-11-14 12:02:00,49.8,49.8,231,233
2024-11-14 12:04:00,50.1,49.7,227,233
2024-11-14 12:06:00,49.8,49.8,227,234
2024-11-14 12:08:00,50.0,49.9,227,233
2024-11-14 12:10:00,50.1,50.1,228,232
2024-11-14 12:12:00,50.0,50.1,227,236
2024-11-14 12:14:00,50.1,50.1,227,236
2024-11-14 12:16:00,50.1,49.9,228,236
2024-11-14 12:18:00,49.8,49.8,227,240
2024-11-14 12:20:00,49.7,50.0,227,238
2024-11-14 12:22:00,50.1,50.5,231,236
2024-11-14 12:24:00,49.9,50.4,231,233
2024-11-14 12:26:00,50.1,50.2,231,240
2024-11-14 12:28:00,50.0,50.1,231,238
2024-11-14 12:30:00,50.1,50.1,231,234
2024-11-14 12:32:00,50.0,3571,231,0
2024-11-14 12:34:00,50.0,5587,231,0
2024-11-14 12:36:00,50.0,49.5,228,193
2024-11-14 12:38:00,49.7,49.6,227,197
2024-11-14 12:40:00,50.0,50.4,228,237
2024-11-14 12:42:00,50.0,49.7,227,239
2024-11-14 12:44:00,50.0,49.8,227,238
2024-11-14 12:46:00,49.9,49.5,227,242
2024-11-14 12:48:00,50.0,49.4,228,236
2024-11-14 12:50:00,50.0,48.9,228,240
2024-11-14 12:52:00,50.0,49.0,228,238
2024-11-14 12:54:00,49.9,49.0,228,238
2024-11-14 12:56:00,50.1,49.0,228,243
2024-11-14 12:58:00,49.7,49.0,228,241
2024-11-14 13:00:00,50.0,48.9,228,238
2024-11-14 13:02:00,50.0,48.9,228,239
2024-11-14 13:04:00,50.0,49.0,228,238
2024-11-14 13:06:00,50.0,49.1,228,239
2024-11-14 13:08:00,50.0,4926,228,2.12
2024-11-14 13:10:00,50.0,49.5,228,198
2024-11-14 13:12:00,50.2,49.4,228,201
2024-11-14 13:14:00,49.9,49.3,228,202
2024-11-14 13:16:00,49.9,49.3,228,192
2024-11-14 13:18:00,49.9,49.3,228,199
2024-11-14 13:20:00,50.0,49.3,233,196
2024-11-14 13:22:00,50.0,49.2,231,199
2024-11-14 13:24:00,50.0,49.3,231,194
2024-11-14 13:26:00,49.9,49.4,231,194
2024-11-14 13:28:00,50.0,49.3,231,196
2024-11-14 13:30:00,50.0,49.2,231,199
2024-11-14 13:32:00,49.9,49.3,231,197
2024-11-14 13:34:00,50.0,49.6,231,197
2024-11-14 13:36:00,50.0,49.5,231,195
2024-11-14 13:38:00,49.9,49.6,231,195
2024-11-14 13:40:00,50.0,49.1,231,195
2024-11-14 13:42:00,49.8,49.3,231,194
2024-11-14 13:44:00,50.2,49.3,231,188
2024-11-14 13:46:00,50.0,49.7,231,187
2024-11-14 13:48:00,49.8,49.5,231,192
2024-11-14 13:50:00,50.0,49.2,231,187
2024-11-14 13:52:00,49.9,49.2,231,189
2024-11-14 13:54:00,49.9,49.2,231,194
2024-11-14 13:56:00,49.9,49.7,231,194
2024-11-14 13:58:00,50.1,49.5,231,194
2024-11-14 14:00:00,50.1,52.0,231,233
2024-11-14 14:02:00,50.0,51.9,231,236
2024-11-14 14:04:00,49.9,51.0,232,240
2024-11-14 14:06:00,50.0,50.9,231,239
2024-11-14 14:08:00,50.0,50.8,231,237
2024-11-14 14:10:00,50.0,51.1,231,240
2024-11-14 14:12:00,50.0,51.0,231,235
2024-11-14 14:14:00,50.1,51.4,231,236
2024-11-14 14:16:00,50.0,51.1,231,236
2024-11-14 14:18:00,50.0,51.2,231,239
2024-11-14 14:20:00,50.0,51.3,231,239
2024-11-14 14:22:00,50.1,51.2,231,238
2024-11-14 14:24:00,49.9,51.3,231,241
2024-11-14 14:26:00,50.0,51.3,231,236
2024-11-14 14:28:00,49.8,51.3,231,235
2024-11-14 14:30:00,49.9,51.4,231,232
2024-11-14 14:32:00,50.0,51.3,231,234
2024-11-14 14:34:00,50.1,51.6,231,236
2024-11-14 14:36:00,49.9,51.3,231,236
2024-11-14 14:38:00,49.9,51.5,231,236
2024-11-14 14:40:00,49.9,51.3,231,240
2024-11-14 14:42:00,49.9,51.4,231,236
2024-11-14 14:44:00,49.7,51.5,231,237
2024-11-14 14:46:00,49.9,52.0,231,236
2024-11-14 14:48:00,49.8,52.1,231,236
2024-11-14 14:50:00,50.1,51.3,231,236
2024-11-14 14:52:00,50.0,51.5,231,236
2024-11-14 14:54:00,50.0,51.7,231,238
2024-11-14 14:56:00,50.0,51.5,231,237
2024-11-14 14:58:00,50.0,52.2,231,233
2024-11-14 15:00:00,49.7,53.6,231,236
2024-11-14 15:02:00,50.0,52.0,231,233
2024-11-14 15:04:00,50.1,50.9,231,228
2024-11-14 15:06:00,50.0,51.0,231,233
2024-11-14 15:08:00,49.9,51.0,231,234
2024-11-14 15:10:00,50.1,50.5,231,231
2024-11-14 15:12:00,50.0,50.7,231,235
2024-11-14 15:14:00,49.8,50.8,231,237
2024-11-14 15:16:00,50.0,50.9,231,234
2024-11-14 15:18:00,50,50.7,231,235
2024-11-14 15:20:00,49.9,50.7,231,234
2024-11-14 15:22:00,49.9,50.7,231,234
2024-11-14 15:24:00,49.8,50.7,231,233
2024-11-14 15:26:00,50.0,50.7,231,233
2024-11-14 15:28:00,50.0,50.8,231,236
2024-11-14 15:30:00,50.0,50.8,231,236
2024-11-14 15:32:00,50.0,50.7,231,234
2024-11-14 15:34:00,49.8,50.8,231,232
2024-11-14 15:36:00,50.0,50.9,231,233
2024-11-14 15:38:00,50.2,50.9,231,228
2024-11-14 15:40:00,49.9,51.0,231,231
2024-11-14 15:42:00,50.0,50.9,231,231
2024-11-14 15:44:00,49.8,50.9,231,231
2024-11-14 15:46:00,49.9,50.9,231,230
2024-11-14 15:48:00,50.1,51.0,231,231
2024-11-14 15:50:00,50.1,50.9,231,231
2024-11-14 15:52:00,50.0,51.0,231,231
2024-11-14 15:54:00,50.1,50.9,231,229
2024-11-14 15:56:00,50.0,51.1,231,231
2024-11-14 15:58:00,50.0,50.9,231,230
2024-11-14 16:00:00,50.0,50.9,231,228
2024-11-14 16:02:00,49.9,50.9,231,229
2024-11-14 16:04:00,49.9,51.0,231,228
2024-11-14 16:06:00,50.0,51.1,231,228
2024-11-14 16:08:00,50.0,51.0,231,232
2024-11-14 16:10:00,50.0,51.0,231,233
2024-11-14 16:12:00,49.8,51.0,231,233
2024-11-14 16:14:00,50.1,50.9,231,232
2024-11-14 16:16:00,50.0,50.9,231,230
2024-11-14 16:18:00,50.0,51.0,231,233
2024-11-14 16:20:00,50.1,51.0,231,233
2024-11-14 16:22:00,49.9,51.0,231,233
2024-11-14 16:24:00,50.1,51.5,231,231
2024-11-14 16:26:00,50.0,51.5,231,233
2024-11-14 16:28:00,49.8,51.3,231,232
2024-11-14 16:30:00,49.9,51.6,231,228
2024-11-14 16:32:00,50.0,52.1,231,234
2024-11-14 16:34:00,50.0,51.8,231,232
2024-11-14 16:36:00,49.9,52.0,231,233
2024-11-14 16:38:00,50.0,52.1,231,236
2024-11-14 16:40:00,49.8,52.1,231,236
2024-11-14 16:42:00,50.2,51.7,231,233
2024-11-14 16:44:00,50.0,51.8,231,236
2024-11-14 16:46:00,49.8,53.8,231,239
2024-11-14 16:48:00,50.0,54.1,231,238
2024-11-14 16:50:00,50.0,54.0,231,238
2024-11-14 16:52:00,50.0,53.6,232,240
2024-11-14 16:54:00,50.1,53.9,232,241
2024-11-14 16:56:00,50.0,53.7,232,240
2024-11-14 16:58:00,49.8,53.8,231,240
2024-11-14 17:00:00,49.9,54.1,232,242
2024-11-14 17:02:00,50.2,53.9,232,240
2024-11-14 17:04:00,49.9,53.8,232,240
2024-11-14 17:06:00,50.0,54.1,231,241
2024-11-14 17:08:00,50.1,54.3,231,241
2024-11-14 17:10:00,49.8,53.8,232,239
2024-11-14 17:12:00,50.0,51.4,232,236
2024-11-14 17:14:00,50.2,51.4,231,239
2024-11-14 17:16:00,49.8,51.3,232,237
2024-11-14 17:18:00,50.0,51.0,231,235
2024-11-14 17:20:00,50.0,51.0,231,238
2024-11-14 17:22:00,50.1,51.0,231,236
2024-11-14 17:24:00,50.0,50.9,232,236
2024-11-14 17:26:00,50.0,51.0,232,236
2024-11-14 17:28:00,50.0,50.9,231,239
2024-11-14 17:30:00,49.9,49.6,231,196
2024-11-14 17:32:00,49.9,49.3,227,197
2024-11-14 17:34:00,50.0,49.4,227,194
2024-11-14 17:36:00,50.1,49.4,227,195
2024-11-14 17:38:00,50.0,49.3,227,194
2024-11-14 17:40:00,49.9,49.5,227,194
2024-11-14 17:42:00,50.0,49.3,227,198
2024-11-14 17:44:00,49.7,49.4,227,198
2024-11-14 17:46:00,50.0,49.2,227,198
2024-11-14 17:48:00,50.1,49.3,227,192
2024-11-14 17:50:00,50.0,49.2,227,192
2024-11-14 17:52:00,49.9,49.4,227,192
2024-11-14 17:54:00,50.0,49.1,227,190
2024-11-14 17:56:00,50.1,49.5,227,188
2024-11-14 17:58:00,49.9,49.0,227,190
2024-11-14 18:00:00,49.9,49.6,227,192
2024-11-14 18:02:00,50.2,49.6,227,190
2024-11-14 18:04:00,50.0,49.4,227,190
2024-11-14 18:06:00,50.0,49.7,228,193
2024-11-14 18:08:00,49.7,49.5,228,193
2024-11-14 18:10:00,50.0,49.6,228,190
2024-11-14 18:12:00,49.9,49.4,228,194
2024-11-14 18:14:00,49.8,49.1,228,194
2024-11-14 18:16:00,49.7,49.3,228,192
2024-11-14 18:18:00,49.9,49.2,228,185
2024-11-14 18:20:00,49.7,49.2,228,187
2024-11-14 18:22:00,50.0,49.3,228,186
2024-11-14 18:24:00,50.0,49.2,228,187
2024-11-14 18:26:00,50.0,48.6,228,186
2024-11-14 18:28:00,50.0,48.6,228,185
2024-11-14 18:30:00,50.0,48.9,228,186
2024-11-14 18:32:00,49.9,49.3,228,182
2024-11-14 18:34:00,50.0,49.6,228,190
2024-11-14 18:36:00,50.1,49.0,228,191
2024-11-14 18:38:00,50.2,49.3,228,190
2024-11-14 18:40:00,49.9,49.0,227,191
2024-11-14 18:42:00,49.7,49.1,227,194
2024-11-14 18:44:00,50.0,49.2,227,197
2024-11-14 18:46:00,50.1,49.1,227,192
2024-11-14 18:48:00,49.9,49.5,227,194
2024-11-14 18:50:00,49.7,49.0,227,192
2024-11-14 18:52:00,50.0,49.4,227,192
2024-11-14 18:54:00,50.2,49.1,227,192
2024-11-14 18:56:00,50.1,48.9,227,190
2024-11-14 18:58:00,50.1,49.3,227,189
2024-11-14 19:00:00,50.0,48.9,227,188
2024-11-14 19:02:00,50.1,49.3,227,189
2024-11-14 19:04:00,50.0,49.2,227,187
2024-11-14 19:06:00,49.9,49.6,227,190
2024-11-14 19:08:00,50.0,49.2,227,187
2024-11-14 19:10:00,49.9,49.5,228,185
2024-11-14 19:12:00,50.0,49.5,228,184
2024-11-14 19:14:00,50.1,49.7,228,188
2024-11-14 19:16:00,50.0,49.2,228,185
2024-11-14 19:18:00,50.0,49.5,228,185
2024-11-14 19:20:00,50.0,49.5,228,184
2024-11-14 19:22:00,50.0,49.4,228,183
2024-11-14 19:24:00,50.0,49.3,228,185
2024-11-14 19:26:00,49.9,49.5,228,187
2024-11-14 19:28:00,49.8,49.5,228,187
2024-11-14 19:30:00,50.0,49.4,228,190
2024-11-14 19:32:00,49.8,49.7,228,186
2024-11-14 19:34:00,49.9,49.7,228,177
2024-11-14 19:36:00,49.9,49.3,228,182
2024-11-14 19:38:00,50.0,49.5,228,183
2024-11-14 19:40:00,50.2,49.6,229,180
2024-11-14 19:42:00,50.0,49.7,228,186
2024-11-14 19:44:00,50.0,49.6,228,185
2024-11-14 19:46:00,49.9,49.9,228,182
2024-11-14 19:48:00,50.0,49.5,228,174
2024-11-14 19:50:00,50.0,49.4,228,174
2024-11-14 19:52:00,49.8,49.3,228,180
2024-11-14 19:54:00,49.9,49.4,228,179
2024-11-14 19:56:00,49.9,49.6,228,180
2024-11-14 19:58:00,50.1,49.5,228,182
2024-11-14 20:00:00,50.0,49.3,228,183
2024-11-14 20:02:00,50.1,49.4,228,184
2024-11-14 20:04:00,49.9,49.2,228,182
2024-11-14 20:06:00,49.8,49.1,228,188
2024-11-14 20:08:00,50.3,49.4,228,187
2024-11-14 20:10:00,49.8,49.5,228,187
2024-11-14 20:12:00,49.9,49.7,228,186
2024-11-14 20:14:00,50.1,49.4,228,192
2024-11-14 20:16:00,50.0,49.5,228,191
2024-11-14 20:18:00,50.0,49.7,227,189
2024-11-14 20:20:00,50.0,49.3,228,188
2024-11-14 20:22:00,50.0,49.5,227,189
2024-11-14 20:24:00,49.9,49.7,227,189
2024-11-14 20:26:00,49.9,49.5,227,189
2024-11-14 20:28:00,49.9,49.4,227,191
2024-11-14 20:30:00,49.9,49.3,227,189
2024-11-14 20:32:00,50.0,49.8,227,190
2024-11-14 20:34:00,50.0,49.8,227,192
2024-11-14 20:36:00,50.0,49.7,227,187
2024-11-14 20:38:00,50.0,49.7,227,187
2024-11-14 20:40:00,99.4,49.7,227,190
2024-11-14 20:42:00,50.0,49.7,227,192
2024-11-14 20:44:00,50.0,49.9,227,189
2024-11-14 20:46:00,50.1,49.6,227,188
2024-11-14 20:48:00,50.0,49.7,227,193
2024-11-14 20:50:00,49.8,49.6,226,191
2024-11-14 20:52:00,50.1,49.9,227,192
2024-11-14 20:54:00,50.2,49.8,227,192
2024-11-14 20:56:00,50.0,49.8,227,192
2024-11-14 20:58:00,50.0,49.7,227,192
2024-11-14 21:00:00,50.1,50.0,227,193
2024-11-14 21:02:00,49.9,49.8,227,198
2024-11-14 21:04:00,49.9,49.9,227,197
2024-11-14 21:06:00,50.0,49.4,227,198
2024-11-14 21:08:00,50.0,49.4,227,194
2024-11-14 21:10:00,50.1,49.5,227,195
2024-11-14 21:12:00,50.1,49.2,227,194
2024-11-14 21:14:00,50.0,49.7,227,198
2024-11-14 21:16:00,50.1,49.7,227,197
2024-11-14 21:18:00,50.0,50.1,227,197
2024-11-14 21:20:00,50.1,50.1,227,197
2024-11-14 21:22:00,50.0,49.8,227,199
2024-11-14 21:24:00,49.9,49.7,227,197
2024-11-14 21:26:00,50.0,50.2,227,199
2024-11-14 21:28:00,50.0,50.2,227,201
2024-11-14 21:30:00,49.8,50.3,227,204
2024-11-14 21:32:00,50.1,50.1,227,202
2024-11-14 21:34:00,49.7,50.1,227,199
2024-11-14 21:36:00,50.1,50.2,227,199
2024-11-14 21:38:00,50.0,50.2,227,202
2024-11-14 21:40:00,50.0,50.2,227,202
2024-11-14 21:42:00,50.1,50.1,227,199
2024-11-14 21:44:00,49.9,50.2,227,199
2024-11-14 21:46:00,50.1,50.1,228,201
2024-11-14 21:48:00,50.1,49.9,228,199
2024-11-14 21:50:00,50.0,50.1,227,209
2024-11-14 21:52:00,49.8,50.1,227,207
2024-11-14 21:54:00,50.0,50.3,227,207
2024-11-14 21:56:00,50.0,50.0,227,207
2024-11-14 21:58:00,50.1,50.2,228,206
2024-11-14 22:00:00,49.9,49.9,228,207
2024-11-14 22:02:00,50.0,50.2,227,209
2024-11-14 22:04:00,49.8,50.3,227,210
2024-11-14 22:06:00,50.0,50.0,227,209
2024-11-14 22:08:00,50.1,49.9,227,209
2024-11-14 22:10:00,49.9,50.1,227,209
2024-11-14 22:12:00,49.7,50.0,227,209
2024-11-14 22:14:00,50.0,50.3,227,210
2024-11-14 22:16:00,50.0,50.3,227,212
2024-11-14 22:18:00,50.0,50.2,227,212
2024-11-14 22:20:00,50.0,50.1,227,213
2024-11-14 22:22:00,49.9,50.0,227,211
2024-11-14 22:24:00,50.0,50.2,227,214
2024-11-14 22:26:00,50.1,50.3,227,213
2024-11-14 22:28:00,50.0,50.3,227,214
2024-11-14 22:30:00,50.0,50.4,227,213
2024-11-14 22:32:00,50.0,50.4,227,218
2024-11-14 22:34:00,50.0,50.3,227,216
2024-11-14 22:36:00,50.1,50.4,227,218
2024-11-14 22:38:00,50.0,50.5,227,219
2024-11-14 22:40:00,50.0,50.5,227,217
2024-11-14 22:42:00,50.1,50.4,227,217
2024-11-14 22:44:00,49.9,50.3,227,218
2024-11-14 22:46:00,50.3,50.4,227,218
2024-11-14 22:48:00,49.9,50.4,227,219
2024-11-14 22:50:00,49.8,50.4,227,219
2024-11-14 22:52:00,50.2,50.5,227,220
2024-11-14 22:54:00,50.0,50.3,227,219
2024-11-14 22:56:00,50.0,50.3,227,219
2024-11-14 22:58:00,50.0,50.4,227,219
2024-11-14 23:00:00,50.1,50.3,227,219
2024-11-14 23:02:00,50.0,50.5,227,221
2024-11-14 23:04:00,50.0,50.3,227,219
2024-11-14 23:06:00,50.0,50.4,227,220
2024-11-14 23:08:00,49.8,50.3,227,220
2024-11-14 23:10:00,50.0,50.4,227,220
2024-11-14 23:12:00,49.9,50.3,227,219
2024-11-14 23:14:00,50.0,50.2,227,219
2024-11-14 23:16:00,49.9,50.3,227,219
2024-11-14 23:18:00,49.7,50.3,227,220
2024-11-14 23:20:00,50.0,50.4,227,221
2024-11-14 23:22:00,49.8,50.2,227,220
2024-11-14 23:24:00,50.0,50.4,227,220
2024-11-14 23:26:00,49.9,50.5,227,221
2024-11-14 23:28:00,50.0,50.3,227,221
2024-11-14 23:30:00,49.9,50.2,227,219
2024-11-14 23:32:00,50.0,50.5,228,219
2024-11-14 23:34:00,50.0,50.2,228,221
2024-11-14 23:36:00,50.0,50.4,228,221
2024-11-14 23:38:00,49.8,50.4,228,221
2024-11-14 23:40:00,50.3,50.5,228,220
2024-11-14 23:42:00,50.0,50.5,228,221
2024-11-14 23:44:00,50.1,50.7,228,220
2024-11-14 23:46:00,50.2,50.6,228,219
2024-11-14 23:48:00,50.0,50.5,228,218
2024-11-14 23:50:00,49.8,50.7,228,221
2024-11-14 23:52:00,50.0,50.8,228,221
2024-11-14 23:54:00,49.9,50.6,228,219
2024-11-14 23:56:00,50.0,50.5,228,220
2024-11-14 23:58:00,49.7,50.6,228,222
2024-11-15 00:00:00,49.9,50.7,228,219
2024-11-15 00:02:00,49.9,50.2,228,222
2024-11-15 00:04:00,49.9,50.3,228,223
2024-11-15 00:06:00,50.0,50.3,227,221
2024-11-15 00:08:00,49.8,50.4,227,223
2024-11-15 00:10:00,49.8,50.9,227,223
2024-11-15 00:12:00,49.9,50.5,227,223
2024-11-15 00:14:00,50.0,50.6,227,223
2024-11-15 00:16:00,50.2,50.5,227,224
2024-11-15 00:18:00,50.2,50.2,227,226
2024-11-15 00:20:00,50.1,50.5,227,224
2024-11-15 00:22:00,50.0,50.1,228,223
2024-11-15 00:24:00,49.6,50.2,230,224
2024-11-15 00:26:00,49.9,50.7,230,225
2024-11-15 00:28:00,49.9,50.7,230,225
2024-11-15 00:30:00,50.0,50.1,230,223
2024-11-15 00:32:00,49.9,50.7,230,225
2024-11-15 00:34:00,50.0,50.5,230,226
2024-11-15 00:36:00,49.8,50.4,229,226
2024-11-15 00:38:00,49.8,50.7,229,226
2024-11-15 00:40:00,49.9,50.5,229,226
2024-11-15 00:42:00,50.0,50.5,229,225
2024-11-15 00:44:00,49.8,50.8,229,226
2024-11-15 00:46:00,50.0,50.3,229,226
2024-11-15 00:48:00,50.1,50.2,229,223
2024-11-15 00:50:00,49.7,50.3,230,226
2024-11-15 00:52:00,50.0,50.2,229,224
2024-11-15 00:54:00,49.8,50.2,230,223
2024-11-15 00:56:00,49.9,49.9,229,224
2024-11-15 00:58:00,49.9,50.4,229,225
2024-11-15 01:00:00,49.9,50.1,229,225
2024-11-15 01:02:00,50.1,50.2,230,224
2024-11-15 01:04:00,50.0,49.9,230,224
2024-11-15 01:06:00,50.1,50.0,229,226
2024-11-15 01:08:00,50.0,49.7,229,223
2024-11-15 01:10:00,49.9,50.0,229,222
2024-11-15 01:12:00,49.7,50.4,229,226
2024-11-15 01:14:00,49.9,49.9,229,225
2024-11-15 01:16:00,49.9,50.1,229,225
2024-11-15 01:18:00,49.9,50.0,229,225
2024-11-15 01:20:00,49.7,50.0,229,224
2024-11-15 01:22:00,49.9,50.2,229,226
2024-11-15 01:24:00,49.9,50.2,229,226
2024-11-15 01:26:00,50.0,50.2,229,226
2024-11-15 01:28:00,50.0,50.5,229,226
2024-11-15 01:30:00,50.0,50.2,229,226
2024-11-15 01:32:00,50.0,50.2,229,226
2024-11-15 01:34:00,50.3,50.1,229,226
2024-11-15 01:36:00,49.9,49.9,229,224
2024-11-15 01:38:00,50.0,50.0,230,226
2024-11-15 01:40:00,49.9,49.8,229,226
2024-11-15 01:42:00,49.9,49.8,229,224
2024-11-15 01:44:00,50.0,50.1,229,226
2024-11-15 01:46:00,50.0,50.2,229,227
2024-11-15 01:48:00,49.8,50.0,229,226
2024-11-15 01:50:00,49.8,50.3,229,224
2024-11-15 01:52:00,49.8,50.0,229,227
2024-11-15 01:54:00,50.1,50.2,229,228
2024-11-15 01:56:00,49.9,50.0,229,228
2024-11-15 01:58:00,50.0,50.2,229,228
2024-11-15 02:00:00,50.0,50.1,229,229
2024-11-15 02:02:00,50.0,50.2,229,228
2024-11-15 02:04:00,50.0,50.0,229,228
2024-11-15 02:06:00,49.9,50.3,229,231
2024-11-15 02:08:00,50.1,50.1,229,229
2024-11-15 02:10:00,50.0,50.3,229,229
2024-11-15 02:12:00,49.9,50.2,229,228
2024-11-15 02:14:00,99.9,50.1,229,228
2024-11-15 02:16:00,49.9,50.0,229,229
2024-11-15 02:18:00,50.0,50.1,229,228
2024-11-15 02:20:00,50.1,50.4,229,229
2024-11-15 02:22:00,50.0,50.2,229,231
2024-11-15 02:24:00,49.9,50.1,230,228
2024-11-15 02:26:00,50.0,50.1,229,225
2024-11-15 02:28:00,50.1,50.0,229,228
2024-11-15 02:30:00,50.0,50.2,229,226
2024-11-15 02:32:00,49.9,50.3,230,224
2024-11-15 02:34:00,50.0,50.1,229,226
2024-11-15 02:36:00,50.1,50.3,230,228
2024-11-15 02:38:00,50.0,50.2,230,227
2024-11-15 02:40:00,50.1,50.5,231,228
2024-11-15 02:42:00,50.0,50.0,230,227
2024-11-15 02:44:00,50.1,50.1,230,226
2024-11-15 02:46:00,50.1,50.2,231,228
2024-11-15 02:48:00,49.8,50.0,231,226
2024-11-15 02:50:00,50.3,50.0,231,225
2024-11-15 02:52:00,49.9,50.1,230,225
2024-11-15 02:54:00,49.9,49.9,231,228
2024-11-15 02:56:00,50.0,49.9,231,227
2024-11-15 02:58:00,50.0,50.0,231,226
2024-11-15 03:00:00,50.0,49.8,231,226
2024-11-15 03:02:00,49.9,50.0,231,226
2024-11-15 03:04:00,50.0,50.0,231,227
2024-11-15 03:06:00,50.1,49.9,231,226
2024-11-15 03:08:00,50.0,50.3,230,229
2024-11-15 03:10:00,50.0,50.0,230,229
2024-11-15 03:12:00,50.1,50.2,231,226
2024-11-15 03:14:00,50.3,50.3,230,226
2024-11-15 03:16:00,50.0,50.4,231,230
2024-11-15 03:18:00,50.1,50.3,230,229
2024-11-15 03:20:00,49.9,50.3,230,227
2024-11-15 03:22:00,49.9,50.5,231,228
2024-11-15 03:24:00,50.0,50.4,231,226
2024-11-15 03:26:00,49.9,50.3,231,226
2024-11-15 03:28:00,50.0,50.0,230,225
2024-11-15 03:30:00,99.7,49.8,230,226
2024-11-15 03:32:00,50.0,49.9,231,224
2024-11-15 03:34:00,49.7,49.7,230,224
2024-11-15 03:36:00,49.8,50.0,231,226
2024-11-15 03:38:00,49.8,50.2,230,226
2024-11-15 03:40:00,50.0,49.9,231,226
2024-11-15 03:42:00,50.0,50.1,231,226
2024-11-15 03:44:00,50.0,49.8,231,228
2024-11-15 03:46:00,50.0,50.1,230,226
2024-11-15 03:48:00,50.0,50.1,231,226
2024-11-15 03:50:00,49.9,50.1,230,228
2024-11-15 03:52:00,50.0,49.9,230,226
2024-11-15 03:54:00,50.1,50.1,231,227
2024-11-15 03:56:00,49.7,50.0,230,228
2024-11-15 03:58:00,49.8,50.2,231,226
2024-11-15 04:00:00,50.0,50.3,231,227
2024-11-15 04:02:00,50.1,50.2,231,228
2024-11-15 04:04:00,50.0,50.0,230,228
2024-11-15 04:06:00,50.0,50.1,230,227
2024-11-15 04:08:00,50.0,50.3,230,228
2024-11-15 04:10:00,50.0,49.9,230,229
2024-11-15 04:12:00,50.0,50.2,230,228
2024-11-15 04:14:00,49.8,50.2,230,226
2024-11-15 04:16:00,50.1,50.3,231,226
2024-11-15 04:18:00,50.0,50.0,230,228
2024-11-15 04:20:00,50.3,50.0,231,226
2024-11-15 04:22:00,49.9,50.3,231,228
2024-11-15 04:24:00,50.2,50.1,231,228
2024-11-15 04:26:00,49.8,50.0,230,227
2024-11-15 04:28:00,50.1,49.9,231,226
2024-11-15 04:30:00,50.1,50.0,231,226
2024-11-15 04:32:00,50.0,49.9,231,227
2024-11-15 04:34:00,50.0,50.0,231,226
2024-11-15 04:36:00,50.0,49.9,230,226
2024-11-15 04:38:00,50.1,49.9,230,228
2024-11-15 04:40:00,49.8,49.8,231,228
2024-11-15 04:42:00,50.0,50.0,230,225
2024-11-15 04:44:00,49.8,49.6,231,224
2024-11-15 04:46:00,49.9,50.0,231,226
2024-11-15 04:48:00,49.9,50.2,230,226
2024-11-15 04:50:00,50.0,49.9,230,225
2024-11-15 04:52:00,50.0,49.9,230,226
2024-11-15 04:54:00,50.0,49.8,230,225
2024-11-15 04:56:00,49.9,50.1,230,226
2024-11-15 04:58:00,50.0,50.2,230,227
2024-11-15 05:00:00,50.2,50.1,229,227
2024-11-15 05:02:00,49.8,50.0,230,226
2024-11-15 05:04:00,50.0,49.8,231,226
2024-11-15 05:06:00,50.0,50.2,231,226
2024-11-15 05:08:00,49.9,50.0,230,223
2024-11-15 05:10:00,50.0,50,231,224
2024-11-15 05:12:00,49.9,49.8,231,226
2024-11-15 05:14:00,49.7,50.3,230,228
2024-11-15 05:16:00,50.0,50.1,231,226
2024-11-15 05:18:00,50.1,50.1,231,224
2024-11-15 05:20:00,49.8,50,231,226
2024-11-15 05:22:00,49.8,49.9,231,225
2024-11-15 05:24:00,50.0,49.9,231,222
2024-11-15 05:26:00,50.0,49.7,231,224
2024-11-15 05:28:00,50.2,49.7,231,219
2024-11-15 05:30:00,50.0,49.6,230,219
2024-11-15 05:32:00,50.1,49.7,231,216
2024-11-15 05:34:00,49.9,49.7,231,214
2024-11-15 05:36:00,49.8,49.7,231,216
2024-11-15 05:38:00,49.9,49.8,231,219
2024-11-15 05:40:00,50.1,49.6,231,218
2024-11-15 05:42:00,49.8,49.7,231,215
2024-11-15 05:44:00,50.0,49.9,230,215
2024-11-15 05:46:00,50.1,50.1,231,221
2024-11-15 05:48:00,50.1,49.9,231,216
2024-11-15 05:50:00,49.9,49.7,230,213
2024-11-15 05:52:00,50.1,49.8,231,215
2024-11-15 05:54:00,50.0,49.7,231,214
2024-11-15 05:56:00,50.0,49.6,231,216
2024-11-15 05:58:00,49.9,49.5,231,214
2024-11-15 06:00:00,50.0,49.4,231,223
2024-11-15 06:02:00,49.9,49.3,231,218
2024-11-15 06:04:00,50.1,49.4,231,210
2024-11-15 06:06:00,50.0,49.3,231,213
2024-11-15 06:08:00,50.0,49.3,231,211
2024-11-15 06:10:00,49.9,49.4,230,202
2024-11-15 06:12:00,50.0,49.4,231,199
2024-11-15 06:14:00,50.1,49.3,231,215
2024-11-15 06:16:00,49.9,49.5,231,208
2024-11-15 06:18:00,50.0,49.7,231,216
2024-11-15 06:20:00,50.0,49.4,231,214
2024-11-15 06:22:00,49.9,49.9,231,210
2024-11-15 06:24:00,50.1,49.6,231,207
2024-11-15 06:26:00,50.0,49.6,231,207
2024-11-15 06:28:00,50.0,49.5,230,209
2024-11-15 06:30:00,50.0,49.5,231,204
2024-11-15 06:32:00,50.0,49.9,231,207
2024-11-15 06:34:00,50.0,49.7,231,205
2024-11-15 06:36:00,50.0,49.6,231,209
2024-11-15 06:38:00,50.2,49.5,231,205
2024-11-15 06:40:00,50.0,49.4,231,204
2024-11-15 06:42:00,50.1,49.2,231,207
2024-11-15 06:44:00,49.9,3891,231,0
2024-11-15 06:46:00,50.0,7874,231,0
2024-11-15 06:48:00,50.0,4386,231,0
2024-11-15 06:50:00,49.9,7874,231,0
2024-11-15 06:52:00,50.0,3937,231,0
2024-11-15 06:54:00,49.8,6536,231,0
2024-11-15 06:56:00,49.9,3584,231,0
2024-11-15 06:58:00,50.0,4902,231,0
2024-11-15 07:00:00,50.1,5556,231,0
2024-11-15 07:02:00,50.0,3906,231,0
2024-11-15 07:04:00,50.1,6536,231,0
2024-11-15 07:06:00,49.9,4367,231,0
2024-11-15 07:08:00,49.9,7874,231,0
2024-11-15 07:10:00,49.8,7874,231,0.707
2024-11-15 07:12:00,50.1,5618,230,0
2024-11-15 07:14:00,50,2066,230,0
2024-11-15 07:16:00,50.0,5618,230,0
2024-11-15 07:18:00,49.9,3030,230,0
2024-11-15 07:20:00,50.1,4902,230,0
2024-11-15 07:22:00,50.0,5618,229,0
2024-11-15 07:24:00,49.9,5618,229,0.707
2024-11-15 07:26:00,49.9,4926,229,0.707
2024-11-15 07:28:00,50.1,4926,230,0
2024-11-15 07:30:00,49.9,3922,229,0
2024-11-15 07:32:00,50.0,4926,229,0
2024-11-15 07:34:00,50.0,6579,229,0
2024-11-15 07:36:00,49.8,5618,229,0
2024-11-15 07:38:00,50.0,3937,229,0
2024-11-15 07:40:00,50.0,2625,229,0
2024-11-15 07:42:00,50.1,4367,229,0
2024-11-15 07:44:00,50.0,4926,229,0
2024-11-15 07:46:00,50.1,4878,229,0
2024-11-15 07:48:00,50.0,3584,229,0
2024-11-15 07:50:00,50.0,2817,229,0
2024-11-15 07:52:00,49.8,4926,229,0
2024-11-15 07:54:00,49.9,3937,230,0
2024-11-15 07:56:00,50.0,4926,229,0
2024-11-15 07:58:00,50,3546,229,0
2024-11-15 08:00:00,49.8,9804,229,0
2024-11-15 08:02:00,49.7,4926,229,0
2024-11-15 08:04:00,50.2,4367,229,0
2024-11-15 08:06:00,50.1,4926,229,0
2024-11-15 08:08:00,49.9,6452,229,0
2024-11-15 08:10:00,49.8,5618,229,0
2024-11-15 08:12:00,50.0,4902,229,0
2024-11-15 08:14:00,50.2,3257,229,0
2024-11-15 08:16:00,49.9,3559,229,0.707
2024-11-15 08:18:00,50.0,9804,229,0
2024-11-15 08:20:00,49.9,5618,229,0
2024-11-15 08:22:00,49.8,6536,229,0
2024-11-15 08:24:00,50.0,2817,229,0
2024-11-15 08:26:00,49.9,3584,229,0
2024-11-15 08:28:00,50.0,4386,229,0
2024-11-15 08:30:00,49.6,3937,229,0
2024-11-15 08:32:00,50.0,4367,229,0
2024-11-15 08:34:00,50.0,9804,229,0.707
2024-11-15 08:36:00,49.8,6536,229,0
2024-11-15 08:38:00,50.0,3012,229,0
2024-11-15 08:40:00,49.8,3030,229,0
2024-11-15 08:42:00,50.0,4386,230,0
2024-11-15 08:44:00,49.9,7874,229,0
2024-11-15 08:46:00,49.8,6579,229,0
2024-11-15 08:48:00,49.9,4367,231,0
2024-11-15 08:50:00,50.2,2188,231,0
2024-11-15 08:52:00,50.2,9804,231,0
2024-11-15 08:54:00,50.0,4367,231,0
2024-11-15 08:56:00,50.0,6536,231,0
2024-11-15 08:58:00,49.9,4902,231,0
2024-11-15 09:00:00,49.9,5556,231,0
2024-11-15 09:02:00,49.8,5618,231,0
2024-11-15 09:04:00,49.9,9804,231,0
2024-11-15 09:06:00,50.3,5618,231,0.707
2024-11-15 09:08:00,50.0,5618,231,0
2024-11-15 09:10:00,50.1,9615,231,0
2024-11-15 09:12:00,50.0,4367,231,0
2024-11-15 09:14:00,49.9,4926,231,0
2024-11-15 09:16:00,50.0,7874,231,0
2024-11-15 09:18:00,49.9,3236,231,0.707
2024-11-15 09:20:00,50.0,49.2,231,199
2024-11-15 09:22:00,49.8,49.6,231,193
2024-11-15 09:24:00,49.8,49.3,231,196
2024-11-15 09:26:00,50.0,49.4,231,197
2024-11-15 09:28:00,50.3,49.4,231,195
2024-11-15 09:30:00,50.0,49.6,231,192
2024-11-15 09:32:00,49.7,49.3,231,197
2024-11-15 09:34:00,50.0,49.7,228,195
2024-11-15 09:36:00,50.0,49.5,227,194
2024-11-15 09:38:00,50.0,49.4,227,194
2024-11-15 09:40:00,50.0,49.4,227,202
2024-11-15 09:42:00,50.2,49.3,227,197
2024-11-15 09:44:00,50.0,49.3,227,195
2024-11-15 09:46:00,49.8,49.5,227,198
2024-11-15 09:48:00,50.2,49.8,227,201
2024-11-15 09:50:00,50.0,49.5,227,205
2024-11-15 09:52:00,50.0,49.5,228,199
2024-11-15 09:54:00,50.1,49.5,227,196
2024-11-15 09:56:00,50.0,49.3,227,192
2024-11-15 09:58:00,50.0,49.2,227,190
2024-11-15 10:00:00,50.0,49.5,227,188
2024-11-15 10:02:00,50.0,49.4,227,190
2024-11-15 10:04:00,50.0,49.4,227,194
2024-11-15 10:06:00,50.0,49.4,227,193
2024-11-15 10:08:00,50.0,49.5,227,196
2024-11-15 10:10:00,49.9,49.5,227,195
2024-11-15 10:12:00,49.8,49.2,227,191
2024-11-15 10:14:00,49.7,49.5,227,192
2024-11-15 10:16:00,49.7,49.4,227,199
2024-11-15 10:18:00,49.8,49.8,227,197
2024-11-15 10:20:00,50.1,49.5,228,194
2024-11-15 10:22:00,50.0,49.4,228,194
2024-11-15 10:24:00,50.0,49.4,228,196
2024-11-15 10:26:00,50.0,48.9,228,194
2024-11-15 10:28:00,49.8,49.2,228,191
2024-11-15 10:30:00,50.0,49.4,227,192
2024-11-15 10:32:00,50.2,49.3,227,189
2024-11-15 10:34:00,50.0,49.2,227,188
2024-11-15 10:36:00,50.0,49.1,229,190
2024-11-15 10:38:00,49.9,49.3,227,192
2024-11-15 10:40:00,50.0,49.4,233,190
2024-11-15 10:42:00,49.7,49.3,233,187
2024-11-15 10:44:00,50.1,49.3,233,189
2024-11-15 10:46:00,50.0,49.4,232,187
2024-11-15 10:48:00,50.0,49.6,232,189
2024-11-15 10:50:00,50.0,49.6,232,191
2024-11-15 10:52:00,49.8,49.5,233,191
2024-11-15 10:54:00,50.1,49.7,232,191
2024-11-15 10:56:00,49.8,49.1,232,192
2024-11-15 10:58:00,50.0,49.0,232,189
2024-11-15 11:00:00,49.9,49.1,232,192
2024-11-15 11:02:00,50.1,49.2,232,192
2024-11-15 11:04:00,50.0,49.7,232,193
2024-11-15 11:06:00,49.9,49.3,232,192
2024-11-15 11:08:00,50.0,49.3,232,192
2024-11-15 11:10:00,50.0,49.7,232,192
2024-11-15 11:12:00,50.0,49.2,232,196
2024-11-15 11:14:00,50.0,49.6,231,192
2024-11-15 11:16:00,50.0,49.3,232,187
2024-11-15 11:18:00,49.9,49.4,231,191
2024-11-15 11:20:00,50.1,49.6,232,194
2024-11-15 11:22:00,50.0,49.3,231,194
2024-11-15 11:24:00,49.8,49.3,231,190
2024-11-15 11:26:00,50.0,49.6,232,189
2024-11-15 11:28:00,50.1,49.4,232,190
2024-11-15 11:30:00,50.0,49.4,232,187
2024-11-15 11:32:00,50.1,49.3,232,182
2024-11-15 11:34:00,50.0,49.3,232,189
2024-11-15 11:36:00,50.2,49.2,231,187
2024-11-15 11:38:00,50.0,49.3,231,184
2024-11-15 11:40:00,49.8,49.8,233,183
2024-11-15 11:42:00,49.8,49.4,231,187
2024-11-15 11:44:00,50.0,49.0,232,190
2024-11-15 11:46:00,50.0,49.2,232,186
2024-11-15 11:48:00,49.8,49.4,232,192
2024-11-15 11:50:00,50.0,49.4,232,185
2024-11-15 11:52:00,49.9,49.2,232,190
2024-11-15 11:54:00,49.9,49.3,232,194
2024-11-15 11:56:00,49.8,49.2,231,199
2024-11-15 11:58:00,50.0,49.6,232,195
2024-11-15 12:00:00,49.9,49.7,232,190
2024-11-15 12:02:00,50.0,49.4,232,182
2024-11-15 12:04:00,50.0,49.5,231,186
2024-11-15 12:06:00,50,49.6,232,188
2024-11-15 12:08:00,49.7,49.5,232,187
2024-11-15 12:10:00,50.0,49.1,232,179
2024-11-15 12:12:00,50.0,49.7,232,189
2024-11-15 12:14:00,50.0,49.5,232,187
2024-11-15 12:16:00,50.0,49.1,232,185
2024-11-15 12:18:00,50.2,49.2,231,190
2024-11-15 12:20:00,50.0,49.4,232,188
2024-11-15 12:22:00,50.0,49.3,232,187
2024-11-15 12:24:00,50.0,49.4,231,192
2024-11-15 12:26:00,50.1,49.5,232,187
2024-11-15 12:28:00,50.1,49.4,232,196
2024-11-15 12:30:00,50.0,49.4,232,193
2024-11-15 12:32:00,50.0,49.8,232,195
2024-11-15 12:34:00,50.2,49.6,232,202
2024-11-15 12:36:00,49.9,49.3,232,197
2024-11-15 12:38:00,50.3,49.5,232,198
2024-11-15 12:40:00,50.1,49.6,231,206
2024-11-15 12:42:00,50.1,49.5,232,199
2024-11-15 12:44:00,50.0,49.5,232,200
2024-11-15 12:46:00,50.0,49.4,232,199
2024-11-15 12:48:00,50.2,49.1,232,202
2024-11-15 12:50:00,50.0,49.3,232,196
2024-11-15 12:52:00,49.8,49.4,231,194
2024-11-15 12:54:00,50.2,49.6,232,188
2024-11-15 12:56:00,50.0,49.7,232,194
2024-11-15 12:58:00,50.1,49.3,231,194
2024-11-15 13:00:00,50.1,49.7,232,193
2024-11-15 13:02:00,50.1,49.5,232,196
2024-11-15 13:04:00,49.8,49.4,233,199
2024-11-15 13:06:00,50.0,49.4,232,195
2024-11-15 13:08:00,49.6,49.5,232,195
2024-11-15 13:10:00,50.0,49.4,232,201
2024-11-15 13:12:00,49.9,49.4,231,198
2024-11-15 13:14:00,50.0,49.4,232,196
2024-11-15 13:16:00,50.1,50.6,231,236
2024-11-15 13:18:00,50.0,50.4,233,239
2024-11-15 13:20:00,50.0,50.2,231,238
2024-11-15 13:22:00,50.0,50.2,231,236
2024-11-15 13:24:00,49.9,50.2,232,240
2024-11-15 13:26:00,49.9,50.1,231,237
2024-11-15 13:28:00,50.1,50.1,231,239
2024-11-15 13:30:00,50.1,50.2,232,240
2024-11-15 13:32:00,50.1,50.1,232,241
2024-11-15 13:34:00,50.2,49.8,231,236
2024-11-15 13:36:00,50.0,49.5,231,237
2024-11-15 13:38:00,50.1,49.7,231,241
2024-11-15 13:40:00,50.0,49.6,231,241
2024-11-15 13:42:00,50.0,49.7,231,240
2024-11-15 13:44:00,50.0,49.6,231,237
2024-11-15 13:46:00,49.9,49.7,232,237
2024-11-15 13:48:00,49.9,49.8,231,236
2024-11-15 13:50:00,49.8,49.7,231,235
2024-11-15 13:52:00,49.9,49.4,231,234
2024-11-15 13:54:00,49.9,49.7,231,237
2024-11-15 13:56:00,50.3,49.8,231,236
2024-11-15 13:58:00,49.8,49.6,231,238
2024-11-15 14:00:00,49.9,49.7,231,239
2024-11-15 14:02:00,49.8,49.5,231,239
2024-11-15 14:04:00,50.0,49.5,231,238
2024-11-15 14:06:00,49.7,49.5,231,241
2024-11-15 14:08:00,50.0,49.5,232,241
2024-11-15 14:10:00,49.8,49.5,231,240
2024-11-15 14:12:00,49.9,49.4,232,239
2024-11-15 14:14:00,49.7,49.6,232,240
2024-11-15 14:16:00,50.0,49.7,232,236
2024-11-15 14:18:00,50.0,49.7,231,240
2024-11-15 14:20:00,49.9,49.8,233,239
2024-11-15 14:22:00,50.1,49.6,232,238
2024-11-15 14:24:00,49.9,49.8,231,238
2024-11-15 14:26:00,49.8,49.5,231,235
2024-11-15 14:28:00,49.8,49.9,232,233
2024-11-15 14:30:00,50.0,50.1,231,237
2024-11-15 14:32:00,49.9,50.1,232,238
2024-11-15 14:34:00,49.9,50.0,231,236
2024-11-15 14:36:00,49.9,50.1,231,235
2024-11-15 14:38:00,49.9,50.2,231,236
2024-11-15 14:40:00,50.0,50.2,231,236
2024-11-15 14:42:00,49.9,50.0,231,238
2024-11-15 14:44:00,50.0,50.5,231,236
2024-11-15 14:46:00,49.9,50.3,231,236
2024-11-15 14:48:00,50.0,50.7,232,237
2024-11-15 14:50:00,50.0,50.7,231,237
2024-11-15 14:52:00,50.0,51.0,231,235
2024-11-15 14:54:00,50.0,50.8,231,235
2024-11-15 14:56:00,50.0,50.8,231,236
2024-11-15 14:58:00,50.2,50.8,231,235
2024-11-15 15:00:00,49.7,50.9,231,237
2024-11-15 15:02:00,50.1,50.7,232,238
2024-11-15 15:04:00,50.1,50.7,232,236
2024-11-15 15:06:00,49.9,50.7,231,238
2024-11-15 15:08:00,49.9,50.1,232,194
2024-11-15 15:10:00,49.9,49.6,231,194
2024-11-15 15:12:00,50.0,4367,232,0
2024-11-15 15:14:00,50.0,50.4,232,240
2024-11-15 15:16:00,49.7,50.5,232,243
2024-11-15 15:18:00,50.0,50.5,231,240
2024-11-15 15:20:00,50.1,49.9,231,239
2024-11-15 15:22:00,50.0,49.7,227,240
2024-11-15 15:24:00,50.0,49.8,227,238
2024-11-15 15:26:00,49.9,49.8,227,238
2024-11-15 15:28:00,50.0,49.9,227,238
2024-11-15 15:30:00,49.9,49.9,227,239
2024-11-15 15:32:00,50.0,49.8,227,239
2024-11-15 15:34:00,50.0,49.9,227,239
2024-11-15 15:36:00,50.0,50.0,227,237
2024-11-15 15:38:00,50.0,50.3,227,237
2024-11-15 15:40:00,49.9,50.3,227,237
2024-11-15 15:42:00,50.0,50.2,227,238
2024-11-15 15:44:00,49.8,50.3,227,237
2024-11-15 15:46:00,49.9,50.3,232,238
2024-11-15 15:48:00,50.0,50.2,228,238
2024-11-15 15:50:00,50.0,50.4,227,238
2024-11-15 15:52:00,49.9,50.3,227,239
2024-11-15 15:54:00,50.0,50.2,228,240
2024-11-15 15:56:00,49.9,50.3,232,238
2024-11-15 15:58:00,50.0,50.3,227,238
2024-11-15 16:00:00,50.1,50.4,227,240
2024-11-15 16:02:00,50.0,50.4,227,237
2024-11-15 16:04:00,49.8,50.4,227,236
2024-11-15 16:06:00,49.9,50.6,228,238
2024-11-15 16:08:00,50.0,50.5,227,238
2024-11-15 16:10:00,50.0,50.5,227,236
2024-11-15 16:12:00,50.1,50.5,227,236
2024-11-15 16:14:00,50.0,50.4,227,239
2024-11-15 16:16:00,49.9,50.5,227,236
2024-11-15 16:18:00,49.9,50.5,227,237
2024-11-15 16:20:00,50,50.5,227,238
2024-11-15 16:22:00,50.0,50.7,227,237
2024-11-15 16:24:00,50.0,50.0,227,175
2024-11-15 16:26:00,50.0,50.3,228,183
2024-11-15 16:28:00,50.0,49.9,227,175
2024-11-15 16:30:00,50.0,50.3,227,177
2024-11-15 16:32:00,49.9,49.7,227,174
2024-11-15 16:34:00,49.8,49.9,227,162
2024-11-15 16:36:00,50.0,49.9,227,163
2024-11-15 16:38:00,50.1,49.8,227,170
2024-11-15 16:40:00,50.0,49.8,227,162
2024-11-15 16:42:00,49.9,49.6,227,161
2024-11-15 16:44:00,49.9,49.7,227,166
2024-11-15 16:46:00,49.9,49.8,227,169
2024-11-15 16:48:00,49.9,49.6,227,180
2024-11-15 16:50:00,49.9,50.0,227,173
2024-11-15 16:52:00,49.9,50.0,227,168
2024-11-15 16:54:00,50.0,49.8,227,173
2024-11-15 16:56:00,50.1,49.6,227,173
2024-11-15 16:58:00,49.7,49.7,227,175
2024-11-15 17:00:00,49.9,50.0,227,168
2024-11-15 17:02:00,50.0,50.1,227,170
2024-11-15 17:04:00,49.8,50.0,228,168
2024-11-15 17:06:00,50.0,50.0,227,165
2024-11-15 17:08:00,49.8,49.9,227,168
2024-11-15 17:10:00,50.2,49.9,227,165
2024-11-15 17:12:00,49.9,49.9,227,172
2024-11-15 17:14:00,50.2,49.3,227,172
2024-11-15 17:16:00,49.9,49.3,227,170
2024-11-15 17:18:00,50.0,49.5,227,175
2024-11-15 17:20:00,49.9,49.3,227,175
2024-11-15 17:22:00,50.0,49.6,227,178
2024-11-15 17:24:00,50.1,49.3,228,167
2024-11-15 17:26:00,49.7,49.1,227,175
2024-11-15 17:28:00,50.0,49.3,227,175
2024-11-15 17:30:00,50.0,49.2,227,175
2024-11-15 17:32:00,50.0,49.6,227,178
2024-11-15 17:34:00,50.0,49.5,227,170
2024-11-15 17:36:00,50.0,49.7,228,176
2024-11-15 17:38:00,50.0,49.7,227,172
2024-11-15 17:40:00,50.0,49.5,227,178
2024-11-15 17:42:00,50.1,49.3,227,174
2024-11-15 17:44:00,50.2,49.6,228,179
2024-11-15 17:46:00,49.9,49.6,227,173
2024-11-15 17:48:00,50.0,49.1,227,170
2024-11-15 17:50:00,50.0,49.2,227,175
2024-11-15 17:52:00,50.0,49.5,227,177
2024-11-15 17:54:00,49.7,49.5,227,179
2024-11-15 17:56:00,49.8,49.3,227,178
2024-11-15 17:58:00,50.1,49.3,227,179
2024-11-15 18:00:00,49.9,49.4,227,178
2024-11-15 18:02:00,50.0,49.5,227,174
2024-11-15 18:04:00,50.0,49.8,227,181
2024-11-15 18:06:00,50.0,49.8,227,174
2024-11-15 18:08:00,49.9,49.7,227,173
2024-11-15 18:10:00,50.1,49.5,227,173
2024-11-15 18:12:00,50.1,49.6,227,174
2024-11-15 18:14:00,50.0,49.9,227,168
2024-11-15 18:16:00,50.2,49.8,227,173
2024-11-15 18:18:00,50.1,49.8,227,170
2024-11-15 18:20:00,50.0,49.7,227,166
2024-11-15 18:22:00,50.0,50.0,228,170
2024-11-15 18:24:00,49.8,49.9,227,169
2024-11-15 18:26:00,50.2,49.8,227,167
2024-11-15 18:28:00,50.1,49.9,227,165
2024-11-15 18:30:00,50.0,49.6,227,163
2024-11-15 18:32:00,50.1,49.8,227,163
2024-11-15 18:34:00,50.0,6536,227,0
2024-11-15 18:36:00,49.8,49.8,227,240
2024-11-15 18:38:00,50.1,49.7,227,184
2024-11-15 18:40:00,50.0,49.8,227,178
2024-11-15 18:42:00,50.0,49.8,227,170
2024-11-15 18:44:00,50.2,49.9,228,170
2024-11-15 18:46:00,50.1,49.9,227,175
2024-11-15 18:48:00,49.9,49.8,227,168
2024-11-15 18:50:00,50.0,49.8,227,169
2024-11-15 18:52:00,50.2,49.8,227,176
2024-11-15 18:54:00,49.9,49.8,227,173
2024-11-15 18:56:00,50.0,49.7,227,169
2024-11-15 18:58:00,50.0,49.4,227,168
2024-11-15 19:00:00,50.0,49.4,227,168
2024-11-15 19:02:00,50.1,49.7,227,168
2024-11-15 19:04:00,50.0,49.8,227,173
2024-11-15 19:06:00,50.0,49.6,227,167
2024-11-15 19:08:00,50.0,49.5,227,168
2024-11-15 19:10:00,49.9,49.5,227,170
2024-11-15 19:12:00,50.0,49.5,227,172
2024-11-15 19:14:00,49.9,49.5,227,166
2024-11-15 19:16:00,50.0,49.5,227,168
2024-11-15 19:18:00,49.9,49.4,232,173
2024-11-15 19:20:00,49.7,49.4,227,172
2024-11-15 19:22:00,50.0,49.3,232,173
2024-11-15 19:24:00,49.9,49.4,227,170
2024-11-15 19:26:00,50.0,49.3,232,168
2024-11-15 19:28:00,50.0,49.2,227,170
2024-11-15 19:30:00,50.1,49.7,232,156
2024-11-15 19:32:00,50.1,49.4,227,162
2024-11-15 19:34:00,50.1,49.4,227,167
2024-11-15 19:36:00,49.9,49.5,227,165
2024-11-15 19:38:00,50.0,49.6,227,164
2024-11-15 19:40:00,50.1,49.4,227,163
2024-11-15 19:42:00,50.0,49.6,227,168
2024-11-15 19:44:00,50.2,49.3,227,160
2024-11-15 19:46:00,50.0,49.5,227,161
2024-11-15 19:48:00,50.0,49.5,232,161
2024-11-15 19:50:00,50.0,49.5,227,168
2024-11-15 19:52:00,49.9,49.8,232,169
2024-11-15 19:54:00,50.0,49.7,227,169
2024-11-15 19:56:00,50.0,50.0,227,171
2024-11-15 19:58:00,50.0,49.7,227,173
2024-11-15 20:00:00,49.9,49.8,227,171
2024-11-15 20:02:00,50.0,49.8,227,173
2024-11-15 20:04:00,50.0,49.5,227,174
2024-11-15 20:06:00,50.0,49.6,227,174
2024-11-15 20:08:00,49.8,49.7,227,174
2024-11-15 20:10:00,50.3,49.5,227,172
2024-11-15 20:12:00,50.2,49.7,227,172
2024-11-15 20:14:00,49.9,49.4,232,170
2024-11-15 20:16:00,49.9,49.6,227,173
2024-11-15 20:18:00,49.7,49.4,232,171
2024-11-15 20:20:00,99.1,49.5,227,168
2024-11-15 20:22:00,50.1,49.5,227,172
2024-11-15 20:24:00,50.1,49.3,227,173
2024-11-15 20:26:00,49.9,49.6,227,170
2024-11-15 20:28:00,49.9,49.7,227,175
2024-11-15 20:30:00,50.0,49.4,227,174
2024-11-15 20:32:00,50.1,49.7,227,175
2024-11-15 20:34:00,50.0,49.5,227,170
2024-11-15 20:36:00,50.0,49.4,227,178
2024-11-15 20:38:00,49.8,49.5,227,177
2024-11-15 20:40:00,50.2,49.6,232,179
2024-11-15 20:42:00,50.0,49.7,227,167
2024-11-15 20:44:00,50.0,49.6,232,169
2024-11-15 20:46:00,49.9,49.7,227,177
2024-11-15 20:48:00,50.0,49.9,230,176
2024-11-15 20:50:00,50.0,49.8,227,181
2024-11-15 20:52:00,50.0,50.0,227,188
2024-11-15 20:54:00,50.1,49.9,227,188
2024-11-15 20:56:00,49.9,49.9,227,185
2024-11-15 20:58:00,50.0,49.9,228,184
2024-11-15 21:00:00,49.9,50.0,227,185
2024-11-15 21:02:00,50.0,50.0,227,180
2024-11-15 21:04:00,50.1,50.2,227,184
2024-11-15 21:06:00,49.9,49.7,227,186
2024-11-15 21:08:00,50.1,49.9,227,183
2024-11-15 21:10:00,50.0,49.8,232,185
2024-11-15 21:12:00,50.1,49.9,227,185
2024-11-15 21:14:00,50.1,50.1,232,193
2024-11-15 21:16:00,49.9,49.6,227,190
2024-11-15 21:18:00,49.7,49.8,227,193
2024-11-15 21:20:00,50.0,49.6,228,192
2024-11-15 21:22:00,49.8,49.8,227,190
2024-11-15 21:24:00,49.8,50.1,227,187
2024-11-15 21:26:00,49.7,50.0,227,190
2024-11-15 21:28:00,50.0,49.9,229,191
2024-11-15 21:30:00,50.3,50.1,228,192
2024-11-15 21:32:00,50.0,49.9,233,192
2024-11-15 21:34:00,49.9,49.9,228,194
2024-11-15 21:36:00,50.0,49.8,228,194
2024-11-15 21:38:00,50.3,49.8,227,190
2024-11-15 21:40:00,50.1,50.0,227,190
2024-11-15 21:42:00,50.0,49.9,227,191
2024-11-15 21:44:00,50.0,50.2,228,192
2024-11-15 21:46:00,49.9,50.1,227,194
2024-11-15 21:48:00,50.1,50.0,228,198
2024-11-15 21:50:00,50.2,50.2,233,197
2024-11-15 21:52:00,49.9,50.2,227,195
2024-11-15 21:54:00,50.1,50.2,228,197
2024-11-15 21:56:00,50.0,50.3,227,199
2024-11-15 21:58:00,49.9,50.3,227,197
2024-11-15 22:00:00,50.0,50.3,227,197
2024-11-15 22:02:00,49.9,50.3,227,200
2024-11-15 22:04:00,50.0,50.2,232,200
2024-11-15 22:06:00,50.0,50.1,227,202
2024-11-15 22:08:00,50.1,50.3,232,200
2024-11-15 22:10:00,50.0,50.4,227,203
2024-11-15 22:12:00,49.9,50.3,227,201
2024-11-15 22:14:00,50.0,50.3,227,199
2024-11-15 22:16:00,49.9,50.2,227,202
2024-11-15 22:18:00,50.0,49.8,227,204
2024-11-15 22:20:00,50.1,50.2,227,202
2024-11-15 22:22:00,49.9,50.2,232,202
2024-11-15 22:24:00,50.0,50.2,227,205
2024-11-15 22:26:00,50.0,50.0,227,203
2024-11-15 22:28:00,50.0,50.1,227,202
2024-11-15 22:30:00,50.0,50.3,230,209
2024-11-15 22:32:00,50.1,50.0,227,206
2024-11-15 22:34:00,50.0,50.0,227,205
2024-11-15 22:36:00,50.0,50.0,232,204
2024-11-15 22:38:00,50.1,50.1,227,208
2024-11-15 22:40:00,50.0,50.1,227,206
2024-11-15 22:42:00,50.0,50.2,227,205
2024-11-15 22:44:00,50.0,50.3,227,207
2024-11-15 22:46:00,50.1,50.3,227,207
2024-11-15 22:48:00,50.0,50.2,227,204
2024-11-15 22:50:00,50.2,50.3,233,207
2024-11-15 22:52:00,49.8,50.4,228,209
2024-11-15 22:54:00,49.9,50.4,232,207
2024-11-15 22:56:00,50.0,50.3,227,208
2024-11-15 22:58:00,49.8,50.3,227,210
2024-11-15 23:00:00,49.9,50.5,228,210
2024-11-15 23:02:00,50.0,50.5,227,209
2024-11-15 23:04:00,49.9,50.4,232,211
2024-11-15 23:06:00,49.9,50.5,233,209
2024-11-15 23:08:00,49.9,50.4,233,210
2024-11-15 23:10:00,50.0,50.5,232,211
2024-11-15 23:12:00,50.2,50.7,232,211
2024-11-15 23:14:00,50.0,50.5,232,210
2024-11-15 23:16:00,50.0,50.6,232,214
2024-11-15 23:18:00,49.9,50.5,233,212
2024-11-15 23:20:00,50.1,49.8,231,210
2024-11-15 23:22:00,50.1,49.9,232,212
2024-11-15 23:24:00,50.1,50.0,232,214
2024-11-15 23:26:00,50.1,50.0,232,212
2024-11-15 23:28:00,50.1,49.8,233,212
2024-11-15 23:30:00,49.9,49.9,232,214
2024-11-15 23:32:00,49.9,49.8,233,212
2024-11-15 23:34:00,49.9,50.0,231,213
2024-11-15 23:36:00,50.0,49.8,232,213
2024-11-15 23:38:00,49.9,49.7,227,211
2024-11-15 23:40:00,50.1,49.7,227,211
2024-11-15 23:42:00,50.0,50.0,227,212
2024-11-15 23:44:00,49.9,49.8,227,213
2024-11-15 23:46:00,49.8,49.9,232,211
2024-11-15 23:48:00,50.1,49.9,227,213
2024-11-15 23:50:00,50.0,50.1,228,215
2024-11-15 23:52:00,49.9,50.0,227,214
2024-11-15 23:54:00,49.9,50.1,227,214
2024-11-15 23:56:00,49.8,50.0,227,213
2024-11-15 23:58:00,49.9,49.8,227,214
2024-11-16 00:00:00,50.0,50.0,232,214
2024-11-16 00:02:00,49.9,50.2,226,213
2024-11-16 00:04:00,50.2,50.2,226,215
2024-11-16 00:06:00,50.1,50.1,226,216
2024-11-16 00:08:00,50.0,50.0,226,215
2024-11-16 00:10:00,50.3,50.2,227,215
2024-11-16 00:12:00,50.2,50.1,227,216
2024-11-16 00:14:00,50.0,50.2,232,216
2024-11-16 00:16:00,50.1,50.2,227,216
2024-11-16 00:18:00,49.8,50.2,227,216
2024-11-16 00:20:00,49.9,50.0,227,217
2024-11-16 00:22:00,49.7,50.2,227,216
2024-11-16 00:24:00,50.0,50.1,232,214
2024-11-16 00:26:00,49.8,50.2,227,216
2024-11-16 00:28:00,49.9,49.9,228,215
2024-11-16 00:30:00,49.9,50.1,227,214
2024-11-16 00:32:00,50.0,50.2,227,217
2024-11-16 00:34:00,50.2,50.0,227,217
2024-11-16 00:36:00,50.0,49.9,227,214
2024-11-16 00:38:00,50.1,50.2,232,216
2024-11-16 00:40:00,49.7,50.1,227,217
2024-11-16 00:42:00,49.8,49.9,227,216
2024-11-16 00:44:00,49.8,50.0,227,215
2024-11-16 00:46:00,49.8,50.0,227,218
2024-11-16 00:48:00,50.0,50.0,232,217
2024-11-16 00:50:00,50.0,49.9,228,215
2024-11-16 00:52:00,50.0,49.8,232,216
2024-11-16 00:54:00,49.9,50.0,228,218
2024-11-16 00:56:00,49.8,49.9,227,216
2024-11-16 00:58:00,50.0,50.0,227,216
2024-11-16 01:00:00,50.0,50.0,227,217
2024-11-16 01:02:00,50.0,50.0,232,217
2024-11-16 01:04:00,49.9,50.0,227,216
2024-11-16 01:06:00,50.1,50.1,227,216
2024-11-16 01:08:00,50.0,50.0,227,217
2024-11-16 01:10:00,50.0,50.2,227,216
2024-11-16 01:12:00,49.8,50.0,228,216
2024-11-16 01:14:00,50.1,50.1,227,218
2024-11-16 01:16:00,50.1,50.0,232,218
2024-11-16 01:18:00,50.1,50.0,227,216
2024-11-16 01:20:00,50.0,50.1,227,216
2024-11-16 01:22:00,49.9,50.1,227,217
2024-11-16 01:24:00,50.0,50.4,227,218
2024-11-16 01:26:00,49.9,50.3,232,217
2024-11-16 01:28:00,49.8,50.1,227,216
2024-11-16 01:30:00,49.9,50.1,232,216
2024-11-16 01:32:00,50.0,50.0,226,216
2024-11-16 01:34:00,50.0,50.0,227,216
2024-11-16 01:36:00,49.9,50.0,227,218
2024-11-16 01:38:00,50.0,50.2,227,216
2024-11-16 01:40:00,49.9,50.0,232,215
2024-11-16 01:42:00,49.7,49.9,227,218
2024-11-16 01:44:00,50.2,50.3,227,219
2024-11-16 01:46:00,50.0,50.0,227,216
2024-11-16 01:48:00,50.0,50.0,227,216
2024-11-16 01:50:00,50.0,50.0,232,217
2024-11-16 01:52:00,49.9,50.0,227,215
2024-11-16 01:54:00,50.0,50.2,228,216
2024-11-16 01:56:00,49.7,50.0,227,218
2024-11-16 01:58:00,50.0,50.1,227,219
2024-11-16 02:00:00,50.0,50.1,227,219
2024-11-16 02:02:00,50.0,50.0,227,217
2024-11-16 02:04:00,49.9,50.1,232,220
2024-11-16 02:06:00,50.0,50.0,227,218
2024-11-16 02:08:00,50.1,50.3,227,219
2024-11-16 02:10:00,50.0,50.1,227,221
2024-11-16 02:12:00,49.8,50.2,227,221
2024-11-16 02:14:00,50.0,50.4,232,219
2024-11-16 02:16:00,49.8,50.2,227,221
2024-11-16 02:18:00,49.8,50.2,228,221
2024-11-16 02:20:00,50.0,50.2,227,219
2024-11-16 02:22:00,49.8,50.2,227,219
2024-11-16 02:24:00,50.0,50.1,231,221
2024-11-16 02:26:00,50.0,50.1,228,220
2024-11-16 02:28:00,50.0,50.0,231,221
2024-11-16 02:30:00,50.0,50.0,227,220
2024-11-16 02:32:00,49.9,50.1,228,221
2024-11-16 02:34:00,50.0,49.9,228,218
2024-11-16 02:36:00,49.8,50.2,227,217
2024-11-16 02:38:00,50.0,49.9,232,219
2024-11-16 02:40:00,50.0,50.2,228,219
2024-11-16 02:42:00,49.9,50.0,228,217
2024-11-16 02:44:00,50.1,49.9,227,219
2024-11-16 02:46:00,50.0,50.0,227,219
2024-11-16 02:48:00,50.0,50.0,232,217
2024-11-16 02:50:00,49.8,50.0,228,216
2024-11-16 02:52:00,50.2,50.1,228,218
2024-11-16 02:54:00,50.0,50.0,227,217
2024-11-16 02:56:00,49.9,50.2,227,217
2024-11-16 02:58:00,49.9,50.1,232,218
2024-11-16 03:00:00,49.8,50.4,227,219
2024-11-16 03:02:00,50.0,50.4,227,219
2024-11-16 03:04:00,50.0,50.1,227,219
2024-11-16 03:06:00,49.9,50.2,227,218
2024-11-16 03:08:00,49.9,50.3,232,218
2024-11-16 03:10:00,50.0,50.1,227,216
2024-11-16 03:12:00,50.1,50.2,227,218
2024-11-16 03:14:00,50.0,50.0,228,218
2024-11-16 03:16:00,49.8,50.2,227,217
2024-11-16 03:18:00,50.0,50.3,233,214
2024-11-16 03:20:00,49.8,50,227,214
2024-11-16 03:22:00,50.0,50.2,227,214
2024-11-16 03:24:00,50.0,50.2,227,214
2024-11-16 03:26:00,50.0,50.3,227,216
2024-11-16 03:28:00,50.0,50.3,232,220
2024-11-16 03:30:00,50.1,50.1,227,217
2024-11-16 03:32:00,50.1,50.0,228,217
2024-11-16 03:34:00,50.0,50.0,227,219
2024-11-16 03:36:00,50.0,50.1,227,219
2024-11-16 03:38:00,50.0,50.0,232,217
2024-11-16 03:40:00,50.0,49.9,227,217
2024-11-16 03:42:00,50.0,49.8,227,216
2024-11-16 03:44:00,50.0,50.0,227,218
2024-11-16 03:46:00,50.0,50.2,227,219
2024-11-16 03:48:00,49.9,50.1,232,219
2024-11-16 03:50:00,49.9,50.2,228,219
2024-11-16 03:52:00,50.0,50.1,227,219
2024-11-16 03:54:00,50.0,50.4,227,219
2024-11-16 03:56:00,49.9,50.2,228,221
2024-11-16 03:58:00,49.9,50.1,232,219
2024-11-16 04:00:00,50.0,50.1,227,216
2024-11-16 04:02:00,50.0,50.0,227,219
2024-11-16 04:04:00,49.8,50.2,227,220
2024-11-16 04:06:00,49.9,50.1,228,218
2024-11-16 04:08:00,50.1,50.0,232,218
2024-11-16 04:10:00,49.9,49.9,227,219
2024-11-16 04:12:00,50.0,50.2,228,219
2024-11-16 04:14:00,50.1,50.0,227,216
2024-11-16 04:16:00,49.9,50.0,228,217
2024-11-16 04:18:00,49.8,50.0,233,219
2024-11-16 04:20:00,50.0,50.2,227,219
2024-11-16 04:22:00,49.9,49.9,227,216
2024-11-16 04:24:00,50.0,50.0,228,219
2024-11-16 04:26:00,49.7,50.3,228,221
2024-11-16 04:28:00,49.8,50.2,233,219
2024-11-16 04:30:00,50.2,50.5,228,219
2024-11-16 04:32:00,49.9,50.2,227,219
2024-11-16 04:34:00,50.1,50.1,228,219
2024-11-16 04:36:00,50.0,50.3,227,221
2024-11-16 04:38:00,50.1,49.9,232,221
2024-11-16 04:40:00,50.0,50.0,228,221
2024-11-16 04:42:00,50.2,50.1,227,220
2024-11-16 04:44:00,49.9,50.1,227,219
2024-11-16 04:46:00,49.9,49.9,226,220
2024-11-16 04:48:00,50.0,50.1,232,218
2024-11-16 04:50:00,50.1,50.1,227,219
2024-11-16 04:52:00,49.8,50.2,227,220
2024-11-16 04:54:00,50.0,50.3,227,220
2024-11-16 04:56:00,50.0,50.4,227,218
2024-11-16 04:58:00,50.0,50.4,232,219
2024-11-16 05:00:00,50.0,50.2,227,221
2024-11-16 05:02:00,50.0,50.2,227,216
2024-11-16 05:04:00,49.7,50.1,227,217
2024-11-16 05:06:00,50.0,50.1,226,217
2024-11-16 05:08:00,50.1,50.2,232,218
2024-11-16 05:10:00,50.0,50.1,227,216
2024-11-16 05:12:00,50.0,50.1,227,216
2024-11-16 05:14:00,49.8,50.0,230,216
2024-11-16 05:16:00,49.8,49.9,227,217
2024-11-16 05:18:00,49.9,49.8,229,217
2024-11-16 05:20:00,50.0,49.9,227,214
2024-11-16 05:22:00,50.0,50.0,227,216
2024-11-16 05:24:00,50.0,49.9,232,214
2024-11-16 05:26:00,50.0,49.9,226,214
2024-11-16 05:28:00,50.0,49.8,227,211
2024-11-16 05:30:00,50.0,49.8,227,212
2024-11-16 05:32:00,50.0,50.0,227,210
2024-11-16 05:34:00,50.0,49.9,231,208
2024-11-16 05:36:00,49.8,49.8,227,207
2024-11-16 05:38:00,50.0,49.9,227,205
2024-11-16 05:40:00,50.0,49.8,227,209
2024-11-16 05:42:00,50.0,49.9,227,209
2024-11-16 05:44:00,49.8,50.0,232,209
2024-11-16 05:46:00,50.0,49.7,227,209
2024-11-16 05:48:00,49.9,49.8,227,206
2024-11-16 05:50:00,50.0,49.8,227,202
2024-11-16 05:52:00,50.0,50.0,227,204
2024-11-16 05:54:00,50.1,49.8,232,206
2024-11-16 05:56:00,50.0,49.9,227,203
2024-11-16 05:58:00,49.7,49.9,227,203
2024-11-16 06:00:00,49.9,49.8,227,204
2024-11-16 06:02:00,50.0,49.9,227,206
2024-11-16 06:04:00,49.9,50.0,232,203
2024-11-16 06:06:00,49.9,49.6,227,199
2024-11-16 06:08:00,49.9,49.8,227,204
2024-11-16 06:10:00,50.0,49.7,232,204
2024-11-16 06:12:00,50.1,49.6,227,199
2024-11-16 06:14:00,49.9,49.6,227,203
2024-11-16 06:16:00,49.9,50.2,227,207
2024-11-16 06:18:00,50.0,50.2,227,209
2024-11-16 06:20:00,50.0,50.0,232,207
2024-11-16 06:22:00,50.0,49.8,227,202
2024-11-16 06:24:00,49.9,50.0,228,209
2024-11-16 06:26:00,50.0,49.6,228,209
2024-11-16 06:28:00,49.9,50.1,227,211
2024-11-16 06:30:00,50.0,49.6,232,209
2024-11-16 06:32:00,49.9,49.7,227,210
2024-11-16 06:34:00,49.9,50.0,227,210
2024-11-16 06:36:00,49.8,50.1,227,210
2024-11-16 06:38:00,49.9,49.6,227,204
2024-11-16 06:40:00,50.0,49.7,232,208
2024-11-16 06:42:00,50.0,49.5,227,210
2024-11-16 06:44:00,50.0,49.5,232,206
2024-11-16 06:46:00,50.1,49.5,227,205
2024-11-16 06:48:00,50.0,50.0,227,202
2024-11-16 06:50:00,49.9,49.7,227,209
2024-11-16 06:52:00,50.1,49.8,227,208
2024-11-16 06:54:00,50.0,49.7,232,209
2024-11-16 06:56:00,50.1,49.8,227,211
2024-11-16 06:58:00,50.0,49.5,227,204
2024-11-16 07:00:00,49.9,49.3,227,198
2024-11-16 07:02:00,49.9,49.7,227,204
2024-11-16 07:04:00,50.0,49.7,227,209
2024-11-16 07:06:00,50.0,49.8,227,211
2024-11-16 07:08:00,49.8,49.8,232,212
2024-11-16 07:10:00,49.9,49.6,227,217
2024-11-16 07:12:00,50.0,49.6,228,213
2024-11-16 07:14:00,50.0,49.8,227,215
2024-11-16 07:16:00,49.9,50.1,227,211
2024-11-16 07:18:00,50.1,49.9,232,206
2024-11-16 07:20:00,50.0,49.9,228,209
2024-11-16 07:22:00,50.2,49.8,232,207
2024-11-16 07:24:00,49.9,49.9,227,203
2024-11-16 07:26:00,50.0,49.9,227,195
2024-11-16 07:28:00,49.9,50.0,227,196
2024-11-16 07:30:00,49.9,50.0,227,202
2024-11-16 07:32:00,50.1,50.0,232,197
2024-11-16 07:34:00,49.9,50.0,227,197
2024-11-16 07:36:00,50.1,50.0,227,201
2024-11-16 07:38:00,50.1,50.0,227,201
2024-11-16 07:40:00,50.0,50.1,227,198
2024-11-16 07:42:00,49.9,49.8,228,205
2024-11-16 07:44:00,50.0,49.7,227,209
2024-11-16 07:46:00,50.1,49.5,232,206
2024-11-16 07:48:00,50.0,49.8,227,209
2024-11-16 07:50:00,49.9,49.6,227,202
2024-11-16 07:52:00,49.9,49.7,227,207
2024-11-16 07:54:00,50.0,49.7,228,206
2024-11-16 07:56:00,49.9,49.6,232,204
2024-11-16 07:58:00,50.1,49.8,228,201
2024-11-16 08:00:00,49.9,49.6,227,204
2024-11-16 08:02:00,49.8,49.8,227,204
2024-11-16 08:04:00,50.0,49.6,227,204
2024-11-16 08:06:00,49.7,49.4,227,208
2024-11-16 08:08:00,50.1,49.5,227,202
2024-11-16 08:10:00,49.9,49.6,232,201
2024-11-16 08:12:00,50.1,49.9,227,198
2024-11-16 08:14:00,50.0,49.8,227,202
2024-11-16 08:16:00,50.1,49.9,228,199
2024-11-16 08:18:00,50.0,50.0,228,203
2024-11-16 08:20:00,50.0,49.9,231,199
2024-11-16 08:22:00,50.2,49.7,231,204
2024-11-16 08:24:00,50.0,49.8,230,199
2024-11-16 08:26:00,50.0,49.6,227,203
2024-11-16 08:28:00,49.9,49.3,227,206
2024-11-16 08:30:00,49.9,49.8,227,208
2024-11-16 08:32:00,50.0,49.6,227,207
2024-11-16 08:34:00,50.0,49.5,232,204
2024-11-16 08:36:00,50.0,49.7,227,208
2024-11-16 08:38:00,50.1,49.5,228,204
2024-11-16 08:40:00,49.9,49.7,227,207
2024-11-16 08:42:00,49.9,49.8,227,206
2024-11-16 08:44:00,50.0,49.8,227,206
2024-11-16 08:46:00,50.0,49.6,227,204
2024-11-16 08:48:00,49.9,49.6,231,202
2024-11-16 08:50:00,50.0,49.4,227,201
2024-11-16 08:52:00,50.1,49.4,228,204
2024-11-16 08:54:00,49.9,49.7,227,201
2024-11-16 08:56:00,49.8,49.7,228,197
2024-11-16 08:58:00,50.0,49.6,228,197
2024-11-16 09:00:00,50.1,49.5,228,197
2024-11-16 09:02:00,50.0,49.7,231,196
2024-11-16 09:04:00,50.0,49.7,227,200
2024-11-16 09:06:00,50.1,49.6,228,202
2024-11-16 09:08:00,49.9,49.7,228,197
2024-11-16 09:10:00,49.9,49.4,227,194
2024-11-16 09:12:00,50.0,49.2,228,195
2024-11-16 09:14:00,50.0,49.5,228,203
2024-11-16 09:16:00,50.0,49.5,232,199
2024-11-16 09:18:00,50.0,49.4,228,199
2024-11-16 09:20:00,50.0,49.8,231,197
2024-11-16 09:22:00,50.1,49.7,227,199
2024-11-16 09:24:00,50.0,49.6,227,204
2024-11-16 09:26:00,50.0,49.7,228,197
2024-11-16 09:28:00,49.9,49.7,227,202
2024-11-16 09:30:00,50.0,49.5,227,198
2024-11-16 09:32:00,50.1,49.6,227,201
2024-11-16 09:34:00,49.8,49.5,231,204
2024-11-16 09:36:00,50.0,49.7,227,201
2024-11-16 09:38:00,50.1,49.6,227,198
2024-11-16 09:40:00,50.0,49.5,227,196
2024-11-16 09:42:00,50.0,49.2,227,192
2024-11-16 09:44:00,50.0,49.6,227,196
2024-11-16 09:46:00,49.9,49.7,227,198
2024-11-16 09:48:00,50.0,49.8,231,194
2024-11-16 09:50:00,50.0,49.5,227,197
2024-11-16 09:52:00,50.0,49.7,231,199
2024-11-16 09:54:00,49.9,49.6,228,199
2024-11-16 09:56:00,50.0,49.5,227,202
2024-11-16 09:58:00,50.1,49.6,228,197
2024-11-16 10:00:00,50.0,49.5,227,197
2024-11-16 10:02:00,50.1,49.7,227,194
2024-11-16 10:04:00,49.9,49.2,228,196
2024-11-16 10:06:00,50.1,49.6,231,197
2024-11-16 10:08:00,49.9,49.7,227,198
2024-11-16 10:10:00,50.1,49.6,228,195
2024-11-16 10:12:00,49.9,49.4,227,190
2024-11-16 10:14:00,50.1,49.9,227,203
2024-11-16 10:16:00,50.1,49.6,227,205
2024-11-16 10:18:00,49.7,49.5,227,196
2024-11-16 10:20:00,50.0,49.6,227,196
2024-11-16 10:22:00,49.9,49.4,227,198
2024-11-16 10:24:00,50.0,49.3,231,199
2024-11-16 10:26:00,49.9,49.5,227,197
2024-11-16 10:28:00,49.9,49.4,227,194
2024-11-16 10:30:00,50.0,49.3,227,194
2024-11-16 10:32:00,50.0,49.5,227,193
2024-11-16 10:34:00,50.0,49.7,227,192
2024-11-16 10:36:00,49.9,49.4,227,187
2024-11-16 10:38:00,49.9,49.4,231,188
2024-11-16 10:40:00,50.2,49.8,227,191
2024-11-16 10:42:00,50.0,49.4,231,191
2024-11-16 10:44:00,49.9,49.7,227,193
2024-11-16 10:46:00,50.0,49.4,227,192
2024-11-16 10:48:00,49.9,49.6,227,187
2024-11-16 10:50:00,50.0,49.2,228,190
2024-11-16 10:52:00,50.1,49.5,227,181
2024-11-16 10:54:00,50.0,49.4,228,185
2024-11-16 10:56:00,50.0,49.4,231,184
2024-11-16 10:58:00,50.0,49.3,227,185
2024-11-16 11:00:00,50.1,49.6,231,192
2024-11-16 11:02:00,50.0,49.6,228,187
2024-11-16 11:04:00,49.9,49.7,227,187
2024-11-16 11:06:00,49.9,49.6,227,186
2024-11-16 11:08:00,49.9,49.4,227,189
2024-11-16 11:10:00,50.0,49.5,227,188
2024-11-16 11:12:00,49.8,49.7,228,186
2024-11-16 11:14:00,50.0,49.4,231,185
2024-11-16 11:16:00,50.1,49.4,228,190
2024-11-16 11:18:00,49.9,49.6,231,186
2024-11-16 11:20:00,50.0,49.5,227,185
2024-11-16 11:22:00,49.9,49.4,228,184
2024-11-16 11:24:00,49.9,49.4,227,183
2024-11-16 11:26:00,49.8,49.7,228,189
2024-11-16 11:28:00,49.9,49.2,228,186
2024-11-16 11:30:00,49.8,49.3,228,185
2024-11-16 11:32:00,49.8,49.5,231,187
2024-11-16 11:34:00,50.1,49.6,228,188
2024-11-16 11:36:00,49.9,49.5,227,184
2024-11-16 11:38:00,50.0,49.4,227,189
2024-11-16 11:40:00,50.1,49.4,227,186
2024-11-16 11:42:00,50.0,49.1,232,187
2024-11-16 11:44:00,50.0,49.4,232,179
2024-11-16 11:46:00,49.9,49.3,231,181
2024-11-16 11:48:00,50.2,49.2,231,185
2024-11-16 11:50:00,50.1,49.3,232,187
2024-11-16 11:52:00,49.8,49.4,231,185
2024-11-16 11:54:00,50.0,49.3,232,187
2024-11-16 11:56:00,50.0,49.5,231,180
2024-11-16 11:58:00,49.9,49.3,231,178
2024-11-16 12:00:00,50.0,49.5,231,180
2024-11-16 12:02:00,49.9,49.3,231,186
2024-11-16 12:04:00,49.8,49.2,231,188
2024-11-16 12:06:00,49.9,49.5,231,191
2024-11-16 12:08:00,49.9,49.5,232,188
2024-11-16 12:10:00,50.0,49.4,231,189
2024-11-16 12:12:00,50.0,49.7,232,192
2024-11-16 12:14:00,50.0,49.5,231,196
2024-11-16 12:16:00,49.9,49.6,231,194
2024-11-16 12:18:00,50.0,49.6,231,187
2024-11-16 12:20:00,50.1,49.2,231,186
2024-11-16 12:22:00,50.0,49.3,231,192
2024-11-16 12:24:00,50.2,49.7,231,185
2024-11-16 12:26:00,50.0,49.4,231,185
2024-11-16 12:28:00,49.9,49.5,231,183
2024-11-16 12:30:00,50,49.8,232,186
2024-11-16 12:32:00,49.9,49.6,231,186
2024-11-16 12:34:00,49.8,49.6,231,183
2024-11-16 12:36:00,50.1,49.5,231,187
2024-11-16 12:38:00,49.8,49.6,231,183
2024-11-16 12:40:00,50.0,49.1,231,182
2024-11-16 12:42:00,50.2,49.2,231,183
2024-11-16 12:44:00,50.0,49.6,231,187
2024-11-16 12:46:00,50.0,49.5,230,184
2024-11-16 12:48:00,50.0,49.4,231,191
2024-11-16 12:50:00,49.9,49.4,231,190
2024-11-16 12:52:00,49.9,49.4,232,187
2024-11-16 12:54:00,50.0,49.3,231,185
2024-11-16 12:56:00,50.0,49.3,232,185
2024-11-16 12:58:00,50.1,49.5,231,185
2024-11-16 13:00:00,49.9,49.4,231,180
2024-11-16 13:02:00,50.1,49.7,231,183
2024-11-16 13:04:00,50.1,49.7,231,186
2024-11-16 13:06:00,50.0,49.7,231,185
2024-11-16 13:08:00,50.0,49.2,231,183
2024-11-16 13:10:00,50.0,49.6,231,186
2024-11-16 13:12:00,50.1,49.2,231,187
2024-11-16 13:14:00,50.1,49.7,232,187
2024-11-16 13:16:00,50.0,49.5,231,186
2024-11-16 13:18:00,50.0,49.5,232,190
2024-11-16 13:20:00,50,49.3,231,187
2024-11-16 13:22:00,50.0,49.3,231,187
2024-11-16 13:24:00,50.0,49.3,231,186
2024-11-16 13:26:00,50.0,49.5,231,182
2024-11-16 13:28:00,49.9,49.3,231,182
2024-11-16 13:30:00,50.1,49.2,231,178
2024-11-16 13:32:00,50.2,49.3,232,180
2024-11-16 13:34:00,50.0,49.7,231,182
2024-11-16 13:36:00,49.7,49.7,232,180
2024-11-16 13:38:00,50.0,49.7,231,182
2024-11-16 13:40:00,50.0,49.3,231,185
2024-11-16 13:42:00,50.0,49.2,231,180
2024-11-16 13:44:00,50.1,49.1,231,185
2024-11-16 13:46:00,50.0,49.6,231,182
2024-11-16 13:48:00,50.1,49.5,231,182
2024-11-16 13:50:00,50.1,49.5,232,180
2024-11-16 13:52:00,50.0,49.2,231,183
2024-11-16 13:54:00,50.0,49.7,232,184
2024-11-16 13:56:00,49.9,49.5,231,183
2024-11-16 13:58:00,50.0,49.3,231,185
2024-11-16 14:00:00,50.0,49.0,231,182
2024-11-16 14:02:00,50.0,49.2,231,183
2024-11-16 14:04:00,50.0,49.4,231,185
2024-11-16 14:06:00,49.9,49.5,231,185
2024-11-16 14:08:00,50.0,49.4,232,181
2024-11-16 14:10:00,49.8,49.6,230,188
2024-11-16 14:12:00,49.9,49.6,232,186
2024-11-16 14:14:00,50.1,49.3,231,188
2024-11-16 14:16:00,50.1,49.1,231,183
2024-11-16 14:18:00,49.8,49.3,231,184
2024-11-16 14:20:00,50.0,49.5,231,187
2024-11-16 14:22:00,50.1,49.6,231,178
2024-11-16 14:24:00,49.8,49.2,231,180
2024-11-16 14:26:00,49.8,49.5,231,182
2024-11-16 14:28:00,49.9,49.5,231,177
2024-11-16 14:30:00,50.1,49.5,232,178
2024-11-16 14:32:00,50.1,49.2,231,176
2024-11-16 14:34:00,50.1,49.2,231,175
2024-11-16 14:36:00,50.0,49.5,231,178
2024-11-16 14:38:00,50.1,49.4,231,177
2024-11-16 14:40:00,49.9,49.7,231,180
2024-11-16 14:42:00,50.1,49.6,231,178
2024-11-16 14:44:00,50.0,49.6,232,185
2024-11-16 14:46:00,49.9,49.8,231,185
2024-11-16 14:48:00,50.1,49.4,232,184
2024-11-16 14:50:00,49.8,49.3,231,190
2024-11-16 14:52:00,49.9,49.3,230,189
2024-11-16 14:54:00,50.0,49.3,230,182
2024-11-16 14:56:00,50.0,49.2,230,184
2024-11-16 14:58:00,50.1,49.2,231,185
2024-11-16 15:00:00,50.1,49.5,231,181
2024-11-16 15:02:00,49.8,49.5,231,183
2024-11-16 15:04:00,49.9,49.4,231,186
2024-11-16 15:06:00,49.8,49.6,232,180
2024-11-16 15:08:00,50.0,49.2,230,178
2024-11-16 15:10:00,50.0,49.1,232,180
2024-11-16 15:12:00,49.9,49.0,231,199
2024-11-16 15:14:00,50.1,49.3,231,195
2024-11-16 15:16:00,50.0,49.5,231,195
2024-11-16 15:18:00,50.1,49.5,231,192
2024-11-16 15:20:00,50.0,49.5,231,189
2024-11-16 15:22:00,50.0,49.5,231,192
2024-11-16 15:24:00,50.0,49.1,232,194
2024-11-16 15:26:00,50.0,49.1,228,194
2024-11-16 15:28:00,50.0,49.3,232,189
2024-11-16 15:30:00,50.0,49.1,227,190
2024-11-16 15:32:00,49.9,49.5,228,191
2024-11-16 15:34:00,50.1,49.5,227,190
2024-11-16 15:36:00,49.8,49.5,227,187
2024-11-16 15:38:00,49.8,49.3,228,183
2024-11-16 15:40:00,49.8,49.4,227,184
2024-11-16 15:42:00,49.9,49.3,227,190
2024-11-16 15:44:00,49.9,49.1,228,187
2024-11-16 15:46:00,50.0,49.3,232,190
2024-11-16 15:48:00,50.1,49.1,228,192
2024-11-16 15:50:00,50.0,49.0,232,190
2024-11-16 15:52:00,50.0,49.4,227,187
2024-11-16 15:54:00,50.0,49.6,227,187
2024-11-16 15:56:00,50.0,49.3,227,193
2024-11-16 15:58:00,49.8,49.4,227,190
2024-11-16 16:00:00,49.9,49.3,228,189
2024-11-16 16:02:00,50.1,49.2,227,188
2024-11-16 16:04:00,49.8,48.8,232,192
2024-11-16 16:06:00,50.2,49.3,227,190
2024-11-16 16:08:00,50.0,49.2,232,186
2024-11-16 16:10:00,50.0,49.4,228,186
2024-11-16 16:12:00,49.9,49.6,227,188
2024-11-16 16:14:00,49.8,49.5,227,190
2024-11-16 16:16:00,49.9,49.8,227,193
2024-11-16 16:18:00,50.1,49.4,227,180
2024-11-16 16:20:00,50.0,49.3,227,176
2024-11-16 16:22:00,50.1,49.2,227,181
2024-11-16 16:24:00,50.0,49.4,227,187
2024-11-16 16:26:00,50.0,49.6,232,185
2024-11-16 16:28:00,49.7,49.3,227,187
2024-11-16 16:30:00,50.0,49.5,230,186
2024-11-16 16:32:00,50.0,49.7,228,184
2024-11-16 16:34:00,50.0,49.4,228,180
2024-11-16 16:36:00,49.7,49.0,228,178
2024-11-16 16:38:00,50.0,49.6,228,187
2024-11-16 16:40:00,50.0,49.3,228,180
2024-11-16 16:42:00,50.0,49.3,228,189
2024-11-16 16:44:00,50.0,49.2,227,182
2024-11-16 16:46:00,50.0,49.4,228,183
2024-11-16 16:48:00,50.1,49.2,233,182
2024-11-16 16:50:00,49.8,49.6,228,186
2024-11-16 16:52:00,49.9,49.6,232,188
2024-11-16 16:54:00,50.0,49.5,228,185
2024-11-16 16:56:00,50.1,49.1,228,183
2024-11-16 16:58:00,50.0,49.2,228,183
2024-11-16 17:00:00,50.0,49.2,228,185
2024-11-16 17:02:00,50.1,49.1,228,178
2024-11-16 17:04:00,49.9,49.3,228,178
2024-11-16 17:06:00,50.1,49.3,228,182
2024-11-16 17:08:00,49.9,49.1,228,178
2024-11-16 17:10:00,50.0,49.3,232,185
2024-11-16 17:12:00,50.1,50.1,228,176
2024-11-16 17:14:00,50.1,49.8,231,171
2024-11-16 17:16:00,50.1,49.6,228,175
2024-11-16 17:18:00,50.1,49.7,228,185
2024-11-16 17:20:00,49.9,49.7,228,179
2024-11-16 17:22:00,50.0,49.5,228,166
2024-11-16 17:24:00,50.0,50.0,227,172
2024-11-16 17:26:00,50.2,50.1,227,176
2024-11-16 17:28:00,50.0,49.8,228,180
2024-11-16 17:30:00,49.9,49.5,228,181
2024-11-16 17:32:00,50.0,49.5,232,181
2024-11-16 17:34:00,49.9,49.6,227,178
2024-11-16 17:36:00,50.0,49.7,227,173
2024-11-16 17:38:00,49.9,49.5,227,176
2024-11-16 17:40:00,50.1,49.6,227,174
2024-11-16 17:42:00,49.8,49.7,227,174
2024-11-16 17:44:00,50.0,49.9,227,177
2024-11-16 17:46:00,50.0,49.8,232,181
2024-11-16 17:48:00,49.9,49.7,227,183
2024-11-16 17:50:00,50.3,49.4,227,185
2024-11-16 17:52:00,50.0,49.4,228,180
2024-11-16 17:54:00,49.9,49.5,227,180
2024-11-16 17:56:00,50.0,49.6,227,173
2024-11-16 17:58:00,50.1,49.6,227,174
2024-11-16 18:00:00,50.0,49.6,232,176
2024-11-16 18:02:00,50.1,49.3,228,172
2024-11-16 18:04:00,50.0,49.3,227,177
2024-11-16 18:06:00,50.1,49.4,227,185
2024-11-16 18:08:00,50.0,49.7,227,185
2024-11-16 18:10:00,49.8,49.8,232,178
2024-11-16 18:12:00,50.0,49.4,227,177
2024-11-16 18:14:00,50.1,49.6,227,178
2024-11-16 18:16:00,49.8,49.2,228,185
2024-11-16 18:18:00,50.0,49.5,228,183
2024-11-16 18:20:00,49.8,49.3,231,178
2024-11-16 18:22:00,50.1,49.0,228,181
2024-11-16 18:24:00,50.0,49.2,228,180
2024-11-16 18:26:00,49.9,49.6,228,190
2024-11-16 18:28:00,50.1,49.7,228,185
2024-11-16 18:30:00,49.9,49.7,231,176
2024-11-16 18:32:00,49.8,49.5,228,169
2024-11-16 18:34:00,50.0,49.3,228,175
2024-11-16 18:36:00,50.0,49.6,228,179
2024-11-16 18:38:00,50.0,49.3,228,177
2024-11-16 18:40:00,50.0,49.3,232,180
2024-11-16 18:42:00,50.0,49.6,228,178
2024-11-16 18:44:00,49.9,49.4,227,176
2024-11-16 18:46:00,50.0,49.5,228,176
2024-11-16 18:48:00,50.0,49.6,228,173
2024-11-16 18:50:00,50.0,49.6,228,174
2024-11-16 18:52:00,50.0,49.4,228,178
2024-11-16 18:54:00,49.9,49.7,232,177
2024-11-16 18:56:00,50.0,49.7,228,179
2024-11-16 18:58:00,49.9,49.4,228,180
2024-11-16 19:00:00,50.0,49.6,228,182
2024-11-16 19:02:00,50.0,49.2,228,184
2024-11-16 19:04:00,49.9,49.4,232,187
2024-11-16 19:06:00,49.9,49.4,228,188
2024-11-16 19:08:00,49.7,49.3,228,187
2024-11-16 19:10:00,50.1,49.3,228,186
2024-11-16 19:12:00,50.1,49.1,228,188
2024-11-16 19:14:00,50.0,49.6,231,183
2024-11-16 19:16:00,50.1,49.2,228,181
2024-11-16 19:18:00,50.0,49.3,232,179
2024-11-16 19:20:00,49.7,49.5,227,183
2024-11-16 19:22:00,50.0,49.6,227,182
2024-11-16 19:24:00,50.0,49.5,227,185
2024-11-16 19:26:00,50.1,49.7,227,181
2024-11-16 19:28:00,50.0,49.8,232,180
2024-11-16 19:30:00,49.9,49.6,227,182
2024-11-16 19:32:00,50.3,49.6,227,183
2024-11-16 19:34:00,50.0,49.5,227,183
2024-11-16 19:36:00,49.8,49.7,227,185
2024-11-16 19:38:00,50.0,49.5,227,186
2024-11-16 19:40:00,49.9,49.2,227,184
2024-11-16 19:42:00,49.9,49.3,227,185
2024-11-16 19:44:00,49.9,48.9,227,187
2024-11-16 19:46:00,50.0,49.3,227,187
2024-11-16 19:48:00,49.9,49.2,227,187
2024-11-16 19:50:00,50.0,49.2,227,182
2024-11-16 19:52:00,50.0,49.2,227,188
2024-11-16 19:54:00,50.0,49.4,227,187
2024-11-16 19:56:00,50.0,49.5,227,185
2024-11-16 19:58:00,49.9,49.6,227,185
2024-11-16 20:00:00,50.0,49.6,227,188
2024-11-16 20:02:00,50.0,49.5,227,183
2024-11-16 20:04:00,50.1,49.4,227,182
2024-11-16 20:06:00,49.9,49.5,227,184
2024-11-16 20:08:00,50.1,49.6,227,184
2024-11-16 20:10:00,50.0,49.2,227,183
2024-11-16 20:12:00,50.1,49.1,227,177
2024-11-16 20:14:00,50.0,49.0,228,178
2024-11-16 20:16:00,50.0,49.0,227,180
2024-11-16 20:18:00,50.0,49.3,228,178
2024-11-16 20:20:00,50.0,49.1,228,178
2024-11-16 20:22:00,49.9,49.3,228,178
2024-11-16 20:24:00,49.8,49.5,227,185
2024-11-16 20:26:00,50.0,49.6,227,187
2024-11-16 20:28:00,49.9,49.6,227,191
2024-11-16 20:30:00,50.0,49.3,228,189
2024-11-16 20:32:00,50.1,49.6,227,194
2024-11-16 20:34:00,49.9,49.5,228,194
2024-11-16 20:36:00,50.0,49.5,228,194
2024-11-16 20:38:00,50.0,49.6,227,192
2024-11-16 20:40:00,50.0,49.7,227,192
2024-11-16 20:42:00,50.0,49.4,227,180
2024-11-16 20:44:00,50.0,49.4,228,182
2024-11-16 20:46:00,50.0,49.1,228,187
2024-11-16 20:48:00,50.0,49.2,227,187
2024-11-16 20:50:00,49.9,49.5,228,188
2024-11-16 20:52:00,49.9,49.5,227,193
2024-11-16 20:54:00,49.9,49.8,227,187
2024-11-16 20:56:00,50.0,50.3,228,196
2024-11-16 20:58:00,50.0,50.0,228,196
2024-11-16 21:00:00,49.9,49.9,227,194
2024-11-16 21:02:00,49.9,49.9,227,198
2024-11-16 21:04:00,50.0,49.9,227,199
2024-11-16 21:06:00,50.1,49.9,227,197
2024-11-16 21:08:00,50.0,50.0,227,197
2024-11-16 21:10:00,50.0,49.7,227,194
2024-11-16 21:12:00,50.1,49.8,232,198
2024-11-16 21:14:00,50.1,49.4,232,197
2024-11-16 21:16:00,50.0,49.6,231,199
2024-11-16 21:18:00,50.0,49.6,231,198
2024-11-16 21:20:00,50.0,49.9,231,199
2024-11-16 21:22:00,50.0,49.7,231,198
2024-11-16 21:24:00,50.0,49.7,231,199
2024-11-16 21:26:00,49.9,49.9,232,197
2024-11-16 21:28:00,50.0,50.0,231,198
2024-11-16 21:30:00,49.9,50.0,232,202
2024-11-16 21:32:00,49.9,50.0,231,200
2024-11-16 21:34:00,49.8,50.1,231,200
2024-11-16 21:36:00,50.0,50.2,231,201
2024-11-16 21:38:00,50.1,50.0,231,198
2024-11-16 21:40:00,50.0,50.0,231,202
2024-11-16 21:42:00,50.0,50.0,231,205
2024-11-16 21:44:00,50.0,49.9,231,204
2024-11-16 21:46:00,50.0,49.7,231,207
2024-11-16 21:48:00,49.9,49.8,231,206
2024-11-16 21:50:00,50.0,49.6,231,207
2024-11-16 21:52:00,50.1,49.6,231,207
2024-11-16 21:54:00,49.9,49.6,231,206
2024-11-16 21:56:00,50.0,49.7,231,209
2024-11-16 21:58:00,50.1,50.2,231,208
2024-11-16 22:00:00,50.0,50.3,231,208
2024-11-16 22:02:00,49.9,49.7,231,205
2024-11-16 22:04:00,50.0,50.1,231,207
2024-11-16 22:06:00,50.1,50.4,231,208
2024-11-16 22:08:00,49.9,50.1,231,204
2024-11-16 22:10:00,50.0,50.1,231,207
2024-11-16 22:12:00,49.9,50.0,231,206
2024-11-16 22:14:00,50.0,50.1,231,207
2024-11-16 22:16:00,50.1,49.9,231,211
2024-11-16 22:18:00,50.0,49.9,231,207
2024-11-16 22:20:00,50.0,50.2,231,208
2024-11-16 22:22:00,50.0,50.0,231,208
2024-11-16 22:24:00,49.9,49.8,231,211
2024-11-16 22:26:00,49.8,50.0,231,210
2024-11-16 22:28:00,50.0,50.0,231,210
2024-11-16 22:30:00,50.0,50.0,231,210
2024-11-16 22:32:00,50.0,50.0,231,212
2024-11-16 22:34:00,49.8,50.0,231,212
2024-11-16 22:36:00,50.0,49.9,231,211
2024-11-16 22:38:00,50.0,50.2,231,211
2024-11-16 22:40:00,50.0,50.2,231,214
2024-11-16 22:42:00,50.1,50.2,231,213
2024-11-16 22:44:00,50.0,50.3,231,213
2024-11-16 22:46:00,49.9,50.1,231,211
2024-11-16 22:48:00,50.0,50.2,231,214
2024-11-16 22:50:00,49.8,50.2,231,212
2024-11-16 22:52:00,50.0,50.1,231,212
2024-11-16 22:54:00,49.9,50.2,231,211
2024-11-16 22:56:00,49.9,50.1,231,213
2024-11-16 22:58:00,49.9,50.1,231,213
2024-11-16 23:00:00,50.1,50.0,231,215
2024-11-16 23:02:00,49.8,50.1,231,216
2024-11-16 23:04:00,50.0,50.0,227,216
2024-11-16 23:06:00,50.0,50.2,227,216
2024-11-16 23:08:00,50.0,50.2,227,218
2024-11-16 23:10:00,49.8,50.5,227,220
2024-11-16 23:12:00,50.0,50.4,228,218
2024-11-16 23:14:00,50.0,50.2,227,218
2024-11-16 23:16:00,50.0,50.4,227,216
2024-11-16 23:18:00,49.9,50.3,227,218
2024-11-16 23:20:00,49.9,50.5,227,220
2024-11-16 23:22:00,49.8,50.4,227,220
2024-11-16 23:24:00,49.9,50.6,228,219
2024-11-16 23:26:00,49.9,50.6,227,219
2024-11-16 23:28:00,49.7,50.5,227,219
2024-11-16 23:30:00,49.9,50.5,227,219
2024-11-16 23:32:00,50.0,50.5,227,219
2024-11-16 23:34:00,50.0,50.3,227,219
2024-11-16 23:36:00,50.1,50.5,228,219
2024-11-16 23:38:00,50.0,50.7,227,219
2024-11-16 23:40:00,50.1,50.5,227,219
2024-11-16 23:42:00,49.9,50.5,228,217
2024-11-16 23:44:00,49.8,50.4,227,220
2024-11-16 23:46:00,49.7,50.4,227,223
2024-11-16 23:48:00,50.0,50.7,228,222
2024-11-16 23:50:00,50.1,50.7,228,223
2024-11-16 23:52:00,50.0,50.4,227,221
2024-11-16 23:54:00,50.2,50.8,228,221
2024-11-16 23:56:00,50.0,49.6,227,221
2024-11-16 23:58:00,49.9,50.7,228,223
2024-11-17 00:00:00,50.0,50.6,228,223
2024-11-17 00:02:00,50.0,50.4,228,222
2024-11-17 00:04:00,49.8,50.5,228,224
2024-11-17 00:06:00,50.0,50.4,228,223
2024-11-17 00:08:00,49.9,50.3,228,223
2024-11-17 00:10:00,49.9,50.2,227,222
2024-11-17 00:12:00,50.1,50.7,228,223
2024-11-17 00:14:00,50.0,50.3,228,223
2024-11-17 00:16:00,49.9,50.6,228,224
2024-11-17 00:18:00,50.1,50.4,228,222
2024-11-17 00:20:00,50.0,50.6,228,223
2024-11-17 00:22:00,50.1,50.2,228,223
2024-11-17 00:24:00,50.0,50.4,228,224
2024-11-17 00:26:00,49.9,50.8,228,224
2024-11-17 00:28:00,50.0,50.6,228,225
2024-11-17 00:30:00,50,50.5,228,225
2024-11-17 00:32:00,50.0,50.6,228,224
2024-11-17 00:34:00,49.8,50.4,228,223
2024-11-17 00:36:00,49.9,50.6,228,226
2024-11-17 00:38:00,49.9,50.7,228,225
2024-11-17 00:40:00,50.1,50.4,228,223
2024-11-17 00:42:00,50.0,50.5,228,225
2024-11-17 00:44:00,50.0,50.3,228,225
2024-11-17 00:46:00,50.1,50.4,228,225
2024-11-17 00:48:00,50.1,50.4,228,225
2024-11-17 00:50:00,49.8,50.3,228,224
2024-11-17 00:52:00,50.0,50.2,228,224
2024-11-17 00:54:00,49.8,49.5,228,224
2024-11-17 00:56:00,50.0,49.2,228,223
2024-11-17 00:58:00,49.9,49.3,228,223
2024-11-17 01:00:00,50.0,49.5,228,224
2024-11-17 01:02:00,50.0,49.6,228,224
2024-11-17 01:04:00,49.9,49.7,228,224
2024-11-17 01:06:00,50.0,49.5,227,226
2024-11-17 01:08:00,49.8,49.5,227,225
2024-11-17 01:10:00,50.1,49.8,228,224
2024-11-17 01:12:00,49.9,49.8,227,223
2024-11-17 01:14:00,49.9,49.6,228,225
2024-11-17 01:16:00,50.0,49.6,227,226
2024-11-17 01:18:00,50.1,49.8,228,226
2024-11-17 01:20:00,50.0,49.8,228,226
2024-11-17 01:22:00,50.0,49.8,228,225
2024-11-17 01:24:00,50.0,49.6,228,226
2024-11-17 01:26:00,49.9,49.5,227,227
2024-11-17 01:28:00,49.9,49.3,228,226
2024-11-17 01:30:00,50.0,49.5,228,226
2024-11-17 01:32:00,50.0,49.4,228,226
2024-11-17 01:34:00,50.0,49.7,227,226
2024-11-17 01:36:00,99.6,49.6,228,225
2024-11-17 01:38:00,50.0,49.5,228,226
2024-11-17 01:40:00,49.9,49.6,228,225
2024-11-17 01:42:00,50.1,49.3,228,224
2024-11-17 01:44:00,50.0,49.5,228,226
2024-11-17 01:46:00,50.0,49.7,228,226
2024-11-17 01:48:00,50.1,49.6,228,226
2024-11-17 01:50:00,50.0,49.8,228,228
2024-11-17 01:52:00,50.0,49.7,228,227
2024-11-17 01:54:00,50.1,49.9,228,227
2024-11-17 01:56:00,49.9,49.8,228,227
2024-11-17 01:58:00,50.0,49.8,228,227
2024-11-17 02:00:00,50.0,49.9,228,227
2024-11-17 02:02:00,50.0,49.9,228,228
2024-11-17 02:04:00,50.0,50.0,228,229
2024-11-17 02:06:00,49.9,49.8,228,228
2024-11-17 02:08:00,50.0,49.9,227,228
2024-11-17 02:10:00,50.1,49.9,228,228
2024-11-17 02:12:00,49.9,50.0,228,229
2024-11-17 02:14:00,50.0,50.1,228,228
2024-11-17 02:16:00,50.0,49.8,228,228
2024-11-17 02:18:00,50.0,49.7,228,228
2024-11-17 02:20:00,49.8,50.0,228,229
2024-11-17 02:22:00,50.2,50,228,228
2024-11-17 02:24:00,50.1,49.8,228,228
2024-11-17 02:26:00,50.0,49.7,228,228
2024-11-17 02:28:00,50.1,49.4,228,226
2024-11-17 02:30:00,50.0,49.5,228,228
2024-11-17 02:32:00,50.0,49.7,228,228
2024-11-17 02:34:00,49.8,49.5,228,226
2024-11-17 02:36:00,49.9,49.6,228,227
2024-11-17 02:38:00,50.0,49.5,228,226
2024-11-17 02:40:00,50.1,49.6,228,227
2024-11-17 02:42:00,50.0,49.5,228,227
2024-11-17 02:44:00,49.8,49.1,228,225
2024-11-17 02:46:00,50,49.3,227,225
2024-11-17 02:48:00,50.0,49.3,228,226
2024-11-17 02:50:00,50.1,49.5,228,228
2024-11-17 02:52:00,50.0,50.0,228,228
2024-11-17 02:54:00,50.1,50.0,228,229
2024-11-17 02:56:00,49.9,50.0,228,230
2024-11-17 02:58:00,50.1,49.9,228,230
2024-11-17 03:00:00,50.0,49.9,227,229
2024-11-17 03:02:00,50.0,50.0,228,229
2024-11-17 03:04:00,50.0,49.9,227,229
2024-11-17 03:06:00,49.9,50.0,227,229
2024-11-17 03:08:00,50.0,50.0,228,229
2024-11-17 03:10:00,49.9,49.9,227,230
2024-11-17 03:12:00,50.1,49.7,228,230
2024-11-17 03:14:00,50.0,49.7,228,229
2024-11-17 03:16:00,50.1,49.7,227,228
2024-11-17 03:18:00,49.9,49.5,227,228
2024-11-17 03:20:00,49.9,49.6,228,228
2024-11-17 03:22:00,49.9,49.6,228,227
2024-11-17 03:24:00,50.0,49.5,228,228
2024-11-17 03:26:00,50.0,49.6,228,226
2024-11-17 03:28:00,50.0,49.6,228,226
2024-11-17 03:30:00,50.1,49.5,228,226
2024-11-17 03:32:00,49.9,49.7,228,226
2024-11-17 03:34:00,50.0,49.7,228,225
2024-11-17 03:36:00,50.0,49.6,228,226
2024-11-17 03:38:00,49.9,49.8,227,225
2024-11-17 03:40:00,49.9,49.6,228,226
2024-11-17 03:42:00,50.1,49.8,228,227
2024-11-17 03:44:00,50.0,50.0,228,227
2024-11-17 03:46:00,50.0,49.8,227,227
2024-11-17 03:48:00,50.0,49.8,228,226
2024-11-17 03:50:00,49.9,50.0,227,228
2024-11-17 03:52:00,50.1,49.9,228,228
2024-11-17 03:54:00,50.0,49.9,227,228
2024-11-17 03:56:00,49.8,49.8,227,226
2024-11-17 03:58:00,49.9,50.0,228,226
2024-11-17 04:00:00,50.0,49.9,228,228
2024-11-17 04:02:00,50.2,49.9,228,228
2024-11-17 04:04:00,49.9,50.1,228,228
2024-11-17 04:06:00,50.0,49.8,228,224
2024-11-17 04:08:00,49.9,49.9,228,225
2024-11-17 04:10:00,49.9,49.9,228,227
2024-11-17 04:12:00,50.1,49.8,228,226
2024-11-17 04:14:00,49.8,49.7,227,226
2024-11-17 04:16:00,49.8,49.8,227,222
2024-11-17 04:18:00,50.0,49.6,228,225
2024-11-17 04:20:00,50.1,49.5,228,223
2024-11-17 04:22:00,49.9,49.7,227,224
2024-11-17 04:24:00,50.0,49.5,227,226
2024-11-17 04:26:00,50.1,49.6,227,226
2024-11-17 04:28:00,50.0,49.5,227,226
2024-11-17 04:30:00,50.0,49.9,227,225
2024-11-17 04:32:00,50.0,50.0,227,223
2024-11-17 04:34:00,50.0,49.8,227,228
2024-11-17 04:36:00,50.0,49.7,228,224
2024-11-17 04:38:00,50.0,49.7,227,224
2024-11-17 04:40:00,50.1,49.8,227,225
2024-11-17 04:42:00,49.9,49.8,227,225
2024-11-17 04:44:00,49.8,49.5,228,226
2024-11-17 04:46:00,50.0,49.5,227,225
2024-11-17 04:48:00,50.0,49.5,227,223
2024-11-17 04:50:00,49.9,49.6,228,221
2024-11-17 04:52:00,50.1,49.7,228,222
2024-11-17 04:54:00,49.9,49.8,227,225
2024-11-17 04:56:00,49.9,49.7,228,222
2024-11-17 04:58:00,49.9,50.1,228,223
2024-11-17 05:00:00,49.8,50.0,227,227
2024-11-17 05:02:00,49.9,49.9,228,226
2024-11-17 05:04:00,49.9,49.6,228,227
2024-11-17 05:06:00,50.1,49.6,228,226
2024-11-17 05:08:00,50.0,49.7,228,224
2024-11-17 05:10:00,49.8,49.6,228,223
2024-11-17 05:12:00,49.9,49.7,228,224
2024-11-17 05:14:00,50.1,49.5,228,226
2024-11-17 05:16:00,50.1,49.4,228,226
2024-11-17 05:18:00,49.9,49.4,228,224
2024-11-17 05:20:00,50.0,49.3,228,220
2024-11-17 05:22:00,50.0,49.5,228,222
2024-11-17 05:24:00,50.1,49.2,228,224
2024-11-17 05:26:00,49.8,49.4,228,221
2024-11-17 05:28:00,49.9,49.1,228,219
2024-11-17 05:30:00,50.1,49.2,228,221
2024-11-17 05:32:00,49.9,49.6,228,228
2024-11-17 05:34:00,50.0,49.8,228,228
2024-11-17 05:36:00,50.0,49.8,228,228
2024-11-17 05:38:00,49.8,49.9,228,228
2024-11-17 05:40:00,49.9,50.1,228,228
2024-11-17 05:42:00,50.0,49.9,228,226
2024-11-17 05:44:00,49.8,50.0,228,226
2024-11-17 05:46:00,50.0,50.1,228,226
2024-11-17 05:48:00,50.0,50.1,228,223
2024-11-17 05:50:00,50.1,50.3,228,226
2024-11-17 05:52:00,49.8,49.6,228,224
2024-11-17 05:54:00,50.0,50.0,227,228
2024-11-17 05:56:00,50.1,49.8,227,223
2024-11-17 05:58:00,50.0,49.8,228,222
2024-11-17 06:00:00,50.0,50.4,228,222
2024-11-17 06:02:00,50.0,50.1,228,216
2024-11-17 06:04:00,50.0,49.8,228,226
2024-11-17 06:06:00,50.1,50.3,228,223
2024-11-17 06:08:00,50.0,50.2,228,223
2024-11-17 06:10:00,50.1,49.8,227,221
2024-11-17 06:12:00,49.9,50.2,228,226
2024-11-17 06:14:00,49.9,49.8,228,222
2024-11-17 06:16:00,49.9,50.1,228,223
2024-11-17 06:18:00,50.1,50.2,228,227
2024-11-17 06:20:00,50.0,49.9,228,225
2024-11-17 06:22:00,49.9,49.7,227,223
2024-11-17 06:24:00,50.0,49.7,228,224
2024-11-17 06:26:00,50.1,49.6,228,222
2024-11-17 06:28:00,49.8,49.9,228,220
2024-11-17 06:30:00,50.0,49.8,227,218
2024-11-17 06:32:00,50.1,49.7,228,221
2024-11-17 06:34:00,49.9,49.8,228,218
2024-11-17 06:36:00,50.2,49.8,228,220
2024-11-17 06:38:00,50.0,49.9,227,220
2024-11-17 06:40:00,50.0,50.0,228,219
2024-11-17 06:42:00,49.9,50.2,227,224
2024-11-17 06:44:00,49.8,49.8,228,227
2024-11-17 06:46:00,50.0,50.1,228,226
2024-11-17 06:48:00,49.8,50.2,228,226
2024-11-17 06:50:00,50.1,50.1,228,225
2024-11-17 06:52:00,50.0,49.7,228,226
2024-11-17 06:54:00,50.0,49.9,228,225
2024-11-17 06:56:00,50.0,49.6,227,223
2024-11-17 06:58:00,49.9,49.5,228,224
2024-11-17 07:00:00,50.0,49.7,228,222
2024-11-17 07:02:00,50.0,49.6,228,223
2024-11-17 07:04:00,50,49.5,228,224
2024-11-17 07:06:00,50.0,49.6,228,220
2024-11-17 07:08:00,50.1,49.8,228,218
2024-11-17 07:10:00,49.9,49.8,227,212
2024-11-17 07:12:00,50.0,49.9,228,212
2024-11-17 07:14:00,49.9,50.0,227,219
2024-11-17 07:16:00,50.0,50.1,228,220
2024-11-17 07:18:00,50.0,49.9,228,228
2024-11-17 07:20:00,49.9,49.8,227,229
2024-11-17 07:22:00,50.0,49.7,228,226
2024-11-17 07:24:00,50.0,49.7,228,224
2024-11-17 07:26:00,50.0,49.4,228,221
2024-11-17 07:28:00,49.9,49.4,228,216
2024-11-17 07:30:00,49.9,49.6,228,220
2024-11-17 07:32:00,50.0,49.5,228,220
2024-11-17 07:34:00,50.0,49.7,228,220
2024-11-17 07:36:00,49.9,49.9,228,215
2024-11-17 07:38:00,49.8,49.8,228,213
2024-11-17 07:40:00,50.0,49.7,228,211
2024-11-17 07:42:00,50.0,49.8,228,217
2024-11-17 07:44:00,49.9,49.5,228,214
2024-11-17 07:46:00,50.0,49.5,228,216
2024-11-17 07:48:00,49.8,49.7,228,221
2024-11-17 07:50:00,50.0,49.4,228,221
2024-11-17 07:52:00,50.0,49.7,227,223
2024-11-17 07:54:00,49.9,49.5,227,219
2024-11-17 07:56:00,50.0,49.4,227,219
2024-11-17 07:58:00,50.0,49.5,228,219
2024-11-17 08:00:00,50.0,49.7,227,217
2024-11-17 08:02:00,49.8,49.7,228,214
2024-11-17 08:04:00,50.0,49.8,228,216
2024-11-17 08:06:00,50.1,49.7,228,214
2024-11-17 08:08:00,50.0,49.6,227,214
2024-11-17 08:10:00,50.0,49.6,228,209
2024-11-17 08:12:00,49.8,49.3,228,210
2024-11-17 08:14:00,49.9,49.7,227,213
2024-11-17 08:16:00,50.0,49.5,228,212
2024-11-17 08:18:00,50.0,49.6,228,207
2024-11-17 08:20:00,50.0,49.5,228,204
2024-11-17 08:22:00,50.0,49.4,228,202
2024-11-17 08:24:00,50.1,49.5,227,205
2024-11-17 08:26:00,49.9,49.6,228,209
2024-11-17 08:28:00,50.0,49.5,228,207
2024-11-17 08:30:00,50.0,49.5,228,204
2024-11-17 08:32:00,49.9,49.6,228,196
2024-11-17 08:34:00,50.0,49.4,228,196
2024-11-17 08:36:00,50.0,49.3,228,207
2024-11-17 08:38:00,50.0,49.6,228,206
2024-11-17 08:40:00,50.0,49.4,228,202
2024-11-17 08:42:00,50.0,49.6,227,206
2024-11-17 08:44:00,49.9,49.4,228,198
2024-11-17 08:46:00,50.0,49.5,228,201
2024-11-17 08:48:00,49.9,49.4,228,201
2024-11-17 08:50:00,50.0,49.6,228,209
2024-11-17 08:52:00,50.0,49.5,228,208
2024-11-17 08:54:00,49.8,49.7,228,206
2024-11-17 08:56:00,49.9,49.3,228,202
2024-11-17 08:58:00,49.9,49.7,227,208
2024-11-17 09:00:00,49.8,49.3,228,210
2024-11-17 09:02:00,50.1,49.5,228,210
2024-11-17 09:04:00,50.0,49.5,228,212
2024-11-17 09:06:00,49.9,49.6,228,207
2024-11-17 09:08:00,50.0,49.6,228,207
2024-11-17 09:10:00,50.0,49.3,228,205
2024-11-17 09:12:00,49.9,49.4,228,209
2024-11-17 09:14:00,50.0,49.6,228,209
2024-11-17 09:16:00,50.0,49.8,227,202
2024-11-17 09:18:00,50.0,49.8,228,205
2024-11-17 09:20:00,50.1,49.4,228,207
2024-11-17 09:22:00,50.0,49.5,228,208
2024-11-17 09:24:00,49.9,49.5,228,209
2024-11-17 09:26:00,50.1,49.5,228,208
2024-11-17 09:28:00,50.0,49.2,228,206
2024-11-17 09:30:00,50.1,49.7,228,203
2024-11-17 09:32:00,50.1,49.5,228,209
2024-11-17 09:34:00,49.9,49.7,228,207
2024-11-17 09:36:00,50.1,49.7,228,209
2024-11-17 09:38:00,49.8,49.7,227,207
2024-11-17 09:40:00,50.0,49.6,227,208
2024-11-17 09:42:00,50.1,49.8,227,203
2024-11-17 09:44:00,49.8,49.9,227,202
2024-11-17 09:46:00,50.0,49.7,228,208
2024-11-17 09:48:00,50.0,49.6,227,207
2024-11-17 09:50:00,49.9,49.6,227,209
2024-11-17 09:52:00,50.0,49.8,227,207
2024-11-17 09:54:00,49.8,49.8,227,204
2024-11-17 09:56:00,49.9,49.6,228,199
2024-11-17 09:58:00,50.1,49.5,227,204
2024-11-17 10:00:00,49.8,49.5,227,209
2024-11-17 10:02:00,49.8,49.5,227,203
2024-11-17 10:04:00,50.0,49.2,227,200
2024-11-17 10:06:00,50.1,49.4,227,209
2024-11-17 10:08:00,49.9,49.6,227,206
2024-11-17 10:10:00,50.2,49.5,227,201
2024-11-17 10:12:00,49.9,49.9,227,209
2024-11-17 10:14:00,50.0,49.8,227,203
2024-11-17 10:16:00,50.0,49.7,227,201
2024-11-17 10:18:00,50.0,49.3,227,197
2024-11-17 10:20:00,49.9,49.6,227,197
2024-11-17 10:22:00,49.9,49.7,228,199
2024-11-17 10:24:00,50.1,49.6,227,195
2024-11-17 10:26:00,49.9,49.8,228,196
2024-11-17 10:28:00,50.1,49.6,227,195
2024-11-17 10:30:00,49.9,49.8,227,196
2024-11-17 10:32:00,49.9,49.6,227,197
2024-11-17 10:34:00,49.9,49.8,227,204
2024-11-17 10:36:00,50.1,49.8,228,202
2024-11-17 10:38:00,50.0,49.9,227,204
2024-11-17 10:40:00,50.0,49.7,228,203
2024-11-17 10:42:00,50.1,49.4,228,202
2024-11-17 10:44:00,49.8,49.7,228,202
2024-11-17 10:46:00,49.8,49.6,228,204
2024-11-17 10:48:00,49.8,49.6,228,201
2024-11-17 10:50:00,49.9,49.5,228,202
2024-11-17 10:52:00,49.9,49.9,228,206
2024-11-17 10:54:00,50.0,49.5,228,205
2024-11-17 10:56:00,49.8,49.4,228,203
2024-11-17 10:58:00,50.0,49.8,228,202
2024-11-17 11:00:00,50.0,49.8,228,202
2024-11-17 11:02:00,50.1,49.7,228,207
2024-11-17 11:04:00,50.1,49.7,228,201
2024-11-17 11:06:00,50.0,49.7,228,202
2024-11-17 11:08:00,50.1,49.7,228,204
2024-11-17 11:10:00,49.8,49.4,228,206
2024-11-17 11:12:00,50.0,49.9,228,205
2024-11-17 11:14:00,50.0,49.5,228,207
2024-11-17 11:16:00,49.8,49.6,227,204
2024-11-17 11:18:00,50.1,49.7,227,204
2024-11-17 11:20:00,49.9,49.8,228,208
2024-11-17 11:22:00,50.2,49.5,228,206
2024-11-17 11:24:00,50.0,49.7,227,195
2024-11-17 11:26:00,50.1,49.8,228,199
2024-11-17 11:28:00,50.0,49.5,227,202
2024-11-17 11:30:00,49.9,49.8,227,199
2024-11-17 11:32:00,50.0,49.6,227,196
2024-11-17 11:34:00,49.9,49.8,228,197
2024-11-17 11:36:00,50.1,49.7,227,197
2024-11-17 11:38:00,50.0,49.7,227,201
2024-11-17 11:40:00,50.1,49.6,227,202
2024-11-17 11:42:00,49.9,49.6,227,202
2024-11-17 11:44:00,49.8,49.9,227,202
2024-11-17 11:46:00,50.0,49.7,227,198
2024-11-17 11:48:00,50.1,49.7,228,200
2024-11-17 11:50:00,49.9,49.8,227,204
2024-11-17 11:52:00,50.0,49.9,227,192
2024-11-17 11:54:00,50.1,49.8,227,190
2024-11-17 11:56:00,50.1,50.0,227,195
2024-11-17 11:58:00,50.1,49.7,227,191
2024-11-17 12:00:00,50.0,49.4,227,193
2024-11-17 12:02:00,49.9,49.6,228,200
2024-11-17 12:04:00,50.1,49.7,228,199
2024-11-17 12:06:00,50.1,49.7,228,202
2024-11-17 12:08:00,50.0,49.5,228,199
2024-11-17 12:10:00,49.9,49.7,228,197
2024-11-17 12:12:00,49.9,49.8,228,192
2024-11-17 12:14:00,49.9,49.4,228,203
2024-11-17 12:16:00,50.1,49.5,228,199
2024-11-17 12:18:00,50.1,49.8,228,203
2024-11-17 12:20:00,49.9,49.7,228,197
2024-11-17 12:22:00,49.9,49.7,228,192
2024-11-17 12:24:00,50.0,49.7,228,202
2024-11-17 12:26:00,49.9,49.7,228,202
2024-11-17 12:28:00,49.8,49.6,228,194
2024-11-17 12:30:00,49.9,49.6,228,200
2024-11-17 12:32:00,50.0,49.6,228,193
2024-11-17 12:34:00,50.0,49.7,228,196
2024-11-17 12:36:00,49.8,49.5,228,197
2024-11-17 12:38:00,50.0,49.6,228,192
2024-11-17 12:40:00,49.9,49.5,228,192
2024-11-17 12:42:00,50.1,49.7,228,190
2024-11-17 12:44:00,50.1,49.7,228,194
2024-11-17 12:46:00,50.0,49.9,228,196
2024-11-17 12:48:00,49.9,49.6,228,193
2024-11-17 12:50:00,50.0,49.6,228,190
2024-11-17 12:52:00,49.9,50.0,228,199
2024-11-17 12:54:00,49.9,49.7,228,197
2024-11-17 12:56:00,50.0,49.5,228,200
2024-11-17 12:58:00,50.0,49.4,228,200
2024-11-17 13:00:00,50.1,49.4,228,197
2024-11-17 13:02:00,50.2,49.5,228,202
2024-11-17 13:04:00,50.0,49.8,228,199
2024-11-17 13:06:00,50.1,49.8,228,198
2024-11-17 13:08:00,50.0,49.9,228,199
2024-11-17 13:10:00,49.9,49.5,228,197
2024-11-17 13:12:00,49.9,49.7,227,197
2024-11-17 13:14:00,50.0,49.6,228,193
2024-11-17 13:16:00,50.0,49.5,227,197
2024-11-17 13:18:00,50.0,49.8,227,198
2024-11-17 13:20:00,50.0,49.8,228,200
2024-11-17 13:22:00,50.1,49.9,227,202
2024-11-17 13:24:00,49.8,50.0,228,193
2024-11-17 13:26:00,50.1,49.7,227,198
2024-11-17 13:28:00,50.0,49.6,227,199
2024-11-17 13:30:00,49.8,49.8,228,200
2024-11-17 13:32:00,49.8,49.7,228,204
2024-11-17 13:34:00,49.8,49.7,227,209
2024-11-17 13:36:00,50.0,49.6,228,207
2024-11-17 13:38:00,50.0,49.8,228,202
2024-11-17 13:40:00,49.8,49.7,228,205
2024-11-17 13:42:00,50.1,49.7,227,197
2024-11-17 13:44:00,49.9,49.7,228,200
2024-11-17 13:46:00,49.8,49.9,227,203
2024-11-17 13:48:00,50.0,49.7,228,205
2024-11-17 13:50:00,50.2,49.7,227,202
2024-11-17 13:52:00,50.1,49.5,228,202
2024-11-17 13:54:00,49.9,49.6,227,208
2024-11-17 13:56:00,49.9,49.5,228,203
2024-11-17 13:58:00,49.9,49.8,228,203
2024-11-17 14:00:00,50.0,49.5,228,204
2024-11-17 14:02:00,49.8,49.4,228,201
2024-11-17 14:04:00,50.0,49.6,228,202
2024-11-17 14:06:00,49.8,49.7,228,203
2024-11-17 14:08:00,50.0,49.6,228,204
2024-11-17 14:10:00,50.2,49.5,228,204
2024-11-17 14:12:00,50.0,49.8,227,204
2024-11-17 14:14:00,49.8,49.9,228,204
2024-11-17 14:16:00,50.0,49.4,228,208
2024-11-17 14:18:00,49.9,49.3,228,207
2024-11-17 14:20:00,50.1,49.5,228,202
2024-11-17 14:22:00,50.0,49.7,228,204
2024-11-17 14:24:00,49.7,49.7,228,206
2024-11-17 14:26:00,49.9,49.8,228,204
2024-11-17 14:28:00,50.1,49.8,227,206
2024-11-17 14:30:00,49.9,49.7,228,203
2024-11-17 14:32:00,50.1,49.7,228,200
2024-11-17 14:34:00,50.0,49.7,228,199
2024-11-17 14:36:00,49.9,49.7,228,205
2024-11-17 14:38:00,50.0,49.6,228,205
2024-11-17 14:40:00,50.1,49.5,228,198
2024-11-17 14:42:00,49.9,49.5,228,204
2024-11-17 14:44:00,50.0,49.4,227,201
2024-11-17 14:46:00,50.0,49.7,228,195
2024-11-17 14:48:00,50.1,49.8,227,194
2024-11-17 14:50:00,50.0,49.7,228,201
2024-11-17 14:52:00,50.1,49.6,227,197
2024-11-17 14:54:00,49.9,49.6,228,201
2024-11-17 14:56:00,49.9,49.6,228,200
2024-11-17 14:58:00,49.9,49.7,228,198
2024-11-17 15:00:00,49.8,49.9,228,194
2024-11-17 15:02:00,50.0,49.8,228,200
2024-11-17 15:04:00,50.0,49.8,228,197
2024-11-17 15:06:00,50.1,49.5,227,197
2024-11-17 15:08:00,50.0,49.9,227,197
2024-11-17 15:10:00,50.1,50.0,227,204
2024-11-17 15:12:00,50.0,50.0,227,204
2024-11-17 15:14:00,50.0,49.8,228,204
2024-11-17 15:16:00,50.1,49.6,227,198
2024-11-17 15:18:00,49.9,49.4,227,193
2024-11-17 15:20:00,50.0,49.6,227,192
2024-11-17 15:22:00,50.0,49.7,227,200
2024-11-17 15:24:00,50.0,49.8,228,197
2024-11-17 15:26:00,50.0,49.9,227,194
2024-11-17 15:28:00,49.8,49.8,227,197
2024-11-17 15:30:00,49.9,49.5,227,197
2024-11-17 15:32:00,49.8,49.6,227,199
2024-11-17 15:34:00,50.0,49.5,227,197
2024-11-17 15:36:00,50.0,49.6,228,196
2024-11-17 15:38:00,49.9,49.8,228,199
2024-11-17 15:40:00,50.0,50.0,227,204
2024-11-17 15:42:00,49.9,49.7,228,199
2024-11-17 15:44:00,50.0,49.7,227,197
2024-11-17 15:46:00,50.0,49.6,227,203
2024-11-17 15:48:00,50.0,49.8,228,202
2024-11-17 15:50:00,50.1,49.5,227,202
2024-11-17 15:52:00,50.1,49.9,227,199
2024-11-17 15:54:00,50.1,49.5,228,202
2024-11-17 15:56:00,50.0,49.6,228,202
2024-11-17 15:58:00,50.0,49.7,228,201
2024-11-17 16:00:00,50.0,49.9,228,202
2024-11-17 16:02:00,49.9,49.6,227,209
2024-11-17 16:04:00,49.9,49.5,228,207
2024-11-17 16:06:00,50.0,49.8,228,204
2024-11-17 16:08:00,49.9,49.7,228,199
2024-11-17 16:10:00,49.9,49.7,228,202
2024-11-17 16:12:00,49.9,49.9,228,202
2024-11-17 16:14:00,50.0,49.7,228,200
2024-11-17 16:16:00,50.1,49.5,228,201
2024-11-17 16:18:00,49.8,49.5,228,202
2024-11-17 16:20:00,50.0,49.5,228,203
2024-11-17 16:22:00,50.0,49.6,228,200
2024-11-17 16:24:00,50.0,50.0,228,202
2024-11-17 16:26:00,50.0,49.7,228,202
2024-11-17 16:28:00,50.0,49.6,228,198
2024-11-17 16:30:00,50.0,49.4,228,189
2024-11-17 16:32:00,50.1,49.7,228,194
2024-11-17 16:34:00,49.9,49.8,228,199
2024-11-17 16:36:00,50.0,49.9,228,196
2024-11-17 16:38:00,50.2,49.9,227,192
2024-11-17 16:40:00,50.0,49.6,227,197
2024-11-17 16:42:00,50.0,49.7,227,201
2024-11-17 16:44:00,49.8,49.7,227,194
2024-11-17 16:46:00,50.1,49.5,227,198
2024-11-17 16:48:00,49.9,49.7,227,195
2024-11-17 16:50:00,49.8,49.5,227,201
2024-11-17 16:52:00,50.1,49.5,227,195
2024-11-17 16:54:00,50.0,49.4,227,196
2024-11-17 16:56:00,50.1,49.5,227,194
2024-11-17 16:58:00,50.1,49.8,227,190
2024-11-17 17:00:00,49.8,49.8,227,192
2024-11-17 17:02:00,49.8,49.8,226,195
2024-11-17 17:04:00,50.0,49.7,228,202
2024-11-17 17:06:00,50.1,49.7,227,195
2024-11-17 17:08:00,50.0,49.6,227,199
2024-11-17 17:10:00,49.9,49.6,227,196
2024-11-17 17:12:00,50.0,49.5,227,202
2024-11-17 17:14:00,50.0,49.6,227,195
2024-11-17 17:16:00,50.0,49.6,227,198
2024-11-17 17:18:00,49.9,49.6,227,192
2024-11-17 17:20:00,50.0,49.7,227,192
2024-11-17 17:22:00,50.1,49.6,227,199
2024-11-17 17:24:00,50.0,49.7,228,200
2024-11-17 17:26:00,50.0,49.4,227,194
2024-11-17 17:28:00,49.9,49.2,228,194
2024-11-17 17:30:00,50.0,49.3,227,197
2024-11-17 17:32:00,49.7,49.2,227,190
2024-11-17 17:34:00,49.9,49.8,227,187
2024-11-17 17:36:00,49.9,49.8,227,194
2024-11-17 17:38:00,50.2,49.7,228,190
2024-11-17 17:40:00,49.8,49.6,228,194
2024-11-17 17:42:00,49.9,49.8,227,192
2024-11-17 17:44:00,50.0,49.6,227,195
2024-11-17 17:46:00,50.0,49.5,228,191
2024-11-17 17:48:00,50.0,49.6,227,192
2024-11-17 17:50:00,50.0,49.6,227,195
2024-11-17 17:52:00,50.1,49.3,227,193
2024-11-17 17:54:00,50.0,49.4,227,187
2024-11-17 17:56:00,50.0,49.4,228,185
2024-11-17 17:58:00,50.1,49.4,228,187
2024-11-17 18:00:00,50.0,49.4,227,182
2024-11-17 18:02:00,50.2,49.7,227,185
2024-11-17 18:04:00,50.0,49.7,228,186
2024-11-17 18:06:00,50.0,49.8,227,185
2024-11-17 18:08:00,50.0,50.0,228,175
2024-11-17 18:10:00,50.0,49.8,227,180
2024-11-17 18:12:00,50.0,49.8,228,182
2024-11-17 18:14:00,49.9,49.7,228,180
2024-11-17 18:16:00,50.2,49.6,228,182
2024-11-17 18:18:00,50.1,49.7,228,180
2024-11-17 18:20:00,49.8,49.6,228,190
2024-11-17 18:22:00,49.9,49.5,228,182
2024-11-17 18:24:00,50.0,49.5,228,181
2024-11-17 18:26:00,50.0,49.3,228,181
2024-11-17 18:28:00,50.0,49.4,228,174
2024-11-17 18:30:00,49.9,49.4,228,178
2024-11-17 18:32:00,50.0,49.5,228,183
2024-11-17 18:34:00,50.0,49.2,228,182
2024-11-17 18:36:00,50.0,49.2,228,180
2024-11-17 18:38:00,49.9,49.2,228,179
2024-11-17 18:40:00,50.1,49.3,228,174
2024-11-17 18:42:00,49.9,49.6,228,173
2024-11-17 18:44:00,50.1,49.4,228,170
2024-11-17 18:46:00,50.0,49.5,227,170
2024-11-17 18:48:00,50.1,49.7,227,174
2024-11-17 18:50:00,50.0,49.5,227,175
2024-11-17 18:52:00,49.8,49.3,228,178
2024-11-17 18:54:00,49.9,49.6,228,176
2024-11-17 18:56:00,50.1,49.7,227,176
2024-11-17 18:58:00,49.9,49.3,227,174
2024-11-17 19:00:00,50.1,49.7,228,177
2024-11-17 19:02:00,49.9,49.3,227,176
2024-11-17 19:04:00,50.0,49.5,227,186
2024-11-17 19:06:00,50.0,49.5,227,185
2024-11-17 19:08:00,50.0,49.4,227,184
2024-11-17 19:10:00,49.9,49.4,227,185
2024-11-17 19:12:00,49.9,49.3,227,186
2024-11-17 19:14:00,49.9,49.3,227,185
2024-11-17 19:16:00,50.0,49.1,227,188
2024-11-17 19:18:00,50.0,49.5,227,186
2024-11-17 19:20:00,50.1,49.5,227,182
2024-11-17 19:22:00,50.0,49.8,227,183
2024-11-17 19:24:00,49.9,49.7,227,182
2024-11-17 19:26:00,49.9,49.7,227,183
2024-11-17 19:28:00,50.1,49.7,227,182
2024-11-17 19:30:00,50.0,49.7,227,187
2024-11-17 19:32:00,49.8,49.6,227,188
2024-11-17 19:34:00,50.0,49.5,228,183
2024-11-17 19:36:00,49.8,49.4,228,183
2024-11-17 19:38:00,50.0,49.5,228,182
2024-11-17 19:40:00,50.0,49.3,228,180
2024-11-17 19:42:00,49.9,49.5,228,185
2024-11-17 19:44:00,50.1,49.4,228,180
2024-11-17 19:46:00,49.9,49.4,228,185
2024-11-17 19:48:00,49.9,49.8,228,186
2024-11-17 19:50:00,50.0,49.5,228,187
2024-11-17 19:52:00,50.2,49.6,228,184
2024-11-17 19:54:00,49.9,49.6,228,189
2024-11-17 19:56:00,49.9,49.4,228,184
2024-11-17 19:58:00,49.9,49.3,228,187
2024-11-17 20:00:00,50.2,49.4,228,188
2024-11-17 20:02:00,50.0,49.5,228,188
2024-11-17 20:04:00,50.0,49.8,228,187
2024-11-17 20:06:00,50.0,49.8,228,192
2024-11-17 20:08:00,50.0,49.9,228,194
2024-11-17 20:10:00,49.9,49.7,228,194
2024-11-17 20:12:00,49.9,49.9,228,194
2024-11-17 20:14:00,49.9,49.3,228,194
2024-11-17 20:16:00,50.0,49.4,228,193
2024-11-17 20:18:00,49.9,49.3,228,192
2024-11-17 20:20:00,50.0,49.7,228,199
2024-11-17 20:22:00,49.9,49.6,227,199
2024-11-17 20:24:00,49.9,49.6,228,194
2024-11-17 20:26:00,50.0,49.7,228,194
2024-11-17 20:28:00,50.0,49.6,228,192
2024-11-17 20:30:00,50.0,49.7,228,190
2024-11-17 20:32:00,49.9,49.9,228,195
2024-11-17 20:34:00,49.9,49.8,228,197
2024-11-17 20:36:00,50.0,49.7,228,199
2024-11-17 20:38:00,50.0,49.5,228,199
2024-11-17 20:40:00,50.0,49.7,228,196
2024-11-17 20:42:00,49.9,49.6,227,194
2024-11-17 20:44:00,50.2,49.7,228,192
2024-11-17 20:46:00,49.9,49.6,228,194
2024-11-17 20:48:00,50.1,49.9,227,196
2024-11-17 20:50:00,50.0,49.9,227,201
2024-11-17 20:52:00,50.0,50.1,228,202
2024-11-17 20:54:00,49.9,49.8,228,197
2024-11-17 20:56:00,50.2,49.8,232,197
2024-11-17 20:58:00,50.1,49.7,232,200
2024-11-17 21:00:00,49.7,49.5,231,200
2024-11-17 21:02:00,50.0,49.8,231,202
2024-11-17 21:04:00,50.0,49.9,231,201
2024-11-17 21:06:00,50.0,49.9,231,202
2024-11-17 21:08:00,49.9,49.5,231,201
2024-11-17 21:10:00,50.0,49.9,231,199
2024-11-17 21:12:00,50.0,50.1,231,202
2024-11-17 21:14:00,49.8,50.1,231,200
2024-11-17 21:16:00,49.7,50.0,231,202
2024-11-17 21:18:00,50.0,50.2,231,206
2024-11-17 21:20:00,50.1,50.1,232,204
2024-11-17 21:22:00,50.0,49.9,231,202
2024-11-17 21:24:00,50.0,49.9,231,204
2024-11-17 21:26:00,50.0,49.6,231,206
2024-11-17 21:28:00,50.0,49.9,231,205
2024-11-17 21:30:00,50.0,50.2,231,206
2024-11-17 21:32:00,50.0,50.3,231,209
2024-11-17 21:34:00,50.2,50.1,231,210
2024-11-17 21:36:00,50.1,50.2,231,209
2024-11-17 21:38:00,50.0,50.0,231,207
2024-11-17 21:40:00,49.9,50.1,231,207
2024-11-17 21:42:00,50.0,50.0,231,207
2024-11-17 21:44:00,49.9,49.9,231,211
2024-11-17 21:46:00,50.0,50.0,231,209
2024-11-17 21:48:00,50.0,49.9,231,210
2024-11-17 21:50:00,49.9,49.8,231,209
2024-11-17 21:52:00,50.0,49.9,231,210
2024-11-17 21:54:00,49.9,50.2,231,209
2024-11-17 21:56:00,50.0,50.2,231,211
2024-11-17 21:58:00,50.2,50.2,231,213
2024-11-17 22:00:00,50.0,50.5,231,214
2024-11-17 22:02:00,49.8,50.5,231,215
2024-11-17 22:04:00,50.0,50.5,231,213
2024-11-17 22:06:00,49.9,50.0,231,212
2024-11-17 22:08:00,50.0,50.4,231,213
2024-11-17 22:10:00,49.9,50.1,231,212
2024-11-17 22:12:00,50.0,50.1,228,213
2024-11-17 22:14:00,49.8,50.2,227,213
2024-11-17 22:16:00,49.9,50.0,228,209
2024-11-17 22:18:00,50.0,50.1,227,211
2024-11-17 22:20:00,49.9,50.0,230,211
2024-11-17 22:22:00,49.9,50.1,231,213
2024-11-17 22:24:00,49.9,50.3,230,212
2024-11-17 22:26:00,49.9,50.5,231,214
2024-11-17 22:28:00,50.0,50.5,230,211
2024-11-17 22:30:00,50.0,49.9,231,210
2024-11-17 22:32:00,50.0,50.0,231,213
2024-11-17 22:34:00,50.0,50.0,231,214
2024-11-17 22:36:00,50.1,50.1,230,215
2024-11-17 22:38:00,50.0,49.8,231,214
2024-11-17 22:40:00,50.0,49.7,231,213
2024-11-17 22:42:00,49.9,49.8,230,213
2024-11-17 22:44:00,49.8,49.6,231,215
2024-11-17 22:46:00,50.0,49.6,231,214
2024-11-17 22:48:00,50.0,49.8,230,216
2024-11-17 22:50:00,50.1,49.7,231,216
2024-11-17 22:52:00,50.0,50.0,231,217
2024-11-17 22:54:00,49.9,49.8,231,219
2024-11-17 22:56:00,50.0,50.1,231,218
2024-11-17 22:58:00,50.0,49.9,231,218
2024-11-17 23:00:00,50.0,50.1,230,219
2024-11-17 23:02:00,49.8,49.9,231,219
2024-11-17 23:04:00,49.9,49.8,231,218
2024-11-17 23:06:00,50.0,49.7,231,218
2024-11-17 23:08:00,50.0,49.8,230,219
2024-11-17 23:10:00,49.8,49.7,230,217
2024-11-17 23:12:00,50.1,49.9,230,219
2024-11-17 23:14:00,49.9,50.0,231,219
2024-11-17 23:16:00,50.1,50.1,230,219
2024-11-17 23:18:00,50.2,50.2,231,220
2024-11-17 23:20:00,50.1,50.2,230,219
2024-11-17 23:22:00,50.0,50.2,231,220
2024-11-17 23:24:00,50.1,50.2,231,221
2024-11-17 23:26:00,50.0,50.1,231,220
2024-11-17 23:28:00,50.0,50.1,231,220
2024-11-17 23:30:00,49.8,49.8,230,221
2024-11-17 23:32:00,50.0,50.1,230,221
2024-11-17 23:34:00,50.0,50.0,230,220
2024-11-17 23:36:00,50.1,49.9,231,221
2024-11-17 23:38:00,50.1,49.6,231,220
2024-11-17 23:40:00,50.0,49.7,230,220
2024-11-17 23:42:00,50.0,50.1,231,220
2024-11-17 23:44:00,50.0,50.3,231,222
2024-11-17 23:46:00,49.9,50.0,231,220
2024-11-17 23:48:00,50.1,50.1,230,222
2024-11-17 23:50:00,50.0,50.1,231,221
2024-11-17 23:52:00,50.0,50.0,231,221
2024-11-17 23:54:00,50.0,49.9,230,221
2024-11-17 23:56:00,49.8,49.8,231,221
2024-11-17 23:58:00,50.0,49.9,231,221