"Time","Frequency 3E2F4FD3 (Ch Cbca Bethesda Ndosho - laboratoire)","Frequency C30F2E03 (Ch Cbca Bethesda Ndosho - clinique)","Voltage 3E2F4FD3 (Ch Cbca Bethesda Ndosho - laboratoire)","Voltage C30F2E03 (Ch Cbca Bethesda Ndosho - clinique)"
2024-08-05 00:00:00,50.1,50.1,208,220
2024-08-05 00:02:00,50.1,50.1,206,220
2024-08-05 00:04:00,50.0,50.0,207,219
2024-08-05 00:06:00,50.1,50.1,207,221
2024-08-05 00:08:00,50.0,50.0,205,221
2024-08-05 00:10:00,50.0,50.0,204,219
2024-08-05 00:12:00,50.1,50.1,207,220
2024-08-05 00:14:00,50.0,50.0,205,219
2024-08-05 00:16:00,50.0,50.0,206,219
2024-08-05 00:18:00,50.2,50.2,208,221
2024-08-05 00:20:00,50.2,50.2,208,222
2024-08-05 00:22:00,50.1,50.1,205,219
2024-08-05 00:24:00,49.8,49.8,207,221
2024-08-05 00:26:00,50.1,50.0,209,223
2024-08-05 00:28:00,50.0,50.0,208,223
2024-08-05 00:30:00,50.1,50.1,207,223
2024-08-05 00:32:00,50.1,50.0,210,225
2024-08-05 00:34:00,50.2,50.2,209,226
2024-08-05 00:36:00,50.0,49.9,206,223
2024-08-05 00:38:00,50.3,50.3,209,224
2024-08-05 00:40:00,50.1,50.1,210,226
2024-08-05 00:42:00,50.2,50.2,207,225
2024-08-05 00:44:00,50.2,50.1,208,225
2024-08-05 00:46:00,50.2,50.1,209,225
2024-08-05 00:48:00,50.1,50.1,209,226
2024-08-05 00:50:00,50.2,50.1,207,223
2024-08-05 00:52:00,50.1,50.1,210,226
2024-08-05 00:54:00,50.3,50.2,209,225
2024-08-05 00:56:00,50.0,50.0,206,223
2024-08-05 00:58:00,50.4,50.4,208,226
2024-08-05 01:00:00,50.1,50.1,210,226
2024-08-05 01:02:00,50.1,50.1,209,226
2024-08-05 01:04:00,50.0,50.1,207,224
2024-08-05 01:06:00,50.1,50.1,209,226
2024-08-05 01:08:00,50.1,50.1,209,224
2024-08-05 01:10:00,50.1,50.1,208,225
2024-08-05 01:12:00,50.1,50.2,206,223
2024-08-05 01:14:00,50.2,50.2,209,225
2024-08-05 01:16:00,50.2,50.3,208,223
2024-08-05 01:18:00,50.1,50.1,208,225
2024-08-05 01:20:00,50.2,50.3,209,225
2024-08-05 01:22:00,50.0,50.0,210,226
2024-08-05 01:24:00,50.2,50.2,208,226
2024-08-05 01:26:00,50.0,50.1,209,225
2024-08-05 01:28:00,50.1,50.1,209,225
2024-08-05 01:30:00,50.1,50.1,209,225
2024-08-05 01:32:00,50.2,50.3,209,226
2024-08-05 01:34:00,50.0,50.1,211,227
2024-08-05 01:36:00,50.0,50.0,209,224
2024-08-05 01:38:00,50.2,50.2,210,227
2024-08-05 01:40:00,50.2,50.2,211,228
2024-08-05 01:42:00,50.0,50.0,209,226
2024-08-05 01:44:00,50.0,50.1,208,226
2024-08-05 01:46:00,50.2,50.2,209,226
2024-08-05 01:48:00,50.1,50.1,211,226
2024-08-05 01:50:00,50.0,50.0,211,227
2024-08-05 01:52:00,50.2,50.2,210,227
2024-08-05 01:54:00,50.2,50.2,211,228
2024-08-05 01:56:00,50.0,50.0,211,226
2024-08-05 01:58:00,50.2,50.3,209,226
2024-08-05 02:00:00,50.1,50.1,209,226
2024-08-05 02:02:00,50.1,50.1,209,226
2024-08-05 02:04:00,50.3,50.4,209,226
2024-08-05 02:06:00,50.2,50.2,209,226
2024-08-05 02:08:00,50.2,50.1,211,227
2024-08-05 02:10:00,50.2,50.2,210,226
2024-08-05 02:12:00,50.3,50.3,209,226
2024-08-05 02:14:00,50.2,50.2,210,227
2024-08-05 02:16:00,50.3,50.3,211,228
2024-08-05 02:18:00,50.2,50.2,210,227
2024-08-05 02:20:00,50.3,50.2,207,226
2024-08-05 02:22:00,50.1,50.2,210,227
2024-08-05 02:24:00,50.0,50.0,207,226
2024-08-05 02:26:00,50.3,50.3,205,224
2024-08-05 02:28:00,50.1,50.1,204,223
2024-08-05 02:30:00,50.1,50.1,209,226
2024-08-05 02:32:00,50.2,50.1,209,226
2024-08-05 02:34:00,50.1,50.1,207,226
2024-08-05 02:36:00,50.3,50.3,211,228
2024-08-05 02:38:00,50.1,50.1,209,226
2024-08-05 02:40:00,50.2,50.2,208,226
2024-08-05 02:42:00,50.3,50.2,209,227
2024-08-05 02:44:00,50.3,50.3,211,227
2024-08-05 02:46:00,50.1,50.1,207,225
2024-08-05 02:48:00,50.3,50.3,208,226
2024-08-05 02:50:00,50.1,50.1,209,227
2024-08-05 02:52:00,50.2,50.1,211,226
2024-08-05 02:54:00,50.1,50.1,210,226
2024-08-05 02:56:00,50.3,50.3,211,226
2024-08-05 02:58:00,50.1,50.1,211,226
2024-08-05 03:00:00,50.2,50.2,208,225
2024-08-05 03:02:00,50.1,50.2,209,226
2024-08-05 03:04:00,50.3,50.2,211,226
2024-08-05 03:06:00,50.0,50.1,211,227
2024-08-05 03:08:00,50.0,50.1,211,228
2024-08-05 03:10:00,50.2,50.2,212,228
2024-08-05 03:12:00,50.0,50.0,211,228
2024-08-05 03:14:00,50.3,50.3,209,228
2024-08-05 03:16:00,50.1,50.0,210,227
2024-08-05 03:18:00,50.2,50.2,211,228
2024-08-05 03:20:00,50.2,50.1,211,228
2024-08-05 03:22:00,50.3,50.3,211,228
2024-08-05 03:24:00,50.1,50.1,212,229
2024-08-05 03:26:00,50.3,50.4,210,228
2024-08-05 03:28:00,50.1,50.0,208,226
2024-08-05 03:30:00,50.1,50.1,210,227
2024-08-05 03:32:00,50.3,50.2,210,227
2024-08-05 03:34:00,50.3,50.3,208,226
2024-08-05 03:36:00,50.1,50.1,209,226
2024-08-05 03:38:00,50.3,50.3,211,228
2024-08-05 03:40:00,50.2,50.2,211,228
2024-08-05 03:42:00,50.3,50.3,209,227
2024-08-05 03:44:00,50.1,50.1,211,228
2024-08-05 03:46:00,50.2,50.2,211,228
2024-08-05 03:48:00,50.3,50.3,208,227
2024-08-05 03:50:00,50.2,50.2,209,228
2024-08-05 03:52:00,50.3,50.3,211,229
2024-08-05 03:54:00,50.1,50.1,209,227
2024-08-05 03:56:00,50.2,50.2,206,226
2024-08-05 03:58:00,50.2,50.2,210,227
2024-08-05 04:00:00,50.2,50.2,210,227
2024-08-05 04:02:00,50.2,50.2,209,226
2024-08-05 04:04:00,50.1,50.2,208,226
2024-08-05 04:06:00,50.1,50.1,209,226
2024-08-05 04:08:00,50.3,50.4,208,226
2024-08-05 04:10:00,50.1,50.1,209,226
2024-08-05 04:12:00,50.2,50.2,210,226
2024-08-05 04:14:00,50.2,50.2,211,227
2024-08-05 04:16:00,50.3,50.3,209,226
2024-08-05 04:18:00,50.4,50.4,211,227
2024-08-05 04:20:00,50.1,50.1,209,226
2024-08-05 04:22:00,50.2,50.3,207,226
2024-08-05 04:24:00,50.1,50.1,208,226
2024-08-05 04:26:00,50.3,50.3,211,228
2024-08-05 04:28:00,50.3,50.2,210,228
2024-08-05 04:30:00,50.3,50.3,208,227
2024-08-05 04:32:00,50.1,50.2,211,229
2024-08-05 04:34:00,50.2,50.2,209,228
2024-08-05 04:36:00,50.2,50.2,208,228
2024-08-05 04:38:00,50.3,50.3,209,228
2024-08-05 04:40:00,50.3,50.3,211,229
2024-08-05 04:42:00,50.0,50.0,207,226
2024-08-05 04:44:00,50.3,50.3,210,229
2024-08-05 04:46:00,50.3,50.3,211,230
2024-08-05 04:48:00,50.2,50.2,211,230
2024-08-05 04:50:00,50.1,50.2,209,229
2024-08-05 04:52:00,50.2,50.2,212,230
2024-08-05 04:54:00,50.1,50.1,210,228
2024-08-05 04:56:00,50.1,50.2,208,228
2024-08-05 04:58:00,50.3,50.2,208,227
2024-08-05 05:00:00,50.1,50.1,211,228
2024-08-05 05:02:00,50.1,50.1,210,228
2024-08-05 05:04:00,50.2,50.2,209,225
2024-08-05 05:06:00,50.2,50.1,210,225
2024-08-05 05:08:00,50.0,50.1,210,226
2024-08-05 05:10:00,50.2,50.2,210,228
2024-08-05 05:12:00,50.1,50.1,208,226
2024-08-05 05:14:00,50.2,50.2,208,225
2024-08-05 05:16:00,50.1,50.1,209,224
2024-08-05 05:18:00,50.2,50.2,208,226
2024-08-05 05:20:00,50.1,50.1,209,223
2024-08-05 05:22:00,50.1,50.1,210,226
2024-08-05 05:24:00,50.1,50.1,207,225
2024-08-05 05:26:00,50.1,50.2,207,223
2024-08-05 05:28:00,50.0,50.0,209,226
2024-08-05 05:30:00,50.1,50.0,207,226
2024-08-05 05:32:00,50.1,50.1,208,226
2024-08-05 05:34:00,50.2,50.2,209,226
2024-08-05 05:36:00,50.2,50.1,209,226
2024-08-05 05:38:00,50.1,50.1,204,221
2024-08-05 05:40:00,50.2,50.2,210,226
2024-08-05 05:42:00,50.2,50.2,206,224
2024-08-05 05:44:00,50.2,50.1,205,221
2024-08-05 05:46:00,50.0,50.0,209,221
2024-08-05 05:48:00,50.1,50.2,208,221
2024-08-05 05:50:00,49.9,49.9,207,223
2024-08-05 05:52:00,50.0,50.1,207,221
2024-08-05 05:54:00,50.1,50.1,207,221
2024-08-05 05:56:00,50.1,50.1,208,223
2024-08-05 05:58:00,50.0,50.1,208,226
2024-08-05 06:00:00,50.0,50.0,205,218
2024-08-05 06:02:00,50.0,49.9,207,216
2024-08-05 06:04:00,50.0,49.9,211,221
2024-08-05 06:06:00,50.0,50.0,208,219
2024-08-05 06:08:00,50.1,50.1,209,217
2024-08-05 06:10:00,50.1,50.1,207,223
2024-08-05 06:12:00,50.0,50.0,206,221
2024-08-05 06:14:00,50.1,50.1,207,224
2024-08-05 06:16:00,49.9,49.9,208,221
2024-08-05 06:18:00,49.8,49.8,203,219
2024-08-05 06:20:00,50.0,50.0,207,215
2024-08-05 06:22:00,50.2,50.1,207,214
2024-08-05 06:24:00,50.0,50.0,208,213
2024-08-05 06:26:00,50.0,50.0,203,222
2024-08-05 06:28:00,49.9,49.9,207,223
2024-08-05 06:30:00,49.9,49.9,209,226
2024-08-05 06:32:00,49.9,49.9,204,225
2024-08-05 06:34:00,50.0,50.1,204,223
2024-08-05 06:36:00,49.8,49.8,207,223
2024-08-05 06:38:00,50.1,50.1,206,221
2024-08-05 06:40:00,49.9,49.9,204,219
2024-08-05 06:42:00,49.9,49.9,204,222
2024-08-05 06:44:00,49.9,49.9,207,223
2024-08-05 06:46:00,49.8,49.8,209,221
2024-08-05 06:48:00,49.9,49.8,206,222
2024-08-05 06:50:00,49.7,49.8,207,221
2024-08-05 06:52:00,49.9,49.9,209,223
2024-08-05 06:54:00,49.9,49.9,207,223
2024-08-05 06:56:00,49.8,49.8,207,213
2024-08-05 06:58:00,49.9,49.9,206,223
2024-08-05 07:00:00,49.8,49.8,206,222
2024-08-05 07:02:00,49.6,49.7,207,222
2024-08-05 07:04:00,49.8,49.8,209,219
2024-08-05 07:06:00,49.7,49.7,209,223
2024-08-05 07:08:00,49.6,49.6,204,220
2024-08-05 07:10:00,49.8,49.8,207,224
2024-08-05 07:12:00,49.8,49.8,204,225
2024-08-05 07:14:00,49.8,49.8,207,221
2024-08-05 07:16:00,49.8,49.8,203,221
2024-08-05 07:18:00,49.9,49.9,207,223
2024-08-05 07:20:00,50.0,50.0,204,221
2024-08-05 07:22:00,49.8,49.8,207,221
2024-08-05 07:24:00,49.7,49.8,207,221
2024-08-05 07:26:00,49.9,49.9,202,219
2024-08-05 07:28:00,49.6,49.6,203,220
2024-08-05 07:30:00,49.5,49.5,204,220
2024-08-05 07:32:00,49.9,49.8,204,222
2024-08-05 07:34:00,49.8,49.9,206,220
2024-08-05 07:36:00,49.7,49.7,205,219
2024-08-05 07:38:00,49.7,49.8,205,221
2024-08-05 07:40:00,49.6,49.7,204,213
2024-08-05 07:42:00,49.9,49.8,204,217
2024-08-05 07:44:00,49.7,49.7,206,219
2024-08-05 07:46:00,49.6,49.7,202,218
2024-08-05 07:48:00,49.3,49.3,206,219
2024-08-05 07:50:00,49.8,49.8,206,221
2024-08-05 07:52:00,49.9,49.9,200,214
2024-08-05 07:54:00,49.8,49.8,202,214
2024-08-05 07:56:00,49.6,49.5,200,214
2024-08-05 07:58:00,49.5,49.6,199,214
2024-08-05 08:00:00,49.7,49.7,203,218
2024-08-05 08:02:00,49.5,49.5,206,219
2024-08-05 08:04:00,49.8,49.7,199,209
2024-08-05 08:06:00,49.7,49.6,201,209
2024-08-05 08:08:00,49.6,49.6,204,213
2024-08-05 08:10:00,49.7,49.8,201,211
2024-08-05 08:12:00,49.7,49.7,202,215
2024-08-05 08:14:00,49.7,49.7,202,214
2024-08-05 08:16:00,49.5,49.5,200,214
2024-08-05 08:18:00,49.7,49.6,204,219
2024-08-05 08:20:00,49.9,49.9,201,213
2024-08-05 08:22:00,49.6,49.6,199,213
2024-08-05 08:24:00,49.6,49.6,199,209
2024-08-05 08:26:00,49.4,49.3,201,213
2024-08-05 08:28:00,49.6,49.6,203,214
2024-08-05 08:30:00,49.6,49.6,202,211
2024-08-05 08:32:00,49.9,50.0,200,207
2024-08-05 08:34:00,49.7,49.6,200,208
2024-08-05 08:36:00,49.6,49.6,200,207
2024-08-05 08:38:00,49.4,49.3,198,206
2024-08-05 08:40:00,49.7,49.6,199,206
2024-08-05 08:42:00,49.5,49.6,198,205
2024-08-05 08:44:00,49.7,49.7,197,207
2024-08-05 08:46:00,49.4,49.4,199,207
2024-08-05 08:48:00,49.4,49.4,199,207
2024-08-05 08:50:00,49.4,49.4,199,202
2024-08-05 08:52:00,49.4,49.4,199,199
2024-08-05 08:54:00,49.4,49.5,203,207
2024-08-05 08:56:00,49.4,49.4,197,204
2024-08-05 08:58:00,49.4,49.4,197,204
2024-08-05 09:00:00,49.4,49.5,204,209
2024-08-05 09:02:00,49.5,49.5,195,196
2024-08-05 09:04:00,49.4,49.3,200,202
2024-08-05 09:06:00,49.6,49.6,203,207
2024-08-05 09:08:00,49.5,49.5,199,207
2024-08-05 09:10:00,49.6,49.6,197,201
2024-08-05 09:12:00,49.6,49.6,197,194
2024-08-05 09:14:00,49.7,49.8,194,191
2024-08-05 09:16:00,49.8,49.9,199,197
2024-08-05 09:18:00,49.6,49.5,199,197
2024-08-05 09:20:00,49.4,49.4,199,197
2024-08-05 09:22:00,49.6,49.5,201,203
2024-08-05 09:24:00,49.5,49.6,197,199
2024-08-05 09:26:00,49.4,49.4,202,204
2024-08-05 09:28:00,49.5,49.4,200,197
2024-08-05 09:30:00,49.7,49.7,201,203
2024-08-05 09:32:00,49.3,49.4,201,207
2024-08-05 09:34:00,49.3,49.3,197,200
2024-08-05 09:36:00,49.2,49.2,200,203
2024-08-05 09:38:00,49.4,49.4,197,201
2024-08-05 09:40:00,49.1,49.1,198,200
2024-08-05 09:42:00,49.3,49.3,198,198
2024-08-05 09:44:00,49.3,49.3,196,200
2024-08-05 09:46:00,49.5,49.5,196,198
2024-08-05 09:48:00,49.1,49.1,197,206
2024-08-05 09:50:00,49.5,49.5,200,206
2024-08-05 09:52:00,49.5,49.6,201,208
2024-08-05 09:54:00,49.3,49.3,196,199
2024-08-05 09:56:00,49.2,49.2,202,204
2024-08-05 09:58:00,49.0,49.0,192,191
2024-08-05 10:00:00,49.0,49.0,194,196
2024-08-05 10:02:00,49.2,49.2,199,190
2024-08-05 10:04:00,49.3,49.4,199,194
2024-08-05 10:06:00,49.4,49.4,195,197
2024-08-05 10:08:00,49.2,49.2,197,192
2024-08-05 10:10:00,49.0,49.0,194,192
2024-08-05 10:12:00,49.0,49.1,197,187
2024-08-05 10:14:00,49.4,49.4,193,184
2024-08-05 10:16:00,49.2,49.2,197,192
2024-08-05 10:18:00,49.3,49.2,194,190
2024-08-05 10:20:00,49.4,49.4,197,194
2024-08-05 10:22:00,49.3,49.4,197,197
2024-08-05 10:24:00,49.1,49.1,196,199
2024-08-05 10:26:00,49.3,49.3,193,185
2024-08-05 10:28:00,49.3,49.3,199,195
2024-08-05 10:30:00,2632,7874,0,0
2024-08-05 10:32:00,2611,50.6,0,237
2024-08-05 10:34:00,51.0,51.0,216,228
2024-08-05 10:36:00,51.1,51.0,219,231
2024-08-05 10:38:00,51.0,50.9,219,232
2024-08-05 10:40:00,50.9,50.9,215,229
2024-08-05 10:42:00,51.0,50.9,211,228
2024-08-05 10:44:00,50.8,50.7,214,228
2024-08-05 10:46:00,50.8,50.7,214,230
2024-08-05 10:48:00,50.7,50.8,209,229
2024-08-05 10:50:00,50.8,50.8,211,229
2024-08-05 10:52:00,50.9,50.8,209,227
2024-08-05 10:54:00,50.8,50.8,211,228
2024-08-05 10:56:00,50.9,50.8,217,231
2024-08-05 10:58:00,50.9,51.0,216,229
2024-08-05 11:00:00,50.9,50.9,214,227
2024-08-05 11:02:00,50.9,50.9,216,229
2024-08-05 11:04:00,51.0,50.9,214,228
2024-08-05 11:06:00,51.0,51.1,211,226
2024-08-05 11:08:00,50.9,50.9,217,231
2024-08-05 11:10:00,51.0,51.0,216,228
2024-08-05 11:12:00,50.9,50.9,213,228
2024-08-05 11:14:00,50.8,50.9,213,228
2024-08-05 11:16:00,50.9,50.9,215,228
2024-08-05 11:18:00,50.9,50.9,213,228
2024-08-05 11:20:00,50.6,50.6,211,226
2024-08-05 11:22:00,50.8,50.8,214,226
2024-08-05 11:24:00,50.8,50.8,214,228
2024-08-05 11:26:00,50.9,50.9,212,226
2024-08-05 11:28:00,51.0,50.9,216,228
2024-08-05 11:30:00,51.1,51.1,215,227
2024-08-05 11:32:00,51.1,51.0,214,228
2024-08-05 11:34:00,51.0,51.0,214,226
2024-08-05 11:36:00,50.9,50.9,214,226
2024-08-05 11:38:00,51.0,51.0,215,228
2024-08-05 11:40:00,51.0,51.0,216,227
2024-08-05 11:42:00,51.0,51.0,218,230
2024-08-05 11:44:00,51.0,51.0,210,225
2024-08-05 11:46:00,51.1,51.0,214,227
2024-08-05 11:48:00,51.0,51.1,218,230
2024-08-05 11:50:00,51.0,51.0,213,226
2024-08-05 11:52:00,51.0,51.0,217,229
2024-08-05 11:54:00,51.4,51.3,213,225
2024-08-05 11:56:00,51.3,51.3,215,228
2024-08-05 11:58:00,51.6,51.4,216,227
2024-08-05 12:00:00,51.5,51.4,216,228
2024-08-05 12:02:00,51.3,51.3,215,226
2024-08-05 12:04:00,51.4,51.3,212,223
2024-08-05 12:06:00,51.2,51.2,209,221
2024-08-05 12:08:00,51.4,51.4,216,224
2024-08-05 12:10:00,51.8,51.5,217,227
2024-08-05 12:12:00,52.0,51.7,217,228
2024-08-05 12:14:00,52.2,52.2,217,230
2024-08-05 12:16:00,52.2,52.1,219,230
2024-08-05 12:18:00,52.4,52.4,220,233
2024-08-05 12:20:00,52.5,52.5,217,231
2024-08-05 12:22:00,52.3,52.4,219,232
2024-08-05 12:24:00,52.3,52.2,216,232
2024-08-05 12:26:00,52.3,52.2,215,231
2024-08-05 12:28:00,52.1,52.1,217,233
2024-08-05 12:30:00,51.9,52.0,209,228
2024-08-05 12:32:00,52.0,52.1,212,228
2024-08-05 12:34:00,51.9,51.9,212,226
2024-08-05 12:36:00,52.2,52.1,215,229
2024-08-05 12:38:00,52.3,52.2,214,228
2024-08-05 12:40:00,51.3,51.4,208,227
2024-08-05 12:42:00,51.5,51.5,207,224
2024-08-05 12:44:00,51.5,51.6,210,225
2024-08-05 12:46:00,51.7,51.7,211,227
2024-08-05 12:48:00,51.7,51.5,215,228
2024-08-05 12:50:00,51.7,51.7,217,231
2024-08-05 12:52:00,51.7,51.7,217,231
2024-08-05 12:54:00,52.1,51.6,211,225
2024-08-05 12:56:00,51.4,51.5,212,229
2024-08-05 12:58:00,51.3,51.3,211,228
2024-08-05 13:00:00,51.2,51.2,214,233
2024-08-05 13:02:00,51.1,51.2,211,230
2024-08-05 13:04:00,51.3,51.3,216,235
2024-08-05 13:06:00,51.3,51.4,215,233
2024-08-05 13:08:00,51.4,51.4,216,232
2024-08-05 13:10:00,51.4,51.4,212,228
2024-08-05 13:12:00,51.2,51.2,214,231
2024-08-05 13:14:00,51.3,51.2,213,231
2024-08-05 13:16:00,51.2,51.3,214,231
2024-08-05 13:18:00,51.2,51.3,214,228
2024-08-05 13:20:00,51.2,51.2,214,231
2024-08-05 13:22:00,51.4,51.3,211,229
2024-08-05 13:24:00,51.3,51.4,214,231
2024-08-05 13:26:00,51.4,51.4,217,233
2024-08-05 13:28:00,51.2,51.2,209,228
2024-08-05 13:30:00,51.3,51.4,216,231
2024-08-05 13:32:00,51.2,51.3,214,230
2024-08-05 13:34:00,51.1,51.2,215,231
2024-08-05 13:36:00,51.4,51.3,218,232
2024-08-05 13:38:00,51.2,51.2,211,226
2024-08-05 13:40:00,51.1,51.2,212,229
2024-08-05 13:42:00,51.2,51.2,216,230
2024-08-05 13:44:00,51.3,51.2,213,231
2024-08-05 13:46:00,51.2,51.3,214,230
2024-08-05 13:48:00,51.2,51.1,207,225
2024-08-05 13:50:00,51.3,51.2,216,231
2024-08-05 13:52:00,51.3,51.3,214,231
2024-08-05 13:54:00,51.4,51.3,214,233
2024-08-05 13:56:00,51.1,51.1,216,230
2024-08-05 13:58:00,50.7,50.7,212,226
2024-08-05 14:00:00,50.5,50.5,209,226
2024-08-05 14:02:00,50.5,50.5,215,228
2024-08-05 14:04:00,50.6,50.6,214,227
2024-08-05 14:06:00,50.7,50.7,212,228
2024-08-05 14:08:00,50.8,50.8,218,231
2024-08-05 14:10:00,50.7,50.8,219,231
2024-08-05 14:12:00,50.7,50.6,214,228
2024-08-05 14:14:00,50.9,50.8,216,231
2024-08-05 14:16:00,50.9,50.7,213,228
2024-08-05 14:18:00,50.7,50.7,215,232
2024-08-05 14:20:00,50.7,50.7,214,230
2024-08-05 14:22:00,50.8,50.7,214,229
2024-08-05 14:24:00,50.8,50.7,214,230
2024-08-05 14:26:00,50.7,50.8,214,231
2024-08-05 14:28:00,50.9,50.9,215,229
2024-08-05 14:30:00,50.9,50.8,213,228
2024-08-05 14:32:00,50.8,50.7,216,233
2024-08-05 14:34:00,50.8,50.8,216,231
2024-08-05 14:36:00,50.7,50.7,214,231
2024-08-05 14:38:00,50.8,50.8,215,231
2024-08-05 14:40:00,50.9,50.7,216,232
2024-08-05 14:42:00,51.0,51.1,214,228
2024-08-05 14:44:00,50.9,50.9,213,228
2024-08-05 14:46:00,50.8,50.8,216,229
2024-08-05 14:48:00,50.7,50.7,215,228
2024-08-05 14:50:00,50.6,50.7,213,228
2024-08-05 14:52:00,50.7,50.6,217,232
2024-08-05 14:54:00,50.9,50.8,213,227
2024-08-05 14:56:00,50.8,50.8,216,231
2024-08-05 14:58:00,50.9,50.9,217,231
2024-08-05 15:00:00,51.0,50.9,216,231
2024-08-05 15:02:00,51.0,50.9,214,230
2024-08-05 15:04:00,50.9,50.8,214,231
2024-08-05 15:06:00,51.1,51.1,217,231
2024-08-05 15:08:00,51.0,51.2,214,230
2024-08-05 15:10:00,51.1,51.1,218,233
2024-08-05 15:12:00,51.1,51.1,218,231
2024-08-05 15:14:00,51.1,51.2,216,231
2024-08-05 15:16:00,51.2,51.2,218,232
2024-08-05 15:18:00,51.3,51.3,213,226
2024-08-05 15:20:00,51.2,51.1,215,228
2024-08-05 15:22:00,51.0,51.0,220,233
2024-08-05 15:24:00,50.9,51.0,220,236
2024-08-05 15:26:00,51.1,51.1,215,231
2024-08-05 15:28:00,51.3,51.3,214,231
2024-08-05 15:30:00,51.5,51.5,218,232
2024-08-05 15:32:00,51.2,51.3,219,235
2024-08-05 15:34:00,51.3,51.4,219,236
2024-08-05 15:36:00,51.3,51.3,221,238
2024-08-05 15:38:00,51.2,51.2,219,238
2024-08-05 15:40:00,51.5,51.4,218,236
2024-08-05 15:42:00,51.6,51.5,217,233
2024-08-05 15:44:00,51.3,51.3,216,235
2024-08-05 15:46:00,51.3,51.3,216,234
2024-08-05 15:48:00,51.3,51.4,219,234
2024-08-05 15:50:00,51.3,51.1,221,238
2024-08-05 15:52:00,51.3,51.3,218,236
2024-08-05 15:54:00,51.6,51.7,217,233
2024-08-05 15:56:00,51.2,51.2,221,238
2024-08-05 15:58:00,51.3,51.6,216,233
2024-08-05 16:00:00,51.3,51.3,217,232
2024-08-05 16:02:00,51.3,51.3,216,232
2024-08-05 16:04:00,51.2,51.3,219,236
2024-08-05 16:06:00,51.3,51.4,221,236
2024-08-05 16:08:00,51.2,51.3,217,234
2024-08-05 16:10:00,51.5,51.4,217,234
2024-08-05 16:12:00,51.5,51.5,218,233
2024-08-05 16:14:00,51.5,51.6,218,233
2024-08-05 16:16:00,51.7,51.7,216,231
2024-08-05 16:18:00,51.6,51.6,218,232
2024-08-05 16:20:00,51.5,51.4,216,233
2024-08-05 16:22:00,51.4,51.5,221,236
2024-08-05 16:24:00,51.9,52.0,219,233
2024-08-05 16:26:00,52.2,52.0,220,233
2024-08-05 16:28:00,52.0,51.9,219,231
2024-08-05 16:30:00,51.9,51.8,223,236
2024-08-05 16:32:00,51.6,51.7,221,234
2024-08-05 16:34:00,52.0,52.1,217,231
2024-08-05 16:36:00,52.0,52.1,220,234
2024-08-05 16:38:00,51.7,51.7,219,235
2024-08-05 16:40:00,52.3,52.2,221,236
2024-08-05 16:42:00,52.3,52.2,221,236
2024-08-05 16:44:00,52.3,52.3,223,242
2024-08-05 16:46:00,52.3,52.4,223,237
2024-08-05 16:48:00,52.6,52.3,223,238
2024-08-05 16:50:00,52.1,52.1,223,238
2024-08-05 16:52:00,51.9,52.1,225,240
2024-08-05 16:54:00,52.0,52.1,224,239
2024-08-05 16:56:00,52.1,52.0,223,239
2024-08-05 16:58:00,52.0,51.9,224,240
2024-08-05 17:00:00,51.0,50.9,221,238
2024-08-05 17:02:00,50.9,50.9,219,235
2024-08-05 17:04:00,51.0,51.0,221,236
2024-08-05 17:06:00,50.8,50.9,219,234
2024-08-05 17:08:00,51.0,51.0,221,235
2024-08-05 17:10:00,51.0,51.0,217,229
2024-08-05 17:12:00,51.0,51.0,218,230
2024-08-05 17:14:00,51.0,51.1,223,233
2024-08-05 17:16:00,51.0,51.0,219,231
2024-08-05 17:18:00,51.0,51.1,220,232
2024-08-05 17:20:00,51.0,51.0,223,233
2024-08-05 17:22:00,51.0,51.0,221,233
2024-08-05 17:24:00,51.1,51.1,221,232
2024-08-05 17:26:00,51.0,51.1,222,232
2024-08-05 17:28:00,51.1,51.0,225,233
2024-08-05 17:30:00,51.1,51.1,222,233
2024-08-05 17:32:00,50.9,51.0,225,233
2024-08-05 17:34:00,51.0,51.1,223,233
2024-08-05 17:36:00,51.1,51.0,222,233
2024-08-05 17:38:00,51.1,51.0,224,234
2024-08-05 17:40:00,51.1,51.1,225,234
2024-08-05 17:42:00,51.1,51.1,221,233
2024-08-05 17:44:00,51.0,51.1,221,233
2024-08-05 17:46:00,51.0,50.9,221,224
2024-08-05 17:48:00,51.0,51.0,219,223
2024-08-05 17:50:00,51.0,51.1,221,232
2024-08-05 17:52:00,51.0,51.0,223,233
2024-08-05 17:54:00,51.1,51.1,219,231
2024-08-05 17:56:00,51.1,51.0,220,231
2024-08-05 17:58:00,51.1,51.0,224,235
2024-08-05 18:00:00,51.1,51.1,221,233
2024-08-05 18:02:00,51.0,51.0,223,236
2024-08-05 18:04:00,51.0,51.0,225,236
2024-08-05 18:06:00,51.0,51.0,222,236
2024-08-05 18:08:00,51.0,51.0,222,235
2024-08-05 18:10:00,51.0,51.0,224,236
2024-08-05 18:12:00,51.0,51.0,224,236
2024-08-05 18:14:00,51.0,50.9,223,236
2024-08-05 18:16:00,51.0,50.9,223,236
2024-08-05 18:18:00,50.9,50.9,223,234
2024-08-05 18:20:00,51.0,51.0,220,233
2024-08-05 18:22:00,51.1,51.0,225,235
2024-08-05 18:24:00,51.1,51.1,224,234
2024-08-05 18:26:00,51.8,51.9,228,238
2024-08-05 18:28:00,51.3,51.4,224,234
2024-08-05 18:30:00,51.4,51.4,226,235
2024-08-05 18:32:00,51.6,51.5,226,235
2024-08-05 18:34:00,51.7,51.4,226,236
2024-08-05 18:36:00,51.8,51.7,226,236
2024-08-05 18:38:00,51.5,51.4,218,232
2024-08-05 18:40:00,51.4,51.4,221,233
2024-08-05 18:42:00,51.6,51.6,225,233
2024-08-05 18:44:00,52.1,52.3,226,238
2024-08-05 18:46:00,53.8,53.7,225,241
2024-08-05 18:48:00,53.8,53.6,225,241
2024-08-05 18:50:00,53.9,53.6,225,240
2024-08-05 18:52:00,53.7,53.6,227,243
2024-08-05 18:54:00,53.7,53.7,225,242
2024-08-05 18:56:00,53.7,53.8,224,241
2024-08-05 18:58:00,53.7,53.6,227,243
2024-08-05 19:00:00,54.0,54.0,224,241
2024-08-05 19:02:00,54.0,54.0,226,241
2024-08-05 19:04:00,52.3,52.4,221,240
2024-08-05 19:06:00,52.2,52.1,222,239
2024-08-05 19:08:00,51.6,51.6,220,225
2024-08-05 19:10:00,51.9,52.0,222,227
2024-08-05 19:12:00,51.3,51.4,224,230
2024-08-05 19:14:00,52.2,52.2,225,238
2024-08-05 19:16:00,51.7,51.7,223,238
2024-08-05 19:18:00,51.9,52.0,224,240
2024-08-05 19:20:00,52.1,52.0,223,240
2024-08-05 19:22:00,51.6,51.6,228,242
2024-08-05 19:24:00,51.4,51.5,224,240
2024-08-05 19:26:00,51.5,51.5,226,243
2024-08-05 19:28:00,51.3,51.3,220,231
2024-08-05 19:30:00,51.5,51.4,226,242
2024-08-05 19:32:00,51.8,51.8,226,242
2024-08-05 19:34:00,51.9,51.9,224,240
2024-08-05 19:36:00,51.7,51.7,225,240
2024-08-05 19:38:00,52.2,52.2,223,239
2024-08-05 19:40:00,52.1,52.0,222,236
2024-08-05 19:42:00,52.1,52.1,223,236
2024-08-05 19:44:00,53.6,53.6,221,238
2024-08-05 19:46:00,52.4,52.4,224,238
2024-08-05 19:48:00,52.2,52.2,226,240
2024-08-05 19:50:00,51.9,52.0,223,237
2024-08-05 19:52:00,52.0,51.9,224,237
2024-08-05 19:54:00,51.9,51.9,224,237
2024-08-05 19:56:00,51.4,51.4,223,236
2024-08-05 19:58:00,52.0,51.8,227,239
2024-08-05 20:00:00,51.8,51.8,226,238
2024-08-05 20:02:00,51.9,51.9,222,236
2024-08-05 20:04:00,51.9,51.9,226,238
2024-08-05 20:06:00,51.6,51.6,223,236
2024-08-05 20:08:00,51.3,51.3,223,236
2024-08-05 20:10:00,51.3,51.3,222,236
2024-08-05 20:12:00,51.0,51.0,221,234
2024-08-05 20:14:00,51.1,51.0,221,236
2024-08-05 20:16:00,50.8,50.8,223,236
2024-08-05 20:18:00,50.7,50.8,222,235
2024-08-05 20:20:00,50.7,50.6,221,233
2024-08-05 20:22:00,50.8,50.8,224,238
2024-08-05 20:24:00,50.7,50.7,224,238
2024-08-05 20:26:00,50.8,50.7,225,238
2024-08-05 20:28:00,50.8,50.7,221,236
2024-08-05 20:30:00,50.7,50.8,223,238
2024-08-05 20:32:00,50.8,50.9,224,238
2024-08-05 20:34:00,50.5,50.5,220,237
2024-08-05 20:36:00,50.5,50.6,219,236
2024-08-05 20:38:00,50.6,50.6,221,236
2024-08-05 20:40:00,50.7,50.8,219,233
2024-08-05 20:42:00,50.6,50.8,220,234
2024-08-05 20:44:00,50.8,50.7,221,236
2024-08-05 20:46:00,50.8,50.7,219,235
2024-08-05 20:48:00,50.6,50.6,218,234
2024-08-05 20:50:00,50.6,50.6,221,235
2024-08-05 20:52:00,50.5,50.4,217,236
2024-08-05 20:54:00,50.6,50.4,219,233
2024-08-05 20:56:00,50.4,50.5,220,233
2024-08-05 20:58:00,50.6,50.5,219,233
2024-08-05 21:00:00,50.7,50.7,221,235
2024-08-05 21:02:00,50.7,50.7,223,237
2024-08-05 21:04:00,50.7,50.8,222,238
2024-08-05 21:06:00,50.8,50.7,219,235
2024-08-05 21:08:00,50.7,50.6,221,235
2024-08-05 21:10:00,50.8,50.8,222,236
2024-08-05 21:12:00,50.8,50.9,219,236
2024-08-05 21:14:00,50.8,50.8,221,235
2024-08-05 21:16:00,51.0,51.0,224,237
2024-08-05 21:18:00,50.9,51.0,225,237
2024-08-05 21:20:00,50.9,50.9,230,240
2024-08-05 21:22:00,50.9,50.9,226,239
2024-08-05 21:24:00,50.7,50.7,223,234
2024-08-05 21:26:00,50.9,50.9,226,235
2024-08-05 21:28:00,51.0,51.0,226,238
2024-08-05 21:30:00,50.9,50.9,226,238
2024-08-05 21:32:00,51.3,51.3,228,240
2024-08-05 21:34:00,51.4,51.4,223,236
2024-08-05 21:36:00,51.4,51.3,226,237
2024-08-05 21:38:00,51.3,51.3,230,240
2024-08-05 21:40:00,51.3,51.2,228,238
2024-08-05 21:42:00,51.4,51.4,228,239
2024-08-05 21:44:00,51.4,51.3,227,239
2024-08-05 21:46:00,51.5,51.4,230,240
2024-08-05 21:48:00,51.9,51.9,229,240
2024-08-05 21:50:00,51.4,51.5,226,237
2024-08-05 21:52:00,51.5,51.5,227,237
2024-08-05 21:54:00,53.4,53.4,228,241
2024-08-05 21:56:00,53.7,53.7,226,241
2024-08-05 21:58:00,54.5,54.5,226,241
2024-08-05 22:00:00,52.3,52.2,228,241
2024-08-05 22:02:00,53.9,53.9,226,241
2024-08-05 22:04:00,54.1,54.1,226,241
2024-08-05 22:06:00,54.1,54.1,228,242
2024-08-05 22:08:00,53.4,53.5,229,243
2024-08-05 22:10:00,52.0,51.9,224,237
2024-08-05 22:12:00,52.1,52.1,230,240
2024-08-05 22:14:00,53.6,53.6,228,241
2024-08-05 22:16:00,52.4,52.4,230,240
2024-08-05 22:18:00,49.8,49.8,204,211
2024-08-05 22:20:00,49.6,49.5,202,211
2024-08-05 22:22:00,49.5,49.6,202,208
2024-08-05 22:24:00,49.8,49.8,201,208
2024-08-05 22:26:00,49.7,49.6,203,211
2024-08-05 22:28:00,49.7,49.7,204,211
2024-08-05 22:30:00,49.7,49.7,202,210
2024-08-05 22:32:00,49.9,49.9,202,215
2024-08-05 22:34:00,49.6,49.6,204,215
2024-08-05 22:36:00,50.0,50.0,202,214
2024-08-05 22:38:00,49.6,49.7,203,214
2024-08-05 22:40:00,49.6,49.6,203,213
2024-08-05 22:42:00,49.7,49.7,203,214
2024-08-05 22:44:00,49.6,49.6,202,214
2024-08-05 22:46:00,49.5,49.4,207,217
2024-08-05 22:48:00,49.6,49.6,203,216
2024-08-05 22:50:00,49.8,49.7,202,216
2024-08-05 22:52:00,49.4,49.3,205,216
2024-08-05 22:54:00,49.6,49.6,203,216
2024-08-05 22:56:00,49.6,49.6,204,219
2024-08-05 22:58:00,49.5,49.5,204,217
2024-08-05 23:00:00,49.6,49.6,203,216
2024-08-05 23:02:00,49.7,49.7,202,215
2024-08-05 23:04:00,49.5,49.5,205,217
2024-08-05 23:06:00,49.9,49.9,201,214
2024-08-05 23:08:00,49.5,49.5,201,212
2024-08-05 23:10:00,49.9,49.9,206,216
2024-08-05 23:12:00,50.0,49.9,205,216
2024-08-05 23:14:00,49.9,49.9,204,216
2024-08-05 23:16:00,49.9,49.9,207,217
2024-08-05 23:18:00,49.7,49.7,207,217
2024-08-05 23:20:00,49.9,49.9,203,216
2024-08-05 23:22:00,49.8,49.8,206,216
2024-08-05 23:24:00,49.9,50.0,206,218
2024-08-05 23:26:00,50.0,50.0,203,218
2024-08-05 23:28:00,50.2,50.2,207,219
2024-08-05 23:30:00,50.0,50.0,208,221
2024-08-05 23:32:00,50.0,50.0,204,221
2024-08-05 23:34:00,50.2,50.2,204,220
2024-08-05 23:36:00,50.0,50.0,205,221
2024-08-05 23:38:00,50.0,50.0,203,220
2024-08-05 23:40:00,50.0,49.9,205,221
2024-08-05 23:42:00,50.1,50.1,206,221
2024-08-05 23:44:00,50.2,50.1,204,221
2024-08-05 23:46:00,49.9,50.0,207,221
2024-08-05 23:48:00,50.0,50.1,206,221
2024-08-05 23:50:00,49.9,49.9,203,220
2024-08-05 23:52:00,50.0,50.1,207,221
2024-08-05 23:54:00,50.1,50.1,207,221
2024-08-05 23:56:00,50.0,50.0,204,221
2024-08-05 23:58:00,49.9,49.9,207,222
2024-08-06 00:00:00,49.9,49.9,206,221
2024-08-06 00:02:00,49.7,49.7,204,221
2024-08-06 00:04:00,49.9,49.9,207,221
2024-08-06 00:06:00,49.8,49.8,207,222
2024-08-06 00:08:00,49.9,50.0,204,221
2024-08-06 00:10:00,50.1,50.0,207,222
2024-08-06 00:12:00,50.0,50.1,207,221
2024-08-06 00:14:00,49.9,49.9,204,220
2024-08-06 00:16:00,50.0,50.0,206,221
2024-08-06 00:18:00,50.0,49.9,207,222
2024-08-06 00:20:00,50.2,50.1,204,220
2024-08-06 00:22:00,49.8,49.8,206,222
2024-08-06 00:24:00,49.9,50.0,208,223
2024-08-06 00:26:00,50.2,50.2,204,222
2024-08-06 00:28:00,50.1,50.2,206,222
2024-08-06 00:30:00,50.3,50.3,207,223
2024-08-06 00:32:00,50.2,50.2,206,223
2024-08-06 00:34:00,50.2,50.2,207,223
2024-08-06 00:36:00,50.1,50.1,209,226
2024-08-06 00:38:00,49.7,49.8,206,223
2024-08-06 00:40:00,49.9,49.8,207,222
2024-08-06 00:42:00,50.3,50.3,209,223
2024-08-06 00:44:00,50.2,50.2,207,223
2024-08-06 00:46:00,50.1,50.1,206,222
2024-08-06 00:48:00,50.1,50.2,209,224
2024-08-06 00:50:00,50.2,50.3,207,224
2024-08-06 00:52:00,50.1,50.1,205,222
2024-08-06 00:54:00,50.3,50.3,207,223
2024-08-06 00:56:00,50.0,49.9,206,223
2024-08-06 00:58:00,50.0,50.0,207,223
2024-08-06 01:00:00,50.2,50.2,208,224
2024-08-06 01:02:00,50.0,50.0,206,223
2024-08-06 01:04:00,49.9,50.0,205,223
2024-08-06 01:06:00,50.3,50.4,207,223
2024-08-06 01:08:00,50.0,49.9,206,223
2024-08-06 01:10:00,50.1,50.1,206,223
2024-08-06 01:12:00,50.3,50.2,209,225
2024-08-06 01:14:00,50.3,50.3,207,224
2024-08-06 01:16:00,50.0,50.0,205,214
2024-08-06 01:18:00,49.8,49.8,205,221
2024-08-06 01:20:00,49.8,49.8,206,223
2024-08-06 01:22:00,49.7,49.7,207,223
2024-08-06 01:24:00,50.0,50.0,207,221
2024-08-06 01:26:00,50.0,50.1,207,223
2024-08-06 01:28:00,50.0,50.0,209,226
2024-08-06 01:30:00,49.9,50.0,209,226
2024-08-06 01:32:00,49.9,50.0,206,223
2024-08-06 01:34:00,50.0,50.0,206,224
2024-08-06 01:36:00,50.0,50.0,209,225
2024-08-06 01:38:00,50.1,50.0,207,224
2024-08-06 01:40:00,50.0,49.9,207,223
2024-08-06 01:42:00,50.1,50.1,209,224
2024-08-06 01:44:00,50.1,50.2,206,223
2024-08-06 01:46:00,50.2,50.3,207,224
2024-08-06 01:48:00,50.2,50.1,211,226
2024-08-06 01:50:00,50.2,50.2,207,224
2024-08-06 01:52:00,50.2,50.2,207,223
2024-08-06 01:54:00,50.3,50.3,209,226
2024-08-06 01:56:00,50.2,50.1,207,225
2024-08-06 01:58:00,50.0,50.0,208,225
2024-08-06 02:00:00,50.3,50.3,210,226
2024-08-06 02:02:00,50.0,50.0,207,224
2024-08-06 02:04:00,50.2,50.2,209,225
2024-08-06 02:06:00,50.1,50.1,209,225
2024-08-06 02:08:00,50.2,50.2,207,225
2024-08-06 02:10:00,50.3,50.3,208,224
2024-08-06 02:12:00,50.2,50.2,211,226
2024-08-06 02:14:00,50.1,50.0,207,225
2024-08-06 02:16:00,50.0,50.0,209,226
2024-08-06 02:18:00,50.1,50.1,210,226
2024-08-06 02:20:00,50.0,50.0,207,226
2024-08-06 02:22:00,50.0,50.0,208,227
2024-08-06 02:24:00,49.9,49.9,209,227
2024-08-06 02:26:00,50.0,50.0,207,226
2024-08-06 02:28:00,50.1,50.1,208,226
2024-08-06 02:30:00,50.0,50.1,209,226
2024-08-06 02:32:00,50.2,50.2,207,226
2024-08-06 02:34:00,50.3,50.2,209,227
2024-08-06 02:36:00,50.2,50.2,209,225
2024-08-06 02:38:00,50.2,50.2,209,226
2024-08-06 02:40:00,50.3,50.4,209,225
2024-08-06 02:42:00,50.2,50.2,209,224
2024-08-06 02:44:00,50.3,50.3,207,223
2024-08-06 02:46:00,50.1,50.1,210,226
2024-08-06 02:48:00,50.3,50.3,210,227
2024-08-06 02:50:00,50.2,50.2,207,225
2024-08-06 02:52:00,50.3,50.3,209,225
2024-08-06 02:54:00,50.2,50.2,211,225
2024-08-06 02:56:00,50.0,50.1,208,224
2024-08-06 02:58:00,50.2,50.2,208,224
2024-08-06 03:00:00,50.1,50.2,207,224
2024-08-06 03:02:00,50.2,50.2,209,226
2024-08-06 03:04:00,50.1,50.1,209,226
2024-08-06 03:06:00,50.0,50.0,210,226
2024-08-06 03:08:00,50.0,50.1,208,225
2024-08-06 03:10:00,50.2,50.2,207,226
2024-08-06 03:12:00,50.2,50.1,209,226
2024-08-06 03:14:00,50.2,50.2,210,227
2024-08-06 03:16:00,50.1,50.1,209,228
2024-08-06 03:18:00,49.9,50.0,209,228
2024-08-06 03:20:00,50.0,50.1,209,227
2024-08-06 03:22:00,50.1,50.1,207,226
2024-08-06 03:24:00,49.9,50.0,211,228
2024-08-06 03:26:00,50.1,50.0,210,228
2024-08-06 03:28:00,50.3,50.3,209,228
2024-08-06 03:30:00,50.2,50.2,211,228
2024-08-06 03:32:00,50.1,50.1,211,229
2024-08-06 03:34:00,50.3,50.3,209,228
2024-08-06 03:36:00,50.3,50.2,211,228
2024-08-06 03:38:00,50.2,50.1,210,226
2024-08-06 03:40:00,50.3,50.4,209,228
2024-08-06 03:42:00,50.4,50.3,211,228
2024-08-06 03:44:00,50.3,50.3,211,228
2024-08-06 03:46:00,50.3,50.3,209,228
2024-08-06 03:48:00,50.3,50.3,211,228
2024-08-06 03:50:00,50.3,50.4,211,230
2024-08-06 03:52:00,50.3,50.3,209,229
2024-08-06 03:54:00,50.2,50.2,211,229
2024-08-06 03:56:00,50.3,50.3,211,228
2024-08-06 03:58:00,50.0,50.1,209,229
2024-08-06 04:00:00,50.3,50.3,211,229
2024-08-06 04:02:00,50.4,50.3,209,227
2024-08-06 04:04:00,50.0,50.0,208,227
2024-08-06 04:06:00,50.1,50.2,211,228
2024-08-06 04:08:00,50.4,50.4,211,228
2024-08-06 04:10:00,50.2,50.2,209,228
2024-08-06 04:12:00,50.1,50.1,211,229
2024-08-06 04:14:00,49.9,50.0,211,228
2024-08-06 04:16:00,50.1,50.1,207,225
2024-08-06 04:18:00,50.2,50.2,210,227
2024-08-06 04:20:00,50.0,50.0,209,226
2024-08-06 04:22:00,50.0,50.0,208,227
2024-08-06 04:24:00,50.5,50.5,211,229
2024-08-06 04:26:00,50.8,50.8,211,229
2024-08-06 04:28:00,50.6,50.5,209,228
2024-08-06 04:30:00,50.6,50.5,213,230
2024-08-06 04:32:00,50.7,50.7,210,228
2024-08-06 04:34:00,50.5,50.5,208,227
2024-08-06 04:36:00,50.7,50.7,209,227
2024-08-06 04:38:00,50.7,50.7,212,230
2024-08-06 04:40:00,50.5,50.5,209,228
2024-08-06 04:42:00,50.6,50.6,209,228
2024-08-06 04:44:00,50.7,50.7,212,230
2024-08-06 04:46:00,50.6,50.7,210,229
2024-08-06 04:48:00,50.7,50.7,209,228
2024-08-06 04:50:00,50.7,50.7,211,230
2024-08-06 04:52:00,50.8,50.7,210,230
2024-08-06 04:54:00,50.8,50.9,212,231
2024-08-06 04:56:00,50.8,50.8,212,231
2024-08-06 04:58:00,50.9,50.9,210,230
2024-08-06 05:00:00,50.9,50.9,211,228
2024-08-06 05:02:00,51.0,50.9,212,231
2024-08-06 05:04:00,50.7,50.7,209,230
2024-08-06 05:06:00,51.0,51.0,210,226
2024-08-06 05:08:00,51.0,51.0,210,226
2024-08-06 05:10:00,50.7,50.7,210,226
2024-08-06 05:12:00,50.8,50.7,211,228
2024-08-06 05:14:00,50.7,50.7,209,227
2024-08-06 05:16:00,50.8,50.8,209,229
2024-08-06 05:18:00,50.8,50.8,209,228
2024-08-06 05:20:00,50.7,50.6,211,228
2024-08-06 05:22:00,50.9,50.8,209,229
2024-08-06 05:24:00,50.8,50.8,211,228
2024-08-06 05:26:00,50.5,50.4,209,226
2024-08-06 05:28:00,50.5,50.5,209,226
2024-08-06 05:30:00,50.7,50.6,211,228
2024-08-06 05:32:00,50.6,50.7,209,226
2024-08-06 05:34:00,50.6,50.6,208,226
2024-08-06 05:36:00,50.5,50.5,210,228
2024-08-06 05:38:00,50.5,50.4,208,223
2024-08-06 05:40:00,50.4,50.4,208,223
2024-08-06 05:42:00,50.4,50.4,209,222
2024-08-06 05:44:00,50.2,50.2,207,221
2024-08-06 05:46:00,50.4,50.3,210,226
2024-08-06 05:48:00,50.4,50.5,209,226
2024-08-06 05:50:00,50.5,50.5,208,221
2024-08-06 05:52:00,50.4,50.4,208,222
2024-08-06 05:54:00,50.4,50.4,209,221
2024-08-06 05:56:00,50.8,50.8,206,213
2024-08-06 05:58:00,50.7,50.7,201,211
2024-08-06 06:00:00,50.8,50.8,205,212
2024-08-06 06:02:00,50.7,50.7,201,215
2024-08-06 06:04:00,50.7,50.7,202,214
2024-08-06 06:06:00,50.7,50.7,205,216
2024-08-06 06:08:00,50.7,50.7,204,217
2024-08-06 06:10:00,50.6,50.6,198,215
2024-08-06 06:12:00,50.7,50.7,203,216
2024-08-06 06:14:00,50.6,50.7,198,213
2024-08-06 06:16:00,50.7,50.7,202,211
2024-08-06 06:18:00,50.5,50.5,208,218
2024-08-06 06:20:00,50.5,50.5,204,216
2024-08-06 06:22:00,50.4,50.4,207,221
2024-08-06 06:24:00,50.5,50.5,207,221
2024-08-06 06:26:00,50.3,50.3,203,214
2024-08-06 06:28:00,50.3,50.2,209,214
2024-08-06 06:30:00,50.4,50.4,204,210
2024-08-06 06:32:00,50.3,50.3,206,212
2024-08-06 06:34:00,50.4,50.5,203,204
2024-08-06 06:36:00,50.1,50.1,205,211
2024-08-06 06:38:00,50.1,50.1,207,218
2024-08-06 06:40:00,50.0,50.0,207,219
2024-08-06 06:42:00,49.7,49.6,207,219
2024-08-06 06:44:00,49.9,50.0,205,219
2024-08-06 06:46:00,50.2,50.3,209,222
2024-08-06 06:48:00,49.9,49.9,210,223
2024-08-06 06:50:00,50.1,50.2,205,222
2024-08-06 06:52:00,50.5,50.5,209,223
2024-08-06 06:54:00,50.1,50.1,209,209
2024-08-06 06:56:00,50.4,50.3,207,219
2024-08-06 06:58:00,50.5,50.5,207,223
2024-08-06 07:00:00,49.8,49.9,204,216
2024-08-06 07:02:00,50.2,50.3,204,217
2024-08-06 07:04:00,50.4,50.4,207,214
2024-08-06 07:06:00,50.3,50.4,207,214
2024-08-06 07:08:00,49.0,49.0,203,209
2024-08-06 07:10:00,50.2,50.2,209,214
2024-08-06 07:12:00,50.2,50.2,209,218
2024-08-06 07:14:00,50.3,50.3,208,215
2024-08-06 07:16:00,49.9,49.9,209,216
2024-08-06 07:18:00,49.9,49.9,204,214
2024-08-06 07:20:00,50.5,50.4,204,213
2024-08-06 07:22:00,50.7,50.7,207,214
2024-08-06 07:24:00,50.2,50.2,207,213
2024-08-06 07:26:00,50.4,50.4,202,211
2024-08-06 07:28:00,50.3,50.4,202,211
2024-08-06 07:30:00,50.2,50.2,204,211
2024-08-06 07:32:00,50.3,50.3,202,211
2024-08-06 07:34:00,49.7,49.7,202,207
2024-08-06 07:36:00,49.6,49.6,203,206
2024-08-06 07:38:00,49.7,49.8,202,204
2024-08-06 07:40:00,49.6,49.6,205,209
2024-08-06 07:42:00,49.7,49.7,204,209
2024-08-06 07:44:00,49.9,50.0,201,209
2024-08-06 07:46:00,49.7,49.7,202,206
2024-08-06 07:48:00,49.7,49.7,205,213
2024-08-06 07:50:00,49.7,49.7,202,211
2024-08-06 07:52:00,49.5,49.5,204,211
2024-08-06 07:54:00,49.7,49.7,203,211
2024-08-06 07:56:00,49.9,49.8,202,209
2024-08-06 07:58:00,49.6,49.6,204,212
2024-08-06 08:00:00,49.7,49.7,202,209
2024-08-06 08:02:00,49.4,49.5,200,207
2024-08-06 08:04:00,49.6,49.6,201,207
2024-08-06 08:06:00,49.3,49.2,204,206
2024-08-06 08:08:00,49.5,49.5,200,204
2024-08-06 08:10:00,49.4,49.3,199,204
2024-08-06 08:12:00,49.3,49.3,202,203
2024-08-06 08:14:00,49.7,49.7,199,202
2024-08-06 08:16:00,49.5,49.4,199,197
2024-08-06 08:18:00,49.5,49.5,200,196
2024-08-06 08:20:00,49.5,49.4,195,190
2024-08-06 08:22:00,49.5,49.5,196,197
2024-08-06 08:24:00,49.4,49.4,195,195
2024-08-06 08:26:00,49.5,49.6,201,197
2024-08-06 08:28:00,49.6,49.7,197,194
2024-08-06 08:30:00,49.5,49.5,197,191
2024-08-06 08:32:00,49.7,49.6,197,187
2024-08-06 08:34:00,49.6,49.5,199,195
2024-08-06 08:36:00,49.5,49.5,196,192
2024-08-06 08:38:00,49.6,49.6,199,197
2024-08-06 08:40:00,49.4,49.3,197,201
2024-08-06 08:42:00,49.4,49.3,194,194
2024-08-06 08:44:00,49.3,49.3,198,195
2024-08-06 08:46:00,49.4,49.4,196,193
2024-08-06 08:48:00,49.4,49.4,195,187
2024-08-06 08:50:00,49.6,49.6,193,188
2024-08-06 08:52:00,49.4,49.3,194,186
2024-08-06 08:54:00,49.6,49.5,194,194
2024-08-06 08:56:00,49.3,49.4,196,194
2024-08-06 08:58:00,49.5,49.5,194,192
2024-08-06 09:00:00,49.5,49.4,198,193
2024-08-06 09:02:00,49.3,49.3,199,194
2024-08-06 09:04:00,49.6,49.6,197,196
2024-08-06 09:06:00,49.5,49.5,197,195
2024-08-06 09:08:00,49.4,49.5,197,192
2024-08-06 09:10:00,49.3,49.4,197,195
2024-08-06 09:12:00,49.3,49.4,197,194
2024-08-06 09:14:00,49.3,49.3,198,196
2024-08-06 09:16:00,49.4,49.4,191,193
2024-08-06 09:18:00,49.2,49.2,190,187
2024-08-06 09:20:00,49.5,49.5,196,192
2024-08-06 09:22:00,49.3,49.3,189,190
2024-08-06 09:24:00,49.4,49.4,190,197
2024-08-06 09:26:00,49.5,49.5,193,195
2024-08-06 09:28:00,49.4,49.4,192,195
2024-08-06 09:30:00,49.5,49.5,192,197
2024-08-06 09:32:00,49.0,49.0,194,196
2024-08-06 09:34:00,49.5,49.5,193,192
2024-08-06 09:36:00,49.5,49.5,192,183
2024-08-06 09:38:00,49.6,49.5,197,193
2024-08-06 09:40:00,49.4,49.4,197,199
2024-08-06 09:42:00,49.2,49.2,193,190
2024-08-06 09:44:00,49.3,49.3,199,199
2024-08-06 09:46:00,49.2,49.2,197,198
2024-08-06 09:48:00,49.3,49.3,197,201
2024-08-06 09:50:00,49.7,49.7,200,204
2024-08-06 09:52:00,49.3,49.3,195,197
2024-08-06 09:54:00,48.9,48.9,196,192
2024-08-06 09:56:00,50.3,50.3,197,209
2024-08-06 09:58:00,50.2,50.2,199,213
2024-08-06 10:00:00,50.3,50.3,195,208
2024-08-06 10:02:00,50.0,50.0,196,204
2024-08-06 10:04:00,49.5,49.4,195,198
2024-08-06 10:06:00,49.1,49.1,195,199
2024-08-06 10:08:00,49.5,49.6,201,203
2024-08-06 10:10:00,49.2,49.3,199,198
2024-08-06 10:12:00,49.6,49.6,197,197
2024-08-06 10:14:00,49.3,49.3,197,199
2024-08-06 10:16:00,49.2,49.2,196,193
2024-08-06 10:18:00,49.3,49.3,194,185
2024-08-06 10:20:00,49.0,49.0,196,192
2024-08-06 10:22:00,49.3,49.2,194,189
2024-08-06 10:24:00,49.2,49.2,194,190
2024-08-06 10:26:00,49.5,49.5,195,192
2024-08-06 10:28:00,49.3,49.4,194,194
2024-08-06 10:30:00,49.7,49.7,195,195
2024-08-06 10:32:00,49.6,49.6,199,202
2024-08-06 10:34:00,49.5,49.6,193,198
2024-08-06 10:36:00,49.2,49.2,189,190
2024-08-06 10:38:00,49.2,49.2,192,197
2024-08-06 10:40:00,49.3,49.3,194,200
2024-08-06 10:42:00,49.5,49.5,196,203
2024-08-06 10:44:00,49.3,49.3,198,198
2024-08-06 10:46:00,49.7,49.6,197,199
2024-08-06 10:48:00,49.6,49.6,194,197
2024-08-06 10:50:00,49.2,49.2,194,197
2024-08-06 10:52:00,49.4,49.4,199,199
2024-08-06 10:54:00,49.5,49.5,195,197
2024-08-06 10:56:00,49.6,49.6,199,197
2024-08-06 10:58:00,49.2,49.2,200,204
2024-08-06 11:00:00,49.2,49.1,194,197
2024-08-06 11:02:00,49.5,49.5,197,194
2024-08-06 11:04:00,49.7,49.7,199,199
2024-08-06 11:06:00,49.7,49.7,199,202
2024-08-06 11:08:00,49.4,49.5,194,193
2024-08-06 11:10:00,49.7,49.6,196,192
2024-08-06 11:12:00,49.5,49.6,199,203
2024-08-06 11:14:00,49.4,49.4,196,198
2024-08-06 11:16:00,49.3,49.3,199,201
2024-08-06 11:18:00,49.4,49.4,196,202
2024-08-06 11:20:00,49.0,49.0,194,194
2024-08-06 11:22:00,49.3,49.3,196,197
2024-08-06 11:24:00,49.0,49.0,196,197
2024-08-06 11:26:00,49.4,49.4,199,199
2024-08-06 11:28:00,49.5,49.6,199,202
2024-08-06 11:30:00,49.4,49.5,196,198
2024-08-06 11:32:00,49.5,49.4,195,198
2024-08-06 11:34:00,49.1,49.2,197,197
2024-08-06 11:36:00,49.3,49.3,193,186
2024-08-06 11:38:00,49.7,49.7,199,194
2024-08-06 11:40:00,49.7,49.7,195,192
2024-08-06 11:42:00,49.2,49.2,198,199
2024-08-06 11:44:00,49.3,49.3,200,200
2024-08-06 11:46:00,49.3,49.2,198,197
2024-08-06 11:48:00,49.4,49.4,198,193
2024-08-06 11:50:00,49.3,49.3,201,197
2024-08-06 11:52:00,49.4,49.4,195,190
2024-08-06 11:54:00,49.6,49.5,199,197
2024-08-06 11:56:00,49.3,49.4,197,194
2024-08-06 11:58:00,49.3,49.3,198,189
2024-08-06 12:00:00,49.3,49.3,192,184
2024-08-06 12:02:00,49.6,49.6,194,193
2024-08-06 12:04:00,49.5,49.5,198,195
2024-08-06 12:06:00,49.5,49.4,197,197
2024-08-06 12:08:00,49.6,49.5,198,194
2024-08-06 12:10:00,49.1,49.1,197,190
2024-08-06 12:12:00,49.6,49.6,194,194
2024-08-06 12:14:00,49.1,49.1,197,192
2024-08-06 12:16:00,48.9,48.9,199,192
2024-08-06 12:18:00,49.2,49.2,196,190
2024-08-06 12:20:00,49.5,49.4,194,189
2024-08-06 12:22:00,49.2,49.2,194,185
2024-08-06 12:24:00,49.4,49.4,198,190
2024-08-06 12:26:00,49.6,49.6,195,191
2024-08-06 12:28:00,49.5,49.5,197,192
2024-08-06 12:30:00,52.5,52.3,194,204
2024-08-06 12:32:00,50.1,50.1,196,209
2024-08-06 12:34:00,50.5,50.5,194,206
2024-08-06 12:36:00,48.7,48.6,194,199
2024-08-06 12:38:00,49.5,49.5,194,198
2024-08-06 12:40:00,49.5,49.6,194,194
2024-08-06 12:42:00,49.3,49.2,194,195
2024-08-06 12:44:00,49.5,49.6,195,191
2024-08-06 12:46:00,49.8,49.8,197,192
2024-08-06 12:48:00,49.6,49.5,197,191
2024-08-06 12:50:00,49.5,49.5,197,194
2024-08-06 12:52:00,49.4,49.4,197,192
2024-08-06 12:54:00,49.4,49.4,196,192
2024-08-06 12:56:00,49.3,49.3,196,188
2024-08-06 12:58:00,49.5,49.4,196,191
2024-08-06 13:00:00,49.4,49.4,199,195
2024-08-06 13:02:00,49.0,49.0,197,194
2024-08-06 13:04:00,49.3,49.4,197,190
2024-08-06 13:06:00,49.5,49.4,192,190
2024-08-06 13:08:00,49.3,49.4,194,182
2024-08-06 13:10:00,49.0,48.8,192,185
2024-08-06 13:12:00,49.6,49.5,193,185
2024-08-06 13:14:00,49.5,49.5,190,179
2024-08-06 13:16:00,49.6,49.6,192,187
2024-08-06 13:18:00,49.3,49.2,192,187
2024-08-06 13:20:00,49.5,49.5,192,186
2024-08-06 13:22:00,49.3,49.3,194,191
2024-08-06 13:24:00,49.4,49.4,192,190
2024-08-06 13:26:00,49.5,49.5,195,194
2024-08-06 13:28:00,49.3,49.3,197,189
2024-08-06 13:30:00,49.7,49.7,195,194
2024-08-06 13:32:00,49.4,49.4,196,193
2024-08-06 13:34:00,49.5,49.5,197,194
2024-08-06 13:36:00,49.3,49.4,197,192
2024-08-06 13:38:00,49.4,49.3,191,190
2024-08-06 13:40:00,49.4,49.4,194,196
2024-08-06 13:42:00,49.5,49.5,190,188
2024-08-06 13:44:00,49.6,49.6,198,193
2024-08-06 13:46:00,49.5,49.5,197,192
2024-08-06 13:48:00,49.5,49.5,197,190
2024-08-06 13:50:00,49.3,49.3,199,191
2024-08-06 13:52:00,49.4,49.4,194,188
2024-08-06 13:54:00,49.7,49.8,192,180
2024-08-06 13:56:00,49.3,49.4,191,180
2024-08-06 13:58:00,49.9,49.9,194,190
2024-08-06 14:00:00,49.3,49.2,193,182
2024-08-06 14:02:00,49.4,49.5,198,189
2024-08-06 14:04:00,49.4,49.3,192,181
2024-08-06 14:06:00,49.5,49.5,194,185
2024-08-06 14:08:00,49.4,49.5,190,178
2024-08-06 14:10:00,49.4,49.4,188,175
2024-08-06 14:12:00,49.3,49.3,190,170
2024-08-06 14:14:00,49.5,49.5,190,175
2024-08-06 14:16:00,49.4,49.4,193,183
2024-08-06 14:18:00,49.6,49.6,195,187
2024-08-06 14:20:00,49.3,49.3,192,182
2024-08-06 14:22:00,49.3,49.3,193,179
2024-08-06 14:24:00,49.5,49.5,196,190
2024-08-06 14:26:00,49.7,49.6,197,188
2024-08-06 14:28:00,49.3,49.2,194,187
2024-08-06 14:30:00,49.3,49.4,193,183
2024-08-06 14:32:00,49.5,49.5,195,191
2024-08-06 14:34:00,49.6,49.7,197,190
2024-08-06 14:36:00,49.3,49.3,195,189
2024-08-06 14:38:00,49.3,49.3,194,190
2024-08-06 14:40:00,49.2,49.2,197,192
2024-08-06 14:42:00,49.5,49.5,190,186
2024-08-06 14:44:00,49.6,49.5,192,189
2024-08-06 14:46:00,49.5,49.5,190,185
2024-08-06 14:48:00,49.3,49.3,199,187
2024-08-06 14:50:00,49.3,49.3,195,187
2024-08-06 14:52:00,49.4,49.5,195,188
2024-08-06 14:54:00,49.5,49.5,198,192
2024-08-06 14:56:00,49.6,49.7,195,192
2024-08-06 14:58:00,49.6,49.6,194,191
2024-08-06 15:00:00,49.6,49.7,196,190
2024-08-06 15:02:00,49.9,49.8,192,186
2024-08-06 15:04:00,49.6,49.6,194,189
2024-08-06 15:06:00,49.4,49.4,198,190
2024-08-06 15:08:00,49.4,49.5,192,185
2024-08-06 15:10:00,49.2,49.3,197,188
2024-08-06 15:12:00,49.4,49.4,199,190
2024-08-06 15:14:00,49.5,49.5,195,187
2024-08-06 15:16:00,49.2,49.3,194,183
2024-08-06 15:18:00,49.6,49.6,197,187
2024-08-06 15:20:00,49.4,49.4,196,188
2024-08-06 15:22:00,49.5,49.4,194,186
2024-08-06 15:24:00,49.3,49.3,194,185
2024-08-06 15:26:00,49.5,49.5,192,187
2024-08-06 15:28:00,49.6,49.5,195,189
2024-08-06 15:30:00,49.5,49.5,196,186
2024-08-06 15:32:00,49.2,49.2,196,190
2024-08-06 15:34:00,49.2,49.2,194,187
2024-08-06 15:36:00,49.2,49.2,190,187
2024-08-06 15:38:00,49.6,49.6,198,196
2024-08-06 15:40:00,49.3,49.3,197,192
2024-08-06 15:42:00,49.7,49.7,199,199
2024-08-06 15:44:00,49.5,49.5,194,194
2024-08-06 15:46:00,49.3,49.3,194,195
2024-08-06 15:48:00,49.4,49.4,198,199
2024-08-06 15:50:00,49.4,49.4,197,196
2024-08-06 15:52:00,49.6,49.7,194,189
2024-08-06 15:54:00,49.7,49.8,195,191
2024-08-06 15:56:00,49.2,49.2,196,193
2024-08-06 15:58:00,49.2,49.3,192,191
2024-08-06 16:00:00,49.0,49.0,192,188
2024-08-06 16:02:00,49.2,49.3,196,192
2024-08-06 16:04:00,49.3,49.3,197,194
2024-08-06 16:06:00,49.5,49.5,198,193
2024-08-06 16:08:00,49.7,49.7,194,192
2024-08-06 16:10:00,49.6,49.5,197,196
2024-08-06 16:12:00,49.4,49.3,197,192
2024-08-06 16:14:00,49.6,49.6,198,195
2024-08-06 16:16:00,49.3,49.3,196,194
2024-08-06 16:18:00,49.5,49.4,197,192
2024-08-06 16:20:00,49.5,49.5,197,194
2024-08-06 16:22:00,49.3,49.3,199,190
2024-08-06 16:24:00,49.3,49.3,197,195
2024-08-06 16:26:00,49.4,49.5,197,192
2024-08-06 16:28:00,49.7,49.7,197,194
2024-08-06 16:30:00,49.5,49.5,196,194
2024-08-06 16:32:00,49.2,49.2,197,192
2024-08-06 16:34:00,49.2,49.2,199,193
2024-08-06 16:36:00,49.7,49.7,199,194
2024-08-06 16:38:00,49.3,49.4,197,197
2024-08-06 16:40:00,49.5,49.5,199,190
2024-08-06 16:42:00,49.6,49.6,199,189
2024-08-06 16:44:00,49.3,49.3,194,187
2024-08-06 16:46:00,49.5,49.5,194,184
2024-08-06 16:48:00,49.5,49.5,199,189
2024-08-06 16:50:00,49.5,49.5,199,189
2024-08-06 16:52:00,49.2,49.2,203,197
2024-08-06 16:54:00,49.3,49.3,199,192
2024-08-06 16:56:00,49.1,49.1,197,191
2024-08-06 16:58:00,49.4,49.4,202,194
2024-08-06 17:00:00,49.3,49.4,200,192
2024-08-06 17:02:00,49.3,49.3,199,193
2024-08-06 17:04:00,49.5,49.5,200,190
2024-08-06 17:06:00,49.1,49.1,202,194
2024-08-06 17:08:00,49.0,49.0,199,189
2024-08-06 17:10:00,49.4,49.3,202,198
2024-08-06 17:12:00,49.1,49.1,200,194
2024-08-06 17:14:00,4926,3906,0,0
2024-08-06 17:16:00,5556,4367,0,0
2024-08-06 17:18:00,51.1,51.2,222,236
2024-08-06 17:20:00,50.4,50.3,220,235
2024-08-06 17:22:00,50.4,50.3,220,234
2024-08-06 17:24:00,50.3,50.3,223,236
2024-08-06 17:26:00,50.4,50.3,220,234
2024-08-06 17:28:00,50.4,50.4,221,235
2024-08-06 17:30:00,50.4,50.4,221,234
2024-08-06 17:32:00,50.4,50.3,219,234
2024-08-06 17:34:00,50.4,50.3,219,233
2024-08-06 17:36:00,50.4,50.3,220,233
2024-08-06 17:38:00,50.4,50.3,219,235
2024-08-06 17:40:00,50.3,50.2,219,234
2024-08-06 17:42:00,50.3,50.2,223,237
2024-08-06 17:44:00,49.3,49.3,199,195
2024-08-06 17:46:00,49.6,49.6,198,197
2024-08-06 17:48:00,49.7,49.7,202,198
2024-08-06 17:50:00,49.5,49.5,203,198
2024-08-06 17:52:00,49.4,49.4,199,193
2024-08-06 17:54:00,49.3,49.2,198,190
2024-08-06 17:56:00,49.4,49.3,195,188
2024-08-06 17:58:00,49.3,49.2,194,187
2024-08-06 18:00:00,7874,2188,0,0
2024-08-06 18:02:00,9804,3257,0,0
2024-08-06 18:04:00,50.3,50.3,219,236
2024-08-06 18:06:00,50.3,50.4,220,236
2024-08-06 18:08:00,50.4,50.5,226,239
2024-08-06 18:10:00,50.5,50.4,221,237
2024-08-06 18:12:00,50.3,50.3,221,236
2024-08-06 18:14:00,50.4,50.3,224,238
2024-08-06 18:16:00,50.3,50.3,222,239
2024-08-06 18:18:00,50.2,50.2,223,238
2024-08-06 18:20:00,50.4,50.4,223,238
2024-08-06 18:22:00,50.2,50.3,221,237
2024-08-06 18:24:00,50.3,50.3,219,236
2024-08-06 18:26:00,50.4,50.4,221,236
2024-08-06 18:28:00,50.5,50.3,219,237
2024-08-06 18:30:00,50.2,50.3,223,240
2024-08-06 18:32:00,50.0,50.1,220,236
2024-08-06 18:34:00,50.1,50.1,220,237
2024-08-06 18:36:00,50.3,50.3,221,236
2024-08-06 18:38:00,50.3,50.3,225,238
2024-08-06 18:40:00,50.5,50.4,218,231
2024-08-06 18:42:00,50.1,50.3,223,238
2024-08-06 18:44:00,50.2,50.1,226,232
2024-08-06 18:46:00,50.3,50.2,223,229
2024-08-06 18:48:00,50.5,50.6,223,238
2024-08-06 18:50:00,50.7,50.6,226,239
2024-08-06 18:52:00,51.0,51.0,221,237
2024-08-06 18:54:00,51.1,51.0,224,238
2024-08-06 18:56:00,51.1,51.0,224,238
2024-08-06 18:58:00,51.1,51.1,222,238
2024-08-06 19:00:00,51.4,51.3,223,238
2024-08-06 19:02:00,51.4,51.3,225,238
2024-08-06 19:04:00,51.1,51.2,223,239
2024-08-06 19:06:00,51.2,51.3,225,239
2024-08-06 19:08:00,51.3,51.3,223,238
2024-08-06 19:10:00,51.2,51.2,223,240
2024-08-06 19:12:00,51.5,51.5,224,240
2024-08-06 19:14:00,51.5,51.5,226,241
2024-08-06 19:16:00,51.5,51.6,226,242
2024-08-06 19:18:00,51.5,51.5,223,241
2024-08-06 19:20:00,51.5,51.4,227,244
2024-08-06 19:22:00,51.4,51.5,222,240
2024-08-06 19:24:00,51.4,51.4,223,241
2024-08-06 19:26:00,51.3,51.4,224,240
2024-08-06 19:28:00,51.5,51.5,224,241
2024-08-06 19:30:00,51.7,51.7,225,240
2024-08-06 19:32:00,51.6,51.6,223,240
2024-08-06 19:34:00,51.6,51.6,224,240
2024-08-06 19:36:00,51.3,51.2,225,243
2024-08-06 19:38:00,51.3,51.2,226,243
2024-08-06 19:40:00,51.2,51.2,226,243
2024-08-06 19:42:00,50.9,51.0,219,241
2024-08-06 19:44:00,51.0,51.0,219,240
2024-08-06 19:46:00,51.0,51.0,222,242
2024-08-06 19:48:00,50.9,50.9,220,241
2024-08-06 19:50:00,50.1,50.0,219,240
2024-08-06 19:52:00,50.0,50.0,222,241
2024-08-06 19:54:00,50.2,50.1,218,238
2024-08-06 19:56:00,50.1,50.2,220,238
2024-08-06 19:58:00,50.3,50.1,219,237
2024-08-06 20:00:00,50.1,50.2,219,239
2024-08-06 20:02:00,50.0,50.0,222,241
2024-08-06 20:04:00,50.1,50.2,221,239
2024-08-06 20:06:00,50.1,50.0,219,239
2024-08-06 20:08:00,50.1,50.2,217,238
2024-08-06 20:10:00,50.2,50.1,221,239
2024-08-06 20:12:00,49.8,50.2,219,239
2024-08-06 20:14:00,50.0,50.0,221,240
2024-08-06 20:16:00,50.2,50.1,220,239
2024-08-06 20:18:00,49.9,50.1,221,241
2024-08-06 20:20:00,50.0,50.0,219,240
2024-08-06 20:22:00,49.8,49.7,221,242
2024-08-06 20:24:00,49.7,49.7,221,241
2024-08-06 20:26:00,49.8,49.7,217,238
2024-08-06 20:28:00,49.8,49.9,222,240
2024-08-06 20:30:00,50.0,50.0,221,240
2024-08-06 20:32:00,50.2,50.2,219,238
2024-08-06 20:34:00,50.1,50.1,223,240
2024-08-06 20:36:00,50.2,50.2,223,240
2024-08-06 20:38:00,50.1,50.1,221,239
2024-08-06 20:40:00,50.1,50.2,223,240
2024-08-06 20:42:00,50.2,50.1,223,240
2024-08-06 20:44:00,50.2,50.2,221,239
2024-08-06 20:46:00,50.1,50.1,223,240
2024-08-06 20:48:00,50.1,50.2,223,240
2024-08-06 20:50:00,50.1,50.0,221,239
2024-08-06 20:52:00,50.2,50.0,223,240
2024-08-06 20:54:00,50.2,50.1,222,240
2024-08-06 20:56:00,50.2,50.2,220,239
2024-08-06 20:58:00,50.3,50.2,219,239
2024-08-06 21:00:00,50.0,49.9,221,239
2024-08-06 21:02:00,50.0,50.0,218,238
2024-08-06 21:04:00,50.6,50.6,219,238
2024-08-06 21:06:00,50.7,50.7,221,239
2024-08-06 21:08:00,50.8,50.8,222,239
2024-08-06 21:10:00,50.7,50.7,221,238
2024-08-06 21:12:00,50.8,50.8,222,240
2024-08-06 21:14:00,50.7,50.7,221,238
2024-08-06 21:16:00,50.8,50.8,222,239
2024-08-06 21:18:00,50.7,50.8,221,237
2024-08-06 21:20:00,50.9,50.9,226,238
2024-08-06 21:22:00,51.3,51.3,226,240
2024-08-06 21:24:00,51.4,51.3,228,240
2024-08-06 21:26:00,51.6,51.6,228,243
2024-08-06 21:28:00,51.1,51.1,225,243
2024-08-06 21:30:00,51.1,51.1,227,243
2024-08-06 21:32:00,51.5,51.5,226,241
2024-08-06 21:34:00,51.8,51.7,226,242
2024-08-06 21:36:00,51.7,51.8,226,242
2024-08-06 21:38:00,51.5,51.6,227,243
2024-08-06 21:40:00,51.6,51.4,226,241
2024-08-06 21:42:00,51.6,51.6,226,243
2024-08-06 21:44:00,51.6,51.7,226,241
2024-08-06 21:46:00,51.5,51.7,227,243
2024-08-06 21:48:00,51.7,51.6,227,243
2024-08-06 21:50:00,51.7,51.8,226,242
2024-08-06 21:52:00,51.8,51.7,227,242
2024-08-06 21:54:00,51.6,51.6,225,242
2024-08-06 21:56:00,51.6,51.6,227,243
2024-08-06 21:58:00,51.7,51.7,228,243
2024-08-06 22:00:00,51.6,51.6,225,240
2024-08-06 22:02:00,51.5,51.5,228,243
2024-08-06 22:04:00,51.7,51.7,227,242
2024-08-06 22:06:00,51.8,51.8,228,242
2024-08-06 22:08:00,51.6,51.9,226,240
2024-08-06 22:10:00,51.7,51.7,227,242
2024-08-06 22:12:00,51.7,51.7,227,242
2024-08-06 22:14:00,51.8,51.7,227,243
2024-08-06 22:16:00,51.8,51.9,226,241
2024-08-06 22:18:00,51.8,51.8,226,241
2024-08-06 22:20:00,51.5,51.6,227,242
2024-08-06 22:22:00,51.6,51.7,223,240
2024-08-06 22:24:00,51.6,51.6,226,240
2024-08-06 22:26:00,51.7,51.7,226,241
2024-08-06 22:28:00,51.6,51.4,226,242
2024-08-06 22:30:00,51.6,51.6,226,241
2024-08-06 22:32:00,51.8,51.8,226,240
2024-08-06 22:34:00,51.7,51.7,227,241
2024-08-06 22:36:00,51.7,51.6,227,241
2024-08-06 22:38:00,51.7,51.7,228,243
2024-08-06 22:40:00,51.8,51.7,226,241
2024-08-06 22:42:00,51.6,51.6,226,241
2024-08-06 22:44:00,51.6,51.6,223,240
2024-08-06 22:46:00,51.7,51.6,227,243
2024-08-06 22:48:00,51.8,51.9,226,240
2024-08-06 22:50:00,51.7,51.7,227,241
2024-08-06 22:52:00,51.7,51.7,226,241
2024-08-06 22:54:00,51.7,51.7,227,241
2024-08-06 22:56:00,51.7,51.7,227,242
2024-08-06 22:58:00,51.6,51.7,223,240
2024-08-06 23:00:00,51.7,51.7,226,241
2024-08-06 23:02:00,51.6,51.6,228,242
2024-08-06 23:04:00,51.5,51.7,227,243
2024-08-06 23:06:00,51.4,51.3,224,240
2024-08-06 23:08:00,51.5,51.6,226,241
2024-08-06 23:10:00,51.5,51.6,227,242
2024-08-06 23:12:00,51.5,51.5,228,243
2024-08-06 23:14:00,51.6,51.7,228,243
2024-08-06 23:16:00,51.5,51.5,229,244
2024-08-06 23:18:00,51.7,51.8,227,242
2024-08-06 23:20:00,51.6,51.7,229,243
2024-08-06 23:22:00,51.6,51.6,226,242
2024-08-06 23:24:00,51.6,51.5,230,244
2024-08-06 23:26:00,51.7,51.7,228,243
2024-08-06 23:28:00,51.7,51.5,228,244
2024-08-06 23:30:00,51.6,51.7,227,243
2024-08-06 23:32:00,51.7,51.7,228,243
2024-08-06 23:34:00,51.8,51.7,228,242
2024-08-06 23:36:00,51.9,51.4,228,243
2024-08-06 23:38:00,51.6,51.6,230,244
2024-08-06 23:40:00,51.3,51.3,225,241
2024-08-06 23:42:00,51.7,51.8,226,241
2024-08-06 23:44:00,51.6,51.7,225,240
2024-08-06 23:46:00,51.4,51.5,226,240
2024-08-06 23:48:00,51.7,51.8,228,242
2024-08-06 23:50:00,51.7,51.7,228,241
2024-08-06 23:52:00,51.5,51.4,228,241
2024-08-06 23:54:00,51.6,51.5,229,242
2024-08-06 23:56:00,51.8,51.7,227,242
2024-08-06 23:58:00,51.6,51.7,227,240
2024-08-07 00:00:00,51.7,51.6,228,243
2024-08-07 00:02:00,51.6,51.7,229,243
2024-08-07 00:04:00,51.8,51.9,227,241
2024-08-07 00:06:00,51.7,51.8,228,242
2024-08-07 00:08:00,51.5,51.7,226,241
2024-08-07 00:10:00,51.7,51.7,227,241
2024-08-07 00:12:00,51.7,51.7,227,241
2024-08-07 00:14:00,51.6,51.6,226,240
2024-08-07 00:16:00,51.7,51.7,226,241
2024-08-07 00:18:00,51.8,51.9,228,241
2024-08-07 00:20:00,51.7,51.8,227,241
2024-08-07 00:22:00,51.7,51.6,226,241
2024-08-07 00:24:00,51.6,51.6,228,242
2024-08-07 00:26:00,51.7,51.6,228,243
2024-08-07 00:28:00,51.6,51.6,228,242
2024-08-07 00:30:00,51.7,51.6,225,242
2024-08-07 00:32:00,51.7,51.6,228,243
2024-08-07 00:34:00,51.8,51.8,228,241
2024-08-07 00:36:00,51.6,51.6,228,242
2024-08-07 00:38:00,51.6,51.6,228,243
2024-08-07 00:40:00,51.7,51.6,227,240
2024-08-07 00:42:00,51.5,51.6,226,239
2024-08-07 00:44:00,51.8,51.7,227,241
2024-08-07 00:46:00,51.8,51.7,227,241
2024-08-07 00:48:00,51.8,51.9,226,240
2024-08-07 00:50:00,51.7,51.7,227,241
2024-08-07 00:52:00,51.7,51.7,227,240
2024-08-07 00:54:00,51.7,51.8,226,240
2024-08-07 00:56:00,51.8,51.7,226,241
2024-08-07 00:58:00,51.8,51.7,227,241
2024-08-07 01:00:00,51.7,51.7,226,241
2024-08-07 01:02:00,51.7,51.8,226,241
2024-08-07 01:04:00,51.7,51.7,226,240
2024-08-07 01:06:00,51.8,51.6,226,240
2024-08-07 01:08:00,51.7,51.8,226,240
2024-08-07 01:10:00,51.7,51.7,226,240
2024-08-07 01:12:00,51.9,51.9,226,240
2024-08-07 01:14:00,51.7,51.8,226,240
2024-08-07 01:16:00,51.7,51.6,228,243
2024-08-07 01:18:00,51.4,51.4,227,240
2024-08-07 01:20:00,51.7,51.8,228,243
2024-08-07 01:22:00,51.6,51.6,227,242
2024-08-07 01:24:00,51.9,51.8,226,241
2024-08-07 01:26:00,51.7,51.6,226,242
2024-08-07 01:28:00,51.8,51.7,228,242
2024-08-07 01:30:00,51.7,51.5,228,243
2024-08-07 01:32:00,51.6,51.5,226,240
2024-08-07 01:34:00,51.7,51.8,228,243
2024-08-07 01:36:00,51.8,51.8,227,241
2024-08-07 01:38:00,51.6,51.7,228,243
2024-08-07 01:40:00,51.7,51.5,228,243
2024-08-07 01:42:00,51.7,51.7,227,243
2024-08-07 01:44:00,51.6,51.6,226,243
2024-08-07 01:46:00,51.3,51.4,226,240
2024-08-07 01:48:00,51.6,51.6,229,243
2024-08-07 01:50:00,51.6,51.6,228,243
2024-08-07 01:52:00,51.5,51.6,227,243
2024-08-07 01:54:00,51.6,51.7,229,243
2024-08-07 01:56:00,51.9,51.9,226,240
2024-08-07 01:58:00,51.7,51.7,228,241
2024-08-07 02:00:00,51.7,51.8,228,242
2024-08-07 02:02:00,51.7,51.7,227,241
2024-08-07 02:04:00,52.0,51.9,226,240
2024-08-07 02:06:00,51.9,51.8,226,240
2024-08-07 02:08:00,51.8,51.7,228,242
2024-08-07 02:10:00,51.6,51.7,227,241
2024-08-07 02:12:00,51.7,51.7,228,241
2024-08-07 02:14:00,51.8,51.8,227,240
2024-08-07 02:16:00,51.7,51.5,227,242
2024-08-07 02:18:00,51.8,51.8,228,242
2024-08-07 02:20:00,51.8,51.7,228,242
2024-08-07 02:22:00,51.1,51.2,223,236
2024-08-07 02:24:00,51.1,51.1,223,235
2024-08-07 02:26:00,50.9,50.9,223,235
2024-08-07 02:28:00,51.0,50.9,225,238
2024-08-07 02:30:00,50.9,50.8,225,237
2024-08-07 02:32:00,51.2,51.1,224,236
2024-08-07 02:34:00,51.1,51.1,224,236
2024-08-07 02:36:00,51.1,51.1,227,239
2024-08-07 02:38:00,50.9,51.0,227,238
2024-08-07 02:40:00,51.1,51.1,226,237
2024-08-07 02:42:00,51.3,51.4,226,237
2024-08-07 02:44:00,51.1,51.1,226,238
2024-08-07 02:46:00,51.0,51.1,226,238
2024-08-07 02:48:00,51.0,51.0,225,236
2024-08-07 02:50:00,51.3,51.3,225,237
2024-08-07 02:52:00,51.1,51.1,228,239
2024-08-07 02:54:00,51.0,51.1,225,237
2024-08-07 02:56:00,51.0,51.0,224,236
2024-08-07 02:58:00,51.3,51.2,226,238
2024-08-07 03:00:00,51.4,51.4,225,236
2024-08-07 03:02:00,50.9,51.0,227,238
2024-08-07 03:04:00,51.1,51.1,227,239
2024-08-07 03:06:00,51.0,51.0,223,236
2024-08-07 03:08:00,51.2,51.3,224,236
2024-08-07 03:10:00,51.1,51.1,225,236
2024-08-07 03:12:00,49.9,49.9,210,228
2024-08-07 03:14:00,50.0,50.0,211,229
2024-08-07 03:16:00,50.3,50.4,207,228
2024-08-07 03:18:00,50.0,50.0,209,226
2024-08-07 03:20:00,50.2,50.3,208,224
2024-08-07 03:22:00,50.3,50.3,208,225
2024-08-07 03:24:00,50.2,50.2,212,226
2024-08-07 03:26:00,50,50.1,210,226
2024-08-07 03:28:00,50.2,50.2,209,224
2024-08-07 03:30:00,49.8,49.8,211,225
2024-08-07 03:32:00,50.1,50.1,211,225
2024-08-07 03:34:00,50.0,50.0,209,226
2024-08-07 03:36:00,50.2,50.1,210,226
2024-08-07 03:38:00,49.9,49.9,211,227
2024-08-07 03:40:00,50.0,50.1,208,225
2024-08-07 03:42:00,50.0,50.0,209,226
2024-08-07 03:44:00,50.0,50.1,211,227
2024-08-07 03:46:00,50.2,50.1,207,225
2024-08-07 03:48:00,50.1,50.1,209,226
2024-08-07 03:50:00,50.2,50.2,211,226
2024-08-07 03:52:00,50.1,50.1,207,224
2024-08-07 03:54:00,50.0,50.0,209,225
2024-08-07 03:56:00,50.1,50.1,211,228
2024-08-07 03:58:00,50.1,50.2,210,227
2024-08-07 04:00:00,50.0,50.0,208,226
2024-08-07 04:02:00,50.3,50.3,212,228
2024-08-07 04:04:00,50.2,50.2,211,228
2024-08-07 04:06:00,50.1,50.2,209,228
2024-08-07 04:08:00,50.0,50.0,209,227
2024-08-07 04:10:00,50.2,50.2,211,228
2024-08-07 04:12:00,50.4,50.4,208,226
2024-08-07 04:14:00,50.3,50.3,211,226
2024-08-07 04:16:00,50.0,50.0,212,228
2024-08-07 04:18:00,50.3,50.4,209,227
2024-08-07 04:20:00,50.5,50.5,211,228
2024-08-07 04:22:00,49.9,49.9,212,227
2024-08-07 04:24:00,50.0,50.1,214,229
2024-08-07 04:26:00,50.0,50.0,211,227
2024-08-07 04:28:00,50.2,50.2,210,226
2024-08-07 04:30:00,50.0,50.0,213,228
2024-08-07 04:32:00,49.9,49.9,211,227
2024-08-07 04:34:00,49.8,49.8,209,225
2024-08-07 04:36:00,49.9,49.9,211,226
2024-08-07 04:38:00,49.8,49.8,212,226
2024-08-07 04:40:00,49.8,49.7,209,226
2024-08-07 04:42:00,49.8,49.7,209,225
2024-08-07 04:44:00,49.6,49.7,211,226
2024-08-07 04:46:00,49.5,49.5,209,225
2024-08-07 04:48:00,49.7,49.8,209,226
2024-08-07 04:50:00,49.6,49.6,212,226
2024-08-07 04:52:00,49.4,49.4,211,226
2024-08-07 04:54:00,49.8,49.7,210,227
2024-08-07 04:56:00,49.9,49.9,211,227
2024-08-07 04:58:00,49.8,49.8,212,228
2024-08-07 05:00:00,49.8,49.7,211,228
2024-08-07 05:02:00,49.8,49.8,209,226
2024-08-07 05:04:00,49.7,49.6,214,228
2024-08-07 05:06:00,49.9,49.8,213,228
2024-08-07 05:08:00,49.8,49.8,211,227
2024-08-07 05:10:00,50.0,50.0,212,228
2024-08-07 05:12:00,49.9,49.8,214,228
2024-08-07 05:14:00,49.8,49.8,211,228
2024-08-07 05:16:00,49.8,49.8,211,228
2024-08-07 05:18:00,49.9,49.8,212,228
2024-08-07 05:20:00,50.1,50.1,214,230
2024-08-07 05:22:00,49.8,49.9,211,228
2024-08-07 05:24:00,50.1,50.1,211,228
2024-08-07 05:26:00,49.8,49.8,212,226
2024-08-07 05:28:00,49.9,49.8,209,226
2024-08-07 05:30:00,49.5,49.5,209,226
2024-08-07 05:32:00,50.0,50.0,212,226
2024-08-07 05:34:00,49.8,49.9,213,226
2024-08-07 05:36:00,49.8,49.8,209,225
2024-08-07 05:38:00,49.9,49.8,209,224
2024-08-07 05:40:00,49.5,49.4,211,227
2024-08-07 05:42:00,49.7,49.8,209,226
2024-08-07 05:44:00,49.5,49.5,210,224
2024-08-07 05:46:00,49.7,49.7,211,225
2024-08-07 05:48:00,49.6,49.5,211,223
2024-08-07 05:50:00,49.5,49.5,209,221
2024-08-07 05:52:00,49.7,49.7,207,220
2024-08-07 05:54:00,49.6,49.6,209,223
2024-08-07 05:56:00,49.7,49.7,209,223
2024-08-07 05:58:00,49.5,49.5,209,223
2024-08-07 06:00:00,49.7,49.7,210,224
2024-08-07 06:02:00,49.5,49.5,210,223
2024-08-07 06:04:00,49.4,49.4,207,216
2024-08-07 06:06:00,49.4,49.4,209,218
2024-08-07 06:08:00,49.4,49.4,211,219
2024-08-07 06:10:00,49.3,49.3,211,217
2024-08-07 06:12:00,49.3,49.3,209,219
2024-08-07 06:14:00,49.5,49.5,208,220
2024-08-07 06:16:00,49.2,49.2,206,207
2024-08-07 06:18:00,49.2,49.2,206,207
2024-08-07 06:20:00,49.3,49.2,205,206
2024-08-07 06:22:00,49.3,49.4,209,208
2024-08-07 06:24:00,49.3,49.3,209,220
2024-08-07 06:26:00,49.4,49.5,199,209
2024-08-07 06:28:00,49.4,49.4,201,211
2024-08-07 06:30:00,49.4,49.4,209,215
2024-08-07 06:32:00,49.3,49.3,203,216
2024-08-07 06:34:00,49.6,49.6,202,215
2024-08-07 06:36:00,49.2,49.2,209,221
2024-08-07 06:38:00,49.2,49.3,200,215
2024-08-07 06:40:00,49.4,49.3,202,214
2024-08-07 06:42:00,49.1,49.1,207,217
2024-08-07 06:44:00,49.3,49.3,204,215
2024-08-07 06:46:00,49.2,49.2,200,214
2024-08-07 06:48:00,49.1,49.2,203,214
2024-08-07 06:50:00,49.3,49.3,202,213
2024-08-07 06:52:00,49.2,49.3,208,221
2024-08-07 06:54:00,49.1,49.1,201,209
2024-08-07 06:56:00,49.3,49.3,207,214
2024-08-07 06:58:00,49.6,49.6,208,215
2024-08-07 07:00:00,49.2,49.2,204,216
2024-08-07 07:02:00,49.4,49.3,199,209
2024-08-07 07:04:00,49.3,49.3,204,215
2024-08-07 07:06:00,49.5,49.5,206,214
2024-08-07 07:08:00,49.6,49.6,204,212
2024-08-07 07:10:00,49.2,49.2,201,211
2024-08-07 07:12:00,49.3,49.4,207,216
2024-08-07 07:14:00,49.4,49.5,199,208
2024-08-07 07:16:00,49.2,49.2,199,203
2024-08-07 07:18:00,49.4,49.5,199,202
2024-08-07 07:20:00,49.8,49.8,202,208
2024-08-07 07:22:00,49.8,49.8,196,195
2024-08-07 07:24:00,49.8,49.9,203,194
2024-08-07 07:26:00,50.0,50.0,202,196
2024-08-07 07:28:00,49.6,49.6,200,209
2024-08-07 07:30:00,49.7,49.7,199,207
2024-08-07 07:32:00,49.7,49.7,198,207
2024-08-07 07:34:00,49.7,49.7,203,210
2024-08-07 07:36:00,49.8,49.8,199,204
2024-08-07 07:38:00,50.0,50.0,200,208
2024-08-07 07:40:00,49.8,49.8,202,207
2024-08-07 07:42:00,49.8,49.8,204,209
2024-08-07 07:44:00,50.0,50.0,209,216
2024-08-07 07:46:00,50.0,49.9,209,211
2024-08-07 07:48:00,49.8,49.8,203,209
2024-08-07 07:50:00,49.8,49.7,206,211
2024-08-07 07:52:00,49.9,50.0,204,208
2024-08-07 07:54:00,49.7,49.7,204,209
2024-08-07 07:56:00,49.5,49.5,203,211
2024-08-07 07:58:00,49.6,49.7,203,213
2024-08-07 08:00:00,49.7,49.6,201,213
2024-08-07 08:02:00,49.8,49.9,202,211
2024-08-07 08:04:00,49.9,49.8,204,213
2024-08-07 08:06:00,49.7,49.7,200,209
2024-08-07 08:08:00,49.9,49.9,203,211
2024-08-07 08:10:00,49.8,49.8,203,210
2024-08-07 08:12:00,49.5,49.5,200,209
2024-08-07 08:14:00,49.6,49.6,198,205
2024-08-07 08:16:00,49.8,49.8,199,206
2024-08-07 08:18:00,50.0,50.0,201,207
2024-08-07 08:20:00,49.6,49.7,196,203
2024-08-07 08:22:00,49.6,49.6,197,205
2024-08-07 08:24:00,49.8,49.9,197,201
2024-08-07 08:26:00,49.5,49.5,197,206
2024-08-07 08:28:00,49.7,49.7,194,206
2024-08-07 08:30:00,50.0,50.0,197,202
2024-08-07 08:32:00,49.5,49.5,194,198
2024-08-07 08:34:00,49.8,49.7,198,199
2024-08-07 08:36:00,49.6,49.7,200,199
2024-08-07 08:38:00,49.5,49.5,199,199
2024-08-07 08:40:00,49.5,49.5,197,194
2024-08-07 08:42:00,49.6,49.6,197,194
2024-08-07 08:44:00,50.0,49.9,197,199
2024-08-07 08:46:00,49.5,49.6,194,190
2024-08-07 08:48:00,49.8,49.8,197,196
2024-08-07 08:50:00,49.5,49.4,194,193
2024-08-07 08:52:00,49.4,49.4,199,198
2024-08-07 08:54:00,49.5,49.5,197,197
2024-08-07 08:56:00,49.6,49.6,199,198
2024-08-07 08:58:00,49.4,49.4,194,192
2024-08-07 09:00:00,49.5,49.5,199,197
2024-08-07 09:02:00,49.6,49.5,201,197
2024-08-07 09:04:00,49.3,49.3,198,196
2024-08-07 09:06:00,49.3,49.3,199,197
2024-08-07 09:08:00,49.5,49.6,199,197
2024-08-07 09:10:00,49.6,49.6,199,192
2024-08-07 09:12:00,49.5,49.5,199,195
2024-08-07 09:14:00,49.2,49.2,194,192
2024-08-07 09:16:00,49.5,49.4,197,195
2024-08-07 09:18:00,49.5,49.5,199,196
2024-08-07 09:20:00,49.2,49.2,197,187
2024-08-07 09:22:00,49.6,49.6,199,188
2024-08-07 09:24:00,49.7,49.7,200,190
2024-08-07 09:26:00,49.4,49.4,196,195
2024-08-07 09:28:00,49.5,49.5,199,199
2024-08-07 09:30:00,49.6,49.5,196,197
2024-08-07 09:32:00,49.5,49.5,193,190
2024-08-07 09:34:00,49.2,49.2,193,186
2024-08-07 09:36:00,49.5,49.5,199,194
2024-08-07 09:38:00,49.2,49.2,196,184
2024-08-07 09:40:00,49.5,49.5,197,187
2024-08-07 09:42:00,49.4,49.4,197,188
2024-08-07 09:44:00,49.1,49.1,197,188
2024-08-07 09:46:00,49.8,49.8,194,188
2024-08-07 09:48:00,49.6,49.6,193,183
2024-08-07 09:50:00,49.4,49.4,197,182
2024-08-07 09:52:00,49.5,49.5,190,186
2024-08-07 09:54:00,49.6,49.6,194,187
2024-08-07 09:56:00,49.6,49.6,195,180
2024-08-07 09:58:00,49.1,49.1,197,185
2024-08-07 10:00:00,49.4,49.4,193,180
2024-08-07 10:02:00,49.3,49.2,195,180
2024-08-07 10:04:00,49.1,49.1,198,184
2024-08-07 10:06:00,49.3,49.3,196,188
2024-08-07 10:08:00,49.5,49.5,197,188
2024-08-07 10:10:00,49.5,49.5,197,194
2024-08-07 10:12:00,49.4,49.4,195,192
2024-08-07 10:14:00,49.2,49.3,196,194
2024-08-07 10:16:00,49.4,49.4,196,187
2024-08-07 10:18:00,49.5,49.5,192,187
2024-08-07 10:20:00,49.1,49.2,195,188
2024-08-07 10:22:00,49.5,49.5,194,183
2024-08-07 10:24:00,49.5,49.4,194,186
2024-08-07 10:26:00,49.4,49.5,196,185
2024-08-07 10:28:00,50.3,50.3,202,198
2024-08-07 10:30:00,50.4,50.4,199,201
2024-08-07 10:32:00,50.1,50.1,197,197
2024-08-07 10:34:00,50.1,50.1,195,194
2024-08-07 10:36:00,50.0,50.0,195,199
2024-08-07 10:38:00,50.3,50.2,194,200
2024-08-07 10:40:00,49.9,49.9,194,195
2024-08-07 10:42:00,49.8,49.9,198,185
2024-08-07 10:44:00,50.1,50.1,197,190
2024-08-07 10:46:00,49.9,50.0,196,192
2024-08-07 10:48:00,50.0,50.0,197,190
2024-08-07 10:50:00,49.9,49.9,194,189
2024-08-07 10:52:00,49.7,49.8,194,187
2024-08-07 10:54:00,49.9,49.7,194,180
2024-08-07 10:56:00,49.8,49.8,195,183
2024-08-07 10:58:00,49.6,49.6,190,180
2024-08-07 11:00:00,49.6,49.6,192,185
2024-08-07 11:02:00,49.5,49.5,197,190
2024-08-07 11:04:00,49.5,49.5,197,183
2024-08-07 11:06:00,50.2,50.2,193,184
2024-08-07 11:08:00,49.6,49.7,196,188
2024-08-07 11:10:00,49.9,49.9,195,190
2024-08-07 11:12:00,49.8,49.9,196,191
2024-08-07 11:14:00,50,50.0,197,183
2024-08-07 11:16:00,49.7,49.8,194,184
2024-08-07 11:18:00,49.6,49.7,194,192
2024-08-07 11:20:00,49.8,49.8,197,187
2024-08-07 11:22:00,49.8,49.7,197,186
2024-08-07 11:24:00,49.7,49.8,197,186
2024-08-07 11:26:00,49.9,49.9,194,182
2024-08-07 11:28:00,55.5,53.4,203,202
2024-08-07 11:30:00,49.4,49.4,193,190
2024-08-07 11:32:00,49.7,49.6,197,191
2024-08-07 11:34:00,49.3,49.3,199,192
2024-08-07 11:36:00,49.4,49.5,197,188
2024-08-07 11:38:00,49.7,49.6,199,188
2024-08-07 11:40:00,49.4,49.5,197,178
2024-08-07 11:42:00,49.5,49.5,194,185
2024-08-07 11:44:00,49.3,49.3,195,182
2024-08-07 11:46:00,49.5,49.5,194,181
2024-08-07 11:48:00,49.5,49.5,194,182
2024-08-07 11:50:00,49.2,49.1,194,183
2024-08-07 11:52:00,49.1,49.2,197,182
2024-08-07 11:54:00,49.3,49.3,194,182
2024-08-07 11:56:00,49.2,49.1,199,187
2024-08-07 11:58:00,49.1,49.0,194,187
2024-08-07 12:00:00,49.6,49.6,196,189
2024-08-07 12:02:00,49.7,49.6,197,190
2024-08-07 12:04:00,49.3,49.3,199,192
2024-08-07 12:06:00,53.1,54.0,195,208
2024-08-07 12:08:00,50.0,50.0,195,205
2024-08-07 12:10:00,50.0,50.4,199,203
2024-08-07 12:12:00,50.1,51.1,197,204
2024-08-07 12:14:00,49.4,49.7,197,195
2024-08-07 12:16:00,48.3,49.5,197,188
2024-08-07 12:18:00,49.3,49.4,199,187
2024-08-07 12:20:00,50.0,49.6,198,189
2024-08-07 12:22:00,49.5,49.5,197,182
2024-08-07 12:24:00,49.6,49.6,194,183
2024-08-07 12:26:00,50.0,49.9,197,184
2024-08-07 12:28:00,48.3,49.4,197,188
2024-08-07 12:30:00,48.2,49.3,196,186
2024-08-07 12:32:00,50.0,49.9,200,185
2024-08-07 12:34:00,49.5,49.5,198,187
2024-08-07 12:36:00,49.9,49.8,203,182
2024-08-07 12:38:00,49.6,49.6,199,187
2024-08-07 12:40:00,49.5,49.5,199,192
2024-08-07 12:42:00,49.5,49.5,197,187
2024-08-07 12:44:00,49.4,49.4,197,185
2024-08-07 12:46:00,49.6,49.6,200,190
2024-08-07 12:48:00,49.7,49.7,196,187
2024-08-07 12:50:00,49.6,49.4,199,190
2024-08-07 12:52:00,49.4,49.4,197,190
2024-08-07 12:54:00,49.7,49.7,194,189
2024-08-07 12:56:00,49.5,49.5,198,195
2024-08-07 12:58:00,49.6,49.6,196,191
2024-08-07 13:00:00,49.6,49.6,197,192
2024-08-07 13:02:00,49.5,49.5,197,190
2024-08-07 13:04:00,49.4,49.4,198,190
2024-08-07 13:06:00,49.5,49.5,197,192
2024-08-07 13:08:00,49.7,49.7,197,189
2024-08-07 13:10:00,49.5,49.6,194,186
2024-08-07 13:12:00,49.8,49.7,194,189
2024-08-07 13:14:00,50.0,50.0,199,198
2024-08-07 13:16:00,49.5,49.5,199,193
2024-08-07 13:18:00,49.5,49.5,196,190
2024-08-07 13:20:00,49.3,49.4,195,189
2024-08-07 13:22:00,49.5,49.5,198,197
2024-08-07 13:24:00,49.6,49.6,197,194
2024-08-07 13:26:00,49.7,49.8,198,194
2024-08-07 13:28:00,49.6,49.6,197,194
2024-08-07 13:30:00,49.4,49.4,195,187
2024-08-07 13:32:00,49.6,49.5,197,191
2024-08-07 13:34:00,49.6,49.6,194,187
2024-08-07 13:36:00,49.4,49.4,197,185
2024-08-07 13:38:00,49.4,49.5,199,182
2024-08-07 13:40:00,49.8,49.7,199,189
2024-08-07 13:42:00,49.4,49.4,197,188
2024-08-07 13:44:00,49.2,49.2,194,184
2024-08-07 13:46:00,49.5,49.5,195,182
2024-08-07 13:48:00,49.5,49.5,196,186
2024-08-07 13:50:00,49.4,49.5,199,195
2024-08-07 13:52:00,49.3,49.2,196,184
2024-08-07 13:54:00,49.6,49.5,194,186
2024-08-07 13:56:00,49.7,49.7,197,184
2024-08-07 13:58:00,49.7,49.7,197,186
2024-08-07 14:00:00,49.4,49.5,197,187
2024-08-07 14:02:00,49.6,49.6,199,192
2024-08-07 14:04:00,49.6,49.7,197,190
2024-08-07 14:06:00,49.5,49.5,192,182
2024-08-07 14:08:00,49.6,49.5,198,194
2024-08-07 14:10:00,49.5,49.6,198,189
2024-08-07 14:12:00,49.4,49.4,194,188
2024-08-07 14:14:00,49.8,49.8,195,192
2024-08-07 14:16:00,49.6,49.6,198,192
2024-08-07 14:18:00,49.5,49.5,194,190
2024-08-07 14:20:00,49.5,49.5,196,191
2024-08-07 14:22:00,49.4,49.4,193,182
2024-08-07 14:24:00,49.4,49.5,192,185
2024-08-07 14:26:00,49.5,49.5,193,181
2024-08-07 14:28:00,49.3,49.3,192,175
2024-08-07 14:30:00,49.1,49.2,197,185
2024-08-07 14:32:00,49.5,49.6,194,184
2024-08-07 14:34:00,49.3,49.4,198,190
2024-08-07 14:36:00,49.3,49.2,197,186
2024-08-07 14:38:00,49.2,49.2,192,175
2024-08-07 14:40:00,49.7,49.7,194,182
2024-08-07 14:42:00,49.9,49.8,196,180
2024-08-07 14:44:00,49.4,49.5,194,175
2024-08-07 14:46:00,49.5,49.6,193,177
2024-08-07 14:48:00,49.5,49.5,197,180
2024-08-07 14:50:00,49.4,49.4,195,182
2024-08-07 14:52:00,49.7,49.8,193,178
2024-08-07 14:54:00,49.4,49.4,196,181
2024-08-07 14:56:00,49.6,49.6,194,183
2024-08-07 14:58:00,49.3,49.4,194,185
2024-08-07 15:00:00,49.7,49.6,198,187
2024-08-07 15:02:00,49.4,49.5,195,182
2024-08-07 15:04:00,49.3,49.3,197,186
2024-08-07 15:06:00,49.3,49.3,197,186
2024-08-07 15:08:00,49.4,49.4,197,187
2024-08-07 15:10:00,49.5,49.5,193,185
2024-08-07 15:12:00,49.3,49.3,197,185
2024-08-07 15:14:00,49.6,49.6,194,187
2024-08-07 15:16:00,49.7,49.7,195,186
2024-08-07 15:18:00,49.3,49.3,194,190
2024-08-07 15:20:00,49.6,49.6,193,190
2024-08-07 15:22:00,49.7,49.7,196,192
2024-08-07 15:24:00,49.5,49.4,197,189
2024-08-07 15:26:00,49.5,49.5,192,186
2024-08-07 15:28:00,49.4,49.4,196,185
2024-08-07 15:30:00,49.3,49.3,194,182
2024-08-07 15:32:00,49.3,49.3,194,187
2024-08-07 15:34:00,49.4,49.4,193,184
2024-08-07 15:36:00,49.4,49.3,195,190
2024-08-07 15:38:00,49.1,49.0,192,185
2024-08-07 15:40:00,49.2,49.2,194,184
2024-08-07 15:42:00,49.8,49.8,197,190
2024-08-07 15:44:00,49.7,49.7,192,185
2024-08-07 15:46:00,49.1,49.2,196,190
2024-08-07 15:48:00,49.2,49.2,194,182
2024-08-07 15:50:00,49.6,49.6,199,188
2024-08-07 15:52:00,49.6,49.7,198,188
2024-08-07 15:54:00,49.4,49.4,199,194
2024-08-07 15:56:00,49.7,49.7,201,194
2024-08-07 15:58:00,55.2,55.0,132,216
2024-08-07 16:00:00,50.1,50.1,197,203
2024-08-07 16:02:00,50.4,50.5,199,203
2024-08-07 16:04:00,50.0,50.0,199,206
2024-08-07 16:06:00,50,50.0,196,203
2024-08-07 16:08:00,49.1,49.1,197,190
2024-08-07 16:10:00,49.4,49.3,197,192
2024-08-07 16:12:00,49.5,49.5,197,188
2024-08-07 16:14:00,49.6,49.6,199,190
2024-08-07 16:16:00,49.7,49.7,197,185
2024-08-07 16:18:00,49.6,49.6,200,190
2024-08-07 16:20:00,49.2,49.1,201,189
2024-08-07 16:22:00,49.5,49.6,201,187
2024-08-07 16:24:00,49.4,49.4,197,190
2024-08-07 16:26:00,49.5,49.5,199,190
2024-08-07 16:28:00,49.6,49.7,199,190
2024-08-07 16:30:00,49.3,49.4,195,190
2024-08-07 16:32:00,49.4,49.4,199,190
2024-08-07 16:34:00,49.3,49.3,199,190
2024-08-07 16:36:00,49.5,49.5,200,194
2024-08-07 16:38:00,49.5,49.5,197,187
2024-08-07 16:40:00,49.4,49.4,199,191
2024-08-07 16:42:00,49.3,49.2,198,189
2024-08-07 16:44:00,49.7,49.7,196,184
2024-08-07 16:46:00,49.5,49.5,197,189
2024-08-07 16:48:00,49.3,49.3,199,190
2024-08-07 16:50:00,49.2,49.2,197,188
2024-08-07 16:52:00,49.2,49.2,197,192
2024-08-07 16:54:00,49.0,49.2,199,187
2024-08-07 16:56:00,49.3,49.4,202,193
2024-08-07 16:58:00,49.1,49.0,199,190
2024-08-07 17:00:00,49.8,49.6,202,189
2024-08-07 17:02:00,49.5,49.5,200,194
2024-08-07 17:04:00,49.5,49.5,200,190
2024-08-07 17:06:00,49.5,49.5,202,191
2024-08-07 17:08:00,49.4,49.3,198,190
2024-08-07 17:10:00,49.0,49.1,199,190
2024-08-07 17:12:00,49.5,49.5,197,189
2024-08-07 17:14:00,49.1,49.2,199,190
2024-08-07 17:16:00,49.4,49.4,203,189
2024-08-07 17:18:00,49.2,49.3,197,187
2024-08-07 17:20:00,49.7,49.6,199,187
2024-08-07 17:22:00,49.4,49.4,202,194
2024-08-07 17:24:00,49.3,49.3,201,194
2024-08-07 17:26:00,49.5,49.5,202,198
2024-08-07 17:28:00,49.3,49.4,201,194
2024-08-07 17:30:00,49.5,49.5,201,194
2024-08-07 17:32:00,49.4,49.3,202,192
2024-08-07 17:34:00,49.2,49.2,200,194
2024-08-07 17:36:00,49.2,49.1,201,193
2024-08-07 17:38:00,49.2,49.2,200,197
2024-08-07 17:40:00,49.6,49.5,200,197
2024-08-07 17:42:00,49.5,49.5,197,194
2024-08-07 17:44:00,49.4,49.3,199,198
2024-08-07 17:46:00,49.8,49.8,196,192
2024-08-07 17:48:00,50.0,49.9,200,196
2024-08-07 17:50:00,49.7,49.8,200,194
2024-08-07 17:52:00,49.6,49.6,199,197
2024-08-07 17:54:00,49.8,49.8,201,197
2024-08-07 17:56:00,49.8,49.8,198,194
2024-08-07 17:58:00,49.6,49.5,199,198
2024-08-07 18:00:00,49.6,49.6,196,194
2024-08-07 18:02:00,49.7,49.8,198,192
2024-08-07 18:04:00,49.4,49.4,195,194
2024-08-07 18:06:00,49.5,49.6,198,192
2024-08-07 18:08:00,49.4,49.4,202,198
2024-08-07 18:10:00,49.7,49.6,200,197
2024-08-07 18:12:00,49.5,49.6,197,186
2024-08-07 18:14:00,49.4,49.5,199,185
2024-08-07 18:16:00,49.5,49.5,197,182
2024-08-07 18:18:00,49.8,49.8,198,187
2024-08-07 18:20:00,49.6,49.6,200,185
2024-08-07 18:22:00,49.6,49.6,202,187
2024-08-07 18:24:00,49.6,49.6,200,191
2024-08-07 18:26:00,49.8,49.8,201,189
2024-08-07 18:28:00,49.5,49.5,198,187
2024-08-07 18:30:00,49.6,49.7,202,194
2024-08-07 18:32:00,49.2,49.2,199,192
2024-08-07 18:34:00,49.4,49.2,199,192
2024-08-07 18:36:00,49.1,49.0,199,192
2024-08-07 18:38:00,49.3,49.3,200,199
2024-08-07 18:40:00,49.4,49.5,200,195
2024-08-07 18:42:00,49.2,49.2,196,192
2024-08-07 18:44:00,49.1,49.1,202,199
2024-08-07 18:46:00,49.1,49.1,198,199
2024-08-07 18:48:00,49.2,49.2,196,196
2024-08-07 18:50:00,49.2,49.2,195,197
2024-08-07 18:52:00,49.3,49.3,198,198
2024-08-07 18:54:00,49.6,49.6,195,194
2024-08-07 18:56:00,49.2,49.2,195,192
2024-08-07 18:58:00,49.2,49.3,193,182
2024-08-07 19:00:00,49.5,49.4,195,183
2024-08-07 19:02:00,49.5,49.5,197,191
2024-08-07 19:04:00,49.3,49.4,194,187
2024-08-07 19:06:00,49.5,49.5,198,191
2024-08-07 19:08:00,49.0,49.1,197,188
2024-08-07 19:10:00,49.2,49.3,200,185
2024-08-07 19:12:00,49.5,49.5,197,178
2024-08-07 19:14:00,49.3,49.4,198,182
2024-08-07 19:16:00,49.6,49.6,196,182
2024-08-07 19:18:00,49.6,49.6,197,188
2024-08-07 19:20:00,49.4,49.3,192,179
2024-08-07 19:22:00,49.5,49.4,194,182
2024-08-07 19:24:00,49.5,49.5,197,185
2024-08-07 19:26:00,49.4,49.4,194,185
2024-08-07 19:28:00,49.3,49.2,194,183
2024-08-07 19:30:00,49.2,49.3,194,183
2024-08-07 19:32:00,49.2,49.2,197,184
2024-08-07 19:34:00,51.9,51.6,195,194
2024-08-07 19:36:00,49.9,50.0,197,191
2024-08-07 19:38:00,49.9,50.0,198,191
2024-08-07 19:40:00,49.9,49.8,190,187
2024-08-07 19:42:00,49.9,49.9,196,191
2024-08-07 19:44:00,49.6,49.6,197,194
2024-08-07 19:46:00,50.1,50.1,191,191
2024-08-07 19:48:00,50.3,50.2,192,190
2024-08-07 19:50:00,49.0,49.0,195,188
2024-08-07 19:52:00,49.9,49.8,192,190
2024-08-07 19:54:00,49.7,49.7,192,185
2024-08-07 19:56:00,49.6,49.6,194,182
2024-08-07 19:58:00,49.9,50.0,197,187
2024-08-07 20:00:00,49.6,49.6,192,182
2024-08-07 20:02:00,49.7,49.7,197,185
2024-08-07 20:04:00,49.4,49.3,194,181
2024-08-07 20:06:00,49.7,49.7,196,188
2024-08-07 20:08:00,49.5,49.6,199,197
2024-08-07 20:10:00,49.7,49.7,199,196
2024-08-07 20:12:00,49.6,49.6,197,192
2024-08-07 20:14:00,49.6,49.6,194,192
2024-08-07 20:16:00,50.0,50.1,196,192
2024-08-07 20:18:00,49.9,50.0,197,189
2024-08-07 20:20:00,49.7,49.7,194,179
2024-08-07 20:22:00,49.6,49.7,194,177
2024-08-07 20:24:00,49.5,49.6,194,186
2024-08-07 20:26:00,49.5,49.5,194,189
2024-08-07 20:28:00,49.8,49.7,193,188
2024-08-07 20:30:00,49.3,49.3,191,187
2024-08-07 20:32:00,49.6,49.5,190,185
2024-08-07 20:34:00,49.8,49.8,197,191
2024-08-07 20:36:00,49.8,49.7,192,190
2024-08-07 20:38:00,49.7,49.7,192,189
2024-08-07 20:40:00,49.6,49.6,193,191
2024-08-07 20:42:00,49.8,49.8,193,192
2024-08-07 20:44:00,50.2,50.2,194,192
2024-08-07 20:46:00,49.7,49.7,194,194
2024-08-07 20:48:00,49.8,49.8,192,195
2024-08-07 20:50:00,49.6,49.6,192,197
2024-08-07 20:52:00,49.7,49.7,194,194
2024-08-07 20:54:00,49.7,49.7,193,197
2024-08-07 20:56:00,49.6,49.5,192,196
2024-08-07 20:58:00,49.5,49.5,195,198
2024-08-07 21:00:00,49.4,49.4,194,199
2024-08-07 21:02:00,49.3,49.3,192,196
2024-08-07 21:04:00,49.6,49.6,195,199
2024-08-07 21:06:00,49.6,49.6,195,197
2024-08-07 21:08:00,49.6,49.6,192,196
2024-08-07 21:10:00,49.5,49.5,197,201
2024-08-07 21:12:00,49.2,49.2,194,198
2024-08-07 21:14:00,49.7,49.8,197,196
2024-08-07 21:16:00,49.5,49.5,194,194
2024-08-07 21:18:00,49.5,49.6,194,192
2024-08-07 21:20:00,49.6,49.7,193,192
2024-08-07 21:22:00,49.8,49.7,195,197
2024-08-07 21:24:00,49.3,49.3,194,196
2024-08-07 21:26:00,49.5,49.5,193,195
2024-08-07 21:28:00,49.7,49.7,197,197
2024-08-07 21:30:00,49.4,49.4,196,197
2024-08-07 21:32:00,49.5,49.5,195,199
2024-08-07 21:34:00,49.0,49.0,192,194
2024-08-07 21:36:00,49.4,49.4,194,196
2024-08-07 21:38:00,49.3,49.3,192,194
2024-08-07 21:40:00,49.5,49.6,196,199
2024-08-07 21:42:00,49.6,49.6,199,200
2024-08-07 21:44:00,49.3,49.2,192,195
2024-08-07 21:46:00,49.3,49.3,194,199
2024-08-07 21:48:00,49.3,49.2,197,200
2024-08-07 21:50:00,49.5,49.6,197,201
2024-08-07 21:52:00,49.5,49.5,195,201
2024-08-07 21:54:00,49.4,49.3,196,198
2024-08-07 21:56:00,49.6,49.5,197,202
2024-08-07 21:58:00,49.9,49.9,194,201
2024-08-07 22:00:00,49.6,49.6,197,202
2024-08-07 22:02:00,49.7,49.7,197,202
2024-08-07 22:04:00,49.6,49.6,195,202
2024-08-07 22:06:00,49.5,49.5,198,204
2024-08-07 22:08:00,49.6,49.7,198,203
2024-08-07 22:10:00,49.7,49.7,196,201
2024-08-07 22:12:00,49.4,49.3,197,202
2024-08-07 22:14:00,49.4,49.4,198,201
2024-08-07 22:16:00,49.7,49.7,197,199
2024-08-07 22:18:00,49.6,49.5,200,204
2024-08-07 22:20:00,49.3,49.3,196,202
2024-08-07 22:22:00,49.2,49.2,197,205
2024-08-07 22:24:00,49.7,49.6,205,209
2024-08-07 22:26:00,49.6,49.7,202,208
2024-08-07 22:28:00,49.6,49.6,205,211
2024-08-07 22:30:00,49.6,49.6,203,212
2024-08-07 22:32:00,49.7,49.8,201,211
2024-08-07 22:34:00,50.1,50.1,202,211
2024-08-07 22:36:00,49.9,49.9,202,212
2024-08-07 22:38:00,49.7,49.7,200,210
2024-08-07 22:40:00,49.7,49.7,201,210
2024-08-07 22:42:00,49.8,49.7,201,210
2024-08-07 22:44:00,49.9,49.9,202,210
2024-08-07 22:46:00,49.8,49.8,204,214
2024-08-07 22:48:00,49.9,49.9,201,209
2024-08-07 22:50:00,49.7,49.7,204,211
2024-08-07 22:52:00,49.9,49.9,202,210
2024-08-07 22:54:00,49.9,49.9,202,211
2024-08-07 22:56:00,49.7,49.7,201,207
2024-08-07 22:58:00,49.5,49.5,205,210
2024-08-07 23:00:00,49.7,49.7,204,212
2024-08-07 23:02:00,50.0,50.1,206,215
2024-08-07 23:04:00,50.0,50.1,204,215
2024-08-07 23:06:00,50.1,50.1,204,216
2024-08-07 23:08:00,49.9,49.9,201,209
2024-08-07 23:10:00,50.0,50.0,207,214
2024-08-07 23:12:00,50.1,50.1,204,214
2024-08-07 23:14:00,49.9,49.9,204,214
2024-08-07 23:16:00,49.7,49.7,204,216
2024-08-07 23:18:00,49.8,49.7,206,216
2024-08-07 23:20:00,50.2,50.1,205,216
2024-08-07 23:22:00,50.0,50.1,205,216
2024-08-07 23:24:00,49.7,49.6,203,214
2024-08-07 23:26:00,49.9,49.9,204,214
2024-08-07 23:28:00,50.2,50.1,206,217
2024-08-07 23:30:00,49.8,49.8,207,217
2024-08-07 23:32:00,49.7,49.8,206,218
2024-08-07 23:34:00,49.7,49.7,207,218
2024-08-07 23:36:00,50.1,50.1,208,220
2024-08-07 23:38:00,49.8,49.7,207,219
2024-08-07 23:40:00,50.0,50.1,206,219
2024-08-07 23:42:00,49.8,49.8,207,220
2024-08-07 23:44:00,50.2,50.3,208,221
2024-08-07 23:46:00,50.1,50.1,208,221
2024-08-07 23:48:00,50.0,50.0,206,220
2024-08-07 23:50:00,50.2,50.2,206,221
2024-08-07 23:52:00,50.1,50.0,207,221
2024-08-07 23:54:00,50.2,50.3,208,221
2024-08-07 23:56:00,49.8,49.8,207,219
2024-08-07 23:58:00,49.8,49.7,208,221
2024-08-08 00:00:00,49.8,49.7,208,222
2024-08-08 00:02:00,50.0,50.0,208,222
2024-08-08 00:04:00,50.0,50.0,208,222
2024-08-08 00:06:00,49.9,49.9,208,221
2024-08-08 00:08:00,49.8,49.9,209,223
2024-08-08 00:10:00,50.0,50.0,208,222
2024-08-08 00:12:00,49.8,49.9,207,222
2024-08-08 00:14:00,49.8,49.8,209,222
2024-08-08 00:16:00,49.8,49.8,208,222
2024-08-08 00:18:00,50.0,50.0,209,223
2024-08-08 00:20:00,50.0,50.0,210,224
2024-08-08 00:22:00,50.2,50.2,207,223
2024-08-08 00:24:00,50.2,50.2,208,223
2024-08-08 00:26:00,50.1,50.1,209,224
2024-08-08 00:28:00,50.0,50.0,207,223
2024-08-08 00:30:00,50.0,49.9,208,224
2024-08-08 00:32:00,50.0,50.1,212,224
2024-08-08 00:34:00,50.2,50.2,209,225
2024-08-08 00:36:00,50.0,50.0,209,226
2024-08-08 00:38:00,49.9,50.0,207,223
2024-08-08 00:40:00,49.7,49.7,207,223
2024-08-08 00:42:00,50.1,50.0,209,225
2024-08-08 00:44:00,50.1,50.1,209,226
2024-08-08 00:46:00,50.0,50.0,206,222
2024-08-08 00:48:00,49.9,50.0,208,224
2024-08-08 00:50:00,49.6,49.6,208,224
2024-08-08 00:52:00,50.2,50.1,208,225
2024-08-08 00:54:00,50.0,50.0,208,224
2024-08-08 00:56:00,50.1,50.0,209,225
2024-08-08 00:58:00,49.9,49.9,207,223
2024-08-08 01:00:00,50.0,50.0,208,224
2024-08-08 01:02:00,50.2,50.2,208,225
2024-08-08 01:04:00,50.2,50.2,209,226
2024-08-08 01:06:00,50.1,50.1,207,223
2024-08-08 01:08:00,50.2,50.2,210,226
2024-08-08 01:10:00,49.9,50.0,209,226
2024-08-08 01:12:00,50.2,50.2,209,226
2024-08-08 01:14:00,50.1,50.1,209,226
2024-08-08 01:16:00,49.9,49.9,209,226
2024-08-08 01:18:00,49.8,49.8,209,226
2024-08-08 01:20:00,50.2,50.2,209,226
2024-08-08 01:22:00,50.1,50.2,209,226
2024-08-08 01:24:00,50.0,50.0,209,225
2024-08-08 01:26:00,50.0,50.0,209,226
2024-08-08 01:28:00,49.8,49.9,208,224
2024-08-08 01:30:00,50.2,50.1,209,225
2024-08-08 01:32:00,50.0,50.0,210,227
2024-08-08 01:34:00,50.1,50.0,210,228
2024-08-08 01:36:00,49.8,49.8,208,226
2024-08-08 01:38:00,50.2,50.2,209,226
2024-08-08 01:40:00,50.1,50.1,208,226
2024-08-08 01:42:00,50.3,50.2,209,227
2024-08-08 01:44:00,50.0,50.0,209,226
2024-08-08 01:46:00,50.0,50.0,209,226
2024-08-08 01:48:00,50.2,50.2,209,227
2024-08-08 01:50:00,50.0,50.1,208,226
2024-08-08 01:52:00,50.2,50.3,208,226
2024-08-08 01:54:00,50.0,50.0,209,226
2024-08-08 01:56:00,50.0,50.0,208,225
2024-08-08 01:58:00,50.2,50.3,209,227
2024-08-08 02:00:00,50.1,50.1,209,226
2024-08-08 02:02:00,50.0,50.1,210,228
2024-08-08 02:04:00,49.8,49.8,209,226
2024-08-08 02:06:00,50.0,50.0,209,227
2024-08-08 02:08:00,50.3,50.4,209,227
2024-08-08 02:10:00,50.3,50.3,209,226
2024-08-08 02:12:00,50.1,50.1,209,226
2024-08-08 02:14:00,49.9,49.9,208,226
2024-08-08 02:16:00,50.3,50.3,209,226
2024-08-08 02:18:00,50.2,50.2,209,226
2024-08-08 02:20:00,50.1,50.1,208,224
2024-08-08 02:22:00,49.9,49.9,210,226
2024-08-08 02:24:00,50.4,50.4,210,226
2024-08-08 02:26:00,50.1,50.2,209,225
2024-08-08 02:28:00,50.1,50.1,210,226
2024-08-08 02:30:00,50.0,50.0,209,226
2024-08-08 02:32:00,49.8,49.9,209,226
2024-08-08 02:34:00,49.8,49.9,210,227
2024-08-08 02:36:00,50.2,50.1,211,228
2024-08-08 02:38:00,50.3,50.2,211,228
2024-08-08 02:40:00,50.1,50.1,211,228
2024-08-08 02:42:00,50.2,50.2,210,228
2024-08-08 02:44:00,50.1,50.1,210,228
2024-08-08 02:46:00,50.0,50.0,210,228
2024-08-08 02:48:00,50.3,50.4,210,228
2024-08-08 02:50:00,50.3,50.2,210,228
2024-08-08 02:52:00,50.3,50.3,210,227
2024-08-08 02:54:00,50.0,50.0,211,228
2024-08-08 02:56:00,50.3,50.3,210,228
2024-08-08 02:58:00,50.5,50.5,211,228
2024-08-08 03:00:00,50.1,50.1,211,228
2024-08-08 03:02:00,49.9,49.9,210,227
2024-08-08 03:04:00,50.0,49.9,210,227
2024-08-08 03:06:00,50.1,50.1,211,228
2024-08-08 03:08:00,50.2,50.2,209,226
2024-08-08 03:10:00,50.2,50.2,209,226
2024-08-08 03:12:00,50.0,50.0,211,228
2024-08-08 03:14:00,49.7,49.7,209,226
2024-08-08 03:16:00,50.0,50.0,210,227
2024-08-08 03:18:00,50.2,50.3,209,227
2024-08-08 03:20:00,50.3,50.2,209,227
2024-08-08 03:22:00,50.2,50.1,210,228
2024-08-08 03:24:00,50.1,50.1,209,226
2024-08-08 03:26:00,50.3,50.4,210,228
2024-08-08 03:28:00,50.4,50.4,210,228
2024-08-08 03:30:00,50.4,50.3,210,228
2024-08-08 03:32:00,50.1,50.2,211,228
2024-08-08 03:34:00,50.2,50.1,210,228
2024-08-08 03:36:00,50.3,50.3,211,228
2024-08-08 03:38:00,50.2,50.1,210,228
2024-08-08 03:40:00,50.0,50.1,211,228
2024-08-08 03:42:00,49.9,49.9,211,228
2024-08-08 03:44:00,49.9,50.0,210,227
2024-08-08 03:46:00,50.1,50.2,209,228
2024-08-08 03:48:00,50.1,50.2,210,227
2024-08-08 03:50:00,50.0,50.0,209,226
2024-08-08 03:52:00,50.0,50.0,210,228
2024-08-08 03:54:00,50.0,50.0,208,226
2024-08-08 03:56:00,50.0,50.0,209,227
2024-08-08 03:58:00,50.4,50.3,209,228
2024-08-08 04:00:00,50.3,50.2,209,226
2024-08-08 04:02:00,50.4,50.4,211,228
2024-08-08 04:04:00,50.0,50.0,209,226
2024-08-08 04:06:00,50.1,50.2,210,227
2024-08-08 04:08:00,50.3,50.3,211,228
2024-08-08 04:10:00,50.2,50.2,211,228
2024-08-08 04:12:00,50.3,50.3,211,229
2024-08-08 04:14:00,50.2,50.1,211,228
2024-08-08 04:16:00,50.1,50.2,210,227
2024-08-08 04:18:00,50.3,50.3,211,229
2024-08-08 04:20:00,49.9,49.9,209,227
2024-08-08 04:22:00,50.1,50.1,209,226
2024-08-08 04:24:00,49.7,49.7,209,227
2024-08-08 04:26:00,49.8,49.8,211,228
2024-08-08 04:28:00,49.8,49.8,209,226
2024-08-08 04:30:00,49.7,49.8,209,226
2024-08-08 04:32:00,49.8,49.8,209,226
2024-08-08 04:34:00,50.1,50.0,210,227
2024-08-08 04:36:00,49.9,49.9,210,227
2024-08-08 04:38:00,49.9,49.9,210,226
2024-08-08 04:40:00,49.7,49.8,209,226
2024-08-08 04:42:00,49.6,49.7,210,226
2024-08-08 04:44:00,50.1,50.1,210,227
2024-08-08 04:46:00,49.9,49.9,210,227
2024-08-08 04:48:00,50.0,49.9,211,226
2024-08-08 04:50:00,50.1,50.2,212,228
2024-08-08 04:52:00,49.9,49.9,211,228
2024-08-08 04:54:00,50.1,50.1,214,231
2024-08-08 04:56:00,50.2,50.2,213,230
2024-08-08 04:58:00,50.2,50.2,213,231
2024-08-08 05:00:00,49.7,49.7,212,229
2024-08-08 05:02:00,49.8,49.8,212,229
2024-08-08 05:04:00,50.3,50.3,212,231
2024-08-08 05:06:00,50.0,50.0,211,228
2024-08-08 05:08:00,50.0,50.0,211,230
2024-08-08 05:10:00,49.8,49.9,211,230
2024-08-08 05:12:00,49.7,49.7,211,229
2024-08-08 05:14:00,50.0,49.9,211,229
2024-08-08 05:16:00,50.1,50.0,213,231
2024-08-08 05:18:00,49.8,49.8,211,232
2024-08-08 05:20:00,49.7,49.8,210,230
2024-08-08 05:22:00,49.6,49.6,209,229
2024-08-08 05:24:00,49.7,49.7,209,228
2024-08-08 05:26:00,49.8,49.8,210,229
2024-08-08 05:28:00,50.0,50.0,211,230
2024-08-08 05:30:00,50.0,50.0,210,227
2024-08-08 05:32:00,50,50.0,211,228
2024-08-08 05:34:00,49.9,49.9,212,229
2024-08-08 05:36:00,49.8,49.8,211,228
2024-08-08 05:38:00,49.9,49.9,209,218
2024-08-08 05:40:00,50.0,50.0,211,219
2024-08-08 05:42:00,50.0,50.0,213,225
2024-08-08 05:44:00,50.1,50.0,210,226
2024-08-08 05:46:00,49.4,49.4,209,224
2024-08-08 05:48:00,49.4,49.4,211,226
2024-08-08 05:50:00,49.9,49.9,212,228
2024-08-08 05:52:00,49.6,49.6,211,228
2024-08-08 05:54:00,49.7,49.7,210,227
2024-08-08 05:56:00,49.4,49.5,210,228
2024-08-08 05:58:00,49.3,49.3,209,228
2024-08-08 06:00:00,49.9,49.9,211,231
2024-08-08 06:02:00,49.8,49.8,211,226
2024-08-08 06:04:00,49.7,49.7,209,222
2024-08-08 06:06:00,49.7,49.7,209,221
2024-08-08 06:08:00,49.8,49.9,211,221
2024-08-08 06:10:00,49.8,49.9,212,228
2024-08-08 06:12:00,50.0,50.1,209,223
2024-08-08 06:14:00,49.5,49.5,206,222
2024-08-08 06:16:00,49.7,49.7,207,221
2024-08-08 06:18:00,49.7,49.6,208,224
2024-08-08 06:20:00,50.0,50.0,207,223
2024-08-08 06:22:00,49.4,49.3,207,222
2024-08-08 06:24:00,49.5,49.5,207,223
2024-08-08 06:26:00,49.3,49.2,206,222
2024-08-08 06:28:00,49.7,49.8,205,221
2024-08-08 06:30:00,49.6,49.6,206,221
2024-08-08 06:32:00,49.7,49.7,206,221
2024-08-08 06:34:00,49.5,49.5,209,226
2024-08-08 06:36:00,49.5,49.4,209,226
2024-08-08 06:38:00,49.5,49.5,207,216
2024-08-08 06:40:00,49.8,49.8,208,222
2024-08-08 06:42:00,49.6,49.6,204,219
2024-08-08 06:44:00,49.4,49.4,209,221
2024-08-08 06:46:00,49.8,49.8,206,219
2024-08-08 06:48:00,49.6,49.5,206,211
2024-08-08 06:50:00,49.5,49.5,205,211
2024-08-08 06:52:00,50.1,50.1,207,218
2024-08-08 06:54:00,50.0,50.0,206,217
2024-08-08 06:56:00,49.8,49.7,204,213
2024-08-08 06:58:00,49.7,49.7,206,218
2024-08-08 07:00:00,49.9,49.9,208,221
2024-08-08 07:02:00,49.5,49.5,205,221
2024-08-08 07:04:00,49.5,49.6,207,221
2024-08-08 07:06:00,49.4,49.5,206,218
2024-08-08 07:08:00,49.7,49.7,207,221
2024-08-08 07:10:00,49.5,49.5,205,221
2024-08-08 07:12:00,49.4,49.4,205,216
2024-08-08 07:14:00,49.6,49.6,204,216
2024-08-08 07:16:00,49.7,49.7,204,216
2024-08-08 07:18:00,49.7,49.7,208,220
2024-08-08 07:20:00,49.6,49.5,207,216
2024-08-08 07:22:00,49.4,49.4,202,211
2024-08-08 07:24:00,49.5,49.4,209,219
2024-08-08 07:26:00,49.7,49.7,207,218
2024-08-08 07:28:00,49.7,49.7,203,211
2024-08-08 07:30:00,49.8,49.8,204,219
2024-08-08 07:32:00,49.7,49.7,206,212
2024-08-08 07:34:00,49.9,49.9,201,207
2024-08-08 07:36:00,50.0,49.9,203,210
2024-08-08 07:38:00,49.7,49.7,204,211
2024-08-08 07:40:00,50.0,50.0,203,209
2024-08-08 07:42:00,49.8,49.8,201,206
2024-08-08 07:44:00,49.9,49.9,204,203
2024-08-08 07:46:00,49.8,49.8,204,207
2024-08-08 07:48:00,49.1,49.0,202,187
2024-08-08 07:50:00,49.6,49.6,197,214
2024-08-08 07:52:00,49.8,49.8,205,218
2024-08-08 07:54:00,49.7,49.7,204,216
2024-08-08 07:56:00,49.6,49.7,201,224
2024-08-08 07:58:00,49.7,49.7,202,217
2024-08-08 08:00:00,49.7,49.7,204,217
2024-08-08 08:02:00,49.5,49.4,207,215
2024-08-08 08:04:00,49.5,49.4,201,208
2024-08-08 08:06:00,49.6,49.6,202,206
2024-08-08 08:08:00,49.6,49.6,204,209
2024-08-08 08:10:00,49.8,49.8,202,206
2024-08-08 08:12:00,49.5,49.4,200,207
2024-08-08 08:14:00,49.6,49.6,200,206
2024-08-08 08:16:00,49.7,49.7,202,209
2024-08-08 08:18:00,49.4,49.5,204,204
2024-08-08 08:20:00,49.5,49.6,201,203
2024-08-08 08:22:00,49.8,49.8,200,202
2024-08-08 08:24:00,49.4,49.4,204,202
2024-08-08 08:26:00,49.5,49.5,202,203
2024-08-08 08:28:00,49.6,49.6,202,209
2024-08-08 08:30:00,49.6,49.6,202,211
2024-08-08 08:32:00,49.6,49.6,201,213
2024-08-08 08:34:00,50.0,50.0,199,211
2024-08-08 08:36:00,49.5,49.4,201,210
2024-08-08 08:38:00,49.8,49.9,199,209
2024-08-08 08:40:00,49.4,49.4,201,204
2024-08-08 08:42:00,49.5,49.5,202,203
2024-08-08 08:44:00,3584,2625,0,0
2024-08-08 08:46:00,48.7,48.7,201,213
2024-08-08 08:48:00,49.6,49.6,201,209
2024-08-08 08:50:00,50.0,50.0,203,210
2024-08-08 08:52:00,49.7,49.7,202,207
2024-08-08 08:54:00,49.8,49.7,201,207
2024-08-08 08:56:00,49.6,49.6,198,200
2024-08-08 08:58:00,49.4,49.4,203,199
2024-08-08 09:00:00,49.6,49.7,200,202
2024-08-08 09:02:00,49.9,49.9,202,202
2024-08-08 09:04:00,49.8,49.8,202,203
2024-08-08 09:06:00,49.6,49.7,201,197
2024-08-08 09:08:00,49.2,49.2,199,196
2024-08-08 09:10:00,49.2,49.2,202,200
2024-08-08 09:12:00,49.3,49.3,197,191
2024-08-08 09:14:00,49.2,49.2,199,198
2024-08-08 09:16:00,49.2,49.1,199,178
2024-08-08 09:18:00,50.4,50.3,199,188
2024-08-08 09:20:00,49.5,49.4,200,184
2024-08-08 09:22:00,50.3,50.3,204,217
2024-08-08 09:24:00,50.5,50.5,199,212
2024-08-08 09:26:00,49.7,49.7,196,187
2024-08-08 09:28:00,49.4,49.3,201,184
2024-08-08 09:30:00,49.3,49.3,194,171
2024-08-08 09:32:00,49.3,49.3,197,171
2024-08-08 09:34:00,49.4,49.3,198,171
2024-08-08 09:36:00,49.2,49.2,196,165
2024-08-08 09:38:00,49.3,49.4,199,175
2024-08-08 09:40:00,48.9,48.9,196,173
2024-08-08 09:42:00,49.1,49.1,199,174
2024-08-08 09:44:00,49.4,49.3,196,170
2024-08-08 09:46:00,49.1,49.2,198,173
2024-08-08 09:48:00,49.5,49.5,195,163
2024-08-08 09:50:00,49.2,49.3,196,167
2024-08-08 09:52:00,6536,51.4,0,238
2024-08-08 09:54:00,51.4,51.5,221,236
2024-08-08 09:56:00,51.3,51.3,222,236
2024-08-08 09:58:00,51.2,51.1,213,236
2024-08-08 10:00:00,50.9,50.9,216,236
2024-08-08 10:02:00,51.1,51.1,212,234
2024-08-08 10:04:00,51.0,51.0,210,234
2024-08-08 10:06:00,51.0,51.2,213,234
2024-08-08 10:08:00,51.3,51.3,217,235
2024-08-08 10:10:00,51.3,51.3,216,235
2024-08-08 10:12:00,50.7,50.8,219,236
2024-08-08 10:14:00,51.1,51.1,217,235
2024-08-08 10:16:00,51.4,51.3,216,235
2024-08-08 10:18:00,51.4,51.3,219,236
2024-08-08 10:20:00,51.3,51.2,217,234
2024-08-08 10:22:00,51.2,51.3,215,234
2024-08-08 10:24:00,51.3,51.3,219,236
2024-08-08 10:26:00,51.2,51.2,217,235
2024-08-08 10:28:00,51.1,51.2,212,231
2024-08-08 10:30:00,51.2,51.3,214,232
2024-08-08 10:32:00,50.9,50.9,214,234
2024-08-08 10:34:00,50.9,50.9,214,235
2024-08-08 10:36:00,50.7,50.7,216,237
2024-08-08 10:38:00,50.8,50.6,216,236
2024-08-08 10:40:00,51.2,51.1,211,232
2024-08-08 10:42:00,51.3,51.3,212,232
2024-08-08 10:44:00,51.3,51.3,212,232
2024-08-08 10:46:00,51.0,51.0,213,234
2024-08-08 10:48:00,50.9,51.1,215,235
2024-08-08 10:50:00,51.0,51.1,214,234
2024-08-08 10:52:00,51.1,51.2,211,233
2024-08-08 10:54:00,50.8,50.9,214,233
2024-08-08 10:56:00,51.0,51.0,215,234
2024-08-08 10:58:00,51.1,51.1,213,233
2024-08-08 11:00:00,51.0,51.0,215,234
2024-08-08 11:02:00,50.8,50.8,214,233
2024-08-08 11:04:00,50.6,50.6,213,236
2024-08-08 11:06:00,50.6,50.6,216,236
2024-08-08 11:08:00,50.6,50.5,216,238
2024-08-08 11:10:00,50.7,50.7,214,236
2024-08-08 11:12:00,50.6,50.7,217,238
2024-08-08 11:14:00,50.8,50.7,216,237
2024-08-08 11:16:00,50.9,50.7,211,231
2024-08-08 11:18:00,51.1,51.1,213,232
2024-08-08 11:20:00,51.2,51.2,214,233
2024-08-08 11:22:00,51.1,51.1,212,233
2024-08-08 11:24:00,51.1,51.1,215,233
2024-08-08 11:26:00,50.9,50.9,214,233
2024-08-08 11:28:00,50.8,50.8,211,224
2024-08-08 11:30:00,50.5,50.7,210,224
2024-08-08 11:32:00,50.8,50.8,214,233
2024-08-08 11:34:00,51.0,51.0,211,231
2024-08-08 11:36:00,51.1,51.0,213,232
2024-08-08 11:38:00,50.8,50.8,208,231
2024-08-08 11:40:00,50.8,50.9,207,231
2024-08-08 11:42:00,50.7,50.6,204,228
2024-08-08 11:44:00,50.9,50.9,210,231
2024-08-08 11:46:00,50.8,50.8,209,230
2024-08-08 11:48:00,51.0,51.1,211,231
2024-08-08 11:50:00,50.9,50.9,211,230
2024-08-08 11:52:00,51.1,51.1,211,231
2024-08-08 11:54:00,50.9,50.9,210,230
2024-08-08 11:56:00,51.0,50.9,215,233
2024-08-08 11:58:00,50.8,50.7,213,234
2024-08-08 12:00:00,50.7,50.8,213,234
2024-08-08 12:02:00,50.7,50.7,214,233
2024-08-08 12:04:00,50.9,50.9,212,233
2024-08-08 12:06:00,50.9,50.8,212,233
2024-08-08 12:08:00,50.8,50.9,214,233
2024-08-08 12:10:00,50.9,50.8,213,233
2024-08-08 12:12:00,50.8,50.7,209,233
2024-08-08 12:14:00,50.8,50.7,216,236
2024-08-08 12:16:00,50.7,50.8,213,235
2024-08-08 12:18:00,50.8,50.8,211,233
2024-08-08 12:20:00,51.0,50.9,215,235
2024-08-08 12:22:00,51.0,51.0,213,234
2024-08-08 12:24:00,51.0,51.0,212,233
2024-08-08 12:26:00,50.8,50.7,214,234
2024-08-08 12:28:00,50.8,50.8,212,235
2024-08-08 12:30:00,50.6,50.7,215,237
2024-08-08 12:32:00,50.6,50.6,216,236
2024-08-08 12:34:00,50.6,50.7,211,235
2024-08-08 12:36:00,50.8,50.7,219,236
2024-08-08 12:38:00,50.6,50.6,214,234
2024-08-08 12:40:00,50.6,50.7,212,235
2024-08-08 12:42:00,50.6,50.6,213,236
2024-08-08 12:44:00,50.8,50.6,211,235
2024-08-08 12:46:00,50.9,50.9,212,235
2024-08-08 12:48:00,51.0,50.9,211,233
2024-08-08 12:50:00,50.7,50.7,213,234
2024-08-08 12:52:00,50.9,50.9,211,234
2024-08-08 12:54:00,50.9,50.9,210,233
2024-08-08 12:56:00,50.8,50.8,214,234
2024-08-08 12:58:00,50.9,50.8,212,235
2024-08-08 13:00:00,50.8,50.7,213,235
2024-08-08 13:02:00,50.9,50.9,216,236
2024-08-08 13:04:00,50.9,51.0,214,235
2024-08-08 13:06:00,50.8,50.9,216,236
2024-08-08 13:08:00,50.7,50.7,219,238
2024-08-08 13:10:00,50.8,50.8,216,236
2024-08-08 13:12:00,50.9,50.8,213,235
2024-08-08 13:14:00,50.7,50.7,212,232
2024-08-08 13:16:00,50.8,50.7,212,234
2024-08-08 13:18:00,50.8,50.9,213,235
2024-08-08 13:20:00,50.9,50.8,213,233
2024-08-08 13:22:00,50.7,50.8,212,233
2024-08-08 13:24:00,50.8,50.9,211,234
2024-08-08 13:26:00,50.6,50.7,212,233
2024-08-08 13:28:00,50.6,50.7,210,231
2024-08-08 13:30:00,50.6,50.6,208,230
2024-08-08 13:32:00,50.5,50.5,211,230
2024-08-08 13:34:00,50.7,50.6,211,231
2024-08-08 13:36:00,50.3,50.4,209,228
2024-08-08 13:38:00,50.5,50.5,215,230
2024-08-08 13:40:00,50.4,50.4,214,231
2024-08-08 13:42:00,50.5,50.5,212,231
2024-08-08 13:44:00,50.3,50.5,214,229
2024-08-08 13:46:00,50.7,50.7,214,231
2024-08-08 13:48:00,50.4,50.5,209,230
2024-08-08 13:50:00,50.5,50.6,215,231
2024-08-08 13:52:00,50.6,50.5,214,231
2024-08-08 13:54:00,50.4,50.4,214,235
2024-08-08 13:56:00,50.1,50.2,217,235
2024-08-08 13:58:00,50.1,50.2,212,232
2024-08-08 14:00:00,50.1,50.2,208,231
2024-08-08 14:02:00,50.4,50.4,190,189
2024-08-08 14:04:00,49.3,49.4,197,185
2024-08-08 14:06:00,49.2,49.3,196,187
2024-08-08 14:08:00,49.2,49.2,201,194
2024-08-08 14:10:00,49.1,49.1,200,194
2024-08-08 14:12:00,49.5,49.5,199,194
2024-08-08 14:14:00,49.7,49.8,199,181
2024-08-08 14:16:00,49.3,49.3,199,182
2024-08-08 14:18:00,49.4,49.4,199,187
2024-08-08 14:20:00,49.5,49.4,199,187
2024-08-08 14:22:00,49.1,49.1,196,188
2024-08-08 14:24:00,49.2,49.3,199,196
2024-08-08 14:26:00,49.4,49.4,198,193
2024-08-08 14:28:00,49.2,49.1,199,193
2024-08-08 14:30:00,49.2,49.2,197,192
2024-08-08 14:32:00,49.0,49.1,199,192
2024-08-08 14:34:00,49.1,49.2,197,190
2024-08-08 14:36:00,49.1,49.1,199,189
2024-08-08 14:38:00,49.3,49.3,197,187
2024-08-08 14:40:00,49.2,49.3,200,190
2024-08-08 14:42:00,49.7,49.7,196,189
2024-08-08 14:44:00,49.2,49.2,199,190
2024-08-08 14:46:00,50.1,50.2,199,204
2024-08-08 14:48:00,49.1,49.1,197,190
2024-08-08 14:50:00,49.3,49.2,194,190
2024-08-08 14:52:00,49.5,49.6,200,191
2024-08-08 14:54:00,49.1,49.1,197,191
2024-08-08 14:56:00,49.4,49.4,195,188
2024-08-08 14:58:00,49.6,49.7,197,182
2024-08-08 15:00:00,49.4,49.5,199,185
2024-08-08 15:02:00,50.4,50.4,197,201
2024-08-08 15:04:00,50.4,50.3,199,199
2024-08-08 15:06:00,50.5,50.5,197,199
2024-08-08 15:08:00,50.3,50.3,197,206
2024-08-08 15:10:00,50.4,50.4,196,204
2024-08-08 15:12:00,49.7,49.9,199,205
2024-08-08 15:14:00,50.0,50.0,196,203
2024-08-08 15:16:00,50.2,50.1,197,200
2024-08-08 15:18:00,50.1,50.1,197,201
2024-08-08 15:20:00,50.1,50.1,199,200
2024-08-08 15:22:00,50.0,49.9,198,195
2024-08-08 15:24:00,50.2,50.2,197,203
2024-08-08 15:26:00,49.3,49.3,196,190
2024-08-08 15:28:00,49.4,49.4,194,186
2024-08-08 15:30:00,49.5,49.4,193,184
2024-08-08 15:32:00,49.5,49.5,194,184
2024-08-08 15:34:00,49.4,49.4,194,192
2024-08-08 15:36:00,49.4,49.4,199,185
2024-08-08 15:38:00,49.5,49.5,197,182
2024-08-08 15:40:00,49.8,49.8,195,191
2024-08-08 15:42:00,49.5,49.5,198,193
2024-08-08 15:44:00,49.5,49.5,194,190
2024-08-08 15:46:00,49.9,49.8,196,195
2024-08-08 15:48:00,49.8,49.8,194,190
2024-08-08 15:50:00,49.5,49.6,199,195
2024-08-08 15:52:00,49.6,49.7,197,192
2024-08-08 15:54:00,49.4,49.5,195,190
2024-08-08 15:56:00,49.4,49.4,199,194
2024-08-08 15:58:00,49.5,49.5,196,195
2024-08-08 16:00:00,49.7,49.6,197,188
2024-08-08 16:02:00,49.3,49.2,194,182
2024-08-08 16:04:00,49.0,49.0,194,185
2024-08-08 16:06:00,49.3,49.3,197,190
2024-08-08 16:08:00,49.4,49.5,197,189
2024-08-08 16:10:00,49.2,49.2,198,187
2024-08-08 16:12:00,49.1,49.1,199,183
2024-08-08 16:14:00,49.6,49.6,201,186
2024-08-08 16:16:00,49.2,49.2,197,186
2024-08-08 16:18:00,49.2,49.2,198,182
2024-08-08 16:20:00,49.1,49.1,199,176
2024-08-08 16:22:00,49.1,49.1,194,185
2024-08-08 16:24:00,49.5,49.5,198,180
2024-08-08 16:26:00,49.3,49.3,194,180
2024-08-08 16:28:00,49.4,49.4,192,175
2024-08-08 16:30:00,49.4,49.4,196,185
2024-08-08 16:32:00,49.3,49.3,197,179
2024-08-08 16:34:00,49.2,49.1,196,183
2024-08-08 16:36:00,49.3,49.3,197,178
2024-08-08 16:38:00,49.6,49.7,195,188
2024-08-08 16:40:00,49.7,49.7,196,185
2024-08-08 16:42:00,49.8,49.9,196,186
2024-08-08 16:44:00,49.6,49.6,197,175
2024-08-08 16:46:00,49.7,49.6,193,181
2024-08-08 16:48:00,49.6,49.6,195,182
2024-08-08 16:50:00,49.5,49.5,198,180
2024-08-08 16:52:00,49.4,49.4,197,179
2024-08-08 16:54:00,49.6,49.6,194,184
2024-08-08 16:56:00,49.5,49.5,197,182
2024-08-08 16:58:00,49.3,49.3,195,186
2024-08-08 17:00:00,49.7,49.7,194,183
2024-08-08 17:02:00,49.5,49.5,197,179
2024-08-08 17:04:00,49.8,49.8,194,184
2024-08-08 17:06:00,49.5,49.5,197,182
2024-08-08 17:08:00,49.8,49.8,201,190
2024-08-08 17:10:00,49.8,49.8,198,187
2024-08-08 17:12:00,49.5,49.5,197,182
2024-08-08 17:14:00,49.8,49.7,197,177
2024-08-08 17:16:00,49.6,49.6,198,182
2024-08-08 17:18:00,49.6,49.6,197,178
2024-08-08 17:20:00,49.4,49.3,198,179
2024-08-08 17:22:00,49.3,49.3,200,183
2024-08-08 17:24:00,49.8,49.8,195,182
2024-08-08 17:26:00,49.5,49.5,198,180
2024-08-08 17:28:00,49.5,49.5,199,189
2024-08-08 17:30:00,49.4,49.4,199,187
2024-08-08 17:32:00,49.6,49.6,199,186
2024-08-08 17:34:00,49.9,50.0,198,187
2024-08-08 17:36:00,49.5,49.6,199,185
2024-08-08 17:38:00,49.7,49.7,196,188
2024-08-08 17:40:00,49.6,49.6,199,187
2024-08-08 17:42:00,49.6,49.6,199,183
2024-08-08 17:44:00,49.6,49.6,199,186
2024-08-08 17:46:00,49.4,49.4,202,185
2024-08-08 17:48:00,49.9,49.8,199,183
2024-08-08 17:50:00,49.5,49.6,200,187
2024-08-08 17:52:00,49.6,49.6,200,186
2024-08-08 17:54:00,49.6,49.7,200,185
2024-08-08 17:56:00,49.6,49.6,201,184
2024-08-08 17:58:00,49.5,49.5,197,182
2024-08-08 18:00:00,49.6,49.5,197,187
2024-08-08 18:02:00,49.6,49.5,199,182
2024-08-08 18:04:00,49.6,49.5,198,182
2024-08-08 18:06:00,49.8,49.8,197,183
2024-08-08 18:08:00,49.7,49.7,199,185
2024-08-08 18:10:00,49.4,49.4,197,183
2024-08-08 18:12:00,50.0,50.0,199,185
2024-08-08 18:14:00,49.6,49.6,202,185
2024-08-08 18:16:00,49.4,49.5,199,185
2024-08-08 18:18:00,49.5,49.5,200,190
2024-08-08 18:20:00,49.3,49.4,198,190
2024-08-08 18:22:00,48.7,48.9,197,188
2024-08-08 18:24:00,49.2,49.2,199,188
2024-08-08 18:26:00,49.2,49.2,196,182
2024-08-08 18:28:00,49.1,49.1,195,188
2024-08-08 18:30:00,49.0,49.0,194,190
2024-08-08 18:32:00,49.4,49.4,195,190
2024-08-08 18:34:00,49.4,49.4,201,194
2024-08-08 18:36:00,49.5,49.5,198,190
2024-08-08 18:38:00,49.2,49.2,195,186
2024-08-08 18:40:00,4926,4367,0,0
2024-08-08 18:42:00,9804,4926,0.707,0
2024-08-08 18:44:00,49.8,49.9,221,233
2024-08-08 18:46:00,50.1,50.1,221,234
2024-08-08 18:48:00,50.1,50.1,227,239
2024-08-08 18:50:00,50.7,50.6,225,238
2024-08-08 18:52:00,50.6,50.5,223,236
2024-08-08 18:54:00,50.5,50.6,224,236
2024-08-08 18:56:00,50.7,50.7,224,236
2024-08-08 18:58:00,50.7,50.7,222,235
2024-08-08 19:00:00,50.5,50.5,222,233
2024-08-08 19:02:00,50.5,50.5,222,234
2024-08-08 19:04:00,50.5,50.6,223,235
2024-08-08 19:06:00,50.8,50.8,226,238
2024-08-08 19:08:00,50.8,50.8,224,237
2024-08-08 19:10:00,50.7,50.8,223,229
2024-08-08 19:12:00,50.4,50.4,219,228
2024-08-08 19:14:00,50.5,50.5,219,228
2024-08-08 19:16:00,50.8,50.8,220,238
2024-08-08 19:18:00,51.0,51.0,223,240
2024-08-08 19:20:00,51.0,51.0,223,240
2024-08-08 19:22:00,50.9,50.9,221,239
2024-08-08 19:24:00,50.9,50.8,221,238
2024-08-08 19:26:00,50.6,50.5,221,238
2024-08-08 19:28:00,50.3,50.2,219,238
2024-08-08 19:30:00,50.3,50.3,224,240
2024-08-08 19:32:00,50.3,50.4,223,239
2024-08-08 19:34:00,50.4,50.4,221,238
2024-08-08 19:36:00,50.3,50.4,223,239
2024-08-08 19:38:00,50.3,50.3,221,237
2024-08-08 19:40:00,50.2,50.3,220,237
2024-08-08 19:42:00,50.1,50.2,221,237
2024-08-08 19:44:00,50.2,50.1,221,236
2024-08-08 19:46:00,50.2,50.1,219,236
2024-08-08 19:48:00,50.3,50.2,222,238
2024-08-08 19:50:00,50.2,50.3,223,238
2024-08-08 19:52:00,50.4,50.3,221,239
2024-08-08 19:54:00,50.2,50.3,222,237
2024-08-08 19:56:00,50.3,50.3,223,238
2024-08-08 19:58:00,50.1,50.1,219,236
2024-08-08 20:00:00,50.4,50.5,228,239
2024-08-08 20:02:00,50.1,50.1,228,240
2024-08-08 20:04:00,49.8,50.0,219,238
2024-08-08 20:06:00,50.0,50.0,221,238
2024-08-08 20:08:00,49.9,49.9,221,237
2024-08-08 20:10:00,49.9,49.9,220,238
2024-08-08 20:12:00,49.7,49.8,219,236
2024-08-08 20:14:00,49.8,49.9,219,235
2024-08-08 20:16:00,49.9,49.8,216,235
2024-08-08 20:18:00,9804,52.9,0.707,240
2024-08-08 20:20:00,49.1,49.1,193,187
2024-08-08 20:22:00,49.2,49.2,195,188
2024-08-08 20:24:00,49.7,49.7,193,188
2024-08-08 20:26:00,49.6,49.7,192,185
2024-08-08 20:28:00,49.5,49.5,194,186
2024-08-08 20:30:00,49.7,49.7,198,195
2024-08-08 20:32:00,49.8,49.9,197,195
2024-08-08 20:34:00,49.5,49.5,195,194
2024-08-08 20:36:00,49.6,49.6,195,196
2024-08-08 20:38:00,49.5,49.5,195,194
2024-08-08 20:40:00,49.5,49.5,192,192
2024-08-08 20:42:00,49.3,49.3,192,190
2024-08-08 20:44:00,49.6,49.6,197,192
2024-08-08 20:46:00,49.6,49.6,197,196
2024-08-08 20:48:00,49.2,49.3,194,195
2024-08-08 20:50:00,49.5,49.5,194,195
2024-08-08 20:52:00,49.5,49.5,192,194
2024-08-08 20:54:00,49.5,49.5,194,196
2024-08-08 20:56:00,49.5,49.6,194,194
2024-08-08 20:58:00,49.4,49.4,199,197
2024-08-08 21:00:00,49.5,49.5,199,196
2024-08-08 21:02:00,49.3,49.3,202,204
2024-08-08 21:04:00,49.6,49.6,199,202
2024-08-08 21:06:00,49.4,49.4,197,198
2024-08-08 21:08:00,49.2,49.3,199,198
2024-08-08 21:10:00,49.6,49.6,199,198
2024-08-08 21:12:00,49.3,49.3,198,197
2024-08-08 21:14:00,49.6,49.6,200,199
2024-08-08 21:16:00,49.3,49.3,197,197
2024-08-08 21:18:00,49.7,49.7,200,200
2024-08-08 21:20:00,49.6,49.6,199,196
2024-08-08 21:22:00,49.7,49.7,199,196
2024-08-08 21:24:00,49.5,49.6,199,199
2024-08-08 21:26:00,49.5,49.5,200,202
2024-08-08 21:28:00,49.5,49.5,195,198
2024-08-08 21:30:00,49.3,49.3,199,199
2024-08-08 21:32:00,49.3,49.3,199,199
2024-08-08 21:34:00,49.6,49.6,197,198
2024-08-08 21:36:00,49.1,49.1,199,200
2024-08-08 21:38:00,49.4,49.4,199,200
2024-08-08 21:40:00,49.4,49.4,199,200
2024-08-08 21:42:00,49.3,49.3,200,201
2024-08-08 21:44:00,49.2,49.3,202,201
2024-08-08 21:46:00,49.1,49.2,202,202
2024-08-08 21:48:00,49.4,49.4,202,204
2024-08-08 21:50:00,49.4,49.4,202,204
2024-08-08 21:52:00,49.6,49.6,203,204
2024-08-08 21:54:00,49.4,49.3,203,204
2024-08-08 21:56:00,49.3,49.2,202,204
2024-08-08 21:58:00,49.4,49.4,197,199
2024-08-08 22:00:00,49.7,49.7,202,201
2024-08-08 22:02:00,49.5,49.5,202,202
2024-08-08 22:04:00,49.3,49.3,202,202
2024-08-08 22:06:00,49.6,49.7,204,204
2024-08-08 22:08:00,49.6,49.7,200,204
2024-08-08 22:10:00,49.7,49.8,203,206
2024-08-08 22:12:00,49.6,49.5,197,204
2024-08-08 22:14:00,49.5,49.5,203,204
2024-08-08 22:16:00,49.6,49.7,203,205
2024-08-08 22:18:00,49.7,49.7,198,201
2024-08-08 22:20:00,49.6,49.6,198,200
2024-08-08 22:22:00,49.8,49.9,204,210
2024-08-08 22:24:00,49.8,49.8,201,210
2024-08-08 22:26:00,49.7,49.7,203,212
2024-08-08 22:28:00,49.6,49.5,203,213
2024-08-08 22:30:00,49.8,49.8,203,213
2024-08-08 22:32:00,49.7,49.7,203,213
2024-08-08 22:34:00,49.5,49.5,204,213
2024-08-08 22:36:00,49.4,49.4,204,214
2024-08-08 22:38:00,49.7,49.7,204,214
2024-08-08 22:40:00,49.7,49.7,204,214
2024-08-08 22:42:00,49.8,49.8,204,216
2024-08-08 22:44:00,49.6,49.6,205,216
2024-08-08 22:46:00,49.6,49.7,206,216
2024-08-08 22:48:00,49.7,49.7,206,216
2024-08-08 22:50:00,49.7,49.6,205,216
2024-08-08 22:52:00,49.7,49.7,204,216
2024-08-08 22:54:00,49.5,49.4,204,217
2024-08-08 22:56:00,49.6,49.6,207,219
2024-08-08 22:58:00,49.6,49.7,204,216
2024-08-08 23:00:00,49.9,49.9,202,215
2024-08-08 23:02:00,49.7,49.8,203,213
2024-08-08 23:04:00,49.8,49.8,203,214
2024-08-08 23:06:00,49.9,49.9,207,216
2024-08-08 23:08:00,49.9,49.9,207,219
2024-08-08 23:10:00,49.8,49.9,207,219
2024-08-08 23:12:00,49.9,49.9,205,216
2024-08-08 23:14:00,50.0,50.0,207,219
2024-08-08 23:16:00,50.0,50,204,216
2024-08-08 23:18:00,49.8,49.8,207,219
2024-08-08 23:20:00,50.1,50.1,207,219
2024-08-08 23:22:00,49.8,49.8,207,219
2024-08-08 23:24:00,50.1,50.0,207,219
2024-08-08 23:26:00,49.7,49.7,203,215
2024-08-08 23:28:00,49.8,49.9,206,219
2024-08-08 23:30:00,49.9,49.8,207,219
2024-08-08 23:32:00,49.7,49.7,206,219
2024-08-08 23:34:00,49.6,49.6,207,219
2024-08-08 23:36:00,49.9,49.9,207,220
2024-08-08 23:38:00,49.8,49.7,205,219
2024-08-08 23:40:00,50.0,50.0,207,220
2024-08-08 23:42:00,49.8,49.7,207,220
2024-08-08 23:44:00,49.7,49.7,205,220
2024-08-08 23:46:00,49.7,49.7,207,221
2024-08-08 23:48:00,49.8,49.8,208,222
2024-08-08 23:50:00,49.7,49.7,207,221
2024-08-08 23:52:00,50.0,50.0,209,223
2024-08-08 23:54:00,50.0,50.0,207,221
2024-08-08 23:56:00,50.0,50.0,209,223
2024-08-08 23:58:00,50.0,50.1,209,223
2024-08-09 00:00:00,49.8,49.8,207,223
2024-08-09 00:02:00,50.0,50.0,206,221
2024-08-09 00:04:00,49.9,49.9,206,219
2024-08-09 00:06:00,50.0,50.0,208,221
2024-08-09 00:08:00,50.0,50.0,206,219
2024-08-09 00:10:00,50.1,50.0,206,220
2024-08-09 00:12:00,50.2,50.2,209,224
2024-08-09 00:14:00,49.9,49.9,205,221
2024-08-09 00:16:00,49.9,49.9,209,224
2024-08-09 00:18:00,50.1,50.1,209,224
2024-08-09 00:20:00,49.9,49.9,207,221
2024-08-09 00:22:00,50.0,50.1,207,222
2024-08-09 00:24:00,50.1,50.1,207,220
2024-08-09 00:26:00,50.2,50.3,209,223
2024-08-09 00:28:00,50.1,50.1,208,223
2024-08-09 00:30:00,50.0,49.9,207,221
2024-08-09 00:32:00,49.8,49.8,209,223
2024-08-09 00:34:00,50.1,50.0,205,220
2024-08-09 00:36:00,49.9,49.9,209,224
2024-08-09 00:38:00,50.1,50.0,209,224
2024-08-09 00:40:00,49.7,49.7,209,224
2024-08-09 00:42:00,50.1,50.1,209,224
2024-08-09 00:44:00,49.8,49.8,207,222
2024-08-09 00:46:00,49.6,49.6,208,223
2024-08-09 00:48:00,50.0,50.0,208,224
2024-08-09 00:50:00,49.8,49.8,205,222
2024-08-09 00:52:00,50.2,50.2,210,226
2024-08-09 00:54:00,50.1,50.1,209,226
2024-08-09 00:56:00,50.0,50.0,208,225
2024-08-09 00:58:00,50.2,50.1,208,225
2024-08-09 01:00:00,50.2,50.2,206,222
2024-08-09 01:02:00,50.0,50.0,209,224
2024-08-09 01:04:00,49.9,49.9,208,223
2024-08-09 01:06:00,50.2,50.3,207,223
2024-08-09 01:08:00,50.0,50.0,210,226
2024-08-09 01:10:00,50.2,50.2,209,225
2024-08-09 01:12:00,50.2,50.2,209,225
2024-08-09 01:14:00,50.4,50.4,210,225
2024-08-09 01:16:00,50.0,50.0,210,225
2024-08-09 01:18:00,50.2,50.1,210,227
2024-08-09 01:20:00,49.9,49.9,209,227
2024-08-09 01:22:00,50.0,49.9,207,225
2024-08-09 01:24:00,50.2,50.2,210,228
2024-08-09 01:26:00,50.0,49.9,209,226
2024-08-09 01:28:00,50.1,50.1,211,228
2024-08-09 01:30:00,50.1,50.0,209,226
2024-08-09 01:32:00,50.1,50.0,207,224
2024-08-09 01:34:00,50.2,50.2,209,226
2024-08-09 01:36:00,50.1,50.1,209,226
2024-08-09 01:38:00,50.1,50.0,209,226
2024-08-09 01:40:00,50.1,50.2,209,226
2024-08-09 01:42:00,50.2,50.1,207,224
2024-08-09 01:44:00,50.1,50.1,210,227
2024-08-09 01:46:00,50.0,50.0,209,226
2024-08-09 01:48:00,50.0,50.0,209,226
2024-08-09 01:50:00,50.2,50.1,213,229
2024-08-09 01:52:00,50.2,50.2,211,226
2024-08-09 01:54:00,49.9,49.9,211,228
2024-08-09 01:56:00,50.1,50.1,209,226
2024-08-09 01:58:00,49.8,49.8,209,226
2024-08-09 02:00:00,50.0,49.9,210,227
2024-08-09 02:02:00,50.1,50.2,211,228
2024-08-09 02:04:00,50.1,50.0,211,228
2024-08-09 02:06:00,50.1,50.1,211,228
2024-08-09 02:08:00,50.3,50.3,211,229
2024-08-09 02:10:00,50.1,50.2,211,228
2024-08-09 02:12:00,50.2,50.2,210,228
2024-08-09 02:14:00,50.1,50.1,210,228
2024-08-09 02:16:00,50.2,50.1,209,227
2024-08-09 02:18:00,50.2,50.1,211,228
2024-08-09 02:20:00,50.1,50.2,211,229
2024-08-09 02:22:00,50.3,50.3,209,227
2024-08-09 02:24:00,50.2,50.1,211,228
2024-08-09 02:26:00,50.3,50.3,210,228
2024-08-09 02:28:00,50.3,50.3,211,228
2024-08-09 02:30:00,50.2,50.2,211,228
2024-08-09 02:32:00,50.3,50.2,211,229
2024-08-09 02:34:00,50.1,50.1,211,229
2024-08-09 02:36:00,50.2,50.2,209,227
2024-08-09 02:38:00,50.1,50.2,211,229
2024-08-09 02:40:00,50.0,50.1,211,229
2024-08-09 02:42:00,50.1,50.2,209,227
2024-08-09 02:44:00,50.0,50.0,210,228
2024-08-09 02:46:00,50.0,50.0,210,229
2024-08-09 02:48:00,50.0,50.0,209,228
2024-08-09 02:50:00,50.0,50.0,210,229
2024-08-09 02:52:00,50.1,50.1,208,226
2024-08-09 02:54:00,50.2,50.2,207,225
2024-08-09 02:56:00,49.8,49.8,207,223
2024-08-09 02:58:00,50.1,50.1,209,224
2024-08-09 03:00:00,50.1,50.1,210,225
2024-08-09 03:02:00,50.0,50.1,212,228
2024-08-09 03:04:00,50.3,50.3,211,228
2024-08-09 03:06:00,50.1,50.0,211,228
2024-08-09 03:08:00,50.3,50.3,212,228
2024-08-09 03:10:00,50.2,50.2,212,229
2024-08-09 03:12:00,50.1,50.1,211,228
2024-08-09 03:14:00,50.4,50.4,212,230
2024-08-09 03:16:00,50.3,50.3,212,230
2024-08-09 03:18:00,50.4,50.3,212,231
2024-08-09 03:20:00,50.2,50.2,212,231
2024-08-09 03:22:00,50.0,50.0,211,229
2024-08-09 03:24:00,50.0,50.0,211,229
2024-08-09 03:26:00,50.2,50.2,209,228
2024-08-09 03:28:00,50.1,50.1,210,229
2024-08-09 03:30:00,50.2,50.1,210,229
2024-08-09 03:32:00,50.0,50.0,211,231
2024-08-09 03:34:00,50.1,50.1,212,231
2024-08-09 03:36:00,50.1,50.1,211,228
2024-08-09 03:38:00,49.9,49.9,210,228
2024-08-09 03:40:00,50.2,50.1,211,229
2024-08-09 03:42:00,50.1,50.1,212,230
2024-08-09 03:44:00,49.8,49.9,211,230
2024-08-09 03:46:00,50.0,50.0,212,230
2024-08-09 03:48:00,49.9,49.9,213,231
2024-08-09 03:50:00,50.2,50.2,211,231
2024-08-09 03:52:00,49.6,49.7,211,231
2024-08-09 03:54:00,49.8,49.9,207,228
2024-08-09 03:56:00,50.4,50.4,212,233
2024-08-09 03:58:00,50.3,50.3,212,233
2024-08-09 04:00:00,50.2,50.2,210,231
2024-08-09 04:02:00,50.4,50.4,212,232
2024-08-09 04:04:00,50.1,50.0,211,231
2024-08-09 04:06:00,50.3,50.3,211,231
2024-08-09 04:08:00,50.5,50.5,211,231
2024-08-09 04:10:00,50.2,50.2,211,230
2024-08-09 04:12:00,49.9,49.9,211,229
2024-08-09 04:14:00,50.1,50.0,211,231
2024-08-09 04:16:00,50.3,50.3,212,231
2024-08-09 04:18:00,50.4,50.4,211,230
2024-08-09 04:20:00,50.3,50.3,214,231
2024-08-09 04:22:00,50.3,50.2,214,231
2024-08-09 04:24:00,50.2,50.2,212,231
2024-08-09 04:26:00,50.1,50.0,212,231
2024-08-09 04:28:00,50.0,49.9,211,231
2024-08-09 04:30:00,50.1,50.1,212,231
2024-08-09 04:32:00,50.2,50.3,212,231
2024-08-09 04:34:00,50.4,50.3,214,233
2024-08-09 04:36:00,50.3,50.4,209,230
2024-08-09 04:38:00,50.3,50.2,211,231
2024-08-09 04:40:00,50.0,50,211,231
2024-08-09 04:42:00,50.2,50.2,211,231
2024-08-09 04:44:00,50.0,50.0,210,231
2024-08-09 04:46:00,50.1,50.1,212,231
2024-08-09 04:48:00,50.1,50.2,212,231
2024-08-09 04:50:00,50.0,50.0,211,231
2024-08-09 04:52:00,50.1,50.1,211,232
2024-08-09 04:54:00,50,50.1,211,232
2024-08-09 04:56:00,50.0,50.0,211,232
2024-08-09 04:58:00,49.9,49.9,211,231
2024-08-09 05:00:00,49.9,49.9,211,232
2024-08-09 05:02:00,49.9,49.9,211,232
2024-08-09 05:04:00,49.8,49.8,208,229
2024-08-09 05:06:00,49.9,49.9,211,232
2024-08-09 05:08:00,49.8,49.8,211,233
2024-08-09 05:10:00,50.0,50.0,211,232
2024-08-09 05:12:00,50.0,50.0,209,231
2024-08-09 05:14:00,49.8,49.9,207,229
2024-08-09 05:16:00,49.9,49.9,210,232
2024-08-09 05:18:00,50.1,50.1,211,232
2024-08-09 05:20:00,49.8,49.9,209,231
2024-08-09 05:22:00,50,50.0,211,231
2024-08-09 05:24:00,49.8,49.8,209,230
2024-08-09 05:26:00,50.0,49.9,211,231
2024-08-09 05:28:00,49.9,49.9,210,231
2024-08-09 05:30:00,50.0,49.9,211,231
2024-08-09 05:32:00,49.7,49.8,210,231
2024-08-09 05:34:00,49.8,49.8,210,231
2024-08-09 05:36:00,49.8,49.9,209,229
2024-08-09 05:38:00,50.1,50.0,209,229
2024-08-09 05:40:00,49.9,49.9,207,226
2024-08-09 05:42:00,50.0,50.0,209,226
2024-08-09 05:44:00,50.0,50.0,209,227
2024-08-09 05:46:00,49.9,49.9,209,226
2024-08-09 05:48:00,49.9,49.9,209,227
2024-08-09 05:50:00,50.1,50.1,210,228
2024-08-09 05:52:00,49.9,49.9,211,229
2024-08-09 05:54:00,49.8,49.8,210,228
2024-08-09 05:56:00,49.8,49.8,209,228
2024-08-09 05:58:00,49.8,49.8,210,228
2024-08-09 06:00:00,49.9,49.9,208,215
2024-08-09 06:02:00,49.9,49.8,211,219
2024-08-09 06:04:00,49.8,49.8,209,217
2024-08-09 06:06:00,49.8,49.8,209,227
2024-08-09 06:08:00,49.8,49.8,211,228
2024-08-09 06:10:00,49.9,49.9,210,228
2024-08-09 06:12:00,49.9,49.9,209,226
2024-08-09 06:14:00,49.7,49.8,210,231
2024-08-09 06:16:00,49.9,50.0,209,230
2024-08-09 06:18:00,49.7,49.7,208,215
2024-08-09 06:20:00,49.8,49.8,209,227
2024-08-09 06:22:00,49.9,50.0,204,225
2024-08-09 06:24:00,49.7,49.6,205,223
2024-08-09 06:26:00,49.9,49.8,207,226
2024-08-09 06:28:00,49.8,49.8,206,226
2024-08-09 06:30:00,50.0,50.0,204,224
2024-08-09 06:32:00,50.1,50.1,206,224
2024-08-09 06:34:00,50.0,50.0,205,225
2024-08-09 06:36:00,50.0,49.9,207,225
2024-08-09 06:38:00,50.0,50.0,204,221
2024-08-09 06:40:00,50.1,50.1,204,221
2024-08-09 06:42:00,50.0,50.0,208,222
2024-08-09 06:44:00,49.8,49.8,207,222
2024-08-09 06:46:00,49.8,49.8,207,219
2024-08-09 06:48:00,49.9,49.8,208,221
2024-08-09 06:50:00,49.6,49.6,203,214
2024-08-09 06:52:00,49.7,49.7,204,206
2024-08-09 06:54:00,49.9,49.9,207,202
2024-08-09 06:56:00,49.9,49.9,204,204
2024-08-09 06:58:00,49.9,49.8,208,216
2024-08-09 07:00:00,50.0,50.0,207,222
2024-08-09 07:02:00,50.0,50.0,204,214
2024-08-09 07:04:00,49.9,49.9,204,216
2024-08-09 07:06:00,50.0,50.0,204,216
2024-08-09 07:08:00,49.7,49.8,204,214
2024-08-09 07:10:00,49.6,49.6,204,212
2024-08-09 07:12:00,49.6,49.7,206,219
2024-08-09 07:14:00,49.7,49.7,207,221
2024-08-09 07:16:00,50.0,50.0,207,213
2024-08-09 07:18:00,49.8,49.7,206,216
2024-08-09 07:20:00,49.5,49.5,203,209
2024-08-09 07:22:00,49.7,49.6,206,218
2024-08-09 07:24:00,49.5,49.5,202,212
2024-08-09 07:26:00,49.6,49.6,209,213
2024-08-09 07:28:00,49.7,49.7,206,210
2024-08-09 07:30:00,49.5,49.5,204,207
2024-08-09 07:32:00,49.5,49.5,206,211
2024-08-09 07:34:00,49.6,49.6,200,204
2024-08-09 07:36:00,49.6,49.6,202,204
2024-08-09 07:38:00,49.6,49.6,204,210
2024-08-09 07:40:00,49.3,49.3,204,207
2024-08-09 07:42:00,49.3,49.3,202,209
2024-08-09 07:44:00,49.7,49.6,204,207
2024-08-09 07:46:00,49.7,49.7,204,207
2024-08-09 07:48:00,49.5,49.5,201,199
2024-08-09 07:50:00,49.8,49.8,204,204
2024-08-09 07:52:00,49.7,49.7,204,209
2024-08-09 07:54:00,49.6,49.7,207,213
2024-08-09 07:56:00,49.5,49.5,207,215
2024-08-09 07:58:00,5618,5618,83.5,94.1
2024-08-09 08:00:00,2801,2809,0,0
2024-08-09 08:02:00,5618,562,0,0
2024-08-09 08:04:00,49.2,49.2,202,215
2024-08-09 08:06:00,49.9,49.8,207,216
2024-08-09 08:08:00,49.9,49.9,204,219
2024-08-09 08:10:00,49.6,49.6,204,209
2024-08-09 08:12:00,49.7,49.7,204,210
2024-08-09 08:14:00,49.6,49.6,199,199
2024-08-09 08:16:00,49.4,49.4,202,198
2024-08-09 08:18:00,49.3,49.3,197,197
2024-08-09 08:20:00,49.4,49.4,199,193
2024-08-09 08:22:00,49.6,49.7,197,201
2024-08-09 08:24:00,49.7,49.7,202,200
2024-08-09 08:26:00,49.5,49.4,201,199
2024-08-09 08:28:00,49.6,49.6,204,197
2024-08-09 08:30:00,49.6,49.7,199,200
2024-08-09 08:32:00,49.5,49.6,202,204
2024-08-09 08:34:00,49.5,49.5,202,207
2024-08-09 08:36:00,49.6,49.7,207,207
2024-08-09 08:38:00,49.4,49.5,198,204
2024-08-09 08:40:00,49.4,49.4,202,197
2024-08-09 08:42:00,49.3,49.3,198,201
2024-08-09 08:44:00,49.3,49.3,202,209
2024-08-09 08:46:00,49.5,49.4,202,205
2024-08-09 08:48:00,49.4,49.4,202,204
2024-08-09 08:50:00,49.5,49.5,202,202
2024-08-09 08:52:00,49.8,49.8,201,197
2024-08-09 08:54:00,49.6,49.6,198,197
2024-08-09 08:56:00,49.3,49.3,194,191
2024-08-09 08:58:00,49.5,49.5,194,184
2024-08-09 09:00:00,49.3,49.4,198,190
2024-08-09 09:02:00,49.4,49.4,194,187
2024-08-09 09:04:00,49.1,49.1,196,190
2024-08-09 09:06:00,49.2,49.2,200,192
2024-08-09 09:08:00,49.0,49.0,199,187
2024-08-09 09:10:00,49.3,49.2,199,190
2024-08-09 09:12:00,49.0,49.1,200,180
2024-08-09 09:14:00,52.0,51.9,217,227
2024-08-09 09:16:00,52.2,52.2,216,226
2024-08-09 09:18:00,51.4,51.5,216,231
2024-08-09 09:20:00,51.7,51.6,215,226
2024-08-09 09:22:00,51.4,51.3,214,225
2024-08-09 09:24:00,51.6,51.4,219,230
2024-08-09 09:26:00,52.3,51.9,218,229
2024-08-09 09:28:00,52.6,52.6,217,229
2024-08-09 09:30:00,51.3,51.4,209,226
2024-08-09 09:32:00,51.6,51.7,219,233
2024-08-09 09:34:00,52.1,52.2,216,232
2024-08-09 09:36:00,52.2,52.1,216,231
2024-08-09 09:38:00,52.1,52.2,215,230
2024-08-09 09:40:00,52.3,52.3,217,232
2024-08-09 09:42:00,51.9,52.0,217,231
2024-08-09 09:44:00,51.3,51.3,204,226
2024-08-09 09:46:00,51.3,51.2,211,228
2024-08-09 09:48:00,51.4,51.5,218,230
2024-08-09 09:50:00,51.0,51.3,212,228
2024-08-09 09:52:00,51.3,51.1,211,225
2024-08-09 09:54:00,51.1,51.2,209,225
2024-08-09 09:56:00,51.6,51.5,216,228
2024-08-09 09:58:00,51.4,51.6,217,229
2024-08-09 10:00:00,51.2,51.1,214,226
2024-08-09 10:02:00,51.8,52.0,218,231
2024-08-09 10:04:00,51.5,51.5,216,226
2024-08-09 10:06:00,51.5,51.4,219,230
2024-08-09 10:08:00,52.1,51.9,219,230
2024-08-09 10:10:00,51.3,51.5,214,230
2024-08-09 10:12:00,51.3,51.3,211,228
2024-08-09 10:14:00,51.3,51.4,214,231
2024-08-09 10:16:00,51.2,51.4,216,231
2024-08-09 10:18:00,51.2,51.2,216,233
2024-08-09 10:20:00,50.9,51.0,217,235
2024-08-09 10:22:00,51.0,51.0,208,227
2024-08-09 10:24:00,51.0,51.1,208,228
2024-08-09 10:26:00,51.4,51.7,214,229
2024-08-09 10:28:00,52.1,52.2,218,231
2024-08-09 10:30:00,51.9,51.9,215,230
2024-08-09 10:32:00,51.4,51.5,216,228
2024-08-09 10:34:00,51.4,51.3,213,227
2024-08-09 10:36:00,51.7,51.5,214,228
2024-08-09 10:38:00,51.9,52.1,219,233
2024-08-09 10:40:00,51.5,51.4,218,233
2024-08-09 10:42:00,51.3,51.4,211,231
2024-08-09 10:44:00,51.4,51.4,212,231
2024-08-09 10:46:00,51.3,51.3,212,231
2024-08-09 10:48:00,51.3,51.4,211,230
2024-08-09 10:50:00,50.9,50.9,214,230
2024-08-09 10:52:00,51.0,50.9,212,229
2024-08-09 10:54:00,51.2,51.1,217,232
2024-08-09 10:56:00,51.1,51.0,214,230
2024-08-09 10:58:00,51.1,51.1,212,228
2024-08-09 11:00:00,51.1,51.2,218,232
2024-08-09 11:02:00,51.1,51.1,219,233
2024-08-09 11:04:00,50.9,50.9,216,231
2024-08-09 11:06:00,51.1,51.1,219,233
2024-08-09 11:08:00,51.1,51.1,218,232
2024-08-09 11:10:00,51.1,51.1,216,232
2024-08-09 11:12:00,51.1,51.2,216,231
2024-08-09 11:14:00,51.3,51.2,215,229
2024-08-09 11:16:00,51.3,51.3,214,229
2024-08-09 11:18:00,51.3,51.2,216,231
2024-08-09 11:20:00,51.3,51.2,216,231
2024-08-09 11:22:00,51.1,51.1,214,229
2024-08-09 11:24:00,51.1,51.2,218,233
2024-08-09 11:26:00,51.3,51.3,216,230
2024-08-09 11:28:00,49.4,49.4,196,163
2024-08-09 11:30:00,49.4,49.4,196,175
2024-08-09 11:32:00,49.3,49.3,199,165
2024-08-09 11:34:00,49.5,49.5,197,177
2024-08-09 11:36:00,49.0,49.0,197,167
2024-08-09 11:38:00,49.0,49.1,194,161
2024-08-09 11:40:00,51.5,51.3,218,231
2024-08-09 11:42:00,51.3,51.2,216,232
2024-08-09 11:44:00,51.4,51.4,216,233
2024-08-09 11:46:00,51.4,51.3,216,231
2024-08-09 11:48:00,51.3,51.2,212,230
2024-08-09 11:50:00,51.2,51.2,209,219
2024-08-09 11:52:00,51.3,51.3,217,231
2024-08-09 11:54:00,51.2,51.2,215,231
2024-08-09 11:56:00,51.3,51.3,214,228
2024-08-09 11:58:00,51.3,51.1,217,231
2024-08-09 12:00:00,51.3,51.3,214,229
2024-08-09 12:02:00,51.0,51.0,215,230
2024-08-09 12:04:00,51.1,51.1,211,226
2024-08-09 12:06:00,51.1,51.2,214,229
2024-08-09 12:08:00,51.1,50.9,212,227
2024-08-09 12:10:00,51.2,51.2,212,226
2024-08-09 12:12:00,51.3,51.4,213,229
2024-08-09 12:14:00,51.3,51.3,214,229
2024-08-09 12:16:00,51.5,51.5,216,230
2024-08-09 12:18:00,51.4,51.4,208,228
2024-08-09 12:20:00,51.4,51.5,213,229
2024-08-09 12:22:00,51.3,51.4,212,231
2024-08-09 12:24:00,51.3,51.3,214,230
2024-08-09 12:26:00,51.6,51.5,218,232
2024-08-09 12:28:00,51.5,51.4,216,231
2024-08-09 12:30:00,51.4,51.4,215,232
2024-08-09 12:32:00,51.4,51.5,216,230
2024-08-09 12:34:00,51.9,51.8,219,233
2024-08-09 12:36:00,51.7,51.7,218,232
2024-08-09 12:38:00,51.9,51.9,219,233
2024-08-09 12:40:00,51.5,51.5,211,231
2024-08-09 12:42:00,51.4,51.4,209,230
2024-08-09 12:44:00,51.4,51.5,209,229
2024-08-09 12:46:00,51.4,51.4,209,230
2024-08-09 12:48:00,51.6,51.5,216,232
2024-08-09 12:50:00,51.7,51.5,214,229
2024-08-09 12:52:00,51.6,51.6,213,228
2024-08-09 12:54:00,52.0,52.0,215,230
2024-08-09 12:56:00,51.8,51.7,215,228
2024-08-09 12:58:00,51.8,51.8,219,233
2024-08-09 13:00:00,51.6,51.5,211,230
2024-08-09 13:02:00,51.5,51.6,217,233
2024-08-09 13:04:00,51.3,51.4,219,233
2024-08-09 13:06:00,51.2,51.2,218,234
2024-08-09 13:08:00,51.3,51.3,212,229
2024-08-09 13:10:00,51.7,51.6,216,234
2024-08-09 13:12:00,51.5,51.5,218,235
2024-08-09 13:14:00,51.5,51.5,216,233
2024-08-09 13:16:00,51.4,51.3,217,233
2024-08-09 13:18:00,51.5,51.4,220,235
2024-08-09 13:20:00,51.5,51.5,219,234
2024-08-09 13:22:00,51.3,51.4,218,234
2024-08-09 13:24:00,51.5,51.4,219,234
2024-08-09 13:26:00,51.3,51.4,217,233
2024-08-09 13:28:00,51.4,51.3,216,233
2024-08-09 13:30:00,51.4,51.3,220,235
2024-08-09 13:32:00,51.2,51.2,217,235
2024-08-09 13:34:00,51.2,51.4,217,236
2024-08-09 13:36:00,51.4,51.4,219,233
2024-08-09 13:38:00,51.5,51.4,217,233
2024-08-09 13:40:00,51.3,51.2,214,231
2024-08-09 13:42:00,51.0,50.9,218,233
2024-08-09 13:44:00,51.0,51.0,219,233
2024-08-09 13:46:00,50.8,50.9,210,228
2024-08-09 13:48:00,50.8,50.8,214,231
2024-08-09 13:50:00,51.0,51.0,214,231
2024-08-09 13:52:00,50.9,51.0,215,231
2024-08-09 13:54:00,51.1,51.2,217,233
2024-08-09 13:56:00,51.2,51.2,220,234
2024-08-09 13:58:00,51.1,51.1,216,233
2024-08-09 14:00:00,51.2,51.1,217,233
2024-08-09 14:02:00,51.1,51.1,217,232
2024-08-09 14:04:00,51.1,51.0,212,230
2024-08-09 14:06:00,51.2,51.0,216,233
2024-08-09 14:08:00,51.1,51.1,219,233
2024-08-09 14:10:00,51.0,51.0,214,231
2024-08-09 14:12:00,51.2,51.3,216,233
2024-08-09 14:14:00,51.1,51.1,218,233
2024-08-09 14:16:00,51.2,51.2,217,233
2024-08-09 14:18:00,51.1,51.2,216,233
2024-08-09 14:20:00,51.2,51.2,220,235
2024-08-09 14:22:00,51.1,51.2,219,235
2024-08-09 14:24:00,51.2,51.3,216,233
2024-08-09 14:26:00,51.2,51.1,217,233
2024-08-09 14:28:00,51.1,51.1,215,232
2024-08-09 14:30:00,51.1,51.1,216,233
2024-08-09 14:32:00,51.1,51.0,217,233
2024-08-09 14:34:00,50.9,50.9,215,233
2024-08-09 14:36:00,51.0,51.1,217,236
2024-08-09 14:38:00,51.1,51.1,218,233
2024-08-09 14:40:00,51.1,50.9,215,233
2024-08-09 14:42:00,51.0,51.0,218,236
2024-08-09 14:44:00,51.0,50.9,216,233
2024-08-09 14:46:00,51.0,51.0,217,236
2024-08-09 14:48:00,51.0,51.1,216,233
2024-08-09 14:50:00,50.9,50.9,219,235
2024-08-09 14:52:00,50.9,50.8,213,232
2024-08-09 14:54:00,50.8,50.8,213,230
2024-08-09 14:56:00,51.1,51.1,219,236
2024-08-09 14:58:00,50.7,50.9,214,233
2024-08-09 15:00:00,51.0,51.0,215,233
2024-08-09 15:02:00,51.1,51.2,219,236
2024-08-09 15:04:00,51.2,51.2,217,235
2024-08-09 15:06:00,51.1,51.1,215,234
2024-08-09 15:08:00,51.2,51.3,219,236
2024-08-09 15:10:00,51.2,51.1,216,236
2024-08-09 15:12:00,51.1,51.1,216,236
2024-08-09 15:14:00,51.3,51.3,216,233
2024-08-09 15:16:00,51.3,51.3,214,233
2024-08-09 15:18:00,51.3,51.2,214,233
2024-08-09 15:20:00,51.4,51.4,216,234
2024-08-09 15:22:00,51.3,51.2,212,231
2024-08-09 15:24:00,51.4,51.2,214,232
2024-08-09 15:26:00,51.3,51.3,216,233
2024-08-09 15:28:00,51.2,51.1,213,231
2024-08-09 15:30:00,51.2,51.3,212,231
2024-08-09 15:32:00,51.1,51.0,216,234
2024-08-09 15:34:00,51.0,50.9,211,231
2024-08-09 15:36:00,51.2,51.2,213,231
2024-08-09 15:38:00,51.1,51.1,215,233
2024-08-09 15:40:00,50.9,50.9,211,231
2024-08-09 15:42:00,51.1,51.1,210,230
2024-08-09 15:44:00,50.9,50.9,211,229
2024-08-09 15:46:00,51.0,51.0,214,232
2024-08-09 15:48:00,51.1,51.1,214,232
2024-08-09 15:50:00,51.2,51.2,216,233
2024-08-09 15:52:00,51.3,51.2,213,232
2024-08-09 15:54:00,51.1,51.3,212,231
2024-08-09 15:56:00,51.3,51.1,213,230
2024-08-09 15:58:00,51.2,51.2,213,233
2024-08-09 16:00:00,51.0,50.9,211,231
2024-08-09 16:02:00,51.0,51.0,214,231
2024-08-09 16:04:00,51.0,50.9,212,231
2024-08-09 16:06:00,51.0,51.0,214,231
2024-08-09 16:08:00,51.0,51.0,216,232
2024-08-09 16:10:00,51.0,50.9,214,231
2024-08-09 16:12:00,51.0,51.0,216,232
2024-08-09 16:14:00,51.0,51.0,219,233
2024-08-09 16:16:00,50.9,51.0,216,233
2024-08-09 16:18:00,51.0,51.0,216,232
2024-08-09 16:20:00,51.0,51.0,218,233
2024-08-09 16:22:00,51.0,51.0,216,233
2024-08-09 16:24:00,51.1,50.9,216,233
2024-08-09 16:26:00,50.9,51.0,217,232
2024-08-09 16:28:00,51.0,51.0,216,233
2024-08-09 16:30:00,51.1,51.0,219,234
2024-08-09 16:32:00,51.0,51.0,222,236
2024-08-09 16:34:00,50.7,50.8,217,233
2024-08-09 16:36:00,50.9,50.9,217,233
2024-08-09 16:38:00,51.0,50.9,220,234
2024-08-09 16:40:00,50.9,50.9,219,235
2024-08-09 16:42:00,51.0,51.0,218,233
2024-08-09 16:44:00,50.9,50.9,220,234
2024-08-09 16:46:00,51.0,51.0,221,236
2024-08-09 16:48:00,51.0,51.1,220,235
2024-08-09 16:50:00,51.1,51.0,222,236
2024-08-09 16:52:00,51.0,51.0,220,235
2024-08-09 16:54:00,50.9,51.0,218,233
2024-08-09 16:56:00,51.1,51.1,223,236
2024-08-09 16:58:00,51.0,51.0,221,236
2024-08-09 17:00:00,51.0,50.9,220,235
2024-08-09 17:02:00,51.3,51.3,223,236
2024-08-09 17:04:00,51.3,51.3,219,233
2024-08-09 17:06:00,51.3,51.2,219,233
2024-08-09 17:08:00,51.4,51.3,220,233
2024-08-09 17:10:00,51.3,51.2,219,234
2024-08-09 17:12:00,51.3,51.3,219,233
2024-08-09 17:14:00,51.5,51.6,221,235
2024-08-09 17:16:00,51.4,51.5,219,234
2024-08-09 17:18:00,51.7,51.6,223,238
2024-08-09 17:20:00,51.7,51.6,221,237
2024-08-09 17:22:00,51.7,51.7,224,238
2024-08-09 17:24:00,51.7,51.7,224,238
2024-08-09 17:26:00,51.6,51.7,224,238
2024-08-09 17:28:00,52.1,51.9,224,238
2024-08-09 17:30:00,52.1,52.2,224,238
2024-08-09 17:32:00,52.1,52.3,224,239
2024-08-09 17:34:00,51.8,51.8,217,236
2024-08-09 17:36:00,51.8,51.8,218,236
2024-08-09 17:38:00,51.9,51.8,218,236
2024-08-09 17:40:00,51.8,51.7,219,236
2024-08-09 17:42:00,51.9,51.9,220,238
2024-08-09 17:44:00,51.7,51.7,220,238
2024-08-09 17:46:00,51.8,51.9,220,237
2024-08-09 17:48:00,51.8,51.8,219,236
2024-08-09 17:50:00,51.9,51.9,219,238
2024-08-09 17:52:00,52.0,52.0,219,237
2024-08-09 17:54:00,51.8,51.8,220,238
2024-08-09 17:56:00,51.7,51.7,221,238
2024-08-09 17:58:00,51.8,51.7,222,238
2024-08-09 18:00:00,51.7,51.6,219,238
2024-08-09 18:02:00,51.6,51.6,222,238
2024-08-09 18:04:00,51.7,51.7,222,238
2024-08-09 18:06:00,51.8,51.7,222,238
2024-08-09 18:08:00,51.8,51.7,221,237
2024-08-09 18:10:00,51.7,51.7,223,239
2024-08-09 18:12:00,51.6,51.6,221,237
2024-08-09 18:14:00,51.5,51.5,221,228
2024-08-09 18:16:00,51.6,51.5,221,229
2024-08-09 18:18:00,50.7,50.7,221,238
2024-08-09 18:20:00,50.6,50.7,222,239
2024-08-09 18:22:00,50.3,50.4,224,243
2024-08-09 18:24:00,50.4,50.3,224,243
2024-08-09 18:26:00,50.5,50.5,222,242
2024-08-09 18:28:00,50.3,50.4,221,240
2024-08-09 18:30:00,50.5,50.4,221,241
2024-08-09 18:32:00,50.5,50.4,221,241
2024-08-09 18:34:00,50.4,50.5,221,242
2024-08-09 18:36:00,50.4,50.4,221,242
2024-08-09 18:38:00,50.5,50.5,223,243
2024-08-09 18:40:00,50.4,50.3,223,243
2024-08-09 18:42:00,50.3,50.3,221,243
2024-08-09 18:44:00,50.4,50.3,221,243
2024-08-09 18:46:00,50.1,50.2,222,235
2024-08-09 18:48:00,50.0,50.1,223,236
2024-08-09 18:50:00,4348,50.1,0,245
2024-08-09 18:52:00,6579,50.1,0,245
2024-08-09 18:54:00,3922,50.2,0,244
2024-08-09 18:56:00,4902,50.4,0,243
2024-08-09 18:58:00,5618,50.3,0,243
2024-08-09 19:00:00,7874,50.3,0,243
2024-08-09 19:02:00,9804,50.4,0,243
2024-08-09 19:04:00,6536,50.4,0,243
2024-08-09 19:06:00,7692,50.6,0,241
2024-08-09 19:08:00,9804,50.5,0,240
2024-08-09 19:10:00,4926,50.5,0,240
2024-08-09 19:12:00,5618,50.7,0,241
2024-08-09 19:14:00,4926,50.5,0,240
2024-08-09 19:16:00,3021,50.6,0,240
2024-08-09 19:18:00,5618,50.6,0,240
2024-08-09 19:20:00,3021,50.5,0,240
2024-08-09 19:22:00,3279,50.5,0,240
2024-08-09 19:24:00,4926,50.5,0,240
2024-08-09 19:26:00,6536,50.5,0,240
2024-08-09 19:28:00,4329,50.6,0,239
2024-08-09 19:30:00,5618,50.5,0,240
2024-08-09 19:32:00,2445,50.4,0,240
2024-08-09 19:34:00,4926,50.5,0,239
2024-08-09 19:36:00,4184,50.8,0,239
2024-08-09 19:38:00,2786,50.8,0,238
2024-08-09 19:40:00,4386,50.9,0,238
2024-08-09 19:42:00,4926,50.9,0,238
2024-08-09 19:44:00,2079,50.8,0,238
2024-08-09 19:46:00,4926,50.8,0,238
2024-08-09 19:48:00,4926,50.8,0,238
2024-08-09 19:50:00,7874,50.9,0,238
2024-08-09 19:52:00,6536,50.9,0,238
2024-08-09 19:54:00,5618,50.9,0,238
2024-08-09 19:56:00,7813,50.8,0,237
2024-08-09 19:58:00,7874,50.7,0,237
2024-08-09 20:00:00,6536,50.9,0,240
2024-08-09 20:02:00,6536,50.9,0,238
2024-08-09 20:04:00,3937,51.1,0,238
2024-08-09 20:06:00,4367,50.7,0,238
2024-08-09 20:08:00,5587,50.9,0,238
2024-08-09 20:10:00,3279,51.1,0,239
2024-08-09 20:12:00,6494,51.3,0,239
2024-08-09 20:14:00,5618,51.3,0,239
2024-08-09 20:16:00,3937,51.3,0,238
2024-08-09 20:18:00,6536,51.3,0,240
2024-08-09 20:20:00,5587,51.3,0,240
2024-08-09 20:22:00,3021,51.3,0,238
2024-08-09 20:24:00,6536,51.3,0,241
2024-08-09 20:26:00,4926,51.3,0,240
2024-08-09 20:28:00,4386,51.3,0,240
2024-08-09 20:30:00,5618,51.1,0,239
2024-08-09 20:32:00,4367,51.2,0,240
2024-08-09 20:34:00,9804,51.1,0,238
2024-08-09 20:36:00,4329,51.2,0,240
2024-08-09 20:38:00,4926,51.4,0.707,240
2024-08-09 20:40:00,4926,51.3,0,240
2024-08-09 20:42:00,4854,51.1,0,240
2024-08-09 20:44:00,4878,51.2,0,239
2024-08-09 20:46:00,6452,50.9,0,231
2024-08-09 20:48:00,3584,50.9,0,231
2024-08-09 20:50:00,5556,51.0,0,231
2024-08-09 20:52:00,3906,51.2,0,238
2024-08-09 20:54:00,4367,51.3,0,239
2024-08-09 20:56:00,7874,51.4,0,241
2024-08-09 20:58:00,3937,51.3,0,240
2024-08-09 21:00:00,7874,51.2,0,240
2024-08-09 21:02:00,3937,51.2,0,239
2024-08-09 21:04:00,7874,51.2,0,238
2024-08-09 21:06:00,6536,51.3,0,239
2024-08-09 21:08:00,3289,51.5,0,240
2024-08-09 21:10:00,9804,51.5,0,239
2024-08-09 21:12:00,3584,51.5,0,239
2024-08-09 21:14:00,4367,51.4,0,239
2024-08-09 21:16:00,7874,51.4,0,239
2024-08-09 21:18:00,3937,51.5,0,240
2024-08-09 21:20:00,5618,51.6,0,240
2024-08-09 21:22:00,6536,51.5,0,239
2024-08-09 21:24:00,5618,51.5,0,240
2024-08-09 21:26:00,5618,51.5,0,239
2024-08-09 21:28:00,4926,51.5,0,238
2024-08-09 21:30:00,5618,51.5,0,239
2024-08-09 21:32:00,5587,51.5,0,239
2024-08-09 21:34:00,4926,51.4,0,238
2024-08-09 21:36:00,6536,51.4,0,240
2024-08-09 21:38:00,4926,51.5,0,240
2024-08-09 21:40:00,4082,51.4,0,239
2024-08-09 21:42:00,3030,51.4,0,240
2024-08-09 21:44:00,5618,51.3,0,240
2024-08-09 21:46:00,4926,51.4,0,240
2024-08-09 21:48:00,5618,51.5,0,239
2024-08-09 21:50:00,7874,51.5,0,240
2024-08-09 21:52:00,6452,51.4,0.707,238
2024-08-09 21:54:00,3030,51.5,0,239
2024-08-09 21:56:00,4926,51.2,0,240
2024-08-09 21:58:00,5556,49.4,0.707,197
2024-08-09 22:00:00,5618,49.8,0,196
2024-08-09 22:02:00,6536,49.6,0,195
2024-08-09 22:04:00,6536,49.7,0,195
2024-08-09 22:06:00,3584,49.8,0,197
2024-08-09 22:08:00,3937,49.6,0,198
2024-08-09 22:10:00,3571,49.8,0,200
2024-08-09 22:12:00,3937,49.3,0,197
2024-08-09 22:14:00,6536,49.6,0,198
2024-08-09 22:16:00,7874,49.8,0,202
2024-08-09 22:18:00,6536,49.6,0,203
2024-08-09 22:20:00,4367,49.6,0,204
2024-08-09 22:22:00,2625,49.6,0,205
2024-08-09 22:24:00,7874,49.7,0,207
2024-08-09 22:26:00,3937,49.9,0,207
2024-08-09 22:28:00,2188,49.9,0,213
2024-08-09 22:30:00,6579,49.6,0,207
2024-08-09 22:32:00,4386,49.7,0,211
2024-08-09 22:34:00,4367,49.8,0,210
2024-08-09 22:36:00,6536,49.8,0,212
2024-08-09 22:38:00,5618,49.7,0,212
2024-08-09 22:40:00,4386,49.6,0,211
2024-08-09 22:42:00,7874,49.8,0,211
2024-08-09 22:44:00,4926,50.0,0,213
2024-08-09 22:46:00,3584,49.8,0,213
2024-08-09 22:48:00,4926,49.6,0,214
2024-08-09 22:50:00,5556,49.9,0,212
2024-08-09 22:52:00,5618,50.0,0,212
2024-08-09 22:54:00,7874,49.7,0,215
2024-08-09 22:56:00,6536,49.7,0,211
2024-08-09 22:58:00,5556,49.5,0,214
2024-08-09 23:00:00,2817,50.0,0,215
2024-08-09 23:02:00,5618,49.8,0,211
2024-08-09 23:04:00,7874,49.7,0,214
2024-08-09 23:06:00,3906,49.6,0,215
2024-08-09 23:08:00,2320,50.1,0,215
2024-08-09 23:10:00,2625,49.9,0,216
2024-08-09 23:12:00,5618,49.8,0,216
2024-08-09 23:14:00,4367,49.8,0,215
2024-08-09 23:16:00,6494,50.0,0,216
2024-08-09 23:18:00,7874,49.9,0,212
2024-08-09 23:20:00,4878,49.6,0,212
2024-08-09 23:22:00,3584,49.6,0,214
2024-08-09 23:24:00,3584,49.8,0,216
2024-08-09 23:26:00,4926,49.7,0,217
2024-08-09 23:28:00,9804,49.9,0,217
2024-08-09 23:30:00,6536,49.6,0,216
2024-08-09 23:32:00,6410,49.9,0,218
2024-08-09 23:34:00,4926,49.9,0,218
2024-08-09 23:36:00,6536,49.9,0,219
2024-08-09 23:38:00,3584,49.8,0,219
2024-08-09 23:40:00,2451,49.8,0,219
2024-08-09 23:42:00,3030,49.9,0.707,219
2024-08-09 23:44:00,4367,50.1,0,220
2024-08-09 23:46:00,5618,49.9,0,220
2024-08-09 23:48:00,5618,49.8,0,220
2024-08-09 23:50:00,3247,49.8,0,219
2024-08-09 23:52:00,5618,50.1,0,221
2024-08-09 23:54:00,5618,50.1,0,219
2024-08-09 23:56:00,4926,49.9,0,221
2024-08-09 23:58:00,4878,49.8,0,219
2024-08-10 00:00:00,3906,50.2,0,221
2024-08-10 00:02:00,5618,50.0,0,221
2024-08-10 00:04:00,2625,49.9,0,219
2024-08-10 00:06:00,6452,49.8,0,219
2024-08-10 00:08:00,9615,49.9,0,219
2024-08-10 00:10:00,7874,50.1,0,219
2024-08-10 00:12:00,2809,49.9,0,215
2024-08-10 00:14:00,5618,49.8,0,219
2024-08-10 00:16:00,6536,50.0,0,219
2024-08-10 00:18:00,3584,49.7,0,217
2024-08-10 00:20:00,4926,50.2,0,219
2024-08-10 00:22:00,6536,50.1,0,216
2024-08-10 00:24:00,6579,49.8,0,217
2024-08-10 00:26:00,4854,49.8,0,217
2024-08-10 00:28:00,3584,50.0,0,218
2024-08-10 00:30:00,4367,49.9,0,219
2024-08-10 00:32:00,3937,50.1,0,218
2024-08-10 00:34:00,5618,49.7,0,217
2024-08-10 00:36:00,3937,49.8,0,219
2024-08-10 00:38:00,6579,50.1,0,219
2024-08-10 00:40:00,4367,50.1,0,220
2024-08-10 00:42:00,4329,50.0,0,219
2024-08-10 00:44:00,5618,50.1,0,220
2024-08-10 00:46:00,6536,50.2,0,219
2024-08-10 00:48:00,5618,50.2,0,219
2024-08-10 00:50:00,4329,50.0,0,216
2024-08-10 00:52:00,4926,49.8,0,219
2024-08-10 00:54:00,3937,50.2,0,219
2024-08-10 00:56:00,6536,50.3,0,220
2024-08-10 00:58:00,4386,50.2,0,220
2024-08-10 01:00:00,4367,50.0,0,218
2024-08-10 01:02:00,6452,50.0,0,219
2024-08-10 01:04:00,7874,50.3,0,220
2024-08-10 01:06:00,5618,50.0,0,219
2024-08-10 01:08:00,4367,49.9,0,218
2024-08-10 01:10:00,4926,49.7,0,219
2024-08-10 01:12:00,3584,50.3,0,221
2024-08-10 01:14:00,7874,50.2,0,220
2024-08-10 01:16:00,6536,49.9,0,221
2024-08-10 01:18:00,9615,49.9,0,219
2024-08-10 01:20:00,3289,50.4,0,220
2024-08-10 01:22:00,5618,50.2,0,221
2024-08-10 01:24:00,7692,50.0,0,220
2024-08-10 01:26:00,7874,49.9,0,220
2024-08-10 01:28:00,4367,49.9,0,219
2024-08-10 01:30:00,4386,50.3,0,221
2024-08-10 01:32:00,4926,50.0,0,221
2024-08-10 01:34:00,4926,49.9,0,219
2024-08-10 01:36:00,3279,50.0,0,219
2024-08-10 01:38:00,5618,50.1,0,221
2024-08-10 01:40:00,4329,50.2,0,221
2024-08-10 01:42:00,3906,49.9,0,221
2024-08-10 01:44:00,6579,50.0,0,221
2024-08-10 01:46:00,3030,49.9,0,221
2024-08-10 01:48:00,7874,50.2,0,223
2024-08-10 01:50:00,9804,50.3,0,222
2024-08-10 01:52:00,4926,50.2,0,222
2024-08-10 01:54:00,4902,50.0,0,221
2024-08-10 01:56:00,4878,50.0,0,222
2024-08-10 01:58:00,9615,50.0,0,221
2024-08-10 02:00:00,9804,50.3,0,222
2024-08-10 02:02:00,6536,50.1,0,222
2024-08-10 02:04:00,2809,49.9,0,221
2024-08-10 02:06:00,5618,50.0,0,221
2024-08-10 02:08:00,5618,50.4,0,223
2024-08-10 02:10:00,2457,50.0,0,222
2024-08-10 02:12:00,5618,50.1,0,223
2024-08-10 02:14:00,3937,49.9,0,223
2024-08-10 02:16:00,4926,50.1,0,222
2024-08-10 02:18:00,4854,50.2,0,223
2024-08-10 02:20:00,4902,50.3,0,223
2024-08-10 02:22:00,6494,50.0,0,223
2024-08-10 02:24:00,6579,50.0,0,222
2024-08-10 02:26:00,4367,50.3,0,223
2024-08-10 02:28:00,5618,50.1,0,223
2024-08-10 02:30:00,7874,50.1,0,223
2024-08-10 02:32:00,3937,49.9,0,223
2024-08-10 02:34:00,9804,50.0,0,223
2024-08-10 02:36:00,7874,50.2,0,223
2024-08-10 02:38:00,4386,50.1,0,223
2024-08-10 02:40:00,4329,50.0,0,223
2024-08-10 02:42:00,5618,49.8,0,222
2024-08-10 02:44:00,3584,50.1,0,223
2024-08-10 02:46:00,2463,50.2,0,223
2024-08-10 02:48:00,7874,50.1,0,223
2024-08-10 02:50:00,6579,49.8,0,223
2024-08-10 02:52:00,6494,50.2,0,223
2024-08-10 02:54:00,4902,50.4,0,224
2024-08-10 02:56:00,6536,50.1,0,223
2024-08-10 02:58:00,6579,49.9,0,223
2024-08-10 03:00:00,4367,50.1,0,223
2024-08-10 03:02:00,7874,50.3,0,223
2024-08-10 03:04:00,5618,50.2,0,223
2024-08-10 03:06:00,6536,50.0,0,223
2024-08-10 03:08:00,6579,50.0,0,223
2024-08-10 03:10:00,7874,49.8,0,222
2024-08-10 03:12:00,7752,50.3,0,223
2024-08-10 03:14:00,7874,50.2,0,224
2024-08-10 03:16:00,5618,50.1,0,223
2024-08-10 03:18:00,5618,49.8,0,224
2024-08-10 03:20:00,3584,50.2,0,223
2024-08-10 03:22:00,5618,50.3,0,224
2024-08-10 03:24:00,4854,50.2,0,223
2024-08-10 03:26:00,3012,50.1,0,225
2024-08-10 03:28:00,3546,49.9,0,225
2024-08-10 03:30:00,6536,50.4,0,223
2024-08-10 03:32:00,4367,50.2,0,223
2024-08-10 03:34:00,9804,50.0,0,225
2024-08-10 03:36:00,5556,49.8,0,223
2024-08-10 03:38:00,4902,50.2,0,225
2024-08-10 03:40:00,4367,50.3,0,225
2024-08-10 03:42:00,7752,50.1,0,223
2024-08-10 03:44:00,4386,49.8,0,224
2024-08-10 03:46:00,5618,50.1,0,225
2024-08-10 03:48:00,5618,50.2,0,223
2024-08-10 03:50:00,9804,50.0,0,223
2024-08-10 03:52:00,4329,50.1,0,223
2024-08-10 03:54:00,4367,49.9,0,223
2024-08-10 03:56:00,5556,50.1,0,224
2024-08-10 03:58:00,3030,50.1,0,223
2024-08-10 04:00:00,4926,50.0,0,221
2024-08-10 04:02:00,7874,49.8,0,221
2024-08-10 04:04:00,4367,50.2,0,223
2024-08-10 04:06:00,2451,50.3,0,223
2024-08-10 04:08:00,6536,50.0,0,223
2024-08-10 04:10:00,3984,50.2,0,224
2024-08-10 04:12:00,4926,49.9,0,223
2024-08-10 04:14:00,4367,50.1,0,225
2024-08-10 04:16:00,6579,50.2,0,226
2024-08-10 04:18:00,3012,50.1,0,223
2024-08-10 04:20:00,6536,49.8,0,224
2024-08-10 04:22:00,6536,50.1,0,224
2024-08-10 04:24:00,6579,50.2,0,223
2024-08-10 04:26:00,4329,50.1,0,225
2024-08-10 04:28:00,7692,50.1,0,223
2024-08-10 04:30:00,4926,49.9,0,225
2024-08-10 04:32:00,5618,50.2,0,225
2024-08-10 04:34:00,4367,50.3,0,224
2024-08-10 04:36:00,2809,50.2,0,225
2024-08-10 04:38:00,6579,50.1,0,224
2024-08-10 04:40:00,2193,49.9,0,226
2024-08-10 04:42:00,3584,50.2,0,226
2024-08-10 04:44:00,5587,50.3,0,225
2024-08-10 04:46:00,7874,50.1,0,222
2024-08-10 04:48:00,4878,50.0,0,221
2024-08-10 04:50:00,6536,50.1,0,221
2024-08-10 04:52:00,4926,50.2,0,223
2024-08-10 04:54:00,5618,50.2,0,222
2024-08-10 04:56:00,5025,50.0,0,221
2024-08-10 04:58:00,2066,50.1,0,223
2024-08-10 05:00:00,4926,50.0,0,223
2024-08-10 05:02:00,4367,50.0,0,221
2024-08-10 05:04:00,6536,50.1,0.707,223
2024-08-10 05:06:00,4367,49.9,0,222
2024-08-10 05:08:00,2817,49.8,0,220
2024-08-10 05:10:00,6536,50.2,0,222
2024-08-10 05:12:00,9804,50.3,0,223
2024-08-10 05:14:00,9804,50.0,0,221
2024-08-10 05:16:00,1965,49.8,0,222
2024-08-10 05:18:00,4902,49.9,0,221
2024-08-10 05:20:00,4292,50.0,0,222
2024-08-10 05:22:00,7874,50.1,0,221
2024-08-10 05:24:00,9804,50.2,0,223
2024-08-10 05:26:00,4926,49.9,0,222
2024-08-10 05:28:00,4926,49.9,0,222
2024-08-10 05:30:00,9804,50.4,0,223
2024-08-10 05:32:00,3584,50.3,0,223
2024-08-10 05:34:00,6579,50.0,0,222
2024-08-10 05:36:00,2817,49.9,0,223
2024-08-10 05:38:00,3279,50.2,0,221
2024-08-10 05:40:00,7752,50.2,0,222
2024-08-10 05:42:00,2625,50.0,0,222
2024-08-10 05:44:00,3289,50.1,0,223
2024-08-10 05:46:00,5556,49.8,0,221
2024-08-10 05:48:00,3012,50.1,0,221
2024-08-10 05:50:00,6452,50.0,0,221
2024-08-10 05:52:00,3257,49.8,0,219
2024-08-10 05:54:00,6536,49.9,0,222
2024-08-10 05:56:00,2625,49.6,0,219
2024-08-10 05:58:00,7874,50.2,0,221
2024-08-10 06:00:00,4926,50.0,0,220
2024-08-10 06:02:00,7874,50.2,0,221
2024-08-10 06:04:00,5618,49.9,0,221
2024-08-10 06:06:00,5618,50.3,0,223
2024-08-10 06:08:00,3030,50.1,0,224
2024-08-10 06:10:00,4367,50.0,0,223
2024-08-10 06:12:00,4367,49.8,0,221
2024-08-10 06:14:00,2817,50.2,0,221
2024-08-10 06:16:00,5618,50.1,0,220
2024-08-10 06:18:00,5556,50.1,0,216
2024-08-10 06:20:00,3401,50.0,0,221
2024-08-10 06:22:00,5618,49.8,0,219
2024-08-10 06:24:00,7874,50.0,0.707,216
2024-08-10 06:26:00,7874,50.1,0,221
2024-08-10 06:28:00,7752,50.3,0,221
2024-08-10 06:30:00,2463,50.1,0,218
2024-08-10 06:32:00,4386,49.9,0,213
2024-08-10 06:34:00,5618,50.1,0,219
2024-08-10 06:36:00,9804,49.7,0,218
2024-08-10 06:38:00,4386,50.1,0,218
2024-08-10 06:40:00,6536,50.0,0,218
2024-08-10 06:42:00,5618,50.0,0,216
2024-08-10 06:44:00,3257,49.6,0,217
2024-08-10 06:46:00,4386,50.0,0,207
2024-08-10 06:48:00,7874,50,0,207
2024-08-10 06:50:00,3937,50.2,0,212
2024-08-10 06:52:00,3559,49.9,0,216
2024-08-10 06:54:00,3937,50.0,0,214
2024-08-10 06:56:00,6536,49.9,0,215
2024-08-10 06:58:00,3937,49.9,0,214
2024-08-10 07:00:00,3584,49.9,0,211
2024-08-10 07:02:00,4386,49.9,0,213
2024-08-10 07:04:00,6536,49.8,0.707,215
2024-08-10 07:06:00,6536,49.9,0,218
2024-08-10 07:08:00,7874,49.7,0,210
2024-08-10 07:10:00,6579,49.9,0,211
2024-08-10 07:12:00,5618,49.8,0,216
2024-08-10 07:14:00,7874,49.7,0,210
2024-08-10 07:16:00,5618,49.8,0,214
2024-08-10 07:18:00,6536,49.7,0,213
2024-08-10 07:20:00,3584,49.9,0,205
2024-08-10 07:22:00,4367,49.6,0,202
2024-08-10 07:24:00,3012,49.8,0,205
2024-08-10 07:26:00,4367,50.1,0,211
2024-08-10 07:28:00,3937,49.8,0,210
2024-08-10 07:30:00,6536,49.7,0,216
2024-08-10 07:32:00,3584,49.8,0,212
2024-08-10 07:34:00,3937,49.8,0,210
2024-08-10 07:36:00,5618,49.7,0,214
2024-08-10 07:38:00,7874,49.9,0,214
2024-08-10 07:40:00,4367,49.6,0,212
2024-08-10 07:42:00,6579,50.1,0,205
2024-08-10 07:44:00,6579,50.0,0,207
2024-08-10 07:46:00,2611,49.7,0,209
2024-08-10 07:48:00,7874,49.6,0,209
2024-08-10 07:50:00,6536,49.7,0.707,208
2024-08-10 07:52:00,6579,49.5,0,211
2024-08-10 07:54:00,7874,49.5,0,211
2024-08-10 07:56:00,3030,49.7,0,209
2024-08-10 07:58:00,7874,49.6,0,208
2024-08-10 08:00:00,4926,49.8,0,211
2024-08-10 08:02:00,4926,49.6,0,209
2024-08-10 08:04:00,9804,49.9,0,208
2024-08-10 08:06:00,4926,49.9,0,203
2024-08-10 08:08:00,3937,49.6,0,202
2024-08-10 08:10:00,3584,49.7,0,200
2024-08-10 08:12:00,2801,49.2,0,198
2024-08-10 08:14:00,6536,49.7,0.707,194
2024-08-10 08:16:00,9804,49.7,0,202
2024-08-10 08:18:00,6536,49.7,0,195
2024-08-10 08:20:00,2611,49.4,0,200
2024-08-10 08:22:00,4367,49.6,0,207
2024-08-10 08:24:00,7752,49.7,0.707,207
2024-08-10 08:26:00,6536,49.6,0,197
2024-08-10 08:28:00,6536,49.4,0,194
2024-08-10 08:30:00,5618,49.5,0,196
2024-08-10 08:32:00,6536,49.5,0,199
2024-08-10 08:34:00,7634,49.8,0,197
2024-08-10 08:36:00,4348,49.7,0,198
2024-08-10 08:38:00,4367,49.9,0,200
2024-08-10 08:40:00,3937,49.8,0,197
2024-08-10 08:42:00,5618,49.7,0,194
2024-08-10 08:44:00,5618,49.2,0,194
2024-08-10 08:46:00,6494,49.7,0,190
2024-08-10 08:48:00,3559,49.2,0.707,186
2024-08-10 08:50:00,7874,49.5,0,187
2024-08-10 08:52:00,2817,49.2,0,189
2024-08-10 08:54:00,3937,49.7,0,191
2024-08-10 08:56:00,3937,49.4,0,190
2024-08-10 08:58:00,7874,49.9,0,195
2024-08-10 09:00:00,3279,49.4,0,190
2024-08-10 09:02:00,7874,49.6,0,180
2024-08-10 09:04:00,6536,49.4,0.707,183
2024-08-10 09:06:00,2801,49.6,0,186
2024-08-10 09:08:00,6579,49.6,0,190
2024-08-10 09:10:00,7874,49.3,0,185
2024-08-10 09:12:00,6536,49.1,0,187
2024-08-10 09:14:00,3906,49.3,0,189
2024-08-10 09:16:00,7874,49.3,0,187
2024-08-10 09:18:00,5618,48.8,0,187
2024-08-10 09:20:00,6536,49.3,0,180
2024-08-10 09:22:00,4367,49.1,0,184
2024-08-10 09:24:00,5495,49.4,0.707,181
2024-08-10 09:26:00,3289,49.0,0.707,181
2024-08-10 09:28:00,6494,49.0,0,187
2024-08-10 09:30:00,3937,49.2,0,183
2024-08-10 09:32:00,3937,50.3,0,195
2024-08-10 09:34:00,4367,49.7,0,201
2024-08-10 09:36:00,4926,50.3,0,200
2024-08-10 09:38:00,6536,50.1,0,200
2024-08-10 09:40:00,9804,50.2,0,199
2024-08-10 09:42:00,4367,50.0,0,200
2024-08-10 09:44:00,9804,50.2,0.707,197
2024-08-10 09:46:00,3584,50.2,0,204
2024-08-10 09:48:00,4367,50.2,0,195
2024-08-10 09:50:00,5618,50.0,0,199
2024-08-10 09:52:00,7874,49.9,0,204
2024-08-10 09:54:00,5618,50.0,0,202
2024-08-10 09:56:00,7874,50.3,0,200
2024-08-10 09:58:00,3012,50.2,0,206
2024-08-10 10:00:00,6536,50.1,0,202
2024-08-10 10:02:00,6579,49.7,0,197
2024-08-10 10:04:00,7874,50.1,0,197
2024-08-10 10:06:00,7874,49.8,0,195
2024-08-10 10:08:00,9804,49.8,0,193
2024-08-10 10:10:00,7874,49.6,0,194
2024-08-10 10:12:00,4367,49.9,0,188
2024-08-10 10:14:00,6579,49.9,0,189
2024-08-10 10:16:00,4367,49.9,0,192
2024-08-10 10:18:00,5556,49.6,0,188
2024-08-10 10:20:00,5618,50.2,0,189
2024-08-10 10:22:00,3546,49.7,0,192
2024-08-10 10:24:00,3937,49.8,0,195
2024-08-10 10:26:00,6536,49.9,0.707,194
2024-08-10 10:28:00,6536,49.9,0,192
2024-08-10 10:30:00,6536,50.1,4.95,197
2024-08-10 10:32:00,4367,49.8,7.78,195
2024-08-10 10:34:00,7874,49.8,8.49,194
2024-08-10 10:36:00,4367,50.0,7.78,203
2024-08-10 10:38:00,3906,50.0,7.07,195
2024-08-10 10:40:00,2618,49.8,0,196
2024-08-10 10:42:00,7576,49.7,0,196
2024-08-10 10:44:00,2801,50.0,0,192
2024-08-10 10:46:00,3012,49.8,0,194
2024-08-10 10:48:00,4367,50.0,0,196
2024-08-10 10:50:00,9709,49.6,0,197
2024-08-10 10:52:00,3937,50.1,0,199
2024-08-10 10:54:00,9804,49.6,0,196
2024-08-10 10:56:00,4878,49.9,0,196
2024-08-10 10:58:00,5618,50.0,0,197
2024-08-10 11:00:00,5618,50.0,0,197
2024-08-10 11:02:00,7874,49.7,0,202
2024-08-10 11:04:00,4386,49.9,0,203
2024-08-10 11:06:00,9804,49.9,0,204
2024-08-10 11:08:00,3584,49.8,0,199
2024-08-10 11:10:00,3937,50.3,0,206
2024-08-10 11:12:00,9804,49.6,0,197
2024-08-10 11:14:00,4926,49.6,0,195
2024-08-10 11:16:00,4902,49.5,0,199
2024-08-10 11:18:00,3546,50.0,0,204
2024-08-10 11:20:00,4878,49.8,0,197
2024-08-10 11:22:00,9804,49.6,0,197
2024-08-10 11:24:00,,49.9,,200
2024-08-10 11:26:00,,49.8,,199
2024-08-10 11:28:00,,49.9,,197
2024-08-10 11:30:00,,49.5,,197
2024-08-10 11:32:00,,49.8,,192
2024-08-10 11:34:00,,49.8,,191
2024-08-10 11:36:00,,49.5,,193
2024-08-10 11:38:00,,49.5,,189
2024-08-10 11:40:00,,49.7,,191
2024-08-10 11:42:00,,49.7,,195
2024-08-10 11:44:00,,50.2,,203
2024-08-10 11:46:00,,50.0,,207
2024-08-10 11:48:00,,50.4,,203
2024-08-10 11:50:00,,50.1,,208
2024-08-10 11:52:00,,50.4,,213
2024-08-10 11:54:00,,50.0,,202
2024-08-10 11:56:00,,49.6,,203
2024-08-10 11:58:00,,49.4,,204
2024-08-10 12:00:00,,49.5,,187
2024-08-10 12:02:00,,49.3,,194
2024-08-10 12:04:00,,49.5,,192
2024-08-10 12:06:00,,49.6,,200
2024-08-10 12:08:00,,49.3,,200
2024-08-10 12:10:00,,49.6,,196
2024-08-10 12:12:00,,49.1,,201
2024-08-10 12:14:00,,49.7,,204
2024-08-10 12:16:00,,49.3,,204
2024-08-10 12:18:00,,49.5,,199
2024-08-10 12:20:00,,49.3,,199
2024-08-10 12:22:00,,49.4,,194
2024-08-10 12:24:00,,49.6,,198
2024-08-10 12:26:00,,49.2,,200
2024-08-10 12:28:00,,49.5,,202
2024-08-10 12:30:00,,49.4,,194
2024-08-10 12:32:00,,49.3,,204
2024-08-10 12:34:00,,49.4,,196
2024-08-10 12:36:00,,49.4,,200
2024-08-10 12:38:00,,49.4,,203
2024-08-10 12:40:00,,49.4,,199
2024-08-10 12:42:00,,49.5,,199
2024-08-10 12:44:00,,49.1,,201
2024-08-10 12:46:00,,49.3,,201
2024-08-10 12:48:00,,49.3,,201
2024-08-10 12:50:00,,49.5,,203
2024-08-10 12:52:00,,49.2,,202
2024-08-10 12:54:00,,49.4,,199
2024-08-10 12:56:00,,49.5,,202
2024-08-10 12:58:00,,49.4,,201
2024-08-10 13:00:00,,49.6,,196
2024-08-10 13:02:00,,49.5,,194
2024-08-10 13:04:00,,49.6,,203
2024-08-10 13:06:00,,49.5,,197
2024-08-10 13:08:00,,49.2,,204
2024-08-10 13:10:00,,49.2,,202
2024-08-10 13:12:00,,49.6,,199
2024-08-10 13:14:00,,49.3,,199
2024-08-10 13:16:00,,49.3,,201
2024-08-10 13:18:00,,49.5,,199
2024-08-10 13:20:00,,49.2,,202
2024-08-10 13:22:00,,49.5,,197
2024-08-10 13:24:00,,49.2,,199
2024-08-10 13:26:00,,49.4,,197
2024-08-10 13:28:00,,49.2,,199
2024-08-10 13:30:00,,49.3,,188
2024-08-10 13:32:00,,49.2,,192
2024-08-10 13:34:00,,49.3,,185
2024-08-10 13:36:00,,49.0,,183
2024-08-10 13:38:00,,50.0,,208
2024-08-10 13:40:00,,49.9,,211
2024-08-10 13:42:00,,50.1,,212
2024-08-10 13:44:00,,49.9,,207
2024-08-10 13:46:00,,50.3,,209
2024-08-10 13:48:00,,49.6,,204
2024-08-10 13:50:00,,49.4,,204
2024-08-10 13:52:00,,49.3,,201
2024-08-10 13:54:00,,49.4,,196
2024-08-10 13:56:00,,49.5,,195
2024-08-10 13:58:00,,48.9,,196
2024-08-10 14:00:00,,49.2,,193
2024-08-10 14:02:00,,49.5,,199
2024-08-10 14:04:00,,49.3,,200
2024-08-10 14:06:00,,49.3,,202
2024-08-10 14:08:00,,49.4,,197
2024-08-10 14:10:00,,49.1,,203
2024-08-10 14:12:00,,49.1,,203
2024-08-10 14:14:00,,49.4,,202
2024-08-10 14:16:00,,49.7,,197
2024-08-10 14:18:00,,49.3,,194
2024-08-10 14:20:00,,49.1,,207
2024-08-10 14:22:00,,49.3,,207
2024-08-10 14:24:00,,50.3,,211
2024-08-10 14:26:00,,50.0,,220
2024-08-10 14:28:00,,50.1,,220
2024-08-10 14:30:00,,50.1,,205
2024-08-10 14:32:00,,50.1,,217
2024-08-10 14:34:00,,50.3,,214
2024-08-10 14:36:00,,50.1,,212
2024-08-10 14:38:00,,50.0,,211
2024-08-10 14:40:00,,49.9,,211
2024-08-10 14:42:00,,49.2,,202
2024-08-10 14:44:00,,49.3,,194
2024-08-10 14:46:00,,49.6,,200
2024-08-10 14:48:00,,49.5,,194
2024-08-10 14:50:00,,49.6,,199
2024-08-10 14:52:00,,49.4,,194
2024-08-10 14:54:00,,49.7,,195
2024-08-10 14:56:00,,49.3,,194
2024-08-10 14:58:00,,49.1,,191
2024-08-10 15:00:00,,49.2,,196
2024-08-10 15:02:00,,49.2,,197
2024-08-10 15:04:00,,49.4,,199
2024-08-10 15:06:00,,49.3,,197
2024-08-10 15:08:00,,49.3,,201
2024-08-10 15:10:00,,49.3,,200
2024-08-10 15:12:00,,49.6,,199
2024-08-10 15:14:00,,49.1,,197
2024-08-10 15:16:00,,49.4,,198
2024-08-10 15:18:00,,49.3,,198
2024-08-10 15:20:00,,49.7,,202
2024-08-10 15:22:00,,49.6,,197
2024-08-10 15:24:00,,49.1,,199
2024-08-10 15:26:00,,49.7,,199
2024-08-10 15:28:00,,49.3,,189
2024-08-10 15:30:00,,49.7,,189
2024-08-10 15:32:00,,49.3,,192
2024-08-10 15:34:00,,49.2,,187
2024-08-10 15:36:00,,49.3,,187
2024-08-10 15:38:00,,49.2,,182
2024-08-10 15:40:00,,49.3,,192
2024-08-10 15:42:00,,49.4,,188
2024-08-10 15:44:00,,49.4,,187
2024-08-10 15:46:00,,49.3,,194
2024-08-10 15:48:00,,49.3,,195
2024-08-10 15:50:00,,49.6,,194
2024-08-10 15:52:00,,49.1,,192
2024-08-10 15:54:00,,49.0,,190
2024-08-10 15:56:00,,49.4,,192
2024-08-10 15:58:00,,49.8,,192
2024-08-10 16:00:00,,49.5,,185
2024-08-10 16:02:00,,49.7,,190
2024-08-10 16:04:00,,49.5,,192
2024-08-10 16:06:00,,49.8,,189
2024-08-10 16:08:00,,49.5,,182
2024-08-10 16:10:00,,49.4,,182
2024-08-10 16:12:00,,49.3,,190
2024-08-10 16:14:00,,49.6,,189
2024-08-10 16:16:00,,49.6,,188
2024-08-10 16:18:00,,49.4,,190
2024-08-10 16:20:00,,49.8,,178
2024-08-10 16:22:00,,49.5,,184
2024-08-10 16:24:00,,49.6,,185
2024-08-10 16:26:00,,49.4,,170
2024-08-10 16:28:00,,49.9,,179
2024-08-10 16:30:00,,49.6,,186
2024-08-10 16:32:00,,49.4,,190
2024-08-10 16:34:00,,49.5,,181
2024-08-10 16:36:00,,49.8,,180
2024-08-10 16:38:00,,49.5,,179
2024-08-10 16:40:00,,49.4,,178
2024-08-10 16:42:00,,49.6,,178
2024-08-10 16:44:00,,49.6,,182
2024-08-10 16:46:00,,49.5,,177
2024-08-10 16:48:00,,49.4,,187
2024-08-10 16:50:00,,49.4,,182
2024-08-10 16:52:00,,49.6,,185
2024-08-10 16:54:00,,49.5,,185
2024-08-10 16:56:00,,49.6,,187
2024-08-10 16:58:00,,49.4,,184
2024-08-10 17:00:00,,49.7,,188
2024-08-10 17:02:00,,49.5,,188
2024-08-10 17:04:00,,49.5,,184
2024-08-10 17:06:00,,49.5,,185
2024-08-10 17:08:00,,49.5,,185
2024-08-10 17:10:00,,49.7,,181
2024-08-10 17:12:00,,49.4,,177
2024-08-10 17:14:00,,49.8,,187
2024-08-10 17:16:00,,49.7,,189
2024-08-10 17:18:00,,49.3,,185
2024-08-10 17:20:00,,49.5,,188
2024-08-10 17:22:00,,49.6,,184
2024-08-10 17:24:00,,49.4,,182
2024-08-10 17:26:00,,49.4,,184
2024-08-10 17:28:00,,49.6,,182
2024-08-10 17:30:00,,49.8,,181
2024-08-10 17:32:00,,49.5,,180
2024-08-10 17:34:00,,49.4,,181
2024-08-10 17:36:00,,49.8,,186
2024-08-10 17:38:00,,49.6,,184
2024-08-10 17:40:00,,49.5,,184
2024-08-10 17:42:00,,49.4,,183
2024-08-10 17:44:00,49.5,49.6,199,179
2024-08-10 17:46:00,49.6,49.6,205,186
2024-08-10 17:48:00,49.2,49.2,193,184
2024-08-10 17:50:00,49.3,49.4,197,186
2024-08-10 17:52:00,49.4,49.3,194,184
2024-08-10 17:54:00,49.3,49.3,196,187
2024-08-10 17:56:00,49.5,49.4,198,189
2024-08-10 17:58:00,49.2,49.2,194,184
2024-08-10 18:00:00,49.4,49.4,201,192
2024-08-10 18:02:00,49.5,49.5,198,189
2024-08-10 18:04:00,49.6,49.6,195,188
2024-08-10 18:06:00,49.5,49.5,194,185
2024-08-10 18:08:00,49.4,49.4,194,187
2024-08-10 18:10:00,49.7,49.6,195,186
2024-08-10 18:12:00,49.3,49.3,194,186
2024-08-10 18:14:00,49.7,49.6,194,185
2024-08-10 18:16:00,49.6,49.6,194,186
2024-08-10 18:18:00,49.4,49.5,194,182
2024-08-10 18:20:00,49.4,49.4,194,186
2024-08-10 18:22:00,49.2,49.2,194,184
2024-08-10 18:24:00,49.6,49.6,193,180
2024-08-10 18:26:00,49.5,49.5,193,182
2024-08-10 18:28:00,49.2,49.2,193,180
2024-08-10 18:30:00,49.3,49.3,193,181
2024-08-10 18:32:00,49.7,49.7,193,182
2024-08-10 18:34:00,49.4,49.3,194,178
2024-08-10 18:36:00,49.3,49.2,192,178
2024-08-10 18:38:00,48.9,49.0,194,182
2024-08-10 18:40:00,49.4,49.4,192,179
2024-08-10 18:42:00,49.1,49.1,193,178
2024-08-10 18:44:00,49.2,49.3,194,175
2024-08-10 18:46:00,49.2,49.3,191,173
2024-08-10 18:48:00,49.8,49.8,189,175
2024-08-10 18:50:00,49.9,49.9,194,187
2024-08-10 18:52:00,51.0,51.0,194,192
2024-08-10 18:54:00,50.8,50.9,193,191
2024-08-10 18:56:00,51.1,51.1,192,187
2024-08-10 18:58:00,50.6,50.6,192,192
2024-08-10 19:00:00,50.7,50.6,194,193
2024-08-10 19:02:00,50.5,50.5,191,192
2024-08-10 19:04:00,51.0,51.1,195,194
2024-08-10 19:06:00,51.0,51.0,194,192
2024-08-10 19:08:00,50.9,50.9,190,193
2024-08-10 19:10:00,49.2,49.2,194,192
2024-08-10 19:12:00,49.3,49.3,194,193
2024-08-10 19:14:00,49.7,49.7,193,194
2024-08-10 19:16:00,49.3,49.3,197,189
2024-08-10 19:18:00,49.6,49.6,197,189
2024-08-10 19:20:00,49.3,49.2,194,185
2024-08-10 19:22:00,49.5,49.5,197,195
2024-08-10 19:24:00,49.5,49.5,199,198
2024-08-10 19:26:00,49.2,49.1,197,201
2024-08-10 19:28:00,49.5,49.5,197,201
2024-08-10 19:30:00,49.2,49.2,197,199
2024-08-10 19:32:00,49.4,49.4,194,199
2024-08-10 19:34:00,48.9,48.9,195,199
2024-08-10 19:36:00,49.7,49.7,196,197
2024-08-10 19:38:00,49.3,49.4,195,196
2024-08-10 19:40:00,49.5,49.6,194,196
2024-08-10 19:42:00,49.2,49.2,195,193
2024-08-10 19:44:00,49.5,49.5,196,190
2024-08-10 19:46:00,49.7,49.7,195,190
2024-08-10 19:48:00,49.4,49.4,199,191
2024-08-10 19:50:00,49.3,49.3,196,192
2024-08-10 19:52:00,49.4,49.4,194,193
2024-08-10 19:54:00,49.5,49.5,193,192
2024-08-10 19:56:00,49.4,49.4,196,192
2024-08-10 19:58:00,49.7,49.7,195,191
2024-08-10 20:00:00,49.6,49.6,197,193
2024-08-10 20:02:00,49.5,49.5,200,197
2024-08-10 20:04:00,49.2,49.3,195,192
2024-08-10 20:06:00,49.6,49.7,196,194
2024-08-10 20:08:00,49.4,49.5,194,192
2024-08-10 20:10:00,49.2,49.3,199,199
2024-08-10 20:12:00,49.4,49.4,194,193
2024-08-10 20:14:00,49.4,49.4,197,196
2024-08-10 20:16:00,49.4,49.5,198,197
2024-08-10 20:18:00,49.2,49.2,195,193
2024-08-10 20:20:00,49.5,49.4,196,190
2024-08-10 20:22:00,49.3,49.3,199,190
2024-08-10 20:24:00,49.3,49.4,199,191
2024-08-10 20:26:00,49.3,49.3,198,192
2024-08-10 20:28:00,49.6,49.6,199,196
2024-08-10 20:30:00,49.1,49.1,196,193
2024-08-10 20:32:00,49.3,49.3,197,192
2024-08-10 20:34:00,49.3,49.3,202,195
2024-08-10 20:36:00,49.3,49.3,199,200
2024-08-10 20:38:00,50.1,50.1,194,206
2024-08-10 20:40:00,50.0,50.0,197,207
2024-08-10 20:42:00,49.8,49.8,195,205
2024-08-10 20:44:00,50.0,50.1,199,209
2024-08-10 20:46:00,50.0,50.1,197,205
2024-08-10 20:48:00,49.8,49.8,196,205
2024-08-10 20:50:00,49.7,49.7,197,204
2024-08-10 20:52:00,50.1,50.1,199,204
2024-08-10 20:54:00,49.7,49.7,200,195
2024-08-10 20:56:00,49.4,49.4,198,193
2024-08-10 20:58:00,49.6,49.6,201,195
2024-08-10 21:00:00,49.4,49.4,197,193
2024-08-10 21:02:00,49.3,49.3,199,192
2024-08-10 21:04:00,49.4,49.4,197,190
2024-08-10 21:06:00,49.1,49.2,199,190
2024-08-10 21:08:00,49.4,49.5,198,190
2024-08-10 21:10:00,49.4,49.4,200,188
2024-08-10 21:12:00,49.3,49.3,200,195
2024-08-10 21:14:00,49.3,49.3,195,185
2024-08-10 21:16:00,49.4,49.5,202,187
2024-08-10 21:18:00,49.5,49.4,200,195
2024-08-10 21:20:00,49.3,49.3,197,192
2024-08-10 21:22:00,49.6,49.6,202,197
2024-08-10 21:24:00,49.5,49.5,201,198
2024-08-10 21:26:00,49.4,49.4,199,198
2024-08-10 21:28:00,49.4,49.3,201,201
2024-08-10 21:30:00,50.1,50.1,198,210
2024-08-10 21:32:00,50.0,50.0,197,211
2024-08-10 21:34:00,50.2,50.2,199,211
2024-08-10 21:36:00,49.9,49.9,200,210
2024-08-10 21:38:00,49.6,49.6,199,204
2024-08-10 21:40:00,49.6,49.6,200,204
2024-08-10 21:42:00,49.8,49.8,202,205
2024-08-10 21:44:00,49.7,49.7,198,203
2024-08-10 21:46:00,49.7,49.7,199,204
2024-08-10 21:48:00,49.8,49.8,203,206
2024-08-10 21:50:00,50.0,49.9,200,205
2024-08-10 21:52:00,50.0,50.0,201,205
2024-08-10 21:54:00,49.7,49.7,200,204
2024-08-10 21:56:00,50.0,50.0,197,202
2024-08-10 21:58:00,49.8,49.8,199,204
2024-08-10 22:00:00,49.8,49.9,201,204
2024-08-10 22:02:00,49.9,49.9,201,205
2024-08-10 22:04:00,49.6,49.5,201,206
2024-08-10 22:06:00,49.8,49.8,202,205
2024-08-10 22:08:00,50.1,50.1,201,206
2024-08-10 22:10:00,49.8,49.8,199,206
2024-08-10 22:12:00,49.7,49.7,202,209
2024-08-10 22:14:00,49.7,49.7,200,207
2024-08-10 22:16:00,49.9,49.9,199,207
2024-08-10 22:18:00,50.2,50.2,202,207
2024-08-10 22:20:00,50.0,50.0,201,206
2024-08-10 22:22:00,49.9,49.8,201,208
2024-08-10 22:24:00,49.6,49.5,202,207
2024-08-10 22:26:00,49.9,49.9,203,208
2024-08-10 22:28:00,50.0,49.9,199,205
2024-08-10 22:30:00,49.9,49.9,202,207
2024-08-10 22:32:00,49.7,49.7,199,207
2024-08-10 22:34:00,50.0,50.0,199,207
2024-08-10 22:36:00,49.9,49.8,202,209
2024-08-10 22:38:00,49.9,50.0,202,211
2024-08-10 22:40:00,49.8,49.8,199,209
2024-08-10 22:42:00,50.1,50,200,209
2024-08-10 22:44:00,50.1,50.1,203,211
2024-08-10 22:46:00,49.9,49.8,202,211
2024-08-10 22:48:00,49.9,49.9,202,209
2024-08-10 22:50:00,49.9,49.9,202,209
2024-08-10 22:52:00,50.1,50.1,203,210
2024-08-10 22:54:00,50.2,50.2,204,211
2024-08-10 22:56:00,49.9,49.9,204,213
2024-08-10 22:58:00,50.2,50.2,204,214
2024-08-10 23:00:00,50.2,50.1,204,214
2024-08-10 23:02:00,49.9,49.9,202,212
2024-08-10 23:04:00,49.7,49.7,203,212
2024-08-10 23:06:00,49.8,49.8,204,211
2024-08-10 23:08:00,49.5,49.6,202,212
2024-08-10 23:10:00,49.7,49.7,205,214
2024-08-10 23:12:00,49.7,49.7,203,214
2024-08-10 23:14:00,50.0,50.0,202,214
2024-08-10 23:16:00,49.8,49.8,204,215
2024-08-10 23:18:00,49.7,49.7,205,214
2024-08-10 23:20:00,49.8,49.8,202,214
2024-08-10 23:22:00,49.8,49.8,202,213
2024-08-10 23:24:00,49.8,49.8,205,214
2024-08-10 23:26:00,49.7,49.7,205,216
2024-08-10 23:28:00,50.0,50.0,204,217
2024-08-10 23:30:00,49.9,49.9,207,219
2024-08-10 23:32:00,49.9,49.9,200,214
2024-08-10 23:34:00,49.9,49.9,202,215
2024-08-10 23:36:00,49.9,49.9,205,218
2024-08-10 23:38:00,49.7,49.7,202,216
2024-08-10 23:40:00,49.9,49.9,204,217
2024-08-10 23:42:00,49.8,49.8,207,218
2024-08-10 23:44:00,50.0,50.1,204,215
2024-08-10 23:46:00,49.8,49.7,203,216
2024-08-10 23:48:00,49.9,49.9,207,217
2024-08-10 23:50:00,49.7,49.7,205,216
2024-08-10 23:52:00,50.0,50.0,204,216
2024-08-10 23:54:00,49.9,49.8,205,216
2024-08-10 23:56:00,49.9,50.0,207,217
2024-08-10 23:58:00,49.9,49.9,204,216
2024-08-11 00:00:00,49.9,49.9,205,216
2024-08-11 00:02:00,50.3,50.3,208,220
2024-08-11 00:04:00,49.9,50.0,204,217
2024-08-11 00:06:00,49.8,49.8,205,217
2024-08-11 00:08:00,50.0,50.1,206,218
2024-08-11 00:10:00,50.0,50.0,203,216
2024-08-11 00:12:00,49.9,49.9,203,216
2024-08-11 00:14:00,50.0,50.0,207,218
2024-08-11 00:16:00,50.0,50.0,204,218
2024-08-11 00:18:00,49.9,49.9,206,219
2024-08-11 00:20:00,49.9,49.9,207,219
2024-08-11 00:22:00,50.0,50.0,205,219
2024-08-11 00:24:00,49.9,50.0,205,219
2024-08-11 00:26:00,50.0,50.0,207,220
2024-08-11 00:28:00,50.1,50.1,207,222
2024-08-11 00:30:00,49.9,50.0,205,220
2024-08-11 00:32:00,50.0,50.0,207,221
2024-08-11 00:34:00,50.0,50.0,206,221
2024-08-11 00:36:00,50.1,50.1,205,221
2024-08-11 00:38:00,50.0,50,208,221
2024-08-11 00:40:00,50.0,50.0,209,222
2024-08-11 00:42:00,49.9,49.8,205,221
2024-08-11 00:44:00,50.3,50.2,208,221
2024-08-11 00:46:00,50.0,50.0,208,221
2024-08-11 00:48:00,50.1,50.1,206,221
2024-08-11 00:50:00,50.1,50.1,209,222
2024-08-11 00:52:00,50.0,50.1,209,224
2024-08-11 00:54:00,49.9,50.0,206,223
2024-08-11 00:56:00,50.0,50.1,209,224
2024-08-11 00:58:00,50.1,50.2,209,224
2024-08-11 01:00:00,50.0,50.0,207,223
2024-08-11 01:02:00,50.1,50.1,208,223
2024-08-11 01:04:00,50.0,50.0,207,222
2024-08-11 01:06:00,50.0,49.9,206,223
2024-08-11 01:08:00,50.2,50.2,208,223
2024-08-11 01:10:00,50.0,50.0,208,223
2024-08-11 01:12:00,49.9,49.8,205,222
2024-08-11 01:14:00,50.2,50.2,209,225
2024-08-11 01:16:00,50.0,50.0,207,223
2024-08-11 01:18:00,49.9,49.9,205,222
2024-08-11 01:20:00,50.1,50.2,206,223
2024-08-11 01:22:00,49.9,49.9,208,223
2024-08-11 01:24:00,50.0,50.0,207,223
2024-08-11 01:26:00,50.0,50.0,207,223
2024-08-11 01:28:00,50.2,50.2,209,223
2024-08-11 01:30:00,50.1,50.1,206,222
2024-08-11 01:32:00,50.1,50.1,207,223
2024-08-11 01:34:00,50.0,50.1,209,224
2024-08-11 01:36:00,50.2,50.2,207,223
2024-08-11 01:38:00,50.1,50.1,207,224
2024-08-11 01:40:00,50.2,50.2,210,225
2024-08-11 01:42:00,50.3,50.3,208,224
2024-08-11 01:44:00,50.2,50.2,209,224
2024-08-11 01:46:00,50.1,50.1,210,226
2024-08-11 01:48:00,50.1,50.1,207,225
2024-08-11 01:50:00,50.1,50.1,206,223
2024-08-11 01:52:00,50.2,50.3,209,224
2024-08-11 01:54:00,50.1,50.1,209,225
2024-08-11 01:56:00,50.1,50.1,209,227
2024-08-11 01:58:00,49.9,49.9,209,227
2024-08-11 02:00:00,50.2,50.1,209,226
2024-08-11 02:02:00,50.1,50.1,207,226
2024-08-11 02:04:00,50.0,49.9,209,226
2024-08-11 02:06:00,50.2,50.2,210,227
2024-08-11 02:08:00,50.1,50.1,206,224
2024-08-11 02:10:00,50,50.0,209,226
2024-08-11 02:12:00,50.1,50.1,208,224
2024-08-11 02:14:00,50.1,50.1,208,226
2024-08-11 02:16:00,50.0,50.0,210,226
2024-08-11 02:18:00,50.1,50.0,210,228
2024-08-11 02:20:00,50.4,50.5,207,227
2024-08-11 02:22:00,50.0,50.0,207,226
2024-08-11 02:24:00,50.2,50.1,208,226
2024-08-11 02:26:00,50.0,50.0,205,225
2024-08-11 02:28:00,50.0,50.1,206,225
2024-08-11 02:30:00,50.0,50.0,207,225
2024-08-11 02:32:00,50.1,50.1,208,226
2024-08-11 02:34:00,50.0,50.0,207,225
2024-08-11 02:36:00,50.0,50.0,208,225
2024-08-11 02:38:00,50.5,50.5,208,226
2024-08-11 02:40:00,50.0,50.0,207,225
2024-08-11 02:42:00,50.2,50.2,209,226
2024-08-11 02:44:00,50.0,50.0,207,225
2024-08-11 02:46:00,50.4,50.3,208,226
2024-08-11 02:48:00,50.2,50.2,209,226
2024-08-11 02:50:00,50.2,50.3,209,227
2024-08-11 02:52:00,50.1,50.1,209,227
2024-08-11 02:54:00,50.1,50.1,209,226
2024-08-11 02:56:00,50.1,50.1,207,226
2024-08-11 02:58:00,50.1,50.1,208,226
2024-08-11 03:00:00,50.3,50.3,210,226
2024-08-11 03:02:00,50.0,50.0,208,226
2024-08-11 03:04:00,50.0,50.0,209,227
2024-08-11 03:06:00,50.3,50.3,211,228
2024-08-11 03:08:00,50.2,50.2,211,228
2024-08-11 03:10:00,50.3,50.3,209,226
2024-08-11 03:12:00,50.2,50.2,211,227
2024-08-11 03:14:00,50.1,50.1,211,227
2024-08-11 03:16:00,50.2,50.2,210,228
2024-08-11 03:18:00,50.1,50.1,211,227
2024-08-11 03:20:00,50.3,50.3,211,226
2024-08-11 03:22:00,50.2,50.1,209,226
2024-08-11 03:24:00,50.3,50.2,211,228
2024-08-11 03:26:00,50.0,50.0,211,228
2024-08-11 03:28:00,50.2,50.1,209,226
2024-08-11 03:30:00,50.2,50.3,211,227
2024-08-11 03:32:00,50.1,50.2,210,226
2024-08-11 03:34:00,49.9,49.9,207,225
2024-08-11 03:36:00,50.0,50.0,211,227
2024-08-11 03:38:00,50.0,50.1,211,227
2024-08-11 03:40:00,50.3,50.3,209,226
2024-08-11 03:42:00,50.2,50.2,210,227
2024-08-11 03:44:00,50.3,50.3,212,228
2024-08-11 03:46:00,50.0,49.9,209,226
2024-08-11 03:48:00,49.9,49.9,209,226
2024-08-11 03:50:00,50.2,50.2,211,227
2024-08-11 03:52:00,50.2,50.2,210,227
2024-08-11 03:54:00,50.2,50.2,209,226
2024-08-11 03:56:00,50.1,50.0,211,227
2024-08-11 03:58:00,50.3,50.3,209,226
2024-08-11 04:00:00,50.0,50.0,209,226
2024-08-11 04:02:00,50.3,50.3,211,228
2024-08-11 04:04:00,50.1,50.1,209,228
2024-08-11 04:06:00,50.3,50.2,207,226
2024-08-11 04:08:00,50.2,50.1,210,227
2024-08-11 04:10:00,50.2,50.2,208,226
2024-08-11 04:12:00,50.1,50.0,209,226
2024-08-11 04:14:00,50.3,50.3,210,226
2024-08-11 04:16:00,50.2,50.3,210,227
2024-08-11 04:18:00,50.2,50.2,209,225
2024-08-11 04:20:00,50.2,50.1,211,226
2024-08-11 04:22:00,50.2,50.2,211,226
2024-08-11 04:24:00,50.2,50.1,211,227
2024-08-11 04:26:00,50.2,50.2,211,229
2024-08-11 04:28:00,50.1,50.1,210,228
2024-08-11 04:30:00,50.1,50.1,208,227
2024-08-11 04:32:00,50.2,50.2,210,228
2024-08-11 04:34:00,50.1,50.1,211,228
2024-08-11 04:36:00,50.0,50.0,209,226
2024-08-11 04:38:00,50.1,50.2,211,228
2024-08-11 04:40:00,50.0,50.1,211,230
2024-08-11 04:42:00,50.1,50.1,208,228
2024-08-11 04:44:00,50.2,50.2,209,228
2024-08-11 04:46:00,50.1,50.1,209,228
2024-08-11 04:48:00,50.2,50.2,209,228
2024-08-11 04:50:00,50.2,50.2,211,230
2024-08-11 04:52:00,50.1,50.1,211,229
2024-08-11 04:54:00,50.2,50.1,209,229
2024-08-11 04:56:00,50.0,50.0,210,229
2024-08-11 04:58:00,50.1,50.1,211,230
2024-08-11 05:00:00,50.2,50.2,209,228
2024-08-11 05:02:00,50.1,50.1,209,228
2024-08-11 05:04:00,50.1,50.0,211,229
2024-08-11 05:06:00,50.1,50.0,209,228
2024-08-11 05:08:00,50.0,50.1,209,228
2024-08-11 05:10:00,50.1,50.2,210,228
2024-08-11 05:12:00,50.0,50.0,208,227
2024-08-11 05:14:00,50.1,50.1,208,226
2024-08-11 05:16:00,50.1,50.0,211,228
2024-08-11 05:18:00,50.0,50.1,207,226
2024-08-11 05:20:00,50.1,50.1,208,227
2024-08-11 05:22:00,50,50.0,211,228
2024-08-11 05:24:00,50.1,50.1,209,227
2024-08-11 05:26:00,50.0,50.0,209,226
2024-08-11 05:28:00,49.8,49.8,211,227
2024-08-11 05:30:00,50.0,50,211,228
2024-08-11 05:32:00,50.0,50.0,209,226
2024-08-11 05:34:00,50.1,50.1,210,227
2024-08-11 05:36:00,49.9,49.9,211,228
2024-08-11 05:38:00,50.2,50.2,208,227
2024-08-11 05:40:00,50.0,50.0,210,226
2024-08-11 05:42:00,49.9,49.9,209,226
2024-08-11 05:44:00,49.9,50.0,207,225
2024-08-11 05:46:00,50.1,50.1,211,226
2024-08-11 05:48:00,49.8,49.8,211,226
2024-08-11 05:50:00,50.0,49.9,209,226
2024-08-11 05:52:00,49.8,49.8,210,226
2024-08-11 05:54:00,50.0,50.0,209,227
2024-08-11 05:56:00,49.9,49.9,207,226
2024-08-11 05:58:00,50.0,49.9,209,225
2024-08-11 06:00:00,49.9,49.9,205,221
2024-08-11 06:02:00,49.9,49.9,206,219
2024-08-11 06:04:00,49.9,49.8,211,222
2024-08-11 06:06:00,50.0,49.9,209,225
2024-08-11 06:08:00,49.9,49.8,208,226
2024-08-11 06:10:00,50.3,50.3,209,228
2024-08-11 06:12:00,50.0,50.0,210,229
2024-08-11 06:14:00,49.9,49.9,205,226
2024-08-11 06:16:00,49.7,49.7,209,228
2024-08-11 06:18:00,50.1,50.1,210,229
2024-08-11 06:20:00,49.9,49.8,207,227
2024-08-11 06:22:00,50.0,50.0,204,223
2024-08-11 06:24:00,49.8,49.8,205,219
2024-08-11 06:26:00,50.0,50.0,208,219
2024-08-11 06:28:00,49.7,49.7,206,220
2024-08-11 06:30:00,50.1,50.0,207,225
2024-08-11 06:32:00,50.0,49.9,206,220
2024-08-11 06:34:00,49.9,49.9,207,223
2024-08-11 06:36:00,49.7,49.6,209,222
2024-08-11 06:38:00,50.0,50.0,208,221
2024-08-11 06:40:00,49.9,49.9,209,222
2024-08-11 06:42:00,49.9,49.9,207,220
2024-08-11 06:44:00,49.7,49.7,204,219
2024-08-11 06:46:00,50.0,50.0,205,222
2024-08-11 06:48:00,49.8,49.8,210,223
2024-08-11 06:50:00,50,50.1,209,224
2024-08-11 06:52:00,49.8,49.8,205,221
2024-08-11 06:54:00,50.2,50.2,205,221
2024-08-11 06:56:00,49.8,49.8,208,219
2024-08-11 06:58:00,49.8,49.8,204,218
2024-08-11 07:00:00,49.8,49.8,206,217
2024-08-11 07:02:00,49.7,49.7,208,221
2024-08-11 07:04:00,49.8,49.8,205,221
2024-08-11 07:06:00,49.7,49.7,205,214
2024-08-11 07:08:00,49.6,49.5,206,216
2024-08-11 07:10:00,49.7,49.7,202,221
2024-08-11 07:12:00,49.4,49.4,206,218
2024-08-11 07:14:00,49.6,49.5,207,219
2024-08-11 07:16:00,49.6,49.7,205,209
2024-08-11 07:18:00,49.7,49.6,204,215
2024-08-11 07:20:00,49.5,49.4,207,216
2024-08-11 07:22:00,49.6,49.6,209,221
2024-08-11 07:24:00,49.5,49.6,205,220
2024-08-11 07:26:00,49.9,49.8,205,219
2024-08-11 07:28:00,49.7,49.6,206,217
2024-08-11 07:30:00,49.7,49.7,203,217
2024-08-11 07:32:00,49.5,49.6,204,219
2024-08-11 07:34:00,49.6,49.6,204,213
2024-08-11 07:36:00,49.5,49.5,201,214
2024-08-11 07:38:00,49.6,49.7,202,212
2024-08-11 07:40:00,49.8,49.8,202,206
2024-08-11 07:42:00,49.8,49.8,205,210
2024-08-11 07:44:00,49.6,49.5,200,202
2024-08-11 07:46:00,49.7,49.6,204,205
2024-08-11 07:48:00,49.6,49.5,203,206
2024-08-11 07:50:00,49.6,49.6,202,206
2024-08-11 07:52:00,49.8,49.7,203,205
2024-08-11 07:54:00,49.5,49.5,203,205
2024-08-11 07:56:00,49.8,49.7,202,210
2024-08-11 07:58:00,49.6,49.6,202,205
2024-08-11 08:00:00,49.6,49.6,201,208
2024-08-11 08:02:00,49.5,49.5,199,208
2024-08-11 08:04:00,49.7,49.6,203,211
2024-08-11 08:06:00,49.9,49.9,203,211
2024-08-11 08:08:00,50.0,50.0,204,210
2024-08-11 08:10:00,49.7,49.7,204,209
2024-08-11 08:12:00,49.7,49.6,204,208
2024-08-11 08:14:00,49.6,49.7,203,210
2024-08-11 08:16:00,49.9,50.0,203,206
2024-08-11 08:18:00,49.9,49.8,204,208
2024-08-11 08:20:00,49.7,49.8,202,209
2024-08-11 08:22:00,49.5,49.5,202,203
2024-08-11 08:24:00,49.9,49.9,206,206
2024-08-11 08:26:00,49.8,49.8,202,206
2024-08-11 08:28:00,49.6,49.6,201,206
2024-08-11 08:30:00,49.8,49.8,201,201
2024-08-11 08:32:00,49.8,49.8,202,208
2024-08-11 08:34:00,49.6,49.6,203,207
2024-08-11 08:36:00,49.5,49.5,204,209
2024-08-11 08:38:00,49.9,49.8,202,209
2024-08-11 08:40:00,49.8,49.8,197,201
2024-08-11 08:42:00,49.8,49.8,204,204
2024-08-11 08:44:00,49.4,49.3,199,203
2024-08-11 08:46:00,49.6,49.6,201,205
2024-08-11 08:48:00,49.5,49.5,202,209
2024-08-11 08:50:00,49.7,49.7,198,199
2024-08-11 08:52:00,49.4,49.5,199,200
2024-08-11 08:54:00,49.6,49.6,200,201
2024-08-11 08:56:00,49.8,49.8,202,204
2024-08-11 08:58:00,49.8,49.7,201,201
2024-08-11 09:00:00,49.6,49.7,201,201
2024-08-11 09:02:00,49.8,49.8,200,200
2024-08-11 09:04:00,49.5,49.5,202,207
2024-08-11 09:06:00,49.5,49.5,204,207
2024-08-11 09:08:00,49.5,49.5,199,204
2024-08-11 09:10:00,49.8,49.8,204,207
2024-08-11 09:12:00,49.6,49.6,206,210
2024-08-11 09:14:00,49.5,49.5,200,206
2024-08-11 09:16:00,49.6,49.6,203,207
2024-08-11 09:18:00,49.5,49.5,202,211
2024-08-11 09:20:00,49.8,49.9,197,209
2024-08-11 09:22:00,49.7,49.6,200,212
2024-08-11 09:24:00,49.8,49.8,199,210
2024-08-11 09:26:00,49.6,49.5,202,211
2024-08-11 09:28:00,49.8,49.8,197,207
2024-08-11 09:30:00,49.7,49.7,199,209
2024-08-11 09:32:00,49.6,49.6,199,207
2024-08-11 09:34:00,49.6,49.6,199,209
2024-08-11 09:36:00,49.6,49.5,202,211
2024-08-11 09:38:00,49.6,49.5,200,209
2024-08-11 09:40:00,49.7,49.7,197,202
2024-08-11 09:42:00,49.6,49.6,200,204
2024-08-11 09:44:00,49.6,49.6,204,207
2024-08-11 09:46:00,49.9,49.9,204,211
2024-08-11 09:48:00,49.6,49.6,199,208
2024-08-11 09:50:00,49.5,49.6,202,214
2024-08-11 09:52:00,49.6,49.7,199,203
2024-08-11 09:54:00,49.7,49.7,200,203
2024-08-11 09:56:00,49.8,49.8,204,209
2024-08-11 09:58:00,49.8,49.8,198,204
2024-08-11 10:00:00,49.6,49.6,197,200
2024-08-11 10:02:00,49.8,49.9,202,207
2024-08-11 10:04:00,49.8,49.7,200,203
2024-08-11 10:06:00,49.7,49.7,198,200
2024-08-11 10:08:00,49.6,49.7,200,204
2024-08-11 10:10:00,50.0,50.0,202,205
2024-08-11 10:12:00,49.6,49.7,201,205
2024-08-11 10:14:00,49.7,49.7,198,201
2024-08-11 10:16:00,49.7,49.7,197,199
2024-08-11 10:18:00,49.7,49.7,196,197
2024-08-11 10:20:00,49.7,49.7,202,212
2024-08-11 10:22:00,50.0,50.0,200,199
2024-08-11 10:24:00,50.0,50.0,198,203
2024-08-11 10:26:00,49.8,49.8,197,200
2024-08-11 10:28:00,49.6,49.6,201,202
2024-08-11 10:30:00,49.8,49.8,202,208
2024-08-11 10:32:00,49.5,49.5,201,207
2024-08-11 10:34:00,49.7,49.7,204,207
2024-08-11 10:36:00,49.6,49.6,195,199
2024-08-11 10:38:00,49.9,49.8,200,208
2024-08-11 10:40:00,49.6,49.6,197,202
2024-08-11 10:42:00,49.7,49.7,201,204
2024-08-11 10:44:00,49.8,49.7,202,205
2024-08-11 10:46:00,49.5,49.5,202,202
2024-08-11 10:48:00,49.4,49.4,200,199
2024-08-11 10:50:00,49.6,49.6,199,199
2024-08-11 10:52:00,49.8,49.8,202,205
2024-08-11 10:54:00,49.8,49.8,202,207
2024-08-11 10:56:00,49.6,49.5,199,206
2024-08-11 10:58:00,49.9,49.9,204,210
2024-08-11 11:00:00,49.2,49.3,199,202
2024-08-11 11:02:00,49.7,49.7,202,213
2024-08-11 11:04:00,49.8,49.9,202,212
2024-08-11 11:06:00,49.5,49.6,204,211
2024-08-11 11:08:00,49.7,49.7,201,207
2024-08-11 11:10:00,49.9,49.8,204,213
2024-08-11 11:12:00,49.8,49.8,204,212
2024-08-11 11:14:00,49.7,49.7,202,209
2024-08-11 11:16:00,49.5,49.5,207,214
2024-08-11 11:18:00,49.6,49.6,200,207
2024-08-11 11:20:00,49.7,49.7,197,206
2024-08-11 11:22:00,49.6,49.5,199,205
2024-08-11 11:24:00,50.0,50.0,200,208
2024-08-11 11:26:00,49.7,49.8,198,204
2024-08-11 11:28:00,49.6,49.6,203,207
2024-08-11 11:30:00,49.9,49.8,199,202
2024-08-11 11:32:00,49.6,49.7,199,203
2024-08-11 11:34:00,49.8,49.8,202,205
2024-08-11 11:36:00,49.5,49.6,200,204
2024-08-11 11:38:00,49.6,49.6,201,204
2024-08-11 11:40:00,49.5,49.5,198,204
2024-08-11 11:42:00,49.8,49.8,202,204
2024-08-11 11:44:00,49.5,49.5,200,202
2024-08-11 11:46:00,49.7,49.7,202,205
2024-08-11 11:48:00,49.6,49.5,197,196
2024-08-11 11:50:00,49.8,49.7,199,204
2024-08-11 11:52:00,49.6,49.6,197,201
2024-08-11 11:54:00,49.6,49.6,202,214
2024-08-11 11:56:00,49.7,49.7,200,204
2024-08-11 11:58:00,49.8,49.7,199,203
2024-08-11 12:00:00,50.0,50.0,202,205
2024-08-11 12:02:00,49.5,49.5,202,205
2024-08-11 12:04:00,49.8,49.8,202,206
2024-08-11 12:06:00,49.8,49.8,199,199
2024-08-11 12:08:00,49.8,49.8,202,205
2024-08-11 12:10:00,49.7,49.6,200,206
2024-08-11 12:12:00,49.9,49.9,202,207
2024-08-11 12:14:00,49.5,49.6,199,204
2024-08-11 12:16:00,49.8,49.7,198,204
2024-08-11 12:18:00,49.7,49.7,197,201
2024-08-11 12:20:00,49.8,49.8,203,207
2024-08-11 12:22:00,49.8,49.9,199,204
2024-08-11 12:24:00,49.7,49.7,201,207
2024-08-11 12:26:00,49.7,49.6,203,208
2024-08-11 12:28:00,49.7,49.8,197,204
2024-08-11 12:30:00,49.8,49.7,203,208
2024-08-11 12:32:00,49.6,49.6,204,208
2024-08-11 12:34:00,49.7,49.7,199,204
2024-08-11 12:36:00,49.6,49.6,199,205
2024-08-11 12:38:00,49.7,49.7,202,207
2024-08-11 12:40:00,49.7,49.7,201,207
2024-08-11 12:42:00,49.6,49.7,200,206
2024-08-11 12:44:00,49.6,49.7,199,202
2024-08-11 12:46:00,49.8,49.9,202,205
2024-08-11 12:48:00,49.5,49.5,199,202
2024-08-11 12:50:00,49.8,49.7,203,205
2024-08-11 12:52:00,49.6,49.6,199,202
2024-08-11 12:54:00,49.7,49.6,198,202
2024-08-11 12:56:00,49.5,49.6,199,202
2024-08-11 12:58:00,49.6,49.7,202,206
2024-08-11 13:00:00,49.8,49.8,202,207
2024-08-11 13:02:00,49.9,49.9,202,205
2024-08-11 13:04:00,49.7,49.7,198,204
2024-08-11 13:06:00,49.8,49.8,198,202
2024-08-11 13:08:00,49.3,49.4,202,201
2024-08-11 13:10:00,49.7,49.7,198,196
2024-08-11 13:12:00,49.7,49.7,200,204
2024-08-11 13:14:00,49.9,49.8,201,203
2024-08-11 13:16:00,49.8,49.8,200,204
2024-08-11 13:18:00,49.7,49.7,199,204
2024-08-11 13:20:00,49.5,49.5,200,204
2024-08-11 13:22:00,49.7,49.7,202,204
2024-08-11 13:24:00,50.1,50.1,201,205
2024-08-11 13:26:00,49.7,49.7,199,202
2024-08-11 13:28:00,49.9,49.8,203,208
2024-08-11 13:30:00,49.5,49.5,200,209
2024-08-11 13:32:00,49.7,49.7,200,207
2024-08-11 13:34:00,49.7,49.7,202,210
2024-08-11 13:36:00,49.9,49.8,204,209
2024-08-11 13:38:00,49.6,49.6,194,203
2024-08-11 13:40:00,49.6,49.6,197,197
2024-08-11 13:42:00,49.7,49.8,197,201
2024-08-11 13:44:00,49.6,49.6,197,204
2024-08-11 13:46:00,50.0,50.0,199,205
2024-08-11 13:48:00,49.7,49.7,204,210
2024-08-11 13:50:00,49.8,49.8,194,201
2024-08-11 13:52:00,49.7,49.7,196,204
2024-08-11 13:54:00,49.8,49.8,197,207
2024-08-11 13:56:00,49.6,49.6,205,210
2024-08-11 13:58:00,49.8,49.7,198,203
2024-08-11 14:00:00,49.7,50.0,197,206
2024-08-11 14:02:00,49.6,49.6,200,207
2024-08-11 14:04:00,49.9,49.9,199,208
2024-08-11 14:06:00,49.7,49.7,200,207
2024-08-11 14:08:00,49.7,49.7,199,211
2024-08-11 14:10:00,49.7,49.7,204,216
2024-08-11 14:12:00,49.7,49.8,199,213
2024-08-11 14:14:00,49.7,49.7,198,214
2024-08-11 14:16:00,49.5,49.5,195,204
2024-08-11 14:18:00,49.6,50.0,196,211
2024-08-11 14:20:00,49.8,49.8,197,207
2024-08-11 14:22:00,49.9,49.9,197,204
2024-08-11 14:24:00,49.7,49.7,195,210
2024-08-11 14:26:00,49.7,49.8,196,211
2024-08-11 14:28:00,49.5,49.6,194,201
2024-08-11 14:30:00,49.6,49.7,194,204
2024-08-11 14:32:00,49.6,49.6,192,201
2024-08-11 14:34:00,49.6,49.6,197,202
2024-08-11 14:36:00,49.9,49.8,196,200
2024-08-11 14:38:00,49.7,49.7,193,198
2024-08-11 14:40:00,49.7,49.7,197,204
2024-08-11 14:42:00,49.5,49.5,206,213
2024-08-11 14:44:00,49.7,49.7,198,205
2024-08-11 14:46:00,49.6,49.6,199,209
2024-08-11 14:48:00,49.7,49.7,198,210
2024-08-11 14:50:00,49.5,49.6,196,208
2024-08-11 14:52:00,49.6,49.6,198,209
2024-08-11 14:54:00,49.5,49.5,195,205
2024-08-11 14:56:00,49.7,49.8,202,209
2024-08-11 14:58:00,49.8,49.9,199,207
2024-08-11 15:00:00,49.7,49.7,199,219
2024-08-11 15:02:00,49.7,49.6,195,215
2024-08-11 15:04:00,49.7,49.7,199,204
2024-08-11 15:06:00,49.9,49.8,195,209
2024-08-11 15:08:00,49.5,49.5,199,204
2024-08-11 15:10:00,49.8,49.8,194,211
2024-08-11 15:12:00,49.8,49.8,199,211
2024-08-11 15:14:00,49.6,49.6,202,214
2024-08-11 15:16:00,49.9,49.9,200,212
2024-08-11 15:18:00,49.8,49.8,201,210
2024-08-11 15:20:00,49.7,49.6,202,209
2024-08-11 15:22:00,49.6,49.6,200,206
2024-08-11 15:24:00,49.7,49.8,200,207
2024-08-11 15:26:00,49.7,49.7,200,207
2024-08-11 15:28:00,49.7,48.7,197,207
2024-08-11 15:30:00,49.8,49.8,198,207
2024-08-11 15:32:00,49.6,49.6,199,214
2024-08-11 15:34:00,49.4,49.5,197,204
2024-08-11 15:36:00,49.6,49.6,199,205
2024-08-11 15:38:00,49.7,49.8,204,211
2024-08-11 15:40:00,49.9,49.9,201,207
2024-08-11 15:42:00,49.8,49.8,199,207
2024-08-11 15:44:00,49.6,49.6,201,209
2024-08-11 15:46:00,50.0,50.0,201,207
2024-08-11 15:48:00,49.7,49.8,198,207
2024-08-11 15:50:00,49.8,49.8,202,211
2024-08-11 15:52:00,49.5,49.5,203,216
2024-08-11 15:54:00,49.5,49.5,197,203
2024-08-11 15:56:00,49.6,49.6,202,206
2024-08-11 15:58:00,49.6,49.6,202,206
2024-08-11 16:00:00,49.5,49.5,200,207
2024-08-11 16:02:00,49.7,49.7,202,207
2024-08-11 16:04:00,49.8,49.9,202,208
2024-08-11 16:06:00,49.8,49.7,198,204
2024-08-11 16:08:00,49.5,49.6,200,204
2024-08-11 16:10:00,49.5,49.4,200,203
2024-08-11 16:12:00,49.7,49.7,198,205
2024-08-11 16:14:00,49.5,49.4,198,204
2024-08-11 16:16:00,49.6,49.6,200,202
2024-08-11 16:18:00,49.5,49.5,197,201
2024-08-11 16:20:00,49.4,49.3,200,200
2024-08-11 16:22:00,49.8,49.7,201,200
2024-08-11 16:24:00,49.7,49.7,199,200
2024-08-11 16:26:00,49.7,49.6,202,203
2024-08-11 16:28:00,49.7,49.7,203,205
2024-08-11 16:30:00,49.5,49.5,199,202
2024-08-11 16:32:00,49.7,49.7,198,202
2024-08-11 16:34:00,49.5,49.6,201,203
2024-08-11 16:36:00,49.7,48.7,197,199
2024-08-11 16:38:00,49.6,49.6,199,202
2024-08-11 16:40:00,49.5,49.5,199,204
2024-08-11 16:42:00,49.8,49.8,202,204
2024-08-11 16:44:00,49.7,49.8,195,205
2024-08-11 16:46:00,49.5,49.5,199,210
2024-08-11 16:48:00,49.5,49.6,198,199
2024-08-11 16:50:00,49.6,49.6,197,199
2024-08-11 16:52:00,49.6,49.6,200,202
2024-08-11 16:54:00,49.5,49.5,197,202
2024-08-11 16:56:00,49.6,49.6,197,202
2024-08-11 16:58:00,49.5,49.6,199,202
2024-08-11 17:00:00,49.7,49.7,201,211
2024-08-11 17:02:00,49.8,49.7,197,200
2024-08-11 17:04:00,49.6,49.7,197,206
2024-08-11 17:06:00,49.5,49.5,199,201
2024-08-11 17:08:00,49.6,49.6,198,197
2024-08-11 17:10:00,49.5,49.5,197,194
2024-08-11 17:12:00,49.7,49.7,200,198
2024-08-11 17:14:00,49.5,49.5,199,206
2024-08-11 17:16:00,49.5,49.4,197,197
2024-08-11 17:18:00,49.6,49.6,201,201
2024-08-11 17:20:00,49.5,49.5,199,199
2024-08-11 17:22:00,49.5,49.5,199,198
2024-08-11 17:24:00,49.7,49.7,201,200
2024-08-11 17:26:00,49.7,49.7,197,197
2024-08-11 17:28:00,49.8,49.8,199,197
2024-08-11 17:30:00,49.4,49.3,200,196
2024-08-11 17:32:00,49.7,49.6,199,197
2024-08-11 17:34:00,49.5,49.5,199,199
2024-08-11 17:36:00,49.4,49.4,199,197
2024-08-11 17:38:00,49.5,49.5,200,199
2024-08-11 17:40:00,49.4,49.4,198,197
2024-08-11 17:42:00,49.5,49.5,197,196
2024-08-11 17:44:00,49.5,49.5,197,194
2024-08-11 17:46:00,49.6,49.6,197,196
2024-08-11 17:48:00,49.3,49.3,199,195
2024-08-11 17:50:00,49.6,49.5,199,197
2024-08-11 17:52:00,49.7,49.6,198,195
2024-08-11 17:54:00,49.5,49.5,199,193
2024-08-11 17:56:00,49.4,49.4,202,196
2024-08-11 17:58:00,49.4,49.4,197,194
2024-08-11 18:00:00,49.5,49.5,199,194
2024-08-11 18:02:00,49.5,49.6,197,192
2024-08-11 18:04:00,49.4,49.4,198,194
2024-08-11 18:06:00,49.5,49.5,197,192
2024-08-11 18:08:00,49.4,49.3,200,194
2024-08-11 18:10:00,49.5,49.4,197,191
2024-08-11 18:12:00,49.4,49.4,197,192
2024-08-11 18:14:00,49.3,49.3,201,194
2024-08-11 18:16:00,49.3,49.2,196,193
2024-08-11 18:18:00,49.1,49.1,197,191
2024-08-11 18:20:00,49.2,49.2,197,190
2024-08-11 18:22:00,49.3,49.3,196,191
2024-08-11 18:24:00,49.3,49.3,196,189
2024-08-11 18:26:00,49.2,49.2,199,191
2024-08-11 18:28:00,49.2,49.2,199,193
2024-08-11 18:30:00,49.1,49.1,197,191
2024-08-11 18:32:00,49.2,49.2,202,196
2024-08-11 18:34:00,49.3,49.4,194,195
2024-08-11 18:36:00,49.3,49.4,195,196
2024-08-11 18:38:00,49.3,49.3,194,192
2024-08-11 18:40:00,49.1,49.1,197,193
2024-08-11 18:42:00,49.2,49.1,196,193
2024-08-11 18:44:00,49.5,49.5,199,197
2024-08-11 18:46:00,49.3,49.3,197,195
2024-08-11 18:48:00,49.5,49.4,194,192
2024-08-11 18:50:00,49.9,49.8,198,198
2024-08-11 18:52:00,49.3,49.4,197,197
2024-08-11 18:54:00,49.6,49.6,196,194
2024-08-11 18:56:00,49.4,49.5,192,198
2024-08-11 18:58:00,49.8,49.8,193,199
2024-08-11 19:00:00,49.5,49.5,190,190
2024-08-11 19:02:00,49.7,49.7,190,187
2024-08-11 19:04:00,49.5,49.4,195,194
2024-08-11 19:06:00,50.3,50.2,194,194
2024-08-11 19:08:00,49.3,49.3,190,194
2024-08-11 19:10:00,49.3,49.4,197,200
2024-08-11 19:12:00,49.5,49.5,194,199
2024-08-11 19:14:00,49.5,49.5,192,197
2024-08-11 19:16:00,49.2,49.3,196,196
2024-08-11 19:18:00,49.3,49.2,193,194
2024-08-11 19:20:00,49.3,49.3,192,195
2024-08-11 19:22:00,49.7,49.7,197,199
2024-08-11 19:24:00,49.2,49.2,194,195
2024-08-11 19:26:00,49.5,49.6,192,190
2024-08-11 19:28:00,49.4,49.3,194,190
2024-08-11 19:30:00,49.4,49.4,197,195
2024-08-11 19:32:00,49.3,49.3,192,193
2024-08-11 19:34:00,49.5,49.5,194,191
2024-08-11 19:36:00,49.3,49.2,190,187
2024-08-11 19:38:00,49.5,49.5,191,187
2024-08-11 19:40:00,49.3,49.3,187,185
2024-08-11 19:42:00,49.4,49.4,194,190
2024-08-11 19:44:00,49.4,49.4,194,192
2024-08-11 19:46:00,49.5,49.5,188,187
2024-08-11 19:48:00,49.4,49.5,192,190
2024-08-11 19:50:00,49.6,49.6,197,192
2024-08-11 19:52:00,49.3,49.3,192,190
2024-08-11 19:54:00,49.3,49.3,191,188
2024-08-11 19:56:00,49.7,49.7,194,186
2024-08-11 19:58:00,49.4,49.3,187,184
2024-08-11 20:00:00,49.5,49.5,191,187
2024-08-11 20:02:00,49.6,49.6,190,185
2024-08-11 20:04:00,49.5,49.4,190,184
2024-08-11 20:06:00,49.5,49.5,192,190
2024-08-11 20:08:00,49.5,49.4,193,190
2024-08-11 20:10:00,49.4,49.4,196,192
2024-08-11 20:12:00,49.3,49.4,191,191
2024-08-11 20:14:00,49.3,49.4,191,191
2024-08-11 20:16:00,49.8,49.8,194,194
2024-08-11 20:18:00,49.7,49.6,190,191
2024-08-11 20:20:00,49.3,49.3,194,194
2024-08-11 20:22:00,49.5,49.5,192,191
2024-08-11 20:24:00,49.3,49.3,197,194
2024-08-11 20:26:00,49.3,49.3,194,194
2024-08-11 20:28:00,49.5,49.5,192,193
2024-08-11 20:30:00,49.5,49.6,197,197
2024-08-11 20:32:00,49.5,49.5,191,192
2024-08-11 20:34:00,49.6,49.6,192,194
2024-08-11 20:36:00,49.2,49.2,194,189
2024-08-11 20:38:00,49.1,49.1,193,191
2024-08-11 20:40:00,49.6,49.5,194,192
2024-08-11 20:42:00,49.4,49.4,196,194
2024-08-11 20:44:00,49.5,49.5,194,192
2024-08-11 20:46:00,49.6,49.6,192,192
2024-08-11 20:48:00,49.3,49.4,193,191
2024-08-11 20:50:00,49.5,49.4,194,192
2024-08-11 20:52:00,49.4,49.4,193,191
2024-08-11 20:54:00,49.1,49.2,195,192
2024-08-11 20:56:00,49.4,49.4,197,196
2024-08-11 20:58:00,49.7,49.6,194,194
2024-08-11 21:00:00,49.5,49.5,196,195
2024-08-11 21:02:00,49.6,49.7,198,198
2024-08-11 21:04:00,49.5,49.5,194,195
2024-08-11 21:06:00,49.5,49.5,196,196
2024-08-11 21:08:00,49.6,49.6,197,199
2024-08-11 21:10:00,49.5,49.5,199,202
2024-08-11 21:12:00,49.5,49.5,198,200
2024-08-11 21:14:00,49.5,49.6,201,202
2024-08-11 21:16:00,49.4,49.3,198,199
2024-08-11 21:18:00,49.2,49.2,197,197
2024-08-11 21:20:00,49.7,49.7,197,195
2024-08-11 21:22:00,49.3,49.4,200,199
2024-08-11 21:24:00,49.5,49.5,197,195
2024-08-11 21:26:00,49.3,49.3,199,198
2024-08-11 21:28:00,49.4,49.4,197,197
2024-08-11 21:30:00,49.6,49.7,199,199
2024-08-11 21:32:00,49.7,49.7,199,197
2024-08-11 21:34:00,49.5,49.5,199,201
2024-08-11 21:36:00,49.7,49.7,201,204
2024-08-11 21:38:00,50.0,50.0,203,205
2024-08-11 21:40:00,49.5,49.5,199,202
2024-08-11 21:42:00,49.7,49.7,200,203
2024-08-11 21:44:00,49.8,49.8,202,204
2024-08-11 21:46:00,49.7,49.7,203,206
2024-08-11 21:48:00,49.6,49.7,199,203
2024-08-11 21:50:00,49.6,49.6,203,209
2024-08-11 21:52:00,49.7,49.7,202,208
2024-08-11 21:54:00,49.9,49.9,200,208
2024-08-11 21:56:00,49.8,49.8,202,209
2024-08-11 21:58:00,49.7,49.7,203,210
2024-08-11 22:00:00,49.8,49.8,200,209
2024-08-11 22:02:00,49.7,49.7,202,210
2024-08-11 22:04:00,49.7,49.7,204,212
2024-08-11 22:06:00,49.8,49.7,204,212
2024-08-11 22:08:00,49.8,49.8,207,215
2024-08-11 22:10:00,49.8,49.9,209,216
2024-08-11 22:12:00,49.6,49.7,205,214
2024-08-11 22:14:00,49.8,49.9,204,213
2024-08-11 22:16:00,49.6,49.6,204,212
2024-08-11 22:18:00,49.8,49.8,202,211
2024-08-11 22:20:00,49.9,49.9,205,214
2024-08-11 22:22:00,49.9,50.0,207,214
2024-08-11 22:24:00,49.8,49.8,202,211
2024-08-11 22:26:00,50.1,50.0,202,214
2024-08-11 22:28:00,50.0,50.0,204,214
2024-08-11 22:30:00,49.9,49.9,201,213
2024-08-11 22:32:00,49.8,49.9,201,214
2024-08-11 22:34:00,49.9,50.0,204,214
2024-08-11 22:36:00,49.9,49.8,202,214
2024-08-11 22:38:00,49.9,49.9,204,215
2024-08-11 22:40:00,49.8,49.8,205,215
2024-08-11 22:42:00,49.8,49.8,204,214
2024-08-11 22:44:00,49.9,49.9,202,214
2024-08-11 22:46:00,49.8,49.9,204,214
2024-08-11 22:48:00,49.8,49.9,205,215
2024-08-11 22:50:00,50.2,50.2,204,216
2024-08-11 22:52:00,50.0,49.9,205,216
2024-08-11 22:54:00,50.0,49.9,206,216
2024-08-11 22:56:00,50.0,50.0,202,215
2024-08-11 22:58:00,49.9,49.9,206,217
2024-08-11 23:00:00,49.9,49.9,207,217
2024-08-11 23:02:00,50,50,204,216
2024-08-11 23:04:00,50.0,50.0,207,220
2024-08-11 23:06:00,49.9,50.0,207,221
2024-08-11 23:08:00,50.0,50.0,204,219
2024-08-11 23:10:00,50.0,50.0,207,221
2024-08-11 23:12:00,49.8,49.8,205,221
2024-08-11 23:14:00,49.9,50.0,204,221
2024-08-11 23:16:00,50.1,50.2,207,223
2024-08-11 23:18:00,50.1,50.1,209,224
2024-08-11 23:20:00,50.1,50.1,207,225
2024-08-11 23:22:00,50.1,50.1,209,226
2024-08-11 23:24:00,50.0,50.1,209,224
2024-08-11 23:26:00,50.1,50.1,207,223
2024-08-11 23:28:00,50.0,50.0,206,223
2024-08-11 23:30:00,50.0,50.0,208,223
2024-08-11 23:32:00,50.0,50.1,206,223
2024-08-11 23:34:00,50.1,50.1,207,223
2024-08-11 23:36:00,49.8,49.8,207,222
2024-08-11 23:38:00,50.0,50.0,205,222
2024-08-11 23:40:00,50.3,50.3,204,222
2024-08-11 23:42:00,48.4,48.5,204,214
2024-08-11 23:44:00,50.0,50.0,206,226
2024-08-11 23:46:00,50.0,50.0,207,223
2024-08-11 23:48:00,50.1,50,208,222
2024-08-11 23:50:00,50.2,50.2,209,226
2024-08-11 23:52:00,49.8,49.8,207,225
2024-08-11 23:54:00,50.1,50.0,209,226
2024-08-11 23:56:00,50.0,50.0,210,227
2024-08-11 23:58:00,50.1,50.1,207,225