"Time","Frequency 3E2F4FD3 (Ch Cbca Bethesda Ndosho - laboratoire)","Frequency C30F2E03 (Ch Cbca Bethesda Ndosho - clinique)","Voltage 3E2F4FD3 (Ch Cbca Bethesda Ndosho - laboratoire)","Voltage C30F2E03 (Ch Cbca Bethesda Ndosho - clinique)"
2024-06-03 00:00:00,50.1,50.1,209,219
2024-06-03 00:02:00,50.3,50.3,213,221
2024-06-03 00:04:00,50.2,50.2,213,221
2024-06-03 00:06:00,50.2,50.2,211,221
2024-06-03 00:08:00,50.2,50.2,211,221
2024-06-03 00:10:00,50.3,50.3,212,222
2024-06-03 00:12:00,50.0,50.0,210,220
2024-06-03 00:14:00,50.1,50.2,211,221
2024-06-03 00:16:00,50.1,50.1,211,221
2024-06-03 00:18:00,50.2,50.2,214,223
2024-06-03 00:20:00,50.3,50.3,216,224
2024-06-03 00:22:00,50.4,50.4,216,225
2024-06-03 00:24:00,50.1,50.1,214,223
2024-06-03 00:26:00,50.1,50.2,216,224
2024-06-03 00:28:00,50.0,50.0,215,224
2024-06-03 00:30:00,50.1,50.1,211,222
2024-06-03 00:32:00,50.0,50.0,214,223
2024-06-03 00:34:00,50.0,50.1,214,223
2024-06-03 00:36:00,49.9,49.9,214,223
2024-06-03 00:38:00,50.2,50.1,213,222
2024-06-03 00:40:00,50.2,50.2,215,223
2024-06-03 00:42:00,50.0,50.0,214,223
2024-06-03 00:44:00,50.3,50.3,214,223
2024-06-03 00:46:00,50.3,50.2,216,223
2024-06-03 00:48:00,50.2,50.2,216,223
2024-06-03 00:50:00,50.1,50.1,212,221
2024-06-03 00:52:00,50.2,50.2,211,221
2024-06-03 00:54:00,50.2,50.1,214,222
2024-06-03 00:56:00,50.1,50.1,214,222
2024-06-03 00:58:00,50.1,50.0,212,222
2024-06-03 01:00:00,50.1,50.1,214,223
2024-06-03 01:02:00,50.0,50.0,214,223
2024-06-03 01:04:00,50.3,50.3,214,223
2024-06-03 01:06:00,50.2,50.2,214,224
2024-06-03 01:08:00,50.2,50.2,216,225
2024-06-03 01:10:00,50.3,50.3,216,225
2024-06-03 01:12:00,50.0,49.9,215,224
2024-06-03 01:14:00,50.0,50.0,214,224
2024-06-03 01:16:00,50.3,50.3,215,224
2024-06-03 01:18:00,50.2,50.2,216,224
2024-06-03 01:20:00,50.3,50.3,214,224
2024-06-03 01:22:00,50,50.0,215,223
2024-06-03 01:24:00,50.1,50.1,215,223
2024-06-03 01:26:00,50.1,50.1,214,223
2024-06-03 01:28:00,50.2,50.2,214,223
2024-06-03 01:30:00,50.2,50.3,216,224
2024-06-03 01:32:00,50.3,50.3,216,225
2024-06-03 01:34:00,50.2,50.2,214,223
2024-06-03 01:36:00,50.3,50.3,213,223
2024-06-03 01:38:00,50.3,50.2,216,224
2024-06-03 01:40:00,50.1,50.1,213,223
2024-06-03 01:42:00,50.2,50.1,213,223
2024-06-03 01:44:00,50.2,50.2,215,224
2024-06-03 01:46:00,50.3,50.2,216,225
2024-06-03 01:48:00,50.5,50.5,216,225
2024-06-03 01:50:00,50.3,50.3,216,225
2024-06-03 01:52:00,50.3,50.3,216,224
2024-06-03 01:54:00,50.2,50.2,216,225
2024-06-03 01:56:00,50.2,50.2,215,225
2024-06-03 01:58:00,50.1,50.1,214,223
2024-06-03 02:00:00,50.2,50.2,216,225
2024-06-03 02:02:00,50.2,50.2,214,223
2024-06-03 02:04:00,50.1,50.2,214,223
2024-06-03 02:06:00,50.2,50.2,217,226
2024-06-03 02:08:00,50.2,50.3,215,224
2024-06-03 02:10:00,50.2,50.2,214,223
2024-06-03 02:12:00,50.1,50.1,214,223
2024-06-03 02:14:00,50.1,50.1,214,223
2024-06-03 02:16:00,50.3,50.2,214,223
2024-06-03 02:18:00,50.3,50.2,213,223
2024-06-03 02:20:00,50.1,50.1,214,223
2024-06-03 02:22:00,50.2,50.2,216,225
2024-06-03 02:24:00,50.0,50.0,214,223
2024-06-03 02:26:00,50.2,50.2,214,223
2024-06-03 02:28:00,50.2,50.2,217,226
2024-06-03 02:30:00,50.3,50.4,218,226
2024-06-03 02:32:00,50.2,50.2,216,226
2024-06-03 02:34:00,50.3,50.2,216,226
2024-06-03 02:36:00,50.3,50.2,218,227
2024-06-03 02:38:00,50.2,50.2,217,226
2024-06-03 02:40:00,50.2,50.2,214,224
2024-06-03 02:42:00,50.6,50.5,216,226
2024-06-03 02:44:00,50.3,50.3,216,225
2024-06-03 02:46:00,50.3,50.3,215,225
2024-06-03 02:48:00,50.1,50.1,212,223
2024-06-03 02:50:00,50.3,50.4,214,223
2024-06-03 02:52:00,50.1,50.2,214,224
2024-06-03 02:54:00,50.1,50.1,214,224
2024-06-03 02:56:00,50.1,50.2,214,224
2024-06-03 02:58:00,50.1,50.1,216,226
2024-06-03 03:00:00,50.2,50.2,216,226
2024-06-03 03:02:00,50.2,50.2,215,226
2024-06-03 03:04:00,50.2,50.2,216,226
2024-06-03 03:06:00,50.4,50.4,216,226
2024-06-03 03:08:00,50.3,50.2,216,226
2024-06-03 03:10:00,50.3,50.2,215,224
2024-06-03 03:12:00,50.3,50.3,218,227
2024-06-03 03:14:00,50.0,50.1,216,226
2024-06-03 03:16:00,50.3,50.2,215,225
2024-06-03 03:18:00,50.2,50.1,214,223
2024-06-03 03:20:00,50.0,50.1,216,225
2024-06-03 03:22:00,50.3,50.3,215,225
2024-06-03 03:24:00,50.2,50.2,214,224
2024-06-03 03:26:00,50.3,50.3,216,224
2024-06-03 03:28:00,50.2,50.2,216,225
2024-06-03 03:30:00,50.2,50.2,215,225
2024-06-03 03:32:00,50.2,50.2,215,225
2024-06-03 03:34:00,50.0,50.1,217,226
2024-06-03 03:36:00,50.2,50.2,216,226
2024-06-03 03:38:00,50.3,50.2,214,225
2024-06-03 03:40:00,50.3,50.4,215,225
2024-06-03 03:42:00,50.2,50.2,216,226
2024-06-03 03:44:00,50.2,50.3,214,223
2024-06-03 03:46:00,50.2,50.2,214,224
2024-06-03 03:48:00,50.2,50.2,216,225
2024-06-03 03:50:00,50.1,50.2,218,226
2024-06-03 03:52:00,50.3,50.2,216,226
2024-06-03 03:54:00,50.3,50.2,215,226
2024-06-03 03:56:00,50.2,50.1,219,228
2024-06-03 03:58:00,50.2,50.2,221,231
2024-06-03 04:00:00,50.3,50.3,219,228
2024-06-03 04:02:00,50.2,50.2,220,230
2024-06-03 04:04:00,50.3,50.2,223,231
2024-06-03 04:06:00,50.3,50.3,220,230
2024-06-03 04:08:00,50.3,50.2,221,230
2024-06-03 04:10:00,50.4,50.4,221,230
2024-06-03 04:12:00,50.3,50.3,221,230
2024-06-03 04:14:00,50.4,50.4,220,229
2024-06-03 04:16:00,50.1,50.1,220,229
2024-06-03 04:18:00,50.3,50.3,223,231
2024-06-03 04:20:00,50.3,50.3,222,231
2024-06-03 04:22:00,50.2,50.1,220,230
2024-06-03 04:24:00,50.4,50.4,222,231
2024-06-03 04:26:00,50.1,50.1,221,230
2024-06-03 04:28:00,50.2,50.1,220,231
2024-06-03 04:30:00,50.1,50.0,220,231
2024-06-03 04:32:00,50.4,50.4,223,233
2024-06-03 04:34:00,50.0,50.0,222,231
2024-06-03 04:36:00,50.1,50.2,220,231
2024-06-03 04:38:00,50.4,50.4,221,231
2024-06-03 04:40:00,50.2,50.1,219,228
2024-06-03 04:42:00,50.3,50.3,221,229
2024-06-03 04:44:00,50.2,50.2,219,229
2024-06-03 04:46:00,50.3,50.2,221,231
2024-06-03 04:48:00,50.3,50.3,221,229
2024-06-03 04:50:00,50.2,50.2,218,228
2024-06-03 04:52:00,50.3,50.3,221,231
2024-06-03 04:54:00,50.1,50.2,220,229
2024-06-03 04:56:00,50.4,50.3,221,230
2024-06-03 04:58:00,50.2,50.2,218,228
2024-06-03 05:00:00,50.1,50.1,219,228
2024-06-03 05:02:00,50.0,50.1,221,230
2024-06-03 05:04:00,50.1,50.1,219,229
2024-06-03 05:06:00,50.4,50.3,220,230
2024-06-03 05:08:00,50.1,50.2,221,230
2024-06-03 05:10:00,50.0,50.0,219,229
2024-06-03 05:12:00,50.2,50.2,219,229
2024-06-03 05:14:00,50.0,50.0,218,228
2024-06-03 05:16:00,50.2,50.2,220,230
2024-06-03 05:18:00,50.3,50.3,221,230
2024-06-03 05:20:00,50.2,50.2,218,228
2024-06-03 05:22:00,49.9,49.9,216,226
2024-06-03 05:24:00,50.1,50.1,216,225
2024-06-03 05:26:00,50.0,50.1,216,226
2024-06-03 05:28:00,50.1,50.1,216,226
2024-06-03 05:30:00,50.1,50.1,215,223
2024-06-03 05:32:00,50.1,50.0,217,226
2024-06-03 05:34:00,50.0,50.0,216,226
2024-06-03 05:36:00,50.2,50.1,214,224
2024-06-03 05:38:00,50.0,50.1,219,228
2024-06-03 05:40:00,50.0,50.0,222,231
2024-06-03 05:42:00,50.0,50.0,218,228
2024-06-03 05:44:00,49.9,49.9,216,226
2024-06-03 05:46:00,49.9,49.9,219,228
2024-06-03 05:48:00,50.1,50.1,216,225
2024-06-03 05:50:00,50.0,50.0,213,223
2024-06-03 05:52:00,49.8,49.8,219,226
2024-06-03 05:54:00,50.0,50.0,216,225
2024-06-03 05:56:00,50.0,50.1,213,221
2024-06-03 05:58:00,49.9,49.9,214,223
2024-06-03 06:00:00,50.0,50.1,217,226
2024-06-03 06:02:00,49.8,49.8,213,221
2024-06-03 06:04:00,49.8,49.8,210,220
2024-06-03 06:06:00,49.7,49.7,207,220
2024-06-03 06:08:00,49.8,49.8,208,222
2024-06-03 06:10:00,49.8,49.8,205,219
2024-06-03 06:12:00,50.0,50.0,209,221
2024-06-03 06:14:00,49.8,49.8,206,215
2024-06-03 06:16:00,50.0,49.9,204,208
2024-06-03 06:18:00,49.9,49.8,209,218
2024-06-03 06:20:00,49.9,49.9,205,218
2024-06-03 06:22:00,49.9,49.9,205,216
2024-06-03 06:24:00,49.8,49.8,207,216
2024-06-03 06:26:00,49.8,49.7,206,215
2024-06-03 06:28:00,49.9,50.0,207,214
2024-06-03 06:30:00,49.7,49.6,210,223
2024-06-03 06:32:00,50.0,49.6,205,213
2024-06-03 06:34:00,49.8,49.7,203,220
2024-06-03 06:36:00,49.9,49.9,207,213
2024-06-03 06:38:00,50.0,50.0,204,211
2024-06-03 06:40:00,50.1,50.0,204,211
2024-06-03 06:42:00,50.0,50.1,203,209
2024-06-03 06:44:00,49.9,49.9,207,216
2024-06-03 06:46:00,49.9,49.9,207,215
2024-06-03 06:48:00,49.7,49.7,203,214
2024-06-03 06:50:00,49.5,49.5,202,219
2024-06-03 06:52:00,49.9,49.9,203,221
2024-06-03 06:54:00,50.0,49.9,202,220
2024-06-03 06:56:00,49.9,49.9,207,229
2024-06-03 06:58:00,50.0,50.0,206,227
2024-06-03 07:00:00,49.8,49.8,204,218
2024-06-03 07:02:00,50.0,50.0,206,223
2024-06-03 07:04:00,49.9,49.9,207,224
2024-06-03 07:06:00,49.8,49.8,204,219
2024-06-03 07:08:00,49.9,49.9,204,219
2024-06-03 07:10:00,49.8,49.9,205,219
2024-06-03 07:12:00,49.9,50.0,207,221
2024-06-03 07:14:00,50.1,50.0,202,217
2024-06-03 07:16:00,49.9,49.9,207,217
2024-06-03 07:18:00,49.8,49.9,201,211
2024-06-03 07:20:00,49.8,49.8,208,216
2024-06-03 07:22:00,49.9,50.0,206,214
2024-06-03 07:24:00,49.7,49.7,204,214
2024-06-03 07:26:00,49.9,49.9,206,215
2024-06-03 07:28:00,49.9,49.9,206,218
2024-06-03 07:30:00,49.8,49.8,202,215
2024-06-03 07:32:00,49.9,49.9,206,219
2024-06-03 07:34:00,50.0,49.9,205,217
2024-06-03 07:36:00,49.8,49.9,204,213
2024-06-03 07:38:00,49.8,49.8,201,211
2024-06-03 07:40:00,49.8,50.0,204,218
2024-06-03 07:42:00,50.1,50.1,208,217
2024-06-03 07:44:00,49.7,49.8,204,230
2024-06-03 07:46:00,50.0,50.0,206,225
2024-06-03 07:48:00,50.0,50.1,201,213
2024-06-03 07:50:00,50.0,50.0,207,225
2024-06-03 07:52:00,49.9,50.0,206,219
2024-06-03 07:54:00,49.9,49.9,204,216
2024-06-03 07:56:00,49.7,49.6,202,218
2024-06-03 07:58:00,50.2,50.2,205,221
2024-06-03 08:00:00,49.8,49.8,201,220
2024-06-03 08:02:00,50.0,50.0,204,222
2024-06-03 08:04:00,49.9,49.9,204,224
2024-06-03 08:06:00,49.9,49.9,203,221
2024-06-03 08:08:00,49.7,49.7,200,215
2024-06-03 08:10:00,50.1,50.1,204,221
2024-06-03 08:12:00,49.8,49.8,202,218
2024-06-03 08:14:00,49.8,49.8,201,219
2024-06-03 08:16:00,49.7,49.7,203,219
2024-06-03 08:18:00,49.7,49.7,203,217
2024-06-03 08:20:00,49.9,49.9,204,214
2024-06-03 08:22:00,49.9,50.0,199,211
2024-06-03 08:24:00,49.8,49.8,202,216
2024-06-03 08:26:00,49.8,49.8,202,216
2024-06-03 08:28:00,49.8,49.8,198,205
2024-06-03 08:30:00,49.8,49.8,197,205
2024-06-03 08:32:00,49.8,49.7,196,203
2024-06-03 08:34:00,49.8,49.8,197,207
2024-06-03 08:36:00,49.7,49.8,197,205
2024-06-03 08:38:00,50.2,50.2,198,210
2024-06-03 08:40:00,49.8,49.8,208,211
2024-06-03 08:42:00,49.4,49.6,199,212
2024-06-03 08:44:00,49.8,49.7,208,212
2024-06-03 08:46:00,49.9,49.9,201,220
2024-06-03 08:48:00,49.7,49.7,203,214
2024-06-03 08:50:00,49.9,50.0,200,213
2024-06-03 08:52:00,49.8,49.8,202,214
2024-06-03 08:54:00,50.0,50.0,200,213
2024-06-03 08:56:00,49.8,49.8,199,211
2024-06-03 08:58:00,49.8,49.8,199,208
2024-06-03 09:00:00,49.8,49.8,204,211
2024-06-03 09:02:00,50.8,50.8,219,233
2024-06-03 09:04:00,50.3,50.4,223,244
2024-06-03 09:06:00,50.6,50.6,223,245
2024-06-03 09:08:00,50.2,50.2,218,242
2024-06-03 09:10:00,50.1,50.1,219,240
2024-06-03 09:12:00,50.1,50.1,218,240
2024-06-03 09:14:00,50.1,50.1,217,239
2024-06-03 09:16:00,50.1,50.1,216,238
2024-06-03 09:18:00,50.2,50.3,221,243
2024-06-03 09:20:00,50.1,50.1,219,239
2024-06-03 09:22:00,50.1,50.2,219,238
2024-06-03 09:24:00,50.3,50.3,219,239
2024-06-03 09:26:00,50.3,50.2,219,239
2024-06-03 09:28:00,50.3,50.2,219,240
2024-06-03 09:30:00,50.3,50.1,219,240
2024-06-03 09:32:00,50.3,50.3,221,241
2024-06-03 09:34:00,50.3,50.3,220,240
2024-06-03 09:36:00,50.2,50.2,214,236
2024-06-03 09:38:00,50.2,50.3,217,238
2024-06-03 09:40:00,50.3,50.3,219,238
2024-06-03 09:42:00,50.2,50.1,221,240
2024-06-03 09:44:00,49.9,49.9,219,240
2024-06-03 09:46:00,50.0,49.9,216,236
2024-06-03 09:48:00,49.9,50.0,213,237
2024-06-03 09:50:00,50.0,50.0,211,235
2024-06-03 09:52:00,50.1,50.1,209,233
2024-06-03 09:54:00,50.2,50.2,209,233
2024-06-03 09:56:00,49.9,49.6,211,234
2024-06-03 09:58:00,49.6,49.6,211,236
2024-06-03 10:00:00,49.7,49.7,214,234
2024-06-03 10:02:00,49.9,49.9,214,233
2024-06-03 10:04:00,49.8,49.9,215,235
2024-06-03 10:06:00,49.8,49.9,214,235
2024-06-03 10:08:00,50.1,50.0,216,237
2024-06-03 10:10:00,50.1,50.0,217,237
2024-06-03 10:12:00,49.9,49.8,217,238
2024-06-03 10:14:00,50.0,50.1,212,233
2024-06-03 10:16:00,49.8,49.9,214,232
2024-06-03 10:18:00,49.8,49.7,213,235
2024-06-03 10:20:00,49.6,49.6,206,232
2024-06-03 10:22:00,49.8,49.8,215,238
2024-06-03 10:24:00,49.5,49.5,214,234
2024-06-03 10:26:00,49.7,49.7,212,236
2024-06-03 10:28:00,49.7,49.9,214,236
2024-06-03 10:30:00,49.9,49.9,217,235
2024-06-03 10:32:00,50.0,50.1,219,236
2024-06-03 10:34:00,50.0,50.2,216,236
2024-06-03 10:36:00,50.0,49.9,216,237
2024-06-03 10:38:00,49.9,50.0,219,237
2024-06-03 10:40:00,50.0,49.9,214,233
2024-06-03 10:42:00,50.0,50.0,216,236
2024-06-03 10:44:00,49.7,49.7,214,235
2024-06-03 10:46:00,49.9,49.8,219,238
2024-06-03 10:48:00,49.8,49.7,216,239
2024-06-03 10:50:00,49.7,49.7,215,237
2024-06-03 10:52:00,49.6,49.6,210,237
2024-06-03 10:54:00,49.5,49.5,209,236
2024-06-03 10:56:00,49.6,49.6,211,236
2024-06-03 10:58:00,49.7,49.8,211,236
2024-06-03 11:00:00,49.8,49.8,215,240
2024-06-03 11:02:00,49.8,49.6,214,233
2024-06-03 11:04:00,49.7,49.6,217,238
2024-06-03 11:06:00,49.7,49.7,216,238
2024-06-03 11:08:00,49.5,49.5,216,236
2024-06-03 11:10:00,49.6,49.6,214,236
2024-06-03 11:12:00,49.6,49.6,216,237
2024-06-03 11:14:00,49.5,49.6,215,235
2024-06-03 11:16:00,49.7,49.7,215,236
2024-06-03 11:18:00,49.4,49.5,214,236
2024-06-03 11:20:00,49.5,49.4,211,235
2024-06-03 11:22:00,49.5,49.6,216,238
2024-06-03 11:24:00,49.6,49.6,217,238
2024-06-03 11:26:00,49.6,49.6,218,239
2024-06-03 11:28:00,49.7,49.7,216,238
2024-06-03 11:30:00,50.0,50.0,215,236
2024-06-03 11:32:00,49.9,49.9,214,236
2024-06-03 11:34:00,49.8,49.8,214,236
2024-06-03 11:36:00,49.8,49.8,214,236
2024-06-03 11:38:00,49.6,49.6,216,236
2024-06-03 11:40:00,49.5,49.6,215,236
2024-06-03 11:42:00,49.7,49.8,214,235
2024-06-03 11:44:00,49.6,49.7,214,238
2024-06-03 11:46:00,49.7,49.7,213,238
2024-06-03 11:48:00,49.6,49.7,216,238
2024-06-03 11:50:00,49.7,49.9,215,236
2024-06-03 11:52:00,49.9,49.9,214,236
2024-06-03 11:54:00,49.9,49.9,214,236
2024-06-03 11:56:00,49.9,49.8,212,233
2024-06-03 11:58:00,50.0,49.9,214,235
2024-06-03 12:00:00,49.9,50.0,214,233
2024-06-03 12:02:00,50.0,50.1,214,236
2024-06-03 12:04:00,49.9,49.9,214,237
2024-06-03 12:06:00,49.8,49.8,215,236
2024-06-03 12:08:00,49.7,49.7,217,238
2024-06-03 12:10:00,49.6,49.6,217,239
2024-06-03 12:12:00,49.6,49.7,218,240
2024-06-03 12:14:00,49.8,49.8,217,240
2024-06-03 12:16:00,49.6,49.6,211,248
2024-06-03 12:18:00,49.6,49.5,209,236
2024-06-03 12:20:00,49.7,49.7,212,237
2024-06-03 12:22:00,49.5,49.5,210,235
2024-06-03 12:24:00,49.7,49.7,211,238
2024-06-03 12:26:00,49.8,49.7,212,238
2024-06-03 12:28:00,49.5,49.5,218,238
2024-06-03 12:30:00,49.6,49.7,220,242
2024-06-03 12:32:00,49.5,49.6,218,240
2024-06-03 12:34:00,49.5,49.5,216,238
2024-06-03 12:36:00,49.6,49.6,217,239
2024-06-03 12:38:00,49.6,49.5,216,238
2024-06-03 12:40:00,49.7,49.7,216,238
2024-06-03 12:42:00,49.6,49.6,217,238
2024-06-03 12:44:00,49.7,49.6,219,240
2024-06-03 12:46:00,49.6,49.7,215,238
2024-06-03 12:48:00,49.6,49.7,214,237
2024-06-03 12:50:00,49.7,49.6,216,237
2024-06-03 12:52:00,49.8,49.9,219,240
2024-06-03 12:54:00,49.8,49.8,219,240
2024-06-03 12:56:00,49.8,49.8,219,240
2024-06-03 12:58:00,49.5,49.5,215,237
2024-06-03 13:00:00,49.6,49.5,219,241
2024-06-03 13:02:00,49.4,49.4,215,238
2024-06-03 13:04:00,49.8,49.6,219,240
2024-06-03 13:06:00,49.8,49.9,219,241
2024-06-03 13:08:00,49.8,49.7,215,236
2024-06-03 13:10:00,49.7,49.6,215,236
2024-06-03 13:12:00,49.8,49.7,218,239
2024-06-03 13:14:00,49.7,49.7,216,238
2024-06-03 13:16:00,49.8,49.7,216,240
2024-06-03 13:18:00,49.7,49.7,215,238
2024-06-03 13:20:00,49.8,49.8,219,240
2024-06-03 13:22:00,49.5,49.4,219,241
2024-06-03 13:24:00,49.3,49.4,216,240
2024-06-03 13:26:00,49.3,49.3,214,237
2024-06-03 13:28:00,49.7,49.7,214,237
2024-06-03 13:30:00,49.8,49.8,217,240
2024-06-03 13:32:00,49.8,49.7,215,238
2024-06-03 13:34:00,50.0,49.9,214,237
2024-06-03 13:36:00,50.3,50.3,214,236
2024-06-03 13:38:00,49.9,50.0,211,233
2024-06-03 13:40:00,50.2,50.2,214,236
2024-06-03 13:42:00,50.2,50.2,214,235
2024-06-03 13:44:00,50.2,50.3,217,236
2024-06-03 13:46:00,50.3,50.3,217,245
2024-06-03 13:48:00,49.9,50.0,214,235
2024-06-03 13:50:00,49.9,50.0,211,233
2024-06-03 13:52:00,50.1,50.0,214,235
2024-06-03 13:54:00,50.1,50.1,214,236
2024-06-03 13:56:00,50.3,50.2,216,235
2024-06-03 13:58:00,50.2,50.1,216,235
2024-06-03 14:00:00,50.0,50.0,215,234
2024-06-03 14:02:00,50.0,50.1,217,237
2024-06-03 14:04:00,50.1,50.1,217,236
2024-06-03 14:06:00,49.6,49.6,216,237
2024-06-03 14:08:00,49.7,49.8,217,238
2024-06-03 14:10:00,49.9,49.8,219,238
2024-06-03 14:12:00,49.8,50.0,215,235
2024-06-03 14:14:00,49.9,49.8,215,236
2024-06-03 14:16:00,49.8,49.7,214,236
2024-06-03 14:18:00,49.8,49.8,216,237
2024-06-03 14:20:00,49.7,49.6,216,237
2024-06-03 14:22:00,49.6,49.5,218,239
2024-06-03 14:24:00,49.3,49.3,212,236
2024-06-03 14:26:00,49.1,49.2,218,238
2024-06-03 14:28:00,49.3,49.3,217,238
2024-06-03 14:30:00,49.2,49.4,217,238
2024-06-03 14:32:00,49.2,49.3,212,235
2024-06-03 14:34:00,49.3,49.4,217,236
2024-06-03 14:36:00,49.2,49.4,215,235
2024-06-03 14:38:00,49.5,49.4,216,238
2024-06-03 14:40:00,49.3,49.3,216,236
2024-06-03 14:42:00,49.3,49.4,218,236
2024-06-03 14:44:00,49.5,49.4,214,233
2024-06-03 14:46:00,49.5,49.5,213,233
2024-06-03 14:48:00,49.4,49.4,211,229
2024-06-03 14:50:00,49.5,49.5,212,229
2024-06-03 14:52:00,49.4,49.5,211,228
2024-06-03 14:54:00,49.5,49.6,211,229
2024-06-03 14:56:00,49.3,49.2,212,228
2024-06-03 14:58:00,49.5,49.4,213,230
2024-06-03 15:00:00,49.4,49.3,212,230
2024-06-03 15:02:00,49.5,49.6,214,231
2024-06-03 15:04:00,49.6,49.6,215,233
2024-06-03 15:06:00,49.6,49.6,215,233
2024-06-03 15:08:00,49.4,49.3,216,236
2024-06-03 15:10:00,49.3,49.2,214,232
2024-06-03 15:12:00,49.3,49.5,216,233
2024-06-03 15:14:00,49.5,49.6,216,233
2024-06-03 15:16:00,49.8,49.6,214,232
2024-06-03 15:18:00,49.6,49.6,215,232
2024-06-03 15:20:00,49.6,49.5,213,231
2024-06-03 15:22:00,50.0,50.0,213,231
2024-06-03 15:24:00,49.9,49.9,214,231
2024-06-03 15:26:00,50.0,50.1,214,231
2024-06-03 15:28:00,49.6,49.7,207,228
2024-06-03 15:30:00,49.9,50.0,211,228
2024-06-03 15:32:00,49.7,49.6,216,233
2024-06-03 15:34:00,49.6,49.7,216,234
2024-06-03 15:36:00,49.7,49.6,214,231
2024-06-03 15:38:00,49.5,49.6,215,233
2024-06-03 15:40:00,49.7,49.6,216,234
2024-06-03 15:42:00,49.8,49.8,218,236
2024-06-03 15:44:00,50.0,50.0,217,236
2024-06-03 15:46:00,50.1,50.1,219,236
2024-06-03 15:48:00,50.0,50.0,218,236
2024-06-03 15:50:00,50.1,50.1,217,236
2024-06-03 15:52:00,50.1,50.1,216,235
2024-06-03 15:54:00,50.0,49.9,214,232
2024-06-03 15:56:00,50.0,50.1,216,233
2024-06-03 15:58:00,50.1,50.2,215,233
2024-06-03 16:00:00,50.1,50.0,215,234
2024-06-03 16:02:00,50.3,50.3,216,235
2024-06-03 16:04:00,50.2,50.1,218,236
2024-06-03 16:06:00,50.2,50.3,216,236
2024-06-03 16:08:00,50.1,50.1,217,235
2024-06-03 16:10:00,50.4,50.3,221,238
2024-06-03 16:12:00,50.4,50.4,219,238
2024-06-03 16:14:00,50.2,50.3,221,240
2024-06-03 16:16:00,50.2,50.2,221,240
2024-06-03 16:18:00,50.2,50.2,218,238
2024-06-03 16:20:00,50.3,50.2,220,239
2024-06-03 16:22:00,50.4,50.3,221,240
2024-06-03 16:24:00,50.2,50.2,221,239
2024-06-03 16:26:00,50.3,50.2,219,238
2024-06-03 16:28:00,50.3,50.3,217,237
2024-06-03 16:30:00,50.3,50.3,220,238
2024-06-03 16:32:00,50.4,50.3,218,236
2024-06-03 16:34:00,49.7,49.8,217,236
2024-06-03 16:36:00,49.8,49.9,218,237
2024-06-03 16:38:00,50.0,50.1,216,236
2024-06-03 16:40:00,50,50.0,216,236
2024-06-03 16:42:00,49.9,49.9,217,237
2024-06-03 16:44:00,49.9,49.9,219,237
2024-06-03 16:46:00,50.1,50.0,218,237
2024-06-03 16:48:00,49.9,49.9,216,236
2024-06-03 16:50:00,49.7,49.8,215,234
2024-06-03 16:52:00,49.7,49.8,211,233
2024-06-03 16:54:00,49.7,49.7,211,231
2024-06-03 16:56:00,49.8,49.8,219,234
2024-06-03 16:58:00,49.7,49.7,216,232
2024-06-03 17:00:00,49.9,49.9,219,234
2024-06-03 17:02:00,49.7,49.7,217,233
2024-06-03 17:04:00,49.7,49.7,216,233
2024-06-03 17:06:00,49.8,49.8,218,233
2024-06-03 17:08:00,49.8,49.7,219,235
2024-06-03 17:10:00,49.6,49.7,219,235
2024-06-03 17:12:00,49.6,49.7,218,234
2024-06-03 17:14:00,49.8,49.8,219,233
2024-06-03 17:16:00,49.9,49.9,219,233
2024-06-03 17:18:00,49.8,49.9,216,239
2024-06-03 17:20:00,49.8,49.8,219,234
2024-06-03 17:22:00,49.9,50.0,219,234
2024-06-03 17:24:00,49.7,49.9,220,235
2024-06-03 17:26:00,49.9,49.9,219,233
2024-06-03 17:28:00,49.5,49.6,219,233
2024-06-03 17:30:00,49.7,49.7,221,236
2024-06-03 17:32:00,49.6,49.7,219,233
2024-06-03 17:34:00,49.5,49.4,219,232
2024-06-03 17:36:00,49.7,49.7,219,234
2024-06-03 17:38:00,49.7,49.7,221,236
2024-06-03 17:40:00,49.7,49.6,218,236
2024-06-03 17:42:00,49.6,48.4,219,238
2024-06-03 17:44:00,49.6,49.6,219,239
2024-06-03 17:46:00,49.6,49.5,226,243
2024-06-03 17:48:00,49.6,49.6,224,237
2024-06-03 17:50:00,49.5,49.5,217,236
2024-06-03 17:52:00,49.6,49.6,219,236
2024-06-03 17:54:00,49.7,49.8,225,237
2024-06-03 17:56:00,49.9,49.6,222,233
2024-06-03 17:58:00,49.8,49.9,223,231
2024-06-03 18:00:00,49.8,49.9,216,231
2024-06-03 18:02:00,50.0,50.0,216,232
2024-06-03 18:04:00,49.9,50.0,216,233
2024-06-03 18:06:00,50.0,50.0,217,233
2024-06-03 18:08:00,49.9,49.8,217,233
2024-06-03 18:10:00,49.9,50.0,216,233
2024-06-03 18:12:00,49.9,50.0,217,233
2024-06-03 18:14:00,49.8,49.8,219,234
2024-06-03 18:16:00,49.7,49.8,196,198
2024-06-03 18:18:00,49.3,49.2,197,187
2024-06-03 18:20:00,49.3,49.1,201,187
2024-06-03 18:22:00,49.1,49.1,202,190
2024-06-03 18:24:00,49.1,49.1,207,190
2024-06-03 18:26:00,49.1,48.9,197,186
2024-06-03 18:28:00,48.8,48.8,201,193
2024-06-03 18:30:00,48.9,48.9,204,190
2024-06-03 18:32:00,48.8,48.8,205,197
2024-06-03 18:34:00,49.1,49.2,202,190
2024-06-03 18:36:00,48.8,48.8,198,194
2024-06-03 18:38:00,49.1,49.1,198,199
2024-06-03 18:40:00,48.8,48.8,197,207
2024-06-03 18:42:00,48.8,48.8,202,197
2024-06-03 18:44:00,48.9,48.9,195,194
2024-06-03 18:46:00,49.1,49.1,194,193
2024-06-03 18:48:00,49.0,49.0,196,191
2024-06-03 18:50:00,49.2,49.2,197,190
2024-06-03 18:52:00,48.9,49.2,199,190
2024-06-03 18:54:00,49.4,48.7,197,188
2024-06-03 18:56:00,,48.8,,186
2024-06-03 18:58:00,48.3,49.3,194,186
2024-06-03 19:00:00,47.9,49.1,199,191
2024-06-03 19:02:00,48.9,48.8,195,188
2024-06-03 19:04:00,48.8,48.8,194,199
2024-06-03 19:06:00,49.0,48.8,204,194
2024-06-03 19:08:00,49.1,49.0,196,199
2024-06-03 19:10:00,48.9,49.0,198,192
2024-06-03 19:12:00,49.0,49.0,199,189
2024-06-03 19:14:00,49.1,49.1,197,183
2024-06-03 19:16:00,49.0,49.0,197,185
2024-06-03 19:18:00,49.3,49.1,197,183
2024-06-03 19:20:00,49.1,49.1,196,190
2024-06-03 19:22:00,49.5,49.0,196,192
2024-06-03 19:24:00,49.0,49.1,197,194
2024-06-03 19:26:00,49.1,49.2,194,189
2024-06-03 19:28:00,49.0,49.0,195,192
2024-06-03 19:30:00,49.0,49.0,199,197
2024-06-03 19:32:00,49.2,49.1,194,194
2024-06-03 19:34:00,49.1,49.0,199,200
2024-06-03 19:36:00,49.4,49.4,197,201
2024-06-03 19:38:00,49.0,49.0,198,196
2024-06-03 19:40:00,49.0,49.0,196,197
2024-06-03 19:42:00,48.9,48.8,200,194
2024-06-03 19:44:00,49.2,49.2,199,190
2024-06-03 19:46:00,48.8,48.8,204,204
2024-06-03 19:48:00,49.2,49.2,198,199
2024-06-03 19:50:00,49.1,49.1,197,199
2024-06-03 19:52:00,48.0,49.0,197,199
2024-06-03 19:54:00,49.2,49.3,198,207
2024-06-03 19:56:00,49.0,49.0,196,204
2024-06-03 19:58:00,48.9,49.0,197,202
2024-06-03 20:00:00,49.3,49.3,199,200
2024-06-03 20:02:00,50.0,49.2,198,199
2024-06-03 20:04:00,50.0,49.1,199,200
2024-06-03 20:06:00,48.9,48.9,197,200
2024-06-03 20:08:00,49.3,49.4,203,202
2024-06-03 20:10:00,49.2,49.3,197,204
2024-06-03 20:12:00,49.3,49.3,199,200
2024-06-03 20:14:00,49.0,49.1,195,194
2024-06-03 20:16:00,49.4,49.4,199,196
2024-06-03 20:18:00,49.8,49.0,199,194
2024-06-03 20:20:00,49.1,49.1,199,196
2024-06-03 20:22:00,49.3,49.3,197,196
2024-06-03 20:24:00,49.2,49.2,197,194
2024-06-03 20:26:00,49.1,49.0,199,197
2024-06-03 20:28:00,49.3,49.3,197,194
2024-06-03 20:30:00,49.2,49.2,200,198
2024-06-03 20:32:00,49.2,49.2,194,194
2024-06-03 20:34:00,49.4,49.5,197,194
2024-06-03 20:36:00,49.4,49.3,198,197
2024-06-03 20:38:00,49.5,49.5,203,200
2024-06-03 20:40:00,49.4,49.4,199,199
2024-06-03 20:42:00,49.6,49.6,199,203
2024-06-03 20:44:00,49.2,49.2,199,198
2024-06-03 20:46:00,49.3,49.3,201,203
2024-06-03 20:48:00,49.1,49.1,197,209
2024-06-03 20:50:00,49.3,49.2,204,200
2024-06-03 20:52:00,49.4,49.3,204,199
2024-06-03 20:54:00,49.3,49.3,200,201
2024-06-03 20:56:00,49.3,49.2,199,199
2024-06-03 20:58:00,49.3,49.3,202,202
2024-06-03 21:00:00,49.5,49.5,199,200
2024-06-03 21:02:00,49.5,49.5,200,210
2024-06-03 21:04:00,49.4,49.4,201,199
2024-06-03 21:06:00,49.4,49.4,203,205
2024-06-03 21:08:00,49.4,49.4,203,211
2024-06-03 21:10:00,49.4,49.4,200,199
2024-06-03 21:12:00,49.6,49.6,200,200
2024-06-03 21:14:00,49.6,49.6,198,199
2024-06-03 21:16:00,49.3,49.4,201,204
2024-06-03 21:18:00,49.3,49.3,198,202
2024-06-03 21:20:00,49.4,49.4,202,210
2024-06-03 21:22:00,49.5,49.6,202,207
2024-06-03 21:24:00,49.5,49.5,198,203
2024-06-03 21:26:00,49.5,49.4,199,204
2024-06-03 21:28:00,49.5,49.6,199,206
2024-06-03 21:30:00,49.7,49.7,201,207
2024-06-03 21:32:00,3584,54.3,0,232
2024-06-03 21:34:00,50.1,50.1,195,218
2024-06-03 21:36:00,50.5,50.5,199,210
2024-06-03 21:38:00,50.2,50.2,204,214
2024-06-03 21:40:00,50.4,50.3,200,217
2024-06-03 21:42:00,50.2,50.2,199,215
2024-06-03 21:44:00,50.2,50.3,201,215
2024-06-03 21:46:00,50.3,50.3,202,218
2024-06-03 21:48:00,50.3,50.3,200,219
2024-06-03 21:50:00,50.5,50.5,199,217
2024-06-03 21:52:00,50.3,50.2,198,214
2024-06-03 21:54:00,50.4,50.4,202,217
2024-06-03 21:56:00,50.2,50.2,200,217
2024-06-03 21:58:00,50.4,50.4,203,220
2024-06-03 22:00:00,50.3,50.3,203,221
2024-06-03 22:02:00,50.4,50.4,202,220
2024-06-03 22:04:00,50.2,50.2,204,223
2024-06-03 22:06:00,50.5,50.5,202,221
2024-06-03 22:08:00,50.3,50.3,202,221
2024-06-03 22:10:00,50.5,50.6,199,219
2024-06-03 22:12:00,50.5,50.5,204,222
2024-06-03 22:14:00,50.4,50.4,205,223
2024-06-03 22:16:00,50.3,50.4,203,224
2024-06-03 22:18:00,50.5,50.6,202,223
2024-06-03 22:20:00,50.4,50.3,202,222
2024-06-03 22:22:00,50.4,50.4,202,221
2024-06-03 22:24:00,50.4,50.4,201,221
2024-06-03 22:26:00,50.6,50.6,203,222
2024-06-03 22:28:00,50.4,50.4,205,224
2024-06-03 22:30:00,50.6,50.5,203,225
2024-06-03 22:32:00,50.4,50.4,200,222
2024-06-03 22:34:00,50.4,50.0,202,222
2024-06-03 22:36:00,50.4,50.4,200,221
2024-06-03 22:38:00,50.4,50.4,199,228
2024-06-03 22:40:00,50.4,50.5,202,221
2024-06-03 22:42:00,50.4,50.5,204,222
2024-06-03 22:44:00,50.4,50.4,205,222
2024-06-03 22:46:00,50.5,50.5,198,219
2024-06-03 22:48:00,50.5,50.5,199,218
2024-06-03 22:50:00,50.7,50.6,207,223
2024-06-03 22:52:00,50.3,50.4,205,222
2024-06-03 22:54:00,49.6,49.7,204,216
2024-06-03 22:56:00,49.9,49.9,204,216
2024-06-03 22:58:00,49.9,49.9,207,219
2024-06-03 23:00:00,50.1,50.1,205,218
2024-06-03 23:02:00,50.1,50.2,206,219
2024-06-03 23:04:00,50.1,50.1,205,217
2024-06-03 23:06:00,50.1,50.1,206,218
2024-06-03 23:08:00,50.1,50.2,204,216
2024-06-03 23:10:00,50.0,50.1,207,219
2024-06-03 23:12:00,50.1,50.1,207,219
2024-06-03 23:14:00,50.1,50.0,207,221
2024-06-03 23:16:00,50.0,50.0,206,219
2024-06-03 23:18:00,49.8,49.8,208,221
2024-06-03 23:20:00,50.1,50.1,209,223
2024-06-03 23:22:00,50.0,50.0,207,221
2024-06-03 23:24:00,50.3,50.3,207,221
2024-06-03 23:26:00,50.2,50.2,209,223
2024-06-03 23:28:00,50.2,50.2,209,225
2024-06-03 23:30:00,50.2,50.2,207,223
2024-06-03 23:32:00,50.0,50.0,206,221
2024-06-03 23:34:00,50.1,50.1,207,221
2024-06-03 23:36:00,49.9,50.0,204,220
2024-06-03 23:38:00,50.0,50.0,207,221
2024-06-03 23:40:00,49.9,49.9,208,221
2024-06-03 23:42:00,49.9,49.9,208,221
2024-06-03 23:44:00,50.2,50.2,207,222
2024-06-03 23:46:00,50.2,50.1,207,222
2024-06-03 23:48:00,49.9,49.9,209,222
2024-06-03 23:50:00,50.1,50.1,209,223
2024-06-03 23:52:00,50.0,50.0,207,221
2024-06-03 23:54:00,50.3,50.3,208,222
2024-06-03 23:56:00,49.9,50.0,208,221
2024-06-03 23:58:00,50.1,50.1,207,222
2024-06-04 00:00:00,50.1,50.0,206,221
2024-06-04 00:02:00,50.1,50.1,207,221
2024-06-04 00:04:00,50.2,50.2,207,222
2024-06-04 00:06:00,50.2,50.1,207,223
2024-06-04 00:08:00,50.1,50.1,208,224
2024-06-04 00:10:00,50.2,50.2,208,223
2024-06-04 00:12:00,50.1,50.1,201,219
2024-06-04 00:14:00,49.8,49.8,202,219
2024-06-04 00:16:00,50.3,50.3,204,221
2024-06-04 00:18:00,50.2,50.1,210,221
2024-06-04 00:20:00,50,50.1,208,221
2024-06-04 00:22:00,50.2,50.1,208,221
2024-06-04 00:24:00,50.1,50.0,208,221
2024-06-04 00:26:00,50.2,50.2,211,224
2024-06-04 00:28:00,50.1,50.1,209,223
2024-06-04 00:30:00,50.2,50.2,209,224
2024-06-04 00:32:00,50.1,50.2,209,223
2024-06-04 00:34:00,50.2,50.2,210,223
2024-06-04 00:36:00,50.0,50.0,208,223
2024-06-04 00:38:00,50.1,50.1,210,225
2024-06-04 00:40:00,50.0,50.0,209,223
2024-06-04 00:42:00,50.2,50.2,207,223
2024-06-04 00:44:00,50.1,50.1,208,223
2024-06-04 00:46:00,50.0,50.0,209,224
2024-06-04 00:48:00,50.2,50.2,209,224
2024-06-04 00:50:00,50.2,50.2,207,223
2024-06-04 00:52:00,50.2,50.2,208,223
2024-06-04 00:54:00,50.4,50.5,209,225
2024-06-04 00:56:00,50.1,50.1,208,223
2024-06-04 00:58:00,50.4,50.4,207,223
2024-06-04 01:00:00,50.1,50.1,203,221
2024-06-04 01:02:00,50.2,50.2,209,223
2024-06-04 01:04:00,50.1,50.1,210,223
2024-06-04 01:06:00,49.8,50.0,209,223
2024-06-04 01:08:00,50.2,50.2,209,223
2024-06-04 01:10:00,50.2,50.2,208,221
2024-06-04 01:12:00,50.2,50.3,209,223
2024-06-04 01:14:00,50.1,50.0,210,224
2024-06-04 01:16:00,50.2,50.1,211,224
2024-06-04 01:18:00,50.1,50.1,212,226
2024-06-04 01:20:00,50.2,50.2,211,226
2024-06-04 01:22:00,50.2,50.2,211,225
2024-06-04 01:24:00,50.0,50.0,212,226
2024-06-04 01:26:00,50,50.0,211,226
2024-06-04 01:28:00,50.2,50.2,211,226
2024-06-04 01:30:00,50.1,50.1,213,228
2024-06-04 01:32:00,50.1,50.1,211,226
2024-06-04 01:34:00,50.0,50.0,210,226
2024-06-04 01:36:00,50.0,50.0,209,225
2024-06-04 01:38:00,50.1,50.1,210,225
2024-06-04 01:40:00,50.0,49.9,209,223
2024-06-04 01:42:00,50.0,50.0,208,224
2024-06-04 01:44:00,50.1,50.1,209,224
2024-06-04 01:46:00,50.0,50.0,208,222
2024-06-04 01:48:00,50.0,50.0,209,223
2024-06-04 01:50:00,49.8,49.8,207,223
2024-06-04 01:52:00,49.8,49.8,209,223
2024-06-04 01:54:00,49.8,49.8,210,225
2024-06-04 01:56:00,50.0,50.0,208,223
2024-06-04 01:58:00,50.1,50.1,208,223
2024-06-04 02:00:00,49.9,49.9,209,223
2024-06-04 02:02:00,50.1,50.2,211,225
2024-06-04 02:04:00,50.0,50.0,209,223
2024-06-04 02:06:00,50.2,50.1,210,225
2024-06-04 02:08:00,50.0,50.0,211,226
2024-06-04 02:10:00,49.9,49.9,211,226
2024-06-04 02:12:00,50.1,50.1,210,226
2024-06-04 02:14:00,50.3,50.2,211,226
2024-06-04 02:16:00,50.0,50.1,210,226
2024-06-04 02:18:00,50.0,50.0,209,224
2024-06-04 02:20:00,50.1,50.1,209,224
2024-06-04 02:22:00,49.9,50.0,211,226
2024-06-04 02:24:00,3922,5618,0,0
2024-06-04 02:26:00,3937,3012,0.707,0
2024-06-04 02:28:00,4367,4367,0,0.707
2024-06-04 02:30:00,4367,5618,0,0.707
2024-06-04 02:32:00,3247,7874,0,0
2024-06-04 02:34:00,5618,5618,0,0
2024-06-04 02:36:00,4926,3906,0,0
2024-06-04 02:38:00,4367,5618,0,0
2024-06-04 02:40:00,3906,7692,0,0
2024-06-04 02:42:00,51.2,51.2,221,236
2024-06-04 02:44:00,51.6,51.6,225,238
2024-06-04 02:46:00,51.8,51.8,226,238
2024-06-04 02:48:00,51.2,51.1,226,239
2024-06-04 02:50:00,51.3,51.3,223,237
2024-06-04 02:52:00,51.2,51.3,224,238
2024-06-04 02:54:00,51.1,51.2,225,238
2024-06-04 02:56:00,51.6,51.5,225,238
2024-06-04 02:58:00,51.3,51.4,223,237
2024-06-04 03:00:00,51.1,50.9,223,236
2024-06-04 03:02:00,51.4,51.4,224,238
2024-06-04 03:04:00,51.3,51.3,225,238
2024-06-04 03:06:00,50.8,50.8,222,236
2024-06-04 03:08:00,51.2,51.1,222,236
2024-06-04 03:10:00,51.4,51.4,224,238
2024-06-04 03:12:00,51.5,51.5,225,238
2024-06-04 03:14:00,51.4,51.4,222,236
2024-06-04 03:16:00,51.5,51.4,223,238
2024-06-04 03:18:00,51.4,51.4,225,238
2024-06-04 03:20:00,51.4,51.4,223,238
2024-06-04 03:22:00,51.3,51.3,223,238
2024-06-04 03:24:00,51.5,51.5,224,238
2024-06-04 03:26:00,51.3,51.2,226,240
2024-06-04 03:28:00,51.3,51.3,223,238
2024-06-04 03:30:00,51.2,51.2,221,236
2024-06-04 03:32:00,51.2,51.2,224,239
2024-06-04 03:34:00,51.3,51.3,225,240
2024-06-04 03:36:00,51.4,51.2,222,238
2024-06-04 03:38:00,51.3,51.3,226,240
2024-06-04 03:40:00,51.3,51.2,226,240
2024-06-04 03:42:00,51.2,51.2,223,238
2024-06-04 03:44:00,51.5,51.4,223,239
2024-06-04 03:46:00,51.5,51.5,226,239
2024-06-04 03:48:00,51.3,51.2,226,240
2024-06-04 03:50:00,51.0,51.0,223,238
2024-06-04 03:52:00,51.1,51.2,222,237
2024-06-04 03:54:00,50.9,50.9,222,235
2024-06-04 03:56:00,51.0,50.9,224,238
2024-06-04 03:58:00,50.8,50.7,221,236
2024-06-04 04:00:00,50.7,50.8,221,234
2024-06-04 04:02:00,50.8,50.8,223,237
2024-06-04 04:04:00,50.8,50.7,223,236
2024-06-04 04:06:00,50.7,50.8,221,235
2024-06-04 04:08:00,50.7,50.7,221,234
2024-06-04 04:10:00,50.9,50.9,223,236
2024-06-04 04:12:00,50.8,50.8,222,236
2024-06-04 04:14:00,50.8,50.8,223,237
2024-06-04 04:16:00,50.8,50.9,223,236
2024-06-04 04:18:00,50.7,50.6,220,233
2024-06-04 04:20:00,50.8,50.8,221,235
2024-06-04 04:22:00,50.9,50.8,222,235
2024-06-04 04:24:00,50.9,50.7,222,234
2024-06-04 04:26:00,50.8,50.8,220,233
2024-06-04 04:28:00,50.6,50.6,219,232
2024-06-04 04:30:00,50.7,50.7,221,234
2024-06-04 04:32:00,50.7,50.7,221,234
2024-06-04 04:34:00,50.7,50.7,220,233
2024-06-04 04:36:00,50.5,50.5,218,231
2024-06-04 04:38:00,50.6,50.5,219,232
2024-06-04 04:40:00,50.6,50.7,219,233
2024-06-04 04:42:00,50.7,50.7,221,236
2024-06-04 04:44:00,50.6,50.7,222,235
2024-06-04 04:46:00,50.7,50.7,222,235
2024-06-04 04:48:00,50.7,50.7,220,234
2024-06-04 04:50:00,50.7,50.7,220,234
2024-06-04 04:52:00,50.6,50.6,221,233
2024-06-04 04:54:00,50.8,50.6,221,236
2024-06-04 04:56:00,50.7,50.6,219,233
2024-06-04 04:58:00,50.7,50.7,222,235
2024-06-04 05:00:00,50.5,50.6,221,233
2024-06-04 05:02:00,50.6,50.7,220,234
2024-06-04 05:04:00,50.5,50.5,218,231
2024-06-04 05:06:00,50.7,50.6,221,233
2024-06-04 05:08:00,50.5,50.5,220,233
2024-06-04 05:10:00,50.6,50.6,220,233
2024-06-04 05:12:00,50.5,50.7,221,233
2024-06-04 05:14:00,50.6,50.5,220,232
2024-06-04 05:16:00,50.4,50.5,220,232
2024-06-04 05:18:00,50.6,50.6,220,233
2024-06-04 05:20:00,50.6,50.6,221,233
2024-06-04 05:22:00,50.6,50.6,222,234
2024-06-04 05:24:00,50.6,50.5,220,233
2024-06-04 05:26:00,50.6,50.7,220,233
2024-06-04 05:28:00,50.6,50.6,221,233
2024-06-04 05:30:00,50.7,50.6,221,233
2024-06-04 05:32:00,50.5,50.5,221,233
2024-06-04 05:34:00,50.5,50.5,221,233
2024-06-04 05:36:00,50.5,50.5,221,233
2024-06-04 05:38:00,50.7,50.7,222,234
2024-06-04 05:40:00,50.7,50.7,221,234
2024-06-04 05:42:00,50.6,50.6,222,233
2024-06-04 05:44:00,50.7,50.6,221,233
2024-06-04 05:46:00,50.6,50.5,220,232
2024-06-04 05:48:00,50.6,50.6,221,233
2024-06-04 05:50:00,50.7,50.7,222,234
2024-06-04 05:52:00,50.7,50.5,221,233
2024-06-04 05:54:00,50.8,50.7,222,234
2024-06-04 05:56:00,50.5,50.5,219,232
2024-06-04 05:58:00,50.7,50.7,222,233
2024-06-04 06:00:00,50.8,50.7,222,235
2024-06-04 06:02:00,49.9,49.9,221,233
2024-06-04 06:04:00,49.9,49.9,221,234
2024-06-04 06:06:00,49.8,49.8,221,233
2024-06-04 06:08:00,49.9,49.8,222,236
2024-06-04 06:10:00,49.7,49.7,216,233
2024-06-04 06:12:00,49.7,49.8,216,233
2024-06-04 06:14:00,49.8,49.8,221,233
2024-06-04 06:16:00,49.8,49.8,219,233
2024-06-04 06:18:00,49.8,49.9,220,233
2024-06-04 06:20:00,49.8,49.7,223,236
2024-06-04 06:22:00,49.7,49.7,223,236
2024-06-04 06:24:00,49.6,49.7,221,234
2024-06-04 06:26:00,49.8,49.7,220,232
2024-06-04 06:28:00,49.8,49.8,221,233
2024-06-04 06:30:00,49.7,49.8,219,232
2024-06-04 06:32:00,49.9,49.8,220,232
2024-06-04 06:34:00,49.8,49.8,221,232
2024-06-04 06:36:00,49.9,49.8,222,233
2024-06-04 06:38:00,49.7,49.8,219,232
2024-06-04 06:40:00,49.6,49.6,216,230
2024-06-04 06:42:00,49.7,49.6,219,232
2024-06-04 06:44:00,49.5,49.5,214,230
2024-06-04 06:46:00,49.6,49.7,219,231
2024-06-04 06:48:00,49.5,49.6,216,231
2024-06-04 06:50:00,49.7,49.6,219,231
2024-06-04 06:52:00,49.5,49.5,217,229
2024-06-04 06:54:00,49.9,49.9,223,233
2024-06-04 06:56:00,49.8,49.9,223,233
2024-06-04 06:58:00,50.0,49.9,223,233
2024-06-04 07:00:00,49.7,49.7,219,230
2024-06-04 07:02:00,49.8,49.9,220,231
2024-06-04 07:04:00,49.8,49.8,221,231
2024-06-04 07:06:00,49.8,49.9,223,233
2024-06-04 07:08:00,49.9,49.8,220,231
2024-06-04 07:10:00,49.9,49.8,223,232
2024-06-04 07:12:00,49.9,50.0,223,233
2024-06-04 07:14:00,49.9,49.8,223,231
2024-06-04 07:16:00,49.8,49.9,221,231
2024-06-04 07:18:00,50.0,49.9,223,233
2024-06-04 07:20:00,49.9,49.9,223,233
2024-06-04 07:22:00,49.9,50.0,219,229
2024-06-04 07:24:00,50.2,50.2,219,231
2024-06-04 07:26:00,50.3,50.3,222,232
2024-06-04 07:28:00,50.2,50.2,221,231
2024-06-04 07:30:00,50.3,50.4,222,233
2024-06-04 07:32:00,50.2,50.2,220,231
2024-06-04 07:34:00,50.2,50.3,216,231
2024-06-04 07:36:00,50.1,50.0,214,229
2024-06-04 07:38:00,50.2,50.1,214,230
2024-06-04 07:40:00,50.2,50.2,220,231
2024-06-04 07:42:00,50.4,50.3,221,232
2024-06-04 07:44:00,50.4,50.4,219,231
2024-06-04 07:46:00,50.6,50.5,221,233
2024-06-04 07:48:00,50.5,50.4,222,232
2024-06-04 07:50:00,50.6,50.6,222,233
2024-06-04 07:52:00,50.6,50.6,221,233
2024-06-04 07:54:00,50.5,50.6,221,233
2024-06-04 07:56:00,50.7,50.6,223,236
2024-06-04 07:58:00,50.5,50.6,222,235
2024-06-04 08:00:00,50.5,50.4,221,233
2024-06-04 08:02:00,50.3,50.3,222,235
2024-06-04 08:04:00,50.4,50.4,220,233
2024-06-04 08:06:00,50.5,50.3,218,230
2024-06-04 08:08:00,50.6,50.6,219,232
2024-06-04 08:10:00,50.6,50.6,216,231
2024-06-04 08:12:00,50.6,50.7,218,232
2024-06-04 08:14:00,50.5,50.4,214,229
2024-06-04 08:16:00,50.3,50.3,215,228
2024-06-04 08:18:00,50.4,50.3,216,229
2024-06-04 08:20:00,50.4,50.3,214,228
2024-06-04 08:22:00,50.3,50.2,211,227
2024-06-04 08:24:00,50.5,50.4,214,228
2024-06-04 08:26:00,50.4,50.4,214,228
2024-06-04 08:28:00,50.4,50.4,214,228
2024-06-04 08:30:00,50.2,50.3,208,231
2024-06-04 08:32:00,50.3,50.4,210,230
2024-06-04 08:34:00,50.1,50.1,211,235
2024-06-04 08:36:00,50.1,50.1,211,233
2024-06-04 08:38:00,50.2,50.2,213,238
2024-06-04 08:40:00,50.2,50.2,216,231
2024-06-04 08:42:00,50.2,50.2,213,230
2024-06-04 08:44:00,50.3,50.3,211,228
2024-06-04 08:46:00,50.1,50.0,214,229
2024-06-04 08:48:00,50.1,50.2,218,234
2024-06-04 08:50:00,49.8,49.8,217,233
2024-06-04 08:52:00,49.8,49.7,216,233
2024-06-04 08:54:00,49.8,49.8,217,233
2024-06-04 08:56:00,50.0,50.0,216,233
2024-06-04 08:58:00,50.0,50.1,214,233
2024-06-04 09:00:00,50.2,50.2,217,233
2024-06-04 09:02:00,50.1,50.1,216,232
2024-06-04 09:04:00,49.9,49.9,212,231
2024-06-04 09:06:00,49.8,49.8,214,231
2024-06-04 09:08:00,50.0,50.0,218,233
2024-06-04 09:10:00,49.9,49.8,214,231
2024-06-04 09:12:00,50.0,50.1,215,233
2024-06-04 09:14:00,50.0,50.0,215,233
2024-06-04 09:16:00,50.0,49.9,216,233
2024-06-04 09:18:00,49.8,49.8,209,232
2024-06-04 09:20:00,49.9,49.9,210,232
2024-06-04 09:22:00,49.7,49.8,213,234
2024-06-04 09:24:00,49.8,49.7,213,235
2024-06-04 09:26:00,49.9,49.9,214,238
2024-06-04 09:28:00,50.0,49.9,216,244
2024-06-04 09:30:00,50.0,50.0,217,239
2024-06-04 09:32:00,49.9,50.0,213,235
2024-06-04 09:34:00,50.1,50.1,213,237
2024-06-04 09:36:00,50.2,50.1,215,236
2024-06-04 09:38:00,50.1,50.0,222,242
2024-06-04 09:40:00,49.9,99.1,218,239
2024-06-04 09:42:00,49.8,49.8,210,235
2024-06-04 09:44:00,49.8,49.8,219,240
2024-06-04 09:46:00,49.8,49.8,218,240
2024-06-04 09:48:00,49.8,49.9,217,240
2024-06-04 09:50:00,49.9,49.9,217,240
2024-06-04 09:52:00,49.8,49.9,219,240
2024-06-04 09:54:00,50.0,49.8,219,241
2024-06-04 09:56:00,49.9,49.9,216,239
2024-06-04 09:58:00,49.8,49.8,218,244
2024-06-04 10:00:00,49.7,49.8,219,238
2024-06-04 10:02:00,49.7,49.7,217,238
2024-06-04 10:04:00,49.6,49.7,219,238
2024-06-04 10:06:00,49.8,49.8,217,243
2024-06-04 10:08:00,50.0,50.0,216,238
2024-06-04 10:10:00,50.0,50.0,213,238
2024-06-04 10:12:00,49.9,50.0,213,236
2024-06-04 10:14:00,50.1,50.1,214,236
2024-06-04 10:16:00,49.7,49.8,212,238
2024-06-04 10:18:00,49.7,49.8,215,243
2024-06-04 10:20:00,49.9,49.9,214,238
2024-06-04 10:22:00,49.8,49.8,215,238
2024-06-04 10:24:00,49.6,49.6,217,239
2024-06-04 10:26:00,49.9,49.8,221,238
2024-06-04 10:28:00,49.7,49.8,216,237
2024-06-04 10:30:00,49.7,49.8,216,239
2024-06-04 10:32:00,49.3,49.4,206,234
2024-06-04 10:34:00,49.6,49.5,211,236
2024-06-04 10:36:00,49.7,49.8,222,239
2024-06-04 10:38:00,49.8,49.8,216,237
2024-06-04 10:40:00,49.8,49.7,214,235
2024-06-04 10:42:00,49.6,49.5,214,236
2024-06-04 10:44:00,49.9,49.7,217,238
2024-06-04 10:46:00,49.8,49.7,217,238
2024-06-04 10:48:00,49.9,49.8,216,239
2024-06-04 10:50:00,49.9,50.0,215,237
2024-06-04 10:52:00,50.3,50.3,218,240
2024-06-04 10:54:00,49.7,49.7,216,240
2024-06-04 10:56:00,49.7,49.8,213,239
2024-06-04 10:58:00,50.0,50.0,214,238
2024-06-04 11:00:00,49.9,50.0,215,241
2024-06-04 11:02:00,50.1,50.2,211,236
2024-06-04 11:04:00,50.5,50.4,212,236
2024-06-04 11:06:00,50.1,50.2,215,238
2024-06-04 11:08:00,50.2,50.2,216,238
2024-06-04 11:10:00,50.1,50.2,216,239
2024-06-04 11:12:00,50.3,50.2,214,238
2024-06-04 11:14:00,50.2,50.1,214,238
2024-06-04 11:16:00,50.5,50.4,211,235
2024-06-04 11:18:00,50.1,50.2,212,236
2024-06-04 11:20:00,50.1,50.2,217,241
2024-06-04 11:22:00,50.2,50.1,218,243
2024-06-04 11:24:00,49.9,49.9,214,237
2024-06-04 11:26:00,49.7,50.0,215,238
2024-06-04 11:28:00,50.0,50.0,213,236
2024-06-04 11:30:00,50.0,50.1,211,236
2024-06-04 11:32:00,49.9,49.9,213,237
2024-06-04 11:34:00,49.7,49.6,210,236
2024-06-04 11:36:00,50.0,49.9,210,236
2024-06-04 11:38:00,49.9,50.0,211,236
2024-06-04 11:40:00,49.8,49.8,214,238
2024-06-04 11:42:00,49.9,49.9,213,235
2024-06-04 11:44:00,49.9,49.9,218,243
2024-06-04 11:46:00,49.7,49.8,215,240
2024-06-04 11:48:00,49.6,49.5,212,237
2024-06-04 11:50:00,49.8,49.7,216,238
2024-06-04 11:52:00,49.7,49.6,214,238
2024-06-04 11:54:00,49.8,50.0,212,236
2024-06-04 11:56:00,49.7,49.8,217,240
2024-06-04 11:58:00,49.9,49.9,215,238
2024-06-04 12:00:00,49.8,49.7,212,236
2024-06-04 12:02:00,49.9,49.8,214,238
2024-06-04 12:04:00,49.7,49.8,214,236
2024-06-04 12:06:00,50.0,49.8,211,233
2024-06-04 12:08:00,49.7,49.7,213,235
2024-06-04 12:10:00,49.9,49.9,215,236
2024-06-04 12:12:00,50.0,50.1,215,238
2024-06-04 12:14:00,49.8,49.8,219,241
2024-06-04 12:16:00,50.1,50.0,216,238
2024-06-04 12:18:00,50.0,50.3,211,233
2024-06-04 12:20:00,51.5,50.2,214,235
2024-06-04 12:22:00,50.0,50.0,216,242
2024-06-04 12:24:00,50.0,50.0,214,235
2024-06-04 12:26:00,50.0,50.0,209,236
2024-06-04 12:28:00,49.6,49.5,210,236
2024-06-04 12:30:00,49.9,50.0,211,232
2024-06-04 12:32:00,49.6,49.6,210,233
2024-06-04 12:34:00,49.7,49.6,214,234
2024-06-04 12:36:00,49.7,49.7,216,234
2024-06-04 12:38:00,50.0,49.7,214,235
2024-06-04 12:40:00,49.6,49.7,215,243
2024-06-04 12:42:00,,49.6,,238
2024-06-04 12:44:00,50.0,50.0,218,238
2024-06-04 12:46:00,49.6,49.7,214,235
2024-06-04 12:48:00,50.0,49.5,209,233
2024-06-04 12:50:00,49.6,49.6,214,236
2024-06-04 12:52:00,49.5,49.4,214,236
2024-06-04 12:54:00,50.0,49.7,211,234
2024-06-04 12:56:00,49.8,48.5,213,236
2024-06-04 12:58:00,49.5,49.6,215,236
2024-06-04 13:00:00,50.0,49.6,211,234
2024-06-04 13:02:00,49.1,49.1,212,236
2024-06-04 13:04:00,50.0,49.2,216,238
2024-06-04 13:06:00,49.1,48.5,214,236
2024-06-04 13:08:00,48.5,48.9,213,235
2024-06-04 13:10:00,48.8,49.4,214,236
2024-06-04 13:12:00,49.1,49.2,216,239
2024-06-04 13:14:00,49.0,49.0,216,238
2024-06-04 13:16:00,48.9,49.0,214,236
2024-06-04 13:18:00,49.2,49.1,211,235
2024-06-04 13:20:00,48.9,49.0,213,234
2024-06-04 13:22:00,48.3,47.9,214,235
2024-06-04 13:24:00,49.0,49.0,213,235
2024-06-04 13:26:00,48.5,49.0,214,236
2024-06-04 13:28:00,49.6,48.9,214,236
2024-06-04 13:30:00,48.9,48.9,212,233
2024-06-04 13:32:00,48.6,48.2,212,233
2024-06-04 13:34:00,50.0,49.9,214,234
2024-06-04 13:36:00,48.7,48.7,214,235
2024-06-04 13:38:00,48.7,47.6,214,235
2024-06-04 13:40:00,49.0,49.0,212,235
2024-06-04 13:42:00,49.0,50.0,214,234
2024-06-04 13:44:00,48.0,49.1,213,234
2024-06-04 13:46:00,49.0,48.9,211,232
2024-06-04 13:48:00,47.9,49.1,211,233
2024-06-04 13:50:00,49.0,49.1,214,234
2024-06-04 13:52:00,50.0,48.6,216,237
2024-06-04 13:54:00,47.6,48.8,211,233
2024-06-04 13:56:00,49.3,48.5,214,242
2024-06-04 13:58:00,48.8,48.8,217,237
2024-06-04 14:00:00,50.0,48.9,216,240
2024-06-04 14:02:00,49.0,48.1,216,238
2024-06-04 14:04:00,49.3,48.5,218,242
2024-06-04 14:06:00,48.7,49.2,218,245
2024-06-04 14:08:00,49.2,49.1,215,241
2024-06-04 14:10:00,49.1,49.9,216,245
2024-06-04 14:12:00,50.0,49.0,208,235
2024-06-04 14:14:00,49.8,50.0,211,237
2024-06-04 14:16:00,49.2,49.2,209,235
2024-06-04 14:18:00,48.5,50.0,209,237
2024-06-04 14:20:00,49.2,49.2,209,236
2024-06-04 14:22:00,49.3,49.5,216,238
2024-06-04 14:24:00,50.0,49.4,210,237
2024-06-04 14:26:00,49.4,48.5,211,234
2024-06-04 14:28:00,49.5,50.0,216,237
2024-06-04 14:30:00,49.5,48.4,216,240
2024-06-04 14:32:00,48.4,49.3,212,236
2024-06-04 14:34:00,50.0,49.6,218,238
2024-06-04 14:36:00,49.5,49.4,219,240
2024-06-04 14:38:00,49.5,49.4,217,240
2024-06-04 14:40:00,50.0,48.2,216,238
2024-06-04 14:42:00,49.5,49.4,218,240
2024-06-04 14:44:00,50.0,50.0,217,238
2024-06-04 14:46:00,49.6,49.4,216,239
2024-06-04 14:48:00,48.4,49.3,216,239
2024-06-04 14:50:00,49.4,49.5,216,238
2024-06-04 14:52:00,49.2,49.3,218,242
2024-06-04 14:54:00,48.2,49.5,214,238
2024-06-04 14:56:00,49.2,49.1,214,238
2024-06-04 14:58:00,47.8,49.9,215,238
2024-06-04 15:00:00,49.2,49.3,214,238
2024-06-04 15:02:00,48.6,48.1,214,238
2024-06-04 15:04:00,49.3,49.3,216,240
2024-06-04 15:06:00,49.4,49.4,216,238
2024-06-04 15:08:00,48.4,50.0,216,240
2024-06-04 15:10:00,49.3,49.4,217,241
2024-06-04 15:12:00,49.7,48.3,218,241
2024-06-04 15:14:00,49.4,49.5,215,239
2024-06-04 15:16:00,48.5,48.7,214,238
2024-06-04 15:18:00,49.3,48.4,214,236
2024-06-04 15:20:00,49.9,49.4,219,241
2024-06-04 15:22:00,49.3,48.1,215,237
2024-06-04 15:24:00,49.3,49.3,215,238
2024-06-04 15:26:00,49.2,50.0,219,240
2024-06-04 15:28:00,49.2,49.2,217,240
2024-06-04 15:30:00,48.7,50.0,216,238
2024-06-04 15:32:00,49.3,50.0,215,238
2024-06-04 15:34:00,49.5,48.6,216,238
2024-06-04 15:36:00,49.4,49.3,219,241
2024-06-04 15:38:00,49.9,49.3,215,238
2024-06-04 15:40:00,49.3,49.3,215,238
2024-06-04 15:42:00,49.7,50.0,216,238
2024-06-04 15:44:00,48.5,49.6,217,240
2024-06-04 15:46:00,6579,1167,0.707,0
2024-06-04 15:48:00,1131,4367,0.707,0
2024-06-04 15:50:00,49.7,49.7,196,190
2024-06-04 15:52:00,49.5,49.6,201,194
2024-06-04 15:54:00,49.4,49.4,207,199
2024-06-04 15:56:00,49.3,49.2,205,192
2024-06-04 15:58:00,49.4,49.5,206,197
2024-06-04 16:00:00,49.2,49.2,199,192
2024-06-04 16:02:00,49.4,49.4,207,199
2024-06-04 16:04:00,49.9,49.8,200,197
2024-06-04 16:06:00,49.8,49.8,196,194
2024-06-04 16:08:00,49.5,49.5,196,190
2024-06-04 16:10:00,49.5,49.4,199,194
2024-06-04 16:12:00,49.4,49.5,202,188
2024-06-04 16:14:00,49.3,98.4,201,187
2024-06-04 16:16:00,49.7,49.7,197,194
2024-06-04 16:18:00,49.5,49.5,199,189
2024-06-04 16:20:00,49.6,50,198,190
2024-06-04 16:22:00,49.6,49.7,199,199
2024-06-04 16:24:00,49.6,66.3,207,194
2024-06-04 16:26:00,49.1,49.1,202,197
2024-06-04 16:28:00,49.6,49.6,199,190
2024-06-04 16:30:00,49.7,49.7,200,199
2024-06-04 16:32:00,49.6,49.6,201,201
2024-06-04 16:34:00,49.6,49.6,197,199
2024-06-04 16:36:00,49.2,49.2,199,198
2024-06-04 16:38:00,49.6,49.6,200,195
2024-06-04 16:40:00,49.3,49.3,198,191
2024-06-04 16:42:00,49.4,49.5,201,194
2024-06-04 16:44:00,49.4,49.4,201,195
2024-06-04 16:46:00,49.5,49.5,199,192
2024-06-04 16:48:00,49.3,49.3,202,194
2024-06-04 16:50:00,49.5,50.0,195,201
2024-06-04 16:52:00,49.6,49.6,197,192
2024-06-04 16:54:00,48.3,49.1,202,202
2024-06-04 16:56:00,49.6,49.5,199,202
2024-06-04 16:58:00,49.5,49.6,203,195
2024-06-04 17:00:00,49.5,49.6,201,197
2024-06-04 17:02:00,49.5,49.5,202,194
2024-06-04 17:04:00,49.5,49.5,200,197
2024-06-04 17:06:00,49.5,49.5,201,199
2024-06-04 17:08:00,49.6,49.6,196,192
2024-06-04 17:10:00,49.7,49.7,199,195
2024-06-04 17:12:00,49.7,49.7,198,194
2024-06-04 17:14:00,49.2,49.2,199,195
2024-06-04 17:16:00,49.8,49.7,202,198
2024-06-04 17:18:00,49.4,49.4,202,195
2024-06-04 17:20:00,49.7,49.7,202,199
2024-06-04 17:22:00,49.5,49.5,202,198
2024-06-04 17:24:00,49.8,49.7,201,199
2024-06-04 17:26:00,49.7,49.7,201,199
2024-06-04 17:28:00,49.6,49.6,206,201
2024-06-04 17:30:00,49.7,49.7,202,196
2024-06-04 17:32:00,49.7,49.7,199,198
2024-06-04 17:34:00,49.5,49.5,199,202
2024-06-04 17:36:00,49.5,49.5,198,205
2024-06-04 17:38:00,49.5,49.4,200,200
2024-06-04 17:40:00,49.7,49.6,200,204
2024-06-04 17:42:00,49.5,49.4,198,199
2024-06-04 17:44:00,49.5,49.6,198,197
2024-06-04 17:46:00,49.4,49.4,199,197
2024-06-04 17:48:00,49.4,49.4,197,192
2024-06-04 17:50:00,49.8,49.8,197,194
2024-06-04 17:52:00,49.3,49.4,199,195
2024-06-04 17:54:00,49.7,49.6,202,201
2024-06-04 17:56:00,49.3,49.3,200,198
2024-06-04 17:58:00,49.5,49.5,199,196
2024-06-04 18:00:00,49.4,49.4,208,199
2024-06-04 18:02:00,49.4,49.4,202,197
2024-06-04 18:04:00,49.6,49.5,205,197
2024-06-04 18:06:00,49.2,49.2,197,196
2024-06-04 18:08:00,49.5,49.5,197,199
2024-06-04 18:10:00,49.2,49.2,197,202
2024-06-04 18:12:00,49.4,49.4,198,204
2024-06-04 18:14:00,49.0,49.0,197,199
2024-06-04 18:16:00,49.2,49.2,199,199
2024-06-04 18:18:00,49.1,49.1,198,197
2024-06-04 18:20:00,49.2,49.2,196,194
2024-06-04 18:22:00,49.3,50.0,196,200
2024-06-04 18:24:00,49.0,49.0,196,199
2024-06-04 18:26:00,49.2,49.2,197,192
2024-06-04 18:28:00,49.1,49.0,199,192
2024-06-04 18:30:00,49.1,49.1,196,191
2024-06-04 18:32:00,49.2,49.2,197,193
2024-06-04 18:34:00,49.2,49.2,197,194
2024-06-04 18:36:00,49.3,49.2,196,192
2024-06-04 18:38:00,48.9,48.8,197,189
2024-06-04 18:40:00,48.8,48.8,197,195
2024-06-04 18:42:00,49.1,49.3,197,193
2024-06-04 18:44:00,49.0,47.9,197,192
2024-06-04 18:46:00,48.9,48.9,202,185
2024-06-04 18:48:00,48.9,48.9,202,187
2024-06-04 18:50:00,49.0,49.0,197,186
2024-06-04 18:52:00,49.3,49.3,201,187
2024-06-04 18:54:00,49.2,49.2,199,185
2024-06-04 18:56:00,49.0,49.1,197,185
2024-06-04 18:58:00,49.0,49.0,197,186
2024-06-04 19:00:00,49.0,49.0,202,188
2024-06-04 19:02:00,49.2,49.2,197,190
2024-06-04 19:04:00,49.1,49.0,199,193
2024-06-04 19:06:00,49.0,49.0,195,191
2024-06-04 19:08:00,49.3,49.3,197,192
2024-06-04 19:10:00,49.2,49.2,196,190
2024-06-04 19:12:00,49.1,49.1,199,190
2024-06-04 19:14:00,49.2,49.2,194,182
2024-06-04 19:16:00,49.2,49.2,195,183
2024-06-04 19:18:00,49.2,49.2,198,183
2024-06-04 19:20:00,49.0,49.0,199,186
2024-06-04 19:22:00,49.0,49.0,197,185
2024-06-04 19:24:00,48.9,48.9,195,185
2024-06-04 19:26:00,49.2,49.2,197,185
2024-06-04 19:28:00,49.2,49.2,197,185
2024-06-04 19:30:00,49.2,49.2,194,184
2024-06-04 19:32:00,49.3,49.2,198,187
2024-06-04 19:34:00,49.2,49.1,199,192
2024-06-04 19:36:00,49.1,49.1,201,193
2024-06-04 19:38:00,49.2,49.2,202,193
2024-06-04 19:40:00,49.2,49.2,198,196
2024-06-04 19:42:00,49.2,49.2,197,194
2024-06-04 19:44:00,49.3,49.3,197,194
2024-06-04 19:46:00,49.7,49.7,198,195
2024-06-04 19:48:00,49.5,49.5,197,194
2024-06-04 19:50:00,49.9,49.9,195,205
2024-06-04 19:52:00,50.0,50.0,201,206
2024-06-04 19:54:00,50.0,50.0,195,201
2024-06-04 19:56:00,49.9,49.9,197,205
2024-06-04 19:58:00,50.1,50.1,195,202
2024-06-04 20:00:00,49.9,50.0,198,205
2024-06-04 20:02:00,50.1,50.1,198,212
2024-06-04 20:04:00,49.9,49.9,199,207
2024-06-04 20:06:00,49.8,49.8,196,202
2024-06-04 20:08:00,50.0,49.8,196,202
2024-06-04 20:10:00,49.9,50.0,205,209
2024-06-04 20:12:00,50.1,50.0,200,207
2024-06-04 20:14:00,49.8,49.8,199,209
2024-06-04 20:16:00,50.1,50.0,198,208
2024-06-04 20:18:00,49.8,49.7,194,210
2024-06-04 20:20:00,50.0,49.9,198,208
2024-06-04 20:22:00,50.0,50.0,198,208
2024-06-04 20:24:00,49.9,50.0,197,207
2024-06-04 20:26:00,50.0,50.0,197,204
2024-06-04 20:28:00,50.1,50.0,195,201
2024-06-04 20:30:00,50.1,50.0,199,205
2024-06-04 20:32:00,49.8,49.9,198,207
2024-06-04 20:34:00,49.3,49.3,198,204
2024-06-04 20:36:00,49.6,49.6,197,197
2024-06-04 20:38:00,49.6,49.6,201,202
2024-06-04 20:40:00,49.6,49.6,197,199
2024-06-04 20:42:00,49.7,49.7,200,202
2024-06-04 20:44:00,49.7,49.6,199,197
2024-06-04 20:46:00,49.7,49.7,199,199
2024-06-04 20:48:00,49.5,49.6,197,194
2024-06-04 20:50:00,49.5,49.5,197,197
2024-06-04 20:52:00,49.5,49.5,199,199
2024-06-04 20:54:00,49.5,49.5,199,202
2024-06-04 20:56:00,49.5,49.5,199,201
2024-06-04 20:58:00,49.2,49.3,197,194
2024-06-04 21:00:00,49.9,49.3,197,195
2024-06-04 21:02:00,49.5,49.5,196,205
2024-06-04 21:04:00,49.6,49.6,198,204
2024-06-04 21:06:00,49.5,49.5,200,204
2024-06-04 21:08:00,49.6,49.6,199,203
2024-06-04 21:10:00,49.6,49.6,196,197
2024-06-04 21:12:00,49.6,49.6,199,200
2024-06-04 21:14:00,49.6,49.6,201,206
2024-06-04 21:16:00,49.7,49.6,199,209
2024-06-04 21:18:00,49.6,49.7,196,206
2024-06-04 21:20:00,49.7,49.7,199,204
2024-06-04 21:22:00,49.6,49.6,199,204
2024-06-04 21:24:00,49.7,49.7,197,202
2024-06-04 21:26:00,49.7,49.7,199,204
2024-06-04 21:28:00,49.6,49.6,199,205
2024-06-04 21:30:00,49.6,49.6,199,205
2024-06-04 21:32:00,49.5,49.6,198,204
2024-06-04 21:34:00,49.7,49.7,201,204
2024-06-04 21:36:00,49.7,49.6,201,203
2024-06-04 21:38:00,49.6,49.6,197,199
2024-06-04 21:40:00,49.7,49.7,198,199
2024-06-04 21:42:00,49.7,49.6,201,202
2024-06-04 21:44:00,49.7,49.7,202,206
2024-06-04 21:46:00,49.8,49.8,198,204
2024-06-04 21:48:00,49.8,49.7,198,204
2024-06-04 21:50:00,50.0,50.0,205,211
2024-06-04 21:52:00,49.4,49.5,202,205
2024-06-04 21:54:00,50.0,50.0,202,209
2024-06-04 21:56:00,49.7,49.7,209,210
2024-06-04 21:58:00,49.9,49.9,204,205
2024-06-04 22:00:00,49.6,49.6,198,207
2024-06-04 22:02:00,49.8,49.8,202,214
2024-06-04 22:04:00,49.7,49.7,202,216
2024-06-04 22:06:00,49.7,49.7,198,210
2024-06-04 22:08:00,49.6,49.6,194,207
2024-06-04 22:10:00,49.7,49.8,197,208
2024-06-04 22:12:00,49.6,49.6,199,216
2024-06-04 22:14:00,49.8,49.8,202,213
2024-06-04 22:16:00,49.9,49.9,201,216
2024-06-04 22:18:00,49.8,49.7,203,216
2024-06-04 22:20:00,49.9,49.9,204,212
2024-06-04 22:22:00,49.7,49.7,202,211
2024-06-04 22:24:00,49.8,49.7,199,208
2024-06-04 22:26:00,49.7,49.7,202,212
2024-06-04 22:28:00,49.9,49.9,199,209
2024-06-04 22:30:00,49.9,50.0,202,217
2024-06-04 22:32:00,49.8,49.8,200,213
2024-06-04 22:34:00,50.0,50.0,193,211
2024-06-04 22:36:00,49.9,50.0,199,219
2024-06-04 22:38:00,49.9,49.9,206,214
2024-06-04 22:40:00,50.1,50.1,197,210
2024-06-04 22:42:00,50.1,50.1,202,215
2024-06-04 22:44:00,50.0,49.9,200,214
2024-06-04 22:46:00,49.9,49.8,202,216
2024-06-04 22:48:00,49.9,49.9,204,217
2024-06-04 22:50:00,50.0,50,204,216
2024-06-04 22:52:00,50.0,50.0,204,221
2024-06-04 22:54:00,50.1,50.1,208,220
2024-06-04 22:56:00,50.1,50.2,202,221
2024-06-04 22:58:00,50.3,50.3,204,220
2024-06-04 23:00:00,49.9,50.0,207,224
2024-06-04 23:02:00,50.3,50.4,207,231
2024-06-04 23:04:00,50.0,50.1,207,225
2024-06-04 23:06:00,50.2,50.2,203,221
2024-06-04 23:08:00,50.2,50.2,207,225
2024-06-04 23:10:00,50.0,50.0,204,220
2024-06-04 23:12:00,50.1,50.1,207,224
2024-06-04 23:14:00,49.9,49.9,206,228
2024-06-04 23:16:00,50.0,50.1,207,223
2024-06-04 23:18:00,49.9,49.9,207,223
2024-06-04 23:20:00,50.1,50.1,206,221
2024-06-04 23:22:00,49.9,49.9,206,223
2024-06-04 23:24:00,50.2,50.2,209,225
2024-06-04 23:26:00,50.1,50.0,209,225
2024-06-04 23:28:00,49.9,49.8,207,224
2024-06-04 23:30:00,50.0,50.0,207,224
2024-06-04 23:32:00,50.2,50.2,208,222
2024-06-04 23:34:00,50.0,49.9,207,221
2024-06-04 23:36:00,49.9,49.8,204,219
2024-06-04 23:38:00,50.2,50.1,209,225
2024-06-04 23:40:00,50.0,50.0,207,224
2024-06-04 23:42:00,49.9,50.0,207,224
2024-06-04 23:44:00,50.0,50.0,208,224
2024-06-04 23:46:00,50.0,50.0,207,223
2024-06-04 23:48:00,50.1,50.2,207,224
2024-06-04 23:50:00,50.2,50.2,207,223
2024-06-04 23:52:00,50.2,50.2,208,224
2024-06-04 23:54:00,50.1,50.0,208,225
2024-06-04 23:56:00,50.2,50.2,208,224
2024-06-04 23:58:00,50.2,50.2,208,224
2024-06-05 00:00:00,50.2,50.2,204,221
2024-06-05 00:02:00,50.1,50.0,204,220
2024-06-05 00:04:00,50.3,50.3,209,226
2024-06-05 00:06:00,50.2,50.2,209,226
2024-06-05 00:08:00,50.3,50.3,205,223
2024-06-05 00:10:00,50.2,50.2,204,221
2024-06-05 00:12:00,50.4,50.4,209,226
2024-06-05 00:14:00,49.7,49.7,209,225
2024-06-05 00:16:00,50.2,50.2,204,220
2024-06-05 00:18:00,50.0,50.0,207,222
2024-06-05 00:20:00,50.3,50.3,210,227
2024-06-05 00:22:00,50.1,50.2,209,227
2024-06-05 00:24:00,50.3,50.3,207,223
2024-06-05 00:26:00,50.0,50.0,209,226
2024-06-05 00:28:00,50.5,50.5,210,226
2024-06-05 00:30:00,50.2,50.2,210,226
2024-06-05 00:32:00,50.2,50.2,205,221
2024-06-05 00:34:00,50.2,50.2,209,224
2024-06-05 00:36:00,50.1,50.1,209,225
2024-06-05 00:38:00,50.2,50.1,206,221
2024-06-05 00:40:00,50.2,50.2,208,223
2024-06-05 00:42:00,50.0,50.0,209,225
2024-06-05 00:44:00,50.2,50.2,207,221
2024-06-05 00:46:00,50.2,50.2,207,222
2024-06-05 00:48:00,50.2,50.2,205,221
2024-06-05 00:50:00,50.2,50.2,206,221
2024-06-05 00:52:00,50.0,50.0,209,226
2024-06-05 00:54:00,50.3,50.3,210,226
2024-06-05 00:56:00,50.2,50.3,207,226
2024-06-05 00:58:00,50.1,50.1,211,228
2024-06-05 01:00:00,50.3,50.3,206,220
2024-06-05 01:02:00,50.1,50.0,209,227
2024-06-05 01:04:00,50.3,50.3,211,227
2024-06-05 01:06:00,50.2,50.2,211,228
2024-06-05 01:08:00,50.1,50.1,208,226
2024-06-05 01:10:00,50.2,50.2,211,228
2024-06-05 01:12:00,50.3,50.3,205,221
2024-06-05 01:14:00,50.1,50.1,210,233
2024-06-05 01:16:00,50.1,50.1,210,228
2024-06-05 01:18:00,50.2,50.2,211,228
2024-06-05 01:20:00,50.2,50.2,211,228
2024-06-05 01:22:00,50.2,50.1,211,228
2024-06-05 01:24:00,50.3,50.3,211,228
2024-06-05 01:26:00,50.3,50.3,209,226
2024-06-05 01:28:00,50.2,50.2,211,228
2024-06-05 01:30:00,50.3,50.3,206,221
2024-06-05 01:32:00,50.2,50.2,209,228
2024-06-05 01:34:00,50.2,50.2,208,226
2024-06-05 01:36:00,50.3,50.3,209,228
2024-06-05 01:38:00,50.1,50.2,210,230
2024-06-05 01:40:00,50.2,50.1,211,231
2024-06-05 01:42:00,50.3,50.3,210,231
2024-06-05 01:44:00,50.2,50.2,209,230
2024-06-05 01:46:00,50.3,50.3,209,229
2024-06-05 01:48:00,50.3,50.3,209,230
2024-06-05 01:50:00,50.3,50.2,209,228
2024-06-05 01:52:00,50.1,50.1,209,230
2024-06-05 01:54:00,50.4,50.3,209,230
2024-06-05 01:56:00,50.3,50.3,209,229
2024-06-05 01:58:00,50.2,50.2,210,231
2024-06-05 02:00:00,50.2,50.2,210,231
2024-06-05 02:02:00,50.2,50.2,210,230
2024-06-05 02:04:00,50.4,50.4,209,230
2024-06-05 02:06:00,50.3,50.4,210,230
2024-06-05 02:08:00,50.3,50.2,209,228
2024-06-05 02:10:00,50.4,50.4,208,228
2024-06-05 02:12:00,50.2,50.1,208,225
2024-06-05 02:14:00,50.2,50.3,211,229
2024-06-05 02:16:00,50.2,50.2,209,228
2024-06-05 02:18:00,50.3,50.2,208,224
2024-06-05 02:20:00,50.0,50,208,223
2024-06-05 02:22:00,50.3,50.2,211,231
2024-06-05 02:24:00,50.1,50.0,210,230
2024-06-05 02:26:00,50.2,50.2,209,228
2024-06-05 02:28:00,50.1,50.2,208,228
2024-06-05 02:30:00,50.1,50.2,208,228
2024-06-05 02:32:00,50.1,50.1,209,228
2024-06-05 02:34:00,50.4,50.4,209,227
2024-06-05 02:36:00,50.1,50.2,209,228
2024-06-05 02:38:00,50.0,50.0,209,228
2024-06-05 02:40:00,50.0,50.0,207,222
2024-06-05 02:42:00,50.2,50.3,209,222
2024-06-05 02:44:00,50.1,50.2,210,223
2024-06-05 02:46:00,50.2,50.2,209,222
2024-06-05 02:48:00,50.2,50.2,211,226
2024-06-05 02:50:00,50.1,50.1,211,226
2024-06-05 02:52:00,50.2,50.2,211,226
2024-06-05 02:54:00,50.2,50.2,211,226
2024-06-05 02:56:00,50.2,50.2,210,225
2024-06-05 02:58:00,50.3,50.2,212,227
2024-06-05 03:00:00,50.2,50.1,211,226
2024-06-05 03:02:00,50.2,50.2,211,226
2024-06-05 03:04:00,50.1,50.1,211,228
2024-06-05 03:06:00,50.3,50.3,211,228
2024-06-05 03:08:00,50.2,50.2,212,229
2024-06-05 03:10:00,50.3,50.3,211,229
2024-06-05 03:12:00,50.1,50.1,209,228
2024-06-05 03:14:00,50.2,50.2,209,228
2024-06-05 03:16:00,50.3,50.4,216,228
2024-06-05 03:18:00,50.4,50.3,209,228
2024-06-05 03:20:00,50.1,50.2,209,227
2024-06-05 03:22:00,50.2,50.3,208,226
2024-06-05 03:24:00,50.2,50.2,209,228
2024-06-05 03:26:00,50.1,50.1,207,223
2024-06-05 03:28:00,50.3,50.2,211,228
2024-06-05 03:30:00,50.2,50.2,213,228
2024-06-05 03:32:00,50.3,50.3,212,231
2024-06-05 03:34:00,50.2,50.2,210,228
2024-06-05 03:36:00,50.3,50.3,209,227
2024-06-05 03:38:00,50.3,50.2,209,226
2024-06-05 03:40:00,50.2,50.2,209,226
2024-06-05 03:42:00,50.4,50.4,209,226
2024-06-05 03:44:00,50.1,50.0,209,227
2024-06-05 03:46:00,50.4,50.4,209,227
2024-06-05 03:48:00,50.3,50.4,210,227
2024-06-05 03:50:00,50.2,50.2,210,228
2024-06-05 03:52:00,50.3,50.4,209,226
2024-06-05 03:54:00,50.2,50.2,209,226
2024-06-05 03:56:00,50.3,50.4,211,229
2024-06-05 03:58:00,50.2,50.2,211,229
2024-06-05 04:00:00,50.3,50.3,210,228
2024-06-05 04:02:00,50.1,50.1,206,221
2024-06-05 04:04:00,50.2,50.2,207,221
2024-06-05 04:06:00,50.2,50.2,209,223
2024-06-05 04:08:00,50.0,50.0,207,221
2024-06-05 04:10:00,50.1,50.1,207,221
2024-06-05 04:12:00,50.3,50.3,213,226
2024-06-05 04:14:00,50.2,50.2,212,228
2024-06-05 04:16:00,50.3,50.3,211,228
2024-06-05 04:18:00,50.2,50.2,209,222
2024-06-05 04:20:00,50.2,50.2,209,222
2024-06-05 04:22:00,50.5,50.5,209,223
2024-06-05 04:24:00,49.8,49.8,212,227
2024-06-05 04:26:00,50.0,50.0,212,228
2024-06-05 04:28:00,49.8,49.7,213,227
2024-06-05 04:30:00,49.9,49.9,214,229
2024-06-05 04:32:00,49.8,49.8,211,227
2024-06-05 04:34:00,49.8,49.8,211,227
2024-06-05 04:36:00,49.9,49.9,214,228
2024-06-05 04:38:00,49.8,49.7,210,223
2024-06-05 04:40:00,49.9,50.0,214,231
2024-06-05 04:42:00,49.9,49.9,212,228
2024-06-05 04:44:00,49.8,49.9,212,228
2024-06-05 04:46:00,50.0,50.0,211,225
2024-06-05 04:48:00,49.9,49.9,211,224
2024-06-05 04:50:00,49.8,49.8,211,226
2024-06-05 04:52:00,49.8,49.8,214,231
2024-06-05 04:54:00,49.8,49.8,209,226
2024-06-05 04:56:00,49.8,49.8,209,226
2024-06-05 04:58:00,49.8,49.8,214,231
2024-06-05 05:00:00,49.7,49.7,210,226
2024-06-05 05:02:00,49.8,49.8,209,226
2024-06-05 05:04:00,49.7,49.7,209,224
2024-06-05 05:06:00,49.8,49.8,209,223
2024-06-05 05:08:00,49.8,49.8,209,224
2024-06-05 05:10:00,50.0,50.0,211,224
2024-06-05 05:12:00,49.7,49.7,211,225
2024-06-05 05:14:00,49.7,49.7,211,226
2024-06-05 05:16:00,49.6,49.7,213,231
2024-06-05 05:18:00,49.8,49.8,209,223
2024-06-05 05:20:00,49.6,49.6,210,225
2024-06-05 05:22:00,49.6,49.7,209,223
2024-06-05 05:24:00,49.6,49.6,212,226
2024-06-05 05:26:00,49.5,49.5,211,226
2024-06-05 05:28:00,49.7,49.7,212,233
2024-06-05 05:30:00,49.6,49.5,213,230
2024-06-05 05:32:00,49.9,49.9,212,228
2024-06-05 05:34:00,49.6,49.5,211,227
2024-06-05 05:36:00,49.7,49.7,211,228
2024-06-05 05:38:00,49.4,49.5,212,228
2024-06-05 05:40:00,49.4,49.4,210,226
2024-06-05 05:42:00,49.5,49.5,211,228
2024-06-05 05:44:00,49.4,49.4,208,227
2024-06-05 05:46:00,49.4,49.3,209,223
2024-06-05 05:48:00,49.3,49.4,210,225
2024-06-05 05:50:00,49.4,49.3,211,226
2024-06-05 05:52:00,49.3,49.3,213,231
2024-06-05 05:54:00,49.4,49.3,204,217
2024-06-05 05:56:00,49.4,49.4,205,219
2024-06-05 05:58:00,49.3,49.3,211,217
2024-06-05 06:00:00,49.2,49.2,211,218
2024-06-05 06:02:00,49.3,49.3,211,218
2024-06-05 06:04:00,49.2,49.1,210,221
2024-06-05 06:06:00,49.1,49.1,211,223
2024-06-05 06:08:00,49.2,49.1,209,219
2024-06-05 06:10:00,49.1,49.1,207,216
2024-06-05 06:12:00,49.2,49.2,207,219
2024-06-05 06:14:00,49.2,49.2,209,217
2024-06-05 06:16:00,49.0,49.0,204,209
2024-06-05 06:18:00,49.3,49.4,206,207
2024-06-05 06:20:00,49.0,49.1,214,212
2024-06-05 06:22:00,48.3,49.6,209,214
2024-06-05 06:24:00,49.1,49.1,209,216
2024-06-05 06:26:00,49.0,49.0,205,211
2024-06-05 06:28:00,49.2,49.2,208,211
2024-06-05 06:30:00,49.3,49.2,206,208
2024-06-05 06:32:00,49.0,49.0,205,204
2024-06-05 06:34:00,49.5,49.5,205,206
2024-06-05 06:36:00,49.3,49.3,207,210
2024-06-05 06:38:00,49.1,49.1,205,215
2024-06-05 06:40:00,49.1,49.1,205,213
2024-06-05 06:42:00,49.1,49.2,209,211
2024-06-05 06:44:00,49.3,49.3,207,200
2024-06-05 06:46:00,49.3,49.2,209,206
2024-06-05 06:48:00,49.0,49.0,207,214
2024-06-05 06:50:00,49.4,49.4,207,209
2024-06-05 06:52:00,49.3,49.4,207,203
2024-06-05 06:54:00,49.0,49.0,207,202
2024-06-05 06:56:00,49.3,49.3,207,207
2024-06-05 06:58:00,49.2,49.2,207,209
2024-06-05 07:00:00,48.9,48.9,207,209
2024-06-05 07:02:00,49.3,49.3,206,207
2024-06-05 07:04:00,49.4,49.4,208,213
2024-06-05 07:06:00,49.3,49.3,207,209
2024-06-05 07:08:00,49.1,49.2,209,219
2024-06-05 07:10:00,48.9,48.9,207,216
2024-06-05 07:12:00,49.1,49.1,208,214
2024-06-05 07:14:00,49.5,49.4,207,211
2024-06-05 07:16:00,49.4,49.5,204,211
2024-06-05 07:18:00,49.2,49.3,207,214
2024-06-05 07:20:00,49.5,49.5,208,225
2024-06-05 07:22:00,49.1,49.1,207,216
2024-06-05 07:24:00,49.3,49.3,208,218
2024-06-05 07:26:00,49.2,49.3,206,216
2024-06-05 07:28:00,49.3,49.2,204,215
2024-06-05 07:30:00,49.0,49.0,204,207
2024-06-05 07:32:00,49.6,49.7,204,210
2024-06-05 07:34:00,49.9,49.9,205,219
2024-06-05 07:36:00,49.9,49.8,204,219
2024-06-05 07:38:00,50.0,49.9,204,215
2024-06-05 07:40:00,49.8,49.8,201,210
2024-06-05 07:42:00,49.8,49.9,202,211
2024-06-05 07:44:00,50.0,50.0,200,208
2024-06-05 07:46:00,50.0,50.0,206,211
2024-06-05 07:48:00,49.8,49.8,207,216
2024-06-05 07:50:00,49.7,49.7,202,213
2024-06-05 07:52:00,49.9,49.9,204,211
2024-06-05 07:54:00,49.6,49.7,203,211
2024-06-05 07:56:00,49.8,49.8,203,210
2024-06-05 07:58:00,50.0,50.0,205,209
2024-06-05 08:00:00,49.6,49.7,204,209
2024-06-05 08:02:00,49.8,49.8,205,209
2024-06-05 08:04:00,49.7,49.8,204,209
2024-06-05 08:06:00,49.9,49.9,203,204
2024-06-05 08:08:00,49.9,49.9,204,210
2024-06-05 08:10:00,49.9,49.8,202,216
2024-06-05 08:12:00,49.7,49.7,201,206
2024-06-05 08:14:00,49.8,49.8,202,205
2024-06-05 08:16:00,49.6,49.7,202,192
2024-06-05 08:18:00,49.7,49.7,199,188
2024-06-05 08:20:00,49.7,50.0,202,197
2024-06-05 08:22:00,49.9,49.8,202,193
2024-06-05 08:24:00,49.9,49.9,204,197
2024-06-05 08:26:00,49.7,49.7,204,208
2024-06-05 08:28:00,49.7,49.7,201,197
2024-06-05 08:30:00,50.0,50.0,202,192
2024-06-05 08:32:00,49.7,49.7,203,194
2024-06-05 08:34:00,49.9,49.9,207,195
2024-06-05 08:36:00,49.9,49.9,202,196
2024-06-05 08:38:00,50.2,50.1,205,212
2024-06-05 08:40:00,49.7,49.7,206,209
2024-06-05 08:42:00,49.7,49.7,202,203
2024-06-05 08:44:00,49.6,49.6,198,199
2024-06-05 08:46:00,49.9,49.8,200,198
2024-06-05 08:48:00,49.7,50.0,202,200
2024-06-05 08:50:00,49.7,49.7,200,204
2024-06-05 08:52:00,49.9,49.8,202,207
2024-06-05 08:54:00,49.6,49.6,199,202
2024-06-05 08:56:00,48.6,49.7,206,205
2024-06-05 08:58:00,49.7,49.6,197,198
2024-06-05 09:00:00,49.7,49.7,198,199
2024-06-05 09:02:00,49.5,49.5,197,197
2024-06-05 09:04:00,49.8,49.8,207,198
2024-06-05 09:06:00,49.4,49.4,199,197
2024-06-05 09:08:00,49.7,49.6,200,196
2024-06-05 09:10:00,49.9,50.0,201,202
2024-06-05 09:12:00,49.8,49.9,197,195
2024-06-05 09:14:00,49.8,49.8,193,192
2024-06-05 09:16:00,49.5,49.5,198,193
2024-06-05 09:18:00,49.7,49.8,196,193
2024-06-05 09:20:00,49.8,49.8,199,194
2024-06-05 09:22:00,49.7,49.7,199,194
2024-06-05 09:24:00,49.8,49.9,199,198
2024-06-05 09:26:00,48.6,49.7,197,190
2024-06-05 09:28:00,50.0,49.9,200,191
2024-06-05 09:30:00,49.7,49.8,207,198
2024-06-05 09:32:00,50.0,49.7,201,207
2024-06-05 09:34:00,49.8,49.9,203,201
2024-06-05 09:36:00,49.5,49.5,197,197
2024-06-05 09:38:00,49.8,49.8,200,194
2024-06-05 09:40:00,49.7,49.7,202,197
2024-06-05 09:42:00,50.0,49.9,206,197
2024-06-05 09:44:00,49.7,49.8,204,197
2024-06-05 09:46:00,49.8,49.7,196,191
2024-06-05 09:48:00,49.8,49.8,201,197
2024-06-05 09:50:00,49.6,49.5,197,196
2024-06-05 09:52:00,49.8,49.8,202,195
2024-06-05 09:54:00,49.9,49.8,200,192
2024-06-05 09:56:00,49.8,49.7,194,201
2024-06-05 09:58:00,49.6,49.6,199,198
2024-06-05 10:00:00,50.0,49.9,197,197
2024-06-05 10:02:00,49.7,49.7,197,192
2024-06-05 10:04:00,49.8,49.8,199,197
2024-06-05 10:06:00,49.8,49.8,195,198
2024-06-05 10:08:00,49.7,49.8,197,196
2024-06-05 10:10:00,49.2,49.2,196,197
2024-06-05 10:12:00,49.6,49.7,197,202
2024-06-05 10:14:00,49.8,49.7,197,201
2024-06-05 10:16:00,49.7,49.7,201,202
2024-06-05 10:18:00,49.8,49.7,199,202
2024-06-05 10:20:00,49.8,49.7,201,201
2024-06-05 10:22:00,49.8,49.9,194,195
2024-06-05 10:24:00,50.2,50.2,197,197
2024-06-05 10:26:00,49.7,49.8,198,203
2024-06-05 10:28:00,49.6,49.6,197,188
2024-06-05 10:30:00,49.9,49.9,195,190
2024-06-05 10:32:00,49.8,49.8,199,196
2024-06-05 10:34:00,49.7,49.7,200,197
2024-06-05 10:36:00,49.6,49.7,194,190
2024-06-05 10:38:00,49.6,49.6,197,190
2024-06-05 10:40:00,49.5,49.6,197,187
2024-06-05 10:42:00,49.6,49.5,195,189
2024-06-05 10:44:00,49.6,49.5,195,188
2024-06-05 10:46:00,49.5,49.6,197,190
2024-06-05 10:48:00,49.8,49.7,197,194
2024-06-05 10:50:00,49.6,49.6,195,187
2024-06-05 10:52:00,49.4,49.4,194,187
2024-06-05 10:54:00,49.1,49.2,198,187
2024-06-05 10:56:00,49.5,49.5,198,188
2024-06-05 10:58:00,49.5,49.4,196,188
2024-06-05 11:00:00,49.7,49.8,198,187
2024-06-05 11:02:00,49.5,49.6,195,182
2024-06-05 11:04:00,49.6,49.6,193,183
2024-06-05 11:06:00,49.7,49.6,195,186
2024-06-05 11:08:00,49.5,49.5,199,185
2024-06-05 11:10:00,49.6,49.6,198,190
2024-06-05 11:12:00,49.4,49.5,198,188
2024-06-05 11:14:00,49.5,49.5,198,185
2024-06-05 11:16:00,49.6,49.6,196,185
2024-06-05 11:18:00,49.6,49.5,199,187
2024-06-05 11:20:00,49.6,49.6,197,190
2024-06-05 11:22:00,49.6,49.7,192,179
2024-06-05 11:24:00,49.6,49.7,198,187
2024-06-05 11:26:00,49.6,49.5,195,182
2024-06-05 11:28:00,49.5,49.4,197,187
2024-06-05 11:30:00,49.6,49.6,196,187
2024-06-05 11:32:00,49.8,49.8,197,196
2024-06-05 11:34:00,49.7,49.7,195,193
2024-06-05 11:36:00,49.9,49.9,200,202
2024-06-05 11:38:00,49.4,49.5,196,198
2024-06-05 11:40:00,49.6,49.6,195,195
2024-06-05 11:42:00,49.5,49.5,194,190
2024-06-05 11:44:00,49.5,49.4,194,192
2024-06-05 11:46:00,49.5,49.6,197,187
2024-06-05 11:48:00,49.3,49.3,192,182
2024-06-05 11:50:00,49.5,49.5,191,180
2024-06-05 11:52:00,49.5,49.5,199,193
2024-06-05 11:54:00,49.5,49.6,195,187
2024-06-05 11:56:00,49.7,49.6,196,190
2024-06-05 11:58:00,49.9,49.8,198,192
2024-06-05 12:00:00,49.3,49.3,195,187
2024-06-05 12:02:00,49.6,49.6,198,195
2024-06-05 12:04:00,49.2,49.2,198,197
2024-06-05 12:06:00,49.5,49.6,197,195
2024-06-05 12:08:00,49.8,49.8,199,197
2024-06-05 12:10:00,49.7,49.7,200,200
2024-06-05 12:12:00,49.3,49.3,198,201
2024-06-05 12:14:00,49.9,49.9,197,201
2024-06-05 12:16:00,49.6,49.6,197,201
2024-06-05 12:18:00,49.4,49.5,199,204
2024-06-05 12:20:00,49.7,49.6,197,202
2024-06-05 12:22:00,49.6,49.6,199,205
2024-06-05 12:24:00,49.5,49.4,199,200
2024-06-05 12:26:00,49.4,49.5,198,202
2024-06-05 12:28:00,49.7,49.6,197,202
2024-06-05 12:30:00,49.5,49.5,199,202
2024-06-05 12:32:00,49.6,49.6,199,202
2024-06-05 12:34:00,49.5,49.6,198,200
2024-06-05 12:36:00,49.4,49.5,199,200
2024-06-05 12:38:00,49.2,49.3,197,197
2024-06-05 12:40:00,49.8,49.8,197,188
2024-06-05 12:42:00,49.4,49.5,199,190
2024-06-05 12:44:00,49.7,49.8,198,193
2024-06-05 12:46:00,49.5,49.6,199,201
2024-06-05 12:48:00,49.5,49.5,197,197
2024-06-05 12:50:00,49.5,49.5,194,189
2024-06-05 12:52:00,49.6,49.6,202,199
2024-06-05 12:54:00,49.4,49.5,202,201
2024-06-05 12:56:00,49.4,49.5,197,198
2024-06-05 12:58:00,49.4,49.4,199,204
2024-06-05 13:00:00,49.6,49.6,197,205
2024-06-05 13:02:00,49.8,49.9,197,207
2024-06-05 13:04:00,49.7,49.7,194,203
2024-06-05 13:06:00,49.6,49.6,199,206
2024-06-05 13:08:00,49.6,49.6,197,202
2024-06-05 13:10:00,49.5,49.5,200,207
2024-06-05 13:12:00,49.4,49.4,198,202
2024-06-05 13:14:00,49.4,49.4,194,195
2024-06-05 13:16:00,49.7,49.7,193,196
2024-06-05 13:18:00,49.4,49.3,194,197
2024-06-05 13:20:00,49.6,49.6,191,199
2024-06-05 13:22:00,49.7,49.7,198,204
2024-06-05 13:24:00,49.8,49.8,197,201
2024-06-05 13:26:00,49.8,49.9,198,204
2024-06-05 13:28:00,49.9,49.9,200,208
2024-06-05 13:30:00,49.4,49.4,200,204
2024-06-05 13:32:00,49.4,49.3,197,203
2024-06-05 13:34:00,49.9,49.7,198,211
2024-06-05 13:36:00,49.5,49.6,195,210
2024-06-05 13:38:00,49.4,49.4,197,203
2024-06-05 13:40:00,49.6,49.5,199,204
2024-06-05 13:42:00,49.2,49.1,194,201
2024-06-05 13:44:00,49.7,49.7,199,207
2024-06-05 13:46:00,49.3,49.3,195,197
2024-06-05 13:48:00,49.4,49.4,195,199
2024-06-05 13:50:00,49.5,49.5,197,199
2024-06-05 13:52:00,49.6,49.6,195,201
2024-06-05 13:54:00,49.5,49.5,196,196
2024-06-05 13:56:00,49.7,49.7,197,198
2024-06-05 13:58:00,49.5,49.6,194,196
2024-06-05 14:00:00,49.4,49.4,196,196
2024-06-05 14:02:00,49.6,49.6,199,201
2024-06-05 14:04:00,49.6,49.6,198,196
2024-06-05 14:06:00,49.8,49.8,196,192
2024-06-05 14:08:00,49.6,49.6,199,195
2024-06-05 14:10:00,49.3,49.3,194,188
2024-06-05 14:12:00,49.9,49.4,199,192
2024-06-05 14:14:00,49.9,49.9,197,195
2024-06-05 14:16:00,49.7,49.7,198,191
2024-06-05 14:18:00,49.8,49.8,197,188
2024-06-05 14:20:00,49.4,49.3,194,184
2024-06-05 14:22:00,49.7,49.7,196,184
2024-06-05 14:24:00,49.5,49.4,196,191
2024-06-05 14:26:00,49.4,49.4,194,186
2024-06-05 14:28:00,49.5,49.5,197,187
2024-06-05 14:30:00,51.1,51.1,197,200
2024-06-05 14:32:00,50.2,50.2,197,202
2024-06-05 14:34:00,50.3,50.2,197,196
2024-06-05 14:36:00,50.2,50.1,199,201
2024-06-05 14:38:00,50.4,50.4,198,202
2024-06-05 14:40:00,50.3,50.3,199,206
2024-06-05 14:42:00,50.4,50.3,198,204
2024-06-05 14:44:00,49.4,49.5,194,194
2024-06-05 14:46:00,49.8,49.8,197,193
2024-06-05 14:48:00,49.7,49.6,197,198
2024-06-05 14:50:00,49.7,49.7,200,195
2024-06-05 14:52:00,49.3,49.3,195,191
2024-06-05 14:54:00,49.5,49.5,199,196
2024-06-05 14:56:00,49.5,49.5,197,197
2024-06-05 14:58:00,49.7,49.8,199,199
2024-06-05 15:00:00,49.6,49.7,197,196
2024-06-05 15:02:00,49.6,49.6,199,199
2024-06-05 15:04:00,49.6,49.5,200,196
2024-06-05 15:06:00,49.8,49.8,199,194
2024-06-05 15:08:00,49.7,49.7,197,195
2024-06-05 15:10:00,49.8,49.8,201,199
2024-06-05 15:12:00,49.5,49.5,200,197
2024-06-05 15:14:00,49.6,49.7,200,197
2024-06-05 15:16:00,49.7,49.6,201,202
2024-06-05 15:18:00,49.3,49.4,201,201
2024-06-05 15:20:00,49.6,49.7,201,194
2024-06-05 15:22:00,49.9,49.9,195,191
2024-06-05 15:24:00,49.6,49.7,195,187
2024-06-05 15:26:00,49.6,49.6,195,193
2024-06-05 15:28:00,49.6,49.5,202,200
2024-06-05 15:30:00,49.4,49.3,199,199
2024-06-05 15:32:00,49.6,49.7,202,197
2024-06-05 15:34:00,49.7,49.7,199,202
2024-06-05 15:36:00,49.3,49.3,199,196
2024-06-05 15:38:00,49.5,49.5,195,195
2024-06-05 15:40:00,49.4,49.4,199,192
2024-06-05 15:42:00,49.5,49.5,200,195
2024-06-05 15:44:00,49.8,49.7,199,198
2024-06-05 15:46:00,49.3,49.3,200,197
2024-06-05 15:48:00,49.6,49.5,197,192
2024-06-05 15:50:00,49.6,49.5,199,199
2024-06-05 15:52:00,49.1,49.2,196,192
2024-06-05 15:54:00,49.5,49.5,199,199
2024-06-05 15:56:00,49.5,49.5,199,197
2024-06-05 15:58:00,49.3,49.4,196,193
2024-06-05 16:00:00,49.3,49.3,196,194
2024-06-05 16:02:00,49.1,49.0,193,190
2024-06-05 16:04:00,49.5,49.5,193,191
2024-06-05 16:06:00,49.5,49.5,195,195
2024-06-05 16:08:00,49.3,49.2,197,194
2024-06-05 16:10:00,49.4,49.5,196,195
2024-06-05 16:12:00,49.4,49.4,197,194
2024-06-05 16:14:00,49.7,49.6,197,194
2024-06-05 16:16:00,49.6,49.6,199,197
2024-06-05 16:18:00,49.4,49.4,197,194
2024-06-05 16:20:00,49.6,49.6,196,199
2024-06-05 16:22:00,49.5,49.6,199,205
2024-06-05 16:24:00,49.5,49.4,197,208
2024-06-05 16:26:00,49.4,49.5,202,206
2024-06-05 16:28:00,49.5,49.6,201,210
2024-06-05 16:30:00,49.2,49.2,199,201
2024-06-05 16:32:00,49.5,49.4,199,199
2024-06-05 16:34:00,49.4,49.4,200,201
2024-06-05 16:36:00,49.6,49.6,203,199
2024-06-05 16:38:00,49.5,49.3,199,197
2024-06-05 16:40:00,49.4,49.3,196,199
2024-06-05 16:42:00,49.6,49.7,197,199
2024-06-05 16:44:00,49.6,49.6,196,192
2024-06-05 16:46:00,49.4,49.3,196,197
2024-06-05 16:48:00,49.4,49.3,202,203
2024-06-05 16:50:00,49.4,49.5,199,191
2024-06-05 16:52:00,49.5,49.4,195,191
2024-06-05 16:54:00,49.6,49.6,197,192
2024-06-05 16:56:00,49.5,49.5,198,202
2024-06-05 16:58:00,49.6,49.6,197,195
2024-06-05 17:00:00,48.6,49.6,201,196
2024-06-05 17:02:00,49.4,49.4,197,197
2024-06-05 17:04:00,49.7,49.7,201,203
2024-06-05 17:06:00,49.4,49.4,197,196
2024-06-05 17:08:00,49.7,49.7,199,204
2024-06-05 17:10:00,49.6,49.6,202,196
2024-06-05 17:12:00,49.6,49.6,199,197
2024-06-05 17:14:00,49.6,49.5,195,197
2024-06-05 17:16:00,49.5,49.6,199,200
2024-06-05 17:18:00,49.4,49.4,197,194
2024-06-05 17:20:00,49.5,49.5,198,194
2024-06-05 17:22:00,49.4,49.2,206,193
2024-06-05 17:24:00,49.4,49.4,197,194
2024-06-05 17:26:00,49.3,49.3,199,198
2024-06-05 17:28:00,49.6,49.6,196,193
2024-06-05 17:30:00,49.4,49.4,199,196
2024-06-05 17:32:00,49.5,49.5,202,204
2024-06-05 17:34:00,49.5,49.5,198,198
2024-06-05 17:36:00,49.5,49.5,197,198
2024-06-05 17:38:00,49.3,49.4,199,197
2024-06-05 17:40:00,49.4,49.4,197,195
2024-06-05 17:42:00,49.6,49.7,198,197
2024-06-05 17:44:00,49.5,49.6,199,198
2024-06-05 17:46:00,49.2,49.2,200,199
2024-06-05 17:48:00,49.6,49.6,199,197
2024-06-05 17:50:00,49.4,49.4,197,197
2024-06-05 17:52:00,49.6,49.5,196,194
2024-06-05 17:54:00,49.3,49.3,202,200
2024-06-05 17:56:00,49.5,49.5,198,199
2024-06-05 17:58:00,49.6,49.6,200,203
2024-06-05 18:00:00,49.5,49.4,202,205
2024-06-05 18:02:00,49.3,49.3,198,202
2024-06-05 18:04:00,49.3,49.3,197,202
2024-06-05 18:06:00,49.2,49.1,200,199
2024-06-05 18:08:00,49.4,49.3,196,197
2024-06-05 18:10:00,49.4,49.4,198,196
2024-06-05 18:12:00,49.3,49.4,198,194
2024-06-05 18:14:00,49.7,49.7,200,195
2024-06-05 18:16:00,49.1,49.1,200,196
2024-06-05 18:18:00,49.0,49.1,198,194
2024-06-05 18:20:00,49.5,49.4,197,187
2024-06-05 18:22:00,49.2,49.2,197,183
2024-06-05 18:24:00,49.3,49.3,199,187
2024-06-05 18:26:00,48.9,48.9,199,193
2024-06-05 18:28:00,49.1,49.1,196,185
2024-06-05 18:30:00,48.9,49.0,194,182
2024-06-05 18:32:00,48.9,48.9,197,180
2024-06-05 18:34:00,49.0,49.0,195,179
2024-06-05 18:36:00,48.9,48.9,194,185
2024-06-05 18:38:00,49.2,49.2,195,182
2024-06-05 18:40:00,49.2,49.2,198,189
2024-06-05 18:42:00,48.9,48.8,201,200
2024-06-05 18:44:00,49.0,49.1,203,204
2024-06-05 18:46:00,49.2,49.2,198,203
2024-06-05 18:48:00,49.3,49.3,199,197
2024-06-05 18:50:00,49.3,49.2,199,193
2024-06-05 18:52:00,49.0,49.0,197,192
2024-06-05 18:54:00,49.1,49.1,199,193
2024-06-05 18:56:00,49.2,49.2,200,193
2024-06-05 18:58:00,48.9,48.9,201,194
2024-06-05 19:00:00,49.3,49.3,200,196
2024-06-05 19:02:00,48.9,48.8,205,190
2024-06-05 19:04:00,49.1,49.1,198,196
2024-06-05 19:06:00,49.0,49.1,197,195
2024-06-05 19:08:00,49.2,49.3,198,194
2024-06-05 19:10:00,48.9,48.9,197,197
2024-06-05 19:12:00,49.2,49.2,196,189
2024-06-05 19:14:00,49.2,49.1,198,190
2024-06-05 19:16:00,49.1,49.0,199,196
2024-06-05 19:18:00,48.9,48.9,197,190
2024-06-05 19:20:00,49.0,49.0,197,190
2024-06-05 19:22:00,49.0,48.9,196,187
2024-06-05 19:24:00,49.0,49.0,201,194
2024-06-05 19:26:00,49.0,49.0,197,190
2024-06-05 19:28:00,48.9,49.0,197,188
2024-06-05 19:30:00,49.1,49.1,199,190
2024-06-05 19:32:00,49.0,49.1,197,189
2024-06-05 19:34:00,49.2,49.2,196,188
2024-06-05 19:36:00,49.1,49.1,200,192
2024-06-05 19:38:00,49.4,49.4,202,197
2024-06-05 19:40:00,49.2,49.1,199,193
2024-06-05 19:42:00,49.1,49.1,198,193
2024-06-05 19:44:00,49.1,49.1,197,189
2024-06-05 19:46:00,48.9,48.9,197,182
2024-06-05 19:48:00,49.1,49.1,196,184
2024-06-05 19:50:00,49.3,49.3,198,185
2024-06-05 19:52:00,49.1,49.1,195,185
2024-06-05 19:54:00,49.3,49.3,199,189
2024-06-05 19:56:00,49.2,49.1,195,186
2024-06-05 19:58:00,49.1,49.1,199,194
2024-06-05 20:00:00,49.4,49.5,197,192
2024-06-05 20:02:00,49.2,49.2,199,189
2024-06-05 20:04:00,49.2,49.2,194,181
2024-06-05 20:06:00,49.0,49.0,198,187
2024-06-05 20:08:00,49.2,49.2,197,187
2024-06-05 20:10:00,49.1,49.1,197,188
2024-06-05 20:12:00,49.3,49.3,197,190
2024-06-05 20:14:00,49.0,49.0,199,190
2024-06-05 20:16:00,49.2,49.2,199,192
2024-06-05 20:18:00,49.2,49.2,200,196
2024-06-05 20:20:00,49.6,49.6,198,193
2024-06-05 20:22:00,49.2,49.1,195,192
2024-06-05 20:24:00,49.3,49.2,199,192
2024-06-05 20:26:00,49.2,49.2,195,190
2024-06-05 20:28:00,49.2,49.3,196,191
2024-06-05 20:30:00,49.3,49.3,195,192
2024-06-05 20:32:00,49.3,49.3,199,201
2024-06-05 20:34:00,50,49.5,194,202
2024-06-05 20:36:00,49.3,49.3,198,194
2024-06-05 20:38:00,49.3,49.3,199,201
2024-06-05 20:40:00,49.2,49.2,197,199
2024-06-05 20:42:00,49.5,49.5,197,199
2024-06-05 20:44:00,49.3,49.3,197,199
2024-06-05 20:46:00,49.4,49.4,197,202
2024-06-05 20:48:00,49.3,49.3,196,202
2024-06-05 20:50:00,49.3,49.2,197,199
2024-06-05 20:52:00,49.4,48.4,197,193
2024-06-05 20:54:00,49.5,49.5,200,201
2024-06-05 20:56:00,49.3,49.3,194,194
2024-06-05 20:58:00,49.4,49.4,201,203
2024-06-05 21:00:00,49.2,49.2,200,204
2024-06-05 21:02:00,49.6,49.6,197,208
2024-06-05 21:04:00,49.6,49.5,197,199
2024-06-05 21:06:00,49.5,49.5,204,197
2024-06-05 21:08:00,49.4,49.4,207,207
2024-06-05 21:10:00,48.4,49.2,197,209
2024-06-05 21:12:00,49.4,49.4,203,202
2024-06-05 21:14:00,49.3,49.3,204,204
2024-06-05 21:16:00,49.5,49.5,198,200
2024-06-05 21:18:00,49.3,49.3,198,202
2024-06-05 21:20:00,49.5,49.5,197,202
2024-06-05 21:22:00,49.6,49.5,203,205
2024-06-05 21:24:00,49.4,49.5,198,202
2024-06-05 21:26:00,49.5,49.4,199,203
2024-06-05 21:28:00,49.7,49.6,201,205
2024-06-05 21:30:00,49.5,49.4,201,204
2024-06-05 21:32:00,49.4,49.5,194,209
2024-06-05 21:34:00,49.5,49.5,194,205
2024-06-05 21:36:00,49.4,94.8,194,202
2024-06-05 21:38:00,49.5,49.5,202,208
2024-06-05 21:40:00,49.2,49.3,199,203
2024-06-05 21:42:00,99.0,49.5,203,202
2024-06-05 21:44:00,49.5,49.4,208,203
2024-06-05 21:46:00,49.5,49.6,204,209
2024-06-05 21:48:00,49.5,49.5,207,203
2024-06-05 21:50:00,49.6,49.6,199,202
2024-06-05 21:52:00,50.0,49.4,198,202
2024-06-05 21:54:00,49.8,49.7,202,211
2024-06-05 21:56:00,49.6,49.7,202,207
2024-06-05 21:58:00,49.7,49.8,202,214
2024-06-05 22:00:00,49.6,49.6,201,208
2024-06-05 22:02:00,49.8,49.8,207,206
2024-06-05 22:04:00,49.6,49.6,200,204
2024-06-05 22:06:00,49.8,50.0,209,213
2024-06-05 22:08:00,49.5,49.6,205,204
2024-06-05 22:10:00,49.9,49.9,202,207
2024-06-05 22:12:00,49.7,49.6,201,207
2024-06-05 22:14:00,49.7,49.7,204,209
2024-06-05 22:16:00,49.9,49.9,201,207
2024-06-05 22:18:00,49.9,50.0,202,209
2024-06-05 22:20:00,49.8,49.7,203,209
2024-06-05 22:22:00,49.7,49.6,207,208
2024-06-05 22:24:00,49.8,49.8,202,209
2024-06-05 22:26:00,49.7,49.8,199,207
2024-06-05 22:28:00,49.8,49.8,200,207
2024-06-05 22:30:00,49.9,49.9,199,205
2024-06-05 22:32:00,50.0,50.1,204,210
2024-06-05 22:34:00,49.7,49.7,204,211
2024-06-05 22:36:00,50.0,50.0,202,209
2024-06-05 22:38:00,50,50.0,202,211
2024-06-05 22:40:00,49.9,49.9,204,212
2024-06-05 22:42:00,49.9,50.0,204,211
2024-06-05 22:44:00,49.8,49.9,207,214
2024-06-05 22:46:00,49.8,49.8,206,216
2024-06-05 22:48:00,50.0,50.0,206,216
2024-06-05 22:50:00,49.9,49.9,204,215
2024-06-05 22:52:00,49.8,49.7,204,216
2024-06-05 22:54:00,50.0,49.9,212,219
2024-06-05 22:56:00,49.7,49.7,205,221
2024-06-05 22:58:00,49.9,49.9,204,220
2024-06-05 23:00:00,49.9,49.8,202,218
2024-06-05 23:02:00,49.9,49.9,206,221
2024-06-05 23:04:00,50.0,50.0,204,219
2024-06-05 23:06:00,49.8,49.8,205,220
2024-06-05 23:08:00,49.9,49.9,205,220
2024-06-05 23:10:00,50.0,50.0,207,222
2024-06-05 23:12:00,49.8,49.9,204,219
2024-06-05 23:14:00,49.7,49.7,203,218
2024-06-05 23:16:00,49.9,49.8,206,221
2024-06-05 23:18:00,49.8,49.8,206,221
2024-06-05 23:20:00,50.1,50.2,207,222
2024-06-05 23:22:00,49.9,49.9,207,221
2024-06-05 23:24:00,50.2,50.1,204,219
2024-06-05 23:26:00,50.0,50.0,206,220
2024-06-05 23:28:00,50.1,50.1,204,218
2024-06-05 23:30:00,50.0,50.0,204,219
2024-06-05 23:32:00,49.8,49.8,207,221
2024-06-05 23:34:00,49.9,49.8,206,220
2024-06-05 23:36:00,50.0,50.1,207,222
2024-06-05 23:38:00,50.0,50.0,207,221
2024-06-05 23:40:00,49.8,49.8,205,219
2024-06-05 23:42:00,50.1,50.1,207,221
2024-06-05 23:44:00,50.2,50.2,207,221
2024-06-05 23:46:00,50.0,49.9,205,220
2024-06-05 23:48:00,50.1,50.1,206,221
2024-06-05 23:50:00,50.1,50,205,220
2024-06-05 23:52:00,50.0,49.9,207,221
2024-06-05 23:54:00,50.1,50.1,204,219
2024-06-05 23:56:00,50.0,50.0,207,221
2024-06-05 23:58:00,50.1,50.1,205,221
2024-06-06 00:00:00,50.0,49.9,207,223
2024-06-06 00:02:00,50.0,50.0,206,221
2024-06-06 00:04:00,50.0,50.0,205,221
2024-06-06 00:06:00,49.8,49.8,208,224
2024-06-06 00:08:00,50.2,50.2,209,225
2024-06-06 00:10:00,50.1,50.1,207,223
2024-06-06 00:12:00,50.1,50.1,207,223
2024-06-06 00:14:00,49.9,49.9,207,223
2024-06-06 00:16:00,50.3,50.2,210,227
2024-06-06 00:18:00,50.1,50.1,207,224
2024-06-06 00:20:00,50.3,50.3,209,226
2024-06-06 00:22:00,49.9,49.9,208,225
2024-06-06 00:24:00,50.2,50.2,209,226
2024-06-06 00:26:00,50.0,50.0,209,226
2024-06-06 00:28:00,50.1,50.1,210,228
2024-06-06 00:30:00,50.0,50.0,208,225
2024-06-06 00:32:00,50.1,50.1,209,227
2024-06-06 00:34:00,50.2,50.1,208,226
2024-06-06 00:36:00,50.3,50.3,209,228
2024-06-06 00:38:00,50.0,50.0,209,227
2024-06-06 00:40:00,50.1,50.1,210,228
2024-06-06 00:42:00,50.1,50.1,208,227
2024-06-06 00:44:00,50.0,50.1,209,228
2024-06-06 00:46:00,50.0,50.0,210,228
2024-06-06 00:48:00,50.0,49.9,207,226
2024-06-06 00:50:00,50.3,50.3,209,228
2024-06-06 00:52:00,50.0,50.0,209,228
2024-06-06 00:54:00,50.1,50.1,209,228
2024-06-06 00:56:00,50.0,50.1,209,228
2024-06-06 00:58:00,50.4,50.4,210,230
2024-06-06 01:00:00,50.1,50.1,208,228
2024-06-06 01:02:00,50.2,50.2,207,226
2024-06-06 01:04:00,49.8,49.8,207,226
2024-06-06 01:06:00,50.2,50.2,209,228
2024-06-06 01:08:00,50.2,50.2,209,228
2024-06-06 01:10:00,50.1,50.1,209,228
2024-06-06 01:12:00,49.9,49.8,209,228
2024-06-06 01:14:00,50.0,49.9,207,226
2024-06-06 01:16:00,50.4,50.4,209,227
2024-06-06 01:18:00,50.2,50.2,208,226
2024-06-06 01:20:00,49.9,49.9,209,228
2024-06-06 01:22:00,50.3,50.3,209,228
2024-06-06 01:24:00,50.3,50.3,208,227
2024-06-06 01:26:00,50.2,50.2,209,228
2024-06-06 01:28:00,50.0,50.0,208,226
2024-06-06 01:30:00,50.3,50.3,208,226
2024-06-06 01:32:00,50.1,50.0,209,226
2024-06-06 01:34:00,50.1,50.1,208,226
2024-06-06 01:36:00,50.0,50.1,208,226
2024-06-06 01:38:00,50.0,50.0,209,227
2024-06-06 01:40:00,50.2,50.2,208,226
2024-06-06 01:42:00,50.1,50.1,209,227
2024-06-06 01:44:00,50.0,50.0,210,229
2024-06-06 01:46:00,50.3,50.4,209,228
2024-06-06 01:48:00,50.1,50.2,209,228
2024-06-06 01:50:00,50.2,50.3,210,229
2024-06-06 01:52:00,50.1,50.2,210,229
2024-06-06 01:54:00,49.9,49.9,209,228
2024-06-06 01:56:00,50.2,50.2,209,228
2024-06-06 01:58:00,50.0,50.1,209,228
2024-06-06 02:00:00,50.2,50.2,210,229
2024-06-06 02:02:00,50.0,50.0,211,231
2024-06-06 02:04:00,50.3,50.2,211,230
2024-06-06 02:06:00,50.2,50.1,211,230
2024-06-06 02:08:00,50.3,50.3,211,231
2024-06-06 02:10:00,50.3,50.3,209,229
2024-06-06 02:12:00,49.8,49.8,209,228
2024-06-06 02:14:00,50.3,50.3,211,231
2024-06-06 02:16:00,50.0,50.0,209,229
2024-06-06 02:18:00,50.2,50.2,209,230
2024-06-06 02:20:00,49.9,50.0,210,231
2024-06-06 02:22:00,50.2,50.3,209,230
2024-06-06 02:24:00,50.2,50.1,209,229
2024-06-06 02:26:00,50.3,50.3,210,230
2024-06-06 02:28:00,50.0,50.0,209,229
2024-06-06 02:30:00,50.1,50.2,210,230
2024-06-06 02:32:00,50.4,50.4,210,230
2024-06-06 02:34:00,50.2,50.2,209,229
2024-06-06 02:36:00,50.1,50.0,210,230
2024-06-06 02:38:00,50.0,50.0,211,229
2024-06-06 02:40:00,50.1,50.1,209,228
2024-06-06 02:42:00,50.1,50.1,208,226
2024-06-06 02:44:00,50.1,50.1,209,228
2024-06-06 02:46:00,50.1,50.0,208,226
2024-06-06 02:48:00,50.1,50.1,209,226
2024-06-06 02:50:00,50.2,50.1,211,229
2024-06-06 02:52:00,50.1,50.1,210,228
2024-06-06 02:54:00,50.2,50.2,210,228
2024-06-06 02:56:00,50.2,50.2,211,230
2024-06-06 02:58:00,50.2,50.2,210,229
2024-06-06 03:00:00,50.3,50.3,209,228
2024-06-06 03:02:00,50.2,50.2,208,228
2024-06-06 03:04:00,50.1,50.2,209,228
2024-06-06 03:06:00,50.1,50.0,210,229
2024-06-06 03:08:00,50.1,50.0,210,229
2024-06-06 03:10:00,50.2,50.2,209,229
2024-06-06 03:12:00,50.2,50.2,209,228
2024-06-06 03:14:00,50.0,50.0,209,228
2024-06-06 03:16:00,50.4,50.3,210,230
2024-06-06 03:18:00,50.2,50.2,209,236
2024-06-06 03:20:00,50.2,50.1,209,229
2024-06-06 03:22:00,50.3,50.3,209,230
2024-06-06 03:24:00,50.1,50.1,208,228
2024-06-06 03:26:00,50.4,50.3,208,226
2024-06-06 03:28:00,50.1,50.1,207,226
2024-06-06 03:30:00,50.0,50.0,211,231
2024-06-06 03:32:00,50.1,50.2,209,231
2024-06-06 03:34:00,50.3,50.3,209,231
2024-06-06 03:36:00,50.2,50.2,209,230
2024-06-06 03:38:00,50.2,50.2,209,230
2024-06-06 03:40:00,50.1,50.1,211,230
2024-06-06 03:42:00,50.1,50.1,209,231
2024-06-06 03:44:00,50.3,50.3,207,229
2024-06-06 03:46:00,50.0,50.0,208,228
2024-06-06 03:48:00,50.2,50.2,208,228
2024-06-06 03:50:00,50.3,50.3,208,228
2024-06-06 03:52:00,50.3,50.3,208,228
2024-06-06 03:54:00,50.0,50.1,207,229
2024-06-06 03:56:00,50.3,50.3,209,229
2024-06-06 03:58:00,50.2,50.2,209,228
2024-06-06 04:00:00,50.0,50.0,208,228
2024-06-06 04:02:00,50.0,50.0,210,230
2024-06-06 04:04:00,50.3,50.3,208,228
2024-06-06 04:06:00,50.0,50.1,208,226
2024-06-06 04:08:00,50.2,50.1,211,229
2024-06-06 04:10:00,50.4,50.4,209,228
2024-06-06 04:12:00,50.3,50.3,211,231
2024-06-06 04:14:00,50.1,50.1,211,231
2024-06-06 04:16:00,50.3,50.4,211,231
2024-06-06 04:18:00,50.2,50.3,209,228
2024-06-06 04:20:00,50.2,50.2,213,233
2024-06-06 04:22:00,50.2,50.2,211,233
2024-06-06 04:24:00,50.3,50.3,212,234
2024-06-06 04:26:00,50.2,50.2,209,232
2024-06-06 04:28:00,50.2,50.1,211,233
2024-06-06 04:30:00,50.3,50.3,213,231
2024-06-06 04:32:00,50.4,50.3,209,231
2024-06-06 04:34:00,50.5,50.4,209,231
2024-06-06 04:36:00,50.5,50.5,210,231
2024-06-06 04:38:00,50.1,50.1,209,231
2024-06-06 04:40:00,50.1,50.2,210,231
2024-06-06 04:42:00,50.2,50.2,211,232
2024-06-06 04:44:00,50.3,50.3,211,233
2024-06-06 04:46:00,50.1,50.0,211,231
2024-06-06 04:48:00,50.2,50.2,213,232
2024-06-06 04:50:00,50.2,50.2,209,232
2024-06-06 04:52:00,50.3,50.3,212,235
2024-06-06 04:54:00,49.8,49.9,211,233
2024-06-06 04:56:00,50.0,50.0,211,234
2024-06-06 04:58:00,50.1,50.1,213,235
2024-06-06 05:00:00,49.8,49.8,213,236
2024-06-06 05:02:00,50.2,50.2,213,236
2024-06-06 05:04:00,49.9,49.9,211,233
2024-06-06 05:06:00,50.3,50.2,213,236
2024-06-06 05:08:00,50.1,50.0,211,233
2024-06-06 05:10:00,50.0,50.0,212,235
2024-06-06 05:12:00,50.1,50.0,210,232
2024-06-06 05:14:00,50.0,50.0,211,233
2024-06-06 05:16:00,49.8,49.9,210,233
2024-06-06 05:18:00,50.0,49.9,208,229
2024-06-06 05:20:00,50.1,50.1,209,229
2024-06-06 05:22:00,50.0,49.9,209,228
2024-06-06 05:24:00,49.9,49.9,211,232
2024-06-06 05:26:00,49.9,49.8,211,232
2024-06-06 05:28:00,49.7,49.7,211,232
2024-06-06 05:30:00,49.9,49.9,212,233
2024-06-06 05:32:00,50.0,50.1,211,231
2024-06-06 05:34:00,49.9,49.9,211,229
2024-06-06 05:36:00,49.7,49.7,209,224
2024-06-06 05:38:00,50.0,50.0,212,228
2024-06-06 05:40:00,49.9,49.8,214,229
2024-06-06 05:42:00,49.9,49.9,211,228
2024-06-06 05:44:00,49.6,49.6,210,226
2024-06-06 05:46:00,49.8,49.7,210,228
2024-06-06 05:48:00,49.6,49.6,211,229
2024-06-06 05:50:00,49.6,49.7,209,226
2024-06-06 05:52:00,49.8,49.7,212,230
2024-06-06 05:54:00,49.8,49.7,209,225
2024-06-06 05:56:00,49.8,49.8,209,224
2024-06-06 05:58:00,49.5,49.6,210,225
2024-06-06 06:00:00,49.7,49.7,208,222
2024-06-06 06:02:00,49.7,49.6,206,215
2024-06-06 06:04:00,49.8,49.8,208,221
2024-06-06 06:06:00,49.8,49.4,210,221
2024-06-06 06:08:00,49.7,49.7,209,221
2024-06-06 06:10:00,49.6,48.6,209,217
2024-06-06 06:12:00,49.5,49.7,207,228
2024-06-06 06:14:00,49.5,49.5,210,224
2024-06-06 06:16:00,49.4,49.5,206,219
2024-06-06 06:18:00,49.2,49.2,207,221
2024-06-06 06:20:00,49.7,49.7,209,220
2024-06-06 06:22:00,49.5,49.5,205,216
2024-06-06 06:24:00,49.7,49.7,207,225
2024-06-06 06:26:00,48.5,49.4,204,222
2024-06-06 06:28:00,49.7,49.6,209,220
2024-06-06 06:30:00,49.7,49.7,208,223
2024-06-06 06:32:00,49.5,49.5,209,223
2024-06-06 06:34:00,49.3,49.4,209,221
2024-06-06 06:36:00,49.4,49.4,207,222
2024-06-06 06:38:00,49.3,49.3,205,219
2024-06-06 06:40:00,49.7,49.7,204,214
2024-06-06 06:42:00,49.5,49.5,205,215
2024-06-06 06:44:00,49.3,49.3,209,218
2024-06-06 06:46:00,49.8,50.0,207,221
2024-06-06 06:48:00,49.5,49.5,208,216
2024-06-06 06:50:00,49.8,49.7,206,214
2024-06-06 06:52:00,49.7,49.7,205,216
2024-06-06 06:54:00,49.8,49.8,209,224
2024-06-06 06:56:00,49.6,49.6,209,232
2024-06-06 06:58:00,49.6,49.6,209,223
2024-06-06 07:00:00,49.4,49.4,209,223
2024-06-06 07:02:00,49.7,49.7,205,217
2024-06-06 07:04:00,49.7,49.7,207,216
2024-06-06 07:06:00,49.9,49.9,208,223
2024-06-06 07:08:00,49.6,49.6,207,214
2024-06-06 07:10:00,49.6,49.6,209,216
2024-06-06 07:12:00,49.6,49.5,208,209
2024-06-06 07:14:00,49.4,49.4,207,205
2024-06-06 07:16:00,49.8,49.8,208,214
2024-06-06 07:18:00,49.9,49.8,206,213
2024-06-06 07:20:00,49.6,49.6,208,207
2024-06-06 07:22:00,49.3,49.3,209,214
2024-06-06 07:24:00,49.3,49.3,208,213
2024-06-06 07:26:00,49.8,49.8,209,216
2024-06-06 07:28:00,49.0,49.0,207,211
2024-06-06 07:30:00,49.5,49.6,208,213
2024-06-06 07:32:00,49.2,49.2,205,209
2024-06-06 07:34:00,50.0,49.9,203,212
2024-06-06 07:36:00,49.9,49.9,205,212
2024-06-06 07:38:00,50.0,49.9,208,217
2024-06-06 07:40:00,49.8,49.8,204,214
2024-06-06 07:42:00,48.6,50.0,208,215
2024-06-06 07:44:00,49.8,49.8,206,215
2024-06-06 07:46:00,49.9,50.0,209,216
2024-06-06 07:48:00,49.9,49.9,210,215
2024-06-06 07:50:00,50.0,49.9,207,217
2024-06-06 07:52:00,49.8,49.7,211,218
2024-06-06 07:54:00,49.8,49.8,201,211
2024-06-06 07:56:00,49.8,49.8,209,223
2024-06-06 07:58:00,50.0,50,207,216
2024-06-06 08:00:00,49.7,49.7,210,214
2024-06-06 08:02:00,50.0,50.0,205,217
2024-06-06 08:04:00,49.6,49.6,211,215
2024-06-06 08:06:00,49.6,49.5,211,221
2024-06-06 08:08:00,49.6,49.6,204,205
2024-06-06 08:10:00,49.8,49.8,202,207
2024-06-06 08:12:00,49.8,49.8,204,204
2024-06-06 08:14:00,49.8,49.8,202,204
2024-06-06 08:16:00,49.6,49.6,202,202
2024-06-06 08:18:00,50.0,50.0,203,207
2024-06-06 08:20:00,49.9,49.9,204,209
2024-06-06 08:22:00,49.9,49.9,204,206
2024-06-06 08:24:00,49.7,49.7,204,209
2024-06-06 08:26:00,49.7,49.7,204,204
2024-06-06 08:28:00,49.7,49.7,204,207
2024-06-06 08:30:00,49.9,49.9,205,209
2024-06-06 08:32:00,49.9,49.9,207,212
2024-06-06 08:34:00,49.7,49.7,201,204
2024-06-06 08:36:00,49.6,49.7,202,202
2024-06-06 08:38:00,50,50.0,204,207
2024-06-06 08:40:00,49.6,49.6,205,205
2024-06-06 08:42:00,49.7,49.7,206,206
2024-06-06 08:44:00,49.7,49.7,199,202
2024-06-06 08:46:00,49.8,49.8,201,199
2024-06-06 08:48:00,49.8,49.8,199,198
2024-06-06 08:50:00,50.0,49.7,203,207
2024-06-06 08:52:00,49.8,49.7,204,197
2024-06-06 08:54:00,49.6,49.6,204,202
2024-06-06 08:56:00,49.9,49.9,205,200
2024-06-06 08:58:00,49.7,49.7,211,202
2024-06-06 09:00:00,49.6,49.5,202,193
2024-06-06 09:02:00,49.5,49.5,199,197
2024-06-06 09:04:00,49.8,49.7,202,202
2024-06-06 09:06:00,49.7,49.7,202,209
2024-06-06 09:08:00,49.7,49.7,205,210
2024-06-06 09:10:00,49.5,49.5,204,200
2024-06-06 09:12:00,49.8,49.8,204,209
2024-06-06 09:14:00,49.5,49.5,203,203
2024-06-06 09:16:00,49.7,49.7,203,207
2024-06-06 09:18:00,49.6,49.6,199,203
2024-06-06 09:20:00,49.8,49.8,204,204
2024-06-06 09:22:00,49.9,49.9,203,209
2024-06-06 09:24:00,49.8,49.8,204,208
2024-06-06 09:26:00,49.5,49.6,203,204
2024-06-06 09:28:00,50.0,49.4,199,204
2024-06-06 09:30:00,49.7,49.7,202,199
2024-06-06 09:32:00,50.7,50.6,210,231
2024-06-06 09:34:00,51.1,51.1,216,225
2024-06-06 09:36:00,50.9,50.9,216,227
2024-06-06 09:38:00,50.8,50.8,215,227
2024-06-06 09:40:00,51.0,50.8,219,229
2024-06-06 09:42:00,51.3,51.3,216,234
2024-06-06 09:44:00,51.0,50.8,215,226
2024-06-06 09:46:00,51.2,103,216,230
2024-06-06 09:48:00,51.1,51.0,223,228
2024-06-06 09:50:00,50.8,50.9,220,226
2024-06-06 09:52:00,51.1,51.1,220,227
2024-06-06 09:54:00,51.2,51.1,216,226
2024-06-06 09:56:00,51.2,51.1,209,222
2024-06-06 09:58:00,50.8,50.9,210,225
2024-06-06 10:00:00,51.0,51.0,209,223
2024-06-06 10:02:00,51.0,51.0,210,225
2024-06-06 10:04:00,51.0,51.0,211,226
2024-06-06 10:06:00,50.9,51.0,211,225
2024-06-06 10:08:00,51.4,51.5,216,226
2024-06-06 10:10:00,51.4,51.4,218,227
2024-06-06 10:12:00,51.1,51.1,219,229
2024-06-06 10:14:00,51.3,51.2,219,229
2024-06-06 10:16:00,51.1,51.2,216,226
2024-06-06 10:18:00,51.1,51.2,213,223
2024-06-06 10:20:00,51.2,51.2,212,223
2024-06-06 10:22:00,51.1,51.2,215,228
2024-06-06 10:24:00,51.2,51.3,216,235
2024-06-06 10:26:00,51.3,51.3,215,226
2024-06-06 10:28:00,51.1,51.1,214,227
2024-06-06 10:30:00,50.0,51.0,215,228
2024-06-06 10:32:00,50.6,50.7,216,230
2024-06-06 10:34:00,50.5,50.5,218,233
2024-06-06 10:36:00,50.4,50.4,216,230
2024-06-06 10:38:00,50.6,50.5,218,231
2024-06-06 10:40:00,50.7,50.6,219,232
2024-06-06 10:42:00,50.8,50.7,215,229
2024-06-06 10:44:00,50.8,50.8,216,230
2024-06-06 10:46:00,50.7,50.7,218,233
2024-06-06 10:48:00,50.5,50.5,214,231
2024-06-06 10:50:00,50.6,50.6,211,231
2024-06-06 10:52:00,50.6,50.6,212,229
2024-06-06 10:54:00,50.9,50.8,212,229
2024-06-06 10:56:00,50.6,50.7,211,228
2024-06-06 10:58:00,50.5,50.4,209,229
2024-06-06 11:00:00,50.8,50.7,220,234
2024-06-06 11:02:00,50.5,50.5,215,231
2024-06-06 11:04:00,50.6,50.6,213,230
2024-06-06 11:06:00,50.6,50.7,211,228
2024-06-06 11:08:00,50.7,50.8,212,226
2024-06-06 11:10:00,50.9,50.9,218,233
2024-06-06 11:12:00,50.8,50.9,217,233
2024-06-06 11:14:00,50.8,50.8,220,234
2024-06-06 11:16:00,50.8,50.7,221,236
2024-06-06 11:18:00,50.9,50.9,216,233
2024-06-06 11:20:00,50.8,50.8,212,230
2024-06-06 11:22:00,50.7,50.7,216,234
2024-06-06 11:24:00,50.7,50.7,216,234
2024-06-06 11:26:00,50.9,50.9,217,235
2024-06-06 11:28:00,50.7,50.8,216,233
2024-06-06 11:30:00,50.9,50.9,216,232
2024-06-06 11:32:00,51.0,50.7,218,234
2024-06-06 11:34:00,50.7,50.7,216,234
2024-06-06 11:36:00,50.8,50.8,217,235
2024-06-06 11:38:00,50.7,50.7,220,236
2024-06-06 11:40:00,50.7,50.6,221,240
2024-06-06 11:42:00,50.8,50.8,216,243
2024-06-06 11:44:00,50.8,50.7,219,236
2024-06-06 11:46:00,50.6,50.6,220,240
2024-06-06 11:48:00,50.5,50.6,218,239
2024-06-06 11:50:00,50.6,50.8,216,236
2024-06-06 11:52:00,50.7,50.6,219,244
2024-06-06 11:54:00,50.9,50.9,219,233
2024-06-06 11:56:00,50.9,50.8,212,231
2024-06-06 11:58:00,50.6,50.5,217,235
2024-06-06 12:00:00,50.9,50.7,214,233
2024-06-06 12:02:00,51.0,51.0,211,230
2024-06-06 12:04:00,51.0,51.0,214,230
2024-06-06 12:06:00,51.0,51.0,214,229
2024-06-06 12:08:00,51.1,51.2,211,229
2024-06-06 12:10:00,50.9,50.9,214,231
2024-06-06 12:12:00,51.0,50.9,216,231
2024-06-06 12:14:00,51.0,51.1,217,233
2024-06-06 12:16:00,51.0,51.1,216,234
2024-06-06 12:18:00,51.2,51.2,211,230
2024-06-06 12:20:00,51.2,51.2,214,231
2024-06-06 12:22:00,50.9,50.9,211,231
2024-06-06 12:24:00,51.2,51.2,216,234
2024-06-06 12:26:00,51.1,51.0,218,235
2024-06-06 12:28:00,51.0,51.1,211,232
2024-06-06 12:30:00,51.0,50.9,209,231
2024-06-06 12:32:00,51.2,51.0,209,231
2024-06-06 12:34:00,51.0,51.0,212,233
2024-06-06 12:36:00,50.9,50.9,219,236
2024-06-06 12:38:00,50.7,50.8,218,238
2024-06-06 12:40:00,50.7,50.8,220,238
2024-06-06 12:42:00,51.1,51.0,222,236
2024-06-06 12:44:00,50.8,50.9,215,235
2024-06-06 12:46:00,50.9,51.0,216,235
2024-06-06 12:48:00,51.0,51.0,216,236
2024-06-06 12:50:00,50.9,51.0,214,232
2024-06-06 12:52:00,51.2,51.2,217,236
2024-06-06 12:54:00,51.1,51.1,215,233
2024-06-06 12:56:00,51.3,51.1,214,232
2024-06-06 12:58:00,51.1,51.1,216,235
2024-06-06 13:00:00,51.1,51.1,219,238
2024-06-06 13:02:00,51.1,51.1,219,236
2024-06-06 13:04:00,51.1,51.2,216,235
2024-06-06 13:06:00,51.2,51.2,211,231
2024-06-06 13:08:00,51.2,51.2,216,233
2024-06-06 13:10:00,51.0,51.0,215,234
2024-06-06 13:12:00,51.1,51.1,216,235
2024-06-06 13:14:00,50.8,50.8,216,234
2024-06-06 13:16:00,50.9,50.9,217,236
2024-06-06 13:18:00,50.8,50.9,213,232
2024-06-06 13:20:00,50.9,50.9,214,232
2024-06-06 13:22:00,50.8,50.8,216,234
2024-06-06 13:24:00,50.6,50.6,216,236
2024-06-06 13:26:00,50.6,50.6,215,235
2024-06-06 13:28:00,50.7,50.6,214,233
2024-06-06 13:30:00,50.9,50.9,218,232
2024-06-06 13:32:00,51.0,50.9,212,230
2024-06-06 13:34:00,50.9,50.9,213,231
2024-06-06 13:36:00,51.0,51.0,216,232
2024-06-06 13:38:00,51.2,51.0,216,232
2024-06-06 13:40:00,50.7,50.8,216,233
2024-06-06 13:42:00,51.0,51.0,213,229
2024-06-06 13:44:00,51.0,51.1,213,230
2024-06-06 13:46:00,50.9,50.8,214,234
2024-06-06 13:48:00,50.9,50.8,218,235
2024-06-06 13:50:00,50.9,50.9,219,232
2024-06-06 13:52:00,50.8,51.0,214,231
2024-06-06 13:54:00,51.0,51.0,211,228
2024-06-06 13:56:00,51.1,50.9,212,228
2024-06-06 13:58:00,50.4,50.4,215,231
2024-06-06 14:00:00,50.6,50.6,216,231
2024-06-06 14:02:00,50.5,50.6,215,231
2024-06-06 14:04:00,50.0,50.6,216,231
2024-06-06 14:06:00,50.8,50.8,214,228
2024-06-06 14:08:00,50.8,50.8,215,230
2024-06-06 14:10:00,50.5,50.7,216,232
2024-06-06 14:12:00,50.7,50.7,214,229
2024-06-06 14:14:00,50.5,50.5,216,232
2024-06-06 14:16:00,50.6,50.6,216,231
2024-06-06 14:18:00,50.7,50.6,215,231
2024-06-06 14:20:00,50.7,50.7,217,233
2024-06-06 14:22:00,50.4,50.5,216,234
2024-06-06 14:24:00,50.5,50.4,215,233
2024-06-06 14:26:00,50.4,50.4,219,236
2024-06-06 14:28:00,50.6,50.5,218,235
2024-06-06 14:30:00,50.6,50.7,214,232
2024-06-06 14:32:00,50.7,50.7,214,231
2024-06-06 14:34:00,50.5,50.6,219,237
2024-06-06 14:36:00,50.7,50.7,218,236
2024-06-06 14:38:00,50.6,50.7,215,234
2024-06-06 14:40:00,50.7,50.7,217,234
2024-06-06 14:42:00,50.9,50.8,223,236
2024-06-06 14:44:00,50.8,50.8,216,238
2024-06-06 14:46:00,50.7,50.7,217,235
2024-06-06 14:48:00,51.1,51.0,216,233
2024-06-06 14:50:00,51.0,51.1,217,235
2024-06-06 14:52:00,50.7,50.8,214,230
2024-06-06 14:54:00,52.0,50.1,217,234
2024-06-06 14:56:00,51.7,51.1,212,231
2024-06-06 14:58:00,50.3,50.5,218,233
2024-06-06 15:00:00,50.9,50.9,214,233
2024-06-06 15:02:00,50.9,52.0,216,233
2024-06-06 15:04:00,51.0,52.0,217,231
2024-06-06 15:06:00,50.8,50.9,215,233
2024-06-06 15:08:00,51.0,52.3,207,227
2024-06-06 15:10:00,51.0,50.8,211,230
2024-06-06 15:12:00,51.0,50.9,210,227
2024-06-06 15:14:00,51.0,51.5,214,230
2024-06-06 15:16:00,51.0,51.0,216,231
2024-06-06 15:18:00,51.1,50.1,217,230
2024-06-06 15:20:00,51.2,51.2,216,233
2024-06-06 15:22:00,51.1,51.1,216,232
2024-06-06 15:24:00,50.9,51.1,216,232
2024-06-06 15:26:00,51.1,51.0,213,231
2024-06-06 15:28:00,51.3,52.2,213,228
2024-06-06 15:30:00,51.2,51.0,216,231
2024-06-06 15:32:00,51.2,51.2,211,227
2024-06-06 15:34:00,51.2,51.2,216,231
2024-06-06 15:36:00,51.2,51.2,217,233
2024-06-06 15:38:00,51.3,51.3,219,234
2024-06-06 15:40:00,51.1,51.1,219,236
2024-06-06 15:42:00,51.3,51.3,216,235
2024-06-06 15:44:00,51.3,51.3,213,233
2024-06-06 15:46:00,51.2,51.3,219,236
2024-06-06 15:48:00,51.3,51.2,216,233
2024-06-06 15:50:00,51.1,51.2,216,233
2024-06-06 15:52:00,51.2,51.2,218,233
2024-06-06 15:54:00,51.3,51.3,218,234
2024-06-06 15:56:00,51.3,51.3,214,230
2024-06-06 15:58:00,51.3,51.4,216,233
2024-06-06 16:00:00,51.1,51.2,216,233
2024-06-06 16:02:00,51.0,51.1,215,234
2024-06-06 16:04:00,50.9,51.0,216,231
2024-06-06 16:06:00,51.1,51.1,218,232
2024-06-06 16:08:00,51.0,51.1,214,228
2024-06-06 16:10:00,50.7,50.7,215,229
2024-06-06 16:12:00,50.7,50.7,216,231
2024-06-06 16:14:00,50.7,50.8,216,230
2024-06-06 16:16:00,50.7,50.7,213,228
2024-06-06 16:18:00,50.7,50.7,214,228
2024-06-06 16:20:00,50.8,50.7,211,223
2024-06-06 16:22:00,50.7,50.7,210,225
2024-06-06 16:24:00,50.7,50.7,214,228
2024-06-06 16:26:00,50.8,50.8,216,230
2024-06-06 16:28:00,50.8,50.8,218,231
2024-06-06 16:30:00,50.8,50.8,214,229
2024-06-06 16:32:00,51.0,50.9,216,228
2024-06-06 16:34:00,51.0,51.0,214,228
2024-06-06 16:36:00,50.7,50.8,218,231
2024-06-06 16:38:00,50.7,50.7,215,231
2024-06-06 16:40:00,50.7,50.7,217,231
2024-06-06 16:42:00,50.7,50.6,219,233
2024-06-06 16:44:00,50.6,50.6,217,231
2024-06-06 16:46:00,50.9,50.8,216,229
2024-06-06 16:48:00,50.7,50.8,217,231
2024-06-06 16:50:00,50.7,50.8,217,231
2024-06-06 16:52:00,50.8,50.8,215,230
2024-06-06 16:54:00,50.8,50.9,216,230
2024-06-06 16:56:00,50.9,50.9,219,232
2024-06-06 16:58:00,50.8,50.9,218,231
2024-06-06 17:00:00,50.8,50.8,217,231
2024-06-06 17:02:00,50.9,51.0,218,232
2024-06-06 17:04:00,51.0,50.9,220,233
2024-06-06 17:06:00,49.4,49.4,197,173
2024-06-06 17:08:00,49.4,49.4,198,175
2024-06-06 17:10:00,49.5,49.4,197,175
2024-06-06 17:12:00,49.7,49.7,198,173
2024-06-06 17:14:00,49.7,49.7,195,175
2024-06-06 17:16:00,49.5,49.6,196,181
2024-06-06 17:18:00,49.5,49.5,195,179
2024-06-06 17:20:00,49.6,49.6,199,200
2024-06-06 17:22:00,49.6,49.6,198,192
2024-06-06 17:24:00,49.4,49.3,199,197
2024-06-06 17:26:00,49.7,49.6,200,194
2024-06-06 17:28:00,49.8,49.8,195,190
2024-06-06 17:30:00,49.6,49.6,196,190
2024-06-06 17:32:00,49.5,49.5,199,197
2024-06-06 17:34:00,49.3,49.3,196,190
2024-06-06 17:36:00,49.5,49.4,198,197
2024-06-06 17:38:00,49.7,49.7,199,197
2024-06-06 17:40:00,49.5,49.6,196,192
2024-06-06 17:42:00,49.5,49.6,196,193
2024-06-06 17:44:00,49.5,49.4,200,194
2024-06-06 17:46:00,49.7,49.6,202,200
2024-06-06 17:48:00,49.4,49.4,200,200
2024-06-06 17:50:00,49.5,49.5,198,197
2024-06-06 17:52:00,49.7,49.7,202,199
2024-06-06 17:54:00,49.7,49.7,196,194
2024-06-06 17:56:00,49.5,49.4,199,196
2024-06-06 17:58:00,49.4,49.4,200,198
2024-06-06 18:00:00,49.5,49.5,199,202
2024-06-06 18:02:00,49.5,49.5,202,208
2024-06-06 18:04:00,49.4,49.4,201,200
2024-06-06 18:06:00,49.1,49.1,199,199
2024-06-06 18:08:00,49.3,49.4,202,202
2024-06-06 18:10:00,49.2,49.2,195,190
2024-06-06 18:12:00,49.2,49.2,199,196
2024-06-06 18:14:00,49.2,49.1,197,198
2024-06-06 18:16:00,49.3,49.3,196,194
2024-06-06 18:18:00,49.5,49.4,198,192
2024-06-06 18:20:00,49.3,49.3,196,198
2024-06-06 18:22:00,49.3,49.3,197,193
2024-06-06 18:24:00,49.2,49.3,197,191
2024-06-06 18:26:00,49.2,49.2,197,190
2024-06-06 18:28:00,49.2,49.1,199,189
2024-06-06 18:30:00,48.7,48.8,197,184
2024-06-06 18:32:00,48.9,48.9,195,187
2024-06-06 18:34:00,49.0,49.0,197,185
2024-06-06 18:36:00,49.0,49.0,196,187
2024-06-06 18:38:00,48.9,48.9,199,188
2024-06-06 18:40:00,48.7,48.7,196,187
2024-06-06 18:42:00,49.1,49.2,196,190
2024-06-06 18:44:00,49.0,49.0,198,189
2024-06-06 18:46:00,48.9,48.9,196,186
2024-06-06 18:48:00,49.0,48.5,197,190
2024-06-06 18:50:00,49.2,49.1,197,184
2024-06-06 18:52:00,49.1,49.1,198,185
2024-06-06 18:54:00,49.1,49.1,197,185
2024-06-06 18:56:00,49.0,49.0,195,184
2024-06-06 18:58:00,49.1,49.2,198,183
2024-06-06 19:00:00,49.2,49.3,198,190
2024-06-06 19:02:00,49.1,98.3,198,194
2024-06-06 19:04:00,49.3,49.3,197,184
2024-06-06 19:06:00,49.1,49.1,198,187
2024-06-06 19:08:00,49.3,49.3,195,185
2024-06-06 19:10:00,49.3,49.3,196,186
2024-06-06 19:12:00,49.4,49.3,196,188
2024-06-06 19:14:00,49.2,49.2,196,187
2024-06-06 19:16:00,49.3,49.3,197,189
2024-06-06 19:18:00,49.4,49.4,197,198
2024-06-06 19:20:00,49.4,49.4,197,190
2024-06-06 19:22:00,49.3,49.3,199,191
2024-06-06 19:24:00,49.2,49.2,197,194
2024-06-06 19:26:00,49.3,49.3,197,188
2024-06-06 19:28:00,49.3,49.3,197,188
2024-06-06 19:30:00,49.3,49.3,198,191
2024-06-06 19:32:00,49.0,49.0,199,192
2024-06-06 19:34:00,49.0,49.0,198,190
2024-06-06 19:36:00,49.1,49.1,199,189
2024-06-06 19:38:00,49.2,49.1,195,184
2024-06-06 19:40:00,49.5,49.5,198,189
2024-06-06 19:42:00,49.5,49.5,197,187
2024-06-06 19:44:00,49.0,49.0,194,187
2024-06-06 19:46:00,49.6,49.5,198,188
2024-06-06 19:48:00,49.6,66.0,196,187
2024-06-06 19:50:00,49.2,49.2,195,187
2024-06-06 19:52:00,49.1,49.2,195,192
2024-06-06 19:54:00,49.2,49.2,194,185
2024-06-06 19:56:00,49.0,49.0,193,180
2024-06-06 19:58:00,49.0,49.0,196,184
2024-06-06 20:00:00,49.0,49.1,197,187
2024-06-06 20:02:00,49.1,49.1,195,182
2024-06-06 20:04:00,49.4,49.4,197,186
2024-06-06 20:06:00,49.4,49.3,195,187
2024-06-06 20:08:00,49.2,49.2,194,190
2024-06-06 20:10:00,49.4,49.4,197,191
2024-06-06 20:12:00,49.3,49.4,199,194
2024-06-06 20:14:00,49.3,49.4,196,192
2024-06-06 20:16:00,49.3,49.5,197,194
2024-06-06 20:18:00,49.3,50.0,197,192
2024-06-06 20:20:00,49.3,49.2,198,193
2024-06-06 20:22:00,49.4,49.4,199,193
2024-06-06 20:24:00,49.4,49.4,199,192
2024-06-06 20:26:00,49.4,49.5,198,199
2024-06-06 20:28:00,49.5,49.5,195,201
2024-06-06 20:30:00,49.5,49.5,198,197
2024-06-06 20:32:00,49.5,49.5,200,197
2024-06-06 20:34:00,49.5,49.5,196,207
2024-06-06 20:36:00,49.4,49.4,196,197
2024-06-06 20:38:00,49.6,49.6,198,199
2024-06-06 20:40:00,49.5,49.5,197,199
2024-06-06 20:42:00,49.3,49.3,196,201
2024-06-06 20:44:00,49.6,49.5,198,199
2024-06-06 20:46:00,49.6,49.7,198,209
2024-06-06 20:48:00,49.2,49.1,198,210
2024-06-06 20:50:00,49.6,49.6,197,200
2024-06-06 20:52:00,49.7,49.6,197,196
2024-06-06 20:54:00,49.6,49.6,197,192
2024-06-06 20:56:00,49.5,49.5,198,195
2024-06-06 20:58:00,49.6,49.6,199,199
2024-06-06 21:00:00,49.3,49.4,198,197
2024-06-06 21:02:00,49.6,49.5,199,197
2024-06-06 21:04:00,49.5,49.5,199,196
2024-06-06 21:06:00,49.8,49.7,199,195
2024-06-06 21:08:00,49.8,49.7,201,199
2024-06-06 21:10:00,49.4,49.4,197,200
2024-06-06 21:12:00,49.4,49.4,197,199
2024-06-06 21:14:00,49.6,49.5,199,199
2024-06-06 21:16:00,49.7,49.6,197,199
2024-06-06 21:18:00,49.7,49.7,199,199
2024-06-06 21:20:00,49.7,49.7,199,201
2024-06-06 21:22:00,49.6,49.6,199,201
2024-06-06 21:24:00,49.6,49.7,197,201
2024-06-06 21:26:00,49.7,49.7,197,200
2024-06-06 21:28:00,49.5,49.6,199,207
2024-06-06 21:30:00,49.3,49.4,198,205
2024-06-06 21:32:00,49.6,49.6,199,203
2024-06-06 21:34:00,49.5,49.5,199,200
2024-06-06 21:36:00,49.5,49.5,201,202
2024-06-06 21:38:00,49.6,49.6,201,208
2024-06-06 21:40:00,49.6,49.6,200,202
2024-06-06 21:42:00,49.5,49.4,199,199
2024-06-06 21:44:00,49.8,49.8,200,194
2024-06-06 21:46:00,49.7,49.7,199,197
2024-06-06 21:48:00,49.7,49.6,199,196
2024-06-06 21:50:00,49.8,49.8,200,200
2024-06-06 21:52:00,49.9,49.7,201,200
2024-06-06 21:54:00,49.9,49.9,197,202
2024-06-06 21:56:00,49.7,49.7,200,202
2024-06-06 21:58:00,49.8,50.0,201,205
2024-06-06 22:00:00,49.8,49.9,199,204
2024-06-06 22:02:00,49.7,49.8,199,204
2024-06-06 22:04:00,49.7,49.5,201,205
2024-06-06 22:06:00,49.8,49.8,199,204
2024-06-06 22:08:00,49.8,49.7,199,202
2024-06-06 22:10:00,49.7,49.7,193,207
2024-06-06 22:12:00,49.9,50.0,194,207
2024-06-06 22:14:00,50.0,50.0,195,200
2024-06-06 22:16:00,49.9,49.9,196,201
2024-06-06 22:18:00,49.7,49.7,201,205
2024-06-06 22:20:00,49.7,49.7,200,203
2024-06-06 22:22:00,50.1,50.1,199,204
2024-06-06 22:24:00,50.0,50.0,199,204
2024-06-06 22:26:00,49.8,49.8,200,204
2024-06-06 22:28:00,49.8,49.8,199,203
2024-06-06 22:30:00,49.8,48.7,197,202
2024-06-06 22:32:00,49.7,49.7,201,206
2024-06-06 22:34:00,50.0,49.9,202,204
2024-06-06 22:36:00,50.1,50.1,199,205
2024-06-06 22:38:00,50.1,50.1,205,207
2024-06-06 22:40:00,50.0,50.0,199,205
2024-06-06 22:42:00,50.1,50.1,199,204
2024-06-06 22:44:00,50.1,50.1,199,204
2024-06-06 22:46:00,50.0,50.0,199,204
2024-06-06 22:48:00,50.1,50.2,199,205
2024-06-06 22:50:00,50.1,50.1,198,205
2024-06-06 22:52:00,49.7,49.8,202,209
2024-06-06 22:54:00,50.0,50,202,210
2024-06-06 22:56:00,49.9,49.9,202,210
2024-06-06 22:58:00,49.8,49.8,199,214
2024-06-06 23:00:00,49.9,49.9,203,211
2024-06-06 23:02:00,50.2,50.2,202,211
2024-06-06 23:04:00,50.0,50.0,197,208
2024-06-06 23:06:00,50.1,50.1,203,213
2024-06-06 23:08:00,50.3,50.2,204,214
2024-06-06 23:10:00,50.1,50.2,202,214
2024-06-06 23:12:00,49.9,49.9,202,213
2024-06-06 23:14:00,50.0,50.0,201,211
2024-06-06 23:16:00,50.1,50.1,203,214
2024-06-06 23:18:00,50.0,50.0,203,214
2024-06-06 23:20:00,50.1,50.1,204,216
2024-06-06 23:22:00,50.1,50.1,204,217
2024-06-06 23:24:00,50.1,50.0,204,216
2024-06-06 23:26:00,50.2,50.2,202,214
2024-06-06 23:28:00,50.3,50.2,201,212
2024-06-06 23:30:00,50.1,50.1,203,213
2024-06-06 23:32:00,50.3,50.3,205,216
2024-06-06 23:34:00,50.0,50.0,205,216
2024-06-06 23:36:00,50.3,50.2,206,218
2024-06-06 23:38:00,50.1,50.1,205,218
2024-06-06 23:40:00,50.2,50.2,204,219
2024-06-06 23:42:00,50.2,50.2,204,219
2024-06-06 23:44:00,50.2,50.2,205,219
2024-06-06 23:46:00,50.1,50.0,203,218
2024-06-06 23:48:00,50.1,50.1,203,219
2024-06-06 23:50:00,49.8,49.8,204,218
2024-06-06 23:52:00,50.0,50.0,206,221
2024-06-06 23:54:00,49.9,49.9,204,220
2024-06-06 23:56:00,50.0,50.0,204,220
2024-06-06 23:58:00,50.2,50.2,207,221
2024-06-07 00:00:00,50.2,50.2,207,221
2024-06-07 00:02:00,50.1,50.1,205,221
2024-06-07 00:04:00,49.9,49.9,206,221
2024-06-07 00:06:00,50.1,50.1,207,221
2024-06-07 00:08:00,50.0,49.9,206,221
2024-06-07 00:10:00,50.1,50.1,204,221
2024-06-07 00:12:00,49.9,50.0,204,220
2024-06-07 00:14:00,50.0,49.9,205,221
2024-06-07 00:16:00,49.9,49.9,205,221
2024-06-07 00:18:00,50.2,50.2,207,221
2024-06-07 00:20:00,50.1,50.1,205,220
2024-06-07 00:22:00,50.0,50.0,205,220
2024-06-07 00:24:00,50.2,50.2,205,220
2024-06-07 00:26:00,50.0,50.1,207,221
2024-06-07 00:28:00,50.1,50.1,206,220
2024-06-07 00:30:00,50.1,50.1,204,220
2024-06-07 00:32:00,50.0,50.0,207,221
2024-06-07 00:34:00,49.8,49.9,205,220
2024-06-07 00:36:00,50,50.0,205,220
2024-06-07 00:38:00,49.9,49.9,204,219
2024-06-07 00:40:00,50.0,50.1,207,221
2024-06-07 00:42:00,49.9,49.9,207,221
2024-06-07 00:44:00,49.9,49.9,206,221
2024-06-07 00:46:00,50.2,50.2,206,220
2024-06-07 00:48:00,50.0,50.0,208,222
2024-06-07 00:50:00,50.1,50.1,205,222
2024-06-07 00:52:00,50.0,50.0,206,223
2024-06-07 00:54:00,50.3,50.2,207,223
2024-06-07 00:56:00,50.0,50.0,207,223
2024-06-07 00:58:00,50.2,50.2,205,221
2024-06-07 01:00:00,49.9,50.0,205,221
2024-06-07 01:02:00,50.2,50.2,207,222
2024-06-07 01:04:00,50.0,50.1,205,221
2024-06-07 01:06:00,50.1,50.1,206,222
2024-06-07 01:08:00,50.1,50.0,207,223
2024-06-07 01:10:00,50.1,50.0,208,223
2024-06-07 01:12:00,50.4,50.4,207,223
2024-06-07 01:14:00,50.3,50.2,209,223
2024-06-07 01:16:00,50.1,50.1,208,223
2024-06-07 01:18:00,50.2,50.2,208,224
2024-06-07 01:20:00,50.1,50.1,209,224
2024-06-07 01:22:00,50.0,50.0,209,224
2024-06-07 01:24:00,50.1,50.1,208,223
2024-06-07 01:26:00,50.0,50.1,205,221
2024-06-07 01:28:00,50.2,50.1,209,224
2024-06-07 01:30:00,50.2,50.1,209,226
2024-06-07 01:32:00,50.2,50.2,207,225
2024-06-07 01:34:00,50.3,50.3,208,224
2024-06-07 01:36:00,50.1,50.1,209,227
2024-06-07 01:38:00,50.2,50.2,208,226
2024-06-07 01:40:00,49.9,49.9,206,223
2024-06-07 01:42:00,50.3,50.2,208,225
2024-06-07 01:44:00,50.1,50.2,207,224
2024-06-07 01:46:00,49.9,50.0,207,223
2024-06-07 01:48:00,50.0,50.0,207,225
2024-06-07 01:50:00,50.3,50.2,209,226
2024-06-07 01:52:00,50.1,50.0,207,223
2024-06-07 01:54:00,50.4,50.4,206,223
2024-06-07 01:56:00,50.2,50.2,208,223
2024-06-07 01:58:00,50.1,50.1,207,223
2024-06-07 02:00:00,50.1,50.2,207,223
2024-06-07 02:02:00,49.9,50.0,207,223
2024-06-07 02:04:00,50.1,50.1,209,225
2024-06-07 02:06:00,50.2,50.2,208,223
2024-06-07 02:08:00,50.2,50.3,207,223
2024-06-07 02:10:00,50.3,50.3,208,224
2024-06-07 02:12:00,50.0,50.0,208,224
2024-06-07 02:14:00,50.2,50.3,207,224
2024-06-07 02:16:00,50.1,50.1,208,224
2024-06-07 02:18:00,50.2,50.2,209,226
2024-06-07 02:20:00,50.1,50.1,208,223
2024-06-07 02:22:00,49.8,49.8,207,224
2024-06-07 02:24:00,50.3,50.3,209,226
2024-06-07 02:26:00,50.2,50.1,209,226
2024-06-07 02:28:00,50.2,50.2,207,223
2024-06-07 02:30:00,50.3,50.3,208,225
2024-06-07 02:32:00,50.0,50,208,223
2024-06-07 02:34:00,50.2,50.2,209,226
2024-06-07 02:36:00,50.1,50.2,208,226
2024-06-07 02:38:00,50.2,50.2,208,225
2024-06-07 02:40:00,50.3,50.4,211,228
2024-06-07 02:42:00,50.3,50.3,208,226
2024-06-07 02:44:00,50.2,50.2,208,226
2024-06-07 02:46:00,50.0,50.1,210,226
2024-06-07 02:48:00,50.2,50.1,210,226
2024-06-07 02:50:00,50.3,50.3,208,225
2024-06-07 02:52:00,50.1,50.2,209,226
2024-06-07 02:54:00,50.3,50.2,209,226
2024-06-07 02:56:00,50.3,50.3,207,224
2024-06-07 02:58:00,50.2,50.1,209,226
2024-06-07 03:00:00,50.1,50.1,210,226
2024-06-07 03:02:00,50.2,50.2,210,226
2024-06-07 03:04:00,50.0,50.0,208,225
2024-06-07 03:06:00,50.2,50.1,209,224
2024-06-07 03:08:00,50.1,50.1,209,226
2024-06-07 03:10:00,50.1,50.1,207,225
2024-06-07 03:12:00,50.3,50.2,207,225
2024-06-07 03:14:00,49.8,49.9,209,226
2024-06-07 03:16:00,50.2,50.2,208,224
2024-06-07 03:18:00,50.1,50.1,207,224
2024-06-07 03:20:00,50.1,50.2,209,224
2024-06-07 03:22:00,50.2,50.2,208,223
2024-06-07 03:24:00,50.1,50.0,207,223
2024-06-07 03:26:00,50.2,50.2,207,223
2024-06-07 03:28:00,50.1,50.2,208,223
2024-06-07 03:30:00,50.1,50.0,209,224
2024-06-07 03:32:00,50.2,50.3,207,223
2024-06-07 03:34:00,50.3,50.3,210,230
2024-06-07 03:36:00,50.3,50.4,210,226
2024-06-07 03:38:00,50.2,50.2,207,224
2024-06-07 03:40:00,50.1,50.1,207,223
2024-06-07 03:42:00,50.3,50.3,209,225
2024-06-07 03:44:00,50.2,50.2,210,225
2024-06-07 03:46:00,50.1,50.2,208,224
2024-06-07 03:48:00,50.2,50.1,209,225
2024-06-07 03:50:00,50.2,50.2,209,225
2024-06-07 03:52:00,50.4,50.4,208,225
2024-06-07 03:54:00,50.4,50.4,209,226
2024-06-07 03:56:00,50.2,50.1,210,226
2024-06-07 03:58:00,50.2,50.2,209,224
2024-06-07 04:00:00,50.2,50.1,209,226
2024-06-07 04:02:00,50.2,50.2,210,227
2024-06-07 04:04:00,49.8,49.8,207,225
2024-06-07 04:06:00,50.2,50.2,206,224
2024-06-07 04:08:00,50.2,50.2,207,224
2024-06-07 04:10:00,50.3,50.3,209,226
2024-06-07 04:12:00,50.3,50.3,209,223
2024-06-07 04:14:00,50.1,50.2,209,225
2024-06-07 04:16:00,49.8,49.8,209,221
2024-06-07 04:18:00,49.7,49.7,209,221
2024-06-07 04:20:00,49.8,49.8,209,222
2024-06-07 04:22:00,49.8,49.7,209,222
2024-06-07 04:24:00,50.0,50.0,211,221
2024-06-07 04:26:00,49.8,49.8,211,223
2024-06-07 04:28:00,50.0,49.9,207,219
2024-06-07 04:30:00,49.7,49.7,209,221
2024-06-07 04:32:00,49.8,49.9,211,221
2024-06-07 04:34:00,49.9,49.9,209,221
2024-06-07 04:36:00,49.9,49.9,209,221
2024-06-07 04:38:00,49.8,49.8,210,219
2024-06-07 04:40:00,49.9,49.9,210,219
2024-06-07 04:42:00,49.7,49.7,209,219
2024-06-07 04:44:00,49.9,49.9,210,220
2024-06-07 04:46:00,49.8,49.8,210,220
2024-06-07 04:48:00,49.7,49.7,209,219
2024-06-07 04:50:00,49.8,48.6,209,219
2024-06-07 04:52:00,49.8,49.8,210,219
2024-06-07 04:54:00,49.9,49.8,211,221
2024-06-07 04:56:00,49.9,49.8,209,219
2024-06-07 04:58:00,49.7,49.7,209,219
2024-06-07 05:00:00,49.7,49.8,211,221
2024-06-07 05:02:00,49.8,49.8,209,223
2024-06-07 05:04:00,49.9,49.9,209,223
2024-06-07 05:06:00,49.8,49.7,210,223
2024-06-07 05:08:00,49.6,49.6,210,223
2024-06-07 05:10:00,49.8,49.8,209,223
2024-06-07 05:12:00,49.9,49.9,209,222
2024-06-07 05:14:00,49.6,49.7,210,223
2024-06-07 05:16:00,49.6,49.7,209,223
2024-06-07 05:18:00,49.8,49.8,208,221
2024-06-07 05:20:00,49.5,49.5,211,226
2024-06-07 05:22:00,49.6,49.7,211,226
2024-06-07 05:24:00,49.6,49.6,211,227
2024-06-07 05:26:00,49.6,49.7,209,231
2024-06-07 05:28:00,49.7,49.7,212,229
2024-06-07 05:30:00,49.6,49.6,212,228
2024-06-07 05:32:00,49.4,49.5,204,223
2024-06-07 05:34:00,49.6,49.6,205,223
2024-06-07 05:36:00,49.7,49.7,207,224
2024-06-07 05:38:00,49.6,49.6,210,225
2024-06-07 05:40:00,49.5,49.5,208,226
2024-06-07 05:42:00,49.8,49.7,209,226
2024-06-07 05:44:00,49.5,49.5,206,223
2024-06-07 05:46:00,49.5,49.5,207,221
2024-06-07 05:48:00,49.4,49.4,208,221
2024-06-07 05:50:00,49.5,49.5,211,226
2024-06-07 05:52:00,49.5,49.4,207,223
2024-06-07 05:54:00,49.5,49.5,205,218
2024-06-07 05:56:00,4926,5618,0,0
2024-06-07 05:58:00,4878,3584,0,0
2024-06-07 06:00:00,6536,9804,0,0
2024-06-07 06:02:00,4926,5618,0,0.707
2024-06-07 06:04:00,6494,1107,0,0
2024-06-07 06:06:00,6452,5587,0.707,10.6
2024-06-07 06:08:00,5618,4926,0,6.36
2024-06-07 06:10:00,3937,2625,0,0
2024-06-07 06:12:00,3571,5618,0,0
2024-06-07 06:14:00,9804,4926,0,0
2024-06-07 06:16:00,4367,3268,0,0
2024-06-07 06:18:00,6579,2451,0,4.24
2024-06-07 06:20:00,6579,6536,0,10.6
2024-06-07 06:22:00,4329,9804,0,0
2024-06-07 06:24:00,7874,5587,0,6.36
2024-06-07 06:26:00,4348,9804,0.707,10.6
2024-06-07 06:28:00,4367,5618,0.707,0
2024-06-07 06:30:00,6536,5618,0,5.66
2024-06-07 06:32:00,4367,6579,0,10.6
2024-06-07 06:34:00,6452,3937,0,0
2024-06-07 06:36:00,5618,4926,0,6.36
2024-06-07 06:38:00,4367,2632,0,3.54
2024-06-07 06:40:00,4386,5618,0,5.66
2024-06-07 06:42:00,3279,4926,0,0
2024-06-07 06:44:00,3289,2632,0,4.24
2024-06-07 06:46:00,6452,6579,0,0
2024-06-07 06:48:00,4926,3937,0,2.12
2024-06-07 06:50:00,5618,6536,0,0
2024-06-07 06:52:00,7874,2188,0,0
2024-06-07 06:54:00,4926,2066,0,0
2024-06-07 06:56:00,3584,4902,0,0
2024-06-07 06:58:00,3030,7874,0,0
2024-06-07 07:00:00,4926,5618,0,0
2024-06-07 07:02:00,1517,3584,0,0.707
2024-06-07 07:04:00,50.6,50.6,219,231
2024-06-07 07:06:00,50.7,50.6,221,231
2024-06-07 07:08:00,50.7,50.7,224,234
2024-06-07 07:10:00,50.6,50.6,223,233
2024-06-07 07:12:00,50.5,50.5,221,232
2024-06-07 07:14:00,50.4,50.3,218,230
2024-06-07 07:16:00,50.4,50.4,219,231
2024-06-07 07:18:00,50.5,50.5,221,233
2024-06-07 07:20:00,50.5,50.6,222,233
2024-06-07 07:22:00,50.5,50.6,221,232
2024-06-07 07:24:00,50.5,50.4,223,235
2024-06-07 07:26:00,50.6,50.5,224,236
2024-06-07 07:28:00,50.6,50.6,223,234
2024-06-07 07:30:00,50.8,50.7,226,236
2024-06-07 07:32:00,50.7,50.7,224,240
2024-06-07 07:34:00,50.7,50.6,223,236
2024-06-07 07:36:00,50.9,50.9,225,236
2024-06-07 07:38:00,50.8,50.9,222,233
2024-06-07 07:40:00,50.6,50.7,223,236
2024-06-07 07:42:00,50.6,50.6,222,235
2024-06-07 07:44:00,50.7,50.7,223,235
2024-06-07 07:46:00,50.7,50.6,224,236
2024-06-07 07:48:00,50.8,50.8,222,235
2024-06-07 07:50:00,50.9,50.8,221,233
2024-06-07 07:52:00,50.7,50.6,222,234
2024-06-07 07:54:00,50.7,50.6,221,234
2024-06-07 07:56:00,50.7,50.6,223,236
2024-06-07 07:58:00,50.7,50.6,223,236
2024-06-07 08:00:00,50.7,50.7,221,233
2024-06-07 08:02:00,50.6,50.7,219,231
2024-06-07 08:04:00,50.5,50.5,220,233
2024-06-07 08:06:00,50.7,50.7,223,235
2024-06-07 08:08:00,50.6,50.6,222,234
2024-06-07 08:10:00,50.6,50.6,222,234
2024-06-07 08:12:00,50.6,50.6,219,231
2024-06-07 08:14:00,50.4,50.5,221,233
2024-06-07 08:16:00,50.3,50.5,219,233
2024-06-07 08:18:00,50.4,50.6,219,233
2024-06-07 08:20:00,50.5,50.5,221,233
2024-06-07 08:22:00,50.4,50.4,219,232
2024-06-07 08:24:00,50.6,50.7,218,231
2024-06-07 08:26:00,50.6,50.6,221,235
2024-06-07 08:28:00,50.6,50.6,219,233
2024-06-07 08:30:00,50.3,50.3,217,232
2024-06-07 08:32:00,50.3,50.3,214,231
2024-06-07 08:34:00,50.3,50.4,218,232
2024-06-07 08:36:00,50.6,50.6,219,233
2024-06-07 08:38:00,50.2,50.3,216,231
2024-06-07 08:40:00,50.3,50.3,220,235
2024-06-07 08:42:00,50.5,50.5,221,238
2024-06-07 08:44:00,50.5,50.5,216,234
2024-06-07 08:46:00,50.1,50.2,215,232
2024-06-07 08:48:00,50.3,50.3,211,228
2024-06-07 08:50:00,50.4,50.3,219,233
2024-06-07 08:52:00,50.4,50.5,211,229
2024-06-07 08:54:00,50.6,50.7,218,231
2024-06-07 08:56:00,50.4,50.5,216,228
2024-06-07 08:58:00,50.5,50.5,219,231
2024-06-07 09:00:00,50.4,50.3,211,230
2024-06-07 09:02:00,50.5,50.5,214,231
2024-06-07 09:04:00,50.6,50.6,217,236
2024-06-07 09:06:00,50.0,50.0,215,233
2024-06-07 09:08:00,50.1,50.2,216,230
2024-06-07 09:10:00,50.1,50.1,217,236
2024-06-07 09:12:00,50.1,50.1,216,230
2024-06-07 09:14:00,50.0,50.1,216,231
2024-06-07 09:16:00,50.0,50.0,216,233
2024-06-07 09:18:00,50.0,50.0,217,233
2024-06-07 09:20:00,50.0,49.9,215,234
2024-06-07 09:22:00,50.0,50.0,215,231
2024-06-07 09:24:00,49.9,49.9,215,230
2024-06-07 09:26:00,50.0,50.0,216,230
2024-06-07 09:28:00,50.2,50.2,217,233
2024-06-07 09:30:00,50.3,50.2,213,233
2024-06-07 09:32:00,50.2,50.3,220,238
2024-06-07 09:34:00,50.2,50.1,219,238
2024-06-07 09:36:00,50.1,50.1,217,237
2024-06-07 09:38:00,49.9,49.9,216,235
2024-06-07 09:40:00,50.2,50.1,217,237
2024-06-07 09:42:00,50.3,50.3,218,236
2024-06-07 09:44:00,50.3,50.3,217,240
2024-06-07 09:46:00,49.8,49.7,216,236
2024-06-07 09:48:00,49.8,49.8,217,240
2024-06-07 09:50:00,49.5,49.5,215,236
2024-06-07 09:52:00,49.7,49.6,213,235
2024-06-07 09:54:00,49.9,49.9,216,238
2024-06-07 09:56:00,49.6,49.6,215,238
2024-06-07 09:58:00,49.5,49.4,214,236
2024-06-07 10:00:00,49.6,49.6,214,236
2024-06-07 10:02:00,49.5,49.4,216,238
2024-06-07 10:04:00,49.6,49.7,211,242
2024-06-07 10:06:00,49.5,49.7,211,233
2024-06-07 10:08:00,49.5,49.6,214,238
2024-06-07 10:10:00,49.6,49.6,214,238
2024-06-07 10:12:00,49.6,49.6,214,237
2024-06-07 10:14:00,49.4,49.4,212,234
2024-06-07 10:16:00,49.7,49.7,213,234
2024-06-07 10:18:00,49.7,49.7,212,232
2024-06-07 10:20:00,49.2,49.2,215,236
2024-06-07 10:22:00,49.3,49.4,219,240
2024-06-07 10:24:00,49.4,49.4,218,240
2024-06-07 10:26:00,49.6,49.5,216,238
2024-06-07 10:28:00,49.8,49.7,214,237
2024-06-07 10:30:00,49.6,49.8,213,236
2024-06-07 10:32:00,49.8,49.7,216,237
2024-06-07 10:34:00,49.8,49.8,214,237
2024-06-07 10:36:00,49.5,49.6,214,238
2024-06-07 10:38:00,49.7,49.6,214,238
2024-06-07 10:40:00,49.9,49.8,214,240
2024-06-07 10:42:00,49.8,49.8,213,241
2024-06-07 10:44:00,49.7,49.7,213,238
2024-06-07 10:46:00,49.7,49.9,216,239
2024-06-07 10:48:00,49.8,49.9,219,243
2024-06-07 10:50:00,49.8,49.8,214,241
2024-06-07 10:52:00,49.9,49.9,212,237
2024-06-07 10:54:00,49.9,49.9,213,236
2024-06-07 10:56:00,49.7,49.7,214,238
2024-06-07 10:58:00,49.8,49.7,216,238
2024-06-07 11:00:00,50.1,50.1,215,240
2024-06-07 11:02:00,50.1,50.2,217,241
2024-06-07 11:04:00,50.1,50.2,211,236
2024-06-07 11:06:00,50.0,50.1,213,238
2024-06-07 11:08:00,50.0,49.9,215,240
2024-06-07 11:10:00,50.2,50.1,213,237
2024-06-07 11:12:00,50.0,50.0,214,240
2024-06-07 11:14:00,50.2,50.1,211,236
2024-06-07 11:16:00,50.2,50.2,212,235
2024-06-07 11:18:00,50.0,50.0,206,230
2024-06-07 11:20:00,49.9,49.9,207,232
2024-06-07 11:22:00,49.9,50.1,210,233
2024-06-07 11:24:00,50.3,50.3,217,236
2024-06-07 11:26:00,50.3,50.3,215,237
2024-06-07 11:28:00,50.5,50.6,212,233
2024-06-07 11:30:00,50.4,50.3,217,238
2024-06-07 11:32:00,49.8,50.0,214,237
2024-06-07 11:34:00,50.3,50.2,215,240
2024-06-07 11:36:00,50.2,50.2,214,239
2024-06-07 11:38:00,50.0,50.2,215,239
2024-06-07 11:40:00,50.0,50,209,235
2024-06-07 11:42:00,50.1,50.1,208,235
2024-06-07 11:44:00,50.1,50.1,208,235
2024-06-07 11:46:00,50.3,50.2,210,236
2024-06-07 11:48:00,50.3,50.3,216,239
2024-06-07 11:50:00,50.1,50.2,216,238
2024-06-07 11:52:00,50.0,50.1,215,239
2024-06-07 11:54:00,50.1,50.3,212,237
2024-06-07 11:56:00,50.3,50.2,213,238
2024-06-07 11:58:00,50.0,50.0,215,240
2024-06-07 12:00:00,50.3,50.2,213,238
2024-06-07 12:02:00,50.5,50.5,214,238
2024-06-07 12:04:00,50.5,50.3,211,236
2024-06-07 12:06:00,49.9,49.9,214,237
2024-06-07 12:08:00,49.8,49.8,214,240
2024-06-07 12:10:00,49.8,49.8,214,238
2024-06-07 12:12:00,50.0,50.0,219,242
2024-06-07 12:14:00,50.0,49.9,219,240
2024-06-07 12:16:00,50.1,50.0,213,236
2024-06-07 12:18:00,49.8,49.9,216,242
2024-06-07 12:20:00,49.8,49.8,216,240
2024-06-07 12:22:00,49.8,49.8,216,241
2024-06-07 12:24:00,49.9,49.7,219,244
2024-06-07 12:26:00,49.9,49.9,216,243
2024-06-07 12:28:00,50.0,50.0,215,240
2024-06-07 12:30:00,49.9,50.0,214,240
2024-06-07 12:32:00,50.0,49.9,214,240
2024-06-07 12:34:00,49.9,50.0,213,240
2024-06-07 12:36:00,50.0,50.0,216,242
2024-06-07 12:38:00,50.0,49.9,216,241
2024-06-07 12:40:00,50.1,50.1,214,244
2024-06-07 12:42:00,50.1,50.1,214,239
2024-06-07 12:44:00,50.0,49.9,216,241
2024-06-07 12:46:00,50.0,50.1,216,241
2024-06-07 12:48:00,50.0,49.9,216,241
2024-06-07 12:50:00,50.0,50.0,214,240
2024-06-07 12:52:00,50.1,50.2,213,238
2024-06-07 12:54:00,50.1,50.2,214,238
2024-06-07 12:56:00,49.7,49.7,215,241
2024-06-07 12:58:00,49.7,49.7,214,240
2024-06-07 13:00:00,49.5,49.3,212,237
2024-06-07 13:02:00,49.5,49.4,214,238
2024-06-07 13:04:00,49.7,49.7,216,238
2024-06-07 13:06:00,49.8,49.6,216,238
2024-06-07 13:08:00,49.6,49.7,217,240
2024-06-07 13:10:00,49.7,49.7,216,243
2024-06-07 13:12:00,49.5,49.5,214,243
2024-06-07 13:14:00,49.6,49.6,212,236
2024-06-07 13:16:00,49.6,49.8,211,237
2024-06-07 13:18:00,49.8,49.8,210,232
2024-06-07 13:20:00,49.8,49.7,215,238
2024-06-07 13:22:00,49.7,49.8,216,238
2024-06-07 13:24:00,49.7,49.6,217,238
2024-06-07 13:26:00,49.5,49.5,211,236
2024-06-07 13:28:00,49.7,49.7,216,237
2024-06-07 13:30:00,49.8,49.8,214,236
2024-06-07 13:32:00,49.5,49.6,215,238
2024-06-07 13:34:00,49.5,49.5,214,238
2024-06-07 13:36:00,49.7,49.6,213,237
2024-06-07 13:38:00,49.9,49.9,217,241
2024-06-07 13:40:00,49.8,49.9,214,239
2024-06-07 13:42:00,49.7,49.6,213,237
2024-06-07 13:44:00,49.7,49.9,216,239
2024-06-07 13:46:00,50.0,50.0,216,241
2024-06-07 13:48:00,49.7,49.6,211,237
2024-06-07 13:50:00,49.6,49.7,216,239
2024-06-07 13:52:00,50.0,50.1,217,239
2024-06-07 13:54:00,50.1,50.1,217,239
2024-06-07 13:56:00,50.1,50.0,214,236
2024-06-07 13:58:00,50.1,50.1,216,239
2024-06-07 14:00:00,49.9,50.0,215,239
2024-06-07 14:02:00,49.9,49.9,215,239
2024-06-07 14:04:00,50,49.9,215,239
2024-06-07 14:06:00,50.0,50.0,214,238
2024-06-07 14:08:00,49.8,49.9,216,245
2024-06-07 14:10:00,49.6,49.6,212,238
2024-06-07 14:12:00,49.8,49.7,211,237
2024-06-07 14:14:00,50.3,50.2,215,238
2024-06-07 14:16:00,50.2,50.3,213,235
2024-06-07 14:18:00,50.5,50.7,212,235
2024-06-07 14:20:00,50.1,50.1,218,247
2024-06-07 14:22:00,50.1,50.0,218,240
2024-06-07 14:24:00,50.1,50.1,216,240
2024-06-07 14:26:00,50.1,50.3,213,238
2024-06-07 14:28:00,50.2,50.1,215,237
2024-06-07 14:30:00,50.3,50.4,213,236
2024-06-07 14:32:00,50.1,50.2,213,236
2024-06-07 14:34:00,50.1,50.1,214,238
2024-06-07 14:36:00,50.4,50.4,215,239
2024-06-07 14:38:00,50.3,50.5,215,246
2024-06-07 14:40:00,49.9,49.9,215,238
2024-06-07 14:42:00,50.3,50.0,215,236
2024-06-07 14:44:00,50.0,50.1,215,243
2024-06-07 14:46:00,49.9,49.8,215,239
2024-06-07 14:48:00,49.8,49.8,216,245
2024-06-07 14:50:00,49.8,49.8,216,240
2024-06-07 14:52:00,49.9,50.0,218,242
2024-06-07 14:54:00,50.1,50.1,211,240
2024-06-07 14:56:00,49.9,49.9,214,237
2024-06-07 14:58:00,50.0,50.1,216,238
2024-06-07 15:00:00,50.0,50.0,214,237
2024-06-07 15:02:00,50.0,50.0,211,235
2024-06-07 15:04:00,50.1,50.1,211,235
2024-06-07 15:06:00,50.2,50.1,212,235
2024-06-07 15:08:00,50.0,50.0,215,238
2024-06-07 15:10:00,49.9,49.9,213,236
2024-06-07 15:12:00,50.1,50.0,215,236
2024-06-07 15:14:00,50.0,50.0,214,236
2024-06-07 15:16:00,49.5,49.7,213,236
2024-06-07 15:18:00,49.8,49.8,213,234
2024-06-07 15:20:00,49.8,49.8,214,237
2024-06-07 15:22:00,50.2,50.2,215,236
2024-06-07 15:24:00,50.0,50.0,214,238
2024-06-07 15:26:00,49.8,49.9,214,238
2024-06-07 15:28:00,50.0,50.0,216,240
2024-06-07 15:30:00,50.1,50.0,214,237
2024-06-07 15:32:00,49.7,49.7,213,237
2024-06-07 15:34:00,49.8,49.7,215,238
2024-06-07 15:36:00,49.8,49.8,216,239
2024-06-07 15:38:00,49.7,49.7,214,239
2024-06-07 15:40:00,49.6,49.7,215,239
2024-06-07 15:42:00,49.9,50.0,214,237
2024-06-07 15:44:00,49.8,49.9,217,240
2024-06-07 15:46:00,49.9,49.7,216,240
2024-06-07 15:48:00,50.0,50.0,214,236
2024-06-07 15:50:00,49.8,49.8,217,242
2024-06-07 15:52:00,50.1,50.0,216,239
2024-06-07 15:54:00,50.5,50.3,215,238
2024-06-07 15:56:00,50.2,50.2,217,239
2024-06-07 15:58:00,50.3,50.2,216,238
2024-06-07 16:00:00,50.2,50.0,215,237
2024-06-07 16:02:00,50.1,50.2,216,239
2024-06-07 16:04:00,49.9,49.8,216,237
2024-06-07 16:06:00,50.0,50.0,216,237
2024-06-07 16:08:00,50.0,49.9,214,237
2024-06-07 16:10:00,49.8,50.0,216,238
2024-06-07 16:12:00,49.8,50.0,215,242
2024-06-07 16:14:00,49.9,49.9,218,238
2024-06-07 16:16:00,50.1,50.1,218,238
2024-06-07 16:18:00,50.2,50.1,217,238
2024-06-07 16:20:00,50.2,50.3,218,238
2024-06-07 16:22:00,50.0,50.0,217,238
2024-06-07 16:24:00,50.0,50.0,216,237
2024-06-07 16:26:00,50.2,50.2,215,236
2024-06-07 16:28:00,50.2,50.3,216,236
2024-06-07 16:30:00,50.4,50.4,219,239
2024-06-07 16:32:00,50.4,50.3,218,238
2024-06-07 16:34:00,49.9,50.0,216,236
2024-06-07 16:36:00,50.0,50,216,234
2024-06-07 16:38:00,50.0,50.0,220,239
2024-06-07 16:40:00,49.9,49.9,219,240
2024-06-07 16:42:00,49.9,49.9,219,239
2024-06-07 16:44:00,50.1,50.1,217,236
2024-06-07 16:46:00,50.2,50.2,218,238
2024-06-07 16:48:00,50.0,50.0,219,238
2024-06-07 16:50:00,50.1,50.1,217,235
2024-06-07 16:52:00,50.1,50.0,218,236
2024-06-07 16:54:00,50.3,50.1,216,236
2024-06-07 16:56:00,50.3,50.3,216,234
2024-06-07 16:58:00,50.3,50.3,217,236
2024-06-07 17:00:00,50.0,50.1,217,237
2024-06-07 17:02:00,49.9,49.9,214,233
2024-06-07 17:04:00,50.0,50.0,216,237
2024-06-07 17:06:00,50.2,50.1,220,237
2024-06-07 17:08:00,50.1,50.2,216,234
2024-06-07 17:10:00,50.1,50.1,214,241
2024-06-07 17:12:00,49.6,49.6,217,234
2024-06-07 17:14:00,49.8,49.8,218,233
2024-06-07 17:16:00,49.6,49.6,213,231
2024-06-07 17:18:00,49.8,49.8,213,231
2024-06-07 17:20:00,49.5,49.5,192,191
2024-06-07 17:22:00,49.6,49.6,200,191
2024-06-07 17:24:00,49.5,49.6,199,192
2024-06-07 17:26:00,49.7,49.7,196,197
2024-06-07 17:28:00,49.3,49.4,198,194
2024-06-07 17:30:00,49.6,49.5,199,196
2024-06-07 17:32:00,50.8,50.8,196,202
2024-06-07 17:34:00,50.2,50.1,194,199
2024-06-07 17:36:00,50.0,50.0,201,205
2024-06-07 17:38:00,50.1,50.0,199,203
2024-06-07 17:40:00,50.2,50.2,199,206
2024-06-07 17:42:00,50.0,50.0,196,199
2024-06-07 17:44:00,50.2,50.1,196,203
2024-06-07 17:46:00,50.1,50.1,199,207
2024-06-07 17:48:00,50.2,50.2,196,204
2024-06-07 17:50:00,50.1,50.1,202,207
2024-06-07 17:52:00,50.3,50.3,199,200
2024-06-07 17:54:00,49.7,49.6,200,200
2024-06-07 17:56:00,49.6,49.6,197,197
2024-06-07 17:58:00,49.8,49.8,197,198
2024-06-07 18:00:00,49.5,49.5,202,201
2024-06-07 18:02:00,49.5,49.5,197,198
2024-06-07 18:04:00,49.4,49.4,199,197
2024-06-07 18:06:00,49.5,49.5,197,192
2024-06-07 18:08:00,49.3,49.1,201,198
2024-06-07 18:10:00,49.3,49.3,198,194
2024-06-07 18:12:00,49.3,49.3,200,199
2024-06-07 18:14:00,50.0,49.9,197,205
2024-06-07 18:16:00,50.0,50.0,198,204
2024-06-07 18:18:00,50.1,50.0,197,204
2024-06-07 18:20:00,49.8,49.9,198,204
2024-06-07 18:22:00,48.5,48.6,197,192
2024-06-07 18:24:00,49.4,49.4,197,195
2024-06-07 18:26:00,49.4,49.4,197,193
2024-06-07 18:28:00,49.3,49.3,199,196
2024-06-07 18:30:00,49.2,49.2,197,190
2024-06-07 18:32:00,49.1,49.2,196,189
2024-06-07 18:34:00,49.4,49.4,194,185
2024-06-07 18:36:00,49.2,49.2,196,187
2024-06-07 18:38:00,49.3,49.3,197,190
2024-06-07 18:40:00,49.1,49.1,196,190
2024-06-07 18:42:00,49.2,49.2,194,187
2024-06-07 18:44:00,49.1,49.2,196,186
2024-06-07 18:46:00,49.1,49.1,194,187
2024-06-07 18:48:00,49.3,49.3,196,186
2024-06-07 18:50:00,49.3,49.3,196,194
2024-06-07 18:52:00,49.1,49.1,195,189
2024-06-07 18:54:00,49.0,48.9,195,190
2024-06-07 18:56:00,48.9,49.0,195,189
2024-06-07 18:58:00,49.2,49.2,197,187
2024-06-07 19:00:00,49.2,49.2,194,187
2024-06-07 19:02:00,49.3,49.2,196,188
2024-06-07 19:04:00,49.0,49.0,198,190
2024-06-07 19:06:00,49.2,49.1,199,192
2024-06-07 19:08:00,48.9,48.9,197,192
2024-06-07 19:10:00,49.2,49.3,197,194
2024-06-07 19:12:00,49.0,49.0,193,192
2024-06-07 19:14:00,49.0,49.0,195,192
2024-06-07 19:16:00,49.1,49.1,198,196
2024-06-07 19:18:00,49.1,48.0,195,192
2024-06-07 19:20:00,49.0,48.9,192,190
2024-06-07 19:22:00,49.1,49.1,199,191
2024-06-07 19:24:00,49.1,49.1,197,191
2024-06-07 19:26:00,49.3,49.2,197,197
2024-06-07 19:28:00,49.1,49.3,199,201
2024-06-07 19:30:00,49.3,49.4,194,193
2024-06-07 19:32:00,48.9,48.9,196,191
2024-06-07 19:34:00,49.0,49.0,199,192
2024-06-07 19:36:00,49.0,49.0,193,185
2024-06-07 19:38:00,49.3,49.2,196,190
2024-06-07 19:40:00,49.2,49.3,195,192
2024-06-07 19:42:00,49.4,49.4,197,192
2024-06-07 19:44:00,49.0,49.0,196,190
2024-06-07 19:46:00,49.0,49.1,194,185
2024-06-07 19:48:00,49.1,49.1,197,186
2024-06-07 19:50:00,49.2,49.1,197,187
2024-06-07 19:52:00,49.1,49.1,197,184
2024-06-07 19:54:00,49.1,49.3,194,189
2024-06-07 19:56:00,49.1,49.0,196,182
2024-06-07 19:58:00,49.4,49.4,200,193
2024-06-07 20:00:00,49.2,49.1,195,187
2024-06-07 20:02:00,49.2,49.2,197,190
2024-06-07 20:04:00,49.3,49.2,195,185
2024-06-07 20:06:00,49.2,49.1,197,186
2024-06-07 20:08:00,49.0,48.9,194,185
2024-06-07 20:10:00,49.2,49.2,197,189
2024-06-07 20:12:00,49.4,49.4,197,192
2024-06-07 20:14:00,49.4,49.4,195,194
2024-06-07 20:16:00,49.5,49.5,199,197
2024-06-07 20:18:00,49.4,49.4,199,197
2024-06-07 20:20:00,48.9,48.9,195,194
2024-06-07 20:22:00,49.2,49.3,197,199
2024-06-07 20:24:00,49.2,49.2,198,203
2024-06-07 20:26:00,49.2,49.2,199,196
2024-06-07 20:28:00,49.1,49.0,197,194
2024-06-07 20:30:00,49.2,49.2,199,195
2024-06-07 20:32:00,49.2,49.2,200,198
2024-06-07 20:34:00,49.1,49.1,196,197
2024-06-07 20:36:00,49.3,49.3,198,199
2024-06-07 20:38:00,49.4,49.5,197,197
2024-06-07 20:40:00,49.5,49.4,200,199
2024-06-07 20:42:00,49.5,49.5,199,198
2024-06-07 20:44:00,49.2,49.2,199,200
2024-06-07 20:46:00,49.3,49.3,196,199
2024-06-07 20:48:00,49.5,49.4,199,192
2024-06-07 20:50:00,49.6,49.6,200,197
2024-06-07 20:52:00,49.6,49.6,202,198
2024-06-07 20:54:00,49.6,49.5,197,194
2024-06-07 20:56:00,49.4,49.5,202,202
2024-06-07 20:58:00,49.3,49.3,199,196
2024-06-07 21:00:00,49.4,49.4,201,201
2024-06-07 21:02:00,49.5,49.5,199,201
2024-06-07 21:04:00,49.4,49.4,202,205
2024-06-07 21:06:00,49.5,49.4,199,202
2024-06-07 21:08:00,49.4,49.4,199,202
2024-06-07 21:10:00,49.6,49.6,202,203
2024-06-07 21:12:00,49.5,49.6,200,202
2024-06-07 21:14:00,49.5,49.5,197,201
2024-06-07 21:16:00,49.6,49.6,200,203
2024-06-07 21:18:00,49.6,49.6,199,203
2024-06-07 21:20:00,49.5,49.5,201,204
2024-06-07 21:22:00,49.6,49.6,200,204
2024-06-07 21:24:00,49.3,49.3,198,201
2024-06-07 21:26:00,49.2,49.2,199,202
2024-06-07 21:28:00,49.5,49.5,199,203
2024-06-07 21:30:00,49.5,49.5,199,204
2024-06-07 21:32:00,49.4,49.3,200,204
2024-06-07 21:34:00,49.3,49.3,200,204
2024-06-07 21:36:00,49.5,49.5,199,207
2024-06-07 21:38:00,49.5,49.6,199,211
2024-06-07 21:40:00,49.7,49.7,202,207
2024-06-07 21:42:00,49.6,49.6,200,206
2024-06-07 21:44:00,49.6,49.6,199,205
2024-06-07 21:46:00,49.5,49.6,201,211
2024-06-07 21:48:00,49.8,49.9,199,211
2024-06-07 21:50:00,49.6,49.6,197,202
2024-06-07 21:52:00,49.5,49.5,197,199
2024-06-07 21:54:00,49.7,49.9,199,204
2024-06-07 21:56:00,49.6,49.6,202,201
2024-06-07 21:58:00,49.4,49.4,200,200
2024-06-07 22:00:00,49.8,49.8,202,202
2024-06-07 22:02:00,49.6,49.6,201,202
2024-06-07 22:04:00,49.5,49.5,199,201
2024-06-07 22:06:00,49.7,49.7,201,203
2024-06-07 22:08:00,49.5,49.5,200,202
2024-06-07 22:10:00,49.8,49.8,200,204
2024-06-07 22:12:00,49.8,49.8,202,207
2024-06-07 22:14:00,49.6,49.5,202,207
2024-06-07 22:16:00,49.8,49.8,201,205
2024-06-07 22:18:00,49.9,49.9,202,206
2024-06-07 22:20:00,49.9,49.9,202,214
2024-06-07 22:22:00,49.6,49.7,199,205
2024-06-07 22:24:00,49.9,49.9,201,209
2024-06-07 22:26:00,49.7,49.7,199,209
2024-06-07 22:28:00,49.7,49.6,199,204
2024-06-07 22:30:00,49.8,49.8,202,205
2024-06-07 22:32:00,49.6,49.6,202,209
2024-06-07 22:34:00,49.6,49.6,202,209
2024-06-07 22:36:00,49.9,50.0,200,207
2024-06-07 22:38:00,49.7,49.7,201,214
2024-06-07 22:40:00,49.6,49.6,202,211
2024-06-07 22:42:00,50.0,50.0,199,209
2024-06-07 22:44:00,49.7,49.8,200,211
2024-06-07 22:46:00,49.9,49.9,201,210
2024-06-07 22:48:00,49.7,49.7,204,213
2024-06-07 22:50:00,50.0,50.0,203,213
2024-06-07 22:52:00,49.9,49.8,199,209
2024-06-07 22:54:00,50.1,50.0,204,214
2024-06-07 22:56:00,50.1,50.1,203,213
2024-06-07 22:58:00,50.0,50.0,201,211
2024-06-07 23:00:00,50.1,50.2,204,214
2024-06-07 23:02:00,49.8,49.8,204,210
2024-06-07 23:04:00,49.9,49.9,202,213
2024-06-07 23:06:00,49.9,49.9,202,212
2024-06-07 23:08:00,50.0,50.0,201,213
2024-06-07 23:10:00,49.9,49.8,206,218
2024-06-07 23:12:00,50,50,202,215
2024-06-07 23:14:00,50.0,50.0,204,216
2024-06-07 23:16:00,49.9,49.9,202,213
2024-06-07 23:18:00,49.7,49.8,205,214
2024-06-07 23:20:00,49.8,49.8,202,214
2024-06-07 23:22:00,50.1,50.2,203,215
2024-06-07 23:24:00,49.8,49.8,205,215
2024-06-07 23:26:00,49.8,49.8,204,216
2024-06-07 23:28:00,49.9,49.9,202,215
2024-06-07 23:30:00,49.9,49.9,203,216
2024-06-07 23:32:00,50.0,50,204,216
2024-06-07 23:34:00,50.1,50.1,206,219
2024-06-07 23:36:00,49.8,49.8,203,216
2024-06-07 23:38:00,49.8,49.9,204,217
2024-06-07 23:40:00,50.1,50.1,204,217
2024-06-07 23:42:00,50.1,50.1,203,217
2024-06-07 23:44:00,49.8,49.9,203,216
2024-06-07 23:46:00,49.8,49.9,205,218
2024-06-07 23:48:00,50.1,50.0,206,219
2024-06-07 23:50:00,49.9,49.9,204,217
2024-06-07 23:52:00,50.3,50.3,207,219
2024-06-07 23:54:00,49.9,49.8,206,218
2024-06-07 23:56:00,49.9,49.9,207,221
2024-06-07 23:58:00,50.2,50.2,204,218
2024-06-08 00:00:00,50.1,50.1,204,218
2024-06-08 00:02:00,50.0,50.1,205,218
2024-06-08 00:04:00,50.1,50.1,204,219
2024-06-08 00:06:00,50.0,50.1,206,221
2024-06-08 00:08:00,49.9,49.9,207,221
2024-06-08 00:10:00,50.0,50.0,204,219
2024-06-08 00:12:00,50.0,50.1,207,221
2024-06-08 00:14:00,50.0,50.0,206,221
2024-06-08 00:16:00,50.0,50.0,207,221
2024-06-08 00:18:00,50.2,50.1,205,220
2024-06-08 00:20:00,50.0,50,203,219
2024-06-08 00:22:00,50.0,50.0,205,221
2024-06-08 00:24:00,50.1,50.1,206,221
2024-06-08 00:26:00,50.1,50.0,204,220
2024-06-08 00:28:00,50.2,50.1,204,220
2024-06-08 00:30:00,50.2,50.2,208,223
2024-06-08 00:32:00,50.0,50.0,208,223
2024-06-08 00:34:00,50,49.9,206,221
2024-06-08 00:36:00,49.9,50.0,204,219
2024-06-08 00:38:00,50.0,50.1,206,221
2024-06-08 00:40:00,50.4,50.4,208,223
2024-06-08 00:42:00,50.0,50.0,207,222
2024-06-08 00:44:00,50.1,50.1,207,223
2024-06-08 00:46:00,50.2,50.2,207,222
2024-06-08 00:48:00,50.1,50.0,204,221
2024-06-08 00:50:00,50.0,50.1,205,222
2024-06-08 00:52:00,49.8,49.7,206,221
2024-06-08 00:54:00,49.9,50.0,206,222
2024-06-08 00:56:00,49.8,49.9,206,222
2024-06-08 00:58:00,50.3,50.2,206,223
2024-06-08 01:00:00,50.1,50.1,206,221
2024-06-08 01:02:00,50.0,50.1,207,222
2024-06-08 01:04:00,50.1,50.1,205,222
2024-06-08 01:06:00,50.2,50.2,204,221
2024-06-08 01:08:00,49.8,49.8,205,221
2024-06-08 01:10:00,50.2,50.2,206,222
2024-06-08 01:12:00,49.8,49.8,205,221
2024-06-08 01:14:00,50.3,50.2,208,223
2024-06-08 01:16:00,50.1,50.1,208,224
2024-06-08 01:18:00,50.1,50.1,207,223
2024-06-08 01:20:00,50.0,50.0,207,223
2024-06-08 01:22:00,50.3,50.3,208,223
2024-06-08 01:24:00,50.1,50.1,209,223
2024-06-08 01:26:00,50.1,50.1,208,224
2024-06-08 01:28:00,50.1,50.0,208,223
2024-06-08 01:30:00,50.0,50.1,209,226
2024-06-08 01:32:00,50.0,50.0,207,226
2024-06-08 01:34:00,50.0,50.0,207,225
2024-06-08 01:36:00,50.1,50.1,209,226
2024-06-08 01:38:00,50.3,50.2,209,226
2024-06-08 01:40:00,50.3,50.3,208,226
2024-06-08 01:42:00,50.0,50.0,206,223
2024-06-08 01:44:00,50.0,50.0,208,225
2024-06-08 01:46:00,49.9,49.9,208,225
2024-06-08 01:48:00,50.3,50.3,206,225
2024-06-08 01:50:00,50.3,50.3,207,225
2024-06-08 01:52:00,50.2,50.2,209,226
2024-06-08 01:54:00,50.3,50.3,207,225
2024-06-08 01:56:00,50.1,50.2,207,224
2024-06-08 01:58:00,50.2,50.2,209,226
2024-06-08 02:00:00,50.0,50.1,209,226
2024-06-08 02:02:00,50.4,50.4,208,226
2024-06-08 02:04:00,50.3,50.3,207,225
2024-06-08 02:06:00,50.3,50.2,208,226
2024-06-08 02:08:00,50.2,50.1,208,225
2024-06-08 02:10:00,50.1,50.2,207,224
2024-06-08 02:12:00,50.4,50.4,207,226
2024-06-08 02:14:00,50.3,50.3,210,227
2024-06-08 02:16:00,50.2,50.2,209,228
2024-06-08 02:18:00,50.2,50.3,207,226
2024-06-08 02:20:00,50.2,50.2,209,227
2024-06-08 02:22:00,50.2,50.2,209,226
2024-06-08 02:24:00,50.2,50.1,207,226
2024-06-08 02:26:00,49.9,49.9,206,224
2024-06-08 02:28:00,50.1,50.1,209,226
2024-06-08 02:30:00,50.2,50.2,209,226
2024-06-08 02:32:00,50.1,50.2,207,225
2024-06-08 02:34:00,50.3,50.3,207,225
2024-06-08 02:36:00,50.2,50.2,208,226
2024-06-08 02:38:00,50.2,50.2,208,226
2024-06-08 02:40:00,50.2,50.2,208,225
2024-06-08 02:42:00,50.2,50.1,209,226
2024-06-08 02:44:00,50.4,50.4,209,226
2024-06-08 02:46:00,50.3,50.3,207,224
2024-06-08 02:48:00,50.3,50.3,207,225
2024-06-08 02:50:00,50.4,50.4,211,228
2024-06-08 02:52:00,50.2,50.2,209,226
2024-06-08 02:54:00,50.2,50.3,209,226
2024-06-08 02:56:00,50.2,50.2,207,224
2024-06-08 02:58:00,50.4,50.4,209,226
2024-06-08 03:00:00,50.2,50.2,209,226
2024-06-08 03:02:00,50.3,50.3,209,226
2024-06-08 03:04:00,50.3,50.2,208,225
2024-06-08 03:06:00,50.3,50.3,209,225
2024-06-08 03:08:00,50.3,50.3,207,224
2024-06-08 03:10:00,50.2,50.2,207,224
2024-06-08 03:12:00,50.2,50.2,210,226
2024-06-08 03:14:00,50.3,50.3,209,226
2024-06-08 03:16:00,50.2,50.3,207,224
2024-06-08 03:18:00,50.2,50.2,208,223
2024-06-08 03:20:00,50.2,50.2,209,224
2024-06-08 03:22:00,50.0,50.1,208,223
2024-06-08 03:24:00,50.3,50.3,208,223
2024-06-08 03:26:00,50.2,50.2,209,223
2024-06-08 03:28:00,50.2,50.2,210,225
2024-06-08 03:30:00,50.3,50.3,207,223
2024-06-08 03:32:00,50.3,50.3,205,220
2024-06-08 03:34:00,50.2,50.2,208,223
2024-06-08 03:36:00,50.1,50.2,207,221
2024-06-08 03:38:00,50.1,50.1,207,221
2024-06-08 03:40:00,50.3,50.3,210,225
2024-06-08 03:42:00,50.2,50.2,211,226
2024-06-08 03:44:00,50.3,50.3,207,223
2024-06-08 03:46:00,50.2,50.2,207,223
2024-06-08 03:48:00,50.0,50.1,207,223
2024-06-08 03:50:00,50.3,50.3,209,224
2024-06-08 03:52:00,50.1,50.2,207,224
2024-06-08 03:54:00,50.2,50.1,209,224
2024-06-08 03:56:00,50.3,50.3,209,224
2024-06-08 03:58:00,50.2,50.2,208,223
2024-06-08 04:00:00,50.2,50.2,207,223
2024-06-08 04:02:00,50.0,50,209,224
2024-06-08 04:04:00,50.1,50.2,209,223
2024-06-08 04:06:00,50.2,50.2,208,223
2024-06-08 04:08:00,50.2,50.2,208,223
2024-06-08 04:10:00,50,49.9,209,223
2024-06-08 04:12:00,50.2,50.2,209,223
2024-06-08 04:14:00,50.3,50.3,208,223
2024-06-08 04:16:00,50.2,50.3,207,221
2024-06-08 04:18:00,50.3,50.3,209,223
2024-06-08 04:20:00,50.0,50.0,207,221
2024-06-08 04:22:00,50.2,50.2,207,222
2024-06-08 04:24:00,50.3,50.3,209,224
2024-06-08 04:26:00,50.0,50.0,211,226
2024-06-08 04:28:00,50.1,50.1,209,223
2024-06-08 04:30:00,50.3,50.3,208,223
2024-06-08 04:32:00,50.2,50.2,209,224
2024-06-08 04:34:00,50.3,50.3,209,224
2024-06-08 04:36:00,50.1,50.2,208,223
2024-06-08 04:38:00,50.2,50.2,208,223
2024-06-08 04:40:00,50.4,50.3,209,223
2024-06-08 04:42:00,50.1,50.1,208,223
2024-06-08 04:44:00,50.1,50.1,209,223
2024-06-08 04:46:00,50.1,50.1,209,223
2024-06-08 04:48:00,50.1,50.1,211,226
2024-06-08 04:50:00,50.0,50.1,209,226
2024-06-08 04:52:00,50.1,50.1,211,228
2024-06-08 04:54:00,50.1,50.1,210,227
2024-06-08 04:56:00,50.3,50.3,211,229
2024-06-08 04:58:00,50.1,50.2,209,228
2024-06-08 05:00:00,50.3,50.2,209,228
2024-06-08 05:02:00,50.0,50.0,210,228
2024-06-08 05:04:00,50.1,50.0,210,229
2024-06-08 05:06:00,50.2,50.1,210,228
2024-06-08 05:08:00,50.0,50.0,211,228
2024-06-08 05:10:00,50.2,50.2,208,226
2024-06-08 05:12:00,50.2,50.1,207,224
2024-06-08 05:14:00,50.1,50.1,208,226
2024-06-08 05:16:00,50.1,50.1,209,226
2024-06-08 05:18:00,50.2,50.1,207,223
2024-06-08 05:20:00,50.0,50.0,206,222
2024-06-08 05:22:00,50.2,50.2,207,221
2024-06-08 05:24:00,50.1,50.0,208,223
2024-06-08 05:26:00,50.2,50.2,208,223
2024-06-08 05:28:00,49.8,49.7,209,225
2024-06-08 05:30:00,50.2,50.2,208,221
2024-06-08 05:32:00,50.1,50.2,209,223
2024-06-08 05:34:00,50.0,49.9,207,221
2024-06-08 05:36:00,50.0,50.0,206,219
2024-06-08 05:38:00,50.1,50.1,208,222
2024-06-08 05:40:00,50.0,50.0,206,219
2024-06-08 05:42:00,50.0,49.9,208,221
2024-06-08 05:44:00,50.0,50.1,206,217
2024-06-08 05:46:00,50.1,50.1,208,221
2024-06-08 05:48:00,50.1,50.0,208,223
2024-06-08 05:50:00,50.0,50.0,207,220
2024-06-08 05:52:00,50.1,50.1,207,223
2024-06-08 05:54:00,50.0,50.0,209,221
2024-06-08 05:56:00,50.0,50.0,206,221
2024-06-08 05:58:00,50.2,50.2,209,223
2024-06-08 06:00:00,50.2,50.2,208,219
2024-06-08 06:02:00,49.8,49.9,207,219
2024-06-08 06:04:00,49.9,49.8,206,218
2024-06-08 06:06:00,50.0,50.0,206,216
2024-06-08 06:08:00,50.2,50.2,214,218
2024-06-08 06:10:00,50.0,50.0,208,216
2024-06-08 06:12:00,50.1,50.0,206,214
2024-06-08 06:14:00,49.9,49.8,206,215
2024-06-08 06:16:00,50.0,50.0,208,210
2024-06-08 06:18:00,50.0,50.0,204,213
2024-06-08 06:20:00,49.8,49.8,207,214
2024-06-08 06:22:00,50.1,50.1,206,215
2024-06-08 06:24:00,49.9,49.9,205,217
2024-06-08 06:26:00,49.8,49.8,207,216
2024-06-08 06:28:00,49.9,49.9,203,211
2024-06-08 06:30:00,49.8,49.8,208,213
2024-06-08 06:32:00,49.8,49.8,215,211
2024-06-08 06:34:00,50.0,50.0,204,214
2024-06-08 06:36:00,49.9,50.0,204,214
2024-06-08 06:38:00,50.0,50.0,204,209
2024-06-08 06:40:00,49.9,49.9,206,217
2024-06-08 06:42:00,49.9,49.9,209,219
2024-06-08 06:44:00,50.0,50.0,206,217
2024-06-08 06:46:00,49.8,49.8,204,218
2024-06-08 06:48:00,49.8,49.8,207,214
2024-06-08 06:50:00,49.9,49.9,209,218
2024-06-08 06:52:00,50.0,50.0,209,217
2024-06-08 06:54:00,49.8,49.9,202,206
2024-06-08 06:56:00,50.0,49.9,207,218
2024-06-08 06:58:00,50.0,50.0,209,219
2024-06-08 07:00:00,50.0,50.0,202,216
2024-06-08 07:02:00,50.0,50.0,204,217
2024-06-08 07:04:00,49.9,49.9,208,218
2024-06-08 07:06:00,49.8,49.9,205,219
2024-06-08 07:08:00,50.1,50.1,205,209
2024-06-08 07:10:00,49.7,49.7,205,210
2024-06-08 07:12:00,49.9,49.9,209,215
2024-06-08 07:14:00,49.9,49.9,213,219
2024-06-08 07:16:00,49.6,50.5,204,219
2024-06-08 07:18:00,49.8,49.8,204,219
2024-06-08 07:20:00,49.8,49.8,205,216
2024-06-08 07:22:00,49.8,49.6,200,210
2024-06-08 07:24:00,49.8,49.8,202,217
2024-06-08 07:26:00,50.0,50.0,204,220
2024-06-08 07:28:00,49.7,49.7,207,226
2024-06-08 07:30:00,49.9,49.8,204,221
2024-06-08 07:32:00,49.8,49.8,202,215
2024-06-08 07:34:00,49.8,49.8,204,221
2024-06-08 07:36:00,49.8,49.8,204,219
2024-06-08 07:38:00,49.8,49.9,206,220
2024-06-08 07:40:00,49.9,49.9,204,215
2024-06-08 07:42:00,49.8,49.7,207,224
2024-06-08 07:44:00,49.8,49.8,208,222
2024-06-08 07:46:00,49.6,49.7,204,210
2024-06-08 07:48:00,49.8,49.8,204,213
2024-06-08 07:50:00,49.8,49.8,204,211
2024-06-08 07:52:00,49.9,49.8,204,209
2024-06-08 07:54:00,49.9,49.9,202,211
2024-06-08 07:56:00,49.8,49.8,204,218
2024-06-08 07:58:00,50.0,50.0,201,214
2024-06-08 08:00:00,49.9,49.9,207,215
2024-06-08 08:02:00,49.7,49.7,204,214
2024-06-08 08:04:00,49.8,49.8,206,214
2024-06-08 08:06:00,49.8,49.8,205,215
2024-06-08 08:08:00,50.1,50.1,206,214
2024-06-08 08:10:00,49.7,49.7,206,216
2024-06-08 08:12:00,49.8,49.8,201,212
2024-06-08 08:14:00,49.8,49.8,204,216
2024-06-08 08:16:00,49.7,49.7,205,213
2024-06-08 08:18:00,49.9,49.8,202,214
2024-06-08 08:20:00,49.6,49.6,206,214
2024-06-08 08:22:00,49.7,49.6,204,209
2024-06-08 08:24:00,50.0,50.0,203,205
2024-06-08 08:26:00,50.0,50.0,203,207
2024-06-08 08:28:00,49.7,49.8,204,211
2024-06-08 08:30:00,49.8,49.8,202,210
2024-06-08 08:32:00,49.8,49.8,202,211
2024-06-08 08:34:00,49.8,49.8,202,209
2024-06-08 08:36:00,50.0,50.0,203,213
2024-06-08 08:38:00,49.8,49.8,199,209
2024-06-08 08:40:00,50.1,50.1,202,209
2024-06-08 08:42:00,49.9,49.9,202,210
2024-06-08 08:44:00,49.9,49.9,203,209
2024-06-08 08:46:00,49.8,49.8,201,209
2024-06-08 08:48:00,49.8,49.8,201,207
2024-06-08 08:50:00,49.6,49.6,202,207
2024-06-08 08:52:00,49.6,49.6,199,208
2024-06-08 08:54:00,49.6,49.5,197,197
2024-06-08 08:56:00,49.6,49.6,202,203
2024-06-08 08:58:00,49.7,49.7,201,209
2024-06-08 09:00:00,49.7,49.7,199,209
2024-06-08 09:02:00,49.6,49.5,197,205
2024-06-08 09:04:00,49.9,50.0,203,214
2024-06-08 09:06:00,49.7,49.7,204,213
2024-06-08 09:08:00,49.7,49.7,199,204
2024-06-08 09:10:00,49.7,49.6,196,199
2024-06-08 09:12:00,49.6,49.7,195,194
2024-06-08 09:14:00,49.6,49.6,194,195
2024-06-08 09:16:00,49.5,49.5,202,201
2024-06-08 09:18:00,49.6,49.6,202,204
2024-06-08 09:20:00,49.9,49.8,199,204
2024-06-08 09:22:00,49.9,49.9,199,202
2024-06-08 09:24:00,49.5,49.5,199,200
2024-06-08 09:26:00,49.7,49.8,199,204
2024-06-08 09:28:00,49.8,49.8,203,210
2024-06-08 09:30:00,49.7,49.7,204,209
2024-06-08 09:32:00,49.5,49.5,202,202
2024-06-08 09:34:00,49.4,49.4,199,199
2024-06-08 09:36:00,49.6,49.7,199,198
2024-06-08 09:38:00,49.5,49.5,203,202
2024-06-08 09:40:00,49.7,49.7,203,202
2024-06-08 09:42:00,49.7,49.7,202,197
2024-06-08 09:44:00,49.7,49.6,199,199
2024-06-08 09:46:00,49.6,49.6,200,201
2024-06-08 09:48:00,49.7,49.7,197,199
2024-06-08 09:50:00,50.0,50.0,199,199
2024-06-08 09:52:00,50.0,50.0,201,196
2024-06-08 09:54:00,49.8,49.8,197,198
2024-06-08 09:56:00,49.5,49.6,202,204
2024-06-08 09:58:00,49.6,49.7,200,201
2024-06-08 10:00:00,49.8,49.8,202,201
2024-06-08 10:02:00,49.7,49.6,200,199
2024-06-08 10:04:00,49.6,49.5,200,196
2024-06-08 10:06:00,49.7,49.6,199,200
2024-06-08 10:08:00,49.7,49.8,198,199
2024-06-08 10:10:00,49.7,49.7,199,202
2024-06-08 10:12:00,49.6,49.6,197,199
2024-06-08 10:14:00,49.7,49.7,194,191
2024-06-08 10:16:00,49.7,49.7,198,199
2024-06-08 10:18:00,52.0,52.0,198,212
2024-06-08 10:20:00,50.0,50.0,195,204
2024-06-08 10:22:00,50.3,50.4,200,203
2024-06-08 10:24:00,50.1,50.1,198,209
2024-06-08 10:26:00,50.5,50.5,202,213
2024-06-08 10:28:00,50.4,50.3,198,215
2024-06-08 10:30:00,50.1,50.1,197,211
2024-06-08 10:32:00,50.4,50.4,202,223
2024-06-08 10:34:00,50.2,50.2,202,216
2024-06-08 10:36:00,50.2,50.2,202,218
2024-06-08 10:38:00,50.5,50.4,199,214
2024-06-08 10:40:00,50.2,50.2,198,212
2024-06-08 10:42:00,50.4,50.4,201,218
2024-06-08 10:44:00,50.3,50.3,199,216
2024-06-08 10:46:00,50.3,50.4,197,216
2024-06-08 10:48:00,50.3,50.4,195,213
2024-06-08 10:50:00,50.4,50.5,200,219
2024-06-08 10:52:00,50.5,50.5,200,216
2024-06-08 10:54:00,50.0,50.0,197,214
2024-06-08 10:56:00,50.2,50.2,196,209
2024-06-08 10:58:00,49.7,49.7,202,214
2024-06-08 11:00:00,50.0,50.0,201,214
2024-06-08 11:02:00,49.8,49.7,202,214
2024-06-08 11:04:00,49.7,49.7,199,208
2024-06-08 11:06:00,49.7,49.6,199,207
2024-06-08 11:08:00,50.0,50.0,203,214
2024-06-08 11:10:00,49.6,49.7,201,208
2024-06-08 11:12:00,49.8,49.8,200,202
2024-06-08 11:14:00,49.9,49.9,202,206
2024-06-08 11:16:00,49.5,49.5,199,204
2024-06-08 11:18:00,49.8,49.9,200,200
2024-06-08 11:20:00,49.7,49.6,200,198
2024-06-08 11:22:00,50.1,50.0,199,203
2024-06-08 11:24:00,49.5,49.6,204,209
2024-06-08 11:26:00,49.7,49.7,202,211
2024-06-08 11:28:00,49.7,49.7,194,198
2024-06-08 11:30:00,49.7,49.6,201,209
2024-06-08 11:32:00,49.5,49.5,202,207
2024-06-08 11:34:00,49.6,49.6,201,208
2024-06-08 11:36:00,49.5,49.6,199,208
2024-06-08 11:38:00,49.7,49.6,199,204
2024-06-08 11:40:00,50.0,49.9,202,209
2024-06-08 11:42:00,49.8,49.7,199,207
2024-06-08 11:44:00,49.6,49.6,197,202
2024-06-08 11:46:00,49.8,49.9,202,207
2024-06-08 11:48:00,49.4,49.4,197,204
2024-06-08 11:50:00,49.5,49.5,201,202
2024-06-08 11:52:00,49.6,49.5,202,204
2024-06-08 11:54:00,49.5,49.5,202,209
2024-06-08 11:56:00,49.7,49.7,199,202
2024-06-08 11:58:00,49.7,49.7,200,211
2024-06-08 12:00:00,49.4,49.3,194,205
2024-06-08 12:02:00,49.6,49.6,199,206
2024-06-08 12:04:00,50.0,50,199,202
2024-06-08 12:06:00,49.8,49.8,195,200
2024-06-08 12:08:00,50.0,50.0,197,206
2024-06-08 12:10:00,49.9,49.8,199,203
2024-06-08 12:12:00,49.6,49.6,195,197
2024-06-08 12:14:00,49.8,49.8,199,204
2024-06-08 12:16:00,49.5,49.5,198,204
2024-06-08 12:18:00,49.8,49.8,200,205
2024-06-08 12:20:00,49.7,49.7,198,199
2024-06-08 12:22:00,49.9,49.8,195,196
2024-06-08 12:24:00,49.6,49.6,199,198
2024-06-08 12:26:00,49.7,49.7,198,197
2024-06-08 12:28:00,49.7,49.8,194,195
2024-06-08 12:30:00,49.6,49.6,199,202
2024-06-08 12:32:00,49.7,49.7,202,199
2024-06-08 12:34:00,50.0,49.9,197,199
2024-06-08 12:36:00,49.5,49.5,198,199
2024-06-08 12:38:00,49.5,49.5,197,202
2024-06-08 12:40:00,49.6,49.6,197,197
2024-06-08 12:42:00,49.7,49.7,198,204
2024-06-08 12:44:00,49.7,49.8,199,198
2024-06-08 12:46:00,49.7,49.7,197,200
2024-06-08 12:48:00,49.4,49.4,197,199
2024-06-08 12:50:00,49.8,49.8,199,207
2024-06-08 12:52:00,49.6,49.5,199,207
2024-06-08 12:54:00,49.6,49.5,202,209
2024-06-08 12:56:00,49.6,49.7,198,209
2024-06-08 12:58:00,49.6,49.6,199,209
2024-06-08 13:00:00,49.6,49.7,199,202
2024-06-08 13:02:00,49.7,49.6,200,207
2024-06-08 13:04:00,49.7,49.7,200,205
2024-06-08 13:06:00,49.7,49.8,198,204
2024-06-08 13:08:00,49.9,49.9,198,200
2024-06-08 13:10:00,49.8,49.9,200,212
2024-06-08 13:12:00,49.8,49.8,197,206
2024-06-08 13:14:00,49.6,49.6,203,204
2024-06-08 13:16:00,49.8,49.8,199,206
2024-06-08 13:18:00,50.0,50.0,203,209
2024-06-08 13:20:00,50.0,49.9,204,211
2024-06-08 13:22:00,49.7,49.7,195,200
2024-06-08 13:24:00,49.8,49.9,201,204
2024-06-08 13:26:00,49.8,49.9,198,202
2024-06-08 13:28:00,49.8,49.8,198,207
2024-06-08 13:30:00,49.6,49.5,196,204
2024-06-08 13:32:00,49.8,49.9,201,207
2024-06-08 13:34:00,49.9,49.9,202,210
2024-06-08 13:36:00,49.6,49.6,201,207
2024-06-08 13:38:00,49.8,49.8,197,205
2024-06-08 13:40:00,49.9,49.9,201,211
2024-06-08 13:42:00,49.6,49.6,198,203
2024-06-08 13:44:00,49.8,49.8,203,209
2024-06-08 13:46:00,49.8,49.9,196,200
2024-06-08 13:48:00,49.8,49.8,201,202
2024-06-08 13:50:00,49.6,49.6,202,205
2024-06-08 13:52:00,50.0,50.0,201,205
2024-06-08 13:54:00,49.5,49.5,197,202
2024-06-08 13:56:00,49.8,49.7,202,201
2024-06-08 13:58:00,49.8,49.7,197,199
2024-06-08 14:00:00,49.5,49.5,197,200
2024-06-08 14:02:00,49.5,49.5,194,194
2024-06-08 14:04:00,49.7,49.7,199,199
2024-06-08 14:06:00,49.8,49.8,199,203
2024-06-08 14:08:00,49.6,49.6,200,202
2024-06-08 14:10:00,49.8,49.8,199,207
2024-06-08 14:12:00,49.6,49.5,193,194
2024-06-08 14:14:00,49.7,49.7,198,202
2024-06-08 14:16:00,49.6,49.6,194,199
2024-06-08 14:18:00,49.7,49.7,196,198
2024-06-08 14:20:00,49.8,49.8,198,202
2024-06-08 14:22:00,49.7,49.7,199,202
2024-06-08 14:24:00,49.9,49.9,199,202
2024-06-08 14:26:00,49.6,49.5,200,204
2024-06-08 14:28:00,49.9,49.9,197,200
2024-06-08 14:30:00,49.7,49.7,199,207
2024-06-08 14:32:00,50.0,50,200,205
2024-06-08 14:34:00,50.0,50.0,199,204
2024-06-08 14:36:00,49.7,49.8,199,202
2024-06-08 14:38:00,49.9,49.9,200,206
2024-06-08 14:40:00,49.8,49.7,202,208
2024-06-08 14:42:00,49.3,49.3,195,197
2024-06-08 14:44:00,49.8,49.8,197,202
2024-06-08 14:46:00,49.7,49.7,197,199
2024-06-08 14:48:00,49.4,49.3,197,202
2024-06-08 14:50:00,49.8,49.8,199,210
2024-06-08 14:52:00,50.0,50,202,210
2024-06-08 14:54:00,49.8,49.7,196,204
2024-06-08 14:56:00,49.6,49.7,197,204
2024-06-08 14:58:00,49.7,49.6,197,204
2024-06-08 15:00:00,49.7,49.8,198,205
2024-06-08 15:02:00,49.8,49.8,201,209
2024-06-08 15:04:00,49.6,49.6,199,209
2024-06-08 15:06:00,50.0,50.0,198,200
2024-06-08 15:08:00,49.8,49.8,200,207
2024-06-08 15:10:00,49.5,49.6,199,201
2024-06-08 15:12:00,49.5,49.5,199,200
2024-06-08 15:14:00,49.8,49.8,197,199
2024-06-08 15:16:00,49.7,49.7,202,207
2024-06-08 15:18:00,49.9,49.9,201,207
2024-06-08 15:20:00,49.7,49.7,198,204
2024-06-08 15:22:00,50.0,50.0,202,205
2024-06-08 15:24:00,49.5,49.5,201,207
2024-06-08 15:26:00,49.5,49.5,199,203
2024-06-08 15:28:00,49.6,49.6,199,200
2024-06-08 15:30:00,49.6,49.7,203,208
2024-06-08 15:32:00,49.8,49.8,200,204
2024-06-08 15:34:00,49.7,49.7,201,203
2024-06-08 15:36:00,49.4,49.4,202,206
2024-06-08 15:38:00,49.5,49.5,201,204
2024-06-08 15:40:00,49.4,49.4,199,202
2024-06-08 15:42:00,49.6,49.6,201,204
2024-06-08 15:44:00,50.6,50.6,199,209
2024-06-08 15:46:00,50.0,50.0,200,209
2024-06-08 15:48:00,50.2,50.2,198,211
2024-06-08 15:50:00,50.4,50.3,202,210
2024-06-08 15:52:00,50.4,50.4,198,204
2024-06-08 15:54:00,50.1,50.2,199,209
2024-06-08 15:56:00,50.2,50.2,196,204
2024-06-08 15:58:00,50.1,50.0,198,209
2024-06-08 16:00:00,50.0,50.1,200,212
2024-06-08 16:02:00,49.7,49.7,197,197
2024-06-08 16:04:00,49.5,49.5,198,200
2024-06-08 16:06:00,49.6,49.7,198,201
2024-06-08 16:08:00,49.3,49.3,199,204
2024-06-08 16:10:00,49.7,49.7,199,203
2024-06-08 16:12:00,49.2,49.2,194,199
2024-06-08 16:14:00,49.5,49.5,201,202
2024-06-08 16:16:00,49.7,49.7,196,202
2024-06-08 16:18:00,49.4,49.4,200,200
2024-06-08 16:20:00,49.4,49.4,195,197
2024-06-08 16:22:00,49.5,49.5,198,199
2024-06-08 16:24:00,49.8,49.8,197,197
2024-06-08 16:26:00,49.1,49.1,195,190
2024-06-08 16:28:00,49.8,49.7,200,197
2024-06-08 16:30:00,49.4,49.4,199,190
2024-06-08 16:32:00,49.5,49.3,194,191
2024-06-08 16:34:00,49.7,49.8,199,194
2024-06-08 16:36:00,49.4,49.5,197,190
2024-06-08 16:38:00,49.4,49.3,194,184
2024-06-08 16:40:00,49.3,49.2,196,190
2024-06-08 16:42:00,49.3,49.3,195,189
2024-06-08 16:44:00,49.4,49.4,196,186
2024-06-08 16:46:00,49.5,49.5,197,191
2024-06-08 16:48:00,49.5,49.4,197,192
2024-06-08 16:50:00,49.4,49.5,196,185
2024-06-08 16:52:00,49.6,49.6,199,193
2024-06-08 16:54:00,49.4,49.3,197,193
2024-06-08 16:56:00,49.3,49.3,198,192
2024-06-08 16:58:00,49.6,49.6,199,197
2024-06-08 17:00:00,49.4,49.4,200,193
2024-06-08 17:02:00,49.7,49.7,196,193
2024-06-08 17:04:00,49.3,49.3,197,189
2024-06-08 17:06:00,49.2,49.3,197,188
2024-06-08 17:08:00,49.4,49.4,199,188
2024-06-08 17:10:00,49.2,49.3,195,187
2024-06-08 17:12:00,49.6,49.7,199,187
2024-06-08 17:14:00,49.3,49.2,196,182
2024-06-08 17:16:00,49.5,49.4,196,185
2024-06-08 17:18:00,49.5,49.5,196,185
2024-06-08 17:20:00,49.7,49.8,195,186
2024-06-08 17:22:00,49.2,49.3,197,190
2024-06-08 17:24:00,49.3,49.5,197,185
2024-06-08 17:26:00,49.0,49.1,196,190
2024-06-08 17:28:00,49.7,49.7,197,189
2024-06-08 17:30:00,49.5,49.4,195,192
2024-06-08 17:32:00,49.3,49.2,198,192
2024-06-08 17:34:00,49.5,49.6,197,188
2024-06-08 17:36:00,49.6,49.6,197,190
2024-06-08 17:38:00,49.6,49.6,192,181
2024-06-08 17:40:00,49.3,49.4,198,187
2024-06-08 17:42:00,49.5,49.5,196,184
2024-06-08 17:44:00,49.6,49.5,196,188
2024-06-08 17:46:00,49.5,49.5,195,185
2024-06-08 17:48:00,49.5,49.5,199,189
2024-06-08 17:50:00,49.5,49.5,198,189
2024-06-08 17:52:00,49.4,49.3,197,189
2024-06-08 17:54:00,49.5,49.5,196,192
2024-06-08 17:56:00,49.3,49.3,197,192
2024-06-08 17:58:00,49.4,49.5,197,192
2024-06-08 18:00:00,49.3,49.3,195,190
2024-06-08 18:02:00,49.3,49.4,195,194
2024-06-08 18:04:00,49.4,49.3,195,190
2024-06-08 18:06:00,49.5,49.7,194,188
2024-06-08 18:08:00,49.3,49.3,197,187
2024-06-08 18:10:00,49.6,49.5,196,187
2024-06-08 18:12:00,49.2,49.2,195,185
2024-06-08 18:14:00,49.0,49.0,194,185
2024-06-08 18:16:00,49.3,49.3,197,187
2024-06-08 18:18:00,49.0,49.0,194,185
2024-06-08 18:20:00,49.1,49.1,193,181
2024-06-08 18:22:00,49.1,49.1,193,181
2024-06-08 18:24:00,48.8,48.8,198,179
2024-06-08 18:26:00,49.3,49.3,195,185
2024-06-08 18:28:00,49.1,49.1,193,182
2024-06-08 18:30:00,49.1,49.1,197,185
2024-06-08 18:32:00,48.9,48.8,199,190
2024-06-08 18:34:00,49.1,49.2,199,190
2024-06-08 18:36:00,49.0,48.9,195,185
2024-06-08 18:38:00,49.0,49.0,194,185
2024-06-08 18:40:00,49.3,49.2,196,187
2024-06-08 18:42:00,48.8,48.8,194,185
2024-06-08 18:44:00,49.0,49.0,194,185
2024-06-08 18:46:00,48.9,48.9,193,184
2024-06-08 18:48:00,48.8,48.8,196,188
2024-06-08 18:50:00,49.0,49.0,194,188
2024-06-08 18:52:00,48.8,48.8,193,188
2024-06-08 18:54:00,49.0,49.0,195,190
2024-06-08 18:56:00,48.8,48.9,196,192
2024-06-08 18:58:00,49.0,49.0,197,190
2024-06-08 19:00:00,49.0,49.0,194,187
2024-06-08 19:02:00,48.8,48.9,197,183
2024-06-08 19:04:00,49.2,49.2,197,187
2024-06-08 19:06:00,48.9,48.9,193,188
2024-06-08 19:08:00,49.3,49.4,197,187
2024-06-08 19:10:00,48.8,48.8,196,183
2024-06-08 19:12:00,49.0,49.0,195,185
2024-06-08 19:14:00,49.2,49.2,197,187
2024-06-08 19:16:00,49.1,49.0,197,190
2024-06-08 19:18:00,48.9,49.0,197,182
2024-06-08 19:20:00,48.9,49.0,195,185
2024-06-08 19:22:00,49.0,49.0,197,191
2024-06-08 19:24:00,48.9,49.0,197,189
2024-06-08 19:26:00,49.2,49.2,195,186
2024-06-08 19:28:00,48.8,48.8,195,187
2024-06-08 19:30:00,48.9,48.9,198,189
2024-06-08 19:32:00,48.9,48.9,203,192
2024-06-08 19:34:00,48.9,48.9,205,194
2024-06-08 19:36:00,48.9,49.0,200,190
2024-06-08 19:38:00,48.7,48.7,198,188
2024-06-08 19:40:00,49.0,49.0,202,192
2024-06-08 19:42:00,49.4,49.4,202,191
2024-06-08 19:44:00,48.8,48.8,202,192
2024-06-08 19:46:00,49.4,49.4,207,195
2024-06-08 19:48:00,49.3,49.2,207,195
2024-06-08 19:50:00,49.0,49.1,199,190
2024-06-08 19:52:00,49.2,49.3,201,192
2024-06-08 19:54:00,49.3,49.3,206,195
2024-06-08 19:56:00,49.1,49.1,202,192
2024-06-08 19:58:00,6579,5556,0,0
2024-06-08 20:00:00,4926,4367,0,0
2024-06-08 20:02:00,6536,3937,0,0
2024-06-08 20:04:00,3937,2075,0,0
2024-06-08 20:06:00,49.9,49.8,231,236
2024-06-08 20:08:00,50.4,50.3,223,236
2024-06-08 20:10:00,51.0,51.0,226,239
2024-06-08 20:12:00,51.4,51.3,226,238
2024-06-08 20:14:00,51.2,51.2,227,239
2024-06-08 20:16:00,52.5,52.5,223,237
2024-06-08 20:18:00,52.5,52.5,226,239
2024-06-08 20:20:00,52.3,52.4,226,238
2024-06-08 20:22:00,52.0,51.9,222,236
2024-06-08 20:24:00,51.1,51.1,219,234
2024-06-08 20:26:00,51.3,51.3,216,232
2024-06-08 20:28:00,51.2,51.3,218,233
2024-06-08 20:30:00,51.9,51.8,226,236
2024-06-08 20:32:00,52.5,52.4,227,238
2024-06-08 20:34:00,52.6,52.5,225,239
2024-06-08 20:36:00,51.7,51.8,226,240
2024-06-08 20:38:00,51.4,51.4,225,239
2024-06-08 20:40:00,51.8,51.8,226,239
2024-06-08 20:42:00,52.4,52.4,225,240
2024-06-08 20:44:00,52.6,52.5,224,240
2024-06-08 20:46:00,52.7,52.6,224,240
2024-06-08 20:48:00,52.5,52.6,223,238
2024-06-08 20:50:00,51.6,51.6,225,239
2024-06-08 20:52:00,52.4,52.4,226,240
2024-06-08 20:54:00,52.4,52.6,224,241
2024-06-08 20:56:00,52.2,52.2,225,240
2024-06-08 20:58:00,53.3,53.4,224,240
2024-06-08 21:00:00,52.4,52.5,223,238
2024-06-08 21:02:00,52.9,52.9,225,240
2024-06-08 21:04:00,53.2,53.2,225,240
2024-06-08 21:06:00,52.8,52.6,224,238
2024-06-08 21:08:00,52.2,52.1,224,237
2024-06-08 21:10:00,51.9,52.0,223,237
2024-06-08 21:12:00,51.8,51.9,223,236
2024-06-08 21:14:00,52.3,52.3,227,238
2024-06-08 21:16:00,52.6,52.7,228,243
2024-06-08 21:18:00,52.7,52.6,224,239
2024-06-08 21:20:00,52.2,52.1,226,240
2024-06-08 21:22:00,51.4,51.4,224,239
2024-06-08 21:24:00,51.5,51.6,226,240
2024-06-08 21:26:00,51.2,51.1,228,243
2024-06-08 21:28:00,51.5,51.5,228,242
2024-06-08 21:30:00,50.4,50.6,228,243
2024-06-08 21:32:00,50.8,50.8,227,242
2024-06-08 21:34:00,49.5,49.5,199,204
2024-06-08 21:36:00,49.3,49.4,197,203
2024-06-08 21:38:00,49.7,49.8,196,203
2024-06-08 21:40:00,49.3,49.4,196,197
2024-06-08 21:42:00,49.5,49.5,197,199
2024-06-08 21:44:00,49.7,49.7,197,199
2024-06-08 21:46:00,49.7,49.8,200,202
2024-06-08 21:48:00,49.6,49.7,196,202
2024-06-08 21:50:00,49.9,49.9,197,202
2024-06-08 21:52:00,49.5,49.5,199,204
2024-06-08 21:54:00,49.7,49.7,196,203
2024-06-08 21:56:00,49.5,49.5,195,201
2024-06-08 21:58:00,49.5,49.6,197,202
2024-06-08 22:00:00,49.8,49.8,199,203
2024-06-08 22:02:00,49.9,49.9,202,207
2024-06-08 22:04:00,49.8,49.7,199,209
2024-06-08 22:06:00,49.6,49.6,194,202
2024-06-08 22:08:00,49.7,49.7,195,203
2024-06-08 22:10:00,49.6,49.5,199,207
2024-06-08 22:12:00,49.9,49.9,199,207
2024-06-08 22:14:00,49.5,48.4,197,205
2024-06-08 22:16:00,49.5,49.4,197,204
2024-06-08 22:18:00,49.9,49.9,200,208
2024-06-08 22:20:00,49.6,49.5,198,205
2024-06-08 22:22:00,49.7,49.7,197,206
2024-06-08 22:24:00,49.8,49.7,198,207
2024-06-08 22:26:00,49.5,49.6,198,205
2024-06-08 22:28:00,49.9,49.9,202,211
2024-06-08 22:30:00,49.9,49.9,202,211
2024-06-08 22:32:00,49.6,49.6,199,209
2024-06-08 22:34:00,49.6,49.5,200,209
2024-06-08 22:36:00,50.0,50.0,202,211
2024-06-08 22:38:00,49.7,49.7,199,209
2024-06-08 22:40:00,49.8,49.9,199,209
2024-06-08 22:42:00,49.8,49.8,202,211
2024-06-08 22:44:00,49.9,49.8,203,211
2024-06-08 22:46:00,49.8,49.9,202,211
2024-06-08 22:48:00,49.8,49.8,202,211
2024-06-08 22:50:00,49.8,49.7,203,211
2024-06-08 22:52:00,49.8,49.8,197,211
2024-06-08 22:54:00,49.7,49.8,197,211
2024-06-08 22:56:00,49.8,49.8,198,211
2024-06-08 22:58:00,50.2,50.3,204,214
2024-06-08 23:00:00,49.9,49.9,202,213
2024-06-08 23:02:00,49.9,49.9,203,214
2024-06-08 23:04:00,49.9,49.9,203,214
2024-06-08 23:06:00,49.9,49.8,202,214
2024-06-08 23:08:00,50.0,50.0,202,214
2024-06-08 23:10:00,50.1,50.1,201,214
2024-06-08 23:12:00,49.8,49.9,202,214
2024-06-08 23:14:00,49.8,49.8,202,214
2024-06-08 23:16:00,50.0,50.0,201,214
2024-06-08 23:18:00,49.9,49.9,200,213
2024-06-08 23:20:00,49.9,49.9,204,215
2024-06-08 23:22:00,50.0,50.0,204,216
2024-06-08 23:24:00,49.8,49.8,202,214
2024-06-08 23:26:00,50.1,50.2,203,216
2024-06-08 23:28:00,49.8,49.8,204,216
2024-06-08 23:30:00,49.8,49.8,205,219
2024-06-08 23:32:00,50.0,50.0,204,217
2024-06-08 23:34:00,50.2,50.1,205,219
2024-06-08 23:36:00,50.2,50.1,205,219
2024-06-08 23:38:00,50.2,50.3,202,217
2024-06-08 23:40:00,50.2,50.2,203,218
2024-06-08 23:42:00,49.9,49.9,204,217
2024-06-08 23:44:00,49.9,50.0,205,219
2024-06-08 23:46:00,49.8,49.8,204,218
2024-06-08 23:48:00,50.2,50.1,203,218
2024-06-08 23:50:00,50.2,50.1,206,220
2024-06-08 23:52:00,49.9,49.9,204,218
2024-06-08 23:54:00,50.0,50.0,203,218
2024-06-08 23:56:00,50.1,50.1,205,219
2024-06-08 23:58:00,49.9,49.9,206,220
2024-06-09 00:00:00,50.1,50.0,204,219
2024-06-09 00:02:00,50.2,50.2,206,220
2024-06-09 00:04:00,50.2,50.2,206,220
2024-06-09 00:06:00,50.1,50.2,207,221
2024-06-09 00:08:00,49.9,49.9,205,221
2024-06-09 00:10:00,50.1,50.1,207,222
2024-06-09 00:12:00,50.2,50.2,207,222
2024-06-09 00:14:00,50.3,50.3,206,221
2024-06-09 00:16:00,49.6,49.6,203,219
2024-06-09 00:18:00,49.7,49.7,207,222
2024-06-09 00:20:00,49.7,49.6,207,222
2024-06-09 00:22:00,49.8,49.8,207,223
2024-06-09 00:24:00,49.8,49.8,207,223
2024-06-09 00:26:00,49.7,49.6,207,222
2024-06-09 00:28:00,49.8,49.8,207,223
2024-06-09 00:30:00,49.8,49.8,206,222
2024-06-09 00:32:00,49.6,49.6,205,221
2024-06-09 00:34:00,49.6,49.6,207,222
2024-06-09 00:36:00,49.5,49.5,206,221
2024-06-09 00:38:00,49.3,49.3,204,219
2024-06-09 00:40:00,49.8,49.8,209,223
2024-06-09 00:42:00,49.8,49.7,207,223
2024-06-09 00:44:00,49.8,49.8,206,222
2024-06-09 00:46:00,50.0,50.0,208,223
2024-06-09 00:48:00,49.8,49.7,209,224
2024-06-09 00:50:00,49.5,49.6,207,222
2024-06-09 00:52:00,49.8,49.7,207,223
2024-06-09 00:54:00,49.8,49.7,207,223
2024-06-09 00:56:00,49.8,49.8,209,223
2024-06-09 00:58:00,49.6,49.7,211,226
2024-06-09 01:00:00,49.5,49.5,207,223
2024-06-09 01:02:00,49.9,49.9,209,225
2024-06-09 01:04:00,49.8,49.9,209,225
2024-06-09 01:06:00,49.5,49.5,205,221
2024-06-09 01:08:00,49.9,49.9,208,224
2024-06-09 01:10:00,49.9,49.9,209,225
2024-06-09 01:12:00,49.8,49.8,209,225
2024-06-09 01:14:00,49.7,49.7,207,223
2024-06-09 01:16:00,49.7,49.7,207,223
2024-06-09 01:18:00,49.7,49.8,207,223
2024-06-09 01:20:00,50.1,50.1,210,226
2024-06-09 01:22:00,49.6,49.6,207,223
2024-06-09 01:24:00,49.8,49.7,207,223
2024-06-09 01:26:00,49.8,49.8,209,224
2024-06-09 01:28:00,49.7,49.7,209,223
2024-06-09 01:30:00,49.7,49.7,207,223
2024-06-09 01:32:00,49.8,49.8,209,223
2024-06-09 01:34:00,49.8,49.8,209,224
2024-06-09 01:36:00,49.8,49.8,208,224
2024-06-09 01:38:00,49.8,49.8,209,225
2024-06-09 01:40:00,49.7,49.7,209,225
2024-06-09 01:42:00,50.0,50.0,211,226
2024-06-09 01:44:00,49.7,49.6,209,226
2024-06-09 01:46:00,49.8,49.9,209,226
2024-06-09 01:48:00,49.9,49.9,209,225
2024-06-09 01:50:00,49.6,49.7,211,227
2024-06-09 01:52:00,50.1,50.1,209,226
2024-06-09 01:54:00,50.0,50.0,211,227
2024-06-09 01:56:00,49.6,49.6,209,226
2024-06-09 01:58:00,50.1,50.0,209,226
2024-06-09 02:00:00,49.9,49.9,209,226
2024-06-09 02:02:00,49.6,49.7,211,226
2024-06-09 02:04:00,50.0,50.0,211,227
2024-06-09 02:06:00,49.8,49.8,209,226
2024-06-09 02:08:00,49.9,49.9,209,226
2024-06-09 02:10:00,49.9,49.9,211,227
2024-06-09 02:12:00,49.7,49.7,210,226
2024-06-09 02:14:00,49.9,50.0,209,226
2024-06-09 02:16:00,50.1,50.1,211,228
2024-06-09 02:18:00,49.9,49.9,211,227
2024-06-09 02:20:00,50.1,50.1,210,227
2024-06-09 02:22:00,49.8,49.8,210,226
2024-06-09 02:24:00,49.8,49.7,211,226
2024-06-09 02:26:00,50.0,49.9,211,228
2024-06-09 02:28:00,49.8,49.8,209,225
2024-06-09 02:30:00,49.7,49.7,208,224
2024-06-09 02:32:00,49.9,49.9,211,227
2024-06-09 02:34:00,49.9,49.9,210,226
2024-06-09 02:36:00,50.1,50.0,210,226
2024-06-09 02:38:00,50.0,49.9,211,226
2024-06-09 02:40:00,49.7,49.7,211,226
2024-06-09 02:42:00,50.2,50.1,213,228
2024-06-09 02:44:00,49.6,49.7,210,226
2024-06-09 02:46:00,49.8,49.9,212,228
2024-06-09 02:48:00,49.9,50.0,212,228
2024-06-09 02:50:00,49.7,49.7,209,226
2024-06-09 02:52:00,50.2,50.1,210,226
2024-06-09 02:54:00,49.6,49.6,211,226
2024-06-09 02:56:00,49.8,49.8,211,226
2024-06-09 02:58:00,49.9,49.9,210,226
2024-06-09 03:00:00,49.9,49.8,209,226
2024-06-09 03:02:00,50.0,50.0,210,226
2024-06-09 03:04:00,49.7,49.6,211,226
2024-06-09 03:06:00,49.5,49.5,209,226
2024-06-09 03:08:00,49.8,49.9,211,227
2024-06-09 03:10:00,49.8,49.9,211,228
2024-06-09 03:12:00,50.0,50.0,210,227
2024-06-09 03:14:00,49.7,49.7,210,228
2024-06-09 03:16:00,49.7,49.7,212,228
2024-06-09 03:18:00,50.0,50.0,213,229
2024-06-09 03:20:00,49.7,49.9,210,225
2024-06-09 03:22:00,50.0,50.0,209,226
2024-06-09 03:24:00,50.0,50.1,210,227
2024-06-09 03:26:00,49.7,49.8,210,227
2024-06-09 03:28:00,50.0,50.0,211,232
2024-06-09 03:30:00,49.9,49.9,212,229
2024-06-09 03:32:00,49.9,49.9,212,228
2024-06-09 03:34:00,50.0,50.0,212,229
2024-06-09 03:36:00,49.7,49.8,209,227
2024-06-09 03:38:00,50.0,50.0,211,228
2024-06-09 03:40:00,49.9,49.9,211,228
2024-06-09 03:42:00,49.9,49.8,211,229
2024-06-09 03:44:00,49.9,49.9,211,229
2024-06-09 03:46:00,49.7,49.7,211,228
2024-06-09 03:48:00,49.7,49.7,211,228
2024-06-09 03:50:00,49.8,49.8,211,228
2024-06-09 03:52:00,49.6,49.7,211,228
2024-06-09 03:54:00,50.0,50.1,212,230
2024-06-09 03:56:00,49.8,49.8,209,229
2024-06-09 03:58:00,49.5,49.5,208,226
2024-06-09 04:00:00,50.2,50.1,210,228
2024-06-09 04:02:00,49.9,49.8,210,228
2024-06-09 04:04:00,50.0,49.9,209,226
2024-06-09 04:06:00,49.9,49.8,209,227
2024-06-09 04:08:00,49.8,49.8,210,228
2024-06-09 04:10:00,50.2,50.2,210,227
2024-06-09 04:12:00,49.8,49.9,209,227
2024-06-09 04:14:00,49.6,49.6,209,224
2024-06-09 04:16:00,49.9,50.0,211,226
2024-06-09 04:18:00,50.1,50.0,211,227
2024-06-09 04:20:00,50.0,50.0,211,227
2024-06-09 04:22:00,50.2,50.2,214,228
2024-06-09 04:24:00,49.7,49.7,212,228
2024-06-09 04:26:00,49.8,49.8,211,227
2024-06-09 04:28:00,49.8,49.8,209,226
2024-06-09 04:30:00,49.8,49.8,209,226
2024-06-09 04:32:00,50.1,50.1,211,228
2024-06-09 04:34:00,49.8,49.9,210,227
2024-06-09 04:36:00,49.8,49.8,211,228
2024-06-09 04:38:00,50.0,49.9,213,229
2024-06-09 04:40:00,49.6,49.6,213,230
2024-06-09 04:42:00,49.9,49.8,211,228
2024-06-09 04:44:00,50.0,50.0,214,230
2024-06-09 04:46:00,49.8,49.8,211,228
2024-06-09 04:48:00,49.9,49.9,211,228
2024-06-09 04:50:00,49.9,49.9,212,230
2024-06-09 04:52:00,49.7,49.7,213,229
2024-06-09 04:54:00,50.0,50.1,214,231
2024-06-09 04:56:00,49.8,49.8,212,230
2024-06-09 04:58:00,49.8,49.9,212,229
2024-06-09 05:00:00,49.9,49.8,214,230
2024-06-09 05:02:00,49.7,49.7,212,229
2024-06-09 05:04:00,49.7,49.8,213,231
2024-06-09 05:06:00,50.0,49.9,215,231
2024-06-09 05:08:00,49.6,49.6,213,231
2024-06-09 05:10:00,50.1,50.0,211,230
2024-06-09 05:12:00,49.9,49.9,211,229
2024-06-09 05:14:00,49.9,49.8,213,230
2024-06-09 05:16:00,50.2,50.2,213,232
2024-06-09 05:18:00,49.6,49.6,211,231
2024-06-09 05:20:00,49.6,49.6,211,231
2024-06-09 05:22:00,50.0,50.0,212,231
2024-06-09 05:24:00,49.6,49.6,210,231
2024-06-09 05:26:00,50.0,50.0,210,231
2024-06-09 05:28:00,50.0,50,213,233
2024-06-09 05:30:00,49.7,49.7,210,229
2024-06-09 05:32:00,49.9,49.9,209,230
2024-06-09 05:34:00,49.5,49.4,208,222
2024-06-09 05:36:00,49.6,49.6,210,222
2024-06-09 05:38:00,49.9,50.0,212,226
2024-06-09 05:40:00,49.8,49.8,213,228
2024-06-09 05:42:00,49.9,49.9,212,233
2024-06-09 05:44:00,50.2,50.2,211,229
2024-06-09 05:46:00,49.4,49.5,209,227
2024-06-09 05:48:00,49.4,49.4,209,227
2024-06-09 05:50:00,49.5,49.5,210,226
2024-06-09 05:52:00,49.5,49.5,210,226
2024-06-09 05:54:00,49.7,49.7,208,226
2024-06-09 05:56:00,49.5,49.5,208,225
2024-06-09 05:58:00,49.6,49.6,209,226
2024-06-09 06:00:00,49.8,49.8,209,226
2024-06-09 06:02:00,49.3,49.3,206,222
2024-06-09 06:04:00,49.6,49.7,204,221
2024-06-09 06:06:00,49.7,49.6,205,223
2024-06-09 06:08:00,49.4,49.5,204,227
2024-06-09 06:10:00,49.6,49.6,204,221
2024-06-09 06:12:00,49.5,49.5,211,226
2024-06-09 06:14:00,49.6,49.5,211,229
2024-06-09 06:16:00,49.7,49.7,207,228
2024-06-09 06:18:00,49.5,49.5,210,231
2024-06-09 06:20:00,49.7,49.6,210,230
2024-06-09 06:22:00,49.7,49.7,211,234
2024-06-09 06:24:00,49.5,50.0,207,231
2024-06-09 06:26:00,49.5,49.5,209,230
2024-06-09 06:28:00,49.5,49.5,210,233
2024-06-09 06:30:00,49.4,49.4,207,229
2024-06-09 06:32:00,49.3,48.4,208,233
2024-06-09 06:34:00,49.5,49.5,209,234
2024-06-09 06:36:00,49.4,49.3,207,229
2024-06-09 06:38:00,49.4,49.4,207,232
2024-06-09 06:40:00,49.4,48.4,210,231
2024-06-09 06:42:00,49.5,49.4,208,228
2024-06-09 06:44:00,49.4,49.3,212,229
2024-06-09 06:46:00,49.1,49.1,209,228
2024-06-09 06:48:00,49.6,49.6,206,223
2024-06-09 06:50:00,49.4,49.4,207,228
2024-06-09 06:52:00,49.4,49.4,205,222
2024-06-09 06:54:00,49.3,49.4,209,222
2024-06-09 06:56:00,49.7,49.7,209,222
2024-06-09 06:58:00,49.3,49.3,204,211
2024-06-09 07:00:00,49.1,49.1,208,222
2024-06-09 07:02:00,49.2,49.2,205,212
2024-06-09 07:04:00,49.5,49.5,207,218
2024-06-09 07:06:00,49.5,49.5,208,222
2024-06-09 07:08:00,49.1,49.1,208,219
2024-06-09 07:10:00,49.4,49.5,204,217
2024-06-09 07:12:00,49.4,49.4,206,220
2024-06-09 07:14:00,49.0,49.0,204,213
2024-06-09 07:16:00,49.4,49.4,205,216
2024-06-09 07:18:00,49.2,49.1,208,216
2024-06-09 07:20:00,49.0,49.0,207,220
2024-06-09 07:22:00,49.3,49.3,208,222
2024-06-09 07:24:00,49.3,49.3,203,219
2024-06-09 07:26:00,49.2,49.2,209,223
2024-06-09 07:28:00,49.5,49.5,209,224
2024-06-09 07:30:00,49.4,49.4,209,222
2024-06-09 07:32:00,49.1,49.1,207,218
2024-06-09 07:34:00,49.0,49.0,206,217
2024-06-09 07:36:00,49.2,49.2,204,220
2024-06-09 07:38:00,49.3,49.3,207,221
2024-06-09 07:40:00,49.1,49.0,204,216
2024-06-09 07:42:00,48.9,48.9,208,220
2024-06-09 07:44:00,49.1,49.2,207,222
2024-06-09 07:46:00,49.2,49.2,204,219
2024-06-09 07:48:00,49.1,49.0,205,221
2024-06-09 07:50:00,49.1,49.1,203,223
2024-06-09 07:52:00,49.2,49.2,202,218
2024-06-09 07:54:00,48.9,48.9,209,220
2024-06-09 07:56:00,49.2,49.2,205,215
2024-06-09 07:58:00,48.9,49.0,204,219
2024-06-09 08:00:00,7874,6536,0,0
2024-06-09 08:02:00,2801,6536,0,0
2024-06-09 08:04:00,4926,3257,0,0
2024-06-09 08:06:00,50.5,50.6,221,231
2024-06-09 08:08:00,50.8,50.6,219,229
2024-06-09 08:10:00,51.0,51.1,223,234
2024-06-09 08:12:00,50.9,51.1,226,236
2024-06-09 08:14:00,51.0,51.0,225,236
2024-06-09 08:16:00,50.4,50.5,225,238
2024-06-09 08:18:00,50.5,50.3,223,238
2024-06-09 08:20:00,50.5,50.5,219,236
2024-06-09 08:22:00,50.5,50.5,219,236
2024-06-09 08:24:00,50.6,50.6,225,237
2024-06-09 08:26:00,50.8,50.8,221,234
2024-06-09 08:28:00,50.9,50.9,225,236
2024-06-09 08:30:00,50.6,50.7,221,234
2024-06-09 08:32:00,50.5,50.5,219,233
2024-06-09 08:34:00,50.7,50.6,223,235
2024-06-09 08:36:00,50.8,50.9,224,237
2024-06-09 08:38:00,50.7,50.9,223,238
2024-06-09 08:40:00,50.4,50.4,219,232
2024-06-09 08:42:00,50.3,50.3,219,229
2024-06-09 08:44:00,50.6,50.6,223,233
2024-06-09 08:46:00,50.6,50.7,222,234
2024-06-09 08:48:00,50.8,50.7,223,235
2024-06-09 08:50:00,50.9,51.0,226,239
2024-06-09 08:52:00,51.1,51.1,223,236
2024-06-09 08:54:00,50.9,51.0,224,238
2024-06-09 08:56:00,50.7,50.7,223,236
2024-06-09 08:58:00,50.7,50.7,222,234
2024-06-09 09:00:00,50.8,50.9,223,238
2024-06-09 09:02:00,50.6,50.8,221,235
2024-06-09 09:04:00,51.0,50.9,224,238
2024-06-09 09:06:00,50.8,50.8,221,235
2024-06-09 09:08:00,51.0,51.1,224,238
2024-06-09 09:10:00,51.1,51.1,227,240
2024-06-09 09:12:00,51.0,51.1,224,238
2024-06-09 09:14:00,50.9,51.0,221,236
2024-06-09 09:16:00,51.1,51.1,223,238
2024-06-09 09:18:00,50.8,50.9,222,234
2024-06-09 09:20:00,50.7,50.6,220,234
2024-06-09 09:22:00,50.7,50.8,219,233
2024-06-09 09:24:00,51.1,51.0,222,236
2024-06-09 09:26:00,50.8,50.8,221,235
2024-06-09 09:28:00,51.1,51.0,223,238
2024-06-09 09:30:00,50.9,50.9,221,236
2024-06-09 09:32:00,51.1,52.3,222,236
2024-06-09 09:34:00,50.8,50.9,221,235
2024-06-09 09:36:00,50.9,50.8,219,235
2024-06-09 09:38:00,50.8,50.7,216,229
2024-06-09 09:40:00,50.9,50.9,221,234
2024-06-09 09:42:00,50.8,50.7,220,236
2024-06-09 09:44:00,50.9,50.8,219,236
2024-06-09 09:46:00,51.0,51.0,223,238
2024-06-09 09:48:00,51.1,51.1,223,238
2024-06-09 09:50:00,50.9,50.9,221,237
2024-06-09 09:52:00,51.1,51.1,219,235
2024-06-09 09:54:00,51.2,51.1,222,237
2024-06-09 09:56:00,51.2,51.1,221,236
2024-06-09 09:58:00,51.0,49.8,218,207
2024-06-09 10:00:00,49.8,49.8,202,211
2024-06-09 10:02:00,49.6,49.6,203,214
2024-06-09 10:04:00,49.6,50.0,202,212
2024-06-09 10:06:00,49.7,49.6,203,212
2024-06-09 10:08:00,49.7,49.8,200,212
2024-06-09 10:10:00,49.5,49.5,203,216
2024-06-09 10:12:00,49.7,49.7,202,211
2024-06-09 10:14:00,49.7,49.8,199,210
2024-06-09 10:16:00,49.7,49.7,202,212
2024-06-09 10:18:00,49.7,49.7,201,209
2024-06-09 10:20:00,49.5,49.6,202,209
2024-06-09 10:22:00,49.6,49.6,200,207
2024-06-09 10:24:00,50.0,50.1,200,206
2024-06-09 10:26:00,49.7,49.7,199,208
2024-06-09 10:28:00,49.7,49.7,197,207
2024-06-09 10:30:00,49.6,49.6,200,209
2024-06-09 10:32:00,49.8,49.8,200,210
2024-06-09 10:34:00,49.7,49.6,201,212
2024-06-09 10:36:00,49.7,49.7,201,209
2024-06-09 10:38:00,49.7,49.7,198,203
2024-06-09 10:40:00,49.7,49.7,199,202
2024-06-09 10:42:00,49.6,49.7,202,203
2024-06-09 10:44:00,49.7,49.6,199,204
2024-06-09 10:46:00,49.8,49.8,196,202
2024-06-09 10:48:00,49.8,49.7,198,204
2024-06-09 10:50:00,49.7,49.7,201,208
2024-06-09 10:52:00,49.5,49.5,198,204
2024-06-09 10:54:00,49.8,49.8,199,206
2024-06-09 10:56:00,49.7,49.6,197,207
2024-06-09 10:58:00,49.9,49.9,198,206
2024-06-09 11:00:00,49.7,49.6,199,208
2024-06-09 11:02:00,49.8,49.9,200,211
2024-06-09 11:04:00,49.5,49.4,201,209
2024-06-09 11:06:00,50.0,50.0,196,202
2024-06-09 11:08:00,49.7,49.7,199,206
2024-06-09 11:10:00,49.6,49.7,197,204
2024-06-09 11:12:00,49.7,49.7,198,202
2024-06-09 11:14:00,49.9,49.8,199,204
2024-06-09 11:16:00,49.6,49.6,199,200
2024-06-09 11:18:00,49.6,49.5,197,198
2024-06-09 11:20:00,49.4,49.5,199,204
2024-06-09 11:22:00,49.8,49.8,201,205
2024-06-09 11:24:00,49.8,49.8,199,202
2024-06-09 11:26:00,49.7,49.7,197,204
2024-06-09 11:28:00,49.6,50.0,197,208
2024-06-09 11:30:00,49.7,49.7,202,209
2024-06-09 11:32:00,49.7,49.6,202,211
2024-06-09 11:34:00,49.7,49.7,199,207
2024-06-09 11:36:00,49.8,49.8,199,197
2024-06-09 11:38:00,49.6,49.6,197,197
2024-06-09 11:40:00,49.7,49.8,199,202
2024-06-09 11:42:00,49.7,49.7,198,197
2024-06-09 11:44:00,49.6,49.6,197,194
2024-06-09 11:46:00,49.6,49.6,199,197
2024-06-09 11:48:00,49.7,49.7,199,199
2024-06-09 11:50:00,49.7,49.7,199,197
2024-06-09 11:52:00,49.7,49.7,196,193
2024-06-09 11:54:00,49.7,49.7,199,194
2024-06-09 11:56:00,49.8,49.8,201,202
2024-06-09 11:58:00,49.8,49.7,202,206
2024-06-09 12:00:00,49.8,49.7,203,207
2024-06-09 12:02:00,49.6,49.6,200,204
2024-06-09 12:04:00,49.6,49.6,199,204
2024-06-09 12:06:00,49.7,49.7,202,200
2024-06-09 12:08:00,49.9,49.9,197,199
2024-06-09 12:10:00,49.7,49.6,200,201
2024-06-09 12:12:00,49.8,49.8,197,198
2024-06-09 12:14:00,49.7,49.7,200,199
2024-06-09 12:16:00,50.1,50.0,201,202
2024-06-09 12:18:00,49.8,49.9,200,199
2024-06-09 12:20:00,49.8,49.8,198,198
2024-06-09 12:22:00,49.7,49.7,198,198
2024-06-09 12:24:00,49.7,49.8,201,202
2024-06-09 12:26:00,49.6,49.6,198,198
2024-06-09 12:28:00,50.9,50.8,199,211
2024-06-09 12:30:00,49.8,49.8,200,209
2024-06-09 12:32:00,49.8,49.9,199,204
2024-06-09 12:34:00,50.2,50.2,202,207
2024-06-09 12:36:00,50.2,50.2,199,210
2024-06-09 12:38:00,50.3,50.2,201,215
2024-06-09 12:40:00,50.4,50.3,197,209
2024-06-09 12:42:00,50.1,50.2,202,215
2024-06-09 12:44:00,50.2,50.2,200,214
2024-06-09 12:46:00,50.2,50.2,197,211
2024-06-09 12:48:00,50.1,50.1,200,220
2024-06-09 12:50:00,50.2,50.2,198,214
2024-06-09 12:52:00,50.3,50.3,197,215
2024-06-09 12:54:00,50.2,50.2,194,212
2024-06-09 12:56:00,50.4,50.4,194,213
2024-06-09 12:58:00,50.0,50.0,194,210
2024-06-09 13:00:00,50.3,50.3,194,205
2024-06-09 13:02:00,50.0,50.1,195,211
2024-06-09 13:04:00,50.2,50.2,196,211
2024-06-09 13:06:00,50.4,50.4,199,214
2024-06-09 13:08:00,50.3,50.3,202,218
2024-06-09 13:10:00,50.2,50.2,197,210
2024-06-09 13:12:00,50.3,50.3,202,216
2024-06-09 13:14:00,50.5,50.5,202,216
2024-06-09 13:16:00,50.2,50.3,199,214
2024-06-09 13:18:00,50.2,50.2,199,215
2024-06-09 13:20:00,50.3,50.2,198,214
2024-06-09 13:22:00,50.2,50.2,199,219
2024-06-09 13:24:00,50.2,50.2,200,217
2024-06-09 13:26:00,50.2,50.1,198,212
2024-06-09 13:28:00,49.9,49.8,197,217
2024-06-09 13:30:00,50.0,50.1,200,209
2024-06-09 13:32:00,50.1,50.1,201,210
2024-06-09 13:34:00,50.0,50.0,200,217
2024-06-09 13:36:00,49.9,49.8,197,211
2024-06-09 13:38:00,49.8,49.9,198,211
2024-06-09 13:40:00,50.1,50.1,200,216
2024-06-09 13:42:00,50.0,50.0,197,209
2024-06-09 13:44:00,50.2,50.3,199,210
2024-06-09 13:46:00,50.3,50.3,199,210
2024-06-09 13:48:00,50.3,50.3,200,210
2024-06-09 13:50:00,49.9,49.9,198,208
2024-06-09 13:52:00,49.8,49.9,199,209
2024-06-09 13:54:00,50.2,50.1,198,209
2024-06-09 13:56:00,50.0,50.0,199,209
2024-06-09 13:58:00,49.9,49.8,198,209
2024-06-09 14:00:00,50.2,50.2,199,210
2024-06-09 14:02:00,49.9,49.9,199,213
2024-06-09 14:04:00,50.0,50.0,200,212
2024-06-09 14:06:00,50.0,50.0,199,214
2024-06-09 14:08:00,50.0,49.9,200,221
2024-06-09 14:10:00,49.7,49.7,199,212
2024-06-09 14:12:00,49.9,49.9,199,214
2024-06-09 14:14:00,49.9,49.9,198,210
2024-06-09 14:16:00,49.9,49.9,199,213
2024-06-09 14:18:00,49.9,49.8,200,209
2024-06-09 14:20:00,49.6,49.6,199,209
2024-06-09 14:22:00,49.9,49.9,199,212
2024-06-09 14:24:00,49.9,49.9,197,209
2024-06-09 14:26:00,49.9,49.9,197,207
2024-06-09 14:28:00,49.9,49.9,198,209
2024-06-09 14:30:00,49.8,49.8,199,211
2024-06-09 14:32:00,50.0,49.9,199,210
2024-06-09 14:34:00,49.9,49.9,198,209
2024-06-09 14:36:00,50.0,50.1,199,210
2024-06-09 14:38:00,50,50.0,200,211
2024-06-09 14:40:00,50.0,50.0,201,214
2024-06-09 14:42:00,49.7,49.7,199,209
2024-06-09 14:44:00,49.7,49.7,199,204
2024-06-09 14:46:00,49.6,49.7,198,208
2024-06-09 14:48:00,49.7,49.7,199,202
2024-06-09 14:50:00,49.7,49.7,197,204
2024-06-09 14:52:00,49.6,49.6,202,218
2024-06-09 14:54:00,49.6,48.6,197,204
2024-06-09 14:56:00,49.7,50.0,200,207
2024-06-09 14:58:00,49.5,49.6,199,204
2024-06-09 15:00:00,49.5,49.5,199,204
2024-06-09 15:02:00,49.6,49.6,197,206
2024-06-09 15:04:00,49.6,49.6,199,206
2024-06-09 15:06:00,49.9,49.9,199,207
2024-06-09 15:08:00,49.9,49.9,201,211
2024-06-09 15:10:00,49.6,49.7,200,208
2024-06-09 15:12:00,49.5,49.5,197,202
2024-06-09 15:14:00,49.9,49.9,199,207
2024-06-09 15:16:00,49.5,49.5,198,206
2024-06-09 15:18:00,49.7,49.7,197,204
2024-06-09 15:20:00,49.6,49.6,200,209
2024-06-09 15:22:00,49.8,49.7,200,207
2024-06-09 15:24:00,49.7,49.7,199,209
2024-06-09 15:26:00,49.6,49.6,200,207
2024-06-09 15:28:00,49.7,49.7,201,211
2024-06-09 15:30:00,49.7,49.7,201,210
2024-06-09 15:32:00,49.6,49.6,198,207
2024-06-09 15:34:00,49.7,49.7,200,209
2024-06-09 15:36:00,49.8,49.8,200,210
2024-06-09 15:38:00,49.8,49.9,199,209
2024-06-09 15:40:00,49.7,49.8,201,210
2024-06-09 15:42:00,49.7,49.7,198,209
2024-06-09 15:44:00,49.8,49.8,200,211
2024-06-09 15:46:00,49.8,49.8,199,210
2024-06-09 15:48:00,49.9,49.9,199,211
2024-06-09 15:50:00,49.8,49.8,202,216
2024-06-09 15:52:00,49.7,49.7,197,209
2024-06-09 15:54:00,49.9,49.8,202,216
2024-06-09 15:56:00,50.0,49.9,199,209
2024-06-09 15:58:00,49.8,49.7,199,209
2024-06-09 16:00:00,49.8,49.8,198,207
2024-06-09 16:02:00,49.7,49.7,202,220
2024-06-09 16:04:00,49.9,49.9,199,209
2024-06-09 16:06:00,49.8,50.0,197,207
2024-06-09 16:08:00,49.8,49.7,199,215
2024-06-09 16:10:00,49.6,50,199,209
2024-06-09 16:12:00,49.6,49.5,200,209
2024-06-09 16:14:00,50.0,50.0,200,211
2024-06-09 16:16:00,49.6,49.6,199,209
2024-06-09 16:18:00,49.6,49.6,201,211
2024-06-09 16:20:00,49.7,49.7,197,207
2024-06-09 16:22:00,49.7,49.7,197,207
2024-06-09 16:24:00,49.8,49.8,199,207
2024-06-09 16:26:00,49.8,49.8,202,207
2024-06-09 16:28:00,49.9,49.8,199,209
2024-06-09 16:30:00,49.8,49.8,200,210
2024-06-09 16:32:00,49.9,50.0,200,208
2024-06-09 16:34:00,49.6,49.7,201,210
2024-06-09 16:36:00,49.8,49.8,202,212
2024-06-09 16:38:00,49.9,49.9,199,208
2024-06-09 16:40:00,49.8,49.7,199,208
2024-06-09 16:42:00,50.0,50.0,199,211
2024-06-09 16:44:00,49.9,49.8,197,209
2024-06-09 16:46:00,49.7,49.7,199,209
2024-06-09 16:48:00,49.7,49.7,197,207
2024-06-09 16:50:00,49.8,49.8,198,208
2024-06-09 16:52:00,49.8,49.8,202,211
2024-06-09 16:54:00,50.0,50.0,200,209
2024-06-09 16:56:00,49.9,49.9,202,212
2024-06-09 16:58:00,49.9,49.9,202,221
2024-06-09 17:00:00,49.6,49.6,199,210
2024-06-09 17:02:00,49.7,49.6,202,213
2024-06-09 17:04:00,49.8,49.9,199,212
2024-06-09 17:06:00,49.7,49.8,202,213
2024-06-09 17:08:00,49.9,49.8,199,209
2024-06-09 17:10:00,50.0,49.9,199,211
2024-06-09 17:12:00,49.8,49.9,199,209
2024-06-09 17:14:00,49.8,49.9,202,212
2024-06-09 17:16:00,49.7,49.6,200,209
2024-06-09 17:18:00,49.9,49.9,199,209
2024-06-09 17:20:00,49.8,49.7,202,211
2024-06-09 17:22:00,49.8,49.8,198,208
2024-06-09 17:24:00,49.7,49.7,199,208
2024-06-09 17:26:00,49.8,49.8,201,209
2024-06-09 17:28:00,49.8,49.8,202,212
2024-06-09 17:30:00,49.9,49.9,197,207
2024-06-09 17:32:00,49.7,49.7,199,207
2024-06-09 17:34:00,49.8,49.8,200,211
2024-06-09 17:36:00,49.7,49.7,197,207
2024-06-09 17:38:00,49.6,49.6,199,208
2024-06-09 17:40:00,49.8,49.9,199,207
2024-06-09 17:42:00,49.6,49.7,198,207
2024-06-09 17:44:00,49.6,49.6,197,205
2024-06-09 17:46:00,49.7,49.7,200,214
2024-06-09 17:48:00,49.5,49.6,195,202
2024-06-09 17:50:00,49.9,49.8,198,209
2024-06-09 17:52:00,49.7,49.8,201,204
2024-06-09 17:54:00,49.6,49.5,197,201
2024-06-09 17:56:00,49.9,49.9,199,202
2024-06-09 17:58:00,49.7,49.7,199,206
2024-06-09 18:00:00,49.5,49.5,196,201
2024-06-09 18:02:00,49.6,49.5,202,207
2024-06-09 18:04:00,49.6,49.7,200,207
2024-06-09 18:06:00,49.4,49.4,199,210
2024-06-09 18:08:00,49.5,49.6,200,213
2024-06-09 18:10:00,49.5,49.5,198,212
2024-06-09 18:12:00,49.2,49.2,196,201
2024-06-09 18:14:00,49.6,49.6,197,197
2024-06-09 18:16:00,49.4,49.4,197,195
2024-06-09 18:18:00,49.2,49.3,197,194
2024-06-09 18:20:00,49.3,49.3,197,193
2024-06-09 18:22:00,49.4,49.3,202,197
2024-06-09 18:24:00,49.2,49.2,199,197
2024-06-09 18:26:00,49.4,49.4,197,194
2024-06-09 18:28:00,49.4,49.4,199,198
2024-06-09 18:30:00,49.2,49.3,201,202
2024-06-09 18:32:00,49.2,49.1,197,200
2024-06-09 18:34:00,49.3,49.3,197,198
2024-06-09 18:36:00,49.3,49.3,199,201
2024-06-09 18:38:00,49.2,49.3,200,202
2024-06-09 18:40:00,49.3,49.3,197,201
2024-06-09 18:42:00,49.5,49.5,200,203
2024-06-09 18:44:00,49.3,49.3,198,200
2024-06-09 18:46:00,49.3,49.2,195,198
2024-06-09 18:48:00,49.2,49.1,197,197
2024-06-09 18:50:00,49.3,49.3,200,200
2024-06-09 18:52:00,49.3,49.3,199,199
2024-06-09 18:54:00,49.3,49.3,198,197
2024-06-09 18:56:00,49.2,49.2,199,197
2024-06-09 18:58:00,49.1,49.1,200,199
2024-06-09 19:00:00,49.1,49.0,199,197
2024-06-09 19:02:00,49.0,49.0,197,194
2024-06-09 19:04:00,49.2,49.2,200,195
2024-06-09 19:06:00,49.4,49.4,200,205
2024-06-09 19:08:00,49.3,49.3,197,196
2024-06-09 19:10:00,49.1,49.2,197,199
2024-06-09 19:12:00,49.2,49.3,195,198
2024-06-09 19:14:00,49.1,49.0,198,194
2024-06-09 19:16:00,49.2,49.2,197,192
2024-06-09 19:18:00,49.4,49.3,197,190
2024-06-09 19:20:00,49.1,49.1,197,190
2024-06-09 19:22:00,49.2,49.2,198,193
2024-06-09 19:24:00,49.2,49.2,198,196
2024-06-09 19:26:00,49.0,49.4,199,193
2024-06-09 19:28:00,49.5,49.4,198,192
2024-06-09 19:30:00,49.1,49.1,197,194
2024-06-09 19:32:00,49.3,49.1,195,193
2024-06-09 19:34:00,49.3,49.3,197,197
2024-06-09 19:36:00,49.3,49.8,199,203
2024-06-09 19:38:00,49.3,49.2,194,192
2024-06-09 19:40:00,49.3,48.2,194,197
2024-06-09 19:42:00,49.1,49.1,197,192
2024-06-09 19:44:00,49.2,49.2,196,193
2024-06-09 19:46:00,49.2,49.3,197,194
2024-06-09 19:48:00,49.3,49.3,199,194
2024-06-09 19:50:00,49.3,49.3,195,190
2024-06-09 19:52:00,49.3,49.3,195,191
2024-06-09 19:54:00,49.4,49.4,198,194
2024-06-09 19:56:00,48.1,48.2,194,187
2024-06-09 19:58:00,49.3,49.3,197,192
2024-06-09 20:00:00,49.6,49.6,197,192
2024-06-09 20:02:00,49.4,49.4,197,192
2024-06-09 20:04:00,49.5,49.4,197,196
2024-06-09 20:06:00,49.3,98.5,197,199
2024-06-09 20:08:00,49.3,49.3,195,192
2024-06-09 20:10:00,49.4,49.3,197,194
2024-06-09 20:12:00,49.4,49.4,197,197
2024-06-09 20:14:00,49.5,49.4,196,192
2024-06-09 20:16:00,49.4,49.4,197,198
2024-06-09 20:18:00,49.3,49.3,197,192
2024-06-09 20:20:00,49.3,49.3,198,196
2024-06-09 20:22:00,49.5,49.5,199,204
2024-06-09 20:24:00,49.4,49.4,197,197
2024-06-09 20:26:00,49.2,49.2,197,202
2024-06-09 20:28:00,49.5,49.4,199,202
2024-06-09 20:30:00,49.3,49.3,199,203
2024-06-09 20:32:00,49.5,49.4,201,211
2024-06-09 20:34:00,49.4,49.4,199,200
2024-06-09 20:36:00,49.5,49.5,199,202
2024-06-09 20:38:00,49.5,49.5,197,202
2024-06-09 20:40:00,49.4,49.4,200,205
2024-06-09 20:42:00,49.5,49.5,196,200
2024-06-09 20:44:00,49.5,49.5,196,199
2024-06-09 20:46:00,49.6,49.6,199,200
2024-06-09 20:48:00,49.6,49.6,201,207
2024-06-09 20:50:00,49.5,49.5,200,208
2024-06-09 20:52:00,49.3,49.4,199,207
2024-06-09 20:54:00,49.5,49.5,196,204
2024-06-09 20:56:00,49.4,49.4,199,207
2024-06-09 20:58:00,49.5,49.4,199,214
2024-06-09 21:00:00,49.5,49.4,200,214
2024-06-09 21:02:00,49.5,49.7,197,202
2024-06-09 21:04:00,49.5,49.4,198,199
2024-06-09 21:06:00,49.7,49.7,199,206
2024-06-09 21:08:00,49.5,49.5,197,206
2024-06-09 21:10:00,49.5,49.6,199,201
2024-06-09 21:12:00,49.7,49.7,202,208
2024-06-09 21:14:00,49.6,49.7,199,206
2024-06-09 21:16:00,49.6,49.7,200,207
2024-06-09 21:18:00,49.5,49.6,199,204
2024-06-09 21:20:00,49.8,49.7,196,202
2024-06-09 21:22:00,49.5,49.5,198,200
2024-06-09 21:24:00,49.6,49.5,199,209
2024-06-09 21:26:00,49.6,49.6,201,203
2024-06-09 21:28:00,49.7,49.7,198,204
2024-06-09 21:30:00,49.8,49.7,201,213
2024-06-09 21:32:00,49.8,49.8,198,207
2024-06-09 21:34:00,49.9,49.9,201,209
2024-06-09 21:36:00,49.7,49.7,202,209
2024-06-09 21:38:00,49.8,49.8,202,213
2024-06-09 21:40:00,49.8,49.9,200,214
2024-06-09 21:42:00,50.0,50,200,214
2024-06-09 21:44:00,49.7,49.6,202,211
2024-06-09 21:46:00,49.9,49.9,201,212
2024-06-09 21:48:00,49.8,49.7,197,207
2024-06-09 21:50:00,49.9,50.0,201,209
2024-06-09 21:52:00,49.9,49.9,202,210
2024-06-09 21:54:00,49.8,49.8,197,207
2024-06-09 21:56:00,49.8,49.9,199,207
2024-06-09 21:58:00,49.7,49.8,201,208
2024-06-09 22:00:00,49.9,49.9,199,204
2024-06-09 22:02:00,50.1,50.1,200,207
2024-06-09 22:04:00,49.9,50.0,200,205
2024-06-09 22:06:00,50.1,50.1,203,209
2024-06-09 22:08:00,49.8,49.8,202,211
2024-06-09 22:10:00,49.7,49.8,200,209
2024-06-09 22:12:00,49.9,50.0,204,212
2024-06-09 22:14:00,50.0,50.0,202,211
2024-06-09 22:16:00,49.9,49.8,205,211
2024-06-09 22:18:00,49.9,49.9,204,214
2024-06-09 22:20:00,49.7,49.7,202,212
2024-06-09 22:22:00,49.9,49.9,197,211
2024-06-09 22:24:00,50.0,50.0,196,208
2024-06-09 22:26:00,50.0,50.1,201,212
2024-06-09 22:28:00,49.9,49.9,200,211
2024-06-09 22:30:00,49.8,49.8,202,217
2024-06-09 22:32:00,50.1,50.0,202,216
2024-06-09 22:34:00,50.0,50.0,204,216
2024-06-09 22:36:00,50.1,50.0,204,218
2024-06-09 22:38:00,49.9,50.0,202,217
2024-06-09 22:40:00,50.0,50.0,203,218
2024-06-09 22:42:00,50.0,49.9,203,219
2024-06-09 22:44:00,50.1,50.1,207,216
2024-06-09 22:46:00,50.1,50.1,202,218
2024-06-09 22:48:00,50.1,50.1,202,217
2024-06-09 22:50:00,50.1,50.2,204,221
2024-06-09 22:52:00,50.2,50.2,203,221
2024-06-09 22:54:00,49.9,49.9,205,221
2024-06-09 22:56:00,50.1,50.0,207,222
2024-06-09 22:58:00,50.1,50.0,204,222
2024-06-09 23:00:00,50.1,50.0,202,221
2024-06-09 23:02:00,50.1,50.1,205,223
2024-06-09 23:04:00,50.0,50.0,207,225
2024-06-09 23:06:00,50.2,50.2,205,225
2024-06-09 23:08:00,50.1,50.1,204,224
2024-06-09 23:10:00,50.0,50.0,204,223
2024-06-09 23:12:00,50.0,50.1,203,223
2024-06-09 23:14:00,50.2,50.2,205,224
2024-06-09 23:16:00,50.1,50.0,207,225
2024-06-09 23:18:00,50.0,50.0,205,224
2024-06-09 23:20:00,50.0,50.0,204,224
2024-06-09 23:22:00,50.2,50.2,204,225
2024-06-09 23:24:00,50.2,50.2,206,225
2024-06-09 23:26:00,50.2,50.2,206,226
2024-06-09 23:28:00,50.2,50.2,203,223
2024-06-09 23:30:00,50.2,50.2,205,224
2024-06-09 23:32:00,50.1,50.1,203,223
2024-06-09 23:34:00,50.2,50.2,204,225
2024-06-09 23:36:00,50.0,50.1,205,225
2024-06-09 23:38:00,50.1,50.2,205,225
2024-06-09 23:40:00,50.1,50.1,207,226
2024-06-09 23:42:00,50.2,50.2,204,225
2024-06-09 23:44:00,50.2,50.2,206,226
2024-06-09 23:46:00,50.1,50.0,205,226
2024-06-09 23:48:00,50.2,50.2,205,226
2024-06-09 23:50:00,50.1,50.1,206,226
2024-06-09 23:52:00,50.2,50.1,207,227
2024-06-09 23:54:00,50.2,50.2,208,227
2024-06-09 23:56:00,50.2,50.1,206,226
2024-06-09 23:58:00,50.1,50.1,207,226