"Time","Frequency 3E2F4FD3 (Ch Cbca Bethesda Ndosho - laboratoire)","Frequency C30F2E03 (Ch Cbca Bethesda Ndosho - clinique)","Voltage 3E2F4FD3 (Ch Cbca Bethesda Ndosho - laboratoire)","Voltage C30F2E03 (Ch Cbca Bethesda Ndosho - clinique)"
2024-09-23 00:00:00,49.9,49.9,225,226
2024-09-23 00:02:00,49.9,49.9,225,226
2024-09-23 00:04:00,49.8,49.7,223,228
2024-09-23 00:06:00,50.1,50.1,223,228
2024-09-23 00:08:00,50.2,50.2,221,228
2024-09-23 00:10:00,50.4,50.3,224,228
2024-09-23 00:12:00,50.1,50.1,226,228
2024-09-23 00:14:00,50.1,50.1,225,227
2024-09-23 00:16:00,50.1,50.0,222,226
2024-09-23 00:18:00,49.9,49.9,224,226
2024-09-23 00:20:00,49.9,49.9,226,226
2024-09-23 00:22:00,50.1,50.1,225,227
2024-09-23 00:24:00,49.9,49.8,224,226
2024-09-23 00:26:00,50.1,50.1,221,227
2024-09-23 00:28:00,50.0,50.0,225,226
2024-09-23 00:30:00,49.9,49.9,225,227
2024-09-23 00:32:00,49.8,49.8,224,226
2024-09-23 00:34:00,50.1,50.1,225,226
2024-09-23 00:36:00,50.1,50.2,226,228
2024-09-23 00:38:00,50.2,50.2,227,227
2024-09-23 00:40:00,50.3,50.3,228,226
2024-09-23 00:42:00,50.1,50.1,226,227
2024-09-23 00:44:00,50.1,50.0,228,226
2024-09-23 00:46:00,50.0,50.0,227,227
2024-09-23 00:48:00,49.8,49.8,228,228
2024-09-23 00:50:00,50.0,50.1,228,228
2024-09-23 00:52:00,50.2,50.2,224,228
2024-09-23 00:54:00,50.3,50.3,225,230
2024-09-23 00:56:00,50.1,50.0,226,228
2024-09-23 00:58:00,50.1,50.1,226,228
2024-09-23 01:00:00,49.8,49.8,225,228
2024-09-23 01:02:00,49.9,49.9,226,227
2024-09-23 01:04:00,50.2,50.2,223,228
2024-09-23 01:06:00,50.4,50.4,228,228
2024-09-23 01:08:00,50.0,50.1,228,227
2024-09-23 01:10:00,50.1,50.1,228,228
2024-09-23 01:12:00,50.0,50.1,228,228
2024-09-23 01:14:00,49.9,49.8,228,228
2024-09-23 01:16:00,49.8,49.8,226,228
2024-09-23 01:18:00,50.2,50.2,228,230
2024-09-23 01:20:00,50.4,50.4,228,229
2024-09-23 01:22:00,50.3,50.3,229,230
2024-09-23 01:24:00,50.2,50.1,230,228
2024-09-23 01:26:00,50.1,50.0,226,228
2024-09-23 01:28:00,50.0,50,227,228
2024-09-23 01:30:00,49.9,49.9,227,228
2024-09-23 01:32:00,50.2,50.2,228,227
2024-09-23 01:34:00,50.3,50.2,228,228
2024-09-23 01:36:00,50.4,50.4,228,229
2024-09-23 01:38:00,50.3,50.2,230,230
2024-09-23 01:40:00,49.9,49.9,229,229
2024-09-23 01:42:00,50.4,50.4,228,229
2024-09-23 01:44:00,50.5,50.4,228,229
2024-09-23 01:46:00,50.3,50.3,224,229
2024-09-23 01:48:00,50.2,50.3,229,228
2024-09-23 01:50:00,50.1,50.1,230,228
2024-09-23 01:52:00,50.0,50.0,228,229
2024-09-23 01:54:00,49.9,49.8,228,228
2024-09-23 01:56:00,50.2,50.2,228,231
2024-09-23 01:58:00,50.3,50.3,228,230
2024-09-23 02:00:00,50.3,50.4,228,228
2024-09-23 02:02:00,50.4,50.5,229,231
2024-09-23 02:04:00,50.1,50.1,228,229
2024-09-23 02:06:00,50.2,50.2,229,228
2024-09-23 02:08:00,50.1,50.1,230,228
2024-09-23 02:10:00,50.1,50.1,230,230
2024-09-23 02:12:00,49.9,49.9,231,228
2024-09-23 02:14:00,49.8,49.8,230,228
2024-09-23 02:16:00,50.0,50.1,229,228
2024-09-23 02:18:00,50.3,50.3,228,228
2024-09-23 02:20:00,50.4,50.3,229,228
2024-09-23 02:22:00,50.4,50.4,229,228
2024-09-23 02:24:00,50.3,50.4,231,230
2024-09-23 02:26:00,50.3,50.3,230,230
2024-09-23 02:28:00,50.4,50.4,228,229
2024-09-23 02:30:00,50.2,50.2,231,228
2024-09-23 02:32:00,50.1,50.1,231,228
2024-09-23 02:34:00,50.2,50.1,229,228
2024-09-23 02:36:00,50.2,50.2,231,228
2024-09-23 02:38:00,50.2,50.3,230,229
2024-09-23 02:40:00,50.3,50.4,231,230
2024-09-23 02:42:00,50.4,50.4,231,230
2024-09-23 02:44:00,50.4,50.3,232,230
2024-09-23 02:46:00,50.3,50.2,230,231
2024-09-23 02:48:00,50.1,50.1,231,228
2024-09-23 02:50:00,50.1,50.1,232,229
2024-09-23 02:52:00,50.0,50.0,231,228
2024-09-23 02:54:00,50.1,50.1,230,229
2024-09-23 02:56:00,50.2,50.1,231,228
2024-09-23 02:58:00,50.1,50.1,231,229
2024-09-23 03:00:00,50.0,50.1,230,230
2024-09-23 03:02:00,50.1,50.1,229,230
2024-09-23 03:04:00,50.0,49.9,228,230
2024-09-23 03:06:00,49.9,49.9,229,230
2024-09-23 03:08:00,49.8,49.9,230,229
2024-09-23 03:10:00,50.2,50.2,230,230
2024-09-23 03:12:00,50.3,50.3,230,229
2024-09-23 03:14:00,50.4,50.4,230,228
2024-09-23 03:16:00,50.4,50.4,231,231
2024-09-23 03:18:00,50.4,50.4,231,231
2024-09-23 03:20:00,50.4,50.4,232,231
2024-09-23 03:22:00,50.5,50.5,232,231
2024-09-23 03:24:00,50.2,50.2,228,229
2024-09-23 03:26:00,50.1,50.1,230,229
2024-09-23 03:28:00,50.0,49.9,230,230
2024-09-23 03:30:00,49.9,49.9,228,229
2024-09-23 03:32:00,50.0,50.0,229,228
2024-09-23 03:34:00,50.1,50.1,229,230
2024-09-23 03:36:00,50.1,50.2,228,230
2024-09-23 03:38:00,50.3,50.3,230,231
2024-09-23 03:40:00,50.4,50.4,229,232
2024-09-23 03:42:00,50.5,50.4,229,232
2024-09-23 03:44:00,50.4,50.4,232,231
2024-09-23 03:46:00,50.4,50.4,230,231
2024-09-23 03:48:00,50.4,50.4,231,231
2024-09-23 03:50:00,50.2,50.2,232,231
2024-09-23 03:52:00,50,50.0,232,231
2024-09-23 03:54:00,50.0,50.0,232,230
2024-09-23 03:56:00,50.0,50.0,230,230
2024-09-23 03:58:00,49.9,49.9,232,230
2024-09-23 04:00:00,49.9,50.0,231,230
2024-09-23 04:02:00,50.3,50.3,232,231
2024-09-23 04:04:00,50.1,50.2,229,229
2024-09-23 04:06:00,50.3,50.4,228,231
2024-09-23 04:08:00,50.4,50.4,231,232
2024-09-23 04:10:00,50.5,50.4,233,233
2024-09-23 04:12:00,50.4,50.4,231,233
2024-09-23 04:14:00,50.3,50.3,233,232
2024-09-23 04:16:00,50.3,50.3,233,232
2024-09-23 04:18:00,50.2,50.2,232,232
2024-09-23 04:20:00,50.2,50.2,232,228
2024-09-23 04:22:00,50.3,50.3,231,232
2024-09-23 04:24:00,50.2,50.2,231,233
2024-09-23 04:26:00,50.0,50.1,231,233
2024-09-23 04:28:00,50.1,50.1,233,232
2024-09-23 04:30:00,50.0,50.0,231,229
2024-09-23 04:32:00,50.0,49.9,232,228
2024-09-23 04:34:00,49.8,49.8,229,228
2024-09-23 04:36:00,50.1,50.0,230,230
2024-09-23 04:38:00,50.2,50.2,231,230
2024-09-23 04:40:00,50.3,50.4,232,231
2024-09-23 04:42:00,50.3,50.4,232,231
2024-09-23 04:44:00,50.2,50.2,231,228
2024-09-23 04:46:00,50.0,50.0,226,228
2024-09-23 04:48:00,50.0,50.1,229,228
2024-09-23 04:50:00,50.0,50.0,229,230
2024-09-23 04:52:00,49.9,50.0,228,230
2024-09-23 04:54:00,50.0,49.9,227,230
2024-09-23 04:56:00,50.0,50.0,228,229
2024-09-23 04:58:00,50.2,50.1,229,231
2024-09-23 05:00:00,50.4,50.4,229,231
2024-09-23 05:02:00,50.0,50.0,229,231
2024-09-23 05:04:00,50.4,50.4,230,231
2024-09-23 05:06:00,50.1,50.2,230,231
2024-09-23 05:08:00,50.0,50.1,230,231
2024-09-23 05:10:00,50.1,50.2,229,232
2024-09-23 05:12:00,49.8,49.9,231,231
2024-09-23 05:14:00,49.9,49.9,226,231
2024-09-23 05:16:00,49.8,49.8,229,230
2024-09-23 05:18:00,50.2,50.1,228,231
2024-09-23 05:20:00,50.2,50.2,226,229
2024-09-23 05:22:00,50.1,50.0,222,231
2024-09-23 05:24:00,50.0,50.1,228,230
2024-09-23 05:26:00,49.9,49.9,224,231
2024-09-23 05:28:00,50.0,49.9,225,228
2024-09-23 05:30:00,49.8,49.8,221,229
2024-09-23 05:32:00,49.9,49.9,221,228
2024-09-23 05:34:00,49.7,49.7,218,228
2024-09-23 05:36:00,50.0,49.9,216,231
2024-09-23 05:38:00,49.8,49.8,215,231
2024-09-23 05:40:00,50.1,50.1,215,231
2024-09-23 05:42:00,49.8,49.8,211,229
2024-09-23 05:44:00,49.8,49.7,214,224
2024-09-23 05:46:00,49.8,49.8,214,225
2024-09-23 05:48:00,49.9,49.9,214,228
2024-09-23 05:50:00,49.8,49.8,210,224
2024-09-23 05:52:00,49.7,49.7,210,224
2024-09-23 05:54:00,49.6,49.6,201,228
2024-09-23 05:56:00,49.6,49.6,211,226
2024-09-23 05:58:00,49.6,49.6,207,227
2024-09-23 06:00:00,49.6,49.6,208,220
2024-09-23 06:02:00,49.7,49.7,202,219
2024-09-23 06:04:00,49.6,49.6,210,216
2024-09-23 06:06:00,49.5,49.6,200,217
2024-09-23 06:08:00,49.5,49.5,200,214
2024-09-23 06:10:00,49.5,49.4,204,211
2024-09-23 06:12:00,49.8,49.8,212,212
2024-09-23 06:14:00,49.3,49.3,214,209
2024-09-23 06:16:00,49.6,49.6,215,214
2024-09-23 06:18:00,49.6,49.6,211,204
2024-09-23 06:20:00,49.5,49.5,207,212
2024-09-23 06:22:00,49.6,49.6,201,209
2024-09-23 06:24:00,49.3,49.3,198,209
2024-09-23 06:26:00,49.6,49.7,199,214
2024-09-23 06:28:00,49.7,49.7,207,214
2024-09-23 06:30:00,49.7,49.7,201,214
2024-09-23 06:32:00,49.8,49.8,208,216
2024-09-23 06:34:00,49.7,49.7,203,217
2024-09-23 06:36:00,49.8,49.7,202,215
2024-09-23 06:38:00,49.6,49.6,201,215
2024-09-23 06:40:00,49.6,49.6,199,220
2024-09-23 06:42:00,49.7,49.6,199,214
2024-09-23 06:44:00,49.7,49.7,201,216
2024-09-23 06:46:00,49.5,49.6,199,220
2024-09-23 06:48:00,49.8,49.8,203,221
2024-09-23 06:50:00,49.7,49.7,202,217
2024-09-23 06:52:00,49.6,49.7,205,214
2024-09-23 06:54:00,49.8,49.8,201,219
2024-09-23 06:56:00,49.6,49.6,205,218
2024-09-23 06:58:00,49.8,49.9,211,215
2024-09-23 07:00:00,49.8,49.8,204,214
2024-09-23 07:02:00,49.8,49.7,211,214
2024-09-23 07:04:00,49.7,49.7,207,214
2024-09-23 07:06:00,49.8,49.8,206,215
2024-09-23 07:08:00,49.7,49.8,211,214
2024-09-23 07:10:00,50.0,50.0,216,216
2024-09-23 07:12:00,49.8,49.8,212,211
2024-09-23 07:14:00,49.8,49.7,204,219
2024-09-23 07:16:00,49.5,49.5,204,218
2024-09-23 07:18:00,49.7,49.8,207,215
2024-09-23 07:20:00,49.8,49.8,207,217
2024-09-23 07:22:00,49.9,49.8,205,217
2024-09-23 07:24:00,49.8,49.8,204,215
2024-09-23 07:26:00,49.8,49.8,204,215
2024-09-23 07:28:00,49.6,49.6,210,208
2024-09-23 07:30:00,49.6,49.6,215,210
2024-09-23 07:32:00,49.6,49.7,216,208
2024-09-23 07:34:00,49.9,50.0,211,209
2024-09-23 07:36:00,49.8,49.9,211,210
2024-09-23 07:38:00,49.6,49.7,220,213
2024-09-23 07:40:00,49.7,49.7,220,209
2024-09-23 07:42:00,49.8,49.8,212,210
2024-09-23 07:44:00,49.8,49.8,211,218
2024-09-23 07:46:00,49.4,49.5,214,214
2024-09-23 07:48:00,49.5,49.5,209,215
2024-09-23 07:50:00,49.4,49.4,204,215
2024-09-23 07:52:00,49.5,49.6,204,220
2024-09-23 07:54:00,49.3,49.3,211,216
2024-09-23 07:56:00,49.5,49.5,206,213
2024-09-23 07:58:00,49.5,49.4,203,207
2024-09-23 08:00:00,49.4,49.3,202,209
2024-09-23 08:02:00,49.4,49.4,205,214
2024-09-23 08:04:00,49.5,49.5,207,212
2024-09-23 08:06:00,49.4,49.4,203,210
2024-09-23 08:08:00,49.1,49.1,198,209
2024-09-23 08:10:00,49.3,49.3,202,212
2024-09-23 08:12:00,49.3,49.3,202,211
2024-09-23 08:14:00,49.2,49.2,197,210
2024-09-23 08:16:00,49.2,49.3,196,214
2024-09-23 08:18:00,49.6,49.5,197,208
2024-09-23 08:20:00,49.2,49.2,194,207
2024-09-23 08:22:00,49.4,49.4,192,209
2024-09-23 08:24:00,49.5,49.6,191,204
2024-09-23 08:26:00,49.2,49.2,194,205
2024-09-23 08:28:00,49.6,49.6,197,209
2024-09-23 08:30:00,49.2,49.2,192,206
2024-09-23 08:32:00,49.5,49.4,189,208
2024-09-23 08:34:00,49.3,49.3,187,205
2024-09-23 08:36:00,50.9,50.9,205,214
2024-09-23 08:38:00,50.3,50.3,207,221
2024-09-23 08:40:00,50.4,50.4,214,219
2024-09-23 08:42:00,50.3,50.3,207,219
2024-09-23 08:44:00,50.3,50.3,207,216
2024-09-23 08:46:00,50.5,50.5,213,212
2024-09-23 08:48:00,50.1,50.0,209,213
2024-09-23 08:50:00,50.1,50.0,204,216
2024-09-23 08:52:00,50.4,50.4,202,219
2024-09-23 08:54:00,50.5,50.5,208,211
2024-09-23 08:56:00,50.2,50.2,208,215
2024-09-23 08:58:00,49.6,49.5,206,204
2024-09-23 09:00:00,49.8,49.9,207,207
2024-09-23 09:02:00,49.9,49.8,206,208
2024-09-23 09:04:00,49.6,49.6,202,210
2024-09-23 09:06:00,49.9,49.8,204,214
2024-09-23 09:08:00,49.5,49.4,204,214
2024-09-23 09:10:00,49.6,49.6,199,212
2024-09-23 09:12:00,49.7,49.7,205,210
2024-09-23 09:14:00,49.0,49.0,196,210
2024-09-23 09:16:00,49.3,49.3,194,204
2024-09-23 09:18:00,49.6,49.6,197,209
2024-09-23 09:20:00,49.6,49.6,193,201
2024-09-23 09:22:00,49.4,49.4,190,209
2024-09-23 09:24:00,49.4,49.3,192,214
2024-09-23 09:26:00,49.4,49.5,195,209
2024-09-23 09:28:00,49.4,49.4,187,210
2024-09-23 09:30:00,49.7,49.7,190,210
2024-09-23 09:32:00,49.8,49.8,194,211
2024-09-23 09:34:00,49.6,49.6,188,214
2024-09-23 09:36:00,49.8,49.8,186,216
2024-09-23 09:38:00,49.2,49.2,188,210
2024-09-23 09:40:00,49.5,49.5,189,206
2024-09-23 09:42:00,49.4,49.5,185,206
2024-09-23 09:44:00,49.4,49.5,193,204
2024-09-23 09:46:00,49.6,49.6,194,204
2024-09-23 09:48:00,49.7,49.8,185,202
2024-09-23 09:50:00,49.3,49.2,188,203
2024-09-23 09:52:00,49.2,49.2,188,207
2024-09-23 09:54:00,49.2,49.3,192,204
2024-09-23 09:56:00,49.3,49.2,187,203
2024-09-23 09:58:00,49.0,49.0,176,202
2024-09-23 10:00:00,49.2,49.2,184,204
2024-09-23 10:02:00,49.4,49.3,183,202
2024-09-23 10:04:00,49.1,49.1,192,205
2024-09-23 10:06:00,49.4,49.3,188,203
2024-09-23 10:08:00,49.4,49.5,181,207
2024-09-23 10:10:00,49.5,49.5,176,207
2024-09-23 10:12:00,49.4,49.3,180,209
2024-09-23 10:14:00,49.3,49.3,185,207
2024-09-23 10:16:00,49.4,49.3,186,205
2024-09-23 10:18:00,49.5,49.5,183,212
2024-09-23 10:20:00,49.3,49.4,194,201
2024-09-23 10:22:00,49.2,49.3,184,208
2024-09-23 10:24:00,49.3,49.2,189,199
2024-09-23 10:26:00,49.7,49.8,194,204
2024-09-23 10:28:00,49.3,49.3,193,207
2024-09-23 10:30:00,49.5,49.5,189,213
2024-09-23 10:32:00,49.1,49.0,189,204
2024-09-23 10:34:00,49.2,49.2,198,207
2024-09-23 10:36:00,49.2,49.3,189,207
2024-09-23 10:38:00,49.5,49.5,196,205
2024-09-23 10:40:00,49.7,49.7,203,197
2024-09-23 10:42:00,49.5,49.5,196,202
2024-09-23 10:44:00,49.3,49.2,199,204
2024-09-23 10:46:00,49.4,49.5,199,208
2024-09-23 10:48:00,49.8,49.8,192,208
2024-09-23 10:50:00,49.7,49.7,193,215
2024-09-23 10:52:00,49.3,49.3,198,207
2024-09-23 10:54:00,49.3,49.3,196,203
2024-09-23 10:56:00,49.6,49.7,197,207
2024-09-23 10:58:00,49.3,49.4,194,204
2024-09-23 11:00:00,49.2,49.2,188,204
2024-09-23 11:02:00,49.3,49.3,192,209
2024-09-23 11:04:00,49.2,49.2,193,207
2024-09-23 11:06:00,49.4,49.4,198,210
2024-09-23 11:08:00,49.5,49.5,193,209
2024-09-23 11:10:00,49.3,49.4,194,207
2024-09-23 11:12:00,49.6,49.6,197,207
2024-09-23 11:14:00,49.6,49.7,202,209
2024-09-23 11:16:00,49.3,49.4,199,209
2024-09-23 11:18:00,49.3,49.4,193,210
2024-09-23 11:20:00,49.3,49.3,199,212
2024-09-23 11:22:00,49.3,49.3,197,211
2024-09-23 11:24:00,49.2,49.1,199,209
2024-09-23 11:26:00,49.5,49.6,197,206
2024-09-23 11:28:00,49.0,49.0,194,206
2024-09-23 11:30:00,48.9,48.9,195,209
2024-09-23 11:32:00,49.2,49.2,198,208
2024-09-23 11:34:00,49.3,49.3,195,207
2024-09-23 11:36:00,49.5,49.4,197,206
2024-09-23 11:38:00,49.5,49.4,191,207
2024-09-23 11:40:00,49.4,49.5,200,206
2024-09-23 11:42:00,49.3,49.3,193,204
2024-09-23 11:44:00,49.3,49.2,197,204
2024-09-23 11:46:00,49.4,49.5,198,203
2024-09-23 11:48:00,49.2,49.2,199,202
2024-09-23 11:50:00,49.6,49.6,197,207
2024-09-23 11:52:00,49.4,49.4,197,206
2024-09-23 11:54:00,49.3,49.3,198,202
2024-09-23 11:56:00,49.2,49.3,197,197
2024-09-23 11:58:00,49.4,49.4,196,199
2024-09-23 12:00:00,49.3,49.2,199,205
2024-09-23 12:02:00,49.8,49.8,197,207
2024-09-23 12:04:00,49.4,49.5,195,207
2024-09-23 12:06:00,49.6,49.5,194,207
2024-09-23 12:08:00,49.6,49.6,197,209
2024-09-23 12:10:00,49.5,49.5,197,211
2024-09-23 12:12:00,49.4,49.4,196,210
2024-09-23 12:14:00,49.5,49.5,197,207
2024-09-23 12:16:00,49.7,49.7,195,210
2024-09-23 12:18:00,49.5,49.5,196,208
2024-09-23 12:20:00,49.4,49.3,194,204
2024-09-23 12:22:00,49.6,49.6,194,206
2024-09-23 12:24:00,49.2,49.2,195,211
2024-09-23 12:26:00,49.2,49.2,192,209
2024-09-23 12:28:00,49.7,49.7,194,206
2024-09-23 12:30:00,49.2,49.3,187,207
2024-09-23 12:32:00,49.8,49.9,185,209
2024-09-23 12:34:00,49.5,49.5,192,212
2024-09-23 12:36:00,49.4,49.4,202,209
2024-09-23 12:38:00,49.8,49.8,194,210
2024-09-23 12:40:00,49.9,49.9,192,207
2024-09-23 12:42:00,49.4,49.4,195,211
2024-09-23 12:44:00,49.4,49.5,197,207
2024-09-23 12:46:00,49.6,49.6,195,202
2024-09-23 12:48:00,49.5,49.4,197,203
2024-09-23 12:50:00,49.6,49.5,195,200
2024-09-23 12:52:00,49.6,49.6,198,207
2024-09-23 12:54:00,49.6,49.6,197,204
2024-09-23 12:56:00,49.2,49.3,201,208
2024-09-23 12:58:00,49.4,49.4,199,202
2024-09-23 13:00:00,49.3,49.3,195,204
2024-09-23 13:02:00,49.5,49.5,197,205
2024-09-23 13:04:00,49.3,49.3,199,207
2024-09-23 13:06:00,49.0,49.1,196,207
2024-09-23 13:08:00,49.3,49.3,199,212
2024-09-23 13:10:00,49.1,49.1,195,203
2024-09-23 13:12:00,49.4,49.3,195,209
2024-09-23 13:14:00,49.5,49.5,196,203
2024-09-23 13:16:00,49.1,49.0,197,203
2024-09-23 13:18:00,49.4,49.4,199,204
2024-09-23 13:20:00,48.9,48.8,194,205
2024-09-23 13:22:00,50.0,50.1,198,214
2024-09-23 13:24:00,50.3,50.3,192,212
2024-09-23 13:26:00,50.3,50.3,191,216
2024-09-23 13:28:00,50.3,50.3,197,218
2024-09-23 13:30:00,50.2,50.2,194,219
2024-09-23 13:32:00,50.2,50.2,197,221
2024-09-23 13:34:00,50.1,50.1,192,219
2024-09-23 13:36:00,50.3,50.2,194,218
2024-09-23 13:38:00,50.2,50.2,195,222
2024-09-23 13:40:00,50.5,50.5,198,215
2024-09-23 13:42:00,50.2,50.2,199,216
2024-09-23 13:44:00,50.5,50.5,193,218
2024-09-23 13:46:00,50.0,50.1,195,211
2024-09-23 13:48:00,50.0,50.0,194,210
2024-09-23 13:50:00,50.2,50.1,194,211
2024-09-23 13:52:00,49.6,49.6,197,209
2024-09-23 13:54:00,49.8,49.8,197,204
2024-09-23 13:56:00,49.7,49.7,194,206
2024-09-23 13:58:00,49.5,49.5,198,202
2024-09-23 14:00:00,49.4,48.5,197,205
2024-09-23 14:02:00,49.4,49.4,196,208
2024-09-23 14:04:00,49.7,49.7,189,205
2024-09-23 14:06:00,49.9,49.8,190,209
2024-09-23 14:08:00,49.8,49.8,191,206
2024-09-23 14:10:00,49.7,49.7,192,204
2024-09-23 14:12:00,49.7,49.6,195,207
2024-09-23 14:14:00,49.2,49.2,196,208
2024-09-23 14:16:00,49.6,49.5,194,206
2024-09-23 14:18:00,1965,4926,0,0
2024-09-23 14:20:00,4926,3584,0,0
2024-09-23 14:22:00,49.6,49.6,197,207
2024-09-23 14:24:00,49.7,49.6,197,199
2024-09-23 14:26:00,49.7,49.7,197,210
2024-09-23 14:28:00,51.5,51.5,209,243
2024-09-23 14:30:00,52.0,52.1,220,243
2024-09-23 14:32:00,51.2,50.4,212,250
2024-09-23 14:34:00,51.2,51.2,211,250
2024-09-23 14:36:00,51.2,51.2,211,248
2024-09-23 14:38:00,50.9,51.0,213,246
2024-09-23 14:40:00,51.2,51.2,213,248
2024-09-23 14:42:00,51.2,51.2,209,251
2024-09-23 14:44:00,51.1,51.2,209,250
2024-09-23 14:46:00,51.1,51.3,213,248
2024-09-23 14:48:00,51.3,51.3,211,249
2024-09-23 14:50:00,51.3,51.3,216,248
2024-09-23 14:52:00,51.4,51.5,211,250
2024-09-23 14:54:00,51.3,51.3,211,250
2024-09-23 14:56:00,51.4,51.5,214,248
2024-09-23 14:58:00,51.2,51.3,212,250
2024-09-23 15:00:00,51.4,51.4,209,251
2024-09-23 15:02:00,51.3,51.2,209,250
2024-09-23 15:04:00,51.2,51.2,208,252
2024-09-23 15:06:00,51.3,51.3,212,246
2024-09-23 15:08:00,51.5,51.5,213,246
2024-09-23 15:10:00,51.3,51.1,206,251
2024-09-23 15:12:00,51.3,51.5,207,252
2024-09-23 15:14:00,51.3,51.2,207,252
2024-09-23 15:16:00,51.6,51.6,214,250
2024-09-23 15:18:00,51.1,51.1,202,255
2024-09-23 15:20:00,4878,2457,0,0
2024-09-23 15:22:00,6536,6536,0,0
2024-09-23 15:24:00,9804,4926,0,0
2024-09-23 15:26:00,9804,3571,0,0
2024-09-23 15:28:00,5618,7813,0,0
2024-09-23 15:30:00,6536,50.3,0,237
2024-09-23 15:32:00,4386,50.2,0,243
2024-09-23 15:34:00,6536,50.1,0,246
2024-09-23 15:36:00,5556,50.3,0,243
2024-09-23 15:38:00,3584,50.0,0,241
2024-09-23 15:40:00,7874,7752,0,0
2024-09-23 15:42:00,4926,50.3,0,240
2024-09-23 15:44:00,4367,50.9,0,239
2024-09-23 15:46:00,3247,50.8,0,239
2024-09-23 15:48:00,7874,50.6,0,244
2024-09-23 15:50:00,6536,50.7,0,245
2024-09-23 15:52:00,7874,50.6,0.707,241
2024-09-23 15:54:00,3289,50.3,0.707,243
2024-09-23 15:56:00,6579,4367,0,0
2024-09-23 15:58:00,9804,7874,0,0
2024-09-23 16:00:00,50.5,50.5,216,243
2024-09-23 16:02:00,50.5,50.5,215,245
2024-09-23 16:04:00,50.2,50.2,211,248
2024-09-23 16:06:00,6579,7813,0.707,0
2024-09-23 16:08:00,3937,3012,0,0
2024-09-23 16:10:00,50.5,50.5,214,244
2024-09-23 16:12:00,50.4,50.3,210,246
2024-09-23 16:14:00,50.2,50.1,211,249
2024-09-23 16:16:00,50.1,50.1,215,246
2024-09-23 16:18:00,50.2,50.2,214,245
2024-09-23 16:20:00,5587,50.5,0,240
2024-09-23 16:22:00,7874,50.8,200,238
2024-09-23 16:24:00,50.6,51.5,223,240
2024-09-23 16:26:00,50.6,50.5,221,241
2024-09-23 16:28:00,50.3,50.4,216,243
2024-09-23 16:30:00,50.4,50.4,216,245
2024-09-23 16:32:00,50.3,50.3,215,243
2024-09-23 16:34:00,4926,4367,0,0
2024-09-23 16:36:00,50.5,50.6,221,239
2024-09-23 16:38:00,50.7,50.7,221,238
2024-09-23 16:40:00,50.4,50.5,217,242
2024-09-23 16:42:00,50.3,50.3,216,245
2024-09-23 16:44:00,50.7,50.7,224,239
2024-09-23 16:46:00,50.6,50.7,225,239
2024-09-23 16:48:00,50.4,50.3,214,244
2024-09-23 16:50:00,50.5,50.5,211,246
2024-09-23 16:52:00,50.6,50.7,214,243
2024-09-23 16:54:00,50.5,50.5,214,243
2024-09-23 16:56:00,50.7,50.7,216,243
2024-09-23 16:58:00,50.6,50.7,219,242
2024-09-23 17:00:00,50.7,50.6,220,242
2024-09-23 17:02:00,50.7,50.7,223,240
2024-09-23 17:04:00,50.7,50.7,223,240
2024-09-23 17:06:00,50.7,50.6,221,241
2024-09-23 17:08:00,50.6,50.6,219,241
2024-09-23 17:10:00,50.7,50.7,223,240
2024-09-23 17:12:00,50.8,50.9,223,242
2024-09-23 17:14:00,50.8,50.9,221,243
2024-09-23 17:16:00,50.8,50.8,221,243
2024-09-23 17:18:00,51.0,50.9,223,243
2024-09-23 17:20:00,50.8,50.9,223,243
2024-09-23 17:22:00,50.8,50.9,221,244
2024-09-23 17:24:00,50.3,50.3,219,244
2024-09-23 17:26:00,50.3,50.2,216,246
2024-09-23 17:28:00,50.4,50.3,219,243
2024-09-23 17:30:00,50.3,50.2,216,243
2024-09-23 17:32:00,50.5,50.4,221,242
2024-09-23 17:34:00,50.3,50.2,216,243
2024-09-23 17:36:00,50.5,50.5,221,240
2024-09-23 17:38:00,50.2,50.2,216,245
2024-09-23 17:40:00,50.3,50.5,216,243
2024-09-23 17:42:00,50.3,50.1,215,245
2024-09-23 17:44:00,50.6,50.5,222,240
2024-09-23 17:46:00,50.4,50.4,219,242
2024-09-23 17:48:00,50.2,50.3,215,244
2024-09-23 17:50:00,50.4,50.3,216,244
2024-09-23 17:52:00,50.6,50.6,223,240
2024-09-23 17:54:00,50.0,50.0,220,242
2024-09-23 17:56:00,50.4,50.4,217,242
2024-09-23 17:58:00,50.4,50.4,220,243
2024-09-23 18:00:00,50.4,50.3,221,243
2024-09-23 18:02:00,50.0,50.3,216,245
2024-09-23 18:04:00,50.5,50.4,219,242
2024-09-23 18:06:00,50.4,50.4,224,241
2024-09-23 18:08:00,50.4,50.5,221,243
2024-09-23 18:10:00,50.6,50.5,219,242
2024-09-23 18:12:00,50.6,50.7,223,239
2024-09-23 18:14:00,50.6,50.7,221,243
2024-09-23 18:16:00,50.8,50.7,224,242
2024-09-23 18:18:00,50.6,50.6,223,240
2024-09-23 18:20:00,50.8,50.7,223,239
2024-09-23 18:22:00,50.5,50.5,223,242
2024-09-23 18:24:00,50.6,50.5,223,243
2024-09-23 18:26:00,50.7,50.7,222,243
2024-09-23 18:28:00,50.7,50.7,220,243
2024-09-23 18:30:00,50.7,50.6,223,243
2024-09-23 18:32:00,50.5,50.5,221,243
2024-09-23 18:34:00,50.5,50.6,221,242
2024-09-23 18:36:00,50.7,50.7,221,241
2024-09-23 18:38:00,50.7,50.9,226,243
2024-09-23 18:40:00,50.6,50.6,221,242
2024-09-23 18:42:00,50.6,50.6,220,243
2024-09-23 18:44:00,50.6,50.7,223,241
2024-09-23 18:46:00,50.7,50.6,225,241
2024-09-23 18:48:00,50.5,50.6,222,238
2024-09-23 18:50:00,50.3,50.4,222,238
2024-09-23 18:52:00,50.5,50.6,226,239
2024-09-23 18:54:00,50.6,50.5,223,240
2024-09-23 18:56:00,50.6,50.5,221,240
2024-09-23 18:58:00,50.4,50.6,221,243
2024-09-23 19:00:00,50.8,50.8,226,243
2024-09-23 19:02:00,50.4,50.4,220,243
2024-09-23 19:04:00,50.6,50.5,221,243
2024-09-23 19:06:00,50.4,50.4,223,239
2024-09-23 19:08:00,50.5,50.6,225,239
2024-09-23 19:10:00,49.8,49.7,219,238
2024-09-23 19:12:00,49.7,49.8,221,239
2024-09-23 19:14:00,49.9,50.0,222,240
2024-09-23 19:16:00,50.0,49.8,224,238
2024-09-23 19:18:00,49.8,49.8,223,237
2024-09-23 19:20:00,49.8,49.8,223,238
2024-09-23 19:22:00,49.9,49.9,224,238
2024-09-23 19:24:00,49.8,49.9,226,238
2024-09-23 19:26:00,49.8,49.8,223,237
2024-09-23 19:28:00,49.7,49.7,217,242
2024-09-23 19:30:00,49.7,49.6,220,241
2024-09-23 19:32:00,49.9,49.8,223,240
2024-09-23 19:34:00,49.9,49.9,222,240
2024-09-23 19:36:00,49.7,49.6,220,243
2024-09-23 19:38:00,49.9,49.8,221,243
2024-09-23 19:40:00,49.8,49.8,221,240
2024-09-23 19:42:00,49.8,49.8,221,242
2024-09-23 19:44:00,49.8,49.7,223,240
2024-09-23 19:46:00,49.7,49.7,224,238
2024-09-23 19:48:00,49.7,49.6,222,238
2024-09-23 19:50:00,49.7,49.6,222,238
2024-09-23 19:52:00,50.0,50.0,226,239
2024-09-23 19:54:00,49.9,49.9,223,240
2024-09-23 19:56:00,50.0,50.0,225,239
2024-09-23 19:58:00,49.9,49.9,224,242
2024-09-23 20:00:00,50.0,50.0,223,243
2024-09-23 20:02:00,49.9,50.0,224,240
2024-09-23 20:04:00,49.9,49.8,226,240
2024-09-23 20:06:00,49.8,49.7,227,236
2024-09-23 20:08:00,49.6,49.5,223,237
2024-09-23 20:10:00,49.7,49.7,224,237
2024-09-23 20:12:00,49.8,49.8,224,241
2024-09-23 20:14:00,50.0,49.9,221,244
2024-09-23 20:16:00,49.7,49.8,223,239
2024-09-23 20:18:00,49.8,49.8,226,239
2024-09-23 20:20:00,49.7,49.6,225,234
2024-09-23 20:22:00,49.6,49.7,226,235
2024-09-23 20:24:00,49.8,49.7,219,243
2024-09-23 20:26:00,50.3,50.2,221,244
2024-09-23 20:28:00,50.4,50.3,221,243
2024-09-23 20:30:00,50.2,50.1,222,242
2024-09-23 20:32:00,50.3,50.1,222,241
2024-09-23 20:34:00,50.4,50.4,221,243
2024-09-23 20:36:00,50.5,50.5,221,244
2024-09-23 20:38:00,50.5,50.5,224,243
2024-09-23 20:40:00,50.7,50.7,221,245
2024-09-23 20:42:00,50.3,50.1,221,241
2024-09-23 20:44:00,49.8,49.9,222,238
2024-09-23 20:46:00,50.1,50.1,221,239
2024-09-23 20:48:00,50.9,50.8,221,245
2024-09-23 20:50:00,51.0,50.9,223,243
2024-09-23 20:52:00,50.7,50.7,221,246
2024-09-23 20:54:00,50.7,50.6,221,243
2024-09-23 20:56:00,50.7,50.8,223,241
2024-09-23 20:58:00,50.7,50.7,223,243
2024-09-23 21:00:00,50.7,50.8,222,242
2024-09-23 21:02:00,50.7,50.7,221,243
2024-09-23 21:04:00,50.8,50.8,221,245
2024-09-23 21:06:00,50.7,50.7,219,247
2024-09-23 21:08:00,50.6,50.6,220,244
2024-09-23 21:10:00,50.5,50.5,223,241
2024-09-23 21:12:00,50.5,50.4,221,240
2024-09-23 21:14:00,50.3,50.4,222,240
2024-09-23 21:16:00,50.8,50.8,222,245
2024-09-23 21:18:00,50.8,50.7,223,243
2024-09-23 21:20:00,50.7,50.6,221,242
2024-09-23 21:22:00,50.6,50.7,223,242
2024-09-23 21:24:00,50.9,50.9,222,245
2024-09-23 21:26:00,50.7,50.7,220,244
2024-09-23 21:28:00,50.7,50.7,221,243
2024-09-23 21:30:00,50.8,50.8,222,245
2024-09-23 21:32:00,50.8,50.8,220,246
2024-09-23 21:34:00,50.9,50.9,221,245
2024-09-23 21:36:00,50.8,50.8,222,245
2024-09-23 21:38:00,50.8,50.8,220,245
2024-09-23 21:40:00,51.0,50.9,221,245
2024-09-23 21:42:00,50.8,50.8,222,245
2024-09-23 21:44:00,50.8,50.9,220,245
2024-09-23 21:46:00,50.7,50.8,220,246
2024-09-23 21:48:00,50.7,50.7,223,243
2024-09-23 21:50:00,50.8,50.8,223,243
2024-09-23 21:52:00,50.9,50.9,221,245
2024-09-23 21:54:00,50.9,50.8,222,246
2024-09-23 21:56:00,50.7,50.5,218,245
2024-09-23 21:58:00,50.6,50.7,216,245
2024-09-23 22:00:00,50.8,50.7,217,248
2024-09-23 22:02:00,50.6,50.7,218,247
2024-09-23 22:04:00,50.7,50.7,216,247
2024-09-23 22:06:00,50.7,50.8,216,247
2024-09-23 22:08:00,50.7,50.7,219,246
2024-09-23 22:10:00,50.7,50.7,222,243
2024-09-23 22:12:00,50.8,50.7,220,245
2024-09-23 22:14:00,50.9,51.0,223,244
2024-09-23 22:16:00,50.8,51.0,221,245
2024-09-23 22:18:00,51.0,51.0,221,245
2024-09-23 22:20:00,50.8,50.8,223,245
2024-09-23 22:22:00,50.7,50.7,223,243
2024-09-23 22:24:00,51.0,51.0,223,246
2024-09-23 22:26:00,50.9,50.9,222,245
2024-09-23 22:28:00,50.8,50.8,221,246
2024-09-23 22:30:00,50.9,50.9,222,245
2024-09-23 22:32:00,51.0,51.0,222,245
2024-09-23 22:34:00,50.9,50.9,222,245
2024-09-23 22:36:00,50.9,50.9,222,245
2024-09-23 22:38:00,51.1,51.1,223,245
2024-09-23 22:40:00,51.0,50.9,223,245
2024-09-23 22:42:00,50.7,50.8,223,243
2024-09-23 22:44:00,50.7,50.8,223,242
2024-09-23 22:46:00,50.8,50.7,223,242
2024-09-23 22:48:00,50.7,50.8,224,242
2024-09-23 22:50:00,51.0,50.9,223,245
2024-09-23 22:52:00,51.0,51.0,223,245
2024-09-23 22:54:00,50.9,51.0,223,245
2024-09-23 22:56:00,51.0,51.0,223,245
2024-09-23 22:58:00,51.2,51.1,223,244
2024-09-23 23:00:00,51.3,51.4,229,241
2024-09-23 23:02:00,51.4,51.3,229,242
2024-09-23 23:04:00,51.4,51.4,229,241
2024-09-23 23:06:00,51.2,51.3,230,242
2024-09-23 23:08:00,51.3,51.4,230,241
2024-09-23 23:10:00,51.2,51.2,228,243
2024-09-23 23:12:00,51.3,51.2,230,241
2024-09-23 23:14:00,51.3,51.5,230,241
2024-09-23 23:16:00,51.3,51.3,229,241
2024-09-23 23:18:00,51.3,51.3,229,242
2024-09-23 23:20:00,51.3,51.3,229,241
2024-09-23 23:22:00,51.3,51.3,229,241
2024-09-23 23:24:00,51.4,51.3,229,241
2024-09-23 23:26:00,51.4,51.3,230,241
2024-09-23 23:28:00,51.3,51.4,229,241
2024-09-23 23:30:00,51.4,51.4,229,241
2024-09-23 23:32:00,51.3,51.3,228,242
2024-09-23 23:34:00,51.2,51.2,229,242
2024-09-23 23:36:00,51.3,51.3,229,242
2024-09-23 23:38:00,51.2,51.2,229,243
2024-09-23 23:40:00,51.0,51.1,230,240
2024-09-23 23:42:00,50.8,50.8,230,238
2024-09-23 23:44:00,51.0,51.1,229,240
2024-09-23 23:46:00,51.2,51.3,228,243
2024-09-23 23:48:00,51.2,51.2,226,245
2024-09-23 23:50:00,51.2,51.2,228,243
2024-09-23 23:52:00,51.3,51.2,228,243
2024-09-23 23:54:00,51.3,51.2,229,243
2024-09-23 23:56:00,51.3,51.3,228,243
2024-09-23 23:58:00,51.1,51.2,229,240
2024-09-24 00:00:00,51.1,51.1,230,240
2024-09-24 00:02:00,51.3,51.1,229,240
2024-09-24 00:04:00,51.4,51.3,229,243
2024-09-24 00:06:00,51.3,51.4,228,243
2024-09-24 00:08:00,51.4,51.3,228,242
2024-09-24 00:10:00,51.3,51.4,229,241
2024-09-24 00:12:00,51.3,51.3,228,242
2024-09-24 00:14:00,51.3,51.3,228,242
2024-09-24 00:16:00,51.3,51.3,228,242
2024-09-24 00:18:00,51.1,51.1,229,240
2024-09-24 00:20:00,51.1,51.2,229,240
2024-09-24 00:22:00,51.3,51.2,229,241
2024-09-24 00:24:00,51.2,51.3,229,241
2024-09-24 00:26:00,51.3,51.3,230,241
2024-09-24 00:28:00,51.1,51.1,230,239
2024-09-24 00:30:00,51.3,51.3,229,241
2024-09-24 00:32:00,51.3,51.3,229,242
2024-09-24 00:34:00,51.3,51.3,229,241
2024-09-24 00:36:00,51.4,51.3,229,242
2024-09-24 00:38:00,51.2,51.3,229,242
2024-09-24 00:40:00,51.3,51.3,228,242
2024-09-24 00:42:00,51.4,51.4,228,243
2024-09-24 00:44:00,51.2,51.2,228,243
2024-09-24 00:46:00,51.2,51.2,228,243
2024-09-24 00:48:00,51.3,51.2,228,243
2024-09-24 00:50:00,51.3,51.2,228,243
2024-09-24 00:52:00,51.3,51.3,228,243
2024-09-24 00:54:00,51.3,51.3,228,243
2024-09-24 00:56:00,51.2,51.3,228,243
2024-09-24 00:58:00,51.2,51.3,228,243
2024-09-24 01:00:00,51.0,51.1,229,240
2024-09-24 01:02:00,51.1,51.2,228,240
2024-09-24 01:04:00,51.2,51.3,228,243
2024-09-24 01:06:00,51.2,51.3,228,243
2024-09-24 01:08:00,51.4,51.2,228,243
2024-09-24 01:10:00,51.2,51.3,228,243
2024-09-24 01:12:00,51.2,51.2,228,243
2024-09-24 01:14:00,51.3,51.2,228,243
2024-09-24 01:16:00,51.1,51.1,225,244
2024-09-24 01:18:00,50.8,50.9,226,241
2024-09-24 01:20:00,51.1,51.1,226,243
2024-09-24 01:22:00,51.1,51.2,226,243
2024-09-24 01:24:00,51.2,51.2,226,243
2024-09-24 01:26:00,51.2,51.2,226,243
2024-09-24 01:28:00,51.2,51.2,226,243
2024-09-24 01:30:00,51.1,51.1,226,243
2024-09-24 01:32:00,50.9,51.0,226,243
2024-09-24 01:34:00,50.8,50.9,226,242
2024-09-24 01:36:00,50.9,50.8,226,242
2024-09-24 01:38:00,50.8,50.7,226,240
2024-09-24 01:40:00,50.9,50.9,226,242
2024-09-24 01:42:00,51.2,51.1,225,244
2024-09-24 01:44:00,51.3,51.4,228,243
2024-09-24 01:46:00,51.3,51.3,228,243
2024-09-24 01:48:00,51.1,51.1,226,244
2024-09-24 01:50:00,51.3,51.1,226,243
2024-09-24 01:52:00,51.1,51.1,226,243
2024-09-24 01:54:00,50.8,50.8,226,242
2024-09-24 01:56:00,50.8,50.6,224,244
2024-09-24 01:58:00,51.1,51.1,230,240
2024-09-24 02:00:00,50.8,50.8,230,238
2024-09-24 02:02:00,50.8,50.8,226,242
2024-09-24 02:04:00,51.1,51.2,226,245
2024-09-24 02:06:00,51.4,51.4,229,243
2024-09-24 02:08:00,51.3,51.2,228,243
2024-09-24 02:10:00,51.3,51.2,228,244
2024-09-24 02:12:00,51.3,51.3,228,243
2024-09-24 02:14:00,51.3,51.3,228,243
2024-09-24 02:16:00,51.1,51.1,229,240
2024-09-24 02:18:00,51.1,51.1,230,240
2024-09-24 02:20:00,51.1,51.2,227,244
2024-09-24 02:22:00,51.3,51.2,228,243
2024-09-24 02:24:00,51.3,51.3,228,243
2024-09-24 02:26:00,51.1,51.1,229,240
2024-09-24 02:28:00,51.3,51.2,231,240
2024-09-24 02:30:00,51.1,51.2,231,240
2024-09-24 02:32:00,51.4,51.3,230,242
2024-09-24 02:34:00,51.4,51.4,230,242
2024-09-24 02:36:00,51.3,51.3,229,242
2024-09-24 02:38:00,51.4,51.3,229,242
2024-09-24 02:40:00,51.5,51.3,229,243
2024-09-24 02:42:00,51.3,51.3,228,243
2024-09-24 02:44:00,51.4,51.3,228,243
2024-09-24 02:46:00,51.3,51.3,230,241
2024-09-24 02:48:00,51.3,51.3,230,241
2024-09-24 02:50:00,51.3,51.3,230,241
2024-09-24 02:52:00,51.2,51.3,231,238
2024-09-24 02:54:00,51.1,51.1,231,239
2024-09-24 02:56:00,51.2,51.3,230,241
2024-09-24 02:58:00,51.3,51.5,229,242
2024-09-24 03:00:00,51.1,51.2,230,239
2024-09-24 03:02:00,51.2,51.2,231,239
2024-09-24 03:04:00,51.3,51.2,228,243
2024-09-24 03:06:00,50.9,51.0,226,245
2024-09-24 03:08:00,51.2,51.2,228,243
2024-09-24 03:10:00,51.2,51.3,228,243
2024-09-24 03:12:00,51.2,51.3,228,243
2024-09-24 03:14:00,51.2,51.3,229,243
2024-09-24 03:16:00,51.4,51.3,229,243
2024-09-24 03:18:00,51.3,51.2,228,243
2024-09-24 03:20:00,51.2,51.4,229,243
2024-09-24 03:22:00,51.2,51.3,228,242
2024-09-24 03:24:00,51.2,51.2,229,243
2024-09-24 03:26:00,51.3,51.3,229,242
2024-09-24 03:28:00,51.3,51.2,229,242
2024-09-24 03:30:00,51.2,51.2,229,241
2024-09-24 03:32:00,51.3,51.2,228,243
2024-09-24 03:34:00,51.3,51.2,228,243
2024-09-24 03:36:00,51.2,51.2,228,242
2024-09-24 03:38:00,51.4,51.4,229,242
2024-09-24 03:40:00,51.4,51.3,229,242
2024-09-24 03:42:00,51.3,51.2,231,238
2024-09-24 03:44:00,51.1,51.1,230,240
2024-09-24 03:46:00,51.3,51.3,229,241
2024-09-24 03:48:00,51.2,51.4,229,241
2024-09-24 03:50:00,51.2,51.3,229,241
2024-09-24 03:52:00,51.1,51.1,230,239
2024-09-24 03:54:00,50.9,50.9,228,240
2024-09-24 03:56:00,51.4,51.3,229,241
2024-09-24 03:58:00,51.3,51.2,229,242
2024-09-24 04:00:00,51.3,51.2,229,242
2024-09-24 04:02:00,51.3,51.3,228,242
2024-09-24 04:04:00,51.2,51.3,228,242
2024-09-24 04:06:00,51.2,51.1,231,238
2024-09-24 04:08:00,51.1,51.1,229,240
2024-09-24 04:10:00,51.1,51.1,230,239
2024-09-24 04:12:00,50.8,50.8,228,240
2024-09-24 04:14:00,51.2,51.3,228,242
2024-09-24 04:16:00,51.1,51.0,229,240
2024-09-24 04:18:00,50.8,51.0,229,240
2024-09-24 04:20:00,51.3,51.2,228,242
2024-09-24 04:22:00,51.2,51.1,228,243
2024-09-24 04:24:00,51.2,51.2,228,242
2024-09-24 04:26:00,51.2,51.2,228,243
2024-09-24 04:28:00,51.3,51.2,228,243
2024-09-24 04:30:00,51.1,51.2,228,243
2024-09-24 04:32:00,51.2,51.1,228,241
2024-09-24 04:34:00,51.2,51.1,228,241
2024-09-24 04:36:00,51.2,51.1,228,241
2024-09-24 04:38:00,51.1,51.1,228,241
2024-09-24 04:40:00,51.2,51.2,229,240
2024-09-24 04:42:00,51.1,51.2,228,241
2024-09-24 04:44:00,51.1,51.1,228,241
2024-09-24 04:46:00,51.1,51.1,228,242
2024-09-24 04:48:00,51.2,51.2,228,240
2024-09-24 04:50:00,50.9,50.9,229,238
2024-09-24 04:52:00,50.8,50.7,230,236
2024-09-24 04:54:00,50.8,50.8,229,238
2024-09-24 04:56:00,50.9,50.8,229,239
2024-09-24 04:58:00,50.9,50.9,228,239
2024-09-24 05:00:00,50.8,50.8,228,238
2024-09-24 05:02:00,50.8,50.9,228,239
2024-09-24 05:04:00,50.6,50.6,227,240
2024-09-24 05:06:00,50.7,50.7,228,240
2024-09-24 05:08:00,50.6,50.7,228,238
2024-09-24 05:10:00,50.5,50.6,228,239
2024-09-24 05:12:00,50.6,50.5,228,239
2024-09-24 05:14:00,50.6,50.6,228,239
2024-09-24 05:16:00,50.6,50.5,228,238
2024-09-24 05:18:00,50.6,50.6,228,238
2024-09-24 05:20:00,50.6,50.6,228,239
2024-09-24 05:22:00,50.5,50.6,228,239
2024-09-24 05:24:00,50.6,50.6,228,238
2024-09-24 05:26:00,50.5,50.5,227,240
2024-09-24 05:28:00,50.4,50.4,225,242
2024-09-24 05:30:00,50.3,50.4,226,241
2024-09-24 05:32:00,50.4,50.4,225,242
2024-09-24 05:34:00,50.6,50.6,227,240
2024-09-24 05:36:00,50.6,50.5,227,240
2024-09-24 05:38:00,50.5,50.5,228,240
2024-09-24 05:40:00,50.5,50.5,228,240
2024-09-24 05:42:00,50.5,50.5,228,238
2024-09-24 05:44:00,50.5,50.5,227,239
2024-09-24 05:46:00,50.4,50.4,226,240
2024-09-24 05:48:00,50.4,50.4,226,240
2024-09-24 05:50:00,50.6,50.5,226,240
2024-09-24 05:52:00,50.5,50.5,228,237
2024-09-24 05:54:00,50.1,50.3,225,240
2024-09-24 05:56:00,50.3,50.3,226,239
2024-09-24 05:58:00,50.3,50.4,226,239
2024-09-24 06:00:00,50.2,50.3,221,241
2024-09-24 06:02:00,50.2,50.1,221,241
2024-09-24 06:04:00,50.3,50.3,221,240
2024-09-24 06:06:00,50.5,50.4,224,238
2024-09-24 06:08:00,50.5,50.4,223,241
2024-09-24 06:10:00,50.3,50.3,223,240
2024-09-24 06:12:00,49.8,49.9,223,234
2024-09-24 06:14:00,49.9,49.8,223,233
2024-09-24 06:16:00,49.9,50.1,223,234
2024-09-24 06:18:00,50.2,50.2,223,236
2024-09-24 06:20:00,50.4,50.3,225,236
2024-09-24 06:22:00,50.4,50.5,223,236
2024-09-24 06:24:00,50.3,50.4,223,237
2024-09-24 06:26:00,50.3,50.3,222,238
2024-09-24 06:28:00,50.0,50.1,221,236
2024-09-24 06:30:00,50.2,50.3,223,236
2024-09-24 06:32:00,50.3,50.1,223,238
2024-09-24 06:34:00,50.2,50.2,221,238
2024-09-24 06:36:00,50.3,50.3,222,238
2024-09-24 06:38:00,50.4,50.4,223,238
2024-09-24 06:40:00,50.1,50.1,222,237
2024-09-24 06:42:00,50.3,50.2,219,238
2024-09-24 06:44:00,50.2,50.2,223,236
2024-09-24 06:46:00,50.2,50.2,223,234
2024-09-24 06:48:00,50.3,50.3,223,234
2024-09-24 06:50:00,49.8,50.0,223,234
2024-09-24 06:52:00,49.7,49.8,220,238
2024-09-24 06:54:00,49.9,49.9,223,235
2024-09-24 06:56:00,50.0,49.9,222,236
2024-09-24 06:58:00,49.8,49.8,219,237
2024-09-24 07:00:00,50.1,50.0,221,237
2024-09-24 07:02:00,50.1,50.1,221,236
2024-09-24 07:04:00,49.8,49.8,216,238
2024-09-24 07:06:00,50.1,50.1,224,235
2024-09-24 07:08:00,50.2,50.2,226,236
2024-09-24 07:10:00,50.1,50.1,225,236
2024-09-24 07:12:00,49.9,49.9,222,237
2024-09-24 07:14:00,50.1,50.0,222,237
2024-09-24 07:16:00,49.9,50.0,223,236
2024-09-24 07:18:00,49.8,49.9,221,236
2024-09-24 07:20:00,49.7,49.8,221,237
2024-09-24 07:22:00,49.8,49.8,223,235
2024-09-24 07:24:00,49.9,49.8,217,238
2024-09-24 07:26:00,49.9,50.0,220,237
2024-09-24 07:28:00,50.2,50.1,226,235
2024-09-24 07:30:00,50.0,50.1,221,237
2024-09-24 07:32:00,49.9,49.9,218,238
2024-09-24 07:34:00,50.0,50.0,222,235
2024-09-24 07:36:00,50.1,50.2,226,235
2024-09-24 07:38:00,49.9,50,219,238
2024-09-24 07:40:00,50.1,50.0,219,238
2024-09-24 07:42:00,50.0,50.0,221,236
2024-09-24 07:44:00,50.1,49.9,221,236
2024-09-24 07:46:00,50.0,50.2,221,236
2024-09-24 07:48:00,50.1,50.1,226,236
2024-09-24 07:50:00,50.1,50.1,223,236
2024-09-24 07:52:00,49.8,50.0,215,240
2024-09-24 07:54:00,50.1,50.0,219,239
2024-09-24 07:56:00,50.3,50.2,224,236
2024-09-24 07:58:00,50.1,49.9,222,236
2024-09-24 08:00:00,49.9,49.9,219,234
2024-09-24 08:02:00,50.0,50.0,221,236
2024-09-24 08:04:00,50.0,50,220,236
2024-09-24 08:06:00,50.4,50.3,218,236
2024-09-24 08:08:00,50.2,50.3,219,236
2024-09-24 08:10:00,49.9,50.0,217,238
2024-09-24 08:12:00,49.9,49.9,214,238
2024-09-24 08:14:00,49.9,49.8,211,238
2024-09-24 08:16:00,50.0,50.0,214,233
2024-09-24 08:18:00,49.8,49.9,215,235
2024-09-24 08:20:00,50.1,50.0,216,236
2024-09-24 08:22:00,50.3,49.9,218,236
2024-09-24 08:24:00,50.1,50.1,216,237
2024-09-24 08:26:00,50.2,50,218,236
2024-09-24 08:28:00,50.0,49.9,216,236
2024-09-24 08:30:00,49.9,50.0,212,239
2024-09-24 08:32:00,50.0,49.9,214,240
2024-09-24 08:34:00,50.3,50.2,217,241
2024-09-24 08:36:00,50.0,50.0,215,241
2024-09-24 08:38:00,50.1,49.9,213,241
2024-09-24 08:40:00,50.2,50.2,217,239
2024-09-24 08:42:00,50.0,49.9,217,240
2024-09-24 08:44:00,50.1,50.2,211,241
2024-09-24 08:46:00,50.2,50.0,214,240
2024-09-24 08:48:00,50.1,50.2,214,241
2024-09-24 08:50:00,50.1,50.3,219,238
2024-09-24 08:52:00,50.2,50.1,214,240
2024-09-24 08:54:00,50.2,50.1,216,239
2024-09-24 08:56:00,50.2,50.1,216,241
2024-09-24 08:58:00,49.9,49.8,213,243
2024-09-24 09:00:00,50.1,50.0,210,243
2024-09-24 09:02:00,49.9,50.0,212,241
2024-09-24 09:04:00,50.3,50.2,215,241
2024-09-24 09:06:00,50.2,50.0,214,242
2024-09-24 09:08:00,50.0,50.1,211,243
2024-09-24 09:10:00,50.2,50.2,212,242
2024-09-24 09:12:00,49.9,50.0,214,241
2024-09-24 09:14:00,50.1,50.1,216,238
2024-09-24 09:16:00,50.0,50.0,214,240
2024-09-24 09:18:00,50.0,50.0,211,240
2024-09-24 09:20:00,50.3,50.3,215,240
2024-09-24 09:22:00,50.0,50.2,217,240
2024-09-24 09:24:00,50.2,50.2,212,242
2024-09-24 09:26:00,49.7,49.7,209,242
2024-09-24 09:28:00,49.8,49.8,214,240
2024-09-24 09:30:00,49.7,49.7,214,243
2024-09-24 09:32:00,49.6,49.8,210,242
2024-09-24 09:34:00,49.6,49.6,210,242
2024-09-24 09:36:00,49.8,49.7,213,240
2024-09-24 09:38:00,49.8,49.7,214,242
2024-09-24 09:40:00,49.8,49.8,214,243
2024-09-24 09:42:00,49.7,49.8,212,241
2024-09-24 09:44:00,49.7,49.7,210,244
2024-09-24 09:46:00,49.8,49.7,212,241
2024-09-24 09:48:00,49.9,49.9,213,243
2024-09-24 09:50:00,49.7,49.6,209,242
2024-09-24 09:52:00,49.6,49.6,209,243
2024-09-24 09:54:00,49.8,49.8,211,243
2024-09-24 09:56:00,49.7,49.7,211,240
2024-09-24 09:58:00,49.5,49.6,209,241
2024-09-24 10:00:00,49.6,49.7,212,240
2024-09-24 10:02:00,49.6,49.7,210,242
2024-09-24 10:04:00,49.6,49.8,212,243
2024-09-24 10:06:00,49.6,49.6,212,244
2024-09-24 10:08:00,49.6,49.6,211,243
2024-09-24 10:10:00,49.2,49.2,208,244
2024-09-24 10:12:00,49.4,49.5,209,245
2024-09-24 10:14:00,49.5,49.5,214,240
2024-09-24 10:16:00,49.3,49.4,214,241
2024-09-24 10:18:00,49.3,49.4,210,243
2024-09-24 10:20:00,49.5,49.3,211,241
2024-09-24 10:22:00,49.3,49.3,210,245
2024-09-24 10:24:00,49.4,49.5,207,244
2024-09-24 10:26:00,49.4,49.4,213,240
2024-09-24 10:28:00,49.2,49.2,211,241
2024-09-24 10:30:00,49.1,49.2,209,243
2024-09-24 10:32:00,49.0,49.0,209,243
2024-09-24 10:34:00,49.3,49.3,212,238
2024-09-24 10:36:00,49.4,49.4,215,240
2024-09-24 10:38:00,49.2,49.2,207,243
2024-09-24 10:40:00,49.3,49.3,207,242
2024-09-24 10:42:00,49.2,49.3,208,240
2024-09-24 10:44:00,49.4,49.4,195,200
2024-09-24 10:46:00,49.3,49.2,198,199
2024-09-24 10:48:00,49.3,49.4,195,202
2024-09-24 10:50:00,49.5,49.4,189,208
2024-09-24 10:52:00,49.6,49.6,197,203
2024-09-24 10:54:00,49.3,49.4,197,200
2024-09-24 10:56:00,49.7,49.7,199,200
2024-09-24 10:58:00,49.6,49.7,197,209
2024-09-24 11:00:00,49.2,49.2,187,208
2024-09-24 11:02:00,49.6,49.6,198,205
2024-09-24 11:04:00,49.1,49.1,192,212
2024-09-24 11:06:00,49.5,49.4,197,207
2024-09-24 11:08:00,49.8,49.7,199,204
2024-09-24 11:10:00,49.3,49.3,194,208
2024-09-24 11:12:00,49.3,49.2,187,214
2024-09-24 11:14:00,49.4,49.4,192,207
2024-09-24 11:16:00,49.4,49.4,190,207
2024-09-24 11:18:00,49.4,49.4,190,207
2024-09-24 11:20:00,49.4,49.4,186,212
2024-09-24 11:22:00,49.3,49.3,190,209
2024-09-24 11:24:00,49.4,49.3,190,206
2024-09-24 11:26:00,49.2,49.2,193,204
2024-09-24 11:28:00,49.5,49.4,194,203
2024-09-24 11:30:00,49.5,49.5,189,207
2024-09-24 11:32:00,49.3,49.3,187,207
2024-09-24 11:34:00,49.7,49.7,187,204
2024-09-24 11:36:00,49.4,49.3,190,204
2024-09-24 11:38:00,49.3,49.3,190,201
2024-09-24 11:40:00,49.3,49.3,190,204
2024-09-24 11:42:00,49.3,49.3,194,209
2024-09-24 11:44:00,49.4,49.3,186,209
2024-09-24 11:46:00,49.4,49.4,189,212
2024-09-24 11:48:00,49.4,49.5,190,211
2024-09-24 11:50:00,49.7,49.7,187,206
2024-09-24 11:52:00,49.6,49.6,192,204
2024-09-24 11:54:00,49.6,49.7,192,206
2024-09-24 11:56:00,49.5,49.5,192,198
2024-09-24 11:58:00,49.2,49.2,189,207
2024-09-24 12:00:00,49.5,49.5,190,204
2024-09-24 12:02:00,49.6,49.6,187,207
2024-09-24 12:04:00,49.9,50.0,187,210
2024-09-24 12:06:00,49.7,49.6,194,199
2024-09-24 12:08:00,49.1,49.2,190,203
2024-09-24 12:10:00,49.3,49.3,186,209
2024-09-24 12:12:00,49.3,49.3,192,204
2024-09-24 12:14:00,49.7,49.8,196,202
2024-09-24 12:16:00,6536,3937,0,0
2024-09-24 12:18:00,4926,1706,0,0
2024-09-24 12:20:00,50.8,50.9,216,238
2024-09-24 12:22:00,50.9,50.9,218,234
2024-09-24 12:24:00,50.3,50.4,209,246
2024-09-24 12:26:00,50.3,50.3,211,245
2024-09-24 12:28:00,50.3,50.4,210,244
2024-09-24 12:30:00,50.3,50.4,209,243
2024-09-24 12:32:00,50.2,50.3,211,243
2024-09-24 12:34:00,50.3,50.4,214,244
2024-09-24 12:36:00,50.4,50.4,211,242
2024-09-24 12:38:00,50.5,50.5,212,241
2024-09-24 12:40:00,50.5,50.5,212,240
2024-09-24 12:42:00,50.6,50.5,210,242
2024-09-24 12:44:00,50.6,50.6,213,238
2024-09-24 12:46:00,50.6,50.5,211,238
2024-09-24 12:48:00,50.6,50.6,210,240
2024-09-24 12:50:00,50.5,50.5,210,240
2024-09-24 12:52:00,50.4,50.5,210,240
2024-09-24 12:54:00,50.5,50.5,211,241
2024-09-24 12:56:00,50.6,50.5,212,240
2024-09-24 12:58:00,50.5,50.5,214,240
2024-09-24 13:00:00,50.4,50.4,210,241
2024-09-24 13:02:00,50.4,50.2,210,241
2024-09-24 13:04:00,50.2,50.2,202,244
2024-09-24 13:06:00,50.5,50.4,207,244
2024-09-24 13:08:00,50.4,50.4,209,240
2024-09-24 13:10:00,50.4,50.5,210,241
2024-09-24 13:12:00,50.5,50.5,207,243
2024-09-24 13:14:00,50.9,51.0,209,239
2024-09-24 13:16:00,51.0,51.0,209,240
2024-09-24 13:18:00,51.0,51.0,209,238
2024-09-24 13:20:00,51.1,51.1,214,237
2024-09-24 13:22:00,51.1,51.1,214,237
2024-09-24 13:24:00,50.8,50.9,210,240
2024-09-24 13:26:00,51.0,50.9,210,240
2024-09-24 13:28:00,50.9,51.0,212,240
2024-09-24 13:30:00,50.8,50.9,209,240
2024-09-24 13:32:00,51.2,51.1,214,240
2024-09-24 13:34:00,51.1,51.1,212,241
2024-09-24 13:36:00,51.1,51.2,211,241
2024-09-24 13:38:00,51.2,51.3,209,241
2024-09-24 13:40:00,51.3,51.3,214,242
2024-09-24 13:42:00,51.4,51.5,215,242
2024-09-24 13:44:00,51.3,51.1,212,243
2024-09-24 13:46:00,51.0,51.1,209,245
2024-09-24 13:48:00,51.1,51.1,210,243
2024-09-24 13:50:00,51.1,51.1,209,245
2024-09-24 13:52:00,51.1,51.1,209,245
2024-09-24 13:54:00,51.1,51.0,214,242
2024-09-24 13:56:00,51.3,51.2,211,244
2024-09-24 13:58:00,51.5,51.5,206,243
2024-09-24 14:00:00,51.5,51.4,206,240
2024-09-24 14:02:00,51.9,51.8,213,238
2024-09-24 14:04:00,51.9,52.0,214,240
2024-09-24 14:06:00,52.1,51.8,214,240
2024-09-24 14:08:00,51.8,51.7,209,241
2024-09-24 14:10:00,51.7,51.5,204,241
2024-09-24 14:12:00,51.4,51.4,210,239
2024-09-24 14:14:00,51.4,51.5,210,243
2024-09-24 14:16:00,51.9,52.0,209,239
2024-09-24 14:18:00,51.5,51.6,217,238
2024-09-24 14:20:00,51.7,51.9,213,239
2024-09-24 14:22:00,51.6,51.7,211,239
2024-09-24 14:24:00,51.4,51.7,211,240
2024-09-24 14:26:00,51.6,51.6,211,236
2024-09-24 14:28:00,51.7,51.7,215,236
2024-09-24 14:30:00,51.6,51.6,211,240
2024-09-24 14:32:00,51.6,51.6,212,240
2024-09-24 14:34:00,51.6,51.7,206,242
2024-09-24 14:36:00,51.5,51.5,208,242
2024-09-24 14:38:00,51.6,51.6,213,240
2024-09-24 14:40:00,51.2,51.3,209,244
2024-09-24 14:42:00,51.2,51.3,208,243
2024-09-24 14:44:00,51.4,51.4,209,243
2024-09-24 14:46:00,51.4,51.3,209,243
2024-09-24 14:48:00,51.3,51.2,209,240
2024-09-24 14:50:00,51.1,51.2,207,244
2024-09-24 14:52:00,51.1,51.1,206,244
2024-09-24 14:54:00,51.3,51.2,207,243
2024-09-24 14:56:00,51.2,51.2,207,242
2024-09-24 14:58:00,51.4,51.4,210,238
2024-09-24 15:00:00,51.3,51.2,210,236
2024-09-24 15:02:00,51.3,51.2,209,239
2024-09-24 15:04:00,51.3,51.2,209,244
2024-09-24 15:06:00,51.2,51.2,209,242
2024-09-24 15:08:00,51.3,51.3,211,243
2024-09-24 15:10:00,51.5,51.4,211,240
2024-09-24 15:12:00,51.5,51.6,212,243
2024-09-24 15:14:00,51.3,51.3,206,245
2024-09-24 15:16:00,51.3,51.4,208,242
2024-09-24 15:18:00,51.5,51.5,215,240
2024-09-24 15:20:00,51.3,51.2,209,240
2024-09-24 15:22:00,51.1,51.2,208,240
2024-09-24 15:24:00,51.4,51.5,212,240
2024-09-24 15:26:00,51.5,51.6,216,240
2024-09-24 15:28:00,51.5,51.5,214,242
2024-09-24 15:30:00,51.5,51.6,214,245
2024-09-24 15:32:00,51.4,51.4,216,246
2024-09-24 15:34:00,51.3,51.2,213,242
2024-09-24 15:36:00,51.5,51.4,216,241
2024-09-24 15:38:00,51.6,51.5,218,243
2024-09-24 15:40:00,51.6,51.5,212,243
2024-09-24 15:42:00,51.6,51.8,212,243
2024-09-24 15:44:00,51.5,51.5,212,241
2024-09-24 15:46:00,51.8,51.9,215,241
2024-09-24 15:48:00,51.7,51.5,211,245
2024-09-24 15:50:00,51.7,51.7,213,243
2024-09-24 15:52:00,51.5,51.4,209,245
2024-09-24 15:54:00,51.8,51.7,217,240
2024-09-24 15:56:00,52.1,51.9,217,242
2024-09-24 15:58:00,51.3,51.3,213,245
2024-09-24 16:00:00,51.4,51.3,214,246
2024-09-24 16:02:00,51.6,51.4,213,245
2024-09-24 16:04:00,51.5,51.6,215,245
2024-09-24 16:06:00,51.5,51.5,215,245
2024-09-24 16:08:00,51.4,51.4,213,245
2024-09-24 16:10:00,51.3,51.3,213,246
2024-09-24 16:12:00,51.2,51.2,210,247
2024-09-24 16:14:00,51.3,51.3,211,246
2024-09-24 16:16:00,51.5,51.6,214,245
2024-09-24 16:18:00,51.7,51.5,216,245
2024-09-24 16:20:00,51.5,51.7,219,243
2024-09-24 16:22:00,51.8,51.8,221,243
2024-09-24 16:24:00,51.8,51.7,219,243
2024-09-24 16:26:00,51.7,51.8,216,244
2024-09-24 16:28:00,51.5,51.3,211,244
2024-09-24 16:30:00,51.5,51.5,211,246
2024-09-24 16:32:00,51.9,51.9,219,244
2024-09-24 16:34:00,51.7,51.7,216,245
2024-09-24 16:36:00,51.7,51.7,216,242
2024-09-24 16:38:00,51.9,51.8,216,243
2024-09-24 16:40:00,52.0,52.0,220,241
2024-09-24 16:42:00,52.0,52.0,219,242
2024-09-24 16:44:00,51.7,51.8,216,243
2024-09-24 16:46:00,51.7,51.7,216,243
2024-09-24 16:48:00,51.8,51.8,219,243
2024-09-24 16:50:00,51.9,52.0,218,242
2024-09-24 16:52:00,51.6,51.8,216,241
2024-09-24 16:54:00,51.6,51.6,215,242
2024-09-24 16:56:00,51.5,51.4,215,240
2024-09-24 16:58:00,52.0,51.9,219,242
2024-09-24 17:00:00,51.8,51.7,217,242
2024-09-24 17:02:00,51.8,51.8,218,242
2024-09-24 17:04:00,51.7,51.7,217,243
2024-09-24 17:06:00,52.0,52.0,220,242
2024-09-24 17:08:00,51.5,51.5,213,244
2024-09-24 17:10:00,51.5,51.5,213,241
2024-09-24 17:12:00,51.7,51.5,213,244
2024-09-24 17:14:00,52.0,51.9,219,242
2024-09-24 17:16:00,51.5,51.5,214,240
2024-09-24 17:18:00,51.6,51.7,215,244
2024-09-24 17:20:00,51.8,51.8,216,244
2024-09-24 17:22:00,52.1,52.1,220,243
2024-09-24 17:24:00,51.6,51.7,216,240
2024-09-24 17:26:00,51.2,51.1,214,243
2024-09-24 17:28:00,50.8,50.7,211,242
2024-09-24 17:30:00,50.9,50.9,215,238
2024-09-24 17:32:00,50.7,50.8,214,243
2024-09-24 17:34:00,50.7,50.8,214,242
2024-09-24 17:36:00,50.8,50.8,214,243
2024-09-24 17:38:00,50.9,50.9,214,241
2024-09-24 17:40:00,50.9,51.0,213,242
2024-09-24 17:42:00,50.7,50.9,211,243
2024-09-24 17:44:00,50.8,50.8,214,242
2024-09-24 17:46:00,50.7,50.7,214,241
2024-09-24 17:48:00,50.6,50.6,211,242
2024-09-24 17:50:00,50.6,50.7,214,240
2024-09-24 17:52:00,50.8,50.8,211,239
2024-09-24 17:54:00,50.8,50.9,214,242
2024-09-24 17:56:00,50.9,50.9,211,244
2024-09-24 17:58:00,50.7,50.7,208,244
2024-09-24 18:00:00,50.6,50.7,207,244
2024-09-24 18:02:00,50.8,50.8,214,244
2024-09-24 18:04:00,50.6,50.7,209,243
2024-09-24 18:06:00,50.8,50.8,209,245
2024-09-24 18:08:00,50.7,50.7,211,243
2024-09-24 18:10:00,50.9,50.8,214,244
2024-09-24 18:12:00,50.7,50.6,211,244
2024-09-24 18:14:00,50.7,50.7,211,245
2024-09-24 18:16:00,50.7,50.8,218,242
2024-09-24 18:18:00,50.6,50.6,216,240
2024-09-24 18:20:00,50.6,50.6,213,242
2024-09-24 18:22:00,50.7,50.6,211,242
2024-09-24 18:24:00,50.7,50.9,209,245
2024-09-24 18:26:00,50.8,50.8,211,245
2024-09-24 18:28:00,50.7,50.7,209,247
2024-09-24 18:30:00,50.8,50.7,211,245
2024-09-24 18:32:00,50.9,50.9,212,245
2024-09-24 18:34:00,50.8,50.9,212,245
2024-09-24 18:36:00,50.8,50.8,211,245
2024-09-24 18:38:00,50.8,50.8,209,245
2024-09-24 18:40:00,50.9,50.9,213,244
2024-09-24 18:42:00,50.9,50.8,214,244
2024-09-24 18:44:00,50.8,50.7,212,245
2024-09-24 18:46:00,51.1,51.1,212,245
2024-09-24 18:48:00,51.0,51.2,217,245
2024-09-24 18:50:00,51.2,51.1,216,242
2024-09-24 18:52:00,51.2,51.2,210,247
2024-09-24 18:54:00,51.3,51.2,211,245
2024-09-24 18:56:00,51.2,51.3,216,244
2024-09-24 18:58:00,51.2,51.1,211,244
2024-09-24 19:00:00,51.3,51.2,211,245
2024-09-24 19:02:00,51.1,51.1,211,243
2024-09-24 19:04:00,51.1,51.3,214,244
2024-09-24 19:06:00,51.5,51.6,212,249
2024-09-24 19:08:00,51.5,51.6,212,249
2024-09-24 19:10:00,51.5,51.4,214,245
2024-09-24 19:12:00,51.6,51.5,215,248
2024-09-24 19:14:00,51.6,51.7,214,249
2024-09-24 19:16:00,51.6,51.6,216,248
2024-09-24 19:18:00,51.6,51.7,216,248
2024-09-24 19:20:00,51.5,51.4,216,248
2024-09-24 19:22:00,51.3,51.4,216,248
2024-09-24 19:24:00,51.5,51.5,216,248
2024-09-24 19:26:00,51.6,51.6,216,247
2024-09-24 19:28:00,51.6,51.7,217,247
2024-09-24 19:30:00,51.7,51.6,216,248
2024-09-24 19:32:00,51.5,51.5,215,248
2024-09-24 19:34:00,51.7,51.6,215,248
2024-09-24 19:36:00,51.5,51.4,216,247
2024-09-24 19:38:00,51.4,51.5,215,247
2024-09-24 19:40:00,51.7,51.8,216,247
2024-09-24 19:42:00,51.9,51.9,222,246
2024-09-24 19:44:00,52.0,51.9,222,245
2024-09-24 19:46:00,52.1,52.2,222,245
2024-09-24 19:48:00,52.3,52.2,222,246
2024-09-24 19:50:00,51.2,51.3,217,245
2024-09-24 19:52:00,51.3,51.3,218,245
2024-09-24 19:54:00,51.3,51.3,218,245
2024-09-24 19:56:00,51.3,51.3,219,245
2024-09-24 19:58:00,51.4,51.2,219,245
2024-09-24 20:00:00,51.2,51.2,218,243
2024-09-24 20:02:00,51.2,51.3,219,242
2024-09-24 20:04:00,51.1,51.3,219,242
2024-09-24 20:06:00,51.2,51.2,216,242
2024-09-24 20:08:00,51.3,51.4,219,245
2024-09-24 20:10:00,51.3,51.4,221,244
2024-09-24 20:12:00,51.4,51.3,219,245
2024-09-24 20:14:00,51.3,51.3,219,245
2024-09-24 20:16:00,51.4,51.3,220,245
2024-09-24 20:18:00,51.4,51.4,219,243
2024-09-24 20:20:00,51.4,51.4,219,243
2024-09-24 20:22:00,51.3,51.3,219,241
2024-09-24 20:24:00,51.4,51.5,221,243
2024-09-24 20:26:00,51.2,51.3,216,242
2024-09-24 20:28:00,51.3,51.3,218,241
2024-09-24 20:30:00,51.3,51.3,219,244
2024-09-24 20:32:00,51.3,51.4,219,244
2024-09-24 20:34:00,51.3,51.3,219,245
2024-09-24 20:36:00,51.3,51.4,220,245
2024-09-24 20:38:00,51.3,51.3,220,245
2024-09-24 20:40:00,51.2,51.4,219,244
2024-09-24 20:42:00,51.3,51.3,219,245
2024-09-24 20:44:00,51.4,51.3,220,245
2024-09-24 20:46:00,51.2,51.2,217,243
2024-09-24 20:48:00,51.3,51.4,219,245
2024-09-24 20:50:00,51.2,51.3,223,244
2024-09-24 20:52:00,51.4,51.4,223,241
2024-09-24 20:54:00,51.3,51.3,222,240
2024-09-24 20:56:00,51.5,51.4,224,242
2024-09-24 20:58:00,51.5,51.5,225,241
2024-09-24 21:00:00,51.5,51.5,226,240
2024-09-24 21:02:00,52.1,52.1,225,238
2024-09-24 21:04:00,53.6,53.6,225,240
2024-09-24 21:06:00,53.6,53.6,224,239
2024-09-24 21:08:00,52.6,52.6,224,241
2024-09-24 21:10:00,53.7,53.8,222,240
2024-09-24 21:12:00,53.5,53.6,221,240
2024-09-24 21:14:00,53.6,53.5,222,240
2024-09-24 21:16:00,54.5,54.5,223,241
2024-09-24 21:18:00,54.5,54.5,224,241
2024-09-24 21:20:00,54.2,54.3,223,242
2024-09-24 21:22:00,54.5,54.7,226,240
2024-09-24 21:24:00,54.4,54.5,226,241
2024-09-24 21:26:00,54.1,54.2,224,243
2024-09-24 21:28:00,53.8,53.9,227,243
2024-09-24 21:30:00,51.3,51.4,224,240
2024-09-24 21:32:00,51.7,51.6,223,247
2024-09-24 21:34:00,51.6,51.6,222,242
2024-09-24 21:36:00,51.6,51.6,220,248
2024-09-24 21:38:00,51.6,51.6,221,247
2024-09-24 21:40:00,51.6,51.5,221,248
2024-09-24 21:42:00,51.7,51.7,221,247
2024-09-24 21:44:00,51.7,51.6,222,245
2024-09-24 21:46:00,51.8,51.8,223,243
2024-09-24 21:48:00,51.7,51.7,223,243
2024-09-24 21:50:00,51.7,51.6,222,245
2024-09-24 21:52:00,51.7,51.6,222,245
2024-09-24 21:54:00,51.6,51.6,223,240
2024-09-24 21:56:00,51.8,51.9,225,239
2024-09-24 21:58:00,51.7,51.6,225,243
2024-09-24 22:00:00,51.9,52.0,226,240
2024-09-24 22:02:00,51.6,51.6,224,243
2024-09-24 22:04:00,51.5,51.6,219,246
2024-09-24 22:06:00,51.9,51.9,223,243
2024-09-24 22:08:00,52.2,52.0,226,243
2024-09-24 22:10:00,52.2,52.2,226,243
2024-09-24 22:12:00,52.1,52.0,223,244
2024-09-24 22:14:00,51.6,51.6,226,243
2024-09-24 22:16:00,52.0,52.1,225,243
2024-09-24 22:18:00,52.1,52.2,224,243
2024-09-24 22:20:00,52.2,52.2,225,243
2024-09-24 22:22:00,52.2,52.1,225,243
2024-09-24 22:24:00,52.0,51.9,222,244
2024-09-24 22:26:00,51.8,51.7,219,245
2024-09-24 22:28:00,52.1,52.1,225,243
2024-09-24 22:30:00,51.9,51.8,223,243
2024-09-24 22:32:00,52.2,52.2,226,243
2024-09-24 22:34:00,52.3,52.3,226,243
2024-09-24 22:36:00,52.5,52.3,228,243
2024-09-24 22:38:00,52.0,51.9,221,243
2024-09-24 22:40:00,51.9,52.0,221,243
2024-09-24 22:42:00,52.2,52.2,226,243
2024-09-24 22:44:00,52.0,51.9,223,243
2024-09-24 22:46:00,51.8,51.8,221,243
2024-09-24 22:48:00,52.1,52.0,224,245
2024-09-24 22:50:00,52.4,52.3,227,244
2024-09-24 22:52:00,52.0,51.9,223,245
2024-09-24 22:54:00,53.4,53.5,226,245
2024-09-24 22:56:00,52.3,52.4,229,240
2024-09-24 22:58:00,52.4,52.3,228,245
2024-09-24 23:00:00,52.5,52.4,227,245
2024-09-24 23:02:00,52.1,52.2,224,245
2024-09-24 23:04:00,52.3,52.4,226,245
2024-09-24 23:06:00,52.4,52.3,223,243
2024-09-24 23:08:00,54.5,54.5,226,242
2024-09-24 23:10:00,54.0,54.0,227,242
2024-09-24 23:12:00,52.3,52.2,225,244
2024-09-24 23:14:00,52.2,52.0,223,245
2024-09-24 23:16:00,52.3,52.3,226,243
2024-09-24 23:18:00,52.4,52.3,227,243
2024-09-24 23:20:00,53.7,53.7,224,244
2024-09-24 23:22:00,54.3,54.4,224,241
2024-09-24 23:24:00,53.7,53.6,226,241
2024-09-24 23:26:00,52.2,52.2,226,243
2024-09-24 23:28:00,52.2,52.3,226,243
2024-09-24 23:30:00,52.4,52.3,222,245
2024-09-24 23:32:00,53.4,53.4,223,245
2024-09-24 23:34:00,53.4,53.5,223,245
2024-09-24 23:36:00,53.9,53.9,229,241
2024-09-24 23:38:00,53.8,53.8,227,241
2024-09-24 23:40:00,52.3,52.4,226,243
2024-09-24 23:42:00,54.5,54.5,221,244
2024-09-24 23:44:00,54.3,54.3,221,244
2024-09-24 23:46:00,53.6,53.6,223,245
2024-09-24 23:48:00,52.4,52.4,228,245
2024-09-24 23:50:00,54.1,54.0,227,242
2024-09-24 23:52:00,54.0,53.9,223,245
2024-09-24 23:54:00,54.4,54.5,221,245
2024-09-24 23:56:00,53.9,53.8,220,248
2024-09-24 23:58:00,52.4,52.5,228,245
2024-09-25 00:00:00,54.1,54.0,231,242
2024-09-25 00:02:00,53.8,53.6,226,244
2024-09-25 00:04:00,53.6,53.8,223,246
2024-09-25 00:06:00,54.5,54.5,221,243
2024-09-25 00:08:00,54.5,54.4,220,244
2024-09-25 00:10:00,54.3,54.3,221,245
2024-09-25 00:12:00,54.0,53.9,223,245
2024-09-25 00:14:00,55.4,55.3,226,242
2024-09-25 00:16:00,55.2,55.2,224,242
2024-09-25 00:18:00,53.9,53.9,225,245
2024-09-25 00:20:00,53.9,53.7,225,243
2024-09-25 00:22:00,54.5,54.6,225,243
2024-09-25 00:24:00,55.3,55.2,226,240
2024-09-25 00:26:00,54.6,54.6,228,240
2024-09-25 00:28:00,53.9,53.8,228,243
2024-09-25 00:30:00,55.1,55.3,226,240
2024-09-25 00:32:00,55.1,55.2,226,240
2024-09-25 00:34:00,55.3,55.4,228,239
2024-09-25 00:36:00,54.9,54.8,227,238
2024-09-25 00:38:00,54.8,54.8,222,242
2024-09-25 00:40:00,54.8,54.8,223,242
2024-09-25 00:42:00,54.0,54.0,229,240
2024-09-25 00:44:00,54.8,54.7,227,240
2024-09-25 00:46:00,55.4,55.2,223,240
2024-09-25 00:48:00,55.2,55.2,223,243
2024-09-25 00:50:00,55.0,55.1,224,242
2024-09-25 00:52:00,55.2,55.1,222,243
2024-09-25 00:54:00,55.3,55.3,226,242
2024-09-25 00:56:00,55.0,55.1,226,242
2024-09-25 00:58:00,55.0,54.9,223,243
2024-09-25 01:00:00,54.8,54.8,228,241
2024-09-25 01:02:00,54.5,54.5,228,241
2024-09-25 01:04:00,55.2,55.1,223,240
2024-09-25 01:06:00,55.2,55.2,223,240
2024-09-25 01:08:00,55.2,55.2,224,243
2024-09-25 01:10:00,53.8,53.9,224,245
2024-09-25 01:12:00,55.3,55.3,223,242
2024-09-25 01:14:00,55.4,55.3,226,242
2024-09-25 01:16:00,55.3,55.3,223,242
2024-09-25 01:18:00,54.7,54.8,223,241
2024-09-25 01:20:00,54.9,54.9,227,240
2024-09-25 01:22:00,55.5,55.4,226,239
2024-09-25 01:24:00,55.3,55.4,226,239
2024-09-25 01:26:00,55.4,55.5,228,240
2024-09-25 01:28:00,54.7,54.7,228,239
2024-09-25 01:30:00,54.8,54.7,228,239
2024-09-25 01:32:00,55.3,55.3,227,240
2024-09-25 01:34:00,55.2,55.2,225,240
2024-09-25 01:36:00,55.0,55.0,226,240
2024-09-25 01:38:00,55.2,55.1,227,240
2024-09-25 01:40:00,55.1,55.2,225,240
2024-09-25 01:42:00,55.3,55.3,225,242
2024-09-25 01:44:00,54.8,54.9,227,240
2024-09-25 01:46:00,55.3,55.4,227,241
2024-09-25 01:48:00,55.2,55.2,226,241
2024-09-25 01:50:00,55.4,55.4,228,240
2024-09-25 01:52:00,54.8,54.9,231,240
2024-09-25 01:54:00,55.5,55.4,226,241
2024-09-25 01:56:00,55.4,55.3,227,243
2024-09-25 01:58:00,55.4,55.5,228,243
2024-09-25 02:00:00,55.1,55.2,226,242
2024-09-25 02:02:00,54.7,54.6,226,243
2024-09-25 02:04:00,53.9,53.8,228,244
2024-09-25 02:06:00,54.3,54.5,228,240
2024-09-25 02:08:00,55.5,55.4,226,240
2024-09-25 02:10:00,55.2,55.2,227,240
2024-09-25 02:12:00,55.1,55.2,223,241
2024-09-25 02:14:00,55.2,55.2,226,240
2024-09-25 02:16:00,55.0,54.9,226,241
2024-09-25 02:18:00,54.6,54.8,223,243
2024-09-25 02:20:00,55.3,55.4,228,240
2024-09-25 02:22:00,55.3,55.4,228,240
2024-09-25 02:24:00,55.2,55.3,226,240
2024-09-25 02:26:00,55.2,55.2,227,240
2024-09-25 02:28:00,54.8,55.0,230,239
2024-09-25 02:30:00,54.2,54.6,228,240
2024-09-25 02:32:00,55.4,55.4,228,240
2024-09-25 02:34:00,55.4,55.4,228,240
2024-09-25 02:36:00,55.4,55.4,226,241
2024-09-25 02:38:00,55.2,55.2,225,243
2024-09-25 02:40:00,55.3,55.3,228,243
2024-09-25 02:42:00,55.2,55.3,226,243
2024-09-25 02:44:00,55.1,55.1,225,243
2024-09-25 02:46:00,55.2,55.1,228,243
2024-09-25 02:48:00,55.3,55.3,226,244
2024-09-25 02:50:00,55.4,55.3,226,244
2024-09-25 02:52:00,55.1,55.0,228,245
2024-09-25 02:54:00,55.3,55.3,224,245
2024-09-25 02:56:00,55.1,55.1,225,240
2024-09-25 02:58:00,54.4,54.4,230,240
2024-09-25 03:00:00,54.2,54.2,227,242
2024-09-25 03:02:00,55.1,55.1,225,241
2024-09-25 03:04:00,55.0,54.9,226,242
2024-09-25 03:06:00,55.2,55.2,225,241
2024-09-25 03:08:00,55.1,55.1,226,241
2024-09-25 03:10:00,55.1,55.0,227,242
2024-09-25 03:12:00,54.9,54.8,225,243
2024-09-25 03:14:00,55.2,55.0,226,241
2024-09-25 03:16:00,54.4,54.6,230,241
2024-09-25 03:18:00,53.7,53.6,226,245
2024-09-25 03:20:00,55.2,55.2,226,242
2024-09-25 03:22:00,55.2,55.5,228,241
2024-09-25 03:24:00,55.2,55.2,228,240
2024-09-25 03:26:00,55.1,55.2,226,241
2024-09-25 03:28:00,55.5,55.3,228,241
2024-09-25 03:30:00,55.5,55.4,228,241
2024-09-25 03:32:00,55.2,55.2,225,244
2024-09-25 03:34:00,55.3,55.2,228,246
2024-09-25 03:36:00,55.2,55.4,228,247
2024-09-25 03:38:00,54.1,54.1,224,250
2024-09-25 03:40:00,55.4,55.3,227,245
2024-09-25 03:42:00,55.4,55.3,227,246
2024-09-25 03:44:00,55.1,55.2,225,245
2024-09-25 03:46:00,54.7,54.7,229,243
2024-09-25 03:48:00,55.3,55.3,226,244
2024-09-25 03:50:00,53.8,53.9,226,245
2024-09-25 03:52:00,55.1,55.0,226,243
2024-09-25 03:54:00,55.1,55.1,226,243
2024-09-25 03:56:00,54.9,55.0,223,244
2024-09-25 03:58:00,55.4,55.3,227,242
2024-09-25 04:00:00,54.8,54.6,226,245
2024-09-25 04:02:00,55.0,55.3,225,243
2024-09-25 04:04:00,55.6,55.6,228,240
2024-09-25 04:06:00,55.3,55.3,228,242
2024-09-25 04:08:00,55.0,54.8,224,244
2024-09-25 04:10:00,55.0,54.9,230,241
2024-09-25 04:12:00,54.6,54.7,229,242
2024-09-25 04:14:00,54.6,54.7,227,243
2024-09-25 04:16:00,54.8,54.8,229,245
2024-09-25 04:18:00,54.9,54.9,229,244
2024-09-25 04:20:00,55.1,55.2,228,243
2024-09-25 04:22:00,54.8,54.7,228,244
2024-09-25 04:24:00,54.7,54.7,229,246
2024-09-25 04:26:00,54.7,54.7,226,245
2024-09-25 04:28:00,53.6,53.6,229,245
2024-09-25 04:30:00,52.4,52.4,231,243
2024-09-25 04:32:00,52.2,52.1,228,244
2024-09-25 04:34:00,53.5,53.4,230,244
2024-09-25 04:36:00,54.1,54.3,228,243
2024-09-25 04:38:00,54.9,55.0,226,244
2024-09-25 04:40:00,52.4,52.4,228,244
2024-09-25 04:42:00,52.3,52.3,229,245
2024-09-25 04:44:00,52.3,52.3,230,242
2024-09-25 04:46:00,52.1,52.2,228,243
2024-09-25 04:48:00,53.7,53.7,225,244
2024-09-25 04:50:00,53.9,53.8,225,244
2024-09-25 04:52:00,53.9,53.8,226,245
2024-09-25 04:54:00,52.4,52.4,226,248
2024-09-25 04:56:00,53.4,53.5,225,248
2024-09-25 04:58:00,53.7,53.6,226,247
2024-09-25 05:00:00,52.3,52.3,226,248
2024-09-25 05:02:00,51.9,51.9,223,245
2024-09-25 05:04:00,52.4,52.5,228,245
2024-09-25 05:06:00,52.4,52.3,228,246
2024-09-25 05:08:00,53.1,53.0,228,247
2024-09-25 05:10:00,52.8,53.0,228,247
2024-09-25 05:12:00,53.3,53.3,226,246
2024-09-25 05:14:00,53.3,53.3,226,246
2024-09-25 05:16:00,52.3,52.3,227,245
2024-09-25 05:18:00,53.4,53.4,226,246
2024-09-25 05:20:00,52.3,52.3,223,248
2024-09-25 05:22:00,53.6,53.5,226,246
2024-09-25 05:24:00,52.2,52.2,225,248
2024-09-25 05:26:00,53.5,53.4,226,248
2024-09-25 05:28:00,53.6,53.7,228,247
2024-09-25 05:30:00,53.7,53.6,226,248
2024-09-25 05:32:00,52.4,52.3,226,250
2024-09-25 05:34:00,53.6,53.7,228,248
2024-09-25 05:36:00,53.4,53.6,226,249
2024-09-25 05:38:00,52.2,52.3,223,250
2024-09-25 05:40:00,52.4,52.3,223,246
2024-09-25 05:42:00,52.2,52.2,225,246
2024-09-25 05:44:00,52.2,52.3,225,246
2024-09-25 05:46:00,52.2,52.1,229,243
2024-09-25 05:48:00,52.1,51.9,227,243
2024-09-25 05:50:00,51.9,51.9,227,243
2024-09-25 05:52:00,51.9,51.9,227,243
2024-09-25 05:54:00,52.1,52.1,229,242
2024-09-25 05:56:00,51.9,51.9,228,243
2024-09-25 05:58:00,52.1,52.1,229,243
2024-09-25 06:00:00,54.7,54.7,227,242
2024-09-25 06:02:00,55.2,55.1,226,242
2024-09-25 06:04:00,55.4,55.4,226,242
2024-09-25 06:06:00,55.2,55.4,223,243
2024-09-25 06:08:00,55.1,55.1,224,243
2024-09-25 06:10:00,54.3,54.3,222,239
2024-09-25 06:12:00,54.4,54.4,223,240
2024-09-25 06:14:00,55.3,55.3,226,245
2024-09-25 06:16:00,55.4,55.4,226,245
2024-09-25 06:18:00,54.7,54.6,228,243
2024-09-25 06:20:00,55.4,55.5,223,245
2024-09-25 06:22:00,55.1,55.0,223,241
2024-09-25 06:24:00,55.3,55.4,223,245
2024-09-25 06:26:00,53.9,53.8,219,245
2024-09-25 06:28:00,54.9,54.9,219,247
2024-09-25 06:30:00,55.2,55.2,223,245
2024-09-25 06:32:00,51.6,51.6,222,240
2024-09-25 06:34:00,51.8,51.8,223,243
2024-09-25 06:36:00,51.7,51.7,221,240
2024-09-25 06:38:00,51.9,52.1,221,241
2024-09-25 06:40:00,53.9,54.0,223,245
2024-09-25 06:42:00,53.8,53.7,223,242
2024-09-25 06:44:00,52.4,52.4,220,244
2024-09-25 06:46:00,54.3,54.3,223,246
2024-09-25 06:48:00,52.2,52.1,223,245
2024-09-25 06:50:00,52.2,52.3,224,247
2024-09-25 06:52:00,54.4,54.4,223,245
2024-09-25 06:54:00,52.2,52.4,219,245
2024-09-25 06:56:00,51.8,51.8,216,240
2024-09-25 06:58:00,52.0,51.9,219,242
2024-09-25 07:00:00,51.6,51.6,217,243
2024-09-25 07:02:00,53.7,53.6,219,248
2024-09-25 07:04:00,53.5,53.6,224,246
2024-09-25 07:06:00,52.2,52.2,218,246
2024-09-25 07:08:00,52.4,52.4,220,246
2024-09-25 07:10:00,54.7,54.6,223,242
2024-09-25 07:12:00,54.3,54.4,222,242
2024-09-25 07:14:00,54.7,54.8,221,245
2024-09-25 07:16:00,53.7,54.4,220,247
2024-09-25 07:18:00,54.3,54.4,226,242
2024-09-25 07:20:00,52.3,52.3,226,243
2024-09-25 07:22:00,52.2,52.3,223,247
2024-09-25 07:24:00,52.4,52.5,222,245
2024-09-25 07:26:00,53.7,53.7,219,245
2024-09-25 07:28:00,52.1,52.3,219,246
2024-09-25 07:30:00,52.3,52.3,220,247
2024-09-25 07:32:00,52.1,52.7,223,248
2024-09-25 07:34:00,53.6,53.5,225,247
2024-09-25 07:36:00,52.3,52.3,219,248
2024-09-25 07:38:00,54.7,54.3,223,242
2024-09-25 07:40:00,54.5,54.4,223,240
2024-09-25 07:42:00,54.9,55.0,221,238
2024-09-25 07:44:00,54.6,54.5,225,240
2024-09-25 07:46:00,54.9,54.9,222,241
2024-09-25 07:48:00,54.8,54.8,220,240
2024-09-25 07:50:00,54.5,54.2,219,240
2024-09-25 07:52:00,54.3,54.2,221,242
2024-09-25 07:54:00,54.6,54.6,221,237
2024-09-25 07:56:00,54.8,54.8,222,239
2024-09-25 07:58:00,54.2,54.3,221,241
2024-09-25 08:00:00,54.6,54.5,219,244
2024-09-25 08:02:00,53.8,53.8,221,238
2024-09-25 08:04:00,54.7,54.6,222,240
2024-09-25 08:06:00,54.5,54.5,220,240
2024-09-25 08:08:00,53.7,53.9,221,245
2024-09-25 08:10:00,54.3,54.3,220,243
2024-09-25 08:12:00,53.8,53.6,220,243
2024-09-25 08:14:00,53.5,53.4,218,244
2024-09-25 08:16:00,53.6,53.5,221,240
2024-09-25 08:18:00,53.5,53.5,216,243
2024-09-25 08:20:00,53.5,53.3,218,241
2024-09-25 08:22:00,53.6,53.5,217,238
2024-09-25 08:24:00,53.5,53.5,219,238
2024-09-25 08:26:00,52.1,52.9,217,240
2024-09-25 08:28:00,52.0,52.1,214,240
2024-09-25 08:30:00,53.6,53.7,218,240
2024-09-25 08:32:00,52.0,52.0,211,243
2024-09-25 08:34:00,51.6,51.6,211,240
2024-09-25 08:36:00,51.6,51.7,217,241
2024-09-25 08:38:00,51.9,51.8,219,238
2024-09-25 08:40:00,52.3,52.1,217,238
2024-09-25 08:42:00,52.2,52.3,214,240
2024-09-25 08:44:00,51.9,51.7,222,238
2024-09-25 08:46:00,52.9,53.0,219,240
2024-09-25 08:48:00,51.7,51.7,211,241
2024-09-25 08:50:00,52.3,52.2,209,244
2024-09-25 08:52:00,52.1,52.1,216,240
2024-09-25 08:54:00,51.8,51.9,217,238
2024-09-25 08:56:00,51.8,51.8,212,233
2024-09-25 08:58:00,52.0,51.9,216,240
2024-09-25 09:00:00,54.1,54.0,217,238
2024-09-25 09:02:00,52.4,52.4,216,238
2024-09-25 09:04:00,52.6,53.2,216,240
2024-09-25 09:06:00,52.7,52.2,215,243
2024-09-25 09:08:00,52.3,52.2,216,238
2024-09-25 09:10:00,52.1,52.2,214,236
2024-09-25 09:12:00,51.8,51.9,213,243
2024-09-25 09:14:00,51.5,51.6,213,243
2024-09-25 09:16:00,52.0,52.0,215,238
2024-09-25 09:18:00,52.0,52.0,212,241
2024-09-25 09:20:00,51.8,51.8,213,242
2024-09-25 09:22:00,52.3,52.4,211,243
2024-09-25 09:24:00,52.0,52.0,213,240
2024-09-25 09:26:00,51.6,51.6,210,243
2024-09-25 09:28:00,51.6,51.7,211,241
2024-09-25 09:30:00,51.2,51.3,211,239
2024-09-25 09:32:00,51.8,51.6,216,234
2024-09-25 09:34:00,51.7,51.6,211,236
2024-09-25 09:36:00,52.1,52.2,214,242
2024-09-25 09:38:00,51.9,52.0,213,239
2024-09-25 09:40:00,51.9,51.9,216,238
2024-09-25 09:42:00,51.3,51.4,221,240
2024-09-25 09:44:00,50.7,50.9,213,244
2024-09-25 09:46:00,50.9,50.9,209,245
2024-09-25 09:48:00,51.0,50.8,211,240
2024-09-25 09:50:00,51.1,51.1,209,243
2024-09-25 09:52:00,51.0,51.0,211,243
2024-09-25 09:54:00,51.1,51.1,212,245
2024-09-25 09:56:00,51.1,51.1,212,245
2024-09-25 09:58:00,50.6,50.8,211,248
2024-09-25 10:00:00,50.7,50.7,211,248
2024-09-25 10:02:00,50.8,50.9,214,245
2024-09-25 10:04:00,50.5,50.5,213,243
2024-09-25 10:06:00,50.9,50.9,211,248
2024-09-25 10:08:00,50.7,50.6,209,248
2024-09-25 10:10:00,50.5,50.5,211,249
2024-09-25 10:12:00,50.5,50.6,211,246
2024-09-25 10:14:00,51.1,51.1,211,246
2024-09-25 10:16:00,51.1,51.1,213,246
2024-09-25 10:18:00,50.9,51.0,214,247
2024-09-25 10:20:00,50.5,50.6,216,241
2024-09-25 10:22:00,50.4,50.3,211,245
2024-09-25 10:24:00,50.7,50.7,215,239
2024-09-25 10:26:00,50.7,50.5,213,244
2024-09-25 10:28:00,50.6,50.7,211,243
2024-09-25 10:30:00,50.7,50.7,210,245
2024-09-25 10:32:00,50.7,50.7,212,245
2024-09-25 10:34:00,50.9,50.8,213,243
2024-09-25 10:36:00,50.5,50.6,209,243
2024-09-25 10:38:00,50.7,50.7,211,245
2024-09-25 10:40:00,51.1,51.1,213,244
2024-09-25 10:42:00,50.8,50.8,211,245
2024-09-25 10:44:00,50.9,50.9,211,244
2024-09-25 10:46:00,50.9,51.0,214,243
2024-09-25 10:48:00,51.1,51.1,216,242
2024-09-25 10:50:00,50.9,51.0,211,244
2024-09-25 10:52:00,50.7,50.7,210,245
2024-09-25 10:54:00,50.6,50.6,211,246
2024-09-25 10:56:00,50.8,50.9,211,244
2024-09-25 10:58:00,51.0,51.0,214,243
2024-09-25 11:00:00,50.9,50.8,214,244
2024-09-25 11:02:00,50.9,50.9,212,243
2024-09-25 11:04:00,50.4,50.5,211,242
2024-09-25 11:06:00,50.7,50.7,211,243
2024-09-25 11:08:00,50.6,50.6,211,244
2024-09-25 11:10:00,50.5,50.5,209,242
2024-09-25 11:12:00,50.5,50.3,211,240
2024-09-25 11:14:00,50.5,50.5,209,240
2024-09-25 11:16:00,50.6,50.5,213,240
2024-09-25 11:18:00,50.8,50.6,211,240
2024-09-25 11:20:00,50.6,50.6,211,240
2024-09-25 11:22:00,50.7,50.5,214,242
2024-09-25 11:24:00,50.4,50.4,213,245
2024-09-25 11:26:00,50.4,50.4,210,246
2024-09-25 11:28:00,50.0,50.0,210,243
2024-09-25 11:30:00,49.8,49.8,209,245
2024-09-25 11:32:00,49.7,49.8,208,245
2024-09-25 11:34:00,49.7,49.7,209,245
2024-09-25 11:36:00,49.8,49.8,213,243
2024-09-25 11:38:00,50.0,50,212,245
2024-09-25 11:40:00,50.0,50.0,207,248
2024-09-25 11:42:00,49.9,49.8,209,246
2024-09-25 11:44:00,50.0,50.0,211,246
2024-09-25 11:46:00,49.9,50.0,209,245
2024-09-25 11:48:00,50.0,50.1,210,243
2024-09-25 11:50:00,50.1,50.1,212,243
2024-09-25 11:52:00,50.2,50.2,214,245
2024-09-25 11:54:00,50.1,50.1,210,245
2024-09-25 11:56:00,49.9,50.0,210,245
2024-09-25 11:58:00,50.0,50.0,215,243
2024-09-25 12:00:00,50.0,50.1,209,245
2024-09-25 12:02:00,50.0,50.0,210,247
2024-09-25 12:04:00,49.8,49.8,207,245
2024-09-25 12:06:00,49.6,49.8,211,244
2024-09-25 12:08:00,49.6,49.6,210,248
2024-09-25 12:10:00,49.5,49.6,209,246
2024-09-25 12:12:00,49.8,49.7,210,248
2024-09-25 12:14:00,49.8,49.8,216,244
2024-09-25 12:16:00,49.9,50.0,213,243
2024-09-25 12:18:00,49.9,49.9,212,243
2024-09-25 12:20:00,49.8,49.9,212,243
2024-09-25 12:22:00,50.0,50.1,215,242
2024-09-25 12:24:00,49.9,50.0,210,247
2024-09-25 12:26:00,49.8,49.9,210,244
2024-09-25 12:28:00,49.8,50.0,211,243
2024-09-25 12:30:00,50.1,50.0,214,242
2024-09-25 12:32:00,49.7,49.9,210,244
2024-09-25 12:34:00,49.7,49.7,211,240
2024-09-25 12:36:00,49.8,49.7,214,241
2024-09-25 12:38:00,49.7,49.5,212,243
2024-09-25 12:40:00,49.8,49.6,209,244
2024-09-25 12:42:00,49.8,49.8,211,244
2024-09-25 12:44:00,50.1,50.1,214,242
2024-09-25 12:46:00,50.2,50.1,215,240
2024-09-25 12:48:00,50.3,50.3,211,243
2024-09-25 12:50:00,49.7,49.6,212,240
2024-09-25 12:52:00,49.7,49.4,214,239
2024-09-25 12:54:00,49.5,49.5,211,240
2024-09-25 12:56:00,49.6,49.6,209,243
2024-09-25 12:58:00,49.7,49.6,209,243
2024-09-25 13:00:00,49.9,49.8,214,242
2024-09-25 13:02:00,49.7,49.6,211,243
2024-09-25 13:04:00,49.8,49.7,212,246
2024-09-25 13:06:00,49.9,49.9,208,246
2024-09-25 13:08:00,49.6,49.7,208,245
2024-09-25 13:10:00,49.7,49.7,207,245
2024-09-25 13:12:00,49.5,49.5,207,244
2024-09-25 13:14:00,49.8,49.9,212,244
2024-09-25 13:16:00,49.6,49.5,209,243
2024-09-25 13:18:00,49.3,49.3,209,243
2024-09-25 13:20:00,49.3,49.4,211,240
2024-09-25 13:22:00,49.6,49.6,212,244
2024-09-25 13:24:00,49.4,49.5,211,243
2024-09-25 13:26:00,49.6,49.6,211,244
2024-09-25 13:28:00,49.4,49.5,214,243
2024-09-25 13:30:00,49.7,49.7,211,243
2024-09-25 13:32:00,49.6,49.7,211,243
2024-09-25 13:34:00,49.5,49.7,211,243
2024-09-25 13:36:00,49.3,49.2,213,236
2024-09-25 13:38:00,49.5,49.4,211,240
2024-09-25 13:40:00,49.6,49.6,211,242
2024-09-25 13:42:00,49.5,49.5,212,240
2024-09-25 13:44:00,49.5,49.6,209,240
2024-09-25 13:46:00,49.3,49.3,209,240
2024-09-25 13:48:00,49.3,49.3,209,241
2024-09-25 13:50:00,49.4,49.5,211,241
2024-09-25 13:52:00,49.5,49.5,210,242
2024-09-25 13:54:00,49.4,49.5,211,242
2024-09-25 13:56:00,49.6,49.7,212,241
2024-09-25 13:58:00,49.5,49.6,210,243
2024-09-25 14:00:00,49.4,49.5,213,238
2024-09-25 14:02:00,49.6,49.5,213,240
2024-09-25 14:04:00,49.5,49.5,209,239
2024-09-25 14:06:00,49.5,49.6,211,239
2024-09-25 14:08:00,49.6,49.6,213,239
2024-09-25 14:10:00,49.6,49.6,215,235
2024-09-25 14:12:00,49.7,49.7,212,239
2024-09-25 14:14:00,49.7,49.7,212,240
2024-09-25 14:16:00,49.9,50.2,214,237
2024-09-25 14:18:00,49.8,49.8,212,240
2024-09-25 14:20:00,49.6,49.8,212,238
2024-09-25 14:22:00,49.7,49.8,212,240
2024-09-25 14:24:00,49.9,49.9,214,239
2024-09-25 14:26:00,49.9,50.0,213,238
2024-09-25 14:28:00,49.8,50.0,214,240
2024-09-25 14:30:00,49.9,50.1,214,238
2024-09-25 14:32:00,49.7,49.8,214,238
2024-09-25 14:34:00,50.1,49.9,214,239
2024-09-25 14:36:00,50.2,50.2,218,238
2024-09-25 14:38:00,50.7,50.4,216,238
2024-09-25 14:40:00,50.4,50.3,212,242
2024-09-25 14:42:00,50.6,50.7,211,241
2024-09-25 14:44:00,49.9,49.9,216,236
2024-09-25 14:46:00,50.3,50.2,214,238
2024-09-25 14:48:00,50.4,50.4,212,242
2024-09-25 14:50:00,50.5,50.4,217,238
2024-09-25 14:52:00,50.3,50.7,215,240
2024-09-25 14:54:00,50.5,50.5,213,239
2024-09-25 14:56:00,50.1,50.2,214,238
2024-09-25 14:58:00,50.2,50.0,215,239
2024-09-25 15:00:00,49.5,49.6,210,238
2024-09-25 15:02:00,49.7,49.7,214,238
2024-09-25 15:04:00,50.5,50.4,216,240
2024-09-25 15:06:00,50.5,50.4,216,238
2024-09-25 15:08:00,50.0,49.8,209,243
2024-09-25 15:10:00,49.8,49.9,211,241
2024-09-25 15:12:00,50.0,49.8,217,239
2024-09-25 15:14:00,50.1,50.1,215,239
2024-09-25 15:16:00,49.3,49.3,209,241
2024-09-25 15:18:00,49.4,49.3,213,239
2024-09-25 15:20:00,49.7,49.8,214,240
2024-09-25 15:22:00,49.8,49.7,211,239
2024-09-25 15:24:00,49.8,49.9,216,237
2024-09-25 15:26:00,49.6,49.6,220,234
2024-09-25 15:28:00,49.9,49.8,214,239
2024-09-25 15:30:00,49.5,49.4,214,238
2024-09-25 15:32:00,50.0,49.8,217,236
2024-09-25 15:34:00,49.8,49.7,213,238
2024-09-25 15:36:00,49.5,49.6,210,242
2024-09-25 15:38:00,49.8,49.8,215,241
2024-09-25 15:40:00,49.8,49.8,217,236
2024-09-25 15:42:00,49.7,49.7,210,238
2024-09-25 15:44:00,49.7,49.7,209,240
2024-09-25 15:46:00,49.7,49.7,216,236
2024-09-25 15:48:00,49.7,49.6,209,240
2024-09-25 15:50:00,49.8,49.8,214,238
2024-09-25 15:52:00,49.9,50.0,218,237
2024-09-25 15:54:00,49.9,49.8,217,240
2024-09-25 15:56:00,49.7,49.8,214,240
2024-09-25 15:58:00,49.8,49.7,214,243
2024-09-25 16:00:00,49.9,49.8,219,241
2024-09-25 16:02:00,49.8,49.8,214,243
2024-09-25 16:04:00,49.7,49.8,214,241
2024-09-25 16:06:00,49.9,49.9,220,240
2024-09-25 16:08:00,49.8,49.7,216,242
2024-09-25 16:10:00,49.8,49.8,215,241
2024-09-25 16:12:00,49.7,49.6,223,239
2024-09-25 16:14:00,49.8,49.8,220,240
2024-09-25 16:16:00,49.8,49.8,219,240
2024-09-25 16:18:00,50.1,50.1,217,241
2024-09-25 16:20:00,49.9,49.9,221,239
2024-09-25 16:22:00,50.1,50.0,216,240
2024-09-25 16:24:00,50.1,50.0,216,240
2024-09-25 16:26:00,50.1,50.2,219,241
2024-09-25 16:28:00,50.4,50.5,220,238
2024-09-25 16:30:00,50.3,50.2,216,242
2024-09-25 16:32:00,50.2,50.2,215,242
2024-09-25 16:34:00,50.2,50.2,221,238
2024-09-25 16:36:00,50.3,50.3,216,241
2024-09-25 16:38:00,50.5,50.5,216,244
2024-09-25 16:40:00,50.3,50.3,223,240
2024-09-25 16:42:00,50.5,50.5,219,240
2024-09-25 16:44:00,50.4,50.3,219,243
2024-09-25 16:46:00,50.5,50.6,226,238
2024-09-25 16:48:00,50.6,50.7,226,239
2024-09-25 16:50:00,50.8,50.7,217,241
2024-09-25 16:52:00,50.9,50.9,218,242
2024-09-25 16:54:00,51.0,51.0,222,240
2024-09-25 16:56:00,51.0,50.9,218,245
2024-09-25 16:58:00,51.0,51.1,216,245
2024-09-25 17:00:00,51.2,51.3,223,242
2024-09-25 17:02:00,51.1,51.1,223,241
2024-09-25 17:04:00,50.9,51.0,219,241
2024-09-25 17:06:00,51.1,51.1,223,240
2024-09-25 17:08:00,51.0,51.0,221,242
2024-09-25 17:10:00,50.9,50.9,216,245
2024-09-25 17:12:00,50.8,50.8,216,245
2024-09-25 17:14:00,51.1,51.1,222,244
2024-09-25 17:16:00,51.0,50.9,216,245
2024-09-25 17:18:00,50.9,51.0,216,245
2024-09-25 17:20:00,50.9,50.9,221,243
2024-09-25 17:22:00,51.0,51.1,221,244
2024-09-25 17:24:00,50.7,50.7,216,244
2024-09-25 17:26:00,50.9,50.9,217,245
2024-09-25 17:28:00,51.0,51.1,221,243
2024-09-25 17:30:00,50.9,50.9,216,246
2024-09-25 17:32:00,50.9,50.9,216,247
2024-09-25 17:34:00,50.9,51.0,221,245
2024-09-25 17:36:00,50.6,50.7,216,243
2024-09-25 17:38:00,50.7,50.8,216,245
2024-09-25 17:40:00,50.9,51.0,221,243
2024-09-25 17:42:00,51.0,51.0,221,244
2024-09-25 17:44:00,51.0,51.0,216,245
2024-09-25 17:46:00,51.1,51.0,218,245
2024-09-25 17:48:00,51.1,51.1,221,244
2024-09-25 17:50:00,50.3,50.2,216,244
2024-09-25 17:52:00,50.3,50.2,216,243
2024-09-25 17:54:00,50.4,50.5,221,243
2024-09-25 17:56:00,50.3,50.4,216,245
2024-09-25 17:58:00,50.4,50.4,215,245
2024-09-25 18:00:00,50.6,50.4,221,243
2024-09-25 18:02:00,50.5,50.4,221,241
2024-09-25 18:04:00,50.2,50.1,216,243
2024-09-25 18:06:00,50.1,50.1,218,242
2024-09-25 18:08:00,50.4,50.4,222,243
2024-09-25 18:10:00,50.4,50.2,217,245
2024-09-25 18:12:00,50.2,50.3,217,245
2024-09-25 18:14:00,50.5,50.4,222,244
2024-09-25 18:16:00,50.4,50.3,220,245
2024-09-25 18:18:00,50.2,50.3,217,243
2024-09-25 18:20:00,50.3,50.4,222,242
2024-09-25 18:22:00,50.4,51.7,223,245
2024-09-25 18:24:00,50.1,50.2,217,244
2024-09-25 18:26:00,50.1,50.2,217,245
2024-09-25 18:28:00,50.1,50.1,223,241
2024-09-25 18:30:00,50.1,50.1,217,244
2024-09-25 18:32:00,50.3,50.2,217,248
2024-09-25 18:34:00,50.4,50.3,219,246
2024-09-25 18:36:00,50.2,50.2,219,245
2024-09-25 18:38:00,50.1,50.1,216,245
2024-09-25 18:40:00,50.1,50.2,218,245
2024-09-25 18:42:00,50.1,50.2,221,244
2024-09-25 18:44:00,50.1,50.2,216,247
2024-09-25 18:46:00,50.3,50.2,216,246
2024-09-25 18:48:00,50.3,50.2,221,243
2024-09-25 18:50:00,50.1,50.1,216,245
2024-09-25 18:52:00,50.1,50.1,216,245
2024-09-25 18:54:00,50.2,50.3,221,244
2024-09-25 18:56:00,50.2,50.2,221,244
2024-09-25 18:58:00,50.2,50.1,217,244
2024-09-25 19:00:00,50.2,50.3,216,248
2024-09-25 19:02:00,50.3,50.3,223,245
2024-09-25 19:04:00,50.5,50.5,214,248
2024-09-25 19:06:00,50.3,50.4,214,246
2024-09-25 19:08:00,50.3,50.3,219,243
2024-09-25 19:10:00,50.1,50.2,210,248
2024-09-25 19:12:00,50.2,50.2,209,248
2024-09-25 19:14:00,50.2,50.1,214,245
2024-09-25 19:16:00,50.0,49.9,214,246
2024-09-25 19:18:00,50.1,50.1,208,251
2024-09-25 19:20:00,50.2,50.2,207,253
2024-09-25 19:22:00,50.3,50.3,212,252
2024-09-25 19:24:00,50.3,50.4,211,252
2024-09-25 19:26:00,50.2,50.2,212,250
2024-09-25 19:28:00,50.3,50.3,217,248
2024-09-25 19:30:00,50.3,50.3,219,245
2024-09-25 19:32:00,50.3,50.3,215,246
2024-09-25 19:34:00,50.3,50.4,220,245
2024-09-25 19:36:00,50.3,50.4,221,245
2024-09-25 19:38:00,50.3,50.2,215,246
2024-09-25 19:40:00,50.3,50.3,215,246
2024-09-25 19:42:00,50.7,50.7,219,248
2024-09-25 19:44:00,50.7,50.5,214,250
2024-09-25 19:46:00,50.6,50.6,214,250
2024-09-25 19:48:00,50.5,50.6,219,247
2024-09-25 19:50:00,50.5,50.6,218,248
2024-09-25 19:52:00,50.5,50.5,213,250
2024-09-25 19:54:00,50.7,50.7,219,249
2024-09-25 19:56:00,50.7,50.7,219,249
2024-09-25 19:58:00,50.4,50.4,215,249
2024-09-25 20:00:00,50.7,50.5,215,250
2024-09-25 20:02:00,50.7,50.7,219,248
2024-09-25 20:04:00,50.7,50.6,214,250
2024-09-25 20:06:00,50.6,50.6,214,250
2024-09-25 20:08:00,50.5,50.2,220,245
2024-09-25 20:10:00,50.5,50.5,218,248
2024-09-25 20:12:00,50.4,50.4,215,248
2024-09-25 20:14:00,50.7,50.7,219,248
2024-09-25 20:16:00,50.7,50.7,219,248
2024-09-25 20:18:00,50.4,50.6,214,250
2024-09-25 20:20:00,50.6,50.6,216,250
2024-09-25 20:22:00,50.7,50.6,219,249
2024-09-25 20:24:00,50.7,50.7,216,248
2024-09-25 20:26:00,50.9,50.9,222,246
2024-09-25 20:28:00,51.1,51.1,227,245
2024-09-25 20:30:00,50.9,51.0,224,243
2024-09-25 20:32:00,50.9,50.9,221,244
2024-09-25 20:34:00,51.2,51.2,227,244
2024-09-25 20:36:00,51.2,51.1,228,243
2024-09-25 20:38:00,51.0,51.1,222,245
2024-09-25 20:40:00,51.0,51.0,223,245
2024-09-25 20:42:00,51.0,51.1,228,243
2024-09-25 20:44:00,50.9,50.9,222,244
2024-09-25 20:46:00,50.9,50.9,222,244
2024-09-25 20:48:00,51.1,51.1,227,243
2024-09-25 20:50:00,51.0,50.9,222,244
2024-09-25 20:52:00,50.9,50.9,222,244
2024-09-25 20:54:00,51.0,51.1,227,243
2024-09-25 20:56:00,50.9,50.8,226,242
2024-09-25 20:58:00,50.7,50.7,222,243
2024-09-25 21:00:00,50.6,50.7,223,243
2024-09-25 21:02:00,50.8,50.7,227,241
2024-09-25 21:04:00,51.0,51.0,221,245
2024-09-25 21:06:00,50.8,50.8,223,243
2024-09-25 21:08:00,50.8,50.8,227,241
2024-09-25 21:10:00,50.7,50.8,221,243
2024-09-25 21:12:00,51.0,51.1,221,246
2024-09-25 21:14:00,51.2,51.3,226,245
2024-09-25 21:16:00,51.0,51.1,224,244
2024-09-25 21:18:00,51.1,51.1,221,246
2024-09-25 21:20:00,51.2,51.2,227,244
2024-09-25 21:22:00,51.3,51.2,227,244
2024-09-25 21:24:00,51.1,51.1,221,245
2024-09-25 21:26:00,51.0,50.9,223,243
2024-09-25 21:28:00,51.4,51.3,227,244
2024-09-25 21:30:00,50.8,50.8,219,247
2024-09-25 21:32:00,50.8,50.8,219,248
2024-09-25 21:34:00,51.0,51.0,223,246
2024-09-25 21:36:00,50.9,50.8,221,247
2024-09-25 21:38:00,50.9,50.7,219,248
2024-09-25 21:40:00,51.0,50.9,224,245
2024-09-25 21:42:00,50.9,50.9,222,246
2024-09-25 21:44:00,50.8,50.9,219,248
2024-09-25 21:46:00,50.9,50.7,221,247
2024-09-25 21:48:00,50.8,50.9,224,245
2024-09-25 21:50:00,50.7,50.7,219,245
2024-09-25 21:52:00,50.4,50.5,219,245
2024-09-25 21:54:00,50.6,50.7,225,243
2024-09-25 21:56:00,50.6,50.5,220,246
2024-09-25 21:58:00,50.9,50.8,222,244
2024-09-25 22:00:00,51.2,51.2,226,245
2024-09-25 22:02:00,51.1,51.3,225,245
2024-09-25 22:04:00,51.1,51.0,221,246
2024-09-25 22:06:00,50.8,50.8,223,243
2024-09-25 22:08:00,51.1,51.2,226,245
2024-09-25 22:10:00,51.1,51.0,221,245
2024-09-25 22:12:00,51.2,51.2,223,245
2024-09-25 22:14:00,51.3,51.3,227,244
2024-09-25 22:16:00,51.1,51.2,221,245
2024-09-25 22:18:00,51.2,51.1,222,245
2024-09-25 22:20:00,51.3,51.4,227,244
2024-09-25 22:22:00,51.2,51.1,225,245
2024-09-25 22:24:00,51.1,51.2,221,245
2024-09-25 22:26:00,51.3,51.3,228,244
2024-09-25 22:28:00,51.2,51.2,227,244
2024-09-25 22:30:00,51.2,51.1,221,245
2024-09-25 22:32:00,51.1,51.2,223,245
2024-09-25 22:34:00,51.3,51.4,227,245
2024-09-25 22:36:00,51.1,51.1,221,247
2024-09-25 22:38:00,51.1,51.2,221,246
2024-09-25 22:40:00,51.3,51.3,227,244
2024-09-25 22:42:00,51.2,51.2,223,245
2024-09-25 22:44:00,51.1,51.0,220,245
2024-09-25 22:46:00,51.3,51.4,226,245
2024-09-25 22:48:00,51.1,51.2,223,245
2024-09-25 22:50:00,50.9,50.9,219,247
2024-09-25 22:52:00,50.7,50.8,219,248
2024-09-25 22:54:00,50.9,50.8,223,247
2024-09-25 22:56:00,50.7,50.6,217,248
2024-09-25 22:58:00,50.7,50.7,219,248
2024-09-25 23:00:00,50.7,50.8,222,247
2024-09-25 23:02:00,50.7,50.7,219,248
2024-09-25 23:04:00,50.5,50.7,217,248
2024-09-25 23:06:00,50.8,50.8,223,246
2024-09-25 23:08:00,50.8,50.8,221,248
2024-09-25 23:10:00,50.6,50.7,218,248
2024-09-25 23:12:00,50.7,50.6,220,248
2024-09-25 23:14:00,50.8,50.6,223,247
2024-09-25 23:16:00,50.5,50.5,218,247
2024-09-25 23:18:00,50.7,50.6,220,248
2024-09-25 23:20:00,50.6,50.7,223,247
2024-09-25 23:22:00,50.4,50.4,219,245
2024-09-25 23:24:00,50.5,50.6,216,248
2024-09-25 23:26:00,50.6,50.7,221,245
2024-09-25 23:28:00,50.5,50.4,219,245
2024-09-25 23:30:00,50.5,50.4,219,245
2024-09-25 23:32:00,50.7,50.6,222,245
2024-09-25 23:34:00,50.5,50.6,220,246
2024-09-25 23:36:00,50.7,50.7,223,244
2024-09-25 23:38:00,50.8,50.8,226,243
2024-09-25 23:40:00,50.6,50.6,223,245
2024-09-25 23:42:00,50.5,50.4,219,247
2024-09-25 23:44:00,50.4,50.3,217,248
2024-09-25 23:46:00,50.5,50.4,222,246
2024-09-25 23:48:00,50.5,50.5,220,246
2024-09-25 23:50:00,50.5,50.4,221,247
2024-09-25 23:52:00,50.5,50.5,222,245
2024-09-25 23:54:00,49.6,49.6,220,245
2024-09-25 23:56:00,49.7,49.7,222,244
2024-09-25 23:58:00,49.8,49.8,224,243
2024-09-26 00:00:00,49.7,49.7,222,245
2024-09-26 00:02:00,49.6,49.7,221,244
2024-09-26 00:04:00,49.4,49.5,220,243
2024-09-26 00:06:00,49.7,49.8,223,243
2024-09-26 00:08:00,49.6,49.5,220,245
2024-09-26 00:10:00,49.7,49.7,222,244
2024-09-26 00:12:00,49.7,49.6,222,245
2024-09-26 00:14:00,49.9,50.0,224,243
2024-09-26 00:16:00,49.7,49.7,223,244
2024-09-26 00:18:00,49.8,49.8,224,243
2024-09-26 00:20:00,49.7,49.6,222,245
2024-09-26 00:22:00,49.6,49.7,222,243
2024-09-26 00:24:00,49.6,49.5,221,245
2024-09-26 00:26:00,49.7,49.7,224,243
2024-09-26 00:28:00,49.6,49.6,221,243
2024-09-26 00:30:00,49.6,49.5,221,245
2024-09-26 00:32:00,49.7,49.8,226,241
2024-09-26 00:34:00,49.7,49.8,224,244
2024-09-26 00:36:00,49.7,49.6,222,243
2024-09-26 00:38:00,49.6,49.6,222,245
2024-09-26 00:40:00,49.7,49.7,223,244
2024-09-26 00:42:00,49.6,49.5,220,246
2024-09-26 00:44:00,49.6,49.6,221,244
2024-09-26 00:46:00,49.6,49.6,221,245
2024-09-26 00:48:00,49.6,49.7,221,243
2024-09-26 00:50:00,49.6,49.7,223,243
2024-09-26 00:52:00,49.9,49.7,226,242
2024-09-26 00:54:00,49.6,49.5,221,245
2024-09-26 00:56:00,49.6,49.6,222,243
2024-09-26 00:58:00,49.8,49.8,223,242
2024-09-26 01:00:00,49.8,49.8,226,241
2024-09-26 01:02:00,49.6,49.7,222,243
2024-09-26 01:04:00,49.7,49.6,221,243
2024-09-26 01:06:00,49.8,49.6,227,241
2024-09-26 01:08:00,49.8,49.8,226,240
2024-09-26 01:10:00,50.0,49.8,227,240
2024-09-26 01:12:00,49.8,49.7,226,241
2024-09-26 01:14:00,49.8,49.9,226,241
2024-09-26 01:16:00,49.8,49.8,225,242
2024-09-26 01:18:00,50.0,49.9,226,240
2024-09-26 01:20:00,49.9,50.0,228,239
2024-09-26 01:22:00,50.0,49.8,226,241
2024-09-26 01:24:00,49.8,49.8,225,242
2024-09-26 01:26:00,49.8,49.8,226,241
2024-09-26 01:28:00,49.9,50.0,228,239
2024-09-26 01:30:00,49.8,49.9,226,240
2024-09-26 01:32:00,49.9,50.0,228,240
2024-09-26 01:34:00,50.2,50.0,227,241
2024-09-26 01:36:00,50.0,50.1,225,242
2024-09-26 01:38:00,49.9,49.8,226,240
2024-09-26 01:40:00,50.0,50.0,228,240
2024-09-26 01:42:00,50.0,50.0,226,240
2024-09-26 01:44:00,49.9,49.9,226,240
2024-09-26 01:46:00,50.0,49.9,228,240
2024-09-26 01:48:00,49.9,49.9,227,242
2024-09-26 01:50:00,49.7,49.8,224,243
2024-09-26 01:52:00,49.7,49.7,224,243
2024-09-26 01:54:00,50.0,49.9,228,239
2024-09-26 01:56:00,49.8,49.8,226,240
2024-09-26 01:58:00,49.8,49.7,227,238
2024-09-26 02:00:00,49.9,49.8,228,239
2024-09-26 02:02:00,50.1,50.1,223,244
2024-09-26 02:04:00,50.1,50.1,225,243
2024-09-26 02:06:00,49.8,49.8,228,239
2024-09-26 02:08:00,49.9,49.9,228,239
2024-09-26 02:10:00,49.7,49.7,226,239
2024-09-26 02:12:00,49.9,50.0,226,240
2024-09-26 02:14:00,50.2,50.2,227,242
2024-09-26 02:16:00,50.1,50.1,225,243
2024-09-26 02:18:00,49.8,49.8,226,241
2024-09-26 02:20:00,49.9,49.9,228,240
2024-09-26 02:22:00,50.0,49.9,226,243
2024-09-26 02:24:00,50.1,50.1,224,242
2024-09-26 02:26:00,50.1,50.3,223,244
2024-09-26 02:28:00,50.3,50.2,226,243
2024-09-26 02:30:00,50.1,50.2,223,243
2024-09-26 02:32:00,50.1,50.1,224,242
2024-09-26 02:34:00,50.0,50.0,227,240
2024-09-26 02:36:00,50.0,50.0,225,240
2024-09-26 02:38:00,50.3,50.3,224,243
2024-09-26 02:40:00,50.5,50.4,226,242
2024-09-26 02:42:00,50.1,50.2,224,243
2024-09-26 02:44:00,50.5,50.5,224,243
2024-09-26 02:46:00,50.4,50.3,224,241
2024-09-26 02:48:00,50.4,50.4,228,240
2024-09-26 02:50:00,50.3,50.3,226,240
2024-09-26 02:52:00,50.5,50.5,226,240
2024-09-26 02:54:00,50.5,50.7,227,242
2024-09-26 02:56:00,50.8,50.7,227,242
2024-09-26 02:58:00,50.6,50.7,226,242
2024-09-26 03:00:00,50.8,50.7,227,241
2024-09-26 03:02:00,50.9,50.9,228,241
2024-09-26 03:04:00,50.7,50.7,226,240
2024-09-26 03:06:00,50.5,50.5,226,240
2024-09-26 03:08:00,50.7,50.7,228,241
2024-09-26 03:10:00,50.4,50.5,226,240
2024-09-26 03:12:00,55.6,55.6,231,243
2024-09-26 03:14:00,55.8,55.9,228,245
2024-09-26 03:16:00,55.6,55.6,226,248
2024-09-26 03:18:00,54.9,54.8,226,245
2024-09-26 03:20:00,55.1,55.2,226,245
2024-09-26 03:22:00,55.4,55.2,226,245
2024-09-26 03:24:00,55.0,55.0,228,243
2024-09-26 03:26:00,55.2,55.1,230,243
2024-09-26 03:28:00,55.4,55.5,226,243
2024-09-26 03:30:00,54.7,54.7,224,246
2024-09-26 03:32:00,54.7,54.8,228,245
2024-09-26 03:34:00,55.5,55.3,229,243
2024-09-26 03:36:00,54.1,54.3,228,241
2024-09-26 03:38:00,54.2,54.2,228,241
2024-09-26 03:40:00,54.9,54.9,227,245
2024-09-26 03:42:00,55.1,55.1,228,243
2024-09-26 03:44:00,54.6,54.7,226,245
2024-09-26 03:46:00,55.3,55.4,229,243
2024-09-26 03:48:00,55.1,55.2,227,243
2024-09-26 03:50:00,55.2,55.2,228,243
2024-09-26 03:52:00,54.6,54.5,231,243
2024-09-26 03:54:00,54.6,54.7,228,243
2024-09-26 03:56:00,55.2,55.2,227,243
2024-09-26 03:58:00,55.2,55.3,229,243
2024-09-26 04:00:00,55.2,55.0,226,243
2024-09-26 04:02:00,55.0,54.9,227,243
2024-09-26 04:04:00,55.2,55.1,228,243
2024-09-26 04:06:00,55.0,55.1,226,243
2024-09-26 04:08:00,55.1,55.1,227,243
2024-09-26 04:10:00,55.0,55.0,228,244
2024-09-26 04:12:00,54.9,54.8,228,244
2024-09-26 04:14:00,53.6,53.6,226,248
2024-09-26 04:16:00,53.6,53.8,228,247
2024-09-26 04:18:00,53.7,53.9,228,247
2024-09-26 04:20:00,52.2,52.2,228,244
2024-09-26 04:22:00,52.1,52.1,228,245
2024-09-26 04:24:00,52.7,52.6,226,247
2024-09-26 04:26:00,53.0,52.9,228,248
2024-09-26 04:28:00,52.4,52.4,228,245
2024-09-26 04:30:00,52.3,52.3,230,245
2024-09-26 04:32:00,52.3,52.2,230,245
2024-09-26 04:34:00,52.3,52.2,230,245
2024-09-26 04:36:00,52.2,52.2,230,245
2024-09-26 04:38:00,51.9,51.9,225,245
2024-09-26 04:40:00,52.3,52.2,230,245
2024-09-26 04:42:00,52.2,52.1,230,245
2024-09-26 04:44:00,52.1,52.2,230,245
2024-09-26 04:46:00,52.8,52.7,231,247
2024-09-26 04:48:00,52.3,52.2,228,242
2024-09-26 04:50:00,52.6,52.6,228,247
2024-09-26 04:52:00,52.6,52.6,231,246
2024-09-26 04:54:00,52.6,52.3,230,246
2024-09-26 04:56:00,52.0,52.0,226,243
2024-09-26 04:58:00,52.6,52.6,231,246
2024-09-26 05:00:00,52.5,52.7,228,246
2024-09-26 05:02:00,52.3,52.2,230,245
2024-09-26 05:04:00,52.4,52.2,228,245
2024-09-26 05:06:00,52.1,52.3,229,245
2024-09-26 05:08:00,52.4,52.5,231,246
2024-09-26 05:10:00,52.4,52.5,231,247
2024-09-26 05:12:00,52.4,52.5,231,247
2024-09-26 05:14:00,52.2,52.2,228,243
2024-09-26 05:16:00,52.7,52.8,231,246
2024-09-26 05:18:00,52.4,52.2,231,246
2024-09-26 05:20:00,53.6,53.6,232,243
2024-09-26 05:22:00,53.4,53.3,231,244
2024-09-26 05:24:00,52.5,52.6,231,247
2024-09-26 05:26:00,52.3,52.2,231,245
2024-09-26 05:28:00,52.1,52.2,231,245
2024-09-26 05:30:00,52.2,52.2,231,245
2024-09-26 05:32:00,52.2,52.2,231,245
2024-09-26 05:34:00,52.0,51.9,227,245
2024-09-26 05:36:00,51.8,51.8,229,243
2024-09-26 05:38:00,51.8,51.7,231,243
2024-09-26 05:40:00,51.9,51.9,229,243
2024-09-26 05:42:00,51.9,51.8,229,243
2024-09-26 05:44:00,51.6,51.7,226,245
2024-09-26 05:46:00,51.3,51.3,226,245
2024-09-26 05:48:00,51.9,51.9,226,245
2024-09-26 05:50:00,51.9,51.9,226,245
2024-09-26 05:52:00,52.2,52.2,229,245
2024-09-26 05:54:00,52.1,52.0,227,242
2024-09-26 05:56:00,52.4,52.2,229,245
2024-09-26 05:58:00,52.2,52.1,229,245
2024-09-26 06:00:00,52.1,52.1,228,245
2024-09-26 06:02:00,52.2,52.1,228,245
2024-09-26 06:04:00,52.0,52.2,228,245
2024-09-26 06:06:00,52.1,52.1,227,243
2024-09-26 06:08:00,51.7,51.6,226,240
2024-09-26 06:10:00,51.3,51.4,225,239
2024-09-26 06:12:00,51.2,51.2,225,238
2024-09-26 06:14:00,51.2,51.1,225,238
2024-09-26 06:16:00,51.3,51.4,223,238
2024-09-26 06:18:00,51.2,51.3,225,240
2024-09-26 06:20:00,51.3,51.2,222,242
2024-09-26 06:22:00,51.7,51.8,226,240
2024-09-26 06:24:00,51.5,51.4,222,239
2024-09-26 06:26:00,51.1,51.2,218,238
2024-09-26 06:28:00,51.2,51.1,220,237
2024-09-26 06:30:00,51.2,51.2,221,236
2024-09-26 06:32:00,51.1,51.2,221,236
2024-09-26 06:34:00,51.6,51.6,221,238
2024-09-26 06:36:00,51.7,51.8,224,240
2024-09-26 06:38:00,52.0,51.9,228,240
2024-09-26 06:40:00,51.9,51.7,223,240
2024-09-26 06:42:00,51.9,51.8,226,241
2024-09-26 06:44:00,51.7,51.4,225,239
2024-09-26 06:46:00,53.5,53.4,223,243
2024-09-26 06:48:00,53.6,53.6,223,243
2024-09-26 06:50:00,54.1,54.1,221,240
2024-09-26 06:52:00,53.4,53.5,224,240
2024-09-26 06:54:00,52.4,52.5,230,240
2024-09-26 06:56:00,52.2,52.2,224,238
2024-09-26 06:58:00,52.3,52.2,225,238
2024-09-26 07:00:00,51.8,51.8,227,237
2024-09-26 07:02:00,51.8,51.8,225,236
2024-09-26 07:04:00,52.6,52.6,227,241
2024-09-26 07:06:00,52.5,52.5,225,239
2024-09-26 07:08:00,52.1,52.0,227,238
2024-09-26 07:10:00,52.0,52.2,224,238
2024-09-26 07:12:00,53.9,53.9,223,240
2024-09-26 07:14:00,53.8,53.8,223,239
2024-09-26 07:16:00,53.4,53.3,224,238
2024-09-26 07:18:00,53.6,53.6,223,240
2024-09-26 07:20:00,52.6,52.6,223,239
2024-09-26 07:22:00,52.8,3922,228,0
2024-09-26 07:24:00,52.6,3937,230,0
2024-09-26 07:26:00,53.2,6494,226,0
2024-09-26 07:28:00,53.3,3937,228,0
2024-09-26 07:30:00,52.2,5618,224,0
2024-09-26 07:32:00,52.2,4902,226,0
2024-09-26 07:34:00,52.3,3937,226,0
2024-09-26 07:36:00,52.8,6536,227,0.707
2024-09-26 07:38:00,52.8,4926,227,0
2024-09-26 07:40:00,53.5,7874,228,0.707
2024-09-26 07:42:00,53.3,7874,223,0
2024-09-26 07:44:00,51.9,7874,225,0
2024-09-26 07:46:00,52.3,7874,228,0
2024-09-26 07:48:00,52.3,3571,222,0.707
2024-09-26 07:50:00,51.9,5618,226,0
2024-09-26 07:52:00,51.8,5618,219,0
2024-09-26 07:54:00,52.1,4878,219,0
2024-09-26 07:56:00,52.4,3937,216,0
2024-09-26 07:58:00,51.8,4367,220,0
2024-09-26 08:00:00,51.8,7874,218,0
2024-09-26 08:02:00,51.6,4367,218,0
2024-09-26 08:04:00,51.5,5618,217,0
2024-09-26 08:06:00,51.7,6536,218,0
2024-09-26 08:08:00,51.9,7874,216,0
2024-09-26 08:10:00,52.0,4878,221,0
2024-09-26 08:12:00,51.5,5618,217,0
2024-09-26 08:14:00,51.7,3021,217,0
2024-09-26 08:16:00,51.7,3584,221,0
2024-09-26 08:18:00,51.8,4926,221,0
2024-09-26 08:20:00,51.6,7813,217,0
2024-09-26 08:22:00,51.8,3906,221,0.707
2024-09-26 08:24:00,51.8,4367,222,0
2024-09-26 08:26:00,51.3,7874,213,0
2024-09-26 08:28:00,51.3,3937,219,0
2024-09-26 08:30:00,51.2,4926,217,0
2024-09-26 08:32:00,51.2,9804,214,0
2024-09-26 08:34:00,51.1,7874,215,0.707
2024-09-26 08:36:00,51.1,4386,218,0
2024-09-26 08:38:00,51.0,3030,214,0
2024-09-26 08:40:00,50.9,2451,213,0
2024-09-26 08:42:00,51.1,4926,215,0
2024-09-26 08:44:00,51.1,6536,214,0
2024-09-26 08:46:00,50.9,6536,212,0
2024-09-26 08:48:00,50.9,3030,211,0
2024-09-26 08:50:00,50.9,6579,214,0
2024-09-26 08:52:00,51.1,3584,211,0
2024-09-26 08:54:00,51.1,2809,211,0
2024-09-26 08:56:00,51.1,4367,213,0
2024-09-26 08:58:00,50.9,5587,213,0
2024-09-26 09:00:00,50.6,5556,208,0
2024-09-26 09:02:00,50.7,6536,209,0
2024-09-26 09:04:00,50.7,2075,214,0
2024-09-26 09:06:00,50.7,6536,209,0
2024-09-26 09:08:00,50.9,4386,211,0
2024-09-26 09:10:00,51.3,6536,216,0.707
2024-09-26 09:12:00,51.0,7874,216,0
2024-09-26 09:14:00,50.7,4878,204,0
2024-09-26 09:16:00,51.0,3937,212,0
2024-09-26 09:18:00,51.0,51.1,214,244
2024-09-26 09:20:00,51.2,51.1,211,243
2024-09-26 09:22:00,50.9,51.0,207,243
2024-09-26 09:24:00,50.9,50.9,209,240
2024-09-26 09:26:00,51.3,51.3,214,240
2024-09-26 09:28:00,51.1,51.0,214,241
2024-09-26 09:30:00,50.7,50.8,209,242
2024-09-26 09:32:00,50.7,50.8,211,238
2024-09-26 09:34:00,50.8,50.7,213,240
2024-09-26 09:36:00,50.7,50.7,208,244
2024-09-26 09:38:00,51.1,51.1,210,243
2024-09-26 09:40:00,50.9,50.9,201,243
2024-09-26 09:42:00,50.8,50.7,204,247
2024-09-26 09:44:00,50.7,50.7,211,243
2024-09-26 09:46:00,50.7,50.7,211,243
2024-09-26 09:48:00,50.9,50.8,212,244
2024-09-26 09:50:00,50.9,50.9,213,245
2024-09-26 09:52:00,51.0,51.0,214,244
2024-09-26 09:54:00,50.9,50.7,210,244
2024-09-26 09:56:00,50.5,50.7,211,245
2024-09-26 09:58:00,50.5,50.5,209,242
2024-09-26 10:00:00,50.9,50.8,211,245
2024-09-26 10:02:00,51.0,51.0,209,245
2024-09-26 10:04:00,50.8,50.7,206,245
2024-09-26 10:06:00,50.9,51.1,207,241
2024-09-26 10:08:00,50.8,50.7,205,243
2024-09-26 10:10:00,51.1,51.0,209,245
2024-09-26 10:12:00,50.9,50.9,208,246
2024-09-26 10:14:00,50.8,50.7,204,247
2024-09-26 10:16:00,50.7,50.6,204,243
2024-09-26 10:18:00,50.9,51.0,209,244
2024-09-26 10:20:00,50.7,50.9,208,241
2024-09-26 10:22:00,51.0,51.2,208,240
2024-09-26 10:24:00,51.2,51.2,214,240
2024-09-26 10:26:00,50.8,50.8,211,244
2024-09-26 10:28:00,51.1,51.1,210,242
2024-09-26 10:30:00,51.1,51.1,211,241
2024-09-26 10:32:00,51.1,51.0,210,241
2024-09-26 10:34:00,51.0,51.0,211,239
2024-09-26 10:36:00,51.0,50.8,214,243
2024-09-26 10:38:00,51.2,51.0,213,243
2024-09-26 10:40:00,51.1,51.0,211,240
2024-09-26 10:42:00,50.8,50.9,214,240
2024-09-26 10:44:00,50.6,50.7,214,242
2024-09-26 10:46:00,50.9,50.9,211,240
2024-09-26 10:48:00,51.1,51.0,211,243
2024-09-26 10:50:00,51.0,51.1,209,243
2024-09-26 10:52:00,51.2,51.2,212,241
2024-09-26 10:54:00,51.0,51.1,212,240
2024-09-26 10:56:00,51.2,51.2,214,239
2024-09-26 10:58:00,51.2,51.2,211,242
2024-09-26 11:00:00,51.2,51.2,211,243
2024-09-26 11:02:00,51.2,51.0,215,239
2024-09-26 11:04:00,50.9,50.9,211,240
2024-09-26 11:06:00,51.2,51.2,210,243
2024-09-26 11:08:00,50.9,51.3,209,243
2024-09-26 11:10:00,51.1,51.1,211,240
2024-09-26 11:12:00,50.8,50.7,210,243
2024-09-26 11:14:00,50.8,50.8,210,239
2024-09-26 11:16:00,51.0,51.0,211,240
2024-09-26 11:18:00,51.0,51.0,211,240
2024-09-26 11:20:00,50.8,50.7,211,240
2024-09-26 11:22:00,51.1,51.0,211,239
2024-09-26 11:24:00,51.1,51.0,215,242
2024-09-26 11:26:00,50.6,50.7,212,244
2024-09-26 11:28:00,50.7,50.6,210,243
2024-09-26 11:30:00,50.9,50.9,212,240
2024-09-26 11:32:00,51.1,51.1,209,241
2024-09-26 11:34:00,51.2,51.1,209,239
2024-09-26 11:36:00,51.0,51.0,209,244
2024-09-26 11:38:00,50.7,50.7,210,244
2024-09-26 11:40:00,50.7,50.9,209,243
2024-09-26 11:42:00,50.8,50.8,209,243
2024-09-26 11:44:00,50.8,51.0,213,240
2024-09-26 11:46:00,50.9,50.9,211,240
2024-09-26 11:48:00,50.7,50.7,203,240
2024-09-26 11:50:00,50.7,50.7,204,243
2024-09-26 11:52:00,50.7,50.7,211,239
2024-09-26 11:54:00,50.9,50.8,211,241
2024-09-26 11:56:00,51.0,50.9,211,239
2024-09-26 11:58:00,50.9,50.9,211,240
2024-09-26 12:00:00,50.9,50.9,207,243
2024-09-26 12:02:00,50.6,50.6,211,242
2024-09-26 12:04:00,50.8,50.8,210,243
2024-09-26 12:06:00,50.8,50.8,214,240
2024-09-26 12:08:00,50.7,50.7,203,240
2024-09-26 12:10:00,50.7,50.7,204,241
2024-09-26 12:12:00,50.7,50.8,204,243
2024-09-26 12:14:00,50.6,50.6,211,243
2024-09-26 12:16:00,50.6,50.8,209,242
2024-09-26 12:18:00,50.3,50.4,204,241
2024-09-26 12:20:00,50.4,50.5,206,244
2024-09-26 12:22:00,50.4,50.5,204,243
2024-09-26 12:24:00,50.5,50.5,210,240
2024-09-26 12:26:00,50.4,50.3,206,241
2024-09-26 12:28:00,50.5,50.5,209,243
2024-09-26 12:30:00,50.4,50.5,207,243
2024-09-26 12:32:00,50.4,50.5,207,245
2024-09-26 12:34:00,50.4,50.4,211,243
2024-09-26 12:36:00,50.6,50.5,214,242
2024-09-26 12:38:00,50.4,50.4,211,239
2024-09-26 12:40:00,50.5,50.5,211,240
2024-09-26 12:42:00,50.7,50.6,212,244
2024-09-26 12:44:00,50.5,50.5,210,246
2024-09-26 12:46:00,50.5,50.5,209,246
2024-09-26 12:48:00,50.5,50.5,211,245
2024-09-26 12:50:00,50.6,50.6,213,245
2024-09-26 12:52:00,50.6,50.7,211,245
2024-09-26 12:54:00,50.5,50.5,211,245
2024-09-26 12:56:00,50.5,50.5,212,243
2024-09-26 12:58:00,50.7,50.6,211,240
2024-09-26 13:00:00,50.7,50.7,212,238
2024-09-26 13:02:00,50.8,50.7,210,242
2024-09-26 13:04:00,50.6,50.6,211,243
2024-09-26 13:06:00,50.6,50.6,209,241
2024-09-26 13:08:00,50.6,50.7,209,240
2024-09-26 13:10:00,50.7,50.8,211,243
2024-09-26 13:12:00,50.7,50.7,212,243
2024-09-26 13:14:00,50.6,50.6,209,240
2024-09-26 13:16:00,50.6,50.7,210,243
2024-09-26 13:18:00,50.6,50.6,210,244
2024-09-26 13:20:00,50.8,50.8,208,243
2024-09-26 13:22:00,50.9,50.8,209,241
2024-09-26 13:24:00,50.7,50.6,211,240
2024-09-26 13:26:00,50.6,50.6,210,242
2024-09-26 13:28:00,50.7,50.7,207,243
2024-09-26 13:30:00,50.7,50.7,209,242
2024-09-26 13:32:00,50.8,50.8,208,242
2024-09-26 13:34:00,51.0,50.9,206,241
2024-09-26 13:36:00,50.8,50.8,208,242
2024-09-26 13:38:00,50.8,50.9,209,242
2024-09-26 13:40:00,50.9,50.9,211,239
2024-09-26 13:42:00,50.7,50.6,202,244
2024-09-26 13:44:00,50.7,50.8,207,242
2024-09-26 13:46:00,50.5,50.6,219,236
2024-09-26 13:48:00,50.1,50.2,210,247
2024-09-26 13:50:00,50.2,50.2,208,248
2024-09-26 13:52:00,50.4,50.5,211,243
2024-09-26 13:54:00,50.4,50.4,211,243
2024-09-26 13:56:00,50.3,50.3,209,244
2024-09-26 13:58:00,50.3,50.2,207,245
2024-09-26 14:00:00,50.2,50.1,209,244
2024-09-26 14:02:00,50.2,50.0,204,246
2024-09-26 14:04:00,50.2,50.1,207,248
2024-09-26 14:06:00,50.0,49.9,209,245
2024-09-26 14:08:00,50.1,50.0,209,245
2024-09-26 14:10:00,50.1,50.0,207,246
2024-09-26 14:12:00,49.8,49.8,207,247
2024-09-26 14:14:00,49.7,49.7,210,247
2024-09-26 14:16:00,49.6,49.7,208,248
2024-09-26 14:18:00,49.5,49.6,208,249
2024-09-26 14:20:00,49.6,49.7,209,249
2024-09-26 14:22:00,50.1,50.0,211,246
2024-09-26 14:24:00,49.5,49.6,210,246
2024-09-26 14:26:00,49.6,49.6,209,248
2024-09-26 14:28:00,49.6,49.5,212,243
2024-09-26 14:30:00,49.5,49.6,211,248
2024-09-26 14:32:00,49.5,49.6,209,248
2024-09-26 14:34:00,49.5,49.5,209,245
2024-09-26 14:36:00,49.6,49.6,210,243
2024-09-26 14:38:00,49.4,49.4,209,244
2024-09-26 14:40:00,49.4,49.4,209,246
2024-09-26 14:42:00,49.5,49.4,208,245
2024-09-26 14:44:00,49.0,49.1,208,245
2024-09-26 14:46:00,49.2,49.2,207,245
2024-09-26 14:48:00,49.2,49.2,208,244
2024-09-26 14:50:00,49.3,49.3,210,243
2024-09-26 14:52:00,49.2,49.3,209,245
2024-09-26 14:54:00,49.3,49.3,208,244
2024-09-26 14:56:00,49.1,49.3,209,243
2024-09-26 14:58:00,49.1,49.2,210,242
2024-09-26 15:00:00,49.1,49.2,204,244
2024-09-26 15:02:00,49.1,49.2,207,245
2024-09-26 15:04:00,49.2,49.3,210,243
2024-09-26 15:06:00,49.3,49.4,213,242
2024-09-26 15:08:00,49.3,49.4,211,243
2024-09-26 15:10:00,49.4,49.5,211,240
2024-09-26 15:12:00,49.4,49.4,211,242
2024-09-26 15:14:00,49.4,49.3,210,243
2024-09-26 15:16:00,49.2,49.2,210,240
2024-09-26 15:18:00,49.3,49.4,209,243
2024-09-26 15:20:00,49.3,49.3,213,243
2024-09-26 15:22:00,49.3,49.3,211,242
2024-09-26 15:24:00,49.2,49.3,211,241
2024-09-26 15:26:00,49.4,49.3,211,241
2024-09-26 15:28:00,49.3,49.2,212,242
2024-09-26 15:30:00,49.2,49.3,208,243
2024-09-26 15:32:00,49.3,49.3,211,242
2024-09-26 15:34:00,49.3,49.3,212,244
2024-09-26 15:36:00,49.3,49.3,212,241
2024-09-26 15:38:00,49.4,49.4,211,243
2024-09-26 15:40:00,49.4,49.4,211,243
2024-09-26 15:42:00,49.4,49.4,214,242
2024-09-26 15:44:00,49.4,49.3,211,243
2024-09-26 15:46:00,49.4,49.3,211,243
2024-09-26 15:48:00,49.3,49.3,213,243
2024-09-26 15:50:00,49.4,49.4,214,242
2024-09-26 15:52:00,49.3,49.3,210,244
2024-09-26 15:54:00,49.4,49.4,212,243
2024-09-26 15:56:00,49.4,49.3,212,245
2024-09-26 15:58:00,49.2,49.3,211,243
2024-09-26 16:00:00,49.4,49.2,212,243
2024-09-26 16:02:00,49.6,49.7,214,243
2024-09-26 16:04:00,49.6,49.8,214,246
2024-09-26 16:06:00,49.8,49.7,212,245
2024-09-26 16:08:00,49.7,49.6,212,245
2024-09-26 16:10:00,49.6,49.6,212,247
2024-09-26 16:12:00,49.5,49.5,211,248
2024-09-26 16:14:00,49.5,49.6,211,247
2024-09-26 16:16:00,49.7,49.6,211,247
2024-09-26 16:18:00,49.6,49.6,212,245
2024-09-26 16:20:00,49.8,49.8,212,248
2024-09-26 16:22:00,49.9,49.9,212,248
2024-09-26 16:24:00,50.0,50.0,214,248
2024-09-26 16:26:00,49.8,49.8,208,250
2024-09-26 16:28:00,50.1,50.0,214,247
2024-09-26 16:30:00,49.9,49.8,215,244
2024-09-26 16:32:00,50.1,50.0,215,243
2024-09-26 16:34:00,50.1,50.1,214,245
2024-09-26 16:36:00,50.1,50.2,214,245
2024-09-26 16:38:00,50.0,50.2,215,244
2024-09-26 16:40:00,50.3,50.2,215,243
2024-09-26 16:42:00,50.4,50.5,216,243
2024-09-26 16:44:00,50.7,50.5,217,244
2024-09-26 16:46:00,50.4,50.3,215,243
2024-09-26 16:48:00,50.7,50.5,216,240
2024-09-26 16:50:00,50.5,50.6,219,240
2024-09-26 16:52:00,50.7,50.6,219,240
2024-09-26 16:54:00,50.5,50.5,217,240
2024-09-26 16:56:00,50.6,50.6,217,240
2024-09-26 16:58:00,50.7,50.7,219,240
2024-09-26 17:00:00,50.7,50.6,219,240
2024-09-26 17:02:00,50.6,50.6,218,242
2024-09-26 17:04:00,50.8,50.7,219,240
2024-09-26 17:06:00,50.4,50.5,215,242
2024-09-26 17:08:00,50.5,50.4,214,242
2024-09-26 17:10:00,50.7,50.7,218,241
2024-09-26 17:12:00,50.6,50.6,219,240
2024-09-26 17:14:00,50.5,50.5,217,240
2024-09-26 17:16:00,50.6,50.6,217,240
2024-09-26 17:18:00,50.7,50.7,220,240
2024-09-26 17:20:00,50.7,50.7,219,240
2024-09-26 17:22:00,50.7,50.5,218,240
2024-09-26 17:24:00,50.6,50.7,218,240
2024-09-26 17:26:00,50.7,50.6,220,239
2024-09-26 17:28:00,50.5,50.5,217,240
2024-09-26 17:30:00,50.4,50.5,216,240
2024-09-26 17:32:00,50.7,50.7,219,239
2024-09-26 17:34:00,50.5,50.4,217,241
2024-09-26 17:36:00,50.6,50.6,216,239
2024-09-26 17:38:00,50.7,50.7,218,240
2024-09-26 17:40:00,50.7,50.7,218,240
2024-09-26 17:42:00,50.6,50.5,216,239
2024-09-26 17:44:00,50.7,50.7,216,241
2024-09-26 17:46:00,50.6,50.4,219,239
2024-09-26 17:48:00,50.5,50.6,216,241
2024-09-26 17:50:00,50.6,50.5,215,240
2024-09-26 17:52:00,50.6,50.7,216,240
2024-09-26 17:54:00,50.6,50.5,215,240
2024-09-26 17:56:00,50.4,50.5,215,240
2024-09-26 17:58:00,50.0,50.0,216,239
2024-09-26 18:00:00,50.1,50.2,216,240
2024-09-26 18:02:00,49.6,49.8,214,240
2024-09-26 18:04:00,49.6,49.5,213,240
2024-09-26 18:06:00,49.6,49.6,214,242
2024-09-26 18:08:00,49.5,49.6,213,242
2024-09-26 18:10:00,49.5,49.6,213,240
2024-09-26 18:12:00,49.5,49.5,216,238
2024-09-26 18:14:00,49.6,49.5,217,239
2024-09-26 18:16:00,49.6,49.7,217,238
2024-09-26 18:18:00,49.5,49.6,219,238
2024-09-26 18:20:00,49.7,49.6,218,243
2024-09-26 18:22:00,49.6,49.6,216,243
2024-09-26 18:24:00,49.8,49.7,219,241
2024-09-26 18:26:00,49.8,49.7,221,242
2024-09-26 18:28:00,49.7,49.7,219,242
2024-09-26 18:30:00,49.8,49.7,219,241
2024-09-26 18:32:00,49.8,49.7,220,241
2024-09-26 18:34:00,49.7,49.6,220,240
2024-09-26 18:36:00,49.7,49.7,219,241
2024-09-26 18:38:00,49.7,49.6,219,242
2024-09-26 18:40:00,49.6,49.6,221,240
2024-09-26 18:42:00,49.6,49.6,218,242
2024-09-26 18:44:00,49.7,49.6,218,243
2024-09-26 18:46:00,49.5,49.7,220,243
2024-09-26 18:48:00,49.7,49.7,220,243
2024-09-26 18:50:00,49.4,49.4,212,244
2024-09-26 18:52:00,49.5,49.5,212,244
2024-09-26 18:54:00,49.5,49.5,214,243
2024-09-26 18:56:00,49.6,49.6,211,246
2024-09-26 18:58:00,49.5,49.6,212,244
2024-09-26 19:00:00,49.6,49.6,214,245
2024-09-26 19:02:00,49.6,49.6,214,243
2024-09-26 19:04:00,49.5,49.6,212,245
2024-09-26 19:06:00,49.6,49.5,212,245
2024-09-26 19:08:00,49.5,49.5,214,243
2024-09-26 19:10:00,49.5,49.5,210,245
2024-09-26 19:12:00,49.5,49.5,210,246
2024-09-26 19:14:00,49.7,49.6,216,244
2024-09-26 19:16:00,49.5,49.5,210,247
2024-09-26 19:18:00,49.5,49.5,215,243
2024-09-26 19:20:00,49.8,49.9,214,244
2024-09-26 19:22:00,49.8,50.1,219,243
2024-09-26 19:24:00,49.9,50.0,212,243
2024-09-26 19:26:00,50.0,50.0,211,247
2024-09-26 19:28:00,50.0,50.1,214,245
2024-09-26 19:30:00,50.0,50.0,211,246
2024-09-26 19:32:00,50.0,50.0,211,245
2024-09-26 19:34:00,50.0,50.2,213,246
2024-09-26 19:36:00,50.1,50.0,213,247
2024-09-26 19:38:00,50.0,50.0,211,247
2024-09-26 19:40:00,50.0,49.9,213,244
2024-09-26 19:42:00,49.9,49.9,211,248
2024-09-26 19:44:00,50.1,50.0,209,250
2024-09-26 19:46:00,50.4,50.3,215,248
2024-09-26 19:48:00,50.4,50.4,219,245
2024-09-26 19:50:00,50.1,50.3,217,245
2024-09-26 19:52:00,50.2,50.2,217,244
2024-09-26 19:54:00,50.4,50.2,219,245
2024-09-26 19:56:00,50.3,50.5,219,245
2024-09-26 19:58:00,50.4,50.5,217,248
2024-09-26 20:00:00,50.5,50.4,219,248
2024-09-26 20:02:00,50.5,50.6,219,247
2024-09-26 20:04:00,50.5,50.4,216,248
2024-09-26 20:06:00,50.6,50.5,216,248
2024-09-26 20:08:00,50.5,50.5,219,248
2024-09-26 20:10:00,50.5,50.5,216,249
2024-09-26 20:12:00,50.6,50.6,216,248
2024-09-26 20:14:00,50.5,50.5,219,248
2024-09-26 20:16:00,50.3,50.3,216,248
2024-09-26 20:18:00,50.6,50.5,216,249
2024-09-26 20:20:00,50.5,50.4,218,247
2024-09-26 20:22:00,50.5,50.5,219,248
2024-09-26 20:24:00,50.5,50.5,216,247
2024-09-26 20:26:00,50.5,50.5,218,247
2024-09-26 20:28:00,50.3,50.3,219,247
2024-09-26 20:30:00,50.4,50.3,217,246
2024-09-26 20:32:00,50.3,50.3,218,244
2024-09-26 20:34:00,50.1,50.2,219,243
2024-09-26 20:36:00,49.9,50.2,217,245
2024-09-26 20:38:00,50.3,50.2,218,243
2024-09-26 20:40:00,50.5,50.4,219,247
2024-09-26 20:42:00,50.5,50.6,219,248
2024-09-26 20:44:00,50.4,50.3,217,244
2024-09-26 20:46:00,50.2,50.1,219,242
2024-09-26 20:48:00,50.2,50.2,219,243
2024-09-26 20:50:00,50.1,50.2,217,243
2024-09-26 20:52:00,50.2,50.3,217,245
2024-09-26 20:54:00,50.3,50.3,219,244
2024-09-26 20:56:00,50.3,50.3,217,244
2024-09-26 20:58:00,50.3,50.2,217,244
2024-09-26 21:00:00,50.4,50.4,219,245
2024-09-26 21:02:00,50.5,50.6,216,248
2024-09-26 21:04:00,50.5,50.5,216,250
2024-09-26 21:06:00,50.5,50.5,219,248
2024-09-26 21:08:00,50.6,50.5,218,249
2024-09-26 21:10:00,50.5,50.4,216,247
2024-09-26 21:12:00,50.4,50.4,219,245
2024-09-26 21:14:00,50.5,50.6,218,248
2024-09-26 21:16:00,50.3,50.4,216,245
2024-09-26 21:18:00,50.5,50.5,214,248
2024-09-26 21:20:00,50.5,50.5,219,247
2024-09-26 21:22:00,50.5,50.5,216,247
2024-09-26 21:24:00,50.5,50.3,216,245
2024-09-26 21:26:00,50.4,50.4,218,244
2024-09-26 21:28:00,50.4,50.4,216,244
2024-09-26 21:30:00,50.4,50.3,216,244
2024-09-26 21:32:00,50.5,50.5,219,245
2024-09-26 21:34:00,50.5,50.5,219,245
2024-09-26 21:36:00,50.6,50.5,217,247
2024-09-26 21:38:00,50.6,50.5,219,246
2024-09-26 21:40:00,50.6,50.6,219,246
2024-09-26 21:42:00,50.6,50.5,217,247
2024-09-26 21:44:00,50.5,50.5,217,246
2024-09-26 21:46:00,50.4,50.6,219,247
2024-09-26 21:48:00,50.6,50.5,217,248
2024-09-26 21:50:00,50.5,50.4,217,248
2024-09-26 21:52:00,50.5,50.7,218,248
2024-09-26 21:54:00,50.4,50.4,216,247
2024-09-26 21:56:00,50.4,50.6,216,249
2024-09-26 21:58:00,50.5,50.6,218,248
2024-09-26 22:00:00,50.5,50.6,218,248
2024-09-26 22:02:00,50.5,50.5,216,249
2024-09-26 22:04:00,50.5,50.6,218,248
2024-09-26 22:06:00,50.5,50.5,219,247
2024-09-26 22:08:00,50.6,50.7,219,244
2024-09-26 22:10:00,50.7,50.7,220,245
2024-09-26 22:12:00,50.8,50.8,221,245
2024-09-26 22:14:00,50.7,50.7,219,245
2024-09-26 22:16:00,50.6,50.8,219,246
2024-09-26 22:18:00,50.7,50.8,221,245
2024-09-26 22:20:00,50.6,50.5,219,244
2024-09-26 22:22:00,50.7,50.6,219,244
2024-09-26 22:24:00,50.6,50.6,221,245
2024-09-26 22:26:00,50.6,50.6,221,243
2024-09-26 22:28:00,50.7,50.7,219,245
2024-09-26 22:30:00,50.7,50.8,221,245
2024-09-26 22:32:00,50.7,50.7,221,245
2024-09-26 22:34:00,50.6,50.5,219,244
2024-09-26 22:36:00,50.6,50.7,219,245
2024-09-26 22:38:00,50.5,50.7,221,243
2024-09-26 22:40:00,50.6,50.5,219,244
2024-09-26 22:42:00,50.7,50.5,219,245
2024-09-26 22:44:00,50.6,50.6,221,243
2024-09-26 22:46:00,50.7,50.7,219,245
2024-09-26 22:48:00,50.6,50.6,219,243
2024-09-26 22:50:00,50.7,50.6,221,245
2024-09-26 22:52:00,50.5,50.5,221,245
2024-09-26 22:54:00,50.6,50.6,219,245
2024-09-26 22:56:00,50.5,50.6,221,245
2024-09-26 22:58:00,50.6,50.7,221,245
2024-09-26 23:00:00,50.6,50.7,219,245
2024-09-26 23:02:00,55.3,55.0,231,242
2024-09-26 23:04:00,55.0,55.0,231,241
2024-09-26 23:06:00,54.3,54.4,221,246
2024-09-26 23:08:00,54.6,54.8,226,246
2024-09-26 23:10:00,54.4,54.7,225,245
2024-09-26 23:12:00,54.4,54.4,223,245
2024-09-26 23:14:00,54.5,54.5,226,245
2024-09-26 23:16:00,54.5,54.5,226,245
2024-09-26 23:18:00,53.7,53.9,222,244
2024-09-26 23:20:00,54.6,54.7,225,245
2024-09-26 23:22:00,54.2,54.0,224,243
2024-09-26 23:24:00,54.5,54.2,223,246
2024-09-26 23:26:00,54.6,54.4,225,245
2024-09-26 23:28:00,54.4,54.6,226,245
2024-09-26 23:30:00,54.1,54.0,223,246
2024-09-26 23:32:00,54.5,54.6,225,245
2024-09-26 23:34:00,54.2,54.3,226,245
2024-09-26 23:36:00,53.6,53.5,222,245
2024-09-26 23:38:00,54.0,54.1,223,247
2024-09-26 23:40:00,54.2,54.5,226,245
2024-09-26 23:42:00,54.1,54.1,223,247
2024-09-26 23:44:00,54.2,54.1,223,246
2024-09-26 23:46:00,54.1,54.2,225,245
2024-09-26 23:48:00,54.0,54.1,223,246
2024-09-26 23:50:00,53.6,53.6,223,245
2024-09-26 23:52:00,53.9,53.9,225,243
2024-09-26 23:54:00,53.9,54.0,222,244
2024-09-26 23:56:00,54.3,54.4,223,245
2024-09-26 23:58:00,54.2,54.3,226,245
2024-09-27 00:00:00,54.3,54.2,226,245
2024-09-27 00:02:00,53.9,54.1,225,245
2024-09-27 00:04:00,54.1,54.0,227,245
2024-09-27 00:06:00,54.3,54.2,226,245
2024-09-27 00:08:00,53.9,54.2,225,246
2024-09-27 00:10:00,53.7,53.6,226,243
2024-09-27 00:12:00,53.7,53.8,225,243
2024-09-27 00:14:00,53.5,54.0,223,244
2024-09-27 00:16:00,54.2,54.2,227,245
2024-09-27 00:18:00,54.1,54.1,227,245
2024-09-27 00:20:00,53.8,54.0,225,246
2024-09-27 00:22:00,54.0,53.9,225,245
2024-09-27 00:24:00,54.1,54.0,226,245
2024-09-27 00:26:00,53.8,53.7,224,246
2024-09-27 00:28:00,54.0,54.1,224,246
2024-09-27 00:30:00,51.2,51.1,223,248
2024-09-27 00:32:00,51.3,51.3,221,248
2024-09-27 00:34:00,51.2,51.2,221,248
2024-09-27 00:36:00,51.3,51.3,223,248
2024-09-27 00:38:00,51.7,51.8,225,246
2024-09-27 00:40:00,52.1,52.1,228,245
2024-09-27 00:42:00,51.7,51.7,221,246
2024-09-27 00:44:00,51.5,51.4,222,243
2024-09-27 00:46:00,51.8,51.9,224,242
2024-09-27 00:48:00,51.4,51.4,223,243
2024-09-27 00:50:00,51.9,51.9,226,242
2024-09-27 00:52:00,51.8,51.5,224,245
2024-09-27 00:54:00,51.8,51.8,224,245
2024-09-27 00:56:00,52.0,52.1,226,245
2024-09-27 00:58:00,52.0,52.0,227,245
2024-09-27 01:00:00,51.8,51.8,224,245
2024-09-27 01:02:00,52.0,52.1,227,245
2024-09-27 01:04:00,52.0,52.0,227,245
2024-09-27 01:06:00,52.0,51.9,227,245
2024-09-27 01:08:00,52.0,52.0,229,244
2024-09-27 01:10:00,51.4,51.4,223,243
2024-09-27 01:12:00,53.8,53.7,228,243
2024-09-27 01:14:00,51.8,51.8,223,242
2024-09-27 01:16:00,52.0,52.1,226,241
2024-09-27 01:18:00,52.1,52.1,226,245
2024-09-27 01:20:00,53.6,53.6,227,244
2024-09-27 01:22:00,53.5,53.5,226,242
2024-09-27 01:24:00,51.3,51.3,223,243
2024-09-27 01:26:00,51.8,51.8,225,242
2024-09-27 01:28:00,52.0,51.9,226,242
2024-09-27 01:30:00,53.2,53.1,227,243
2024-09-27 01:32:00,52.1,51.9,226,245
2024-09-27 01:34:00,51.9,51.6,223,245
2024-09-27 01:36:00,53.9,53.7,229,243
2024-09-27 01:38:00,52.0,52.0,226,245
2024-09-27 01:40:00,53.7,53.8,227,244
2024-09-27 01:42:00,52.2,52.2,227,245
2024-09-27 01:44:00,52.1,52.0,227,245
2024-09-27 01:46:00,54.0,53.8,230,243
2024-09-27 01:48:00,53.9,53.9,228,245
2024-09-27 01:50:00,53.5,53.9,228,245
2024-09-27 01:52:00,53.5,53.4,226,243
2024-09-27 01:54:00,53.5,53.3,228,245
2024-09-27 01:56:00,54.1,54.1,230,245
2024-09-27 01:58:00,54.1,54.0,227,245
2024-09-27 02:00:00,51.8,51.8,224,245
2024-09-27 02:02:00,53.9,53.8,229,243
2024-09-27 02:04:00,53.7,53.8,227,244
2024-09-27 02:06:00,53.7,53.8,227,244
2024-09-27 02:08:00,53.4,53.4,226,241
2024-09-27 02:10:00,53.8,53.9,227,243
2024-09-27 02:12:00,53.7,53.7,227,244
2024-09-27 02:14:00,53.8,53.8,228,243
2024-09-27 02:16:00,53.8,53.8,226,244
2024-09-27 02:18:00,54.4,54.4,225,244
2024-09-27 02:20:00,54.6,54.5,227,244
2024-09-27 02:22:00,53.8,53.7,226,245
2024-09-27 02:24:00,51.8,52.0,224,242
2024-09-27 02:26:00,53.2,53.3,228,243
2024-09-27 02:28:00,53.8,53.7,226,244
2024-09-27 02:30:00,53.1,53.1,228,248
2024-09-27 02:32:00,54.5,54.3,227,243
2024-09-27 02:34:00,54.4,54.3,226,244
2024-09-27 02:36:00,54.4,54.5,228,243
2024-09-27 02:38:00,52.0,52.1,226,241
2024-09-27 02:40:00,53.7,53.7,228,244
2024-09-27 02:42:00,53.8,53.8,227,243
2024-09-27 02:44:00,55.0,55.1,226,243
2024-09-27 02:46:00,54.9,54.9,223,243
2024-09-27 02:48:00,54.5,54.5,226,243
2024-09-27 02:50:00,54.0,54.4,228,242
2024-09-27 02:52:00,53.3,53.2,228,243
2024-09-27 02:54:00,53.7,54.0,228,244
2024-09-27 02:56:00,53.8,53.8,229,243
2024-09-27 02:58:00,55.0,54.9,223,243
2024-09-27 03:00:00,54.9,54.9,224,243
2024-09-27 03:02:00,55.1,55.0,226,243
2024-09-27 03:04:00,54.0,54.2,226,241
2024-09-27 03:06:00,54.3,54.5,227,243
2024-09-27 03:08:00,54.6,54.6,228,243
2024-09-27 03:10:00,54.5,54.5,225,243
2024-09-27 03:12:00,54.9,54.8,223,243
2024-09-27 03:14:00,54.8,55.1,225,241
2024-09-27 03:16:00,54.9,54.8,224,243
2024-09-27 03:18:00,54.3,54.5,227,244
2024-09-27 03:20:00,54.4,54.5,228,243
2024-09-27 03:22:00,54.9,54.9,224,243
2024-09-27 03:24:00,54.4,54.4,227,243
2024-09-27 03:26:00,54.0,54.0,228,241
2024-09-27 03:28:00,54.4,54.5,228,243
2024-09-27 03:30:00,54.8,55.1,226,243
2024-09-27 03:32:00,55.0,55.0,228,243
2024-09-27 03:34:00,55.0,55.1,228,243
2024-09-27 03:36:00,54.7,54.7,224,240
2024-09-27 03:38:00,55.1,55.1,228,243
2024-09-27 03:40:00,55.1,55.0,228,243
2024-09-27 03:42:00,54.9,55.0,226,243
2024-09-27 03:44:00,54.5,54.7,227,243
2024-09-27 03:46:00,54.2,54.3,228,240
2024-09-27 03:48:00,54.0,53.9,228,244
2024-09-27 03:50:00,54.0,54.1,227,245
2024-09-27 03:52:00,55.0,55.0,224,243
2024-09-27 03:54:00,54.9,55.0,225,244
2024-09-27 03:56:00,54.7,54.8,227,242
2024-09-27 03:58:00,55.1,55.0,225,244
2024-09-27 04:00:00,54.8,54.8,223,245
2024-09-27 04:02:00,55.0,55.0,226,243
2024-09-27 04:04:00,54.5,54.6,223,243
2024-09-27 04:06:00,54.8,54.7,224,245
2024-09-27 04:08:00,54.8,54.9,226,244
2024-09-27 04:10:00,55.0,54.8,226,244
2024-09-27 04:12:00,54.5,54.4,223,243
2024-09-27 04:14:00,54.6,54.5,227,244
2024-09-27 04:16:00,54.6,54.5,227,244
2024-09-27 04:18:00,54.9,54.8,223,244
2024-09-27 04:20:00,54.8,54.6,224,242
2024-09-27 04:22:00,54.8,55.0,226,243
2024-09-27 04:24:00,54.8,54.9,223,243
2024-09-27 04:26:00,54.9,55.0,226,243
2024-09-27 04:28:00,54.7,54.8,225,240
2024-09-27 04:30:00,55.2,55.0,226,243
2024-09-27 04:32:00,54.9,55.0,226,243
2024-09-27 04:34:00,54.9,54.9,228,243
2024-09-27 04:36:00,53.8,53.8,228,245
2024-09-27 04:38:00,53.8,53.7,227,242
2024-09-27 04:40:00,54.7,54.7,227,243
2024-09-27 04:42:00,53.9,53.9,228,245
2024-09-27 04:44:00,54.5,54.7,226,243
2024-09-27 04:46:00,54.7,54.6,227,243
2024-09-27 04:48:00,53.9,54.0,230,243
2024-09-27 04:50:00,54.0,53.9,227,243
2024-09-27 04:52:00,54.7,54.6,226,243
2024-09-27 04:54:00,53.9,53.9,229,243
2024-09-27 04:56:00,54.2,54.1,228,243
2024-09-27 04:58:00,54.1,54.2,228,243
2024-09-27 05:00:00,51.9,52.0,221,242
2024-09-27 05:02:00,52.9,52.8,223,244
2024-09-27 05:04:00,54.5,54.6,222,243
2024-09-27 05:06:00,54.2,54.1,223,240
2024-09-27 05:08:00,54.5,54.5,225,243
2024-09-27 05:10:00,54.4,54.5,223,243
2024-09-27 05:12:00,54.6,54.5,225,243
2024-09-27 05:14:00,53.6,53.5,227,242
2024-09-27 05:16:00,54.0,54.0,228,243
2024-09-27 05:18:00,54.2,54.2,225,240
2024-09-27 05:20:00,54.2,54.2,226,245
2024-09-27 05:22:00,54.0,54.0,224,246
2024-09-27 05:24:00,53.9,54.0,224,246
2024-09-27 05:26:00,54.2,54.3,227,240
2024-09-27 05:28:00,53.2,53.2,224,247
2024-09-27 05:30:00,52.0,51.9,223,244
2024-09-27 05:32:00,51.9,52.0,221,244
2024-09-27 05:34:00,51.9,51.9,222,244
2024-09-27 05:36:00,51.9,51.9,226,242
2024-09-27 05:38:00,53.4,53.4,225,243
2024-09-27 05:40:00,53.5,53.6,228,244
2024-09-27 05:42:00,54.2,54.2,226,243
2024-09-27 05:44:00,54.3,54.3,226,243
2024-09-27 05:46:00,53.7,53.7,224,246
2024-09-27 05:48:00,53.3,53.3,223,244
2024-09-27 05:50:00,53.9,53.9,226,245
2024-09-27 05:52:00,52.0,52.0,221,247
2024-09-27 05:54:00,52.0,52.1,223,247
2024-09-27 05:56:00,52.2,52.3,222,246
2024-09-27 05:58:00,54.1,54.1,222,244
2024-09-27 06:00:00,54.1,54.2,222,243
2024-09-27 06:02:00,54.6,54.6,224,241
2024-09-27 06:04:00,54.7,54.6,224,241
2024-09-27 06:06:00,53.8,53.8,222,244
2024-09-27 06:08:00,54.0,54.1,223,243
2024-09-27 06:10:00,53.9,53.9,221,244
2024-09-27 06:12:00,53.4,53.4,221,247
2024-09-27 06:14:00,51.9,52.0,223,244
2024-09-27 06:16:00,51.8,51.9,223,243
2024-09-27 06:18:00,51.3,51.2,221,243
2024-09-27 06:20:00,51.8,51.9,225,242
2024-09-27 06:22:00,51.9,52.1,224,243
2024-09-27 06:24:00,52.2,52.1,224,243
2024-09-27 06:26:00,53.4,53.4,226,243
2024-09-27 06:28:00,54.2,54.2,223,244
2024-09-27 06:30:00,53.4,53.4,221,248
2024-09-27 06:32:00,53.3,53.4,221,248
2024-09-27 06:34:00,52.0,51.9,223,243
2024-09-27 06:36:00,53.5,53.4,226,244
2024-09-27 06:38:00,53.4,53.5,223,244
2024-09-27 06:40:00,53.4,53.4,224,245
2024-09-27 06:42:00,53.3,53.3,226,244
2024-09-27 06:44:00,54.5,54.4,222,243
2024-09-27 06:46:00,54.8,54.8,219,244
2024-09-27 06:48:00,54.5,54.5,222,243
2024-09-27 06:50:00,54.6,54.5,228,241
2024-09-27 06:52:00,53.6,53.7,221,241
2024-09-27 06:54:00,54.6,54.8,219,242
2024-09-27 06:56:00,53.6,53.6,216,245
2024-09-27 06:58:00,54.3,54.3,215,246
2024-09-27 07:00:00,54.9,54.9,223,243
2024-09-27 07:02:00,54.5,54.5,222,244
2024-09-27 07:04:00,55.0,54.9,223,243
2024-09-27 07:06:00,54.5,54.7,224,239
2024-09-27 07:08:00,54.7,54.8,221,243
2024-09-27 07:10:00,54.9,55.0,219,244
2024-09-27 07:12:00,54.8,54.8,222,243
2024-09-27 07:14:00,54.3,54.4,224,243
2024-09-27 07:16:00,52.0,51.9,222,238
2024-09-27 07:18:00,51.9,52.0,222,238
2024-09-27 07:20:00,54.0,54.1,218,242
2024-09-27 07:22:00,54.8,54.8,220,243
2024-09-27 07:24:00,54.8,54.8,220,244
2024-09-27 07:26:00,54.4,54.4,223,243
2024-09-27 07:28:00,54.7,54.6,222,243
2024-09-27 07:30:00,55.0,54.9,223,240
2024-09-27 07:32:00,54.8,54.9,221,239
2024-09-27 07:34:00,54.3,54.4,222,241
2024-09-27 07:36:00,54.3,54.3,219,242
2024-09-27 07:38:00,53.6,53.7,221,243
2024-09-27 07:40:00,54.6,54.6,223,243
2024-09-27 07:42:00,53.9,54.3,223,244
2024-09-27 07:44:00,54.5,54.6,221,244
2024-09-27 07:46:00,54.4,54.4,218,245
2024-09-27 07:48:00,52.2,52.2,216,240
2024-09-27 07:50:00,51.7,51.7,213,238
2024-09-27 07:52:00,51.4,51.4,214,240
2024-09-27 07:54:00,52.2,52.1,218,240
2024-09-27 07:56:00,53.7,53.7,219,243
2024-09-27 07:58:00,52.2,52.0,219,243
2024-09-27 08:00:00,53.9,53.8,218,245
2024-09-27 08:02:00,52.1,52.1,222,243
2024-09-27 08:04:00,51.9,51.9,221,243
2024-09-27 08:06:00,51.8,51.9,219,240
2024-09-27 08:08:00,51.9,51.8,221,240
2024-09-27 08:10:00,52.0,51.9,217,245
2024-09-27 08:12:00,52.3,52.0,216,245
2024-09-27 08:14:00,52.1,52.0,217,245
2024-09-27 08:16:00,52.1,52.0,216,243
2024-09-27 08:18:00,51.9,51.9,216,245
2024-09-27 08:20:00,51.3,51.2,215,243
2024-09-27 08:22:00,51.2,51.2,213,243
2024-09-27 08:24:00,51.0,51.0,213,245
2024-09-27 08:26:00,51.0,50.9,209,247
2024-09-27 08:28:00,51.0,51.0,207,248
2024-09-27 08:30:00,51.0,51.1,207,247
2024-09-27 08:32:00,51.0,51.0,209,246
2024-09-27 08:34:00,51.1,50.8,209,245
2024-09-27 08:36:00,50.8,50.9,208,244
2024-09-27 08:38:00,51.0,50.9,206,246
2024-09-27 08:40:00,51.1,51.2,209,244
2024-09-27 08:42:00,51.1,51.0,207,247
2024-09-27 08:44:00,51.2,51.3,211,245
2024-09-27 08:46:00,51.2,51.1,209,245
2024-09-27 08:48:00,50.9,51.1,209,245
2024-09-27 08:50:00,50.9,51.1,208,246
2024-09-27 08:52:00,50.9,50.9,212,240
2024-09-27 08:54:00,50.9,51.0,213,239
2024-09-27 08:56:00,51.2,51.1,213,240
2024-09-27 08:58:00,51.3,51.3,214,242
2024-09-27 09:00:00,51.3,51.3,216,243
2024-09-27 09:02:00,51.7,51.7,214,242
2024-09-27 09:04:00,51.2,51.2,209,245
2024-09-27 09:06:00,51.0,50.9,214,244
2024-09-27 09:08:00,51.6,51.6,212,243
2024-09-27 09:10:00,51.0,51.0,211,245
2024-09-27 09:12:00,51.0,50.9,209,245
2024-09-27 09:14:00,51.0,51.0,211,243
2024-09-27 09:16:00,50.9,51.0,211,240
2024-09-27 09:18:00,50.7,50.7,210,244
2024-09-27 09:20:00,51.1,51.1,211,245
2024-09-27 09:22:00,50.9,50.9,207,243
2024-09-27 09:24:00,50.8,50.9,209,241
2024-09-27 09:26:00,51.0,51.1,212,243
2024-09-27 09:28:00,50.4,50.4,205,243
2024-09-27 09:30:00,50.4,50.3,204,242
2024-09-27 09:32:00,50.5,50.3,208,240
2024-09-27 09:34:00,50.6,50.6,211,239
2024-09-27 09:36:00,50.1,50.1,204,243
2024-09-27 09:38:00,50.0,50.1,206,241
2024-09-27 09:40:00,50.2,50.2,212,239
2024-09-27 09:42:00,50.2,50.3,209,242
2024-09-27 09:44:00,50.1,50.1,210,243
2024-09-27 09:46:00,50.2,50.2,209,240
2024-09-27 09:48:00,50.2,50.1,210,239
2024-09-27 09:50:00,50,50.2,208,238
2024-09-27 09:52:00,50.1,50.2,208,240
2024-09-27 09:54:00,50.2,50.2,208,240
2024-09-27 09:56:00,50,50.0,210,243
2024-09-27 09:58:00,50.1,50.1,212,242
2024-09-27 10:00:00,49.9,50.0,210,243
2024-09-27 10:02:00,50.2,50.1,205,243
2024-09-27 10:04:00,50.0,49.9,210,243
2024-09-27 10:06:00,50.1,50.2,207,243
2024-09-27 10:08:00,50.3,50.1,211,245
2024-09-27 10:10:00,50.1,50.2,207,242
2024-09-27 10:12:00,50.1,50.0,213,243
2024-09-27 10:14:00,50.4,50.2,210,240
2024-09-27 10:16:00,50.0,50.1,211,241
2024-09-27 10:18:00,50.3,50.2,209,238
2024-09-27 10:20:00,50.3,50.2,214,240
2024-09-27 10:22:00,50.3,50.3,208,240
2024-09-27 10:24:00,50.2,50.3,211,243
2024-09-27 10:26:00,50.2,50.2,210,239
2024-09-27 10:28:00,50.2,50.4,205,243
2024-09-27 10:30:00,50.2,50.2,209,240
2024-09-27 10:32:00,50.3,50.3,207,240
2024-09-27 10:34:00,50.4,50.4,209,243
2024-09-27 10:36:00,50.4,50.3,207,241
2024-09-27 10:38:00,50.5,50.3,208,240
2024-09-27 10:40:00,50.3,50.2,209,240
2024-09-27 10:42:00,50.2,50.3,209,240
2024-09-27 10:44:00,50.4,50.3,206,243
2024-09-27 10:46:00,50.5,50.5,207,242
2024-09-27 10:48:00,50.4,50.5,210,241
2024-09-27 10:50:00,50.4,50.6,207,242
2024-09-27 10:52:00,50.4,50.5,210,243
2024-09-27 10:54:00,50.8,50.7,215,241
2024-09-27 10:56:00,50.7,50.8,211,240
2024-09-27 10:58:00,50.5,50.6,211,243
2024-09-27 11:00:00,50.3,50.4,212,246
2024-09-27 11:02:00,50.4,50.4,213,244
2024-09-27 11:04:00,50.3,50.4,203,252
2024-09-27 11:06:00,50.4,50.4,202,252
2024-09-27 11:08:00,50.3,50.5,203,252
2024-09-27 11:10:00,50.5,50.4,198,250
2024-09-27 11:12:00,50.6,50.6,206,245
2024-09-27 11:14:00,50.5,50.4,208,245
2024-09-27 11:16:00,50.7,50.8,206,245
2024-09-27 11:18:00,50.7,50.6,208,245
2024-09-27 11:20:00,50.4,50.5,210,248
2024-09-27 11:22:00,50.7,50.5,211,249
2024-09-27 11:24:00,50.5,50.6,207,248
2024-09-27 11:26:00,50.6,50.6,209,249
2024-09-27 11:28:00,50.6,50.5,207,249
2024-09-27 11:30:00,50.6,50.7,207,246
2024-09-27 11:32:00,50.6,50.5,209,246
2024-09-27 11:34:00,50.5,50.6,208,244
2024-09-27 11:36:00,50.5,50.5,207,248
2024-09-27 11:38:00,50.4,50.5,205,250
2024-09-27 11:40:00,50.4,50.5,206,248
2024-09-27 11:42:00,50.5,50.4,209,248
2024-09-27 11:44:00,50.4,50.4,205,249
2024-09-27 11:46:00,50.3,50.5,206,249
2024-09-27 11:48:00,50.5,50.4,209,248
2024-09-27 11:50:00,50.3,50.2,205,250
2024-09-27 11:52:00,50.3,50.4,205,247
2024-09-27 11:54:00,50.4,50.3,207,249
2024-09-27 11:56:00,50.2,50.4,205,250
2024-09-27 11:58:00,50.4,50.5,207,250
2024-09-27 12:00:00,50.6,50.6,207,247
2024-09-27 12:02:00,50.4,50.4,209,249
2024-09-27 12:04:00,50.4,50.4,203,248
2024-09-27 12:06:00,50.6,50.7,205,250
2024-09-27 12:08:00,50.7,50.6,211,245
2024-09-27 12:10:00,50.7,50.6,211,245
2024-09-27 12:12:00,50.7,50.8,211,248
2024-09-27 12:14:00,50.7,50.7,213,248
2024-09-27 12:16:00,50.5,50.4,211,250
2024-09-27 12:18:00,50.5,50.4,208,248
2024-09-27 12:20:00,50.3,50.3,209,250
2024-09-27 12:22:00,50.4,50.3,209,248
2024-09-27 12:24:00,50.3,50.3,206,248
2024-09-27 12:26:00,50.4,50.4,210,245
2024-09-27 12:28:00,50.5,50.3,214,247
2024-09-27 12:30:00,50.2,50.2,209,250
2024-09-27 12:32:00,50.3,50.2,210,248
2024-09-27 12:34:00,50.1,50.1,210,248
2024-09-27 12:36:00,50.1,50.1,211,246
2024-09-27 12:38:00,50.1,50.1,209,246
2024-09-27 12:40:00,49.7,49.8,209,245
2024-09-27 12:42:00,49.6,49.5,209,245
2024-09-27 12:44:00,49.6,49.6,207,246
2024-09-27 12:46:00,49.5,49.5,204,248
2024-09-27 12:48:00,49.8,49.6,210,248
2024-09-27 12:50:00,49.4,49.5,204,248
2024-09-27 12:52:00,49.3,49.2,207,246
2024-09-27 12:54:00,49.1,49.0,210,247
2024-09-27 12:56:00,48.9,49.1,205,246
2024-09-27 12:58:00,48.9,48.9,203,248
2024-09-27 13:00:00,49.2,49.1,204,250
2024-09-27 13:02:00,49.2,49.3,206,248
2024-09-27 13:04:00,49.3,49.3,207,249
2024-09-27 13:06:00,49.1,49.1,206,248
2024-09-27 13:08:00,49.1,49.2,205,248
2024-09-27 13:10:00,49.2,49.2,211,248
2024-09-27 13:12:00,49.2,49.2,210,248
2024-09-27 13:14:00,49.1,49.1,210,246
2024-09-27 13:16:00,49.3,49.4,212,244
2024-09-27 13:18:00,49.3,49.2,211,247
2024-09-27 13:20:00,49.3,49.3,209,245
2024-09-27 13:22:00,49.3,49.2,208,245
2024-09-27 13:24:00,49.3,49.2,209,243
2024-09-27 13:26:00,49.1,49.2,207,246
2024-09-27 13:28:00,49.2,49.2,208,246
2024-09-27 13:30:00,49.2,49.1,208,245
2024-09-27 13:32:00,49.2,49.1,206,245
2024-09-27 13:34:00,49.3,49.3,208,246
2024-09-27 13:36:00,49.1,49.0,207,244
2024-09-27 13:38:00,49.2,49.2,209,244
2024-09-27 13:40:00,49.4,49.3,209,245
2024-09-27 13:42:00,49.3,49.2,209,246
2024-09-27 13:44:00,49.1,49.1,210,248
2024-09-27 13:46:00,49.3,49.2,208,247
2024-09-27 13:48:00,49.2,49.2,209,247
2024-09-27 13:50:00,49.1,49.0,211,243
2024-09-27 13:52:00,49.4,49.3,211,244
2024-09-27 13:54:00,49.4,49.3,207,245
2024-09-27 13:56:00,49.3,49.3,203,245
2024-09-27 13:58:00,49.8,49.7,208,241
2024-09-27 14:00:00,49.3,49.5,207,243
2024-09-27 14:02:00,49.7,49.8,208,241
2024-09-27 14:04:00,54.2,54.3,211,245
2024-09-27 14:06:00,3012,3289,0.707,0
2024-09-27 14:08:00,5618,9615,0,0
2024-09-27 14:10:00,49.3,49.3,197,199
2024-09-27 14:12:00,49.5,49.5,194,199
2024-09-27 14:14:00,49.3,49.3,194,196
2024-09-27 14:16:00,49.4,49.3,197,194
2024-09-27 14:18:00,49.5,49.5,192,194
2024-09-27 14:20:00,49.6,49.6,192,198
2024-09-27 14:22:00,2809,9804,0,0
2024-09-27 14:24:00,6536,3279,0,0.707
2024-09-27 14:26:00,49.6,49.6,192,208
2024-09-27 14:28:00,49.8,49.8,192,208
2024-09-27 14:30:00,49.7,49.7,192,205
2024-09-27 14:32:00,49.4,49.5,194,204
2024-09-27 14:34:00,49.8,49.8,192,199
2024-09-27 14:36:00,49.3,49.2,190,202
2024-09-27 14:38:00,49.4,49.4,192,197
2024-09-27 14:40:00,49.7,49.7,192,200
2024-09-27 14:42:00,49.6,49.7,191,194
2024-09-27 14:44:00,49.2,49.2,192,194
2024-09-27 14:46:00,49.3,49.2,192,202
2024-09-27 14:48:00,49.3,49.3,190,198
2024-09-27 14:50:00,49.4,49.5,192,201
2024-09-27 14:52:00,49.8,49.8,192,203
2024-09-27 14:54:00,3584,3937,0,0
2024-09-27 14:56:00,7874,5618,0,0
2024-09-27 14:58:00,5618,3021,0,0.707
2024-09-27 15:00:00,3937,4329,0,0
2024-09-27 15:02:00,2890,4926,0,0
2024-09-27 15:04:00,3268,5618,0,0
2024-09-27 15:06:00,3584,3937,0,0
2024-09-27 15:08:00,7874,5618,0,0
2024-09-27 15:10:00,6579,5618,0,0
2024-09-27 15:12:00,5618,3268,0,0
2024-09-27 15:14:00,7692,2786,0,0
2024-09-27 15:16:00,49.5,49.5,218,236
2024-09-27 15:18:00,49.6,49.6,215,236
2024-09-27 15:20:00,49.1,49.1,208,248
2024-09-27 15:22:00,49.0,49.0,208,248
2024-09-27 15:24:00,49.1,49.2,209,246
2024-09-27 15:26:00,49.1,49.0,209,246
2024-09-27 15:28:00,49.0,49.0,208,248
2024-09-27 15:30:00,49.0,49.0,206,248
2024-09-27 15:32:00,49.0,49.0,207,246
2024-09-27 15:34:00,49.0,49.0,209,245
2024-09-27 15:36:00,49.1,49.0,209,245
2024-09-27 15:38:00,49.1,49.1,208,246
2024-09-27 15:40:00,49.1,49.1,208,247
2024-09-27 15:42:00,49.0,49.0,209,245
2024-09-27 15:44:00,49.1,49.1,208,248
2024-09-27 15:46:00,49.2,49.2,209,245
2024-09-27 15:48:00,49.1,49.1,211,245
2024-09-27 15:50:00,49.2,49.1,211,245
2024-09-27 15:52:00,49.1,49.1,209,243
2024-09-27 15:54:00,49.1,49.1,210,244
2024-09-27 15:56:00,49.2,49.1,211,245
2024-09-27 15:58:00,49.3,49.2,209,247
2024-09-27 16:00:00,49.3,49.3,211,244
2024-09-27 16:02:00,49.2,49.3,212,242
2024-09-27 16:04:00,49.3,49.3,212,241
2024-09-27 16:06:00,49.3,49.3,211,240
2024-09-27 16:08:00,49.3,49.3,211,242
2024-09-27 16:10:00,49.3,49.3,213,240
2024-09-27 16:12:00,49.5,49.4,212,242
2024-09-27 16:14:00,49.4,49.5,211,241
2024-09-27 16:16:00,49.3,49.3,213,241
2024-09-27 16:18:00,49.4,49.4,215,241
2024-09-27 16:20:00,49.4,49.3,213,240
2024-09-27 16:22:00,49.5,49.4,213,241
2024-09-27 16:24:00,49.5,49.4,220,242
2024-09-27 16:26:00,49.6,49.6,214,239
2024-09-27 16:28:00,49.7,49.8,214,240
2024-09-27 16:30:00,50.0,49.9,217,237
2024-09-27 16:32:00,50.0,49.9,215,239
2024-09-27 16:34:00,50.0,50.0,215,238
2024-09-27 16:36:00,50.0,50.1,217,239
2024-09-27 16:38:00,50.1,50.0,217,238
2024-09-27 16:40:00,50.0,50.0,216,239
2024-09-27 16:42:00,49.8,49.8,214,242
2024-09-27 16:44:00,49.9,49.8,216,241
2024-09-27 16:46:00,49.7,49.6,214,242
2024-09-27 16:48:00,50.1,50.0,215,240
2024-09-27 16:50:00,49.9,50.0,216,239
2024-09-27 16:52:00,49.9,49.9,216,238
2024-09-27 16:54:00,50.0,50.0,215,240
2024-09-27 16:56:00,50.2,50.1,216,240
2024-09-27 16:58:00,50.4,50.3,216,241
2024-09-27 17:00:00,50.2,50.2,216,240
2024-09-27 17:02:00,50.3,50.2,215,242
2024-09-27 17:04:00,50.3,50.4,217,242
2024-09-27 17:06:00,50.2,50.3,215,241
2024-09-27 17:08:00,50.1,50.2,215,241
2024-09-27 17:10:00,50.3,50.3,217,240
2024-09-27 17:12:00,50.5,50.4,217,241
2024-09-27 17:14:00,50.4,50.3,216,240
2024-09-27 17:16:00,50.0,49.9,217,240
2024-09-27 17:18:00,50.0,49.9,218,239
2024-09-27 17:20:00,49.6,49.7,215,239
2024-09-27 17:22:00,49.6,49.6,216,238
2024-09-27 17:24:00,49.6,49.6,216,238
2024-09-27 17:26:00,49.6,49.6,215,238
2024-09-27 17:28:00,49.6,49.5,216,239
2024-09-27 17:30:00,49.7,49.6,218,240
2024-09-27 17:32:00,49.5,49.6,217,240
2024-09-27 17:34:00,49.5,49.6,214,239
2024-09-27 17:36:00,49.7,49.7,216,240
2024-09-27 17:38:00,49.7,49.7,216,240
2024-09-27 17:40:00,49.7,49.7,216,240
2024-09-27 17:42:00,49.7,49.5,214,240
2024-09-27 17:44:00,49.6,49.7,216,240
2024-09-27 17:46:00,49.6,49.6,215,242
2024-09-27 17:48:00,49.6,49.5,214,240
2024-09-27 17:50:00,49.7,49.8,216,241
2024-09-27 17:52:00,49.7,49.7,217,242
2024-09-27 17:54:00,49.6,49.6,216,241
2024-09-27 17:56:00,49.7,49.7,217,242
2024-09-27 17:58:00,49.6,49.6,217,240
2024-09-27 18:00:00,49.6,49.7,216,242
2024-09-27 18:02:00,49.7,49.5,216,241
2024-09-27 18:04:00,49.5,49.6,214,243
2024-09-27 18:06:00,49.6,49.5,212,245
2024-09-27 18:08:00,49.4,49.5,212,243
2024-09-27 18:10:00,49.6,49.5,214,244
2024-09-27 18:12:00,49.5,49.6,214,244
2024-09-27 18:14:00,49.6,49.5,214,244
2024-09-27 18:16:00,49.6,49.6,216,244
2024-09-27 18:18:00,49.5,49.5,216,243
2024-09-27 18:20:00,49.4,49.5,214,244
2024-09-27 18:22:00,49.5,49.5,213,244
2024-09-27 18:24:00,49.5,49.5,216,243
2024-09-27 18:26:00,49.4,49.4,214,244
2024-09-27 18:28:00,49.3,49.4,213,245
2024-09-27 18:30:00,49.4,49.5,216,243
2024-09-27 18:32:00,49.5,49.5,214,246
2024-09-27 18:34:00,49.9,49.9,214,245
2024-09-27 18:36:00,49.9,50.0,215,244
2024-09-27 18:38:00,49.9,49.9,216,245
2024-09-27 18:40:00,50.0,49.9,214,246
2024-09-27 18:42:00,49.9,50.0,214,246
2024-09-27 18:44:00,49.9,50.1,217,243
2024-09-27 18:46:00,49.9,50.0,215,245
2024-09-27 18:48:00,49.9,49.9,216,245
2024-09-27 18:50:00,49.9,49.9,214,248
2024-09-27 18:52:00,49.8,49.8,216,245
2024-09-27 18:54:00,49.9,49.9,214,248
2024-09-27 18:56:00,49.6,49.7,215,244
2024-09-27 18:58:00,50.0,49.8,216,247
2024-09-27 19:00:00,50.0,49.9,214,249
2024-09-27 19:02:00,49.9,49.9,216,246
2024-09-27 19:04:00,50.0,49.9,216,248
2024-09-27 19:06:00,49.9,49.8,217,247
2024-09-27 19:08:00,50.1,50.2,214,251
2024-09-27 19:10:00,50.0,50.0,216,247
2024-09-27 19:12:00,50.0,50.0,216,248
2024-09-27 19:14:00,50.0,50.0,215,249
2024-09-27 19:16:00,50.1,50.0,216,248
2024-09-27 19:18:00,50.1,50.0,217,247
2024-09-27 19:20:00,50.2,50.2,214,250
2024-09-27 19:22:00,50.2,50.2,215,250
2024-09-27 19:24:00,50.1,50.3,216,250
2024-09-27 19:26:00,50.1,50.1,214,249
2024-09-27 19:28:00,49.8,49.8,216,247
2024-09-27 19:30:00,49.9,50.1,218,245
2024-09-27 19:32:00,50.0,50.1,217,247
2024-09-27 19:34:00,50.0,50.1,216,248
2024-09-27 19:36:00,50.0,50,215,245
2024-09-27 19:38:00,50.3,50.2,217,248
2024-09-27 19:40:00,50.3,50.3,216,247
2024-09-27 19:42:00,50.2,50.2,215,248
2024-09-27 19:44:00,50.2,50.2,216,248
2024-09-27 19:46:00,50.2,50.2,215,245
2024-09-27 19:48:00,50.1,50.2,215,247
2024-09-27 19:50:00,50.3,50.3,217,247
2024-09-27 19:52:00,50.3,50.4,216,248
2024-09-27 19:54:00,50.1,50.3,217,245
2024-09-27 19:56:00,49.9,50.0,216,245
2024-09-27 19:58:00,50.0,50.1,217,245
2024-09-27 20:00:00,50.2,50.2,215,249
2024-09-27 20:02:00,50.2,50.1,216,248
2024-09-27 20:04:00,50.2,50.2,216,247
2024-09-27 20:06:00,50.2,50.4,215,250
2024-09-27 20:08:00,49.9,50.0,210,250
2024-09-27 20:10:00,50.1,50,212,250
2024-09-27 20:12:00,50.1,50.0,212,250
2024-09-27 20:14:00,50.0,50.0,211,250
2024-09-27 20:16:00,50.0,50.1,212,250
2024-09-27 20:18:00,50.1,50.0,212,249
2024-09-27 20:20:00,50.0,50.0,211,250
2024-09-27 20:22:00,50.4,50.4,216,248
2024-09-27 20:24:00,50.0,49.9,217,247
2024-09-27 20:26:00,50.0,50.0,218,248
2024-09-27 20:28:00,49.9,50.1,215,247
2024-09-27 20:30:00,50.3,50.3,218,248
2024-09-27 20:32:00,50.1,50.0,215,248
2024-09-27 20:34:00,50.2,50.2,216,250
2024-09-27 20:36:00,50.2,50.2,218,245
2024-09-27 20:38:00,50.4,50.3,217,248
2024-09-27 20:40:00,50.2,50.3,216,248
2024-09-27 20:42:00,50.4,50.4,219,245
2024-09-27 20:44:00,50.3,50.3,218,247
2024-09-27 20:46:00,50.5,50.5,218,245
2024-09-27 20:48:00,50.5,50.5,221,243
2024-09-27 20:50:00,50.3,50.3,219,244
2024-09-27 20:52:00,50.3,50.1,218,244
2024-09-27 20:54:00,50.2,50.2,218,244
2024-09-27 20:56:00,50.2,50.3,219,244
2024-09-27 20:58:00,50.2,50.0,221,243
2024-09-27 21:00:00,50.1,50.2,221,245
2024-09-27 21:02:00,50.2,50.1,223,245
2024-09-27 21:04:00,50.0,50.1,221,245
2024-09-27 21:06:00,50.1,50.1,221,246
2024-09-27 21:08:00,50.1,50.1,223,244
2024-09-27 21:10:00,50.1,50.0,223,244
2024-09-27 21:12:00,50.2,50.3,221,245
2024-09-27 21:14:00,50.4,50.4,223,245
2024-09-27 21:16:00,50.2,50.2,223,245
2024-09-27 21:18:00,50.3,50.2,221,245
2024-09-27 21:20:00,50.4,50.5,221,246
2024-09-27 21:22:00,50.4,50.2,223,245
2024-09-27 21:24:00,50.2,50.3,223,243
2024-09-27 21:26:00,50.2,50.2,221,244
2024-09-27 21:28:00,50.1,50.2,223,243
2024-09-27 21:30:00,49.9,50.0,217,246
2024-09-27 21:32:00,50.2,50.1,216,246
2024-09-27 21:34:00,49.9,50.0,218,245
2024-09-27 21:36:00,50.1,50.1,218,246
2024-09-27 21:38:00,50.1,50.2,216,247
2024-09-27 21:40:00,50.0,50.2,216,248
2024-09-27 21:42:00,50.2,50.1,217,248
2024-09-27 21:44:00,50.1,50.0,216,244
2024-09-27 21:46:00,49.8,49.8,216,244
2024-09-27 21:48:00,49.9,49.9,217,243
2024-09-27 21:50:00,49.9,50.0,215,247
2024-09-27 21:52:00,50.0,50.0,211,250
2024-09-27 21:54:00,50.1,50.0,211,251
2024-09-27 21:56:00,49.9,49.8,211,250
2024-09-27 21:58:00,50.2,49.9,211,249
2024-09-27 22:00:00,50.0,50.0,211,245
2024-09-27 22:02:00,50.2,50.1,214,246
2024-09-27 22:04:00,50.1,50.0,210,250
2024-09-27 22:06:00,50.1,50.2,216,245
2024-09-27 22:08:00,50.0,50.0,216,246
2024-09-27 22:10:00,49.9,50.0,216,248
2024-09-27 22:12:00,50.1,50.1,216,248
2024-09-27 22:14:00,50.2,50.3,217,248
2024-09-27 22:16:00,50.2,50.1,217,248
2024-09-27 22:18:00,50.2,50.0,216,248
2024-09-27 22:20:00,50.1,50.0,218,248
2024-09-27 22:22:00,50.0,50.0,217,245
2024-09-27 22:24:00,50.1,50.0,216,248
2024-09-27 22:26:00,49.8,50.1,219,246
2024-09-27 22:28:00,50.0,50.0,218,247
2024-09-27 22:30:00,50.0,50.1,218,245
2024-09-27 22:32:00,50.2,50.1,219,244
2024-09-27 22:34:00,50.1,50.0,220,245
2024-09-27 22:36:00,50.3,50.1,220,242
2024-09-27 22:38:00,50.1,50.2,219,245
2024-09-27 22:40:00,50.1,50.1,221,245
2024-09-27 22:42:00,50.1,50.2,220,245
2024-09-27 22:44:00,50.1,50.2,219,245
2024-09-27 22:46:00,49.9,50.0,218,244
2024-09-27 22:48:00,50.1,50.0,220,245
2024-09-27 22:50:00,50.1,50.0,218,244
2024-09-27 22:52:00,50.2,50.1,219,245
2024-09-27 22:54:00,50.1,50.1,220,245
2024-09-27 22:56:00,50.0,49.9,218,245
2024-09-27 22:58:00,50.0,49.9,218,246
2024-09-27 23:00:00,49.9,49.8,219,244
2024-09-27 23:02:00,49.9,49.8,219,245
2024-09-27 23:04:00,49.9,49.8,218,246
2024-09-27 23:06:00,49.7,49.7,218,244
2024-09-27 23:08:00,49.8,49.7,220,245
2024-09-27 23:10:00,49.8,49.9,219,244
2024-09-27 23:12:00,50.0,49.8,221,243
2024-09-27 23:14:00,49.6,49.8,220,245
2024-09-27 23:16:00,49.7,49.6,219,243
2024-09-27 23:18:00,49.7,49.6,218,246
2024-09-27 23:20:00,49.5,49.6,218,245
2024-09-27 23:22:00,49.4,49.6,220,243
2024-09-27 23:24:00,49.6,49.7,219,244
2024-09-27 23:26:00,49.7,49.8,223,242
2024-09-27 23:28:00,49.8,49.8,224,243
2024-09-27 23:30:00,49.8,49.9,222,243
2024-09-27 23:32:00,49.5,49.5,222,242
2024-09-27 23:34:00,49.8,49.8,225,242
2024-09-27 23:36:00,49.8,49.7,224,243
2024-09-27 23:38:00,49.6,49.6,222,242
2024-09-27 23:40:00,49.7,49.6,222,244
2024-09-27 23:42:00,49.6,49.4,224,243
2024-09-27 23:44:00,49.5,49.5,222,243
2024-09-27 23:46:00,49.5,49.5,223,243
2024-09-27 23:48:00,49.5,49.5,226,241
2024-09-27 23:50:00,49.4,49.4,222,243
2024-09-27 23:52:00,49.4,49.3,222,245
2024-09-27 23:54:00,49.4,49.3,223,243
2024-09-27 23:56:00,49.4,49.5,225,243
2024-09-27 23:58:00,49.3,49.2,220,246
2024-09-28 00:00:00,49.5,49.4,220,245
2024-09-28 00:02:00,49.0,49.3,222,244
2024-09-28 00:04:00,49.3,49.3,220,245
2024-09-28 00:06:00,49.3,49.3,221,245
2024-09-28 00:08:00,49.2,49.2,222,243
2024-09-28 00:10:00,49.3,49.3,222,245
2024-09-28 00:12:00,49.3,49.3,221,245
2024-09-28 00:14:00,49.4,49.4,223,242
2024-09-28 00:16:00,49.3,49.3,222,245
2024-09-28 00:18:00,49.3,49.3,221,246
2024-09-28 00:20:00,49.3,49.5,220,246
2024-09-28 00:22:00,49.4,49.5,223,242
2024-09-28 00:24:00,49.3,49.3,221,245
2024-09-28 00:26:00,49.3,49.4,220,246
2024-09-28 00:28:00,49.2,49.4,223,243
2024-09-28 00:30:00,49.2,49.3,222,245
2024-09-28 00:32:00,49.3,49.3,220,245
2024-09-28 00:34:00,49.3,49.2,220,247
2024-09-28 00:36:00,49.3,49.2,222,243
2024-09-28 00:38:00,49.3,49.1,219,247
2024-09-28 00:40:00,49.2,49.2,219,247
2024-09-28 00:42:00,49.1,49.3,221,247
2024-09-28 00:44:00,49.0,49.0,219,245
2024-09-28 00:46:00,49.3,49.3,220,246
2024-09-28 00:48:00,49.2,49.1,221,247
2024-09-28 00:50:00,49.2,49.3,222,245
2024-09-28 00:52:00,49.0,49.2,219,246
2024-09-28 00:54:00,49.3,49.4,221,245
2024-09-28 00:56:00,49.5,49.5,224,243
2024-09-28 00:58:00,49.3,49.4,221,243
2024-09-28 01:00:00,49.3,49.2,222,244
2024-09-28 01:02:00,49.4,49.3,223,244
2024-09-28 01:04:00,49.4,49.3,221,245
2024-09-28 01:06:00,49.1,49.0,220,244
2024-09-28 01:08:00,49.1,49.2,222,244
2024-09-28 01:10:00,49.2,49.2,221,247
2024-09-28 01:12:00,49.1,49.2,219,248
2024-09-28 01:14:00,49.2,49.0,219,245
2024-09-28 01:16:00,48.5,48.5,219,246
2024-09-28 01:18:00,48.4,48.5,218,245
2024-09-28 01:20:00,48.5,48.4,218,245
2024-09-28 01:22:00,48.4,48.4,218,247
2024-09-28 01:24:00,48.5,48.6,219,245
2024-09-28 01:26:00,48.6,48.6,218,247
2024-09-28 01:28:00,48.5,48.4,218,245
2024-09-28 01:30:00,48.7,48.7,221,243
2024-09-28 01:32:00,48.5,48.4,218,247
2024-09-28 01:34:00,48.7,48.6,219,245
2024-09-28 01:36:00,48.6,48.5,221,245
2024-09-28 01:38:00,48.7,48.7,221,243
2024-09-28 01:40:00,48.6,48.6,219,246
2024-09-28 01:42:00,48.7,48.8,219,245
2024-09-28 01:44:00,48.5,48.7,220,246
2024-09-28 01:46:00,48.7,48.8,219,243
2024-09-28 01:48:00,48.5,48.4,217,248
2024-09-28 01:50:00,48.6,48.7,220,245
2024-09-28 01:52:00,48.8,48.8,221,244
2024-09-28 01:54:00,48.7,48.8,221,241
2024-09-28 01:56:00,52.2,52.4,224,240
2024-09-28 01:58:00,53.7,53.6,225,240
2024-09-28 02:00:00,53.1,52.9,225,239
2024-09-28 02:02:00,51.9,51.5,223,240
2024-09-28 02:04:00,48.9,49.1,223,241
2024-09-28 02:06:00,4367,5556,0,0
2024-09-28 02:08:00,4902,5618,0.707,0
2024-09-28 02:10:00,3891,3584,0,0
2024-09-28 02:12:00,3906,6536,0,0
2024-09-28 02:14:00,4926,5618,0,0
2024-09-28 02:16:00,3937,7874,0,0
2024-09-28 02:18:00,54.2,54.3,226,243
2024-09-28 02:20:00,55.5,55.4,226,245
2024-09-28 02:22:00,52.7,52.8,221,252
2024-09-28 02:24:00,53.7,53.6,223,248
2024-09-28 02:26:00,53.8,53.8,223,248
2024-09-28 02:28:00,54.2,54.2,221,244
2024-09-28 02:30:00,54.6,54.6,222,246
2024-09-28 02:32:00,54.8,54.7,223,245
2024-09-28 02:34:00,54.2,54.3,223,243
2024-09-28 02:36:00,55.0,55.0,221,247
2024-09-28 02:38:00,54.8,54.8,220,244
2024-09-28 02:40:00,54.3,54.3,225,247
2024-09-28 02:42:00,53.5,53.6,223,249
2024-09-28 02:44:00,55.0,55.1,226,240
2024-09-28 02:46:00,55.1,55.2,222,245
2024-09-28 02:48:00,54.7,54.7,223,248
2024-09-28 02:50:00,54.1,54.2,219,245
2024-09-28 02:52:00,54.0,54.0,224,243
2024-09-28 02:54:00,54.2,54.2,225,247
2024-09-28 02:56:00,54.0,54.0,221,250
2024-09-28 02:58:00,55.0,55.1,219,248
2024-09-28 03:00:00,54.7,54.8,221,245
2024-09-28 03:02:00,53.9,53.3,223,249
2024-09-28 03:04:00,54.0,54.1,223,248
2024-09-28 03:06:00,54.0,54.0,224,247
2024-09-28 03:08:00,54.8,54.8,225,242
2024-09-28 03:10:00,55.2,55.2,225,244
2024-09-28 03:12:00,54.0,54.5,222,245
2024-09-28 03:14:00,55.3,55.3,222,246
2024-09-28 03:16:00,55.1,55.1,221,247
2024-09-28 03:18:00,54.1,54.4,219,248
2024-09-28 03:20:00,53.9,53.5,227,246
2024-09-28 03:22:00,53.9,54.0,224,247
2024-09-28 03:24:00,54.6,54.5,222,247
2024-09-28 03:26:00,54.0,54.1,223,245
2024-09-28 03:28:00,54.6,54.7,219,245
2024-09-28 03:30:00,55.6,55.7,223,245
2024-09-28 03:32:00,55.0,55.0,223,243
2024-09-28 03:34:00,54.8,54.9,224,245
2024-09-28 03:36:00,55.0,55.0,225,245
2024-09-28 03:38:00,54.3,54.4,225,247
2024-09-28 03:40:00,54.4,54.5,219,245
2024-09-28 03:42:00,54.3,54.2,223,248
2024-09-28 03:44:00,52.0,52.1,223,248
2024-09-28 03:46:00,54.6,54.6,226,245
2024-09-28 03:48:00,54.0,54.0,221,245
2024-09-28 03:50:00,54.0,54.0,223,245
2024-09-28 03:52:00,54.2,54.2,224,248
2024-09-28 03:54:00,54.4,54.3,222,243
2024-09-28 03:56:00,54.0,54.1,223,245
2024-09-28 03:58:00,55.0,54.9,223,247
2024-09-28 04:00:00,54.7,54.7,221,248
2024-09-28 04:02:00,54.5,54.6,223,245
2024-09-28 04:04:00,54.5,54.5,226,246
2024-09-28 04:06:00,53.7,53.6,221,246
2024-09-28 04:08:00,53.5,53.5,225,245
2024-09-28 04:10:00,54.0,54.1,223,246
2024-09-28 04:12:00,54.7,54.7,221,248
2024-09-28 04:14:00,55.0,55.1,225,242
2024-09-28 04:16:00,55.3,55.4,226,240
2024-09-28 04:18:00,53.8,53.9,223,248
2024-09-28 04:20:00,53.9,53.8,223,248
2024-09-28 04:22:00,52.1,52.1,224,243
2024-09-28 04:24:00,52.1,52.0,224,243
2024-09-28 04:26:00,53.9,53.9,220,245
2024-09-28 04:28:00,53.4,53.4,223,248
2024-09-28 04:30:00,51.9,51.8,225,245
2024-09-28 04:32:00,51.6,51.5,221,246
2024-09-28 04:34:00,51.3,51.3,224,243
2024-09-28 04:36:00,52.0,52.0,227,244
2024-09-28 04:38:00,54.2,54.2,228,246
2024-09-28 04:40:00,52.0,52.0,225,243
2024-09-28 04:42:00,51.8,51.8,222,243
2024-09-28 04:44:00,51.5,51.5,218,248
2024-09-28 04:46:00,51.2,51.1,217,245
2024-09-28 04:48:00,51.2,51.2,217,246
2024-09-28 04:50:00,51.0,51.1,217,246
2024-09-28 04:52:00,51.3,51.4,221,245
2024-09-28 04:54:00,51.2,51.3,219,247
2024-09-28 04:56:00,51.7,51.7,222,243
2024-09-28 04:58:00,51.9,51.9,221,246
2024-09-28 05:00:00,51.4,51.4,219,248
2024-09-28 05:02:00,51.8,51.9,224,247
2024-09-28 05:04:00,52.0,51.8,225,246
2024-09-28 05:06:00,51.2,51.4,220,245
2024-09-28 05:08:00,51.7,51.9,223,243
2024-09-28 05:10:00,51.2,51.1,217,246
2024-09-28 05:12:00,51.5,51.4,219,248
2024-09-28 05:14:00,51.2,51.2,219,248
2024-09-28 05:16:00,51.9,51.8,223,248
2024-09-28 05:18:00,51.2,51.2,219,248
2024-09-28 05:20:00,51.7,51.6,220,248
2024-09-28 05:22:00,51.7,51.8,221,248
2024-09-28 05:24:00,51.4,51.4,223,245
2024-09-28 05:26:00,51.7,51.7,225,245
2024-09-28 05:28:00,51.9,51.8,222,243
2024-09-28 05:30:00,51.8,51.8,221,244
2024-09-28 05:32:00,51.7,51.3,221,245
2024-09-28 05:34:00,51.3,51.2,219,248
2024-09-28 05:36:00,51.0,51.1,221,248
2024-09-28 05:38:00,50.8,50.8,219,246
2024-09-28 05:40:00,50.8,51.1,220,245
2024-09-28 05:42:00,51.3,51.3,223,245
2024-09-28 05:44:00,51.8,51.8,219,243
2024-09-28 05:46:00,51.3,51.4,216,245
2024-09-28 05:48:00,51.1,51.1,218,244
2024-09-28 05:50:00,51.1,51.2,219,243
2024-09-28 05:52:00,51.4,51.5,222,245
2024-09-28 05:54:00,53.3,53.4,227,247
2024-09-28 05:56:00,51.9,51.9,221,243
2024-09-28 05:58:00,51.8,51.8,221,243
2024-09-28 06:00:00,52.0,52.0,222,245
2024-09-28 06:02:00,52.1,52.1,225,247
2024-09-28 06:04:00,51.5,51.6,222,244
2024-09-28 06:06:00,51.1,51.2,221,243
2024-09-28 06:08:00,51.6,51.5,219,243
2024-09-28 06:10:00,51.1,51.2,217,241
2024-09-28 06:12:00,51.8,51.7,223,241
2024-09-28 06:14:00,51.3,51.3,219,244
2024-09-28 06:16:00,51.9,52.0,226,246
2024-09-28 06:18:00,51.7,51.1,221,247
2024-09-28 06:20:00,51.4,51.4,219,244
2024-09-28 06:22:00,51.1,51.1,219,240
2024-09-28 06:24:00,50.9,50.9,218,244
2024-09-28 06:26:00,50.9,50.9,217,245
2024-09-28 06:28:00,50.7,50.8,219,243
2024-09-28 06:30:00,51.1,51.2,221,240
2024-09-28 06:32:00,50.4,50.5,222,239
2024-09-28 06:34:00,50.7,50.7,218,243
2024-09-28 06:36:00,50.9,50.9,219,241
2024-09-28 06:38:00,50.7,50.7,218,242
2024-09-28 06:40:00,50.8,50.8,219,243
2024-09-28 06:42:00,50.6,50.6,216,243
2024-09-28 06:44:00,50.4,50.5,217,241
2024-09-28 06:46:00,50.5,50.5,219,241
2024-09-28 06:48:00,50.3,50.3,216,243
2024-09-28 06:50:00,50.6,50.6,216,241
2024-09-28 06:52:00,50.8,50.8,216,242
2024-09-28 06:54:00,50.8,50.8,214,242
2024-09-28 06:56:00,50.7,50.7,213,244
2024-09-28 06:58:00,50.5,50.5,216,243
2024-09-28 07:00:00,50.9,50.9,218,241
2024-09-28 07:02:00,50.7,50.7,213,244
2024-09-28 07:04:00,50.8,50.7,215,243
2024-09-28 07:06:00,50.9,50.8,215,243
2024-09-28 07:08:00,51.1,50.9,220,239
2024-09-28 07:10:00,51.1,51.1,220,239
2024-09-28 07:12:00,51.0,50.8,219,240
2024-09-28 07:14:00,50.9,50.9,217,241
2024-09-28 07:16:00,50.6,50.7,216,241
2024-09-28 07:18:00,50.5,50.6,219,242
2024-09-28 07:20:00,50.5,50.5,217,242
2024-09-28 07:22:00,50.6,50.6,215,240
2024-09-28 07:24:00,50.5,50.7,215,240
2024-09-28 07:26:00,50.9,50.9,218,240
2024-09-28 07:28:00,50.8,50.7,217,240
2024-09-28 07:30:00,50.7,50.8,218,244
2024-09-28 07:32:00,50.8,50.7,217,242
2024-09-28 07:34:00,50.7,50.6,217,238
2024-09-28 07:36:00,50.5,50.5,215,240
2024-09-28 07:38:00,50.8,50.7,216,238
2024-09-28 07:40:00,50.7,50.8,215,240
2024-09-28 07:42:00,50.6,50.7,215,238
2024-09-28 07:44:00,50.8,50.8,217,240
2024-09-28 07:46:00,50.7,50.8,214,240
2024-09-28 07:48:00,50.6,50.6,213,238
2024-09-28 07:50:00,50.6,50.6,214,238
2024-09-28 07:52:00,50.6,50.5,211,240
2024-09-28 07:54:00,50.8,50.9,215,236
2024-09-28 07:56:00,51.1,51.0,217,238
2024-09-28 07:58:00,50.9,50.9,217,238
2024-09-28 08:00:00,50.7,50.7,214,240
2024-09-28 08:02:00,50.7,50.8,219,239
2024-09-28 08:04:00,50.6,50.6,218,238
2024-09-28 08:06:00,51.0,51.1,216,240
2024-09-28 08:08:00,51.1,51.1,214,236
2024-09-28 08:10:00,50.8,50.8,214,238
2024-09-28 08:12:00,51.1,51.1,214,236
2024-09-28 08:14:00,51.0,51.1,213,237
2024-09-28 08:16:00,51.1,51.1,213,243
2024-09-28 08:18:00,50.7,50.7,209,237
2024-09-28 08:20:00,50.9,50.8,211,238
2024-09-28 08:22:00,50.8,50.9,213,237
2024-09-28 08:24:00,50.9,51.1,213,239
2024-09-28 08:26:00,51.1,51.0,212,240
2024-09-28 08:28:00,51.0,51.1,211,241
2024-09-28 08:30:00,51.3,51.3,214,240
2024-09-28 08:32:00,51.1,51.2,213,243
2024-09-28 08:34:00,51.1,51.2,215,242
2024-09-28 08:36:00,51.2,51.2,216,240
2024-09-28 08:38:00,51.0,51.0,213,242
2024-09-28 08:40:00,51.3,51.2,214,240
2024-09-28 08:42:00,51.1,51.0,210,243
2024-09-28 08:44:00,51.0,50.9,209,240
2024-09-28 08:46:00,51.1,51.1,211,239
2024-09-28 08:48:00,51.2,51.2,218,237
2024-09-28 08:50:00,50.7,50.9,209,241
2024-09-28 08:52:00,51.1,51.1,206,238
2024-09-28 08:54:00,51.1,51.2,207,238
2024-09-28 08:56:00,51.1,51.1,213,238
2024-09-28 08:58:00,51.0,50.9,211,240
2024-09-28 09:00:00,51.3,51.2,215,239
2024-09-28 09:02:00,51.1,51.2,212,240
2024-09-28 09:04:00,51.1,51.1,214,240
2024-09-28 09:06:00,51.1,51.0,216,241
2024-09-28 09:08:00,51.0,51.0,211,242
2024-09-28 09:10:00,51.3,51.2,210,238
2024-09-28 09:12:00,51.3,51.3,213,241
2024-09-28 09:14:00,51.2,51.2,214,240
2024-09-28 09:16:00,50.9,51.0,211,239
2024-09-28 09:18:00,50.9,50.9,214,238
2024-09-28 09:20:00,50.8,50.7,212,236
2024-09-28 09:22:00,51.2,51.2,215,237
2024-09-28 09:24:00,50.9,51.1,214,236
2024-09-28 09:26:00,51.1,51.2,215,242
2024-09-28 09:28:00,51.0,51.1,212,242
2024-09-28 09:30:00,50.9,50.9,209,242
2024-09-28 09:32:00,51.1,50.9,211,245
2024-09-28 09:34:00,51.1,51.0,214,242
2024-09-28 09:36:00,51.1,51.2,209,241
2024-09-28 09:38:00,51.8,51.8,214,240
2024-09-28 09:40:00,51.7,51.7,209,244
2024-09-28 09:42:00,51.2,51.2,207,244
2024-09-28 09:44:00,51.5,51.4,211,245
2024-09-28 09:46:00,51.4,51.4,213,245
2024-09-28 09:48:00,51.6,51.5,212,245
2024-09-28 09:50:00,51.5,51.4,210,247
2024-09-28 09:52:00,51.5,51.4,213,243
2024-09-28 09:54:00,53.8,53.5,216,243
2024-09-28 09:56:00,51.4,51.4,208,242
2024-09-28 09:58:00,51.1,51.2,207,240
2024-09-28 10:00:00,51.4,51.4,214,240
2024-09-28 10:02:00,51.2,51.1,204,239
2024-09-28 10:04:00,51.7,51.7,211,240
2024-09-28 10:06:00,51.9,51.8,211,241
2024-09-28 10:08:00,51.5,51.5,213,241
2024-09-28 10:10:00,51.4,51.4,213,242
2024-09-28 10:12:00,51.7,51.8,216,240
2024-09-28 10:14:00,51.9,51.9,215,241
2024-09-28 10:16:00,51.9,51.9,215,241
2024-09-28 10:18:00,51.5,51.5,214,239
2024-09-28 10:20:00,51.2,51.2,209,245
2024-09-28 10:22:00,51.4,51.3,214,241
2024-09-28 10:24:00,51.7,51.7,214,242
2024-09-28 10:26:00,51.7,51.8,214,244
2024-09-28 10:28:00,51.2,51.3,213,242
2024-09-28 10:30:00,51.3,51.3,213,240
2024-09-28 10:32:00,51.3,51.3,209,242
2024-09-28 10:34:00,51.3,51.4,216,244
2024-09-28 10:36:00,51.7,51.8,214,244
2024-09-28 10:38:00,51.9,51.9,214,245
2024-09-28 10:40:00,52.0,51.9,215,244
2024-09-28 10:42:00,51.2,51.2,209,243
2024-09-28 10:44:00,51.1,51.1,213,248
2024-09-28 10:46:00,51.0,50.9,209,245
2024-09-28 10:48:00,51.0,51.0,207,248
2024-09-28 10:50:00,51.1,51.0,207,245
2024-09-28 10:52:00,50.8,50.8,208,247
2024-09-28 10:54:00,51.0,51.0,211,245
2024-09-28 10:56:00,51.1,51.0,214,245
2024-09-28 10:58:00,51.0,51.1,214,245
2024-09-28 11:00:00,50.9,50.9,212,245
2024-09-28 11:02:00,50.7,50.7,214,244
2024-09-28 11:04:00,50.8,50.7,214,246
2024-09-28 11:06:00,50.7,50.7,213,245
2024-09-28 11:08:00,50.6,50.7,210,242
2024-09-28 11:10:00,50.5,50.6,212,242
2024-09-28 11:12:00,50.5,50.6,212,242
2024-09-28 11:14:00,50.3,50.4,209,242
2024-09-28 11:16:00,51.3,51.3,213,242
2024-09-28 11:18:00,50.8,50.9,215,242
2024-09-28 11:20:00,51.1,51.2,214,242
2024-09-28 11:22:00,51.0,51.0,214,239
2024-09-28 11:24:00,50.9,51.0,216,240
2024-09-28 11:26:00,51.0,50.8,214,240
2024-09-28 11:28:00,51.4,51.6,213,243
2024-09-28 11:30:00,51.0,51.0,213,240
2024-09-28 11:32:00,51.5,51.4,216,242
2024-09-28 11:34:00,51.3,51.3,214,244
2024-09-28 11:36:00,50.4,50.4,213,245
2024-09-28 11:38:00,51.3,51.1,214,242
2024-09-28 11:40:00,51.3,51.1,214,242
2024-09-28 11:42:00,50.8,50.6,211,240
2024-09-28 11:44:00,50.9,51.2,213,241
2024-09-28 11:46:00,51.1,51.2,215,241
2024-09-28 11:48:00,50.1,50.2,212,243
2024-09-28 11:50:00,51.4,51.4,219,241
2024-09-28 11:52:00,50.8,50.8,216,240
2024-09-28 11:54:00,51.2,51.1,218,241
2024-09-28 11:56:00,50.3,50.3,214,240
2024-09-28 11:58:00,50.3,50.3,214,240
2024-09-28 12:00:00,50.8,50.7,214,243
2024-09-28 12:02:00,51.5,51.6,215,242
2024-09-28 12:04:00,51.5,51.4,215,239
2024-09-28 12:06:00,51.5,51.6,215,240
2024-09-28 12:08:00,51.5,51.5,214,241
2024-09-28 12:10:00,50.9,50.9,214,242
2024-09-28 12:12:00,51.1,51.0,214,243
2024-09-28 12:14:00,51.2,51.2,216,238
2024-09-28 12:16:00,51.3,51.4,214,241
2024-09-28 12:18:00,50.5,50.5,214,239
2024-09-28 12:20:00,50.8,50.8,217,240
2024-09-28 12:22:00,50.3,50.2,217,240
2024-09-28 12:24:00,50.8,50.9,214,241
2024-09-28 12:26:00,50.6,50.8,214,242
2024-09-28 12:28:00,50.4,50.4,216,240
2024-09-28 12:30:00,49.9,50.0,214,244
2024-09-28 12:32:00,50.2,50.1,214,240
2024-09-28 12:34:00,50.2,50.1,216,244
2024-09-28 12:36:00,50.5,50.5,215,243
2024-09-28 12:38:00,49.8,49.8,214,244
2024-09-28 12:40:00,50.2,50.2,218,240
2024-09-28 12:42:00,50.3,50.3,215,240
2024-09-28 12:44:00,49.7,49.7,216,240
2024-09-28 12:46:00,49.7,49.7,217,241
2024-09-28 12:48:00,49.7,49.8,215,238
2024-09-28 12:50:00,49.6,49.7,213,240
2024-09-28 12:52:00,49.9,50.0,214,238
2024-09-28 12:54:00,49.8,49.9,214,239
2024-09-28 12:56:00,50.2,50.2,215,240
2024-09-28 12:58:00,50.0,49.9,214,238
2024-09-28 13:00:00,50.5,50.6,214,238
2024-09-28 13:02:00,50.7,50.6,213,240
2024-09-28 13:04:00,50.5,50.5,212,238
2024-09-28 13:06:00,50.7,50.8,214,243
2024-09-28 13:08:00,50.8,50.8,216,239
2024-09-28 13:10:00,51.2,51.2,214,241
2024-09-28 13:12:00,56.0,55.9,215,242
2024-09-28 13:14:00,50.2,50.1,210,242
2024-09-28 13:16:00,50.7,50.7,209,242
2024-09-28 13:18:00,50.0,49.9,209,245
2024-09-28 13:20:00,50.7,50.6,214,245
2024-09-28 13:22:00,9804,3012,0,0
2024-09-28 13:24:00,50.2,50.2,221,236
2024-09-28 13:26:00,50.0,50.0,216,240
2024-09-28 13:28:00,50.2,50.1,217,242
2024-09-28 13:30:00,50.0,50.1,216,241
2024-09-28 13:32:00,49.7,49.7,212,245
2024-09-28 13:34:00,49.8,49.8,212,244
2024-09-28 13:36:00,49.9,49.7,214,243
2024-09-28 13:38:00,49.5,49.6,213,243
2024-09-28 13:40:00,49.5,49.5,213,243
2024-09-28 13:42:00,49.7,49.6,214,243
2024-09-28 13:44:00,49.5,49.5,212,243
2024-09-28 13:46:00,49.6,49.6,213,245
2024-09-28 13:48:00,49.6,49.6,214,243
2024-09-28 13:50:00,49.7,49.5,214,242
2024-09-28 13:52:00,49.5,49.4,213,243
2024-09-28 13:54:00,49.5,49.5,211,243
2024-09-28 13:56:00,49.5,49.6,214,245
2024-09-28 13:58:00,49.4,49.4,211,244
2024-09-28 14:00:00,49.9,49.8,211,244
2024-09-28 14:02:00,50.0,50.2,216,241
2024-09-28 14:04:00,50.0,50.0,215,241
2024-09-28 14:06:00,50.0,50.0,216,241
2024-09-28 14:08:00,50.0,50.1,218,242
2024-09-28 14:10:00,50,50.2,218,240
2024-09-28 14:12:00,50.0,50.1,216,241
2024-09-28 14:14:00,50.1,50.3,218,243
2024-09-28 14:16:00,50.0,50.1,219,239
2024-09-28 14:18:00,50.1,50.0,215,242
2024-09-28 14:20:00,49.9,49.9,216,239
2024-09-28 14:22:00,50.0,50.1,218,239
2024-09-28 14:24:00,50.1,50.1,216,242
2024-09-28 14:26:00,49.9,50.0,216,242
2024-09-28 14:28:00,50.1,50.1,219,241
2024-09-28 14:30:00,50.1,50.1,219,243
2024-09-28 14:32:00,50.1,50.2,216,243
2024-09-28 14:34:00,50.1,50.2,219,242
2024-09-28 14:36:00,50.1,50.1,219,241
2024-09-28 14:38:00,50.2,50.2,219,240
2024-09-28 14:40:00,49.8,50.0,216,240
2024-09-28 14:42:00,50.0,50.0,218,239
2024-09-28 14:44:00,50.1,50.1,216,241
2024-09-28 14:46:00,50.1,50.0,216,242
2024-09-28 14:48:00,50.0,49.9,218,240
2024-09-28 14:50:00,50.1,50.0,218,243
2024-09-28 14:52:00,49.7,49.7,214,244
2024-09-28 14:54:00,49.8,49.7,216,245
2024-09-28 14:56:00,49.6,49.6,216,243
2024-09-28 14:58:00,49.5,49.6,214,243
2024-09-28 15:00:00,49.6,49.6,214,243
2024-09-28 15:02:00,49.6,49.6,216,243
2024-09-28 15:04:00,49.6,49.7,214,243
2024-09-28 15:06:00,49.4,49.5,214,244
2024-09-28 15:08:00,49.6,49.6,216,242
2024-09-28 15:10:00,49.6,49.5,213,244
2024-09-28 15:12:00,49.3,49.4,213,242
2024-09-28 15:14:00,49.4,49.4,214,245
2024-09-28 15:16:00,49.5,49.4,216,243
2024-09-28 15:18:00,49.3,49.4,213,243
2024-09-28 15:20:00,49.5,49.5,214,243
2024-09-28 15:22:00,49.3,49.3,215,243
2024-09-28 15:24:00,49.3,49.3,214,243
2024-09-28 15:26:00,49.5,49.6,217,239
2024-09-28 15:28:00,49.6,49.5,220,238
2024-09-28 15:30:00,49.5,49.5,216,242
2024-09-28 15:32:00,49.5,49.5,215,241
2024-09-28 15:34:00,49.5,49.5,217,240
2024-09-28 15:36:00,49.4,49.3,217,238
2024-09-28 15:38:00,49.1,49.0,216,237
2024-09-28 15:40:00,49.0,48.9,215,240
2024-09-28 15:42:00,49.1,49.2,215,242
2024-09-28 15:44:00,49.1,49.1,214,243
2024-09-28 15:46:00,49.0,48.9,213,243
2024-09-28 15:48:00,49.0,49.1,216,242
2024-09-28 15:50:00,49.1,49.1,216,242
2024-09-28 15:52:00,49.0,49.1,216,242
2024-09-28 15:54:00,49.0,49.1,219,241
2024-09-28 15:56:00,49.1,49.1,219,240
2024-09-28 15:58:00,49.1,49.1,216,242
2024-09-28 16:00:00,49.0,49.2,218,240
2024-09-28 16:02:00,49.1,49.1,219,240
2024-09-28 16:04:00,49.0,49.1,216,241
2024-09-28 16:06:00,49.0,49.0,219,238
2024-09-28 16:08:00,48.8,48.9,219,238
2024-09-28 16:10:00,48.8,48.9,217,238
2024-09-28 16:12:00,49.0,48.9,216,240
2024-09-28 16:14:00,49.0,49.0,219,239
2024-09-28 16:16:00,48.9,49.0,219,239
2024-09-28 16:18:00,48.9,49.0,217,240
2024-09-28 16:20:00,49.1,49.0,217,241
2024-09-28 16:22:00,48.9,48.9,219,240
2024-09-28 16:24:00,48.8,48.8,217,239
2024-09-28 16:26:00,49.0,49.0,216,240
2024-09-28 16:28:00,49.1,49.1,219,240
2024-09-28 16:30:00,48.9,49.0,216,240
2024-09-28 16:32:00,48.9,49.0,217,240
2024-09-28 16:34:00,49.0,49.0,218,241
2024-09-28 16:36:00,49.0,48.9,218,240
2024-09-28 16:38:00,49.2,49.2,218,240
2024-09-28 16:40:00,49.2,49.2,218,240
2024-09-28 16:42:00,56.0,56.0,227,240
2024-09-28 16:44:00,56.3,56.4,224,240
2024-09-28 16:46:00,56.0,56.0,218,241
2024-09-28 16:48:00,55.8,56.0,222,240
2024-09-28 16:50:00,56.0,55.8,218,240
2024-09-28 16:52:00,55.8,55.9,216,238
2024-09-28 16:54:00,55.4,55.5,216,236
2024-09-28 16:56:00,55.7,55.6,216,238
2024-09-28 16:58:00,55.6,55.6,216,240
2024-09-28 17:00:00,55.8,55.8,219,241
2024-09-28 17:02:00,55.7,55.7,217,241
2024-09-28 17:04:00,55.9,55.9,219,240
2024-09-28 17:06:00,53.6,53.6,219,238
2024-09-28 17:08:00,50.9,50.9,213,237
2024-09-28 17:10:00,50.9,51.0,214,237
2024-09-28 17:12:00,50.8,50.9,216,237
2024-09-28 17:14:00,51.0,51.0,214,237
2024-09-28 17:16:00,51.2,51.2,214,239
2024-09-28 17:18:00,51.1,4926,216,0
2024-09-28 17:20:00,51.2,5618,214,0
2024-09-28 17:22:00,51.1,3289,214,0
2024-09-28 17:24:00,51.2,9804,216,0
2024-09-28 17:26:00,51.2,1786,218,0
2024-09-28 17:28:00,51.2,7692,216,0
2024-09-28 17:30:00,51.1,6536,216,0
2024-09-28 17:32:00,51.0,4367,216,0
2024-09-28 17:34:00,51.1,4854,214,0
2024-09-28 17:36:00,51.1,2618,214,0
2024-09-28 17:38:00,51.2,7874,216,0
2024-09-28 17:40:00,51.2,5618,216,0
2024-09-28 17:42:00,51.2,6536,216,0
2024-09-28 17:44:00,51.2,4329,218,0
2024-09-28 17:46:00,51.2,5618,217,0
2024-09-28 17:48:00,51.1,9804,216,0
2024-09-28 17:50:00,51.1,2625,219,0
2024-09-28 17:52:00,51.1,5618,216,0
2024-09-28 17:54:00,51.1,4367,215,0
2024-09-28 17:56:00,51.1,5618,218,0
2024-09-28 17:58:00,51.0,3937,217,0
2024-09-28 18:00:00,51.1,9804,215,0
2024-09-28 18:02:00,51.2,3937,218,0
2024-09-28 18:04:00,51.1,2809,218,0
2024-09-28 18:06:00,51.1,5556,217,0
2024-09-28 18:08:00,51.2,6452,220,0
2024-09-28 18:10:00,50.9,3584,219,0
2024-09-28 18:12:00,51.2,3937,219,0
2024-09-28 18:14:00,51.0,6536,213,0
2024-09-28 18:16:00,50.8,5618,214,0
2024-09-28 18:18:00,50.9,3937,216,0
2024-09-28 18:20:00,51.0,5618,216,0
2024-09-28 18:22:00,51.5,3937,218,0
2024-09-28 18:24:00,51.2,4926,217,0.707
2024-09-28 18:26:00,51.0,7874,216,2.12
2024-09-28 18:28:00,51.3,5618,220,0
2024-09-28 18:30:00,51.3,6452,220,0
2024-09-28 18:32:00,51.7,4367,223,0
2024-09-28 18:34:00,51.5,4386,221,0
2024-09-28 18:36:00,52.1,3937,219,0
2024-09-28 18:38:00,51.8,7874,221,0.707
2024-09-28 18:40:00,51.7,4367,221,0
2024-09-28 18:42:00,52.2,4386,223,0
2024-09-28 18:44:00,51.8,6494,223,0
2024-09-28 18:46:00,51.5,4926,221,0
2024-09-28 18:48:00,52.0,4902,223,0
2024-09-28 18:50:00,54.0,3937,219,0
2024-09-28 18:52:00,54.5,3937,218,0
2024-09-28 18:54:00,54.1,3937,220,0
2024-09-28 18:56:00,54.5,2817,219,0.707
2024-09-28 18:58:00,53.9,3584,217,0
2024-09-28 19:00:00,53.3,6536,217,0
2024-09-28 19:02:00,53.6,6536,216,0
2024-09-28 19:04:00,52.1,9804,221,0.707
2024-09-28 19:06:00,53.7,6536,220,0
2024-09-28 19:08:00,53.9,5618,217,0
2024-09-28 19:10:00,53.8,7874,219,0
2024-09-28 19:12:00,53.6,2183,218,0
2024-09-28 19:14:00,52.0,3030,220,0
2024-09-28 19:16:00,53.7,4367,219,0
2024-09-28 19:18:00,53.4,3559,216,0
2024-09-28 19:20:00,52.0,6536,218,0.707
2024-09-28 19:22:00,53.8,3584,217,0
2024-09-28 19:24:00,53.6,4926,219,0
2024-09-28 19:26:00,53.4,6579,222,0
2024-09-28 19:28:00,52.8,6452,218,0
2024-09-28 19:30:00,53.9,6536,219,0
2024-09-28 19:32:00,54.1,4926,220,0
2024-09-28 19:34:00,51.3,6494,214,0.707
2024-09-28 19:36:00,51.2,4367,214,0
2024-09-28 19:38:00,51.5,5618,217,0
2024-09-28 19:40:00,51.5,2801,216,0
2024-09-28 19:42:00,51.4,3584,214,0
2024-09-28 19:44:00,51.5,4926,217,0
2024-09-28 19:46:00,51.2,5618,209,0
2024-09-28 19:48:00,51.2,2817,208,0.707
2024-09-28 19:50:00,51.2,6536,211,0
2024-09-28 19:52:00,51.2,3021,209,0
2024-09-28 19:54:00,51.1,4367,208,0.707
2024-09-28 19:56:00,51.0,3030,206,0
2024-09-28 19:58:00,50.9,2451,209,0
2024-09-28 20:00:00,50.8,4926,207,0
2024-09-28 20:02:00,50.8,4926,207,0
2024-09-28 20:04:00,51.3,7813,217,0
2024-09-28 20:06:00,51.5,4926,216,0
2024-09-28 20:08:00,51.3,3937,216,0
2024-09-28 20:10:00,51.3,6536,218,0.707
2024-09-28 20:12:00,51.3,7813,214,0
2024-09-28 20:14:00,51.1,5618,216,0
2024-09-28 20:16:00,51.3,5618,216,0
2024-09-28 20:18:00,51.1,6579,219,0
2024-09-28 20:20:00,51.1,3937,217,0
2024-09-28 20:22:00,51.1,3571,219,0
2024-09-28 20:24:00,51.4,3937,216,0
2024-09-28 20:26:00,51.2,5618,214,7.07
2024-09-28 20:28:00,51.4,6410,214,0
2024-09-28 20:30:00,51.6,2817,215,0
2024-09-28 20:32:00,51.3,2817,215,0.707
2024-09-28 20:34:00,51.5,7874,215,0
2024-09-28 20:36:00,51.5,6536,213,0
2024-09-28 20:38:00,51.4,3937,216,0
2024-09-28 20:40:00,51.5,3021,218,0
2024-09-28 20:42:00,51.8,4926,220,0
2024-09-28 20:44:00,51.5,2611,215,0
2024-09-28 20:46:00,51.5,7874,214,0
2024-09-28 20:48:00,51.5,4926,216,0
2024-09-28 20:50:00,51.9,4878,217,0
2024-09-28 20:52:00,53.7,6536,221,0
2024-09-28 20:54:00,53.7,6536,217,0.707
2024-09-28 20:56:00,53.9,4348,217,0
2024-09-28 20:58:00,54.2,3937,219,0
2024-09-28 21:00:00,55.0,4367,218,0
2024-09-28 21:02:00,54.5,3906,215,0
2024-09-28 21:04:00,54.9,3906,217,0.707
2024-09-28 21:06:00,54.7,6536,221,0
2024-09-28 21:08:00,54.7,7813,215,0
2024-09-28 21:10:00,54.9,3021,217,0
2024-09-28 21:12:00,54.8,3937,219,0
2024-09-28 21:14:00,54.7,4902,217,0
2024-09-28 21:16:00,55.4,3571,219,0
2024-09-28 21:18:00,55.1,7752,219,0
2024-09-28 21:20:00,54.1,5618,216,0
2024-09-28 21:22:00,54.5,3584,219,0
2024-09-28 21:24:00,54.5,3268,219,0
2024-09-28 21:26:00,54.9,5618,219,0
2024-09-28 21:28:00,55.1,5618,220,0
2024-09-28 21:30:00,53.7,7874,221,0
2024-09-28 21:32:00,54.7,5618,223,0
2024-09-28 21:34:00,54.7,4926,223,0
2024-09-28 21:36:00,54.4,6536,224,0
2024-09-28 21:38:00,54.5,2625,223,0
2024-09-28 21:40:00,55.6,6536,220,0
2024-09-28 21:42:00,55.5,7692,221,0
2024-09-28 21:44:00,55.5,6579,219,0
2024-09-28 21:46:00,55.7,7874,221,0
2024-09-28 21:48:00,55.4,6536,221,0.707
2024-09-28 21:50:00,55.5,3571,222,0.707
2024-09-28 21:52:00,55.3,9804,224,0
2024-09-28 21:54:00,55.4,3891,223,0
2024-09-28 21:56:00,55.4,3279,222,0
2024-09-28 21:58:00,55.3,3937,224,0
2024-09-28 22:00:00,55.8,2817,228,0
2024-09-28 22:02:00,55.6,3279,226,0.707
2024-09-28 22:04:00,55.5,3922,227,0
2024-09-28 22:06:00,55.8,3559,228,0
2024-09-28 22:08:00,55.1,5556,228,0
2024-09-28 22:10:00,55.2,4926,230,0.707
2024-09-28 22:12:00,55.8,5618,228,0
2024-09-28 22:14:00,55.7,3937,225,0
2024-09-28 22:16:00,55.9,6536,228,0
2024-09-28 22:18:00,55.9,5618,228,0.707
2024-09-28 22:20:00,55.3,4926,224,0
2024-09-28 22:22:00,55.7,5556,228,0
2024-09-28 22:24:00,55.6,4902,228,0
2024-09-28 22:26:00,55.4,4292,224,0
2024-09-28 22:28:00,55.4,3559,226,0.707
2024-09-28 22:30:00,55.7,5618,228,0
2024-09-28 22:32:00,55.8,3257,226,0
2024-09-28 22:34:00,55.5,6452,226,0
2024-09-28 22:36:00,55.9,3030,228,0.707
2024-09-28 22:38:00,55.8,5618,226,0
2024-09-28 22:40:00,55.8,3584,228,0
2024-09-28 22:42:00,56.0,6452,229,0.707
2024-09-28 22:44:00,55.9,5618,226,0.707
2024-09-28 22:46:00,55.9,3584,229,0.707
2024-09-28 22:48:00,55.8,7874,229,0
2024-09-28 22:50:00,55.8,5618,227,0.707
2024-09-28 22:52:00,55.9,3937,230,0
2024-09-28 22:54:00,55.6,4902,228,0
2024-09-28 22:56:00,55.8,3937,227,0
2024-09-28 22:58:00,55.9,4926,229,0.707
2024-09-28 23:00:00,55.8,3021,228,0.707
2024-09-28 23:02:00,55.7,4367,228,0
2024-09-28 23:04:00,55.7,4926,230,0
2024-09-28 23:06:00,55.9,5556,230,0
2024-09-28 23:08:00,55.8,3584,228,0
2024-09-28 23:10:00,55.7,5618,229,0
2024-09-28 23:12:00,55.7,3937,230,0.707
2024-09-28 23:14:00,55.9,7874,227,0
2024-09-28 23:16:00,55.8,4386,228,0.707
2024-09-28 23:18:00,55.7,5618,227,0
2024-09-28 23:20:00,55.7,4367,225,0
2024-09-28 23:22:00,55.5,5618,227,0.707
2024-09-28 23:24:00,54.9,4367,226,0.707
2024-09-28 23:26:00,55.4,2451,224,0
2024-09-28 23:28:00,55.5,4367,226,0
2024-09-28 23:30:00,55.5,4926,226,0
2024-09-28 23:32:00,55.4,5618,224,0
2024-09-28 23:34:00,55.3,4878,226,0
2024-09-28 23:36:00,55.5,9804,226,0
2024-09-28 23:38:00,55.0,4367,223,0
2024-09-28 23:40:00,55.5,7874,226,0
2024-09-28 23:42:00,55.8,5618,226,0
2024-09-28 23:44:00,55.5,9804,224,0.707
2024-09-28 23:46:00,55.5,2625,226,0
2024-09-28 23:48:00,55.2,3937,225,0
2024-09-28 23:50:00,55.3,4329,225,0
2024-09-28 23:52:00,55.2,5618,225,0
2024-09-28 23:54:00,55.7,4926,226,0
2024-09-28 23:56:00,55.5,6536,223,0
2024-09-28 23:58:00,55.7,3906,226,0
2024-09-29 00:00:00,55.8,6536,229,0
2024-09-29 00:02:00,55.8,7874,226,0
2024-09-29 00:04:00,55.6,9804,226,0
2024-09-29 00:06:00,55.4,3268,225,0
2024-09-29 00:08:00,55.6,4926,225,0
2024-09-29 00:10:00,55.6,7874,225,0
2024-09-29 00:12:00,55.1,4348,227,0
2024-09-29 00:14:00,55.6,3279,225,0
2024-09-29 00:16:00,55.5,3279,225,0
2024-09-29 00:18:00,55.2,5556,225,0
2024-09-29 00:20:00,55.1,3891,223,0
2024-09-29 00:22:00,56.0,4348,227,0
2024-09-29 00:24:00,55.9,7874,230,0
2024-09-29 00:26:00,55.4,3906,224,0.707
2024-09-29 00:28:00,55.8,6579,225,0.707
2024-09-29 00:30:00,55.7,6579,227,0
2024-09-29 00:32:00,55.6,6536,224,0
2024-09-29 00:34:00,55.6,5618,226,0
2024-09-29 00:36:00,55.7,5618,227,0
2024-09-29 00:38:00,55.6,3937,223,0
2024-09-29 00:40:00,55.4,3279,226,0.707
2024-09-29 00:42:00,55.7,3906,226,0.707
2024-09-29 00:44:00,55.7,3937,227,0.707
2024-09-29 00:46:00,55.7,6536,229,0.707
2024-09-29 00:48:00,55.4,5587,225,0.707
2024-09-29 00:50:00,55.8,4926,224,0.707
2024-09-29 00:52:00,55.6,6579,226,0
2024-09-29 00:54:00,55.7,4926,226,0
2024-09-29 00:56:00,55.6,5587,224,0.707
2024-09-29 00:58:00,55.6,3584,226,0.707
2024-09-29 01:00:00,55.6,6579,225,0
2024-09-29 01:02:00,55.2,4367,223,0.707
2024-09-29 01:04:00,55.6,3030,226,0
2024-09-29 01:06:00,55.7,4926,225,0.707
2024-09-29 01:08:00,56.1,3030,225,0
2024-09-29 01:10:00,55.4,6536,224,0.707
2024-09-29 01:12:00,55.3,2817,225,0
2024-09-29 01:14:00,55.6,7874,221,0.707
2024-09-29 01:16:00,55.5,7576,223,0
2024-09-29 01:18:00,55.6,7752,225,0.707
2024-09-29 01:20:00,55.9,4926,226,0
2024-09-29 01:22:00,55.8,6536,228,0
2024-09-29 01:24:00,55.8,7874,228,0
2024-09-29 01:26:00,55.8,4926,225,0
2024-09-29 01:28:00,55.7,5618,228,0.707
2024-09-29 01:30:00,55.8,5618,227,0.707
2024-09-29 01:32:00,55.7,4926,224,0.707
2024-09-29 01:34:00,55.8,4926,230,0.707
2024-09-29 01:36:00,55.9,7692,230,0
2024-09-29 01:38:00,55.9,2320,228,0.707
2024-09-29 01:40:00,55.8,5556,230,0.707
2024-09-29 01:42:00,55.9,4926,229,0.707
2024-09-29 01:44:00,55.8,2463,227,0
2024-09-29 01:46:00,55.9,3289,228,0
2024-09-29 01:48:00,56.0,4367,228,0.707
2024-09-29 01:50:00,55.8,7874,225,0.707
2024-09-29 01:52:00,55.9,7874,228,0
2024-09-29 01:54:00,56.0,6452,228,0.707
2024-09-29 01:56:00,55.7,3937,225,0
2024-09-29 01:58:00,56.0,3937,228,0.707
2024-09-29 02:00:00,55.9,2463,228,0.707
2024-09-29 02:02:00,55.3,5618,223,0.707
2024-09-29 02:04:00,55.9,9804,228,0
2024-09-29 02:06:00,55.8,7874,228,0.707
2024-09-29 02:08:00,55.8,7692,226,0.707
2024-09-29 02:10:00,55.8,5618,228,0.707
2024-09-29 02:12:00,56.0,3279,228,0.707
2024-09-29 02:14:00,55.9,3021,226,0.707
2024-09-29 02:16:00,54.0,2193,227,0.707
2024-09-29 02:18:00,54.1,3030,228,0.707
2024-09-29 02:20:00,53.3,5464,226,0.707
2024-09-29 02:22:00,54.1,5618,227,0.707
2024-09-29 02:24:00,54.6,5618,230,0.707
2024-09-29 02:26:00,53.4,2179,226,0.707
2024-09-29 02:28:00,54.9,3030,228,0.707
2024-09-29 02:30:00,54.8,3584,231,0.707
2024-09-29 02:32:00,54.4,7874,227,0.707
2024-09-29 02:34:00,54.9,6452,228,0.707
2024-09-29 02:36:00,54.8,4292,231,0.707
2024-09-29 02:38:00,54.3,9804,226,0.707
2024-09-29 02:40:00,54.0,4367,227,0.707
2024-09-29 02:42:00,54.2,3906,228,0.707
2024-09-29 02:44:00,53.6,5618,224,0.707
2024-09-29 02:46:00,53.4,5618,225,0.707
2024-09-29 02:48:00,54.2,6536,228,0.707
2024-09-29 02:50:00,54.1,7874,226,0.707
2024-09-29 02:52:00,53.7,7874,227,0.707
2024-09-29 02:54:00,53.9,5618,225,0.707
2024-09-29 02:56:00,53.9,4367,228,0.707
2024-09-29 02:58:00,53.9,5618,225,0.707
2024-09-29 03:00:00,52.1,3236,222,0.707
2024-09-29 03:02:00,53.4,6536,227,0.707
2024-09-29 03:04:00,51.9,6494,223,0.707
2024-09-29 03:06:00,52.1,3268,223,0.707
2024-09-29 03:08:00,52.0,4367,223,0.707
2024-09-29 03:10:00,54.4,4367,226,0.707
2024-09-29 03:12:00,54.6,4367,223,0.707
2024-09-29 03:14:00,54.9,5618,228,0.707
2024-09-29 03:16:00,54.5,6536,230,0.707
2024-09-29 03:18:00,51.9,4926,223,0.707
2024-09-29 03:20:00,54.7,2778,226,0.707
2024-09-29 03:22:00,54.6,7874,228,0.707
2024-09-29 03:24:00,54.5,3571,226,0.707
2024-09-29 03:26:00,54.5,3922,223,0.707
2024-09-29 03:28:00,54.1,4926,226,0.707
2024-09-29 03:30:00,54.0,6452,226,0.707
2024-09-29 03:32:00,54.4,6536,226,0.707
2024-09-29 03:34:00,54.7,3937,228,0.707
2024-09-29 03:36:00,54.5,7874,225,0.707
2024-09-29 03:38:00,54.5,3937,226,0.707
2024-09-29 03:40:00,54.7,3559,228,0.707
2024-09-29 03:42:00,54.8,4367,226,0.707
2024-09-29 03:44:00,54.2,4878,227,0.707
2024-09-29 03:46:00,54.1,9804,227,0.707
2024-09-29 03:48:00,54.8,4926,228,0.707
2024-09-29 03:50:00,55.2,3922,223,0.707
2024-09-29 03:52:00,55.6,6452,227,0.707
2024-09-29 03:54:00,55.0,5618,228,0.707
2024-09-29 03:56:00,54.5,4926,227,0.707
2024-09-29 03:58:00,53.9,5587,226,0.707
2024-09-29 04:00:00,54.7,9804,227,0.707
2024-09-29 04:02:00,52.0,7874,224,0.707
2024-09-29 04:04:00,53.4,5618,225,0.707
2024-09-29 04:06:00,54.7,4878,226,0.707
2024-09-29 04:08:00,54.5,3922,223,0.707
2024-09-29 04:10:00,54.5,6452,225,0.707
2024-09-29 04:12:00,55.0,2618,227,0.707
2024-09-29 04:14:00,54.2,4329,226,0.707
2024-09-29 04:16:00,53.1,2188,223,0.707
2024-09-29 04:18:00,55.2,3279,226,0.707
2024-09-29 04:20:00,55.1,7874,223,0.707
2024-09-29 04:22:00,52.1,6579,222,0.707
2024-09-29 04:24:00,54.5,3937,226,0.707
2024-09-29 04:26:00,55.1,3937,228,0.707
2024-09-29 04:28:00,55.0,5618,225,0.707
2024-09-29 04:30:00,55.1,5618,225,0.707
2024-09-29 04:32:00,54.5,4367,226,0
2024-09-29 04:34:00,54.0,3922,223,0.707
2024-09-29 04:36:00,54.1,6536,226,0.707
2024-09-29 04:38:00,54.2,7874,226,0.707
2024-09-29 04:40:00,53.5,3584,222,0.707
2024-09-29 04:42:00,53.8,5618,226,0.707
2024-09-29 04:44:00,53.7,3937,223,0.707
2024-09-29 04:46:00,54.0,4878,223,0.707
2024-09-29 04:48:00,51.8,6536,223,0.707
2024-09-29 04:50:00,52.0,7874,226,0
2024-09-29 04:52:00,54.4,7874,223,0.707
2024-09-29 04:54:00,54.2,5618,224,0.707
2024-09-29 04:56:00,53.2,9804,226,0.707
2024-09-29 04:58:00,51.9,7692,222,0.707
2024-09-29 05:00:00,52.1,3584,225,0.707
2024-09-29 05:02:00,52.0,4367,226,0.707
2024-09-29 05:04:00,53.6,3279,226,0.707
2024-09-29 05:06:00,53.8,7874,228,0.707
2024-09-29 05:08:00,53.9,3257,227,0.707
2024-09-29 05:10:00,52.9,6579,226,0.707
2024-09-29 05:12:00,53.0,6536,228,0.707
2024-09-29 05:14:00,53.6,9804,227,0.707
2024-09-29 05:16:00,52.9,9804,226,0.707
2024-09-29 05:18:00,53.3,3289,229,0.707
2024-09-29 05:20:00,52.0,4386,228,0.707
2024-09-29 05:22:00,52.0,7874,227,0.707
2024-09-29 05:24:00,51.8,7874,228,0.707
2024-09-29 05:26:00,52.0,3279,225,0.707
2024-09-29 05:28:00,53.3,5618,229,0.707
2024-09-29 05:30:00,51.8,6579,225,0.707
2024-09-29 05:32:00,53.7,6579,229,0.707
2024-09-29 05:34:00,52.9,4367,228,0.707
2024-09-29 05:36:00,51.8,5618,226,0.707
2024-09-29 05:38:00,51.8,4367,226,0.707
2024-09-29 05:40:00,51.9,3937,227,0.707
2024-09-29 05:42:00,52.0,4878,226,0.707
2024-09-29 05:44:00,51.9,7874,226,0.707
2024-09-29 05:46:00,51.9,3584,228,0.707
2024-09-29 05:48:00,51.8,3571,226,0.707
2024-09-29 05:50:00,51.7,3906,228,0.707
2024-09-29 05:52:00,51.7,3937,226,0.707
2024-09-29 05:54:00,51.7,3559,228,0.707
2024-09-29 05:56:00,52.0,6536,229,0.707
2024-09-29 05:58:00,51.9,7874,229,0.707
2024-09-29 06:00:00,51.9,7874,229,0
2024-09-29 06:02:00,51.9,2075,226,0
2024-09-29 06:04:00,51.8,5587,227,0
2024-09-29 06:06:00,51.9,2611,227,0.707
2024-09-29 06:08:00,53.7,7752,229,0.707
2024-09-29 06:10:00,52.9,4367,230,0.707
2024-09-29 06:12:00,51.9,6536,228,0.707
2024-09-29 06:14:00,51.2,3906,228,0.707
2024-09-29 06:16:00,50.7,5618,226,0.707
2024-09-29 06:18:00,51.4,51.4,228,241
2024-09-29 06:20:00,51.3,51.1,227,243
2024-09-29 06:22:00,51.1,51.0,226,240
2024-09-29 06:24:00,51.1,51.1,226,240
2024-09-29 06:26:00,51.1,51.3,226,241
2024-09-29 06:28:00,51.5,51.4,226,238
2024-09-29 06:30:00,51.8,51.8,227,241
2024-09-29 06:32:00,51.4,51.5,226,238
2024-09-29 06:34:00,52.1,52.1,225,243
2024-09-29 06:36:00,50.9,50.8,221,243
2024-09-29 06:38:00,50.5,50.4,221,243
2024-09-29 06:40:00,50.0,50.0,216,242
2024-09-29 06:42:00,50.1,50.2,217,238
2024-09-29 06:44:00,50.5,50.7,215,238
2024-09-29 06:46:00,50.5,50.5,219,240
2024-09-29 06:48:00,50.5,50.6,226,240
2024-09-29 06:50:00,49.8,49.9,221,240
2024-09-29 06:52:00,49.7,49.6,227,238
2024-09-29 06:54:00,49.5,49.6,219,241
2024-09-29 06:56:00,49.5,49.5,219,240
2024-09-29 06:58:00,49.7,49.8,217,241
2024-09-29 07:00:00,50.7,50.7,219,242
2024-09-29 07:02:00,50.8,50.8,217,243
2024-09-29 07:04:00,50.7,50.8,218,243
2024-09-29 07:06:00,50.0,50.0,219,238
2024-09-29 07:08:00,49.7,49.7,218,239
2024-09-29 07:10:00,50.4,50.4,217,241
2024-09-29 07:12:00,50.0,50.0,219,242
2024-09-29 07:14:00,50.3,50.2,223,240
2024-09-29 07:16:00,49.7,49.7,218,243
2024-09-29 07:18:00,49.9,49.8,219,242
2024-09-29 07:20:00,49.8,49.8,219,242
2024-09-29 07:22:00,49.7,49.7,216,241
2024-09-29 07:24:00,49.7,49.7,218,240
2024-09-29 07:26:00,50.2,50.0,218,240
2024-09-29 07:28:00,49.8,49.9,221,238
2024-09-29 07:30:00,49.8,49.8,219,236
2024-09-29 07:32:00,49.7,49.7,217,240
2024-09-29 07:34:00,50.0,49.9,217,242
2024-09-29 07:36:00,49.5,49.6,219,240
2024-09-29 07:38:00,49.6,49.6,218,241
2024-09-29 07:40:00,49.8,49.7,222,238
2024-09-29 07:42:00,49.7,49.8,219,239
2024-09-29 07:44:00,49.7,49.7,219,239
2024-09-29 07:46:00,49.6,49.6,220,240
2024-09-29 07:48:00,50.2,50.3,219,240
2024-09-29 07:50:00,50.4,50.4,217,239
2024-09-29 07:52:00,49.8,49.8,217,238
2024-09-29 07:54:00,49.7,49.8,219,237
2024-09-29 07:56:00,49.8,49.9,217,239
2024-09-29 07:58:00,49.7,49.7,215,242
2024-09-29 08:00:00,49.5,49.5,219,242
2024-09-29 08:02:00,49.4,49.3,216,240
2024-09-29 08:04:00,49.7,49.6,219,239
2024-09-29 08:06:00,49.7,49.7,219,240
2024-09-29 08:08:00,50.9,50.8,226,238
2024-09-29 08:10:00,51.0,51.3,221,243
2024-09-29 08:12:00,50.5,50.3,223,243
2024-09-29 08:14:00,51.3,51.6,225,240
2024-09-29 08:16:00,50.8,50.8,225,238
2024-09-29 08:18:00,51.5,51.7,223,239
2024-09-29 08:20:00,51.7,51.6,223,240
2024-09-29 08:22:00,5618,4367,0,0
2024-09-29 08:24:00,7692,3937,0,0
2024-09-29 08:26:00,2793,4926,0,0
2024-09-29 08:28:00,3012,3289,0.707,0
2024-09-29 08:30:00,4831,3584,0,0.707
2024-09-29 08:32:00,6452,3030,0,0
2024-09-29 08:34:00,6536,2786,0,0
2024-09-29 08:36:00,9804,4926,0,0
2024-09-29 08:38:00,3279,3030,0,0
2024-09-29 08:40:00,5618,2801,0,0
2024-09-29 08:42:00,6289,9804,0,0
2024-09-29 08:44:00,3268,5618,0,0
2024-09-29 08:46:00,5587,5587,0,0
2024-09-29 08:48:00,9804,9615,0,0
2024-09-29 08:50:00,6579,5618,0,0
2024-09-29 08:52:00,2801,7752,0,0
2024-09-29 08:54:00,6494,4831,0.707,0
2024-09-29 08:56:00,7874,6536,0,0
2024-09-29 08:58:00,6536,3584,0,0
2024-09-29 09:00:00,4367,4854,0,0
2024-09-29 09:02:00,50.4,50.4,225,239
2024-09-29 09:04:00,50.6,50.6,226,240
2024-09-29 09:06:00,50.7,50.7,225,242
2024-09-29 09:08:00,50.9,50.8,221,243
2024-09-29 09:10:00,50.7,50.8,219,245
2024-09-29 09:12:00,51.0,51.0,220,243
2024-09-29 09:14:00,51.2,51.2,223,240
2024-09-29 09:16:00,51.0,51.0,221,240
2024-09-29 09:18:00,50.8,50.9,221,239
2024-09-29 09:20:00,50.9,50.9,219,243
2024-09-29 09:22:00,50.9,51.0,221,241
2024-09-29 09:24:00,51.3,51.3,221,242
2024-09-29 09:26:00,51.3,51.3,220,242
2024-09-29 09:28:00,50.9,50.9,223,238
2024-09-29 09:30:00,51.0,51.0,221,240
2024-09-29 09:32:00,50.9,50.9,219,243
2024-09-29 09:34:00,50.7,50.7,221,240
2024-09-29 09:36:00,51.1,51.2,221,241
2024-09-29 09:38:00,51.1,51.1,220,242
2024-09-29 09:40:00,51.0,51.0,219,241
2024-09-29 09:42:00,51.1,51.0,221,240
2024-09-29 09:44:00,51.2,51.1,220,241
2024-09-29 09:46:00,51.1,51.1,221,240
2024-09-29 09:48:00,51.1,51.0,220,240
2024-09-29 09:50:00,51.2,51.2,217,243
2024-09-29 09:52:00,51.2,51.2,219,243
2024-09-29 09:54:00,51.3,51.2,220,242
2024-09-29 09:56:00,51.1,51.1,222,240
2024-09-29 09:58:00,50.7,50.8,218,242
2024-09-29 10:00:00,50.9,50.8,221,240
2024-09-29 10:02:00,51.1,51.0,222,240
2024-09-29 10:04:00,50.8,50.7,219,239
2024-09-29 10:06:00,50.7,50.7,219,240
2024-09-29 10:08:00,50.8,50.9,221,240
2024-09-29 10:10:00,50.8,50.8,216,240
2024-09-29 10:12:00,50.6,50.6,214,241
2024-09-29 10:14:00,50.7,50.6,219,242
2024-09-29 10:16:00,50.9,50.9,220,240
2024-09-29 10:18:00,50.9,50.9,219,240
2024-09-29 10:20:00,50.8,50.7,221,238
2024-09-29 10:22:00,51.0,51.0,221,239
2024-09-29 10:24:00,50.7,50.6,219,240
2024-09-29 10:26:00,50.9,50.9,220,239
2024-09-29 10:28:00,50.8,50.9,221,240
2024-09-29 10:30:00,50.6,50.6,219,238
2024-09-29 10:32:00,50.7,50.5,218,240
2024-09-29 10:34:00,50.8,50.7,221,240
2024-09-29 10:36:00,50.7,50.6,218,239
2024-09-29 10:38:00,50.5,50.6,217,243
2024-09-29 10:40:00,50.5,50.4,219,240
2024-09-29 10:42:00,50.6,50.6,220,238
2024-09-29 10:44:00,50.4,50.5,219,237
2024-09-29 10:46:00,50.3,50.4,219,238
2024-09-29 10:48:00,50.6,50.5,219,240
2024-09-29 10:50:00,50.6,50.7,219,238
2024-09-29 10:52:00,50.7,50.7,219,238
2024-09-29 10:54:00,50.8,50.7,221,238
2024-09-29 10:56:00,50.8,50.9,219,240
2024-09-29 10:58:00,50.7,50.7,216,240
2024-09-29 11:00:00,50.6,50.5,218,235
2024-09-29 11:02:00,50.5,50.6,215,240
2024-09-29 11:04:00,50.6,50.6,214,240
2024-09-29 11:06:00,50.4,50.5,217,238
2024-09-29 11:08:00,50.4,50.5,217,238
2024-09-29 11:10:00,50.5,50.6,215,240
2024-09-29 11:12:00,50.7,50.7,216,242
2024-09-29 11:14:00,50.8,50.7,216,243
2024-09-29 11:16:00,50.6,50.7,214,242
2024-09-29 11:18:00,50.7,50.6,214,241
2024-09-29 11:20:00,50.7,50.6,216,238
2024-09-29 11:22:00,50.5,50.6,214,241
2024-09-29 11:24:00,50.7,50.7,211,244
2024-09-29 11:26:00,50.8,50.7,214,243
2024-09-29 11:28:00,50.8,50.8,214,242
2024-09-29 11:30:00,50.8,50.9,214,243
2024-09-29 11:32:00,50.9,50.9,222,238
2024-09-29 11:34:00,50.7,50.7,220,238
2024-09-29 11:36:00,50.6,50.6,217,238
2024-09-29 11:38:00,50.6,50.6,216,242
2024-09-29 11:40:00,50.7,50.7,218,240
2024-09-29 11:42:00,50.5,50.6,214,240
2024-09-29 11:44:00,50.5,50.7,214,240
2024-09-29 11:46:00,50.7,50.7,216,241
2024-09-29 11:48:00,50.6,50.5,214,240
2024-09-29 11:50:00,50.5,50.5,214,242
2024-09-29 11:52:00,50.6,50.6,216,241
2024-09-29 11:54:00,50.5,50.7,214,241
2024-09-29 11:56:00,50.7,50.5,215,241
2024-09-29 11:58:00,50.9,50.8,219,241
2024-09-29 12:00:00,55.9,56.1,226,237
2024-09-29 12:02:00,55.9,56.1,217,244
2024-09-29 12:04:00,56.2,56.2,217,245
2024-09-29 12:06:00,55.7,55.7,220,242
2024-09-29 12:08:00,55.2,55.0,215,241
2024-09-29 12:10:00,54.3,54.4,219,243
2024-09-29 12:12:00,50.4,50.4,228,233
2024-09-29 12:14:00,50.8,50.8,224,235
2024-09-29 12:16:00,50.8,50.8,217,244
2024-09-29 12:18:00,50.7,50.7,219,243
2024-09-29 12:20:00,50.6,50.5,215,241
2024-09-29 12:22:00,50.4,50.5,216,241
2024-09-29 12:24:00,50.2,50.1,209,244
2024-09-29 12:26:00,50.2,50.3,214,240
2024-09-29 12:28:00,50.6,50.6,218,239
2024-09-29 12:30:00,50.7,50.7,219,239
2024-09-29 12:32:00,50.4,50.4,219,238
2024-09-29 12:34:00,50.7,50.7,218,238
2024-09-29 12:36:00,50.9,50.8,217,241
2024-09-29 12:38:00,50.8,50.8,219,240
2024-09-29 12:40:00,50.5,50.5,218,238
2024-09-29 12:42:00,50.5,50.5,218,238
2024-09-29 12:44:00,50.7,50.7,219,238
2024-09-29 12:46:00,50.6,50.7,219,240
2024-09-29 12:48:00,50.5,50.6,216,240
2024-09-29 12:50:00,50.7,50.6,214,242
2024-09-29 12:52:00,50.7,50.7,217,240
2024-09-29 12:54:00,50.9,51.0,218,242
2024-09-29 12:56:00,51.1,51.0,217,243
2024-09-29 12:58:00,50.9,50.9,220,240
2024-09-29 13:00:00,50.7,50.7,218,241
2024-09-29 13:02:00,51.0,50.9,217,242
2024-09-29 13:04:00,50.9,50.8,220,240
2024-09-29 13:06:00,50.6,50.6,214,242
2024-09-29 13:08:00,50.9,50.9,217,243
2024-09-29 13:10:00,50.9,51.0,219,243
2024-09-29 13:12:00,50.9,50.9,219,242
2024-09-29 13:14:00,50.6,50.5,216,240
2024-09-29 13:16:00,50.8,50.8,217,243
2024-09-29 13:18:00,50.7,50.7,219,241
2024-09-29 13:20:00,50.6,50.7,217,241
2024-09-29 13:22:00,50.7,50.7,218,241
2024-09-29 13:24:00,50.6,50.6,219,239
2024-09-29 13:26:00,50.7,50.7,220,240
2024-09-29 13:28:00,50.6,50.7,219,240
2024-09-29 13:30:00,50.5,50.7,220,239
2024-09-29 13:32:00,50.9,50.9,219,242
2024-09-29 13:34:00,50.9,50.9,217,242
2024-09-29 13:36:00,51.0,51.0,218,242
2024-09-29 13:38:00,50.7,50.6,218,243
2024-09-29 13:40:00,50.5,50.4,216,242
2024-09-29 13:42:00,50.5,50.5,217,242
2024-09-29 13:44:00,50.6,50.6,218,242
2024-09-29 13:46:00,50.5,50.6,216,242
2024-09-29 13:48:00,50.7,50.6,215,243
2024-09-29 13:50:00,50.7,50.8,218,243
2024-09-29 13:52:00,50.7,50.6,218,243
2024-09-29 13:54:00,50.6,50.7,216,243
2024-09-29 13:56:00,50.6,50.7,216,243
2024-09-29 13:58:00,50.3,50.4,219,240
2024-09-29 14:00:00,50.2,50.3,216,243
2024-09-29 14:02:00,50.3,50.3,215,243
2024-09-29 14:04:00,50.5,50.6,218,243
2024-09-29 14:06:00,50.5,50.4,219,242
2024-09-29 14:08:00,50.4,50.4,217,241
2024-09-29 14:10:00,50.4,50.4,219,240
2024-09-29 14:12:00,50.1,50.2,217,241
2024-09-29 14:14:00,50.3,50.2,215,244
2024-09-29 14:16:00,50.4,50.4,216,243
2024-09-29 14:18:00,50.5,50.4,218,241
2024-09-29 14:20:00,50.4,50.4,216,243
2024-09-29 14:22:00,50.4,50.3,216,242
2024-09-29 14:24:00,5618,4926,0,0
2024-09-29 14:26:00,6579,3279,0,0
2024-09-29 14:28:00,6494,7752,0,0
2024-09-29 14:30:00,3937,2809,0,0
2024-09-29 14:32:00,4367,4926,0,0
2024-09-29 14:34:00,4367,2299,0,0
2024-09-29 14:36:00,5618,56.2,0,236
2024-09-29 14:38:00,7874,56.2,0,243
2024-09-29 14:40:00,6452,56.2,0,243
2024-09-29 14:42:00,3571,55.6,0,240
2024-09-29 14:44:00,5618,56.3,0,238
2024-09-29 14:46:00,7752,56.7,0,238
2024-09-29 14:48:00,4854,56.0,0,244
2024-09-29 14:50:00,4367,55.7,0,241
2024-09-29 14:52:00,5618,55.6,0,236
2024-09-29 14:54:00,7752,55.4,0,237
2024-09-29 14:56:00,5618,55.0,0,236
2024-09-29 14:58:00,6579,55.2,0,240
2024-09-29 15:00:00,6536,4926,0.707,0
2024-09-29 15:02:00,4329,56.4,0,236
2024-09-29 15:04:00,3559,56.5,0,239
2024-09-29 15:06:00,6452,56.1,0,243
2024-09-29 15:08:00,4367,55.7,0,240
2024-09-29 15:10:00,4878,55.7,0,240
2024-09-29 15:12:00,5618,55.9,0,243
2024-09-29 15:14:00,4902,55.4,0,243
2024-09-29 15:16:00,3937,55.6,0,239
2024-09-29 15:18:00,7874,56.1,0,241
2024-09-29 15:20:00,3289,55.9,0,240
2024-09-29 15:22:00,2625,55.6,0,238
2024-09-29 15:24:00,3937,55.2,0,238
2024-09-29 15:26:00,55.3,55.3,219,239
2024-09-29 15:28:00,55.6,55.6,216,244
2024-09-29 15:30:00,55.6,55.5,216,244
2024-09-29 15:32:00,55.4,55.5,216,244
2024-09-29 15:34:00,6536,56.1,0,240
2024-09-29 15:36:00,2817,55.7,0,240
2024-09-29 15:38:00,3559,55.5,0,240
2024-09-29 15:40:00,55.9,55.9,219,243
2024-09-29 15:42:00,55.9,55.8,219,243
2024-09-29 15:44:00,4926,55.9,0,240
2024-09-29 15:46:00,3030,55.4,0,240
2024-09-29 15:48:00,3012,55.7,0,243
2024-09-29 15:50:00,4902,55.8,0,243
2024-09-29 15:52:00,3937,55.8,0,238
2024-09-29 15:54:00,55.6,55.6,221,240
2024-09-29 15:56:00,7874,3906,0,0
2024-09-29 15:58:00,56.0,55.9,223,239
2024-09-29 16:00:00,56.0,56.0,223,240
2024-09-29 16:02:00,55.4,55.5,221,240
2024-09-29 16:04:00,55.3,55.3,216,240
2024-09-29 16:06:00,55.2,55.4,219,238
2024-09-29 16:08:00,54.9,54.8,221,238
2024-09-29 16:10:00,55.1,54.8,221,238
2024-09-29 16:12:00,54.4,54.5,222,236
2024-09-29 16:14:00,53.9,53.9,222,239
2024-09-29 16:16:00,53.6,53.4,222,238
2024-09-29 16:18:00,54.6,54.4,223,239
2024-09-29 16:20:00,54.7,54.6,222,238
2024-09-29 16:22:00,54.5,54.6,217,238
2024-09-29 16:24:00,55.2,55.1,221,239
2024-09-29 16:26:00,54.7,54.6,224,238
2024-09-29 16:28:00,54.4,54.4,222,240
2024-09-29 16:30:00,54.2,54.1,220,238
2024-09-29 16:32:00,54.5,54.5,223,239
2024-09-29 16:34:00,54.5,54.6,221,240
2024-09-29 16:36:00,54.1,54.1,221,243
2024-09-29 16:38:00,52.2,52.3,225,241
2024-09-29 16:40:00,54.1,54.1,223,240
2024-09-29 16:42:00,54.8,54.8,223,240
2024-09-29 16:44:00,54.7,54.8,225,239
2024-09-29 16:46:00,54.6,54.7,223,240
2024-09-29 16:48:00,54.9,54.6,223,239
2024-09-29 16:50:00,54.8,54.9,225,239
2024-09-29 16:52:00,54.7,54.7,223,240
2024-09-29 16:54:00,4926,3279,0,0
2024-09-29 16:56:00,55.8,56.0,226,241
2024-09-29 16:58:00,55.1,55.2,223,238
2024-09-29 17:00:00,55.1,55.1,226,241
2024-09-29 17:02:00,54.2,54.2,222,240
2024-09-29 17:04:00,54.2,54.1,222,240
2024-09-29 17:06:00,55.1,54.9,221,240
2024-09-29 17:08:00,54.5,54.5,223,242
2024-09-29 17:10:00,54.2,54.2,226,238
2024-09-29 17:12:00,54.3,54.1,228,238
2024-09-29 17:14:00,53.9,53.9,225,238
2024-09-29 17:16:00,53.9,54.0,226,238
2024-09-29 17:18:00,54.7,54.7,224,237
2024-09-29 17:20:00,54.6,54.8,221,236
2024-09-29 17:22:00,54.0,53.9,223,236
2024-09-29 17:24:00,55.0,55.1,223,236
2024-09-29 17:26:00,54.4,54.5,221,236
2024-09-29 17:28:00,54.6,54.5,221,236
2024-09-29 17:30:00,55.2,55.1,224,238
2024-09-29 17:32:00,55.2,55.2,223,239
2024-09-29 17:34:00,55.8,55.9,222,239
2024-09-29 17:36:00,55.5,55.6,225,237
2024-09-29 17:38:00,54.2,54.2,226,238
2024-09-29 17:40:00,54.6,54.5,228,237
2024-09-29 17:42:00,52.0,51.9,226,236
2024-09-29 17:44:00,52.1,53.4,225,238
2024-09-29 17:46:00,51.1,51.2,221,236
2024-09-29 17:48:00,51.1,51.0,224,234
2024-09-29 17:50:00,51.0,51.0,223,233
2024-09-29 17:52:00,50.9,50.9,219,236
2024-09-29 17:54:00,50.9,50.9,222,236
2024-09-29 17:56:00,50.8,50.9,222,236
2024-09-29 17:58:00,51.2,51.1,222,233
2024-09-29 18:00:00,50.9,50.8,225,233
2024-09-29 18:02:00,50.9,50.9,225,233
2024-09-29 18:04:00,51.1,51.1,222,235
2024-09-29 18:06:00,51.2,51.1,222,235
2024-09-29 18:08:00,51.2,51.2,224,235
2024-09-29 18:10:00,51.1,51.1,221,236
2024-09-29 18:12:00,50.9,51.0,221,233
2024-09-29 18:14:00,51.2,51.1,223,236
2024-09-29 18:16:00,51.0,51.0,221,233
2024-09-29 18:18:00,51.1,51.1,222,236
2024-09-29 18:20:00,51.2,51.1,223,236
2024-09-29 18:22:00,51.1,51.1,223,236
2024-09-29 18:24:00,51.1,51.1,221,236
2024-09-29 18:26:00,51.1,51.1,223,236
2024-09-29 18:28:00,51.1,51.3,225,235
2024-09-29 18:30:00,50.5,51.0,225,236
2024-09-29 18:32:00,50.9,51.0,226,236
2024-09-29 18:34:00,50.9,51.0,226,235
2024-09-29 18:36:00,50.9,50.8,223,235
2024-09-29 18:38:00,50.9,50.8,223,233
2024-09-29 18:40:00,50.9,50.9,226,236
2024-09-29 18:42:00,50.8,50.8,224,236
2024-09-29 18:44:00,51.0,50.9,223,236
2024-09-29 18:46:00,51.2,51.2,224,236
2024-09-29 18:48:00,51.2,51.1,222,236
2024-09-29 18:50:00,51.2,51.1,222,236
2024-09-29 18:52:00,51.1,51.1,225,237
2024-09-29 18:54:00,51.0,51.2,223,234
2024-09-29 18:56:00,51.1,51.2,223,236
2024-09-29 18:58:00,51.1,51.1,224,236
2024-09-29 19:00:00,51.1,51.0,223,233
2024-09-29 19:02:00,51.1,51.2,222,236
2024-09-29 19:04:00,51.2,51.1,223,236
2024-09-29 19:06:00,51.1,51.2,223,235
2024-09-29 19:08:00,51.4,51.4,225,235
2024-09-29 19:10:00,53.9,54.0,226,237
2024-09-29 19:12:00,53.8,53.7,226,236
2024-09-29 19:14:00,52.1,52.1,229,236
2024-09-29 19:16:00,51.7,51.8,227,233
2024-09-29 19:18:00,54.0,54.1,227,236
2024-09-29 19:20:00,54.3,54.3,226,238
2024-09-29 19:22:00,53.6,53.6,228,238
2024-09-29 19:24:00,52.0,52.0,228,238
2024-09-29 19:26:00,53.9,54.0,230,239
2024-09-29 19:28:00,53.8,53.7,228,238
2024-09-29 19:30:00,54.5,54.5,226,240
2024-09-29 19:32:00,55.3,55.3,224,240
2024-09-29 19:34:00,55.3,55.3,227,240
2024-09-29 19:36:00,55.1,55.3,225,240
2024-09-29 19:38:00,55.2,55.1,226,238
2024-09-29 19:40:00,54.5,54.7,226,239
2024-09-29 19:42:00,55.4,55.4,226,240
2024-09-29 19:44:00,55.6,55.5,224,238
2024-09-29 19:46:00,56.0,56.0,227,240
2024-09-29 19:48:00,55.5,55.4,224,240
2024-09-29 19:50:00,55.2,55.3,223,236
2024-09-29 19:52:00,54.5,54.7,226,235
2024-09-29 19:54:00,54.8,54.9,225,238
2024-09-29 19:56:00,55.6,55.5,230,240
2024-09-29 19:58:00,55.5,55.7,226,238
2024-09-29 20:00:00,54.9,55.0,225,239
2024-09-29 20:02:00,55.0,55.0,231,240
2024-09-29 20:04:00,54.1,54.0,227,240
2024-09-29 20:06:00,55.0,55.0,226,238
2024-09-29 20:08:00,55.2,55.2,228,238
2024-09-29 20:10:00,53.9,53.9,225,240
2024-09-29 20:12:00,55.0,54.9,223,243
2024-09-29 20:14:00,56.0,55.8,226,241
2024-09-29 20:16:00,55.6,55.6,226,238
2024-09-29 20:18:00,55.5,55.5,227,240
2024-09-29 20:20:00,55.3,55.3,228,237
2024-09-29 20:22:00,55.6,55.7,229,240
2024-09-29 20:24:00,55.6,55.5,227,240
2024-09-29 20:26:00,55.6,55.6,229,239
2024-09-29 20:28:00,55.1,55.2,228,237
2024-09-29 20:30:00,55.6,55.5,227,240
2024-09-29 20:32:00,55.9,55.9,228,240
2024-09-29 20:34:00,55.5,55.8,230,239
2024-09-29 20:36:00,55.5,55.5,227,240
2024-09-29 20:38:00,55.3,55.3,228,237
2024-09-29 20:40:00,55.9,56.0,227,240
2024-09-29 20:42:00,55.9,56.0,226,240
2024-09-29 20:44:00,56.0,56.0,226,238
2024-09-29 20:46:00,56.1,56.1,228,240
2024-09-29 20:48:00,56.0,56.0,226,240
2024-09-29 20:50:00,54.9,55.1,228,236
2024-09-29 20:52:00,55.4,55.4,228,237
2024-09-29 20:54:00,54.5,54.5,222,236
2024-09-29 20:56:00,55.0,54.9,226,234
2024-09-29 20:58:00,55.4,55.5,226,236
2024-09-29 21:00:00,54.5,54.6,223,234
2024-09-29 21:02:00,55.3,55.3,228,236
2024-09-29 21:04:00,54.4,54.5,226,232
2024-09-29 21:06:00,55.5,55.5,226,236
2024-09-29 21:08:00,55.4,55.3,231,238
2024-09-29 21:10:00,55.4,55.2,230,238
2024-09-29 21:12:00,55.3,55.1,228,238
2024-09-29 21:14:00,55.0,55.1,231,236
2024-09-29 21:16:00,55.2,55.0,228,234
2024-09-29 21:18:00,55.8,55.8,224,238
2024-09-29 21:20:00,55.5,55.6,226,236
2024-09-29 21:22:00,55.7,55.9,228,238
2024-09-29 21:24:00,55.9,55.9,226,238
2024-09-29 21:26:00,55.6,55.5,230,237
2024-09-29 21:28:00,55.4,55.2,230,236
2024-09-29 21:30:00,55.7,55.9,227,238
2024-09-29 21:32:00,55.4,55.4,226,236
2024-09-29 21:34:00,55.6,55.8,226,236
2024-09-29 21:36:00,55.7,55.7,226,238
2024-09-29 21:38:00,56.2,55.9,228,240
2024-09-29 21:40:00,55.9,56.1,227,238
2024-09-29 21:42:00,56.1,56.1,227,240
2024-09-29 21:44:00,55.8,55.7,228,240
2024-09-29 21:46:00,55.9,55.9,230,240
2024-09-29 21:48:00,55.4,55.6,226,238
2024-09-29 21:50:00,55.8,55.5,229,240
2024-09-29 21:52:00,55.7,55.8,226,239
2024-09-29 21:54:00,55.1,55.2,226,238
2024-09-29 21:56:00,54.9,54.8,227,236
2024-09-29 21:58:00,55.8,55.8,226,239
2024-09-29 22:00:00,55.7,55.8,224,239
2024-09-29 22:02:00,55.7,55.7,229,241
2024-09-29 22:04:00,55.4,55.4,227,243
2024-09-29 22:06:00,56.2,56.1,226,243
2024-09-29 22:08:00,56.1,56.1,228,242
2024-09-29 22:10:00,56.1,56.0,228,242
2024-09-29 22:12:00,56.1,56.0,226,242
2024-09-29 22:14:00,56.0,56.1,228,241
2024-09-29 22:16:00,56.0,56.0,228,242
2024-09-29 22:18:00,55.9,56.0,226,240
2024-09-29 22:20:00,56.0,56.0,229,240
2024-09-29 22:22:00,56.0,56.0,226,241
2024-09-29 22:24:00,55.9,56.0,226,240
2024-09-29 22:26:00,55.5,55.6,228,237
2024-09-29 22:28:00,55.7,55.8,227,239
2024-09-29 22:30:00,56.0,55.9,224,238
2024-09-29 22:32:00,56.2,56.2,228,240
2024-09-29 22:34:00,56.0,56.1,226,240
2024-09-29 22:36:00,56.1,56.1,226,240
2024-09-29 22:38:00,55.9,55.9,227,237
2024-09-29 22:40:00,56.1,56.1,226,240
2024-09-29 22:42:00,56.1,56.1,227,240
2024-09-29 22:44:00,56.2,56.1,229,240
2024-09-29 22:46:00,55.8,55.8,224,238
2024-09-29 22:48:00,56.2,56.1,226,240
2024-09-29 22:50:00,56.1,55.9,228,239
2024-09-29 22:52:00,56.3,56.0,226,240
2024-09-29 22:54:00,56.0,55.9,224,238
2024-09-29 22:56:00,56.0,56.0,227,241
2024-09-29 22:58:00,56.1,55.9,224,242
2024-09-29 23:00:00,55.9,55.8,225,240
2024-09-29 23:02:00,55.8,55.8,229,240
2024-09-29 23:04:00,55.7,55.7,227,240
2024-09-29 23:06:00,56.0,56.0,226,241
2024-09-29 23:08:00,55.8,55.8,226,238
2024-09-29 23:10:00,56.0,56.0,225,240
2024-09-29 23:12:00,55.9,56.1,226,240
2024-09-29 23:14:00,56.0,56.1,228,240
2024-09-29 23:16:00,55.8,55.7,225,238
2024-09-29 23:18:00,56.0,56.1,226,241
2024-09-29 23:20:00,56.2,56.1,228,240
2024-09-29 23:22:00,56.1,55.9,226,240
2024-09-29 23:24:00,55.5,55.7,222,240
2024-09-29 23:26:00,56.1,56.2,228,240
2024-09-29 23:28:00,56.1,55.9,226,240
2024-09-29 23:30:00,56.0,56.1,228,240
2024-09-29 23:32:00,56.0,56.1,227,239
2024-09-29 23:34:00,56.1,56.0,226,240
2024-09-29 23:36:00,56.2,56.2,228,239
2024-09-29 23:38:00,56.0,56.0,226,240
2024-09-29 23:40:00,55.9,56.1,223,240
2024-09-29 23:42:00,56.1,56.0,227,240
2024-09-29 23:44:00,56.1,55.9,226,240
2024-09-29 23:46:00,56.0,55.9,223,240
2024-09-29 23:48:00,56.1,55.9,226,240
2024-09-29 23:50:00,56.0,56.1,226,240
2024-09-29 23:52:00,55.9,56.0,225,240
2024-09-29 23:54:00,56.1,56.0,227,240
2024-09-29 23:56:00,56.2,56.2,227,239
2024-09-29 23:58:00,56.2,56.3,226,238