"Time","Frequency 3E2F4FD3 (Ch Cbca Bethesda Ndosho - laboratoire)","Frequency C30F2E03 (Ch Cbca Bethesda Ndosho - clinique)","Voltage 3E2F4FD3 (Ch Cbca Bethesda Ndosho - laboratoire)","Voltage C30F2E03 (Ch Cbca Bethesda Ndosho - clinique)"
2024-01-29 00:00:00,49.8,49.8,202,212
2024-01-29 00:02:00,49.9,49.9,202,212
2024-01-29 00:04:00,49.9,49.9,202,211
2024-01-29 00:06:00,50.2,50.2,202,214
2024-01-29 00:08:00,49.9,49.9,202,212
2024-01-29 00:10:00,50.0,50.0,202,213
2024-01-29 00:12:00,49.9,49.9,202,211
2024-01-29 00:14:00,49.9,49.9,201,214
2024-01-29 00:16:00,50.0,50.0,202,213
2024-01-29 00:18:00,50.0,50.0,202,211
2024-01-29 00:20:00,50.0,49.9,202,213
2024-01-29 00:22:00,49.9,49.9,201,213
2024-01-29 00:24:00,49.9,49.9,200,211
2024-01-29 00:26:00,50.1,50.1,200,213
2024-01-29 00:28:00,49.9,49.9,200,214
2024-01-29 00:30:00,50.2,50.2,202,215
2024-01-29 00:32:00,50.1,50.0,202,216
2024-01-29 00:34:00,50.0,49.9,201,215
2024-01-29 00:36:00,50.1,50.1,202,216
2024-01-29 00:38:00,50.0,50.1,201,216
2024-01-29 00:40:00,50.2,50.2,201,216
2024-01-29 00:42:00,49.9,50.0,201,216
2024-01-29 00:44:00,50.1,50.2,202,215
2024-01-29 00:46:00,49.9,50.0,201,216
2024-01-29 00:48:00,50.1,50.1,202,215
2024-01-29 00:50:00,50.0,50.0,202,216
2024-01-29 00:52:00,50.0,50.0,202,216
2024-01-29 00:54:00,50.0,50.0,202,216
2024-01-29 00:56:00,50.0,50.0,202,216
2024-01-29 00:58:00,50.1,50.1,203,215
2024-01-29 01:00:00,50.0,50.0,202,215
2024-01-29 01:02:00,50.1,50.0,202,216
2024-01-29 01:04:00,50.0,50.0,202,215
2024-01-29 01:06:00,49.8,49.8,202,216
2024-01-29 01:08:00,50.1,50.1,203,212
2024-01-29 01:10:00,49.7,49.7,202,214
2024-01-29 01:12:00,50.1,50.1,204,216
2024-01-29 01:14:00,50.0,50.0,204,217
2024-01-29 01:16:00,50.1,50.0,204,216
2024-01-29 01:18:00,50.0,50.0,204,216
2024-01-29 01:20:00,50.2,50.2,204,217
2024-01-29 01:22:00,50.2,50.1,204,218
2024-01-29 01:24:00,50.2,50.2,205,218
2024-01-29 01:26:00,50.2,50.3,205,219
2024-01-29 01:28:00,49.9,50.0,204,219
2024-01-29 01:30:00,50.1,50.1,204,219
2024-01-29 01:32:00,50.1,50.2,204,220
2024-01-29 01:34:00,50.2,50.2,204,219
2024-01-29 01:36:00,50.1,50.2,205,221
2024-01-29 01:38:00,50.0,50.0,204,220
2024-01-29 01:40:00,49.9,49.9,205,217
2024-01-29 01:42:00,50.0,50.1,206,219
2024-01-29 01:44:00,50.1,50.2,204,221
2024-01-29 01:46:00,50.2,50.2,204,221
2024-01-29 01:48:00,50.1,50.2,206,223
2024-01-29 01:50:00,50.2,50.2,205,221
2024-01-29 01:52:00,50.4,50.3,205,217
2024-01-29 01:54:00,50.1,50.2,205,219
2024-01-29 01:56:00,50.3,50.3,205,219
2024-01-29 01:58:00,50.1,50.2,204,222
2024-01-29 02:00:00,50.2,50.2,204,221
2024-01-29 02:02:00,50.1,50.0,205,223
2024-01-29 02:04:00,50.0,50.0,206,224
2024-01-29 02:06:00,50.2,50.2,206,225
2024-01-29 02:08:00,50.1,50.2,202,228
2024-01-29 02:10:00,50.2,50.2,202,228
2024-01-29 02:12:00,50.2,50.3,204,228
2024-01-29 02:14:00,50.4,50.3,204,228
2024-01-29 02:16:00,50.3,50.4,205,227
2024-01-29 02:18:00,50.2,50.3,204,228
2024-01-29 02:20:00,50.3,50.3,204,228
2024-01-29 02:22:00,50.3,50.3,204,229
2024-01-29 02:24:00,50.2,50.2,204,229
2024-01-29 02:26:00,50.0,50.0,204,228
2024-01-29 02:28:00,50.3,50.3,204,228
2024-01-29 02:30:00,50.2,50.2,204,229
2024-01-29 02:32:00,50.4,50.3,205,230
2024-01-29 02:34:00,50.2,50.2,205,227
2024-01-29 02:36:00,50.4,50.4,206,228
2024-01-29 02:38:00,50.4,50.4,205,228
2024-01-29 02:40:00,50.3,50.3,205,229
2024-01-29 02:42:00,50.3,50.3,206,228
2024-01-29 02:44:00,50.3,50.2,206,229
2024-01-29 02:46:00,50.2,50.1,205,229
2024-01-29 02:48:00,50.0,50.0,208,230
2024-01-29 02:50:00,50.2,50.1,207,228
2024-01-29 02:52:00,50.4,50.4,205,228
2024-01-29 02:54:00,50.3,50.3,204,228
2024-01-29 02:56:00,50.4,50.4,204,229
2024-01-29 02:58:00,50.3,50.3,205,229
2024-01-29 03:00:00,50.2,50.2,208,230
2024-01-29 03:02:00,50.3,50.3,207,229
2024-01-29 03:04:00,50.3,50.3,204,230
2024-01-29 03:06:00,50.1,50.1,204,230
2024-01-29 03:08:00,50.3,50.3,207,229
2024-01-29 03:10:00,50.2,50.3,207,229
2024-01-29 03:12:00,50.2,50.2,204,231
2024-01-29 03:14:00,50.3,50.2,205,231
2024-01-29 03:16:00,50.2,50.3,208,226
2024-01-29 03:18:00,50.1,50.1,208,226
2024-01-29 03:20:00,50.4,50.4,207,228
2024-01-29 03:22:00,50.0,50.1,204,228
2024-01-29 03:24:00,50.5,50.4,204,229
2024-01-29 03:26:00,50.1,50.2,208,228
2024-01-29 03:28:00,50.2,50.3,207,228
2024-01-29 03:30:00,50.2,50.3,208,228
2024-01-29 03:32:00,50.3,50.2,209,231
2024-01-29 03:34:00,50.2,50.3,206,228
2024-01-29 03:36:00,50.3,50.4,209,228
2024-01-29 03:38:00,50.3,50.3,207,229
2024-01-29 03:40:00,50.2,50.3,208,228
2024-01-29 03:42:00,50.2,50.1,208,226
2024-01-29 03:44:00,50.4,50.4,207,228
2024-01-29 03:46:00,50.2,50.2,207,228
2024-01-29 03:48:00,50.5,50.5,209,230
2024-01-29 03:50:00,50.1,50.1,205,228
2024-01-29 03:52:00,50.5,50.5,209,228
2024-01-29 03:54:00,50.2,50.2,207,228
2024-01-29 03:56:00,50.4,50.5,207,229
2024-01-29 03:58:00,50.3,50.3,207,230
2024-01-29 04:00:00,50.2,50.2,208,229
2024-01-29 04:02:00,50.5,50.4,207,229
2024-01-29 04:04:00,50.2,50.2,207,230
2024-01-29 04:06:00,50.3,50.4,209,227
2024-01-29 04:08:00,50.4,50.4,209,229
2024-01-29 04:10:00,50.2,50.1,208,228
2024-01-29 04:12:00,50.3,50.4,206,230
2024-01-29 04:14:00,50.2,50.2,207,229
2024-01-29 04:16:00,50.3,50.3,209,228
2024-01-29 04:18:00,50.2,50.2,209,226
2024-01-29 04:20:00,50.3,50.3,207,230
2024-01-29 04:22:00,50.2,50.2,206,228
2024-01-29 04:24:00,50.2,50.2,207,229
2024-01-29 04:26:00,50.3,50.3,207,228
2024-01-29 04:28:00,50.2,50.2,207,231
2024-01-29 04:30:00,50.2,50.3,209,230
2024-01-29 04:32:00,50.4,50.4,209,229
2024-01-29 04:34:00,50.2,50.2,209,228
2024-01-29 04:36:00,50.3,50.3,209,228
2024-01-29 04:38:00,50.1,50.1,209,230
2024-01-29 04:40:00,50.2,50.2,209,228
2024-01-29 04:42:00,50.3,50.3,209,228
2024-01-29 04:44:00,50.2,50.2,209,228
2024-01-29 04:46:00,50.4,50.5,209,228
2024-01-29 04:48:00,50.2,50.2,209,228
2024-01-29 04:50:00,50.3,50.3,209,228
2024-01-29 04:52:00,50.3,50.2,207,229
2024-01-29 04:54:00,50.1,50.2,207,230
2024-01-29 04:56:00,50.2,50.2,207,228
2024-01-29 04:58:00,50.3,50.3,207,231
2024-01-29 05:00:00,50.3,50.3,207,230
2024-01-29 05:02:00,50.3,50.3,208,232
2024-01-29 05:04:00,50.1,50.1,207,229
2024-01-29 05:06:00,50.2,50.3,207,231
2024-01-29 05:08:00,50.2,50.2,209,228
2024-01-29 05:10:00,50.3,50.2,208,231
2024-01-29 05:12:00,50.3,50.3,209,232
2024-01-29 05:14:00,50.2,50.2,209,231
2024-01-29 05:16:00,50.2,50.1,208,229
2024-01-29 05:18:00,50.2,50.3,208,230
2024-01-29 05:20:00,50.2,50.2,208,231
2024-01-29 05:22:00,50.2,50.2,209,231
2024-01-29 05:24:00,50.3,50.3,208,231
2024-01-29 05:26:00,50.2,50.2,206,231
2024-01-29 05:28:00,50.2,50.2,207,233
2024-01-29 05:30:00,50.3,50.3,209,231
2024-01-29 05:32:00,50.2,50.2,208,232
2024-01-29 05:34:00,50.1,50.1,208,229
2024-01-29 05:36:00,50.2,50.2,206,231
2024-01-29 05:38:00,50.2,50.2,207,231
2024-01-29 05:40:00,50.1,50.0,209,230
2024-01-29 05:42:00,50.0,50.0,209,228
2024-01-29 05:44:00,50.1,50.1,206,227
2024-01-29 05:46:00,50.2,50.2,208,228
2024-01-29 05:48:00,50.1,50.1,207,229
2024-01-29 05:50:00,50.1,50.1,207,224
2024-01-29 05:52:00,50.1,50.0,209,223
2024-01-29 05:54:00,49.9,49.9,209,219
2024-01-29 05:56:00,50.0,50.0,205,221
2024-01-29 05:58:00,50.1,50.1,208,222
2024-01-29 06:00:00,49.9,50.0,207,220
2024-01-29 06:02:00,49.8,49.8,206,227
2024-01-29 06:04:00,49.7,49.8,205,223
2024-01-29 06:06:00,49.8,49.8,209,220
2024-01-29 06:08:00,50.0,50.0,209,221
2024-01-29 06:10:00,50.0,50.0,204,223
2024-01-29 06:12:00,49.9,50.0,207,223
2024-01-29 06:14:00,50.1,50.1,205,223
2024-01-29 06:16:00,49.9,50.0,206,222
2024-01-29 06:18:00,49.9,50.0,206,224
2024-01-29 06:20:00,49.9,49.9,206,222
2024-01-29 06:22:00,49.9,49.9,206,223
2024-01-29 06:24:00,50.0,50.0,203,217
2024-01-29 06:26:00,50.0,49.9,201,219
2024-01-29 06:28:00,50.0,50.0,202,222
2024-01-29 06:30:00,49.8,49.8,204,215
2024-01-29 06:32:00,49.9,49.8,204,219
2024-01-29 06:34:00,49.9,50.0,201,225
2024-01-29 06:36:00,49.8,49.8,202,224
2024-01-29 06:38:00,49.9,49.9,203,225
2024-01-29 06:40:00,49.8,49.8,202,222
2024-01-29 06:42:00,50.1,50.0,201,221
2024-01-29 06:44:00,50.1,50.1,201,219
2024-01-29 06:46:00,49.9,49.9,199,219
2024-01-29 06:48:00,49.7,49.7,202,225
2024-01-29 06:50:00,50.2,50.2,200,219
2024-01-29 06:52:00,50.0,49.9,197,226
2024-01-29 06:54:00,50.0,50.0,201,223
2024-01-29 06:56:00,50.0,50.0,204,220
2024-01-29 06:58:00,50.2,50.2,197,216
2024-01-29 07:00:00,50.1,50.1,202,219
2024-01-29 07:02:00,49.8,49.8,204,220
2024-01-29 07:04:00,49.8,49.8,204,221
2024-01-29 07:06:00,50.1,50.1,206,223
2024-01-29 07:08:00,50.0,50.0,204,227
2024-01-29 07:10:00,50.2,50.2,197,228
2024-01-29 07:12:00,50.3,50.2,199,227
2024-01-29 07:14:00,50.1,50.1,202,226
2024-01-29 07:16:00,50.0,50,199,222
2024-01-29 07:18:00,50.1,50.0,204,224
2024-01-29 07:20:00,50.1,50.1,204,222
2024-01-29 07:22:00,50.0,50.0,199,222
2024-01-29 07:24:00,50.2,50.2,204,223
2024-01-29 07:26:00,50.0,50.0,206,221
2024-01-29 07:28:00,49.9,49.9,198,226
2024-01-29 07:30:00,49.8,49.8,199,221
2024-01-29 07:32:00,49.8,49.8,198,221
2024-01-29 07:34:00,50.0,49.9,202,221
2024-01-29 07:36:00,49.9,50.0,200,220
2024-01-29 07:38:00,50.2,50.2,198,223
2024-01-29 07:40:00,50.2,50.1,202,222
2024-01-29 07:42:00,50.0,50.1,203,221
2024-01-29 07:44:00,50.2,50.2,203,219
2024-01-29 07:46:00,49.8,49.8,200,221
2024-01-29 07:48:00,50.0,49.9,198,221
2024-01-29 07:50:00,50.0,50.0,201,220
2024-01-29 07:52:00,50.0,50.0,199,221
2024-01-29 07:54:00,50.0,50.0,200,218
2024-01-29 07:56:00,50.2,50.2,207,217
2024-01-29 07:58:00,49.9,49.9,207,217
2024-01-29 08:00:00,50.0,50.0,204,219
2024-01-29 08:02:00,49.8,49.9,204,219
2024-01-29 08:04:00,50.1,50.0,202,219
2024-01-29 08:06:00,49.9,49.9,199,222
2024-01-29 08:08:00,50.1,50.1,203,223
2024-01-29 08:10:00,49.9,50.0,204,221
2024-01-29 08:12:00,50.0,50.0,204,219
2024-01-29 08:14:00,49.9,49.9,202,221
2024-01-29 08:16:00,49.8,49.8,200,222
2024-01-29 08:18:00,49.9,49.9,202,221
2024-01-29 08:20:00,50.0,50.1,202,221
2024-01-29 08:22:00,49.8,49.8,199,220
2024-01-29 08:24:00,50.0,50.0,202,219
2024-01-29 08:26:00,49.8,49.8,201,215
2024-01-29 08:28:00,50.1,50.1,202,214
2024-01-29 08:30:00,49.6,49.6,202,211
2024-01-29 08:32:00,49.9,49.9,202,213
2024-01-29 08:34:00,50.0,50.0,201,219
2024-01-29 08:36:00,49.8,49.7,202,215
2024-01-29 08:38:00,49.9,49.9,203,214
2024-01-29 08:40:00,49.8,49.9,199,217
2024-01-29 08:42:00,49.9,49.9,203,212
2024-01-29 08:44:00,49.7,49.7,197,212
2024-01-29 08:46:00,49.8,49.8,199,213
2024-01-29 08:48:00,49.7,49.7,199,211
2024-01-29 08:50:00,49.9,50.0,197,209
2024-01-29 08:52:00,50.0,50.0,197,210
2024-01-29 08:54:00,50.0,50.1,199,209
2024-01-29 08:56:00,49.8,49.8,197,211
2024-01-29 08:58:00,49.7,49.7,198,207
2024-01-29 09:00:00,49.6,49.6,199,210
2024-01-29 09:02:00,49.8,99.4,198,206
2024-01-29 09:04:00,49.6,49.7,199,209
2024-01-29 09:06:00,49.9,49.9,199,209
2024-01-29 09:08:00,49.8,49.8,199,209
2024-01-29 09:10:00,49.8,49.9,199,209
2024-01-29 09:12:00,49.9,49.8,200,207
2024-01-29 09:14:00,50.0,50.0,197,207
2024-01-29 09:16:00,49.8,49.8,201,200
2024-01-29 09:18:00,49.8,49.8,201,199
2024-01-29 09:20:00,49.8,49.8,198,202
2024-01-29 09:22:00,49.7,49.7,196,205
2024-01-29 09:24:00,49.8,49.8,194,206
2024-01-29 09:26:00,49.7,49.6,194,204
2024-01-29 09:28:00,49.8,49.8,193,202
2024-01-29 09:30:00,49.7,49.7,197,200
2024-01-29 09:32:00,49.8,49.8,193,201
2024-01-29 09:34:00,49.9,49.9,199,201
2024-01-29 09:36:00,49.5,49.6,193,210
2024-01-29 09:38:00,49.8,49.7,193,205
2024-01-29 09:40:00,49.6,49.6,197,202
2024-01-29 09:42:00,49.6,49.7,197,204
2024-01-29 09:44:00,49.9,49.9,199,204
2024-01-29 09:46:00,49.6,49.7,199,204
2024-01-29 09:48:00,49.6,49.6,199,207
2024-01-29 09:50:00,49.5,49.5,198,206
2024-01-29 09:52:00,49.7,49.7,200,210
2024-01-29 09:54:00,49.8,49.8,197,198
2024-01-29 09:56:00,49.8,49.8,197,200
2024-01-29 09:58:00,49.8,49.7,197,202
2024-01-29 10:00:00,49.8,49.8,197,202
2024-01-29 10:02:00,49.5,49.5,197,199
2024-01-29 10:04:00,49.4,49.5,191,207
2024-01-29 10:06:00,49.7,49.7,191,209
2024-01-29 10:08:00,49.8,49.8,192,209
2024-01-29 10:10:00,49.6,49.6,197,207
2024-01-29 10:12:00,49.7,49.8,198,210
2024-01-29 10:14:00,49.4,49.4,195,207
2024-01-29 10:16:00,49.5,49.6,196,207
2024-01-29 10:18:00,49.7,49.8,194,207
2024-01-29 10:20:00,49.8,49.8,196,206
2024-01-29 10:22:00,49.8,49.8,194,209
2024-01-29 10:24:00,49.7,49.8,196,207
2024-01-29 10:26:00,49.6,49.5,195,203
2024-01-29 10:28:00,49.9,49.9,194,210
2024-01-29 10:30:00,49.9,49.9,194,205
2024-01-29 10:32:00,49.8,49.8,194,212
2024-01-29 10:34:00,49.7,49.8,194,207
2024-01-29 10:36:00,49.7,49.7,199,205
2024-01-29 10:38:00,49.7,49.7,199,205
2024-01-29 10:40:00,49.7,49.7,196,205
2024-01-29 10:42:00,49.6,49.8,197,204
2024-01-29 10:44:00,49.8,49.8,198,202
2024-01-29 10:46:00,50.0,50.0,195,198
2024-01-29 10:48:00,49.6,49.6,195,202
2024-01-29 10:50:00,49.6,49.6,193,201
2024-01-29 10:52:00,49.6,49.6,192,200
2024-01-29 10:54:00,49.9,49.9,192,207
2024-01-29 10:56:00,50.0,49.9,197,204
2024-01-29 10:58:00,49.8,49.8,196,206
2024-01-29 11:00:00,49.6,49.6,192,205
2024-01-29 11:02:00,49.8,49.8,193,203
2024-01-29 11:04:00,49.8,49.9,194,199
2024-01-29 11:06:00,49.6,49.6,197,202
2024-01-29 11:08:00,49.9,49.9,197,202
2024-01-29 11:10:00,49.8,49.8,196,204
2024-01-29 11:12:00,49.8,49.8,198,201
2024-01-29 11:14:00,50.0,50.1,195,204
2024-01-29 11:16:00,49.7,49.8,197,203
2024-01-29 11:18:00,50.0,50.0,199,205
2024-01-29 11:20:00,49.7,49.6,198,199
2024-01-29 11:22:00,49.7,49.6,194,204
2024-01-29 11:24:00,49.9,49.8,196,204
2024-01-29 11:26:00,49.9,49.9,197,207
2024-01-29 11:28:00,49.4,49.5,194,206
2024-01-29 11:30:00,49.7,49.7,195,204
2024-01-29 11:32:00,49.7,49.6,197,201
2024-01-29 11:34:00,49.6,49.7,196,207
2024-01-29 11:36:00,49.9,49.9,194,204
2024-01-29 11:38:00,50.0,50.0,195,203
2024-01-29 11:40:00,49.9,49.9,196,204
2024-01-29 11:42:00,49.6,49.5,196,205
2024-01-29 11:44:00,49.5,49.5,196,201
2024-01-29 11:46:00,49.6,49.7,197,199
2024-01-29 11:48:00,49.7,49.7,198,202
2024-01-29 11:50:00,49.9,49.9,197,202
2024-01-29 11:52:00,49.4,49.5,199,202
2024-01-29 11:54:00,49.6,49.6,197,199
2024-01-29 11:56:00,49.8,49.7,197,203
2024-01-29 11:58:00,49.9,49.9,197,206
2024-01-29 12:00:00,50.0,50.0,195,207
2024-01-29 12:02:00,49.5,49.6,197,202
2024-01-29 12:04:00,49.7,49.7,195,202
2024-01-29 12:06:00,49.4,49.4,196,200
2024-01-29 12:08:00,49.5,49.5,195,199
2024-01-29 12:10:00,49.7,49.7,196,199
2024-01-29 12:12:00,49.7,49.8,197,197
2024-01-29 12:14:00,49.7,49.7,197,201
2024-01-29 12:16:00,49.4,49.4,197,198
2024-01-29 12:18:00,49.4,49.4,197,200
2024-01-29 12:20:00,49.6,49.6,196,199
2024-01-29 12:22:00,49.8,49.9,197,203
2024-01-29 12:24:00,49.7,49.6,194,199
2024-01-29 12:26:00,49.5,49.5,198,200
2024-01-29 12:28:00,49.9,49.9,197,197
2024-01-29 12:30:00,49.7,49.8,197,202
2024-01-29 12:32:00,49.4,49.4,195,200
2024-01-29 12:34:00,49.5,49.6,194,207
2024-01-29 12:36:00,49.7,49.8,196,208
2024-01-29 12:38:00,49.7,49.7,197,205
2024-01-29 12:40:00,49.7,49.6,197,204
2024-01-29 12:42:00,49.6,49.6,197,202
2024-01-29 12:44:00,49.4,49.4,195,202
2024-01-29 12:46:00,49.8,49.9,197,206
2024-01-29 12:48:00,49.5,49.5,197,199
2024-01-29 12:50:00,49.4,49.4,196,197
2024-01-29 12:52:00,49.8,49.7,194,201
2024-01-29 12:54:00,49.7,49.6,197,199
2024-01-29 12:56:00,49.6,49.5,197,203
2024-01-29 12:58:00,49.8,49.8,194,203
2024-01-29 13:00:00,49.6,49.5,196,202
2024-01-29 13:02:00,49.7,49.7,196,203
2024-01-29 13:04:00,49.6,49.4,197,201
2024-01-29 13:06:00,49.9,49.9,197,203
2024-01-29 13:08:00,49.5,49.6,199,203
2024-01-29 13:10:00,49.8,49.7,196,205
2024-01-29 13:12:00,49.7,49.7,198,206
2024-01-29 13:14:00,49.7,49.8,198,201
2024-01-29 13:16:00,49.6,49.6,197,204
2024-01-29 13:18:00,49.8,49.8,197,204
2024-01-29 13:20:00,49.6,49.5,197,204
2024-01-29 13:22:00,49.7,49.6,198,203
2024-01-29 13:24:00,49.6,49.7,198,202
2024-01-29 13:26:00,49.9,49.9,196,199
2024-01-29 13:28:00,49.7,49.7,197,204
2024-01-29 13:30:00,49.7,49.8,196,204
2024-01-29 13:32:00,49.4,49.4,195,202
2024-01-29 13:34:00,49.5,49.5,196,199
2024-01-29 13:36:00,49.6,49.7,197,196
2024-01-29 13:38:00,49.5,49.4,197,198
2024-01-29 13:40:00,49.9,49.9,199,198
2024-01-29 13:42:00,49.8,49.8,197,199
2024-01-29 13:44:00,49.6,49.6,197,196
2024-01-29 13:46:00,49.3,49.3,197,201
2024-01-29 13:48:00,49.3,49.2,197,198
2024-01-29 13:50:00,49.7,49.7,197,197
2024-01-29 13:52:00,49.7,49.7,194,202
2024-01-29 13:54:00,49.6,49.7,197,202
2024-01-29 13:56:00,49.6,49.7,197,202
2024-01-29 13:58:00,49.8,49.8,195,204
2024-01-29 14:00:00,49.4,49.4,194,200
2024-01-29 14:02:00,49.6,49.6,198,204
2024-01-29 14:04:00,49.9,49.9,197,198
2024-01-29 14:06:00,49.9,49.9,197,206
2024-01-29 14:08:00,49.9,49.9,194,206
2024-01-29 14:10:00,49.5,49.5,195,205
2024-01-29 14:12:00,49.9,49.8,197,202
2024-01-29 14:14:00,49.5,49.6,197,206
2024-01-29 14:16:00,49.7,49.6,197,202
2024-01-29 14:18:00,49.8,49.9,197,198
2024-01-29 14:20:00,49.5,49.5,194,202
2024-01-29 14:22:00,49.7,49.8,197,202
2024-01-29 14:24:00,49.9,49.9,197,203
2024-01-29 14:26:00,49.7,49.7,196,204
2024-01-29 14:28:00,49.6,49.5,194,202
2024-01-29 14:30:00,49.7,49.8,194,206
2024-01-29 14:32:00,49.5,49.5,197,203
2024-01-29 14:34:00,49.6,49.6,197,202
2024-01-29 14:36:00,49.5,49.4,199,201
2024-01-29 14:38:00,49.9,50.0,199,204
2024-01-29 14:40:00,49.6,49.7,196,202
2024-01-29 14:42:00,49.6,49.7,196,203
2024-01-29 14:44:00,50.0,49.9,194,204
2024-01-29 14:46:00,49.5,49.5,199,203
2024-01-29 14:48:00,49.7,49.6,198,205
2024-01-29 14:50:00,49.6,49.7,196,204
2024-01-29 14:52:00,49.5,49.5,196,206
2024-01-29 14:54:00,49.9,49.9,199,202
2024-01-29 14:56:00,49.6,49.5,195,203
2024-01-29 14:58:00,49.8,49.9,195,207
2024-01-29 15:00:00,49.7,49.8,197,204
2024-01-29 15:02:00,49.6,49.7,199,204
2024-01-29 15:04:00,49.5,49.5,197,204
2024-01-29 15:06:00,49.8,49.7,199,208
2024-01-29 15:08:00,49.9,49.9,196,208
2024-01-29 15:10:00,49.5,49.5,194,207
2024-01-29 15:12:00,49.7,49.6,197,207
2024-01-29 15:14:00,49.7,49.8,199,204
2024-01-29 15:16:00,49.7,49.8,195,206
2024-01-29 15:18:00,49.7,49.8,194,206
2024-01-29 15:20:00,49.7,49.7,197,208
2024-01-29 15:22:00,49.6,49.5,199,204
2024-01-29 15:24:00,49.7,49.7,197,209
2024-01-29 15:26:00,49.7,49.7,197,207
2024-01-29 15:28:00,49.6,49.6,194,210
2024-01-29 15:30:00,50.1,50,196,211
2024-01-29 15:32:00,49.8,49.8,195,211
2024-01-29 15:34:00,49.7,49.7,199,212
2024-01-29 15:36:00,49.7,49.7,197,207
2024-01-29 15:38:00,49.5,49.5,194,204
2024-01-29 15:40:00,49.7,49.7,194,209
2024-01-29 15:42:00,49.5,49.4,196,209
2024-01-29 15:44:00,49.7,49.7,197,207
2024-01-29 15:46:00,49.8,49.6,196,210
2024-01-29 15:48:00,49.8,49.7,197,210
2024-01-29 15:50:00,49.4,49.5,197,205
2024-01-29 15:52:00,49.6,49.5,196,206
2024-01-29 15:54:00,49.4,49.4,198,208
2024-01-29 15:56:00,49.7,49.6,199,209
2024-01-29 15:58:00,49.6,49.7,197,207
2024-01-29 16:00:00,49.9,49.9,197,204
2024-01-29 16:02:00,49.3,49.3,199,205
2024-01-29 16:04:00,49.6,49.5,199,205
2024-01-29 16:06:00,49.6,49.7,197,206
2024-01-29 16:08:00,49.3,49.3,199,197
2024-01-29 16:10:00,49.6,49.6,197,202
2024-01-29 16:12:00,49.6,49.7,198,207
2024-01-29 16:14:00,49.5,49.5,199,201
2024-01-29 16:16:00,49.6,49.6,200,202
2024-01-29 16:18:00,49.7,49.7,199,204
2024-01-29 16:20:00,49.5,49.5,198,203
2024-01-29 16:22:00,49.3,49.3,197,204
2024-01-29 16:24:00,49.7,49.7,197,202
2024-01-29 16:26:00,49.3,49.3,197,203
2024-01-29 16:28:00,49.8,49.7,197,204
2024-01-29 16:30:00,49.3,49.3,196,204
2024-01-29 16:32:00,49.7,49.8,195,201
2024-01-29 16:34:00,49.5,49.5,199,200
2024-01-29 16:36:00,49.5,49.5,199,202
2024-01-29 16:38:00,49.6,49.6,198,197
2024-01-29 16:40:00,49.6,49.6,199,201
2024-01-29 16:42:00,49.4,49.4,199,200
2024-01-29 16:44:00,49.3,49.4,197,197
2024-01-29 16:46:00,49.5,49.6,197,199
2024-01-29 16:48:00,49.4,49.5,197,198
2024-01-29 16:50:00,49.7,49.7,194,197
2024-01-29 16:52:00,49.5,49.5,196,199
2024-01-29 16:54:00,49.8,49.8,199,199
2024-01-29 16:56:00,49.7,49.6,197,201
2024-01-29 16:58:00,49.6,49.6,198,201
2024-01-29 17:00:00,49.5,49.5,196,199
2024-01-29 17:02:00,49.4,49.3,199,197
2024-01-29 17:04:00,49.5,49.5,194,193
2024-01-29 17:06:00,49.6,49.6,197,194
2024-01-29 17:08:00,49.9,49.8,197,193
2024-01-29 17:10:00,49.9,49.9,195,194
2024-01-29 17:12:00,49.4,49.5,198,197
2024-01-29 17:14:00,49.3,49.3,198,197
2024-01-29 17:16:00,49.6,49.6,197,198
2024-01-29 17:18:00,49.6,49.7,197,200
2024-01-29 17:20:00,49.7,49.7,196,198
2024-01-29 17:22:00,49.8,49.8,197,195
2024-01-29 17:24:00,49.8,49.8,199,197
2024-01-29 17:26:00,49.6,49.7,199,194
2024-01-29 17:28:00,49.6,49.7,195,193
2024-01-29 17:30:00,49.5,49.5,199,194
2024-01-29 17:32:00,49.6,49.6,199,194
2024-01-29 17:34:00,49.8,49.8,196,192
2024-01-29 17:36:00,49.7,49.7,199,194
2024-01-29 17:38:00,49.7,49.7,197,198
2024-01-29 17:40:00,49.5,49.5,197,197
2024-01-29 17:42:00,49.7,49.7,195,199
2024-01-29 17:44:00,49.7,49.7,197,197
2024-01-29 17:46:00,49.9,49.8,194,196
2024-01-29 17:48:00,49.8,49.8,197,197
2024-01-29 17:50:00,49.8,49.8,196,194
2024-01-29 17:52:00,49.9,50.0,196,198
2024-01-29 17:54:00,49.8,49.8,197,192
2024-01-29 17:56:00,49.7,49.7,197,192
2024-01-29 17:58:00,49.6,49.6,199,198
2024-01-29 18:00:00,49.7,49.7,196,197
2024-01-29 18:02:00,49.7,49.6,197,192
2024-01-29 18:04:00,49.9,50.0,198,197
2024-01-29 18:06:00,49.8,49.8,197,194
2024-01-29 18:08:00,49.7,49.6,196,194
2024-01-29 18:10:00,49.6,49.6,197,195
2024-01-29 18:12:00,49.5,49.5,199,197
2024-01-29 18:14:00,49.6,49.6,197,198
2024-01-29 18:16:00,49.6,49.6,194,195
2024-01-29 18:18:00,49.5,49.5,198,193
2024-01-29 18:20:00,49.9,50.0,197,197
2024-01-29 18:22:00,49.7,49.8,197,193
2024-01-29 18:24:00,49.6,49.6,197,197
2024-01-29 18:26:00,50.0,50.0,197,196
2024-01-29 18:28:00,49.5,49.5,195,194
2024-01-29 18:30:00,49.5,49.5,194,194
2024-01-29 18:32:00,49.4,49.4,196,192
2024-01-29 18:34:00,49.8,49.8,196,192
2024-01-29 18:36:00,49.4,49.4,197,188
2024-01-29 18:38:00,49.6,49.6,197,190
2024-01-29 18:40:00,49.5,49.6,197,187
2024-01-29 18:42:00,49.5,49.5,195,190
2024-01-29 18:44:00,49.8,49.7,197,190
2024-01-29 18:46:00,49.5,49.5,195,191
2024-01-29 18:48:00,49.6,49.5,197,196
2024-01-29 18:50:00,49.3,49.3,195,192
2024-01-29 18:52:00,49.7,49.7,196,196
2024-01-29 18:54:00,49.9,49.9,196,194
2024-01-29 18:56:00,49.8,49.8,197,201
2024-01-29 18:58:00,49.7,49.6,196,201
2024-01-29 19:00:00,49.7,49.7,197,199
2024-01-29 19:02:00,49.7,49.7,197,204
2024-01-29 19:04:00,49.6,49.6,194,204
2024-01-29 19:06:00,49.5,49.5,197,202
2024-01-29 19:08:00,49.7,49.7,196,202
2024-01-29 19:10:00,49.7,49.7,195,202
2024-01-29 19:12:00,49.8,49.8,196,204
2024-01-29 19:14:00,49.8,49.8,195,205
2024-01-29 19:16:00,49.9,49.9,198,207
2024-01-29 19:18:00,49.7,49.7,199,206
2024-01-29 19:20:00,49.7,49.7,199,208
2024-01-29 19:22:00,49.6,49.7,196,206
2024-01-29 19:24:00,49.8,49.8,197,207
2024-01-29 19:26:00,50.0,49.9,198,206
2024-01-29 19:28:00,49.6,49.6,197,208
2024-01-29 19:30:00,49.9,49.9,196,204
2024-01-29 19:32:00,49.7,49.7,199,206
2024-01-29 19:34:00,49.9,49.9,197,205
2024-01-29 19:36:00,49.8,49.8,195,203
2024-01-29 19:38:00,49.8,49.9,199,204
2024-01-29 19:40:00,49.6,49.7,197,205
2024-01-29 19:42:00,49.7,49.6,195,206
2024-01-29 19:44:00,49.6,49.5,197,205
2024-01-29 19:46:00,49.8,49.9,194,202
2024-01-29 19:48:00,49.8,49.8,197,203
2024-01-29 19:50:00,49.9,49.9,194,205
2024-01-29 19:52:00,49.8,49.8,197,203
2024-01-29 19:54:00,49.7,49.8,194,200
2024-01-29 19:56:00,49.8,49.8,196,201
2024-01-29 19:58:00,49.7,49.8,199,202
2024-01-29 20:00:00,49.9,49.8,197,202
2024-01-29 20:02:00,49.7,49.7,194,204
2024-01-29 20:04:00,49.9,49.9,197,202
2024-01-29 20:06:00,50.0,50.0,194,202
2024-01-29 20:08:00,50.0,50.0,196,203
2024-01-29 20:10:00,49.9,50.0,197,200
2024-01-29 20:12:00,50.0,50.0,195,203
2024-01-29 20:14:00,50.0,50.1,194,205
2024-01-29 20:16:00,50.0,50.0,196,205
2024-01-29 20:18:00,50.0,50.0,198,204
2024-01-29 20:20:00,49.8,49.8,198,207
2024-01-29 20:22:00,49.9,49.8,196,206
2024-01-29 20:24:00,50.0,50.0,196,206
2024-01-29 20:26:00,50.1,50.0,198,205
2024-01-29 20:28:00,50.0,49.9,196,205
2024-01-29 20:30:00,50.0,50.0,197,204
2024-01-29 20:32:00,49.5,49.6,197,206
2024-01-29 20:34:00,49.7,49.7,197,207
2024-01-29 20:36:00,49.6,49.5,197,204
2024-01-29 20:38:00,49.7,49.7,199,204
2024-01-29 20:40:00,49.8,49.8,198,206
2024-01-29 20:42:00,50.0,49.9,197,207
2024-01-29 20:44:00,50.0,50.1,196,205
2024-01-29 20:46:00,49.9,49.9,199,207
2024-01-29 20:48:00,49.9,49.9,197,206
2024-01-29 20:50:00,49.9,49.9,197,201
2024-01-29 20:52:00,49.8,49.8,197,203
2024-01-29 20:54:00,49.8,49.8,195,205
2024-01-29 20:56:00,49.8,49.9,197,206
2024-01-29 20:58:00,49.6,49.6,197,205
2024-01-29 21:00:00,49.9,49.9,197,206
2024-01-29 21:02:00,50.0,50.0,195,206
2024-01-29 21:04:00,49.9,50.0,197,204
2024-01-29 21:06:00,49.9,49.9,198,203
2024-01-29 21:08:00,50.2,50.2,197,206
2024-01-29 21:10:00,49.9,49.9,197,204
2024-01-29 21:12:00,50.0,50.0,197,199
2024-01-29 21:14:00,49.7,49.7,199,201
2024-01-29 21:16:00,49.9,49.9,198,203
2024-01-29 21:18:00,49.9,50.0,199,206
2024-01-29 21:20:00,50.0,50.1,197,205
2024-01-29 21:22:00,50.1,50.1,199,205
2024-01-29 21:24:00,49.2,49.2,197,200
2024-01-29 21:26:00,50.0,50.0,199,203
2024-01-29 21:28:00,49.6,49.7,195,202
2024-01-29 21:30:00,49.8,49.8,190,204
2024-01-29 21:32:00,49.8,49.7,192,204
2024-01-29 21:34:00,49.6,49.7,199,197
2024-01-29 21:36:00,49.7,49.7,196,200
2024-01-29 21:38:00,49.7,49.7,197,199
2024-01-29 21:40:00,49.5,49.4,198,199
2024-01-29 21:42:00,49.6,49.6,197,201
2024-01-29 21:44:00,49.5,49.5,195,202
2024-01-29 21:46:00,50.0,49.9,197,207
2024-01-29 21:48:00,49.9,49.9,198,207
2024-01-29 21:50:00,49.8,49.8,197,209
2024-01-29 21:52:00,49.7,49.6,198,205
2024-01-29 21:54:00,49.6,49.7,198,209
2024-01-29 21:56:00,49.8,49.8,196,209
2024-01-29 21:58:00,49.6,49.6,195,209
2024-01-29 22:00:00,50,50.0,199,207
2024-01-29 22:02:00,49.9,49.9,194,211
2024-01-29 22:04:00,50.1,50.1,195,211
2024-01-29 22:06:00,50,50.0,199,210
2024-01-29 22:08:00,50.1,50.0,197,210
2024-01-29 22:10:00,50.0,50.0,197,210
2024-01-29 22:12:00,50.1,50.1,197,211
2024-01-29 22:14:00,50.3,50.3,200,210
2024-01-29 22:16:00,50.2,50.2,197,207
2024-01-29 22:18:00,50.2,50.2,198,207
2024-01-29 22:20:00,50.1,50.1,200,209
2024-01-29 22:22:00,49.9,49.9,202,211
2024-01-29 22:24:00,50.1,50.1,202,212
2024-01-29 22:26:00,50.1,50.2,200,210
2024-01-29 22:28:00,50.1,50.0,200,211
2024-01-29 22:30:00,50.2,50.2,204,212
2024-01-29 22:32:00,50.1,50.1,202,214
2024-01-29 22:34:00,50.1,50.2,202,214
2024-01-29 22:36:00,50.1,50.1,199,217
2024-01-29 22:38:00,50.0,50.1,199,218
2024-01-29 22:40:00,49.9,50.0,201,217
2024-01-29 22:42:00,49.9,49.9,201,218
2024-01-29 22:44:00,49.9,49.9,202,216
2024-01-29 22:46:00,50.0,50.1,202,216
2024-01-29 22:48:00,50.0,50.0,202,216
2024-01-29 22:50:00,50.3,50.4,199,219
2024-01-29 22:52:00,50.3,50.4,203,217
2024-01-29 22:54:00,50.2,50.2,202,217
2024-01-29 22:56:00,50.2,50.3,203,218
2024-01-29 22:58:00,50.2,50.3,204,219
2024-01-29 23:00:00,50.2,50.2,204,219
2024-01-29 23:02:00,49.8,49.9,202,218
2024-01-29 23:04:00,50.0,50.0,202,218
2024-01-29 23:06:00,50.1,50.1,203,218
2024-01-29 23:08:00,50.1,50.0,202,219
2024-01-29 23:10:00,49.9,49.8,203,219
2024-01-29 23:12:00,50.3,50.3,201,221
2024-01-29 23:14:00,50.3,50.3,204,220
2024-01-29 23:16:00,49.9,49.9,202,216
2024-01-29 23:18:00,50.1,50.0,202,215
2024-01-29 23:20:00,50.1,50.1,202,216
2024-01-29 23:22:00,50.1,50.1,202,215
2024-01-29 23:24:00,50.0,49.9,201,216
2024-01-29 23:26:00,49.8,49.9,202,216
2024-01-29 23:28:00,50.1,50.0,202,216
2024-01-29 23:30:00,50.0,49.9,202,215
2024-01-29 23:32:00,50.0,49.9,205,214
2024-01-29 23:34:00,50.0,50.0,204,214
2024-01-29 23:36:00,50.2,50.2,204,215
2024-01-29 23:38:00,50.2,50.2,202,216
2024-01-29 23:40:00,50.1,50.1,204,215
2024-01-29 23:42:00,50.1,50.1,206,213
2024-01-29 23:44:00,50.0,50.0,205,216
2024-01-29 23:46:00,50.3,50.3,205,216
2024-01-29 23:48:00,50.2,50.3,204,216
2024-01-29 23:50:00,50.3,50.2,205,217
2024-01-29 23:52:00,50.3,50.3,204,219
2024-01-29 23:54:00,50.1,50.2,204,219
2024-01-29 23:56:00,50.4,50.3,203,219
2024-01-29 23:58:00,50.5,50.5,206,217
2024-01-30 00:00:00,50.3,50.3,206,217
2024-01-30 00:02:00,50.2,50.2,203,218
2024-01-30 00:04:00,49.8,49.8,202,219
2024-01-30 00:06:00,49.9,49.8,203,219
2024-01-30 00:08:00,49.9,49.9,204,220
2024-01-30 00:10:00,50.2,50.2,204,221
2024-01-30 00:12:00,50.1,50.1,207,220
2024-01-30 00:14:00,50.1,50.1,207,220
2024-01-30 00:16:00,50.3,50.3,204,221
2024-01-30 00:18:00,50.1,50.2,204,221
2024-01-30 00:20:00,50.2,50.1,204,220
2024-01-30 00:22:00,50.0,50.0,207,219
2024-01-30 00:24:00,50.0,50.0,207,219
2024-01-30 00:26:00,50.0,50.0,207,219
2024-01-30 00:28:00,50.1,50.1,204,221
2024-01-30 00:30:00,50.2,50.2,204,220
2024-01-30 00:32:00,50.3,50.3,208,219
2024-01-30 00:34:00,50.1,50.1,207,219
2024-01-30 00:36:00,50.3,50.3,208,219
2024-01-30 00:38:00,49.9,50.0,207,219
2024-01-30 00:40:00,50.1,50.1,204,221
2024-01-30 00:42:00,50.1,50.1,204,221
2024-01-30 00:44:00,49.8,49.9,204,221
2024-01-30 00:46:00,50.1,50.1,207,220
2024-01-30 00:48:00,50.1,50.0,207,220
2024-01-30 00:50:00,50.1,50.1,207,220
2024-01-30 00:52:00,50.3,50.3,208,221
2024-01-30 00:54:00,50.1,50.1,205,222
2024-01-30 00:56:00,50.2,50.2,204,223
2024-01-30 00:58:00,50.3,50.3,209,222
2024-01-30 01:00:00,50.1,50.1,209,221
2024-01-30 01:02:00,50.0,50.0,208,221
2024-01-30 01:04:00,49.9,49.9,208,222
2024-01-30 01:06:00,50.0,50.0,208,221
2024-01-30 01:08:00,50.3,50.3,207,223
2024-01-30 01:10:00,50.1,50.0,205,223
2024-01-30 01:12:00,50.2,50.2,209,224
2024-01-30 01:14:00,50.3,50.3,209,224
2024-01-30 01:16:00,50.1,50.2,209,224
2024-01-30 01:18:00,50.2,50.3,209,224
2024-01-30 01:20:00,50.3,50.2,210,224
2024-01-30 01:22:00,50.1,50.1,209,224
2024-01-30 01:24:00,50.3,50.3,209,224
2024-01-30 01:26:00,50.1,50.1,209,224
2024-01-30 01:28:00,50.3,50.3,209,224
2024-01-30 01:30:00,50.4,50.3,209,225
2024-01-30 01:32:00,50.3,50.3,209,226
2024-01-30 01:34:00,51.1,51.0,209,228
2024-01-30 01:36:00,50.2,50.2,209,223
2024-01-30 01:38:00,50.3,50.3,210,224
2024-01-30 01:40:00,50.3,50.4,210,224
2024-01-30 01:42:00,50.1,50.1,211,221
2024-01-30 01:44:00,50.1,50.1,210,226
2024-01-30 01:46:00,50.1,50.1,207,226
2024-01-30 01:48:00,50.2,50.2,208,226
2024-01-30 01:50:00,50.3,50.3,209,226
2024-01-30 01:52:00,50.2,50.2,210,226
2024-01-30 01:54:00,50.4,50.3,209,226
2024-01-30 01:56:00,50.3,50.3,210,226
2024-01-30 01:58:00,50.1,50.1,208,225
2024-01-30 02:00:00,50.1,50.0,207,226
2024-01-30 02:02:00,50.3,50.2,208,226
2024-01-30 02:04:00,50.2,50.2,209,226
2024-01-30 02:06:00,50.3,50.3,209,226
2024-01-30 02:08:00,50.3,50.4,209,226
2024-01-30 02:10:00,50.2,50.2,209,226
2024-01-30 02:12:00,50.2,50.2,208,225
2024-01-30 02:14:00,50.1,50.1,208,226
2024-01-30 02:16:00,50.2,50.1,208,227
2024-01-30 02:18:00,50.2,50.3,207,226
2024-01-30 02:20:00,50.4,50.3,211,226
2024-01-30 02:22:00,50.3,50.4,211,225
2024-01-30 02:24:00,50.3,50.2,211,224
2024-01-30 02:26:00,50.1,50.1,209,225
2024-01-30 02:28:00,50.2,50.2,210,223
2024-01-30 02:30:00,50.0,49.9,208,224
2024-01-30 02:32:00,50.3,50.3,211,231
2024-01-30 02:34:00,50.2,50.2,209,225
2024-01-30 02:36:00,50.4,50.4,209,226
2024-01-30 02:38:00,50.4,50.4,209,226
2024-01-30 02:40:00,50.1,50.2,208,226
2024-01-30 02:42:00,50.3,50.3,211,226
2024-01-30 02:44:00,50.1,50.1,209,226
2024-01-30 02:46:00,50.1,50.1,209,226
2024-01-30 02:48:00,50.2,50.3,209,227
2024-01-30 02:50:00,50.4,50.4,210,227
2024-01-30 02:52:00,50.4,50.4,210,226
2024-01-30 02:54:00,50.4,50.3,210,226
2024-01-30 02:56:00,50.3,50.3,208,226
2024-01-30 02:58:00,50.1,50.2,209,226
2024-01-30 03:00:00,50.2,50.2,209,226
2024-01-30 03:02:00,50.3,50.4,209,227
2024-01-30 03:04:00,50.4,50.5,209,227
2024-01-30 03:06:00,50.4,50.5,209,227
2024-01-30 03:08:00,50.4,50.4,209,226
2024-01-30 03:10:00,50.1,50.0,209,227
2024-01-30 03:12:00,50.1,50.1,209,226
2024-01-30 03:14:00,50.1,50.2,209,227
2024-01-30 03:16:00,50.2,50.3,209,226
2024-01-30 03:18:00,50.3,50.3,209,228
2024-01-30 03:20:00,50.5,50.5,211,227
2024-01-30 03:22:00,50.4,50.4,211,227
2024-01-30 03:24:00,50.4,50.3,209,228
2024-01-30 03:26:00,50.1,50.1,211,226
2024-01-30 03:28:00,50.2,50.2,210,226
2024-01-30 03:30:00,50.3,50.3,211,226
2024-01-30 03:32:00,50.3,50.2,211,226
2024-01-30 03:34:00,50.3,50.4,208,228
2024-01-30 03:36:00,50.2,50.2,209,228
2024-01-30 03:38:00,50.5,50.5,208,228
2024-01-30 03:40:00,50.1,50.2,209,228
2024-01-30 03:42:00,50.4,50.4,209,228
2024-01-30 03:44:00,50.3,50.3,211,226
2024-01-30 03:46:00,50.3,50.2,211,226
2024-01-30 03:48:00,50.2,50.2,211,225
2024-01-30 03:50:00,50.3,50.3,211,226
2024-01-30 03:52:00,50.4,50.3,211,225
2024-01-30 03:54:00,50.3,50.3,211,226
2024-01-30 03:56:00,50.3,50.2,211,226
2024-01-30 03:58:00,50.3,50.3,211,225
2024-01-30 04:00:00,50.2,50.2,211,224
2024-01-30 04:02:00,50.3,50.2,211,225
2024-01-30 04:04:00,50.3,50.3,212,223
2024-01-30 04:06:00,50.3,50.3,209,226
2024-01-30 04:08:00,50.3,50.4,209,226
2024-01-30 04:10:00,50.5,50.5,211,225
2024-01-30 04:12:00,50.2,50.2,211,225
2024-01-30 04:14:00,50.3,50.3,211,225
2024-01-30 04:16:00,50.3,50.3,212,225
2024-01-30 04:18:00,50.4,50.3,211,224
2024-01-30 04:20:00,50.2,50.2,211,223
2024-01-30 04:22:00,50.3,50.3,212,224
2024-01-30 04:24:00,50.4,50.3,213,224
2024-01-30 04:26:00,50.2,50.2,212,225
2024-01-30 04:28:00,49.9,49.8,210,223
2024-01-30 04:30:00,50.2,50.2,212,224
2024-01-30 04:32:00,50.2,50.1,212,224
2024-01-30 04:34:00,50.2,50.2,211,224
2024-01-30 04:36:00,50.1,50.1,211,224
2024-01-30 04:38:00,50.2,50.2,211,226
2024-01-30 04:40:00,50.3,50.4,212,226
2024-01-30 04:42:00,50.3,50.3,211,228
2024-01-30 04:44:00,50.1,50.1,211,228
2024-01-30 04:46:00,50.2,50.1,211,227
2024-01-30 04:48:00,50.3,50.3,211,227
2024-01-30 04:50:00,50.2,50.1,212,227
2024-01-30 04:52:00,50.2,50.1,211,227
2024-01-30 04:54:00,50.2,50.2,213,228
2024-01-30 04:56:00,50.2,50.1,211,228
2024-01-30 04:58:00,50.3,50.3,211,229
2024-01-30 05:00:00,50.1,50.1,211,228
2024-01-30 05:02:00,50.2,50.2,211,228
2024-01-30 05:04:00,50.1,50.1,211,228
2024-01-30 05:06:00,50.1,50.2,210,226
2024-01-30 05:08:00,50.2,50.2,213,227
2024-01-30 05:10:00,50.2,50.2,213,227
2024-01-30 05:12:00,50.1,50.1,213,227
2024-01-30 05:14:00,50.2,50.3,213,226
2024-01-30 05:16:00,50.0,50.0,211,226
2024-01-30 05:18:00,50.1,50.1,211,226
2024-01-30 05:20:00,50.0,50.0,211,225
2024-01-30 05:22:00,50.1,50.2,211,226
2024-01-30 05:24:00,50.0,50.0,210,225
2024-01-30 05:26:00,50.1,50.1,210,225
2024-01-30 05:28:00,50.0,50,211,225
2024-01-30 05:30:00,50.2,50.2,209,224
2024-01-30 05:32:00,50.0,50.0,211,226
2024-01-30 05:34:00,50.1,50.1,209,224
2024-01-30 05:36:00,50.0,50.0,211,223
2024-01-30 05:38:00,50.0,49.9,209,225
2024-01-30 05:40:00,50.0,50.0,208,226
2024-01-30 05:42:00,49.9,49.9,211,226
2024-01-30 05:44:00,50.0,50.0,209,226
2024-01-30 05:46:00,49.9,49.9,207,223
2024-01-30 05:48:00,49.9,49.9,209,223
2024-01-30 05:50:00,49.9,49.9,210,222
2024-01-30 05:52:00,49.9,49.8,209,221
2024-01-30 05:54:00,49.9,49.9,208,222
2024-01-30 05:56:00,50.0,49.9,208,222
2024-01-30 05:58:00,50.0,50.1,207,223
2024-01-30 06:00:00,49.8,49.7,209,223
2024-01-30 06:02:00,49.8,49.8,209,220
2024-01-30 06:04:00,49.7,49.7,209,217
2024-01-30 06:06:00,50.0,50.0,209,220
2024-01-30 06:08:00,49.6,49.6,207,223
2024-01-30 06:10:00,49.6,49.6,209,221
2024-01-30 06:12:00,49.7,49.7,207,221
2024-01-30 06:14:00,49.6,49.6,207,216
2024-01-30 06:16:00,49.5,49.5,207,219
2024-01-30 06:18:00,49.8,49.7,209,224
2024-01-30 06:20:00,49.6,49.6,211,221
2024-01-30 06:22:00,49.6,49.6,203,224
2024-01-30 06:24:00,49.6,49.7,200,227
2024-01-30 06:26:00,49.4,49.4,201,223
2024-01-30 06:28:00,49.6,49.7,204,223
2024-01-30 06:30:00,49.5,49.4,204,219
2024-01-30 06:32:00,49.5,49.5,207,220
2024-01-30 06:34:00,49.8,49.7,205,221
2024-01-30 06:36:00,49.4,49.5,207,217
2024-01-30 06:38:00,49.4,49.4,204,219
2024-01-30 06:40:00,49.7,49.6,204,219
2024-01-30 06:42:00,49.8,49.8,205,216
2024-01-30 06:44:00,49.7,49.7,204,215
2024-01-30 06:46:00,50.0,50.0,206,214
2024-01-30 06:48:00,49.6,49.5,204,215
2024-01-30 06:50:00,49.8,49.8,205,214
2024-01-30 06:52:00,49.6,49.6,206,210
2024-01-30 06:54:00,49.6,49.6,205,218
2024-01-30 06:56:00,49.8,49.8,201,216
2024-01-30 06:58:00,49.6,49.6,203,219
2024-01-30 07:00:00,49.8,49.8,203,214
2024-01-30 07:02:00,49.7,49.8,200,215
2024-01-30 07:04:00,49.6,49.7,200,214
2024-01-30 07:06:00,49.9,49.9,203,217
2024-01-30 07:08:00,49.6,49.7,205,218
2024-01-30 07:10:00,49.4,49.4,207,217
2024-01-30 07:12:00,49.9,49.9,206,221
2024-01-30 07:14:00,49.8,49.8,200,223
2024-01-30 07:16:00,49.6,49.6,204,222
2024-01-30 07:18:00,49.7,49.7,200,224
2024-01-30 07:20:00,49.9,49.9,202,219
2024-01-30 07:22:00,50.0,50.0,202,223
2024-01-30 07:24:00,49.7,49.8,207,214
2024-01-30 07:26:00,49.8,49.8,205,220
2024-01-30 07:28:00,49.5,49.5,202,219
2024-01-30 07:30:00,49.5,49.5,203,220
2024-01-30 07:32:00,49.7,49.7,205,219
2024-01-30 07:34:00,49.6,98.5,204,216
2024-01-30 07:36:00,49.6,49.6,204,219
2024-01-30 07:38:00,49.7,49.6,206,219
2024-01-30 07:40:00,49.9,49.9,204,219
2024-01-30 07:42:00,49.8,99.2,204,219
2024-01-30 07:44:00,49.8,49.8,202,216
2024-01-30 07:46:00,49.7,49.7,201,216
2024-01-30 07:48:00,49.5,49.5,201,215
2024-01-30 07:50:00,49.7,49.7,204,208
2024-01-30 07:52:00,49.7,49.6,204,211
2024-01-30 07:54:00,50.0,49.9,205,216
2024-01-30 07:56:00,49.7,49.7,204,216
2024-01-30 07:58:00,49.8,49.8,204,213
2024-01-30 08:00:00,49.8,49.9,199,214
2024-01-30 08:02:00,49.7,49.7,198,211
2024-01-30 08:04:00,49.5,49.5,202,211
2024-01-30 08:06:00,49.6,49.6,200,214
2024-01-30 08:08:00,49.9,49.9,202,210
2024-01-30 08:10:00,49.9,49.9,200,216
2024-01-30 08:12:00,49.5,49.5,202,211
2024-01-30 08:14:00,50.0,49.9,202,215
2024-01-30 08:16:00,50.0,49.9,202,215
2024-01-30 08:18:00,50.1,50.1,203,214
2024-01-30 08:20:00,49.8,49.8,202,213
2024-01-30 08:22:00,49.8,49.8,198,214
2024-01-30 08:24:00,49.8,49.8,199,215
2024-01-30 08:26:00,49.8,49.8,201,213
2024-01-30 08:28:00,49.7,49.8,199,211
2024-01-30 08:30:00,49.8,49.9,200,211
2024-01-30 08:32:00,49.9,50.0,202,209
2024-01-30 08:34:00,50.0,50.0,199,206
2024-01-30 08:36:00,51.4,51.4,214,233
2024-01-30 08:38:00,51.2,51.3,210,231
2024-01-30 08:40:00,51.2,51.3,212,229
2024-01-30 08:42:00,51.3,51.2,214,230
2024-01-30 08:44:00,51.5,51.4,219,231
2024-01-30 08:46:00,51.3,51.4,213,231
2024-01-30 08:48:00,51.2,51.2,214,232
2024-01-30 08:50:00,51.2,51.2,214,233
2024-01-30 08:52:00,51.2,51.3,213,235
2024-01-30 08:54:00,51.3,51.0,215,236
2024-01-30 08:56:00,50.7,51.0,214,233
2024-01-30 08:58:00,50.9,51.1,211,232
2024-01-30 09:00:00,51.1,51.1,212,233
2024-01-30 09:02:00,51.0,51.1,211,233
2024-01-30 09:04:00,51.0,51.0,211,232
2024-01-30 09:06:00,51.0,50.9,208,231
2024-01-30 09:08:00,50.8,50.9,213,231
2024-01-30 09:10:00,50.9,50.8,211,231
2024-01-30 09:12:00,50.8,50.8,211,231
2024-01-30 09:14:00,51.0,50.8,216,231
2024-01-30 09:16:00,51.0,50.9,216,230
2024-01-30 09:18:00,51.1,51.0,214,230
2024-01-30 09:20:00,51.1,51.1,216,231
2024-01-30 09:22:00,51.1,51.0,212,231
2024-01-30 09:24:00,50.7,50.7,211,229
2024-01-30 09:26:00,50.8,51.0,217,228
2024-01-30 09:28:00,50.9,50.8,212,229
2024-01-30 09:30:00,51.0,50.9,216,221
2024-01-30 09:32:00,50.9,50.9,217,222
2024-01-30 09:34:00,50.9,51.1,216,222
2024-01-30 09:36:00,51.0,51.2,216,228
2024-01-30 09:38:00,51.0,51.1,214,228
2024-01-30 09:40:00,51.1,51.2,216,228
2024-01-30 09:42:00,51.0,51.0,214,230
2024-01-30 09:44:00,50.9,50.9,208,229
2024-01-30 09:46:00,51.0,51.0,208,229
2024-01-30 09:48:00,50.9,51.0,212,228
2024-01-30 09:50:00,51.1,51.0,208,228
2024-01-30 09:52:00,51.1,51.1,214,229
2024-01-30 09:54:00,51.2,51.1,213,228
2024-01-30 09:56:00,51.2,51.1,211,230
2024-01-30 09:58:00,51.3,51.3,209,230
2024-01-30 10:00:00,51.3,51.1,211,231
2024-01-30 10:02:00,51.2,51.0,214,228
2024-01-30 10:04:00,51.4,51.3,211,230
2024-01-30 10:06:00,51.4,51.4,211,229
2024-01-30 10:08:00,51.5,51.4,214,229
2024-01-30 10:10:00,51.4,51.4,211,230
2024-01-30 10:12:00,51.5,51.5,212,229
2024-01-30 10:14:00,51.5,51.4,211,229
2024-01-30 10:16:00,51.3,51.4,208,228
2024-01-30 10:18:00,51.2,51.3,209,228
2024-01-30 10:20:00,51.1,51.0,211,229
2024-01-30 10:22:00,51.3,51.3,211,231
2024-01-30 10:24:00,51.4,51.2,210,231
2024-01-30 10:26:00,51.4,51.3,211,231
2024-01-30 10:28:00,51.1,51.1,209,231
2024-01-30 10:30:00,51.3,51.4,213,230
2024-01-30 10:32:00,50.9,51.1,205,231
2024-01-30 10:34:00,51.2,51.3,209,230
2024-01-30 10:36:00,50.8,50.8,208,230
2024-01-30 10:38:00,51.3,51.3,214,229
2024-01-30 10:40:00,51.3,51.3,213,230
2024-01-30 10:42:00,51.5,51.4,214,230
2024-01-30 10:44:00,51.1,51.2,212,228
2024-01-30 10:46:00,51.1,51.2,214,230
2024-01-30 10:48:00,51.1,50.9,210,229
2024-01-30 10:50:00,51.1,51.1,212,231
2024-01-30 10:52:00,51.0,50.9,208,230
2024-01-30 10:54:00,50.9,50.9,207,230
2024-01-30 10:56:00,50.9,50.8,208,230
2024-01-30 10:58:00,51.2,51.1,211,231
2024-01-30 11:00:00,51.0,50.9,208,230
2024-01-30 11:02:00,51.0,51.0,210,231
2024-01-30 11:04:00,50.9,50.9,210,230
2024-01-30 11:06:00,50.9,50.8,214,229
2024-01-30 11:08:00,50.8,50.8,211,230
2024-01-30 11:10:00,50.9,51.0,211,230
2024-01-30 11:12:00,50.9,50.8,211,230
2024-01-30 11:14:00,50.7,50.8,208,228
2024-01-30 11:16:00,50.6,50.7,210,226
2024-01-30 11:18:00,50.7,50.9,213,229
2024-01-30 11:20:00,50.9,51.0,211,231
2024-01-30 11:22:00,51.0,50.8,210,230
2024-01-30 11:24:00,50.7,50.7,210,230
2024-01-30 11:26:00,50.8,50.8,212,230
2024-01-30 11:28:00,50.7,50.6,204,228
2024-01-30 11:30:00,50.5,50.7,203,228
2024-01-30 11:32:00,50.5,50.6,205,229
2024-01-30 11:34:00,50.4,50.5,205,228
2024-01-30 11:36:00,50.6,50.7,207,229
2024-01-30 11:38:00,50.8,50.7,209,229
2024-01-30 11:40:00,50.7,50.6,211,226
2024-01-30 11:42:00,50.6,50.6,209,228
2024-01-30 11:44:00,50.6,50.6,211,228
2024-01-30 11:46:00,50.7,50.6,211,228
2024-01-30 11:48:00,50.7,50.6,209,229
2024-01-30 11:50:00,50.7,50.7,207,228
2024-01-30 11:52:00,51.0,50.9,211,230
2024-01-30 11:54:00,50.9,50.9,209,230
2024-01-30 11:56:00,50.7,50.8,208,226
2024-01-30 11:58:00,50.8,50.8,208,228
2024-01-30 12:00:00,50.7,50.7,208,226
2024-01-30 12:02:00,50.7,50.6,206,227
2024-01-30 12:04:00,50.6,50.7,206,228
2024-01-30 12:06:00,50.7,50.5,207,229
2024-01-30 12:08:00,51.0,51.0,213,228
2024-01-30 12:10:00,50.8,50.7,214,227
2024-01-30 12:12:00,50.9,51.0,214,227
2024-01-30 12:14:00,50.9,50.7,207,231
2024-01-30 12:16:00,51.0,51.0,211,228
2024-01-30 12:18:00,50.8,50.7,213,227
2024-01-30 12:20:00,50.7,50.8,210,227
2024-01-30 12:22:00,50.9,50.9,209,225
2024-01-30 12:24:00,51.1,51.1,211,228
2024-01-30 12:26:00,51.1,51.0,210,228
2024-01-30 12:28:00,51.0,50.9,209,228
2024-01-30 12:30:00,51.0,50.8,211,228
2024-01-30 12:32:00,51.0,51.0,211,229
2024-01-30 12:34:00,50.9,50.9,211,228
2024-01-30 12:36:00,50.9,50.9,209,226
2024-01-30 12:38:00,50.8,51.0,207,228
2024-01-30 12:40:00,50.9,50.8,212,228
2024-01-30 12:42:00,50.7,50.7,208,230
2024-01-30 12:44:00,50.7,50.6,213,227
2024-01-30 12:46:00,50.8,50.8,209,229
2024-01-30 12:48:00,51.0,51.0,209,231
2024-01-30 12:50:00,50.9,50.9,208,228
2024-01-30 12:52:00,51.1,51.0,211,231
2024-01-30 12:54:00,50.9,51.0,209,231
2024-01-30 12:56:00,50.9,50.9,208,232
2024-01-30 12:58:00,50.9,50.7,209,232
2024-01-30 13:00:00,50.7,50.7,206,233
2024-01-30 13:02:00,50.6,50.6,204,235
2024-01-30 13:04:00,50.8,50.9,208,229
2024-01-30 13:06:00,50.9,50.9,206,231
2024-01-30 13:08:00,50.9,50.9,204,231
2024-01-30 13:10:00,50.7,50.7,205,232
2024-01-30 13:12:00,50.9,50.9,207,231
2024-01-30 13:14:00,50.8,50.8,204,231
2024-01-30 13:16:00,50.7,50.6,204,230
2024-01-30 13:18:00,50.6,50.5,210,229
2024-01-30 13:20:00,50.5,50.3,207,231
2024-01-30 13:22:00,50.6,50.5,211,231
2024-01-30 13:24:00,50.3,50.6,211,229
2024-01-30 13:26:00,50.6,50.6,211,229
2024-01-30 13:28:00,50.5,50.4,210,230
2024-01-30 13:30:00,50.7,50.6,209,229
2024-01-30 13:32:00,50.5,50.6,209,228
2024-01-30 13:34:00,50.4,50.4,208,229
2024-01-30 13:36:00,50.3,50.4,207,230
2024-01-30 13:38:00,50.6,50.7,209,231
2024-01-30 13:40:00,50.5,50.5,212,229
2024-01-30 13:42:00,50.5,50.5,208,230
2024-01-30 13:44:00,50.6,50.7,209,229
2024-01-30 13:46:00,50.5,50.4,207,229
2024-01-30 13:48:00,50.4,50.6,209,230
2024-01-30 13:50:00,50.4,50.6,212,229
2024-01-30 13:52:00,50.6,50.7,212,230
2024-01-30 13:54:00,50.6,50.4,209,229
2024-01-30 13:56:00,50.5,50.4,206,229
2024-01-30 13:58:00,50.3,50.3,207,231
2024-01-30 14:00:00,50.5,50.4,214,228
2024-01-30 14:02:00,50.4,50.5,214,228
2024-01-30 14:04:00,50.5,50.4,214,228
2024-01-30 14:06:00,50.6,50.5,209,230
2024-01-30 14:08:00,50.5,50.4,211,228
2024-01-30 14:10:00,50.5,50.5,211,229
2024-01-30 14:12:00,50.4,50.5,211,229
2024-01-30 14:14:00,50.5,50.5,209,229
2024-01-30 14:16:00,50.6,50.4,213,228
2024-01-30 14:18:00,50.6,50.6,208,228
2024-01-30 14:20:00,50.4,50.4,211,230
2024-01-30 14:22:00,50.4,50.4,210,230
2024-01-30 14:24:00,50.6,50.7,209,229
2024-01-30 14:26:00,50.4,50.5,207,232
2024-01-30 14:28:00,50.5,50.7,211,229
2024-01-30 14:30:00,50.9,50.7,209,230
2024-01-30 14:32:00,50.9,50.8,209,228
2024-01-30 14:34:00,50.7,50.8,207,231
2024-01-30 14:36:00,50.5,50.7,209,233
2024-01-30 14:38:00,50.5,50.6,207,231
2024-01-30 14:40:00,50.7,50.7,210,231
2024-01-30 14:42:00,50.5,50.6,208,231
2024-01-30 14:44:00,50.4,50.6,211,229
2024-01-30 14:46:00,50.5,50.5,209,231
2024-01-30 14:48:00,50.8,50.8,208,231
2024-01-30 14:50:00,50.7,50.7,209,231
2024-01-30 14:52:00,50.5,50.8,209,231
2024-01-30 14:54:00,50.6,50.8,208,231
2024-01-30 14:56:00,50.7,50.8,216,227
2024-01-30 14:58:00,50.9,51.0,211,230
2024-01-30 15:00:00,50.8,50.7,211,228
2024-01-30 15:02:00,50.7,50.5,209,231
2024-01-30 15:04:00,50.8,50.9,211,229
2024-01-30 15:06:00,50.7,50.5,210,230
2024-01-30 15:08:00,50.6,50.6,211,228
2024-01-30 15:10:00,50.9,50.9,214,228
2024-01-30 15:12:00,50.8,50.7,212,228
2024-01-30 15:14:00,50.8,50.8,209,228
2024-01-30 15:16:00,50.9,51.0,211,229
2024-01-30 15:18:00,50.8,50.8,207,228
2024-01-30 15:20:00,50.7,50.6,210,228
2024-01-30 15:22:00,50.6,50.6,209,228
2024-01-30 15:24:00,50.6,50.7,210,227
2024-01-30 15:26:00,50.8,50.8,207,228
2024-01-30 15:28:00,50.7,50.8,210,229
2024-01-30 15:30:00,50.8,50.6,209,230
2024-01-30 15:32:00,50.8,50.8,209,230
2024-01-30 15:34:00,51.0,50.9,210,229
2024-01-30 15:36:00,50.9,50.9,211,229
2024-01-30 15:38:00,50.8,50.7,212,228
2024-01-30 15:40:00,50.9,50.6,210,231
2024-01-30 15:42:00,50.7,50.6,207,230
2024-01-30 15:44:00,50.7,50.5,204,231
2024-01-30 15:46:00,50.6,50.5,204,232
2024-01-30 15:48:00,50.6,50.5,204,231
2024-01-30 15:50:00,50.6,50.8,205,232
2024-01-30 15:52:00,50.7,50.8,207,231
2024-01-30 15:54:00,50.8,50.8,207,231
2024-01-30 15:56:00,50.7,50.9,207,231
2024-01-30 15:58:00,50.7,50.6,206,232
2024-01-30 16:00:00,50.6,50.8,208,229
2024-01-30 16:02:00,50.7,50.7,209,231
2024-01-30 16:04:00,50.7,50.7,209,228
2024-01-30 16:06:00,50.8,50.8,214,226
2024-01-30 16:08:00,50.8,50.7,210,231
2024-01-30 16:10:00,50.9,50.9,209,231
2024-01-30 16:12:00,50.9,51.1,209,231
2024-01-30 16:14:00,50.9,51.1,211,229
2024-01-30 16:16:00,51.1,51.1,211,231
2024-01-30 16:18:00,51.0,51.0,209,231
2024-01-30 16:20:00,50.9,50.8,209,231
2024-01-30 16:22:00,51.1,51.1,214,228
2024-01-30 16:24:00,50.9,50.9,211,228
2024-01-30 16:26:00,51.0,51.0,211,230
2024-01-30 16:28:00,51.1,50.9,214,228
2024-01-30 16:30:00,51.1,51.1,215,228
2024-01-30 16:32:00,51.0,51.1,214,228
2024-01-30 16:34:00,51.0,51.1,214,230
2024-01-30 16:36:00,50.9,50.9,211,231
2024-01-30 16:38:00,50.8,50.9,212,231
2024-01-30 16:40:00,51.0,50.9,214,231
2024-01-30 16:42:00,51.0,50.9,214,230
2024-01-30 16:44:00,50.9,50.9,214,230
2024-01-30 16:46:00,50.9,50.9,215,231
2024-01-30 16:48:00,50.8,50.9,214,231
2024-01-30 16:50:00,51.0,51.0,213,233
2024-01-30 16:52:00,50.8,50.8,211,234
2024-01-30 16:54:00,50.8,50.8,211,234
2024-01-30 16:56:00,51.0,51.0,215,233
2024-01-30 16:58:00,51.3,51.1,217,233
2024-01-30 17:00:00,50.9,50.8,212,235
2024-01-30 17:02:00,50.9,51.1,212,235
2024-01-30 17:04:00,51.0,50.9,214,234
2024-01-30 17:06:00,51.0,51.1,214,233
2024-01-30 17:08:00,50.9,50.9,213,233
2024-01-30 17:10:00,49.5,49.5,198,205
2024-01-30 17:12:00,49.6,49.6,199,202
2024-01-30 17:14:00,49.5,49.5,197,202
2024-01-30 17:16:00,49.6,49.6,197,200
2024-01-30 17:18:00,49.7,49.7,197,202
2024-01-30 17:20:00,49.6,49.5,199,201
2024-01-30 17:22:00,49.5,49.5,197,198
2024-01-30 17:24:00,49.6,49.6,198,197
2024-01-30 17:26:00,49.4,49.5,197,194
2024-01-30 17:28:00,49.2,49.2,199,192
2024-01-30 17:30:00,49.2,49.2,199,192
2024-01-30 17:32:00,49.0,49.1,196,194
2024-01-30 17:34:00,49.5,49.5,197,194
2024-01-30 17:36:00,49.1,49.1,199,192
2024-01-30 17:38:00,49.1,49.2,199,190
2024-01-30 17:40:00,49.4,49.3,199,190
2024-01-30 17:42:00,49.6,49.6,197,192
2024-01-30 17:44:00,49.4,49.4,199,195
2024-01-30 17:46:00,49.5,49.5,199,199
2024-01-30 17:48:00,49.3,49.3,199,199
2024-01-30 17:50:00,49.5,49.6,198,198
2024-01-30 17:52:00,49.4,49.4,199,198
2024-01-30 17:54:00,49.6,49.6,199,199
2024-01-30 17:56:00,49.7,49.6,202,200
2024-01-30 17:58:00,49.2,49.2,199,201
2024-01-30 18:00:00,49.4,49.4,199,201
2024-01-30 18:02:00,49.4,49.4,199,197
2024-01-30 18:04:00,49.6,49.6,202,197
2024-01-30 18:06:00,49.3,49.3,198,199
2024-01-30 18:08:00,49.3,49.3,198,195
2024-01-30 18:10:00,49.5,49.5,202,193
2024-01-30 18:12:00,49.5,49.4,199,198
2024-01-30 18:14:00,49.7,49.7,197,198
2024-01-30 18:16:00,49.7,49.8,197,199
2024-01-30 18:18:00,49.6,49.6,197,197
2024-01-30 18:20:00,49.3,49.3,197,195
2024-01-30 18:22:00,49.6,49.6,197,194
2024-01-30 18:24:00,49.5,49.6,199,192
2024-01-30 18:26:00,49.7,49.7,200,194
2024-01-30 18:28:00,49.6,49.6,197,194
2024-01-30 18:30:00,49.8,49.8,197,197
2024-01-30 18:32:00,49.7,49.7,200,196
2024-01-30 18:34:00,49.4,49.5,197,197
2024-01-30 18:36:00,49.8,49.8,199,196
2024-01-30 18:38:00,49.4,49.4,197,194
2024-01-30 18:40:00,49.3,49.3,199,190
2024-01-30 18:42:00,49.4,49.4,197,188
2024-01-30 18:44:00,49.3,49.4,198,184
2024-01-30 18:46:00,49.3,49.3,197,186
2024-01-30 18:48:00,49.5,49.5,196,182
2024-01-30 18:50:00,49.4,49.5,196,182
2024-01-30 18:52:00,49.5,49.5,197,192
2024-01-30 18:54:00,49.2,49.2,196,188
2024-01-30 18:56:00,49.3,49.2,197,192
2024-01-30 18:58:00,49.5,49.6,197,181
2024-01-30 19:00:00,49.3,49.2,196,181
2024-01-30 19:02:00,49.7,49.7,197,185
2024-01-30 19:04:00,49.5,49.5,195,183
2024-01-30 19:06:00,49.7,49.7,197,185
2024-01-30 19:08:00,49.8,49.7,193,196
2024-01-30 19:10:00,49.6,49.6,195,190
2024-01-30 19:12:00,49.4,49.4,194,193
2024-01-30 19:14:00,49.4,49.3,196,194
2024-01-30 19:16:00,49.5,49.5,196,189
2024-01-30 19:18:00,49.4,49.4,196,188
2024-01-30 19:20:00,49.5,49.5,196,190
2024-01-30 19:22:00,49.6,49.5,196,194
2024-01-30 19:24:00,49.7,49.7,197,197
2024-01-30 19:26:00,49.5,49.6,196,194
2024-01-30 19:28:00,49.7,49.6,194,190
2024-01-30 19:30:00,49.6,49.6,195,195
2024-01-30 19:32:00,49.7,49.7,196,195
2024-01-30 19:34:00,49.6,49.6,194,194
2024-01-30 19:36:00,49.5,49.5,193,194
2024-01-30 19:38:00,49.6,49.6,194,194
2024-01-30 19:40:00,49.7,49.7,193,194
2024-01-30 19:42:00,49.6,49.6,193,197
2024-01-30 19:44:00,49.6,49.6,198,196
2024-01-30 19:46:00,49.7,49.7,197,197
2024-01-30 19:48:00,49.8,49.7,197,199
2024-01-30 19:50:00,49.7,49.7,198,198
2024-01-30 19:52:00,49.6,49.5,196,194
2024-01-30 19:54:00,49.4,49.3,195,199
2024-01-30 19:56:00,49.4,49.5,197,195
2024-01-30 19:58:00,49.4,49.4,197,194
2024-01-30 20:00:00,49.5,49.5,195,196
2024-01-30 20:02:00,49.7,49.7,192,197
2024-01-30 20:04:00,49.8,49.8,194,199
2024-01-30 20:06:00,49.7,49.8,194,202
2024-01-30 20:08:00,49.7,49.7,194,197
2024-01-30 20:10:00,49.5,49.5,198,199
2024-01-30 20:12:00,49.4,49.4,194,197
2024-01-30 20:14:00,49.4,49.4,194,199
2024-01-30 20:16:00,49.6,49.5,196,194
2024-01-30 20:18:00,49.6,49.6,196,197
2024-01-30 20:20:00,49.7,49.7,195,197
2024-01-30 20:22:00,49.8,49.8,195,198
2024-01-30 20:24:00,49.6,49.7,196,201
2024-01-30 20:26:00,49.7,49.7,198,197
2024-01-30 20:28:00,49.6,49.6,197,194
2024-01-30 20:30:00,49.6,49.7,198,195
2024-01-30 20:32:00,49.7,49.7,199,192
2024-01-30 20:34:00,49.6,49.6,197,190
2024-01-30 20:36:00,49.8,49.7,196,194
2024-01-30 20:38:00,49.7,49.7,198,197
2024-01-30 20:40:00,49.9,49.8,196,200
2024-01-30 20:42:00,49.5,49.5,195,199
2024-01-30 20:44:00,50.0,50.0,199,202
2024-01-30 20:46:00,49.7,49.7,199,202
2024-01-30 20:48:00,49.9,49.8,197,203
2024-01-30 20:50:00,49.6,49.6,197,202
2024-01-30 20:52:00,49.8,49.8,197,204
2024-01-30 20:54:00,49.7,49.7,197,204
2024-01-30 20:56:00,49.8,49.8,196,203
2024-01-30 20:58:00,50.0,50.0,197,205
2024-01-30 21:00:00,49.9,49.9,196,204
2024-01-30 21:02:00,6536,3268,0,0
2024-01-30 21:04:00,7874,6536,0,0
2024-01-30 21:06:00,3597,5618,0,0
2024-01-30 21:08:00,51.2,51.0,223,238
2024-01-30 21:10:00,51.2,51.2,225,237
2024-01-30 21:12:00,51.0,51.1,219,238
2024-01-30 21:14:00,51.1,51.1,220,238
2024-01-30 21:16:00,50.9,51.0,221,237
2024-01-30 21:18:00,50.1,50.1,199,215
2024-01-30 21:20:00,50.2,50.2,199,215
2024-01-30 21:22:00,50.1,50.0,200,214
2024-01-30 21:24:00,50.1,50.1,198,216
2024-01-30 21:26:00,49.7,49.7,199,218
2024-01-30 21:28:00,49.9,49.9,198,221
2024-01-30 21:30:00,50.1,50.1,199,221
2024-01-30 21:32:00,50.1,50.1,200,219
2024-01-30 21:34:00,50.3,50.4,202,220
2024-01-30 21:36:00,50.2,50.1,199,218
2024-01-30 21:38:00,50.2,50.1,197,221
2024-01-30 21:40:00,50.2,50.2,201,221
2024-01-30 21:42:00,50.2,50.3,202,218
2024-01-30 21:44:00,50.0,50.1,202,214
2024-01-30 21:46:00,50.2,50.2,199,215
2024-01-30 21:48:00,50.2,50.3,199,215
2024-01-30 21:50:00,50.2,50.2,198,219
2024-01-30 21:52:00,50.2,50.3,201,213
2024-01-30 21:54:00,50.1,50.1,201,217
2024-01-30 21:56:00,50.4,50.3,202,214
2024-01-30 21:58:00,50.3,50.3,201,217
2024-01-30 22:00:00,50.3,50.3,198,216
2024-01-30 22:02:00,50.4,50.4,202,219
2024-01-30 22:04:00,50.2,50.2,202,216
2024-01-30 22:06:00,50.0,50.1,199,213
2024-01-30 22:08:00,50.1,50.1,199,215
2024-01-30 22:10:00,50.0,50.1,199,216
2024-01-30 22:12:00,50.1,50.2,199,218
2024-01-30 22:14:00,50.4,50.4,201,217
2024-01-30 22:16:00,50.3,50.3,197,219
2024-01-30 22:18:00,50.4,50.4,202,219
2024-01-30 22:20:00,50.3,50.3,200,219
2024-01-30 22:22:00,50.0,50.0,199,220
2024-01-30 22:24:00,50.3,50.3,202,219
2024-01-30 22:26:00,50.3,50.4,202,219
2024-01-30 22:28:00,50.4,50.4,202,221
2024-01-30 22:30:00,50.3,50.3,202,221
2024-01-30 22:32:00,50.3,50.3,199,222
2024-01-30 22:34:00,50.4,50.4,202,221
2024-01-30 22:36:00,50.2,50.2,204,219
2024-01-30 22:38:00,50.5,50.5,201,222
2024-01-30 22:40:00,50.4,50.4,202,221
2024-01-30 22:42:00,50.2,50.2,202,221
2024-01-30 22:44:00,50.2,50.2,200,223
2024-01-30 22:46:00,50.4,50.3,204,221
2024-01-30 22:48:00,50.6,50.7,204,220
2024-01-30 22:50:00,50.6,50.6,204,221
2024-01-30 22:52:00,50.6,50.6,203,220
2024-01-30 22:54:00,50.2,50.3,205,221
2024-01-30 22:56:00,50.3,50.2,204,221
2024-01-30 22:58:00,50.1,50.1,201,219
2024-01-30 23:00:00,50.5,50.4,202,219
2024-01-30 23:02:00,50.5,50.5,203,220
2024-01-30 23:04:00,50.4,50.4,202,220
2024-01-30 23:06:00,50.5,50.5,202,223
2024-01-30 23:08:00,50.0,50.0,204,221
2024-01-30 23:10:00,50.2,50.2,202,221
2024-01-30 23:12:00,50.2,50.2,201,223
2024-01-30 23:14:00,50.0,50.0,204,220
2024-01-30 23:16:00,49.9,49.9,204,221
2024-01-30 23:18:00,50.1,50.1,203,221
2024-01-30 23:20:00,50.1,50.1,204,223
2024-01-30 23:22:00,50.3,50.3,204,222
2024-01-30 23:24:00,50.3,50.2,204,221
2024-01-30 23:26:00,50.0,50.0,203,221
2024-01-30 23:28:00,50.0,50.0,205,219
2024-01-30 23:30:00,50.3,50.3,204,221
2024-01-30 23:32:00,50.0,50.0,204,223
2024-01-30 23:34:00,50.0,50.1,204,220
2024-01-30 23:36:00,50.1,50.2,204,221
2024-01-30 23:38:00,50.4,50.4,203,221
2024-01-30 23:40:00,50.2,50.2,205,219
2024-01-30 23:42:00,50.3,50.3,205,219
2024-01-30 23:44:00,50.2,50.2,204,222
2024-01-30 23:46:00,50.1,50.0,207,223
2024-01-30 23:48:00,50.0,50.1,205,222
2024-01-30 23:50:00,50.1,50.2,204,221
2024-01-30 23:52:00,50.3,50.2,204,221
2024-01-30 23:54:00,50.3,50.3,205,222
2024-01-30 23:56:00,50.1,50.1,204,223
2024-01-30 23:58:00,50.3,50.3,204,222
2024-01-31 00:00:00,50.3,50.3,204,222
2024-01-31 00:02:00,50.2,50.3,204,225
2024-01-31 00:04:00,50.1,50.1,207,223
2024-01-31 00:06:00,50.1,50.1,204,223
2024-01-31 00:08:00,50.4,50.4,205,223
2024-01-31 00:10:00,50.4,50.4,204,223
2024-01-31 00:12:00,50.3,50.3,205,224
2024-01-31 00:14:00,50.2,50.2,206,226
2024-01-31 00:16:00,50.5,50.5,207,224
2024-01-31 00:18:00,50.2,50.2,206,224
2024-01-31 00:20:00,50.2,50.1,205,222
2024-01-31 00:22:00,50.0,50.1,207,221
2024-01-31 00:24:00,50.3,50.2,205,223
2024-01-31 00:26:00,50.2,50.2,207,223
2024-01-31 00:28:00,50.2,50.2,209,221
2024-01-31 00:30:00,50.3,50.3,207,223
2024-01-31 00:32:00,50.2,50.2,208,224
2024-01-31 00:34:00,50.3,50.3,205,224
2024-01-31 00:36:00,50.4,50.4,204,224
2024-01-31 00:38:00,50.2,50.2,205,223
2024-01-31 00:40:00,50.2,50.2,209,223
2024-01-31 00:42:00,50.2,50.2,208,223
2024-01-31 00:44:00,50.2,50.2,208,223
2024-01-31 00:46:00,50.4,50.5,208,223
2024-01-31 00:48:00,50.4,50.4,205,223
2024-01-31 00:50:00,50.5,50.5,206,226
2024-01-31 00:52:00,50.2,50.2,211,224
2024-01-31 00:54:00,50.2,50.2,208,223
2024-01-31 00:56:00,50.1,50.2,207,225
2024-01-31 00:58:00,50.3,50.3,208,225
2024-01-31 01:00:00,50.3,50.2,208,225
2024-01-31 01:02:00,50.4,50.4,206,226
2024-01-31 01:04:00,50.4,50.4,206,226
2024-01-31 01:06:00,50.2,50.2,209,226
2024-01-31 01:08:00,50.3,50.3,208,228
2024-01-31 01:10:00,50.1,50.2,207,226
2024-01-31 01:12:00,50.0,50.1,206,228
2024-01-31 01:14:00,50.2,50.2,209,225
2024-01-31 01:16:00,50.3,50.3,208,226
2024-01-31 01:18:00,50.3,50.3,207,226
2024-01-31 01:20:00,50.5,50.4,207,228
2024-01-31 01:22:00,50.3,50.3,208,224
2024-01-31 01:24:00,50.3,50.4,210,224
2024-01-31 01:26:00,50.4,50.4,209,225
2024-01-31 01:28:00,50.1,50.1,207,224
2024-01-31 01:30:00,50.1,50.1,207,223
2024-01-31 01:32:00,50.1,50.0,210,223
2024-01-31 01:34:00,50.3,50.3,208,223
2024-01-31 01:36:00,50.4,50.3,208,223
2024-01-31 01:38:00,50.5,50.5,211,221
2024-01-31 01:40:00,50.3,50.4,209,220
2024-01-31 01:42:00,50.3,50.3,207,221
2024-01-31 01:44:00,50.4,50.4,208,223
2024-01-31 01:46:00,50.3,50.3,210,223
2024-01-31 01:48:00,50.0,50.0,208,223
2024-01-31 01:50:00,50.3,50.2,209,222
2024-01-31 01:52:00,50.2,50.1,209,221
2024-01-31 01:54:00,50.3,50.3,207,222
2024-01-31 01:56:00,50.4,50.3,207,223
2024-01-31 01:58:00,50.4,50.4,207,223
2024-01-31 02:00:00,50.3,50.4,209,225
2024-01-31 02:02:00,50.5,50.4,209,226
2024-01-31 02:04:00,50.3,50.3,209,225
2024-01-31 02:06:00,50.1,50.1,209,224
2024-01-31 02:08:00,50.2,50.2,207,223
2024-01-31 02:10:00,50.2,50.2,209,223
2024-01-31 02:12:00,50.4,50.3,207,225
2024-01-31 02:14:00,50.4,50.4,207,226
2024-01-31 02:16:00,50.5,50.5,211,227
2024-01-31 02:18:00,50.2,50.2,210,226
2024-01-31 02:20:00,50.1,50.1,209,226
2024-01-31 02:22:00,50.3,50.4,209,227
2024-01-31 02:24:00,50.3,50.4,208,227
2024-01-31 02:26:00,50.2,50.2,207,226
2024-01-31 02:28:00,50.2,50.2,208,226
2024-01-31 02:30:00,50.3,50.3,209,227
2024-01-31 02:32:00,50.5,50.6,209,228
2024-01-31 02:34:00,50.2,50.3,209,226
2024-01-31 02:36:00,50.4,50.4,210,226
2024-01-31 02:38:00,50.4,50.4,210,227
2024-01-31 02:40:00,50.3,50.3,208,228
2024-01-31 02:42:00,50.2,50.2,209,229
2024-01-31 02:44:00,50.3,50.3,209,231
2024-01-31 02:46:00,50.3,50.3,208,227
2024-01-31 02:48:00,50.4,50.4,208,228
2024-01-31 02:50:00,50.5,50.4,210,228
2024-01-31 02:52:00,50.6,50.5,209,229
2024-01-31 02:54:00,50.4,50.4,210,228
2024-01-31 02:56:00,50.3,50.3,211,228
2024-01-31 02:58:00,50.2,50.2,209,228
2024-01-31 03:00:00,50.2,50.2,209,226
2024-01-31 03:02:00,50.4,50.4,210,228
2024-01-31 03:04:00,50.3,50.4,209,228
2024-01-31 03:06:00,50.3,50.4,209,228
2024-01-31 03:08:00,50.5,50.5,211,231
2024-01-31 03:10:00,50.4,50.5,210,228
2024-01-31 03:12:00,50.2,50.2,209,227
2024-01-31 03:14:00,50.3,50.2,209,226
2024-01-31 03:16:00,50.1,50.1,209,228
2024-01-31 03:18:00,50.3,50.3,208,228
2024-01-31 03:20:00,50.5,50.5,211,229
2024-01-31 03:22:00,50.3,50.3,211,228
2024-01-31 03:24:00,50.2,50.1,209,226
2024-01-31 03:26:00,50.0,50.0,209,226
2024-01-31 03:28:00,50.1,50.1,209,226
2024-01-31 03:30:00,49.9,50.0,208,226
2024-01-31 03:32:00,49.9,50.0,212,223
2024-01-31 03:34:00,49.9,50.0,213,223
2024-01-31 03:36:00,50.3,50.4,212,226
2024-01-31 03:38:00,50.4,50.3,211,226
2024-01-31 03:40:00,50.2,50.2,212,226
2024-01-31 03:42:00,50.2,50.2,211,226
2024-01-31 03:44:00,50.1,50.1,211,226
2024-01-31 03:46:00,50.3,50.2,211,226
2024-01-31 03:48:00,50.1,50.1,213,225
2024-01-31 03:50:00,50.2,50.2,211,226
2024-01-31 03:52:00,50.3,50.3,211,226
2024-01-31 03:54:00,50.1,50.0,213,224
2024-01-31 03:56:00,50.2,50.2,210,228
2024-01-31 03:58:00,50.2,50.2,209,228
2024-01-31 04:00:00,50.2,50.1,212,226
2024-01-31 04:02:00,50.1,50.1,214,223
2024-01-31 04:04:00,50.4,50.3,213,225
2024-01-31 04:06:00,50.0,50.0,213,226
2024-01-31 04:08:00,50.2,50.2,213,225
2024-01-31 04:10:00,50.2,50.2,211,223
2024-01-31 04:12:00,50.2,50.1,213,222
2024-01-31 04:14:00,50.2,50.2,213,224
2024-01-31 04:16:00,50.2,50.2,212,223
2024-01-31 04:18:00,50.2,50.2,212,223
2024-01-31 04:20:00,50.2,50.2,214,223
2024-01-31 04:22:00,50.2,50.2,212,225
2024-01-31 04:24:00,50.3,50.3,209,226
2024-01-31 04:26:00,50.1,50.1,214,225
2024-01-31 04:28:00,50.2,50.3,211,223
2024-01-31 04:30:00,50.1,50.1,210,226
2024-01-31 04:32:00,50.2,50.2,214,223
2024-01-31 04:34:00,50.2,50.2,212,226
2024-01-31 04:36:00,50.3,50.3,211,227
2024-01-31 04:38:00,50.1,50.1,211,226
2024-01-31 04:40:00,50.3,50.3,212,226
2024-01-31 04:42:00,50.2,50.2,210,226
2024-01-31 04:44:00,50.2,50.2,210,226
2024-01-31 04:46:00,50.1,50.1,211,226
2024-01-31 04:48:00,50.3,50.3,211,229
2024-01-31 04:50:00,50.2,50.2,209,228
2024-01-31 04:52:00,50.2,50.2,212,226
2024-01-31 04:54:00,50.1,50.1,213,225
2024-01-31 04:56:00,50.1,50.1,211,226
2024-01-31 04:58:00,50.2,50.2,213,229
2024-01-31 05:00:00,50.1,50.1,211,228
2024-01-31 05:02:00,50.2,50.2,211,228
2024-01-31 05:04:00,50.1,50.1,211,228
2024-01-31 05:06:00,50.1,50.1,211,226
2024-01-31 05:08:00,50.1,50.1,208,228
2024-01-31 05:10:00,50.1,50.1,208,228
2024-01-31 05:12:00,50.1,50.1,210,228
2024-01-31 05:14:00,50.0,50.0,209,230
2024-01-31 05:16:00,49.9,49.9,209,230
2024-01-31 05:18:00,50.2,50.2,211,231
2024-01-31 05:20:00,50.0,50.0,209,228
2024-01-31 05:22:00,50.2,50.1,211,230
2024-01-31 05:24:00,50.1,50.1,211,227
2024-01-31 05:26:00,50.1,50.2,211,226
2024-01-31 05:28:00,50.0,49.9,210,226
2024-01-31 05:30:00,50.1,50.0,209,229
2024-01-31 05:32:00,49.9,49.9,211,226
2024-01-31 05:34:00,49.9,50.0,210,233
2024-01-31 05:36:00,50.0,50.0,208,228
2024-01-31 05:38:00,50.1,50.1,210,228
2024-01-31 05:40:00,49.9,49.9,207,230
2024-01-31 05:42:00,49.9,50.0,208,230
2024-01-31 05:44:00,49.8,49.9,209,224
2024-01-31 05:46:00,49.9,49.8,209,228
2024-01-31 05:48:00,49.8,49.8,207,227
2024-01-31 05:50:00,49.8,49.8,210,223
2024-01-31 05:52:00,49.9,49.8,209,226
2024-01-31 05:54:00,49.8,49.8,208,223
2024-01-31 05:56:00,49.8,49.9,209,221
2024-01-31 05:58:00,49.9,49.9,209,218
2024-01-31 06:00:00,49.9,49.9,208,217
2024-01-31 06:02:00,49.7,49.7,205,219
2024-01-31 06:04:00,49.8,49.8,207,219
2024-01-31 06:06:00,49.9,49.9,207,223
2024-01-31 06:08:00,49.7,49.6,205,223
2024-01-31 06:10:00,49.7,49.8,209,223
2024-01-31 06:12:00,49.6,49.6,209,222
2024-01-31 06:14:00,50.0,49.9,206,219
2024-01-31 06:16:00,49.6,49.6,204,221
2024-01-31 06:18:00,49.7,49.8,205,226
2024-01-31 06:20:00,49.4,49.4,204,224
2024-01-31 06:22:00,49.3,49.3,208,225
2024-01-31 06:24:00,49.3,49.2,207,224
2024-01-31 06:26:00,49.3,49.3,207,223
2024-01-31 06:28:00,49.4,49.5,207,211
2024-01-31 06:30:00,49.5,49.5,207,222
2024-01-31 06:32:00,49.6,49.6,207,219
2024-01-31 06:34:00,49.6,49.6,205,221
2024-01-31 06:36:00,49.3,49.3,207,225
2024-01-31 06:38:00,49.4,49.4,204,221
2024-01-31 06:40:00,49.7,49.7,202,221
2024-01-31 06:42:00,49.4,49.5,204,213
2024-01-31 06:44:00,49.6,49.6,204,211
2024-01-31 06:46:00,49.6,49.6,205,219
2024-01-31 06:48:00,49.6,49.6,205,216
2024-01-31 06:50:00,49.6,49.6,207,219
2024-01-31 06:52:00,49.4,49.4,204,220
2024-01-31 06:54:00,49.6,49.6,204,216
2024-01-31 06:56:00,49.5,49.5,203,221
2024-01-31 06:58:00,49.6,49.6,204,217
2024-01-31 07:00:00,49.3,49.3,203,210
2024-01-31 07:02:00,49.6,49.6,203,214
2024-01-31 07:04:00,49.7,49.6,204,211
2024-01-31 07:06:00,49.7,49.7,207,215
2024-01-31 07:08:00,49.7,49.8,206,216
2024-01-31 07:10:00,49.5,49.6,206,216
2024-01-31 07:12:00,49.7,49.6,204,214
2024-01-31 07:14:00,49.6,49.6,203,211
2024-01-31 07:16:00,49.4,49.5,203,211
2024-01-31 07:18:00,49.8,49.8,207,209
2024-01-31 07:20:00,49.7,49.8,204,209
2024-01-31 07:22:00,49.7,49.7,207,219
2024-01-31 07:24:00,49.8,49.8,205,216
2024-01-31 07:26:00,49.4,49.5,204,212
2024-01-31 07:28:00,49.6,49.6,204,219
2024-01-31 07:30:00,49.5,49.5,207,219
2024-01-31 07:32:00,49.5,49.5,204,218
2024-01-31 07:34:00,49.6,49.6,207,223
2024-01-31 07:36:00,49.6,49.5,207,221
2024-01-31 07:38:00,49.6,49.6,205,215
2024-01-31 07:40:00,49.7,49.6,203,219
2024-01-31 07:42:00,49.6,49.6,206,221
2024-01-31 07:44:00,49.9,49.9,207,221
2024-01-31 07:46:00,49.8,49.9,206,223
2024-01-31 07:48:00,49.7,49.7,207,221
2024-01-31 07:50:00,49.9,50.0,205,220
2024-01-31 07:52:00,49.9,49.9,204,217
2024-01-31 07:54:00,49.9,49.9,206,221
2024-01-31 07:56:00,49.9,49.8,205,216
2024-01-31 07:58:00,50.1,50.1,202,219
2024-01-31 08:00:00,50.0,50.0,203,226
2024-01-31 08:02:00,50.1,50.2,204,223
2024-01-31 08:04:00,49.9,50.0,202,224
2024-01-31 08:06:00,49.8,49.7,204,221
2024-01-31 08:08:00,49.8,49.8,203,218
2024-01-31 08:10:00,49.7,49.7,204,216
2024-01-31 08:12:00,49.8,49.8,202,216
2024-01-31 08:14:00,49.8,49.8,204,215
2024-01-31 08:16:00,49.9,49.9,202,218
2024-01-31 08:18:00,49.9,49.8,202,215
2024-01-31 08:20:00,49.9,49.9,201,216
2024-01-31 08:22:00,49.8,49.8,204,216
2024-01-31 08:24:00,49.8,49.8,199,216
2024-01-31 08:26:00,49.9,49.9,199,216
2024-01-31 08:28:00,49.9,49.8,203,216
2024-01-31 08:30:00,50.1,50.0,200,213
2024-01-31 08:32:00,50.0,49.9,197,214
2024-01-31 08:34:00,49.9,49.9,199,216
2024-01-31 08:36:00,50.0,50.0,199,216
2024-01-31 08:38:00,49.8,49.8,198,217
2024-01-31 08:40:00,49.7,49.8,197,216
2024-01-31 08:42:00,49.9,49.8,202,214
2024-01-31 08:44:00,49.8,49.8,196,213
2024-01-31 08:46:00,50.0,50.0,195,211
2024-01-31 08:48:00,49.9,49.9,197,212
2024-01-31 08:50:00,49.7,49.7,202,207
2024-01-31 08:52:00,49.9,50.0,200,209
2024-01-31 08:54:00,49.7,49.7,202,209
2024-01-31 08:56:00,50.0,49.9,202,206
2024-01-31 08:58:00,49.9,49.9,198,207
2024-01-31 09:00:00,49.7,49.7,199,207
2024-01-31 09:02:00,49.8,49.8,201,207
2024-01-31 09:04:00,49.8,49.8,201,207
2024-01-31 09:06:00,49.9,49.9,198,205
2024-01-31 09:08:00,49.8,49.8,201,207
2024-01-31 09:10:00,49.8,49.8,199,204
2024-01-31 09:12:00,49.7,49.7,199,207
2024-01-31 09:14:00,49.5,49.5,199,207
2024-01-31 09:16:00,50.0,50.1,200,207
2024-01-31 09:18:00,49.8,49.8,199,208
2024-01-31 09:20:00,49.8,49.8,199,207
2024-01-31 09:22:00,49.5,49.4,199,206
2024-01-31 09:24:00,49.8,49.7,199,202
2024-01-31 09:26:00,49.8,49.8,196,207
2024-01-31 09:28:00,49.8,49.8,199,208
2024-01-31 09:30:00,49.8,49.8,201,212
2024-01-31 09:32:00,49.6,49.7,201,216
2024-01-31 09:34:00,49.7,49.6,199,210
2024-01-31 09:36:00,49.7,49.7,200,207
2024-01-31 09:38:00,49.8,49.9,200,205
2024-01-31 09:40:00,49.8,49.9,197,204
2024-01-31 09:42:00,49.7,49.7,199,207
2024-01-31 09:44:00,49.7,49.7,194,208
2024-01-31 09:46:00,49.5,49.5,195,208
2024-01-31 09:48:00,49.9,49.9,192,211
2024-01-31 09:50:00,49.9,49.9,194,210
2024-01-31 09:52:00,49.7,49.7,196,205
2024-01-31 09:54:00,49.5,49.5,199,207
2024-01-31 09:56:00,49.6,49.6,199,203
2024-01-31 09:58:00,49.7,49.6,197,202
2024-01-31 10:00:00,49.7,49.7,201,199
2024-01-31 10:02:00,49.8,49.9,201,204
2024-01-31 10:04:00,49.8,49.7,201,199
2024-01-31 10:06:00,49.4,49.3,201,199
2024-01-31 10:08:00,49.5,49.6,199,204
2024-01-31 10:10:00,49.4,49.4,199,203
2024-01-31 10:12:00,50.0,50.0,197,199
2024-01-31 10:14:00,49.9,49.9,191,204
2024-01-31 10:16:00,49.5,49.5,197,204
2024-01-31 10:18:00,49.6,49.5,197,201
2024-01-31 10:20:00,49.6,49.6,199,206
2024-01-31 10:22:00,49.8,49.8,196,204
2024-01-31 10:24:00,49.8,49.8,199,204
2024-01-31 10:26:00,49.5,49.5,198,203
2024-01-31 10:28:00,49.7,49.7,194,204
2024-01-31 10:30:00,49.7,49.7,198,202
2024-01-31 10:32:00,49.6,49.6,199,202
2024-01-31 10:34:00,49.6,49.5,197,203
2024-01-31 10:36:00,49.6,49.6,196,203
2024-01-31 10:38:00,49.8,49.8,196,202
2024-01-31 10:40:00,49.9,49.8,196,204
2024-01-31 10:42:00,49.9,49.9,197,202
2024-01-31 10:44:00,49.5,49.5,197,206
2024-01-31 10:46:00,49.7,49.6,197,207
2024-01-31 10:48:00,49.5,49.5,201,204
2024-01-31 10:50:00,49.5,49.5,195,204
2024-01-31 10:52:00,49.7,49.6,199,200
2024-01-31 10:54:00,49.7,49.8,198,202
2024-01-31 10:56:00,49.7,49.8,201,203
2024-01-31 10:58:00,49.6,49.6,199,204
2024-01-31 11:00:00,49.8,49.8,197,200
2024-01-31 11:02:00,49.5,49.5,193,201
2024-01-31 11:04:00,49.6,49.6,193,204
2024-01-31 11:06:00,49.8,49.7,196,209
2024-01-31 11:08:00,49.3,49.3,193,204
2024-01-31 11:10:00,49.7,49.7,196,209
2024-01-31 11:12:00,49.7,49.6,196,207
2024-01-31 11:14:00,49.8,49.8,195,206
2024-01-31 11:16:00,49.7,49.6,197,204
2024-01-31 11:18:00,50.0,50.0,199,206
2024-01-31 11:20:00,49.5,49.5,198,200
2024-01-31 11:22:00,49.9,50.0,197,208
2024-01-31 11:24:00,49.9,49.9,196,205
2024-01-31 11:26:00,49.7,49.7,198,203
2024-01-31 11:28:00,49.7,49.6,196,202
2024-01-31 11:30:00,49.5,49.5,197,204
2024-01-31 11:32:00,49.5,49.5,196,203
2024-01-31 11:34:00,49.6,49.6,198,204
2024-01-31 11:36:00,49.8,49.8,197,205
2024-01-31 11:38:00,49.8,49.9,198,207
2024-01-31 11:40:00,49.7,49.7,199,209
2024-01-31 11:42:00,49.8,49.8,199,206
2024-01-31 11:44:00,49.7,49.7,195,207
2024-01-31 11:46:00,49.9,49.9,193,205
2024-01-31 11:48:00,49.7,49.7,195,205
2024-01-31 11:50:00,49.8,49.7,200,204
2024-01-31 11:52:00,49.6,49.6,196,202
2024-01-31 11:54:00,49.7,49.6,193,207
2024-01-31 11:56:00,49.8,49.7,194,207
2024-01-31 11:58:00,49.6,49.6,195,205
2024-01-31 12:00:00,49.9,50.0,198,207
2024-01-31 12:02:00,49.7,49.7,199,204
2024-01-31 12:04:00,49.3,49.3,200,206
2024-01-31 12:06:00,49.6,49.6,199,205
2024-01-31 12:08:00,49.7,49.7,196,202
2024-01-31 12:10:00,49.7,49.7,197,199
2024-01-31 12:12:00,49.7,49.8,197,200
2024-01-31 12:14:00,50.0,50.0,200,197
2024-01-31 12:16:00,49.6,49.7,197,197
2024-01-31 12:18:00,49.3,49.4,197,195
2024-01-31 12:20:00,49.6,49.7,197,202
2024-01-31 12:22:00,49.7,49.8,197,207
2024-01-31 12:24:00,50.0,49.9,199,202
2024-01-31 12:26:00,49.6,49.6,197,206
2024-01-31 12:28:00,49.6,49.6,196,204
2024-01-31 12:30:00,49.8,49.8,197,206
2024-01-31 12:32:00,49.7,49.6,198,202
2024-01-31 12:34:00,49.0,49.0,199,194
2024-01-31 12:36:00,49.4,49.4,198,199
2024-01-31 12:38:00,49.3,49.3,197,199
2024-01-31 12:40:00,49.5,49.5,197,199
2024-01-31 12:42:00,49.3,49.3,195,197
2024-01-31 12:44:00,49.6,49.5,197,196
2024-01-31 12:46:00,49.4,49.4,195,196
2024-01-31 12:48:00,49.4,49.4,197,196
2024-01-31 12:50:00,49.5,49.4,199,191
2024-01-31 12:52:00,49.3,49.4,195,196
2024-01-31 12:54:00,49.1,49.1,197,197
2024-01-31 12:56:00,49.5,49.4,197,195
2024-01-31 12:58:00,49.8,49.7,197,194
2024-01-31 13:00:00,49.8,49.8,198,194
2024-01-31 13:02:00,49.6,49.6,195,197
2024-01-31 13:04:00,49.3,49.3,199,200
2024-01-31 13:06:00,49.2,49.3,196,199
2024-01-31 13:08:00,49.5,49.5,196,197
2024-01-31 13:10:00,49.4,49.4,194,199
2024-01-31 13:12:00,49.6,49.6,196,200
2024-01-31 13:14:00,49.5,49.5,197,197
2024-01-31 13:16:00,49.6,49.6,196,199
2024-01-31 13:18:00,49.7,49.6,197,198
2024-01-31 13:20:00,49.4,49.3,199,198
2024-01-31 13:22:00,49.5,49.4,194,199
2024-01-31 13:24:00,49.5,49.5,195,199
2024-01-31 13:26:00,49.7,49.7,194,204
2024-01-31 13:28:00,49.8,49.9,195,201
2024-01-31 13:30:00,49.5,49.5,198,194
2024-01-31 13:32:00,49.5,49.5,197,197
2024-01-31 13:34:00,49.4,49.3,196,190
2024-01-31 13:36:00,49.6,49.6,197,188
2024-01-31 13:38:00,49.9,50.0,194,194
2024-01-31 13:40:00,49.7,49.7,198,192
2024-01-31 13:42:00,49.7,49.6,196,200
2024-01-31 13:44:00,49.6,49.6,197,194
2024-01-31 13:46:00,49.6,49.6,191,202
2024-01-31 13:48:00,49.6,49.6,194,199
2024-01-31 13:50:00,49.3,49.3,194,200
2024-01-31 13:52:00,49.6,49.4,195,202
2024-01-31 13:54:00,49.8,49.8,198,202
2024-01-31 13:56:00,49.7,49.8,197,205
2024-01-31 13:58:00,49.6,49.6,197,202
2024-01-31 14:00:00,49.7,49.7,194,204
2024-01-31 14:02:00,49.4,49.3,195,202
2024-01-31 14:04:00,49.3,49.3,197,202
2024-01-31 14:06:00,49.4,49.5,196,200
2024-01-31 14:08:00,49.6,49.6,194,199
2024-01-31 14:10:00,49.5,49.5,197,197
2024-01-31 14:12:00,49.7,49.7,195,197
2024-01-31 14:14:00,49.5,49.6,198,194
2024-01-31 14:16:00,49.6,49.6,197,194
2024-01-31 14:18:00,49.5,49.5,197,194
2024-01-31 14:20:00,49.3,49.3,196,195
2024-01-31 14:22:00,49.7,49.6,199,197
2024-01-31 14:24:00,49.4,49.4,196,199
2024-01-31 14:26:00,49.8,49.8,196,197
2024-01-31 14:28:00,49.5,49.5,197,195
2024-01-31 14:30:00,49.7,49.7,197,195
2024-01-31 14:32:00,49.5,49.5,198,192
2024-01-31 14:34:00,49.5,49.5,193,192
2024-01-31 14:36:00,49.5,49.4,197,188
2024-01-31 14:38:00,49.5,49.4,194,197
2024-01-31 14:40:00,49.4,49.5,192,196
2024-01-31 14:42:00,49.7,49.7,194,197
2024-01-31 14:44:00,49.6,49.7,198,199
2024-01-31 14:46:00,49.7,49.8,196,199
2024-01-31 14:48:00,49.9,49.9,197,199
2024-01-31 14:50:00,49.3,49.2,194,197
2024-01-31 14:52:00,49.2,49.3,198,201
2024-01-31 14:54:00,49.6,49.6,199,198
2024-01-31 14:56:00,49.7,49.8,198,202
2024-01-31 14:58:00,49.6,49.6,198,197
2024-01-31 15:00:00,49.3,49.3,197,197
2024-01-31 15:02:00,49.6,49.7,196,199
2024-01-31 15:04:00,49.4,49.5,197,194
2024-01-31 15:06:00,49.2,49.2,197,195
2024-01-31 15:08:00,49.5,49.5,198,190
2024-01-31 15:10:00,49.6,49.5,199,194
2024-01-31 15:12:00,49.6,49.7,199,195
2024-01-31 15:14:00,49.7,49.8,199,195
2024-01-31 15:16:00,49.5,49.6,199,197
2024-01-31 15:18:00,49.4,49.4,196,197
2024-01-31 15:20:00,49.4,49.3,193,199
2024-01-31 15:22:00,49.6,49.6,199,197
2024-01-31 15:24:00,49.6,49.6,199,195
2024-01-31 15:26:00,49.4,49.3,195,195
2024-01-31 15:28:00,49.9,49.8,199,193
2024-01-31 15:30:00,49.6,49.6,199,198
2024-01-31 15:32:00,49.6,49.6,197,197
2024-01-31 15:34:00,49.4,49.3,197,201
2024-01-31 15:36:00,49.5,49.4,194,200
2024-01-31 15:38:00,49.8,49.7,199,200
2024-01-31 15:40:00,49.8,49.8,198,203
2024-01-31 15:42:00,49.7,49.6,197,198
2024-01-31 15:44:00,49.6,49.7,197,199
2024-01-31 15:46:00,49.6,49.7,197,199
2024-01-31 15:48:00,49.3,49.3,194,195
2024-01-31 15:50:00,49.4,49.4,197,194
2024-01-31 15:52:00,49.8,49.7,199,197
2024-01-31 15:54:00,49.3,49.3,199,194
2024-01-31 15:56:00,49.8,49.7,197,192
2024-01-31 15:58:00,49.6,49.6,196,192
2024-01-31 16:00:00,49.3,49.3,199,192
2024-01-31 16:02:00,49.4,49.3,197,190
2024-01-31 16:04:00,49.1,49.0,194,197
2024-01-31 16:06:00,49.1,49.0,197,196
2024-01-31 16:08:00,49.1,49.1,195,194
2024-01-31 16:10:00,49.1,49.1,197,196
2024-01-31 16:12:00,49.3,49.3,197,200
2024-01-31 16:14:00,49.2,49.2,198,201
2024-01-31 16:16:00,49.2,49.3,199,195
2024-01-31 16:18:00,49.4,49.4,197,196
2024-01-31 16:20:00,49.2,49.2,197,193
2024-01-31 16:22:00,49.3,49.2,197,194
2024-01-31 16:24:00,49.4,49.4,197,192
2024-01-31 16:26:00,49.4,49.4,199,192
2024-01-31 16:28:00,49.4,49.4,197,194
2024-01-31 16:30:00,49.3,49.4,197,196
2024-01-31 16:32:00,49.7,49.6,196,196
2024-01-31 16:34:00,49.4,49.4,199,193
2024-01-31 16:36:00,5618,5556,0,0
2024-01-31 16:38:00,9804,1972,0,0
2024-01-31 16:40:00,49.6,49.7,200,207
2024-01-31 16:42:00,49.7,49.8,201,209
2024-01-31 16:44:00,54.0,53.8,202,224
2024-01-31 16:46:00,49.7,49.8,198,209
2024-01-31 16:48:00,49.9,49.9,196,207
2024-01-31 16:50:00,49.6,49.6,197,209
2024-01-31 16:52:00,49.6,49.7,200,206
2024-01-31 16:54:00,49.7,49.7,199,205
2024-01-31 16:56:00,49.6,49.6,198,201
2024-01-31 16:58:00,53.6,53.9,193,223
2024-01-31 17:00:00,49.3,49.4,198,211
2024-01-31 17:02:00,49.7,49.7,201,208
2024-01-31 17:04:00,49.9,49.9,199,204
2024-01-31 17:06:00,49.5,49.5,199,204
2024-01-31 17:08:00,49.5,49.5,198,204
2024-01-31 17:10:00,49.5,49.6,197,199
2024-01-31 17:12:00,49.2,49.2,200,192
2024-01-31 17:14:00,49.3,49.4,199,192
2024-01-31 17:16:00,49.4,49.4,199,194
2024-01-31 17:18:00,49.7,49.6,198,195
2024-01-31 17:20:00,49.8,49.7,201,195
2024-01-31 17:22:00,49.5,49.5,202,202
2024-01-31 17:24:00,49.6,49.6,197,202
2024-01-31 17:26:00,49.2,49.2,199,202
2024-01-31 17:28:00,49.6,49.6,199,205
2024-01-31 17:30:00,49.5,49.6,201,202
2024-01-31 17:32:00,49.6,49.7,197,203
2024-01-31 17:34:00,49.6,49.6,197,202
2024-01-31 17:36:00,49.5,49.4,200,204
2024-01-31 17:38:00,49.6,49.6,197,209
2024-01-31 17:40:00,49.4,49.4,199,209
2024-01-31 17:42:00,49.5,49.5,199,209
2024-01-31 17:44:00,49.3,49.3,199,207
2024-01-31 17:46:00,49.6,49.6,199,204
2024-01-31 17:48:00,49.3,49.4,198,202
2024-01-31 17:50:00,49.1,49.1,198,199
2024-01-31 17:52:00,49.3,49.4,199,199
2024-01-31 17:54:00,49.1,49.1,197,198
2024-01-31 17:56:00,49.6,49.5,197,196
2024-01-31 17:58:00,49.2,49.2,197,198
2024-01-31 18:00:00,48.9,48.8,199,197
2024-01-31 18:02:00,49.1,49.1,199,196
2024-01-31 18:04:00,49.0,49.0,197,195
2024-01-31 18:06:00,49.2,49.2,199,194
2024-01-31 18:08:00,49.2,49.2,197,192
2024-01-31 18:10:00,49.0,49.0,198,192
2024-01-31 18:12:00,49.3,49.3,197,198
2024-01-31 18:14:00,49.3,49.3,197,198
2024-01-31 18:16:00,49.3,49.4,196,200
2024-01-31 18:18:00,49.3,49.2,198,196
2024-01-31 18:20:00,49.3,49.3,197,198
2024-01-31 18:22:00,49.0,49.0,199,199
2024-01-31 18:24:00,49.0,49.0,198,196
2024-01-31 18:26:00,49.0,48.9,197,197
2024-01-31 18:28:00,49.6,49.6,198,198
2024-01-31 18:30:00,49.0,49.0,199,199
2024-01-31 18:32:00,49.4,49.4,196,200
2024-01-31 18:34:00,49.2,49.2,196,200
2024-01-31 18:36:00,49.0,49.0,197,200
2024-01-31 18:38:00,49.1,49.1,196,201
2024-01-31 18:40:00,49.0,49.0,194,195
2024-01-31 18:42:00,48.9,48.9,196,194
2024-01-31 18:44:00,49.1,49.0,197,196
2024-01-31 18:46:00,48.8,48.8,197,196
2024-01-31 18:48:00,49.0,49.0,196,197
2024-01-31 18:50:00,48.8,48.8,196,194
2024-01-31 18:52:00,49.1,49.1,197,193
2024-01-31 18:54:00,49.2,49.2,193,199
2024-01-31 18:56:00,49.0,49.0,193,199
2024-01-31 18:58:00,49.1,49.1,193,200
2024-01-31 19:00:00,49.2,49.2,192,199
2024-01-31 19:02:00,49.3,49.2,193,197
2024-01-31 19:04:00,49.5,49.5,199,200
2024-01-31 19:06:00,49.3,49.3,197,197
2024-01-31 19:08:00,49.0,49.0,197,198
2024-01-31 19:10:00,49.0,49.1,198,197
2024-01-31 19:12:00,49.1,49.2,199,198
2024-01-31 19:14:00,49.1,49.1,196,198
2024-01-31 19:16:00,48.9,48.8,194,197
2024-01-31 19:18:00,49.3,49.3,199,201
2024-01-31 19:20:00,49.2,49.1,196,199
2024-01-31 19:22:00,49.3,49.3,198,196
2024-01-31 19:24:00,49.4,49.4,198,196
2024-01-31 19:26:00,49.2,49.3,197,191
2024-01-31 19:28:00,49.1,49.2,199,192
2024-01-31 19:30:00,49.1,49.1,194,195
2024-01-31 19:32:00,49.1,49.1,198,194
2024-01-31 19:34:00,49.0,49.0,196,200
2024-01-31 19:36:00,49.1,49.1,196,202
2024-01-31 19:38:00,49.1,49.1,197,199
2024-01-31 19:40:00,49.3,49.4,197,200
2024-01-31 19:42:00,49.5,49.5,197,200
2024-01-31 19:44:00,49.1,49.1,197,199
2024-01-31 19:46:00,49.5,49.4,195,199
2024-01-31 19:48:00,49.2,49.2,197,199
2024-01-31 19:50:00,49.5,49.5,197,197
2024-01-31 19:52:00,49.2,49.2,195,201
2024-01-31 19:54:00,49.1,49.0,197,199
2024-01-31 19:56:00,49.2,49.2,197,198
2024-01-31 19:58:00,49.3,49.3,195,200
2024-01-31 20:00:00,49.0,49.0,197,201
2024-01-31 20:02:00,49.2,49.3,199,199
2024-01-31 20:04:00,49.3,49.3,199,198
2024-01-31 20:06:00,49.1,49.2,197,196
2024-01-31 20:08:00,49.3,49.3,192,199
2024-01-31 20:10:00,49.2,49.3,194,202
2024-01-31 20:12:00,49.4,49.4,192,201
2024-01-31 20:14:00,49.2,49.2,196,199
2024-01-31 20:16:00,49.3,49.4,199,201
2024-01-31 20:18:00,49.5,49.5,196,200
2024-01-31 20:20:00,49.2,49.2,193,202
2024-01-31 20:22:00,49.4,49.3,194,200
2024-01-31 20:24:00,49.1,49.0,194,202
2024-01-31 20:26:00,49.2,49.2,198,197
2024-01-31 20:28:00,49.2,49.2,197,196
2024-01-31 20:30:00,49.2,49.3,195,200
2024-01-31 20:32:00,49.5,49.6,197,199
2024-01-31 20:34:00,49.5,49.5,197,200
2024-01-31 20:36:00,49.3,49.4,197,203
2024-01-31 20:38:00,49.6,49.6,199,204
2024-01-31 20:40:00,49.5,49.5,197,204
2024-01-31 20:42:00,49.5,49.5,196,203
2024-01-31 20:44:00,49.3,49.4,197,201
2024-01-31 20:46:00,49.3,49.3,199,204
2024-01-31 20:48:00,49.4,49.4,197,203
2024-01-31 20:50:00,49.3,49.3,198,200
2024-01-31 20:52:00,49.5,49.5,199,201
2024-01-31 20:54:00,49.3,49.3,199,199
2024-01-31 20:56:00,49.5,49.5,197,201
2024-01-31 20:58:00,49.6,49.6,197,202
2024-01-31 21:00:00,49.6,49.5,197,199
2024-01-31 21:02:00,49.8,49.8,197,201
2024-01-31 21:04:00,49.5,49.5,197,198
2024-01-31 21:06:00,49.6,49.6,199,199
2024-01-31 21:08:00,49.6,49.6,200,199
2024-01-31 21:10:00,49.5,49.5,197,201
2024-01-31 21:12:00,49.8,49.8,200,204
2024-01-31 21:14:00,49.6,49.6,198,196
2024-01-31 21:16:00,49.6,49.6,197,200
2024-01-31 21:18:00,49.6,49.5,195,204
2024-01-31 21:20:00,49.7,49.7,197,204
2024-01-31 21:22:00,49.6,49.6,199,209
2024-01-31 21:24:00,49.6,49.7,198,209
2024-01-31 21:26:00,49.8,49.8,198,207
2024-01-31 21:28:00,49.9,49.8,196,209
2024-01-31 21:30:00,49.5,49.5,199,204
2024-01-31 21:32:00,49.5,49.5,199,210
2024-01-31 21:34:00,49.5,49.6,200,209
2024-01-31 21:36:00,49.6,49.6,199,209
2024-01-31 21:38:00,49.5,49.5,197,209
2024-01-31 21:40:00,49.7,49.7,197,210
2024-01-31 21:42:00,49.7,49.7,201,211
2024-01-31 21:44:00,49.8,49.8,201,210
2024-01-31 21:46:00,49.7,49.8,199,208
2024-01-31 21:48:00,49.9,49.9,199,210
2024-01-31 21:50:00,49.8,49.8,200,211
2024-01-31 21:52:00,49.7,49.7,198,208
2024-01-31 21:54:00,49.7,49.6,198,209
2024-01-31 21:56:00,49.6,49.6,199,209
2024-01-31 21:58:00,49.6,49.6,200,210
2024-01-31 22:00:00,49.8,49.8,199,211
2024-01-31 22:02:00,49.6,49.7,198,209
2024-01-31 22:04:00,50.1,50.1,201,214
2024-01-31 22:06:00,50.1,50.1,200,214
2024-01-31 22:08:00,50.0,50.0,201,211
2024-01-31 22:10:00,50.0,50.0,202,215
2024-01-31 22:12:00,49.9,49.9,202,212
2024-01-31 22:14:00,49.8,49.8,201,211
2024-01-31 22:16:00,49.8,49.9,199,214
2024-01-31 22:18:00,50.0,50.0,202,214
2024-01-31 22:20:00,50.0,50.0,200,215
2024-01-31 22:22:00,49.9,50.0,202,214
2024-01-31 22:24:00,50.0,50.0,202,213
2024-01-31 22:26:00,50.0,50.0,201,216
2024-01-31 22:28:00,49.8,49.7,201,216
2024-01-31 22:30:00,50.0,50.1,201,216
2024-01-31 22:32:00,50.0,50.0,202,216
2024-01-31 22:34:00,50.2,50.2,200,218
2024-01-31 22:36:00,49.9,49.9,199,217
2024-01-31 22:38:00,49.9,49.9,202,219
2024-01-31 22:40:00,49.7,49.8,202,216
2024-01-31 22:42:00,49.8,49.8,202,217
2024-01-31 22:44:00,50.0,50.0,202,219
2024-01-31 22:46:00,50.1,50.1,204,219
2024-01-31 22:48:00,50.2,50.2,203,220
2024-01-31 22:50:00,50.2,50.2,200,218
2024-01-31 22:52:00,50.2,50.2,204,220
2024-01-31 22:54:00,49.8,49.8,204,220
2024-01-31 22:56:00,50.0,50.1,203,221
2024-01-31 22:58:00,50.1,50.0,203,221
2024-01-31 23:00:00,50.1,50.0,204,220
2024-01-31 23:02:00,49.9,49.9,203,219
2024-01-31 23:04:00,50.1,50.2,203,221
2024-01-31 23:06:00,50.1,50.1,204,221
2024-01-31 23:08:00,50.2,50.3,206,221
2024-01-31 23:10:00,50.2,50.2,204,221
2024-01-31 23:12:00,49.9,49.8,204,221
2024-01-31 23:14:00,50.0,50.0,205,220
2024-01-31 23:16:00,50.1,50.1,205,221
2024-01-31 23:18:00,50.1,50.1,204,220
2024-01-31 23:20:00,50.2,50.2,206,220
2024-01-31 23:22:00,50.2,50.3,207,221
2024-01-31 23:24:00,50.1,50.1,205,220
2024-01-31 23:26:00,50.3,50.2,206,221
2024-01-31 23:28:00,50.1,50.2,204,221
2024-01-31 23:30:00,50.1,50.0,204,220
2024-01-31 23:32:00,50.0,50.0,203,219
2024-01-31 23:34:00,49.9,49.9,204,219
2024-01-31 23:36:00,50.2,50.2,205,221
2024-01-31 23:38:00,50.2,50.2,204,222
2024-01-31 23:40:00,50.2,50.2,204,221
2024-01-31 23:42:00,50.2,50.2,206,221
2024-01-31 23:44:00,50.1,50.1,205,221
2024-01-31 23:46:00,50.3,50.2,204,221
2024-01-31 23:48:00,50.1,50.0,208,221
2024-01-31 23:50:00,50.2,50.2,208,221
2024-01-31 23:52:00,50.1,50.1,204,220
2024-01-31 23:54:00,50.2,50.3,204,221
2024-01-31 23:56:00,50.3,50.3,206,221
2024-01-31 23:58:00,50.2,50.2,206,222
2024-02-01 00:00:00,50.3,50.3,204,222
2024-02-01 00:02:00,50.5,50.4,206,222
2024-02-01 00:04:00,50.2,50.2,207,221
2024-02-01 00:06:00,50.3,50.3,205,222
2024-02-01 00:08:00,50.2,50.2,205,223
2024-02-01 00:10:00,50.3,50.2,206,223
2024-02-01 00:12:00,50.2,50.2,206,222
2024-02-01 00:14:00,50.3,50.2,204,221
2024-02-01 00:16:00,50.6,50.5,207,223
2024-02-01 00:18:00,50.6,50.6,208,223
2024-02-01 00:20:00,50.4,50.3,206,223
2024-02-01 00:22:00,50.1,50.1,206,222
2024-02-01 00:24:00,50.3,50.3,207,223
2024-02-01 00:26:00,50.1,50.1,206,221
2024-02-01 00:28:00,50.0,50.0,204,221
2024-02-01 00:30:00,50.3,50.3,206,224
2024-02-01 00:32:00,50.2,50.2,206,223
2024-02-01 00:34:00,50.3,50.3,205,223
2024-02-01 00:36:00,50.4,50.4,206,223
2024-02-01 00:38:00,50.5,50.5,207,224
2024-02-01 00:40:00,50.4,50.4,207,225
2024-02-01 00:42:00,50.4,50.4,207,224
2024-02-01 00:44:00,50.2,50.2,208,223
2024-02-01 00:46:00,50.1,50.1,208,223
2024-02-01 00:48:00,50.1,50.1,207,221
2024-02-01 00:50:00,50.4,50.4,207,222
2024-02-01 00:52:00,50.2,50.2,208,224
2024-02-01 00:54:00,50.3,50.3,208,224
2024-02-01 00:56:00,50.4,50.3,207,223
2024-02-01 00:58:00,50.4,50.5,208,224
2024-02-01 01:00:00,50.3,50.3,208,224
2024-02-01 01:02:00,50.3,50.3,207,226
2024-02-01 01:04:00,50.2,50.2,207,225
2024-02-01 01:06:00,50.0,50.0,208,223
2024-02-01 01:08:00,50.4,50.4,208,224
2024-02-01 01:10:00,50.1,50.0,207,223
2024-02-01 01:12:00,50.3,50.2,209,224
2024-02-01 01:14:00,50.5,50.4,209,226
2024-02-01 01:16:00,50.4,50.4,207,225
2024-02-01 01:18:00,50.4,50.4,207,225
2024-02-01 01:20:00,50.4,50.3,209,225
2024-02-01 01:22:00,50.2,50.1,208,225
2024-02-01 01:24:00,50.2,50.2,206,227
2024-02-01 01:26:00,50.3,50.3,208,227
2024-02-01 01:28:00,50.3,50.2,207,226
2024-02-01 01:30:00,50.3,50.4,207,227
2024-02-01 01:32:00,50.2,50.3,207,226
2024-02-01 01:34:00,50.4,50.4,209,227
2024-02-01 01:36:00,50.5,50.5,209,228
2024-02-01 01:38:00,50.4,50.4,208,228
2024-02-01 01:40:00,50.2,50.2,209,226
2024-02-01 01:42:00,50.4,50.4,209,226
2024-02-01 01:44:00,50.2,50.2,208,226
2024-02-01 01:46:00,50.0,50.0,207,226
2024-02-01 01:48:00,50.2,50.2,209,228
2024-02-01 01:50:00,50.2,50.2,209,227
2024-02-01 01:52:00,50.4,50.4,207,226
2024-02-01 01:54:00,50.4,50.4,209,226
2024-02-01 01:56:00,50.3,50.3,209,227
2024-02-01 01:58:00,50.5,50.5,208,227
2024-02-01 02:00:00,50.5,50.4,208,228
2024-02-01 02:02:00,50.2,50.3,209,228
2024-02-01 02:04:00,50.0,50.0,208,226
2024-02-01 02:06:00,50.1,50.1,207,226
2024-02-01 02:08:00,50.2,50.1,209,226
2024-02-01 02:10:00,50.5,50.4,209,226
2024-02-01 02:12:00,50.5,50.6,208,228
2024-02-01 02:14:00,50.3,50.3,208,227
2024-02-01 02:16:00,50.3,50.3,209,226
2024-02-01 02:18:00,50.5,50.4,207,226
2024-02-01 02:20:00,50.3,50.3,207,226
2024-02-01 02:22:00,50.2,50.1,209,226
2024-02-01 02:24:00,50.3,50.3,209,228
2024-02-01 02:26:00,50.1,50.1,208,227
2024-02-01 02:28:00,50.3,50.3,209,227
2024-02-01 02:30:00,50.3,50.3,210,226
2024-02-01 02:32:00,50.4,50.4,209,226
2024-02-01 02:34:00,50.4,50.5,209,226
2024-02-01 02:36:00,50.3,50.3,209,228
2024-02-01 02:38:00,50.2,50.2,209,226
2024-02-01 02:40:00,50.1,50.1,208,226
2024-02-01 02:42:00,50.3,50.3,208,225
2024-02-01 02:44:00,50.4,50.4,209,225
2024-02-01 02:46:00,50.2,50.2,207,225
2024-02-01 02:48:00,50.4,50.3,207,226
2024-02-01 02:50:00,50.5,50.5,209,226
2024-02-01 02:52:00,50.2,50.3,209,225
2024-02-01 02:54:00,50.3,50.3,209,225
2024-02-01 02:56:00,50.2,50.2,209,225
2024-02-01 02:58:00,50.2,50.1,207,228
2024-02-01 03:00:00,50.2,50.2,204,230
2024-02-01 03:02:00,50.4,50.4,204,230
2024-02-01 03:04:00,50.3,50.2,207,230
2024-02-01 03:06:00,50.3,50.4,207,231
2024-02-01 03:08:00,50.4,50.3,207,231
2024-02-01 03:10:00,50.4,50.4,208,231
2024-02-01 03:12:00,50.1,50.1,208,231
2024-02-01 03:14:00,50.2,50.2,206,230
2024-02-01 03:16:00,50.2,50.2,206,229
2024-02-01 03:18:00,50.1,50.1,207,231
2024-02-01 03:20:00,50.4,50.3,207,231
2024-02-01 03:22:00,50.4,50.3,206,231
2024-02-01 03:24:00,50.6,50.6,209,232
2024-02-01 03:26:00,50.2,50.3,207,232
2024-02-01 03:28:00,50.3,50.3,208,231
2024-02-01 03:30:00,50.4,50.3,207,231
2024-02-01 03:32:00,50.3,50.3,209,231
2024-02-01 03:34:00,50.4,50.4,209,230
2024-02-01 03:36:00,50.3,50.3,205,231
2024-02-01 03:38:00,50.2,50.3,207,232
2024-02-01 03:40:00,50.3,50.2,207,231
2024-02-01 03:42:00,50.5,50.5,209,231
2024-02-01 03:44:00,50.2,50.1,209,228
2024-02-01 03:46:00,50.5,50.5,207,231
2024-02-01 03:48:00,50.2,50.2,207,231
2024-02-01 03:50:00,50.3,50.3,209,231
2024-02-01 03:52:00,50.2,50.2,210,231
2024-02-01 03:54:00,50.3,50.3,210,231
2024-02-01 03:56:00,50.4,50.4,207,231
2024-02-01 03:58:00,50.2,50.1,209,229
2024-02-01 04:00:00,50.3,50.3,209,229
2024-02-01 04:02:00,50.3,50.3,209,231
2024-02-01 04:04:00,50.2,50.2,205,231
2024-02-01 04:06:00,50.2,50.3,209,228
2024-02-01 04:08:00,50.3,50.3,209,229
2024-02-01 04:10:00,50.2,50.2,208,228
2024-02-01 04:12:00,49.8,49.8,204,228
2024-02-01 04:14:00,50.2,50.2,207,231
2024-02-01 04:16:00,49.9,49.9,211,231
2024-02-01 04:18:00,49.9,49.9,209,230
2024-02-01 04:20:00,49.8,49.9,211,229
2024-02-01 04:22:00,50.1,50.1,211,229
2024-02-01 04:24:00,50.0,50.0,207,231
2024-02-01 04:26:00,49.9,49.9,210,231
2024-02-01 04:28:00,50.2,50.2,210,231
2024-02-01 04:30:00,50.0,49.9,211,228
2024-02-01 04:32:00,50.0,50.0,207,228
2024-02-01 04:34:00,49.9,49.8,208,228
2024-02-01 04:36:00,50.1,50.1,208,229
2024-02-01 04:38:00,49.9,50.0,207,228
2024-02-01 04:40:00,50.0,50.0,207,230
2024-02-01 04:42:00,50.0,50.0,209,229
2024-02-01 04:44:00,50.1,50.1,209,228
2024-02-01 04:46:00,50.1,50.1,210,228
2024-02-01 04:48:00,49.9,50.0,209,228
2024-02-01 04:50:00,49.6,49.6,209,229
2024-02-01 04:52:00,49.9,50.0,209,228
2024-02-01 04:54:00,49.8,49.9,209,228
2024-02-01 04:56:00,50.0,49.9,208,228
2024-02-01 04:58:00,49.8,49.9,207,228
2024-02-01 05:00:00,49.8,49.8,211,228
2024-02-01 05:02:00,50.0,49.9,211,226
2024-02-01 05:04:00,49.9,49.9,207,226
2024-02-01 05:06:00,50.2,50.2,208,226
2024-02-01 05:08:00,50.3,50.3,208,230
2024-02-01 05:10:00,50.0,50.0,207,228
2024-02-01 05:12:00,50.1,50.1,207,226
2024-02-01 05:14:00,50.2,50.1,208,223
2024-02-01 05:16:00,50.3,50.3,209,225
2024-02-01 05:18:00,50.0,50.0,209,223
2024-02-01 05:20:00,50,50.0,210,220
2024-02-01 05:22:00,50.2,50.2,207,223
2024-02-01 05:24:00,50.1,50.1,208,223
2024-02-01 05:26:00,50.0,50.0,208,223
2024-02-01 05:28:00,49.9,50.0,208,224
2024-02-01 05:30:00,50.1,50.1,209,224
2024-02-01 05:32:00,49.9,50.0,207,226
2024-02-01 05:34:00,49.9,50.0,208,224
2024-02-01 05:36:00,50.0,50.0,207,226
2024-02-01 05:38:00,49.8,49.9,207,223
2024-02-01 05:40:00,50.0,50.0,209,221
2024-02-01 05:42:00,49.8,49.9,206,217
2024-02-01 05:44:00,50.0,50.0,209,219
2024-02-01 05:46:00,49.9,49.9,208,218
2024-02-01 05:48:00,49.8,49.8,205,221
2024-02-01 05:50:00,49.9,49.9,207,223
2024-02-01 05:52:00,49.9,49.9,206,226
2024-02-01 05:54:00,49.7,49.8,206,220
2024-02-01 05:56:00,49.7,49.7,207,221
2024-02-01 05:58:00,49.9,49.9,209,219
2024-02-01 06:00:00,50.0,50.0,203,221
2024-02-01 06:02:00,49.9,49.9,208,218
2024-02-01 06:04:00,49.3,49.3,206,218
2024-02-01 06:06:00,49.7,49.6,209,217
2024-02-01 06:08:00,49.7,49.7,208,216
2024-02-01 06:10:00,49.7,49.8,207,216
2024-02-01 06:12:00,49.4,49.4,205,216
2024-02-01 06:14:00,49.3,49.3,203,213
2024-02-01 06:16:00,49.5,49.4,206,214
2024-02-01 06:18:00,49.8,49.8,206,216
2024-02-01 06:20:00,49.5,49.5,206,215
2024-02-01 06:22:00,49.5,49.5,203,220
2024-02-01 06:24:00,49.6,66.3,202,224
2024-02-01 06:26:00,49.8,49.8,206,221
2024-02-01 06:28:00,49.8,49.7,202,214
2024-02-01 06:30:00,49.3,49.4,202,216
2024-02-01 06:32:00,49.0,49.0,203,214
2024-02-01 06:34:00,49.4,49.5,207,221
2024-02-01 06:36:00,49.5,49.5,203,219
2024-02-01 06:38:00,49.4,49.4,204,214
2024-02-01 06:40:00,49.6,49.6,204,221
2024-02-01 06:42:00,49.6,49.7,201,220
2024-02-01 06:44:00,49.4,49.5,203,223
2024-02-01 06:46:00,49.5,49.5,205,216
2024-02-01 06:48:00,49.3,49.3,207,213
2024-02-01 06:50:00,49.1,49.1,202,212
2024-02-01 06:52:00,49.6,49.6,204,215
2024-02-01 06:54:00,49.6,49.6,204,215
2024-02-01 06:56:00,49.6,49.7,202,216
2024-02-01 06:58:00,49.6,49.6,201,214
2024-02-01 07:00:00,49.5,49.5,206,205
2024-02-01 07:02:00,49.7,49.6,204,212
2024-02-01 07:04:00,49.4,49.4,199,220
2024-02-01 07:06:00,49.8,49.8,202,220
2024-02-01 07:08:00,49.6,49.7,202,219
2024-02-01 07:10:00,49.8,49.9,201,220
2024-02-01 07:12:00,49.7,49.7,199,223
2024-02-01 07:14:00,49.9,49.9,202,218
2024-02-01 07:16:00,49.2,49.1,200,216
2024-02-01 07:18:00,49.5,49.5,200,211
2024-02-01 07:20:00,49.6,49.6,201,220
2024-02-01 07:22:00,49.6,49.6,202,222
2024-02-01 07:24:00,49.5,49.5,206,214
2024-02-01 07:26:00,49.7,49.8,204,213
2024-02-01 07:28:00,49.6,49.6,208,214
2024-02-01 07:30:00,49.5,49.6,203,216
2024-02-01 07:32:00,49.6,49.6,202,218
2024-02-01 07:34:00,49.6,49.6,204,223
2024-02-01 07:36:00,49.6,49.7,203,222
2024-02-01 07:38:00,49.5,49.5,202,217
2024-02-01 07:40:00,49.9,49.9,206,216
2024-02-01 07:42:00,49.9,50.0,203,222
2024-02-01 07:44:00,49.9,49.9,200,220
2024-02-01 07:46:00,50.0,49.9,204,220
2024-02-01 07:48:00,50,50.0,203,221
2024-02-01 07:50:00,49.9,49.9,205,218
2024-02-01 07:52:00,49.9,49.9,205,222
2024-02-01 07:54:00,50.0,50.0,205,219
2024-02-01 07:56:00,49.7,49.7,205,219
2024-02-01 07:58:00,49.9,50.0,199,216
2024-02-01 08:00:00,50.0,50.0,204,217
2024-02-01 08:02:00,50.0,50,204,211
2024-02-01 08:04:00,49.8,49.8,202,211
2024-02-01 08:06:00,50.3,50.2,201,214
2024-02-01 08:08:00,49.8,49.8,202,211
2024-02-01 08:10:00,49.9,49.9,202,215
2024-02-01 08:12:00,50.0,49.9,201,213
2024-02-01 08:14:00,49.8,49.8,198,212
2024-02-01 08:16:00,50.1,50.1,202,214
2024-02-01 08:18:00,50.0,50.0,202,214
2024-02-01 08:20:00,50.0,50.0,204,211
2024-02-01 08:22:00,50.1,50.1,204,214
2024-02-01 08:24:00,49.9,49.9,204,213
2024-02-01 08:26:00,50.0,50.0,202,216
2024-02-01 08:28:00,49.9,49.8,204,216
2024-02-01 08:30:00,49.7,49.7,204,215
2024-02-01 08:32:00,49.6,49.7,204,209
2024-02-01 08:34:00,49.6,49.6,202,211
2024-02-01 08:36:00,49.7,49.6,203,208
2024-02-01 08:38:00,49.8,49.7,201,211
2024-02-01 08:40:00,49.9,50.0,201,202
2024-02-01 08:42:00,49.8,49.8,202,209
2024-02-01 08:44:00,49.5,49.5,200,204
2024-02-01 08:46:00,49.6,49.6,198,209
2024-02-01 08:48:00,49.6,49.7,202,204
2024-02-01 08:50:00,49.8,49.8,202,202
2024-02-01 08:52:00,49.9,49.9,204,201
2024-02-01 08:54:00,50.0,50.0,201,203
2024-02-01 08:56:00,49.6,49.7,204,204
2024-02-01 08:58:00,50.0,50.0,202,205
2024-02-01 09:00:00,49.5,49.5,200,205
2024-02-01 09:02:00,49.7,49.7,200,203
2024-02-01 09:04:00,49.4,49.4,197,202
2024-02-01 09:06:00,49.6,49.5,199,202
2024-02-01 09:08:00,49.7,49.7,199,201
2024-02-01 09:10:00,49.5,49.5,199,199
2024-02-01 09:12:00,49.7,49.8,197,204
2024-02-01 09:14:00,49.5,49.6,202,202
2024-02-01 09:16:00,49.7,49.7,202,204
2024-02-01 09:18:00,49.4,49.4,204,211
2024-02-01 09:20:00,49.5,49.5,200,210
2024-02-01 09:22:00,49.6,49.6,199,209
2024-02-01 09:24:00,49.9,49.8,201,211
2024-02-01 09:26:00,49.8,49.8,197,211
2024-02-01 09:28:00,49.6,49.5,196,206
2024-02-01 09:30:00,49.8,49.8,197,204
2024-02-01 09:32:00,49.7,49.8,199,206
2024-02-01 09:34:00,49.7,49.7,196,209
2024-02-01 09:36:00,49.5,49.5,199,209
2024-02-01 09:38:00,49.3,49.3,199,207
2024-02-01 09:40:00,49.9,49.9,199,205
2024-02-01 09:42:00,49.5,49.4,198,206
2024-02-01 09:44:00,50.0,49.9,198,207
2024-02-01 09:46:00,49.4,49.6,199,210
2024-02-01 09:48:00,49.6,49.6,195,208
2024-02-01 09:50:00,49.3,49.3,194,208
2024-02-01 09:52:00,49.5,49.6,198,209
2024-02-01 09:54:00,49.5,49.4,199,200
2024-02-01 09:56:00,50.8,50.6,200,202
2024-02-01 09:58:00,49.6,49.6,197,202
2024-02-01 10:00:00,49.6,49.6,202,202
2024-02-01 10:02:00,49.7,49.7,198,205
2024-02-01 10:04:00,49.5,49.4,198,202
2024-02-01 10:06:00,49.6,49.6,199,204
2024-02-01 10:08:00,49.8,49.8,202,209
2024-02-01 10:10:00,49.5,49.4,201,207
2024-02-01 10:12:00,49.4,49.3,198,199
2024-02-01 10:14:00,49.8,49.8,201,203
2024-02-01 10:16:00,49.9,49.8,199,200
2024-02-01 10:18:00,49.6,49.7,199,201
2024-02-01 10:20:00,49.6,49.6,199,198
2024-02-01 10:22:00,49.2,49.3,198,200
2024-02-01 10:24:00,49.3,49.4,199,207
2024-02-01 10:26:00,49.4,49.4,199,205
2024-02-01 10:28:00,49.7,49.7,197,207
2024-02-01 10:30:00,49.4,49.5,197,205
2024-02-01 10:32:00,49.8,49.7,199,202
2024-02-01 10:34:00,49.7,49.7,199,206
2024-02-01 10:36:00,49.6,49.7,199,207
2024-02-01 10:38:00,49.4,49.4,196,203
2024-02-01 10:40:00,49.3,49.4,198,203
2024-02-01 10:42:00,49.3,49.3,199,201
2024-02-01 10:44:00,49.5,49.6,197,205
2024-02-01 10:46:00,49.5,49.5,199,202
2024-02-01 10:48:00,49.5,49.5,199,201
2024-02-01 10:50:00,49.4,49.5,199,202
2024-02-01 10:52:00,49.5,49.5,198,202
2024-02-01 10:54:00,49.5,49.5,198,202
2024-02-01 10:56:00,49.1,49.2,199,203
2024-02-01 10:58:00,49.4,49.4,196,202
2024-02-01 11:00:00,49.3,49.3,199,202
2024-02-01 11:02:00,49.4,49.4,199,199
2024-02-01 11:04:00,49.9,50.0,196,203
2024-02-01 11:06:00,49.6,49.6,198,204
2024-02-01 11:08:00,49.6,49.5,198,204
2024-02-01 11:10:00,49.8,49.7,198,205
2024-02-01 11:12:00,49.3,49.2,197,204
2024-02-01 11:14:00,49.4,49.4,197,203
2024-02-01 11:16:00,49.4,49.4,197,201
2024-02-01 11:18:00,49.3,49.3,197,203
2024-02-01 11:20:00,50.0,50.0,197,202
2024-02-01 11:22:00,49.6,49.6,197,201
2024-02-01 11:24:00,49.8,49.8,197,197
2024-02-01 11:26:00,49.6,49.6,199,194
2024-02-01 11:28:00,49.4,49.4,198,197
2024-02-01 11:30:00,49.4,49.5,197,200
2024-02-01 11:32:00,49.3,49.2,197,198
2024-02-01 11:34:00,49.4,49.3,197,201
2024-02-01 11:36:00,49.3,49.4,199,202
2024-02-01 11:38:00,49.4,49.5,199,199
2024-02-01 11:40:00,49.1,49.1,195,199
2024-02-01 11:42:00,49.6,49.5,196,196
2024-02-01 11:44:00,49.5,49.5,197,198
2024-02-01 11:46:00,49.4,49.3,194,199
2024-02-01 11:48:00,49.6,49.5,194,197
2024-02-01 11:50:00,49.7,49.7,197,202
2024-02-01 11:52:00,49.7,49.6,197,200
2024-02-01 11:54:00,49.2,49.2,198,193
2024-02-01 11:56:00,49.5,49.4,198,198
2024-02-01 11:58:00,49.3,49.3,197,194
2024-02-01 12:00:00,49.2,49.3,195,197
2024-02-01 12:02:00,49.4,49.4,197,195
2024-02-01 12:04:00,49.6,49.6,192,202
2024-02-01 12:06:00,50.2,50.2,192,211
2024-02-01 12:08:00,50.2,50.1,192,210
2024-02-01 12:10:00,50.2,50.3,194,209
2024-02-01 12:12:00,49.9,49.9,194,202
2024-02-01 12:14:00,49.8,49.7,195,202
2024-02-01 12:16:00,49.8,49.8,197,199
2024-02-01 12:18:00,49.7,49.8,195,200
2024-02-01 12:20:00,49.5,49.5,194,200
2024-02-01 12:22:00,49.9,49.9,196,207
2024-02-01 12:24:00,49.5,49.6,199,201
2024-02-01 12:26:00,49.5,49.5,194,202
2024-02-01 12:28:00,49.6,49.7,197,202
2024-02-01 12:30:00,49.6,49.6,197,202
2024-02-01 12:32:00,49.4,49.5,197,199
2024-02-01 12:34:00,49.6,49.6,194,202
2024-02-01 12:36:00,49.6,49.7,197,201
2024-02-01 12:38:00,49.8,49.7,194,204
2024-02-01 12:40:00,49.8,49.9,195,210
2024-02-01 12:42:00,49.8,49.8,197,208
2024-02-01 12:44:00,49.6,49.7,199,209
2024-02-01 12:46:00,49.2,49.3,198,204
2024-02-01 12:48:00,49.5,49.5,198,207
2024-02-01 12:50:00,49.4,49.3,194,201
2024-02-01 12:52:00,49.6,49.6,195,204
2024-02-01 12:54:00,49.7,49.7,198,208
2024-02-01 12:56:00,49.7,49.7,194,200
2024-02-01 12:58:00,50.2,50.1,196,202
2024-02-01 13:00:00,49.5,49.5,197,200
2024-02-01 13:02:00,49.8,49.8,196,196
2024-02-01 13:04:00,49.5,49.6,198,195
2024-02-01 13:06:00,49.5,49.6,197,199
2024-02-01 13:08:00,49.4,49.4,197,203
2024-02-01 13:10:00,49.6,49.6,196,203
2024-02-01 13:12:00,49.8,49.7,198,201
2024-02-01 13:14:00,49.5,49.5,194,199
2024-02-01 13:16:00,49.6,49.6,195,199
2024-02-01 13:18:00,50.0,49.9,198,196
2024-02-01 13:20:00,49.8,49.8,198,198
2024-02-01 13:22:00,50.0,50.1,199,196
2024-02-01 13:24:00,50.0,50.0,194,201
2024-02-01 13:26:00,49.7,49.7,199,202
2024-02-01 13:28:00,49.4,49.5,197,201
2024-02-01 13:30:00,49.8,49.8,196,199
2024-02-01 13:32:00,49.5,49.5,196,199
2024-02-01 13:34:00,49.6,49.7,197,201
2024-02-01 13:36:00,49.9,49.9,197,197
2024-02-01 13:38:00,49.6,49.5,198,199
2024-02-01 13:40:00,49.7,49.7,198,202
2024-02-01 13:42:00,49.4,49.4,194,201
2024-02-01 13:44:00,49.8,49.8,196,202
2024-02-01 13:46:00,49.6,49.6,194,204
2024-02-01 13:48:00,49.5,49.5,197,197
2024-02-01 13:50:00,49.6,49.6,195,200
2024-02-01 13:52:00,49.6,49.6,195,201
2024-02-01 13:54:00,49.8,49.7,195,200
2024-02-01 13:56:00,49.7,49.9,194,199
2024-02-01 13:58:00,49.6,49.6,196,201
2024-02-01 14:00:00,49.7,49.8,196,201
2024-02-01 14:02:00,49.7,49.7,198,199
2024-02-01 14:04:00,49.6,49.5,198,197
2024-02-01 14:06:00,49.7,49.6,193,202
2024-02-01 14:08:00,49.3,49.4,195,197
2024-02-01 14:10:00,49.3,49.2,194,192
2024-02-01 14:12:00,49.6,49.6,195,193
2024-02-01 14:14:00,49.5,49.6,196,196
2024-02-01 14:16:00,49.8,49.8,195,194
2024-02-01 14:18:00,49.9,49.8,197,193
2024-02-01 14:20:00,49.7,49.8,196,195
2024-02-01 14:22:00,49.4,49.3,197,198
2024-02-01 14:24:00,49.3,49.3,196,200
2024-02-01 14:26:00,49.2,49.2,196,198
2024-02-01 14:28:00,49.6,49.5,198,193
2024-02-01 14:30:00,49.5,49.5,196,196
2024-02-01 14:32:00,49.6,49.6,195,195
2024-02-01 14:34:00,49.9,49.9,197,191
2024-02-01 14:36:00,49.5,49.5,195,193
2024-02-01 14:38:00,49.5,49.5,196,195
2024-02-01 14:40:00,49.5,49.5,195,196
2024-02-01 14:42:00,49.5,49.5,195,198
2024-02-01 14:44:00,49.6,49.5,193,196
2024-02-01 14:46:00,49.5,49.5,197,197
2024-02-01 14:48:00,49.8,49.7,195,194
2024-02-01 14:50:00,49.6,49.7,196,194
2024-02-01 14:52:00,49.5,49.5,195,198
2024-02-01 14:54:00,50.0,50.1,196,197
2024-02-01 14:56:00,49.8,49.9,197,199
2024-02-01 14:58:00,49.4,49.4,195,197
2024-02-01 15:00:00,49.5,49.5,197,200
2024-02-01 15:02:00,49.4,49.3,196,196
2024-02-01 15:04:00,49.5,49.4,197,197
2024-02-01 15:06:00,49.6,49.5,199,194
2024-02-01 15:08:00,50.1,50.0,200,194
2024-02-01 15:10:00,49.6,49.6,197,190
2024-02-01 15:12:00,49.5,49.5,195,199
2024-02-01 15:14:00,49.5,49.5,198,196
2024-02-01 15:16:00,49.4,49.5,198,197
2024-02-01 15:18:00,49.6,49.7,197,199
2024-02-01 15:20:00,49.5,49.5,197,200
2024-02-01 15:22:00,49.4,49.4,193,199
2024-02-01 15:24:00,49.5,49.5,197,198
2024-02-01 15:26:00,49.2,49.2,194,197
2024-02-01 15:28:00,49.6,49.7,199,201
2024-02-01 15:30:00,49.5,49.4,197,200
2024-02-01 15:32:00,49.6,49.7,198,199
2024-02-01 15:34:00,49.5,49.6,198,202
2024-02-01 15:36:00,49.4,49.4,197,200
2024-02-01 15:38:00,49.3,49.3,199,199
2024-02-01 15:40:00,49.7,49.7,198,200
2024-02-01 15:42:00,49.3,49.4,196,201
2024-02-01 15:44:00,49.4,49.4,199,198
2024-02-01 15:46:00,49.5,49.5,195,198
2024-02-01 15:48:00,49.7,49.7,196,204
2024-02-01 15:50:00,49.7,49.7,199,202
2024-02-01 15:52:00,49.5,49.5,196,201
2024-02-01 15:54:00,49.3,49.3,196,199
2024-02-01 15:56:00,49.3,49.5,199,199
2024-02-01 15:58:00,49.4,49.5,196,197
2024-02-01 16:00:00,49.3,49.2,196,198
2024-02-01 16:02:00,49.3,49.3,197,201
2024-02-01 16:04:00,49.3,49.5,195,195
2024-02-01 16:06:00,49.1,49.2,196,193
2024-02-01 16:08:00,49.8,49.8,197,199
2024-02-01 16:10:00,49.6,49.6,199,198
2024-02-01 16:12:00,49.3,49.4,200,198
2024-02-01 16:14:00,49.5,49.5,197,198
2024-02-01 16:16:00,49.2,49.1,199,198
2024-02-01 16:18:00,49.8,49.7,197,199
2024-02-01 16:20:00,49.3,49.3,197,199
2024-02-01 16:22:00,49.6,49.6,194,202
2024-02-01 16:24:00,49.5,49.5,199,201
2024-02-01 16:26:00,49.5,49.4,198,202
2024-02-01 16:28:00,49.3,49.3,198,200
2024-02-01 16:30:00,49.2,49.2,198,197
2024-02-01 16:32:00,49.5,49.4,199,201
2024-02-01 16:34:00,49.6,49.6,197,197
2024-02-01 16:36:00,49.1,49.1,195,194
2024-02-01 16:38:00,49.3,49.2,198,194
2024-02-01 16:40:00,49.2,49.2,196,192
2024-02-01 16:42:00,49.5,49.4,197,191
2024-02-01 16:44:00,49.2,49.2,198,194
2024-02-01 16:46:00,49.5,49.5,198,192
2024-02-01 16:48:00,49.0,49.0,196,192
2024-02-01 16:50:00,49.3,49.4,197,191
2024-02-01 16:52:00,49.6,49.6,197,190
2024-02-01 16:54:00,49.5,49.5,199,191
2024-02-01 16:56:00,49.4,49.3,198,190
2024-02-01 16:58:00,49.6,49.6,198,187
2024-02-01 17:00:00,49.2,49.1,196,186
2024-02-01 17:02:00,49.2,49.2,196,185
2024-02-01 17:04:00,49.3,49.3,198,186
2024-02-01 17:06:00,49.5,49.6,198,186
2024-02-01 17:08:00,49.6,49.6,198,192
2024-02-01 17:10:00,49.6,49.6,197,192
2024-02-01 17:12:00,49.4,49.4,201,191
2024-02-01 17:14:00,49.2,49.1,198,188
2024-02-01 17:16:00,49.6,49.6,198,187
2024-02-01 17:18:00,49.2,49.2,197,187
2024-02-01 17:20:00,49.5,49.6,200,187
2024-02-01 17:22:00,49.8,49.8,199,190
2024-02-01 17:24:00,49.4,49.3,195,187
2024-02-01 17:26:00,49.3,49.3,199,184
2024-02-01 17:28:00,49.4,49.4,197,185
2024-02-01 17:30:00,49.3,49.3,198,183
2024-02-01 17:32:00,49.3,49.4,200,182
2024-02-01 17:34:00,49.4,49.4,200,188
2024-02-01 17:36:00,49.5,49.6,197,191
2024-02-01 17:38:00,49.7,49.6,198,188
2024-02-01 17:40:00,49.5,49.5,200,189
2024-02-01 17:42:00,49.2,49.3,199,183
2024-02-01 17:44:00,49.2,49.3,197,183
2024-02-01 17:46:00,49.5,49.5,196,186
2024-02-01 17:48:00,49.2,49.2,197,185
2024-02-01 17:50:00,49.4,49.4,192,191
2024-02-01 17:52:00,49.3,49.3,194,189
2024-02-01 17:54:00,49.4,49.4,199,189
2024-02-01 17:56:00,49.0,49.0,197,187
2024-02-01 17:58:00,49.4,49.4,198,188
2024-02-01 18:00:00,49.2,49.2,200,187
2024-02-01 18:02:00,49.5,49.5,199,188
2024-02-01 18:04:00,49.5,49.4,197,188
2024-02-01 18:06:00,49.4,49.4,195,189
2024-02-01 18:08:00,49.2,49.2,199,189
2024-02-01 18:10:00,49.2,49.2,199,189
2024-02-01 18:12:00,49.4,49.4,199,188
2024-02-01 18:14:00,49.2,49.2,199,186
2024-02-01 18:16:00,49.3,49.3,200,186
2024-02-01 18:18:00,49.1,49.1,197,186
2024-02-01 18:20:00,49.2,49.3,199,190
2024-02-01 18:22:00,49.7,49.7,199,189
2024-02-01 18:24:00,49.1,49.1,197,190
2024-02-01 18:26:00,49.3,49.4,196,192
2024-02-01 18:28:00,49.4,49.4,197,192
2024-02-01 18:30:00,49.4,49.4,200,190
2024-02-01 18:32:00,49.3,49.3,199,191
2024-02-01 18:34:00,49.2,49.2,198,191
2024-02-01 18:36:00,49.3,49.3,197,192
2024-02-01 18:38:00,49.2,49.2,197,192
2024-02-01 18:40:00,49.3,49.3,198,196
2024-02-01 18:42:00,49.2,49.2,197,194
2024-02-01 18:44:00,49.1,49.1,196,187
2024-02-01 18:46:00,48.9,48.9,195,188
2024-02-01 18:48:00,49.1,49.1,197,187
2024-02-01 18:50:00,49.3,49.4,198,187
2024-02-01 18:52:00,49.0,49.0,195,185
2024-02-01 18:54:00,49.3,49.3,196,187
2024-02-01 18:56:00,49.3,49.2,195,187
2024-02-01 18:58:00,49.3,49.3,199,188
2024-02-01 19:00:00,49.1,49.1,197,191
2024-02-01 19:02:00,49.4,49.4,199,192
2024-02-01 19:04:00,49.0,49.0,196,191
2024-02-01 19:06:00,49.3,49.3,195,189
2024-02-01 19:08:00,49.1,49.1,197,189
2024-02-01 19:10:00,49.2,49.3,199,189
2024-02-01 19:12:00,49.4,49.4,197,189
2024-02-01 19:14:00,49.5,49.5,198,184
2024-02-01 19:16:00,49.5,49.5,199,189
2024-02-01 19:18:00,49.2,49.2,199,182
2024-02-01 19:20:00,49.2,49.2,196,184
2024-02-01 19:22:00,49.5,49.5,197,184
2024-02-01 19:24:00,49.3,49.4,197,186
2024-02-01 19:26:00,49.2,49.3,199,186
2024-02-01 19:28:00,49.2,49.1,196,185
2024-02-01 19:30:00,49.1,49.2,198,187
2024-02-01 19:32:00,49.0,49.1,197,187
2024-02-01 19:34:00,49.4,49.3,194,188
2024-02-01 19:36:00,49.5,49.5,197,189
2024-02-01 19:38:00,49.3,49.3,197,190
2024-02-01 19:40:00,49.2,49.2,195,189
2024-02-01 19:42:00,49.5,49.5,197,192
2024-02-01 19:44:00,49.5,49.5,197,195
2024-02-01 19:46:00,49.4,49.4,197,194
2024-02-01 19:48:00,49.4,49.5,196,195
2024-02-01 19:50:00,49.5,49.4,197,195
2024-02-01 19:52:00,49.2,49.2,199,194
2024-02-01 19:54:00,49.1,49.0,198,195
2024-02-01 19:56:00,49.3,49.4,197,193
2024-02-01 19:58:00,49.1,49.1,198,195
2024-02-01 20:00:00,49.0,49.0,197,194
2024-02-01 20:02:00,49.3,49.3,194,200
2024-02-01 20:04:00,49.4,49.4,198,198
2024-02-01 20:06:00,49.5,49.5,198,196
2024-02-01 20:08:00,49.6,49.5,198,202
2024-02-01 20:10:00,49.3,49.3,199,203
2024-02-01 20:12:00,49.3,49.3,197,204
2024-02-01 20:14:00,49.4,49.4,199,204
2024-02-01 20:16:00,49.3,49.2,199,203
2024-02-01 20:18:00,49.4,49.5,200,202
2024-02-01 20:20:00,49.4,49.4,199,203
2024-02-01 20:22:00,49.3,49.3,199,202
2024-02-01 20:24:00,49.3,49.4,199,203
2024-02-01 20:26:00,49.3,49.3,201,204
2024-02-01 20:28:00,49.4,49.4,197,204
2024-02-01 20:30:00,49.2,49.3,199,202
2024-02-01 20:32:00,49.6,49.6,199,204
2024-02-01 20:34:00,49.6,49.6,197,204
2024-02-01 20:36:00,49.6,49.6,199,202
2024-02-01 20:38:00,49.6,49.6,197,205
2024-02-01 20:40:00,49.6,49.7,199,205
2024-02-01 20:42:00,49.6,49.6,199,205
2024-02-01 20:44:00,49.4,49.4,197,204
2024-02-01 20:46:00,49.4,49.4,200,204
2024-02-01 20:48:00,49.3,49.2,197,204
2024-02-01 20:50:00,49.6,49.6,197,202
2024-02-01 20:52:00,49.3,49.3,198,202
2024-02-01 20:54:00,49.5,49.5,198,203
2024-02-01 20:56:00,49.3,49.3,197,197
2024-02-01 20:58:00,49.7,49.7,199,209
2024-02-01 21:00:00,49.7,49.6,197,206
2024-02-01 21:02:00,49.7,49.7,198,203
2024-02-01 21:04:00,49.6,49.6,197,203
2024-02-01 21:06:00,49.8,49.8,199,204
2024-02-01 21:08:00,49.8,49.8,199,204
2024-02-01 21:10:00,49.6,49.6,196,206
2024-02-01 21:12:00,49.9,49.9,199,209
2024-02-01 21:14:00,49.4,49.5,197,209
2024-02-01 21:16:00,49.5,49.5,193,207
2024-02-01 21:18:00,49.6,49.6,193,208
2024-02-01 21:20:00,49.4,49.4,194,207
2024-02-01 21:22:00,49.6,49.6,199,206
2024-02-01 21:24:00,49.5,49.5,197,207
2024-02-01 21:26:00,49.8,49.9,199,203
2024-02-01 21:28:00,49.7,49.7,199,204
2024-02-01 21:30:00,50.0,50.0,198,204
2024-02-01 21:32:00,49.8,49.8,196,209
2024-02-01 21:34:00,49.6,49.7,197,212
2024-02-01 21:36:00,49.7,49.8,197,214
2024-02-01 21:38:00,49.9,49.9,197,214
2024-02-01 21:40:00,49.6,49.6,199,213
2024-02-01 21:42:00,49.5,49.5,198,211
2024-02-01 21:44:00,49.7,49.7,196,211
2024-02-01 21:46:00,49.7,49.7,199,212
2024-02-01 21:48:00,49.7,49.7,198,212
2024-02-01 21:50:00,49.7,49.7,199,211
2024-02-01 21:52:00,49.7,49.7,199,211
2024-02-01 21:54:00,49.6,49.6,197,212
2024-02-01 21:56:00,49.7,49.8,198,214
2024-02-01 21:58:00,50.0,50.0,199,214
2024-02-01 22:00:00,50.0,50.0,199,214
2024-02-01 22:02:00,49.7,49.8,199,214
2024-02-01 22:04:00,50.0,50.0,201,211
2024-02-01 22:06:00,50.1,50.0,199,211
2024-02-01 22:08:00,49.7,49.7,201,213
2024-02-01 22:10:00,49.8,49.9,197,213
2024-02-01 22:12:00,50.0,50.0,200,214
2024-02-01 22:14:00,49.8,49.8,202,213
2024-02-01 22:16:00,49.6,49.7,202,211
2024-02-01 22:18:00,49.8,49.8,202,213
2024-02-01 22:20:00,49.8,49.7,202,214
2024-02-01 22:22:00,49.7,49.7,202,212
2024-02-01 22:24:00,49.9,49.9,201,213
2024-02-01 22:26:00,49.9,49.9,199,214
2024-02-01 22:28:00,50.0,50.1,202,215
2024-02-01 22:30:00,50.0,50.0,199,215
2024-02-01 22:32:00,50.0,50.1,200,214
2024-02-01 22:34:00,50.1,50.1,203,214
2024-02-01 22:36:00,50.1,50.1,205,214
2024-02-01 22:38:00,50.1,50.0,202,215
2024-02-01 22:40:00,49.9,49.8,205,211
2024-02-01 22:42:00,49.8,49.9,200,212
2024-02-01 22:44:00,49.8,49.8,200,214
2024-02-01 22:46:00,49.7,49.7,199,212
2024-02-01 22:48:00,49.8,49.8,202,212
2024-02-01 22:50:00,49.7,49.7,202,215
2024-02-01 22:52:00,49.9,49.9,201,214
2024-02-01 22:54:00,50.0,50.0,203,215
2024-02-01 22:56:00,50.2,50.1,203,216
2024-02-01 22:58:00,50.3,50.4,202,219
2024-02-01 23:00:00,50.0,50,203,220
2024-02-01 23:02:00,50.0,50.0,202,220
2024-02-01 23:04:00,50.0,50.0,201,220
2024-02-01 23:06:00,49.9,49.9,202,219
2024-02-01 23:08:00,50.2,50.2,205,219
2024-02-01 23:10:00,49.9,49.9,204,219
2024-02-01 23:12:00,49.9,49.9,200,221
2024-02-01 23:14:00,50.1,50.2,202,222
2024-02-01 23:16:00,50.2,50.2,205,220
2024-02-01 23:18:00,50.0,50.0,203,219
2024-02-01 23:20:00,50.2,50.2,201,221
2024-02-01 23:22:00,50.2,50.1,202,221
2024-02-01 23:24:00,50.0,50.0,202,219
2024-02-01 23:26:00,50.1,50.1,204,221
2024-02-01 23:28:00,50.1,50.1,202,220
2024-02-01 23:30:00,50.2,50.2,202,221
2024-02-01 23:32:00,50.2,50.2,204,220
2024-02-01 23:34:00,50.1,50.1,207,221
2024-02-01 23:36:00,49.8,49.8,206,221
2024-02-01 23:38:00,49.9,49.9,202,222
2024-02-01 23:40:00,49.9,49.9,205,224
2024-02-01 23:42:00,49.9,49.8,204,221
2024-02-01 23:44:00,50.0,50.0,205,223
2024-02-01 23:46:00,50.3,50.2,204,223
2024-02-01 23:48:00,50.3,50.3,208,223
2024-02-01 23:50:00,50.5,50.4,207,223
2024-02-01 23:52:00,50.2,50.2,205,222
2024-02-01 23:54:00,50.2,50.2,207,221
2024-02-01 23:56:00,50.0,50,204,222
2024-02-01 23:58:00,50.3,50.3,203,222
2024-02-02 00:00:00,49.9,50.0,205,223
2024-02-02 00:02:00,50.1,50.1,205,225
2024-02-02 00:04:00,50.1,50.1,203,226
2024-02-02 00:06:00,50.3,50.2,205,224
2024-02-02 00:08:00,50.2,50.2,207,224
2024-02-02 00:10:00,50.1,50.1,206,223
2024-02-02 00:12:00,50.1,50.1,204,224
2024-02-02 00:14:00,50.3,50.4,207,225
2024-02-02 00:16:00,50.4,50.4,207,225
2024-02-02 00:18:00,50.5,50.5,206,224
2024-02-02 00:20:00,50.2,50.2,206,226
2024-02-02 00:22:00,50.3,50.2,207,223
2024-02-02 00:24:00,50.0,50.0,203,226
2024-02-02 00:26:00,50.3,50.2,207,225
2024-02-02 00:28:00,49.9,49.9,205,223
2024-02-02 00:30:00,50.0,50.0,204,223
2024-02-02 00:32:00,50.1,50.0,203,223
2024-02-02 00:34:00,50.3,50.2,205,224
2024-02-02 00:36:00,50.3,50.4,206,224
2024-02-02 00:38:00,50.5,50.5,205,223
2024-02-02 00:40:00,50.4,50.4,205,224
2024-02-02 00:42:00,50.1,50.1,207,225
2024-02-02 00:44:00,50.2,50.2,207,223
2024-02-02 00:46:00,50.1,50.2,205,223
2024-02-02 00:48:00,50.4,50.4,207,224
2024-02-02 00:50:00,50.3,50.3,207,224
2024-02-02 00:52:00,50.2,50.2,205,224
2024-02-02 00:54:00,50.1,50.1,207,222
2024-02-02 00:56:00,50.1,50.1,207,223
2024-02-02 00:58:00,50.4,50.3,204,226
2024-02-02 01:00:00,50.3,50.2,204,223
2024-02-02 01:02:00,50.2,50.2,207,225
2024-02-02 01:04:00,50.2,50.2,207,224
2024-02-02 01:06:00,50.4,50.3,206,226
2024-02-02 01:08:00,50.6,50.5,207,227
2024-02-02 01:10:00,50.3,50.3,207,228
2024-02-02 01:12:00,50.4,50.4,206,226
2024-02-02 01:14:00,50.2,50.3,207,227
2024-02-02 01:16:00,50.2,50.2,204,227
2024-02-02 01:18:00,50.2,50.2,204,227
2024-02-02 01:20:00,50.1,50.1,204,227
2024-02-02 01:22:00,50.2,50.2,204,228
2024-02-02 01:24:00,50.0,50,208,227
2024-02-02 01:26:00,50.2,50.3,207,227
2024-02-02 01:28:00,50.5,50.4,207,226
2024-02-02 01:30:00,50.2,50.2,208,226
2024-02-02 01:32:00,50.3,50.3,205,227
2024-02-02 01:34:00,50.3,50.3,207,228
2024-02-02 01:36:00,50.4,50.4,208,231
2024-02-02 01:38:00,50.4,50.4,208,226
2024-02-02 01:40:00,50.4,50.4,208,230
2024-02-02 01:42:00,50.2,50.2,208,227
2024-02-02 01:44:00,50.1,50.2,208,228
2024-02-02 01:46:00,50.3,50.3,207,228
2024-02-02 01:48:00,50.3,50.2,207,228
2024-02-02 01:50:00,50.4,50.3,205,228
2024-02-02 01:52:00,50.4,50.4,204,228
2024-02-02 01:54:00,50.3,50.3,209,226
2024-02-02 01:56:00,50.4,50.4,209,228
2024-02-02 01:58:00,50.4,50.5,207,228
2024-02-02 02:00:00,50.3,50.3,205,228
2024-02-02 02:02:00,50.5,50.6,207,228
2024-02-02 02:04:00,50.2,50.2,206,226
2024-02-02 02:06:00,50.0,50.0,205,225
2024-02-02 02:08:00,50.1,50.1,207,226
2024-02-02 02:10:00,50.0,50.0,206,225
2024-02-02 02:12:00,50.3,50.2,204,225
2024-02-02 02:14:00,50.2,50.1,205,226
2024-02-02 02:16:00,50.3,50.3,208,224
2024-02-02 02:18:00,50.3,50.2,205,225
2024-02-02 02:20:00,50.4,50.4,206,225
2024-02-02 02:22:00,50.2,50.2,207,225
2024-02-02 02:24:00,50.2,50.2,207,225
2024-02-02 02:26:00,50.4,50.4,206,225
2024-02-02 02:28:00,50.2,50.2,208,227
2024-02-02 02:30:00,50.2,50.2,207,226
2024-02-02 02:32:00,50.3,50.4,207,225
2024-02-02 02:34:00,50.3,50.3,207,224
2024-02-02 02:36:00,50.2,50.3,208,226
2024-02-02 02:38:00,50.5,50.5,207,223
2024-02-02 02:40:00,50.5,50.5,207,223
2024-02-02 02:42:00,50.5,50.6,209,224
2024-02-02 02:44:00,50.6,50.6,209,224
2024-02-02 02:46:00,50.4,50.4,207,223
2024-02-02 02:48:00,50.2,50.3,207,224
2024-02-02 02:50:00,50.3,50.3,207,224
2024-02-02 02:52:00,50.3,50.3,208,224
2024-02-02 02:54:00,50.3,50.3,208,225
2024-02-02 02:56:00,50.4,50.0,207,223
2024-02-02 02:58:00,50.3,50.2,207,226
2024-02-02 03:00:00,50.3,50.3,207,224
2024-02-02 03:02:00,50.3,50.3,208,225
2024-02-02 03:04:00,50.5,50.5,208,226
2024-02-02 03:06:00,50.3,50.2,206,226
2024-02-02 03:08:00,50.4,50.4,210,225
2024-02-02 03:10:00,50.5,50.5,209,226
2024-02-02 03:12:00,50.6,50.6,208,226
2024-02-02 03:14:00,50.5,50.4,207,226
2024-02-02 03:16:00,50.3,50.4,209,228
2024-02-02 03:18:00,50.3,50.3,207,225
2024-02-02 03:20:00,50.5,50.5,207,226
2024-02-02 03:22:00,50.4,50.4,207,226
2024-02-02 03:24:00,50.5,50.5,209,224
2024-02-02 03:26:00,50.3,50.3,207,225
2024-02-02 03:28:00,50.5,50.5,209,225
2024-02-02 03:30:00,50.4,50.4,209,225
2024-02-02 03:32:00,50.3,50.3,207,225
2024-02-02 03:34:00,50.2,50.2,207,225
2024-02-02 03:36:00,50.3,50.3,207,226
2024-02-02 03:38:00,50.2,50.2,207,226
2024-02-02 03:40:00,50.3,50.2,207,226
2024-02-02 03:42:00,50.4,50.3,208,226
2024-02-02 03:44:00,50.3,50.3,208,225
2024-02-02 03:46:00,50.2,50.1,207,223
2024-02-02 03:48:00,50.3,50.4,208,223
2024-02-02 03:50:00,50.2,50.2,209,224
2024-02-02 03:52:00,50.2,50.2,209,226
2024-02-02 03:54:00,50.3,50.3,208,224
2024-02-02 03:56:00,50.3,50.4,209,224
2024-02-02 03:58:00,50.4,50.4,209,224
2024-02-02 04:00:00,50.4,50.4,207,225
2024-02-02 04:02:00,50.1,50.1,208,224
2024-02-02 04:04:00,50.2,50.2,208,223
2024-02-02 04:06:00,50.2,50.2,207,224
2024-02-02 04:08:00,50.2,50.2,206,224
2024-02-02 04:10:00,50.3,50.3,207,225
2024-02-02 04:12:00,50.3,50.3,209,225
2024-02-02 04:14:00,50.2,50.2,209,223
2024-02-02 04:16:00,50.3,50.3,209,222
2024-02-02 04:18:00,50.1,50.2,206,225
2024-02-02 04:20:00,50.4,50.4,207,226
2024-02-02 04:22:00,50.2,50.3,208,225
2024-02-02 04:24:00,50.4,50.4,207,227
2024-02-02 04:26:00,50.2,50.2,209,224
2024-02-02 04:28:00,50.3,50.3,207,226
2024-02-02 04:30:00,50.4,50.4,209,224
2024-02-02 04:32:00,50.1,50.2,207,223
2024-02-02 04:34:00,50.2,50.2,207,224
2024-02-02 04:36:00,50.3,50.2,207,226
2024-02-02 04:38:00,50.2,50.2,207,226
2024-02-02 04:40:00,50.3,50.4,207,225
2024-02-02 04:42:00,50.3,50.3,209,226
2024-02-02 04:44:00,50.3,50.3,208,226
2024-02-02 04:46:00,50.3,50.2,207,225
2024-02-02 04:48:00,50.4,50.4,207,225
2024-02-02 04:50:00,50.2,50.2,209,224
2024-02-02 04:52:00,50.3,50.3,207,223
2024-02-02 04:54:00,50.1,50.1,207,226
2024-02-02 04:56:00,50.0,50.0,207,226
2024-02-02 04:58:00,50.3,50.2,208,226
2024-02-02 05:00:00,50.1,50.1,207,226
2024-02-02 05:02:00,50.1,50.1,208,225
2024-02-02 05:04:00,50.2,50.3,207,226
2024-02-02 05:06:00,50.2,50.2,206,225
2024-02-02 05:08:00,50.3,50.3,206,225
2024-02-02 05:10:00,50.1,50.0,205,226
2024-02-02 05:12:00,50.1,50.1,206,229
2024-02-02 05:14:00,50.2,50.2,206,226
2024-02-02 05:16:00,50.1,50.2,207,226
2024-02-02 05:18:00,50.0,50.0,208,225
2024-02-02 05:20:00,50.2,50.2,206,225
2024-02-02 05:22:00,50.1,50.0,209,222
2024-02-02 05:24:00,50.2,50.2,207,222
2024-02-02 05:26:00,49.9,49.8,207,222
2024-02-02 05:28:00,50.2,50.1,207,221
2024-02-02 05:30:00,50.0,50.0,207,223
2024-02-02 05:32:00,50.2,50.2,205,228
2024-02-02 05:34:00,50.3,50.2,207,223
2024-02-02 05:36:00,50.1,50.1,205,224
2024-02-02 05:38:00,50.0,50.0,204,223
2024-02-02 05:40:00,50.0,50.0,204,224
2024-02-02 05:42:00,50.0,50.0,204,225
2024-02-02 05:44:00,50.2,50.2,206,225
2024-02-02 05:46:00,50.1,50.1,204,223
2024-02-02 05:48:00,49.7,49.7,206,219
2024-02-02 05:50:00,50.1,50.2,207,216
2024-02-02 05:52:00,50.2,50.2,205,219
2024-02-02 05:54:00,50.2,50.1,207,223
2024-02-02 05:56:00,49.9,49.8,204,223
2024-02-02 05:58:00,50.0,49.9,206,221
2024-02-02 06:00:00,49.8,49.8,206,216
2024-02-02 06:02:00,49.9,49.9,204,223
2024-02-02 06:04:00,49.9,49.9,206,218
2024-02-02 06:06:00,49.8,49.8,206,213
2024-02-02 06:08:00,49.9,49.9,204,216
2024-02-02 06:10:00,49.9,49.9,205,216
2024-02-02 06:12:00,49.8,49.8,204,215
2024-02-02 06:14:00,49.8,49.8,204,216
2024-02-02 06:16:00,50.0,50.0,203,213
2024-02-02 06:18:00,49.9,49.9,207,224
2024-02-02 06:20:00,50.0,50.0,199,217
2024-02-02 06:22:00,49.9,49.8,201,219
2024-02-02 06:24:00,49.8,49.8,199,223
2024-02-02 06:26:00,49.9,49.9,200,229
2024-02-02 06:28:00,50.0,50.0,200,225
2024-02-02 06:30:00,50.0,49.9,199,226
2024-02-02 06:32:00,49.8,49.8,200,221
2024-02-02 06:34:00,49.8,49.8,198,221
2024-02-02 06:36:00,49.7,49.6,202,217
2024-02-02 06:38:00,50,50.0,199,226
2024-02-02 06:40:00,49.8,49.9,198,226
2024-02-02 06:42:00,49.7,49.8,198,223
2024-02-02 06:44:00,50.0,50.0,197,218
2024-02-02 06:46:00,49.8,49.8,199,214
2024-02-02 06:48:00,49.7,49.8,191,226
2024-02-02 06:50:00,50.1,50.0,192,228
2024-02-02 06:52:00,49.8,49.8,197,226
2024-02-02 06:54:00,49.6,49.6,197,221
2024-02-02 06:56:00,49.9,50.0,198,223
2024-02-02 06:58:00,50.1,50.1,200,219
2024-02-02 07:00:00,50.0,50.0,194,224
2024-02-02 07:02:00,50.0,50.0,197,223
2024-02-02 07:04:00,50.1,50.1,195,219
2024-02-02 07:06:00,50.2,50.1,203,215
2024-02-02 07:08:00,49.9,49.9,202,219
2024-02-02 07:10:00,49.7,49.7,201,221
2024-02-02 07:12:00,49.9,49.8,202,221
2024-02-02 07:14:00,50.2,50.2,199,223
2024-02-02 07:16:00,49.7,49.7,196,219
2024-02-02 07:18:00,50.2,50.1,194,223
2024-02-02 07:20:00,50.0,50.0,197,226
2024-02-02 07:22:00,49.9,50.0,196,223
2024-02-02 07:24:00,50.0,50.0,198,223
2024-02-02 07:26:00,50.0,50.0,200,221
2024-02-02 07:28:00,50.1,50.1,195,220
2024-02-02 07:30:00,49.9,49.9,201,219
2024-02-02 07:32:00,49.7,49.8,194,220
2024-02-02 07:34:00,49.9,50.0,202,219
2024-02-02 07:36:00,49.9,50.0,199,219
2024-02-02 07:38:00,50.1,50.1,203,218
2024-02-02 07:40:00,50.0,50.0,197,223
2024-02-02 07:42:00,50.0,50.1,198,218
2024-02-02 07:44:00,50.1,50.0,202,221
2024-02-02 07:46:00,50.0,50.0,202,220
2024-02-02 07:48:00,49.8,49.8,199,220
2024-02-02 07:50:00,49.9,49.9,202,213
2024-02-02 07:52:00,49.7,49.8,202,212
2024-02-02 07:54:00,49.8,49.8,199,216
2024-02-02 07:56:00,50.0,50.1,200,219
2024-02-02 07:58:00,50.1,50.2,203,220
2024-02-02 08:00:00,50.0,50.0,202,219
2024-02-02 08:02:00,50.2,50.2,202,214
2024-02-02 08:04:00,50.1,50.1,203,214
2024-02-02 08:06:00,49.9,50.0,202,213
2024-02-02 08:08:00,49.7,49.7,199,216
2024-02-02 08:10:00,49.6,49.7,203,216
2024-02-02 08:12:00,49.8,49.8,201,216
2024-02-02 08:14:00,49.8,49.9,199,213
2024-02-02 08:16:00,49.7,49.7,202,211
2024-02-02 08:18:00,49.8,49.8,199,209
2024-02-02 08:20:00,49.9,50.0,197,219
2024-02-02 08:22:00,50.0,50.0,199,221
2024-02-02 08:24:00,50,50.0,202,221
2024-02-02 08:26:00,49.6,49.7,200,221
2024-02-02 08:28:00,49.8,49.8,199,221
2024-02-02 08:30:00,49.6,49.6,202,209
2024-02-02 08:32:00,49.7,49.6,202,208
2024-02-02 08:34:00,49.7,49.7,199,207
2024-02-02 08:36:00,49.4,49.5,200,209
2024-02-02 08:38:00,49.6,49.6,199,211
2024-02-02 08:40:00,49.8,49.7,200,202
2024-02-02 08:42:00,49.9,49.9,200,198
2024-02-02 08:44:00,49.5,49.5,200,198
2024-02-02 08:46:00,49.6,49.6,201,202
2024-02-02 08:48:00,49.6,49.6,198,204
2024-02-02 08:50:00,49.4,49.4,199,201
2024-02-02 08:52:00,49.8,49.8,199,202
2024-02-02 08:54:00,49.8,49.8,195,202
2024-02-02 08:56:00,49.6,49.6,197,203
2024-02-02 08:58:00,50.0,50.0,197,201
2024-02-02 09:00:00,49.6,49.6,199,204
2024-02-02 09:02:00,49.7,49.7,199,198
2024-02-02 09:04:00,49.6,49.5,200,199
2024-02-02 09:06:00,49.5,49.4,199,202
2024-02-02 09:08:00,49.4,49.4,202,201
2024-02-02 09:10:00,49.2,49.2,200,200
2024-02-02 09:12:00,49.7,49.7,199,192
2024-02-02 09:14:00,49.5,49.4,201,197
2024-02-02 09:16:00,49.8,49.8,200,198
2024-02-02 09:18:00,49.8,49.8,199,204
2024-02-02 09:20:00,49.7,49.6,202,195
2024-02-02 09:22:00,49.3,49.2,202,197
2024-02-02 09:24:00,49.5,49.5,201,191
2024-02-02 09:26:00,49.1,49.2,199,193
2024-02-02 09:28:00,49.6,49.6,200,194
2024-02-02 09:30:00,49.8,49.8,198,196
2024-02-02 09:32:00,49.8,49.8,202,200
2024-02-02 09:34:00,49.5,49.5,196,198
2024-02-02 09:36:00,49.6,49.6,202,198
2024-02-02 09:38:00,49.6,49.7,197,199
2024-02-02 09:40:00,49.3,49.3,199,197
2024-02-02 09:42:00,49.4,49.4,198,199
2024-02-02 09:44:00,49.6,49.6,201,202
2024-02-02 09:46:00,49.3,49.3,198,201
2024-02-02 09:48:00,49.0,49.0,197,198
2024-02-02 09:50:00,49.5,49.6,194,198
2024-02-02 09:52:00,49.1,49.0,194,196
2024-02-02 09:54:00,49.4,49.5,194,198
2024-02-02 09:56:00,49.3,49.3,195,201
2024-02-02 09:58:00,49.3,49.4,197,202
2024-02-02 10:00:00,49.7,49.8,200,195
2024-02-02 10:02:00,49.6,49.6,197,196
2024-02-02 10:04:00,49.5,49.4,196,199
2024-02-02 10:06:00,49.7,49.7,193,202
2024-02-02 10:08:00,49.2,49.2,194,197
2024-02-02 10:10:00,49.6,49.6,194,197
2024-02-02 10:12:00,49.2,49.2,199,198
2024-02-02 10:14:00,49.8,49.7,201,197
2024-02-02 10:16:00,49.5,49.6,199,192
2024-02-02 10:18:00,49.7,49.7,199,190
2024-02-02 10:20:00,49.7,49.7,200,191
2024-02-02 10:22:00,49.8,49.8,199,196
2024-02-02 10:24:00,49.8,49.8,199,197
2024-02-02 10:26:00,49.6,49.5,200,192
2024-02-02 10:28:00,49.5,49.6,200,200
2024-02-02 10:30:00,49.5,49.5,199,201
2024-02-02 10:32:00,49.3,49.3,196,202
2024-02-02 10:34:00,49.7,49.7,199,202
2024-02-02 10:36:00,49.4,49.4,199,204
2024-02-02 10:38:00,49.5,49.4,197,204
2024-02-02 10:40:00,49.3,49.3,198,199
2024-02-02 10:42:00,49.3,49.3,194,205
2024-02-02 10:44:00,49.4,49.5,197,199
2024-02-02 10:46:00,49.7,49.7,197,202
2024-02-02 10:48:00,49.5,49.5,199,198
2024-02-02 10:50:00,49.5,49.5,199,200
2024-02-02 10:52:00,49.6,49.6,197,201
2024-02-02 10:54:00,49.4,49.4,197,201
2024-02-02 10:56:00,49.6,49.7,197,201
2024-02-02 10:58:00,49.3,49.3,198,197
2024-02-02 11:00:00,49.4,49.3,194,202
2024-02-02 11:02:00,49.6,49.6,197,206
2024-02-02 11:04:00,49.8,49.8,199,207
2024-02-02 11:06:00,49.3,49.4,199,201
2024-02-02 11:08:00,49.6,49.6,197,202
2024-02-02 11:10:00,49.5,49.5,198,200
2024-02-02 11:12:00,49.6,49.6,198,206
2024-02-02 11:14:00,49.6,49.6,194,205
2024-02-02 11:16:00,49.6,49.7,196,202
2024-02-02 11:18:00,49.5,49.5,199,204
2024-02-02 11:20:00,49.3,49.3,198,204
2024-02-02 11:22:00,49.7,49.7,196,201
2024-02-02 11:24:00,49.5,49.5,197,199
2024-02-02 11:26:00,49.4,49.4,195,199
2024-02-02 11:28:00,49.7,49.8,195,199
2024-02-02 11:30:00,49.7,49.8,194,201
2024-02-02 11:32:00,49.8,49.9,198,202
2024-02-02 11:34:00,49.5,49.5,196,202
2024-02-02 11:36:00,49.5,49.5,198,204
2024-02-02 11:38:00,49.5,49.5,195,202
2024-02-02 11:40:00,49.6,49.6,197,192
2024-02-02 11:42:00,49.8,49.8,194,205
2024-02-02 11:44:00,49.5,49.5,194,201
2024-02-02 11:46:00,49.5,49.5,194,206
2024-02-02 11:48:00,49.8,49.8,197,203
2024-02-02 11:50:00,49.4,49.4,197,202
2024-02-02 11:52:00,49.3,49.4,193,205
2024-02-02 11:54:00,49.5,49.5,199,203
2024-02-02 11:56:00,49.5,49.5,198,200
2024-02-02 11:58:00,49.4,49.3,191,201
2024-02-02 12:00:00,49.4,49.4,193,195
2024-02-02 12:02:00,49.4,49.4,194,195
2024-02-02 12:04:00,49.5,49.6,194,196
2024-02-02 12:06:00,49.6,49.6,194,196
2024-02-02 12:08:00,49.6,49.6,197,196
2024-02-02 12:10:00,49.3,49.2,199,196
2024-02-02 12:12:00,49.9,49.9,199,196
2024-02-02 12:14:00,49.5,49.5,199,195
2024-02-02 12:16:00,49.3,49.4,197,197
2024-02-02 12:18:00,49.8,49.7,197,194
2024-02-02 12:20:00,49.6,49.7,196,198
2024-02-02 12:22:00,49.5,49.5,196,199
2024-02-02 12:24:00,49.8,49.8,197,196
2024-02-02 12:26:00,49.5,49.6,194,198
2024-02-02 12:28:00,49.6,49.6,197,192
2024-02-02 12:30:00,49.7,49.8,199,192
2024-02-02 12:32:00,49.7,49.6,194,201
2024-02-02 12:34:00,49.8,49.7,197,202
2024-02-02 12:36:00,49.6,49.7,194,202
2024-02-02 12:38:00,49.5,49.5,195,204
2024-02-02 12:40:00,49.8,49.8,199,197
2024-02-02 12:42:00,49.4,49.4,196,199
2024-02-02 12:44:00,49.4,49.5,197,203
2024-02-02 12:46:00,49.3,49.3,195,200
2024-02-02 12:48:00,49.4,49.4,199,199
2024-02-02 12:50:00,49.4,49.5,197,200
2024-02-02 12:52:00,49.4,49.4,196,198
2024-02-02 12:54:00,49.3,49.2,198,197
2024-02-02 12:56:00,49.3,49.4,197,200
2024-02-02 12:58:00,49.7,49.7,198,199
2024-02-02 13:00:00,49.3,49.4,198,197
2024-02-02 13:02:00,49.6,49.5,196,199
2024-02-02 13:04:00,49.5,49.5,194,194
2024-02-02 13:06:00,49.5,49.4,197,197
2024-02-02 13:08:00,49.3,49.3,197,192
2024-02-02 13:10:00,49.9,49.9,198,194
2024-02-02 13:12:00,49.7,49.7,194,194
2024-02-02 13:14:00,49.7,49.7,194,201
2024-02-02 13:16:00,49.6,49.7,195,192
2024-02-02 13:18:00,49.5,49.5,198,192
2024-02-02 13:20:00,49.7,49.6,197,190
2024-02-02 13:22:00,49.8,49.8,199,193
2024-02-02 13:24:00,49.8,49.8,199,197
2024-02-02 13:26:00,49.8,49.7,197,190
2024-02-02 13:28:00,49.6,49.6,195,197
2024-02-02 13:30:00,49.6,49.6,199,192
2024-02-02 13:32:00,49.3,49.4,198,188
2024-02-02 13:34:00,49.5,49.5,196,190
2024-02-02 13:36:00,49.8,49.8,198,194
2024-02-02 13:38:00,49.6,49.6,198,185
2024-02-02 13:40:00,49.6,49.7,194,197
2024-02-02 13:42:00,49.9,49.8,194,196
2024-02-02 13:44:00,49.6,49.6,191,197
2024-02-02 13:46:00,49.5,49.6,195,193
2024-02-02 13:48:00,49.7,49.7,192,199
2024-02-02 13:50:00,49.6,49.6,191,197
2024-02-02 13:52:00,49.9,50.0,198,192
2024-02-02 13:54:00,49.7,49.7,197,191
2024-02-02 13:56:00,49.6,49.6,197,193
2024-02-02 13:58:00,49.5,49.6,195,191
2024-02-02 14:00:00,49.5,49.5,196,191
2024-02-02 14:02:00,50.0,50.0,197,194
2024-02-02 14:04:00,49.5,49.5,198,194
2024-02-02 14:06:00,49.5,49.5,197,190
2024-02-02 14:08:00,49.6,49.6,196,192
2024-02-02 14:10:00,49.3,49.4,195,198
2024-02-02 14:12:00,49.5,49.5,197,187
2024-02-02 14:14:00,49.7,49.7,197,194
2024-02-02 14:16:00,49.7,49.6,197,199
2024-02-02 14:18:00,49.4,49.3,195,189
2024-02-02 14:20:00,49.6,49.6,197,190
2024-02-02 14:22:00,49.7,49.6,197,189
2024-02-02 14:24:00,49.8,49.7,197,197
2024-02-02 14:26:00,49.5,49.5,197,194
2024-02-02 14:28:00,49.9,49.8,194,195
2024-02-02 14:30:00,49.7,49.7,197,196
2024-02-02 14:32:00,49.5,49.5,198,191
2024-02-02 14:34:00,49.8,49.9,194,198
2024-02-02 14:36:00,49.6,49.6,197,198
2024-02-02 14:38:00,49.4,49.5,197,197
2024-02-02 14:40:00,49.3,49.4,195,204
2024-02-02 14:42:00,49.8,49.8,195,202
2024-02-02 14:44:00,49.3,49.3,197,203
2024-02-02 14:46:00,49.6,49.7,197,200
2024-02-02 14:48:00,49.7,49.7,194,199
2024-02-02 14:50:00,49.5,49.5,192,201
2024-02-02 14:52:00,49.8,49.8,195,196
2024-02-02 14:54:00,49.6,49.7,193,197
2024-02-02 14:56:00,49.5,49.6,197,192
2024-02-02 14:58:00,49.5,49.6,197,197
2024-02-02 15:00:00,49.5,49.6,195,203
2024-02-02 15:02:00,49.5,49.5,197,201
2024-02-02 15:04:00,49.5,49.4,197,202
2024-02-02 15:06:00,49.6,49.7,195,203
2024-02-02 15:08:00,49.4,49.3,197,197
2024-02-02 15:10:00,3257,2793,0,0
2024-02-02 15:12:00,50.7,50.6,213,228
2024-02-02 15:14:00,51.0,51.0,214,228
2024-02-02 15:16:00,50.8,50.7,211,231
2024-02-02 15:18:00,50.8,50.8,209,232
2024-02-02 15:20:00,50.7,50.8,209,231
2024-02-02 15:22:00,51.0,50.9,211,231
2024-02-02 15:24:00,50.7,50.8,209,231
2024-02-02 15:26:00,50.6,50.8,209,233
2024-02-02 15:28:00,50.7,50.6,212,232
2024-02-02 15:30:00,50.7,50.8,209,231
2024-02-02 15:32:00,50.2,50.9,208,236
2024-02-02 15:34:00,50.7,50.7,211,231
2024-02-02 15:36:00,50.6,50.6,211,231
2024-02-02 15:38:00,50.3,50.4,211,230
2024-02-02 15:40:00,50.4,50.5,213,228
2024-02-02 15:42:00,49.9,50.1,213,229
2024-02-02 15:44:00,49.9,50.1,211,231
2024-02-02 15:46:00,50.4,50.5,213,230
2024-02-02 15:48:00,50.4,50.6,213,230
2024-02-02 15:50:00,50.2,50.3,211,229
2024-02-02 15:52:00,50.3,50.3,211,232
2024-02-02 15:54:00,50.3,50.3,212,232
2024-02-02 15:56:00,50.5,50.6,214,231
2024-02-02 15:58:00,50.4,50.3,211,231
2024-02-02 16:00:00,50.6,50.7,213,230
2024-02-02 16:02:00,50.4,50.5,215,231
2024-02-02 16:04:00,50.5,50.4,214,231
2024-02-02 16:06:00,50.5,50.5,216,228
2024-02-02 16:08:00,50.6,50.6,214,230
2024-02-02 16:10:00,50.3,50.3,216,230
2024-02-02 16:12:00,50.4,50.4,211,230
2024-02-02 16:14:00,50.5,50.4,214,231
2024-02-02 16:16:00,50.4,50.5,217,228
2024-02-02 16:18:00,50.6,50.6,216,230
2024-02-02 16:20:00,50.6,50.5,214,230
2024-02-02 16:22:00,50.5,50.5,215,228
2024-02-02 16:24:00,50.5,50.4,214,231
2024-02-02 16:26:00,50.4,50.5,214,228
2024-02-02 16:28:00,50.5,50.3,213,229
2024-02-02 16:30:00,50.4,50.6,216,229
2024-02-02 16:32:00,50.6,50.5,213,230
2024-02-02 16:34:00,50.5,50.6,214,230
2024-02-02 16:36:00,50.7,50.7,217,230
2024-02-02 16:38:00,50.8,50.7,217,231
2024-02-02 16:40:00,50.7,50.7,218,229
2024-02-02 16:42:00,50.7,50.8,219,229
2024-02-02 16:44:00,50.9,50.8,219,227
2024-02-02 16:46:00,50.9,50.9,219,226
2024-02-02 16:48:00,50.8,50.9,214,230
2024-02-02 16:50:00,49.7,49.6,199,194
2024-02-02 16:52:00,49.5,49.5,199,201
2024-02-02 16:54:00,49.4,49.4,199,198
2024-02-02 16:56:00,49.5,49.4,199,199
2024-02-02 16:58:00,49.3,49.3,198,199
2024-02-02 17:00:00,49.5,49.5,200,197
2024-02-02 17:02:00,49.5,49.6,197,199
2024-02-02 17:04:00,49.7,49.7,198,199
2024-02-02 17:06:00,49.3,49.3,197,200
2024-02-02 17:08:00,49.3,49.3,199,197
2024-02-02 17:10:00,49.3,49.3,192,196
2024-02-02 17:12:00,49.5,49.6,194,198
2024-02-02 17:14:00,49.3,49.3,198,194
2024-02-02 17:16:00,49.6,49.6,199,191
2024-02-02 17:18:00,49.2,49.2,194,195
2024-02-02 17:20:00,49.4,49.5,195,197
2024-02-02 17:22:00,49.4,49.5,199,194
2024-02-02 17:24:00,49.2,49.3,198,190
2024-02-02 17:26:00,49.5,49.5,198,188
2024-02-02 17:28:00,49.7,49.7,198,189
2024-02-02 17:30:00,49.4,49.4,195,192
2024-02-02 17:32:00,49.4,49.4,197,190
2024-02-02 17:34:00,49.6,49.5,197,196
2024-02-02 17:36:00,49.5,49.5,197,191
2024-02-02 17:38:00,49.8,49.7,199,190
2024-02-02 17:40:00,49.6,49.6,199,189
2024-02-02 17:42:00,49.5,49.5,198,185
2024-02-02 17:44:00,49.5,49.5,197,187
2024-02-02 17:46:00,49.5,49.5,197,188
2024-02-02 17:48:00,49.5,49.5,194,193
2024-02-02 17:50:00,49.6,49.5,196,198
2024-02-02 17:52:00,49.4,49.4,197,197
2024-02-02 17:54:00,49.5,49.5,196,196
2024-02-02 17:56:00,49.5,49.5,198,194
2024-02-02 17:58:00,49.4,49.3,199,191
2024-02-02 18:00:00,49.4,49.4,199,193
2024-02-02 18:02:00,49.7,49.6,199,197
2024-02-02 18:04:00,49.5,49.4,199,196
2024-02-02 18:06:00,49.1,49.1,197,197
2024-02-02 18:08:00,49.3,49.3,199,195
2024-02-02 18:10:00,49.6,49.6,199,199
2024-02-02 18:12:00,49.4,49.4,197,193
2024-02-02 18:14:00,49.3,49.3,197,194
2024-02-02 18:16:00,49.6,49.6,198,196
2024-02-02 18:18:00,49.6,49.6,196,198
2024-02-02 18:20:00,49.2,49.2,194,199
2024-02-02 18:22:00,49.5,49.5,199,198
2024-02-02 18:24:00,49.6,49.6,199,199
2024-02-02 18:26:00,49.3,49.3,197,197
2024-02-02 18:28:00,49.3,49.3,197,196
2024-02-02 18:30:00,49.5,49.5,197,193
2024-02-02 18:32:00,49.3,49.3,199,193
2024-02-02 18:34:00,49.3,49.3,199,192
2024-02-02 18:36:00,49.5,49.6,199,193
2024-02-02 18:38:00,49.4,49.4,197,194
2024-02-02 18:40:00,49.0,49.0,197,191
2024-02-02 18:42:00,49.1,49.0,197,194
2024-02-02 18:44:00,49.4,49.3,197,193
2024-02-02 18:46:00,49.3,49.4,199,195
2024-02-02 18:48:00,49.3,49.3,195,190
2024-02-02 18:50:00,49.6,49.5,197,188
2024-02-02 18:52:00,49.2,49.2,199,193
2024-02-02 18:54:00,49.5,49.4,200,194
2024-02-02 18:56:00,49.3,49.3,194,194
2024-02-02 18:58:00,48.9,49.0,194,193
2024-02-02 19:00:00,49.2,49.2,197,194
2024-02-02 19:02:00,49.0,49.1,197,192
2024-02-02 19:04:00,49.1,49.1,197,192
2024-02-02 19:06:00,49.2,49.1,197,192
2024-02-02 19:08:00,49.1,49.2,197,193
2024-02-02 19:10:00,49.2,49.2,194,194
2024-02-02 19:12:00,49.0,49.0,194,198
2024-02-02 19:14:00,48.9,48.9,197,199
2024-02-02 19:16:00,49.0,49.0,198,197
2024-02-02 19:18:00,49.1,49.2,197,198
2024-02-02 19:20:00,49.3,49.2,198,199
2024-02-02 19:22:00,49.2,49.3,200,200
2024-02-02 19:24:00,49.2,49.2,199,204
2024-02-02 19:26:00,49.2,49.2,199,205
2024-02-02 19:28:00,49.2,49.2,200,203
2024-02-02 19:30:00,49.2,49.1,198,202
2024-02-02 19:32:00,49.2,49.1,198,201
2024-02-02 19:34:00,49.0,49.0,197,201
2024-02-02 19:36:00,49.2,49.2,198,201
2024-02-02 19:38:00,49.1,49.1,196,200
2024-02-02 19:40:00,49.1,49.2,195,198
2024-02-02 19:42:00,48.9,48.9,197,196
2024-02-02 19:44:00,49.4,49.4,199,201
2024-02-02 19:46:00,48.9,48.9,194,199
2024-02-02 19:48:00,49.2,49.2,197,199
2024-02-02 19:50:00,49.1,49.2,197,194
2024-02-02 19:52:00,49.1,49.1,194,192
2024-02-02 19:54:00,49.1,49.1,195,194
2024-02-02 19:56:00,49.2,49.2,198,199
2024-02-02 19:58:00,49.2,49.1,198,199
2024-02-02 20:00:00,49.4,49.3,196,199
2024-02-02 20:02:00,49.3,49.3,197,196
2024-02-02 20:04:00,49.1,49.1,199,194
2024-02-02 20:06:00,49.1,49.2,196,199
2024-02-02 20:08:00,49.3,49.3,198,199
2024-02-02 20:10:00,49.3,49.3,199,197
2024-02-02 20:12:00,49.1,49.1,195,194
2024-02-02 20:14:00,49.3,49.3,194,197
2024-02-02 20:16:00,49.2,49.1,194,197
2024-02-02 20:18:00,49.5,49.5,197,196
2024-02-02 20:20:00,49.3,49.3,197,198
2024-02-02 20:22:00,49.3,49.3,194,198
2024-02-02 20:24:00,49.4,49.4,196,199
2024-02-02 20:26:00,49.5,49.5,197,199
2024-02-02 20:28:00,49.3,49.4,196,197
2024-02-02 20:30:00,49.6,49.6,197,198
2024-02-02 20:32:00,49.7,49.6,198,199
2024-02-02 20:34:00,49.4,49.4,197,199
2024-02-02 20:36:00,49.6,49.6,196,201
2024-02-02 20:38:00,49.4,49.4,198,201
2024-02-02 20:40:00,49.2,49.3,199,201
2024-02-02 20:42:00,49.6,49.7,196,204
2024-02-02 20:44:00,49.5,49.5,199,205
2024-02-02 20:46:00,49.6,49.6,198,203
2024-02-02 20:48:00,49.5,49.5,199,207
2024-02-02 20:50:00,49.6,49.7,196,206
2024-02-02 20:52:00,49.5,49.6,198,206
2024-02-02 20:54:00,49.5,49.6,199,202
2024-02-02 20:56:00,49.4,49.4,197,199
2024-02-02 20:58:00,49.5,49.4,197,197
2024-02-02 21:00:00,49.6,49.7,199,199
2024-02-02 21:02:00,49.6,49.7,197,198
2024-02-02 21:04:00,49.5,49.6,197,199
2024-02-02 21:06:00,49.6,49.6,199,196
2024-02-02 21:08:00,49.7,49.7,196,201
2024-02-02 21:10:00,49.7,49.7,198,197
2024-02-02 21:12:00,49.9,49.9,197,201
2024-02-02 21:14:00,49.6,49.6,198,199
2024-02-02 21:16:00,49.5,49.5,198,200
2024-02-02 21:18:00,49.5,49.6,195,197
2024-02-02 21:20:00,49.6,49.7,196,198
2024-02-02 21:22:00,49.6,49.5,199,199
2024-02-02 21:24:00,49.6,49.6,197,197
2024-02-02 21:26:00,49.6,49.7,197,197
2024-02-02 21:28:00,49.6,49.6,195,200
2024-02-02 21:30:00,49.6,49.6,195,202
2024-02-02 21:32:00,49.3,49.3,197,202
2024-02-02 21:34:00,49.5,49.5,199,199
2024-02-02 21:36:00,49.5,49.5,197,199
2024-02-02 21:38:00,49.5,49.6,197,201
2024-02-02 21:40:00,49.5,49.5,197,199
2024-02-02 21:42:00,49.4,49.5,197,202
2024-02-02 21:44:00,49.6,49.6,196,200
2024-02-02 21:46:00,49.5,49.5,198,202
2024-02-02 21:48:00,49.6,49.6,199,202
2024-02-02 21:50:00,49.6,49.5,199,204
2024-02-02 21:52:00,49.5,49.5,196,209
2024-02-02 21:54:00,49.5,49.5,199,207
2024-02-02 21:56:00,49.6,49.5,199,207
2024-02-02 21:58:00,49.7,49.7,197,204
2024-02-02 22:00:00,49.8,49.8,199,209
2024-02-02 22:02:00,49.7,49.6,197,207
2024-02-02 22:04:00,49.8,49.8,197,208
2024-02-02 22:06:00,49.9,49.9,198,207
2024-02-02 22:08:00,49.8,49.8,199,208
2024-02-02 22:10:00,49.8,49.8,199,209
2024-02-02 22:12:00,49.9,49.9,197,209
2024-02-02 22:14:00,50.0,49.9,198,207
2024-02-02 22:16:00,49.8,49.7,200,207
2024-02-02 22:18:00,49.8,49.8,199,211
2024-02-02 22:20:00,49.9,49.9,198,211
2024-02-02 22:22:00,49.6,49.7,199,209
2024-02-02 22:24:00,49.5,49.5,200,206
2024-02-02 22:26:00,49.7,49.7,199,209
2024-02-02 22:28:00,49.7,49.6,198,209
2024-02-02 22:30:00,49.4,49.5,200,209
2024-02-02 22:32:00,49.8,49.8,199,207
2024-02-02 22:34:00,49.8,49.8,199,208
2024-02-02 22:36:00,49.7,49.7,200,209
2024-02-02 22:38:00,50.0,50.0,199,208
2024-02-02 22:40:00,49.9,49.9,196,205
2024-02-02 22:42:00,49.7,49.6,196,207
2024-02-02 22:44:00,50.0,49.9,199,208
2024-02-02 22:46:00,49.9,49.9,199,207
2024-02-02 22:48:00,49.9,49.9,197,209
2024-02-02 22:50:00,49.9,49.8,200,209
2024-02-02 22:52:00,49.8,49.8,198,209
2024-02-02 22:54:00,49.6,49.6,197,207
2024-02-02 22:56:00,49.8,49.8,197,209
2024-02-02 22:58:00,49.7,49.7,196,209
2024-02-02 23:00:00,49.7,49.8,197,209
2024-02-02 23:02:00,49.8,49.7,197,206
2024-02-02 23:04:00,49.7,49.7,198,207
2024-02-02 23:06:00,49.8,49.8,199,207
2024-02-02 23:08:00,49.7,49.7,197,207
2024-02-02 23:10:00,50.0,50.0,198,208
2024-02-02 23:12:00,49.9,49.9,199,208
2024-02-02 23:14:00,49.9,49.9,201,210
2024-02-02 23:16:00,49.8,49.9,202,209
2024-02-02 23:18:00,49.9,49.9,199,209
2024-02-02 23:20:00,50.0,50.0,199,209
2024-02-02 23:22:00,50.0,49.9,199,207
2024-02-02 23:24:00,49.9,49.9,199,207
2024-02-02 23:26:00,50.0,49.9,199,208
2024-02-02 23:28:00,50,50.0,199,208
2024-02-02 23:30:00,49.8,49.7,199,207
2024-02-02 23:32:00,50.0,50.0,200,207
2024-02-02 23:34:00,49.8,49.8,200,208
2024-02-02 23:36:00,49.7,49.8,199,211
2024-02-02 23:38:00,50.0,50.0,199,212
2024-02-02 23:40:00,50.0,50.0,202,212
2024-02-02 23:42:00,49.9,50.0,199,213
2024-02-02 23:44:00,49.9,49.9,200,214
2024-02-02 23:46:00,50.1,50.0,201,214
2024-02-02 23:48:00,50.1,50.1,200,215
2024-02-02 23:50:00,50.0,50.0,199,214
2024-02-02 23:52:00,50.1,50.0,199,213
2024-02-02 23:54:00,49.9,49.8,200,213
2024-02-02 23:56:00,50.0,50.0,198,213
2024-02-02 23:58:00,49.9,49.9,199,213
2024-02-03 00:00:00,50.0,50.0,201,214
2024-02-03 00:02:00,49.8,49.8,201,215
2024-02-03 00:04:00,50.1,50.2,200,213
2024-02-03 00:06:00,49.9,49.9,200,212
2024-02-03 00:08:00,49.9,49.9,200,214
2024-02-03 00:10:00,49.8,49.8,199,211
2024-02-03 00:12:00,49.9,49.9,199,211
2024-02-03 00:14:00,49.8,49.8,202,212
2024-02-03 00:16:00,50.2,50.2,202,214
2024-02-03 00:18:00,50.1,50.1,201,214
2024-02-03 00:20:00,50.2,50.2,201,215
2024-02-03 00:22:00,50.2,50.2,202,215
2024-02-03 00:24:00,50.1,50.1,199,216
2024-02-03 00:26:00,50.1,50.0,199,216
2024-02-03 00:28:00,50.3,50.3,202,217
2024-02-03 00:30:00,50.2,50.2,200,216
2024-02-03 00:32:00,49.9,49.9,199,216
2024-02-03 00:34:00,49.9,49.9,201,214
2024-02-03 00:36:00,49.9,49.9,202,214
2024-02-03 00:38:00,49.9,50.0,200,215
2024-02-03 00:40:00,50.0,50.0,202,214
2024-02-03 00:42:00,49.9,49.9,202,214
2024-02-03 00:44:00,49.9,49.9,203,216
2024-02-03 00:46:00,49.9,49.9,202,215
2024-02-03 00:48:00,50.2,50.2,204,216
2024-02-03 00:50:00,50.3,50.3,204,216
2024-02-03 00:52:00,50.2,50.2,202,216
2024-02-03 00:54:00,50.2,50.2,204,216
2024-02-03 00:56:00,50.1,50.1,205,219
2024-02-03 00:58:00,50.0,50.0,204,219
2024-02-03 01:00:00,50.0,50.0,203,220
2024-02-03 01:02:00,50.2,50.2,205,220
2024-02-03 01:04:00,50.1,50.1,204,219
2024-02-03 01:06:00,50.3,50.2,204,221
2024-02-03 01:08:00,50.3,50.3,202,219
2024-02-03 01:10:00,50.3,50.4,204,219
2024-02-03 01:12:00,50.0,50.0,202,219
2024-02-03 01:14:00,50.1,50.0,204,221
2024-02-03 01:16:00,50.2,50.3,205,226
2024-02-03 01:18:00,50.0,50.1,202,222
2024-02-03 01:20:00,50.0,50.0,201,223
2024-02-03 01:22:00,50.1,50.1,201,223
2024-02-03 01:24:00,50.1,50.1,203,223
2024-02-03 01:26:00,50.0,50.0,202,223
2024-02-03 01:28:00,49.9,49.9,203,223
2024-02-03 01:30:00,50.2,50.2,205,223
2024-02-03 01:32:00,50.2,50.1,203,223
2024-02-03 01:34:00,50.2,50.1,204,225
2024-02-03 01:36:00,50.1,50.1,204,223
2024-02-03 01:38:00,50.3,50.2,205,223
2024-02-03 01:40:00,50.3,50.3,202,223
2024-02-03 01:42:00,50.4,50.4,203,225
2024-02-03 01:44:00,50.3,50.3,206,224
2024-02-03 01:46:00,50.2,50.2,204,225
2024-02-03 01:48:00,50.4,50.4,203,225
2024-02-03 01:50:00,50.3,50.4,204,226
2024-02-03 01:52:00,50.2,50.2,206,225
2024-02-03 01:54:00,50.4,50.5,205,223
2024-02-03 01:56:00,50.4,50.4,204,223
2024-02-03 01:58:00,50.3,50.2,204,226
2024-02-03 02:00:00,50.2,50.2,204,228
2024-02-03 02:02:00,50.3,50.3,205,224
2024-02-03 02:04:00,50.3,50.3,208,224
2024-02-03 02:06:00,50.4,50.4,205,225
2024-02-03 02:08:00,50.1,50.1,204,224
2024-02-03 02:10:00,50.2,50.2,204,225
2024-02-03 02:12:00,50.2,50.2,208,226
2024-02-03 02:14:00,50.0,50.0,205,223
2024-02-03 02:16:00,49.9,49.9,204,225
2024-02-03 02:18:00,50.2,50.2,207,223
2024-02-03 02:20:00,50.3,50.3,206,225
2024-02-03 02:22:00,50.3,50.3,204,225
2024-02-03 02:24:00,50.1,50.1,202,228
2024-02-03 02:26:00,50.2,50.2,206,226
2024-02-03 02:28:00,50.2,50.1,207,226
2024-02-03 02:30:00,50.2,50.2,202,225
2024-02-03 02:32:00,50.1,50.1,207,226
2024-02-03 02:34:00,50.0,50.0,205,224
2024-02-03 02:36:00,50.3,50.2,204,226
2024-02-03 02:38:00,50.2,50.1,206,225
2024-02-03 02:40:00,50.2,50.2,207,224
2024-02-03 02:42:00,50.3,50.2,205,224
2024-02-03 02:44:00,50.0,50.1,204,224
2024-02-03 02:46:00,50.2,50.2,204,226
2024-02-03 02:48:00,50.3,50.3,207,226
2024-02-03 02:50:00,50.2,50.2,206,226
2024-02-03 02:52:00,50.1,50.1,208,226
2024-02-03 02:54:00,50.3,50.4,207,226
2024-02-03 02:56:00,50.1,50.2,207,226
2024-02-03 02:58:00,50.0,50.0,206,226
2024-02-03 03:00:00,50.3,50.2,207,227
2024-02-03 03:02:00,50.4,50.4,207,228
2024-02-03 03:04:00,50.3,50.3,206,227
2024-02-03 03:06:00,50.2,50.2,209,227
2024-02-03 03:08:00,50.4,50.4,208,226
2024-02-03 03:10:00,50.3,50.4,206,225
2024-02-03 03:12:00,50.2,50.2,206,225
2024-02-03 03:14:00,50.5,50.5,207,226
2024-02-03 03:16:00,50.4,50.3,207,226
2024-02-03 03:18:00,50.3,50.3,207,226
2024-02-03 03:20:00,50.4,50.5,209,225
2024-02-03 03:22:00,50.5,50.4,208,226
2024-02-03 03:24:00,50.2,50.2,206,226
2024-02-03 03:26:00,50.3,50.3,206,226
2024-02-03 03:28:00,50.4,50.5,208,226
2024-02-03 03:30:00,50.4,50.4,207,226
2024-02-03 03:32:00,50.3,50.3,207,225
2024-02-03 03:34:00,50.4,50.4,209,224
2024-02-03 03:36:00,50.4,50.4,208,225
2024-02-03 03:38:00,50.2,50.2,207,226
2024-02-03 03:40:00,50.3,50.3,206,228
2024-02-03 03:42:00,50.2,50.2,209,226
2024-02-03 03:44:00,50.4,50.4,207,226
2024-02-03 03:46:00,50.3,50.3,207,226
2024-02-03 03:48:00,50.2,50.3,209,225
2024-02-03 03:50:00,50.3,50.3,207,225
2024-02-03 03:52:00,50.5,50.5,207,226
2024-02-03 03:54:00,50.1,50.2,208,226
2024-02-03 03:56:00,50.3,50.2,209,226
2024-02-03 03:58:00,50.3,50.3,207,223
2024-02-03 04:00:00,50.3,50.3,204,226
2024-02-03 04:02:00,50.3,50.3,207,226
2024-02-03 04:04:00,50.3,50.3,206,226
2024-02-03 04:06:00,50.4,50.3,207,226
2024-02-03 04:08:00,50.2,50.3,209,226
2024-02-03 04:10:00,50.2,50.2,209,226
2024-02-03 04:12:00,50.3,50.2,205,228
2024-02-03 04:14:00,50.3,50.4,208,228
2024-02-03 04:16:00,50.4,50.3,207,226
2024-02-03 04:18:00,50.3,50.3,208,228
2024-02-03 04:20:00,50.3,50.3,206,227
2024-02-03 04:22:00,50.2,50.2,208,230
2024-02-03 04:24:00,50.2,50.3,206,228
2024-02-03 04:26:00,50.3,50.3,207,228
2024-02-03 04:28:00,50.3,50.3,208,226
2024-02-03 04:30:00,50.1,50.0,208,226
2024-02-03 04:32:00,50.3,50.3,207,227
2024-02-03 04:34:00,50.2,50.2,207,224
2024-02-03 04:36:00,50.3,50.3,209,224
2024-02-03 04:38:00,50.2,50.2,205,226
2024-02-03 04:40:00,50.3,50.3,205,226
2024-02-03 04:42:00,50.3,50.3,208,224
2024-02-03 04:44:00,50.2,50.2,209,226
2024-02-03 04:46:00,50.3,50.4,207,224
2024-02-03 04:48:00,50.2,50.3,207,224
2024-02-03 04:50:00,50.2,50.2,207,224
2024-02-03 04:52:00,50.2,50.2,207,225
2024-02-03 04:54:00,50.2,50.2,206,226
2024-02-03 04:56:00,50.2,50.3,208,226
2024-02-03 04:58:00,50.3,50.3,209,228
2024-02-03 05:00:00,50.3,50.3,208,225
2024-02-03 05:02:00,50.2,50.2,208,221
2024-02-03 05:04:00,50.1,50.2,206,223
2024-02-03 05:06:00,50.2,50.2,208,219
2024-02-03 05:08:00,50.2,50.1,207,217
2024-02-03 05:10:00,50.2,50.3,209,221
2024-02-03 05:12:00,50.2,50.2,209,223
2024-02-03 05:14:00,50.3,50.3,207,223
2024-02-03 05:16:00,50.1,50.1,209,223
2024-02-03 05:18:00,50.2,50.2,209,220
2024-02-03 05:20:00,50.2,50.2,206,220
2024-02-03 05:22:00,50.2,50.2,206,219
2024-02-03 05:24:00,50.3,50.2,207,221
2024-02-03 05:26:00,50.2,50.2,207,225
2024-02-03 05:28:00,50.0,50.0,208,226
2024-02-03 05:30:00,50.0,50.0,206,226
2024-02-03 05:32:00,50.0,50.1,207,224
2024-02-03 05:34:00,50.1,50.1,205,224
2024-02-03 05:36:00,50.0,50.0,204,223
2024-02-03 05:38:00,50.0,50.1,207,223
2024-02-03 05:40:00,50.2,50.2,207,226
2024-02-03 05:42:00,50.0,49.9,206,223
2024-02-03 05:44:00,50.0,50.0,207,222
2024-02-03 05:46:00,50.1,50.2,206,221
2024-02-03 05:48:00,50.1,50.1,206,221
2024-02-03 05:50:00,50.0,50.0,203,223
2024-02-03 05:52:00,50.0,50.0,207,221
2024-02-03 05:54:00,50.1,50.1,207,223
2024-02-03 05:56:00,50.1,50.1,204,225
2024-02-03 05:58:00,50.1,50.1,205,223
2024-02-03 06:00:00,49.9,50.0,206,219
2024-02-03 06:02:00,50.2,50.1,204,221
2024-02-03 06:04:00,50.1,50.1,205,219
2024-02-03 06:06:00,50.0,50.1,205,219
2024-02-03 06:08:00,50.0,50.0,205,222
2024-02-03 06:10:00,50.1,50.2,203,223
2024-02-03 06:12:00,50.2,50.2,207,221
2024-02-03 06:14:00,50.0,50.0,206,224
2024-02-03 06:16:00,49.9,50.0,202,225
2024-02-03 06:18:00,50.0,50,204,224
2024-02-03 06:20:00,50.0,50.0,204,223
2024-02-03 06:22:00,49.8,49.8,202,225
2024-02-03 06:24:00,50.1,50.1,203,228
2024-02-03 06:26:00,49.9,49.9,204,219
2024-02-03 06:28:00,50.1,50.2,204,219
2024-02-03 06:30:00,50.0,50.0,204,219
2024-02-03 06:32:00,50.1,50.0,202,220
2024-02-03 06:34:00,49.7,49.7,204,218
2024-02-03 06:36:00,50.0,49.9,202,220
2024-02-03 06:38:00,50.1,50.1,202,221
2024-02-03 06:40:00,50.0,50.0,204,223
2024-02-03 06:42:00,49.9,49.9,204,219
2024-02-03 06:44:00,50.1,50.0,204,214
2024-02-03 06:46:00,50.1,50.0,205,212
2024-02-03 06:48:00,50.0,50.0,206,214
2024-02-03 06:50:00,50.3,50.3,207,221
2024-02-03 06:52:00,50.0,50.0,204,220
2024-02-03 06:54:00,49.9,49.9,205,223
2024-02-03 06:56:00,50.1,50.1,201,223
2024-02-03 06:58:00,50.1,50.1,204,225
2024-02-03 07:00:00,50.0,50.0,205,224
2024-02-03 07:02:00,49.8,49.8,203,221
2024-02-03 07:04:00,49.8,49.8,205,221
2024-02-03 07:06:00,50.0,50.0,205,218
2024-02-03 07:08:00,50.0,50.0,202,215
2024-02-03 07:10:00,50.0,50.0,203,219
2024-02-03 07:12:00,50.2,50.2,202,219
2024-02-03 07:14:00,50.0,50.0,202,220
2024-02-03 07:16:00,50.1,50.0,201,226
2024-02-03 07:18:00,50.1,50.1,203,224
2024-02-03 07:20:00,50.0,49.9,202,222
2024-02-03 07:22:00,50.2,50.2,204,226
2024-02-03 07:24:00,50.2,50.2,203,223
2024-02-03 07:26:00,50.0,50.0,201,220
2024-02-03 07:28:00,49.8,49.8,203,223
2024-02-03 07:30:00,50.1,50.1,203,221
2024-02-03 07:32:00,50.2,50.1,204,218
2024-02-03 07:34:00,50.0,50.0,203,224
2024-02-03 07:36:00,50,50.0,203,223
2024-02-03 07:38:00,50.1,50.1,202,228
2024-02-03 07:40:00,50.0,49.9,204,223
2024-02-03 07:42:00,50.2,50.2,205,220
2024-02-03 07:44:00,50.1,50.0,203,219
2024-02-03 07:46:00,50.2,50.2,204,218
2024-02-03 07:48:00,50.3,50.3,205,216
2024-02-03 07:50:00,49.8,49.8,204,219
2024-02-03 07:52:00,50.1,50.0,202,217
2024-02-03 07:54:00,49.9,50.0,202,219
2024-02-03 07:56:00,49.8,49.8,200,221
2024-02-03 07:58:00,49.9,49.9,198,224
2024-02-03 08:00:00,49.8,49.8,197,226
2024-02-03 08:02:00,49.6,49.6,206,223
2024-02-03 08:04:00,49.8,49.8,201,221
2024-02-03 08:06:00,50.2,50.2,196,223
2024-02-03 08:08:00,49.8,49.8,199,221
2024-02-03 08:10:00,49.7,49.8,201,216
2024-02-03 08:12:00,50.1,50.1,197,216
2024-02-03 08:14:00,49.8,49.9,197,219
2024-02-03 08:16:00,49.7,49.8,197,223
2024-02-03 08:18:00,49.8,49.8,197,221
2024-02-03 08:20:00,49.8,49.8,196,220
2024-02-03 08:22:00,49.8,49.8,202,218
2024-02-03 08:24:00,50.1,50,197,218
2024-02-03 08:26:00,49.9,49.9,195,216
2024-02-03 08:28:00,50.0,50.0,198,216
2024-02-03 08:30:00,49.7,49.8,194,215
2024-02-03 08:32:00,49.6,49.6,199,209
2024-02-03 08:34:00,49.8,49.7,198,209
2024-02-03 08:36:00,49.7,49.8,202,210
2024-02-03 08:38:00,49.6,49.6,200,212
2024-02-03 08:40:00,49.7,49.7,198,207
2024-02-03 08:42:00,49.7,49.7,200,205
2024-02-03 08:44:00,49.7,49.7,198,203
2024-02-03 08:46:00,49.7,49.8,198,211
2024-02-03 08:48:00,49.6,49.6,199,209
2024-02-03 08:50:00,49.7,49.6,201,209
2024-02-03 08:52:00,49.9,49.9,199,209
2024-02-03 08:54:00,49.5,49.4,199,211
2024-02-03 08:56:00,49.8,49.8,199,209
2024-02-03 08:58:00,49.8,49.8,199,214
2024-02-03 09:00:00,49.6,49.6,202,214
2024-02-03 09:02:00,49.8,49.8,200,209
2024-02-03 09:04:00,49.8,49.8,198,211
2024-02-03 09:06:00,49.7,49.7,200,209
2024-02-03 09:08:00,49.7,49.7,197,211
2024-02-03 09:10:00,49.5,49.6,197,211
2024-02-03 09:12:00,49.6,49.7,200,207
2024-02-03 09:14:00,49.6,49.5,198,208
2024-02-03 09:16:00,49.9,49.8,194,210
2024-02-03 09:18:00,50,50.0,193,212
2024-02-03 09:20:00,49.7,49.7,195,211
2024-02-03 09:22:00,49.8,49.8,194,214
2024-02-03 09:24:00,49.8,49.8,197,212
2024-02-03 09:26:00,49.7,49.7,199,214
2024-02-03 09:28:00,49.6,49.6,200,212
2024-02-03 09:30:00,49.6,49.8,199,209
2024-02-03 09:32:00,49.6,49.6,199,211
2024-02-03 09:34:00,49.8,49.8,200,203
2024-02-03 09:36:00,49.4,49.4,197,207
2024-02-03 09:38:00,49.5,49.5,199,211
2024-02-03 09:40:00,49.5,49.5,198,211
2024-02-03 09:42:00,49.8,49.7,199,215
2024-02-03 09:44:00,49.8,49.9,199,218
2024-02-03 09:46:00,49.4,49.5,197,216
2024-02-03 09:48:00,49.8,49.8,194,216
2024-02-03 09:50:00,49.7,49.7,196,219
2024-02-03 09:52:00,49.6,49.6,194,214
2024-02-03 09:54:00,49.9,49.9,196,215
2024-02-03 09:56:00,49.6,49.5,191,214
2024-02-03 09:58:00,49.9,49.9,191,214
2024-02-03 10:00:00,50.0,49.9,195,213
2024-02-03 10:02:00,49.6,49.6,197,214
2024-02-03 10:04:00,49.8,49.9,197,213
2024-02-03 10:06:00,49.8,49.9,197,214
2024-02-03 10:08:00,49.8,49.9,197,212
2024-02-03 10:10:00,49.9,49.8,197,211
2024-02-03 10:12:00,49.9,49.9,194,213
2024-02-03 10:14:00,50.0,50.0,194,211
2024-02-03 10:16:00,50.1,50.1,199,208
2024-02-03 10:18:00,49.7,49.7,197,216
2024-02-03 10:20:00,50.0,50.0,196,209
2024-02-03 10:22:00,50.0,50.0,196,210
2024-02-03 10:24:00,49.5,49.5,199,211
2024-02-03 10:26:00,49.9,49.9,199,212
2024-02-03 10:28:00,49.7,49.7,194,215
2024-02-03 10:30:00,49.6,49.6,197,213
2024-02-03 10:32:00,49.8,49.8,198,209
2024-02-03 10:34:00,49.4,49.4,198,209
2024-02-03 10:36:00,49.7,49.7,199,205
2024-02-03 10:38:00,49.6,49.6,197,206
2024-02-03 10:40:00,49.2,49.2,197,204
2024-02-03 10:42:00,49.9,49.9,197,207
2024-02-03 10:44:00,49.7,49.6,198,209
2024-02-03 10:46:00,49.5,49.5,199,209
2024-02-03 10:48:00,49.8,49.8,196,207
2024-02-03 10:50:00,49.6,49.6,199,204
2024-02-03 10:52:00,49.6,49.6,200,206
2024-02-03 10:54:00,49.7,49.7,197,208
2024-02-03 10:56:00,49.8,49.8,197,205
2024-02-03 10:58:00,49.8,49.8,200,207
2024-02-03 11:00:00,49.8,49.8,197,206
2024-02-03 11:02:00,49.9,49.9,197,205
2024-02-03 11:04:00,49.3,49.3,195,201
2024-02-03 11:06:00,49.6,49.6,199,202
2024-02-03 11:08:00,49.8,49.7,199,199
2024-02-03 11:10:00,49.8,49.8,199,197
2024-02-03 11:12:00,49.9,49.9,197,197
2024-02-03 11:14:00,49.6,49.6,197,194
2024-02-03 11:16:00,49.8,49.8,197,199
2024-02-03 11:18:00,49.4,49.3,198,195
2024-02-03 11:20:00,49.5,49.5,199,197
2024-02-03 11:22:00,49.5,49.5,199,194
2024-02-03 11:24:00,49.6,49.7,197,197
2024-02-03 11:26:00,49.5,49.6,199,194
2024-02-03 11:28:00,49.6,49.6,198,198
2024-02-03 11:30:00,49.3,49.3,197,200
2024-02-03 11:32:00,49.5,49.4,197,200
2024-02-03 11:34:00,49.7,49.7,199,199
2024-02-03 11:36:00,49.6,49.6,196,199
2024-02-03 11:38:00,49.4,49.4,197,199
2024-02-03 11:40:00,49.4,49.4,198,203
2024-02-03 11:42:00,49.9,49.9,194,201
2024-02-03 11:44:00,49.7,49.8,196,203
2024-02-03 11:46:00,49.8,49.8,194,204
2024-02-03 11:48:00,49.6,49.6,196,202
2024-02-03 11:50:00,49.5,49.6,198,202
2024-02-03 11:52:00,49.7,49.7,197,205
2024-02-03 11:54:00,49.8,49.8,195,207
2024-02-03 11:56:00,49.6,49.7,198,204
2024-02-03 11:58:00,49.5,49.5,197,208
2024-02-03 12:00:00,50.0,49.9,197,209
2024-02-03 12:02:00,49.6,49.5,199,205
2024-02-03 12:04:00,49.5,49.5,198,203
2024-02-03 12:06:00,49.7,49.6,199,206
2024-02-03 12:08:00,49.5,49.5,199,206
2024-02-03 12:10:00,49.5,49.5,195,204
2024-02-03 12:12:00,49.3,49.3,192,202
2024-02-03 12:14:00,49.7,49.7,197,204
2024-02-03 12:16:00,49.4,49.5,193,205
2024-02-03 12:18:00,49.4,49.4,194,207
2024-02-03 12:20:00,49.4,49.3,197,202
2024-02-03 12:22:00,49.8,49.8,197,208
2024-02-03 12:24:00,49.5,49.5,197,207
2024-02-03 12:26:00,49.1,49.2,197,194
2024-02-03 12:28:00,49.5,49.5,197,199
2024-02-03 12:30:00,49.8,49.8,198,196
2024-02-03 12:32:00,49.5,49.5,196,200
2024-02-03 12:34:00,49.9,49.9,195,202
2024-02-03 12:36:00,49.6,49.5,197,202
2024-02-03 12:38:00,50.0,50.0,198,208
2024-02-03 12:40:00,49.5,49.5,198,202
2024-02-03 12:42:00,49.7,49.7,199,202
2024-02-03 12:44:00,49.8,49.7,199,202
2024-02-03 12:46:00,49.8,49.8,199,199
2024-02-03 12:48:00,50.0,49.9,199,198
2024-02-03 12:50:00,49.7,49.6,196,199
2024-02-03 12:52:00,49.5,49.5,199,198
2024-02-03 12:54:00,49.7,49.7,197,197
2024-02-03 12:56:00,49.7,49.6,197,201
2024-02-03 12:58:00,49.6,49.6,197,201
2024-02-03 13:00:00,50.0,50.0,198,200
2024-02-03 13:02:00,49.9,49.9,197,203
2024-02-03 13:04:00,49.6,49.7,197,203
2024-02-03 13:06:00,49.5,49.6,193,202
2024-02-03 13:08:00,49.5,49.5,195,205
2024-02-03 13:10:00,49.8,49.8,196,205
2024-02-03 13:12:00,49.6,49.6,196,204
2024-02-03 13:14:00,50.0,50.0,197,205
2024-02-03 13:16:00,49.9,49.9,194,203
2024-02-03 13:18:00,49.8,49.7,193,203
2024-02-03 13:20:00,50.1,50.0,193,202
2024-02-03 13:22:00,49.5,49.4,194,204
2024-02-03 13:24:00,50.0,49.9,196,204
2024-02-03 13:26:00,49.8,49.7,197,199
2024-02-03 13:28:00,49.6,49.6,199,202
2024-02-03 13:30:00,49.5,49.5,198,201
2024-02-03 13:32:00,49.5,49.5,197,199
2024-02-03 13:34:00,49.7,49.8,195,201
2024-02-03 13:36:00,49.6,49.7,197,202
2024-02-03 13:38:00,49.9,49.9,196,197
2024-02-03 13:40:00,49.5,49.6,197,197
2024-02-03 13:42:00,49.3,49.3,199,202
2024-02-03 13:44:00,49.4,49.5,197,202
2024-02-03 13:46:00,49.5,49.7,199,198
2024-02-03 13:48:00,49.8,49.8,196,198
2024-02-03 13:50:00,49.7,49.7,196,204
2024-02-03 13:52:00,49.6,49.6,199,195
2024-02-03 13:54:00,49.5,49.4,196,200
2024-02-03 13:56:00,49.7,49.7,196,199
2024-02-03 13:58:00,49.7,49.7,198,204
2024-02-03 14:00:00,49.7,49.7,199,199
2024-02-03 14:02:00,49.7,49.7,197,200
2024-02-03 14:04:00,49.4,49.5,199,196
2024-02-03 14:06:00,49.9,49.9,198,204
2024-02-03 14:08:00,49.5,49.5,199,199
2024-02-03 14:10:00,49.6,49.6,195,200
2024-02-03 14:12:00,49.5,49.5,198,199
2024-02-03 14:14:00,49.8,49.8,199,200
2024-02-03 14:16:00,49.6,49.6,197,201
2024-02-03 14:18:00,49.8,49.8,198,197
2024-02-03 14:20:00,49.5,49.5,200,198
2024-02-03 14:22:00,49.8,49.8,199,202
2024-02-03 14:24:00,49.4,49.5,197,196
2024-02-03 14:26:00,49.9,49.8,199,197
2024-02-03 14:28:00,49.7,49.7,198,196
2024-02-03 14:30:00,49.8,49.8,197,197
2024-02-03 14:32:00,49.9,49.9,195,200
2024-02-03 14:34:00,49.6,49.6,198,199
2024-02-03 14:36:00,49.5,49.5,197,202
2024-02-03 14:38:00,49.7,49.7,196,203
2024-02-03 14:40:00,49.7,49.7,198,203
2024-02-03 14:42:00,49.6,49.6,197,204
2024-02-03 14:44:00,49.7,49.7,199,202
2024-02-03 14:46:00,50.1,50.1,198,202
2024-02-03 14:48:00,50.0,50.0,198,204
2024-02-03 14:50:00,50.1,50.0,200,207
2024-02-03 14:52:00,49.9,49.9,197,200
2024-02-03 14:54:00,49.8,49.9,199,203
2024-02-03 14:56:00,49.7,49.8,199,204
2024-02-03 14:58:00,49.5,49.5,198,206
2024-02-03 15:00:00,49.6,49.6,199,202
2024-02-03 15:02:00,49.6,49.6,199,203
2024-02-03 15:04:00,49.7,49.6,194,206
2024-02-03 15:06:00,49.7,49.7,198,205
2024-02-03 15:08:00,49.6,49.6,197,203
2024-02-03 15:10:00,49.5,49.5,199,190
2024-02-03 15:12:00,49.6,49.6,198,205
2024-02-03 15:14:00,49.5,49.5,199,207
2024-02-03 15:16:00,49.5,49.5,199,204
2024-02-03 15:18:00,49.6,49.5,199,205
2024-02-03 15:20:00,49.8,49.8,199,205
2024-02-03 15:22:00,49.7,49.7,199,207
2024-02-03 15:24:00,49.6,49.5,197,206
2024-02-03 15:26:00,49.5,49.4,198,204
2024-02-03 15:28:00,49.3,49.2,199,204
2024-02-03 15:30:00,50.1,50.2,196,220
2024-02-03 15:32:00,49.6,49.6,197,206
2024-02-03 15:34:00,49.9,49.9,200,206
2024-02-03 15:36:00,49.8,49.8,201,206
2024-02-03 15:38:00,49.4,49.4,197,204
2024-02-03 15:40:00,49.6,49.5,197,207
2024-02-03 15:42:00,49.5,49.5,199,202
2024-02-03 15:44:00,49.3,49.3,198,202
2024-02-03 15:46:00,49.5,49.6,197,200
2024-02-03 15:48:00,49.3,49.4,198,196
2024-02-03 15:50:00,49.4,49.4,200,199
2024-02-03 15:52:00,49.4,49.1,197,204
2024-02-03 15:54:00,49.5,49.4,198,192
2024-02-03 15:56:00,49.1,49.2,197,192
2024-02-03 15:58:00,49.2,49.2,199,193
2024-02-03 16:00:00,49.2,49.3,198,194
2024-02-03 16:02:00,49.1,49.1,198,190
2024-02-03 16:04:00,49.6,49.6,199,197
2024-02-03 16:06:00,49.6,49.5,199,196
2024-02-03 16:08:00,49.1,49.1,199,199
2024-02-03 16:10:00,49.3,49.2,199,199
2024-02-03 16:12:00,49.4,49.4,197,200
2024-02-03 16:14:00,49.7,49.7,199,196
2024-02-03 16:16:00,49.3,49.3,196,193
2024-02-03 16:18:00,49.3,49.3,199,194
2024-02-03 16:20:00,49.3,49.3,199,197
2024-02-03 16:22:00,49.6,49.6,198,200
2024-02-03 16:24:00,49.4,49.5,202,198
2024-02-03 16:26:00,49.5,49.6,200,200
2024-02-03 16:28:00,49.3,49.3,200,198
2024-02-03 16:30:00,49.5,49.5,199,196
2024-02-03 16:32:00,49.8,49.7,199,199
2024-02-03 16:34:00,49.4,49.4,197,204
2024-02-03 16:36:00,49.4,49.4,197,202
2024-02-03 16:38:00,49.4,49.4,199,199
2024-02-03 16:40:00,49.6,49.6,196,201
2024-02-03 16:42:00,49.7,49.7,196,202
2024-02-03 16:44:00,49.7,49.7,198,203
2024-02-03 16:46:00,49.5,49.5,199,205
2024-02-03 16:48:00,49.7,49.7,197,199
2024-02-03 16:50:00,49.7,49.7,198,205
2024-02-03 16:52:00,49.5,49.6,197,205
2024-02-03 16:54:00,49.5,49.6,197,204
2024-02-03 16:56:00,49.7,49.7,196,204
2024-02-03 16:58:00,49.5,49.5,194,205
2024-02-03 17:00:00,49.1,49.2,198,202
2024-02-03 17:02:00,49.7,49.7,199,202
2024-02-03 17:04:00,49.3,49.3,196,205
2024-02-03 17:06:00,49.6,49.7,196,204
2024-02-03 17:08:00,49.4,49.3,196,204
2024-02-03 17:10:00,49.2,49.2,197,204
2024-02-03 17:12:00,49.5,49.5,198,202
2024-02-03 17:14:00,49.6,49.6,200,203
2024-02-03 17:16:00,49.4,49.5,198,202
2024-02-03 17:18:00,50.2,50.2,199,207
2024-02-03 17:20:00,49.9,50.0,196,204
2024-02-03 17:22:00,49.5,49.6,197,203
2024-02-03 17:24:00,49.7,49.7,199,202
2024-02-03 17:26:00,49.6,49.6,197,203
2024-02-03 17:28:00,49.5,49.4,195,200
2024-02-03 17:30:00,49.6,49.6,199,197
2024-02-03 17:32:00,49.5,49.5,199,196
2024-02-03 17:34:00,49.3,49.4,194,197
2024-02-03 17:36:00,49.6,49.6,199,201
2024-02-03 17:38:00,49.6,49.6,197,199
2024-02-03 17:40:00,49.3,49.3,198,194
2024-02-03 17:42:00,49.5,49.5,196,194
2024-02-03 17:44:00,49.2,49.2,197,198
2024-02-03 17:46:00,49.4,49.5,200,195
2024-02-03 17:48:00,49.4,49.4,196,195
2024-02-03 17:50:00,49.6,49.6,196,197
2024-02-03 17:52:00,49.4,49.4,199,197
2024-02-03 17:54:00,49.1,49.1,197,194
2024-02-03 17:56:00,49.4,49.4,194,196
2024-02-03 17:58:00,49.2,49.3,199,192
2024-02-03 18:00:00,49.4,49.4,197,196
2024-02-03 18:02:00,49.4,49.5,202,195
2024-02-03 18:04:00,49.4,49.4,198,190
2024-02-03 18:06:00,49.8,49.7,197,189
2024-02-03 18:08:00,49.2,49.2,199,191
2024-02-03 18:10:00,49.5,49.4,197,192
2024-02-03 18:12:00,49.5,49.5,198,197
2024-02-03 18:14:00,49.9,49.9,195,200
2024-02-03 18:16:00,49.3,49.3,196,194
2024-02-03 18:18:00,49.5,49.5,198,193
2024-02-03 18:20:00,49.7,49.7,198,191
2024-02-03 18:22:00,49.5,49.6,198,194
2024-02-03 18:24:00,49.5,49.5,197,192
2024-02-03 18:26:00,49.5,49.5,199,194
2024-02-03 18:28:00,49.2,49.2,198,190
2024-02-03 18:30:00,49.5,49.6,196,197
2024-02-03 18:32:00,49.2,49.2,197,194
2024-02-03 18:34:00,49.3,49.3,197,191
2024-02-03 18:36:00,49.1,49.1,196,194
2024-02-03 18:38:00,49.3,49.3,196,190
2024-02-03 18:40:00,49.3,49.3,199,190
2024-02-03 18:42:00,49.5,49.4,197,190
2024-02-03 18:44:00,49.2,49.2,197,197
2024-02-03 18:46:00,49.3,49.2,199,194
2024-02-03 18:48:00,49.2,49.2,198,195
2024-02-03 18:50:00,49.1,49.0,197,195
2024-02-03 18:52:00,49.1,49.1,197,190
2024-02-03 18:54:00,49.4,49.4,197,188
2024-02-03 18:56:00,49.0,48.9,197,190
2024-02-03 18:58:00,49.5,49.5,194,192
2024-02-03 19:00:00,49.5,49.5,196,196
2024-02-03 19:02:00,49.3,49.2,195,192
2024-02-03 19:04:00,49.3,49.2,197,191
2024-02-03 19:06:00,49.1,49.1,197,194
2024-02-03 19:08:00,49.0,49.0,197,197
2024-02-03 19:10:00,49.4,49.4,199,192
2024-02-03 19:12:00,49.3,49.3,198,188
2024-02-03 19:14:00,49.2,49.3,197,190
2024-02-03 19:16:00,49.4,49.3,196,190
2024-02-03 19:18:00,49.4,49.4,197,196
2024-02-03 19:20:00,49.4,49.3,197,190
2024-02-03 19:22:00,50.0,49.1,194,191
2024-02-03 19:24:00,49.3,49.3,197,190
2024-02-03 19:26:00,49.3,49.3,198,195
2024-02-03 19:28:00,49.1,49.2,197,194
2024-02-03 19:30:00,49.2,49.2,197,193
2024-02-03 19:32:00,49.4,49.4,199,192
2024-02-03 19:34:00,49.3,49.4,196,196
2024-02-03 19:36:00,49.4,49.4,196,194
2024-02-03 19:38:00,49.4,49.4,197,194
2024-02-03 19:40:00,49.5,49.6,196,201
2024-02-03 19:42:00,49.2,49.2,194,197
2024-02-03 19:44:00,49.5,49.4,194,199
2024-02-03 19:46:00,49.2,49.3,198,197
2024-02-03 19:48:00,49.5,49.5,198,194
2024-02-03 19:50:00,49.1,49.1,195,193
2024-02-03 19:52:00,49.4,49.4,198,194
2024-02-03 19:54:00,49.2,49.1,197,194
2024-02-03 19:56:00,49.5,49.5,197,197
2024-02-03 19:58:00,49.6,49.5,195,198
2024-02-03 20:00:00,49.3,49.3,198,197
2024-02-03 20:02:00,49.5,49.6,197,201
2024-02-03 20:04:00,49.2,49.2,194,202
2024-02-03 20:06:00,49.9,49.8,199,204
2024-02-03 20:08:00,49.3,49.3,195,203
2024-02-03 20:10:00,49.6,49.6,194,204
2024-02-03 20:12:00,49.6,49.7,197,203
2024-02-03 20:14:00,49.5,49.5,199,207
2024-02-03 20:16:00,49.5,49.5,199,204
2024-02-03 20:18:00,49.6,49.5,197,204
2024-02-03 20:20:00,49.5,49.5,197,202
2024-02-03 20:22:00,49.6,49.6,197,203
2024-02-03 20:24:00,49.4,49.5,199,207
2024-02-03 20:26:00,49.6,49.6,198,204
2024-02-03 20:28:00,49.2,49.2,197,204
2024-02-03 20:30:00,49.5,49.5,199,206
2024-02-03 20:32:00,49.6,49.5,195,207
2024-02-03 20:34:00,49.4,49.5,196,209
2024-02-03 20:36:00,49.6,49.6,197,211
2024-02-03 20:38:00,49.5,49.5,196,212
2024-02-03 20:40:00,49.4,49.5,198,211
2024-02-03 20:42:00,49.5,49.4,199,208
2024-02-03 20:44:00,49.4,49.4,198,208
2024-02-03 20:46:00,49.4,49.5,196,209
2024-02-03 20:48:00,49.7,49.7,197,212
2024-02-03 20:50:00,49.5,49.6,199,207
2024-02-03 20:52:00,49.5,49.5,197,204
2024-02-03 20:54:00,49.7,49.7,195,205
2024-02-03 20:56:00,49.8,49.8,197,207
2024-02-03 20:58:00,49.7,49.6,196,209
2024-02-03 21:00:00,49.7,49.8,198,210
2024-02-03 21:02:00,49.7,49.7,197,211
2024-02-03 21:04:00,49.6,49.6,199,212
2024-02-03 21:06:00,49.7,49.8,197,213
2024-02-03 21:08:00,49.6,49.5,199,211
2024-02-03 21:10:00,49.5,49.6,202,212
2024-02-03 21:12:00,49.4,49.5,199,212
2024-02-03 21:14:00,49.6,49.6,199,209
2024-02-03 21:16:00,49.4,49.4,199,209
2024-02-03 21:18:00,49.6,49.6,197,211
2024-02-03 21:20:00,49.8,49.8,195,212
2024-02-03 21:22:00,49.7,49.7,197,214
2024-02-03 21:24:00,49.8,49.8,199,214
2024-02-03 21:26:00,49.8,49.8,199,214
2024-02-03 21:28:00,49.7,49.8,199,213
2024-02-03 21:30:00,49.7,49.7,197,213
2024-02-03 21:32:00,49.8,49.8,200,213
2024-02-03 21:34:00,49.8,49.8,198,214
2024-02-03 21:36:00,49.7,49.6,197,211
2024-02-03 21:38:00,49.8,49.8,199,209
2024-02-03 21:40:00,49.6,49.6,197,214
2024-02-03 21:42:00,49.6,49.6,197,214
2024-02-03 21:44:00,49.7,49.7,198,214
2024-02-03 21:46:00,49.7,49.6,200,213
2024-02-03 21:48:00,49.7,49.7,197,210
2024-02-03 21:50:00,49.8,49.7,197,212
2024-02-03 21:52:00,49.9,49.8,199,213
2024-02-03 21:54:00,49.7,49.7,198,212
2024-02-03 21:56:00,49.9,49.9,200,214
2024-02-03 21:58:00,49.8,49.8,199,214
2024-02-03 22:00:00,49.8,49.9,201,212
2024-02-03 22:02:00,49.9,49.9,197,214
2024-02-03 22:04:00,49.8,49.8,200,216
2024-02-03 22:06:00,49.8,49.7,199,216
2024-02-03 22:08:00,49.6,49.6,200,216
2024-02-03 22:10:00,49.8,49.9,199,214
2024-02-03 22:12:00,50.0,50.0,201,217
2024-02-03 22:14:00,49.8,49.8,200,216
2024-02-03 22:16:00,49.9,49.8,200,216
2024-02-03 22:18:00,50.0,50.0,201,218
2024-02-03 22:20:00,50.0,50.0,200,218
2024-02-03 22:22:00,49.8,49.8,200,218
2024-02-03 22:24:00,49.8,49.9,198,216
2024-02-03 22:26:00,49.8,49.9,202,214
2024-02-03 22:28:00,49.9,49.9,202,214
2024-02-03 22:30:00,50.1,50.2,199,216
2024-02-03 22:32:00,49.9,49.9,200,215
2024-02-03 22:34:00,50.0,50.0,201,215
2024-02-03 22:36:00,49.9,49.9,202,216
2024-02-03 22:38:00,49.9,49.9,201,218
2024-02-03 22:40:00,49.9,49.9,200,220
2024-02-03 22:42:00,49.8,49.8,199,221
2024-02-03 22:44:00,49.9,49.8,202,221
2024-02-03 22:46:00,50.0,50.0,201,221
2024-02-03 22:48:00,49.9,49.9,203,220
2024-02-03 22:50:00,49.8,49.8,204,220
2024-02-03 22:52:00,50.1,50.0,204,220
2024-02-03 22:54:00,50.0,50.0,203,221
2024-02-03 22:56:00,50.0,49.9,199,223
2024-02-03 22:58:00,49.9,49.9,201,224
2024-02-03 23:00:00,50.1,50.1,202,224
2024-02-03 23:02:00,49.9,49.9,202,222
2024-02-03 23:04:00,50.2,50.1,204,222
2024-02-03 23:06:00,50.2,50.2,204,221
2024-02-03 23:08:00,49.8,49.8,203,221
2024-02-03 23:10:00,50.2,50.2,204,221
2024-02-03 23:12:00,50.2,50.2,204,221
2024-02-03 23:14:00,50.1,50.1,202,222
2024-02-03 23:16:00,50.1,50.2,202,221
2024-02-03 23:18:00,49.9,49.9,204,221
2024-02-03 23:20:00,50.2,50.2,203,222
2024-02-03 23:22:00,50.2,50.1,202,221
2024-02-03 23:24:00,50.2,50.2,204,221
2024-02-03 23:26:00,50.0,50.0,202,222
2024-02-03 23:28:00,50.2,50.2,203,221
2024-02-03 23:30:00,50.1,50.1,203,221
2024-02-03 23:32:00,50.2,50.2,203,221
2024-02-03 23:34:00,50.2,50.2,202,222
2024-02-03 23:36:00,50.0,50.0,202,223
2024-02-03 23:38:00,50.2,50.2,204,222
2024-02-03 23:40:00,50.0,50.0,204,222
2024-02-03 23:42:00,50.2,50.1,204,222
2024-02-03 23:44:00,50.2,50.2,202,222
2024-02-03 23:46:00,50.3,50.2,204,224
2024-02-03 23:48:00,50.1,50.1,204,223
2024-02-03 23:50:00,50.1,50.1,204,223
2024-02-03 23:52:00,50.2,50.2,205,224
2024-02-03 23:54:00,50.3,50.3,205,224
2024-02-03 23:56:00,50.2,50.1,203,223
2024-02-03 23:58:00,50.0,50.0,204,223
2024-02-04 00:00:00,50.1,50.1,204,223
2024-02-04 00:02:00,50.2,50.2,204,223
2024-02-04 00:04:00,50.1,50.1,204,224
2024-02-04 00:06:00,50.2,50.2,206,223
2024-02-04 00:08:00,50.1,50.1,204,223
2024-02-04 00:10:00,50.4,50.5,203,225
2024-02-04 00:12:00,50.0,50.1,206,222
2024-02-04 00:14:00,49.9,50.0,208,225
2024-02-04 00:16:00,49.8,49.8,204,224
2024-02-04 00:18:00,49.9,49.9,206,225
2024-02-04 00:20:00,49.9,49.9,207,224
2024-02-04 00:22:00,50.0,50.0,207,224
2024-02-04 00:24:00,49.9,49.9,206,225
2024-02-04 00:26:00,49.9,49.8,207,225
2024-02-04 00:28:00,50.1,50.0,208,225
2024-02-04 00:30:00,49.8,49.9,206,225
2024-02-04 00:32:00,49.7,49.7,206,223
2024-02-04 00:34:00,49.8,49.8,208,225
2024-02-04 00:36:00,49.8,49.8,208,225
2024-02-04 00:38:00,49.8,49.8,207,224
2024-02-04 00:40:00,49.8,49.8,209,226
2024-02-04 00:42:00,49.9,49.8,209,226
2024-02-04 00:44:00,49.9,49.9,207,225
2024-02-04 00:46:00,49.8,49.8,206,226
2024-02-04 00:48:00,49.8,49.8,208,226
2024-02-04 00:50:00,49.9,49.8,206,226
2024-02-04 00:52:00,49.9,49.8,206,226
2024-02-04 00:54:00,49.9,49.9,209,226
2024-02-04 00:56:00,49.8,49.8,208,227
2024-02-04 00:58:00,49.9,49.9,208,226
2024-02-04 01:00:00,49.8,49.8,208,226
2024-02-04 01:02:00,49.9,49.9,209,226
2024-02-04 01:04:00,50.2,50.1,207,226
2024-02-04 01:06:00,49.8,49.8,207,226
2024-02-04 01:08:00,50.1,50.0,209,227
2024-02-04 01:10:00,50.0,50.0,209,226
2024-02-04 01:12:00,50.1,50.1,208,228
2024-02-04 01:14:00,49.8,49.8,209,227
2024-02-04 01:16:00,49.9,49.9,209,227
2024-02-04 01:18:00,50.0,50.0,209,227
2024-02-04 01:20:00,50.1,50.0,209,228
2024-02-04 01:22:00,49.8,49.9,209,227
2024-02-04 01:24:00,50.0,50.0,211,227
2024-02-04 01:26:00,49.9,49.9,209,226
2024-02-04 01:28:00,49.8,49.8,211,227
2024-02-04 01:30:00,49.8,49.8,210,227
2024-02-04 01:32:00,50.0,50.0,209,226
2024-02-04 01:34:00,50.1,50.1,209,227
2024-02-04 01:36:00,50.0,50.0,210,226
2024-02-04 01:38:00,49.9,49.8,210,226
2024-02-04 01:40:00,50.0,50.0,207,227
2024-02-04 01:42:00,50.0,50.0,210,227
2024-02-04 01:44:00,50.1,50.1,211,226
2024-02-04 01:46:00,49.8,49.9,209,226
2024-02-04 01:48:00,50.0,50,209,227
2024-02-04 01:50:00,49.8,49.8,210,226
2024-02-04 01:52:00,50.1,50.1,210,226
2024-02-04 01:54:00,50.0,50.1,209,227
2024-02-04 01:56:00,49.9,50.0,211,227
2024-02-04 01:58:00,50.0,49.9,208,227
2024-02-04 02:00:00,49.8,49.8,207,227
2024-02-04 02:02:00,50.1,50.1,211,226
2024-02-04 02:04:00,49.8,49.9,211,228
2024-02-04 02:06:00,49.9,49.9,211,227
2024-02-04 02:08:00,50.1,50.1,210,228
2024-02-04 02:10:00,49.9,49.9,211,226
2024-02-04 02:12:00,49.9,49.9,211,226
2024-02-04 02:14:00,50.2,50.2,210,226
2024-02-04 02:16:00,49.8,49.8,209,226
2024-02-04 02:18:00,50.1,50.1,211,226
2024-02-04 02:20:00,50.0,50.1,210,227
2024-02-04 02:22:00,50.0,50.1,210,227
2024-02-04 02:24:00,50.0,50.0,211,228
2024-02-04 02:26:00,50.0,49.9,211,228
2024-02-04 02:28:00,49.9,49.9,211,227
2024-02-04 02:30:00,50.2,50.2,211,228
2024-02-04 02:32:00,49.9,49.8,211,228
2024-02-04 02:34:00,50.2,50.2,210,228
2024-02-04 02:36:00,49.9,49.9,209,228
2024-02-04 02:38:00,50.1,50.1,211,228
2024-02-04 02:40:00,49.9,49.9,210,228
2024-02-04 02:42:00,50.0,50.0,210,228
2024-02-04 02:44:00,50.0,50.0,209,230
2024-02-04 02:46:00,50.0,50.0,212,230
2024-02-04 02:48:00,50.2,50.1,211,228
2024-02-04 02:50:00,49.9,49.9,210,228
2024-02-04 02:52:00,50.0,50.1,211,228
2024-02-04 02:54:00,49.8,49.8,209,227
2024-02-04 02:56:00,50.0,50.0,210,228
2024-02-04 02:58:00,50.0,50.1,211,228
2024-02-04 03:00:00,49.9,49.9,212,228
2024-02-04 03:02:00,50.0,50.0,210,229
2024-02-04 03:04:00,50.2,50.2,211,228
2024-02-04 03:06:00,50.1,50.1,209,230
2024-02-04 03:08:00,49.9,49.9,209,229
2024-02-04 03:10:00,50.0,50.0,211,229
2024-02-04 03:12:00,50.1,50.1,212,228
2024-02-04 03:14:00,49.9,49.9,211,228
2024-02-04 03:16:00,50.0,50.0,211,228
2024-02-04 03:18:00,50.1,50.0,211,228
2024-02-04 03:20:00,49.9,49.9,211,227
2024-02-04 03:22:00,50.2,50.1,211,227
2024-02-04 03:24:00,50.0,50.0,211,227
2024-02-04 03:26:00,50.0,50.0,212,226
2024-02-04 03:28:00,50.0,50.0,212,228
2024-02-04 03:30:00,49.9,49.9,211,227
2024-02-04 03:32:00,50.0,50.1,209,228
2024-02-04 03:34:00,50.0,50.0,209,228
2024-02-04 03:36:00,50.1,50.1,209,229
2024-02-04 03:38:00,50.0,50.0,211,227
2024-02-04 03:40:00,50.1,50.0,212,228
2024-02-04 03:42:00,50.0,50.1,209,228
2024-02-04 03:44:00,50.1,50.1,209,228
2024-02-04 03:46:00,50.0,50.0,211,228
2024-02-04 03:48:00,50.0,50.0,211,226
2024-02-04 03:50:00,50.0,50.0,209,227
2024-02-04 03:52:00,50.0,50.0,211,226
2024-02-04 03:54:00,49.9,49.9,211,227
2024-02-04 03:56:00,49.8,49.8,210,226
2024-02-04 03:58:00,50.0,50.0,210,226
2024-02-04 04:00:00,50.0,50.0,211,226
2024-02-04 04:02:00,50.2,50.2,212,228
2024-02-04 04:04:00,50.0,50.0,211,226
2024-02-04 04:06:00,50.0,50.0,211,228
2024-02-04 04:08:00,50.0,50.0,211,228
2024-02-04 04:10:00,50.1,50.1,210,228
2024-02-04 04:12:00,49.9,50.0,210,229
2024-02-04 04:14:00,49.9,49.9,210,229
2024-02-04 04:16:00,50.2,50.1,208,230
2024-02-04 04:18:00,50.1,50.0,210,230
2024-02-04 04:20:00,49.8,49.8,211,229
2024-02-04 04:22:00,49.9,49.9,209,231
2024-02-04 04:24:00,50.0,50.0,209,229
2024-02-04 04:26:00,50.0,49.9,211,228
2024-02-04 04:28:00,50.0,50.0,211,229
2024-02-04 04:30:00,50.2,50.2,210,229
2024-02-04 04:32:00,49.8,49.8,211,226
2024-02-04 04:34:00,50.1,50.1,209,228
2024-02-04 04:36:00,49.9,49.9,209,227
2024-02-04 04:38:00,50.0,50.0,211,226
2024-02-04 04:40:00,50.0,50.0,212,226
2024-02-04 04:42:00,50.0,49.9,209,226
2024-02-04 04:44:00,50.0,50.0,208,231
2024-02-04 04:46:00,50.2,50.3,209,231
2024-02-04 04:48:00,49.9,49.9,211,231
2024-02-04 04:50:00,49.9,49.9,209,231
2024-02-04 04:52:00,49.9,50.0,209,231
2024-02-04 04:54:00,50.0,50.0,211,231
2024-02-04 04:56:00,50.0,50.0,209,231
2024-02-04 04:58:00,50.0,49.9,208,233
2024-02-04 05:00:00,49.9,49.8,209,233
2024-02-04 05:02:00,50.0,50.0,211,231
2024-02-04 05:04:00,50.2,50.2,210,231
2024-02-04 05:06:00,49.9,49.9,208,231
2024-02-04 05:08:00,49.9,49.9,209,231
2024-02-04 05:10:00,50.0,50,212,230
2024-02-04 05:12:00,49.8,49.8,210,230
2024-02-04 05:14:00,50.0,49.9,211,230
2024-02-04 05:16:00,49.9,49.9,211,231
2024-02-04 05:18:00,50.0,50.0,209,231
2024-02-04 05:20:00,50.0,50.0,209,232
2024-02-04 05:22:00,49.9,49.8,211,231
2024-02-04 05:24:00,50.0,50.0,211,231
2024-02-04 05:26:00,49.9,50.0,210,231
2024-02-04 05:28:00,49.9,49.9,212,231
2024-02-04 05:30:00,49.9,49.9,214,231
2024-02-04 05:32:00,49.9,50.0,209,231
2024-02-04 05:34:00,49.9,50.0,207,231
2024-02-04 05:36:00,49.7,49.8,207,231
2024-02-04 05:38:00,49.9,49.8,207,232
2024-02-04 05:40:00,49.9,49.9,207,231
2024-02-04 05:42:00,49.8,49.9,209,231
2024-02-04 05:44:00,49.8,49.9,209,230
2024-02-04 05:46:00,49.9,49.9,208,227
2024-02-04 05:48:00,49.8,49.8,211,224
2024-02-04 05:50:00,49.6,49.7,210,224
2024-02-04 05:52:00,49.7,49.7,208,228
2024-02-04 05:54:00,49.7,49.7,209,228
2024-02-04 05:56:00,49.9,49.9,211,228
2024-02-04 05:58:00,49.9,49.9,209,228
2024-02-04 06:00:00,49.9,49.8,208,228
2024-02-04 06:02:00,49.8,49.8,209,226
2024-02-04 06:04:00,49.8,49.8,210,226
2024-02-04 06:06:00,49.9,49.9,208,225
2024-02-04 06:08:00,49.6,49.6,205,229
2024-02-04 06:10:00,49.7,49.7,205,229
2024-02-04 06:12:00,49.7,49.8,207,227
2024-02-04 06:14:00,50.0,49.9,209,228
2024-02-04 06:16:00,49.7,49.7,209,228
2024-02-04 06:18:00,49.9,49.9,209,231
2024-02-04 06:20:00,49.6,49.6,206,230
2024-02-04 06:22:00,49.8,49.7,207,232
2024-02-04 06:24:00,49.8,49.7,208,229
2024-02-04 06:26:00,49.7,49.6,205,230
2024-02-04 06:28:00,49.6,49.6,208,228
2024-02-04 06:30:00,49.6,49.6,209,224
2024-02-04 06:32:00,49.7,49.8,205,226
2024-02-04 06:34:00,49.6,49.6,208,225
2024-02-04 06:36:00,49.6,49.6,205,229
2024-02-04 06:38:00,49.8,49.7,207,225
2024-02-04 06:40:00,49.6,49.7,206,226
2024-02-04 06:42:00,49.7,49.8,206,226
2024-02-04 06:44:00,49.7,49.7,206,225
2024-02-04 06:46:00,49.7,49.6,207,227
2024-02-04 06:48:00,49.6,49.5,207,226
2024-02-04 06:50:00,49.6,49.6,206,226
2024-02-04 06:52:00,50.0,49.8,203,226
2024-02-04 06:54:00,49.7,49.7,205,222
2024-02-04 06:56:00,49.5,49.5,204,223
2024-02-04 06:58:00,49.7,49.7,205,220
2024-02-04 07:00:00,49.5,49.5,204,223
2024-02-04 07:02:00,49.5,49.6,202,225
2024-02-04 07:04:00,49.7,49.7,207,226
2024-02-04 07:06:00,49.5,49.5,206,222
2024-02-04 07:08:00,49.6,49.5,204,221
2024-02-04 07:10:00,49.5,49.4,203,219
2024-02-04 07:12:00,49.7,49.7,204,216
2024-02-04 07:14:00,49.4,49.4,201,220
2024-02-04 07:16:00,49.5,49.4,203,221
2024-02-04 07:18:00,49.3,49.3,204,218
2024-02-04 07:20:00,49.4,49.4,199,220
2024-02-04 07:22:00,49.6,49.6,199,221
2024-02-04 07:24:00,49.5,49.3,202,221
2024-02-04 07:26:00,49.3,49.4,200,224
2024-02-04 07:28:00,49.5,49.5,204,222
2024-02-04 07:30:00,49.7,49.7,202,217
2024-02-04 07:32:00,49.7,49.7,203,221
2024-02-04 07:34:00,49.4,49.4,205,218
2024-02-04 07:36:00,49.4,49.4,200,222
2024-02-04 07:38:00,49.3,49.2,200,221
2024-02-04 07:40:00,49.6,49.7,198,223
2024-02-04 07:42:00,49.5,49.6,199,221
2024-02-04 07:44:00,49.8,49.8,199,223
2024-02-04 07:46:00,49.4,49.5,201,219
2024-02-04 07:48:00,49.5,49.4,202,221
2024-02-04 07:50:00,49.2,49.2,199,218
2024-02-04 07:52:00,49.5,49.5,204,220
2024-02-04 07:54:00,49.5,49.5,202,223
2024-02-04 07:56:00,49.4,49.3,202,226
2024-02-04 07:58:00,49.4,49.4,202,221
2024-02-04 08:00:00,49.3,49.3,202,226
2024-02-04 08:02:00,49.1,49.2,197,217
2024-02-04 08:04:00,49.5,49.5,203,220
2024-02-04 08:06:00,49.2,49.2,204,215
2024-02-04 08:08:00,49.4,49.5,204,216
2024-02-04 08:10:00,49.1,49.1,200,215
2024-02-04 08:12:00,49.3,49.3,204,216
2024-02-04 08:14:00,49.2,49.1,204,218
2024-02-04 08:16:00,48.6,48.6,202,218
2024-02-04 08:18:00,48.9,48.9,200,220
2024-02-04 08:20:00,48.9,48.8,204,216
2024-02-04 08:22:00,49.1,49.2,202,219
2024-02-04 08:24:00,48.9,48.9,204,216
2024-02-04 08:26:00,48.9,48.9,204,214
2024-02-04 08:28:00,49.2,49.2,203,215
2024-02-04 08:30:00,49.4,49.4,202,213
2024-02-04 08:32:00,49.3,49.3,202,214
2024-02-04 08:34:00,49.4,49.3,204,218
2024-02-04 08:36:00,48.9,48.9,202,219
2024-02-04 08:38:00,48.8,48.8,202,219
2024-02-04 08:40:00,49.4,49.4,201,221
2024-02-04 08:42:00,49.4,49.4,200,219
2024-02-04 08:44:00,49.3,49.3,198,219
2024-02-04 08:46:00,49.5,49.5,200,219
2024-02-04 08:48:00,49.0,49.0,202,219
2024-02-04 08:50:00,49.1,49.0,202,219
2024-02-04 08:52:00,48.3,48.3,200,211
2024-02-04 08:54:00,48.2,48.2,202,211
2024-02-04 08:56:00,46.9,46.9,201,211
2024-02-04 08:58:00,49.8,49.7,201,210
2024-02-04 09:00:00,49.6,49.6,202,205
2024-02-04 09:02:00,49.7,49.6,199,209
2024-02-04 09:04:00,49.7,49.7,203,207
2024-02-04 09:06:00,49.7,49.7,201,204
2024-02-04 09:08:00,49.9,49.8,199,204
2024-02-04 09:10:00,49.4,49.4,201,207
2024-02-04 09:12:00,49.6,49.6,198,208
2024-02-04 09:14:00,49.6,49.7,199,214
2024-02-04 09:16:00,49.8,49.9,202,209
2024-02-04 09:18:00,49.5,49.5,201,205
2024-02-04 09:20:00,49.7,49.6,198,207
2024-02-04 09:22:00,49.5,49.5,199,204
2024-02-04 09:24:00,49.6,49.5,202,202
2024-02-04 09:26:00,49.8,49.8,198,206
2024-02-04 09:28:00,49.6,49.5,199,204
2024-02-04 09:30:00,49.9,49.9,197,208
2024-02-04 09:32:00,49.7,49.7,197,207
2024-02-04 09:34:00,49.6,49.6,199,209
2024-02-04 09:36:00,49.7,49.8,198,214
2024-02-04 09:38:00,50.1,50.1,198,214
2024-02-04 09:40:00,50.1,50.1,198,216
2024-02-04 09:42:00,50.3,50.3,199,217
2024-02-04 09:44:00,50.0,50.0,201,211
2024-02-04 09:46:00,50.3,50.3,199,211
2024-02-04 09:48:00,49.9,49.8,199,213
2024-02-04 09:50:00,50.2,50.2,200,210
2024-02-04 09:52:00,50.0,50.0,200,211
2024-02-04 09:54:00,50.1,50.2,199,209
2024-02-04 09:56:00,50.3,50.3,201,207
2024-02-04 09:58:00,50.0,50.0,199,203
2024-02-04 10:00:00,50.1,50.0,198,216
2024-02-04 10:02:00,50.0,50.1,199,215
2024-02-04 10:04:00,50.2,50.2,199,216
2024-02-04 10:06:00,50.2,50.2,197,211
2024-02-04 10:08:00,50.2,50.2,199,215
2024-02-04 10:10:00,50.1,50.1,197,211
2024-02-04 10:12:00,50.0,50.0,199,211
2024-02-04 10:14:00,50.0,50.0,199,216
2024-02-04 10:16:00,50.1,50.1,199,216
2024-02-04 10:18:00,50.1,50.1,197,219
2024-02-04 10:20:00,50.1,50.1,199,215
2024-02-04 10:22:00,49.9,49.9,198,214
2024-02-04 10:24:00,50.0,50.0,200,214
2024-02-04 10:26:00,50.2,50.2,197,215
2024-02-04 10:28:00,50.3,50.4,199,216
2024-02-04 10:30:00,50.2,50.2,199,216
2024-02-04 10:32:00,50.1,50.2,197,218
2024-02-04 10:34:00,49.9,50.0,197,216
2024-02-04 10:36:00,50.0,50.0,200,212
2024-02-04 10:38:00,50.1,50.1,199,208
2024-02-04 10:40:00,50.2,50.1,197,209
2024-02-04 10:42:00,50.0,50.0,196,209
2024-02-04 10:44:00,49.3,49.4,198,210
2024-02-04 10:46:00,49.8,49.8,198,209
2024-02-04 10:48:00,50.1,50.2,197,213
2024-02-04 10:50:00,50.1,50.1,197,214
2024-02-04 10:52:00,50.2,50.2,199,211
2024-02-04 10:54:00,50.2,50.2,199,210
2024-02-04 10:56:00,50.0,50.0,198,209
2024-02-04 10:58:00,49.7,49.7,197,213
2024-02-04 11:00:00,49.7,49.7,199,212
2024-02-04 11:02:00,49.9,49.9,197,214
2024-02-04 11:04:00,49.9,49.9,202,213
2024-02-04 11:06:00,49.9,49.8,202,209
2024-02-04 11:08:00,49.8,49.8,197,211
2024-02-04 11:10:00,49.8,49.8,199,208
2024-02-04 11:12:00,49.8,49.8,199,215
2024-02-04 11:14:00,49.8,49.8,198,214
2024-02-04 11:16:00,50.0,50.0,197,216
2024-02-04 11:18:00,49.8,49.8,200,214
2024-02-04 11:20:00,49.8,49.8,199,212
2024-02-04 11:22:00,49.8,49.8,197,214
2024-02-04 11:24:00,49.8,49.8,199,206
2024-02-04 11:26:00,49.7,49.8,197,209
2024-02-04 11:28:00,49.6,49.6,197,211
2024-02-04 11:30:00,49.8,49.9,199,216
2024-02-04 11:32:00,50.2,50.2,199,213
2024-02-04 11:34:00,49.8,49.9,197,214
2024-02-04 11:36:00,49.7,49.8,196,214
2024-02-04 11:38:00,49.9,50.0,197,214
2024-02-04 11:40:00,49.9,49.9,197,216
2024-02-04 11:42:00,49.7,49.8,195,215
2024-02-04 11:44:00,50.1,50.2,197,214
2024-02-04 11:46:00,49.9,49.9,199,211
2024-02-04 11:48:00,50.0,50.0,197,214
2024-02-04 11:50:00,49.7,49.8,197,211
2024-02-04 11:52:00,50.0,50.0,200,211
2024-02-04 11:54:00,49.8,49.9,198,214
2024-02-04 11:56:00,49.8,49.8,196,211
2024-02-04 11:58:00,49.8,49.8,197,212
2024-02-04 12:00:00,49.8,49.7,198,211
2024-02-04 12:02:00,49.8,49.7,196,215
2024-02-04 12:04:00,49.9,50.0,198,213
2024-02-04 12:06:00,49.8,49.8,200,212
2024-02-04 12:08:00,49.9,49.8,196,213
2024-02-04 12:10:00,49.7,49.7,196,214
2024-02-04 12:12:00,49.8,49.8,197,211
2024-02-04 12:14:00,49.6,49.6,196,209
2024-02-04 12:16:00,49.7,49.8,195,211
2024-02-04 12:18:00,49.6,49.6,198,211
2024-02-04 12:20:00,49.7,49.6,197,209
2024-02-04 12:22:00,49.7,49.7,200,209
2024-02-04 12:24:00,49.7,49.7,198,209
2024-02-04 12:26:00,49.7,49.8,200,209
2024-02-04 12:28:00,49.8,49.8,199,207
2024-02-04 12:30:00,49.5,49.5,198,207
2024-02-04 12:32:00,49.8,49.7,200,211
2024-02-04 12:34:00,50.0,49.9,198,210
2024-02-04 12:36:00,49.7,49.6,197,210
2024-02-04 12:38:00,49.7,49.6,196,209
2024-02-04 12:40:00,49.9,49.8,199,209
2024-02-04 12:42:00,49.9,49.9,198,211
2024-02-04 12:44:00,49.9,49.8,199,210
2024-02-04 12:46:00,50.0,50.1,198,209
2024-02-04 12:48:00,49.9,49.8,197,208
2024-02-04 12:50:00,49.9,49.9,199,208
2024-02-04 12:52:00,49.6,49.6,198,207
2024-02-04 12:54:00,50.0,50.0,200,206
2024-02-04 12:56:00,49.8,49.8,199,205
2024-02-04 12:58:00,49.7,49.7,197,207
2024-02-04 13:00:00,49.7,49.7,196,205
2024-02-04 13:02:00,50.0,49.9,197,203
2024-02-04 13:04:00,49.8,49.8,197,202
2024-02-04 13:06:00,49.6,49.7,197,202
2024-02-04 13:08:00,49.4,49.4,199,207
2024-02-04 13:10:00,49.9,49.9,198,204
2024-02-04 13:12:00,49.8,49.9,197,209
2024-02-04 13:14:00,49.8,49.8,195,209
2024-02-04 13:16:00,49.6,49.6,197,211
2024-02-04 13:18:00,49.7,49.8,197,206
2024-02-04 13:20:00,49.7,49.6,195,207
2024-02-04 13:22:00,49.7,49.8,197,208
2024-02-04 13:24:00,49.8,49.8,196,209
2024-02-04 13:26:00,49.7,49.7,196,211
2024-02-04 13:28:00,49.9,49.9,198,209
2024-02-04 13:30:00,49.7,49.7,199,209
2024-02-04 13:32:00,49.6,49.6,197,207
2024-02-04 13:34:00,49.7,49.7,197,204
2024-02-04 13:36:00,49.6,49.6,197,209
2024-02-04 13:38:00,49.8,49.8,197,207
2024-02-04 13:40:00,49.7,49.7,192,208
2024-02-04 13:42:00,49.9,49.8,195,209
2024-02-04 13:44:00,49.6,49.6,195,210
2024-02-04 13:46:00,4367,4367,0,0
2024-02-04 13:48:00,2625,6452,0,0
2024-02-04 13:50:00,50.1,50.1,202,217
2024-02-04 13:52:00,50.0,49.9,200,216
2024-02-04 13:54:00,50.1,50.0,199,214
2024-02-04 13:56:00,49.9,49.9,199,215
2024-02-04 13:58:00,50.0,50.0,196,215
2024-02-04 14:00:00,49.8,49.9,199,207
2024-02-04 14:02:00,49.9,49.9,199,212
2024-02-04 14:04:00,49.8,49.9,197,212
2024-02-04 14:06:00,49.9,49.9,196,213
2024-02-04 14:08:00,49.9,49.9,195,213
2024-02-04 14:10:00,49.9,49.9,201,216
2024-02-04 14:12:00,50.0,50.0,197,216
2024-02-04 14:14:00,49.8,49.7,196,216
2024-02-04 14:16:00,49.9,49.8,197,214
2024-02-04 14:18:00,49.8,49.8,200,214
2024-02-04 14:20:00,49.7,49.8,199,212
2024-02-04 14:22:00,49.8,49.8,200,211
2024-02-04 14:24:00,49.8,49.8,200,213
2024-02-04 14:26:00,49.9,49.9,199,210
2024-02-04 14:28:00,49.7,49.7,197,210
2024-02-04 14:30:00,49.9,49.9,197,213
2024-02-04 14:32:00,49.7,49.7,199,210
2024-02-04 14:34:00,49.7,49.7,197,210
2024-02-04 14:36:00,49.9,49.8,201,210
2024-02-04 14:38:00,49.7,49.6,199,211
2024-02-04 14:40:00,49.6,49.6,199,211
2024-02-04 14:42:00,49.9,49.9,201,209
2024-02-04 14:44:00,49.7,49.7,201,210
2024-02-04 14:46:00,49.8,49.8,198,211
2024-02-04 14:48:00,49.7,49.7,197,210
2024-02-04 14:50:00,49.9,49.9,200,209
2024-02-04 14:52:00,49.9,49.9,198,211
2024-02-04 14:54:00,49.7,49.7,199,208
2024-02-04 14:56:00,49.6,49.6,201,210
2024-02-04 14:58:00,49.7,49.6,199,209
2024-02-04 15:00:00,49.7,49.7,199,207
2024-02-04 15:02:00,49.9,49.8,202,206
2024-02-04 15:04:00,49.5,49.5,199,209
2024-02-04 15:06:00,49.7,49.7,199,207
2024-02-04 15:08:00,49.7,49.7,199,206
2024-02-04 15:10:00,49.8,49.8,200,209
2024-02-04 15:12:00,49.9,49.9,199,207
2024-02-04 15:14:00,49.8,49.9,198,206
2024-02-04 15:16:00,49.8,49.8,200,206
2024-02-04 15:18:00,50.0,50.0,198,207
2024-02-04 15:20:00,49.8,49.8,199,210
2024-02-04 15:22:00,49.8,49.8,199,208
2024-02-04 15:24:00,50.0,50.0,199,209
2024-02-04 15:26:00,49.8,49.8,197,208
2024-02-04 15:28:00,49.7,49.7,197,207
2024-02-04 15:30:00,49.7,49.7,199,207
2024-02-04 15:32:00,49.9,49.9,199,205
2024-02-04 15:34:00,49.7,49.7,197,209
2024-02-04 15:36:00,49.8,49.8,201,207
2024-02-04 15:38:00,49.9,49.9,197,207
2024-02-04 15:40:00,49.9,49.9,199,209
2024-02-04 15:42:00,50.0,50.0,200,208
2024-02-04 15:44:00,49.7,49.8,200,205
2024-02-04 15:46:00,50.0,50.1,199,205
2024-02-04 15:48:00,49.8,49.7,200,211
2024-02-04 15:50:00,49.9,49.9,202,209
2024-02-04 15:52:00,49.7,49.7,197,208
2024-02-04 15:54:00,49.8,49.8,199,211
2024-02-04 15:56:00,49.7,49.7,199,207
2024-02-04 15:58:00,49.8,49.8,197,208
2024-02-04 16:00:00,49.7,49.6,199,206
2024-02-04 16:02:00,49.9,49.9,199,211
2024-02-04 16:04:00,49.7,49.7,199,210
2024-02-04 16:06:00,49.9,49.9,199,208
2024-02-04 16:08:00,50.0,50.0,201,211
2024-02-04 16:10:00,49.7,49.7,199,214
2024-02-04 16:12:00,49.8,49.7,199,205
2024-02-04 16:14:00,49.7,49.6,197,205
2024-02-04 16:16:00,49.8,49.9,201,207
2024-02-04 16:18:00,50.0,50,199,211
2024-02-04 16:20:00,49.7,49.6,199,209
2024-02-04 16:22:00,49.9,49.8,199,211
2024-02-04 16:24:00,49.9,50.0,197,211
2024-02-04 16:26:00,49.8,49.7,197,211
2024-02-04 16:28:00,49.8,49.7,197,210
2024-02-04 16:30:00,49.8,49.8,200,214
2024-02-04 16:32:00,49.9,49.9,199,212
2024-02-04 16:34:00,50.0,50.0,200,210
2024-02-04 16:36:00,49.6,49.6,199,207
2024-02-04 16:38:00,49.9,49.9,198,211
2024-02-04 16:40:00,49.7,49.7,197,206
2024-02-04 16:42:00,49.9,49.8,199,211
2024-02-04 16:44:00,50.1,50.0,197,210
2024-02-04 16:46:00,49.7,49.7,199,209
2024-02-04 16:48:00,49.9,49.9,197,213
2024-02-04 16:50:00,49.9,49.8,198,209
2024-02-04 16:52:00,49.8,49.8,197,209
2024-02-04 16:54:00,49.8,49.7,200,209
2024-02-04 16:56:00,49.7,49.7,199,209
2024-02-04 16:58:00,50.0,50.0,201,210
2024-02-04 17:00:00,49.7,49.7,197,211
2024-02-04 17:02:00,49.9,49.9,200,210
2024-02-04 17:04:00,49.8,49.8,197,209
2024-02-04 17:06:00,49.6,49.7,197,211
2024-02-04 17:08:00,49.8,49.9,199,211
2024-02-04 17:10:00,49.8,49.9,199,212
2024-02-04 17:12:00,49.7,49.7,199,210
2024-02-04 17:14:00,49.7,49.7,200,207
2024-02-04 17:16:00,49.7,49.7,197,209
2024-02-04 17:18:00,49.7,49.8,200,207
2024-02-04 17:20:00,49.9,49.9,200,209
2024-02-04 17:22:00,49.6,49.6,199,210
2024-02-04 17:24:00,49.8,49.9,197,212
2024-02-04 17:26:00,49.8,49.8,202,209
2024-02-04 17:28:00,49.8,49.9,201,210
2024-02-04 17:30:00,50.0,50.0,199,209
2024-02-04 17:32:00,49.9,49.9,200,206
2024-02-04 17:34:00,49.8,49.8,199,204
2024-02-04 17:36:00,49.7,49.7,197,208
2024-02-04 17:38:00,49.7,49.7,199,206
2024-02-04 17:40:00,49.5,49.5,197,207
2024-02-04 17:42:00,49.6,49.7,197,208
2024-02-04 17:44:00,49.6,49.7,199,210
2024-02-04 17:46:00,49.8,49.8,202,208
2024-02-04 17:48:00,49.8,49.9,199,209
2024-02-04 17:50:00,49.8,49.8,197,209
2024-02-04 17:52:00,49.6,49.6,198,208
2024-02-04 17:54:00,49.7,49.6,200,206
2024-02-04 17:56:00,49.6,49.7,199,203
2024-02-04 17:58:00,49.7,49.7,198,204
2024-02-04 18:00:00,49.6,49.5,199,205
2024-02-04 18:02:00,49.6,49.6,197,204
2024-02-04 18:04:00,49.5,49.5,197,204
2024-02-04 18:06:00,49.8,49.7,198,205
2024-02-04 18:08:00,49.6,49.6,197,204
2024-02-04 18:10:00,49.5,49.5,196,205
2024-02-04 18:12:00,49.5,49.5,197,203
2024-02-04 18:14:00,49.6,49.6,197,204
2024-02-04 18:16:00,49.6,49.6,198,204
2024-02-04 18:18:00,49.4,49.4,199,201
2024-02-04 18:20:00,49.5,49.4,198,201
2024-02-04 18:22:00,49.5,49.6,197,201
2024-02-04 18:24:00,49.3,49.3,198,199
2024-02-04 18:26:00,49.6,49.6,198,197
2024-02-04 18:28:00,49.4,49.4,197,199
2024-02-04 18:30:00,49.5,49.4,197,199
2024-02-04 18:32:00,49.6,49.6,199,199
2024-02-04 18:34:00,49.4,49.4,199,199
2024-02-04 18:36:00,49.5,49.6,195,195
2024-02-04 18:38:00,49.3,49.4,198,196
2024-02-04 18:40:00,49.2,49.2,194,193
2024-02-04 18:42:00,49.3,49.2,197,193
2024-02-04 18:44:00,49.4,49.5,195,198
2024-02-04 18:46:00,49.2,49.2,198,199
2024-02-04 18:48:00,49.4,49.3,195,195
2024-02-04 18:50:00,49.1,49.1,199,192
2024-02-04 18:52:00,49.0,49.0,196,189
2024-02-04 18:54:00,49.3,49.3,197,192
2024-02-04 18:56:00,49.1,49.1,197,192
2024-02-04 18:58:00,49.1,49.0,199,194
2024-02-04 19:00:00,49.2,49.2,197,199
2024-02-04 19:02:00,49.2,49.2,197,192
2024-02-04 19:04:00,49.0,49.0,198,192
2024-02-04 19:06:00,49.3,49.3,195,194
2024-02-04 19:08:00,49.3,49.2,195,195
2024-02-04 19:10:00,49.2,49.2,199,199
2024-02-04 19:12:00,49.4,49.3,194,194
2024-02-04 19:14:00,49.1,49.1,195,196
2024-02-04 19:16:00,49.3,49.3,196,191
2024-02-04 19:18:00,49.3,49.3,198,191
2024-02-04 19:20:00,49.2,49.2,194,192
2024-02-04 19:22:00,49.2,49.2,196,192
2024-02-04 19:24:00,49.3,49.2,191,197
2024-02-04 19:26:00,49.4,49.4,191,200
2024-02-04 19:28:00,49.1,49.1,193,197
2024-02-04 19:30:00,49.5,49.5,194,198
2024-02-04 19:32:00,49.2,49.3,196,197
2024-02-04 19:34:00,49.2,49.2,194,194
2024-02-04 19:36:00,49.4,49.3,196,194
2024-02-04 19:38:00,49.4,49.3,196,195
2024-02-04 19:40:00,49.5,49.4,194,194
2024-02-04 19:42:00,49.1,49.1,197,199
2024-02-04 19:44:00,49.1,49.2,197,201
2024-02-04 19:46:00,49.2,49.2,198,200
2024-02-04 19:48:00,49.4,49.4,196,202
2024-02-04 19:50:00,49.3,49.3,198,204
2024-02-04 19:52:00,49.3,49.4,199,206
2024-02-04 19:54:00,49.5,49.4,197,205
2024-02-04 19:56:00,49.4,49.4,194,207
2024-02-04 19:58:00,49.4,49.4,198,202
2024-02-04 20:00:00,49.4,49.5,196,207
2024-02-04 20:02:00,49.5,49.5,197,206
2024-02-04 20:04:00,49.4,49.4,198,204
2024-02-04 20:06:00,49.3,49.3,197,204
2024-02-04 20:08:00,49.4,49.3,198,206
2024-02-04 20:10:00,49.4,49.3,196,206
2024-02-04 20:12:00,49.3,49.3,196,205
2024-02-04 20:14:00,49.5,49.5,195,202
2024-02-04 20:16:00,49.6,49.6,198,203
2024-02-04 20:18:00,49.5,49.5,197,205
2024-02-04 20:20:00,49.4,49.4,199,204
2024-02-04 20:22:00,49.5,49.5,197,202
2024-02-04 20:24:00,49.5,49.5,200,204
2024-02-04 20:26:00,49.4,49.4,200,202
2024-02-04 20:28:00,49.3,49.3,198,205
2024-02-04 20:30:00,49.4,49.5,198,206
2024-02-04 20:32:00,49.5,49.5,198,206
2024-02-04 20:34:00,49.6,49.6,198,208
2024-02-04 20:36:00,49.4,49.4,197,206
2024-02-04 20:38:00,49.5,49.4,198,204
2024-02-04 20:40:00,49.6,49.6,197,202
2024-02-04 20:42:00,49.6,49.6,197,198
2024-02-04 20:44:00,49.6,49.6,198,199
2024-02-04 20:46:00,49.6,49.6,196,199
2024-02-04 20:48:00,49.8,49.8,197,200
2024-02-04 20:50:00,49.5,49.5,198,203
2024-02-04 20:52:00,49.2,49.1,197,202
2024-02-04 20:54:00,49.7,49.8,197,208
2024-02-04 20:56:00,49.6,49.7,197,204
2024-02-04 20:58:00,49.3,49.3,198,202
2024-02-04 21:00:00,49.5,49.4,196,207
2024-02-04 21:02:00,49.5,49.5,199,202
2024-02-04 21:04:00,49.6,49.6,198,204
2024-02-04 21:06:00,49.6,49.6,198,201
2024-02-04 21:08:00,49.5,49.5,195,204
2024-02-04 21:10:00,49.4,49.5,199,205
2024-02-04 21:12:00,49.7,49.7,195,206
2024-02-04 21:14:00,49.5,49.5,197,206
2024-02-04 21:16:00,49.7,49.6,197,210
2024-02-04 21:18:00,49.7,49.7,197,211
2024-02-04 21:20:00,49.6,49.6,195,212
2024-02-04 21:22:00,49.7,49.8,196,212
2024-02-04 21:24:00,49.7,49.7,199,207
2024-02-04 21:26:00,49.6,49.6,197,212
2024-02-04 21:28:00,49.6,49.7,197,211
2024-02-04 21:30:00,49.8,49.8,196,211
2024-02-04 21:32:00,49.8,49.9,196,211
2024-02-04 21:34:00,49.8,49.8,197,211
2024-02-04 21:36:00,49.8,49.8,200,210
2024-02-04 21:38:00,49.7,49.7,198,212
2024-02-04 21:40:00,49.7,49.8,195,210
2024-02-04 21:42:00,49.8,49.8,198,214
2024-02-04 21:44:00,49.7,49.8,200,211
2024-02-04 21:46:00,49.9,49.9,201,214
2024-02-04 21:48:00,48.7,49.8,200,213
2024-02-04 21:50:00,49.8,49.8,199,214
2024-02-04 21:52:00,49.9,49.8,199,212
2024-02-04 21:54:00,49.9,49.9,199,214
2024-02-04 21:56:00,49.8,49.8,202,211
2024-02-04 21:58:00,49.9,49.8,200,214
2024-02-04 22:00:00,50.0,50.0,200,213
2024-02-04 22:02:00,49.9,49.9,199,211
2024-02-04 22:04:00,49.9,49.9,199,214
2024-02-04 22:06:00,49.9,49.8,199,214
2024-02-04 22:08:00,49.9,49.9,199,214
2024-02-04 22:10:00,49.9,49.8,199,216
2024-02-04 22:12:00,49.9,49.8,199,216
2024-02-04 22:14:00,49.9,49.9,201,216
2024-02-04 22:16:00,49.9,50.0,201,216
2024-02-04 22:18:00,50.0,50.0,199,217
2024-02-04 22:20:00,49.9,49.8,199,217
2024-02-04 22:22:00,49.8,49.9,200,218
2024-02-04 22:24:00,50.0,50.0,199,219
2024-02-04 22:26:00,50.0,50.1,200,219
2024-02-04 22:28:00,49.9,49.9,202,217
2024-02-04 22:30:00,50.0,50.1,202,218
2024-02-04 22:32:00,49.9,49.8,201,217
2024-02-04 22:34:00,49.9,49.9,202,218
2024-02-04 22:36:00,50.1,50.1,202,218
2024-02-04 22:38:00,50.1,50.1,201,218
2024-02-04 22:40:00,50.0,50.0,203,219
2024-02-04 22:42:00,49.9,49.9,202,216
2024-02-04 22:44:00,50.1,50.1,202,219
2024-02-04 22:46:00,49.8,49.8,201,219
2024-02-04 22:48:00,50.0,50.0,202,219
2024-02-04 22:50:00,50.2,50.1,201,219
2024-02-04 22:52:00,50.1,50.1,202,219
2024-02-04 22:54:00,50.1,50.1,202,219
2024-02-04 22:56:00,50.1,50.1,202,219
2024-02-04 22:58:00,50.0,50.0,199,222
2024-02-04 23:00:00,50.2,50.1,204,221
2024-02-04 23:02:00,49.9,49.9,204,218
2024-02-04 23:04:00,50.3,50.3,203,221
2024-02-04 23:06:00,50.2,50.2,205,221
2024-02-04 23:08:00,50.2,50.2,205,221
2024-02-04 23:10:00,50.1,50.1,202,223
2024-02-04 23:12:00,50.2,50.1,205,223
2024-02-04 23:14:00,50,50.0,204,223
2024-02-04 23:16:00,50.2,50.3,204,223
2024-02-04 23:18:00,50.0,50,203,223
2024-02-04 23:20:00,50.3,50.3,204,223
2024-02-04 23:22:00,50.1,50.1,203,223
2024-02-04 23:24:00,50.3,50.3,204,224
2024-02-04 23:26:00,49.5,49.5,204,224
2024-02-04 23:28:00,49.5,49.5,203,225
2024-02-04 23:30:00,49.8,49.7,204,225
2024-02-04 23:32:00,49.8,49.8,208,224
2024-02-04 23:34:00,49.8,49.8,207,223
2024-02-04 23:36:00,49.8,49.8,203,224
2024-02-04 23:38:00,49.9,49.9,204,223
2024-02-04 23:40:00,49.6,49.7,204,225
2024-02-04 23:42:00,49.8,49.8,207,222
2024-02-04 23:44:00,49.9,49.8,207,223
2024-02-04 23:46:00,49.8,49.7,208,223
2024-02-04 23:48:00,49.8,49.8,207,223
2024-02-04 23:50:00,49.9,49.9,206,224
2024-02-04 23:52:00,50.0,49.9,208,224
2024-02-04 23:54:00,49.7,49.8,207,223
2024-02-04 23:56:00,49.9,50.0,207,223
2024-02-04 23:58:00,49.9,49.8,207,221