"Time","Frequency 3E2F4FD3 (Ch Cbca Bethesda Ndosho - laboratoire)","Frequency C30F2E03 (Ch Cbca Bethesda Ndosho - clinique)","Voltage 3E2F4FD3 (Ch Cbca Bethesda Ndosho - laboratoire)","Voltage C30F2E03 (Ch Cbca Bethesda Ndosho - clinique)"
2024-12-09 00:00:00,50.1,50.4,227,216
2024-12-09 00:02:00,49.8,50.4,227,215
2024-12-09 00:04:00,50.0,50.2,227,216
2024-12-09 00:06:00,50.0,50.5,227,216
2024-12-09 00:08:00,50.1,50.6,227,216
2024-12-09 00:10:00,49.8,50.7,227,219
2024-12-09 00:12:00,50.0,50.7,227,218
2024-12-09 00:14:00,50.0,50.7,227,218
2024-12-09 00:16:00,50.1,50.6,227,219
2024-12-09 00:18:00,50.0,50.3,228,216
2024-12-09 00:20:00,50.0,50.6,228,218
2024-12-09 00:22:00,49.7,50.5,228,216
2024-12-09 00:24:00,49.9,50.3,228,215
2024-12-09 00:26:00,49.9,50.4,228,215
2024-12-09 00:28:00,49.8,50.4,228,218
2024-12-09 00:30:00,49.9,50.4,228,218
2024-12-09 00:32:00,49.8,50.3,228,217
2024-12-09 00:34:00,50.1,50.2,228,216
2024-12-09 00:36:00,50.1,50.7,228,216
2024-12-09 00:38:00,49.8,50.7,228,217
2024-12-09 00:40:00,50.1,50.9,228,218
2024-12-09 00:42:00,49.9,50.6,228,219
2024-12-09 00:44:00,50.1,50.5,228,217
2024-12-09 00:46:00,50.0,50.5,228,218
2024-12-09 00:48:00,50.0,50.8,228,219
2024-12-09 00:50:00,49.8,50.6,228,218
2024-12-09 00:52:00,50.0,50.7,228,218
2024-12-09 00:54:00,50.0,50.6,228,220
2024-12-09 00:56:00,50.0,50.2,228,219
2024-12-09 00:58:00,50.2,49.8,228,219
2024-12-09 01:00:00,49.7,49.9,228,219
2024-12-09 01:02:00,49.8,50.0,228,219
2024-12-09 01:04:00,49.8,49.8,228,217
2024-12-09 01:06:00,50.0,50.0,227,219
2024-12-09 01:08:00,50.1,49.8,228,219
2024-12-09 01:10:00,50.1,49.9,228,219
2024-12-09 01:12:00,50.0,49.8,228,219
2024-12-09 01:14:00,50.1,49.9,228,218
2024-12-09 01:16:00,49.9,50.0,228,219
2024-12-09 01:18:00,50.1,50.1,228,220
2024-12-09 01:20:00,49.9,50.3,228,219
2024-12-09 01:22:00,50.0,50.0,227,219
2024-12-09 01:24:00,50.1,49.9,227,220
2024-12-09 01:26:00,50.1,50.3,228,219
2024-12-09 01:28:00,50.0,50.3,227,220
2024-12-09 01:30:00,50.0,50.2,228,219
2024-12-09 01:32:00,50.1,50.2,228,220
2024-12-09 01:34:00,50.0,50.0,228,221
2024-12-09 01:36:00,50.0,49.8,228,221
2024-12-09 01:38:00,50.0,49.9,227,221
2024-12-09 01:40:00,49.9,49.8,227,220
2024-12-09 01:42:00,50.0,49.6,227,219
2024-12-09 01:44:00,50.0,49.9,227,220
2024-12-09 01:46:00,49.9,50.3,228,218
2024-12-09 01:48:00,50.1,50.1,228,220
2024-12-09 01:50:00,49.8,50.4,227,221
2024-12-09 01:52:00,50.0,50.3,227,221
2024-12-09 01:54:00,49.8,50.3,227,221
2024-12-09 01:56:00,49.9,50.3,228,221
2024-12-09 01:58:00,49.9,50.3,227,221
2024-12-09 02:00:00,49.8,50.1,228,219
2024-12-09 02:02:00,50.2,50.0,228,221
2024-12-09 02:04:00,50.0,49.9,227,222
2024-12-09 02:06:00,49.8,50.1,227,222
2024-12-09 02:08:00,49.8,50.1,227,221
2024-12-09 02:10:00,49.8,50.2,228,221
2024-12-09 02:12:00,49.9,50.0,227,221
2024-12-09 02:14:00,49.8,50.0,228,221
2024-12-09 02:16:00,99.1,50.0,227,217
2024-12-09 02:18:00,49.9,49.9,227,220
2024-12-09 02:20:00,50.0,50.2,227,220
2024-12-09 02:22:00,49.9,50.1,228,221
2024-12-09 02:24:00,50.0,49.8,227,221
2024-12-09 02:26:00,50.1,50.1,227,221
2024-12-09 02:28:00,50.0,50.2,227,222
2024-12-09 02:30:00,50.0,50.3,228,222
2024-12-09 02:32:00,50.1,50.2,228,221
2024-12-09 02:34:00,49.9,50.3,228,221
2024-12-09 02:36:00,50.0,50.3,228,223
2024-12-09 02:38:00,49.8,50.3,227,222
2024-12-09 02:40:00,49.9,50.3,228,221
2024-12-09 02:42:00,49.9,50.5,228,222
2024-12-09 02:44:00,50.0,50.2,227,221
2024-12-09 02:46:00,50.1,50.2,228,221
2024-12-09 02:48:00,50.2,49.9,227,219
2024-12-09 02:50:00,50.0,49.8,227,220
2024-12-09 02:52:00,49.8,49.9,228,219
2024-12-09 02:54:00,49.8,49.8,228,222
2024-12-09 02:56:00,50.0,50.0,228,220
2024-12-09 02:58:00,50.0,50.2,228,221
2024-12-09 03:00:00,49.9,50.3,228,221
2024-12-09 03:02:00,49.9,50.4,227,221
2024-12-09 03:04:00,49.9,50.4,228,221
2024-12-09 03:06:00,50.0,50.7,228,221
2024-12-09 03:08:00,50.0,50.3,227,221
2024-12-09 03:10:00,49.8,50.2,227,220
2024-12-09 03:12:00,50.0,50.2,227,220
2024-12-09 03:14:00,49.8,50.2,227,221
2024-12-09 03:16:00,49.9,50.4,228,221
2024-12-09 03:18:00,49.9,50.4,227,220
2024-12-09 03:20:00,50.0,50.3,227,220
2024-12-09 03:22:00,50.3,50.1,227,221
2024-12-09 03:24:00,49.9,50.2,227,221
2024-12-09 03:26:00,49.8,50.1,227,220
2024-12-09 03:28:00,49.7,50.1,227,223
2024-12-09 03:30:00,50.0,49.9,228,224
2024-12-09 03:32:00,49.8,49.8,228,223
2024-12-09 03:34:00,49.9,49.9,228,224
2024-12-09 03:36:00,50.0,49.9,227,225
2024-12-09 03:38:00,50.0,50.3,227,224
2024-12-09 03:40:00,49.8,50.5,227,226
2024-12-09 03:42:00,49.8,50.5,227,225
2024-12-09 03:44:00,50.0,50.4,227,226
2024-12-09 03:46:00,49.7,50.4,227,225
2024-12-09 03:48:00,50.0,50.5,227,226
2024-12-09 03:50:00,50.0,50.3,227,226
2024-12-09 03:52:00,49.7,50.1,227,226
2024-12-09 03:54:00,50.2,50.3,227,224
2024-12-09 03:56:00,49.9,50.1,228,224
2024-12-09 03:58:00,50.0,50.0,227,223
2024-12-09 04:00:00,49.7,50.2,227,223
2024-12-09 04:02:00,50.0,50.2,227,225
2024-12-09 04:04:00,49.9,50.1,227,223
2024-12-09 04:06:00,50.0,49.8,227,223
2024-12-09 04:08:00,50.1,50.1,227,225
2024-12-09 04:10:00,50.0,50.2,227,223
2024-12-09 04:12:00,50.0,50.2,227,224
2024-12-09 04:14:00,50.0,50.3,227,225
2024-12-09 04:16:00,50.1,50.3,227,223
2024-12-09 04:18:00,50.1,50.3,227,224
2024-12-09 04:20:00,50.1,50.4,228,223
2024-12-09 04:22:00,49.9,50.3,227,224
2024-12-09 04:24:00,49.8,50.3,227,224
2024-12-09 04:26:00,50.0,50,227,223
2024-12-09 04:28:00,49.8,50.0,227,224
2024-12-09 04:30:00,50.1,50.0,228,224
2024-12-09 04:32:00,50.0,50.1,228,225
2024-12-09 04:34:00,49.9,50.3,228,225
2024-12-09 04:36:00,50.1,49.8,228,223
2024-12-09 04:38:00,50.0,50.0,227,223
2024-12-09 04:40:00,49.9,50.3,228,223
2024-12-09 04:42:00,49.9,50.2,228,224
2024-12-09 04:44:00,50.1,50.3,228,223
2024-12-09 04:46:00,49.9,50.2,228,224
2024-12-09 04:48:00,50.0,50.4,227,223
2024-12-09 04:50:00,50.2,50.2,227,223
2024-12-09 04:52:00,50.0,50.1,228,223
2024-12-09 04:54:00,49.9,50.2,227,223
2024-12-09 04:56:00,50.0,50.0,227,223
2024-12-09 04:58:00,50.1,49.8,227,223
2024-12-09 05:00:00,50.0,49.9,227,222
2024-12-09 05:02:00,50.0,49.8,227,222
2024-12-09 05:04:00,50.0,49.8,228,222
2024-12-09 05:06:00,49.9,50.2,227,221
2024-12-09 05:08:00,50.0,50.2,228,222
2024-12-09 05:10:00,50.0,50.0,228,221
2024-12-09 05:12:00,50.0,50.0,228,221
2024-12-09 05:14:00,49.9,50.0,228,221
2024-12-09 05:16:00,50.0,49.9,227,220
2024-12-09 05:18:00,50.0,49.7,227,222
2024-12-09 05:20:00,50.0,49.9,227,216
2024-12-09 05:22:00,49.9,50.2,227,218
2024-12-09 05:24:00,50.0,50.0,227,223
2024-12-09 05:26:00,50.0,50.0,227,218
2024-12-09 05:28:00,49.9,50.1,228,218
2024-12-09 05:30:00,49.8,50.1,227,219
2024-12-09 05:32:00,50.0,49.9,227,214
2024-12-09 05:34:00,49.9,49.8,227,213
2024-12-09 05:36:00,50.0,49.8,227,212
2024-12-09 05:38:00,50.1,49.8,227,210
2024-12-09 05:40:00,50.2,49.7,227,209
2024-12-09 05:42:00,50.2,49.8,227,211
2024-12-09 05:44:00,50.0,49.7,227,209
2024-12-09 05:46:00,50.1,49.7,227,208
2024-12-09 05:48:00,50.0,49.6,227,207
2024-12-09 05:50:00,50.1,49.9,228,209
2024-12-09 05:52:00,49.9,49.6,227,215
2024-12-09 05:54:00,50.1,49.6,228,207
2024-12-09 05:56:00,50.0,49.6,227,214
2024-12-09 05:58:00,50.0,49.7,227,216
2024-12-09 06:00:00,49.9,49.7,227,216
2024-12-09 06:02:00,50.1,49.5,227,214
2024-12-09 06:04:00,50.0,49.6,227,209
2024-12-09 06:06:00,50.0,49.6,227,214
2024-12-09 06:08:00,49.8,49.5,227,210
2024-12-09 06:10:00,50.0,49.5,227,211
2024-12-09 06:12:00,50.0,49.7,228,209
2024-12-09 06:14:00,49.8,49.7,228,210
2024-12-09 06:16:00,50.0,49.4,228,214
2024-12-09 06:18:00,50.0,49.7,228,209
2024-12-09 06:20:00,50.1,49.7,228,210
2024-12-09 06:22:00,50.0,49.7,228,205
2024-12-09 06:24:00,50.0,49.5,227,210
2024-12-09 06:26:00,50.0,49.7,228,202
2024-12-09 06:28:00,50.2,49.6,228,200
2024-12-09 06:30:00,50.0,49.8,228,204
2024-12-09 06:32:00,50.2,49.4,228,205
2024-12-09 06:34:00,50.0,49.7,228,208
2024-12-09 06:36:00,50.1,49.7,228,211
2024-12-09 06:38:00,49.9,49.7,227,207
2024-12-09 06:40:00,49.9,49.8,227,202
2024-12-09 06:42:00,50.2,49.8,227,208
2024-12-09 06:44:00,49.8,49.7,228,209
2024-12-09 06:46:00,49.8,49.8,227,207
2024-12-09 06:48:00,50.0,49.7,228,211
2024-12-09 06:50:00,50.1,50.0,228,207
2024-12-09 06:52:00,50.0,50.4,228,211
2024-12-09 06:54:00,49.9,50.3,228,211
2024-12-09 06:56:00,50.0,50.2,228,219
2024-12-09 06:58:00,50.0,50.3,228,212
2024-12-09 07:00:00,50.1,50.4,228,216
2024-12-09 07:02:00,50.0,50.4,228,211
2024-12-09 07:04:00,50.1,50.2,228,204
2024-12-09 07:06:00,50.0,50.4,228,211
2024-12-09 07:08:00,49.9,50.3,228,214
2024-12-09 07:10:00,50.0,50.5,227,213
2024-12-09 07:12:00,50.1,50.3,228,214
2024-12-09 07:14:00,50.0,50.2,227,203
2024-12-09 07:16:00,49.9,50.1,228,207
2024-12-09 07:18:00,50.0,49.9,227,211
2024-12-09 07:20:00,50.0,50.0,228,209
2024-12-09 07:22:00,49.7,49.7,228,207
2024-12-09 07:24:00,50.0,49.7,228,203
2024-12-09 07:26:00,50.0,50.0,228,205
2024-12-09 07:28:00,50.0,50.0,227,202
2024-12-09 07:30:00,50.2,49.7,227,194
2024-12-09 07:32:00,50.1,49.8,227,192
2024-12-09 07:34:00,49.9,49.9,227,200
2024-12-09 07:36:00,50.1,49.8,227,204
2024-12-09 07:38:00,49.9,50.0,227,205
2024-12-09 07:40:00,50.1,49.8,227,202
2024-12-09 07:42:00,50.0,49.8,228,192
2024-12-09 07:44:00,50.0,49.7,228,199
2024-12-09 07:46:00,50.0,49.6,228,198
2024-12-09 07:48:00,50.0,49.9,227,198
2024-12-09 07:50:00,50.0,50.0,228,199
2024-12-09 07:52:00,50.0,49.9,228,199
2024-12-09 07:54:00,49.9,49.8,228,196
2024-12-09 07:56:00,49.9,49.7,227,197
2024-12-09 07:58:00,50.0,50.0,228,196
2024-12-09 08:00:00,49.9,49.6,228,198
2024-12-09 08:02:00,50.0,49.7,228,195
2024-12-09 08:04:00,49.8,49.8,228,192
2024-12-09 08:06:00,49.8,49.9,228,190
2024-12-09 08:08:00,49.8,49.8,228,188
2024-12-09 08:10:00,49.9,49.8,228,190
2024-12-09 08:12:00,50.2,49.9,228,194
2024-12-09 08:14:00,50.0,50.8,228,236
2024-12-09 08:16:00,50.0,51.0,233,232
2024-12-09 08:18:00,50.0,51.3,233,237
2024-12-09 08:20:00,50.0,51.2,232,237
2024-12-09 08:22:00,49.8,51.1,231,237
2024-12-09 08:24:00,50.1,51.0,231,235
2024-12-09 08:26:00,50.1,51.1,231,236
2024-12-09 08:28:00,49.9,50.9,232,236
2024-12-09 08:30:00,50.0,50.7,232,238
2024-12-09 08:32:00,50.0,50.6,231,236
2024-12-09 08:34:00,49.9,51.0,232,240
2024-12-09 08:36:00,50.0,50.6,232,237
2024-12-09 08:38:00,49.9,50.5,231,235
2024-12-09 08:40:00,49.8,50.7,231,235
2024-12-09 08:42:00,49.8,50.5,231,236
2024-12-09 08:44:00,50.0,50.5,231,235
2024-12-09 08:46:00,50.0,50.8,231,237
2024-12-09 08:48:00,50.0,50.8,231,236
2024-12-09 08:50:00,50.0,50.6,231,237
2024-12-09 08:52:00,49.8,49.8,231,235
2024-12-09 08:54:00,49.8,49.9,231,234
2024-12-09 08:56:00,50.1,49.8,231,236
2024-12-09 08:58:00,49.9,49.8,231,238
2024-12-09 09:00:00,50.0,50.0,231,233
2024-12-09 09:02:00,50.0,49.8,232,233
2024-12-09 09:04:00,49.9,49.8,231,233
2024-12-09 09:06:00,50.0,49.5,231,233
2024-12-09 09:08:00,49.8,49.7,231,235
2024-12-09 09:10:00,50.1,49.6,231,234
2024-12-09 09:12:00,50.0,49.7,231,233
2024-12-09 09:14:00,49.8,49.7,231,233
2024-12-09 09:16:00,50.0,49.9,231,233
2024-12-09 09:18:00,50.1,49.9,231,234
2024-12-09 09:20:00,50.0,50.0,231,234
2024-12-09 09:22:00,49.9,49.8,231,234
2024-12-09 09:24:00,50.0,50.0,231,235
2024-12-09 09:26:00,50.2,49.9,231,232
2024-12-09 09:28:00,50.0,49.8,231,234
2024-12-09 09:30:00,50.2,49.7,231,233
2024-12-09 09:32:00,50.0,49.8,231,233
2024-12-09 09:34:00,49.8,49.9,231,232
2024-12-09 09:36:00,50.1,49.8,231,234
2024-12-09 09:38:00,50.0,49.8,231,233
2024-12-09 09:40:00,50.0,49.8,228,233
2024-12-09 09:42:00,49.9,49.8,228,234
2024-12-09 09:44:00,49.9,49.9,228,234
2024-12-09 09:46:00,50.0,49.8,228,238
2024-12-09 09:48:00,50.0,49.7,228,236
2024-12-09 09:50:00,49.8,49.7,228,236
2024-12-09 09:52:00,50.1,49.7,228,236
2024-12-09 09:54:00,50.0,49.6,228,238
2024-12-09 09:56:00,50.0,49.6,228,236
2024-12-09 09:58:00,49.8,49.6,228,240
2024-12-09 10:00:00,49.7,49.5,228,240
2024-12-09 10:02:00,50.0,50.2,228,241
2024-12-09 10:04:00,50.1,50.2,228,240
2024-12-09 10:06:00,50.0,50.4,228,238
2024-12-09 10:08:00,50.0,50,228,242
2024-12-09 10:10:00,50.2,50.4,228,241
2024-12-09 10:12:00,49.8,50.1,228,242
2024-12-09 10:14:00,50.0,50.0,228,238
2024-12-09 10:16:00,49.9,49.9,227,240
2024-12-09 10:18:00,50.0,50.1,227,238
2024-12-09 10:20:00,50.1,50.0,227,240
2024-12-09 10:22:00,49.8,49.9,228,243
2024-12-09 10:24:00,49.9,49.8,228,245
2024-12-09 10:26:00,50.0,49.9,227,245
2024-12-09 10:28:00,50.1,50.2,228,242
2024-12-09 10:30:00,50.1,49.9,227,240
2024-12-09 10:32:00,50.0,50.0,227,243
2024-12-09 10:34:00,49.8,50.0,228,243
2024-12-09 10:36:00,49.9,49.9,227,244
2024-12-09 10:38:00,50.0,49.9,227,244
2024-12-09 10:40:00,50.0,49.9,227,245
2024-12-09 10:42:00,49.9,49.8,227,244
2024-12-09 10:44:00,50.1,49.9,227,241
2024-12-09 10:46:00,49.9,50.1,228,240
2024-12-09 10:48:00,49.9,50.1,227,240
2024-12-09 10:50:00,50.0,50.2,228,242
2024-12-09 10:52:00,49.9,50.1,228,238
2024-12-09 10:54:00,50.1,50.0,228,244
2024-12-09 10:56:00,49.9,50.0,227,243
2024-12-09 10:58:00,50.1,49.8,228,241
2024-12-09 11:00:00,50.1,49.9,227,245
2024-12-09 11:02:00,50.0,50.1,227,243
2024-12-09 11:04:00,49.9,50.3,227,240
2024-12-09 11:06:00,50.0,50.0,228,241
2024-12-09 11:08:00,50.0,50.2,228,242
2024-12-09 11:10:00,50.1,50.1,228,240
2024-12-09 11:12:00,50.0,50.0,227,239
2024-12-09 11:14:00,49.9,50.0,228,240
2024-12-09 11:16:00,66.8,49.9,228,239
2024-12-09 11:18:00,49.9,49.9,228,239
2024-12-09 11:20:00,49.9,50.1,228,238
2024-12-09 11:22:00,50.2,50.1,228,239
2024-12-09 11:24:00,50.0,49.9,228,240
2024-12-09 11:26:00,49.8,49.8,227,240
2024-12-09 11:28:00,50.0,50.0,227,241
2024-12-09 11:30:00,50.0,50.2,227,241
2024-12-09 11:32:00,50.0,50.3,228,240
2024-12-09 11:34:00,49.9,50.0,228,241
2024-12-09 11:36:00,49.9,50.2,227,239
2024-12-09 11:38:00,50.0,50.3,227,238
2024-12-09 11:40:00,50.0,50.1,228,240
2024-12-09 11:42:00,50.1,50.0,228,242
2024-12-09 11:44:00,50.1,50.1,227,241
2024-12-09 11:46:00,49.8,50.2,228,241
2024-12-09 11:48:00,49.9,50.1,227,238
2024-12-09 11:50:00,49.9,50.0,228,240
2024-12-09 11:52:00,50.1,50.0,227,243
2024-12-09 11:54:00,50.0,50.1,228,243
2024-12-09 11:56:00,50.1,50.4,228,238
2024-12-09 11:58:00,50.0,50.4,228,238
2024-12-09 12:00:00,49.9,50.4,228,238
2024-12-09 12:02:00,50.0,50.1,227,238
2024-12-09 12:04:00,50.1,50.1,227,237
2024-12-09 12:06:00,49.8,50.2,228,238
2024-12-09 12:08:00,49.9,50.2,228,240
2024-12-09 12:10:00,50.0,50.0,228,243
2024-12-09 12:12:00,50.0,50.1,228,240
2024-12-09 12:14:00,50.0,50.0,228,238
2024-12-09 12:16:00,50.0,49.9,228,238
2024-12-09 12:18:00,50.1,50.0,228,238
2024-12-09 12:20:00,50.0,50.0,228,235
2024-12-09 12:22:00,50.0,50.2,228,235
2024-12-09 12:24:00,49.9,50.1,228,233
2024-12-09 12:26:00,50.1,50.2,228,236
2024-12-09 12:28:00,50.2,50.2,228,236
2024-12-09 12:30:00,50.0,50.2,228,235
2024-12-09 12:32:00,50.0,50.3,228,236
2024-12-09 12:34:00,50.0,50.0,228,236
2024-12-09 12:36:00,50.0,50.2,228,235
2024-12-09 12:38:00,50.2,50.2,228,235
2024-12-09 12:40:00,50.0,50.1,228,235
2024-12-09 12:42:00,50.0,50.1,228,235
2024-12-09 12:44:00,50.1,50.1,228,237
2024-12-09 12:46:00,49.8,50.2,228,236
2024-12-09 12:48:00,50.0,50.3,228,234
2024-12-09 12:50:00,49.9,50.2,228,237
2024-12-09 12:52:00,49.9,49.9,228,238
2024-12-09 12:54:00,50.0,50.1,227,237
2024-12-09 12:56:00,50.0,50.2,228,238
2024-12-09 12:58:00,50.0,49.9,227,236
2024-12-09 13:00:00,50.0,50.0,228,237
2024-12-09 13:02:00,49.7,50.0,228,240
2024-12-09 13:04:00,50.0,50.0,227,238
2024-12-09 13:06:00,49.9,50.0,227,237
2024-12-09 13:08:00,50.0,49.9,228,239
2024-12-09 13:10:00,50.2,50.0,227,237
2024-12-09 13:12:00,49.8,49.6,227,240
2024-12-09 13:14:00,49.8,49.6,227,236
2024-12-09 13:16:00,50.0,49.8,228,238
2024-12-09 13:18:00,50.1,49.8,228,239
2024-12-09 13:20:00,50.1,49.9,228,239
2024-12-09 13:22:00,49.8,49.9,228,235
2024-12-09 13:24:00,49.6,49.8,228,235
2024-12-09 13:26:00,50.1,50.0,228,236
2024-12-09 13:28:00,50.0,50.0,228,236
2024-12-09 13:30:00,49.9,49.8,228,240
2024-12-09 13:32:00,49.8,49.9,228,241
2024-12-09 13:34:00,50.0,50.0,228,240
2024-12-09 13:36:00,50.0,49.8,228,240
2024-12-09 13:38:00,49.7,49.4,228,238
2024-12-09 13:40:00,50.0,49.6,228,236
2024-12-09 13:42:00,49.8,49.6,228,239
2024-12-09 13:44:00,49.9,49.5,228,235
2024-12-09 13:46:00,49.9,49.3,228,242
2024-12-09 13:48:00,49.9,49.4,228,240
2024-12-09 13:50:00,49.7,49.3,227,240
2024-12-09 13:52:00,50.1,49.4,227,240
2024-12-09 13:54:00,50.0,49.2,227,237
2024-12-09 13:56:00,50.0,49.3,228,239
2024-12-09 13:58:00,49.8,49.4,228,239
2024-12-09 14:00:00,49.9,49.3,228,240
2024-12-09 14:02:00,50.0,49.5,227,238
2024-12-09 14:04:00,49.9,49.2,227,239
2024-12-09 14:06:00,50.1,49.4,227,239
2024-12-09 14:08:00,49.8,49.2,227,238
2024-12-09 14:10:00,50.0,49.5,227,240
2024-12-09 14:12:00,50.2,49.2,228,240
2024-12-09 14:14:00,49.8,49.5,228,234
2024-12-09 14:16:00,49.7,49.6,228,236
2024-12-09 14:18:00,49.9,49.7,228,237
2024-12-09 14:20:00,50.0,49.6,228,236
2024-12-09 14:22:00,50.0,49.6,228,238
2024-12-09 14:24:00,49.9,49.7,228,239
2024-12-09 14:26:00,50.1,49.6,228,238
2024-12-09 14:28:00,50.0,49.6,231,237
2024-12-09 14:30:00,50.0,49.4,231,235
2024-12-09 14:32:00,50.2,49.6,231,236
2024-12-09 14:34:00,50.3,49.4,231,236
2024-12-09 14:36:00,50.0,49.4,231,235
2024-12-09 14:38:00,50.0,49.5,231,236
2024-12-09 14:40:00,49.7,49.5,231,236
2024-12-09 14:42:00,49.9,49.5,231,237
2024-12-09 14:44:00,50.0,49.2,231,235
2024-12-09 14:46:00,49.7,49.4,231,235
2024-12-09 14:48:00,50.0,49.6,231,237
2024-12-09 14:50:00,49.9,49.8,231,234
2024-12-09 14:52:00,50.0,49.6,231,234
2024-12-09 14:54:00,50.1,49.7,231,234
2024-12-09 14:56:00,50.0,49.6,231,234
2024-12-09 14:58:00,49.8,49.7,231,236
2024-12-09 15:00:00,50.0,49.7,231,237
2024-12-09 15:02:00,50.0,49.6,231,235
2024-12-09 15:04:00,50.1,49.5,231,234
2024-12-09 15:06:00,50.0,49.7,231,236
2024-12-09 15:08:00,49.7,49.7,228,238
2024-12-09 15:10:00,50.0,49.9,228,236
2024-12-09 15:12:00,50.1,49.7,227,237
2024-12-09 15:14:00,50.0,49.7,227,235
2024-12-09 15:16:00,50.0,49.6,228,236
2024-12-09 15:18:00,50.1,49.8,228,237
2024-12-09 15:20:00,50.0,49.9,228,237
2024-12-09 15:22:00,50.1,49.8,227,238
2024-12-09 15:24:00,50.2,49.5,228,237
2024-12-09 15:26:00,50.0,50.0,228,236
2024-12-09 15:28:00,50.0,50.0,228,239
2024-12-09 15:30:00,49.9,50.0,227,237
2024-12-09 15:32:00,49.8,50.0,228,238
2024-12-09 15:34:00,50.0,50.0,227,237
2024-12-09 15:36:00,50.1,50.0,227,240
2024-12-09 15:38:00,50.0,50.1,228,238
2024-12-09 15:40:00,50.0,50.0,228,238
2024-12-09 15:42:00,50.0,50.2,228,237
2024-12-09 15:44:00,50.0,49.6,228,196
2024-12-09 15:46:00,49.8,49.4,228,190
2024-12-09 15:48:00,49.9,49.1,228,194
2024-12-09 15:50:00,50.0,49.5,227,193
2024-12-09 15:52:00,49.8,50.5,228,189
2024-12-09 15:54:00,49.9,49.1,228,193
2024-12-09 15:56:00,50.2,49.8,227,197
2024-12-09 15:58:00,50.2,49.2,228,187
2024-12-09 16:00:00,49.9,49.7,228,186
2024-12-09 16:02:00,50.0,49.5,227,185
2024-12-09 16:04:00,50.1,49.6,227,187
2024-12-09 16:06:00,50.1,49.6,228,190
2024-12-09 16:08:00,49.9,49.3,228,187
2024-12-09 16:10:00,50.0,49.4,227,187
2024-12-09 16:12:00,50.1,49.3,227,192
2024-12-09 16:14:00,50.1,49.5,227,190
2024-12-09 16:16:00,50.0,49.7,227,197
2024-12-09 16:18:00,50.2,49.5,228,194
2024-12-09 16:20:00,50.0,49.5,227,196
2024-12-09 16:22:00,49.8,49.3,227,192
2024-12-09 16:24:00,49.9,49.6,227,189
2024-12-09 16:26:00,49.8,49.7,227,189
2024-12-09 16:28:00,50.0,49.3,228,192
2024-12-09 16:30:00,50.0,49.6,228,188
2024-12-09 16:32:00,50.0,49.2,228,190
2024-12-09 16:34:00,50.0,49.2,227,193
2024-12-09 16:36:00,49.9,49.5,227,193
2024-12-09 16:38:00,50.0,49.4,228,185
2024-12-09 16:40:00,49.7,49.6,227,190
2024-12-09 16:42:00,49.8,49.3,228,187
2024-12-09 16:44:00,49.9,49.4,227,191
2024-12-09 16:46:00,49.9,49.5,228,185
2024-12-09 16:48:00,50.0,49.5,228,193
2024-12-09 16:50:00,50.0,49.3,228,188
2024-12-09 16:52:00,50.1,49.4,228,190
2024-12-09 16:54:00,50.0,49.4,228,192
2024-12-09 16:56:00,50.0,49.4,228,187
2024-12-09 16:58:00,50.0,49.6,228,185
2024-12-09 17:00:00,50.0,49.5,228,182
2024-12-09 17:02:00,50.0,49.4,228,188
2024-12-09 17:04:00,50.0,49.5,228,187
2024-12-09 17:06:00,50.1,49.4,228,187
2024-12-09 17:08:00,100,49.3,228,189
2024-12-09 17:10:00,50.1,49.7,228,187
2024-12-09 17:12:00,49.9,49.5,227,192
2024-12-09 17:14:00,50.0,49.4,228,185
2024-12-09 17:16:00,50.2,49.1,228,184
2024-12-09 17:18:00,50.0,49.6,228,185
2024-12-09 17:20:00,50.0,49.6,228,185
2024-12-09 17:22:00,50.0,49.9,228,193
2024-12-09 17:24:00,49.9,49.5,228,185
2024-12-09 17:26:00,49.9,49.3,228,186
2024-12-09 17:28:00,50.1,49.2,228,189
2024-12-09 17:30:00,50.0,49.7,228,190
2024-12-09 17:32:00,49.7,49.4,228,179
2024-12-09 17:34:00,49.8,49.4,227,183
2024-12-09 17:36:00,50.0,49.4,228,182
2024-12-09 17:38:00,50.0,49.8,228,185
2024-12-09 17:40:00,49.9,49.5,228,184
2024-12-09 17:42:00,50.0,49.4,228,180
2024-12-09 17:44:00,50.1,49.5,228,180
2024-12-09 17:46:00,49.8,49.4,228,183
2024-12-09 17:48:00,50.1,49.3,228,187
2024-12-09 17:50:00,50.0,49.7,232,182
2024-12-09 17:52:00,49.7,50.2,227,190
2024-12-09 17:54:00,50.0,50.4,227,195
2024-12-09 17:56:00,49.9,50.3,227,192
2024-12-09 17:58:00,50.0,50.7,227,194
2024-12-09 18:00:00,49.9,50.2,228,193
2024-12-09 18:02:00,50.1,50.1,227,189
2024-12-09 18:04:00,49.9,50.2,228,191
2024-12-09 18:06:00,50.2,50.4,228,187
2024-12-09 18:08:00,49.9,50.0,228,190
2024-12-09 18:10:00,50.0,50.2,227,185
2024-12-09 18:12:00,50.0,50.0,227,185
2024-12-09 18:14:00,49.9,49.9,227,188
2024-12-09 18:16:00,50.0,49.4,227,184
2024-12-09 18:18:00,50.1,49.8,227,183
2024-12-09 18:20:00,50.0,49.9,228,183
2024-12-09 18:22:00,50.1,49.9,228,183
2024-12-09 18:24:00,50.0,49.4,228,186
2024-12-09 18:26:00,49.9,49.4,228,180
2024-12-09 18:28:00,50.1,49.3,228,184
2024-12-09 18:30:00,49.8,49.1,228,184
2024-12-09 18:32:00,50.0,49.3,227,184
2024-12-09 18:34:00,50.0,49.4,227,177
2024-12-09 18:36:00,49.9,49.3,227,171
2024-12-09 18:38:00,49.8,49.5,228,176
2024-12-09 18:40:00,50.0,49.3,228,172
2024-12-09 18:42:00,50.1,48.9,228,168
2024-12-09 18:44:00,49.9,48.3,228,166
2024-12-09 18:46:00,49.8,5618,227,0
2024-12-09 18:48:00,49.7,49.6,228,192
2024-12-09 18:50:00,49.9,50.1,228,187
2024-12-09 18:52:00,50.0,49.9,228,185
2024-12-09 18:54:00,49.9,49.3,228,187
2024-12-09 18:56:00,50.0,49.6,228,181
2024-12-09 18:58:00,50.0,49.5,228,187
2024-12-09 19:00:00,49.8,49.5,228,185
2024-12-09 19:02:00,49.9,49.5,228,184
2024-12-09 19:04:00,49.9,49.4,228,186
2024-12-09 19:06:00,50.0,49.5,228,186
2024-12-09 19:08:00,50.1,49.5,227,180
2024-12-09 19:10:00,50.0,49.4,227,181
2024-12-09 19:12:00,50.0,49.1,228,187
2024-12-09 19:14:00,49.8,49.2,228,190
2024-12-09 19:16:00,50.0,49.5,227,191
2024-12-09 19:18:00,49.9,49.6,228,185
2024-12-09 19:20:00,49.9,49.4,228,181
2024-12-09 19:22:00,50.0,49.0,228,176
2024-12-09 19:24:00,49.9,49.4,228,175
2024-12-09 19:26:00,49.9,49.2,228,180
2024-12-09 19:28:00,50.1,49.7,227,180
2024-12-09 19:30:00,50.0,49.4,227,178
2024-12-09 19:32:00,49.8,49.4,227,180
2024-12-09 19:34:00,50.0,49.5,228,178
2024-12-09 19:36:00,50.1,49.5,228,175
2024-12-09 19:38:00,50.1,49.2,228,177
2024-12-09 19:40:00,49.9,49.5,228,174
2024-12-09 19:42:00,50.0,49.8,228,178
2024-12-09 19:44:00,50.0,49.8,227,182
2024-12-09 19:46:00,50.0,50.0,228,182
2024-12-09 19:48:00,49.9,49.5,227,177
2024-12-09 19:50:00,50.0,49.9,228,178
2024-12-09 19:52:00,49.7,49.4,228,176
2024-12-09 19:54:00,50.0,49.6,227,182
2024-12-09 19:56:00,49.8,49.4,228,181
2024-12-09 19:58:00,50.1,49.5,227,181
2024-12-09 20:00:00,50.0,49.7,227,178
2024-12-09 20:02:00,50.0,49.3,227,177
2024-12-09 20:04:00,50.0,49.5,228,175
2024-12-09 20:06:00,49.7,49.3,227,182
2024-12-09 20:08:00,49.9,49.7,227,182
2024-12-09 20:10:00,50.0,49.5,227,182
2024-12-09 20:12:00,50.1,49.6,227,176
2024-12-09 20:14:00,49.9,49.5,228,181
2024-12-09 20:16:00,50.0,49.3,227,177
2024-12-09 20:18:00,49.9,49.5,227,171
2024-12-09 20:20:00,49.9,49.3,227,181
2024-12-09 20:22:00,49.9,49.6,227,180
2024-12-09 20:24:00,50.0,49.5,227,175
2024-12-09 20:26:00,49.8,49.7,227,175
2024-12-09 20:28:00,50,49.3,228,175
2024-12-09 20:30:00,49.9,49.4,227,173
2024-12-09 20:32:00,49.8,49.7,228,178
2024-12-09 20:34:00,49.8,49.3,228,179
2024-12-09 20:36:00,50.0,49.4,228,179
2024-12-09 20:38:00,49.7,49.4,228,178
2024-12-09 20:40:00,50.1,49.3,228,180
2024-12-09 20:42:00,49.9,49.5,228,181
2024-12-09 20:44:00,50.1,49.4,227,178
2024-12-09 20:46:00,49.8,49.7,228,181
2024-12-09 20:48:00,49.7,49.6,228,182
2024-12-09 20:50:00,49.7,49.4,228,173
2024-12-09 20:52:00,49.9,49.5,228,177
2024-12-09 20:54:00,50.0,49.6,228,173
2024-12-09 20:56:00,50.0,49.7,228,168
2024-12-09 20:58:00,50.1,49.7,227,168
2024-12-09 21:00:00,50.0,49.6,227,173
2024-12-09 21:02:00,50.0,49.6,228,170
2024-12-09 21:04:00,50.0,49.6,232,177
2024-12-09 21:06:00,50.1,49.5,232,176
2024-12-09 21:08:00,50.0,49.8,232,181
2024-12-09 21:10:00,49.9,49.7,231,181
2024-12-09 21:12:00,66.4,49.8,231,185
2024-12-09 21:14:00,50.0,49.7,231,184
2024-12-09 21:16:00,49.9,49.9,232,185
2024-12-09 21:18:00,49.8,49.9,231,188
2024-12-09 21:20:00,50.2,49.6,231,187
2024-12-09 21:22:00,49.8,49.8,231,186
2024-12-09 21:24:00,49.9,50.0,231,185
2024-12-09 21:26:00,49.9,49.6,231,180
2024-12-09 21:28:00,50.0,49.9,232,182
2024-12-09 21:30:00,49.8,49.6,231,182
2024-12-09 21:32:00,50.0,49.8,231,182
2024-12-09 21:34:00,50.0,49.8,231,187
2024-12-09 21:36:00,50.0,49.7,231,188
2024-12-09 21:38:00,50.0,49.8,231,185
2024-12-09 21:40:00,49.8,50.0,231,186
2024-12-09 21:42:00,49.8,49.9,231,190
2024-12-09 21:44:00,49.9,49.8,231,190
2024-12-09 21:46:00,50.1,49.6,231,191
2024-12-09 21:48:00,50.0,49.8,231,191
2024-12-09 21:50:00,50.0,49.7,231,194
2024-12-09 21:52:00,50.1,50.0,231,194
2024-12-09 21:54:00,49.9,50.2,231,192
2024-12-09 21:56:00,50.1,50.2,231,194
2024-12-09 21:58:00,49.8,50.0,231,194
2024-12-09 22:00:00,49.8,49.8,231,194
2024-12-09 22:02:00,50.1,49.7,231,199
2024-12-09 22:04:00,50.0,50.0,232,197
2024-12-09 22:06:00,49.9,50.2,231,197
2024-12-09 22:08:00,49.9,50.1,231,199
2024-12-09 22:10:00,50.0,50.2,231,197
2024-12-09 22:12:00,99.1,50.1,231,199
2024-12-09 22:14:00,49.8,49.9,231,200
2024-12-09 22:16:00,49.9,50.1,235,199
2024-12-09 22:18:00,49.9,50.0,231,203
2024-12-09 22:20:00,49.9,50.2,231,200
2024-12-09 22:22:00,50.0,50.2,231,203
2024-12-09 22:24:00,49.9,50.0,231,204
2024-12-09 22:26:00,50.0,50.2,231,207
2024-12-09 22:28:00,49.9,50.3,231,204
2024-12-09 22:30:00,50.1,50.3,231,202
2024-12-09 22:32:00,49.9,50.3,231,204
2024-12-09 22:34:00,49.9,50.3,231,204
2024-12-09 22:36:00,50.0,50.2,231,204
2024-12-09 22:38:00,49.8,50.1,231,206
2024-12-09 22:40:00,49.8,50.5,231,206
2024-12-09 22:42:00,50.0,50.5,231,207
2024-12-09 22:44:00,50.1,50.0,231,207
2024-12-09 22:46:00,49.8,50.1,231,207
2024-12-09 22:48:00,49.9,50.0,231,208
2024-12-09 22:50:00,49.9,50.3,231,208
2024-12-09 22:52:00,50.1,50.4,231,211
2024-12-09 22:54:00,49.8,50.3,231,211
2024-12-09 22:56:00,49.9,50.6,231,211
2024-12-09 22:58:00,49.9,50.3,232,208
2024-12-09 23:00:00,50.0,50.5,231,211
2024-12-09 23:02:00,50.0,50.4,231,211
2024-12-09 23:04:00,49.9,50.4,231,212
2024-12-09 23:06:00,49.9,50.3,231,211
2024-12-09 23:08:00,50.0,50.2,231,213
2024-12-09 23:10:00,50.2,50.4,231,212
2024-12-09 23:12:00,50.0,50.3,231,211
2024-12-09 23:14:00,49.9,50.3,231,213
2024-12-09 23:16:00,49.7,50.4,231,212
2024-12-09 23:18:00,50.0,50.7,231,211
2024-12-09 23:20:00,49.8,50.2,231,212
2024-12-09 23:22:00,50.0,50.4,231,212
2024-12-09 23:24:00,49.9,50.2,231,214
2024-12-09 23:26:00,50.1,50.3,231,214
2024-12-09 23:28:00,50.0,50.3,231,214
2024-12-09 23:30:00,50.0,50.2,231,209
2024-12-09 23:32:00,50.0,50.5,231,213
2024-12-09 23:34:00,50.0,50.2,231,214
2024-12-09 23:36:00,50.0,50.1,231,214
2024-12-09 23:38:00,50.0,50.1,231,213
2024-12-09 23:40:00,49.8,50.5,231,215
2024-12-09 23:42:00,49.9,50.6,231,216
2024-12-09 23:44:00,50.1,50.7,231,216
2024-12-09 23:46:00,50.0,50.6,231,214
2024-12-09 23:48:00,49.9,50.5,231,214
2024-12-09 23:50:00,50.0,50.6,231,216
2024-12-09 23:52:00,50.0,50.5,231,215
2024-12-09 23:54:00,50.0,50.5,231,215
2024-12-09 23:56:00,50.1,50.4,231,216
2024-12-09 23:58:00,49.9,50.3,231,216
2024-12-10 00:00:00,50.0,50.6,231,217
2024-12-10 00:02:00,50.0,50.6,231,216
2024-12-10 00:04:00,50.1,50.3,231,216
2024-12-10 00:06:00,49.9,50.4,231,217
2024-12-10 00:08:00,50.0,49.9,231,218
2024-12-10 00:10:00,50.0,49.4,231,214
2024-12-10 00:12:00,49.9,49.8,231,216
2024-12-10 00:14:00,50.0,49.4,231,214
2024-12-10 00:16:00,49.9,49.9,231,218
2024-12-10 00:18:00,49.9,49.5,231,217
2024-12-10 00:20:00,49.9,49.4,231,217
2024-12-10 00:22:00,50.0,49.2,231,214
2024-12-10 00:24:00,50.1,49.6,231,216
2024-12-10 00:26:00,50.1,49.8,231,217
2024-12-10 00:28:00,49.9,49.6,231,217
2024-12-10 00:30:00,49.9,49.9,231,217
2024-12-10 00:32:00,50.0,49.7,231,218
2024-12-10 00:34:00,50.0,49.6,231,218
2024-12-10 00:36:00,49.8,49.9,231,218
2024-12-10 00:38:00,50.0,49.4,231,214
2024-12-10 00:40:00,50.0,49.5,231,218
2024-12-10 00:42:00,49.7,49.5,231,218
2024-12-10 00:44:00,49.9,49.6,231,218
2024-12-10 00:46:00,50.1,49.7,231,218
2024-12-10 00:48:00,50.0,49.9,231,219
2024-12-10 00:50:00,50.1,49.7,231,221
2024-12-10 00:52:00,50.0,49.7,231,219
2024-12-10 00:54:00,50.2,49.6,231,221
2024-12-10 00:56:00,50.0,49.8,231,221
2024-12-10 00:58:00,50.0,49.6,231,222
2024-12-10 01:00:00,49.9,49.7,231,221
2024-12-10 01:02:00,49.9,49.7,231,221
2024-12-10 01:04:00,49.9,49.8,231,221
2024-12-10 01:06:00,49.9,49.9,231,222
2024-12-10 01:08:00,50.1,49.5,231,221
2024-12-10 01:10:00,50.2,49.7,231,219
2024-12-10 01:12:00,49.9,49.6,231,220
2024-12-10 01:14:00,50.0,49.6,231,219
2024-12-10 01:16:00,49.9,49.6,231,220
2024-12-10 01:18:00,50.3,49.9,231,221
2024-12-10 01:20:00,49.7,49.4,231,221
2024-12-10 01:22:00,50.0,49.9,231,221
2024-12-10 01:24:00,49.9,49.9,231,222
2024-12-10 01:26:00,50.0,49.5,231,221
2024-12-10 01:28:00,50.2,49.9,231,223
2024-12-10 01:30:00,50.0,49.5,231,219
2024-12-10 01:32:00,49.9,49.7,231,221
2024-12-10 01:34:00,50.0,49.5,231,221
2024-12-10 01:36:00,49.9,49.8,231,223
2024-12-10 01:38:00,50.0,49.7,231,220
2024-12-10 01:40:00,49.9,49.5,231,220
2024-12-10 01:42:00,50.0,49.8,231,221
2024-12-10 01:44:00,50.1,49.8,231,222
2024-12-10 01:46:00,50.0,49.7,231,220
2024-12-10 01:48:00,50.0,49.3,231,219
2024-12-10 01:50:00,50.0,49.7,231,222
2024-12-10 01:52:00,49.9,49.5,231,223
2024-12-10 01:54:00,49.9,49.9,231,222
2024-12-10 01:56:00,49.9,49.8,231,221
2024-12-10 01:58:00,50.0,49.8,231,221
2024-12-10 02:00:00,49.9,49.5,231,220
2024-12-10 02:02:00,50.0,49.8,231,221
2024-12-10 02:04:00,50,49.5,231,221
2024-12-10 02:06:00,50.0,49.7,231,221
2024-12-10 02:08:00,49.9,49.8,231,221
2024-12-10 02:10:00,50.0,50.0,231,223
2024-12-10 02:12:00,50.0,49.9,231,221
2024-12-10 02:14:00,49.9,50.1,231,223
2024-12-10 02:16:00,50.0,49.8,231,221
2024-12-10 02:18:00,50.1,50.0,231,221
2024-12-10 02:20:00,49.8,50.0,231,222
2024-12-10 02:22:00,50.1,49.9,231,220
2024-12-10 02:24:00,50.1,50.0,231,222
2024-12-10 02:26:00,49.9,50.0,231,222
2024-12-10 02:28:00,50.1,49.9,231,222
2024-12-10 02:30:00,49.9,49.9,231,221
2024-12-10 02:32:00,50.1,49.8,231,221
2024-12-10 02:34:00,49.9,49.7,231,221
2024-12-10 02:36:00,50.0,49.7,231,220
2024-12-10 02:38:00,49.9,49.6,231,223
2024-12-10 02:40:00,50.0,49.9,231,223
2024-12-10 02:42:00,49.9,49.8,231,223
2024-12-10 02:44:00,49.8,50.1,231,224
2024-12-10 02:46:00,49.9,49.8,231,221
2024-12-10 02:48:00,50.0,50.0,231,223
2024-12-10 02:50:00,50.0,49.7,231,222
2024-12-10 02:52:00,49.9,49.9,231,222
2024-12-10 02:54:00,50.0,49.9,231,222
2024-12-10 02:56:00,50.2,49.9,231,223
2024-12-10 02:58:00,50.0,49.7,231,221
2024-12-10 03:00:00,50.0,49.7,231,222
2024-12-10 03:02:00,50.1,49.7,231,221
2024-12-10 03:04:00,50.1,49.8,231,223
2024-12-10 03:06:00,50.0,49.7,231,223
2024-12-10 03:08:00,50.0,49.8,231,223
2024-12-10 03:10:00,50.1,49.7,231,223
2024-12-10 03:12:00,50.0,49.7,231,223
2024-12-10 03:14:00,50.0,49.6,231,222
2024-12-10 03:16:00,49.9,49.9,231,223
2024-12-10 03:18:00,50.2,1575,231,0.707
2024-12-10 03:20:00,49.9,6536,231,0.707
2024-12-10 03:22:00,50.0,3937,231,0
2024-12-10 03:24:00,49.9,2817,231,0
2024-12-10 03:26:00,49.8,51.6,231,240
2024-12-10 03:28:00,50.0,51.7,231,241
2024-12-10 03:30:00,50.0,51.7,231,238
2024-12-10 03:32:00,49.9,51.7,231,239
2024-12-10 03:34:00,50.0,51.8,231,238
2024-12-10 03:36:00,50.0,52.0,231,236
2024-12-10 03:38:00,49.9,52.2,231,238
2024-12-10 03:40:00,50.1,52.2,231,238
2024-12-10 03:42:00,50.1,51.9,231,239
2024-12-10 03:44:00,50.1,52.0,231,236
2024-12-10 03:46:00,49.8,51.9,231,239
2024-12-10 03:48:00,49.9,51.7,231,237
2024-12-10 03:50:00,50.1,51.6,231,240
2024-12-10 03:52:00,49.9,52.0,231,239
2024-12-10 03:54:00,49.8,51.9,231,239
2024-12-10 03:56:00,49.9,52.0,231,239
2024-12-10 03:58:00,50.0,51.7,231,240
2024-12-10 04:00:00,50.2,51.9,231,238
2024-12-10 04:02:00,50.0,52.0,231,238
2024-12-10 04:04:00,49.9,51.4,231,240
2024-12-10 04:06:00,50.0,51.8,231,239
2024-12-10 04:08:00,49.8,51.7,231,240
2024-12-10 04:10:00,50.1,51.7,231,239
2024-12-10 04:12:00,49.7,51.9,231,239
2024-12-10 04:14:00,50.0,52.0,231,238
2024-12-10 04:16:00,49.8,51.5,231,238
2024-12-10 04:18:00,49.9,51.7,231,238
2024-12-10 04:20:00,50.0,51.4,231,238
2024-12-10 04:22:00,50.0,51.1,231,237
2024-12-10 04:24:00,49.9,51.3,231,238
2024-12-10 04:26:00,49.9,51.3,231,237
2024-12-10 04:28:00,50.0,51.1,231,237
2024-12-10 04:30:00,50.0,51.8,231,238
2024-12-10 04:32:00,50.0,51.5,231,239
2024-12-10 04:34:00,50.0,51.2,231,238
2024-12-10 04:36:00,50.0,51.2,231,236
2024-12-10 04:38:00,50.1,51.2,231,238
2024-12-10 04:40:00,49.9,51.3,231,237
2024-12-10 04:42:00,50.0,51.5,231,238
2024-12-10 04:44:00,50.1,51.9,231,238
2024-12-10 04:46:00,49.9,51.8,231,238
2024-12-10 04:48:00,50.0,51.3,231,238
2024-12-10 04:50:00,50.0,51.3,231,238
2024-12-10 04:52:00,50.0,51.4,231,238
2024-12-10 04:54:00,50.0,51.4,231,240
2024-12-10 04:56:00,49.9,51.2,231,237
2024-12-10 04:58:00,50.0,51.3,231,238
2024-12-10 05:00:00,50.0,51.3,231,236
2024-12-10 05:02:00,49.8,51.3,231,238
2024-12-10 05:04:00,50.3,51.3,231,238
2024-12-10 05:06:00,50.1,51.2,231,236
2024-12-10 05:08:00,50.1,51.2,231,236
2024-12-10 05:10:00,50.0,51.2,231,236
2024-12-10 05:12:00,49.9,51.0,231,238
2024-12-10 05:14:00,50.0,51.0,231,238
2024-12-10 05:16:00,50.3,51.0,231,238
2024-12-10 05:18:00,49.9,51.0,231,238
2024-12-10 05:20:00,50.0,51.0,231,238
2024-12-10 05:22:00,50.0,51.2,231,238
2024-12-10 05:24:00,50.0,51.1,231,237
2024-12-10 05:26:00,50.1,51.2,231,238
2024-12-10 05:28:00,50.0,51.1,231,237
2024-12-10 05:30:00,50.0,50.8,231,237
2024-12-10 05:32:00,50,51.1,231,237
2024-12-10 05:34:00,50.0,51.0,231,237
2024-12-10 05:36:00,49.9,51.1,231,236
2024-12-10 05:38:00,50.0,51.1,231,237
2024-12-10 05:40:00,50.0,51.1,231,238
2024-12-10 05:42:00,50.1,51.2,231,238
2024-12-10 05:44:00,49.9,51.2,231,238
2024-12-10 05:46:00,50.0,51.0,231,239
2024-12-10 05:48:00,50.0,51.0,231,236
2024-12-10 05:50:00,50.0,51.1,231,236
2024-12-10 05:52:00,50.3,50.6,231,235
2024-12-10 05:54:00,50.0,50.3,231,233
2024-12-10 05:56:00,49.8,50.5,231,234
2024-12-10 05:58:00,49.9,50.5,231,235
2024-12-10 06:00:00,50.1,50.6,231,236
2024-12-10 06:02:00,49.8,50.7,231,236
2024-12-10 06:04:00,49.9,50.6,231,236
2024-12-10 06:06:00,50.1,50.7,231,237
2024-12-10 06:08:00,49.9,50.6,231,236
2024-12-10 06:10:00,49.7,50.7,231,236
2024-12-10 06:12:00,49.9,50.6,231,236
2024-12-10 06:14:00,49.9,50.5,232,235
2024-12-10 06:16:00,50.0,50.4,231,236
2024-12-10 06:18:00,49.8,50.5,231,236
2024-12-10 06:20:00,50.1,50.4,231,236
2024-12-10 06:22:00,99.8,50.4,231,236
2024-12-10 06:24:00,49.9,50.4,231,236
2024-12-10 06:26:00,50.0,50.5,231,236
2024-12-10 06:28:00,49.9,50.3,231,233
2024-12-10 06:30:00,50.2,50.2,231,236
2024-12-10 06:32:00,50.0,50.0,231,235
2024-12-10 06:34:00,50.0,50.0,231,234
2024-12-10 06:36:00,50.0,50.2,231,236
2024-12-10 06:38:00,50.0,50.1,231,235
2024-12-10 06:40:00,49.9,50.3,231,237
2024-12-10 06:42:00,50.0,50.3,231,235
2024-12-10 06:44:00,50.2,50.5,231,235
2024-12-10 06:46:00,50.0,50.6,231,237
2024-12-10 06:48:00,50.1,50.5,231,237
2024-12-10 06:50:00,50.0,50.4,231,236
2024-12-10 06:52:00,49.8,50.4,231,235
2024-12-10 06:54:00,50.0,50.2,231,234
2024-12-10 06:56:00,49.8,50.3,231,236
2024-12-10 06:58:00,50.0,50.1,231,235
2024-12-10 07:00:00,50.1,50.2,231,233
2024-12-10 07:02:00,50.0,50.2,231,233
2024-12-10 07:04:00,49.7,50.3,231,233
2024-12-10 07:06:00,49.9,50.4,231,236
2024-12-10 07:08:00,50.0,50.3,231,234
2024-12-10 07:10:00,49.9,50.3,231,227
2024-12-10 07:12:00,49.9,50.2,231,228
2024-12-10 07:14:00,50.0,50.5,231,235
2024-12-10 07:16:00,49.9,50.7,231,233
2024-12-10 07:18:00,50.1,50.4,231,226
2024-12-10 07:20:00,50.2,50.6,231,228
2024-12-10 07:22:00,50.0,50.5,231,236
2024-12-10 07:24:00,50.0,50.3,231,228
2024-12-10 07:26:00,50.0,50.7,231,227
2024-12-10 07:28:00,50.1,50.6,231,234
2024-12-10 07:30:00,50.1,50.3,231,235
2024-12-10 07:32:00,49.8,50.6,231,234
2024-12-10 07:34:00,49.9,50.7,231,238
2024-12-10 07:36:00,49.8,51.0,231,238
2024-12-10 07:38:00,50.0,51.2,231,240
2024-12-10 07:40:00,50.2,51.2,231,239
2024-12-10 07:42:00,49.8,51.1,231,236
2024-12-10 07:44:00,49.9,51.2,231,236
2024-12-10 07:46:00,50.0,50.9,231,234
2024-12-10 07:48:00,50.0,50.9,231,235
2024-12-10 07:50:00,50.0,50.5,231,233
2024-12-10 07:52:00,49.9,50.8,231,234
2024-12-10 07:54:00,50.0,50.7,227,233
2024-12-10 07:56:00,50.2,50.7,227,235
2024-12-10 07:58:00,49.8,50.9,228,234
2024-12-10 08:00:00,50.1,50.5,227,236
2024-12-10 08:02:00,50.0,50.4,228,233
2024-12-10 08:04:00,50.1,50.4,227,236
2024-12-10 08:06:00,50.0,50.4,228,236
2024-12-10 08:08:00,50.3,50.3,227,238
2024-12-10 08:10:00,49.8,50.1,227,235
2024-12-10 08:12:00,50.0,50.1,227,233
2024-12-10 08:14:00,50.1,49.9,228,236
2024-12-10 08:16:00,49.8,50.0,227,231
2024-12-10 08:18:00,50.2,50.2,228,232
2024-12-10 08:20:00,50.0,49.8,228,231
2024-12-10 08:22:00,50.0,49.9,227,234
2024-12-10 08:24:00,50.0,50.1,227,234
2024-12-10 08:26:00,50.0,50.1,228,233
2024-12-10 08:28:00,49.9,50.2,227,232
2024-12-10 08:30:00,50.1,49.8,227,228
2024-12-10 08:32:00,49.8,49.9,228,232
2024-12-10 08:34:00,50.0,49.9,228,229
2024-12-10 08:36:00,49.9,50.0,228,231
2024-12-10 08:38:00,49.8,50.2,228,235
2024-12-10 08:40:00,49.7,50.1,228,233
2024-12-10 08:42:00,49.9,50.1,228,233
2024-12-10 08:44:00,50.0,50.0,228,235
2024-12-10 08:46:00,50.0,50.1,228,231
2024-12-10 08:48:00,50.0,50.2,228,233
2024-12-10 08:50:00,50.0,50.0,228,234
2024-12-10 08:52:00,50.1,50.1,228,235
2024-12-10 08:54:00,50.0,50.2,228,236
2024-12-10 08:56:00,50.0,50.1,228,234
2024-12-10 08:58:00,49.9,50.1,228,236
2024-12-10 09:00:00,50.0,50.1,228,233
2024-12-10 09:02:00,49.9,49.9,228,231
2024-12-10 09:04:00,50.0,50.1,228,232
2024-12-10 09:06:00,49.9,50.0,228,234
2024-12-10 09:08:00,50.0,50.1,228,235
2024-12-10 09:10:00,49.9,50.3,228,236
2024-12-10 09:12:00,50.0,50.2,228,234
2024-12-10 09:14:00,49.9,50.2,228,235
2024-12-10 09:16:00,50.2,50.2,228,234
2024-12-10 09:18:00,50.0,50.3,228,232
2024-12-10 09:20:00,50.1,50.3,228,233
2024-12-10 09:22:00,50.0,50.1,228,233
2024-12-10 09:24:00,50.1,50.5,228,231
2024-12-10 09:26:00,50.2,50.2,228,230
2024-12-10 09:28:00,50.0,50.2,228,233
2024-12-10 09:30:00,50.0,49.9,228,230
2024-12-10 09:32:00,50.0,50,228,232
2024-12-10 09:34:00,50.0,50.1,228,232
2024-12-10 09:36:00,49.8,50.0,228,232
2024-12-10 09:38:00,49.6,50.4,228,234
2024-12-10 09:40:00,50.0,50.4,228,233
2024-12-10 09:42:00,50.0,50.4,228,237
2024-12-10 09:44:00,49.7,50.5,228,238
2024-12-10 09:46:00,50.0,50.4,228,241
2024-12-10 09:48:00,50.0,50.3,228,241
2024-12-10 09:50:00,50.1,50.5,228,240
2024-12-10 09:52:00,50.0,50.4,228,239
2024-12-10 09:54:00,49.9,50.5,228,238
2024-12-10 09:56:00,50.0,50.6,228,236
2024-12-10 09:58:00,50.0,50.6,228,240
2024-12-10 10:00:00,50.1,50.4,228,238
2024-12-10 10:02:00,50.0,50.3,228,236
2024-12-10 10:04:00,49.9,50.2,228,238
2024-12-10 10:06:00,49.8,50.4,228,240
2024-12-10 10:08:00,50.2,50.7,228,238
2024-12-10 10:10:00,49.9,50.5,228,238
2024-12-10 10:12:00,50.1,50.4,228,238
2024-12-10 10:14:00,49.9,50.5,228,237
2024-12-10 10:16:00,50.0,50.4,228,238
2024-12-10 10:18:00,50.0,50.6,228,238
2024-12-10 10:20:00,50.1,50.5,228,237
2024-12-10 10:22:00,50.0,50.3,228,238
2024-12-10 10:24:00,50.0,50.4,228,237
2024-12-10 10:26:00,50.0,50.6,228,238
2024-12-10 10:28:00,50.0,50.6,228,237
2024-12-10 10:30:00,49.9,50.7,228,238
2024-12-10 10:32:00,50.0,50.1,228,236
2024-12-10 10:34:00,50.0,50.4,228,234
2024-12-10 10:36:00,50.0,49.8,228,233
2024-12-10 10:38:00,50.0,49.7,228,232
2024-12-10 10:40:00,50.0,49.5,228,235
2024-12-10 10:42:00,49.7,50.3,228,195
2024-12-10 10:44:00,50.1,50.0,228,190
2024-12-10 10:46:00,50.2,49.9,228,194
2024-12-10 10:48:00,50.0,50.3,228,187
2024-12-10 10:50:00,49.9,50.2,233,195
2024-12-10 10:52:00,49.8,49.9,231,198
2024-12-10 10:54:00,50.2,49.8,231,192
2024-12-10 10:56:00,50.0,49.9,231,187
2024-12-10 10:58:00,50.0,50.0,231,194
2024-12-10 11:00:00,50.1,49.8,231,188
2024-12-10 11:02:00,50.1,49.8,231,190
2024-12-10 11:04:00,49.9,50.0,231,190
2024-12-10 11:06:00,50.2,50.1,231,191
2024-12-10 11:08:00,50.1,49.8,231,194
2024-12-10 11:10:00,50.0,49.9,231,194
2024-12-10 11:12:00,50.0,49.9,231,194
2024-12-10 11:14:00,50.2,50.0,231,193
2024-12-10 11:16:00,50.0,49.8,231,186
2024-12-10 11:18:00,50.0,49.9,231,192
2024-12-10 11:20:00,50.1,49.9,231,192
2024-12-10 11:22:00,50.0,49.9,231,193
2024-12-10 11:24:00,50.0,50,231,194
2024-12-10 11:26:00,49.9,50.3,231,192
2024-12-10 11:28:00,50.1,50.1,231,192
2024-12-10 11:30:00,50,50.0,232,192
2024-12-10 11:32:00,50.0,50.0,231,192
2024-12-10 11:34:00,66.8,49.7,231,190
2024-12-10 11:36:00,50.1,50.0,231,189
2024-12-10 11:38:00,49.9,49.8,231,192
2024-12-10 11:40:00,50.1,50.0,231,187
2024-12-10 11:42:00,49.9,50.1,231,189
2024-12-10 11:44:00,50.0,50.0,231,183
2024-12-10 11:46:00,49.9,49.8,231,185
2024-12-10 11:48:00,49.9,50.0,230,192
2024-12-10 11:50:00,49.9,50.1,231,191
2024-12-10 11:52:00,50.0,49.9,230,189
2024-12-10 11:54:00,50.0,50.2,231,189
2024-12-10 11:56:00,50.0,50.0,231,187
2024-12-10 11:58:00,50.0,50.0,231,190
2024-12-10 12:00:00,50.0,50.2,231,190
2024-12-10 12:02:00,50.0,50.0,231,188
2024-12-10 12:04:00,50.0,50.2,231,187
2024-12-10 12:06:00,50.0,50.2,230,192
2024-12-10 12:08:00,49.8,50.1,231,189
2024-12-10 12:10:00,50.0,50.2,231,194
2024-12-10 12:12:00,50.0,50.0,231,196
2024-12-10 12:14:00,49.7,49.9,231,194
2024-12-10 12:16:00,49.8,50.2,231,197
2024-12-10 12:18:00,50.3,50.0,231,188
2024-12-10 12:20:00,49.9,50.2,231,182
2024-12-10 12:22:00,49.9,49.7,231,185
2024-12-10 12:24:00,49.9,50.1,231,190
2024-12-10 12:26:00,50.0,50.2,231,187
2024-12-10 12:28:00,50.0,50.2,231,193
2024-12-10 12:30:00,50.0,50.3,231,190
2024-12-10 12:32:00,49.9,50.2,231,196
2024-12-10 12:34:00,50.1,50.0,230,202
2024-12-10 12:36:00,50.0,50.3,231,204
2024-12-10 12:38:00,50.0,50.0,230,192
2024-12-10 12:40:00,50.0,50.2,231,195
2024-12-10 12:42:00,49.9,50.0,228,190
2024-12-10 12:44:00,49.9,49.7,228,184
2024-12-10 12:46:00,50.0,50.2,228,187
2024-12-10 12:48:00,49.9,49.8,228,194
2024-12-10 12:50:00,50.1,49.9,227,194
2024-12-10 12:52:00,49.8,49.9,228,195
2024-12-10 12:54:00,49.9,49.7,228,190
2024-12-10 12:56:00,50.0,49.9,228,193
2024-12-10 12:58:00,50.0,50.2,228,199
2024-12-10 13:00:00,49.9,50.1,228,198
2024-12-10 13:02:00,50.0,50.2,228,197
2024-12-10 13:04:00,50.1,49.7,228,197
2024-12-10 13:06:00,49.9,49.8,228,194
2024-12-10 13:08:00,50.3,49.8,228,182
2024-12-10 13:10:00,50.1,49.8,228,187
2024-12-10 13:12:00,49.9,50.3,228,190
2024-12-10 13:14:00,50.0,49.9,228,184
2024-12-10 13:16:00,49.9,50.1,228,187
2024-12-10 13:18:00,49.8,49.8,228,190
2024-12-10 13:20:00,49.7,49.9,228,192
2024-12-10 13:22:00,50.0,50.1,228,190
2024-12-10 13:24:00,50.0,50.0,228,190
2024-12-10 13:26:00,50.0,49.9,227,195
2024-12-10 13:28:00,49.9,50.0,231,195
2024-12-10 13:30:00,49.9,50.1,231,194
2024-12-10 13:32:00,50.0,50.1,231,194
2024-12-10 13:34:00,49.7,49.9,231,192
2024-12-10 13:36:00,50.0,50.3,231,192
2024-12-10 13:38:00,49.9,50.1,231,192
2024-12-10 13:40:00,50.2,50.2,231,185
2024-12-10 13:42:00,50.0,50.0,231,190
2024-12-10 13:44:00,50.0,49.8,231,187
2024-12-10 13:46:00,49.8,49.9,231,190
2024-12-10 13:48:00,49.8,50.1,231,193
2024-12-10 13:50:00,50.0,50.0,231,189
2024-12-10 13:52:00,49.9,50.2,231,186
2024-12-10 13:54:00,50.1,49.9,231,186
2024-12-10 13:56:00,49.8,50.2,231,192
2024-12-10 13:58:00,49.9,49.3,231,187
2024-12-10 14:00:00,50.0,51.4,231,193
2024-12-10 14:02:00,49.9,50.3,231,202
2024-12-10 14:04:00,50.1,50.1,231,211
2024-12-10 14:06:00,49.8,49.8,231,193
2024-12-10 14:08:00,50.1,50.2,231,192
2024-12-10 14:10:00,50.0,49.8,231,196
2024-12-10 14:12:00,50.3,50.0,231,199
2024-12-10 14:14:00,50.0,50.2,231,201
2024-12-10 14:16:00,49.9,50.8,231,196
2024-12-10 14:18:00,50.0,49.9,231,190
2024-12-10 14:20:00,49.8,50.0,231,183
2024-12-10 14:22:00,49.9,50.3,231,185
2024-12-10 14:24:00,49.9,50.2,231,191
2024-12-10 14:26:00,49.8,50.1,231,197
2024-12-10 14:28:00,50.0,50.1,231,196
2024-12-10 14:30:00,50.0,49.9,231,195
2024-12-10 14:32:00,50.0,50.1,231,199
2024-12-10 14:34:00,49.8,50.1,231,197
2024-12-10 14:36:00,50.2,50.4,231,197
2024-12-10 14:38:00,49.8,48.7,231,196
2024-12-10 14:40:00,50.1,50.7,231,204
2024-12-10 14:42:00,50.1,51.2,231,233
2024-12-10 14:44:00,49.9,51.2,231,231
2024-12-10 14:46:00,50.1,51.1,231,234
2024-12-10 14:48:00,50.1,51.0,231,231
2024-12-10 14:50:00,50.1,51.1,231,232
2024-12-10 14:52:00,49.8,51.2,231,230
2024-12-10 14:54:00,50.0,51.3,228,231
2024-12-10 14:56:00,50.0,51.3,227,231
2024-12-10 14:58:00,49.9,51.3,227,230
2024-12-10 15:00:00,50.0,51.3,227,229
2024-12-10 15:02:00,49.8,51.2,227,234
2024-12-10 15:04:00,50.0,51.3,227,231
2024-12-10 15:06:00,50.1,51.3,227,232
2024-12-10 15:08:00,49.8,51.2,227,230
2024-12-10 15:10:00,49.9,51.2,227,234
2024-12-10 15:12:00,50.0,51.2,227,230
2024-12-10 15:14:00,50.0,51.1,228,232
2024-12-10 15:16:00,50.1,51.3,227,232
2024-12-10 15:18:00,50.1,51.6,228,231
2024-12-10 15:20:00,49.9,51.6,227,229
2024-12-10 15:22:00,50.2,51.7,227,229
2024-12-10 15:24:00,49.9,51.5,227,228
2024-12-10 15:26:00,50.1,51.6,227,228
2024-12-10 15:28:00,50.2,51.7,227,229
2024-12-10 15:30:00,49.9,51.5,227,229
2024-12-10 15:32:00,50.2,51.5,228,229
2024-12-10 15:34:00,49.9,51.3,227,224
2024-12-10 15:36:00,50.1,51.0,228,224
2024-12-10 15:38:00,50.0,51.0,228,224
2024-12-10 15:40:00,49.9,51.0,227,226
2024-12-10 15:42:00,50.0,50.9,227,223
2024-12-10 15:44:00,50.1,51.1,227,223
2024-12-10 15:46:00,50.0,50.8,227,228
2024-12-10 15:48:00,49.9,50.9,227,228
2024-12-10 15:50:00,49.9,50.8,228,225
2024-12-10 15:52:00,49.7,50.7,228,228
2024-12-10 15:54:00,99.3,50.5,227,227
2024-12-10 15:56:00,49.9,50.8,227,226
2024-12-10 15:58:00,49.8,50.8,227,224
2024-12-10 16:00:00,50.0,50.8,227,226
2024-12-10 16:02:00,49.9,50.8,227,228
2024-12-10 16:04:00,50.0,50.7,228,224
2024-12-10 16:06:00,49.9,50.9,227,226
2024-12-10 16:08:00,49.7,50.8,227,227
2024-12-10 16:10:00,50.0,50.7,227,227
2024-12-10 16:12:00,50.0,50.9,228,228
2024-12-10 16:14:00,50.0,50.7,227,226
2024-12-10 16:16:00,49.9,50.3,228,189
2024-12-10 16:18:00,49.9,49.8,227,192
2024-12-10 16:20:00,50.0,50.1,228,193
2024-12-10 16:22:00,50.0,50.3,228,194
2024-12-10 16:24:00,50.0,50.1,228,194
2024-12-10 16:26:00,50.0,50.3,228,188
2024-12-10 16:28:00,50.1,49.9,228,187
2024-12-10 16:30:00,49.9,50.1,227,188
2024-12-10 16:32:00,49.8,49.8,228,188
2024-12-10 16:34:00,50.0,50.1,228,187
2024-12-10 16:36:00,49.8,49.9,228,187
2024-12-10 16:38:00,49.8,50.0,227,194
2024-12-10 16:40:00,49.9,50.3,228,192
2024-12-10 16:42:00,50.0,49.9,228,194
2024-12-10 16:44:00,49.9,50.4,227,197
2024-12-10 16:46:00,49.9,50.0,227,197
2024-12-10 16:48:00,50.2,50.5,227,195
2024-12-10 16:50:00,50.1,50.0,228,191
2024-12-10 16:52:00,49.9,50.4,227,190
2024-12-10 16:54:00,49.9,50.4,227,192
2024-12-10 16:56:00,50.0,50.3,227,195
2024-12-10 16:58:00,50.0,49.7,227,187
2024-12-10 17:00:00,50.0,50.2,228,192
2024-12-10 17:02:00,50.0,50.0,228,189
2024-12-10 17:04:00,50.0,50.2,228,188
2024-12-10 17:06:00,50.0,49.8,227,182
2024-12-10 17:08:00,49.9,49.9,227,186
2024-12-10 17:10:00,50.1,49.8,227,185
2024-12-10 17:12:00,50.0,49.7,228,187
2024-12-10 17:14:00,50.0,50.1,227,187
2024-12-10 17:16:00,50.0,49.8,227,187
2024-12-10 17:18:00,50.2,50.0,227,182
2024-12-10 17:20:00,50.1,49.7,227,194
2024-12-10 17:22:00,49.9,50.1,227,190
2024-12-10 17:24:00,50.1,49.6,227,190
2024-12-10 17:26:00,50.1,49.6,228,190
2024-12-10 17:28:00,49.8,49.8,227,189
2024-12-10 17:30:00,50.1,50.2,228,197
2024-12-10 17:32:00,50.1,49.8,227,196
2024-12-10 17:34:00,50.0,49.8,227,194
2024-12-10 17:36:00,50.0,49.6,228,191
2024-12-10 17:38:00,49.9,49.9,227,197
2024-12-10 17:40:00,50.1,49.8,227,194
2024-12-10 17:42:00,50.0,50.0,228,196
2024-12-10 17:44:00,50.0,49.8,228,197
2024-12-10 17:46:00,49.7,49.9,226,195
2024-12-10 17:48:00,49.8,50.1,228,198
2024-12-10 17:50:00,50.1,49.6,228,191
2024-12-10 17:52:00,49.9,49.7,228,193
2024-12-10 17:54:00,49.6,49.8,228,190
2024-12-10 17:56:00,49.7,49.7,227,190
2024-12-10 17:58:00,49.8,50.2,228,192
2024-12-10 18:00:00,50.0,49.7,231,194
2024-12-10 18:02:00,50.1,49.8,228,191
2024-12-10 18:04:00,49.8,49.9,227,190
2024-12-10 18:06:00,50.2,49.6,228,189
2024-12-10 18:08:00,49.8,49.9,227,187
2024-12-10 18:10:00,50.2,49.5,227,187
2024-12-10 18:12:00,49.9,49.9,228,185
2024-12-10 18:14:00,50.0,49.5,228,184
2024-12-10 18:16:00,49.9,49.4,228,182
2024-12-10 18:18:00,49.9,49.7,228,182
2024-12-10 18:20:00,50.0,49.4,228,185
2024-12-10 18:22:00,50.0,49.6,227,185
2024-12-10 18:24:00,50.0,49.5,232,185
2024-12-10 18:26:00,50.0,49.4,232,183
2024-12-10 18:28:00,50.0,49.3,232,187
2024-12-10 18:30:00,49.9,49.2,231,187
2024-12-10 18:32:00,50.0,49.4,231,182
2024-12-10 18:34:00,50.0,49.4,231,182
2024-12-10 18:36:00,50.0,49.4,231,184
2024-12-10 18:38:00,50.0,49.2,231,182
2024-12-10 18:40:00,50.1,49.5,231,177
2024-12-10 18:42:00,50.0,49.4,231,178
2024-12-10 18:44:00,49.8,49.6,231,179
2024-12-10 18:46:00,50.1,49.3,231,177
2024-12-10 18:48:00,50.0,49.5,231,171
2024-12-10 18:50:00,50.0,49.3,231,168
2024-12-10 18:52:00,50.2,49.3,231,170
2024-12-10 18:54:00,50.0,49.5,231,153
2024-12-10 18:56:00,50.1,49.4,231,158
2024-12-10 18:58:00,50.1,49.5,231,153
2024-12-10 19:00:00,50.0,49.4,231,148
2024-12-10 19:02:00,50.3,49.4,231,161
2024-12-10 19:04:00,50.1,49.3,231,165
2024-12-10 19:06:00,50.1,49.4,231,162
2024-12-10 19:08:00,50.1,49.3,231,168
2024-12-10 19:10:00,50.0,49.3,231,165
2024-12-10 19:12:00,49.9,49.3,231,173
2024-12-10 19:14:00,50.1,49.1,231,174
2024-12-10 19:16:00,49.8,49.5,231,170
2024-12-10 19:18:00,50.0,49.5,231,168
2024-12-10 19:20:00,50.2,49.4,231,168
2024-12-10 19:22:00,50.0,49.5,231,165
2024-12-10 19:24:00,49.9,49.7,231,172
2024-12-10 19:26:00,50.0,49.6,231,170
2024-12-10 19:28:00,49.8,49.6,231,170
2024-12-10 19:30:00,49.9,49.6,231,162
2024-12-10 19:32:00,50.0,49.6,231,166
2024-12-10 19:34:00,50.0,49.8,231,178
2024-12-10 19:36:00,50.0,49.4,231,186
2024-12-10 19:38:00,49.8,49.3,231,182
2024-12-10 19:40:00,49.9,49.7,231,187
2024-12-10 19:42:00,50.0,49.5,231,181
2024-12-10 19:44:00,50.2,49.4,231,185
2024-12-10 19:46:00,49.7,49.4,231,177
2024-12-10 19:48:00,50.1,49.5,231,179
2024-12-10 19:50:00,49.8,49.4,231,177
2024-12-10 19:52:00,50.0,49.7,231,178
2024-12-10 19:54:00,50.2,49.7,231,183
2024-12-10 19:56:00,50.0,49.5,231,178
2024-12-10 19:58:00,50.1,49.3,231,178
2024-12-10 20:00:00,49.7,49.5,231,182
2024-12-10 20:02:00,50.0,49.7,231,181
2024-12-10 20:04:00,50.0,49.9,231,178
2024-12-10 20:06:00,50.0,49.6,231,181
2024-12-10 20:08:00,50.1,49.9,231,190
2024-12-10 20:10:00,50.1,50.0,231,190
2024-12-10 20:12:00,49.9,49.7,232,192
2024-12-10 20:14:00,50.0,49.5,231,187
2024-12-10 20:16:00,49.9,49.5,231,188
2024-12-10 20:18:00,50.0,49.7,231,187
2024-12-10 20:20:00,50.1,49.6,231,189
2024-12-10 20:22:00,50.1,49.6,231,190
2024-12-10 20:24:00,50.0,49.7,231,189
2024-12-10 20:26:00,49.8,49.4,231,186
2024-12-10 20:28:00,50.0,49.4,231,183
2024-12-10 20:30:00,49.9,49.4,231,186
2024-12-10 20:32:00,50.1,49.4,231,192
2024-12-10 20:34:00,50.0,49.2,231,187
2024-12-10 20:36:00,49.8,49.8,231,187
2024-12-10 20:38:00,49.9,49.6,231,188
2024-12-10 20:40:00,50.2,49.1,231,185
2024-12-10 20:42:00,50.1,49.6,231,183
2024-12-10 20:44:00,50.1,49.8,232,186
2024-12-10 20:46:00,50.0,49.5,231,186
2024-12-10 20:48:00,49.9,49.4,231,180
2024-12-10 20:50:00,50.0,49.6,231,184
2024-12-10 20:52:00,50.0,49.9,231,187
2024-12-10 20:54:00,50.1,49.9,231,186
2024-12-10 20:56:00,50.0,49.7,231,173
2024-12-10 20:58:00,49.9,49.5,231,190
2024-12-10 21:00:00,50.0,49.5,231,191
2024-12-10 21:02:00,50.1,49.2,231,193
2024-12-10 21:04:00,49.9,49.9,231,192
2024-12-10 21:06:00,50.3,49.8,231,197
2024-12-10 21:08:00,50.0,50.1,231,194
2024-12-10 21:10:00,49.7,49.8,231,192
2024-12-10 21:12:00,50.2,49.9,231,193
2024-12-10 21:14:00,50.0,49.8,231,193
2024-12-10 21:16:00,49.9,49.8,231,194
2024-12-10 21:18:00,49.9,49.6,231,192
2024-12-10 21:20:00,49.9,50.0,231,194
2024-12-10 21:22:00,50.0,50.0,231,194
2024-12-10 21:24:00,50.0,50.1,231,193
2024-12-10 21:26:00,50.0,50.0,231,190
2024-12-10 21:28:00,49.9,50.1,231,197
2024-12-10 21:30:00,50.0,50.3,231,197
2024-12-10 21:32:00,50.1,49.8,231,201
2024-12-10 21:34:00,49.9,49.8,231,202
2024-12-10 21:36:00,50.2,49.8,231,202
2024-12-10 21:38:00,50.1,50.2,231,200
2024-12-10 21:40:00,50.0,50.1,231,203
2024-12-10 21:42:00,49.9,50.0,231,205
2024-12-10 21:44:00,50.0,49.9,231,205
2024-12-10 21:46:00,49.9,50.0,231,202
2024-12-10 21:48:00,49.9,49.9,231,201
2024-12-10 21:50:00,49.9,50.2,231,199
2024-12-10 21:52:00,49.9,50.4,231,203
2024-12-10 21:54:00,50.3,50.2,232,203
2024-12-10 21:56:00,49.9,50.3,231,204
2024-12-10 21:58:00,49.9,50.0,231,203
2024-12-10 22:00:00,49.8,49.7,228,202
2024-12-10 22:02:00,50.2,49.8,230,201
2024-12-10 22:04:00,49.9,50.2,230,201
2024-12-10 22:06:00,49.9,50.1,230,206
2024-12-10 22:08:00,50.0,50.1,230,201
2024-12-10 22:10:00,49.8,50.3,230,202
2024-12-10 22:12:00,49.9,50.0,231,205
2024-12-10 22:14:00,49.9,50.3,230,205
2024-12-10 22:16:00,49.8,50.2,230,207
2024-12-10 22:18:00,49.9,50.3,230,205
2024-12-10 22:20:00,49.9,50.2,231,201
2024-12-10 22:22:00,49.9,50.1,230,205
2024-12-10 22:24:00,50.0,50.3,231,204
2024-12-10 22:26:00,50.1,50.6,230,207
2024-12-10 22:28:00,49.9,50.3,230,206
2024-12-10 22:30:00,49.7,50.0,231,208
2024-12-10 22:32:00,50.1,50.3,230,208
2024-12-10 22:34:00,50.0,50.3,231,208
2024-12-10 22:36:00,49.9,50.3,230,209
2024-12-10 22:38:00,50.0,50.1,231,211
2024-12-10 22:40:00,50.0,50.1,230,210
2024-12-10 22:42:00,50.0,50.0,230,209
2024-12-10 22:44:00,50.0,50.4,231,209
2024-12-10 22:46:00,49.9,50.7,230,210
2024-12-10 22:48:00,50.0,50.1,230,206
2024-12-10 22:50:00,50.1,50.0,230,205
2024-12-10 22:52:00,50.2,50.1,231,207
2024-12-10 22:54:00,50.0,50.1,230,210
2024-12-10 22:56:00,50.1,50.3,230,211
2024-12-10 22:58:00,50.1,50.1,230,209
2024-12-10 23:00:00,50.1,50.2,230,210
2024-12-10 23:02:00,50.0,50.3,230,212
2024-12-10 23:04:00,49.7,50.5,230,211
2024-12-10 23:06:00,50.0,50.2,231,211
2024-12-10 23:08:00,50.0,50.2,230,210
2024-12-10 23:10:00,50.0,50.1,231,214
2024-12-10 23:12:00,49.9,50.5,230,214
2024-12-10 23:14:00,49.9,50.5,230,211
2024-12-10 23:16:00,50.0,50.3,230,214
2024-12-10 23:18:00,49.8,50.3,230,214
2024-12-10 23:20:00,50.0,50.0,231,214
2024-12-10 23:22:00,50.0,50.5,230,214
2024-12-10 23:24:00,50.1,50.2,230,214
2024-12-10 23:26:00,50.0,50.4,230,215
2024-12-10 23:28:00,50.0,50.5,231,214
2024-12-10 23:30:00,50.0,50.3,230,213
2024-12-10 23:32:00,50.0,50.1,231,213
2024-12-10 23:34:00,50.0,50.5,230,214
2024-12-10 23:36:00,50.1,50.8,230,214
2024-12-10 23:38:00,50.2,50.2,230,211
2024-12-10 23:40:00,50.0,50.4,230,216
2024-12-10 23:42:00,50.0,50.5,231,216
2024-12-10 23:44:00,49.9,50.2,230,216
2024-12-10 23:46:00,49.9,50.2,231,215
2024-12-10 23:48:00,50.0,50.3,231,215
2024-12-10 23:50:00,49.8,50.5,231,215
2024-12-10 23:52:00,50.0,50.6,231,214
2024-12-10 23:54:00,49.9,50.5,231,214
2024-12-10 23:56:00,99.1,50.4,230,215
2024-12-10 23:58:00,49.9,50.5,231,218
2024-12-11 00:00:00,49.9,50.3,230,217
2024-12-11 00:02:00,50.0,50.4,230,216
2024-12-11 00:04:00,50.0,50.1,230,217
2024-12-11 00:06:00,50.1,50.6,230,216
2024-12-11 00:08:00,50.0,50.9,231,217
2024-12-11 00:10:00,49.6,50.5,230,216
2024-12-11 00:12:00,49.8,50.7,231,219
2024-12-11 00:14:00,50.0,50.3,230,219
2024-12-11 00:16:00,50.0,50.2,231,216
2024-12-11 00:18:00,50.1,49.4,231,216
2024-12-11 00:20:00,50.2,50.5,230,219
2024-12-11 00:22:00,50.0,50.2,230,218
2024-12-11 00:24:00,50.0,50.0,230,217
2024-12-11 00:26:00,49.8,49.8,230,216
2024-12-11 00:28:00,49.9,50.3,230,219
2024-12-11 00:30:00,50.1,50.7,231,221
2024-12-11 00:32:00,49.9,50.7,230,220
2024-12-11 00:34:00,50.2,50.2,231,218
2024-12-11 00:36:00,50.1,50.8,230,219
2024-12-11 00:38:00,50.0,50.1,230,216
2024-12-11 00:40:00,49.9,50.3,231,217
2024-12-11 00:42:00,49.9,50.2,231,217
2024-12-11 00:44:00,50.0,50.3,231,220
2024-12-11 00:46:00,50.0,50.2,230,220
2024-12-11 00:48:00,50.0,50.8,231,220
2024-12-11 00:50:00,50.0,50.3,230,219
2024-12-11 00:52:00,50.0,50.7,231,219
2024-12-11 00:54:00,50.0,50.6,230,219
2024-12-11 00:56:00,50.0,50.5,231,219
2024-12-11 00:58:00,49.9,50.2,231,219
2024-12-11 01:00:00,50.1,50.3,231,219
2024-12-11 01:02:00,49.9,50.5,231,221
2024-12-11 01:04:00,50.1,50.7,230,219
2024-12-11 01:06:00,50.0,50.5,231,221
2024-12-11 01:08:00,50.0,50.4,230,220
2024-12-11 01:10:00,50.1,50.7,231,221
2024-12-11 01:12:00,49.9,50.3,231,221
2024-12-11 01:14:00,50.1,50.1,231,219
2024-12-11 01:16:00,49.8,50.9,230,221
2024-12-11 01:18:00,50.0,50.8,230,219
2024-12-11 01:20:00,49.8,50.7,230,222
2024-12-11 01:22:00,50.0,50.3,231,219
2024-12-11 01:24:00,50.0,50.0,231,219
2024-12-11 01:26:00,49.9,50.3,230,220
2024-12-11 01:28:00,49.9,50.3,231,219
2024-12-11 01:30:00,49.9,50.6,230,221
2024-12-11 01:32:00,50.0,50.7,230,221
2024-12-11 01:34:00,49.9,50.5,231,220
2024-12-11 01:36:00,50.0,50.6,231,221
2024-12-11 01:38:00,49.7,50.2,231,220
2024-12-11 01:40:00,50.1,49.6,231,219
2024-12-11 01:42:00,49.8,49.1,231,219
2024-12-11 01:44:00,50.2,49.4,231,219
2024-12-11 01:46:00,49.9,49.9,231,221
2024-12-11 01:48:00,49.8,49.4,231,219
2024-12-11 01:50:00,49.8,49.8,231,221
2024-12-11 01:52:00,50.0,49.3,231,219
2024-12-11 01:54:00,49.9,50.0,230,222
2024-12-11 01:56:00,50.0,49.6,231,220
2024-12-11 01:58:00,49.9,49.4,230,219
2024-12-11 02:00:00,50.0,49.5,231,219
2024-12-11 02:02:00,50.0,49.8,231,220
2024-12-11 02:04:00,50.0,49.5,231,219
2024-12-11 02:06:00,49.8,50.1,230,220
2024-12-11 02:08:00,50.1,49.5,231,219
2024-12-11 02:10:00,50.1,49.4,230,221
2024-12-11 02:12:00,50.0,49.5,230,221
2024-12-11 02:14:00,50.0,49.4,230,221
2024-12-11 02:16:00,50.0,49.3,230,221
2024-12-11 02:18:00,49.9,49.5,231,221
2024-12-11 02:20:00,49.9,49.6,230,221
2024-12-11 02:22:00,49.7,49.8,231,221
2024-12-11 02:24:00,49.9,49.6,230,221
2024-12-11 02:26:00,49.9,49.5,231,221
2024-12-11 02:28:00,50.0,49.5,231,221
2024-12-11 02:30:00,49.8,49.5,230,219
2024-12-11 02:32:00,50.2,49.3,231,219
2024-12-11 02:34:00,49.9,49.5,230,219
2024-12-11 02:36:00,50.0,49.9,231,220
2024-12-11 02:38:00,49.8,49.5,231,219
2024-12-11 02:40:00,50.0,49.9,231,221
2024-12-11 02:42:00,50.0,49.2,231,220
2024-12-11 02:44:00,49.8,49.2,231,221
2024-12-11 02:46:00,50.0,49.7,230,222
2024-12-11 02:48:00,49.9,49.5,230,221
2024-12-11 02:50:00,49.9,49.1,231,219
2024-12-11 02:52:00,50.0,49.8,230,221
2024-12-11 02:54:00,50.1,49.9,231,220
2024-12-11 02:56:00,50.0,49.8,230,221
2024-12-11 02:58:00,49.9,49.5,231,219
2024-12-11 03:00:00,50.0,49.6,230,221
2024-12-11 03:02:00,50.0,49.4,231,221
2024-12-11 03:04:00,49.9,49.6,230,221
2024-12-11 03:06:00,50.2,50.0,231,221
2024-12-11 03:08:00,49.8,49.7,230,220
2024-12-11 03:10:00,99.8,49.7,230,219
2024-12-11 03:12:00,50.1,49.5,231,220
2024-12-11 03:14:00,50.1,49.5,231,220
2024-12-11 03:16:00,49.8,49.3,230,219
2024-12-11 03:18:00,49.9,50.2,230,223
2024-12-11 03:20:00,50.0,49.6,230,219
2024-12-11 03:22:00,50.0,49.7,230,220
2024-12-11 03:24:00,50.1,49.4,230,218
2024-12-11 03:26:00,50.0,49.4,231,219
2024-12-11 03:28:00,50.0,49.3,230,219
2024-12-11 03:30:00,49.9,49.5,231,217
2024-12-11 03:32:00,50.0,49.6,231,218
2024-12-11 03:34:00,50.0,49.6,231,219
2024-12-11 03:36:00,50.0,49.7,230,219
2024-12-11 03:38:00,50.0,49.6,231,216
2024-12-11 03:40:00,49.9,49.6,230,218
2024-12-11 03:42:00,50.1,49.5,230,219
2024-12-11 03:44:00,50.1,49.5,231,219
2024-12-11 03:46:00,99.1,49.5,230,219
2024-12-11 03:48:00,50.0,49.4,231,217
2024-12-11 03:50:00,49.9,50.0,230,220
2024-12-11 03:52:00,50.0,49.8,231,218
2024-12-11 03:54:00,49.9,49.8,231,218
2024-12-11 03:56:00,49.8,49.4,231,218
2024-12-11 03:58:00,50.0,49.5,230,218
2024-12-11 04:00:00,50.0,49.3,230,217
2024-12-11 04:02:00,50.0,50.0,230,218
2024-12-11 04:04:00,50.0,49.8,230,214
2024-12-11 04:06:00,50.0,49.8,231,221
2024-12-11 04:08:00,49.8,49.6,230,219
2024-12-11 04:10:00,50.0,49.6,231,219
2024-12-11 04:12:00,50.2,50.0,231,220
2024-12-11 04:14:00,50.0,49.4,231,219
2024-12-11 04:16:00,50.0,49.7,230,218
2024-12-11 04:18:00,49.8,49.8,230,217
2024-12-11 04:20:00,50.1,49.7,230,217
2024-12-11 04:22:00,50.1,49.9,231,218
2024-12-11 04:24:00,50.0,49.7,231,221
2024-12-11 04:26:00,50.0,49.9,231,220
2024-12-11 04:28:00,50.0,49.4,231,219
2024-12-11 04:30:00,50.0,49.6,230,219
2024-12-11 04:32:00,49.9,49.4,230,219
2024-12-11 04:34:00,49.9,49.5,230,219
2024-12-11 04:36:00,50.0,49.5,231,219
2024-12-11 04:38:00,50.0,49.7,230,219
2024-12-11 04:40:00,50.0,50.0,230,222
2024-12-11 04:42:00,49.9,50.0,231,221
2024-12-11 04:44:00,49.9,49.8,231,219
2024-12-11 04:46:00,49.9,49.5,231,218
2024-12-11 04:48:00,50.0,49.6,230,218
2024-12-11 04:50:00,50.0,49.6,231,218
2024-12-11 04:52:00,50.0,49.7,230,219
2024-12-11 04:54:00,50.0,49.5,230,217
2024-12-11 04:56:00,49.7,50.0,230,219
2024-12-11 04:58:00,50.1,50.2,231,219
2024-12-11 05:00:00,50.2,50.1,230,218
2024-12-11 05:02:00,50.1,50.2,230,218
2024-12-11 05:04:00,49.8,50.0,231,217
2024-12-11 05:06:00,50.1,49.9,231,219
2024-12-11 05:08:00,50.1,49.8,230,219
2024-12-11 05:10:00,50.1,50.2,230,219
2024-12-11 05:12:00,50.2,50.1,231,220
2024-12-11 05:14:00,49.9,50.1,231,219
2024-12-11 05:16:00,49.9,50.1,231,219
2024-12-11 05:18:00,49.9,50.0,231,219
2024-12-11 05:20:00,49.8,49.8,227,219
2024-12-11 05:22:00,50.0,50.1,228,217
2024-12-11 05:24:00,49.8,49.9,228,216
2024-12-11 05:26:00,50.0,50.0,228,216
2024-12-11 05:28:00,49.9,49.7,227,216
2024-12-11 05:30:00,50.0,49.8,227,214
2024-12-11 05:32:00,50.2,50.0,228,214
2024-12-11 05:34:00,49.9,49.8,228,211
2024-12-11 05:36:00,49.9,49.9,228,211
2024-12-11 05:38:00,50.0,49.7,228,214
2024-12-11 05:40:00,49.9,49.8,228,211
2024-12-11 05:42:00,50.1,49.7,228,211
2024-12-11 05:44:00,50.0,49.8,228,212
2024-12-11 05:46:00,49.9,49.6,227,211
2024-12-11 05:48:00,50.0,49.9,227,208
2024-12-11 05:50:00,49.9,49.7,228,206
2024-12-11 05:52:00,49.8,49.8,228,207
2024-12-11 05:54:00,50.1,49.9,228,205
2024-12-11 05:56:00,49.8,49.8,228,208
2024-12-11 05:58:00,49.9,49.7,228,209
2024-12-11 06:00:00,50.0,49.6,228,207
2024-12-11 06:02:00,50.0,49.5,227,204
2024-12-11 06:04:00,49.9,49.4,228,202
2024-12-11 06:06:00,50.0,49.8,228,202
2024-12-11 06:08:00,50.0,49.6,228,200
2024-12-11 06:10:00,50.0,50.0,227,197
2024-12-11 06:12:00,49.9,49.5,228,194
2024-12-11 06:14:00,49.9,49.6,228,194
2024-12-11 06:16:00,50.0,49.4,227,190
2024-12-11 06:18:00,50.0,49.6,228,196
2024-12-11 06:20:00,50.1,49.8,228,190
2024-12-11 06:22:00,50.0,49.7,228,200
2024-12-11 06:24:00,50.0,49.7,228,194
2024-12-11 06:26:00,50.1,49.6,228,199
2024-12-11 06:28:00,50.0,49.7,228,195
2024-12-11 06:30:00,49.8,49.6,228,201
2024-12-11 06:32:00,49.9,49.8,228,207
2024-12-11 06:34:00,49.9,49.7,228,197
2024-12-11 06:36:00,50.0,49.9,227,199
2024-12-11 06:38:00,49.9,49.6,228,195
2024-12-11 06:40:00,49.8,49.4,228,198
2024-12-11 06:42:00,50.0,49.7,228,198
2024-12-11 06:44:00,50.1,49.7,228,194
2024-12-11 06:46:00,49.7,49.7,228,202
2024-12-11 06:48:00,50.2,49.9,228,195
2024-12-11 06:50:00,49.8,49.7,227,202
2024-12-11 06:52:00,50.0,49.7,227,198
2024-12-11 06:54:00,50.0,49.8,228,199
2024-12-11 06:56:00,50.0,49.7,227,198
2024-12-11 06:58:00,49.8,49.8,227,199
2024-12-11 07:00:00,50.0,49.7,228,202
2024-12-11 07:02:00,49.8,49.7,228,202
2024-12-11 07:04:00,50.0,49.4,227,201
2024-12-11 07:06:00,50.0,49.6,228,204
2024-12-11 07:08:00,50.0,49.5,227,202
2024-12-11 07:10:00,49.8,50.1,228,199
2024-12-11 07:12:00,49.8,49.8,227,207
2024-12-11 07:14:00,49.9,49.8,227,211
2024-12-11 07:16:00,50.1,50.0,227,204
2024-12-11 07:18:00,50.0,49.6,227,204
2024-12-11 07:20:00,49.9,50.0,227,200
2024-12-11 07:22:00,50.2,50.0,227,204
2024-12-11 07:24:00,50.0,49.8,227,202
2024-12-11 07:26:00,50.2,49.6,227,203
2024-12-11 07:28:00,50.1,49.6,227,199
2024-12-11 07:30:00,50.1,49.7,227,199
2024-12-11 07:32:00,50.0,49.9,227,192
2024-12-11 07:34:00,50.1,49.6,227,190
2024-12-11 07:36:00,50.0,49.7,228,190
2024-12-11 07:38:00,100,49.5,227,194
2024-12-11 07:40:00,49.9,49.5,227,194
2024-12-11 07:42:00,50.0,49.6,227,194
2024-12-11 07:44:00,50.0,49.9,227,193
2024-12-11 07:46:00,50.1,49.7,227,189
2024-12-11 07:48:00,50.0,49.6,227,196
2024-12-11 07:50:00,50.1,49.7,228,199
2024-12-11 07:52:00,50.0,49.8,227,193
2024-12-11 07:54:00,49.8,49.5,228,201
2024-12-11 07:56:00,50.0,49.7,228,199
2024-12-11 07:58:00,49.9,49.8,227,198
2024-12-11 08:00:00,50.1,49.4,228,186
2024-12-11 08:02:00,50.0,49.8,228,182
2024-12-11 08:04:00,49.8,49.8,228,187
2024-12-11 08:06:00,50.2,49.5,228,191
2024-12-11 08:08:00,49.9,49.7,227,192
2024-12-11 08:10:00,49.7,49.8,227,197
2024-12-11 08:12:00,49.9,49.7,227,197
2024-12-11 08:14:00,49.8,49.6,227,195
2024-12-11 08:16:00,50.0,49.6,228,193
2024-12-11 08:18:00,50.0,49.8,228,192
2024-12-11 08:20:00,49.8,49.6,227,193
2024-12-11 08:22:00,49.9,49.7,227,199
2024-12-11 08:24:00,50.1,50.0,227,196
2024-12-11 08:26:00,49.8,49.8,227,199
2024-12-11 08:28:00,50.0,49.8,228,204
2024-12-11 08:30:00,49.8,49.7,227,204
2024-12-11 08:32:00,49.8,50.1,228,197
2024-12-11 08:34:00,49.9,49.8,228,192
2024-12-11 08:36:00,49.9,49.9,228,194
2024-12-11 08:38:00,49.9,49.8,228,187
2024-12-11 08:40:00,50.2,49.8,228,195
2024-12-11 08:42:00,50.0,50.2,227,198
2024-12-11 08:44:00,49.9,50.4,227,191
2024-12-11 08:46:00,50.0,50.3,227,194
2024-12-11 08:48:00,49.9,49.6,227,187
2024-12-11 08:50:00,50.1,50.1,227,187
2024-12-11 08:52:00,50.1,49.6,227,198
2024-12-11 08:54:00,50.0,49.6,227,194
2024-12-11 08:56:00,50.0,49.9,226,192
2024-12-11 08:58:00,49.9,49.8,227,187
2024-12-11 09:00:00,49.8,49.5,227,184
2024-12-11 09:02:00,50.0,49.5,227,188
2024-12-11 09:04:00,50.0,49.3,227,194
2024-12-11 09:06:00,49.9,49.6,227,189
2024-12-11 09:08:00,50.1,49.6,227,179
2024-12-11 09:10:00,50.0,49.5,227,194
2024-12-11 09:12:00,50.0,49.6,227,184
2024-12-11 09:14:00,50.0,49.8,227,189
2024-12-11 09:16:00,49.9,49.6,227,190
2024-12-11 09:18:00,50.0,49.9,226,185
2024-12-11 09:20:00,50.0,49.3,227,182
2024-12-11 09:22:00,49.9,49.7,227,189
2024-12-11 09:24:00,49.9,49.5,227,182
2024-12-11 09:26:00,49.8,49.4,227,183
2024-12-11 09:28:00,50.0,49.4,227,181
2024-12-11 09:30:00,50.0,49.3,227,185
2024-12-11 09:32:00,49.8,49.6,227,180
2024-12-11 09:34:00,50.0,49.1,227,187
2024-12-11 09:36:00,49.9,49.3,228,183
2024-12-11 09:38:00,50.0,49.2,227,175
2024-12-11 09:40:00,49.9,49.3,227,187
2024-12-11 09:42:00,50.0,49.3,227,185
2024-12-11 09:44:00,49.9,49.7,227,182
2024-12-11 09:46:00,50.1,49.5,227,188
2024-12-11 09:48:00,50.0,49.5,227,186
2024-12-11 09:50:00,50.1,49.3,227,185
2024-12-11 09:52:00,50.0,49.6,227,182
2024-12-11 09:54:00,50.2,49.5,227,188
2024-12-11 09:56:00,50.0,49.5,227,187
2024-12-11 09:58:00,50.2,49.4,227,190
2024-12-11 10:00:00,50.0,49.8,228,191
2024-12-11 10:02:00,50.1,49.5,227,189
2024-12-11 10:04:00,49.9,49.5,227,190
2024-12-11 10:06:00,50.0,49.6,228,185
2024-12-11 10:08:00,50.0,49.4,228,180
2024-12-11 10:10:00,50.0,49.3,227,190
2024-12-11 10:12:00,50.1,49.5,227,182
2024-12-11 10:14:00,50.0,49.4,227,186
2024-12-11 10:16:00,50.2,49.6,227,186
2024-12-11 10:18:00,50.0,49.5,227,189
2024-12-11 10:20:00,49.9,49.4,228,182
2024-12-11 10:22:00,49.8,49.8,227,190
2024-12-11 10:24:00,50.1,49.2,228,182
2024-12-11 10:26:00,49.9,49.6,227,179
2024-12-11 10:28:00,50.0,49.1,227,180
2024-12-11 10:30:00,50.0,49.6,227,189
2024-12-11 10:32:00,50.1,49.3,227,185
2024-12-11 10:34:00,50.0,49.3,227,188
2024-12-11 10:36:00,49.8,49.4,227,186
2024-12-11 10:38:00,50.0,49.3,227,188
2024-12-11 10:40:00,49.9,49.5,227,185
2024-12-11 10:42:00,50.0,49.8,227,184
2024-12-11 10:44:00,49.9,49.3,227,185
2024-12-11 10:46:00,50.0,49.2,227,185
2024-12-11 10:48:00,50.0,49.9,227,190
2024-12-11 10:50:00,50,49.3,227,185
2024-12-11 10:52:00,50.1,49.2,227,174
2024-12-11 10:54:00,50.0,49.5,227,177
2024-12-11 10:56:00,50.0,49.3,227,180
2024-12-11 10:58:00,50.1,49.5,227,186
2024-12-11 11:00:00,50.0,49.2,227,184
2024-12-11 11:02:00,49.9,49.2,227,182
2024-12-11 11:04:00,49.9,49.5,227,178
2024-12-11 11:06:00,49.9,49.7,227,182
2024-12-11 11:08:00,49.9,49.2,227,180
2024-12-11 11:10:00,49.8,49.1,227,183
2024-12-11 11:12:00,50.0,49.5,227,181
2024-12-11 11:14:00,49.8,49.4,227,182
2024-12-11 11:16:00,49.8,49.5,227,183
2024-12-11 11:18:00,50.0,48.9,227,187
2024-12-11 11:20:00,49.8,49.5,227,178
2024-12-11 11:22:00,50.0,49.2,227,186
2024-12-11 11:24:00,50.0,49.1,227,189
2024-12-11 11:26:00,49.9,49.4,227,188
2024-12-11 11:28:00,49.9,48.8,227,188
2024-12-11 11:30:00,50.0,49.5,228,185
2024-12-11 11:32:00,49.8,49.2,228,187
2024-12-11 11:34:00,49.9,49.2,228,188
2024-12-11 11:36:00,49.9,48.8,227,187
2024-12-11 11:38:00,49.9,49.5,227,187
2024-12-11 11:40:00,50.1,49.3,227,187
2024-12-11 11:42:00,50.2,49.3,227,190
2024-12-11 11:44:00,50.0,49.6,227,184
2024-12-11 11:46:00,50.0,49.3,228,177
2024-12-11 11:48:00,50.1,49.6,227,184
2024-12-11 11:50:00,50.2,49.3,227,185
2024-12-11 11:52:00,50.1,49.7,227,188
2024-12-11 11:54:00,50.0,49.1,227,187
2024-12-11 11:56:00,50.0,49.6,227,189
2024-12-11 11:58:00,50.0,49.0,227,189
2024-12-11 12:00:00,49.9,49.2,229,192
2024-12-11 12:02:00,50.1,49.4,228,191
2024-12-11 12:04:00,50.0,49.1,228,190
2024-12-11 12:06:00,50.1,49.4,228,187
2024-12-11 12:08:00,50.0,49.8,231,193
2024-12-11 12:10:00,50.0,49.0,228,187
2024-12-11 12:12:00,49.9,49.3,228,187
2024-12-11 12:14:00,50.0,49.6,228,186
2024-12-11 12:16:00,49.8,48.9,228,194
2024-12-11 12:18:00,50.1,49.4,228,196
2024-12-11 12:20:00,50.0,49.6,228,197
2024-12-11 12:22:00,49.8,49.5,228,193
2024-12-11 12:24:00,50.2,49.7,228,192
2024-12-11 12:26:00,50.1,49.5,229,192
2024-12-11 12:28:00,50.0,49.4,228,185
2024-12-11 12:30:00,50.1,49.8,228,190
2024-12-11 12:32:00,50.0,49.6,228,187
2024-12-11 12:34:00,49.7,49.2,228,187
2024-12-11 12:36:00,50.1,49.5,228,192
2024-12-11 12:38:00,50.0,49.5,228,190
2024-12-11 12:40:00,49.9,49.3,228,195
2024-12-11 12:42:00,50.0,49.4,228,193
2024-12-11 12:44:00,50.0,49.2,228,185
2024-12-11 12:46:00,49.9,49.4,228,181
2024-12-11 12:48:00,49.8,49.4,228,189
2024-12-11 12:50:00,49.9,49.5,228,185
2024-12-11 12:52:00,50.1,49.6,228,194
2024-12-11 12:54:00,49.9,49.7,228,187
2024-12-11 12:56:00,50.0,49.8,228,187
2024-12-11 12:58:00,50.0,49.0,228,184
2024-12-11 13:00:00,50.0,49.5,228,192
2024-12-11 13:02:00,50.0,49.7,228,193
2024-12-11 13:04:00,49.9,49.2,228,189
2024-12-11 13:06:00,49.8,49.3,228,186
2024-12-11 13:08:00,50.0,49.5,228,183
2024-12-11 13:10:00,50.2,49.5,228,187
2024-12-11 13:12:00,50.0,49.6,228,184
2024-12-11 13:14:00,50.1,49.2,228,185
2024-12-11 13:16:00,49.8,49.4,228,181
2024-12-11 13:18:00,50.1,49.3,228,178
2024-12-11 13:20:00,49.8,49.2,228,177
2024-12-11 13:22:00,50.0,48.9,233,178
2024-12-11 13:24:00,50.0,49.0,233,178
2024-12-11 13:26:00,50.0,49.6,232,185
2024-12-11 13:28:00,50.0,49.5,232,183
2024-12-11 13:30:00,50.2,49.3,232,182
2024-12-11 13:32:00,49.9,48.8,232,185
2024-12-11 13:34:00,50.2,49.5,232,185
2024-12-11 13:36:00,49.9,49.3,233,176
2024-12-11 13:38:00,49.9,49.0,233,183
2024-12-11 13:40:00,49.9,49.4,232,182
2024-12-11 13:42:00,49.9,49.3,232,189
2024-12-11 13:44:00,50.0,49.4,232,189
2024-12-11 13:46:00,49.7,49.5,232,189
2024-12-11 13:48:00,50.0,49.6,232,190
2024-12-11 13:50:00,50.0,49.2,233,185
2024-12-11 13:52:00,50.1,49.2,232,189
2024-12-11 13:54:00,50.0,49.3,232,182
2024-12-11 13:56:00,50.1,49.4,233,190
2024-12-11 13:58:00,49.9,49.3,233,188
2024-12-11 14:00:00,49.8,48.8,232,188
2024-12-11 14:02:00,50.1,48.8,232,187
2024-12-11 14:04:00,50.1,49.5,233,189
2024-12-11 14:06:00,50.0,49.5,232,194
2024-12-11 14:08:00,49.9,48.9,232,187
2024-12-11 14:10:00,49.9,49.4,232,186
2024-12-11 14:12:00,50.2,49.5,232,187
2024-12-11 14:14:00,49.8,49.5,232,184
2024-12-11 14:16:00,49.7,49.6,232,183
2024-12-11 14:18:00,49.9,49.7,233,185
2024-12-11 14:20:00,49.9,49.8,232,185
2024-12-11 14:22:00,49.8,49.7,232,187
2024-12-11 14:24:00,49.9,49.4,233,184
2024-12-11 14:26:00,50.0,49.2,232,187
2024-12-11 14:28:00,49.8,49.8,232,190
2024-12-11 14:30:00,50.0,50.2,232,194
2024-12-11 14:32:00,49.9,49.9,233,191
2024-12-11 14:34:00,50.0,49.6,232,195
2024-12-11 14:36:00,49.8,49.6,232,192
2024-12-11 14:38:00,49.9,49.6,233,193
2024-12-11 14:40:00,50.0,49.7,232,185
2024-12-11 14:42:00,50.1,49.5,233,197
2024-12-11 14:44:00,50.0,50.0,232,197
2024-12-11 14:46:00,50.0,50.0,232,194
2024-12-11 14:48:00,49.8,49.3,232,193
2024-12-11 14:50:00,50.0,49.5,232,189
2024-12-11 14:52:00,50.0,49.9,233,190
2024-12-11 14:54:00,50.2,49.6,232,189
2024-12-11 14:56:00,50.0,49.7,232,187
2024-12-11 14:58:00,50.1,49.5,232,188
2024-12-11 15:00:00,50.0,49.8,233,190
2024-12-11 15:02:00,50.0,49.7,233,185
2024-12-11 15:04:00,50.1,49.4,232,183
2024-12-11 15:06:00,50.0,49.6,232,184
2024-12-11 15:08:00,49.7,49.0,232,179
2024-12-11 15:10:00,50.0,49.5,232,181
2024-12-11 15:12:00,50.0,49.3,232,185
2024-12-11 15:14:00,49.8,49.3,232,188
2024-12-11 15:16:00,50.1,49.2,232,186
2024-12-11 15:18:00,50.2,49.3,232,187
2024-12-11 15:20:00,49.9,48.7,228,187
2024-12-11 15:22:00,50.0,49.0,228,190
2024-12-11 15:24:00,49.8,49.6,228,188
2024-12-11 15:26:00,50.0,49.2,228,192
2024-12-11 15:28:00,50.0,49.2,228,194
2024-12-11 15:30:00,49.8,49.2,228,192
2024-12-11 15:32:00,50.0,49.2,228,192
2024-12-11 15:34:00,49.9,49.0,228,192
2024-12-11 15:36:00,50.3,49.0,228,193
2024-12-11 15:38:00,50.3,49.5,228,192
2024-12-11 15:40:00,50.0,49.5,228,190
2024-12-11 15:42:00,49.9,49.5,228,191
2024-12-11 15:44:00,49.9,48.9,228,191
2024-12-11 15:46:00,50.0,49.4,228,194
2024-12-11 15:48:00,50.0,49.2,228,190
2024-12-11 15:50:00,49.8,49.3,228,192
2024-12-11 15:52:00,49.9,49.1,228,190
2024-12-11 15:54:00,50.3,49.2,228,191
2024-12-11 15:56:00,50.0,49.5,228,189
2024-12-11 15:58:00,50.0,49.2,228,192
2024-12-11 16:00:00,49.9,49.2,228,189
2024-12-11 16:02:00,50.0,49.4,228,193
2024-12-11 16:04:00,50.1,49.3,228,196
2024-12-11 16:06:00,50.1,49.2,228,189
2024-12-11 16:08:00,50.1,49.6,228,182
2024-12-11 16:10:00,49.9,48.9,228,187
2024-12-11 16:12:00,49.8,49.3,228,187
2024-12-11 16:14:00,50.1,49.1,228,190
2024-12-11 16:16:00,49.8,49.3,228,189
2024-12-11 16:18:00,50.1,49.4,228,187
2024-12-11 16:20:00,50.2,49.2,228,179
2024-12-11 16:22:00,50.0,49.3,228,174
2024-12-11 16:24:00,50.1,49.2,228,174
2024-12-11 16:26:00,50.0,49.2,228,175
2024-12-11 16:28:00,50.0,49.1,228,180
2024-12-11 16:30:00,49.9,49.2,228,178
2024-12-11 16:32:00,50.0,49.7,228,178
2024-12-11 16:34:00,49.8,49.5,228,176
2024-12-11 16:36:00,50.0,50.0,228,178
2024-12-11 16:38:00,50.0,50.2,228,182
2024-12-11 16:40:00,50.0,49.7,228,178
2024-12-11 16:42:00,49.8,50.2,228,180
2024-12-11 16:44:00,50.2,49.8,228,177
2024-12-11 16:46:00,49.8,49.6,228,180
2024-12-11 16:48:00,49.9,50.2,228,182
2024-12-11 16:50:00,49.7,49.9,228,182
2024-12-11 16:52:00,50.1,49.8,228,187
2024-12-11 16:54:00,50.0,49.8,228,184
2024-12-11 16:56:00,50.0,49.6,228,185
2024-12-11 16:58:00,50.3,50.1,228,183
2024-12-11 17:00:00,49.9,49.6,228,185
2024-12-11 17:02:00,50.0,50.2,228,190
2024-12-11 17:04:00,50.0,50.1,228,186
2024-12-11 17:06:00,50.0,49.9,228,187
2024-12-11 17:08:00,49.8,50.0,229,188
2024-12-11 17:10:00,50.0,49.8,228,188
2024-12-11 17:12:00,49.8,49.8,228,192
2024-12-11 17:14:00,50.0,50.2,228,189
2024-12-11 17:16:00,49.9,50.1,228,187
2024-12-11 17:18:00,50.0,50.0,228,193
2024-12-11 17:20:00,50.1,49.8,228,189
2024-12-11 17:22:00,50.0,49.8,228,180
2024-12-11 17:24:00,50.0,49.9,228,186
2024-12-11 17:26:00,50.0,50.2,228,191
2024-12-11 17:28:00,50.0,49.9,228,189
2024-12-11 17:30:00,50.0,49.8,228,182
2024-12-11 17:32:00,50.0,49.7,228,180
2024-12-11 17:34:00,49.9,50.1,228,182
2024-12-11 17:36:00,49.8,49.8,228,187
2024-12-11 17:38:00,50.0,49.6,228,184
2024-12-11 17:40:00,50.0,49.9,228,185
2024-12-11 17:42:00,49.7,49.8,228,182
2024-12-11 17:44:00,50.2,50.2,228,189
2024-12-11 17:46:00,50.0,50.1,233,184
2024-12-11 17:48:00,50.1,50.0,233,185
2024-12-11 17:50:00,50.0,49.6,233,187
2024-12-11 17:52:00,50.0,50.0,232,189
2024-12-11 17:54:00,49.9,49.8,232,188
2024-12-11 17:56:00,50.2,50.1,232,192
2024-12-11 17:58:00,49.8,50.0,233,190
2024-12-11 18:00:00,50.1,49.7,233,183
2024-12-11 18:02:00,50.0,49.9,232,185
2024-12-11 18:04:00,50.1,49.8,233,187
2024-12-11 18:06:00,49.7,50.0,233,187
2024-12-11 18:08:00,50.0,49.8,232,185
2024-12-11 18:10:00,49.9,50.0,233,190
2024-12-11 18:12:00,50.3,49.8,232,193
2024-12-11 18:14:00,50.1,49.5,232,190
2024-12-11 18:16:00,50.0,49.6,233,185
2024-12-11 18:18:00,49.8,49.7,233,185
2024-12-11 18:20:00,49.9,49.4,232,182
2024-12-11 18:22:00,49.8,49.5,232,181
2024-12-11 18:24:00,50.0,49.7,232,180
2024-12-11 18:26:00,50.0,49.8,233,185
2024-12-11 18:28:00,50.0,49.3,231,190
2024-12-11 18:30:00,50.0,49.6,232,183
2024-12-11 18:32:00,50.0,49.4,231,183
2024-12-11 18:34:00,50.0,49.3,233,185
2024-12-11 18:36:00,50.1,49.3,232,180
2024-12-11 18:38:00,50.0,49.2,233,183
2024-12-11 18:40:00,49.9,49.5,232,182
2024-12-11 18:42:00,50.0,49.3,231,179
2024-12-11 18:44:00,50.0,49.2,232,174
2024-12-11 18:46:00,50.1,49.3,232,174
2024-12-11 18:48:00,50.0,49.8,233,176
2024-12-11 18:50:00,49.9,49.4,232,185
2024-12-11 18:52:00,50.0,49.4,232,178
2024-12-11 18:54:00,50.1,49.5,232,179
2024-12-11 18:56:00,49.9,49.4,231,179
2024-12-11 18:58:00,50.1,49.1,232,178
2024-12-11 19:00:00,49.9,49.4,232,182
2024-12-11 19:02:00,50.1,49.4,231,178
2024-12-11 19:04:00,50.1,49.3,232,180
2024-12-11 19:06:00,50.0,49.7,232,178
2024-12-11 19:08:00,50.1,49.7,232,180
2024-12-11 19:10:00,50.1,49.5,232,178
2024-12-11 19:12:00,50.0,49.5,231,180
2024-12-11 19:14:00,49.9,49.3,232,183
2024-12-11 19:16:00,50.0,49.3,233,180
2024-12-11 19:18:00,49.8,49.5,232,178
2024-12-11 19:20:00,50.3,49.4,231,181
2024-12-11 19:22:00,50.0,49.3,232,181
2024-12-11 19:24:00,50.0,49.2,232,179
2024-12-11 19:26:00,50.0,49.5,231,183
2024-12-11 19:28:00,49.8,49.2,232,181
2024-12-11 19:30:00,50.0,49.2,232,182
2024-12-11 19:32:00,50.0,49.3,232,179
2024-12-11 19:34:00,49.9,49.6,231,178
2024-12-11 19:36:00,50.0,49.3,232,180
2024-12-11 19:38:00,49.9,49.2,231,181
2024-12-11 19:40:00,50.2,49.0,232,178
2024-12-11 19:42:00,50.2,49.5,231,177
2024-12-11 19:44:00,50.0,49.2,232,179
2024-12-11 19:46:00,50,49.6,232,175
2024-12-11 19:48:00,50.0,49.3,231,175
2024-12-11 19:50:00,50.0,49.5,232,180
2024-12-11 19:52:00,50.0,49.7,231,176
2024-12-11 19:54:00,50.1,49.6,232,181
2024-12-11 19:56:00,49.9,49.7,233,179
2024-12-11 19:58:00,50.1,49.6,232,180
2024-12-11 20:00:00,49.9,49.6,232,183
2024-12-11 20:02:00,50.0,49.1,231,180
2024-12-11 20:04:00,50.1,49.7,232,178
2024-12-11 20:06:00,49.7,49.4,232,181
2024-12-11 20:08:00,50.0,49.2,232,178
2024-12-11 20:10:00,50.0,49.3,232,178
2024-12-11 20:12:00,49.8,49.5,231,178
2024-12-11 20:14:00,49.7,49.3,232,177
2024-12-11 20:16:00,50.2,49.5,231,174
2024-12-11 20:18:00,50.0,49.7,231,178
2024-12-11 20:20:00,49.8,49.6,232,180
2024-12-11 20:22:00,49.8,49.5,233,181
2024-12-11 20:24:00,50.0,49.7,232,178
2024-12-11 20:26:00,50.0,49.8,231,180
2024-12-11 20:28:00,49.9,49.6,227,180
2024-12-11 20:30:00,49.9,49.4,227,172
2024-12-11 20:32:00,50.0,49.2,227,171
2024-12-11 20:34:00,50.1,49.6,227,174
2024-12-11 20:36:00,49.9,49.3,227,175
2024-12-11 20:38:00,50.0,49.3,227,173
2024-12-11 20:40:00,50.1,49.4,227,172
2024-12-11 20:42:00,49.9,49.5,227,173
2024-12-11 20:44:00,49.9,49.4,227,173
2024-12-11 20:46:00,50.0,49.3,227,179
2024-12-11 20:48:00,49.9,49.5,227,178
2024-12-11 20:50:00,50.0,49.7,227,180
2024-12-11 20:52:00,49.9,49.5,227,176
2024-12-11 20:54:00,49.9,49.7,227,175
2024-12-11 20:56:00,50.0,49.8,227,174
2024-12-11 20:58:00,49.9,49.8,227,174
2024-12-11 21:00:00,50.0,49.7,227,180
2024-12-11 21:02:00,50.0,49.6,227,175
2024-12-11 21:04:00,50.0,49.5,227,178
2024-12-11 21:06:00,50.0,49.9,227,176
2024-12-11 21:08:00,50.0,49.7,227,182
2024-12-11 21:10:00,50.0,49.8,227,178
2024-12-11 21:12:00,50.0,49.5,227,178
2024-12-11 21:14:00,50.1,49.6,227,179
2024-12-11 21:16:00,50.0,49.9,227,183
2024-12-11 21:18:00,49.8,49.7,227,181
2024-12-11 21:20:00,50.1,49.8,227,181
2024-12-11 21:22:00,49.9,50.0,228,182
2024-12-11 21:24:00,49.8,49.9,227,182
2024-12-11 21:26:00,49.9,49.9,227,184
2024-12-11 21:28:00,50.0,49.7,227,185
2024-12-11 21:30:00,49.9,49.6,227,184
2024-12-11 21:32:00,50.0,49.5,227,187
2024-12-11 21:34:00,50.0,50.0,227,187
2024-12-11 21:36:00,49.7,49.9,227,192
2024-12-11 21:38:00,50.0,49.5,227,190
2024-12-11 21:40:00,50.0,50.0,227,192
2024-12-11 21:42:00,50.1,50.4,227,189
2024-12-11 21:44:00,50.0,50.1,227,195
2024-12-11 21:46:00,49.9,49.8,227,194
2024-12-11 21:48:00,50.0,49.8,227,190
2024-12-11 21:50:00,50.0,49.8,227,191
2024-12-11 21:52:00,50.1,50.0,227,194
2024-12-11 21:54:00,49.9,50.3,227,192
2024-12-11 21:56:00,49.6,49.7,227,191
2024-12-11 21:58:00,50.0,49.8,228,197
2024-12-11 22:00:00,50.2,50.1,231,197
2024-12-11 22:02:00,49.9,50.2,231,195
2024-12-11 22:04:00,49.9,50.1,231,194
2024-12-11 22:06:00,50.0,49.7,231,195
2024-12-11 22:08:00,49.9,49.7,231,197
2024-12-11 22:10:00,49.7,50.1,231,198
2024-12-11 22:12:00,50.0,50.4,231,200
2024-12-11 22:14:00,49.8,50.1,231,199
2024-12-11 22:16:00,50.1,49.9,231,199
2024-12-11 22:18:00,50.0,49.8,231,197
2024-12-11 22:20:00,50.2,50.2,231,199
2024-12-11 22:22:00,50.0,50.2,231,199
2024-12-11 22:24:00,49.9,49.6,231,199
2024-12-11 22:26:00,49.9,49.5,231,197
2024-12-11 22:28:00,50.0,49.5,231,199
2024-12-11 22:30:00,50.2,49.8,231,201
2024-12-11 22:32:00,50.1,49.9,231,198
2024-12-11 22:34:00,49.7,50.0,231,197
2024-12-11 22:36:00,50.0,49.6,231,196
2024-12-11 22:38:00,49.9,49.5,231,196
2024-12-11 22:40:00,49.8,49.5,231,197
2024-12-11 22:42:00,50.2,49.6,231,197
2024-12-11 22:44:00,50.0,49.6,231,198
2024-12-11 22:46:00,50.1,49.8,231,199
2024-12-11 22:48:00,49.9,49.6,231,202
2024-12-11 22:50:00,49.8,49.7,231,202
2024-12-11 22:52:00,49.9,49.5,231,204
2024-12-11 22:54:00,50.1,49.7,231,204
2024-12-11 22:56:00,50.2,49.5,231,206
2024-12-11 22:58:00,49.8,49.8,231,207
2024-12-11 23:00:00,50.0,49.5,231,207
2024-12-11 23:02:00,49.8,49.8,231,207
2024-12-11 23:04:00,50.1,49.5,231,207
2024-12-11 23:06:00,50.1,50.0,231,208
2024-12-11 23:08:00,50.0,49.9,231,205
2024-12-11 23:10:00,50,49.5,230,206
2024-12-11 23:12:00,50.0,49.5,231,211
2024-12-11 23:14:00,50.0,49.9,231,212
2024-12-11 23:16:00,50.0,49.8,231,211
2024-12-11 23:18:00,50.0,49.9,231,211
2024-12-11 23:20:00,49.9,50.2,231,211
2024-12-11 23:22:00,49.8,49.6,231,211
2024-12-11 23:24:00,50.0,49.8,231,211
2024-12-11 23:26:00,50.1,49.6,231,211
2024-12-11 23:28:00,50.0,49.5,231,209
2024-12-11 23:30:00,50.1,50.1,231,212
2024-12-11 23:32:00,50.0,50.0,231,211
2024-12-11 23:34:00,50.0,50.1,231,212
2024-12-11 23:36:00,49.9,49.8,231,211
2024-12-11 23:38:00,50.0,49.4,231,210
2024-12-11 23:40:00,50.1,49.7,231,211
2024-12-11 23:42:00,50.0,50.2,231,213
2024-12-11 23:44:00,49.9,49.8,231,210
2024-12-11 23:46:00,50.0,49.6,231,210
2024-12-11 23:48:00,50.0,49.6,231,211
2024-12-11 23:50:00,50.1,50.2,231,211
2024-12-11 23:52:00,49.9,49.8,231,211
2024-12-11 23:54:00,50.0,49.9,231,211
2024-12-11 23:56:00,49.9,49.9,231,211
2024-12-11 23:58:00,49.9,49.8,231,212
2024-12-12 00:00:00,49.7,49.9,231,214
2024-12-12 00:02:00,49.9,49.9,231,215
2024-12-12 00:04:00,50.1,50.0,230,214
2024-12-12 00:06:00,50.0,50.0,231,214
2024-12-12 00:08:00,50.2,49.9,231,216
2024-12-12 00:10:00,50.0,49.8,231,216
2024-12-12 00:12:00,50.1,49.8,231,215
2024-12-12 00:14:00,49.9,49.8,231,216
2024-12-12 00:16:00,50.0,50.2,231,216
2024-12-12 00:18:00,50.1,50.1,231,217
2024-12-12 00:20:00,49.9,50.8,231,218
2024-12-12 00:22:00,50.0,49.8,230,215
2024-12-12 00:24:00,49.7,50.4,231,217
2024-12-12 00:26:00,49.9,50.5,231,217
2024-12-12 00:28:00,50.0,50.2,231,216
2024-12-12 00:30:00,50.0,50.5,231,217
2024-12-12 00:32:00,49.9,50.4,231,219
2024-12-12 00:34:00,50.0,50.2,231,217
2024-12-12 00:36:00,49.9,50.6,231,218
2024-12-12 00:38:00,50.1,50.5,231,219
2024-12-12 00:40:00,50.1,50.6,231,220
2024-12-12 00:42:00,49.9,50.2,231,218
2024-12-12 00:44:00,50.1,50.3,231,221
2024-12-12 00:46:00,50.1,50.8,230,223
2024-12-12 00:48:00,49.8,50.5,231,222
2024-12-12 00:50:00,49.7,50.6,230,221
2024-12-12 00:52:00,49.8,50.5,231,222
2024-12-12 00:54:00,50.1,50.6,231,223
2024-12-12 00:56:00,50.0,50.4,231,221
2024-12-12 00:58:00,49.9,50.1,231,221
2024-12-12 01:00:00,50.0,50.8,231,223
2024-12-12 01:02:00,49.9,50.8,231,222
2024-12-12 01:04:00,49.8,50.4,231,221
2024-12-12 01:06:00,50.1,50.5,231,222
2024-12-12 01:08:00,50.1,50.2,231,223
2024-12-12 01:10:00,49.9,50.4,231,223
2024-12-12 01:12:00,50.0,50.6,231,222
2024-12-12 01:14:00,49.8,51.0,231,224
2024-12-12 01:16:00,50.0,50.4,231,223
2024-12-12 01:18:00,50.0,50.3,231,223
2024-12-12 01:20:00,50.0,50.9,231,223
2024-12-12 01:22:00,50.0,50.5,231,222
2024-12-12 01:24:00,49.9,50.3,231,221
2024-12-12 01:26:00,50.2,50.6,231,223
2024-12-12 01:28:00,50.0,50.5,231,223
2024-12-12 01:30:00,50.0,50.5,231,222
2024-12-12 01:32:00,49.9,50.5,231,221
2024-12-12 01:34:00,49.9,51.0,231,224
2024-12-12 01:36:00,50.0,50.2,231,221
2024-12-12 01:38:00,50.0,50.3,231,220
2024-12-12 01:40:00,50.0,50.3,231,222
2024-12-12 01:42:00,49.9,50.8,231,224
2024-12-12 01:44:00,49.9,50.8,231,221
2024-12-12 01:46:00,49.8,50.6,231,223
2024-12-12 01:48:00,49.8,50.2,231,221
2024-12-12 01:50:00,49.9,50.3,231,223
2024-12-12 01:52:00,50.0,50.6,231,223
2024-12-12 01:54:00,49.9,50.9,231,224
2024-12-12 01:56:00,50.0,50.6,231,223
2024-12-12 01:58:00,50.0,50.3,231,221
2024-12-12 02:00:00,49.9,50.6,231,223
2024-12-12 02:02:00,49.9,50.1,231,221
2024-12-12 02:04:00,50.1,50.5,231,223
2024-12-12 02:06:00,50.0,50.8,231,223
2024-12-12 02:08:00,50.2,50.7,231,224
2024-12-12 02:10:00,50.0,50.4,231,222
2024-12-12 02:12:00,50,50.7,231,222
2024-12-12 02:14:00,50.0,50.5,231,223
2024-12-12 02:16:00,49.8,50.3,231,221
2024-12-12 02:18:00,50.0,50.7,231,223
2024-12-12 02:20:00,50.2,50.8,231,223
2024-12-12 02:22:00,50.0,50.6,231,223
2024-12-12 02:24:00,50.1,50.8,230,224
2024-12-12 02:26:00,50.1,50.7,231,224
2024-12-12 02:28:00,49.9,50.6,231,223
2024-12-12 02:30:00,49.9,50.2,231,222
2024-12-12 02:32:00,49.9,50.6,231,223
2024-12-12 02:34:00,49.7,50.8,231,223
2024-12-12 02:36:00,50.0,50.8,231,224
2024-12-12 02:38:00,50.0,50.4,231,223
2024-12-12 02:40:00,49.9,50.5,231,223
2024-12-12 02:42:00,50.1,50.6,231,221
2024-12-12 02:44:00,50.0,50.7,231,221
2024-12-12 02:46:00,49.8,50.5,231,223
2024-12-12 02:48:00,50.1,50.4,231,220
2024-12-12 02:50:00,50.1,50.5,231,221
2024-12-12 02:52:00,49.8,50.6,231,221
2024-12-12 02:54:00,50.1,50.2,231,221
2024-12-12 02:56:00,50.0,49.9,231,219
2024-12-12 02:58:00,49.8,50.2,231,219
2024-12-12 03:00:00,49.9,50.6,231,220
2024-12-12 03:02:00,50.0,50.5,231,218
2024-12-12 03:04:00,49.9,50.5,231,219
2024-12-12 03:06:00,50.1,50.5,231,220
2024-12-12 03:08:00,50.0,50.0,231,219
2024-12-12 03:10:00,50.0,50.3,231,221
2024-12-12 03:12:00,50.0,50.7,231,221
2024-12-12 03:14:00,49.7,50.5,231,219
2024-12-12 03:16:00,49.9,50.5,231,221
2024-12-12 03:18:00,98.8,50.7,231,221
2024-12-12 03:20:00,49.8,50.5,231,220
2024-12-12 03:22:00,50.0,50.7,231,220
2024-12-12 03:24:00,49.8,50.3,231,221
2024-12-12 03:26:00,50.1,50.1,231,217
2024-12-12 03:28:00,50.0,50.6,231,219
2024-12-12 03:30:00,50.0,50.5,231,220
2024-12-12 03:32:00,49.8,50.6,231,222
2024-12-12 03:34:00,50.1,50.7,231,223
2024-12-12 03:36:00,50.0,50.7,231,222
2024-12-12 03:38:00,49.9,50.5,231,223
2024-12-12 03:40:00,50.0,50.5,231,221
2024-12-12 03:42:00,50.0,50.7,231,221
2024-12-12 03:44:00,50.0,50.2,231,221
2024-12-12 03:46:00,50.0,50.1,231,221
2024-12-12 03:48:00,49.9,50.4,231,222
2024-12-12 03:50:00,49.9,50.7,231,223
2024-12-12 03:52:00,50.1,50.7,231,223
2024-12-12 03:54:00,50.0,50.7,231,224
2024-12-12 03:56:00,50.1,50.6,231,222
2024-12-12 03:58:00,49.8,50.4,231,221
2024-12-12 04:00:00,50.0,50.5,231,221
2024-12-12 04:02:00,49.8,50.4,231,224
2024-12-12 04:04:00,49.8,50.7,231,222
2024-12-12 04:06:00,50.0,50.7,231,222
2024-12-12 04:08:00,50.0,50.9,231,223
2024-12-12 04:10:00,50.0,50.1,231,223
2024-12-12 04:12:00,49.9,50.5,231,221
2024-12-12 04:14:00,49.8,50.6,231,222
2024-12-12 04:16:00,50.0,50.5,231,223
2024-12-12 04:18:00,50.0,50.5,231,222
2024-12-12 04:20:00,49.8,50.8,231,223
2024-12-12 04:22:00,50.0,51.2,231,223
2024-12-12 04:24:00,49.9,50.2,231,221
2024-12-12 04:26:00,49.9,50.5,231,223
2024-12-12 04:28:00,50.2,50.4,231,222
2024-12-12 04:30:00,49.9,50.3,231,221
2024-12-12 04:32:00,50.1,50.6,231,223
2024-12-12 04:34:00,49.8,50.7,231,221
2024-12-12 04:36:00,49.9,50.8,231,222
2024-12-12 04:38:00,50.0,50.4,231,221
2024-12-12 04:40:00,50.1,50.3,231,220
2024-12-12 04:42:00,49.9,50.5,231,224
2024-12-12 04:44:00,49.9,50.5,231,221
2024-12-12 04:46:00,49.7,50.6,231,223
2024-12-12 04:48:00,50.1,50.7,231,222
2024-12-12 04:50:00,50.1,50.5,231,223
2024-12-12 04:52:00,49.8,50.6,231,221
2024-12-12 04:54:00,50.1,50.5,231,223
2024-12-12 04:56:00,49.7,50.2,231,222
2024-12-12 04:58:00,49.9,50.3,231,222
2024-12-12 05:00:00,50.0,50.4,231,223
2024-12-12 05:02:00,49.9,50.6,231,224
2024-12-12 05:04:00,50.0,50.4,231,223
2024-12-12 05:06:00,50.0,50.5,231,222
2024-12-12 05:08:00,50.0,50.7,231,223
2024-12-12 05:10:00,50.1,50.2,231,221
2024-12-12 05:12:00,49.8,50.2,231,222
2024-12-12 05:14:00,50.0,50.1,231,221
2024-12-12 05:16:00,50.0,50.2,231,219
2024-12-12 05:18:00,50.0,50.2,231,220
2024-12-12 05:20:00,50.0,50.0,231,217
2024-12-12 05:22:00,49.8,49.9,231,216
2024-12-12 05:24:00,50.1,49.8,231,216
2024-12-12 05:26:00,49.9,50.1,231,217
2024-12-12 05:28:00,50.2,49.8,231,216
2024-12-12 05:30:00,49.9,49.9,231,212
2024-12-12 05:32:00,49.9,49.7,231,211
2024-12-12 05:34:00,49.9,49.7,231,211
2024-12-12 05:36:00,50.0,49.8,231,213
2024-12-12 05:38:00,50.0,50.0,231,215
2024-12-12 05:40:00,50.0,49.5,231,211
2024-12-12 05:42:00,50.0,49.7,231,208
2024-12-12 05:44:00,50.0,49.6,231,206
2024-12-12 05:46:00,50.0,49.6,231,207
2024-12-12 05:48:00,49.9,49.6,231,213
2024-12-12 05:50:00,49.8,49.9,231,214
2024-12-12 05:52:00,50.1,49.4,231,209
2024-12-12 05:54:00,49.8,49.3,231,206
2024-12-12 05:56:00,49.9,50.0,231,207
2024-12-12 05:58:00,50.1,50.0,231,211
2024-12-12 06:00:00,50.0,49.3,231,214
2024-12-12 06:02:00,50.0,49.4,231,216
2024-12-12 06:04:00,50.1,49.6,231,214
2024-12-12 06:06:00,50.1,49.6,231,211
2024-12-12 06:08:00,49.7,49.7,231,209
2024-12-12 06:10:00,50.0,49.5,231,207
2024-12-12 06:12:00,49.9,49.2,231,202
2024-12-12 06:14:00,50.1,49.6,231,207
2024-12-12 06:16:00,50,49.5,231,208
2024-12-12 06:18:00,49.9,49.2,231,205
2024-12-12 06:20:00,49.7,49.5,231,205
2024-12-12 06:22:00,50.0,49.4,231,204
2024-12-12 06:24:00,49.9,49.8,231,209
2024-12-12 06:26:00,50.0,49.5,231,204
2024-12-12 06:28:00,50.0,49.7,231,205
2024-12-12 06:30:00,50.0,49.7,231,209
2024-12-12 06:32:00,50.0,49.3,231,207
2024-12-12 06:34:00,50.0,49.5,231,196
2024-12-12 06:36:00,50.0,49.8,231,200
2024-12-12 06:38:00,50.0,49.6,231,204
2024-12-12 06:40:00,49.9,49.6,231,199
2024-12-12 06:42:00,50.0,49.8,231,207
2024-12-12 06:44:00,50.0,49.7,231,209
2024-12-12 06:46:00,50.0,49.7,231,209
2024-12-12 06:48:00,50.0,49.5,231,211
2024-12-12 06:50:00,49.9,49.7,231,203
2024-12-12 06:52:00,50.1,49.5,231,203
2024-12-12 06:54:00,50.0,49.9,231,204
2024-12-12 06:56:00,50.3,50.0,231,209
2024-12-12 06:58:00,49.9,49.6,231,207
2024-12-12 07:00:00,50.0,49.7,231,207
2024-12-12 07:02:00,50.1,49.8,231,213
2024-12-12 07:04:00,50.0,50.0,231,215
2024-12-12 07:06:00,50.0,49.8,231,212
2024-12-12 07:08:00,50.2,49.9,231,213
2024-12-12 07:10:00,50.1,49.7,231,216
2024-12-12 07:12:00,49.9,49.9,231,213
2024-12-12 07:14:00,50.1,49.6,231,215
2024-12-12 07:16:00,50.1,49.7,231,213
2024-12-12 07:18:00,49.8,49.6,231,211
2024-12-12 07:20:00,50.0,49.5,231,205
2024-12-12 07:22:00,49.9,49.8,231,211
2024-12-12 07:24:00,50.2,49.6,231,211
2024-12-12 07:26:00,50.0,49.7,231,209
2024-12-12 07:28:00,50.1,49.6,231,207
2024-12-12 07:30:00,49.9,49.7,231,206
2024-12-12 07:32:00,49.7,49.6,230,208
2024-12-12 07:34:00,50.0,49.8,230,209
2024-12-12 07:36:00,50.0,49.7,230,210
2024-12-12 07:38:00,50.0,49.8,231,210
2024-12-12 07:40:00,49.9,49.7,231,211
2024-12-12 07:42:00,50.2,49.8,231,209
2024-12-12 07:44:00,49.9,50.0,231,203
2024-12-12 07:46:00,50.3,49.7,231,208
2024-12-12 07:48:00,50.0,49.8,231,199
2024-12-12 07:50:00,50.0,49.7,231,195
2024-12-12 07:52:00,50.0,49.6,231,197
2024-12-12 07:54:00,50.0,49.8,231,199
2024-12-12 07:56:00,50.1,49.4,231,193
2024-12-12 07:58:00,49.9,49.9,231,199
2024-12-12 08:00:00,50.0,49.7,231,192
2024-12-12 08:02:00,49.9,49.6,231,192
2024-12-12 08:04:00,49.9,49.4,231,189
2024-12-12 08:06:00,50.0,49.7,231,192
2024-12-12 08:08:00,49.9,49.8,230,196
2024-12-12 08:10:00,50.0,49.7,231,195
2024-12-12 08:12:00,50.3,49.5,231,192
2024-12-12 08:14:00,49.8,49.8,231,194
2024-12-12 08:16:00,49.9,49.6,231,192
2024-12-12 08:18:00,50.0,49.4,229,194
2024-12-12 08:20:00,50.0,49.7,229,194
2024-12-12 08:22:00,50.1,49.7,229,191
2024-12-12 08:24:00,49.8,49.8,229,195
2024-12-12 08:26:00,49.9,50.1,229,191
2024-12-12 08:28:00,50.0,49.5,229,199
2024-12-12 08:30:00,50.0,49.8,229,194
2024-12-12 08:32:00,50.3,49.9,229,204
2024-12-12 08:34:00,49.9,49.6,229,199
2024-12-12 08:36:00,49.7,49.5,229,201
2024-12-12 08:38:00,49.7,49.4,229,199
2024-12-12 08:40:00,50.0,49.3,228,202
2024-12-12 08:42:00,50.0,49.3,229,194
2024-12-12 08:44:00,49.9,49.3,228,188
2024-12-12 08:46:00,50.1,49.7,229,190
2024-12-12 08:48:00,50.2,49.6,229,187
2024-12-12 08:50:00,49.9,49.3,229,192
2024-12-12 08:52:00,49.9,49.2,229,187
2024-12-12 08:54:00,50.0,49.6,228,194
2024-12-12 08:56:00,50.1,49.5,228,189
2024-12-12 08:58:00,50.0,49.5,229,193
2024-12-12 09:00:00,49.8,49.5,228,189
2024-12-12 09:02:00,49.9,49.2,229,186
2024-12-12 09:04:00,49.9,49.1,229,188
2024-12-12 09:06:00,49.9,49.8,229,188
2024-12-12 09:08:00,50.3,49.2,229,180
2024-12-12 09:10:00,50.0,49.4,229,178
2024-12-12 09:12:00,50.0,49.4,228,186
2024-12-12 09:14:00,50.0,49.3,229,189
2024-12-12 09:16:00,49.8,49.6,228,187
2024-12-12 09:18:00,49.9,49.0,228,183
2024-12-12 09:20:00,50.1,51.1,229,198
2024-12-12 09:22:00,49.8,50.1,229,202
2024-12-12 09:24:00,50.0,50.1,229,199
2024-12-12 09:26:00,50.0,50.1,228,199
2024-12-12 09:28:00,49.9,50.1,229,198
2024-12-12 09:30:00,50.1,50.2,229,201
2024-12-12 09:32:00,50.0,50.6,229,201
2024-12-12 09:34:00,50.1,50.2,229,187
2024-12-12 09:36:00,49.9,49.6,229,180
2024-12-12 09:38:00,49.9,49.7,229,185
2024-12-12 09:40:00,49.9,52.9,229,233
2024-12-12 09:42:00,50.0,52.9,229,233
2024-12-12 09:44:00,49.8,52.0,229,230
2024-12-12 09:46:00,49.9,51.9,229,231
2024-12-12 09:48:00,50.0,51.5,229,228
2024-12-12 09:50:00,50.1,51.4,229,228
2024-12-12 09:52:00,50.0,51.4,229,228
2024-12-12 09:54:00,50.1,51.5,229,228
2024-12-12 09:56:00,50.1,51.4,229,227
2024-12-12 09:58:00,50.2,51.3,229,227
2024-12-12 10:00:00,49.9,51.2,229,226
2024-12-12 10:02:00,49.9,51.2,229,225
2024-12-12 10:04:00,50.0,51.3,229,225
2024-12-12 10:06:00,49.8,51.5,229,225
2024-12-12 10:08:00,49.7,51.5,229,224
2024-12-12 10:10:00,50.1,51.5,229,223
2024-12-12 10:12:00,50.1,51.6,229,229
2024-12-12 10:14:00,50.2,51.4,230,227
2024-12-12 10:16:00,50.0,51.3,230,229
2024-12-12 10:18:00,50.0,51.5,231,231
2024-12-12 10:20:00,50.0,51.5,231,229
2024-12-12 10:22:00,49.8,51.4,228,231
2024-12-12 10:24:00,49.9,51.8,231,230
2024-12-12 10:26:00,50.1,51.6,231,231
2024-12-12 10:28:00,50.0,51.7,231,229
2024-12-12 10:30:00,50.0,51.6,230,228
2024-12-12 10:32:00,50.0,51.5,230,228
2024-12-12 10:34:00,49.8,51.6,230,229
2024-12-12 10:36:00,50.0,51.5,228,227
2024-12-12 10:38:00,50.0,51.2,229,228
2024-12-12 10:40:00,50.2,51.4,228,222
2024-12-12 10:42:00,50.1,51.3,228,222
2024-12-12 10:44:00,50.2,51.3,228,219
2024-12-12 10:46:00,49.6,51.5,228,219
2024-12-12 10:48:00,50.0,51.5,228,218
2024-12-12 10:50:00,50.0,51.6,229,219
2024-12-12 10:52:00,50.0,51.5,228,219
2024-12-12 10:54:00,50.0,51.7,228,228
2024-12-12 10:56:00,50.0,51.3,228,226
2024-12-12 10:58:00,50.0,51.6,228,228
2024-12-12 11:00:00,50.0,51.7,228,228
2024-12-12 11:02:00,50.0,51.6,228,228
2024-12-12 11:04:00,49.9,51.6,228,229
2024-12-12 11:06:00,50.0,51.5,228,227
2024-12-12 11:08:00,50.0,51.6,228,228
2024-12-12 11:10:00,49.8,51.5,228,227
2024-12-12 11:12:00,50.0,51.7,228,228
2024-12-12 11:14:00,50.0,51.6,228,228
2024-12-12 11:16:00,50.1,51.2,228,228
2024-12-12 11:18:00,50.0,51.1,228,229
2024-12-12 11:20:00,50.0,51.1,228,229
2024-12-12 11:22:00,50.0,51.0,228,231
2024-12-12 11:24:00,49.8,51.0,228,231
2024-12-12 11:26:00,50.1,50.9,228,230
2024-12-12 11:28:00,49.9,51.3,227,226
2024-12-12 11:30:00,49.9,50.9,228,227
2024-12-12 11:32:00,49.9,51.2,228,227
2024-12-12 11:34:00,50.0,51.1,228,227
2024-12-12 11:36:00,50.2,51.3,228,228
2024-12-12 11:38:00,50.0,51.3,228,228
2024-12-12 11:40:00,50.1,51.3,228,226
2024-12-12 11:42:00,50.0,51.0,227,231
2024-12-12 11:44:00,50.1,50.9,228,227
2024-12-12 11:46:00,50.0,50.8,228,226
2024-12-12 11:48:00,49.9,50.9,228,227
2024-12-12 11:50:00,50.0,50.8,228,229
2024-12-12 11:52:00,50.0,50.8,227,231
2024-12-12 11:54:00,49.9,50.7,227,231
2024-12-12 11:56:00,50.0,50.8,227,226
2024-12-12 11:58:00,49.9,50.8,227,227
2024-12-12 12:00:00,49.9,50.7,227,227
2024-12-12 12:02:00,49.8,50.8,227,226
2024-12-12 12:04:00,50.0,50.9,227,228
2024-12-12 12:06:00,49.9,50.7,233,226
2024-12-12 12:08:00,49.9,50.6,233,226
2024-12-12 12:10:00,50.0,50.6,233,226
2024-12-12 12:12:00,49.9,50.4,232,226
2024-12-12 12:14:00,50.0,50.3,233,224
2024-12-12 12:16:00,49.9,50.4,232,226
2024-12-12 12:18:00,50.0,50.6,232,228
2024-12-12 12:20:00,49.7,50.8,232,228
2024-12-12 12:22:00,50.0,50.8,232,228
2024-12-12 12:24:00,49.8,50.7,232,228
2024-12-12 12:26:00,49.7,50.7,232,228
2024-12-12 12:28:00,49.8,50.8,233,226
2024-12-12 12:30:00,50.1,50.8,232,228
2024-12-12 12:32:00,50.1,50.9,232,227
2024-12-12 12:34:00,49.8,50.9,231,226
2024-12-12 12:36:00,49.9,50.8,232,228
2024-12-12 12:38:00,50.1,51.0,232,226
2024-12-12 12:40:00,49.9,51.1,232,226
2024-12-12 12:42:00,50.1,51.0,232,224
2024-12-12 12:44:00,49.9,51.0,231,225
2024-12-12 12:46:00,50.0,50.9,232,230
2024-12-12 12:48:00,49.8,50.9,232,229
2024-12-12 12:50:00,50.0,51.1,232,231
2024-12-12 12:52:00,49.9,51.0,232,228
2024-12-12 12:54:00,49.8,51.1,232,231
2024-12-12 12:56:00,49.7,51.0,232,230
2024-12-12 12:58:00,50.1,51.0,231,229
2024-12-12 13:00:00,50.0,51.1,231,230
2024-12-12 13:02:00,50.2,50.9,231,232
2024-12-12 13:04:00,50.0,51.1,233,231
2024-12-12 13:06:00,50.3,50.9,231,232
2024-12-12 13:08:00,49.9,50.8,232,233
2024-12-12 13:10:00,50.0,50.9,232,228
2024-12-12 13:12:00,50.0,51.0,232,226
2024-12-12 13:14:00,50.0,51.0,232,228
2024-12-12 13:16:00,50.0,50.8,232,229
2024-12-12 13:18:00,50.0,50.8,232,228
2024-12-12 13:20:00,49.8,50.8,232,228
2024-12-12 13:22:00,50.0,51.0,232,228
2024-12-12 13:24:00,50.0,51.1,232,228
2024-12-12 13:26:00,50.0,50.9,232,231
2024-12-12 13:28:00,50.0,51.1,232,226
2024-12-12 13:30:00,49.9,51.1,231,228
2024-12-12 13:32:00,49.8,51.0,232,227
2024-12-12 13:34:00,50.1,50.8,232,228
2024-12-12 13:36:00,49.9,51.1,231,228
2024-12-12 13:38:00,50.0,51.0,232,230
2024-12-12 13:40:00,49.8,51.2,231,228
2024-12-12 13:42:00,50.0,51.0,232,228
2024-12-12 13:44:00,49.9,51.1,232,228
2024-12-12 13:46:00,49.9,51.1,232,230
2024-12-12 13:48:00,50.0,51.0,232,229
2024-12-12 13:50:00,50.0,51.1,232,229
2024-12-12 13:52:00,50.3,51.1,232,228
2024-12-12 13:54:00,50.1,51.1,232,231
2024-12-12 13:56:00,50.0,51.2,232,226
2024-12-12 13:58:00,50.1,51.4,233,227
2024-12-12 14:00:00,49.9,51.3,232,226
2024-12-12 14:02:00,50.1,51.1,232,229
2024-12-12 14:04:00,49.9,51.1,231,229
2024-12-12 14:06:00,49.9,51.3,231,229
2024-12-12 14:08:00,50.0,51.6,232,225
2024-12-12 14:10:00,50.0,51.3,232,226
2024-12-12 14:12:00,49.9,51.3,232,223
2024-12-12 14:14:00,50.0,51.3,232,224
2024-12-12 14:16:00,50.0,51.4,232,223
2024-12-12 14:18:00,49.9,51.5,231,226
2024-12-12 14:20:00,50.0,51.5,232,225
2024-12-12 14:22:00,50.0,51.6,232,226
2024-12-12 14:24:00,50.1,51.8,232,224
2024-12-12 14:26:00,49.8,51.6,232,225
2024-12-12 14:28:00,49.9,51.6,227,224
2024-12-12 14:30:00,50.1,51.5,227,225
2024-12-12 14:32:00,50.0,51.3,227,226
2024-12-12 14:34:00,50.1,51.4,228,227
2024-12-12 14:36:00,50.0,51.3,227,228
2024-12-12 14:38:00,50.2,51.5,227,226
2024-12-12 14:40:00,49.9,51.5,227,227
2024-12-12 14:42:00,50.0,51.4,227,229
2024-12-12 14:44:00,50.0,51.5,227,228
2024-12-12 14:46:00,50.0,50.8,227,228
2024-12-12 14:48:00,50.2,50.5,227,226
2024-12-12 14:50:00,50.0,50.7,227,225
2024-12-12 14:52:00,50.0,50.7,227,225
2024-12-12 14:54:00,50.1,50.8,227,225
2024-12-12 14:56:00,50.0,50.6,227,225
2024-12-12 14:58:00,50.0,50.5,227,224
2024-12-12 15:00:00,50.0,50.6,227,223
2024-12-12 15:02:00,50.0,50.6,227,224
2024-12-12 15:04:00,50.0,50.6,227,225
2024-12-12 15:06:00,49.9,50.8,227,226
2024-12-12 15:08:00,49.9,50.5,227,223
2024-12-12 15:10:00,49.9,50.7,227,223
2024-12-12 15:12:00,50.0,50.9,227,227
2024-12-12 15:14:00,50.0,50.8,227,227
2024-12-12 15:16:00,50.0,50.8,227,228
2024-12-12 15:18:00,49.9,50.8,227,226
2024-12-12 15:20:00,50.3,50.8,227,227
2024-12-12 15:22:00,49.8,50.7,227,228
2024-12-12 15:24:00,49.9,50.8,227,228
2024-12-12 15:26:00,50.0,50.8,227,229
2024-12-12 15:28:00,50.0,51.0,227,226
2024-12-12 15:30:00,49.9,50.9,227,228
2024-12-12 15:32:00,50.0,51.0,227,228
2024-12-12 15:34:00,49.8,50.9,227,226
2024-12-12 15:36:00,49.9,50.9,227,227
2024-12-12 15:38:00,49.9,50.9,227,228
2024-12-12 15:40:00,50.0,50.8,227,228
2024-12-12 15:42:00,50.1,50.9,227,230
2024-12-12 15:44:00,50.1,50.9,227,231
2024-12-12 15:46:00,50.0,51.0,227,228
2024-12-12 15:48:00,50.0,51.0,227,230
2024-12-12 15:50:00,50.1,51.1,227,228
2024-12-12 15:52:00,50.0,51.1,227,227
2024-12-12 15:54:00,50.0,50.9,227,228
2024-12-12 15:56:00,49.9,50.9,227,227
2024-12-12 15:58:00,50.1,50.7,227,228
2024-12-12 16:00:00,50.0,50.9,227,228
2024-12-12 16:02:00,49.8,51.4,227,225
2024-12-12 16:04:00,49.8,51.5,227,225
2024-12-12 16:06:00,50.1,51.5,227,226
2024-12-12 16:08:00,50.1,51.5,227,226
2024-12-12 16:10:00,50.0,51.7,227,225
2024-12-12 16:12:00,50.0,51.7,227,225
2024-12-12 16:14:00,50.0,51.5,228,229
2024-12-12 16:16:00,50.0,51.4,227,228
2024-12-12 16:18:00,49.9,52.0,227,231
2024-12-12 16:20:00,50.0,52.1,227,231
2024-12-12 16:22:00,50.1,52.0,227,231
2024-12-12 16:24:00,50.0,51.9,227,230
2024-12-12 16:26:00,50.3,51.9,227,231
2024-12-12 16:28:00,49.8,52.1,233,232
2024-12-12 16:30:00,49.9,52.4,232,233
2024-12-12 16:32:00,50.1,52.2,232,234
2024-12-12 16:34:00,49.8,52.1,232,236
2024-12-12 16:36:00,50.1,51.1,232,233
2024-12-12 16:38:00,50.1,51.0,232,233
2024-12-12 16:40:00,49.9,51.1,232,233
2024-12-12 16:42:00,50.0,51.2,232,235
2024-12-12 16:44:00,50.0,51.4,231,233
2024-12-12 16:46:00,49.9,51.3,232,233
2024-12-12 16:48:00,50.0,51.1,231,234
2024-12-12 16:50:00,50.1,51.1,231,234
2024-12-12 16:52:00,50.0,51.1,232,233
2024-12-12 16:54:00,49.7,50.9,232,231
2024-12-12 16:56:00,50.0,51.0,232,233
2024-12-12 16:58:00,49.9,51.1,231,230
2024-12-12 17:00:00,50.0,51.0,232,231
2024-12-12 17:02:00,50.1,51.0,232,233
2024-12-12 17:04:00,50.2,51.2,232,234
2024-12-12 17:06:00,49.9,51.1,232,234
2024-12-12 17:08:00,49.9,50.9,232,233
2024-12-12 17:10:00,50.0,51.0,232,232
2024-12-12 17:12:00,49.9,51.1,232,232
2024-12-12 17:14:00,50.0,51.1,232,234
2024-12-12 17:16:00,49.9,51.1,231,235
2024-12-12 17:18:00,50.2,51.0,232,235
2024-12-12 17:20:00,50.0,51.1,232,234
2024-12-12 17:22:00,50.0,51.2,232,233
2024-12-12 17:24:00,49.8,51.1,232,233
2024-12-12 17:26:00,49.9,51.1,231,234
2024-12-12 17:28:00,49.8,51.2,232,234
2024-12-12 17:30:00,49.9,51.1,232,234
2024-12-12 17:32:00,49.9,51.1,232,234
2024-12-12 17:34:00,50.0,51.1,232,233
2024-12-12 17:36:00,50.0,51.1,232,233
2024-12-12 17:38:00,50.0,51.1,232,233
2024-12-12 17:40:00,50.0,51.1,232,233
2024-12-12 17:42:00,49.9,51.1,232,233
2024-12-12 17:44:00,49.9,51.0,232,233
2024-12-12 17:46:00,50.0,51.3,232,232
2024-12-12 17:48:00,50.0,51.1,232,233
2024-12-12 17:50:00,50.0,51.7,231,233
2024-12-12 17:52:00,49.9,51.6,232,233
2024-12-12 17:54:00,50.1,51.9,233,230
2024-12-12 17:56:00,50.1,52.0,232,231
2024-12-12 17:58:00,50.0,51.9,231,233
2024-12-12 18:00:00,50.0,52.1,232,236
2024-12-12 18:02:00,50.0,52.1,232,235
2024-12-12 18:04:00,50.1,51.9,231,231
2024-12-12 18:06:00,50.0,51.8,231,231
2024-12-12 18:08:00,50.0,51.9,231,236
2024-12-12 18:10:00,49.9,52.2,232,236
2024-12-12 18:12:00,50.1,53.7,232,238
2024-12-12 18:14:00,49.9,49.4,232,179
2024-12-12 18:16:00,50.0,49.1,232,177
2024-12-12 18:18:00,49.7,49.7,232,178
2024-12-12 18:20:00,50.1,49.0,232,172
2024-12-12 18:22:00,50.0,49.7,232,177
2024-12-12 18:24:00,49.9,49.4,233,176
2024-12-12 18:26:00,50.0,49.5,232,175
2024-12-12 18:28:00,50.1,49.3,231,171
2024-12-12 18:30:00,50.0,49.1,232,168
2024-12-12 18:32:00,50.0,49.4,232,173
2024-12-12 18:34:00,50.1,49.2,232,171
2024-12-12 18:36:00,50.0,48.6,232,170
2024-12-12 18:38:00,50.3,48.9,233,170
2024-12-12 18:40:00,50.2,49.0,232,174
2024-12-12 18:42:00,49.9,49.1,231,175
2024-12-12 18:44:00,50.0,49.3,232,181
2024-12-12 18:46:00,50.1,49.3,231,178
2024-12-12 18:48:00,50.0,49.4,231,179
2024-12-12 18:50:00,49.8,48.9,232,180
2024-12-12 18:52:00,50.0,49.1,232,179
2024-12-12 18:54:00,49.9,48.8,231,176
2024-12-12 18:56:00,50.0,49.2,231,178
2024-12-12 18:58:00,50.0,49.4,232,175
2024-12-12 19:00:00,49.9,49.3,231,180
2024-12-12 19:02:00,50.2,49.4,233,178
2024-12-12 19:04:00,50.0,49.4,232,179
2024-12-12 19:06:00,50.0,49.2,232,175
2024-12-12 19:08:00,50.1,49.4,232,175
2024-12-12 19:10:00,50.0,49.2,231,169
2024-12-12 19:12:00,50.1,49.5,232,177
2024-12-12 19:14:00,49.8,49.4,232,180
2024-12-12 19:16:00,50.0,49.5,232,179
2024-12-12 19:18:00,50.0,49.5,231,175
2024-12-12 19:20:00,50.0,49.5,232,180
2024-12-12 19:22:00,50.0,49.5,231,180
2024-12-12 19:24:00,50.0,49.3,231,182
2024-12-12 19:26:00,49.9,49.5,232,184
2024-12-12 19:28:00,49.9,49.3,231,182
2024-12-12 19:30:00,49.9,49.6,232,184
2024-12-12 19:32:00,50.1,49.4,231,176
2024-12-12 19:34:00,50.0,49.5,231,185
2024-12-12 19:36:00,50.0,49.4,232,183
2024-12-12 19:38:00,49.9,49.1,231,178
2024-12-12 19:40:00,50.0,49.2,232,182
2024-12-12 19:42:00,50.0,49.3,231,180
2024-12-12 19:44:00,99.4,49.3,232,179
2024-12-12 19:46:00,50.0,49.2,227,182
2024-12-12 19:48:00,50.0,49.2,227,178
2024-12-12 19:50:00,50.0,49.4,227,184
2024-12-12 19:52:00,50.0,49.6,227,180
2024-12-12 19:54:00,50.1,49.7,226,178
2024-12-12 19:56:00,50.0,49.5,227,181
2024-12-12 19:58:00,49.8,49.4,226,186
2024-12-12 20:00:00,50.0,49.5,227,186
2024-12-12 20:02:00,50.0,49.4,227,182
2024-12-12 20:04:00,49.8,49.4,227,182
2024-12-12 20:06:00,49.8,49.4,227,187
2024-12-12 20:08:00,49.7,49.3,227,182
2024-12-12 20:10:00,49.9,49.7,227,179
2024-12-12 20:12:00,50.0,49.4,227,178
2024-12-12 20:14:00,50.0,49.4,227,178
2024-12-12 20:16:00,50.0,49.2,227,183
2024-12-12 20:18:00,49.8,49.4,227,180
2024-12-12 20:20:00,50.0,49.8,227,176
2024-12-12 20:22:00,49.9,49.5,227,178
2024-12-12 20:24:00,49.9,49.6,227,180
2024-12-12 20:26:00,50.0,49.8,227,182
2024-12-12 20:28:00,49.9,49.4,227,179
2024-12-12 20:30:00,50.0,49.6,227,182
2024-12-12 20:32:00,50.1,49.5,227,183
2024-12-12 20:34:00,50.0,49.5,227,184
2024-12-12 20:36:00,49.9,49.5,227,180
2024-12-12 20:38:00,50.0,49.5,227,181
2024-12-12 20:40:00,50.0,49.8,227,179
2024-12-12 20:42:00,49.9,49.6,227,182
2024-12-12 20:44:00,50.0,49.6,227,185
2024-12-12 20:46:00,50.1,49.8,227,182
2024-12-12 20:48:00,49.9,49.7,228,181
2024-12-12 20:50:00,50.0,50.0,227,185
2024-12-12 20:52:00,50.0,49.7,227,178
2024-12-12 20:54:00,50.0,49.6,227,178
2024-12-12 20:56:00,50.0,49.7,227,187
2024-12-12 20:58:00,50.0,49.4,227,189
2024-12-12 21:00:00,49.7,49.5,227,189
2024-12-12 21:02:00,50.1,49.5,227,187
2024-12-12 21:04:00,50.1,49.8,227,190
2024-12-12 21:06:00,66.7,50.0,227,187
2024-12-12 21:08:00,50,50.1,227,188
2024-12-12 21:10:00,50.0,49.9,227,183
2024-12-12 21:12:00,50.2,49.8,227,186
2024-12-12 21:14:00,50.0,49.8,227,178
2024-12-12 21:16:00,49.8,50.2,228,180
2024-12-12 21:18:00,49.9,49.8,227,178
2024-12-12 21:20:00,49.9,49.6,231,180
2024-12-12 21:22:00,50.0,49.7,231,187
2024-12-12 21:24:00,50.0,49.8,231,182
2024-12-12 21:26:00,49.9,49.9,231,185
2024-12-12 21:28:00,49.9,50.1,231,183
2024-12-12 21:30:00,50.0,50.1,231,181
2024-12-12 21:32:00,50.0,49.8,231,189
2024-12-12 21:34:00,50.1,50.1,231,188
2024-12-12 21:36:00,50.3,50.0,231,193
2024-12-12 21:38:00,49.9,50.1,231,195
2024-12-12 21:40:00,50.0,50.2,231,193
2024-12-12 21:42:00,50.1,49.9,231,196
2024-12-12 21:44:00,50.1,50.1,231,193
2024-12-12 21:46:00,50.0,50.1,231,197
2024-12-12 21:48:00,50.3,50.0,231,195
2024-12-12 21:50:00,49.7,49.9,231,194
2024-12-12 21:52:00,50.0,49.7,231,196
2024-12-12 21:54:00,50.2,50.0,231,196
2024-12-12 21:56:00,50.0,50.5,231,201
2024-12-12 21:58:00,50.1,49.9,231,198
2024-12-12 22:00:00,49.8,50.2,231,196
2024-12-12 22:02:00,49.8,50.3,231,204
2024-12-12 22:04:00,49.8,50.3,231,202
2024-12-12 22:06:00,49.9,50.0,231,202
2024-12-12 22:08:00,50.0,49.9,231,198
2024-12-12 22:10:00,50.0,49.8,231,203
2024-12-12 22:12:00,50.2,50.1,231,199
2024-12-12 22:14:00,50.0,50.2,231,202
2024-12-12 22:16:00,49.9,50,231,203
2024-12-12 22:18:00,49.8,50.0,231,202
2024-12-12 22:20:00,50.0,50.3,231,207
2024-12-12 22:22:00,50.0,49.8,231,204
2024-12-12 22:24:00,50.1,50.2,231,203
2024-12-12 22:26:00,49.9,50.3,231,207
2024-12-12 22:28:00,49.9,50.4,231,207
2024-12-12 22:30:00,50.1,50.4,231,208
2024-12-12 22:32:00,50.0,50.2,231,210
2024-12-12 22:34:00,50.0,49.9,231,209
2024-12-12 22:36:00,50.0,49.7,231,207
2024-12-12 22:38:00,50.0,49.9,231,209
2024-12-12 22:40:00,49.9,49.9,231,211
2024-12-12 22:42:00,50.1,50.2,231,212
2024-12-12 22:44:00,49.9,50.3,231,211
2024-12-12 22:46:00,50.0,50.3,231,212
2024-12-12 22:48:00,49.7,50.6,231,211
2024-12-12 22:50:00,50.1,50.7,231,214
2024-12-12 22:52:00,50.0,50.3,231,214
2024-12-12 22:54:00,49.9,50.1,231,216
2024-12-12 22:56:00,50.0,50.0,231,216
2024-12-12 22:58:00,49.9,50.1,231,214
2024-12-12 23:00:00,49.9,50.1,231,215
2024-12-12 23:02:00,49.7,50.4,231,215
2024-12-12 23:04:00,50.1,50.0,231,216
2024-12-12 23:06:00,49.9,50.0,231,218
2024-12-12 23:08:00,50.0,50.5,231,219
2024-12-12 23:10:00,49.9,50.1,231,219
2024-12-12 23:12:00,50.0,50.5,231,219
2024-12-12 23:14:00,49.8,50.8,231,221
2024-12-12 23:16:00,50.0,50.5,231,218
2024-12-12 23:18:00,50.1,50.3,231,221
2024-12-12 23:20:00,49.9,50.6,231,219
2024-12-12 23:22:00,49.8,50.4,231,219
2024-12-12 23:24:00,50.0,50.7,231,221
2024-12-12 23:26:00,50.2,50.1,231,219
2024-12-12 23:28:00,50.0,50.5,231,219
2024-12-12 23:30:00,50.2,50.6,231,221
2024-12-12 23:32:00,50.1,50.3,231,219
2024-12-12 23:34:00,50.0,50.2,231,219
2024-12-12 23:36:00,50.1,50.5,231,219
2024-12-12 23:38:00,50.2,50.4,231,221
2024-12-12 23:40:00,50.2,50.5,231,221
2024-12-12 23:42:00,50.0,50.5,231,219
2024-12-12 23:44:00,49.8,50.3,231,218
2024-12-12 23:46:00,50.0,50.5,231,220
2024-12-12 23:48:00,49.9,50.3,231,219
2024-12-12 23:50:00,49.9,50.2,231,221
2024-12-12 23:52:00,99.4,50.4,231,221
2024-12-12 23:54:00,50.1,50.7,231,222
2024-12-12 23:56:00,50.0,50.6,231,221
2024-12-12 23:58:00,50.0,50.6,231,221
2024-12-13 00:00:00,50.0,50.4,231,221
2024-12-13 00:02:00,49.9,50.3,231,219
2024-12-13 00:04:00,49.9,50.5,231,221
2024-12-13 00:06:00,50.1,50.3,231,219
2024-12-13 00:08:00,49.9,50.3,231,220
2024-12-13 00:10:00,50.0,50.8,231,223
2024-12-13 00:12:00,49.7,50.7,231,222
2024-12-13 00:14:00,49.7,50.4,231,220
2024-12-13 00:16:00,49.9,50.6,231,221
2024-12-13 00:18:00,50.2,50.2,231,218
2024-12-13 00:20:00,49.8,50.3,231,220
2024-12-13 00:22:00,50.0,50.4,231,221
2024-12-13 00:24:00,49.9,50.6,231,221
2024-12-13 00:26:00,49.9,50.6,231,221
2024-12-13 00:28:00,50.1,50.3,231,221
2024-12-13 00:30:00,49.9,50.5,231,221
2024-12-13 00:32:00,49.8,50.7,231,223
2024-12-13 00:34:00,49.9,50.7,231,222
2024-12-13 00:36:00,49.9,50.4,231,221
2024-12-13 00:38:00,50.0,50.3,231,222
2024-12-13 00:40:00,49.9,50.5,231,223
2024-12-13 00:42:00,50.0,50.7,231,221
2024-12-13 00:44:00,50.3,50.4,231,222
2024-12-13 00:46:00,49.9,50.4,231,223
2024-12-13 00:48:00,50.0,50.2,231,221
2024-12-13 00:50:00,50.2,50.2,231,222
2024-12-13 00:52:00,50.2,50.4,231,223
2024-12-13 00:54:00,50.0,50.1,231,221
2024-12-13 00:56:00,50.0,50.2,231,221
2024-12-13 00:58:00,50.0,50.2,231,221
2024-12-13 01:00:00,49.7,50.0,231,220
2024-12-13 01:02:00,50.0,50.2,231,221
2024-12-13 01:04:00,50.0,49.9,231,220
2024-12-13 01:06:00,50.0,50.1,231,222
2024-12-13 01:08:00,49.8,50.4,231,222
2024-12-13 01:10:00,49.8,49.9,231,221
2024-12-13 01:12:00,49.8,49.9,231,219
2024-12-13 01:14:00,50.2,50.0,231,222
2024-12-13 01:16:00,50.0,49.5,231,220
2024-12-13 01:18:00,50.0,50.0,231,221
2024-12-13 01:20:00,49.8,50.1,231,220
2024-12-13 01:22:00,50.1,50.1,231,221
2024-12-13 01:24:00,49.9,50.3,231,222
2024-12-13 01:26:00,50.0,50.4,231,223
2024-12-13 01:28:00,49.8,50.0,231,221
2024-12-13 01:30:00,50.2,50.0,231,223
2024-12-13 01:32:00,49.9,50.1,231,221
2024-12-13 01:34:00,50.0,50.2,231,221
2024-12-13 01:36:00,50.0,50.1,231,220
2024-12-13 01:38:00,49.8,50.1,231,220
2024-12-13 01:40:00,50,50.4,231,221
2024-12-13 01:42:00,50.0,50.0,231,222
2024-12-13 01:44:00,49.8,50.1,231,219
2024-12-13 01:46:00,49.9,50.0,231,220
2024-12-13 01:48:00,50.0,50.0,231,221
2024-12-13 01:50:00,50.3,50.0,231,222
2024-12-13 01:52:00,50.0,50.0,231,222
2024-12-13 01:54:00,50.2,50.2,231,222
2024-12-13 01:56:00,50.0,50.2,231,223
2024-12-13 01:58:00,49.9,50.0,231,223
2024-12-13 02:00:00,49.8,49.8,231,223
2024-12-13 02:02:00,50.0,50.0,231,223
2024-12-13 02:04:00,49.9,50.1,231,224
2024-12-13 02:06:00,49.9,50.1,231,223
2024-12-13 02:08:00,49.9,50.0,231,222
2024-12-13 02:10:00,49.7,49.7,231,219
2024-12-13 02:12:00,50.0,50.0,231,221
2024-12-13 02:14:00,49.7,50.0,231,221
2024-12-13 02:16:00,50.0,50.3,231,222
2024-12-13 02:18:00,50.0,50.4,231,222
2024-12-13 02:20:00,49.9,50.5,231,223
2024-12-13 02:22:00,50.0,50.2,231,222
2024-12-13 02:24:00,50.0,49.9,231,222
2024-12-13 02:26:00,49.8,49.7,231,221
2024-12-13 02:28:00,50.1,49.8,231,219
2024-12-13 02:30:00,49.7,49.8,231,221
2024-12-13 02:32:00,49.9,49.9,231,220
2024-12-13 02:34:00,50.0,50.2,231,221
2024-12-13 02:36:00,50.0,50.2,231,221
2024-12-13 02:38:00,50.0,50.3,231,221
2024-12-13 02:40:00,49.9,50.3,231,221
2024-12-13 02:42:00,50.1,50.4,231,223
2024-12-13 02:44:00,49.8,50.0,231,221
2024-12-13 02:46:00,50.0,50.0,231,221
2024-12-13 02:48:00,50.0,49.8,231,220
2024-12-13 02:50:00,50.0,50.3,231,222
2024-12-13 02:52:00,50.0,50.2,231,221
2024-12-13 02:54:00,50.0,50.3,231,222
2024-12-13 02:56:00,50.0,50.0,231,222
2024-12-13 02:58:00,50.0,50.0,231,222
2024-12-13 03:00:00,50.2,50.3,231,223
2024-12-13 03:02:00,49.9,50.2,231,223
2024-12-13 03:04:00,49.9,49.8,231,221
2024-12-13 03:06:00,50.1,49.7,231,219
2024-12-13 03:08:00,49.9,50.1,231,220
2024-12-13 03:10:00,50.0,50.0,231,220
2024-12-13 03:12:00,50.0,49.8,231,221
2024-12-13 03:14:00,49.9,50.3,231,220
2024-12-13 03:16:00,50.0,50.4,231,221
2024-12-13 03:18:00,50.2,50.3,231,221
2024-12-13 03:20:00,50.0,50.3,231,222
2024-12-13 03:22:00,49.9,50.3,231,221
2024-12-13 03:24:00,50.0,50.3,231,220
2024-12-13 03:26:00,49.7,50.1,231,220
2024-12-13 03:28:00,50.1,50.0,231,222
2024-12-13 03:30:00,50.0,49.9,231,219
2024-12-13 03:32:00,49.9,49.6,231,219
2024-12-13 03:34:00,50.2,49.8,231,220
2024-12-13 03:36:00,50.0,50.1,231,220
2024-12-13 03:38:00,49.9,50.3,231,220
2024-12-13 03:40:00,50.0,50.4,231,222
2024-12-13 03:42:00,49.9,49.9,231,221
2024-12-13 03:44:00,50.0,50.0,231,222
2024-12-13 03:46:00,50.0,50.0,231,221
2024-12-13 03:48:00,50.0,50.0,231,221
2024-12-13 03:50:00,49.9,49.6,231,221
2024-12-13 03:52:00,50.1,50.1,231,222
2024-12-13 03:54:00,50.0,49.9,231,221
2024-12-13 03:56:00,50.0,50.1,231,221
2024-12-13 03:58:00,49.7,50.1,231,222
2024-12-13 04:00:00,50.0,49.9,231,220
2024-12-13 04:02:00,49.8,50.0,231,220
2024-12-13 04:04:00,50.0,50.0,231,218
2024-12-13 04:06:00,50.0,50.1,231,218
2024-12-13 04:08:00,50.1,50.3,231,221
2024-12-13 04:10:00,50.2,50.4,231,219
2024-12-13 04:12:00,50.2,50.2,231,219
2024-12-13 04:14:00,49.9,50.4,231,220
2024-12-13 04:16:00,50.0,50.1,231,221
2024-12-13 04:18:00,49.7,49.9,231,219
2024-12-13 04:20:00,50.2,49.8,231,219
2024-12-13 04:22:00,50.0,49.9,231,218
2024-12-13 04:24:00,50.1,49.8,231,217
2024-12-13 04:26:00,50.0,50.1,231,218
2024-12-13 04:28:00,50.1,50.1,231,218
2024-12-13 04:30:00,50.0,50.1,231,219
2024-12-13 04:32:00,50.0,50.0,231,217
2024-12-13 04:34:00,49.9,50.1,231,218
2024-12-13 04:36:00,50.0,49.9,231,217
2024-12-13 04:38:00,50.0,49.9,231,216
2024-12-13 04:40:00,50.0,50.2,231,218
2024-12-13 04:42:00,50.0,50.2,231,218
2024-12-13 04:44:00,49.9,50.2,231,216
2024-12-13 04:46:00,50.0,50.1,231,216
2024-12-13 04:48:00,50.0,50.1,231,215
2024-12-13 04:50:00,50.0,50.0,231,216
2024-12-13 04:52:00,50.0,49.9,231,215
2024-12-13 04:54:00,50.0,49.8,231,216
2024-12-13 04:56:00,49.9,49.8,231,211
2024-12-13 04:58:00,50.0,49.7,231,211
2024-12-13 05:00:00,50.0,50.1,231,211
2024-12-13 05:02:00,50.1,50.2,231,211
2024-12-13 05:04:00,50.1,50.2,231,215
2024-12-13 05:06:00,50.0,50.2,231,216
2024-12-13 05:08:00,50,49.9,231,217
2024-12-13 05:10:00,50.0,49.8,231,216
2024-12-13 05:12:00,50.1,49.6,231,216
2024-12-13 05:14:00,50.0,50.0,231,216
2024-12-13 05:16:00,49.9,49.9,231,219
2024-12-13 05:18:00,49.9,49.8,231,217
2024-12-13 05:20:00,49.9,49.9,231,214
2024-12-13 05:22:00,50.0,49.5,231,214
2024-12-13 05:24:00,50.0,50.1,231,215
2024-12-13 05:26:00,50.1,50.0,231,214
2024-12-13 05:28:00,50.1,49.9,231,214
2024-12-13 05:30:00,49.9,49.8,231,215
2024-12-13 05:32:00,50.1,50.0,231,209
2024-12-13 05:34:00,50.1,50.1,231,212
2024-12-13 05:36:00,49.9,49.9,231,221
2024-12-13 05:38:00,49.9,49.8,231,213
2024-12-13 05:40:00,50.2,49.5,231,211
2024-12-13 05:42:00,50.0,49.6,231,214
2024-12-13 05:44:00,50.0,49.8,231,209
2024-12-13 05:46:00,49.7,49.7,231,206
2024-12-13 05:48:00,50.0,49.6,231,205
2024-12-13 05:50:00,50.3,49.5,231,205
2024-12-13 05:52:00,50.0,49.5,231,202
2024-12-13 05:54:00,49.8,49.7,231,199
2024-12-13 05:56:00,50.0,50.0,231,206
2024-12-13 05:58:00,50.1,49.9,231,208
2024-12-13 06:00:00,50.0,49.6,231,207
2024-12-13 06:02:00,50.0,49.5,231,207
2024-12-13 06:04:00,50.1,49.4,231,202
2024-12-13 06:06:00,50.1,49.3,231,195
2024-12-13 06:08:00,49.9,49.6,231,202
2024-12-13 06:10:00,50.0,49.3,231,203
2024-12-13 06:12:00,49.9,49.5,231,209
2024-12-13 06:14:00,49.8,49.4,231,218
2024-12-13 06:16:00,50.3,49.8,231,212
2024-12-13 06:18:00,49.9,49.6,231,207
2024-12-13 06:20:00,50.1,49.7,231,212
2024-12-13 06:22:00,50.0,49.5,231,209
2024-12-13 06:24:00,49.9,49.7,231,214
2024-12-13 06:26:00,50.0,49.6,231,212
2024-12-13 06:28:00,49.9,49.4,231,211
2024-12-13 06:30:00,49.9,49.5,231,210
2024-12-13 06:32:00,50.0,49.5,231,209
2024-12-13 06:34:00,50.0,49.5,231,203
2024-12-13 06:36:00,50.0,49.4,231,205
2024-12-13 06:38:00,49.8,49.5,230,205
2024-12-13 06:40:00,49.9,49.5,231,204
2024-12-13 06:42:00,50.0,49.8,231,204
2024-12-13 06:44:00,49.9,49.5,231,209
2024-12-13 06:46:00,49.9,49.3,231,211
2024-12-13 06:48:00,49.8,49.4,230,202
2024-12-13 06:50:00,50.1,49.5,231,199
2024-12-13 06:52:00,50.0,49.8,231,203
2024-12-13 06:54:00,50.0,49.6,231,195
2024-12-13 06:56:00,49.8,49.4,231,206
2024-12-13 06:58:00,50.0,49.5,231,205
2024-12-13 07:00:00,50.1,49.6,231,208
2024-12-13 07:02:00,50.1,49.7,230,212
2024-12-13 07:04:00,50.1,49.8,231,207
2024-12-13 07:06:00,49.7,49.6,231,207
2024-12-13 07:08:00,50.2,49.6,231,214
2024-12-13 07:10:00,50.0,49.6,231,214
2024-12-13 07:12:00,49.8,49.8,231,212
2024-12-13 07:14:00,50.0,49.7,231,202
2024-12-13 07:16:00,50.0,49.7,231,198
2024-12-13 07:18:00,49.9,49.7,230,204
2024-12-13 07:20:00,50.0,49.6,231,199
2024-12-13 07:22:00,50.1,49.6,230,199
2024-12-13 07:24:00,49.9,49.9,230,201
2024-12-13 07:26:00,50.1,50.0,231,205
2024-12-13 07:28:00,50.0,50.0,231,204
2024-12-13 07:30:00,50.2,49.3,231,208
2024-12-13 07:32:00,49.7,49.7,231,204
2024-12-13 07:34:00,49.9,49.6,231,202
2024-12-13 07:36:00,49.9,49.5,231,202
2024-12-13 07:38:00,50.0,49.6,231,204
2024-12-13 07:40:00,49.9,49.5,230,207
2024-12-13 07:42:00,50.1,49.5,231,210
2024-12-13 07:44:00,50.1,49.3,231,212
2024-12-13 07:46:00,50.0,49.8,230,207
2024-12-13 07:48:00,50.0,49.7,231,204
2024-12-13 07:50:00,50.0,49.9,231,194
2024-12-13 07:52:00,49.9,49.6,231,197
2024-12-13 07:54:00,49.8,49.9,230,194
2024-12-13 07:56:00,50.1,49.6,231,194
2024-12-13 07:58:00,49.7,49.7,223,185
2024-12-13 08:00:00,50.0,49.7,233,187
2024-12-13 08:02:00,50.1,49.4,233,196
2024-12-13 08:04:00,50.0,49.4,232,201
2024-12-13 08:06:00,50.0,49.7,231,194
2024-12-13 08:08:00,50.0,49.8,231,192
2024-12-13 08:10:00,49.8,49.9,233,192
2024-12-13 08:12:00,50.0,49.5,232,191
2024-12-13 08:14:00,50.0,49.5,232,192
2024-12-13 08:16:00,49.9,49.6,232,197
2024-12-13 08:18:00,50.0,49.8,232,204
2024-12-13 08:20:00,50.0,49.5,232,202
2024-12-13 08:22:00,49.9,49.5,232,198
2024-12-13 08:24:00,50.2,49.4,233,197
2024-12-13 08:26:00,50.0,49.7,232,199
2024-12-13 08:28:00,50.0,49.7,232,196
2024-12-13 08:30:00,50.3,49.5,232,196
2024-12-13 08:32:00,50.0,49.6,232,192
2024-12-13 08:34:00,50.0,49.6,232,190
2024-12-13 08:36:00,50.2,49.6,232,197
2024-12-13 08:38:00,49.8,49.3,232,186
2024-12-13 08:40:00,49.8,49.2,232,189
2024-12-13 08:42:00,49.9,49.5,232,183
2024-12-13 08:44:00,49.8,49.8,231,179
2024-12-13 08:46:00,50.0,49.5,232,185
2024-12-13 08:48:00,50.1,49.3,232,187
2024-12-13 08:50:00,50.0,49.6,232,185
2024-12-13 08:52:00,49.9,49.5,232,191
2024-12-13 08:54:00,50.1,49.2,231,187
2024-12-13 08:56:00,49.8,49.6,231,183
2024-12-13 08:58:00,49.8,49.7,231,185
2024-12-13 09:00:00,50.1,49.3,232,187
2024-12-13 09:02:00,49.8,49.3,232,194
2024-12-13 09:04:00,50.0,49.4,232,194
2024-12-13 09:06:00,49.9,49.5,231,189
2024-12-13 09:08:00,50.0,49.3,231,191
2024-12-13 09:10:00,50,49.5,231,195
2024-12-13 09:12:00,50.2,49.6,231,199
2024-12-13 09:14:00,50.0,49.7,231,199
2024-12-13 09:16:00,49.9,49.5,231,195
2024-12-13 09:18:00,50.0,49.6,231,197
2024-12-13 09:20:00,49.9,49.7,231,185
2024-12-13 09:22:00,50.0,49.7,231,185
2024-12-13 09:24:00,50.2,49.4,231,197
2024-12-13 09:26:00,50.1,48.3,231,196
2024-12-13 09:28:00,50.0,49.5,231,209
2024-12-13 09:30:00,50.0,49.5,231,210
2024-12-13 09:32:00,49.9,49.4,231,207
2024-12-13 09:34:00,50.0,49.5,231,200
2024-12-13 09:36:00,50.2,49.7,231,201
2024-12-13 09:38:00,49.8,49.4,231,199
2024-12-13 09:40:00,50.0,49.3,231,199
2024-12-13 09:42:00,50.0,49.4,231,203
2024-12-13 09:44:00,49.9,49.6,231,199
2024-12-13 09:46:00,50.1,49.4,231,200
2024-12-13 09:48:00,49.9,49.5,231,201
2024-12-13 09:50:00,49.9,49.3,231,197
2024-12-13 09:52:00,49.9,49.3,231,198
2024-12-13 09:54:00,50.0,49.7,231,199
2024-12-13 09:56:00,50.0,49.8,231,197
2024-12-13 09:58:00,49.8,49.4,231,192
2024-12-13 10:00:00,50.0,49.3,231,190
2024-12-13 10:02:00,50.0,49.5,231,194
2024-12-13 10:04:00,50.1,49.5,231,194
2024-12-13 10:06:00,49.9,49.5,231,196
2024-12-13 10:08:00,50.0,49.5,231,197
2024-12-13 10:10:00,49.9,49.4,231,196
2024-12-13 10:12:00,49.7,49.6,231,197
2024-12-13 10:14:00,50.1,49.6,231,192
2024-12-13 10:16:00,49.9,49.4,231,194
2024-12-13 10:18:00,49.7,49.1,231,191
2024-12-13 10:20:00,50.0,49.3,231,183
2024-12-13 10:22:00,49.9,49.3,231,191
2024-12-13 10:24:00,50.0,49.4,231,190
2024-12-13 10:26:00,49.9,49.3,231,183
2024-12-13 10:28:00,50.0,49.2,231,187
2024-12-13 10:30:00,50.1,49.5,231,185
2024-12-13 10:32:00,50.0,49.4,231,187
2024-12-13 10:34:00,49.8,49.5,231,187
2024-12-13 10:36:00,50.0,49.4,231,188
2024-12-13 10:38:00,50.0,50.0,231,187
2024-12-13 10:40:00,50.0,49.5,231,197
2024-12-13 10:42:00,50.0,49.6,231,188
2024-12-13 10:44:00,50.0,49.6,231,187
2024-12-13 10:46:00,50.2,49.6,231,191
2024-12-13 10:48:00,49.9,49.6,231,185
2024-12-13 10:50:00,49.9,49.6,231,181
2024-12-13 10:52:00,50.0,49.5,231,182
2024-12-13 10:54:00,50.0,49.6,231,180
2024-12-13 10:56:00,49.8,49.5,231,187
2024-12-13 10:58:00,49.9,49.5,231,189
2024-12-13 11:00:00,49.9,49.3,231,192
2024-12-13 11:02:00,50.1,49.3,231,193
2024-12-13 11:04:00,50.1,49.6,231,190
2024-12-13 11:06:00,50.0,49.2,231,201
2024-12-13 11:08:00,49.8,49.3,231,190
2024-12-13 11:10:00,50.1,49.4,231,191
2024-12-13 11:12:00,50.0,49.4,231,192
2024-12-13 11:14:00,50.0,49.0,231,189
2024-12-13 11:16:00,50.0,49.2,231,194
2024-12-13 11:18:00,49.8,49.4,231,195
2024-12-13 11:20:00,50.0,49.7,231,198
2024-12-13 11:22:00,50.0,49.7,231,196
2024-12-13 11:24:00,49.9,49.1,231,182
2024-12-13 11:26:00,50.1,49.7,231,187
2024-12-13 11:28:00,49.9,49.5,231,187
2024-12-13 11:30:00,50.0,49.3,231,188
2024-12-13 11:32:00,50.2,49.1,231,190
2024-12-13 11:34:00,50.0,49.1,231,192
2024-12-13 11:36:00,49.7,49.3,231,194
2024-12-13 11:38:00,49.9,49.7,231,194
2024-12-13 11:40:00,50.1,49.2,231,201
2024-12-13 11:42:00,49.9,49.5,231,201
2024-12-13 11:44:00,50.0,49.8,231,192
2024-12-13 11:46:00,50.1,49.6,231,192
2024-12-13 11:48:00,49.9,49.2,231,187
2024-12-13 11:50:00,50.0,49.5,231,187
2024-12-13 11:52:00,50.0,49.2,231,190
2024-12-13 11:54:00,50.0,49.4,231,193
2024-12-13 11:56:00,50.0,49.4,231,194
2024-12-13 11:58:00,49.9,49.5,231,193
2024-12-13 12:00:00,50.0,49.7,231,194
2024-12-13 12:02:00,50.0,49.5,231,195
2024-12-13 12:04:00,50.2,49.5,231,192
2024-12-13 12:06:00,50.1,49.8,231,192
2024-12-13 12:08:00,50.0,49.8,231,199
2024-12-13 12:10:00,49.8,49.3,231,194
2024-12-13 12:12:00,49.9,49.3,231,191
2024-12-13 12:14:00,49.6,49.6,231,185
2024-12-13 12:16:00,49.9,49.4,231,192
2024-12-13 12:18:00,49.9,49.5,231,182
2024-12-13 12:20:00,49.9,49.4,231,187
2024-12-13 12:22:00,49.7,49.6,231,180
2024-12-13 12:24:00,49.9,49.5,231,180
2024-12-13 12:26:00,49.9,49.4,230,185
2024-12-13 12:28:00,50.0,49.3,231,186
2024-12-13 12:30:00,49.8,49.1,231,190
2024-12-13 12:32:00,49.8,49.3,231,197
2024-12-13 12:34:00,49.9,49.5,231,195
2024-12-13 12:36:00,50.0,49.4,231,194
2024-12-13 12:38:00,49.7,49.7,231,199
2024-12-13 12:40:00,49.7,49.4,231,196
2024-12-13 12:42:00,49.9,49.8,231,195
2024-12-13 12:44:00,49.9,49.3,231,187
2024-12-13 12:46:00,50.0,49.1,231,191
2024-12-13 12:48:00,50.0,49.2,231,184
2024-12-13 12:50:00,50,49.5,231,188
2024-12-13 12:52:00,50.0,49.2,231,186
2024-12-13 12:54:00,49.9,49.5,231,192
2024-12-13 12:56:00,50.2,49.4,231,181
2024-12-13 12:58:00,50.2,49.6,231,191
2024-12-13 13:00:00,50.0,49.5,231,190
2024-12-13 13:02:00,50.2,49.7,231,186
2024-12-13 13:04:00,50.1,49.2,230,189
2024-12-13 13:06:00,50.0,49.4,231,192
2024-12-13 13:08:00,50.1,49.6,231,188
2024-12-13 13:10:00,49.9,49.8,231,193
2024-12-13 13:12:00,49.9,49.5,231,192
2024-12-13 13:14:00,49.8,49.7,231,194
2024-12-13 13:16:00,50.1,49.5,231,193
2024-12-13 13:18:00,50.1,49.6,231,197
2024-12-13 13:20:00,50.1,49.6,231,192
2024-12-13 13:22:00,50.0,49.6,231,187
2024-12-13 13:24:00,50.1,49.7,231,192
2024-12-13 13:26:00,50.0,49.8,231,198
2024-12-13 13:28:00,50.0,49.9,230,195
2024-12-13 13:30:00,50.0,49.8,231,192
2024-12-13 13:32:00,49.8,49.6,227,189
2024-12-13 13:34:00,50.2,49.5,227,199
2024-12-13 13:36:00,50.2,49.7,227,193
2024-12-13 13:38:00,50.0,50.2,227,194
2024-12-13 13:40:00,49.9,49.8,227,194
2024-12-13 13:42:00,49.9,49.4,227,194
2024-12-13 13:44:00,49.8,49.5,227,198
2024-12-13 13:46:00,50.1,49.3,227,191
2024-12-13 13:48:00,50.1,49.5,227,190
2024-12-13 13:50:00,49.9,50.1,227,197
2024-12-13 13:52:00,49.8,49.5,227,197
2024-12-13 13:54:00,50.0,49.3,227,192
2024-12-13 13:56:00,50.1,49.7,227,198
2024-12-13 13:58:00,49.8,49.4,227,194
2024-12-13 14:00:00,49.9,50.0,227,198
2024-12-13 14:02:00,49.8,49.8,227,204
2024-12-13 14:04:00,50.0,49.4,227,197
2024-12-13 14:06:00,50.0,49.5,227,199
2024-12-13 14:08:00,50.0,49.3,227,197
2024-12-13 14:10:00,49.9,49.6,227,195
2024-12-13 14:12:00,50.1,49.4,227,189
2024-12-13 14:14:00,49.9,49.4,227,196
2024-12-13 14:16:00,50.0,49.4,227,197
2024-12-13 14:18:00,50.0,49.8,227,192
2024-12-13 14:20:00,49.9,49.8,227,201
2024-12-13 14:22:00,50.1,49.3,227,192
2024-12-13 14:24:00,50.0,49.6,227,196
2024-12-13 14:26:00,49.9,49.5,227,196
2024-12-13 14:28:00,49.9,49.5,227,198
2024-12-13 14:30:00,50.0,49.5,227,200
2024-12-13 14:32:00,50.0,49.7,227,195
2024-12-13 14:34:00,49.9,49.7,227,197
2024-12-13 14:36:00,50,49.7,227,192
2024-12-13 14:38:00,49.8,49.2,227,190
2024-12-13 14:40:00,50.3,49.2,227,187
2024-12-13 14:42:00,50.0,49.5,227,188
2024-12-13 14:44:00,49.8,49.6,227,195
2024-12-13 14:46:00,49.9,49.4,227,197
2024-12-13 14:48:00,50.0,49.4,227,198
2024-12-13 14:50:00,50.1,49.1,227,191
2024-12-13 14:52:00,49.9,49.5,227,194
2024-12-13 14:54:00,50.2,49.2,227,196
2024-12-13 14:56:00,49.9,49.3,227,192
2024-12-13 14:58:00,49.9,49.6,227,202
2024-12-13 15:00:00,50.1,49.7,227,199
2024-12-13 15:02:00,50.0,49.6,232,193
2024-12-13 15:04:00,50.0,49.5,231,190
2024-12-13 15:06:00,50.0,49.3,231,190
2024-12-13 15:08:00,49.9,49.3,231,190
2024-12-13 15:10:00,50.0,50.1,231,193
2024-12-13 15:12:00,50.0,48.8,231,196
2024-12-13 15:14:00,49.9,49.3,231,193
2024-12-13 15:16:00,49.9,49.4,231,191
2024-12-13 15:18:00,50.0,49.3,231,198
2024-12-13 15:20:00,49.9,49.6,231,199
2024-12-13 15:22:00,50.0,49.5,231,198
2024-12-13 15:24:00,50.1,49.6,231,202
2024-12-13 15:26:00,50.0,49.2,231,197
2024-12-13 15:28:00,50.0,49.1,231,197
2024-12-13 15:30:00,49.9,49.4,231,197
2024-12-13 15:32:00,50.1,49.2,231,192
2024-12-13 15:34:00,50.0,48.9,231,193
2024-12-13 15:36:00,50.0,49.6,231,190
2024-12-13 15:38:00,50.0,49.3,231,192
2024-12-13 15:40:00,50.0,49.5,231,188
2024-12-13 15:42:00,49.9,49.7,231,191
2024-12-13 15:44:00,49.9,49.8,231,199
2024-12-13 15:46:00,50.0,49.6,231,197
2024-12-13 15:48:00,50.1,49.4,231,194
2024-12-13 15:50:00,50.0,49.3,231,201
2024-12-13 15:52:00,50.0,49.3,231,193
2024-12-13 15:54:00,49.8,49.4,231,192
2024-12-13 15:56:00,49.9,49.2,231,186
2024-12-13 15:58:00,49.8,49.6,231,190
2024-12-13 16:00:00,50.0,49.7,231,195
2024-12-13 16:02:00,49.9,49.2,231,188
2024-12-13 16:04:00,49.9,49.5,231,194
2024-12-13 16:06:00,50.1,49.7,231,187
2024-12-13 16:08:00,99.7,49.7,231,192
2024-12-13 16:10:00,50.1,49.3,231,194
2024-12-13 16:12:00,50.0,49.4,231,191
2024-12-13 16:14:00,49.7,49.4,231,194
2024-12-13 16:16:00,49.8,49.2,231,195
2024-12-13 16:18:00,50.1,49.3,231,193
2024-12-13 16:20:00,50.0,49.3,231,192
2024-12-13 16:22:00,50.0,49.3,231,190
2024-12-13 16:24:00,50.0,49.4,231,194
2024-12-13 16:26:00,50.0,49.3,231,192
2024-12-13 16:28:00,50.1,49.7,228,198
2024-12-13 16:30:00,50.0,49.4,227,194
2024-12-13 16:32:00,49.9,49.3,227,192
2024-12-13 16:34:00,50.0,49.9,228,193
2024-12-13 16:36:00,50.1,49.3,228,190
2024-12-13 16:38:00,49.9,49.3,227,194
2024-12-13 16:40:00,49.9,49.3,227,192
2024-12-13 16:42:00,50.0,49.0,227,189
2024-12-13 16:44:00,50.1,49.3,227,188
2024-12-13 16:46:00,50.1,49.4,228,194
2024-12-13 16:48:00,49.8,49.5,227,194
2024-12-13 16:50:00,50.2,49.5,227,194
2024-12-13 16:52:00,50.0,49.6,227,197
2024-12-13 16:54:00,50.0,49.2,227,191
2024-12-13 16:56:00,49.8,49.4,227,186
2024-12-13 16:58:00,49.9,49.8,227,189
2024-12-13 17:00:00,49.9,49.5,227,194
2024-12-13 17:02:00,50.0,49.7,228,194
2024-12-13 17:04:00,50.0,49.6,228,199
2024-12-13 17:06:00,49.9,49.6,228,192
2024-12-13 17:08:00,50.0,49.8,228,190
2024-12-13 17:10:00,50.0,49.4,228,190
2024-12-13 17:12:00,50.0,49.5,228,189
2024-12-13 17:14:00,49.9,49.3,228,187
2024-12-13 17:16:00,50.1,49.2,228,190
2024-12-13 17:18:00,49.9,49.6,228,192
2024-12-13 17:20:00,49.8,49.1,228,191
2024-12-13 17:22:00,49.9,49.5,228,189
2024-12-13 17:24:00,50.0,49.1,228,182
2024-12-13 17:26:00,50.0,49.5,228,185
2024-12-13 17:28:00,49.8,49.6,228,180
2024-12-13 17:30:00,50.1,49.8,228,180
2024-12-13 17:32:00,49.8,49.8,228,185
2024-12-13 17:34:00,49.8,49.3,228,189
2024-12-13 17:36:00,49.7,49.4,228,189
2024-12-13 17:38:00,50.0,49.5,228,188
2024-12-13 17:40:00,50.0,49.5,228,190
2024-12-13 17:42:00,49.9,49.1,228,187
2024-12-13 17:44:00,50.0,49.4,228,190
2024-12-13 17:46:00,50.1,49.5,228,187
2024-12-13 17:48:00,50.0,49.7,228,183
2024-12-13 17:50:00,50.2,49.5,228,187
2024-12-13 17:52:00,49.9,49.6,228,188
2024-12-13 17:54:00,49.9,49.5,228,193
2024-12-13 17:56:00,49.9,49.4,228,192
2024-12-13 17:58:00,50.0,49.5,228,193
2024-12-13 18:00:00,49.9,49.3,228,191
2024-12-13 18:02:00,49.9,49.5,228,192
2024-12-13 18:04:00,50.2,49.8,228,190
2024-12-13 18:06:00,49.9,49.8,228,193
2024-12-13 18:08:00,50.1,49.9,228,190
2024-12-13 18:10:00,50.0,49.8,228,187
2024-12-13 18:12:00,49.9,49.8,228,181
2024-12-13 18:14:00,50.0,49.6,228,187
2024-12-13 18:16:00,49.8,49.7,228,187
2024-12-13 18:18:00,50.0,49.7,228,182
2024-12-13 18:20:00,49.8,49.7,228,182
2024-12-13 18:22:00,50.0,49.4,228,185
2024-12-13 18:24:00,50.0,49.5,228,182
2024-12-13 18:26:00,50.0,49.5,228,182
2024-12-13 18:28:00,49.8,49.5,228,179
2024-12-13 18:30:00,49.9,49.2,228,175
2024-12-13 18:32:00,50.0,49.5,228,177
2024-12-13 18:34:00,49.8,49.3,228,177
2024-12-13 18:36:00,50.0,3937,228,55.2
2024-12-13 18:38:00,49.9,5618,228,0
2024-12-13 18:40:00,50.0,3546,228,0
2024-12-13 18:42:00,49.9,5556,228,0
2024-12-13 18:44:00,49.9,4386,228,0
2024-12-13 18:46:00,49.8,4902,227,0
2024-12-13 18:48:00,50.0,9804,228,0
2024-12-13 18:50:00,49.9,2817,228,0
2024-12-13 18:52:00,50.1,3937,228,0
2024-12-13 18:54:00,50.0,9804,228,0
2024-12-13 18:56:00,49.9,4926,228,0
2024-12-13 18:58:00,49.8,3584,228,0
2024-12-13 19:00:00,50.1,7874,228,0.707
2024-12-13 19:02:00,50.0,2320,228,0
2024-12-13 19:04:00,50.1,3279,228,0
2024-12-13 19:06:00,49.8,4367,228,0
2024-12-13 19:08:00,49.8,2817,228,0
2024-12-13 19:10:00,50.1,4854,228,0
2024-12-13 19:12:00,49.8,4926,228,0
2024-12-13 19:14:00,50.0,4367,228,0
2024-12-13 19:16:00,50.0,5618,228,0.707
2024-12-13 19:18:00,50.0,4926,228,0
2024-12-13 19:20:00,50.2,6536,228,0
2024-12-13 19:22:00,50.1,4367,228,0
2024-12-13 19:24:00,49.9,7874,228,0
2024-12-13 19:26:00,49.9,3906,228,0
2024-12-13 19:28:00,49.8,3030,228,0
2024-12-13 19:30:00,50.0,4329,228,0
2024-12-13 19:32:00,50.2,5618,228,0
2024-12-13 19:34:00,50.0,3937,227,0
2024-12-13 19:36:00,50.1,5618,228,0
2024-12-13 19:38:00,49.7,2817,228,0
2024-12-13 19:40:00,50.0,3584,228,0
2024-12-13 19:42:00,50.1,3559,228,0
2024-12-13 19:44:00,50.1,7692,228,0
2024-12-13 19:46:00,50.0,4878,228,0
2024-12-13 19:48:00,50.0,6536,228,0
2024-12-13 19:50:00,50.1,4926,227,0
2024-12-13 19:52:00,49.8,5618,228,0
2024-12-13 19:54:00,49.9,5618,228,0
2024-12-13 19:56:00,50.0,3546,228,0
2024-12-13 19:58:00,50.0,3322,228,0
2024-12-13 20:00:00,50.0,4386,228,0
2024-12-13 20:02:00,49.9,4926,228,0
2024-12-13 20:04:00,50.0,4348,227,0
2024-12-13 20:06:00,50.0,5618,228,2.12
2024-12-13 20:08:00,50.0,4878,228,0
2024-12-13 20:10:00,49.9,7813,228,0
2024-12-13 20:12:00,50.0,1869,228,0
2024-12-13 20:14:00,50.1,4926,227,0
2024-12-13 20:16:00,50.0,4926,228,0
2024-12-13 20:18:00,50.3,4854,227,0
2024-12-13 20:20:00,49.9,4367,227,0
2024-12-13 20:22:00,49.9,6536,227,0
2024-12-13 20:24:00,49.9,6494,227,0
2024-12-13 20:26:00,49.9,4926,227,0.707
2024-12-13 20:28:00,49.9,3257,227,0
2024-12-13 20:30:00,49.9,5618,227,0.707
2024-12-13 20:32:00,50.0,4292,228,0
2024-12-13 20:34:00,50.1,4367,227,0
2024-12-13 20:36:00,50.0,7874,227,0.707
2024-12-13 20:38:00,50.1,6579,228,0
2024-12-13 20:40:00,49.9,4926,227,0
2024-12-13 20:42:00,49.9,3279,227,0
2024-12-13 20:44:00,50.0,6579,227,0
2024-12-13 20:46:00,50.0,7874,227,0
2024-12-13 20:48:00,50.0,6536,228,0
2024-12-13 20:50:00,50.0,4902,227,0
2024-12-13 20:52:00,50.1,9709,228,0
2024-12-13 20:54:00,49.8,5525,227,0
2024-12-13 20:56:00,49.9,9804,227,0
2024-12-13 20:58:00,50.0,4878,227,0
2024-12-13 21:00:00,49.9,9804,227,0
2024-12-13 21:02:00,50.0,4367,228,0
2024-12-13 21:04:00,49.8,4926,227,0
2024-12-13 21:06:00,49.8,9804,228,0
2024-12-13 21:08:00,49.9,6579,228,0
2024-12-13 21:10:00,50.0,3937,227,0
2024-12-13 21:12:00,50.1,3289,227,0
2024-12-13 21:14:00,50.1,5618,228,0
2024-12-13 21:16:00,50.1,7874,227,0
2024-12-13 21:18:00,50.0,7874,228,0
2024-12-13 21:20:00,50.0,7874,228,0.707
2024-12-13 21:22:00,49.9,4386,228,0
2024-12-13 21:24:00,50.0,4367,228,0
2024-12-13 21:26:00,50.0,7752,228,0
2024-12-13 21:28:00,50.3,4926,228,0
2024-12-13 21:30:00,50.0,6536,228,0.707
2024-12-13 21:32:00,50.1,3584,228,0
2024-12-13 21:34:00,49.9,3584,227,0
2024-12-13 21:36:00,50.3,3922,227,0
2024-12-13 21:38:00,50.0,5618,227,0
2024-12-13 21:40:00,50.0,4902,227,0
2024-12-13 21:42:00,50.0,4367,228,0
2024-12-13 21:44:00,49.7,4926,228,0
2024-12-13 21:46:00,50.0,4926,227,0
2024-12-13 21:48:00,49.7,6536,228,0
2024-12-13 21:50:00,50.0,9804,228,0
2024-12-13 21:52:00,50.2,5587,228,0
2024-12-13 21:54:00,49.9,5556,228,0
2024-12-13 21:56:00,50.0,7874,227,0
2024-12-13 21:58:00,50.0,7752,228,0
2024-12-13 22:00:00,50.1,3937,228,0.707
2024-12-13 22:02:00,50.0,2801,228,0
2024-12-13 22:04:00,50.0,7874,228,0.707
2024-12-13 22:06:00,50.0,6536,227,4.95
2024-12-13 22:08:00,49.7,1969,227,0
2024-12-13 22:10:00,50.1,4926,228,0
2024-12-13 22:12:00,50.2,4367,227,0
2024-12-13 22:14:00,49.9,3937,227,0
2024-12-13 22:16:00,50.0,6452,227,0.707
2024-12-13 22:18:00,50.0,7874,227,0.707
2024-12-13 22:20:00,50.0,2611,228,0.707
2024-12-13 22:22:00,50.0,4854,227,0
2024-12-13 22:24:00,50.3,4926,227,0
2024-12-13 22:26:00,49.8,7874,227,0
2024-12-13 22:28:00,50.0,4367,227,0
2024-12-13 22:30:00,49.8,6536,227,0
2024-12-13 22:32:00,49.8,4329,227,0.707
2024-12-13 22:34:00,49.9,9804,227,0
2024-12-13 22:36:00,50.0,7874,228,0
2024-12-13 22:38:00,49.9,4926,227,0
2024-12-13 22:40:00,50.1,4926,227,0
2024-12-13 22:42:00,49.9,7874,227,0
2024-12-13 22:44:00,50.0,3937,227,0.707
2024-12-13 22:46:00,49.9,5618,227,0.707
2024-12-13 22:48:00,50.0,7874,227,0
2024-12-13 22:50:00,50.0,5618,227,0.707
2024-12-13 22:52:00,50.2,3937,227,0
2024-12-13 22:54:00,50,6452,227,0
2024-12-13 22:56:00,50.1,4367,227,0
2024-12-13 22:58:00,49.9,5618,227,0.707
2024-12-13 23:00:00,49.9,3937,228,0.707
2024-12-13 23:02:00,50.0,4926,227,0.707
2024-12-13 23:04:00,49.8,2817,228,0
2024-12-13 23:06:00,50.0,9804,227,0
2024-12-13 23:08:00,50.1,3937,227,0
2024-12-13 23:10:00,49.9,3584,228,0.707
2024-12-13 23:12:00,49.9,7874,227,0
2024-12-13 23:14:00,49.9,4367,227,0.707
2024-12-13 23:16:00,49.9,2179,228,0
2024-12-13 23:18:00,50.0,3279,228,0
2024-12-13 23:20:00,50.2,4878,228,0
2024-12-13 23:22:00,50.0,4854,228,0
2024-12-13 23:24:00,50.1,5618,228,0.707
2024-12-13 23:26:00,50.0,4926,228,0
2024-12-13 23:28:00,50.0,4926,228,0
2024-12-13 23:30:00,50.0,5618,228,0
2024-12-13 23:32:00,49.9,6452,227,0
2024-12-13 23:34:00,50.2,6536,227,0.707
2024-12-13 23:36:00,49.9,4878,228,0
2024-12-13 23:38:00,50.0,5618,227,0.707
2024-12-13 23:40:00,49.9,6536,228,0
2024-12-13 23:42:00,50.2,7752,228,0
2024-12-13 23:44:00,50.0,6536,228,0
2024-12-13 23:46:00,50.0,3030,228,0
2024-12-13 23:48:00,49.9,3279,227,0.707
2024-12-13 23:50:00,50.2,4878,228,0.707
2024-12-13 23:52:00,50.0,5618,227,0
2024-12-13 23:54:00,50.0,2451,231,0
2024-12-13 23:56:00,50.1,4926,231,0
2024-12-13 23:58:00,50.0,4926,231,0
2024-12-14 00:00:00,50.0,3584,231,0.707
2024-12-14 00:02:00,50.0,3584,231,0
2024-12-14 00:04:00,50.0,7813,231,0.707
2024-12-14 00:06:00,50.1,3937,231,0.707
2024-12-14 00:08:00,50.0,3922,231,0
2024-12-14 00:10:00,49.7,4926,231,0
2024-12-14 00:12:00,50.0,7874,231,0
2024-12-14 00:14:00,50.1,9804,231,0.707
2024-12-14 00:16:00,49.9,5814,231,0
2024-12-14 00:18:00,49.9,9804,231,0.707
2024-12-14 00:20:00,99.4,9804,231,0
2024-12-14 00:22:00,49.9,6536,231,0
2024-12-14 00:24:00,50.0,5618,231,0.707
2024-12-14 00:26:00,50.0,4329,231,0
2024-12-14 00:28:00,50.2,4367,231,0
2024-12-14 00:30:00,49.9,3030,231,0
2024-12-14 00:32:00,49.8,9804,231,0
2024-12-14 00:34:00,49.9,9804,231,0
2024-12-14 00:36:00,50.0,4367,231,0
2024-12-14 00:38:00,49.9,5464,231,0
2024-12-14 00:40:00,50.1,6536,231,0
2024-12-14 00:42:00,50.1,5618,231,0
2024-12-14 00:44:00,50.1,7874,231,0
2024-12-14 00:46:00,50.1,3937,231,0
2024-12-14 00:48:00,50.0,6579,231,0
2024-12-14 00:50:00,50,6536,231,0
2024-12-14 00:52:00,50,5618,231,0
2024-12-14 00:54:00,50.0,6452,231,0.707
2024-12-14 00:56:00,50.0,9804,231,0
2024-12-14 00:58:00,49.8,4367,231,0.707
2024-12-14 01:00:00,49.9,5618,231,0
2024-12-14 01:02:00,50.1,1880,231,0.707
2024-12-14 01:04:00,49.9,6452,231,0
2024-12-14 01:06:00,50.0,6536,231,0
2024-12-14 01:08:00,50.1,4878,231,0.707
2024-12-14 01:10:00,50.1,4854,231,0
2024-12-14 01:12:00,49.9,6536,231,0.707
2024-12-14 01:14:00,50.1,2309,231,0
2024-12-14 01:16:00,49.9,6579,231,0
2024-12-14 01:18:00,50.1,9804,231,0
2024-12-14 01:20:00,50.0,3030,231,0
2024-12-14 01:22:00,49.9,6579,231,0.707
2024-12-14 01:24:00,50.1,4386,231,0
2024-12-14 01:26:00,50.0,4292,231,0.707
2024-12-14 01:28:00,49.9,3891,231,0
2024-12-14 01:30:00,49.9,6536,231,0
2024-12-14 01:32:00,50.0,5618,231,0.707
2024-12-14 01:34:00,50.1,5618,231,0.707
2024-12-14 01:36:00,50.1,5618,231,0
2024-12-14 01:38:00,50.0,6536,231,0.707
2024-12-14 01:40:00,50.3,6494,231,0.707
2024-12-14 01:42:00,50.0,5618,231,0
2024-12-14 01:44:00,50.1,7874,231,0
2024-12-14 01:46:00,49.7,3559,231,0
2024-12-14 01:48:00,50.1,5618,231,0.707
2024-12-14 01:50:00,49.8,4367,231,0.707
2024-12-14 01:52:00,50.0,4926,231,0.707
2024-12-14 01:54:00,49.7,7874,231,0
2024-12-14 01:56:00,50.1,3279,231,0
2024-12-14 01:58:00,50.1,9804,231,0
2024-12-14 02:00:00,50.1,7874,231,0
2024-12-14 02:02:00,50.0,2632,231,0.707
2024-12-14 02:04:00,49.8,3937,231,0.707
2024-12-14 02:06:00,49.9,4926,231,0.707
2024-12-14 02:08:00,50.1,3584,231,0
2024-12-14 02:10:00,50.1,3268,231,0
2024-12-14 02:12:00,50.1,9804,231,0.707
2024-12-14 02:14:00,49.9,9804,231,0.707
2024-12-14 02:16:00,50,5587,231,0.707
2024-12-14 02:18:00,50.1,2611,231,0.707
2024-12-14 02:20:00,49.8,5618,231,0.707
2024-12-14 02:22:00,49.9,6536,231,0
2024-12-14 02:24:00,50.1,7874,231,0
2024-12-14 02:26:00,49.9,3279,231,0
2024-12-14 02:28:00,50.0,5618,231,0
2024-12-14 02:30:00,50.1,5618,231,0
2024-12-14 02:32:00,50.2,2463,231,0
2024-12-14 02:34:00,49.7,3030,231,0
2024-12-14 02:36:00,50.0,7874,231,0.707
2024-12-14 02:38:00,50.0,9804,231,0
2024-12-14 02:40:00,50.0,6536,231,0.707
2024-12-14 02:42:00,49.9,3584,231,0
2024-12-14 02:44:00,49.7,3030,231,0.707
2024-12-14 02:46:00,50.0,7874,231,0.707
2024-12-14 02:48:00,49.8,5618,231,0.707
2024-12-14 02:50:00,50.0,2625,231,0
2024-12-14 02:52:00,50.2,2849,231,0.707
2024-12-14 02:54:00,49.8,3584,231,0
2024-12-14 02:56:00,49.8,4367,231,0.707
2024-12-14 02:58:00,50.0,5618,231,0.707
2024-12-14 03:00:00,49.9,6579,231,0.707
2024-12-14 03:02:00,49.9,7874,231,0.707
2024-12-14 03:04:00,49.9,5618,231,0.707
2024-12-14 03:06:00,49.9,2193,231,0
2024-12-14 03:08:00,50.1,4367,231,0.707
2024-12-14 03:10:00,49.9,6536,231,0
2024-12-14 03:12:00,49.9,4902,231,0
2024-12-14 03:14:00,49.9,5495,231,0.707
2024-12-14 03:16:00,49.9,5618,231,0
2024-12-14 03:18:00,50.0,5556,231,0
2024-12-14 03:20:00,49.9,7813,231,0
2024-12-14 03:22:00,49.9,6536,231,0.707
2024-12-14 03:24:00,49.7,3546,231,0.707
2024-12-14 03:26:00,49.9,4386,231,0.707
2024-12-14 03:28:00,50.2,4926,231,0.707
2024-12-14 03:30:00,50.1,4348,231,0
2024-12-14 03:32:00,49.9,6536,231,0.707
2024-12-14 03:34:00,50.0,5587,231,0.707
2024-12-14 03:36:00,50.0,5618,231,0.707
2024-12-14 03:38:00,49.9,3559,231,0.707
2024-12-14 03:40:00,50.0,3584,231,0.707
2024-12-14 03:42:00,49.9,4367,231,0.707
2024-12-14 03:44:00,50.1,3571,231,0.707
2024-12-14 03:46:00,49.9,4878,231,0.707
2024-12-14 03:48:00,50.0,3584,231,0.707
2024-12-14 03:50:00,50.0,4348,231,0.707
2024-12-14 03:52:00,50.0,6536,231,0.707
2024-12-14 03:54:00,49.9,6494,231,0.707
2024-12-14 03:56:00,50.1,4926,231,0.707
2024-12-14 03:58:00,50.0,4329,231,0.707
2024-12-14 04:00:00,50.1,4367,231,0.707
2024-12-14 04:02:00,50.0,5618,231,0.707
2024-12-14 04:04:00,49.9,4926,231,0.707
2024-12-14 04:06:00,49.9,4310,231,0.707
2024-12-14 04:08:00,50.0,3559,231,0.707
2024-12-14 04:10:00,50.1,3937,231,0.707
2024-12-14 04:12:00,50.0,5587,231,0.707
2024-12-14 04:14:00,50.0,3584,231,0.707
2024-12-14 04:16:00,49.8,3584,231,0.707
2024-12-14 04:18:00,50.2,5618,231,0.707
2024-12-14 04:20:00,49.8,5618,231,0.707
2024-12-14 04:22:00,49.7,5618,231,0.707
2024-12-14 04:24:00,50.0,5618,231,0.707
2024-12-14 04:26:00,49.9,5618,231,0.707
2024-12-14 04:28:00,50.2,3559,231,0.707
2024-12-14 04:30:00,50.1,4348,231,0.707
2024-12-14 04:32:00,49.9,2463,231,0.707
2024-12-14 04:34:00,50.1,6536,231,0.707
2024-12-14 04:36:00,50.0,6536,231,0.707
2024-12-14 04:38:00,50.0,3012,231,0.707
2024-12-14 04:40:00,50.0,5618,231,0.707
2024-12-14 04:42:00,50.0,6536,231,0.707
2024-12-14 04:44:00,49.9,3891,231,0.707
2024-12-14 04:46:00,49.9,4367,231,0.707
2024-12-14 04:48:00,49.8,7874,231,0.707
2024-12-14 04:50:00,49.9,7874,231,0.707
2024-12-14 04:52:00,50.0,7874,231,0.707
2024-12-14 04:54:00,50.0,9804,231,0.707
2024-12-14 04:56:00,50.0,4926,231,0.707
2024-12-14 04:58:00,50.0,6494,231,0.707
2024-12-14 05:00:00,50.0,4902,231,0.707
2024-12-14 05:02:00,50.1,4926,231,0.707
2024-12-14 05:04:00,50.2,3937,231,0.707
2024-12-14 05:06:00,49.8,4926,231,0.707
2024-12-14 05:08:00,49.9,2304,231,0.707
2024-12-14 05:10:00,49.8,7874,231,0.707
2024-12-14 05:12:00,50.0,7874,231,0.707
2024-12-14 05:14:00,50.0,6944,231,0.707
2024-12-14 05:16:00,50.1,3279,231,0.707
2024-12-14 05:18:00,49.9,5618,231,0.707
2024-12-14 05:20:00,49.8,9804,231,0.707
2024-12-14 05:22:00,49.9,5618,231,0.707
2024-12-14 05:24:00,50.0,4926,231,0.707
2024-12-14 05:26:00,50.2,5618,231,0.707
2024-12-14 05:28:00,50.0,5618,231,0.707
2024-12-14 05:30:00,50.0,3030,231,0.707
2024-12-14 05:32:00,49.6,3922,231,0.707
2024-12-14 05:34:00,49.9,5618,231,0.707
2024-12-14 05:36:00,49.9,5618,231,0.707
2024-12-14 05:38:00,50.0,49.8,231,214
2024-12-14 05:40:00,50.1,49.9,231,214
2024-12-14 05:42:00,50.1,50.0,231,216
2024-12-14 05:44:00,50.0,49.7,231,216
2024-12-14 05:46:00,49.7,49.8,231,217
2024-12-14 05:48:00,49.8,49.7,231,215
2024-12-14 05:50:00,50.0,50.0,231,217
2024-12-14 05:52:00,49.7,49.9,231,214
2024-12-14 05:54:00,49.9,49.9,231,219
2024-12-14 05:56:00,50.0,49.5,231,217
2024-12-14 05:58:00,49.9,49.7,231,212
2024-12-14 06:00:00,49.8,50.2,231,215
2024-12-14 06:02:00,50.3,49.8,231,214
2024-12-14 06:04:00,50.1,49.7,231,216
2024-12-14 06:06:00,49.9,50.0,231,218
2024-12-14 06:08:00,50.0,50.0,231,211
2024-12-14 06:10:00,50.2,49.4,230,214
2024-12-14 06:12:00,50.0,49.3,230,214
2024-12-14 06:14:00,49.7,49.7,230,211
2024-12-14 06:16:00,50.0,49.8,230,211
2024-12-14 06:18:00,50.1,49.5,230,212
2024-12-14 06:20:00,49.9,49.5,230,205
2024-12-14 06:22:00,49.9,49.7,229,215
2024-12-14 06:24:00,50.0,49.4,230,216
2024-12-14 06:26:00,50.0,49.4,229,219
2024-12-14 06:28:00,49.9,49.9,229,217
2024-12-14 06:30:00,49.6,50.0,229,221
2024-12-14 06:32:00,50.1,50.0,229,221
2024-12-14 06:34:00,49.9,49.9,231,219
2024-12-14 06:36:00,50.1,49.8,229,219
2024-12-14 06:38:00,50.0,49.7,231,214
2024-12-14 06:40:00,50.0,49.6,231,214
2024-12-14 06:42:00,50.0,49.3,231,207
2024-12-14 06:44:00,49.8,49.7,229,204
2024-12-14 06:46:00,50.2,49.8,229,211
2024-12-14 06:48:00,50.1,49.6,229,208
2024-12-14 06:50:00,50.0,49.8,229,207
2024-12-14 06:52:00,49.8,50.0,229,210
2024-12-14 06:54:00,49.8,50.4,229,213
2024-12-14 06:56:00,49.9,49.8,229,217
2024-12-14 06:58:00,50.0,49.8,229,206
2024-12-14 07:00:00,50.3,49.8,229,206
2024-12-14 07:02:00,49.9,49.7,229,204
2024-12-14 07:04:00,49.7,49.8,229,205
2024-12-14 07:06:00,49.9,50.0,229,209
2024-12-14 07:08:00,50.0,49.6,229,214
2024-12-14 07:10:00,49.8,49.6,229,199
2024-12-14 07:12:00,50.3,49.7,229,200
2024-12-14 07:14:00,50.0,49.7,231,200
2024-12-14 07:16:00,50.0,49.9,231,196
2024-12-14 07:18:00,50.0,50.0,231,199
2024-12-14 07:20:00,50.3,49.8,231,206
2024-12-14 07:22:00,50.0,50.2,231,211
2024-12-14 07:24:00,50.0,50.0,231,213
2024-12-14 07:26:00,49.8,49.9,231,211
2024-12-14 07:28:00,49.7,49.6,231,194
2024-12-14 07:30:00,50.0,49.8,231,202
2024-12-14 07:32:00,50.1,49.6,231,199
2024-12-14 07:34:00,49.9,49.7,231,209
2024-12-14 07:36:00,50.0,49.5,231,206
2024-12-14 07:38:00,49.8,49.9,231,205
2024-12-14 07:40:00,49.9,49.7,229,199
2024-12-14 07:42:00,50.2,49.8,229,194
2024-12-14 07:44:00,50.0,50.1,229,194
2024-12-14 07:46:00,50.2,49.9,229,196
2024-12-14 07:48:00,49.8,49.7,229,185
2024-12-14 07:50:00,50.0,49.8,229,192
2024-12-14 07:52:00,50.0,49.5,229,195
2024-12-14 07:54:00,50.0,49.8,229,193
2024-12-14 07:56:00,50.0,49.6,229,187
2024-12-14 07:58:00,50.0,49.5,229,192
2024-12-14 08:00:00,50.0,49.4,229,187
2024-12-14 08:02:00,49.9,49.8,231,179
2024-12-14 08:04:00,49.7,49.8,231,177
2024-12-14 08:06:00,50.0,49.8,232,173
2024-12-14 08:08:00,50.0,49.8,231,178
2024-12-14 08:10:00,50.0,49.6,231,170
2024-12-14 08:12:00,49.8,49.6,230,189
2024-12-14 08:14:00,50.1,49.5,229,191
2024-12-14 08:16:00,49.8,49.8,229,189
2024-12-14 08:18:00,49.9,50.1,229,187
2024-12-14 08:20:00,49.8,49.8,230,186
2024-12-14 08:22:00,49.9,49.6,229,193
2024-12-14 08:24:00,50.0,49.8,230,192
2024-12-14 08:26:00,49.9,49.5,229,190
2024-12-14 08:28:00,50.0,49.5,230,188
2024-12-14 08:30:00,50.0,49.3,230,195
2024-12-14 08:32:00,50.1,49.6,229,192
2024-12-14 08:34:00,49.9,49.7,229,195
2024-12-14 08:36:00,49.9,49.8,229,197
2024-12-14 08:38:00,50.1,49.8,230,202
2024-12-14 08:40:00,50.0,49.4,229,201
2024-12-14 08:42:00,49.9,49.4,230,196
2024-12-14 08:44:00,50,49.4,230,197
2024-12-14 08:46:00,50.0,49.8,229,190
2024-12-14 08:48:00,50.0,49.4,229,190
2024-12-14 08:50:00,50.0,49.8,230,189
2024-12-14 08:52:00,50.0,50.0,229,200
2024-12-14 08:54:00,49.8,49.5,230,193
2024-12-14 08:56:00,50.1,49.3,230,187
2024-12-14 08:58:00,50.0,49.5,229,192
2024-12-14 09:00:00,49.9,49.6,230,182
2024-12-14 09:02:00,50.0,49.5,229,194
2024-12-14 09:04:00,49.9,49.7,229,191
2024-12-14 09:06:00,50.0,49.5,229,194
2024-12-14 09:08:00,50.0,49.8,230,197
2024-12-14 09:10:00,50.0,49.5,229,191
2024-12-14 09:12:00,49.9,49.9,229,201
2024-12-14 09:14:00,49.9,49.6,229,195
2024-12-14 09:16:00,49.9,49.4,229,194
2024-12-14 09:18:00,50.0,49.3,229,194
2024-12-14 09:20:00,50.1,49.7,230,192
2024-12-14 09:22:00,49.9,49.8,229,198
2024-12-14 09:24:00,49.9,49.2,229,192
2024-12-14 09:26:00,50.0,49.7,229,198
2024-12-14 09:28:00,50.0,49.7,230,197
2024-12-14 09:30:00,49.8,49.1,233,180
2024-12-14 09:32:00,49.9,49.3,233,178
2024-12-14 09:34:00,49.9,49.6,233,178
2024-12-14 09:36:00,49.9,49.6,233,179
2024-12-14 09:38:00,49.9,49.5,232,182
2024-12-14 09:40:00,50.0,49.6,232,179
2024-12-14 09:42:00,50.0,49.9,233,181
2024-12-14 09:44:00,49.9,49.6,233,189
2024-12-14 09:46:00,50.0,49.7,232,181
2024-12-14 09:48:00,50.1,49.7,232,193
2024-12-14 09:50:00,49.9,49.9,232,182
2024-12-14 09:52:00,50.0,49.2,232,197
2024-12-14 09:54:00,49.7,49.5,233,194
2024-12-14 09:56:00,49.9,49.9,232,194
2024-12-14 09:58:00,50.0,49.6,232,204
2024-12-14 10:00:00,49.8,49.6,232,201
2024-12-14 10:02:00,50.0,49.5,232,194
2024-12-14 10:04:00,50.2,49.5,231,201
2024-12-14 10:06:00,49.9,49.5,232,194
2024-12-14 10:08:00,50.0,49.5,232,197
2024-12-14 10:10:00,49.9,49.4,232,201
2024-12-14 10:12:00,50.0,49.2,231,202
2024-12-14 10:14:00,49.9,49.4,232,194
2024-12-14 10:16:00,50.0,49.6,232,203
2024-12-14 10:18:00,50.0,49.6,232,203
2024-12-14 10:20:00,50.0,49.6,232,202
2024-12-14 10:22:00,50.1,49.4,232,199
2024-12-14 10:24:00,49.7,49.5,232,202
2024-12-14 10:26:00,50.1,49.8,231,203
2024-12-14 10:28:00,50.0,49.5,232,202
2024-12-14 10:30:00,50.0,49.5,232,204
2024-12-14 10:32:00,49.9,49.5,232,202
2024-12-14 10:34:00,50.2,49.3,232,203
2024-12-14 10:36:00,49.9,49.3,231,200
2024-12-14 10:38:00,49.7,49.2,232,202
2024-12-14 10:40:00,50.1,49.1,232,199
2024-12-14 10:42:00,49.7,49.3,232,198
2024-12-14 10:44:00,49.8,49.3,232,198
2024-12-14 10:46:00,50.1,49.4,233,190
2024-12-14 10:48:00,50.1,49.4,232,189
2024-12-14 10:50:00,49.9,49.6,228,206
2024-12-14 10:52:00,50.2,49.5,228,198
2024-12-14 10:54:00,49.9,49.3,228,198
2024-12-14 10:56:00,50.0,49.1,228,199
2024-12-14 10:58:00,50.2,49.2,228,201
2024-12-14 11:00:00,50.1,49.4,228,192
2024-12-14 11:02:00,50.0,49.3,228,199
2024-12-14 11:04:00,50.0,49.8,228,199
2024-12-14 11:06:00,50.1,49.9,228,199
2024-12-14 11:08:00,50.2,49.7,227,200
2024-12-14 11:10:00,50.2,49.9,228,197
2024-12-14 11:12:00,50.0,49.5,228,194
2024-12-14 11:14:00,50.1,49.5,228,194
2024-12-14 11:16:00,49.9,49.4,228,190
2024-12-14 11:18:00,49.8,49.2,228,187
2024-12-14 11:20:00,49.8,49.4,228,192
2024-12-14 11:22:00,50.0,49.3,227,188
2024-12-14 11:24:00,49.9,49.7,228,190
2024-12-14 11:26:00,50.1,49.6,228,187
2024-12-14 11:28:00,49.9,49.6,228,189
2024-12-14 11:30:00,50.0,49.4,228,188
2024-12-14 11:32:00,49.8,49.2,227,194
2024-12-14 11:34:00,49.9,49.2,227,180
2024-12-14 11:36:00,50.1,49.4,227,182
2024-12-14 11:38:00,49.9,49.4,227,182
2024-12-14 11:40:00,50.0,49.2,227,179
2024-12-14 11:42:00,50.0,49.0,227,187
2024-12-14 11:44:00,98.8,49.1,227,192
2024-12-14 11:46:00,49.9,49.6,227,192
2024-12-14 11:48:00,50.2,49.6,227,192
2024-12-14 11:50:00,50.0,49.2,227,185
2024-12-14 11:52:00,50.2,49.0,227,190
2024-12-14 11:54:00,49.9,49.2,227,196
2024-12-14 11:56:00,50.1,49.4,227,196
2024-12-14 11:58:00,49.8,49.3,227,197
2024-12-14 12:00:00,49.9,49.5,227,192
2024-12-14 12:02:00,49.9,49.6,227,198
2024-12-14 12:04:00,50.0,49.8,228,197
2024-12-14 12:06:00,49.7,48.9,228,193
2024-12-14 12:08:00,50.0,49.2,228,196
2024-12-14 12:10:00,49.9,49.3,228,192
2024-12-14 12:12:00,50.1,49.2,228,194
2024-12-14 12:14:00,50.1,49.5,228,193
2024-12-14 12:16:00,49.9,49.3,228,193
2024-12-14 12:18:00,49.8,49.2,228,190
2024-12-14 12:20:00,100,49.3,228,187
2024-12-14 12:22:00,50.1,49.6,228,189
2024-12-14 12:24:00,50.0,49.4,228,190
2024-12-14 12:26:00,50.2,49.5,227,189
2024-12-14 12:28:00,50.0,49.5,227,193
2024-12-14 12:30:00,50.0,49.5,227,196
2024-12-14 12:32:00,50.0,49.1,227,187
2024-12-14 12:34:00,50.0,49.7,227,197
2024-12-14 12:36:00,49.9,49.8,227,197
2024-12-14 12:38:00,49.8,49.5,228,194
2024-12-14 12:40:00,49.9,49.6,228,196
2024-12-14 12:42:00,49.6,50.0,227,186
2024-12-14 12:44:00,49.9,49.6,227,190
2024-12-14 12:46:00,49.8,49.6,227,187
2024-12-14 12:48:00,49.9,49.4,227,186
2024-12-14 12:50:00,49.7,49.5,227,184
2024-12-14 12:52:00,49.8,49.5,228,187
2024-12-14 12:54:00,50.0,49.4,227,180
2024-12-14 12:56:00,49.9,49.6,227,189
2024-12-14 12:58:00,49.9,49.4,227,189
2024-12-14 13:00:00,50.0,49.5,227,184
2024-12-14 13:02:00,49.8,49.4,227,188
2024-12-14 13:04:00,50.1,50.0,227,190
2024-12-14 13:06:00,50.0,49.8,227,192
2024-12-14 13:08:00,49.9,49.2,227,190
2024-12-14 13:10:00,50.2,49.1,227,197
2024-12-14 13:12:00,50.2,49.3,227,196
2024-12-14 13:14:00,49.9,49.5,227,198
2024-12-14 13:16:00,50.0,49.6,227,190
2024-12-14 13:18:00,50.0,49.3,227,192
2024-12-14 13:20:00,50.0,49.6,227,190
2024-12-14 13:22:00,50.1,49.6,227,192
2024-12-14 13:24:00,50.0,49.6,227,197
2024-12-14 13:26:00,49.9,49.9,227,193
2024-12-14 13:28:00,50.3,49.8,227,191
2024-12-14 13:30:00,50.0,49.5,227,204
2024-12-14 13:32:00,50.0,49.6,227,197
2024-12-14 13:34:00,49.9,49.6,227,197
2024-12-14 13:36:00,50.1,49.6,227,192
2024-12-14 13:38:00,49.9,49.5,227,195
2024-12-14 13:40:00,50.1,49.8,227,195
2024-12-14 13:42:00,50.1,49.8,228,194
2024-12-14 13:44:00,49.9,50.0,228,190
2024-12-14 13:46:00,50.0,50.0,228,194
2024-12-14 13:48:00,49.9,49.4,227,198
2024-12-14 13:50:00,50.0,49.2,227,200
2024-12-14 13:52:00,50.0,49.5,227,192
2024-12-14 13:54:00,50.0,49.7,227,197
2024-12-14 13:56:00,49.9,49.2,227,197
2024-12-14 13:58:00,50.3,49.8,227,200
2024-12-14 14:00:00,49.8,49.5,227,199
2024-12-14 14:02:00,50.2,50.0,227,197
2024-12-14 14:04:00,49.8,49.6,227,199
2024-12-14 14:06:00,50.3,49.8,227,197
2024-12-14 14:08:00,50.1,49.7,227,199
2024-12-14 14:10:00,49.8,49.5,227,194
2024-12-14 14:12:00,50.0,49.3,227,196
2024-12-14 14:14:00,50.0,49.3,227,191
2024-12-14 14:16:00,49.8,49.4,227,190
2024-12-14 14:18:00,50.2,49.1,227,185
2024-12-14 14:20:00,50.0,49.4,227,191
2024-12-14 14:22:00,49.9,49.3,227,190
2024-12-14 14:24:00,50.0,49.6,227,193
2024-12-14 14:26:00,50.0,49.1,227,193
2024-12-14 14:28:00,50.1,49.5,227,197
2024-12-14 14:30:00,50.0,49.5,227,198
2024-12-14 14:32:00,49.9,49.5,227,199
2024-12-14 14:34:00,50.0,49.4,227,199
2024-12-14 14:36:00,49.8,49.4,227,199
2024-12-14 14:38:00,49.8,49.8,227,197
2024-12-14 14:40:00,49.8,49.2,227,193
2024-12-14 14:42:00,50.2,49.3,227,190
2024-12-14 14:44:00,49.9,49.4,227,187
2024-12-14 14:46:00,49.9,49.6,227,182
2024-12-14 14:48:00,49.8,49.6,227,190
2024-12-14 14:50:00,50.1,49.8,227,192
2024-12-14 14:52:00,49.9,49.2,227,192
2024-12-14 14:54:00,50.1,49.0,227,189
2024-12-14 14:56:00,49.8,49.4,227,192
2024-12-14 14:58:00,49.8,49.2,227,192
2024-12-14 15:00:00,49.8,49.1,227,189
2024-12-14 15:02:00,50.0,49.5,227,192
2024-12-14 15:04:00,50.0,49.6,227,191
2024-12-14 15:06:00,50.0,49.5,227,185
2024-12-14 15:08:00,49.9,49.7,227,187
2024-12-14 15:10:00,50.0,49.4,227,190
2024-12-14 15:12:00,49.9,49.3,227,194
2024-12-14 15:14:00,50.0,49.7,227,190
2024-12-14 15:16:00,49.9,49.4,227,194
2024-12-14 15:18:00,50.0,49.4,228,189
2024-12-14 15:20:00,49.9,49.4,228,192
2024-12-14 15:22:00,49.7,49.3,228,187
2024-12-14 15:24:00,50.2,49.6,227,186
2024-12-14 15:26:00,50.3,49.4,227,190
2024-12-14 15:28:00,50.3,49.7,227,196
2024-12-14 15:30:00,49.9,49.3,227,190
2024-12-14 15:32:00,49.7,49.2,227,188
2024-12-14 15:34:00,50.1,49.7,228,190
2024-12-14 15:36:00,50.0,49.5,227,182
2024-12-14 15:38:00,49.8,49.7,227,187
2024-12-14 15:40:00,50.0,49.6,227,191
2024-12-14 15:42:00,50.1,49.4,227,190
2024-12-14 15:44:00,50.0,49.4,227,186
2024-12-14 15:46:00,50.0,49.5,227,188
2024-12-14 15:48:00,50.1,49.4,227,186
2024-12-14 15:50:00,49.9,49.4,227,189
2024-12-14 15:52:00,49.8,49.3,227,189
2024-12-14 15:54:00,50.0,49.6,228,181
2024-12-14 15:56:00,49.9,49.6,227,187
2024-12-14 15:58:00,50.0,49.2,227,187
2024-12-14 16:00:00,49.9,49.5,227,183
2024-12-14 16:02:00,50.0,49.6,227,187
2024-12-14 16:04:00,50.0,49.8,227,194
2024-12-14 16:06:00,49.8,49.5,227,193
2024-12-14 16:08:00,50.0,49.6,228,182
2024-12-14 16:10:00,50.0,49.8,227,182
2024-12-14 16:12:00,50.0,49.4,227,181
2024-12-14 16:14:00,49.9,49.2,227,180
2024-12-14 16:16:00,50.3,50.0,227,185
2024-12-14 16:18:00,50.0,49.5,227,186
2024-12-14 16:20:00,49.9,49.6,227,188
2024-12-14 16:22:00,50.0,49.6,227,187
2024-12-14 16:24:00,50.0,49.1,227,189
2024-12-14 16:26:00,50.0,49.5,227,191
2024-12-14 16:28:00,50.0,49.8,227,185
2024-12-14 16:30:00,50.0,49.6,227,188
2024-12-14 16:32:00,49.9,49.7,227,192
2024-12-14 16:34:00,50.2,50.1,226,190
2024-12-14 16:36:00,50.0,49.9,226,194
2024-12-14 16:38:00,49.8,49.6,227,182
2024-12-14 16:40:00,49.8,49.6,227,186
2024-12-14 16:42:00,49.8,49.6,227,190
2024-12-14 16:44:00,50,49.5,227,182
2024-12-14 16:46:00,50.2,49.5,227,179
2024-12-14 16:48:00,49.8,49.8,227,181
2024-12-14 16:50:00,50.1,49.4,227,185
2024-12-14 16:52:00,50.0,49.6,227,182
2024-12-14 16:54:00,50.1,49.7,227,181
2024-12-14 16:56:00,50.1,49.7,227,184
2024-12-14 16:58:00,50.0,49.5,227,182
2024-12-14 17:00:00,49.8,49.3,227,182
2024-12-14 17:02:00,100,49.7,227,187
2024-12-14 17:04:00,100,49.3,227,184
2024-12-14 17:06:00,49.9,49.2,227,192
2024-12-14 17:08:00,50.0,49.2,227,194
2024-12-14 17:10:00,49.7,49.5,227,187
2024-12-14 17:12:00,50.1,49.9,227,189
2024-12-14 17:14:00,50.0,49.6,228,185
2024-12-14 17:16:00,50.2,49.5,227,187
2024-12-14 17:18:00,49.9,49.8,227,185
2024-12-14 17:20:00,50.0,49.7,227,185
2024-12-14 17:22:00,50.1,49.8,227,187
2024-12-14 17:24:00,50.0,49.9,227,188
2024-12-14 17:26:00,49.8,49.8,228,181
2024-12-14 17:28:00,49.8,50.1,226,182
2024-12-14 17:30:00,49.8,49.8,227,186
2024-12-14 17:32:00,50.0,49.6,227,183
2024-12-14 17:34:00,49.7,49.7,227,187
2024-12-14 17:36:00,50.0,49.3,227,191
2024-12-14 17:38:00,49.9,49.3,227,190
2024-12-14 17:40:00,50.1,49.7,227,187
2024-12-14 17:42:00,50.1,49.6,227,185
2024-12-14 17:44:00,49.9,49.3,227,181
2024-12-14 17:46:00,50.0,49.6,227,181
2024-12-14 17:48:00,50.1,49.4,227,178
2024-12-14 17:50:00,50.2,49.4,227,182
2024-12-14 17:52:00,49.9,49.8,227,186
2024-12-14 17:54:00,50.1,49.7,227,187
2024-12-14 17:56:00,50.0,49.4,227,182
2024-12-14 17:58:00,50.0,49.6,227,182
2024-12-14 18:00:00,50.0,50.0,228,180
2024-12-14 18:02:00,50.0,49.6,227,183
2024-12-14 18:04:00,50.0,49.8,227,178
2024-12-14 18:06:00,100,49.6,227,173
2024-12-14 18:08:00,99.9,49.8,227,177
2024-12-14 18:10:00,50.2,49.8,227,185
2024-12-14 18:12:00,50.1,49.9,227,178
2024-12-14 18:14:00,50.0,49.8,226,175
2024-12-14 18:16:00,50.1,49.9,227,178
2024-12-14 18:18:00,50.0,49.7,226,176
2024-12-14 18:20:00,49.9,49.5,227,171
2024-12-14 18:22:00,50.0,49.5,227,169
2024-12-14 18:24:00,49.9,49.4,227,173
2024-12-14 18:26:00,50.0,49.3,228,169
2024-12-14 18:28:00,50.0,49.4,227,168
2024-12-14 18:30:00,49.9,49.0,227,178
2024-12-14 18:32:00,50.0,49.1,227,175
2024-12-14 18:34:00,50.1,49.4,227,172
2024-12-14 18:36:00,50.1,49.0,227,173
2024-12-14 18:38:00,50.0,48.2,227,175
2024-12-14 18:40:00,49.9,50.3,228,186
2024-12-14 18:42:00,50.3,50.3,227,187
2024-12-14 18:44:00,50.0,49.9,228,180
2024-12-14 18:46:00,50.1,49.4,227,179
2024-12-14 18:48:00,50.0,49.3,227,175
2024-12-14 18:50:00,50.1,49.3,227,172
2024-12-14 18:52:00,50.0,49.7,227,178
2024-12-14 18:54:00,49.8,49.5,227,178
2024-12-14 18:56:00,50.0,49.4,227,176
2024-12-14 18:58:00,50.0,49.6,228,174
2024-12-14 19:00:00,50.1,49.3,228,171
2024-12-14 19:02:00,49.7,49.2,228,165
2024-12-14 19:04:00,50.0,48.9,228,166
2024-12-14 19:06:00,50.1,49.4,228,166
2024-12-14 19:08:00,50.0,49.0,233,162
2024-12-14 19:10:00,50.0,49.1,233,170
2024-12-14 19:12:00,50.0,48.5,233,170
2024-12-14 19:14:00,50.0,49.1,232,164
2024-12-14 19:16:00,49.8,48.8,232,163
2024-12-14 19:18:00,49.9,49.2,232,173
2024-12-14 19:20:00,50.0,49.4,233,185
2024-12-14 19:22:00,50.1,49.4,232,180
2024-12-14 19:24:00,49.9,49.3,232,180
2024-12-14 19:26:00,49.7,49.6,233,182
2024-12-14 19:28:00,50.0,49.0,233,180
2024-12-14 19:30:00,50.0,49.4,232,182
2024-12-14 19:32:00,50.0,49.4,233,180
2024-12-14 19:34:00,50.0,49.4,233,180
2024-12-14 19:36:00,50.0,49.3,232,182
2024-12-14 19:38:00,50.1,49.3,232,179
2024-12-14 19:40:00,49.8,49.4,233,180
2024-12-14 19:42:00,49.8,49.3,232,181
2024-12-14 19:44:00,50.1,49.4,232,182
2024-12-14 19:46:00,50.0,49.5,232,181
2024-12-14 19:48:00,50.0,49.2,233,181
2024-12-14 19:50:00,50.0,49.1,232,178
2024-12-14 19:52:00,50.0,49.4,232,180
2024-12-14 19:54:00,49.9,49.5,233,173
2024-12-14 19:56:00,49.8,49.4,232,172
2024-12-14 19:58:00,50.0,49.5,232,172
2024-12-14 20:00:00,50.1,49.5,232,167
2024-12-14 20:02:00,50.0,49.7,232,172
2024-12-14 20:04:00,50.2,49.5,232,171
2024-12-14 20:06:00,49.9,49.8,231,171
2024-12-14 20:08:00,49.8,49.5,232,169
2024-12-14 20:10:00,50.0,49.3,232,168
2024-12-14 20:12:00,49.7,49.3,232,165
2024-12-14 20:14:00,50.1,49.5,232,166
2024-12-14 20:16:00,50.0,49.1,233,165
2024-12-14 20:18:00,50.0,49.3,232,165
2024-12-14 20:20:00,50.1,49.3,232,170
2024-12-14 20:22:00,49.8,49.5,232,170
2024-12-14 20:24:00,50.0,49.3,232,173
2024-12-14 20:26:00,49.9,49.5,232,183
2024-12-14 20:28:00,49.7,49.4,232,182
2024-12-14 20:30:00,50.0,49.6,233,180
2024-12-14 20:32:00,49.8,49.6,232,178
2024-12-14 20:34:00,49.9,49.7,232,180
2024-12-14 20:36:00,50.0,49.5,231,181
2024-12-14 20:38:00,50.1,49.5,233,182
2024-12-14 20:40:00,50.0,49.8,231,183
2024-12-14 20:42:00,49.8,49.2,232,181
2024-12-14 20:44:00,50.2,49.6,232,183
2024-12-14 20:46:00,50.0,49.6,231,182
2024-12-14 20:48:00,50.1,49.5,231,183
2024-12-14 20:50:00,49.7,49.7,231,186
2024-12-14 20:52:00,49.9,49.8,231,183
2024-12-14 20:54:00,50.0,49.4,232,181
2024-12-14 20:56:00,50.0,49.8,232,186
2024-12-14 20:58:00,50.0,50.0,232,185
2024-12-14 21:00:00,49.9,49.7,231,185
2024-12-14 21:02:00,49.8,50.1,231,183
2024-12-14 21:04:00,50.0,49.7,231,181
2024-12-14 21:06:00,50.0,49.6,231,181
2024-12-14 21:08:00,50.0,50.0,232,185
2024-12-14 21:10:00,50.0,49.9,232,189
2024-12-14 21:12:00,49.9,49.6,232,190
2024-12-14 21:14:00,49.9,49.9,232,191
2024-12-14 21:16:00,49.9,49.5,231,187
2024-12-14 21:18:00,49.9,49.9,233,190
2024-12-14 21:20:00,50.0,49.8,232,192
2024-12-14 21:22:00,50.2,49.9,231,195
2024-12-14 21:24:00,50.0,49.8,232,192
2024-12-14 21:26:00,49.9,49.8,231,193
2024-12-14 21:28:00,50.0,50.2,231,195
2024-12-14 21:30:00,50.1,50.0,232,196
2024-12-14 21:32:00,50.1,49.7,232,194
2024-12-14 21:34:00,49.9,49.9,231,194
2024-12-14 21:36:00,49.8,49.9,232,183
2024-12-14 21:38:00,50.1,49.6,232,185
2024-12-14 21:40:00,49.8,49.7,231,187
2024-12-14 21:42:00,50.0,49.8,232,192
2024-12-14 21:44:00,50.0,49.6,232,192
2024-12-14 21:46:00,50.0,49.9,232,190
2024-12-14 21:48:00,49.9,49.9,232,191
2024-12-14 21:50:00,49.8,49.8,232,192
2024-12-14 21:52:00,49.8,50.0,232,194
2024-12-14 21:54:00,50.0,50.3,232,193
2024-12-14 21:56:00,50.1,50.0,232,193
2024-12-14 21:58:00,50.0,50.2,232,197
2024-12-14 22:00:00,50.0,50.1,232,194
2024-12-14 22:02:00,50.0,49.7,231,191
2024-12-14 22:04:00,50.1,50.2,231,187
2024-12-14 22:06:00,49.9,49.8,232,189
2024-12-14 22:08:00,50.1,49.6,232,190
2024-12-14 22:10:00,50.0,50.1,232,192
2024-12-14 22:12:00,50.0,50.1,232,193
2024-12-14 22:14:00,50.0,49.8,232,194
2024-12-14 22:16:00,49.8,49.9,232,196
2024-12-14 22:18:00,50.0,50.0,231,197
2024-12-14 22:20:00,50.1,49.9,232,199
2024-12-14 22:22:00,50.0,50.2,233,197
2024-12-14 22:24:00,49.8,50.2,232,194
2024-12-14 22:26:00,49.9,50.1,232,198
2024-12-14 22:28:00,49.9,50.2,232,198
2024-12-14 22:30:00,49.9,50.2,231,197
2024-12-14 22:32:00,49.9,50.0,232,200
2024-12-14 22:34:00,50.0,50.1,232,201
2024-12-14 22:36:00,50.1,50.2,232,203
2024-12-14 22:38:00,50.0,49.8,232,197
2024-12-14 22:40:00,50.0,50.2,232,196
2024-12-14 22:42:00,50.2,50.5,232,192
2024-12-14 22:44:00,50.0,50.1,227,197
2024-12-14 22:46:00,50.1,50.2,227,199
2024-12-14 22:48:00,50.0,50.4,228,197
2024-12-14 22:50:00,50.0,50.4,227,205
2024-12-14 22:52:00,50.2,50.5,227,207
2024-12-14 22:54:00,49.9,50.5,227,207
2024-12-14 22:56:00,50.0,50.3,227,207
2024-12-14 22:58:00,50.0,50.1,227,209
2024-12-14 23:00:00,50.0,50.4,227,204
2024-12-14 23:02:00,49.9,50.0,227,207
2024-12-14 23:04:00,50.0,50.0,227,208
2024-12-14 23:06:00,50.1,50.5,227,207
2024-12-14 23:08:00,49.9,50.3,227,209
2024-12-14 23:10:00,50.0,50.3,227,206
2024-12-14 23:12:00,50.0,50.3,227,208
2024-12-14 23:14:00,50.1,50.3,227,205
2024-12-14 23:16:00,50.0,50.4,227,209
2024-12-14 23:18:00,50.0,50.5,227,206
2024-12-14 23:20:00,49.6,50.5,227,209
2024-12-14 23:22:00,50.1,50.4,227,209
2024-12-14 23:24:00,50.0,50.6,227,209
2024-12-14 23:26:00,50.0,50.4,227,213
2024-12-14 23:28:00,50.0,50.0,226,214
2024-12-14 23:30:00,50.0,50.4,227,215
2024-12-14 23:32:00,49.7,50.3,227,213
2024-12-14 23:34:00,50.1,50.0,226,211
2024-12-14 23:36:00,49.9,50.5,227,215
2024-12-14 23:38:00,50.0,50.4,227,213
2024-12-14 23:40:00,49.9,50.4,227,206
2024-12-14 23:42:00,50.0,50.3,227,211
2024-12-14 23:44:00,49.9,50.6,227,217
2024-12-14 23:46:00,50.0,50.3,227,211
2024-12-14 23:48:00,50.2,50.7,227,217
2024-12-14 23:50:00,50.1,50.5,227,216
2024-12-14 23:52:00,50.0,50.5,227,219
2024-12-14 23:54:00,49.9,50.4,227,218
2024-12-14 23:56:00,50.1,50.5,227,217
2024-12-14 23:58:00,50.0,50.3,227,217
2024-12-15 00:00:00,49.6,50.4,227,219
2024-12-15 00:02:00,50.0,50.5,227,218
2024-12-15 00:04:00,50.1,50.5,227,219
2024-12-15 00:06:00,50.1,50.0,227,216
2024-12-15 00:08:00,49.8,49.7,227,218
2024-12-15 00:10:00,50.1,49.9,228,223
2024-12-15 00:12:00,50.1,49.8,227,216
2024-12-15 00:14:00,50.0,49.7,227,219
2024-12-15 00:16:00,50.0,49.7,227,219
2024-12-15 00:18:00,49.9,49.5,227,219
2024-12-15 00:20:00,50.0,49.5,227,216
2024-12-15 00:22:00,50.0,49.5,227,219
2024-12-15 00:24:00,50.0,49.4,227,219
2024-12-15 00:26:00,50.0,49.3,227,218
2024-12-15 00:28:00,49.8,49.5,227,215
2024-12-15 00:30:00,50.0,49.4,227,218
2024-12-15 00:32:00,49.9,49.5,227,217
2024-12-15 00:34:00,50.0,49.3,227,216
2024-12-15 00:36:00,49.8,49.7,227,217
2024-12-15 00:38:00,50.1,49.5,227,219
2024-12-15 00:40:00,50.0,49.4,227,220
2024-12-15 00:42:00,50.0,49.9,227,219
2024-12-15 00:44:00,50.0,49.5,227,217
2024-12-15 00:46:00,49.8,49.9,227,219
2024-12-15 00:48:00,49.9,49.5,227,220
2024-12-15 00:50:00,49.9,49.3,227,216
2024-12-15 00:52:00,50.0,49.5,227,219
2024-12-15 00:54:00,49.8,49.6,227,219
2024-12-15 00:56:00,49.9,49.4,227,219
2024-12-15 00:58:00,49.9,49.3,227,219
2024-12-15 01:00:00,50.0,49.5,227,221
2024-12-15 01:02:00,50.1,49.4,227,218
2024-12-15 01:04:00,50.1,49.9,226,221
2024-12-15 01:06:00,50.0,49.8,227,219
2024-12-15 01:08:00,50.0,49.7,227,223
2024-12-15 01:10:00,50.1,49.9,227,223
2024-12-15 01:12:00,49.9,49.8,228,224
2024-12-15 01:14:00,50.1,49.6,227,222
2024-12-15 01:16:00,49.8,49.5,227,221
2024-12-15 01:18:00,50.0,49.6,227,221
2024-12-15 01:20:00,50.0,49.5,227,223
2024-12-15 01:22:00,49.9,49.4,227,223
2024-12-15 01:24:00,49.7,49.4,226,224
2024-12-15 01:26:00,49.8,49.3,227,223
2024-12-15 01:28:00,49.8,49.8,227,226
2024-12-15 01:30:00,50.1,49.8,227,225
2024-12-15 01:32:00,50.0,49.6,227,223
2024-12-15 01:34:00,50.0,49.7,227,223
2024-12-15 01:36:00,49.8,49.8,227,223
2024-12-15 01:38:00,49.9,49.8,227,223
2024-12-15 01:40:00,50.0,49.7,227,224
2024-12-15 01:42:00,50.0,49.8,227,223
2024-12-15 01:44:00,50.0,49.6,227,225
2024-12-15 01:46:00,50.0,49.5,227,221
2024-12-15 01:48:00,50.0,49.4,227,221
2024-12-15 01:50:00,49.9,49.4,227,222
2024-12-15 01:52:00,50.0,49.7,227,223
2024-12-15 01:54:00,49.7,49.3,227,223
2024-12-15 01:56:00,50.0,49.9,227,223
2024-12-15 01:58:00,50.3,49.7,227,224
2024-12-15 02:00:00,50.2,49.4,227,223
2024-12-15 02:02:00,50.2,49.9,227,223
2024-12-15 02:04:00,49.9,49.8,227,222
2024-12-15 02:06:00,49.7,49.8,227,223
2024-12-15 02:08:00,49.7,49.7,227,223
2024-12-15 02:10:00,50.2,49.9,227,224
2024-12-15 02:12:00,50.0,49.8,227,223
2024-12-15 02:14:00,49.9,49.4,227,221
2024-12-15 02:16:00,49.9,49.7,227,221
2024-12-15 02:18:00,50.0,49.5,227,221
2024-12-15 02:20:00,49.9,49.7,227,222
2024-12-15 02:22:00,49.8,49.6,227,223
2024-12-15 02:24:00,50.0,49.7,227,223
2024-12-15 02:26:00,50.1,49.6,227,224
2024-12-15 02:28:00,49.9,49.5,227,225
2024-12-15 02:30:00,49.9,49.6,227,222
2024-12-15 02:32:00,49.9,49.6,227,224
2024-12-15 02:34:00,50.2,49.8,227,225
2024-12-15 02:36:00,50.2,49.8,227,224
2024-12-15 02:38:00,50.0,49.9,227,222
2024-12-15 02:40:00,50.1,49.8,227,222
2024-12-15 02:42:00,50.0,49.6,227,222
2024-12-15 02:44:00,49.7,49.8,227,221
2024-12-15 02:46:00,50.0,49.5,227,222
2024-12-15 02:48:00,50.3,49.6,226,222
2024-12-15 02:50:00,49.8,49.5,227,221
2024-12-15 02:52:00,50.0,49.6,226,221
2024-12-15 02:54:00,49.9,49.6,227,221
2024-12-15 02:56:00,49.8,49.8,227,223
2024-12-15 02:58:00,50.0,50.0,226,225
2024-12-15 03:00:00,49.9,49.9,226,225
2024-12-15 03:02:00,50.2,49.7,226,227
2024-12-15 03:04:00,50.1,50.1,227,226
2024-12-15 03:06:00,50.0,49.9,227,224
2024-12-15 03:08:00,50.0,49.8,227,223
2024-12-15 03:10:00,50.0,49.7,227,226
2024-12-15 03:12:00,50.0,49.6,227,224
2024-12-15 03:14:00,50.1,49.8,227,224
2024-12-15 03:16:00,50.3,49.3,227,223
2024-12-15 03:18:00,50.3,49.7,227,225
2024-12-15 03:20:00,50.2,49.6,227,223
2024-12-15 03:22:00,49.8,49.7,227,222
2024-12-15 03:24:00,50.0,49.4,227,223
2024-12-15 03:26:00,49.8,50.1,227,227
2024-12-15 03:28:00,50.0,49.9,226,225
2024-12-15 03:30:00,50.0,49.8,227,226
2024-12-15 03:32:00,49.8,49.9,227,226
2024-12-15 03:34:00,50.0,50.0,226,226
2024-12-15 03:36:00,50.1,49.8,227,223
2024-12-15 03:38:00,49.9,49.8,227,223
2024-12-15 03:40:00,50.1,49.8,227,223
2024-12-15 03:42:00,50.2,49.7,227,224
2024-12-15 03:44:00,49.7,49.4,227,223
2024-12-15 03:46:00,49.8,49.8,227,223
2024-12-15 03:48:00,50.0,49.7,227,224
2024-12-15 03:50:00,50.1,49.5,227,223
2024-12-15 03:52:00,50.0,49.7,227,224
2024-12-15 03:54:00,50.0,49.8,227,222
2024-12-15 03:56:00,49.9,49.8,227,224
2024-12-15 03:58:00,50.0,49.8,227,226
2024-12-15 04:00:00,49.9,50.0,227,226
2024-12-15 04:02:00,49.9,49.9,227,226
2024-12-15 04:04:00,50.0,49.6,227,224
2024-12-15 04:06:00,49.9,49.8,227,223
2024-12-15 04:08:00,49.9,49.7,227,223
2024-12-15 04:10:00,50.0,49.4,227,221
2024-12-15 04:12:00,49.9,49.3,227,221
2024-12-15 04:14:00,49.9,49.5,227,223
2024-12-15 04:16:00,50.0,49.6,227,222
2024-12-15 04:18:00,50.0,49.6,227,223
2024-12-15 04:20:00,49.7,49.8,227,222
2024-12-15 04:22:00,50.0,49.9,226,222
2024-12-15 04:24:00,50.0,49.9,227,223
2024-12-15 04:26:00,50.0,49.8,227,224
2024-12-15 04:28:00,49.8,50.0,227,224
2024-12-15 04:30:00,49.8,49.8,227,222
2024-12-15 04:32:00,49.8,49.7,227,224
2024-12-15 04:34:00,49.8,49.6,227,223
2024-12-15 04:36:00,50.0,49.8,227,223
2024-12-15 04:38:00,50.1,49.6,226,219
2024-12-15 04:40:00,50.0,49.4,227,219
2024-12-15 04:42:00,49.9,49.6,226,218
2024-12-15 04:44:00,50.0,49.8,226,217
2024-12-15 04:46:00,49.9,49.5,227,214
2024-12-15 04:48:00,50.0,49.4,226,214
2024-12-15 04:50:00,49.9,49.9,226,216
2024-12-15 04:52:00,49.9,49.6,227,221
2024-12-15 04:54:00,50.1,49.7,227,219
2024-12-15 04:56:00,50.0,49.6,227,221
2024-12-15 04:58:00,49.7,49.9,226,223
2024-12-15 05:00:00,49.9,49.9,226,225
2024-12-15 05:02:00,50.0,49.7,227,224
2024-12-15 05:04:00,49.9,49.3,227,222
2024-12-15 05:06:00,49.7,49.6,227,221
2024-12-15 05:08:00,50.1,49.7,227,222
2024-12-15 05:10:00,49.9,49.5,227,220
2024-12-15 05:12:00,50.1,49.8,227,221
2024-12-15 05:14:00,50.2,49.7,227,219
2024-12-15 05:16:00,50.0,49.6,227,222
2024-12-15 05:18:00,49.9,49.7,227,220
2024-12-15 05:20:00,49.8,49.8,228,221
2024-12-15 05:22:00,49.8,49.7,227,223
2024-12-15 05:24:00,49.8,49.7,227,221
2024-12-15 05:26:00,50.0,49.6,227,217
2024-12-15 05:28:00,49.9,49.5,227,217
2024-12-15 05:30:00,49.8,50.0,227,218
2024-12-15 05:32:00,49.9,50.0,227,219
2024-12-15 05:34:00,50.0,50,227,219
2024-12-15 05:36:00,49.9,49.9,227,217
2024-12-15 05:38:00,50.0,49.9,227,220
2024-12-15 05:40:00,50.0,50.0,227,220
2024-12-15 05:42:00,50.0,50.1,227,219
2024-12-15 05:44:00,49.9,50.1,227,220
2024-12-15 05:46:00,49.9,50.1,227,217
2024-12-15 05:48:00,49.9,50.2,228,222
2024-12-15 05:50:00,50.0,50.2,228,222
2024-12-15 05:52:00,50.1,49.9,228,221
2024-12-15 05:54:00,49.8,50.0,228,219
2024-12-15 05:56:00,49.8,50.2,228,221
2024-12-15 05:58:00,50.0,49.8,228,222
2024-12-15 06:00:00,50.2,50.1,228,226
2024-12-15 06:02:00,49.9,50.0,227,225
2024-12-15 06:04:00,49.7,49.7,228,223
2024-12-15 06:06:00,50.0,49.8,227,219
2024-12-15 06:08:00,50.0,49.8,227,219
2024-12-15 06:10:00,49.9,50.0,227,220
2024-12-15 06:12:00,50.3,49.6,227,216
2024-12-15 06:14:00,50.0,50.0,227,216
2024-12-15 06:16:00,49.8,49.8,227,220
2024-12-15 06:18:00,50.1,50.1,227,218
2024-12-15 06:20:00,50.1,49.9,227,216
2024-12-15 06:22:00,49.7,49.6,227,214
2024-12-15 06:24:00,50.0,49.9,227,214
2024-12-15 06:26:00,50.1,49.9,227,219
2024-12-15 06:28:00,49.9,49.8,227,219
2024-12-15 06:30:00,50.0,49.7,227,215
2024-12-15 06:32:00,49.9,50.2,227,215
2024-12-15 06:34:00,49.9,49.9,227,219
2024-12-15 06:36:00,49.8,50.0,226,214
2024-12-15 06:38:00,50.1,50.1,227,220
2024-12-15 06:40:00,50.1,50.0,226,219
2024-12-15 06:42:00,49.7,49.7,226,219
2024-12-15 06:44:00,49.9,49.7,227,223
2024-12-15 06:46:00,50.3,49.7,227,222
2024-12-15 06:48:00,50.0,50.0,227,214
2024-12-15 06:50:00,50.0,49.6,227,214
2024-12-15 06:52:00,50.1,49.6,226,221
2024-12-15 06:54:00,49.9,49.9,227,219
2024-12-15 06:56:00,49.9,49.8,227,219
2024-12-15 06:58:00,49.7,49.7,227,221
2024-12-15 07:00:00,50.0,49.9,227,219
2024-12-15 07:02:00,50.0,49.9,227,220
2024-12-15 07:04:00,49.8,49.6,227,216
2024-12-15 07:06:00,50.1,49.7,227,213
2024-12-15 07:08:00,49.9,49.6,227,219
2024-12-15 07:10:00,50.1,49.7,227,214
2024-12-15 07:12:00,49.8,49.8,227,221
2024-12-15 07:14:00,50.0,49.7,227,216
2024-12-15 07:16:00,50.0,49.9,227,215
2024-12-15 07:18:00,50.1,49.8,227,221
2024-12-15 07:20:00,49.9,49.5,228,214
2024-12-15 07:22:00,50.0,49.8,228,213
2024-12-15 07:24:00,49.8,49.9,228,211
2024-12-15 07:26:00,50.1,49.6,228,213
2024-12-15 07:28:00,50.3,49.7,228,208
2024-12-15 07:30:00,50.0,49.6,227,208
2024-12-15 07:32:00,49.9,49.6,228,208
2024-12-15 07:34:00,50.1,49.8,227,209
2024-12-15 07:36:00,50.0,49.4,227,209
2024-12-15 07:38:00,49.9,49.8,227,214
2024-12-15 07:40:00,50.0,49.7,227,211
2024-12-15 07:42:00,49.9,49.8,227,216
2024-12-15 07:44:00,50.0,49.7,227,214
2024-12-15 07:46:00,50.0,49.8,227,214
2024-12-15 07:48:00,49.8,49.5,227,211
2024-12-15 07:50:00,49.8,49.7,227,211
2024-12-15 07:52:00,49.9,49.8,227,209
2024-12-15 07:54:00,49.9,49.9,227,208
2024-12-15 07:56:00,49.9,49.9,227,208
2024-12-15 07:58:00,50.0,49.8,227,211
2024-12-15 08:00:00,50.0,49.6,227,210
2024-12-15 08:02:00,50.1,49.5,227,204
2024-12-15 08:04:00,49.8,49.6,227,202
2024-12-15 08:06:00,50.0,49.6,227,203
2024-12-15 08:08:00,49.9,49.5,227,211
2024-12-15 08:10:00,50.1,49.7,227,203
2024-12-15 08:12:00,50.0,49.7,227,202
2024-12-15 08:14:00,49.9,49.6,227,202
2024-12-15 08:16:00,49.9,49.7,227,199
2024-12-15 08:18:00,50.2,49.7,227,194
2024-12-15 08:20:00,49.7,49.3,227,192
2024-12-15 08:22:00,50.1,49.7,227,188
2024-12-15 08:24:00,50.3,49.6,227,200
2024-12-15 08:26:00,50.0,49.6,227,188
2024-12-15 08:28:00,50.0,49.5,227,191
2024-12-15 08:30:00,50.1,49.5,227,197
2024-12-15 08:32:00,50.1,49.8,226,191
2024-12-15 08:34:00,50.2,49.4,227,189
2024-12-15 08:36:00,50.0,49.6,227,188
2024-12-15 08:38:00,49.9,49.6,227,189
2024-12-15 08:40:00,49.8,49.4,227,196
2024-12-15 08:42:00,49.7,49.5,227,203
2024-12-15 08:44:00,50.1,49.5,227,205
2024-12-15 08:46:00,49.9,49.7,227,202
2024-12-15 08:48:00,49.9,49.4,227,193
2024-12-15 08:50:00,49.7,49.6,227,193
2024-12-15 08:52:00,49.7,49.5,227,199
2024-12-15 08:54:00,49.9,49.4,227,196
2024-12-15 08:56:00,50.1,49.6,227,192
2024-12-15 08:58:00,50.1,49.8,228,200
2024-12-15 09:00:00,50.3,49.6,227,199
2024-12-15 09:02:00,49.9,49.5,228,197
2024-12-15 09:04:00,50.1,49.8,227,198
2024-12-15 09:06:00,50.2,49.5,228,201
2024-12-15 09:08:00,50.0,49.6,227,198
2024-12-15 09:10:00,66.6,49.5,227,204
2024-12-15 09:12:00,49.8,49.5,227,201
2024-12-15 09:14:00,49.9,49.5,227,202
2024-12-15 09:16:00,49.9,49.8,227,192
2024-12-15 09:18:00,49.7,49.6,227,194
2024-12-15 09:20:00,49.9,49.6,227,182
2024-12-15 09:22:00,50.0,49.5,227,173
2024-12-15 09:24:00,49.9,49.6,227,188
2024-12-15 09:26:00,49.9,49.5,227,192
2024-12-15 09:28:00,50.2,49.4,227,197
2024-12-15 09:30:00,50.0,49.7,227,189
2024-12-15 09:32:00,50.0,49.7,227,195
2024-12-15 09:34:00,49.9,49.7,227,189
2024-12-15 09:36:00,50.1,49.4,227,192
2024-12-15 09:38:00,49.9,49.6,227,189
2024-12-15 09:40:00,50.0,49.7,227,197
2024-12-15 09:42:00,50.0,49.3,227,191
2024-12-15 09:44:00,50.2,49.7,227,190
2024-12-15 09:46:00,50.1,49.5,227,194
2024-12-15 09:48:00,50.1,49.5,227,192
2024-12-15 09:50:00,49.7,49.9,227,191
2024-12-15 09:52:00,50.0,49.6,227,189
2024-12-15 09:54:00,50.1,49.6,227,186
2024-12-15 09:56:00,50.0,49.6,227,184
2024-12-15 09:58:00,49.9,49.6,227,197
2024-12-15 10:00:00,50.1,49.6,228,190
2024-12-15 10:02:00,49.9,49.7,227,188
2024-12-15 10:04:00,50.0,49.8,227,194
2024-12-15 10:06:00,49.8,49.3,227,193
2024-12-15 10:08:00,50.0,49.6,227,192
2024-12-15 10:10:00,50.1,49.4,227,194
2024-12-15 10:12:00,50.1,49.5,227,192
2024-12-15 10:14:00,49.8,49.4,227,193
2024-12-15 10:16:00,50,49.5,227,197
2024-12-15 10:18:00,50.0,49.6,227,185
2024-12-15 10:20:00,49.9,49.4,227,187
2024-12-15 10:22:00,50.0,49.6,227,183
2024-12-15 10:24:00,50.1,49.4,227,186
2024-12-15 10:26:00,50.0,49.6,227,185
2024-12-15 10:28:00,50.1,49.4,227,190
2024-12-15 10:30:00,49.8,49.8,227,189
2024-12-15 10:32:00,50.1,49.6,227,181
2024-12-15 10:34:00,49.8,49.5,227,184
2024-12-15 10:36:00,50.0,49.7,227,184
2024-12-15 10:38:00,50.0,49.6,228,190
2024-12-15 10:40:00,50.0,49.3,227,187
2024-12-15 10:42:00,50.0,49.2,227,190
2024-12-15 10:44:00,50.1,49.6,227,189
2024-12-15 10:46:00,49.9,49.4,227,188
2024-12-15 10:48:00,49.9,49.7,227,190
2024-12-15 10:50:00,49.9,49.7,227,195
2024-12-15 10:52:00,50.0,49.5,227,189
2024-12-15 10:54:00,50.0,49.4,227,190
2024-12-15 10:56:00,50.2,49.9,227,187
2024-12-15 10:58:00,49.9,49.7,227,183
2024-12-15 11:00:00,49.8,49.5,227,181
2024-12-15 11:02:00,50.0,49.6,227,179
2024-12-15 11:04:00,50.0,49.7,227,190
2024-12-15 11:06:00,50.1,49.5,227,191
2024-12-15 11:08:00,49.8,49.7,227,182
2024-12-15 11:10:00,49.9,49.7,227,190
2024-12-15 11:12:00,49.9,49.5,227,185
2024-12-15 11:14:00,50.1,49.3,227,190
2024-12-15 11:16:00,50.0,49.7,227,195
2024-12-15 11:18:00,50.1,49.6,227,195
2024-12-15 11:20:00,50.1,49.3,227,186
2024-12-15 11:22:00,49.9,49.6,227,194
2024-12-15 11:24:00,49.8,49.6,227,187
2024-12-15 11:26:00,50.0,49.3,227,185
2024-12-15 11:28:00,49.9,49.4,227,190
2024-12-15 11:30:00,50.0,49.3,227,189
2024-12-15 11:32:00,50.0,49.5,227,191
2024-12-15 11:34:00,50.1,49.6,227,187
2024-12-15 11:36:00,50.0,49.7,227,188
2024-12-15 11:38:00,50.1,49.6,227,195
2024-12-15 11:40:00,49.8,49.4,227,192
2024-12-15 11:42:00,49.9,49.5,227,194
2024-12-15 11:44:00,50.2,49.3,227,199
2024-12-15 11:46:00,49.7,49.5,227,193
2024-12-15 11:48:00,50.0,49.7,227,198
2024-12-15 11:50:00,50.0,49.7,227,198
2024-12-15 11:52:00,50.0,49.5,227,195
2024-12-15 11:54:00,49.8,49.8,227,196
2024-12-15 11:56:00,50.0,49.5,227,192
2024-12-15 11:58:00,50.1,49.8,227,192
2024-12-15 12:00:00,49.7,49.6,227,197
2024-12-15 12:02:00,50.0,49.4,227,187
2024-12-15 12:04:00,50.1,49.7,227,185
2024-12-15 12:06:00,49.7,49.6,227,189
2024-12-15 12:08:00,50.1,49.6,227,194
2024-12-15 12:10:00,50.1,49.6,227,190
2024-12-15 12:12:00,50.1,49.7,227,190
2024-12-15 12:14:00,50.0,49.8,226,190
2024-12-15 12:16:00,50.0,49.7,227,190
2024-12-15 12:18:00,49.9,49.5,227,191
2024-12-15 12:20:00,50.2,49.6,227,192
2024-12-15 12:22:00,49.9,49.6,227,192
2024-12-15 12:24:00,50.0,49.8,227,192
2024-12-15 12:26:00,49.9,49.5,227,190
2024-12-15 12:28:00,50.0,49.4,227,187
2024-12-15 12:30:00,49.8,49.7,227,187
2024-12-15 12:32:00,50.0,49.6,227,189
2024-12-15 12:34:00,49.9,49.5,227,193
2024-12-15 12:36:00,50.0,49.4,227,119
2024-12-15 12:38:00,49.9,49.7,228,199
2024-12-15 12:40:00,50.1,49.7,228,203
2024-12-15 12:42:00,50.0,49.6,227,200
2024-12-15 12:44:00,50.0,49.7,227,202
2024-12-15 12:46:00,50.1,49.7,227,200
2024-12-15 12:48:00,50.0,49.6,227,202
2024-12-15 12:50:00,50.1,49.6,227,197
2024-12-15 12:52:00,50.0,49.4,227,199
2024-12-15 12:54:00,49.9,49.6,227,201
2024-12-15 12:56:00,49.9,49.5,227,199
2024-12-15 12:58:00,49.9,49.8,227,195
2024-12-15 13:00:00,50.0,49.6,227,194
2024-12-15 13:02:00,49.8,49.6,227,197
2024-12-15 13:04:00,50.0,49.5,227,192
2024-12-15 13:06:00,50.0,49.7,228,203
2024-12-15 13:08:00,50.0,49.5,227,194
2024-12-15 13:10:00,50.0,49.5,227,197
2024-12-15 13:12:00,50.0,49.6,227,195
2024-12-15 13:14:00,49.8,49.5,227,198
2024-12-15 13:16:00,49.8,49.5,227,201
2024-12-15 13:18:00,50.0,49.5,227,192
2024-12-15 13:20:00,50.0,49.5,227,196
2024-12-15 13:22:00,50.1,49.6,227,195
2024-12-15 13:24:00,50.1,49.9,227,195
2024-12-15 13:26:00,49.9,49.7,227,190
2024-12-15 13:28:00,49.9,49.5,227,193
2024-12-15 13:30:00,49.8,49.5,227,192
2024-12-15 13:32:00,50.0,49.4,227,189
2024-12-15 13:34:00,50.3,49.8,227,192
2024-12-15 13:36:00,50.1,49.6,228,189
2024-12-15 13:38:00,50.0,49.4,227,196
2024-12-15 13:40:00,50.0,49.8,228,194
2024-12-15 13:42:00,50.0,49.5,228,197
2024-12-15 13:44:00,49.9,49.6,228,192
2024-12-15 13:46:00,50.0,49.7,228,194
2024-12-15 13:48:00,50.0,49.7,228,202
2024-12-15 13:50:00,49.9,49.5,228,197
2024-12-15 13:52:00,50.0,49.6,228,198
2024-12-15 13:54:00,49.9,49.7,228,197
2024-12-15 13:56:00,49.9,49.6,228,187
2024-12-15 13:58:00,49.7,49.6,227,195
2024-12-15 14:00:00,50.0,49.6,227,190
2024-12-15 14:02:00,50.0,49.4,227,191
2024-12-15 14:04:00,50.0,49.7,227,191
2024-12-15 14:06:00,50.0,49.6,228,194
2024-12-15 14:08:00,50.0,49.8,227,190
2024-12-15 14:10:00,49.8,49.4,228,192
2024-12-15 14:12:00,49.9,49.5,228,193
2024-12-15 14:14:00,50.2,49.8,228,195
2024-12-15 14:16:00,49.9,49.5,233,195
2024-12-15 14:18:00,49.8,49.9,233,192
2024-12-15 14:20:00,49.8,49.5,232,197
2024-12-15 14:22:00,50.0,49.5,232,194
2024-12-15 14:24:00,50.3,49.5,232,199
2024-12-15 14:26:00,50.0,49.5,232,201
2024-12-15 14:28:00,50.1,49.9,232,204
2024-12-15 14:30:00,49.9,49.6,232,203
2024-12-15 14:32:00,49.9,49.5,232,202
2024-12-15 14:34:00,50.0,49.8,232,205
2024-12-15 14:36:00,49.9,49.5,232,204
2024-12-15 14:38:00,49.9,49.7,232,202
2024-12-15 14:40:00,49.9,49.8,232,201
2024-12-15 14:42:00,49.8,49.8,232,204
2024-12-15 14:44:00,49.8,49.6,232,203
2024-12-15 14:46:00,50.3,49.7,232,204
2024-12-15 14:48:00,50.0,49.6,232,197
2024-12-15 14:50:00,50.0,49.7,231,192
2024-12-15 14:52:00,50.1,49.4,232,200
2024-12-15 14:54:00,50.1,49.5,232,199
2024-12-15 14:56:00,49.8,49.6,232,200
2024-12-15 14:58:00,50.0,49.7,231,202
2024-12-15 15:00:00,49.9,49.5,232,201
2024-12-15 15:02:00,50.0,49.8,232,199
2024-12-15 15:04:00,50,49.8,232,198
2024-12-15 15:06:00,50.1,49.6,232,194
2024-12-15 15:08:00,50.0,49.7,232,196
2024-12-15 15:10:00,49.8,49.9,232,201
2024-12-15 15:12:00,50.0,49.8,232,202
2024-12-15 15:14:00,50.0,49.7,231,200
2024-12-15 15:16:00,50.0,49.7,232,200
2024-12-15 15:18:00,49.8,49.7,231,198
2024-12-15 15:20:00,50.1,49.7,232,198
2024-12-15 15:22:00,49.9,49.7,232,199
2024-12-15 15:24:00,50.0,49.6,232,200
2024-12-15 15:26:00,50.0,49.8,232,199
2024-12-15 15:28:00,49.9,49.7,231,204
2024-12-15 15:30:00,49.9,49.8,233,197
2024-12-15 15:32:00,49.9,49.7,231,199
2024-12-15 15:34:00,50.0,49.8,232,199
2024-12-15 15:36:00,49.9,49.8,232,197
2024-12-15 15:38:00,50.2,49.8,232,199
2024-12-15 15:40:00,50.3,49.7,232,202
2024-12-15 15:42:00,50.0,49.8,232,204
2024-12-15 15:44:00,50.0,49.7,233,202
2024-12-15 15:46:00,50.1,49.7,232,199
2024-12-15 15:48:00,49.8,49.9,232,200
2024-12-15 15:50:00,49.8,49.8,232,202
2024-12-15 15:52:00,49.9,49.7,232,199
2024-12-15 15:54:00,49.7,49.6,231,200
2024-12-15 15:56:00,50.0,49.7,232,197
2024-12-15 15:58:00,49.9,49.8,233,201
2024-12-15 16:00:00,50.0,49.7,231,200
2024-12-15 16:02:00,49.8,49.7,232,202
2024-12-15 16:04:00,50.0,49.6,232,203
2024-12-15 16:06:00,50.0,49.7,232,204
2024-12-15 16:08:00,50.0,49.6,232,204
2024-12-15 16:10:00,49.9,49.7,232,206
2024-12-15 16:12:00,50.3,49.7,232,201
2024-12-15 16:14:00,50.2,49.9,232,205
2024-12-15 16:16:00,49.9,49.6,232,208
2024-12-15 16:18:00,50.0,49.6,232,197
2024-12-15 16:20:00,49.9,49.8,231,197
2024-12-15 16:22:00,50.0,49.8,231,201
2024-12-15 16:24:00,50.0,49.7,232,201
2024-12-15 16:26:00,50.1,49.7,231,200
2024-12-15 16:28:00,49.9,49.8,232,201
2024-12-15 16:30:00,50.1,49.7,232,199
2024-12-15 16:32:00,50.0,49.8,232,206
2024-12-15 16:34:00,49.8,49.7,232,205
2024-12-15 16:36:00,50.0,49.8,231,206
2024-12-15 16:38:00,49.8,49.6,232,204
2024-12-15 16:40:00,50.0,49.6,233,204
2024-12-15 16:42:00,49.8,49.6,232,202
2024-12-15 16:44:00,50.0,49.6,232,200
2024-12-15 16:46:00,49.9,49.7,232,200
2024-12-15 16:48:00,50.0,49.7,232,203
2024-12-15 16:50:00,50.0,49.7,231,201
2024-12-15 16:52:00,50.1,49.7,232,198
2024-12-15 16:54:00,50.0,49.8,232,203
2024-12-15 16:56:00,50.1,49.8,232,202
2024-12-15 16:58:00,49.9,49.5,231,202
2024-12-15 17:00:00,50.2,49.8,231,202
2024-12-15 17:02:00,50.0,49.9,233,202
2024-12-15 17:04:00,50.0,49.8,231,200
2024-12-15 17:06:00,50.1,49.6,232,205
2024-12-15 17:08:00,50.0,49.7,233,199
2024-12-15 17:10:00,99.1,49.4,232,204
2024-12-15 17:12:00,49.9,49.8,232,203
2024-12-15 17:14:00,50.1,49.7,232,202
2024-12-15 17:16:00,50.0,49.5,231,199
2024-12-15 17:18:00,49.8,49.7,232,201
2024-12-15 17:20:00,49.8,49.7,232,202
2024-12-15 17:22:00,49.9,49.5,233,199
2024-12-15 17:24:00,49.9,49.7,232,197
2024-12-15 17:26:00,50.1,49.5,232,197
2024-12-15 17:28:00,50.2,49.6,232,199
2024-12-15 17:30:00,49.9,49.8,232,200
2024-12-15 17:32:00,50.0,49.6,232,199
2024-12-15 17:34:00,50.0,49.5,232,198
2024-12-15 17:36:00,50.0,49.6,232,199
2024-12-15 17:38:00,50.2,49.5,231,192
2024-12-15 17:40:00,50.0,49.7,231,194
2024-12-15 17:42:00,49.9,50.0,232,194
2024-12-15 17:44:00,49.9,49.4,232,195
2024-12-15 17:46:00,50.2,49.6,232,197
2024-12-15 17:48:00,50.0,49.8,232,199
2024-12-15 17:50:00,50.0,49.4,232,197
2024-12-15 17:52:00,50.1,49.6,231,202
2024-12-15 17:54:00,50.0,49.5,231,200
2024-12-15 17:56:00,49.7,49.7,231,196
2024-12-15 17:58:00,49.8,49.5,232,190
2024-12-15 18:00:00,49.7,49.5,231,194
2024-12-15 18:02:00,50.0,49.4,231,192
2024-12-15 18:04:00,50.0,49.5,232,192
2024-12-15 18:06:00,50.0,49.5,231,192
2024-12-15 18:08:00,49.9,49.4,231,192
2024-12-15 18:10:00,49.9,49.3,231,193
2024-12-15 18:12:00,50.1,49.8,232,190
2024-12-15 18:14:00,49.9,49.8,231,192
2024-12-15 18:16:00,50.0,50,232,191
2024-12-15 18:18:00,50.0,50.0,232,192
2024-12-15 18:20:00,50.1,49.5,231,190
2024-12-15 18:22:00,49.7,49.3,232,190
2024-12-15 18:24:00,49.9,49.7,232,192
2024-12-15 18:26:00,50.0,49.8,232,192
2024-12-15 18:28:00,50.0,49.6,232,189
2024-12-15 18:30:00,50.0,49.6,232,182
2024-12-15 18:32:00,99.9,49.4,232,182
2024-12-15 18:34:00,50.1,49.6,232,187
2024-12-15 18:36:00,50.0,49.3,232,184
2024-12-15 18:38:00,50.0,49.6,232,182
2024-12-15 18:40:00,50.0,49.6,232,179
2024-12-15 18:42:00,50.1,49.4,232,182
2024-12-15 18:44:00,49.9,49.3,233,182
2024-12-15 18:46:00,50.0,49.4,232,187
2024-12-15 18:48:00,49.9,49.5,232,182
2024-12-15 18:50:00,49.9,49.2,232,173
2024-12-15 18:52:00,49.7,49.4,233,175
2024-12-15 18:54:00,50.1,49.7,232,176
2024-12-15 18:56:00,49.9,49.3,231,181
2024-12-15 18:58:00,49.9,49.0,231,178
2024-12-15 19:00:00,50.0,49.3,232,178
2024-12-15 19:02:00,49.9,49.6,232,187
2024-12-15 19:04:00,50.0,49.3,232,183
2024-12-15 19:06:00,50.0,49.5,233,180
2024-12-15 19:08:00,50.1,49.5,232,175
2024-12-15 19:10:00,49.9,49.6,231,178
2024-12-15 19:12:00,50.2,49.5,231,175
2024-12-15 19:14:00,50.1,49.6,232,178
2024-12-15 19:16:00,49.9,49.7,232,178
2024-12-15 19:18:00,49.9,49.8,232,184
2024-12-15 19:20:00,50.0,49.5,232,175
2024-12-15 19:22:00,49.9,49.6,231,180
2024-12-15 19:24:00,50.0,49.7,232,180
2024-12-15 19:26:00,50.0,49.5,231,182
2024-12-15 19:28:00,50.2,49.6,232,181
2024-12-15 19:30:00,50.0,49.5,232,183
2024-12-15 19:32:00,50.0,49.5,232,184
2024-12-15 19:34:00,49.9,49.5,232,183
2024-12-15 19:36:00,50.1,49.7,232,187
2024-12-15 19:38:00,50.0,49.4,232,183
2024-12-15 19:40:00,50.0,49.5,232,185
2024-12-15 19:42:00,50.1,49.4,227,183
2024-12-15 19:44:00,50.0,49.6,227,181
2024-12-15 19:46:00,49.9,49.6,227,186
2024-12-15 19:48:00,49.9,49.6,227,182
2024-12-15 19:50:00,50.0,49.3,227,183
2024-12-15 19:52:00,49.7,49.5,227,180
2024-12-15 19:54:00,49.8,49.6,227,185
2024-12-15 19:56:00,50.0,49.3,227,182
2024-12-15 19:58:00,49.9,49.3,227,185
2024-12-15 20:00:00,49.9,49.7,228,184
2024-12-15 20:02:00,49.9,49.8,227,180
2024-12-15 20:04:00,50.0,49.7,227,180
2024-12-15 20:06:00,50.2,49.6,227,180
2024-12-15 20:08:00,49.9,49.6,227,180
2024-12-15 20:10:00,49.8,49.5,227,183
2024-12-15 20:12:00,50.0,49.8,227,188
2024-12-15 20:14:00,50.0,49.8,227,183
2024-12-15 20:16:00,49.8,49.4,227,185
2024-12-15 20:18:00,50.1,49.6,227,183
2024-12-15 20:20:00,49.8,49.7,228,181
2024-12-15 20:22:00,50.0,49.6,228,182
2024-12-15 20:24:00,49.8,49.6,228,188
2024-12-15 20:26:00,50.0,49.7,228,188
2024-12-15 20:28:00,49.7,49.6,228,190
2024-12-15 20:30:00,50.0,49.8,228,190
2024-12-15 20:32:00,50.1,49.6,228,192
2024-12-15 20:34:00,50.0,49.8,228,189
2024-12-15 20:36:00,50.0,49.8,228,188
2024-12-15 20:38:00,50.1,49.7,228,187
2024-12-15 20:40:00,50.1,49.7,228,190
2024-12-15 20:42:00,50.3,49.9,227,187
2024-12-15 20:44:00,49.8,49.9,228,187
2024-12-15 20:46:00,49.9,49.7,228,186
2024-12-15 20:48:00,49.9,49.9,227,186
2024-12-15 20:50:00,50.1,49.8,228,182
2024-12-15 20:52:00,49.7,49.7,228,187
2024-12-15 20:54:00,50.0,49.8,228,187
2024-12-15 20:56:00,50.1,49.5,228,186
2024-12-15 20:58:00,49.8,49.6,228,187
2024-12-15 21:00:00,50.0,49.8,227,189
2024-12-15 21:02:00,50.0,49.8,226,194
2024-12-15 21:04:00,49.9,49.6,227,186
2024-12-15 21:06:00,50.0,50.0,226,190
2024-12-15 21:08:00,50.2,49.7,226,187
2024-12-15 21:10:00,50.1,49.5,227,192
2024-12-15 21:12:00,49.9,49.6,226,191
2024-12-15 21:14:00,49.9,49.6,227,193
2024-12-15 21:16:00,50.1,49.9,226,193
2024-12-15 21:18:00,50.0,50.2,227,194
2024-12-15 21:20:00,49.9,50.1,227,194
2024-12-15 21:22:00,50.0,49.9,227,196
2024-12-15 21:24:00,50.1,49.7,226,195
2024-12-15 21:26:00,49.8,50.0,228,197
2024-12-15 21:28:00,49.9,50.0,227,197
2024-12-15 21:30:00,49.9,50.0,228,194
2024-12-15 21:32:00,49.9,50.0,228,192
2024-12-15 21:34:00,50.1,50.0,228,196
2024-12-15 21:36:00,50.0,50.0,228,198
2024-12-15 21:38:00,49.9,50.1,228,202
2024-12-15 21:40:00,49.9,50.0,228,199
2024-12-15 21:42:00,49.9,50.0,227,202
2024-12-15 21:44:00,50.0,50.0,228,199
2024-12-15 21:46:00,49.8,50.0,228,199
2024-12-15 21:48:00,50.0,50.1,228,199
2024-12-15 21:50:00,50.0,50.0,228,197
2024-12-15 21:52:00,50.0,50.0,228,199
2024-12-15 21:54:00,50.0,50.2,228,199
2024-12-15 21:56:00,50.1,49.9,228,202
2024-12-15 21:58:00,50.0,50.3,228,200
2024-12-15 22:00:00,49.8,50.2,228,200
2024-12-15 22:02:00,50.0,50.4,228,199
2024-12-15 22:04:00,50.3,49.9,228,202
2024-12-15 22:06:00,50.0,50.1,228,204
2024-12-15 22:08:00,50.0,50.0,228,203
2024-12-15 22:10:00,49.7,50.2,227,200
2024-12-15 22:12:00,50.0,50.2,228,204
2024-12-15 22:14:00,50.0,50.1,228,203
2024-12-15 22:16:00,49.9,50.2,227,203
2024-12-15 22:18:00,50.1,50.2,228,204
2024-12-15 22:20:00,50.1,50.1,227,206
2024-12-15 22:22:00,50.1,50.1,227,199
2024-12-15 22:24:00,50.0,50.2,227,204
2024-12-15 22:26:00,50.1,50.3,227,206
2024-12-15 22:28:00,49.8,50.2,227,207
2024-12-15 22:30:00,49.9,50.2,227,206
2024-12-15 22:32:00,50.0,50.2,227,207
2024-12-15 22:34:00,49.7,50.2,227,205
2024-12-15 22:36:00,50.1,50.1,227,208
2024-12-15 22:38:00,50.0,50.3,227,210
2024-12-15 22:40:00,50.1,50.1,227,208
2024-12-15 22:42:00,50.0,49.9,227,210
2024-12-15 22:44:00,50.0,50.3,227,208
2024-12-15 22:46:00,49.9,50.3,227,208
2024-12-15 22:48:00,49.8,50.2,227,209
2024-12-15 22:50:00,49.9,50.6,227,211
2024-12-15 22:52:00,49.8,50.3,227,209
2024-12-15 22:54:00,49.9,50.3,227,208
2024-12-15 22:56:00,50.1,50.5,227,208
2024-12-15 22:58:00,49.8,50.3,227,209
2024-12-15 23:00:00,49.8,50.2,227,207
2024-12-15 23:02:00,50.1,50.4,227,208
2024-12-15 23:04:00,50.0,50.2,227,207
2024-12-15 23:06:00,49.9,50.3,227,210
2024-12-15 23:08:00,50.0,50.3,227,207
2024-12-15 23:10:00,50.1,50.4,227,208
2024-12-15 23:12:00,49.8,50.4,227,209
2024-12-15 23:14:00,99.0,50.4,227,210
2024-12-15 23:16:00,50.0,50.5,227,210
2024-12-15 23:18:00,50.2,50.5,227,211
2024-12-15 23:20:00,50.0,50.3,227,211
2024-12-15 23:22:00,50.0,50.4,227,213
2024-12-15 23:24:00,50.1,50.4,227,212
2024-12-15 23:26:00,49.9,50.3,227,213
2024-12-15 23:28:00,50.0,50.4,227,214
2024-12-15 23:30:00,50.0,50.3,227,214
2024-12-15 23:32:00,49.9,50.4,227,214
2024-12-15 23:34:00,49.8,50.3,227,212
2024-12-15 23:36:00,50.1,50.4,227,211
2024-12-15 23:38:00,50.0,50.6,227,215
2024-12-15 23:40:00,49.9,50.5,227,214
2024-12-15 23:42:00,50.0,50.3,227,214
2024-12-15 23:44:00,49.9,50.5,227,214
2024-12-15 23:46:00,50.3,50.5,227,216
2024-12-15 23:48:00,50.0,50.1,227,216
2024-12-15 23:50:00,50.0,49.9,227,213
2024-12-15 23:52:00,50.0,50.0,227,215
2024-12-15 23:54:00,49.8,50.1,227,216
2024-12-15 23:56:00,50.1,49.9,227,214
2024-12-15 23:58:00,50.1,49.9,227,213