"Time","Frequency 3E2F4FD3 (Ch Cbca Bethesda Ndosho - laboratoire)","Frequency C30F2E03 (Ch Cbca Bethesda Ndosho - clinique)","Voltage 3E2F4FD3 (Ch Cbca Bethesda Ndosho - laboratoire)","Voltage C30F2E03 (Ch Cbca Bethesda Ndosho - clinique)"
2022-07-02 00:00:00,50.7,50.6,211,213
2022-07-02 00:02:00,50.6,50.6,214,214
2022-07-02 00:04:00,50.8,50.9,213,215
2022-07-02 00:06:00,50.6,50.6,212,214
2022-07-02 00:08:00,51.0,51.0,214,215
2022-07-02 00:10:00,51.0,50.9,214,215
2022-07-02 00:12:00,50.7,50.7,212,214
2022-07-02 00:14:00,50.9,50.9,213,214
2022-07-02 00:16:00,50.7,50.6,214,216
2022-07-02 00:18:00,50.6,50.7,214,215
2022-07-02 00:20:00,50.6,50.7,213,214
2022-07-02 00:22:00,50.4,50.5,211,213
2022-07-02 00:24:00,50.9,50.9,216,216
2022-07-02 00:26:00,50.7,50.7,215,216
2022-07-02 00:28:00,50.9,50.8,214,216
2022-07-02 00:30:00,50.7,50.6,216,217
2022-07-02 00:32:00,50.7,50.7,216,216
2022-07-02 00:34:00,50.5,50.5,214,216
2022-07-02 00:36:00,50.3,50.2,215,216
2022-07-02 00:38:00,50.2,50.2,216,217
2022-07-02 00:40:00,50.3,50.3,216,218
2022-07-02 00:42:00,50.3,50.3,214,216
2022-07-02 00:44:00,50.5,50.5,215,216
2022-07-02 00:46:00,50.3,50.3,219,220
2022-07-02 00:48:00,50.2,50.2,219,219
2022-07-02 00:50:00,50.3,50.3,218,219
2022-07-02 00:52:00,50.2,50.3,219,221
2022-07-02 00:54:00,50.3,50.3,219,220
2022-07-02 00:56:00,50.2,50.2,217,219
2022-07-02 00:58:00,50.4,50.4,217,219
2022-07-02 01:00:00,50.3,50.2,219,220
2022-07-02 01:02:00,50,49.9,219,220
2022-07-02 01:04:00,49.9,49.9,216,218
2022-07-02 01:06:00,50.5,50.5,217,219
2022-07-02 01:08:00,50.2,50.2,219,219
2022-07-02 01:10:00,50.2,50.3,219,219
2022-07-02 01:12:00,50.4,50.4,218,219
2022-07-02 01:14:00,50.3,50.2,219,220
2022-07-02 01:16:00,50.0,50.0,219,219
2022-07-02 01:18:00,50.5,50.5,218,219
2022-07-02 01:20:00,50.4,50.4,217,219
2022-07-02 01:22:00,50.5,50.4,219,219
2022-07-02 01:24:00,50.4,50.4,219,220
2022-07-02 01:26:00,50.2,50.3,219,221
2022-07-02 01:28:00,50.2,50.2,220,221
2022-07-02 01:30:00,50.6,50.6,221,222
2022-07-02 01:32:00,50.3,50.3,220,221
2022-07-02 01:34:00,50.1,50.1,219,220
2022-07-02 01:36:00,50.3,50.3,221,221
2022-07-02 01:38:00,50.3,50.3,222,222
2022-07-02 01:40:00,50.0,50.0,219,221
2022-07-02 01:42:00,50.5,50.6,220,221
2022-07-02 01:44:00,50.3,50.3,221,222
2022-07-02 01:46:00,50.1,50.1,219,220
2022-07-02 01:48:00,50.2,50.3,218,219
2022-07-02 01:50:00,50.3,50.2,218,219
2022-07-02 01:52:00,50.4,50.4,221,221
2022-07-02 01:54:00,50.2,50.2,219,221
2022-07-02 01:56:00,50.4,50.4,218,219
2022-07-02 01:58:00,50.4,50.4,219,220
2022-07-02 02:00:00,50.3,50.4,220,221
2022-07-02 02:02:00,50.7,50.7,219,221
2022-07-02 02:04:00,50.3,50.3,219,221
2022-07-02 02:06:00,50.2,50.3,221,221
2022-07-02 02:08:00,50.5,50.4,220,221
2022-07-02 02:10:00,50.2,50.3,219,221
2022-07-02 02:12:00,50.2,50.1,220,221
2022-07-02 02:14:00,50.5,50.5,221,221
2022-07-02 02:16:00,50.4,50.4,219,220
2022-07-02 02:18:00,50.4,50.4,219,221
2022-07-02 02:20:00,50.2,50.2,221,221
2022-07-02 02:22:00,50.1,50.1,221,221
2022-07-02 02:24:00,50.4,50.3,219,221
2022-07-02 02:26:00,50.3,50.3,219,221
2022-07-02 02:28:00,50.2,50.1,221,222
2022-07-02 02:30:00,50.4,50.4,221,222
2022-07-02 02:32:00,50.3,50.3,220,222
2022-07-02 02:34:00,50.3,50.3,222,223
2022-07-02 02:36:00,50.8,50.7,222,223
2022-07-02 02:38:00,50.3,50.3,221,223
2022-07-02 02:40:00,50.2,50.2,221,222
2022-07-02 02:42:00,50.5,50.5,222,223
2022-07-02 02:44:00,50.2,50.3,222,223
2022-07-02 02:46:00,50.1,50.1,219,221
2022-07-02 02:48:00,50.6,50.6,220,222
2022-07-02 02:50:00,50.4,50.3,221,222
2022-07-02 02:52:00,50,50.0,220,221
2022-07-02 02:54:00,50.5,50.6,218,220
2022-07-02 02:56:00,50.4,50.4,221,222
2022-07-02 02:58:00,50.2,50.2,220,221
2022-07-02 03:00:00,50.2,50.3,219,221
2022-07-02 03:02:00,50.3,50.3,219,221
2022-07-02 03:04:00,50.2,50.3,221,223
2022-07-02 03:06:00,50.1,50.1,219,221
2022-07-02 03:08:00,50.7,50.6,219,221
2022-07-02 03:10:00,50.2,50.1,220,221
2022-07-02 03:12:00,50.4,50.4,220,221
2022-07-02 03:14:00,50.4,50.4,219,221
2022-07-02 03:16:00,50.1,50.0,219,221
2022-07-02 03:18:00,50.3,50.3,220,221
2022-07-02 03:20:00,50.2,50.2,221,222
2022-07-02 03:22:00,50.4,50.4,220,222
2022-07-02 03:24:00,50.2,50.2,219,221
2022-07-02 03:26:00,50.1,50.1,221,222
2022-07-02 03:28:00,50.4,50.5,221,222
2022-07-02 03:30:00,50.2,50.1,220,222
2022-07-02 03:32:00,50.2,50.3,222,223
2022-07-02 03:34:00,50.3,50.3,222,223
2022-07-02 03:36:00,50.6,50.5,222,224
2022-07-02 03:38:00,50.3,50.2,221,223
2022-07-02 03:40:00,50.6,50.5,222,223
2022-07-02 03:42:00,50.7,50.7,223,224
2022-07-02 03:44:00,50.2,50.2,221,223
2022-07-02 03:46:00,50.2,50.1,219,221
2022-07-02 03:48:00,50.7,50.7,222,223
2022-07-02 03:50:00,50.4,50.4,219,221
2022-07-02 03:52:00,50.2,50.0,219,220
2022-07-02 03:54:00,50.3,50.4,221,222
2022-07-02 03:56:00,50.3,50.3,221,222
2022-07-02 03:58:00,50.2,50.1,222,223
2022-07-02 04:00:00,50.6,50.7,222,223
2022-07-02 04:02:00,50.3,50.3,223,224
2022-07-02 04:04:00,50.1,50.1,223,224
2022-07-02 04:06:00,50.3,50.4,221,223
2022-07-02 04:08:00,50.3,50.3,223,225
2022-07-02 04:10:00,50.2,50.1,223,223
2022-07-02 04:12:00,50.6,50.6,221,223
2022-07-02 04:14:00,50.3,50.3,221,223
2022-07-02 04:16:00,50.2,50.2,222,223
2022-07-02 04:18:00,50.6,50.6,223,224
2022-07-02 04:20:00,50.3,50.3,221,223
2022-07-02 04:22:00,50.2,50.3,222,223
2022-07-02 04:24:00,50.6,50.7,223,224
2022-07-02 04:26:00,50.0,50.0,221,223
2022-07-02 04:28:00,50.4,50.4,222,223
2022-07-02 04:30:00,50.5,50.5,225,226
2022-07-02 04:32:00,50.0,49.9,224,225
2022-07-02 04:34:00,50.4,50.5,223,224
2022-07-02 04:36:00,50.6,50.6,223,225
2022-07-02 04:38:00,50.3,50.2,224,225
2022-07-02 04:40:00,50.3,50.3,225,226
2022-07-02 04:42:00,50.7,50.7,223,225
2022-07-02 04:44:00,50.1,50.1,225,226
2022-07-02 04:46:00,50.3,50.3,225,226
2022-07-02 04:48:00,50.3,50.4,221,223
2022-07-02 04:50:00,50.3,50.4,221,223
2022-07-02 04:52:00,50.3,50.4,223,224
2022-07-02 04:54:00,50.4,50.5,223,224
2022-07-02 04:56:00,50.2,50.3,222,224
2022-07-02 04:58:00,50.0,50.1,221,223
2022-07-02 05:00:00,50.6,50.5,224,224
2022-07-02 05:02:00,50.3,50.4,223,223
2022-07-02 05:04:00,50.5,50.5,221,223
2022-07-02 05:06:00,50.3,50.3,224,225
2022-07-02 05:08:00,50.1,50.1,224,225
2022-07-02 05:10:00,50.6,50.6,221,223
2022-07-02 05:12:00,50.2,50.2,222,223
2022-07-02 05:14:00,49.9,49.9,222,222
2022-07-02 05:16:00,50.4,50.5,222,223
2022-07-02 05:18:00,50.3,50.3,221,222
2022-07-02 05:20:00,50,50.0,221,221
2022-07-02 05:22:00,50.3,50.2,221,222
2022-07-02 05:24:00,50.2,50.1,220,222
2022-07-02 05:26:00,50.2,50.2,221,223
2022-07-02 05:28:00,50.4,50.4,223,223
2022-07-02 05:30:00,50.4,50.5,226,226
2022-07-02 05:32:00,50.1,50.1,223,224
2022-07-02 05:34:00,50.5,50.4,224,225
2022-07-02 05:36:00,50.3,50.3,226,226
2022-07-02 05:38:00,50.1,50.0,225,226
2022-07-02 05:40:00,50.2,50.2,223,224
2022-07-02 05:42:00,50.1,50.2,223,223
2022-07-02 05:44:00,50.2,50.2,224,225
2022-07-02 05:46:00,50.3,50.3,223,224
2022-07-02 05:48:00,50.3,50.3,221,222
2022-07-02 05:50:00,50.6,50.6,223,223
2022-07-02 05:52:00,50.1,50.1,222,223
2022-07-02 05:54:00,50.4,50.4,221,222
2022-07-02 05:56:00,50.1,50.0,221,223
2022-07-02 05:58:00,50.3,50.3,221,222
2022-07-02 06:00:00,50.5,50.4,219,221
2022-07-02 06:02:00,50.3,50.3,222,223
2022-07-02 06:04:00,50.2,50.3,224,224
2022-07-02 06:06:00,50.2,50.2,223,223
2022-07-02 06:08:00,50.4,50.5,220,221
2022-07-02 06:10:00,50.3,50.3,219,220
2022-07-02 06:12:00,50.3,50.4,221,221
2022-07-02 06:14:00,50.3,50.3,219,221
2022-07-02 06:16:00,50.2,50.2,223,224
2022-07-02 06:18:00,50.2,50.1,223,224
2022-07-02 06:20:00,50.3,50.3,223,224
2022-07-02 06:22:00,50.4,50.3,219,221
2022-07-02 06:24:00,50.1,50.0,219,221
2022-07-02 06:26:00,50.3,50.3,221,222
2022-07-02 06:28:00,50.6,50.6,220,221
2022-07-02 06:30:00,50.3,50.2,219,220
2022-07-02 06:32:00,50.1,50.0,221,222
2022-07-02 06:34:00,50.2,50.1,219,220
2022-07-02 06:36:00,50.3,50.3,218,220
2022-07-02 06:38:00,50.1,50.1,217,219
2022-07-02 06:40:00,50.2,50.2,221,222
2022-07-02 06:42:00,50.5,50.5,219,220
2022-07-02 06:44:00,50.2,50.2,216,218
2022-07-02 06:46:00,50.2,50.2,216,218
2022-07-02 06:48:00,50.2,50.1,217,219
2022-07-02 06:50:00,50.3,50.4,218,219
2022-07-02 06:52:00,50.1,50.1,216,218
2022-07-02 06:54:00,50.0,50.1,217,219
2022-07-02 06:56:00,50.5,50.5,217,219
2022-07-02 06:58:00,50.4,50.4,215,217
2022-07-02 07:00:00,50.3,50.3,216,218
2022-07-02 07:02:00,50.3,50.3,217,219
2022-07-02 07:04:00,50.1,50.1,216,218
2022-07-02 07:06:00,50.3,50.3,218,219
2022-07-02 07:08:00,50.3,50.2,217,219
2022-07-02 07:10:00,50.2,50.2,217,219
2022-07-02 07:12:00,50.5,50.3,211,215
2022-07-02 07:14:00,50.3,50.2,211,213
2022-07-02 07:16:00,50.4,50.3,214,216
2022-07-02 07:18:00,50.1,50.2,214,215
2022-07-02 07:20:00,49.9,49.9,213,214
2022-07-02 07:22:00,50.0,49.9,210,212
2022-07-02 07:24:00,50.5,50.5,212,214
2022-07-02 07:26:00,50.3,50.3,210,211
2022-07-02 07:28:00,50.3,50.4,209,211
2022-07-02 07:30:00,50.0,50.0,211,213
2022-07-02 07:32:00,49.7,49.7,207,209
2022-07-02 07:34:00,50.4,50.3,210,211
2022-07-02 07:36:00,50.3,50.3,210,212
2022-07-02 07:38:00,50.1,50.1,209,210
2022-07-02 07:40:00,50.1,49.9,207,207
2022-07-02 07:42:00,50.3,50.3,207,209
2022-07-02 07:44:00,50.3,50.4,207,207
2022-07-02 07:46:00,49.9,49.9,206,207
2022-07-02 07:48:00,50.4,50.3,209,211
2022-07-02 07:50:00,50.3,50.2,203,204
2022-07-02 07:52:00,50.3,50.3,205,206
2022-07-02 07:54:00,50.2,50.3,204,205
2022-07-02 07:56:00,49.9,49.9,205,207
2022-07-02 07:58:00,50.5,50.5,207,208
2022-07-02 08:00:00,50.3,50.3,203,204
2022-07-02 08:02:00,50.0,50.1,202,204
2022-07-02 08:04:00,50.1,50.0,202,204
2022-07-02 08:06:00,50.2,50.2,202,203
2022-07-02 08:08:00,50.3,50.2,204,204
2022-07-02 08:10:00,50.1,50.1,202,203
2022-07-02 08:12:00,49.8,49.9,202,203
2022-07-02 08:14:00,50.0,50.0,205,207
2022-07-02 08:16:00,50.1,50.0,202,204
2022-07-02 08:18:00,50.3,50.3,203,205
2022-07-02 08:20:00,50.2,50.3,206,207
2022-07-02 08:22:00,49.9,49.9,204,206
2022-07-02 08:24:00,50.3,50.3,202,204
2022-07-02 08:26:00,50.1,50.1,199,201
2022-07-02 08:28:00,50.0,50.1,199,200
2022-07-02 08:30:00,50.2,50.2,199,202
2022-07-02 08:32:00,49.9,49.9,202,206
2022-07-02 08:34:00,49.8,49.9,201,204
2022-07-02 08:36:00,50.3,50.3,205,208
2022-07-02 08:38:00,50.0,49.9,207,209
2022-07-02 08:40:00,50.0,50.0,203,206
2022-07-02 08:42:00,50.1,50.1,203,206
2022-07-02 08:44:00,50.1,50.1,205,207
2022-07-02 08:46:00,50.0,50.1,199,202
2022-07-02 08:48:00,50.1,50.1,200,204
2022-07-02 08:50:00,50.2,50.2,188,190
2022-07-02 08:52:00,50.2,50.2,185,185
2022-07-02 08:54:00,50.1,50.1,199,201
2022-07-02 08:56:00,50.2,50.2,199,202
2022-07-02 08:58:00,50.3,50.3,201,203
2022-07-02 09:00:00,50.1,50.1,201,203
2022-07-02 09:02:00,50.5,50.4,204,205
2022-07-02 09:04:00,50.3,50.3,207,209
2022-07-02 09:06:00,49.9,49.8,203,207
2022-07-02 09:08:00,50.1,50.0,204,209
2022-07-02 09:10:00,50.1,50.1,202,204
2022-07-02 09:12:00,50.0,50.0,202,205
2022-07-02 09:14:00,50.1,50.1,205,207
2022-07-02 09:16:00,50.0,50.0,201,204
2022-07-02 09:18:00,50.2,50.2,202,207
2022-07-02 09:20:00,49.9,49.9,202,206
2022-07-02 09:22:00,49.9,49.9,196,199
2022-07-02 09:24:00,50.3,,196,
2022-07-02 09:26:00,50.2,50.2,202,204
2022-07-02 09:28:00,49.9,49.9,202,204
2022-07-02 09:30:00,50.2,50.2,198,202
2022-07-02 09:32:00,49.9,49.9,197,201
2022-07-02 09:34:00,49.9,49.9,196,198
2022-07-02 09:36:00,50.3,50.3,194,197
2022-07-02 09:38:00,50.0,50.0,191,194
2022-07-02 09:40:00,50.0,50.0,196,199
2022-07-02 09:42:00,49.8,49.8,199,201
2022-07-02 09:44:00,50.1,50.1,199,202
2022-07-02 09:46:00,50.1,50.0,199,202
2022-07-02 09:48:00,49.9,50.0,198,200
2022-07-02 09:50:00,50.3,50.3,194,197
2022-07-02 09:52:00,50.0,50.0,196,199
2022-07-02 09:54:00,49.9,49.8,192,197
2022-07-02 09:56:00,50.3,50.3,197,200
2022-07-02 09:58:00,50.2,50.2,195,199
2022-07-02 10:00:00,50.0,50.0,197,200
2022-07-02 10:02:00,49.9,49.9,193,196
2022-07-02 10:04:00,49.9,49.9,194,196
2022-07-02 10:06:00,50.0,50.0,192,195
2022-07-02 10:08:00,50.0,49.9,191,194
2022-07-02 10:10:00,49.6,49.6,194,196
2022-07-02 10:12:00,49.9,49.9,193,196
2022-07-02 10:14:00,50.0,49.9,190,193
2022-07-02 10:16:00,50.3,50.3,194,197
2022-07-02 10:18:00,50.3,50.3,195,198
2022-07-02 10:20:00,50.1,50.2,192,195
2022-07-02 10:22:00,49.9,49.9,192,194
2022-07-02 10:24:00,50.2,50.2,190,192
2022-07-02 10:26:00,50.3,50.3,193,194
2022-07-02 10:28:00,49.8,49.8,197,200
2022-07-02 10:30:00,50.0,50.1,197,201
2022-07-02 10:32:00,50.4,50.4,195,198
2022-07-02 10:34:00,50.4,50.4,194,198
2022-07-02 10:36:00,50.1,50.1,193,197
2022-07-02 10:38:00,49.7,49.7,194,198
2022-07-02 10:40:00,50.2,50.2,194,197
2022-07-02 10:42:00,50.2,50.3,188,192
2022-07-02 10:44:00,49.9,50.0,187,191
2022-07-02 10:46:00,49.9,50.0,190,192
2022-07-02 10:48:00,50.2,50.1,190,193
2022-07-02 10:50:00,49.8,49.8,187,190
2022-07-02 10:52:00,48.6,50,187,191
2022-07-02 10:54:00,50.3,50.4,189,192
2022-07-02 10:56:00,50.0,50.3,187,192
2022-07-02 10:58:00,50.2,50.2,187,190
2022-07-02 11:00:00,50.0,50.0,186,188
2022-07-02 11:02:00,50.0,50.0,192,195
2022-07-02 11:04:00,50.1,50.1,190,194
2022-07-02 11:06:00,50.0,50,194,196
2022-07-02 11:08:00,50.2,50.2,196,198
2022-07-02 11:10:00,51.4,50.1,189,192
2022-07-02 11:12:00,50,49.9,187,190
2022-07-02 11:14:00,49.9,50.0,194,197
2022-07-02 11:16:00,50.0,50.0,188,191
2022-07-02 11:18:00,50.0,50.0,188,191
2022-07-02 11:20:00,50.5,50.5,190,192
2022-07-02 11:22:00,49.9,49.9,191,193
2022-07-02 11:24:00,50.3,50.3,190,194
2022-07-02 11:26:00,50.2,50.2,190,194
2022-07-02 11:28:00,49.9,49.9,194,197
2022-07-02 11:30:00,50.3,50.3,195,198
2022-07-02 11:32:00,50.1,50.0,191,194
2022-07-02 11:34:00,50.3,50.4,192,194
2022-07-02 11:36:00,50.3,50.2,190,192
2022-07-02 11:38:00,50.0,50.0,191,194
2022-07-02 11:40:00,49.7,49.7,202,203
2022-07-02 11:42:00,49.9,49.9,196,197
2022-07-02 11:44:00,50.2,50.2,192,194
2022-07-02 11:46:00,50.2,50.2,192,193
2022-07-02 11:48:00,50.0,50.1,185,187
2022-07-02 11:50:00,49.8,49.8,182,183
2022-07-02 11:52:00,50.1,50.2,186,187
2022-07-02 11:54:00,50.0,50.1,183,185
2022-07-02 11:56:00,50.1,50.1,188,190
2022-07-02 11:58:00,50.2,50.2,190,192
2022-07-02 12:00:00,49.9,49.9,188,190
2022-07-02 12:02:00,50.3,50.3,185,187
2022-07-02 12:04:00,50.2,50.2,191,194
2022-07-02 12:06:00,50.1,50.1,190,192
2022-07-02 12:08:00,50.1,50.1,187,191
2022-07-02 12:10:00,50.2,50.0,189,194
2022-07-02 12:12:00,50.2,50.2,193,195
2022-07-02 12:14:00,50.1,50.1,191,194
2022-07-02 12:16:00,49.9,49.9,194,197
2022-07-02 12:18:00,50.0,50.0,196,199
2022-07-02 12:20:00,50.0,50.1,194,197
2022-07-02 12:22:00,50.2,50.1,190,192
2022-07-02 12:24:00,50.1,50.1,192,194
2022-07-02 12:26:00,50.0,50.0,190,192
2022-07-02 12:28:00,50.0,50.0,194,196
2022-07-02 12:30:00,50.2,50.2,191,194
2022-07-02 12:32:00,50.2,50.2,190,192
2022-07-02 12:34:00,50.0,50.0,192,195
2022-07-02 12:36:00,50.2,50.2,194,196
2022-07-02 12:38:00,50.2,50.2,191,194
2022-07-02 12:40:00,50.1,50.0,190,192
2022-07-02 12:42:00,50.3,49.3,185,190
2022-07-02 12:44:00,50.1,50.1,184,188
2022-07-02 12:46:00,50.1,50.2,188,193
2022-07-02 12:48:00,49.9,49.9,189,192
2022-07-02 12:50:00,50.3,50.3,189,193
2022-07-02 12:52:00,50.0,50.0,185,190
2022-07-02 12:54:00,49.9,49.9,182,187
2022-07-02 12:56:00,50.2,50.3,186,190
2022-07-02 12:58:00,50,50.0,187,191
2022-07-02 13:00:00,50.1,50,187,187
2022-07-02 13:02:00,50.2,50.2,185,187
2022-07-02 13:04:00,50.2,50.1,189,191
2022-07-02 13:06:00,50.2,50.3,193,197
2022-07-02 13:08:00,49.9,49.8,191,194
2022-07-02 13:10:00,50.0,50.1,189,190
2022-07-02 13:12:00,49.8,49.8,193,195
2022-07-02 13:14:00,50.4,50.3,194,197
2022-07-02 13:16:00,50.2,50.1,191,194
2022-07-02 13:18:00,49.9,50,189,191
2022-07-02 13:20:00,49.9,49.9,189,199
2022-07-02 13:22:00,49.7,49.7,186,189
2022-07-02 13:24:00,49.8,49.8,186,189
2022-07-02 13:26:00,50.1,50.2,190,192
2022-07-02 13:28:00,50.1,50.1,191,194
2022-07-02 13:30:00,49.9,49.8,187,190
2022-07-02 13:32:00,50.2,50.2,194,196
2022-07-02 13:34:00,50.0,50.1,190,192
2022-07-02 13:36:00,50.0,50.0,192,195
2022-07-02 13:38:00,50.1,50.1,186,189
2022-07-02 13:40:00,50.3,50.3,189,192
2022-07-02 13:42:00,50.1,50.1,187,190
2022-07-02 13:44:00,50.3,50.4,194,197
2022-07-02 13:46:00,50.7,50.6,192,194
2022-07-02 13:48:00,50.6,50.7,194,197
2022-07-02 13:50:00,50.5,50.4,186,189
2022-07-02 13:52:00,50.4,50.4,188,192
2022-07-02 13:54:00,50.5,50.5,192,194
2022-07-02 13:56:00,49.9,49.9,183,187
2022-07-02 13:58:00,50.5,50.5,187,191
2022-07-02 14:00:00,50.4,50.4,189,191
2022-07-02 14:02:00,50.1,50.2,192,195
2022-07-02 14:04:00,50.1,50.1,190,194
2022-07-02 14:06:00,50.2,50.3,192,195
2022-07-02 14:08:00,50.3,50.4,189,192
2022-07-02 14:10:00,50.4,50.4,190,193
2022-07-02 14:12:00,50.1,50.2,192,196
2022-07-02 14:14:00,50.3,50.3,192,196
2022-07-02 14:16:00,50.3,50.4,192,195
2022-07-02 14:18:00,50.3,50.3,189,193
2022-07-02 14:20:00,49.9,49.9,176,182
2022-07-02 14:22:00,50.3,50.2,186,187
2022-07-02 14:24:00,50.3,50.3,187,190
2022-07-02 14:26:00,50.1,50.0,185,186
2022-07-02 14:28:00,50.4,50.4,189,191
2022-07-02 14:30:00,50.3,50.3,189,192
2022-07-02 14:32:00,50.2,50.1,185,189
2022-07-02 14:34:00,50.2,50.3,186,190
2022-07-02 14:36:00,50.4,50.3,188,191
2022-07-02 14:38:00,50.2,50.2,181,184
2022-07-02 14:40:00,50.5,50.5,185,188
2022-07-02 14:42:00,50.4,50.4,185,189
2022-07-02 14:44:00,50.4,50.4,190,192
2022-07-02 14:46:00,50.1,50.2,187,190
2022-07-02 14:48:00,50.3,50.3,185,189
2022-07-02 14:50:00,50.1,50.1,190,192
2022-07-02 14:52:00,50.2,50.1,186,189
2022-07-02 14:54:00,50.2,50.2,182,185
2022-07-02 14:56:00,50,50.1,180,182
2022-07-02 14:58:00,50.3,50.4,181,184
2022-07-02 15:00:00,50.4,50.3,185,187
2022-07-02 15:02:00,50.3,50.3,188,192
2022-07-02 15:04:00,50.3,50.3,187,190
2022-07-02 15:06:00,50.3,50.3,187,190
2022-07-02 15:08:00,50.3,50.3,186,190
2022-07-02 15:10:00,50.3,50.3,186,190
2022-07-02 15:12:00,50,50.1,185,188
2022-07-02 15:14:00,50.4,50.4,187,191
2022-07-02 15:16:00,50,50.1,180,183
2022-07-02 15:18:00,50.0,50.1,180,184
2022-07-02 15:20:00,50.1,50.2,180,182
2022-07-02 15:22:00,50.1,50.2,185,188
2022-07-02 15:24:00,50.1,50.1,187,190
2022-07-02 15:26:00,50.4,50.4,190,192
2022-07-02 15:28:00,50.3,50.3,191,193
2022-07-02 15:30:00,50.3,50.3,191,193
2022-07-02 15:32:00,50.3,50.3,182,185
2022-07-02 15:34:00,50.0,50,182,183
2022-07-02 15:36:00,50.3,50.3,182,185
2022-07-02 15:38:00,50.3,50.2,186,189
2022-07-02 15:40:00,50.3,50.3,187,189
2022-07-02 15:42:00,50.1,50.1,187,189
2022-07-02 15:44:00,50.2,50.2,187,190
2022-07-02 15:46:00,50.4,50.3,187,190
2022-07-02 15:48:00,50.1,50.1,186,187
2022-07-02 15:50:00,50.5,50.4,186,187
2022-07-02 15:52:00,50.3,50.3,185,187
2022-07-02 15:54:00,50.2,50.3,185,188
2022-07-02 15:56:00,50.3,50.2,185,186
2022-07-02 15:58:00,50.1,50.1,180,182
2022-07-02 16:00:00,50.4,50.3,183,185
2022-07-02 16:02:00,50.4,50.4,189,190
2022-07-02 16:04:00,50.3,50.3,190,192
2022-07-02 16:06:00,50.2,50.3,186,187
2022-07-02 16:08:00,50.3,50.3,190,192
2022-07-02 16:10:00,50.5,50.5,193,194
2022-07-02 16:12:00,50.2,50.2,189,190
2022-07-02 16:14:00,50.1,50.1,185,187
2022-07-02 16:16:00,50.4,50.4,189,190
2022-07-02 16:18:00,50.3,50.3,190,190
2022-07-02 16:20:00,50.3,50.3,188,190
2022-07-02 16:22:00,50.6,50.6,190,192
2022-07-02 16:24:00,50.3,50.3,188,189
2022-07-02 16:26:00,50.5,50.6,183,183
2022-07-02 16:28:00,50.3,50.3,186,187
2022-07-02 16:30:00,50.2,50.4,187,188
2022-07-02 16:32:00,50.6,50.6,192,193
2022-07-02 16:34:00,50.4,50.5,189,191
2022-07-02 16:36:00,50.2,50.2,190,192
2022-07-02 16:38:00,50.3,50.2,191,192
2022-07-02 16:40:00,50.3,50.3,191,191
2022-07-02 16:42:00,50.5,50.5,186,188
2022-07-02 16:44:00,50.4,50.4,189,190
2022-07-02 16:46:00,50.5,50.5,190,190
2022-07-02 16:48:00,50.1,50.1,188,190
2022-07-02 16:50:00,50.2,50.3,186,187
2022-07-02 16:52:00,50.3,50.4,190,190
2022-07-02 16:54:00,50.5,50.5,190,190
2022-07-02 16:56:00,50.4,50,190,190
2022-07-02 16:58:00,50.4,50.4,189,190
2022-07-02 17:00:00,50.4,50.3,191,192
2022-07-02 17:02:00,50.5,50.5,190,191
2022-07-02 17:04:00,50.4,50.3,190,192
2022-07-02 17:06:00,50.3,50.3,190,190
2022-07-02 17:08:00,50.4,50.4,187,187
2022-07-02 17:10:00,50.2,50.2,183,185
2022-07-02 17:12:00,50.3,50.3,183,185
2022-07-02 17:14:00,50.4,50.3,185,185
2022-07-02 17:16:00,50.3,50.3,187,187
2022-07-02 17:18:00,50.5,50.5,185,187
2022-07-02 17:20:00,50.4,50.4,184,185
2022-07-02 17:22:00,50.4,50.3,189,190
2022-07-02 17:24:00,50.3,50.3,188,190
2022-07-02 17:26:00,50.2,50.3,184,185
2022-07-02 17:28:00,50.2,50.2,189,190
2022-07-02 17:30:00,50.2,50.1,188,188
2022-07-02 17:32:00,50.4,50.4,185,187
2022-07-02 17:34:00,50.3,50.4,185,187
2022-07-02 17:36:00,50.5,50.5,189,190
2022-07-02 17:38:00,50.2,50.2,188,191
2022-07-02 17:40:00,50.4,50.4,186,189
2022-07-02 17:42:00,50.2,50.2,185,187
2022-07-02 17:44:00,50.3,50.3,187,189
2022-07-02 17:46:00,50.3,50.3,186,189
2022-07-02 17:48:00,50.4,50.4,192,194
2022-07-02 17:50:00,51.0,51.0,196,197
2022-07-02 17:52:00,50.5,50.5,188,192
2022-07-02 17:54:00,50.7,50.7,194,196
2022-07-02 17:56:00,50.8,50.8,193,194
2022-07-02 17:58:00,50.4,50.4,193,195
2022-07-02 18:00:00,50.3,50.3,192,195
2022-07-02 18:02:00,50.8,50.8,193,195
2022-07-02 18:04:00,50.5,50.5,194,195
2022-07-02 18:06:00,50.4,50.4,193,194
2022-07-02 18:08:00,50.4,50.5,192,194
2022-07-02 18:10:00,50.5,50.4,192,194
2022-07-02 18:12:00,50.6,50.6,194,196
2022-07-02 18:14:00,50.5,50.5,190,193
2022-07-02 18:16:00,50.2,50.3,190,192
2022-07-02 18:18:00,50.4,50.4,190,191
2022-07-02 18:20:00,50.3,50.3,190,192
2022-07-02 18:22:00,50.5,50.4,188,191
2022-07-02 18:24:00,50.4,50.4,185,187
2022-07-02 18:26:00,50.5,50.5,187,187
2022-07-02 18:28:00,50.5,50.5,188,189
2022-07-02 18:30:00,50.4,50.4,187,189
2022-07-02 18:32:00,50.1,50.2,182,184
2022-07-02 18:34:00,50.2,50.2,182,183
2022-07-02 18:36:00,50.6,50.6,182,183
2022-07-02 18:38:00,50.3,50.3,180,182
2022-07-02 18:40:00,50.4,50.3,180,181
2022-07-02 18:42:00,50.2,50.3,180,181
2022-07-02 18:44:00,50.2,50.3,178,180
2022-07-02 18:46:00,50.3,50.3,176,178
2022-07-02 18:48:00,50.3,50.3,178,179
2022-07-02 18:50:00,50.5,50.6,180,182
2022-07-02 18:52:00,50.2,50.3,180,182
2022-07-02 18:54:00,50.0,50.1,175,178
2022-07-02 18:56:00,50.1,50.1,178,178
2022-07-02 18:58:00,50.4,50.4,184,186
2022-07-02 19:00:00,50.1,50.0,182,183
2022-07-02 19:02:00,50.2,50.1,184,185
2022-07-02 19:04:00,50.3,50.4,182,183
2022-07-02 19:06:00,50.2,50.2,182,184
2022-07-02 19:08:00,50.3,50.4,184,185
2022-07-02 19:10:00,50.3,50.3,189,190
2022-07-02 19:12:00,50.2,50.2,184,185
2022-07-02 19:14:00,50.3,50.2,183,185
2022-07-02 19:16:00,50.1,50.1,183,185
2022-07-02 19:18:00,50.3,50.3,184,185
2022-07-02 19:20:00,50.2,50.2,182,184
2022-07-02 19:22:00,50.5,50.5,183,185
2022-07-02 19:24:00,50.3,50.3,185,185
2022-07-02 19:26:00,50.5,50.5,182,184
2022-07-02 19:28:00,50.6,50.6,185,187
2022-07-02 19:30:00,50.4,50.4,185,186
2022-07-02 19:32:00,50.4,50.4,185,186
2022-07-02 19:34:00,49.8,49.9,178,180
2022-07-02 19:36:00,50.4,50.4,179,180
2022-07-02 19:38:00,50.1,50.1,181,182
2022-07-02 19:40:00,50.4,50.4,180,180
2022-07-02 19:42:00,50.6,50.5,178,180
2022-07-02 19:44:00,50.2,50.2,179,180
2022-07-02 19:46:00,50.4,50.5,181,182
2022-07-02 19:48:00,50.6,50.6,182,184
2022-07-02 19:50:00,50.3,50.4,182,185
2022-07-02 19:52:00,50.2,50.2,186,187
2022-07-02 19:54:00,50.3,50.4,187,188
2022-07-02 19:56:00,50.5,50.5,184,186
2022-07-02 19:58:00,50.3,50.3,186,187
2022-07-02 20:00:00,50.6,50.5,188,188
2022-07-02 20:02:00,50.3,50.4,184,185
2022-07-02 20:04:00,50.5,50.4,183,185
2022-07-02 20:06:00,50.4,50.4,185,185
2022-07-02 20:08:00,50.5,50.5,185,187
2022-07-02 20:10:00,50.5,50.4,185,187
2022-07-02 20:12:00,50.2,50.3,183,185
2022-07-02 20:14:00,50.6,50.7,187,187
2022-07-02 20:16:00,50.3,50.4,180,182
2022-07-02 20:18:00,50.3,50.3,182,185
2022-07-02 20:20:00,50.6,50.5,186,187
2022-07-02 20:22:00,50.2,50.2,185,186
2022-07-02 20:24:00,50.6,50.6,182,185
2022-07-02 20:26:00,50.4,50.4,184,186
2022-07-02 20:28:00,50.2,50.2,185,186
2022-07-02 20:30:00,50.4,50.4,185,187
2022-07-02 20:32:00,50.7,50.7,186,187
2022-07-02 20:34:00,50.5,50.5,190,191
2022-07-02 20:36:00,50.1,50.1,190,191
2022-07-02 20:38:00,50.5,50.5,186,188
2022-07-02 20:40:00,50.3,50.3,188,190
2022-07-02 20:42:00,50.3,50.3,190,192
2022-07-02 20:44:00,50.4,50.3,190,191
2022-07-02 20:46:00,50.3,50.4,187,188
2022-07-02 20:48:00,50.5,50.5,187,190
2022-07-02 20:50:00,50.3,50.2,192,194
2022-07-02 20:52:00,50.4,50.5,190,192
2022-07-02 20:54:00,50.4,50.4,188,190
2022-07-02 20:56:00,50.4,50.3,185,185
2022-07-02 20:58:00,50.7,50.7,184,185
2022-07-02 21:00:00,50.3,50.3,185,187
2022-07-02 21:02:00,50.6,50.5,185,187
2022-07-02 21:04:00,50.7,50.7,187,189
2022-07-02 21:06:00,50.3,50.3,192,192
2022-07-02 21:08:00,50.2,50.2,192,194
2022-07-02 21:10:00,50.4,50.4,192,194
2022-07-02 21:12:00,50.8,50.7,193,194
2022-07-02 21:14:00,50.5,50.5,192,194
2022-07-02 21:16:00,50.3,50.2,187,190
2022-07-02 21:18:00,50.6,50.6,192,194
2022-07-02 21:20:00,50.5,50.5,192,193
2022-07-02 21:22:00,50.4,50.3,192,193
2022-07-02 21:24:00,50.4,50.3,192,194
2022-07-02 21:26:00,50.5,50.4,194,195
2022-07-02 21:28:00,50.5,50.5,200,202
2022-07-02 21:30:00,50.5,50.5,200,202
2022-07-02 21:32:00,50.9,50.8,204,206
2022-07-02 21:34:00,50.5,50.6,203,204
2022-07-02 21:36:00,50.5,50.5,201,203
2022-07-02 21:38:00,50.6,50.6,202,203
2022-07-02 21:40:00,50.3,50.4,205,206
2022-07-02 21:42:00,50.4,50.4,204,206
2022-07-02 21:44:00,50.5,50.4,204,206
2022-07-02 21:46:00,50.4,50.4,207,207
2022-07-02 21:48:00,50.4,50.4,205,207
2022-07-02 21:50:00,50.8,50.8,207,208
2022-07-02 21:52:00,50.8,50.8,207,209
2022-07-02 21:54:00,50.8,50.8,209,209
2022-07-02 21:56:00,50.5,50.6,206,207
2022-07-02 21:58:00,50.9,50.9,207,209
2022-07-02 22:00:00,50.7,50.7,210,211
2022-07-02 22:02:00,50.7,50.8,210,211
2022-07-02 22:04:00,50.6,50.6,209,210
2022-07-02 22:06:00,50.8,50.8,208,209
2022-07-02 22:08:00,50.9,50.9,211,212
2022-07-02 22:10:00,50.8,50.8,208,209
2022-07-02 22:12:00,50.6,50.6,210,211
2022-07-02 22:14:00,50.6,50.6,212,213
2022-07-02 22:16:00,50.7,50.7,210,211
2022-07-02 22:18:00,51.2,51.2,209,211
2022-07-02 22:20:00,51.0,51.0,211,213
2022-07-02 22:22:00,50.6,50.7,211,212
2022-07-02 22:24:00,50.7,50.7,210,211
2022-07-02 22:26:00,50.8,50.8,210,211
2022-07-02 22:28:00,50.5,50.6,212,212
2022-07-02 22:30:00,50.5,50.4,211,212
2022-07-02 22:32:00,51.1,51.0,211,212
2022-07-02 22:34:00,50.8,50.8,211,214
2022-07-02 22:36:00,50.6,50.6,213,214
2022-07-02 22:38:00,50.9,50.9,211,214
2022-07-02 22:40:00,51.0,50.9,214,215
2022-07-02 22:42:00,50.8,50.7,212,212
2022-07-02 22:44:00,51.2,51.3,213,214
2022-07-02 22:46:00,50.6,50.7,213,214
2022-07-02 22:48:00,50.7,50.7,214,215
2022-07-02 22:50:00,51.2,51.1,214,215
2022-07-02 22:52:00,50.5,50.9,214,215
2022-07-02 22:54:00,50.8,50.7,214,214
2022-07-02 22:56:00,51.2,51.2,216,216
2022-07-02 22:58:00,50.9,50.9,216,216
2022-07-02 23:00:00,51.0,51.0,214,215
2022-07-02 23:02:00,51.2,51.3,214,215
2022-07-02 23:04:00,50.5,50.5,216,216
2022-07-02 23:06:00,50.6,50.6,214,214
2022-07-02 23:08:00,50.8,50.7,215,216
2022-07-02 23:10:00,50.4,50.4,214,215
2022-07-02 23:12:00,50.9,50.9,215,216
2022-07-02 23:14:00,50.6,50.5,214,216
2022-07-02 23:16:00,50.8,50.7,214,216
2022-07-02 23:18:00,51.0,51.0,217,218
2022-07-02 23:20:00,50.9,50.9,215,216
2022-07-02 23:22:00,50.5,50.5,214,215
2022-07-02 23:24:00,50.8,50.8,216,216
2022-07-02 23:26:00,50.6,50.6,217,216
2022-07-02 23:28:00,51.0,51.0,216,217
2022-07-02 23:30:00,50.5,50.5,216,217
2022-07-02 23:32:00,50.6,50.5,218,218
2022-07-02 23:34:00,50.7,50.7,216,217
2022-07-02 23:36:00,50.6,50.6,216,217
2022-07-02 23:38:00,50.5,50.6,218,218
2022-07-02 23:40:00,50.6,50.7,218,218
2022-07-02 23:42:00,50.2,50.2,216,217
2022-07-02 23:44:00,51.0,50.9,216,218
2022-07-02 23:46:00,50.6,50.7,218,218
2022-07-02 23:48:00,50.8,50.9,218,219
2022-07-02 23:50:00,50.8,50.9,216,218
2022-07-02 23:52:00,50.7,50.7,219,219
2022-07-02 23:54:00,50.6,50.6,218,219
2022-07-02 23:56:00,51.1,51.1,218,219
2022-07-02 23:58:00,50.5,50.5,216,218
2022-07-03 00:00:00,50.8,50.8,218,219
2022-07-03 00:02:00,51.0,51.0,217,219
2022-07-03 00:04:00,50.7,50.6,217,219
2022-07-03 00:06:00,50.5,50.5,219,219
2022-07-03 00:08:00,51.0,51.0,219,219
2022-07-03 00:10:00,50.7,50.7,217,218
2022-07-03 00:12:00,50.5,50.5,218,219
2022-07-03 00:14:00,50.9,50.8,220,220
2022-07-03 00:16:00,50.8,50.7,221,221
2022-07-03 00:18:00,50.4,50.3,219,219
2022-07-03 00:20:00,50.9,50.8,221,221
2022-07-03 00:22:00,50.5,50.5,221,221
2022-07-03 00:24:00,50.5,50.5,219,220
2022-07-03 00:26:00,50.4,50.4,219,220
2022-07-03 00:28:00,50.3,50.3,221,221
2022-07-03 00:30:00,50.5,50.6,221,221
2022-07-03 00:32:00,50.3,50.3,219,220
2022-07-03 00:34:00,50.2,50.1,219,220
2022-07-03 00:36:00,50.4,50.5,221,221
2022-07-03 00:38:00,50.3,50.3,219,221
2022-07-03 00:40:00,50.2,50.1,219,220
2022-07-03 00:42:00,50.2,50.1,221,221
2022-07-03 00:44:00,50.1,50.1,221,221
2022-07-03 00:46:00,50.4,50.4,219,220
2022-07-03 00:48:00,50.3,50.2,219,220
2022-07-03 00:50:00,49.9,49.9,220,220
2022-07-03 00:52:00,50.5,50.5,219,219
2022-07-03 00:54:00,50.4,50.4,220,220
2022-07-03 00:56:00,49.8,49.8,221,221
2022-07-03 00:58:00,50.6,50.6,221,221
2022-07-03 01:00:00,50.3,50.3,221,221
2022-07-03 01:02:00,50.3,50.2,220,221
2022-07-03 01:04:00,50.5,50.6,222,222
2022-07-03 01:06:00,50.3,50.2,220,221
2022-07-03 01:08:00,50.4,50.3,219,220
2022-07-03 01:10:00,50.4,50.4,221,221
2022-07-03 01:12:00,50.3,50.2,222,222
2022-07-03 01:14:00,50.3,50.3,220,221
2022-07-03 01:16:00,50.7,50.6,221,221
2022-07-03 01:18:00,50.5,50.6,222,221
2022-07-03 01:20:00,50.1,50.1,221,221
2022-07-03 01:22:00,50.6,50.7,221,221
2022-07-03 01:24:00,50.2,50.1,222,221
2022-07-03 01:26:00,50.5,50.5,222,221
2022-07-03 01:28:00,50.4,50.4,221,221
2022-07-03 01:30:00,50.1,50.2,220,221
2022-07-03 01:32:00,50.5,50.4,221,221
2022-07-03 01:34:00,50.7,50.7,223,223
2022-07-03 01:36:00,50.2,50.2,221,222
2022-07-03 01:38:00,50.2,50.2,223,223
2022-07-03 01:40:00,50.3,50.3,222,222
2022-07-03 01:42:00,50.0,50.0,219,219
2022-07-03 01:44:00,50.3,50.2,221,222
2022-07-03 01:46:00,50.6,50.4,223,223
2022-07-03 01:48:00,50.3,50.3,223,223
2022-07-03 01:50:00,50.3,50.4,221,222
2022-07-03 01:52:00,50.6,50.7,223,223
2022-07-03 01:54:00,50.4,50.4,223,223
2022-07-03 01:56:00,50.4,50.5,221,223
2022-07-03 01:58:00,50.2,50.2,221,222
2022-07-03 02:00:00,50.3,50.3,222,223
2022-07-03 02:02:00,50.6,50.6,223,223
2022-07-03 02:04:00,50.3,50.3,220,221
2022-07-03 02:06:00,50.2,50.3,222,223
2022-07-03 02:08:00,50.3,50.3,222,223
2022-07-03 02:10:00,50.3,50.4,221,222
2022-07-03 02:12:00,50.2,50.1,221,222
2022-07-03 02:14:00,50.3,50.3,221,222
2022-07-03 02:16:00,50.7,50.6,223,223
2022-07-03 02:18:00,50.2,50.3,221,223
2022-07-03 02:20:00,50.3,50.3,223,224
2022-07-03 02:22:00,50.6,50.6,223,223
2022-07-03 02:24:00,50.3,50.3,221,223
2022-07-03 02:26:00,50.2,50.3,220,222
2022-07-03 02:28:00,50.7,50.6,222,223
2022-07-03 02:30:00,50.3,50.3,223,223
2022-07-03 02:32:00,50.2,50.2,221,223
2022-07-03 02:34:00,50.5,50.5,223,223
2022-07-03 02:36:00,50.3,50.3,222,223
2022-07-03 02:38:00,50.5,50.4,221,223
2022-07-03 02:40:00,50.5,50.5,221,223
2022-07-03 02:42:00,50.4,50.3,223,225
2022-07-03 02:44:00,50.3,50.2,223,224
2022-07-03 02:46:00,50.5,50.5,222,223
2022-07-03 02:48:00,50.5,50.6,221,223
2022-07-03 02:50:00,50.2,50.2,223,223
2022-07-03 02:52:00,50.5,50.5,221,223
2022-07-03 02:54:00,50.3,50.3,221,223
2022-07-03 02:56:00,50.1,50.0,222,223
2022-07-03 02:58:00,50.5,50.5,222,223
2022-07-03 03:00:00,50.4,50.4,221,223
2022-07-03 03:02:00,50.2,50.2,222,224
2022-07-03 03:04:00,50.7,50.7,223,224
2022-07-03 03:06:00,50.5,50.4,222,224
2022-07-03 03:08:00,50.3,50.3,222,223
2022-07-03 03:10:00,50.4,50.4,223,224
2022-07-03 03:12:00,50.5,50.5,223,224
2022-07-03 03:14:00,50.3,50.3,223,224
2022-07-03 03:16:00,50.3,50.4,223,224
2022-07-03 03:18:00,50.2,50.3,223,224
2022-07-03 03:20:00,50.5,50.5,222,223
2022-07-03 03:22:00,50.7,50.7,223,224
2022-07-03 03:24:00,50.4,50.4,225,226
2022-07-03 03:26:00,50.3,50.3,224,225
2022-07-03 03:28:00,50.6,50.5,223,224
2022-07-03 03:30:00,50.8,50.8,224,226
2022-07-03 03:32:00,50.3,50.3,224,225
2022-07-03 03:34:00,50.3,50.3,222,224
2022-07-03 03:36:00,50.5,50.5,223,224
2022-07-03 03:38:00,50.6,50.6,224,226
2022-07-03 03:40:00,50.3,50.3,224,225
2022-07-03 03:42:00,50.6,50.6,223,224
2022-07-03 03:44:00,50.5,50.4,222,223
2022-07-03 03:46:00,50.4,50.5,224,224
2022-07-03 03:48:00,50.3,50.3,223,224
2022-07-03 03:50:00,50.1,50.1,222,223
2022-07-03 03:52:00,50.4,50.4,224,225
2022-07-03 03:54:00,50.3,50.4,224,225
2022-07-03 03:56:00,50.3,50.3,223,223
2022-07-03 03:58:00,50.3,50.3,223,223
2022-07-03 04:00:00,50.0,50.4,223,224
2022-07-03 04:02:00,50.5,50.5,223,223
2022-07-03 04:04:00,50.5,50.5,223,224
2022-07-03 04:06:00,50.3,50.3,224,224
2022-07-03 04:08:00,50.6,50.6,226,226
2022-07-03 04:10:00,50.3,50.3,223,224
2022-07-03 04:12:00,50.3,50.3,223,224
2022-07-03 04:14:00,50.5,50.5,225,225
2022-07-03 04:16:00,50.3,50.3,223,224
2022-07-03 04:18:00,50.2,50.2,222,223
2022-07-03 04:20:00,50.6,50.6,226,226
2022-07-03 04:22:00,50.6,50.6,226,226
2022-07-03 04:24:00,50.3,50.3,224,225
2022-07-03 04:26:00,50.2,50.2,223,225
2022-07-03 04:28:00,50.3,50.2,225,225
2022-07-03 04:30:00,50.3,50.3,225,226
2022-07-03 04:32:00,50.3,50.3,225,226
2022-07-03 04:34:00,50.5,50.5,224,225
2022-07-03 04:36:00,50.4,50.3,223,224
2022-07-03 04:38:00,50.3,50.4,221,222
2022-07-03 04:40:00,50.0,50.0,221,223
2022-07-03 04:42:00,50.3,50.3,222,223
2022-07-03 04:44:00,50.5,50.5,222,223
2022-07-03 04:46:00,50.3,50.3,221,222
2022-07-03 04:48:00,50.2,50.2,223,223
2022-07-03 04:50:00,50.0,50,223,223
2022-07-03 04:52:00,50.5,50.5,221,223
2022-07-03 04:54:00,50.5,50.5,222,223
2022-07-03 04:56:00,50.3,50.3,223,224
2022-07-03 04:58:00,50.3,50.4,224,224
2022-07-03 05:00:00,50.8,50.8,223,224
2022-07-03 05:02:00,50.2,50.1,224,224
2022-07-03 05:04:00,50.2,50.2,224,224
2022-07-03 05:06:00,50.5,50.5,224,225
2022-07-03 05:08:00,50.2,50.3,225,226
2022-07-03 05:10:00,50.3,50.3,225,225
2022-07-03 05:12:00,50.6,50.6,224,224
2022-07-03 05:14:00,50.5,50.5,220,221
2022-07-03 05:16:00,50.1,50.2,222,223
2022-07-03 05:18:00,50.2,50.3,222,223
2022-07-03 05:20:00,50.6,50.6,221,222
2022-07-03 05:22:00,50.5,50.5,221,222
2022-07-03 05:24:00,50.4,50.4,223,223
2022-07-03 05:26:00,50.4,50.4,225,226
2022-07-03 05:28:00,50.5,50.5,222,224
2022-07-03 05:30:00,50.2,50.3,223,224
2022-07-03 05:32:00,50.4,50.4,223,223
2022-07-03 05:34:00,50.4,50.4,221,223
2022-07-03 05:36:00,50.5,50.4,221,223
2022-07-03 05:38:00,50.3,50.3,223,224
2022-07-03 05:40:00,50.3,50.2,224,225
2022-07-03 05:42:00,50.2,50.2,221,223
2022-07-03 05:44:00,50.3,50.3,223,223
2022-07-03 05:46:00,50.2,50.3,221,222
2022-07-03 05:48:00,50.2,50.3,219,221
2022-07-03 05:50:00,50.7,50.7,219,221
2022-07-03 05:52:00,50.3,50.4,220,221
2022-07-03 05:54:00,50.2,50.2,223,223
2022-07-03 05:56:00,49.6,49.6,222,223
2022-07-03 05:58:00,49.9,49.9,219,221
2022-07-03 06:00:00,49.9,50.0,221,221
2022-07-03 06:02:00,50.0,50.0,221,222
2022-07-03 06:04:00,51.0,50.3,221,220
2022-07-03 06:06:00,51.1,51.1,225,226
2022-07-03 06:08:00,51.0,51.0,224,224
2022-07-03 06:10:00,51.3,51.3,221,222
2022-07-03 06:12:00,50.8,50.9,218,219
2022-07-03 06:14:00,50.8,50.8,219,219
2022-07-03 06:16:00,50.4,50.4,217,219
2022-07-03 06:18:00,50.4,50.4,221,221
2022-07-03 06:20:00,50.1,50.1,219,219
2022-07-03 06:22:00,50.3,50.2,221,221
2022-07-03 06:24:00,50.3,50.3,220,221
2022-07-03 06:26:00,50.3,50.3,222,223
2022-07-03 06:28:00,50.3,50.3,218,218
2022-07-03 06:30:00,50.3,50.2,221,222
2022-07-03 06:32:00,50.1,50.2,221,222
2022-07-03 06:34:00,50.1,50.1,221,221
2022-07-03 06:36:00,50.2,50.2,223,223
2022-07-03 06:38:00,50.2,50.2,220,221
2022-07-03 06:40:00,50.1,50.1,219,220
2022-07-03 06:42:00,50.3,50.4,217,218
2022-07-03 06:44:00,50.3,50.3,216,218
2022-07-03 06:46:00,50.0,50.0,216,217
2022-07-03 06:48:00,50.4,50.4,217,218
2022-07-03 06:50:00,50.1,50.1,219,219
2022-07-03 06:52:00,49.9,49.9,221,223
2022-07-03 06:54:00,50.4,50.3,219,220
2022-07-03 06:56:00,50.1,50.1,215,216
2022-07-03 06:58:00,50.3,50.3,216,217
2022-07-03 07:00:00,49.9,49.8,214,214
2022-07-03 07:02:00,50.4,50.3,214,215
2022-07-03 07:04:00,50.2,50.2,218,217
2022-07-03 07:06:00,50.3,50,216,216
2022-07-03 07:08:00,50.1,50.0,216,216
2022-07-03 07:10:00,50.4,50.4,212,213
2022-07-03 07:12:00,50.2,50.1,208,209
2022-07-03 07:14:00,50.4,50.4,207,207
2022-07-03 07:16:00,50.2,50.2,210,211
2022-07-03 07:18:00,50.4,50.4,211,211
2022-07-03 07:20:00,49.9,49.8,209,209
2022-07-03 07:22:00,50.0,50.0,207,208
2022-07-03 07:24:00,50.6,50.7,207,207
2022-07-03 07:26:00,50.6,50.7,203,204
2022-07-03 07:28:00,50.4,50.4,202,203
2022-07-03 07:30:00,50.9,50.9,204,205
2022-07-03 07:32:00,50.6,50.6,202,202
2022-07-03 07:34:00,50.9,50.9,202,203
2022-07-03 07:36:00,51.0,51.1,210,211
2022-07-03 07:38:00,50.6,50.6,207,208
2022-07-03 07:40:00,50.6,50.6,202,203
2022-07-03 07:42:00,50.7,50.7,204,206
2022-07-03 07:44:00,50.7,50.8,209,209
2022-07-03 07:46:00,50.8,50.7,213,213
2022-07-03 07:48:00,50.8,50.8,206,207
2022-07-03 07:50:00,50.6,50.5,204,206
2022-07-03 07:52:00,50.9,50.9,206,207
2022-07-03 07:54:00,50.9,51.0,204,206
2022-07-03 07:56:00,50.6,50.5,207,208
2022-07-03 07:58:00,51.1,51.0,207,208
2022-07-03 08:00:00,50.7,50.7,209,210
2022-07-03 08:02:00,50.7,50.7,207,208
2022-07-03 08:04:00,50.7,50.7,206,207
2022-07-03 08:06:00,51.0,51.0,210,210
2022-07-03 08:08:00,50.6,50.7,204,204
2022-07-03 08:10:00,51.0,50.9,205,206
2022-07-03 08:12:00,50.7,50.6,206,207
2022-07-03 08:14:00,50.6,50.6,204,205
2022-07-03 08:16:00,51.0,51.0,205,207
2022-07-03 08:18:00,50.9,51.0,204,203
2022-07-03 08:20:00,50.5,50.6,202,202
2022-07-03 08:22:00,50.8,50.7,199,200
2022-07-03 08:24:00,50.7,50.7,197,197
2022-07-03 08:26:00,50.6,50.5,202,203
2022-07-03 08:28:00,50.4,50.5,208,209
2022-07-03 08:30:00,50.7,50.7,210,207
2022-07-03 08:32:00,50.8,50.7,208,209
2022-07-03 08:34:00,50.7,50.9,205,207
2022-07-03 08:36:00,50.6,50.6,204,204
2022-07-03 08:38:00,50.3,50.3,204,204
2022-07-03 08:40:00,50.7,50.7,208,209
2022-07-03 08:42:00,50.7,50.7,207,207
2022-07-03 08:44:00,50.8,50.9,207,207
2022-07-03 08:46:00,50.8,50.7,203,205
2022-07-03 08:48:00,50.7,50.6,204,206
2022-07-03 08:50:00,50.5,50.5,202,203
2022-07-03 08:52:00,50.7,50.8,201,202
2022-07-03 08:54:00,50.9,50.8,204,204
2022-07-03 08:56:00,50.6,50.7,204,204
2022-07-03 08:58:00,50.7,50.7,201,202
2022-07-03 09:00:00,50.9,50.9,207,208
2022-07-03 09:02:00,51.0,51.0,205,206
2022-07-03 09:04:00,50.4,50.5,203,204
2022-07-03 09:06:00,50.8,50.8,202,203
2022-07-03 09:08:00,50.5,50.6,200,201
2022-07-03 09:10:00,50.7,50.6,202,202
2022-07-03 09:12:00,50.7,50.7,201,202
2022-07-03 09:14:00,50.7,50.6,200,202
2022-07-03 09:16:00,50.7,50.7,205,205
2022-07-03 09:18:00,50.5,50.5,205,207
2022-07-03 09:20:00,50.6,50.6,206,207
2022-07-03 09:22:00,50.5,50.4,204,205
2022-07-03 09:24:00,50.6,50.6,204,205
2022-07-03 09:26:00,50.5,50.5,199,200
2022-07-03 09:28:00,49.9,50.0,201,202
2022-07-03 09:30:00,50.4,50.4,202,202
2022-07-03 09:32:00,50.7,50.7,201,202
2022-07-03 09:34:00,50.9,50.7,199,201
2022-07-03 09:36:00,50.4,50.4,200,200
2022-07-03 09:38:00,50.3,50.3,199,200
2022-07-03 09:40:00,50.8,50.8,202,202
2022-07-03 09:42:00,51.0,51.0,200,202
2022-07-03 09:44:00,50.7,50.7,201,202
2022-07-03 09:46:00,50.4,50.4,200,201
2022-07-03 09:48:00,50.1,50.1,196,197
2022-07-03 09:50:00,50.7,50.8,197,198
2022-07-03 09:52:00,50.8,50.8,200,201
2022-07-03 09:54:00,50.3,50.3,197,198
2022-07-03 09:56:00,50.6,50.7,204,203
2022-07-03 09:58:00,50.7,50.7,202,203
2022-07-03 10:00:00,50.6,50.6,204,205
2022-07-03 10:02:00,50.7,50.7,203,204
2022-07-03 10:04:00,50.2,50.2,196,197
2022-07-03 10:06:00,50.6,50.6,199,199
2022-07-03 10:08:00,50.7,50.6,197,197
2022-07-03 10:10:00,50.2,50.2,200,202
2022-07-03 10:12:00,50.6,50.6,201,202
2022-07-03 10:14:00,50.5,50.5,198,199
2022-07-03 10:16:00,51.0,51.0,199,201
2022-07-03 10:18:00,50.3,50.4,201,202
2022-07-03 10:20:00,50.5,50.6,202,202
2022-07-03 10:22:00,50.1,50.2,197,199
2022-07-03 10:24:00,50.4,50.4,198,199
2022-07-03 10:26:00,50.8,50.9,199,201
2022-07-03 10:28:00,50.9,50.9,202,203
2022-07-03 10:30:00,50.5,50.5,198,199
2022-07-03 10:32:00,50.7,50.7,198,199
2022-07-03 10:34:00,50.4,50.5,197,199
2022-07-03 10:36:00,50.7,50.6,195,197
2022-07-03 10:38:00,50.4,50.5,198,200
2022-07-03 10:40:00,50.6,50.5,200,202
2022-07-03 10:42:00,50.7,50.7,198,199
2022-07-03 10:44:00,50.7,50.7,198,200
2022-07-03 10:46:00,50.4,50.3,199,200
2022-07-03 10:48:00,51.1,51.0,202,203
2022-07-03 10:50:00,50.5,50.4,192,188
2022-07-03 10:52:00,50.4,50.4,194,191
2022-07-03 10:54:00,50.7,50.7,197,192
2022-07-03 10:56:00,50.3,50.2,196,191
2022-07-03 10:58:00,50.6,50.6,198,199
2022-07-03 11:00:00,50.9,50.9,201,200
2022-07-03 11:02:00,50.6,50.5,203,205
2022-07-03 11:04:00,50.6,50.6,197,199
2022-07-03 11:06:00,50.9,50.9,202,204
2022-07-03 11:08:00,50.5,50.4,200,202
2022-07-03 11:10:00,50.5,50.5,194,196
2022-07-03 11:12:00,50.6,50.6,194,197
2022-07-03 11:14:00,50.5,50.6,199,201
2022-07-03 11:16:00,50.7,50.7,194,189
2022-07-03 11:18:00,50.8,50.8,190,185
2022-07-03 11:20:00,50.7,50.7,195,192
2022-07-03 11:22:00,50.1,50.2,197,192
2022-07-03 11:24:00,50.4,50.4,192,187
2022-07-03 11:26:00,50.8,50.7,195,198
2022-07-03 11:28:00,50.5,50.5,189,186
2022-07-03 11:30:00,50.7,50.8,197,193
2022-07-03 11:32:00,50.4,50.4,197,199
2022-07-03 11:34:00,50.8,50.7,190,196
2022-07-03 11:36:00,49.8,49.8,196,198
2022-07-03 11:38:00,50.5,50.5,198,200
2022-07-03 11:40:00,50.7,50.7,191,193
2022-07-03 11:42:00,50.4,50.3,189,192
2022-07-03 11:44:00,50.4,50.4,194,197
2022-07-03 11:46:00,50.7,50.6,202,204
2022-07-03 11:48:00,50.8,50.8,201,204
2022-07-03 11:50:00,50.5,50.5,198,200
2022-07-03 11:52:00,50.4,50.3,204,206
2022-07-03 11:54:00,50.4,50.4,200,203
2022-07-03 11:56:00,50.5,50.5,197,199
2022-07-03 11:58:00,50.6,50.6,192,194
2022-07-03 12:00:00,50.5,50.6,192,194
2022-07-03 12:02:00,50.6,50.6,202,204
2022-07-03 12:04:00,50.6,50.7,197,199
2022-07-03 12:06:00,50.5,50.5,200,202
2022-07-03 12:08:00,50.4,50.4,197,199
2022-07-03 12:10:00,50.4,50.4,198,201
2022-07-03 12:12:00,50.5,50.5,197,199
2022-07-03 12:14:00,50.4,50.4,199,202
2022-07-03 12:16:00,50.8,50.9,194,197
2022-07-03 12:18:00,50.5,50.5,192,195
2022-07-03 12:20:00,50.4,50.4,196,198
2022-07-03 12:22:00,50.1,50.1,190,193
2022-07-03 12:24:00,3030,5618,0,0
2022-07-03 12:26:00,6536,3906,0,0
2022-07-03 12:28:00,4367,3268,0,0
2022-07-03 12:30:00,4902,3584,0,0
2022-07-03 12:32:00,3906,6536,0,0
2022-07-03 12:34:00,4902,7752,0,0
2022-07-03 12:36:00,3937,3012,48.1,26.9
2022-07-03 12:38:00,47.3,47.4,243,245
2022-07-03 12:40:00,48.3,48.3,238,241
2022-07-03 12:42:00,46.2,46.3,225,228
2022-07-03 12:44:00,44.4,44.4,225,228
2022-07-03 12:46:00,43.5,43.6,219,222
2022-07-03 12:48:00,43.8,43.7,218,221
2022-07-03 12:50:00,43.7,43.7,217,221
2022-07-03 12:52:00,43.7,43.8,222,226
2022-07-03 12:54:00,43.7,43.9,219,222
2022-07-03 12:56:00,43.7,43.7,219,222
2022-07-03 12:58:00,43.7,43.8,218,222
2022-07-03 13:00:00,43.6,43.7,219,222
2022-07-03 13:02:00,43.8,43.7,216,221
2022-07-03 13:04:00,43.4,43.6,217,221
2022-07-03 13:06:00,43.2,43.3,216,219
2022-07-03 13:08:00,43.2,43.3,218,221
2022-07-03 13:10:00,43.4,43.3,216,219
2022-07-03 13:12:00,43.8,43.9,224,228
2022-07-03 13:14:00,43.8,44.0,225,229
2022-07-03 13:16:00,43.9,44.0,228,232
2022-07-03 13:18:00,43.9,43.9,228,232
2022-07-03 13:20:00,44.0,43.9,223,227
2022-07-03 13:22:00,43.7,43.6,224,228
2022-07-03 13:24:00,43.9,43.8,228,231
2022-07-03 13:26:00,43.7,43.6,228,232
2022-07-03 13:28:00,43.9,43.8,223,228
2022-07-03 13:30:00,43.5,43.4,214,217
2022-07-03 13:32:00,43.4,43.3,218,221
2022-07-03 13:34:00,43.7,43.6,218,221
2022-07-03 13:36:00,43.3,43.5,215,219
2022-07-03 13:38:00,43.6,43.5,214,219
2022-07-03 13:40:00,43.5,43.5,213,217
2022-07-03 13:42:00,43.3,43.4,216,220
2022-07-03 13:44:00,43.3,43.5,214,219
2022-07-03 13:46:00,43.6,43.4,214,219
2022-07-03 13:48:00,50.7,50.7,199,201
2022-07-03 13:50:00,50.8,50.8,196,198
2022-07-03 13:52:00,50.5,50.6,194,197
2022-07-03 13:54:00,50.7,50.7,196,199
2022-07-03 13:56:00,50.6,50.6,202,204
2022-07-03 13:58:00,50.5,50.5,199,201
2022-07-03 14:00:00,50.5,50.6,202,204
2022-07-03 14:02:00,50.6,50.6,203,206
2022-07-03 14:04:00,50.7,50.7,199,202
2022-07-03 14:06:00,50.4,50.4,194,197
2022-07-03 14:08:00,50.6,50.5,194,197
2022-07-03 14:10:00,50.6,50.6,193,197
2022-07-03 14:12:00,50.7,50.7,199,202
2022-07-03 14:14:00,50.5,50.6,197,200
2022-07-03 14:16:00,50.5,50.5,197,200
2022-07-03 14:18:00,50.8,50.8,197,199
2022-07-03 14:20:00,50.8,50.6,193,198
2022-07-03 14:22:00,50.6,50.6,194,197
2022-07-03 14:24:00,50.7,50.8,199,201
2022-07-03 14:26:00,50.6,50.7,199,203
2022-07-03 14:28:00,50.8,50.8,199,202
2022-07-03 14:30:00,50.7,50.6,197,201
2022-07-03 14:32:00,50.9,50.9,198,200
2022-07-03 14:34:00,50.8,50.8,194,197
2022-07-03 14:36:00,50.7,50.7,195,198
2022-07-03 14:38:00,51.1,51.0,199,202
2022-07-03 14:40:00,50.7,50.7,199,202
2022-07-03 14:42:00,50.8,50.9,203,205
2022-07-03 14:44:00,50.5,50.5,198,201
2022-07-03 14:46:00,50.5,50.5,197,199
2022-07-03 14:48:00,50.7,50.7,197,198
2022-07-03 14:50:00,50.7,50.7,199,201
2022-07-03 14:52:00,50.8,50.8,204,205
2022-07-03 14:54:00,50.9,50.9,203,204
2022-07-03 14:56:00,50.5,50.5,201,204
2022-07-03 14:58:00,50.6,50.6,201,203
2022-07-03 15:00:00,50.5,50.5,204,206
2022-07-03 15:02:00,50.5,50.5,202,204
2022-07-03 15:04:00,50.9,50.9,200,202
2022-07-03 15:06:00,50.8,50.9,200,202
2022-07-03 15:08:00,50.8,50.8,202,203
2022-07-03 15:10:00,50.6,50.7,197,199
2022-07-03 15:12:00,50.8,50.8,200,202
2022-07-03 15:14:00,50.8,50.8,204,206
2022-07-03 15:16:00,50.7,50.7,202,204
2022-07-03 15:18:00,50.6,50.5,195,197
2022-07-03 15:20:00,50.5,50.5,197,198
2022-07-03 15:22:00,50.7,50.6,201,203
2022-07-03 15:24:00,50.6,50.6,199,203
2022-07-03 15:26:00,50.6,50.6,202,203
2022-07-03 15:28:00,50.6,50.6,201,202
2022-07-03 15:30:00,50.7,50.7,199,201
2022-07-03 15:32:00,50.6,50.6,194,197
2022-07-03 15:34:00,50.5,50.5,199,201
2022-07-03 15:36:00,50.4,50.4,201,204
2022-07-03 15:38:00,50.7,50.7,199,201
2022-07-03 15:40:00,50.7,50.7,197,199
2022-07-03 15:42:00,50.8,50.7,201,203
2022-07-03 15:44:00,50.6,50.5,201,202
2022-07-03 15:46:00,50.8,50.8,197,200
2022-07-03 15:48:00,50.6,50.5,194,195
2022-07-03 15:50:00,50.6,50.6,195,197
2022-07-03 15:52:00,50.6,50.6,198,200
2022-07-03 15:54:00,50.6,50.6,202,204
2022-07-03 15:56:00,50.8,50.7,199,202
2022-07-03 15:58:00,50.9,50.9,200,201
2022-07-03 16:00:00,50.6,50.7,197,199
2022-07-03 16:02:00,50.5,50.5,197,198
2022-07-03 16:04:00,50.4,50.4,194,197
2022-07-03 16:06:00,50.8,50.9,197,199
2022-07-03 16:08:00,50.2,50.3,197,199
2022-07-03 16:10:00,50.8,50.8,200,202
2022-07-03 16:12:00,50.6,50.6,199,200
2022-07-03 16:14:00,50.5,50.5,200,203
2022-07-03 16:16:00,50.6,50.6,199,202
2022-07-03 16:18:00,50.6,50.6,198,200
2022-07-03 16:20:00,50.4,50.4,199,202
2022-07-03 16:22:00,50.6,50.7,199,202
2022-07-03 16:24:00,50.9,50.9,198,200
2022-07-03 16:26:00,50.7,50.7,198,199
2022-07-03 16:28:00,50.7,50.6,195,198
2022-07-03 16:30:00,50.5,50.5,198,201
2022-07-03 16:32:00,50.3,50.3,200,202
2022-07-03 16:34:00,50.6,50.6,197,200
2022-07-03 16:36:00,50.6,50.6,197,199
2022-07-03 16:38:00,50.7,50.7,201,202
2022-07-03 16:40:00,50.8,50.8,198,199
2022-07-03 16:42:00,50.6,50.7,193,196
2022-07-03 16:44:00,50.3,50.3,195,197
2022-07-03 16:46:00,50.3,50.3,197,198
2022-07-03 16:48:00,50.8,50.8,194,197
2022-07-03 16:50:00,50.7,50.7,196,199
2022-07-03 16:52:00,50.6,50.6,201,202
2022-07-03 16:54:00,50.5,50.5,197,199
2022-07-03 16:56:00,50.6,50.6,198,200
2022-07-03 16:58:00,50.9,50.8,197,199
2022-07-03 17:00:00,50.4,50.5,199,202
2022-07-03 17:02:00,50.3,50.3,197,200
2022-07-03 17:04:00,50.6,50.7,199,201
2022-07-03 17:06:00,50.7,50.7,196,197
2022-07-03 17:08:00,50.8,50.8,190,194
2022-07-03 17:10:00,50.5,50.5,188,193
2022-07-03 17:12:00,50.8,50.7,194,196
2022-07-03 17:14:00,50.5,50.6,195,197
2022-07-03 17:16:00,50.5,50.5,194,196
2022-07-03 17:18:00,50.7,50.7,194,197
2022-07-03 17:20:00,50.5,50.5,194,197
2022-07-03 17:22:00,50.4,50.4,197,199
2022-07-03 17:24:00,50.6,50.6,196,197
2022-07-03 17:26:00,50.6,50.6,194,197
2022-07-03 17:28:00,50.6,50.6,196,198
2022-07-03 17:30:00,50.4,50.4,197,199
2022-07-03 17:32:00,50.4,50.4,194,197
2022-07-03 17:34:00,50.4,50.4,192,194
2022-07-03 17:36:00,50.6,50.6,194,194
2022-07-03 17:38:00,50.7,50.7,195,196
2022-07-03 17:40:00,50.6,50.5,190,191
2022-07-03 17:42:00,50.4,50.4,189,191
2022-07-03 17:44:00,50.8,50.8,193,194
2022-07-03 17:46:00,50.5,50.6,194,196
2022-07-03 17:48:00,50.5,50.5,194,195
2022-07-03 17:50:00,50.5,50.4,190,192
2022-07-03 17:52:00,50.3,50.2,194,194
2022-07-03 17:54:00,50.5,50.4,191,192
2022-07-03 17:56:00,50.7,50.6,188,190
2022-07-03 17:58:00,50.5,50.5,191,193
2022-07-03 18:00:00,50.4,50.3,192,193
2022-07-03 18:02:00,50.3,50.3,191,192
2022-07-03 18:04:00,50.2,50.2,194,197
2022-07-03 18:06:00,50.5,50.5,191,193
2022-07-03 18:08:00,50.4,50.3,194,197
2022-07-03 18:10:00,50.4,50.4,195,197
2022-07-03 18:12:00,50.4,50.5,189,190
2022-07-03 18:14:00,50.3,50.4,193,194
2022-07-03 18:16:00,50.5,50.5,192,194
2022-07-03 18:18:00,50.4,50.4,193,195
2022-07-03 18:20:00,50.1,50.2,193,195
2022-07-03 18:22:00,50.3,50.2,194,197
2022-07-03 18:24:00,50.4,50.4,197,199
2022-07-03 18:26:00,50.5,50.6,192,194
2022-07-03 18:28:00,50.3,50.3,190,191
2022-07-03 18:30:00,50.2,50.2,187,189
2022-07-03 18:32:00,50.2,50.1,187,189
2022-07-03 18:34:00,50.2,50.3,187,189
2022-07-03 18:36:00,50.2,50.2,187,189
2022-07-03 18:38:00,50.4,50.3,187,190
2022-07-03 18:40:00,50.3,50.3,188,190
2022-07-03 18:42:00,50.4,50.4,187,189
2022-07-03 18:44:00,50.3,50.2,191,192
2022-07-03 18:46:00,50.2,50.3,189,191
2022-07-03 18:48:00,50.3,50.2,184,187
2022-07-03 18:50:00,50.2,50.2,183,185
2022-07-03 18:52:00,50.2,50.2,182,185
2022-07-03 18:54:00,50.2,50.2,183,185
2022-07-03 18:56:00,50.3,50.2,182,185
2022-07-03 18:58:00,50.0,50.0,182,184
2022-07-03 19:00:00,50.2,50.3,181,183
2022-07-03 19:02:00,50.0,50,182,185
2022-07-03 19:04:00,50.3,50.4,187,190
2022-07-03 19:06:00,50.2,50.3,188,190
2022-07-03 19:08:00,50.2,50.2,187,190
2022-07-03 19:10:00,50.3,50.2,187,189
2022-07-03 19:12:00,50.2,50.2,190,192
2022-07-03 19:14:00,50.0,50.0,187,189
2022-07-03 19:16:00,50.5,50.4,183,187
2022-07-03 19:18:00,50.2,50.2,182,185
2022-07-03 19:20:00,50.3,50.3,185,187
2022-07-03 19:22:00,50.4,50.4,187,189
2022-07-03 19:24:00,50.2,50.2,181,183
2022-07-03 19:26:00,50.4,50.5,185,186
2022-07-03 19:28:00,50.5,50.4,185,187
2022-07-03 19:30:00,50.5,50.5,185,187
2022-07-03 19:32:00,50.6,50.6,183,186
2022-07-03 19:34:00,50.3,50.3,186,188
2022-07-03 19:36:00,50.2,50.3,187,188
2022-07-03 19:38:00,50.3,50.1,183,186
2022-07-03 19:40:00,50.3,50.2,185,187
2022-07-03 19:42:00,50.3,50.3,185,187
2022-07-03 19:44:00,50.2,50.2,181,184
2022-07-03 19:46:00,50.4,50.4,182,185
2022-07-03 19:48:00,50.3,50.3,183,185
2022-07-03 19:50:00,50.3,50.2,184,185
2022-07-03 19:52:00,50.1,50.1,185,187
2022-07-03 19:54:00,50.3,50.3,185,187
2022-07-03 19:56:00,50.3,50.2,187,189
2022-07-03 19:58:00,50.3,50.3,182,185
2022-07-03 20:00:00,50.2,50.3,180,183
2022-07-03 20:02:00,50.3,50.4,182,184
2022-07-03 20:04:00,50.1,50.1,182,185
2022-07-03 20:06:00,50.4,50.3,182,185
2022-07-03 20:08:00,50.2,50.2,182,185
2022-07-03 20:10:00,50.3,50.3,185,186
2022-07-03 20:12:00,50.2,50.2,183,187
2022-07-03 20:14:00,50.3,50.3,185,188
2022-07-03 20:16:00,50.6,50.6,186,187
2022-07-03 20:18:00,50.2,50.2,185,187
2022-07-03 20:20:00,50.3,50.3,184,187
2022-07-03 20:22:00,50.3,50.2,185,188
2022-07-03 20:24:00,50.3,50.2,187,190
2022-07-03 20:26:00,50.3,50.3,185,187
2022-07-03 20:28:00,50.3,50.2,184,186
2022-07-03 20:30:00,50.2,50.2,185,187
2022-07-03 20:32:00,50.4,50.5,187,188
2022-07-03 20:34:00,50.3,50.3,186,188
2022-07-03 20:36:00,50.1,50.2,186,189
2022-07-03 20:38:00,50.6,50.6,188,190
2022-07-03 20:40:00,50.3,50.3,189,192
2022-07-03 20:42:00,50.1,50.1,185,187
2022-07-03 20:44:00,50.3,50.4,187,188
2022-07-03 20:46:00,50.5,50.5,189,190
2022-07-03 20:48:00,50.3,50.3,185,187
2022-07-03 20:50:00,50.3,50.3,181,185
2022-07-03 20:52:00,50.2,50.2,182,187
2022-07-03 20:54:00,50.6,50.6,180,185
2022-07-03 20:56:00,50.1,50.2,180,185
2022-07-03 20:58:00,50.4,50.4,181,186
2022-07-03 21:00:00,50.4,50.4,182,187
2022-07-03 21:02:00,50.5,50.5,180,185
2022-07-03 21:04:00,50.6,50.6,181,186
2022-07-03 21:06:00,50.3,50.3,189,191
2022-07-03 21:08:00,50.4,50.3,188,191
2022-07-03 21:10:00,50.2,50.2,188,191
2022-07-03 21:12:00,50.5,50.5,195,197
2022-07-03 21:14:00,50.6,50.6,190,192
2022-07-03 21:16:00,50.4,50.4,193,196
2022-07-03 21:18:00,50.4,50.5,201,203
2022-07-03 21:20:00,50.7,50.6,201,202
2022-07-03 21:22:00,50.4,50.4,197,199
2022-07-03 21:24:00,50.2,50.2,197,199
2022-07-03 21:26:00,50.3,50.3,200,202
2022-07-03 21:28:00,50.5,50.5,202,202
2022-07-03 21:30:00,50.3,50.2,199,200
2022-07-03 21:32:00,50.4,50.4,199,200
2022-07-03 21:34:00,50.2,50.2,197,199
2022-07-03 21:36:00,50.3,50.3,197,199
2022-07-03 21:38:00,50.2,50.3,198,200
2022-07-03 21:40:00,50.3,50.2,197,199
2022-07-03 21:42:00,50.4,50.4,199,201
2022-07-03 21:44:00,50.4,50.3,199,201
2022-07-03 21:46:00,50.8,50.8,199,202
2022-07-03 21:48:00,50.6,50.6,199,201
2022-07-03 21:50:00,50.5,50.5,199,201
2022-07-03 21:52:00,50.6,50.6,197,199
2022-07-03 21:54:00,50.8,50.7,199,201
2022-07-03 21:56:00,50.6,50.6,202,204
2022-07-03 21:58:00,50.3,50.3,202,204
2022-07-03 22:00:00,50.6,50.5,201,203
2022-07-03 22:02:00,50.5,50.4,206,208
2022-07-03 22:04:00,50.6,50.6,203,206
2022-07-03 22:06:00,50.6,50.6,208,210
2022-07-03 22:08:00,50.5,50.5,208,210
2022-07-03 22:10:00,50.8,50.8,209,210
2022-07-03 22:12:00,50.6,50.6,206,209
2022-07-03 22:14:00,50.4,50.4,207,209
2022-07-03 22:16:00,50.7,50.7,209,211
2022-07-03 22:18:00,50.7,50.7,208,210
2022-07-03 22:20:00,50.5,50.4,207,209
2022-07-03 22:22:00,50.7,50.6,209,211
2022-07-03 22:24:00,50.6,50.6,210,211
2022-07-03 22:26:00,50.5,50.4,209,211
2022-07-03 22:28:00,50.7,50.7,209,211
2022-07-03 22:30:00,50.5,50.5,210,212
2022-07-03 22:32:00,50.6,50.6,209,211
2022-07-03 22:34:00,50.7,50.6,209,211
2022-07-03 22:36:00,50.9,50.9,212,214
2022-07-03 22:38:00,50.6,50.6,212,214
2022-07-03 22:40:00,50.8,50.8,210,213
2022-07-03 22:42:00,50.6,50.7,210,212
2022-07-03 22:44:00,50.8,50.8,212,214
2022-07-03 22:46:00,50.8,50.9,210,212
2022-07-03 22:48:00,50.8,50.7,210,212
2022-07-03 22:50:00,50.7,50.7,211,213
2022-07-03 22:52:00,50.6,50.6,211,214
2022-07-03 22:54:00,50.7,50.7,211,213
2022-07-03 22:56:00,50.7,50.7,211,214
2022-07-03 22:58:00,50.8,50.8,212,214
2022-07-03 23:00:00,50.7,50.6,211,213
2022-07-03 23:02:00,50.7,50.7,211,214
2022-07-03 23:04:00,50.7,50.7,214,215
2022-07-03 23:06:00,50.9,50.9,214,216
2022-07-03 23:08:00,50.9,50.9,211,214
2022-07-03 23:10:00,50.8,50.9,211,214
2022-07-03 23:12:00,50.6,50.6,214,215
2022-07-03 23:14:00,50.8,50.7,212,214
2022-07-03 23:16:00,50.8,50.8,212,214
2022-07-03 23:18:00,50.8,50.8,214,216
2022-07-03 23:20:00,50.8,50.8,214,216
2022-07-03 23:22:00,50.7,50.7,212,215
2022-07-03 23:24:00,50.7,50.7,213,215
2022-07-03 23:26:00,50.5,50.5,214,216
2022-07-03 23:28:00,50.9,50.9,214,216
2022-07-03 23:30:00,50.7,50.7,213,216
2022-07-03 23:32:00,50.7,50.7,215,217
2022-07-03 23:34:00,50.8,50.8,216,217
2022-07-03 23:36:00,50.7,50.7,214,216
2022-07-03 23:38:00,50.8,50.8,214,216
2022-07-03 23:40:00,50.9,50.9,216,218
2022-07-03 23:42:00,50.7,50.7,215,218
2022-07-03 23:44:00,50.4,50.4,216,218
2022-07-03 23:46:00,50.8,50.9,218,219
2022-07-03 23:48:00,50.6,50.7,216,218
2022-07-03 23:50:00,50.7,50.7,215,218
2022-07-03 23:52:00,50.9,50.9,216,219
2022-07-03 23:54:00,50.8,50.8,217,219
2022-07-03 23:56:00,50.8,50.8,216,219
2022-07-03 23:58:00,50.9,50.9,216,219
2022-07-04 00:00:00,50.7,50.7,217,219
2022-07-04 00:02:00,50.4,50.3,217,219
2022-07-04 00:04:00,50.6,50.6,216,219
2022-07-04 00:06:00,50.3,50.3,216,219
2022-07-04 00:08:00,50.6,50.6,219,220
2022-07-04 00:10:00,50.4,50.5,216,219
2022-07-04 00:12:00,50.4,50.4,216,219
2022-07-04 00:14:00,50.3,50.3,218,219
2022-07-04 00:16:00,50.5,50.5,218,219
2022-07-04 00:18:00,50.4,50.3,217,220
2022-07-04 00:20:00,50.3,50.3,217,219
2022-07-04 00:22:00,50.4,50.4,219,220
2022-07-04 00:24:00,50.3,50.4,217,219
2022-07-04 00:26:00,50.3,50.2,217,219
2022-07-04 00:28:00,50.5,50.5,219,221
2022-07-04 00:30:00,50.4,50.3,219,221
2022-07-04 00:32:00,50.5,50.5,217,220
2022-07-04 00:34:00,50.5,50.4,217,219
2022-07-04 00:36:00,50.3,50.4,219,221
2022-07-04 00:38:00,50.5,50.5,216,219
2022-07-04 00:40:00,50.4,50.6,217,219
2022-07-04 00:42:00,50.4,50.4,219,221
2022-07-04 00:44:00,50.4,50.5,219,221
2022-07-04 00:46:00,50.7,50.6,218,220
2022-07-04 00:48:00,50.3,50.4,218,221
2022-07-04 00:50:00,50.2,50.2,219,221
2022-07-04 00:52:00,50.6,50.5,219,221
2022-07-04 00:54:00,50.3,50.3,219,221
2022-07-04 00:56:00,50.4,50.3,220,221
2022-07-04 00:58:00,50.7,50.7,221,222
2022-07-04 01:00:00,50.4,50.4,219,221
2022-07-04 01:02:00,50.3,50.4,219,221
2022-07-04 01:04:00,50.5,50.6,221,222
2022-07-04 01:06:00,50.4,50.3,219,221
2022-07-04 01:08:00,50.5,50.5,219,221
2022-07-04 01:10:00,50.5,50.4,221,222
2022-07-04 01:12:00,50.6,50.6,221,222
2022-07-04 01:14:00,50.4,50.4,219,221
2022-07-04 01:16:00,50.4,50.5,220,222
2022-07-04 01:18:00,50.4,50.4,221,223
2022-07-04 01:20:00,50.5,50.5,219,221
2022-07-04 01:22:00,50.5,50.6,220,222
2022-07-04 01:24:00,50.5,50.5,221,222
2022-07-04 01:26:00,50.5,50.5,221,222
2022-07-04 01:28:00,50.4,50.4,220,222
2022-07-04 01:30:00,50.5,50.5,220,222
2022-07-04 01:32:00,50.2,50.3,221,223
2022-07-04 01:34:00,50.6,50.7,221,223
2022-07-04 01:36:00,50.5,50.5,220,222
2022-07-04 01:38:00,50.3,50.3,221,223
2022-07-04 01:40:00,50.6,50.6,223,223
2022-07-04 01:42:00,50.4,50.4,221,223
2022-07-04 01:44:00,50.5,50.5,220,222
2022-07-04 01:46:00,50.7,50.7,221,223
2022-07-04 01:48:00,50.4,50.4,219,221
2022-07-04 01:50:00,50.4,50.5,220,222
2022-07-04 01:52:00,50.6,50.6,221,223
2022-07-04 01:54:00,50.4,50.4,221,223
2022-07-04 01:56:00,50.4,50.4,220,222
2022-07-04 01:58:00,50.4,50.5,220,222
2022-07-04 02:00:00,50.5,50.5,222,223
2022-07-04 02:02:00,50.5,50.6,221,223
2022-07-04 02:04:00,50.6,50.6,221,223
2022-07-04 02:06:00,50.5,50.5,223,224
2022-07-04 02:08:00,50.3,50.3,222,223
2022-07-04 02:10:00,50.6,50.7,221,223
2022-07-04 02:12:00,50.5,50.5,220,223
2022-07-04 02:14:00,50.4,50.4,222,223
2022-07-04 02:16:00,50.5,50.5,221,223
2022-07-04 02:18:00,50.4,50.4,221,223
2022-07-04 02:20:00,50.3,50.3,222,223
2022-07-04 02:22:00,50.7,50.7,223,224
2022-07-04 02:24:00,50.4,50.4,221,223
2022-07-04 02:26:00,50.5,50.4,221,223
2022-07-04 02:28:00,50.7,50.7,223,225
2022-07-04 02:30:00,50.4,50.5,221,223
2022-07-04 02:32:00,50.5,50.5,221,223
2022-07-04 02:34:00,50.6,50.7,223,224
2022-07-04 02:36:00,50.6,50.6,223,225
2022-07-04 02:38:00,50.4,50.5,221,223
2022-07-04 02:40:00,50.7,50.6,223,226
2022-07-04 02:42:00,50.5,50.4,224,226
2022-07-04 02:44:00,50.5,50.5,222,224
2022-07-04 02:46:00,50.5,50.6,223,225
2022-07-04 02:48:00,50.5,50.5,223,226
2022-07-04 02:50:00,50.4,50.5,223,226
2022-07-04 02:52:00,50.5,50.5,221,224
2022-07-04 02:54:00,50.5,50.4,221,223
2022-07-04 02:56:00,50.4,50.4,223,224
2022-07-04 02:58:00,50.6,50.5,221,224
2022-07-04 03:00:00,50.6,50.6,222,224
2022-07-04 03:02:00,50.5,50.6,223,224
2022-07-04 03:04:00,50.7,50.7,223,226
2022-07-04 03:06:00,50.6,50.6,222,225
2022-07-04 03:08:00,50.4,50.5,223,226
2022-07-04 03:10:00,50.5,50.5,223,225
2022-07-04 03:12:00,50.6,50.5,223,226
2022-07-04 03:14:00,50.5,50.5,222,224
2022-07-04 03:16:00,50.6,50.6,223,225
2022-07-04 03:18:00,50.5,50.5,223,224
2022-07-04 03:20:00,50.5,50.5,222,223
2022-07-04 03:22:00,50.5,50.5,222,224
2022-07-04 03:24:00,50.5,50.4,224,226
2022-07-04 03:26:00,50.6,50.5,224,226
2022-07-04 03:28:00,50.5,50.5,222,224
2022-07-04 03:30:00,50.6,50.6,224,226
2022-07-04 03:32:00,50.4,50.5,223,225
2022-07-04 03:34:00,50.5,50.6,222,225
2022-07-04 03:36:00,50.5,50.4,222,224
2022-07-04 03:38:00,50.4,50.3,223,224
2022-07-04 03:40:00,50.4,50.4,223,225
2022-07-04 03:42:00,50.4,50.5,222,224
2022-07-04 03:44:00,50.5,50.5,223,226
2022-07-04 03:46:00,50.7,50.6,225,226
2022-07-04 03:48:00,50.4,50.4,222,224
2022-07-04 03:50:00,50.3,50.3,221,223
2022-07-04 03:52:00,50.7,50.6,223,224
2022-07-04 03:54:00,50.4,50.5,223,225
2022-07-04 03:56:00,50.4,50.4,223,225
2022-07-04 03:58:00,50.5,50.5,224,226
2022-07-04 04:00:00,50.5,50.4,223,225
2022-07-04 04:02:00,50.3,50.3,221,223
2022-07-04 04:04:00,50.4,50.5,222,224
2022-07-04 04:06:00,50.6,50.5,224,226
2022-07-04 04:08:00,50.4,50.4,224,226
2022-07-04 04:10:00,50.6,50.6,223,225
2022-07-04 04:12:00,50.3,50.4,224,226
2022-07-04 04:14:00,50.4,50.5,224,226
2022-07-04 04:16:00,50.5,50.5,223,226
2022-07-04 04:18:00,50.4,50.5,223,226
2022-07-04 04:20:00,50.7,50.7,225,226
2022-07-04 04:22:00,50.4,50.4,224,226
2022-07-04 04:24:00,50.4,50.4,223,226
2022-07-04 04:26:00,50.5,50.5,226,227
2022-07-04 04:28:00,50.7,50.7,226,228
2022-07-04 04:30:00,50.5,50.5,225,227
2022-07-04 04:32:00,50.5,50.6,225,227
2022-07-04 04:34:00,50.5,50.5,226,227
2022-07-04 04:36:00,50.4,50.5,226,228
2022-07-04 04:38:00,50.6,50.7,226,228
2022-07-04 04:40:00,50.6,50.6,227,228
2022-07-04 04:42:00,50.4,50.4,226,227
2022-07-04 04:44:00,50.5,50.5,224,226
2022-07-04 04:46:00,50.4,50.4,223,226
2022-07-04 04:48:00,50.2,50.3,224,226
2022-07-04 04:50:00,50.3,50.3,226,227
2022-07-04 04:52:00,50.5,50.5,223,226
2022-07-04 04:54:00,50.5,50.5,225,226
2022-07-04 04:56:00,50.6,50.6,225,226
2022-07-04 04:58:00,50.6,50.6,223,225
2022-07-04 05:00:00,50.5,50.4,223,226
2022-07-04 05:02:00,50.5,50.5,225,226
2022-07-04 05:04:00,50.6,50.6,223,225
2022-07-04 05:06:00,50.4,50.4,223,225
2022-07-04 05:08:00,50.4,50.4,224,226
2022-07-04 05:10:00,50.6,50.6,225,226
2022-07-04 05:12:00,50.4,50.4,223,226
2022-07-04 05:14:00,50.4,50.4,223,226
2022-07-04 05:16:00,50.4,50.3,224,226
2022-07-04 05:18:00,50.5,50.5,223,225
2022-07-04 05:20:00,50.4,50.3,223,226
2022-07-04 05:22:00,50.4,50.5,225,227
2022-07-04 05:24:00,50.5,50.5,225,227
2022-07-04 05:26:00,50.3,50.3,223,226
2022-07-04 05:28:00,50.4,50.3,223,226
2022-07-04 05:30:00,50.5,50.5,224,226
2022-07-04 05:32:00,50.3,50.2,223,226
2022-07-04 05:34:00,50.5,50.5,223,226
2022-07-04 05:36:00,50.3,50.4,227,228
2022-07-04 05:38:00,50.3,50.4,226,227
2022-07-04 05:40:00,50.4,50.3,225,227
2022-07-04 05:42:00,50.5,50.4,224,226
2022-07-04 05:44:00,50.4,50.4,225,226
2022-07-04 05:46:00,50.4,50.5,223,226
2022-07-04 05:48:00,50.4,50.3,223,225
2022-07-04 05:50:00,50.4,50.5,223,224
2022-07-04 05:52:00,50.0,50.0,222,223
2022-07-04 05:54:00,50.3,50.3,222,225
2022-07-04 05:56:00,50.4,50.4,221,224
2022-07-04 05:58:00,50.4,50.5,224,226
2022-07-04 06:00:00,50.4,50.4,219,220
2022-07-04 06:02:00,50.3,50.4,218,221
2022-07-04 06:04:00,50.4,50.4,222,224
2022-07-04 06:06:00,50.3,50.3,222,224
2022-07-04 06:08:00,50.2,50.3,223,226
2022-07-04 06:10:00,50.6,50.5,223,226
2022-07-04 06:12:00,50.3,50.3,222,224
2022-07-04 06:14:00,50.3,50.3,219,221
2022-07-04 06:16:00,50.6,50.6,216,219
2022-07-04 06:18:00,50.4,50.3,217,219
2022-07-04 06:20:00,50.3,50.2,220,221
2022-07-04 06:22:00,50.3,50.3,220,222
2022-07-04 06:24:00,50.3,50.3,219,221
2022-07-04 06:26:00,50.4,50.3,219,221
2022-07-04 06:28:00,50.4,50.4,217,220
2022-07-04 06:30:00,50.3,50.3,220,223
2022-07-04 06:32:00,50.2,50.2,221,222
2022-07-04 06:34:00,50.3,50.2,220,221
2022-07-04 06:36:00,50.3,50.3,217,219
2022-07-04 06:38:00,50.3,50.3,216,219
2022-07-04 06:40:00,50.4,50.4,214,216
2022-07-04 06:42:00,50.2,50.3,215,218
2022-07-04 06:44:00,50.2,50.3,212,215
2022-07-04 06:46:00,50.3,50.3,210,211
2022-07-04 06:48:00,50.4,50.4,205,207
2022-07-04 06:50:00,50.5,50.6,207,209
2022-07-04 06:52:00,50.5,50.5,202,204
2022-07-04 06:54:00,50.2,50.2,197,205
2022-07-04 06:56:00,50.5,50.5,197,205
2022-07-04 06:58:00,50.5,50.5,197,205
2022-07-04 07:00:00,50.2,50.2,207,209
2022-07-04 07:02:00,50.2,50.2,207,208
2022-07-04 07:04:00,50.2,50.3,203,204
2022-07-04 07:06:00,50.0,50.1,203,205
2022-07-04 07:08:00,50.3,50.3,206,209
2022-07-04 07:10:00,50.2,50.2,204,206
2022-07-04 07:12:00,50.3,50.3,212,214
2022-07-04 07:14:00,50.0,50.0,211,214
2022-07-04 07:16:00,50.3,50.3,213,214
2022-07-04 07:18:00,50.6,50.6,214,214
2022-07-04 07:20:00,50.3,50.3,209,211
2022-07-04 07:22:00,50.4,50.4,208,209
2022-07-04 07:24:00,50.3,50.4,207,207
2022-07-04 07:26:00,50.2,50.1,211,212
2022-07-04 07:28:00,50.3,50.3,203,204
2022-07-04 07:30:00,50.5,50.5,204,204
2022-07-04 07:32:00,50.2,50.1,207,208
2022-07-04 07:34:00,50.1,50.1,209,210
2022-07-04 07:36:00,50.2,50.2,211,211
2022-07-04 07:38:00,50.1,50.1,211,211
2022-07-04 07:40:00,50.0,50.1,211,211
2022-07-04 07:42:00,50.1,50.1,207,207
2022-07-04 07:44:00,50.3,50.3,204,205
2022-07-04 07:46:00,50.3,50.2,204,204
2022-07-04 07:48:00,50.4,50.4,202,204
2022-07-04 07:50:00,50.0,50.0,204,205
2022-07-04 07:52:00,50.2,50.2,210,211
2022-07-04 07:54:00,49.9,49.8,209,208
2022-07-04 07:56:00,50.3,50.3,207,208
2022-07-04 07:58:00,50.2,50.3,204,206
2022-07-04 08:00:00,50.1,50.1,206,206
2022-07-04 08:02:00,50.1,50.1,208,209
2022-07-04 08:04:00,50.5,50.6,206,205
2022-07-04 08:06:00,50.1,50.0,204,204
2022-07-04 08:08:00,49.9,49.9,207,207
2022-07-04 08:10:00,50.2,50.1,204,205
2022-07-04 08:12:00,50.3,50.3,206,207
2022-07-04 08:14:00,50.2,50.3,209,209
2022-07-04 08:16:00,50.5,50.5,209,211
2022-07-04 08:18:00,50.1,50.2,201,204
2022-07-04 08:20:00,50.1,50.0,202,205
2022-07-04 08:22:00,50.3,50.3,204,206
2022-07-04 08:24:00,50.0,50.0,202,205
2022-07-04 08:26:00,49.8,49.8,197,200
2022-07-04 08:28:00,50.3,50.3,199,201
2022-07-04 08:30:00,50.4,50.3,199,202
2022-07-04 08:32:00,50.1,50.1,192,194
2022-07-04 08:34:00,50.3,50.3,190,193
2022-07-04 08:36:00,50.1,50.1,193,196
2022-07-04 08:38:00,50.0,50.0,193,194
2022-07-04 08:40:00,50.2,50.3,190,192
2022-07-04 08:42:00,50.3,50.2,190,192
2022-07-04 08:44:00,49.9,50.0,196,197
2022-07-04 08:46:00,50.3,50.4,193,196
2022-07-04 08:48:00,50.3,50.3,190,192
2022-07-04 08:50:00,50,50.0,193,195
2022-07-04 08:52:00,50.3,50.3,187,190
2022-07-04 08:54:00,50.1,50.1,190,192
2022-07-04 08:56:00,50.1,50.1,189,191
2022-07-04 08:58:00,50.2,50.3,189,191
2022-07-04 09:00:00,50.1,50.1,188,187
2022-07-04 09:02:00,50.3,50.2,188,190
2022-07-04 09:04:00,50.5,50.5,188,187
2022-07-04 09:06:00,50.2,50.2,188,190
2022-07-04 09:08:00,49.9,49.9,186,188
2022-07-04 09:10:00,50.1,50.1,187,190
2022-07-04 09:12:00,50.3,50.2,187,187
2022-07-04 09:14:00,49.8,49.9,192,193
2022-07-04 09:16:00,50.1,50.1,190,192
2022-07-04 09:18:00,50.1,50.2,182,184
2022-07-04 09:20:00,50.1,50.2,192,192
2022-07-04 09:22:00,50.0,50.1,192,195
2022-07-04 09:24:00,50.3,50.2,192,194
2022-07-04 09:26:00,50.1,50.1,195,197
2022-07-04 09:28:00,50.0,50.0,194,196
2022-07-04 09:30:00,50.3,50.3,194,195
2022-07-04 09:32:00,50.0,50.0,189,190
2022-07-04 09:34:00,49.9,49.9,190,192
2022-07-04 09:36:00,49.8,49.7,189,191
2022-07-04 09:38:00,50.2,50.2,186,189
2022-07-04 09:40:00,50.1,50.0,190,191
2022-07-04 09:42:00,49.9,49.9,182,185
2022-07-04 09:44:00,49.7,49.7,190,192
2022-07-04 09:46:00,50.2,50.1,186,188
2022-07-04 09:48:00,50.1,50.1,191,194
2022-07-04 09:50:00,49.9,49.9,194,197
2022-07-04 09:52:00,50.2,50.2,190,192
2022-07-04 09:54:00,50.0,49.9,187,190
2022-07-04 09:56:00,50.2,50.3,188,190
2022-07-04 09:58:00,49.8,49.7,187,188
2022-07-04 10:00:00,50.1,50.0,190,192
2022-07-04 10:02:00,50.0,50.0,192,193
2022-07-04 10:04:00,49.9,50.0,191,191
2022-07-04 10:06:00,50.2,50.3,194,196
2022-07-04 10:08:00,49.9,49.9,183,187
2022-07-04 10:10:00,50.0,49.9,185,187
2022-07-04 10:12:00,50.3,50.3,186,189
2022-07-04 10:14:00,50.1,50.2,185,189
2022-07-04 10:16:00,50.5,50.4,185,189
2022-07-04 10:18:00,50.0,50,182,186
2022-07-04 10:20:00,49.9,49.8,185,189
2022-07-04 10:22:00,50.1,50.1,187,190
2022-07-04 10:24:00,50.1,50.0,187,189
2022-07-04 10:26:00,49.8,49.9,189,191
2022-07-04 10:28:00,50.1,50.1,187,190
2022-07-04 10:30:00,50.0,49.9,185,187
2022-07-04 10:32:00,50.0,50,187,189
2022-07-04 10:34:00,50.0,50.0,188,190
2022-07-04 10:36:00,49.8,49.8,185,187
2022-07-04 10:38:00,50.1,50.1,183,185
2022-07-04 10:40:00,50.0,50.0,187,188
2022-07-04 10:42:00,50.1,50.1,181,183
2022-07-04 10:44:00,50.0,50.0,182,185
2022-07-04 10:46:00,49.9,49.9,184,186
2022-07-04 10:48:00,50.4,50.3,187,189
2022-07-04 10:50:00,50.0,50,182,185
2022-07-04 10:52:00,50.1,50.2,178,181
2022-07-04 10:54:00,50.5,50.6,186,188
2022-07-04 10:56:00,50.4,50.4,180,182
2022-07-04 10:58:00,50.4,50.4,181,182
2022-07-04 11:00:00,50.2,50.2,185,187
2022-07-04 11:02:00,50.0,50,182,184
2022-07-04 11:04:00,50.3,50.3,174,177
2022-07-04 11:06:00,50.3,50.3,175,178
2022-07-04 11:08:00,50.1,50.1,178,180
2022-07-04 11:10:00,50.4,50.5,177,179
2022-07-04 11:12:00,50.6,50.7,180,183
2022-07-04 11:14:00,50.0,50.0,180,181
2022-07-04 11:16:00,49.9,49.9,173,176
2022-07-04 11:18:00,50.2,50.3,181,183
2022-07-04 11:20:00,50.4,50.4,180,182
2022-07-04 11:22:00,50.3,50.3,180,182
2022-07-04 11:24:00,50.3,50.3,182,183
2022-07-04 11:26:00,50.2,50.2,180,181
2022-07-04 11:28:00,50.2,50.2,180,182
2022-07-04 11:30:00,50.2,50.2,184,185
2022-07-04 11:32:00,50.2,50.2,182,185
2022-07-04 11:34:00,50.0,50,178,181
2022-07-04 11:36:00,50.1,50.1,170,174
2022-07-04 11:38:00,50.4,50.4,171,175
2022-07-04 11:40:00,50.2,50.3,181,184
2022-07-04 11:42:00,50.3,50.3,170,175
2022-07-04 11:44:00,50.1,50.1,175,177
2022-07-04 11:46:00,50.3,50.2,178,181
2022-07-04 11:48:00,50.3,50.3,181,185
2022-07-04 11:50:00,50.2,50.2,188,190
2022-07-04 11:52:00,50.6,50.6,185,187
2022-07-04 11:54:00,50.1,50.2,182,184
2022-07-04 11:56:00,50.1,50.1,183,185
2022-07-04 11:58:00,50.5,50.5,182,184
2022-07-04 12:00:00,50.1,50.1,179,181
2022-07-04 12:02:00,50.3,50.3,173,175
2022-07-04 12:04:00,50.4,50.5,182,184
2022-07-04 12:06:00,50.5,50.6,186,187
2022-07-04 12:08:00,50.3,50.3,185,187
2022-07-04 12:10:00,50.1,50.1,185,187
2022-07-04 12:12:00,50.2,50.2,185,187
2022-07-04 12:14:00,50.2,50.3,183,185
2022-07-04 12:16:00,50.4,50.4,185,188
2022-07-04 12:18:00,50.2,50.2,184,185
2022-07-04 12:20:00,50.4,50.4,185,186
2022-07-04 12:22:00,50.3,50.3,190,192
2022-07-04 12:24:00,50.5,50.5,190,192
2022-07-04 12:26:00,49.9,49.9,187,188
2022-07-04 12:28:00,50.3,50.3,183,185
2022-07-04 12:30:00,50.0,50,187,189
2022-07-04 12:32:00,50.1,50.1,187,189
2022-07-04 12:34:00,50.3,50.3,190,191
2022-07-04 12:36:00,50.3,50.3,185,187
2022-07-04 12:38:00,50.1,50.1,182,184
2022-07-04 12:40:00,50.5,50.5,187,188
2022-07-04 12:42:00,50.2,50.1,182,185
2022-07-04 12:44:00,50.0,50,184,187
2022-07-04 12:46:00,50.5,50.5,187,187
2022-07-04 12:48:00,50.3,50.3,193,193
2022-07-04 12:50:00,50.2,50.2,188,191
2022-07-04 12:52:00,50.6,50.6,183,185
2022-07-04 12:54:00,50.5,50.5,187,187
2022-07-04 12:56:00,50.1,50.2,184,187
2022-07-04 12:58:00,50.4,50.4,181,185
2022-07-04 13:00:00,50.1,50.2,180,183
2022-07-04 13:02:00,50.2,50.2,183,184
2022-07-04 13:04:00,50.4,50.4,187,190
2022-07-04 13:06:00,50.3,50.3,189,191
2022-07-04 13:08:00,50.2,50.1,185,186
2022-07-04 13:10:00,50.5,50.5,190,190
2022-07-04 13:12:00,50.2,50.2,192,193
2022-07-04 13:14:00,50.5,50.4,188,189
2022-07-04 13:16:00,50.2,50.3,187,187
2022-07-04 13:18:00,50.0,50.0,182,184
2022-07-04 13:20:00,50.2,50.1,183,185
2022-07-04 13:22:00,50.4,50.4,184,184
2022-07-04 13:24:00,50.1,50.0,182,183
2022-07-04 13:26:00,49.9,49.8,180,182
2022-07-04 13:28:00,50.2,50.2,182,183
2022-07-04 13:30:00,50.0,50,180,180
2022-07-04 13:32:00,49.6,49.5,180,182
2022-07-04 13:34:00,50.2,50.2,178,179
2022-07-04 13:36:00,50.4,50.4,184,185
2022-07-04 13:38:00,50.0,49.9,179,180
2022-07-04 13:40:00,50.0,50.0,180,182
2022-07-04 13:42:00,49.8,49.9,179,180
2022-07-04 13:44:00,50.1,50.1,182,182
2022-07-04 13:46:00,50.0,50,180,181
2022-07-04 13:48:00,50.4,50.3,175,176
2022-07-04 13:50:00,50.1,50.1,180,180
2022-07-04 13:52:00,50.0,50.0,174,175
2022-07-04 13:54:00,50.1,50.1,180,181
2022-07-04 13:56:00,50.0,49.9,179,176
2022-07-04 13:58:00,50.2,50.2,176,175
2022-07-04 14:00:00,50.3,50.3,175,177
2022-07-04 14:02:00,50.0,50.0,173,173
2022-07-04 14:04:00,50.0,50.0,178,177
2022-07-04 14:06:00,50.3,50.3,178,176
2022-07-04 14:08:00,50.2,50.1,180,180
2022-07-04 14:10:00,50.3,50.3,175,174
2022-07-04 14:12:00,50.1,50.0,176,176
2022-07-04 14:14:00,50.1,50.1,171,173
2022-07-04 14:16:00,50.3,50.2,175,177
2022-07-04 14:18:00,49.8,49.8,170,172
2022-07-04 14:20:00,50.3,50.3,170,171
2022-07-04 14:22:00,50.4,50.4,168,169
2022-07-04 14:24:00,49.9,50.0,166,168
2022-07-04 14:26:00,50.2,50.1,172,170
2022-07-04 14:28:00,50.3,50.4,178,180
2022-07-04 14:30:00,49.9,50.0,180,180
2022-07-04 14:32:00,50,50.0,180,181
2022-07-04 14:34:00,50.3,50.3,177,178
2022-07-04 14:36:00,49.9,49.9,173,176
2022-07-04 14:38:00,50.1,50.1,173,176
2022-07-04 14:40:00,50.3,50.3,177,178
2022-07-04 14:42:00,50.1,50.0,177,180
2022-07-04 14:44:00,49.9,49.9,177,180
2022-07-04 14:46:00,50.0,50.0,185,187
2022-07-04 14:48:00,50.2,50.2,185,187
2022-07-04 14:50:00,49.9,50.0,178,180
2022-07-04 14:52:00,50.0,50,181,183
2022-07-04 14:54:00,50.2,50.3,182,184
2022-07-04 14:56:00,50.2,50.2,181,184
2022-07-04 14:58:00,50.1,50.1,180,182
2022-07-04 15:00:00,50.1,50.2,182,184
2022-07-04 15:02:00,50.1,50.1,180,182
2022-07-04 15:04:00,50.3,50.3,180,182
2022-07-04 15:06:00,50.3,50.3,178,179
2022-07-04 15:08:00,50.3,50.3,185,186
2022-07-04 15:10:00,50.5,50.5,185,185
2022-07-04 15:12:00,50.1,50.2,180,180
2022-07-04 15:14:00,50.0,49.9,182,182
2022-07-04 15:16:00,50.3,50.4,182,182
2022-07-04 15:18:00,50.3,50.4,180,182
2022-07-04 15:20:00,50.4,50.3,185,185
2022-07-04 15:22:00,50.2,50.2,182,182
2022-07-04 15:24:00,50.0,49.9,185,186
2022-07-04 15:26:00,50.4,50.4,188,190
2022-07-04 15:28:00,50.2,50.2,187,187
2022-07-04 15:30:00,50.2,50.1,187,187
2022-07-04 15:32:00,50.0,49.9,179,180
2022-07-04 15:34:00,50.4,50.4,184,185
2022-07-04 15:36:00,50.1,50.0,183,182
2022-07-04 15:38:00,49.9,50.0,182,181
2022-07-04 15:40:00,50.1,50.1,182,183
2022-07-04 15:42:00,50.1,50.1,184,183
2022-07-04 15:44:00,50.1,50.2,190,191
2022-07-04 15:46:00,50.5,50.5,188,190
2022-07-04 15:48:00,50.0,50.0,182,184
2022-07-04 15:50:00,50.0,49.9,182,183
2022-07-04 15:52:00,50.0,50.1,180,183
2022-07-04 15:54:00,49.7,49.7,182,185
2022-07-04 15:56:00,50.3,50.3,186,187
2022-07-04 15:58:00,50.0,50.1,182,183
2022-07-04 16:00:00,50.3,50.3,181,183
2022-07-04 16:02:00,50.0,50.0,183,185
2022-07-04 16:04:00,50.2,50.2,184,185
2022-07-04 16:06:00,50.4,50.4,180,182
2022-07-04 16:08:00,50.2,50.2,175,179
2022-07-04 16:10:00,49.8,49.7,181,182
2022-07-04 16:12:00,50.5,50.5,182,184
2022-07-04 16:14:00,49.8,49.8,179,181
2022-07-04 16:16:00,50.3,50.3,180,182
2022-07-04 16:18:00,50.3,50.3,181,182
2022-07-04 16:20:00,49.9,49.8,183,184
2022-07-04 16:22:00,50.0,50.1,181,184
2022-07-04 16:24:00,50.2,50.2,181,182
2022-07-04 16:26:00,50.2,50.2,186,187
2022-07-04 16:28:00,50.3,50.3,178,180
2022-07-04 16:30:00,50.2,50.2,181,182
2022-07-04 16:32:00,49.8,49.8,180,180
2022-07-04 16:34:00,50.3,50.4,180,180
2022-07-04 16:36:00,50.3,50.2,185,186
2022-07-04 16:38:00,50.1,50.1,187,187
2022-07-04 16:40:00,50.3,50.3,183,184
2022-07-04 16:42:00,50.0,50.1,183,185
2022-07-04 16:44:00,50.3,50.3,182,183
2022-07-04 16:46:00,50.2,50.2,181,182
2022-07-04 16:48:00,50.3,50.2,182,183
2022-07-04 16:50:00,50.1,50.1,181,182
2022-07-04 16:52:00,50.3,50.3,185,185
2022-07-04 16:54:00,50.4,50.4,185,186
2022-07-04 16:56:00,50.3,50.2,187,188
2022-07-04 16:58:00,50.3,50.3,185,185
2022-07-04 17:00:00,50.4,50.3,185,187
2022-07-04 17:02:00,50.5,50.5,184,185
2022-07-04 17:04:00,50.1,50.1,180,182
2022-07-04 17:06:00,49.9,49.9,177,178
2022-07-04 17:08:00,50.1,50.1,183,185
2022-07-04 17:10:00,50.1,50.2,180,181
2022-07-04 17:12:00,50.5,50.5,186,187
2022-07-04 17:14:00,50.2,50.1,182,185
2022-07-04 17:16:00,50.3,50.4,180,182
2022-07-04 17:18:00,50.3,50.3,178,180
2022-07-04 17:20:00,50.3,50.1,180,181
2022-07-04 17:22:00,50.2,50.2,180,182
2022-07-04 17:24:00,50.3,50.2,185,187
2022-07-04 17:26:00,50.3,50.2,185,186
2022-07-04 17:28:00,50.1,50.1,181,182
2022-07-04 17:30:00,50.2,50.2,178,180
2022-07-04 17:32:00,50.3,50.3,175,177
2022-07-04 17:34:00,50.5,50.5,181,182
2022-07-04 17:36:00,50.2,50.2,179,181
2022-07-04 17:38:00,50.2,50.1,181,183
2022-07-04 17:40:00,50.0,50,183,185
2022-07-04 17:42:00,50.4,50.4,180,181
2022-07-04 17:44:00,,50.2,,180
2022-07-04 17:46:00,50.4,50.3,176,178
2022-07-04 17:48:00,50.4,50.4,178,179
2022-07-04 17:50:00,50.1,50.0,179,181
2022-07-04 17:52:00,50.3,50.3,183,185
2022-07-04 17:54:00,50.2,50.2,182,181
2022-07-04 17:56:00,50.1,50.3,178,180
2022-07-04 17:58:00,50.4,50.4,176,178
2022-07-04 18:00:00,50.1,50.1,168,172
2022-07-04 18:02:00,50.2,50.2,173,174
2022-07-04 18:04:00,50.0,50.1,178,180
2022-07-04 18:06:00,50.4,50.4,177,179
2022-07-04 18:08:00,50.1,50.1,183,184
2022-07-04 18:10:00,50.1,50.1,179,180
2022-07-04 18:12:00,49.9,49.9,180,180
2022-07-04 18:14:00,49.9,49.9,181,181
2022-07-04 18:16:00,50.3,50.3,180,181
2022-07-04 18:18:00,50.0,49.9,180,181
2022-07-04 18:20:00,50.0,50.0,179,179
2022-07-04 18:22:00,50.0,50,183,183
2022-07-04 18:24:00,49.9,49.9,183,184
2022-07-04 18:26:00,49.8,49.8,183,184
2022-07-04 18:28:00,50.1,50.0,178,178
2022-07-04 18:30:00,50.1,50.1,178,178
2022-07-04 18:32:00,49.9,50.0,178,178
2022-07-04 18:34:00,49.8,49.7,173,173
2022-07-04 18:36:00,49.9,49.9,174,175
2022-07-04 18:38:00,49.8,49.8,175,176
2022-07-04 18:40:00,49.9,49.9,182,183
2022-07-04 18:42:00,49.8,49.8,184,185
2022-07-04 18:44:00,50.2,50.2,180,181
2022-07-04 18:46:00,50.1,50.0,182,183
2022-07-04 18:48:00,49.8,49.9,186,186
2022-07-04 18:50:00,49.8,49.7,183,184
2022-07-04 18:52:00,49.9,49.9,184,184
2022-07-04 18:54:00,49.6,49.5,185,185
2022-07-04 18:56:00,49.8,49.8,186,186
2022-07-04 18:58:00,50.1,50.1,182,184
2022-07-04 19:00:00,49.8,49.9,181,182
2022-07-04 19:02:00,49.5,49.5,187,187
2022-07-04 19:04:00,50.6,50.6,186,186
2022-07-04 19:06:00,50.6,50.3,185,185
2022-07-04 19:08:00,50.2,50.2,187,187
2022-07-04 19:10:00,50.2,50.2,187,187
2022-07-04 19:12:00,50.6,50.6,190,190
2022-07-04 19:14:00,50.3,50.4,191,191
2022-07-04 19:16:00,50.5,50.5,187,187
2022-07-04 19:18:00,50.4,50.5,187,188
2022-07-04 19:20:00,50.7,50.7,191,192
2022-07-04 19:22:00,50.5,50.5,195,194
2022-07-04 19:24:00,50.4,50.4,193,194
2022-07-04 19:26:00,50.3,50.3,189,190
2022-07-04 19:28:00,50.6,50.6,190,191
2022-07-04 19:30:00,50.7,50.7,192,192
2022-07-04 19:32:00,50.5,50.5,194,194
2022-07-04 19:34:00,50.5,50.5,194,194
2022-07-04 19:36:00,50.4,50.4,193,194
2022-07-04 19:38:00,50.5,50.4,185,187
2022-07-04 19:40:00,50.5,50.5,185,187
2022-07-04 19:42:00,50.6,50.6,187,188
2022-07-04 19:44:00,50.6,50.7,190,191
2022-07-04 19:46:00,50.7,50.7,187,189
2022-07-04 19:48:00,50.8,50.8,187,188
2022-07-04 19:50:00,50.6,50.5,187,187
2022-07-04 19:52:00,50.4,50.5,184,185
2022-07-04 19:54:00,50.5,50.5,185,185
2022-07-04 19:56:00,50.6,50.6,186,187
2022-07-04 19:58:00,50.7,50.7,189,190
2022-07-04 20:00:00,50.6,50.5,189,190
2022-07-04 20:02:00,50.6,50.6,190,190
2022-07-04 20:04:00,50.3,50.3,188,188
2022-07-04 20:06:00,50.5,50.5,185,185
2022-07-04 20:08:00,50.8,50.7,187,187
2022-07-04 20:10:00,50.4,50.4,185,185
2022-07-04 20:12:00,50.5,50.6,189,190
2022-07-04 20:14:00,50.8,50.7,185,185
2022-07-04 20:16:00,50.6,50.6,186,186
2022-07-04 20:18:00,50.7,50.7,184,185
2022-07-04 20:20:00,50.3,50.3,178,179
2022-07-04 20:22:00,50.6,50.6,175,175
2022-07-04 20:24:00,50.7,50.7,176,176
2022-07-04 20:26:00,50.6,50.6,174,175
2022-07-04 20:28:00,50.4,50.4,172,173
2022-07-04 20:30:00,50.4,50.4,178,178
2022-07-04 20:32:00,50.6,50.5,176,178
2022-07-04 20:34:00,50.5,50.4,177,178
2022-07-04 20:36:00,50.6,50.5,180,180
2022-07-04 20:38:00,50.5,50.5,176,178
2022-07-04 20:40:00,50.7,50.8,177,178
2022-07-04 20:42:00,50.4,50.5,179,179
2022-07-04 20:44:00,50.7,50.6,179,179
2022-07-04 20:46:00,50.6,50.7,179,180
2022-07-04 20:48:00,50.2,50.2,178,179
2022-07-04 20:50:00,50.7,50.7,180,180
2022-07-04 20:52:00,50.6,50.7,178,178
2022-07-04 20:54:00,50.7,50.7,180,181
2022-07-04 20:56:00,50.5,50.5,188,188
2022-07-04 20:58:00,50.7,50.6,181,182
2022-07-04 21:00:00,50.6,50.5,183,184
2022-07-04 21:02:00,50.4,50.4,181,181
2022-07-04 21:04:00,50.5,50.6,176,177
2022-07-04 21:06:00,50.7,50.7,178,180
2022-07-04 21:08:00,50.5,50.6,185,186
2022-07-04 21:10:00,50.5,50.5,187,187
2022-07-04 21:12:00,50.1,50.2,187,188
2022-07-04 21:14:00,50.7,50.6,190,190
2022-07-04 21:16:00,50.6,50.6,200,196
2022-07-04 21:18:00,50.6,50.6,191,192
2022-07-04 21:20:00,50.6,50.6,188,192
2022-07-04 21:22:00,50.8,50.7,187,191
2022-07-04 21:24:00,50.7,50.7,186,190
2022-07-04 21:26:00,50.5,50.5,194,195
2022-07-04 21:28:00,50.8,50.8,192,193
2022-07-04 21:30:00,50.9,50.9,195,195
2022-07-04 21:32:00,50.7,50.6,194,195
2022-07-04 21:34:00,50.6,50.7,194,195
2022-07-04 21:36:00,50.5,50.5,194,194
2022-07-04 21:38:00,50.8,50.7,194,194
2022-07-04 21:40:00,50.8,50.8,196,196
2022-07-04 21:42:00,50.9,50.8,197,197
2022-07-04 21:44:00,51.1,51.1,201,200
2022-07-04 21:46:00,50.4,50.4,198,199
2022-07-04 21:48:00,50.9,50.9,199,200
2022-07-04 21:50:00,50.8,50.8,203,203
2022-07-04 21:52:00,50.6,50.6,201,202
2022-07-04 21:54:00,50.6,50.6,197,197
2022-07-04 21:56:00,50.7,50.7,200,200
2022-07-04 21:58:00,50.8,50.8,202,202
2022-07-04 22:00:00,51.0,51.0,199,199
2022-07-04 22:02:00,50.7,50.7,201,201
2022-07-04 22:04:00,51.0,50.9,201,200
2022-07-04 22:06:00,50.8,50.8,199,200
2022-07-04 22:08:00,50.8,50.8,205,204
2022-07-04 22:10:00,51.0,51.0,204,203
2022-07-04 22:12:00,50.9,50.9,204,204
2022-07-04 22:14:00,50.8,50.8,205,205
2022-07-04 22:16:00,51.0,51.0,207,208
2022-07-04 22:18:00,50.8,50.8,203,204
2022-07-04 22:20:00,50.8,50.8,203,204
2022-07-04 22:22:00,50.7,50.7,204,204
2022-07-04 22:24:00,51.1,51.0,204,204
2022-07-04 22:26:00,51.0,51.0,202,202
2022-07-04 22:28:00,50.8,50.8,206,206
2022-07-04 22:30:00,51.1,51.1,206,206
2022-07-04 22:32:00,50.9,50.9,207,208
2022-07-04 22:34:00,51.0,51.0,208,209
2022-07-04 22:36:00,51.4,51.4,208,208
2022-07-04 22:38:00,50.8,50.8,206,207
2022-07-04 22:40:00,51.0,50.9,206,207
2022-07-04 22:42:00,51.0,51.0,210,210
2022-07-04 22:44:00,51.0,51.0,210,210
2022-07-04 22:46:00,51.3,51.2,208,209
2022-07-04 22:48:00,50.9,50.9,207,207
2022-07-04 22:50:00,50.9,50.9,207,207
2022-07-04 22:52:00,51.1,51.1,207,208
2022-07-04 22:54:00,51.0,51.1,209,210
2022-07-04 22:56:00,51.0,51.0,209,209
2022-07-04 22:58:00,50.8,50.9,207,208
2022-07-04 23:00:00,51.0,51.0,208,208
2022-07-04 23:02:00,51.2,51.1,211,211
2022-07-04 23:04:00,51.0,50.9,211,211
2022-07-04 23:06:00,51.0,51.0,208,209
2022-07-04 23:08:00,50.9,50.9,209,209
2022-07-04 23:10:00,51.1,51.1,212,212
2022-07-04 23:12:00,51.0,51.0,211,212
2022-07-04 23:14:00,50.9,50.7,209,210
2022-07-04 23:16:00,51.1,51.1,210,210
2022-07-04 23:18:00,51.0,51.0,209,209
2022-07-04 23:20:00,51.0,51.1,211,211
2022-07-04 23:22:00,50.9,50.9,213,213
2022-07-04 23:24:00,51.0,51.0,213,213
2022-07-04 23:26:00,51.0,51.0,211,212
2022-07-04 23:28:00,51.1,51.0,214,214
2022-07-04 23:30:00,51.3,51.3,214,214
2022-07-04 23:32:00,50.9,50.9,211,212
2022-07-04 23:34:00,50.9,50.9,211,211
2022-07-04 23:36:00,51.3,51.2,213,213
2022-07-04 23:38:00,51.0,51.1,213,213
2022-07-04 23:40:00,51.1,51.1,213,214
2022-07-04 23:42:00,51.0,51.0,215,215
2022-07-04 23:44:00,50.8,50.9,214,214
2022-07-04 23:46:00,50.8,50.8,212,213
2022-07-04 23:48:00,51.1,51.0,212,213
2022-07-04 23:50:00,51.0,51.0,215,214
2022-07-04 23:52:00,51.0,51.1,213,213
2022-07-04 23:54:00,51.1,51.1,214,214
2022-07-04 23:56:00,51.0,50.9,216,215
2022-07-04 23:58:00,51.0,51.0,215,215
2022-07-05 00:00:00,51.1,51.2,214,215
2022-07-05 00:02:00,50.8,51.0,216,216
2022-07-05 00:04:00,51.1,51.2,216,216
2022-07-05 00:06:00,51.0,51.1,215,215
2022-07-05 00:08:00,51.0,51.1,215,216
2022-07-05 00:10:00,51.1,51.4,216,216
2022-07-05 00:12:00,51.1,51.2,215,215
2022-07-05 00:14:00,51.5,51.3,215,215
2022-07-05 00:16:00,51.2,51.2,216,216
2022-07-05 00:18:00,51.0,51.0,216,215
2022-07-05 00:20:00,50.7,50.8,215,216
2022-07-05 00:22:00,51.1,51.2,216,216
2022-07-05 00:24:00,51.1,51.1,218,216
2022-07-05 00:26:00,50.9,51.2,216,216
2022-07-05 00:28:00,51.0,51.1,216,217
2022-07-05 00:30:00,51.5,51.4,217,216
2022-07-05 00:32:00,51.0,51.1,215,216
2022-07-05 00:34:00,50.4,50.4,216,217
2022-07-05 00:36:00,50.4,50.4,218,217
2022-07-05 00:38:00,50.4,50.4,218,216
2022-07-05 00:40:00,50.5,50.4,216,217
2022-07-05 00:42:00,50.4,50.5,218,217
2022-07-05 00:44:00,50.0,50.2,217,218
2022-07-05 00:46:00,50.4,50.2,216,216
2022-07-05 00:48:00,50.4,50.4,216,217
2022-07-05 00:50:00,50.3,50.3,219,219
2022-07-05 00:52:00,50.5,50.5,218,218
2022-07-05 00:54:00,50.5,50.5,217,217
2022-07-05 00:56:00,50.3,50.3,219,219
2022-07-05 00:58:00,50.4,50.4,219,219
2022-07-05 01:00:00,50.6,50.6,218,219
2022-07-05 01:02:00,50.3,50.3,220,219
2022-07-05 01:04:00,50.6,50.5,220,219
2022-07-05 01:06:00,50.3,50.4,218,218
2022-07-05 01:08:00,50.4,50.4,218,218
2022-07-05 01:10:00,50.4,50.5,219,219
2022-07-05 01:12:00,50.4,50.4,218,218
2022-07-05 01:14:00,50.4,50.4,218,218
2022-07-05 01:16:00,50.5,,220,
2022-07-05 01:18:00,50.4,50.4,219,218
2022-07-05 01:20:00,50.3,50.4,216,216
2022-07-05 01:22:00,50.5,50.5,219,218
2022-07-05 01:24:00,50.4,50.5,219,219
2022-07-05 01:26:00,50.3,50.3,218,218
2022-07-05 01:28:00,50.5,50.5,217,217
2022-07-05 01:30:00,50.5,50.4,219,218
2022-07-05 01:32:00,50.4,50.4,217,217
2022-07-05 01:34:00,50.6,50.5,218,218
2022-07-05 01:36:00,50.4,50.4,219,219
2022-07-05 01:38:00,50.4,50.4,219,219
2022-07-05 01:40:00,50.3,50.3,218,218
2022-07-05 01:42:00,50.6,50.7,219,218
2022-07-05 01:44:00,50.4,50.4,219,219
2022-07-05 01:46:00,50.3,50.2,218,218
2022-07-05 01:48:00,50.2,50.1,218,218
2022-07-05 01:50:00,50.6,50.6,220,219
2022-07-05 01:52:00,50.4,50.4,219,219
2022-07-05 01:54:00,50.5,50.5,218,218
2022-07-05 01:56:00,50.5,50.5,219,219
2022-07-05 01:58:00,50.2,50.2,220,219
2022-07-05 02:00:00,50.6,50.6,219,219
2022-07-05 02:02:00,50.4,50.4,221,220
2022-07-05 02:04:00,50.5,50.5,221,220
2022-07-05 02:06:00,50.5,50.4,219,219
2022-07-05 02:08:00,50.3,50.3,219,219
2022-07-05 02:10:00,50.5,50.5,221,220
2022-07-05 02:12:00,50.6,50.7,219,219
2022-07-05 02:14:00,50.3,50.3,219,219
2022-07-05 02:16:00,50.5,50.5,221,220
2022-07-05 02:18:00,50.4,50.4,220,219
2022-07-05 02:20:00,50.2,50.2,219,219
2022-07-05 02:22:00,50.6,50.6,221,220
2022-07-05 02:24:00,50.8,50.8,219,219
2022-07-05 02:26:00,50.4,50.4,218,219
2022-07-05 02:28:00,50.7,50.7,218,219
2022-07-05 02:30:00,50.6,50.7,220,219
2022-07-05 02:32:00,50.3,50.2,218,219
2022-07-05 02:34:00,50.5,50.4,219,219
2022-07-05 02:36:00,50.4,50.5,220,219
2022-07-05 02:38:00,50.1,50.1,220,219
2022-07-05 02:40:00,50.6,50.6,218,219
2022-07-05 02:42:00,50.4,50.4,220,220
2022-07-05 02:44:00,50.0,50.0,219,219
2022-07-05 02:46:00,50.6,50.5,219,219
2022-07-05 02:48:00,50.4,50.4,219,219
2022-07-05 02:50:00,50.2,50.2,221,220
2022-07-05 02:52:00,50.5,50.6,219,219
2022-07-05 02:54:00,50.6,50.6,219,219
2022-07-05 02:56:00,50.4,50.4,221,220
2022-07-05 02:58:00,50.7,50.7,221,221
2022-07-05 03:00:00,50.5,50.6,219,220
2022-07-05 03:02:00,50.3,50.4,221,220
2022-07-05 03:04:00,50.4,50.4,219,219
2022-07-05 03:06:00,50.5,50.5,219,219
2022-07-05 03:08:00,50.3,50.4,219,219
2022-07-05 03:10:00,50.6,50.6,219,219
2022-07-05 03:12:00,50.4,50.4,222,221
2022-07-05 03:14:00,50.5,50.5,221,221
2022-07-05 03:16:00,50.4,50.4,222,221
2022-07-05 03:18:00,50.3,50.3,220,219
2022-07-05 03:20:00,50.4,50.4,219,219
2022-07-05 03:22:00,50.5,50.5,219,220
2022-07-05 03:24:00,50.3,50.3,222,222
2022-07-05 03:26:00,50.3,50.3,220,219
2022-07-05 03:28:00,50.3,50.3,220,218
2022-07-05 03:30:00,50.6,50.6,221,220
2022-07-05 03:32:00,50.4,50.4,220,219
2022-07-05 03:34:00,50.5,50.5,219,219
2022-07-05 03:36:00,50.2,50.2,221,220
2022-07-05 03:38:00,50.4,50.5,220,219
2022-07-05 03:40:00,50.4,50.4,219,220
2022-07-05 03:42:00,50.6,50.6,216,216
2022-07-05 03:44:00,50.4,50.4,221,220
2022-07-05 03:46:00,50.4,50.3,220,221
2022-07-05 03:48:00,50.4,50.4,219,219
2022-07-05 03:50:00,50.2,50.2,221,221
2022-07-05 03:52:00,50.5,50.5,221,221
2022-07-05 03:54:00,50.2,50.1,218,218
2022-07-05 03:56:00,50.4,50.4,220,220
2022-07-05 03:58:00,50.4,50.4,222,221
2022-07-05 04:00:00,50.4,50.5,219,219
2022-07-05 04:02:00,50.3,50.3,219,219
2022-07-05 04:04:00,50.5,50.5,221,221
2022-07-05 04:06:00,50.4,50.4,221,220
2022-07-05 04:08:00,50.4,50.4,219,219
2022-07-05 04:10:00,50.5,50.5,221,221
2022-07-05 04:12:00,50.4,50.4,221,221
2022-07-05 04:14:00,50.1,50.2,219,219
2022-07-05 04:16:00,50.4,50.4,220,221
2022-07-05 04:18:00,50.5,50.4,221,221
2022-07-05 04:20:00,50.1,50.1,219,219
2022-07-05 04:22:00,50.5,50.6,221,221
2022-07-05 04:24:00,50.4,50.4,223,222
2022-07-05 04:26:00,50.5,50.5,223,223
2022-07-05 04:28:00,50.0,50.0,220,221
2022-07-05 04:30:00,50.3,50.3,223,222
2022-07-05 04:32:00,50.3,50.3,222,221
2022-07-05 04:34:00,50.4,50.4,221,221
2022-07-05 04:36:00,50.3,50.3,219,220
2022-07-05 04:38:00,,49.9,,221
2022-07-05 04:40:00,50.3,50.2,220,221
2022-07-05 04:42:00,50.2,50.3,221,221
2022-07-05 04:44:00,50.1,50.1,222,222
2022-07-05 04:46:00,50.1,50.1,222,221
2022-07-05 04:48:00,50.3,50.3,219,219
2022-07-05 04:50:00,50.0,50.0,221,221
2022-07-05 04:52:00,50.3,50.4,222,221
2022-07-05 04:54:00,50.3,50.3,220,220
2022-07-05 04:56:00,50.5,50.5,220,221
2022-07-05 04:58:00,50.3,50.3,220,219
2022-07-05 05:00:00,50.7,50.7,219,219
2022-07-05 05:02:00,50.2,50.2,216,216
2022-07-05 05:04:00,50.3,50.4,219,218
2022-07-05 05:06:00,50.2,50.2,219,219
2022-07-05 05:08:00,50.0,50.0,217,217
2022-07-05 05:10:00,50.5,50.4,218,218
2022-07-05 05:12:00,50.3,50.3,219,218
2022-07-05 05:14:00,50.4,50.4,216,216
2022-07-05 05:16:00,50.0,50.1,217,217
2022-07-05 05:18:00,50.4,50.3,219,219
2022-07-05 05:20:00,50.1,50.1,219,219
2022-07-05 05:22:00,51.0,50.9,219,220
2022-07-05 05:24:00,50.3,50.3,220,219
2022-07-05 05:26:00,50.3,50.2,221,220
2022-07-05 05:28:00,50.4,50.4,219,219
2022-07-05 05:30:00,50.3,50.4,221,221
2022-07-05 05:32:00,50.2,50.2,223,223
2022-07-05 05:34:00,50.3,50.3,220,221
2022-07-05 05:36:00,50.2,50.1,220,220
2022-07-05 05:38:00,50.2,50.2,221,220
2022-07-05 05:40:00,50.4,50.3,219,219
2022-07-05 05:42:00,50.3,50.3,217,217
2022-07-05 05:44:00,50.1,50.0,219,219
2022-07-05 05:46:00,50.5,50.6,219,219
2022-07-05 05:48:00,50.3,50.3,217,218
2022-07-05 05:50:00,50.1,50.1,216,216
2022-07-05 05:52:00,50.6,50.5,218,217
2022-07-05 05:54:00,50.6,50.6,215,216
2022-07-05 05:56:00,50.1,50.2,211,211
2022-07-05 05:58:00,50.4,50.4,213,213
2022-07-05 06:00:00,50.5,50.4,214,214
2022-07-05 06:02:00,50.3,50.3,213,213
2022-07-05 06:04:00,50.3,50.3,211,211
2022-07-05 06:06:00,50.2,50.2,213,213
2022-07-05 06:08:00,50.3,50.3,211,212
2022-07-05 06:10:00,50.3,50.4,214,214
2022-07-05 06:12:00,50.1,50.2,217,217
2022-07-05 06:14:00,50.1,50.1,213,213
2022-07-05 06:16:00,50.4,50.5,213,214
2022-07-05 06:18:00,50.2,50.2,214,214
2022-07-05 06:20:00,50.5,50.5,213,213
2022-07-05 06:22:00,50.2,50.2,213,214
2022-07-05 06:24:00,50.2,50.3,214,215
2022-07-05 06:26:00,50.2,50.1,214,214
2022-07-05 06:28:00,50.3,50.3,210,211
2022-07-05 06:30:00,50.2,50.3,209,209
2022-07-05 06:32:00,50.2,50.2,208,209
2022-07-05 06:34:00,50.3,50.2,211,211
2022-07-05 06:36:00,50.4,50.4,209,210
2022-07-05 06:38:00,50.3,50.3,202,202
2022-07-05 06:40:00,50.3,50.4,209,210
2022-07-05 06:42:00,50.3,50.2,209,210
2022-07-05 06:44:00,49.9,50.0,205,207
2022-07-05 06:46:00,50.6,50.5,209,209
2022-07-05 06:48:00,50.7,50.7,208,208
2022-07-05 06:50:00,50.2,50.2,208,209
2022-07-05 06:52:00,50.4,50.5,209,207
2022-07-05 06:54:00,50.3,50.2,211,211
2022-07-05 06:56:00,50.2,50.2,211,212
2022-07-05 06:58:00,50.1,50.1,207,208
2022-07-05 07:00:00,50.4,50.4,209,209
2022-07-05 07:02:00,50.0,50.0,207,208
2022-07-05 07:04:00,50.3,50.3,211,212
2022-07-05 07:06:00,50.4,50.4,214,214
2022-07-05 07:08:00,50.2,50.2,210,210
2022-07-05 07:10:00,50.1,50.0,207,207
2022-07-05 07:12:00,50.1,50.1,207,207
2022-07-05 07:14:00,50.0,50.0,203,203
2022-07-05 07:16:00,50.3,50.3,204,204
2022-07-05 07:18:00,50.4,50.4,203,204
2022-07-05 07:20:00,50.1,50.1,204,204
2022-07-05 07:22:00,49.9,49.9,202,203
2022-07-05 07:24:00,50.1,50.0,202,203
2022-07-05 07:26:00,50.2,50.2,204,204
2022-07-05 07:28:00,50.2,50.3,204,204
2022-07-05 07:30:00,50.1,50.1,204,205
2022-07-05 07:32:00,50.3,50.3,205,204
2022-07-05 07:34:00,50.2,50.3,210,210
2022-07-05 07:36:00,50.1,50.2,204,204
2022-07-05 07:38:00,50.1,50.1,207,207
2022-07-05 07:40:00,50.2,50.1,208,208
2022-07-05 07:42:00,50.3,50.4,205,206
2022-07-05 07:44:00,50.3,50.3,202,203
2022-07-05 07:46:00,50.2,50.2,201,201
2022-07-05 07:48:00,50.3,50.3,206,207
2022-07-05 07:50:00,50.0,50.0,195,202
2022-07-05 07:52:00,50.0,50.0,194,202
2022-07-05 07:54:00,50.2,50.2,197,203
2022-07-05 07:56:00,50.0,50.0,199,199
2022-07-05 07:58:00,50.2,50.2,204,206
2022-07-05 08:00:00,50.3,50.3,206,207
2022-07-05 08:02:00,50.1,50.1,203,203
2022-07-05 08:04:00,50.2,50.2,201,202
2022-07-05 08:06:00,50.1,50.1,199,200
2022-07-05 08:08:00,50.0,49.9,194,197
2022-07-05 08:10:00,50.1,50.1,184,186
2022-07-05 08:12:00,50,50.0,183,184
2022-07-05 08:14:00,50.1,50.1,191,192
2022-07-05 08:16:00,50.1,50.1,191,191
2022-07-05 08:18:00,50.1,50.1,194,196
2022-07-05 08:20:00,50.3,50.3,196,197
2022-07-05 08:22:00,50.0,50.1,199,199
2022-07-05 08:24:00,50.1,50.1,200,202
2022-07-05 08:26:00,49.9,49.8,192,194
2022-07-05 08:28:00,50.0,50.1,192,192
2022-07-05 08:30:00,49.9,49.9,190,192
2022-07-05 08:32:00,49.9,50.0,191,193
2022-07-05 08:34:00,49.9,49.9,197,197
2022-07-05 08:36:00,50.1,50.1,192,194
2022-07-05 08:38:00,49.9,49.9,194,196
2022-07-05 08:40:00,50.2,50.2,199,200
2022-07-05 08:42:00,50.2,50.3,201,202
2022-07-05 08:44:00,50.0,50,192,194
2022-07-05 08:46:00,49.9,49.9,187,192
2022-07-05 08:48:00,50.2,50.1,191,194
2022-07-05 08:50:00,50.1,50.1,187,191
2022-07-05 08:52:00,50.1,50.2,187,192
2022-07-05 08:54:00,49.9,50.0,188,192
2022-07-05 08:56:00,50.0,50.0,189,193
2022-07-05 08:58:00,49.9,50.0,186,190
2022-07-05 09:00:00,50.1,50.1,183,187
2022-07-05 09:02:00,50.1,50.1,188,192
2022-07-05 09:04:00,50.0,50.0,194,194
2022-07-05 09:06:00,50.0,50.1,192,193
2022-07-05 09:08:00,49.8,49.8,185,187
2022-07-05 09:10:00,50.2,50.2,190,191
2022-07-05 09:12:00,50.0,50.1,187,189
2022-07-05 09:14:00,50.0,50.0,190,192
2022-07-05 09:16:00,50.1,50.1,189,192
2022-07-05 09:18:00,50.1,50.1,188,189
2022-07-05 09:20:00,49.7,49.7,185,187
2022-07-05 09:22:00,50.1,50.2,192,194
2022-07-05 09:24:00,50,50.0,192,194
2022-07-05 09:26:00,50.1,50.1,197,199
2022-07-05 09:28:00,49.8,49.8,195,197
2022-07-05 09:30:00,50.1,50.1,192,192
2022-07-05 09:32:00,49.8,49.9,182,189
2022-07-05 09:34:00,50.2,50.2,192,193
2022-07-05 09:36:00,50.1,50.0,194,195
2022-07-05 09:38:00,50.0,50.0,192,193
2022-07-05 09:40:00,50.1,50.1,195,197
2022-07-05 09:42:00,50.0,49.9,190,191
2022-07-05 09:44:00,50.0,50.0,192,193
2022-07-05 09:46:00,50.0,50.0,189,191
2022-07-05 09:48:00,50.2,50.3,195,197
2022-07-05 09:50:00,50.2,50.2,192,193
2022-07-05 09:52:00,49.9,49.9,194,194
2022-07-05 09:54:00,50.0,50.0,186,187
2022-07-05 09:56:00,49.8,49.9,192,194
2022-07-05 09:58:00,50.3,50.3,193,194
2022-07-05 10:00:00,50.1,50.1,192,193
2022-07-05 10:02:00,50.0,50.1,190,191
2022-07-05 10:04:00,50.1,50.1,191,191
2022-07-05 10:06:00,50.1,50.1,196,196
2022-07-05 10:08:00,49.8,49.8,199,200
2022-07-05 10:10:00,50.1,50.2,195,197
2022-07-05 10:12:00,50.1,50.2,196,197
2022-07-05 10:14:00,50,50.0,196,197
2022-07-05 10:16:00,49.9,,197,
2022-07-05 10:18:00,50.2,50.2,199,200
2022-07-05 10:20:00,50.0,49.9,197,199
2022-07-05 10:22:00,49.8,49.8,190,192
2022-07-05 10:24:00,50.1,50.1,196,197
2022-07-05 10:26:00,50.0,50.0,197,197
2022-07-05 10:28:00,49.9,49.9,195,197
2022-07-05 10:30:00,50.3,50.2,198,199
2022-07-05 10:32:00,49.8,49.9,189,190
2022-07-05 10:34:00,50.1,50.1,195,197
2022-07-05 10:36:00,49.9,50.0,185,190
2022-07-05 10:38:00,50.0,49.9,190,193
2022-07-05 10:40:00,50.1,50.1,197,197
2022-07-05 10:42:00,50.1,50.1,193,194
2022-07-05 10:44:00,50.0,50.0,192,193
2022-07-05 10:46:00,50.1,50.1,192,194
2022-07-05 10:48:00,50.2,50.3,194,197
2022-07-05 10:50:00,50.0,50.0,197,199
2022-07-05 10:52:00,49.7,49.7,192,193
2022-07-05 10:54:00,49.9,49.7,190,193
2022-07-05 10:56:00,50.0,50.0,189,190
2022-07-05 10:58:00,50.0,50.0,196,198
2022-07-05 11:00:00,49.8,49.7,193,196
2022-07-05 11:02:00,50.1,50.1,194,197
2022-07-05 11:04:00,50.0,50.0,192,195
2022-07-05 11:06:00,50.0,50.0,193,194
2022-07-05 11:08:00,49.9,49.9,190,193
2022-07-05 11:10:00,50.0,50.0,197,199
2022-07-05 11:12:00,50.0,50,198,199
2022-07-05 11:14:00,50.1,50.1,194,196
2022-07-05 11:16:00,50.1,50.1,188,192
2022-07-05 11:18:00,50.4,50.5,197,198
2022-07-05 11:20:00,50.4,50.4,198,199
2022-07-05 11:22:00,50.4,50.4,193,194
2022-07-05 11:24:00,50.4,50.3,190,191
2022-07-05 11:26:00,50.2,50.3,192,193
2022-07-05 11:28:00,50.1,50.0,190,190
2022-07-05 11:30:00,50.4,50.4,193,195
2022-07-05 11:32:00,50.3,50.3,190,190
2022-07-05 11:34:00,50.3,50.2,190,192
2022-07-05 11:36:00,50.4,50.5,190,192
2022-07-05 11:38:00,50.5,50.4,187,188
2022-07-05 11:40:00,50.1,50.1,191,192
2022-07-05 11:42:00,50.6,50.6,190,192
2022-07-05 11:44:00,50.1,50.1,184,186
2022-07-05 11:46:00,50.6,50.5,187,190
2022-07-05 11:48:00,50.3,50.3,185,188
2022-07-05 11:50:00,50.3,50.3,181,184
2022-07-05 11:52:00,50.1,50.1,182,184
2022-07-05 11:54:00,50.2,50.2,185,187
2022-07-05 11:56:00,50.2,50.2,174,179
2022-07-05 11:58:00,50.5,50.5,172,177
2022-07-05 12:00:00,50.3,50.3,176,180
2022-07-05 12:02:00,49.8,49.8,176,179
2022-07-05 12:04:00,50.2,50.2,178,181
2022-07-05 12:06:00,50.4,50.4,181,183
2022-07-05 12:08:00,50.4,50.5,185,187
2022-07-05 12:10:00,50.4,50.4,187,189
2022-07-05 12:12:00,50.4,50.4,185,186
2022-07-05 12:14:00,50.1,50.0,185,187
2022-07-05 12:16:00,50.4,50.3,182,184
2022-07-05 12:18:00,50.2,50.2,187,190
2022-07-05 12:20:00,50.7,50.7,187,190
2022-07-05 12:22:00,50.3,50.3,190,192
2022-07-05 12:24:00,50.2,50.2,191,193
2022-07-05 12:26:00,50.4,50.5,188,190
2022-07-05 12:28:00,50.3,50.3,181,185
2022-07-05 12:30:00,50.4,50.5,186,190
2022-07-05 12:32:00,50.1,50.1,180,185
2022-07-05 12:34:00,50.1,50.2,188,190
2022-07-05 12:36:00,50.5,50.5,192,194
2022-07-05 12:38:00,50.3,50.4,189,191
2022-07-05 12:40:00,50.5,50.5,186,189
2022-07-05 12:42:00,50.4,50.5,187,188
2022-07-05 12:44:00,50.2,50.2,187,187
2022-07-05 12:46:00,50.5,50.4,188,190
2022-07-05 12:48:00,50.2,50.3,190,192
2022-07-05 12:50:00,50.4,50.3,187,189
2022-07-05 12:52:00,50.3,50.4,187,189
2022-07-05 12:54:00,50.4,50.5,187,189
2022-07-05 12:56:00,50.3,50.3,187,189
2022-07-05 12:58:00,50.3,50.3,185,188
2022-07-05 13:00:00,50.3,50.4,187,190
2022-07-05 13:02:00,50.3,50.2,187,190
2022-07-05 13:04:00,50.5,50.5,185,189
2022-07-05 13:06:00,50.3,50.3,182,188
2022-07-05 13:08:00,50.2,50.2,186,188
2022-07-05 13:10:00,50.4,50.4,181,185
2022-07-05 13:12:00,50.4,50.4,182,187
2022-07-05 13:14:00,50.0,50.0,181,186
2022-07-05 13:16:00,50.4,50.5,182,187
2022-07-05 13:18:00,50.2,50.3,187,190
2022-07-05 13:20:00,50.0,49.9,189,192
2022-07-05 13:22:00,50.2,50.3,190,192
2022-07-05 13:24:00,50.1,50.1,194,195
2022-07-05 13:26:00,50.5,50.4,186,190
2022-07-05 13:28:00,50.3,50.3,185,189
2022-07-05 13:30:00,50.3,50.3,190,192
2022-07-05 13:32:00,50.1,50.1,186,189
2022-07-05 13:34:00,50.3,50.2,188,190
2022-07-05 13:36:00,50.3,50.3,191,192
2022-07-05 13:38:00,50.2,50.2,190,192
2022-07-05 13:40:00,50.3,50.4,191,193
2022-07-05 13:42:00,50.3,50.3,192,194
2022-07-05 13:44:00,50.4,50.4,197,198
2022-07-05 13:46:00,50.2,50.2,194,196
2022-07-05 13:48:00,50.3,50.3,198,199
2022-07-05 13:50:00,50.2,50.2,193,194
2022-07-05 13:52:00,50.0,50.0,189,189
2022-07-05 13:54:00,50.7,50.7,187,188
2022-07-05 13:56:00,50.3,50.3,189,191
2022-07-05 13:58:00,50.3,50.3,190,192
2022-07-05 14:00:00,50.1,50.2,187,189
2022-07-05 14:02:00,50.2,50.1,182,182
2022-07-05 14:04:00,50.3,50.3,191,192
2022-07-05 14:06:00,50.3,50.4,194,190
2022-07-05 14:08:00,50.6,50.6,190,192
2022-07-05 14:10:00,50.0,50.1,185,188
2022-07-05 14:12:00,50.1,50.1,190,191
2022-07-05 14:14:00,50.3,50.4,190,192
2022-07-05 14:16:00,50.2,50.1,185,188
2022-07-05 14:18:00,50.3,50.3,185,187
2022-07-05 14:20:00,50.4,50.4,190,189
2022-07-05 14:22:00,50.5,50.4,182,187
2022-07-05 14:24:00,50.3,50.2,182,187
2022-07-05 14:26:00,50.2,50.1,181,184
2022-07-05 14:28:00,50.2,50.2,179,181
2022-07-05 14:30:00,50.2,50.3,180,181
2022-07-05 14:32:00,50.4,50.4,180,180
2022-07-05 14:34:00,50.4,50.4,180,180
2022-07-05 14:36:00,50.4,50.4,181,182
2022-07-05 14:38:00,50.4,50.3,178,180
2022-07-05 14:40:00,50.4,50.4,182,183
2022-07-05 14:42:00,50.0,50.0,180,182
2022-07-05 14:44:00,50.3,50.2,176,178
2022-07-05 14:46:00,50.3,50.3,180,181
2022-07-05 14:48:00,50.5,50.4,181,182
2022-07-05 14:50:00,50.2,50.2,175,178
2022-07-05 14:52:00,50.0,50.0,179,181
2022-07-05 14:54:00,50.3,50.2,178,179
2022-07-05 14:56:00,50.1,50.0,180,181
2022-07-05 14:58:00,50.3,50.3,175,177
2022-07-05 15:00:00,50.2,50.2,181,182
2022-07-05 15:02:00,50.1,50.1,180,182
2022-07-05 15:04:00,50.3,50.3,173,175
2022-07-05 15:06:00,50.2,50.2,180,180
2022-07-05 15:08:00,50.3,50.3,178,181
2022-07-05 15:10:00,49.8,49.8,176,178
2022-07-05 15:12:00,50.4,50.3,182,183
2022-07-05 15:14:00,50.1,50.2,180,180
2022-07-05 15:16:00,50.5,50.4,170,174
2022-07-05 15:18:00,50.1,50.2,168,169
2022-07-05 15:20:00,50.3,50.3,178,178
2022-07-05 15:22:00,50.3,50.3,179,180
2022-07-05 15:24:00,50.4,50.4,174,177
2022-07-05 15:26:00,50.2,50.2,177,178
2022-07-05 15:28:00,50.2,50.2,179,180
2022-07-05 15:30:00,50.2,50.1,174,176
2022-07-05 15:32:00,50.3,50.2,177,178
2022-07-05 15:34:00,50.2,50.1,179,180
2022-07-05 15:36:00,49.9,49.9,176,177
2022-07-05 15:38:00,49.8,49.9,175,178
2022-07-05 15:40:00,50.4,50.4,176,179
2022-07-05 15:42:00,49.8,49.8,172,175
2022-07-05 15:44:00,50.3,50.3,177,180
2022-07-05 15:46:00,50.5,50.4,183,185
2022-07-05 15:48:00,50.3,50.3,181,182
2022-07-05 15:50:00,50.3,50.4,178,180
2022-07-05 15:52:00,50.2,50.2,182,184
2022-07-05 15:54:00,50.6,50.6,188,190
2022-07-05 15:56:00,50.1,50.1,182,185
2022-07-05 15:58:00,50.4,50.4,182,184
2022-07-05 16:00:00,50.4,50.1,185,187
2022-07-05 16:02:00,50.6,50.5,185,187
2022-07-05 16:04:00,50.2,50.2,185,188
2022-07-05 16:06:00,50.2,50.2,186,187
2022-07-05 16:08:00,50.3,50.3,189,190
2022-07-05 16:10:00,50.2,50.2,190,191
2022-07-05 16:12:00,50.5,50.5,189,191
2022-07-05 16:14:00,50.1,50.0,184,185
2022-07-05 16:16:00,,50.4,,185
2022-07-05 16:18:00,50.1,50.1,184,186
2022-07-05 16:20:00,50.3,50.3,184,187
2022-07-05 16:22:00,50.3,50.2,186,187
2022-07-05 16:24:00,50.2,50.1,182,184
2022-07-05 16:26:00,50.2,50.1,184,186
2022-07-05 16:28:00,50.2,50.2,185,187
2022-07-05 16:30:00,50.1,50.0,188,190
2022-07-05 16:32:00,50.3,50.3,182,185
2022-07-05 16:34:00,50.3,50.3,185,187
2022-07-05 16:36:00,50.4,50.5,185,187
2022-07-05 16:38:00,50.3,50.3,182,185
2022-07-05 16:40:00,50.4,50.4,182,185
2022-07-05 16:42:00,50.5,50.4,186,187
2022-07-05 16:44:00,50.5,50.5,186,187
2022-07-05 16:46:00,50.2,50.3,189,192
2022-07-05 16:48:00,50.3,50.3,190,192
2022-07-05 16:50:00,50.2,50.2,192,193
2022-07-05 16:52:00,50.1,50.1,185,188
2022-07-05 16:54:00,50.4,50.4,186,189
2022-07-05 16:56:00,50.4,50.3,186,188
2022-07-05 16:58:00,50.1,50.1,185,187
2022-07-05 17:00:00,50.5,50.5,186,189
2022-07-05 17:02:00,50.2,50.2,187,188
2022-07-05 17:04:00,50.3,50.3,188,190
2022-07-05 17:06:00,50.6,50.5,194,197
2022-07-05 17:08:00,50.5,50.6,193,196
2022-07-05 17:10:00,50.3,50.3,192,193
2022-07-05 17:12:00,50.3,50.3,189,192
2022-07-05 17:14:00,50.3,50.3,190,193
2022-07-05 17:16:00,50.3,50.3,191,193
2022-07-05 17:18:00,50.2,50.3,190,192
2022-07-05 17:20:00,50.4,50.3,187,190
2022-07-05 17:22:00,50.3,50.3,192,193
2022-07-05 17:24:00,50.5,50.5,193,195
2022-07-05 17:26:00,50.1,50.1,194,196
2022-07-05 17:28:00,50.3,50.3,189,194
2022-07-05 17:30:00,50.4,50.4,192,194
2022-07-05 17:32:00,50.2,50.1,190,192
2022-07-05 17:34:00,50.2,50.2,190,193
2022-07-05 17:36:00,50.3,50.3,192,194
2022-07-05 17:38:00,50.2,50.2,190,193
2022-07-05 17:40:00,50.5,50.4,190,192
2022-07-05 17:42:00,50.4,50.4,189,192
2022-07-05 17:44:00,50.3,50.3,193,195
2022-07-05 17:46:00,50.4,50.3,195,198
2022-07-05 17:48:00,50.4,50.4,194,197
2022-07-05 17:50:00,50.4,50.3,192,193
2022-07-05 17:52:00,50.3,50.2,190,192
2022-07-05 17:54:00,50.5,50.6,192,195
2022-07-05 17:56:00,50.1,50.2,192,193
2022-07-05 17:58:00,50.1,50.0,192,193
2022-07-05 18:00:00,50.2,50.2,190,193
2022-07-05 18:02:00,49.9,49.9,191,193
2022-07-05 18:04:00,50.2,50.2,193,195
2022-07-05 18:06:00,50.2,50.3,189,192
2022-07-05 18:08:00,50.2,50.2,193,195
2022-07-05 18:10:00,50.3,50.4,189,190
2022-07-05 18:12:00,49.9,49.9,189,190
2022-07-05 18:14:00,50.1,50.1,189,191
2022-07-05 18:16:00,50.5,50.5,185,187
2022-07-05 18:18:00,50.2,50.2,185,187
2022-07-05 18:20:00,50.1,50.2,184,186
2022-07-05 18:22:00,50.2,50.2,182,184
2022-07-05 18:24:00,49.9,50,187,188
2022-07-05 18:26:00,50.3,50.3,185,187
2022-07-05 18:28:00,50.6,50.6,186,189
2022-07-05 18:30:00,50.1,50.1,187,190
2022-07-05 18:32:00,50.0,50.0,183,185
2022-07-05 18:34:00,50.2,50.1,182,183
2022-07-05 18:36:00,50.0,50.1,181,184
2022-07-05 18:38:00,49.8,49.8,180,182
2022-07-05 18:40:00,50.5,50.4,177,180
2022-07-05 18:42:00,50.5,50.5,176,179
2022-07-05 18:44:00,50.2,50.2,178,180
2022-07-05 18:46:00,50.3,50.3,183,185
2022-07-05 18:48:00,50.5,50.7,182,185
2022-07-05 18:50:00,50.3,50.2,180,182
2022-07-05 18:52:00,50.7,50.7,192,194
2022-07-05 18:54:00,50.5,50.6,192,194
2022-07-05 18:56:00,50.6,50.6,193,195
2022-07-05 18:58:00,50.4,50.5,193,194
2022-07-05 19:00:00,50.3,50.4,192,193
2022-07-05 19:02:00,50.5,50.4,188,190
2022-07-05 19:04:00,50.8,50.8,191,192
2022-07-05 19:06:00,50.8,50.8,190,192
2022-07-05 19:08:00,50.5,50.5,187,190
2022-07-05 19:10:00,50.5,50.5,185,187
2022-07-05 19:12:00,50.4,50.4,188,190
2022-07-05 19:14:00,50.2,50.2,185,187
2022-07-05 19:16:00,50.5,50.6,187,189
2022-07-05 19:18:00,50.5,50.4,190,191
2022-07-05 19:20:00,50.7,50.6,187,190
2022-07-05 19:22:00,50.6,50.5,193,194
2022-07-05 19:24:00,50.7,50.6,192,194
2022-07-05 19:26:00,50.5,50.5,197,198
2022-07-05 19:28:00,50.3,50.3,190,192
2022-07-05 19:30:00,50.5,50.5,194,195
2022-07-05 19:32:00,50.5,50.4,192,196
2022-07-05 19:34:00,50.4,50.5,194,197
2022-07-05 19:36:00,7874,6536,0,0
2022-07-05 19:38:00,9804,5618,0,0
2022-07-05 19:40:00,50.6,50.6,238,239
2022-07-05 19:42:00,50.7,50.6,235,236
2022-07-05 19:44:00,50.5,50.6,234,236
2022-07-05 19:46:00,50.6,50.6,233,235
2022-07-05 19:48:00,50.6,50.6,234,236
2022-07-05 19:50:00,50.8,50.8,237,238
2022-07-05 19:52:00,50.7,50.8,236,238
2022-07-05 19:54:00,50.8,50.7,233,236
2022-07-05 19:56:00,50.6,50.7,234,236
2022-07-05 19:58:00,50.6,50.6,198,198
2022-07-05 20:00:00,50.7,50.6,193,193
2022-07-05 20:02:00,50.4,50.4,187,190
2022-07-05 20:04:00,50.5,50.5,182,185
2022-07-05 20:06:00,50.6,50.6,180,180
2022-07-05 20:08:00,50.6,50.6,185,185
2022-07-05 20:10:00,50.8,50.7,186,188
2022-07-05 20:12:00,50.6,50.6,187,188
2022-07-05 20:14:00,50.7,50.7,185,186
2022-07-05 20:16:00,50.8,50.8,181,183
2022-07-05 20:18:00,50.5,50.4,174,181
2022-07-05 20:20:00,50.7,50.7,188,194
2022-07-05 20:22:00,50.7,50.8,195,196
2022-07-05 20:24:00,50.6,50.7,192,194
2022-07-05 20:26:00,50.7,50.6,189,190
2022-07-05 20:28:00,50.7,50.6,192,192
2022-07-05 20:30:00,50.6,50.6,189,191
2022-07-05 20:32:00,50.4,50.5,192,194
2022-07-05 20:34:00,50.8,50.9,190,191
2022-07-05 20:36:00,50.6,50.6,188,190
2022-07-05 20:38:00,50.7,50.7,186,188
2022-07-05 20:40:00,50.6,50.6,188,189
2022-07-05 20:42:00,50.7,50.7,190,190
2022-07-05 20:44:00,50.8,50.8,185,187
2022-07-05 20:46:00,50.9,50.8,184,187
2022-07-05 20:48:00,50.8,50.8,190,192
2022-07-05 20:50:00,50.9,50.9,190,192
2022-07-05 20:52:00,51.0,50.9,194,195
2022-07-05 20:54:00,50.6,50.6,190,190
2022-07-05 20:56:00,50.6,50.6,184,186
2022-07-05 20:58:00,50.9,,184,
2022-07-05 21:00:00,50.7,50.8,180,182
2022-07-05 21:02:00,50.0,50.1,182,183
2022-07-05 21:04:00,50.6,50.6,180,182
2022-07-05 21:06:00,50.7,50.7,176,178
2022-07-05 21:08:00,50.5,50.6,185,185
2022-07-05 21:10:00,50.6,50.5,183,185
2022-07-05 21:12:00,50.9,50.9,187,189
2022-07-05 21:14:00,50.7,50.7,187,188
2022-07-05 21:16:00,50.5,50.5,187,189
2022-07-05 21:18:00,51.0,50.9,188,190
2022-07-05 21:20:00,50.7,50.8,187,190
2022-07-05 21:22:00,50.7,50.7,196,197
2022-07-05 21:24:00,51.0,50.9,197,198
2022-07-05 21:26:00,50.7,50.7,198,199
2022-07-05 21:28:00,50.7,50.8,185,190
2022-07-05 21:30:00,51.2,51.1,194,195
2022-07-05 21:32:00,50.7,50.7,194,196
2022-07-05 21:34:00,50.7,50.7,195,196
2022-07-05 21:36:00,51.0,51.0,198,199
2022-07-05 21:38:00,50.6,50.5,195,197
2022-07-05 21:40:00,50.8,50.9,195,195
2022-07-05 21:42:00,50.6,50.7,195,196
2022-07-05 21:44:00,50.9,50.9,196,197
2022-07-05 21:46:00,50.7,50.8,198,199
2022-07-05 21:48:00,51.0,51.0,202,203
2022-07-05 21:50:00,51.2,51.2,200,202
2022-07-05 21:52:00,50.8,50.8,198,199
2022-07-05 21:54:00,50.9,51.0,201,202
2022-07-05 21:56:00,50.9,50.9,204,205
2022-07-05 21:58:00,50.9,50.8,204,206
2022-07-05 22:00:00,50.9,51.0,207,208
2022-07-05 22:02:00,50.8,50.8,205,206
2022-07-05 22:04:00,51.2,51.2,204,205
2022-07-05 22:06:00,51.1,51.1,203,204
2022-07-05 22:08:00,50.8,50.8,206,207
2022-07-05 22:10:00,51.0,50.9,205,207
2022-07-05 22:12:00,51.0,51.0,205,207
2022-07-05 22:14:00,50.7,50.6,204,204
2022-07-05 22:16:00,50.9,51.0,204,204
2022-07-05 22:18:00,51.3,51.3,205,206
2022-07-05 22:20:00,50.9,50.9,207,208
2022-07-05 22:22:00,51.0,51.1,208,209
2022-07-05 22:24:00,51.0,51.0,204,205
2022-07-05 22:26:00,51.0,51.0,204,206
2022-07-05 22:28:00,50.9,50.9,204,207
2022-07-05 22:30:00,51.1,51.1,208,209
2022-07-05 22:32:00,51.0,51.1,209,210
2022-07-05 22:34:00,51.1,51.1,210,211
2022-07-05 22:36:00,51.1,51.1,211,211
2022-07-05 22:38:00,50.9,50.8,210,211
2022-07-05 22:40:00,51.1,51.1,209,210
2022-07-05 22:42:00,51.0,51.1,211,211
2022-07-05 22:44:00,51.0,51.0,210,211
2022-07-05 22:46:00,51.0,50.9,210,212
2022-07-05 22:48:00,51.1,51.1,211,211
2022-07-05 22:50:00,50.9,50.8,211,211
2022-07-05 22:52:00,51.4,51.3,209,210
2022-07-05 22:54:00,51.1,51.1,209,211
2022-07-05 22:56:00,51.0,51.1,209,210
2022-07-05 22:58:00,51.1,51.1,211,212
2022-07-05 23:00:00,51.3,51.2,211,213
2022-07-05 23:02:00,50.6,50.6,214,214
2022-07-05 23:04:00,51.1,51.0,214,215
2022-07-05 23:06:00,51.5,51.5,214,215
2022-07-05 23:08:00,51.2,51.2,211,214
2022-07-05 23:10:00,50.8,50.8,214,214
2022-07-05 23:12:00,51.3,51.3,212,214
2022-07-05 23:14:00,51.1,51.1,213,214
2022-07-05 23:16:00,50.8,50.8,213,214
2022-07-05 23:18:00,51.1,51.0,214,215
2022-07-05 23:20:00,51.3,51.3,214,216
2022-07-05 23:22:00,51.1,51.1,215,216
2022-07-05 23:24:00,51.2,51.2,213,215
2022-07-05 23:26:00,51.0,51.0,213,214
2022-07-05 23:28:00,51.1,51.1,214,215
2022-07-05 23:30:00,50.9,50.9,214,216
2022-07-05 23:32:00,51.0,50.9,211,212
2022-07-05 23:34:00,51.1,51.2,213,214
2022-07-05 23:36:00,51.2,51.2,212,213
2022-07-05 23:38:00,51.1,51.1,213,214
2022-07-05 23:40:00,51.0,50.9,215,216
2022-07-05 23:42:00,51.3,51.3,215,216
2022-07-05 23:44:00,50.7,50.7,214,216
2022-07-05 23:46:00,51.0,51.0,214,215
2022-07-05 23:48:00,51.4,51.3,216,217
2022-07-05 23:50:00,51.1,51.1,215,216
2022-07-05 23:52:00,51.1,51.1,215,216
2022-07-05 23:54:00,51.1,51.2,216,216
2022-07-05 23:56:00,51.0,51.0,215,216
2022-07-05 23:58:00,51.1,51.0,215,216
2022-07-06 00:00:00,51.2,51.3,216,217
2022-07-06 00:02:00,51.3,51.3,211,214
2022-07-06 00:04:00,51.2,51.2,213,214
2022-07-06 00:06:00,51.1,51.2,213,215
2022-07-06 00:08:00,51.2,51.2,216,218
2022-07-06 00:10:00,51.2,51.2,216,218
2022-07-06 00:12:00,51.2,51.4,217,219
2022-07-06 00:14:00,51.1,51.2,219,219
2022-07-06 00:16:00,51.2,51.2,217,218
2022-07-06 00:18:00,51.1,51.0,216,217
2022-07-06 00:20:00,51.1,51.1,219,219
2022-07-06 00:22:00,51.5,51.3,218,218
2022-07-06 00:24:00,51.1,51.2,216,217
2022-07-06 00:26:00,51.1,51.1,216,217
2022-07-06 00:28:00,51.3,51.2,214,215
2022-07-06 00:30:00,51.3,51.3,214,215
2022-07-06 00:32:00,51.0,51.0,213,214
2022-07-06 00:34:00,51.3,51.3,217,218
2022-07-06 00:36:00,51.3,51.4,217,218
2022-07-06 00:38:00,51.1,51.1,216,216
2022-07-06 00:40:00,51.1,51.1,217,218
2022-07-06 00:42:00,51.4,51.1,217,219
2022-07-06 00:44:00,51.2,51.1,216,218
2022-07-06 00:46:00,51.2,51.2,216,218
2022-07-06 00:48:00,51.2,51.2,217,218
2022-07-06 00:50:00,51.0,51.0,215,216
2022-07-06 00:52:00,51.2,51.1,216,218
2022-07-06 00:54:00,51.2,51.1,218,219
2022-07-06 00:56:00,51.1,51.1,218,219
2022-07-06 00:58:00,51.3,51.3,216,216
2022-07-06 01:00:00,50.9,50.9,215,215
2022-07-06 01:02:00,51.1,51.1,216,216
2022-07-06 01:04:00,51.5,51.4,215,216
2022-07-06 01:06:00,51.1,51.0,217,219
2022-07-06 01:08:00,51.2,51.1,219,219
2022-07-06 01:10:00,50.1,50.1,216,218
2022-07-06 01:12:00,50.4,50.4,218,219
2022-07-06 01:14:00,50.1,50.1,219,219
2022-07-06 01:16:00,50.2,50.2,219,220
2022-07-06 01:18:00,50.5,50.5,219,220
2022-07-06 01:20:00,50.0,50.0,218,219
2022-07-06 01:22:00,50.2,50.1,218,219
2022-07-06 01:24:00,50.2,50.2,218,219
2022-07-06 01:26:00,50.1,50.2,218,219
2022-07-06 01:28:00,50.1,50.1,218,219
2022-07-06 01:30:00,50.2,50.2,216,218
2022-07-06 01:32:00,50.1,50.1,216,216
2022-07-06 01:34:00,50.1,50.1,216,217
2022-07-06 01:36:00,50.1,50.1,214,215
2022-07-06 01:38:00,50.2,50.2,211,214
2022-07-06 01:40:00,50.1,50.1,214,215
2022-07-06 01:42:00,50.1,50.1,217,218
2022-07-06 01:44:00,50.2,50.2,216,218
2022-07-06 01:46:00,50.2,50.2,217,219
2022-07-06 01:48:00,50.2,50.2,219,219
2022-07-06 01:50:00,50.2,50.2,217,219
2022-07-06 01:52:00,50.2,50.2,217,218
2022-07-06 01:54:00,50.2,50.2,219,219
2022-07-06 01:56:00,50.3,50.2,218,219
2022-07-06 01:58:00,50.2,50.2,217,219
2022-07-06 02:00:00,50.2,50.2,219,219
2022-07-06 02:02:00,50.1,50.2,219,219
2022-07-06 02:04:00,50.2,50.1,217,219
2022-07-06 02:06:00,49.9,49.9,216,218
2022-07-06 02:08:00,50.3,50.2,219,220
2022-07-06 02:10:00,50.4,50.3,221,221
2022-07-06 02:12:00,50.3,50.3,219,221
2022-07-06 02:14:00,49.9,49.8,219,220
2022-07-06 02:16:00,50.2,50.3,219,220
2022-07-06 02:18:00,50.5,50.5,218,219
2022-07-06 02:20:00,50.3,50.3,217,219
2022-07-06 02:22:00,50.2,50.2,219,220
2022-07-06 02:24:00,50.3,50.3,219,220
2022-07-06 02:26:00,50.1,50.1,219,220
2022-07-06 02:28:00,50.6,50.6,221,222
2022-07-06 02:30:00,50.0,50.1,219,220
2022-07-06 02:32:00,50.1,50.1,218,220
2022-07-06 02:34:00,50.2,50.2,219,219
2022-07-06 02:36:00,50.2,50.2,214,217
2022-07-06 02:38:00,50.2,50.1,216,219
2022-07-06 02:40:00,50.2,50.3,216,217
2022-07-06 02:42:00,50.3,50.3,218,219
2022-07-06 02:44:00,50.1,,217,
2022-07-06 02:46:00,50.2,50.2,216,218
2022-07-06 02:48:00,50.3,50.3,219,219
2022-07-06 02:50:00,50.0,50.1,219,219
2022-07-06 02:52:00,50.3,50.2,216,218
2022-07-06 02:54:00,50.4,50.3,215,216
2022-07-06 02:56:00,50.1,50.1,216,216
2022-07-06 02:58:00,50.2,50.2,215,216
2022-07-06 03:00:00,50.3,50.3,216,219
2022-07-06 03:02:00,50.1,50.2,218,219
2022-07-06 03:04:00,50.3,50.3,219,220
2022-07-06 03:06:00,50.2,50.2,214,217
2022-07-06 03:08:00,50.2,50.2,219,220
2022-07-06 03:10:00,50.3,50.3,219,220
2022-07-06 03:12:00,50.3,50.3,219,221
2022-07-06 03:14:00,50.2,50.2,219,220
2022-07-06 03:16:00,50.3,50.3,221,221
2022-07-06 03:18:00,50.4,50.4,219,221
2022-07-06 03:20:00,49.9,49.9,219,220
2022-07-06 03:22:00,50.3,50.3,217,219
2022-07-06 03:24:00,50.3,50.2,221,221
2022-07-06 03:26:00,50.3,50.3,219,221
2022-07-06 03:28:00,50.3,50.3,221,221
2022-07-06 03:30:00,50.3,50.3,221,221
2022-07-06 03:32:00,50.2,50.1,219,221
2022-07-06 03:34:00,50.2,50.2,219,221
2022-07-06 03:36:00,50.4,50.4,219,219
2022-07-06 03:38:00,50.1,50.1,217,219
2022-07-06 03:40:00,50.2,50.2,217,219
2022-07-06 03:42:00,50.3,50.3,219,219
2022-07-06 03:44:00,50.1,50.1,220,220
2022-07-06 03:46:00,50.4,50.3,218,219
2022-07-06 03:48:00,50.1,50.1,219,220
2022-07-06 03:50:00,50.1,50.1,217,219
2022-07-06 03:52:00,50.3,50.3,219,220
2022-07-06 03:54:00,50.3,50.3,218,219
2022-07-06 03:56:00,50.3,50.3,219,220
2022-07-06 03:58:00,50.2,50.1,219,220
2022-07-06 04:00:00,50.5,50.5,218,219
2022-07-06 04:02:00,50.3,50.3,216,219
2022-07-06 04:04:00,50.3,50.3,220,220
2022-07-06 04:06:00,50.4,50.4,219,220
2022-07-06 04:08:00,50.2,50.2,219,220
2022-07-06 04:10:00,50.2,50.2,220,220
2022-07-06 04:12:00,50.1,50.1,218,219
2022-07-06 04:14:00,50.1,50.1,219,219
2022-07-06 04:16:00,50.3,50.3,220,221
2022-07-06 04:18:00,50.4,50.4,222,222
2022-07-06 04:20:00,49.9,49.9,219,221
2022-07-06 04:22:00,50.2,50.2,221,221
2022-07-06 04:24:00,50.5,50.5,221,221
2022-07-06 04:26:00,50.2,50.2,220,221
2022-07-06 04:28:00,50.3,50.2,219,220
2022-07-06 04:30:00,50.3,50.3,221,221
2022-07-06 04:32:00,50.3,50.2,217,219
2022-07-06 04:34:00,50.2,50.2,219,220
2022-07-06 04:36:00,50.3,50.3,219,219
2022-07-06 04:38:00,50.2,50.2,221,221
2022-07-06 04:40:00,50.3,50.3,217,218
2022-07-06 04:42:00,50.3,50.2,219,219
2022-07-06 04:44:00,50.2,50.2,219,219
2022-07-06 04:46:00,50.2,50.1,217,218
2022-07-06 04:48:00,50.4,50.4,218,219
2022-07-06 04:50:00,50.2,50.1,219,220
2022-07-06 04:52:00,50.2,50.3,219,219
2022-07-06 04:54:00,50.4,50.3,217,218
2022-07-06 04:56:00,50.1,50.1,219,220
2022-07-06 04:58:00,50.2,50.3,220,220
2022-07-06 05:00:00,50.3,50.4,219,219
2022-07-06 05:02:00,50.1,50.1,218,219
2022-07-06 05:04:00,50.1,50.1,219,219
2022-07-06 05:06:00,50.1,50.2,217,218
2022-07-06 05:08:00,50.1,50.1,217,219
2022-07-06 05:10:00,50.1,50.2,219,219
2022-07-06 05:12:00,50.2,50.3,218,219
2022-07-06 05:14:00,50.1,50.1,216,218
2022-07-06 05:16:00,50.2,51.2,219,219
2022-07-06 05:18:00,50.2,50.2,219,219
2022-07-06 05:20:00,50.0,50.0,217,219
2022-07-06 05:22:00,50.3,50.4,217,219
2022-07-06 05:24:00,50.2,50.2,220,220
2022-07-06 05:26:00,50.1,50,217,218
2022-07-06 05:28:00,50.0,50.0,218,219
2022-07-06 05:30:00,50.2,50.3,217,218
2022-07-06 05:32:00,50.0,50.0,217,217
2022-07-06 05:34:00,50.1,50.1,216,217
2022-07-06 05:36:00,50.2,50.2,219,219
2022-07-06 05:38:00,50.4,50.5,219,219
2022-07-06 05:40:00,50.1,50.1,217,218
2022-07-06 05:42:00,50.2,50.2,215,216
2022-07-06 05:44:00,50.1,50.1,216,217
2022-07-06 05:46:00,50.1,50.2,216,217
2022-07-06 05:48:00,49.8,49.8,212,213
2022-07-06 05:50:00,49.9,49.9,214,214
2022-07-06 05:52:00,50.1,50.1,216,217
2022-07-06 05:54:00,50.2,50.2,211,213
2022-07-06 05:56:00,50.2,50.1,213,214
2022-07-06 05:58:00,50.3,50.3,212,212
2022-07-06 06:00:00,50.3,50.3,213,213
2022-07-06 06:02:00,50.0,50.0,214,214
2022-07-06 06:04:00,49.8,49.8,214,214
2022-07-06 06:06:00,50.1,50.1,213,213
2022-07-06 06:08:00,50.0,50.0,210,211
2022-07-06 06:10:00,50.1,50.0,214,214
2022-07-06 06:12:00,50.0,50.1,214,214
2022-07-06 06:14:00,50.0,50.0,212,213
2022-07-06 06:16:00,50.0,50.0,204,210
2022-07-06 06:18:00,50.2,50.2,211,211
2022-07-06 06:20:00,49.9,49.9,212,212
2022-07-06 06:22:00,50.1,50.2,213,213
2022-07-06 06:24:00,50.3,50.3,209,209
2022-07-06 06:26:00,50.1,50.1,206,206
2022-07-06 06:28:00,49.8,49.9,204,205
2022-07-06 06:30:00,50.0,50.0,211,212
2022-07-06 06:32:00,49.9,49.9,215,215
2022-07-06 06:34:00,50.1,50.1,215,216
2022-07-06 06:36:00,50.2,50.0,214,216
2022-07-06 06:38:00,50,50.1,209,209
2022-07-06 06:40:00,50.2,50.3,214,214
2022-07-06 06:42:00,50.1,50.1,211,213
2022-07-06 06:44:00,49.9,49.9,209,209
2022-07-06 06:46:00,50.0,50.0,206,207
2022-07-06 06:48:00,50.4,50.4,204,206
2022-07-06 06:50:00,50.1,50.1,207,209
2022-07-06 06:52:00,50.2,50.2,210,211
2022-07-06 06:54:00,49.9,50.0,211,211
2022-07-06 06:56:00,50.1,50.1,209,210
2022-07-06 06:58:00,50.0,50.0,208,208
2022-07-06 07:00:00,50.3,50.3,209,209
2022-07-06 07:02:00,50.2,50.2,208,209
2022-07-06 07:04:00,50.0,50.1,207,208
2022-07-06 07:06:00,50.1,50.1,211,211
2022-07-06 07:08:00,50.1,50.1,211,211
2022-07-06 07:10:00,50.3,50.3,209,209
2022-07-06 07:12:00,50.2,50.3,205,207
2022-07-06 07:14:00,49.8,49.9,206,207
2022-07-06 07:16:00,50.0,49.9,208,209
2022-07-06 07:18:00,50.1,50.1,209,209
2022-07-06 07:20:00,49.9,49.9,209,209
2022-07-06 07:22:00,50.4,50.4,208,209
2022-07-06 07:24:00,49.8,49.8,207,209
2022-07-06 07:26:00,50.0,50.0,206,207
2022-07-06 07:28:00,50,50,209,209
2022-07-06 07:30:00,49.9,49.9,209,210
2022-07-06 07:32:00,50.2,50.1,209,210
2022-07-06 07:34:00,50.0,49.9,209,209
2022-07-06 07:36:00,50.1,50.1,207,208
2022-07-06 07:38:00,49.9,49.9,202,203
2022-07-06 07:40:00,49.6,49.7,204,204
2022-07-06 07:42:00,50.1,50.0,201,202
2022-07-06 07:44:00,50.0,49.9,198,199
2022-07-06 07:46:00,49.8,49.8,199,199
2022-07-06 07:48:00,50.2,50.2,196,197
2022-07-06 07:50:00,50.6,50.6,196,197
2022-07-06 07:52:00,50.4,50.3,195,195
2022-07-06 07:54:00,50.3,50.2,197,198
2022-07-06 07:56:00,50.7,50.6,194,195
2022-07-06 07:58:00,50.3,50.4,194,197
2022-07-06 08:00:00,50.7,50.6,199,200
2022-07-06 08:02:00,50.1,50.2,199,199
2022-07-06 08:04:00,50.4,50.4,199,202
2022-07-06 08:06:00,50.4,50.5,204,204
2022-07-06 08:08:00,50.6,50.5,201,201
2022-07-06 08:10:00,50.3,50.3,197,199
2022-07-06 08:12:00,50.4,50.3,190,197
2022-07-06 08:14:00,50.3,50.3,194,201
2022-07-06 08:16:00,50.6,50.7,191,199
2022-07-06 08:18:00,50.6,50.6,197,198
2022-07-06 08:20:00,50.3,50.3,198,199
2022-07-06 08:22:00,50.2,50.2,197,199
2022-07-06 08:24:00,50.5,50.5,199,202
2022-07-06 08:26:00,50.3,50.4,202,203
2022-07-06 08:28:00,50.5,50.4,197,198
2022-07-06 08:30:00,50.5,50.6,194,196
2022-07-06 08:32:00,50.4,50.4,188,190
2022-07-06 08:34:00,50.4,50.4,198,199
2022-07-06 08:36:00,50.3,50.4,193,194
2022-07-06 08:38:00,50.3,50.3,190,194
2022-07-06 08:40:00,50.5,50.5,190,193
2022-07-06 08:42:00,50.4,50.5,189,192
2022-07-06 08:44:00,50.3,50.3,189,194
2022-07-06 08:46:00,50.4,50.6,187,192
2022-07-06 08:48:00,50.3,50.3,182,188
2022-07-06 08:50:00,50.1,50.1,184,188
2022-07-06 08:52:00,50.2,50.2,183,187
2022-07-06 08:54:00,50.3,50.3,179,183
2022-07-06 08:56:00,49.8,49.9,183,186
2022-07-06 08:58:00,50.1,50.1,183,187
2022-07-06 09:00:00,50.4,50.4,191,192
2022-07-06 09:02:00,50.3,50.3,187,189
2022-07-06 09:04:00,50.5,50.5,196,198
2022-07-06 09:06:00,50.3,50.4,191,193
2022-07-06 09:08:00,50.7,50.6,194,197
2022-07-06 09:10:00,50.4,50.3,192,194
2022-07-06 09:12:00,50.3,50.2,194,197
2022-07-06 09:14:00,50,50.1,195,197
2022-07-06 09:16:00,50.4,50.3,188,192
2022-07-06 09:18:00,50.4,50.3,190,193
2022-07-06 09:20:00,50.2,50.2,185,189
2022-07-06 09:22:00,50.5,50.5,190,193
2022-07-06 09:24:00,50.4,50.4,190,192
2022-07-06 09:26:00,50.2,50.3,189,192
2022-07-06 09:28:00,50.2,50.2,192,194
2022-07-06 09:30:00,50.3,50.3,190,192
2022-07-06 09:32:00,50.4,50.3,192,196
2022-07-06 09:34:00,50.3,50.3,190,192
2022-07-06 09:36:00,50.4,50.5,189,192
2022-07-06 09:38:00,50.1,50.1,187,190
2022-07-06 09:40:00,50.1,50.1,187,190
2022-07-06 09:42:00,50.4,50.5,190,192
2022-07-06 09:44:00,50.3,50.3,192,195
2022-07-06 09:46:00,50.3,50.4,188,192
2022-07-06 09:48:00,50.3,50.4,190,192
2022-07-06 09:50:00,50.2,50.2,187,189
2022-07-06 09:52:00,49.9,50.0,180,183
2022-07-06 09:54:00,50.5,50.5,188,190
2022-07-06 09:56:00,50.4,50.2,182,182
2022-07-06 09:58:00,50.2,50.1,180,183
2022-07-06 10:00:00,50.4,50.4,179,182
2022-07-06 10:02:00,50.3,50.2,185,187
2022-07-06 10:04:00,50.3,50.3,181,184
2022-07-06 10:06:00,50.5,50.5,189,192
2022-07-06 10:08:00,50.3,50.3,185,186
2022-07-06 10:10:00,50.1,50.1,180,180
2022-07-06 10:12:00,50.2,50.3,179,182
2022-07-06 10:14:00,50.3,50.3,181,182
2022-07-06 10:16:00,50.4,50.5,183,185
2022-07-06 10:18:00,50.3,50.3,178,181
2022-07-06 10:20:00,49.9,50.0,174,178
2022-07-06 10:22:00,50.4,50.5,177,180
2022-07-06 10:24:00,50.6,50.5,172,177
2022-07-06 10:26:00,50.1,50.1,175,178
2022-07-06 10:28:00,50.3,50.3,182,183
2022-07-06 10:30:00,50.1,50.2,179,180
2022-07-06 10:32:00,50.1,50.2,177,179
2022-07-06 10:34:00,50.3,50.3,176,178
2022-07-06 10:36:00,50.5,50.4,181,182
2022-07-06 10:38:00,50.1,50.1,183,185
2022-07-06 10:40:00,50.2,50.3,182,185
2022-07-06 10:42:00,50.2,50.3,185,186
2022-07-06 10:44:00,50.0,50.0,179,181
2022-07-06 10:46:00,50.3,50.3,186,188
2022-07-06 10:48:00,50.6,50.6,185,187
2022-07-06 10:50:00,50,49.9,182,184
2022-07-06 10:52:00,50.4,50.2,186,188
2022-07-06 10:54:00,50.3,50.4,180,182
2022-07-06 10:56:00,50.4,50.4,181,182
2022-07-06 10:58:00,50.4,50.4,183,186
2022-07-06 11:00:00,50.3,50.3,173,175
2022-07-06 11:02:00,50.1,50.1,185,186
2022-07-06 11:04:00,49.8,49.8,175,177
2022-07-06 11:06:00,50.2,50.2,180,182
2022-07-06 11:08:00,49.9,49.9,177,180
2022-07-06 11:10:00,50.4,50.4,181,183
2022-07-06 11:12:00,50.1,50.1,178,180
2022-07-06 11:14:00,50.2,50.2,178,181
2022-07-06 11:16:00,50.2,50.2,175,178
2022-07-06 11:18:00,50.3,50.0,177,175
2022-07-06 11:20:00,50.2,50.2,181,182
2022-07-06 11:22:00,50.2,50.2,180,183
2022-07-06 11:24:00,50.2,50.2,184,187
2022-07-06 11:26:00,50.3,50.3,187,191
2022-07-06 11:28:00,50.1,50.1,182,185
2022-07-06 11:30:00,50.5,50.5,182,185
2022-07-06 11:32:00,50.2,50.2,186,189
2022-07-06 11:34:00,50.4,50.3,182,184
2022-07-06 11:36:00,50.3,50.3,183,186
2022-07-06 11:38:00,50.1,50.1,180,183
2022-07-06 11:40:00,50.2,50.2,178,180
2022-07-06 11:42:00,50.1,50.0,180,182
2022-07-06 11:44:00,50.3,50.3,185,187
2022-07-06 11:46:00,50.2,50.1,183,185
2022-07-06 11:48:00,50.3,50.3,175,180
2022-07-06 11:50:00,50.6,50.6,173,179
2022-07-06 11:52:00,50.2,50.3,173,176
2022-07-06 11:54:00,50.3,50.2,171,176
2022-07-06 11:56:00,50.2,50.2,171,177
2022-07-06 11:58:00,50.0,50.0,178,180
2022-07-06 12:00:00,50.3,50.3,179,180
2022-07-06 12:02:00,50.4,50.4,183,187
2022-07-06 12:04:00,50.3,50.2,176,179
2022-07-06 12:06:00,50.1,50.2,182,185
2022-07-06 12:08:00,50.2,50.2,187,189
2022-07-06 12:10:00,50.2,50.2,187,188
2022-07-06 12:12:00,50.3,50.3,187,190
2022-07-06 12:14:00,50.3,50.2,185,187
2022-07-06 12:16:00,50.2,50.2,180,183
2022-07-06 12:18:00,50.2,50.2,178,182
2022-07-06 12:20:00,50.3,50.3,184,186
2022-07-06 12:22:00,50.4,50.4,187,189
2022-07-06 12:24:00,50.4,50.4,181,183
2022-07-06 12:26:00,50.0,50.0,180,182
2022-07-06 12:28:00,50.2,50.2,185,187
2022-07-06 12:30:00,50.2,50.2,178,181
2022-07-06 12:32:00,50.7,50.6,199,202
2022-07-06 12:34:00,50.7,50.8,188,191
2022-07-06 12:36:00,50.5,50.5,188,190
2022-07-06 12:38:00,50.3,50.3,185,188
2022-07-06 12:40:00,50.3,50.4,178,182
2022-07-06 12:42:00,50.9,50.9,199,202
2022-07-06 12:44:00,49.9,50.0,187,189
2022-07-06 12:46:00,50.2,50.3,187,191
2022-07-06 12:48:00,50.3,50.3,180,183
2022-07-06 12:50:00,50.2,50.3,185,188
2022-07-06 12:52:00,50.3,50.3,180,184
2022-07-06 12:54:00,50.1,50.1,178,181
2022-07-06 12:56:00,50.7,50.7,195,199
2022-07-06 12:58:00,50.3,50.2,186,187
2022-07-06 13:00:00,50.3,50.3,182,185
2022-07-06 13:02:00,50.0,50.0,182,185
2022-07-06 13:04:00,50.3,50.3,185,187
2022-07-06 13:06:00,50.4,50.4,186,188
2022-07-06 13:08:00,50.1,50.2,182,186
2022-07-06 13:10:00,50.2,50.2,186,189
2022-07-06 13:12:00,50.1,50.1,182,185
2022-07-06 13:14:00,50.5,50.5,185,188
2022-07-06 13:16:00,50.3,50.4,184,187
2022-07-06 13:18:00,50.3,50.2,190,192
2022-07-06 13:20:00,50.2,50.3,187,189
2022-07-06 13:22:00,50.0,50.1,183,185
2022-07-06 13:24:00,50.1,50.1,186,187
2022-07-06 13:26:00,50.3,50.3,185,186
2022-07-06 13:28:00,50.4,50.4,184,187
2022-07-06 13:30:00,50.3,50.2,183,187
2022-07-06 13:32:00,50.5,50.5,187,190
2022-07-06 13:34:00,50.3,50.3,186,189
2022-07-06 13:36:00,50.2,50.2,184,187
2022-07-06 13:38:00,50.7,50.7,187,189
2022-07-06 13:40:00,50.2,50.2,183,185
2022-07-06 13:42:00,50.1,50.1,175,178
2022-07-06 13:44:00,50.5,50.4,178,180
2022-07-06 13:46:00,50.0,49.9,181,183
2022-07-06 13:48:00,50.5,50.5,180,182
2022-07-06 13:50:00,50.0,49.9,183,186
2022-07-06 13:52:00,50.5,50.5,181,185
2022-07-06 13:54:00,50.3,50.3,185,186
2022-07-06 13:56:00,50.2,50.3,174,176
2022-07-06 13:58:00,50.2,50.2,172,175
2022-07-06 14:00:00,50.4,50.4,168,168
2022-07-06 14:02:00,50.0,50.1,165,168
2022-07-06 14:04:00,50.4,50.4,168,171
2022-07-06 14:06:00,50.0,49.9,176,177
2022-07-06 14:08:00,50.3,50.2,180,180
2022-07-06 14:10:00,50.6,50.7,175,176
2022-07-06 14:12:00,50.4,50.4,173,175
2022-07-06 14:14:00,50.2,50.2,172,174
2022-07-06 14:16:00,50.4,50.4,174,176
2022-07-06 14:18:00,50.2,50.2,170,173
2022-07-06 14:20:00,50.0,50.0,170,172
2022-07-06 14:22:00,50.0,49.9,165,167
2022-07-06 14:24:00,50.5,50.5,166,168
2022-07-06 14:26:00,50.0,50.0,171,174
2022-07-06 14:28:00,50.0,50.0,179,180
2022-07-06 14:30:00,49.9,49.9,178,179
2022-07-06 14:32:00,50.4,50.4,187,189
2022-07-06 14:34:00,50.1,50.1,187,188
2022-07-06 14:36:00,50.2,50.3,186,187
2022-07-06 14:38:00,50.1,50.1,186,188
2022-07-06 14:40:00,50.1,50.1,181,183
2022-07-06 14:42:00,50.2,50.3,183,184
2022-07-06 14:44:00,50.1,50.1,182,184
2022-07-06 14:46:00,50.5,50.5,182,185
2022-07-06 14:48:00,50.3,50.3,185,186
2022-07-06 14:50:00,50.2,50.1,185,186
2022-07-06 14:52:00,50.3,50.3,185,186
2022-07-06 14:54:00,50.3,50.3,187,190
2022-07-06 14:56:00,50.0,50.1,182,185
2022-07-06 14:58:00,50.1,50.1,185,187
2022-07-06 15:00:00,50.2,50.3,182,185
2022-07-06 15:02:00,50.3,50.4,184,185
2022-07-06 15:04:00,49.9,50.0,185,187
2022-07-06 15:06:00,49.9,49.8,177,179
2022-07-06 15:08:00,50.5,50.5,182,183
2022-07-06 15:10:00,50.4,50.5,187,188
2022-07-06 15:12:00,50.5,50.4,188,190
2022-07-06 15:14:00,50.1,50.1,183,185
2022-07-06 15:16:00,50.1,50.1,188,191
2022-07-06 15:18:00,50.1,50.1,185,187
2022-07-06 15:20:00,50.1,50.2,182,185
2022-07-06 15:22:00,50.3,50.3,185,187
2022-07-06 15:24:00,50.7,50.6,191,192
2022-07-06 15:26:00,50.2,50.3,184,186
2022-07-06 15:28:00,50.1,50.1,182,184
2022-07-06 15:30:00,50.0,49.9,185,187
2022-07-06 15:32:00,50.1,50.2,181,183
2022-07-06 15:34:00,50.1,50.1,182,185
2022-07-06 15:36:00,50.2,50.2,178,179
2022-07-06 15:38:00,50.1,50.1,181,183
2022-07-06 15:40:00,50.1,50.1,182,186
2022-07-06 15:42:00,50.2,50.2,182,184
2022-07-06 15:44:00,50.1,50.2,180,182
2022-07-06 15:46:00,50.5,50.5,178,180
2022-07-06 15:48:00,50.2,50.2,175,178
2022-07-06 15:50:00,50.2,50.2,178,180
2022-07-06 15:52:00,49.9,49.9,175,180
2022-07-06 15:54:00,50.4,50.4,175,180
2022-07-06 15:56:00,50.0,50.1,176,180
2022-07-06 15:58:00,50.3,50.2,177,181
2022-07-06 16:00:00,50.1,50.1,179,182
2022-07-06 16:02:00,50.3,50.1,180,183
2022-07-06 16:04:00,50.1,50.1,183,187
2022-07-06 16:06:00,50.0,50.1,182,187
2022-07-06 16:08:00,50.1,50.1,179,183
2022-07-06 16:10:00,50.2,50.2,180,185
2022-07-06 16:12:00,50.3,50.2,187,188
2022-07-06 16:14:00,50.4,50.4,185,186
2022-07-06 16:16:00,49.9,49.9,186,187
2022-07-06 16:18:00,50.2,50.2,180,182
2022-07-06 16:20:00,50.2,50.1,180,182
2022-07-06 16:22:00,50.4,50.4,183,185
2022-07-06 16:24:00,50.0,50.1,185,185
2022-07-06 16:26:00,50.3,50.3,185,188
2022-07-06 16:28:00,50.1,50.1,173,179
2022-07-06 16:30:00,50.1,50.1,178,182
2022-07-06 16:32:00,50.1,50.1,178,183
2022-07-06 16:34:00,49.9,49.8,176,182
2022-07-06 16:36:00,50.1,50.1,185,189
2022-07-06 16:38:00,50.4,50.4,184,189
2022-07-06 16:40:00,50.1,50.0,182,187
2022-07-06 16:42:00,50.3,50.3,182,187
2022-07-06 16:44:00,50.4,50.3,184,187
2022-07-06 16:46:00,50.1,50.0,188,191
2022-07-06 16:48:00,50.4,50.4,190,192
2022-07-06 16:50:00,50.1,50.3,190,192
2022-07-06 16:52:00,50.4,50.3,190,192
2022-07-06 16:54:00,50.2,50.2,189,190
2022-07-06 16:56:00,50.2,50.2,191,192
2022-07-06 16:58:00,50.2,50.2,188,190
2022-07-06 17:00:00,50.1,50.1,188,190
2022-07-06 17:02:00,50.2,50.3,190,191
2022-07-06 17:04:00,50.3,50.3,190,192
2022-07-06 17:06:00,50.1,50.1,187,189
2022-07-06 17:08:00,50.3,50.3,187,189
2022-07-06 17:10:00,50.1,50.1,188,190
2022-07-06 17:12:00,50.3,50.4,185,186
2022-07-06 17:14:00,50.3,50.3,186,188
2022-07-06 17:16:00,50.3,50.3,187,188
2022-07-06 17:18:00,50.2,50.3,187,188
2022-07-06 17:20:00,50.5,50.5,187,189
2022-07-06 17:22:00,50.3,50.3,191,192
2022-07-06 17:24:00,50.3,50.3,187,187
2022-07-06 17:26:00,50.0,50.0,189,190
2022-07-06 17:28:00,50.2,50.2,189,189
2022-07-06 17:30:00,50.5,50.4,190,191
2022-07-06 17:32:00,50.5,50.5,190,192
2022-07-06 17:34:00,50.3,50.4,190,191
2022-07-06 17:36:00,50.4,50.4,194,194
2022-07-06 17:38:00,50.4,50.3,192,194
2022-07-06 17:40:00,50.3,50.4,188,190
2022-07-06 17:42:00,50.2,50.2,190,191
2022-07-06 17:44:00,50.2,50.2,192,192
2022-07-06 17:46:00,50.2,50.2,190,190
2022-07-06 17:48:00,50.4,50.5,190,190
2022-07-06 17:50:00,50.4,50.4,192,192
2022-07-06 17:52:00,50.2,50.3,192,192
2022-07-06 17:54:00,50.3,50.3,191,192
2022-07-06 17:56:00,50.2,50.2,189,190
2022-07-06 17:58:00,50.2,50.2,192,192
2022-07-06 18:00:00,,50.0,,194
2022-07-06 18:02:00,50.0,50.0,194,193
2022-07-06 18:04:00,50.2,50.1,193,194
2022-07-06 18:06:00,49.9,49.9,192,193
2022-07-06 18:08:00,50.2,50.2,189,191
2022-07-06 18:10:00,50.1,50.2,194,194
2022-07-06 18:12:00,50.2,50.3,192,195
2022-07-06 18:14:00,50.0,50.1,194,196
2022-07-06 18:16:00,49.9,49.9,191,191
2022-07-06 18:18:00,49.9,49.9,189,190
2022-07-06 18:20:00,49.7,49.7,188,189
2022-07-06 18:22:00,49.9,49.8,185,187
2022-07-06 18:24:00,50.5,50.4,188,189
2022-07-06 18:26:00,49.9,49.9,182,183
2022-07-06 18:28:00,49.9,49.9,181,183
2022-07-06 18:30:00,49.7,49.6,187,187
2022-07-06 18:32:00,50.1,50.1,185,186
2022-07-06 18:34:00,50.1,50.0,187,189
2022-07-06 18:36:00,50.0,50.0,188,190
2022-07-06 18:38:00,49.9,49.9,189,190
2022-07-06 18:40:00,50.3,50.4,182,184
2022-07-06 18:42:00,50.5,50.5,182,184
2022-07-06 18:44:00,50.4,50.4,187,189
2022-07-06 18:46:00,50.3,50.4,185,186
2022-07-06 18:48:00,50.4,50.4,185,186
2022-07-06 18:50:00,50.3,50.3,185,187
2022-07-06 18:52:00,50.3,50.4,189,190
2022-07-06 18:54:00,50.5,50.5,180,182
2022-07-06 18:56:00,50.4,50.3,179,182
2022-07-06 18:58:00,50.2,50.2,190,191
2022-07-06 19:00:00,50.5,50.4,189,189
2022-07-06 19:02:00,50.9,50.8,189,191
2022-07-06 19:04:00,50.3,50.3,191,192
2022-07-06 19:06:00,50.5,50.5,180,182
2022-07-06 19:08:00,50.7,50.6,179,181
2022-07-06 19:10:00,6494,2188,0,0
2022-07-06 19:12:00,50.6,50.7,204,202
2022-07-06 19:14:00,50.7,50.8,197,196
2022-07-06 19:16:00,50.6,50.5,192,193
2022-07-06 19:18:00,50.6,50.6,190,191
2022-07-06 19:20:00,50.6,50.6,190,192
2022-07-06 19:22:00,50.8,50.9,192,193
2022-07-06 19:24:00,50.4,50.4,190,191
2022-07-06 19:26:00,50.6,50.6,188,190
2022-07-06 19:28:00,50.7,50.6,187,187
2022-07-06 19:30:00,50.7,50.8,185,185
2022-07-06 19:32:00,50.8,50.8,183,184
2022-07-06 19:34:00,50.6,50.6,184,185
2022-07-06 19:36:00,50.4,50.5,183,184
2022-07-06 19:38:00,50.8,50.8,181,182
2022-07-06 19:40:00,50.5,50.5,180,181
2022-07-06 19:42:00,50.4,50.4,184,185
2022-07-06 19:44:00,50.4,50.4,183,184
2022-07-06 19:46:00,50.3,50.3,185,186
2022-07-06 19:48:00,50.4,50.4,185,186
2022-07-06 19:50:00,50.6,50.5,184,185
2022-07-06 19:52:00,50.5,50.5,182,184
2022-07-06 19:54:00,50.4,50.4,182,183
2022-07-06 19:56:00,50.6,50.6,188,189
2022-07-06 19:58:00,50.8,50.8,187,190
2022-07-06 20:00:00,50.5,50.6,181,182
2022-07-06 20:02:00,50.3,50.3,185,185
2022-07-06 20:04:00,50.8,50.8,188,189
2022-07-06 20:06:00,50.4,50.4,187,189
2022-07-06 20:08:00,50.4,50.5,191,191
2022-07-06 20:10:00,50.7,50.6,189,190
2022-07-06 20:12:00,50.7,50.6,189,190
2022-07-06 20:14:00,50.4,50.3,186,187
2022-07-06 20:16:00,50.3,50.3,187,188
2022-07-06 20:18:00,50.6,50.6,199,199
2022-07-06 20:20:00,50.7,50.8,198,199
2022-07-06 20:22:00,50.6,50.6,199,200
2022-07-06 20:24:00,50.4,50.4,197,197
2022-07-06 20:26:00,50.6,50.6,192,195
2022-07-06 20:28:00,50.8,50.8,190,193
2022-07-06 20:30:00,50.6,50.6,190,193
2022-07-06 20:32:00,50.3,50.4,190,194
2022-07-06 20:34:00,50.5,50.4,196,198
2022-07-06 20:36:00,50.7,50.6,197,198
2022-07-06 20:38:00,50.5,50.5,196,197
2022-07-06 20:40:00,50.6,50.6,194,196
2022-07-06 20:42:00,50.4,50.4,194,196
2022-07-06 20:44:00,50.3,50.3,195,196
2022-07-06 20:46:00,50.7,50.6,197,197
2022-07-06 20:48:00,50.5,50.5,194,196
2022-07-06 20:50:00,50.5,50.5,195,197
2022-07-06 20:52:00,50.4,50.4,194,194
2022-07-06 20:54:00,50.5,50.4,194,195
2022-07-06 20:56:00,50.5,50.6,193,194
2022-07-06 20:58:00,50.6,50.7,194,195
2022-07-06 21:00:00,50.7,50.6,194,196
2022-07-06 21:02:00,50.8,50.9,195,197
2022-07-06 21:04:00,50.5,50.5,197,197
2022-07-06 21:06:00,50.3,50.4,194,196
2022-07-06 21:08:00,50.5,50.5,194,195
2022-07-06 21:10:00,50.5,50.5,190,196
2022-07-06 21:12:00,50.6,50.6,190,196
2022-07-06 21:14:00,50.5,50.4,196,197
2022-07-06 21:16:00,50.5,50.6,197,198
2022-07-06 21:18:00,50.9,50.9,199,199
2022-07-06 21:20:00,50.6,50.5,198,199
2022-07-06 21:22:00,50.7,50.7,199,200
2022-07-06 21:24:00,50.6,50.6,199,200
2022-07-06 21:26:00,50.6,50.7,196,197
2022-07-06 21:28:00,50.7,50.7,197,199
2022-07-06 21:30:00,50.6,50.6,200,201
2022-07-06 21:32:00,50.4,50.5,201,201
2022-07-06 21:34:00,50.5,50.6,197,200
2022-07-06 21:36:00,50.7,50.7,202,202
2022-07-06 21:38:00,50.6,50.6,199,199
2022-07-06 21:40:00,50.5,50.5,199,201
2022-07-06 21:42:00,50.8,50.8,201,202
2022-07-06 21:44:00,50.6,50.7,202,202
2022-07-06 21:46:00,51.1,51.1,202,204
2022-07-06 21:48:00,50.7,50.8,201,202
2022-07-06 21:50:00,50.8,50.8,204,204
2022-07-06 21:52:00,50.7,50.7,204,204
2022-07-06 21:54:00,50.7,50.7,207,208
2022-07-06 21:56:00,50.7,50.7,209,209
2022-07-06 21:58:00,49.8,49.7,207,207
2022-07-06 22:00:00,49.8,49.8,207,208
2022-07-06 22:02:00,49.7,49.7,207,209
2022-07-06 22:04:00,49.8,49.9,209,209
2022-07-06 22:06:00,50.2,50.2,207,209
2022-07-06 22:08:00,50,49.9,208,209
2022-07-06 22:10:00,50.1,50.1,209,210
2022-07-06 22:12:00,50.0,49.9,210,211
2022-07-06 22:14:00,50.1,50.2,209,209
2022-07-06 22:16:00,50.1,50.1,211,211
2022-07-06 22:18:00,50.1,50.1,210,210
2022-07-06 22:20:00,49.5,49.5,207,207
2022-07-06 22:22:00,49.9,50.0,210,211
2022-07-06 22:24:00,50.0,49.9,212,212
2022-07-06 22:26:00,50.1,50.1,210,211
2022-07-06 22:28:00,50.0,50.0,210,211
2022-07-06 22:30:00,50.4,50.4,211,211
2022-07-06 22:32:00,50.1,50.0,211,211
2022-07-06 22:34:00,49.7,49.6,207,208
2022-07-06 22:36:00,50.1,50.1,210,210
2022-07-06 22:38:00,50.1,50.2,212,212
2022-07-06 22:40:00,50.1,50.1,211,211
2022-07-06 22:42:00,50.1,50.1,211,212
2022-07-06 22:44:00,49.7,49.8,214,214
2022-07-06 22:46:00,50.3,50.3,212,213
2022-07-06 22:48:00,50.1,50.1,212,213
2022-07-06 22:50:00,49.9,49.9,213,213
2022-07-06 22:52:00,50.2,50.1,215,215
2022-07-06 22:54:00,49.9,49.9,212,213
2022-07-06 22:56:00,50.2,50.3,215,215
2022-07-06 22:58:00,50.2,50.3,216,216
2022-07-06 23:00:00,50.2,50.1,215,216
2022-07-06 23:02:00,50.3,50.3,215,216
2022-07-06 23:04:00,,50.2,,217
2022-07-06 23:06:00,50.2,50.1,215,216
2022-07-06 23:08:00,50.2,50.1,214,216
2022-07-06 23:10:00,50.2,50.1,216,216
2022-07-06 23:12:00,50.1,50.1,217,217
2022-07-06 23:14:00,50.2,50.2,216,217
2022-07-06 23:16:00,50.1,50.1,217,217
2022-07-06 23:18:00,50.2,50.3,218,217
2022-07-06 23:20:00,50.1,50.2,216,216
2022-07-06 23:22:00,50.2,50.2,216,216
2022-07-06 23:24:00,50.1,50.1,216,216
2022-07-06 23:26:00,50.1,50.1,215,216
2022-07-06 23:28:00,50.3,50.3,214,215
2022-07-06 23:30:00,50.3,50.3,216,216
2022-07-06 23:32:00,50.0,50.0,216,216
2022-07-06 23:34:00,50.2,50.3,216,216
2022-07-06 23:36:00,50.2,50.2,217,217
2022-07-06 23:38:00,50.1,50.1,216,217
2022-07-06 23:40:00,50.2,50.2,215,215
2022-07-06 23:42:00,50.2,50.2,215,216
2022-07-06 23:44:00,50.3,50.3,218,218
2022-07-06 23:46:00,50.3,50.3,216,217
2022-07-06 23:48:00,50.3,50.2,216,216
2022-07-06 23:50:00,50.0,50.0,219,218
2022-07-06 23:52:00,50.4,50.3,218,218
2022-07-06 23:54:00,50.2,50.3,216,217
2022-07-06 23:56:00,50.0,50.0,219,219
2022-07-06 23:58:00,50.1,50.1,219,219
2022-07-07 00:00:00,50.3,50.3,218,219
2022-07-07 00:02:00,50.4,50.3,219,220
2022-07-07 00:04:00,50.4,50.4,220,220
2022-07-07 00:06:00,50.2,50.2,218,219
2022-07-07 00:08:00,50.2,50.1,219,219
2022-07-07 00:10:00,50.3,50.3,220,220
2022-07-07 00:12:00,50.5,50.5,221,221
2022-07-07 00:14:00,49.9,49.9,217,217
2022-07-07 00:16:00,50.2,50.2,220,220
2022-07-07 00:18:00,50.2,50.2,219,219
2022-07-07 00:20:00,50,50.1,219,219
2022-07-07 00:22:00,50.3,50.3,219,219
2022-07-07 00:24:00,50.3,50.3,221,221
2022-07-07 00:26:00,50.2,50.2,219,219
2022-07-07 00:28:00,50.4,50.4,217,218
2022-07-07 00:30:00,50.3,50.4,220,219
2022-07-07 00:32:00,50.3,50.3,220,220
2022-07-07 00:34:00,50.4,50.4,218,219
2022-07-07 00:36:00,50.3,50.3,220,220
2022-07-07 00:38:00,50.2,50.2,220,220
2022-07-07 00:40:00,50.3,50.4,218,219
2022-07-07 00:42:00,50.4,50.3,218,219
2022-07-07 00:44:00,50.2,50.2,221,220
2022-07-07 00:46:00,50.4,50.3,219,220
2022-07-07 00:48:00,50.4,50.3,220,221
2022-07-07 00:50:00,50.2,50.1,221,221
2022-07-07 00:52:00,50.1,50.1,221,221
2022-07-07 00:54:00,50.3,50.3,219,221
2022-07-07 00:56:00,50.3,50.3,221,221
2022-07-07 00:58:00,50.3,50.3,221,221
2022-07-07 01:00:00,50.2,50.2,219,220
2022-07-07 01:02:00,50.1,50.1,220,221
2022-07-07 01:04:00,50.4,50.4,221,221
2022-07-07 01:06:00,50.4,50.4,220,221
2022-07-07 01:08:00,50.0,50.1,220,221
2022-07-07 01:10:00,50.5,50.5,221,221
2022-07-07 01:12:00,50.3,50.3,221,222
2022-07-07 01:14:00,50.2,50.2,219,219
2022-07-07 01:16:00,50.2,50.3,220,220
2022-07-07 01:18:00,50.6,50.6,221,222
2022-07-07 01:20:00,50.1,50.2,219,220
2022-07-07 01:22:00,50.4,50.5,220,221
2022-07-07 01:24:00,50.7,50.5,221,221
2022-07-07 01:26:00,50.1,50.1,219,219
2022-07-07 01:28:00,50.3,50.3,219,219
2022-07-07 01:30:00,50.2,50.1,221,221
2022-07-07 01:32:00,50,50.0,221,221
2022-07-07 01:34:00,50.3,50.4,220,221
2022-07-07 01:36:00,50.3,50.3,221,221
2022-07-07 01:38:00,50.3,50.3,221,221
2022-07-07 01:40:00,50.2,50.3,219,220
2022-07-07 01:42:00,50.3,50.3,219,220
2022-07-07 01:44:00,50.3,50.3,221,221
2022-07-07 01:46:00,50.1,50.1,220,221
2022-07-07 01:48:00,50.5,50.5,221,222
2022-07-07 01:50:00,50.2,50.2,222,223
2022-07-07 01:52:00,50.1,50.1,223,223
2022-07-07 01:54:00,50.4,50.4,221,223
2022-07-07 01:56:00,50.7,50.7,223,223
2022-07-07 01:58:00,50.5,50.5,223,223
2022-07-07 02:00:00,50.3,50.3,221,222
2022-07-07 02:02:00,50.3,50.2,221,221
2022-07-07 02:04:00,50.3,50.3,223,223
2022-07-07 02:06:00,50.3,50.4,221,222
2022-07-07 02:08:00,50.2,50.2,221,222
2022-07-07 02:10:00,50.3,50.3,223,223
2022-07-07 02:12:00,50.4,50.4,221,221
2022-07-07 02:14:00,50.2,50.2,220,221
2022-07-07 02:16:00,50.4,50.4,222,222
2022-07-07 02:18:00,50.4,50.4,223,223
2022-07-07 02:20:00,50.4,50.4,221,221
2022-07-07 02:22:00,50.4,50.4,221,221
2022-07-07 02:24:00,50.3,50.3,222,221
2022-07-07 02:26:00,50.3,50.2,220,220
2022-07-07 02:28:00,50.3,50.4,220,221
2022-07-07 02:30:00,50.3,50.3,221,221
2022-07-07 02:32:00,50.3,50.2,221,221
2022-07-07 02:34:00,50.3,50.3,220,221
2022-07-07 02:36:00,50.4,50.4,222,221
2022-07-07 02:38:00,50.2,50.1,221,221
2022-07-07 02:40:00,50.5,50.5,221,221
2022-07-07 02:42:00,50.5,50.5,221,221
2022-07-07 02:44:00,50.3,50.3,223,223
2022-07-07 02:46:00,50.3,50.4,221,221
2022-07-07 02:48:00,50.3,50.3,222,222
2022-07-07 02:50:00,50.3,50.2,224,224
2022-07-07 02:52:00,50.5,50.4,225,224
2022-07-07 02:54:00,50.1,50.2,223,223
2022-07-07 02:56:00,50.3,50.3,226,225
2022-07-07 02:58:00,50.4,50.4,226,225
2022-07-07 03:00:00,50.5,50.4,222,223
2022-07-07 03:02:00,50.3,50.4,223,223
2022-07-07 03:04:00,50.6,50.5,225,225
2022-07-07 03:06:00,50.4,50.3,223,223
2022-07-07 03:08:00,50.2,50.3,222,222
2022-07-07 03:10:00,50.2,50.3,221,221
2022-07-07 03:12:00,50.4,50.3,222,222
2022-07-07 03:14:00,50.4,50.4,221,221
2022-07-07 03:16:00,50.3,50.3,223,222
2022-07-07 03:18:00,50.5,50.5,223,223
2022-07-07 03:20:00,50.3,50.4,221,221
2022-07-07 03:22:00,50.2,50.3,221,221
2022-07-07 03:24:00,50.5,50.4,223,223
2022-07-07 03:26:00,50.2,50.2,221,221
2022-07-07 03:28:00,50.4,50.4,221,221
2022-07-07 03:30:00,50.2,50.3,223,223
2022-07-07 03:32:00,50.5,50.4,222,221
2022-07-07 03:34:00,50.5,50.5,222,222
2022-07-07 03:36:00,50.4,50.3,223,223
2022-07-07 03:38:00,50.6,50.6,224,224
2022-07-07 03:40:00,50.3,50.3,222,223
2022-07-07 03:42:00,50.2,50.2,223,223
2022-07-07 03:44:00,50.3,50.2,223,223
2022-07-07 03:46:00,50.4,50.5,222,223
2022-07-07 03:48:00,50.4,50.4,223,223
2022-07-07 03:50:00,50.2,50.3,223,223
2022-07-07 03:52:00,50.3,50.3,223,223
2022-07-07 03:54:00,50.4,50.3,222,223
2022-07-07 03:56:00,50.2,50.1,223,223
2022-07-07 03:58:00,50.3,50.4,224,224
2022-07-07 04:00:00,50.4,50.4,223,223
2022-07-07 04:02:00,50.3,50.2,223,223
2022-07-07 04:04:00,50.5,50.4,223,223
2022-07-07 04:06:00,50.3,50.3,220,221
2022-07-07 04:08:00,50.6,50.6,221,221
2022-07-07 04:10:00,50.1,50.1,222,222
2022-07-07 04:12:00,50.4,50.3,221,221
2022-07-07 04:14:00,50.2,50.2,220,221
2022-07-07 04:16:00,50.3,50.3,222,222
2022-07-07 04:18:00,50.3,50.3,221,221
2022-07-07 04:20:00,50.3,50.3,220,221
2022-07-07 04:22:00,50.4,50.4,222,222
2022-07-07 04:24:00,50.3,50.3,222,221
2022-07-07 04:26:00,50.3,50.3,221,221
2022-07-07 04:28:00,50.3,50.3,221,221
2022-07-07 04:30:00,50.3,50.3,221,221
2022-07-07 04:32:00,50.3,50.3,219,221
2022-07-07 04:34:00,50.6,50.6,221,222
2022-07-07 04:36:00,50.3,50.3,223,223
2022-07-07 04:38:00,50.2,50.2,223,223
2022-07-07 04:40:00,50.5,50.5,220,221
2022-07-07 04:42:00,50.3,50.3,222,222
2022-07-07 04:44:00,50.2,50.1,221,221
2022-07-07 04:46:00,50.4,50.4,219,220
2022-07-07 04:48:00,50.3,50.3,219,220
2022-07-07 04:50:00,50.2,50.3,222,222
2022-07-07 04:52:00,50.2,50.2,220,221
2022-07-07 04:54:00,50.4,50.4,221,221
2022-07-07 04:56:00,50.0,50.0,220,220
2022-07-07 04:58:00,50.2,50.2,221,221
2022-07-07 05:00:00,50.4,50.3,221,221
2022-07-07 05:02:00,50.1,50.1,221,221
2022-07-07 05:04:00,50.4,50.4,221,221
2022-07-07 05:06:00,50.2,50.3,219,220
2022-07-07 05:08:00,50.3,50.3,220,221
2022-07-07 05:10:00,50.3,50.3,220,219
2022-07-07 05:12:00,50.3,50.3,218,219
2022-07-07 05:14:00,50.3,50.2,219,220
2022-07-07 05:16:00,50.2,50.2,221,221
2022-07-07 05:18:00,50.3,50.3,220,220
2022-07-07 05:20:00,50.2,50.1,219,220
2022-07-07 05:22:00,50.1,50.1,221,221
2022-07-07 05:24:00,50.3,50.3,221,221
2022-07-07 05:26:00,50.2,49.9,220,221
2022-07-07 05:28:00,50.2,50.2,219,219
2022-07-07 05:30:00,50.3,50.4,221,221
2022-07-07 05:32:00,50.3,50.4,219,219
2022-07-07 05:34:00,50.3,50.3,221,222
2022-07-07 05:36:00,50.2,50.2,223,223
2022-07-07 05:38:00,50.3,50.3,223,223
2022-07-07 05:40:00,50.1,50.1,221,223
2022-07-07 05:42:00,50.3,50.3,223,223
2022-07-07 05:44:00,50.1,50.0,222,222
2022-07-07 05:46:00,50.3,50.3,221,223
2022-07-07 05:48:00,50.4,50.5,221,221
2022-07-07 05:50:00,50.2,50.1,223,223
2022-07-07 05:52:00,50.3,50.3,221,221
2022-07-07 05:54:00,50.3,50.4,219,221
2022-07-07 05:56:00,50.3,50.3,221,221
2022-07-07 05:58:00,50.3,50.3,221,221
2022-07-07 06:00:00,50.2,50.3,218,219
2022-07-07 06:02:00,50.1,50.2,218,218
2022-07-07 06:04:00,50.2,50.2,215,216
2022-07-07 06:06:00,50.4,50.4,211,213
2022-07-07 06:08:00,50.1,50.1,210,211
2022-07-07 06:10:00,50.2,50.2,211,211
2022-07-07 06:12:00,50.2,50.2,213,214
2022-07-07 06:14:00,50.2,50.3,201,208
2022-07-07 06:16:00,50.4,50.4,211,216
2022-07-07 06:18:00,50.2,50.2,219,219
2022-07-07 06:20:00,50.4,50.4,218,219
2022-07-07 06:22:00,50.1,50.1,218,218
2022-07-07 06:24:00,50.1,50.2,217,217
2022-07-07 06:26:00,50.4,50.4,216,217
2022-07-07 06:28:00,50.2,50.2,215,216
2022-07-07 06:30:00,50.2,50.2,219,219
2022-07-07 06:32:00,50.1,50.1,219,220
2022-07-07 06:34:00,50.3,50.2,216,217
2022-07-07 06:36:00,50.4,50.4,212,216
2022-07-07 06:38:00,50.3,50.3,212,212
2022-07-07 06:40:00,50.4,50.4,209,210
2022-07-07 06:42:00,50.5,50.5,212,213
2022-07-07 06:44:00,50.2,50.3,211,212
2022-07-07 06:46:00,50.2,50.2,212,213
2022-07-07 06:48:00,49.9,50.0,212,213
2022-07-07 06:50:00,50.3,50.3,214,215
2022-07-07 06:52:00,50.4,50.5,212,212
2022-07-07 06:54:00,50.0,50.1,203,205
2022-07-07 06:56:00,50.3,50.3,207,209
2022-07-07 06:58:00,50.3,50.3,210,211
2022-07-07 07:00:00,50.2,50.3,206,207
2022-07-07 07:02:00,50.4,50.4,209,211
2022-07-07 07:04:00,50.5,50.5,211,213
2022-07-07 07:06:00,50.4,50.4,210,211
2022-07-07 07:08:00,50.0,50.0,209,211
2022-07-07 07:10:00,50,50.0,211,211
2022-07-07 07:12:00,50.0,50.2,213,214
2022-07-07 07:14:00,50.3,50.2,208,208
2022-07-07 07:16:00,50.3,50.3,214,215
2022-07-07 07:18:00,50.6,50.5,216,216
2022-07-07 07:20:00,50.1,50.1,215,216
2022-07-07 07:22:00,50.2,50.2,211,213
2022-07-07 07:24:00,50.2,50.2,202,208
2022-07-07 07:26:00,50.1,50.1,209,211
2022-07-07 07:28:00,50.2,50.2,209,211
2022-07-07 07:30:00,51.7,50.5,211,212
2022-07-07 07:32:00,50.2,50.1,210,211
2022-07-07 07:34:00,50.1,50.2,209,211
2022-07-07 07:36:00,50.1,50.1,211,212
2022-07-07 07:38:00,50.0,50.0,210,211
2022-07-07 07:40:00,50.2,50.2,211,212
2022-07-07 07:42:00,50.4,50.5,208,209
2022-07-07 07:44:00,50.1,50.1,209,211
2022-07-07 07:46:00,50.3,50.2,205,207
2022-07-07 07:48:00,50.0,50.0,204,206
2022-07-07 07:50:00,50.5,50.4,205,207
2022-07-07 07:52:00,49.8,49.8,201,202
2022-07-07 07:54:00,50,50.0,201,203
2022-07-07 07:56:00,50.2,50.2,201,203
2022-07-07 07:58:00,50.3,50.3,204,205
2022-07-07 08:00:00,50.0,50.1,204,206
2022-07-07 08:02:00,49.9,49.9,204,205
2022-07-07 08:04:00,50.1,50.1,208,209
2022-07-07 08:06:00,50.1,50.1,205,207
2022-07-07 08:08:00,49.9,49.9,206,207
2022-07-07 08:10:00,50.1,50.1,204,205
2022-07-07 08:12:00,50.2,50.2,207,208
2022-07-07 08:14:00,50.1,50.1,206,207
2022-07-07 08:16:00,50,50.0,203,204
2022-07-07 08:18:00,50.0,50,207,207
2022-07-07 08:20:00,50.2,50.2,205,206
2022-07-07 08:22:00,49.8,49.9,201,202
2022-07-07 08:24:00,49.8,49.8,207,207
2022-07-07 08:26:00,50.1,50.1,204,206
2022-07-07 08:28:00,50.3,50.3,204,204
2022-07-07 08:30:00,50.0,50.0,204,204
2022-07-07 08:32:00,49.9,50.0,205,206
2022-07-07 08:34:00,50.0,50.0,199,201
2022-07-07 08:36:00,50.3,50.4,201,202
2022-07-07 08:38:00,49.7,49.8,197,197
2022-07-07 08:40:00,49.8,49.7,189,190
2022-07-07 08:42:00,50.2,50.2,187,188
2022-07-07 08:44:00,49.8,49.8,188,189
2022-07-07 08:46:00,49.6,49.7,194,197
2022-07-07 08:48:00,50.4,50.5,195,196
2022-07-07 08:50:00,50.2,50.1,199,199
2022-07-07 08:52:00,50.1,50.2,197,197
2022-07-07 08:54:00,50.2,50.2,196,197
2022-07-07 08:56:00,50.4,50.4,195,196
2022-07-07 08:58:00,50.3,50.3,194,194
2022-07-07 09:00:00,50.4,50.4,194,196
2022-07-07 09:02:00,50.1,50.1,197,198
2022-07-07 09:04:00,50.3,50.3,199,199
2022-07-07 09:06:00,50.3,50.4,194,195
2022-07-07 09:08:00,50.2,50.3,191,192
2022-07-07 09:10:00,50.4,50.4,190,190
2022-07-07 09:12:00,50.2,50.3,192,193
2022-07-07 09:14:00,50.3,50.3,192,194
2022-07-07 09:16:00,50.4,50.4,193,194
2022-07-07 09:18:00,50.3,50.3,194,195
2022-07-07 09:20:00,50.2,50.2,192,194
2022-07-07 09:22:00,50.3,50.3,192,194
2022-07-07 09:24:00,50.1,50.0,193,194
2022-07-07 09:26:00,50.4,50.5,190,192
2022-07-07 09:28:00,49.9,50.0,188,190
2022-07-07 09:30:00,50.5,50.5,191,192
2022-07-07 09:32:00,50.3,50.3,189,190
2022-07-07 09:34:00,50.2,50.2,188,190
2022-07-07 09:36:00,50.2,50.2,187,189
2022-07-07 09:38:00,50.1,50.0,180,180
2022-07-07 09:40:00,50.3,50.2,178,180
2022-07-07 09:42:00,50.1,50.1,180,183
2022-07-07 09:44:00,50.2,50.2,185,186
2022-07-07 09:46:00,50.2,50.2,182,182
2022-07-07 09:48:00,50.1,50.1,182,183
2022-07-07 09:50:00,50.2,50.1,180,180
2022-07-07 09:52:00,50.2,50.2,182,184
2022-07-07 09:54:00,50.4,50.3,173,175
2022-07-07 09:56:00,50.4,50.5,180,180
2022-07-07 09:58:00,50.0,50.1,179,180
2022-07-07 10:00:00,50.2,50.2,178,181
2022-07-07 10:02:00,50.1,50.0,175,178
2022-07-07 10:04:00,50.5,50.5,179,180
2022-07-07 10:06:00,50.1,50.1,176,177
2022-07-07 10:08:00,50.3,50.4,177,178
2022-07-07 10:10:00,50.0,50.1,182,183
2022-07-07 10:12:00,50.4,50.3,187,188
2022-07-07 10:14:00,50.0,50.0,181,182
2022-07-07 10:16:00,50.1,50.1,182,185
2022-07-07 10:18:00,50.2,50.3,178,179
2022-07-07 10:20:00,50.2,50.2,179,181
2022-07-07 10:22:00,50.0,49.9,182,185
2022-07-07 10:24:00,50.2,50.2,182,183
2022-07-07 10:26:00,50.5,50.4,183,184
2022-07-07 10:28:00,50.3,50.3,180,182
2022-07-07 10:30:00,50.0,50.1,182,180
2022-07-07 10:32:00,50.4,50.4,187,188
2022-07-07 10:34:00,50.3,50.3,182,184
2022-07-07 10:36:00,50.4,50.4,185,187
2022-07-07 10:38:00,50.3,50.3,185,187
2022-07-07 10:40:00,50.2,50.3,182,185
2022-07-07 10:42:00,50.2,50.2,184,186
2022-07-07 10:44:00,50.0,50.0,188,190
2022-07-07 10:46:00,50.3,50.2,185,186
2022-07-07 10:48:00,50.3,50.2,185,187
2022-07-07 10:50:00,50.1,50.1,181,183
2022-07-07 10:52:00,50.1,50.2,188,190
2022-07-07 10:54:00,50.2,50.3,182,185
2022-07-07 10:56:00,50.1,50.1,185,187
2022-07-07 10:58:00,50.2,50.3,185,187
2022-07-07 11:00:00,50.1,50.1,187,189
2022-07-07 11:02:00,50.2,50.2,185,187
2022-07-07 11:04:00,50.3,50.2,182,183
2022-07-07 11:06:00,50.2,50.2,175,177
2022-07-07 11:08:00,50.4,50.3,175,180
2022-07-07 11:10:00,49.8,49.8,181,182
2022-07-07 11:12:00,50.3,50.3,187,189
2022-07-07 11:14:00,49.6,49.6,177,178
2022-07-07 11:16:00,50.5,50.5,181,182
2022-07-07 11:18:00,50.1,50.0,181,182
2022-07-07 11:20:00,50.0,50.1,179,181
2022-07-07 11:22:00,50,50.0,178,180
2022-07-07 11:24:00,50.3,50.3,177,178
2022-07-07 11:26:00,50.2,50.3,179,181
2022-07-07 11:28:00,50.2,50.2,174,176
2022-07-07 11:30:00,50.2,50.2,173,175
2022-07-07 11:32:00,50.3,50.3,174,175
2022-07-07 11:34:00,50.1,50.0,173,175
2022-07-07 11:36:00,50.5,50.4,176,178
2022-07-07 11:38:00,50.3,50.2,179,181
2022-07-07 11:40:00,50.3,50.3,180,182
2022-07-07 11:42:00,50.3,50.3,185,187
2022-07-07 11:44:00,50.3,50.3,185,186
2022-07-07 11:46:00,50.5,50.4,184,185
2022-07-07 11:48:00,50.3,50.3,185,187
2022-07-07 11:50:00,50.3,50.3,182,185
2022-07-07 11:52:00,50.5,50.5,187,188
2022-07-07 11:54:00,50.2,50.3,184,187
2022-07-07 11:56:00,50.2,50.3,182,185
2022-07-07 11:58:00,50.2,50.2,187,188
2022-07-07 12:00:00,50.1,50.2,192,194
2022-07-07 12:02:00,50.4,50.3,186,189
2022-07-07 12:04:00,50.4,50.4,187,189
2022-07-07 12:06:00,50.2,50.3,186,189
2022-07-07 12:08:00,50.1,50.1,188,190
2022-07-07 12:10:00,50.0,50.0,190,192
2022-07-07 12:12:00,50.2,50.3,184,185
2022-07-07 12:14:00,50.2,50.1,185,185
2022-07-07 12:16:00,50.1,50.1,184,186
2022-07-07 12:18:00,50.7,50.9,199,200
2022-07-07 12:20:00,50.6,50.4,202,202
2022-07-07 12:22:00,50.8,51.0,206,207
2022-07-07 12:24:00,51.0,50.8,205,208
2022-07-07 12:26:00,50.8,50.8,200,202
2022-07-07 12:28:00,50.7,50.7,197,201
2022-07-07 12:30:00,50.8,50.6,197,195
2022-07-07 12:32:00,50.9,50.9,195,199
2022-07-07 12:34:00,50.9,50.8,198,199
2022-07-07 12:36:00,50.8,50.7,204,205
2022-07-07 12:38:00,50.7,50.7,197,199
2022-07-07 12:40:00,50.9,50.9,198,199
2022-07-07 12:42:00,50.7,50.7,197,198
2022-07-07 12:44:00,50.5,50.5,194,197
2022-07-07 12:46:00,50.6,50.5,198,201
2022-07-07 12:48:00,51.1,51.1,197,199
2022-07-07 12:50:00,50.6,50.6,199,202
2022-07-07 12:52:00,51.0,50.9,197,199
2022-07-07 12:54:00,51.0,51.0,194,197
2022-07-07 12:56:00,50.9,50.9,197,198
2022-07-07 12:58:00,50.5,50.5,202,204
2022-07-07 13:00:00,51.0,50.9,201,204
2022-07-07 13:02:00,50.9,50.9,204,206
2022-07-07 13:04:00,51.0,51.0,202,204
2022-07-07 13:06:00,50.9,50.8,199,202
2022-07-07 13:08:00,51.0,51.1,204,205
2022-07-07 13:10:00,50.7,50.7,207,209
2022-07-07 13:12:00,50.8,50.7,202,204
2022-07-07 13:14:00,50.7,50.8,197,200
2022-07-07 13:16:00,50.8,50.8,201,202
2022-07-07 13:18:00,50.7,50.7,202,204
2022-07-07 13:20:00,50.6,50.7,203,205
2022-07-07 13:22:00,50.9,50.7,206,209
2022-07-07 13:24:00,50.8,50.8,200,202
2022-07-07 13:26:00,50.8,50.8,198,199
2022-07-07 13:28:00,50.6,50.7,197,198
2022-07-07 13:30:00,50.9,50.9,197,199
2022-07-07 13:32:00,50.3,50.3,197,202
2022-07-07 13:34:00,50.6,50.6,197,202
2022-07-07 13:36:00,50.8,50.8,197,197
2022-07-07 13:38:00,50.8,50.7,197,198
2022-07-07 13:40:00,50.7,50.8,199,202
2022-07-07 13:42:00,51.0,50.9,206,208
2022-07-07 13:44:00,51.3,51.4,202,204
2022-07-07 13:46:00,50.7,50.6,187,190
2022-07-07 13:48:00,50.7,50.7,185,187
2022-07-07 13:50:00,51.0,50.9,190,191
2022-07-07 13:52:00,50.7,50.8,185,189
2022-07-07 13:54:00,50.3,50.3,186,188
2022-07-07 13:56:00,50.9,50.8,185,187
2022-07-07 13:58:00,50.8,50.8,187,190
2022-07-07 14:00:00,50.7,50.7,181,183
2022-07-07 14:02:00,50.7,50.7,180,181
2022-07-07 14:04:00,50.4,50.4,177,180
2022-07-07 14:06:00,50.6,50.7,176,179
2022-07-07 14:08:00,51.1,51.1,178,179
2022-07-07 14:10:00,50.2,50.1,173,175
2022-07-07 14:12:00,50.2,50.2,172,174
2022-07-07 14:14:00,50.1,50.2,173,175
2022-07-07 14:16:00,50.3,50.3,182,182
2022-07-07 14:18:00,50.2,50.3,180,182
2022-07-07 14:20:00,50.6,50.6,178,181
2022-07-07 14:22:00,50.2,50.2,174,175
2022-07-07 14:24:00,50.3,50.4,178,180
2022-07-07 14:26:00,50.1,50.1,176,178
2022-07-07 14:28:00,50.0,50.0,175,177
2022-07-07 14:30:00,50.3,50.3,180,180
2022-07-07 14:32:00,50.0,50.0,174,176
2022-07-07 14:34:00,50.3,50.3,175,178
2022-07-07 14:36:00,50.4,50.5,182,184
2022-07-07 14:38:00,50.1,50.1,183,184
2022-07-07 14:40:00,50.1,50.2,183,185
2022-07-07 14:42:00,50.3,50.4,184,186
2022-07-07 14:44:00,50.5,50.6,177,178
2022-07-07 14:46:00,50.5,50.5,180,182
2022-07-07 14:48:00,50.1,50.4,182,187
2022-07-07 14:50:00,50.3,50.2,184,185
2022-07-07 14:52:00,50.2,50.1,181,183
2022-07-07 14:54:00,50.4,50.3,180,183
2022-07-07 14:56:00,50.4,50.3,179,180
2022-07-07 14:58:00,50.1,50.0,182,185
2022-07-07 15:00:00,50.2,50.2,180,183
2022-07-07 15:02:00,50.2,50.2,178,180
2022-07-07 15:04:00,50.1,50.1,180,181
2022-07-07 15:06:00,50.3,50.3,175,178
2022-07-07 15:08:00,50.1,50.1,174,178
2022-07-07 15:10:00,50.1,50.2,178,180
2022-07-07 15:12:00,50.1,50.1,185,186
2022-07-07 15:14:00,50.5,50.5,185,187
2022-07-07 15:16:00,50.0,50.0,182,183
2022-07-07 15:18:00,50.3,50.3,180,181
2022-07-07 15:20:00,50.2,50.2,178,180
2022-07-07 15:22:00,50.1,50.1,180,182
2022-07-07 15:24:00,50.0,50.0,187,188
2022-07-07 15:26:00,50.4,50.4,186,189
2022-07-07 15:28:00,50.2,50.2,182,185
2022-07-07 15:30:00,50.2,50.2,186,187
2022-07-07 15:32:00,50.5,50.4,180,181
2022-07-07 15:34:00,50.4,50.4,185,187
2022-07-07 15:36:00,50.2,50.1,182,184
2022-07-07 15:38:00,50.3,50.2,189,190
2022-07-07 15:40:00,50.4,50.4,187,188
2022-07-07 15:42:00,50.1,50.1,184,186
2022-07-07 15:44:00,50.4,50.3,182,182
2022-07-07 15:46:00,50.1,50.1,180,181
2022-07-07 15:48:00,50.2,50.2,183,185
2022-07-07 15:50:00,50.1,50.1,182,182
2022-07-07 15:52:00,50.1,50.1,175,177
2022-07-07 15:54:00,50.3,50.3,178,180
2022-07-07 15:56:00,50.0,50.0,181,182
2022-07-07 15:58:00,50.3,50.4,187,189
2022-07-07 16:00:00,50.4,50.3,185,187
2022-07-07 16:02:00,50.2,50.3,187,188
2022-07-07 16:04:00,50.2,50.2,187,188
2022-07-07 16:06:00,50.2,50.2,189,189
2022-07-07 16:08:00,50.0,50.1,192,193
2022-07-07 16:10:00,50.3,50.3,190,192
2022-07-07 16:12:00,50.4,50.4,194,196
2022-07-07 16:14:00,50.3,50.2,192,194
2022-07-07 16:16:00,50.1,50.2,188,190
2022-07-07 16:18:00,50.5,50.4,194,194
2022-07-07 16:20:00,50.2,50.2,190,190
2022-07-07 16:22:00,50.3,50.3,192,193
2022-07-07 16:24:00,50.2,50.2,185,187
2022-07-07 16:26:00,50.3,50.3,192,192
2022-07-07 16:28:00,50.3,50.3,185,187
2022-07-07 16:30:00,50.1,50.1,186,187
2022-07-07 16:32:00,50.5,50.5,189,187
2022-07-07 16:34:00,50.5,50.5,187,184
2022-07-07 16:36:00,50.4,50.4,188,185
2022-07-07 16:38:00,50.3,50.3,193,191
2022-07-07 16:40:00,50.1,50.1,194,191
2022-07-07 16:42:00,50.5,50.5,187,185
2022-07-07 16:44:00,50.1,50.1,185,183
2022-07-07 16:46:00,50.3,50.3,188,185
2022-07-07 16:48:00,50.5,50.5,186,185
2022-07-07 16:50:00,50.5,50.5,191,189
2022-07-07 16:52:00,50.4,50.3,190,187
2022-07-07 16:54:00,50.3,50.3,191,187
2022-07-07 16:56:00,50.3,50.4,187,185
2022-07-07 16:58:00,50.5,50.5,187,185
2022-07-07 17:00:00,50.4,50.4,187,184
2022-07-07 17:02:00,50.2,50.1,190,189
2022-07-07 17:04:00,50.3,50.4,189,188
2022-07-07 17:06:00,50.5,50.5,192,189
2022-07-07 17:08:00,50.3,50.3,191,189
2022-07-07 17:10:00,50.2,50.1,190,187
2022-07-07 17:12:00,50.1,50.1,190,186
2022-07-07 17:14:00,50.4,50.4,192,188
2022-07-07 17:16:00,50.5,50.5,190,187
2022-07-07 17:18:00,50.2,50.1,190,187
2022-07-07 17:20:00,50.2,50.2,193,190
2022-07-07 17:22:00,50.3,50.4,192,190
2022-07-07 17:24:00,50.3,50.2,190,187
2022-07-07 17:26:00,50.2,50.1,189,185
2022-07-07 17:28:00,50.1,50.1,186,183
2022-07-07 17:30:00,50.0,49.9,189,185
2022-07-07 17:32:00,50.1,50.1,189,185
2022-07-07 17:34:00,50.1,50.1,190,186
2022-07-07 17:36:00,50.1,50.1,184,181
2022-07-07 17:38:00,50.2,50.2,182,179
2022-07-07 17:40:00,50.0,50.0,184,180
2022-07-07 17:42:00,50.2,50.2,185,182
2022-07-07 17:44:00,50.2,50.3,186,183
2022-07-07 17:46:00,50.3,50.4,189,185
2022-07-07 17:48:00,50.0,50.1,188,184
2022-07-07 17:50:00,49.8,49.7,186,183
2022-07-07 17:52:00,49.8,49.7,185,182
2022-07-07 17:54:00,50.0,50.0,188,185
2022-07-07 17:56:00,49.9,49.9,184,181
2022-07-07 17:58:00,49.9,50.0,185,182
2022-07-07 18:00:00,50.0,50.0,186,182
2022-07-07 18:02:00,49.9,49.8,188,184
2022-07-07 18:04:00,50.2,50.2,185,181
2022-07-07 18:06:00,50.1,50.1,187,182
2022-07-07 18:08:00,50,49.9,187,182
2022-07-07 18:10:00,49.8,49.8,188,185
2022-07-07 18:12:00,49.8,49.7,187,184
2022-07-07 18:14:00,50.1,50.1,192,188
2022-07-07 18:16:00,49.8,49.9,189,186
2022-07-07 18:18:00,49.8,49.8,190,186
2022-07-07 18:20:00,49.9,49.9,186,182
2022-07-07 18:22:00,50.0,50.0,186,182
2022-07-07 18:24:00,49.8,49.7,185,182
2022-07-07 18:26:00,49.7,49.7,188,187
2022-07-07 18:28:00,49.9,50,190,188
2022-07-07 18:30:00,50.5,50.5,202,200
2022-07-07 18:32:00,6452,4902,0,0
2022-07-07 18:34:00,50.6,50.6,238,236
2022-07-07 18:36:00,50.6,50.6,238,237
2022-07-07 18:38:00,50.6,50.6,237,236
2022-07-07 18:40:00,50.6,50.5,236,238
2022-07-07 18:42:00,50.7,50.7,236,238
2022-07-07 18:44:00,50.6,50.6,238,239
2022-07-07 18:46:00,50.6,50.6,236,239
2022-07-07 18:48:00,50.5,50.6,236,238
2022-07-07 18:50:00,50.6,50.6,238,239
2022-07-07 18:52:00,50.9,50.9,238,239
2022-07-07 18:54:00,51.0,51.0,238,240
2022-07-07 18:56:00,51.0,51.2,239,240
2022-07-07 18:58:00,51.1,51.1,239,240
2022-07-07 19:00:00,51.2,51.1,238,240
2022-07-07 19:02:00,51.1,51.0,238,240
2022-07-07 19:04:00,51.0,51.0,240,242
2022-07-07 19:06:00,51.2,51.0,238,240
2022-07-07 19:08:00,51.1,51.0,238,240
2022-07-07 19:10:00,51.2,51.1,238,240
2022-07-07 19:12:00,51.0,51.2,239,240
2022-07-07 19:14:00,51.3,51.3,238,240
2022-07-07 19:16:00,51.4,51.4,240,242
2022-07-07 19:18:00,51.4,51.4,240,242
2022-07-07 19:20:00,51.4,51.3,238,240
2022-07-07 19:22:00,51.4,51.3,238,240
2022-07-07 19:24:00,51.5,51.4,238,240
2022-07-07 19:26:00,51.3,51.3,238,240
2022-07-07 19:28:00,51.5,51.5,237,240
2022-07-07 19:30:00,51.4,51.4,238,240
2022-07-07 19:32:00,51.0,51.0,237,239
2022-07-07 19:34:00,50.9,50.9,237,239
2022-07-07 19:36:00,49.7,49.7,197,198
2022-07-07 19:38:00,50.0,49.9,196,197
2022-07-07 19:40:00,50.1,50.1,193,194
2022-07-07 19:42:00,49.9,49.9,194,196
2022-07-07 19:44:00,50.1,50.1,197,197
2022-07-07 19:46:00,50.0,49.9,197,198
2022-07-07 19:48:00,49.9,49.8,190,191
2022-07-07 19:50:00,49.9,49.8,187,189
2022-07-07 19:52:00,50.2,50.2,189,190
2022-07-07 19:54:00,50.0,50.1,190,192
2022-07-07 19:56:00,49.9,49.9,185,187
2022-07-07 19:58:00,50.0,50.1,189,190
2022-07-07 20:00:00,50.1,50.1,187,189
2022-07-07 20:02:00,50.1,50.1,186,189
2022-07-07 20:04:00,49.8,49.8,183,185
2022-07-07 20:06:00,50.1,50.0,185,186
2022-07-07 20:08:00,50.0,50.1,182,185
2022-07-07 20:10:00,49.9,49.8,187,189
2022-07-07 20:12:00,49.9,49.9,185,186
2022-07-07 20:14:00,49.9,49.9,187,189
2022-07-07 20:16:00,49.9,49.9,185,187
2022-07-07 20:18:00,49.6,49.7,187,189
2022-07-07 20:20:00,50.2,50.1,184,186
2022-07-07 20:22:00,49.7,49.7,181,183
2022-07-07 20:24:00,50.2,50.3,185,186
2022-07-07 20:26:00,50.2,50.3,182,184
2022-07-07 20:28:00,50.2,50.2,187,189
2022-07-07 20:30:00,49.9,49.9,183,185
2022-07-07 20:32:00,50.3,50.3,182,184
2022-07-07 20:34:00,50.2,50.1,182,185
2022-07-07 20:36:00,50.3,50.3,184,185
2022-07-07 20:38:00,50.2,50.3,182,184
2022-07-07 20:40:00,50.3,50.3,183,185
2022-07-07 20:42:00,50.4,50.4,180,182
2022-07-07 20:44:00,50.5,50.5,184,185
2022-07-07 20:46:00,50.3,50.1,182,185
2022-07-07 20:48:00,50.2,50.1,186,188
2022-07-07 20:50:00,50.0,50.0,190,192
2022-07-07 20:52:00,50.1,50.2,192,193
2022-07-07 20:54:00,50.1,50.1,185,187
2022-07-07 20:56:00,49.9,49.9,187,189
2022-07-07 20:58:00,50.2,50.1,187,188
2022-07-07 21:00:00,50.1,50.1,182,185
2022-07-07 21:02:00,50.1,50.1,185,187
2022-07-07 21:04:00,49.9,49.8,187,189
2022-07-07 21:06:00,49.6,49.6,188,190
2022-07-07 21:08:00,50.1,50.1,187,189
2022-07-07 21:10:00,50.2,50.1,186,188
2022-07-07 21:12:00,50.0,49.9,193,194
2022-07-07 21:14:00,50.2,50.3,190,192
2022-07-07 21:16:00,49.8,49.7,190,192
2022-07-07 21:18:00,50.1,50.1,192,194
2022-07-07 21:20:00,49.8,49.8,192,194
2022-07-07 21:22:00,50.3,50.3,191,192
2022-07-07 21:24:00,50.1,50.2,195,197
2022-07-07 21:26:00,49.9,49.9,195,196
2022-07-07 21:28:00,50.3,50.1,194,195
2022-07-07 21:30:00,50.1,50.1,194,196
2022-07-07 21:32:00,50.3,50.3,195,197
2022-07-07 21:34:00,50.2,50.2,194,197
2022-07-07 21:36:00,50.2,50.1,194,197
2022-07-07 21:38:00,50.2,50.3,197,199
2022-07-07 21:40:00,50.1,50.2,198,199
2022-07-07 21:42:00,50.3,50.3,197,199
2022-07-07 21:44:00,50.3,50.2,197,198
2022-07-07 21:46:00,50.2,50.2,199,200
2022-07-07 21:48:00,50.3,50.3,197,198
2022-07-07 21:50:00,49.9,50.0,197,199
2022-07-07 21:52:00,50.5,50.5,200,202
2022-07-07 21:54:00,50.1,50.1,197,199
2022-07-07 21:56:00,50.4,50.4,195,197
2022-07-07 21:58:00,50.2,50.2,202,202
2022-07-07 22:00:00,50.3,50.3,202,204
2022-07-07 22:02:00,50.6,50.5,202,204
2022-07-07 22:04:00,50.2,50.2,204,205
2022-07-07 22:06:00,50.3,50.3,203,204
2022-07-07 22:08:00,50.3,50.3,202,204
2022-07-07 22:10:00,50.3,50.3,202,204
2022-07-07 22:12:00,50.3,50.3,198,202
2022-07-07 22:14:00,50.3,50.3,196,201
2022-07-07 22:16:00,50.1,50.1,195,199
2022-07-07 22:18:00,50.5,50.6,204,205
2022-07-07 22:20:00,50.6,50.6,204,205
2022-07-07 22:22:00,50.4,50.4,203,204
2022-07-07 22:24:00,50.1,50.1,205,207
2022-07-07 22:26:00,50.7,50.6,205,207
2022-07-07 22:28:00,50.4,50.4,204,206
2022-07-07 22:30:00,50.2,50.2,205,206
2022-07-07 22:32:00,50.3,50.2,206,207
2022-07-07 22:34:00,50.2,50.2,207,209
2022-07-07 22:36:00,50.6,50.5,207,209
2022-07-07 22:38:00,50.1,50.2,209,209
2022-07-07 22:40:00,50.5,50.4,207,209
2022-07-07 22:42:00,50.4,50.3,209,210
2022-07-07 22:44:00,50.6,50.7,210,211
2022-07-07 22:46:00,50.4,50.4,211,211
2022-07-07 22:48:00,50.4,50.3,209,211
2022-07-07 22:50:00,50.4,50.4,211,211
2022-07-07 22:52:00,50.3,50.3,211,211
2022-07-07 22:54:00,50.5,50.6,209,210
2022-07-07 22:56:00,50.6,50.7,209,211
2022-07-07 22:58:00,50.4,50.4,211,211
2022-07-07 23:00:00,50.3,50.3,209,211
2022-07-07 23:02:00,50.6,50.6,209,211
2022-07-07 23:04:00,50.4,50.4,211,212
2022-07-07 23:06:00,50.6,50.6,211,213
2022-07-07 23:08:00,50.3,50.4,211,212
2022-07-07 23:10:00,50.2,50.3,212,213
2022-07-07 23:12:00,50.5,50.5,211,212
2022-07-07 23:14:00,50.6,50.6,209,211
2022-07-07 23:16:00,50.6,50.6,210,212
2022-07-07 23:18:00,50.4,50.4,213,214
2022-07-07 23:20:00,50.5,50.5,209,211
2022-07-07 23:22:00,50.5,50.5,209,211
2022-07-07 23:24:00,50.6,50.6,211,213
2022-07-07 23:26:00,50.6,50.5,212,214
2022-07-07 23:28:00,50.4,50.5,211,214
2022-07-07 23:30:00,50.6,50.6,213,214
2022-07-07 23:32:00,50.5,50.4,213,214
2022-07-07 23:34:00,50.5,50.6,212,214
2022-07-07 23:36:00,50.4,50.4,211,214
2022-07-07 23:38:00,50.6,50.6,207,211
2022-07-07 23:40:00,50.4,50.5,206,211
2022-07-07 23:42:00,50.4,50.3,204,209
2022-07-07 23:44:00,50.4,50.5,214,214
2022-07-07 23:46:00,50.5,50.5,213,214
2022-07-07 23:48:00,50.5,50.5,213,214
2022-07-07 23:50:00,50.5,50.6,214,215
2022-07-07 23:52:00,50.4,50.5,214,216
2022-07-07 23:54:00,50.5,50.5,212,214
2022-07-07 23:56:00,50.6,50.6,212,214
2022-07-07 23:58:00,50.5,50.4,214,216
2022-07-08 00:00:00,50.3,50.3,213,215
2022-07-08 00:02:00,50.7,50.7,213,215
2022-07-08 00:04:00,50.4,50.5,215,216
2022-07-08 00:06:00,50.5,50.5,213,215
2022-07-08 00:08:00,50.5,50.5,214,215
2022-07-08 00:10:00,50.9,51.0,216,217
2022-07-08 00:12:00,50.5,50.5,215,216
2022-07-08 00:14:00,50.8,50.7,214,216
2022-07-08 00:16:00,50.6,50.6,215,216
2022-07-08 00:18:00,50.8,50.9,215,216
2022-07-08 00:20:00,50.6,50.7,214,216
2022-07-08 00:22:00,50.6,50.6,214,216
2022-07-08 00:24:00,50.4,50.4,216,217
2022-07-08 00:26:00,50.6,50.6,215,217
2022-07-08 00:28:00,50.5,50.5,215,217
2022-07-08 00:30:00,50.6,50.6,216,217
2022-07-08 00:32:00,50.5,50.5,216,217
2022-07-08 00:34:00,50.6,50.6,215,216
2022-07-08 00:36:00,50.4,50.4,216,217
2022-07-08 00:38:00,50.4,50.4,216,217
2022-07-08 00:40:00,50.5,50.5,214,216
2022-07-08 00:42:00,50.5,50.5,214,216
2022-07-08 00:44:00,50.6,50.5,216,217
2022-07-08 00:46:00,50.5,50.5,215,217
2022-07-08 00:48:00,50.6,50.6,214,216
2022-07-08 00:50:00,50.7,50.8,216,217
2022-07-08 00:52:00,50.6,50.6,217,219
2022-07-08 00:54:00,50.6,50.6,215,217
2022-07-08 00:56:00,50.9,50.8,216,216
2022-07-08 00:58:00,50.5,50.5,216,216
2022-07-08 01:00:00,50.6,50.6,214,216
2022-07-08 01:02:00,50.5,50.4,214,216
2022-07-08 01:04:00,50.5,50.5,216,217
2022-07-08 01:06:00,50.5,50.5,214,216
2022-07-08 01:08:00,50.6,50.6,214,216
2022-07-08 01:10:00,50.4,50.5,216,217
2022-07-08 01:12:00,50.3,50.3,216,218
2022-07-08 01:14:00,50.5,50.6,215,217
2022-07-08 01:16:00,50.4,50.4,216,218
2022-07-08 01:18:00,50.5,50.5,217,219
2022-07-08 01:20:00,50.6,50.7,216,219
2022-07-08 01:22:00,50.5,50.6,216,219
2022-07-08 01:24:00,50.7,50.8,220,221
2022-07-08 01:26:00,50.3,50.3,216,218
2022-07-08 01:28:00,50.8,50.8,216,218
2022-07-08 01:30:00,50.6,50.5,218,219
2022-07-08 01:32:00,50.5,50.3,216,219
2022-07-08 01:34:00,50.6,50.6,216,218
2022-07-08 01:36:00,50.3,50.3,216,218
2022-07-08 01:38:00,50.5,50.5,217,219
2022-07-08 01:40:00,50.5,50.5,216,218
2022-07-08 01:42:00,50.7,50.7,218,219
2022-07-08 01:44:00,50.7,50.7,217,219
2022-07-08 01:46:00,50.5,50.5,216,217
2022-07-08 01:48:00,50.8,50.8,217,219
2022-07-08 01:50:00,50.4,50.4,217,218
2022-07-08 01:52:00,50.4,50.4,215,217
2022-07-08 01:54:00,50.5,50.6,215,218
2022-07-08 01:56:00,50.5,50.5,217,218
2022-07-08 01:58:00,50.5,50.5,217,219
2022-07-08 02:00:00,50.5,50.5,216,218
2022-07-08 02:02:00,50.7,50.6,218,219
2022-07-08 02:04:00,50.6,50.7,217,219
2022-07-08 02:06:00,50.6,50.6,217,219
2022-07-08 02:08:00,50.3,50.4,216,219
2022-07-08 02:10:00,50.5,50.4,218,219
2022-07-08 02:12:00,50.6,50.6,216,219
2022-07-08 02:14:00,50.7,50.7,217,219
2022-07-08 02:16:00,50.5,50.5,218,219
2022-07-08 02:18:00,50.5,50.5,218,219
2022-07-08 02:20:00,50.5,50.5,216,218
2022-07-08 02:22:00,50.4,50.5,218,219
2022-07-08 02:24:00,50.6,50.6,218,219
2022-07-08 02:26:00,50.6,50.6,216,218
2022-07-08 02:28:00,50.5,50.5,216,219
2022-07-08 02:30:00,50.6,50.6,219,220
2022-07-08 02:32:00,50.4,50.4,217,219
2022-07-08 02:34:00,50.7,50.7,217,219
2022-07-08 02:36:00,50.6,50.6,218,219
2022-07-08 02:38:00,50.4,50.5,217,219
2022-07-08 02:40:00,50.7,50.6,216,218
2022-07-08 02:42:00,50.7,50.6,219,220
2022-07-08 02:44:00,50.6,50.7,219,219
2022-07-08 02:46:00,50.8,50.8,216,218
2022-07-08 02:48:00,50.4,50.3,216,219
2022-07-08 02:50:00,50.6,50.6,219,220
2022-07-08 02:52:00,50.4,50.5,216,219
2022-07-08 02:54:00,50.7,50.7,216,218
2022-07-08 02:56:00,50.8,50.8,217,219
2022-07-08 02:58:00,50.5,50.5,219,219
2022-07-08 03:00:00,50.7,50.6,217,219
2022-07-08 03:02:00,50.6,50.6,219,220
2022-07-08 03:04:00,50.6,50.7,219,220
2022-07-08 03:06:00,50.5,50.5,217,219
2022-07-08 03:08:00,50.6,50.6,217,219
2022-07-08 03:10:00,50.5,50.5,219,221
2022-07-08 03:12:00,50.6,50.5,217,219
2022-07-08 03:14:00,50.6,50.5,219,220
2022-07-08 03:16:00,50.6,50.6,221,221
2022-07-08 03:18:00,50.4,50.4,219,220
2022-07-08 03:20:00,50.6,50.6,219,221
2022-07-08 03:22:00,50.5,50.5,221,222
2022-07-08 03:24:00,50.5,50.5,221,222
2022-07-08 03:26:00,50.5,50.5,219,221
2022-07-08 03:28:00,50.6,50.7,221,222
2022-07-08 03:30:00,50.4,50.4,220,221
2022-07-08 03:32:00,50.6,50.6,219,221
2022-07-08 03:34:00,50.6,50.6,219,221
2022-07-08 03:36:00,50.5,50.5,220,221
2022-07-08 03:38:00,50.8,51.0,218,220
2022-07-08 03:40:00,50.5,50.5,217,219
2022-07-08 03:42:00,50.6,50.7,219,220
2022-07-08 03:44:00,50.6,50.6,220,221
2022-07-08 03:46:00,50.5,50.4,218,219
2022-07-08 03:48:00,50.6,50.6,219,221
2022-07-08 03:50:00,50.4,50.4,220,221
2022-07-08 03:52:00,50.5,50.6,217,219
2022-07-08 03:54:00,50.4,50.4,219,220
2022-07-08 03:56:00,50.6,50.6,221,221
2022-07-08 03:58:00,50.4,50.3,219,220
2022-07-08 04:00:00,50.5,50.5,219,221
2022-07-08 04:02:00,50.2,50.2,220,221
2022-07-08 04:04:00,50.3,50.3,220,221
2022-07-08 04:06:00,50.6,50.6,219,221
2022-07-08 04:08:00,50.1,50.0,220,221
2022-07-08 04:10:00,50.4,50.4,221,222
2022-07-08 04:12:00,50.4,50.4,219,221
2022-07-08 04:14:00,50.2,50.3,219,220
2022-07-08 04:16:00,50.2,50.3,220,221
2022-07-08 04:18:00,50.3,50.3,218,220
2022-07-08 04:20:00,50.2,50.3,219,221
2022-07-08 04:22:00,50.2,50.2,221,221
2022-07-08 04:24:00,50.4,50.3,219,221
2022-07-08 04:26:00,50.3,50.3,218,220
2022-07-08 04:28:00,50.2,50.2,220,221
2022-07-08 04:30:00,50.4,50.3,221,221
2022-07-08 04:32:00,50.2,50.2,219,221
2022-07-08 04:34:00,50.2,50.3,221,222
2022-07-08 04:36:00,50.2,50.3,220,221
2022-07-08 04:38:00,50.7,50.7,219,221
2022-07-08 04:40:00,50.1,50.1,219,221
2022-07-08 04:42:00,50.4,50.4,221,222
2022-07-08 04:44:00,50.2,50.2,220,222
2022-07-08 04:46:00,50.3,50.2,219,221
2022-07-08 04:48:00,50.4,50.3,221,222
2022-07-08 04:50:00,50.1,50.1,221,221
2022-07-08 04:52:00,50.0,50.0,219,221
2022-07-08 04:54:00,50.2,50.2,221,222
2022-07-08 04:56:00,50.3,50.3,221,222
2022-07-08 04:58:00,50.1,50.2,219,221
2022-07-08 05:00:00,50.4,50.4,219,221
2022-07-08 05:02:00,50.3,50.3,221,222
2022-07-08 05:04:00,50.2,50.1,219,221
2022-07-08 05:06:00,50.2,50.2,220,222
2022-07-08 05:08:00,50.3,50.3,221,221
2022-07-08 05:10:00,50.0,50.1,219,221
2022-07-08 05:12:00,50.4,50.3,219,221
2022-07-08 05:14:00,50.1,50.1,220,221
2022-07-08 05:16:00,50.2,50.2,221,221
2022-07-08 05:18:00,50.1,50.1,219,221
2022-07-08 05:20:00,50.4,50.3,217,219
2022-07-08 05:22:00,50.2,50.3,218,219
2022-07-08 05:24:00,50.2,50.2,217,219
2022-07-08 05:26:00,50.6,50.5,216,219
2022-07-08 05:28:00,49.8,49.8,218,219
2022-07-08 05:30:00,50.1,50.1,217,219
2022-07-08 05:32:00,50.3,50.3,218,220
2022-07-08 05:34:00,50.2,50.3,219,220
2022-07-08 05:36:00,50.1,50.1,219,220
2022-07-08 05:38:00,50.1,50.1,217,219
2022-07-08 05:40:00,50.2,50.1,218,220
2022-07-08 05:42:00,50.3,50.3,221,222
2022-07-08 05:44:00,50.2,50.3,219,221
2022-07-08 05:46:00,50.4,50.4,219,220
2022-07-08 05:48:00,49.9,49.9,219,220
2022-07-08 05:50:00,50.0,50.1,220,221
2022-07-08 05:52:00,50.1,50.1,215,216
2022-07-08 05:54:00,50.2,50.3,219,219
2022-07-08 05:56:00,50.2,50.2,216,217
2022-07-08 05:58:00,50.2,50.2,214,216
2022-07-08 06:00:00,50.3,50.3,213,215
2022-07-08 06:02:00,50,50.1,215,216
2022-07-08 06:04:00,50.3,50.2,213,215
2022-07-08 06:06:00,50.0,50.1,216,218
2022-07-08 06:08:00,50.3,50.2,218,219
2022-07-08 06:10:00,50.5,50.5,216,217
2022-07-08 06:12:00,50.4,50.4,216,217
2022-07-08 06:14:00,50.3,50.3,216,217
2022-07-08 06:16:00,50.3,50.3,216,217
2022-07-08 06:18:00,50.1,50.1,212,214
2022-07-08 06:20:00,50.4,50.4,214,216
2022-07-08 06:22:00,50.1,50.1,217,218
2022-07-08 06:24:00,50.4,50.3,216,218
2022-07-08 06:26:00,50.1,50.1,214,216
2022-07-08 06:28:00,50.1,50.1,216,218
2022-07-08 06:30:00,50.1,50.2,211,213
2022-07-08 06:32:00,50.2,50.3,210,211
2022-07-08 06:34:00,50.2,50.2,211,211
2022-07-08 06:36:00,50.2,50.1,214,215
2022-07-08 06:38:00,50.6,50.5,214,215
2022-07-08 06:40:00,50.1,50.0,212,213
2022-07-08 06:42:00,50.2,50.3,216,218
2022-07-08 06:44:00,50.3,50.3,216,218
2022-07-08 06:46:00,50.1,50.3,219,220
2022-07-08 06:48:00,50.1,50.2,219,216
2022-07-08 06:50:00,50.5,50.3,215,217
2022-07-08 06:52:00,50.2,50.2,210,212
2022-07-08 06:54:00,50.1,49.9,211,211
2022-07-08 06:56:00,50.5,50.5,214,215
2022-07-08 06:58:00,50.5,50.4,213,213
2022-07-08 07:00:00,50.3,50.2,211,213
2022-07-08 07:02:00,50.0,49.8,213,212
2022-07-08 07:04:00,50.1,49.9,211,214
2022-07-08 07:06:00,50.1,50.3,214,218
2022-07-08 07:08:00,50.5,50.5,219,221
2022-07-08 07:10:00,50.0,49.9,215,217
2022-07-08 07:12:00,50.2,50.0,215,214
2022-07-08 07:14:00,50.4,50.5,215,218
2022-07-08 07:16:00,50.2,50.1,212,214
2022-07-08 07:18:00,50.2,50.0,214,217
2022-07-08 07:20:00,50.2,50.4,215,216
2022-07-08 07:22:00,50.2,50.1,214,214
2022-07-08 07:24:00,50.2,50.1,204,207
2022-07-08 07:26:00,50.3,50.3,205,207
2022-07-08 07:28:00,50.1,50.2,212,214
2022-07-08 07:30:00,50.2,50.2,209,210
2022-07-08 07:32:00,50.1,50.0,209,211
2022-07-08 07:34:00,50.1,50.2,212,214
2022-07-08 07:36:00,50.0,50.1,211,212
2022-07-08 07:38:00,50.4,50.3,209,211
2022-07-08 07:40:00,50.3,50.2,205,207
2022-07-08 07:42:00,50.3,50.3,212,214
2022-07-08 07:44:00,50.1,50.1,207,209
2022-07-08 07:46:00,50.1,50.1,207,209
2022-07-08 07:48:00,50.1,50.1,206,207
2022-07-08 07:50:00,50.6,50.5,204,206
2022-07-08 07:52:00,50.3,50.3,203,205
2022-07-08 07:54:00,49.8,49.7,202,203
2022-07-08 07:56:00,50.2,50.3,203,206
2022-07-08 07:58:00,50.1,50.1,201,204
2022-07-08 08:00:00,50.1,50.0,198,199
2022-07-08 08:02:00,50.1,49.9,197,198
2022-07-08 08:04:00,49.9,49.9,194,197
2022-07-08 08:06:00,50.3,50.3,200,200
2022-07-08 08:08:00,50.3,50.3,199,197
2022-07-08 08:10:00,50.1,50.1,190,192
2022-07-08 08:12:00,50.1,50.1,187,191
2022-07-08 08:14:00,50.1,50.0,193,196
2022-07-08 08:16:00,50.0,50.0,190,192
2022-07-08 08:18:00,50.1,50.0,189,191
2022-07-08 08:20:00,50.3,50.3,190,191
2022-07-08 08:22:00,50.0,50.0,190,192
2022-07-08 08:24:00,50.1,50.1,187,189
2022-07-08 08:26:00,49.9,49.9,187,189
2022-07-08 08:28:00,50.0,50.0,185,187
2022-07-08 08:30:00,49.9,49.9,190,191
2022-07-08 08:32:00,49.9,49.9,187,190
2022-07-08 08:34:00,50.2,50.2,190,192
2022-07-08 08:36:00,49.9,49.9,190,192
2022-07-08 08:38:00,50.1,50.2,189,191
2022-07-08 08:40:00,49.9,49.9,184,187
2022-07-08 08:42:00,50.8,50.8,190,192
2022-07-08 08:44:00,50.1,50.2,185,188
2022-07-08 08:46:00,49.9,49.8,181,185
2022-07-08 08:48:00,50.0,50.0,186,188
2022-07-08 08:50:00,50.1,50.1,195,197
2022-07-08 08:52:00,49.8,49.8,187,189
2022-07-08 08:54:00,50.0,50.0,187,189
2022-07-08 08:56:00,50.1,50.1,192,194
2022-07-08 08:58:00,49.9,49.9,190,192
2022-07-08 09:00:00,49.8,49.8,190,192
2022-07-08 09:02:00,49.9,50.0,185,190
2022-07-08 09:04:00,50.1,50.1,185,190
2022-07-08 09:06:00,50.0,50.0,181,186
2022-07-08 09:08:00,50.2,50.1,182,187
2022-07-08 09:10:00,50.1,50.1,187,192
2022-07-08 09:12:00,49.9,49.9,178,184
2022-07-08 09:14:00,50.0,50.0,173,178
2022-07-08 09:16:00,49.7,49.7,180,182
2022-07-08 09:18:00,50.2,50.2,184,186
2022-07-08 09:20:00,49.9,50.0,182,184
2022-07-08 09:22:00,49.8,49.8,187,188
2022-07-08 09:24:00,49.6,49.7,187,188
2022-07-08 09:26:00,50.1,50.2,182,185
2022-07-08 09:28:00,49.8,49.8,183,185
2022-07-08 09:30:00,49.9,49.8,182,184
2022-07-08 09:32:00,50.1,50.1,180,182
2022-07-08 09:34:00,50.0,50.0,182,185
2022-07-08 09:36:00,50.3,50.2,178,178
2022-07-08 09:38:00,49.8,49.8,182,185
2022-07-08 09:40:00,50.0,50.0,177,179
2022-07-08 09:42:00,50.1,50.1,185,186
2022-07-08 09:44:00,49.9,49.9,181,182
2022-07-08 09:46:00,49.8,49.8,182,185
2022-07-08 09:48:00,50.0,50.1,186,187
2022-07-08 09:50:00,49.8,49.7,180,186
2022-07-08 09:52:00,50.1,50.1,182,183
2022-07-08 09:54:00,49.9,49.9,181,182
2022-07-08 09:56:00,50.1,50.1,179,181
2022-07-08 09:58:00,49.9,49.9,183,186
2022-07-08 10:00:00,49.6,49.6,181,183
2022-07-08 10:02:00,50.1,50.1,185,185
2022-07-08 10:04:00,50.0,49.9,183,182
2022-07-08 10:06:00,49.7,49.7,185,187
2022-07-08 10:08:00,49.9,49.9,185,187
2022-07-08 10:10:00,49.6,49.6,185,187
2022-07-08 10:12:00,50.0,50.0,183,186
2022-07-08 10:14:00,50.0,50,180,182
2022-07-08 10:16:00,49.5,49.5,182,185
2022-07-08 10:18:00,50.0,50.0,183,186
2022-07-08 10:20:00,50.2,50.2,182,185
2022-07-08 10:22:00,49.9,49.8,182,184
2022-07-08 10:24:00,49.8,49.8,180,182
2022-07-08 10:26:00,50.2,50.2,182,185
2022-07-08 10:28:00,49.8,49.7,174,178
2022-07-08 10:30:00,50.0,50.0,178,179
2022-07-08 10:32:00,50.0,50.1,173,177
2022-07-08 10:34:00,50.1,50.1,176,179
2022-07-08 10:36:00,50.0,50.0,182,183
2022-07-08 10:38:00,49.7,49.7,172,177
2022-07-08 10:40:00,49.8,49.8,170,175
2022-07-08 10:42:00,49.8,49.9,178,182
2022-07-08 10:44:00,50.0,50.0,181,186
2022-07-08 10:46:00,49.8,49.9,182,187
2022-07-08 10:48:00,50.1,50.1,180,185
2022-07-08 10:50:00,49.9,49.9,182,187
2022-07-08 10:52:00,49.8,49.8,174,179
2022-07-08 10:54:00,50.0,49.9,178,183
2022-07-08 10:56:00,50.0,50.1,182,185
2022-07-08 10:58:00,49.8,49.8,183,185
2022-07-08 11:00:00,50.1,50.1,183,187
2022-07-08 11:02:00,49.9,49.9,185,187
2022-07-08 11:04:00,49.9,49.9,183,187
2022-07-08 11:06:00,49.9,49.9,179,182
2022-07-08 11:08:00,49.9,49.9,178,180
2022-07-08 11:10:00,49.4,49.3,176,178
2022-07-08 11:12:00,50.0,49.9,179,184
2022-07-08 11:14:00,50.0,49.9,179,182
2022-07-08 11:16:00,49.9,49.8,182,185
2022-07-08 11:18:00,50.1,50.1,180,184
2022-07-08 11:20:00,49.6,49.7,182,186
2022-07-08 11:22:00,49.8,49.8,180,183
2022-07-08 11:24:00,49.6,49.6,178,180
2022-07-08 11:26:00,49.7,49.7,174,178
2022-07-08 11:28:00,50.1,50.1,178,181
2022-07-08 11:30:00,49.7,49.7,180,182
2022-07-08 11:32:00,49.9,49.8,176,180
2022-07-08 11:34:00,50.0,50.1,182,185
2022-07-08 11:36:00,49.9,49.9,187,190
2022-07-08 11:38:00,50.0,50,186,189
2022-07-08 11:40:00,49.9,49.9,178,182
2022-07-08 11:42:00,50.1,50.1,180,184
2022-07-08 11:44:00,49.9,49.9,182,185
2022-07-08 11:46:00,50.1,50.2,182,185
2022-07-08 11:48:00,49.6,49.8,182,186
2022-07-08 11:50:00,50.2,50.2,183,185
2022-07-08 11:52:00,50.2,50.1,180,182
2022-07-08 11:54:00,50.0,49.9,180,182
2022-07-08 11:56:00,49.9,50.0,185,187
2022-07-08 11:58:00,49.8,49.8,184,186
2022-07-08 12:00:00,49.9,49.9,180,184
2022-07-08 12:02:00,49.7,49.8,184,186
2022-07-08 12:04:00,49.8,49.9,180,183
2022-07-08 12:06:00,50.1,50.1,180,183
2022-07-08 12:08:00,50.1,50.1,174,178
2022-07-08 12:10:00,49.7,49.7,177,179
2022-07-08 12:12:00,50.1,50.1,182,185
2022-07-08 12:14:00,50.3,50.3,185,187
2022-07-08 12:16:00,50.0,50.0,177,180
2022-07-08 12:18:00,49.9,49.9,178,180
2022-07-08 12:20:00,50.1,50.0,177,180
2022-07-08 12:22:00,49.9,49.9,180,182
2022-07-08 12:24:00,49.9,50.0,182,185
2022-07-08 12:26:00,49.8,49.8,185,187
2022-07-08 12:28:00,49.9,,184,
2022-07-08 12:30:00,50.0,50.0,185,187
2022-07-08 12:32:00,49.8,49.8,185,187
2022-07-08 12:34:00,50.1,50.1,179,183
2022-07-08 12:36:00,50.1,50.1,177,180
2022-07-08 12:38:00,49.9,49.9,178,181
2022-07-08 12:40:00,49.8,49.8,176,180
2022-07-08 12:42:00,49.7,49.7,181,185
2022-07-08 12:44:00,49.6,49.5,182,184
2022-07-08 12:46:00,49.8,49.8,185,187
2022-07-08 12:48:00,49.8,49.9,178,183
2022-07-08 12:50:00,49.9,49.9,181,185
2022-07-08 12:52:00,49.8,49.9,182,185
2022-07-08 12:54:00,49.6,49.6,180,184
2022-07-08 12:56:00,49.9,50.0,181,184
2022-07-08 12:58:00,49.9,50.0,182,184
2022-07-08 13:00:00,50.0,49.9,181,185
2022-07-08 13:02:00,49.8,49.9,181,185
2022-07-08 13:04:00,49.8,49.8,180,183
2022-07-08 13:06:00,49.8,49.8,183,187
2022-07-08 13:08:00,50.2,50.3,182,185
2022-07-08 13:10:00,49.8,49.8,184,187
2022-07-08 13:12:00,49.9,49.9,187,190
2022-07-08 13:14:00,50,49.9,187,191
2022-07-08 13:16:00,50.0,50.0,188,191
2022-07-08 13:18:00,49.7,49.7,185,188
2022-07-08 13:20:00,49.9,49.9,183,187
2022-07-08 13:22:00,49.8,49.8,182,185
2022-07-08 13:24:00,49.7,49.7,178,180
2022-07-08 13:26:00,49.9,49.8,180,184
2022-07-08 13:28:00,50.0,49.9,173,177
2022-07-08 13:30:00,49.9,49.8,175,177
2022-07-08 13:32:00,50.2,50.2,182,185
2022-07-08 13:34:00,49.7,49.7,183,186
2022-07-08 13:36:00,49.7,49.7,182,185
2022-07-08 13:38:00,49.8,49.8,182,185
2022-07-08 13:40:00,49.8,49.8,179,182
2022-07-08 13:42:00,49.8,49.8,178,180
2022-07-08 13:44:00,50.3,50.3,182,187
2022-07-08 13:46:00,50.3,50.3,184,187
2022-07-08 13:48:00,50.1,50.1,180,184
2022-07-08 13:50:00,49.8,49.8,176,178
2022-07-08 13:52:00,50.0,50.0,177,181
2022-07-08 13:54:00,50.0,50.0,175,182
2022-07-08 13:56:00,50.0,50.0,180,182
2022-07-08 13:58:00,50.1,50.1,182,184
2022-07-08 14:00:00,50.1,50.2,177,180
2022-07-08 14:02:00,50.1,50.1,173,176
2022-07-08 14:04:00,49.8,49.8,175,177
2022-07-08 14:06:00,49.6,49.6,173,175
2022-07-08 14:08:00,49.9,49.9,178,180
2022-07-08 14:10:00,49.7,49.6,188,190
2022-07-08 14:12:00,50.1,50.1,184,185
2022-07-08 14:14:00,49.6,49.6,178,181
2022-07-08 14:16:00,49.9,49.6,185,182
2022-07-08 14:18:00,50.0,50.0,190,192
2022-07-08 14:20:00,49.9,49.8,187,190
2022-07-08 14:22:00,49.7,49.7,180,185
2022-07-08 14:24:00,49.9,49.9,187,188
2022-07-08 14:26:00,49.6,49.5,190,192
2022-07-08 14:28:00,49.9,49.9,187,190
2022-07-08 14:30:00,49.7,49.7,190,193
2022-07-08 14:32:00,49.9,49.9,192,194
2022-07-08 14:34:00,50.0,50.1,179,182
2022-07-08 14:36:00,49.9,49.9,183,185
2022-07-08 14:38:00,49.9,49.9,187,189
2022-07-08 14:40:00,49.8,49.9,190,192
2022-07-08 14:42:00,49.9,49.8,182,186
2022-07-08 14:44:00,49.8,49.8,190,190
2022-07-08 14:46:00,50.0,50,180,182
2022-07-08 14:48:00,49.9,49.9,185,187
2022-07-08 14:50:00,50.0,50.0,189,191
2022-07-08 14:52:00,49.8,49.7,194,194
2022-07-08 14:54:00,50.0,50.1,192,193
2022-07-08 14:56:00,49.7,49.6,183,186
2022-07-08 14:58:00,49.7,49.7,184,185
2022-07-08 15:00:00,50.3,50.3,187,189
2022-07-08 15:02:00,49.8,49.9,186,190
2022-07-08 15:04:00,49.6,49.6,185,188
2022-07-08 15:06:00,49.8,49.7,183,185
2022-07-08 15:08:00,50.1,50.1,185,187
2022-07-08 15:10:00,49.9,49.9,183,186
2022-07-08 15:12:00,50.0,50.0,191,192
2022-07-08 15:14:00,49.6,49.6,185,187
2022-07-08 15:16:00,49.9,49.9,185,187
2022-07-08 15:18:00,50.0,50.0,187,187
2022-07-08 15:20:00,49.5,50.1,182,188
2022-07-08 15:22:00,49.7,49.6,189,191
2022-07-08 15:24:00,50.0,50.0,190,192
2022-07-08 15:26:00,49.8,49.9,192,192
2022-07-08 15:28:00,49.8,49.9,192,194
2022-07-08 15:30:00,49.9,49.9,192,194
2022-07-08 15:32:00,49.8,49.8,192,194
2022-07-08 15:34:00,49.9,49.9,194,195
2022-07-08 15:36:00,49.8,49.8,191,192
2022-07-08 15:38:00,49.9,49.8,188,191
2022-07-08 15:40:00,50.0,50.0,191,192
2022-07-08 15:42:00,49.9,49.9,190,190
2022-07-08 15:44:00,49.9,49.9,187,188
2022-07-08 15:46:00,50.0,49.9,193,194
2022-07-08 15:48:00,49.8,49.8,191,192
2022-07-08 15:50:00,50.0,50.0,184,185
2022-07-08 15:52:00,50.0,50.0,187,188
2022-07-08 15:54:00,49.7,49.8,187,187
2022-07-08 15:56:00,50.2,50.2,190,191
2022-07-08 15:58:00,49.9,49.9,191,192
2022-07-08 16:00:00,49.8,49.7,194,194
2022-07-08 16:02:00,49.7,49.7,190,192
2022-07-08 16:04:00,50,50.0,190,191
2022-07-08 16:06:00,49.9,49.9,188,188
2022-07-08 16:08:00,50.3,50.3,192,192
2022-07-08 16:10:00,50.0,50.0,191,192
2022-07-08 16:12:00,50.5,50.5,187,188
2022-07-08 16:14:00,50.2,50.2,183,184
2022-07-08 16:16:00,50.3,50.3,182,182
2022-07-08 16:18:00,50.3,50.3,187,188
2022-07-08 16:20:00,50.4,50.4,191,191
2022-07-08 16:22:00,50.2,50.2,182,183
2022-07-08 16:24:00,50.1,50.1,184,184
2022-07-08 16:26:00,50.2,50.3,192,192
2022-07-08 16:28:00,50.0,50.0,195,194
2022-07-08 16:30:00,50.0,50.0,194,194
2022-07-08 16:32:00,50.6,50.6,197,196
2022-07-08 16:34:00,50.2,50.2,194,194
2022-07-08 16:36:00,50.3,50.4,193,193
2022-07-08 16:38:00,50.1,50.0,194,194
2022-07-08 16:40:00,50.1,50.1,190,189
2022-07-08 16:42:00,50.3,50.2,191,191
2022-07-08 16:44:00,50.1,50.1,190,191
2022-07-08 16:46:00,50.2,50.2,191,191
2022-07-08 16:48:00,50.1,50.1,192,192
2022-07-08 16:50:00,50.3,50.3,192,192
2022-07-08 16:52:00,50.3,50.3,194,194
2022-07-08 16:54:00,50.3,50.3,194,194
2022-07-08 16:56:00,50.5,50.5,195,195
2022-07-08 16:58:00,50.3,50.4,192,192
2022-07-08 17:00:00,,50.2,,192
2022-07-08 17:02:00,50.2,50.2,190,190
2022-07-08 17:04:00,50.0,50.0,189,190
2022-07-08 17:06:00,50.1,50.1,194,194
2022-07-08 17:08:00,50.4,50.3,196,196
2022-07-08 17:10:00,50.5,50.5,194,194
2022-07-08 17:12:00,50.4,50.4,197,197
2022-07-08 17:14:00,50.2,50.2,194,193
2022-07-08 17:16:00,50.3,50.3,191,191
2022-07-08 17:18:00,50.3,50.3,194,193
2022-07-08 17:20:00,50.2,50.2,194,192
2022-07-08 17:22:00,50.3,50.4,190,190
2022-07-08 17:24:00,50.3,50.4,187,188
2022-07-08 17:26:00,50.2,50.3,193,194
2022-07-08 17:28:00,50.3,50.3,192,193
2022-07-08 17:30:00,50.3,50.3,194,194
2022-07-08 17:32:00,50.4,50.4,194,193
2022-07-08 17:34:00,50.2,50.3,195,195
2022-07-08 17:36:00,50.2,50.2,190,190
2022-07-08 17:38:00,50.1,50.1,191,192
2022-07-08 17:40:00,50.3,50.4,192,192
2022-07-08 17:42:00,50.3,50.3,185,186
2022-07-08 17:44:00,50.2,50.2,188,189
2022-07-08 17:46:00,50.3,50.4,189,189
2022-07-08 17:48:00,50.4,50.4,190,191
2022-07-08 17:50:00,50.4,50.3,190,191
2022-07-08 17:52:00,50.5,50.4,196,195
2022-07-08 17:54:00,50.0,50.0,196,196
2022-07-08 17:56:00,50.2,50.2,194,194
2022-07-08 17:58:00,50.0,50.1,192,192
2022-07-08 18:00:00,49.9,49.9,192,192
2022-07-08 18:02:00,50.4,50.4,190,191
2022-07-08 18:04:00,50.1,50.1,190,190
2022-07-08 18:06:00,50.0,50.0,192,192
2022-07-08 18:08:00,50.1,50.1,191,192
2022-07-08 18:10:00,50.2,50.3,187,187
2022-07-08 18:12:00,50,50.0,187,187
2022-07-08 18:14:00,50.0,50.1,188,188
2022-07-08 18:16:00,50.4,50.4,188,189
2022-07-08 18:18:00,50.1,50.1,185,185
2022-07-08 18:20:00,49.9,49.9,188,188
2022-07-08 18:22:00,50.2,49.9,190,187
2022-07-08 18:24:00,50.0,50.0,180,180
2022-07-08 18:26:00,50.3,50.2,182,182
2022-07-08 18:28:00,49.6,49.6,180,180
2022-07-08 18:30:00,49.8,49.8,183,185
2022-07-08 18:32:00,50,50.1,182,184
2022-07-08 18:34:00,50.0,50.0,187,187
2022-07-08 18:36:00,49.7,49.7,178,180
2022-07-08 18:38:00,50.3,50.2,182,183
2022-07-08 18:40:00,49.9,50.0,179,180
2022-07-08 18:42:00,49.9,49.9,182,183
2022-07-08 18:44:00,50.6,50.6,181,182
2022-07-08 18:46:00,50.3,50.3,182,182
2022-07-08 18:48:00,50.7,50.7,186,187
2022-07-08 18:50:00,50.2,50.2,184,185
2022-07-08 18:52:00,51.0,51.0,190,191
2022-07-08 18:54:00,50.2,50.2,186,187
2022-07-08 18:56:00,50.6,50.6,187,188
2022-07-08 18:58:00,50.4,50.4,190,190
2022-07-08 19:00:00,50.3,50.4,189,190
2022-07-08 19:02:00,50.7,50.7,187,189
2022-07-08 19:04:00,50.4,50.5,187,188
2022-07-08 19:06:00,50.5,50.5,189,189
2022-07-08 19:08:00,50.2,50.2,192,193
2022-07-08 19:10:00,50.7,50.7,194,194
2022-07-08 19:12:00,50.7,50.7,192,192
2022-07-08 19:14:00,50.5,50.6,190,190
2022-07-08 19:16:00,50.7,50.7,190,191
2022-07-08 19:18:00,50.5,50.4,191,192
2022-07-08 19:20:00,50.4,50.4,191,192
2022-07-08 19:22:00,50.4,50.4,187,188
2022-07-08 19:24:00,50.2,50.3,190,191
2022-07-08 19:26:00,50.3,50.4,191,192
2022-07-08 19:28:00,50.7,50.7,191,192
2022-07-08 19:30:00,50.6,50.6,190,191
2022-07-08 19:32:00,50.5,50.6,192,193
2022-07-08 19:34:00,50.3,50.4,192,192
2022-07-08 19:36:00,50.8,50.7,191,192
2022-07-08 19:38:00,50.6,50.5,192,193
2022-07-08 19:40:00,50.6,50.6,195,196
2022-07-08 19:42:00,50.3,50.3,197,197
2022-07-08 19:44:00,50.3,50.3,194,194
2022-07-08 19:46:00,50.5,50.4,194,194
2022-07-08 19:48:00,50.3,50.3,192,192
2022-07-08 19:50:00,50.7,50.6,192,194
2022-07-08 19:52:00,50.2,50.3,194,195
2022-07-08 19:54:00,50.4,50.4,194,194
2022-07-08 19:56:00,50.6,50.6,192,194
2022-07-08 19:58:00,50.5,50.4,194,195
2022-07-08 20:00:00,50.4,50.3,195,195
2022-07-08 20:02:00,50.5,50.5,193,194
2022-07-08 20:04:00,50.5,50.4,194,194
2022-07-08 20:06:00,50.1,50.1,193,194
2022-07-08 20:08:00,50.6,50.6,187,190
2022-07-08 20:10:00,50.3,50.3,185,189
2022-07-08 20:12:00,50.2,50.2,185,189
2022-07-08 20:14:00,50.4,50.2,186,189
2022-07-08 20:16:00,50.3,50.3,184,187
2022-07-08 20:18:00,50.5,50.5,191,192
2022-07-08 20:20:00,50.3,50.4,193,193
2022-07-08 20:22:00,50.2,50.2,191,192
2022-07-08 20:24:00,50.3,50.4,190,191
2022-07-08 20:26:00,50.3,50.3,192,192
2022-07-08 20:28:00,50.6,50.6,192,192
2022-07-08 20:30:00,50.2,50.2,190,191
2022-07-08 20:32:00,50.3,50.3,185,187
2022-07-08 20:34:00,50.2,50.3,188,188
2022-07-08 20:36:00,50.4,50.3,187,188
2022-07-08 20:38:00,50.3,50.3,190,192
2022-07-08 20:40:00,50.3,50.3,191,192
2022-07-08 20:42:00,50.4,50.4,190,191
2022-07-08 20:44:00,50.2,50.2,187,190
2022-07-08 20:46:00,50.3,50.2,186,188
2022-07-08 20:48:00,50.4,50.5,192,192
2022-07-08 20:50:00,50.5,50.4,191,191
2022-07-08 20:52:00,50.5,50.5,187,189
2022-07-08 20:54:00,50.5,50.6,194,189
2022-07-08 20:56:00,50.1,50.1,190,192
2022-07-08 20:58:00,50.2,50.2,189,191
2022-07-08 21:00:00,50.3,50.3,187,188
2022-07-08 21:02:00,50.2,50.3,186,187
2022-07-08 21:04:00,50.4,50.5,183,185
2022-07-08 21:06:00,50.2,50.2,185,186
2022-07-08 21:08:00,50.0,50.1,185,187
2022-07-08 21:10:00,50.3,50.2,188,190
2022-07-08 21:12:00,50.3,50.4,189,190
2022-07-08 21:14:00,50.4,50.4,190,192
2022-07-08 21:16:00,50.2,50.2,190,190
2022-07-08 21:18:00,50.3,50.3,187,188
2022-07-08 21:20:00,50.3,50.3,188,190
2022-07-08 21:22:00,50.5,50.5,190,191
2022-07-08 21:24:00,50.6,50.7,187,188
2022-07-08 21:26:00,50.7,50.6,186,188
2022-07-08 21:28:00,50.7,50.8,191,192
2022-07-08 21:30:00,50.7,50.7,190,192
2022-07-08 21:32:00,50.8,50.8,190,191
2022-07-08 21:34:00,50.7,50.7,190,190
2022-07-08 21:36:00,50.7,50.7,185,187
2022-07-08 21:38:00,50.6,50.6,184,186
2022-07-08 21:40:00,50.3,50.4,184,185
2022-07-08 21:42:00,50.3,50.4,187,187
2022-07-08 21:44:00,50.5,50.5,185,187
2022-07-08 21:46:00,50.2,50.3,186,190
2022-07-08 21:48:00,50.4,50.5,193,194
2022-07-08 21:50:00,50.8,50.8,194,195
2022-07-08 21:52:00,50.3,50.3,192,194
2022-07-08 21:54:00,50.5,50.4,194,194
2022-07-08 21:56:00,50.8,50.9,195,194
2022-07-08 21:58:00,50.5,50.5,193,193
2022-07-08 22:00:00,50.6,50.6,193,193
2022-07-08 22:02:00,50.3,50.3,197,198
2022-07-08 22:04:00,50.5,50.5,194,195
2022-07-08 22:06:00,50.5,50.6,197,196
2022-07-08 22:08:00,50.6,50.6,197,198
2022-07-08 22:10:00,50.5,50.5,197,198
2022-07-08 22:12:00,50.5,50.4,195,197
2022-07-08 22:14:00,50.7,50.7,199,199
2022-07-08 22:16:00,50.8,50.7,198,199
2022-07-08 22:18:00,50.8,50.7,195,197
2022-07-08 22:20:00,50.6,50.6,199,200
2022-07-08 22:22:00,50.6,50.6,198,199
2022-07-08 22:24:00,50.7,50.8,200,202
2022-07-08 22:26:00,50.4,50.5,200,202
2022-07-08 22:28:00,50.5,50.5,202,203
2022-07-08 22:30:00,50.8,50.8,202,204
2022-07-08 22:32:00,50.4,50.5,202,204
2022-07-08 22:34:00,50.7,50.8,204,206
2022-07-08 22:36:00,50.7,50.7,204,205
2022-07-08 22:38:00,50.6,50.5,201,202
2022-07-08 22:40:00,50.7,50.7,203,204
2022-07-08 22:42:00,50.6,50.5,203,204
2022-07-08 22:44:00,51.0,51.1,204,205
2022-07-08 22:46:00,50.6,50.7,204,205
2022-07-08 22:48:00,50.5,50.5,204,205
2022-07-08 22:50:00,50.9,50.8,204,205
2022-07-08 22:52:00,50.9,50.9,203,205
2022-07-08 22:54:00,50.4,50.4,209,209
2022-07-08 22:56:00,50.8,50.9,208,210
2022-07-08 22:58:00,50.6,50.6,209,210
2022-07-08 23:00:00,50.3,50.3,209,211
2022-07-08 23:02:00,50.9,50.8,211,212
2022-07-08 23:04:00,50.6,50.7,210,211
2022-07-08 23:06:00,50.7,50.7,211,212
2022-07-08 23:08:00,50.7,50.7,211,211
2022-07-08 23:10:00,50.8,50.9,210,211
2022-07-08 23:12:00,50.8,50.8,210,211
2022-07-08 23:14:00,50.8,50.8,211,211
2022-07-08 23:16:00,50.7,50.8,210,209
2022-07-08 23:18:00,50.4,50.5,209,209
2022-07-08 23:20:00,50.9,50.9,211,212
2022-07-08 23:22:00,50.5,50.5,211,212
2022-07-08 23:24:00,50.6,50.5,210,211
2022-07-08 23:26:00,50.7,50.7,211,213
2022-07-08 23:28:00,50.3,50.3,210,211
2022-07-08 23:30:00,51.0,50.9,211,213
2022-07-08 23:32:00,50.7,50.6,211,213
2022-07-08 23:34:00,50.7,50.7,211,212
2022-07-08 23:36:00,50.8,50.8,210,211
2022-07-08 23:38:00,50.4,50.4,211,213
2022-07-08 23:40:00,51.0,51.0,214,214
2022-07-08 23:42:00,50.8,50.8,211,213
2022-07-08 23:44:00,50.8,50.9,211,212
2022-07-08 23:46:00,50.8,50.8,213,214
2022-07-08 23:48:00,51.0,51.0,213,214
2022-07-08 23:50:00,50.7,50.8,212,214
2022-07-08 23:52:00,50.5,50.4,214,215
2022-07-08 23:54:00,50.8,50.8,213,214
2022-07-08 23:56:00,51.0,51.0,214,215
2022-07-08 23:58:00,50.5,50.5,214,215