"Time","Frequency 3E2F4FD3 (Ch Cbca Bethesda Ndosho - laboratoire)","Frequency C30F2E03 (Ch Cbca Bethesda Ndosho - clinique)","Voltage 3E2F4FD3 (Ch Cbca Bethesda Ndosho - laboratoire)","Voltage C30F2E03 (Ch Cbca Bethesda Ndosho - clinique)"
2022-11-26 00:00:00,50.9,50.9,216,219
2022-11-26 00:02:00,50.6,50.6,216,219
2022-11-26 00:04:00,50.8,50.7,216,219
2022-11-26 00:06:00,50.8,50.8,215,219
2022-11-26 00:08:00,50.6,50.6,216,219
2022-11-26 00:10:00,50.7,50.7,218,220
2022-11-26 00:12:00,50.9,50.9,218,221
2022-11-26 00:14:00,50.6,50.7,216,219
2022-11-26 00:16:00,50.6,50.7,218,221
2022-11-26 00:18:00,50.8,50.7,218,221
2022-11-26 00:20:00,50.6,50.6,217,220
2022-11-26 00:22:00,50.8,50.7,217,220
2022-11-26 00:24:00,51.0,50.9,219,221
2022-11-26 00:26:00,50.6,50.7,217,220
2022-11-26 00:28:00,50.6,50.5,217,220
2022-11-26 00:30:00,50.8,50.8,219,221
2022-11-26 00:32:00,50.6,50.6,219,222
2022-11-26 00:34:00,50.8,50.8,218,221
2022-11-26 00:36:00,50.9,51.0,219,222
2022-11-26 00:38:00,50.6,50.6,220,223
2022-11-26 00:40:00,50.5,50.6,219,222
2022-11-26 00:42:00,50.8,50.9,220,223
2022-11-26 00:44:00,50.6,50.7,221,223
2022-11-26 00:46:00,50.7,50.7,219,222
2022-11-26 00:48:00,50.9,51.0,220,223
2022-11-26 00:50:00,50.6,50.7,221,223
2022-11-26 00:52:00,50.7,50.7,221,223
2022-11-26 00:54:00,50.9,50.9,219,222
2022-11-26 00:56:00,50.6,50.6,219,222
2022-11-26 00:58:00,50.9,50.9,220,223
2022-11-26 01:00:00,50.8,50.8,219,222
2022-11-26 01:02:00,50.5,50.6,218,221
2022-11-26 01:04:00,50.6,50.5,217,219
2022-11-26 01:06:00,50.7,50.8,211,214
2022-11-26 01:08:00,50.7,50.7,211,214
2022-11-26 01:10:00,50.7,50.7,214,217
2022-11-26 01:12:00,50.7,50.7,217,220
2022-11-26 01:14:00,50.8,50.8,216,220
2022-11-26 01:16:00,50.6,50.6,216,219
2022-11-26 01:18:00,50.8,50.8,217,220
2022-11-26 01:20:00,50.7,50.7,216,219
2022-11-26 01:22:00,50.7,50.7,216,219
2022-11-26 01:24:00,50.8,50.8,217,220
2022-11-26 01:26:00,50.7,50.8,221,223
2022-11-26 01:28:00,50.7,50.7,219,222
2022-11-26 01:30:00,50.9,50.9,220,223
2022-11-26 01:32:00,50.7,50.6,220,222
2022-11-26 01:34:00,50.9,50.8,219,221
2022-11-26 01:36:00,50.9,50.9,220,223
2022-11-26 01:38:00,50.7,50.7,221,223
2022-11-26 01:40:00,50.7,50.7,220,223
2022-11-26 01:42:00,50.8,50.9,220,223
2022-11-26 01:44:00,50.7,50.7,222,224
2022-11-26 01:46:00,50.7,50.7,221,224
2022-11-26 01:48:00,50.9,50.9,221,224
2022-11-26 01:50:00,50.6,50.6,223,225
2022-11-26 01:52:00,50.7,50.7,223,226
2022-11-26 01:54:00,50.4,50.5,221,224
2022-11-26 01:56:00,50.3,50.3,221,225
2022-11-26 01:58:00,50.3,50.3,223,225
2022-11-26 02:00:00,50.4,50.5,221,223
2022-11-26 02:02:00,50.3,50.4,221,224
2022-11-26 02:04:00,50.4,50.4,222,224
2022-11-26 02:06:00,50.6,50.7,221,224
2022-11-26 02:08:00,50.3,50.4,221,225
2022-11-26 02:10:00,50.4,50.4,222,225
2022-11-26 02:12:00,50.5,50.5,223,225
2022-11-26 02:14:00,50.3,50.4,221,224
2022-11-26 02:16:00,50.5,50.5,221,224
2022-11-26 02:18:00,50.6,50.6,222,225
2022-11-26 02:20:00,50.3,50.3,220,223
2022-11-26 02:22:00,50.4,50.4,221,223
2022-11-26 02:24:00,50.6,50.6,222,225
2022-11-26 02:26:00,50.3,50.3,223,225
2022-11-26 02:28:00,50.3,50.3,221,223
2022-11-26 02:30:00,50.7,50.6,222,224
2022-11-26 02:32:00,50.2,50.2,221,224
2022-11-26 02:34:00,50.3,50.4,219,222
2022-11-26 02:36:00,50.5,50.5,219,222
2022-11-26 02:38:00,50.3,50.3,221,223
2022-11-26 02:40:00,50.4,50.4,220,223
2022-11-26 02:42:00,50.6,50.6,221,224
2022-11-26 02:44:00,50.4,50.4,222,225
2022-11-26 02:46:00,50.3,50.3,221,224
2022-11-26 02:48:00,50.5,50.5,221,224
2022-11-26 02:50:00,50.2,50.2,222,225
2022-11-26 02:52:00,50.5,50.4,223,225
2022-11-26 02:54:00,50.4,50.5,221,224
2022-11-26 02:56:00,50.3,50.3,221,223
2022-11-26 02:58:00,50.5,50.4,222,224
2022-11-26 03:00:00,50.6,50.5,221,224
2022-11-26 03:02:00,50.4,50.4,220,223
2022-11-26 03:04:00,50.3,50.4,221,223
2022-11-26 03:06:00,50.5,50.5,221,224
2022-11-26 03:08:00,50.2,50.3,220,223
2022-11-26 03:10:00,50.4,50.3,222,224
2022-11-26 03:12:00,50.6,50.6,223,225
2022-11-26 03:14:00,50.4,50.3,221,224
2022-11-26 03:16:00,50.2,50.2,220,223
2022-11-26 03:18:00,50.3,50.3,219,221
2022-11-26 03:20:00,50.3,50.3,218,221
2022-11-26 03:22:00,50.4,50.4,218,221
2022-11-26 03:24:00,50.4,50.5,222,225
2022-11-26 03:26:00,50.2,50.2,221,223
2022-11-26 03:28:00,50.5,50.5,220,223
2022-11-26 03:30:00,50.2,50.3,221,223
2022-11-26 03:32:00,50.5,50.5,221,224
2022-11-26 03:34:00,50.3,50.3,220,223
2022-11-26 03:36:00,50.5,50.5,221,224
2022-11-26 03:38:00,50.4,50.4,223,225
2022-11-26 03:40:00,50.2,50.2,222,225
2022-11-26 03:42:00,50.5,50.6,222,225
2022-11-26 03:44:00,50.4,50.4,223,226
2022-11-26 03:46:00,50.5,50.5,223,226
2022-11-26 03:48:00,50.4,50.4,221,224
2022-11-26 03:50:00,50.2,50.2,223,224
2022-11-26 03:52:00,50.4,50.4,223,225
2022-11-26 03:54:00,50.6,50.6,222,224
2022-11-26 03:56:00,50.3,50.3,222,226
2022-11-26 03:58:00,50.4,50.3,223,226
2022-11-26 04:00:00,50.5,50.6,222,225
2022-11-26 04:02:00,50.4,50.4,222,225
2022-11-26 04:04:00,50.4,50.3,223,226
2022-11-26 04:06:00,50.5,50.5,223,226
2022-11-26 04:08:00,50.3,50.3,221,225
2022-11-26 04:10:00,50.5,50.5,223,226
2022-11-26 04:12:00,50.4,50.4,223,226
2022-11-26 04:14:00,50.3,50.3,221,225
2022-11-26 04:16:00,50.4,50.3,217,221
2022-11-26 04:18:00,50.5,50.6,220,222
2022-11-26 04:20:00,50.4,50.5,221,225
2022-11-26 04:22:00,50.2,50.2,221,224
2022-11-26 04:24:00,50.4,50.5,223,226
2022-11-26 04:26:00,50.3,50.3,223,226
2022-11-26 04:28:00,50.4,50.3,221,224
2022-11-26 04:30:00,50.7,50.7,224,226
2022-11-26 04:32:00,50.3,50.3,223,226
2022-11-26 04:34:00,50.4,50.3,221,223
2022-11-26 04:36:00,50.5,50.5,221,224
2022-11-26 04:38:00,50.4,50.3,223,226
2022-11-26 04:40:00,50.3,50.4,221,224
2022-11-26 04:42:00,50.5,50.5,220,223
2022-11-26 04:44:00,50.4,50.4,221,223
2022-11-26 04:46:00,50.4,50.5,220,222
2022-11-26 04:48:00,50.3,50.3,220,223
2022-11-26 04:50:00,50.3,50.4,221,222
2022-11-26 04:52:00,50.4,50.3,221,223
2022-11-26 04:54:00,50.5,50.5,219,222
2022-11-26 04:56:00,50.3,50.3,217,220
2022-11-26 04:58:00,50.3,50.3,218,220
2022-11-26 05:00:00,50.4,50.4,216,219
2022-11-26 05:02:00,50.4,50.4,216,219
2022-11-26 05:04:00,50.2,50.2,216,219
2022-11-26 05:06:00,50.4,50.4,217,219
2022-11-26 05:08:00,50.4,50.3,216,219
2022-11-26 05:10:00,50.3,50.3,218,220
2022-11-26 05:12:00,50.4,50.3,216,217
2022-11-26 05:14:00,49.8,49.8,211,215
2022-11-26 05:16:00,50.3,50.4,214,217
2022-11-26 05:18:00,50.0,50.0,214,216
2022-11-26 05:20:00,50.1,50.0,212,215
2022-11-26 05:22:00,50.3,50.3,213,216
2022-11-26 05:24:00,50.2,50.1,215,217
2022-11-26 05:26:00,50.2,50.2,208,214
2022-11-26 05:28:00,50.2,50.2,216,219
2022-11-26 05:30:00,50.3,50.3,218,220
2022-11-26 05:32:00,50.2,50.2,216,219
2022-11-26 05:34:00,50.1,50.1,213,216
2022-11-26 05:36:00,50.2,50.2,215,217
2022-11-26 05:38:00,50.1,50.0,215,217
2022-11-26 05:40:00,50.1,50.0,214,217
2022-11-26 05:42:00,50.0,50.0,211,214
2022-11-26 05:44:00,50.0,50,213,214
2022-11-26 05:46:00,50.2,50.2,209,212
2022-11-26 05:48:00,50.1,50.1,209,211
2022-11-26 05:50:00,50.0,49.9,210,212
2022-11-26 05:52:00,50.0,50.0,210,211
2022-11-26 05:54:00,50.1,50.1,204,201
2022-11-26 05:56:00,49.9,49.9,205,202
2022-11-26 05:58:00,49.8,49.8,207,204
2022-11-26 06:00:00,49.9,49.9,207,204
2022-11-26 06:02:00,50.0,50.0,209,212
2022-11-26 06:04:00,50,50.0,207,210
2022-11-26 06:06:00,50.3,50.3,204,207
2022-11-26 06:08:00,50.3,50.2,206,209
2022-11-26 06:10:00,50.0,50.0,207,209
2022-11-26 06:12:00,50.2,50.2,211,214
2022-11-26 06:14:00,50.1,50.1,212,215
2022-11-26 06:16:00,49.7,49.7,205,209
2022-11-26 06:18:00,50.3,50.3,207,209
2022-11-26 06:20:00,49.9,49.9,205,209
2022-11-26 06:22:00,49.8,49.7,204,207
2022-11-26 06:24:00,50.2,50.2,205,208
2022-11-26 06:26:00,49.9,49.9,204,208
2022-11-26 06:28:00,50.1,50.0,204,208
2022-11-26 06:30:00,50.0,50.1,197,199
2022-11-26 06:32:00,49.7,49.7,198,201
2022-11-26 06:34:00,50.0,50.1,200,204
2022-11-26 06:36:00,50.1,50.1,202,204
2022-11-26 06:38:00,50.0,50.1,203,207
2022-11-26 06:40:00,50.0,49.9,200,204
2022-11-26 06:42:00,49.9,49.9,199,202
2022-11-26 06:44:00,49.9,50.0,199,203
2022-11-26 06:46:00,49.9,50.0,197,199
2022-11-26 06:48:00,50.0,50.0,197,201
2022-11-26 06:50:00,50.0,50.0,193,198
2022-11-26 06:52:00,50.1,50.1,192,199
2022-11-26 06:54:00,50.2,50.3,193,199
2022-11-26 06:56:00,50.0,50.0,200,203
2022-11-26 06:58:00,50.0,50.1,199,202
2022-11-26 07:00:00,50.1,50.1,195,199
2022-11-26 07:02:00,50.2,50.1,197,200
2022-11-26 07:04:00,50.3,50.3,195,199
2022-11-26 07:06:00,50.2,50.3,197,200
2022-11-26 07:08:00,50.0,50.0,202,205
2022-11-26 07:10:00,49.9,50.0,206,209
2022-11-26 07:12:00,50.1,50,204,207
2022-11-26 07:14:00,50.0,50.0,201,204
2022-11-26 07:16:00,49.9,49.9,199,203
2022-11-26 07:18:00,50.0,50.0,196,202
2022-11-26 07:20:00,50.1,50.0,196,202
2022-11-26 07:22:00,49.9,49.8,194,199
2022-11-26 07:24:00,50.0,50.0,197,202
2022-11-26 07:26:00,49.9,49.9,197,202
2022-11-26 07:28:00,50.1,50.0,200,203
2022-11-26 07:30:00,50.0,50.1,203,205
2022-11-26 07:32:00,50.0,50.0,200,202
2022-11-26 07:34:00,50.0,50,202,204
2022-11-26 07:36:00,50.0,50.1,202,203
2022-11-26 07:38:00,50.0,49.9,201,203
2022-11-26 07:40:00,49.9,50.0,203,205
2022-11-26 07:42:00,50.2,50.2,206,207
2022-11-26 07:44:00,50.1,50.0,204,206
2022-11-26 07:46:00,50.2,50.2,200,204
2022-11-26 07:48:00,50.1,50.1,203,205
2022-11-26 07:50:00,50.1,50.1,201,203
2022-11-26 07:52:00,50.2,50.2,202,205
2022-11-26 07:54:00,50.1,50.1,199,202
2022-11-26 07:56:00,50.1,50.1,202,204
2022-11-26 07:58:00,49.9,49.9,198,201
2022-11-26 08:00:00,50.2,50.2,200,203
2022-11-26 08:02:00,50.0,50.0,201,204
2022-11-26 08:04:00,50.0,50.0,201,204
2022-11-26 08:06:00,50.0,50.0,200,203
2022-11-26 08:08:00,50.0,50.0,201,203
2022-11-26 08:10:00,49.9,50.0,199,202
2022-11-26 08:12:00,50.1,50.1,190,199
2022-11-26 08:14:00,50.0,50.0,194,197
2022-11-26 08:16:00,50.1,50.0,189,197
2022-11-26 08:18:00,50.2,50.2,188,197
2022-11-26 08:20:00,50.0,50.0,199,202
2022-11-26 08:22:00,49.8,49.9,197,199
2022-11-26 08:24:00,50.1,50.0,192,194
2022-11-26 08:26:00,50.2,50.2,192,194
2022-11-26 08:28:00,49.7,49.6,201,204
2022-11-26 08:30:00,49.9,50.0,201,203
2022-11-26 08:32:00,50.0,50.0,202,204
2022-11-26 08:34:00,50.0,50.0,197,199
2022-11-26 08:36:00,50.0,50.0,199,201
2022-11-26 08:38:00,50.0,49.9,195,197
2022-11-26 08:40:00,49.6,49.6,196,198
2022-11-26 08:42:00,49.8,49.8,199,202
2022-11-26 08:44:00,49.9,50.0,199,202
2022-11-26 08:46:00,49.7,49.7,197,200
2022-11-26 08:48:00,50.0,50.0,200,202
2022-11-26 08:50:00,49.9,49.9,202,204
2022-11-26 08:52:00,49.9,49.9,202,204
2022-11-26 08:54:00,49.7,49.7,195,198
2022-11-26 08:56:00,49.6,49.7,197,200
2022-11-26 08:58:00,50.0,50.1,197,199
2022-11-26 09:00:00,49.7,49.7,195,197
2022-11-26 09:02:00,49.8,49.7,201,204
2022-11-26 09:04:00,49.8,49.8,198,200
2022-11-26 09:06:00,50.2,50.3,194,197
2022-11-26 09:08:00,50.2,50.2,201,205
2022-11-26 09:10:00,50.0,49.9,199,202
2022-11-26 09:12:00,50.2,50.2,192,195
2022-11-26 09:14:00,50.0,50.0,197,200
2022-11-26 09:16:00,50.2,50.3,195,197
2022-11-26 09:18:00,50.3,50.2,190,194
2022-11-26 09:20:00,50.1,50.0,200,202
2022-11-26 09:22:00,50.2,50.0,199,202
2022-11-26 09:24:00,50.1,50.1,192,198
2022-11-26 09:26:00,50.1,50.0,189,196
2022-11-26 09:28:00,50.1,50.1,187,193
2022-11-26 09:30:00,50.0,49.9,190,194
2022-11-26 09:32:00,50.1,50.1,191,197
2022-11-26 09:34:00,50.1,50.1,197,202
2022-11-26 09:36:00,49.8,49.9,197,199
2022-11-26 09:38:00,50.0,50.0,194,197
2022-11-26 09:40:00,50.0,50.0,194,197
2022-11-26 09:42:00,50.1,50.1,187,192
2022-11-26 09:44:00,50.0,50.0,194,197
2022-11-26 09:46:00,50.0,50.0,191,197
2022-11-26 09:48:00,49.9,49.9,194,200
2022-11-26 09:50:00,50.0,50.0,190,196
2022-11-26 09:52:00,49.9,49.9,197,201
2022-11-26 09:54:00,50.0,49.9,193,197
2022-11-26 09:56:00,49.8,49.9,194,199
2022-11-26 09:58:00,50.0,49.9,190,193
2022-11-26 10:00:00,50.0,50.0,192,197
2022-11-26 10:02:00,50.1,50.2,192,195
2022-11-26 10:04:00,49.9,49.8,193,197
2022-11-26 10:06:00,50.2,50.2,192,196
2022-11-26 10:08:00,50.0,50.1,193,197
2022-11-26 10:10:00,50.0,50.1,190,194
2022-11-26 10:12:00,50.2,50.3,190,194
2022-11-26 10:14:00,50.1,50.2,192,196
2022-11-26 10:16:00,50.2,50.2,192,194
2022-11-26 10:18:00,50.3,50.3,190,194
2022-11-26 10:20:00,50.0,50.1,180,185
2022-11-26 10:22:00,49.9,50.0,184,186
2022-11-26 10:24:00,50.2,50.2,182,181
2022-11-26 10:26:00,50.2,50.2,180,180
2022-11-26 10:28:00,49.8,49.8,182,182
2022-11-26 10:30:00,50.1,50.1,178,176
2022-11-26 10:32:00,49.9,49.9,185,188
2022-11-26 10:34:00,50.0,50.0,183,188
2022-11-26 10:36:00,50.4,50.3,185,187
2022-11-26 10:38:00,50.0,50.0,186,188
2022-11-26 10:40:00,50.1,50.1,189,192
2022-11-26 10:42:00,50.2,50.3,191,195
2022-11-26 10:44:00,50.1,50.2,190,193
2022-11-26 10:46:00,50.3,50.2,182,185
2022-11-26 10:48:00,50.2,50.2,182,187
2022-11-26 10:50:00,49.8,49.7,188,191
2022-11-26 10:52:00,50.0,50.0,183,187
2022-11-26 10:54:00,50.1,50.2,180,185
2022-11-26 10:56:00,50.1,50.1,187,190
2022-11-26 10:58:00,50.0,50.0,185,188
2022-11-26 11:00:00,50.0,50.0,185,190
2022-11-26 11:02:00,50.3,50.2,183,187
2022-11-26 11:04:00,49.9,49.8,182,185
2022-11-26 11:06:00,50.3,50.1,185,189
2022-11-26 11:08:00,50.0,50.0,182,186
2022-11-26 11:10:00,49.9,49.8,185,188
2022-11-26 11:12:00,50.2,50.1,183,185
2022-11-26 11:14:00,50.0,50.0,182,186
2022-11-26 11:16:00,49.7,49.7,178,182
2022-11-26 11:18:00,50.0,49.9,180,183
2022-11-26 11:20:00,50.0,50.0,182,185
2022-11-26 11:22:00,50.0,50.0,181,187
2022-11-26 11:24:00,49.7,49.9,184,187
2022-11-26 11:26:00,49.9,50.0,187,192
2022-11-26 11:28:00,50.0,50.0,189,193
2022-11-26 11:30:00,50.1,50.1,192,196
2022-11-26 11:32:00,49.9,50.0,188,193
2022-11-26 11:34:00,50.1,50.1,183,187
2022-11-26 11:36:00,50.2,50.3,184,190
2022-11-26 11:38:00,49.9,49.9,189,193
2022-11-26 11:40:00,50.6,50.6,193,198
2022-11-26 11:42:00,50.3,50.1,192,196
2022-11-26 11:44:00,50.2,50.2,192,194
2022-11-26 11:46:00,50.1,50.1,195,199
2022-11-26 11:48:00,50.2,50.3,193,197
2022-11-26 11:50:00,50.4,50.4,192,196
2022-11-26 11:52:00,50.2,50.2,194,198
2022-11-26 11:54:00,50.2,50.3,190,194
2022-11-26 11:56:00,50.1,50.2,188,194
2022-11-26 11:58:00,50.1,50.1,184,190
2022-11-26 12:00:00,50.5,50.5,188,192
2022-11-26 12:02:00,50.4,50.4,187,193
2022-11-26 12:04:00,50.4,50.4,187,192
2022-11-26 12:06:00,50.2,50.2,192,196
2022-11-26 12:08:00,49.5,49.4,178,182
2022-11-26 12:10:00,50.1,50.0,182,187
2022-11-26 12:12:00,50.3,50.3,184,188
2022-11-26 12:14:00,50.2,50.2,182,185
2022-11-26 12:16:00,50.2,50.1,177,182
2022-11-26 12:18:00,50.1,50.0,185,188
2022-11-26 12:20:00,50.1,50.2,184,189
2022-11-26 12:22:00,50.4,50.4,184,189
2022-11-26 12:24:00,50.0,50.1,184,189
2022-11-26 12:26:00,50.2,50.2,183,188
2022-11-26 12:28:00,50.1,50.1,187,193
2022-11-26 12:30:00,50.2,50.2,180,185
2022-11-26 12:32:00,50.3,50.3,188,194
2022-11-26 12:34:00,50.5,50.5,187,194
2022-11-26 12:36:00,50.1,50.2,184,192
2022-11-26 12:38:00,50.3,50.4,191,194
2022-11-26 12:40:00,50.1,50.1,189,193
2022-11-26 12:42:00,50.4,50.3,192,195
2022-11-26 12:44:00,50.1,50.1,191,194
2022-11-26 12:46:00,50.4,50.3,197,200
2022-11-26 12:48:00,50.1,50.1,196,199
2022-11-26 12:50:00,50.0,50.0,197,200
2022-11-26 12:52:00,50.2,50.2,199,202
2022-11-26 12:54:00,50.3,50.2,196,200
2022-11-26 12:56:00,50.1,50.2,197,201
2022-11-26 12:58:00,49.9,49.9,198,202
2022-11-26 13:00:00,50.4,50.3,194,197
2022-11-26 13:02:00,50.2,50.1,195,199
2022-11-26 13:04:00,50.1,50.1,193,199
2022-11-26 13:06:00,50.1,50.1,190,196
2022-11-26 13:08:00,50.3,50.4,190,197
2022-11-26 13:10:00,50.0,50.0,187,194
2022-11-26 13:12:00,50.2,50.3,186,192
2022-11-26 13:14:00,49.8,49.9,183,190
2022-11-26 13:16:00,50.0,49.9,187,193
2022-11-26 13:18:00,50.3,50.3,181,187
2022-11-26 13:20:00,50.3,50.3,190,194
2022-11-26 13:22:00,50.2,50.2,187,191
2022-11-26 13:24:00,50.3,50.3,188,192
2022-11-26 13:26:00,50.2,50.2,192,195
2022-11-26 13:28:00,50.1,50.2,191,195
2022-11-26 13:30:00,50.5,50.4,189,193
2022-11-26 13:32:00,50.3,50.4,192,196
2022-11-26 13:34:00,50.2,50.3,190,194
2022-11-26 13:36:00,50.4,50.4,192,197
2022-11-26 13:38:00,50.1,50.2,191,194
2022-11-26 13:40:00,50.2,50.2,192,197
2022-11-26 13:42:00,50.1,50.1,195,199
2022-11-26 13:44:00,50.1,50.0,191,195
2022-11-26 13:46:00,50.1,50.2,189,192
2022-11-26 13:48:00,50.2,50.2,190,194
2022-11-26 13:50:00,50.1,50.2,190,193
2022-11-26 13:52:00,50.0,50.0,186,191
2022-11-26 13:54:00,50.3,50.4,193,196
2022-11-26 13:56:00,50.2,50.2,194,197
2022-11-26 13:58:00,50.4,50.4,191,194
2022-11-26 14:00:00,50.2,50.2,190,193
2022-11-26 14:02:00,50.3,50.4,194,197
2022-11-26 14:04:00,50.0,50.0,193,197
2022-11-26 14:06:00,49.9,50.0,193,196
2022-11-26 14:08:00,49.9,49.9,194,197
2022-11-26 14:10:00,50.2,50.1,195,197
2022-11-26 14:12:00,50.1,50.0,192,194
2022-11-26 14:14:00,50.2,50.2,195,198
2022-11-26 14:16:00,50.2,50.2,199,202
2022-11-26 14:18:00,50.3,50.2,194,196
2022-11-26 14:20:00,50.1,50.1,194,197
2022-11-26 14:22:00,50.3,50.3,195,199
2022-11-26 14:24:00,50.3,50.3,196,199
2022-11-26 14:26:00,50.3,50.3,197,199
2022-11-26 14:28:00,50.1,50.1,194,197
2022-11-26 14:30:00,50.3,50.2,192,195
2022-11-26 14:32:00,50.1,50.1,197,200
2022-11-26 14:34:00,50.3,50.3,197,199
2022-11-26 14:36:00,49.9,50.0,194,198
2022-11-26 14:38:00,50.3,50.3,195,199
2022-11-26 14:40:00,49.9,49.8,194,197
2022-11-26 14:42:00,50.3,50.3,190,193
2022-11-26 14:44:00,49.9,49.9,191,194
2022-11-26 14:46:00,50.2,50.1,193,196
2022-11-26 14:48:00,50.2,50.2,191,194
2022-11-26 14:50:00,50.0,50.1,190,193
2022-11-26 14:52:00,50.3,50.2,192,194
2022-11-26 14:54:00,50.4,50.4,194,196
2022-11-26 14:56:00,50.2,50.1,192,194
2022-11-26 14:58:00,50.2,50.2,192,195
2022-11-26 15:00:00,50.4,50.3,196,199
2022-11-26 15:02:00,50.0,50.0,194,195
2022-11-26 15:04:00,50.2,50.2,186,188
2022-11-26 15:06:00,50.3,50.2,187,190
2022-11-26 15:08:00,50.2,50.1,186,189
2022-11-26 15:10:00,50.0,50.0,189,192
2022-11-26 15:12:00,49.9,50.0,190,192
2022-11-26 15:14:00,50.1,50.2,188,192
2022-11-26 15:16:00,50.1,50.1,190,192
2022-11-26 15:18:00,50.2,50.2,186,190
2022-11-26 15:20:00,50.3,50.2,191,194
2022-11-26 15:22:00,49.9,49.9,190,192
2022-11-26 15:24:00,50.2,50.2,192,194
2022-11-26 15:26:00,50.3,50.3,185,187
2022-11-26 15:28:00,49.9,50.0,187,191
2022-11-26 15:30:00,50.4,50.4,190,193
2022-11-26 15:32:00,50.1,50.1,190,193
2022-11-26 15:34:00,50.3,50.3,190,193
2022-11-26 15:36:00,50.3,50.3,190,193
2022-11-26 15:38:00,50.1,50.1,190,193
2022-11-26 15:40:00,50.0,50.0,188,190
2022-11-26 15:42:00,50.1,50.2,187,191
2022-11-26 15:44:00,50.2,50.1,185,189
2022-11-26 15:46:00,50.2,50.2,187,189
2022-11-26 15:48:00,49.8,49.8,186,188
2022-11-26 15:50:00,49.8,49.8,185,187
2022-11-26 15:52:00,49.8,49.7,185,187
2022-11-26 15:54:00,49.8,49.8,183,185
2022-11-26 15:56:00,50.4,50.3,187,191
2022-11-26 15:58:00,49.9,49.8,188,192
2022-11-26 16:00:00,49.8,49.8,188,190
2022-11-26 16:02:00,49.6,49.6,187,190
2022-11-26 16:04:00,49.7,49.7,186,189
2022-11-26 16:06:00,50.1,50.0,185,186
2022-11-26 16:08:00,49.8,49.8,181,183
2022-11-26 16:10:00,50.0,50.1,178,181
2022-11-26 16:12:00,49.8,49.8,182,185
2022-11-26 16:14:00,50.1,50.1,182,179
2022-11-26 16:16:00,50.2,50.0,176,173
2022-11-26 16:18:00,50.2,50.1,179,178
2022-11-26 16:20:00,50.0,50.0,182,184
2022-11-26 16:22:00,49.8,49.9,185,187
2022-11-26 16:24:00,49.8,49.7,181,180
2022-11-26 16:26:00,50.4,50.3,174,173
2022-11-26 16:28:00,50.1,50.0,181,178
2022-11-26 16:30:00,49.8,49.8,177,180
2022-11-26 16:32:00,50.0,50.1,179,178
2022-11-26 16:34:00,50.0,50.0,179,177
2022-11-26 16:36:00,50.1,50.0,176,174
2022-11-26 16:38:00,49.8,49.9,175,174
2022-11-26 16:40:00,50.2,50.1,181,183
2022-11-26 16:42:00,50,50.1,180,182
2022-11-26 16:44:00,50.2,50.1,174,173
2022-11-26 16:46:00,49.8,49.7,174,172
2022-11-26 16:48:00,50.1,50.1,180,177
2022-11-26 16:50:00,50.0,49.9,180,177
2022-11-26 16:52:00,50.0,50.1,182,184
2022-11-26 16:54:00,50.1,50.1,185,187
2022-11-26 16:56:00,50.3,50.4,188,190
2022-11-26 16:58:00,49.8,49.9,184,187
2022-11-26 17:00:00,50.0,49.9,185,189
2022-11-26 17:02:00,50.2,50.3,189,191
2022-11-26 17:04:00,49.9,50.0,185,188
2022-11-26 17:06:00,50.0,50,182,185
2022-11-26 17:08:00,49.9,50.1,185,187
2022-11-26 17:10:00,50.1,50.0,183,185
2022-11-26 17:12:00,50.1,50.1,183,186
2022-11-26 17:14:00,50.0,50.1,184,187
2022-11-26 17:16:00,50.0,50.1,181,186
2022-11-26 17:18:00,50.1,50.0,181,187
2022-11-26 17:20:00,50.2,50.2,185,188
2022-11-26 17:22:00,50.1,50.1,185,188
2022-11-26 17:24:00,50.3,50.4,185,189
2022-11-26 17:26:00,50.0,50.0,184,187
2022-11-26 17:28:00,50.2,50.1,185,185
2022-11-26 17:30:00,50.4,50.4,187,189
2022-11-26 17:32:00,50.6,50.5,188,191
2022-11-26 17:34:00,50.7,50.6,187,190
2022-11-26 17:36:00,50.0,50.0,190,191
2022-11-26 17:38:00,50.2,50.2,190,192
2022-11-26 17:40:00,50.2,50.2,187,190
2022-11-26 17:42:00,50.1,50.1,189,191
2022-11-26 17:44:00,50.2,50.2,188,190
2022-11-26 17:46:00,50.0,50.1,186,189
2022-11-26 17:48:00,50.1,50.0,187,189
2022-11-26 17:50:00,50.2,50.1,185,187
2022-11-26 17:52:00,50.4,50.3,181,185
2022-11-26 17:54:00,50.6,50.6,186,188
2022-11-26 17:56:00,50.0,50.0,185,187
2022-11-26 17:58:00,50.1,50.0,187,188
2022-11-26 18:00:00,50.1,50.1,187,188
2022-11-26 18:02:00,50.0,50.0,188,190
2022-11-26 18:04:00,50.3,50.2,186,188
2022-11-26 18:06:00,49.9,49.9,186,189
2022-11-26 18:08:00,50.2,50.1,185,187
2022-11-26 18:10:00,50.0,49.9,187,190
2022-11-26 18:12:00,50.0,50.0,184,187
2022-11-26 18:14:00,50.0,50.0,184,187
2022-11-26 18:16:00,49.8,49.8,184,187
2022-11-26 18:18:00,50.1,50.1,185,187
2022-11-26 18:20:00,50.0,49.9,185,188
2022-11-26 18:22:00,49.8,49.8,187,190
2022-11-26 18:24:00,49.8,49.8,188,190
2022-11-26 18:26:00,50.0,50.0,190,192
2022-11-26 18:28:00,50.0,49.9,190,193
2022-11-26 18:30:00,50.1,50.0,191,194
2022-11-26 18:32:00,49.8,49.8,189,192
2022-11-26 18:34:00,49.9,49.9,191,193
2022-11-26 18:36:00,49.9,49.9,191,193
2022-11-26 18:38:00,49.8,49.8,191,193
2022-11-26 18:40:00,49.7,49.7,188,192
2022-11-26 18:42:00,50.5,50.5,187,191
2022-11-26 18:44:00,49.8,49.9,187,190
2022-11-26 18:46:00,50.0,50.0,190,192
2022-11-26 18:48:00,50.0,50.0,190,192
2022-11-26 18:50:00,50.0,50.0,188,190
2022-11-26 18:52:00,50.0,49.9,190,192
2022-11-26 18:54:00,50.1,50.2,190,192
2022-11-26 18:56:00,49.9,49.9,188,191
2022-11-26 18:58:00,49.7,49.7,186,189
2022-11-26 19:00:00,50.0,50.0,186,189
2022-11-26 19:02:00,49.8,49.8,182,186
2022-11-26 19:04:00,49.8,49.8,187,190
2022-11-26 19:06:00,50.0,50.0,186,189
2022-11-26 19:08:00,49.9,49.8,187,190
2022-11-26 19:10:00,50.1,50.1,190,192
2022-11-26 19:12:00,50.0,50.1,188,190
2022-11-26 19:14:00,49.9,49.9,187,190
2022-11-26 19:16:00,49.9,49.8,187,190
2022-11-26 19:18:00,50.0,49.9,189,191
2022-11-26 19:20:00,50.0,50.0,185,187
2022-11-26 19:22:00,49.8,49.9,184,187
2022-11-26 19:24:00,50.0,50.0,187,188
2022-11-26 19:26:00,49.9,49.9,185,187
2022-11-26 19:28:00,49.9,49.9,182,184
2022-11-26 19:30:00,50.0,50.0,183,185
2022-11-26 19:32:00,49.9,49.8,182,183
2022-11-26 19:34:00,50.0,50.0,181,183
2022-11-26 19:36:00,50.1,50.2,182,185
2022-11-26 19:38:00,49.9,49.9,182,183
2022-11-26 19:40:00,50.1,50.1,182,184
2022-11-26 19:42:00,50.2,50.3,179,182
2022-11-26 19:44:00,49.9,49.9,181,183
2022-11-26 19:46:00,50.1,50.1,182,184
2022-11-26 19:48:00,50.1,50.1,181,184
2022-11-26 19:50:00,49.8,49.8,182,184
2022-11-26 19:52:00,49.8,49.7,182,184
2022-11-26 19:54:00,50.2,50.2,180,182
2022-11-26 19:56:00,50.0,50.0,180,183
2022-11-26 19:58:00,50.0,50.0,183,185
2022-11-26 20:00:00,50.2,50.2,182,184
2022-11-26 20:02:00,50.0,50.0,184,186
2022-11-26 20:04:00,50.4,50.4,187,189
2022-11-26 20:06:00,50.3,50.3,186,187
2022-11-26 20:08:00,50.1,50.0,187,189
2022-11-26 20:10:00,50.1,50.2,185,187
2022-11-26 20:12:00,50.2,50.2,190,191
2022-11-26 20:14:00,50.1,50.1,189,191
2022-11-26 20:16:00,50.1,50.1,187,190
2022-11-26 20:18:00,50.1,50.1,188,190
2022-11-26 20:20:00,49.9,49.9,187,190
2022-11-26 20:22:00,50.0,50.0,187,189
2022-11-26 20:24:00,50.2,50.2,186,188
2022-11-26 20:26:00,50.3,50.3,190,192
2022-11-26 20:28:00,50.2,50.2,190,192
2022-11-26 20:30:00,50.1,50.1,187,190
2022-11-26 20:32:00,50.3,50.3,191,192
2022-11-26 20:34:00,50.0,50.0,189,191
2022-11-26 20:36:00,50.1,50.1,189,191
2022-11-26 20:38:00,50.1,50.1,192,195
2022-11-26 20:40:00,50.1,50.0,192,194
2022-11-26 20:42:00,50.3,50.3,190,192
2022-11-26 20:44:00,50,50.0,191,194
2022-11-26 20:46:00,50.0,50.0,185,190
2022-11-26 20:48:00,50.2,50.1,191,196
2022-11-26 20:50:00,50.2,50.3,189,194
2022-11-26 20:52:00,50.0,50.0,188,193
2022-11-26 20:54:00,50.2,50.3,187,192
2022-11-26 20:56:00,50.2,50.2,192,194
2022-11-26 20:58:00,50.3,50.3,192,194
2022-11-26 21:00:00,49.5,49.4,191,193
2022-11-26 21:02:00,49.8,49.8,193,194
2022-11-26 21:04:00,49.8,49.8,190,193
2022-11-26 21:06:00,50.1,50.1,192,194
2022-11-26 21:08:00,49.8,49.8,193,195
2022-11-26 21:10:00,50.4,50.4,197,198
2022-11-26 21:12:00,50.1,50.1,194,197
2022-11-26 21:14:00,50.2,50.2,196,199
2022-11-26 21:16:00,50.1,50.2,197,199
2022-11-26 21:18:00,50.3,50.2,198,201
2022-11-26 21:20:00,50.1,50.2,199,202
2022-11-26 21:22:00,50.0,50.1,199,202
2022-11-26 21:24:00,50.3,50.3,200,202
2022-11-26 21:26:00,50.4,50.4,201,203
2022-11-26 21:28:00,50.3,50.3,200,202
2022-11-26 21:30:00,50.4,50.4,202,204
2022-11-26 21:32:00,50.2,50.2,198,201
2022-11-26 21:34:00,50.5,50.4,200,202
2022-11-26 21:36:00,50.4,50.4,202,202
2022-11-26 21:38:00,50.4,50.3,201,203
2022-11-26 21:40:00,50.2,50.3,202,204
2022-11-26 21:42:00,50.5,50.6,204,205
2022-11-26 21:44:00,50.3,50.3,199,201
2022-11-26 21:46:00,50.3,50.4,199,202
2022-11-26 21:48:00,50.5,50.5,202,203
2022-11-26 21:50:00,50.5,50.5,202,204
2022-11-26 21:52:00,50.5,50.4,202,204
2022-11-26 21:54:00,50.6,50.5,203,205
2022-11-26 21:56:00,50.4,50.5,202,204
2022-11-26 21:58:00,50.4,50.4,201,204
2022-11-26 22:00:00,50.5,50.5,204,207
2022-11-26 22:02:00,50.5,50.6,206,208
2022-11-26 22:04:00,50.5,50.5,200,203
2022-11-26 22:06:00,50.4,50.4,202,206
2022-11-26 22:08:00,50.4,50.5,205,207
2022-11-26 22:10:00,50.4,50.4,202,204
2022-11-26 22:12:00,50.6,50.6,204,207
2022-11-26 22:14:00,50.7,50.7,206,207
2022-11-26 22:16:00,50.6,50.6,205,207
2022-11-26 22:18:00,50.7,50.7,205,207
2022-11-26 22:20:00,50.7,50.6,204,207
2022-11-26 22:22:00,50.5,50.5,209,210
2022-11-26 22:24:00,50.7,50.7,207,210
2022-11-26 22:26:00,50.6,50.7,208,210
2022-11-26 22:28:00,50.5,50.6,207,208
2022-11-26 22:30:00,50.6,50.5,206,208
2022-11-26 22:32:00,50.6,50.6,206,208
2022-11-26 22:34:00,50.7,50.7,208,210
2022-11-26 22:36:00,50.6,50.6,209,210
2022-11-26 22:38:00,50.7,50.7,208,210
2022-11-26 22:40:00,50.4,50.5,206,209
2022-11-26 22:42:00,50.8,50.8,207,209
2022-11-26 22:44:00,50.4,50.5,207,209
2022-11-26 22:46:00,50.7,50.7,207,210
2022-11-26 22:48:00,50.7,50.7,209,211
2022-11-26 22:50:00,50.6,50.7,210,212
2022-11-26 22:52:00,50.7,50.7,209,212
2022-11-26 22:54:00,50.7,50.7,209,211
2022-11-26 22:56:00,50.6,50.6,209,211
2022-11-26 22:58:00,50.7,50.7,208,210
2022-11-26 23:00:00,50.8,50.8,209,211
2022-11-26 23:02:00,50.9,50.9,211,214
2022-11-26 23:04:00,50.7,50.7,209,213
2022-11-26 23:06:00,50.8,50.8,210,213
2022-11-26 23:08:00,51.0,50.9,213,215
2022-11-26 23:10:00,50.9,50.8,211,213
2022-11-26 23:12:00,50.7,50.7,210,213
2022-11-26 23:14:00,50.9,50.9,214,215
2022-11-26 23:16:00,50.8,50.8,215,216
2022-11-26 23:18:00,51.1,51.1,214,216
2022-11-26 23:20:00,50.7,50.7,214,216
2022-11-26 23:22:00,50.8,50.8,215,216
2022-11-26 23:24:00,50.8,50.7,214,216
2022-11-26 23:26:00,50.8,50.8,213,216
2022-11-26 23:28:00,50.9,50.8,216,217
2022-11-26 23:30:00,51.0,50.9,216,218
2022-11-26 23:32:00,50.7,50.7,212,215
2022-11-26 23:34:00,50.7,50.7,214,216
2022-11-26 23:36:00,50.9,50.9,215,216
2022-11-26 23:38:00,50.9,50.9,216,219
2022-11-26 23:40:00,50.7,50.7,215,216
2022-11-26 23:42:00,50.8,50.9,216,219
2022-11-26 23:44:00,51.0,51.0,216,219
2022-11-26 23:46:00,50.8,50.9,216,219
2022-11-26 23:48:00,51.0,51.0,218,219
2022-11-26 23:50:00,51.0,51.0,217,219
2022-11-26 23:52:00,50.6,50.7,215,219
2022-11-26 23:54:00,50.9,50.8,217,219
2022-11-26 23:56:00,51.0,50.9,216,219
2022-11-26 23:58:00,50.8,50.8,215,218
2022-11-27 00:00:00,51.1,51.0,216,219
2022-11-27 00:02:00,50.7,50.7,216,219
2022-11-27 00:04:00,51.0,50.9,215,218
2022-11-27 00:06:00,50.9,50.8,216,219
2022-11-27 00:08:00,50.9,50.9,217,219
2022-11-27 00:10:00,50.8,50.9,215,218
2022-11-27 00:12:00,51.1,51.0,216,219
2022-11-27 00:14:00,50.8,50.9,217,219
2022-11-27 00:16:00,50.9,50.9,213,217
2022-11-27 00:18:00,51.1,51.1,211,216
2022-11-27 00:20:00,50.9,50.9,219,221
2022-11-27 00:22:00,50.9,50.8,219,221
2022-11-27 00:24:00,51.1,51.1,219,221
2022-11-27 00:26:00,50.8,50.8,219,221
2022-11-27 00:28:00,50.8,50.8,220,221
2022-11-27 00:30:00,51.1,51.1,218,221
2022-11-27 00:32:00,50.9,50.9,218,221
2022-11-27 00:34:00,51.0,50.9,219,221
2022-11-27 00:36:00,51.1,51.1,220,222
2022-11-27 00:38:00,50.9,50.9,219,221
2022-11-27 00:40:00,51.2,51.1,220,222
2022-11-27 00:42:00,51.1,51.1,220,221
2022-11-27 00:44:00,50.9,51.0,213,219
2022-11-27 00:46:00,50.8,50.7,217,220
2022-11-27 00:48:00,50.9,50.9,219,221
2022-11-27 00:50:00,51.0,50.9,218,221
2022-11-27 00:52:00,50.8,50.8,218,221
2022-11-27 00:54:00,51.2,51.1,221,223
2022-11-27 00:56:00,51.1,51.0,220,222
2022-11-27 00:58:00,50.7,50.7,219,221
2022-11-27 01:00:00,51.0,51.0,220,223
2022-11-27 01:02:00,50.9,50.9,220,223
2022-11-27 01:04:00,51.0,51.0,219,221
2022-11-27 01:06:00,51.1,51.1,220,222
2022-11-27 01:08:00,50.9,50.9,221,223
2022-11-27 01:10:00,50.9,50.9,219,221
2022-11-27 01:12:00,50.9,51.0,219,222
2022-11-27 01:14:00,51.0,51.1,221,223
2022-11-27 01:16:00,50.9,51.0,219,221
2022-11-27 01:18:00,51.2,51.2,219,221
2022-11-27 01:20:00,51.0,51.0,219,221
2022-11-27 01:22:00,50.8,50.7,220,221
2022-11-27 01:24:00,51.1,51.0,219,221
2022-11-27 01:26:00,50.9,50.9,214,219
2022-11-27 01:28:00,51.1,51.1,221,223
2022-11-27 01:30:00,51.0,51.1,219,221
2022-11-27 01:32:00,50.9,50.9,219,222
2022-11-27 01:34:00,50.8,50.9,221,223
2022-11-27 01:36:00,51.0,51.0,219,223
2022-11-27 01:38:00,50.9,50.9,219,222
2022-11-27 01:40:00,50.8,50.9,221,223
2022-11-27 01:42:00,51.0,51.1,222,224
2022-11-27 01:44:00,50.9,51.0,220,223
2022-11-27 01:46:00,51.0,51.1,221,223
2022-11-27 01:48:00,51.1,51.1,221,223
2022-11-27 01:50:00,50.9,50.9,220,223
2022-11-27 01:52:00,51.2,51.2,221,223
2022-11-27 01:54:00,50.3,50.3,221,223
2022-11-27 01:56:00,50.4,50.4,219,223
2022-11-27 01:58:00,50.1,50.1,220,223
2022-11-27 02:00:00,50.3,50.4,220,221
2022-11-27 02:02:00,50.3,50.3,220,223
2022-11-27 02:04:00,49.8,49.8,220,223
2022-11-27 02:06:00,50.0,50.0,221,223
2022-11-27 02:08:00,50.4,50.3,222,224
2022-11-27 02:10:00,50.4,50.3,220,223
2022-11-27 02:12:00,50.4,50.3,221,223
2022-11-27 02:14:00,50.3,50.3,221,223
2022-11-27 02:16:00,50.4,50.3,221,223
2022-11-27 02:18:00,50.4,50.4,221,223
2022-11-27 02:20:00,50.3,50.3,222,223
2022-11-27 02:22:00,50.4,50.3,221,223
2022-11-27 02:24:00,50.5,50.5,221,223
2022-11-27 02:26:00,50.3,50.2,222,224
2022-11-27 02:28:00,50.2,50.2,222,224
2022-11-27 02:30:00,50.5,50.4,221,223
2022-11-27 02:32:00,50.3,50.3,223,225
2022-11-27 02:34:00,50.2,50.2,221,223
2022-11-27 02:36:00,50.4,50.4,220,223
2022-11-27 02:38:00,50.3,50.3,222,223
2022-11-27 02:40:00,50.2,50.1,221,223
2022-11-27 02:42:00,50.4,50.4,221,223
2022-11-27 02:44:00,50.4,50.3,221,223
2022-11-27 02:46:00,50.4,50.4,222,224
2022-11-27 02:48:00,50.3,50.3,221,223
2022-11-27 02:50:00,50.4,50.4,221,223
2022-11-27 02:52:00,50.4,50.3,222,223
2022-11-27 02:54:00,50.6,50.5,223,224
2022-11-27 02:56:00,50.2,50.3,221,223
2022-11-27 02:58:00,50.2,50.2,223,225
2022-11-27 03:00:00,50.3,50.3,222,224
2022-11-27 03:02:00,50.3,50.3,221,224
2022-11-27 03:04:00,50.3,50.3,221,223
2022-11-27 03:06:00,50.2,50.2,223,224
2022-11-27 03:08:00,50.3,50.2,221,224
2022-11-27 03:10:00,50.2,50.2,221,224
2022-11-27 03:12:00,50.3,50.3,223,224
2022-11-27 03:14:00,50.4,50.4,223,225
2022-11-27 03:16:00,50.2,50.2,220,223
2022-11-27 03:18:00,50.3,50.3,221,223
2022-11-27 03:20:00,50.4,50.3,221,223
2022-11-27 03:22:00,50.3,50.3,220,223
2022-11-27 03:24:00,50.6,50.5,220,222
2022-11-27 03:26:00,50.4,50.4,222,223
2022-11-27 03:28:00,50.2,50.3,221,224
2022-11-27 03:30:00,50.4,50.4,222,224
2022-11-27 03:32:00,50.4,50.4,223,225
2022-11-27 03:34:00,50.3,50.3,223,225
2022-11-27 03:36:00,50.5,50.4,221,224
2022-11-27 03:38:00,50.3,50.3,223,224
2022-11-27 03:40:00,50.4,50.4,223,224
2022-11-27 03:42:00,50.5,50.5,222,224
2022-11-27 03:44:00,50.3,50.3,223,224
2022-11-27 03:46:00,50.4,50.4,222,224
2022-11-27 03:48:00,50.4,50.5,221,223
2022-11-27 03:50:00,50.4,50.4,221,223
2022-11-27 03:52:00,50.5,50.4,222,224
2022-11-27 03:54:00,50.4,50.4,220,222
2022-11-27 03:56:00,50.4,50.4,220,223
2022-11-27 03:58:00,50.3,50.3,222,223
2022-11-27 04:00:00,50.4,50.5,221,223
2022-11-27 04:02:00,50.5,50.4,220,223
2022-11-27 04:04:00,50.2,50.2,222,223
2022-11-27 04:06:00,50.4,50.4,222,224
2022-11-27 04:08:00,50.5,50.5,221,223
2022-11-27 04:10:00,50.2,50.2,219,223
2022-11-27 04:12:00,50.4,50.4,221,223
2022-11-27 04:14:00,50.5,50.4,221,223
2022-11-27 04:16:00,50.3,50.3,220,223
2022-11-27 04:18:00,50.4,50.4,221,224
2022-11-27 04:20:00,50.4,50.3,220,223
2022-11-27 04:22:00,50.3,50.3,220,223
2022-11-27 04:24:00,50.5,50.5,221,223
2022-11-27 04:26:00,50.3,50.2,222,223
2022-11-27 04:28:00,50.5,50.4,220,223
2022-11-27 04:30:00,50.1,50.1,220,222
2022-11-27 04:32:00,50.5,50.5,221,222
2022-11-27 04:34:00,50.3,50.2,219,221
2022-11-27 04:36:00,50.3,50.2,220,222
2022-11-27 04:38:00,50.4,50.3,220,222
2022-11-27 04:40:00,50.3,50.2,218,221
2022-11-27 04:42:00,50.3,50.4,219,221
2022-11-27 04:44:00,50.3,50.4,221,223
2022-11-27 04:46:00,50.3,50.3,219,221
2022-11-27 04:48:00,50.3,50.3,219,222
2022-11-27 04:50:00,50.3,50.3,221,223
2022-11-27 04:52:00,50.2,50.3,221,223
2022-11-27 04:54:00,50.3,50.4,219,221
2022-11-27 04:56:00,50.3,50.3,221,222
2022-11-27 04:58:00,50.3,50.3,220,222
2022-11-27 05:00:00,50.4,50.4,219,221
2022-11-27 05:02:00,50.4,50.3,219,221
2022-11-27 05:04:00,50.3,50.2,218,220
2022-11-27 05:06:00,50.4,50.3,217,220
2022-11-27 05:08:00,50.3,50.3,217,220
2022-11-27 05:10:00,50.3,50.3,219,221
2022-11-27 05:12:00,50.3,50.3,219,221
2022-11-27 05:14:00,50.3,50.3,218,220
2022-11-27 05:16:00,50.3,50.3,219,221
2022-11-27 05:18:00,50.5,50.5,219,221
2022-11-27 05:20:00,50.4,50.4,218,221
2022-11-27 05:22:00,50.2,50.2,220,221
2022-11-27 05:24:00,50.3,50.4,219,221
2022-11-27 05:26:00,50.2,50.2,216,219
2022-11-27 05:28:00,50.3,50.3,216,219
2022-11-27 05:30:00,50.3,50.4,219,221
2022-11-27 05:32:00,50.2,50.2,217,220
2022-11-27 05:34:00,50.3,50.3,218,221
2022-11-27 05:36:00,50.4,50.4,221,222
2022-11-27 05:38:00,50.2,50.2,219,221
2022-11-27 05:40:00,50.2,50.1,219,221
2022-11-27 05:42:00,50.4,50.4,219,221
2022-11-27 05:44:00,50.1,50.1,218,220
2022-11-27 05:46:00,50.2,50.2,216,219
2022-11-27 05:48:00,50.1,50.1,215,218
2022-11-27 05:50:00,50.3,50.3,219,220
2022-11-27 05:52:00,50.1,50.1,218,220
2022-11-27 05:54:00,50.2,50.2,220,223
2022-11-27 05:56:00,50.3,50.2,222,224
2022-11-27 05:58:00,50.0,50.0,222,224
2022-11-27 06:00:00,50.2,50.3,219,222
2022-11-27 06:02:00,50.2,50.2,221,223
2022-11-27 06:04:00,50.3,50.3,219,221
2022-11-27 06:06:00,50.4,50.4,220,223
2022-11-27 06:08:00,50.2,50.2,221,223
2022-11-27 06:10:00,50.3,50.2,221,223
2022-11-27 06:12:00,50.3,50.3,217,219
2022-11-27 06:14:00,50.2,50.2,215,212
2022-11-27 06:16:00,50.2,50.2,216,212
2022-11-27 06:18:00,50.2,50.2,215,212
2022-11-27 06:20:00,50.1,50.2,216,216
2022-11-27 06:22:00,50.2,50.2,216,211
2022-11-27 06:24:00,50.2,50.3,215,210
2022-11-27 06:26:00,50.1,50.1,215,213
2022-11-27 06:28:00,50.3,50.3,219,221
2022-11-27 06:30:00,50.1,50.2,216,212
2022-11-27 06:32:00,50.3,50.3,214,209
2022-11-27 06:34:00,50.2,50.1,216,213
2022-11-27 06:36:00,49.9,49.9,221,223
2022-11-27 06:38:00,50.1,50.2,214,218
2022-11-27 06:40:00,50.0,50.0,221,223
2022-11-27 06:42:00,50.2,50.2,221,223
2022-11-27 06:44:00,50.2,50.2,219,221
2022-11-27 06:46:00,49.9,50.0,218,219
2022-11-27 06:48:00,50.2,50.2,216,213
2022-11-27 06:50:00,49.9,50.0,214,211
2022-11-27 06:52:00,49.9,50.0,211,207
2022-11-27 06:54:00,50.3,50.4,213,214
2022-11-27 06:56:00,50.0,50.1,209,211
2022-11-27 06:58:00,50.0,50.1,210,213
2022-11-27 07:00:00,50.0,49.9,213,209
2022-11-27 07:02:00,50.1,50.2,211,208
2022-11-27 07:04:00,50.0,50.1,210,207
2022-11-27 07:06:00,50.1,50.2,209,205
2022-11-27 07:08:00,49.9,50.0,212,207
2022-11-27 07:10:00,50.0,50.0,209,207
2022-11-27 07:12:00,49.9,49.9,211,214
2022-11-27 07:14:00,49.9,49.9,210,212
2022-11-27 07:16:00,49.8,49.8,209,211
2022-11-27 07:18:00,50.0,50.1,208,210
2022-11-27 07:20:00,50.2,50.2,211,213
2022-11-27 07:22:00,49.8,49.9,209,210
2022-11-27 07:24:00,50.2,50.1,208,211
2022-11-27 07:26:00,50.1,50.0,203,206
2022-11-27 07:28:00,50.0,49.9,207,210
2022-11-27 07:30:00,50.2,50.1,207,209
2022-11-27 07:32:00,50.0,50.0,210,213
2022-11-27 07:34:00,49.8,49.8,214,215
2022-11-27 07:36:00,50.0,50.0,210,213
2022-11-27 07:38:00,50.1,50.2,210,213
2022-11-27 07:40:00,50,50.0,208,211
2022-11-27 07:42:00,50.1,50.1,205,207
2022-11-27 07:44:00,49.9,50.0,204,207
2022-11-27 07:46:00,50.1,50.0,207,209
2022-11-27 07:48:00,50.0,50.0,208,211
2022-11-27 07:50:00,50.0,50.0,202,207
2022-11-27 07:52:00,49.9,50.0,198,202
2022-11-27 07:54:00,50,50.0,200,205
2022-11-27 07:56:00,50.0,50.0,207,209
2022-11-27 07:58:00,50.0,50.0,209,212
2022-11-27 08:00:00,50.1,50.0,209,211
2022-11-27 08:02:00,49.9,50.0,207,209
2022-11-27 08:04:00,50.0,50,202,206
2022-11-27 08:06:00,49.9,49.9,202,204
2022-11-27 08:08:00,49.8,49.9,198,200
2022-11-27 08:10:00,49.9,49.9,199,201
2022-11-27 08:12:00,50.1,50.1,206,207
2022-11-27 08:14:00,49.9,49.8,199,201
2022-11-27 08:16:00,49.7,49.7,201,204
2022-11-27 08:18:00,50.0,50.0,204,207
2022-11-27 08:20:00,49.8,49.8,204,205
2022-11-27 08:22:00,49.8,49.9,204,206
2022-11-27 08:24:00,50.1,50.1,201,204
2022-11-27 08:26:00,50.1,50.1,207,209
2022-11-27 08:28:00,49.8,49.7,205,206
2022-11-27 08:30:00,50.1,50.1,206,209
2022-11-27 08:32:00,50.0,50.1,204,206
2022-11-27 08:34:00,49.9,49.9,202,207
2022-11-27 08:36:00,50.1,50.1,200,206
2022-11-27 08:38:00,49.8,49.8,198,206
2022-11-27 08:40:00,50.0,50.0,200,202
2022-11-27 08:42:00,50.0,50.1,200,203
2022-11-27 08:44:00,50.3,50.2,198,203
2022-11-27 08:46:00,50.0,50.0,199,199
2022-11-27 08:48:00,50.2,50.2,198,202
2022-11-27 08:50:00,49.9,50.0,199,201
2022-11-27 08:52:00,50.0,50.0,207,209
2022-11-27 08:54:00,50.0,50,205,207
2022-11-27 08:56:00,50.0,49.8,204,206
2022-11-27 08:58:00,50.0,49.9,208,209
2022-11-27 09:00:00,50.1,50.1,205,207
2022-11-27 09:02:00,50.0,50.0,206,207
2022-11-27 09:04:00,50.0,50.0,198,202
2022-11-27 09:06:00,50.2,50.1,201,205
2022-11-27 09:08:00,50.1,50.1,197,202
2022-11-27 09:10:00,49.9,49.9,195,201
2022-11-27 09:12:00,50.2,50.1,198,202
2022-11-27 09:14:00,49.9,49.9,202,206
2022-11-27 09:16:00,50.2,50.3,198,204
2022-11-27 09:18:00,50.0,50.0,207,209
2022-11-27 09:20:00,49.9,50.0,207,207
2022-11-27 09:22:00,49.8,49.9,207,209
2022-11-27 09:24:00,50.1,50,206,207
2022-11-27 09:26:00,50.0,50.0,196,203
2022-11-27 09:28:00,49.9,49.9,197,204
2022-11-27 09:30:00,50.0,50.1,207,209
2022-11-27 09:32:00,50.2,50.2,208,209
2022-11-27 09:34:00,49.9,50.0,206,207
2022-11-27 09:36:00,50.0,50.0,204,207
2022-11-27 09:38:00,50.2,50.2,209,211
2022-11-27 09:40:00,50.0,50.0,211,211
2022-11-27 09:42:00,50.2,50.1,207,209
2022-11-27 09:44:00,50.0,50.0,208,210
2022-11-27 09:46:00,50.0,50.0,207,208
2022-11-27 09:48:00,50.1,50.1,204,207
2022-11-27 09:50:00,50.0,50.0,202,204
2022-11-27 09:52:00,49.9,49.9,201,202
2022-11-27 09:54:00,50.1,50.1,202,204
2022-11-27 09:56:00,50.0,50.0,207,209
2022-11-27 09:58:00,50.2,50.3,204,205
2022-11-27 10:00:00,50.1,50.1,201,202
2022-11-27 10:02:00,50.1,50.2,202,204
2022-11-27 10:04:00,49.8,49.9,203,204
2022-11-27 10:06:00,50.0,50.0,200,202
2022-11-27 10:08:00,50.1,50.1,203,205
2022-11-27 10:10:00,49.8,49.8,200,202
2022-11-27 10:12:00,50.4,50.3,199,202
2022-11-27 10:14:00,50.3,50.3,199,202
2022-11-27 10:16:00,50.1,50.1,200,202
2022-11-27 10:18:00,50.4,50.5,202,204
2022-11-27 10:20:00,50.1,50.1,198,202
2022-11-27 10:22:00,50.2,50.2,199,202
2022-11-27 10:24:00,50.2,50.2,201,202
2022-11-27 10:26:00,50.3,50.2,205,206
2022-11-27 10:28:00,50.1,50.2,202,204
2022-11-27 10:30:00,50.4,50.3,200,202
2022-11-27 10:32:00,50.3,50.3,203,204
2022-11-27 10:34:00,50.0,50.0,204,205
2022-11-27 10:36:00,50.2,50.1,202,204
2022-11-27 10:38:00,50.5,50.4,204,207
2022-11-27 10:40:00,50.1,50.2,200,202
2022-11-27 10:42:00,50.4,50.4,202,204
2022-11-27 10:44:00,50.1,50.1,206,206
2022-11-27 10:46:00,50.2,50.2,202,204
2022-11-27 10:48:00,50.5,50.4,202,204
2022-11-27 10:50:00,50.2,50.1,204,204
2022-11-27 10:52:00,50.1,50.0,202,204
2022-11-27 10:54:00,50.2,50.4,202,204
2022-11-27 10:56:00,50.3,50.3,204,205
2022-11-27 10:58:00,50.2,50.3,203,204
2022-11-27 11:00:00,50.4,50.3,200,202
2022-11-27 11:02:00,50.2,50.3,200,203
2022-11-27 11:04:00,50.1,50.1,202,203
2022-11-27 11:06:00,50.3,50.3,204,207
2022-11-27 11:08:00,50.4,50.3,204,207
2022-11-27 11:10:00,50.0,49.9,204,206
2022-11-27 11:12:00,50.3,50.3,201,202
2022-11-27 11:14:00,50.0,50.0,203,204
2022-11-27 11:16:00,50.2,50.2,199,202
2022-11-27 11:18:00,50.1,50.2,202,204
2022-11-27 11:20:00,50.2,50.1,202,204
2022-11-27 11:22:00,50.0,50.1,199,202
2022-11-27 11:24:00,50.3,50.3,204,204
2022-11-27 11:26:00,50.2,50.2,201,202
2022-11-27 11:28:00,50.0,50.0,202,204
2022-11-27 11:30:00,50.0,50.0,204,204
2022-11-27 11:32:00,50.5,50.4,202,204
2022-11-27 11:34:00,50.2,50.2,202,204
2022-11-27 11:36:00,50.1,50.2,202,204
2022-11-27 11:38:00,50.1,50.1,201,201
2022-11-27 11:40:00,50.3,50.2,199,202
2022-11-27 11:42:00,50.2,50.2,197,199
2022-11-27 11:44:00,50.3,50.3,200,202
2022-11-27 11:46:00,50.1,50.1,199,202
2022-11-27 11:48:00,50.3,50.3,201,203
2022-11-27 11:50:00,50.2,50.1,202,203
2022-11-27 11:52:00,50.3,50.3,199,202
2022-11-27 11:54:00,50.2,50.3,202,204
2022-11-27 11:56:00,50.2,50.2,202,204
2022-11-27 11:58:00,50.1,50.2,201,202
2022-11-27 12:00:00,50.5,50.4,202,204
2022-11-27 12:02:00,50.2,50.3,205,207
2022-11-27 12:04:00,50.2,50.2,206,207
2022-11-27 12:06:00,50.4,50.5,204,207
2022-11-27 12:08:00,50.2,50.2,204,206
2022-11-27 12:10:00,50.0,50.0,205,207
2022-11-27 12:12:00,50.3,50.2,201,202
2022-11-27 12:14:00,50.3,50.3,202,204
2022-11-27 12:16:00,50.2,50.2,201,202
2022-11-27 12:18:00,50.5,50.5,202,203
2022-11-27 12:20:00,50.1,50.1,202,204
2022-11-27 12:22:00,50.4,50.3,202,204
2022-11-27 12:24:00,50.2,50.2,204,205
2022-11-27 12:26:00,50.3,50.3,202,204
2022-11-27 12:28:00,50.0,50.0,204,205
2022-11-27 12:30:00,50.3,50.3,204,206
2022-11-27 12:32:00,50.3,50.3,203,205
2022-11-27 12:34:00,50.3,50.2,202,205
2022-11-27 12:36:00,50.0,49.9,202,204
2022-11-27 12:38:00,50.0,49.9,202,204
2022-11-27 12:40:00,50.1,50.1,204,206
2022-11-27 12:42:00,50.3,50.3,202,204
2022-11-27 12:44:00,50.3,50.3,203,204
2022-11-27 12:46:00,50.1,50.0,199,202
2022-11-27 12:48:00,50.3,50.4,202,204
2022-11-27 12:50:00,50.3,50.2,204,206
2022-11-27 12:52:00,50.0,50.1,201,203
2022-11-27 12:54:00,50.5,50.5,203,205
2022-11-27 12:56:00,50.2,50.2,204,207
2022-11-27 12:58:00,50.0,50.1,204,206
2022-11-27 13:00:00,50.2,50.3,207,209
2022-11-27 13:02:00,50.2,50.2,204,206
2022-11-27 13:04:00,49.9,50.0,204,207
2022-11-27 13:06:00,50.2,50.1,201,203
2022-11-27 13:08:00,50.1,50.1,204,206
2022-11-27 13:10:00,50.1,50.2,203,204
2022-11-27 13:12:00,50.0,50.0,199,201
2022-11-27 13:14:00,50.4,50.3,199,200
2022-11-27 13:16:00,50.0,50.0,202,203
2022-11-27 13:18:00,50.0,50.0,196,201
2022-11-27 13:20:00,50.0,50.0,195,199
2022-11-27 13:22:00,49.9,49.9,196,200
2022-11-27 13:24:00,50.2,50.2,197,200
2022-11-27 13:26:00,50.0,50.0,194,199
2022-11-27 13:28:00,50.0,50.0,202,203
2022-11-27 13:30:00,50.2,50.1,202,203
2022-11-27 13:32:00,50.1,50.1,201,203
2022-11-27 13:34:00,50.2,50.2,201,203
2022-11-27 13:36:00,50.3,50.3,202,204
2022-11-27 13:38:00,50.2,50.2,200,202
2022-11-27 13:40:00,50.0,50.0,194,196
2022-11-27 13:42:00,50.1,50.2,197,198
2022-11-27 13:44:00,50.2,50.1,194,196
2022-11-27 13:46:00,50.1,50.1,192,194
2022-11-27 13:48:00,50.2,50.2,198,200
2022-11-27 13:50:00,50.1,50.0,203,204
2022-11-27 13:52:00,50.0,50.1,199,202
2022-11-27 13:54:00,50.3,50.4,194,199
2022-11-27 13:56:00,50.1,50.1,194,198
2022-11-27 13:58:00,50.1,50.1,194,199
2022-11-27 14:00:00,50.3,50.3,201,203
2022-11-27 14:02:00,50.1,50.1,196,198
2022-11-27 14:04:00,49.9,50.0,196,199
2022-11-27 14:06:00,50.1,50.1,198,199
2022-11-27 14:08:00,50.1,50.2,202,204
2022-11-27 14:10:00,50.0,50.0,200,202
2022-11-27 14:12:00,50.3,50.3,197,199
2022-11-27 14:14:00,50.2,50.2,199,201
2022-11-27 14:16:00,50.1,50.1,198,199
2022-11-27 14:18:00,50.1,50.1,198,199
2022-11-27 14:20:00,50.3,50.4,199,200
2022-11-27 14:22:00,50,50.0,197,198
2022-11-27 14:24:00,50.3,50.1,198,200
2022-11-27 14:26:00,50.2,50.2,198,200
2022-11-27 14:28:00,50.1,50.1,200,202
2022-11-27 14:30:00,50.1,50.1,199,201
2022-11-27 14:32:00,50.1,50.1,198,200
2022-11-27 14:34:00,49.8,49.8,199,201
2022-11-27 14:36:00,50.3,50.3,200,202
2022-11-27 14:38:00,50.2,50.1,197,199
2022-11-27 14:40:00,50.2,50.3,199,201
2022-11-27 14:42:00,50.1,50.1,200,202
2022-11-27 14:44:00,50.2,50.2,199,202
2022-11-27 14:46:00,50.0,50.1,199,202
2022-11-27 14:48:00,50.2,50.1,201,202
2022-11-27 14:50:00,50.1,50.1,198,200
2022-11-27 14:52:00,50.0,50.0,194,197
2022-11-27 14:54:00,50.1,50.0,199,199
2022-11-27 14:56:00,50.2,50.2,200,201
2022-11-27 14:58:00,49.9,49.9,201,203
2022-11-27 15:00:00,50.2,50.2,202,202
2022-11-27 15:02:00,50.3,50.3,199,200
2022-11-27 15:04:00,50.0,50.1,199,201
2022-11-27 15:06:00,50.2,50.1,198,200
2022-11-27 15:08:00,50.0,50.1,199,201
2022-11-27 15:10:00,49.8,49.9,199,202
2022-11-27 15:12:00,50.2,50.2,200,202
2022-11-27 15:14:00,50.3,50.3,199,201
2022-11-27 15:16:00,50.2,50.2,198,200
2022-11-27 15:18:00,50.1,50.0,200,202
2022-11-27 15:20:00,50.1,50.1,202,203
2022-11-27 15:22:00,49.9,49.9,199,201
2022-11-27 15:24:00,50.4,50.4,200,203
2022-11-27 15:26:00,50.1,50.2,199,200
2022-11-27 15:28:00,50.2,50.3,197,199
2022-11-27 15:30:00,50.2,50.2,190,193
2022-11-27 15:32:00,50.3,50.2,200,202
2022-11-27 15:34:00,50.0,50.1,204,205
2022-11-27 15:36:00,50.3,50.4,197,199
2022-11-27 15:38:00,50.1,50.0,199,202
2022-11-27 15:40:00,50.4,50.4,204,206
2022-11-27 15:42:00,50.2,50.1,204,206
2022-11-27 15:44:00,50.4,50.4,207,209
2022-11-27 15:46:00,50.0,50.0,205,207
2022-11-27 15:48:00,50.4,50.4,207,208
2022-11-27 15:50:00,50.2,50.2,207,208
2022-11-27 15:52:00,50.0,50.0,205,207
2022-11-27 15:54:00,49.9,50.0,207,207
2022-11-27 15:56:00,50.2,50.1,207,209
2022-11-27 15:58:00,50.1,50.2,207,209
2022-11-27 16:00:00,50.2,50.1,208,209
2022-11-27 16:02:00,50.2,50.2,207,209
2022-11-27 16:04:00,50.2,50.2,206,207
2022-11-27 16:06:00,50.3,50.3,207,209
2022-11-27 16:08:00,50.2,50.1,204,207
2022-11-27 16:10:00,50.3,50.3,207,209
2022-11-27 16:12:00,50.1,50.0,205,207
2022-11-27 16:14:00,50.2,50.1,204,205
2022-11-27 16:16:00,50.1,50.1,202,204
2022-11-27 16:18:00,50.2,50.3,208,209
2022-11-27 16:20:00,50.0,50.1,205,207
2022-11-27 16:22:00,49.9,50.0,202,204
2022-11-27 16:24:00,50.1,50.0,204,205
2022-11-27 16:26:00,50.0,50.1,204,207
2022-11-27 16:28:00,50.2,50.1,203,205
2022-11-27 16:30:00,50.0,50.0,203,206
2022-11-27 16:32:00,50.1,50.1,205,206
2022-11-27 16:34:00,50.0,50.1,204,206
2022-11-27 16:36:00,50.3,50.3,205,207
2022-11-27 16:38:00,50.1,50.1,204,207
2022-11-27 16:40:00,49.8,49.9,204,207
2022-11-27 16:42:00,50.1,50.2,207,209
2022-11-27 16:44:00,50.3,50.4,207,209
2022-11-27 16:46:00,49.9,49.9,204,207
2022-11-27 16:48:00,50.2,50.3,202,206
2022-11-27 16:50:00,50.3,50.3,203,205
2022-11-27 16:52:00,50.0,50.1,204,206
2022-11-27 16:54:00,50.1,50.1,199,202
2022-11-27 16:56:00,50.3,50.2,202,204
2022-11-27 16:58:00,50.3,50.3,201,204
2022-11-27 17:00:00,50.3,50.3,201,204
2022-11-27 17:02:00,50.2,50.2,202,204
2022-11-27 17:04:00,50.1,50.1,205,207
2022-11-27 17:06:00,50.1,50.2,203,204
2022-11-27 17:08:00,50.1,50.0,201,203
2022-11-27 17:10:00,50.1,50.1,203,205
2022-11-27 17:12:00,50.0,50.0,202,204
2022-11-27 17:14:00,50.1,50.1,197,200
2022-11-27 17:16:00,50.0,50.0,190,195
2022-11-27 17:18:00,50.3,50.2,195,200
2022-11-27 17:20:00,50.1,50.0,201,204
2022-11-27 17:22:00,50.0,50.0,200,202
2022-11-27 17:24:00,50.2,50.1,201,202
2022-11-27 17:26:00,50.0,50.0,197,199
2022-11-27 17:28:00,49.9,49.9,199,202
2022-11-27 17:30:00,50.1,50.0,199,201
2022-11-27 17:32:00,50.0,50,201,202
2022-11-27 17:34:00,50.1,50.1,200,203
2022-11-27 17:36:00,50.2,50.2,202,204
2022-11-27 17:38:00,50.0,50.0,204,206
2022-11-27 17:40:00,50.0,50.1,200,202
2022-11-27 17:42:00,50.3,50.2,202,204
2022-11-27 17:44:00,50.0,49.9,197,199
2022-11-27 17:46:00,50.0,50.0,199,202
2022-11-27 17:48:00,50.2,50.2,197,199
2022-11-27 17:50:00,50.1,50.1,200,202
2022-11-27 17:52:00,49.9,49.8,199,201
2022-11-27 17:54:00,49.8,49.7,198,201
2022-11-27 17:56:00,50.0,50.0,197,199
2022-11-27 17:58:00,49.8,49.8,198,199
2022-11-27 18:00:00,50.0,50.0,196,199
2022-11-27 18:02:00,50.0,50.0,196,197
2022-11-27 18:04:00,49.7,49.8,195,197
2022-11-27 18:06:00,50.1,50.1,194,197
2022-11-27 18:08:00,50.0,49.9,193,195
2022-11-27 18:10:00,49.8,49.8,195,196
2022-11-27 18:12:00,49.6,49.7,191,193
2022-11-27 18:14:00,49.7,49.7,192,194
2022-11-27 18:16:00,49.7,49.7,191,192
2022-11-27 18:18:00,49.6,49.6,182,183
2022-11-27 18:20:00,49.8,49.7,173,175
2022-11-27 18:22:00,50.0,49.9,178,180
2022-11-27 18:24:00,49.8,49.9,171,173
2022-11-27 18:26:00,50.1,50.1,173,175
2022-11-27 18:28:00,49.9,49.9,173,175
2022-11-27 18:30:00,50.1,50.0,182,183
2022-11-27 18:32:00,49.8,49.8,181,183
2022-11-27 18:34:00,49.8,49.8,182,184
2022-11-27 18:36:00,49.8,49.8,178,182
2022-11-27 18:38:00,50.0,50.1,175,180
2022-11-27 18:40:00,50.0,50.0,171,175
2022-11-27 18:42:00,49.9,49.9,175,178
2022-11-27 18:44:00,49.9,49.9,173,176
2022-11-27 18:46:00,49.8,49.8,175,177
2022-11-27 18:48:00,50.1,50.0,178,180
2022-11-27 18:50:00,50.0,49.9,179,180
2022-11-27 18:52:00,49.7,49.8,179,181
2022-11-27 18:54:00,49.8,49.8,181,182
2022-11-27 18:56:00,49.9,49.9,180,182
2022-11-27 18:58:00,49.9,49.9,176,174
2022-11-27 19:00:00,49.9,50.0,174,172
2022-11-27 19:02:00,50.1,50.1,176,173
2022-11-27 19:04:00,49.9,49.9,180,182
2022-11-27 19:06:00,49.8,49.8,178,181
2022-11-27 19:08:00,49.9,49.9,179,180
2022-11-27 19:10:00,49.8,49.8,180,181
2022-11-27 19:12:00,50.0,50.0,179,181
2022-11-27 19:14:00,49.9,49.8,181,183
2022-11-27 19:16:00,50.0,50.0,180,182
2022-11-27 19:18:00,49.9,49.8,180,182
2022-11-27 19:20:00,49.9,49.9,183,185
2022-11-27 19:22:00,50.2,50.2,185,187
2022-11-27 19:24:00,49.8,49.9,182,184
2022-11-27 19:26:00,49.9,49.8,182,184
2022-11-27 19:28:00,50.0,50.1,182,185
2022-11-27 19:30:00,49.8,49.8,181,182
2022-11-27 19:32:00,49.9,49.9,180,182
2022-11-27 19:34:00,49.8,49.9,181,182
2022-11-27 19:36:00,49.9,50.0,179,182
2022-11-27 19:38:00,50.0,50.0,181,184
2022-11-27 19:40:00,49.8,49.8,186,187
2022-11-27 19:42:00,50.0,50.0,184,186
2022-11-27 19:44:00,49.9,49.9,185,187
2022-11-27 19:46:00,49.8,49.9,184,185
2022-11-27 19:48:00,49.9,49.9,183,185
2022-11-27 19:50:00,50.1,50.1,177,182
2022-11-27 19:52:00,49.8,49.8,182,184
2022-11-27 19:54:00,50.1,50.1,183,185
2022-11-27 19:56:00,49.9,49.9,180,182
2022-11-27 19:58:00,49.7,49.7,180,182
2022-11-27 20:00:00,49.9,50.0,181,182
2022-11-27 20:02:00,50.0,50.0,179,180
2022-11-27 20:04:00,49.8,49.8,182,183
2022-11-27 20:06:00,50.0,50.0,183,185
2022-11-27 20:08:00,50.0,49.9,185,187
2022-11-27 20:10:00,49.9,49.8,184,185
2022-11-27 20:12:00,50.1,50.2,187,190
2022-11-27 20:14:00,49.9,50.0,185,187
2022-11-27 20:16:00,50.0,50.0,186,187
2022-11-27 20:18:00,50.0,49.9,187,189
2022-11-27 20:20:00,49.9,49.9,190,191
2022-11-27 20:22:00,49.9,49.9,185,187
2022-11-27 20:24:00,49.9,49.9,186,189
2022-11-27 20:26:00,50.1,50.1,186,187
2022-11-27 20:28:00,50,50.1,186,188
2022-11-27 20:30:00,49.9,50.0,185,187
2022-11-27 20:32:00,50.0,50.0,187,189
2022-11-27 20:34:00,49.8,49.8,191,194
2022-11-27 20:36:00,49.9,49.8,192,194
2022-11-27 20:38:00,50.1,50.1,194,197
2022-11-27 20:40:00,49.9,50.0,192,193
2022-11-27 20:42:00,50.1,50.1,191,193
2022-11-27 20:44:00,50.2,50.2,187,191
2022-11-27 20:46:00,49.9,49.9,190,194
2022-11-27 20:48:00,50.1,50.0,187,192
2022-11-27 20:50:00,50.1,50.1,196,198
2022-11-27 20:52:00,49.9,49.9,196,197
2022-11-27 20:54:00,50.2,50.2,197,199
2022-11-27 20:56:00,50.1,50.1,197,199
2022-11-27 20:58:00,49.9,49.9,196,198
2022-11-27 21:00:00,50.2,50.1,199,201
2022-11-27 21:02:00,50.1,50.0,201,202
2022-11-27 21:04:00,50.0,50.0,201,203
2022-11-27 21:06:00,50.0,50.1,200,201
2022-11-27 21:08:00,50.3,50.3,199,202
2022-11-27 21:10:00,49.9,49.8,201,203
2022-11-27 21:12:00,50.2,50.2,201,202
2022-11-27 21:14:00,50.2,50.1,202,203
2022-11-27 21:16:00,50.2,50.2,202,203
2022-11-27 21:18:00,50.3,50.2,204,205
2022-11-27 21:20:00,50.3,50.2,202,202
2022-11-27 21:22:00,50.3,50.2,201,202
2022-11-27 21:24:00,50.0,50.1,204,204
2022-11-27 21:26:00,50.2,50.2,204,205
2022-11-27 21:28:00,50.1,50.0,207,207
2022-11-27 21:30:00,50.2,50.2,205,207
2022-11-27 21:32:00,50.1,50.1,205,206
2022-11-27 21:34:00,50.2,50.2,205,207
2022-11-27 21:36:00,50.4,50.5,205,207
2022-11-27 21:38:00,50.2,50.2,204,206
2022-11-27 21:40:00,50.2,50.2,203,207
2022-11-27 21:42:00,50.4,50.4,203,206
2022-11-27 21:44:00,50.3,50.2,199,204
2022-11-27 21:46:00,50.1,50.1,194,199
2022-11-27 21:48:00,50.2,50.3,194,200
2022-11-27 21:50:00,50.3,50.3,197,202
2022-11-27 21:52:00,50.3,50.3,202,204
2022-11-27 21:54:00,50.4,50.3,195,197
2022-11-27 21:56:00,50.2,50.1,197,198
2022-11-27 21:58:00,50.4,50.4,198,200
2022-11-27 22:00:00,50.2,50.2,202,205
2022-11-27 22:02:00,50.2,50.3,202,205
2022-11-27 22:04:00,50.2,50.2,206,207
2022-11-27 22:06:00,50.3,50.3,206,208
2022-11-27 22:08:00,50.2,50.2,207,209
2022-11-27 22:10:00,50.2,50.2,209,211
2022-11-27 22:12:00,50.4,50.5,208,211
2022-11-27 22:14:00,50.4,50.4,207,210
2022-11-27 22:16:00,50.1,50.1,207,209
2022-11-27 22:18:00,50.3,50.3,209,211
2022-11-27 22:20:00,50.2,50.3,209,211
2022-11-27 22:22:00,50.4,50.4,211,214
2022-11-27 22:24:00,50.5,50.5,211,212
2022-11-27 22:26:00,50.3,50.3,209,211
2022-11-27 22:28:00,50.2,50.2,210,211
2022-11-27 22:30:00,50.3,50.3,210,212
2022-11-27 22:32:00,50.3,50.3,208,210
2022-11-27 22:34:00,50.4,50.4,209,212
2022-11-27 22:36:00,50.4,50.3,210,211
2022-11-27 22:38:00,50.3,50.3,210,212
2022-11-27 22:40:00,50.4,50.4,209,211
2022-11-27 22:42:00,50.3,50.3,209,211
2022-11-27 22:44:00,50.4,50.5,209,211
2022-11-27 22:46:00,50.5,50.5,209,211
2022-11-27 22:48:00,50.5,50.5,211,212
2022-11-27 22:50:00,50.6,50.6,210,212
2022-11-27 22:52:00,50.4,50.4,209,212
2022-11-27 22:54:00,50.2,50.2,211,214
2022-11-27 22:56:00,50.7,50.7,212,215
2022-11-27 22:58:00,50.5,50.5,211,213
2022-11-27 23:00:00,50.4,50.5,211,214
2022-11-27 23:02:00,50.6,50.6,213,214
2022-11-27 23:04:00,50.3,50.3,212,215
2022-11-27 23:06:00,50.5,50.5,212,215
2022-11-27 23:08:00,50.6,50.6,214,216
2022-11-27 23:10:00,50.4,50.3,214,216
2022-11-27 23:12:00,50.5,50.5,214,216
2022-11-27 23:14:00,50.6,50.6,216,219
2022-11-27 23:16:00,50.4,50.4,215,218
2022-11-27 23:18:00,50.5,50.5,216,218
2022-11-27 23:20:00,50.7,50.7,217,219
2022-11-27 23:22:00,50.3,50.3,217,219
2022-11-27 23:24:00,50.6,50.5,216,219
2022-11-27 23:26:00,50.5,50.6,218,219
2022-11-27 23:28:00,50.5,50.5,217,220
2022-11-27 23:30:00,50.7,50.7,216,219
2022-11-27 23:32:00,50.3,50.4,217,219
2022-11-27 23:34:00,50.5,50.5,217,219
2022-11-27 23:36:00,50.6,50.6,216,219
2022-11-27 23:38:00,50.7,50.6,218,220
2022-11-27 23:40:00,50.5,50.5,219,220
2022-11-27 23:42:00,50.4,50.4,218,220
2022-11-27 23:44:00,50.6,50.7,211,216
2022-11-27 23:46:00,50.3,50.3,218,219
2022-11-27 23:48:00,50.7,50.7,217,219
2022-11-27 23:50:00,50.6,50.6,218,220
2022-11-27 23:52:00,50.3,50.3,219,221
2022-11-27 23:54:00,50.6,50.5,217,220
2022-11-27 23:56:00,50.5,50.5,216,219
2022-11-27 23:58:00,50.4,50.4,218,220
2022-11-28 00:00:00,50.6,50.7,217,220
2022-11-28 00:02:00,50.6,50.5,216,219
2022-11-28 00:04:00,50.4,50.4,218,220
2022-11-28 00:06:00,50.6,50.6,219,220
2022-11-28 00:08:00,50.5,50.5,217,220
2022-11-28 00:10:00,50.4,50.4,216,219
2022-11-28 00:12:00,50.7,50.7,219,221
2022-11-28 00:14:00,50.6,50.6,217,220
2022-11-28 00:16:00,50.5,50.5,217,219
2022-11-28 00:18:00,50.5,50.7,219,220
2022-11-28 00:20:00,50.8,50.8,217,220
2022-11-28 00:22:00,50.7,50.7,218,220
2022-11-28 00:24:00,50.7,50.7,219,221
2022-11-28 00:26:00,50.9,50.9,219,221
2022-11-28 00:28:00,50.6,50.6,219,221
2022-11-28 00:30:00,50.7,50.7,219,221
2022-11-28 00:32:00,50.7,50.7,221,222
2022-11-28 00:34:00,50.4,50.4,219,221
2022-11-28 00:36:00,50.6,50.6,221,222
2022-11-28 00:38:00,50.6,50.6,221,223
2022-11-28 00:40:00,50.5,50.5,219,222
2022-11-28 00:42:00,50.6,50.6,220,222
2022-11-28 00:44:00,50.7,50.7,221,223
2022-11-28 00:46:00,50.4,50.4,219,221
2022-11-28 00:48:00,50.7,50.7,219,222
2022-11-28 00:50:00,50.5,50.5,221,222
2022-11-28 00:52:00,50.5,50.5,220,223
2022-11-28 00:54:00,50.8,50.8,221,223
2022-11-28 00:56:00,50.7,50.7,223,224
2022-11-28 00:58:00,50.5,50.5,223,224
2022-11-28 01:00:00,50.5,50.5,221,223
2022-11-28 01:02:00,50.6,50.6,222,223
2022-11-28 01:04:00,50.4,50.4,221,223
2022-11-28 01:06:00,50.7,50.7,221,224
2022-11-28 01:08:00,50.7,50.7,223,225
2022-11-28 01:10:00,50.3,50.3,222,225
2022-11-28 01:12:00,50.6,50.6,222,225
2022-11-28 01:14:00,50.8,50.7,223,225
2022-11-28 01:16:00,50.4,50.4,222,224
2022-11-28 01:18:00,50.4,50.4,220,223
2022-11-28 01:20:00,50.3,50.3,220,223
2022-11-28 01:22:00,50.4,50.4,223,225
2022-11-28 01:24:00,50.4,50.4,221,224
2022-11-28 01:26:00,50.5,50.5,221,224
2022-11-28 01:28:00,50.4,50.4,222,224
2022-11-28 01:30:00,50.3,50.3,221,223
2022-11-28 01:32:00,50.4,50.3,220,223
2022-11-28 01:34:00,50.2,50.3,222,224
2022-11-28 01:36:00,50.5,50.5,222,223
2022-11-28 01:38:00,50.3,50.2,221,223
2022-11-28 01:40:00,50.2,50.2,222,223
2022-11-28 01:42:00,50.5,50.4,222,223
2022-11-28 01:44:00,50.3,50.3,221,223
2022-11-28 01:46:00,50.4,50.4,221,223
2022-11-28 01:48:00,50.5,50.5,222,224
2022-11-28 01:50:00,50.5,50.5,221,223
2022-11-28 01:52:00,50.4,50.4,221,223
2022-11-28 01:54:00,50.3,50.3,223,225
2022-11-28 01:56:00,50.4,50.5,222,225
2022-11-28 01:58:00,50.3,50.3,223,225
2022-11-28 02:00:00,50.5,50.5,224,226
2022-11-28 02:02:00,50.5,50.5,224,226
2022-11-28 02:04:00,50.4,50.4,222,224
2022-11-28 02:06:00,50.5,50.5,224,226
2022-11-28 02:08:00,50.4,50.4,226,228
2022-11-28 02:10:00,50.2,50.2,223,226
2022-11-28 02:12:00,50.5,50.5,224,226
2022-11-28 02:14:00,50.5,50.5,224,226
2022-11-28 02:16:00,50.4,50.3,221,225
2022-11-28 02:18:00,50.6,50.7,222,225
2022-11-28 02:20:00,50.5,50.4,223,226
2022-11-28 02:22:00,50.4,50.3,223,226
2022-11-28 02:24:00,50.4,50.3,223,226
2022-11-28 02:26:00,50.5,50.5,224,226
2022-11-28 02:28:00,50.2,50.2,221,224
2022-11-28 02:30:00,50.3,50.4,222,225
2022-11-28 02:32:00,50.6,50.6,224,226
2022-11-28 02:34:00,50.2,50.2,224,226
2022-11-28 02:36:00,50.5,50.5,223,226
2022-11-28 02:38:00,50.3,50.2,224,226
2022-11-28 02:40:00,50.4,50.4,224,226
2022-11-28 02:42:00,50.4,50.5,223,226
2022-11-28 02:44:00,50.4,50.3,223,225
2022-11-28 02:46:00,50.2,50.2,224,226
2022-11-28 02:48:00,50.5,50.6,223,226
2022-11-28 02:50:00,50.6,50.5,223,226
2022-11-28 02:52:00,50.2,50.2,224,226
2022-11-28 02:54:00,50.5,50.5,223,225
2022-11-28 02:56:00,50.4,50.4,223,225
2022-11-28 02:58:00,50.2,50.2,225,226
2022-11-28 03:00:00,50.5,50.5,223,226
2022-11-28 03:02:00,50.3,50.3,223,226
2022-11-28 03:04:00,50.2,50.2,225,226
2022-11-28 03:06:00,50.3,50.4,225,226
2022-11-28 03:08:00,50.4,50.4,223,226
2022-11-28 03:10:00,50.2,50.3,224,226
2022-11-28 03:12:00,50.4,50.4,224,226
2022-11-28 03:14:00,50.5,50.4,223,226
2022-11-28 03:16:00,50.2,50.2,223,226
2022-11-28 03:18:00,50.5,50.4,225,226
2022-11-28 03:20:00,50.7,50.6,223,226
2022-11-28 03:22:00,50.4,50.4,226,228
2022-11-28 03:24:00,50.4,50.4,226,228
2022-11-28 03:26:00,50.5,50.4,223,226
2022-11-28 03:28:00,50.5,50.5,223,226
2022-11-28 03:30:00,50.6,50.5,225,227
2022-11-28 03:32:00,50.4,50.4,224,227
2022-11-28 03:34:00,50.4,50.4,223,226
2022-11-28 03:36:00,50.7,50.7,226,227
2022-11-28 03:38:00,50.3,50.4,223,226
2022-11-28 03:40:00,50.3,50.3,224,226
2022-11-28 03:42:00,50.5,50.5,225,227
2022-11-28 03:44:00,50.4,50.5,226,228
2022-11-28 03:46:00,50.4,50.4,223,226
2022-11-28 03:48:00,50.5,50.5,226,228
2022-11-28 03:50:00,50.2,50.2,226,228
2022-11-28 03:52:00,50.5,50.5,225,227
2022-11-28 03:54:00,50.2,50.3,225,226
2022-11-28 03:56:00,50.6,50.6,226,228
2022-11-28 03:58:00,50.4,50.3,223,226
2022-11-28 04:00:00,50.5,50.5,224,226
2022-11-28 04:02:00,50.7,50.6,225,226
2022-11-28 04:04:00,50.3,50.3,224,226
2022-11-28 04:06:00,50.6,50.6,225,227
2022-11-28 04:08:00,50.4,50.3,226,227
2022-11-28 04:10:00,50.3,50.3,223,226
2022-11-28 04:12:00,50.3,50.3,223,226
2022-11-28 04:14:00,50.3,50.3,224,226
2022-11-28 04:16:00,50.3,50.3,224,226
2022-11-28 04:18:00,50.3,50.3,223,225
2022-11-28 04:20:00,50.3,50.3,226,227
2022-11-28 04:22:00,50.4,50.4,224,226
2022-11-28 04:24:00,50.3,50.4,223,226
2022-11-28 04:26:00,50.4,50.5,224,226
2022-11-28 04:28:00,50.6,50.6,223,226
2022-11-28 04:30:00,50.3,50.3,223,226
2022-11-28 04:32:00,50.4,50.4,223,226
2022-11-28 04:34:00,50.3,50.3,223,226
2022-11-28 04:36:00,50.3,50.4,222,225
2022-11-28 04:38:00,50.5,50.5,223,226
2022-11-28 04:40:00,50.3,50.3,224,226
2022-11-28 04:42:00,50.4,50.4,222,225
2022-11-28 04:44:00,50.3,50.3,221,224
2022-11-28 04:46:00,50.2,50.2,224,226
2022-11-28 04:48:00,50.3,50.3,223,226
2022-11-28 04:50:00,50.4,50.3,223,226
2022-11-28 04:52:00,50.3,50.3,225,227
2022-11-28 04:54:00,50.4,50.4,225,227
2022-11-28 04:56:00,50.4,50.3,223,225
2022-11-28 04:58:00,50.3,50.4,224,226
2022-11-28 05:00:00,50.3,50.3,225,226
2022-11-28 05:02:00,50.4,50.4,224,226
2022-11-28 05:04:00,50.3,50.3,226,228
2022-11-28 05:06:00,50.5,50.5,226,228
2022-11-28 05:08:00,50.3,50.3,222,224
2022-11-28 05:10:00,50.4,50.3,222,223
2022-11-28 05:12:00,50.4,50.3,221,223
2022-11-28 05:14:00,50.4,50.4,217,219
2022-11-28 05:16:00,50.1,50.1,217,219
2022-11-28 05:18:00,50.3,50.3,219,220
2022-11-28 05:20:00,50.3,50.3,219,221
2022-11-28 05:22:00,50.2,50.2,217,219
2022-11-28 05:24:00,50.3,50.3,217,219
2022-11-28 05:26:00,50.2,50.2,220,221
2022-11-28 05:28:00,50.1,50.1,211,214
2022-11-28 05:30:00,50.2,50.2,214,216
2022-11-28 05:32:00,50.3,50.3,213,216
2022-11-28 05:34:00,50.0,50.1,210,214
2022-11-28 05:36:00,50.1,50.1,212,215
2022-11-28 05:38:00,50.2,50.2,213,216
2022-11-28 05:40:00,50.1,50.2,212,216
2022-11-28 05:42:00,50.2,50.2,211,214
2022-11-28 05:44:00,50.2,50.1,209,207
2022-11-28 05:46:00,50.2,50.2,208,206
2022-11-28 05:48:00,50.0,50,206,204
2022-11-28 05:50:00,50.2,50.2,209,206
2022-11-28 05:52:00,50.2,50.2,208,205
2022-11-28 05:54:00,50.1,50.1,207,205
2022-11-28 05:56:00,50.1,50.1,209,205
2022-11-28 05:58:00,50.1,50.1,212,215
2022-11-28 06:00:00,50.0,50.1,209,207
2022-11-28 06:02:00,50.2,50.1,211,208
2022-11-28 06:04:00,49.9,50.0,213,209
2022-11-28 06:06:00,50.1,50.1,214,217
2022-11-28 06:08:00,50.0,49.9,209,207
2022-11-28 06:10:00,50.1,50.1,209,206
2022-11-28 06:12:00,50.2,50.2,207,204
2022-11-28 06:14:00,50.4,50.4,202,209
2022-11-28 06:16:00,50.3,50.3,201,202
2022-11-28 06:18:00,50.4,50.4,206,207
2022-11-28 06:20:00,50.4,50.4,197,200
2022-11-28 06:22:00,50.4,50.4,200,209
2022-11-28 06:24:00,50.3,50.3,197,207
2022-11-28 06:26:00,50.4,50.4,202,210
2022-11-28 06:28:00,50.0,50.0,204,209
2022-11-28 06:30:00,50.4,50.4,199,207
2022-11-28 06:32:00,50.3,50.3,203,210
2022-11-28 06:34:00,50.3,50.2,200,207
2022-11-28 06:36:00,50.3,50.3,204,207
2022-11-28 06:38:00,50.6,50.5,207,209
2022-11-28 06:40:00,50.2,50.2,195,201
2022-11-28 06:42:00,50.5,50.4,198,204
2022-11-28 06:44:00,50.6,50.6,199,204
2022-11-28 06:46:00,50.2,50.2,196,202
2022-11-28 06:48:00,50.3,50.3,197,203
2022-11-28 06:50:00,50.4,50.4,194,202
2022-11-28 06:52:00,50.4,50.4,199,204
2022-11-28 06:54:00,50.3,50.3,195,202
2022-11-28 06:56:00,50.3,50.3,192,202
2022-11-28 06:58:00,50.4,50.4,189,198
2022-11-28 07:00:00,50.5,50.5,204,208
2022-11-28 07:02:00,50.4,50.4,205,209
2022-11-28 07:04:00,50.2,50.2,198,203
2022-11-28 07:06:00,50.1,50.1,197,202
2022-11-28 07:08:00,50.3,50.3,198,204
2022-11-28 07:10:00,50.3,50.3,202,206
2022-11-28 07:12:00,50.5,50.4,204,208
2022-11-28 07:14:00,50.3,50.3,204,209
2022-11-28 07:16:00,50.2,50.2,199,204
2022-11-28 07:18:00,50.3,50.4,198,204
2022-11-28 07:20:00,50.3,50.3,201,204
2022-11-28 07:22:00,50.3,50.4,202,207
2022-11-28 07:24:00,50.4,50.4,202,207
2022-11-28 07:26:00,50.1,50.1,198,204
2022-11-28 07:28:00,50.3,50.4,202,206
2022-11-28 07:30:00,50.1,50.2,199,205
2022-11-28 07:32:00,50.2,50.2,202,205
2022-11-28 07:34:00,50.2,50.2,199,204
2022-11-28 07:36:00,50.2,50.3,194,201
2022-11-28 07:38:00,50.2,50.3,204,207
2022-11-28 07:40:00,50.1,50.1,192,198
2022-11-28 07:42:00,50.3,50.4,200,204
2022-11-28 07:44:00,50.4,50.4,199,204
2022-11-28 07:46:00,50.3,50.3,204,206
2022-11-28 07:48:00,50.2,50.2,199,203
2022-11-28 07:50:00,50.3,50.3,205,207
2022-11-28 07:52:00,50.2,50.2,204,206
2022-11-28 07:54:00,50.4,50.3,204,207
2022-11-28 07:56:00,50.4,50.3,207,208
2022-11-28 07:58:00,50.0,50.0,204,205
2022-11-28 08:00:00,50.3,50.3,202,204
2022-11-28 08:02:00,50.3,50.3,204,205
2022-11-28 08:04:00,50.3,50.2,204,204
2022-11-28 08:06:00,50.3,50.3,204,207
2022-11-28 08:08:00,50.2,50.2,201,203
2022-11-28 08:10:00,50.0,50.1,202,203
2022-11-28 08:12:00,50.2,50.1,203,205
2022-11-28 08:14:00,50.4,50.4,204,206
2022-11-28 08:16:00,50.0,50.0,203,206
2022-11-28 08:18:00,50.1,50.2,202,204
2022-11-28 08:20:00,50.2,50.3,199,202
2022-11-28 08:22:00,50.3,50.3,199,202
2022-11-28 08:24:00,50.1,50.2,191,193
2022-11-28 08:26:00,50.4,50.4,193,196
2022-11-28 08:28:00,50.2,50.2,203,206
2022-11-28 08:30:00,50.2,50.3,200,202
2022-11-28 08:32:00,50.3,50.3,202,204
2022-11-28 08:34:00,50.1,50.0,202,204
2022-11-28 08:36:00,50.2,50.2,201,204
2022-11-28 08:38:00,50.2,50.1,202,204
2022-11-28 08:40:00,50.3,50.3,204,207
2022-11-28 08:42:00,50.0,50.0,205,208
2022-11-28 08:44:00,50.2,50.2,202,205
2022-11-28 08:46:00,50.7,50.7,214,216
2022-11-28 08:48:00,51.1,51.1,220,222
2022-11-28 08:50:00,50.2,50.2,209,212
2022-11-28 08:52:00,50.2,50.3,208,211
2022-11-28 08:54:00,50.2,50.2,209,212
2022-11-28 08:56:00,50.4,50.4,210,213
2022-11-28 08:58:00,50.3,50.3,207,210
2022-11-28 09:00:00,50.1,50.1,204,207
2022-11-28 09:02:00,50.4,50.5,208,211
2022-11-28 09:04:00,50.2,50.2,205,209
2022-11-28 09:06:00,50.3,50.3,207,210
2022-11-28 09:08:00,50.4,50.3,207,210
2022-11-28 09:10:00,50.2,50.2,208,210
2022-11-28 09:12:00,50.2,50.1,209,211
2022-11-28 09:14:00,50.1,50.1,208,210
2022-11-28 09:16:00,50.2,50.2,207,210
2022-11-28 09:18:00,50.3,50.3,204,207
2022-11-28 09:20:00,49.9,50.0,202,204
2022-11-28 09:22:00,50.0,50.0,202,204
2022-11-28 09:24:00,49.9,49.9,199,202
2022-11-28 09:26:00,50.1,50.2,199,202
2022-11-28 09:28:00,50.0,49.9,197,199
2022-11-28 09:30:00,50.1,50.1,198,202
2022-11-28 09:32:00,50.2,50.2,197,199
2022-11-28 09:34:00,50.0,50.0,189,192
2022-11-28 09:36:00,49.8,49.8,193,195
2022-11-28 09:38:00,49.8,49.7,190,194
2022-11-28 09:40:00,50.0,50.0,187,190
2022-11-28 09:42:00,50.1,50.1,182,191
2022-11-28 09:44:00,50.1,50.1,179,188
2022-11-28 09:46:00,50.0,50,180,189
2022-11-28 09:48:00,49.9,49.9,182,190
2022-11-28 09:50:00,50.1,50.0,190,193
2022-11-28 09:52:00,50.0,50.1,190,192
2022-11-28 09:54:00,49.7,49.8,190,192
2022-11-28 09:56:00,50.0,50.0,187,191
2022-11-28 09:58:00,49.8,49.8,185,188
2022-11-28 10:00:00,50.2,50.2,190,192
2022-11-28 10:02:00,50.0,50.0,184,187
2022-11-28 10:04:00,49.8,49.8,186,189
2022-11-28 10:06:00,49.9,49.9,190,192
2022-11-28 10:08:00,50.2,50.2,185,189
2022-11-28 10:10:00,50.0,50.0,183,186
2022-11-28 10:12:00,50.2,50.3,185,187
2022-11-28 10:14:00,50.2,50.2,187,190
2022-11-28 10:16:00,50.0,50.0,182,186
2022-11-28 10:18:00,49.9,50.0,182,185
2022-11-28 10:20:00,50.0,50.0,185,189
2022-11-28 10:22:00,49.9,49.9,180,184
2022-11-28 10:24:00,50.2,50.1,187,190
2022-11-28 10:26:00,50.1,50.0,184,186
2022-11-28 10:28:00,50.0,50.0,190,194
2022-11-28 10:30:00,50.1,50.1,183,187
2022-11-28 10:32:00,50.2,50.3,190,192
2022-11-28 10:34:00,50.1,50.1,192,194
2022-11-28 10:36:00,50.1,50.2,187,191
2022-11-28 10:38:00,50.2,50.2,184,190
2022-11-28 10:40:00,50.0,50.0,185,191
2022-11-28 10:42:00,50.2,50.2,185,192
2022-11-28 10:44:00,50.0,50.0,186,192
2022-11-28 10:46:00,50.0,49.9,195,198
2022-11-28 10:48:00,49.8,49.8,192,195
2022-11-28 10:50:00,50.0,50.0,187,191
2022-11-28 10:52:00,50.2,50.2,194,197
2022-11-28 10:54:00,50.3,50.2,191,194
2022-11-28 10:56:00,50.0,50.0,189,194
2022-11-28 10:58:00,50.0,50.0,189,192
2022-11-28 11:00:00,50.0,50.0,194,197
2022-11-28 11:02:00,50.2,50.2,187,192
2022-11-28 11:04:00,50.1,50.1,192,194
2022-11-28 11:06:00,50.0,50.0,185,191
2022-11-28 11:08:00,50.1,50.1,194,198
2022-11-28 11:10:00,49.7,49.6,191,195
2022-11-28 11:12:00,50.1,50.1,196,199
2022-11-28 11:14:00,50.1,50.1,192,196
2022-11-28 11:16:00,50.1,50.0,191,194
2022-11-28 11:18:00,50.0,50.0,193,197
2022-11-28 11:20:00,50.1,50.0,192,194
2022-11-28 11:22:00,50.1,50.1,186,192
2022-11-28 11:24:00,50.2,50.2,192,195
2022-11-28 11:26:00,50.2,50.1,193,197
2022-11-28 11:28:00,50.3,50.2,187,192
2022-11-28 11:30:00,50.0,50.0,184,190
2022-11-28 11:32:00,50.1,50.2,190,194
2022-11-28 11:34:00,49.9,49.9,191,194
2022-11-28 11:36:00,50.1,50.2,194,197
2022-11-28 11:38:00,50.2,50.2,191,194
2022-11-28 11:40:00,50.1,50.1,193,197
2022-11-28 11:42:00,50.1,50.0,190,194
2022-11-28 11:44:00,50.1,50.1,189,192
2022-11-28 11:46:00,50.1,50.2,191,194
2022-11-28 11:48:00,50.2,50.2,191,194
2022-11-28 11:50:00,50.2,50.2,192,196
2022-11-28 11:52:00,50.0,50.0,186,190
2022-11-28 11:54:00,49.8,49.8,185,188
2022-11-28 11:56:00,50.4,50.3,187,191
2022-11-28 11:58:00,50.2,50.2,187,192
2022-11-28 12:00:00,50.3,50.3,192,196
2022-11-28 12:02:00,50.6,50.6,182,190
2022-11-28 12:04:00,50.3,50.3,187,192
2022-11-28 12:06:00,50.0,50.0,185,190
2022-11-28 12:08:00,50.2,50.2,188,192
2022-11-28 12:10:00,50.2,50.2,183,189
2022-11-28 12:12:00,50.3,50.2,185,189
2022-11-28 12:14:00,50.0,50.1,189,192
2022-11-28 12:16:00,50.2,50.2,187,192
2022-11-28 12:18:00,50.2,50.1,185,190
2022-11-28 12:20:00,50.2,50.2,185,190
2022-11-28 12:22:00,50.2,50.2,186,191
2022-11-28 12:24:00,50.1,50.1,185,190
2022-11-28 12:26:00,50.3,50.3,186,190
2022-11-28 12:28:00,49.8,49.8,183,189
2022-11-28 12:30:00,50.4,50.3,191,196
2022-11-28 12:32:00,50.3,50.3,192,194
2022-11-28 12:34:00,50.1,50.2,190,193
2022-11-28 12:36:00,50.2,50.2,187,192
2022-11-28 12:38:00,50.1,50.1,190,194
2022-11-28 12:40:00,50.0,49.9,188,192
2022-11-28 12:42:00,50.1,50.1,190,194
2022-11-28 12:44:00,50.0,50.0,185,190
2022-11-28 12:46:00,49.9,50.0,188,192
2022-11-28 12:48:00,49.9,50.0,188,194
2022-11-28 12:50:00,50.0,50.0,187,191
2022-11-28 12:52:00,50.0,50,187,192
2022-11-28 12:54:00,49.9,49.9,183,191
2022-11-28 12:56:00,50.0,50.1,186,191
2022-11-28 12:58:00,50.1,50.1,180,185
2022-11-28 13:00:00,49.9,50.0,180,184
2022-11-28 13:02:00,50.5,50.4,181,185
2022-11-28 13:04:00,49.8,49.9,182,186
2022-11-28 13:06:00,49.9,49.9,180,185
2022-11-28 13:08:00,50.7,50.7,185,188
2022-11-28 13:10:00,49.4,49.4,184,188
2022-11-28 13:12:00,50.4,50.3,183,187
2022-11-28 13:14:00,50.0,50.0,173,180
2022-11-28 13:16:00,49.6,49.7,170,178
2022-11-28 13:18:00,49.9,49.9,180,185
2022-11-28 13:20:00,50.0,50.0,181,185
2022-11-28 13:22:00,50.2,50.2,182,186
2022-11-28 13:24:00,50.2,50.1,182,185
2022-11-28 13:26:00,50.2,50.2,183,186
2022-11-28 13:28:00,50.0,49.9,180,185
2022-11-28 13:30:00,49.9,49.9,182,185
2022-11-28 13:32:00,50.3,50.3,185,187
2022-11-28 13:34:00,49.9,49.9,175,178
2022-11-28 13:36:00,50.0,50.0,177,181
2022-11-28 13:38:00,50.5,50.5,182,185
2022-11-28 13:40:00,49.6,49.7,172,178
2022-11-28 13:42:00,50.3,50.3,172,177
2022-11-28 13:44:00,50.7,50.7,179,182
2022-11-28 13:46:00,50.4,50.4,178,182
2022-11-28 13:48:00,50.5,50.6,180,184
2022-11-28 13:50:00,50.4,50.4,178,180
2022-11-28 13:52:00,50.3,50.3,170,175
2022-11-28 13:54:00,50.2,50.2,174,178
2022-11-28 13:56:00,50.7,50.6,178,180
2022-11-28 13:58:00,50.4,50.3,176,180
2022-11-28 14:00:00,50.4,50.4,171,175
2022-11-28 14:02:00,50.2,50.3,175,178
2022-11-28 14:04:00,50.0,50.0,183,185
2022-11-28 14:06:00,50.1,50.2,182,186
2022-11-28 14:08:00,50.6,50.5,183,187
2022-11-28 14:10:00,50.4,50.5,184,187
2022-11-28 14:12:00,50.1,50.1,177,183
2022-11-28 14:14:00,50.3,50.4,182,186
2022-11-28 14:16:00,50.2,50.2,178,182
2022-11-28 14:18:00,50.3,50.3,183,186
2022-11-28 14:20:00,50.5,50.6,186,189
2022-11-28 14:22:00,50.2,50.2,181,185
2022-11-28 14:24:00,50.4,50.4,181,185
2022-11-28 14:26:00,50.2,50.3,183,187
2022-11-28 14:28:00,50.2,50.3,175,184
2022-11-28 14:30:00,50.2,50.3,175,182
2022-11-28 14:32:00,50.5,50.6,174,183
2022-11-28 14:34:00,50.1,50.2,180,184
2022-11-28 14:36:00,50.1,50.2,182,185
2022-11-28 14:38:00,50.4,50.4,180,185
2022-11-28 14:40:00,50.2,50.2,182,185
2022-11-28 14:42:00,50.1,50.2,178,183
2022-11-28 14:44:00,50.3,50.4,175,182
2022-11-28 14:46:00,50.1,50.1,170,178
2022-11-28 14:48:00,50.1,50.1,175,182
2022-11-28 14:50:00,50.3,50.2,173,180
2022-11-28 14:52:00,50.2,50.3,173,180
2022-11-28 14:54:00,50.1,50.3,178,186
2022-11-28 14:56:00,50.1,50.1,178,185
2022-11-28 14:58:00,50.3,50.3,174,178
2022-11-28 15:00:00,50.4,51.4,176,180
2022-11-28 15:02:00,50.2,50.0,177,183
2022-11-28 15:04:00,50.5,50.3,173,182
2022-11-28 15:06:00,50.3,50.0,184,187
2022-11-28 15:08:00,50.3,50.0,177,181
2022-11-28 15:10:00,50.0,50.0,176,180
2022-11-28 15:12:00,50.2,50.2,178,182
2022-11-28 15:14:00,50.0,50.0,176,182
2022-11-28 15:16:00,49.9,50.0,174,178
2022-11-28 15:18:00,49.8,49.8,171,173
2022-11-28 15:20:00,50.2,50.2,175,179
2022-11-28 15:22:00,50.3,50.2,175,180
2022-11-28 15:24:00,50.3,50.3,170,178
2022-11-28 15:26:00,50.4,50.4,176,181
2022-11-28 15:28:00,50.4,50.5,174,178
2022-11-28 15:30:00,50.2,50.2,175,180
2022-11-28 15:32:00,50.4,50.3,176,180
2022-11-28 15:34:00,50.3,50.3,177,180
2022-11-28 15:36:00,49.7,49.7,173,178
2022-11-28 15:38:00,49.8,49.7,175,178
2022-11-28 15:40:00,50.3,50.4,175,179
2022-11-28 15:42:00,50.2,50.2,178,181
2022-11-28 15:44:00,50.2,50.3,178,181
2022-11-28 15:46:00,50.2,50.2,180,182
2022-11-28 15:48:00,50.3,50.3,177,182
2022-11-28 15:50:00,50.4,50.4,177,182
2022-11-28 15:52:00,50.1,50.0,173,178
2022-11-28 15:54:00,49.9,49.8,175,179
2022-11-28 15:56:00,50.0,50.0,172,177
2022-11-28 15:58:00,50.7,50.7,178,181
2022-11-28 16:00:00,50.4,50.3,179,182
2022-11-28 16:02:00,50.4,50.3,179,183
2022-11-28 16:04:00,50.5,50.6,179,183
2022-11-28 16:06:00,50.6,50.6,182,185
2022-11-28 16:08:00,50.0,50.1,180,184
2022-11-28 16:10:00,50.4,50.4,186,190
2022-11-28 16:12:00,50.4,50.5,185,188
2022-11-28 16:14:00,50.2,50.3,182,187
2022-11-28 16:16:00,50.4,50.5,185,187
2022-11-28 16:18:00,50.5,50.7,185,187
2022-11-28 16:20:00,50.8,50.8,185,190
2022-11-28 16:22:00,50.3,50.4,185,188
2022-11-28 16:24:00,50.4,50.4,187,190
2022-11-28 16:26:00,50.2,50.1,185,189
2022-11-28 16:28:00,50.3,50.3,187,194
2022-11-28 16:30:00,50.3,50.2,189,190
2022-11-28 16:32:00,50.3,50.4,187,192
2022-11-28 16:34:00,50.4,50.4,184,190
2022-11-28 16:36:00,50.2,50.2,188,192
2022-11-28 16:38:00,50.6,50.5,187,190
2022-11-28 16:40:00,50.3,50.3,186,190
2022-11-28 16:42:00,50.7,50.7,190,192
2022-11-28 16:44:00,50.3,50.2,186,187
2022-11-28 16:46:00,50.3,50.3,188,192
2022-11-28 16:48:00,50.5,50.4,192,194
2022-11-28 16:50:00,50.6,50.5,191,193
2022-11-28 16:52:00,50.3,50.1,192,194
2022-11-28 16:54:00,50.7,50.7,194,197
2022-11-28 16:56:00,50.3,50.3,192,195
2022-11-28 16:58:00,50.5,50.6,192,196
2022-11-28 17:00:00,50.6,50.6,192,195
2022-11-28 17:02:00,50.7,50.7,193,194
2022-11-28 17:04:00,50.7,50.8,193,197
2022-11-28 17:06:00,50.4,50.6,193,197
2022-11-28 17:08:00,50.5,50.5,190,193
2022-11-28 17:10:00,50.2,50.2,191,192
2022-11-28 17:12:00,50.2,50.2,192,196
2022-11-28 17:14:00,50.5,50.5,192,195
2022-11-28 17:16:00,50.3,50.3,192,194
2022-11-28 17:18:00,50.5,50.4,191,193
2022-11-28 17:20:00,50.5,50.5,192,194
2022-11-28 17:22:00,50.2,50.2,192,194
2022-11-28 17:24:00,50.3,50.3,192,195
2022-11-28 17:26:00,50.2,50.2,189,192
2022-11-28 17:28:00,50.2,50.1,193,196
2022-11-28 17:30:00,50.1,50.2,191,194
2022-11-28 17:32:00,50.2,50.2,190,192
2022-11-28 17:34:00,50.0,50.0,187,189
2022-11-28 17:36:00,50.4,50.4,187,190
2022-11-28 17:38:00,50.2,50.2,187,190
2022-11-28 17:40:00,50.0,49.9,187,190
2022-11-28 17:42:00,50.2,50.2,187,190
2022-11-28 17:44:00,50.1,50.1,189,193
2022-11-28 17:46:00,50.1,50.2,190,192
2022-11-28 17:48:00,50.2,50.2,192,194
2022-11-28 17:50:00,50.3,50.3,189,192
2022-11-28 17:52:00,50.3,50.4,191,193
2022-11-28 17:54:00,50.0,50.2,190,192
2022-11-28 17:56:00,50.2,50.2,187,189
2022-11-28 17:58:00,50.0,50.2,190,194
2022-11-28 18:00:00,50.0,50.0,192,194
2022-11-28 18:02:00,50.1,50.2,190,192
2022-11-28 18:04:00,50.2,50.2,192,195
2022-11-28 18:06:00,50.2,50.1,194,195
2022-11-28 18:08:00,50.3,50.3,192,195
2022-11-28 18:10:00,50.1,50.1,192,195
2022-11-28 18:12:00,50.0,50,190,192
2022-11-28 18:14:00,49.9,50.0,191,194
2022-11-28 18:16:00,50.0,50.1,185,187
2022-11-28 18:18:00,50.4,50.4,185,187
2022-11-28 18:20:00,50.2,50.2,185,186
2022-11-28 18:22:00,50.1,50,184,187
2022-11-28 18:24:00,50.0,50.1,185,187
2022-11-28 18:26:00,50.3,50.4,187,190
2022-11-28 18:28:00,49.9,49.9,187,190
2022-11-28 18:30:00,50.0,50.0,186,188
2022-11-28 18:32:00,50.2,50.2,187,188
2022-11-28 18:34:00,50.2,50.2,181,184
2022-11-28 18:36:00,50.3,50.2,182,185
2022-11-28 18:38:00,50.4,50.3,184,185
2022-11-28 18:40:00,50.0,50.1,182,184
2022-11-28 18:42:00,50.1,50.1,182,185
2022-11-28 18:44:00,50.1,50.1,187,189
2022-11-28 18:46:00,50.2,50.2,190,192
2022-11-28 18:48:00,50.1,50.1,189,191
2022-11-28 18:50:00,50.0,50.1,187,189
2022-11-28 18:52:00,50.1,50.2,190,191
2022-11-28 18:54:00,50.1,50.0,189,191
2022-11-28 18:56:00,50.0,50.1,185,187
2022-11-28 18:58:00,50.1,50.1,185,187
2022-11-28 19:00:00,50.2,50.2,185,187
2022-11-28 19:02:00,50.1,50.1,185,187
2022-11-28 19:04:00,49.9,49.9,185,187
2022-11-28 19:06:00,50.3,50.3,188,190
2022-11-28 19:08:00,50.1,50.1,190,192
2022-11-28 19:10:00,50.0,49.9,185,187
2022-11-28 19:12:00,49.9,49.9,184,186
2022-11-28 19:14:00,50.0,50.1,185,187
2022-11-28 19:16:00,50.4,50.4,189,190
2022-11-28 19:18:00,50.2,50.2,186,188
2022-11-28 19:20:00,50.1,50.1,187,189
2022-11-28 19:22:00,50.2,50.2,192,193
2022-11-28 19:24:00,50.1,50.1,188,190
2022-11-28 19:26:00,50.0,50.0,190,192
2022-11-28 19:28:00,50.1,50.0,188,190
2022-11-28 19:30:00,50.1,50.1,189,190
2022-11-28 19:32:00,50.1,50.1,188,190
2022-11-28 19:34:00,50.0,50.0,185,187
2022-11-28 19:36:00,50.0,50.0,185,187
2022-11-28 19:38:00,50.2,50.1,188,190
2022-11-28 19:40:00,50.4,50.4,190,192
2022-11-28 19:42:00,50.1,50.1,184,182
2022-11-28 19:44:00,50.3,50.3,184,180
2022-11-28 19:46:00,50.3,50.3,188,185
2022-11-28 19:48:00,50.2,50.1,189,192
2022-11-28 19:50:00,50.3,50.2,187,185
2022-11-28 19:52:00,50.2,50.2,190,187
2022-11-28 19:54:00,50.0,50.1,190,187
2022-11-28 19:56:00,50.3,50.3,188,186
2022-11-28 19:58:00,50.2,50.2,188,192
2022-11-28 20:00:00,50.1,50.2,184,189
2022-11-28 20:02:00,50.4,50.3,184,189
2022-11-28 20:04:00,50.2,50.2,185,189
2022-11-28 20:06:00,50.2,50.3,187,191
2022-11-28 20:08:00,50.2,50.2,193,194
2022-11-28 20:10:00,50.0,50.1,194,195
2022-11-28 20:12:00,50.3,50.3,194,195
2022-11-28 20:14:00,50.2,50.2,192,194
2022-11-28 20:16:00,50.1,50.2,193,194
2022-11-28 20:18:00,50.0,50.0,193,194
2022-11-28 20:20:00,50.3,50.3,192,194
2022-11-28 20:22:00,50.1,50.1,194,196
2022-11-28 20:24:00,50.0,50.1,195,197
2022-11-28 20:26:00,50.3,50.3,193,195
2022-11-28 20:28:00,50.2,50.2,192,194
2022-11-28 20:30:00,50.2,50.2,194,196
2022-11-28 20:32:00,50.4,50.4,193,196
2022-11-28 20:34:00,50.2,50.2,192,194
2022-11-28 20:36:00,50.1,50.2,192,194
2022-11-28 20:38:00,50.2,50.2,192,194
2022-11-28 20:40:00,49.9,49.9,190,192
2022-11-28 20:42:00,50.3,50.3,191,193
2022-11-28 20:44:00,50.5,50.5,192,194
2022-11-28 20:46:00,50.3,50.2,194,197
2022-11-28 20:48:00,50.3,50.3,195,197
2022-11-28 20:50:00,50.4,50.3,195,197
2022-11-28 20:52:00,50.2,50.2,195,197
2022-11-28 20:54:00,50.2,50.1,193,194
2022-11-28 20:56:00,50.3,50.3,193,194
2022-11-28 20:58:00,49.5,49.5,187,190
2022-11-28 21:00:00,50.2,50.2,188,190
2022-11-28 21:02:00,50.2,50.2,190,191
2022-11-28 21:04:00,50.1,50.0,184,187
2022-11-28 21:06:00,50.2,50.2,185,187
2022-11-28 21:08:00,50.3,50.2,188,190
2022-11-28 21:10:00,50.3,50.3,187,190
2022-11-28 21:12:00,50.4,50.4,193,196
2022-11-28 21:14:00,50.6,50.6,196,198
2022-11-28 21:16:00,50.2,50.2,194,196
2022-11-28 21:18:00,50.3,50.3,193,195
2022-11-28 21:20:00,50.5,50.6,196,198
2022-11-28 21:22:00,50.4,50.4,201,202
2022-11-28 21:24:00,50.2,50.3,197,199
2022-11-28 21:26:00,50.5,50.5,199,201
2022-11-28 21:28:00,50.3,50.4,196,197
2022-11-28 21:30:00,50.3,50.4,194,197
2022-11-28 21:32:00,50.4,50.4,194,197
2022-11-28 21:34:00,50.3,50.4,198,200
2022-11-28 21:36:00,50.3,50.2,199,201
2022-11-28 21:38:00,50.7,50.7,199,202
2022-11-28 21:40:00,50.3,50.4,201,203
2022-11-28 21:42:00,50.4,50.4,199,202
2022-11-28 21:44:00,50.3,50.3,199,202
2022-11-28 21:46:00,50.4,50.4,201,202
2022-11-28 21:48:00,50.5,50.4,198,199
2022-11-28 21:50:00,50.4,50.5,198,200
2022-11-28 21:52:00,50.4,50.3,199,202
2022-11-28 21:54:00,50.5,50.5,200,202
2022-11-28 21:56:00,50.6,50.6,199,202
2022-11-28 21:58:00,50.4,50.4,202,203
2022-11-28 22:00:00,50.5,50.6,202,204
2022-11-28 22:02:00,50.6,50.6,199,202
2022-11-28 22:04:00,50.3,50.3,202,204
2022-11-28 22:06:00,50.6,50.7,204,205
2022-11-28 22:08:00,50.5,50.5,205,208
2022-11-28 22:10:00,50.5,50.4,207,208
2022-11-28 22:12:00,49.6,49.6,207,209
2022-11-28 22:14:00,50.0,50.1,206,208
2022-11-28 22:16:00,50.0,50.0,206,208
2022-11-28 22:18:00,49.9,49.9,205,207
2022-11-28 22:20:00,50.1,50.1,204,207
2022-11-28 22:22:00,49.9,49.8,205,207
2022-11-28 22:24:00,50.2,50.2,206,207
2022-11-28 22:26:00,50.0,50.1,206,207
2022-11-28 22:28:00,50.0,50.1,203,206
2022-11-28 22:30:00,50.1,50.1,206,207
2022-11-28 22:32:00,50.3,50.3,206,208
2022-11-28 22:34:00,50.0,50.0,207,210
2022-11-28 22:36:00,49.9,49.9,209,210
2022-11-28 22:38:00,50.3,50.3,209,211
2022-11-28 22:40:00,50.2,50.2,211,214
2022-11-28 22:42:00,50.1,50.0,213,214
2022-11-28 22:44:00,50.2,50.1,213,215
2022-11-28 22:46:00,49.9,50.0,211,213
2022-11-28 22:48:00,50.0,50.0,211,214
2022-11-28 22:50:00,50.2,50.1,213,214
2022-11-28 22:52:00,50.3,50.2,211,213
2022-11-28 22:54:00,50.0,50.2,211,214
2022-11-28 22:56:00,50.3,50.2,212,214
2022-11-28 22:58:00,50.1,50.2,211,214
2022-11-28 23:00:00,50.3,50.3,212,214
2022-11-28 23:02:00,50.5,50.5,214,216
2022-11-28 23:04:00,50.1,50.1,214,216
2022-11-28 23:06:00,50.3,50.3,214,217
2022-11-28 23:08:00,50.4,50.5,216,218
2022-11-28 23:10:00,50.2,50.2,216,218
2022-11-28 23:12:00,50.3,50.2,214,217
2022-11-28 23:14:00,50.3,50.2,216,219
2022-11-28 23:16:00,50.1,50.1,217,219
2022-11-28 23:18:00,50.2,50.3,213,216
2022-11-28 23:20:00,50.3,50.3,215,216
2022-11-28 23:22:00,50.1,50.1,215,216
2022-11-28 23:24:00,50.3,50.3,214,216
2022-11-28 23:26:00,50.4,50.4,217,219
2022-11-28 23:28:00,50.2,50.2,219,221
2022-11-28 23:30:00,50.4,50.4,218,220
2022-11-28 23:32:00,50.4,50.4,218,221
2022-11-28 23:34:00,50.1,50.1,219,220
2022-11-28 23:36:00,50.3,50.3,217,220
2022-11-28 23:38:00,50.3,50.3,218,220
2022-11-28 23:40:00,50.2,50.2,219,221
2022-11-28 23:42:00,50.0,50.0,219,220
2022-11-28 23:44:00,50.4,50.4,218,221
2022-11-28 23:46:00,50.1,50.0,219,221
2022-11-28 23:48:00,50.4,50.4,219,221
2022-11-28 23:50:00,50.3,50.4,215,218
2022-11-28 23:52:00,50.2,50.2,216,218
2022-11-28 23:54:00,50.4,50.3,216,218
2022-11-28 23:56:00,50.4,50.3,219,221
2022-11-28 23:58:00,50.1,50.1,217,220
2022-11-29 00:00:00,50.3,50.3,219,221
2022-11-29 00:02:00,50.6,50.6,218,221
2022-11-29 00:04:00,50.2,50.1,219,221
2022-11-29 00:06:00,50.5,50.4,220,222
2022-11-29 00:08:00,50.5,50.5,219,221
2022-11-29 00:10:00,50.2,50.2,219,221
2022-11-29 00:12:00,50.4,50.4,221,223
2022-11-29 00:14:00,50.5,50.5,221,223
2022-11-29 00:16:00,50.3,50.3,219,221
2022-11-29 00:18:00,50.3,50.3,221,223
2022-11-29 00:20:00,50.3,50.3,221,223
2022-11-29 00:22:00,50.3,50.2,220,222
2022-11-29 00:24:00,50.3,50.4,221,223
2022-11-29 00:26:00,50.3,50.3,221,223
2022-11-29 00:28:00,50.4,50.3,220,222
2022-11-29 00:30:00,50.4,50.4,220,222
2022-11-29 00:32:00,50.4,50.4,221,223
2022-11-29 00:34:00,50.5,50.5,220,223
2022-11-29 00:36:00,50.3,50.3,221,223
2022-11-29 00:38:00,50.6,50.6,223,224
2022-11-29 00:40:00,50.4,50.3,221,223
2022-11-29 00:42:00,50.3,50.3,221,224
2022-11-29 00:44:00,50.4,50.4,222,224
2022-11-29 00:46:00,50.2,50.3,221,224
2022-11-29 00:48:00,50.2,50.2,221,223
2022-11-29 00:50:00,50.4,50.5,222,225
2022-11-29 00:52:00,50.2,50.1,219,221
2022-11-29 00:54:00,50.2,50.2,217,220
2022-11-29 00:56:00,50.4,50.4,220,221
2022-11-29 00:58:00,50.2,50.1,222,224
2022-11-29 01:00:00,50.3,50.3,221,223
2022-11-29 01:02:00,50.5,50.5,223,225
2022-11-29 01:04:00,50.2,50.2,223,225
2022-11-29 01:06:00,50.3,50.4,221,224
2022-11-29 01:08:00,50.4,50.5,222,224
2022-11-29 01:10:00,50.3,50.3,223,226
2022-11-29 01:12:00,50.2,50.3,221,224
2022-11-29 01:14:00,50.5,50.5,222,225
2022-11-29 01:16:00,50.3,50.3,223,225
2022-11-29 01:18:00,50.3,50.3,221,224
2022-11-29 01:20:00,50.4,50.4,222,225
2022-11-29 01:22:00,50.2,50.1,223,225
2022-11-29 01:24:00,50.3,50.3,222,224
2022-11-29 01:26:00,50.5,50.5,221,224
2022-11-29 01:28:00,50.3,50.3,223,224
2022-11-29 01:30:00,50.4,50.4,222,224
2022-11-29 01:32:00,50.3,50.3,221,223
2022-11-29 01:34:00,50.4,50.3,223,225
2022-11-29 01:36:00,50.5,50.5,223,225
2022-11-29 01:38:00,50.5,50.5,222,225
2022-11-29 01:40:00,50.2,50.2,223,225
2022-11-29 01:42:00,50.9,50.9,224,226
2022-11-29 01:44:00,50.6,50.6,222,225
2022-11-29 01:46:00,50.2,50.2,221,224
2022-11-29 01:48:00,50.4,50.4,223,225
2022-11-29 01:50:00,50.4,50.5,221,224
2022-11-29 01:52:00,50.3,50.3,221,223
2022-11-29 01:54:00,50.3,50.3,223,225
2022-11-29 01:56:00,50.5,50.5,223,225
2022-11-29 01:58:00,50.3,50.3,221,224
2022-11-29 02:00:00,50.3,50.3,223,225
2022-11-29 02:02:00,50.6,50.5,224,226
2022-11-29 02:04:00,50.2,50.3,222,225
2022-11-29 02:06:00,50.3,50.3,223,226
2022-11-29 02:08:00,50.4,50.4,224,226
2022-11-29 02:10:00,50.3,50.4,222,225
2022-11-29 02:12:00,50.5,50.5,224,226
2022-11-29 02:14:00,50.5,50.5,224,226
2022-11-29 02:16:00,50.2,50.2,221,224
2022-11-29 02:18:00,50.5,50.5,222,225
2022-11-29 02:20:00,50.3,50.3,224,226
2022-11-29 02:22:00,50.2,50.2,221,224
2022-11-29 02:24:00,50.5,50.5,222,224
2022-11-29 02:26:00,50.3,50.2,223,225
2022-11-29 02:28:00,50.5,50.6,221,224
2022-11-29 02:30:00,50.3,50.3,222,224
2022-11-29 02:32:00,50.5,50.5,223,226
2022-11-29 02:34:00,50.4,50.4,223,225
2022-11-29 02:36:00,50.4,50.4,221,224
2022-11-29 02:38:00,50.5,50.5,223,226
2022-11-29 02:40:00,50.2,50.2,223,225
2022-11-29 02:42:00,50.4,50.5,222,225
2022-11-29 02:44:00,50.5,50.4,223,226
2022-11-29 02:46:00,50.1,50.2,220,221
2022-11-29 02:48:00,50.5,50.5,219,221
2022-11-29 02:50:00,50.4,50.4,222,224
2022-11-29 02:52:00,50.3,50.3,223,225
2022-11-29 02:54:00,50.5,50.5,222,225
2022-11-29 02:56:00,50.4,50.4,222,225
2022-11-29 02:58:00,50.2,50.3,224,226
2022-11-29 03:00:00,50.4,50.4,223,226
2022-11-29 03:02:00,50.5,50.4,223,226
2022-11-29 03:04:00,50.3,50.3,224,226
2022-11-29 03:06:00,50.3,50.3,223,226
2022-11-29 03:08:00,50.5,50.5,223,226
2022-11-29 03:10:00,50.2,50.2,224,226
2022-11-29 03:12:00,50.3,50.4,224,226
2022-11-29 03:14:00,50.6,50.5,223,226
2022-11-29 03:16:00,50.4,50.4,224,226
2022-11-29 03:18:00,50.4,50.4,223,226
2022-11-29 03:20:00,50.5,50.5,222,225
2022-11-29 03:22:00,50.3,50.3,223,225
2022-11-29 03:24:00,50.3,50.3,223,225
2022-11-29 03:26:00,50.6,50.6,222,225
2022-11-29 03:28:00,50.4,50.4,222,225
2022-11-29 03:30:00,50.3,50.3,223,226
2022-11-29 03:32:00,50.4,50.4,222,225
2022-11-29 03:34:00,50.3,50.2,222,225
2022-11-29 03:36:00,50.6,50.6,219,221
2022-11-29 03:38:00,50.3,50.3,218,221
2022-11-29 03:40:00,50.3,50.3,217,219
2022-11-29 03:42:00,50.5,50.6,219,221
2022-11-29 03:44:00,50.3,50.3,221,223
2022-11-29 03:46:00,50.3,50.4,223,226
2022-11-29 03:48:00,50.4,50.4,224,226
2022-11-29 03:50:00,50.6,50.5,224,226
2022-11-29 03:52:00,50.3,50.4,221,224
2022-11-29 03:54:00,50.4,50.4,223,226
2022-11-29 03:56:00,50.4,50.4,223,226
2022-11-29 03:58:00,50.3,50.3,222,224
2022-11-29 04:00:00,50.5,50.6,224,226
2022-11-29 04:02:00,50.4,50.4,224,226
2022-11-29 04:04:00,50.4,50.4,219,221
2022-11-29 04:06:00,50.4,50.5,221,223
2022-11-29 04:08:00,50.5,50.5,219,221
2022-11-29 04:10:00,50.2,50.2,217,219
2022-11-29 04:12:00,50.3,50.4,216,219
2022-11-29 04:14:00,50.4,50.4,218,220
2022-11-29 04:16:00,50.2,50.3,216,219
2022-11-29 04:18:00,50.3,50.3,216,219
2022-11-29 04:20:00,50.6,50.7,218,220
2022-11-29 04:22:00,49.9,49.9,215,218
2022-11-29 04:24:00,50.7,50.7,217,220
2022-11-29 04:26:00,50.4,50.3,219,221
2022-11-29 04:28:00,50.2,50.2,217,220
2022-11-29 04:30:00,50.2,50.2,217,219
2022-11-29 04:32:00,50.5,50.5,220,221
2022-11-29 04:34:00,50.3,50.2,219,221
2022-11-29 04:36:00,50.3,50.2,218,221
2022-11-29 04:38:00,50.5,50.4,219,221
2022-11-29 04:40:00,50.1,50.1,219,221
2022-11-29 04:42:00,50.3,50.3,218,221
2022-11-29 04:44:00,50.3,50.2,222,223
2022-11-29 04:46:00,50.3,50.2,223,225
2022-11-29 04:48:00,50.1,50.2,221,223
2022-11-29 04:50:00,50.3,50.2,222,224
2022-11-29 04:52:00,50.3,50.4,220,221
2022-11-29 04:54:00,50.4,50.4,218,221
2022-11-29 04:56:00,50.3,50.3,219,221
2022-11-29 04:58:00,50.2,50.2,216,218
2022-11-29 05:00:00,50.1,50.1,215,217
2022-11-29 05:02:00,50.5,50.4,216,219
2022-11-29 05:04:00,50.3,50.3,216,219
2022-11-29 05:06:00,50.3,50.3,214,216
2022-11-29 05:08:00,50.4,50.3,213,216
2022-11-29 05:10:00,50.2,50.2,216,217
2022-11-29 05:12:00,50.5,50.5,214,216
2022-11-29 05:14:00,50.3,50.3,214,216
2022-11-29 05:16:00,50.4,50.4,214,216
2022-11-29 05:18:00,50.3,50.3,214,215
2022-11-29 05:20:00,50.3,50.3,209,212
2022-11-29 05:22:00,50.3,50.2,211,213
2022-11-29 05:24:00,50.2,50.2,212,214
2022-11-29 05:26:00,50.3,50.2,211,213
2022-11-29 05:28:00,50.2,50.2,210,212
2022-11-29 05:30:00,50.1,50.2,210,213
2022-11-29 05:32:00,50.2,50.2,207,210
2022-11-29 05:34:00,49.9,49.8,206,209
2022-11-29 05:36:00,50.0,50.1,207,209
2022-11-29 05:38:00,50.0,50.0,204,207
2022-11-29 05:40:00,50.0,50.0,202,205
2022-11-29 05:42:00,50.0,50.0,202,204
2022-11-29 05:44:00,50.0,50.0,201,204
2022-11-29 05:46:00,50.0,50.0,202,205
2022-11-29 05:48:00,50.0,49.9,202,204
2022-11-29 05:50:00,50.0,50.0,202,206
2022-11-29 05:52:00,49.8,49.8,204,207
2022-11-29 05:54:00,49.9,49.9,203,205
2022-11-29 05:56:00,50.1,50.1,202,205
2022-11-29 05:58:00,50.0,50.0,201,204
2022-11-29 06:00:00,50.0,50.1,204,207
2022-11-29 06:02:00,49.9,49.9,201,203
2022-11-29 06:04:00,49.9,49.9,199,202
2022-11-29 06:06:00,49.9,50.0,203,205
2022-11-29 06:08:00,50.0,50.0,199,202
2022-11-29 06:10:00,49.9,49.9,202,205
2022-11-29 06:12:00,49.9,50.0,207,202
2022-11-29 06:14:00,50.2,50.2,207,203
2022-11-29 06:16:00,50.1,50.0,204,201
2022-11-29 06:18:00,50.2,50.2,209,211
2022-11-29 06:20:00,50.2,50.1,199,200
2022-11-29 06:22:00,50.1,50.0,204,202
2022-11-29 06:24:00,49.9,49.9,195,198
2022-11-29 06:26:00,50.0,50.0,195,196
2022-11-29 06:28:00,50.0,49.9,199,206
2022-11-29 06:30:00,50.0,50.0,197,205
2022-11-29 06:32:00,50.0,50.0,204,208
2022-11-29 06:34:00,50.0,50.0,204,208
2022-11-29 06:36:00,49.9,49.9,196,203
2022-11-29 06:38:00,50.2,50.2,199,206
2022-11-29 06:40:00,50.1,50.2,201,207
2022-11-29 06:42:00,50.3,50.3,204,209
2022-11-29 06:44:00,50.1,50.1,199,205
2022-11-29 06:46:00,50.4,50.3,203,208
2022-11-29 06:48:00,50.0,50.0,198,204
2022-11-29 06:50:00,50.1,50.2,202,208
2022-11-29 06:52:00,50.0,50.0,208,209
2022-11-29 06:54:00,50.2,50.3,202,207
2022-11-29 06:56:00,50.3,50.3,199,204
2022-11-29 06:58:00,50.0,50.0,198,204
2022-11-29 07:00:00,50.1,50.2,197,204
2022-11-29 07:02:00,50.1,50.2,199,205
2022-11-29 07:04:00,50.1,50.2,204,207
2022-11-29 07:06:00,50.2,50.3,201,206
2022-11-29 07:08:00,50.3,50.3,197,203
2022-11-29 07:10:00,50.0,49.9,206,207
2022-11-29 07:12:00,50.1,50.2,199,204
2022-11-29 07:14:00,50.4,50.4,199,206
2022-11-29 07:16:00,50.0,50.0,201,206
2022-11-29 07:18:00,50.1,50.2,203,209
2022-11-29 07:20:00,50.1,50.2,202,207
2022-11-29 07:22:00,49.9,50.0,198,202
2022-11-29 07:24:00,50.2,50.2,200,204
2022-11-29 07:26:00,50.2,50.2,195,202
2022-11-29 07:28:00,50.1,50.1,199,204
2022-11-29 07:30:00,50.1,50.1,197,203
2022-11-29 07:32:00,50.0,50.0,206,209
2022-11-29 07:34:00,50.0,50.1,191,200
2022-11-29 07:36:00,50.2,50.2,190,201
2022-11-29 07:38:00,50.0,50.0,192,202
2022-11-29 07:40:00,50.0,50.0,190,197
2022-11-29 07:42:00,50.1,50.1,199,203
2022-11-29 07:44:00,50.1,50.1,196,203
2022-11-29 07:46:00,50.0,50.0,196,195
2022-11-29 07:48:00,49.9,49.9,192,192
2022-11-29 07:50:00,50.1,50.1,192,193
2022-11-29 07:52:00,50.0,50.0,194,199
2022-11-29 07:54:00,50.0,50.0,202,204
2022-11-29 07:56:00,50.1,50.2,198,202
2022-11-29 07:58:00,50.1,50.1,198,202
2022-11-29 08:00:00,50.1,50.1,200,204
2022-11-29 08:02:00,50.2,50.1,201,204
2022-11-29 08:04:00,50.0,50.0,203,207
2022-11-29 08:06:00,49.9,49.9,199,201
2022-11-29 08:08:00,50.2,50.2,202,202
2022-11-29 08:10:00,50.0,50.1,199,201
2022-11-29 08:12:00,50.0,50.0,198,200
2022-11-29 08:14:00,49.9,49.8,198,199
2022-11-29 08:16:00,50.0,50.0,195,197
2022-11-29 08:18:00,50.1,50.1,194,197
2022-11-29 08:20:00,50.2,50.2,196,198
2022-11-29 08:22:00,49.8,49.8,192,194
2022-11-29 08:24:00,50.1,50.0,197,201
2022-11-29 08:26:00,50.2,50.2,193,196
2022-11-29 08:28:00,50.1,50.0,202,204
2022-11-29 08:30:00,50.1,50.2,199,203
2022-11-29 08:32:00,50.2,50.2,198,201
2022-11-29 08:34:00,50.0,49.9,197,199
2022-11-29 08:36:00,50.0,49.9,199,203
2022-11-29 08:38:00,50.3,50.3,194,198
2022-11-29 08:40:00,50.0,49.9,192,197
2022-11-29 08:42:00,50.1,50.1,197,202
2022-11-29 08:44:00,50.0,50,197,202
2022-11-29 08:46:00,50.0,50.0,200,204
2022-11-29 08:48:00,50.1,50.1,196,194
2022-11-29 08:50:00,50.2,50.2,191,191
2022-11-29 08:52:00,50.0,50.0,194,198
2022-11-29 08:54:00,50,49.9,194,197
2022-11-29 08:56:00,50.2,50.3,194,197
2022-11-29 08:58:00,50.0,50.0,194,198
2022-11-29 09:00:00,50.1,50.1,193,196
2022-11-29 09:02:00,50.2,50.2,193,197
2022-11-29 09:04:00,50.1,50.1,192,194
2022-11-29 09:06:00,50.1,50.2,193,197
2022-11-29 09:08:00,50.0,50.0,192,197
2022-11-29 09:10:00,49.9,49.9,191,194
2022-11-29 09:12:00,49.9,49.9,187,190
2022-11-29 09:14:00,49.9,49.9,190,193
2022-11-29 09:16:00,49.8,49.9,187,191
2022-11-29 09:18:00,49.8,49.9,190,192
2022-11-29 09:20:00,50.2,50.3,198,202
2022-11-29 09:22:00,50.1,50.1,196,199
2022-11-29 09:24:00,49.9,49.9,197,199
2022-11-29 09:26:00,50.1,50.0,197,199
2022-11-29 09:28:00,49.9,49.9,196,199
2022-11-29 09:30:00,49.9,49.9,197,199
2022-11-29 09:32:00,49.8,49.8,192,198
2022-11-29 09:34:00,50.3,50.3,194,201
2022-11-29 09:36:00,50.3,50.2,194,199
2022-11-29 09:38:00,50.2,50.2,194,199
2022-11-29 09:40:00,50.2,50.2,193,199
2022-11-29 09:42:00,50.4,50.4,197,202
2022-11-29 09:44:00,50.6,50.6,199,201
2022-11-29 09:46:00,50.5,50.4,197,200
2022-11-29 09:48:00,50.5,50.4,197,199
2022-11-29 09:50:00,50.6,50.6,200,203
2022-11-29 09:52:00,50.3,50.2,199,203
2022-11-29 09:54:00,50.4,50.4,201,204
2022-11-29 09:56:00,50.3,50.3,202,205
2022-11-29 09:58:00,50.6,50.6,201,204
2022-11-29 10:00:00,50.3,50.3,197,202
2022-11-29 10:02:00,50.4,50.5,200,204
2022-11-29 10:04:00,50.3,50.2,200,203
2022-11-29 10:06:00,50.4,50.4,200,204
2022-11-29 10:08:00,50.4,50.4,196,199
2022-11-29 10:10:00,50.1,50.2,199,202
2022-11-29 10:12:00,50.3,50.3,194,199
2022-11-29 10:14:00,50.5,50.4,202,205
2022-11-29 10:16:00,50.5,50.5,197,201
2022-11-29 10:18:00,50.3,50.3,194,199
2022-11-29 10:20:00,50.6,50.6,198,201
2022-11-29 10:22:00,50.1,50.2,185,192
2022-11-29 10:24:00,50.5,50.5,189,195
2022-11-29 10:26:00,50.4,50.4,189,195
2022-11-29 10:28:00,50.3,50.4,186,192
2022-11-29 10:30:00,50.3,50.2,189,195
2022-11-29 10:32:00,50.2,50.3,194,199
2022-11-29 10:34:00,50.2,50.2,192,195
2022-11-29 10:36:00,50.4,50.4,195,198
2022-11-29 10:38:00,50.6,50.6,194,198
2022-11-29 10:40:00,50.3,50.3,193,197
2022-11-29 10:42:00,50.3,50.4,197,201
2022-11-29 10:44:00,50.3,50.4,193,197
2022-11-29 10:46:00,49.9,49.8,196,200
2022-11-29 10:48:00,50.2,50.2,195,198
2022-11-29 10:50:00,50.3,50.3,196,199
2022-11-29 10:52:00,49.9,50.0,188,193
2022-11-29 10:54:00,50.0,50.0,196,199
2022-11-29 10:56:00,50.1,50.1,196,199
2022-11-29 10:58:00,50.2,50.2,193,198
2022-11-29 11:00:00,50.2,50.2,194,199
2022-11-29 11:02:00,50.2,50.0,192,195
2022-11-29 11:04:00,49.9,49.9,190,194
2022-11-29 11:06:00,50.2,50.2,189,193
2022-11-29 11:08:00,50.2,50.2,188,192
2022-11-29 11:10:00,50.0,50.0,186,191
2022-11-29 11:12:00,50.4,50.4,189,192
2022-11-29 11:14:00,50.6,50.6,185,190
2022-11-29 11:16:00,49.8,49.8,188,192
2022-11-29 11:18:00,50,50.0,187,192
2022-11-29 11:20:00,50.3,50.3,191,194
2022-11-29 11:22:00,50.5,50.5,186,192
2022-11-29 11:24:00,50.3,50.3,191,195
2022-11-29 11:26:00,50.4,50.5,185,191
2022-11-29 11:28:00,50.6,50.6,192,196
2022-11-29 11:30:00,50.2,50.1,190,195
2022-11-29 11:32:00,50.3,50.3,192,197
2022-11-29 11:34:00,50.5,50.4,194,197
2022-11-29 11:36:00,50.5,50.6,197,201
2022-11-29 11:38:00,50.5,50.4,193,198
2022-11-29 11:40:00,50.3,50.2,191,195
2022-11-29 11:42:00,50.3,50.4,195,199
2022-11-29 11:44:00,50.2,50.2,192,197
2022-11-29 11:46:00,50.6,50.5,197,202
2022-11-29 11:48:00,50.1,50.1,199,203
2022-11-29 11:50:00,50.5,50.5,198,202
2022-11-29 11:52:00,50.2,50.2,194,199
2022-11-29 11:54:00,49.9,50.0,195,199
2022-11-29 11:56:00,50.3,50.2,198,202
2022-11-29 11:58:00,50.4,50.5,194,199
2022-11-29 12:00:00,50.2,50.2,192,197
2022-11-29 12:02:00,50.6,50.5,197,201
2022-11-29 12:04:00,50.4,50.5,192,196
2022-11-29 12:06:00,50.4,50.3,194,198
2022-11-29 12:08:00,50.4,50.4,197,200
2022-11-29 12:10:00,50.4,50.3,196,200
2022-11-29 12:12:00,50.1,50.0,196,200
2022-11-29 12:14:00,50.2,50.2,197,201
2022-11-29 12:16:00,50.4,50.5,197,201
2022-11-29 12:18:00,50.4,50.3,198,202
2022-11-29 12:20:00,50.4,50.4,195,199
2022-11-29 12:22:00,50.3,50.3,193,197
2022-11-29 12:24:00,50.0,49.9,196,199
2022-11-29 12:26:00,50.2,50.1,197,200
2022-11-29 12:28:00,50.2,50.2,197,200
2022-11-29 12:30:00,50.2,50.3,194,199
2022-11-29 12:32:00,50.4,50.4,194,198
2022-11-29 12:34:00,50.2,50.2,197,199
2022-11-29 12:36:00,50.3,50.3,195,199
2022-11-29 12:38:00,50.3,50.4,194,199
2022-11-29 12:40:00,50.2,50.3,194,198
2022-11-29 12:42:00,50.6,50.6,188,193
2022-11-29 12:44:00,50.4,50.5,190,193
2022-11-29 12:46:00,50.3,50.4,185,191
2022-11-29 12:48:00,50.3,50.4,186,192
2022-11-29 12:50:00,50.6,50.7,184,191
2022-11-29 12:52:00,50.0,50.0,184,191
2022-11-29 12:54:00,50.0,50.0,189,192
2022-11-29 12:56:00,50.3,50.3,192,196
2022-11-29 12:58:00,50.3,50.3,192,195
2022-11-29 13:00:00,50.2,50.2,194,197
2022-11-29 13:02:00,50.5,50.4,188,192
2022-11-29 13:04:00,50.3,50.4,189,192
2022-11-29 13:06:00,50.3,50.3,192,194
2022-11-29 13:08:00,50.0,50.0,193,197
2022-11-29 13:10:00,50.1,50.1,190,193
2022-11-29 13:12:00,50.4,50.3,196,197
2022-11-29 13:14:00,50.1,50.1,192,194
2022-11-29 13:16:00,50.3,50.3,191,194
2022-11-29 13:18:00,50.1,50.0,191,193
2022-11-29 13:20:00,50.5,50.5,192,194
2022-11-29 13:22:00,50.3,50.3,190,194
2022-11-29 13:24:00,50.0,50.0,190,193
2022-11-29 13:26:00,50.5,50.5,190,192
2022-11-29 13:28:00,50.1,50.0,189,192
2022-11-29 13:30:00,49.9,49.9,186,190
2022-11-29 13:32:00,50.6,50.7,192,195
2022-11-29 13:34:00,50.4,50.4,179,182
2022-11-29 13:36:00,50.4,50.3,184,187
2022-11-29 13:38:00,50.5,50.5,187,190
2022-11-29 13:40:00,50.4,50.4,187,190
2022-11-29 13:42:00,50.3,50.4,185,188
2022-11-29 13:44:00,50.3,50.4,187,191
2022-11-29 13:46:00,50.4,50.3,188,191
2022-11-29 13:48:00,50.1,50.1,182,187
2022-11-29 13:50:00,50.0,50.0,185,188
2022-11-29 13:52:00,50.0,50.0,191,194
2022-11-29 13:54:00,49.9,49.9,184,187
2022-11-29 13:56:00,50.0,50.0,185,188
2022-11-29 13:58:00,50.2,50.3,185,187
2022-11-29 14:00:00,50.3,50.3,187,191
2022-11-29 14:02:00,50.3,50.3,185,188
2022-11-29 14:04:00,50.0,50.1,184,187
2022-11-29 14:06:00,50.1,50.1,187,190
2022-11-29 14:08:00,50.4,50.4,187,190
2022-11-29 14:10:00,50.3,50.3,185,187
2022-11-29 14:12:00,50.2,50.2,184,186
2022-11-29 14:14:00,50.4,50.4,184,187
2022-11-29 14:16:00,50.4,50.4,182,185
2022-11-29 14:18:00,50.1,50.1,179,182
2022-11-29 14:20:00,50.2,50.3,185,188
2022-11-29 14:22:00,50.1,50.1,186,191
2022-11-29 14:24:00,50.0,50.1,182,185
2022-11-29 14:26:00,50.1,50.1,181,184
2022-11-29 14:28:00,50.0,50.0,187,190
2022-11-29 14:30:00,50.1,50.1,187,190
2022-11-29 14:32:00,50.4,50.4,187,190
2022-11-29 14:34:00,50.2,50.2,186,190
2022-11-29 14:36:00,50.3,50.2,185,188
2022-11-29 14:38:00,50.2,50.3,185,190
2022-11-29 14:40:00,50.3,50.2,185,189
2022-11-29 14:42:00,50.2,50.2,186,190
2022-11-29 14:44:00,50.5,50.4,190,192
2022-11-29 14:46:00,50.1,50.2,180,183
2022-11-29 14:48:00,49.9,49.8,187,190
2022-11-29 14:50:00,50.0,49.9,186,189
2022-11-29 14:52:00,50.7,50.6,190,192
2022-11-29 14:54:00,49.8,49.9,186,190
2022-11-29 14:56:00,50.1,50.1,187,191
2022-11-29 14:58:00,49.4,49.4,186,189
2022-11-29 15:00:00,50.3,50.3,185,190
2022-11-29 15:02:00,49.8,49.8,181,185
2022-11-29 15:04:00,50.0,49.9,184,187
2022-11-29 15:06:00,50.2,50.0,186,190
2022-11-29 15:08:00,49.8,49.8,182,186
2022-11-29 15:10:00,49.8,49.7,182,186
2022-11-29 15:12:00,50.0,50.1,182,187
2022-11-29 15:14:00,50.0,50.0,184,187
2022-11-29 15:16:00,50.0,50.0,182,185
2022-11-29 15:18:00,49.7,49.6,181,184
2022-11-29 15:20:00,50.2,50.3,181,185
2022-11-29 15:22:00,50.2,50.2,190,192
2022-11-29 15:24:00,50.0,50.0,191,192
2022-11-29 15:26:00,49.8,49.8,183,188
2022-11-29 15:28:00,50.0,50.0,180,187
2022-11-29 15:30:00,50.2,50.2,185,191
2022-11-29 15:32:00,50.1,50.0,181,187
2022-11-29 15:34:00,50.2,50.1,180,187
2022-11-29 15:36:00,49.5,49.5,182,187
2022-11-29 15:38:00,50.0,50.0,182,188
2022-11-29 15:40:00,49.5,49.6,187,191
2022-11-29 15:42:00,50.2,50.2,187,190
2022-11-29 15:44:00,50.2,50.3,187,191
2022-11-29 15:46:00,49.9,50.0,184,189
2022-11-29 15:48:00,49.9,49.9,182,190
2022-11-29 15:50:00,49.8,49.9,182,189
2022-11-29 15:52:00,49.9,50.0,182,189
2022-11-29 15:54:00,50.1,50.2,187,192
2022-11-29 15:56:00,50.5,50.5,187,193
2022-11-29 15:58:00,49.8,49.8,187,193
2022-11-29 16:00:00,50.4,50.4,187,193
2022-11-29 16:02:00,49.9,49.9,187,193
2022-11-29 16:04:00,50.3,50.3,187,192
2022-11-29 16:06:00,50.1,50.2,190,194
2022-11-29 16:08:00,50.5,50.4,190,194
2022-11-29 16:10:00,49.9,50.0,190,194
2022-11-29 16:12:00,50.3,50.3,188,193
2022-11-29 16:14:00,50.2,50.3,192,196
2022-11-29 16:16:00,50.0,50.1,192,195
2022-11-29 16:18:00,50.2,50.1,190,194
2022-11-29 16:20:00,50.6,50.5,189,192
2022-11-29 16:22:00,50.4,50.4,190,194
2022-11-29 16:24:00,50.1,50.1,189,194
2022-11-29 16:26:00,50.3,50.3,197,200
2022-11-29 16:28:00,50.2,50.2,195,197
2022-11-29 16:30:00,50.5,50.5,194,197
2022-11-29 16:32:00,50.3,50.2,191,193
2022-11-29 16:34:00,50.2,50.2,199,202
2022-11-29 16:36:00,50.0,50.0,195,198
2022-11-29 16:38:00,50.5,50.4,195,199
2022-11-29 16:40:00,50.6,50.5,197,201
2022-11-29 16:42:00,50.3,50.3,196,199
2022-11-29 16:44:00,50.4,50.4,197,200
2022-11-29 16:46:00,50.1,50.1,195,197
2022-11-29 16:48:00,50.2,50.1,188,191
2022-11-29 16:50:00,50.2,50.1,189,192
2022-11-29 16:52:00,50.4,50.3,190,193
2022-11-29 16:54:00,50.1,50.1,192,194
2022-11-29 16:56:00,50.2,50.2,189,191
2022-11-29 16:58:00,49.8,49.8,190,192
2022-11-29 17:00:00,50.0,50.0,195,197
2022-11-29 17:02:00,50.1,50.2,194,196
2022-11-29 17:04:00,50.1,50.2,191,193
2022-11-29 17:06:00,50.3,50.4,197,199
2022-11-29 17:08:00,50.0,50.0,195,198
2022-11-29 17:10:00,50.0,50.0,196,199
2022-11-29 17:12:00,50.0,50.0,197,199
2022-11-29 17:14:00,50.3,50.3,199,200
2022-11-29 17:16:00,50.1,50.2,191,195
2022-11-29 17:18:00,50.2,50.2,193,196
2022-11-29 17:20:00,50.2,50.2,192,195
2022-11-29 17:22:00,50.1,50.2,192,197
2022-11-29 17:24:00,50.0,50.0,191,196
2022-11-29 17:26:00,49.7,49.8,193,198
2022-11-29 17:28:00,50.2,50.3,194,198
2022-11-29 17:30:00,50.2,50.2,191,194
2022-11-29 17:32:00,50.3,50.3,191,194
2022-11-29 17:34:00,50.1,50.1,192,193
2022-11-29 17:36:00,50.4,50.4,186,189
2022-11-29 17:38:00,50.5,50.5,186,188
2022-11-29 17:40:00,50.2,50.2,186,188
2022-11-29 17:42:00,50.6,50.6,185,187
2022-11-29 17:44:00,50.3,50.2,189,192
2022-11-29 17:46:00,50.2,50.2,188,190
2022-11-29 17:48:00,50.4,50.4,190,192
2022-11-29 17:50:00,50.1,50.1,192,195
2022-11-29 17:52:00,50.3,50.2,192,194
2022-11-29 17:54:00,50.4,50.3,192,194
2022-11-29 17:56:00,50.3,50.3,192,194
2022-11-29 17:58:00,50.2,50.2,192,194
2022-11-29 18:00:00,50.3,50.3,192,193
2022-11-29 18:02:00,50.2,50.2,190,192
2022-11-29 18:04:00,50.2,50.2,192,194
2022-11-29 18:06:00,50.1,50.1,192,194
2022-11-29 18:08:00,50.2,50.3,188,190
2022-11-29 18:10:00,50.0,50.0,187,190
2022-11-29 18:12:00,49.9,49.9,190,192
2022-11-29 18:14:00,49.9,50.0,185,188
2022-11-29 18:16:00,50.1,50.1,184,187
2022-11-29 18:18:00,50.0,50.0,182,185
2022-11-29 18:20:00,50.0,50.1,183,186
2022-11-29 18:22:00,49.9,49.9,180,181
2022-11-29 18:24:00,50.1,50.1,184,187
2022-11-29 18:26:00,50.0,50.0,184,187
2022-11-29 18:28:00,49.8,49.8,191,194
2022-11-29 18:30:00,50.2,50.2,192,193
2022-11-29 18:32:00,50.2,50.2,194,196
2022-11-29 18:34:00,49.9,49.9,191,194
2022-11-29 18:36:00,50.0,50.1,192,194
2022-11-29 18:38:00,50.1,50.1,192,194
2022-11-29 18:40:00,50.1,50.1,190,193
2022-11-29 18:42:00,50.0,49.9,188,190
2022-11-29 18:44:00,50.2,50.2,190,192
2022-11-29 18:46:00,49.9,49.9,187,190
2022-11-29 18:48:00,50.0,49.9,185,186
2022-11-29 18:50:00,50.3,50.2,190,192
2022-11-29 18:52:00,50.4,50.2,193,195
2022-11-29 18:54:00,50.0,50.0,192,193
2022-11-29 18:56:00,50.3,50.2,192,194
2022-11-29 18:58:00,50.2,50.2,196,197
2022-11-29 19:00:00,49.9,49.9,192,195
2022-11-29 19:02:00,50.3,50.4,193,194
2022-11-29 19:04:00,50.1,50.1,193,194
2022-11-29 19:06:00,50.0,50.0,191,193
2022-11-29 19:08:00,50.2,50.1,190,192
2022-11-29 19:10:00,50.2,50.3,192,194
2022-11-29 19:12:00,50.2,50.2,190,192
2022-11-29 19:14:00,50.2,50.2,194,197
2022-11-29 19:16:00,50.2,50.2,195,196
2022-11-29 19:18:00,50.1,50.1,195,197
2022-11-29 19:20:00,50.3,50.3,192,196
2022-11-29 19:22:00,50.2,50.1,196,199
2022-11-29 19:24:00,50.0,50.0,197,199
2022-11-29 19:26:00,50.3,50.2,193,196
2022-11-29 19:28:00,50.4,50.3,194,196
2022-11-29 19:30:00,50.0,50.0,196,198
2022-11-29 19:32:00,50.1,50.2,194,197
2022-11-29 19:34:00,50.2,50.3,194,197
2022-11-29 19:36:00,50.2,50.2,195,197
2022-11-29 19:38:00,50.1,50.2,194,197
2022-11-29 19:40:00,50.1,50.2,196,199
2022-11-29 19:42:00,50.1,50.1,192,194
2022-11-29 19:44:00,50.1,50.2,194,197
2022-11-29 19:46:00,50.2,50.2,192,194
2022-11-29 19:48:00,50.0,50.0,191,192
2022-11-29 19:50:00,50.3,50.2,195,197
2022-11-29 19:52:00,50.1,50.1,192,195
2022-11-29 19:54:00,50.2,50.2,195,198
2022-11-29 19:56:00,50.3,50.2,195,197
2022-11-29 19:58:00,50.0,50.0,196,197
2022-11-29 20:00:00,50.3,50.1,196,197
2022-11-29 20:02:00,50.1,50.0,197,199
2022-11-29 20:04:00,50.2,50.2,195,197
2022-11-29 20:06:00,50.3,50.2,197,199
2022-11-29 20:08:00,50.3,50.2,198,200
2022-11-29 20:10:00,50.2,50.1,197,199
2022-11-29 20:12:00,50.3,50.3,195,197
2022-11-29 20:14:00,50.3,50.3,199,202
2022-11-29 20:16:00,50.3,50.2,194,197
2022-11-29 20:18:00,50.3,50.2,195,197
2022-11-29 20:20:00,50.2,50.2,192,195
2022-11-29 20:22:00,50.2,50.2,189,192
2022-11-29 20:24:00,50.4,50.4,190,194
2022-11-29 20:26:00,50.3,50.3,190,194
2022-11-29 20:28:00,50.1,50.2,190,195
2022-11-29 20:30:00,50.2,50.3,188,194
2022-11-29 20:32:00,50.3,50.4,192,194
2022-11-29 20:34:00,50.1,50.1,194,196
2022-11-29 20:36:00,50.2,50.2,193,194
2022-11-29 20:38:00,50.4,50.5,191,194
2022-11-29 20:40:00,50.0,50.1,196,197
2022-11-29 20:42:00,50.4,50.4,192,194
2022-11-29 20:44:00,50.4,50.5,196,199
2022-11-29 20:46:00,50.2,50.2,196,198
2022-11-29 20:48:00,50.2,50.3,192,194
2022-11-29 20:50:00,50.4,50.3,192,196
2022-11-29 20:52:00,50.0,50.0,194,195
2022-11-29 20:54:00,50.1,50.1,195,197
2022-11-29 20:56:00,50.4,50.3,189,193
2022-11-29 20:58:00,50.2,50.2,187,192
2022-11-29 21:00:00,49.5,49.5,195,196
2022-11-29 21:02:00,50.2,50.2,214,216
2022-11-29 21:04:00,50.2,50.1,195,197
2022-11-29 21:06:00,50.1,50.1,195,197
2022-11-29 21:08:00,50.2,50.2,197,199
2022-11-29 21:10:00,50.3,50.3,199,200
2022-11-29 21:12:00,50.2,50.2,196,198
2022-11-29 21:14:00,50.5,50.4,196,198
2022-11-29 21:16:00,50.2,50.2,194,196
2022-11-29 21:18:00,50.2,50.3,195,198
2022-11-29 21:20:00,50.3,50.3,197,199
2022-11-29 21:22:00,50.4,50.4,197,199
2022-11-29 21:24:00,50.5,50.4,197,199
2022-11-29 21:26:00,50.6,50.5,193,195
2022-11-29 21:28:00,50.2,50.2,192,193
2022-11-29 21:30:00,50.4,50.4,192,194
2022-11-29 21:32:00,50.3,50.3,197,200
2022-11-29 21:34:00,50.4,50.3,202,203
2022-11-29 21:36:00,50.4,50.2,202,204
2022-11-29 21:38:00,50.4,50.4,200,203
2022-11-29 21:40:00,50.4,50.4,202,204
2022-11-29 21:42:00,50.4,50.3,202,204
2022-11-29 21:44:00,50.5,50.4,200,202
2022-11-29 21:46:00,50.4,50.3,202,205
2022-11-29 21:48:00,50.6,50.5,204,206
2022-11-29 21:50:00,50.3,50.4,203,206
2022-11-29 21:52:00,50.5,50.5,204,207
2022-11-29 21:54:00,50.5,50.5,206,208
2022-11-29 21:56:00,50.7,50.7,205,208
2022-11-29 21:58:00,50.6,50.5,205,207
2022-11-29 22:00:00,50.3,50.3,204,206
2022-11-29 22:02:00,50.6,50.6,204,207
2022-11-29 22:04:00,50.4,50.4,205,207
2022-11-29 22:06:00,50.5,50.6,209,211
2022-11-29 22:08:00,50.7,50.7,207,209
2022-11-29 22:10:00,50.6,50.6,205,207
2022-11-29 22:12:00,50.5,50.5,207,209
2022-11-29 22:14:00,50.7,50.7,205,207
2022-11-29 22:16:00,50.4,50.4,207,210
2022-11-29 22:18:00,50.4,50.3,209,210
2022-11-29 22:20:00,50.7,50.6,209,210
2022-11-29 22:22:00,50.6,50.6,207,210
2022-11-29 22:24:00,50.5,50.6,210,211
2022-11-29 22:26:00,50.5,50.5,209,211
2022-11-29 22:28:00,50.7,50.7,209,212
2022-11-29 22:30:00,50.4,50.4,209,211
2022-11-29 22:32:00,50.7,50.7,211,213
2022-11-29 22:34:00,50.7,50.7,210,212
2022-11-29 22:36:00,50.5,50.5,209,212
2022-11-29 22:38:00,50.7,50.8,211,213
2022-11-29 22:40:00,50.4,50.5,211,214
2022-11-29 22:42:00,50.4,50.4,209,211
2022-11-29 22:44:00,50.6,50.5,207,209
2022-11-29 22:46:00,50.7,50.7,208,211
2022-11-29 22:48:00,50.7,50.7,209,212
2022-11-29 22:50:00,50.4,50.4,214,216
2022-11-29 22:52:00,50.5,50.6,214,216
2022-11-29 22:54:00,50.5,50.4,212,215
2022-11-29 22:56:00,50.6,50.6,215,217
2022-11-29 22:58:00,50.6,50.6,215,217
2022-11-29 23:00:00,50.6,50.6,213,215
2022-11-29 23:02:00,50.9,50.9,214,216
2022-11-29 23:04:00,50.8,50.8,216,219
2022-11-29 23:06:00,50.6,50.6,212,214
2022-11-29 23:08:00,50.7,50.7,215,218
2022-11-29 23:10:00,50.7,50.6,217,219
2022-11-29 23:12:00,50.7,50.7,214,216
2022-11-29 23:14:00,50.9,50.9,214,216
2022-11-29 23:16:00,50.6,50.6,216,219
2022-11-29 23:18:00,50.6,50.5,216,218
2022-11-29 23:20:00,50.8,50.8,216,218
2022-11-29 23:22:00,50.2,50.2,216,218
2022-11-29 23:24:00,50.3,50.3,216,219
2022-11-29 23:26:00,50.4,50.3,215,218
2022-11-29 23:28:00,50.1,50.1,217,219
2022-11-29 23:30:00,50.4,50.4,217,219
2022-11-29 23:32:00,50.4,50.3,216,219
2022-11-29 23:34:00,50.1,50.1,216,219
2022-11-29 23:36:00,50.2,50.2,218,219
2022-11-29 23:38:00,50.3,50.3,216,219
2022-11-29 23:40:00,50.3,50.3,216,219
2022-11-29 23:42:00,50.2,50.1,218,220
2022-11-29 23:44:00,50.4,50.4,216,220
2022-11-29 23:46:00,50.2,50.2,215,219
2022-11-29 23:48:00,50.3,50.3,217,219
2022-11-29 23:50:00,50.4,50.4,216,219
2022-11-29 23:52:00,50.1,50.1,216,219
2022-11-29 23:54:00,50.2,50.2,217,219
2022-11-29 23:56:00,50.2,50.3,217,219
2022-11-29 23:58:00,50.2,50.2,216,219
2022-11-30 00:00:00,50.2,50.1,218,220
2022-11-30 00:02:00,50.3,50.3,218,220
2022-11-30 00:04:00,50.2,50.2,216,219
2022-11-30 00:06:00,50.3,50.2,218,220
2022-11-30 00:08:00,50.4,50.3,218,219
2022-11-30 00:10:00,50.3,50.3,216,219
2022-11-30 00:12:00,50.3,50.4,217,220
2022-11-30 00:14:00,50.4,50.4,219,221
2022-11-30 00:16:00,50.2,50.2,218,221
2022-11-30 00:18:00,50.3,50.3,218,221
2022-11-30 00:20:00,50.3,50.4,219,221
2022-11-30 00:22:00,50.2,50.3,219,221
2022-11-30 00:24:00,50.3,50.4,219,221
2022-11-30 00:26:00,50.4,50.4,221,222
2022-11-30 00:28:00,50.2,50.2,221,223
2022-11-30 00:30:00,50.2,50.2,219,221
2022-11-30 00:32:00,50.4,50.4,218,219
2022-11-30 00:34:00,50.2,50.2,218,219
2022-11-30 00:36:00,50.2,50.3,219,221
2022-11-30 00:38:00,50.5,50.5,221,223
2022-11-30 00:40:00,50.3,50.3,221,223
2022-11-30 00:42:00,50.2,50.2,219,221
2022-11-30 00:44:00,50.4,50.4,219,222
2022-11-30 00:46:00,50.2,50.3,221,222
2022-11-30 00:48:00,50.3,50.3,216,219
2022-11-30 00:50:00,50.4,50.4,216,219
2022-11-30 00:52:00,50.2,50.2,217,219
2022-11-30 00:54:00,50.5,50.4,220,221
2022-11-30 00:56:00,50.4,50.3,219,221
2022-11-30 00:58:00,50.2,50.2,223,224
2022-11-30 01:00:00,50.2,50.3,223,224
2022-11-30 01:02:00,50.4,50.4,221,223
2022-11-30 01:04:00,50.3,50.3,220,222
2022-11-30 01:06:00,50.4,50.4,221,222
2022-11-30 01:08:00,50.5,50.6,219,222
2022-11-30 01:10:00,50.2,50.2,220,222
2022-11-30 01:12:00,50.0,50.0,220,221
2022-11-30 01:14:00,50.4,50.3,219,221
2022-11-30 01:16:00,50.5,50.4,219,222
2022-11-30 01:18:00,50.3,50.3,220,221
2022-11-30 01:20:00,50.3,50.3,219,221
2022-11-30 01:22:00,50.2,50.3,219,221
2022-11-30 01:24:00,50.4,50.3,221,222
2022-11-30 01:26:00,50.4,50.4,221,222
2022-11-30 01:28:00,50.2,50.2,219,222
2022-11-30 01:30:00,50.6,50.5,221,223
2022-11-30 01:32:00,50.0,50.0,221,223
2022-11-30 01:34:00,50.3,50.3,219,222
2022-11-30 01:36:00,50.4,50.3,219,221
2022-11-30 01:38:00,50.4,50.5,221,223
2022-11-30 01:40:00,50.3,50.3,219,222
2022-11-30 01:42:00,50.4,50.4,219,222
2022-11-30 01:44:00,50.6,50.6,222,223
2022-11-30 01:46:00,50.3,50.3,221,223
2022-11-30 01:48:00,50.4,50.4,220,223
2022-11-30 01:50:00,50.4,50.4,221,223
2022-11-30 01:52:00,50.3,50.3,221,223
2022-11-30 01:54:00,50.4,50.4,219,222
2022-11-30 01:56:00,50.4,50.5,221,223
2022-11-30 01:58:00,50.5,50.5,221,222
2022-11-30 02:00:00,50.4,50.4,220,222
2022-11-30 02:02:00,50.6,50.6,220,222
2022-11-30 02:04:00,50.2,50.2,221,223
2022-11-30 02:06:00,50.4,50.4,220,222
2022-11-30 02:08:00,50.5,50.5,221,223
2022-11-30 02:10:00,50.3,50.3,222,223
2022-11-30 02:12:00,50.4,50.4,223,224
2022-11-30 02:14:00,50.5,50.5,221,223
2022-11-30 02:16:00,50.1,50.1,223,224
2022-11-30 02:18:00,50.1,50.0,221,223
2022-11-30 02:20:00,50.5,50.5,220,222
2022-11-30 02:22:00,50.5,50.4,221,223
2022-11-30 02:24:00,50.5,50.5,222,223
2022-11-30 02:26:00,50.4,50.3,221,223
2022-11-30 02:28:00,50.2,50.3,221,223
2022-11-30 02:30:00,50.5,50.5,220,221
2022-11-30 02:32:00,50.3,50.3,217,219
2022-11-30 02:34:00,50.4,50.4,213,215
2022-11-30 02:36:00,50.3,50.3,215,216
2022-11-30 02:38:00,50.4,50.4,215,217
2022-11-30 02:40:00,50.3,50.3,218,221
2022-11-30 02:42:00,50.2,50.2,223,225
2022-11-30 02:44:00,50.3,50.3,223,225
2022-11-30 02:46:00,50.4,50.3,221,224
2022-11-30 02:48:00,50.4,50.4,222,225
2022-11-30 02:50:00,50.5,50.4,223,226
2022-11-30 02:52:00,50.3,50.2,222,225
2022-11-30 02:54:00,50.5,50.4,223,225
2022-11-30 02:56:00,50.3,50.3,224,225
2022-11-30 02:58:00,50.3,50.3,223,226
2022-11-30 03:00:00,50.3,50.3,223,224
2022-11-30 03:02:00,50.3,50.4,224,226
2022-11-30 03:04:00,50.3,50.3,223,226
2022-11-30 03:06:00,50.3,50.3,223,224
2022-11-30 03:08:00,50.3,50.3,223,225
2022-11-30 03:10:00,50.3,50.3,223,225
2022-11-30 03:12:00,50.3,50.4,223,225
2022-11-30 03:14:00,50.4,50.4,223,225
2022-11-30 03:16:00,50.5,50.4,224,226
2022-11-30 03:18:00,50.4,50.4,223,225
2022-11-30 03:20:00,50.4,50.5,221,224
2022-11-30 03:22:00,50.3,50.3,223,225
2022-11-30 03:24:00,50.3,50.3,221,224
2022-11-30 03:26:00,50.6,50.6,221,224
2022-11-30 03:28:00,50.3,50.3,223,225
2022-11-30 03:30:00,50.4,50.4,222,224
2022-11-30 03:32:00,50.3,50.3,221,224
2022-11-30 03:34:00,50.3,50.4,223,226
2022-11-30 03:36:00,50.4,50.4,223,226
2022-11-30 03:38:00,50.5,50.4,221,225
2022-11-30 03:40:00,50.3,50.3,223,226
2022-11-30 03:42:00,50.3,50.3,223,225
2022-11-30 03:44:00,50.5,50.5,221,224
2022-11-30 03:46:00,50.4,50.4,221,224
2022-11-30 03:48:00,50.3,50.3,222,225
2022-11-30 03:50:00,50.6,50.6,221,224
2022-11-30 03:52:00,50.2,50.3,221,225
2022-11-30 03:54:00,50.3,50.3,223,226
2022-11-30 03:56:00,50.4,50.4,223,225
2022-11-30 03:58:00,50.2,50.2,221,224
2022-11-30 04:00:00,50.4,50.4,223,225
2022-11-30 04:02:00,50.5,50.5,223,225
2022-11-30 04:04:00,50.4,50.4,221,224
2022-11-30 04:06:00,50.2,50.2,223,224
2022-11-30 04:08:00,50.4,50.3,222,224
2022-11-30 04:10:00,50.2,50.2,221,223
2022-11-30 04:12:00,50.3,50.3,218,221
2022-11-30 04:14:00,50.3,50.4,217,219
2022-11-30 04:16:00,50.4,50.3,216,219
2022-11-30 04:18:00,50.4,50.4,217,219
2022-11-30 04:20:00,50.3,50.3,225,226
2022-11-30 04:22:00,50.3,50.3,224,226
2022-11-30 04:24:00,50.2,50.2,222,225
2022-11-30 04:26:00,50.3,50.3,224,226
2022-11-30 04:28:00,50.3,50.3,224,226
2022-11-30 04:30:00,50.3,50.3,223,225
2022-11-30 04:32:00,50.3,50.3,224,226
2022-11-30 04:34:00,50.3,50.3,224,226
2022-11-30 04:36:00,50.3,50.3,223,226
2022-11-30 04:38:00,50.2,50.2,223,225
2022-11-30 04:40:00,50.3,50.3,223,226
2022-11-30 04:42:00,50.3,50.3,221,224
2022-11-30 04:44:00,50.3,50.3,222,225
2022-11-30 04:46:00,50.3,50.3,223,226
2022-11-30 04:48:00,50.3,50.2,223,225
2022-11-30 04:50:00,50.4,50.4,221,224
2022-11-30 04:52:00,50.2,50.2,223,225
2022-11-30 04:54:00,50.0,50.1,223,226
2022-11-30 04:56:00,50.0,50.0,222,225
2022-11-30 04:58:00,50.0,50.0,223,226
2022-11-30 05:00:00,50.1,50.1,224,226
2022-11-30 05:02:00,50.2,50.1,222,225
2022-11-30 05:04:00,50.0,50.0,223,225
2022-11-30 05:06:00,49.9,50.0,223,225
2022-11-30 05:08:00,50.1,50.1,222,224
2022-11-30 05:10:00,50.1,50.0,221,223
2022-11-30 05:12:00,49.9,49.9,222,223
2022-11-30 05:14:00,50.0,50.0,221,222
2022-11-30 05:16:00,50.1,50.1,219,221
2022-11-30 05:18:00,49.7,49.7,222,223
2022-11-30 05:20:00,50.0,50.0,223,223
2022-11-30 05:22:00,50.0,49.9,221,223
2022-11-30 05:24:00,50.0,50.0,221,223
2022-11-30 05:26:00,50.1,50.1,216,218
2022-11-30 05:28:00,50.0,50.0,214,216
2022-11-30 05:30:00,50.0,50.0,214,216
2022-11-30 05:32:00,50.1,50.1,217,219
2022-11-30 05:34:00,49.8,49.9,215,217
2022-11-30 05:36:00,49.8,49.9,217,219
2022-11-30 05:38:00,50.1,50.0,217,219
2022-11-30 05:40:00,49.8,49.8,218,219
2022-11-30 05:42:00,49.8,49.8,214,216
2022-11-30 05:44:00,50,49.9,216,219
2022-11-30 05:46:00,49.9,49.8,216,218
2022-11-30 05:48:00,50.0,50.0,211,213
2022-11-30 05:50:00,49.9,50.0,211,214
2022-11-30 05:52:00,49.7,49.7,217,219
2022-11-30 05:54:00,49.8,49.8,217,220
2022-11-30 05:56:00,50.0,50.0,218,221
2022-11-30 05:58:00,50.2,50.2,216,218
2022-11-30 06:00:00,50.0,50.0,211,214
2022-11-30 06:02:00,50.2,50.2,214,216
2022-11-30 06:04:00,50.1,50.1,204,209
2022-11-30 06:06:00,49.8,49.8,201,205
2022-11-30 06:08:00,50.2,50.2,210,212
2022-11-30 06:10:00,50.0,50.0,212,214
2022-11-30 06:12:00,50.2,50.2,211,213
2022-11-30 06:14:00,50.0,49.9,210,212
2022-11-30 06:16:00,49.9,49.9,212,214
2022-11-30 06:18:00,49.8,49.8,211,211
2022-11-30 06:20:00,50.0,50.0,215,217
2022-11-30 06:22:00,50.0,50.0,219,221
2022-11-30 06:24:00,50.1,50.0,218,219
2022-11-30 06:26:00,50.0,50.0,214,216
2022-11-30 06:28:00,50.1,50.1,216,219
2022-11-30 06:30:00,50.2,50.2,210,214
2022-11-30 06:32:00,50.1,50.2,206,210
2022-11-30 06:34:00,50.0,50.0,202,207
2022-11-30 06:36:00,50.2,50.3,203,207
2022-11-30 06:38:00,50.0,50.0,211,213
2022-11-30 06:40:00,50.1,50.1,202,204
2022-11-30 06:42:00,50.1,50.1,199,201
2022-11-30 06:44:00,50.2,50.3,207,209
2022-11-30 06:46:00,50.3,50.3,207,209
2022-11-30 06:48:00,50.4,50.3,208,210
2022-11-30 06:50:00,50.4,50.5,209,211
2022-11-30 06:52:00,50.5,50.4,208,211
2022-11-30 06:54:00,50.4,50.3,209,213
2022-11-30 06:56:00,50.2,50.2,207,209
2022-11-30 06:58:00,50.0,50.0,206,209
2022-11-30 07:00:00,50.1,50.2,207,209
2022-11-30 07:02:00,50.0,50.0,209,211
2022-11-30 07:04:00,50.1,50.1,204,209
2022-11-30 07:06:00,49.9,49.9,202,207
2022-11-30 07:08:00,50.2,50.2,211,213
2022-11-30 07:10:00,50.2,50.2,210,212
2022-11-30 07:12:00,50.1,50.1,211,214
2022-11-30 07:14:00,50.1,50.2,215,217
2022-11-30 07:16:00,50.1,50.1,214,216
2022-11-30 07:18:00,49.8,49.8,211,214
2022-11-30 07:20:00,50.0,50.1,211,213
2022-11-30 07:22:00,50.0,50.0,211,213
2022-11-30 07:24:00,50.2,50.2,209,211
2022-11-30 07:26:00,50.1,50.1,209,211
2022-11-30 07:28:00,50.2,50.2,209,211
2022-11-30 07:30:00,50.1,50.1,211,214
2022-11-30 07:32:00,50.1,50.1,211,213
2022-11-30 07:34:00,50.2,50.2,214,216
2022-11-30 07:36:00,50.0,49.9,213,214
2022-11-30 07:38:00,50.0,50.0,204,206
2022-11-30 07:40:00,50.2,50.1,206,207
2022-11-30 07:42:00,50.1,50.2,208,210
2022-11-30 07:44:00,50.0,50.0,210,213
2022-11-30 07:46:00,50.1,50.1,209,211
2022-11-30 07:48:00,50.1,50.1,209,211
2022-11-30 07:50:00,50.2,50.2,207,209
2022-11-30 07:52:00,50.2,50.2,204,206
2022-11-30 07:54:00,50.2,50.2,203,204
2022-11-30 07:56:00,50.3,50.3,202,205
2022-11-30 07:58:00,50.1,50.0,202,204
2022-11-30 08:00:00,50.1,50.1,201,204
2022-11-30 08:02:00,50.1,50.1,205,207
2022-11-30 08:04:00,50.2,50.2,206,208
2022-11-30 08:06:00,50.2,50.2,206,207
2022-11-30 08:08:00,50.1,50.1,197,205
2022-11-30 08:10:00,49.8,49.8,194,202
2022-11-30 08:12:00,50.0,49.9,193,202
2022-11-30 08:14:00,50.1,50.1,202,204
2022-11-30 08:16:00,50.0,49.9,202,204
2022-11-30 08:18:00,50.0,50.0,204,206
2022-11-30 08:20:00,49.8,49.9,204,206
2022-11-30 08:22:00,50.2,50.3,202,204
2022-11-30 08:24:00,49.9,49.9,197,200
2022-11-30 08:26:00,50.0,50.0,199,202
2022-11-30 08:28:00,50.1,50.1,199,202
2022-11-30 08:30:00,50.1,50.1,200,203
2022-11-30 08:32:00,50.0,49.9,195,201
2022-11-30 08:34:00,50.1,50.1,200,204
2022-11-30 08:36:00,49.5,49.4,199,203
2022-11-30 08:38:00,49.9,49.9,199,202
2022-11-30 08:40:00,49.9,49.9,198,202
2022-11-30 08:42:00,50.2,50.2,199,203
2022-11-30 08:44:00,49.8,49.8,197,201
2022-11-30 08:46:00,50.0,50.0,197,199
2022-11-30 08:48:00,49.9,49.9,190,196
2022-11-30 08:50:00,50.0,50.0,189,194
2022-11-30 08:52:00,49.9,49.8,189,195
2022-11-30 08:54:00,49.8,49.8,188,195
2022-11-30 08:56:00,50.1,50.0,192,198
2022-11-30 08:58:00,49.9,49.8,195,197
2022-11-30 09:00:00,49.7,49.7,187,190
2022-11-30 09:02:00,50.1,50.0,183,186
2022-11-30 09:04:00,49.8,49.9,183,185
2022-11-30 09:06:00,49.7,49.8,187,191
2022-11-30 09:08:00,49.9,50.0,185,188
2022-11-30 09:10:00,49.8,49.8,191,194
2022-11-30 09:12:00,49.7,49.7,193,197
2022-11-30 09:14:00,49.8,49.8,193,196
2022-11-30 09:16:00,49.8,49.9,195,197
2022-11-30 09:18:00,49.8,49.8,194,197
2022-11-30 09:20:00,50.0,50.0,187,189
2022-11-30 09:22:00,50.0,49.9,187,186
2022-11-30 09:24:00,50.3,50.3,178,183
2022-11-30 09:26:00,49.9,50.0,179,185
2022-11-30 09:28:00,50.2,50.2,180,182
2022-11-30 09:30:00,49.9,49.9,182,183
2022-11-30 09:32:00,50.0,50.0,184,190
2022-11-30 09:34:00,50.0,50.0,182,186
2022-11-30 09:36:00,49.8,49.8,185,185
2022-11-30 09:38:00,50.1,50.1,187,192
2022-11-30 09:40:00,50.1,50.1,186,186
2022-11-30 09:42:00,50.0,49.9,189,191
2022-11-30 09:44:00,50.1,50.1,183,188
2022-11-30 09:46:00,50.0,50.0,181,187
2022-11-30 09:48:00,49.8,49.8,191,193
2022-11-30 09:50:00,50.2,50.2,185,190
2022-11-30 09:52:00,50.2,50.2,185,190
2022-11-30 09:54:00,50.0,50.0,182,185
2022-11-30 09:56:00,50.2,50.2,174,181
2022-11-30 09:58:00,50.1,50.1,176,184
2022-11-30 10:00:00,50.1,50.0,185,189
2022-11-30 10:02:00,50.1,50.1,186,190
2022-11-30 10:04:00,50.1,50.1,182,185
2022-11-30 10:06:00,50.2,50.1,185,190
2022-11-30 10:08:00,50.0,50.0,186,189
2022-11-30 10:10:00,50.1,50.2,178,185
2022-11-30 10:12:00,49.9,49.8,183,188
2022-11-30 10:14:00,50.1,50.1,185,190
2022-11-30 10:16:00,49.9,50.0,183,187
2022-11-30 10:18:00,49.8,49.9,180,185
2022-11-30 10:20:00,50.2,50.3,194,199
2022-11-30 10:22:00,50.0,50.0,192,197
2022-11-30 10:24:00,50.1,50.1,192,197
2022-11-30 10:26:00,50.0,50.1,187,190
2022-11-30 10:28:00,50.1,50.1,186,188
2022-11-30 10:30:00,50.2,50.2,182,187
2022-11-30 10:32:00,50.3,50.2,189,192
2022-11-30 10:34:00,50.3,50.2,182,187
2022-11-30 10:36:00,50.3,50.2,184,187
2022-11-30 10:38:00,50.2,50.2,186,189
2022-11-30 10:40:00,50.1,50.1,183,186
2022-11-30 10:42:00,50.3,50.3,182,185
2022-11-30 10:44:00,50.1,50.0,178,183
2022-11-30 10:46:00,50.1,50.0,178,186
2022-11-30 10:48:00,50.2,50.3,179,187
2022-11-30 10:50:00,50.1,50.1,190,192
2022-11-30 10:52:00,49.8,49.9,185,190
2022-11-30 10:54:00,50.4,50.4,184,189
2022-11-30 10:56:00,50.3,50.2,186,190
2022-11-30 10:58:00,50.2,50.2,190,194
2022-11-30 11:00:00,50.3,50.3,185,188
2022-11-30 11:02:00,50.2,50.3,185,188
2022-11-30 11:04:00,50.1,50.0,189,193
2022-11-30 11:06:00,49.9,49.8,187,191
2022-11-30 11:08:00,50.2,50.2,184,190
2022-11-30 11:10:00,50.3,50.2,187,191
2022-11-30 11:12:00,50.1,50.1,185,191
2022-11-30 11:14:00,50.2,50.2,185,191
2022-11-30 11:16:00,50.7,50.7,191,194
2022-11-30 11:18:00,50.2,50.1,189,193
2022-11-30 11:20:00,50.3,50.3,185,190
2022-11-30 11:22:00,50.3,50.3,185,190
2022-11-30 11:24:00,50.2,50.2,184,189
2022-11-30 11:26:00,50.3,50.3,185,190
2022-11-30 11:28:00,50.1,50.2,188,192
2022-11-30 11:30:00,50.2,50.3,185,189
2022-11-30 11:32:00,50.2,50.2,178,184
2022-11-30 11:34:00,50.2,50.2,178,182
2022-11-30 11:36:00,50.1,50.2,183,187
2022-11-30 11:38:00,50.1,50.1,182,187
2022-11-30 11:40:00,50.2,50.2,178,182
2022-11-30 11:42:00,50.5,50.4,182,185
2022-11-30 11:44:00,50.3,50.3,185,187
2022-11-30 11:46:00,50.4,50.4,183,188
2022-11-30 11:48:00,50.4,50.3,178,183
2022-11-30 11:50:00,50.2,50.2,183,188
2022-11-30 11:52:00,50.1,50.2,176,181
2022-11-30 11:54:00,50.1,50.0,171,177
2022-11-30 11:56:00,50.2,50.2,171,175
2022-11-30 11:58:00,50.4,50.5,176,181
2022-11-30 12:00:00,50.2,50.2,170,175
2022-11-30 12:02:00,50.5,50.4,172,176
2022-11-30 12:04:00,50.3,50.3,170,175
2022-11-30 12:06:00,50.3,50.3,168,175
2022-11-30 12:08:00,50.2,50.2,173,179
2022-11-30 12:10:00,50.0,50.0,178,185
2022-11-30 12:12:00,50.1,50.0,178,182
2022-11-30 12:14:00,50.2,50.2,175,182
2022-11-30 12:16:00,49.9,50.1,180,185
2022-11-30 12:18:00,50.3,50.2,180,183
2022-11-30 12:20:00,50.3,50.2,179,183
2022-11-30 12:22:00,50.2,50.2,180,185
2022-11-30 12:24:00,50.2,50.2,180,185
2022-11-30 12:26:00,50.2,50.2,178,181
2022-11-30 12:28:00,50.4,50.5,180,184
2022-11-30 12:30:00,50.2,50.1,182,185
2022-11-30 12:32:00,50.0,50.0,179,184
2022-11-30 12:34:00,50.0,50.1,175,179
2022-11-30 12:36:00,50.4,50.4,180,182
2022-11-30 12:38:00,50.1,50.2,177,181
2022-11-30 12:40:00,50.4,50.4,180,185
2022-11-30 12:42:00,50.4,50.4,173,178
2022-11-30 12:44:00,50.4,50.4,175,179
2022-11-30 12:46:00,50.0,50.1,178,182
2022-11-30 12:48:00,50.2,50.2,181,185
2022-11-30 12:50:00,50.3,50.3,183,187
2022-11-30 12:52:00,50.3,50.2,187,190
2022-11-30 12:54:00,50.1,50.2,182,187
2022-11-30 12:56:00,50.0,50.0,178,182
2022-11-30 12:58:00,49.9,50.0,184,186
2022-11-30 13:00:00,50.1,50.0,185,187
2022-11-30 13:02:00,50.2,50.1,180,185
2022-11-30 13:04:00,50.1,50.1,180,184
2022-11-30 13:06:00,50.3,50.4,183,187
2022-11-30 13:08:00,50.2,50.2,185,187
2022-11-30 13:10:00,50.3,50.3,180,184
2022-11-30 13:12:00,50.0,50.0,180,183
2022-11-30 13:14:00,50.0,50.0,178,182
2022-11-30 13:16:00,50.0,50.0,177,182
2022-11-30 13:18:00,50.1,50.2,175,182
2022-11-30 13:20:00,50.1,50.1,182,187
2022-11-30 13:22:00,50.0,50.0,177,181
2022-11-30 13:24:00,50.0,50.0,175,180
2022-11-30 13:26:00,50.2,50.1,175,180
2022-11-30 13:28:00,50.3,50.2,178,184
2022-11-30 13:30:00,50.2,50.2,179,183
2022-11-30 13:32:00,50.1,50,174,179
2022-11-30 13:34:00,50.4,50.3,177,181
2022-11-30 13:36:00,50.2,50.2,178,182
2022-11-30 13:38:00,50.0,50.1,177,182
2022-11-30 13:40:00,50.1,50.0,182,186
2022-11-30 13:42:00,50.1,50.1,179,182
2022-11-30 13:44:00,50.0,50.0,173,178
2022-11-30 13:46:00,49.9,50,170,176
2022-11-30 13:48:00,50.2,50.2,170,174
2022-11-30 13:50:00,50.2,50.1,169,176
2022-11-30 13:52:00,50.2,50.2,169,174
2022-11-30 13:54:00,50.2,50.3,168,177
2022-11-30 13:56:00,50.1,50.1,176,180
2022-11-30 13:58:00,50.2,50.2,181,185
2022-11-30 14:00:00,50.0,50.1,181,185
2022-11-30 14:02:00,50.1,50.1,188,193
2022-11-30 14:04:00,50.3,50.3,187,191
2022-11-30 14:06:00,50.5,50.4,192,194
2022-11-30 14:08:00,50.2,50.1,186,190
2022-11-30 14:10:00,49.9,49.9,189,193
2022-11-30 14:12:00,50.3,50.3,188,190
2022-11-30 14:14:00,50.3,50.3,190,193
2022-11-30 14:16:00,50.3,50.3,191,196
2022-11-30 14:18:00,50.2,50.2,191,194
2022-11-30 14:20:00,50.5,50.4,194,197
2022-11-30 14:22:00,50.4,50.5,192,196
2022-11-30 14:24:00,50.2,50.2,180,187
2022-11-30 14:26:00,50.1,50.1,180,188
2022-11-30 14:28:00,50.0,50.0,181,187
2022-11-30 14:30:00,50.2,50.1,177,185
2022-11-30 14:32:00,50.1,50.1,178,186
2022-11-30 14:34:00,50.1,50.2,187,194
2022-11-30 14:36:00,50.4,50.5,188,196
2022-11-30 14:38:00,50.2,50.1,192,197
2022-11-30 14:40:00,50.2,50.1,192,195
2022-11-30 14:42:00,50.2,50.1,194,195
2022-11-30 14:44:00,50.2,50.1,190,194
2022-11-30 14:46:00,50.1,50.1,190,194
2022-11-30 14:48:00,50.2,50.2,189,194
2022-11-30 14:50:00,50.1,50.1,192,195
2022-11-30 14:52:00,50.3,50.2,191,195
2022-11-30 14:54:00,50.5,50.5,190,192
2022-11-30 14:56:00,50.1,50.1,190,193
2022-11-30 14:58:00,50.2,50.2,188,192
2022-11-30 15:00:00,50.3,50.3,189,192
2022-11-30 15:02:00,49.9,49.9,195,197
2022-11-30 15:04:00,50.5,50.3,187,190
2022-11-30 15:06:00,50.1,50.1,180,185
2022-11-30 15:08:00,50.2,50.2,192,194
2022-11-30 15:10:00,50.2,50.3,188,191
2022-11-30 15:12:00,50.3,50.3,185,190
2022-11-30 15:14:00,50.2,50.2,188,192
2022-11-30 15:16:00,50.3,50.2,190,192
2022-11-30 15:18:00,50.0,50.1,190,193
2022-11-30 15:20:00,50.1,50.1,188,194
2022-11-30 15:22:00,50.3,50.2,189,193
2022-11-30 15:24:00,50.2,50.2,194,198
2022-11-30 15:26:00,50.2,50.2,193,197
2022-11-30 15:28:00,50.2,50.3,192,197
2022-11-30 15:30:00,50.2,50.2,190,193
2022-11-30 15:32:00,49.9,49.9,190,193
2022-11-30 15:34:00,50.2,50.2,194,198
2022-11-30 15:36:00,50.4,50.4,195,198
2022-11-30 15:38:00,50.1,50.1,198,199
2022-11-30 15:40:00,50.3,50.3,191,196
2022-11-30 15:42:00,50.1,50.1,189,194
2022-11-30 15:44:00,50.1,50.1,194,197
2022-11-30 15:46:00,49.9,50.0,191,194
2022-11-30 15:48:00,50.4,50.4,189,192
2022-11-30 15:50:00,49.9,50.0,187,189
2022-11-30 15:52:00,50.3,50.3,192,196
2022-11-30 15:54:00,50.1,50.2,190,194
2022-11-30 15:56:00,50.3,50.4,194,197
2022-11-30 15:58:00,50.2,50.2,195,199
2022-11-30 16:00:00,50.3,50.3,193,195
2022-11-30 16:02:00,49.7,49.9,193,197
2022-11-30 16:04:00,50.3,50.4,191,196
2022-11-30 16:06:00,50.0,50.1,192,194
2022-11-30 16:08:00,50.0,50.1,192,196
2022-11-30 16:10:00,49.9,49.9,190,194
2022-11-30 16:12:00,50.0,50.0,194,198
2022-11-30 16:14:00,49.9,49.8,192,194
2022-11-30 16:16:00,50.3,50.3,194,197
2022-11-30 16:18:00,50.3,50.3,189,192
2022-11-30 16:20:00,50.2,50.2,190,194
2022-11-30 16:22:00,50.2,50.1,188,192
2022-11-30 16:24:00,50.0,49.9,191,193
2022-11-30 16:26:00,50.1,50.0,186,189
2022-11-30 16:28:00,50.2,50.2,188,189
2022-11-30 16:30:00,50.4,50.4,191,194
2022-11-30 16:32:00,50.0,50.1,190,193
2022-11-30 16:34:00,50.4,50.4,190,192
2022-11-30 16:36:00,50.2,50.2,190,192
2022-11-30 16:38:00,50.1,50.1,192,192
2022-11-30 16:40:00,50.2,50.1,190,191
2022-11-30 16:42:00,50.3,50.3,188,192
2022-11-30 16:44:00,50.3,50.2,188,190
2022-11-30 16:46:00,49.9,50.0,191,193
2022-11-30 16:48:00,50.2,50.2,192,194
2022-11-30 16:50:00,50.2,50.2,191,194
2022-11-30 16:52:00,50.5,50.5,193,194
2022-11-30 16:54:00,50.2,50.3,191,193
2022-11-30 16:56:00,50.2,50.2,190,192
2022-11-30 16:58:00,50.3,50.3,194,197
2022-11-30 17:00:00,50.2,50.2,190,191
2022-11-30 17:02:00,50.2,50.2,182,188
2022-11-30 17:04:00,50.2,50.2,187,194
2022-11-30 17:06:00,50.0,50.1,192,195
2022-11-30 17:08:00,50.1,50.1,193,197
2022-11-30 17:10:00,50.2,50.1,191,194
2022-11-30 17:12:00,50.2,50.3,192,194
2022-11-30 17:14:00,50.2,50.2,190,192
2022-11-30 17:16:00,50.2,50.2,187,190
2022-11-30 17:18:00,50.2,50.2,189,192
2022-11-30 17:20:00,50.1,50.2,193,195
2022-11-30 17:22:00,50.2,50.2,187,190
2022-11-30 17:24:00,50.6,50.6,189,192
2022-11-30 17:26:00,50.0,50.0,185,185
2022-11-30 17:28:00,50.3,50.3,182,185
2022-11-30 17:30:00,50.2,50.1,187,188
2022-11-30 17:32:00,50.1,50.0,186,188
2022-11-30 17:34:00,50.1,50.2,188,190
2022-11-30 17:36:00,50.1,50.1,188,191
2022-11-30 17:38:00,50.0,50.0,187,190
2022-11-30 17:40:00,50.3,50.3,189,190
2022-11-30 17:42:00,50.0,50,187,190
2022-11-30 17:44:00,50.1,49.9,184,186
2022-11-30 17:46:00,50.0,50.0,188,190
2022-11-30 17:48:00,50.2,50.2,191,193
2022-11-30 17:50:00,50.1,50.0,185,187
2022-11-30 17:52:00,50.1,50.1,186,188
2022-11-30 17:54:00,50.1,50.1,185,186
2022-11-30 17:56:00,50.0,49.9,185,187
2022-11-30 17:58:00,50.0,50,184,187
2022-11-30 18:00:00,49.9,50.0,186,187
2022-11-30 18:02:00,50.0,50.0,185,187
2022-11-30 18:04:00,50.0,50.0,183,186
2022-11-30 18:06:00,50.1,50.0,190,192
2022-11-30 18:08:00,49.9,49.9,187,189
2022-11-30 18:10:00,49.8,49.8,185,188
2022-11-30 18:12:00,49.9,50.0,174,178
2022-11-30 18:14:00,49.8,49.8,175,176
2022-11-30 18:16:00,50.1,50.1,171,174
2022-11-30 18:18:00,50.0,50.0,170,173
2022-11-30 18:20:00,49.9,49.9,170,173
2022-11-30 18:22:00,50.1,50.1,170,173
2022-11-30 18:24:00,49.9,50.0,169,173
2022-11-30 18:26:00,49.9,49.9,173,175
2022-11-30 18:28:00,50.0,50.0,170,173
2022-11-30 18:30:00,50.0,49.9,178,181
2022-11-30 18:32:00,49.9,49.9,169,172
2022-11-30 18:34:00,50.0,50.0,172,174
2022-11-30 18:36:00,49.9,50.0,169,171
2022-11-30 18:38:00,49.9,49.9,167,169
2022-11-30 18:40:00,50.1,50.0,169,171
2022-11-30 18:42:00,49.9,49.9,171,173
2022-11-30 18:44:00,49.9,49.9,167,170
2022-11-30 18:46:00,50.1,50.0,168,171
2022-11-30 18:48:00,49.9,50,176,178
2022-11-30 18:50:00,49.9,49.9,179,182
2022-11-30 18:52:00,50.0,50.0,176,178
2022-11-30 18:54:00,50.0,50.0,178,180
2022-11-30 18:56:00,49.8,49.8,173,175
2022-11-30 18:58:00,50.0,50.0,169,172
2022-11-30 19:00:00,50.1,50.1,162,163
2022-11-30 19:02:00,50.0,50.0,163,165
2022-11-30 19:04:00,50.0,50,172,175
2022-11-30 19:06:00,50.0,50.0,168,171
2022-11-30 19:08:00,50.0,50.0,175,178
2022-11-30 19:10:00,50.1,50.1,174,177
2022-11-30 19:12:00,50.1,50.1,178,180
2022-11-30 19:14:00,50.1,50.1,181,182
2022-11-30 19:16:00,50.0,50.0,182,185
2022-11-30 19:18:00,49.8,49.8,184,187
2022-11-30 19:20:00,50.0,50.0,186,187
2022-11-30 19:22:00,50.1,50.1,185,187
2022-11-30 19:24:00,50.1,50.0,185,187
2022-11-30 19:26:00,50.1,50.1,181,184
2022-11-30 19:28:00,50.1,50.1,181,182
2022-11-30 19:30:00,50.1,50.1,177,179
2022-11-30 19:32:00,50.1,50.1,182,184
2022-11-30 19:34:00,49.9,49.9,182,185
2022-11-30 19:36:00,50.0,50.0,182,184
2022-11-30 19:38:00,49.9,50.0,180,182
2022-11-30 19:40:00,49.8,49.8,182,185
2022-11-30 19:42:00,50.1,50.1,183,185
2022-11-30 19:44:00,50.1,50.1,185,187
2022-11-30 19:46:00,50.1,50.1,186,188
2022-11-30 19:48:00,50.0,50.1,189,191
2022-11-30 19:50:00,50.0,50.0,187,190
2022-11-30 19:52:00,50.2,50.2,187,190
2022-11-30 19:54:00,50.2,50.2,190,191
2022-11-30 19:56:00,49.9,49.9,190,191
2022-11-30 19:58:00,50.1,50.1,187,190
2022-11-30 20:00:00,50.0,50.0,188,190
2022-11-30 20:02:00,49.9,49.9,187,188
2022-11-30 20:04:00,50.2,50.2,189,191
2022-11-30 20:06:00,50.0,50.0,187,190
2022-11-30 20:08:00,50.0,50.0,190,191
2022-11-30 20:10:00,50.2,50.2,188,190
2022-11-30 20:12:00,50.1,50.1,189,190
2022-11-30 20:14:00,49.9,49.9,189,191
2022-11-30 20:16:00,50.1,50.1,190,192
2022-11-30 20:18:00,50.0,50.1,190,192
2022-11-30 20:20:00,49.9,49.8,190,191
2022-11-30 20:22:00,50.0,50.0,187,188
2022-11-30 20:24:00,50.2,50.2,187,189
2022-11-30 20:26:00,49.9,49.9,185,187
2022-11-30 20:28:00,50.2,50.2,190,192
2022-11-30 20:30:00,50.2,50.2,192,193
2022-11-30 20:32:00,50.0,49.9,193,194
2022-11-30 20:34:00,49.9,50.0,193,194
2022-11-30 20:36:00,50.2,50.2,192,194
2022-11-30 20:38:00,50.1,50.1,193,194
2022-11-30 20:40:00,50.3,50.3,189,191
2022-11-30 20:42:00,50.3,50.2,190,191
2022-11-30 20:44:00,50.1,50.1,189,191
2022-11-30 20:46:00,50.2,50.2,185,187
2022-11-30 20:48:00,50.4,50.4,191,192
2022-11-30 20:50:00,50.1,50.0,190,192
2022-11-30 20:52:00,50.3,50.2,190,192
2022-11-30 20:54:00,50.2,50.1,193,194
2022-11-30 20:56:00,50.0,50.0,190,191
2022-11-30 20:58:00,50.2,50.3,190,192
2022-11-30 21:00:00,50,50.0,187,189
2022-11-30 21:02:00,50.6,50.6,187,190
2022-11-30 21:04:00,50.2,50.2,190,192
2022-11-30 21:06:00,50.1,50.2,192,194
2022-11-30 21:08:00,50.2,50.2,187,191
2022-11-30 21:10:00,50.3,50.2,192,192
2022-11-30 21:12:00,50.2,50.2,192,194
2022-11-30 21:14:00,50.2,50.2,192,194
2022-11-30 21:16:00,50.3,50.3,194,195
2022-11-30 21:18:00,50.2,50.2,191,194
2022-11-30 21:20:00,50.1,50.1,194,195
2022-11-30 21:22:00,50.1,50.1,194,194
2022-11-30 21:24:00,50.3,50.3,190,193
2022-11-30 21:26:00,50.2,50.2,191,194
2022-11-30 21:28:00,50.3,50.3,192,194
2022-11-30 21:30:00,50.2,50.2,190,192
2022-11-30 21:32:00,50.2,50.2,189,191
2022-11-30 21:34:00,50.2,50.2,191,193
2022-11-30 21:36:00,50.2,50.2,191,193
2022-11-30 21:38:00,50.5,50.5,194,195
2022-11-30 21:40:00,50.5,50.5,196,197
2022-11-30 21:42:00,50.5,50.5,194,195
2022-11-30 21:44:00,50.2,50.2,194,196
2022-11-30 21:46:00,50.3,50.4,194,196
2022-11-30 21:48:00,50.4,50.5,197,199
2022-11-30 21:50:00,50.3,50.3,197,199
2022-11-30 21:52:00,50.4,50.4,194,197
2022-11-30 21:54:00,50.4,50.4,196,198
2022-11-30 21:56:00,50.3,50.3,197,198
2022-11-30 21:58:00,50.3,50.3,195,197
2022-11-30 22:00:00,50.4,50.3,196,198
2022-11-30 22:02:00,50.4,50.5,197,199
2022-11-30 22:04:00,50.6,50.5,194,197
2022-11-30 22:06:00,50.4,50.4,195,198
2022-11-30 22:08:00,50.3,50.4,199,201
2022-11-30 22:10:00,50.5,50.5,199,202
2022-11-30 22:12:00,50.4,50.4,199,201
2022-11-30 22:14:00,50.3,50.3,202,204
2022-11-30 22:16:00,50.5,50.6,202,204
2022-11-30 22:18:00,50.3,50.3,201,202
2022-11-30 22:20:00,50.3,50.4,204,205
2022-11-30 22:22:00,50.5,50.6,204,205
2022-11-30 22:24:00,50.6,50.5,204,206
2022-11-30 22:26:00,50.4,50.3,203,206
2022-11-30 22:28:00,50.2,50.2,204,206
2022-11-30 22:30:00,50.7,50.7,203,205
2022-11-30 22:32:00,50.4,50.4,202,204
2022-11-30 22:34:00,50.5,50.5,204,207
2022-11-30 22:36:00,50.6,50.6,206,207
2022-11-30 22:38:00,50.2,50.2,202,204
2022-11-30 22:40:00,50.6,50.6,204,206
2022-11-30 22:42:00,50.5,50.5,204,206
2022-11-30 22:44:00,50.4,50.4,204,207
2022-11-30 22:46:00,50.6,50.5,204,206
2022-11-30 22:48:00,50.4,50.4,204,207
2022-11-30 22:50:00,50.3,50.3,204,206
2022-11-30 22:52:00,50.6,50.7,206,208
2022-11-30 22:54:00,50.5,50.5,208,210
2022-11-30 22:56:00,50.5,50.6,206,207
2022-11-30 22:58:00,50.7,50.6,204,207
2022-11-30 23:00:00,50.6,50.6,206,208
2022-11-30 23:02:00,50.4,50.5,209,211
2022-11-30 23:04:00,50.5,50.4,209,211
2022-11-30 23:06:00,50.6,50.6,209,211
2022-11-30 23:08:00,50.6,50.7,211,212
2022-11-30 23:10:00,50.7,50.7,209,211
2022-11-30 23:12:00,50.5,50.5,210,212
2022-11-30 23:14:00,50.6,50.6,209,210
2022-11-30 23:16:00,50.8,50.8,207,209
2022-11-30 23:18:00,50.5,50.5,207,209
2022-11-30 23:20:00,50.7,50.6,208,209
2022-11-30 23:22:00,50.7,50.7,211,213
2022-11-30 23:24:00,50.7,50.7,209,211
2022-11-30 23:26:00,50.2,50.3,209,211
2022-11-30 23:28:00,50.5,50.5,211,213
2022-11-30 23:30:00,50.7,50.7,210,213
2022-11-30 23:32:00,50.6,50.6,211,214
2022-11-30 23:34:00,50.8,50.8,211,214
2022-11-30 23:36:00,50.7,50.7,212,214
2022-11-30 23:38:00,50.4,50.5,210,214
2022-11-30 23:40:00,50.9,50.8,212,215
2022-11-30 23:42:00,50.7,50.6,213,215
2022-11-30 23:44:00,50.5,50.6,211,214
2022-11-30 23:46:00,50.7,50.7,211,214
2022-11-30 23:48:00,50.8,50.9,213,215
2022-11-30 23:50:00,50.6,50.6,210,214
2022-11-30 23:52:00,50.8,50.9,211,214
2022-11-30 23:54:00,50.7,50.8,211,214
2022-11-30 23:56:00,50.5,50.5,211,213
2022-11-30 23:58:00,50.8,50.8,210,213
2022-12-01 00:00:00,50.9,50.9,212,214
2022-12-01 00:02:00,50.8,50.8,212,214
2022-12-01 00:04:00,50.7,50.7,210,213
2022-12-01 00:06:00,50.7,50.7,211,213
2022-12-01 00:08:00,50.7,50.7,211,214
2022-12-01 00:10:00,50.9,51.0,211,214
2022-12-01 00:12:00,50.7,50.7,211,214
2022-12-01 00:14:00,50.7,50.6,211,214
2022-12-01 00:16:00,50.6,50.6,211,214
2022-12-01 00:18:00,50.7,50.7,211,214
2022-12-01 00:20:00,50.5,50.6,211,214
2022-12-01 00:22:00,50.9,50.8,212,214
2022-12-01 00:24:00,50.7,50.8,212,214
2022-12-01 00:26:00,50.8,50.8,214,216
2022-12-01 00:28:00,50.6,50.6,214,216
2022-12-01 00:30:00,50.9,50.9,213,216
2022-12-01 00:32:00,50.7,50.6,212,215
2022-12-01 00:34:00,50.6,50.7,214,216
2022-12-01 00:36:00,50.8,50.8,211,215
2022-12-01 00:38:00,50.5,50.5,212,215
2022-12-01 00:40:00,50.5,50.6,214,216
2022-12-01 00:42:00,50.3,50.3,214,216
2022-12-01 00:44:00,50.5,50.5,214,216
2022-12-01 00:46:00,50.4,50.4,215,217
2022-12-01 00:48:00,50.6,50.6,215,216
2022-12-01 00:50:00,50.4,50.4,214,216
2022-12-01 00:52:00,50.7,50.6,214,216
2022-12-01 00:54:00,50.4,50.4,215,216
2022-12-01 00:56:00,50.7,50.6,215,216
2022-12-01 00:58:00,50.6,50.6,214,216
2022-12-01 01:00:00,50.5,50.5,216,218
2022-12-01 01:02:00,50.3,50.3,216,218
2022-12-01 01:04:00,50.6,50.6,215,217
2022-12-01 01:06:00,50.6,50.6,216,219
2022-12-01 01:08:00,50.4,50.3,217,219
2022-12-01 01:10:00,50.5,50.5,215,218
2022-12-01 01:12:00,50.6,50.5,215,218
2022-12-01 01:14:00,50.4,50.3,219,221
2022-12-01 01:16:00,50.6,50.6,219,221
2022-12-01 01:18:00,50.7,50.7,219,221
2022-12-01 01:20:00,50.4,50.3,213,217
2022-12-01 01:22:00,50.6,50.6,213,217
2022-12-01 01:24:00,50.4,50.4,211,216
2022-12-01 01:26:00,50.5,50.5,219,221
2022-12-01 01:28:00,50.3,50.4,219,221
2022-12-01 01:30:00,50.5,50.4,218,220
2022-12-01 01:32:00,50.3,50.3,217,220
2022-12-01 01:34:00,50.5,50.5,219,221
2022-12-01 01:36:00,50.4,50.4,219,221
2022-12-01 01:38:00,50.4,50.4,217,220
2022-12-01 01:40:00,50.6,50.7,220,221
2022-12-01 01:42:00,50.5,50.5,220,222
2022-12-01 01:44:00,50.2,50.2,218,221
2022-12-01 01:46:00,50.7,50.6,220,222
2022-12-01 01:48:00,50.4,50.4,221,223
2022-12-01 01:50:00,50.2,50.2,219,222
2022-12-01 01:52:00,50.5,50.5,219,222
2022-12-01 01:54:00,50.6,50.5,221,223
2022-12-01 01:56:00,50.3,50.2,221,223
2022-12-01 01:58:00,50.5,50.5,220,223
2022-12-01 02:00:00,50.6,50.6,222,223
2022-12-01 02:02:00,50.3,50.3,221,223
2022-12-01 02:04:00,50.5,50.5,220,223
2022-12-01 02:06:00,50.3,50.3,219,221
2022-12-01 02:08:00,50.5,50.6,221,222
2022-12-01 02:10:00,50.3,50.3,220,222
2022-12-01 02:12:00,50.8,50.7,217,220
2022-12-01 02:14:00,50.4,50.4,218,220
2022-12-01 02:16:00,50.6,50.6,222,223
2022-12-01 02:18:00,50.7,50.6,221,223
2022-12-01 02:20:00,50.4,50.4,221,223
2022-12-01 02:22:00,50.7,50.7,222,223
2022-12-01 02:24:00,50.6,50.6,221,223
2022-12-01 02:26:00,50.2,50.3,221,223
2022-12-01 02:28:00,50.5,50.5,221,223
2022-12-01 02:30:00,50.6,50.5,221,223
2022-12-01 02:32:00,50.3,50.3,219,221
2022-12-01 02:34:00,50.6,50.6,221,223
2022-12-01 02:36:00,50.5,50.5,222,223
2022-12-01 02:38:00,50.3,50.3,220,222
2022-12-01 02:40:00,50.5,50.5,221,223
2022-12-01 02:42:00,50.4,50.4,221,223
2022-12-01 02:44:00,50.5,50.5,220,222
2022-12-01 02:46:00,50.7,50.8,221,223
2022-12-01 02:48:00,50.5,50.4,221,223
2022-12-01 02:50:00,50.6,50.6,219,222
2022-12-01 02:52:00,50.4,50.4,219,222
2022-12-01 02:54:00,50.5,50.6,221,223
2022-12-01 02:56:00,50.3,50.4,221,223
2022-12-01 02:58:00,50.5,50.5,220,223
2022-12-01 03:00:00,50.4,50.4,221,223
2022-12-01 03:02:00,50.5,50.5,222,224
2022-12-01 03:04:00,50.5,50.5,221,223
2022-12-01 03:06:00,50.4,50.5,223,224
2022-12-01 03:08:00,50.4,50.4,223,224
2022-12-01 03:10:00,50.5,50.5,221,223
2022-12-01 03:12:00,50.5,50.5,221,223
2022-12-01 03:14:00,50.3,50.3,221,223
2022-12-01 03:16:00,50.6,50.6,222,223
2022-12-01 03:18:00,50.4,50.4,221,223
2022-12-01 03:20:00,50.4,50.5,222,223
2022-12-01 03:22:00,50.7,50.7,220,221
2022-12-01 03:24:00,50.6,50.6,216,218
2022-12-01 03:26:00,50.3,50.3,217,219
2022-12-01 03:28:00,50.5,50.5,217,219
2022-12-01 03:30:00,50.5,50.5,218,220
2022-12-01 03:32:00,50.4,50.4,220,223
2022-12-01 03:34:00,50.5,50.5,222,223
2022-12-01 03:36:00,50.5,50.4,222,223
2022-12-01 03:38:00,50.3,50.3,220,223
2022-12-01 03:40:00,50.5,50.6,223,224
2022-12-01 03:42:00,50.5,50.5,223,224
2022-12-01 03:44:00,50.3,50.4,219,223
2022-12-01 03:46:00,50.6,50.6,221,223
2022-12-01 03:48:00,50.5,50.6,222,224
2022-12-01 03:50:00,50.2,50.2,220,223
2022-12-01 03:52:00,50.6,50.6,221,223
2022-12-01 03:54:00,50.6,50.6,223,224
2022-12-01 03:56:00,50.4,50.4,219,221
2022-12-01 03:58:00,50.7,50.8,218,221
2022-12-01 04:00:00,50.4,50.4,216,218
2022-12-01 04:02:00,50.5,50.5,219,221
2022-12-01 04:04:00,50.4,50.5,218,220
2022-12-01 04:06:00,50.6,50.6,219,221
2022-12-01 04:08:00,50.3,50.3,220,221
2022-12-01 04:10:00,50.6,50.6,219,221
2022-12-01 04:12:00,50.6,50.7,219,221
2022-12-01 04:14:00,50.4,50.3,219,221
2022-12-01 04:16:00,50.5,50.5,219,221
2022-12-01 04:18:00,50.6,50.5,219,221
2022-12-01 04:20:00,50.4,50.4,220,221
2022-12-01 04:22:00,50.5,50.5,221,222
2022-12-01 04:24:00,50.5,50.5,219,221
2022-12-01 04:26:00,50.2,50.3,220,221
2022-12-01 04:28:00,50.6,50.5,219,220
2022-12-01 04:30:00,50.5,50.5,216,219
2022-12-01 04:32:00,50.3,50.3,217,219
2022-12-01 04:34:00,50.5,50.5,223,225
2022-12-01 04:36:00,50.5,50.5,221,224
2022-12-01 04:38:00,50.4,50.4,222,225
2022-12-01 04:40:00,50.6,50.6,223,225
2022-12-01 04:42:00,50.5,50.5,223,225
2022-12-01 04:44:00,50.3,50.4,221,224
2022-12-01 04:46:00,50.6,50.5,223,225
2022-12-01 04:48:00,50.3,50.3,218,220
2022-12-01 04:50:00,50.4,50.3,217,220
2022-12-01 04:52:00,50.5,50.5,218,220
2022-12-01 04:54:00,50.4,50.4,216,218
2022-12-01 04:56:00,50.3,50.3,215,218
2022-12-01 04:58:00,50.5,50.5,216,219
2022-12-01 05:00:00,50.5,50.5,218,219
2022-12-01 05:02:00,50.4,50.3,216,219
2022-12-01 05:04:00,50.5,50.5,219,221
2022-12-01 05:06:00,50.4,50.4,220,221
2022-12-01 05:08:00,50.4,50.4,218,219
2022-12-01 05:10:00,50.3,50.2,216,218
2022-12-01 05:12:00,50.3,50.4,215,216
2022-12-01 05:14:00,50.4,50.3,214,216
2022-12-01 05:16:00,50.4,50.4,214,216
2022-12-01 05:18:00,50.3,50.4,210,212
2022-12-01 05:20:00,50.2,50.3,211,212
2022-12-01 05:22:00,50.3,50.3,209,211
2022-12-01 05:24:00,50.3,50.3,207,209
2022-12-01 05:26:00,50.2,50.2,208,209
2022-12-01 05:28:00,50.1,50.2,209,211
2022-12-01 05:30:00,50.2,50.2,208,211
2022-12-01 05:32:00,50.2,50.2,209,211
2022-12-01 05:34:00,50.2,50.2,208,209
2022-12-01 05:36:00,50.3,50.3,204,207
2022-12-01 05:38:00,50.2,50.2,204,206
2022-12-01 05:40:00,50.1,50.2,206,207
2022-12-01 05:42:00,50.2,50.2,204,207
2022-12-01 05:44:00,50.3,50.2,204,206
2022-12-01 05:46:00,50.2,50.2,204,205
2022-12-01 05:48:00,50.2,50.1,202,204
2022-12-01 05:50:00,50.1,50.1,201,203
2022-12-01 05:52:00,50.1,50.1,202,203
2022-12-01 05:54:00,50.3,50.2,201,203
2022-12-01 05:56:00,50.3,50.3,199,202
2022-12-01 05:58:00,50.1,50.1,192,199
2022-12-01 06:00:00,50.2,50.2,201,205
2022-12-01 06:02:00,50.1,50.1,194,201
2022-12-01 06:04:00,50.2,50.3,193,199
2022-12-01 06:06:00,50.2,50.3,198,202
2022-12-01 06:08:00,50.1,50.1,190,198
2022-12-01 06:10:00,50.2,50.2,193,200
2022-12-01 06:12:00,50.3,50.3,192,200
2022-12-01 06:14:00,50.0,50.1,189,197
2022-12-01 06:16:00,50.3,50.3,194,200
2022-12-01 06:18:00,50.3,50.3,205,207
2022-12-01 06:20:00,50.1,50.0,201,207
2022-12-01 06:22:00,50.3,50.4,203,209
2022-12-01 06:24:00,50.1,50.0,199,205
2022-12-01 06:26:00,50.1,50.2,204,209
2022-12-01 06:28:00,50.2,50.2,207,210
2022-12-01 06:30:00,50.4,50.4,197,204
2022-12-01 06:32:00,50.1,50.2,201,204
2022-12-01 06:34:00,50.2,50.1,202,206
2022-12-01 06:36:00,50.3,50.4,199,206
2022-12-01 06:38:00,50.2,50.3,197,204
2022-12-01 06:40:00,50.3,50.4,202,207
2022-12-01 06:42:00,50.2,50.2,194,202
2022-12-01 06:44:00,50.2,50.1,192,201
2022-12-01 06:46:00,50.1,50.2,197,202
2022-12-01 06:48:00,50.2,50.2,197,201
2022-12-01 06:50:00,50.2,50.4,204,206
2022-12-01 06:52:00,50.2,50.2,200,203
2022-12-01 06:54:00,50.3,50.3,196,202
2022-12-01 06:56:00,50.1,50.1,201,206
2022-12-01 06:58:00,50.2,50.2,202,207
2022-12-01 07:00:00,50.3,50.3,199,204
2022-12-01 07:02:00,50.1,50.1,202,207
2022-12-01 07:04:00,50.4,50.3,206,210
2022-12-01 07:06:00,50.2,50.1,202,206
2022-12-01 07:08:00,50.3,50.3,202,207
2022-12-01 07:10:00,50.4,50.4,194,201
2022-12-01 07:12:00,50.3,50.3,205,207
2022-12-01 07:14:00,50.2,50.2,198,202
2022-12-01 07:16:00,50.2,50.2,204,206
2022-12-01 07:18:00,50.2,50.2,206,210
2022-12-01 07:20:00,50.4,50.5,209,211
2022-12-01 07:22:00,50.2,50.2,209,213
2022-12-01 07:24:00,50.3,50.3,209,211
2022-12-01 07:26:00,50.1,50.2,208,209
2022-12-01 07:28:00,50.2,50.2,199,205
2022-12-01 07:30:00,50.1,50.2,197,202
2022-12-01 07:32:00,50.2,50.4,199,204
2022-12-01 07:34:00,50.3,50.5,197,202
2022-12-01 07:36:00,50.3,50.3,202,204
2022-12-01 07:38:00,50.0,50.1,205,207
2022-12-01 07:40:00,50.3,50.4,206,208
2022-12-01 07:42:00,50.2,50.2,203,206
2022-12-01 07:44:00,50.3,50.2,202,203
2022-12-01 07:46:00,50.2,50.1,199,201
2022-12-01 07:48:00,50.2,50.2,199,202
2022-12-01 07:50:00,50.2,50.2,197,199
2022-12-01 07:52:00,50.2,50.2,199,202
2022-12-01 07:54:00,50.2,50.2,200,203
2022-12-01 07:56:00,50.2,50.1,200,203
2022-12-01 07:58:00,50.2,50.2,197,199
2022-12-01 08:00:00,50.3,50.3,197,198
2022-12-01 08:02:00,50.4,50.4,195,198
2022-12-01 08:04:00,50.3,50.4,197,199
2022-12-01 08:06:00,50.2,50.2,195,198
2022-12-01 08:08:00,50.2,50.2,195,198
2022-12-01 08:10:00,50.2,50.1,190,198
2022-12-01 08:12:00,50.2,50.2,192,199
2022-12-01 08:14:00,50.0,50.0,197,199
2022-12-01 08:16:00,50.2,50.2,198,201
2022-12-01 08:18:00,50.2,50.2,201,203
2022-12-01 08:20:00,50.0,50.0,199,202
2022-12-01 08:22:00,50.0,50.1,197,199
2022-12-01 08:24:00,50.3,50.3,191,193
2022-12-01 08:26:00,50.2,50.2,194,197
2022-12-01 08:28:00,50.1,50.2,195,198
2022-12-01 08:30:00,50.2,50.2,199,201
2022-12-01 08:32:00,50.3,50.2,194,196
2022-12-01 08:34:00,50.2,50.3,193,196
2022-12-01 08:36:00,50.1,50.1,197,199
2022-12-01 08:38:00,50.2,50.1,199,202
2022-12-01 08:40:00,50.1,50.2,197,200
2022-12-01 08:42:00,50.4,50.4,199,202
2022-12-01 08:44:00,50.1,50.2,197,199
2022-12-01 08:46:00,50.2,50.2,195,197
2022-12-01 08:48:00,50.1,50.0,190,194
2022-12-01 08:50:00,49.9,49.9,186,191
2022-12-01 08:52:00,50.3,50.3,187,192
2022-12-01 08:54:00,50.1,50.1,187,192
2022-12-01 08:56:00,50.2,50.2,188,193
2022-12-01 08:58:00,50.4,50.4,192,197
2022-12-01 09:00:00,50.4,50.3,190,195
2022-12-01 09:02:00,50.1,50.1,189,194
2022-12-01 09:04:00,50.0,50.1,197,199
2022-12-01 09:06:00,50.4,50.4,197,199
2022-12-01 09:08:00,50.2,50.2,196,199
2022-12-01 09:10:00,50.3,50.3,199,202
2022-12-01 09:12:00,50.7,50.8,199,202
2022-12-01 09:14:00,50.1,50.1,190,193
2022-12-01 09:16:00,50.2,50.2,194,196
2022-12-01 09:18:00,50.2,50.2,192,194
2022-12-01 09:20:00,50.1,50.2,189,192
2022-12-01 09:22:00,50.4,50.3,194,198
2022-12-01 09:24:00,50.2,50.2,197,199
2022-12-01 09:26:00,50.2,50.2,192,195
2022-12-01 09:28:00,50.2,50.1,190,193
2022-12-01 09:30:00,50.4,50.4,193,195
2022-12-01 09:32:00,50.1,50.1,192,194
2022-12-01 09:34:00,50.1,50.1,191,194
2022-12-01 09:36:00,50.3,50.3,190,192
2022-12-01 09:38:00,50.1,50.1,190,192
2022-12-01 09:40:00,50.1,50.1,187,192
2022-12-01 09:42:00,50.2,50.2,191,194
2022-12-01 09:44:00,49.9,49.8,190,193
2022-12-01 09:46:00,50.3,50.4,187,188
2022-12-01 09:48:00,50.2,50.2,196,199
2022-12-01 09:50:00,50.4,50.3,198,201
2022-12-01 09:52:00,49.9,49.9,194,197
2022-12-01 09:54:00,50.4,50.3,197,200
2022-12-01 09:56:00,50.2,50.2,196,199
2022-12-01 09:58:00,50.2,50.2,195,199
2022-12-01 10:00:00,50.2,50.2,188,192
2022-12-01 10:02:00,50.3,50.3,193,197
2022-12-01 10:04:00,50.3,50.2,194,197
2022-12-01 10:06:00,50.2,50.2,191,193
2022-12-01 10:08:00,50.0,50.0,188,191
2022-12-01 10:10:00,50.2,50.2,193,196
2022-12-01 10:12:00,50.4,50.5,194,197
2022-12-01 10:14:00,50.5,50.4,191,195
2022-12-01 10:16:00,50.5,50.4,187,190
2022-12-01 10:18:00,50.1,50.1,189,191
2022-12-01 10:20:00,49.9,49.9,172,178
2022-12-01 10:22:00,50.3,50.2,182,189
2022-12-01 10:24:00,50.2,50.2,184,189
2022-12-01 10:26:00,50.0,50.0,177,183
2022-12-01 10:28:00,50.2,50.2,178,187
2022-12-01 10:30:00,50.2,50.1,189,194
2022-12-01 10:32:00,49.9,49.9,182,190
2022-12-01 10:34:00,50.1,50.1,182,190
2022-12-01 10:36:00,50.2,50.2,192,197
2022-12-01 10:38:00,50.0,50.0,190,195
2022-12-01 10:40:00,50.3,50.3,187,193
2022-12-01 10:42:00,50.2,50.2,194,197
2022-12-01 10:44:00,50.0,50.0,194,196
2022-12-01 10:46:00,49.8,49.8,187,191
2022-12-01 10:48:00,50.2,50.1,190,194
2022-12-01 10:50:00,50.1,50.1,190,192
2022-12-01 10:52:00,49.9,49.8,187,190
2022-12-01 10:54:00,50.2,50.3,180,185
2022-12-01 10:56:00,50.0,50.0,184,188
2022-12-01 10:58:00,50.3,50.2,186,190
2022-12-01 11:00:00,50.1,50.2,182,187
2022-12-01 11:02:00,50.0,50.0,182,187
2022-12-01 11:04:00,50.2,50.1,192,193
2022-12-01 11:06:00,49.9,49.8,189,192
2022-12-01 11:08:00,50.1,50.1,191,194
2022-12-01 11:10:00,49.9,49.9,192,194
2022-12-01 11:12:00,50.2,50.1,194,195
2022-12-01 11:14:00,50.0,50.0,192,196
2022-12-01 11:16:00,50.0,50.0,190,193
2022-12-01 11:18:00,50.1,50.1,189,192
2022-12-01 11:20:00,50.2,50.1,187,190
2022-12-01 11:22:00,49.7,49.8,187,190
2022-12-01 11:24:00,50.1,50.0,187,190
2022-12-01 11:26:00,49.8,49.8,184,188
2022-12-01 11:28:00,50.2,50.1,184,187
2022-12-01 11:30:00,50.0,50.0,187,190
2022-12-01 11:32:00,50.1,50.1,185,189
2022-12-01 11:34:00,50.0,50.0,185,189
2022-12-01 11:36:00,50.0,50.0,189,192
2022-12-01 11:38:00,49.8,49.9,188,191
2022-12-01 11:40:00,50.2,50.2,187,190
2022-12-01 11:42:00,50.2,50.2,191,194
2022-12-01 11:44:00,50.1,50.2,190,192
2022-12-01 11:46:00,50.2,50.3,187,191
2022-12-01 11:48:00,50.3,50.3,192,195
2022-12-01 11:50:00,50.1,50.1,194,197
2022-12-01 11:52:00,50.2,50.2,192,194
2022-12-01 11:54:00,50.0,50.0,192,196
2022-12-01 11:56:00,50.0,50.0,194,197
2022-12-01 11:58:00,49.9,50.0,192,194
2022-12-01 12:00:00,50.2,50.2,186,192
2022-12-01 12:02:00,50.2,50.2,186,192
2022-12-01 12:04:00,50.2,50.2,194,196
2022-12-01 12:06:00,50.3,50.4,190,194
2022-12-01 12:08:00,50.2,50.2,187,192
2022-12-01 12:10:00,50.3,50.2,189,191
2022-12-01 12:12:00,50.4,50.4,192,194
2022-12-01 12:14:00,49.8,49.9,187,192
2022-12-01 12:16:00,50.3,50.3,190,192
2022-12-01 12:18:00,50.3,50.3,182,188
2022-12-01 12:20:00,50.1,50.0,182,188
2022-12-01 12:22:00,50.1,50.2,193,197
2022-12-01 12:24:00,50.2,50.1,189,192
2022-12-01 12:26:00,49.9,49.9,187,192
2022-12-01 12:28:00,50.1,50.1,186,190
2022-12-01 12:30:00,50.2,50.2,184,187
2022-12-01 12:32:00,50.2,50.2,190,193
2022-12-01 12:34:00,50.4,50.4,184,187
2022-12-01 12:36:00,50.4,50.4,185,188
2022-12-01 12:38:00,50.2,50.1,189,192
2022-12-01 12:40:00,50.3,50.3,188,192
2022-12-01 12:42:00,50.4,50.3,190,192
2022-12-01 12:44:00,50.0,50.0,180,185
2022-12-01 12:46:00,50.2,50.2,180,185
2022-12-01 12:48:00,50.2,50.2,183,190
2022-12-01 12:50:00,50.1,50.1,184,189
2022-12-01 12:52:00,50.3,50.3,177,182
2022-12-01 12:54:00,50.3,50.2,184,187
2022-12-01 12:56:00,50.1,50,182,187
2022-12-01 12:58:00,50.3,50.3,175,182
2022-12-01 13:00:00,50.2,50.3,181,187
2022-12-01 13:02:00,50.1,50.1,178,185
2022-12-01 13:04:00,50.2,50.2,182,187
2022-12-01 13:06:00,50.2,50.2,179,184
2022-12-01 13:08:00,50.2,50.1,180,185
2022-12-01 13:10:00,50.2,50.1,183,188
2022-12-01 13:12:00,50.0,50.0,184,186
2022-12-01 13:14:00,50.1,50.1,181,187
2022-12-01 13:16:00,50.3,50.3,181,185
2022-12-01 13:18:00,50.2,50.2,182,187
2022-12-01 13:20:00,50.0,50.1,181,187
2022-12-01 13:22:00,50.2,50.2,185,189
2022-12-01 13:24:00,50.4,50.4,188,191
2022-12-01 13:26:00,50.0,50.0,186,189
2022-12-01 13:28:00,50.2,50.2,184,187
2022-12-01 13:30:00,50.1,50.2,190,192
2022-12-01 13:32:00,49.9,50.0,189,192
2022-12-01 13:34:00,50.3,50.3,183,187
2022-12-01 13:36:00,50.4,50.5,189,192
2022-12-01 13:38:00,50.2,50.1,187,190
2022-12-01 13:40:00,50.3,50.3,187,190
2022-12-01 13:42:00,50.2,50.3,189,192
2022-12-01 13:44:00,50.1,50.1,185,187
2022-12-01 13:46:00,50.0,50.0,188,192
2022-12-01 13:48:00,50.0,50,185,189
2022-12-01 13:50:00,50.4,50.4,189,190
2022-12-01 13:52:00,50.1,50.1,186,190
2022-12-01 13:54:00,50.1,50.1,185,189
2022-12-01 13:56:00,50.1,50.1,191,193
2022-12-01 13:58:00,50.3,50.3,185,187
2022-12-01 14:00:00,50.1,50.1,185,188
2022-12-01 14:02:00,49.9,49.9,184,189
2022-12-01 14:04:00,50.1,50.2,184,189
2022-12-01 14:06:00,50.1,50.0,182,189
2022-12-01 14:08:00,50.0,50.0,185,190
2022-12-01 14:10:00,49.8,49.9,190,192
2022-12-01 14:12:00,50.4,50.5,190,193
2022-12-01 14:14:00,49.9,49.9,190,193
2022-12-01 14:16:00,50.1,50.2,190,194
2022-12-01 14:18:00,50.3,50.3,190,192
2022-12-01 14:20:00,50.1,50.1,193,196
2022-12-01 14:22:00,50.1,50.1,190,192
2022-12-01 14:24:00,50.2,50.3,194,196
2022-12-01 14:26:00,50.1,50.0,190,192
2022-12-01 14:28:00,50.2,50.2,188,192
2022-12-01 14:30:00,50.2,50.2,190,192
2022-12-01 14:32:00,49.9,49.8,191,193
2022-12-01 14:34:00,50.0,50.0,187,191
2022-12-01 14:36:00,49.9,50.0,187,190
2022-12-01 14:38:00,50.0,49.9,190,192
2022-12-01 14:40:00,50.0,50.0,183,187
2022-12-01 14:42:00,50.3,50.2,184,187
2022-12-01 14:44:00,50.1,50.1,189,192
2022-12-01 14:46:00,50.0,50.1,185,188
2022-12-01 14:48:00,50.3,50.3,182,187
2022-12-01 14:50:00,50.3,50.3,187,190
2022-12-01 14:52:00,50.1,50.1,182,185
2022-12-01 14:54:00,50.3,50.3,185,188
2022-12-01 14:56:00,50.2,50.2,191,194
2022-12-01 14:58:00,50.1,50.1,188,191
2022-12-01 15:00:00,50.0,50.1,186,189
2022-12-01 15:02:00,50.2,50.3,180,185
2022-12-01 15:04:00,50.0,50.0,185,191
2022-12-01 15:06:00,50,50.0,189,192
2022-12-01 15:08:00,50.1,50.1,187,191
2022-12-01 15:10:00,50.5,50.5,187,190
2022-12-01 15:12:00,49.9,50.0,187,190
2022-12-01 15:14:00,49.9,50.0,183,187
2022-12-01 15:16:00,50.1,50.1,185,189
2022-12-01 15:18:00,50.2,50.2,185,188
2022-12-01 15:20:00,49.7,49.7,179,185
2022-12-01 15:22:00,50.1,50.1,182,185
2022-12-01 15:24:00,50.3,50.3,178,181
2022-12-01 15:26:00,50.2,50.1,179,182
2022-12-01 15:28:00,49.8,49.9,179,184
2022-12-01 15:30:00,50.2,50.1,184,186
2022-12-01 15:32:00,50.2,50.2,182,184
2022-12-01 15:34:00,50.2,50.1,183,186
2022-12-01 15:36:00,50.0,50.0,184,187
2022-12-01 15:38:00,50.0,50.0,186,188
2022-12-01 15:40:00,50.0,50.0,180,185
2022-12-01 15:42:00,50.2,50.2,180,185
2022-12-01 15:44:00,49.7,49.6,186,189
2022-12-01 15:46:00,50.1,50.1,180,183
2022-12-01 15:48:00,50.2,50.2,182,185
2022-12-01 15:50:00,49.9,49.9,181,184
2022-12-01 15:52:00,50.1,50.2,181,184
2022-12-01 15:54:00,50.2,50.2,183,187
2022-12-01 15:56:00,49.9,49.8,187,190
2022-12-01 15:58:00,50.1,50.1,185,188
2022-12-01 16:00:00,50.1,50.1,185,189
2022-12-01 16:02:00,50.1,50.2,186,188
2022-12-01 16:04:00,50.2,50.2,188,190
2022-12-01 16:06:00,50.2,50.2,187,191
2022-12-01 16:08:00,50.1,50.2,188,191
2022-12-01 16:10:00,49.9,49.9,184,188
2022-12-01 16:12:00,50.0,50.0,188,192
2022-12-01 16:14:00,50.1,50.0,192,195
2022-12-01 16:16:00,49.9,50.0,193,195
2022-12-01 16:18:00,50.4,50.3,190,192
2022-12-01 16:20:00,50.3,50.3,195,198
2022-12-01 16:22:00,50.0,50.0,196,199
2022-12-01 16:24:00,50.3,50.4,193,196
2022-12-01 16:26:00,50.1,50.1,192,195
2022-12-01 16:28:00,50.1,50.1,194,198
2022-12-01 16:30:00,50.0,50.1,197,199
2022-12-01 16:32:00,50.0,50.1,198,201
2022-12-01 16:34:00,50.0,50.1,196,199
2022-12-01 16:36:00,50.0,50.0,196,199
2022-12-01 16:38:00,50.2,50.1,194,197
2022-12-01 16:40:00,50.3,50.4,197,199
2022-12-01 16:42:00,50.1,50.2,192,195
2022-12-01 16:44:00,50.0,50.0,192,195
2022-12-01 16:46:00,49.9,49.9,192,197
2022-12-01 16:48:00,50.3,50.3,196,199
2022-12-01 16:50:00,50.2,50.2,197,199
2022-12-01 16:52:00,50.0,50.0,194,197
2022-12-01 16:54:00,50.4,50.4,197,201
2022-12-01 16:56:00,50.0,50.0,198,200
2022-12-01 16:58:00,50.2,50.2,196,199
2022-12-01 17:00:00,50.1,50.2,194,197
2022-12-01 17:02:00,50.0,50.0,197,200
2022-12-01 17:04:00,50.1,50.1,196,197
2022-12-01 17:06:00,50.1,50.0,192,196
2022-12-01 17:08:00,50.1,50.2,194,197
2022-12-01 17:10:00,50.1,50.0,198,199
2022-12-01 17:12:00,50.2,50.1,198,200
2022-12-01 17:14:00,49.9,50.0,193,196
2022-12-01 17:16:00,50.2,50.2,194,197
2022-12-01 17:18:00,50.3,50.4,197,199
2022-12-01 17:20:00,50.0,50.0,194,197
2022-12-01 17:22:00,49.9,49.9,196,197
2022-12-01 17:24:00,50.0,50.0,194,196
2022-12-01 17:26:00,49.9,49.9,196,198
2022-12-01 17:28:00,50.0,50.0,195,197
2022-12-01 17:30:00,50.1,50.1,196,197
2022-12-01 17:32:00,50.2,50.1,191,197
2022-12-01 17:34:00,50.1,50.1,187,192
2022-12-01 17:36:00,50.2,50.2,189,193
2022-12-01 17:38:00,50.0,50.0,194,196
2022-12-01 17:40:00,50.0,50.0,193,195
2022-12-01 17:42:00,50.2,50.1,194,196
2022-12-01 17:44:00,49.9,49.8,192,194
2022-12-01 17:46:00,50.1,50.1,191,194
2022-12-01 17:48:00,50.2,50.2,188,191
2022-12-01 17:50:00,50.0,49.8,192,194
2022-12-01 17:52:00,50.1,50.2,190,192
2022-12-01 17:54:00,50.0,50.0,191,194
2022-12-01 17:56:00,49.8,49.9,191,194
2022-12-01 17:58:00,49.8,49.9,194,195
2022-12-01 18:00:00,49.9,49.9,190,194
2022-12-01 18:02:00,49.9,49.9,192,195
2022-12-01 18:04:00,49.8,49.8,192,194
2022-12-01 18:06:00,50.0,50.0,193,195
2022-12-01 18:08:00,50.2,50.2,193,195
2022-12-01 18:10:00,49.9,49.8,191,194
2022-12-01 18:12:00,49.9,50.0,191,192
2022-12-01 18:14:00,49.8,49.8,190,192
2022-12-01 18:16:00,49.7,49.8,188,190
2022-12-01 18:18:00,49.9,49.8,191,193
2022-12-01 18:20:00,49.8,49.7,191,193
2022-12-01 18:22:00,50.1,50.1,188,191
2022-12-01 18:24:00,50.0,50.0,191,192
2022-12-01 18:26:00,50.0,49.9,190,192
2022-12-01 18:28:00,49.7,49.6,189,191
2022-12-01 18:30:00,49.7,49.7,190,192
2022-12-01 18:32:00,49.9,49.9,185,187
2022-12-01 18:34:00,49.9,49.9,187,190
2022-12-01 18:36:00,49.8,49.8,188,190
2022-12-01 18:38:00,49.8,49.8,192,194
2022-12-01 18:40:00,49.9,49.9,193,195
2022-12-01 18:42:00,49.7,49.8,193,195
2022-12-01 18:44:00,50.1,50.1,192,193
2022-12-01 18:46:00,49.9,49.9,190,192
2022-12-01 18:48:00,49.9,49.9,189,191
2022-12-01 18:50:00,49.9,49.9,190,192
2022-12-01 18:52:00,49.9,49.9,189,191
2022-12-01 18:54:00,49.8,49.8,186,189
2022-12-01 18:56:00,49.9,49.9,190,193
2022-12-01 18:58:00,49.8,49.8,192,194
2022-12-01 19:00:00,50.3,50.3,190,191
2022-12-01 19:02:00,50.5,50.4,188,191
2022-12-01 19:04:00,50.2,50.2,187,190
2022-12-01 19:06:00,50.3,50.3,191,192
2022-12-01 19:08:00,50.3,50.3,190,192
2022-12-01 19:10:00,50.4,50.4,188,190
2022-12-01 19:12:00,50.5,50.5,189,190
2022-12-01 19:14:00,50.3,50.3,188,190
2022-12-01 19:16:00,50.4,50.4,191,193
2022-12-01 19:18:00,50.5,50.4,190,192
2022-12-01 19:20:00,50.4,50.4,189,190
2022-12-01 19:22:00,50.4,50.4,190,192
2022-12-01 19:24:00,50.4,50.4,190,191
2022-12-01 19:26:00,50.2,50.2,194,194
2022-12-01 19:28:00,50.3,50.3,192,192
2022-12-01 19:30:00,50.4,50.4,190,192
2022-12-01 19:32:00,50.2,50.2,192,194
2022-12-01 19:34:00,50.5,50.5,194,195
2022-12-01 19:36:00,50.6,50.5,190,192
2022-12-01 19:38:00,50.3,50.3,192,193
2022-12-01 19:40:00,50.0,50.0,181,183
2022-12-01 19:42:00,50.6,50.6,182,183
2022-12-01 19:44:00,50.3,50.3,181,183
2022-12-01 19:46:00,50.1,50.2,179,181
2022-12-01 19:48:00,50.3,50.3,182,183
2022-12-01 19:50:00,50.3,50.2,183,185
2022-12-01 19:52:00,50.4,50.4,185,187
2022-12-01 19:54:00,50.4,50.5,183,186
2022-12-01 19:56:00,50.2,50.2,187,189
2022-12-01 19:58:00,50.1,50.2,183,186
2022-12-01 20:00:00,50.5,50.5,178,180
2022-12-01 20:02:00,50.3,50.3,175,178
2022-12-01 20:04:00,50.4,50.4,176,179
2022-12-01 20:06:00,50.4,50.4,176,179
2022-12-01 20:08:00,50.4,50.3,180,182
2022-12-01 20:10:00,50.6,50.6,180,183
2022-12-01 20:12:00,50.5,50.5,180,182
2022-12-01 20:14:00,50.3,50.3,182,185
2022-12-01 20:16:00,50.4,50.5,180,182
2022-12-01 20:18:00,50.7,50.7,181,185
2022-12-01 20:20:00,50.4,50.3,180,182
2022-12-01 20:22:00,50.4,50.4,182,184
2022-12-01 20:24:00,50.3,50.4,183,185
2022-12-01 20:26:00,50.3,50.4,186,187
2022-12-01 20:28:00,50.4,50.5,179,182
2022-12-01 20:30:00,50.3,50.3,185,190
2022-12-01 20:32:00,50.3,50.2,186,191
2022-12-01 20:34:00,50.5,50.5,190,193
2022-12-01 20:36:00,50.5,50.5,186,192
2022-12-01 20:38:00,50.2,50.2,185,189
2022-12-01 20:40:00,50.4,50.4,185,190
2022-12-01 20:42:00,50.4,50.4,184,189
2022-12-01 20:44:00,50.4,50.4,185,190
2022-12-01 20:46:00,50.5,50.6,192,194
2022-12-01 20:48:00,50.5,50.5,192,193
2022-12-01 20:50:00,50.3,50.3,192,194
2022-12-01 20:52:00,50.5,50.4,193,194
2022-12-01 20:54:00,50.5,50.4,194,196
2022-12-01 20:56:00,50.4,50.4,194,194
2022-12-01 20:58:00,50.5,50.6,214,208
2022-12-01 21:00:00,50.5,50.4,197,198
2022-12-01 21:02:00,50.4,50.3,195,196
2022-12-01 21:04:00,50.7,50.7,194,195
2022-12-01 21:06:00,50.5,50.5,193,194
2022-12-01 21:08:00,50.5,50.5,192,194
2022-12-01 21:10:00,50.6,50.5,194,196
2022-12-01 21:12:00,50.4,50.4,194,195
2022-12-01 21:14:00,49.8,49.8,190,191
2022-12-01 21:16:00,50.4,50.4,191,193
2022-12-01 21:18:00,50.4,50.4,191,192
2022-12-01 21:20:00,50.4,50.5,189,190
2022-12-01 21:22:00,50.5,50.5,192,194
2022-12-01 21:24:00,50.5,50.5,193,194
2022-12-01 21:26:00,50.6,50.6,197,199
2022-12-01 21:28:00,50.5,50.6,197,199
2022-12-01 21:30:00,50.5,50.6,199,200
2022-12-01 21:32:00,50.5,50.4,200,201
2022-12-01 21:34:00,50.3,50.3,196,197
2022-12-01 21:36:00,50.7,50.6,195,197
2022-12-01 21:38:00,50.4,50.4,192,196
2022-12-01 21:40:00,50.6,50.7,192,197
2022-12-01 21:42:00,50.7,50.7,192,197
2022-12-01 21:44:00,50.4,50.5,195,199
2022-12-01 21:46:00,50.7,50.6,202,202
2022-12-01 21:48:00,50.8,50.8,202,204
2022-12-01 21:50:00,50.6,50.7,201,203
2022-12-01 21:52:00,50.7,50.7,202,204
2022-12-01 21:54:00,50.7,50.7,199,202
2022-12-01 21:56:00,50.8,50.8,202,204
2022-12-01 21:58:00,50.6,50.5,202,204
2022-12-01 22:00:00,50.7,50.7,202,204
2022-12-01 22:02:00,50.6,50.6,202,204
2022-12-01 22:04:00,50.8,50.7,204,204
2022-12-01 22:06:00,50.8,50.8,204,206
2022-12-01 22:08:00,50.6,50.6,202,204
2022-12-01 22:10:00,50.7,50.7,204,205
2022-12-01 22:12:00,50.8,50.8,204,204
2022-12-01 22:14:00,50.7,50.7,201,204
2022-12-01 22:16:00,50.8,50.8,203,205
2022-12-01 22:18:00,50.9,50.9,204,206
2022-12-01 22:20:00,50.7,50.7,202,204
2022-12-01 22:22:00,50.7,50.7,202,204
2022-12-01 22:24:00,50.9,50.8,205,207
2022-12-01 22:26:00,50.8,50.8,207,208
2022-12-01 22:28:00,50.9,50.8,205,207
2022-12-01 22:30:00,50.9,50.9,207,209
2022-12-01 22:32:00,50.6,50.6,203,205
2022-12-01 22:34:00,50.9,50.9,203,205
2022-12-01 22:36:00,51.0,51.0,205,207
2022-12-01 22:38:00,50.8,50.8,206,207
2022-12-01 22:40:00,50.9,50.8,204,207
2022-12-01 22:42:00,50.9,50.9,209,210
2022-12-01 22:44:00,50.8,50.7,209,209
2022-12-01 22:46:00,50.9,50.9,208,211
2022-12-01 22:48:00,50.9,51.0,208,210
2022-12-01 22:50:00,50.7,50.6,212,213
2022-12-01 22:52:00,50.7,50.8,209,211
2022-12-01 22:54:00,50.9,50.9,207,209
2022-12-01 22:56:00,50.6,50.7,211,212
2022-12-01 22:58:00,50.9,50.9,211,213
2022-12-01 23:00:00,50.9,50.9,213,214
2022-12-01 23:02:00,50.8,50.8,214,215
2022-12-01 23:04:00,50.8,50.9,215,216
2022-12-01 23:06:00,50.9,50.9,213,215
2022-12-01 23:08:00,50.6,50.6,213,214
2022-12-01 23:10:00,50.9,50.9,213,215
2022-12-01 23:12:00,51.0,50.9,212,215
2022-12-01 23:14:00,50.7,50.6,211,214
2022-12-01 23:16:00,51.0,51.0,214,216
2022-12-01 23:18:00,51.0,51.0,214,216
2022-12-01 23:20:00,50.9,50.9,214,216
2022-12-01 23:22:00,50.9,50.8,214,216
2022-12-01 23:24:00,51.2,51.1,215,217
2022-12-01 23:26:00,50.9,50.9,214,216
2022-12-01 23:28:00,50.9,50.9,216,218
2022-12-01 23:30:00,51.0,51.0,216,218
2022-12-01 23:32:00,50.8,50.8,215,217
2022-12-01 23:34:00,50.9,50.9,217,219
2022-12-01 23:36:00,50.9,50.9,217,219
2022-12-01 23:38:00,50.9,50.8,216,219
2022-12-01 23:40:00,51.0,51.1,216,219
2022-12-01 23:42:00,51.0,51.1,218,220
2022-12-01 23:44:00,50.9,50.9,216,219
2022-12-01 23:46:00,51.1,51.1,215,218
2022-12-01 23:48:00,51.0,51.0,218,219
2022-12-01 23:50:00,50.9,50.9,217,219
2022-12-01 23:52:00,51.1,51.1,214,216
2022-12-01 23:54:00,51.0,51.0,215,216
2022-12-01 23:56:00,50.9,50.9,209,213
2022-12-01 23:58:00,51.0,51.0,216,219
2022-12-02 00:00:00,51.1,51.1,214,216
2022-12-02 00:02:00,50.7,50.7,215,217
2022-12-02 00:04:00,51.0,51.0,213,216
2022-12-02 00:06:00,51.1,51.1,216,219
2022-12-02 00:08:00,50.7,50.7,218,220
2022-12-02 00:10:00,50.9,50.8,216,219
2022-12-02 00:12:00,51.2,51.1,216,219
2022-12-02 00:14:00,50.7,50.8,217,219
2022-12-02 00:16:00,51.0,51.0,217,219
2022-12-02 00:18:00,51.3,51.2,216,219
2022-12-02 00:20:00,50.7,50.7,218,220
2022-12-02 00:22:00,51.0,51.0,218,220
2022-12-02 00:24:00,51.2,51.2,218,221
2022-12-02 00:26:00,50.8,50.8,219,221
2022-12-02 00:28:00,51.0,51.0,219,221
2022-12-02 00:30:00,51.3,51.2,218,221
2022-12-02 00:32:00,50.9,50.9,218,221
2022-12-02 00:34:00,51.0,50.9,220,221
2022-12-02 00:36:00,51.1,51.1,219,221
2022-12-02 00:38:00,50.9,50.9,219,221
2022-12-02 00:40:00,50.9,50.9,219,221
2022-12-02 00:42:00,51.2,51.1,219,221
2022-12-02 00:44:00,51.1,51.0,220,222
2022-12-02 00:46:00,51.1,51.1,221,223
2022-12-02 00:48:00,51.0,51.0,222,223
2022-12-02 00:50:00,50.8,50.8,220,222
2022-12-02 00:52:00,51.0,51.1,221,223
2022-12-02 00:54:00,51.1,51.1,222,224
2022-12-02 00:56:00,50.9,50.9,220,222
2022-12-02 00:58:00,51.0,51.0,221,223
2022-12-02 01:00:00,51.1,51.1,221,223
2022-12-02 01:02:00,50.9,50.9,219,222
2022-12-02 01:04:00,51.0,51.0,219,221
2022-12-02 01:06:00,51.1,51.0,220,222
2022-12-02 01:08:00,50.7,50.8,219,221
2022-12-02 01:10:00,51.0,51.1,219,222
2022-12-02 01:12:00,51.0,51.0,221,223
2022-12-02 01:14:00,51.0,50.9,221,222
2022-12-02 01:16:00,51.1,51.1,219,222
2022-12-02 01:18:00,50.4,50.4,220,222
2022-12-02 01:20:00,50.4,50.4,221,222
2022-12-02 01:22:00,50.2,50.3,219,221
2022-12-02 01:24:00,50.4,50.5,220,221
2022-12-02 01:26:00,50.3,50.3,220,222
2022-12-02 01:28:00,50.3,50.4,219,221
2022-12-02 01:30:00,50.5,50.5,220,222
2022-12-02 01:32:00,50.3,50.2,221,223
2022-12-02 01:34:00,50.4,50.4,219,222
2022-12-02 01:36:00,50.4,50.4,219,222
2022-12-02 01:38:00,50.3,50.3,221,223
2022-12-02 01:40:00,50.5,50.4,221,223
2022-12-02 01:42:00,50.4,50.3,220,223
2022-12-02 01:44:00,50.2,50.2,221,223
2022-12-02 01:46:00,50.4,50.4,221,223
2022-12-02 01:48:00,50.4,50.4,216,219
2022-12-02 01:50:00,50.3,50.3,217,219
2022-12-02 01:52:00,50.4,50.5,222,223
2022-12-02 01:54:00,50.5,50.5,221,223
2022-12-02 01:56:00,50.2,50.2,220,223
2022-12-02 01:58:00,50.4,50.4,222,224
2022-12-02 02:00:00,50.5,50.4,221,223
2022-12-02 02:02:00,50.2,50.2,221,223
2022-12-02 02:04:00,50.4,50.3,223,225
2022-12-02 02:06:00,50.4,50.4,221,223
2022-12-02 02:08:00,50.2,50.3,220,223
2022-12-02 02:10:00,50.2,50.2,222,224
2022-12-02 02:12:00,50.3,50.3,221,223
2022-12-02 02:14:00,50.2,50.2,220,222
2022-12-02 02:16:00,50.3,50.3,221,223
2022-12-02 02:18:00,50.4,50.4,221,223
2022-12-02 02:20:00,50.2,50.2,221,223
2022-12-02 02:22:00,50.4,50.4,219,222
2022-12-02 02:24:00,50.5,50.5,221,223
2022-12-02 02:26:00,50.1,50.1,219,222
2022-12-02 02:28:00,50.4,50.4,219,221
2022-12-02 02:30:00,50.3,50.3,221,223
2022-12-02 02:32:00,50.4,50.3,221,223
2022-12-02 02:34:00,50.4,50.3,219,222
2022-12-02 02:36:00,50.3,50.3,221,223
2022-12-02 02:38:00,50.3,50.3,221,223
2022-12-02 02:40:00,50.4,50.4,219,222
2022-12-02 02:42:00,50.2,50.3,219,220
2022-12-02 02:44:00,50.6,50.5,219,221
2022-12-02 02:46:00,50.3,50.3,216,219
2022-12-02 02:48:00,50.4,50.4,219,222
2022-12-02 02:50:00,50.3,50.4,221,223
2022-12-02 02:52:00,50.5,50.5,220,223
2022-12-02 02:54:00,50.5,50.5,218,220
2022-12-02 02:56:00,50.3,50.3,219,221
2022-12-02 02:58:00,50.3,50.4,219,221
2022-12-02 03:00:00,50.5,50.5,218,221
2022-12-02 03:02:00,50.3,50.4,220,222
2022-12-02 03:04:00,50.5,50.5,223,224
2022-12-02 03:06:00,50.5,50.5,222,224
2022-12-02 03:08:00,50.2,50.2,223,225
2022-12-02 03:10:00,50.5,50.4,223,225
2022-12-02 03:12:00,50.4,50.3,222,224
2022-12-02 03:14:00,50.2,50.2,221,224
2022-12-02 03:16:00,50.5,50.5,223,226
2022-12-02 03:18:00,50.5,50.4,221,224
2022-12-02 03:20:00,50.2,50.2,220,223
2022-12-02 03:22:00,50.3,50.3,222,223
2022-12-02 03:24:00,50.5,50.5,222,224
2022-12-02 03:26:00,50.2,50.2,219,222
2022-12-02 03:28:00,50.4,50.4,221,223
2022-12-02 03:30:00,50.4,50.4,221,223
2022-12-02 03:32:00,50.1,50.0,219,222
2022-12-02 03:34:00,50.2,50.3,221,223
2022-12-02 03:36:00,50.4,50.4,223,224
2022-12-02 03:38:00,50.2,50.2,220,223
2022-12-02 03:40:00,50.3,50.3,216,219
2022-12-02 03:42:00,50.3,50.3,217,219
2022-12-02 03:44:00,50.2,50.2,215,218
2022-12-02 03:46:00,50.4,50.4,219,221
2022-12-02 03:48:00,50.4,50.4,220,222
2022-12-02 03:50:00,50.3,50.4,220,222
2022-12-02 03:52:00,50.3,50.3,219,222
2022-12-02 03:54:00,50.4,50.5,221,223
2022-12-02 03:56:00,50.3,50.4,221,223
2022-12-02 03:58:00,50.4,50.4,219,222
2022-12-02 04:00:00,50.6,50.6,222,223
2022-12-02 04:02:00,50.3,50.3,221,223
2022-12-02 04:04:00,50.4,50.5,219,222
2022-12-02 04:06:00,50.4,50.4,219,222
2022-12-02 04:08:00,50.3,50.4,220,222
2022-12-02 04:10:00,50.4,50.4,219,221
2022-12-02 04:12:00,50.5,50.4,219,221
2022-12-02 04:14:00,50.2,50.2,220,223
2022-12-02 04:16:00,50.3,50.3,221,223
2022-12-02 04:18:00,50.4,50.4,218,221
2022-12-02 04:20:00,50.3,50.2,220,223
2022-12-02 04:22:00,50.3,50.2,220,222
2022-12-02 04:24:00,50.3,50.3,219,222
2022-12-02 04:26:00,50.4,50.4,219,221
2022-12-02 04:28:00,50.3,50.4,216,219
2022-12-02 04:30:00,50.4,50.4,214,218
2022-12-02 04:32:00,50.1,50.1,214,217
2022-12-02 04:34:00,50.4,50.3,216,219
2022-12-02 04:36:00,50.3,50.3,218,221
2022-12-02 04:38:00,50.1,50.0,216,220
2022-12-02 04:40:00,50.4,50.4,219,221
2022-12-02 04:42:00,50.4,50.4,219,221
2022-12-02 04:44:00,50.2,50.2,217,221
2022-12-02 04:46:00,50.2,50.2,219,221
2022-12-02 04:48:00,50.3,50.3,218,221
2022-12-02 04:50:00,50.3,50.2,217,220
2022-12-02 04:52:00,50.4,50.4,219,221
2022-12-02 04:54:00,50.4,50.4,219,221
2022-12-02 04:56:00,50.3,50.2,217,221
2022-12-02 04:58:00,50.3,50.3,217,220
2022-12-02 05:00:00,50.3,50.3,214,217
2022-12-02 05:02:00,50.3,50.4,211,213
2022-12-02 05:04:00,50.3,50.4,209,211
2022-12-02 05:06:00,50.4,50.3,211,213
2022-12-02 05:08:00,50.2,50.2,214,216
2022-12-02 05:10:00,50.2,50.2,212,215
2022-12-02 05:12:00,50.4,50.4,212,214
2022-12-02 05:14:00,50.3,50.3,214,216
2022-12-02 05:16:00,50.2,50.2,216,218
2022-12-02 05:18:00,50.2,50.3,219,220
2022-12-02 05:20:00,50.2,50.2,216,218
2022-12-02 05:22:00,50.1,50.2,212,214
2022-12-02 05:24:00,50.3,50.3,216,219
2022-12-02 05:26:00,50.2,50.2,216,219
2022-12-02 05:28:00,50.1,50.1,213,216
2022-12-02 05:30:00,50.2,50.2,211,214
2022-12-02 05:32:00,50.1,50.2,214,216
2022-12-02 05:34:00,50.1,50.1,211,214
2022-12-02 05:36:00,50.2,50.2,210,213
2022-12-02 05:38:00,50.0,50.1,211,213
2022-12-02 05:40:00,50.0,50.0,210,212
2022-12-02 05:42:00,50.2,50.2,211,215
2022-12-02 05:44:00,50.0,49.9,211,213
2022-12-02 05:46:00,50.2,50.1,208,210
2022-12-02 05:48:00,50.1,50.1,197,199
2022-12-02 05:50:00,49.9,49.9,201,204
2022-12-02 05:52:00,49.9,49.9,197,201
2022-12-02 05:54:00,49.9,49.9,192,199
2022-12-02 05:56:00,50.0,49.9,191,197
2022-12-02 05:58:00,50.2,50.2,203,207
2022-12-02 06:00:00,49.8,49.8,197,203
2022-12-02 06:02:00,50.3,50.3,197,204
2022-12-02 06:04:00,50.1,50.0,206,210
2022-12-02 06:06:00,50.3,50.3,204,211
2022-12-02 06:08:00,49.9,50.0,213,218
2022-12-02 06:10:00,50.1,50.1,205,214
2022-12-02 06:12:00,50.1,50.1,209,216
2022-12-02 06:14:00,50.1,50.1,207,215
2022-12-02 06:16:00,50.0,50.0,203,213
2022-12-02 06:18:00,50.0,50.0,203,210
2022-12-02 06:20:00,50.0,50.0,200,208
2022-12-02 06:22:00,50.3,50.3,202,209
2022-12-02 06:24:00,50.1,50.1,209,214
2022-12-02 06:26:00,50.0,50.0,200,207
2022-12-02 06:28:00,50.0,50.0,199,205
2022-12-02 06:30:00,50.1,50.1,199,206
2022-12-02 06:32:00,49.8,50.0,208,211
2022-12-02 06:34:00,49.9,49.9,203,207
2022-12-02 06:36:00,50.2,50.1,200,207
2022-12-02 06:38:00,50.1,50.2,206,210
2022-12-02 06:40:00,50.3,50.4,201,208
2022-12-02 06:42:00,50.0,49.9,203,211
2022-12-02 06:44:00,50.1,50.1,208,212
2022-12-02 06:46:00,50.0,50.0,202,209
2022-12-02 06:48:00,50.0,49.9,204,211
2022-12-02 06:50:00,50.2,50.3,211,216
2022-12-02 06:52:00,50.1,50.1,210,213
2022-12-02 06:54:00,50.1,50.1,209,213
2022-12-02 06:56:00,50.1,50.1,209,213
2022-12-02 06:58:00,50.2,50.2,214,216
2022-12-02 07:00:00,50.3,50.3,210,215
2022-12-02 07:02:00,50.0,50.0,215,216
2022-12-02 07:04:00,49.9,49.9,201,209
2022-12-02 07:06:00,50.1,50.1,205,211
2022-12-02 07:08:00,50.1,50.1,199,206
2022-12-02 07:10:00,50.1,50.0,197,206
2022-12-02 07:12:00,50.4,50.4,202,207
2022-12-02 07:14:00,50.1,50.0,202,208
2022-12-02 07:16:00,50.2,50.2,198,201
2022-12-02 07:18:00,50.4,50.4,199,204
2022-12-02 07:20:00,50.1,50.1,199,203
2022-12-02 07:22:00,50.3,50.3,207,213
2022-12-02 07:24:00,50.1,50.2,203,209
2022-12-02 07:26:00,50.1,50.0,209,212
2022-12-02 07:28:00,50.1,50.1,200,207
2022-12-02 07:30:00,50.2,50.2,192,203
2022-12-02 07:32:00,50.1,50.0,192,202
2022-12-02 07:34:00,50.2,50.3,201,208
2022-12-02 07:36:00,50.1,50.1,209,210
2022-12-02 07:38:00,50.0,49.9,207,210
2022-12-02 07:40:00,50.2,50.2,204,207
2022-12-02 07:42:00,50.3,50.3,210,212
2022-12-02 07:44:00,50.0,50.0,207,209
2022-12-02 07:46:00,50.2,50.2,204,208
2022-12-02 07:48:00,50.1,50.1,207,209
2022-12-02 07:50:00,49.8,49.9,206,208
2022-12-02 07:52:00,50.2,50.2,209,212
2022-12-02 07:54:00,50.3,50.3,209,211
2022-12-02 07:56:00,50.0,50.1,210,212
2022-12-02 07:58:00,50.2,50.2,207,209
2022-12-02 08:00:00,50.2,50.2,206,208
2022-12-02 08:02:00,50.1,50.2,207,209
2022-12-02 08:04:00,50.1,50.1,207,211
2022-12-02 08:06:00,50.1,50.1,204,208
2022-12-02 08:08:00,50.2,50.3,207,210
2022-12-02 08:10:00,49.8,50.0,203,207
2022-12-02 08:12:00,50.2,50.2,204,207
2022-12-02 08:14:00,50.1,50.0,208,210
2022-12-02 08:16:00,50.2,50.2,206,208
2022-12-02 08:18:00,50.2,50.3,204,207
2022-12-02 08:20:00,50.2,50.1,206,208
2022-12-02 08:22:00,50.2,50.2,204,206
2022-12-02 08:24:00,50.4,50.4,203,206
2022-12-02 08:26:00,50.4,50.4,203,206
2022-12-02 08:28:00,50.2,50.2,204,205
2022-12-02 08:30:00,50.4,50.3,200,203
2022-12-02 08:32:00,50.2,50.3,199,203
2022-12-02 08:34:00,50.3,50.2,201,204
2022-12-02 08:36:00,50.3,50.3,204,207
2022-12-02 08:38:00,50.2,50.1,197,200
2022-12-02 08:40:00,50.2,50.2,193,196
2022-12-02 08:42:00,50.3,50.3,199,201
2022-12-02 08:44:00,50.3,50.2,202,204
2022-12-02 08:46:00,50.2,50.2,199,202
2022-12-02 08:48:00,50.4,50.3,199,202
2022-12-02 08:50:00,50.2,50.2,192,198
2022-12-02 08:52:00,50.2,50.2,188,194
2022-12-02 08:54:00,50.3,50.3,190,195
2022-12-02 08:56:00,50.0,49.9,189,195
2022-12-02 08:58:00,50.1,50.0,192,198
2022-12-02 09:00:00,50.1,50.1,197,199
2022-12-02 09:02:00,50.4,50.3,194,197
2022-12-02 09:04:00,50.2,50.2,196,199
2022-12-02 09:06:00,50.3,50.2,194,197
2022-12-02 09:08:00,50,50.0,194,198
2022-12-02 09:10:00,50.2,50.2,190,194
2022-12-02 09:12:00,49.8,49.9,190,195
2022-12-02 09:14:00,50.0,50.0,193,197
2022-12-02 09:16:00,50.3,50.2,192,196
2022-12-02 09:18:00,50.5,50.5,198,202
2022-12-02 09:20:00,50.0,50.0,196,202
2022-12-02 09:22:00,50.0,50.0,194,199
2022-12-02 09:24:00,50.0,50.1,187,191
2022-12-02 09:26:00,50.3,50.2,192,195
2022-12-02 09:28:00,50.1,50.1,193,195
2022-12-02 09:30:00,50.3,50.3,192,195
2022-12-02 09:32:00,50.2,50.2,194,197
2022-12-02 09:34:00,50.0,50.0,188,192
2022-12-02 09:36:00,50.0,50.0,182,188
2022-12-02 09:38:00,50.3,50.3,188,191
2022-12-02 09:40:00,50.2,50.1,189,192
2022-12-02 09:42:00,50.2,50.1,187,190
2022-12-02 09:44:00,50.1,50.0,190,192
2022-12-02 09:46:00,49.9,50.0,190,193
2022-12-02 09:48:00,50.1,50.1,187,190
2022-12-02 09:50:00,50.1,50.0,187,191
2022-12-02 09:52:00,50.4,50.3,191,194
2022-12-02 09:54:00,50.4,50.4,193,196
2022-12-02 09:56:00,50.2,50.2,192,196
2022-12-02 09:58:00,50.3,50.4,195,199
2022-12-02 10:00:00,50.1,50.0,192,194
2022-12-02 10:02:00,50.1,50.1,191,195
2022-12-02 10:04:00,50.2,50.1,193,197
2022-12-02 10:06:00,50.1,50.1,193,197
2022-12-02 10:08:00,50.1,50.1,195,199
2022-12-02 10:10:00,50.1,50.1,196,199
2022-12-02 10:12:00,50.2,50.2,198,200
2022-12-02 10:14:00,50.1,50.1,199,202
2022-12-02 10:16:00,50.0,50.1,194,197
2022-12-02 10:18:00,49.9,49.9,192,194
2022-12-02 10:20:00,50.0,50.1,194,197
2022-12-02 10:22:00,50.0,50.0,190,193
2022-12-02 10:24:00,50.2,50.2,187,190
2022-12-02 10:26:00,50.3,50.2,188,192
2022-12-02 10:28:00,50.0,50.0,190,194
2022-12-02 10:30:00,50.3,50.3,192,197
2022-12-02 10:32:00,50.4,50.3,194,197
2022-12-02 10:34:00,50.2,50.1,192,194
2022-12-02 10:36:00,50.6,50.5,193,196
2022-12-02 10:38:00,50.3,50.4,194,197
2022-12-02 10:40:00,50.4,50.3,196,197
2022-12-02 10:42:00,50.2,50.2,193,197
2022-12-02 10:44:00,50.1,50.1,188,191
2022-12-02 10:46:00,50.1,50.1,190,193
2022-12-02 10:48:00,50.0,50.0,191,194
2022-12-02 10:50:00,50.0,50.0,191,194
2022-12-02 10:52:00,50.0,50.0,192,195
2022-12-02 10:54:00,50.2,50.1,192,194
2022-12-02 10:56:00,50.1,50.1,192,195
2022-12-02 10:58:00,50.2,50.2,193,195
2022-12-02 11:00:00,50.3,50.2,191,193
2022-12-02 11:02:00,49.9,50.0,192,195
2022-12-02 11:04:00,50.0,49.9,191,194
2022-12-02 11:06:00,50.2,50.2,194,197
2022-12-02 11:08:00,49.9,49.9,191,194
2022-12-02 11:10:00,50.2,50.2,187,192
2022-12-02 11:12:00,50.2,50.2,192,195
2022-12-02 11:14:00,50.2,50.3,189,192
2022-12-02 11:16:00,50.0,49.9,190,192
2022-12-02 11:18:00,50.2,50.1,193,197
2022-12-02 11:20:00,50.2,50.2,192,194
2022-12-02 11:22:00,50.0,50.0,188,191
2022-12-02 11:24:00,50.1,50.1,189,192
2022-12-02 11:26:00,50.1,50.1,192,194
2022-12-02 11:28:00,50.0,50.0,190,193
2022-12-02 11:30:00,50.1,50.1,190,194
2022-12-02 11:32:00,49.9,50.0,187,192
2022-12-02 11:34:00,50.0,50.0,185,189
2022-12-02 11:36:00,50.3,50.3,185,189
2022-12-02 11:38:00,50.2,50.1,192,193
2022-12-02 11:40:00,50.4,50.3,190,194
2022-12-02 11:42:00,50.3,50.2,191,194
2022-12-02 11:44:00,50.0,49.9,187,190
2022-12-02 11:46:00,50.0,50.0,189,192
2022-12-02 11:48:00,50.2,50.1,197,199
2022-12-02 11:50:00,49.9,49.9,191,194
2022-12-02 11:52:00,49.9,49.9,193,197
2022-12-02 11:54:00,50.2,50.2,194,197
2022-12-02 11:56:00,49.8,49.8,188,192
2022-12-02 11:58:00,50.4,50.3,196,199
2022-12-02 12:00:00,50.3,50.2,195,198
2022-12-02 12:02:00,50.1,50.1,192,196
2022-12-02 12:04:00,50.3,50.2,194,197
2022-12-02 12:06:00,50.0,50.0,186,192
2022-12-02 12:08:00,50.2,50.2,185,192
2022-12-02 12:10:00,49.9,49.9,183,190
2022-12-02 12:12:00,50.0,49.9,185,190
2022-12-02 12:14:00,49.9,50.0,189,192
2022-12-02 12:16:00,50.0,50.0,186,190
2022-12-02 12:18:00,50.1,50.1,187,191
2022-12-02 12:20:00,50.0,50.0,195,197
2022-12-02 12:22:00,49.9,49.8,190,193
2022-12-02 12:24:00,50.1,50.2,187,191
2022-12-02 12:26:00,50.1,50.1,196,199
2022-12-02 12:28:00,50.1,50.1,194,198
2022-12-02 12:30:00,50.3,50.3,194,198
2022-12-02 12:32:00,50.1,50.1,197,199
2022-12-02 12:34:00,50.2,50.1,194,197
2022-12-02 12:36:00,50.4,50.3,194,198
2022-12-02 12:38:00,50.0,50.1,199,202
2022-12-02 12:40:00,50.2,50.1,197,199
2022-12-02 12:42:00,50.5,50.3,199,203
2022-12-02 12:44:00,50.2,50.2,197,200
2022-12-02 12:46:00,50.1,50.0,195,198
2022-12-02 12:48:00,50.1,50.1,197,200
2022-12-02 12:50:00,50.1,50.1,197,199
2022-12-02 12:52:00,50.1,50.0,194,197
2022-12-02 12:54:00,50.2,50.2,196,198
2022-12-02 12:56:00,50.2,50.2,198,200
2022-12-02 12:58:00,49.9,50.0,196,197
2022-12-02 13:00:00,50.5,50.4,199,202
2022-12-02 13:02:00,50.1,50.1,197,200
2022-12-02 13:04:00,50.1,50.2,199,202
2022-12-02 13:06:00,50.2,50.2,200,203
2022-12-02 13:08:00,50.0,49.9,196,199
2022-12-02 13:10:00,50.0,50.0,195,198
2022-12-02 13:12:00,50.3,50.4,197,199
2022-12-02 13:14:00,50.1,50.0,200,203
2022-12-02 13:16:00,50.0,50.0,193,197
2022-12-02 13:18:00,50.1,50.2,193,197
2022-12-02 13:20:00,50.1,50.1,194,198
2022-12-02 13:22:00,49.9,50.0,192,196
2022-12-02 13:24:00,50.1,50.1,196,199
2022-12-02 13:26:00,50.1,50.2,193,199
2022-12-02 13:28:00,50.1,50.2,190,197
2022-12-02 13:30:00,50.0,50.1,192,197
2022-12-02 13:32:00,50.2,50.2,200,203
2022-12-02 13:34:00,50.2,50.3,198,202
2022-12-02 13:36:00,50.3,50.4,203,206
2022-12-02 13:38:00,50.2,50.2,204,207
2022-12-02 13:40:00,50.1,50.1,200,204
2022-12-02 13:42:00,50.5,50.5,201,204
2022-12-02 13:44:00,50.1,50.1,198,201
2022-12-02 13:46:00,50.2,50.2,199,202
2022-12-02 13:48:00,50.2,50.2,193,197
2022-12-02 13:50:00,50.1,50.2,197,199
2022-12-02 13:52:00,50.2,50.2,197,199
2022-12-02 13:54:00,50.2,50.1,197,200
2022-12-02 13:56:00,50.0,49.9,194,196
2022-12-02 13:58:00,50.2,50.2,190,192
2022-12-02 14:00:00,50.3,50.3,191,194
2022-12-02 14:02:00,50.1,50.2,194,197
2022-12-02 14:04:00,50.1,50.1,197,200
2022-12-02 14:06:00,50.2,50.1,196,198
2022-12-02 14:08:00,50.2,50.1,198,201
2022-12-02 14:10:00,50.3,50.3,199,202
2022-12-02 14:12:00,50.1,50.1,197,200
2022-12-02 14:14:00,50.2,50.1,196,199
2022-12-02 14:16:00,50.0,50.0,199,203
2022-12-02 14:18:00,50.2,50.1,197,201
2022-12-02 14:20:00,50.0,49.9,197,200
2022-12-02 14:22:00,50.2,50.3,193,196
2022-12-02 14:24:00,50.0,50.0,194,197
2022-12-02 14:26:00,49.9,50.0,196,199
2022-12-02 14:28:00,50.0,50.1,197,199
2022-12-02 14:30:00,50.4,50.3,198,199
2022-12-02 14:32:00,50.2,50.2,197,200
2022-12-02 14:34:00,50.2,50.2,190,191
2022-12-02 14:36:00,50.0,50.0,194,197
2022-12-02 14:38:00,49.9,49.9,195,198
2022-12-02 14:40:00,49.9,49.8,193,197
2022-12-02 14:42:00,50.4,50.3,195,196
2022-12-02 14:44:00,50.1,50.1,191,194
2022-12-02 14:46:00,50.2,50.1,190,194
2022-12-02 14:48:00,50.1,50.0,194,196
2022-12-02 14:50:00,49.9,49.9,193,195
2022-12-02 14:52:00,50.3,50.3,193,195
2022-12-02 14:54:00,50.0,50.1,192,195
2022-12-02 14:56:00,50.0,50.0,192,195
2022-12-02 14:58:00,50.1,50.1,189,192
2022-12-02 15:00:00,50.3,50.2,187,192
2022-12-02 15:02:00,50.2,50.2,187,191
2022-12-02 15:04:00,50.3,50.2,186,190
2022-12-02 15:06:00,50.1,50.1,190,193
2022-12-02 15:08:00,49.8,49.7,187,190
2022-12-02 15:10:00,50.0,50.0,186,190
2022-12-02 15:12:00,50.3,50.3,187,190
2022-12-02 15:14:00,49.8,49.7,182,186
2022-12-02 15:16:00,50.1,50.1,183,187
2022-12-02 15:18:00,49.9,50.0,181,185
2022-12-02 15:20:00,50.0,50.0,185,188
2022-12-02 15:22:00,49.8,49.8,187,189
2022-12-02 15:24:00,50.3,50.3,182,187
2022-12-02 15:26:00,50.1,50.0,188,192
2022-12-02 15:28:00,50.3,50.3,190,192
2022-12-02 15:30:00,50.0,50.0,186,190
2022-12-02 15:32:00,50.0,50.0,182,189
2022-12-02 15:34:00,50.2,50.2,184,188
2022-12-02 15:36:00,50.0,50.0,184,189
2022-12-02 15:38:00,50.1,50.2,185,190
2022-12-02 15:40:00,50.2,50.3,186,191
2022-12-02 15:42:00,50.3,50.3,186,191
2022-12-02 15:44:00,50.1,50.0,184,189
2022-12-02 15:46:00,50.2,50.2,185,190
2022-12-02 15:48:00,50.4,50.3,193,195
2022-12-02 15:50:00,50.0,50.1,190,192
2022-12-02 15:52:00,50.1,50.1,190,192
2022-12-02 15:54:00,50.1,50.1,190,194
2022-12-02 15:56:00,50.2,50.2,191,193
2022-12-02 15:58:00,50.3,50.3,194,196
2022-12-02 16:00:00,50.0,50.1,185,190
2022-12-02 16:02:00,50.2,50.2,185,190
2022-12-02 16:04:00,50.2,50.2,186,192
2022-12-02 16:06:00,50.2,50.1,186,191
2022-12-02 16:08:00,50.2,50.2,188,193
2022-12-02 16:10:00,50.1,50.1,187,193
2022-12-02 16:12:00,50.4,50.3,195,197
2022-12-02 16:14:00,50.3,50.2,190,192
2022-12-02 16:16:00,50.1,50.2,189,190
2022-12-02 16:18:00,50.2,50.2,188,190
2022-12-02 16:20:00,50.2,50.2,187,190
2022-12-02 16:22:00,50.1,50.2,190,191
2022-12-02 16:24:00,50.3,50.4,189,191
2022-12-02 16:26:00,50.0,50.1,190,192
2022-12-02 16:28:00,50.2,50.2,193,194
2022-12-02 16:30:00,50.5,50.6,194,196
2022-12-02 16:32:00,50.1,50.1,192,194
2022-12-02 16:34:00,50.1,50.2,193,195
2022-12-02 16:36:00,50.3,50.4,198,199
2022-12-02 16:38:00,50.2,50.1,194,197
2022-12-02 16:40:00,50.1,50.1,193,195
2022-12-02 16:42:00,50.2,50.2,196,198
2022-12-02 16:44:00,50.1,50.1,193,195
2022-12-02 16:46:00,49.9,49.8,197,199
2022-12-02 16:48:00,50.2,50.3,199,201
2022-12-02 16:50:00,50.2,50.2,199,201
2022-12-02 16:52:00,50.4,50.3,199,200
2022-12-02 16:54:00,50.1,50.1,198,200
2022-12-02 16:56:00,50.0,50.0,191,194
2022-12-02 16:58:00,50.2,50.0,192,194
2022-12-02 17:00:00,50.2,50.2,192,194
2022-12-02 17:02:00,50.1,50.0,194,197
2022-12-02 17:04:00,50.1,50.1,193,196
2022-12-02 17:06:00,50.2,50.2,199,200
2022-12-02 17:08:00,50.1,50.1,202,204
2022-12-02 17:10:00,50.2,50.1,201,203
2022-12-02 17:12:00,50.3,50.3,197,199
2022-12-02 17:14:00,49.9,50.0,202,202
2022-12-02 17:16:00,49.9,50.0,199,201
2022-12-02 17:18:00,50.1,50.2,198,201
2022-12-02 17:20:00,50.2,50.2,199,202
2022-12-02 17:22:00,50.0,49.9,197,199
2022-12-02 17:24:00,50.2,50.1,198,201
2022-12-02 17:26:00,50.1,50.1,201,203
2022-12-02 17:28:00,50.0,50.0,199,202
2022-12-02 17:30:00,50.0,50.1,195,198
2022-12-02 17:32:00,50.1,50.0,196,199
2022-12-02 17:34:00,50.1,50.2,199,202
2022-12-02 17:36:00,50.2,50.2,197,199
2022-12-02 17:38:00,50.0,50.1,195,198
2022-12-02 17:40:00,50.0,50.0,198,200
2022-12-02 17:42:00,50.2,50.2,197,199
2022-12-02 17:44:00,50.3,50.3,194,197
2022-12-02 17:46:00,50.0,50.1,197,200
2022-12-02 17:48:00,50.0,50.1,194,196
2022-12-02 17:50:00,50.2,50.2,197,199
2022-12-02 17:52:00,49.8,49.8,198,200
2022-12-02 17:54:00,50.2,50.2,196,198
2022-12-02 17:56:00,50.1,50.1,193,195
2022-12-02 17:58:00,50.2,50.1,195,198
2022-12-02 18:00:00,50.0,50.1,193,194
2022-12-02 18:02:00,50.0,50.0,190,193
2022-12-02 18:04:00,50.0,50.1,188,191
2022-12-02 18:06:00,50.2,50.2,191,194
2022-12-02 18:08:00,50.0,50.0,191,193
2022-12-02 18:10:00,49.9,49.9,187,190
2022-12-02 18:12:00,49.9,49.9,192,194
2022-12-02 18:14:00,50.0,50,193,195
2022-12-02 18:16:00,50.1,50.1,188,192
2022-12-02 18:18:00,50.2,50.2,189,192
2022-12-02 18:20:00,50.3,50.4,187,190
2022-12-02 18:22:00,50.2,50.1,187,190
2022-12-02 18:24:00,50.3,50.3,186,190
2022-12-02 18:26:00,50.3,50.3,190,192
2022-12-02 18:28:00,50.4,50.4,191,194
2022-12-02 18:30:00,50.2,50.2,184,187
2022-12-02 18:32:00,50.2,50.1,187,189
2022-12-02 18:34:00,50.3,50.3,187,190
2022-12-02 18:36:00,50.5,50.4,182,185
2022-12-02 18:38:00,50.3,50.3,185,189
2022-12-02 18:40:00,50.4,50.4,186,189
2022-12-02 18:42:00,50.3,50.3,185,187
2022-12-02 18:44:00,50.3,50.3,185,188
2022-12-02 18:46:00,50.3,50.3,184,186
2022-12-02 18:48:00,50.3,50.3,187,190
2022-12-02 18:50:00,50.4,50.4,186,189
2022-12-02 18:52:00,50.3,50.4,187,189
2022-12-02 18:54:00,50.4,50.4,186,188
2022-12-02 18:56:00,50.3,50.3,182,185
2022-12-02 18:58:00,50.1,50.1,184,187
2022-12-02 19:00:00,50.3,50.3,182,185
2022-12-02 19:02:00,50.3,50.3,179,182
2022-12-02 19:04:00,50.3,50.3,180,182
2022-12-02 19:06:00,50.3,50.2,182,184
2022-12-02 19:08:00,50.3,50.3,182,185
2022-12-02 19:10:00,50.3,50.3,183,186
2022-12-02 19:12:00,50.5,50.5,181,182
2022-12-02 19:14:00,50.2,50.2,173,175
2022-12-02 19:16:00,50.2,50.1,172,175
2022-12-02 19:18:00,50.2,50.2,173,175
2022-12-02 19:20:00,50.2,50.2,172,174
2022-12-02 19:22:00,50.3,50.3,170,173
2022-12-02 19:24:00,50.3,50.3,173,177
2022-12-02 19:26:00,50.3,50.4,175,177
2022-12-02 19:28:00,50.3,50.3,170,173
2022-12-02 19:30:00,50.3,50.3,173,176
2022-12-02 19:32:00,50.4,50.4,172,175
2022-12-02 19:34:00,50.3,50.3,173,175
2022-12-02 19:36:00,50.5,50.4,173,177
2022-12-02 19:38:00,50.2,50.1,174,176
2022-12-02 19:40:00,50.5,50.5,175,178
2022-12-02 19:42:00,50.4,50.4,175,178
2022-12-02 19:44:00,50.1,50.1,175,178
2022-12-02 19:46:00,50.3,50.3,172,173
2022-12-02 19:48:00,50.3,50.4,170,174
2022-12-02 19:50:00,50.5,50.5,170,173
2022-12-02 19:52:00,50.5,50.6,175,178
2022-12-02 19:54:00,50.4,50.4,186,188
2022-12-02 19:56:00,50.3,50.3,187,190
2022-12-02 19:58:00,50.4,50.5,192,194
2022-12-02 20:00:00,50.3,50.4,192,194
2022-12-02 20:02:00,50.3,50.2,190,192
2022-12-02 20:04:00,50.4,50.4,192,194
2022-12-02 20:06:00,50.3,50.3,190,193
2022-12-02 20:08:00,50.1,50.1,192,194
2022-12-02 20:10:00,50.2,50.2,192,194
2022-12-02 20:12:00,50.4,50.5,194,196
2022-12-02 20:14:00,50.2,50.1,193,196
2022-12-02 20:16:00,50.4,50.3,187,190
2022-12-02 20:18:00,50.3,50.3,186,188
2022-12-02 20:20:00,50.1,50.1,182,186
2022-12-02 20:22:00,50.2,50.3,182,185
2022-12-02 20:24:00,50.4,50.4,181,184
2022-12-02 20:26:00,50.1,50.2,179,182
2022-12-02 20:28:00,50.3,50.3,174,180
2022-12-02 20:30:00,50.2,50.2,178,182
2022-12-02 20:32:00,50.0,50.0,178,182
2022-12-02 20:34:00,50.3,50.3,177,182
2022-12-02 20:36:00,50.2,50.2,183,186
2022-12-02 20:38:00,50.2,50.1,187,188
2022-12-02 20:40:00,50.2,50.3,184,187
2022-12-02 20:42:00,50.2,50.2,182,185
2022-12-02 20:44:00,50.3,50.2,182,183
2022-12-02 20:46:00,50.3,50.3,185,187
2022-12-02 20:48:00,50.4,50.4,185,188
2022-12-02 20:50:00,50.3,50.3,186,187
2022-12-02 20:52:00,50.3,50.3,186,188
2022-12-02 20:54:00,50.3,50.3,190,192
2022-12-02 20:56:00,50.4,50.5,190,192
2022-12-02 20:58:00,50.3,50.3,192,194
2022-12-02 21:00:00,50.6,50.6,189,191
2022-12-02 21:02:00,50.3,50.4,191,194
2022-12-02 21:04:00,50.0,50.2,197,198
2022-12-02 21:06:00,50.1,50.0,195,198
2022-12-02 21:08:00,50.5,50.5,194,197
2022-12-02 21:10:00,50.3,50.3,196,198
2022-12-02 21:12:00,50.3,50.3,197,198
2022-12-02 21:14:00,50.2,50.2,194,197
2022-12-02 21:16:00,50.6,50.6,199,200
2022-12-02 21:18:00,50.5,50.4,198,199
2022-12-02 21:20:00,50.4,50.3,197,199
2022-12-02 21:22:00,50.3,50.4,201,202
2022-12-02 21:24:00,50.5,50.4,202,204
2022-12-02 21:26:00,50.3,50.3,198,200
2022-12-02 21:28:00,50.2,50.3,199,201
2022-12-02 21:30:00,50.3,50.3,216,217
2022-12-02 21:32:00,50.3,50.3,200,202
2022-12-02 21:34:00,50.4,50.4,198,201
2022-12-02 21:36:00,50.3,50.3,200,202
2022-12-02 21:38:00,50.3,50.4,200,202
2022-12-02 21:40:00,50.4,50.4,200,203
2022-12-02 21:42:00,50.3,50.3,201,203
2022-12-02 21:44:00,50.6,50.5,202,204
2022-12-02 21:46:00,50.5,50.6,200,203
2022-12-02 21:48:00,50.6,50.5,203,205
2022-12-02 21:50:00,50.3,50.4,202,204
2022-12-02 21:52:00,50.3,50.3,203,205
2022-12-02 21:54:00,50.7,50.7,201,203
2022-12-02 21:56:00,50.5,50.5,202,204
2022-12-02 21:58:00,50.4,50.4,201,203
2022-12-02 22:00:00,50.5,50.5,202,205
2022-12-02 22:02:00,49.8,49.9,206,207
2022-12-02 22:04:00,50.2,50.3,205,208
2022-12-02 22:06:00,50.2,50.2,204,206
2022-12-02 22:08:00,50.1,50.1,204,207
2022-12-02 22:10:00,50.1,50.1,207,208
2022-12-02 22:12:00,50.4,50.4,207,209
2022-12-02 22:14:00,50.2,50.2,207,208
2022-12-02 22:16:00,50.2,50.2,207,209
2022-12-02 22:18:00,50.4,50.4,206,209
2022-12-02 22:20:00,50.1,50.1,209,211
2022-12-02 22:22:00,50.1,50.1,204,208
2022-12-02 22:24:00,50.1,50.0,201,206
2022-12-02 22:26:00,50.2,50.2,202,208
2022-12-02 22:28:00,50.0,50.0,209,211
2022-12-02 22:30:00,50.3,50.3,209,211
2022-12-02 22:32:00,50.2,50.2,207,209
2022-12-02 22:34:00,50.1,50.0,209,210
2022-12-02 22:36:00,50.3,50.3,209,211
2022-12-02 22:38:00,50.2,50.2,208,211
2022-12-02 22:40:00,50.2,50.2,209,210
2022-12-02 22:42:00,50.3,50.3,207,209
2022-12-02 22:44:00,50.2,50.3,203,206
2022-12-02 22:46:00,50.2,50.2,203,206
2022-12-02 22:48:00,50.5,50.4,202,204
2022-12-02 22:50:00,50.2,50.2,204,207
2022-12-02 22:52:00,50.2,50.2,204,207
2022-12-02 22:54:00,50.5,50.5,207,208
2022-12-02 22:56:00,50.1,50.2,210,212
2022-12-02 22:58:00,50.2,50.2,210,213
2022-12-02 23:00:00,50.5,50.4,211,213
2022-12-02 23:02:00,50.3,50.3,211,213
2022-12-02 23:04:00,50.3,50.2,209,211
2022-12-02 23:06:00,50.3,50.2,211,214
2022-12-02 23:08:00,50.5,50.5,213,215
2022-12-02 23:10:00,50.4,50.4,212,215
2022-12-02 23:12:00,50.2,50.2,211,214
2022-12-02 23:14:00,50.3,50.3,214,216
2022-12-02 23:16:00,50.2,50.3,213,216
2022-12-02 23:18:00,50.3,50.3,214,216
2022-12-02 23:20:00,50.3,50.3,214,216
2022-12-02 23:22:00,50.4,50.4,213,216
2022-12-02 23:24:00,50.4,50.3,213,216
2022-12-02 23:26:00,50.5,50.5,215,217
2022-12-02 23:28:00,50.3,50.3,214,216
2022-12-02 23:30:00,50.4,50.4,213,216
2022-12-02 23:32:00,50.2,50.3,215,217
2022-12-02 23:34:00,50.5,50.5,216,218
2022-12-02 23:36:00,50.4,50.4,214,216
2022-12-02 23:38:00,50.4,50.4,214,216
2022-12-02 23:40:00,50.4,50.4,216,218
2022-12-02 23:42:00,50.6,50.6,216,218
2022-12-02 23:44:00,50.3,50.3,215,217
2022-12-02 23:46:00,50.4,50.4,216,218
2022-12-02 23:48:00,50.4,50.3,216,218
2022-12-02 23:50:00,50.3,50.2,216,219
2022-12-02 23:52:00,50.5,50.5,218,219
2022-12-02 23:54:00,50.5,50.5,218,220
2022-12-02 23:56:00,50.2,50.2,217,220
2022-12-02 23:58:00,50.5,50.5,219,221