"Time","Frequency 3E2F4FD3 (Ch Cbca Bethesda Ndosho - laboratoire)","Frequency C30F2E03 (Ch Cbca Bethesda Ndosho - clinique)","Voltage 3E2F4FD3 (Ch Cbca Bethesda Ndosho - laboratoire)","Voltage C30F2E03 (Ch Cbca Bethesda Ndosho - clinique)"
2022-08-20 00:00:00,51.0,51.0,217,219
2022-08-20 00:02:00,50.9,50.9,216,219
2022-08-20 00:04:00,50.9,51.0,219,220
2022-08-20 00:06:00,50.1,50.2,216,218
2022-08-20 00:08:00,50.1,50.1,216,219
2022-08-20 00:10:00,50.2,50.3,215,217
2022-08-20 00:12:00,50.3,50.3,218,220
2022-08-20 00:14:00,50.4,50.4,217,219
2022-08-20 00:16:00,50.5,50.4,217,220
2022-08-20 00:18:00,50.3,50.3,219,221
2022-08-20 00:20:00,50.2,50.3,219,221
2022-08-20 00:22:00,50.2,50.3,217,219
2022-08-20 00:24:00,50.2,50.2,215,218
2022-08-20 00:26:00,50.3,50.3,218,220
2022-08-20 00:28:00,50.4,50.4,217,220
2022-08-20 00:30:00,50.2,50.2,217,220
2022-08-20 00:32:00,50.3,50.3,219,220
2022-08-20 00:34:00,50.3,50.3,217,219
2022-08-20 00:36:00,50.1,50.1,217,220
2022-08-20 00:38:00,50.2,50.3,219,221
2022-08-20 00:40:00,50.2,50.3,219,221
2022-08-20 00:42:00,50.2,50.2,218,221
2022-08-20 00:44:00,50.2,50.2,216,219
2022-08-20 00:46:00,50.1,50.1,219,221
2022-08-20 00:48:00,50.1,50.2,219,221
2022-08-20 00:50:00,49.9,49.8,216,219
2022-08-20 00:52:00,50.3,50.3,216,218
2022-08-20 00:54:00,50.3,50.4,219,221
2022-08-20 00:56:00,50.3,50.3,218,221
2022-08-20 00:58:00,50.4,50.4,219,221
2022-08-20 01:00:00,50.2,50.3,221,222
2022-08-20 01:02:00,50.1,50.1,219,221
2022-08-20 01:04:00,50.4,50.4,219,221
2022-08-20 01:06:00,50.2,50.2,221,222
2022-08-20 01:08:00,50.3,50.3,220,222
2022-08-20 01:10:00,50.2,50.2,219,221
2022-08-20 01:12:00,50.2,50.2,219,221
2022-08-20 01:14:00,50.4,50.4,220,222
2022-08-20 01:16:00,50.3,50.4,218,221
2022-08-20 01:18:00,50.2,50.2,219,221
2022-08-20 01:20:00,50.0,50.1,219,221
2022-08-20 01:22:00,50.3,50.3,219,221
2022-08-20 01:24:00,50.1,50.2,218,220
2022-08-20 01:26:00,50.4,50.4,219,221
2022-08-20 01:28:00,50.2,50.2,221,222
2022-08-20 01:30:00,50.3,50.3,219,221
2022-08-20 01:32:00,50.2,50.2,219,221
2022-08-20 01:34:00,50.1,50.1,220,222
2022-08-20 01:36:00,50.3,50.2,219,221
2022-08-20 01:38:00,50.2,50.2,219,222
2022-08-20 01:40:00,50.5,50.5,221,223
2022-08-20 01:42:00,50.2,50.2,221,223
2022-08-20 01:44:00,50.1,50.1,219,222
2022-08-20 01:46:00,50.4,50.4,221,223
2022-08-20 01:48:00,50.0,50.1,221,223
2022-08-20 01:50:00,50.3,50.3,219,222
2022-08-20 01:52:00,50.4,50.4,220,223
2022-08-20 01:54:00,50.2,50.3,221,223
2022-08-20 01:56:00,50.3,50.3,221,223
2022-08-20 01:58:00,50.2,50.2,219,221
2022-08-20 02:00:00,50.3,50.3,221,223
2022-08-20 02:02:00,50.0,50.0,221,224
2022-08-20 02:04:00,50.2,50.2,220,223
2022-08-20 02:06:00,50.0,50.1,220,223
2022-08-20 02:08:00,50.2,50.2,221,223
2022-08-20 02:10:00,50.3,50.3,219,223
2022-08-20 02:12:00,50.2,50.1,219,221
2022-08-20 02:14:00,50.2,50.2,221,223
2022-08-20 02:16:00,50.4,50.4,222,224
2022-08-20 02:18:00,50.2,50.2,219,222
2022-08-20 02:20:00,50.4,50.3,219,222
2022-08-20 02:22:00,50.3,50.3,220,223
2022-08-20 02:24:00,50.0,50.0,219,222
2022-08-20 02:26:00,50.2,50.3,217,221
2022-08-20 02:28:00,50.1,50.1,219,221
2022-08-20 02:30:00,50.2,50.3,219,221
2022-08-20 02:32:00,50.3,50.3,219,222
2022-08-20 02:34:00,50.2,50.2,220,223
2022-08-20 02:36:00,50.2,50.2,220,222
2022-08-20 02:38:00,50.3,50.3,219,222
2022-08-20 02:40:00,50.3,50.3,219,222
2022-08-20 02:42:00,50.1,50.0,220,222
2022-08-20 02:44:00,50.2,50.2,220,223
2022-08-20 02:46:00,50.3,50.3,219,222
2022-08-20 02:48:00,50.2,50.1,221,223
2022-08-20 02:50:00,,50.4,,223
2022-08-20 02:52:00,50.3,50.3,219,222
2022-08-20 02:54:00,50.3,50.3,219,222
2022-08-20 02:56:00,50.1,50.1,221,223
2022-08-20 02:58:00,50.3,50.3,219,222
2022-08-20 03:00:00,50.2,50.2,219,222
2022-08-20 03:02:00,50.3,50.3,220,223
2022-08-20 03:04:00,50.4,50.4,221,223
2022-08-20 03:06:00,50.1,50.1,220,223
2022-08-20 03:08:00,50.2,50.1,221,223
2022-08-20 03:10:00,50.4,50.4,221,224
2022-08-20 03:12:00,50.2,50.1,220,223
2022-08-20 03:14:00,50.3,50.3,220,223
2022-08-20 03:16:00,50.3,50.3,222,224
2022-08-20 03:18:00,50.2,50.2,222,224
2022-08-20 03:20:00,50.3,50.3,221,223
2022-08-20 03:22:00,50.4,50.4,222,225
2022-08-20 03:24:00,50.2,50.2,223,226
2022-08-20 03:26:00,50.6,50.6,223,226
2022-08-20 03:28:00,50.2,50.2,222,225
2022-08-20 03:30:00,50.3,50.3,224,226
2022-08-20 03:32:00,50.2,50.2,223,225
2022-08-20 03:34:00,50.2,50.2,221,224
2022-08-20 03:36:00,50.2,50.3,224,226
2022-08-20 03:38:00,50.3,50.3,223,225
2022-08-20 03:40:00,50.1,50.2,221,223
2022-08-20 03:42:00,50.3,50.3,221,223
2022-08-20 03:44:00,50.4,50.3,223,224
2022-08-20 03:46:00,50.4,50.3,223,223
2022-08-20 03:48:00,50.2,50.2,221,223
2022-08-20 03:50:00,50.3,50.3,223,225
2022-08-20 03:52:00,50.2,50.3,223,225
2022-08-20 03:54:00,50.2,50.2,221,223
2022-08-20 03:56:00,50.3,50.3,221,224
2022-08-20 03:58:00,50.3,50.4,223,225
2022-08-20 04:00:00,50.1,50.1,221,223
2022-08-20 04:02:00,50.3,50.4,221,223
2022-08-20 04:04:00,50.3,50.3,223,224
2022-08-20 04:06:00,50.3,50.3,223,226
2022-08-20 04:08:00,50.3,50.4,222,225
2022-08-20 04:10:00,50.3,50.3,222,224
2022-08-20 04:12:00,50.1,50.2,223,224
2022-08-20 04:14:00,50.2,50.2,222,225
2022-08-20 04:16:00,50.3,50.4,221,224
2022-08-20 04:18:00,50.2,50.2,223,224
2022-08-20 04:20:00,50.3,50.3,222,223
2022-08-20 04:22:00,50.3,50.3,221,223
2022-08-20 04:24:00,50.2,50.3,223,224
2022-08-20 04:26:00,50.2,50.2,223,224
2022-08-20 04:28:00,50.4,50.4,222,224
2022-08-20 04:30:00,50.1,50.1,221,223
2022-08-20 04:32:00,50.3,50.3,223,224
2022-08-20 04:34:00,50.3,50.3,223,225
2022-08-20 04:36:00,50.2,50.2,221,224
2022-08-20 04:38:00,50.2,50.2,223,226
2022-08-20 04:40:00,50.3,50.4,223,226
2022-08-20 04:42:00,50.4,50.4,222,225
2022-08-20 04:44:00,50.1,50.0,222,224
2022-08-20 04:46:00,50.3,50.3,223,226
2022-08-20 04:48:00,50.1,50.1,221,223
2022-08-20 04:50:00,50.3,50.3,221,224
2022-08-20 04:52:00,50.3,50.3,223,225
2022-08-20 04:54:00,50.3,50.1,223,225
2022-08-20 04:56:00,50.1,50.1,221,224
2022-08-20 04:58:00,50.2,50.3,221,224
2022-08-20 05:00:00,50.2,50.2,223,225
2022-08-20 05:02:00,50.2,50.2,221,224
2022-08-20 05:04:00,50.4,50.3,221,224
2022-08-20 05:06:00,50.2,50.2,223,224
2022-08-20 05:08:00,50.1,50.1,223,224
2022-08-20 05:10:00,50.2,50.2,221,223
2022-08-20 05:12:00,50.1,50.2,221,223
2022-08-20 05:14:00,50.0,50.0,222,224
2022-08-20 05:16:00,50.3,50.3,221,223
2022-08-20 05:18:00,50.2,50.1,221,223
2022-08-20 05:20:00,50.1,50.1,222,223
2022-08-20 05:22:00,50.2,50.2,221,223
2022-08-20 05:24:00,50.2,50.2,220,223
2022-08-20 05:26:00,50.1,50.0,221,223
2022-08-20 05:28:00,50.1,50.1,223,224
2022-08-20 05:30:00,50.1,50.0,223,226
2022-08-20 05:32:00,50.2,50.2,223,225
2022-08-20 05:34:00,50.3,50.4,227,228
2022-08-20 05:36:00,50.2,50.1,227,228
2022-08-20 05:38:00,50.0,50.1,223,226
2022-08-20 05:40:00,50.3,50.3,225,227
2022-08-20 05:42:00,50.2,50.2,226,228
2022-08-20 05:44:00,50.3,50.3,224,227
2022-08-20 05:46:00,50.3,50.3,223,226
2022-08-20 05:48:00,50.1,50.2,226,228
2022-08-20 05:50:00,50.2,50.2,223,226
2022-08-20 05:52:00,50.2,50.2,223,225
2022-08-20 05:54:00,50.2,50.2,224,226
2022-08-20 05:56:00,50.2,50.2,222,224
2022-08-20 05:58:00,50.4,50.5,219,222
2022-08-20 06:00:00,50.1,50.2,220,223
2022-08-20 06:02:00,50.2,50.2,221,223
2022-08-20 06:04:00,50.4,50.3,219,221
2022-08-20 06:06:00,50.3,50.3,219,221
2022-08-20 06:08:00,50.3,50.3,220,221
2022-08-20 06:10:00,50.2,50.1,218,219
2022-08-20 06:12:00,50.1,50.1,215,217
2022-08-20 06:14:00,50.0,50.1,216,219
2022-08-20 06:16:00,50.1,50.1,218,220
2022-08-20 06:18:00,50.2,50.2,217,220
2022-08-20 06:20:00,50.3,50.3,217,220
2022-08-20 06:22:00,50.3,50.4,218,220
2022-08-20 06:24:00,49.8,49.8,217,219
2022-08-20 06:26:00,50.1,50.2,213,218
2022-08-20 06:28:00,50.1,50.1,211,216
2022-08-20 06:30:00,50.2,50.3,212,216
2022-08-20 06:32:00,50.1,50.1,211,216
2022-08-20 06:34:00,50.2,50.2,216,218
2022-08-20 06:36:00,50.4,50.3,218,219
2022-08-20 06:38:00,50.2,50.2,211,216
2022-08-20 06:40:00,50.1,50.2,209,215
2022-08-20 06:42:00,50.1,50.1,210,215
2022-08-20 06:44:00,50.5,50.5,210,214
2022-08-20 06:46:00,50.1,50.1,214,216
2022-08-20 06:48:00,50.0,50.1,213,216
2022-08-20 06:50:00,50.4,50.4,211,214
2022-08-20 06:52:00,50.4,50.3,213,215
2022-08-20 06:54:00,50.2,50.2,209,211
2022-08-20 06:56:00,50.2,50.1,211,212
2022-08-20 06:58:00,,50.2,,215
2022-08-20 07:00:00,50.4,50.4,207,210
2022-08-20 07:02:00,50.1,50.1,207,209
2022-08-20 07:04:00,49.9,50.0,206,207
2022-08-20 07:06:00,50.1,50.1,207,208
2022-08-20 07:08:00,50.0,50.0,209,212
2022-08-20 07:10:00,50.2,50.2,210,212
2022-08-20 07:12:00,50.0,50.1,211,213
2022-08-20 07:14:00,50.2,50.3,209,211
2022-08-20 07:16:00,50.0,50.1,208,210
2022-08-20 07:18:00,49.8,49.8,210,211
2022-08-20 07:20:00,50.0,50.0,210,212
2022-08-20 07:22:00,49.8,49.8,209,211
2022-08-20 07:24:00,50.0,50.0,209,209
2022-08-20 07:26:00,50.0,50.1,209,211
2022-08-20 07:28:00,50.2,50.2,208,210
2022-08-20 07:30:00,50.2,50.3,204,207
2022-08-20 07:32:00,49.9,50.0,203,204
2022-08-20 07:34:00,50.1,50.1,206,209
2022-08-20 07:36:00,49.9,49.9,206,209
2022-08-20 07:38:00,49.8,49.8,204,207
2022-08-20 07:40:00,49.9,49.9,205,207
2022-08-20 07:42:00,49.9,49.9,202,205
2022-08-20 07:44:00,50.0,50.0,204,205
2022-08-20 07:46:00,50.2,50.2,199,202
2022-08-20 07:48:00,50.0,50.1,202,204
2022-08-20 07:50:00,50.2,50.1,203,206
2022-08-20 07:52:00,50.2,50.2,207,208
2022-08-20 07:54:00,50.0,50.0,207,209
2022-08-20 07:56:00,50.0,50.0,206,209
2022-08-20 07:58:00,50.0,50.0,205,207
2022-08-20 08:00:00,50.3,50.0,205,206
2022-08-20 08:02:00,50,50.0,204,207
2022-08-20 08:04:00,49.8,49.9,202,205
2022-08-20 08:06:00,49.9,49.9,204,205
2022-08-20 08:08:00,50.0,50.1,203,206
2022-08-20 08:10:00,49.9,50.0,201,203
2022-08-20 08:12:00,50.4,50.4,203,205
2022-08-20 08:14:00,50.1,50.1,201,202
2022-08-20 08:16:00,50.0,50.0,199,202
2022-08-20 08:18:00,50.0,50.0,196,198
2022-08-20 08:20:00,49.8,49.8,199,200
2022-08-20 08:22:00,50.0,50.0,197,199
2022-08-20 08:24:00,50.1,50.1,197,199
2022-08-20 08:26:00,50.2,50.1,195,197
2022-08-20 08:28:00,50.1,50.1,197,199
2022-08-20 08:30:00,49.9,49.9,199,202
2022-08-20 08:32:00,50.3,50.3,197,199
2022-08-20 08:34:00,49.8,49.7,201,202
2022-08-20 08:36:00,50.1,50.1,203,204
2022-08-20 08:38:00,49.9,49.9,200,203
2022-08-20 08:40:00,50.0,50.0,203,205
2022-08-20 08:42:00,50.0,49.9,199,202
2022-08-20 08:44:00,49.9,50.0,197,200
2022-08-20 08:46:00,50.0,50.1,199,202
2022-08-20 08:48:00,49.8,49.8,199,202
2022-08-20 08:50:00,50.0,49.9,201,203
2022-08-20 08:52:00,49.8,49.8,200,203
2022-08-20 08:54:00,50.2,50.2,202,205
2022-08-20 08:56:00,49.9,49.9,197,199
2022-08-20 08:58:00,49.9,49.9,191,194
2022-08-20 09:00:00,49.9,49.9,192,195
2022-08-20 09:02:00,50.1,50.1,192,194
2022-08-20 09:04:00,50,50.0,190,192
2022-08-20 09:06:00,49.8,49.8,189,192
2022-08-20 09:08:00,49.8,49.8,190,192
2022-08-20 09:10:00,50.1,50.1,190,192
2022-08-20 09:12:00,49.8,49.7,192,195
2022-08-20 09:14:00,50,50.0,190,193
2022-08-20 09:16:00,50.2,50.2,185,190
2022-08-20 09:18:00,49.8,49.9,186,192
2022-08-20 09:20:00,49.6,49.6,185,191
2022-08-20 09:22:00,50.1,50.1,185,191
2022-08-20 09:24:00,50,49.9,182,187
2022-08-20 09:26:00,50.0,50.0,182,187
2022-08-20 09:28:00,49.9,49.9,178,184
2022-08-20 09:30:00,49.9,49.9,190,193
2022-08-20 09:32:00,50.0,50.0,190,194
2022-08-20 09:34:00,49.7,49.7,186,191
2022-08-20 09:36:00,49.9,49.9,190,194
2022-08-20 09:38:00,49.9,49.9,190,194
2022-08-20 09:40:00,49.9,49.9,187,192
2022-08-20 09:42:00,50.0,50.0,185,190
2022-08-20 09:44:00,49.9,50.0,187,191
2022-08-20 09:46:00,49.9,49.7,189,194
2022-08-20 09:48:00,49.8,49.8,188,192
2022-08-20 09:50:00,49.6,49.6,190,194
2022-08-20 09:52:00,50.1,50.1,192,197
2022-08-20 09:54:00,49.8,49.8,185,189
2022-08-20 09:56:00,49.7,49.7,176,183
2022-08-20 09:58:00,49.8,49.8,174,182
2022-08-20 10:00:00,50.1,50.2,172,181
2022-08-20 10:02:00,50.0,50.0,176,181
2022-08-20 10:04:00,49.6,49.7,185,188
2022-08-20 10:06:00,49.9,49.8,187,190
2022-08-20 10:08:00,49.7,49.7,185,190
2022-08-20 10:10:00,49.9,49.9,181,187
2022-08-20 10:12:00,50.2,50.2,184,187
2022-08-20 10:14:00,49.9,49.9,179,183
2022-08-20 10:16:00,50.0,50.0,178,182
2022-08-20 10:18:00,49.6,49.6,176,180
2022-08-20 10:20:00,50.1,50.1,180,185
2022-08-20 10:22:00,49.9,49.9,182,187
2022-08-20 10:24:00,49.9,49.9,173,178
2022-08-20 10:26:00,50.0,50.0,185,189
2022-08-20 10:28:00,49.9,49.9,187,191
2022-08-20 10:30:00,49.9,49.9,187,191
2022-08-20 10:32:00,49.7,49.7,187,190
2022-08-20 10:34:00,50.1,50.1,180,184
2022-08-20 10:36:00,49.9,49.9,184,188
2022-08-20 10:38:00,50.1,,182,
2022-08-20 10:40:00,49.7,49.7,182,185
2022-08-20 10:42:00,50.0,49.8,183,187
2022-08-20 10:44:00,49.8,49.8,186,190
2022-08-20 10:46:00,49.8,49.8,184,187
2022-08-20 10:48:00,49.5,49.6,179,182
2022-08-20 10:50:00,50.0,50.0,178,182
2022-08-20 10:52:00,49.6,49.6,175,180
2022-08-20 10:54:00,49.7,49.7,180,183
2022-08-20 10:56:00,49.7,49.7,178,182
2022-08-20 10:58:00,49.9,49.9,174,180
2022-08-20 11:00:00,49.8,49.8,178,181
2022-08-20 11:02:00,49.7,49.8,178,182
2022-08-20 11:04:00,50.1,50.0,180,185
2022-08-20 11:06:00,49.7,49.6,177,181
2022-08-20 11:08:00,49.7,49.8,180,182
2022-08-20 11:10:00,49.9,50.0,184,187
2022-08-20 11:12:00,49.6,49.5,182,186
2022-08-20 11:14:00,49.9,49.9,181,185
2022-08-20 11:16:00,50.5,50.5,197,200
2022-08-20 11:18:00,50.3,50.3,197,201
2022-08-20 11:20:00,50.3,50.4,197,201
2022-08-20 11:22:00,50.5,50.6,201,204
2022-08-20 11:24:00,50.3,50.4,202,204
2022-08-20 11:26:00,50.4,50.4,200,204
2022-08-20 11:28:00,50.3,50.3,195,199
2022-08-20 11:30:00,50.5,50.5,193,197
2022-08-20 11:32:00,50.4,50.4,199,202
2022-08-20 11:34:00,50.2,50.2,200,203
2022-08-20 11:36:00,50.7,50.7,202,205
2022-08-20 11:38:00,50.4,50.4,201,204
2022-08-20 11:40:00,50.3,50.4,199,203
2022-08-20 11:42:00,50.5,50.5,204,207
2022-08-20 11:44:00,50.1,50.2,205,208
2022-08-20 11:46:00,50.7,50.7,199,203
2022-08-20 11:48:00,50.1,50.1,199,202
2022-08-20 11:50:00,50.5,50.5,201,204
2022-08-20 11:52:00,50.2,50.3,198,201
2022-08-20 11:54:00,50.4,50.4,198,202
2022-08-20 11:56:00,50.6,50.6,205,208
2022-08-20 11:58:00,50.5,50.4,198,201
2022-08-20 12:00:00,50.3,50.2,200,204
2022-08-20 12:02:00,50.2,50.3,199,203
2022-08-20 12:04:00,49.9,50.0,200,204
2022-08-20 12:06:00,50.3,50.3,204,207
2022-08-20 12:08:00,50.4,50.3,195,199
2022-08-20 12:10:00,50.2,50.2,185,190
2022-08-20 12:12:00,50.1,50.1,192,197
2022-08-20 12:14:00,50.4,50.3,184,195
2022-08-20 12:16:00,50.2,50.1,195,198
2022-08-20 12:18:00,50.3,50.4,199,203
2022-08-20 12:20:00,50.4,50.4,199,201
2022-08-20 12:22:00,50.3,50.3,204,207
2022-08-20 12:24:00,50.4,50.4,204,207
2022-08-20 12:26:00,50.1,50.1,205,207
2022-08-20 12:28:00,50.2,50.2,204,208
2022-08-20 12:30:00,50.3,50.2,199,204
2022-08-20 12:32:00,50.3,50.3,203,206
2022-08-20 12:34:00,50.4,50.4,202,205
2022-08-20 12:36:00,50.4,50.4,198,204
2022-08-20 12:38:00,50.1,50.0,197,204
2022-08-20 12:40:00,50.7,50.7,198,204
2022-08-20 12:42:00,50.1,50.1,197,203
2022-08-20 12:44:00,50.5,50.4,198,202
2022-08-20 12:46:00,50.5,50.5,204,207
2022-08-20 12:48:00,49.9,49.9,203,206
2022-08-20 12:50:00,50.3,50.3,203,207
2022-08-20 12:52:00,50.5,50.5,202,207
2022-08-20 12:54:00,50.3,50.3,202,204
2022-08-20 12:56:00,50.3,50.2,201,205
2022-08-20 12:58:00,49.9,50.0,199,203
2022-08-20 13:00:00,50.1,50.2,203,206
2022-08-20 13:02:00,50.3,50.3,202,206
2022-08-20 13:04:00,49.4,49.4,195,199
2022-08-20 13:06:00,49.6,49.5,186,189
2022-08-20 13:08:00,49.8,49.8,185,188
2022-08-20 13:10:00,49.7,49.7,182,187
2022-08-20 13:12:00,49.5,49.6,182,187
2022-08-20 13:14:00,49.6,49.6,186,190
2022-08-20 13:16:00,50,50.0,184,187
2022-08-20 13:18:00,49.5,49.5,180,186
2022-08-20 13:20:00,49.6,49.6,180,187
2022-08-20 13:22:00,49.6,49.6,180,186
2022-08-20 13:24:00,49.5,49.6,180,186
2022-08-20 13:26:00,50.0,49.9,185,190
2022-08-20 13:28:00,49.7,49.8,187,191
2022-08-20 13:30:00,49.9,49.9,187,190
2022-08-20 13:32:00,49.6,49.6,189,192
2022-08-20 13:34:00,50.0,49.9,187,190
2022-08-20 13:36:00,49.4,49.5,182,185
2022-08-20 13:38:00,49.8,49.8,188,191
2022-08-20 13:40:00,49.7,49.8,186,190
2022-08-20 13:42:00,49.6,49.6,186,189
2022-08-20 13:44:00,49.7,49.8,185,188
2022-08-20 13:46:00,49.6,49.7,185,189
2022-08-20 13:48:00,49.9,49.9,185,188
2022-08-20 13:50:00,49.9,49.9,187,190
2022-08-20 13:52:00,50.0,50.1,187,190
2022-08-20 13:54:00,50.4,50.4,186,190
2022-08-20 13:56:00,50.2,50.3,185,189
2022-08-20 13:58:00,50.3,50.3,185,188
2022-08-20 14:00:00,50.1,50.0,182,185
2022-08-20 14:02:00,50,50.0,181,185
2022-08-20 14:04:00,50.2,50.2,181,184
2022-08-20 14:06:00,49.9,49.9,182,185
2022-08-20 14:08:00,49.9,49.9,182,185
2022-08-20 14:10:00,50.3,50.2,182,186
2022-08-20 14:12:00,50.4,50.4,181,184
2022-08-20 14:14:00,49.9,49.9,180,183
2022-08-20 14:16:00,50.0,49.9,182,186
2022-08-20 14:18:00,50.5,50.4,187,190
2022-08-20 14:20:00,50.3,50.2,190,192
2022-08-20 14:22:00,50.0,50.0,180,185
2022-08-20 14:24:00,50.2,50.2,180,185
2022-08-20 14:26:00,50.2,50.2,178,184
2022-08-20 14:28:00,50.1,50.1,178,185
2022-08-20 14:30:00,50.4,50.4,178,185
2022-08-20 14:32:00,50.1,50.1,184,187
2022-08-20 14:34:00,50.2,50.2,184,188
2022-08-20 14:36:00,49.8,49.8,182,186
2022-08-20 14:38:00,50.2,50.2,184,187
2022-08-20 14:40:00,50.3,50.3,185,187
2022-08-20 14:42:00,49.9,49.9,181,185
2022-08-20 14:44:00,50.2,50.2,182,186
2022-08-20 14:46:00,50.4,50.4,187,190
2022-08-20 14:48:00,50.0,49.9,188,191
2022-08-20 14:50:00,50.2,50.2,187,190
2022-08-20 14:52:00,50.4,50.5,187,190
2022-08-20 14:54:00,50.4,50.4,188,191
2022-08-20 14:56:00,50.2,50.3,188,191
2022-08-20 14:58:00,50.3,50.3,187,191
2022-08-20 15:00:00,49.9,49.9,187,190
2022-08-20 15:02:00,50.2,50.2,185,187
2022-08-20 15:04:00,50.0,50.0,182,185
2022-08-20 15:06:00,49.8,49.7,180,183
2022-08-20 15:08:00,49.9,49.9,179,182
2022-08-20 15:10:00,50.0,50.0,180,182
2022-08-20 15:12:00,50.1,50.1,180,184
2022-08-20 15:14:00,49.7,49.7,180,182
2022-08-20 15:16:00,50.3,50.2,181,184
2022-08-20 15:18:00,49.9,49.8,181,184
2022-08-20 15:20:00,49.8,49.8,179,182
2022-08-20 15:22:00,50.0,50.0,182,185
2022-08-20 15:24:00,50.0,49.9,182,184
2022-08-20 15:26:00,49.8,49.8,179,182
2022-08-20 15:28:00,50.2,50.2,184,187
2022-08-20 15:30:00,50.4,50.4,187,189
2022-08-20 15:32:00,49.8,49.8,180,183
2022-08-20 15:34:00,50.3,50.3,178,181
2022-08-20 15:36:00,49.9,49.8,180,182
2022-08-20 15:38:00,50.1,50.0,178,180
2022-08-20 15:40:00,50.2,,178,
2022-08-20 15:42:00,49.7,49.8,174,178
2022-08-20 15:44:00,50.0,50.1,180,182
2022-08-20 15:46:00,50.2,50.3,178,181
2022-08-20 15:48:00,50.1,50.1,176,180
2022-08-20 15:50:00,50.2,50.3,178,180
2022-08-20 15:52:00,50.1,50.1,177,180
2022-08-20 15:54:00,50.3,50.3,182,186
2022-08-20 15:56:00,50.1,50.1,180,183
2022-08-20 15:58:00,49.9,49.9,182,184
2022-08-20 16:00:00,50.2,50.3,181,183
2022-08-20 16:02:00,50.1,50.1,177,180
2022-08-20 16:04:00,49.9,49.9,180,182
2022-08-20 16:06:00,50.3,50.3,180,182
2022-08-20 16:08:00,50.0,49.9,174,178
2022-08-20 16:10:00,49.8,49.8,179,182
2022-08-20 16:12:00,50.1,50.1,179,181
2022-08-20 16:14:00,50.1,50.1,180,182
2022-08-20 16:16:00,50.3,50.3,177,180
2022-08-20 16:18:00,49.8,49.8,178,180
2022-08-20 16:20:00,50.1,50.1,175,178
2022-08-20 16:22:00,50.1,50.1,172,175
2022-08-20 16:24:00,50.3,50.3,173,177
2022-08-20 16:26:00,49.9,49.9,170,173
2022-08-20 16:28:00,50.1,50.1,173,175
2022-08-20 16:30:00,49.9,49.9,169,173
2022-08-20 16:32:00,50.2,50.2,174,177
2022-08-20 16:34:00,50.0,50.0,176,179
2022-08-20 16:36:00,50.2,50.2,171,177
2022-08-20 16:38:00,50.2,50.2,168,173
2022-08-20 16:40:00,50,50.0,170,175
2022-08-20 16:42:00,50.2,50.2,172,178
2022-08-20 16:44:00,50.4,50.3,175,178
2022-08-20 16:46:00,50.1,50.1,174,177
2022-08-20 16:48:00,50,50.1,171,174
2022-08-20 16:50:00,49.9,49.9,173,176
2022-08-20 16:52:00,50.4,50.3,172,175
2022-08-20 16:54:00,50.0,50.0,173,175
2022-08-20 16:56:00,50.1,50.0,175,178
2022-08-20 16:58:00,49.9,50.0,170,174
2022-08-20 17:00:00,50.1,50.1,173,175
2022-08-20 17:02:00,49.9,50.0,173,175
2022-08-20 17:04:00,49.9,49.9,170,173
2022-08-20 17:06:00,50.2,50.2,171,174
2022-08-20 17:08:00,50.2,50.2,178,181
2022-08-20 17:10:00,50.2,50.2,177,180
2022-08-20 17:12:00,50.4,50.3,175,178
2022-08-20 17:14:00,50.2,50.2,178,180
2022-08-20 17:16:00,50.3,50.3,178,180
2022-08-20 17:18:00,50.2,50.2,175,179
2022-08-20 17:20:00,50.1,50.2,175,178
2022-08-20 17:22:00,50.1,50.1,177,179
2022-08-20 17:24:00,50.0,50.1,178,180
2022-08-20 17:26:00,50.1,50.1,176,179
2022-08-20 17:28:00,50.1,50.1,177,179
2022-08-20 17:30:00,50.3,50.3,177,180
2022-08-20 17:32:00,50.0,50.0,176,179
2022-08-20 17:34:00,50.2,50.2,174,178
2022-08-20 17:36:00,50.2,50.2,175,178
2022-08-20 17:38:00,50.1,50.1,176,178
2022-08-20 17:40:00,50.1,50.1,171,174
2022-08-20 17:42:00,50.1,50.1,175,178
2022-08-20 17:44:00,50.1,50.1,179,182
2022-08-20 17:46:00,50.2,50.2,175,178
2022-08-20 17:48:00,50.3,50.3,173,176
2022-08-20 17:50:00,49.9,50,177,180
2022-08-20 17:52:00,50.3,50.2,178,181
2022-08-20 17:54:00,50.4,50.4,179,182
2022-08-20 17:56:00,49.9,49.9,178,182
2022-08-20 17:58:00,50.2,50.1,178,180
2022-08-20 18:00:00,50.0,50.0,177,180
2022-08-20 18:02:00,50.0,49.9,177,180
2022-08-20 18:04:00,50.3,50.4,179,181
2022-08-20 18:06:00,50.1,50.1,178,180
2022-08-20 18:08:00,50.2,50.3,179,182
2022-08-20 18:10:00,50.1,50.0,174,178
2022-08-20 18:12:00,49.9,49.9,173,175
2022-08-20 18:14:00,49.9,49.9,170,174
2022-08-20 18:16:00,50.0,50.0,178,180
2022-08-20 18:18:00,50.2,50.1,179,181
2022-08-20 18:20:00,50.0,50.0,175,177
2022-08-20 18:22:00,50,50.0,171,177
2022-08-20 18:24:00,50.0,50.0,168,173
2022-08-20 18:26:00,49.8,49.8,170,175
2022-08-20 18:28:00,49.8,49.8,170,175
2022-08-20 18:30:00,50.1,50.1,165,170
2022-08-20 18:32:00,50.1,50.1,164,169
2022-08-20 18:34:00,50.1,50.1,167,169
2022-08-20 18:36:00,50.0,50.0,166,170
2022-08-20 18:38:00,49.8,49.8,164,167
2022-08-20 18:40:00,49.8,49.7,165,168
2022-08-20 18:42:00,50.3,50.3,165,168
2022-08-20 18:44:00,50,50.0,165,168
2022-08-20 18:46:00,50.2,50.2,165,168
2022-08-20 18:48:00,49.9,49.9,167,170
2022-08-20 18:50:00,50.4,50.5,170,173
2022-08-20 18:52:00,50.2,50.1,170,173
2022-08-20 18:54:00,50.2,50.2,172,174
2022-08-20 18:56:00,50.1,50.1,167,170
2022-08-20 18:58:00,50.2,50.2,170,173
2022-08-20 19:00:00,50.0,50.0,172,174
2022-08-20 19:02:00,50.1,50.1,170,173
2022-08-20 19:04:00,49.9,49.9,168,171
2022-08-20 19:06:00,50.2,50.1,170,172
2022-08-20 19:08:00,50.1,50.1,173,175
2022-08-20 19:10:00,50.1,50.1,168,171
2022-08-20 19:12:00,50.1,50.2,170,173
2022-08-20 19:14:00,49.8,49.8,173,175
2022-08-20 19:16:00,50.2,50.2,173,175
2022-08-20 19:18:00,50.0,50.0,170,173
2022-08-20 19:20:00,50.0,50.0,169,172
2022-08-20 19:22:00,50.3,50.4,170,172
2022-08-20 19:24:00,50.1,50.1,172,174
2022-08-20 19:26:00,50.5,50.5,172,175
2022-08-20 19:28:00,50.1,50.1,170,173
2022-08-20 19:30:00,49.9,49.9,173,175
2022-08-20 19:32:00,50.1,50.1,169,172
2022-08-20 19:34:00,50.2,50.3,170,173
2022-08-20 19:36:00,50.2,50.2,171,173
2022-08-20 19:38:00,50.0,50.0,168,170
2022-08-20 19:40:00,50.1,50.2,168,171
2022-08-20 19:42:00,50.1,50.1,168,171
2022-08-20 19:44:00,50.3,50.3,172,174
2022-08-20 19:46:00,50.0,50.1,170,173
2022-08-20 19:48:00,50.0,50.1,171,174
2022-08-20 19:50:00,50.1,50.1,172,173
2022-08-20 19:52:00,50.1,50.1,173,174
2022-08-20 19:54:00,50.4,50.3,171,174
2022-08-20 19:56:00,50.0,50.1,172,175
2022-08-20 19:58:00,50.2,50.2,173,175
2022-08-20 20:00:00,50.0,50.0,168,173
2022-08-20 20:02:00,49.9,50,170,175
2022-08-20 20:04:00,50.6,50.6,173,177
2022-08-20 20:06:00,50.3,50.2,176,178
2022-08-20 20:08:00,49.9,49.8,173,177
2022-08-20 20:10:00,50.2,50.2,175,179
2022-08-20 20:12:00,50.2,50.2,178,179
2022-08-20 20:14:00,50.3,50.3,174,177
2022-08-20 20:16:00,50.0,50.1,173,175
2022-08-20 20:18:00,50.2,50.3,177,179
2022-08-20 20:20:00,50.2,50.2,181,183
2022-08-20 20:22:00,50.2,50.3,181,184
2022-08-20 20:24:00,50.0,49.9,177,180
2022-08-20 20:26:00,50.3,50.3,183,185
2022-08-20 20:28:00,50.3,50.3,183,185
2022-08-20 20:30:00,50.0,49.9,181,184
2022-08-20 20:32:00,50.2,50.2,180,182
2022-08-20 20:34:00,50.2,50.2,181,183
2022-08-20 20:36:00,50.1,50.2,181,184
2022-08-20 20:38:00,50.2,50.2,184,187
2022-08-20 20:40:00,50.1,50.1,185,187
2022-08-20 20:42:00,50.0,50.0,183,185
2022-08-20 20:44:00,50.5,50.5,183,186
2022-08-20 20:46:00,50.3,50.4,182,184
2022-08-20 20:48:00,50.1,50.0,180,182
2022-08-20 20:50:00,50.4,50.4,183,187
2022-08-20 20:52:00,50.2,50.1,184,186
2022-08-20 20:54:00,50.3,50.4,189,191
2022-08-20 20:56:00,50.1,50.1,190,192
2022-08-20 20:58:00,50.3,50.3,188,190
2022-08-20 21:00:00,50.0,50.0,184,187
2022-08-20 21:02:00,50.1,50.1,189,191
2022-08-20 21:04:00,50.2,50.3,187,190
2022-08-20 21:06:00,50.3,50.4,184,187
2022-08-20 21:08:00,50.5,50.5,185,188
2022-08-20 21:10:00,50.5,50.5,184,189
2022-08-20 21:12:00,50.2,50.2,181,186
2022-08-20 21:14:00,50.3,50.3,192,195
2022-08-20 21:16:00,50.3,50.3,193,195
2022-08-20 21:18:00,50.2,50.1,194,196
2022-08-20 21:20:00,50.3,50.3,192,195
2022-08-20 21:22:00,50.4,50.4,195,197
2022-08-20 21:24:00,50.3,50.3,197,199
2022-08-20 21:26:00,49.9,50.0,196,198
2022-08-20 21:28:00,50.3,50.3,190,195
2022-08-20 21:30:00,50.5,50.5,190,195
2022-08-20 21:32:00,50.1,50.1,190,194
2022-08-20 21:34:00,50.1,50.1,186,192
2022-08-20 21:36:00,50.5,50.5,194,198
2022-08-20 21:38:00,50.4,50.5,194,197
2022-08-20 21:40:00,50.7,50.7,187,192
2022-08-20 21:42:00,50.4,50.4,188,194
2022-08-20 21:44:00,50.4,50.4,190,195
2022-08-20 21:46:00,50.6,50.5,201,203
2022-08-20 21:48:00,50.5,50.5,201,203
2022-08-20 21:50:00,50.5,50.4,201,203
2022-08-20 21:52:00,50.5,50.4,200,202
2022-08-20 21:54:00,50.5,50.5,199,202
2022-08-20 21:56:00,50.4,50.3,197,200
2022-08-20 21:58:00,50.4,50.4,199,201
2022-08-20 22:00:00,50.6,50.6,202,204
2022-08-20 22:02:00,50.5,50.5,200,203
2022-08-20 22:04:00,50.4,50.5,202,204
2022-08-20 22:06:00,50.6,50.6,202,204
2022-08-20 22:08:00,50.4,50.4,202,204
2022-08-20 22:10:00,50.5,50.5,202,204
2022-08-20 22:12:00,,50.5,,204
2022-08-20 22:14:00,50.6,50.6,202,204
2022-08-20 22:16:00,50.3,50.3,204,207
2022-08-20 22:18:00,50.3,50.4,206,208
2022-08-20 22:20:00,50.7,50.7,206,208
2022-08-20 22:22:00,50.3,50.3,204,207
2022-08-20 22:24:00,50.5,50.5,203,206
2022-08-20 22:26:00,50.3,50.2,203,206
2022-08-20 22:28:00,50.1,50.1,204,207
2022-08-20 22:30:00,50.4,50.5,205,208
2022-08-20 22:32:00,50.2,50.3,208,210
2022-08-20 22:34:00,50.3,50.3,208,209
2022-08-20 22:36:00,50.1,50.1,205,208
2022-08-20 22:38:00,50.1,50.1,204,207
2022-08-20 22:40:00,50.2,50.2,207,209
2022-08-20 22:42:00,50.1,50.1,207,209
2022-08-20 22:44:00,50.3,50.2,207,209
2022-08-20 22:46:00,50.1,50.1,208,210
2022-08-20 22:48:00,50.2,50.2,208,210
2022-08-20 22:50:00,50.3,50.3,207,210
2022-08-20 22:52:00,50.3,50.2,207,210
2022-08-20 22:54:00,50.2,50.3,209,211
2022-08-20 22:56:00,50.3,50.3,209,211
2022-08-20 22:58:00,50.2,50.2,209,211
2022-08-20 23:00:00,49.9,49.9,209,211
2022-08-20 23:02:00,50.2,50.2,211,212
2022-08-20 23:04:00,50.3,50.3,209,211
2022-08-20 23:06:00,50.3,50.3,209,211
2022-08-20 23:08:00,50.1,50.1,211,213
2022-08-20 23:10:00,50.3,50.3,211,213
2022-08-20 23:12:00,50.1,50.1,209,212
2022-08-20 23:14:00,50.2,50.2,211,213
2022-08-20 23:16:00,50.4,50.4,210,211
2022-08-20 23:18:00,50.3,50.2,209,212
2022-08-20 23:20:00,50.4,50.3,209,212
2022-08-20 23:22:00,50.5,50.5,211,214
2022-08-20 23:24:00,50.4,50.4,211,214
2022-08-20 23:26:00,50.2,50.2,211,214
2022-08-20 23:28:00,50.2,50.2,212,214
2022-08-20 23:30:00,50.2,50.2,211,214
2022-08-20 23:32:00,50.3,50.3,211,214
2022-08-20 23:34:00,50.3,50.3,211,214
2022-08-20 23:36:00,50.3,50.3,213,214
2022-08-20 23:38:00,50.0,49.9,211,214
2022-08-20 23:40:00,50.3,50.4,210,213
2022-08-20 23:42:00,50.4,50.5,211,214
2022-08-20 23:44:00,50.3,50.3,211,214
2022-08-20 23:46:00,50.1,50.1,209,213
2022-08-20 23:48:00,50.4,50.4,211,214
2022-08-20 23:50:00,50.3,50.3,211,213
2022-08-20 23:52:00,50.6,50.7,212,214
2022-08-20 23:54:00,50.3,50.3,209,212
2022-08-20 23:56:00,50.5,50.4,211,214
2022-08-20 23:58:00,50.4,50.5,212,215
2022-08-21 00:00:00,50.3,50.3,211,214
2022-08-21 00:02:00,50.3,50.3,211,214
2022-08-21 00:04:00,50.4,50.4,212,214
2022-08-21 00:06:00,50.7,50.6,213,216
2022-08-21 00:08:00,50.3,50.4,212,216
2022-08-21 00:10:00,50.3,50.2,214,216
2022-08-21 00:12:00,50.3,50.2,214,216
2022-08-21 00:14:00,50.4,50.4,213,216
2022-08-21 00:16:00,50.4,50.3,213,216
2022-08-21 00:18:00,50.4,50.4,215,217
2022-08-21 00:20:00,50.3,50.3,215,217
2022-08-21 00:22:00,50.3,50.3,214,216
2022-08-21 00:24:00,50.4,50.4,214,217
2022-08-21 00:26:00,50.3,50.3,215,217
2022-08-21 00:28:00,50.5,50.5,213,216
2022-08-21 00:30:00,50.3,50.3,212,216
2022-08-21 00:32:00,50.4,50.3,214,216
2022-08-21 00:34:00,50.3,50.3,213,216
2022-08-21 00:36:00,50.3,50.3,211,215
2022-08-21 00:38:00,50.4,50.4,214,217
2022-08-21 00:40:00,50.3,50.3,216,217
2022-08-21 00:42:00,50.4,50.4,214,216
2022-08-21 00:44:00,50.3,50.3,214,217
2022-08-21 00:46:00,50.5,50.5,216,217
2022-08-21 00:48:00,50.4,50.4,215,217
2022-08-21 00:50:00,50.5,50.5,215,217
2022-08-21 00:52:00,50.4,50.4,215,217
2022-08-21 00:54:00,50.3,50.2,216,219
2022-08-21 00:56:00,50.5,50.4,215,218
2022-08-21 00:58:00,50.3,50.3,216,219
2022-08-21 01:00:00,50.6,50.5,216,219
2022-08-21 01:02:00,50.1,50.1,216,219
2022-08-21 01:04:00,50.5,50.5,216,219
2022-08-21 01:06:00,50.4,50.3,216,219
2022-08-21 01:08:00,50.3,50.3,217,219
2022-08-21 01:10:00,50.2,50.3,216,219
2022-08-21 01:12:00,50.4,50.4,214,217
2022-08-21 01:14:00,50.4,50.4,217,219
2022-08-21 01:16:00,50.0,50.0,215,217
2022-08-21 01:18:00,50.5,50.3,216,218
2022-08-21 01:20:00,50.5,50.6,216,219
2022-08-21 01:22:00,50.5,50.6,217,219
2022-08-21 01:24:00,50.4,50.4,214,217
2022-08-21 01:26:00,50.4,50.3,216,219
2022-08-21 01:28:00,50.4,50.3,217,219
2022-08-21 01:30:00,50.3,50.3,217,219
2022-08-21 01:32:00,50.5,50.6,216,219
2022-08-21 01:34:00,50.5,50.5,217,219
2022-08-21 01:36:00,50.4,50.2,219,221
2022-08-21 01:38:00,50.5,50.5,216,220
2022-08-21 01:40:00,50.9,50.6,216,219
2022-08-21 01:42:00,50.3,50.5,217,220
2022-08-21 01:44:00,50.4,50.4,218,220
2022-08-21 01:46:00,50.4,50.4,215,218
2022-08-21 01:48:00,50.5,50.5,216,216
2022-08-21 01:50:00,50.5,50.4,217,219
2022-08-21 01:52:00,50.5,50.4,216,219
2022-08-21 01:54:00,50.7,50.8,216,220
2022-08-21 01:56:00,50.5,50.4,218,220
2022-08-21 01:58:00,50.3,50.3,217,219
2022-08-21 02:00:00,50.8,50.5,216,218
2022-08-21 02:02:00,50.3,50.1,216,218
2022-08-21 02:04:00,50.4,50.4,216,219
2022-08-21 02:06:00,50.5,50.5,216,219
2022-08-21 02:08:00,50.1,50.3,216,219
2022-08-21 02:10:00,50.5,50.4,218,220
2022-08-21 02:12:00,50.5,50.5,218,220
2022-08-21 02:14:00,50.4,50.5,216,219
2022-08-21 02:16:00,50.3,50.4,218,219
2022-08-21 02:18:00,50.5,50.5,219,220
2022-08-21 02:20:00,50.5,50.6,216,219
2022-08-21 02:22:00,50.4,50.5,215,218
2022-08-21 02:24:00,50.4,50.4,217,219
2022-08-21 02:26:00,50.6,50.6,218,219
2022-08-21 02:28:00,50.4,50.4,217,220
2022-08-21 02:30:00,50.4,50.4,217,220
2022-08-21 02:32:00,50.4,50.4,219,221
2022-08-21 02:34:00,50.1,50.2,217,220
2022-08-21 02:36:00,50.5,50.5,218,220
2022-08-21 02:38:00,50.6,50.6,219,221
2022-08-21 02:40:00,50.6,50.5,219,221
2022-08-21 02:42:00,50.4,50.4,217,220
2022-08-21 02:44:00,50.5,50.5,219,221
2022-08-21 02:46:00,50.5,50.5,220,222
2022-08-21 02:48:00,50.5,50.5,221,223
2022-08-21 02:50:00,50.5,50.5,219,222
2022-08-21 02:52:00,50.8,50.8,221,223
2022-08-21 02:54:00,50.3,50.3,221,222
2022-08-21 02:56:00,50.6,50.7,219,221
2022-08-21 02:58:00,50.2,50.3,219,221
2022-08-21 03:00:00,50.7,50.7,221,223
2022-08-21 03:02:00,50.3,50.3,221,223
2022-08-21 03:04:00,50.7,50.8,221,223
2022-08-21 03:06:00,50.4,50.3,222,223
2022-08-21 03:08:00,50.5,50.5,222,223
2022-08-21 03:10:00,50.7,50.7,221,223
2022-08-21 03:12:00,50.6,50.5,220,223
2022-08-21 03:14:00,50.4,50.5,221,223
2022-08-21 03:16:00,50.2,50.1,222,223
2022-08-21 03:18:00,50.5,50.5,221,223
2022-08-21 03:20:00,50.4,50.4,222,224
2022-08-21 03:22:00,50.5,50.5,222,223
2022-08-21 03:24:00,50.4,50.4,219,222
2022-08-21 03:26:00,50.4,50.4,220,222
2022-08-21 03:28:00,50.5,50.4,221,223
2022-08-21 03:30:00,50.5,50.4,221,222
2022-08-21 03:32:00,50.5,50.6,220,223
2022-08-21 03:34:00,50.3,50.3,221,223
2022-08-21 03:36:00,50.5,50.6,221,223
2022-08-21 03:38:00,50.5,50.5,220,223
2022-08-21 03:40:00,50.4,50.4,220,222
2022-08-21 03:42:00,50.3,50.4,221,223
2022-08-21 03:44:00,50.5,50.5,219,223
2022-08-21 03:46:00,50.4,50.4,219,221
2022-08-21 03:48:00,50.3,50.4,221,223
2022-08-21 03:50:00,50.5,50.4,221,223
2022-08-21 03:52:00,50.4,50.4,219,221
2022-08-21 03:54:00,50.4,50.4,219,221
2022-08-21 03:56:00,50.4,50.4,221,223
2022-08-21 03:58:00,50.6,50.6,221,223
2022-08-21 04:00:00,50.7,50.7,221,223
2022-08-21 04:02:00,50.4,50.5,221,223
2022-08-21 04:04:00,50.6,50.6,221,223
2022-08-21 04:06:00,50.4,50.4,220,222
2022-08-21 04:08:00,50.5,50.5,219,222
2022-08-21 04:10:00,50.4,50.4,222,223
2022-08-21 04:12:00,50.6,50.6,222,224
2022-08-21 04:14:00,50.4,50.4,219,222
2022-08-21 04:16:00,50.4,50.4,221,223
2022-08-21 04:18:00,50.2,50.2,221,222
2022-08-21 04:20:00,50.4,50.4,219,221
2022-08-21 04:22:00,50.5,50.5,219,221
2022-08-21 04:24:00,50.4,50.4,221,223
2022-08-21 04:26:00,50.5,50.5,223,223
2022-08-21 04:28:00,50.4,50.5,220,223
2022-08-21 04:30:00,50.7,50.7,222,223
2022-08-21 04:32:00,50.5,50.5,223,224
2022-08-21 04:34:00,50.6,50.7,221,223
2022-08-21 04:36:00,50.2,50.2,220,223
2022-08-21 04:38:00,50.6,50.5,222,223
2022-08-21 04:40:00,50.5,50.5,223,225
2022-08-21 04:42:00,50.5,50.5,221,223
2022-08-21 04:44:00,50.4,50.4,223,224
2022-08-21 04:46:00,50.4,50.3,221,222
2022-08-21 04:48:00,50.4,50.4,219,222
2022-08-21 04:50:00,50.4,50.4,219,221
2022-08-21 04:52:00,50.3,50.3,220,222
2022-08-21 04:54:00,50.4,50.4,221,223
2022-08-21 04:56:00,50.4,50.4,219,221
2022-08-21 04:58:00,50.0,50.0,220,221
2022-08-21 05:00:00,50.4,50.4,221,223
2022-08-21 05:02:00,50.4,50.4,219,221
2022-08-21 05:04:00,50.4,50.3,219,222
2022-08-21 05:06:00,50.0,50.0,221,222
2022-08-21 05:08:00,50.4,50.5,220,221
2022-08-21 05:10:00,50.8,50.7,219,221
2022-08-21 05:12:00,50.3,50.3,219,221
2022-08-21 05:14:00,50.3,50.4,220,221
2022-08-21 05:16:00,50.3,50.3,219,221
2022-08-21 05:18:00,50.5,50.5,220,222
2022-08-21 05:20:00,50.5,50.5,222,223
2022-08-21 05:22:00,50.3,50.3,221,222
2022-08-21 05:24:00,50.3,50.3,218,220
2022-08-21 05:26:00,50.4,50.4,217,219
2022-08-21 05:28:00,50.4,50.5,219,221
2022-08-21 05:30:00,50.4,50.4,216,219
2022-08-21 05:32:00,49.9,49.9,216,218
2022-08-21 05:34:00,50.6,50.6,219,220
2022-08-21 05:36:00,50.3,50.3,217,219
2022-08-21 05:38:00,50.6,50.7,218,221
2022-08-21 05:40:00,50.4,50.4,218,220
2022-08-21 05:42:00,50.3,50.3,220,222
2022-08-21 05:44:00,50.3,50.3,216,219
2022-08-21 05:46:00,50.5,50.5,219,221
2022-08-21 05:48:00,50.7,50.7,219,221
2022-08-21 05:50:00,50.5,50.5,219,221
2022-08-21 05:52:00,50.4,50.5,216,219
2022-08-21 05:54:00,50.3,50.2,218,220
2022-08-21 05:56:00,50.4,50.5,219,221
2022-08-21 05:58:00,50.5,50.4,219,221
2022-08-21 06:00:00,50.6,50.5,216,219
2022-08-21 06:02:00,50.4,50.4,218,220
2022-08-21 06:04:00,50.3,50.3,218,219
2022-08-21 06:06:00,50.4,50.5,216,219
2022-08-21 06:08:00,50.5,50.5,219,221
2022-08-21 06:10:00,50.4,50.4,216,218
2022-08-21 06:12:00,50.3,50.3,214,217
2022-08-21 06:14:00,50.3,50.4,214,216
2022-08-21 06:16:00,50.3,50.4,215,218
2022-08-21 06:18:00,50.4,50.3,214,216
2022-08-21 06:20:00,50.4,50.3,209,214
2022-08-21 06:22:00,50.4,50.4,210,214
2022-08-21 06:24:00,50.5,50.4,209,213
2022-08-21 06:26:00,50.4,50.4,202,208
2022-08-21 06:28:00,50.3,50.3,207,211
2022-08-21 06:30:00,50.4,50.4,211,213
2022-08-21 06:32:00,50.3,50.2,214,216
2022-08-21 06:34:00,50.4,50.4,214,216
2022-08-21 06:36:00,50.4,50.5,214,215
2022-08-21 06:38:00,50.2,50.2,213,216
2022-08-21 06:40:00,50.4,50.4,212,215
2022-08-21 06:42:00,50.0,49.9,211,214
2022-08-21 06:44:00,50.4,50.4,215,216
2022-08-21 06:46:00,50.4,50.3,211,213
2022-08-21 06:48:00,50.3,50.3,211,214
2022-08-21 06:50:00,50.2,50.2,210,211
2022-08-21 06:52:00,50.5,50.5,215,216
2022-08-21 06:54:00,50.1,50.2,211,214
2022-08-21 06:56:00,50.4,50.4,212,215
2022-08-21 06:58:00,50.3,50.2,214,216
2022-08-21 07:00:00,50.3,50.3,211,212
2022-08-21 07:02:00,50.2,50.3,207,211
2022-08-21 07:04:00,50.2,50.2,206,211
2022-08-21 07:06:00,50.3,50.2,208,213
2022-08-21 07:08:00,50.3,50.4,204,209
2022-08-21 07:10:00,50.2,50.3,207,212
2022-08-21 07:12:00,50.2,50.3,210,213
2022-08-21 07:14:00,50.2,50.2,213,215
2022-08-21 07:16:00,50.1,50.1,213,216
2022-08-21 07:18:00,50.2,50.2,211,212
2022-08-21 07:20:00,50.2,50.3,211,214
2022-08-21 07:22:00,50.1,50.1,206,209
2022-08-21 07:24:00,50.1,50.2,214,216
2022-08-21 07:26:00,50.1,50.2,211,214
2022-08-21 07:28:00,50.2,50.2,210,212
2022-08-21 07:30:00,50.0,50.1,207,209
2022-08-21 07:32:00,50.1,50.0,203,209
2022-08-21 07:34:00,49.9,49.9,202,204
2022-08-21 07:36:00,50.1,50.1,200,202
2022-08-21 07:38:00,50.4,50.3,192,198
2022-08-21 07:40:00,50.5,50.4,198,200
2022-08-21 07:42:00,50.0,50.1,199,202
2022-08-21 07:44:00,50.1,50.1,202,204
2022-08-21 07:46:00,50.2,50.2,202,204
2022-08-21 07:48:00,49.8,49.8,204,206
2022-08-21 07:50:00,50.1,50.1,203,206
2022-08-21 07:52:00,50.3,50.3,201,204
2022-08-21 07:54:00,50.3,50.3,197,199
2022-08-21 07:56:00,49.9,50.0,197,199
2022-08-21 07:58:00,50.1,50.2,194,197
2022-08-21 08:00:00,50.1,50.1,195,198
2022-08-21 08:02:00,50.1,50.1,195,200
2022-08-21 08:04:00,50.3,50.3,198,203
2022-08-21 08:06:00,50.4,50.4,196,202
2022-08-21 08:08:00,50.1,50.1,191,197
2022-08-21 08:10:00,50.3,50.3,196,201
2022-08-21 08:12:00,49.9,49.9,196,199
2022-08-21 08:14:00,50.0,50.0,199,202
2022-08-21 08:16:00,50.1,50.1,198,200
2022-08-21 08:18:00,50.3,50.3,197,199
2022-08-21 08:20:00,50.0,50.1,190,195
2022-08-21 08:22:00,50.1,50.1,188,194
2022-08-21 08:24:00,50.1,50.1,187,192
2022-08-21 08:26:00,50.2,50.2,187,193
2022-08-21 08:28:00,50.3,50.3,192,194
2022-08-21 08:30:00,50.3,50.4,198,200
2022-08-21 08:32:00,50.0,50.0,198,200
2022-08-21 08:34:00,50.3,50.2,193,195
2022-08-21 08:36:00,50.3,50.4,194,197
2022-08-21 08:38:00,50.1,50.1,200,202
2022-08-21 08:40:00,49.7,49.7,200,202
2022-08-21 08:42:00,50.0,50.0,199,201
2022-08-21 08:44:00,50.3,50.3,194,199
2022-08-21 08:46:00,49.9,49.9,197,201
2022-08-21 08:48:00,50.0,50.0,200,203
2022-08-21 08:50:00,49.7,49.8,199,202
2022-08-21 08:52:00,50.2,50.2,202,203
2022-08-21 08:54:00,50.1,50.1,202,203
2022-08-21 08:56:00,50.1,50.1,203,206
2022-08-21 08:58:00,50.0,49.9,193,196
2022-08-21 09:00:00,50.2,50.1,201,203
2022-08-21 09:02:00,50.1,50.1,202,204
2022-08-21 09:04:00,50.1,50.0,197,199
2022-08-21 09:06:00,50.0,50.1,198,199
2022-08-21 09:08:00,50.0,50.0,200,202
2022-08-21 09:10:00,50.1,50.2,204,209
2022-08-21 09:12:00,50.1,50.0,204,207
2022-08-21 09:14:00,49.8,49.8,200,202
2022-08-21 09:16:00,50,50.0,197,202
2022-08-21 09:18:00,50.0,50.0,192,197
2022-08-21 09:20:00,49.9,49.8,199,200
2022-08-21 09:22:00,50.1,50.2,200,202
2022-08-21 09:24:00,50.1,50.1,202,204
2022-08-21 09:26:00,50,50.0,203,206
2022-08-21 09:28:00,50.0,50.0,202,203
2022-08-21 09:30:00,50.2,50.2,204,205
2022-08-21 09:32:00,50.1,50.1,203,206
2022-08-21 09:34:00,50.1,50.1,203,206
2022-08-21 09:36:00,50.1,50.1,202,204
2022-08-21 09:38:00,50.4,50.4,203,206
2022-08-21 09:40:00,50.0,50.1,200,202
2022-08-21 09:42:00,50.2,50.2,202,204
2022-08-21 09:44:00,50.1,50.1,201,202
2022-08-21 09:46:00,50.1,50.1,201,203
2022-08-21 09:48:00,49.9,49.9,199,201
2022-08-21 09:50:00,49.8,49.9,199,202
2022-08-21 09:52:00,50.2,50.2,197,199
2022-08-21 09:54:00,50.0,50.0,197,200
2022-08-21 09:56:00,50.2,50.2,197,199
2022-08-21 09:58:00,50.1,50.1,194,196
2022-08-21 10:00:00,49.8,49.8,190,195
2022-08-21 10:02:00,50.3,50.3,195,197
2022-08-21 10:04:00,50.1,50.1,198,199
2022-08-21 10:06:00,50.1,50.2,199,201
2022-08-21 10:08:00,50.0,50.0,194,196
2022-08-21 10:10:00,50.0,49.9,195,197
2022-08-21 10:12:00,50.3,50.3,196,198
2022-08-21 10:14:00,50.0,50.0,188,191
2022-08-21 10:16:00,50.3,50.3,191,194
2022-08-21 10:18:00,50.2,50.3,197,198
2022-08-21 10:20:00,49.8,49.8,198,200
2022-08-21 10:22:00,50.3,50.3,194,197
2022-08-21 10:24:00,50.1,50.1,195,197
2022-08-21 10:26:00,50.0,50.0,197,199
2022-08-21 10:28:00,50.1,50.1,194,196
2022-08-21 10:30:00,50.5,50.5,199,202
2022-08-21 10:32:00,50.2,50.1,200,202
2022-08-21 10:34:00,49.7,49.6,194,197
2022-08-21 10:36:00,49.8,49.8,192,194
2022-08-21 10:38:00,50.2,50.1,190,193
2022-08-21 10:40:00,50.2,50.2,197,199
2022-08-21 10:42:00,49.9,49.8,193,195
2022-08-21 10:44:00,50,50.0,194,197
2022-08-21 10:46:00,50.0,50.0,200,202
2022-08-21 10:48:00,50.2,50.2,201,203
2022-08-21 10:50:00,50.0,50.0,196,199
2022-08-21 10:52:00,50.1,50.1,195,197
2022-08-21 10:54:00,50.1,50.1,198,201
2022-08-21 10:56:00,49.6,49.6,194,195
2022-08-21 10:58:00,50.3,50.3,197,199
2022-08-21 11:00:00,50.1,50.1,191,195
2022-08-21 11:02:00,50.0,50.1,190,194
2022-08-21 11:04:00,50.2,50.2,189,194
2022-08-21 11:06:00,50.1,50.0,190,194
2022-08-21 11:08:00,50.1,50.2,197,199
2022-08-21 11:10:00,50.2,50.3,199,200
2022-08-21 11:12:00,50.1,50.1,197,200
2022-08-21 11:14:00,50.0,49.9,192,197
2022-08-21 11:16:00,50.2,50.2,193,197
2022-08-21 11:18:00,50.2,50.3,195,197
2022-08-21 11:20:00,49.9,49.9,196,199
2022-08-21 11:22:00,50.2,50.2,198,199
2022-08-21 11:24:00,50.2,50.2,200,202
2022-08-21 11:26:00,50.0,50.0,198,201
2022-08-21 11:28:00,50.3,50.4,199,202
2022-08-21 11:30:00,50.0,50.0,194,196
2022-08-21 11:32:00,49.9,49.9,197,198
2022-08-21 11:34:00,50.1,50.1,192,194
2022-08-21 11:36:00,49.8,49.8,194,195
2022-08-21 11:38:00,50.0,50.0,197,199
2022-08-21 11:40:00,50.2,50.2,201,204
2022-08-21 11:42:00,50.1,50.1,200,202
2022-08-21 11:44:00,49.9,49.9,201,202
2022-08-21 11:46:00,50.3,50.2,199,202
2022-08-21 11:48:00,50.0,49.9,200,202
2022-08-21 11:50:00,50.1,50.0,199,201
2022-08-21 11:52:00,50.0,50.3,196,199
2022-08-21 11:54:00,50.4,50.2,201,203
2022-08-21 11:56:00,50.0,50.0,202,204
2022-08-21 11:58:00,50.2,50.2,201,203
2022-08-21 12:00:00,50.2,50.2,202,204
2022-08-21 12:02:00,50.2,50.2,200,202
2022-08-21 12:04:00,50.4,50.4,204,206
2022-08-21 12:06:00,49.6,49.7,201,203
2022-08-21 12:08:00,50.2,50.3,202,204
2022-08-21 12:10:00,50.1,50.1,199,201
2022-08-21 12:12:00,49.9,49.9,196,198
2022-08-21 12:14:00,49.9,50,194,199
2022-08-21 12:16:00,50.3,50.3,200,202
2022-08-21 12:18:00,50.5,50.5,202,204
2022-08-21 12:20:00,49.9,50.0,198,201
2022-08-21 12:22:00,50.1,50.1,201,203
2022-08-21 12:24:00,50.3,50.3,194,196
2022-08-21 12:26:00,50.1,50.2,200,203
2022-08-21 12:28:00,50.1,50,197,199
2022-08-21 12:30:00,50.0,50,191,196
2022-08-21 12:32:00,50.3,50.3,195,198
2022-08-21 12:34:00,50.1,50.1,194,197
2022-08-21 12:36:00,49.7,49.8,195,197
2022-08-21 12:38:00,50.2,50.1,199,201
2022-08-21 12:40:00,50.3,50.3,199,202
2022-08-21 12:42:00,50.2,50.2,197,199
2022-08-21 12:44:00,50.0,50,200,202
2022-08-21 12:46:00,50.1,50.2,194,197
2022-08-21 12:48:00,49.9,50.0,203,207
2022-08-21 12:50:00,49.9,49.9,198,200
2022-08-21 12:52:00,50.1,50.2,199,202
2022-08-21 12:54:00,49.8,49.8,196,199
2022-08-21 12:56:00,50.1,50.1,197,199
2022-08-21 12:58:00,50.4,50.4,200,202
2022-08-21 13:00:00,49.9,49.9,199,202
2022-08-21 13:02:00,49.8,49.8,197,199
2022-08-21 13:04:00,50.1,50,197,199
2022-08-21 13:06:00,50.2,50.2,192,194
2022-08-21 13:08:00,50.1,50.0,193,197
2022-08-21 13:10:00,50.1,50.2,199,201
2022-08-21 13:12:00,49.9,50.0,192,198
2022-08-21 13:14:00,50.0,50.0,187,190
2022-08-21 13:16:00,50.0,50.1,188,191
2022-08-21 13:18:00,50.0,50.0,189,191
2022-08-21 13:20:00,50.1,50.1,189,190
2022-08-21 13:22:00,49.9,50.0,187,190
2022-08-21 13:24:00,50.0,49.8,184,187
2022-08-21 13:26:00,50.1,50.0,185,187
2022-08-21 13:28:00,50.2,50.2,186,188
2022-08-21 13:30:00,50.0,50.0,189,192
2022-08-21 13:32:00,50.4,50.4,192,195
2022-08-21 13:34:00,50.2,50.2,193,195
2022-08-21 13:36:00,49.9,50.0,189,192
2022-08-21 13:38:00,50.0,50.0,196,199
2022-08-21 13:40:00,50.0,50.0,194,196
2022-08-21 13:42:00,50.2,50.2,199,201
2022-08-21 13:44:00,50.1,50.1,194,197
2022-08-21 13:46:00,49.8,49.7,196,199
2022-08-21 13:48:00,50.1,50.2,202,204
2022-08-21 13:50:00,50.1,50.1,194,197
2022-08-21 13:52:00,49.9,49.9,196,199
2022-08-21 13:54:00,50.3,50.3,197,199
2022-08-21 13:56:00,49.8,49.8,197,199
2022-08-21 13:58:00,50.2,50.2,197,200
2022-08-21 14:00:00,49.8,49.8,192,194
2022-08-21 14:02:00,50.3,50.2,200,202
2022-08-21 14:04:00,50.0,50,199,201
2022-08-21 14:06:00,50.2,50.1,194,197
2022-08-21 14:08:00,49.8,49.9,191,193
2022-08-21 14:10:00,50.1,50.0,197,199
2022-08-21 14:12:00,50.1,50.2,195,197
2022-08-21 14:14:00,49.9,49.9,196,199
2022-08-21 14:16:00,49.9,49.9,197,199
2022-08-21 14:18:00,50.2,50.3,196,198
2022-08-21 14:20:00,49.9,50.0,194,196
2022-08-21 14:22:00,50.0,50.0,197,199
2022-08-21 14:24:00,50.1,50.1,195,198
2022-08-21 14:26:00,50.2,50.1,197,199
2022-08-21 14:28:00,50.1,50.1,194,198
2022-08-21 14:30:00,49.7,49.7,199,201
2022-08-21 14:32:00,50.1,50.0,194,197
2022-08-21 14:34:00,50.4,50.4,197,200
2022-08-21 14:36:00,49.9,50.0,194,197
2022-08-21 14:38:00,50.3,,197,
2022-08-21 14:40:00,49.9,49.8,199,202
2022-08-21 14:42:00,50.2,50.1,193,197
2022-08-21 14:44:00,50.3,50.2,197,200
2022-08-21 14:46:00,49.7,49.7,194,197
2022-08-21 14:48:00,50.3,50.2,194,198
2022-08-21 14:50:00,50.3,50.3,201,204
2022-08-21 14:52:00,50.1,50.1,197,199
2022-08-21 14:54:00,50.2,50.2,199,202
2022-08-21 14:56:00,49.9,49.9,199,202
2022-08-21 14:58:00,50.1,50.1,196,199
2022-08-21 15:00:00,50.7,50.6,196,199
2022-08-21 15:02:00,50.0,50.1,198,201
2022-08-21 15:04:00,50.4,50.4,197,200
2022-08-21 15:06:00,50.3,50.2,194,197
2022-08-21 15:08:00,50.3,50.2,198,201
2022-08-21 15:10:00,49.9,50.0,196,199
2022-08-21 15:12:00,50.1,50.2,196,199
2022-08-21 15:14:00,50,50.0,197,200
2022-08-21 15:16:00,50.3,50.3,196,199
2022-08-21 15:18:00,50.2,50.3,193,197
2022-08-21 15:20:00,50.1,50.1,194,198
2022-08-21 15:22:00,50.0,50.1,198,202
2022-08-21 15:24:00,50.2,50.1,195,199
2022-08-21 15:26:00,50.2,50.2,195,199
2022-08-21 15:28:00,50.1,50.0,195,198
2022-08-21 15:30:00,50.1,50.1,197,199
2022-08-21 15:32:00,50.1,50.1,197,201
2022-08-21 15:34:00,50.1,50.1,197,200
2022-08-21 15:36:00,50.1,50.1,204,206
2022-08-21 15:38:00,50.0,50.1,200,202
2022-08-21 15:40:00,50,50.1,202,205
2022-08-21 15:42:00,50.0,50,202,204
2022-08-21 15:44:00,50.2,50.2,204,207
2022-08-21 15:46:00,49.9,49.9,204,206
2022-08-21 15:48:00,50.3,50.3,199,202
2022-08-21 15:50:00,50.2,50.2,199,203
2022-08-21 15:52:00,50.0,50.0,203,205
2022-08-21 15:54:00,50.2,50.2,196,199
2022-08-21 15:56:00,50.0,50.1,194,197
2022-08-21 15:58:00,50.5,50.5,197,199
2022-08-21 16:00:00,49.8,49.7,199,202
2022-08-21 16:02:00,49.9,49.9,198,202
2022-08-21 16:04:00,50.1,50.1,198,201
2022-08-21 16:06:00,50.1,50.0,200,202
2022-08-21 16:08:00,50.2,50.2,202,204
2022-08-21 16:10:00,50.0,50.0,199,202
2022-08-21 16:12:00,50.1,50.2,202,204
2022-08-21 16:14:00,49.8,49.8,203,206
2022-08-21 16:16:00,50.1,50.1,200,204
2022-08-21 16:18:00,50.0,49.9,201,204
2022-08-21 16:20:00,49.9,49.8,201,204
2022-08-21 16:22:00,50.4,50.3,202,205
2022-08-21 16:24:00,50.1,50.1,201,204
2022-08-21 16:26:00,49.8,49.9,204,208
2022-08-21 16:28:00,50.1,50.1,202,204
2022-08-21 16:30:00,50.1,50.1,200,203
2022-08-21 16:32:00,50.1,50.1,200,204
2022-08-21 16:34:00,50.0,50.1,201,204
2022-08-21 16:36:00,50.2,50.3,204,206
2022-08-21 16:38:00,50.1,50.1,199,203
2022-08-21 16:40:00,50.0,49.9,197,199
2022-08-21 16:42:00,50.2,50.1,202,204
2022-08-21 16:44:00,50.1,50.1,202,204
2022-08-21 16:46:00,50.1,50.1,198,202
2022-08-21 16:48:00,50.2,50.1,199,203
2022-08-21 16:50:00,49.8,49.8,200,204
2022-08-21 16:52:00,49.9,50.0,199,202
2022-08-21 16:54:00,49.6,49.7,198,200
2022-08-21 16:56:00,50.2,50.2,196,199
2022-08-21 16:58:00,50.1,50.0,194,197
2022-08-21 17:00:00,49.9,49.9,195,199
2022-08-21 17:02:00,50.1,49.9,192,194
2022-08-21 17:04:00,50.1,50.1,196,199
2022-08-21 17:06:00,50.0,50.0,199,202
2022-08-21 17:08:00,49.9,49.9,196,199
2022-08-21 17:10:00,50.0,50.0,194,198
2022-08-21 17:12:00,50.1,50.1,197,199
2022-08-21 17:14:00,49.9,49.9,194,198
2022-08-21 17:16:00,49.7,49.7,191,193
2022-08-21 17:18:00,50.1,50.2,194,197
2022-08-21 17:20:00,50.1,50.1,199,201
2022-08-21 17:22:00,49.8,49.7,197,199
2022-08-21 17:24:00,49.9,50.0,194,198
2022-08-21 17:26:00,50.0,50.0,199,202
2022-08-21 17:28:00,50.1,50.0,199,201
2022-08-21 17:30:00,49.9,49.9,199,202
2022-08-21 17:32:00,50.0,50.0,199,202
2022-08-21 17:34:00,50.0,50.0,198,200
2022-08-21 17:36:00,49.9,49.9,194,197
2022-08-21 17:38:00,49.7,49.7,194,197
2022-08-21 17:40:00,50.0,50.0,194,196
2022-08-21 17:42:00,49.8,49.9,196,197
2022-08-21 17:44:00,49.9,50.0,193,196
2022-08-21 17:46:00,49.8,49.8,191,194
2022-08-21 17:48:00,50.0,50.0,188,190
2022-08-21 17:50:00,50.0,49.9,180,184
2022-08-21 17:52:00,49.7,49.7,182,185
2022-08-21 17:54:00,49.9,49.9,185,187
2022-08-21 17:56:00,49.9,49.8,190,192
2022-08-21 17:58:00,49.9,49.8,187,190
2022-08-21 18:00:00,49.9,49.9,185,188
2022-08-21 18:02:00,50.0,50.0,187,190
2022-08-21 18:04:00,49.9,49.9,183,185
2022-08-21 18:06:00,49.8,49.8,184,187
2022-08-21 18:08:00,49.8,49.8,181,184
2022-08-21 18:10:00,49.7,49.7,178,182
2022-08-21 18:12:00,48.0,52.8,173,203
2022-08-21 18:14:00,50.4,50.4,190,196
2022-08-21 18:16:00,50.3,50.2,188,194
2022-08-21 18:18:00,50.6,50.5,199,201
2022-08-21 18:20:00,50.4,50.3,197,199
2022-08-21 18:22:00,50.1,50.1,203,206
2022-08-21 18:24:00,50.4,50.4,203,207
2022-08-21 18:26:00,50.4,50.4,208,210
2022-08-21 18:28:00,50.3,50.3,202,204
2022-08-21 18:30:00,50.5,50.4,199,202
2022-08-21 18:32:00,50.4,50.4,202,204
2022-08-21 18:34:00,50.3,50.2,199,201
2022-08-21 18:36:00,49.3,49.2,187,190
2022-08-21 18:38:00,50.5,50.5,190,193
2022-08-21 18:40:00,50.3,50.3,188,190
2022-08-21 18:42:00,50.4,50.4,187,189
2022-08-21 18:44:00,50.4,50.4,186,189
2022-08-21 18:46:00,50.2,50.3,184,186
2022-08-21 18:48:00,50.3,50.3,180,182
2022-08-21 18:50:00,50.1,50.1,178,181
2022-08-21 18:52:00,50.2,50.2,182,185
2022-08-21 18:54:00,50.3,50.4,186,188
2022-08-21 18:56:00,50.3,50.3,187,189
2022-08-21 18:58:00,50.2,50.3,185,187
2022-08-21 19:00:00,50.2,50.2,185,187
2022-08-21 19:02:00,50.2,50.1,187,190
2022-08-21 19:04:00,50.4,50.3,187,190
2022-08-21 19:06:00,50.1,50.1,185,188
2022-08-21 19:08:00,50.3,50.5,188,189
2022-08-21 19:10:00,50.5,50.5,187,190
2022-08-21 19:12:00,50.2,50.3,182,185
2022-08-21 19:14:00,49.9,50.0,184,186
2022-08-21 19:16:00,49.9,49.9,182,185
2022-08-21 19:18:00,50.2,50.2,182,186
2022-08-21 19:20:00,50.4,50.3,180,183
2022-08-21 19:22:00,50.1,50.2,185,187
2022-08-21 19:24:00,50.2,50.1,185,187
2022-08-21 19:26:00,50.3,50.3,184,187
2022-08-21 19:28:00,50.2,50.2,184,186
2022-08-21 19:30:00,50.4,50.4,182,184
2022-08-21 19:32:00,50.4,50.3,185,187
2022-08-21 19:34:00,50.2,50.1,182,185
2022-08-21 19:36:00,50.2,50.2,182,183
2022-08-21 19:38:00,50.2,50.2,181,183
2022-08-21 19:40:00,50.1,50.1,179,182
2022-08-21 19:42:00,50.3,50.3,180,182
2022-08-21 19:44:00,50.1,50.1,183,185
2022-08-21 19:46:00,50.3,50.3,182,185
2022-08-21 19:48:00,50.3,50.3,183,186
2022-08-21 19:50:00,50.3,50.2,183,185
2022-08-21 19:52:00,50.4,50.4,186,188
2022-08-21 19:54:00,50.3,50.4,182,186
2022-08-21 19:56:00,50.2,50.2,190,192
2022-08-21 19:58:00,50.3,50.3,191,193
2022-08-21 20:00:00,50.4,50.4,192,194
2022-08-21 20:02:00,50.2,50.3,189,192
2022-08-21 20:04:00,50.3,50.3,193,195
2022-08-21 20:06:00,50.1,50.2,194,197
2022-08-21 20:08:00,50.4,50.4,192,195
2022-08-21 20:10:00,50.3,50.3,194,197
2022-08-21 20:12:00,50.3,50.3,197,199
2022-08-21 20:14:00,50.3,50.3,192,194
2022-08-21 20:16:00,50.1,50.1,191,194
2022-08-21 20:18:00,50.5,50.4,193,195
2022-08-21 20:20:00,50.1,50.1,194,197
2022-08-21 20:22:00,50.5,50.5,197,199
2022-08-21 20:24:00,50.3,50.3,197,199
2022-08-21 20:26:00,50.4,50.3,198,200
2022-08-21 20:28:00,50.4,50.3,197,199
2022-08-21 20:30:00,50.3,50.4,196,199
2022-08-21 20:32:00,50.5,50.5,197,199
2022-08-21 20:34:00,50.4,50.4,199,201
2022-08-21 20:36:00,50.3,50.3,197,200
2022-08-21 20:38:00,50.6,50.6,198,202
2022-08-21 20:40:00,50.5,50.4,194,199
2022-08-21 20:42:00,50.4,50.4,195,200
2022-08-21 20:44:00,50.5,50.6,199,202
2022-08-21 20:46:00,50.3,50.3,200,203
2022-08-21 20:48:00,50.3,50.3,202,204
2022-08-21 20:50:00,50.3,50.3,201,204
2022-08-21 20:52:00,50.3,50.3,199,202
2022-08-21 20:54:00,50.3,50.4,202,204
2022-08-21 20:56:00,50.4,50.4,202,204
2022-08-21 20:58:00,50.5,50.4,198,201
2022-08-21 21:00:00,50.4,50.4,199,202
2022-08-21 21:02:00,50.4,50.5,204,206
2022-08-21 21:04:00,50.4,50.4,203,205
2022-08-21 21:06:00,50.5,50.5,200,203
2022-08-21 21:08:00,50.5,50.4,202,205
2022-08-21 21:10:00,50.4,50.5,199,204
2022-08-21 21:12:00,50.3,50.3,197,204
2022-08-21 21:14:00,50.6,50.6,197,202
2022-08-21 21:16:00,50.7,50.7,204,207
2022-08-21 21:18:00,50.4,50.5,204,206
2022-08-21 21:20:00,50.4,50.4,202,205
2022-08-21 21:22:00,50.4,50.5,199,204
2022-08-21 21:24:00,50.5,50.5,199,204
2022-08-21 21:26:00,50.5,50.5,197,202
2022-08-21 21:28:00,50.4,50.3,203,207
2022-08-21 21:30:00,50.5,50.6,205,207
2022-08-21 21:32:00,50.5,50.6,204,206
2022-08-21 21:34:00,50.5,50.5,205,208
2022-08-21 21:36:00,50.4,50.4,206,208
2022-08-21 21:38:00,50.7,50.7,209,210
2022-08-21 21:40:00,50.5,50.5,205,208
2022-08-21 21:42:00,50.5,50.4,205,207
2022-08-21 21:44:00,50.6,50.6,207,209
2022-08-21 21:46:00,50.6,50.6,206,208
2022-08-21 21:48:00,50.6,50.6,204,207
2022-08-21 21:50:00,50.6,,207,
2022-08-21 21:52:00,50.6,50.6,208,209
2022-08-21 21:54:00,50.5,50.6,207,210
2022-08-21 21:56:00,50.5,50.4,204,207
2022-08-21 21:58:00,50.4,50.4,207,209
2022-08-21 22:00:00,50.5,50.6,206,207
2022-08-21 22:02:00,50.7,50.7,204,207
2022-08-21 22:04:00,50.6,50.5,208,210
2022-08-21 22:06:00,50.6,50.6,209,211
2022-08-21 22:08:00,50.7,50.7,209,211
2022-08-21 22:10:00,50.7,50.7,209,212
2022-08-21 22:12:00,50.5,50.5,210,212
2022-08-21 22:14:00,50.5,50.6,210,211
2022-08-21 22:16:00,50.8,50.8,208,211
2022-08-21 22:18:00,50.6,50.6,209,211
2022-08-21 22:20:00,50.7,50.7,210,211
2022-08-21 22:22:00,50.6,50.5,207,211
2022-08-21 22:24:00,50.7,50.6,208,211
2022-08-21 22:26:00,50.7,50.7,209,211
2022-08-21 22:28:00,50.6,50.5,211,213
2022-08-21 22:30:00,50.4,50.4,209,212
2022-08-21 22:32:00,50.6,50.6,211,214
2022-08-21 22:34:00,50.8,50.8,212,214
2022-08-21 22:36:00,50.6,50.6,210,214
2022-08-21 22:38:00,50.6,50.6,211,215
2022-08-21 22:40:00,50.8,50.7,213,216
2022-08-21 22:42:00,50.7,50.8,213,216
2022-08-21 22:44:00,50.6,50.6,212,216
2022-08-21 22:46:00,50.7,50.7,212,216
2022-08-21 22:48:00,50.8,50.8,214,217
2022-08-21 22:50:00,50.8,50.8,214,216
2022-08-21 22:52:00,50.6,50.6,213,216
2022-08-21 22:54:00,50.8,50.8,214,217
2022-08-21 22:56:00,50.9,51.0,216,218
2022-08-21 22:58:00,50.7,50.7,214,217
2022-08-21 23:00:00,50.8,50.8,214,217
2022-08-21 23:02:00,50.7,50.7,215,217
2022-08-21 23:04:00,50.8,50.8,214,216
2022-08-21 23:06:00,50.7,50.8,214,216
2022-08-21 23:08:00,50.7,50.7,215,217
2022-08-21 23:10:00,50.6,50.7,213,215
2022-08-21 23:12:00,50.7,50.7,211,215
2022-08-21 23:14:00,50.8,50.8,214,216
2022-08-21 23:16:00,50.6,50.6,215,217
2022-08-21 23:18:00,50.8,50.7,216,218
2022-08-21 23:20:00,50.8,50.8,214,217
2022-08-21 23:22:00,50.7,50.6,216,218
2022-08-21 23:24:00,50.9,50.9,217,219
2022-08-21 23:26:00,50.8,50.8,216,219
2022-08-21 23:28:00,51.0,51.0,216,219
2022-08-21 23:30:00,50.8,50.8,218,220
2022-08-21 23:32:00,50.8,50.7,218,220
2022-08-21 23:34:00,50.7,50.7,216,219
2022-08-21 23:36:00,50.6,50.6,217,219
2022-08-21 23:38:00,50.9,50.9,217,219
2022-08-21 23:40:00,50.8,50.8,216,219
2022-08-21 23:42:00,50.7,50.7,215,218
2022-08-21 23:44:00,50.8,50.8,216,219
2022-08-21 23:46:00,50.8,50.8,217,219
2022-08-21 23:48:00,50.7,50.7,216,219
2022-08-21 23:50:00,50.8,50.8,216,218
2022-08-21 23:52:00,50.8,50.8,218,220
2022-08-21 23:54:00,50.9,50.8,218,221
2022-08-21 23:56:00,50.8,50.8,217,221
2022-08-21 23:58:00,50.9,50.9,219,222
2022-08-22 00:00:00,50.8,51.2,219,222
2022-08-22 00:02:00,50.8,50.8,219,221
2022-08-22 00:04:00,50.8,50.9,219,221
2022-08-22 00:06:00,50.8,50.8,220,222
2022-08-22 00:08:00,50.7,50.7,219,221
2022-08-22 00:10:00,50.8,50.9,219,222
2022-08-22 00:12:00,50.6,50.6,220,222
2022-08-22 00:14:00,50.9,50.9,220,222
2022-08-22 00:16:00,50.3,50.3,219,221
2022-08-22 00:18:00,50.4,50.4,219,222
2022-08-22 00:20:00,50.2,50.3,221,223
2022-08-22 00:22:00,50.3,50.3,219,221
2022-08-22 00:24:00,50.3,50.4,219,221
2022-08-22 00:26:00,50.3,50.3,220,223
2022-08-22 00:28:00,50.3,50.4,220,221
2022-08-22 00:30:00,50.4,50.4,219,222
2022-08-22 00:32:00,50.1,50.1,219,221
2022-08-22 00:34:00,50.4,50.4,221,223
2022-08-22 00:36:00,50.5,50.5,219,222
2022-08-22 00:38:00,50.4,50.4,219,222
2022-08-22 00:40:00,50.3,50.3,221,223
2022-08-22 00:42:00,50.4,50.5,221,223
2022-08-22 00:44:00,50.3,50.3,219,221
2022-08-22 00:46:00,50.3,50.3,219,222
2022-08-22 00:48:00,50.3,50.3,221,223
2022-08-22 00:50:00,50.4,50.4,222,223
2022-08-22 00:52:00,50.5,50.5,220,223
2022-08-22 00:54:00,50.4,50.4,221,223
2022-08-22 00:56:00,50.4,50.3,223,224
2022-08-22 00:58:00,50.4,50.5,220,223
2022-08-22 01:00:00,50.4,50.3,220,223
2022-08-22 01:02:00,50.4,50.3,222,223
2022-08-22 01:04:00,50.4,50.3,221,223
2022-08-22 01:06:00,50.4,50.4,219,222
2022-08-22 01:08:00,50.4,50.4,221,223
2022-08-22 01:10:00,50.4,50.4,221,223
2022-08-22 01:12:00,50.2,50.2,220,223
2022-08-22 01:14:00,50.4,50.4,221,223
2022-08-22 01:16:00,50.5,50.4,222,224
2022-08-22 01:18:00,50.4,50.3,222,224
2022-08-22 01:20:00,50.5,50.5,221,223
2022-08-22 01:22:00,50.3,50.3,223,225
2022-08-22 01:24:00,50.5,50.5,223,225
2022-08-22 01:26:00,50.4,50.4,221,223
2022-08-22 01:28:00,50.5,50.5,221,224
2022-08-22 01:30:00,50.4,50.4,223,224
2022-08-22 01:32:00,50.3,50.3,222,224
2022-08-22 01:34:00,50.4,50.4,221,223
2022-08-22 01:36:00,50.4,50.4,223,225
2022-08-22 01:38:00,50.4,50.5,223,225
2022-08-22 01:40:00,50.5,50.6,222,225
2022-08-22 01:42:00,50.4,50.4,223,225
2022-08-22 01:44:00,50.3,50.4,224,226
2022-08-22 01:46:00,50.5,50.5,223,226
2022-08-22 01:48:00,50.4,50.3,221,224
2022-08-22 01:50:00,50.5,50.5,223,225
2022-08-22 01:52:00,50.2,50.2,223,226
2022-08-22 01:54:00,50.4,50.4,223,225
2022-08-22 01:56:00,50.4,50.4,223,226
2022-08-22 01:58:00,50.5,50.5,224,226
2022-08-22 02:00:00,50.3,50.4,222,224
2022-08-22 02:02:00,50.4,50.4,221,223
2022-08-22 02:04:00,50.5,50.5,221,223
2022-08-22 02:06:00,50.5,50.5,223,226
2022-08-22 02:08:00,50.3,50.4,221,223
2022-08-22 02:10:00,50.4,50.4,215,221
2022-08-22 02:12:00,50.4,50.3,222,224
2022-08-22 02:14:00,50.5,50.5,223,225
2022-08-22 02:16:00,50.2,50.2,221,223
2022-08-22 02:18:00,50.4,50.4,221,223
2022-08-22 02:20:00,50.5,50.4,223,225
2022-08-22 02:22:00,50.5,50.5,222,224
2022-08-22 02:24:00,50.3,50.3,222,225
2022-08-22 02:26:00,50.4,50.4,224,226
2022-08-22 02:28:00,50.5,50.4,224,226
2022-08-22 02:30:00,50.3,50.4,221,223
2022-08-22 02:32:00,50.5,50.4,221,223
2022-08-22 02:34:00,50.4,50.3,223,224
2022-08-22 02:36:00,50.3,50.4,221,224
2022-08-22 02:38:00,50.3,50.3,222,224
2022-08-22 02:40:00,50.4,50.3,224,226
2022-08-22 02:42:00,50.5,50.5,223,226
2022-08-22 02:44:00,50.3,50.3,222,224
2022-08-22 02:46:00,50.5,50.4,222,224
2022-08-22 02:48:00,50.4,50.4,223,225
2022-08-22 02:50:00,50.5,50.5,221,224
2022-08-22 02:52:00,50.5,50.4,222,225
2022-08-22 02:54:00,50.4,50.4,223,225
2022-08-22 02:56:00,50.3,50.3,223,225
2022-08-22 02:58:00,50.4,50.4,222,224
2022-08-22 03:00:00,50.4,50.5,222,225
2022-08-22 03:02:00,50.2,50.2,223,225
2022-08-22 03:04:00,50.4,50.4,223,225
2022-08-22 03:06:00,50.5,50.4,221,224
2022-08-22 03:08:00,50.4,50.4,223,225
2022-08-22 03:10:00,50.4,50.4,223,226
2022-08-22 03:12:00,50.4,50.4,221,224
2022-08-22 03:14:00,50.5,50.4,221,224
2022-08-22 03:16:00,50.2,50.2,223,225
2022-08-22 03:18:00,50.7,50.7,223,226
2022-08-22 03:20:00,50.4,50.5,222,224
2022-08-22 03:22:00,50.4,50.4,223,224
2022-08-22 03:24:00,50.3,50.3,223,225
2022-08-22 03:26:00,50.3,50.3,222,225
2022-08-22 03:28:00,50.3,50.3,221,223
2022-08-22 03:30:00,50.4,50.4,223,224
2022-08-22 03:32:00,50.3,50.4,222,224
2022-08-22 03:34:00,50.5,50.5,221,223
2022-08-22 03:36:00,50.3,50.3,222,224
2022-08-22 03:38:00,50.3,50.3,223,224
2022-08-22 03:40:00,50.3,50.4,221,223
2022-08-22 03:42:00,50.4,50.5,221,224
2022-08-22 03:44:00,50.3,50.2,223,225
2022-08-22 03:46:00,50.4,50.4,223,226
2022-08-22 03:48:00,50.3,50.3,221,223
2022-08-22 03:50:00,50.5,50.5,223,224
2022-08-22 03:52:00,50.3,50.2,222,224
2022-08-22 03:54:00,50.3,50.3,220,223
2022-08-22 03:56:00,50.5,50.4,222,225
2022-08-22 03:58:00,50.3,50.3,223,225
2022-08-22 04:00:00,50.5,50.5,223,225
2022-08-22 04:02:00,50.3,50.3,221,224
2022-08-22 04:04:00,50.4,50.4,222,224
2022-08-22 04:06:00,50.4,50.4,222,224
2022-08-22 04:08:00,50.3,50.3,220,223
2022-08-22 04:10:00,50.4,50.3,219,222
2022-08-22 04:12:00,50.5,50.5,222,224
2022-08-22 04:14:00,50.3,50.4,222,224
2022-08-22 04:16:00,50.4,50.4,221,223
2022-08-22 04:18:00,50.4,50.4,223,225
2022-08-22 04:20:00,50.3,50.3,223,225
2022-08-22 04:22:00,50.4,50.3,221,224
2022-08-22 04:24:00,50.4,50.4,221,223
2022-08-22 04:26:00,50.3,50.4,223,224
2022-08-22 04:28:00,50.5,50.4,223,225
2022-08-22 04:30:00,50.5,50.4,221,223
2022-08-22 04:32:00,50.2,50.3,223,224
2022-08-22 04:34:00,50.2,50.2,222,224
2022-08-22 04:36:00,50.4,50.4,222,225
2022-08-22 04:38:00,50.4,50.5,222,225
2022-08-22 04:40:00,50.3,50.3,223,225
2022-08-22 04:42:00,50.5,50.4,223,226
2022-08-22 04:44:00,50.3,50.3,222,225
2022-08-22 04:46:00,50.3,50.3,224,226
2022-08-22 04:48:00,50.3,50.3,224,226
2022-08-22 04:50:00,50.3,50.3,222,225
2022-08-22 04:52:00,50.4,50.3,222,225
2022-08-22 04:54:00,50.4,50.3,222,224
2022-08-22 04:56:00,50.3,50.3,223,225
2022-08-22 04:58:00,50.3,50.3,221,224
2022-08-22 05:00:00,50.3,50.3,223,226
2022-08-22 05:02:00,50.2,50.3,224,226
2022-08-22 05:04:00,50.4,50.4,223,225
2022-08-22 05:06:00,50.4,50.3,223,225
2022-08-22 05:08:00,50.4,50.4,223,226
2022-08-22 05:10:00,50.3,50.3,223,225
2022-08-22 05:12:00,50.4,50.4,221,224
2022-08-22 05:14:00,50.4,50.4,223,224
2022-08-22 05:16:00,50.3,50.3,223,225
2022-08-22 05:18:00,50.6,50.5,222,224
2022-08-22 05:20:00,50.2,50.3,221,224
2022-08-22 05:22:00,50.3,50.3,223,225
2022-08-22 05:24:00,50.2,50.3,223,225
2022-08-22 05:26:00,50.2,50.2,221,223
2022-08-22 05:28:00,50.3,50.3,221,223
2022-08-22 05:30:00,50.5,50.5,223,225
2022-08-22 05:32:00,50.3,50.2,223,226
2022-08-22 05:34:00,50.3,50.3,223,226
2022-08-22 05:36:00,50.3,50.3,225,227
2022-08-22 05:38:00,50.3,50.3,225,227
2022-08-22 05:40:00,50.2,50.3,216,221
2022-08-22 05:42:00,50.3,50.3,216,221
2022-08-22 05:44:00,50.3,50.3,218,223
2022-08-22 05:46:00,50.2,50.3,216,221
2022-08-22 05:48:00,50.3,50.4,223,225
2022-08-22 05:50:00,50.2,50.2,224,226
2022-08-22 05:52:00,50.3,50.3,221,222
2022-08-22 05:54:00,50.4,50.4,219,221
2022-08-22 05:56:00,50.3,50.3,222,225
2022-08-22 05:58:00,50.4,50.4,223,224
2022-08-22 06:00:00,50.4,50.4,220,223
2022-08-22 06:02:00,50.3,50.3,221,224
2022-08-22 06:04:00,50.5,50.5,221,223
2022-08-22 06:06:00,50.2,50.2,225,226
2022-08-22 06:08:00,50.2,50.1,221,224
2022-08-22 06:10:00,50.1,50.1,220,222
2022-08-22 06:12:00,50.0,50.1,220,222
2022-08-22 06:14:00,50.3,50.3,220,223
2022-08-22 06:16:00,50.3,50.2,217,219
2022-08-22 06:18:00,50.4,50.4,217,219
2022-08-22 06:20:00,50.1,50.1,216,218
2022-08-22 06:22:00,50.0,50.0,214,216
2022-08-22 06:24:00,50.2,50.2,216,219
2022-08-22 06:26:00,50.3,50.3,214,217
2022-08-22 06:28:00,50.4,50.4,214,217
2022-08-22 06:30:00,50.1,50.2,211,215
2022-08-22 06:32:00,50.3,50.3,216,219
2022-08-22 06:34:00,50.1,50.1,210,216
2022-08-22 06:36:00,50.3,50.4,204,214
2022-08-22 06:38:00,50.4,50.3,201,210
2022-08-22 06:40:00,50.2,50.2,204,212
2022-08-22 06:42:00,50.3,50.4,201,210
2022-08-22 06:44:00,50.1,50.1,205,211
2022-08-22 06:46:00,50.2,50.2,213,216
2022-08-22 06:48:00,50.3,50.3,214,216
2022-08-22 06:50:00,50.4,50.3,214,217
2022-08-22 06:52:00,50.1,50.1,213,216
2022-08-22 06:54:00,50.1,50.1,215,218
2022-08-22 06:56:00,50.2,50.2,209,213
2022-08-22 06:58:00,50.2,50.2,209,212
2022-08-22 07:00:00,50.2,50.2,207,209
2022-08-22 07:02:00,50.3,50.3,206,209
2022-08-22 07:04:00,50.4,50.3,207,210
2022-08-22 07:06:00,50.0,50.0,205,208
2022-08-22 07:08:00,50.4,50.4,209,211
2022-08-22 07:10:00,50.3,50.3,210,213
2022-08-22 07:12:00,50.2,50.2,208,211
2022-08-22 07:14:00,50.2,50.2,204,207
2022-08-22 07:16:00,50.3,50.3,209,211
2022-08-22 07:18:00,50.0,50.1,204,207
2022-08-22 07:20:00,50.3,50.4,207,210
2022-08-22 07:22:00,50.2,50.2,209,211
2022-08-22 07:24:00,50.1,50.1,209,211
2022-08-22 07:26:00,50.1,50.1,209,213
2022-08-22 07:28:00,49.9,50.0,209,211
2022-08-22 07:30:00,50.0,50.0,211,213
2022-08-22 07:32:00,50.1,50.1,213,215
2022-08-22 07:34:00,50.3,50.2,208,211
2022-08-22 07:36:00,50.0,50.1,209,211
2022-08-22 07:38:00,50.0,50.0,206,208
2022-08-22 07:40:00,50.0,50.1,206,209
2022-08-22 07:42:00,50.1,50.1,207,209
2022-08-22 07:44:00,50.0,50.0,204,207
2022-08-22 07:46:00,49.9,50.0,204,206
2022-08-22 07:48:00,49.8,49.8,199,202
2022-08-22 07:50:00,50.2,50.2,205,207
2022-08-22 07:52:00,50.0,50.0,200,202
2022-08-22 07:54:00,50.0,50.0,201,203
2022-08-22 07:56:00,50.0,50.0,199,202
2022-08-22 07:58:00,50.1,50.1,201,203
2022-08-22 08:00:00,50.0,49.9,205,207
2022-08-22 08:02:00,49.9,49.9,202,205
2022-08-22 08:04:00,50.1,50.1,202,205
2022-08-22 08:06:00,50.0,50.0,204,206
2022-08-22 08:08:00,50.4,50.3,196,202
2022-08-22 08:10:00,50.0,50,197,202
2022-08-22 08:12:00,49.9,49.9,197,202
2022-08-22 08:14:00,50.2,50.2,205,207
2022-08-22 08:16:00,50.0,50.1,203,207
2022-08-22 08:18:00,50,50.0,202,205
2022-08-22 08:20:00,50.0,49.9,202,204
2022-08-22 08:22:00,50.2,50.1,201,203
2022-08-22 08:24:00,50.1,50.1,192,196
2022-08-22 08:26:00,50.1,50.1,198,199
2022-08-22 08:28:00,50.1,50.1,196,198
2022-08-22 08:30:00,50.2,50.2,194,197
2022-08-22 08:32:00,49.8,49.9,192,195
2022-08-22 08:34:00,50.0,50.0,195,197
2022-08-22 08:36:00,50.2,50.2,194,197
2022-08-22 08:38:00,50.1,50.1,186,189
2022-08-22 08:40:00,50.2,50.2,186,190
2022-08-22 08:42:00,50.4,50.3,194,197
2022-08-22 08:44:00,50.3,50.3,194,197
2022-08-22 08:46:00,50.4,50.4,190,193
2022-08-22 08:48:00,49.9,50.2,192,194
2022-08-22 08:50:00,50.6,50.7,194,197
2022-08-22 08:52:00,50.7,50.7,187,192
2022-08-22 08:54:00,50.3,50.2,188,194
2022-08-22 08:56:00,50.3,50.3,186,192
2022-08-22 08:58:00,50.3,50.3,189,194
2022-08-22 09:00:00,50.3,50.3,187,192
2022-08-22 09:02:00,50.2,50.3,187,192
2022-08-22 09:04:00,50.2,50.1,188,193
2022-08-22 09:06:00,50.1,50.1,185,190
2022-08-22 09:08:00,50.5,50.6,186,192
2022-08-22 09:10:00,50.3,50.4,195,197
2022-08-22 09:12:00,50.1,50.1,192,194
2022-08-22 09:14:00,49.9,49.9,193,197
2022-08-22 09:16:00,50.0,50.0,196,198
2022-08-22 09:18:00,50.2,50.2,194,196
2022-08-22 09:20:00,50.1,50.1,190,194
2022-08-22 09:22:00,50.4,50.5,188,192
2022-08-22 09:24:00,50.0,50.0,190,193
2022-08-22 09:26:00,50.2,50.2,192,194
2022-08-22 09:28:00,50.2,50.2,190,194
2022-08-22 09:30:00,50.2,50.1,194,197
2022-08-22 09:32:00,50.1,50.1,194,196
2022-08-22 09:34:00,50.2,50.2,192,196
2022-08-22 09:36:00,50.3,50.2,194,197
2022-08-22 09:38:00,49.9,49.9,197,200
2022-08-22 09:40:00,50,50.0,195,199
2022-08-22 09:42:00,50.4,50.5,195,198
2022-08-22 09:44:00,50.2,50.3,197,201
2022-08-22 09:46:00,50.1,50.1,195,198
2022-08-22 09:48:00,50.4,50.3,194,197
2022-08-22 09:50:00,50.1,50.1,185,188
2022-08-22 09:52:00,50.2,50.3,193,196
2022-08-22 09:54:00,50.3,50.3,193,196
2022-08-22 09:56:00,50.2,50.1,186,189
2022-08-22 09:58:00,50.0,50.0,186,190
2022-08-22 10:00:00,50.1,50.1,192,194
2022-08-22 10:02:00,50.2,50.2,192,194
2022-08-22 10:04:00,50.3,50.2,191,194
2022-08-22 10:06:00,49.9,49.9,193,196
2022-08-22 10:08:00,50.2,50.2,194,197
2022-08-22 10:10:00,49.9,50.0,192,195
2022-08-22 10:12:00,50.2,50.3,187,191
2022-08-22 10:14:00,50.0,50.0,190,192
2022-08-22 10:16:00,50.1,50.1,190,193
2022-08-22 10:18:00,50.3,50.3,185,189
2022-08-22 10:20:00,50.1,50.1,182,188
2022-08-22 10:22:00,50.2,50.2,183,189
2022-08-22 10:24:00,50.2,50.1,185,190
2022-08-22 10:26:00,50.2,50.2,181,188
2022-08-22 10:28:00,50.1,50.2,182,189
2022-08-22 10:30:00,49.9,49.9,180,186
2022-08-22 10:32:00,50.2,50.2,177,182
2022-08-22 10:34:00,50.0,50.0,182,186
2022-08-22 10:36:00,50.2,50.2,187,190
2022-08-22 10:38:00,50.3,50.3,187,190
2022-08-22 10:40:00,49.9,50.0,186,190
2022-08-22 10:42:00,50.1,50.1,182,187
2022-08-22 10:44:00,50.3,50.2,185,188
2022-08-22 10:46:00,49.9,50.0,184,189
2022-08-22 10:48:00,50.2,50.1,182,187
2022-08-22 10:50:00,50.2,50.1,182,186
2022-08-22 10:52:00,50.0,50.0,185,190
2022-08-22 10:54:00,50.2,50.2,184,187
2022-08-22 10:56:00,50.2,50.2,183,187
2022-08-22 10:58:00,50.2,50.2,185,187
2022-08-22 11:00:00,50.2,50.3,182,187
2022-08-22 11:02:00,50.2,50.2,180,185
2022-08-22 11:04:00,50,50.0,182,186
2022-08-22 11:06:00,50.1,50.2,182,186
2022-08-22 11:08:00,50.1,50.1,184,188
2022-08-22 11:10:00,50.1,50.2,182,187
2022-08-22 11:12:00,50.0,50,184,187
2022-08-22 11:14:00,50.1,50.1,185,187
2022-08-22 11:16:00,50.0,49.9,181,185
2022-08-22 11:18:00,50.2,50.2,180,184
2022-08-22 11:20:00,49.9,49.9,180,184
2022-08-22 11:22:00,50.1,50.1,180,185
2022-08-22 11:24:00,49.8,49.8,178,182
2022-08-22 11:26:00,50.2,50.2,178,181
2022-08-22 11:28:00,50.0,50.0,182,186
2022-08-22 11:30:00,50.2,50.3,182,185
2022-08-22 11:32:00,50.1,50.1,178,182
2022-08-22 11:34:00,50.3,50.3,180,183
2022-08-22 11:36:00,50.1,50.1,180,183
2022-08-22 11:38:00,50.1,50.1,178,182
2022-08-22 11:40:00,50.0,50.0,181,181
2022-08-22 11:42:00,50.1,50.2,182,186
2022-08-22 11:44:00,50.3,50.2,180,183
2022-08-22 11:46:00,50.1,50.1,179,183
2022-08-22 11:48:00,49.9,49.9,181,185
2022-08-22 11:50:00,49.8,49.9,179,182
2022-08-22 11:52:00,50.3,50.3,183,187
2022-08-22 11:54:00,50.2,50.2,186,190
2022-08-22 11:56:00,50.0,50.0,187,191
2022-08-22 11:58:00,50.1,50.1,186,190
2022-08-22 12:00:00,50.6,50.6,187,192
2022-08-22 12:02:00,50.1,50.1,186,190
2022-08-22 12:04:00,50.1,50.2,182,186
2022-08-22 12:06:00,50.1,50.0,178,183
2022-08-22 12:08:00,50.1,50.1,185,189
2022-08-22 12:10:00,50.4,50.4,185,190
2022-08-22 12:12:00,50.3,50.3,186,190
2022-08-22 12:14:00,50.1,50.1,182,187
2022-08-22 12:16:00,50.1,50.0,184,187
2022-08-22 12:18:00,50.8,50.8,199,202
2022-08-22 12:20:00,50.7,50.7,201,205
2022-08-22 12:22:00,50.5,50.6,204,209
2022-08-22 12:24:00,51.0,51.0,202,206
2022-08-22 12:26:00,50.6,50.6,199,203
2022-08-22 12:28:00,50.9,50.9,198,202
2022-08-22 12:30:00,51.0,51.0,197,202
2022-08-22 12:32:00,50.9,50.9,202,205
2022-08-22 12:34:00,50.5,50.5,203,207
2022-08-22 12:36:00,50.8,50.7,202,207
2022-08-22 12:38:00,50.8,50.8,202,205
2022-08-22 12:40:00,50.3,50.3,200,204
2022-08-22 12:42:00,50.7,50.6,200,204
2022-08-22 12:44:00,50.7,50.7,195,199
2022-08-22 12:46:00,50.7,50.7,197,200
2022-08-22 12:48:00,50.6,,193,
2022-08-22 12:50:00,50.5,50.5,197,202
2022-08-22 12:52:00,50.8,50.8,195,199
2022-08-22 12:54:00,50.6,50.6,197,200
2022-08-22 12:56:00,50.7,50.6,193,198
2022-08-22 12:58:00,50.6,50.5,194,199
2022-08-22 13:00:00,50.7,50.6,195,199
2022-08-22 13:02:00,50.7,50.8,193,201
2022-08-22 13:04:00,50.6,50.5,195,199
2022-08-22 13:06:00,50.6,50.5,196,200
2022-08-22 13:08:00,50.4,50.5,197,201
2022-08-22 13:10:00,50.6,50.7,202,206
2022-08-22 13:12:00,50.7,50.7,197,201
2022-08-22 13:14:00,50.7,50.7,200,203
2022-08-22 13:16:00,50.8,50.9,200,204
2022-08-22 13:18:00,50.4,50.3,201,205
2022-08-22 13:20:00,50.5,50.5,197,201
2022-08-22 13:22:00,50.6,50.6,198,201
2022-08-22 13:24:00,50.4,50.4,199,202
2022-08-22 13:26:00,50.9,50.9,192,195
2022-08-22 13:28:00,50.6,50.7,197,201
2022-08-22 13:30:00,50.5,50.5,194,197
2022-08-22 13:32:00,50.6,50.5,195,199
2022-08-22 13:34:00,50.7,50.6,197,202
2022-08-22 13:36:00,50.8,50.9,196,199
2022-08-22 13:38:00,50.4,50.4,197,200
2022-08-22 13:40:00,50.7,50.8,192,195
2022-08-22 13:42:00,50.4,50.4,199,203
2022-08-22 13:44:00,50.5,50.6,201,204
2022-08-22 13:46:00,50.6,50.7,199,203
2022-08-22 13:48:00,50.5,50.5,196,200
2022-08-22 13:50:00,50.8,50.7,197,200
2022-08-22 13:52:00,50.5,50.5,202,206
2022-08-22 13:54:00,50.7,50.7,197,199
2022-08-22 13:56:00,50.4,50.4,199,202
2022-08-22 13:58:00,50.6,50.6,199,203
2022-08-22 14:00:00,50.7,50.8,200,204
2022-08-22 14:02:00,50.9,50.9,197,201
2022-08-22 14:04:00,50.4,50.4,199,203
2022-08-22 14:06:00,50.6,50.6,202,206
2022-08-22 14:08:00,50.7,50.6,201,204
2022-08-22 14:10:00,50.7,50.7,199,204
2022-08-22 14:12:00,50.7,50.7,201,204
2022-08-22 14:14:00,50.6,50.6,199,203
2022-08-22 14:16:00,50.8,50.8,194,199
2022-08-22 14:18:00,50.7,50.6,198,202
2022-08-22 14:20:00,50.7,50.7,197,201
2022-08-22 14:22:00,50.3,50.3,192,197
2022-08-22 14:24:00,50.8,50.8,190,194
2022-08-22 14:26:00,50.5,50.5,197,200
2022-08-22 14:28:00,50.7,50.7,202,205
2022-08-22 14:30:00,50.8,50.8,202,207
2022-08-22 14:32:00,50.5,50.5,200,205
2022-08-22 14:34:00,50.5,50.6,203,207
2022-08-22 14:36:00,50.5,50.5,201,205
2022-08-22 14:38:00,50.5,50.5,195,199
2022-08-22 14:40:00,50.5,50.5,195,199
2022-08-22 14:42:00,50.7,50.7,200,204
2022-08-22 14:44:00,50.8,50.8,199,203
2022-08-22 14:46:00,50.4,50.4,199,203
2022-08-22 14:48:00,50.6,50.6,198,202
2022-08-22 14:50:00,50.7,50.8,200,204
2022-08-22 14:52:00,50.7,50.6,202,207
2022-08-22 14:54:00,50.9,50.8,203,206
2022-08-22 14:56:00,50.7,50.7,201,205
2022-08-22 14:58:00,50.5,50.5,193,199
2022-08-22 15:00:00,50.5,50.6,199,203
2022-08-22 15:02:00,50.5,50.5,200,204
2022-08-22 15:04:00,50.7,50.7,199,203
2022-08-22 15:06:00,50.7,50.7,197,202
2022-08-22 15:08:00,50.8,50.8,199,205
2022-08-22 15:10:00,50.6,50.6,199,203
2022-08-22 15:12:00,50.8,50.9,202,207
2022-08-22 15:14:00,50.5,50.5,201,207
2022-08-22 15:16:00,50.6,50.7,207,209
2022-08-22 15:18:00,50.6,50.7,203,207
2022-08-22 15:20:00,50.8,50.7,199,202
2022-08-22 15:22:00,50.5,50.5,197,201
2022-08-22 15:24:00,50.6,50.7,197,200
2022-08-22 15:26:00,50.8,50.8,199,204
2022-08-22 15:28:00,50.6,50.6,193,198
2022-08-22 15:30:00,50.7,50.7,200,204
2022-08-22 15:32:00,50.6,50.6,199,202
2022-08-22 15:34:00,50.6,50.6,203,207
2022-08-22 15:36:00,50.7,50.6,200,204
2022-08-22 15:38:00,50.6,50.6,195,199
2022-08-22 15:40:00,50.5,50.5,199,202
2022-08-22 15:42:00,50.6,50.6,201,205
2022-08-22 15:44:00,50.7,50.7,201,204
2022-08-22 15:46:00,50.9,50.9,200,204
2022-08-22 15:48:00,50.7,50.7,200,204
2022-08-22 15:50:00,50.6,50.6,200,204
2022-08-22 15:52:00,50.7,50.7,200,204
2022-08-22 15:54:00,51.1,51.1,202,206
2022-08-22 15:56:00,50.8,50.8,202,207
2022-08-22 15:58:00,50.4,50.5,204,208
2022-08-22 16:00:00,50.7,50.7,202,205
2022-08-22 16:02:00,50.8,50.8,204,207
2022-08-22 16:04:00,50.8,50.8,205,209
2022-08-22 16:06:00,50.6,50.7,205,207
2022-08-22 16:08:00,50.7,50.7,202,206
2022-08-22 16:10:00,50.8,50.7,204,209
2022-08-22 16:12:00,50.6,50.6,203,205
2022-08-22 16:14:00,50.9,50.9,202,206
2022-08-22 16:16:00,50.6,50.7,199,203
2022-08-22 16:18:00,50.7,50.6,200,204
2022-08-22 16:20:00,50.8,50.9,201,204
2022-08-22 16:22:00,51.0,50.9,198,204
2022-08-22 16:24:00,50.6,50.7,194,201
2022-08-22 16:26:00,50.8,50.8,195,202
2022-08-22 16:28:00,50.4,50.3,201,207
2022-08-22 16:30:00,50.9,50.9,197,204
2022-08-22 16:32:00,50.4,50.4,196,202
2022-08-22 16:34:00,50.7,50.7,199,204
2022-08-22 16:36:00,50.9,50.9,199,202
2022-08-22 16:38:00,51.2,51.2,203,207
2022-08-22 16:40:00,50.1,50.1,196,199
2022-08-22 16:42:00,51.0,51.0,189,194
2022-08-22 16:44:00,50.9,50.9,190,197
2022-08-22 16:46:00,51.1,51.0,185,192
2022-08-22 16:48:00,51.0,51.0,184,190
2022-08-22 16:50:00,50.8,50.8,182,187
2022-08-22 16:52:00,51.1,51.1,182,189
2022-08-22 16:54:00,50.9,51.0,179,186
2022-08-22 16:56:00,51.1,51.0,192,195
2022-08-22 16:58:00,50.8,50.7,185,194
2022-08-22 17:00:00,51.1,51.1,187,190
2022-08-22 17:02:00,51.0,51.0,189,193
2022-08-22 17:04:00,50.9,50.9,191,194
2022-08-22 17:06:00,50.8,50.8,188,192
2022-08-22 17:08:00,50.8,50.9,187,192
2022-08-22 17:10:00,50.8,50.8,191,194
2022-08-22 17:12:00,51.0,50.9,192,194
2022-08-22 17:14:00,51.0,51.1,192,195
2022-08-22 17:16:00,50.8,50.8,190,193
2022-08-22 17:18:00,50.8,50.8,192,194
2022-08-22 17:20:00,50.9,50.8,192,194
2022-08-22 17:22:00,50.8,50.8,193,196
2022-08-22 17:24:00,51.1,51.1,194,197
2022-08-22 17:26:00,50.9,50.9,192,194
2022-08-22 17:28:00,51.2,51.2,192,194
2022-08-22 17:30:00,50.9,50.9,191,194
2022-08-22 17:32:00,50.8,50.8,190,192
2022-08-22 17:34:00,50.9,50.9,194,196
2022-08-22 17:36:00,50.8,50.8,192,195
2022-08-22 17:38:00,51.2,51.1,197,199
2022-08-22 17:40:00,50.7,50.7,199,201
2022-08-22 17:42:00,50.8,50.8,197,199
2022-08-22 17:44:00,50.8,50.8,197,199
2022-08-22 17:46:00,51.0,50.9,193,196
2022-08-22 17:48:00,50.8,50.8,195,197
2022-08-22 17:50:00,50.9,50.9,195,198
2022-08-22 17:52:00,50.7,50.7,194,197
2022-08-22 17:54:00,50.9,51.0,196,198
2022-08-22 17:56:00,51.0,51.0,194,197
2022-08-22 17:58:00,50.6,50.5,192,194
2022-08-22 18:00:00,50.6,50.6,191,193
2022-08-22 18:02:00,50.7,50.7,195,197
2022-08-22 18:04:00,50.9,50.9,194,196
2022-08-22 18:06:00,50.9,50.9,194,196
2022-08-22 18:08:00,50.9,50.9,192,195
2022-08-22 18:10:00,50.4,50.5,192,194
2022-08-22 18:12:00,50.9,50.9,190,193
2022-08-22 18:14:00,50.6,50.5,192,194
2022-08-22 18:16:00,50.7,50.8,193,195
2022-08-22 18:18:00,50.7,50.7,192,194
2022-08-22 18:20:00,50.6,50.6,189,192
2022-08-22 18:22:00,50.6,50.6,191,193
2022-08-22 18:24:00,50.8,50.9,191,193
2022-08-22 18:26:00,50.5,50.6,190,193
2022-08-22 18:28:00,50.5,50.5,188,191
2022-08-22 18:30:00,50.4,50.5,187,190
2022-08-22 18:32:00,50.5,50.4,188,191
2022-08-22 18:34:00,50.3,50.4,187,191
2022-08-22 18:36:00,50.6,50.6,188,191
2022-08-22 18:38:00,50.6,50.6,189,192
2022-08-22 18:40:00,50.7,50.7,189,192
2022-08-22 18:42:00,50.3,50.3,186,189
2022-08-22 18:44:00,50.6,50.6,182,185
2022-08-22 18:46:00,50.7,50.7,176,180
2022-08-22 18:48:00,50.1,50.2,180,182
2022-08-22 18:50:00,50.6,50.5,173,177
2022-08-22 18:52:00,50.7,50.7,174,178
2022-08-22 18:54:00,50.6,50.5,177,180
2022-08-22 18:56:00,50.5,50.5,180,182
2022-08-22 18:58:00,50.6,50.5,175,179
2022-08-22 19:00:00,50.8,50.8,173,177
2022-08-22 19:02:00,50.6,50.6,175,178
2022-08-22 19:04:00,50.4,50.4,173,177
2022-08-22 19:06:00,50.6,50.6,177,180
2022-08-22 19:08:00,50.5,50.5,180,182
2022-08-22 19:10:00,50.6,50.6,182,184
2022-08-22 19:12:00,50.7,50.8,181,184
2022-08-22 19:14:00,50.4,50.4,182,185
2022-08-22 19:16:00,50.7,50.5,185,185
2022-08-22 19:18:00,50.4,50.3,182,185
2022-08-22 19:20:00,50.8,50.8,175,178
2022-08-22 19:22:00,50.6,50.6,174,177
2022-08-22 19:24:00,50.7,50.7,175,177
2022-08-22 19:26:00,50.6,50.6,171,174
2022-08-22 19:28:00,50.9,50.9,180,183
2022-08-22 19:30:00,50.6,50.6,173,176
2022-08-22 19:32:00,50.7,50.6,175,178
2022-08-22 19:34:00,50.8,50.8,177,180
2022-08-22 19:36:00,50.7,50.6,179,182
2022-08-22 19:38:00,50.6,50.6,179,181
2022-08-22 19:40:00,50.6,50.6,175,178
2022-08-22 19:42:00,50.4,50.4,174,178
2022-08-22 19:44:00,50.6,50.6,176,178
2022-08-22 19:46:00,50.9,50.8,180,181
2022-08-22 19:48:00,50.5,50.5,178,181
2022-08-22 19:50:00,50.7,50.7,180,181
2022-08-22 19:52:00,50.7,50.7,179,181
2022-08-22 19:54:00,50.5,50.5,178,181
2022-08-22 19:56:00,50.6,50.6,178,180
2022-08-22 19:58:00,50.5,50.6,180,182
2022-08-22 20:00:00,50.5,50.5,178,180
2022-08-22 20:02:00,50.6,50.6,179,181
2022-08-22 20:04:00,50.6,50.6,178,179
2022-08-22 20:06:00,50.7,50.7,179,181
2022-08-22 20:08:00,50.7,50.7,177,180
2022-08-22 20:10:00,50.6,50.6,177,180
2022-08-22 20:12:00,50.7,50.7,179,181
2022-08-22 20:14:00,50.5,50.5,178,180
2022-08-22 20:16:00,50.5,50.5,173,175
2022-08-22 20:18:00,50.6,50.6,175,178
2022-08-22 20:20:00,50.7,50.8,179,181
2022-08-22 20:22:00,50.6,50.6,178,180
2022-08-22 20:24:00,50.5,50.4,178,180
2022-08-22 20:26:00,50.9,50.9,178,180
2022-08-22 20:28:00,50.6,50.7,180,181
2022-08-22 20:30:00,50.4,50.3,178,180
2022-08-22 20:32:00,50.9,50.9,178,180
2022-08-22 20:34:00,50.7,50.8,178,180
2022-08-22 20:36:00,50.7,50.7,174,177
2022-08-22 20:38:00,50.6,50.7,173,177
2022-08-22 20:40:00,50.7,50.7,175,178
2022-08-22 20:42:00,50.7,50.6,190,192
2022-08-22 20:44:00,50.8,50.8,173,176
2022-08-22 20:46:00,50.8,50.8,179,181
2022-08-22 20:48:00,50.8,50.8,175,179
2022-08-22 20:50:00,50.5,50.6,172,178
2022-08-22 20:52:00,51.0,51.0,173,178
2022-08-22 20:54:00,50.7,50.7,175,180
2022-08-22 20:56:00,50.8,50.9,182,184
2022-08-22 20:58:00,50.1,50.1,180,182
2022-08-22 21:00:00,50.7,50.7,185,186
2022-08-22 21:02:00,50.5,50.5,187,190
2022-08-22 21:04:00,50.5,50.5,186,189
2022-08-22 21:06:00,50.7,50.7,185,187
2022-08-22 21:08:00,50.6,50.6,186,189
2022-08-22 21:10:00,50.8,50.8,187,190
2022-08-22 21:12:00,50.8,50.8,186,189
2022-08-22 21:14:00,50.7,50.8,191,192
2022-08-22 21:16:00,50.9,50.9,191,193
2022-08-22 21:18:00,50.9,50.9,190,192
2022-08-22 21:20:00,50.7,50.7,187,190
2022-08-22 21:22:00,50.7,50.7,190,193
2022-08-22 21:24:00,50.9,50.9,192,194
2022-08-22 21:26:00,50.9,50.9,192,194
2022-08-22 21:28:00,50.8,50.9,194,196
2022-08-22 21:30:00,50.2,50.1,191,193
2022-08-22 21:32:00,50.6,50.7,192,192
2022-08-22 21:34:00,50.6,50.7,190,192
2022-08-22 21:36:00,50.6,50.6,187,190
2022-08-22 21:38:00,50.8,50.8,188,191
2022-08-22 21:40:00,50.8,50.8,191,193
2022-08-22 21:42:00,50.6,50.6,189,192
2022-08-22 21:44:00,50.7,50.7,192,194
2022-08-22 21:46:00,50.5,50.5,193,194
2022-08-22 21:48:00,50.7,50.8,193,194
2022-08-22 21:50:00,50.8,50.8,192,194
2022-08-22 21:52:00,51.2,51.2,195,197
2022-08-22 21:54:00,50.8,50.8,194,196
2022-08-22 21:56:00,50.9,50.9,193,195
2022-08-22 21:58:00,51.1,51.0,193,195
2022-08-22 22:00:00,50.9,50.9,193,195
2022-08-22 22:02:00,51.0,50.9,195,197
2022-08-22 22:04:00,51.0,51.0,194,197
2022-08-22 22:06:00,50.9,50.9,194,197
2022-08-22 22:08:00,51.0,51.0,197,199
2022-08-22 22:10:00,50.9,50.9,195,198
2022-08-22 22:12:00,51.1,51.1,195,197
2022-08-22 22:14:00,50.9,50.9,199,200
2022-08-22 22:16:00,50.9,50.9,201,202
2022-08-22 22:18:00,50.7,50.6,200,202
2022-08-22 22:20:00,51.0,50.9,202,204
2022-08-22 22:22:00,51.0,51.0,204,206
2022-08-22 22:24:00,51.2,51.2,203,205
2022-08-22 22:26:00,51.2,51.2,203,205
2022-08-22 22:28:00,51.1,51.1,205,207
2022-08-22 22:30:00,51.0,51.0,204,207
2022-08-22 22:32:00,51.0,51.0,204,206
2022-08-22 22:34:00,50.9,50.9,204,207
2022-08-22 22:36:00,51.0,51.0,205,207
2022-08-22 22:38:00,51.1,51.1,204,207
2022-08-22 22:40:00,51.0,51.0,206,208
2022-08-22 22:42:00,50.9,50.9,207,209
2022-08-22 22:44:00,51.1,51.1,208,209
2022-08-22 22:46:00,50.9,51.0,207,209
2022-08-22 22:48:00,51.0,51.1,209,211
2022-08-22 22:50:00,51.2,51.2,209,211
2022-08-22 22:52:00,51.2,51.1,209,211
2022-08-22 22:54:00,51.0,51.1,209,211
2022-08-22 22:56:00,50.8,50.9,210,211
2022-08-22 22:58:00,51.1,51.2,211,213
2022-08-22 23:00:00,51.2,51.3,209,211
2022-08-22 23:02:00,51.2,51.1,209,211
2022-08-22 23:04:00,50.9,50.9,209,211
2022-08-22 23:06:00,51.4,51.4,210,212
2022-08-22 23:08:00,51.0,51.0,209,211
2022-08-22 23:10:00,51.1,51.2,212,214
2022-08-22 23:12:00,51.2,51.2,211,214
2022-08-22 23:14:00,51.1,51.1,211,213
2022-08-22 23:16:00,51.2,51.2,213,215
2022-08-22 23:18:00,51.2,51.2,213,214
2022-08-22 23:20:00,51.1,51.1,211,214
2022-08-22 23:22:00,51.2,51.2,211,213
2022-08-22 23:24:00,51.2,51.2,213,214
2022-08-22 23:26:00,51.1,51.2,211,214
2022-08-22 23:28:00,51.1,51.1,213,215
2022-08-22 23:30:00,51.2,51.2,215,216
2022-08-22 23:32:00,51.0,51.0,214,216
2022-08-22 23:34:00,51.5,51.6,214,216
2022-08-22 23:36:00,51.2,51.2,214,216
2022-08-22 23:38:00,51.2,51.2,214,216
2022-08-22 23:40:00,51.2,51.2,213,216
2022-08-22 23:42:00,51.2,51.2,213,216
2022-08-22 23:44:00,51.2,51.2,214,216
2022-08-22 23:46:00,51.2,51.2,215,217
2022-08-22 23:48:00,51.3,51.3,214,216
2022-08-22 23:50:00,51.2,51.2,216,217
2022-08-22 23:52:00,51.5,51.5,216,217
2022-08-22 23:54:00,51.2,51.2,214,216
2022-08-22 23:56:00,51.1,51.2,214,216
2022-08-22 23:58:00,51.3,51.3,216,217
2022-08-23 00:00:00,51.3,51.3,216,219
2022-08-23 00:02:00,51.5,51.5,215,217
2022-08-23 00:04:00,51.2,51.1,217,219
2022-08-23 00:06:00,51.2,51.2,216,219
2022-08-23 00:08:00,51.3,51.3,215,217
2022-08-23 00:10:00,51.2,51.2,214,216
2022-08-23 00:12:00,51.4,51.4,217,219
2022-08-23 00:14:00,51.3,51.2,218,219
2022-08-23 00:16:00,51.2,51.1,216,219
2022-08-23 00:18:00,51.5,51.5,219,220
2022-08-23 00:20:00,51.0,51.1,217,219
2022-08-23 00:22:00,51.3,51.3,215,218
2022-08-23 00:24:00,51.1,51.2,214,218
2022-08-23 00:26:00,51.3,51.3,216,218
2022-08-23 00:28:00,51.2,51.2,214,217
2022-08-23 00:30:00,51.1,51.1,214,218
2022-08-23 00:32:00,51.4,51.3,216,219
2022-08-23 00:34:00,51.2,51.2,216,219
2022-08-23 00:36:00,51.2,51.2,214,219
2022-08-23 00:38:00,51.2,51.3,215,219
2022-08-23 00:40:00,51.4,51.4,218,220
2022-08-23 00:42:00,51.1,51.1,214,218
2022-08-23 00:44:00,51.4,51.4,215,219
2022-08-23 00:46:00,51.4,51.3,217,220
2022-08-23 00:48:00,51.4,51.4,218,221
2022-08-23 00:50:00,51.3,51.3,216,219
2022-08-23 00:52:00,51.3,51.3,218,220
2022-08-23 00:54:00,51.3,51.3,217,220
2022-08-23 00:56:00,51.4,51.4,217,220
2022-08-23 00:58:00,51.4,51.3,216,220
2022-08-23 01:00:00,51.2,51.2,217,220
2022-08-23 01:02:00,51.4,51.5,219,221
2022-08-23 01:04:00,51.2,51.2,216,220
2022-08-23 01:06:00,51.5,51.5,219,221
2022-08-23 01:08:00,51.4,51.3,218,221
2022-08-23 01:10:00,51.1,51.2,217,221
2022-08-23 01:12:00,51.2,51.3,216,219
2022-08-23 01:14:00,51.2,51.3,218,221
2022-08-23 01:16:00,51.3,51.3,219,221
2022-08-23 01:18:00,51.2,51.3,219,221
2022-08-23 01:20:00,51.3,51.3,220,222
2022-08-23 01:22:00,51.5,51.4,221,223
2022-08-23 01:24:00,51.2,51.2,218,221
2022-08-23 01:26:00,51.3,51.4,219,221
2022-08-23 01:28:00,51.3,51.3,219,221
2022-08-23 01:30:00,51.2,51.3,219,221
2022-08-23 01:32:00,51.3,51.4,218,221
2022-08-23 01:34:00,51.3,51.3,217,219
2022-08-23 01:36:00,51.3,51.3,220,221
2022-08-23 01:38:00,51.3,51.3,219,222
2022-08-23 01:40:00,51.2,51.2,219,222
2022-08-23 01:42:00,51.2,51.3,221,223
2022-08-23 01:44:00,51.3,51.3,219,221
2022-08-23 01:46:00,51.3,51.3,219,222
2022-08-23 01:48:00,51.2,51.2,220,222
2022-08-23 01:50:00,51.1,51.2,219,221
2022-08-23 01:52:00,51.2,51.3,219,221
2022-08-23 01:54:00,51.3,51.3,221,222
2022-08-23 01:56:00,51.3,51.3,220,221
2022-08-23 01:58:00,51.3,51.2,219,221
2022-08-23 02:00:00,51.3,51.4,219,221
2022-08-23 02:02:00,51.4,51.5,221,223
2022-08-23 02:04:00,51.2,51.2,221,223
2022-08-23 02:06:00,51.4,51.3,220,222
2022-08-23 02:08:00,51.3,51.3,221,222
2022-08-23 02:10:00,51.3,51.3,221,223
2022-08-23 02:12:00,51.3,51.3,219,221
2022-08-23 02:14:00,51.5,51.4,219,222
2022-08-23 02:16:00,51.2,51.3,220,221
2022-08-23 02:18:00,51.3,51.4,221,223
2022-08-23 02:20:00,51.3,51.3,219,222
2022-08-23 02:22:00,51.3,51.4,221,223
2022-08-23 02:24:00,51.1,51.2,221,223
2022-08-23 02:26:00,51.2,51.1,219,221
2022-08-23 02:28:00,51.4,51.4,219,222
2022-08-23 02:30:00,51.6,51.5,221,223
2022-08-23 02:32:00,51.4,51.4,220,223
2022-08-23 02:34:00,51.3,51.3,220,222
2022-08-23 02:36:00,51.4,51.4,221,223
2022-08-23 02:38:00,50.9,50.9,221,223
2022-08-23 02:40:00,51.3,51.3,219,222
2022-08-23 02:42:00,51.3,51.4,220,222
2022-08-23 02:44:00,51.4,51.3,222,224
2022-08-23 02:46:00,51.5,51.5,221,223
2022-08-23 02:48:00,51.3,51.3,221,223
2022-08-23 02:50:00,51.4,51.3,222,224
2022-08-23 02:52:00,51.3,51.3,222,224
2022-08-23 02:54:00,51.3,51.3,220,223
2022-08-23 02:56:00,51.6,51.5,223,224
2022-08-23 02:58:00,51.2,51.3,223,226
2022-08-23 03:00:00,51.4,51.4,222,225
2022-08-23 03:02:00,51.3,51.3,222,224
2022-08-23 03:04:00,51.4,51.4,223,225
2022-08-23 03:06:00,51.4,51.4,223,226
2022-08-23 03:08:00,51.3,51.3,222,225
2022-08-23 03:10:00,51.2,51.2,223,225
2022-08-23 03:12:00,51.5,51.4,223,224
2022-08-23 03:14:00,51.5,51.5,222,225
2022-08-23 03:16:00,51.3,51.2,221,224
2022-08-23 03:18:00,51.4,51.4,222,224
2022-08-23 03:20:00,51.3,51.3,222,224
2022-08-23 03:22:00,51.4,51.5,221,223
2022-08-23 03:24:00,51.3,51.3,222,224
2022-08-23 03:26:00,51.3,51.3,223,226
2022-08-23 03:28:00,51.4,51.4,222,225
2022-08-23 03:30:00,51.2,51.2,222,224
2022-08-23 03:32:00,51.4,51.4,223,226
2022-08-23 03:34:00,51.2,51.3,221,224
2022-08-23 03:36:00,51.4,51.3,221,223
2022-08-23 03:38:00,51.2,51.3,223,224
2022-08-23 03:40:00,51.4,51.3,223,226
2022-08-23 03:42:00,51.3,51.3,222,224
2022-08-23 03:44:00,51.3,51.3,222,224
2022-08-23 03:46:00,51.3,51.3,223,225
2022-08-23 03:48:00,51.4,51.3,221,223
2022-08-23 03:50:00,51.3,51.3,221,223
2022-08-23 03:52:00,51.3,51.3,223,225
2022-08-23 03:54:00,51.3,51.4,223,225
2022-08-23 03:56:00,51.2,51.2,221,224
2022-08-23 03:58:00,51.2,51.2,223,225
2022-08-23 04:00:00,51.4,51.4,223,226
2022-08-23 04:02:00,51.4,51.4,221,223
2022-08-23 04:04:00,51.3,51.3,222,224
2022-08-23 04:06:00,51.2,51.2,223,226
2022-08-23 04:08:00,51.3,51.3,224,226
2022-08-23 04:10:00,51.4,51.4,223,225
2022-08-23 04:12:00,51.4,51.3,223,225
2022-08-23 04:14:00,51.0,51.0,223,226
2022-08-23 04:16:00,51.3,51.3,221,224
2022-08-23 04:18:00,51.2,51.3,221,224
2022-08-23 04:20:00,51.3,51.2,223,226
2022-08-23 04:22:00,51.4,51.4,223,226
2022-08-23 04:24:00,51.3,51.3,223,226
2022-08-23 04:26:00,51.3,51.3,223,226
2022-08-23 04:28:00,51.3,51.3,224,226
2022-08-23 04:30:00,51.4,51.4,222,225
2022-08-23 04:32:00,51.2,51.2,223,226
2022-08-23 04:34:00,51.3,51.3,221,223
2022-08-23 04:36:00,51.3,51.3,223,226
2022-08-23 04:38:00,51.3,51.3,222,225
2022-08-23 04:40:00,51.4,51.5,223,225
2022-08-23 04:42:00,51.2,51.2,223,225
2022-08-23 04:44:00,51.3,51.3,221,223
2022-08-23 04:46:00,51.3,51.3,221,223
2022-08-23 04:48:00,51.4,51.3,223,225
2022-08-23 04:50:00,51.4,51.4,223,226
2022-08-23 04:52:00,51.3,51.3,222,225
2022-08-23 04:54:00,51.2,51.2,223,226
2022-08-23 04:56:00,51.2,51.3,223,226
2022-08-23 04:58:00,51.3,51.3,222,225
2022-08-23 05:00:00,51.5,51.6,221,224
2022-08-23 05:02:00,51.3,51.3,223,224
2022-08-23 05:04:00,51.2,51.2,221,223
2022-08-23 05:06:00,51.2,51.3,221,223
2022-08-23 05:08:00,51.3,51.2,223,225
2022-08-23 05:10:00,51.4,51.4,220,222
2022-08-23 05:12:00,51.1,51.1,218,220
2022-08-23 05:14:00,51.2,51.2,216,218
2022-08-23 05:16:00,51.2,51.2,222,224
2022-08-23 05:18:00,51.3,51.2,221,224
2022-08-23 05:20:00,51.3,51.2,221,223
2022-08-23 05:22:00,51.2,51.1,221,222
2022-08-23 05:24:00,51.3,51.2,221,222
2022-08-23 05:26:00,51.1,51.1,219,221
2022-08-23 05:28:00,51.2,51.2,220,222
2022-08-23 05:30:00,51.2,51.2,221,222
2022-08-23 05:32:00,51.3,51.2,218,221
2022-08-23 05:34:00,51.3,51.3,219,221
2022-08-23 05:36:00,51.2,51.2,222,223
2022-08-23 05:38:00,51.2,51.1,223,224
2022-08-23 05:40:00,51.2,51.2,220,223
2022-08-23 05:42:00,51.2,51.1,220,223
2022-08-23 05:44:00,51.2,51.2,221,222
2022-08-23 05:46:00,51.3,51.2,219,221
2022-08-23 05:48:00,51.5,51.5,219,222
2022-08-23 05:50:00,51.3,51.2,220,222
2022-08-23 05:52:00,51.1,51.1,219,221
2022-08-23 05:54:00,51.2,51.3,219,221
2022-08-23 05:56:00,51.4,51.4,220,222
2022-08-23 05:58:00,50.2,50.2,219,221
2022-08-23 06:00:00,50.4,50.4,218,221
2022-08-23 06:02:00,50.2,50.2,216,219
2022-08-23 06:04:00,50.3,50.2,218,219
2022-08-23 06:06:00,50.3,50.2,210,216
2022-08-23 06:08:00,50.2,50.2,207,213
2022-08-23 06:10:00,50.4,50.4,209,214
2022-08-23 06:12:00,50.2,50.2,211,216
2022-08-23 06:14:00,50.3,50.3,216,219
2022-08-23 06:16:00,50.1,50,213,216
2022-08-23 06:18:00,50.2,50.3,216,217
2022-08-23 06:20:00,50.4,50.3,216,219
2022-08-23 06:22:00,50.2,50.1,214,216
2022-08-23 06:24:00,50.0,50.0,215,217
2022-08-23 06:26:00,50.2,50.2,216,218
2022-08-23 06:28:00,50.0,50.0,213,216
2022-08-23 06:30:00,50.3,50.2,216,218
2022-08-23 06:32:00,50.5,50.5,215,217
2022-08-23 06:34:00,50.2,50.2,213,216
2022-08-23 06:36:00,50.0,50.0,212,215
2022-08-23 06:38:00,50.0,50.0,214,216
2022-08-23 06:40:00,50.4,50.4,218,219
2022-08-23 06:42:00,49.9,49.9,214,216
2022-08-23 06:44:00,50.1,50.1,214,216
2022-08-23 06:46:00,50.1,50.1,213,215
2022-08-23 06:48:00,50.0,50.1,211,214
2022-08-23 06:50:00,50.4,50.3,211,214
2022-08-23 06:52:00,50.4,50.4,209,211
2022-08-23 06:54:00,50.0,50.1,209,210
2022-08-23 06:56:00,50.3,50.3,204,207
2022-08-23 06:58:00,50.0,49.9,205,207
2022-08-23 07:00:00,50.2,50.2,207,209
2022-08-23 07:02:00,50.4,50.4,208,211
2022-08-23 07:04:00,50.2,50.2,207,210
2022-08-23 07:06:00,50.1,50.1,209,211
2022-08-23 07:08:00,50.2,50.2,210,212
2022-08-23 07:10:00,50.0,50.1,205,208
2022-08-23 07:12:00,50.1,50.1,204,207
2022-08-23 07:14:00,49.9,50.0,205,207
2022-08-23 07:16:00,50.0,50.0,204,207
2022-08-23 07:18:00,50.1,50.1,206,209
2022-08-23 07:20:00,50.1,50.1,205,207
2022-08-23 07:22:00,50.0,50.0,209,211
2022-08-23 07:24:00,50.1,50.2,203,208
2022-08-23 07:26:00,49.9,50.0,207,207
2022-08-23 07:28:00,50.1,50.1,207,209
2022-08-23 07:30:00,50.2,50.2,207,207
2022-08-23 07:32:00,50.3,50.3,204,207
2022-08-23 07:34:00,50.2,50.2,204,205
2022-08-23 07:36:00,50.4,50.3,204,205
2022-08-23 07:38:00,49.8,50.0,202,204
2022-08-23 07:40:00,50.1,50.2,197,202
2022-08-23 07:42:00,49.9,50.0,198,202
2022-08-23 07:44:00,50.4,50.5,202,197
2022-08-23 07:46:00,50.2,50.2,200,203
2022-08-23 07:48:00,50.1,50.1,205,207
2022-08-23 07:50:00,50.3,50.3,203,202
2022-08-23 07:52:00,50.1,49.9,202,204
2022-08-23 07:54:00,50.6,50.5,202,207
2022-08-23 07:56:00,50.3,50.3,202,202
2022-08-23 07:58:00,50.2,50.2,199,203
2022-08-23 08:00:00,50.0,50.0,193,199
2022-08-23 08:02:00,50.2,50.2,197,202
2022-08-23 08:04:00,50.1,50.2,196,199
2022-08-23 08:06:00,50.2,50.0,197,201
2022-08-23 08:08:00,50.1,50.0,197,199
2022-08-23 08:10:00,50.2,50.2,199,204
2022-08-23 08:12:00,49.9,49.9,197,202
2022-08-23 08:14:00,50.1,50.3,197,201
2022-08-23 08:16:00,50.0,50.2,194,196
2022-08-23 08:18:00,50.1,50.2,192,194
2022-08-23 08:20:00,50.3,50.1,185,189
2022-08-23 08:22:00,50.1,49.9,188,189
2022-08-23 08:24:00,50.1,50.4,193,194
2022-08-23 08:26:00,49.9,49.8,187,190
2022-08-23 08:28:00,50.3,50.3,186,190
2022-08-23 08:30:00,50.2,50.2,191,193
2022-08-23 08:32:00,50.1,50.0,189,190
2022-08-23 08:34:00,49.9,49.9,185,187
2022-08-23 08:36:00,50.2,50.3,191,194
2022-08-23 08:38:00,50.3,50.3,190,193
2022-08-23 08:40:00,50.0,50.0,187,192
2022-08-23 08:42:00,50.0,50.0,186,191
2022-08-23 08:44:00,50.0,49.9,184,187
2022-08-23 08:46:00,50.2,50.1,178,182
2022-08-23 08:48:00,49.9,49.9,179,183
2022-08-23 08:50:00,50.1,50.2,179,183
2022-08-23 08:52:00,50.1,50.1,181,184
2022-08-23 08:54:00,50.0,50.1,180,183
2022-08-23 08:56:00,50.1,50.2,182,186
2022-08-23 08:58:00,50.0,50.0,187,190
2022-08-23 09:00:00,49.9,49.9,182,185
2022-08-23 09:02:00,49.8,49.8,178,182
2022-08-23 09:04:00,50.0,50.1,178,182
2022-08-23 09:06:00,50.2,50.2,181,184
2022-08-23 09:08:00,49.9,49.9,177,181
2022-08-23 09:10:00,50.2,50.3,175,180
2022-08-23 09:12:00,50.1,50.1,171,175
2022-08-23 09:14:00,49.8,49.7,172,175
2022-08-23 09:16:00,49.9,49.9,178,183
2022-08-23 09:18:00,49.9,49.9,180,184
2022-08-23 09:20:00,50.4,50.4,182,185
2022-08-23 09:22:00,50.1,50.1,180,184
2022-08-23 09:24:00,50.0,50.0,180,184
2022-08-23 09:26:00,50.2,50.1,182,185
2022-08-23 09:28:00,49.9,49.9,174,177
2022-08-23 09:30:00,49.8,49.7,175,179
2022-08-23 09:32:00,50.2,50.2,176,180
2022-08-23 09:34:00,50.0,50.0,175,178
2022-08-23 09:36:00,49.8,49.9,175,179
2022-08-23 09:38:00,50.4,50.4,178,184
2022-08-23 09:40:00,49.9,49.8,178,185
2022-08-23 09:42:00,49.6,49.6,174,178
2022-08-23 09:44:00,49.7,49.7,172,176
2022-08-23 09:46:00,50.1,50.1,175,180
2022-08-23 09:48:00,49.7,49.7,175,178
2022-08-23 09:50:00,49.7,49.7,173,172
2022-08-23 09:52:00,50.0,50.0,170,170
2022-08-23 09:54:00,50.1,50.1,170,170
2022-08-23 09:56:00,49.8,49.8,175,173
2022-08-23 09:58:00,50.3,50.2,169,169
2022-08-23 10:00:00,49.7,49.7,168,168
2022-08-23 10:02:00,50.0,49.9,174,178
2022-08-23 10:04:00,50.1,50.0,176,179
2022-08-23 10:06:00,49.9,49.9,171,170
2022-08-23 10:08:00,50.0,50.0,169,170
2022-08-23 10:10:00,50.0,50.0,172,171
2022-08-23 10:12:00,49.9,49.8,165,165
2022-08-23 10:14:00,49.5,49.5,164,163
2022-08-23 10:16:00,49.8,49.9,164,164
2022-08-23 10:18:00,50.2,50.2,171,175
2022-08-23 10:20:00,49.9,49.9,166,166
2022-08-23 10:22:00,49.6,49.6,165,165
2022-08-23 10:24:00,49.8,49.7,170,169
2022-08-23 10:26:00,49.9,50.0,172,171
2022-08-23 10:28:00,49.8,49.8,164,167
2022-08-23 10:30:00,49.9,49.9,165,166
2022-08-23 10:32:00,49.8,49.7,158,158
2022-08-23 10:34:00,50.0,50.0,159,164
2022-08-23 10:36:00,50.0,49.9,172,176
2022-08-23 10:38:00,49.9,49.8,164,168
2022-08-23 10:40:00,49.7,49.7,175,178
2022-08-23 10:42:00,50.0,50.0,168,173
2022-08-23 10:44:00,49.9,49.8,170,174
2022-08-23 10:46:00,49.9,49.9,174,177
2022-08-23 10:48:00,49.7,49.7,164,170
2022-08-23 10:50:00,50.0,50.1,170,176
2022-08-23 10:52:00,50,50.0,170,175
2022-08-23 10:54:00,49.7,49.7,171,177
2022-08-23 10:56:00,50.0,50,175,178
2022-08-23 10:58:00,50.4,50.3,173,176
2022-08-23 11:00:00,50.1,50.1,175,178
2022-08-23 11:02:00,50.2,50.3,176,179
2022-08-23 11:04:00,50.4,50.4,174,178
2022-08-23 11:06:00,49.9,49.8,170,173
2022-08-23 11:08:00,50.3,50.3,172,175
2022-08-23 11:10:00,50,50.1,169,173
2022-08-23 11:12:00,50.1,50.1,169,174
2022-08-23 11:14:00,50.1,50.1,168,173
2022-08-23 11:16:00,49.8,49.9,169,173
2022-08-23 11:18:00,49.8,49.8,169,173
2022-08-23 11:20:00,49.7,49.7,170,174
2022-08-23 11:22:00,50.0,49.9,176,178
2022-08-23 11:24:00,50.1,50.1,177,181
2022-08-23 11:26:00,49.7,49.7,174,179
2022-08-23 11:28:00,50.2,50.2,176,180
2022-08-23 11:30:00,50.4,50.4,178,180
2022-08-23 11:32:00,50.4,50.4,174,177
2022-08-23 11:34:00,50.1,50.1,178,182
2022-08-23 11:36:00,50.1,50.0,173,177
2022-08-23 11:38:00,50.3,50.3,172,174
2022-08-23 11:40:00,50.1,50.1,175,180
2022-08-23 11:42:00,50.0,50.0,169,173
2022-08-23 11:44:00,50.1,50.2,173,176
2022-08-23 11:46:00,50.3,50.3,170,175
2022-08-23 11:48:00,50.4,50.3,172,175
2022-08-23 11:50:00,50.1,50.0,173,175
2022-08-23 11:52:00,50.2,50.1,170,173
2022-08-23 11:54:00,49.9,49.8,171,174
2022-08-23 11:56:00,50.3,50.2,164,172
2022-08-23 11:58:00,50.3,50.3,169,174
2022-08-23 12:00:00,50.4,50.4,173,177
2022-08-23 12:02:00,50.0,50.0,173,178
2022-08-23 12:04:00,50.0,50.0,175,178
2022-08-23 12:06:00,50.4,50.3,175,176
2022-08-23 12:08:00,49.9,50.0,170,175
2022-08-23 12:10:00,50.1,50.1,173,176
2022-08-23 12:12:00,50.1,50.1,173,175
2022-08-23 12:14:00,50.2,50.3,170,175
2022-08-23 12:16:00,50.2,50.2,172,175
2022-08-23 12:18:00,50.1,50.1,174,176
2022-08-23 12:20:00,49.9,50.0,178,180
2022-08-23 12:22:00,50.3,50.2,175,178
2022-08-23 12:24:00,50.3,50.3,174,178
2022-08-23 12:26:00,50.1,50.1,175,178
2022-08-23 12:28:00,50.2,50.1,171,176
2022-08-23 12:30:00,50.0,50.1,169,175
2022-08-23 12:32:00,50.2,50.2,175,178
2022-08-23 12:34:00,50.1,50.1,176,179
2022-08-23 12:36:00,49.9,49.9,173,176
2022-08-23 12:38:00,50.2,50.2,173,177
2022-08-23 12:40:00,50.3,50.3,175,178
2022-08-23 12:42:00,50.3,50.3,178,182
2022-08-23 12:44:00,49.8,49.9,180,185
2022-08-23 12:46:00,50.4,50.4,182,185
2022-08-23 12:48:00,50.2,50.2,180,182
2022-08-23 12:50:00,50.0,50.0,178,182
2022-08-23 12:52:00,50.1,50.2,180,182
2022-08-23 12:54:00,50.0,50.0,182,185
2022-08-23 12:56:00,50.2,50.2,184,187
2022-08-23 12:58:00,50.1,50.2,178,182
2022-08-23 13:00:00,50.3,50.2,182,185
2022-08-23 13:02:00,50.1,50.0,180,182
2022-08-23 13:04:00,50.0,50.0,176,180
2022-08-23 13:06:00,49.8,49.8,181,184
2022-08-23 13:08:00,50.1,50.1,180,182
2022-08-23 13:10:00,50.5,50.5,177,181
2022-08-23 13:12:00,50.1,50.1,173,177
2022-08-23 13:14:00,50.3,50.2,178,180
2022-08-23 13:16:00,50.5,50.4,175,178
2022-08-23 13:18:00,50.0,50.0,175,180
2022-08-23 13:20:00,50.3,50.3,175,178
2022-08-23 13:22:00,50.3,50.2,175,178
2022-08-23 13:24:00,50.5,50.5,175,180
2022-08-23 13:26:00,50.2,50.2,175,180
2022-08-23 13:28:00,50.2,50.3,175,178
2022-08-23 13:30:00,50.4,50.4,176,179
2022-08-23 13:32:00,50.1,50.1,172,176
2022-08-23 13:34:00,50.0,50.0,173,176
2022-08-23 13:36:00,50.0,50.0,170,173
2022-08-23 13:38:00,50.1,50.0,172,176
2022-08-23 13:40:00,50.1,50.1,173,178
2022-08-23 13:42:00,50.2,50.1,180,182
2022-08-23 13:44:00,50.1,50.1,182,185
2022-08-23 13:46:00,49.9,49.9,176,180
2022-08-23 13:48:00,50.1,50.1,175,179
2022-08-23 13:50:00,50.3,50.3,175,178
2022-08-23 13:52:00,50.1,50.1,178,181
2022-08-23 13:54:00,50.1,50.1,177,181
2022-08-23 13:56:00,50.4,50.4,178,181
2022-08-23 13:58:00,50.1,50.1,178,182
2022-08-23 14:00:00,50.5,50.4,178,182
2022-08-23 14:02:00,50.3,50.3,176,180
2022-08-23 14:04:00,50.2,50.2,180,184
2022-08-23 14:06:00,50.0,50.0,186,189
2022-08-23 14:08:00,50.1,50.2,179,182
2022-08-23 14:10:00,50.2,50.3,176,181
2022-08-23 14:12:00,50.1,50.1,180,183
2022-08-23 14:14:00,50.3,50.3,175,178
2022-08-23 14:16:00,50.2,50.2,178,182
2022-08-23 14:18:00,50.2,50.2,178,182
2022-08-23 14:20:00,49.9,49.9,173,176
2022-08-23 14:22:00,50.3,50.3,178,182
2022-08-23 14:24:00,50.4,50.4,182,185
2022-08-23 14:26:00,50.5,50.6,182,185
2022-08-23 14:28:00,50.3,50.2,175,180
2022-08-23 14:30:00,50.3,50.3,178,181
2022-08-23 14:32:00,50.4,50.4,180,183
2022-08-23 14:34:00,49.9,50.0,173,177
2022-08-23 14:36:00,50.3,50.3,173,177
2022-08-23 14:38:00,49.9,49.9,175,179
2022-08-23 14:40:00,50.2,50.1,181,184
2022-08-23 14:42:00,50.2,50.2,175,178
2022-08-23 14:44:00,50.2,50.3,170,175
2022-08-23 14:46:00,50.0,50.1,184,187
2022-08-23 14:48:00,50.0,50.0,185,187
2022-08-23 14:50:00,50.2,50.2,180,185
2022-08-23 14:52:00,49.9,49.9,183,187
2022-08-23 14:54:00,50.3,50.3,185,187
2022-08-23 14:56:00,50.3,50.3,180,183
2022-08-23 14:58:00,50.0,50.1,184,187
2022-08-23 15:00:00,50.2,50.1,183,187
2022-08-23 15:02:00,50.0,50.0,178,181
2022-08-23 15:04:00,49.9,50.0,180,184
2022-08-23 15:06:00,50.0,50.0,175,180
2022-08-23 15:08:00,49.9,49.9,180,184
2022-08-23 15:10:00,50,50.0,178,182
2022-08-23 15:12:00,50.1,50.1,178,182
2022-08-23 15:14:00,50.1,50.1,178,182
2022-08-23 15:16:00,50.2,50.2,184,187
2022-08-23 15:18:00,50.0,50.0,183,187
2022-08-23 15:20:00,50.4,50.4,183,187
2022-08-23 15:22:00,50.1,50.5,187,184
2022-08-23 15:24:00,50.2,50.1,184,187
2022-08-23 15:26:00,50.1,50,180,184
2022-08-23 15:28:00,50.2,50.3,178,182
2022-08-23 15:30:00,50.1,50.1,185,188
2022-08-23 15:32:00,50.3,50.3,181,185
2022-08-23 15:34:00,50.1,50.2,182,186
2022-08-23 15:36:00,50.2,50.3,187,190
2022-08-23 15:38:00,50.4,50.3,185,187
2022-08-23 15:40:00,50.1,50.1,182,187
2022-08-23 15:42:00,50.3,50.3,188,192
2022-08-23 15:44:00,50.0,50.0,188,192
2022-08-23 15:46:00,50.4,50.4,187,192
2022-08-23 15:48:00,50.1,50.1,189,192
2022-08-23 15:50:00,50.4,50.4,186,190
2022-08-23 15:52:00,50.1,50.2,187,191
2022-08-23 15:54:00,50.4,50.4,186,190
2022-08-23 15:56:00,50.4,50.3,189,193
2022-08-23 15:58:00,50.0,49.9,189,192
2022-08-23 16:00:00,50.0,50.2,188,192
2022-08-23 16:02:00,50.2,50.2,187,190
2022-08-23 16:04:00,50.2,50.2,173,178
2022-08-23 16:06:00,50.1,50.1,180,185
2022-08-23 16:08:00,50.2,50.3,179,185
2022-08-23 16:10:00,50.0,50.0,179,185
2022-08-23 16:12:00,50.3,50.3,176,184
2022-08-23 16:14:00,50.2,50.2,178,184
2022-08-23 16:16:00,49.9,50.0,172,176
2022-08-23 16:18:00,50.0,50.0,177,182
2022-08-23 16:20:00,50.3,50.4,180,186
2022-08-23 16:22:00,50.2,50.1,187,190
2022-08-23 16:24:00,50.2,50.2,183,187
2022-08-23 16:26:00,50.3,50.4,180,186
2022-08-23 16:28:00,50.0,49.9,178,182
2022-08-23 16:30:00,50,49.9,182,185
2022-08-23 16:32:00,50.3,50.2,182,185
2022-08-23 16:34:00,50.2,50.2,178,182
2022-08-23 16:36:00,50.4,50.3,183,185
2022-08-23 16:38:00,50.2,50.2,185,188
2022-08-23 16:40:00,50.0,50.0,180,184
2022-08-23 16:42:00,50.1,50.1,180,183
2022-08-23 16:44:00,50.4,50.4,179,182
2022-08-23 16:46:00,50.2,50.3,179,183
2022-08-23 16:48:00,50.4,50.4,179,184
2022-08-23 16:50:00,50.2,50.1,180,185
2022-08-23 16:52:00,50.3,50.3,182,186
2022-08-23 16:54:00,50.1,50.1,176,180
2022-08-23 16:56:00,50.2,50.3,184,187
2022-08-23 16:58:00,50.1,50.1,180,182
2022-08-23 17:00:00,50.2,50.1,180,187
2022-08-23 17:02:00,50.5,50.5,184,187
2022-08-23 17:04:00,49.9,49.9,178,182
2022-08-23 17:06:00,50.2,50.2,186,189
2022-08-23 17:08:00,50.4,50.4,180,182
2022-08-23 17:10:00,50.3,50.3,182,186
2022-08-23 17:12:00,50.3,50.3,190,191
2022-08-23 17:14:00,50.3,50.3,182,188
2022-08-23 17:16:00,50.5,50.5,187,190
2022-08-23 17:18:00,50.4,50.5,187,190
2022-08-23 17:20:00,50.2,50.2,190,192
2022-08-23 17:22:00,50.4,50.3,191,194
2022-08-23 17:24:00,50.3,50.2,188,192
2022-08-23 17:26:00,50.3,50.4,192,195
2022-08-23 17:28:00,50.2,50.2,190,194
2022-08-23 17:30:00,50.2,50.3,185,188
2022-08-23 17:32:00,50.1,50.1,189,192
2022-08-23 17:34:00,50.2,50.1,190,192
2022-08-23 17:36:00,50.3,50.3,190,194
2022-08-23 17:38:00,50.2,50.3,187,190
2022-08-23 17:40:00,50.2,50.2,191,193
2022-08-23 17:42:00,50.2,50.3,189,192
2022-08-23 17:44:00,50.2,50.2,189,192
2022-08-23 17:46:00,50.2,50.2,183,187
2022-08-23 17:48:00,50.1,50.1,186,191
2022-08-23 17:50:00,50.0,49.9,183,190
2022-08-23 17:52:00,50.1,50.1,187,190
2022-08-23 17:54:00,50.2,50.2,190,192
2022-08-23 17:56:00,50.2,50.2,187,190
2022-08-23 17:58:00,50.1,50.1,186,189
2022-08-23 18:00:00,50.1,50.1,188,190
2022-08-23 18:02:00,50.2,50.2,185,188
2022-08-23 18:04:00,50.4,50.4,190,192
2022-08-23 18:06:00,50.1,50.2,190,192
2022-08-23 18:08:00,50.2,50.2,190,192
2022-08-23 18:10:00,50.1,50.1,182,185
2022-08-23 18:12:00,50.1,50.0,185,188
2022-08-23 18:14:00,50.3,50.3,190,192
2022-08-23 18:16:00,50.4,50.5,190,192
2022-08-23 18:18:00,50.1,50.1,189,192
2022-08-23 18:20:00,50.1,50.1,190,191
2022-08-23 18:22:00,50.1,50.1,190,192
2022-08-23 18:24:00,49.8,49.8,186,189
2022-08-23 18:26:00,49.9,49.9,188,190
2022-08-23 18:28:00,50.0,49.9,188,190
2022-08-23 18:30:00,49.9,49.9,187,190
2022-08-23 18:32:00,50.1,50.1,185,187
2022-08-23 18:34:00,50.2,50.2,188,191
2022-08-23 18:36:00,50.0,49.9,185,187
2022-08-23 18:38:00,50.1,50,180,184
2022-08-23 18:40:00,50.1,50.0,180,183
2022-08-23 18:42:00,49.8,49.8,176,179
2022-08-23 18:44:00,50.1,50.1,176,178
2022-08-23 18:46:00,50.2,50.1,174,178
2022-08-23 18:48:00,50.1,50.1,174,178
2022-08-23 18:50:00,49.9,49.9,175,178
2022-08-23 18:52:00,50.1,50.1,175,180
2022-08-23 18:54:00,50.0,50.0,178,181
2022-08-23 18:56:00,50.0,50.0,178,181
2022-08-23 18:58:00,50.4,50.4,178,180
2022-08-23 19:00:00,50.1,50.1,175,179
2022-08-23 19:02:00,50.1,50.0,175,179
2022-08-23 19:04:00,50.2,50.1,178,180
2022-08-23 19:06:00,49.7,49.7,175,179
2022-08-23 19:08:00,50.0,50.0,171,175
2022-08-23 19:10:00,49.8,49.9,175,177
2022-08-23 19:12:00,50.0,50.0,175,177
2022-08-23 19:14:00,49.9,50.0,168,174
2022-08-23 19:16:00,49.9,49.9,167,173
2022-08-23 19:18:00,50.0,50.0,168,172
2022-08-23 19:20:00,49.9,49.9,167,173
2022-08-23 19:22:00,49.9,49.9,165,170
2022-08-23 19:24:00,50.0,50.1,166,171
2022-08-23 19:26:00,50.1,50.1,166,171
2022-08-23 19:28:00,50.2,50.2,165,170
2022-08-23 19:30:00,50.0,49.9,169,173
2022-08-23 19:32:00,50.2,50.2,171,173
2022-08-23 19:34:00,50.0,50.0,169,171
2022-08-23 19:36:00,50.0,50.0,171,175
2022-08-23 19:38:00,50.0,49.9,174,175
2022-08-23 19:40:00,50.1,50.2,175,177
2022-08-23 19:42:00,50.0,50.0,175,178
2022-08-23 19:44:00,50.1,50.1,176,179
2022-08-23 19:46:00,50.1,50.1,171,175
2022-08-23 19:48:00,50.0,50.0,171,177
2022-08-23 19:50:00,50.1,50.1,173,178
2022-08-23 19:52:00,50.1,50.1,178,182
2022-08-23 19:54:00,50.1,50.0,178,182
2022-08-23 19:56:00,50.0,50.0,182,185
2022-08-23 19:58:00,50.2,50.1,180,182
2022-08-23 20:00:00,50.0,49.9,180,182
2022-08-23 20:02:00,50.1,50.0,178,180
2022-08-23 20:04:00,50,50.0,176,179
2022-08-23 20:06:00,49.9,50,179,181
2022-08-23 20:08:00,50.0,50.0,179,180
2022-08-23 20:10:00,50.1,50.1,178,180
2022-08-23 20:12:00,50.0,50.1,180,183
2022-08-23 20:14:00,50.1,50.0,182,184
2022-08-23 20:16:00,50.2,50.1,180,182
2022-08-23 20:18:00,50.0,50.1,181,183
2022-08-23 20:20:00,50.1,50.1,183,185
2022-08-23 20:22:00,50.0,50.0,184,186
2022-08-23 20:24:00,50.3,50.2,183,185
2022-08-23 20:26:00,50.1,50.2,180,182
2022-08-23 20:28:00,50.2,50.1,182,185
2022-08-23 20:30:00,50.1,50.1,186,189
2022-08-23 20:32:00,50.1,50.1,184,187
2022-08-23 20:34:00,50.1,50.1,185,187
2022-08-23 20:36:00,50.2,50.2,185,187
2022-08-23 20:38:00,50.2,50.2,187,190
2022-08-23 20:40:00,50.2,50.2,186,189
2022-08-23 20:42:00,50.0,50.0,189,191
2022-08-23 20:44:00,50.2,50.2,188,190
2022-08-23 20:46:00,50.2,50.1,189,192
2022-08-23 20:48:00,50.1,50.1,181,186
2022-08-23 20:50:00,50.0,50.0,182,187
2022-08-23 20:52:00,50.1,50.1,183,189
2022-08-23 20:54:00,50.3,50.2,183,189
2022-08-23 20:56:00,50.1,50.0,188,190
2022-08-23 20:58:00,50.1,50.1,190,192
2022-08-23 21:00:00,50.1,50.1,190,192
2022-08-23 21:02:00,49.4,49.4,187,190
2022-08-23 21:04:00,50.1,50.1,190,192
2022-08-23 21:06:00,50.1,50.1,185,187
2022-08-23 21:08:00,50.0,50.0,180,184
2022-08-23 21:10:00,50.0,50.0,185,187
2022-08-23 21:12:00,50.6,50.7,188,190
2022-08-23 21:14:00,50.2,50.3,187,190
2022-08-23 21:16:00,50.1,50.1,190,192
2022-08-23 21:18:00,50.1,50.1,190,192
2022-08-23 21:20:00,50.3,50.3,192,194
2022-08-23 21:22:00,50.3,50.3,193,196
2022-08-23 21:24:00,50.3,50.3,194,196
2022-08-23 21:26:00,50.2,50.2,191,194
2022-08-23 21:28:00,50.3,50.2,191,194
2022-08-23 21:30:00,50.5,50.4,192,194
2022-08-23 21:32:00,50.2,50.3,196,197
2022-08-23 21:34:00,50.1,50.2,194,197
2022-08-23 21:36:00,50.5,50.5,194,197
2022-08-23 21:38:00,50.3,50.4,196,197
2022-08-23 21:40:00,50.2,50.2,194,197
2022-08-23 21:42:00,50.3,50.3,195,197
2022-08-23 21:44:00,50.4,50.3,197,199
2022-08-23 21:46:00,50.2,50.2,197,199
2022-08-23 21:48:00,50.2,50.2,194,197
2022-08-23 21:50:00,50.3,50.3,195,198
2022-08-23 21:52:00,50.3,50.3,199,200
2022-08-23 21:54:00,50.4,50.4,197,200
2022-08-23 21:56:00,50.4,50.3,197,200
2022-08-23 21:58:00,50.3,50.4,200,202
2022-08-23 22:00:00,50.4,50.4,201,203
2022-08-23 22:02:00,50.3,50.3,199,202
2022-08-23 22:04:00,50.4,50.4,199,202
2022-08-23 22:06:00,50.5,50.4,201,203
2022-08-23 22:08:00,50.4,50.4,200,203
2022-08-23 22:10:00,50.4,50.4,198,201
2022-08-23 22:12:00,50.4,50.4,199,202
2022-08-23 22:14:00,50.6,50.6,200,202
2022-08-23 22:16:00,49.9,49.9,198,201
2022-08-23 22:18:00,50.3,50.4,199,202
2022-08-23 22:20:00,50.6,50.7,202,204
2022-08-23 22:22:00,50.5,50.5,200,203
2022-08-23 22:24:00,50.5,50.5,204,207
2022-08-23 22:26:00,50.3,50.3,204,207
2022-08-23 22:28:00,50.3,50.4,204,207
2022-08-23 22:30:00,50.8,50.8,203,206
2022-08-23 22:32:00,50.4,50.4,204,207
2022-08-23 22:34:00,50.9,50.9,208,210
2022-08-23 22:36:00,50.7,50.7,207,209
2022-08-23 22:38:00,50.5,50.4,205,208
2022-08-23 22:40:00,50.3,50.3,209,211
2022-08-23 22:42:00,50.3,50.3,206,209
2022-08-23 22:44:00,50.6,50.6,208,211
2022-08-23 22:46:00,50.4,50.4,209,211
2022-08-23 22:48:00,50.7,50.8,210,212
2022-08-23 22:50:00,50.7,50.8,209,211
2022-08-23 22:52:00,50.5,50.5,209,211
2022-08-23 22:54:00,50.6,50.7,210,212
2022-08-23 22:56:00,50.3,50.4,209,212
2022-08-23 22:58:00,50.5,50.5,209,212
2022-08-23 23:00:00,50.9,50.9,212,214
2022-08-23 23:02:00,50.5,50.5,212,214
2022-08-23 23:04:00,50.6,50.6,210,213
2022-08-23 23:06:00,50.4,50.4,212,214
2022-08-23 23:08:00,50.5,50.5,213,215
2022-08-23 23:10:00,50.6,50.5,211,214
2022-08-23 23:12:00,50.6,50.7,211,214
2022-08-23 23:14:00,50.8,50.9,213,215
2022-08-23 23:16:00,50.4,50.4,212,216
2022-08-23 23:18:00,50.4,50.3,213,216
2022-08-23 23:20:00,50.9,50.8,216,217
2022-08-23 23:22:00,50.7,50.7,215,217
2022-08-23 23:24:00,50.4,50.3,214,216
2022-08-23 23:26:00,50.8,50.8,214,216
2022-08-23 23:28:00,50.5,50.5,215,217
2022-08-23 23:30:00,50.7,50.7,214,217
2022-08-23 23:32:00,50.5,50.4,214,217
2022-08-23 23:34:00,50.5,50.6,216,218
2022-08-23 23:36:00,50.3,50.3,214,217
2022-08-23 23:38:00,50.6,50.6,214,216
2022-08-23 23:40:00,50.5,50.4,214,216
2022-08-23 23:42:00,50.7,50.7,216,218
2022-08-23 23:44:00,50.7,50.8,214,217
2022-08-23 23:46:00,50.8,50.7,214,217
2022-08-23 23:48:00,50.9,51.0,216,219
2022-08-23 23:50:00,50.4,50.4,216,218
2022-08-23 23:52:00,50.9,50.8,214,217
2022-08-23 23:54:00,50.5,50.5,216,218
2022-08-23 23:56:00,50.8,50.8,216,218
2022-08-23 23:58:00,50.4,50.5,215,218
2022-08-24 00:00:00,50.5,50.5,216,219
2022-08-24 00:02:00,50.7,50.6,217,219
2022-08-24 00:04:00,50.3,50.3,216,219
2022-08-24 00:06:00,50.9,50.9,215,218
2022-08-24 00:08:00,50.9,50.9,216,219
2022-08-24 00:10:00,50.4,50.4,216,217
2022-08-24 00:12:00,50.6,50.6,216,219
2022-08-24 00:14:00,50.6,50.6,216,219
2022-08-24 00:16:00,50.5,50.4,216,219
2022-08-24 00:18:00,50.6,50.6,216,219
2022-08-24 00:20:00,50.7,50.7,215,219
2022-08-24 00:22:00,50.3,50.3,216,219
2022-08-24 00:24:00,50.7,50.7,216,219
2022-08-24 00:26:00,50.6,50.7,216,219
2022-08-24 00:28:00,50.5,50.5,218,220
2022-08-24 00:30:00,50.5,50.5,219,221
2022-08-24 00:32:00,50.7,50.7,217,220
2022-08-24 00:34:00,50.8,50.8,217,221
2022-08-24 00:36:00,50.2,50.2,217,219
2022-08-24 00:38:00,50.9,,219,
2022-08-24 00:40:00,50.5,50.6,217,220
2022-08-24 00:42:00,50.7,50.6,219,221
2022-08-24 00:44:00,50.7,50.7,219,221
2022-08-24 00:46:00,50.4,50.3,218,221
2022-08-24 00:48:00,51.1,51.0,218,221
2022-08-24 00:50:00,50.6,50.7,219,222
2022-08-24 00:52:00,50.6,50.6,216,219
2022-08-24 00:54:00,50.6,50.6,217,221
2022-08-24 00:56:00,50.9,50.9,220,222
2022-08-24 00:58:00,50.8,50.8,219,221
2022-08-24 01:00:00,50.4,50.5,218,221
2022-08-24 01:02:00,50.9,50.9,218,221
2022-08-24 01:04:00,50.9,50.8,219,221
2022-08-24 01:06:00,50.7,50.7,217,221
2022-08-24 01:08:00,50.6,50.7,218,221
2022-08-24 01:10:00,50.7,50.8,220,222
2022-08-24 01:12:00,50.7,50.6,219,222
2022-08-24 01:14:00,50.8,50.8,219,221
2022-08-24 01:16:00,50.1,50.1,219,221
2022-08-24 01:18:00,51.0,51.0,221,223
2022-08-24 01:20:00,50.8,50.8,219,221
2022-08-24 01:22:00,50.6,50.7,218,221
2022-08-24 01:24:00,50.8,50.7,221,223
2022-08-24 01:26:00,50.5,50.4,220,222
2022-08-24 01:28:00,50.8,50.8,217,220
2022-08-24 01:30:00,50.8,50.9,221,223
2022-08-24 01:32:00,50.8,50.8,221,223
2022-08-24 01:34:00,50.1,50.1,216,219
2022-08-24 01:36:00,50.9,50.9,219,221
2022-08-24 01:38:00,50.8,50.8,221,223
2022-08-24 01:40:00,50.8,50.7,219,223
2022-08-24 01:42:00,50.7,50.7,219,222
2022-08-24 01:44:00,50.4,50.5,221,223
2022-08-24 01:46:00,50.9,50.9,221,223
2022-08-24 01:48:00,50.6,50.5,219,221
2022-08-24 01:50:00,50.8,50.7,220,223
2022-08-24 01:52:00,50.7,50.8,222,223
2022-08-24 01:54:00,50.6,50.6,220,223
2022-08-24 01:56:00,50.6,50.7,221,223
2022-08-24 01:58:00,50.6,50.6,221,223
2022-08-24 02:00:00,50.5,50.4,220,222
2022-08-24 02:02:00,50.7,50.7,219,222
2022-08-24 02:04:00,50.6,50.6,220,222
2022-08-24 02:06:00,50.4,50.4,219,221
2022-08-24 02:08:00,50.9,50.9,219,222
2022-08-24 02:10:00,50.9,50.9,220,223
2022-08-24 02:12:00,50.5,50.4,221,223
2022-08-24 02:14:00,50.7,50.7,219,223
2022-08-24 02:16:00,50.6,50.6,219,223
2022-08-24 02:18:00,51.0,51.0,221,223
2022-08-24 02:20:00,50.9,50.9,221,223
2022-08-24 02:22:00,50.6,50.6,219,223
2022-08-24 02:24:00,50.7,50.8,219,223
2022-08-24 02:26:00,50.8,50.8,221,223
2022-08-24 02:28:00,51.0,50.9,219,223
2022-08-24 02:30:00,50.7,50.7,219,222
2022-08-24 02:32:00,50.5,50.5,220,223
2022-08-24 02:34:00,51.0,51.0,220,223
2022-08-24 02:36:00,50.8,50.8,219,223
2022-08-24 02:38:00,50.7,50.7,219,223
2022-08-24 02:40:00,50.7,50.7,220,223
2022-08-24 02:42:00,50.3,50.6,219,222
2022-08-24 02:44:00,51.2,51.2,220,223
2022-08-24 02:46:00,50.6,50.7,221,223
2022-08-24 02:48:00,50.9,50.8,221,223
2022-08-24 02:50:00,50.8,50.8,219,223
2022-08-24 02:52:00,50.6,50.5,221,223
2022-08-24 02:54:00,50.9,50.9,219,222
2022-08-24 02:56:00,50.8,50.8,221,223
2022-08-24 02:58:00,50.5,50.5,220,223
2022-08-24 03:00:00,50.8,50.7,222,224
2022-08-24 03:02:00,50.5,50.5,222,224
2022-08-24 03:04:00,50.7,50.8,221,223
2022-08-24 03:06:00,50.6,50.6,222,223
2022-08-24 03:08:00,50.7,50.7,222,224
2022-08-24 03:10:00,50.7,50.8,221,224
2022-08-24 03:12:00,50.6,50.6,220,222
2022-08-24 03:14:00,51.0,51.0,222,223
2022-08-24 03:16:00,50.6,50.6,219,222
2022-08-24 03:18:00,50.8,50.7,221,224
2022-08-24 03:20:00,50.7,50.8,222,224
2022-08-24 03:22:00,50.6,50.6,222,224
2022-08-24 03:24:00,50.5,50.5,220,223
2022-08-24 03:26:00,50.4,50.5,221,223
2022-08-24 03:28:00,50.6,50.6,222,224
2022-08-24 03:30:00,50.8,50.7,219,222
2022-08-24 03:32:00,50.9,51.0,221,223
2022-08-24 03:34:00,50.6,50.7,222,223
2022-08-24 03:36:00,50.7,50.7,223,224
2022-08-24 03:38:00,50.4,50.3,221,223
2022-08-24 03:40:00,51.0,51.1,221,223
2022-08-24 03:42:00,50.7,50.7,221,223
2022-08-24 03:44:00,50.7,50.8,221,223
2022-08-24 03:46:00,50.8,50.7,221,224
2022-08-24 03:48:00,50.5,50.4,222,224
2022-08-24 03:50:00,51.1,51.1,223,226
2022-08-24 03:52:00,50.8,50.8,221,223
2022-08-24 03:54:00,50.7,50.7,221,223
2022-08-24 03:56:00,50.5,50.4,221,223
2022-08-24 03:58:00,50.4,50.4,219,223
2022-08-24 04:00:00,50.8,50.8,220,223
2022-08-24 04:02:00,50.6,50.6,221,223
2022-08-24 04:04:00,50.7,50.6,221,223
2022-08-24 04:06:00,51.0,50.9,219,222
2022-08-24 04:08:00,50.6,50.6,221,223
2022-08-24 04:10:00,50.6,50.6,223,225
2022-08-24 04:12:00,50.7,50.7,221,223
2022-08-24 04:14:00,50.8,50.7,221,224
2022-08-24 04:16:00,50.5,50.5,223,226
2022-08-24 04:18:00,50.5,50.5,221,224
2022-08-24 04:20:00,50.5,50.6,221,223
2022-08-24 04:22:00,51.1,51.1,223,226
2022-08-24 04:24:00,50.8,50.8,223,225
2022-08-24 04:26:00,50.7,50.8,221,225
2022-08-24 04:28:00,50.7,50.7,221,224
2022-08-24 04:30:00,50.7,50.8,223,225
2022-08-24 04:32:00,51.0,51.0,222,225
2022-08-24 04:34:00,50.8,50.7,221,225
2022-08-24 04:36:00,50.7,50.7,223,226
2022-08-24 04:38:00,50.5,50.5,223,225
2022-08-24 04:40:00,51.0,51.0,222,226
2022-08-24 04:42:00,50.6,50.6,223,226
2022-08-24 04:44:00,50.7,50.7,224,226
2022-08-24 04:46:00,50.7,50.7,222,225
2022-08-24 04:48:00,50.6,50.7,221,225
2022-08-24 04:50:00,50.8,50.9,223,226
2022-08-24 04:52:00,50.7,50.7,223,225
2022-08-24 04:54:00,50.8,50.8,221,223
2022-08-24 04:56:00,50.6,50.6,223,226
2022-08-24 04:58:00,50.7,50.7,224,226
2022-08-24 05:00:00,50.5,50.5,222,225
2022-08-24 05:02:00,50.5,50.4,222,225
2022-08-24 05:04:00,51.0,51.0,226,228
2022-08-24 05:06:00,50.7,50.7,225,227
2022-08-24 05:08:00,50.4,50.4,223,226
2022-08-24 05:10:00,51.0,51.0,225,227
2022-08-24 05:12:00,50.5,50.6,222,224
2022-08-24 05:14:00,50.6,50.6,221,223
2022-08-24 05:16:00,50.7,50.7,221,224
2022-08-24 05:18:00,50.4,50.4,223,225
2022-08-24 05:20:00,50.6,50.5,221,223
2022-08-24 05:22:00,50.4,50.4,221,223
2022-08-24 05:24:00,50.9,50.9,223,225
2022-08-24 05:26:00,50.9,50.8,223,225
2022-08-24 05:28:00,50.5,50.5,221,223
2022-08-24 05:30:00,50.5,50.5,222,224
2022-08-24 05:32:00,50.8,50.9,221,223
2022-08-24 05:34:00,50.5,50.4,219,222
2022-08-24 05:36:00,50.5,50.5,219,222
2022-08-24 05:38:00,50.5,50.4,221,223
2022-08-24 05:40:00,50.6,50.6,221,223
2022-08-24 05:42:00,50.7,50.7,220,223
2022-08-24 05:44:00,50.5,50.5,222,224
2022-08-24 05:46:00,50.8,50.8,221,223
2022-08-24 05:48:00,50.6,50.5,220,222
2022-08-24 05:50:00,50.7,50.7,219,221
2022-08-24 05:52:00,50.7,50.7,221,223
2022-08-24 05:54:00,50.6,50.6,219,222
2022-08-24 05:56:00,50.6,50.6,219,222
2022-08-24 05:58:00,50.9,50.9,221,223
2022-08-24 06:00:00,50.6,50.5,220,222
2022-08-24 06:02:00,50.5,50.5,216,219
2022-08-24 06:04:00,50.7,50.7,219,221
2022-08-24 06:06:00,50.5,50.5,218,220
2022-08-24 06:08:00,50.8,50.9,220,222
2022-08-24 06:10:00,50.5,50.4,216,219
2022-08-24 06:12:00,50.7,50.7,220,222
2022-08-24 06:14:00,50.7,50.7,221,223
2022-08-24 06:16:00,51.0,50.9,221,223
2022-08-24 06:18:00,50.5,50.6,221,223
2022-08-24 06:20:00,50.7,50.8,223,225
2022-08-24 06:22:00,50.5,50.5,219,221
2022-08-24 06:24:00,50.6,50.5,212,218
2022-08-24 06:26:00,50.6,50.6,211,216
2022-08-24 06:28:00,51.1,51.1,213,218
2022-08-24 06:30:00,50.7,50.7,214,220
2022-08-24 06:32:00,50.5,50.4,220,222
2022-08-24 06:34:00,50.5,50.4,218,219
2022-08-24 06:36:00,50.7,50.6,209,214
2022-08-24 06:38:00,50.8,50.8,210,216
2022-08-24 06:40:00,50.5,50.4,208,213
2022-08-24 06:42:00,50.5,50.5,214,219
2022-08-24 06:44:00,50.5,50.5,218,221
2022-08-24 06:46:00,50.4,50.4,219,220
2022-08-24 06:48:00,50.5,50.5,220,222
2022-08-24 06:50:00,50.5,50.5,220,223
2022-08-24 06:52:00,50.6,50.7,217,220
2022-08-24 06:54:00,50.8,50.8,218,220
2022-08-24 06:56:00,50.5,50.5,215,218
2022-08-24 06:58:00,50.6,50.6,217,220
2022-08-24 07:00:00,50.6,50.7,214,216
2022-08-24 07:02:00,50.5,50.5,214,215
2022-08-24 07:04:00,50.4,50.4,209,211
2022-08-24 07:06:00,50.5,50.5,209,211
2022-08-24 07:08:00,50.5,50.6,209,211
2022-08-24 07:10:00,50.6,50.6,211,214
2022-08-24 07:12:00,50.6,50.7,211,214
2022-08-24 07:14:00,50.5,50.5,216,218
2022-08-24 07:16:00,50.4,50.5,211,214
2022-08-24 07:18:00,50.5,50.5,210,212
2022-08-24 07:20:00,50.5,50.4,212,214
2022-08-24 07:22:00,50.6,50.5,210,211
2022-08-24 07:24:00,50.7,50.6,209,211
2022-08-24 07:26:00,50.4,50.4,209,211
2022-08-24 07:28:00,50.5,50.5,207,208
2022-08-24 07:30:00,50.4,50.4,205,206
2022-08-24 07:32:00,50.5,50.5,204,207
2022-08-24 07:34:00,50.7,50.7,205,207
2022-08-24 07:36:00,50.3,50.4,204,206
2022-08-24 07:38:00,50.6,50.6,202,204
2022-08-24 07:40:00,50.3,50.3,201,203
2022-08-24 07:42:00,50.5,50.4,203,205
2022-08-24 07:44:00,50.6,50.6,195,198
2022-08-24 07:46:00,50.3,50.3,196,199
2022-08-24 07:48:00,50.3,50.3,199,201
2022-08-24 07:50:00,50.2,50.3,202,204
2022-08-24 07:52:00,50.6,50.6,205,209
2022-08-24 07:54:00,50.5,50.6,200,203
2022-08-24 07:56:00,50.5,50.4,204,207
2022-08-24 07:58:00,50.4,50.4,202,204
2022-08-24 08:00:00,50.4,50.5,188,194
2022-08-24 08:02:00,50.4,50.4,192,197
2022-08-24 08:04:00,50.3,50.3,193,197
2022-08-24 08:06:00,50.3,50.3,193,196
2022-08-24 08:08:00,50.4,50.3,192,194
2022-08-24 08:10:00,50.3,50.3,190,192
2022-08-24 08:12:00,50.4,50.4,187,190
2022-08-24 08:14:00,50.4,50.4,194,197
2022-08-24 08:16:00,50.2,50.2,188,191
2022-08-24 08:18:00,50.1,50.1,194,196
2022-08-24 08:20:00,50.1,50.1,197,200
2022-08-24 08:22:00,50.4,50.4,197,198
2022-08-24 08:24:00,50.3,50.3,195,197
2022-08-24 08:26:00,50.2,50.2,190,194
2022-08-24 08:28:00,50.4,50.4,187,196
2022-08-24 08:30:00,,50.4,,187
2022-08-24 08:32:00,50.3,50.4,186,191
2022-08-24 08:34:00,50.4,50.4,180,186
2022-08-24 08:36:00,50.7,50.7,183,189
2022-08-24 08:38:00,50.3,50.3,185,190
2022-08-24 08:40:00,50.5,50.5,180,185
2022-08-24 08:42:00,50.6,50.6,187,191
2022-08-24 08:44:00,50.4,50.4,194,195
2022-08-24 08:46:00,50.4,50.3,189,192
2022-08-24 08:48:00,50.6,50.6,188,191
2022-08-24 08:50:00,50.2,50.2,188,190
2022-08-24 08:52:00,50.5,50.5,187,189
2022-08-24 08:54:00,50.5,50.4,182,185
2022-08-24 08:56:00,50.3,50.3,180,182
2022-08-24 08:58:00,50.3,50.3,185,187
2022-08-24 09:00:00,50.3,50.2,182,185
2022-08-24 09:02:00,50.3,50.3,184,186
2022-08-24 09:04:00,50.7,50.7,183,184
2022-08-24 09:06:00,50.5,50.4,185,187
2022-08-24 09:08:00,50.1,50.1,185,186
2022-08-24 09:10:00,50.1,50.1,184,186
2022-08-24 09:12:00,50.5,50.5,182,184
2022-08-24 09:14:00,50.1,50.1,183,187
2022-08-24 09:16:00,50.2,50.2,173,177
2022-08-24 09:18:00,50.2,50.2,178,180
2022-08-24 09:20:00,50.2,50.3,177,180
2022-08-24 09:22:00,50.3,50.4,185,187
2022-08-24 09:24:00,50.1,50.1,182,185
2022-08-24 09:26:00,50.2,50.2,187,190
2022-08-24 09:28:00,50.2,50.2,182,186
2022-08-24 09:30:00,50.3,50.2,172,176
2022-08-24 09:32:00,50.3,50.3,174,177
2022-08-24 09:34:00,50.2,50.3,170,176
2022-08-24 09:36:00,50.1,50.1,177,182
2022-08-24 09:38:00,50.1,50.1,183,187
2022-08-24 09:40:00,50.3,50.3,178,182
2022-08-24 09:42:00,50.3,50.3,175,178
2022-08-24 09:44:00,50.3,50.3,178,182
2022-08-24 09:46:00,50.4,50.5,181,184
2022-08-24 09:48:00,50.2,50.3,177,180
2022-08-24 09:50:00,50.2,50.3,178,182
2022-08-24 09:52:00,50.5,50.5,171,176
2022-08-24 09:54:00,50.6,50.6,180,183
2022-08-24 09:56:00,50.3,50.3,174,175
2022-08-24 09:58:00,50.0,50.0,173,177
2022-08-24 10:00:00,50.1,50.1,177,180
2022-08-24 10:02:00,50.0,50.1,175,178
2022-08-24 10:04:00,50.0,50.1,171,175
2022-08-24 10:06:00,50.0,50.0,177,181
2022-08-24 10:08:00,50.5,50.5,179,182
2022-08-24 10:10:00,50.1,50,169,174
2022-08-24 10:12:00,50.1,50.1,170,174
2022-08-24 10:14:00,50.1,50.0,175,178
2022-08-24 10:16:00,50.2,50.3,178,181
2022-08-24 10:18:00,50.3,50.3,177,181
2022-08-24 10:20:00,50.0,49.9,175,180
2022-08-24 10:22:00,50.1,50.1,182,185
2022-08-24 10:24:00,50.3,50.4,175,180
2022-08-24 10:26:00,50.2,50.2,176,181
2022-08-24 10:28:00,50.1,50.1,180,184
2022-08-24 10:30:00,50.1,50.0,180,183
2022-08-24 10:32:00,50.2,50.2,176,180
2022-08-24 10:34:00,50.4,50.4,178,178
2022-08-24 10:36:00,50.2,50.3,180,179
2022-08-24 10:38:00,50.1,50.1,173,173
2022-08-24 10:40:00,50.4,50.5,175,175
2022-08-24 10:42:00,50.7,50.7,194,192
2022-08-24 10:44:00,6536,7874,0,0
2022-08-24 10:46:00,50.1,50.1,192,190
2022-08-24 10:48:00,50.4,50.3,191,194
2022-08-24 10:50:00,50.5,50.4,187,192
2022-08-24 10:52:00,50.4,50.4,187,192
2022-08-24 10:54:00,50.2,50.1,178,184
2022-08-24 10:56:00,50.6,50.6,174,175
2022-08-24 10:58:00,50.2,50.1,173,175
2022-08-24 11:00:00,50.5,50.5,172,175
2022-08-24 11:02:00,50.2,50.2,174,175
2022-08-24 11:04:00,50.2,50.2,180,185
2022-08-24 11:06:00,50.2,50.2,175,177
2022-08-24 11:08:00,50.1,50.1,175,178
2022-08-24 11:10:00,50.4,50.4,178,179
2022-08-24 11:12:00,50.2,50.2,171,173
2022-08-24 11:14:00,50.2,50.2,163,165
2022-08-24 11:16:00,50.4,50.4,175,178
2022-08-24 11:18:00,50.4,50.4,181,185
2022-08-24 11:20:00,50.4,50.4,178,182
2022-08-24 11:22:00,50.1,50.1,180,184
2022-08-24 11:24:00,50.3,50.3,182,185
2022-08-24 11:26:00,50.2,50.2,178,182
2022-08-24 11:28:00,50.5,50.5,176,181
2022-08-24 11:30:00,50.3,50.2,176,181
2022-08-24 11:32:00,49.9,50.0,177,180
2022-08-24 11:34:00,50.2,50.2,174,178
2022-08-24 11:36:00,50.3,50.3,175,179
2022-08-24 11:38:00,50.3,50.3,176,180
2022-08-24 11:40:00,50.4,50.4,183,186
2022-08-24 11:42:00,50.2,50.2,175,179
2022-08-24 11:44:00,50.2,50.2,178,181
2022-08-24 11:46:00,50.3,50.3,182,187
2022-08-24 11:48:00,50.1,50.1,181,185
2022-08-24 11:50:00,50.3,50.3,180,185
2022-08-24 11:52:00,50.3,50.3,179,183
2022-08-24 11:54:00,50.3,50.3,182,185
2022-08-24 11:56:00,50.4,50.3,179,183
2022-08-24 11:58:00,50.4,50.4,182,186
2022-08-24 12:00:00,50.4,50.5,184,187
2022-08-24 12:02:00,50.2,50.1,183,187
2022-08-24 12:04:00,50.2,50.2,180,184
2022-08-24 12:06:00,50.4,50.4,185,190
2022-08-24 12:08:00,50.2,50.3,182,186
2022-08-24 12:10:00,50.4,50.5,185,190
2022-08-24 12:12:00,50.1,50.1,184,189
2022-08-24 12:14:00,50.3,50.2,185,189
2022-08-24 12:16:00,50.3,50.3,180,185
2022-08-24 12:18:00,50.3,50.2,179,183
2022-08-24 12:20:00,50.1,50.2,180,185
2022-08-24 12:22:00,50.1,50.1,180,184
2022-08-24 12:24:00,50.2,50.3,173,180
2022-08-24 12:26:00,50.1,50.1,173,180
2022-08-24 12:28:00,50.4,50.4,182,185
2022-08-24 12:30:00,50.1,50.1,182,185
2022-08-24 12:32:00,50.4,50.4,181,185
2022-08-24 12:34:00,50.5,50.5,182,186
2022-08-24 12:36:00,50.3,50.3,187,190
2022-08-24 12:38:00,50.4,50.4,183,187
2022-08-24 12:40:00,50.1,50.1,180,185
2022-08-24 12:42:00,49.9,50.0,179,182
2022-08-24 12:44:00,50.3,50.1,180,180
2022-08-24 12:46:00,50.5,50.5,180,184
2022-08-24 12:48:00,50.1,,175,
2022-08-24 12:50:00,50.2,50.2,177,180
2022-08-24 12:52:00,50.3,50.4,178,182
2022-08-24 12:54:00,50.2,50.2,178,182
2022-08-24 12:56:00,50.2,50.2,180,183
2022-08-24 12:58:00,50.3,50.3,180,184
2022-08-24 13:00:00,50.1,50.1,170,177
2022-08-24 13:02:00,50.1,50.2,177,184
2022-08-24 13:04:00,50.2,50.2,182,185
2022-08-24 13:06:00,50.2,50.1,183,187
2022-08-24 13:08:00,50.3,50.1,181,186
2022-08-24 13:10:00,50.4,50.5,187,190
2022-08-24 13:12:00,50.2,50.2,188,192
2022-08-24 13:14:00,50.4,50.4,190,194
2022-08-24 13:16:00,50.2,50.2,182,188
2022-08-24 13:18:00,50.1,50.0,182,188
2022-08-24 13:20:00,50.1,50.0,178,184
2022-08-24 13:22:00,50.5,50.4,178,185
2022-08-24 13:24:00,50.4,50.5,178,183
2022-08-24 13:26:00,50.1,50.1,182,185
2022-08-24 13:28:00,50.0,50.0,177,183
2022-08-24 13:30:00,50.3,50.3,180,185
2022-08-24 13:32:00,50.4,50.4,185,187
2022-08-24 13:34:00,50.1,50.2,180,184
2022-08-24 13:36:00,50.6,50.6,185,188
2022-08-24 13:38:00,50.2,50.2,183,187
2022-08-24 13:40:00,50.3,50.3,183,186
2022-08-24 13:42:00,50.0,50.0,180,185
2022-08-24 13:44:00,50.2,50.2,185,188
2022-08-24 13:46:00,50.3,50.3,183,187
2022-08-24 13:48:00,50.0,50.0,179,185
2022-08-24 13:50:00,50.1,50.2,180,186
2022-08-24 13:52:00,50.5,50.5,182,185
2022-08-24 13:54:00,50.1,50.1,185,188
2022-08-24 13:56:00,50.3,50.3,175,179
2022-08-24 13:58:00,50.4,50.3,174,178
2022-08-24 14:00:00,50.3,50.3,179,182
2022-08-24 14:02:00,50.1,50.1,179,182
2022-08-24 14:04:00,50.5,50.5,182,185
2022-08-24 14:06:00,50.1,50.3,182,184
2022-08-24 14:08:00,50.3,50.4,179,182
2022-08-24 14:10:00,50.3,50.3,175,178
2022-08-24 14:12:00,50.4,50.4,178,182
2022-08-24 14:14:00,49.9,50.1,180,182
2022-08-24 14:16:00,50.3,50.3,181,185
2022-08-24 14:18:00,50.3,50.3,185,189
2022-08-24 14:20:00,50.1,50.1,184,186
2022-08-24 14:22:00,50.1,50.1,182,185
2022-08-24 14:24:00,50.0,50.0,183,187
2022-08-24 14:26:00,50.1,50.2,182,185
2022-08-24 14:28:00,50.4,50.4,182,184
2022-08-24 14:30:00,50.3,50.3,181,185
2022-08-24 14:32:00,50.3,50.2,182,185
2022-08-24 14:34:00,50.1,50.1,185,187
2022-08-24 14:36:00,50.3,50.3,179,180
2022-08-24 14:38:00,49.9,49.8,177,180
2022-08-24 14:40:00,50.3,50.3,180,184
2022-08-24 14:42:00,50.3,50.2,182,185
2022-08-24 14:44:00,50.3,50.3,182,185
2022-08-24 14:46:00,50.2,50.2,181,185
2022-08-24 14:48:00,50.2,50.1,187,189
2022-08-24 14:50:00,50.2,50.2,182,185
2022-08-24 14:52:00,50.3,50.3,182,184
2022-08-24 14:54:00,50.1,50.2,177,180
2022-08-24 14:56:00,49.9,49.9,173,178
2022-08-24 14:58:00,50.2,50.2,167,173
2022-08-24 15:00:00,50.4,50.4,175,181
2022-08-24 15:02:00,50.0,50.0,177,182
2022-08-24 15:04:00,50.3,50.3,177,182
2022-08-24 15:06:00,50.1,50.2,183,186
2022-08-24 15:08:00,50.3,50.3,185,188
2022-08-24 15:10:00,50.5,50.5,186,189
2022-08-24 15:12:00,50.3,50.3,184,187
2022-08-24 15:14:00,50.1,50.2,182,185
2022-08-24 15:16:00,50.0,50.0,187,190
2022-08-24 15:18:00,50.4,50.4,184,187
2022-08-24 15:20:00,50.0,50.0,177,180
2022-08-24 15:22:00,50.3,50.3,185,188
2022-08-24 15:24:00,50.1,50.0,185,187
2022-08-24 15:26:00,50.2,50.2,185,189
2022-08-24 15:28:00,50.3,50.3,182,185
2022-08-24 15:30:00,50.3,50.3,185,187
2022-08-24 15:32:00,50.1,50.1,186,188
2022-08-24 15:34:00,50.0,49.9,180,184
2022-08-24 15:36:00,49.8,49.8,182,186
2022-08-24 15:38:00,50.2,50.2,185,187
2022-08-24 15:40:00,50.3,50.2,180,184
2022-08-24 15:42:00,49.9,49.9,182,186
2022-08-24 15:44:00,50.1,50.0,186,188
2022-08-24 15:46:00,50.1,50.2,188,191
2022-08-24 15:48:00,50.3,50.3,183,186
2022-08-24 15:50:00,50.2,50.2,185,187
2022-08-24 15:52:00,50.3,50.3,188,190
2022-08-24 15:54:00,50.1,50.2,184,188
2022-08-24 15:56:00,50.5,50.4,187,190
2022-08-24 15:58:00,50.5,50.5,190,193
2022-08-24 16:00:00,50.2,50.1,190,193
2022-08-24 16:02:00,50.4,50.4,187,192
2022-08-24 16:04:00,50.2,50.2,184,187
2022-08-24 16:06:00,50.1,50.1,179,182
2022-08-24 16:08:00,50.3,50.3,178,182
2022-08-24 16:10:00,50.0,50.0,180,185
2022-08-24 16:12:00,50.5,50.4,187,190
2022-08-24 16:14:00,50.3,50.3,185,187
2022-08-24 16:16:00,50.0,50.0,182,186
2022-08-24 16:18:00,50.3,50.4,183,187
2022-08-24 16:20:00,50.2,50.2,187,192
2022-08-24 16:22:00,50.2,50.2,183,187
2022-08-24 16:24:00,50.1,50.1,178,178
2022-08-24 16:26:00,50.3,50.3,182,180
2022-08-24 16:28:00,50.2,50.2,177,175
2022-08-24 16:30:00,50.1,50.1,176,176
2022-08-24 16:32:00,50.3,50.3,176,175
2022-08-24 16:34:00,50.3,50.3,184,187
2022-08-24 16:36:00,50.0,50.0,175,174
2022-08-24 16:38:00,50.4,50.5,177,176
2022-08-24 16:40:00,50.5,50.4,179,177
2022-08-24 16:42:00,50.3,50.3,178,176
2022-08-24 16:44:00,50.4,50.5,175,175
2022-08-24 16:46:00,50.3,50.2,179,178
2022-08-24 16:48:00,50.1,50.2,182,185
2022-08-24 16:50:00,50.3,50.3,183,187
2022-08-24 16:52:00,50.3,50.3,180,185
2022-08-24 16:54:00,50.2,50.2,180,184
2022-08-24 16:56:00,50.2,50.1,182,186
2022-08-24 16:58:00,50.3,50.3,173,178
2022-08-24 17:00:00,50.5,50.5,173,177
2022-08-24 17:02:00,50.3,50.3,173,176
2022-08-24 17:04:00,50.2,50.3,172,176
2022-08-24 17:06:00,50.2,50.3,170,173
2022-08-24 17:08:00,50.1,50.1,175,178
2022-08-24 17:10:00,50.1,50.1,175,178
2022-08-24 17:12:00,50.0,50.0,177,180
2022-08-24 17:14:00,50.5,50.3,179,182
2022-08-24 17:16:00,50.2,50.2,180,182
2022-08-24 17:18:00,50.2,50.3,178,181
2022-08-24 17:20:00,50.1,50.1,175,178
2022-08-24 17:22:00,50.3,50.3,178,180
2022-08-24 17:24:00,50.2,50.3,179,181
2022-08-24 17:26:00,50.3,50.3,176,180
2022-08-24 17:28:00,50.2,50.3,177,180
2022-08-24 17:30:00,50.4,50.4,178,180
2022-08-24 17:32:00,50.2,50.3,176,179
2022-08-24 17:34:00,50.3,50.3,175,178
2022-08-24 17:36:00,50.0,50.0,177,180
2022-08-24 17:38:00,50.4,50.4,180,182
2022-08-24 17:40:00,50.3,50.3,177,180
2022-08-24 17:42:00,50.0,50,174,178
2022-08-24 17:44:00,50.4,50.5,177,180
2022-08-24 17:46:00,50.1,50.1,175,177
2022-08-24 17:48:00,50.1,50.1,170,173
2022-08-24 17:50:00,49.9,50.0,172,175
2022-08-24 17:52:00,50.4,50.4,178,180
2022-08-24 17:54:00,50.2,50.2,173,176
2022-08-24 17:56:00,50.2,50.2,183,185
2022-08-24 17:58:00,49.9,49.9,184,185
2022-08-24 18:00:00,50.1,50,182,185
2022-08-24 18:02:00,50.2,50.2,179,181
2022-08-24 18:04:00,50.2,50.2,184,185
2022-08-24 18:06:00,50.3,50.3,186,187
2022-08-24 18:08:00,49.4,49.9,185,187
2022-08-24 18:10:00,50.2,50.2,185,187
2022-08-24 18:12:00,50.0,49.9,184,186
2022-08-24 18:14:00,50.0,50.0,181,184
2022-08-24 18:16:00,50.0,49.9,179,181
2022-08-24 18:18:00,50.2,50.1,182,184
2022-08-24 18:20:00,50.1,50.1,184,186
2022-08-24 18:22:00,50.0,49.9,180,183
2022-08-24 18:24:00,50.1,50.1,181,183
2022-08-24 18:26:00,49.8,49.8,182,184
2022-08-24 18:28:00,49.9,49.9,182,185
2022-08-24 18:30:00,50.1,50.1,178,181
2022-08-24 18:32:00,50.0,50,178,180
2022-08-24 18:34:00,49.8,49.8,178,179
2022-08-24 18:36:00,49.9,49.9,172,175
2022-08-24 18:38:00,50.0,49.9,173,170
2022-08-24 18:40:00,50,50.0,172,170
2022-08-24 18:42:00,49.9,49.8,170,168
2022-08-24 18:44:00,50.1,50.1,168,167
2022-08-24 18:46:00,49.8,49.8,171,169
2022-08-24 18:48:00,50.0,50.0,178,181
2022-08-24 18:50:00,49.7,49.7,174,178
2022-08-24 18:52:00,49.9,50.0,173,177
2022-08-24 18:54:00,50.1,50.0,181,183
2022-08-24 18:56:00,49.8,49.8,180,182
2022-08-24 18:58:00,49.9,49.9,181,184
2022-08-24 19:00:00,50.2,50.2,182,184
2022-08-24 19:02:00,49.9,49.9,181,183
2022-08-24 19:04:00,50.0,50.0,177,180
2022-08-24 19:06:00,50.0,50.1,182,185
2022-08-24 19:08:00,50.2,50.2,182,184
2022-08-24 19:10:00,49.8,49.8,181,183
2022-08-24 19:12:00,50.1,50.0,182,185
2022-08-24 19:14:00,49.8,49.8,181,183
2022-08-24 19:16:00,49.9,49.9,183,185
2022-08-24 19:18:00,49.8,49.8,180,182
2022-08-24 19:20:00,49.9,49.9,184,185
2022-08-24 19:22:00,49.9,50.0,181,184
2022-08-24 19:24:00,50.1,50.1,179,181
2022-08-24 19:26:00,50.1,50.1,179,182
2022-08-24 19:28:00,50.0,49.8,180,181
2022-08-24 19:30:00,50.1,50.0,177,179
2022-08-24 19:32:00,50.0,50.0,178,181
2022-08-24 19:34:00,50.1,50.2,180,182
2022-08-24 19:36:00,50.0,49.9,175,178
2022-08-24 19:38:00,50,50.0,178,180
2022-08-24 19:40:00,49.9,49.9,178,180
2022-08-24 19:42:00,49.9,49.9,180,182
2022-08-24 19:44:00,49.9,49.8,178,180
2022-08-24 19:46:00,50.0,50.0,176,179
2022-08-24 19:48:00,50.1,50.0,181,182
2022-08-24 19:50:00,49.9,49.9,182,184
2022-08-24 19:52:00,50.0,50.0,179,182
2022-08-24 19:54:00,50.0,50.0,183,186
2022-08-24 19:56:00,49.9,49.8,185,186
2022-08-24 19:58:00,50.0,50.0,182,185
2022-08-24 20:00:00,49.9,49.9,184,186
2022-08-24 20:02:00,49.8,49.8,182,184
2022-08-24 20:04:00,49.9,49.9,186,187
2022-08-24 20:06:00,50.2,50.2,180,185
2022-08-24 20:08:00,49.9,49.9,177,182
2022-08-24 20:10:00,50.1,50.1,182,187
2022-08-24 20:12:00,49.9,49.9,175,180
2022-08-24 20:14:00,50.1,50.1,174,179
2022-08-24 20:16:00,50.2,50.1,175,180
2022-08-24 20:18:00,49.9,49.9,178,182
2022-08-24 20:20:00,50.0,50,180,183
2022-08-24 20:22:00,49.8,49.9,183,185
2022-08-24 20:24:00,50.6,50.6,187,189
2022-08-24 20:26:00,49.9,49.9,182,185
2022-08-24 20:28:00,49.9,49.9,178,182
2022-08-24 20:30:00,50.2,50.1,180,182
2022-08-24 20:32:00,49.9,49.9,179,181
2022-08-24 20:34:00,50.1,50.1,176,179
2022-08-24 20:36:00,50.1,50.2,176,180
2022-08-24 20:38:00,49.9,49.9,176,180
2022-08-24 20:40:00,49.8,49.8,178,183
2022-08-24 20:42:00,50.0,50.1,179,185
2022-08-24 20:44:00,50.2,50.1,177,181
2022-08-24 20:46:00,50.2,50.2,175,180
2022-08-24 20:48:00,50.0,50.1,180,183
2022-08-24 20:50:00,50.2,50.2,182,185
2022-08-24 20:52:00,50.1,50.1,183,185
2022-08-24 20:54:00,50.2,50.3,180,183
2022-08-24 20:56:00,50.1,50.2,181,183
2022-08-24 20:58:00,50.0,50,178,176
2022-08-24 21:00:00,49.9,49.9,175,178
2022-08-24 21:02:00,50.0,50,181,182
2022-08-24 21:04:00,49.9,49.9,181,182
2022-08-24 21:06:00,49.9,50.0,185,186
2022-08-24 21:08:00,50.1,50.1,182,183
2022-08-24 21:10:00,50.1,50.1,186,188
2022-08-24 21:12:00,50.1,50.1,187,189
2022-08-24 21:14:00,50.3,50.2,185,188
2022-08-24 21:16:00,50.2,50.2,183,182
2022-08-24 21:18:00,50.1,50.1,188,190
2022-08-24 21:20:00,50.2,50.2,183,182
2022-08-24 21:22:00,50.1,50.1,187,190
2022-08-24 21:24:00,50.0,50.0,187,190
2022-08-24 21:26:00,49.9,49.9,185,187
2022-08-24 21:28:00,50.2,50.2,179,185
2022-08-24 21:30:00,50.2,50.2,180,185
2022-08-24 21:32:00,50.2,50.2,180,184
2022-08-24 21:34:00,50.1,50.0,180,185
2022-08-24 21:36:00,50.2,50.2,180,185
2022-08-24 21:38:00,,50.0,,184
2022-08-24 21:40:00,50.1,50.1,189,190
2022-08-24 21:42:00,50.1,50.1,183,188
2022-08-24 21:44:00,50.2,50.2,185,190
2022-08-24 21:46:00,50.2,50.2,193,194
2022-08-24 21:48:00,50.3,50.3,192,194
2022-08-24 21:50:00,50.2,50.2,192,194
2022-08-24 21:52:00,50.1,50.0,192,190
2022-08-24 21:54:00,50.5,50.5,194,196
2022-08-24 21:56:00,50.2,50.2,193,194
2022-08-24 21:58:00,50.1,50.1,195,197
2022-08-24 22:00:00,50.1,50.1,197,198
2022-08-24 22:02:00,50.5,50.4,193,195
2022-08-24 22:04:00,50.3,50.3,194,196
2022-08-24 22:06:00,50.4,50.4,197,198
2022-08-24 22:08:00,50.3,50.3,198,199
2022-08-24 22:10:00,50.4,50.3,196,198
2022-08-24 22:12:00,50.3,50.3,197,199
2022-08-24 22:14:00,50.2,50.2,196,198
2022-08-24 22:16:00,50.4,50.4,196,199
2022-08-24 22:18:00,50.4,50.4,198,201
2022-08-24 22:20:00,50.4,50.4,199,201
2022-08-24 22:22:00,50.3,50.3,197,201
2022-08-24 22:24:00,50.5,50.5,199,203
2022-08-24 22:26:00,50.4,50.4,201,204
2022-08-24 22:28:00,50.5,50.5,200,203
2022-08-24 22:30:00,50.4,50.5,199,203
2022-08-24 22:32:00,50.5,50.4,199,202
2022-08-24 22:34:00,50.4,50.5,201,204
2022-08-24 22:36:00,50.5,50.5,201,204
2022-08-24 22:38:00,50.4,50.3,199,201
2022-08-24 22:40:00,50.5,50.5,203,205
2022-08-24 22:42:00,50.5,50.5,199,202
2022-08-24 22:44:00,50.5,50.5,200,203
2022-08-24 22:46:00,50.6,50.6,204,206
2022-08-24 22:48:00,50.4,50.4,203,206
2022-08-24 22:50:00,50.4,50.5,202,205
2022-08-24 22:52:00,50.5,50.5,202,206
2022-08-24 22:54:00,50.3,50.4,203,206
2022-08-24 22:56:00,50.6,50.6,204,207
2022-08-24 22:58:00,50.6,50.5,203,207
2022-08-24 23:00:00,50.7,50.6,205,207
2022-08-24 23:02:00,50.7,50.6,202,205
2022-08-24 23:04:00,50.6,50.6,204,207
2022-08-24 23:06:00,50.6,50.6,204,207
2022-08-24 23:08:00,50.3,50.3,204,207
2022-08-24 23:10:00,50.5,50.5,202,205
2022-08-24 23:12:00,50.7,50.7,202,205
2022-08-24 23:14:00,50.5,50.5,203,205
2022-08-24 23:16:00,50.5,50.5,205,207
2022-08-24 23:18:00,50.6,50.6,206,209
2022-08-24 23:20:00,50.7,50.7,207,209
2022-08-24 23:22:00,50.5,50.5,208,209
2022-08-24 23:24:00,50.6,50.6,204,207
2022-08-24 23:26:00,50.4,50.5,204,207
2022-08-24 23:28:00,50.7,50.6,206,208
2022-08-24 23:30:00,50.4,50.5,208,209
2022-08-24 23:32:00,50.6,50.6,207,210
2022-08-24 23:34:00,50.6,50.6,209,211
2022-08-24 23:36:00,50.7,50.7,209,211
2022-08-24 23:38:00,50.5,50.6,207,210
2022-08-24 23:40:00,50.5,50.5,208,210
2022-08-24 23:42:00,50.6,50.6,209,211
2022-08-24 23:44:00,50.5,50.5,207,209
2022-08-24 23:46:00,50.8,50.8,209,211
2022-08-24 23:48:00,50.6,50.5,208,210
2022-08-24 23:50:00,50.5,50.5,209,211
2022-08-24 23:52:00,50.5,50.5,209,211
2022-08-24 23:54:00,50.5,50.5,209,212
2022-08-24 23:56:00,50.8,50.8,211,214
2022-08-24 23:58:00,50.8,50.7,211,213
2022-08-25 00:00:00,50.6,50.6,209,212
2022-08-25 00:02:00,50.7,50.6,215,217
2022-08-25 00:04:00,50.5,50.4,215,217
2022-08-25 00:06:00,50.8,50.8,214,217
2022-08-25 00:08:00,50.5,50.6,215,217
2022-08-25 00:10:00,50.5,50.5,215,217
2022-08-25 00:12:00,50.7,50.7,210,214
2022-08-25 00:14:00,50.7,50.7,213,216
2022-08-25 00:16:00,50.5,50.5,214,216
2022-08-25 00:18:00,50.5,50.6,213,216
2022-08-25 00:20:00,50.6,50.6,213,216
2022-08-25 00:22:00,50.6,50.6,214,216
2022-08-25 00:24:00,50.6,50.6,214,216
2022-08-25 00:26:00,50.7,50.6,213,216
2022-08-25 00:28:00,50.5,50.5,214,216
2022-08-25 00:30:00,50.7,50.6,215,217
2022-08-25 00:32:00,50.6,50.7,214,217
2022-08-25 00:34:00,50.6,50.6,214,216
2022-08-25 00:36:00,50.7,50.7,215,217
2022-08-25 00:38:00,50.7,50.7,215,217
2022-08-25 00:40:00,50.6,50.6,214,217
2022-08-25 00:42:00,50.6,50.6,216,218
2022-08-25 00:44:00,50.6,50.6,216,218
2022-08-25 00:46:00,50.7,50.7,213,216
2022-08-25 00:48:00,50.1,50.1,214,216
2022-08-25 00:50:00,50.2,50.3,216,218
2022-08-25 00:52:00,50.3,50.2,214,217
2022-08-25 00:54:00,50.2,50.3,214,216
2022-08-25 00:56:00,50.3,50.3,214,216
2022-08-25 00:58:00,50.3,50.3,216,219
2022-08-25 01:00:00,50.2,50.1,214,217
2022-08-25 01:02:00,50.3,50.3,216,218
2022-08-25 01:04:00,50.2,50.2,218,220
2022-08-25 01:06:00,50.1,50.1,216,219
2022-08-25 01:08:00,50.2,50.3,216,219
2022-08-25 01:10:00,50.3,50.3,217,219
2022-08-25 01:12:00,50.3,50.3,217,219
2022-08-25 01:14:00,50.3,50.3,216,219
2022-08-25 01:16:00,50.3,50.2,218,220
2022-08-25 01:18:00,50.3,50.3,218,220
2022-08-25 01:20:00,50.3,50.3,216,219
2022-08-25 01:22:00,50.2,50.3,216,219
2022-08-25 01:24:00,50.3,50.4,219,220
2022-08-25 01:26:00,50.3,50.3,217,219
2022-08-25 01:28:00,50.1,50.1,216,219
2022-08-25 01:30:00,50.4,50.4,218,220
2022-08-25 01:32:00,50.3,50.4,219,221
2022-08-25 01:34:00,50.2,50.2,217,219
2022-08-25 01:36:00,50.3,50.3,219,221
2022-08-25 01:38:00,50.2,50.2,219,221
2022-08-25 01:40:00,50.3,50.3,217,219
2022-08-25 01:42:00,50.3,50.3,216,219
2022-08-25 01:44:00,50.2,50.3,218,220
2022-08-25 01:46:00,50.3,50.3,218,220
2022-08-25 01:48:00,50.2,50.3,216,219
2022-08-25 01:50:00,50.3,50.4,219,220
2022-08-25 01:52:00,50.2,50.3,219,220
2022-08-25 01:54:00,50.3,50.3,217,220
2022-08-25 01:56:00,50.3,50.3,218,221
2022-08-25 01:58:00,50.3,50.3,220,221
2022-08-25 02:00:00,50.4,50.4,219,221
2022-08-25 02:02:00,50.3,50.3,218,220
2022-08-25 02:04:00,50.3,50.3,219,221
2022-08-25 02:06:00,50.4,50.4,219,221
2022-08-25 02:08:00,50.4,50.3,217,220
2022-08-25 02:10:00,50.2,50.1,219,221
2022-08-25 02:12:00,50.2,50.3,219,221
2022-08-25 02:14:00,50.3,50.3,218,221
2022-08-25 02:16:00,50.3,50.4,218,221
2022-08-25 02:18:00,50.3,50.3,219,221
2022-08-25 02:20:00,50.2,50.3,218,220
2022-08-25 02:22:00,50.3,50.3,217,220
2022-08-25 02:24:00,50.3,50.3,219,221
2022-08-25 02:26:00,50.3,50.3,219,221
2022-08-25 02:28:00,50.3,50.3,218,221
2022-08-25 02:30:00,50.4,50.5,220,221
2022-08-25 02:32:00,50.3,50.2,220,221
2022-08-25 02:34:00,50.2,50.2,219,221
2022-08-25 02:36:00,50.3,50.2,219,221
2022-08-25 02:38:00,50.4,50.5,221,222
2022-08-25 02:40:00,,50.4,,222
2022-08-25 02:42:00,50.2,50.2,219,221
2022-08-25 02:44:00,50.4,50.4,220,222
2022-08-25 02:46:00,50.2,50.2,220,222
2022-08-25 02:48:00,50.5,50.4,219,221
2022-08-25 02:50:00,50.2,50.1,219,221
2022-08-25 02:52:00,50.3,50.3,221,222
2022-08-25 02:54:00,50.3,50.3,219,221
2022-08-25 02:56:00,50.4,50.4,219,221
2022-08-25 02:58:00,50.3,50.3,220,222
2022-08-25 03:00:00,50.3,50.2,221,222
2022-08-25 03:02:00,50.5,50.4,219,221
2022-08-25 03:04:00,50.4,50.3,220,222
2022-08-25 03:06:00,50.3,50.3,221,222
2022-08-25 03:08:00,50.3,50.3,219,221
2022-08-25 03:10:00,50.3,50.3,218,220
2022-08-25 03:12:00,50.5,50.5,220,221
2022-08-25 03:14:00,50.1,50.1,220,221
2022-08-25 03:16:00,50.5,50.5,219,221
2022-08-25 03:18:00,50.3,50.3,220,221
2022-08-25 03:20:00,50.3,50.3,220,221
2022-08-25 03:22:00,50.2,50.3,219,221
2022-08-25 03:24:00,50.3,50.2,219,221
2022-08-25 03:26:00,50.3,50.3,220,221
2022-08-25 03:28:00,50.2,50.2,218,220
2022-08-25 03:30:00,50.2,50.2,219,221
2022-08-25 03:32:00,50.5,50.5,221,222
2022-08-25 03:34:00,50.3,50.3,220,221
2022-08-25 03:36:00,50.3,50.3,218,221
2022-08-25 03:38:00,50.2,50.3,220,221
2022-08-25 03:40:00,50.5,50.5,220,222
2022-08-25 03:42:00,50.3,50.3,218,221
2022-08-25 03:44:00,50.3,50.3,219,221
2022-08-25 03:46:00,50.2,50.3,220,222
2022-08-25 03:48:00,50.3,50.2,219,221
2022-08-25 03:50:00,50.2,50.3,219,221
2022-08-25 03:52:00,50.4,50.3,221,222
2022-08-25 03:54:00,50.3,50.4,221,223
2022-08-25 03:56:00,50.4,50.4,219,221
2022-08-25 03:58:00,50.1,50.2,220,222
2022-08-25 04:00:00,50.4,50.5,221,223
2022-08-25 04:02:00,50.4,50.4,219,222
2022-08-25 04:04:00,50.2,50.2,219,221
2022-08-25 04:06:00,50.2,50.3,221,223
2022-08-25 04:08:00,50.3,50.3,221,223
2022-08-25 04:10:00,50.2,50.2,220,223
2022-08-25 04:12:00,50.4,50.4,221,223
2022-08-25 04:14:00,50.1,50.2,221,222
2022-08-25 04:16:00,50.3,50.3,219,222
2022-08-25 04:18:00,50.5,50.5,220,222
2022-08-25 04:20:00,50.3,50.3,221,223
2022-08-25 04:22:00,50.5,50.5,220,222
2022-08-25 04:24:00,50.5,50.4,220,222
2022-08-25 04:26:00,50.3,50.3,221,222
2022-08-25 04:28:00,50.3,50.3,221,223
2022-08-25 04:30:00,50.4,50.4,220,222
2022-08-25 04:32:00,50.3,50.4,222,223
2022-08-25 04:34:00,50.4,50.3,222,223
2022-08-25 04:36:00,50.3,50.3,220,223
2022-08-25 04:38:00,50.4,50.3,221,223
2022-08-25 04:40:00,50.2,50.2,221,222
2022-08-25 04:42:00,50.3,50.3,219,221
2022-08-25 04:44:00,50.3,50.3,219,221
2022-08-25 04:46:00,50.3,50.3,221,222
2022-08-25 04:48:00,50.3,50.3,220,221
2022-08-25 04:50:00,50.3,50.3,219,221
2022-08-25 04:52:00,50.2,50.2,219,221
2022-08-25 04:54:00,50.3,50.3,220,221
2022-08-25 04:56:00,50.2,50.2,219,221
2022-08-25 04:58:00,50.3,50.3,218,221
2022-08-25 05:00:00,50.3,50.2,220,221
2022-08-25 05:02:00,50.2,50.2,221,222
2022-08-25 05:04:00,50.3,50.3,219,221
2022-08-25 05:06:00,50.3,50.2,220,221
2022-08-25 05:08:00,50.2,50.2,220,221
2022-08-25 05:10:00,50.1,50.1,219,220
2022-08-25 05:12:00,50.3,50.3,219,221
2022-08-25 05:14:00,50.2,50.2,219,221
2022-08-25 05:16:00,50.1,50.2,218,220
2022-08-25 05:18:00,50.3,50.3,218,221
2022-08-25 05:20:00,50.2,50.1,219,221
2022-08-25 05:22:00,50.2,50.2,220,221
2022-08-25 05:24:00,50.3,50.2,217,219
2022-08-25 05:26:00,50.1,50.1,218,219
2022-08-25 05:28:00,50.4,50.4,217,219
2022-08-25 05:30:00,50.1,50.1,216,219
2022-08-25 05:32:00,50.1,50.2,216,219
2022-08-25 05:34:00,50.2,50.2,218,219
2022-08-25 05:36:00,50.1,50.1,219,219
2022-08-25 05:38:00,50.2,50.1,216,218
2022-08-25 05:40:00,50.1,50.1,217,219
2022-08-25 05:42:00,50.3,50.3,219,220
2022-08-25 05:44:00,50.0,50.0,218,219
2022-08-25 05:46:00,50.3,50.3,219,221
2022-08-25 05:48:00,50.3,,221,
2022-08-25 05:50:00,50.2,50.3,218,220
2022-08-25 05:52:00,50.0,50,217,219
2022-08-25 05:54:00,50.2,50.1,216,217
2022-08-25 05:56:00,50.1,50.1,216,217
2022-08-25 05:58:00,50.2,50.2,214,216
2022-08-25 06:00:00,50.3,50.3,216,217
2022-08-25 06:02:00,50.2,50.2,212,214
2022-08-25 06:04:00,50.3,50.2,207,209
2022-08-25 06:06:00,50.2,50.1,212,214
2022-08-25 06:08:00,49.9,50.0,214,214
2022-08-25 06:10:00,50.1,50.1,213,214
2022-08-25 06:12:00,50.2,50.2,214,216
2022-08-25 06:14:00,50.1,50.1,213,214
2022-08-25 06:16:00,50.4,50.4,216,218
2022-08-25 06:18:00,50.2,50.2,212,214
2022-08-25 06:20:00,50.4,50.4,216,219
2022-08-25 06:22:00,50.2,50.1,216,217
2022-08-25 06:24:00,50.2,50.3,216,217
2022-08-25 06:26:00,5587,6536,0,0
2022-08-25 06:28:00,3236,4367,0,0.707
2022-08-25 06:30:00,51.1,51.2,240,242
2022-08-25 06:32:00,51.3,51.3,236,240
2022-08-25 06:34:00,51.3,51.4,238,233
2022-08-25 06:36:00,51.2,51.2,236,231
2022-08-25 06:38:00,51.2,51.2,236,232
2022-08-25 06:40:00,51.4,51.3,237,238
2022-08-25 06:42:00,51.4,51.5,236,232
2022-08-25 06:44:00,51.6,51.5,236,236
2022-08-25 06:46:00,51.5,51.6,236,238
2022-08-25 06:48:00,51.6,51.4,236,238
2022-08-25 06:50:00,51.5,51.6,237,238
2022-08-25 06:52:00,51.6,51.6,237,238
2022-08-25 06:54:00,51.5,51.6,236,238
2022-08-25 06:56:00,51.5,51.5,237,239
2022-08-25 06:58:00,51.3,51.2,235,237
2022-08-25 07:00:00,51.4,51.4,236,238
2022-08-25 07:02:00,51.7,51.6,236,238
2022-08-25 07:04:00,51.5,51.5,236,238
2022-08-25 07:06:00,51.3,51.3,236,238
2022-08-25 07:08:00,51.5,51.5,237,238
2022-08-25 07:10:00,51.4,51.4,236,238
2022-08-25 07:12:00,51.5,51.5,235,237
2022-08-25 07:14:00,51.4,51.3,234,237
2022-08-25 07:16:00,51.5,51.5,234,236
2022-08-25 07:18:00,51.4,51.5,233,236
2022-08-25 07:20:00,51.3,51.3,232,235
2022-08-25 07:22:00,51.3,51.2,233,236
2022-08-25 07:24:00,51.3,51.3,233,236
2022-08-25 07:26:00,51.5,51.5,233,236
2022-08-25 07:28:00,51.3,51.4,234,236
2022-08-25 07:30:00,51.4,51.5,234,236
2022-08-25 07:32:00,51.5,51.5,234,237
2022-08-25 07:34:00,51.4,51.5,233,236
2022-08-25 07:36:00,51.2,51.3,236,238
2022-08-25 07:38:00,51.2,51.2,236,237
2022-08-25 07:40:00,51.3,51.3,234,237
2022-08-25 07:42:00,51.2,51.2,233,236
2022-08-25 07:44:00,51.3,51.3,234,236
2022-08-25 07:46:00,51.3,51.2,233,236
2022-08-25 07:48:00,51.5,51.5,233,236
2022-08-25 07:50:00,51.4,51.3,231,236
2022-08-25 07:52:00,51.1,51.2,235,238
2022-08-25 07:54:00,51.1,51.0,235,238
2022-08-25 07:56:00,51.0,51.0,236,238
2022-08-25 07:58:00,50.9,50.9,231,237
2022-08-25 08:00:00,51.0,51.2,233,237
2022-08-25 08:02:00,51.3,51.3,232,236
2022-08-25 08:04:00,51.5,51.5,233,236
2022-08-25 08:06:00,51.4,51.3,233,236
2022-08-25 08:08:00,51.3,51.3,232,236
2022-08-25 08:10:00,51.3,51.2,233,236
2022-08-25 08:12:00,51.2,51.3,233,236
2022-08-25 08:14:00,51.4,51.3,232,236
2022-08-25 08:16:00,51.2,51.2,233,236
2022-08-25 08:18:00,51.3,51.2,233,236
2022-08-25 08:20:00,51.4,51.3,232,236
2022-08-25 08:22:00,51.3,51.3,232,236
2022-08-25 08:24:00,51.3,51.4,232,236
2022-08-25 08:26:00,51.3,51.3,233,236
2022-08-25 08:28:00,51.4,51.3,231,236
2022-08-25 08:30:00,51.2,51.2,232,236
2022-08-25 08:32:00,51.2,51.1,233,236
2022-08-25 08:34:00,51.1,51.2,232,236
2022-08-25 08:36:00,51.2,51.3,233,236
2022-08-25 08:38:00,51.3,51.4,233,237
2022-08-25 08:40:00,51.3,51.3,232,236
2022-08-25 08:42:00,51.3,51.3,232,236
2022-08-25 08:44:00,51.3,51.2,234,237
2022-08-25 08:46:00,51.3,51.2,235,237
2022-08-25 08:48:00,51.4,51.4,233,237
2022-08-25 08:50:00,51.3,51.3,233,237
2022-08-25 08:52:00,51.4,51.5,233,236
2022-08-25 08:54:00,51.4,51.4,232,236
2022-08-25 08:56:00,51.4,51.3,233,236
2022-08-25 08:58:00,51.3,51.2,234,237
2022-08-25 09:00:00,51.5,51.5,233,236
2022-08-25 09:02:00,51.3,51.3,233,236
2022-08-25 09:04:00,51.3,51.3,234,236
2022-08-25 09:06:00,51.2,51.1,231,236
2022-08-25 09:08:00,51.2,51.1,230,236
2022-08-25 09:10:00,51.3,51.2,234,237
2022-08-25 09:12:00,51.4,51.4,235,237
2022-08-25 09:14:00,51.4,51.4,234,236
2022-08-25 09:16:00,51.3,51.4,233,236
2022-08-25 09:18:00,51.3,51.4,235,237
2022-08-25 09:20:00,51.4,51.4,235,236
2022-08-25 09:22:00,51.4,51.3,234,236
2022-08-25 09:24:00,51.4,51.5,233,236
2022-08-25 09:26:00,51.3,51.4,234,236
2022-08-25 09:28:00,51.3,51.3,233,236
2022-08-25 09:30:00,51.3,51.2,233,236
2022-08-25 09:32:00,51.2,51.3,236,237
2022-08-25 09:34:00,51.1,51.1,235,237
2022-08-25 09:36:00,51.1,51.0,233,237
2022-08-25 09:38:00,51.3,51.3,233,236
2022-08-25 09:40:00,51.3,52.6,233,236
2022-08-25 09:42:00,51.2,51.1,229,235
2022-08-25 09:44:00,51.0,51.0,229,235
2022-08-25 09:46:00,51.1,51.1,234,236
2022-08-25 09:48:00,50.8,50.7,232,236
2022-08-25 09:50:00,50.8,50.8,231,235
2022-08-25 09:52:00,50.8,50.8,232,235
2022-08-25 09:54:00,50.7,50.7,232,234
2022-08-25 09:56:00,50.6,50.7,230,233
2022-08-25 09:58:00,50.8,50.8,231,235
2022-08-25 10:00:00,50.7,50.8,231,233
2022-08-25 10:02:00,50.7,50.8,231,234
2022-08-25 10:04:00,50.6,50.6,230,233
2022-08-25 10:06:00,50.9,50.8,231,233
2022-08-25 10:08:00,50.9,50.8,231,233
2022-08-25 10:10:00,50.8,50.7,230,233
2022-08-25 10:12:00,50.7,50.6,231,234
2022-08-25 10:14:00,50.8,50.8,232,235
2022-08-25 10:16:00,50.8,50.7,228,232
2022-08-25 10:18:00,50.8,50.8,229,233
2022-08-25 10:20:00,50.8,50.7,230,232
2022-08-25 10:22:00,50.7,50.9,231,233
2022-08-25 10:24:00,50.7,50.8,230,233
2022-08-25 10:26:00,50.8,50.7,229,233
2022-08-25 10:28:00,50.9,50.8,231,233
2022-08-25 10:30:00,50.6,50.7,230,233
2022-08-25 10:32:00,50.6,50.8,230,233
2022-08-25 10:34:00,50.7,50.7,230,233
2022-08-25 10:36:00,50.6,50.8,231,233
2022-08-25 10:38:00,50.6,50.7,228,232
2022-08-25 10:40:00,50.8,50.7,231,234
2022-08-25 10:42:00,50.6,50.7,231,233
2022-08-25 10:44:00,50.5,50.5,230,233
2022-08-25 10:46:00,50.7,50.6,231,234
2022-08-25 10:48:00,50.7,50.6,230,233
2022-08-25 10:50:00,50.6,50.6,228,233
2022-08-25 10:52:00,50.7,50.7,229,233
2022-08-25 10:54:00,50.8,50.8,229,233
2022-08-25 10:56:00,50.5,50.4,229,233
2022-08-25 10:58:00,50.4,50.5,228,233
2022-08-25 11:00:00,50.3,50.2,227,231
2022-08-25 11:02:00,50.6,50.6,229,233
2022-08-25 11:04:00,50.5,50.7,228,232
2022-08-25 11:06:00,50.6,50.6,228,232
2022-08-25 11:08:00,50.5,50.6,227,231
2022-08-25 11:10:00,50.5,50.5,229,233
2022-08-25 11:12:00,50.5,50.6,227,232
2022-08-25 11:14:00,50.7,50.6,229,233
2022-08-25 11:16:00,50.6,50.6,230,233
2022-08-25 11:18:00,50.5,50.5,227,231
2022-08-25 11:20:00,50.5,50.5,227,232
2022-08-25 11:22:00,50.6,50.6,228,233
2022-08-25 11:24:00,50.5,50.5,228,233
2022-08-25 11:26:00,50.7,50.6,228,233
2022-08-25 11:28:00,50.5,50.6,229,233
2022-08-25 11:30:00,50.5,50.5,230,233
2022-08-25 11:32:00,50.6,50.5,226,231
2022-08-25 11:34:00,50.6,50.7,227,233
2022-08-25 11:36:00,50.6,50.6,229,233
2022-08-25 11:38:00,50.6,50.5,228,233
2022-08-25 11:40:00,50.5,50.5,229,233
2022-08-25 11:42:00,50.7,50.6,229,233
2022-08-25 11:44:00,50.5,50.6,230,233
2022-08-25 11:46:00,50.6,50.5,228,233
2022-08-25 11:48:00,50.7,50.7,229,234
2022-08-25 11:50:00,50.6,50.6,230,234
2022-08-25 11:52:00,50.6,50.7,228,233
2022-08-25 11:54:00,50.6,50.7,229,234
2022-08-25 11:56:00,50.7,50.7,230,234
2022-08-25 11:58:00,50.6,50.6,229,234
2022-08-25 12:00:00,50.3,50.4,228,233
2022-08-25 12:02:00,50.3,50.4,228,233
2022-08-25 12:04:00,50.4,50.5,230,234
2022-08-25 12:06:00,50.5,50.4,228,234
2022-08-25 12:08:00,50.4,50.5,229,234
2022-08-25 12:10:00,50.7,50.9,231,235
2022-08-25 12:12:00,50.7,50.8,231,236
2022-08-25 12:14:00,50.7,50.7,231,235
2022-08-25 12:16:00,50.9,50.7,231,236
2022-08-25 12:18:00,50.9,50.8,231,235
2022-08-25 12:20:00,50.8,50.8,230,235
2022-08-25 12:22:00,50.7,50.9,229,234
2022-08-25 12:24:00,50.6,50.6,231,235
2022-08-25 12:26:00,50.7,50.6,229,234
2022-08-25 12:28:00,50.8,50.7,230,235
2022-08-25 12:30:00,50.9,50.9,231,235
2022-08-25 12:32:00,50.8,50.8,230,235
2022-08-25 12:34:00,50.6,50.7,229,234
2022-08-25 12:36:00,50.8,50.6,231,235
2022-08-25 12:38:00,50.9,50.8,231,235
2022-08-25 12:40:00,50.7,50.8,229,235
2022-08-25 12:42:00,50.7,50.8,229,235
2022-08-25 12:44:00,50.8,50.7,231,235
2022-08-25 12:46:00,50.9,50.9,231,235
2022-08-25 12:48:00,50.8,50.6,229,234
2022-08-25 12:50:00,50.5,50.6,230,234
2022-08-25 12:52:00,50.5,50.6,231,235
2022-08-25 12:54:00,50.7,50.6,231,236
2022-08-25 12:56:00,50.6,50.6,231,236
2022-08-25 12:58:00,50.7,50.7,231,235
2022-08-25 13:00:00,50.9,50.9,231,235
2022-08-25 13:02:00,50.7,50.7,230,235
2022-08-25 13:04:00,50.8,50.8,231,235
2022-08-25 13:06:00,50.8,50.9,231,235
2022-08-25 13:08:00,50.7,50.7,230,234
2022-08-25 13:10:00,50.8,50.7,230,234
2022-08-25 13:12:00,50.9,50.9,231,235
2022-08-25 13:14:00,50.9,51.0,230,234
2022-08-25 13:16:00,50.9,50.8,231,235
2022-08-25 13:18:00,50.7,50.8,230,233
2022-08-25 13:20:00,50.6,50.4,231,233
2022-08-25 13:22:00,50.4,50.4,230,234
2022-08-25 13:24:00,50.6,50.7,230,234
2022-08-25 13:26:00,50.5,50.5,230,233
2022-08-25 13:28:00,50.5,50.5,229,233
2022-08-25 13:30:00,50.5,50.6,228,233
2022-08-25 13:32:00,50.5,50.5,230,233
2022-08-25 13:34:00,50.6,50.5,231,233
2022-08-25 13:36:00,50.4,50.4,228,233
2022-08-25 13:38:00,50.5,50.6,229,233
2022-08-25 13:40:00,50.5,50.6,231,233
2022-08-25 13:42:00,50.6,50.6,230,234
2022-08-25 13:44:00,50.4,50.5,229,233
2022-08-25 13:46:00,50.5,50.5,230,233
2022-08-25 13:48:00,50.5,50.5,229,233
2022-08-25 13:50:00,50.4,50.3,228,233
2022-08-25 13:52:00,50.5,50.5,230,234
2022-08-25 13:54:00,50.5,50.5,230,234
2022-08-25 13:56:00,50.6,50.5,228,233
2022-08-25 13:58:00,50.6,50.5,228,233
2022-08-25 14:00:00,50.6,50.6,229,234
2022-08-25 14:02:00,50.5,50.5,228,233
2022-08-25 14:04:00,50.5,50.6,228,233
2022-08-25 14:06:00,50.5,50.6,229,233
2022-08-25 14:08:00,50.5,50.4,229,233
2022-08-25 14:10:00,50.4,50.4,228,233
2022-08-25 14:12:00,50.3,50.4,227,232
2022-08-25 14:14:00,50.5,50.4,228,233
2022-08-25 14:16:00,50.5,50.5,226,233
2022-08-25 14:18:00,50.4,50.5,227,233
2022-08-25 14:20:00,50.4,50.4,229,233
2022-08-25 14:22:00,50.5,50.4,229,233
2022-08-25 14:24:00,50.5,50.5,228,234
2022-08-25 14:26:00,50.5,50.5,228,233
2022-08-25 14:28:00,50.6,50.7,229,234
2022-08-25 14:30:00,50.7,50.6,228,233
2022-08-25 14:32:00,50.8,50.9,228,233
2022-08-25 14:34:00,50.9,50.9,228,233
2022-08-25 14:36:00,50.9,50.8,229,233
2022-08-25 14:38:00,50.7,50.6,229,234
2022-08-25 14:40:00,50.6,50.6,228,233
2022-08-25 14:42:00,50.7,50.8,229,234
2022-08-25 14:44:00,50.5,50.6,228,233
2022-08-25 14:46:00,50.6,50.8,228,233
2022-08-25 14:48:00,50.6,50.5,224,233
2022-08-25 14:50:00,50.7,50.7,227,234
2022-08-25 14:52:00,51.0,50.9,229,235
2022-08-25 14:54:00,51.0,51.0,230,240
2022-08-25 14:56:00,50.8,50.9,231,235
2022-08-25 14:58:00,51.1,51.1,231,235
2022-08-25 15:00:00,51.1,51.0,230,235
2022-08-25 15:02:00,51.2,51.2,230,235
2022-08-25 15:04:00,51.0,50.8,229,234
2022-08-25 15:06:00,51.0,51.0,228,233
2022-08-25 15:08:00,50.9,51.0,229,234
2022-08-25 15:10:00,51.0,50.9,230,235
2022-08-25 15:12:00,50.9,51.0,230,235
2022-08-25 15:14:00,51.1,51.1,228,234
2022-08-25 15:16:00,50.9,51.0,229,237
2022-08-25 15:18:00,51.0,50.9,231,235
2022-08-25 15:20:00,51.0,50.9,228,234
2022-08-25 15:22:00,51.2,51.1,228,234
2022-08-25 15:24:00,51.2,51.1,231,235
2022-08-25 15:26:00,51.1,51.0,228,233
2022-08-25 15:28:00,50.9,50.9,227,232
2022-08-25 15:30:00,50.8,50.9,229,234
2022-08-25 15:32:00,51.1,51.0,230,235
2022-08-25 15:34:00,51.0,51.0,229,234
2022-08-25 15:36:00,51.1,51.1,229,234
2022-08-25 15:38:00,51.1,51.1,230,233
2022-08-25 15:40:00,51.0,51.1,230,235
2022-08-25 15:42:00,51.1,51.0,228,234
2022-08-25 15:44:00,51.1,51.0,229,234
2022-08-25 15:46:00,51.0,51.1,229,234
2022-08-25 15:48:00,51.1,51.1,230,235
2022-08-25 15:50:00,51.2,51.2,228,233
2022-08-25 15:52:00,51.2,51.2,231,235
2022-08-25 15:54:00,51.2,51.1,229,234
2022-08-25 15:56:00,51.2,51.1,231,235
2022-08-25 15:58:00,51.3,51.3,231,234
2022-08-25 16:00:00,51.2,51.2,231,235
2022-08-25 16:02:00,51.2,51.2,230,234
2022-08-25 16:04:00,51.1,51.1,230,235
2022-08-25 16:06:00,51.2,51.3,231,235
2022-08-25 16:08:00,51.2,51.2,228,234
2022-08-25 16:10:00,51.1,51.2,228,233
2022-08-25 16:12:00,51.2,51.2,231,236
2022-08-25 16:14:00,51.3,51.2,232,236
2022-08-25 16:16:00,51.0,51.1,231,235
2022-08-25 16:18:00,51.2,51.1,231,235
2022-08-25 16:20:00,51.3,51.2,232,236
2022-08-25 16:22:00,51.2,51.1,231,236
2022-08-25 16:24:00,51.2,51.2,231,235
2022-08-25 16:26:00,51.3,51.3,232,236
2022-08-25 16:28:00,51.4,51.4,231,235
2022-08-25 16:30:00,51.1,51.1,231,235
2022-08-25 16:32:00,51.1,51.2,232,236
2022-08-25 16:34:00,51.1,51.3,233,236
2022-08-25 16:36:00,51.3,51.3,232,237
2022-08-25 16:38:00,51.2,51.2,232,236
2022-08-25 16:40:00,51.2,51.3,233,237
2022-08-25 16:42:00,51.1,51.2,233,237
2022-08-25 16:44:00,51.0,51.1,233,237
2022-08-25 16:46:00,51.1,51.2,233,237
2022-08-25 16:48:00,51.2,51.2,230,237
2022-08-25 16:50:00,51.1,51.1,228,236
2022-08-25 16:52:00,51.1,51.2,228,236
2022-08-25 16:54:00,51.1,51.2,233,237
2022-08-25 16:56:00,51.2,51.3,233,237
2022-08-25 16:58:00,51.0,51.1,232,237
2022-08-25 17:00:00,51.3,51.3,233,237
2022-08-25 17:02:00,51.2,51.2,230,236
2022-08-25 17:04:00,51.1,51.2,228,236
2022-08-25 17:06:00,51.0,51.0,229,237
2022-08-25 17:08:00,51.1,51.1,233,237
2022-08-25 17:10:00,51.2,51.3,231,236
2022-08-25 17:12:00,51.2,51.1,233,237
2022-08-25 17:14:00,51.4,51.4,233,236
2022-08-25 17:16:00,51.3,51.4,233,237
2022-08-25 17:18:00,51.5,51.5,231,236
2022-08-25 17:20:00,51.4,51.3,232,236
2022-08-25 17:22:00,51.4,51.4,232,236
2022-08-25 17:24:00,51.4,51.5,231,236
2022-08-25 17:26:00,51.2,51.4,231,236
2022-08-25 17:28:00,51.5,51.5,232,236
2022-08-25 17:30:00,51.4,51.4,232,236
2022-08-25 17:32:00,50.5,50.5,231,236
2022-08-25 17:34:00,50.5,50.5,231,236
2022-08-25 17:36:00,50.5,50.5,232,236
2022-08-25 17:38:00,50.6,50.5,231,236
2022-08-25 17:40:00,50.5,50.5,231,236
2022-08-25 17:42:00,50.5,50.5,233,236
2022-08-25 17:44:00,50.6,50.6,231,236
2022-08-25 17:46:00,50.6,50.6,231,236
2022-08-25 17:48:00,50.6,50.5,232,236
2022-08-25 17:50:00,50.6,50.5,233,236
2022-08-25 17:52:00,50.5,50.4,232,236
2022-08-25 17:54:00,50.5,50.5,231,236
2022-08-25 17:56:00,50.4,50.4,231,235
2022-08-25 17:58:00,50.5,50.5,231,235
2022-08-25 18:00:00,50.6,50.6,231,236
2022-08-25 18:02:00,50.6,50.5,233,236
2022-08-25 18:04:00,50.6,50.5,232,236
2022-08-25 18:06:00,50.6,50.7,232,236
2022-08-25 18:08:00,50.5,50.6,232,236
2022-08-25 18:10:00,50.5,50.6,233,236
2022-08-25 18:12:00,50.4,50.4,232,236
2022-08-25 18:14:00,49.8,49.8,178,180
2022-08-25 18:16:00,50.2,50.2,178,180
2022-08-25 18:18:00,50.1,50.1,175,178
2022-08-25 18:20:00,49.9,49.9,178,180
2022-08-25 18:22:00,49.9,49.8,175,179
2022-08-25 18:24:00,50.0,50.0,178,181
2022-08-25 18:26:00,49.9,49.9,173,178
2022-08-25 18:28:00,50.1,50.1,171,175
2022-08-25 18:30:00,50.2,50.3,192,194
2022-08-25 18:32:00,50.3,50.3,190,192
2022-08-25 18:34:00,50.2,50.2,184,188
2022-08-25 18:36:00,50.2,50.2,185,188
2022-08-25 18:38:00,50.2,50.2,185,187
2022-08-25 18:40:00,50.2,50.2,187,189
2022-08-25 18:42:00,50.3,50.3,179,182
2022-08-25 18:44:00,50.4,50.4,179,182
2022-08-25 18:46:00,50.1,50.1,180,182
2022-08-25 18:48:00,50.3,50.3,180,184
2022-08-25 18:50:00,50.4,50.5,182,186
2022-08-25 18:52:00,50.3,50.3,188,190
2022-08-25 18:54:00,50.3,50.3,185,188
2022-08-25 18:56:00,50.3,50.2,184,187
2022-08-25 18:58:00,50.3,50.3,186,190
2022-08-25 19:00:00,50.4,50.4,176,181
2022-08-25 19:02:00,50.3,50.3,178,185
2022-08-25 19:04:00,50.2,50.2,170,178
2022-08-25 19:06:00,50.5,50.5,173,180
2022-08-25 19:08:00,50.3,50.3,173,181
2022-08-25 19:10:00,50.4,50.5,178,185
2022-08-25 19:12:00,50.2,50.2,181,185
2022-08-25 19:14:00,50.3,50.3,187,189
2022-08-25 19:16:00,50.2,50.2,169,174
2022-08-25 19:18:00,50.3,50.2,168,174
2022-08-25 19:20:00,50.4,50.4,171,176
2022-08-25 19:22:00,50.2,50.2,174,179
2022-08-25 19:24:00,50.3,50.3,173,178
2022-08-25 19:26:00,50.1,50.1,177,179
2022-08-25 19:28:00,50.1,50.1,172,176
2022-08-25 19:30:00,50.1,50.1,168,173
2022-08-25 19:32:00,50.4,50.4,169,175
2022-08-25 19:34:00,50.3,50.2,174,180
2022-08-25 19:36:00,50.3,50.3,170,177
2022-08-25 19:38:00,,50.4,,180
2022-08-25 19:40:00,50.4,50.5,171,177
2022-08-25 19:42:00,50.2,50.3,173,178
2022-08-25 19:44:00,50.3,50.4,171,178
2022-08-25 19:46:00,50.6,50.6,166,173
2022-08-25 19:48:00,50.3,50.3,167,173
2022-08-25 19:50:00,50.2,50.2,165,170
2022-08-25 19:52:00,50.4,50.4,167,173
2022-08-25 19:54:00,50.1,50.2,169,175
2022-08-25 19:56:00,50.2,50.3,170,176
2022-08-25 19:58:00,50.5,50.5,169,176
2022-08-25 20:00:00,50.3,50.2,170,176
2022-08-25 20:02:00,50.2,50.2,170,176
2022-08-25 20:04:00,50.4,50.3,175,180
2022-08-25 20:06:00,50.3,50.3,174,178
2022-08-25 20:08:00,50.3,50.4,178,180
2022-08-25 20:10:00,50.3,50.3,178,180
2022-08-25 20:12:00,50.6,50.6,174,178
2022-08-25 20:14:00,50.5,50.5,175,179
2022-08-25 20:16:00,50.5,50.4,176,179
2022-08-25 20:18:00,50.2,50.1,174,178
2022-08-25 20:20:00,50.2,50.2,175,179
2022-08-25 20:22:00,50.4,50.4,173,183
2022-08-25 20:24:00,50.5,50.4,175,180
2022-08-25 20:26:00,50.5,50.4,173,180
2022-08-25 20:28:00,50.4,50.4,176,180
2022-08-25 20:30:00,50.4,50.3,177,180
2022-08-25 20:32:00,50.7,50.7,176,179
2022-08-25 20:34:00,50.4,50.4,178,182
2022-08-25 20:36:00,50.5,50.5,178,180
2022-08-25 20:38:00,50.5,50.5,181,184
2022-08-25 20:40:00,50.4,50.4,182,185
2022-08-25 20:42:00,50.6,50.6,184,187
2022-08-25 20:44:00,50.4,50.5,180,182
2022-08-25 20:46:00,50.6,50.6,174,178
2022-08-25 20:48:00,50.3,50.3,176,179
2022-08-25 20:50:00,50.4,50.4,178,180
2022-08-25 20:52:00,50.4,50.3,176,180
2022-08-25 20:54:00,50.5,50.4,176,179
2022-08-25 20:56:00,50.4,50.4,176,178
2022-08-25 20:58:00,50.1,50.1,180,182
2022-08-25 21:00:00,50.4,50.5,168,176
2022-08-25 21:02:00,50.5,50.5,171,178
2022-08-25 21:04:00,50.6,50.6,171,178
2022-08-25 21:06:00,50.1,50.1,175,178
2022-08-25 21:08:00,50.3,50.3,177,179
2022-08-25 21:10:00,50.4,50.3,178,179
2022-08-25 21:12:00,50.4,50.3,178,180
2022-08-25 21:14:00,50.6,50.5,180,182
2022-08-25 21:16:00,50.7,50.7,183,185
2022-08-25 21:18:00,50.4,50.5,184,186
2022-08-25 21:20:00,50.3,50.3,182,185
2022-08-25 21:22:00,50.1,50.2,182,185
2022-08-25 21:24:00,50.2,50.2,185,187
2022-08-25 21:26:00,50.5,50.5,185,187
2022-08-25 21:28:00,50.2,50.2,181,185
2022-08-25 21:30:00,50.7,50.7,186,188
2022-08-25 21:32:00,50.5,50.5,186,188
2022-08-25 21:34:00,50.6,50.5,186,188
2022-08-25 21:36:00,50.5,50.5,188,190
2022-08-25 21:38:00,50.3,50.3,187,188
2022-08-25 21:40:00,50.2,50.2,186,189
2022-08-25 21:42:00,50.8,50.8,185,188
2022-08-25 21:44:00,50.3,50.4,187,190
2022-08-25 21:46:00,50.4,50.5,187,190
2022-08-25 21:48:00,50.9,50.8,189,192
2022-08-25 21:50:00,50.6,50.6,192,193
2022-08-25 21:52:00,50.5,50.5,192,194
2022-08-25 21:54:00,50.3,50.3,191,194
2022-08-25 21:56:00,50.4,50.4,192,194
2022-08-25 21:58:00,50.6,50.7,192,194
2022-08-25 22:00:00,50.3,50.4,188,192
2022-08-25 22:02:00,50.6,50.7,192,194
2022-08-25 22:04:00,50.6,50.6,194,196
2022-08-25 22:06:00,50.8,50.8,195,197
2022-08-25 22:08:00,50.7,50.7,196,198
2022-08-25 22:10:00,50.9,50.9,199,202
2022-08-25 22:12:00,50.8,50.8,195,197
2022-08-25 22:14:00,50.7,50.7,196,199
2022-08-25 22:16:00,50.5,50.4,198,199
2022-08-25 22:18:00,50.7,50.6,199,201
2022-08-25 22:20:00,50.6,50.6,198,201
2022-08-25 22:22:00,51.0,51.0,199,202
2022-08-25 22:24:00,50.7,50.6,200,202
2022-08-25 22:26:00,50.7,50.6,198,201
2022-08-25 22:28:00,50.8,50.8,199,202
2022-08-25 22:30:00,50.5,50.5,201,203
2022-08-25 22:32:00,50.6,50.6,201,203
2022-08-25 22:34:00,50.7,50.7,200,203
2022-08-25 22:36:00,50.9,50.9,202,204
2022-08-25 22:38:00,50.9,50.9,201,203
2022-08-25 22:40:00,50.6,50.5,201,204
2022-08-25 22:42:00,50.8,50.8,203,207
2022-08-25 22:44:00,51.0,51.0,204,205
2022-08-25 22:46:00,50.8,50.8,202,205
2022-08-25 22:48:00,50.7,50.7,203,206
2022-08-25 22:50:00,50.6,50.6,204,206
2022-08-25 22:52:00,50.8,50.8,204,216
2022-08-25 22:54:00,50.8,50.7,204,207
2022-08-25 22:56:00,50.8,50.8,205,207
2022-08-25 22:58:00,50.7,50.7,206,207
2022-08-25 23:00:00,50.8,50.8,205,208
2022-08-25 23:02:00,51.1,51.0,205,208
2022-08-25 23:04:00,50.6,50.5,207,209
2022-08-25 23:06:00,50.8,50.8,206,209
2022-08-25 23:08:00,50.8,50.8,207,209
2022-08-25 23:10:00,50.8,50.8,208,210
2022-08-25 23:12:00,50.8,50.8,208,210
2022-08-25 23:14:00,50.8,50.9,207,209
2022-08-25 23:16:00,50.7,50.7,208,209
2022-08-25 23:18:00,50.7,50.8,208,210
2022-08-25 23:20:00,50.7,50.7,208,211
2022-08-25 23:22:00,50.9,50.8,207,210
2022-08-25 23:24:00,50.8,50.8,209,211
2022-08-25 23:26:00,51.0,51.0,207,210
2022-08-25 23:28:00,50.9,50.8,208,211
2022-08-25 23:30:00,51.0,51.0,210,211
2022-08-25 23:32:00,51.1,51.1,211,213
2022-08-25 23:34:00,50.7,50.8,209,211
2022-08-25 23:36:00,51.2,51.3,211,213
2022-08-25 23:38:00,50.6,50.6,210,212
2022-08-25 23:40:00,50.9,50.9,209,211
2022-08-25 23:42:00,50.6,50.6,210,212
2022-08-25 23:44:00,51.0,51.0,214,216
2022-08-25 23:46:00,50.8,50.7,213,215
2022-08-25 23:48:00,50.8,50.7,212,215
2022-08-25 23:50:00,50.6,50.5,214,216
2022-08-25 23:52:00,50.8,50.8,214,215
2022-08-25 23:54:00,50.9,50.9,213,215
2022-08-25 23:56:00,51.0,51.0,214,216
2022-08-25 23:58:00,50.9,50.9,214,216
2022-08-26 00:00:00,50.8,50.8,212,215
2022-08-26 00:02:00,51.0,51.0,213,215
2022-08-26 00:04:00,50.7,50.7,214,216
2022-08-26 00:06:00,50.6,50.6,213,216
2022-08-26 00:08:00,50.9,50.8,214,216
2022-08-26 00:10:00,50.9,50.8,214,216
2022-08-26 00:12:00,50.8,50.8,213,216
2022-08-26 00:14:00,50.8,50.8,214,216
2022-08-26 00:16:00,50.9,51.0,215,217
2022-08-26 00:18:00,50.3,50.4,215,217
2022-08-26 00:20:00,50.3,50.3,214,217
2022-08-26 00:22:00,50.4,50.4,216,217
2022-08-26 00:24:00,50.2,50.2,215,216
2022-08-26 00:26:00,50.3,50.3,214,216
2022-08-26 00:28:00,50.2,50.2,214,216
2022-08-26 00:30:00,50.5,50.4,217,219
2022-08-26 00:32:00,50.1,50.1,215,217
2022-08-26 00:34:00,50.2,50.2,214,216
2022-08-26 00:36:00,50.2,50.2,216,217
2022-08-26 00:38:00,50.4,50.5,217,219
2022-08-26 00:40:00,50.4,50.5,216,218
2022-08-26 00:42:00,50.3,50.3,217,219
2022-08-26 00:44:00,50.3,50.3,217,219
2022-08-26 00:46:00,50.3,50.2,216,218
2022-08-26 00:48:00,50.6,50.7,216,219
2022-08-26 00:50:00,50.1,50.2,217,219
2022-08-26 00:52:00,50.4,50.4,216,219
2022-08-26 00:54:00,50.4,50.4,217,219
2022-08-26 00:56:00,50.4,50.4,219,221
2022-08-26 00:58:00,50.4,50.4,219,220
2022-08-26 01:00:00,50.3,50.2,217,219
2022-08-26 01:02:00,50.2,50.2,218,219
2022-08-26 01:04:00,50.3,50.3,217,219
2022-08-26 01:06:00,50.7,50.7,216,219
2022-08-26 01:08:00,50.2,50.2,217,219
2022-08-26 01:10:00,50.4,50.4,219,221
2022-08-26 01:12:00,50.2,50.2,216,219
2022-08-26 01:14:00,50.3,50.3,216,219
2022-08-26 01:16:00,50.3,50.2,219,220
2022-08-26 01:18:00,50.3,50.3,218,219
2022-08-26 01:20:00,50.4,50.3,216,218
2022-08-26 01:22:00,50.3,50.3,218,228
2022-08-26 01:24:00,50.4,50.3,219,220
2022-08-26 01:26:00,50.3,50.2,217,219
2022-08-26 01:28:00,50.2,50.3,215,218
2022-08-26 01:30:00,50.3,50.3,217,219
2022-08-26 01:32:00,50.6,50.6,216,219
2022-08-26 01:34:00,50.4,50.5,215,219
2022-08-26 01:36:00,50.3,50.3,217,219
2022-08-26 01:38:00,50.3,50.3,217,219
2022-08-26 01:40:00,50.7,50.7,216,219
2022-08-26 01:42:00,50.1,50.1,217,220
2022-08-26 01:44:00,50.2,50.2,217,219
2022-08-26 01:46:00,50.0,50.0,215,218
2022-08-26 01:48:00,50.5,50.5,215,218
2022-08-26 01:50:00,50.1,50.1,216,219
2022-08-26 01:52:00,50.3,50.3,215,219
2022-08-26 01:54:00,50.3,50.3,216,219
2022-08-26 01:56:00,50.5,50.4,219,221
2022-08-26 01:58:00,50.2,50.2,219,222
2022-08-26 02:00:00,50.3,50.2,216,220
2022-08-26 02:02:00,50.5,50.5,218,220
2022-08-26 02:04:00,50.2,50.1,217,219
2022-08-26 02:06:00,50.4,50.3,216,219
2022-08-26 02:08:00,50.0,49.9,216,219
2022-08-26 02:10:00,50.3,50.4,219,221
2022-08-26 02:12:00,50.1,50.0,216,220
2022-08-26 02:14:00,50.4,50.4,217,221
2022-08-26 02:16:00,50.3,50.3,218,221
2022-08-26 02:18:00,50.4,50.3,216,219
2022-08-26 02:20:00,50.3,50.4,216,219
2022-08-26 02:22:00,50.6,50.5,219,221
2022-08-26 02:24:00,50.3,50.3,219,221
2022-08-26 02:26:00,50.3,50.3,218,221
2022-08-26 02:28:00,50.3,50.3,220,221
2022-08-26 02:30:00,50.6,50.6,219,221
2022-08-26 02:32:00,50.1,50.1,217,220
2022-08-26 02:34:00,50.5,50.4,217,220
2022-08-26 02:36:00,50.4,50.4,219,221
2022-08-26 02:38:00,50.5,50.4,219,221
2022-08-26 02:40:00,50.2,50.3,218,221
2022-08-26 02:42:00,50.2,50.2,220,232
2022-08-26 02:44:00,50.6,50.6,220,222
2022-08-26 02:46:00,50.2,50.2,217,220
2022-08-26 02:48:00,50.5,50.4,216,219
2022-08-26 02:50:00,50.2,50.2,219,220
2022-08-26 02:52:00,50.0,50.0,217,219
2022-08-26 02:54:00,50.3,50.3,217,220
2022-08-26 02:56:00,50.1,50.1,219,221
2022-08-26 02:58:00,50.3,50.3,219,221
2022-08-26 03:00:00,50.2,50.3,217,219
2022-08-26 03:02:00,50.3,50.3,219,220
2022-08-26 03:04:00,50.4,50.4,220,221
2022-08-26 03:06:00,,50.3,,221
2022-08-26 03:08:00,50.7,50.8,219,222
2022-08-26 03:10:00,50.3,50.4,221,222
2022-08-26 03:12:00,50.4,50.5,220,222
2022-08-26 03:14:00,50.3,50.3,219,221
2022-08-26 03:16:00,50.4,50.4,221,223
2022-08-26 03:18:00,50.4,50.3,221,223
2022-08-26 03:20:00,50.3,50.3,220,222
2022-08-26 03:22:00,50.5,50.5,222,229
2022-08-26 03:24:00,50.3,50.4,222,223
2022-08-26 03:26:00,50.6,50.6,221,223
2022-08-26 03:28:00,50.5,50.4,221,223
2022-08-26 03:30:00,50.6,50.6,221,223
2022-08-26 03:32:00,50.4,50.4,221,223
2022-08-26 03:34:00,50.1,50.2,220,223
2022-08-26 03:36:00,50.4,50.3,221,223
2022-08-26 03:38:00,50.3,50.4,221,223
2022-08-26 03:40:00,50.3,50.4,220,222
2022-08-26 03:42:00,50.3,50.4,221,222
2022-08-26 03:44:00,50.2,50.1,219,221
2022-08-26 03:46:00,50.3,50.4,219,221
2022-08-26 03:48:00,50.2,50.2,219,221
2022-08-26 03:50:00,50.6,50.7,221,222
2022-08-26 03:52:00,50.5,50.5,219,221
2022-08-26 03:54:00,50.4,50.5,219,221
2022-08-26 03:56:00,50.4,50.3,220,221
2022-08-26 03:58:00,50.3,50.3,219,220
2022-08-26 04:00:00,50.5,50.5,217,220
2022-08-26 04:02:00,50.3,50.3,219,221
2022-08-26 04:04:00,50.3,50.3,219,221
2022-08-26 04:06:00,50.3,50.3,217,220
2022-08-26 04:08:00,50.3,50.3,222,219
2022-08-26 04:10:00,50.4,50.3,219,221
2022-08-26 04:12:00,50.1,50.1,216,219
2022-08-26 04:14:00,50.3,50.4,216,219
2022-08-26 04:16:00,50.6,50.6,219,221
2022-08-26 04:18:00,50.3,50.3,219,221
2022-08-26 04:20:00,50.3,50.3,217,219
2022-08-26 04:22:00,50.4,50.3,219,221
2022-08-26 04:24:00,49.9,50.0,219,220
2022-08-26 04:26:00,50.4,50.4,217,219
2022-08-26 04:28:00,50.3,50.3,218,220
2022-08-26 04:30:00,50.8,50.8,219,221
2022-08-26 04:32:00,50.3,50.3,218,231
2022-08-26 04:34:00,50.4,50.3,218,221
2022-08-26 04:36:00,50.3,50.2,219,221
2022-08-26 04:38:00,50.2,50.2,219,221
2022-08-26 04:40:00,50.5,50.4,218,221
2022-08-26 04:42:00,50.3,50.3,219,220
2022-08-26 04:44:00,50.4,50.4,219,220
2022-08-26 04:46:00,50.4,50.4,219,221
2022-08-26 04:48:00,50.6,50.5,219,221
2022-08-26 04:50:00,50.2,50.2,220,221
2022-08-26 04:52:00,50.3,50.3,218,221
2022-08-26 04:54:00,50.6,50.6,219,221
2022-08-26 04:56:00,50.2,50.3,219,220
2022-08-26 04:58:00,50.3,50.3,219,220
2022-08-26 05:00:00,50.4,50.4,219,221
2022-08-26 05:02:00,50.3,50.2,221,222
2022-08-26 05:04:00,50.0,49.9,219,221
2022-08-26 05:06:00,50.4,50.4,218,220
2022-08-26 05:08:00,50.3,50.4,217,220
2022-08-26 05:10:00,50.4,50.4,218,220
2022-08-26 05:12:00,50.4,50.5,219,221
2022-08-26 05:14:00,50.3,50.3,218,221
2022-08-26 05:16:00,50.3,50.3,219,221
2022-08-26 05:18:00,50.3,50.3,219,221
2022-08-26 05:20:00,50.4,50.4,219,221
2022-08-26 05:22:00,50.2,50.2,219,223
2022-08-26 05:24:00,50.2,50.2,219,221
2022-08-26 05:26:00,50.4,50.4,217,220
2022-08-26 05:28:00,49.9,49.9,216,219
2022-08-26 05:30:00,50.2,50.3,220,222
2022-08-26 05:32:00,50.5,50.5,220,222
2022-08-26 05:34:00,50.4,50.3,219,221
2022-08-26 05:36:00,50.6,50.6,220,222
2022-08-26 05:38:00,50.3,50.2,218,220
2022-08-26 05:40:00,50.1,50.2,215,218
2022-08-26 05:42:00,50.3,50.3,216,219
2022-08-26 05:44:00,50.0,50.0,218,220
2022-08-26 05:46:00,50.2,50.1,221,223
2022-08-26 05:48:00,50.4,50.4,216,219
2022-08-26 05:50:00,50.3,50.4,218,219
2022-08-26 05:52:00,50.3,50.3,216,218
2022-08-26 05:54:00,50.5,50.5,216,219
2022-08-26 05:56:00,50.2,50.1,216,218
2022-08-26 05:58:00,50.4,50.3,212,214
2022-08-26 06:00:00,50.3,50.3,209,212
2022-08-26 06:02:00,50.1,50.1,209,212
2022-08-26 06:04:00,50.6,50.7,217,219
2022-08-26 06:06:00,50.3,50.3,212,216
2022-08-26 06:08:00,50.4,50.4,212,210
2022-08-26 06:10:00,50.3,50.3,213,209
2022-08-26 06:12:00,50.2,50.2,215,210
2022-08-26 06:14:00,50.3,50.3,213,210
2022-08-26 06:16:00,50.1,50.1,216,218
2022-08-26 06:18:00,50.3,50.2,220,222
2022-08-26 06:20:00,50.3,50.4,213,215
2022-08-26 06:22:00,50.1,50.1,212,215
2022-08-26 06:24:00,50.3,50.3,214,216
2022-08-26 06:26:00,50.2,50.1,213,216
2022-08-26 06:28:00,50.3,50.3,213,216
2022-08-26 06:30:00,50.0,50.1,214,216
2022-08-26 06:32:00,50.5,50.5,213,215
2022-08-26 06:34:00,50.4,50.3,202,211
2022-08-26 06:36:00,50.0,50.0,207,213
2022-08-26 06:38:00,50.2,50.2,214,216
2022-08-26 06:40:00,49.7,49.8,204,210
2022-08-26 06:42:00,50.0,50.0,205,211
2022-08-26 06:44:00,49.7,49.8,207,211
2022-08-26 06:46:00,50.0,50.0,207,211
2022-08-26 06:48:00,50.1,50.1,205,211
2022-08-26 06:50:00,50.1,50.1,206,211
2022-08-26 06:52:00,50.0,50.0,210,212
2022-08-26 06:54:00,50.2,50.2,209,211
2022-08-26 06:56:00,50.5,50.5,211,213
2022-08-26 06:58:00,50.0,49.9,210,211
2022-08-26 07:00:00,49.9,49.9,207,209
2022-08-26 07:02:00,50.3,50.3,209,211
2022-08-26 07:04:00,50.1,50.1,207,209
2022-08-26 07:06:00,50.4,50.3,208,211
2022-08-26 07:08:00,50.0,50.0,207,209
2022-08-26 07:10:00,50.3,50.3,207,209
2022-08-26 07:12:00,49.9,49.8,209,210
2022-08-26 07:14:00,50.1,50.1,208,211
2022-08-26 07:16:00,50.2,50.1,210,211
2022-08-26 07:18:00,50.2,50.1,207,209
2022-08-26 07:20:00,50.3,50.3,208,211
2022-08-26 07:22:00,49.8,50.0,208,216
2022-08-26 07:24:00,49.9,49.9,211,212
2022-08-26 07:26:00,50.2,50.2,211,213
2022-08-26 07:28:00,50.2,50.2,209,211
2022-08-26 07:30:00,50.0,50.0,207,209
2022-08-26 07:32:00,50.5,50.4,206,208
2022-08-26 07:34:00,50.1,50.1,204,207
2022-08-26 07:36:00,50.2,50.2,206,207
2022-08-26 07:38:00,50.2,50.3,207,209
2022-08-26 07:40:00,50.1,50.1,202,205
2022-08-26 07:42:00,50.0,50.0,202,205
2022-08-26 07:44:00,50.2,50.2,205,207
2022-08-26 07:46:00,50.1,50.1,203,207
2022-08-26 07:48:00,49.9,49.9,202,206
2022-08-26 07:50:00,49.9,49.9,200,202
2022-08-26 07:52:00,50.0,50.1,199,202
2022-08-26 07:54:00,50.0,50.0,198,201
2022-08-26 07:56:00,49.9,50.0,201,204
2022-08-26 07:58:00,49.8,49.7,198,200
2022-08-26 08:00:00,50.0,50.0,190,193
2022-08-26 08:02:00,50.2,100,190,199
2022-08-26 08:04:00,50.2,50.2,194,197
2022-08-26 08:06:00,49.9,49.9,190,193
2022-08-26 08:08:00,50.0,49.9,190,194
2022-08-26 08:10:00,50.2,50.2,188,191
2022-08-26 08:12:00,49.9,49.9,186,188
2022-08-26 08:14:00,49.8,49.8,181,185
2022-08-26 08:16:00,49.7,49.8,185,188
2022-08-26 08:18:00,49.8,49.8,190,193
2022-08-26 08:20:00,49.7,49.7,188,192
2022-08-26 08:22:00,50.0,50.1,187,190
2022-08-26 08:24:00,49.9,49.9,188,191
2022-08-26 08:26:00,50.0,49.9,189,192
2022-08-26 08:28:00,50.1,50.1,187,191
2022-08-26 08:30:00,49.8,49.8,184,187
2022-08-26 08:32:00,50.0,50.0,185,187
2022-08-26 08:34:00,49.9,49.9,183,187
2022-08-26 08:36:00,50.1,50.1,184,187
2022-08-26 08:38:00,50.2,50.1,182,185
2022-08-26 08:40:00,50.3,50.2,183,187
2022-08-26 08:42:00,50.0,50.1,185,188
2022-08-26 08:44:00,50.1,50.1,191,194
2022-08-26 08:46:00,50.1,50.1,181,187
2022-08-26 08:48:00,50.0,50.0,176,182
2022-08-26 08:50:00,50.2,50.3,182,187
2022-08-26 08:52:00,50,49.9,182,188
2022-08-26 08:54:00,50.1,50.1,182,188
2022-08-26 08:56:00,50.1,50.1,177,184
2022-08-26 08:58:00,49.9,49.9,179,185
2022-08-26 09:00:00,50.1,50.2,175,182
2022-08-26 09:02:00,50.1,50.1,175,182
2022-08-26 09:04:00,50.2,50.2,178,183
2022-08-26 09:06:00,49.9,50.0,179,185
2022-08-26 09:08:00,50.1,50.1,176,182
2022-08-26 09:10:00,49.8,49.8,184,187
2022-08-26 09:12:00,50.1,50.1,183,187
2022-08-26 09:14:00,50.1,50.1,180,185
2022-08-26 09:16:00,50.0,50.0,174,179
2022-08-26 09:18:00,50.3,50.2,182,186
2022-08-26 09:20:00,49.9,50.0,175,180
2022-08-26 09:22:00,50.2,50.2,172,178
2022-08-26 09:24:00,50.1,50.1,174,178
2022-08-26 09:26:00,50.0,49.9,168,172
2022-08-26 09:28:00,50.2,50.2,168,172
2022-08-26 09:30:00,49.9,50.0,170,175
2022-08-26 09:32:00,50.1,50.1,172,175
2022-08-26 09:34:00,50.1,50.1,170,175
2022-08-26 09:36:00,49.9,49.9,173,178
2022-08-26 09:38:00,50,49.9,173,177
2022-08-26 09:40:00,50.1,50.0,174,175
2022-08-26 09:42:00,50.0,50.1,173,178
2022-08-26 09:44:00,50.3,50.4,175,179
2022-08-26 09:46:00,50.1,50.1,176,180
2022-08-26 09:48:00,50.3,50.4,171,176
2022-08-26 09:50:00,50.2,50.2,173,178
2022-08-26 09:52:00,50.3,50.3,175,179
2022-08-26 09:54:00,50.2,50.3,170,175
2022-08-26 09:56:00,50.2,50.2,165,170
2022-08-26 09:58:00,50.2,50.1,166,170
2022-08-26 10:00:00,50.3,50.3,165,169
2022-08-26 10:02:00,50.1,50.2,165,170
2022-08-26 10:04:00,50.3,50.3,169,174
2022-08-26 10:06:00,50.3,50.4,173,177
2022-08-26 10:08:00,50.1,50.1,169,174
2022-08-26 10:10:00,50.2,50.2,165,170
2022-08-26 10:12:00,50.4,50.4,174,178
2022-08-26 10:14:00,50.3,50.3,175,178
2022-08-26 10:16:00,50.1,50.1,174,178
2022-08-26 10:18:00,50.1,50.2,179,183
2022-08-26 10:20:00,50.1,50.1,181,184
2022-08-26 10:22:00,50.2,50.1,181,185
2022-08-26 10:24:00,50.4,50.4,181,185
2022-08-26 10:26:00,50.1,50.0,178,182
2022-08-26 10:28:00,50.3,50.2,175,179
2022-08-26 10:30:00,50.3,50.3,175,180
2022-08-26 10:32:00,50.2,50.2,171,175
2022-08-26 10:34:00,50.0,50.0,174,177
2022-08-26 10:36:00,50.2,50.2,179,183
2022-08-26 10:38:00,50.2,50.1,173,175
2022-08-26 10:40:00,50.3,50.3,170,175
2022-08-26 10:42:00,49.8,49.9,175,178
2022-08-26 10:44:00,50.4,50.5,170,174
2022-08-26 10:46:00,50.4,50.4,175,180
2022-08-26 10:48:00,50.2,50.3,175,178
2022-08-26 10:50:00,50.2,50.2,178,182
2022-08-26 10:52:00,50.2,50.2,175,179
2022-08-26 10:54:00,50.4,50.4,173,178
2022-08-26 10:56:00,50.1,50.1,174,178
2022-08-26 10:58:00,50.3,50.3,182,185
2022-08-26 11:00:00,50.2,50.2,181,185
2022-08-26 11:02:00,50.3,50.3,171,176
2022-08-26 11:04:00,50.2,50.2,177,181
2022-08-26 11:06:00,50.1,50.1,174,177
2022-08-26 11:08:00,49.9,50.0,176,180
2022-08-26 11:10:00,50.1,50.1,176,180
2022-08-26 11:12:00,50.3,50.3,172,176
2022-08-26 11:14:00,50.3,50.3,178,181
2022-08-26 11:16:00,50.0,50.0,170,176
2022-08-26 11:18:00,50.3,50.3,172,178
2022-08-26 11:20:00,50.4,50.3,175,180
2022-08-26 11:22:00,50.3,50.3,174,179
2022-08-26 11:24:00,50.1,50.0,169,172
2022-08-26 11:26:00,50.4,50.4,173,178
2022-08-26 11:28:00,50.3,50.2,179,181
2022-08-26 11:30:00,50.3,50.3,176,180
2022-08-26 11:32:00,50.3,50.3,173,176
2022-08-26 11:34:00,50.1,50.1,180,183
2022-08-26 11:36:00,50.1,50.1,179,182
2022-08-26 11:38:00,50.3,50.2,174,178
2022-08-26 11:40:00,50.3,50.3,175,178
2022-08-26 11:42:00,50.0,50.1,170,173
2022-08-26 11:44:00,49.9,49.9,169,172
2022-08-26 11:46:00,50.2,50.3,168,171
2022-08-26 11:48:00,50.0,49.9,170,173
2022-08-26 11:50:00,50.2,50.2,166,170
2022-08-26 11:52:00,50.3,50.3,172,175
2022-08-26 11:54:00,49.9,49.9,175,179
2022-08-26 11:56:00,50.5,50.4,175,177
2022-08-26 11:58:00,50.0,50.1,175,178
2022-08-26 12:00:00,49.8,49.8,173,177
2022-08-26 12:02:00,50.3,50.3,177,180
2022-08-26 12:04:00,50.1,50.2,173,176
2022-08-26 12:06:00,50.3,50.3,169,173
2022-08-26 12:08:00,49.8,49.8,170,175
2022-08-26 12:10:00,50.1,50.2,176,181
2022-08-26 12:12:00,50.1,50.1,173,178
2022-08-26 12:14:00,50.1,50.0,179,180
2022-08-26 12:16:00,50.2,50.2,178,182
2022-08-26 12:18:00,50.4,50.3,177,181
2022-08-26 12:20:00,50.2,50.2,176,179
2022-08-26 12:22:00,50.3,50.3,178,182
2022-08-26 12:24:00,49.9,49.9,173,175
2022-08-26 12:26:00,50.5,50.5,172,175
2022-08-26 12:28:00,50.3,50.2,174,177
2022-08-26 12:30:00,50.6,50.6,179,182
2022-08-26 12:32:00,49.9,50.0,180,184
2022-08-26 12:34:00,50.1,50.0,177,180
2022-08-26 12:36:00,50.3,50.3,179,182
2022-08-26 12:38:00,50.0,50.1,170,175
2022-08-26 12:40:00,50.5,50.5,179,182
2022-08-26 12:42:00,50.3,50.2,182,185
2022-08-26 12:44:00,50.2,50.2,178,182
2022-08-26 12:46:00,50.1,50.2,175,179
2022-08-26 12:48:00,50.3,50.3,180,183
2022-08-26 12:50:00,49.9,50.0,182,185
2022-08-26 12:52:00,50.4,50.4,176,180
2022-08-26 12:54:00,50.3,50.3,175,179
2022-08-26 12:56:00,50.3,50.4,176,180
2022-08-26 12:58:00,50.2,50.2,177,180
2022-08-26 13:00:00,50.6,50.6,183,187
2022-08-26 13:02:00,50.5,50.5,181,184
2022-08-26 13:04:00,50.4,50.4,176,180
2022-08-26 13:06:00,50.3,50.3,173,177
2022-08-26 13:08:00,50.4,50.4,173,176
2022-08-26 13:10:00,50.3,50.2,174,177
2022-08-26 13:12:00,50.4,50.5,172,176
2022-08-26 13:14:00,50.3,50.4,176,180
2022-08-26 13:16:00,50.2,50.2,179,182
2022-08-26 13:18:00,50.2,50.3,181,184
2022-08-26 13:20:00,50.3,50.3,180,183
2022-08-26 13:22:00,50.4,50.5,182,185
2022-08-26 13:24:00,50.1,50.2,180,184
2022-08-26 13:26:00,50.2,50.1,179,183
2022-08-26 13:28:00,49.9,50.0,182,185
2022-08-26 13:30:00,50.1,50.1,177,180
2022-08-26 13:32:00,50.3,50.4,180,183
2022-08-26 13:34:00,50.0,50.1,179,182
2022-08-26 13:36:00,50.2,50.3,172,176
2022-08-26 13:38:00,50.0,50.1,178,182
2022-08-26 13:40:00,50.1,50.1,180,184
2022-08-26 13:42:00,50.4,50.3,182,186
2022-08-26 13:44:00,50.1,50.1,179,182
2022-08-26 13:46:00,50.1,50.0,179,183
2022-08-26 13:48:00,50.4,50.3,173,179
2022-08-26 13:50:00,50.0,50.0,175,180
2022-08-26 13:52:00,50.1,50.2,170,177
2022-08-26 13:54:00,50.3,50.4,173,179
2022-08-26 13:56:00,50.3,50.4,180,183
2022-08-26 13:58:00,50.3,50.3,175,179
2022-08-26 14:00:00,50.2,50.2,173,178
2022-08-26 14:02:00,50.3,50.3,176,180
2022-08-26 14:04:00,50.1,50.1,174,178
2022-08-26 14:06:00,50.5,50.5,178,182
2022-08-26 14:08:00,50.2,50.2,171,176
2022-08-26 14:10:00,50.1,50.1,177,180
2022-08-26 14:12:00,50.1,50.1,173,178
2022-08-26 14:14:00,50.1,50.0,174,179
2022-08-26 14:16:00,50.1,50.0,173,177
2022-08-26 14:18:00,50.2,50.2,178,182
2022-08-26 14:20:00,50.2,50.2,169,176
2022-08-26 14:22:00,50.2,50.2,172,178
2022-08-26 14:24:00,50.2,50.3,170,176
2022-08-26 14:26:00,50.2,50.3,165,173
2022-08-26 14:28:00,50.3,50.2,173,180
2022-08-26 14:30:00,50.2,50.1,179,182
2022-08-26 14:32:00,50.4,50.5,180,185
2022-08-26 14:34:00,50.2,50.2,177,182
2022-08-26 14:36:00,50.7,50.7,180,184
2022-08-26 14:38:00,50.2,50.1,174,178
2022-08-26 14:40:00,50.3,50.3,175,180
2022-08-26 14:42:00,50.1,50.2,176,180
2022-08-26 14:44:00,50.2,50.2,175,178
2022-08-26 14:46:00,50.3,50.3,173,178
2022-08-26 14:48:00,50.1,50.1,171,175
2022-08-26 14:50:00,50.3,50.3,175,178
2022-08-26 14:52:00,50.3,50.3,174,178
2022-08-26 14:54:00,50.1,50.0,175,180
2022-08-26 14:56:00,50.5,50.5,180,183
2022-08-26 14:58:00,49.8,49.8,180,183
2022-08-26 15:00:00,50.1,50.1,173,176
2022-08-26 15:02:00,50.4,50.4,174,178
2022-08-26 15:04:00,50.1,50.2,178,179
2022-08-26 15:06:00,49.5,49.6,167,173
2022-08-26 15:08:00,50.3,50.3,173,178
2022-08-26 15:10:00,50.1,50.1,174,178
2022-08-26 15:12:00,49.8,49.8,173,177
2022-08-26 15:14:00,50.2,50.2,174,179
2022-08-26 15:16:00,50.2,50.1,173,179
2022-08-26 15:18:00,50.3,50.3,177,181
2022-08-26 15:20:00,50.0,50.0,171,177
2022-08-26 15:22:00,50.1,50.1,168,173
2022-08-26 15:24:00,50.0,50,175,178
2022-08-26 15:26:00,49.9,49.9,175,178
2022-08-26 15:28:00,50.1,50.1,172,177
2022-08-26 15:30:00,50.1,50.1,172,176
2022-08-26 15:32:00,50.2,50.2,172,176
2022-08-26 15:34:00,50.3,50.3,175,180
2022-08-26 15:36:00,50.2,50.2,179,183
2022-08-26 15:38:00,50.1,50.1,175,179
2022-08-26 15:40:00,50.0,50.0,175,179
2022-08-26 15:42:00,50.5,50.5,174,179
2022-08-26 15:44:00,50.1,50.1,181,184
2022-08-26 15:46:00,50.0,50.1,179,184
2022-08-26 15:48:00,50.5,50.4,178,185
2022-08-26 15:50:00,50.3,50.3,173,180
2022-08-26 15:52:00,50.1,50.1,181,186
2022-08-26 15:54:00,50.3,50.3,178,183
2022-08-26 15:56:00,50.2,50.3,178,183
2022-08-26 15:58:00,50,50.0,178,182
2022-08-26 16:00:00,50.2,50.2,175,180
2022-08-26 16:02:00,49.9,50.0,171,178
2022-08-26 16:04:00,50.0,50.0,177,182
2022-08-26 16:06:00,50.1,50.1,182,185
2022-08-26 16:08:00,50.1,50.1,187,190
2022-08-26 16:10:00,50.4,50.4,182,185
2022-08-26 16:12:00,50.0,50.1,184,187
2022-08-26 16:14:00,50.0,49.9,183,187
2022-08-26 16:16:00,50.1,50.2,185,189
2022-08-26 16:18:00,3279,7874,0,0
2022-08-26 16:20:00,3546,3257,0,0
2022-08-26 16:22:00,50.3,50.3,189,191
2022-08-26 16:24:00,50.1,50.0,190,191
2022-08-26 16:26:00,50.1,50.1,184,187
2022-08-26 16:28:00,50.2,50.1,189,192
2022-08-26 16:30:00,50.1,50.1,185,187
2022-08-26 16:32:00,50.1,50.1,189,190
2022-08-26 16:34:00,50.2,50.3,184,187
2022-08-26 16:36:00,50.0,50.1,188,190
2022-08-26 16:38:00,50.2,50.2,188,190
2022-08-26 16:40:00,50.2,50.2,187,190
2022-08-26 16:42:00,50.0,50.0,182,185
2022-08-26 16:44:00,50.2,50.2,185,187
2022-08-26 16:46:00,50.2,50.2,187,190
2022-08-26 16:48:00,50.3,50.3,183,186
2022-08-26 16:50:00,50.3,50.3,185,186
2022-08-26 16:52:00,50.4,50.3,185,187
2022-08-26 16:54:00,50.3,50.4,182,184
2022-08-26 16:56:00,50.0,50.1,185,187
2022-08-26 16:58:00,50.2,50.3,183,187
2022-08-26 17:00:00,50.3,50.3,184,189
2022-08-26 17:02:00,50.2,50.2,182,191
2022-08-26 17:04:00,49.9,49.9,183,187
2022-08-26 17:06:00,50.3,50.4,191,192
2022-08-26 17:08:00,50.2,50.2,187,191
2022-08-26 17:10:00,50.1,50.1,189,192
2022-08-26 17:12:00,50.2,50.2,185,187
2022-08-26 17:14:00,50.2,50.2,181,185
2022-08-26 17:16:00,50.2,50.2,185,187
2022-08-26 17:18:00,50.0,50.1,189,191
2022-08-26 17:20:00,50.2,50.2,188,191
2022-08-26 17:22:00,50.1,50.1,185,187
2022-08-26 17:24:00,50.3,50.4,185,186
2022-08-26 17:26:00,50.1,50.1,187,189
2022-08-26 17:28:00,50.1,50.0,183,185
2022-08-26 17:30:00,50.2,50.2,183,185
2022-08-26 17:32:00,50.1,50.0,183,185
2022-08-26 17:34:00,50.1,50.1,182,185
2022-08-26 17:36:00,50.2,50.2,185,187
2022-08-26 17:38:00,50.3,50.3,186,189
2022-08-26 17:40:00,50.1,50.1,183,186
2022-08-26 17:42:00,50.2,50.2,183,186
2022-08-26 17:44:00,50.2,50.2,182,185
2022-08-26 17:46:00,50.2,50.2,181,182
2022-08-26 17:48:00,50.0,49.9,180,183
2022-08-26 17:50:00,50.3,50.4,186,185
2022-08-26 17:52:00,50.2,50.1,180,182
2022-08-26 17:54:00,50.2,50.2,175,180
2022-08-26 17:56:00,50.2,50.1,182,184
2022-08-26 17:58:00,50.3,50.2,181,183
2022-08-26 18:00:00,50.2,50.1,184,185
2022-08-26 18:02:00,50.0,50.0,183,186
2022-08-26 18:04:00,50.1,50.0,180,181
2022-08-26 18:06:00,50.3,50.3,180,180
2022-08-26 18:08:00,49.7,49.8,177,179
2022-08-26 18:10:00,50.0,50.0,179,181
2022-08-26 18:12:00,50.0,50.1,180,182
2022-08-26 18:14:00,50.3,50.3,177,179
2022-08-26 18:16:00,49.9,49.9,171,173
2022-08-26 18:18:00,50.1,50.1,180,182
2022-08-26 18:20:00,50.1,50.1,182,184
2022-08-26 18:22:00,50.0,50.0,179,188
2022-08-26 18:24:00,50.1,50.2,178,180
2022-08-26 18:26:00,50.0,49.9,178,179
2022-08-26 18:28:00,49.9,49.9,174,177
2022-08-26 18:30:00,49.8,49.8,175,178
2022-08-26 18:32:00,49.9,49.9,174,173
2022-08-26 18:34:00,50.1,50.1,171,170
2022-08-26 18:36:00,50.1,50.0,174,173
2022-08-26 18:38:00,49.8,49.8,175,173
2022-08-26 18:40:00,50.1,50.1,175,173
2022-08-26 18:42:00,50.0,50.0,174,172
2022-08-26 18:44:00,50.0,50.0,178,179
2022-08-26 18:46:00,50.0,50.0,169,173
2022-08-26 18:48:00,50.2,50.2,167,171
2022-08-26 18:50:00,50.0,50.0,169,174
2022-08-26 18:52:00,50.0,50.0,170,175
2022-08-26 18:54:00,49.9,50.0,169,174
2022-08-26 18:56:00,50.0,50.0,175,178
2022-08-26 18:58:00,50.3,50.2,176,178
2022-08-26 19:00:00,50.0,50.0,176,178
2022-08-26 19:02:00,50.2,50.2,173,176
2022-08-26 19:04:00,50.0,49.9,173,176
2022-08-26 19:06:00,49.9,49.9,172,173
2022-08-26 19:08:00,50.1,50.1,168,170
2022-08-26 19:10:00,49.7,49.7,170,173
2022-08-26 19:12:00,50.1,50.0,175,177
2022-08-26 19:14:00,49.9,49.9,174,175
2022-08-26 19:16:00,50.1,50.2,169,171
2022-08-26 19:18:00,50.2,50.2,176,178
2022-08-26 19:20:00,49.9,50.0,175,176
2022-08-26 19:22:00,50.1,50.1,174,177
2022-08-26 19:24:00,50.3,50.3,174,176
2022-08-26 19:26:00,50.1,50.1,178,179
2022-08-26 19:28:00,50.1,50.1,177,179
2022-08-26 19:30:00,50.2,50.2,175,178
2022-08-26 19:32:00,50.2,50.1,177,179
2022-08-26 19:34:00,50.1,50.1,182,184
2022-08-26 19:36:00,50.3,50.2,179,182
2022-08-26 19:38:00,50.2,50.2,179,181
2022-08-26 19:40:00,50.2,50.2,180,182
2022-08-26 19:42:00,49.9,49.9,180,182
2022-08-26 19:44:00,50.1,50.2,179,181
2022-08-26 19:46:00,50.0,50.0,182,184
2022-08-26 19:48:00,49.9,49.9,182,185
2022-08-26 19:50:00,50.0,49.9,180,182
2022-08-26 19:52:00,50.2,50.2,181,182
2022-08-26 19:54:00,50,50.0,181,182
2022-08-26 19:56:00,50.2,50.2,178,180
2022-08-26 19:58:00,50.1,50.0,178,180
2022-08-26 20:00:00,50.2,50.1,182,183
2022-08-26 20:02:00,50.2,50.2,176,179
2022-08-26 20:04:00,50.0,50.1,172,174
2022-08-26 20:06:00,50.0,50.0,174,175
2022-08-26 20:08:00,50.1,50.1,178,178
2022-08-26 20:10:00,50.3,50.3,178,180
2022-08-26 20:12:00,50.0,50.1,184,185
2022-08-26 20:14:00,50.1,50.1,184,185
2022-08-26 20:16:00,50.1,50.1,185,187
2022-08-26 20:18:00,50.0,50.1,183,185
2022-08-26 20:20:00,50.1,50.1,186,187
2022-08-26 20:22:00,50.2,50.2,184,186
2022-08-26 20:24:00,50.2,50.2,181,184
2022-08-26 20:26:00,50.2,50.3,177,180
2022-08-26 20:28:00,50.4,50.4,182,185
2022-08-26 20:30:00,49.9,49.9,178,181
2022-08-26 20:32:00,50.1,50.1,180,182
2022-08-26 20:34:00,50.4,50.3,184,186
2022-08-26 20:36:00,50.5,50.5,183,185
2022-08-26 20:38:00,50.1,50.0,187,188
2022-08-26 20:40:00,50.2,50.2,182,185
2022-08-26 20:42:00,50.1,50.3,185,187
2022-08-26 20:44:00,50.0,50.0,179,181
2022-08-26 20:46:00,50.1,50.1,181,182
2022-08-26 20:48:00,50.2,50.2,181,183
2022-08-26 20:50:00,50.0,50.0,175,176
2022-08-26 20:52:00,50.3,50.2,182,183
2022-08-26 20:54:00,50.2,50.3,177,178
2022-08-26 20:56:00,50.2,50.2,176,179
2022-08-26 20:58:00,50.1,50.2,178,180
2022-08-26 21:00:00,50.0,50.0,180,182
2022-08-26 21:02:00,50.3,50.4,185,187
2022-08-26 21:04:00,50.3,50.2,179,181
2022-08-26 21:06:00,49.7,49.6,177,180
2022-08-26 21:08:00,50.2,50.2,177,180
2022-08-26 21:10:00,50.0,50.1,178,180
2022-08-26 21:12:00,50.1,50.1,176,179
2022-08-26 21:14:00,50.0,50.1,181,184
2022-08-26 21:16:00,50.2,50.2,180,182
2022-08-26 21:18:00,50.4,50.4,175,178
2022-08-26 21:20:00,50.3,50.3,181,184
2022-08-26 21:22:00,50.1,50.2,181,182
2022-08-26 21:24:00,50.4,50.3,180,182
2022-08-26 21:26:00,50.0,49.9,182,185
2022-08-26 21:28:00,50.3,50.3,182,184
2022-08-26 21:30:00,50.1,50.2,185,187
2022-08-26 21:32:00,50.2,50.2,185,186
2022-08-26 21:34:00,50.3,50.3,185,187
2022-08-26 21:36:00,50.4,50.4,187,187
2022-08-26 21:38:00,50.4,50.4,183,185
2022-08-26 21:40:00,50.5,50.4,182,185
2022-08-26 21:42:00,50.4,50.3,186,188
2022-08-26 21:44:00,50.4,50.5,188,190
2022-08-26 21:46:00,50.4,50.4,186,187
2022-08-26 21:48:00,50.5,50.5,190,192
2022-08-26 21:50:00,50.4,50.3,192,195
2022-08-26 21:52:00,50.7,50.7,194,196
2022-08-26 21:54:00,50.3,50.4,195,197
2022-08-26 21:56:00,50.6,50.5,195,197
2022-08-26 21:58:00,50.4,50.3,201,202
2022-08-26 22:00:00,50.2,50.3,199,200
2022-08-26 22:02:00,50.3,50.3,198,199
2022-08-26 22:04:00,50.5,50.5,201,202
2022-08-26 22:06:00,50.6,50.6,202,202
2022-08-26 22:08:00,50.5,50.4,202,203
2022-08-26 22:10:00,50.5,50.4,201,203
2022-08-26 22:12:00,50.6,50.6,202,204
2022-08-26 22:14:00,50.4,50.5,204,205
2022-08-26 22:16:00,50.4,50.4,202,204
2022-08-26 22:18:00,50.5,50.6,202,203
2022-08-26 22:20:00,50.7,50.6,204,206
2022-08-26 22:22:00,50.4,50.4,206,207
2022-08-26 22:24:00,50.5,50.5,207,208
2022-08-26 22:26:00,50.5,50.5,206,208
2022-08-26 22:28:00,50.6,50.6,209,210
2022-08-26 22:30:00,50.5,50.5,207,209
2022-08-26 22:32:00,50.6,50.6,209,211
2022-08-26 22:34:00,50.6,50.6,209,211
2022-08-26 22:36:00,50.6,50.6,210,211
2022-08-26 22:38:00,50.3,50.3,208,211
2022-08-26 22:40:00,50.5,50.5,208,210
2022-08-26 22:42:00,50.5,50.4,210,211
2022-08-26 22:44:00,50.6,50.5,209,210
2022-08-26 22:46:00,50.4,50.4,206,208
2022-08-26 22:48:00,50.5,50.5,208,210
2022-08-26 22:50:00,50.6,50.7,209,210
2022-08-26 22:52:00,50.5,50.5,209,211
2022-08-26 22:54:00,50.6,50.6,208,210
2022-08-26 22:56:00,50.5,50.5,211,212
2022-08-26 22:58:00,50.4,50.3,211,211
2022-08-26 23:00:00,50.4,50.4,209,211
2022-08-26 23:02:00,50.7,50.7,210,212
2022-08-26 23:04:00,50.6,50.6,209,211
2022-08-26 23:06:00,50.8,50.8,211,212
2022-08-26 23:08:00,50.6,50.6,210,212
2022-08-26 23:10:00,50.6,50.6,210,212
2022-08-26 23:12:00,50.6,50.6,211,213
2022-08-26 23:14:00,50.6,50.5,209,211
2022-08-26 23:16:00,50.6,50.6,209,211
2022-08-26 23:18:00,50.5,50.5,210,211
2022-08-26 23:20:00,50.7,50.8,212,213
2022-08-26 23:22:00,50.8,50.8,209,211
2022-08-26 23:24:00,50.5,50.5,211,213
2022-08-26 23:26:00,50.3,50.2,211,213
2022-08-26 23:28:00,50.5,50.4,211,213
2022-08-26 23:30:00,50.3,50.3,210,212
2022-08-26 23:32:00,50.6,50.6,211,213
2022-08-26 23:34:00,50.3,50.4,212,214
2022-08-26 23:36:00,50.2,50.2,210,212
2022-08-26 23:38:00,50.4,50.4,214,216
2022-08-26 23:40:00,50.2,50.3,216,217
2022-08-26 23:42:00,50.5,50.5,216,218
2022-08-26 23:44:00,50.4,50.4,215,217
2022-08-26 23:46:00,50.3,50.2,214,217
2022-08-26 23:48:00,50.6,50.6,216,217
2022-08-26 23:50:00,50.3,50.2,216,218
2022-08-26 23:52:00,50.3,50.3,214,217
2022-08-26 23:54:00,50.5,50.5,216,218
2022-08-26 23:56:00,50.6,50.7,215,217
2022-08-26 23:58:00,50.6,50.5,214,216