Time,Frequency 3E2F4FD3 (Ch Cbca Bethesda Ndosho - laboratoire),Frequency C30F2E03 (Ch Cbca Bethesda Ndosho - clinique),Voltage 3E2F4FD3 (Ch Cbca Bethesda Ndosho - laboratoire),Voltage C30F2E03 (Ch Cbca Bethesda Ndosho - clinique),Generator_ON
2/8/23 0:00,50.6,50.7,222,223,FALSE
2/8/23 0:02,50.7,50.6,217,220,FALSE
2/8/23 0:04,50.8,50.7,221,223,FALSE
2/8/23 0:06,50.6,50.6,218,220,FALSE
2/8/23 0:08,50.7,50.7,216,219,FALSE
2/8/23 0:10,50.6,50.6,221,223,FALSE
2/8/23 0:12,50.6,50.6,221,223,FALSE
2/8/23 0:14,50.7,50.7,219,222,FALSE
2/8/23 0:16,50.8,50.8,221,223,FALSE
2/8/23 0:18,50.5,50.5,220,223,FALSE
2/8/23 0:20,50.6,50.6,220,222,FALSE
2/8/23 0:22,50.6,50.5,219,222,FALSE
2/8/23 0:24,50.6,50.7,220,223,FALSE
2/8/23 0:26,50.7,50.7,219,223,FALSE
2/8/23 0:28,50.6,50.5,221,223,FALSE
2/8/23 0:30,50.5,50.4,221,223,FALSE
2/8/23 0:32,50.3,50.3,220,223,FALSE
2/8/23 0:34,50.5,50.5,222,224,FALSE
2/8/23 0:36,50.4,50.4,222,224,FALSE
2/8/23 0:38,50.4,50.4,221,224,FALSE
2/8/23 0:40,50.2,50.3,223,225,FALSE
2/8/23 0:42,50.2,50.2,223,225,FALSE
2/8/23 0:44,50.1,50.1,221,223,FALSE
2/8/23 0:46,50.3,50.4,222,224,FALSE
2/8/23 0:48,50.3,50.4,223,225,FALSE
2/8/23 0:50,50.2,50.2,221,224,FALSE
2/8/23 0:52,50.3,50.3,223,225,FALSE
2/8/23 0:54,50.5,50.5,223,225,FALSE
2/8/23 0:56,50.4,50.4,221,223,FALSE
2/8/23 0:58,50.5,50.5,223,225,FALSE
2/8/23 1:00,50.6,50.5,223,226,FALSE
2/8/23 1:02,50.3,50.3,222,225,FALSE
2/8/23 1:04,50.2,50.2,224,226,FALSE
2/8/23 1:06,50.4,50.4,225,227,FALSE
2/8/23 1:08,50.4,50.4,223,226,FALSE
2/8/23 1:10,50.5,50.5,225,227,FALSE
2/8/23 1:12,50.4,50.4,225,227,FALSE
2/8/23 1:14,50.5,50.5,223,226,FALSE
2/8/23 1:16,50.4,50.4,225,227,FALSE
2/8/23 1:18,50.5,50.6,223,225,FALSE
2/8/23 1:20,50.4,50.4,221,223,FALSE
2/8/23 1:22,50.2,50.2,221,224,FALSE
2/8/23 1:24,50.2,50.3,221,223,FALSE
2/8/23 1:26,50.4,50.5,223,226,FALSE
2/8/23 1:28,50.2,50.2,223,226,FALSE
2/8/23 1:30,50.5,50.6,225,226,FALSE
2/8/23 1:32,50.4,50.4,223,226,FALSE
2/8/23 1:34,50.2,50.2,223,226,FALSE
2/8/23 1:36,50.4,50.4,225,226,FALSE
2/8/23 1:38,50.3,50.4,223,226,FALSE
2/8/23 1:40,50.3,50.3,224,226,FALSE
2/8/23 1:42,50.3,50.4,225,226,FALSE
2/8/23 1:44,50.4,50.5,223,226,FALSE
2/8/23 1:46,50.4,50.4,225,227,FALSE
2/8/23 1:48,50.4,50.4,226,228,FALSE
2/8/23 1:50,50.6,50.5,223,226,FALSE
2/8/23 1:52,50.2,50.1,224,226,FALSE
2/8/23 1:54,50.3,50.4,224,226,FALSE
2/8/23 1:56,50.4,50.4,223,226,FALSE
2/8/23 1:58,50.2,50.2,225,227,FALSE
2/8/23 2:00,50.3,50.5,221,223,FALSE
2/8/23 2:02,50.5,50.5,220,223,FALSE
2/8/23 2:04,50.3,50.3,221,223,FALSE
2/8/23 2:06,50.3,50.3,221,223,FALSE
2/8/23 2:08,50.5,50.5,223,226,FALSE
2/8/23 2:10,50.4,50.4,225,227,FALSE
2/8/23 2:12,50.4,50.3,224,226,FALSE
2/8/23 2:14,50.3,50.3,223,226,FALSE
2/8/23 2:16,50.3,50.4,224,226,FALSE
2/8/23 2:18,50.4,50.4,223,226,FALSE
2/8/23 2:20,50.5,50.4,223,226,FALSE
2/8/23 2:22,50.3,50.3,224,226,FALSE
2/8/23 2:24,50.4,50.3,224,226,FALSE
2/8/23 2:26,50.4,50.3,223,226,FALSE
2/8/23 2:28,50.5,50.5,225,228,FALSE
2/8/23 2:30,50.4,50.4,226,228,FALSE
2/8/23 2:32,50.3,50.3,223,226,FALSE
2/8/23 2:34,50.4,50.4,225,227,FALSE
2/8/23 2:36,50.4,50.5,221,223,FALSE
2/8/23 2:38,50.5,50.5,221,223,FALSE
2/8/23 2:40,50.4,50.4,226,228,FALSE
2/8/23 2:42,50.6,50.6,223,226,FALSE
2/8/23 2:44,50.5,50.4,224,227,FALSE
2/8/23 2:46,50.3,50.3,226,228,FALSE
2/8/23 2:48,50.4,50.4,224,226,FALSE
2/8/23 2:50,50.4,50.3,224,226,FALSE
2/8/23 2:52,50.5,50.5,225,226,FALSE
2/8/23 2:54,50.2,50.3,223,226,FALSE
2/8/23 2:56,50.3,50.4,223,226,FALSE
2/8/23 2:58,50.4,50.4,225,227,FALSE
2/8/23 3:00,50.3,50.3,223,225,FALSE
2/8/23 3:02,50.4,50.4,223,226,FALSE
2/8/23 3:04,50.4,50.3,225,227,FALSE
2/8/23 3:06,50.5,50.4,223,226,FALSE
2/8/23 3:08,50.3,50.4,223,226,FALSE
2/8/23 3:10,50.4,50.4,224,226,FALSE
2/8/23 3:12,50.5,50.4,222,225,FALSE
2/8/23 3:14,50.4,50.3,223,226,FALSE
2/8/23 3:16,50.3,50.3,224,227,FALSE
2/8/23 3:18,50.4,50.5,224,227,FALSE
2/8/23 3:20,50,49.9,223,226,FALSE
2/8/23 3:22,50.4,50.5,225,228,FALSE
2/8/23 3:24,50.3,50.3,223,226,FALSE
2/8/23 3:26,50.3,50.3,223,226,FALSE
2/8/23 3:28,50.2,50.2,222,224,FALSE
2/8/23 3:30,50.3,50.4,221,223,FALSE
2/8/23 3:32,50.3,50.3,224,227,FALSE
2/8/23 3:34,50.2,50.2,224,227,FALSE
2/8/23 3:36,50.3,50.3,224,227,FALSE
2/8/23 3:38,50.3,50.3,224,227,FALSE
2/8/23 3:40,50.5,50.5,227,229,FALSE
2/8/23 3:42,50.4,50.4,225,228,FALSE
2/8/23 3:44,50.2,50.2,224,226,FALSE
2/8/23 3:46,50.4,50.4,227,228,FALSE
2/8/23 3:48,50.3,50.3,222,224,FALSE
2/8/23 3:50,50.6,50.5,221,224,FALSE
2/8/23 3:52,50.3,50.3,226,228,FALSE
2/8/23 3:54,50.4,50.4,224,228,FALSE
2/8/23 3:56,50.3,50.3,223,226,FALSE
2/8/23 3:58,50.3,50.2,226,228,FALSE
2/8/23 4:00,50.4,50.4,224,227,FALSE
2/8/23 4:02,50.2,50.1,223,226,FALSE
2/8/23 4:04,50.3,50.3,225,227,FALSE
2/8/23 4:06,50.2,50.2,223,226,FALSE
2/8/23 4:08,50.3,50.3,223,226,FALSE
2/8/23 4:10,50.3,50.3,226,228,FALSE
2/8/23 4:12,50.2,50.2,223,226,FALSE
2/8/23 4:14,50.2,50.2,224,227,FALSE
2/8/23 4:16,50.4,50.4,226,228,FALSE
2/8/23 4:18,50.3,50.3,225,228,FALSE
2/8/23 4:20,50.2,50.2,221,224,FALSE
2/8/23 4:22,50.5,50.4,223,225,FALSE
2/8/23 4:24,50.2,50.2,221,223,FALSE
2/8/23 4:26,50.3,50.4,219,221,FALSE
2/8/23 4:28,50.3,50.3,220,222,FALSE
2/8/23 4:30,50.2,50.2,219,221,FALSE
2/8/23 4:32,50.3,50.4,219,222,FALSE
2/8/23 4:34,50.2,50.3,220,222,FALSE
2/8/23 4:36,50.3,50.4,219,221,FALSE
2/8/23 4:38,50.4,50.3,219,221,FALSE
2/8/23 4:40,50.3,50.4,220,222,FALSE
2/8/23 4:42,50.3,50.2,221,224,FALSE
2/8/23 4:44,50.3,50.3,221,224,FALSE
2/8/23 4:46,50.5,50.4,223,226,FALSE
2/8/23 4:48,50.3,50.2,223,226,FALSE
2/8/23 4:50,50.2,50.2,221,225,FALSE
2/8/23 4:52,50,49.9,223,225,FALSE
2/8/23 4:54,50.2,50.2,221,224,FALSE
2/8/23 4:56,50.3,50.3,222,224,FALSE
2/8/23 4:58,50.3,50.3,223,226,FALSE
2/8/23 5:00,50,50,219,221,FALSE
2/8/23 5:02,50.1,50.1,217,219,FALSE
2/8/23 5:04,50.3,50.3,221,223,FALSE
2/8/23 5:06,50.3,50.4,220,223,FALSE
2/8/23 5:08,50.2,50.1,220,222,FALSE
2/8/23 5:10,50.3,50.4,224,225,FALSE
2/8/23 5:12,50.3,50.2,223,224,FALSE
2/8/23 5:14,50.2,50.2,222,223,FALSE
2/8/23 5:16,50.2,50.2,223,224,FALSE
2/8/23 5:18,50.2,50.1,220,223,FALSE
2/8/23 5:20,50.3,50.3,219,222,FALSE
2/8/23 5:22,50.2,50.3,221,223,FALSE
2/8/23 5:24,49.9,50,217,219,FALSE
2/8/23 5:26,50.2,50.2,217,220,FALSE
2/8/23 5:28,50.2,50.2,218,221,FALSE
2/8/23 5:30,50.1,50.1,218,220,FALSE
2/8/23 5:32,50.2,50.2,216,220,FALSE
2/8/23 5:34,50.3,50.3,219,221,FALSE
2/8/23 5:36,50.3,50.4,218,221,FALSE
2/8/23 5:38,50.1,50.1,219,221,FALSE
2/8/23 5:40,50.3,50.3,219,221,FALSE
2/8/23 5:42,50,50.1,219,221,FALSE
2/8/23 5:44,50,50.1,219,221,FALSE
2/8/23 5:46,50.1,50.2,219,221,FALSE
2/8/23 5:48,50.3,50.3,218,221,FALSE
2/8/23 5:50,50,50,217,220,FALSE
2/8/23 5:52,50.2,50.2,218,220,FALSE
2/8/23 5:54,50.2,50.2,219,221,FALSE
2/8/23 5:56,50.3,50.2,214,216,FALSE
2/8/23 5:58,50.3,50.3,215,217,FALSE
2/8/23 6:00,50.1,50,211,214,FALSE
2/8/23 6:02,49.9,50,213,216,FALSE
2/8/23 6:04,50,50,213,215,FALSE
2/8/23 6:06,50,50.1,216,219,FALSE
2/8/23 6:08,50.2,50.2,213,216,FALSE
2/8/23 6:10,50.1,50,213,215,FALSE
2/8/23 6:12,50,50,202,209,FALSE
2/8/23 6:14,50,50,202,208,FALSE
2/8/23 6:16,50,50,212,214,FALSE
2/8/23 6:18,50,50,203,207,FALSE
2/8/23 6:20,49.9,49.9,198,198,FALSE
2/8/23 6:22,49.9,49.9,199,198,FALSE
2/8/23 6:24,50.3,50.3,203,202,FALSE
2/8/23 6:26,50,49.9,202,209,FALSE
2/8/23 6:28,50.3,50.2,206,212,FALSE
2/8/23 6:30,50.1,50.1,209,212,FALSE
2/8/23 6:32,49.9,49.9,204,210,FALSE
2/8/23 6:34,50.1,50.1,200,207,FALSE
2/8/23 6:36,49.9,49.9,202,210,FALSE
2/8/23 6:38,50,50,204,209,FALSE
2/8/23 6:40,50,50,202,208,FALSE
2/8/23 6:42,50.1,50.2,195,205,FALSE
2/8/23 6:44,50.3,50.3,197,207,FALSE
2/8/23 6:46,50.1,50.2,208,212,FALSE
2/8/23 6:48,50,50.1,204,211,FALSE
2/8/23 6:50,50.2,50.2,208,213,FALSE
2/8/23 6:52,50,50,208,212,FALSE
2/8/23 6:54,49.9,49.9,203,210,FALSE
2/8/23 6:56,50,50,204,211,FALSE
2/8/23 6:58,50.1,50,205,211,FALSE
2/8/23 7:00,49.9,49.9,202,209,FALSE
2/8/23 7:02,49.8,49.8,209,214,FALSE
2/8/23 7:04,50,50,208,212,FALSE
2/8/23 7:06,50,50.1,207,212,FALSE
2/8/23 7:08,50,50,202,209,FALSE
2/8/23 7:10,49.9,50,204,208,FALSE
2/8/23 7:12,49.9,49.9,201,206,FALSE
2/8/23 7:14,50.1,50.1,203,207,FALSE
2/8/23 7:16,49.9,49.9,208,209,FALSE
2/8/23 7:18,50.2,50.2,210,212,FALSE
2/8/23 7:20,50,50,207,210,FALSE
2/8/23 7:22,50,50,211,214,FALSE
2/8/23 7:24,49.9,49.9,207,209,FALSE
2/8/23 7:26,49.8,49.8,208,210,FALSE
2/8/23 7:28,50,50,207,209,FALSE
2/8/23 7:30,50.1,50.1,207,210,FALSE
2/8/23 7:32,49.9,49.9,209,211,FALSE
2/8/23 7:34,49.8,49.8,209,211,FALSE
2/8/23 7:36,50,50,207,209,FALSE
2/8/23 7:38,49.7,49.7,206,209,FALSE
2/8/23 7:40,50,49.9,204,206,FALSE
2/8/23 7:42,50,49.9,206,209,FALSE
2/8/23 7:44,50,50.1,204,207,FALSE
2/8/23 7:46,49.6,49.7,205,208,FALSE
2/8/23 7:48,49.7,49.7,201,203,FALSE
2/8/23 7:50,50,50,205,208,FALSE
2/8/23 7:52,49.8,49.8,207,209,FALSE
2/8/23 7:54,49.9,49.9,206,209,FALSE
2/8/23 7:56,49.8,49.7,205,207,FALSE
2/8/23 7:58,49.7,49.6,207,209,FALSE
2/8/23 8:00,49.7,49.6,204,207,FALSE
2/8/23 8:02,49.7,49.7,198,200,FALSE
2/8/23 8:04,49.9,49.8,204,207,FALSE
2/8/23 8:06,49.8,49.9,205,208,FALSE
2/8/23 8:08,49.6,49.6,202,205,FALSE
2/8/23 8:10,49.6,49.7,202,203,FALSE
2/8/23 8:12,49.6,49.5,202,207,FALSE
2/8/23 8:14,49.5,49.5,204,207,FALSE
2/8/23 8:16,49.7,49.6,203,207,FALSE
2/8/23 8:18,49.6,49.6,199,204,FALSE
2/8/23 8:20,49.6,49.6,195,199,FALSE
2/8/23 8:22,49.3,49.3,205,208,FALSE
2/8/23 8:24,49.5,49.6,200,204,FALSE
2/8/23 8:26,49.5,49.4,207,211,FALSE
2/8/23 8:28,49.7,49.6,209,211,FALSE
2/8/23 8:30,49.5,49.5,204,209,FALSE
2/8/23 8:32,49.6,49.7,205,209,FALSE
2/8/23 8:34,50.3,50.4,203,207,FALSE
2/8/23 8:36,50.3,50.3,205,209,FALSE
2/8/23 8:38,50.6,50.6,199,203,FALSE
2/8/23 8:40,50.6,50.6,202,204,FALSE
2/8/23 8:42,50.5,50.5,206,210,FALSE
2/8/23 8:44,50.2,50.1,201,205,FALSE
2/8/23 8:46,50.1,50.1,206,209,FALSE
2/8/23 8:48,50.3,50.3,204,208,FALSE
2/8/23 8:50,50.3,50.3,202,205,FALSE
2/8/23 8:52,50.1,50.1,204,207,FALSE
2/8/23 8:54,50,50,199,202,FALSE
2/8/23 8:56,50.1,50.1,197,200,FALSE
2/8/23 8:58,50.1,50,204,207,FALSE
2/8/23 9:00,50.1,50.2,199,203,FALSE
2/8/23 9:02,50.2,50.2,202,205,FALSE
2/8/23 9:04,50.4,50.4,199,202,FALSE
2/8/23 9:06,49.9,50,197,202,FALSE
2/8/23 9:08,50,50,202,200,FALSE
2/8/23 9:10,50,49.9,194,192,FALSE
2/8/23 9:12,50.1,50.1,194,193,FALSE
2/8/23 9:14,50.1,50,197,196,FALSE
2/8/23 9:16,50.1,50,198,197,FALSE
2/8/23 9:18,49.9,49.8,197,201,FALSE
2/8/23 9:20,50,50.1,203,207,FALSE
2/8/23 9:22,50.1,50.1,199,202,FALSE
2/8/23 9:24,50.2,50.2,201,205,FALSE
2/8/23 9:26,50.2,50.2,194,198,FALSE
2/8/23 9:28,50.2,50.1,199,202,FALSE
2/8/23 9:30,50.1,50.1,192,197,FALSE
2/8/23 9:32,50,50,195,199,FALSE
2/8/23 9:34,50.4,50.4,197,201,FALSE
2/8/23 9:36,50.4,50.3,192,195,FALSE
2/8/23 9:38,50.2,50.2,192,196,FALSE
2/8/23 9:40,50.4,50.3,199,202,FALSE
2/8/23 9:42,50.1,50,194,198,FALSE
2/8/23 9:44,50,49.9,194,197,FALSE
2/8/23 9:46,50.1,50.1,198,202,FALSE
2/8/23 9:48,50.1,50.1,196,199,FALSE
2/8/23 9:50,50.2,50.2,190,194,FALSE
2/8/23 9:52,50.1,50.2,192,196,FALSE
2/8/23 9:54,50.1,50,191,194,FALSE
2/8/23 9:56,49.9,49.9,194,199,FALSE
2/8/23 9:58,50.2,50.2,197,199,FALSE
2/8/23 10:00,50.3,50.3,193,197,FALSE
2/8/23 10:02,50.1,50,193,196,FALSE
2/8/23 10:04,50.2,50.2,192,195,FALSE
2/8/23 10:06,50.1,50.2,191,195,FALSE
2/8/23 10:08,50.3,50.4,194,199,FALSE
2/8/23 10:10,50.3,50.2,195,199,FALSE
2/8/23 10:12,50.3,50.3,186,190,FALSE
2/8/23 10:14,50,50,188,192,FALSE
2/8/23 10:16,50,49.9,191,195,FALSE
2/8/23 10:18,50.1,50.1,188,192,FALSE
2/8/23 10:20,50.2,50.2,189,193,FALSE
2/8/23 10:22,50.4,50.3,186,190,FALSE
2/8/23 10:24,50.3,50.3,187,192,FALSE
2/8/23 10:26,50,50,184,182,FALSE
2/8/23 10:28,50.1,50,182,181,FALSE
2/8/23 10:30,50.1,50.1,186,186,FALSE
2/8/23 10:32,50,50,190,190,FALSE
2/8/23 10:34,49.9,49.9,186,185,FALSE
2/8/23 10:36,50.3,50.3,187,191,FALSE
2/8/23 10:38,49.8,49.8,187,191,FALSE
2/8/23 10:40,49.7,49.7,185,189,FALSE
2/8/23 10:42,49.8,49.9,186,190,FALSE
2/8/23 10:44,50.1,50.1,185,188,FALSE
2/8/23 10:46,49.8,49.8,185,188,FALSE
2/8/23 10:48,49.7,49.7,184,187,FALSE
2/8/23 10:50,49.9,49.8,185,188,FALSE
2/8/23 10:52,50.2,50.2,189,191,FALSE
2/8/23 10:54,49.9,49.9,179,183,FALSE
2/8/23 10:56,50,50,181,185,FALSE
2/8/23 10:58,49.8,49.8,183,186,FALSE
2/8/23 11:00,50,50,185,189,FALSE
2/8/23 11:02,50,50,187,192,FALSE
2/8/23 11:04,49.8,49.8,185,188,FALSE
2/8/23 11:06,50.2,50.2,182,186,FALSE
2/8/23 11:08,50.1,50.2,180,185,FALSE
2/8/23 11:10,50,50,181,185,FALSE
2/8/23 11:12,49.9,49.8,179,185,FALSE
2/8/23 11:14,50.2,50.2,182,188,FALSE
2/8/23 11:16,50,50.1,182,187,FALSE
2/8/23 11:18,49.9,50,180,184,FALSE
2/8/23 11:20,49.9,49.9,182,187,FALSE
2/8/23 11:22,50.1,50.1,185,189,FALSE
2/8/23 11:24,50.2,50.2,183,187,FALSE
2/8/23 11:26,50.2,50.1,182,186,FALSE
2/8/23 11:28,50.1,50.1,179,182,FALSE
2/8/23 11:30,49.8,49.8,180,185,FALSE
2/8/23 11:32,50,50,182,187,FALSE
2/8/23 11:34,50.1,50.1,182,185,FALSE
2/8/23 11:36,50,50,182,186,FALSE
2/8/23 11:38,50.2,50.2,187,191,FALSE
2/8/23 11:40,50,50,190,192,FALSE
2/8/23 11:42,50.1,50.2,188,192,FALSE
2/8/23 11:44,50,50,186,190,FALSE
2/8/23 11:46,50.1,50.2,188,192,FALSE
2/8/23 11:48,50.1,50,186,190,FALSE
2/8/23 11:50,50.1,50.1,187,192,FALSE
2/8/23 11:52,50.2,50.2,190,194,FALSE
2/8/23 11:54,50.1,50,187,191,FALSE
2/8/23 11:56,49.9,49.9,182,187,FALSE
2/8/23 11:58,50.3,50.3,190,193,FALSE
2/8/23 12:00,50.2,50.2,187,192,FALSE
2/8/23 12:02,49.9,49.8,187,191,FALSE
2/8/23 12:04,49.9,49.9,189,192,FALSE
2/8/23 12:06,50,50,187,192,FALSE
2/8/23 12:08,50,50.1,187,192,FALSE
2/8/23 12:10,49.8,49.8,187,190,FALSE
2/8/23 12:12,50.1,50,190,194,FALSE
2/8/23 12:14,50.4,50.3,184,189,FALSE
2/8/23 12:16,50.2,50.2,191,195,FALSE
2/8/23 12:18,50,50.1,190,193,FALSE
2/8/23 12:20,50.1,50.1,182,186,FALSE
2/8/23 12:22,50.3,50.3,187,191,FALSE
2/8/23 12:24,50.4,50.4,182,187,FALSE
2/8/23 12:26,50.2,50.3,175,181,FALSE
2/8/23 12:28,50.4,50.4,180,187,FALSE
2/8/23 12:30,50.4,50.4,177,182,FALSE
2/8/23 12:32,50.1,50.2,185,191,FALSE
2/8/23 12:34,50.3,50.3,186,191,FALSE
2/8/23 12:36,50,50.1,185,190,FALSE
2/8/23 12:38,50.2,50.1,183,187,FALSE
2/8/23 12:40,50.4,50.4,179,183,FALSE
2/8/23 12:42,50.4,50.4,180,185,FALSE
2/8/23 12:44,50.3,50.3,185,188,FALSE
2/8/23 12:46,50.6,50.5,180,184,FALSE
2/8/23 12:48,50.3,50.4,181,185,FALSE
2/8/23 12:50,50.3,50.4,180,185,FALSE
2/8/23 12:52,50.3,50.3,179,180,FALSE
2/8/23 12:54,50.5,50.4,184,187,FALSE
2/8/23 12:56,50.3,50.3,189,193,FALSE
2/8/23 12:58,50.5,50.5,186,191,FALSE
2/8/23 13:00,53.3,53.3,204,208,FALSE
2/8/23 13:02,50.6,50.6,200,204,FALSE
2/8/23 13:04,50.4,50.5,199,202,FALSE
2/8/23 13:06,50.3,50.3,199,202,FALSE
2/8/23 13:08,50.4,50.5,194,199,FALSE
2/8/23 13:10,50.3,50.4,195,199,FALSE
2/8/23 13:12,50.4,50.3,188,191,FALSE
2/8/23 13:14,50.2,50.3,192,194,FALSE
2/8/23 13:16,50.5,50.5,190,192,FALSE
2/8/23 13:18,50.4,50.3,191,194,FALSE
2/8/23 13:20,50.5,50.5,191,194,FALSE
2/8/23 13:22,50.1,50.2,180,185,FALSE
2/8/23 13:24,50.5,50.5,190,193,FALSE
2/8/23 13:26,50.6,50.5,188,191,FALSE
2/8/23 13:28,50.2,50.2,194,197,FALSE
2/8/23 13:30,50.3,50.3,185,188,FALSE
2/8/23 13:32,50.1,50.2,190,193,FALSE
2/8/23 13:34,50.4,50.5,179,183,FALSE
2/8/23 13:36,50.1,50.2,186,189,FALSE
2/8/23 13:38,50.3,50.3,187,191,FALSE
2/8/23 13:40,50.4,50.3,173,176,FALSE
2/8/23 13:42,50,50,190,194,FALSE
2/8/23 13:44,50.2,50.2,180,182,FALSE
2/8/23 13:46,50.3,50.3,176,178,FALSE
2/8/23 13:48,50.2,50.3,175,179,FALSE
2/8/23 13:50,50.3,50.3,191,194,FALSE
2/8/23 13:52,50.4,50.3,185,188,FALSE
2/8/23 13:54,50.5,50.4,171,176,FALSE
2/8/23 13:56,50.2,50.2,190,194,FALSE
2/8/23 13:58,50.2,50.2,186,190,FALSE
2/8/23 14:00,50.5,50.5,182,185,FALSE
2/8/23 14:02,50.6,50.6,182,187,FALSE
2/8/23 14:04,50.3,50.3,193,196,FALSE
2/8/23 14:06,50.1,50.1,192,197,FALSE
2/8/23 14:08,50.4,50.3,188,192,FALSE
2/8/23 14:10,50.4,50.4,189,192,FALSE
2/8/23 14:12,50.4,50.4,186,189,FALSE
2/8/23 14:14,50.2,50.2,187,190,FALSE
2/8/23 14:16,50.4,50.3,186,190,FALSE
2/8/23 14:18,50.3,50.3,188,192,FALSE
2/8/23 14:20,50,50,183,187,FALSE
2/8/23 14:22,50.6,50.5,187,191,FALSE
2/8/23 14:24,50.1,50.1,186,189,FALSE
2/8/23 14:26,50.3,50.3,187,190,FALSE
2/8/23 14:28,50.2,50.3,183,187,FALSE
2/8/23 14:30,50.2,50.1,185,187,FALSE
2/8/23 14:32,50.2,50.2,185,189,FALSE
2/8/23 14:34,50.5,50.5,186,190,FALSE
2/8/23 14:36,50.2,50.4,187,192,FALSE
2/8/23 14:38,50.3,50.3,187,191,FALSE
2/8/23 14:40,50.5,50.5,189,193,FALSE
2/8/23 14:42,50.2,50.1,188,191,FALSE
2/8/23 14:44,50.3,50.2,191,194,FALSE
2/8/23 14:46,50,50,185,189,FALSE
2/8/23 14:48,50.2,50.3,185,188,FALSE
2/8/23 14:50,50.1,50.2,189,193,FALSE
2/8/23 14:52,50.1,50.1,183,187,FALSE
2/8/23 14:54,50.1,50.1,190,192,FALSE
2/8/23 14:56,50.1,50.2,184,187,FALSE
2/8/23 14:58,50.2,50.2,184,188,FALSE
2/8/23 15:00,50.1,50.1,185,187,FALSE
2/8/23 15:02,50.4,50.4,182,185,FALSE
2/8/23 15:04,50.1,50.2,187,191,FALSE
2/8/23 15:06,50.2,50.2,182,186,FALSE
2/8/23 15:08,50.2,50.3,185,190,FALSE
2/8/23 15:10,50,50,184,188,FALSE
2/8/23 15:12,50.1,50.1,188,191,FALSE
2/8/23 15:14,50,50.1,183,190,FALSE
2/8/23 15:16,50.2,50.1,180,186,FALSE
2/8/23 15:18,50,50,175,180,FALSE
2/8/23 15:20,50.2,50.2,183,186,FALSE
2/8/23 15:22,50.4,50.4,184,188,FALSE
2/8/23 15:24,50.2,50.2,184,187,FALSE
2/8/23 15:26,50.1,50.1,184,187,FALSE
2/8/23 15:28,50,50.1,178,181,FALSE
2/8/23 15:30,50.2,50.3,186,188,FALSE
2/8/23 15:32,50,50,185,189,FALSE
2/8/23 15:34,50.2,50.2,187,192,FALSE
2/8/23 15:36,50.4,50.3,184,187,FALSE
2/8/23 15:38,50.4,50.4,189,191,FALSE
2/8/23 15:40,50.3,50.3,188,192,FALSE
2/8/23 15:42,50.3,50.3,187,191,FALSE
2/8/23 15:44,50.3,50.3,189,192,FALSE
2/8/23 15:46,50.5,50.5,194,197,FALSE
2/8/23 15:48,50.1,50.1,190,193,FALSE
2/8/23 15:50,50.3,50.3,190,193,FALSE
2/8/23 15:52,50.1,50.1,192,194,FALSE
2/8/23 15:54,50.3,50.3,192,194,FALSE
2/8/23 15:56,50.4,50.4,188,191,FALSE
2/8/23 15:58,50.4,50.4,197,198,FALSE
2/8/23 16:00,50.6,50.6,194,196,FALSE
2/8/23 16:02,50.3,50.3,195,198,FALSE
2/8/23 16:04,50.7,50.6,192,194,FALSE
2/8/23 16:06,50.5,50.5,191,193,FALSE
2/8/23 16:08,50.3,50.4,194,199,FALSE
2/8/23 16:10,50.4,50.3,194,196,FALSE
2/8/23 16:12,50.2,50.3,182,185,FALSE
2/8/23 16:14,50.2,50.3,189,192,FALSE
2/8/23 16:16,50.3,50.3,192,194,FALSE
2/8/23 16:18,50.2,50.3,191,194,FALSE
2/8/23 16:20,50.5,50.4,189,192,FALSE
2/8/23 16:22,50.2,50.2,189,192,FALSE
2/8/23 16:24,50.1,50,182,185,FALSE
2/8/23 16:26,50.2,50.2,185,190,FALSE
2/8/23 16:28,50.4,50.4,191,194,FALSE
2/8/23 16:30,50,50,196,197,FALSE
2/8/23 16:32,50,50,192,195,FALSE
2/8/23 16:34,50,50,187,190,FALSE
2/8/23 16:36,50.2,50.1,192,194,FALSE
2/8/23 16:38,50.2,50.2,190,193,FALSE
2/8/23 16:40,50.2,50.2,190,192,FALSE
2/8/23 16:42,50.4,50.5,185,190,FALSE
2/8/23 16:44,50.1,50.1,187,192,FALSE
2/8/23 16:46,50.3,50.4,191,194,FALSE
2/8/23 16:48,50,50,194,197,FALSE
2/8/23 16:50,50.4,50.4,192,195,FALSE
2/8/23 16:52,50.4,50.4,192,194,FALSE
2/8/23 16:54,50.2,50.4,197,199,FALSE
2/8/23 16:56,50.2,50.2,194,197,FALSE
2/8/23 16:58,50.3,50.3,190,192,FALSE
2/8/23 17:00,50.3,50.3,190,192,FALSE
2/8/23 17:02,50.5,50.6,192,194,FALSE
2/8/23 17:04,50.1,50,185,187,FALSE
2/8/23 17:06,50.2,50.2,192,194,FALSE
2/8/23 17:08,50,50,187,189,FALSE
2/8/23 17:10,50.3,50.3,189,192,FALSE
2/8/23 17:12,50.3,50.3,182,185,FALSE
2/8/23 17:14,50.1,50.1,182,183,FALSE
2/8/23 17:16,50.4,50.4,188,190,FALSE
2/8/23 17:18,50.1,50.1,187,190,FALSE
2/8/23 17:20,50.1,50,187,189,FALSE
2/8/23 17:22,50.4,50.4,191,193,FALSE
2/8/23 17:24,50.2,50.3,186,188,FALSE
2/8/23 17:26,50.2,50.1,188,190,FALSE
2/8/23 17:28,50.1,50.1,190,191,FALSE
2/8/23 17:30,50,50.1,185,187,FALSE
2/8/23 17:32,50,50,187,189,FALSE
2/8/23 17:34,50.1,50.1,188,190,FALSE
2/8/23 17:36,50.4,50.3,187,190,FALSE
2/8/23 17:38,50.3,50.4,189,192,FALSE
2/8/23 17:40,50.1,50,190,191,FALSE
2/8/23 17:42,50.2,50.2,190,192,FALSE
2/8/23 17:44,50.1,50.1,188,190,FALSE
2/8/23 17:46,50.4,50.4,188,190,FALSE
2/8/23 17:48,50.2,50.2,182,186,FALSE
2/8/23 17:50,50.4,50.4,182,185,FALSE
2/8/23 17:52,50.4,50.3,189,191,FALSE
2/8/23 17:54,50.3,50.3,187,190,FALSE
2/8/23 17:56,50.3,50.3,182,185,FALSE
2/8/23 17:58,50.3,50.3,185,187,FALSE
2/8/23 18:00,50.2,50.2,188,190,FALSE
2/8/23 18:02,50.3,50.3,185,189,FALSE
2/8/23 18:04,50.3,50.3,189,191,FALSE
2/8/23 18:06,50.1,50.1,183,186,FALSE
2/8/23 18:08,50.1,50.1,182,185,FALSE
2/8/23 18:10,50.2,50.1,184,186,FALSE
2/8/23 18:12,50.2,50.1,182,185,FALSE
2/8/23 18:14,50.1,50.1,181,185,FALSE
2/8/23 18:16,50.1,50.1,184,186,FALSE
2/8/23 18:18,50.2,50.2,183,186,FALSE
2/8/23 18:20,50.3,50.3,182,185,FALSE
2/8/23 18:22,50.3,50.3,185,187,FALSE
2/8/23 18:24,50.3,50.2,185,187,FALSE
2/8/23 18:26,50.2,50.2,186,189,FALSE
2/8/23 18:28,50.3,50.3,185,188,FALSE
2/8/23 18:30,50.2,50.2,187,190,FALSE
2/8/23 18:32,50,50,184,187,FALSE
2/8/23 18:34,50.1,50.1,184,186,FALSE
2/8/23 18:36,50.2,50.1,185,186,FALSE
2/8/23 18:38,49.9,49.9,184,186,FALSE
2/8/23 18:40,50.2,50.1,187,188,FALSE
2/8/23 18:42,50,50,185,187,FALSE
2/8/23 18:44,50,50,184,187,FALSE
2/8/23 18:46,50.2,50.2,182,185,FALSE
2/8/23 18:48,50.2,50.2,183,185,FALSE
2/8/23 18:50,50.2,50.2,182,184,FALSE
2/8/23 18:52,50.3,50.3,185,187,FALSE
2/8/23 18:54,50.1,50.2,183,185,FALSE
2/8/23 18:56,50.4,50.4,183,186,FALSE
2/8/23 18:58,50.3,50.3,177,179,FALSE
2/8/23 19:00,50.1,50.2,183,185,FALSE
2/8/23 19:02,50.1,50.1,176,178,FALSE
2/8/23 19:04,50.3,50.3,184,185,FALSE
2/8/23 19:06,50.2,50.1,183,185,FALSE
2/8/23 19:08,50.2,50.2,187,190,FALSE
2/8/23 19:10,50.2,50.2,190,191,FALSE
2/8/23 19:12,50.4,50.4,186,189,FALSE
2/8/23 19:14,50.1,50.2,183,187,FALSE
2/8/23 19:16,50.2,50.2,182,185,FALSE
2/8/23 19:18,50.4,50.4,184,187,FALSE
2/8/23 19:20,50.3,50.3,181,184,FALSE
2/8/23 19:22,50,50,185,186,FALSE
2/8/23 19:24,50.4,50.3,182,185,FALSE
2/8/23 19:26,50.4,50.4,186,188,FALSE
2/8/23 19:28,50.1,50.1,185,187,FALSE
2/8/23 19:30,50.2,50.2,186,188,FALSE
2/8/23 19:32,50.2,50.2,182,185,FALSE
2/8/23 19:34,50.2,50.2,181,183,FALSE
2/8/23 19:36,50.2,50.3,175,176,FALSE
2/8/23 19:38,50.4,50.3,170,173,FALSE
2/8/23 19:40,50.2,50.2,174,176,FALSE
2/8/23 19:42,50.2,50.2,176,178,FALSE
2/8/23 19:44,50.4,50.4,178,181,FALSE
2/8/23 19:46,50.1,50.1,177,180,FALSE
2/8/23 19:48,50.4,50.3,173,177,FALSE
2/8/23 19:50,50.4,50.3,168,173,FALSE
2/8/23 19:52,50.2,50.2,172,176,FALSE
2/8/23 19:54,50.5,50.5,173,178,FALSE
2/8/23 19:56,50.3,50.3,171,176,FALSE
2/8/23 19:58,50.3,50.3,178,185,FALSE
2/8/23 20:00,50.4,50.4,183,187,FALSE
2/8/23 20:02,50.2,50.2,185,188,FALSE
2/8/23 20:04,50.4,50.4,187,189,FALSE
2/8/23 20:06,50.1,50.2,187,190,FALSE
2/8/23 20:08,50.3,50.3,189,192,FALSE
2/8/23 20:10,50.3,50.4,190,193,FALSE
2/8/23 20:12,50.3,50.3,190,192,FALSE
2/8/23 20:14,50.4,50.4,192,194,FALSE
2/8/23 20:16,50.3,50.3,191,194,FALSE
2/8/23 20:18,50.4,50.4,193,194,FALSE
2/8/23 20:20,50.4,50.4,193,195,FALSE
2/8/23 20:22,50.4,50.5,192,195,FALSE
2/8/23 20:24,50.4,50.4,197,199,FALSE
2/8/23 20:26,50.5,50.5,198,200,FALSE
2/8/23 20:28,50.5,50.5,195,198,FALSE
2/8/23 20:30,50.4,50.5,192,194,FALSE
2/8/23 20:32,50.4,50.4,195,197,FALSE
2/8/23 20:34,50.4,50.3,194,197,FALSE
2/8/23 20:36,50.4,50.3,196,198,FALSE
2/8/23 20:38,50.5,50.5,195,198,FALSE
2/8/23 20:40,50.5,50.5,195,197,FALSE
2/8/23 20:42,50.5,50.5,194,197,FALSE
2/8/23 20:44,50.3,50.3,197,199,FALSE
2/8/23 20:46,50.4,50.4,197,199,FALSE
2/8/23 20:48,50.6,50.6,199,201,FALSE
2/8/23 20:50,50.4,50.3,197,198,FALSE
2/8/23 20:52,50.5,50.5,196,198,FALSE
2/8/23 20:54,50.4,50.4,189,191,FALSE
2/8/23 20:56,50.6,50.6,190,192,FALSE
2/8/23 20:58,50.4,50.4,190,192,FALSE
2/8/23 21:00,50.5,50.5,193,195,FALSE
2/8/23 21:02,50.5,50.5,197,199,FALSE
2/8/23 21:04,50.5,50.6,191,196,FALSE
2/8/23 21:06,50.6,50.7,196,198,FALSE
2/8/23 21:08,50.4,50.4,196,197,FALSE
2/8/23 21:10,50.5,50.5,197,199,FALSE
2/8/23 21:12,50.6,50.5,197,199,FALSE
2/8/23 21:14,50.6,50.6,193,197,FALSE
2/8/23 21:16,50.5,50.6,194,198,FALSE
2/8/23 21:18,50.8,50.7,198,200,FALSE
2/8/23 21:20,50.3,50.3,199,201,FALSE
2/8/23 21:22,50.3,50.3,200,202,FALSE
2/8/23 21:24,50.3,50.3,199,202,FALSE
2/8/23 21:26,50.5,50.5,202,204,FALSE
2/8/23 21:28,50.2,50.2,200,202,FALSE
2/8/23 21:30,50.2,50.2,200,203,FALSE
2/8/23 21:32,50.2,50.2,201,202,FALSE
2/8/23 21:34,50.3,50.3,199,202,FALSE
2/8/23 21:36,50.4,50.4,199,202,FALSE
2/8/23 21:38,50.1,50.1,200,202,FALSE
2/8/23 21:40,50.3,50.3,202,204,FALSE
2/8/23 21:42,50.2,50.3,201,203,FALSE
2/8/23 21:44,50.2,50.2,202,204,FALSE
2/8/23 21:46,50.4,50.5,205,207,FALSE
2/8/23 21:48,50.4,50.5,201,203,FALSE
2/8/23 21:50,50.4,50.4,203,205,FALSE
2/8/23 21:52,50.5,50.5,207,208,FALSE
2/8/23 21:54,50.3,50.4,204,207,FALSE
2/8/23 21:56,50.6,50.6,207,209,FALSE
2/8/23 21:58,50.5,50.4,209,210,FALSE
2/8/23 22:00,50.5,50.5,209,211,FALSE
2/8/23 22:02,50.5,50.5,209,212,FALSE
2/8/23 22:04,50.6,50.5,211,212,FALSE
2/8/23 22:06,50.3,50.4,209,211,FALSE
2/8/23 22:08,50.6,50.6,209,211,FALSE
2/8/23 22:10,50.3,50.4,210,212,FALSE
2/8/23 22:12,50.4,50.4,209,211,FALSE
2/8/23 22:14,50.1,50.2,209,211,FALSE
2/8/23 22:16,50.2,50.2,211,213,FALSE
2/8/23 22:18,50.3,50.3,209,211,FALSE
2/8/23 22:20,50.2,50.2,211,213,FALSE
2/8/23 22:22,50.2,50.2,213,214,FALSE
2/8/23 22:24,50.2,50.2,211,213,FALSE
2/8/23 22:26,50.3,50.3,212,214,FALSE
2/8/23 22:28,50.3,50.3,212,214,FALSE
2/8/23 22:30,50.2,50.2,212,214,FALSE
2/8/23 22:32,50.3,50.3,211,213,FALSE
2/8/23 22:34,50.3,50.3,211,214,FALSE
2/8/23 22:36,50.3,50.3,212,214,FALSE
2/8/23 22:38,50.3,50.3,212,214,FALSE
2/8/23 22:40,50.3,50.2,213,215,FALSE
2/8/23 22:42,50.1,50.1,214,216,FALSE
2/8/23 22:44,50.4,50.4,214,216,FALSE
2/8/23 22:46,50.5,50.5,215,217,FALSE
2/8/23 22:48,50.4,50.4,215,217,FALSE
2/8/23 22:50,50.3,50.4,216,217,FALSE
2/8/23 22:52,50.1,50.1,215,216,FALSE
2/8/23 22:54,50.3,50.3,216,218,FALSE
2/8/23 22:56,50.4,50.3,216,218,FALSE
2/8/23 22:58,50.2,50.3,216,218,FALSE
2/8/23 23:00,50.4,50.5,216,218,FALSE
2/8/23 23:02,50.4,50.4,216,218,FALSE
2/8/23 23:04,50.4,50.4,216,218,FALSE
2/8/23 23:06,50.4,50.4,213,215,FALSE
2/8/23 23:08,50.4,50.4,214,215,FALSE
2/8/23 23:10,50.4,50.5,217,219,FALSE
2/8/23 23:12,50.3,50.3,217,219,FALSE
2/8/23 23:14,50.3,50.3,217,219,FALSE
2/8/23 23:16,50.5,50.5,218,220,FALSE
2/8/23 23:18,50.4,50.4,219,221,FALSE
2/8/23 23:20,50.2,50.2,219,221,FALSE
2/8/23 23:22,50.3,50.3,219,221,FALSE
2/8/23 23:24,50.5,50.4,219,221,FALSE
2/8/23 23:26,50.4,50.3,220,221,FALSE
2/8/23 23:28,50.4,50.5,220,221,FALSE
2/8/23 23:30,50.3,50.2,219,221,FALSE
2/8/23 23:32,50.5,50.5,232,233,FALSE
2/8/23 23:34,50.1,50.2,228,229,FALSE
2/8/23 23:36,50.4,50.4,220,221,FALSE
2/8/23 23:38,50.2,50.2,218,220,FALSE
2/8/23 23:40,50.2,50.2,218,220,FALSE
2/8/23 23:42,50.5,50.5,218,219,FALSE
2/8/23 23:44,50.3,50.4,218,219,FALSE
2/8/23 23:46,50.2,50.2,218,219,FALSE
2/8/23 23:48,50.3,50.3,219,220,FALSE
2/8/23 23:50,50.4,50.5,221,223,FALSE
2/8/23 23:52,50.5,50.5,220,222,FALSE
2/8/23 23:54,50.5,50.5,220,222,FALSE
2/8/23 23:56,50.5,50.4,219,221,FALSE
2/8/23 23:58,50.4,50.4,220,222,FALSE
2/9/23 0:00,50.4,50.4,221,222,FALSE
2/9/23 0:02,50.4,50.4,221,223,FALSE
2/9/23 0:04,50.5,50.6,221,223,FALSE
2/9/23 0:06,50.5,50.5,222,223,FALSE
2/9/23 0:08,50.5,50.5,223,224,FALSE
2/9/23 0:10,50.4,50.4,222,223,FALSE
2/9/23 0:12,50.5,50.6,222,224,FALSE
2/9/23 0:14,50.5,50.6,223,224,FALSE
2/9/23 0:16,50.4,50.3,219,221,FALSE
2/9/23 0:18,50.5,50.5,220,221,FALSE
2/9/23 0:20,50.6,50.5,223,225,FALSE
2/9/23 0:22,50.3,50.2,220,221,FALSE
2/9/23 0:24,50.5,50.5,220,221,FALSE
2/9/23 0:26,50.3,50.3,220,221,FALSE
2/9/23 0:28,50.3,50.3,221,222,FALSE
2/9/23 0:30,50.3,50.4,220,222,FALSE
2/9/23 0:32,50.4,50.4,220,221,FALSE
2/9/23 0:34,50.4,50.3,219,221,FALSE
2/9/23 0:36,50.5,50.5,220,221,FALSE
2/9/23 0:38,50.4,50.3,220,221,FALSE
2/9/23 0:40,50.5,50.5,221,222,FALSE
2/9/23 0:42,50.6,50.5,221,222,FALSE
2/9/23 0:44,50.6,50.6,218,219,FALSE
2/9/23 0:46,50.6,50.6,221,222,FALSE
2/9/23 0:48,50.5,50.5,220,221,FALSE
2/9/23 0:50,50.5,50.5,219,221,FALSE
2/9/23 0:52,50.4,50.4,220,221,FALSE
2/9/23 0:54,50.3,50.3,219,221,FALSE
2/9/23 0:56,50.5,50.5,220,221,FALSE
2/9/23 0:58,50.4,50.4,217,219,FALSE
2/9/23 1:00,50.6,50.6,218,219,FALSE
2/9/23 1:02,50.5,50.5,219,220,FALSE
2/9/23 1:04,50.4,50.4,219,220,FALSE
2/9/23 1:06,50.6,50.6,222,223,FALSE
2/9/23 1:08,50.4,50.4,224,226,FALSE
2/9/23 1:10,50.6,50.6,225,226,FALSE
2/9/23 1:12,50.4,50.4,225,226,FALSE
2/9/23 1:14,50.3,50.3,225,227,FALSE
2/9/23 1:16,50.4,50.5,226,227,FALSE
2/9/23 1:18,50.4,50.3,224,226,FALSE
2/9/23 1:20,50.4,50.4,220,221,FALSE
2/9/23 1:22,50.4,50.3,223,225,FALSE
2/9/23 1:24,50.5,50.5,223,225,FALSE
2/9/23 1:26,50.5,50.5,221,222,FALSE
2/9/23 1:28,50.4,50.5,221,223,FALSE
2/9/23 1:30,50.5,50.5,222,223,FALSE
2/9/23 1:32,50.4,50.4,220,222,FALSE
2/9/23 1:34,50.4,50.4,221,223,FALSE
2/9/23 1:36,50.4,50.5,218,219,FALSE
2/9/23 1:38,50.5,50.4,218,219,FALSE
2/9/23 1:40,50.5,50.5,219,220,FALSE
2/9/23 1:42,50.4,50.4,218,219,FALSE
2/9/23 1:44,50.5,50.5,218,219,FALSE
2/9/23 1:46,50.4,50.5,219,220,FALSE
2/9/23 1:48,50.5,50.5,219,220,FALSE
2/9/23 1:50,50.4,50.4,222,223,FALSE
2/9/23 1:52,50.4,50.5,222,223,FALSE
2/9/23 1:54,50.5,50.5,221,222,FALSE
2/9/23 1:56,50.3,50.3,220,222,FALSE
2/9/23 1:58,50.6,50.5,221,223,FALSE
2/9/23 2:00,50.4,50.4,221,222,FALSE
2/9/23 2:02,50.4,50.4,221,222,FALSE
2/9/23 2:04,50.5,50.5,222,223,FALSE
2/9/23 2:06,50.5,50.4,221,223,FALSE
2/9/23 2:08,50.5,50.5,221,223,FALSE
2/9/23 2:10,50.5,50.4,220,222,FALSE
2/9/23 2:12,50.5,50.5,221,223,FALSE
2/9/23 2:14,50.5,50.5,221,223,FALSE
2/9/23 2:16,50.5,50.5,223,224,FALSE
2/9/23 2:18,50.4,50.5,223,226,FALSE
2/9/23 2:20,50.4,50.4,223,225,FALSE
2/9/23 2:22,50.5,50.5,223,224,FALSE
2/9/23 2:24,50.6,50.5,223,224,FALSE
2/9/23 2:26,50.6,50.5,223,225,FALSE
2/9/23 2:28,50.4,50.4,223,225,FALSE
2/9/23 2:30,50.4,50.4,221,222,FALSE
2/9/23 2:32,50.7,50.7,221,222,FALSE
2/9/23 2:34,50.5,50.5,223,226,FALSE
2/9/23 2:36,50.3,50.4,224,226,FALSE
2/9/23 2:38,50.6,50.6,224,226,FALSE
2/9/23 2:40,50.5,50.5,223,225,FALSE
2/9/23 2:42,50.5,50.4,224,225,FALSE
2/9/23 2:44,50.5,50.5,223,225,FALSE
2/9/23 2:46,50.5,50.5,223,226,FALSE
2/9/23 2:48,50.3,50.3,222,224,FALSE
2/9/23 2:50,50.4,50.4,223,225,FALSE
2/9/23 2:52,50.4,50.4,223,225,FALSE
2/9/23 2:54,50.6,50.5,223,225,FALSE
2/9/23 2:56,50.4,50.4,223,225,FALSE
2/9/23 2:58,50.5,50.5,223,225,FALSE
2/9/23 3:00,50.6,50.5,223,225,FALSE
2/9/23 3:02,50.4,50.5,223,225,FALSE
2/9/23 3:04,50.5,50.5,223,224,FALSE
2/9/23 3:06,50.7,50.8,223,225,FALSE
2/9/23 3:08,50.4,50.4,223,225,FALSE
2/9/23 3:10,50.4,50.5,223,223,FALSE
2/9/23 3:12,50.4,50.5,222,223,FALSE
2/9/23 3:14,50.5,50.5,223,224,FALSE
2/9/23 3:16,50.5,50.6,223,224,FALSE
2/9/23 3:18,50.4,50.3,223,225,FALSE
2/9/23 3:20,50.5,50.5,223,225,FALSE
2/9/23 3:22,50.5,50.5,223,224,FALSE
2/9/23 3:24,50.4,50.4,223,224,FALSE
2/9/23 3:26,50.7,50.7,222,224,FALSE
2/9/23 3:28,50.3,50.3,223,224,FALSE
2/9/23 3:30,50.5,50.4,222,224,FALSE
2/9/23 3:32,50.6,50.5,223,224,FALSE
2/9/23 3:34,50.5,50.5,223,225,FALSE
2/9/23 3:36,50.6,50.6,224,226,FALSE
2/9/23 3:38,50.5,50.4,224,226,FALSE
2/9/23 3:40,50.4,50.4,223,225,FALSE
2/9/23 3:42,50.5,50.5,223,225,FALSE
2/9/23 3:44,50.4,50.3,220,221,FALSE
2/9/23 3:46,50.6,50.5,221,222,FALSE
2/9/23 3:48,50.5,50.6,223,226,FALSE
2/9/23 3:50,50.7,50.7,224,226,FALSE
2/9/23 3:52,50.3,50.3,223,226,FALSE
2/9/23 3:54,50.5,50.5,223,225,FALSE
2/9/23 3:56,50.4,50.4,224,226,FALSE
2/9/23 3:58,50.5,50.5,224,226,FALSE
2/9/23 4:00,50.4,50.4,224,226,FALSE
2/9/23 4:02,50.5,50.5,223,225,FALSE
2/9/23 4:04,50.5,50.5,224,225,FALSE
2/9/23 4:06,50.4,50.4,224,226,FALSE
2/9/23 4:08,50.4,50.4,224,226,FALSE
2/9/23 4:10,50.5,50.5,224,226,FALSE
2/9/23 4:12,50.5,50.6,224,226,FALSE
2/9/23 4:14,50.5,50.6,225,226,FALSE
2/9/23 4:16,50.4,50.4,225,226,FALSE
2/9/23 4:18,50.3,50.3,221,223,FALSE
2/9/23 4:20,50.3,50.3,225,226,FALSE
2/9/23 4:22,50.5,50.4,224,226,FALSE
2/9/23 4:24,50.5,50.5,223,223,FALSE
2/9/23 4:26,50.6,50.6,226,227,FALSE
2/9/23 4:28,50.6,50.6,223,224,FALSE
2/9/23 4:30,50.5,50.5,225,226,FALSE
2/9/23 4:32,50.6,50.6,226,227,FALSE
2/9/23 4:34,50.3,50.3,223,224,FALSE
2/9/23 4:36,50.5,50.5,223,224,FALSE
2/9/23 4:38,50.6,50.6,223,225,FALSE
2/9/23 4:40,50.5,50.5,223,224,FALSE
2/9/23 4:42,50.4,50.5,222,224,FALSE
2/9/23 4:44,50.5,50.5,220,222,FALSE
2/9/23 4:46,50.5,50.5,223,224,FALSE
2/9/23 4:48,50.6,50.6,223,224,FALSE
2/9/23 4:50,50,50,223,225,FALSE
2/9/23 4:52,50.1,50.1,223,226,FALSE
2/9/23 4:54,50.2,50.1,223,226,FALSE
2/9/23 4:56,50.1,50.2,224,226,FALSE
2/9/23 4:58,50.3,50.3,224,226,FALSE
2/9/23 5:00,50.2,50.2,224,226,FALSE
2/9/23 5:02,50.2,50.3,221,223,FALSE
2/9/23 5:04,50.2,50.1,223,224,FALSE
2/9/23 5:06,50.2,50.2,223,224,FALSE
2/9/23 5:08,50.2,50.2,223,224,FALSE
2/9/23 5:10,50.3,50.3,223,224,FALSE
2/9/23 5:12,50.2,50.2,223,224,FALSE
2/9/23 5:14,50.3,50.3,222,223,FALSE
2/9/23 5:16,50.2,50.2,223,224,FALSE
2/9/23 5:18,50.2,50.1,221,223,FALSE
2/9/23 5:20,50.2,50.2,221,223,FALSE
2/9/23 5:22,50.2,50.2,221,223,FALSE
2/9/23 5:24,50.2,50.2,221,223,FALSE
2/9/23 5:26,50.1,50.1,221,222,FALSE
2/9/23 5:28,50.2,50.2,221,223,FALSE
2/9/23 5:30,50.2,50.1,219,220,FALSE
2/9/23 5:32,50.1,50.1,218,219,FALSE
2/9/23 5:34,50.4,50.4,219,220,FALSE
2/9/23 5:36,50,50,216,218,FALSE
2/9/23 5:38,50.1,50,216,218,FALSE
2/9/23 5:40,50.1,50,219,221,FALSE
2/9/23 5:42,50.2,50.2,216,218,FALSE
2/9/23 5:44,50,50,214,216,FALSE
2/9/23 5:46,50.1,50.2,215,217,FALSE
2/9/23 5:48,50,50,214,216,FALSE
2/9/23 5:50,50.2,50.2,216,219,FALSE
2/9/23 5:52,50,50,219,221,FALSE
2/9/23 5:54,50.2,50.2,221,222,FALSE
2/9/23 5:56,50.1,50,219,221,FALSE
2/9/23 5:58,50.2,50.1,217,220,FALSE
2/9/23 6:00,50,50.1,219,220,FALSE
2/9/23 6:02,50,50,217,219,FALSE
2/9/23 6:04,50.1,50.1,212,214,FALSE
2/9/23 6:06,50.2,50.1,207,212,FALSE
2/9/23 6:08,50,50.1,204,211,FALSE
2/9/23 6:10,49.9,50,213,216,FALSE
2/9/23 6:12,50,50,210,213,FALSE
2/9/23 6:14,49.9,49.9,210,213,FALSE
2/9/23 6:16,50,50.1,209,212,FALSE
2/9/23 6:18,50.1,50.1,209,212,FALSE
2/9/23 6:20,50,50.1,210,213,FALSE
2/9/23 6:22,50,50,208,211,FALSE
2/9/23 6:24,50.2,50.3,210,212,FALSE
2/9/23 6:26,50.1,50.1,207,210,FALSE
2/9/23 6:28,49.9,49.9,204,207,FALSE
2/9/23 6:30,49.9,49.9,204,209,FALSE
2/9/23 6:32,50,50,205,207,FALSE
2/9/23 6:34,49.8,49.8,197,203,FALSE
2/9/23 6:36,50.2,50.2,198,203,FALSE
2/9/23 6:38,50.4,50.4,197,203,FALSE
2/9/23 6:40,50.2,50.3,199,204,FALSE
2/9/23 6:42,50.1,50,208,210,FALSE
2/9/23 6:44,50,50,210,213,FALSE
2/9/23 6:46,50.1,50,205,209,FALSE
2/9/23 6:48,50.3,50.4,204,208,FALSE
2/9/23 6:50,50.1,50.1,205,208,FALSE
2/9/23 6:52,50.2,50.2,204,207,FALSE
2/9/23 6:54,50.2,50.2,197,199,FALSE
2/9/23 6:56,50.3,50.3,202,205,FALSE
2/9/23 6:58,50.2,50.2,202,205,FALSE
2/9/23 7:00,50.2,50.2,205,208,FALSE
2/9/23 7:02,50.2,50.3,207,209,FALSE
2/9/23 7:04,50,50,199,202,FALSE
2/9/23 7:06,50.1,50.1,197,200,FALSE
2/9/23 7:08,50.1,50.2,201,203,FALSE
2/9/23 7:10,49.9,49.9,196,199,FALSE
2/9/23 7:12,50.4,50.3,200,203,FALSE
2/9/23 7:14,50,50,198,200,FALSE
2/9/23 7:16,50.3,50.4,198,202,FALSE
2/9/23 7:18,50,50,199,202,FALSE
2/9/23 7:20,50.2,50.2,203,205,FALSE
2/9/23 7:22,50,50,205,207,FALSE
2/9/23 7:24,50,50,206,209,FALSE
2/9/23 7:26,50.2,50.2,207,209,FALSE
2/9/23 7:28,50,50,209,211,FALSE
2/9/23 7:30,50.3,50.4,205,208,FALSE
2/9/23 7:32,50.2,50.1,205,207,FALSE
2/9/23 7:34,50.3,50.3,208,210,FALSE
2/9/23 7:36,49.9,49.9,200,204,FALSE
2/9/23 7:38,50.4,50.3,199,201,FALSE
2/9/23 7:40,50.4,50.5,200,203,FALSE
2/9/23 7:42,50.2,50.2,201,204,FALSE
2/9/23 7:44,50.2,50.1,202,204,FALSE
2/9/23 7:46,49.9,50,199,201,FALSE
2/9/23 7:48,50.1,50.1,193,196,FALSE
2/9/23 7:50,49.9,49.9,194,197,FALSE
2/9/23 7:52,50.2,50.1,195,197,FALSE
2/9/23 7:54,50,50,190,193,FALSE
2/9/23 7:56,49.9,50,195,198,FALSE
2/9/23 7:58,50,50,200,202,FALSE
2/9/23 8:00,50.1,50.1,197,200,FALSE
2/9/23 8:02,50,50,194,192,FALSE
2/9/23 8:04,50,50,194,197,FALSE
2/9/23 8:06,49.8,49.8,197,200,FALSE
2/9/23 8:08,49.9,50,197,199,FALSE
2/9/23 8:10,49.9,49.9,199,202,FALSE
2/9/23 8:12,49.9,49.9,214,217,FALSE
2/9/23 8:14,50,50,203,206,FALSE
2/9/23 8:16,49.9,49.9,199,196,FALSE
2/9/23 8:18,50.4,50.4,196,194,FALSE
2/9/23 8:20,50.2,50.2,195,193,FALSE
2/9/23 8:22,50.4,50.4,201,198,FALSE
2/9/23 8:24,50.4,50.4,197,200,FALSE
2/9/23 8:26,50.3,50.3,197,199,FALSE
2/9/23 8:28,50.5,50.5,192,194,FALSE
2/9/23 8:30,50.4,50.4,192,194,FALSE
2/9/23 8:32,50.4,50.5,186,190,FALSE
2/9/23 8:34,50.3,50.4,184,187,FALSE
2/9/23 8:36,50,50,185,188,FALSE
2/9/23 8:38,50.3,50.3,188,192,FALSE
2/9/23 8:40,50.3,50.3,190,193,FALSE
2/9/23 8:42,50.3,50.3,191,194,FALSE
2/9/23 8:44,50.2,50.3,192,194,FALSE
2/9/23 8:46,50.3,50.3,194,197,FALSE
2/9/23 8:48,50.1,50.2,190,193,FALSE
2/9/23 8:50,50.3,50.3,192,195,FALSE
2/9/23 8:52,50.2,50.1,183,187,FALSE
2/9/23 8:54,50.2,50.2,190,192,FALSE
2/9/23 8:56,50.2,50.2,193,196,FALSE
2/9/23 8:58,50.5,50.5,192,194,FALSE
2/9/23 9:00,50.4,50.4,194,197,FALSE
2/9/23 9:02,50.3,50.3,197,199,FALSE
2/9/23 9:04,50.1,50.2,187,190,FALSE
2/9/23 9:06,50.2,50.2,192,195,FALSE
2/9/23 9:08,50.4,50.4,185,188,FALSE
2/9/23 9:10,50.2,50.2,188,191,FALSE
2/9/23 9:12,50.1,50.1,190,192,FALSE
2/9/23 9:14,50.3,50.2,190,192,FALSE
2/9/23 9:16,50.1,50.2,188,191,FALSE
2/9/23 9:18,50.2,50.2,190,192,FALSE
2/9/23 9:20,50.4,50.4,189,192,FALSE
2/9/23 9:22,50,49.9,187,190,FALSE
2/9/23 9:24,50.1,50,189,192,FALSE
2/9/23 9:26,50.2,50.2,194,197,FALSE
2/9/23 9:28,50.5,50.4,189,193,FALSE
2/9/23 9:30,50.4,50.4,195,198,FALSE
2/9/23 9:32,50.1,50.1,193,196,FALSE
2/9/23 9:34,50.3,50.3,186,190,FALSE
2/9/23 9:36,50.2,50.2,180,185,FALSE
2/9/23 9:38,50.5,50.4,180,183,FALSE
2/9/23 9:40,50.2,50.2,181,185,FALSE
2/9/23 9:42,50.2,50.2,185,188,FALSE
2/9/23 9:44,50.2,50.2,189,192,FALSE
2/9/23 9:46,50,50,182,187,FALSE
2/9/23 9:48,50.2,50.2,185,188,FALSE
2/9/23 9:50,50.2,50.2,182,185,FALSE
2/9/23 9:52,50.3,50.2,180,185,FALSE
2/9/23 9:54,49.9,50,186,190,FALSE
2/9/23 9:56,50.1,50.1,180,183,FALSE
2/9/23 9:58,50.2,50.2,181,185,FALSE
2/9/23 10:00,49.9,50,182,186,FALSE
2/9/23 10:02,50.3,50.3,185,189,FALSE
2/9/23 10:04,50.3,50.3,183,187,FALSE
2/9/23 10:06,50.2,50.2,185,189,FALSE
2/9/23 10:08,50.2,50.2,181,184,FALSE
2/9/23 10:10,50.2,50.1,184,188,FALSE
2/9/23 10:12,50.3,50.2,186,190,FALSE
2/9/23 10:14,50.1,50.1,187,191,FALSE
2/9/23 10:16,50.1,50.1,180,183,FALSE
2/9/23 10:18,50,50.1,190,194,FALSE
2/9/23 10:20,50.3,50.3,192,195,FALSE
2/9/23 10:22,50.2,50.2,192,196,FALSE
2/9/23 10:24,50.2,50.2,188,192,FALSE
2/9/23 10:26,50.1,50.1,187,190,FALSE
2/9/23 10:28,50.4,50.3,180,185,FALSE
2/9/23 10:30,50.1,50.2,180,185,FALSE
2/9/23 10:32,50.1,50.1,180,184,FALSE
2/9/23 10:34,50.1,50.1,181,185,FALSE
2/9/23 10:36,50.2,50.2,180,184,FALSE
2/9/23 10:38,50,50,181,185,FALSE
2/9/23 10:40,50.1,50.1,184,187,FALSE
2/9/23 10:42,50,50,182,188,FALSE
2/9/23 10:44,50,50,187,191,FALSE
2/9/23 10:46,50.4,50.4,182,186,FALSE
2/9/23 10:48,50.3,50.4,190,194,FALSE
2/9/23 10:50,50.2,50.2,187,190,FALSE
2/9/23 10:52,50.1,50.2,187,190,FALSE
2/9/23 10:54,50,50,175,182,FALSE
2/9/23 10:56,50.4,50.4,182,188,FALSE
2/9/23 10:58,50.2,50.2,182,188,FALSE
2/9/23 11:00,50.1,50.2,184,187,FALSE
2/9/23 11:02,50.2,50.2,187,190,FALSE
2/9/23 11:04,49.9,49.9,186,189,FALSE
2/9/23 11:06,50.4,50.4,185,189,FALSE
2/9/23 11:08,50.3,50.3,186,190,FALSE
2/9/23 11:10,50.3,50.2,186,189,FALSE
2/9/23 11:12,50.1,50,187,192,FALSE
2/9/23 11:14,50.2,50.2,191,194,FALSE
2/9/23 11:16,50.3,50.2,189,192,FALSE
2/9/23 11:18,50.3,50.3,181,187,FALSE
2/9/23 11:20,50,50,180,186,FALSE
2/9/23 11:22,50.3,50.2,178,184,FALSE
2/9/23 11:24,50.2,50.3,182,187,FALSE
2/9/23 11:26,50.2,50.2,186,190,FALSE
2/9/23 11:28,50.2,50.2,186,189,FALSE
2/9/23 11:30,50.1,50.1,192,197,FALSE
2/9/23 11:32,50.1,50,194,198,FALSE
2/9/23 11:34,50.2,50.3,192,196,FALSE
2/9/23 11:36,50.2,50.2,189,193,FALSE
2/9/23 11:38,50.4,50.5,192,196,FALSE
2/9/23 11:40,50.1,50.1,194,199,FALSE
2/9/23 11:42,50.1,50.1,188,192,FALSE
2/9/23 11:44,50.4,50.3,188,192,FALSE
2/9/23 11:46,50.1,50.1,190,194,FALSE
2/9/23 11:48,50.1,50.1,195,199,FALSE
2/9/23 11:50,50,50.1,193,197,FALSE
2/9/23 11:52,50,50.1,187,191,FALSE
2/9/23 11:54,50.1,50.1,190,193,FALSE
2/9/23 11:56,50.4,50.3,192,194,FALSE
2/9/23 11:58,50.2,50.2,187,192,FALSE
2/9/23 12:00,50.4,50.4,189,192,FALSE
2/9/23 12:02,50.1,50.2,186,189,FALSE
2/9/23 12:04,50.2,50.2,190,193,FALSE
2/9/23 12:06,50.1,50.1,188,192,FALSE
2/9/23 12:08,50.3,50.4,189,192,FALSE
2/9/23 12:10,50.2,50.2,190,193,FALSE
2/9/23 12:12,50.1,50.2,185,188,FALSE
2/9/23 12:14,50.2,50.1,187,190,FALSE
2/9/23 12:16,50.3,50.3,186,190,FALSE
2/9/23 12:18,50.3,50.3,185,190,FALSE
2/9/23 12:20,50.2,50.2,190,193,FALSE
2/9/23 12:22,50.3,50.3,191,194,FALSE
2/9/23 12:24,50.4,50.4,191,195,FALSE
2/9/23 12:26,50.1,50.2,192,196,FALSE
2/9/23 12:28,50.3,50.4,199,202,FALSE
2/9/23 12:30,50.4,50.4,197,201,FALSE
2/9/23 12:32,50.2,50.2,194,199,FALSE
2/9/23 12:34,50.5,50.5,201,204,FALSE
2/9/23 12:36,50.1,50.2,199,203,FALSE
2/9/23 12:38,50.2,50.2,199,203,FALSE
2/9/23 12:40,50.2,50.2,197,200,FALSE
2/9/23 12:42,50.2,50.2,192,195,FALSE
2/9/23 12:44,50.1,50.1,196,199,FALSE
2/9/23 12:46,50.4,50.4,199,202,FALSE
2/9/23 12:48,50.2,50.2,190,194,FALSE
2/9/23 12:50,50.4,50.4,189,193,FALSE
2/9/23 12:52,50.1,50.1,192,195,FALSE
2/9/23 12:54,50.3,50.4,183,186,FALSE
2/9/23 12:56,50.2,50.2,182,185,FALSE
2/9/23 12:58,50.3,50.3,194,197,FALSE
2/9/23 13:00,50.5,50.5,192,194,FALSE
2/9/23 13:02,50.5,50.4,193,197,FALSE
2/9/23 13:04,50.2,50.1,197,201,FALSE
2/9/23 13:06,50.1,50.1,197,199,FALSE
2/9/23 13:08,50.1,50.1,188,192,FALSE
2/9/23 13:10,50,49.9,192,194,FALSE
2/9/23 13:12,50.2,50.2,191,194,FALSE
2/9/23 13:14,50.2,50.1,194,197,FALSE
2/9/23 13:16,50.3,50.4,189,192,FALSE
2/9/23 13:18,50.1,50.1,183,186,FALSE
2/9/23 13:20,50.2,50.1,183,187,FALSE
2/9/23 13:22,50.2,50.2,185,189,FALSE
2/9/23 13:24,50.2,50.2,187,190,FALSE
2/9/23 13:26,50.3,50.2,178,184,FALSE
2/9/23 13:28,50.2,50.2,181,186,FALSE
2/9/23 13:30,50.1,50,187,191,FALSE
2/9/23 13:32,50,50.1,187,191,FALSE
2/9/23 13:34,50.1,50.1,186,190,FALSE
2/9/23 13:36,50.3,50.4,192,194,FALSE
2/9/23 13:38,50.4,50.4,191,194,FALSE
2/9/23 13:40,49.9,49.9,187,192,FALSE
2/9/23 13:42,49.8,49.8,185,188,FALSE
2/9/23 13:44,50.1,50,185,188,FALSE
2/9/23 13:46,50.3,50.3,182,186,FALSE
2/9/23 13:48,50.3,50.3,184,187,FALSE
2/9/23 13:50,50,50,184,187,FALSE
2/9/23 13:52,50.2,50.2,187,191,FALSE
2/9/23 13:54,50.2,50.2,187,191,FALSE
2/9/23 13:56,50.1,50,187,191,FALSE
2/9/23 13:58,50.2,50.2,185,188,FALSE
2/9/23 14:00,50.3,50.3,190,192,FALSE
2/9/23 14:02,50,50,188,192,FALSE
2/9/23 14:04,50.1,50.2,185,189,FALSE
2/9/23 14:06,50.1,50.1,181,185,FALSE
2/9/23 14:08,50,50,182,186,FALSE
2/9/23 14:10,50.2,50.2,181,186,FALSE
2/9/23 14:12,50.1,50.1,178,185,FALSE
2/9/23 14:14,50.2,50.2,181,187,FALSE
2/9/23 14:16,50.1,50,180,187,FALSE
2/9/23 14:18,50.2,50.3,178,187,FALSE
2/9/23 14:20,50.1,50.2,180,187,FALSE
2/9/23 14:22,49.9,50,178,185,FALSE
2/9/23 14:24,50,50.1,183,187,FALSE
2/9/23 14:26,49.9,49.9,184,189,FALSE
2/9/23 14:28,50.4,50.5,182,187,FALSE
2/9/23 14:30,50.1,50.1,182,185,FALSE
2/9/23 14:32,50,50,180,184,FALSE
2/9/23 14:34,50,49.9,180,185,FALSE
2/9/23 14:36,49.9,49.9,178,182,FALSE
2/9/23 14:38,50,50,170,175,FALSE
2/9/23 14:40,50.2,50.2,172,176,FALSE
2/9/23 14:42,50,49.9,176,180,FALSE
2/9/23 14:44,50,50,180,182,FALSE
2/9/23 14:46,50.2,50.2,178,182,FALSE
2/9/23 14:48,50.1,50,175,180,FALSE
2/9/23 14:50,50.3,50.3,170,176,FALSE
2/9/23 14:52,50,50,170,177,FALSE
2/9/23 14:54,50,50,178,183,FALSE
2/9/23 14:56,50,50,183,187,FALSE
2/9/23 14:58,50.2,50.2,178,183,FALSE
2/9/23 15:00,50.1,50.1,185,190,FALSE
2/9/23 15:02,50.3,50.3,183,187,FALSE
2/9/23 15:04,50.2,50.2,179,184,FALSE
2/9/23 15:06,50,50,184,187,FALSE
2/9/23 15:08,49.9,50,185,189,FALSE
2/9/23 15:10,50,49.9,181,186,FALSE
2/9/23 15:12,50.2,50.2,178,182,FALSE
2/9/23 15:14,50.1,50,181,185,FALSE
2/9/23 15:16,50.2,50.2,182,185,FALSE
2/9/23 15:18,50.3,50.4,178,181,FALSE
2/9/23 15:20,50.1,50.1,182,185,FALSE
2/9/23 15:22,50.2,50.1,185,189,FALSE
2/9/23 15:24,50.2,50.2,187,190,FALSE
2/9/23 15:26,49.9,49.9,186,189,FALSE
2/9/23 15:28,50.2,50.2,182,186,FALSE
2/9/23 15:30,50.3,50.3,181,185,FALSE
2/9/23 15:32,50.1,50,191,194,FALSE
2/9/23 15:34,50,50.1,191,194,FALSE
2/9/23 15:36,50,50,190,194,FALSE
2/9/23 15:38,50.1,50.1,195,198,FALSE
2/9/23 15:40,50.2,50.2,185,189,FALSE
2/9/23 15:42,50.2,50.2,187,190,FALSE
2/9/23 15:44,50.3,50.3,185,189,FALSE
2/9/23 15:46,50,50,187,190,FALSE
2/9/23 15:48,49.8,49.8,181,186,FALSE
2/9/23 15:50,50,50,183,186,FALSE
2/9/23 15:52,49.8,49.9,184,187,FALSE
2/9/23 15:54,50.3,50.3,182,185,FALSE
2/9/23 15:56,50.3,50.3,175,181,FALSE
2/9/23 15:58,50.4,50.4,179,185,FALSE
2/9/23 16:00,50,50,178,184,FALSE
2/9/23 16:02,50.1,50.1,175,178,FALSE
2/9/23 16:04,50.1,50.3,180,182,FALSE
2/9/23 16:06,50.2,50.3,180,183,FALSE
2/9/23 16:08,50.2,50.2,180,183,FALSE
2/9/23 16:10,50.1,50.2,185,187,FALSE
2/9/23 16:12,50,49.9,178,180,FALSE
2/9/23 16:14,50,50,186,188,FALSE
2/9/23 16:16,50.4,50.3,185,187,FALSE
2/9/23 16:18,50.3,50.3,183,186,FALSE
2/9/23 16:20,50.3,50.3,181,185,FALSE
2/9/23 16:22,49.9,49.9,180,183,FALSE
2/9/23 16:24,50,50,179,183,FALSE
2/9/23 16:26,50.2,50.2,182,185,FALSE
2/9/23 16:28,50.1,50.1,183,185,FALSE
2/9/23 16:30,50.1,50.1,182,186,FALSE
2/9/23 16:32,50.2,50.3,180,184,FALSE
2/9/23 16:34,50.1,50,181,184,FALSE
2/9/23 16:36,50,50,181,185,FALSE
2/9/23 16:38,50,50,182,185,FALSE
2/9/23 16:40,50.1,50.1,185,187,FALSE
2/9/23 16:42,50.3,50.3,180,185,FALSE
2/9/23 16:44,50.1,50.1,173,179,FALSE
2/9/23 16:46,50.4,50.5,180,182,FALSE
2/9/23 16:48,50.1,50.2,180,183,FALSE
2/9/23 16:50,50,49.9,180,184,FALSE
2/9/23 16:52,50,50,180,182,FALSE
2/9/23 16:54,50.1,50.1,180,183,FALSE
2/9/23 16:56,50.3,50.3,175,178,FALSE
2/9/23 16:58,50,50,180,182,FALSE
2/9/23 17:00,50.3,50.3,177,180,FALSE
2/9/23 17:02,50,50,173,177,FALSE
2/9/23 17:04,50,50,178,179,FALSE
2/9/23 17:06,50.3,50.3,182,185,FALSE
2/9/23 17:08,50.2,50.1,181,184,FALSE
2/9/23 17:10,50.3,50.2,181,183,FALSE
2/9/23 17:12,50.3,50.4,190,192,FALSE
2/9/23 17:14,50.1,50.1,185,188,FALSE
2/9/23 17:16,50.1,50,189,191,FALSE
2/9/23 17:18,50.2,50.2,190,191,FALSE
2/9/23 17:20,49.9,49.9,188,191,FALSE
2/9/23 17:22,50.1,50.1,190,192,FALSE
2/9/23 17:24,50.2,50.2,190,192,FALSE
2/9/23 17:26,50.4,50.3,190,192,FALSE
2/9/23 17:28,50,50.1,188,190,FALSE
2/9/23 17:30,50.2,50.2,190,191,FALSE
2/9/23 17:32,50.1,50.1,186,189,FALSE
2/9/23 17:34,50.3,50.2,187,188,FALSE
2/9/23 17:36,50.2,50.1,187,189,FALSE
2/9/23 17:38,50.2,50.2,188,191,FALSE
2/9/23 17:40,50.3,50.3,187,188,FALSE
2/9/23 17:42,50.2,50.1,187,189,FALSE
2/9/23 17:44,50.2,50.2,189,191,FALSE
2/9/23 17:46,50,49.9,188,190,FALSE
2/9/23 17:48,50.1,50.1,192,194,FALSE
2/9/23 17:50,50.3,50.3,188,191,FALSE
2/9/23 17:52,50.1,50.1,189,192,FALSE
2/9/23 17:54,50.2,50.1,186,188,FALSE
2/9/23 17:56,50.1,50.1,187,190,FALSE
2/9/23 17:58,50.3,50.4,183,186,FALSE
2/9/23 18:00,50.2,50.2,183,185,FALSE
2/9/23 18:02,50.3,50.3,173,176,FALSE
2/9/23 18:04,50.2,50.2,182,185,FALSE
2/9/23 18:06,49.9,49.9,180,181,FALSE
2/9/23 18:08,50.1,50.2,174,177,FALSE
2/9/23 18:10,50.2,50.1,179,181,FALSE
2/9/23 18:12,50.2,50.2,179,181,FALSE
2/9/23 18:14,50.2,50.2,179,182,FALSE
2/9/23 18:16,50.1,50.1,186,188,FALSE
2/9/23 18:18,50.1,50.2,185,186,FALSE
2/9/23 18:20,50,50,185,187,FALSE
2/9/23 18:22,50.2,50.2,187,190,FALSE
2/9/23 18:24,50.1,50.1,190,192,FALSE
2/9/23 18:26,49.9,49.9,185,187,FALSE
2/9/23 18:28,50.3,50.2,189,192,FALSE
2/9/23 18:30,50.1,50,189,190,FALSE
2/9/23 18:32,50.1,50.1,187,190,FALSE
2/9/23 18:34,50.1,50.1,187,190,FALSE
2/9/23 18:36,50,50,187,190,FALSE
2/9/23 18:38,50.2,50.2,180,183,FALSE
2/9/23 18:40,50.1,50.2,185,187,FALSE
2/9/23 18:42,49.9,50,184,185,FALSE
2/9/23 18:44,50,50,170,175,FALSE
2/9/23 18:46,50.2,50.2,174,178,FALSE
2/9/23 18:48,50.4,50.4,175,178,FALSE
2/9/23 18:50,50.5,50.4,163,167,FALSE
2/9/23 18:52,50.3,50.3,158,163,FALSE
2/9/23 18:54,50.5,50.4,169,173,FALSE
2/9/23 18:56,50.4,50.4,171,173,FALSE
2/9/23 18:58,50.2,50.2,166,170,FALSE
2/9/23 19:00,50.2,50.2,165,170,FALSE
2/9/23 19:02,50.5,50.5,172,174,FALSE
2/9/23 19:04,50.3,50.3,172,175,FALSE
2/9/23 19:06,50.2,50.3,173,174,FALSE
2/9/23 19:08,50.6,50.6,171,174,FALSE
2/9/23 19:10,50.3,50.3,169,172,FALSE
2/9/23 19:12,50.5,50.5,170,172,FALSE
2/9/23 19:14,50.3,50.3,170,173,FALSE
2/9/23 19:16,50.4,50.4,168,171,FALSE
2/9/23 19:18,50.2,50.3,173,175,FALSE
2/9/23 19:20,50.4,50.3,171,175,FALSE
2/9/23 19:22,50.3,50.4,171,173,FALSE
2/9/23 19:24,50.5,50.4,179,182,FALSE
2/9/23 19:26,50.5,50.5,180,183,FALSE
2/9/23 19:28,50.1,50.2,178,180,FALSE
2/9/23 19:30,50.3,50.4,182,186,FALSE
2/9/23 19:32,50.5,50.5,182,185,FALSE
2/9/23 19:34,50.4,50.4,177,180,FALSE
2/9/23 19:36,50.4,50.4,178,180,FALSE
2/9/23 19:38,50.4,50.4,190,194,FALSE
2/9/23 19:40,50.3,50.3,189,192,FALSE
2/9/23 19:42,50.4,50.4,190,192,FALSE
2/9/23 19:44,50.3,50.3,187,190,FALSE
2/9/23 19:46,50.3,50.3,190,192,FALSE
2/9/23 19:48,50.4,50.4,190,192,FALSE
2/9/23 19:50,50.4,50.4,189,191,FALSE
2/9/23 19:52,50.4,50.4,184,189,FALSE
2/9/23 19:54,50.2,50.1,180,184,FALSE
2/9/23 19:56,50.6,50.5,180,184,FALSE
2/9/23 19:58,50.3,50.3,179,184,FALSE
2/9/23 20:00,50.2,50.3,185,187,FALSE
2/9/23 20:02,50.3,50.3,190,191,FALSE
2/9/23 20:04,50.2,50.2,189,190,FALSE
2/9/23 20:06,50.3,50.3,185,187,FALSE
2/9/23 20:08,50.3,50.3,184,187,FALSE
2/9/23 20:10,50.6,50.5,185,188,FALSE
2/9/23 20:12,50.5,50.5,184,187,FALSE
2/9/23 20:14,50.1,50.1,185,187,FALSE
2/9/23 20:16,50.3,50.4,182,185,FALSE
2/9/23 20:18,50.4,50.5,186,189,FALSE
2/9/23 20:20,50.6,50.6,191,193,FALSE
2/9/23 20:22,50.3,50.4,187,190,FALSE
2/9/23 20:24,50.4,50.5,190,192,FALSE
2/9/23 20:26,50.3,50.3,191,192,FALSE
2/9/23 20:28,50.4,50.4,190,193,FALSE
2/9/23 20:30,50.5,50.6,188,190,FALSE
2/9/23 20:32,50.5,50.6,182,185,FALSE
2/9/23 20:34,50.6,50.7,182,185,FALSE
2/9/23 20:36,50.5,50.5,180,182,FALSE
2/9/23 20:38,50.5,50.5,182,184,FALSE
2/9/23 20:40,50.6,50.6,185,187,FALSE
2/9/23 20:42,50.5,50.5,180,182,FALSE
2/9/23 20:44,50.5,50.5,179,182,FALSE
2/9/23 20:46,50.5,50.6,178,180,FALSE
2/9/23 20:48,50.4,50.4,181,184,FALSE
2/9/23 20:50,50.6,50.5,180,183,FALSE
2/9/23 20:52,50.6,50.6,184,185,FALSE
2/9/23 20:54,50.5,50.5,180,183,FALSE
2/9/23 20:56,50.5,50.5,180,183,FALSE
2/9/23 20:58,50.5,50.5,184,186,FALSE
2/9/23 21:00,50.5,50.5,185,187,FALSE
2/9/23 21:02,50.4,50.4,184,186,FALSE
2/9/23 21:04,50.6,50.6,186,187,FALSE
2/9/23 21:06,50.5,50.4,182,184,FALSE
2/9/23 21:08,50.6,50.6,183,185,FALSE
2/9/23 21:10,50.7,50.7,186,188,FALSE
2/9/23 21:12,50.6,50.6,182,185,FALSE
2/9/23 21:14,50.6,50.5,182,186,FALSE
2/9/23 21:16,50.6,50.7,183,185,FALSE
2/9/23 21:18,50.5,50.6,184,187,FALSE
2/9/23 21:20,50.2,50.2,183,185,FALSE
2/9/23 21:22,50.7,50.7,184,185,FALSE
2/9/23 21:24,50.8,50.7,185,187,FALSE
2/9/23 21:26,50.8,50.8,199,202,FALSE
2/9/23 21:28,50.7,50.7,185,187,FALSE
2/9/23 21:30,50.7,50.7,186,187,FALSE
2/9/23 21:32,50.7,50.8,192,194,FALSE
2/9/23 21:34,50.7,50.6,193,194,FALSE
2/9/23 21:36,50.6,50.6,194,195,FALSE
2/9/23 21:38,50.8,50.8,193,194,FALSE
2/9/23 21:40,50.6,50.6,195,197,FALSE
2/9/23 21:42,50.7,50.7,194,197,FALSE
2/9/23 21:44,50.7,50.7,196,198,FALSE
2/9/23 21:46,50.7,50.6,197,199,FALSE
2/9/23 21:48,50.7,50.8,197,199,FALSE
2/9/23 21:50,50.7,50.7,197,199,FALSE
2/9/23 21:52,50.8,50.8,199,201,FALSE
2/9/23 21:54,50.6,50.6,197,200,FALSE
2/9/23 21:56,50.8,50.9,199,201,FALSE
2/9/23 21:58,50.8,50.8,201,202,FALSE
2/9/23 22:00,50.7,50.7,199,201,FALSE
2/9/23 22:02,50.9,50.8,202,204,FALSE
2/9/23 22:04,50.8,50.8,199,201,FALSE
2/9/23 22:06,50.9,50.8,204,207,FALSE
2/9/23 22:08,51,51,204,205,FALSE
2/9/23 22:10,50.8,50.9,205,207,FALSE
2/9/23 22:12,50.7,50.8,202,205,FALSE
2/9/23 22:14,51.1,51.1,202,204,FALSE
2/9/23 22:16,51,51,204,206,FALSE
2/9/23 22:18,50.7,50.7,202,204,FALSE
2/9/23 22:20,50.7,50.7,204,206,FALSE
2/9/23 22:22,51,51,204,207,FALSE
2/9/23 22:24,51,51.1,201,204,FALSE
2/9/23 22:26,51,51,201,205,FALSE
2/9/23 22:28,50.8,50.9,198,203,FALSE
2/9/23 22:30,51,50.9,199,204,FALSE
2/9/23 22:32,51.1,51,201,206,FALSE
2/9/23 22:34,51,51,207,209,FALSE
2/9/23 22:36,50.9,50.9,205,208,FALSE
2/9/23 22:38,50.9,51,208,210,FALSE
2/9/23 22:40,50.8,50.9,208,211,FALSE
2/9/23 22:42,51,51,208,211,FALSE
2/9/23 22:44,50.8,50.8,209,211,FALSE
2/9/23 22:46,51.1,51.1,207,209,FALSE
2/9/23 22:48,50.9,50.9,206,209,FALSE
2/9/23 22:50,50.9,50.8,209,211,FALSE
2/9/23 22:52,51,51,206,209,FALSE
2/9/23 22:54,51,51.1,206,208,FALSE
2/9/23 22:56,51,51,209,211,FALSE
2/9/23 22:58,50.8,50.9,209,211,FALSE
2/9/23 23:00,50.8,50.8,209,211,FALSE
2/9/23 23:02,51.1,51,207,210,FALSE
2/9/23 23:04,51.1,51,210,213,FALSE
2/9/23 23:06,51.1,51.1,211,214,FALSE
2/9/23 23:08,50.9,50.9,213,215,FALSE
2/9/23 23:10,51,51,212,214,FALSE
2/9/23 23:12,51.1,51,212,214,FALSE
2/9/23 23:14,50.9,51,214,216,FALSE
2/9/23 23:16,50.9,50.9,214,216,FALSE
2/9/23 23:18,51,51.1,214,216,FALSE
2/9/23 23:20,51.1,51.1,214,215,FALSE
2/9/23 23:22,51.1,51.1,214,216,FALSE
2/9/23 23:24,51.1,51,214,216,FALSE
2/9/23 23:26,51,50.9,214,216,FALSE
2/9/23 23:28,51.3,51.2,214,216,FALSE
2/9/23 23:30,51,51,208,213,FALSE
2/9/23 23:32,51.1,51.1,209,214,FALSE
2/9/23 23:34,51.1,51.1,216,218,FALSE
2/9/23 23:36,51,51,216,217,FALSE
2/9/23 23:38,50.9,51,216,218,FALSE
2/9/23 23:40,51,51.1,215,217,FALSE
2/9/23 23:42,51,51,217,219,FALSE
2/9/23 23:44,51.1,51.1,218,219,FALSE
2/9/23 23:46,51,51,218,219,FALSE
2/9/23 23:48,51.1,51.1,215,216,FALSE
2/9/23 23:50,50.9,50.9,216,217,FALSE
2/9/23 23:52,51,51,214,216,FALSE
2/9/23 23:54,51.2,51.2,214,216,FALSE
2/9/23 23:56,51.1,51.1,216,217,FALSE
2/9/23 23:58,50.7,50.8,216,217,FALSE
2/10/23 0:00,51.1,51,216,217,FALSE
2/10/23 0:02,51,51,218,219,FALSE
2/10/23 0:04,50.2,50.2,216,219,FALSE
2/10/23 0:06,50.2,50.3,216,217,FALSE
2/10/23 0:08,50.2,50.2,209,214,FALSE
2/10/23 0:10,50.4,50.4,213,214,FALSE
2/10/23 0:12,50.3,50.3,214,216,FALSE
2/10/23 0:14,50.3,50.2,216,218,FALSE
2/10/23 0:16,50.2,50.2,216,219,FALSE
2/10/23 0:18,50.3,50.4,216,218,FALSE
2/10/23 0:20,50.3,50.3,216,219,FALSE
2/10/23 0:22,50.3,50.3,219,221,FALSE
2/10/23 0:24,50.2,50.2,219,221,FALSE
2/10/23 0:26,50.4,50.4,219,220,FALSE
2/10/23 0:28,50.3,50.2,219,221,FALSE
2/10/23 0:30,50.3,50.3,219,221,FALSE
2/10/23 0:32,50.4,50.4,220,221,FALSE
2/10/23 0:34,50.3,50.2,219,221,FALSE
2/10/23 0:36,50.5,50.4,219,221,FALSE
2/10/23 0:38,50.3,50.3,219,221,FALSE
2/10/23 0:40,50.2,50.3,219,220,FALSE
2/10/23 0:42,50.4,50.3,219,221,FALSE
2/10/23 0:44,50.2,50.3,219,221,FALSE
2/10/23 0:46,50.3,50.4,219,221,FALSE
2/10/23 0:48,50.2,50.3,220,221,FALSE
2/10/23 0:50,50.4,50.3,220,221,FALSE
2/10/23 0:52,50.2,50.2,220,222,FALSE
2/10/23 0:54,50.4,50.4,220,221,FALSE
2/10/23 0:56,50.3,50.3,219,221,FALSE
2/10/23 0:58,50.2,50.3,221,222,FALSE
2/10/23 1:00,50.3,50.3,221,222,FALSE
2/10/23 1:02,50.3,50.3,220,221,FALSE
2/10/23 1:04,50.3,50.3,221,222,FALSE
2/10/23 1:06,50.3,50.3,220,222,FALSE
2/10/23 1:08,50.3,50.3,218,219,FALSE
2/10/23 1:10,50.2,50.3,221,222,FALSE
2/10/23 1:12,50.4,50.4,221,222,FALSE
2/10/23 1:14,50.4,50.4,221,223,FALSE
2/10/23 1:16,50.3,50.3,221,222,FALSE
2/10/23 1:18,50.3,50.4,220,222,FALSE
2/10/23 1:20,50.4,50.3,218,220,FALSE
2/10/23 1:22,50.3,50.3,218,219,FALSE
2/10/23 1:24,50.5,50.5,220,222,FALSE
2/10/23 1:26,50.4,50.3,220,221,FALSE
2/10/23 1:28,50.3,50.3,221,222,FALSE
2/10/23 1:30,50.5,50.5,221,223,FALSE
2/10/23 1:32,50.4,50.5,221,223,FALSE
2/10/23 1:34,50.2,50.3,221,223,FALSE
2/10/23 1:36,50.4,50.4,222,223,FALSE
2/10/23 1:38,50.3,50.3,221,223,FALSE
2/10/23 1:40,50.4,50.4,222,223,FALSE
2/10/23 1:42,50.4,50.5,221,223,FALSE
2/10/23 1:44,50.3,50.3,222,223,FALSE
2/10/23 1:46,50.5,50.5,223,224,FALSE
2/10/23 1:48,50.4,50.3,219,220,FALSE
2/10/23 1:50,50.4,50.3,222,223,FALSE
2/10/23 1:52,50.3,50.3,223,224,FALSE
2/10/23 1:54,50.3,50.3,223,224,FALSE
2/10/23 1:56,50.4,50.4,223,224,FALSE
2/10/23 1:58,50.3,50.2,223,224,FALSE
2/10/23 2:00,50.5,50.5,223,224,FALSE
2/10/23 2:02,50.4,50.4,223,224,FALSE
2/10/23 2:04,50.2,50.3,221,223,FALSE
2/10/23 2:06,50.4,50.3,221,223,FALSE
2/10/23 2:08,50.3,50.4,222,223,FALSE
2/10/23 2:10,50.3,50.3,222,223,FALSE
2/10/23 2:12,50.3,50.3,221,223,FALSE
2/10/23 2:14,50.5,50.4,221,222,FALSE
2/10/23 2:16,50.4,50.4,223,224,FALSE
2/10/23 2:18,50.3,50.3,222,223,FALSE
2/10/23 2:20,50.4,50.5,223,224,FALSE
2/10/23 2:22,50.4,50.4,222,224,FALSE
2/10/23 2:24,50.3,50.3,222,223,FALSE
2/10/23 2:26,50.5,50.5,222,224,FALSE
2/10/23 2:28,50.4,50.4,218,220,FALSE
2/10/23 2:30,50.4,50.4,219,221,FALSE
2/10/23 2:32,50.4,50.4,220,222,FALSE
2/10/23 2:34,50.3,50.3,220,221,FALSE
2/10/23 2:36,50.4,50.3,219,221,FALSE
2/10/23 2:38,50.4,50.3,220,221,FALSE
2/10/23 2:40,50.5,50.5,220,222,FALSE
2/10/23 2:42,50.3,50.3,220,222,FALSE
2/10/23 2:44,50.4,50.3,223,224,FALSE
2/10/23 2:46,50.5,50.5,223,225,FALSE
2/10/23 2:48,50.4,50.4,226,228,FALSE
2/10/23 2:50,50.2,50.3,227,228,FALSE
2/10/23 2:52,50.4,50.4,226,228,FALSE
2/10/23 2:54,50.5,50.5,227,229,FALSE
2/10/23 2:56,50.4,50.4,227,228,FALSE
2/10/23 2:58,50.3,50.3,227,228,FALSE
2/10/23 3:00,50.5,50.5,227,229,FALSE
2/10/23 3:02,50.5,50.5,227,228,FALSE
2/10/23 3:04,50.2,50.2,227,228,FALSE
2/10/23 3:06,50.4,50.4,227,228,FALSE
2/10/23 3:08,50.4,50.4,227,228,FALSE
2/10/23 3:10,50.2,50.2,226,228,FALSE
2/10/23 3:12,50.4,50.4,227,228,FALSE
2/10/23 3:14,50.4,50.5,227,228,FALSE
2/10/23 3:16,50.3,50.3,226,228,FALSE
2/10/23 3:18,50.6,50.6,226,228,FALSE
2/10/23 3:20,50.3,50.3,225,227,FALSE
2/10/23 3:22,50.5,50.4,226,227,FALSE
2/10/23 3:24,50.4,50.4,226,228,FALSE
2/10/23 3:26,50.4,50.5,223,225,FALSE
2/10/23 3:28,50.3,50.2,226,228,FALSE
2/10/23 3:30,50.4,50.4,225,227,FALSE
2/10/23 3:32,50.3,50.3,226,228,FALSE
2/10/23 3:34,50.5,50.5,226,228,FALSE
2/10/23 3:36,50.2,50.2,225,227,FALSE
2/10/23 3:38,50.4,50.5,223,225,FALSE
2/10/23 3:40,50.3,50.3,223,226,FALSE
2/10/23 3:42,50.4,50.3,227,228,FALSE
2/10/23 3:44,50.5,50.5,227,228,FALSE
2/10/23 3:46,50.4,50.4,226,228,FALSE
2/10/23 3:48,50.4,50.4,227,228,FALSE
2/10/23 3:50,50.3,50.3,227,228,FALSE
2/10/23 3:52,50.5,50.4,227,228,FALSE
2/10/23 3:54,50.5,50.5,227,228,FALSE
2/10/23 3:56,50.2,50.2,226,228,FALSE
2/10/23 3:58,50.4,50.3,223,225,FALSE
2/10/23 4:00,50.4,50.5,228,229,FALSE
2/10/23 4:02,50.4,50.4,228,229,FALSE
2/10/23 4:04,50.3,50.3,228,229,FALSE
2/10/23 4:06,50.3,50.3,228,230,FALSE
2/10/23 4:08,50.3,50.4,228,230,FALSE
2/10/23 4:10,50.3,50.3,228,230,FALSE
2/10/23 4:12,50.7,50.7,229,231,FALSE
2/10/23 4:14,50.2,50.2,228,230,FALSE
2/10/23 4:16,50.4,50.4,228,230,FALSE
2/10/23 4:18,50.4,50.4,228,230,FALSE
2/10/23 4:20,50.3,50.3,229,231,FALSE
2/10/23 4:22,50.4,50.4,228,230,FALSE
2/10/23 4:24,50.3,50.3,228,230,FALSE
2/10/23 4:26,50.4,50.5,228,230,FALSE
2/10/23 4:28,50.2,50.2,227,229,FALSE
2/10/23 4:30,50.5,50.5,228,230,FALSE
2/10/23 4:32,50.5,50.5,227,229,FALSE
2/10/23 4:34,50.1,50,226,227,FALSE
2/10/23 4:36,50.3,50.4,226,228,FALSE
2/10/23 4:38,50.3,50.4,226,228,FALSE
2/10/23 4:40,50.4,50.5,226,228,FALSE
2/10/23 4:42,50.4,50.4,226,228,FALSE
2/10/23 4:44,50.3,50.3,221,223,FALSE
2/10/23 4:46,50.4,50.4,221,224,FALSE
2/10/23 4:48,50.3,50.3,226,228,FALSE
2/10/23 4:50,50.4,50.3,226,228,FALSE
2/10/23 4:52,50.3,50.3,226,228,FALSE
2/10/23 4:54,50.3,50.3,226,228,FALSE
2/10/23 4:56,50.2,50.3,226,228,FALSE
2/10/23 4:58,50.4,50.3,226,227,FALSE
2/10/23 5:00,50.4,50.4,226,227,FALSE
2/10/23 5:02,50.3,50.4,226,228,FALSE
2/10/23 5:04,50.3,50.3,226,228,FALSE
2/10/23 5:06,50.2,50.2,228,229,FALSE
2/10/23 5:08,50.3,50.3,228,228,FALSE
2/10/23 5:10,50.4,50.5,228,228,FALSE
2/10/23 5:12,50.4,50.4,227,228,FALSE
2/10/23 5:14,50.3,50.3,226,227,FALSE
2/10/23 5:16,50.3,50.2,226,228,FALSE
2/10/23 5:18,50.3,50.3,227,228,FALSE
2/10/23 5:20,50.2,50.2,227,229,FALSE
2/10/23 5:22,50.2,50.2,226,228,FALSE
2/10/23 5:24,50.2,50.3,224,226,FALSE
2/10/23 5:26,50.3,50.2,226,228,FALSE
2/10/23 5:28,50.2,50.2,226,228,FALSE
2/10/23 5:30,50.2,50.2,223,224,FALSE
2/10/23 5:32,50.2,50.1,226,227,FALSE
2/10/23 5:34,50.2,50.2,224,226,FALSE
2/10/23 5:36,50.3,50.3,225,227,FALSE
2/10/23 5:38,50.2,50.2,226,227,FALSE
2/10/23 5:40,50.2,50.3,226,228,FALSE
2/10/23 5:42,50.1,50.1,226,228,FALSE
2/10/23 5:44,50.2,50.2,224,226,FALSE
2/10/23 5:46,50.2,50.3,224,226,FALSE
2/10/23 5:48,50.3,50.3,224,226,FALSE
2/10/23 5:50,50.2,50.2,223,225,FALSE
2/10/23 5:52,50.1,50.1,223,226,FALSE
2/10/23 5:54,50.2,50.1,222,224,FALSE
2/10/23 5:56,50.2,50.1,221,222,FALSE
2/10/23 5:58,50.1,50.1,218,219,FALSE
2/10/23 6:00,50.1,50.1,221,223,FALSE
2/10/23 6:02,50.3,50.3,218,221,FALSE
2/10/23 6:04,50.3,50.3,219,221,FALSE
2/10/23 6:06,50.2,50.2,215,216,FALSE
2/10/23 6:08,50.2,50.2,213,214,FALSE
2/10/23 6:10,50.1,50.1,214,215,FALSE
2/10/23 6:12,50,50,203,210,FALSE
2/10/23 6:14,50,50,202,209,FALSE
2/10/23 6:16,50.1,50.1,214,216,FALSE
2/10/23 6:18,50,50.1,212,216,FALSE
2/10/23 6:20,50.1,50.1,204,210,FALSE
2/10/23 6:22,50.1,50.1,194,204,FALSE
2/10/23 6:24,49.9,50,190,202,FALSE
2/10/23 6:26,50.1,50.1,201,207,FALSE
2/10/23 6:28,50.2,50.2,198,208,FALSE
2/10/23 6:30,50.4,50.4,199,207,FALSE
2/10/23 6:32,50.3,50.4,208,213,FALSE
2/10/23 6:34,50.3,50.4,197,204,FALSE
2/10/23 6:36,50.4,50.4,197,199,FALSE
2/10/23 6:38,50.6,50.6,199,201,FALSE
2/10/23 6:40,50.4,50.5,199,200,FALSE
2/10/23 6:42,50.3,50.2,203,203,FALSE
2/10/23 6:44,50.3,50.2,197,198,FALSE
2/10/23 6:46,50.3,50.3,202,202,FALSE
2/10/23 6:48,50.4,50.5,201,202,FALSE
2/10/23 6:50,50.5,50.5,204,203,FALSE
2/10/23 6:52,50.6,50.6,201,207,FALSE
2/10/23 6:54,50.4,50.4,194,197,FALSE
2/10/23 6:56,50.5,50.4,199,199,FALSE
2/10/23 6:58,50.3,50.3,199,200,FALSE
2/10/23 7:00,50.4,50.4,197,197,FALSE
2/10/23 7:02,50.4,50.4,202,208,FALSE
2/10/23 7:04,50.3,50.3,204,211,FALSE
2/10/23 7:06,50.3,50.4,200,209,FALSE
2/10/23 7:08,50.3,50.4,202,209,FALSE
2/10/23 7:10,50.2,50.2,202,207,FALSE
2/10/23 7:12,50.3,50.4,196,203,FALSE
2/10/23 7:14,50.3,50.3,197,202,FALSE
2/10/23 7:16,50.5,50.5,200,204,FALSE
2/10/23 7:18,50.3,50.2,194,197,FALSE
2/10/23 7:20,50.4,50.4,189,194,FALSE
2/10/23 7:22,50.3,50.4,194,198,FALSE
2/10/23 7:24,50.4,50.3,207,211,FALSE
2/10/23 7:26,50.4,50.5,213,215,FALSE
2/10/23 7:28,50.4,50.4,209,212,FALSE
2/10/23 7:30,50.4,50.4,206,209,FALSE
2/10/23 7:32,50.2,50.2,206,207,FALSE
2/10/23 7:34,50.4,50.4,202,204,FALSE
2/10/23 7:36,50.4,50.4,198,201,FALSE
2/10/23 7:38,50.3,50.3,202,203,FALSE
2/10/23 7:40,50.5,50.4,192,197,FALSE
2/10/23 7:42,50.5,50.5,190,196,FALSE
2/10/23 7:44,50.1,50.2,199,202,FALSE
2/10/23 7:46,50.4,50.4,194,198,FALSE
2/10/23 7:48,50.2,50.1,198,200,FALSE
2/10/23 7:50,50.3,50.3,199,201,FALSE
2/10/23 7:52,50.3,50.3,195,199,FALSE
2/10/23 7:54,50.4,50.4,197,200,FALSE
2/10/23 7:56,50.3,50.4,198,201,FALSE
2/10/23 7:58,50.4,50.4,199,202,FALSE
2/10/23 8:00,50.3,50.4,197,200,FALSE
2/10/23 8:02,50.2,50.3,195,198,FALSE
2/10/23 8:04,50.3,50.3,194,198,FALSE
2/10/23 8:06,50.2,50.2,197,199,FALSE
2/10/23 8:08,50.2,50.2,195,198,FALSE
2/10/23 8:10,50.3,50.3,194,198,FALSE
2/10/23 8:12,50.1,50,200,204,FALSE
2/10/23 8:14,50.1,50.1,198,200,FALSE
2/10/23 8:16,50.2,50.2,194,198,FALSE
2/10/23 8:18,50.4,50.4,195,199,FALSE
2/10/23 8:20,50.1,50.1,197,200,FALSE
2/10/23 8:22,50.1,50.2,193,197,FALSE
2/10/23 8:24,50.4,50.5,199,204,FALSE
2/10/23 8:26,50.2,50.2,198,202,FALSE
2/10/23 8:28,50.5,50.4,197,201,FALSE
2/10/23 8:30,50.3,50.3,197,201,FALSE
2/10/23 8:32,50.3,50.3,198,202,FALSE
2/10/23 8:34,50.3,50.2,194,199,FALSE
2/10/23 8:36,50.3,50.4,194,199,FALSE
2/10/23 8:38,50.3,50.2,191,194,FALSE
2/10/23 8:40,50.1,50.2,192,197,FALSE
2/10/23 8:42,50,50,192,197,FALSE
2/10/23 8:44,50.4,50.5,192,196,FALSE
2/10/23 8:46,50.5,50.5,194,199,FALSE
2/10/23 8:48,50.4,50.3,197,201,FALSE
2/10/23 8:50,50.2,50.2,199,204,FALSE
2/10/23 8:52,50.1,50.2,201,204,FALSE
2/10/23 8:54,50.1,50.1,192,197,FALSE
2/10/23 8:56,50.2,50.3,199,203,FALSE
2/10/23 8:58,50.3,50.2,200,204,FALSE
2/10/23 9:00,50.2,50.1,201,206,FALSE
2/10/23 9:02,50.2,50.2,199,202,FALSE
2/10/23 9:04,50.1,50,201,204,FALSE
2/10/23 9:06,50.3,50.4,187,192,FALSE
2/10/23 9:08,50.2,50.3,194,198,FALSE
2/10/23 9:10,50.2,50.3,194,198,FALSE
2/10/23 9:12,50.3,50.3,190,194,FALSE
2/10/23 9:14,50.3,50.2,190,193,FALSE
2/10/23 9:16,50,50.1,193,196,FALSE
2/10/23 9:18,50.2,50.3,190,194,FALSE
2/10/23 9:20,50.2,50.2,189,192,FALSE
2/10/23 9:22,50.3,50.3,181,185,FALSE
2/10/23 9:24,50,50.1,186,190,FALSE
2/10/23 9:26,50.4,50.3,184,187,FALSE
2/10/23 9:28,49.8,49.8,193,197,FALSE
2/10/23 9:30,50,50,185,189,FALSE
2/10/23 9:32,50.3,50.3,189,192,FALSE
2/10/23 9:34,50.2,50.2,189,192,FALSE
2/10/23 9:36,50.1,50.1,180,185,FALSE
2/10/23 9:38,50.3,50.3,189,192,FALSE
2/10/23 9:40,50,50,189,192,FALSE
2/10/23 9:42,50.1,50.1,182,186,FALSE
2/10/23 9:44,50.1,50.2,190,194,FALSE
2/10/23 9:46,50.3,50.4,187,190,FALSE
2/10/23 9:48,50.1,50.1,184,187,FALSE
2/10/23 9:50,50.2,50.1,185,189,FALSE
2/10/23 9:52,50,50,187,190,FALSE
2/10/23 9:54,50,50,187,190,FALSE
2/10/23 9:56,50.3,50.4,190,192,FALSE
2/10/23 9:58,50,50,182,185,FALSE
2/10/23 10:00,50.3,50.2,186,190,FALSE
2/10/23 10:02,50.3,50.3,180,184,FALSE
2/10/23 10:04,50,50,187,190,FALSE
2/10/23 10:06,50.3,50.3,182,186,FALSE
2/10/23 10:08,50.3,50.3,183,187,FALSE
2/10/23 10:10,50.3,50.4,187,190,FALSE
2/10/23 10:12,50.1,50,182,187,FALSE
2/10/23 10:14,50.1,50,180,185,FALSE
2/10/23 10:16,50.1,50.1,181,185,FALSE
2/10/23 10:18,50.1,50,183,190,FALSE
2/10/23 10:20,50.2,50.2,187,191,FALSE
2/10/23 10:22,50,49.9,185,189,FALSE
2/10/23 10:24,50.2,50.1,185,190,FALSE
2/10/23 10:26,50.4,50.3,190,194,FALSE
2/10/23 10:28,50.1,50,187,191,FALSE
2/10/23 10:30,50,50,187,192,FALSE
2/10/23 10:32,50.1,50.1,187,192,FALSE
2/10/23 10:34,50.1,50.2,186,192,FALSE
2/10/23 10:36,50.2,50.3,185,188,FALSE
2/10/23 10:38,50.1,50.1,187,191,FALSE
2/10/23 10:40,50.1,50,180,185,FALSE
2/10/23 10:42,50,50.1,181,187,FALSE
2/10/23 10:44,50.2,50.1,186,190,FALSE
2/10/23 10:46,50.1,50,192,196,FALSE
2/10/23 10:48,50,50,187,190,FALSE
2/10/23 10:50,50,50,182,186,FALSE
2/10/23 10:52,50,50,185,190,FALSE
2/10/23 10:54,50.3,50.3,182,185,FALSE
2/10/23 10:56,50.2,50.2,189,193,FALSE
2/10/23 10:58,50.1,50.1,197,200,FALSE
2/10/23 11:00,50.1,50.2,194,197,FALSE
2/10/23 11:02,50.3,50.3,189,193,FALSE
2/10/23 11:04,50,50.1,189,192,FALSE
2/10/23 11:06,50.1,50.1,187,191,FALSE
2/10/23 11:08,49.8,49.8,184,189,FALSE
2/10/23 11:10,50,49.9,185,189,FALSE
2/10/23 11:12,49.9,50,179,182,FALSE
2/10/23 11:14,50.2,50.3,179,182,FALSE
2/10/23 11:16,50.1,50.1,180,185,FALSE
2/10/23 11:18,50.1,50,181,186,FALSE
2/10/23 11:20,50,50,187,191,FALSE
2/10/23 11:22,50,50,187,190,FALSE
2/10/23 11:24,49.9,50,178,184,FALSE
2/10/23 11:26,50.1,50.1,179,186,FALSE
2/10/23 11:28,50.2,50.2,189,192,FALSE
2/10/23 11:30,50.2,50.2,190,193,FALSE
2/10/23 11:32,50.2,50.2,187,192,FALSE
2/10/23 11:34,50,50,187,191,FALSE
2/10/23 11:36,49.8,49.8,185,187,FALSE
2/10/23 11:38,49.8,49.8,189,194,FALSE
2/10/23 11:40,50,50.1,188,195,FALSE
2/10/23 11:42,50.1,50.1,194,199,FALSE
2/10/23 11:44,50.1,50.1,192,197,FALSE
2/10/23 11:46,50.1,50.1,188,192,FALSE
2/10/23 11:48,49.9,50,187,191,FALSE
2/10/23 11:50,49.9,49.9,190,196,FALSE
2/10/23 11:52,49.8,49.9,189,196,FALSE
2/10/23 11:54,50.3,50.3,190,195,FALSE
2/10/23 11:56,50.1,50,185,191,FALSE
2/10/23 11:58,50.3,50.2,186,190,FALSE
2/10/23 12:00,50,50,184,187,FALSE
2/10/23 12:02,50.5,50.6,187,192,FALSE
2/10/23 12:04,49.9,50,190,194,FALSE
2/10/23 12:06,49.9,50,187,190,FALSE
2/10/23 12:08,50.2,50.3,183,187,FALSE
2/10/23 12:10,50.3,50.3,184,187,FALSE
2/10/23 12:12,50.3,50.4,187,191,FALSE
2/10/23 12:14,9804,5618,0,0,FALSE
2/10/23 12:16,7752,4878,0,0.707,FALSE
2/10/23 12:18,50.2,50.2,224,234,TRUE
2/10/23 12:20,50.2,50.2,223,233,TRUE
2/10/23 12:22,50.1,50.1,224,232,TRUE
2/10/23 12:24,50.1,50.1,228,233,TRUE
2/10/23 12:26,50,50,228,233,TRUE
2/10/23 12:28,49.9,49.9,228,233,TRUE
2/10/23 12:30,50,50,228,233,TRUE
2/10/23 12:32,50,49.9,226,232,TRUE
2/10/23 12:34,50,49.9,227,232,TRUE
2/10/23 12:36,50,50.1,228,233,TRUE
2/10/23 12:38,49.9,49.9,227,231,TRUE
2/10/23 12:40,49.9,50,227,232,TRUE
2/10/23 12:42,50,50,228,233,TRUE
2/10/23 12:44,50,50.1,226,232,TRUE
2/10/23 12:46,50,50,226,232,TRUE
2/10/23 12:48,50.1,50,228,233,TRUE
2/10/23 12:50,50.1,50.1,228,233,TRUE
2/10/23 12:52,50.1,50,228,233,TRUE
2/10/23 12:54,50.2,50.3,229,234,TRUE
2/10/23 12:56,50.2,50.1,226,233,TRUE
2/10/23 12:58,50.2,50.2,228,233,TRUE
2/10/23 13:00,50,50.2,230,234,TRUE
2/10/23 13:02,50.1,50,228,236,TRUE
2/10/23 13:04,49.9,50,229,236,TRUE
2/10/23 13:06,50.1,50,230,234,TRUE
2/10/23 13:08,50,50,228,234,TRUE
2/10/23 13:10,50.2,50.1,228,234,TRUE
2/10/23 13:12,50.1,50.1,229,235,TRUE
2/10/23 13:14,50,50,227,233,TRUE
2/10/23 13:16,50,50,228,234,TRUE
2/10/23 13:18,50,50,229,235,TRUE
2/10/23 13:20,50,49.9,228,233,TRUE
2/10/23 13:22,50.2,50.3,229,235,TRUE
2/10/23 13:24,50.6,50.6,229,236,TRUE
2/10/23 13:26,50.6,50.7,231,236,TRUE
2/10/23 13:28,50.4,50.3,231,236,TRUE
2/10/23 13:30,50.5,50.4,232,237,TRUE
2/10/23 13:32,50.4,50.4,229,235,TRUE
2/10/23 13:34,50.7,50.7,230,236,TRUE
2/10/23 13:36,50.8,50.9,231,236,TRUE
2/10/23 13:38,50.6,50.5,230,236,TRUE
2/10/23 13:40,50.4,50.6,228,236,TRUE
2/10/23 13:42,50.4,50.5,232,238,TRUE
2/10/23 13:44,50.4,50.3,231,236,TRUE
2/10/23 13:46,50.5,50.5,230,236,TRUE
2/10/23 13:48,50.5,50.7,232,237,TRUE
2/10/23 13:50,50.5,50.7,231,237,TRUE
2/10/23 13:52,50.4,50.4,229,236,TRUE
2/10/23 13:54,50.7,50.7,231,236,TRUE
2/10/23 13:56,50.9,50.9,231,236,TRUE
2/10/23 13:58,50.9,50.9,230,236,TRUE
2/10/23 14:00,50.8,50.7,230,235,TRUE
2/10/23 14:02,50.8,50.8,231,236,TRUE
2/10/23 14:04,50.8,50.8,229,235,TRUE
2/10/23 14:06,50.7,50.8,231,236,TRUE
2/10/23 14:08,50.9,50.9,231,236,TRUE
2/10/23 14:10,50.7,50.6,231,236,TRUE
2/10/23 14:12,50.7,50.6,228,236,TRUE
2/10/23 14:14,50.6,50.7,230,236,TRUE
2/10/23 14:16,50.7,50.6,229,235,TRUE
2/10/23 14:18,50.4,50.5,229,236,TRUE
2/10/23 14:20,50.3,50.4,230,236,TRUE
2/10/23 14:22,50.4,50.3,230,236,TRUE
2/10/23 14:24,50.5,50.4,229,236,TRUE
2/10/23 14:26,50.3,50.4,231,236,TRUE
2/10/23 14:28,50.4,50.3,231,236,TRUE
2/10/23 14:30,50.4,50.4,230,236,TRUE
2/10/23 14:32,50.4,50.4,231,236,TRUE
2/10/23 14:34,50.3,50.3,230,236,TRUE
2/10/23 14:36,50.3,50.2,230,235,TRUE
2/10/23 14:38,50.4,50.4,230,235,TRUE
2/10/23 14:40,50.4,50.4,229,235,TRUE
2/10/23 14:42,50.4,50.4,229,235,TRUE
2/10/23 14:44,50.3,50.4,230,236,TRUE
2/10/23 14:46,50.2,50.3,229,235,TRUE
2/10/23 14:48,50.2,50.3,230,236,TRUE
2/10/23 14:50,50.4,50.4,230,236,TRUE
2/10/23 14:52,50.3,50.3,228,234,TRUE
2/10/23 14:54,50.1,50.1,227,234,TRUE
2/10/23 14:56,50.2,50.1,228,235,TRUE
2/10/23 14:58,50,50.1,227,233,TRUE
2/10/23 15:00,50.2,50.1,227,233,TRUE
2/10/23 15:02,50.2,50.1,228,233,TRUE
2/10/23 15:04,50.1,50.2,228,234,TRUE
2/10/23 15:06,50,50.1,228,234,TRUE
2/10/23 15:08,50.2,50.1,228,234,TRUE
2/10/23 15:10,50.1,50,228,233,TRUE
2/10/23 15:12,50,50.1,226,234,TRUE
2/10/23 15:14,50.1,50.1,228,234,TRUE
2/10/23 15:16,50,50,228,235,TRUE
2/10/23 15:18,50,50,224,234,TRUE
2/10/23 15:20,50.1,50.1,225,234,TRUE
2/10/23 15:22,50.1,50.1,226,234,TRUE
2/10/23 15:24,50,50.1,224,234,TRUE
2/10/23 15:26,50.2,50.1,226,236,TRUE
2/10/23 15:28,50.4,50.3,231,236,TRUE
2/10/23 15:30,50.3,50.3,230,236,TRUE
2/10/23 15:32,50.3,50.4,230,236,TRUE
2/10/23 15:34,50.3,50.4,231,236,TRUE
2/10/23 15:36,50.3,50.4,231,236,TRUE
2/10/23 15:38,50.2,50.3,231,236,TRUE
2/10/23 15:40,50.4,50.4,232,237,TRUE
2/10/23 15:42,50.1,50.3,230,236,TRUE
2/10/23 15:44,50.3,50.2,230,235,TRUE
2/10/23 15:46,50.4,50.4,232,236,TRUE
2/10/23 15:48,50.5,50.5,231,236,TRUE
2/10/23 15:50,50.3,50.4,231,236,TRUE
2/10/23 15:52,50.4,50.4,231,236,TRUE
2/10/23 15:54,50.4,50.5,231,236,TRUE
2/10/23 15:56,50.4,50.4,231,236,TRUE
2/10/23 15:58,50.6,50.5,231,236,TRUE
2/10/23 16:00,50.4,50.4,230,236,TRUE
2/10/23 16:02,50.4,50.4,230,236,TRUE
2/10/23 16:04,50.6,50.6,231,236,TRUE
2/10/23 16:06,50.4,50.5,229,235,TRUE
2/10/23 16:08,50.5,50.5,230,236,TRUE
2/10/23 16:10,50.4,50.5,231,236,TRUE
2/10/23 16:12,50.6,50.6,230,236,TRUE
2/10/23 16:14,50.6,50.6,229,235,TRUE
2/10/23 16:16,50.5,50.6,231,236,TRUE
2/10/23 16:18,50.6,50.5,229,235,TRUE
2/10/23 16:20,50.7,50.7,229,235,TRUE
2/10/23 16:22,50.7,50.6,229,234,TRUE
2/10/23 16:24,50.4,50.3,228,234,TRUE
2/10/23 16:26,50.4,50.5,228,235,TRUE
2/10/23 16:28,50.7,50.7,230,236,TRUE
2/10/23 16:30,50.7,50.6,229,236,TRUE
2/10/23 16:32,50.7,50.7,230,236,TRUE
2/10/23 16:34,50.5,50.5,231,236,TRUE
2/10/23 16:36,50.4,50.5,177,187,FALSE
2/10/23 16:38,50.5,50.5,188,190,FALSE
2/10/23 16:40,50.3,50.4,177,191,FALSE
2/10/23 16:42,50.3,50.3,190,196,FALSE
2/10/23 16:44,50.4,50.4,186,192,FALSE
2/10/23 16:46,50.3,50.4,188,194,FALSE
2/10/23 16:48,49.9,49.8,185,187,FALSE
2/10/23 16:50,50.2,50.2,186,191,FALSE
2/10/23 16:52,50.1,50.2,184,190,FALSE
2/10/23 16:54,50.4,50.4,187,190,FALSE
2/10/23 16:56,50.4,50.4,182,187,FALSE
2/10/23 16:58,50.4,50.4,185,189,FALSE
2/10/23 17:00,50.2,50.3,186,190,FALSE
2/10/23 17:02,49.9,50,185,190,FALSE
2/10/23 17:04,50.2,50.3,184,187,FALSE
2/10/23 17:06,50.5,50.4,187,189,FALSE
2/10/23 17:08,50,50,184,190,FALSE
2/10/23 17:10,50.1,50.1,182,185,FALSE
2/10/23 17:12,50.1,50.1,181,185,FALSE
2/10/23 17:14,49.9,50,179,182,FALSE
2/10/23 17:16,50,50,179,184,FALSE
2/10/23 17:18,49.9,49.9,179,182,FALSE
2/10/23 17:20,50,50.1,175,179,FALSE
2/10/23 17:22,50,50,175,177,FALSE
2/10/23 17:24,50.1,50,177,180,FALSE
2/10/23 17:26,50,50,173,179,FALSE
2/10/23 17:28,49.8,50,172,177,FALSE
2/10/23 17:30,50.3,50.2,182,185,FALSE
2/10/23 17:32,49.7,49.6,180,182,FALSE
2/10/23 17:34,50.1,50,175,180,FALSE
2/10/23 17:36,50,49.9,172,175,FALSE
2/10/23 17:38,50,49.9,173,176,FALSE
2/10/23 17:40,50.2,50.2,176,179,FALSE
2/10/23 17:42,50,50,178,178,FALSE
2/10/23 17:44,49.9,49.9,177,180,FALSE
2/10/23 17:46,50.3,50.4,178,181,FALSE
2/10/23 17:48,50.5,50.5,180,185,FALSE
2/10/23 17:50,50.3,50.1,178,181,FALSE
2/10/23 17:52,50,50.1,180,185,FALSE
2/10/23 17:54,50.1,50.1,179,182,FALSE
2/10/23 17:56,50.2,50.2,180,182,FALSE
2/10/23 17:58,50.2,50.2,178,182,FALSE
2/10/23 18:00,50,50,182,185,FALSE
2/10/23 18:02,50.3,50.3,186,189,FALSE
2/10/23 18:04,50.1,50.2,184,187,FALSE
2/10/23 18:06,50.4,50.5,184,185,FALSE
2/10/23 18:08,50.2,50.2,187,188,FALSE
2/10/23 18:10,50,49.9,179,183,FALSE
2/10/23 18:12,50.2,50.2,182,184,FALSE
2/10/23 18:14,50.1,50.1,176,180,FALSE
2/10/23 18:16,50.3,50.2,185,187,FALSE
2/10/23 18:18,50,50.1,179,182,FALSE
2/10/23 18:20,50,49.8,177,180,FALSE
2/10/23 18:22,50,50,177,182,FALSE
2/10/23 18:24,50,50,179,184,FALSE
2/10/23 18:26,50,50,180,185,FALSE
2/10/23 18:28,50.1,50.1,178,183,FALSE
2/10/23 18:30,50.1,50.1,178,183,FALSE
2/10/23 18:32,50,49.9,183,187,FALSE
2/10/23 18:34,50,50,181,183,FALSE
2/10/23 18:36,49.9,49.9,182,186,FALSE
2/10/23 18:38,50.1,50,183,186,FALSE
2/10/23 18:40,49.9,50,181,187,FALSE
2/10/23 18:42,49.9,49.9,181,187,FALSE
2/10/23 18:44,49.9,49.9,182,188,FALSE
2/10/23 18:46,50,49.9,177,180,FALSE
2/10/23 18:48,50.1,50.1,175,179,FALSE
2/10/23 18:50,50,50,170,175,FALSE
2/10/23 18:52,50,50,170,175,FALSE
2/10/23 18:54,50.1,50.1,172,177,FALSE
2/10/23 18:56,49.8,49.9,173,177,FALSE
2/10/23 18:58,49.9,49.9,167,170,FALSE
2/10/23 19:00,50.1,50.1,173,174,FALSE
2/10/23 19:02,49.8,49.8,175,178,FALSE
2/10/23 19:04,50,50,175,179,FALSE
2/10/23 19:06,50,50,176,179,FALSE
2/10/23 19:08,49.8,49.9,175,178,FALSE
2/10/23 19:10,49.9,49.9,174,176,FALSE
2/10/23 19:12,50.1,50.2,173,178,FALSE
2/10/23 19:14,50,50,178,178,FALSE
2/10/23 19:16,49.9,50,172,178,FALSE
2/10/23 19:18,50,49.9,172,174,FALSE
2/10/23 19:20,50,50,172,173,FALSE
2/10/23 19:22,50.1,50.1,177,178,FALSE
2/10/23 19:24,50,49.9,179,182,FALSE
2/10/23 19:26,49.9,49.9,178,180,FALSE
2/10/23 19:28,50.1,50,177,180,FALSE
2/10/23 19:30,50.1,50.2,175,177,FALSE
2/10/23 19:32,50,50,175,179,FALSE
2/10/23 19:34,50.2,50.1,175,179,FALSE
2/10/23 19:36,50,50,178,180,FALSE
2/10/23 19:38,50,50,180,182,FALSE
2/10/23 19:40,50.2,50.2,178,181,FALSE
2/10/23 19:42,50.1,50.1,177,180,FALSE
2/10/23 19:44,50.1,50.1,181,183,FALSE
2/10/23 19:46,50.1,50.2,183,186,FALSE
2/10/23 19:48,50,50,183,186,FALSE
2/10/23 19:50,50.1,50.1,182,185,FALSE
2/10/23 19:52,50.2,50.2,184,186,FALSE
2/10/23 19:54,50.3,50.3,182,185,FALSE
2/10/23 19:56,50,50.1,185,187,FALSE
2/10/23 19:58,50.2,50.2,182,185,FALSE
2/10/23 20:00,50,50,185,187,FALSE
2/10/23 20:02,50,50.1,185,188,FALSE
2/10/23 20:04,50.1,50.1,185,191,FALSE
2/10/23 20:06,50,50,182,187,FALSE
2/10/23 20:08,50,50,184,188,FALSE
2/10/23 20:10,50,49.9,178,180,FALSE
2/10/23 20:12,50.1,50,179,182,FALSE
2/10/23 20:14,50,50.1,182,185,FALSE
2/10/23 20:16,50,50,181,184,FALSE
2/10/23 20:18,50.1,50.1,185,188,FALSE
2/10/23 20:20,50.4,50.4,188,190,FALSE
2/10/23 20:22,50.1,50.1,190,192,FALSE
2/10/23 20:24,50.1,50.1,185,187,FALSE
2/10/23 20:26,50,50.1,186,189,FALSE
2/10/23 20:28,50,50,186,188,FALSE
2/10/23 20:30,50.3,50.3,190,191,FALSE
2/10/23 20:32,50.1,50.2,182,185,FALSE
2/10/23 20:34,50.1,50.1,183,186,FALSE
2/10/23 20:36,50.3,50.2,187,190,FALSE
2/10/23 20:38,50.3,50.3,183,185,FALSE
2/10/23 20:40,50.2,50.2,186,188,FALSE
2/10/23 20:42,50,50,189,190,FALSE
2/10/23 20:44,50.2,50.2,190,193,FALSE
2/10/23 20:46,50.1,50.1,191,194,FALSE
2/10/23 20:48,50.3,50.3,194,195,FALSE
2/10/23 20:50,50.2,50.3,190,193,FALSE
2/10/23 20:52,50.4,50.3,191,193,FALSE
2/10/23 20:54,50.2,50.2,192,194,FALSE
2/10/23 20:56,50.3,50.3,191,194,FALSE
2/10/23 20:58,50.2,50.2,192,194,FALSE
2/10/23 21:00,50.2,50.2,195,197,FALSE
2/10/23 21:02,50.4,50.3,192,194,FALSE
2/10/23 21:04,50.2,50.2,192,194,FALSE
2/10/23 21:06,50.2,50.2,193,194,FALSE
2/10/23 21:08,50.3,50.3,192,194,FALSE
2/10/23 21:10,50.1,50.1,193,195,FALSE
2/10/23 21:12,50.4,50.4,194,196,FALSE
2/10/23 21:14,50.5,50.5,193,196,FALSE
2/10/23 21:16,50.3,50.3,190,193,FALSE
2/10/23 21:18,50.3,50.3,192,194,FALSE
2/10/23 21:20,50.1,50.1,191,194,FALSE
2/10/23 21:22,50.3,50.3,191,194,FALSE
2/10/23 21:24,50.3,50.3,191,192,FALSE
2/10/23 21:26,50.3,50.3,188,191,FALSE
2/10/23 21:28,50.3,50.3,192,194,FALSE
2/10/23 21:30,50.2,50.2,192,194,FALSE
2/10/23 21:32,50.3,50.2,193,195,FALSE
2/10/23 21:34,50.5,50.5,192,195,FALSE
2/10/23 21:36,50.4,50.4,194,196,FALSE
2/10/23 21:38,50.4,50.4,199,201,FALSE
2/10/23 21:40,50.3,50.4,200,202,FALSE
2/10/23 21:42,50.3,50.3,202,204,FALSE
2/10/23 21:44,50.4,50.4,200,202,FALSE
2/10/23 21:46,50.4,50.4,199,202,FALSE
2/10/23 21:48,50.3,50.2,198,199,FALSE
2/10/23 21:50,50.4,50.4,197,200,FALSE
2/10/23 21:52,50.3,50.3,201,203,FALSE
2/10/23 21:54,50.5,50.5,203,204,FALSE
2/10/23 21:56,50.4,50.5,202,204,FALSE
2/10/23 21:58,50.5,50.4,203,205,FALSE
2/10/23 22:00,50.3,50.4,201,203,FALSE
2/10/23 22:02,50.6,50.5,202,204,FALSE
2/10/23 22:04,50.5,50.5,203,206,FALSE
2/10/23 22:06,50.4,50.3,204,207,FALSE
2/10/23 22:08,50.5,50.5,207,209,FALSE
2/10/23 22:10,50.4,50.4,208,211,FALSE
2/10/23 22:12,50.5,50.5,209,211,FALSE
2/10/23 22:14,50.5,50.5,208,211,FALSE
2/10/23 22:16,50.6,50.6,207,209,FALSE
2/10/23 22:18,50.4,50.3,207,209,FALSE
2/10/23 22:20,50.6,50.6,207,211,FALSE
2/10/23 22:22,50.7,50.6,208,211,FALSE
2/10/23 22:24,50.6,50.5,210,212,FALSE
2/10/23 22:26,50.5,50.5,208,211,FALSE
2/10/23 22:28,50.6,50.6,211,214,FALSE
2/10/23 22:30,50.5,50.5,212,214,FALSE
2/10/23 22:32,50.8,50.8,211,214,FALSE
2/10/23 22:34,50.7,50.7,210,213,FALSE
2/10/23 22:36,50.5,50.5,214,216,FALSE
2/10/23 22:38,50.7,50.7,211,214,FALSE
2/10/23 22:40,50.7,50.6,213,216,FALSE
2/10/23 22:42,50.6,50.7,209,211,FALSE
2/10/23 22:44,50.5,50.5,209,212,FALSE
2/10/23 22:46,50.5,50.5,209,211,FALSE
2/10/23 22:48,50.8,50.8,213,215,FALSE
2/10/23 22:50,50.7,50.7,210,214,FALSE
2/10/23 22:52,50.7,50.7,213,215,FALSE
2/10/23 22:54,50.6,50.6,212,214,FALSE
2/10/23 22:56,50.8,50.8,212,214,FALSE
2/10/23 22:58,50.7,50.7,215,217,FALSE
2/10/23 23:00,50.7,50.7,217,219,FALSE
2/10/23 23:02,50.8,50.7,216,219,FALSE
2/10/23 23:04,50.8,50.7,215,218,FALSE
2/10/23 23:06,50.6,50.6,216,217,FALSE
2/10/23 23:08,50.6,50.7,215,218,FALSE
2/10/23 23:10,50.6,50.6,215,218,FALSE
2/10/23 23:12,50.5,50.5,217,219,FALSE
2/10/23 23:14,50.8,50.8,218,219,FALSE
2/10/23 23:16,50.7,50.7,216,219,FALSE
2/10/23 23:18,50.8,50.8,218,220,FALSE
2/10/23 23:20,50.8,50.8,216,219,FALSE
2/10/23 23:22,50.8,50.8,216,219,FALSE
2/10/23 23:24,50.6,50.6,219,221,FALSE
2/10/23 23:26,50.8,50.8,219,221,FALSE
2/10/23 23:28,50.7,50.7,216,219,FALSE
2/10/23 23:30,50.7,50.8,216,218,FALSE
2/10/23 23:32,50.7,50.7,216,219,FALSE
2/10/23 23:34,50.8,50.8,215,218,FALSE
2/10/23 23:36,50.8,50.7,215,218,FALSE
2/10/23 23:38,50.7,50.7,215,218,FALSE
2/10/23 23:40,50.7,50.8,219,221,FALSE
2/10/23 23:42,50.6,50.7,221,222,FALSE
2/10/23 23:44,50.9,50.8,219,222,FALSE
2/10/23 23:46,50.7,50.6,219,222,FALSE
2/10/23 23:48,50.9,50.9,221,223,FALSE
2/10/23 23:50,50.6,50.6,220,223,FALSE
2/10/23 23:52,50.8,50.8,221,223,FALSE
2/10/23 23:54,50.9,50.9,223,225,FALSE
2/10/23 23:56,50.7,50.7,222,224,FALSE
2/10/23 23:58,50.8,50.8,223,226,FALSE
2/11/23 0:00,50.9,50.9,223,225,FALSE
2/11/23 0:02,50.9,50.8,223,226,FALSE
2/11/23 0:04,50.7,50.7,222,225,FALSE
2/11/23 0:06,50.7,50.7,225,227,FALSE
2/11/23 0:08,50.9,50.9,223,226,FALSE
2/11/23 0:10,50.9,50.9,223,226,FALSE
2/11/23 0:12,50.8,50.8,221,223,FALSE
2/11/23 0:14,50.7,50.8,223,226,FALSE
2/11/23 0:16,50.8,50.8,223,226,FALSE
2/11/23 0:18,50.8,50.8,224,226,FALSE
2/11/23 0:20,50.7,50.6,221,224,FALSE
2/11/23 0:22,50.9,50.9,222,225,FALSE
2/11/23 0:24,50.7,50.8,223,226,FALSE
2/11/23 0:26,50.8,50.8,222,225,FALSE
2/11/23 0:28,50.9,50.8,222,225,FALSE
2/11/23 0:30,50.8,50.7,223,226,FALSE
2/11/23 0:32,50.8,50.8,222,225,FALSE
2/11/23 0:34,50.9,50.9,221,224,FALSE
2/11/23 0:36,50.9,50.8,221,224,FALSE
2/11/23 0:38,50.9,50.8,221,224,FALSE
2/11/23 0:40,50.8,50.9,221,225,FALSE
2/11/23 0:42,50.6,50.6,222,225,FALSE
2/11/23 0:44,51,50.9,221,225,FALSE
2/11/23 0:46,51,51,223,226,FALSE
2/11/23 0:48,50.8,50.8,224,227,FALSE
2/11/23 0:50,50.8,50.8,223,226,FALSE
2/11/23 0:52,50.8,50.8,223,226,FALSE
2/11/23 0:54,51,51,225,227,FALSE
2/11/23 0:56,50.9,50.9,223,226,FALSE
2/11/23 0:58,50.8,50.9,223,226,FALSE
2/11/23 1:00,50.7,50.7,221,224,FALSE
2/11/23 1:02,50.9,50.9,219,223,FALSE
2/11/23 1:04,50.6,50.6,222,225,FALSE
2/11/23 1:06,50.9,50.9,226,228,FALSE
2/11/23 1:08,50.8,50.9,224,227,FALSE
2/11/23 1:10,50.9,50.9,225,227,FALSE
2/11/23 1:12,51,51,226,228,FALSE
2/11/23 1:14,50.8,50.8,224,227,FALSE
2/11/23 1:16,50.8,50.8,225,228,FALSE
2/11/23 1:18,50.9,50.9,226,228,FALSE
2/11/23 1:20,50.8,50.9,224,227,FALSE
2/11/23 1:22,50.8,50.9,225,228,FALSE
2/11/23 1:24,50.8,50.9,223,226,FALSE
2/11/23 1:26,50.7,50.8,225,228,FALSE
2/11/23 1:28,51,51,225,228,FALSE
2/11/23 1:30,50.9,50.9,226,228,FALSE
2/11/23 1:32,50.9,50.9,226,228,FALSE
2/11/23 1:34,50.7,50.7,223,227,FALSE
2/11/23 1:36,50.9,50.9,226,228,FALSE
2/11/23 1:38,50.9,50.9,226,228,FALSE
2/11/23 1:40,51,51,226,228,FALSE
2/11/23 1:42,50.7,50.7,227,229,FALSE
2/11/23 1:44,51,51,226,228,FALSE
2/11/23 1:46,51,50.9,226,228,FALSE
2/11/23 1:48,50.9,50.8,227,228,FALSE
2/11/23 1:50,51,51,226,228,FALSE
2/11/23 1:52,50.8,50.8,226,228,FALSE
2/11/23 1:54,50.8,50.8,227,229,FALSE
2/11/23 1:56,51,50.9,226,228,FALSE
2/11/23 1:58,50.9,50.9,226,228,FALSE
2/11/23 2:00,51.1,51.1,228,229,FALSE
2/11/23 2:02,50.3,50.4,225,227,FALSE
2/11/23 2:04,50.4,50.4,223,226,FALSE
2/11/23 2:06,50.4,50.3,226,228,FALSE
2/11/23 2:08,50.3,50.3,224,227,FALSE
2/11/23 2:10,50.4,50.3,226,228,FALSE
2/11/23 2:12,50.4,50.3,226,228,FALSE
2/11/23 2:14,50.3,50.3,224,227,FALSE
2/11/23 2:16,50.4,50.4,226,228,FALSE
2/11/23 2:18,50.4,50.4,226,227,FALSE
2/11/23 2:20,50.2,50.2,224,227,FALSE
2/11/23 2:22,50.3,50.3,226,228,FALSE
2/11/23 2:24,50.5,50.5,226,228,FALSE
2/11/23 2:26,50.5,50.4,225,228,FALSE
2/11/23 2:28,50.3,50.4,227,229,FALSE
2/11/23 2:30,50.4,50.5,227,228,FALSE
2/11/23 2:32,50.4,50.4,226,228,FALSE
2/11/23 2:34,50.4,50.3,222,225,FALSE
2/11/23 2:36,50.2,50.2,223,226,FALSE
2/11/23 2:38,50.3,50.3,224,227,FALSE
2/11/23 2:40,50.3,50.3,223,225,FALSE
2/11/23 2:42,50.3,50.3,222,224,FALSE
2/11/23 2:44,50.4,50.4,225,227,FALSE
2/11/23 2:46,50.3,50.4,226,228,FALSE
2/11/23 2:48,50.3,50.4,226,228,FALSE
2/11/23 2:50,50.4,50.3,224,227,FALSE
2/11/23 2:52,50.3,50.3,227,228,FALSE
2/11/23 2:54,50.2,50.3,226,228,FALSE
2/11/23 2:56,50.3,50.3,224,227,FALSE
2/11/23 2:58,50.3,50.4,226,227,FALSE
2/11/23 3:00,50.4,50.3,226,227,FALSE
2/11/23 3:02,50.3,50.3,223,226,FALSE
2/11/23 3:04,50.3,50.3,224,227,FALSE
2/11/23 3:06,50.3,50.3,225,227,FALSE
2/11/23 3:08,50.3,50.4,224,226,FALSE
2/11/23 3:10,50.3,50.4,226,227,FALSE
2/11/23 3:12,50.3,50.3,226,227,FALSE
2/11/23 3:14,50.4,50.4,223,226,FALSE
2/11/23 3:16,50.2,50.2,225,227,FALSE
2/11/23 3:18,50.4,50.3,226,228,FALSE
2/11/23 3:20,50.3,50.3,224,227,FALSE
2/11/23 3:22,50.4,50.4,226,227,FALSE
2/11/23 3:24,50.5,50.4,227,228,FALSE
2/11/23 3:26,50.3,50.3,223,226,FALSE
2/11/23 3:28,50.4,50.4,226,227,FALSE
2/11/23 3:30,50.4,50.3,226,228,FALSE
2/11/23 3:32,50.4,50.4,224,227,FALSE
2/11/23 3:34,50.4,50.4,226,228,FALSE
2/11/23 3:36,50.2,50.3,226,228,FALSE
2/11/23 3:38,50.4,50.4,225,228,FALSE
2/11/23 3:40,50.5,50.5,227,228,FALSE
2/11/23 3:42,50.4,50.4,223,226,FALSE
2/11/23 3:44,50.3,50.3,225,228,FALSE
2/11/23 3:46,50.3,50.3,227,228,FALSE
2/11/23 3:48,50.4,50.4,227,229,FALSE
2/11/23 3:50,50.3,50.3,226,228,FALSE
2/11/23 3:52,50.4,50.4,226,228,FALSE
2/11/23 3:54,50.5,50.4,226,228,FALSE
2/11/23 3:56,50.4,50.5,225,227,FALSE
2/11/23 3:58,50.3,50.3,226,228,FALSE
2/11/23 4:00,50.4,50.3,226,228,FALSE
2/11/23 4:02,50.3,50.4,223,226,FALSE
2/11/23 4:04,50.3,50.3,225,227,FALSE
2/11/23 4:06,50.3,50.3,225,227,FALSE
2/11/23 4:08,50.3,50.4,223,226,FALSE
2/11/23 4:10,50.3,50.3,225,228,FALSE
2/11/23 4:12,50.3,50.3,221,224,FALSE
2/11/23 4:14,50.4,50.4,221,223,FALSE
2/11/23 4:16,50.3,50.3,222,224,FALSE
2/11/23 4:18,50.4,50.4,222,225,FALSE
2/11/23 4:20,50.3,50.3,221,223,FALSE
2/11/23 4:22,50.6,50.6,223,226,FALSE
2/11/23 4:24,50.3,50.3,223,225,FALSE
2/11/23 4:26,50.4,50.3,221,224,FALSE
2/11/23 4:28,50.3,50.3,222,224,FALSE
2/11/23 4:30,50.4,50.4,220,222,FALSE
2/11/23 4:32,50.3,50.2,219,221,FALSE
2/11/23 4:34,50.3,50.3,219,222,FALSE
2/11/23 4:36,50.4,50.4,220,222,FALSE
2/11/23 4:38,50.4,50.4,219,221,FALSE
2/11/23 4:40,50.3,50.3,220,222,FALSE
2/11/23 4:42,50.4,50.4,224,226,FALSE
2/11/23 4:44,50.3,50.3,223,225,FALSE
2/11/23 4:46,50.2,50.2,224,226,FALSE
2/11/23 4:48,50.4,50.4,223,226,FALSE
2/11/23 4:50,50.3,50.3,223,226,FALSE
2/11/23 4:52,50.3,50.3,220,221,FALSE
2/11/23 4:54,50.3,50.3,223,225,FALSE
2/11/23 4:56,50.3,50.2,220,222,FALSE
2/11/23 4:58,50.6,50.5,221,223,FALSE
2/11/23 5:00,50.4,50.4,221,223,FALSE
2/11/23 5:02,50.3,50.3,216,219,FALSE
2/11/23 5:04,50.2,50.2,216,218,FALSE
2/11/23 5:06,50.2,50.2,216,218,FALSE
2/11/23 5:08,50.3,50.3,214,216,FALSE
2/11/23 5:10,50.3,50.2,214,216,FALSE
2/11/23 5:12,50.2,50.3,216,218,FALSE
2/11/23 5:14,50.5,50.5,214,217,FALSE
2/11/23 5:16,50.3,50.2,215,216,FALSE
2/11/23 5:18,50.3,50.4,216,218,FALSE
2/11/23 5:20,50.2,50.2,215,217,FALSE
2/11/23 5:22,50.3,50.3,215,216,FALSE
2/11/23 5:24,50.1,50.1,216,217,FALSE
2/11/23 5:26,50.3,50.2,216,218,FALSE
2/11/23 5:28,50.3,50.2,216,218,FALSE
2/11/23 5:30,50.3,50.2,218,219,FALSE
2/11/23 5:32,50.2,50.2,215,218,FALSE
2/11/23 5:34,50.3,50.3,214,216,FALSE
2/11/23 5:36,50.1,50.1,214,215,FALSE
2/11/23 5:38,50.1,50.2,211,214,FALSE
2/11/23 5:40,50.2,50.2,214,216,FALSE
2/11/23 5:42,50.1,50.1,214,216,FALSE
2/11/23 5:44,50.1,50,214,216,FALSE
2/11/23 5:46,50.2,50.1,214,215,FALSE
2/11/23 5:48,50.1,50.1,211,214,FALSE
2/11/23 5:50,50.2,50.2,211,213,FALSE
2/11/23 5:52,50.2,50.2,211,212,FALSE
2/11/23 5:54,50.2,50.1,209,211,FALSE
2/11/23 5:56,50.1,50.2,208,210,FALSE
2/11/23 5:58,50.1,50.1,212,214,FALSE
2/11/23 6:00,50.1,50.2,211,212,FALSE
2/11/23 6:02,50.3,50.3,207,210,FALSE
2/11/23 6:04,50.1,50.1,205,207,FALSE
2/11/23 6:06,50.1,50.1,208,209,FALSE
2/11/23 6:08,50.1,50,207,209,FALSE
2/11/23 6:10,50,50.1,210,211,FALSE
2/11/23 6:12,50.2,50.2,212,213,FALSE
2/11/23 6:14,50,50,206,207,FALSE
2/11/23 6:16,50,50,204,205,FALSE
2/11/23 6:18,50.2,50.2,204,206,FALSE
2/11/23 6:20,50.1,50.1,200,202,FALSE
2/11/23 6:22,50.1,50.1,205,207,FALSE
2/11/23 6:24,50.1,50.1,205,207,FALSE
2/11/23 6:26,50,50,206,209,FALSE
2/11/23 6:28,50.2,50.2,204,207,FALSE
2/11/23 6:30,49.9,50,204,205,FALSE
2/11/23 6:32,50.1,50.1,199,202,FALSE
2/11/23 6:34,49.8,49.9,202,207,FALSE
2/11/23 6:36,50,50.1,203,207,FALSE
2/11/23 6:38,50,50,203,209,FALSE
2/11/23 6:40,50,49.9,202,207,FALSE
2/11/23 6:42,50,50,199,204,FALSE
2/11/23 6:44,50.1,50.2,197,202,FALSE
2/11/23 6:46,50.1,50.1,204,207,FALSE
2/11/23 6:48,50.2,50.2,209,211,FALSE
2/11/23 6:50,50.1,50.1,206,208,FALSE
2/11/23 6:52,50,50,208,209,FALSE
2/11/23 6:54,50.2,50.2,211,212,FALSE
2/11/23 6:56,50.1,50.2,202,205,FALSE
2/11/23 6:58,50,50,202,204,FALSE
2/11/23 7:00,50,50,201,202,FALSE
2/11/23 7:02,50,50.1,197,201,FALSE
2/11/23 7:04,50,50,202,204,FALSE
2/11/23 7:06,50,50,202,204,FALSE
2/11/23 7:08,50.2,50.1,203,206,FALSE
2/11/23 7:10,50.1,50.1,205,207,FALSE
2/11/23 7:12,50,50.1,199,202,FALSE
2/11/23 7:14,50.1,50.1,204,206,FALSE
2/11/23 7:16,50.1,50.2,207,209,FALSE
2/11/23 7:18,50.2,50.2,196,201,FALSE
2/11/23 7:20,50.2,50.2,193,196,FALSE
2/11/23 7:22,50.2,50.2,194,197,FALSE
2/11/23 7:24,50.1,50.2,197,199,FALSE
2/11/23 7:26,50.3,50.3,194,197,FALSE
2/11/23 7:28,50.2,50.2,194,196,FALSE
2/11/23 7:30,49.8,49.8,190,192,FALSE
2/11/23 7:32,50.1,50.1,195,198,FALSE
2/11/23 7:34,50.1,50.2,198,201,FALSE
2/11/23 7:36,50.2,50.2,198,200,FALSE
2/11/23 7:38,50.1,50.1,194,197,FALSE
2/11/23 7:40,50.2,50.2,194,197,FALSE
2/11/23 7:42,50.1,50,196,198,FALSE
2/11/23 7:44,50.2,50.2,192,194,FALSE
2/11/23 7:46,50.3,50.3,196,197,FALSE
2/11/23 7:48,49.9,49.9,191,194,FALSE
2/11/23 7:50,50.2,50.1,189,192,FALSE
2/11/23 7:52,50,50,186,188,FALSE
2/11/23 7:54,50,50,187,190,FALSE
2/11/23 7:56,50.1,50.1,190,192,FALSE
2/11/23 7:58,49.9,49.9,190,192,FALSE
2/11/23 8:00,50,50.1,190,193,FALSE
2/11/23 8:02,49.9,50,188,192,FALSE
2/11/23 8:04,49.8,49.8,194,197,FALSE
2/11/23 8:06,50.1,50.1,194,197,FALSE
2/11/23 8:08,50.2,50.2,201,204,FALSE
2/11/23 8:10,50.2,50.1,199,202,FALSE
2/11/23 8:12,50.2,50,197,199,FALSE
2/11/23 8:14,50,50.1,197,200,FALSE
2/11/23 8:16,50.3,50.3,196,199,FALSE
2/11/23 8:18,50.1,50.1,191,194,FALSE
2/11/23 8:20,50.1,50.1,192,197,FALSE
2/11/23 8:22,50,50.1,196,199,FALSE
2/11/23 8:24,50.1,50.1,191,194,FALSE
2/11/23 8:26,50,50,190,193,FALSE
2/11/23 8:28,50.1,50.1,191,196,FALSE
2/11/23 8:30,49.8,49.9,190,194,FALSE
2/11/23 8:32,50.2,50.2,193,197,FALSE
2/11/23 8:34,49.9,49.9,194,199,FALSE
2/11/23 8:36,49.9,49.9,185,192,FALSE
2/11/23 8:38,50.1,50.1,187,191,FALSE
2/11/23 8:40,50.1,50.2,189,191,FALSE
2/11/23 8:42,50.1,50.1,182,187,FALSE
2/11/23 8:44,50,50,183,187,FALSE
2/11/23 8:46,49.9,49.9,184,187,FALSE
2/11/23 8:48,49.8,49.8,190,194,FALSE
2/11/23 8:50,50.1,50,187,190,FALSE
2/11/23 8:52,50.3,50.2,179,186,FALSE
2/11/23 8:54,49.9,50,182,188,FALSE
2/11/23 8:56,49.9,49.9,184,191,FALSE
2/11/23 8:58,50.1,50.2,183,190,FALSE
2/11/23 9:00,49.9,49.8,190,193,FALSE
2/11/23 9:02,49.8,49.8,185,190,FALSE
2/11/23 9:04,49.9,49.8,189,192,FALSE
2/11/23 9:06,49.9,49.9,189,192,FALSE
2/11/23 9:08,50.3,50.3,192,197,FALSE
2/11/23 9:10,50,50,191,194,FALSE
2/11/23 9:12,50.2,50.2,189,192,FALSE
2/11/23 9:14,50.2,50.3,189,194,FALSE
2/11/23 9:16,50.2,50.2,187,192,FALSE
2/11/23 9:18,50.1,50,185,190,FALSE
2/11/23 9:20,50.2,50.2,182,187,FALSE
2/11/23 9:22,49.9,49.9,179,184,FALSE
2/11/23 9:24,50.1,50.1,181,185,FALSE
2/11/23 9:26,49.9,50,184,189,FALSE
2/11/23 9:28,50.1,50,188,193,FALSE
2/11/23 9:30,50.2,50.2,185,189,FALSE
2/11/23 9:32,50.2,50.1,185,190,FALSE
2/11/23 9:34,50,50,183,188,FALSE
2/11/23 9:36,50.3,50.3,186,190,FALSE
2/11/23 9:38,50.5,50.5,191,195,FALSE
2/11/23 9:40,50.3,50.2,187,191,FALSE
2/11/23 9:42,50.3,50.3,192,194,FALSE
2/11/23 9:44,50.5,50.4,197,200,FALSE
2/11/23 9:46,50.2,50.3,194,197,FALSE
2/11/23 9:48,50.2,50.3,190,193,FALSE
2/11/23 9:50,50.4,50.4,190,192,FALSE
2/11/23 9:52,50.5,50.4,192,197,FALSE
2/11/23 9:54,50.2,50.2,190,196,FALSE
2/11/23 9:56,50.3,50.3,188,197,FALSE
2/11/23 9:58,50.4,50.3,184,190,FALSE
2/11/23 10:00,50.4,50.4,188,194,FALSE
2/11/23 10:02,50.3,50.3,192,197,FALSE
2/11/23 10:04,50.2,50.2,186,192,FALSE
2/11/23 10:06,50.4,50.4,182,189,FALSE
2/11/23 10:08,50.2,50.2,185,190,FALSE
2/11/23 10:10,50.2,50.2,189,195,FALSE
2/11/23 10:12,50.3,50.3,189,192,FALSE
2/11/23 10:14,50.1,50.1,194,198,FALSE
2/11/23 10:16,50.2,50.3,191,197,FALSE
2/11/23 10:18,50.3,50.3,197,200,FALSE
2/11/23 10:20,50.1,50.1,190,194,FALSE
2/11/23 10:22,50.3,50.3,191,194,FALSE
2/11/23 10:24,49.9,49.9,191,195,FALSE
2/11/23 10:26,50.1,50.1,191,194,FALSE
2/11/23 10:28,50.4,50.5,190,194,FALSE
2/11/23 10:30,50.2,50.2,192,196,FALSE
2/11/23 10:32,50.5,50.4,194,197,FALSE
2/11/23 10:34,50.3,50.2,190,193,FALSE
2/11/23 10:36,50.3,50.3,190,194,FALSE
2/11/23 10:38,50.1,50.1,190,191,FALSE
2/11/23 10:40,50.2,50.2,182,185,FALSE
2/11/23 10:42,50.5,50.5,180,183,FALSE
2/11/23 10:44,50.2,50.2,180,185,FALSE
2/11/23 10:46,50.6,50.5,181,185,FALSE
2/11/23 10:48,50.7,50.6,187,192,FALSE
2/11/23 10:50,50.4,50.3,179,182,FALSE
2/11/23 10:52,50.3,50.3,178,180,FALSE
2/11/23 10:54,50.1,50.1,181,185,FALSE
2/11/23 10:56,50.3,50.3,182,187,FALSE
2/11/23 10:58,50.2,50.2,177,181,FALSE
2/11/23 11:00,50.6,50.6,181,185,FALSE
2/11/23 11:02,50.4,50.4,178,182,FALSE
2/11/23 11:04,50.4,50.4,186,190,FALSE
2/11/23 11:06,50.5,50.5,181,187,FALSE
2/11/23 11:08,50.6,50.5,179,183,FALSE
2/11/23 11:10,50.3,50.3,185,189,FALSE
2/11/23 11:12,50.5,50.5,184,188,FALSE
2/11/23 11:14,50.6,50.6,182,186,FALSE
2/11/23 11:16,50.5,50.6,187,192,FALSE
2/11/23 11:18,50.2,50.3,178,182,FALSE
2/11/23 11:20,50.7,50.7,186,191,FALSE
2/11/23 11:22,50.3,50.4,184,188,FALSE
2/11/23 11:24,50.3,50.3,182,187,FALSE
2/11/23 11:26,50.2,50.2,183,188,FALSE
2/11/23 11:28,50.5,50.5,189,194,FALSE
2/11/23 11:30,50.4,50.4,192,195,FALSE
2/11/23 11:32,50.5,50.5,183,186,FALSE
2/11/23 11:34,50.3,50.3,180,183,FALSE
2/11/23 11:36,50.3,50.3,192,194,FALSE
2/11/23 11:38,50.3,50.2,174,180,FALSE
2/11/23 11:40,50.4,50.5,177,183,FALSE
2/11/23 11:42,50.3,50.3,185,190,FALSE
2/11/23 11:44,50.7,50.6,187,191,FALSE
2/11/23 11:46,50.3,50.3,185,188,FALSE
2/11/23 11:48,50.5,50.6,183,187,FALSE
2/11/23 11:50,50.2,50.2,186,190,FALSE
2/11/23 11:52,50.2,50.3,190,194,FALSE
2/11/23 11:54,50.3,50.2,192,195,FALSE
2/11/23 11:56,50.5,50.4,186,189,FALSE
2/11/23 11:58,50.4,50.4,188,192,FALSE
2/11/23 12:00,50.6,50.6,189,192,FALSE
2/11/23 12:02,50.6,50.6,187,190,FALSE
2/11/23 12:04,50.4,50.4,184,190,FALSE
2/11/23 12:06,50.2,50.1,191,194,FALSE
2/11/23 12:08,50.2,50.2,191,197,FALSE
2/11/23 12:10,50.5,50.5,187,194,FALSE
2/11/23 12:12,50.5,50.5,183,192,FALSE
2/11/23 12:14,50.4,50.4,183,191,FALSE
2/11/23 12:16,50.2,50.2,177,182,FALSE
2/11/23 12:18,50.4,50.3,178,184,FALSE
2/11/23 12:20,50.3,50.3,180,183,FALSE
2/11/23 12:22,50.4,50.4,182,186,FALSE
2/11/23 12:24,50.7,50.7,185,188,FALSE
2/11/23 12:26,50.5,50.5,187,189,FALSE
2/11/23 12:28,50.5,50.5,182,186,FALSE
2/11/23 12:30,50.6,50.7,180,183,FALSE
2/11/23 12:32,50.4,50.4,180,183,FALSE
2/11/23 12:34,50.2,50.2,180,184,FALSE
2/11/23 12:36,50.4,50.5,185,188,FALSE
2/11/23 12:38,50.5,50.5,186,189,FALSE
2/11/23 12:40,50.4,50.4,186,189,FALSE
2/11/23 12:42,50.5,50.5,181,185,FALSE
2/11/23 12:44,50.5,50.6,185,188,FALSE
2/11/23 12:46,50.5,50.5,182,186,FALSE
2/11/23 12:48,50.3,50.4,182,187,FALSE
2/11/23 12:50,50.3,50.2,187,187,FALSE
2/11/23 12:52,50.3,50.3,187,190,FALSE
2/11/23 12:54,50.4,50.4,186,190,FALSE
2/11/23 12:56,50.4,50.4,183,187,FALSE
2/11/23 12:58,50.6,50.6,184,187,FALSE
2/11/23 13:00,50.5,50.5,177,182,FALSE
2/11/23 13:02,50.4,50.3,182,185,FALSE
2/11/23 13:04,50.3,50.4,182,186,FALSE
2/11/23 13:06,50.3,50.4,180,185,FALSE
2/11/23 13:08,50.7,50.5,189,191,FALSE
2/11/23 13:10,50.4,50.4,186,189,FALSE
2/11/23 13:12,50.4,50.4,188,192,FALSE
2/11/23 13:14,50.5,50.6,184,187,FALSE
2/11/23 13:16,50.2,50.2,189,192,FALSE
2/11/23 13:18,50.4,50.3,189,192,FALSE
2/11/23 13:20,50.2,50.3,187,189,FALSE
2/11/23 13:22,50.6,50.6,192,194,FALSE
2/11/23 13:24,50.5,50.5,188,191,FALSE
2/11/23 13:26,50.2,50.2,188,190,FALSE
2/11/23 13:28,50.7,50.7,190,193,FALSE
2/11/23 13:30,50.4,50.3,191,194,FALSE
2/11/23 13:32,50.7,50.7,190,196,FALSE
2/11/23 13:34,50.3,50.3,192,192,FALSE
2/11/23 13:36,50.3,50.4,189,192,FALSE
2/11/23 13:38,50.3,50.3,183,186,FALSE
2/11/23 13:40,50.6,50.7,189,192,FALSE
2/11/23 13:42,50.6,50.5,187,190,FALSE
2/11/23 13:44,50.7,50.7,184,187,FALSE
2/11/23 13:46,50.6,50.5,183,181,FALSE
2/11/23 13:48,50.3,50.3,180,182,FALSE
2/11/23 13:50,50.7,50.7,184,188,FALSE
2/11/23 13:52,50.2,50.2,188,190,FALSE
2/11/23 13:54,50.4,50.3,186,190,FALSE
2/11/23 13:56,50.7,50.7,186,189,FALSE
2/11/23 13:58,50.4,50.3,185,188,FALSE
2/11/23 14:00,50.4,50.4,180,184,FALSE
2/11/23 14:02,50.5,50.5,178,181,FALSE
2/11/23 14:04,50.4,50.3,180,185,FALSE
2/11/23 14:06,50.4,50.4,185,187,FALSE
2/11/23 14:08,50.4,50.4,184,187,FALSE
2/11/23 14:10,50.4,50.4,182,187,FALSE
2/11/23 14:12,50.4,50.4,186,187,FALSE
2/11/23 14:14,50.3,50.4,190,192,FALSE
2/11/23 14:16,50.4,50.4,187,192,FALSE
2/11/23 14:18,50.4,50.5,193,192,FALSE
2/11/23 14:20,50.4,50.4,190,192,FALSE
2/11/23 14:22,50.2,50.3,191,194,FALSE
2/11/23 14:24,50.5,50.4,187,190,FALSE
2/11/23 14:26,50.3,50.4,189,194,FALSE
2/11/23 14:28,50.4,50.4,185,185,FALSE
2/11/23 14:30,50.5,50.5,182,185,FALSE
2/11/23 14:32,50.4,50.4,187,190,FALSE
2/11/23 14:34,50.4,50.4,185,188,FALSE
2/11/23 14:36,50.3,50.2,189,190,FALSE
2/11/23 14:38,50.4,50.4,187,190,FALSE
2/11/23 14:40,50.8,50.8,187,190,FALSE
2/11/23 14:42,50.5,50.5,192,195,FALSE
2/11/23 14:44,50.4,50.5,183,185,FALSE
2/11/23 14:46,50.3,50.3,185,192,FALSE
2/11/23 14:48,50.2,50.3,182,188,FALSE
2/11/23 14:50,50.4,50.4,185,185,FALSE
2/11/23 14:52,50.2,50.3,185,187,FALSE
2/11/23 14:54,50.5,50.4,185,189,FALSE
2/11/23 14:56,50.6,50.5,188,190,FALSE
2/11/23 14:58,50.6,50.5,187,189,FALSE
2/11/23 15:00,50.7,50.7,188,193,FALSE
2/11/23 15:02,50.4,50.5,190,192,FALSE
2/11/23 15:04,50.6,50.5,192,194,FALSE
2/11/23 15:06,50.3,50.3,183,186,FALSE
2/11/23 15:08,50.4,50.5,185,189,FALSE
2/11/23 15:10,50.2,50.1,185,186,FALSE
2/11/23 15:12,50.5,50.4,187,190,FALSE
2/11/23 15:14,50.3,50.4,182,185,FALSE
2/11/23 15:16,50.7,50.7,185,187,FALSE
2/11/23 15:18,50.3,50.3,187,191,FALSE
2/11/23 15:20,50.2,50.3,185,187,FALSE
2/11/23 15:22,50.2,50.2,187,190,FALSE
2/11/23 15:24,50.4,50.5,189,193,FALSE
2/11/23 15:26,50.6,50.6,190,193,FALSE
2/11/23 15:28,50.3,50.3,191,192,FALSE
2/11/23 15:30,50.4,50.3,186,189,FALSE
2/11/23 15:32,50.1,50.1,187,190,FALSE
2/11/23 15:34,50.3,50.3,187,190,FALSE
2/11/23 15:36,50.5,50.5,190,191,FALSE
2/11/23 15:38,50.4,50.3,181,184,FALSE
2/11/23 15:40,50.7,50.6,186,190,FALSE
2/11/23 15:42,50.5,50.5,190,192,FALSE
2/11/23 15:44,50.4,50.4,185,188,FALSE
2/11/23 15:46,50.5,50.6,192,194,FALSE
2/11/23 15:48,50.6,50.6,184,186,FALSE
2/11/23 15:50,50.3,50.3,192,195,FALSE
2/11/23 15:52,50.2,50.2,184,187,FALSE
2/11/23 15:54,50.3,50.3,188,191,FALSE
2/11/23 15:56,50.3,50.3,192,194,FALSE
2/11/23 15:58,50.4,50.4,187,190,FALSE
2/11/23 16:00,50.3,50.2,194,196,FALSE
2/11/23 16:02,50.3,50.4,197,199,FALSE
2/11/23 16:04,50.3,50.3,197,199,FALSE
2/11/23 16:06,50.2,50.2,194,195,FALSE
2/11/23 16:08,50.5,50.5,194,198,FALSE
2/11/23 16:10,50.5,50.5,194,197,FALSE
2/11/23 16:12,50.4,50.3,192,196,FALSE
2/11/23 16:14,50.3,50.3,191,194,FALSE
2/11/23 16:16,50.5,50.5,192,195,FALSE
2/11/23 16:18,50.5,50.5,198,202,FALSE
2/11/23 16:20,50.6,50.5,193,195,FALSE
2/11/23 16:22,50.4,50.4,185,185,FALSE
2/11/23 16:24,50.5,50.5,185,188,FALSE
2/11/23 16:26,50.5,50.5,185,188,FALSE
2/11/23 16:28,50.2,50.3,184,187,FALSE
2/11/23 16:30,50.3,50.3,185,187,FALSE
2/11/23 16:32,50.4,50.4,185,187,FALSE
2/11/23 16:34,50.4,50.4,189,191,FALSE
2/11/23 16:36,50.2,50.2,186,188,FALSE
2/11/23 16:38,50.6,50.6,186,187,FALSE
2/11/23 16:40,50.5,50.5,188,190,FALSE
2/11/23 16:42,50.2,50.3,190,193,FALSE
2/11/23 16:44,50.2,50.2,185,187,FALSE
2/11/23 16:46,50.3,50.3,184,186,FALSE
2/11/23 16:48,50.4,50.3,185,188,FALSE
2/11/23 16:50,50.4,50.5,192,194,FALSE
2/11/23 16:52,50.1,50.1,192,195,FALSE
2/11/23 16:54,50.3,50.2,192,196,FALSE
2/11/23 16:56,50.3,50.3,190,192,FALSE
2/11/23 16:58,50.4,50.4,185,187,FALSE
2/11/23 17:00,50.1,50.1,186,188,FALSE
2/11/23 17:02,50.5,50.5,187,189,FALSE
2/11/23 17:04,50.6,50.6,186,187,FALSE
2/11/23 17:06,50.4,50.5,185,187,FALSE
2/11/23 17:08,50.3,50.4,186,189,FALSE
2/11/23 17:10,50.5,50.6,192,194,FALSE
2/11/23 17:12,50.4,50.4,190,194,FALSE
2/11/23 17:14,50.3,50.3,194,197,FALSE
2/11/23 17:16,50.2,50.2,192,194,FALSE
2/11/23 17:18,50.3,50.2,190,194,FALSE
2/11/23 17:20,50.5,50.6,187,190,FALSE
2/11/23 17:22,50.3,50.4,192,194,FALSE
2/11/23 17:24,50.6,50.5,187,192,FALSE
2/11/23 17:26,50.5,50.5,186,189,FALSE
2/11/23 17:28,50.4,50.4,188,191,FALSE
2/11/23 17:30,50.2,50.2,185,188,FALSE
2/11/23 17:32,50.2,50.2,185,189,FALSE
2/11/23 17:34,50.2,50.3,191,193,FALSE
2/11/23 17:36,50.5,50.4,192,194,FALSE
2/11/23 17:38,50.3,50.3,192,194,FALSE
2/11/23 17:40,50.5,50.5,188,192,FALSE
2/11/23 17:42,50.4,50.4,191,193,FALSE
2/11/23 17:44,50.2,50.3,188,192,FALSE
2/11/23 17:46,50.3,50.3,190,192,FALSE
2/11/23 17:48,50.4,50.5,190,192,FALSE
2/11/23 17:50,50.2,50.3,187,190,FALSE
2/11/23 17:52,50.3,50.4,185,188,FALSE
2/11/23 17:54,50.4,50.4,183,186,FALSE
2/11/23 17:56,50.2,50.2,185,187,FALSE
2/11/23 17:58,50.4,50.5,184,186,FALSE
2/11/23 18:00,50.3,50.3,186,187,FALSE
2/11/23 18:02,50.5,50.4,190,192,FALSE
2/11/23 18:04,50.3,50.3,185,188,FALSE
2/11/23 18:06,50.3,50.3,187,188,FALSE
2/11/23 18:08,50.2,50.2,182,184,FALSE
2/11/23 18:10,50.3,50.3,186,188,FALSE
2/11/23 18:12,50.2,50.2,190,192,FALSE
2/11/23 18:14,50.4,50.4,190,191,FALSE
2/11/23 18:16,50.4,50.4,189,191,FALSE
2/11/23 18:18,50.5,50.5,190,192,FALSE
2/11/23 18:20,50.2,50.2,192,194,FALSE
2/11/23 18:22,50.3,50.3,185,187,FALSE
2/11/23 18:24,50.5,50.5,192,194,FALSE
2/11/23 18:26,50.3,50.3,192,192,FALSE
2/11/23 18:28,50.2,50.3,191,192,FALSE
2/11/23 18:30,50.2,50.2,185,187,FALSE
2/11/23 18:32,50.2,50.2,189,193,FALSE
2/11/23 18:34,50.1,50.1,189,193,FALSE
2/11/23 18:36,50.2,50.3,188,192,FALSE
2/11/23 18:38,50.2,50.2,187,190,FALSE
2/11/23 18:40,50.2,50.1,182,185,FALSE
2/11/23 18:42,49.9,50,182,185,FALSE
2/11/23 18:44,50.2,50.2,184,186,FALSE
2/11/23 18:46,50.4,50.4,187,189,FALSE
2/11/23 18:48,50.4,50.4,192,197,FALSE
2/11/23 18:50,50.3,50.3,190,194,FALSE
2/11/23 18:52,50.3,50.2,191,194,FALSE
2/11/23 18:54,50.4,50.4,190,194,FALSE
2/11/23 18:56,50.2,50.2,186,188,FALSE
2/11/23 18:58,50.4,50.4,197,198,FALSE
2/11/23 19:00,50.4,50.4,194,196,FALSE
2/11/23 19:02,50.2,50.2,195,197,FALSE
2/11/23 19:04,50.4,50.4,192,194,FALSE
2/11/23 19:06,50.5,50.5,190,192,FALSE
2/11/23 19:08,50.2,50.3,188,190,FALSE
2/11/23 19:10,50.3,50.3,191,192,FALSE
2/11/23 19:12,50.2,50.3,192,194,FALSE
2/11/23 19:14,50.2,50.2,190,192,FALSE
2/11/23 19:16,50.4,50.4,190,192,FALSE
2/11/23 19:18,50.4,50.4,184,190,FALSE
2/11/23 19:20,50.3,50.4,180,185,FALSE
2/11/23 19:22,50.5,50.5,183,187,FALSE
2/11/23 19:24,50.2,50.2,180,185,FALSE
2/11/23 19:26,50.4,50.4,186,188,FALSE
2/11/23 19:28,50.4,50.4,185,187,FALSE
2/11/23 19:30,50.4,50.4,185,189,FALSE
2/11/23 19:32,50.5,50.5,185,187,FALSE
2/11/23 19:34,50.3,50.3,185,187,FALSE
2/11/23 19:36,50.3,50.3,188,191,FALSE
2/11/23 19:38,50.6,50.6,187,189,FALSE
2/11/23 19:40,50.3,50.3,180,182,FALSE
2/11/23 19:42,50.3,50.3,180,182,FALSE
2/11/23 19:44,50.4,50.3,180,183,FALSE
2/11/23 19:46,50.4,50.4,182,184,FALSE
2/11/23 19:48,50.3,50.3,185,187,FALSE
2/11/23 19:50,50.4,50.5,183,185,FALSE
2/11/23 19:52,50.3,50.3,184,186,FALSE
2/11/23 19:54,50.3,50.2,184,186,FALSE
2/11/23 19:56,50.3,50.3,184,187,FALSE
2/11/23 19:58,50.5,50.5,179,182,FALSE
2/11/23 20:00,50.5,50.5,182,185,FALSE
2/11/23 20:02,50.4,50.4,178,180,FALSE
2/11/23 20:04,50.3,50.3,180,182,FALSE
2/11/23 20:06,50.4,50.4,185,187,FALSE
2/11/23 20:08,50.4,50.3,185,187,FALSE
2/11/23 20:10,50.5,50.6,188,190,FALSE
2/11/23 20:12,50.4,50.4,185,187,FALSE
2/11/23 20:14,50.3,50.4,187,190,FALSE
2/11/23 20:16,50.6,50.6,192,194,FALSE
2/11/23 20:18,50.3,50.3,192,194,FALSE
2/11/23 20:20,50.5,50.5,186,191,FALSE
2/11/23 20:22,50.5,50.5,186,191,FALSE
2/11/23 20:24,50.3,50.3,194,196,FALSE
2/11/23 20:26,50.2,50.3,191,194,FALSE
2/11/23 20:28,50.4,50.4,191,193,FALSE
2/11/23 20:30,50.5,50.5,192,194,FALSE
2/11/23 20:32,50.4,50.4,193,196,FALSE
2/11/23 20:34,50.4,50.4,194,195,FALSE
2/11/23 20:36,50.3,50.4,193,195,FALSE
2/11/23 20:38,50.6,50.6,194,197,FALSE
2/11/23 20:40,50.4,50.4,197,198,FALSE
2/11/23 20:42,50.3,50.3,192,196,FALSE
2/11/23 20:44,50.4,50.3,194,196,FALSE
2/11/23 20:46,50.5,50.5,192,194,FALSE
2/11/23 20:48,50.7,50.6,193,195,FALSE
2/11/23 20:50,50.6,50.6,194,196,FALSE
2/11/23 20:52,50.5,50.5,202,204,FALSE
2/11/23 20:54,50.6,50.7,191,193,FALSE
2/11/23 20:56,50.5,50.5,192,194,FALSE
2/11/23 20:58,50.5,50.5,194,196,FALSE
2/11/23 21:00,50.6,50.5,195,197,FALSE
2/11/23 21:02,50.4,50.4,193,195,FALSE
2/11/23 21:04,50.4,50.5,193,194,FALSE
2/11/23 21:06,50.7,50.7,192,194,FALSE
2/11/23 21:08,50.7,50.7,191,193,FALSE
2/11/23 21:10,50.5,50.5,193,194,FALSE
2/11/23 21:12,50.5,50.5,192,194,FALSE
2/11/23 21:14,50.4,50.4,192,194,FALSE
2/11/23 21:16,50.5,50.5,194,196,FALSE
2/11/23 21:18,50.6,50.6,192,194,FALSE
2/11/23 21:20,50.5,50.5,190,192,FALSE
2/11/23 21:22,50.7,50.7,193,195,FALSE
2/11/23 21:24,50.4,50.5,192,194,FALSE
2/11/23 21:26,50.7,50.7,192,195,FALSE
2/11/23 21:28,50.7,50.7,197,199,FALSE
2/11/23 21:30,50.4,50.5,196,197,FALSE
2/11/23 21:32,50.8,50.8,195,197,FALSE
2/11/23 21:34,50.9,50.9,196,198,FALSE
2/11/23 21:36,50.6,50.6,199,200,FALSE
2/11/23 21:38,50.7,50.7,194,197,FALSE
2/11/23 21:40,50.7,50.7,195,197,FALSE
2/11/23 21:42,50.5,50.5,197,199,FALSE
2/11/23 21:44,50.7,50.7,197,199,FALSE
2/11/23 21:46,50.1,50.1,197,199,FALSE
2/11/23 21:48,50.3,50.3,200,202,FALSE
2/11/23 21:50,50.4,50.4,201,203,FALSE
2/11/23 21:52,50.5,50.6,203,205,FALSE
2/11/23 21:54,50.5,50.5,203,204,FALSE
2/11/23 21:56,50.5,50.4,202,205,FALSE
2/11/23 21:58,50.4,50.4,204,207,FALSE
2/11/23 22:00,50.4,50.4,207,209,FALSE
2/11/23 22:02,50.6,50.6,205,208,FALSE
2/11/23 22:04,50.5,50.5,208,209,FALSE
2/11/23 22:06,50.4,50.4,208,209,FALSE
2/11/23 22:08,50.6,50.5,206,208,FALSE
2/11/23 22:10,50.4,50.4,203,205,FALSE
2/11/23 22:12,50.5,50.5,204,206,FALSE
2/11/23 22:14,50.5,50.6,204,206,FALSE
2/11/23 22:16,50.6,50.6,208,210,FALSE
2/11/23 22:18,50.6,50.6,205,207,FALSE
2/11/23 22:20,50.5,50.5,207,210,FALSE
2/11/23 22:22,50.5,50.5,207,209,FALSE
2/11/23 22:24,50.3,50.3,208,209,FALSE
2/11/23 22:26,50.6,50.6,207,210,FALSE
2/11/23 22:28,50.5,50.5,209,211,FALSE
2/11/23 22:30,50.6,50.5,209,211,FALSE
2/11/23 22:32,50.5,50.4,210,213,FALSE
2/11/23 22:34,50.7,50.7,211,214,FALSE
2/11/23 22:36,50.4,50.4,213,215,FALSE
2/11/23 22:38,50.5,50.6,210,213,FALSE
2/11/23 22:40,50.6,50.6,208,211,FALSE
2/11/23 22:42,50.7,50.7,211,214,FALSE
2/11/23 22:44,50.7,50.7,208,211,FALSE
2/11/23 22:46,50.5,50.6,211,214,FALSE
2/11/23 22:48,50.6,50.5,213,215,FALSE
2/11/23 22:50,50.6,50.6,211,214,FALSE
2/11/23 22:52,50.5,50.5,210,213,FALSE
2/11/23 22:54,50.7,50.7,211,214,FALSE
2/11/23 22:56,50.6,50.7,211,215,FALSE
2/11/23 22:58,50.7,50.7,212,215,FALSE
2/11/23 23:00,50.6,50.6,214,216,FALSE
2/11/23 23:02,50.7,50.7,213,215,FALSE
2/11/23 23:04,50.6,50.5,213,216,FALSE
2/11/23 23:06,50.5,50.6,215,217,FALSE
2/11/23 23:08,50.6,50.6,215,217,FALSE
2/11/23 23:10,50.7,50.7,214,216,FALSE
2/11/23 23:12,50.7,50.7,219,220,FALSE
2/11/23 23:14,50.5,50.5,214,219,FALSE
2/11/23 23:16,50.8,50.7,213,216,FALSE
2/11/23 23:18,50.7,50.7,215,216,FALSE
2/11/23 23:20,50.7,50.8,218,219,FALSE
2/11/23 23:22,50.8,50.8,216,219,FALSE
2/11/23 23:24,50.6,50.6,216,220,FALSE
2/11/23 23:26,50.7,50.7,219,221,FALSE
2/11/23 23:28,50.8,50.8,217,219,FALSE
2/11/23 23:30,50.8,50.7,216,219,FALSE
2/11/23 23:32,50.8,50.7,215,219,FALSE
2/11/23 23:34,50.7,50.8,219,221,FALSE
2/11/23 23:36,50.8,50.8,219,221,FALSE
2/11/23 23:38,50.7,50.7,221,222,FALSE
2/11/23 23:40,50.7,50.6,219,221,FALSE
2/11/23 23:42,50.7,50.8,220,222,FALSE
2/11/23 23:44,50.7,50.7,221,223,FALSE
2/11/23 23:46,50.8,50.8,219,222,FALSE
2/11/23 23:48,50.8,50.8,219,222,FALSE
2/11/23 23:50,50.8,50.8,221,223,FALSE
2/11/23 23:52,50.3,50.2,218,221,FALSE
2/11/23 23:54,50.3,50.3,219,222,FALSE
2/11/23 23:56,50.4,50.5,222,223,FALSE
2/11/23 23:58,50.3,50.3,221,223,FALSE
2/12/23 0:00,50.5,50.5,221,223,FALSE
2/12/23 0:02,50.4,50.4,222,223,FALSE
2/12/23 0:04,50.3,50.3,219,222,FALSE
2/12/23 0:06,50.4,50.3,217,221,FALSE
2/12/23 0:08,50.3,50.3,221,223,FALSE
2/12/23 0:10,50.3,50.4,222,224,FALSE
2/12/23 0:12,50.4,50.5,220,223,FALSE
2/12/23 0:14,50.4,50.4,219,222,FALSE
2/12/23 0:16,50.4,50.4,222,223,FALSE
2/12/23 0:18,50.2,50.3,218,221,FALSE
2/12/23 0:20,50.5,50.5,221,223,FALSE
2/12/23 0:22,50.1,50.2,222,223,FALSE
2/12/23 0:24,50.5,50.4,220,223,FALSE
2/12/23 0:26,50.4,50.4,221,224,FALSE
2/12/23 0:28,50.2,50.2,222,224,FALSE
2/12/23 0:30,50.5,50.4,221,224,FALSE
2/12/23 0:32,50.3,50.4,221,223,FALSE
2/12/23 0:34,50.4,50.5,223,225,FALSE
2/12/23 0:36,50.4,50.3,219,221,FALSE
2/12/23 0:38,50.4,50.4,221,223,FALSE
2/12/23 0:40,50.4,50.5,223,226,FALSE
2/12/23 0:42,50.5,50.5,224,226,FALSE
2/12/23 0:44,50.5,50.4,223,226,FALSE
2/12/23 0:46,50.4,50.3,224,226,FALSE
2/12/23 0:48,50.4,50.4,223,226,FALSE
2/12/23 0:50,50.4,50.4,223,225,FALSE
2/12/23 0:52,50.4,50.3,223,225,FALSE
2/12/23 0:54,50.4,50.4,223,225,FALSE
2/12/23 0:56,50.4,50.4,222,224,FALSE
2/12/23 0:58,50.4,50.4,223,226,FALSE
2/12/23 1:00,50.6,50.5,224,226,FALSE
2/12/23 1:02,50.5,50.5,223,226,FALSE
2/12/23 1:04,50.5,50.5,223,226,FALSE
2/12/23 1:06,50.5,50.5,225,226,FALSE
2/12/23 1:08,50.3,50.4,223,226,FALSE
2/12/23 1:10,50.4,50.4,226,227,FALSE
2/12/23 1:12,50.5,50.5,226,227,FALSE
2/12/23 1:14,50.4,50.4,224,226,FALSE
2/12/23 1:16,50.5,50.6,225,227,FALSE
2/12/23 1:18,50.5,50.5,227,228,FALSE
2/12/23 1:20,50.3,50.4,226,228,FALSE
2/12/23 1:22,50.3,50.4,223,226,FALSE
2/12/23 1:24,50.5,50.6,223,225,FALSE
2/12/23 1:26,50.3,50.4,225,228,FALSE
2/12/23 1:28,50.6,50.6,225,227,FALSE
2/12/23 1:30,50.5,50.5,227,228,FALSE
2/12/23 1:32,50.4,50.4,226,228,FALSE
2/12/23 1:34,50.5,50.5,226,228,FALSE
2/12/23 1:36,50.3,50.3,226,228,FALSE
2/12/23 1:38,50.4,50.5,223,226,FALSE
2/12/23 1:40,50.5,50.5,223,225,FALSE
2/12/23 1:42,50.6,50.6,227,228,FALSE
2/12/23 1:44,50.4,50.4,226,228,FALSE
2/12/23 1:46,50.5,50.4,226,228,FALSE
2/12/23 1:48,50.5,50.5,227,229,FALSE
2/12/23 1:50,50.5,50.5,227,229,FALSE
2/12/23 1:52,50.4,50.4,226,228,FALSE
2/12/23 1:54,50.5,50.5,227,229,FALSE
2/12/23 1:56,50.4,50.4,226,228,FALSE
2/12/23 1:58,50.5,50.5,225,227,FALSE
2/12/23 2:00,50.4,50.4,226,228,FALSE
2/12/23 2:02,50.6,50.6,226,228,FALSE
2/12/23 2:04,50.3,50.3,223,226,FALSE
2/12/23 2:06,50.4,50.4,225,227,FALSE
2/12/23 2:08,50.6,50.5,224,226,FALSE
2/12/23 2:10,50.4,50.4,223,226,FALSE
2/12/23 2:12,50.5,50.5,226,227,FALSE
2/12/23 2:14,50.5,50.5,226,228,FALSE
2/12/23 2:16,50.4,50.4,224,227,FALSE
2/12/23 2:18,50.5,50.5,226,228,FALSE
2/12/23 2:20,50.4,50.4,226,228,FALSE
2/12/23 2:22,50.4,50.4,223,226,FALSE
2/12/23 2:24,50.5,50.5,226,228,FALSE
2/12/23 2:26,50.6,50.5,228,229,FALSE
2/12/23 2:28,50.5,50.5,226,228,FALSE
2/12/23 2:30,50.5,50.5,226,228,FALSE
2/12/23 2:32,50.5,50.5,226,228,FALSE
2/12/23 2:34,50.4,50.4,225,228,FALSE
2/12/23 2:36,50.5,50.6,226,228,FALSE
2/12/23 2:38,50.5,50.5,228,229,FALSE
2/12/23 2:40,50.4,50.5,226,228,FALSE
2/12/23 2:42,50.4,50.3,226,228,FALSE
2/12/23 2:44,50.5,50.5,228,229,FALSE
2/12/23 2:46,50.5,50.5,225,228,FALSE
2/12/23 2:48,50.5,50.5,222,225,FALSE
2/12/23 2:50,50.5,50.5,226,227,FALSE
2/12/23 2:52,50.4,50.4,223,226,FALSE
2/12/23 2:54,50.6,50.6,225,227,FALSE
2/12/23 2:56,50.5,50.5,226,228,FALSE
2/12/23 2:58,50.5,50.5,224,227,FALSE
2/12/23 3:00,50.5,50.5,228,230,FALSE
2/12/23 3:02,50.5,50.5,229,231,FALSE
2/12/23 3:04,50.5,50.5,228,231,FALSE
2/12/23 3:06,50.6,50.5,228,230,FALSE
2/12/23 3:08,50.5,50.5,229,231,FALSE
2/12/23 3:10,50.6,50.6,228,231,FALSE
2/12/23 3:12,50.5,50.4,228,230,FALSE
2/12/23 3:14,50.5,50.5,228,231,FALSE
2/12/23 3:16,50.4,50.5,228,229,FALSE
2/12/23 3:18,50.4,50.5,226,228,FALSE
2/12/23 3:20,50.5,50.5,228,229,FALSE
2/12/23 3:22,50.6,50.5,228,229,FALSE
2/12/23 3:24,50.5,50.5,227,229,FALSE
2/12/23 3:26,50.5,50.5,228,230,FALSE
2/12/23 3:28,50.6,50.6,228,230,FALSE
2/12/23 3:30,50.6,50.5,227,229,FALSE
2/12/23 3:32,50.4,50.4,228,229,FALSE
2/12/23 3:34,50.6,50.6,228,229,FALSE
2/12/23 3:36,50.4,50.3,226,228,FALSE
2/12/23 3:38,50.6,50.5,229,231,FALSE
2/12/23 3:40,50.5,50.5,229,231,FALSE
2/12/23 3:42,50.5,50.5,227,229,FALSE
2/12/23 3:44,50.5,50.5,228,230,FALSE
2/12/23 3:46,50.5,50.6,228,230,FALSE
2/12/23 3:48,50.5,50.5,227,229,FALSE
2/12/23 3:50,50.4,50.5,227,229,FALSE
2/12/23 3:52,50.5,50.5,228,231,FALSE
2/12/23 3:54,50.5,50.5,225,227,FALSE
2/12/23 3:56,50.4,50.4,228,230,FALSE
2/12/23 3:58,50.5,50.5,228,230,FALSE
2/12/23 4:00,50.5,50.5,228,230,FALSE
2/12/23 4:02,50.5,50.5,228,229,FALSE
2/12/23 4:04,50.5,50.6,228,230,FALSE
2/12/23 4:06,50.5,50.4,226,228,FALSE
2/12/23 4:08,50.6,50.5,225,226,FALSE
2/12/23 4:10,50.6,50.5,228,229,FALSE
2/12/23 4:12,50.4,50.4,227,229,FALSE
2/12/23 4:14,50.4,50.4,228,229,FALSE
2/12/23 4:16,50.5,50.5,228,229,FALSE
2/12/23 4:18,50.5,50.6,227,228,FALSE
2/12/23 4:20,50.5,50.5,227,229,FALSE
2/12/23 4:22,50.5,50.5,229,231,FALSE
2/12/23 4:24,50.5,50.5,228,231,FALSE
2/12/23 4:26,50.5,50.5,230,231,FALSE
2/12/23 4:28,50.5,50.5,230,231,FALSE
2/12/23 4:30,50.4,50.3,229,231,FALSE
2/12/23 4:32,50.5,50.4,230,231,FALSE
2/12/23 4:34,50.5,50.5,229,231,FALSE
2/12/23 4:36,50.4,50.4,228,231,FALSE
2/12/23 4:38,50.4,50.4,231,232,FALSE
2/12/23 4:40,50.4,50.4,231,232,FALSE
2/12/23 4:42,50.5,50.6,229,231,FALSE
2/12/23 4:44,50.5,50.5,231,232,FALSE
2/12/23 4:46,50.4,50.3,231,233,FALSE
2/12/23 4:48,50.5,50.5,229,231,FALSE
2/12/23 4:50,50.5,50.5,231,232,FALSE
2/12/23 4:52,50.5,50.5,230,231,FALSE
2/12/23 4:54,50.4,50.3,229,231,FALSE
2/12/23 4:56,50.5,50.5,231,233,FALSE
2/12/23 4:58,50.3,50.4,231,232,FALSE
2/12/23 5:00,50.4,50.4,230,232,FALSE
2/12/23 5:02,50.5,50.5,228,231,FALSE
2/12/23 5:04,50.3,50.4,226,228,FALSE
2/12/23 5:06,50.4,50.4,227,229,FALSE
2/12/23 5:08,50.3,50.4,224,226,FALSE
2/12/23 5:10,50.4,50.4,224,225,FALSE
2/12/23 5:12,50.4,50.4,225,226,FALSE
2/12/23 5:14,50.5,50.5,226,227,FALSE
2/12/23 5:16,50.5,50.4,226,227,FALSE
2/12/23 5:18,50.4,50.4,222,224,FALSE
2/12/23 5:20,50.5,50.5,225,226,FALSE
2/12/23 5:22,50.4,50.4,226,227,FALSE
2/12/23 5:24,50.3,50.3,223,225,FALSE
2/12/23 5:26,50.3,50.4,225,226,FALSE
2/12/23 5:28,50.4,50.4,226,227,FALSE
2/12/23 5:30,50.4,50.5,223,226,FALSE
2/12/23 5:32,50.3,50.3,226,227,FALSE
2/12/23 5:34,50.4,50.4,226,228,FALSE
2/12/23 5:36,50.3,50.3,223,226,FALSE
2/12/23 5:38,50.4,50.4,226,228,FALSE
2/12/23 5:40,50.5,50.5,226,228,FALSE
2/12/23 5:42,50.4,50.4,224,226,FALSE
2/12/23 5:44,50.5,50.5,225,226,FALSE
2/12/23 5:46,50.4,50.4,224,226,FALSE
2/12/23 5:48,50.4,50.4,216,220,FALSE
2/12/23 5:50,50.2,50.3,220,221,FALSE
2/12/23 5:52,50.3,50.4,219,221,FALSE
2/12/23 5:54,50.4,50.4,219,221,FALSE
2/12/23 5:56,50.4,50.4,216,217,FALSE
2/12/23 5:58,50.4,50.3,211,213,FALSE
2/12/23 6:00,50.4,50.4,210,212,FALSE
2/12/23 6:02,50.3,50.3,207,209,FALSE
2/12/23 6:04,50.4,50.4,211,213,FALSE
2/12/23 6:06,50.3,50.4,216,219,FALSE
2/12/23 6:08,50.4,50.3,216,217,FALSE
2/12/23 6:10,50.3,50.4,216,217,FALSE
2/12/23 6:12,50.4,50.3,214,216,FALSE
2/12/23 6:14,50.3,50.3,219,221,FALSE
2/12/23 6:16,50.3,50.3,207,209,FALSE
2/12/23 6:18,50.3,50.3,212,214,FALSE
2/12/23 6:20,50.3,50.3,217,219,FALSE
2/12/23 6:22,50.3,50.3,215,216,FALSE
2/12/23 6:24,50.2,50.2,214,216,FALSE
2/12/23 6:26,50.3,50.3,214,215,FALSE
2/12/23 6:28,50.3,50.4,209,211,FALSE
2/12/23 6:30,50.2,50.2,206,209,FALSE
2/12/23 6:32,50.3,50.2,204,207,FALSE
2/12/23 6:34,50.3,50.3,209,209,FALSE
2/12/23 6:36,50.2,50.2,208,209,FALSE
2/12/23 6:38,50.3,50.4,211,213,FALSE
2/12/23 6:40,50.4,50.4,211,213,FALSE
2/12/23 6:42,50.4,50.4,209,210,FALSE
2/12/23 6:44,50.3,50.3,209,211,FALSE
2/12/23 6:46,50.2,50.3,211,213,FALSE
2/12/23 6:48,50.3,50.2,214,216,FALSE
2/12/23 6:50,50.3,50.2,214,214,FALSE
2/12/23 6:52,50.2,50.2,210,211,FALSE
2/12/23 6:54,50.2,50.2,209,211,FALSE
2/12/23 6:56,50.4,50.4,209,211,FALSE
2/12/23 6:58,50.2,50.3,211,212,FALSE
2/12/23 7:00,50,50.1,211,214,FALSE
2/12/23 7:02,50.2,50.2,209,211,FALSE
2/12/23 7:04,50.4,50.4,216,217,FALSE
2/12/23 7:06,50.3,50.3,209,211,FALSE
2/12/23 7:08,50.2,50.2,208,210,FALSE
2/12/23 7:10,50.2,50.1,211,213,FALSE
2/12/23 7:12,50.1,50.2,215,217,FALSE
2/12/23 7:14,50.2,50.3,215,217,FALSE
2/12/23 7:16,49.9,50,214,217,FALSE
2/12/23 7:18,50.1,50.2,211,214,FALSE
2/12/23 7:20,50.4,50.4,211,213,FALSE
2/12/23 7:22,50.2,50.1,214,215,FALSE
2/12/23 7:24,50.3,50.3,209,211,FALSE
2/12/23 7:26,50.3,50.3,209,211,FALSE
2/12/23 7:28,50.4,50.4,208,209,FALSE
2/12/23 7:30,50.1,50.1,208,209,FALSE
2/12/23 7:32,50.1,50.1,202,204,FALSE
2/12/23 7:34,50.2,50.2,209,210,FALSE
2/12/23 7:36,50.2,50.2,204,204,FALSE
2/12/23 7:38,50.1,50.2,206,207,FALSE
2/12/23 7:40,50.4,50.4,202,204,FALSE
2/12/23 7:42,50.2,50.2,203,204,FALSE
2/12/23 7:44,50.1,50,201,203,FALSE
2/12/23 7:46,50,50,200,202,FALSE
2/12/23 7:48,50.2,50.1,198,199,FALSE
2/12/23 7:50,50,50.1,207,209,FALSE
2/12/23 7:52,50.3,50.2,205,207,FALSE
2/12/23 7:54,50.1,50,198,199,FALSE
2/12/23 7:56,50.1,50.2,199,202,FALSE
2/12/23 7:58,50.3,50.3,200,201,FALSE
2/12/23 8:00,50.2,50.1,197,199,FALSE
2/12/23 8:02,50.1,50.1,197,199,FALSE
2/12/23 8:04,50,49.9,202,203,FALSE
2/12/23 8:06,50.1,50.1,197,199,FALSE
2/12/23 8:08,50.1,50.2,189,190,FALSE
2/12/23 8:10,50,50,192,193,FALSE
2/12/23 8:12,50,50,196,197,FALSE
2/12/23 8:14,49.8,49.8,189,193,FALSE
2/12/23 8:16,50.2,50.2,194,200,FALSE
2/12/23 8:18,50.1,50.1,198,202,FALSE
2/12/23 8:20,50.1,50,196,200,FALSE
2/12/23 8:22,50.2,50.2,199,203,FALSE
2/12/23 8:24,50.1,50.1,200,202,FALSE
2/12/23 8:26,50.1,50.1,197,199,FALSE
2/12/23 8:28,49.8,49.8,201,202,FALSE
2/12/23 8:30,49.8,49.8,202,202,FALSE
2/12/23 8:32,50,50,202,204,FALSE
2/12/23 8:34,50,50,207,208,FALSE
2/12/23 8:36,50.2,50.2,204,205,FALSE
2/12/23 8:38,50.1,50.1,200,203,FALSE
2/12/23 8:40,49.9,49.8,204,205,FALSE
2/12/23 8:42,50,50.1,199,201,FALSE
2/12/23 8:44,50,50,196,198,FALSE
2/12/23 8:46,50.1,50.1,198,199,FALSE
2/12/23 8:48,50.1,50,198,199,FALSE
2/12/23 8:50,49.8,49.8,191,193,FALSE
2/12/23 8:52,50,50,186,187,FALSE
2/12/23 8:54,49.9,49.9,194,195,FALSE
2/12/23 8:56,50.2,50.2,192,194,FALSE
2/12/23 8:58,50,49.9,193,194,FALSE
2/12/23 9:00,50,50,198,199,FALSE
2/12/23 9:02,50.1,50.1,199,200,FALSE
2/12/23 9:04,50,50,197,197,FALSE
2/12/23 9:06,50.6,50.7,195,196,FALSE
2/12/23 9:08,50.1,50.1,197,199,FALSE
2/12/23 9:10,50,50,190,194,FALSE
2/12/23 9:12,49.8,49.9,203,203,FALSE
2/12/23 9:14,49.9,49.9,197,199,FALSE
2/12/23 9:16,50,50.1,196,197,FALSE
2/12/23 9:18,50.1,50,192,194,FALSE
2/12/23 9:20,50.1,50,198,201,FALSE
2/12/23 9:22,50.2,50.2,195,197,FALSE
2/12/23 9:24,49.9,49.9,197,199,FALSE
2/12/23 9:26,50.4,50.4,194,196,FALSE
2/12/23 9:28,50.2,50.3,197,199,FALSE
2/12/23 9:30,50.3,50.4,194,197,FALSE
2/12/23 9:32,50.3,50.3,191,194,FALSE
2/12/23 9:34,50.2,50.3,199,202,FALSE
2/12/23 9:36,50.3,50.3,195,197,FALSE
2/12/23 9:38,50.3,50.2,195,197,FALSE
2/12/23 9:40,50,50.1,189,190,FALSE
2/12/23 9:42,50.2,50.2,197,199,FALSE
2/12/23 9:44,50.4,50.4,195,198,FALSE
2/12/23 9:46,50.3,50.4,194,197,FALSE
2/12/23 9:48,50.2,50.2,197,199,FALSE
2/12/23 9:50,50.2,50.2,197,198,FALSE
2/12/23 9:52,50.4,50.4,209,212,FALSE
2/12/23 9:54,50.2,50.2,208,211,FALSE
2/12/23 9:56,50.4,50.3,205,209,FALSE
2/12/23 9:58,50.5,50.6,205,209,FALSE
2/12/23 10:00,50,50,209,211,FALSE
2/12/23 10:02,50.1,50.1,204,208,FALSE
2/12/23 10:04,50,50,207,210,FALSE
2/12/23 10:06,50,50,204,205,FALSE
2/12/23 10:08,50.3,50.2,206,208,FALSE
2/12/23 10:10,50.3,50.3,202,203,FALSE
2/12/23 10:12,50.3,50.3,204,204,FALSE
2/12/23 10:14,50.4,50.4,197,201,FALSE
2/12/23 10:16,50.3,50.2,199,202,FALSE
2/12/23 10:18,50.4,50.5,200,204,FALSE
2/12/23 10:20,50.2,50.2,202,207,FALSE
2/12/23 10:22,50.3,50.3,200,202,FALSE
2/12/23 10:24,50.1,50.1,202,203,FALSE
2/12/23 10:26,50,50.1,194,197,FALSE
2/12/23 10:28,50.2,50.2,193,195,FALSE
2/12/23 10:30,50.3,50.2,199,202,FALSE
2/12/23 10:32,50.4,50.5,197,199,FALSE
2/12/23 10:34,50.2,50.2,197,198,FALSE
2/12/23 10:36,50.4,50.3,194,196,FALSE
2/12/23 10:38,50.2,50.2,195,196,FALSE
2/12/23 10:40,50,50,198,200,FALSE
2/12/23 10:42,50.2,50.2,195,197,FALSE
2/12/23 10:44,50,50.1,194,196,FALSE
2/12/23 10:46,50.1,50.2,196,198,FALSE
2/12/23 10:48,50.3,50.3,194,194,FALSE
2/12/23 10:50,50.3,50.3,202,204,FALSE
2/12/23 10:52,50,49.9,195,198,FALSE
2/12/23 10:54,50.2,50.2,198,198,FALSE
2/12/23 10:56,50.5,50.5,199,200,FALSE
2/12/23 10:58,50.2,50.2,198,200,FALSE
2/12/23 11:00,50.3,50.3,200,202,FALSE
2/12/23 11:02,50.4,50.3,202,203,FALSE
2/12/23 11:04,50.1,50,202,204,FALSE
2/12/23 11:06,50.4,50.5,207,209,FALSE
2/12/23 11:08,50.4,50.4,204,205,FALSE
2/12/23 11:10,50.2,50.3,198,200,FALSE
2/12/23 11:12,50.1,50,198,200,FALSE
2/12/23 11:14,50.4,50.4,199,201,FALSE
2/12/23 11:16,50.3,50.3,202,205,FALSE
2/12/23 11:18,50.1,50.2,203,205,FALSE
2/12/23 11:20,50.3,50.4,207,208,FALSE
2/12/23 11:22,50.2,50.2,204,206,FALSE
2/12/23 11:24,50.1,50.1,200,202,FALSE
2/12/23 11:26,50.2,50.2,204,207,FALSE
2/12/23 11:28,49.9,49.9,202,204,FALSE
2/12/23 11:30,50.2,50.2,201,203,FALSE
2/12/23 11:32,50.4,50.5,207,209,FALSE
2/12/23 11:34,50,50,201,203,FALSE
2/12/23 11:36,50.1,50.1,194,197,FALSE
2/12/23 11:38,50.3,50.3,202,204,FALSE
2/12/23 11:40,50.1,50.1,200,203,FALSE
2/12/23 11:42,50.2,50.2,196,198,FALSE
2/12/23 11:44,50.2,50.2,196,199,FALSE
2/12/23 11:46,50.2,50.2,194,197,FALSE
2/12/23 11:48,50.2,50.3,194,197,FALSE
2/12/23 11:50,50.3,50.4,196,197,FALSE
2/12/23 11:52,50.2,50.2,192,194,FALSE
2/12/23 11:54,50.4,50.3,195,197,FALSE
2/12/23 11:56,50.2,50.1,197,198,FALSE
2/12/23 11:58,50.2,50.2,198,201,FALSE
2/12/23 12:00,50.1,50.1,199,202,FALSE
2/12/23 12:02,50.1,50.1,197,198,FALSE
2/12/23 12:04,50,50,194,196,FALSE
2/12/23 12:06,50.2,50.3,199,202,FALSE
2/12/23 12:08,49.9,50,200,202,FALSE
2/12/23 12:10,50.1,50.1,200,202,FALSE
2/12/23 12:12,50.2,50.1,202,204,FALSE
2/12/23 12:14,49.9,49.9,200,203,FALSE
2/12/23 12:16,50.1,50.1,204,205,FALSE
2/12/23 12:18,50.1,50.1,205,207,FALSE
2/12/23 12:20,50.2,50.2,203,204,FALSE
2/12/23 12:22,50.1,50.1,200,202,FALSE
2/12/23 12:24,50.1,50,205,207,FALSE
2/12/23 12:26,50.2,50.2,202,204,FALSE
2/12/23 12:28,50.1,50.1,204,205,FALSE
2/12/23 12:30,50.2,50.2,203,205,FALSE
2/12/23 12:32,50.3,50.4,205,206,FALSE
2/12/23 12:34,50.2,50.2,202,203,FALSE
2/12/23 12:36,50.1,50.1,197,199,FALSE
2/12/23 12:38,50.3,50.3,196,198,FALSE
2/12/23 12:40,50.1,50.1,199,201,FALSE
2/12/23 12:42,50.3,50.3,197,199,FALSE
2/12/23 12:44,50,49.9,193,195,FALSE
2/12/23 12:46,50.2,50.2,197,199,FALSE
2/12/23 12:48,50.3,50.3,194,197,FALSE
2/12/23 12:50,50.1,50.1,199,201,FALSE
2/12/23 12:52,50.5,50.5,200,201,FALSE
2/12/23 12:54,50,50.2,197,200,FALSE
2/12/23 12:56,50.1,50.1,192,194,FALSE
2/12/23 12:58,50.1,49.9,191,190,FALSE
2/12/23 13:00,50.3,50.3,190,191,FALSE
2/12/23 13:02,50.3,50.3,192,195,FALSE
2/12/23 13:04,50.3,50.3,192,196,FALSE
2/12/23 13:06,50.1,49.9,192,195,FALSE
2/12/23 13:08,50.3,50.3,197,199,FALSE
2/12/23 13:10,50.2,50.3,195,199,FALSE
2/12/23 13:12,50.3,50.1,202,204,FALSE
2/12/23 13:14,50.2,50.2,200,203,FALSE
2/12/23 13:16,50.2,50.3,199,198,FALSE
2/12/23 13:18,50.2,50.1,199,199,FALSE
2/12/23 13:20,50.1,50.1,196,202,FALSE
2/12/23 13:22,50.5,50.4,197,199,FALSE
2/12/23 13:24,50,50,201,202,FALSE
2/12/23 13:26,50.3,50.4,199,200,FALSE
2/12/23 13:28,50.4,50.4,199,200,FALSE
2/12/23 13:30,50.2,50.3,204,207,FALSE
2/12/23 13:32,50.2,50.2,206,206,FALSE
2/12/23 13:34,50.1,50,204,202,FALSE
2/12/23 13:36,50.5,50.4,204,204,FALSE
2/12/23 13:38,50.1,50.3,204,208,FALSE
2/12/23 13:40,50.4,50.3,202,204,FALSE
2/12/23 13:42,50.3,50.3,206,207,FALSE
2/12/23 13:44,50.3,50.4,196,203,FALSE
2/12/23 13:46,50.2,50.2,202,205,FALSE
2/12/23 13:48,50.2,50.2,209,209,FALSE
2/12/23 13:50,50.2,50.3,205,207,FALSE
2/12/23 13:52,50.3,50.4,205,209,FALSE
2/12/23 13:54,50.1,50.1,198,205,FALSE
2/12/23 13:56,50.1,50.1,199,204,FALSE
2/12/23 13:58,50.2,50.2,201,204,FALSE
2/12/23 14:00,50.4,50.3,200,205,FALSE
2/12/23 14:02,50.5,50.6,204,207,FALSE
2/12/23 14:04,50.2,50.2,208,209,FALSE
2/12/23 14:06,50.3,50.3,195,200,FALSE
2/12/23 14:08,50.1,50.2,197,201,FALSE
2/12/23 14:10,50.2,50.1,195,204,FALSE
2/12/23 14:12,50.3,50.2,197,202,FALSE
2/12/23 14:14,50.1,50,188,197,FALSE
2/12/23 14:16,50.2,50.2,196,203,FALSE
2/12/23 14:18,50.2,50.3,195,200,FALSE
2/12/23 14:20,50.3,50.1,199,204,FALSE
2/12/23 14:22,50.5,50.6,206,203,FALSE
2/12/23 14:24,50.3,50.4,195,199,FALSE
2/12/23 14:26,50.2,50,190,197,FALSE
2/12/23 14:28,50.3,50.4,197,200,FALSE
2/12/23 14:30,50.2,50.1,194,197,FALSE
2/12/23 14:32,50.4,50.3,198,202,FALSE
2/12/23 14:34,50.3,50.3,190,194,FALSE
2/12/23 14:36,50.2,50.2,190,198,FALSE
2/12/23 14:38,50.2,50.2,192,199,FALSE
2/12/23 14:40,50.2,50.2,203,207,FALSE
2/12/23 14:42,50,50.2,192,199,FALSE
2/12/23 14:44,50.4,50.4,187,194,FALSE
2/12/23 14:46,50.6,50.6,198,205,FALSE
2/12/23 14:48,50.2,50.3,194,198,FALSE
2/12/23 14:50,50.3,50.4,191,197,FALSE
2/12/23 14:52,50.3,50.5,189,198,FALSE
2/12/23 14:54,50.3,50.2,198,196,FALSE
2/12/23 14:56,50.1,50.2,196,197,FALSE
2/12/23 14:58,50.5,50.4,200,201,FALSE
2/12/23 15:00,50.2,50,191,197,FALSE
2/12/23 15:02,50.4,50.4,189,192,FALSE
2/12/23 15:04,50.4,50.6,192,194,FALSE
2/12/23 15:06,50.2,50.1,192,197,FALSE
2/12/23 15:08,50.5,50.5,185,196,FALSE
2/12/23 15:10,50.3,50.3,191,197,FALSE
2/12/23 15:12,50.4,50.4,191,192,FALSE
2/12/23 15:14,50.3,50.1,186,190,FALSE
2/12/23 15:16,50.3,50.2,188,194,FALSE
2/12/23 15:18,50.5,50.4,194,195,FALSE
2/12/23 15:20,50.3,50.3,192,194,FALSE
2/12/23 15:22,50.3,50.2,194,197,FALSE
2/12/23 15:24,50.4,50.5,198,200,FALSE
2/12/23 15:26,50.1,50.1,198,200,FALSE
2/12/23 15:28,50.1,50.2,197,199,FALSE
2/12/23 15:30,50.1,50.1,199,200,FALSE
2/12/23 15:32,50.4,50.4,195,197,FALSE
2/12/23 15:34,50.3,50.4,196,197,FALSE
2/12/23 15:36,50.2,50.2,202,202,FALSE
2/12/23 15:38,50.3,50.4,197,197,FALSE
2/12/23 15:40,50.2,50.3,204,204,FALSE
2/12/23 15:42,50.5,50.4,202,203,FALSE
2/12/23 15:44,50,49.7,197,197,FALSE
2/12/23 15:46,50.3,50.3,202,203,FALSE
2/12/23 15:48,50.3,50.4,201,203,FALSE
2/12/23 15:50,50.5,50.5,202,202,FALSE
2/12/23 15:52,50.3,50.3,198,199,FALSE
2/12/23 15:54,50.3,50.2,204,206,FALSE
2/12/23 15:56,50.3,50.2,205,204,FALSE
2/12/23 15:58,50.2,50.2,201,202,FALSE
2/12/23 16:00,50.2,50.1,202,202,FALSE
2/12/23 16:02,50.1,50.1,193,196,FALSE
2/12/23 16:04,50.2,50.2,204,206,FALSE
2/12/23 16:06,50.2,50.1,197,197,FALSE
2/12/23 16:08,50.5,50.4,199,204,FALSE
2/12/23 16:10,50.4,50.4,203,206,FALSE
2/12/23 16:12,50,50.1,199,199,FALSE
2/12/23 16:14,49.7,49.9,194,197,FALSE
2/12/23 16:16,50.2,50.3,195,198,FALSE
2/12/23 16:18,50.1,50.1,197,198,FALSE
2/12/23 16:20,50.3,50.3,195,198,FALSE
2/12/23 16:22,50.3,50.4,197,199,FALSE
2/12/23 16:24,50.3,50.4,201,202,FALSE
2/12/23 16:26,50.1,50.2,202,204,FALSE
2/12/23 16:28,50.3,50.3,195,199,FALSE
2/12/23 16:30,50.3,50.4,202,204,FALSE
2/12/23 16:32,50.2,50.2,201,202,FALSE
2/12/23 16:34,50.3,50.3,197,197,FALSE
2/12/23 16:36,50.1,50.1,199,201,FALSE
2/12/23 16:38,50,50.1,200,202,FALSE
2/12/23 16:40,50.1,50.1,199,201,FALSE
2/12/23 16:42,50.2,50.2,199,201,FALSE
2/12/23 16:44,50.2,50.3,187,196,FALSE
2/12/23 16:46,50.4,50.3,194,198,FALSE
2/12/23 16:48,50.1,50.1,190,194,FALSE
2/12/23 16:50,50.1,50.1,196,199,FALSE
2/12/23 16:52,50.2,50.2,197,199,FALSE
2/12/23 16:54,50,50.1,193,194,FALSE
2/12/23 16:56,50,50,189,193,FALSE
2/12/23 16:58,50.1,50,186,191,FALSE
2/12/23 17:00,50.3,50.2,187,192,FALSE
2/12/23 17:02,50,50,193,194,FALSE
2/12/23 17:04,50.1,50,197,198,FALSE
2/12/23 17:06,50,50,192,193,FALSE
2/12/23 17:08,50.2,50.2,192,194,FALSE
2/12/23 17:10,50,50,194,195,FALSE
2/12/23 17:12,50.1,50,194,196,FALSE
2/12/23 17:14,50.3,50.3,190,192,FALSE
2/12/23 17:16,50,50,197,198,FALSE
2/12/23 17:18,50,50.1,195,197,FALSE
2/12/23 17:20,50.1,50,196,197,FALSE
2/12/23 17:22,50.2,50.1,191,193,FALSE
2/12/23 17:24,50.1,50.2,190,192,FALSE
2/12/23 17:26,50.2,50.1,193,195,FALSE
2/12/23 17:28,50.2,50.2,197,199,FALSE
2/12/23 17:30,50.3,50.3,197,199,FALSE
2/12/23 17:32,50.1,50.1,195,197,FALSE
2/12/23 17:34,50.2,50.2,190,192,FALSE
2/12/23 17:36,49.9,49.9,196,199,FALSE
2/12/23 17:38,50.2,50.2,193,195,FALSE
2/12/23 17:40,50.1,50.1,194,197,FALSE
2/12/23 17:42,50.1,50.1,193,196,FALSE
2/12/23 17:44,50.2,50.2,190,192,FALSE
2/12/23 17:46,50,50,191,192,FALSE
2/12/23 17:48,50.1,50.1,194,195,FALSE
2/12/23 17:50,50.1,50,192,194,FALSE
2/12/23 17:52,50.1,50.1,194,197,FALSE
2/12/23 17:54,50.2,50.2,194,196,FALSE
2/12/23 17:56,49.9,49.9,195,197,FALSE
2/12/23 17:58,50,50,198,199,FALSE
2/12/23 18:00,49.9,49.9,197,199,FALSE
2/12/23 18:02,50,50.1,194,196,FALSE
2/12/23 18:04,50.1,50.1,194,197,FALSE
2/12/23 18:06,50,50,195,194,FALSE
2/12/23 18:08,49.8,49.8,196,197,FALSE
2/12/23 18:10,49.9,50,200,200,FALSE
2/12/23 18:12,50,50,197,199,FALSE
2/12/23 18:14,50.1,50.1,198,200,FALSE
2/12/23 18:16,50.1,49.9,195,196,FALSE
2/12/23 18:18,50.1,50.1,196,200,FALSE
2/12/23 18:20,50.3,50.3,194,194,FALSE
2/12/23 18:22,50.4,50.3,196,198,FALSE
2/12/23 18:24,50.1,50.1,198,198,FALSE
2/12/23 18:26,50.3,50.3,196,197,FALSE
2/12/23 18:28,50.2,50.3,199,202,FALSE
2/12/23 18:30,50.2,50.1,199,199,FALSE
2/12/23 18:32,50.3,50.2,197,197,FALSE
2/12/23 18:34,50.2,50.2,192,194,FALSE
2/12/23 18:36,50,50.1,188,192,FALSE
2/12/23 18:38,50.2,50.1,189,194,FALSE
2/12/23 18:40,50.1,50.1,190,194,FALSE
2/12/23 18:42,50.1,50.2,187,192,FALSE
2/12/23 18:44,50.2,50.2,194,195,FALSE
2/12/23 18:46,50.1,50.1,190,194,FALSE
2/12/23 18:48,50,50.1,185,188,FALSE
2/12/23 18:50,50.1,50.1,187,192,FALSE
2/12/23 18:52,50,50,188,192,FALSE
2/12/23 18:54,50.3,50.3,193,194,FALSE
2/12/23 18:56,50.2,50.2,186,190,FALSE
2/12/23 18:58,50.3,50.4,185,188,FALSE
2/12/23 19:00,50.3,50.4,185,189,FALSE
2/12/23 19:02,50.3,50.2,188,192,FALSE
2/12/23 19:04,50.3,50.4,190,192,FALSE
2/12/23 19:06,50.2,50.3,185,189,FALSE
2/12/23 19:08,50.2,50.3,185,190,FALSE
2/12/23 19:10,50.4,50.4,186,189,FALSE
2/12/23 19:12,50.4,50.3,190,194,FALSE
2/12/23 19:14,50.3,50.4,190,194,FALSE
2/12/23 19:16,50.3,50.3,192,194,FALSE
2/12/23 19:18,50.2,50.2,190,192,FALSE
2/12/23 19:20,50.3,50.4,188,192,FALSE
2/12/23 19:22,50,50.1,186,190,FALSE
2/12/23 19:24,50.2,50.2,187,190,FALSE
2/12/23 19:26,50.3,50.3,190,193,FALSE
2/12/23 19:28,50.3,50.4,194,194,FALSE
2/12/23 19:30,50.3,50.2,191,192,FALSE
2/12/23 19:32,50.2,50.3,192,193,FALSE
2/12/23 19:34,50.4,50.4,190,192,FALSE
2/12/23 19:36,50.3,50.3,187,190,FALSE
2/12/23 19:38,50.2,50.3,184,188,FALSE
2/12/23 19:40,50.3,50.3,186,187,FALSE
2/12/23 19:42,50.2,50.3,182,185,FALSE
2/12/23 19:44,50.3,50.2,185,186,FALSE
2/12/23 19:46,50.3,50.2,188,190,FALSE
2/12/23 19:48,50.5,50.5,191,192,FALSE
2/12/23 19:50,50.2,50.3,190,193,FALSE
2/12/23 19:52,50.3,50.3,189,190,FALSE
2/12/23 19:54,50.6,50.7,192,193,FALSE
2/12/23 19:56,50.3,50.2,190,192,FALSE
2/12/23 19:58,50.3,50.3,192,194,FALSE
2/12/23 20:00,50.5,50.5,193,195,FALSE
2/12/23 20:02,50.5,50.5,197,199,FALSE
2/12/23 20:04,50.5,50.5,197,197,FALSE
2/12/23 20:06,50.4,50.3,194,197,FALSE
2/12/23 20:08,50.6,50.5,194,196,FALSE
2/12/23 20:10,50.5,50.5,196,197,FALSE
2/12/23 20:12,50.4,50.4,194,196,FALSE
2/12/23 20:14,50.7,50.6,194,196,FALSE
2/12/23 20:16,50.4,50.4,195,196,FALSE
2/12/23 20:18,50.2,50.2,195,196,FALSE
2/12/23 20:20,50.3,50.4,193,195,FALSE
2/12/23 20:22,50.2,50.3,195,197,FALSE
2/12/23 20:24,50.2,50.2,195,197,FALSE
2/12/23 20:26,50.2,50.2,187,192,FALSE
2/12/23 20:28,50.2,50.2,189,192,FALSE
2/12/23 20:30,50.4,50.3,195,197,FALSE
2/12/23 20:32,50.2,50.3,194,197,FALSE
2/12/23 20:34,50.2,50.2,194,196,FALSE
2/12/23 20:36,50.1,50.2,196,198,FALSE
2/12/23 20:38,50.3,50.2,196,199,FALSE
2/12/23 20:40,50.3,50.3,196,197,FALSE
2/12/23 20:42,50.1,50.1,194,196,FALSE
2/12/23 20:44,50.3,50.4,197,201,FALSE
2/12/23 20:46,50.2,50.2,198,202,FALSE
2/12/23 20:48,50.4,50.3,199,203,FALSE
2/12/23 20:50,50.2,50.1,196,198,FALSE
2/12/23 20:52,50.4,50.4,197,198,FALSE
2/12/23 20:54,50.4,50.4,197,198,FALSE
2/12/23 20:56,50.4,50.4,192,194,FALSE
2/12/23 20:58,50,50.1,187,192,FALSE
2/12/23 21:00,50.3,50.3,192,193,FALSE
2/12/23 21:02,50.3,50.2,194,197,FALSE
2/12/23 21:04,50.2,50.2,197,201,FALSE
2/12/23 21:06,50.4,50.4,197,201,FALSE
2/12/23 21:08,50.3,50.4,197,202,FALSE
2/12/23 21:10,50.4,50.3,197,200,FALSE
2/12/23 21:12,50.2,50.2,196,201,FALSE
2/12/23 21:14,50.5,50.5,197,199,FALSE
2/12/23 21:16,50.5,50.4,198,199,FALSE
2/12/23 21:18,50.3,50.2,199,201,FALSE
2/12/23 21:20,50.4,50.4,200,202,FALSE
2/12/23 21:22,50.2,50.3,204,206,FALSE
2/12/23 21:24,50.5,50.6,204,206,FALSE
2/12/23 21:26,50.5,50.5,202,204,FALSE
2/12/23 21:28,50.4,50.5,204,204,FALSE
2/12/23 21:30,50.5,50.5,202,204,FALSE
2/12/23 21:32,50.4,50.5,203,205,FALSE
2/12/23 21:34,50.3,50.3,202,202,FALSE
2/12/23 21:36,50.4,50.5,205,208,FALSE
2/12/23 21:38,50.6,50.6,201,202,FALSE
2/12/23 21:40,50.4,50.4,203,204,FALSE
2/12/23 21:42,50.4,50.5,201,204,FALSE
2/12/23 21:44,50.4,50.4,204,207,FALSE
2/12/23 21:46,50.5,50.4,207,209,FALSE
2/12/23 21:48,50.4,50.4,205,207,FALSE
2/12/23 21:50,50.5,50.5,203,205,FALSE
2/12/23 21:52,50.5,50.5,204,206,FALSE
2/12/23 21:54,50.5,50.5,204,205,FALSE
2/12/23 21:56,50.6,50.6,206,208,FALSE
2/12/23 21:58,50.5,50.5,207,209,FALSE
2/12/23 22:00,50.4,50.4,206,207,FALSE
2/12/23 22:02,50.6,50.6,207,209,FALSE
2/12/23 22:04,50.6,50.6,209,211,FALSE
2/12/23 22:06,50.5,50.5,207,208,FALSE
2/12/23 22:08,50.6,50.6,206,208,FALSE
2/12/23 22:10,50.5,50.5,207,209,FALSE
2/12/23 22:12,50.5,50.5,207,210,FALSE
2/12/23 22:14,50.5,50.4,207,209,FALSE
2/12/23 22:16,50.4,50.5,209,211,FALSE
2/12/23 22:18,50.4,50.5,208,210,FALSE
2/12/23 22:20,50.5,50.5,208,210,FALSE
2/12/23 22:22,50.5,50.5,209,211,FALSE
2/12/23 22:24,50.6,50.6,209,211,FALSE
2/12/23 22:26,50.7,50.6,211,214,FALSE
2/12/23 22:28,50.7,50.6,211,213,FALSE
2/12/23 22:30,50.6,50.5,206,209,FALSE
2/12/23 22:32,50.7,50.7,211,214,FALSE
2/12/23 22:34,50.6,50.7,212,214,FALSE
2/12/23 22:36,50.6,50.6,214,216,FALSE
2/12/23 22:38,50.6,50.6,211,214,FALSE
2/12/23 22:40,50.8,50.7,212,214,FALSE
2/12/23 22:42,50.7,50.7,215,217,FALSE
2/12/23 22:44,50.7,50.7,214,217,FALSE
2/12/23 22:46,50.6,50.6,215,217,FALSE
2/12/23 22:48,50.7,50.7,217,219,FALSE
2/12/23 22:50,50.9,50.8,216,219,FALSE
2/12/23 22:52,50.7,50.7,219,220,FALSE
2/12/23 22:54,50.8,50.8,219,221,FALSE
2/12/23 22:56,50.9,50.9,219,221,FALSE
2/12/23 22:58,50.9,50.8,221,223,FALSE
2/12/23 23:00,50.8,50.8,221,222,FALSE
2/12/23 23:02,50.7,50.7,221,223,FALSE
2/12/23 23:04,50.6,50.6,212,219,FALSE
2/12/23 23:06,50.9,50.9,211,219,FALSE
2/12/23 23:08,50.7,50.8,221,223,FALSE
2/12/23 23:10,50.7,50.7,219,219,FALSE
2/12/23 23:12,50.7,50.7,222,223,FALSE
2/12/23 23:14,50.8,50.9,221,223,FALSE
2/12/23 23:16,50.9,50.9,222,223,FALSE
2/12/23 23:18,50.7,50.8,222,223,FALSE
2/12/23 23:20,50.7,50.7,221,223,FALSE
2/12/23 23:22,50.8,50.7,222,223,FALSE
2/12/23 23:24,50.9,50.9,223,223,FALSE
2/12/23 23:26,50.8,50.8,221,223,FALSE
2/12/23 23:28,50.9,50.8,223,224,FALSE
2/12/23 23:30,50.9,50.9,223,224,FALSE
2/12/23 23:32,50.6,50.6,221,223,FALSE
2/12/23 23:34,51,51,223,223,FALSE
2/12/23 23:36,50.8,50.8,223,224,FALSE
2/12/23 23:38,50.6,50.7,222,224,FALSE
2/12/23 23:40,50.7,50.7,218,222,FALSE
2/12/23 23:42,50.9,50.8,225,226,FALSE
2/12/23 23:44,50.8,50.9,225,227,FALSE
2/12/23 23:46,50.8,50.8,226,227,FALSE
2/12/23 23:48,50.7,50.7,222,223,FALSE
2/12/23 23:50,50.9,50.9,225,227,FALSE
2/12/23 23:52,50.8,50.8,223,225,FALSE
2/12/23 23:54,50.9,50.9,225,226,FALSE
2/12/23 23:56,50.9,50.9,213,218,FALSE
2/12/23 23:58,50.7,50.7,222,223,FALSE
2/13/23 0:00,51,51,221,223,FALSE
2/13/23 0:02,50.7,50.7,220,222,FALSE
2/13/23 0:04,50.9,50.8,221,222,FALSE
2/13/23 0:06,50.9,50.9,226,226,FALSE
2/13/23 0:08,50.8,50.8,223,226,FALSE
2/13/23 0:10,50.9,50.9,226,227,FALSE
2/13/23 0:12,50.9,50.9,226,227,FALSE
2/13/23 0:14,50.3,50.3,223,226,FALSE
2/13/23 0:16,50.3,50.3,226,227,FALSE
2/13/23 0:18,50.3,50.3,226,227,FALSE
2/13/23 0:20,50.3,50.3,225,227,FALSE
2/13/23 0:22,50.3,50.3,227,228,FALSE
2/13/23 0:24,50.4,50.3,227,228,FALSE
2/13/23 0:26,50.4,50.4,226,227,FALSE
2/13/23 0:28,50.4,50.3,227,228,FALSE
2/13/23 0:30,50.3,50.4,227,228,FALSE
2/13/23 0:32,50.3,50.4,226,227,FALSE
2/13/23 0:34,50.2,50.3,226,227,FALSE
2/13/23 0:36,50.3,50.4,223,225,FALSE
2/13/23 0:38,50.3,50.3,223,226,FALSE
2/13/23 0:40,50.4,50.4,226,227,FALSE
2/13/23 0:42,50.3,50.3,226,228,FALSE
2/13/23 0:44,50.3,50.2,224,226,FALSE
2/13/23 0:46,50.5,50.5,227,228,FALSE
2/13/23 0:48,50.3,50.3,227,228,FALSE
2/13/23 0:50,50.5,50.4,226,228,FALSE
2/13/23 0:52,50.3,50.3,227,229,FALSE
2/13/23 0:54,50.3,50.3,228,229,FALSE
2/13/23 0:56,50.5,50.5,227,229,FALSE
2/13/23 0:58,50.4,50.4,227,229,FALSE
2/13/23 1:00,50.4,50.3,228,229,FALSE
2/13/23 1:02,50.4,50.5,227,229,FALSE
2/13/23 1:04,50.5,50.4,228,230,FALSE
2/13/23 1:06,50.4,50.4,226,226,FALSE
2/13/23 1:08,50.4,50.3,223,226,FALSE
2/13/23 1:10,50.4,50.4,228,229,FALSE
2/13/23 1:12,50.3,50.2,228,229,FALSE
2/13/23 1:14,50.3,50.3,227,229,FALSE
2/13/23 1:16,50.4,50.4,228,229,FALSE
2/13/23 1:18,50.2,50.3,228,229,FALSE
2/13/23 1:20,50.5,50.4,227,228,FALSE
2/13/23 1:22,50.4,50.4,226,226,FALSE
2/13/23 1:24,50.3,50.3,228,229,FALSE
2/13/23 1:26,50.5,50.6,229,231,FALSE
2/13/23 1:28,50.3,50.3,230,231,FALSE
2/13/23 1:30,50.4,50.4,229,231,FALSE
2/13/23 1:32,50.4,50.4,228,230,FALSE
2/13/23 1:34,50.3,50.3,229,231,FALSE
2/13/23 1:36,50.7,50.6,230,231,FALSE
2/13/23 1:38,50.3,50.3,228,230,FALSE
2/13/23 1:40,50.4,50.4,229,231,FALSE
2/13/23 1:42,50.5,50.6,230,231,FALSE
2/13/23 1:44,50.3,50.3,228,231,FALSE
2/13/23 1:46,50.3,50.3,230,231,FALSE
2/13/23 1:48,50.5,50.5,231,232,FALSE
2/13/23 1:50,50.2,50.2,229,231,FALSE
2/13/23 1:52,50.3,50.3,231,232,FALSE
2/13/23 1:54,50.5,50.5,231,232,FALSE
2/13/23 1:56,50.6,50.5,230,231,FALSE
2/13/23 1:58,50.5,50.5,227,228,FALSE
2/13/23 2:00,50.3,50.3,226,227,FALSE
2/13/23 2:02,50.2,50.2,228,230,FALSE
2/13/23 2:04,50.3,50.3,229,231,FALSE
2/13/23 2:06,50.4,50.5,228,229,FALSE
2/13/23 2:08,50.4,50.3,228,230,FALSE
2/13/23 2:10,50.5,50.5,231,231,FALSE
2/13/23 2:12,50.5,50.5,229,231,FALSE
2/13/23 2:14,50.3,50.2,228,228,FALSE
2/13/23 2:16,50.4,50.4,229,231,FALSE
2/13/23 2:18,50.4,50.4,229,230,FALSE
2/13/23 2:20,50.5,50.5,222,224,FALSE
2/13/23 2:22,50.4,50.5,227,228,FALSE
2/13/23 2:24,50.3,50.3,228,230,FALSE
2/13/23 2:26,50.4,50.4,228,231,FALSE
2/13/23 2:28,50.4,50.5,229,231,FALSE
2/13/23 2:30,50.3,50.4,229,231,FALSE
2/13/23 2:32,50.5,50.5,229,231,FALSE
2/13/23 2:34,50.3,50.4,230,231,FALSE
2/13/23 2:36,50.4,50.4,228,231,FALSE
2/13/23 2:38,50.3,50.4,228,231,FALSE
2/13/23 2:40,50.4,50.4,230,231,FALSE
2/13/23 2:42,50.5,50.5,229,231,FALSE
2/13/23 2:44,50.4,50.4,228,231,FALSE
2/13/23 2:46,50.5,50.5,231,233,FALSE
2/13/23 2:48,50.4,50.4,231,233,FALSE
2/13/23 2:50,50.2,50.2,230,232,FALSE
2/13/23 2:52,50.5,50.5,231,233,FALSE
2/13/23 2:54,50.3,50.3,230,232,FALSE
2/13/23 2:56,50.5,50.6,230,232,FALSE
2/13/23 2:58,50.3,50.3,231,233,FALSE
2/13/23 3:00,50.6,50.5,231,233,FALSE
2/13/23 3:02,50.4,50.4,231,232,FALSE
2/13/23 3:04,50.5,50.4,232,233,FALSE
2/13/23 3:06,50.4,50.5,231,233,FALSE
2/13/23 3:08,50.4,50.4,231,232,FALSE
2/13/23 3:10,50.4,50.4,232,233,FALSE
2/13/23 3:12,50.5,50.5,230,231,FALSE
2/13/23 3:14,50.4,50.4,231,232,FALSE
2/13/23 3:16,50.5,50.5,231,232,FALSE
2/13/23 3:18,50.3,50.4,231,232,FALSE
2/13/23 3:20,50.7,50.7,230,231,FALSE
2/13/23 3:22,50.3,50.4,231,232,FALSE
2/13/23 3:24,50.3,50.3,229,231,FALSE
2/13/23 3:26,50.4,50.4,226,228,FALSE
2/13/23 3:28,50.4,50.4,228,228,FALSE
2/13/23 3:30,50.4,50.3,229,231,FALSE
2/13/23 3:32,50.4,50.4,231,231,FALSE
2/13/23 3:34,50.5,50.5,231,232,FALSE
2/13/23 3:36,50.5,50.4,229,229,FALSE
2/13/23 3:38,50.6,50.6,231,232,FALSE
2/13/23 3:40,50.4,50.4,231,232,FALSE
2/13/23 3:42,50.3,50.3,228,228,FALSE
2/13/23 3:44,50.3,50.4,231,232,FALSE
2/13/23 3:46,50.4,50.4,232,233,FALSE
2/13/23 3:48,50.5,50.5,227,229,FALSE
2/13/23 3:50,50.4,50.5,231,233,FALSE
2/13/23 3:52,50.5,50.5,231,233,FALSE
2/13/23 3:54,50.3,50.4,227,229,FALSE
2/13/23 3:56,50.3,50.3,231,233,FALSE
2/13/23 3:58,50.4,50.3,231,232,FALSE
2/13/23 4:00,50.5,50.6,228,230,FALSE
2/13/23 4:02,50.4,50.4,231,233,FALSE
2/13/23 4:04,50.4,50.4,231,232,FALSE
2/13/23 4:06,50.4,50.4,230,231,FALSE
2/13/23 4:08,50.4,50.4,231,232,FALSE
2/13/23 4:10,50.4,50.4,233,234,FALSE
2/13/23 4:12,50.4,50.4,231,233,FALSE
2/13/23 4:14,50.3,50.3,232,233,FALSE
2/13/23 4:16,50.5,50.5,232,233,FALSE
2/13/23 4:18,50.3,50.3,231,233,FALSE
2/13/23 4:20,50.4,50.4,230,231,FALSE
2/13/23 4:22,50.4,50.4,232,233,FALSE
2/13/23 4:24,50.5,50.4,231,232,FALSE
2/13/23 4:26,50.4,50.3,232,233,FALSE
2/13/23 4:28,50.4,50.3,231,232,FALSE
2/13/23 4:30,50.5,50.5,229,232,FALSE
2/13/23 4:32,50.3,50.4,231,232,FALSE
2/13/23 4:34,50.5,50.5,232,233,FALSE
2/13/23 4:36,50.5,50.5,224,226,FALSE
2/13/23 4:38,50.3,50.3,225,226,FALSE
2/13/23 4:40,50.4,50.5,225,226,FALSE
2/13/23 4:42,50.4,50.4,223,225,FALSE
2/13/23 4:44,50.4,50.4,227,228,FALSE
2/13/23 4:46,50.4,50.3,230,231,FALSE
2/13/23 4:48,50.3,50.4,226,228,FALSE
2/13/23 4:50,50.4,50.4,231,232,FALSE
2/13/23 4:52,50.4,50.4,230,231,FALSE
2/13/23 4:54,50.3,50.3,228,231,FALSE
2/13/23 4:56,50.3,50.3,229,231,FALSE
2/13/23 4:58,50.4,50.4,230,231,FALSE
2/13/23 5:00,50.5,50.5,229,231,FALSE
2/13/23 5:02,50.3,50.3,229,231,FALSE
2/13/23 5:04,50.2,50.3,229,230,FALSE
2/13/23 5:06,50.3,50.4,227,229,FALSE
2/13/23 5:08,50.3,50.3,229,230,FALSE
2/13/23 5:10,50.3,50.3,229,231,FALSE
2/13/23 5:12,50.4,50.4,228,229,FALSE
2/13/23 5:14,50.4,50.3,229,230,FALSE
2/13/23 5:16,50.4,50.3,230,231,FALSE
2/13/23 5:18,50.4,50.3,228,230,FALSE
2/13/23 5:20,50.4,50.4,229,231,FALSE
2/13/23 5:22,50.3,50.3,228,230,FALSE
2/13/23 5:24,50.4,50.4,228,230,FALSE
2/13/23 5:26,50.2,50.2,229,231,FALSE
2/13/23 5:28,50.3,50.3,227,230,FALSE
2/13/23 5:30,50.3,50.2,226,228,FALSE
2/13/23 5:32,50.2,50.3,229,230,FALSE
2/13/23 5:34,50.3,50.3,228,231,FALSE
2/13/23 5:36,50.2,50.2,229,231,FALSE
2/13/23 5:38,50.2,50.3,224,226,FALSE
2/13/23 5:40,50.3,50.2,222,224,FALSE
2/13/23 5:42,50.2,50.2,225,227,FALSE
2/13/23 5:44,50.2,50.2,227,228,FALSE
2/13/23 5:46,50.3,50.3,230,231,FALSE
2/13/23 5:48,50.3,50.3,230,231,FALSE
2/13/23 5:50,50.3,50.2,228,228,FALSE
2/13/23 5:52,50.1,50.1,223,224,FALSE
2/13/23 5:54,50.3,50.3,223,226,FALSE
2/13/23 5:56,50.1,50.1,221,223,FALSE
2/13/23 5:58,50.1,50,226,228,FALSE
2/13/23 6:00,50.1,50.2,224,226,FALSE
2/13/23 6:02,50.1,50,221,221,FALSE
2/13/23 6:04,50.1,50.1,216,217,FALSE
2/13/23 6:06,50,50,216,219,FALSE
2/13/23 6:08,50.1,50,207,213,FALSE
2/13/23 6:10,50.1,50.1,209,214,FALSE
2/13/23 6:12,50.1,50.1,207,214,FALSE
2/13/23 6:14,50,50,206,213,FALSE
2/13/23 6:16,50,49.9,210,216,FALSE
2/13/23 6:18,50,50.1,207,214,FALSE
2/13/23 6:20,50.1,50.1,203,211,FALSE
2/13/23 6:22,49.9,49.9,207,213,FALSE
2/13/23 6:24,49.9,49.9,204,213,FALSE
2/13/23 6:26,50.2,50.2,197,205,FALSE
2/13/23 6:28,50,50.1,197,204,FALSE
2/13/23 6:30,50,50,199,206,FALSE
2/13/23 6:32,50.4,50.4,207,209,FALSE
2/13/23 6:34,50.3,50.2,202,207,FALSE
2/13/23 6:36,50.1,50.1,203,209,FALSE
2/13/23 6:38,50.3,50.2,202,208,FALSE
2/13/23 6:40,50.4,50.4,199,205,FALSE
2/13/23 6:42,50.1,50.2,199,208,FALSE
2/13/23 6:44,50.2,50.2,201,209,FALSE
2/13/23 6:46,50.3,50.3,207,211,FALSE
2/13/23 6:48,50.3,50.3,209,211,FALSE
2/13/23 6:50,50.4,50.4,215,217,FALSE
2/13/23 6:52,50.1,50.1,218,219,FALSE
2/13/23 6:54,50.4,50.4,216,219,FALSE
2/13/23 6:56,50.4,50.4,217,220,FALSE
2/13/23 6:58,50.4,50.4,211,214,FALSE
2/13/23 7:00,50.3,50.4,217,220,FALSE
2/13/23 7:02,50.5,50.4,216,217,FALSE
2/13/23 7:04,50.2,50.2,214,216,FALSE
2/13/23 7:06,50.2,50.3,206,211,FALSE
2/13/23 7:08,50.3,50.3,213,217,FALSE
2/13/23 7:10,50.4,50.3,215,220,FALSE
2/13/23 7:12,50.5,50.4,210,214,FALSE
2/13/23 7:14,50.4,50.4,209,211,FALSE
2/13/23 7:16,50,50.1,214,216,FALSE
2/13/23 7:18,50.2,50.3,211,214,FALSE
2/13/23 7:20,50.3,50.3,216,217,FALSE
2/13/23 7:22,50.2,50.3,213,214,FALSE
2/13/23 7:24,50.4,50.4,214,216,FALSE
2/13/23 7:26,50.2,50.3,215,216,FALSE
2/13/23 7:28,50.1,50.2,210,211,FALSE
2/13/23 7:30,50.4,50.5,205,207,FALSE
2/13/23 7:32,50.4,50.3,202,207,FALSE
2/13/23 7:34,50.2,50.2,206,207,FALSE
2/13/23 7:36,50.2,50.2,207,208,FALSE
2/13/23 7:38,50.3,50.3,206,207,FALSE
2/13/23 7:40,50.5,50.5,207,208,FALSE
2/13/23 7:42,50.2,50.2,203,206,FALSE
2/13/23 7:44,50.2,50.2,202,204,FALSE
2/13/23 7:46,50.1,50.1,200,202,FALSE
2/13/23 7:48,50.2,50.2,198,199,FALSE
2/13/23 7:50,50.3,50.3,200,201,FALSE
2/13/23 7:52,50.3,50.3,199,200,FALSE
2/13/23 7:54,50.5,50.4,194,196,FALSE
2/13/23 7:56,50.2,50.2,197,199,FALSE
2/13/23 7:58,50.4,50.3,187,189,FALSE
2/13/23 8:00,50.3,50.3,197,199,FALSE
2/13/23 8:02,50.4,50.4,203,204,FALSE
2/13/23 8:04,50.2,50.2,197,199,FALSE
2/13/23 8:06,50,50,200,203,FALSE
2/13/23 8:08,50.1,50.2,206,208,FALSE
2/13/23 8:10,50.3,50.3,204,207,FALSE
2/13/23 8:12,50.3,50.4,200,203,FALSE
2/13/23 8:14,50.3,50.3,205,208,FALSE
2/13/23 8:16,50.3,50.3,207,210,FALSE
2/13/23 8:18,50.1,50.1,205,209,FALSE
2/13/23 8:20,50.2,50.2,204,206,FALSE
2/13/23 8:22,50.3,50.3,203,205,FALSE
2/13/23 8:24,50.1,50.1,201,204,FALSE
2/13/23 8:26,50.5,50.5,210,212,FALSE
2/13/23 8:28,50.8,50.8,209,211,FALSE
2/13/23 8:30,50,50,207,209,FALSE
2/13/23 8:32,50.3,50.2,206,208,FALSE
2/13/23 8:34,50.2,50.2,209,211,FALSE
2/13/23 8:36,50.4,50.4,202,205,FALSE
2/13/23 8:38,50.1,50.1,204,207,FALSE
2/13/23 8:40,50.4,50.4,203,206,FALSE
2/13/23 8:42,50.2,50.2,198,201,FALSE
2/13/23 8:44,50.5,50.4,202,205,FALSE
2/13/23 8:46,50.2,50.1,197,199,FALSE
2/13/23 8:48,50.1,50,193,197,FALSE
2/13/23 8:50,50.3,50.3,199,202,FALSE
2/13/23 8:52,50.3,50.2,199,202,FALSE
2/13/23 8:54,50.3,50.3,196,199,FALSE
2/13/23 8:56,50.1,50.1,192,195,FALSE
2/13/23 8:58,50.1,50.1,193,196,FALSE
2/13/23 9:00,50.1,50.1,193,198,FALSE
2/13/23 9:02,50.3,50.3,191,197,FALSE
2/13/23 9:04,50,50,186,191,FALSE
2/13/23 9:06,50.2,50.2,190,194,FALSE
2/13/23 9:08,50.3,50.4,190,194,FALSE
2/13/23 9:10,50.3,50.3,194,197,FALSE
2/13/23 9:12,50.1,50.2,195,199,FALSE
2/13/23 9:14,49.8,49.9,192,196,FALSE
2/13/23 9:16,50.1,50,199,202,FALSE
2/13/23 9:18,50.1,50.1,188,192,FALSE
2/13/23 9:20,50.2,50.2,197,201,FALSE
2/13/23 9:22,50.3,50.4,195,198,FALSE
2/13/23 9:24,50.2,50.2,188,194,FALSE
2/13/23 9:26,50.1,50,192,198,FALSE
2/13/23 9:28,50,50,192,197,FALSE
2/13/23 9:30,50.3,50.3,182,189,FALSE
2/13/23 9:32,50.5,50.4,182,187,FALSE
2/13/23 9:34,50.2,50.2,185,191,FALSE
2/13/23 9:36,50.1,50.1,186,193,FALSE
2/13/23 9:38,50.1,50.1,192,198,FALSE
2/13/23 9:40,50.1,50.2,189,194,FALSE
2/13/23 9:42,50.2,50.2,199,203,FALSE
2/13/23 9:44,50.1,50,195,199,FALSE
2/13/23 9:46,50.3,50.3,196,199,FALSE
2/13/23 9:48,49.9,49.9,196,199,FALSE
2/13/23 9:50,50,50,188,192,FALSE
2/13/23 9:52,50,49.9,187,190,FALSE
2/13/23 9:54,49.8,49.8,184,187,FALSE
2/13/23 9:56,49.9,49.9,180,183,FALSE
2/13/23 9:58,50.3,50.2,177,181,FALSE
2/13/23 10:00,50,50.1,178,181,FALSE
2/13/23 10:02,49.9,49.9,178,182,FALSE
2/13/23 10:04,50.1,50.1,182,186,FALSE
2/13/23 10:06,49.7,49.7,178,180,FALSE
2/13/23 10:08,50,50,189,193,FALSE
2/13/23 10:10,50.2,50.1,183,186,FALSE
2/13/23 10:12,50,50.1,185,187,FALSE
2/13/23 10:14,50.2,50.2,186,190,FALSE
2/13/23 10:16,50.1,50,186,189,FALSE
2/13/23 10:18,50,50,188,191,FALSE
2/13/23 10:20,49.9,49.9,184,188,FALSE
2/13/23 10:22,50.2,50.2,187,190,FALSE
2/13/23 10:24,50,50,184,187,FALSE
2/13/23 10:26,50.2,50.2,184,188,FALSE
2/13/23 10:28,50,50,175,179,FALSE
2/13/23 10:30,50.2,50.2,177,181,FALSE
2/13/23 10:32,50,50,177,182,FALSE
2/13/23 10:34,49.9,50,176,180,FALSE
2/13/23 10:36,49.8,49.8,175,178,FALSE
2/13/23 10:38,50,50,178,182,FALSE
2/13/23 10:40,50,50.1,181,185,FALSE
2/13/23 10:42,50,50,179,183,FALSE
2/13/23 10:44,50.1,50.1,180,186,FALSE
2/13/23 10:46,50,49.9,180,183,FALSE
2/13/23 10:48,49.9,49.9,171,175,FALSE
2/13/23 10:50,49.8,49.8,170,175,FALSE
2/13/23 10:52,49.8,49.8,168,171,FALSE
2/13/23 10:54,49.9,49.9,178,182,FALSE
2/13/23 10:56,50.3,50.2,175,180,FALSE
2/13/23 10:58,49.9,49.9,227,234,TRUE
2/13/23 11:00,50.1,50.2,226,233,TRUE
2/13/23 11:02,50,50,225,232,TRUE
2/13/23 11:04,50,50.1,227,232,TRUE
2/13/23 11:06,50,50,226,232,TRUE
2/13/23 11:08,50.1,50.2,226,232,TRUE
2/13/23 11:10,50.2,50.1,227,232,TRUE
2/13/23 11:12,50.1,50,226,233,TRUE
2/13/23 11:14,50.1,50,226,232,TRUE
2/13/23 11:16,50.1,50,227,231,TRUE
2/13/23 11:18,50.2,50.2,226,232,TRUE
2/13/23 11:20,50.1,50.1,226,232,TRUE
2/13/23 11:22,50.2,50.2,227,232,TRUE
2/13/23 11:24,50.2,50.2,226,233,TRUE
2/13/23 11:26,50.2,50.1,226,233,TRUE
2/13/23 11:28,50.3,50.3,228,233,TRUE
2/13/23 11:30,50.4,50.4,227,233,TRUE
2/13/23 11:32,50.3,50.4,227,233,TRUE
2/13/23 11:34,50.4,50.5,227,233,TRUE
2/13/23 11:36,50.2,50.3,226,233,TRUE
2/13/23 11:38,50.2,50.2,223,233,TRUE
2/13/23 11:40,50.3,50.2,224,233,TRUE
2/13/23 11:42,50.5,50.5,223,233,TRUE
2/13/23 11:44,50.5,50.5,223,233,TRUE
2/13/23 11:46,50.5,50.6,228,234,TRUE
2/13/23 11:48,50.6,50.6,228,234,TRUE
2/13/23 11:50,50.6,50.6,227,233,TRUE
2/13/23 11:52,50.6,50.6,227,234,TRUE
2/13/23 11:54,50.6,50.7,227,233,TRUE
2/13/23 11:56,50.4,50.6,226,233,TRUE
2/13/23 11:58,50.5,50.5,227,233,TRUE
2/13/23 12:00,50.6,50.7,228,233,TRUE
2/13/23 12:02,50.5,50.5,227,233,TRUE
2/13/23 12:04,50.4,50.4,223,233,TRUE
2/13/23 12:06,50.5,50.5,224,233,TRUE
2/13/23 12:08,50.4,50.3,223,233,TRUE
2/13/23 12:10,50.5,50.5,227,234,TRUE
2/13/23 12:12,50.6,50.5,228,234,TRUE
2/13/23 12:14,50.4,50.4,224,233,TRUE
2/13/23 12:16,50.1,50,226,233,TRUE
2/13/23 12:18,50,50,227,232,TRUE
2/13/23 12:20,49.9,50,225,232,TRUE
2/13/23 12:22,50,50.1,226,233,TRUE
2/13/23 12:24,50,50,228,233,TRUE
2/13/23 12:26,50.1,50,226,232,TRUE
2/13/23 12:28,50,50.1,226,233,TRUE
2/13/23 12:30,50.1,50.1,228,233,TRUE
2/13/23 12:32,50,50.1,226,233,TRUE
2/13/23 12:34,50,50,227,233,TRUE
2/13/23 12:36,49.9,50.1,227,233,TRUE
2/13/23 12:38,50.2,50.2,227,233,TRUE
2/13/23 12:40,49.9,50,226,233,TRUE
2/13/23 12:42,50,50.1,228,233,TRUE
2/13/23 12:44,50.1,50,228,233,TRUE
2/13/23 12:46,50.1,50,226,233,TRUE
2/13/23 12:48,50.2,50.2,228,233,TRUE
2/13/23 12:50,49.9,50,226,233,TRUE
2/13/23 12:52,50,50.1,226,233,TRUE
2/13/23 12:54,49.8,49.8,223,232,TRUE
2/13/23 12:56,49.8,49.9,224,233,TRUE
2/13/23 12:58,50,49.9,226,233,TRUE
2/13/23 13:00,50.1,50,227,233,TRUE
2/13/23 13:02,49.9,49.8,227,235,TRUE
2/13/23 13:04,49.8,49.8,226,234,TRUE
2/13/23 13:06,49.8,49.8,226,234,TRUE
2/13/23 13:08,49.8,49.8,227,234,TRUE
2/13/23 13:10,50,50.1,227,233,TRUE
2/13/23 13:12,49.9,50,226,233,TRUE
2/13/23 13:14,49.9,50.1,226,233,TRUE
2/13/23 13:16,50.1,50.1,227,233,TRUE
2/13/23 13:18,50,50.1,227,233,TRUE
2/13/23 13:20,50.1,50.1,228,233,TRUE
2/13/23 13:22,50,50,224,232,TRUE
2/13/23 13:24,50.1,50.1,228,233,TRUE
2/13/23 13:26,50,50,228,233,TRUE
2/13/23 13:28,50.2,50.2,226,233,TRUE
2/13/23 13:30,50.3,50.4,227,233,TRUE
2/13/23 13:32,50.5,50.4,228,234,TRUE
2/13/23 13:34,50.3,50.3,230,236,TRUE
2/13/23 13:36,50.4,50.4,228,234,TRUE
2/13/23 13:38,50.6,50.4,228,233,TRUE
2/13/23 13:40,50.5,50.6,228,234,TRUE
2/13/23 13:42,50.5,50.5,228,233,TRUE
2/13/23 13:44,50.4,50.4,230,235,TRUE
2/13/23 13:46,50.4,50.2,229,235,TRUE
2/13/23 13:48,50.8,50.8,229,236,TRUE
2/13/23 13:50,50.6,50.7,229,235,TRUE
2/13/23 13:52,50.6,50.6,229,235,TRUE
2/13/23 13:54,50.7,50.7,228,234,TRUE
2/13/23 13:56,50.6,50.7,228,234,TRUE
2/13/23 13:58,50.6,50.7,228,234,TRUE
2/13/23 14:00,50.8,50.7,228,234,TRUE
2/13/23 14:02,49.6,49.6,171,176,FALSE
2/13/23 14:04,50,50,181,185,FALSE
2/13/23 14:06,49.8,49.8,180,183,FALSE
2/13/23 14:08,50,50,182,187,FALSE
2/13/23 14:10,50.1,50.1,179,182,FALSE
2/13/23 14:12,49.7,49.8,183,188,FALSE
2/13/23 14:14,5618,4386,0,0,FALSE
2/13/23 14:16,1715,6536,0,0,FALSE
2/13/23 14:18,4367,3268,0,0,FALSE
2/13/23 14:20,50.2,50.4,231,237,TRUE
2/13/23 14:22,50,50.1,227,234,TRUE
2/13/23 14:24,50,50,228,234,TRUE
2/13/23 14:26,50,50,228,234,TRUE
2/13/23 14:28,49.8,49.8,227,233,TRUE
2/13/23 14:30,50.1,49.9,227,233,TRUE
2/13/23 14:32,49.9,49.9,228,233,TRUE
2/13/23 14:34,49.8,49.7,226,232,TRUE
2/13/23 14:36,49.8,49.9,227,233,TRUE
2/13/23 14:38,49.8,49.8,228,233,TRUE
2/13/23 14:40,50,50,228,233,TRUE
2/13/23 14:42,49.9,49.8,225,232,TRUE
2/13/23 14:44,50,50,226,233,TRUE
2/13/23 14:46,49.9,49.9,227,233,TRUE
2/13/23 14:48,50,50,226,233,TRUE
2/13/23 14:50,50,50,226,232,TRUE
2/13/23 14:52,49.8,49.8,227,233,TRUE
2/13/23 14:54,49.9,50,226,233,TRUE
2/13/23 14:56,49.8,49.8,226,233,TRUE
2/13/23 14:58,49.8,49.8,227,233,TRUE
2/13/23 15:00,49.8,49.7,223,232,TRUE
2/13/23 15:02,49.7,49.7,223,232,TRUE
2/13/23 15:04,49.9,49.9,224,233,TRUE
2/13/23 15:06,50,50,226,233,TRUE
2/13/23 15:08,50.1,50,226,233,TRUE
2/13/23 15:10,49.9,49.9,228,233,TRUE
2/13/23 15:12,49.9,50,227,233,TRUE
2/13/23 15:14,49.8,49.8,227,233,TRUE
2/13/23 15:16,49.9,49.9,228,233,TRUE
2/13/23 15:18,50,50,228,233,TRUE
2/13/23 15:20,50,49.9,227,233,TRUE
2/13/23 15:22,49.9,49.9,227,233,TRUE
2/13/23 15:24,49.8,49.9,227,233,TRUE
2/13/23 15:26,50,50,228,233,TRUE
2/13/23 15:28,49.9,50.1,225,232,TRUE
2/13/23 15:30,49.9,50.1,227,233,TRUE
2/13/23 15:32,49.9,49.8,226,232,TRUE
2/13/23 15:34,49.8,49.9,226,233,TRUE
2/13/23 15:36,49.9,49.9,227,233,TRUE
2/13/23 15:38,49.9,49.9,226,233,TRUE
2/13/23 15:40,49.9,49.8,226,232,TRUE
2/13/23 15:42,50.1,50,228,233,TRUE
2/13/23 15:44,50.3,50.2,227,234,TRUE
2/13/23 15:46,50.2,50.3,229,236,TRUE
2/13/23 15:48,50.3,50.2,231,236,TRUE
2/13/23 15:50,50.2,50.3,230,236,TRUE
2/13/23 15:52,50.3,50.3,230,236,TRUE
2/13/23 15:54,50.4,50.5,231,236,TRUE
2/13/23 15:56,50.3,50.3,229,235,TRUE
2/13/23 15:58,50.3,50.4,228,235,TRUE
2/13/23 16:00,50.5,50.5,230,236,TRUE
2/13/23 16:02,50.6,50.6,230,236,TRUE
2/13/23 16:04,50.7,50.7,231,237,TRUE
2/13/23 16:06,49.9,50,175,161,FALSE
2/13/23 16:08,50.1,50.1,198,201,FALSE
2/13/23 16:10,50.2,50.1,197,200,FALSE
2/13/23 16:12,50.1,50,188,191,FALSE
2/13/23 16:14,49.9,49.9,193,197,FALSE
2/13/23 16:16,50.2,50.2,189,192,FALSE
2/13/23 16:18,50,49.9,190,193,FALSE
2/13/23 16:20,50.1,50.1,189,192,FALSE
2/13/23 16:22,49.9,49.9,192,196,FALSE
2/13/23 16:24,50.1,50,189,192,FALSE
2/13/23 16:26,50.2,50.1,187,190,FALSE
2/13/23 16:28,50,50,181,184,FALSE
2/13/23 16:30,50,50,182,185,FALSE
2/13/23 16:32,50,49.9,180,184,FALSE
2/13/23 16:34,50.1,50.1,182,187,FALSE
2/13/23 16:36,50.2,50.2,190,194,FALSE
2/13/23 16:38,50.1,50.1,190,193,FALSE
2/13/23 16:40,50.3,50.3,185,189,FALSE
2/13/23 16:42,50.3,50.3,190,194,FALSE
2/13/23 16:44,49.8,49.7,191,194,FALSE
2/13/23 16:46,49.8,49.8,187,190,FALSE
2/13/23 16:48,50,50.1,181,185,FALSE
2/13/23 16:50,50.2,50.2,185,189,FALSE
2/13/23 16:52,50.2,50.2,193,195,FALSE
2/13/23 16:54,50.2,50.2,188,192,FALSE
2/13/23 16:56,50.1,50,202,205,FALSE
2/13/23 16:58,50,50,200,203,FALSE
2/13/23 17:00,50,50.1,197,201,FALSE
2/13/23 17:02,49.9,49.8,196,199,FALSE
2/13/23 17:04,50.3,50.2,202,204,FALSE
2/13/23 17:06,50.2,50.3,192,195,FALSE
2/13/23 17:08,50.2,50.1,189,193,FALSE
2/13/23 17:10,50.2,50.2,197,200,FALSE
2/13/23 17:12,49.9,49.9,196,199,FALSE
2/13/23 17:14,50.1,50.1,192,195,FALSE
2/13/23 17:16,49.9,50,198,200,FALSE
2/13/23 17:18,50.2,50.1,199,202,FALSE
2/13/23 17:20,50,50,199,202,FALSE
2/13/23 17:22,50.3,50.3,204,206,FALSE
2/13/23 17:24,50.1,50,199,201,FALSE
2/13/23 17:26,50.2,50.2,201,204,FALSE
2/13/23 17:28,50,49.9,201,203,FALSE
2/13/23 17:30,50,50,198,202,FALSE
2/13/23 17:32,49.8,49.8,192,195,FALSE
2/13/23 17:34,50.4,50.4,194,197,FALSE
2/13/23 17:36,50,49.9,187,190,FALSE
2/13/23 17:38,50.2,50.1,184,187,FALSE
2/13/23 17:40,50,50,182,185,FALSE
2/13/23 17:42,50,50.2,194,197,FALSE
2/13/23 17:44,50.1,50.1,189,191,FALSE
2/13/23 17:46,50.2,50.2,185,188,FALSE
2/13/23 17:48,50.2,50.2,194,195,FALSE
2/13/23 17:50,50.5,50.4,197,199,FALSE
2/13/23 17:52,50.1,50.1,199,201,FALSE
2/13/23 17:54,50.2,50.2,190,192,FALSE
2/13/23 17:56,50.1,50,194,196,FALSE
2/13/23 17:58,49.9,49.9,195,197,FALSE
2/13/23 18:00,50,50,194,196,FALSE
2/13/23 18:02,50.3,50.2,197,199,FALSE
2/13/23 18:04,50,50,196,198,FALSE
2/13/23 18:06,50,50,197,198,FALSE
2/13/23 18:08,50,50,184,183,FALSE
2/13/23 18:10,50.1,50,190,192,FALSE
2/13/23 18:12,50.2,50.2,190,190,FALSE
2/13/23 18:14,50.2,50.2,192,196,FALSE
2/13/23 18:16,50.2,50.2,195,196,FALSE
2/13/23 18:18,50.2,50.2,187,183,FALSE
2/13/23 18:20,49.9,50,185,187,FALSE
2/13/23 18:22,50,50,182,182,FALSE
2/13/23 18:24,50,49.9,187,188,FALSE
2/13/23 18:26,50.3,50.3,189,191,FALSE
2/13/23 18:28,50.1,50.1,192,193,FALSE
2/13/23 18:30,50.2,50.2,190,192,FALSE
2/13/23 18:32,50.1,50.1,191,194,FALSE
2/13/23 18:34,50.2,50.3,190,192,FALSE
2/13/23 18:36,50.1,50.1,183,187,FALSE
2/13/23 18:38,50.1,50.1,181,184,FALSE
2/13/23 18:40,50,50,184,186,FALSE
2/13/23 18:42,50,50,184,187,FALSE
2/13/23 18:44,50.1,50.1,181,184,FALSE
2/13/23 18:46,49.9,49.9,180,182,FALSE
2/13/23 18:48,49.9,50,181,183,FALSE
2/13/23 18:50,49.9,49.9,183,187,FALSE
2/13/23 18:52,49.9,49.9,185,187,FALSE
2/13/23 18:54,49.9,49.8,187,190,FALSE
2/13/23 18:56,49.8,49.8,184,187,FALSE
2/13/23 18:58,50.1,50.1,180,182,FALSE
2/13/23 19:00,49.9,49.9,184,185,FALSE
2/13/23 19:02,49.9,50,180,182,FALSE
2/13/23 19:04,49.8,49.8,179,182,FALSE
2/13/23 19:06,49.7,49.7,181,182,FALSE
2/13/23 19:08,50,50,180,182,FALSE
2/13/23 19:10,49.8,49.7,180,182,FALSE
2/13/23 19:12,50,50,182,183,FALSE
2/13/23 19:14,50,49.9,180,182,FALSE
2/13/23 19:16,49.8,49.9,178,181,FALSE
2/13/23 19:18,49.9,50,179,182,FALSE
2/13/23 19:20,49.7,49.7,181,182,FALSE
2/13/23 19:22,49.9,49.9,178,180,FALSE
2/13/23 19:24,49.9,50,178,181,FALSE
2/13/23 19:26,50.1,50.1,180,182,FALSE
2/13/23 19:28,49.9,49.9,181,183,FALSE
2/13/23 19:30,49.8,49.8,180,182,FALSE
2/13/23 19:32,50,50,182,183,FALSE
2/13/23 19:34,50,50,183,185,FALSE
2/13/23 19:36,50.2,50.2,184,185,FALSE
2/13/23 19:38,50.3,50.3,186,187,FALSE
2/13/23 19:40,50.1,50.1,182,185,FALSE
2/13/23 19:42,50.2,50.2,182,184,FALSE
2/13/23 19:44,50.2,50.2,185,186,FALSE
2/13/23 19:46,50.3,50.2,184,186,FALSE
2/13/23 19:48,50.2,50.2,183,185,FALSE
2/13/23 19:50,50,50.1,183,185,FALSE
2/13/23 19:52,50.3,50.3,184,186,FALSE
2/13/23 19:54,50.3,50.4,187,189,FALSE
2/13/23 19:56,50.2,50.2,182,185,FALSE
2/13/23 19:58,50.3,50.4,186,189,FALSE
2/13/23 20:00,50.3,50.3,188,191,FALSE
2/13/23 20:02,50.3,50.2,191,192,FALSE
2/13/23 20:04,50.4,50.4,190,192,FALSE
2/13/23 20:06,50.3,50.3,190,194,FALSE
2/13/23 20:08,50.1,50.1,192,197,FALSE
2/13/23 20:10,50.3,50.3,187,192,FALSE
2/13/23 20:12,50.3,50.3,187,190,FALSE
2/13/23 20:14,50.4,50.4,190,193,FALSE
2/13/23 20:16,50.3,50.3,190,192,FALSE
2/13/23 20:18,50.3,50.3,190,192,FALSE
2/13/23 20:20,50.5,50,193,197,FALSE
2/13/23 20:22,50.4,50.3,190,194,FALSE
2/13/23 20:24,50.4,50.4,191,196,FALSE
2/13/23 20:26,50.3,50.4,197,199,FALSE
2/13/23 20:28,50.3,50.2,193,197,FALSE
2/13/23 20:30,50.3,50.3,194,197,FALSE
2/13/23 20:32,50.5,50.4,193,195,FALSE
2/13/23 20:34,50.6,50.5,197,199,FALSE
2/13/23 20:36,50.3,50.4,195,198,FALSE
2/13/23 20:38,50.4,50.4,195,197,FALSE
2/13/23 20:40,50.3,50.3,194,197,FALSE
2/13/23 20:42,50.4,50.3,194,196,FALSE
2/13/23 20:44,50.5,50.5,197,199,FALSE
2/13/23 20:46,50.4,50.3,196,199,FALSE
2/13/23 20:48,50.4,50.4,200,202,FALSE
2/13/23 20:50,50.3,50.3,200,202,FALSE
2/13/23 20:52,50.6,50.5,201,204,FALSE
2/13/23 20:54,50.5,50.5,200,203,FALSE
2/13/23 20:56,50.7,50.7,202,204,FALSE
2/13/23 20:58,50.5,50.4,200,203,FALSE
2/13/23 21:00,50.6,50.6,199,202,FALSE
2/13/23 21:02,50.5,50.5,204,205,FALSE
2/13/23 21:04,50.5,50.5,202,204,FALSE
2/13/23 21:06,50.6,50.7,204,206,FALSE
2/13/23 21:08,50.5,50.5,205,207,FALSE
2/13/23 21:10,50.3,50.3,203,205,FALSE
2/13/23 21:12,50.6,50.6,201,203,FALSE
2/13/23 21:14,50.6,50.6,197,199,FALSE
2/13/23 21:16,50.5,50.5,197,199,FALSE
2/13/23 21:18,50.5,50.6,199,202,FALSE
2/13/23 21:20,50.4,50.4,199,200,FALSE
2/13/23 21:22,50.7,50.7,199,200,FALSE
2/13/23 21:24,50.6,50.5,197,199,FALSE
2/13/23 21:26,50.7,50.6,202,204,FALSE
2/13/23 21:28,50.5,50.5,196,200,FALSE
2/13/23 21:30,50.4,50.4,190,194,FALSE
2/13/23 21:32,50.7,50.7,192,194,FALSE
2/13/23 21:34,50.5,50.6,188,190,FALSE
2/13/23 21:36,50.5,50.5,191,192,FALSE
2/13/23 21:38,50.6,50.6,192,194,FALSE
2/13/23 21:40,50.5,50.5,191,193,FALSE
2/13/23 21:42,50.6,50.6,198,199,FALSE
2/13/23 21:44,50.6,50.5,194,197,FALSE
2/13/23 21:46,50.7,50.7,197,198,FALSE
2/13/23 21:48,50.7,50.6,199,200,FALSE
2/13/23 21:50,50.4,50.5,197,199,FALSE
2/13/23 21:52,50.8,50.8,197,199,FALSE
2/13/23 21:54,50.4,50.4,198,199,FALSE
2/13/23 21:56,50.6,50.5,199,201,FALSE
2/13/23 21:58,50.5,50.5,196,198,FALSE
2/13/23 22:00,50.7,50.7,197,199,FALSE
2/13/23 22:02,50.7,50.7,200,202,FALSE
2/13/23 22:04,50.7,50.7,200,202,FALSE
2/13/23 22:06,50.8,50.7,202,204,FALSE
2/13/23 22:08,50.8,50.8,202,204,FALSE
2/13/23 22:10,50.6,50.7,201,203,FALSE
2/13/23 22:12,50.6,50.6,202,203,FALSE
2/13/23 22:14,50.8,50.8,203,204,FALSE
2/13/23 22:16,50.7,50.7,204,206,FALSE
2/13/23 22:18,50.7,50.7,207,209,FALSE
2/13/23 22:20,50.9,50.9,207,209,FALSE
2/13/23 22:22,50.7,50.7,205,208,FALSE
2/13/23 22:24,50.8,50.8,209,211,FALSE
2/13/23 22:26,50.8,50.9,205,208,FALSE
2/13/23 22:28,50.7,50.7,206,208,FALSE
2/13/23 22:30,50.7,50.7,207,209,FALSE
2/13/23 22:32,50.7,50.6,205,207,FALSE
2/13/23 22:34,50.7,50.7,207,209,FALSE
2/13/23 22:36,50.8,50.8,211,212,FALSE
2/13/23 22:38,50.6,50.7,209,211,FALSE
2/13/23 22:40,51,51,209,211,FALSE
2/13/23 22:42,50.8,50.8,211,213,FALSE
2/13/23 22:44,50.8,50.9,211,213,FALSE
2/13/23 22:46,50.9,50.9,211,213,FALSE
2/13/23 22:48,50.7,50.8,213,214,FALSE
2/13/23 22:50,50.9,50.8,211,214,FALSE
2/13/23 22:52,50.9,50.9,213,215,FALSE
2/13/23 22:54,50.8,50.8,213,214,FALSE
2/13/23 22:56,51,51,214,215,FALSE
2/13/23 22:58,50.8,50.8,211,213,FALSE
2/13/23 23:00,50.9,50.9,213,214,FALSE
2/13/23 23:02,50.9,50.9,218,220,FALSE
2/13/23 23:04,50.8,50.8,217,219,FALSE
2/13/23 23:06,50.8,50.8,216,218,FALSE
2/13/23 23:08,50.8,50.8,216,218,FALSE
2/13/23 23:10,50.9,50.9,216,218,FALSE
2/13/23 23:12,50.8,50.8,219,220,FALSE
2/13/23 23:14,51,50.9,217,219,FALSE
2/13/23 23:16,51,51,216,219,FALSE
2/13/23 23:18,51,51,217,219,FALSE
2/13/23 23:20,50.9,50.9,212,214,FALSE
2/13/23 23:22,50.9,50.8,214,216,FALSE
2/13/23 23:24,50.9,50.9,214,215,FALSE
2/13/23 23:26,51,51,211,214,FALSE
2/13/23 23:28,50.8,50.7,211,214,FALSE
2/13/23 23:30,50.8,50.8,214,215,FALSE
2/13/23 23:32,50.9,50.9,216,218,FALSE
2/13/23 23:34,51,50.9,217,219,FALSE
2/13/23 23:36,50.9,50.9,220,221,FALSE
2/13/23 23:38,51,51,217,219,FALSE
2/13/23 23:40,50.9,50.9,213,216,FALSE
2/13/23 23:42,50.9,51,216,219,FALSE
2/13/23 23:44,51,50.9,217,219,FALSE
2/13/23 23:46,50.9,50.9,216,218,FALSE
2/13/23 23:48,50.4,50.5,219,221,FALSE
2/13/23 23:50,50.2,50.2,218,221,FALSE
2/13/23 23:52,50.5,50.5,221,224,FALSE
2/13/23 23:54,50.4,50.4,220,223,FALSE
2/13/23 23:56,50.4,50.4,219,223,FALSE
2/13/23 23:58,50.3,50.2,221,223,FALSE
2/14/23 0:00,50.3,50.3,222,224,FALSE
2/14/23 0:02,50.3,50.3,222,226,FALSE
2/14/23 0:04,50.5,50.4,221,223,FALSE
2/14/23 0:06,50.4,50.4,223,225,FALSE
2/14/23 0:08,50.3,50.4,221,224,FALSE
2/14/23 0:10,50.5,50.5,222,225,FALSE
2/14/23 0:12,50.2,50.2,224,226,FALSE
2/14/23 0:14,50.3,50.4,221,224,FALSE
2/14/23 0:16,50.3,50.3,220,223,FALSE
2/14/23 0:18,50.3,50.3,223,224,FALSE
2/14/23 0:20,50.2,50.2,221,223,FALSE
2/14/23 0:22,50.4,50.4,219,221,FALSE
2/14/23 0:24,50.3,50.2,219,221,FALSE
2/14/23 0:26,50.2,50.2,217,220,FALSE
2/14/23 0:28,50.3,50.3,218,221,FALSE
2/14/23 0:30,50.3,50.3,220,222,FALSE
2/14/23 0:32,50.3,50.4,220,223,FALSE
2/14/23 0:34,50.3,50.4,219,222,FALSE
2/14/23 0:36,50.3,50.3,221,223,FALSE
2/14/23 0:38,50.3,50.3,221,223,FALSE
2/14/23 0:40,50.3,50.3,220,223,FALSE
2/14/23 0:42,50.4,50.4,223,224,FALSE
2/14/23 0:44,50.2,50.3,220,222,FALSE
2/14/23 0:46,50.2,50.3,219,222,FALSE
2/14/23 0:48,50.5,50.4,221,223,FALSE
2/14/23 0:50,50.4,50.3,221,223,FALSE
2/14/23 0:52,50.3,50.2,220,223,FALSE
2/14/23 0:54,50.2,50.2,220,222,FALSE
2/14/23 0:56,50.3,50.4,221,223,FALSE
2/14/23 0:58,50.3,50.3,219,221,FALSE
2/14/23 1:00,50.4,50.4,221,222,FALSE
2/14/23 1:02,50.3,50.3,224,226,FALSE
2/14/23 1:04,50.3,50.3,222,224,FALSE
2/14/23 1:06,50.4,50.4,224,226,FALSE
2/14/23 1:08,50.4,50.4,224,226,FALSE
2/14/23 1:10,50.3,50.3,223,225,FALSE
2/14/23 1:12,50.4,50.4,225,226,FALSE
2/14/23 1:14,50.3,50.4,223,225,FALSE
2/14/23 1:16,50.3,50.3,223,224,FALSE
2/14/23 1:18,50.3,50.3,224,225,FALSE
2/14/23 1:20,50.2,50.2,223,225,FALSE
2/14/23 1:22,50.5,50.5,223,226,FALSE
2/14/23 1:24,50.3,50.3,223,225,FALSE
2/14/23 1:26,50.3,50.3,223,225,FALSE
2/14/23 1:28,50.5,50.4,223,224,FALSE
2/14/23 1:30,50.2,50.3,223,224,FALSE
2/14/23 1:32,50.3,50.4,223,225,FALSE
2/14/23 1:34,50.4,50.3,221,223,FALSE
2/14/23 1:36,50.4,50.4,222,223,FALSE
2/14/23 1:38,50.3,50.3,222,223,FALSE
2/14/23 1:40,50.5,50.5,221,223,FALSE
2/14/23 1:42,50.3,50.3,223,226,FALSE
2/14/23 1:44,50.3,50.4,223,224,FALSE
2/14/23 1:46,50.4,50.4,222,224,FALSE
2/14/23 1:48,50.3,50.3,223,225,FALSE
2/14/23 1:50,50.3,50.3,223,225,FALSE
2/14/23 1:52,50.4,50.5,222,224,FALSE
2/14/23 1:54,50.3,50.3,223,225,FALSE
2/14/23 1:56,50.5,50.4,225,226,FALSE
2/14/23 1:58,50.2,50.2,223,225,FALSE
2/14/23 2:00,50.5,50.5,225,226,FALSE
2/14/23 2:02,50.4,50.4,226,228,FALSE
2/14/23 2:04,50.3,50.3,223,226,FALSE
2/14/23 2:06,50.5,50.5,226,228,FALSE
2/14/23 2:08,50.2,50.3,225,227,FALSE
2/14/23 2:10,50.3,50.3,223,226,FALSE
2/14/23 2:12,50.4,50.3,225,227,FALSE
2/14/23 2:14,50.4,50.4,225,226,FALSE
2/14/23 2:16,50.3,50.3,221,223,FALSE
2/14/23 2:18,50.3,50.3,222,223,FALSE
2/14/23 2:20,50.4,50.4,225,226,FALSE
2/14/23 2:22,50.3,50.3,221,223,FALSE
2/14/23 2:24,50.4,50.5,222,223,FALSE
2/14/23 2:26,50.5,50.4,226,228,FALSE
2/14/23 2:28,50.4,50.4,224,226,FALSE
2/14/23 2:30,50.3,50.2,226,227,FALSE
2/14/23 2:32,50.5,50.5,227,228,FALSE
2/14/23 2:34,50.5,50.6,225,227,FALSE
2/14/23 2:36,50.2,50.3,226,227,FALSE
2/14/23 2:38,50.3,50.4,225,226,FALSE
2/14/23 2:40,50.3,50.3,224,226,FALSE
2/14/23 2:42,50.4,50.3,226,228,FALSE
2/14/23 2:44,50.4,50.3,225,227,FALSE
2/14/23 2:46,50.5,50.5,223,226,FALSE
2/14/23 2:48,50.3,50.3,226,227,FALSE
2/14/23 2:50,50.4,50.3,224,226,FALSE
2/14/23 2:52,50.4,50.4,224,227,FALSE
2/14/23 2:54,50.4,50.4,226,228,FALSE
2/14/23 2:56,50.4,50.4,226,227,FALSE
2/14/23 2:58,50.3,50.3,223,226,FALSE
2/14/23 3:00,50.5,50.5,226,228,FALSE
2/14/23 3:02,50.3,50.2,226,228,FALSE
2/14/23 3:04,50.3,50.3,224,226,FALSE
2/14/23 3:06,50.4,50.4,226,227,FALSE
2/14/23 3:08,50.3,50.3,224,227,FALSE
2/14/23 3:10,50.4,50.3,224,227,FALSE
2/14/23 3:12,50.3,50.3,226,228,FALSE
2/14/23 3:14,50.4,50.4,223,226,FALSE
2/14/23 3:16,50.3,50.3,223,226,FALSE
2/14/23 3:18,50.3,50.3,225,227,FALSE
2/14/23 3:20,50.4,50.4,224,226,FALSE
2/14/23 3:22,50.5,50.5,225,227,FALSE
2/14/23 3:24,50.3,50.3,226,227,FALSE
2/14/23 3:26,50.4,50.4,223,226,FALSE
2/14/23 3:28,50.4,50.4,223,226,FALSE
2/14/23 3:30,50.3,50.3,226,228,FALSE
2/14/23 3:32,50.4,50.4,226,228,FALSE
2/14/23 3:34,50.4,50.4,225,227,FALSE
2/14/23 3:36,50.4,50.4,226,228,FALSE
2/14/23 3:38,50.3,50.3,225,227,FALSE
2/14/23 3:40,50.4,50.3,224,227,FALSE
2/14/23 3:42,50.3,50.3,223,225,FALSE
2/14/23 3:44,50.4,50.4,223,226,FALSE
2/14/23 3:46,50.5,50.5,228,230,FALSE
2/14/23 3:48,50.3,50.3,229,231,FALSE
2/14/23 3:50,50.3,50.4,228,231,FALSE
2/14/23 3:52,50.5,50.4,230,232,FALSE
2/14/23 3:54,50.5,50.5,230,231,FALSE
2/14/23 3:56,50.3,50.3,228,231,FALSE
2/14/23 3:58,50.4,50.5,229,231,FALSE
2/14/23 4:00,50.4,50.4,229,231,FALSE
2/14/23 4:02,50.3,50.3,228,231,FALSE
2/14/23 4:04,50.4,50.5,229,231,FALSE
2/14/23 4:06,50.4,50.4,228,231,FALSE
2/14/23 4:08,50.4,50.3,228,231,FALSE
2/14/23 4:10,50.2,50.2,230,232,FALSE
2/14/23 4:12,50.4,50.4,231,233,FALSE
2/14/23 4:14,50.4,50.4,228,231,FALSE
2/14/23 4:16,50.4,50.4,228,231,FALSE
2/14/23 4:18,50.4,50.4,229,231,FALSE
2/14/23 4:20,50.4,50.3,227,229,FALSE
2/14/23 4:22,50.3,50.3,228,231,FALSE
2/14/23 4:24,50.3,50.3,225,226,FALSE
2/14/23 4:26,50.3,50.3,223,226,FALSE
2/14/23 4:28,50.5,50.4,228,230,FALSE
2/14/23 4:30,50.5,50.5,227,229,FALSE
2/14/23 4:32,50.3,50.3,226,229,FALSE
2/14/23 4:34,50.4,50.4,228,230,FALSE
2/14/23 4:36,50.4,50.3,228,230,FALSE
2/14/23 4:38,50.3,50.3,225,228,FALSE
2/14/23 4:40,50.3,50.4,225,227,FALSE
2/14/23 4:42,50.3,50.3,224,226,FALSE
2/14/23 4:44,50.4,50.4,222,226,FALSE
2/14/23 4:46,50.3,50.3,225,227,FALSE
2/14/23 4:48,50.3,50.3,223,226,FALSE
2/14/23 4:50,50.3,50.3,223,226,FALSE
2/14/23 4:52,50.3,50.4,225,227,FALSE
2/14/23 4:54,50.4,50.4,226,228,FALSE
2/14/23 4:56,50.3,50.3,225,228,FALSE
2/14/23 4:58,50.4,50.4,227,229,FALSE
2/14/23 5:00,50.3,50.3,227,228,FALSE
2/14/23 5:02,50.3,50.3,227,228,FALSE
2/14/23 5:04,50.4,50.4,227,228,FALSE
2/14/23 5:06,50.2,50.2,228,228,FALSE
2/14/23 5:08,50.3,50.4,223,226,FALSE
2/14/23 5:10,50.5,50.5,226,227,FALSE
2/14/23 5:12,50.2,50.3,228,229,FALSE
2/14/23 5:14,50.2,50.3,226,228,FALSE
2/14/23 5:16,50,50,228,230,FALSE
2/14/23 5:18,50.7,50.7,226,228,FALSE
2/14/23 5:20,50.5,50.5,226,228,FALSE
2/14/23 5:22,50.5,50.4,226,228,FALSE
2/14/23 5:24,50.3,50.3,220,222,FALSE
2/14/23 5:26,50.4,50.4,223,226,FALSE
2/14/23 5:28,50.4,50.3,224,226,FALSE
2/14/23 5:30,50.5,50.5,223,226,FALSE
2/14/23 5:32,50.4,50.4,223,226,FALSE
2/14/23 5:34,50.5,50.5,223,226,FALSE
2/14/23 5:36,50.3,50.3,223,226,FALSE
2/14/23 5:38,50.3,50.3,223,226,FALSE
2/14/23 5:40,50.3,50.3,223,224,FALSE
2/14/23 5:42,50.2,50.2,221,222,FALSE
2/14/23 5:44,50.4,50.4,218,220,FALSE
2/14/23 5:46,50.6,50.6,219,221,FALSE
2/14/23 5:48,50.3,50.3,221,223,FALSE
2/14/23 5:50,50.3,50.3,216,219,FALSE
2/14/23 5:52,50.4,50.4,216,219,FALSE
2/14/23 5:54,50.1,50,219,221,FALSE
2/14/23 5:56,50.4,50.5,217,219,FALSE
2/14/23 5:58,50.3,50.4,211,214,FALSE
2/14/23 6:00,50.1,50.1,214,216,FALSE
2/14/23 6:02,50.3,50.3,214,216,FALSE
2/14/23 6:04,50.1,50.1,214,216,FALSE
2/14/23 6:06,50.1,50.1,218,221,FALSE
2/14/23 6:08,50.1,50.1,219,221,FALSE
2/14/23 6:10,50.3,50.3,217,220,FALSE
2/14/23 6:12,50.2,50.2,219,221,FALSE
2/14/23 6:14,50.1,50.2,214,217,FALSE
2/14/23 6:16,50.1,50.1,214,217,FALSE
2/14/23 6:18,50.1,50.1,217,218,FALSE
2/14/23 6:20,50.2,50.2,217,219,FALSE
2/14/23 6:22,50.1,50.1,216,219,FALSE
2/14/23 6:24,50.1,50.1,216,218,FALSE
2/14/23 6:26,50,50,216,217,FALSE
2/14/23 6:28,50.3,50.3,214,219,FALSE
2/14/23 6:30,50.1,50.1,209,214,FALSE
2/14/23 6:32,50.2,50.1,210,214,FALSE
2/14/23 6:34,50,50,208,213,FALSE
2/14/23 6:36,50.4,50.3,215,219,FALSE
2/14/23 6:38,50.1,50.1,211,214,FALSE
2/14/23 6:40,49.9,49.9,218,220,FALSE
2/14/23 6:42,50.3,50.3,214,216,FALSE
2/14/23 6:44,50.2,50.3,209,210,FALSE
2/14/23 6:46,50,50,210,212,FALSE
2/14/23 6:48,50.2,50.2,209,211,FALSE
2/14/23 6:50,50.2,50.1,206,207,FALSE
2/14/23 6:52,50.3,50.3,211,214,FALSE
2/14/23 6:54,50.1,50.2,214,216,FALSE
2/14/23 6:56,50.1,50.1,211,213,FALSE
2/14/23 6:58,50.4,50.4,209,212,FALSE
2/14/23 7:00,50.1,50.1,205,207,FALSE
2/14/23 7:02,50.2,50.2,207,209,FALSE
2/14/23 7:04,50.1,50,206,207,FALSE
2/14/23 7:06,50.4,50.5,210,215,FALSE
2/14/23 7:08,50,50,203,207,FALSE
2/14/23 7:10,50.2,50.2,199,204,FALSE
2/14/23 7:12,50.3,50.2,197,198,FALSE
2/14/23 7:14,50.2,50.3,197,201,FALSE
2/14/23 7:16,50.2,50.2,194,200,FALSE
2/14/23 7:18,50.4,50.4,199,201,FALSE
2/14/23 7:20,50.3,50.2,202,203,FALSE
2/14/23 7:22,50.1,50.1,202,204,FALSE
2/14/23 7:24,50.3,50.3,203,205,FALSE
2/14/23 7:26,50.2,50.1,203,204,FALSE
2/14/23 7:28,50.2,50.3,199,201,FALSE
2/14/23 7:30,50.3,50.3,206,207,FALSE
2/14/23 7:32,50.1,50.1,204,206,FALSE
2/14/23 7:34,50,50,195,200,FALSE
2/14/23 7:36,50.3,50.3,200,205,FALSE
2/14/23 7:38,50,50,213,217,FALSE
2/14/23 7:40,50.3,50.3,212,214,FALSE
2/14/23 7:42,50.4,50.4,211,212,FALSE
2/14/23 7:44,50.3,50.3,205,211,FALSE
2/14/23 7:46,50.7,50.7,206,211,FALSE
2/14/23 7:48,50.6,50.6,204,210,FALSE
2/14/23 7:50,50.5,50.6,207,212,FALSE
2/14/23 7:52,50.7,50.7,211,214,FALSE
2/14/23 7:54,50.4,50.4,209,212,FALSE
2/14/23 7:56,50.6,50.6,209,211,FALSE
2/14/23 7:58,50.5,50.5,208,212,FALSE
2/14/23 8:00,50.4,50.4,210,212,FALSE
2/14/23 8:02,50.4,50.4,206,207,FALSE
2/14/23 8:04,50.6,50.6,203,204,FALSE
2/14/23 8:06,50.5,50.5,211,212,FALSE
2/14/23 8:08,50.7,50.7,207,209,FALSE
2/14/23 8:10,50.3,50.3,203,206,FALSE
2/14/23 8:12,50.4,50.4,202,204,FALSE
2/14/23 8:14,50.6,50.7,202,203,FALSE
2/14/23 8:16,50.5,50.4,199,203,FALSE
2/14/23 8:18,50.6,50.5,190,190,FALSE
2/14/23 8:20,50.4,50.3,198,199,FALSE
2/14/23 8:22,50.3,50.3,197,200,FALSE
2/14/23 8:24,50.5,50.5,196,198,FALSE
2/14/23 8:26,50.7,50.7,194,197,FALSE
2/14/23 8:28,50.3,50.3,198,202,FALSE
2/14/23 8:30,50.3,50.3,199,202,FALSE
2/14/23 8:32,50.3,50.3,197,199,FALSE
2/14/23 8:34,50.6,50.6,193,196,FALSE
2/14/23 8:36,50.5,50.5,194,197,FALSE
2/14/23 8:38,50.4,50.4,193,196,FALSE
2/14/23 8:40,50.4,50.4,186,190,FALSE
2/14/23 8:42,50.3,50.3,187,190,FALSE
2/14/23 8:44,50.6,50.6,187,192,FALSE
2/14/23 8:46,50.4,50.5,181,187,FALSE
2/14/23 8:48,50.4,50.4,185,188,FALSE
2/14/23 8:50,50.7,50.6,187,190,FALSE
2/14/23 8:52,50.3,50.4,172,177,FALSE
2/14/23 8:54,50.3,50.2,183,189,FALSE
2/14/23 8:56,50.3,50.3,180,185,FALSE
2/14/23 8:58,50.3,50.2,181,185,FALSE
2/14/23 9:00,50.6,50.6,185,190,FALSE
2/14/23 9:02,50.3,50.3,185,190,FALSE
2/14/23 9:04,50.5,50.5,190,194,FALSE
2/14/23 9:06,50.2,50.2,182,187,FALSE
2/14/23 9:08,50.3,50.3,183,187,FALSE
2/14/23 9:10,50.1,50.2,188,194,FALSE
2/14/23 9:12,50.4,50.4,190,193,FALSE
2/14/23 9:14,50.3,50.3,187,192,FALSE
2/14/23 9:16,50.4,50.5,182,187,FALSE
2/14/23 9:18,50.3,50.4,189,194,FALSE
2/14/23 9:20,50.3,50.3,190,194,FALSE
2/14/23 9:22,50.1,50.1,186,192,FALSE
2/14/23 9:24,50.3,50.3,187,192,FALSE
2/14/23 9:26,50.2,50.2,190,194,FALSE
2/14/23 9:28,50.5,50.6,190,195,FALSE
2/14/23 9:30,50.3,50.3,182,189,FALSE
2/14/23 9:32,50.2,50.3,181,185,FALSE
2/14/23 9:34,50.1,50.2,184,189,FALSE
2/14/23 9:36,50.5,50.5,182,185,FALSE
2/14/23 9:38,50.5,50.4,184,188,FALSE
2/14/23 9:40,50.6,50.6,190,194,FALSE
2/14/23 9:42,50.5,50.5,183,187,FALSE
2/14/23 9:44,50.4,50.4,187,190,FALSE
2/14/23 9:46,50.3,50.3,188,192,FALSE
2/14/23 9:48,50.3,50.3,194,199,FALSE
2/14/23 9:50,50.1,50.2,192,196,FALSE
2/14/23 9:52,50.1,50.2,188,193,FALSE
2/14/23 9:54,50.3,50.3,188,194,FALSE
2/14/23 9:56,50.4,50.4,190,194,FALSE
2/14/23 9:58,50.5,50.4,190,194,FALSE
2/14/23 10:00,50.4,50.4,185,190,FALSE
2/14/23 10:02,50.4,50.4,187,192,FALSE
2/14/23 10:04,50.3,50.4,185,192,FALSE
2/14/23 10:06,50.3,50.4,177,185,FALSE
2/14/23 10:08,50.3,50.3,182,187,FALSE
2/14/23 10:10,50,50,180,185,FALSE
2/14/23 10:12,50.2,50.3,180,188,FALSE
2/14/23 10:14,50.4,50.4,161,174,FALSE
2/14/23 10:16,50.3,50.3,182,191,FALSE
2/14/23 10:18,50.2,50.2,183,192,FALSE
2/14/23 10:20,50.5,50.4,185,190,FALSE
2/14/23 10:22,50.4,50.4,184,193,FALSE
2/14/23 10:24,50.2,50.1,183,189,FALSE
2/14/23 10:26,50.2,50.1,192,197,FALSE
2/14/23 10:28,50.2,50.1,187,192,FALSE
2/14/23 10:30,50,50.1,186,191,FALSE
2/14/23 10:32,50.2,50.3,191,194,FALSE
2/14/23 10:34,50.4,50.3,192,196,FALSE
2/14/23 10:36,50.1,50.1,182,187,FALSE
2/14/23 10:38,50.3,50.4,185,191,FALSE
2/14/23 10:40,50.1,50.1,184,188,FALSE
2/14/23 10:42,50.4,50.4,180,184,FALSE
2/14/23 10:44,50.3,50.3,188,192,FALSE
2/14/23 10:46,50.3,50.2,193,197,FALSE
2/14/23 10:48,50.4,50.4,181,186,FALSE
2/14/23 10:50,50.4,50.3,190,193,FALSE
2/14/23 10:52,50.3,50.3,194,197,FALSE
2/14/23 10:54,50.4,50.4,194,198,FALSE
2/14/23 10:56,50.4,50.3,187,190,FALSE
2/14/23 10:58,50.4,50.4,189,192,FALSE
2/14/23 11:00,50.3,50.3,187,192,FALSE
2/14/23 11:02,50.4,50.4,178,182,FALSE
2/14/23 11:04,50.5,50.4,182,187,FALSE
2/14/23 11:06,50.1,50,178,182,FALSE
2/14/23 11:08,50.3,50.3,180,184,FALSE
2/14/23 11:10,50.2,50.2,184,187,FALSE
2/14/23 11:12,50.3,50.3,175,180,FALSE
2/14/23 11:14,50.2,50.3,180,185,FALSE
2/14/23 11:16,50.2,50.3,180,187,FALSE
2/14/23 11:18,50.5,50.6,183,188,FALSE
2/14/23 11:20,50.4,50.4,181,185,FALSE
2/14/23 11:22,50.3,50.3,184,187,FALSE
2/14/23 11:24,50.3,50.3,185,189,FALSE
2/14/23 11:26,50.3,50.3,185,189,FALSE
2/14/23 11:28,50.3,50.3,187,191,FALSE
2/14/23 11:30,50.2,50.2,187,191,FALSE
2/14/23 11:32,50.3,50.3,186,191,FALSE
2/14/23 11:34,50.2,50.3,187,191,FALSE
2/14/23 11:36,50.1,50.1,182,187,FALSE
2/14/23 11:38,50.4,50.5,182,189,FALSE
2/14/23 11:40,50.6,50.5,189,192,FALSE
2/14/23 11:42,50.2,50.3,182,187,FALSE
2/14/23 11:44,50.5,50.5,185,190,FALSE
2/14/23 11:46,50.4,50.4,188,192,FALSE
2/14/23 11:48,50.5,50.5,192,195,FALSE
2/14/23 11:50,50.1,50.1,187,192,FALSE
2/14/23 11:52,50.3,50.4,185,190,FALSE
2/14/23 11:54,50.5,50.4,184,189,FALSE
2/14/23 11:56,50.2,50.3,185,190,FALSE
2/14/23 11:58,50.6,50.5,192,196,FALSE
2/14/23 12:00,50.2,50.3,187,192,FALSE
2/14/23 12:02,50.5,50.5,188,192,FALSE
2/14/23 12:04,50.5,50.4,185,188,FALSE
2/14/23 12:06,50.3,50.3,185,192,FALSE
2/14/23 12:08,50.3,50.3,186,194,FALSE
2/14/23 12:10,50.4,50.3,190,196,FALSE
2/14/23 12:12,50.3,50.3,185,192,FALSE
2/14/23 12:14,50.3,50.5,188,194,FALSE
2/14/23 12:16,50.4,50.3,181,186,FALSE
2/14/23 12:18,50.4,50.4,187,192,FALSE
2/14/23 12:20,50.5,50.5,188,193,FALSE
2/14/23 12:22,50.3,50.4,185,189,FALSE
2/14/23 12:24,50.5,50.6,186,190,FALSE
2/14/23 12:26,50.4,50.5,185,189,FALSE
2/14/23 12:28,50.3,50.3,181,185,FALSE
2/14/23 12:30,50.3,50.3,186,190,FALSE
2/14/23 12:32,50.2,50.2,182,190,FALSE
2/14/23 12:34,50.4,50.4,180,189,FALSE
2/14/23 12:36,50.7,50.6,181,190,FALSE
2/14/23 12:38,50.2,50.3,179,187,FALSE
2/14/23 12:40,50.5,50.5,196,201,FALSE
2/14/23 12:42,50.5,50.5,194,198,FALSE
2/14/23 12:44,50.4,50.4,195,200,FALSE
2/14/23 12:46,50.4,50.4,194,200,FALSE
2/14/23 12:48,50.4,50.4,193,198,FALSE
2/14/23 12:50,50.2,50.3,193,199,FALSE
2/14/23 12:52,50.5,50.5,188,192,FALSE
2/14/23 12:54,50.6,50.5,198,202,FALSE
2/14/23 12:56,50.5,50.5,196,199,FALSE
2/14/23 12:58,50.2,50.2,194,199,FALSE
2/14/23 13:00,50.4,50.4,197,202,FALSE
2/14/23 13:02,50.3,50.3,197,203,FALSE
2/14/23 13:04,50.4,50.4,198,204,FALSE
2/14/23 13:06,50.3,50.3,196,203,FALSE
2/14/23 13:08,50.3,50.4,197,203,FALSE
2/14/23 13:10,50.2,50.3,195,200,FALSE
2/14/23 13:12,50.4,50.4,188,196,FALSE
2/14/23 13:14,50.2,50.2,187,191,FALSE
2/14/23 13:16,50.4,50.4,189,194,FALSE
2/14/23 13:18,50.5,50.4,184,191,FALSE
2/14/23 13:20,50.5,50.4,190,194,FALSE
2/14/23 13:22,50.3,50.2,193,197,FALSE
2/14/23 13:24,50.3,50.2,185,190,FALSE
2/14/23 13:26,50.3,50.3,191,197,FALSE
2/14/23 13:28,50.3,50.3,190,194,FALSE
2/14/23 13:30,50.3,50.4,185,190,FALSE
2/14/23 13:32,50.2,50.2,187,192,FALSE
2/14/23 13:34,50.4,50.4,190,193,FALSE
2/14/23 13:36,50.4,50.3,187,192,FALSE
2/14/23 13:38,50.2,50.2,182,187,FALSE
2/14/23 13:40,50.5,50.5,182,185,FALSE
2/14/23 13:42,50.3,50.3,185,190,FALSE
2/14/23 13:44,50.7,50.8,186,191,FALSE
2/14/23 13:46,50.2,50.2,186,190,FALSE
2/14/23 13:48,50.2,50.3,185,191,FALSE
2/14/23 13:50,50.5,50.5,185,190,FALSE
2/14/23 13:52,50.5,50.4,192,197,FALSE
2/14/23 13:54,50.4,50.5,184,191,FALSE
2/14/23 13:56,50.4,50.4,183,191,FALSE
2/14/23 13:58,50.5,50.6,182,188,FALSE
2/14/23 14:00,50.3,50.3,179,185,FALSE
2/14/23 14:02,50.4,50.4,184,188,FALSE
2/14/23 14:04,50.5,50.4,185,189,FALSE
2/14/23 14:06,50.5,50.5,186,190,FALSE
2/14/23 14:08,50.2,50.2,185,190,FALSE
2/14/23 14:10,50.4,50.5,188,192,FALSE
2/14/23 14:12,50.3,50.4,182,187,FALSE
2/14/23 14:14,50.3,50.4,186,190,FALSE
2/14/23 14:16,50.2,50.2,188,193,FALSE
2/14/23 14:18,50.3,50.4,186,191,FALSE
2/14/23 14:20,50.6,50.6,184,188,FALSE
2/14/23 14:22,50.5,50.5,187,190,FALSE
2/14/23 14:24,50.4,50.4,185,189,FALSE
2/14/23 14:26,50.4,50.4,189,193,FALSE
2/14/23 14:28,50.3,50.3,185,190,FALSE
2/14/23 14:30,50.5,50.5,185,190,FALSE
2/14/23 14:32,50.2,50.2,187,192,FALSE
2/14/23 14:34,50.3,50.2,186,191,FALSE
2/14/23 14:36,50.2,50.3,181,185,FALSE
2/14/23 14:38,50.6,50.6,179,183,FALSE
2/14/23 14:40,50.5,50.6,181,186,FALSE
2/14/23 14:42,50.2,50.2,181,185,FALSE
2/14/23 14:44,50.4,50.4,178,182,FALSE
2/14/23 14:46,50.3,50.3,185,189,FALSE
2/14/23 14:48,50.2,50.3,182,185,FALSE
2/14/23 14:50,50.2,50.3,178,181,FALSE
2/14/23 14:52,50.2,50.1,178,181,FALSE
2/14/23 14:54,50.4,50.5,182,184,FALSE
2/14/23 14:56,50.3,50.3,183,189,FALSE
2/14/23 14:58,50.2,50.1,173,177,FALSE
2/14/23 15:00,50.5,50.5,180,183,FALSE
2/14/23 15:02,50.5,50.5,176,182,FALSE
2/14/23 15:04,50.3,50.3,187,192,FALSE
2/14/23 15:06,50.5,50.5,185,190,FALSE
2/14/23 15:08,50.7,50.7,182,185,FALSE
2/14/23 15:10,50.3,50.3,178,182,FALSE
2/14/23 15:12,50.2,50.2,183,187,FALSE
2/14/23 15:14,50.3,50.3,180,183,FALSE
2/14/23 15:16,50.5,50.4,181,185,FALSE
2/14/23 15:18,50.4,50.4,183,187,FALSE
2/14/23 15:20,50.4,50.4,178,182,FALSE
2/14/23 15:22,50.3,50.3,182,186,FALSE
2/14/23 15:24,50.3,50.3,184,186,FALSE
2/14/23 15:26,50.2,50.2,180,184,FALSE
2/14/23 15:28,50.2,50.1,184,189,FALSE
2/14/23 15:30,50.4,50.4,183,187,FALSE
2/14/23 15:32,50.1,50,178,183,FALSE
2/14/23 15:34,50.2,50.2,185,190,FALSE
2/14/23 15:36,50,50,183,187,FALSE
2/14/23 15:38,50.3,50.4,183,188,FALSE
2/14/23 15:40,50.5,50.5,183,187,FALSE
2/14/23 15:42,50.5,50.6,182,189,FALSE
2/14/23 15:44,50.2,50.2,185,189,FALSE
2/14/23 15:46,50.3,50.3,185,190,FALSE
2/14/23 15:48,50.4,50.4,183,187,FALSE
2/14/23 15:50,50.1,50.1,181,186,FALSE
2/14/23 15:52,50.3,50.3,181,185,FALSE
2/14/23 15:54,50.2,50.1,188,192,FALSE
2/14/23 15:56,50.3,50.3,182,187,FALSE
2/14/23 15:58,50.5,50.6,188,192,FALSE
2/14/23 16:00,50.1,50.3,189,193,FALSE
2/14/23 16:02,50.3,50.4,183,188,FALSE
2/14/23 16:04,50.3,50.3,184,187,FALSE
2/14/23 16:06,50.2,50.2,189,193,FALSE
2/14/23 16:08,50.6,50.6,188,192,FALSE
2/14/23 16:10,50.3,50.3,187,192,FALSE
2/14/23 16:12,50.2,50.2,192,196,FALSE
2/14/23 16:14,50.1,50.1,187,192,FALSE
2/14/23 16:16,50.2,50.1,183,188,FALSE
2/14/23 16:18,50.3,50.2,186,190,FALSE
2/14/23 16:20,50.7,50.7,187,192,FALSE
2/14/23 16:22,50.4,50.3,185,190,FALSE
2/14/23 16:24,50.3,50.4,189,192,FALSE
2/14/23 16:26,50.4,50.4,185,189,FALSE
2/14/23 16:28,50.6,50.6,186,192,FALSE
2/14/23 16:30,50.4,3937,186,75,FALSE
2/14/23 16:32,50.1,4386,187,0,FALSE
2/14/23 16:34,50.2,50.3,185,190,FALSE
2/14/23 16:36,50.3,50.3,187,192,FALSE
2/14/23 16:38,50.3,50.3,189,192,FALSE
2/14/23 16:40,50.2,50.3,185,190,FALSE
2/14/23 16:42,50.5,50.4,186,191,FALSE
2/14/23 16:44,50.4,50.4,187,191,FALSE
2/14/23 16:46,50.3,50.4,187,192,FALSE
2/14/23 16:48,50.3,50.3,185,191,FALSE
2/14/23 16:50,50.5,50.5,190,194,FALSE
2/14/23 16:52,50.3,50.3,188,192,FALSE
2/14/23 16:54,50.2,50.2,190,195,FALSE
2/14/23 16:56,50.2,50.2,185,190,FALSE
2/14/23 16:58,50.2,50.3,194,197,FALSE
2/14/23 17:00,50.2,50.2,189,194,FALSE
2/14/23 17:02,50.3,50.3,188,193,FALSE
2/14/23 17:04,50.2,50.2,180,185,FALSE
2/14/23 17:06,50.4,50.4,188,192,FALSE
2/14/23 17:08,50.4,50.4,195,199,FALSE
2/14/23 17:10,50.6,50.5,197,199,FALSE
2/14/23 17:12,50.3,50.2,182,189,FALSE
2/14/23 17:14,50.2,50.2,184,192,FALSE
2/14/23 17:16,50.2,50.2,197,199,FALSE
2/14/23 17:18,50.5,50.4,192,197,FALSE
2/14/23 17:20,50,50.1,183,192,FALSE
2/14/23 17:22,50.4,50.5,181,188,FALSE
2/14/23 17:24,50.5,50.4,184,191,FALSE
2/14/23 17:26,50.4,50.4,181,188,FALSE
2/14/23 17:28,50.2,50.2,181,189,FALSE
2/14/23 17:30,50.3,50.3,186,193,FALSE
2/14/23 17:32,50.3,50.2,183,191,FALSE
2/14/23 17:34,50.3,50.3,183,189,FALSE
2/14/23 17:36,50.3,50.4,184,190,FALSE
2/14/23 17:38,50.2,50.1,179,185,FALSE
2/14/23 17:40,50.2,50.1,179,185,FALSE
2/14/23 17:42,50.4,50.5,184,187,FALSE
2/14/23 17:44,50.2,50.1,177,184,FALSE
2/14/23 17:46,50.5,50.5,182,188,FALSE
2/14/23 17:48,50.3,50.3,184,190,FALSE
2/14/23 17:50,50.3,50.3,181,187,FALSE
2/14/23 17:52,50.5,50.5,185,190,FALSE
2/14/23 17:54,50.4,50.4,185,190,FALSE
2/14/23 17:56,50.4,50.4,184,192,FALSE
2/14/23 17:58,50.3,50.3,185,192,FALSE
2/14/23 18:00,50.3,50.2,190,195,FALSE
2/14/23 18:02,50.3,50.4,188,193,FALSE
2/14/23 18:04,50.4,50.4,190,196,FALSE
2/14/23 18:06,50.2,50.2,188,195,FALSE
2/14/23 18:08,50.1,50.1,194,197,FALSE
2/14/23 18:10,50.4,50.4,194,197,FALSE
2/14/23 18:12,50.2,50.2,190,192,FALSE
2/14/23 18:14,50.3,50.3,194,197,FALSE
2/14/23 18:16,50,49.9,190,194,FALSE
2/14/23 18:18,50.4,50.5,194,196,FALSE
2/14/23 18:20,50.2,50.2,194,197,FALSE
2/14/23 18:22,50.3,50.2,194,197,FALSE
2/14/23 18:24,50.3,50.3,194,197,FALSE
2/14/23 18:26,50.3,50.3,192,194,FALSE
2/14/23 18:28,50.2,50.2,189,192,FALSE
2/14/23 18:30,50.3,50.3,192,195,FALSE
2/14/23 18:32,50.3,50.3,194,197,FALSE
2/14/23 18:34,50.1,50.1,191,194,FALSE
2/14/23 18:36,50.3,50.3,192,195,FALSE
2/14/23 18:38,50.1,50.1,190,192,FALSE
2/14/23 18:40,50.2,50.1,187,190,FALSE
2/14/23 18:42,50,50,186,190,FALSE
2/14/23 18:44,50.2,50.2,188,190,FALSE
2/14/23 18:46,50.2,50.2,187,190,FALSE
2/14/23 18:48,50.3,50.2,184,187,FALSE
2/14/23 18:50,50.1,50.2,185,190,FALSE
2/14/23 18:52,49.9,49.9,185,187,FALSE
2/14/23 18:54,50.1,50.1,174,178,FALSE
2/14/23 18:56,50.1,50.1,174,178,FALSE
2/14/23 18:58,50,50,176,178,FALSE
2/14/23 19:00,49.9,49.9,173,176,FALSE
2/14/23 19:02,50,49.9,172,175,FALSE
2/14/23 19:04,49.8,49.8,175,178,FALSE
2/14/23 19:06,50.1,50.1,173,177,FALSE
2/14/23 19:08,50,50,176,180,FALSE
2/14/23 19:10,50,50,177,180,FALSE
2/14/23 19:12,50,50.1,176,179,FALSE
2/14/23 19:14,50,50,177,180,FALSE
2/14/23 19:16,50.2,50.2,182,185,FALSE
2/14/23 19:18,50.1,50.1,186,190,FALSE
2/14/23 19:20,49.8,49.8,188,193,FALSE
2/14/23 19:22,50.1,50.1,194,197,FALSE
2/14/23 19:24,50,50,188,192,FALSE
2/14/23 19:26,49.9,50,187,191,FALSE
2/14/23 19:28,50.2,50.2,190,192,FALSE
2/14/23 19:30,50.1,50.1,189,192,FALSE
2/14/23 19:32,50.1,50,188,190,FALSE
2/14/23 19:34,50.3,50.3,184,188,FALSE
2/14/23 19:36,50.2,50.2,189,192,FALSE
2/14/23 19:38,50,50.1,190,193,FALSE
2/14/23 19:40,49.9,50,192,194,FALSE
2/14/23 19:42,50.3,50.3,190,192,FALSE
2/14/23 19:44,50.1,50.1,187,191,FALSE
2/14/23 19:46,49.9,49.8,185,189,FALSE
2/14/23 19:48,50,50.1,181,185,FALSE
2/14/23 19:50,50.1,50.1,185,189,FALSE
2/14/23 19:52,50.1,50,184,186,FALSE
2/14/23 19:54,50.3,50.2,183,184,FALSE
2/14/23 19:56,50.2,50.1,180,185,FALSE
2/14/23 19:58,50.2,50.1,187,186,FALSE
2/14/23 20:00,50,50,183,185,FALSE
2/14/23 20:02,50.2,50.1,187,191,FALSE
2/14/23 20:04,50.1,50.1,189,191,FALSE
2/14/23 20:06,50.1,50.2,182,187,FALSE
2/14/23 20:08,50.1,50.1,182,189,FALSE
2/14/23 20:10,50.2,50.2,187,194,FALSE
2/14/23 20:12,50.1,50.2,184,189,FALSE
2/14/23 20:14,50.2,50.2,192,194,FALSE
2/14/23 20:16,50,49.9,192,194,FALSE
2/14/23 20:18,50.2,50.1,190,192,FALSE
2/14/23 20:20,50.2,50.2,192,195,FALSE
2/14/23 20:22,50.2,50.3,192,195,FALSE
2/14/23 20:24,50,50.1,192,194,FALSE
2/14/23 20:26,50.2,50.2,190,193,FALSE
2/14/23 20:28,50.2,50.2,190,192,FALSE
2/14/23 20:30,50.1,50.1,189,192,FALSE
2/14/23 20:32,50.1,50.1,191,193,FALSE
2/14/23 20:34,50.2,50.2,189,192,FALSE
2/14/23 20:36,50.2,50.2,191,194,FALSE
2/14/23 20:38,50,50,193,195,FALSE
2/14/23 20:40,50.3,50.2,190,192,FALSE
2/14/23 20:42,50.1,50.1,190,192,FALSE
2/14/23 20:44,50.2,50.2,199,202,FALSE
2/14/23 20:46,50.3,50.3,197,199,FALSE
2/14/23 20:48,50.2,50.2,193,196,FALSE
2/14/23 20:50,50.1,50.1,194,197,FALSE
2/14/23 20:52,50.2,50.2,196,199,FALSE
2/14/23 20:54,50.3,50.3,194,197,FALSE
2/14/23 20:56,50.3,50.3,194,197,FALSE
2/14/23 20:58,50.3,50.4,198,200,FALSE
2/14/23 21:00,50.2,50.2,197,200,FALSE
2/14/23 21:02,50.3,50.3,194,196,FALSE
2/14/23 21:04,50.4,50.3,194,197,FALSE
2/14/23 21:06,50,50.1,195,198,FALSE
2/14/23 21:08,50.3,50.3,197,200,FALSE
2/14/23 21:10,50.3,50.3,197,199,FALSE
2/14/23 21:12,50.3,50.2,194,198,FALSE
2/14/23 21:14,50.2,50.2,194,197,FALSE
2/14/23 21:16,50.4,50.3,194,197,FALSE
2/14/23 21:18,50.2,50.2,199,202,FALSE
2/14/23 21:20,50.4,50.5,202,204,FALSE
2/14/23 21:22,50.1,50.2,199,202,FALSE
2/14/23 21:24,50.4,50.5,197,200,FALSE
2/14/23 21:26,50.4,50.4,196,199,FALSE
2/14/23 21:28,50.3,50.3,192,194,FALSE
2/14/23 21:30,50.1,50.2,192,196,FALSE
2/14/23 21:32,50.3,50.3,198,201,FALSE
2/14/23 21:34,50.4,50.4,199,201,FALSE
2/14/23 21:36,50.3,50.3,199,202,FALSE
2/14/23 21:38,50.5,50.5,199,202,FALSE
2/14/23 21:40,50.4,50.4,201,203,FALSE
2/14/23 21:42,50.3,50.3,202,204,FALSE
2/14/23 21:44,50.2,50.2,198,202,FALSE
2/14/23 21:46,50.4,50.4,199,202,FALSE
2/14/23 21:48,50.3,50.3,196,199,FALSE
2/14/23 21:50,50.4,50.5,199,202,FALSE
2/14/23 21:52,50.4,50.4,199,202,FALSE
2/14/23 21:54,50.6,50.6,198,202,FALSE
2/14/23 21:56,50.5,50.5,199,203,FALSE
2/14/23 21:58,50.5,50.5,201,204,FALSE
2/14/23 22:00,50.3,50.4,200,203,FALSE
2/14/23 22:02,50.6,50.5,199,202,FALSE
2/14/23 22:04,50.4,50.3,202,204,FALSE
2/14/23 22:06,50.4,50.4,201,204,FALSE
2/14/23 22:08,50.4,50.4,199,203,FALSE
2/14/23 22:10,50.5,50.6,202,204,FALSE
2/14/23 22:12,50.4,50.5,204,207,FALSE
2/14/23 22:14,50.6,50.5,204,207,FALSE
2/14/23 22:16,50.5,50.5,204,207,FALSE
2/14/23 22:18,50.6,50.6,201,204,FALSE
2/14/23 22:20,50.3,50.3,202,205,FALSE
2/14/23 22:22,50.6,50.6,206,209,FALSE
2/14/23 22:24,50.6,50.6,204,207,FALSE
2/14/23 22:26,50.4,50.4,200,203,FALSE
2/14/23 22:28,50.5,50.5,203,206,FALSE
2/14/23 22:30,50.6,50.6,202,206,FALSE
2/14/23 22:32,50.6,50.6,206,209,FALSE
2/14/23 22:34,50.6,50.6,207,210,FALSE
2/14/23 22:36,50.6,50.6,205,209,FALSE
2/14/23 22:38,50.5,50.6,207,211,FALSE
2/14/23 22:40,50.5,50.6,209,211,FALSE
2/14/23 22:42,50.6,50.7,208,211,FALSE
2/14/23 22:44,50.7,50.7,210,214,FALSE
2/14/23 22:46,50.6,50.6,212,215,FALSE
2/14/23 22:48,50.6,50.7,209,212,FALSE
2/14/23 22:50,50.7,50.6,210,213,FALSE
2/14/23 22:52,50.5,50.6,210,213,FALSE
2/14/23 22:54,50.7,50.7,211,214,FALSE
2/14/23 22:56,50.6,50.6,209,212,FALSE
2/14/23 22:58,50.6,50.7,210,213,FALSE
2/14/23 23:00,50.6,50.6,211,214,FALSE
2/14/23 23:02,50.4,50.4,209,212,FALSE
2/14/23 23:04,50.7,50.7,209,211,FALSE
2/14/23 23:06,50.5,50.5,212,216,FALSE
2/14/23 23:08,50.8,50.7,213,216,FALSE
2/14/23 23:10,50.6,50.6,213,216,FALSE
2/14/23 23:12,50.8,50.8,213,216,FALSE
2/14/23 23:14,50.7,50.7,209,213,FALSE
2/14/23 23:16,50.6,50.7,212,214,FALSE
2/14/23 23:18,50.6,50.5,210,214,FALSE
2/14/23 23:20,50.6,50.7,210,214,FALSE
2/14/23 23:22,50.7,50.7,209,211,FALSE
2/14/23 23:24,50.6,50.7,212,216,FALSE
2/14/23 23:26,50.8,50.8,213,216,FALSE
2/14/23 23:28,50.8,50.8,215,218,FALSE
2/14/23 23:30,50.6,50.7,212,216,FALSE
2/14/23 23:32,50.7,50.7,213,216,FALSE
2/14/23 23:34,50.7,50.7,214,217,FALSE
2/14/23 23:36,50.7,50.7,215,218,FALSE
2/14/23 23:38,50.7,50.7,212,216,FALSE
2/14/23 23:40,50.8,50.7,214,217,FALSE
2/14/23 23:42,50.6,50.7,215,218,FALSE
2/14/23 23:44,50.8,50.8,214,217,FALSE
2/14/23 23:46,50.6,50.6,219,221,FALSE
2/14/23 23:48,50.7,50.7,217,221,FALSE
2/14/23 23:50,50.7,50.7,217,221,FALSE
2/14/23 23:52,50.7,50.7,219,222,FALSE
2/14/23 23:54,50.6,50.5,219,222,FALSE
2/14/23 23:56,51,51,219,222,FALSE
2/14/23 23:58,50.8,50.8,220,223,FALSE