"Time","Frequency 3E2F4FD3 (Ch Cbca Bethesda Ndosho - laboratoire)","Frequency C30F2E03 (Ch Cbca Bethesda Ndosho - clinique)","Voltage 3E2F4FD3 (Ch Cbca Bethesda Ndosho - laboratoire)","Voltage C30F2E03 (Ch Cbca Bethesda Ndosho - clinique)"
2025-01-22 00:00:00,50.0,49.7,225,215
2025-01-22 00:02:00,50.0,49.8,227,214
2025-01-22 00:04:00,198,49.9,227,216
2025-01-22 00:06:00,67.1,49.5,225,215
2025-01-22 00:08:00,50.0,49.7,225,215
2025-01-22 00:10:00,100,49.5,225,213
2025-01-22 00:12:00,66.9,50.0,226,218
2025-01-22 00:14:00,49.9,49.8,226,217
2025-01-22 00:16:00,99.4,49.5,224,217
2025-01-22 00:18:00,50.1,49.8,225,219
2025-01-22 00:20:00,100,49.6,226,217
2025-01-22 00:22:00,50.2,49.9,225,219
2025-01-22 00:24:00,99.2,49.7,225,219
2025-01-22 00:26:00,50.0,49.5,226,219
2025-01-22 00:28:00,49.9,49.5,226,219
2025-01-22 00:30:00,99.4,49.6,225,220
2025-01-22 00:32:00,100,49.7,225,219
2025-01-22 00:34:00,197,49.5,225,217
2025-01-22 00:36:00,66.9,49.6,225,219
2025-01-22 00:38:00,49.9,49.6,225,220
2025-01-22 00:40:00,50.0,49.9,225,219
2025-01-22 00:42:00,99.4,49.7,226,220
2025-01-22 00:44:00,50.0,49.4,226,220
2025-01-22 00:46:00,100,50,225,220
2025-01-22 00:48:00,50.0,49.8,227,219
2025-01-22 00:50:00,66.7,49.8,226,221
2025-01-22 00:52:00,66.8,49.6,225,219
2025-01-22 00:54:00,66.7,49.6,226,218
2025-01-22 00:56:00,99.4,49.7,225,218
2025-01-22 00:58:00,198,50.0,225,220
2025-01-22 01:00:00,50.1,49.4,225,218
2025-01-22 01:02:00,50.0,49.5,226,218
2025-01-22 01:04:00,66.5,49.8,225,219
2025-01-22 01:06:00,100,49.8,225,220
2025-01-22 01:08:00,50,49.8,225,219
2025-01-22 01:10:00,99.3,49.8,226,219
2025-01-22 01:12:00,50.1,49.7,225,219
2025-01-22 01:14:00,66.3,49.3,225,218
2025-01-22 01:16:00,50.0,50.0,225,220
2025-01-22 01:18:00,99.2,50.0,225,220
2025-01-22 01:20:00,66.8,49.8,225,221
2025-01-22 01:22:00,66.7,49.3,226,219
2025-01-22 01:24:00,50.0,49.7,225,221
2025-01-22 01:26:00,50.0,49.9,225,220
2025-01-22 01:28:00,50.1,49.7,225,220
2025-01-22 01:30:00,99.4,49.9,226,222
2025-01-22 01:32:00,50.0,49.7,226,221
2025-01-22 01:34:00,66.8,49.7,226,222
2025-01-22 01:36:00,49.8,49.8,226,221
2025-01-22 01:38:00,50.0,49.9,226,220
2025-01-22 01:40:00,50.1,50.0,226,222
2025-01-22 01:42:00,49.9,49.7,226,221
2025-01-22 01:44:00,99.9,49.7,227,224
2025-01-22 01:46:00,49.9,49.7,227,221
2025-01-22 01:48:00,100,49.8,226,222
2025-01-22 01:50:00,50.1,50.0,226,223
2025-01-22 01:52:00,100,49.7,225,222
2025-01-22 01:54:00,99.4,49.4,226,220
2025-01-22 01:56:00,50.1,49.7,225,222
2025-01-22 01:58:00,100,49.9,226,220
2025-01-22 02:00:00,99.4,50.2,227,222
2025-01-22 02:02:00,99.7,49.6,226,221
2025-01-22 02:04:00,66.7,49.7,226,221
2025-01-22 02:06:00,99.9,49.9,226,221
2025-01-22 02:08:00,50.1,49.8,227,221
2025-01-22 02:10:00,49.9,50.0,227,220
2025-01-22 02:12:00,99.4,49.7,225,220
2025-01-22 02:14:00,50.1,49.6,225,219
2025-01-22 02:16:00,50.0,49.9,225,220
2025-01-22 02:18:00,49.9,49.6,227,220
2025-01-22 02:20:00,50.1,50.0,227,223
2025-01-22 02:22:00,99.3,49.5,226,219
2025-01-22 02:24:00,49.9,49.8,226,219
2025-01-22 02:26:00,99.1,49.9,225,220
2025-01-22 02:28:00,50.0,49.7,227,221
2025-01-22 02:30:00,66.6,50.1,227,222
2025-01-22 02:32:00,49.9,49.9,226,223
2025-01-22 02:34:00,49.8,49.7,225,223
2025-01-22 02:36:00,49.9,49.6,225,221
2025-01-22 02:38:00,100,50.0,226,223
2025-01-22 02:40:00,49.9,49.8,225,221
2025-01-22 02:42:00,99.1,49.5,226,222
2025-01-22 02:44:00,66.8,49.7,225,220
2025-01-22 02:46:00,100,49.8,225,223
2025-01-22 02:48:00,198,49.8,226,223
2025-01-22 02:50:00,100,49.9,226,223
2025-01-22 02:52:00,100,49.8,225,221
2025-01-22 02:54:00,99.7,49.8,225,223
2025-01-22 02:56:00,99.2,49.7,225,224
2025-01-22 02:58:00,100.0,50.1,225,225
2025-01-22 03:00:00,50.0,49.7,226,224
2025-01-22 03:02:00,99.7,49.6,226,223
2025-01-22 03:04:00,99.4,49.8,226,222
2025-01-22 03:06:00,50.1,49.7,224,223
2025-01-22 03:08:00,67.0,49.8,225,223
2025-01-22 03:10:00,100,49.5,225,219
2025-01-22 03:12:00,99.2,49.8,225,220
2025-01-22 03:14:00,50.0,49.6,226,220
2025-01-22 03:16:00,67.0,50.1,226,224
2025-01-22 03:18:00,66.6,49.9,225,223
2025-01-22 03:20:00,67.0,49.6,224,221
2025-01-22 03:22:00,99.7,49.7,226,222
2025-01-22 03:24:00,99.7,49.8,225,222
2025-01-22 03:26:00,50.1,49.9,224,223
2025-01-22 03:28:00,50.0,49.7,224,222
2025-01-22 03:30:00,100,50.0,224,223
2025-01-22 03:32:00,99.4,49.7,226,223
2025-01-22 03:34:00,50.0,50.0,225,222
2025-01-22 03:36:00,50.0,49.9,225,223
2025-01-22 03:38:00,99.1,49.8,225,221
2025-01-22 03:40:00,50.0,49.7,225,220
2025-01-22 03:42:00,100,49.6,225,218
2025-01-22 03:44:00,100,49.9,225,223
2025-01-22 03:46:00,49.9,49.7,226,221
2025-01-22 03:48:00,99.1,49.6,226,219
2025-01-22 03:50:00,49.9,49.3,226,219
2025-01-22 03:52:00,99.4,50.1,226,222
2025-01-22 03:54:00,50.0,50.2,227,223
2025-01-22 03:56:00,198,49.6,226,221
2025-01-22 03:58:00,66.8,49.5,226,221
2025-01-22 04:00:00,66.6,50.2,227,223
2025-01-22 04:02:00,100,50.2,226,222
2025-01-22 04:04:00,100,49.9,226,221
2025-01-22 04:06:00,99.4,50,225,223
2025-01-22 04:08:00,99.2,49.7,225,221
2025-01-22 04:10:00,99.7,49.5,225,220
2025-01-22 04:12:00,50.1,50.0,225,223
2025-01-22 04:14:00,50.0,49.9,225,222
2025-01-22 04:16:00,99.4,49.8,225,224
2025-01-22 04:18:00,99.9,49.6,225,225
2025-01-22 04:20:00,99.1,49.9,225,224
2025-01-22 04:22:00,66.8,49.9,225,225
2025-01-22 04:24:00,100,50.0,227,224
2025-01-22 04:26:00,99.4,49.5,226,221
2025-01-22 04:28:00,66.9,49.8,226,221
2025-01-22 04:30:00,101,49.8,226,221
2025-01-22 04:32:00,99.7,49.9,225,222
2025-01-22 04:34:00,50.0,49.8,226,226
2025-01-22 04:36:00,99.4,49.7,227,224
2025-01-22 04:38:00,66.9,50.0,225,224
2025-01-22 04:40:00,66.8,49.6,226,223
2025-01-22 04:42:00,99.1,49.9,225,225
2025-01-22 04:44:00,66.5,49.7,225,224
2025-01-22 04:46:00,66.7,49.6,227,224
2025-01-22 04:48:00,99.4,50.1,227,223
2025-01-22 04:50:00,99.2,49.8,227,221
2025-01-22 04:52:00,99.6,50.3,225,224
2025-01-22 04:54:00,49.9,50.1,226,224
2025-01-22 04:56:00,99.2,50.1,225,225
2025-01-22 04:58:00,99.1,50.0,226,225
2025-01-22 05:00:00,99.2,49.9,227,221
2025-01-22 05:02:00,100,50.0,226,223
2025-01-22 05:04:00,66.9,49.8,226,223
2025-01-22 05:06:00,99.9,49.7,225,223
2025-01-22 05:08:00,197,50.0,225,224
2025-01-22 05:10:00,99.4,50.3,226,227
2025-01-22 05:12:00,50.0,50.2,226,218
2025-01-22 05:14:00,99.4,49.7,225,215
2025-01-22 05:16:00,196,50.2,225,215
2025-01-22 05:18:00,50.1,49.8,226,215
2025-01-22 05:20:00,99.2,49.9,225,224
2025-01-22 05:22:00,100,49.9,226,224
2025-01-22 05:24:00,100,50.0,226,225
2025-01-22 05:26:00,99.4,49.9,226,225
2025-01-22 05:28:00,66.8,49.8,225,222
2025-01-22 05:30:00,100,49.9,225,219
2025-01-22 05:32:00,99.4,50.0,225,220
2025-01-22 05:34:00,100,49.7,226,210
2025-01-22 05:36:00,99.9,50.0,227,214
2025-01-22 05:38:00,100,49.7,227,208
2025-01-22 05:40:00,99.4,49.8,225,208
2025-01-22 05:42:00,99.7,49.9,225,209
2025-01-22 05:44:00,99.4,49.8,227,208
2025-01-22 05:46:00,99.4,49.9,226,207
2025-01-22 05:48:00,100,49.7,227,217
2025-01-22 05:50:00,101,49.6,225,217
2025-01-22 05:52:00,100,49.8,226,217
2025-01-22 05:54:00,66.7,49.9,225,219
2025-01-22 05:56:00,99.4,49.7,226,219
2025-01-22 05:58:00,99.1,49.6,225,217
2025-01-22 06:00:00,66.6,49.8,226,205
2025-01-22 06:02:00,99.4,49.6,226,207
2025-01-22 06:04:00,66.3,49.6,226,207
2025-01-22 06:06:00,99.4,49.6,224,212
2025-01-22 06:08:00,100,49.6,225,217
2025-01-22 06:10:00,50.1,49.8,227,216
2025-01-22 06:12:00,100,49.4,227,211
2025-01-22 06:14:00,198,49.5,226,206
2025-01-22 06:16:00,50.2,49.6,226,207
2025-01-22 06:18:00,99.9,49.6,226,202
2025-01-22 06:20:00,49.8,49.7,226,204
2025-01-22 06:22:00,99.4,49.6,225,207
2025-01-22 06:24:00,99.4,49.5,226,208
2025-01-22 06:26:00,99.4,49.4,225,209
2025-01-22 06:28:00,100,49.4,225,207
2025-01-22 06:30:00,198,49.8,227,205
2025-01-22 06:32:00,50.0,49.4,226,200
2025-01-22 06:34:00,66.9,49.3,226,206
2025-01-22 06:36:00,100,49.5,226,210
2025-01-22 06:38:00,100,49.7,226,204
2025-01-22 06:40:00,50.0,49.8,225,203
2025-01-22 06:42:00,66.5,49.8,225,215
2025-01-22 06:44:00,100,49.7,226,209
2025-01-22 06:46:00,50.0,49.4,226,200
2025-01-22 06:48:00,100,49.6,227,206
2025-01-22 06:50:00,99.4,49.7,225,199
2025-01-22 06:52:00,99.2,49.5,225,204
2025-01-22 06:54:00,50.0,49.4,226,199
2025-01-22 06:56:00,99.4,49.7,227,203
2025-01-22 06:58:00,50.1,49.5,225,203
2025-01-22 07:00:00,99.1,49.6,227,204
2025-01-22 07:02:00,100,49.7,225,212
2025-01-22 07:04:00,67.0,49.9,226,208
2025-01-22 07:06:00,100,49.7,226,212
2025-01-22 07:08:00,99.7,49.4,226,203
2025-01-22 07:10:00,50.0,49.6,226,202
2025-01-22 07:12:00,99.7,49.7,227,198
2025-01-22 07:14:00,100,49.6,226,208
2025-01-22 07:16:00,99.7,49.7,226,207
2025-01-22 07:18:00,50.0,49.8,227,208
2025-01-22 07:20:00,66.7,49.7,227,207
2025-01-22 07:22:00,99.7,49.9,226,205
2025-01-22 07:24:00,50.0,49.7,226,209
2025-01-22 07:26:00,99.1,49.7,225,207
2025-01-22 07:28:00,66.5,49.9,226,203
2025-01-22 07:30:00,99.4,50.1,226,212
2025-01-22 07:32:00,99.1,49.7,227,209
2025-01-22 07:34:00,50.0,49.5,225,202
2025-01-22 07:36:00,101,49.8,226,210
2025-01-22 07:38:00,99.4,49.7,225,213
2025-01-22 07:40:00,99.2,49.7,225,216
2025-01-22 07:42:00,99.7,49.7,226,212
2025-01-22 07:44:00,49.9,49.7,226,213
2025-01-22 07:46:00,99.4,49.6,226,208
2025-01-22 07:48:00,99.4,49.9,227,210
2025-01-22 07:50:00,100,49.6,226,212
2025-01-22 07:52:00,66.6,49.7,226,208
2025-01-22 07:54:00,100,49.6,227,212
2025-01-22 07:56:00,100,49.8,226,209
2025-01-22 07:58:00,99.2,49.5,226,216
2025-01-22 08:00:00,49.9,49.6,226,213
2025-01-22 08:02:00,99.4,50.0,226,211
2025-01-22 08:04:00,50.0,49.6,225,209
2025-01-22 08:06:00,49.9,49.7,227,208
2025-01-22 08:08:00,99.1,49.6,226,208
2025-01-22 08:10:00,100,49.4,226,203
2025-01-22 08:12:00,50.0,49.7,225,209
2025-01-22 08:14:00,100,49.5,225,206
2025-01-22 08:16:00,100,49.4,226,205
2025-01-22 08:18:00,50.0,49.4,226,205
2025-01-22 08:20:00,50.1,49.6,227,199
2025-01-22 08:22:00,100,49.6,225,199
2025-01-22 08:24:00,99.4,49.7,225,199
2025-01-22 08:26:00,66.5,49.5,225,203
2025-01-22 08:28:00,50.1,49.6,225,200
2025-01-22 08:30:00,100.0,49.3,226,198
2025-01-22 08:32:00,50.2,49.5,226,196
2025-01-22 08:34:00,50.1,49.4,226,194
2025-01-22 08:36:00,50.1,49.3,226,193
2025-01-22 08:38:00,99.7,49.3,227,193
2025-01-22 08:40:00,101,49.6,227,190
2025-01-22 08:42:00,49.9,49.4,226,193
2025-01-22 08:44:00,66.9,49.3,226,199
2025-01-22 08:46:00,99.4,49.3,226,198
2025-01-22 08:48:00,198,49.1,226,196
2025-01-22 08:50:00,100,49.7,226,195
2025-01-22 08:52:00,66.9,49.4,226,194
2025-01-22 08:54:00,198,49.3,226,185
2025-01-22 08:56:00,49.9,49.2,226,191
2025-01-22 08:58:00,99.4,49.4,225,189
2025-01-22 09:00:00,66.7,49.4,225,198
2025-01-22 09:02:00,50.1,49.4,224,202
2025-01-22 09:04:00,66.7,49.3,226,200
2025-01-22 09:06:00,50.0,49.3,225,205
2025-01-22 09:08:00,99.7,49.6,225,203
2025-01-22 09:10:00,50.0,49.4,227,203
2025-01-22 09:12:00,50.0,49.2,226,198
2025-01-22 09:14:00,49.9,49.1,225,195
2025-01-22 09:16:00,50.1,49.5,225,192
2025-01-22 09:18:00,99.4,49.4,225,194
2025-01-22 09:20:00,50.1,49.7,226,198
2025-01-22 09:22:00,50.0,49.5,227,199
2025-01-22 09:24:00,50.1,49.5,226,196
2025-01-22 09:26:00,66.6,49.3,228,194
2025-01-22 09:28:00,50.2,49.6,226,193
2025-01-22 09:30:00,50.0,49.4,227,194
2025-01-22 09:32:00,50.0,49.6,227,192
2025-01-22 09:34:00,50.0,49.5,226,189
2025-01-22 09:36:00,50.0,49.6,226,193
2025-01-22 09:38:00,50.0,49.0,227,190
2025-01-22 09:40:00,49.9,49.3,227,194
2025-01-22 09:42:00,99.1,49.2,227,192
2025-01-22 09:44:00,99.1,49.5,226,187
2025-01-22 09:46:00,66.5,49.4,226,188
2025-01-22 09:48:00,99.7,49.4,226,182
2025-01-22 09:50:00,66.7,49.6,225,184
2025-01-22 09:52:00,50.0,49.6,225,184
2025-01-22 09:54:00,50.0,49.3,227,185
2025-01-22 09:56:00,99.7,49.3,226,189
2025-01-22 09:58:00,50.0,49.3,225,187
2025-01-22 10:00:00,50.1,49.5,226,188
2025-01-22 10:02:00,50.0,49.5,226,188
2025-01-22 10:04:00,99.9,49.4,226,185
2025-01-22 10:06:00,99.1,49.4,226,181
2025-01-22 10:08:00,100,49.1,228,179
2025-01-22 10:10:00,99.4,49.7,225,183
2025-01-22 10:12:00,99.6,49.1,226,181
2025-01-22 10:14:00,99.4,51.2,225,200
2025-01-22 10:16:00,66.6,49.4,225,184
2025-01-22 10:18:00,50.0,49.3,225,186
2025-01-22 10:20:00,99.4,49.5,225,192
2025-01-22 10:22:00,100,49.6,226,193
2025-01-22 10:24:00,100,49.4,225,192
2025-01-22 10:26:00,100,49.5,227,191
2025-01-22 10:28:00,99.2,49.5,227,189
2025-01-22 10:30:00,100,49.4,225,189
2025-01-22 10:32:00,99.9,49.4,227,184
2025-01-22 10:34:00,66.5,49.4,225,183
2025-01-22 10:36:00,198,49.0,225,181
2025-01-22 10:38:00,100,49.0,228,187
2025-01-22 10:40:00,100,49.3,226,182
2025-01-22 10:42:00,50.0,49.5,226,181
2025-01-22 10:44:00,49.9,49.4,226,184
2025-01-22 10:46:00,99.1,49.4,225,187
2025-01-22 10:48:00,99.4,49.2,227,182
2025-01-22 10:50:00,49.8,49.3,225,189
2025-01-22 10:52:00,67.1,49.6,226,183
2025-01-22 10:54:00,66.9,49.4,226,194
2025-01-22 10:56:00,50.1,49.4,225,188
2025-01-22 10:58:00,66.8,49.4,226,181
2025-01-22 11:00:00,50.0,49.3,226,183
2025-01-22 11:02:00,50.0,49.5,226,189
2025-01-22 11:04:00,197,49.7,225,189
2025-01-22 11:06:00,66.6,49.7,226,190
2025-01-22 11:08:00,99.9,49.6,225,196
2025-01-22 11:10:00,100,49.6,226,195
2025-01-22 11:12:00,99.2,49.4,226,188
2025-01-22 11:14:00,99.7,49.4,226,185
2025-01-22 11:16:00,100,49.1,226,182
2025-01-22 11:18:00,99.4,49.3,226,181
2025-01-22 11:20:00,50.0,49.3,226,179
2025-01-22 11:22:00,66.7,49.5,226,182
2025-01-22 11:24:00,49.9,49.5,226,185
2025-01-22 11:26:00,49.9,49.4,226,184
2025-01-22 11:28:00,49.9,49.1,226,185
2025-01-22 11:30:00,99.4,49.4,226,184
2025-01-22 11:32:00,66.8,49.4,226,186
2025-01-22 11:34:00,100.0,49.4,224,186
2025-01-22 11:36:00,100,49.2,230,192
2025-01-22 11:38:00,99.7,49.6,231,194
2025-01-22 11:40:00,50.1,49.3,229,190
2025-01-22 11:42:00,66.7,49.3,229,187
2025-01-22 11:44:00,100,49.2,229,182
2025-01-22 11:46:00,99.7,49.5,229,183
2025-01-22 11:48:00,66.7,49.5,229,189
2025-01-22 11:50:00,99.2,49.5,229,176
2025-01-22 11:52:00,66.7,49.4,229,186
2025-01-22 11:54:00,66.7,49.5,228,190
2025-01-22 11:56:00,66.9,49.3,228,186
2025-01-22 11:58:00,66.6,49.1,229,187
2025-01-22 12:00:00,99.7,49.5,229,191
2025-01-22 12:02:00,99.4,49.5,229,190
2025-01-22 12:04:00,66.7,49.3,229,181
2025-01-22 12:06:00,198,49.5,229,188
2025-01-22 12:08:00,66.6,49.3,229,190
2025-01-22 12:10:00,101,49.3,229,182
2025-01-22 12:12:00,99.4,49.5,229,188
2025-01-22 12:14:00,100,49.5,229,191
2025-01-22 12:16:00,99.4,49.3,226,184
2025-01-22 12:18:00,100.0,49.6,225,189
2025-01-22 12:20:00,101,49.3,225,194
2025-01-22 12:22:00,100,49.1,225,186
2025-01-22 12:24:00,100.0,49.5,225,190
2025-01-22 12:26:00,99.9,49.7,226,193
2025-01-22 12:28:00,100,49.5,226,190
2025-01-22 12:30:00,66.7,55.0,226,222
2025-01-22 12:32:00,50.0,50.2,226,210
2025-01-22 12:34:00,100,50.7,229,206
2025-01-22 12:36:00,66.6,51.0,229,210
2025-01-22 12:38:00,50.1,50.7,231,212
2025-01-22 12:40:00,50.0,50.6,228,205
2025-01-22 12:42:00,50.0,50.4,229,202
2025-01-22 12:44:00,198,50.5,230,197
2025-01-22 12:46:00,199,50.3,230,188
2025-01-22 12:48:00,100,50.0,229,191
2025-01-22 12:50:00,99.1,49.9,229,193
2025-01-22 12:52:00,100,50,229,198
2025-01-22 12:54:00,50.1,49.4,226,191
2025-01-22 12:56:00,100,49.6,226,185
2025-01-22 12:58:00,50.1,49.2,226,185
2025-01-22 13:00:00,99.1,49.2,227,183
2025-01-22 13:02:00,99.4,49.8,227,185
2025-01-22 13:04:00,100,49.7,226,186
2025-01-22 13:06:00,50.0,49.8,226,189
2025-01-22 13:08:00,100,49.6,226,184
2025-01-22 13:10:00,49.8,49.7,226,179
2025-01-22 13:12:00,49.9,50.1,226,189
2025-01-22 13:14:00,50.1,49.7,227,188
2025-01-22 13:16:00,66.7,49.9,226,191
2025-01-22 13:18:00,66.9,49.5,226,187
2025-01-22 13:20:00,100,49.7,225,178
2025-01-22 13:22:00,100,49.4,226,189
2025-01-22 13:24:00,50.1,49.4,225,189
2025-01-22 13:26:00,99.7,49.4,226,190
2025-01-22 13:28:00,100,49.6,225,197
2025-01-22 13:30:00,100,49.2,226,192
2025-01-22 13:32:00,99.6,49.1,226,190
2025-01-22 13:34:00,99.1,49.3,225,187
2025-01-22 13:36:00,49.9,49.6,225,186
2025-01-22 13:38:00,50.1,49.2,226,190
2025-01-22 13:40:00,99.4,49.0,225,186
2025-01-22 13:42:00,100,49.1,227,185
2025-01-22 13:44:00,99.4,49.3,226,184
2025-01-22 13:46:00,66.9,49.1,227,185
2025-01-22 13:48:00,50.0,49.2,225,185
2025-01-22 13:50:00,198,49.4,226,188
2025-01-22 13:52:00,100,49.3,225,187
2025-01-22 13:54:00,100,49.2,226,191
2025-01-22 13:56:00,199,49.1,227,188
2025-01-22 13:58:00,195,48.8,226,181
2025-01-22 14:00:00,66.8,49.1,225,186
2025-01-22 14:02:00,99.2,49.3,225,190
2025-01-22 14:04:00,99.2,49.1,225,188
2025-01-22 14:06:00,100,49.4,227,192
2025-01-22 14:08:00,66.8,49.2,226,188
2025-01-22 14:10:00,99.2,49.0,227,186
2025-01-22 14:12:00,199,49.7,226,193
2025-01-22 14:14:00,99.4,49.4,227,193
2025-01-22 14:16:00,50.1,49.5,226,191
2025-01-22 14:18:00,99.4,49.5,226,192
2025-01-22 14:20:00,50.0,49.2,227,189
2025-01-22 14:22:00,66.7,49.1,226,192
2025-01-22 14:24:00,66.6,49.1,226,192
2025-01-22 14:26:00,100,49.0,226,192
2025-01-22 14:28:00,66.9,49.2,226,185
2025-01-22 14:30:00,99.2,49.5,227,188
2025-01-22 14:32:00,99.2,49.4,226,184
2025-01-22 14:34:00,99.1,49.1,226,181
2025-01-22 14:36:00,100,49.2,226,185
2025-01-22 14:38:00,50.1,49.5,226,186
2025-01-22 14:40:00,67.0,49.3,227,191
2025-01-22 14:42:00,67.0,49.0,227,187
2025-01-22 14:44:00,99.4,49.2,226,189
2025-01-22 14:46:00,99.4,49.0,226,185
2025-01-22 14:48:00,50.0,49.3,226,175
2025-01-22 14:50:00,99.4,49.6,226,181
2025-01-22 14:52:00,66.9,49.0,226,184
2025-01-22 14:54:00,99.7,49.3,226,187
2025-01-22 14:56:00,100,49.4,226,182
2025-01-22 14:58:00,99.9,49.2,226,184
2025-01-22 15:00:00,99.1,49.3,225,184
2025-01-22 15:02:00,49.9,49.1,225,184
2025-01-22 15:04:00,99.7,49.5,226,185
2025-01-22 15:06:00,99.7,49.8,225,184
2025-01-22 15:08:00,99.9,49.3,225,186
2025-01-22 15:10:00,99.7,49.4,225,186
2025-01-22 15:12:00,100,49.3,226,189
2025-01-22 15:14:00,50.1,49.7,225,180
2025-01-22 15:16:00,50.1,49.5,226,186
2025-01-22 15:18:00,50.0,49.0,225,187
2025-01-22 15:20:00,98.9,49.1,226,178
2025-01-22 15:22:00,100,49.7,226,179
2025-01-22 15:24:00,66.5,49.8,225,183
2025-01-22 15:26:00,50.0,49.3,225,179
2025-01-22 15:28:00,99.4,49.6,224,183
2025-01-22 15:30:00,50.0,49.3,225,184
2025-01-22 15:32:00,66.4,49.3,226,185
2025-01-22 15:34:00,49.9,49.1,226,184
2025-01-22 15:36:00,66.9,49.2,225,184
2025-01-22 15:38:00,100,49.3,227,185
2025-01-22 15:40:00,49.9,49.1,225,184
2025-01-22 15:42:00,196,49.1,227,174
2025-01-22 15:44:00,99.4,48.9,226,180
2025-01-22 15:46:00,100,48.7,225,188
2025-01-22 15:48:00,100,49.1,226,186
2025-01-22 15:50:00,99.6,49.3,225,186
2025-01-22 15:52:00,66.9,48.8,226,186
2025-01-22 15:54:00,99.2,49.2,226,187
2025-01-22 15:56:00,100,49.3,226,186
2025-01-22 15:58:00,99.4,49.1,226,186
2025-01-22 16:00:00,196,49.0,226,183
2025-01-22 16:02:00,99.4,49.2,227,182
2025-01-22 16:04:00,196,49.4,226,184
2025-01-22 16:06:00,100,49.0,227,184
2025-01-22 16:08:00,99.4,48.7,225,184
2025-01-22 16:10:00,50.0,49.0,226,188
2025-01-22 16:12:00,66.8,49.2,225,187
2025-01-22 16:14:00,50.1,49.2,225,185
2025-01-22 16:16:00,50.0,48.7,225,185
2025-01-22 16:18:00,50.0,49.5,226,186
2025-01-22 16:20:00,99.4,49.0,225,188
2025-01-22 16:22:00,100,49.0,226,189
2025-01-22 16:24:00,196,49.0,226,185
2025-01-22 16:26:00,100.0,49.2,226,184
2025-01-22 16:28:00,49.9,49.3,225,185
2025-01-22 16:30:00,50.1,49.5,227,180
2025-01-22 16:32:00,99.4,49.2,226,184
2025-01-22 16:34:00,100,49.2,225,182
2025-01-22 16:36:00,99.7,49.6,226,184
2025-01-22 16:38:00,66.9,49.4,226,184
2025-01-22 16:40:00,66.6,48.9,225,181
2025-01-22 16:42:00,99.4,49.0,225,177
2025-01-22 16:44:00,99.2,49.1,225,182
2025-01-22 16:46:00,99.4,49.4,226,188
2025-01-22 16:48:00,99.7,48.8,226,187
2025-01-22 16:50:00,99.9,49.0,224,189
2025-01-22 16:52:00,49.8,49.0,227,188
2025-01-22 16:54:00,100,49.4,226,186
2025-01-22 16:56:00,66.9,49.3,226,185
2025-01-22 16:58:00,100,49.3,226,184
2025-01-22 17:00:00,99.1,49.4,226,189
2025-01-22 17:02:00,66.8,49.7,227,189
2025-01-22 17:04:00,99.9,49.7,226,193
2025-01-22 17:06:00,66.6,49.2,227,190
2025-01-22 17:08:00,195,49.9,227,187
2025-01-22 17:10:00,50.0,49.6,225,189
2025-01-22 17:12:00,198,49.4,227,187
2025-01-22 17:14:00,49.9,49.6,227,188
2025-01-22 17:16:00,66.9,49.9,226,186
2025-01-22 17:18:00,100,49.7,225,184
2025-01-22 17:20:00,99.4,49.1,227,181
2025-01-22 17:22:00,197,99.0,226,184
2025-01-22 17:24:00,100,49.6,227,184
2025-01-22 17:26:00,50.0,49.7,226,189
2025-01-22 17:28:00,50.1,49.4,225,187
2025-01-22 17:30:00,197,49.6,226,188
2025-01-22 17:32:00,99.9,49.5,226,186
2025-01-22 17:34:00,66.5,49.7,225,181
2025-01-22 17:36:00,99.4,49.5,227,186
2025-01-22 17:38:00,99.7,49.4,227,189
2025-01-22 17:40:00,66.5,49.6,226,187
2025-01-22 17:42:00,50.1,49.8,225,183
2025-01-22 17:44:00,66.7,49.7,226,186
2025-01-22 17:46:00,100,49.6,226,185
2025-01-22 17:48:00,99.8,49.5,227,186
2025-01-22 17:50:00,49.9,49.4,227,185
2025-01-22 17:52:00,66.8,49.2,226,187
2025-01-22 17:54:00,100,49.6,226,185
2025-01-22 17:56:00,49.9,49.5,226,181
2025-01-22 17:58:00,99.4,49.5,226,186
2025-01-22 18:00:00,50.0,49.4,226,179
2025-01-22 18:02:00,99.4,49.3,226,180
2025-01-22 18:04:00,100,49.1,226,173
2025-01-22 18:06:00,99.5,49.7,227,183
2025-01-22 18:08:00,100,49.4,226,180
2025-01-22 18:10:00,49.9,49.4,226,178
2025-01-22 18:12:00,99.4,49.4,225,179
2025-01-22 18:14:00,99.6,49.2,226,180
2025-01-22 18:16:00,49.9,49.1,227,176
2025-01-22 18:18:00,66.8,48.5,226,176
2025-01-22 18:20:00,99.3,48.3,226,181
2025-01-22 18:22:00,49.9,49.9,226,178
2025-01-22 18:24:00,50.2,4695,225,0.871
2025-01-22 18:26:00,98.9,4673,227,0.392
2025-01-22 18:28:00,100,50.1,225,237
2025-01-22 18:30:00,49.8,50.6,226,240
2025-01-22 18:32:00,99.4,50.3,226,241
2025-01-22 18:34:00,66.6,50.2,227,239
2025-01-22 18:36:00,49.8,50.1,226,240
2025-01-22 18:38:00,197,50.3,225,241
2025-01-22 18:40:00,99.1,50.2,227,239
2025-01-22 18:42:00,50.1,50.2,226,238
2025-01-22 18:44:00,100,50.1,225,241
2025-01-22 18:46:00,198,50.3,226,239
2025-01-22 18:48:00,50.1,50.5,226,240
2025-01-22 18:50:00,50.1,50.5,226,242
2025-01-22 18:52:00,99.9,50.5,226,241
2025-01-22 18:54:00,66.8,50.5,227,242
2025-01-22 18:56:00,100,50.4,227,240
2025-01-22 18:58:00,67.1,50.3,226,240
2025-01-22 19:00:00,99.2,50.6,226,239
2025-01-22 19:02:00,66.4,50.6,225,240
2025-01-22 19:04:00,49.9,51.1,226,239
2025-01-22 19:06:00,100,50.7,227,239
2025-01-22 19:08:00,99.1,50.2,227,239
2025-01-22 19:10:00,99.4,50.2,227,239
2025-01-22 19:12:00,99.2,50.3,228,239
2025-01-22 19:14:00,99.1,101,227,239
2025-01-22 19:16:00,100,50.6,225,241
2025-01-22 19:18:00,66.7,50.4,226,242
2025-01-22 19:20:00,100,50.6,227,240
2025-01-22 19:22:00,99.4,7752,226,1.09
2025-01-22 19:24:00,99.4,7813,227,0.610
2025-01-22 19:26:00,100,3115,226,0.769
2025-01-22 19:28:00,49.8,3115,226,0.537
2025-01-22 19:30:00,99.4,5882,225,0.740
2025-01-22 19:32:00,67.0,7813,226,0.726
2025-01-22 19:34:00,99.7,3356,226,0.668
2025-01-22 19:36:00,99.4,2933,226,0.523
2025-01-22 19:38:00,66.9,3333,226,0.697
2025-01-22 19:40:00,99.4,7813,226,0.726
2025-01-22 19:42:00,199,5882,225,0.755
2025-01-22 19:44:00,198,2762,225,0.813
2025-01-22 19:46:00,50.1,4630,226,1.23
2025-01-22 19:48:00,50.1,7813,227,1.21
2025-01-22 19:50:00,99.1,9346,225,0.755
2025-01-22 19:52:00,198,5181,226,1.28
2025-01-22 19:54:00,99.2,6711,225,0.566
2025-01-22 19:56:00,50.0,5814,227,0.639
2025-01-22 19:58:00,99.2,4695,226,1.00
2025-01-22 20:00:00,99.1,5208,226,1.39
2025-01-22 20:02:00,100,7813,225,0.523
2025-01-22 20:04:00,50.1,7692,226,0.465
2025-01-22 20:06:00,100,3906,227,0.886
2025-01-22 20:08:00,99.7,5848,226,0.465
2025-01-22 20:10:00,100,7692,226,0.740
2025-01-22 20:12:00,99.2,5208,227,0.653
2025-01-22 20:14:00,66.8,9346,226,0.929
2025-01-22 20:16:00,99.4,11628,226,0.668
2025-01-22 20:18:00,49.8,9346,226,0.987
2025-01-22 20:20:00,99.4,5848,226,1.16
2025-01-22 20:22:00,100,5848,227,0.436
2025-01-22 20:24:00,99.2,4695,226,0.958
2025-01-22 20:26:00,50.0,4255,226,0.479
2025-01-22 20:28:00,50.1,2469,226,0.639
2025-01-22 20:30:00,100,9346,225,1.10
2025-01-22 20:32:00,49.8,5155,226,0.508
2025-01-22 20:34:00,100,1876,226,0.755
2025-01-22 20:36:00,50.1,4695,226,0.566
2025-01-22 20:38:00,99.4,4274,227,0.915
2025-01-22 20:40:00,50.1,4695,226,0.407
2025-01-22 20:42:00,50.1,2342,226,0.624
2025-01-22 20:44:00,50.0,7752,226,0.537
2025-01-22 20:46:00,99.4,7813,226,1.16
2025-01-22 20:48:00,99.4,5208,226,0.799
2025-01-22 20:50:00,100,5848,225,0.857
2025-01-22 20:52:00,99.2,5181,226,0.973
2025-01-22 20:54:00,99.7,7813,226,0.682
2025-01-22 20:56:00,50.0,2342,226,0.407
2025-01-22 20:58:00,67.0,5882,227,0.508
2025-01-22 21:00:00,50.0,11494,226,0.508
2025-01-22 21:02:00,99.4,5208,226,0.682
2025-01-22 21:04:00,99.7,3571,226,0.653
2025-01-22 21:06:00,100,6667,226,0.377
2025-01-22 21:08:00,50.0,4695,226,0.523
2025-01-22 21:10:00,50.1,5208,225,0.697
2025-01-22 21:12:00,100,4695,227,0.523
2025-01-22 21:14:00,66.9,4274,226,0.624
2025-01-22 21:16:00,50.0,4673,226,0.450
2025-01-22 21:18:00,50.1,3906,226,0.653
2025-01-22 21:20:00,50.1,4274,225,0.610
2025-01-22 21:22:00,66.9,3610,227,0.581
2025-01-22 21:24:00,99.4,3135,226,0.639
2025-01-22 21:26:00,50.0,9346,226,0.711
2025-01-22 21:28:00,100,5208,226,0.479
2025-01-22 21:30:00,50.0,6711,227,0.639
2025-01-22 21:32:00,99.9,9346,225,0.581
2025-01-22 21:34:00,99.7,2933,226,0.537
2025-01-22 21:36:00,99.4,2232,226,0.479
2025-01-22 21:38:00,50.0,1953,225,0.973
2025-01-22 21:40:00,49.8,3597,226,1.05
2025-01-22 21:42:00,99.4,5208,226,0.813
2025-01-22 21:44:00,50.1,5848,227,0.958
2025-01-22 21:46:00,100,3356,227,0.624
2025-01-22 21:48:00,100.0,7813,225,0.552
2025-01-22 21:50:00,99.4,2342,227,0.479
2025-01-22 21:52:00,99.4,6711,226,0.465
2025-01-22 21:54:00,196,5208,227,0.653
2025-01-22 21:56:00,100,5208,229,0.566
2025-01-22 21:58:00,100.0,4274,226,0.436
2025-01-22 22:00:00,196,7692,226,0.537
2025-01-22 22:02:00,49.8,6711,227,0.523
2025-01-22 22:04:00,99.4,4255,228,0.755
2025-01-22 22:06:00,50.2,3610,227,0.537
2025-01-22 22:08:00,50.1,2933,226,5.84
2025-01-22 22:10:00,99.4,3906,226,0.421
2025-01-22 22:12:00,49.9,4695,226,0.595
2025-01-22 22:14:00,100,2451,227,0.552
2025-01-22 22:16:00,99.6,2710,227,0.436
2025-01-22 22:18:00,50.0,6623,227,1.54
2025-01-22 22:20:00,66.6,2924,226,0.465
2025-01-22 22:22:00,66.6,2857,228,0.755
2025-01-22 22:24:00,99.2,7813,226,0.377
2025-01-22 22:26:00,100,3906,225,0.740
2025-01-22 22:28:00,50.1,9346,226,0.784
2025-01-22 22:30:00,100,2604,226,0.392
2025-01-22 22:32:00,50.0,9346,226,0.479
2025-01-22 22:34:00,99.4,9346,226,0.392
2025-01-22 22:36:00,99.2,3356,225,0.552
2025-01-22 22:38:00,50.0,6711,227,0.755
2025-01-22 22:40:00,99.6,2762,226,0.726
2025-01-22 22:42:00,99.9,6711,225,0.523
2025-01-22 22:44:00,49.8,7813,226,0.407
2025-01-22 22:46:00,100.0,5848,228,0.537
2025-01-22 22:48:00,49.9,6711,227,0.421
2025-01-22 22:50:00,99.4,3584,226,0.508
2025-01-22 22:52:00,49.9,4651,225,0.523
2025-01-22 22:54:00,66.8,7813,226,0.436
2025-01-22 22:56:00,50.0,7407,227,0.711
2025-01-22 22:58:00,99.4,3610,226,2.50
2025-01-22 23:00:00,99.5,5814,226,0.566
2025-01-22 23:02:00,49.9,5208,225,0.566
2025-01-22 23:04:00,50.1,3906,226,0.465
2025-01-22 23:06:00,99.1,5181,226,0.494
2025-01-22 23:08:00,99.2,6623,226,0.857
2025-01-22 23:10:00,99.2,11628,228,0.711
2025-01-22 23:12:00,50.0,4274,227,2.63
2025-01-22 23:14:00,99.4,6410,227,0.784
2025-01-22 23:16:00,99.1,1873,227,0.697
2025-01-22 23:18:00,50.1,2762,226,0.508
2025-01-22 23:20:00,100,5848,225,1.55
2025-01-22 23:22:00,50.0,7463,228,0.566
2025-01-22 23:24:00,99.4,9259,227,0.755
2025-01-22 23:26:00,50.2,3831,228,0.653
2025-01-22 23:28:00,100,9346,228,0.842
2025-01-22 23:30:00,50.0,3115,227,0.465
2025-01-22 23:32:00,99.7,1953,225,0.566
2025-01-22 23:34:00,49.9,9346,226,0.436
2025-01-22 23:36:00,100,11628,226,0.610
2025-01-22 23:38:00,100,6711,227,0.639
2025-01-22 23:40:00,100,5208,225,0.552
2025-01-22 23:42:00,49.9,5208,225,0.799
2025-01-22 23:44:00,99.4,6711,225,0.639
2025-01-22 23:46:00,195,9346,226,0.682
2025-01-22 23:48:00,66.7,4673,225,0.508
2025-01-22 23:50:00,50.0,3571,228,0.377
2025-01-22 23:52:00,66.9,3356,228,0.465
2025-01-22 23:54:00,197,7813,227,0.479
2025-01-22 23:56:00,99.9,6711,226,0.566
2025-01-22 23:58:00,50.0,9259,226,0.421
2025-01-23 00:00:00,99.7,9259,226,0.828
2025-01-23 00:02:00,66.5,4274,226,0.407
2025-01-23 00:04:00,50.2,2342,226,0.508
2025-01-23 00:06:00,195,7813,226,0.682
2025-01-23 00:08:00,50.0,3610,226,0.450
2025-01-23 00:10:00,99.3,6623,226,0.465
2025-01-23 00:12:00,100,6667,226,0.581
2025-01-23 00:14:00,66.8,9346,226,0.494
2025-01-23 00:16:00,49.9,3356,227,0.407
2025-01-23 00:18:00,99.9,6711,227,0.494
2025-01-23 00:20:00,99.4,3135,226,0.653
2025-01-23 00:22:00,50.1,9346,226,0.523
2025-01-23 00:24:00,100,6711,226,0.508
2025-01-23 00:26:00,197,3125,227,0.479
2025-01-23 00:28:00,50.1,5208,225,0.479
2025-01-23 00:30:00,99.9,7813,225,0.610
2025-01-23 00:32:00,99.7,4695,227,0.465
2025-01-23 00:34:00,100,6711,226,0.450
2025-01-23 00:36:00,66.6,5208,227,0.421
2025-01-23 00:38:00,99.4,2347,228,0.450
2025-01-23 00:40:00,100,5208,227,0.421
2025-01-23 00:42:00,99.2,6711,227,0.508
2025-01-23 00:44:00,99.4,5208,227,0.421
2025-01-23 00:46:00,66.8,7813,225,0.392
2025-01-23 00:48:00,100,2762,226,0.537
2025-01-23 00:50:00,66.8,2128,226,0.377
2025-01-23 00:52:00,100,3597,227,0.697
2025-01-23 00:54:00,50.1,9346,227,0.392
2025-01-23 00:56:00,66.9,1880,227,0.436
2025-01-23 00:58:00,50.2,4237,227,0.479
2025-01-23 01:00:00,99.4,9346,226,0.392
2025-01-23 01:02:00,99.4,5208,227,0.494
2025-01-23 01:04:00,99.2,9346,226,0.711
2025-01-23 01:06:00,50.1,2604,225,0.915
2025-01-23 01:08:00,100,7692,226,0.595
2025-01-23 01:10:00,99.4,4651,226,0.450
2025-01-23 01:12:00,100,6711,227,0.552
2025-01-23 01:14:00,199,6711,226,0.537
2025-01-23 01:16:00,99.4,5848,227,0.407
2025-01-23 01:18:00,66.9,4237,226,0.595
2025-01-23 01:20:00,100,4695,225,0.886
2025-01-23 01:22:00,100,3891,225,0.523
2025-01-23 01:24:00,66.9,3610,227,0.465
2025-01-23 01:26:00,99.2,3125,226,0.479
2025-01-23 01:28:00,100,5848,227,0.595
2025-01-23 01:30:00,99.1,9346,227,0.450
2025-01-23 01:32:00,100,5208,227,0.421
2025-01-23 01:34:00,66.9,1802,227,0.407
2025-01-23 01:36:00,100,1876,227,0.581
2025-01-23 01:38:00,50.0,6711,226,0.377
2025-01-23 01:40:00,99.7,7752,226,0.711
2025-01-23 01:42:00,195,2123,225,0.595
2025-01-23 01:44:00,100,2232,227,0.465
2025-01-23 01:46:00,101,4695,227,0.610
2025-01-23 01:48:00,100,5208,226,0.624
2025-01-23 01:50:00,99.7,9346,227,0.784
2025-01-23 01:52:00,50.0,7813,226,0.639
2025-01-23 01:54:00,99.7,5848,226,0.595
2025-01-23 01:56:00,49.9,6667,228,0.537
2025-01-23 01:58:00,99.9,9346,226,0.581
2025-01-23 02:00:00,100,3115,228,3.69
2025-01-23 02:02:00,66.5,3356,227,0.479
2025-01-23 02:04:00,50.0,5882,228,0.552
2025-01-23 02:06:00,99.7,4695,227,0.726
2025-01-23 02:08:00,50.0,7692,227,0.624
2025-01-23 02:10:00,49.9,9346,227,0.508
2025-01-23 02:12:00,99.1,5208,227,0.537
2025-01-23 02:14:00,50.0,2227,227,0.523
2025-01-23 02:16:00,50.1,2336,226,0.494
2025-01-23 02:18:00,100,2762,227,0.523
2025-01-23 02:20:00,66.8,5208,228,0.552
2025-01-23 02:22:00,50.0,11628,227,0.552
2025-01-23 02:24:00,50.0,9259,226,0.711
2025-01-23 02:26:00,49.9,5882,227,0.653
2025-01-23 02:28:00,50.0,5882,227,0.494
2025-01-23 02:30:00,49.9,7813,227,0.595
2025-01-23 02:32:00,66.5,7813,226,0.653
2025-01-23 02:34:00,50,5208,226,0.639
2025-01-23 02:36:00,50.1,7813,227,0.900
2025-01-23 02:38:00,99.4,2037,226,0.392
2025-01-23 02:40:00,49.9,9346,227,0.537
2025-01-23 02:42:00,50.1,3125,227,0.494
2025-01-23 02:44:00,198,5814,226,0.450
2025-01-23 02:46:00,100,3891,226,0.305
2025-01-23 02:48:00,99.5,3356,226,0.276
2025-01-23 02:50:00,66.5,1174,227,0.726
2025-01-23 02:52:00,50.1,7813,227,0.450
2025-01-23 02:54:00,66.8,7813,227,0.450
2025-01-23 02:56:00,99.2,4651,226,0.421
2025-01-23 02:58:00,99.7,7813,226,0.566
2025-01-23 03:00:00,99.2,3135,226,0.377
2025-01-23 03:02:00,50.0,5848,226,0.348
2025-01-23 03:04:00,99.2,7813,227,0.595
2025-01-23 03:06:00,99.9,5208,227,0.479
2025-01-23 03:08:00,99.4,2037,227,0.494
2025-01-23 03:10:00,197,6711,226,0.624
2025-01-23 03:12:00,49.9,3610,227,0.697
2025-01-23 03:14:00,99.4,5848,226,0.479
2025-01-23 03:16:00,99.1,4695,227,0.523
2025-01-23 03:18:00,100,3906,227,0.697
2025-01-23 03:20:00,50.1,5128,225,0.494
2025-01-23 03:22:00,99.2,9346,226,0.552
2025-01-23 03:24:00,99.7,2933,228,0.668
2025-01-23 03:26:00,99.4,5155,227,0.653
2025-01-23 03:28:00,50.0,4274,227,0.377
2025-01-23 03:30:00,99.4,5882,226,0.697
2025-01-23 03:32:00,99.7,4695,226,0.421
2025-01-23 03:34:00,99.4,4237,226,0.319
2025-01-23 03:36:00,99.1,3906,227,0.697
2025-01-23 03:38:00,49.8,2347,227,0.668
2025-01-23 03:40:00,100,5882,227,0.929
2025-01-23 03:42:00,101,3610,227,0.261
2025-01-23 03:44:00,99.4,6623,226,0.247
2025-01-23 03:46:00,100,3906,226,0.523
2025-01-23 03:48:00,99.2,4202,226,0.595
2025-01-23 03:50:00,99.4,5747,226,0.407
2025-01-23 03:52:00,99.3,9346,226,0.900
2025-01-23 03:54:00,50.1,3610,227,0.886
2025-01-23 03:56:00,49.8,5208,225,0.334
2025-01-23 03:58:00,199,5208,227,0.682
2025-01-23 04:00:00,99.1,3597,227,0.348
2025-01-23 04:02:00,49.8,7692,227,0.290
2025-01-23 04:04:00,50.0,5208,226,0.377
2025-01-23 04:06:00,49.9,4695,226,0.639
2025-01-23 04:08:00,99.7,3610,226,0.218
2025-01-23 04:10:00,99.4,7813,226,0.740
2025-01-23 04:12:00,99.4,4695,227,0.639
2025-01-23 04:14:00,66.6,7813,227,0.624
2025-01-23 04:16:00,99.4,7813,226,0.610
2025-01-23 04:18:00,100,5882,226,0.537
2025-01-23 04:20:00,49.9,5208,226,0.799
2025-01-23 04:22:00,50.2,5848,225,0.639
2025-01-23 04:24:00,99.2,6711,228,1.03
2025-01-23 04:26:00,66.5,9434,227,0.784
2025-01-23 04:28:00,50.1,5848,227,0.857
2025-01-23 04:30:00,99.2,3356,226,0.944
2025-01-23 04:32:00,100,11628,226,0.871
2025-01-23 04:34:00,49.9,2584,226,0.755
2025-01-23 04:36:00,49.9,4237,226,0.784
2025-01-23 04:38:00,50.0,4255,228,0.624
2025-01-23 04:40:00,197,5848,227,0.828
2025-01-23 04:42:00,50.0,3584,225,0.639
2025-01-23 04:44:00,99.2,7463,226,0.653
2025-01-23 04:46:00,50.0,6711,226,0.697
2025-01-23 04:48:00,50.0,2933,226,0.494
2025-01-23 04:50:00,50.1,4673,226,0.711
2025-01-23 04:52:00,99.2,9259,227,0.639
2025-01-23 04:54:00,99.4,5208,227,0.581
2025-01-23 04:56:00,99.4,5208,226,0.479
2025-01-23 04:58:00,98.8,3115,228,0.595
2025-01-23 05:00:00,99.1,6667,226,0.392
2025-01-23 05:02:00,100,11765,226,0.407
2025-01-23 05:04:00,66.7,4274,226,0.421
2025-01-23 05:06:00,100,6711,226,0.436
2025-01-23 05:08:00,50.1,7813,225,0.392
2025-01-23 05:10:00,99.7,3906,226,0.421
2025-01-23 05:12:00,99.2,5848,227,0.407
2025-01-23 05:14:00,99.4,3135,226,0.450
2025-01-23 05:16:00,99.1,7813,227,0.465
2025-01-23 05:18:00,99.4,4032,227,0.436
2025-01-23 05:20:00,198,7813,227,0.377
2025-01-23 05:22:00,99.4,6711,226,0.407
2025-01-23 05:24:00,101,5814,226,0.319
2025-01-23 05:26:00,100,2128,227,0.377
2025-01-23 05:28:00,50.0,4255,226,0.421
2025-01-23 05:30:00,67.0,1468,226,0.436
2025-01-23 05:32:00,100,4274,226,0.348
2025-01-23 05:34:00,99.2,7813,227,0.363
2025-01-23 05:36:00,50.0,1880,226,0.334
2025-01-23 05:38:00,50.0,2933,227,0.407
2025-01-23 05:40:00,99.4,6667,226,0.290
2025-01-23 05:42:00,50.0,2933,227,0.305
2025-01-23 05:44:00,66.6,6623,226,0.276
2025-01-23 05:46:00,50.0,3610,226,0.290
2025-01-23 05:48:00,99.4,5208,226,0.421
2025-01-23 05:50:00,99.4,9346,226,0.436
2025-01-23 05:52:00,50.0,4673,226,0.465
2025-01-23 05:54:00,50.0,5848,226,0.450
2025-01-23 05:56:00,50.0,2611,227,0.436
2025-01-23 05:58:00,99.4,5848,226,0.421
2025-01-23 06:00:00,99.4,6711,226,0.421
2025-01-23 06:02:00,50.0,5882,226,0.363
2025-01-23 06:04:00,66.9,7813,227,0.363
2025-01-23 06:06:00,50.0,5848,226,0.392
2025-01-23 06:08:00,49.9,7813,225,0.377
2025-01-23 06:10:00,99.2,2762,226,0.407
2025-01-23 06:12:00,50.1,7813,227,0.407
2025-01-23 06:14:00,50.1,3597,227,0.392
2025-01-23 06:16:00,100,5882,226,0.348
2025-01-23 06:18:00,99.6,7813,226,0.363
2025-01-23 06:20:00,50.2,5208,227,0.348
2025-01-23 06:22:00,100,7813,227,0.348
2025-01-23 06:24:00,196,4274,226,0.392
2025-01-23 06:26:00,50.1,4695,225,0.392
2025-01-23 06:28:00,50.0,9346,226,0.450
2025-01-23 06:30:00,100,3906,227,0.392
2025-01-23 06:32:00,50.0,6711,227,0.479
2025-01-23 06:34:00,197,5208,225,0.595
2025-01-23 06:36:00,66.5,3279,226,0.508
2025-01-23 06:38:00,66.8,11494,227,0.421
2025-01-23 06:40:00,99.2,3922,228,0.465
2025-01-23 06:42:00,100,4695,226,0.494
2025-01-23 06:44:00,99.6,5208,227,0.494
2025-01-23 06:46:00,50.0,6667,226,0.436
2025-01-23 06:48:00,100,5208,227,0.363
2025-01-23 06:50:00,50.1,5208,227,0.334
2025-01-23 06:52:00,198,3356,227,0.465
2025-01-23 06:54:00,100,3356,227,0.334
2025-01-23 06:56:00,99.2,4274,226,0.828
2025-01-23 06:58:00,198,7813,226,7.38
2025-01-23 07:00:00,100,5814,226,8.46
2025-01-23 07:02:00,100,5208,226,8.48
2025-01-23 07:04:00,196,6711,227,8.73
2025-01-23 07:06:00,99.2,1418,226,8.01
2025-01-23 07:08:00,198,1730,225,1.73
2025-01-23 07:10:00,66.9,2762,226,0.537
2025-01-23 07:12:00,100,4673,227,0.392
2025-01-23 07:14:00,198,2611,226,0.552
2025-01-23 07:16:00,197,5208,226,0.479
2025-01-23 07:18:00,99.4,3597,226,0.494
2025-01-23 07:20:00,99.7,7813,227,0.610
2025-01-23 07:22:00,50.2,2237,226,0.552
2025-01-23 07:24:00,99.2,1613,226,0.610
2025-01-23 07:26:00,99.2,1468,227,0.479
2025-01-23 07:28:00,99.4,1873,227,0.537
2025-01-23 07:30:00,99.7,4695,227,0.465
2025-01-23 07:32:00,100,1093,226,0.799
2025-01-23 07:34:00,99.4,1618,226,0.566
2025-01-23 07:36:00,99.7,6711,225,0.450
2025-01-23 07:38:00,100.0,2755,226,0.639
2025-01-23 07:40:00,50.0,1092,227,0.581
2025-01-23 07:42:00,50.1,1953,226,0.639
2025-01-23 07:44:00,66.7,2037,227,0.566
2025-01-23 07:46:00,100.0,1805,227,0.566
2025-01-23 07:48:00,99.2,2755,227,0.595
2025-01-23 07:50:00,100,1140,226,0.668
2025-01-23 07:52:00,50.1,1451,226,1.47
2025-01-23 07:54:00,99.4,,225,
2025-01-23 07:56:00,66.4,,228,
2025-01-23 07:58:00,100,,227,
2025-01-23 08:00:00,100,,227,
2025-01-23 08:02:00,66.9,,226,
2025-01-23 08:04:00,100.0,,227,
2025-01-23 08:06:00,49.8,,225,
2025-01-23 08:08:00,99.7,,226,
2025-01-23 08:10:00,99.4,,225,
2025-01-23 08:12:00,50.0,,226,
2025-01-23 08:14:00,50.0,,225,
2025-01-23 08:16:00,50.1,,225,
2025-01-23 08:18:00,99.4,,227,
2025-01-23 08:20:00,50.0,,226,
2025-01-23 08:22:00,50.1,,226,
2025-01-23 08:24:00,50.1,,227,
2025-01-23 08:26:00,50.1,,226,
2025-01-23 08:28:00,99.4,,226,
2025-01-23 08:30:00,50.1,49.8,227,206
2025-01-23 08:32:00,67.0,49.9,226,207
2025-01-23 08:34:00,99.2,49.8,226,204
2025-01-23 08:36:00,50.1,49.9,226,206
2025-01-23 08:38:00,50.1,49.7,227,205
2025-01-23 08:40:00,50.0,49.7,226,198
2025-01-23 08:42:00,50,49.6,226,196
2025-01-23 08:44:00,100,49.1,227,188
2025-01-23 08:46:00,100,49.4,226,192
2025-01-23 08:48:00,50.0,49.4,226,191
2025-01-23 08:50:00,50.0,49.6,226,197
2025-01-23 08:52:00,50.1,49.9,226,194
2025-01-23 08:54:00,100,49.7,228,198
2025-01-23 08:56:00,49.8,49.6,228,202
2025-01-23 08:58:00,50.0,49.9,227,199
2025-01-23 09:00:00,100,49.6,227,197
2025-01-23 09:02:00,99.4,49.7,228,198
2025-01-23 09:04:00,49.9,49.6,226,202
2025-01-23 09:06:00,50.1,49.7,226,202
2025-01-23 09:08:00,50.1,49.7,227,193
2025-01-23 09:10:00,50.0,49.6,227,196
2025-01-23 09:12:00,100,49.7,228,193
2025-01-23 09:14:00,50.0,49.5,228,196
2025-01-23 09:16:00,50.1,49.4,226,193
2025-01-23 09:18:00,99.4,49.4,227,194
2025-01-23 09:20:00,99.4,49.6,226,193
2025-01-23 09:22:00,50.0,49.4,227,194
2025-01-23 09:24:00,50.0,49.5,226,188
2025-01-23 09:26:00,99.4,49.4,227,188
2025-01-23 09:28:00,99.2,49.4,226,193
2025-01-23 09:30:00,49.9,49.2,226,198
2025-01-23 09:32:00,50.0,49.6,226,197
2025-01-23 09:34:00,50.0,49.6,227,199
2025-01-23 09:36:00,50.0,49.7,227,200
2025-01-23 09:38:00,99.4,49.7,227,192
2025-01-23 09:40:00,99.9,49.3,227,189
2025-01-23 09:42:00,99.4,49.7,226,187
2025-01-23 09:44:00,66.7,49.4,226,187
2025-01-23 09:46:00,100,49.4,226,193
2025-01-23 09:48:00,99.4,49.3,226,189
2025-01-23 09:50:00,99.4,49.6,226,186
2025-01-23 09:52:00,99.1,49.2,225,187
2025-01-23 09:54:00,50.0,66.4,227,191
2025-01-23 09:56:00,50.0,49.4,227,194
2025-01-23 09:58:00,100,49.3,227,192
2025-01-23 10:00:00,99.4,49.5,226,186
2025-01-23 10:02:00,49.9,49.3,225,191
2025-01-23 10:04:00,99.2,49.2,228,189
2025-01-23 10:06:00,50.0,49.6,227,187
2025-01-23 10:08:00,50.1,49.4,226,188
2025-01-23 10:10:00,99.4,49.4,227,187
2025-01-23 10:12:00,50.1,49.5,226,186
2025-01-23 10:14:00,99.6,49.4,227,188
2025-01-23 10:16:00,99.4,49.2,226,189
2025-01-23 10:18:00,50.1,49.7,226,190
2025-01-23 10:20:00,49.9,49.4,227,178
2025-01-23 10:22:00,99.4,49.3,226,181
2025-01-23 10:24:00,50.1,49.5,226,177
2025-01-23 10:26:00,50.1,49.5,231,186
2025-01-23 10:28:00,49.9,49.5,232,185
2025-01-23 10:30:00,100,49.5,231,180
2025-01-23 10:32:00,99.9,50.2,230,188
2025-01-23 10:34:00,99.4,49.7,230,186
2025-01-23 10:36:00,100,49.4,230,185
2025-01-23 10:38:00,99.1,49.4,230,183
2025-01-23 10:40:00,99.2,48.8,230,180
2025-01-23 10:42:00,49.9,49.1,230,181
2025-01-23 10:44:00,50.0,49.3,229,186
2025-01-23 10:46:00,50.1,49.7,230,181
2025-01-23 10:48:00,49.9,49.4,230,183
2025-01-23 10:50:00,99.4,49.2,230,184
2025-01-23 10:52:00,50.1,49.2,230,187
2025-01-23 10:54:00,66.7,49.2,231,184
2025-01-23 10:56:00,49.9,49.2,230,184
2025-01-23 10:58:00,50.1,49.2,230,173
2025-01-23 11:00:00,50.0,49.3,230,181
2025-01-23 11:02:00,49.8,49.3,231,174
2025-01-23 11:04:00,101,49.2,230,175
2025-01-23 11:06:00,99.4,49.7,232,185
2025-01-23 11:08:00,66.9,49.6,230,184
2025-01-23 11:10:00,49.8,49.2,230,174
2025-01-23 11:12:00,66.9,49.4,230,176
2025-01-23 11:14:00,99.4,49.4,230,180
2025-01-23 11:16:00,101,49.3,231,178
2025-01-23 11:18:00,99.2,49.3,230,183
2025-01-23 11:20:00,49.9,49.3,231,181
2025-01-23 11:22:00,66.6,49.6,230,181
2025-01-23 11:24:00,99.7,49.6,231,180
2025-01-23 11:26:00,50.0,49.3,231,183
2025-01-23 11:28:00,99.7,49.5,231,184
2025-01-23 11:30:00,99.7,49.1,232,183
2025-01-23 11:32:00,99.2,49.3,230,181
2025-01-23 11:34:00,50.1,49.6,230,166
2025-01-23 11:36:00,49.9,49.0,230,172
2025-01-23 11:38:00,66.6,49.2,225,179
2025-01-23 11:40:00,50.1,49.3,225,178
2025-01-23 11:42:00,49.9,49.0,226,177
2025-01-23 11:44:00,66.5,49.2,226,183
2025-01-23 11:46:00,50.1,49.2,225,179
2025-01-23 11:48:00,50.0,49.0,225,179
2025-01-23 11:50:00,66.6,49.1,226,183
2025-01-23 11:52:00,99.4,49.0,225,178
2025-01-23 11:54:00,50.0,99.1,225,182
2025-01-23 11:56:00,49.9,49.1,225,185
2025-01-23 11:58:00,50.0,49.8,226,197
2025-01-23 12:00:00,99.4,49.9,225,197
2025-01-23 12:02:00,99.4,51.2,227,198
2025-01-23 12:04:00,99.4,50.8,227,196
2025-01-23 12:06:00,50.1,50.5,226,190
2025-01-23 12:08:00,49.9,49.5,225,184
2025-01-23 12:10:00,50.0,49.3,226,185
2025-01-23 12:12:00,99.7,49.7,225,181
2025-01-23 12:14:00,49.9,49.4,226,187
2025-01-23 12:16:00,100,49.5,227,189
2025-01-23 12:18:00,50.1,49.4,225,180
2025-01-23 12:20:00,50.0,49.6,230,182
2025-01-23 12:22:00,50.1,49.4,230,181
2025-01-23 12:24:00,99.4,49.7,230,183
2025-01-23 12:26:00,99.4,49.5,231,182
2025-01-23 12:28:00,99.7,49.5,230,182
2025-01-23 12:30:00,50.0,49.5,231,186
2025-01-23 12:32:00,99.7,49.4,229,183
2025-01-23 12:34:00,100,49.5,229,176
2025-01-23 12:36:00,99.2,49.6,231,181
2025-01-23 12:38:00,49.8,49.4,230,175
2025-01-23 12:40:00,50.1,49.6,230,173
2025-01-23 12:42:00,50.0,49.7,231,173
2025-01-23 12:44:00,49.9,49.5,230,173
2025-01-23 12:46:00,99.6,49.6,230,180
2025-01-23 12:48:00,49.9,49.6,228,180
2025-01-23 12:50:00,99.4,49.4,230,177
2025-01-23 12:52:00,50.0,49.9,231,183
2025-01-23 12:54:00,99.4,49.7,230,183
2025-01-23 12:56:00,50.2,50.1,230,188
2025-01-23 12:58:00,99.7,49.4,229,182
2025-01-23 13:00:00,66.5,49.3,229,181
2025-01-23 13:02:00,99.4,49.3,230,186
2025-01-23 13:04:00,49.9,49.8,231,188
2025-01-23 13:06:00,50.1,49.6,231,188
2025-01-23 13:08:00,100.0,49.4,229,188
2025-01-23 13:10:00,99.6,49.6,229,187
2025-01-23 13:12:00,50.0,49.6,228,181
2025-01-23 13:14:00,66.8,49.6,230,187
2025-01-23 13:16:00,99.4,49.5,230,187
2025-01-23 13:18:00,100,49.3,231,186
2025-01-23 13:20:00,99.4,49.5,230,183
2025-01-23 13:22:00,50.0,49.5,229,186
2025-01-23 13:24:00,99.2,49.1,230,190
2025-01-23 13:26:00,99.9,49.4,230,189
2025-01-23 13:28:00,50.2,49.5,230,183
2025-01-23 13:30:00,50.0,49.5,230,188
2025-01-23 13:32:00,50.2,49.7,231,187
2025-01-23 13:34:00,50.0,49.6,231,188
2025-01-23 13:36:00,49.9,49.2,229,185
2025-01-23 13:38:00,100,49.3,230,185
2025-01-23 13:40:00,50.1,49.6,230,184
2025-01-23 13:42:00,49.9,49.4,231,183
2025-01-23 13:44:00,50.0,49.5,230,188
2025-01-23 13:46:00,49.9,49.3,230,183
2025-01-23 13:48:00,50.0,49.3,230,170
2025-01-23 13:50:00,99.7,49.2,230,182
2025-01-23 13:52:00,99.1,49.3,229,185
2025-01-23 13:54:00,196,49.0,229,182
2025-01-23 13:56:00,99.2,49.3,231,184
2025-01-23 13:58:00,50.0,49.6,229,183
2025-01-23 14:00:00,100,49.9,230,184
2025-01-23 14:02:00,49.9,49.6,230,186
2025-01-23 14:04:00,50.0,49.7,230,182
2025-01-23 14:06:00,50.0,49.5,230,182
2025-01-23 14:08:00,99.4,49.6,231,181
2025-01-23 14:10:00,49.8,49.5,229,177
2025-01-23 14:12:00,50.1,49.8,229,176
2025-01-23 14:14:00,50.1,49.2,230,176
2025-01-23 14:16:00,49.9,49.3,230,176
2025-01-23 14:18:00,50.1,49.5,229,178
2025-01-23 14:20:00,49.9,49.6,230,176
2025-01-23 14:22:00,100,49.5,230,176
2025-01-23 14:24:00,66.8,49.5,229,176
2025-01-23 14:26:00,66.8,49.6,230,181
2025-01-23 14:28:00,99.2,49.5,230,185
2025-01-23 14:30:00,99.4,49.6,229,186
2025-01-23 14:32:00,66.8,49.4,231,186
2025-01-23 14:34:00,49.9,49.5,229,177
2025-01-23 14:36:00,50.0,49.5,229,185
2025-01-23 14:38:00,99.4,49.5,230,188
2025-01-23 14:40:00,99.4,49.6,229,184
2025-01-23 14:42:00,49.9,49.3,229,186
2025-01-23 14:44:00,50.0,49.9,230,177
2025-01-23 14:46:00,66.7,49.6,231,184
2025-01-23 14:48:00,50.1,49.7,230,186
2025-01-23 14:50:00,99.4,48.9,229,183
2025-01-23 14:52:00,50.1,49.7,230,181
2025-01-23 14:54:00,50.0,49.2,231,186
2025-01-23 14:56:00,49.9,49.5,230,190
2025-01-23 14:58:00,66.9,49.3,231,185
2025-01-23 15:00:00,100,49.3,230,187
2025-01-23 15:02:00,49.9,49.7,230,191
2025-01-23 15:04:00,49.9,49.6,229,185
2025-01-23 15:06:00,50.1,49.4,229,185
2025-01-23 15:08:00,66.4,49.5,230,187
2025-01-23 15:10:00,99.2,49.5,230,190
2025-01-23 15:12:00,66.8,49.5,229,186
2025-01-23 15:14:00,49.8,49.4,230,190
2025-01-23 15:16:00,99.9,49.6,230,188
2025-01-23 15:18:00,99.9,49.2,229,186
2025-01-23 15:20:00,66.8,49.7,230,184
2025-01-23 15:22:00,50.1,49.5,230,184
2025-01-23 15:24:00,100,49.5,229,186
2025-01-23 15:26:00,197,49.3,230,182
2025-01-23 15:28:00,50.0,49.3,229,182
2025-01-23 15:30:00,100.0,49.5,230,180
2025-01-23 15:32:00,50.1,49.8,229,177
2025-01-23 15:34:00,49.9,49.1,230,178
2025-01-23 15:36:00,50.1,49.4,229,177
2025-01-23 15:38:00,50.0,49.4,229,174
2025-01-23 15:40:00,99.4,49.5,230,182
2025-01-23 15:42:00,50.0,49.3,229,181
2025-01-23 15:44:00,66.8,49.5,229,176
2025-01-23 15:46:00,49.9,49.2,231,180
2025-01-23 15:48:00,99.4,49.1,231,186
2025-01-23 15:50:00,50.1,49.3,229,184
2025-01-23 15:52:00,50.0,5882,229,0.711
2025-01-23 15:54:00,50.0,50.6,230,227
2025-01-23 15:56:00,50.1,50.4,230,227
2025-01-23 15:58:00,99.6,50.6,229,230
2025-01-23 16:00:00,50.1,50.4,229,234
2025-01-23 16:02:00,50.0,50.6,231,240
2025-01-23 16:04:00,50.1,50.7,230,237
2025-01-23 16:06:00,66.8,50.7,230,237
2025-01-23 16:08:00,99.4,50.7,230,234
2025-01-23 16:10:00,50.0,50.9,230,232
2025-01-23 16:12:00,50.0,50.9,229,227
2025-01-23 16:14:00,50.0,50.8,230,231
2025-01-23 16:16:00,100,50.8,229,233
2025-01-23 16:18:00,50.0,50.8,230,233
2025-01-23 16:20:00,100,50.6,230,234
2025-01-23 16:22:00,50.0,50.8,231,232
2025-01-23 16:24:00,49.9,51.2,231,231
2025-01-23 16:26:00,66.9,51.0,230,229
2025-01-23 16:28:00,50.0,51.2,229,231
2025-01-23 16:30:00,100,50.6,229,233
2025-01-23 16:32:00,66.9,50.9,230,230
2025-01-23 16:34:00,50,51.0,230,232
2025-01-23 16:36:00,50.0,51.2,231,233
2025-01-23 16:38:00,99.4,50.9,230,226
2025-01-23 16:40:00,50.0,51.4,229,229
2025-01-23 16:42:00,50.0,51.1,229,230
2025-01-23 16:44:00,100,51.1,229,230
2025-01-23 16:46:00,50.0,51.6,230,231
2025-01-23 16:48:00,99.4,51.5,230,233
2025-01-23 16:50:00,99.6,51.3,230,234
2025-01-23 16:52:00,99.2,51.1,230,234
2025-01-23 16:54:00,49.9,51.2,229,234
2025-01-23 16:56:00,99.4,50.7,230,230
2025-01-23 16:58:00,50.1,50.7,228,230
2025-01-23 17:00:00,100.0,50.4,229,237
2025-01-23 17:02:00,99.7,50.3,229,235
2025-01-23 17:04:00,99.1,50.6,229,233
2025-01-23 17:06:00,50.0,50.5,230,233
2025-01-23 17:08:00,99.2,50.5,230,235
2025-01-23 17:10:00,100,50.5,230,233
2025-01-23 17:12:00,49.9,50.5,230,234
2025-01-23 17:14:00,100,50.6,230,235
2025-01-23 17:16:00,50.1,50.7,229,234
2025-01-23 17:18:00,66.8,50.5,229,234
2025-01-23 17:20:00,99.9,50.7,230,236
2025-01-23 17:22:00,49.9,50.7,230,233
2025-01-23 17:24:00,100,50.7,230,234
2025-01-23 17:26:00,50.1,49.5,231,168
2025-01-23 17:28:00,99.4,49.1,230,168
2025-01-23 17:30:00,49.9,49.2,229,163
2025-01-23 17:32:00,49.9,49.6,230,162
2025-01-23 17:34:00,50.0,49.3,230,156
2025-01-23 17:36:00,99.9,49.3,230,164
2025-01-23 17:38:00,49.9,49.3,230,163
2025-01-23 17:40:00,49.9,48.7,227,158
2025-01-23 17:42:00,66.7,50.9,227,230
2025-01-23 17:44:00,99.4,50.9,227,230
2025-01-23 17:46:00,99.2,9346,227,0.813
2025-01-23 17:48:00,49.9,9346,227,0.639
2025-01-23 17:50:00,50.0,6711,228,0.610
2025-01-23 17:52:00,50.0,6623,226,0.653
2025-01-23 17:54:00,50.0,7813,227,0.871
2025-01-23 17:56:00,50.0,5208,228,0.886
2025-01-23 17:58:00,50.1,5208,227,1.32
2025-01-23 18:00:00,99.4,7813,226,1.15
2025-01-23 18:02:00,99.4,11628,226,0.958
2025-01-23 18:04:00,66.6,7813,226,0.465
2025-01-23 18:06:00,50.0,7813,226,1.07
2025-01-23 18:08:00,50.0,9346,227,0.668
2025-01-23 18:10:00,50.1,3906,226,1.15
2025-01-23 18:12:00,49.9,5208,225,1.21
2025-01-23 18:14:00,66.9,6711,225,0.973
2025-01-23 18:16:00,50.0,7813,226,0.668
2025-01-23 18:18:00,49.9,5882,225,1.28
2025-01-23 18:20:00,49.9,2762,225,0.552
2025-01-23 18:22:00,50.0,3115,225,0.944
2025-01-23 18:24:00,49.9,1957,227,0.465
2025-01-23 18:26:00,99.4,9346,226,1.35
2025-01-23 18:28:00,50.1,2762,226,1.07
2025-01-23 18:30:00,99.2,3356,226,0.697
2025-01-23 18:32:00,99.4,7692,225,0.653
2025-01-23 18:34:00,49.9,4237,226,1.12
2025-01-23 18:36:00,50.1,4274,226,1.41
2025-01-23 18:38:00,50.1,4651,225,0.828
2025-01-23 18:40:00,49.8,4274,227,0.886
2025-01-23 18:42:00,66.5,9346,225,1.05
2025-01-23 18:44:00,66.7,3115,225,0.566
2025-01-23 18:46:00,50.0,6711,226,1.10
2025-01-23 18:48:00,49.9,9346,226,0.465
2025-01-23 18:50:00,50.1,3597,225,0.523
2025-01-23 18:52:00,99.4,3135,226,0.537
2025-01-23 18:54:00,99.4,5848,225,1.05
2025-01-23 18:56:00,50.0,4274,226,0.799
2025-01-23 18:58:00,49.9,6711,227,1.32
2025-01-23 19:00:00,50.1,5208,225,0.799
2025-01-23 19:02:00,49.9,9346,225,0.973
2025-01-23 19:04:00,99.7,4695,225,0.987
2025-01-23 19:06:00,49.9,4695,226,0.886
2025-01-23 19:08:00,100,5848,226,0.857
2025-01-23 19:10:00,100,6711,225,0.465
2025-01-23 19:12:00,50.1,4695,225,0.828
2025-01-23 19:14:00,50.1,4274,225,0.610
2025-01-23 19:16:00,66.7,5208,226,0.479
2025-01-23 19:18:00,49.9,4274,225,0.711
2025-01-23 19:20:00,49.9,7813,226,0.755
2025-01-23 19:22:00,99.6,6711,226,0.813
2025-01-23 19:24:00,100,2762,226,0.929
2025-01-23 19:26:00,66.7,9346,225,0.552
2025-01-23 19:28:00,49.9,3125,226,0.769
2025-01-23 19:30:00,49.9,3344,227,0.537
2025-01-23 19:32:00,99.4,7813,226,0.653
2025-01-23 19:34:00,99.9,5181,226,0.566
2025-01-23 19:36:00,66.8,4695,225,0.523
2025-01-23 19:38:00,66.9,5208,225,0.537
2025-01-23 19:40:00,50.0,3906,225,1.84
2025-01-23 19:42:00,99.4,9346,226,0.828
2025-01-23 19:44:00,50.2,2611,225,0.842
2025-01-23 19:46:00,49.9,4274,226,0.944
2025-01-23 19:48:00,101,2469,225,0.639
2025-01-23 19:50:00,99.2,3610,225,0.566
2025-01-23 19:52:00,50.0,7813,226,0.581
2025-01-23 19:54:00,99.4,9346,227,0.581
2025-01-23 19:56:00,50.1,5208,225,0.450
2025-01-23 19:58:00,50.0,3906,225,0.639
2025-01-23 20:00:00,99.2,3610,226,0.523
2025-01-23 20:02:00,50.0,50.8,225,229
2025-01-23 20:04:00,100,50.9,226,227
2025-01-23 20:06:00,99.4,51.0,227,231
2025-01-23 20:08:00,50.1,51.4,225,229
2025-01-23 20:10:00,50.1,51.4,225,229
2025-01-23 20:12:00,99.4,51.7,226,228
2025-01-23 20:14:00,99.4,51.3,227,228
2025-01-23 20:16:00,50.1,51.3,226,229
2025-01-23 20:18:00,50.1,51.5,227,227
2025-01-23 20:20:00,50.2,51.6,225,226
2025-01-23 20:22:00,100,51.1,226,225
2025-01-23 20:24:00,50.1,51.1,225,228
2025-01-23 20:26:00,49.9,51.5,226,228
2025-01-23 20:28:00,100.0,51.6,226,230
2025-01-23 20:30:00,99.4,51.8,227,229
2025-01-23 20:32:00,99.3,51.6,225,227
2025-01-23 20:34:00,50.1,51.6,225,228
2025-01-23 20:36:00,99.4,51.8,225,231
2025-01-23 20:38:00,100,51.8,226,237
2025-01-23 20:40:00,50.0,51.8,227,229
2025-01-23 20:42:00,50.1,51.9,225,232
2025-01-23 20:44:00,66.8,52.2,225,233
2025-01-23 20:46:00,99.4,52.1,226,234
2025-01-23 20:48:00,50.1,52.0,225,235
2025-01-23 20:50:00,50.1,51.8,226,234
2025-01-23 20:52:00,100,51.7,227,233
2025-01-23 20:54:00,99.6,51.4,226,229
2025-01-23 20:56:00,66.6,52.1,225,232
2025-01-23 20:58:00,99.4,51.9,226,237
2025-01-23 21:00:00,50.1,51.7,226,236
2025-01-23 21:02:00,50.0,52.0,225,234
2025-01-23 21:04:00,99.4,51.8,226,235
2025-01-23 21:06:00,99.7,51.9,228,231
2025-01-23 21:08:00,66.7,51.2,226,232
2025-01-23 21:10:00,66.6,51.0,227,231
2025-01-23 21:12:00,99.4,50.8,228,234
2025-01-23 21:14:00,101,50.6,227,232
2025-01-23 21:16:00,99.7,50.7,229,232
2025-01-23 21:18:00,50.0,50.8,228,230
2025-01-23 21:20:00,50.0,51.1,228,229
2025-01-23 21:22:00,49.9,50.9,228,229
2025-01-23 21:24:00,66.5,50.9,229,229
2025-01-23 21:26:00,99.4,50.8,228,227
2025-01-23 21:28:00,99.2,50.9,228,229
2025-01-23 21:30:00,99.4,50.8,228,233
2025-01-23 21:32:00,100,51.0,228,229
2025-01-23 21:34:00,99.4,51.1,226,230
2025-01-23 21:36:00,50.0,49.6,228,168
2025-01-23 21:38:00,198,49.6,228,169
2025-01-23 21:40:00,50.0,49.9,227,170
2025-01-23 21:42:00,99.4,49.8,227,167
2025-01-23 21:44:00,50.0,49.6,228,166
2025-01-23 21:46:00,50.1,49.9,227,167
2025-01-23 21:48:00,99.7,49.6,230,164
2025-01-23 21:50:00,50.0,49.8,228,166
2025-01-23 21:52:00,99.4,49.8,228,168
2025-01-23 21:54:00,100,50.0,227,167
2025-01-23 21:56:00,50.0,49.9,228,170
2025-01-23 21:58:00,50.1,49.8,227,168
2025-01-23 22:00:00,99.2,49.9,227,174
2025-01-23 22:02:00,99.7,50.1,227,172
2025-01-23 22:04:00,49.8,49.5,227,173
2025-01-23 22:06:00,99.2,49.7,227,173
2025-01-23 22:08:00,50.0,49.9,227,173
2025-01-23 22:10:00,49.8,49.8,227,174
2025-01-23 22:12:00,99.6,50,227,175
2025-01-23 22:14:00,99.3,50.0,228,175
2025-01-23 22:16:00,99.4,49.9,227,164
2025-01-23 22:18:00,66.5,49.9,228,165
2025-01-23 22:20:00,50.1,50.0,227,177
2025-01-23 22:22:00,49.8,49.7,228,170
2025-01-23 22:24:00,50.1,3876,228,0.682
2025-01-23 22:26:00,199,2571,225,0.581
2025-01-23 22:28:00,50.0,4274,227,0.624
2025-01-23 22:30:00,49.8,3584,227,0.581
2025-01-23 22:32:00,199,3610,227,0.653
2025-01-23 22:34:00,50.1,2882,228,1.00
2025-01-23 22:36:00,50.0,9346,228,0.624
2025-01-23 22:38:00,49.9,1406,226,0.537
2025-01-23 22:40:00,198,6329,227,0.682
2025-01-23 22:42:00,99.6,3546,227,0.421
2025-01-23 22:44:00,49.9,7407,227,0.552
2025-01-23 22:46:00,99.9,7813,228,0.581
2025-01-23 22:48:00,99.7,6452,228,0.566
2025-01-23 22:50:00,99.7,2890,227,0.668
2025-01-23 22:52:00,199,5848,227,0.639
2025-01-23 22:54:00,50.1,7634,227,0.668
2025-01-23 22:56:00,50.0,5882,227,0.566
2025-01-23 22:58:00,99.4,11628,226,0.624
2025-01-23 23:00:00,49.9,5882,228,0.595
2025-01-23 23:02:00,66.6,3077,228,0.755
2025-01-23 23:04:00,99.2,7813,228,0.682
2025-01-23 23:06:00,50.1,3135,228,0.697
2025-01-23 23:08:00,99.4,,227,
2025-01-23 23:10:00,50.0,6667,227,0.958
2025-01-23 23:12:00,50.0,3906,227,0.653
2025-01-23 23:14:00,50.0,3610,227,0.682
2025-01-23 23:16:00,50.1,2762,227,0.639
2025-01-23 23:18:00,200,6711,228,0.711
2025-01-23 23:20:00,99.4,7813,227,0.624
2025-01-23 23:22:00,101,4587,227,0.828
2025-01-23 23:24:00,99.4,5208,227,0.711
2025-01-23 23:26:00,50.0,9346,226,0.639
2025-01-23 23:28:00,99.9,3279,227,0.726
2025-01-23 23:30:00,99.9,5882,227,0.610
2025-01-23 23:32:00,50.0,4695,228,0.929
2025-01-23 23:34:00,99.9,5882,227,0.682
2025-01-23 23:36:00,50.0,7463,227,0.784
2025-01-23 23:38:00,99.1,6711,228,6.32
2025-01-23 23:40:00,99.4,11765,227,0.813
2025-01-23 23:42:00,50.0,4219,228,0.508
2025-01-23 23:44:00,50.1,3546,227,0.813
2025-01-23 23:46:00,99.5,7813,228,0.668
2025-01-23 23:48:00,50.1,6711,228,0.900
2025-01-23 23:50:00,99.4,7353,227,0.711
2025-01-23 23:52:00,100,5848,228,0.915
2025-01-23 23:54:00,50.0,3906,227,0.828
2025-01-23 23:56:00,49.8,6494,227,0.465
2025-01-23 23:58:00,50.1,3279,228,0.769
2025-01-24 00:00:00,50.0,4902,227,0.784
2025-01-24 00:02:00,99.9,6711,226,0.711
2025-01-24 00:04:00,100,6711,227,0.711
2025-01-24 00:06:00,66.9,9346,227,0.653
2025-01-24 00:08:00,50.0,3788,227,0.915
2025-01-24 00:10:00,50.1,2747,226,0.755
2025-01-24 00:12:00,99.2,6711,226,0.421
2025-01-24 00:14:00,100,6711,227,0.697
2025-01-24 00:16:00,50.0,11628,227,0.668
2025-01-24 00:18:00,99.6,5682,227,0.857
2025-01-24 00:20:00,49.9,1664,226,0.537
2025-01-24 00:22:00,66.4,5208,227,0.537
2025-01-24 00:24:00,99.7,4695,227,4.34
2025-01-24 00:26:00,66.7,11628,228,0.581
2025-01-24 00:28:00,50.0,5882,227,0.828
2025-01-24 00:30:00,50.1,2755,227,0.537
2025-01-24 00:32:00,49.8,3891,227,0.726
2025-01-24 00:34:00,99.2,3356,228,0.711
2025-01-24 00:36:00,49.9,2421,228,0.494
2025-01-24 00:38:00,50.0,3300,228,0.479
2025-01-24 00:40:00,50.0,3788,228,0.508
2025-01-24 00:42:00,99.4,3922,227,0.726
2025-01-24 00:44:00,50.0,3846,227,0.697
2025-01-24 00:46:00,99.9,11628,227,0.624
2025-01-24 00:48:00,50.0,7092,227,0.537
2025-01-24 00:50:00,50.0,5882,228,0.595
2025-01-24 00:52:00,49.8,2331,228,0.610
2025-01-24 00:54:00,50.1,5208,227,0.581
2025-01-24 00:56:00,98.9,5208,228,0.784
2025-01-24 00:58:00,99.5,5102,227,0.711
2025-01-24 01:00:00,50.1,3861,228,0.711
2025-01-24 01:02:00,99.4,5025,227,0.668
2025-01-24 01:04:00,50.0,5780,228,0.697
2025-01-24 01:06:00,50.0,4184,227,0.668
2025-01-24 01:08:00,50.1,2110,228,0.639
2025-01-24 01:10:00,99.4,6711,228,0.653
2025-01-24 01:12:00,50.1,5650,227,0.653
2025-01-24 01:14:00,50.0,5682,228,0.653
2025-01-24 01:16:00,50.0,6711,228,0.595
2025-01-24 01:18:00,99.6,4695,227,0.668
2025-01-24 01:20:00,66.6,4545,228,0.581
2025-01-24 01:22:00,50.0,9346,227,0.711
2025-01-24 01:24:00,99.4,5848,228,0.624
2025-01-24 01:26:00,50.0,2326,227,0.595
2025-01-24 01:28:00,99.4,5882,225,0.653
2025-01-24 01:30:00,50.1,5848,227,0.740
2025-01-24 01:32:00,50.0,3086,227,0.610
2025-01-24 01:34:00,50.0,1848,227,0.610
2025-01-24 01:36:00,50.0,11628,228,0.682
2025-01-24 01:38:00,50.1,5714,227,0.769
2025-01-24 01:40:00,49.9,9346,228,0.682
2025-01-24 01:42:00,50.0,8850,228,0.711
2025-01-24 01:44:00,99.4,3571,227,0.813
2025-01-24 01:46:00,99.8,3067,226,0.769
2025-01-24 01:48:00,50.0,11765,227,0.639
2025-01-24 01:50:00,50.0,5848,227,0.799
2025-01-24 01:52:00,99.4,5155,227,0.944
2025-01-24 01:54:00,50.0,5208,228,0.857
2025-01-24 01:56:00,66.6,3610,226,0.799
2025-01-24 01:58:00,99.7,3922,228,0.653
2025-01-24 02:00:00,99.7,7353,228,0.581
2025-01-24 02:02:00,66.5,7813,228,0.668
2025-01-24 02:04:00,50.0,4695,228,0.682
2025-01-24 02:06:00,99.4,4132,228,0.740
2025-01-24 02:08:00,49.9,4255,228,0.595
2025-01-24 02:10:00,50.0,6711,228,0.639
2025-01-24 02:12:00,50.0,3077,227,0.769
2025-01-24 02:14:00,50.0,11628,227,0.740
2025-01-24 02:16:00,50.1,6452,227,0.682
2025-01-24 02:18:00,99.7,3831,228,0.639
2025-01-24 02:20:00,101,7519,227,0.668
2025-01-24 02:22:00,99.9,2874,227,0.653
2025-01-24 02:24:00,50.0,5882,228,0.653
2025-01-24 02:26:00,49.9,5587,227,0.624
2025-01-24 02:28:00,50.0,5208,227,0.740
2025-01-24 02:30:00,66.6,5682,227,0.552
2025-01-24 02:32:00,99.7,7813,228,0.755
2025-01-24 02:34:00,99.4,7813,228,0.755
2025-01-24 02:36:00,100,10753,227,0.740
2025-01-24 02:38:00,99.2,4566,228,0.726
2025-01-24 02:40:00,99.2,11111,228,0.653
2025-01-24 02:42:00,49.9,4926,227,0.610
2025-01-24 02:44:00,199,7576,228,0.799
2025-01-24 02:46:00,99.2,3861,228,0.552
2025-01-24 02:48:00,99.4,7813,227,0.842
2025-01-24 02:50:00,66.7,3546,228,0.682
2025-01-24 02:52:00,99.4,3257,228,0.624
2025-01-24 02:54:00,99.9,2890,228,1.00
2025-01-24 02:56:00,99.9,2611,228,0.537
2025-01-24 02:58:00,50.1,3610,228,0.682
2025-01-24 03:00:00,99.1,9346,228,0.552
2025-01-24 03:02:00,50.1,9346,228,0.726
2025-01-24 03:04:00,50.0,3333,227,0.682
2025-01-24 03:06:00,99.4,11236,227,0.682
2025-01-24 03:08:00,99.6,3135,226,0.566
2025-01-24 03:10:00,99.7,11628,228,0.653
2025-01-24 03:12:00,50.0,5848,228,0.581
2025-01-24 03:14:00,50.0,5208,227,0.639
2025-01-24 03:16:00,99.7,1802,227,0.639
2025-01-24 03:18:00,49.9,9174,227,0.711
2025-01-24 03:20:00,99.4,3906,228,0.711
2025-01-24 03:22:00,50.0,3356,228,0.668
2025-01-24 03:24:00,50.1,5714,228,0.828
2025-01-24 03:26:00,199,4695,226,0.828
2025-01-24 03:28:00,50.1,9346,228,0.740
2025-01-24 03:30:00,99.4,9346,228,0.784
2025-01-24 03:32:00,50.0,7813,227,0.566
2025-01-24 03:34:00,49.8,3610,227,0.842
2025-01-24 03:36:00,99.7,2558,228,4.56
2025-01-24 03:38:00,50.0,4525,228,0.755
2025-01-24 03:40:00,67.0,2132,228,0.987
2025-01-24 03:42:00,50.0,4545,228,0.610
2025-01-24 03:44:00,99.9,11765,227,0.639
2025-01-24 03:46:00,100.0,2681,227,0.595
2025-01-24 03:48:00,198,4065,228,0.610
2025-01-24 03:50:00,99.4,5714,228,0.668
2025-01-24 03:52:00,50.0,7813,226,0.711
2025-01-24 03:54:00,99.7,4274,227,0.668
2025-01-24 03:56:00,101,3610,227,0.813
2025-01-24 03:58:00,100,6711,227,0.639
2025-01-24 04:00:00,50.1,4545,227,0.958
2025-01-24 04:02:00,100,2604,225,0.595
2025-01-24 04:04:00,99.3,6667,227,0.929
2025-01-24 04:06:00,99.4,4695,227,0.653
2025-01-24 04:08:00,200,4219,227,0.595
2025-01-24 04:10:00,99.7,9346,226,0.987
2025-01-24 04:12:00,50.0,5556,227,0.726
2025-01-24 04:14:00,99.8,6410,227,0.537
2025-01-24 04:16:00,50.0,3906,227,0.552
2025-01-24 04:18:00,99.6,3300,227,0.842
2025-01-24 04:20:00,101,3289,226,1.55
2025-01-24 04:22:00,101,2833,226,0.595
2025-01-24 04:24:00,99.2,7813,227,0.639
2025-01-24 04:26:00,66.7,3356,227,0.624
2025-01-24 04:28:00,66.6,8850,227,0.537
2025-01-24 04:30:00,,3509,,0.857
2025-01-24 04:32:00,99.7,9346,227,0.799
2025-01-24 04:34:00,49.9,5208,227,0.784
2025-01-24 04:36:00,66.5,3106,228,0.726
2025-01-24 04:38:00,66.6,4255,228,0.871
2025-01-24 04:40:00,50.0,7813,228,0.726
2025-01-24 04:42:00,50.1,6667,228,0.581
2025-01-24 04:44:00,99.9,2198,228,4.14
2025-01-24 04:46:00,49.9,2304,228,0.842
2025-01-24 04:48:00,49.9,3356,228,0.624
2025-01-24 04:50:00,198,2114,228,6.01
2025-01-24 04:52:00,49.9,7813,228,1.96
2025-01-24 04:54:00,66.4,3906,228,4.22
2025-01-24 04:56:00,49.9,4695,228,0.813
2025-01-24 04:58:00,99.4,3906,228,0.581
2025-01-24 05:00:00,50.0,5208,227,6.72
2025-01-24 05:02:00,100,6667,227,0.552
2025-01-24 05:04:00,50.0,5208,226,2.58
2025-01-24 05:06:00,99.9,9346,227,0.682
2025-01-24 05:08:00,66.4,5682,227,1.93
2025-01-24 05:10:00,99.7,5208,228,1.52
2025-01-24 05:12:00,66.4,1456,228,0.334
2025-01-24 05:14:00,50.1,5208,227,0.610
2025-01-24 05:16:00,50.0,9346,227,0.653
2025-01-24 05:18:00,49.8,9346,227,0.450
2025-01-24 05:20:00,99.7,6711,228,0.537
2025-01-24 05:22:00,50.0,6711,226,0.740
2025-01-24 05:24:00,99.7,8929,228,0.465
2025-01-24 05:26:00,198,7813,228,0.929
2025-01-24 05:28:00,49.9,5000,224,0.494
2025-01-24 05:30:00,66.6,3906,226,0.479
2025-01-24 05:32:00,99.7,9346,227,0.842
2025-01-24 05:34:00,100,4695,228,0.595
2025-01-24 05:36:00,101,5882,225,0.290
2025-01-24 05:38:00,99.7,3268,227,0.566
2025-01-24 05:40:00,49.9,7813,227,0.290
2025-01-24 05:42:00,99.2,7519,226,0.508
2025-01-24 05:44:00,50.0,2037,228,0.465
2025-01-24 05:46:00,49.9,5848,227,0.377
2025-01-24 05:48:00,50.1,3610,227,0.218
2025-01-24 05:50:00,99.4,1664,228,0.218
2025-01-24 05:52:00,99.4,9346,228,0.479
2025-01-24 05:54:00,99.7,7813,228,0.392
2025-01-24 05:56:00,99.4,5848,228,0.668
2025-01-24 05:58:00,99.9,3906,227,0.407
2025-01-24 06:00:00,66.7,6369,228,0.247
2025-01-24 06:02:00,50.1,5780,228,0.624
2025-01-24 06:04:00,99.5,6711,227,0.421
2025-01-24 06:06:00,99.4,3436,228,0.653
2025-01-24 06:08:00,50.1,3135,228,0.740
2025-01-24 06:10:00,99.7,2882,228,0.610
2025-01-24 06:12:00,49.8,3125,228,0.668
2025-01-24 06:14:00,50.1,4274,228,0.508
2025-01-24 06:16:00,99.9,9346,227,2.69
2025-01-24 06:18:00,49.9,1984,228,0.769
2025-01-24 06:20:00,50.1,3610,228,0.639
2025-01-24 06:22:00,50.1,5208,228,0.537
2025-01-24 06:24:00,50.0,7813,228,0.595
2025-01-24 06:26:00,99.7,3571,229,0.508
2025-01-24 06:28:00,49.9,9346,228,0.581
2025-01-24 06:30:00,99.4,2564,229,0.668
2025-01-24 06:32:00,50.0,6711,228,0.610
2025-01-24 06:34:00,99.4,7813,228,0.581
2025-01-24 06:36:00,50.0,1869,227,0.624
2025-01-24 06:38:00,66.7,2762,227,0.639
2025-01-24 06:40:00,50.0,8929,227,0.508
2025-01-24 06:42:00,50.0,7813,227,0.450
2025-01-24 06:44:00,,5155,,3.75
2025-01-24 06:46:00,49.9,3521,226,0.465
2025-01-24 06:48:00,50.1,3125,229,0.726
2025-01-24 06:50:00,99.4,2304,227,0.610
2025-01-24 06:52:00,66.6,3077,227,0.726
2025-01-24 06:54:00,50.1,4630,227,4.05
2025-01-24 06:56:00,99.4,4525,227,0.581
2025-01-24 06:58:00,50.0,6711,226,0.479
2025-01-24 07:00:00,50.0,3906,227,0.348
2025-01-24 07:02:00,50.1,1739,224,0.624
2025-01-24 07:04:00,50.0,5208,228,0.479
2025-01-24 07:06:00,49.9,8696,227,0.450
2025-01-24 07:08:00,50.0,4630,227,0.465
2025-01-24 07:10:00,99.2,3559,227,0.508
2025-01-24 07:12:00,198,2469,227,0.552
2025-01-24 07:14:00,200,8696,226,0.639
2025-01-24 07:16:00,99.7,4695,227,0.465
2025-01-24 07:18:00,50.0,9346,227,1.10
2025-01-24 07:20:00,50.0,4115,227,0.436
2025-01-24 07:22:00,100,9346,227,2.69
2025-01-24 07:24:00,49.9,5682,227,0.886
2025-01-24 07:26:00,49.9,6369,228,0.421
2025-01-24 07:28:00,50.1,6452,228,6.17
2025-01-24 07:30:00,99.9,6536,228,0.450
2025-01-24 07:32:00,49.8,4695,228,0.276
2025-01-24 07:34:00,99.7,6711,228,0.479
2025-01-24 07:36:00,50.0,2681,229,0.682
2025-01-24 07:38:00,99.7,5051,229,0.595
2025-01-24 07:40:00,50.0,5618,228,0.624
2025-01-24 07:42:00,66.6,11765,226,0.494
2025-01-24 07:44:00,100,5848,229,0.566
2025-01-24 07:46:00,49.9,2101,229,6.04
2025-01-24 07:48:00,99.4,7813,228,0.508
2025-01-24 07:50:00,99.4,4566,227,0.566
2025-01-24 07:52:00,101,8929,228,0.726
2025-01-24 07:54:00,50.0,5618,228,1.95
2025-01-24 07:56:00,49.9,3610,228,1.60
2025-01-24 07:58:00,49.9,6494,228,7.71
2025-01-24 08:00:00,200,5208,228,8.57
2025-01-24 08:02:00,50.2,3846,229,8.61
2025-01-24 08:04:00,99.7,7813,228,8.39
2025-01-24 08:06:00,99.7,1876,228,0.581
2025-01-24 08:08:00,50.0,49.4,227,176
2025-01-24 08:10:00,99.7,49.5,227,171
2025-01-24 08:12:00,49.9,49.5,227,179
2025-01-24 08:14:00,50.0,49.6,228,179
2025-01-24 08:16:00,50.0,49.5,227,175
2025-01-24 08:18:00,100,49.4,227,180
2025-01-24 08:20:00,99.7,99.2,227,180
2025-01-24 08:22:00,99.7,49.4,226,177
2025-01-24 08:24:00,100,49.6,226,183
2025-01-24 08:26:00,99.7,49.4,227,181
2025-01-24 08:28:00,99.7,49.2,227,175
2025-01-24 08:30:00,100,49.3,227,176
2025-01-24 08:32:00,49.8,49.4,227,179
2025-01-24 08:34:00,50.1,49.5,227,180
2025-01-24 08:36:00,50.0,49.5,227,178
2025-01-24 08:38:00,50.0,49.5,227,181
2025-01-24 08:40:00,199,49.6,227,179
2025-01-24 08:42:00,50.1,49.6,227,181
2025-01-24 08:44:00,50.0,49.4,226,176
2025-01-24 08:46:00,50.1,49.6,227,175
2025-01-24 08:48:00,66.4,49.4,227,178
2025-01-24 08:50:00,99.7,49.3,226,182
2025-01-24 08:52:00,99.6,49.5,226,176
2025-01-24 08:54:00,49.9,49.3,227,176
2025-01-24 08:56:00,99.7,49.4,227,174
2025-01-24 08:58:00,50.1,49.4,225,171
2025-01-24 09:00:00,49.8,49.3,225,177
2025-01-24 09:02:00,50.1,49.2,226,181
2025-01-24 09:04:00,49.8,49.3,227,179
2025-01-24 09:06:00,99.1,49.5,226,175
2025-01-24 09:08:00,99.4,49.5,227,176
2025-01-24 09:10:00,100,49.2,224,173
2025-01-24 09:12:00,49.9,49.4,227,169
2025-01-24 09:14:00,50.0,49.5,227,163
2025-01-24 09:16:00,50.1,49.5,227,166
2025-01-24 09:18:00,49.9,49.5,227,163
2025-01-24 09:20:00,50.0,49.6,227,172
2025-01-24 09:22:00,66.6,49.4,227,172
2025-01-24 09:24:00,49.8,49.6,225,173
2025-01-24 09:26:00,99.7,49.0,226,170
2025-01-24 09:28:00,99.7,49.4,227,164
2025-01-24 09:30:00,99.7,49.3,227,165
2025-01-24 09:32:00,49.9,49.4,227,155
2025-01-24 09:34:00,50.1,49.2,227,161
2025-01-24 09:36:00,49.9,49.3,226,160
2025-01-24 09:38:00,50.1,49.6,228,235
2025-01-24 09:40:00,49.9,49.7,227,235
2025-01-24 09:42:00,66.6,49.3,227,232
2025-01-24 09:44:00,99.4,49.4,227,232
2025-01-24 09:46:00,50.1,49.5,227,232
2025-01-24 09:48:00,100,49.6,233,232
2025-01-24 09:50:00,50.1,49.7,233,234
2025-01-24 09:52:00,49.9,49.6,231,234
2025-01-24 09:54:00,50.0,49.7,231,235
2025-01-24 09:56:00,200,49.4,232,235
2025-01-24 09:58:00,,49.5,,230
2025-01-24 10:00:00,50.0,49.3,231,230
2025-01-24 10:02:00,50.1,49.7,232,229
2025-01-24 10:04:00,99.4,49.8,232,227
2025-01-24 10:06:00,50.0,49.9,232,226
2025-01-24 10:08:00,198,49.4,232,230
2025-01-24 10:10:00,50.0,49.3,231,234
2025-01-24 10:12:00,49.9,49.4,232,228
2025-01-24 10:14:00,50.0,49.4,232,229
2025-01-24 10:16:00,49.8,49.4,232,228
2025-01-24 10:18:00,99.2,49.6,232,229
2025-01-24 10:20:00,50.0,49.8,231,229
2025-01-24 10:22:00,99.4,49.8,231,230
2025-01-24 10:24:00,49.9,49.8,232,232
2025-01-24 10:26:00,66.7,49.7,233,231
2025-01-24 10:28:00,99.7,49.8,232,232
2025-01-24 10:30:00,50.0,49.7,232,231
2025-01-24 10:32:00,50.1,49.9,231,232
2025-01-24 10:34:00,100,50.1,232,232
2025-01-24 10:36:00,99.4,50.1,232,232
2025-01-24 10:38:00,49.9,49.7,232,232
2025-01-24 10:40:00,66.9,49.8,231,233
2025-01-24 10:42:00,199,49.8,231,233
2025-01-24 10:44:00,99.2,50.0,231,233
2025-01-24 10:46:00,99.4,50.2,231,232
2025-01-24 10:48:00,49.9,50.3,229,235
2025-01-24 10:50:00,66.6,50.3,232,234
2025-01-24 10:52:00,50.0,50.2,232,240
2025-01-24 10:54:00,99.7,50.1,233,236
2025-01-24 10:56:00,50.0,50.5,231,235
2025-01-24 10:58:00,99.7,50.2,232,236
2025-01-24 11:00:00,50.0,50.1,229,238
2025-01-24 11:02:00,99.4,49.9,231,234
2025-01-24 11:04:00,99.4,50.2,230,237
2025-01-24 11:06:00,50.2,50.0,230,237
2025-01-24 11:08:00,100.0,50.1,230,236
2025-01-24 11:10:00,49.8,49.9,229,235
2025-01-24 11:12:00,99.9,49.6,231,232
2025-01-24 11:14:00,66.9,50.2,228,230
2025-01-24 11:16:00,100.0,50.1,227,235
2025-01-24 11:18:00,66.5,50.1,231,235
2025-01-24 11:20:00,100,50.2,229,237
2025-01-24 11:22:00,66.7,50.0,230,237
2025-01-24 11:24:00,49.9,49.9,230,236
2025-01-24 11:26:00,50.1,50.2,230,231
2025-01-24 11:28:00,99.3,50.3,231,232
2025-01-24 11:30:00,99.4,49.8,231,235
2025-01-24 11:32:00,50.1,49.9,229,236
2025-01-24 11:34:00,99.4,49.9,230,235
2025-01-24 11:36:00,50.0,50.0,230,234
2025-01-24 11:38:00,100,50.2,231,233
2025-01-24 11:40:00,50.2,49.9,232,234
2025-01-24 11:42:00,99.4,50.0,230,231
2025-01-24 11:44:00,99.1,49.5,229,230
2025-01-24 11:46:00,50.0,49.5,230,236
2025-01-24 11:48:00,66.6,49.5,230,238
2025-01-24 11:50:00,50.1,49.6,231,236
2025-01-24 11:52:00,49.8,49.8,231,238
2025-01-24 11:54:00,99.4,49.9,230,238
2025-01-24 11:56:00,66.6,49.9,231,238
2025-01-24 11:58:00,66.6,49.9,230,238
2025-01-24 12:00:00,50.0,50,230,238
2025-01-24 12:02:00,50.0,49.7,230,237
2025-01-24 12:04:00,50.0,49.9,232,239
2025-01-24 12:06:00,99.1,50.0,231,236
2025-01-24 12:08:00,197,50.0,230,238
2025-01-24 12:10:00,49.9,49.8,230,237
2025-01-24 12:12:00,50.0,50,231,236
2025-01-24 12:14:00,99.4,50.0,230,239
2025-01-24 12:16:00,50.1,50.1,228,236
2025-01-24 12:18:00,50.0,50.1,230,236
2025-01-24 12:20:00,99.7,50.2,231,235
2025-01-24 12:22:00,101,50.2,231,234
2025-01-24 12:24:00,50.2,50.3,230,236
2025-01-24 12:26:00,66.4,50.9,230,234
2025-01-24 12:28:00,66.9,50.7,229,233
2025-01-24 12:30:00,198,50.3,230,236
2025-01-24 12:32:00,66.8,50.5,231,234
2025-01-24 12:34:00,50.0,50.6,230,235
2025-01-24 12:36:00,49.9,50.9,231,234
2025-01-24 12:38:00,99.4,50.6,230,234
2025-01-24 12:40:00,99.6,51.0,230,235
2025-01-24 12:42:00,99.4,51.0,230,236
2025-01-24 12:44:00,100,50.6,230,238
2025-01-24 12:46:00,99.2,50.5,230,237
2025-01-24 12:48:00,99.4,50.4,230,235
2025-01-24 12:50:00,100,50.7,231,234
2025-01-24 12:52:00,101,50.5,230,238
2025-01-24 12:54:00,99.1,50.8,231,236
2025-01-24 12:56:00,50.1,50.2,231,240
2025-01-24 12:58:00,50.1,50.3,231,240
2025-01-24 13:00:00,99.7,50.6,231,240
2025-01-24 13:02:00,49.9,50.7,230,238
2025-01-24 13:04:00,99.1,50.5,230,240
2025-01-24 13:06:00,99.2,49.9,228,237
2025-01-24 13:08:00,50.0,50.3,230,240
2025-01-24 13:10:00,100.0,50.4,229,242
2025-01-24 13:12:00,99.4,50.2,230,237
2025-01-24 13:14:00,50.0,50.1,229,237
2025-01-24 13:16:00,50.0,50.0,230,240
2025-01-24 13:18:00,100,49.9,229,239
2025-01-24 13:20:00,100,49.9,230,243
2025-01-24 13:22:00,99.4,49.7,231,242
2025-01-24 13:24:00,49.9,49.6,230,239
2025-01-24 13:26:00,99.4,49.7,230,240
2025-01-24 13:28:00,99.4,49.7,230,239
2025-01-24 13:30:00,66.5,49.8,229,238
2025-01-24 13:32:00,100,49.7,230,239
2025-01-24 13:34:00,50.1,49.7,230,239
2025-01-24 13:36:00,67.0,49.8,229,237
2025-01-24 13:38:00,100,49.7,229,237
2025-01-24 13:40:00,100,50.0,229,237
2025-01-24 13:42:00,99.4,49.6,230,236
2025-01-24 13:44:00,99.6,49.6,230,241
2025-01-24 13:46:00,99.2,49.8,229,240
2025-01-24 13:48:00,50.1,49.5,229,239
2025-01-24 13:50:00,50.1,49.9,230,241
2025-01-24 13:52:00,100,49.6,229,242
2025-01-24 13:54:00,50.0,49.9,229,238
2025-01-24 13:56:00,99.2,49.8,229,240
2025-01-24 13:58:00,50.1,49.6,229,241
2025-01-24 14:00:00,50.1,49.8,230,239
2025-01-24 14:02:00,50.1,49.8,230,238
2025-01-24 14:04:00,49.8,49.9,229,238
2025-01-24 14:06:00,100,49.8,230,241
2025-01-24 14:08:00,99.4,49.4,230,242
2025-01-24 14:10:00,100,49.7,231,241
2025-01-24 14:12:00,50.0,49.7,230,240
2025-01-24 14:14:00,99.2,49.5,229,239
2025-01-24 14:16:00,50.1,49.7,229,238
2025-01-24 14:18:00,100,49.5,230,238
2025-01-24 14:20:00,49.9,49.6,230,238
2025-01-24 14:22:00,50.1,50.1,230,236
2025-01-24 14:24:00,50.0,50.3,229,237
2025-01-24 14:26:00,99.6,49.9,230,237
2025-01-24 14:28:00,49.9,50.2,230,237
2025-01-24 14:30:00,101,50.1,229,236
2025-01-24 14:32:00,99.7,50.1,229,239
2025-01-24 14:34:00,67.0,50.3,229,238
2025-01-24 14:36:00,50,49.8,230,237
2025-01-24 14:38:00,100,49.8,230,238
2025-01-24 14:40:00,99.6,50.2,229,236
2025-01-24 14:42:00,50.0,50.4,230,238
2025-01-24 14:44:00,99.6,50.3,231,238
2025-01-24 14:46:00,49.9,50.2,230,238
2025-01-24 14:48:00,49.9,50.2,229,240
2025-01-24 14:50:00,49.9,50.4,230,237
2025-01-24 14:52:00,100,50.4,230,236
2025-01-24 14:54:00,99.4,50.0,230,239
2025-01-24 14:56:00,49.9,49.9,230,236
2025-01-24 14:58:00,99.1,49.9,230,238
2025-01-24 15:00:00,50.0,49.8,230,237
2025-01-24 15:02:00,50.1,49.9,229,236
2025-01-24 15:04:00,50.0,49.9,230,236
2025-01-24 15:06:00,50.0,50,229,235
2025-01-24 15:08:00,50.0,50.2,231,238
2025-01-24 15:10:00,50.0,50.2,230,240
2025-01-24 15:12:00,50.1,50.2,230,240
2025-01-24 15:14:00,50.0,50.3,230,237
2025-01-24 15:16:00,99.7,49.9,231,236
2025-01-24 15:18:00,50.0,50.3,230,237
2025-01-24 15:20:00,50.1,50.2,229,235
2025-01-24 15:22:00,99.7,50.4,229,238
2025-01-24 15:24:00,99.4,50.3,230,237
2025-01-24 15:26:00,99.7,50.5,230,236
2025-01-24 15:28:00,49.9,50.6,229,234
2025-01-24 15:30:00,99.4,50.3,229,236
2025-01-24 15:32:00,66.8,50.7,230,238
2025-01-24 15:34:00,100,50.4,230,240
2025-01-24 15:36:00,50.0,50.5,230,239
2025-01-24 15:38:00,100,50.2,230,240
2025-01-24 15:40:00,100,50.4,230,243
2025-01-24 15:42:00,50.0,50.7,229,238
2025-01-24 15:44:00,50.1,50.7,230,236
2025-01-24 15:46:00,49.9,50.3,230,242
2025-01-24 15:48:00,49.9,50.1,229,243
2025-01-24 15:50:00,66.8,50.2,230,243
2025-01-24 15:52:00,50.0,50.5,230,238
2025-01-24 15:54:00,66.9,50.4,229,239
2025-01-24 15:56:00,99.1,50.6,230,239
2025-01-24 15:58:00,49.9,50.4,229,238
2025-01-24 16:00:00,50.0,50.2,229,243
2025-01-24 16:02:00,50.0,50.0,229,245
2025-01-24 16:04:00,99.7,50.0,229,245
2025-01-24 16:06:00,99.4,50.5,229,242
2025-01-24 16:08:00,49.9,50.3,229,239
2025-01-24 16:10:00,199,50.5,229,239
2025-01-24 16:12:00,99.4,50.4,230,238
2025-01-24 16:14:00,99.4,50.1,230,241
2025-01-24 16:16:00,99.4,50.3,230,245
2025-01-24 16:18:00,50.1,50.3,229,245
2025-01-24 16:20:00,50.2,50.2,230,242
2025-01-24 16:22:00,99.4,50.3,230,244
2025-01-24 16:24:00,99.4,50.3,230,242
2025-01-24 16:26:00,99.4,50.3,230,243
2025-01-24 16:28:00,100,50.6,230,240
2025-01-24 16:30:00,50.0,50.5,229,238
2025-01-24 16:32:00,99.4,51.0,231,236
2025-01-24 16:34:00,100,50.8,228,238
2025-01-24 16:36:00,99.4,50.8,229,239
2025-01-24 16:38:00,50.1,50.8,230,238
2025-01-24 16:40:00,50.2,50.9,230,235
2025-01-24 16:42:00,50.0,51.0,225,238
2025-01-24 16:44:00,99.4,51.0,225,237
2025-01-24 16:46:00,99.4,50.4,226,237
2025-01-24 16:48:00,66.4,50.8,225,236
2025-01-24 16:50:00,99.4,50.8,225,238
2025-01-24 16:52:00,50.0,51.2,225,238
2025-01-24 16:54:00,66.8,51.2,225,237
2025-01-24 16:56:00,99.7,50.7,225,241
2025-01-24 16:58:00,99.3,50.5,226,241
2025-01-24 17:00:00,50.0,50.4,226,242
2025-01-24 17:02:00,49.9,51.0,226,241
2025-01-24 17:04:00,50.0,50.5,225,236
2025-01-24 17:06:00,50.0,51.3,226,237
2025-01-24 17:08:00,50.1,51.4,226,236
2025-01-24 17:10:00,99.9,51.2,226,238
2025-01-24 17:12:00,50.1,50.7,226,242
2025-01-24 17:14:00,50.0,50.6,226,244
2025-01-24 17:16:00,50.0,50.3,226,242
2025-01-24 17:18:00,50.0,50.9,225,241
2025-01-24 17:20:00,50.1,51.1,226,239
2025-01-24 17:22:00,49.9,49.9,226,236
2025-01-24 17:24:00,50.1,49.7,226,239
2025-01-24 17:26:00,50.1,49.7,225,240
2025-01-24 17:28:00,49.9,49.8,225,240
2025-01-24 17:30:00,50.0,49.9,226,239
2025-01-24 17:32:00,199,49.7,224,235
2025-01-24 17:34:00,66.6,49.8,226,237
2025-01-24 17:36:00,50.0,49.7,226,238
2025-01-24 17:38:00,50.0,49.9,227,240
2025-01-24 17:40:00,49.9,49.9,225,240
2025-01-24 17:42:00,197,49.7,226,237
2025-01-24 17:44:00,49.8,49.8,226,239
2025-01-24 17:46:00,99.6,49.9,227,238
2025-01-24 17:48:00,49.8,49.7,225,239
2025-01-24 17:50:00,49.9,49.7,225,239
2025-01-24 17:52:00,99.4,49.8,226,242
2025-01-24 17:54:00,99.4,49.9,225,239
2025-01-24 17:56:00,99.4,49.9,226,241
2025-01-24 17:58:00,100,49.9,227,241
2025-01-24 18:00:00,50.0,49.7,226,242
2025-01-24 18:02:00,49.8,49.7,225,241
2025-01-24 18:04:00,99.6,49.9,226,242
2025-01-24 18:06:00,66.8,49.8,226,242
2025-01-24 18:08:00,99.4,49.8,225,241
2025-01-24 18:10:00,50.1,49.8,227,243
2025-01-24 18:12:00,50.0,49.8,225,243
2025-01-24 18:14:00,100,49.7,226,244
2025-01-24 18:16:00,50.1,49.8,226,243
2025-01-24 18:18:00,50.0,49.7,226,243
2025-01-24 18:20:00,50.1,49.5,226,239
2025-01-24 18:22:00,99.2,49.6,226,239
2025-01-24 18:24:00,50.1,49.7,226,240
2025-01-24 18:26:00,50.1,49.8,226,240
2025-01-24 18:28:00,99.2,49.7,226,238
2025-01-24 18:30:00,99.4,51.1,226,230
2025-01-24 18:32:00,99.7,51.2,226,237
2025-01-24 18:34:00,99.6,51.1,226,239
2025-01-24 18:36:00,66.5,50.9,225,237
2025-01-24 18:38:00,50.0,51.0,225,237
2025-01-24 18:40:00,66.8,51.2,226,238
2025-01-24 18:42:00,50.0,51.3,226,237
2025-01-24 18:44:00,50.0,51.3,227,237
2025-01-24 18:46:00,49.9,51.1,227,237
2025-01-24 18:48:00,99.4,51.1,225,237
2025-01-24 18:50:00,66.9,51.2,226,236
2025-01-24 18:52:00,50.0,52.2,226,234
2025-01-24 18:54:00,50.1,52.6,227,235
2025-01-24 18:56:00,100,51.9,226,236
2025-01-24 18:58:00,99.7,51.9,227,237
2025-01-24 19:00:00,99.7,52.1,226,233
2025-01-24 19:02:00,99.3,52.6,226,236
2025-01-24 19:04:00,99.6,52.4,227,234
2025-01-24 19:06:00,50.0,52.2,226,235
2025-01-24 19:08:00,50.0,52.3,226,235
2025-01-24 19:10:00,100,52.3,225,235
2025-01-24 19:12:00,50.1,52.3,226,236
2025-01-24 19:14:00,49.9,52.3,226,236
2025-01-24 19:16:00,99.7,53.3,225,235
2025-01-24 19:18:00,66.4,52.0,225,237
2025-01-24 19:20:00,66.4,51.9,227,235
2025-01-24 19:22:00,49.9,53.6,228,241
2025-01-24 19:24:00,99.7,53.6,225,236
2025-01-24 19:26:00,50.1,52.2,227,241
2025-01-24 19:28:00,100.0,52.3,225,236
2025-01-24 19:30:00,99.2,52.2,226,240
2025-01-24 19:32:00,49.9,53.4,226,238
2025-01-24 19:34:00,99.9,53.8,226,241
2025-01-24 19:36:00,99.1,53.9,226,240
2025-01-24 19:38:00,99.4,54.4,227,239
2025-01-24 19:40:00,50.0,52.3,226,245
2025-01-24 19:42:00,50.1,53.6,225,243
2025-01-24 19:44:00,50.2,54.0,226,241
2025-01-24 19:46:00,49.9,53.4,226,244
2025-01-24 19:48:00,50.0,53.4,228,244
2025-01-24 19:50:00,49.9,53.7,226,243
2025-01-24 19:52:00,99.4,53.5,226,244
2025-01-24 19:54:00,50.1,53.4,226,243
2025-01-24 19:56:00,66.7,53.8,226,242
2025-01-24 19:58:00,99.4,54.4,226,240
2025-01-24 20:00:00,66.8,54.1,226,240
2025-01-24 20:02:00,99.4,54.3,226,240
2025-01-24 20:04:00,50.1,53.7,227,242
2025-01-24 20:06:00,66.8,54.0,226,240
2025-01-24 20:08:00,66.8,52.1,227,244
2025-01-24 20:10:00,50.2,53.7,227,241
2025-01-24 20:12:00,66.9,54.0,226,241
2025-01-24 20:14:00,99.4,52.1,226,236
2025-01-24 20:16:00,49.8,52.2,226,238
2025-01-24 20:18:00,49.8,54.9,226,237
2025-01-24 20:20:00,50.0,52.7,227,233
2025-01-24 20:22:00,99.4,52.3,226,240
2025-01-24 20:24:00,66.4,53.6,226,243
2025-01-24 20:26:00,99.4,52.3,227,238
2025-01-24 20:28:00,100,54.7,226,238
2025-01-24 20:30:00,99.9,54.3,227,239
2025-01-24 20:32:00,50.0,52.0,226,234
2025-01-24 20:34:00,99.3,53.4,226,238
2025-01-24 20:36:00,99.4,54.1,226,241
2025-01-24 20:38:00,66.7,52.2,227,239
2025-01-24 20:40:00,50.2,53.4,226,241
2025-01-24 20:42:00,100,52.1,227,236
2025-01-24 20:44:00,50.1,53.3,226,242
2025-01-24 20:46:00,66.5,52.1,226,243
2025-01-24 20:48:00,50.0,54.1,226,242
2025-01-24 20:50:00,99.7,53.6,226,244
2025-01-24 20:52:00,66.9,52.2,226,246
2025-01-24 20:54:00,50.1,52.3,226,243
2025-01-24 20:56:00,50.0,53.4,226,241
2025-01-24 20:58:00,50.0,54.3,226,242
2025-01-24 21:00:00,50.0,53.4,225,245
2025-01-24 21:02:00,50.0,53.5,225,243
2025-01-24 21:04:00,50.0,53.9,226,242
2025-01-24 21:06:00,50.0,53.8,225,242
2025-01-24 21:08:00,99.9,53.4,226,244
2025-01-24 21:10:00,50.0,54.0,225,242
2025-01-24 21:12:00,99.4,53.7,224,241
2025-01-24 21:14:00,50.1,52.2,227,241
2025-01-24 21:16:00,99.2,53.2,226,240
2025-01-24 21:18:00,50.0,53.6,226,238
2025-01-24 21:20:00,99.4,52.3,225,240
2025-01-24 21:22:00,99.4,52.9,225,243
2025-01-24 21:24:00,49.8,53.3,227,242
2025-01-24 21:26:00,49.8,54.1,226,239
2025-01-24 21:28:00,50.0,54.4,225,237
2025-01-24 21:30:00,50.1,53.8,225,238
2025-01-24 21:32:00,50.1,5848,226,0.682
2025-01-24 21:34:00,50.1,9346,226,0.653
2025-01-24 21:36:00,99.4,53.9,227,239
2025-01-24 21:38:00,99.7,52.0,224,241
2025-01-24 21:40:00,50.1,53.4,225,240
2025-01-24 21:42:00,50.1,54.4,226,236
2025-01-24 21:44:00,99.9,54.6,226,235
2025-01-24 21:46:00,50.0,53.4,226,242
2025-01-24 21:48:00,49.9,53.3,226,242
2025-01-24 21:50:00,99.4,53.9,225,239
2025-01-24 21:52:00,49.9,54.2,225,237
2025-01-24 21:54:00,66.9,53.9,225,239
2025-01-24 21:56:00,50.1,53.8,225,240
2025-01-24 21:58:00,99.4,54.1,225,238
2025-01-24 22:00:00,49.9,54.0,227,238
2025-01-24 22:02:00,50.1,53.9,225,237
2025-01-24 22:04:00,99.2,54.5,226,236
2025-01-24 22:06:00,99.4,54.8,225,237
2025-01-24 22:08:00,99.7,52.2,226,237
2025-01-24 22:10:00,50.0,53.5,225,241
2025-01-24 22:12:00,50.0,53.9,227,240
2025-01-24 22:14:00,49.8,53.8,225,234
2025-01-24 22:16:00,99.4,54.2,225,239
2025-01-24 22:18:00,49.8,53.7,226,241
2025-01-24 22:20:00,49.9,53.8,226,234
2025-01-24 22:22:00,50.1,54.0,225,240
2025-01-24 22:24:00,50.0,54.2,227,238
2025-01-24 22:26:00,50.1,54.3,227,237
2025-01-24 22:28:00,100,54.3,225,238
2025-01-24 22:30:00,50.1,53.5,225,235
2025-01-24 22:32:00,50.0,53.7,226,234
2025-01-24 22:34:00,50.0,52.3,227,235
2025-01-24 22:36:00,100.0,52.0,225,235
2025-01-24 22:38:00,49.9,53.3,227,239
2025-01-24 22:40:00,200,52.2,225,233
2025-01-24 22:42:00,50.1,53.8,226,239
2025-01-24 22:44:00,50.0,55.1,226,237
2025-01-24 22:46:00,50.1,54.2,226,240
2025-01-24 22:48:00,49.9,53.6,225,242
2025-01-24 22:50:00,99.7,52.2,225,240
2025-01-24 22:52:00,99.4,54.5,226,239
2025-01-24 22:54:00,50.1,54.5,226,238
2025-01-24 22:56:00,49.8,54.8,226,237
2025-01-24 22:58:00,49.8,54.5,226,239
2025-01-24 23:00:00,100,54.4,226,239
2025-01-24 23:02:00,99.9,54.3,226,240
2025-01-24 23:04:00,100,53.0,225,240
2025-01-24 23:06:00,99.4,53.6,226,239
2025-01-24 23:08:00,99.4,53.7,227,240
2025-01-24 23:10:00,50.0,53.9,226,239
2025-01-24 23:12:00,50.0,54.1,227,241
2025-01-24 23:14:00,99.6,54.2,225,241
2025-01-24 23:16:00,66.8,53.6,225,244
2025-01-24 23:18:00,50.0,54.4,226,240
2025-01-24 23:20:00,50.0,55.1,225,237
2025-01-24 23:22:00,50.1,55.1,227,237
2025-01-24 23:24:00,49.8,54.6,227,239
2025-01-24 23:26:00,50.0,54.3,229,237
2025-01-24 23:28:00,50.2,54.9,228,237
2025-01-24 23:30:00,50.1,54.6,229,238
2025-01-24 23:32:00,66.9,53.7,230,242
2025-01-24 23:34:00,99.4,53.9,229,241
2025-01-24 23:36:00,100,55.2,228,238
2025-01-24 23:38:00,50.1,55.2,228,237
2025-01-24 23:40:00,49.8,54.3,228,238
2025-01-24 23:42:00,99.2,53.8,228,241
2025-01-24 23:44:00,66.6,53.8,228,240
2025-01-24 23:46:00,49.9,54.2,228,239
2025-01-24 23:48:00,50,53.7,229,241
2025-01-24 23:50:00,50.1,54.8,228,237
2025-01-24 23:52:00,99.1,54.3,228,239
2025-01-24 23:54:00,50.0,55.0,228,236
2025-01-24 23:56:00,50.1,55.1,228,237
2025-01-24 23:58:00,50.0,54.9,228,237
2025-01-25 00:00:00,50.1,54.1,229,240
2025-01-25 00:02:00,100,54.2,228,240
2025-01-25 00:04:00,99.2,53.9,227,239
2025-01-25 00:06:00,50.2,54.4,228,239
2025-01-25 00:08:00,66.9,54.3,227,239
2025-01-25 00:10:00,50.2,53.7,228,242
2025-01-25 00:12:00,99.4,54.3,229,239
2025-01-25 00:14:00,99.6,54.3,227,239
2025-01-25 00:16:00,99.9,54.8,227,236
2025-01-25 00:18:00,49.9,54.3,228,239
2025-01-25 00:20:00,50.1,54.3,228,240
2025-01-25 00:22:00,50.0,55.2,228,238
2025-01-25 00:24:00,99.9,55.2,230,238
2025-01-25 00:26:00,50.1,54.3,228,240
2025-01-25 00:28:00,50.0,54.1,228,242
2025-01-25 00:30:00,66.8,55.3,229,238
2025-01-25 00:32:00,66.4,55.2,228,238
2025-01-25 00:34:00,49.8,54.3,229,240
2025-01-25 00:36:00,198,54.1,229,242
2025-01-25 00:38:00,50.0,54.2,227,234
2025-01-25 00:40:00,50.2,55.3,229,238
2025-01-25 00:42:00,50.1,55.4,227,238
2025-01-25 00:44:00,99.5,54.6,228,240
2025-01-25 00:46:00,49.8,53.9,228,243
2025-01-25 00:48:00,50.0,54.8,227,241
2025-01-25 00:50:00,50.0,55.4,227,238
2025-01-25 00:52:00,49.9,55.4,228,238
2025-01-25 00:54:00,99.9,54.0,229,243
2025-01-25 00:56:00,66.6,54.7,227,240
2025-01-25 00:58:00,49.9,55.5,229,238
2025-01-25 01:00:00,66.5,55.3,229,238
2025-01-25 01:02:00,50.1,54.5,228,241
2025-01-25 01:04:00,50.2,54.6,229,240
2025-01-25 01:06:00,50.1,55.1,227,239
2025-01-25 01:08:00,99.4,55.1,228,239
2025-01-25 01:10:00,99.4,55.3,228,239
2025-01-25 01:12:00,99.4,54.7,228,241
2025-01-25 01:14:00,50.0,53.8,227,245
2025-01-25 01:16:00,99.1,54.6,229,242
2025-01-25 01:18:00,50.0,55.3,229,239
2025-01-25 01:20:00,50.0,55.3,228,238
2025-01-25 01:22:00,50.0,54.7,228,241
2025-01-25 01:24:00,49.9,55.4,227,238
2025-01-25 01:26:00,49.9,55.2,228,239
2025-01-25 01:28:00,66.8,55.3,228,239
2025-01-25 01:30:00,99.4,55.3,229,239
2025-01-25 01:32:00,99.2,54.8,229,240
2025-01-25 01:34:00,50.1,55.3,229,238
2025-01-25 01:36:00,49.8,54.2,229,243
2025-01-25 01:38:00,50.0,54.6,229,241
2025-01-25 01:40:00,50.0,55.2,229,239
2025-01-25 01:42:00,50.1,54.7,229,241
2025-01-25 01:44:00,99.4,55.3,229,239
2025-01-25 01:46:00,50.0,55.2,229,240
2025-01-25 01:48:00,99.4,54.5,228,240
2025-01-25 01:50:00,99.7,54.7,228,239
2025-01-25 01:52:00,50.0,54.1,228,241
2025-01-25 01:54:00,50.1,55.2,228,238
2025-01-25 01:56:00,50.0,55.2,228,238
2025-01-25 01:58:00,50.0,55.2,229,238
2025-01-25 02:00:00,99.9,55.2,230,238
2025-01-25 02:02:00,66.7,54.5,229,241
2025-01-25 02:04:00,50.0,54.2,227,236
2025-01-25 02:06:00,49.9,55.1,229,238
2025-01-25 02:08:00,99.1,53.4,229,243
2025-01-25 02:10:00,50.0,53.7,229,243
2025-01-25 02:12:00,50.0,54.6,229,239
2025-01-25 02:14:00,50.1,55.1,229,238
2025-01-25 02:16:00,50.0,55.3,228,238
2025-01-25 02:18:00,49.9,55.2,230,238
2025-01-25 02:20:00,99.2,55.3,230,238
2025-01-25 02:22:00,50.0,54.5,230,240
2025-01-25 02:24:00,50.0,54.7,229,240
2025-01-25 02:26:00,50.0,55.3,229,238
2025-01-25 02:28:00,50.0,55.1,228,239
2025-01-25 02:30:00,49.9,54.6,230,239
2025-01-25 02:32:00,50.0,53.4,228,244
2025-01-25 02:34:00,50.2,54.0,229,244
2025-01-25 02:36:00,49.9,55.5,230,239
2025-01-25 02:38:00,50.2,55.2,228,238
2025-01-25 02:40:00,99.2,54.2,229,236
2025-01-25 02:42:00,50.0,55.2,230,239
2025-01-25 02:44:00,50.1,54.8,229,241
2025-01-25 02:46:00,99.4,54.4,229,242
2025-01-25 02:48:00,198,73.3,228,241
2025-01-25 02:50:00,99.2,55.6,228,238
2025-01-25 02:52:00,50.1,55.6,229,238
2025-01-25 02:54:00,50.1,55.1,229,241
2025-01-25 02:56:00,100,55.0,228,241
2025-01-25 02:58:00,100,55.7,229,239
2025-01-25 03:00:00,67.0,55.8,230,239
2025-01-25 03:02:00,50.0,55.4,229,240
2025-01-25 03:04:00,99.7,54.9,228,240
2025-01-25 03:06:00,50.1,54.5,228,242
2025-01-25 03:08:00,49.8,53.5,228,245
2025-01-25 03:10:00,50.0,52.4,229,245
2025-01-25 03:12:00,50.0,55.2,228,240
2025-01-25 03:14:00,50.1,54.9,227,241
2025-01-25 03:16:00,99.3,53.4,228,240
2025-01-25 03:18:00,50.2,54.6,229,241
2025-01-25 03:20:00,50.1,55.1,230,239
2025-01-25 03:22:00,49.9,55.6,228,240
2025-01-25 03:24:00,49.8,55.8,230,239
2025-01-25 03:26:00,199,54.8,230,241
2025-01-25 03:28:00,99.4,54.1,229,243
2025-01-25 03:30:00,50.1,55.0,228,241
2025-01-25 03:32:00,99.1,54.6,229,243
2025-01-25 03:34:00,99.4,53.6,228,247
2025-01-25 03:36:00,49.9,53.9,229,246
2025-01-25 03:38:00,50.1,55.2,230,242
2025-01-25 03:40:00,50.0,54.0,229,244
2025-01-25 03:42:00,99.9,54.9,228,242
2025-01-25 03:44:00,100,55.2,229,242
2025-01-25 03:46:00,99.2,55.2,229,242
2025-01-25 03:48:00,50.0,54.8,230,243
2025-01-25 03:50:00,49.9,54.8,230,243
2025-01-25 03:52:00,50.0,54.3,229,245
2025-01-25 03:54:00,199,55.0,229,243
2025-01-25 03:56:00,49.8,54.9,228,243
2025-01-25 03:58:00,99.4,52.6,228,242
2025-01-25 04:00:00,99.4,52.3,229,241
2025-01-25 04:02:00,50.0,52.1,230,242
2025-01-25 04:04:00,50.0,52.3,229,246
2025-01-25 04:06:00,99.2,52.2,228,242
2025-01-25 04:08:00,50.0,52.1,230,242
2025-01-25 04:10:00,100,52.2,229,242
2025-01-25 04:12:00,50.1,53.2,229,245
2025-01-25 04:14:00,49.9,51.9,229,244
2025-01-25 04:16:00,50.0,52.2,230,247
2025-01-25 04:18:00,50.0,52.2,230,242
2025-01-25 04:20:00,49.9,52.1,229,242
2025-01-25 04:22:00,50.0,53.4,228,246
2025-01-25 04:24:00,100,52.1,229,242
2025-01-25 04:26:00,99.2,52.0,231,243
2025-01-25 04:28:00,199,52.1,229,246
2025-01-25 04:30:00,50.0,52.1,230,242
2025-01-25 04:32:00,50.1,52.2,229,242
2025-01-25 04:34:00,49.9,52.0,230,241
2025-01-25 04:36:00,100,53.5,229,244
2025-01-25 04:38:00,66.6,52.2,228,245
2025-01-25 04:40:00,50.1,52.1,229,244
2025-01-25 04:42:00,50.0,52.2,230,243
2025-01-25 04:44:00,99.1,52.1,229,243
2025-01-25 04:46:00,50.0,52.1,229,242
2025-01-25 04:48:00,100,52.0,228,243
2025-01-25 04:50:00,99.4,52.0,230,243
2025-01-25 04:52:00,99.4,51.8,229,240
2025-01-25 04:54:00,50.1,52.0,227,245
2025-01-25 04:56:00,49.8,52.1,228,245
2025-01-25 04:58:00,50.0,52.0,228,246
2025-01-25 05:00:00,99.9,51.9,229,246
2025-01-25 05:02:00,50.0,52.1,230,245
2025-01-25 05:04:00,50.1,52.2,229,245
2025-01-25 05:06:00,50.1,52.7,229,245
2025-01-25 05:08:00,49.9,52.2,228,244
2025-01-25 05:10:00,49.9,52.3,231,244
2025-01-25 05:12:00,50.0,53.7,230,244
2025-01-25 05:14:00,50.1,53.5,229,245
2025-01-25 05:16:00,49.9,52.2,229,247
2025-01-25 05:18:00,49.9,53.4,229,247
2025-01-25 05:20:00,50.2,52.0,229,242
2025-01-25 05:22:00,99.4,53.4,230,246
2025-01-25 05:24:00,49.9,53.4,231,246
2025-01-25 05:26:00,49.9,52.0,229,236
2025-01-25 05:28:00,99.4,51.9,228,236
2025-01-25 05:30:00,66.8,51.8,228,236
2025-01-25 05:32:00,50.1,52.2,228,246
2025-01-25 05:34:00,50.0,53.4,229,247
2025-01-25 05:36:00,50.0,53.3,230,247
2025-01-25 05:38:00,50.1,52.1,229,236
2025-01-25 05:40:00,99.7,51.9,229,236
2025-01-25 05:42:00,99.4,51.9,228,248
2025-01-25 05:44:00,66.5,52.2,229,247
2025-01-25 05:46:00,101,52.1,228,236
2025-01-25 05:48:00,49.9,52.1,229,237
2025-01-25 05:50:00,100,52.4,229,237
2025-01-25 05:52:00,66.8,54.1,228,246
2025-01-25 05:54:00,66.9,51.8,228,237
2025-01-25 05:56:00,50.1,51.5,230,232
2025-01-25 05:58:00,66.5,52.1,228,246
2025-01-25 06:00:00,66.6,52.2,227,245
2025-01-25 06:02:00,99.3,53.6,229,247
2025-01-25 06:04:00,99.4,52.1,228,246
2025-01-25 06:06:00,99.4,51.8,230,246
2025-01-25 06:08:00,99.7,51.9,229,246
2025-01-25 06:10:00,50.0,52.0,229,245
2025-01-25 06:12:00,99.4,52.0,229,245
2025-01-25 06:14:00,99.2,52.0,228,237
2025-01-25 06:16:00,99.2,51.9,229,236
2025-01-25 06:18:00,99.1,51.7,229,233
2025-01-25 06:20:00,99.2,52.0,229,234
2025-01-25 06:22:00,66.9,52.1,229,245
2025-01-25 06:24:00,99.2,52.1,228,243
2025-01-25 06:26:00,49.9,52.0,229,243
2025-01-25 06:28:00,100,52.0,229,243
2025-01-25 06:30:00,99.4,51.1,228,239
2025-01-25 06:32:00,99.9,50.9,230,235
2025-01-25 06:34:00,99.4,51.0,229,239
2025-01-25 06:36:00,99.4,50.9,230,240
2025-01-25 06:38:00,50.2,51.2,229,238
2025-01-25 06:40:00,50.0,51.1,229,238
2025-01-25 06:42:00,50.0,51.2,230,238
2025-01-25 06:44:00,50.1,51.3,230,238
2025-01-25 06:46:00,99.4,51.2,229,239
2025-01-25 06:48:00,99.2,51.2,229,239
2025-01-25 06:50:00,99.4,50.9,229,239
2025-01-25 06:52:00,100,51.2,228,238
2025-01-25 06:54:00,66.6,51.3,228,239
2025-01-25 06:56:00,50.0,51.2,228,238
2025-01-25 06:58:00,49.9,51.1,230,237
2025-01-25 07:00:00,50.0,51.2,229,237
2025-01-25 07:02:00,50.1,51.1,230,238
2025-01-25 07:04:00,100,51.3,229,238
2025-01-25 07:06:00,50.0,51.1,229,234
2025-01-25 07:08:00,100,51.2,229,236
2025-01-25 07:10:00,66.8,51.3,229,236
2025-01-25 07:12:00,49.8,51.3,230,236
2025-01-25 07:14:00,100,51.1,229,227
2025-01-25 07:16:00,99.2,50.9,229,223
2025-01-25 07:18:00,99.4,50.8,231,222
2025-01-25 07:20:00,99.7,51.0,229,225
2025-01-25 07:22:00,99.2,51.3,229,235
2025-01-25 07:24:00,66.7,51.1,229,224
2025-01-25 07:26:00,66.8,51.0,230,228
2025-01-25 07:28:00,50.1,51.0,233,234
2025-01-25 07:30:00,99.2,50.9,234,231
2025-01-25 07:32:00,99.4,51.2,233,236
2025-01-25 07:34:00,100,51.1,232,234
2025-01-25 07:36:00,99.4,51.0,232,236
2025-01-25 07:38:00,99.7,51.0,232,239
2025-01-25 07:40:00,99.4,51.3,232,238
2025-01-25 07:42:00,99.1,51.3,232,237
2025-01-25 07:44:00,50.1,51.3,232,237
2025-01-25 07:46:00,50.0,51.5,233,237
2025-01-25 07:48:00,99.7,51.2,229,237
2025-01-25 07:50:00,50.0,51.3,229,239
2025-01-25 07:52:00,50.0,51.3,230,239
2025-01-25 07:54:00,50.0,51.4,231,240
2025-01-25 07:56:00,99.4,51.6,231,240
2025-01-25 07:58:00,99.2,51.7,229,238
2025-01-25 08:00:00,198,51.9,229,238
2025-01-25 08:02:00,50.0,51.9,230,240
2025-01-25 08:04:00,99.6,51.8,229,238
2025-01-25 08:06:00,66.8,51.8,230,236
2025-01-25 08:08:00,66.5,51.7,230,236
2025-01-25 08:10:00,50.0,51.2,229,237
2025-01-25 08:12:00,99.7,51.4,230,238
2025-01-25 08:14:00,99.4,51.5,228,238
2025-01-25 08:16:00,99.4,52.9,229,239
2025-01-25 08:18:00,50.0,52.0,229,239
2025-01-25 08:20:00,66.5,52.3,228,238
2025-01-25 08:22:00,99.4,51.9,228,238
2025-01-25 08:24:00,100,51.5,228,238
2025-01-25 08:26:00,50.0,51.9,228,237
2025-01-25 08:28:00,50.0,51.5,228,236
2025-01-25 08:30:00,50.0,51.4,228,233
2025-01-25 08:32:00,99.4,51.3,228,230
2025-01-25 08:34:00,66.8,51.2,229,235
2025-01-25 08:36:00,50.1,51.3,228,237
2025-01-25 08:38:00,50.0,51.4,229,231
2025-01-25 08:40:00,50.0,52.0,228,237
2025-01-25 08:42:00,99.4,52.0,228,235
2025-01-25 08:44:00,49.8,51.5,228,235
2025-01-25 08:46:00,50.0,51.8,228,233
2025-01-25 08:48:00,101,51.5,229,232
2025-01-25 08:50:00,99.4,51.5,229,235
2025-01-25 08:52:00,49.9,51.4,230,237
2025-01-25 08:54:00,49.8,52.2,229,236
2025-01-25 08:56:00,99.4,53.7,228,236
2025-01-25 08:58:00,50.1,52.3,228,235
2025-01-25 09:00:00,49.9,52.1,228,235
2025-01-25 09:02:00,50.0,51.7,228,236
2025-01-25 09:04:00,99.4,52.1,230,234
2025-01-25 09:06:00,99.4,54.1,228,234
2025-01-25 09:08:00,99.2,52.7,228,233
2025-01-25 09:10:00,50.0,52.0,228,234
2025-01-25 09:12:00,99.4,51.9,228,236
2025-01-25 09:14:00,99.2,51.7,228,232
2025-01-25 09:16:00,49.9,52.1,229,231
2025-01-25 09:18:00,50.2,52.1,227,231
2025-01-25 09:20:00,50.0,52.1,229,235
2025-01-25 09:22:00,99.4,51.3,227,235
2025-01-25 09:24:00,66.8,51.7,228,232
2025-01-25 09:26:00,50.2,51.7,227,237
2025-01-25 09:28:00,50.1,53.5,229,234
2025-01-25 09:30:00,101,51.9,232,233
2025-01-25 09:32:00,99.4,51.8,228,235
2025-01-25 09:34:00,50.1,51.4,229,237
2025-01-25 09:36:00,99.7,51.5,227,236
2025-01-25 09:38:00,99.4,51.5,229,236
2025-01-25 09:40:00,50.0,51.7,229,231
2025-01-25 09:42:00,99.4,51.4,228,231
2025-01-25 09:44:00,50.1,51.2,228,230
2025-01-25 09:46:00,99.4,51.7,228,233
2025-01-25 09:48:00,50.2,52.1,228,232
2025-01-25 09:50:00,99.2,51.9,229,231
2025-01-25 09:52:00,99.4,51.6,230,229
2025-01-25 09:54:00,50.1,51.7,229,230
2025-01-25 09:56:00,50.0,51.7,230,232
2025-01-25 09:58:00,50.1,51.4,229,233
2025-01-25 10:00:00,50.0,51.3,229,234
2025-01-25 10:02:00,100,51.1,229,232
2025-01-25 10:04:00,50.0,51.2,229,233
2025-01-25 10:06:00,99.2,51.3,229,235
2025-01-25 10:08:00,66.7,51.3,228,232
2025-01-25 10:10:00,49.9,51.9,229,230
2025-01-25 10:12:00,50.0,51.8,229,232
2025-01-25 10:14:00,49.8,53.5,228,231
2025-01-25 10:16:00,50.2,51.6,228,229
2025-01-25 10:18:00,49.9,52.1,230,231
2025-01-25 10:20:00,49.9,52.2,229,231
2025-01-25 10:22:00,50.0,52.2,228,231
2025-01-25 10:24:00,50.1,52.0,229,230
2025-01-25 10:26:00,50.1,52.1,228,230
2025-01-25 10:28:00,49.9,52.0,226,232
2025-01-25 10:30:00,50.0,51.8,226,231
2025-01-25 10:32:00,66.5,51.7,227,230
2025-01-25 10:34:00,49.9,51.9,227,233
2025-01-25 10:36:00,50.1,51.3,227,235
2025-01-25 10:38:00,50.0,51.9,228,230
2025-01-25 10:40:00,99.6,52.0,227,231
2025-01-25 10:42:00,49.9,51.5,226,229
2025-01-25 10:44:00,49.9,51.1,227,228
2025-01-25 10:46:00,50.1,51.2,227,230
2025-01-25 10:48:00,50.0,51.3,226,228
2025-01-25 10:50:00,49.9,51.4,226,226
2025-01-25 10:52:00,50.1,51.7,227,230
2025-01-25 10:54:00,50.0,51.5,227,231
2025-01-25 10:56:00,197,51.3,227,234
2025-01-25 10:58:00,100,51.4,227,231
2025-01-25 11:00:00,50.1,51.5,226,230
2025-01-25 11:02:00,198,51.7,226,229
2025-01-25 11:04:00,50.0,51.5,227,227
2025-01-25 11:06:00,50.0,52.0,226,231
2025-01-25 11:08:00,49.9,51.9,226,231
2025-01-25 11:10:00,66.7,51.8,227,231
2025-01-25 11:12:00,99.4,52.0,226,232
2025-01-25 11:14:00,50.0,51.7,226,232
2025-01-25 11:16:00,49.9,52.0,227,232
2025-01-25 11:18:00,49.9,51.9,226,231
2025-01-25 11:20:00,50.0,51.6,225,230
2025-01-25 11:22:00,49.9,51.5,225,231
2025-01-25 11:24:00,50.0,51.8,225,230
2025-01-25 11:26:00,99.4,51.8,226,230
2025-01-25 11:28:00,50.0,51.8,225,230
2025-01-25 11:30:00,50.1,52.1,226,232
2025-01-25 11:32:00,50.0,52.0,225,233
2025-01-25 11:34:00,50.1,52.0,226,232
2025-01-25 11:36:00,99.4,51.8,225,233
2025-01-25 11:38:00,50.1,51.4,225,231
2025-01-25 11:40:00,49.9,51.3,227,232
2025-01-25 11:42:00,50.0,51.5,226,231
2025-01-25 11:44:00,49.9,51.4,225,231
2025-01-25 11:46:00,66.8,51.3,225,229
2025-01-25 11:48:00,99.4,51.5,225,229
2025-01-25 11:50:00,49.9,51.7,225,228
2025-01-25 11:52:00,49.9,52.0,226,231
2025-01-25 11:54:00,50.0,51.3,225,231
2025-01-25 11:56:00,66.7,51.5,225,232
2025-01-25 11:58:00,50.0,51.4,226,233
2025-01-25 12:00:00,99.1,51.1,225,232
2025-01-25 12:02:00,50.0,51.4,226,227
2025-01-25 12:04:00,50.0,51.5,227,230
2025-01-25 12:06:00,99.4,51.6,227,231
2025-01-25 12:08:00,66.8,51.3,225,233
2025-01-25 12:10:00,99.4,51.4,225,233
2025-01-25 12:12:00,99.4,51.4,225,233
2025-01-25 12:14:00,99.4,51.4,226,233
2025-01-25 12:16:00,50.0,51.7,226,233
2025-01-25 12:18:00,100,51.6,225,230
2025-01-25 12:20:00,50.0,50.8,225,233
2025-01-25 12:22:00,198,51.2,225,235
2025-01-25 12:24:00,50.0,50.5,226,237
2025-01-25 12:26:00,50.0,50.1,225,238
2025-01-25 12:28:00,50.1,50.0,227,238
2025-01-25 12:30:00,100,50.2,225,240
2025-01-25 12:32:00,196,50.1,226,240
2025-01-25 12:34:00,100,50.2,225,238
2025-01-25 12:36:00,99.2,50.3,227,239
2025-01-25 12:38:00,100,50.0,226,238
2025-01-25 12:40:00,99.2,49.8,227,240
2025-01-25 12:42:00,100,49.9,225,239
2025-01-25 12:44:00,100,49.8,225,237
2025-01-25 12:46:00,195,50.0,225,236
2025-01-25 12:48:00,100,49.9,225,237
2025-01-25 12:50:00,99.2,49.9,225,236
2025-01-25 12:52:00,100,49.7,227,238
2025-01-25 12:54:00,66.8,49.8,226,238
2025-01-25 12:56:00,66.8,49.7,225,238
2025-01-25 12:58:00,100,49.7,227,239
2025-01-25 13:00:00,99.2,49.7,226,236
2025-01-25 13:02:00,66.6,49.7,226,237
2025-01-25 13:04:00,100,49.8,226,235
2025-01-25 13:06:00,100.0,49.8,226,234
2025-01-25 13:08:00,197,49.6,225,232
2025-01-25 13:10:00,101,49.6,226,233
2025-01-25 13:12:00,99.7,49.8,227,235
2025-01-25 13:14:00,100,49.7,226,235
2025-01-25 13:16:00,198,49.5,227,237
2025-01-25 13:18:00,66.4,49.6,228,236
2025-01-25 13:20:00,99.7,49.6,225,234
2025-01-25 13:22:00,99.7,49.7,225,235
2025-01-25 13:24:00,100,49.7,226,235
2025-01-25 13:26:00,100,49.5,225,234
2025-01-25 13:28:00,100,49.6,226,235
2025-01-25 13:30:00,195,49.6,226,235
2025-01-25 13:32:00,100.0,49.7,226,235
2025-01-25 13:34:00,197,49.7,225,234
2025-01-25 13:36:00,99.7,49.7,226,233
2025-01-25 13:38:00,99.2,49.6,226,232
2025-01-25 13:40:00,99.2,49.4,225,235
2025-01-25 13:42:00,199,49.5,226,236
2025-01-25 13:44:00,99.7,49.4,226,235
2025-01-25 13:46:00,50.0,49.4,226,234
2025-01-25 13:48:00,99.7,49.7,226,235
2025-01-25 13:50:00,196,49.5,226,235
2025-01-25 13:52:00,99.1,49.5,225,232
2025-01-25 13:54:00,197,49.4,226,235
2025-01-25 13:56:00,66.7,49.8,226,235
2025-01-25 13:58:00,99.7,49.9,225,236
2025-01-25 14:00:00,99.2,50.0,226,234
2025-01-25 14:02:00,201,50.2,225,233
2025-01-25 14:04:00,195,50.0,225,233
2025-01-25 14:06:00,100,50.1,225,233
2025-01-25 14:08:00,100.0,50.3,226,234
2025-01-25 14:10:00,100,50.6,226,232
2025-01-25 14:12:00,101,50.3,225,234
2025-01-25 14:14:00,99.2,50.3,225,233
2025-01-25 14:16:00,99.9,50.6,225,236
2025-01-25 14:18:00,50.0,50.6,224,237
2025-01-25 14:20:00,100,50.6,226,237
2025-01-25 14:22:00,100,50.5,227,237
2025-01-25 14:24:00,50.0,50.2,227,233
2025-01-25 14:26:00,99.7,50.0,224,233
2025-01-25 14:28:00,99.4,50.0,227,232
2025-01-25 14:30:00,50.0,49.8,225,233
2025-01-25 14:32:00,99.3,50.1,224,233
2025-01-25 14:34:00,100,50.2,225,234
2025-01-25 14:36:00,99.4,50.3,225,235
2025-01-25 14:38:00,50.1,50.1,226,233
2025-01-25 14:40:00,50.0,50.2,226,234
2025-01-25 14:42:00,100.0,50.1,226,236
2025-01-25 14:44:00,50.0,50.1,226,236
2025-01-25 14:46:00,99.1,50.2,225,234
2025-01-25 14:48:00,99.1,50.1,226,232
2025-01-25 14:50:00,99.2,50.1,226,233
2025-01-25 14:52:00,99.7,50.0,226,235
2025-01-25 14:54:00,99.4,50.2,226,236
2025-01-25 14:56:00,49.9,50.0,226,235
2025-01-25 14:58:00,99.9,50.1,226,233
2025-01-25 15:00:00,99.7,50.1,226,231
2025-01-25 15:02:00,99.2,50.1,225,233
2025-01-25 15:04:00,99.4,50.2,225,231
2025-01-25 15:06:00,100,50.2,225,232
2025-01-25 15:08:00,50.1,50.1,225,233
2025-01-25 15:10:00,197,50.1,226,232
2025-01-25 15:12:00,99.1,49.6,225,232
2025-01-25 15:14:00,100,49.5,226,231
2025-01-25 15:16:00,99.1,49.5,226,232
2025-01-25 15:18:00,99.4,49.5,225,231
2025-01-25 15:20:00,50.0,49.6,226,235
2025-01-25 15:22:00,99.4,49.6,225,237
2025-01-25 15:24:00,99.1,49.6,226,237
2025-01-25 15:26:00,99.4,49.4,225,236
2025-01-25 15:28:00,100,49.2,225,237
2025-01-25 15:30:00,50.0,48.8,225,235
2025-01-25 15:32:00,99.4,48.8,226,232
2025-01-25 15:34:00,,49.2,,232
2025-01-25 15:36:00,100,48.5,226,234
2025-01-25 15:38:00,197,48.7,225,235
2025-01-25 15:40:00,100,48.8,225,234
2025-01-25 15:42:00,99.4,48.4,227,231
2025-01-25 15:44:00,50.1,48.6,226,233
2025-01-25 15:46:00,99.1,47.2,225,235
2025-01-25 15:48:00,100.0,47.7,227,230
2025-01-25 15:50:00,50.0,48.0,226,221
2025-01-25 15:52:00,50.1,47.7,225,231
2025-01-25 15:54:00,50.1,49.2,227,230
2025-01-25 15:56:00,99.4,48.2,226,227
2025-01-25 15:58:00,50.0,47.5,225,226
2025-01-25 16:00:00,100,47.7,225,232
2025-01-25 16:02:00,100,48.5,227,227
2025-01-25 16:04:00,66.7,45.1,226,226
2025-01-25 16:06:00,99.2,47.0,227,231
2025-01-25 16:08:00,100,45.7,227,218
2025-01-25 16:10:00,50.1,45.6,227,220
2025-01-25 16:12:00,99.5,46.6,226,230
2025-01-25 16:14:00,50.1,43.6,226,218
2025-01-25 16:16:00,99.4,46.4,226,231
2025-01-25 16:18:00,99.4,46.4,225,221
2025-01-25 16:20:00,99.4,44.1,225,205
2025-01-25 16:22:00,99.4,47.0,226,225
2025-01-25 16:24:00,99.4,45.6,227,230
2025-01-25 16:26:00,100,44.0,226,227
2025-01-25 16:28:00,99.4,43.4,227,233
2025-01-25 16:30:00,99.1,43.8,226,221
2025-01-25 16:32:00,50.2,44.5,226,215
2025-01-25 16:34:00,100,43.6,226,225
2025-01-25 16:36:00,50.2,42.3,225,213
2025-01-25 16:38:00,66.9,42.1,227,218
2025-01-25 16:40:00,100,45.3,226,209
2025-01-25 16:42:00,49.8,42.1,226,226
2025-01-25 16:44:00,100,42.7,225,219
2025-01-25 16:46:00,66.8,41.1,226,219
2025-01-25 16:48:00,50.1,46.2,225,222
2025-01-25 16:50:00,99.4,40.9,226,207
2025-01-25 16:52:00,100,42.1,227,214
2025-01-25 16:54:00,99.4,43.5,228,209
2025-01-25 16:56:00,49.8,45.2,227,209
2025-01-25 16:58:00,195,43.6,228,211
2025-01-25 17:00:00,50.1,43.5,227,218
2025-01-25 17:02:00,99.4,43.5,227,205
2025-01-25 17:04:00,66.8,44.7,227,213
2025-01-25 17:06:00,66.7,45.2,226,200
2025-01-25 17:08:00,50.0,43.6,226,205
2025-01-25 17:10:00,99.2,43.1,228,203
2025-01-25 17:12:00,99.4,43.5,226,201
2025-01-25 17:14:00,50.0,43.0,226,207
2025-01-25 17:16:00,99.7,43.9,228,211
2025-01-25 17:18:00,49.8,43.9,228,209
2025-01-25 17:20:00,100,40.6,226,210
2025-01-25 17:22:00,50.1,40.0,227,207
2025-01-25 17:24:00,99.2,41.9,227,200
2025-01-25 17:26:00,50.1,41.9,227,190
2025-01-25 17:28:00,50.2,47.0,227,194
2025-01-25 17:30:00,99.4,44.0,226,196
2025-01-25 17:32:00,100,44.1,228,199
2025-01-25 17:34:00,100,42.8,226,202
2025-01-25 17:36:00,50.0,44.2,226,208
2025-01-25 17:38:00,99.2,7692,228,0.871
2025-01-25 17:40:00,50.0,5208,226,1.06
2025-01-25 17:42:00,99.1,44.1,227,198
2025-01-25 17:44:00,99.7,41.0,228,210
2025-01-25 17:46:00,99.2,39.8,227,215
2025-01-25 17:48:00,99.2,40.8,226,193
2025-01-25 17:50:00,100,40.0,226,209
2025-01-25 17:52:00,50.1,40.9,228,192
2025-01-25 17:54:00,99.2,55.5,227,234
2025-01-25 17:56:00,50.0,56.0,227,236
2025-01-25 17:58:00,66.8,54.5,227,236
2025-01-25 18:00:00,66.8,53.7,227,235
2025-01-25 18:02:00,100,53.7,228,236
2025-01-25 18:04:00,49.8,53.5,227,235
2025-01-25 18:06:00,49.8,53.9,227,233
2025-01-25 18:08:00,49.9,53.8,228,236
2025-01-25 18:10:00,100,53.8,227,235
2025-01-25 18:12:00,199,53.7,226,236
2025-01-25 18:14:00,50.0,52.1,227,234
2025-01-25 18:16:00,66.6,52.1,226,232
2025-01-25 18:18:00,100,53.8,227,236
2025-01-25 18:20:00,66.8,53.8,227,236
2025-01-25 18:22:00,66.7,54.8,227,233
2025-01-25 18:24:00,50.1,53.3,227,237
2025-01-25 18:26:00,99.4,52.0,227,235
2025-01-25 18:28:00,100,53.5,227,237
2025-01-25 18:30:00,66.9,54.3,226,241
2025-01-25 18:32:00,99.4,56.0,227,237
2025-01-25 18:34:00,99.1,55.8,227,238
2025-01-25 18:36:00,66.4,52.2,226,234
2025-01-25 18:38:00,50.1,52.2,227,235
2025-01-25 18:40:00,99.4,53.4,227,237
2025-01-25 18:42:00,50.1,53.4,226,237
2025-01-25 18:44:00,100.0,52.0,227,237
2025-01-25 18:46:00,99.4,52.2,227,237
2025-01-25 18:48:00,99.4,52.2,226,237
2025-01-25 18:50:00,99.7,51.9,226,236
2025-01-25 18:52:00,196,51.9,226,236
2025-01-25 18:54:00,99.4,53.3,227,238
2025-01-25 18:56:00,99.2,52.1,226,238
2025-01-25 18:58:00,66.5,52.1,226,238
2025-01-25 19:00:00,99.1,52.1,228,238
2025-01-25 19:02:00,100.0,52.1,227,238
2025-01-25 19:04:00,100.0,51.9,227,235
2025-01-25 19:06:00,99.4,51.9,228,234
2025-01-25 19:08:00,100,51.9,227,234
2025-01-25 19:10:00,100,52.0,226,236
2025-01-25 19:12:00,66.8,54.8,228,239
2025-01-25 19:14:00,196,54.2,226,238
2025-01-25 19:16:00,50.0,54.5,227,240
2025-01-25 19:18:00,100,53.5,227,238
2025-01-25 19:20:00,99.7,53.1,227,236
2025-01-25 19:22:00,100,53.8,226,239
2025-01-25 19:24:00,66.8,53.5,226,238
2025-01-25 19:26:00,99.4,53.7,226,238
2025-01-25 19:28:00,99.2,54.7,228,238
2025-01-25 19:30:00,66.8,54.8,228,236
2025-01-25 19:32:00,99.4,54.8,227,236
2025-01-25 19:34:00,100,53.8,227,238
2025-01-25 19:36:00,197,53.8,226,240
2025-01-25 19:38:00,99.2,54.3,228,241
2025-01-25 19:40:00,196,53.8,227,240
2025-01-25 19:42:00,99.4,51.4,227,235
2025-01-25 19:44:00,99.5,51.5,228,234
2025-01-25 19:46:00,99.4,51.6,227,235
2025-01-25 19:48:00,99.2,51.9,227,235
2025-01-25 19:50:00,99.1,51.8,227,238
2025-01-25 19:52:00,100,51.8,228,237
2025-01-25 19:54:00,100,51.9,227,236
2025-01-25 19:56:00,50.0,52.0,227,236
2025-01-25 19:58:00,100,52.0,226,235
2025-01-25 20:00:00,100,51.6,227,234
2025-01-25 20:02:00,50.2,51.9,228,236
2025-01-25 20:04:00,99.2,6667,227,1.03
2025-01-25 20:06:00,99.4,6623,226,0.595
2025-01-25 20:08:00,99.4,4695,226,1.12
2025-01-25 20:10:00,196,6711,227,0.682
2025-01-25 20:12:00,99.7,3597,227,0.726
2025-01-25 20:14:00,66.7,11494,227,0.494
2025-01-25 20:16:00,66.8,3610,227,0.915
2025-01-25 20:18:00,50.1,3906,227,0.624
2025-01-25 20:20:00,100,11628,227,0.871
2025-01-25 20:22:00,66.8,4695,228,0.682
2025-01-25 20:24:00,99.9,3356,226,0.842
2025-01-25 20:26:00,99.9,7813,226,0.769
2025-01-25 20:28:00,99.7,5814,228,0.421
2025-01-25 20:30:00,50.1,6711,226,0.508
2025-01-25 20:32:00,99.7,9174,227,0.639
2025-01-25 20:34:00,99.2,6711,227,0.552
2025-01-25 20:36:00,66.7,6711,226,0.769
2025-01-25 20:38:00,50.0,2933,228,0.421
2025-01-25 20:40:00,198,5814,226,0.610
2025-01-25 20:42:00,66.6,7752,231,0.421
2025-01-25 20:44:00,101,4255,230,1.00
2025-01-25 20:46:00,199,4255,231,0.784
2025-01-25 20:48:00,101,7813,230,0.436
2025-01-25 20:50:00,98.8,6711,231,0.624
2025-01-25 20:52:00,196,7813,231,0.407
2025-01-25 20:54:00,100,5882,231,0.697
2025-01-25 20:56:00,50.1,5208,230,0.566
2025-01-25 20:58:00,98.9,4651,230,0.639
2025-01-25 21:00:00,99.2,7813,231,1.09
2025-01-25 21:02:00,99.1,3125,230,0.769
2025-01-25 21:04:00,100,9346,230,0.769
2025-01-25 21:06:00,49.9,4255,230,0.421
2025-01-25 21:08:00,49.8,4673,231,0.769
2025-01-25 21:10:00,99.7,9346,231,0.769
2025-01-25 21:12:00,99.2,4237,230,0.508
2025-01-25 21:14:00,66.3,6711,230,0.755
2025-01-25 21:16:00,50.1,2227,231,0.697
2025-01-25 21:18:00,199,4274,229,0.290
2025-01-25 21:20:00,100,5208,226,0.828
2025-01-25 21:22:00,99.7,7813,226,0.755
2025-01-25 21:24:00,98.9,4115,226,0.668
2025-01-25 21:26:00,197,3597,227,0.494
2025-01-25 21:28:00,66.6,3876,227,0.421
2025-01-25 21:30:00,99.4,2469,227,0.682
2025-01-25 21:32:00,49.9,7813,227,0.813
2025-01-25 21:34:00,99.4,4673,226,0.886
2025-01-25 21:36:00,100,5848,228,0.450
2025-01-25 21:38:00,50.1,4274,228,0.915
2025-01-25 21:40:00,195,5848,227,0.711
2025-01-25 21:42:00,100,3906,227,0.450
2025-01-25 21:44:00,99.4,3906,226,0.944
2025-01-25 21:46:00,196,3356,227,0.595
2025-01-25 21:48:00,99.2,3922,226,0.639
2025-01-25 21:50:00,50.0,11765,228,0.508
2025-01-25 21:52:00,101,3906,227,0.726
2025-01-25 21:54:00,50.1,7813,227,0.929
2025-01-25 21:56:00,50.1,2597,226,0.639
2025-01-25 21:58:00,49.9,3344,226,0.784
2025-01-25 22:00:00,66.4,7813,226,0.508
2025-01-25 22:02:00,100,5848,226,0.581
2025-01-25 22:04:00,196,6711,227,0.595
2025-01-25 22:06:00,100,5814,226,0.392
2025-01-25 22:08:00,50.0,3610,226,0.682
2025-01-25 22:10:00,99.2,9346,226,0.465
2025-01-25 22:12:00,50.2,4695,226,1.16
2025-01-25 22:14:00,66.8,4274,226,0.581
2025-01-25 22:16:00,50.0,55.2,226,236
2025-01-25 22:18:00,100,55.4,227,235
2025-01-25 22:20:00,100,55.5,226,235
2025-01-25 22:22:00,99.2,55.4,226,233
2025-01-25 22:24:00,100,55.5,225,236
2025-01-25 22:26:00,100.0,55.5,227,236
2025-01-25 22:28:00,66.9,55.6,225,237
2025-01-25 22:30:00,100,55.0,226,236
2025-01-25 22:32:00,100,55.5,225,236
2025-01-25 22:34:00,66.7,55.5,227,238
2025-01-25 22:36:00,100,55.5,226,238
2025-01-25 22:38:00,99.4,55.4,226,237
2025-01-25 22:40:00,66.7,55.6,226,236
2025-01-25 22:42:00,100,55.2,226,235
2025-01-25 22:44:00,99.1,55.5,225,237
2025-01-25 22:46:00,66.7,55.5,226,236
2025-01-25 22:48:00,99.1,55.2,226,238
2025-01-25 22:50:00,100.0,55.1,226,238
2025-01-25 22:52:00,66.6,55.3,226,238
2025-01-25 22:54:00,99.7,55.3,225,238
2025-01-25 22:56:00,100,55.2,227,237
2025-01-25 22:58:00,99.4,55.0,226,239
2025-01-25 23:00:00,100,55.0,226,239
2025-01-25 23:02:00,99.9,55.3,226,239
2025-01-25 23:04:00,50.0,55.1,227,239
2025-01-25 23:06:00,99.7,55.3,226,240
2025-01-25 23:08:00,99.2,55.2,226,240
2025-01-25 23:10:00,98.9,54.9,226,240
2025-01-25 23:12:00,99.4,55.0,226,240
2025-01-25 23:14:00,100,55.2,226,240
2025-01-25 23:16:00,99.4,55.4,226,239
2025-01-25 23:18:00,99.4,55.3,227,240
2025-01-25 23:20:00,99.7,55.3,226,240
2025-01-25 23:22:00,66.7,55.4,227,239
2025-01-25 23:24:00,49.9,55.0,227,237
2025-01-25 23:26:00,99.2,54.8,226,238
2025-01-25 23:28:00,99.4,55.1,226,238
2025-01-25 23:30:00,100,55.2,225,237
2025-01-25 23:32:00,50.0,54.8,225,238
2025-01-25 23:34:00,49.9,55.1,225,238
2025-01-25 23:36:00,99.4,55.4,226,238
2025-01-25 23:38:00,99.2,55.1,226,239
2025-01-25 23:40:00,66.4,55.2,226,240
2025-01-25 23:42:00,100,55.2,225,240
2025-01-25 23:44:00,99.2,55.3,227,239
2025-01-25 23:46:00,99.4,55.2,225,239
2025-01-25 23:48:00,100,55.0,226,239
2025-01-25 23:50:00,100,52.1,225,242
2025-01-25 23:52:00,66.7,52.3,226,243
2025-01-25 23:54:00,198,52.2,226,243
2025-01-25 23:56:00,66.9,53.7,226,244
2025-01-25 23:58:00,99.2,52.5,225,244
2025-01-26 00:00:00,100.0,53.7,226,243
2025-01-26 00:02:00,100.0,53.5,225,244
2025-01-26 00:04:00,99.2,52.9,226,245
2025-01-26 00:06:00,99.7,52.3,224,244
2025-01-26 00:08:00,50.0,50.7,226,243
2025-01-26 00:10:00,100,51.0,226,245
2025-01-26 00:12:00,100,50.8,225,244
2025-01-26 00:14:00,49.9,50.9,225,244
2025-01-26 00:16:00,50.0,50.9,225,244
2025-01-26 00:18:00,99.2,50.7,226,245
2025-01-26 00:20:00,50.1,50.6,225,243
2025-01-26 00:22:00,50.0,50.8,226,243
2025-01-26 00:24:00,100.0,50.6,226,244
2025-01-26 00:26:00,66.5,50.5,226,244
2025-01-26 00:28:00,50.0,50.5,225,243
2025-01-26 00:30:00,49.8,50.4,227,243
2025-01-26 00:32:00,49.9,1678,227,4.12
2025-01-26 00:34:00,99.4,500,226,2.00
2025-01-26 00:36:00,99.2,51.9,227,238
2025-01-26 00:38:00,99.4,53.0,226,241
2025-01-26 00:40:00,100,52.8,226,246
2025-01-26 00:42:00,100,53.6,226,243
2025-01-26 00:44:00,99.4,53.7,225,242
2025-01-26 00:46:00,49.9,52.4,226,242
2025-01-26 00:48:00,196,53.8,225,243
2025-01-26 00:50:00,50.1,53.7,226,243
2025-01-26 00:52:00,99.4,53.7,226,242
2025-01-26 00:54:00,99.4,53.7,227,241
2025-01-26 00:56:00,66.7,53.6,225,242
2025-01-26 00:58:00,66.8,53.8,227,242
2025-01-26 01:00:00,50.2,53.8,226,242
2025-01-26 01:02:00,49.9,54.8,225,243
2025-01-26 01:04:00,99.4,54.4,225,244
2025-01-26 01:06:00,50.0,54.7,227,244
2025-01-26 01:08:00,100,53.9,226,244
2025-01-26 01:10:00,99.2,53.6,224,245
2025-01-26 01:12:00,66.8,53.8,224,245
2025-01-26 01:14:00,198,53.9,226,245
2025-01-26 01:16:00,99.2,54.7,226,244
2025-01-26 01:18:00,66.8,54.6,227,244
2025-01-26 01:20:00,100,54.6,226,244
2025-01-26 01:22:00,99.4,54.1,226,244
2025-01-26 01:24:00,66.8,54.0,226,244
2025-01-26 01:26:00,66.3,53.8,226,244
2025-01-26 01:28:00,50.1,54.7,226,245
2025-01-26 01:30:00,50.0,54.8,225,245
2025-01-26 01:32:00,66.4,55.0,225,245
2025-01-26 01:34:00,99.4,54.7,227,244
2025-01-26 01:36:00,66.8,54.8,225,244
2025-01-26 01:38:00,66.8,54.7,227,245
2025-01-26 01:40:00,100,54.4,225,242
2025-01-26 01:42:00,100,55.2,226,241
2025-01-26 01:44:00,99.4,55.0,225,241
2025-01-26 01:46:00,200,54.6,225,244
2025-01-26 01:48:00,66.7,54.8,225,244
2025-01-26 01:50:00,100,54.0,225,243
2025-01-26 01:52:00,100,53.1,225,243
2025-01-26 01:54:00,50.0,54.8,225,244
2025-01-26 01:56:00,99.4,55.7,225,239
2025-01-26 01:58:00,100,55.5,225,240
2025-01-26 02:00:00,99.2,55.3,226,242
2025-01-26 02:02:00,66.7,54.9,226,244
2025-01-26 02:04:00,100,54.5,226,244
2025-01-26 02:06:00,99.2,53.7,225,245
2025-01-26 02:08:00,100,54.7,227,242
2025-01-26 02:10:00,50.1,55.3,226,242
2025-01-26 02:12:00,66.9,55.6,226,240
2025-01-26 02:14:00,49.9,55.7,226,240
2025-01-26 02:16:00,99.4,55.3,227,243
2025-01-26 02:18:00,99.4,54.7,227,244
2025-01-26 02:20:00,100.0,54.9,226,244
2025-01-26 02:22:00,99.4,54.8,225,244
2025-01-26 02:24:00,100.0,54.5,226,245
2025-01-26 02:26:00,50.0,54.5,226,245
2025-01-26 02:28:00,100,55.4,226,241
2025-01-26 02:30:00,50.1,55.3,225,242
2025-01-26 02:32:00,99.4,55.3,225,243
2025-01-26 02:34:00,99.2,54.6,226,244
2025-01-26 02:36:00,49.9,55.1,228,244
2025-01-26 02:38:00,100,55.0,225,244
2025-01-26 02:40:00,50.0,55.5,227,241
2025-01-26 02:42:00,99.4,55.4,225,241
2025-01-26 02:44:00,66.5,55.5,226,242
2025-01-26 02:46:00,101,55.4,226,241
2025-01-26 02:48:00,50.1,55.6,225,242
2025-01-26 02:50:00,99.4,54.9,226,244
2025-01-26 02:52:00,49.9,55.1,227,244
2025-01-26 02:54:00,99.6,55.5,225,241
2025-01-26 02:56:00,66.6,55.5,226,242
2025-01-26 02:58:00,50.0,55.6,226,239
2025-01-26 03:00:00,99.1,55.2,225,242
2025-01-26 03:02:00,99.4,54.7,227,242
2025-01-26 03:04:00,198,54.8,226,244
2025-01-26 03:06:00,101,55.0,226,243
2025-01-26 03:08:00,99.6,54.9,227,244
2025-01-26 03:10:00,49.9,55.5,227,242
2025-01-26 03:12:00,198,55.3,226,242
2025-01-26 03:14:00,100,55.4,226,242
2025-01-26 03:16:00,50.0,53.1,225,241
2025-01-26 03:18:00,50.2,54.3,227,240
2025-01-26 03:20:00,66.6,53.8,226,243
2025-01-26 03:22:00,99.4,53.9,226,244
2025-01-26 03:24:00,100,54.0,226,245
2025-01-26 03:26:00,66.8,54.9,226,241
2025-01-26 03:28:00,99.6,55.0,226,242
2025-01-26 03:30:00,66.6,54.8,226,241
2025-01-26 03:32:00,99.4,55.1,226,242
2025-01-26 03:34:00,99.7,55.8,226,239
2025-01-26 03:36:00,99.9,55.5,226,239
2025-01-26 03:38:00,99.4,55.1,225,241
2025-01-26 03:40:00,67.0,55.2,226,241
2025-01-26 03:42:00,99.2,55.1,226,242
2025-01-26 03:44:00,99.9,55.1,227,242
2025-01-26 03:46:00,49.9,55.3,226,240
2025-01-26 03:48:00,50.0,55.6,225,239
2025-01-26 03:50:00,99.4,55.6,226,240
2025-01-26 03:52:00,99.4,55.0,226,242
2025-01-26 03:54:00,50.0,54.7,226,240
2025-01-26 03:56:00,49.9,54.5,225,241
2025-01-26 03:58:00,50.1,55.6,227,237
2025-01-26 04:00:00,49.9,55.0,226,236
2025-01-26 04:02:00,99.2,54.3,227,239
2025-01-26 04:04:00,100,53.6,226,242
2025-01-26 04:06:00,99.4,53.7,224,241
2025-01-26 04:08:00,66.7,54.1,225,239
2025-01-26 04:10:00,50.0,55.1,226,241
2025-01-26 04:12:00,50.1,55.3,226,240
2025-01-26 04:14:00,99.6,55.2,226,240
2025-01-26 04:16:00,99.4,55.3,225,241
2025-01-26 04:18:00,99.4,55.4,227,242
2025-01-26 04:20:00,,55.5,,242
2025-01-26 04:22:00,50.1,55.6,225,240
2025-01-26 04:24:00,99.7,55.6,227,241
2025-01-26 04:26:00,99.1,55.2,227,242
2025-01-26 04:28:00,99.4,54.5,226,245
2025-01-26 04:30:00,100,54.5,227,245
2025-01-26 04:32:00,66.7,55.3,227,244
2025-01-26 04:34:00,99.4,56.0,226,240
2025-01-26 04:36:00,99.5,55.0,226,243
2025-01-26 04:38:00,50.2,54.2,227,245
2025-01-26 04:40:00,66.8,108,226,244
2025-01-26 04:42:00,50.1,54.0,227,245
2025-01-26 04:44:00,99.4,54.9,227,245
2025-01-26 04:46:00,50.1,54.8,226,243
2025-01-26 04:48:00,99.4,54.6,225,243
2025-01-26 04:50:00,99.1,53.7,226,244
2025-01-26 04:52:00,66.8,53.7,228,244
2025-01-26 04:54:00,50.0,53.9,226,240
2025-01-26 04:56:00,99.5,53.8,226,241
2025-01-26 04:58:00,100,53.9,228,241
2025-01-26 05:00:00,99.1,53.0,225,242
2025-01-26 05:02:00,50.0,54.3,227,244
2025-01-26 05:04:00,99.7,54.1,226,241
2025-01-26 05:06:00,50.1,53.0,226,242
2025-01-26 05:08:00,100,52.2,225,241
2025-01-26 05:10:00,50.0,53.7,227,242
2025-01-26 05:12:00,99.5,54.7,227,244
2025-01-26 05:14:00,99.2,53.8,227,241
2025-01-26 05:16:00,99.4,54.2,226,241
2025-01-26 05:18:00,100,54.0,226,241
2025-01-26 05:20:00,99.6,55.1,227,242
2025-01-26 05:22:00,99.2,54.0,225,241
2025-01-26 05:24:00,66.5,53.0,226,241
2025-01-26 05:26:00,50.1,54.0,228,242
2025-01-26 05:28:00,66.5,53.4,225,240
2025-01-26 05:30:00,99.2,53.9,226,243
2025-01-26 05:32:00,50.1,54.1,225,245
2025-01-26 05:34:00,66.8,54.4,226,243
2025-01-26 05:36:00,49.9,52.3,226,241
2025-01-26 05:38:00,99.1,53.8,226,242
2025-01-26 05:40:00,50.0,53.2,227,242
2025-01-26 05:42:00,100,53.0,226,242
2025-01-26 05:44:00,66.8,53.8,226,244
2025-01-26 05:46:00,50.0,53.8,227,243
2025-01-26 05:48:00,99.2,52.8,227,244
2025-01-26 05:50:00,50.1,53.5,226,244
2025-01-26 05:52:00,50.1,5882,226,97.6
2025-01-26 05:54:00,198,7813,225,0.944
2025-01-26 05:56:00,50.0,5208,227,0.566
2025-01-26 05:58:00,99.9,6711,226,0.465
2025-01-26 06:00:00,50.0,6623,227,1.21
2025-01-26 06:02:00,99.4,53.3,226,241
2025-01-26 06:04:00,99.4,53.9,226,243
2025-01-26 06:06:00,50.0,52.0,226,243
2025-01-26 06:08:00,49.8,52.4,226,246
2025-01-26 06:10:00,49.8,52.9,225,246
2025-01-26 06:12:00,50.1,52.9,225,247
2025-01-26 06:14:00,50.0,54.0,226,246
2025-01-26 06:16:00,50.0,54.0,227,246
2025-01-26 06:18:00,50.1,53.9,226,247
2025-01-26 06:20:00,100,53.6,227,246
2025-01-26 06:22:00,49.9,54.3,227,245
2025-01-26 06:24:00,66.4,54.3,227,245
2025-01-26 06:26:00,100,54.2,226,246
2025-01-26 06:28:00,99.9,53.1,226,245
2025-01-26 06:30:00,100,53.6,226,244
2025-01-26 06:32:00,50.1,53.7,227,244
2025-01-26 06:34:00,50.2,53.8,225,243
2025-01-26 06:36:00,100,54.0,226,240
2025-01-26 06:38:00,99.2,53.6,227,242
2025-01-26 06:40:00,195,53.7,227,241
2025-01-26 06:42:00,99.4,53.7,226,241
2025-01-26 06:44:00,99.4,52.0,227,241
2025-01-26 06:46:00,49.9,52.2,226,242
2025-01-26 06:48:00,99.1,51.7,226,237
2025-01-26 06:50:00,100,52.9,226,243
2025-01-26 06:52:00,50.1,53.8,226,243
2025-01-26 06:54:00,49.9,52.2,226,240
2025-01-26 06:56:00,49.9,51.9,225,243
2025-01-26 06:58:00,49.9,51.8,227,243
2025-01-26 07:00:00,50.0,51.9,227,243
2025-01-26 07:02:00,100,51.9,227,244
2025-01-26 07:04:00,197,51.8,227,241
2025-01-26 07:06:00,99.4,52.0,227,238
2025-01-26 07:08:00,49.9,51.9,227,240
2025-01-26 07:10:00,100,51.1,226,242
2025-01-26 07:12:00,99.4,51.1,227,242
2025-01-26 07:14:00,49.9,51.8,226,238
2025-01-26 07:16:00,50.1,51.2,225,237
2025-01-26 07:18:00,50.0,52.0,226,243
2025-01-26 07:20:00,50.0,52.2,226,241
2025-01-26 07:22:00,50.1,51.9,226,237
2025-01-26 07:24:00,99.2,52.1,225,239
2025-01-26 07:26:00,100,51.8,226,238
2025-01-26 07:28:00,50.0,51.9,227,238
2025-01-26 07:30:00,99.2,51.9,225,239
2025-01-26 07:32:00,99.4,52.0,226,237
2025-01-26 07:34:00,199,52.3,226,239
2025-01-26 07:36:00,197,52.9,224,240
2025-01-26 07:38:00,50.0,52.1,225,240
2025-01-26 07:40:00,99.7,51.9,226,239
2025-01-26 07:42:00,99.9,53.1,225,243
2025-01-26 07:44:00,99.7,51.9,225,239
2025-01-26 07:46:00,100.0,51.9,225,235
2025-01-26 07:48:00,99.4,51.4,225,230
2025-01-26 07:50:00,50.1,51.4,226,231
2025-01-26 07:52:00,99.7,52.0,225,236
2025-01-26 07:54:00,66.6,51.3,225,232
2025-01-26 07:56:00,99.7,51.5,224,233
2025-01-26 07:58:00,50.0,51.3,224,235
2025-01-26 08:00:00,99.9,52.2,225,239
2025-01-26 08:02:00,198,53.3,224,242
2025-01-26 08:04:00,99.2,51.2,225,239
2025-01-26 08:06:00,66.7,51.3,224,237
2025-01-26 08:08:00,99.4,51.8,226,240
2025-01-26 08:10:00,66.6,51.3,225,236
2025-01-26 08:12:00,50.0,51.3,226,234
2025-01-26 08:14:00,99.7,51.7,225,235
2025-01-26 08:16:00,66.6,53.0,226,243
2025-01-26 08:18:00,99.7,7813,226,0.900
2025-01-26 08:20:00,50.0,5181,226,0.769
2025-01-26 08:22:00,50.0,4695,225,0.450
2025-01-26 08:24:00,66.8,7813,226,0.450
2025-01-26 08:26:00,99.7,7813,226,0.639
2025-01-26 08:28:00,99.7,7813,226,0.508
2025-01-26 08:30:00,50.0,7813,226,0.929
2025-01-26 08:32:00,98.9,6667,226,0.711
2025-01-26 08:34:00,99.7,5208,226,0.552
2025-01-26 08:36:00,100,6711,226,1.21
2025-01-26 08:38:00,50.0,6623,226,0.508
2025-01-26 08:40:00,99.4,5208,226,0.682
2025-01-26 08:42:00,67.0,9346,226,0.886
2025-01-26 08:44:00,100,4695,226,0.523
2025-01-26 08:46:00,198,6711,226,1.15
2025-01-26 08:48:00,99.4,5208,225,0.769
2025-01-26 08:50:00,100,7813,226,0.944
2025-01-26 08:52:00,66.8,6711,225,0.610
2025-01-26 08:54:00,197,6667,225,0.799
2025-01-26 08:56:00,99.5,51.9,225,236
2025-01-26 08:58:00,50.1,52.0,226,236
2025-01-26 09:00:00,66.9,52.0,227,236
2025-01-26 09:02:00,100,51.1,226,232
2025-01-26 09:04:00,99.4,51.8,226,234
2025-01-26 09:06:00,66.7,51.7,225,235
2025-01-26 09:08:00,49.8,52.1,226,235
2025-01-26 09:10:00,67.0,52.3,225,236
2025-01-26 09:12:00,99.1,52.4,226,237
2025-01-26 09:14:00,50.1,51.9,226,233
2025-01-26 09:16:00,99.4,51.5,225,231
2025-01-26 09:18:00,99.4,52.1,225,235
2025-01-26 09:20:00,99.4,52.1,226,235
2025-01-26 09:22:00,66.7,53.0,225,240
2025-01-26 09:24:00,99.2,52.5,225,240
2025-01-26 09:26:00,50.0,52.6,226,240
2025-01-26 09:28:00,100,53.4,225,238
2025-01-26 09:30:00,66.7,53.4,226,237
2025-01-26 09:32:00,99.4,51.4,226,236
2025-01-26 09:34:00,99.4,51.2,228,236
2025-01-26 09:36:00,50.0,6667,226,0.668
2025-01-26 09:38:00,50.0,5848,226,0.523
2025-01-26 09:40:00,99.4,9346,226,0.508
2025-01-26 09:42:00,50.1,9346,226,0.769
2025-01-26 09:44:00,99.4,11765,226,1.28
2025-01-26 09:46:00,50.0,5882,227,1.38
2025-01-26 09:48:00,99.2,3311,226,1.05
2025-01-26 09:50:00,99.4,3356,226,0.537
2025-01-26 09:52:00,49.9,4651,226,0.537
2025-01-26 09:54:00,50.0,2611,227,1.16
2025-01-26 09:56:00,50.1,6667,226,1.05
2025-01-26 09:58:00,100,6667,227,0.697
2025-01-26 10:00:00,49.9,5208,227,0.552
2025-01-26 10:02:00,99.4,3891,227,1.45
2025-01-26 10:04:00,99.1,11628,227,0.552
2025-01-26 10:06:00,99.7,3906,226,1.25
2025-01-26 10:08:00,49.9,5208,227,1.00
2025-01-26 10:10:00,49.9,5208,227,0.523
2025-01-26 10:12:00,50.0,11628,227,1.02
2025-01-26 10:14:00,50.0,3891,226,0.653
2025-01-26 10:16:00,99.4,6711,226,0.639
2025-01-26 10:18:00,197,6667,226,0.523
2025-01-26 10:20:00,99.9,5882,227,0.697
2025-01-26 10:22:00,49.9,2347,227,1.09
2025-01-26 10:24:00,50,9174,227,1.02
2025-01-26 10:26:00,99.4,5848,227,0.857
2025-01-26 10:28:00,100.0,4237,228,0.479
2025-01-26 10:30:00,49.9,9346,227,0.653
2025-01-26 10:32:00,99.4,6711,226,0.886
2025-01-26 10:34:00,50.0,5208,226,0.682
2025-01-26 10:36:00,67.0,4695,226,0.813
2025-01-26 10:38:00,66.8,7692,226,0.697
2025-01-26 10:40:00,50.1,3597,226,0.639
2025-01-26 10:42:00,66.5,5882,226,0.523
2025-01-26 10:44:00,99.7,4184,226,0.682
2025-01-26 10:46:00,49.9,7813,225,1.55
2025-01-26 10:48:00,49.9,6667,225,0.595
2025-01-26 10:50:00,50.1,11628,226,0.523
2025-01-26 10:52:00,66.7,6711,226,0.465
2025-01-26 10:54:00,198,2604,225,0.842
2025-01-26 10:56:00,50.0,2237,225,1.10
2025-01-26 10:58:00,100,3125,225,1.13
2025-01-26 11:00:00,50.1,5181,226,0.653
2025-01-26 11:02:00,100,3610,226,0.465
2025-01-26 11:04:00,66.5,1802,226,0.740
2025-01-26 11:06:00,100,4695,225,0.813
2025-01-26 11:08:00,50.0,3356,226,0.581
2025-01-26 11:10:00,50.0,4695,225,0.842
2025-01-26 11:12:00,99.4,4274,225,0.494
2025-01-26 11:14:00,99.4,3356,225,0.523
2025-01-26 11:16:00,99.2,4651,226,0.610
2025-01-26 11:18:00,99.3,7813,226,0.494
2025-01-26 11:20:00,50.0,9346,225,0.392
2025-01-26 11:22:00,99.4,4237,225,1.10
2025-01-26 11:24:00,66.9,5208,225,0.624
2025-01-26 11:26:00,99.4,4695,225,0.900
2025-01-26 11:28:00,99.2,4695,226,0.377
2025-01-26 11:30:00,49.8,5181,226,0.668
2025-01-26 11:32:00,99.4,2457,226,0.624
2025-01-26 11:34:00,50.0,6711,225,0.566
2025-01-26 11:36:00,66.5,3610,225,0.508
2025-01-26 11:38:00,99.4,4695,227,0.479
2025-01-26 11:40:00,49.9,7813,225,0.784
2025-01-26 11:42:00,100,5618,225,0.508
2025-01-26 11:44:00,50.1,5208,226,0.682
2025-01-26 11:46:00,50.0,4695,225,0.494
2025-01-26 11:48:00,50.1,5848,225,0.421
2025-01-26 11:50:00,99.1,5208,226,0.871
2025-01-26 11:52:00,99.9,5814,226,0.857
2025-01-26 11:54:00,50.1,7813,225,0.465
2025-01-26 11:56:00,100,4695,226,0.508
2025-01-26 11:58:00,50.1,2933,227,0.755
2025-01-26 12:00:00,49.9,7813,227,1.10
2025-01-26 12:02:00,66.6,3906,227,0.595
2025-01-26 12:04:00,49.9,7813,226,0.595
2025-01-26 12:06:00,66.8,6623,227,0.494
2025-01-26 12:08:00,50.0,4695,226,0.479
2025-01-26 12:10:00,99.1,3906,226,0.436
2025-01-26 12:12:00,49.9,7813,226,0.523
2025-01-26 12:14:00,99.3,11494,227,0.348
2025-01-26 12:16:00,50.0,4202,227,0.581
2025-01-26 12:18:00,100,4695,227,0.697
2025-01-26 12:20:00,49.9,3115,227,0.450
2025-01-26 12:22:00,99.7,3891,227,0.610
2025-01-26 12:24:00,50.1,4695,227,0.508
2025-01-26 12:26:00,100,7692,227,0.465
2025-01-26 12:28:00,67.0,3344,226,0.479
2025-01-26 12:30:00,99.7,4673,227,0.624
2025-01-26 12:32:00,99.2,5587,227,0.479
2025-01-26 12:34:00,99.4,3876,226,0.523
2025-01-26 12:36:00,50.0,2342,227,0.537
2025-01-26 12:38:00,66.8,5208,226,0.726
2025-01-26 12:40:00,100,4255,226,0.523
2025-01-26 12:42:00,99.7,3891,226,0.450
2025-01-26 12:44:00,100,3922,228,0.537
2025-01-26 12:46:00,66.9,2604,226,0.450
2025-01-26 12:48:00,197,5848,227,0.407
2025-01-26 12:50:00,50.1,4673,226,0.465
2025-01-26 12:52:00,99.1,7813,226,0.610
2025-01-26 12:54:00,50.1,5848,226,0.813
2025-01-26 12:56:00,99.4,4695,227,0.465
2025-01-26 12:58:00,50.1,4255,226,0.479
2025-01-26 13:00:00,100,1957,226,0.523
2025-01-26 13:02:00,100,7752,226,0.639
2025-01-26 13:04:00,50.0,5208,225,0.595
2025-01-26 13:06:00,99.7,2747,227,0.392
2025-01-26 13:08:00,50.1,3906,225,0.508
2025-01-26 13:10:00,99.6,11494,226,0.726
2025-01-26 13:12:00,50.1,6711,225,0.537
2025-01-26 13:14:00,99.2,2933,226,0.523
2025-01-26 13:16:00,200,4695,225,0.479
2025-01-26 13:18:00,99.4,9259,226,0.552
2025-01-26 13:20:00,50.0,4695,226,0.581
2025-01-26 13:22:00,50.0,5848,225,0.407
2025-01-26 13:24:00,66.7,7813,225,0.450
2025-01-26 13:26:00,99.7,5848,225,0.421
2025-01-26 13:28:00,100,6711,226,0.407
2025-01-26 13:30:00,49.9,3597,226,0.377
2025-01-26 13:32:00,49.9,5848,226,0.813
2025-01-26 13:34:00,50.0,3333,226,0.523
2025-01-26 13:36:00,99.1,6711,225,0.319
2025-01-26 13:38:00,100,6667,225,0.479
2025-01-26 13:40:00,101,6711,225,0.436
2025-01-26 13:42:00,100,3030,226,0.639
2025-01-26 13:44:00,198,11765,226,0.552
2025-01-26 13:46:00,99.1,9346,226,0.465
2025-01-26 13:48:00,100,4695,226,0.508
2025-01-26 13:50:00,50.1,7692,226,0.566
2025-01-26 13:52:00,99.4,7813,226,0.479
2025-01-26 13:54:00,99.7,50.8,226,228
2025-01-26 13:56:00,66.3,50.7,227,228
2025-01-26 13:58:00,49.8,50.6,225,227
2025-01-26 14:00:00,100,50.6,226,230
2025-01-26 14:02:00,50.1,50.8,225,227
2025-01-26 14:04:00,99.2,50.5,226,225
2025-01-26 14:06:00,100,50.8,225,231
2025-01-26 14:08:00,50.0,50.9,227,230
2025-01-26 14:10:00,50.0,50.7,225,227
2025-01-26 14:12:00,99.4,50.8,226,230
2025-01-26 14:14:00,99.4,50.8,226,231
2025-01-26 14:16:00,99.7,50.6,227,229
2025-01-26 14:18:00,66.7,50.9,225,230
2025-01-26 14:20:00,99.9,50.8,226,227
2025-01-26 14:22:00,100,50.9,226,230
2025-01-26 14:24:00,99.7,51.0,225,230
2025-01-26 14:26:00,200,50.8,226,230
2025-01-26 14:28:00,99.9,50.8,225,230
2025-01-26 14:30:00,66.8,50.8,226,229
2025-01-26 14:32:00,99.4,51.1,226,229
2025-01-26 14:34:00,100,50.8,226,226
2025-01-26 14:36:00,99.7,50.8,225,229
2025-01-26 14:38:00,100,50.7,226,227
2025-01-26 14:40:00,50.1,50.5,225,226
2025-01-26 14:42:00,67.0,50.9,227,229
2025-01-26 14:44:00,50.1,50.8,225,228
2025-01-26 14:46:00,50.0,50.9,225,229
2025-01-26 14:48:00,99.4,50.9,225,233
2025-01-26 14:50:00,66.6,50.8,225,232
2025-01-26 14:52:00,66.9,50.9,225,233
2025-01-26 14:54:00,100,50.9,225,234
2025-01-26 14:56:00,50.0,50.8,227,232
2025-01-26 14:58:00,99.2,51.0,225,233
2025-01-26 15:00:00,99.4,51.1,225,233
2025-01-26 15:02:00,50.1,51.0,225,231
2025-01-26 15:04:00,198,50.7,226,228
2025-01-26 15:06:00,66.7,50.9,226,227
2025-01-26 15:08:00,99.2,51.0,226,228
2025-01-26 15:10:00,66.5,51.1,226,228
2025-01-26 15:12:00,50.0,51.3,226,232
2025-01-26 15:14:00,50.0,51.0,225,229
2025-01-26 15:16:00,99.4,51.1,225,230
2025-01-26 15:18:00,50.0,51.1,225,228
2025-01-26 15:20:00,99.4,51.1,225,230
2025-01-26 15:22:00,50.2,50.9,226,229
2025-01-26 15:24:00,66.8,51.1,226,235
2025-01-26 15:26:00,196,51.0,225,235
2025-01-26 15:28:00,66.5,51.2,225,233
2025-01-26 15:30:00,50.1,51.2,225,232
2025-01-26 15:32:00,49.9,51.1,226,234
2025-01-26 15:34:00,50.1,51.1,225,236
2025-01-26 15:36:00,50.0,51.0,226,235
2025-01-26 15:38:00,99.3,51.4,225,231
2025-01-26 15:40:00,99.2,51.2,225,231
2025-01-26 15:42:00,49.9,51.0,227,233
2025-01-26 15:44:00,100,51.2,226,238
2025-01-26 15:46:00,49.8,51.2,227,238
2025-01-26 15:48:00,50.0,51.1,226,234
2025-01-26 15:50:00,50.1,51.2,225,234
2025-01-26 15:52:00,50.1,51.2,225,233
2025-01-26 15:54:00,66.7,51.3,227,232
2025-01-26 15:56:00,50.0,51.2,226,234
2025-01-26 15:58:00,50.1,51.2,225,234
2025-01-26 16:00:00,49.9,51.1,225,238
2025-01-26 16:02:00,50.0,51.0,226,237
2025-01-26 16:04:00,50.1,51.2,225,233
2025-01-26 16:06:00,50.2,51.2,225,232
2025-01-26 16:08:00,99.7,51.2,226,233
2025-01-26 16:10:00,50.1,51.0,226,237
2025-01-26 16:12:00,99.1,51.1,225,237
2025-01-26 16:14:00,66.7,51.1,227,234
2025-01-26 16:16:00,50.0,51.3,225,235
2025-01-26 16:18:00,50.0,51.1,225,233
2025-01-26 16:20:00,50.1,51.5,226,236
2025-01-26 16:22:00,49.9,51.1,225,233
2025-01-26 16:24:00,50.0,51.1,225,236
2025-01-26 16:26:00,197,51.2,226,237
2025-01-26 16:28:00,100,51.2,225,238
2025-01-26 16:30:00,100,51.3,225,235
2025-01-26 16:32:00,49.9,51.4,227,234
2025-01-26 16:34:00,49.8,51.2,225,233
2025-01-26 16:36:00,99.9,51.6,225,234
2025-01-26 16:38:00,99.2,51.4,225,236
2025-01-26 16:40:00,66.7,51.2,225,237
2025-01-26 16:42:00,49.9,51.9,226,237
2025-01-26 16:44:00,50.0,51.4,224,235
2025-01-26 16:46:00,50.1,52.0,226,234
2025-01-26 16:48:00,49.8,51.9,226,237
2025-01-26 16:50:00,99.2,54.7,225,236
2025-01-26 16:52:00,198,54.8,225,236
2025-01-26 16:54:00,99.4,54.4,227,238
2025-01-26 16:56:00,49.9,53.6,226,239
2025-01-26 16:58:00,49.9,54.3,226,237
2025-01-26 17:00:00,50.1,54.0,225,239
2025-01-26 17:02:00,50.0,54.8,225,237
2025-01-26 17:04:00,50.1,54.5,225,237
2025-01-26 17:06:00,50.1,53.9,226,237
2025-01-26 17:08:00,49.9,54.4,226,237
2025-01-26 17:10:00,49.9,53.8,225,239
2025-01-26 17:12:00,49.9,53.7,226,239
2025-01-26 17:14:00,99.4,53.3,225,235
2025-01-26 17:16:00,50.1,54.2,226,238
2025-01-26 17:18:00,99.6,53.6,226,239
2025-01-26 17:20:00,49.8,51.5,226,240
2025-01-26 17:22:00,99.9,52.1,225,242
2025-01-26 17:24:00,50.0,53.4,225,239
2025-01-26 17:26:00,50.1,52.1,225,239
2025-01-26 17:28:00,99.4,53.9,226,241
2025-01-26 17:30:00,99.7,51.6,225,236
2025-01-26 17:32:00,99.4,52.1,225,239
2025-01-26 17:34:00,50.0,52.1,225,239
2025-01-26 17:36:00,99.4,52.0,225,240
2025-01-26 17:38:00,49.9,51.1,226,235
2025-01-26 17:40:00,50.1,51.2,225,237
2025-01-26 17:42:00,99.3,51.1,225,237
2025-01-26 17:44:00,50.0,50.8,225,233
2025-01-26 17:46:00,50.1,50.9,224,235
2025-01-26 17:48:00,100,50.6,226,233
2025-01-26 17:50:00,100,50.6,226,237
2025-01-26 17:52:00,99.4,50.6,225,236
2025-01-26 17:54:00,99.4,50.6,226,236
2025-01-26 17:56:00,50.1,50.6,226,234
2025-01-26 17:58:00,100,50.8,227,237
2025-01-26 18:00:00,49.9,50.9,225,234
2025-01-26 18:02:00,100,50.8,225,234
2025-01-26 18:04:00,100,51.0,225,234
2025-01-26 18:06:00,66.3,50.7,225,237
2025-01-26 18:08:00,197,50.9,225,237
2025-01-26 18:10:00,99.4,50.8,226,237
2025-01-26 18:12:00,99.4,50.9,227,234
2025-01-26 18:14:00,100,50.9,226,234
2025-01-26 18:16:00,66.6,50.9,225,236
2025-01-26 18:18:00,50.0,50.5,225,234
2025-01-26 18:20:00,99.4,50.5,225,237
2025-01-26 18:22:00,100,50.7,225,233
2025-01-26 18:24:00,100,50.9,225,232
2025-01-26 18:26:00,198,50.9,226,235
2025-01-26 18:28:00,197,50.7,225,234
2025-01-26 18:30:00,49.9,50.8,227,230
2025-01-26 18:32:00,99.2,50.7,226,235
2025-01-26 18:34:00,66.7,50.9,226,237
2025-01-26 18:36:00,49.9,50.6,225,233
2025-01-26 18:38:00,49.9,50.9,225,234
2025-01-26 18:40:00,66.6,50.9,226,230
2025-01-26 18:42:00,100,50.5,226,229
2025-01-26 18:44:00,50.1,50.5,225,234
2025-01-26 18:46:00,49.9,50.7,225,234
2025-01-26 18:48:00,50.0,50.5,226,229
2025-01-26 18:50:00,99.2,50.5,226,230
2025-01-26 18:52:00,99.4,50.7,225,233
2025-01-26 18:54:00,66.9,51.0,227,231
2025-01-26 18:56:00,66.8,50.8,226,232
2025-01-26 18:58:00,50.0,50.9,226,232
2025-01-26 19:00:00,100,51.2,225,231
2025-01-26 19:02:00,50.1,51.1,226,229
2025-01-26 19:04:00,50.1,51.5,225,230
2025-01-26 19:06:00,50.1,51.3,227,229
2025-01-26 19:08:00,50.0,51.7,226,229
2025-01-26 19:10:00,99.4,51.3,226,233
2025-01-26 19:12:00,99.2,51.2,225,233
2025-01-26 19:14:00,66.8,51.2,225,232
2025-01-26 19:16:00,49.9,51.4,226,230
2025-01-26 19:18:00,99.4,51.8,226,233
2025-01-26 19:20:00,100,53.8,225,238
2025-01-26 19:22:00,99.1,53.6,226,239
2025-01-26 19:24:00,99.6,51.9,225,238
2025-01-26 19:26:00,49.9,51.9,225,236
2025-01-26 19:28:00,50.0,52.2,225,238
2025-01-26 19:30:00,99.4,52.1,225,236
2025-01-26 19:32:00,98.9,51.6,225,236
2025-01-26 19:34:00,99.2,51.8,225,239
2025-01-26 19:36:00,49.9,51.9,226,236
2025-01-26 19:38:00,99.4,53.5,225,239
2025-01-26 19:40:00,100,52.1,227,238
2025-01-26 19:42:00,50.1,51.9,225,238
2025-01-26 19:44:00,49.9,51.2,225,235
2025-01-26 19:46:00,99.2,51.2,225,236
2025-01-26 19:48:00,100,51.0,225,238
2025-01-26 19:50:00,100,51.3,226,237
2025-01-26 19:52:00,100,51.1,227,237
2025-01-26 19:54:00,99.1,51.3,225,237
2025-01-26 19:56:00,100,51.2,226,239
2025-01-26 19:58:00,49.9,51.2,225,239
2025-01-26 20:00:00,66.6,51.0,226,238
2025-01-26 20:02:00,66.7,51.1,225,235
2025-01-26 20:04:00,99.4,51.0,227,234
2025-01-26 20:06:00,99.7,51.3,226,236
2025-01-26 20:08:00,99.2,51.1,226,241
2025-01-26 20:10:00,100,51.3,225,241
2025-01-26 20:12:00,100,51.2,226,239
2025-01-26 20:14:00,100,51.3,226,236
2025-01-26 20:16:00,100,51.0,225,233
2025-01-26 20:18:00,50.0,50.9,225,233
2025-01-26 20:20:00,100,51.4,225,236
2025-01-26 20:22:00,99.4,51.0,226,240
2025-01-26 20:24:00,99.4,51.1,227,240
2025-01-26 20:26:00,99.2,51.0,225,238
2025-01-26 20:28:00,50.1,51.1,225,233
2025-01-26 20:30:00,99.4,51.0,225,233
2025-01-26 20:32:00,99.7,51.1,225,234
2025-01-26 20:34:00,99.5,51.2,225,236
2025-01-26 20:36:00,99.2,50.8,225,236
2025-01-26 20:38:00,100,50.8,225,239
2025-01-26 20:40:00,100,50.5,224,236
2025-01-26 20:42:00,99.4,50.8,225,239
2025-01-26 20:44:00,50.0,50.9,225,237
2025-01-26 20:46:00,66.8,51.0,225,233
2025-01-26 20:48:00,99.4,51.0,226,235
2025-01-26 20:50:00,100,51.1,226,235
2025-01-26 20:52:00,99.4,51.2,225,234
2025-01-26 20:54:00,100,51.1,225,236
2025-01-26 20:56:00,99.4,50.9,226,235
2025-01-26 20:58:00,101,51.0,226,231
2025-01-26 21:00:00,50.0,50.9,226,230
2025-01-26 21:02:00,66.7,51.2,225,230
2025-01-26 21:04:00,99.4,51.3,225,233
2025-01-26 21:06:00,99.2,51.3,226,234
2025-01-26 21:08:00,100.0,51.0,225,236
2025-01-26 21:10:00,50.0,51.1,226,235
2025-01-26 21:12:00,99.4,51.3,225,234
2025-01-26 21:14:00,100.0,51.3,226,234
2025-01-26 21:16:00,100,51.0,225,230
2025-01-26 21:18:00,198,51.2,226,232
2025-01-26 21:20:00,99.7,51.0,225,232
2025-01-26 21:22:00,99.4,51.1,225,236
2025-01-26 21:24:00,100.0,51.0,225,237
2025-01-26 21:26:00,99.2,51.3,226,235
2025-01-26 21:28:00,50.0,51.2,225,235
2025-01-26 21:30:00,66.9,51.3,226,235
2025-01-26 21:32:00,99.2,51.1,225,236
2025-01-26 21:34:00,99.2,51.2,225,236
2025-01-26 21:36:00,99.7,51.3,226,238
2025-01-26 21:38:00,49.9,51.4,225,236
2025-01-26 21:40:00,99.4,51.8,225,236
2025-01-26 21:42:00,99.4,51.6,225,235
2025-01-26 21:44:00,99.6,51.4,225,233
2025-01-26 21:46:00,49.9,51.5,225,235
2025-01-26 21:48:00,66.9,51.7,226,236
2025-01-26 21:50:00,50.0,51.7,226,240
2025-01-26 21:52:00,99.7,51.8,226,241
2025-01-26 21:54:00,49.9,51.9,225,241
2025-01-26 21:56:00,99.2,53.5,225,239
2025-01-26 21:58:00,100,52.0,226,238
2025-01-26 22:00:00,99.1,52.1,226,241
2025-01-26 22:02:00,50.0,51.5,226,233
2025-01-26 22:04:00,49.8,52.1,225,238
2025-01-26 22:06:00,99.4,52.1,225,237
2025-01-26 22:08:00,66.3,52.2,225,239
2025-01-26 22:10:00,66.5,53.6,225,241
2025-01-26 22:12:00,99.3,53.6,225,238
2025-01-26 22:14:00,99.2,52.2,225,237
2025-01-26 22:16:00,99.4,53.7,225,240
2025-01-26 22:18:00,49.9,53.4,226,240
2025-01-26 22:20:00,50.1,54.0,227,240
2025-01-26 22:22:00,50.1,54.6,226,240
2025-01-26 22:24:00,100,51.8,226,237
2025-01-26 22:26:00,49.9,52.0,225,239
2025-01-26 22:28:00,99.7,52.1,226,236
2025-01-26 22:30:00,99.7,52.1,225,237
2025-01-26 22:32:00,99.4,52.1,226,236
2025-01-26 22:34:00,50.2,54.4,226,239
2025-01-26 22:36:00,49.9,52.2,226,240
2025-01-26 22:38:00,199,53.4,226,241
2025-01-26 22:40:00,197,53.6,224,239
2025-01-26 22:42:00,99.4,51.3,225,236
2025-01-26 22:44:00,50.1,51.3,225,236
2025-01-26 22:46:00,50.3,51.5,225,236
2025-01-26 22:48:00,49.9,51.1,225,237
2025-01-26 22:50:00,49.9,51.2,225,238
2025-01-26 22:52:00,49.9,51.4,226,237
2025-01-26 22:54:00,99.6,51.1,227,230
2025-01-26 22:56:00,100,51.3,226,236
2025-01-26 22:58:00,49.9,51.2,225,237
2025-01-26 23:00:00,99.4,51.5,226,233
2025-01-26 23:02:00,50.0,51.1,226,236
2025-01-26 23:04:00,49.8,51.3,225,237
2025-01-26 23:06:00,99.4,51.4,225,233
2025-01-26 23:08:00,50.1,51.4,225,236
2025-01-26 23:10:00,50.1,51.5,226,235
2025-01-26 23:12:00,99.6,51.6,225,234
2025-01-26 23:14:00,99.2,51.3,225,232
2025-01-26 23:16:00,66.8,51.5,225,233
2025-01-26 23:18:00,49.9,52.0,226,236
2025-01-26 23:20:00,66.9,51.5,225,237
2025-01-26 23:22:00,66.8,51.4,225,237
2025-01-26 23:24:00,50.0,51.3,225,237
2025-01-26 23:26:00,50.0,51.7,226,236
2025-01-26 23:28:00,99.2,51.5,225,234
2025-01-26 23:30:00,100,51.5,225,233
2025-01-26 23:32:00,49.9,51.7,225,236
2025-01-26 23:34:00,66.4,51.9,226,236
2025-01-26 23:36:00,49.9,52.0,225,237
2025-01-26 23:38:00,50.1,51.7,226,239
2025-01-26 23:40:00,99.7,51.3,225,235
2025-01-26 23:42:00,99.2,51.8,225,236
2025-01-26 23:44:00,66.8,52.1,226,237
2025-01-26 23:46:00,49.9,51.8,225,233
2025-01-26 23:48:00,101,51.8,225,238
2025-01-26 23:50:00,50.0,52.1,226,234
2025-01-26 23:52:00,49.9,54.1,226,236
2025-01-26 23:54:00,99.4,51.7,225,239
2025-01-26 23:56:00,50.0,51.7,226,237
2025-01-26 23:58:00,100,52.1,226,238
2025-01-27 00:00:00,66.8,51.7,226,236
2025-01-27 00:02:00,49.9,52.0,225,238
2025-01-27 00:04:00,99.8,52.1,226,231
2025-01-27 00:06:00,49.9,53.6,226,235
2025-01-27 00:08:00,50.1,53.9,225,234
2025-01-27 00:10:00,99.4,54.3,226,239
2025-01-27 00:12:00,66.5,54.9,227,238
2025-01-27 00:14:00,50.1,54.9,225,238
2025-01-27 00:16:00,100,54.6,226,241
2025-01-27 00:18:00,100.0,54.7,226,241
2025-01-27 00:20:00,100,52.1,226,237
2025-01-27 00:22:00,99.4,53.5,225,241
2025-01-27 00:24:00,99.2,54.0,225,243
2025-01-27 00:26:00,50.1,54.3,226,237
2025-01-27 00:28:00,50.0,53.7,226,235
2025-01-27 00:30:00,50.0,53.9,226,238
2025-01-27 00:32:00,100,54.6,226,238
2025-01-27 00:34:00,49.8,54.2,226,239
2025-01-27 00:36:00,50.0,54.3,226,236
2025-01-27 00:38:00,49.9,53.4,226,237
2025-01-27 00:40:00,50.1,51.0,226,236
2025-01-27 00:42:00,99.4,51.1,226,235
2025-01-27 00:44:00,100,51.1,227,236
2025-01-27 00:46:00,50.0,51.1,227,235
2025-01-27 00:48:00,50.0,51.3,226,235
2025-01-27 00:50:00,49.9,51.4,226,234
2025-01-27 00:52:00,50.1,51.5,226,235
2025-01-27 00:54:00,66.9,51.3,226,235
2025-01-27 00:56:00,99.7,51.2,226,235
2025-01-27 00:58:00,99.6,51.4,227,236
2025-01-27 01:00:00,50.0,51.3,225,235
2025-01-27 01:02:00,49.9,51.4,227,238
2025-01-27 01:04:00,99.2,51.2,225,233
2025-01-27 01:06:00,66.6,51.4,225,236
2025-01-27 01:08:00,50.0,51.5,226,235
2025-01-27 01:10:00,49.8,51.4,225,236
2025-01-27 01:12:00,50.0,51.6,227,236
2025-01-27 01:14:00,49.9,51.7,227,236
2025-01-27 01:16:00,100,51.3,225,238
2025-01-27 01:18:00,100,51.4,227,239
2025-01-27 01:20:00,99.4,51.3,227,236
2025-01-27 01:22:00,198,51.3,226,237
2025-01-27 01:24:00,50.0,51.5,225,235
2025-01-27 01:26:00,100,51.6,226,236
2025-01-27 01:28:00,50.1,51.7,227,236
2025-01-27 01:30:00,50.0,51.5,227,236
2025-01-27 01:32:00,99.7,51.6,226,236
2025-01-27 01:34:00,99.4,51.4,226,238
2025-01-27 01:36:00,99.4,51.3,226,237
2025-01-27 01:38:00,50.1,51.4,225,238
2025-01-27 01:40:00,50.1,51.5,225,236
2025-01-27 01:42:00,49.9,51.7,226,235
2025-01-27 01:44:00,99.4,51.6,227,235
2025-01-27 01:46:00,99.7,51.6,226,232
2025-01-27 01:48:00,99.2,52.1,226,234
2025-01-27 01:50:00,50.1,51.8,226,237
2025-01-27 01:52:00,50.1,52.1,225,237
2025-01-27 01:54:00,99.4,52.1,225,236
2025-01-27 01:56:00,50.0,53.8,225,236
2025-01-27 01:58:00,50.1,54.0,227,236
2025-01-27 02:00:00,100,53.7,227,236
2025-01-27 02:02:00,66.9,53.9,226,235
2025-01-27 02:04:00,99.4,53.6,227,236
2025-01-27 02:06:00,49.9,53.7,227,234
2025-01-27 02:08:00,50.1,53.4,226,238
2025-01-27 02:10:00,49.9,52.0,225,238
2025-01-27 02:12:00,50.0,51.6,225,236
2025-01-27 02:14:00,100,52.1,227,238
2025-01-27 02:16:00,66.8,53.3,227,238
2025-01-27 02:18:00,100,52.1,227,237
2025-01-27 02:20:00,49.9,52.2,226,237
2025-01-27 02:22:00,49.9,52.3,225,237
2025-01-27 02:24:00,66.6,52.1,226,237
2025-01-27 02:26:00,100,53.7,226,236
2025-01-27 02:28:00,100,54.2,227,238
2025-01-27 02:30:00,49.9,54.3,226,242
2025-01-27 02:32:00,50.0,53.6,223,243
2025-01-27 02:34:00,99.7,54.8,225,242
2025-01-27 02:36:00,50.0,55.0,226,241
2025-01-27 02:38:00,99.3,54.4,226,240
2025-01-27 02:40:00,50.0,54.7,225,239
2025-01-27 02:42:00,100,54.5,226,238
2025-01-27 02:44:00,50.1,54.0,226,238
2025-01-27 02:46:00,197,54.6,226,237
2025-01-27 02:48:00,99.2,54.3,226,237
2025-01-27 02:50:00,50.1,53.7,225,235
2025-01-27 02:52:00,49.9,54.0,227,240
2025-01-27 02:54:00,99.4,52.1,226,243
2025-01-27 02:56:00,66.7,53.9,226,241
2025-01-27 02:58:00,66.8,54.7,226,238
2025-01-27 03:00:00,100,54.5,226,238
2025-01-27 03:02:00,100,54.7,225,237
2025-01-27 03:04:00,50.1,53.6,226,235
2025-01-27 03:06:00,100,53.9,225,242
2025-01-27 03:08:00,50.1,54.3,226,240
2025-01-27 03:10:00,99.4,53.7,226,242
2025-01-27 03:12:00,50.0,54.7,225,238
2025-01-27 03:14:00,50.2,54.7,226,236
2025-01-27 03:16:00,99.4,54.7,226,239
2025-01-27 03:18:00,99.7,54.0,225,236
2025-01-27 03:20:00,100,54.4,225,239
2025-01-27 03:22:00,100,54.9,225,238
2025-01-27 03:24:00,100,54.8,226,239
2025-01-27 03:26:00,66.8,54.2,226,238
2025-01-27 03:28:00,50.1,54.2,225,242
2025-01-27 03:30:00,99.7,52.3,226,244
2025-01-27 03:32:00,100,54.5,225,241
2025-01-27 03:34:00,100,54.7,226,240
2025-01-27 03:36:00,196,54.4,226,241
2025-01-27 03:38:00,99.4,54.9,226,241
2025-01-27 03:40:00,100,54.1,227,240
2025-01-27 03:42:00,99.9,54.2,227,238
2025-01-27 03:44:00,100,54.5,226,238
2025-01-27 03:46:00,99.2,54.2,226,239
2025-01-27 03:48:00,99.4,54.6,225,237
2025-01-27 03:50:00,66.6,53.4,225,242
2025-01-27 03:52:00,99.4,53.9,226,241
2025-01-27 03:54:00,99.7,54.7,226,237
2025-01-27 03:56:00,99.2,54.0,226,239
2025-01-27 03:58:00,99.4,54.6,225,238
2025-01-27 04:00:00,49.9,54.3,226,238
2025-01-27 04:02:00,49.8,54.8,226,238
2025-01-27 04:04:00,99.2,54.8,226,238
2025-01-27 04:06:00,99.4,54.8,225,239
2025-01-27 04:08:00,99.4,54.7,225,236
2025-01-27 04:10:00,50.2,54.2,225,238
2025-01-27 04:12:00,100.0,54.6,225,236
2025-01-27 04:14:00,49.9,54.6,225,236
2025-01-27 04:16:00,50.1,53.9,226,237
2025-01-27 04:18:00,66.4,54.4,226,238
2025-01-27 04:20:00,99.4,54.2,226,237
2025-01-27 04:22:00,50.1,53.9,226,239
2025-01-27 04:24:00,50.0,53.6,226,238
2025-01-27 04:26:00,49.8,53.8,226,236
2025-01-27 04:28:00,50.0,54.0,225,235
2025-01-27 04:30:00,66.6,53.9,226,236
2025-01-27 04:32:00,50.0,54.3,225,237
2025-01-27 04:34:00,50.0,54.0,227,235
2025-01-27 04:36:00,99.4,53.9,227,236
2025-01-27 04:38:00,66.8,54.0,225,235
2025-01-27 04:40:00,101,53.5,226,237
2025-01-27 04:42:00,99.4,54.0,225,239
2025-01-27 04:44:00,50.1,53.9,225,240
2025-01-27 04:46:00,50.0,54.3,225,237
2025-01-27 04:48:00,50.2,55.2,227,238
2025-01-27 04:50:00,99.2,54.7,227,239
2025-01-27 04:52:00,50.1,55.2,226,238
2025-01-27 04:54:00,100,55.2,225,238
2025-01-27 04:56:00,99.4,54.7,225,239
2025-01-27 04:58:00,99.4,55.0,225,238
2025-01-27 05:00:00,50.1,55.3,226,239
2025-01-27 05:02:00,50.2,55.0,225,240
2025-01-27 05:04:00,50.1,55.0,227,238
2025-01-27 05:06:00,99.4,54.0,225,236
2025-01-27 05:08:00,49.8,54.2,225,235
2025-01-27 05:10:00,50.0,54.4,227,235
2025-01-27 05:12:00,66.5,53.4,225,234
2025-01-27 05:14:00,99.4,54.7,226,234
2025-01-27 05:16:00,50.1,54.4,225,235
2025-01-27 05:18:00,50.0,54.8,225,233
2025-01-27 05:20:00,100,54.7,225,234
2025-01-27 05:22:00,99.7,53.9,227,235
2025-01-27 05:24:00,49.9,54.5,226,234
2025-01-27 05:26:00,99.9,54.3,226,235
2025-01-27 05:28:00,100,54.7,225,234
2025-01-27 05:30:00,50.0,54.7,225,235
2025-01-27 05:32:00,50.1,54.4,225,235
2025-01-27 05:34:00,99.1,54.5,226,236
2025-01-27 05:36:00,50.0,54.0,226,238
2025-01-27 05:38:00,50.1,54.3,225,233
2025-01-27 05:40:00,50.0,54.4,227,234
2025-01-27 05:42:00,99.4,54.0,225,235
2025-01-27 05:44:00,66.5,55.0,225,236
2025-01-27 05:46:00,99.4,54.0,225,236
2025-01-27 05:48:00,100,53.4,226,235
2025-01-27 05:50:00,49.9,52.2,225,233
2025-01-27 05:52:00,50.0,52.3,226,233
2025-01-27 05:54:00,99.4,54.5,226,234
2025-01-27 05:56:00,99.7,53.6,227,233
2025-01-27 05:58:00,67.0,54.1,226,236
2025-01-27 06:00:00,66.4,53.9,226,234
2025-01-27 06:02:00,99.4,53.4,225,236
2025-01-27 06:04:00,99.7,53.9,225,235
2025-01-27 06:06:00,49.8,54.6,226,234
2025-01-27 06:08:00,49.9,53.4,227,235
2025-01-27 06:10:00,49.9,54.3,225,236
2025-01-27 06:12:00,99.4,53.8,225,238
2025-01-27 06:14:00,100,53.8,225,234
2025-01-27 06:16:00,100,53.7,226,236
2025-01-27 06:18:00,196,53.6,225,237
2025-01-27 06:20:00,99.4,53.8,226,237
2025-01-27 06:22:00,50.0,54.4,225,239
2025-01-27 06:24:00,50.0,54.5,227,237
2025-01-27 06:26:00,66.4,53.9,225,239
2025-01-27 06:28:00,99.7,53.9,226,237
2025-01-27 06:30:00,49.9,55.2,227,237
2025-01-27 06:32:00,66.5,55.0,225,238
2025-01-27 06:34:00,50.0,55.1,226,237
2025-01-27 06:36:00,66.5,54.9,226,239
2025-01-27 06:38:00,50.0,55.3,227,238
2025-01-27 06:40:00,99.4,55.5,227,238
2025-01-27 06:42:00,50.1,54.0,224,236
2025-01-27 06:44:00,50.0,54.5,225,234
2025-01-27 06:46:00,50.0,54.5,226,234
2025-01-27 06:48:00,100,55.4,225,237
2025-01-27 06:50:00,50.1,55.3,226,236
2025-01-27 06:52:00,50.1,55.3,225,236
2025-01-27 06:54:00,99.4,55.3,225,237
2025-01-27 06:56:00,50.1,55.6,226,239
2025-01-27 06:58:00,99.4,54.9,227,235
2025-01-27 07:00:00,100,55.2,226,237
2025-01-27 07:02:00,50.0,54.4,225,236
2025-01-27 07:04:00,198,54.0,227,231
2025-01-27 07:06:00,99.4,53.7,226,231
2025-01-27 07:08:00,50.0,53.9,226,231
2025-01-27 07:10:00,50.0,54.0,225,230
2025-01-27 07:12:00,99.7,53.5,227,232
2025-01-27 07:14:00,50.1,53.3,226,232
2025-01-27 07:16:00,100,53.6,227,232
2025-01-27 07:18:00,99.4,53.7,227,233
2025-01-27 07:20:00,99.3,54.4,226,233
2025-01-27 07:22:00,99.6,54.1,226,235
2025-01-27 07:24:00,50.0,53.7,226,236
2025-01-27 07:26:00,99.9,53.4,226,234
2025-01-27 07:28:00,99.1,52.1,225,231
2025-01-27 07:30:00,50.0,54.5,225,233
2025-01-27 07:32:00,50.0,54.3,225,234
2025-01-27 07:34:00,50.0,55.1,226,235
2025-01-27 07:36:00,50.0,55.2,225,235
2025-01-27 07:38:00,50.2,51.9,227,234
2025-01-27 07:40:00,50.1,54.1,225,233
2025-01-27 07:42:00,50.0,54.0,227,234
2025-01-27 07:44:00,99.9,53.8,225,234
2025-01-27 07:46:00,99.3,54.4,226,233
2025-01-27 07:48:00,99.4,54.3,226,233
2025-01-27 07:50:00,49.9,54.5,225,234
2025-01-27 07:52:00,49.9,54.9,226,234
2025-01-27 07:54:00,50.0,54.1,225,237
2025-01-27 07:56:00,66.6,54.3,225,232
2025-01-27 07:58:00,50.0,54.5,226,232
2025-01-27 08:00:00,50.1,53.0,226,232
2025-01-27 08:02:00,99.4,53.0,225,233
2025-01-27 08:04:00,49.9,54.1,227,233
2025-01-27 08:06:00,50.0,54.6,226,235
2025-01-27 08:08:00,49.9,54.6,225,236
2025-01-27 08:10:00,50.1,54.0,226,236
2025-01-27 08:12:00,50.1,53.8,226,237
2025-01-27 08:14:00,50.1,53.9,225,233
2025-01-27 08:16:00,100,54.2,226,237
2025-01-27 08:18:00,50.1,53.8,226,239
2025-01-27 08:20:00,99.2,52.2,225,239
2025-01-27 08:22:00,100,52.2,225,237
2025-01-27 08:24:00,50.0,52.2,226,238
2025-01-27 08:26:00,99.4,53.3,226,239
2025-01-27 08:28:00,50.0,52.2,225,238
2025-01-27 08:30:00,50.0,51.6,226,236
2025-01-27 08:32:00,99.6,51.2,227,234
2025-01-27 08:34:00,100,51.1,226,230
2025-01-27 08:36:00,50.1,50.7,226,234
2025-01-27 08:38:00,50.0,50.7,226,233
2025-01-27 08:40:00,49.9,51.4,225,233
2025-01-27 08:42:00,99.1,51.1,226,233
2025-01-27 08:44:00,100,51.1,225,235
2025-01-27 08:46:00,50.0,51.0,227,235
2025-01-27 08:48:00,99.7,51.1,226,235
2025-01-27 08:50:00,100,51.4,225,236
2025-01-27 08:52:00,99.7,51.3,226,236
2025-01-27 08:54:00,99.4,51.5,225,232
2025-01-27 08:56:00,100,51.3,226,232
2025-01-27 08:58:00,99.9,51.1,227,234
2025-01-27 09:00:00,99.2,51.3,226,233
2025-01-27 09:02:00,99.2,51.3,228,227
2025-01-27 09:04:00,99.9,50.9,227,231
2025-01-27 09:06:00,100,51.0,226,234
2025-01-27 09:08:00,100,51.1,226,230
2025-01-27 09:10:00,99.2,50.5,228,233
2025-01-27 09:12:00,49.8,50.6,227,226
2025-01-27 09:14:00,99.2,50.6,226,230
2025-01-27 09:16:00,101,50.8,227,227
2025-01-27 09:18:00,50.0,50.7,227,227
2025-01-27 09:20:00,50.0,50.8,227,229
2025-01-27 09:22:00,50.0,50.8,227,230
2025-01-27 09:24:00,100,50.8,226,230
2025-01-27 09:26:00,99.2,50.9,226,230
2025-01-27 09:28:00,99.4,50.9,226,230
2025-01-27 09:30:00,99.4,50.9,226,231
2025-01-27 09:32:00,100,50.9,226,231
2025-01-27 09:34:00,100,50.8,227,231
2025-01-27 09:36:00,99.4,50.5,226,230
2025-01-27 09:38:00,198,50.7,226,230
2025-01-27 09:40:00,100,50.8,227,231
2025-01-27 09:42:00,100,50.9,227,234
2025-01-27 09:44:00,50.2,50.9,227,233
2025-01-27 09:46:00,66.9,50.9,226,235
2025-01-27 09:48:00,198,50.7,227,235
2025-01-27 09:50:00,50.0,50.7,227,233
2025-01-27 09:52:00,67.0,50.8,227,231
2025-01-27 09:54:00,66.9,50.6,227,232
2025-01-27 09:56:00,50.0,50.6,227,229
2025-01-27 09:58:00,66.4,50.8,228,232
2025-01-27 10:00:00,49.9,50.8,228,233
2025-01-27 10:02:00,49.9,50.9,226,232
2025-01-27 10:04:00,50.0,52.2,226,230
2025-01-27 10:06:00,50.0,52.0,227,231
2025-01-27 10:08:00,50.1,52.1,227,233
2025-01-27 10:10:00,66.6,52.2,226,234
2025-01-27 10:12:00,99.4,53.6,227,235
2025-01-27 10:14:00,100.0,51.8,228,230
2025-01-27 10:16:00,99.2,51.8,228,231
2025-01-27 10:18:00,50.0,51.5,226,227
2025-01-27 10:20:00,50.1,51.3,226,226
2025-01-27 10:22:00,197,51.3,226,227
2025-01-27 10:24:00,50.1,51.4,228,230
2025-01-27 10:26:00,199,51.7,226,229
2025-01-27 10:28:00,99.7,51.9,225,231
2025-01-27 10:30:00,99.4,51.1,226,229
2025-01-27 10:32:00,50.0,51.1,226,230
2025-01-27 10:34:00,99.2,51.2,226,231
2025-01-27 10:36:00,50.1,51.2,225,232
2025-01-27 10:38:00,50.1,51.1,225,233
2025-01-27 10:40:00,49.9,51.1,226,233
2025-01-27 10:42:00,50.1,50.9,225,230
2025-01-27 10:44:00,49.9,51.3,227,235
2025-01-27 10:46:00,50.0,51.3,226,232
2025-01-27 10:48:00,99.2,51.0,226,231
2025-01-27 10:50:00,99.1,51.1,227,229
2025-01-27 10:52:00,100,51.1,226,228
2025-01-27 10:54:00,99.4,51.1,227,232
2025-01-27 10:56:00,50.1,50.8,227,232
2025-01-27 10:58:00,100,50.9,227,229
2025-01-27 11:00:00,50.1,51.1,225,231
2025-01-27 11:02:00,49.9,51.0,226,231
2025-01-27 11:04:00,99.9,51.1,226,231
2025-01-27 11:06:00,99.4,50.9,227,230
2025-01-27 11:08:00,99.2,50.9,226,230
2025-01-27 11:10:00,50.0,51.1,226,232
2025-01-27 11:12:00,66.9,50.9,225,231
2025-01-27 11:14:00,49.9,51.1,227,231
2025-01-27 11:16:00,50.0,51.0,225,229
2025-01-27 11:18:00,66.8,51.1,226,232
2025-01-27 11:20:00,100,51.1,226,232
2025-01-27 11:22:00,99.6,51.2,225,232
2025-01-27 11:24:00,49.9,51.3,225,235
2025-01-27 11:26:00,50.0,51.2,226,233
2025-01-27 11:28:00,50.1,51.4,225,231
2025-01-27 11:30:00,99.2,51.2,225,231
2025-01-27 11:32:00,49.9,51.0,226,233
2025-01-27 11:34:00,50.1,51.2,232,233
2025-01-27 11:36:00,99.5,51.1,231,228
2025-01-27 11:38:00,49.9,51.3,231,233
2025-01-27 11:40:00,49.8,51.0,230,229
2025-01-27 11:42:00,66.6,51.1,229,231
2025-01-27 11:44:00,50.0,51.0,230,233
2025-01-27 11:46:00,50.0,51.2,230,231
2025-01-27 11:48:00,100,50.8,230,231
2025-01-27 11:50:00,50.1,51.0,231,231
2025-01-27 11:52:00,99.1,50.9,230,233
2025-01-27 11:54:00,50.1,51.4,231,234
2025-01-27 11:56:00,50.1,51.3,230,236
2025-01-27 11:58:00,50.1,51.1,230,233
2025-01-27 12:00:00,50.0,51.1,231,230
2025-01-27 12:02:00,50.0,50.9,231,232
2025-01-27 12:04:00,101,51.3,229,233
2025-01-27 12:06:00,49.9,51.3,229,235
2025-01-27 12:08:00,99.4,51.3,230,236
2025-01-27 12:10:00,50.1,51.4,229,236
2025-01-27 12:12:00,99.2,51.4,229,237
2025-01-27 12:14:00,50.1,51.5,231,239
2025-01-27 12:16:00,49.9,51.8,230,237
2025-01-27 12:18:00,66.9,51.8,231,238
2025-01-27 12:20:00,100,51.8,230,236
2025-01-27 12:22:00,49.8,51.4,230,234
2025-01-27 12:24:00,99.7,51.4,231,236
2025-01-27 12:26:00,100,51.3,230,235
2025-01-27 12:28:00,66.5,51.9,232,236
2025-01-27 12:30:00,100,51.7,229,236
2025-01-27 12:32:00,50.1,51.3,230,234
2025-01-27 12:34:00,66.7,51.3,230,235
2025-01-27 12:36:00,99.4,51.2,230,235
2025-01-27 12:38:00,66.7,51.3,230,235
2025-01-27 12:40:00,100,51.1,230,234
2025-01-27 12:42:00,197,51.0,231,236
2025-01-27 12:44:00,100,51.1,230,232
2025-01-27 12:46:00,50.1,51.4,230,234
2025-01-27 12:48:00,99.4,51.4,229,237
2025-01-27 12:50:00,50.1,50.9,230,235
2025-01-27 12:52:00,100,50.6,230,234
2025-01-27 12:54:00,99.2,50.8,230,234
2025-01-27 12:56:00,50.0,51.1,228,235
2025-01-27 12:58:00,197,50.9,230,232
2025-01-27 13:00:00,99.4,51.2,230,236
2025-01-27 13:02:00,99.4,51.1,230,235
2025-01-27 13:04:00,99.4,50.8,230,232
2025-01-27 13:06:00,100,50.8,230,232
2025-01-27 13:08:00,99.2,50.9,229,236
2025-01-27 13:10:00,100.0,51.1,230,237
2025-01-27 13:12:00,99.4,50.8,229,236
2025-01-27 13:14:00,50.1,50.8,229,234
2025-01-27 13:16:00,197,51.0,230,233
2025-01-27 13:18:00,50.1,50.7,229,233
2025-01-27 13:20:00,100,51.1,230,233
2025-01-27 13:22:00,49.8,51.2,230,233
2025-01-27 13:24:00,100,51.1,230,231
2025-01-27 13:26:00,100,51.3,229,233
2025-01-27 13:28:00,66.9,51.0,230,238
2025-01-27 13:30:00,100,50.9,230,235
2025-01-27 13:32:00,50.0,51.1,230,235
2025-01-27 13:34:00,49.9,50.9,229,237
2025-01-27 13:36:00,50.0,51.0,230,236
2025-01-27 13:38:00,50.0,51.0,229,232
2025-01-27 13:40:00,66.8,50.9,231,238
2025-01-27 13:42:00,49.8,50.9,230,239
2025-01-27 13:44:00,50.1,51.2,230,237
2025-01-27 13:46:00,49.9,50.9,230,237
2025-01-27 13:48:00,50.0,50.9,229,237
2025-01-27 13:50:00,100,50.8,230,240
2025-01-27 13:52:00,99.4,50.7,231,241
2025-01-27 13:54:00,99.2,51.0,232,240
2025-01-27 13:56:00,49.9,50.7,230,237
2025-01-27 13:58:00,198,50.8,232,239
2025-01-27 14:00:00,50.1,50.6,231,239
2025-01-27 14:02:00,50.0,50.8,232,237
2025-01-27 14:04:00,99.7,51.0,231,238
2025-01-27 14:06:00,49.9,51.0,230,234
2025-01-27 14:08:00,50.0,51.1,232,232
2025-01-27 14:10:00,50.1,51.3,232,235
2025-01-27 14:12:00,49.8,51.6,231,233
2025-01-27 14:14:00,49.9,51.8,232,231
2025-01-27 14:16:00,50.0,51.5,232,233
2025-01-27 14:18:00,99.7,51.7,232,233
2025-01-27 14:20:00,99.2,51.7,232,232
2025-01-27 14:22:00,50.0,51.7,232,233
2025-01-27 14:24:00,50.0,51.8,232,233
2025-01-27 14:26:00,99.7,51.8,230,235
2025-01-27 14:28:00,99.7,51.8,232,238
2025-01-27 14:30:00,99.5,51.8,232,234
2025-01-27 14:32:00,196,51.7,232,236
2025-01-27 14:34:00,50.0,51.8,230,236
2025-01-27 14:36:00,50.0,51.8,232,234
2025-01-27 14:38:00,66.8,51.7,232,234
2025-01-27 14:40:00,50.0,51.6,230,235
2025-01-27 14:42:00,50.0,51.8,230,234
2025-01-27 14:44:00,,51.7,,232
2025-01-27 14:46:00,199,51.7,231,232
2025-01-27 14:48:00,50.1,51.8,231,232
2025-01-27 14:50:00,100,52.1,232,234
2025-01-27 14:52:00,50.0,52.0,232,234
2025-01-27 14:54:00,50.0,51.8,232,233
2025-01-27 14:56:00,50.1,51.8,232,234
2025-01-27 14:58:00,49.9,51.9,231,235
2025-01-27 15:00:00,99.4,52.1,232,235
2025-01-27 15:02:00,99.9,51.8,231,234
2025-01-27 15:04:00,99.4,51.3,232,230
2025-01-27 15:06:00,50.1,51.8,232,235
2025-01-27 15:08:00,99.9,52.0,230,238
2025-01-27 15:10:00,199,51.8,232,234
2025-01-27 15:12:00,100,52.1,231,240
2025-01-27 15:14:00,66.6,51.7,231,234
2025-01-27 15:16:00,50.2,52.0,232,234
2025-01-27 15:18:00,50.0,52.0,232,234
2025-01-27 15:20:00,50.0,52.9,231,239
2025-01-27 15:22:00,99.7,53.7,232,235
2025-01-27 15:24:00,50.1,52.3,232,232
2025-01-27 15:26:00,100,52.1,231,236
2025-01-27 15:28:00,99.7,52.0,232,235
2025-01-27 15:30:00,66.7,53.2,230,235
2025-01-27 15:32:00,99.1,52.0,232,234
2025-01-27 15:34:00,49.9,53.6,229,232
2025-01-27 15:36:00,66.4,53.9,231,235
2025-01-27 15:38:00,66.5,53.9,232,239
2025-01-27 15:40:00,49.9,53.6,230,236
2025-01-27 15:42:00,99.8,51.7,232,235
2025-01-27 15:44:00,50.0,51.9,231,235
2025-01-27 15:46:00,66.6,51.8,232,232
2025-01-27 15:48:00,66.7,52.1,230,235
2025-01-27 15:50:00,50.0,52.0,232,237
2025-01-27 15:52:00,50.0,52.1,232,233
2025-01-27 15:54:00,49.9,52.0,231,233
2025-01-27 15:56:00,100,52.2,232,235
2025-01-27 15:58:00,99.4,52.3,232,237
2025-01-27 16:00:00,100,52.2,230,235
2025-01-27 16:02:00,66.5,52.0,231,233
2025-01-27 16:04:00,66.9,52.2,230,234
2025-01-27 16:06:00,66.8,53.7,231,236
2025-01-27 16:08:00,198,52.0,232,235
2025-01-27 16:10:00,50.0,51.8,231,236
2025-01-27 16:12:00,99.4,51.7,230,234
2025-01-27 16:14:00,99.9,52.1,231,237
2025-01-27 16:16:00,101,51.9,231,235
2025-01-27 16:18:00,50.1,53.6,232,237
2025-01-27 16:20:00,50.1,53.3,232,239
2025-01-27 16:22:00,100,51.2,231,233
2025-01-27 16:24:00,49.9,51.3,231,234
2025-01-27 16:26:00,50.0,51.2,231,233
2025-01-27 16:28:00,99.7,51.3,232,232
2025-01-27 16:30:00,66.8,51.2,231,231
2025-01-27 16:32:00,50.0,51.3,230,232
2025-01-27 16:34:00,99.4,51.2,229,234
2025-01-27 16:36:00,99.9,51.3,231,233
2025-01-27 16:38:00,99.7,51.4,230,234
2025-01-27 16:40:00,50.1,51.4,230,234
2025-01-27 16:42:00,50.0,51.2,230,233
2025-01-27 16:44:00,99.9,51.4,231,232
2025-01-27 16:46:00,49.9,51.2,232,233
2025-01-27 16:48:00,49.9,51.2,231,232
2025-01-27 16:50:00,50.2,51.3,232,230
2025-01-27 16:52:00,66.8,51.2,232,231
2025-01-27 16:54:00,50.1,51.3,232,231
2025-01-27 16:56:00,49.9,51.3,231,228
2025-01-27 16:58:00,50.0,51.3,230,227
2025-01-27 17:00:00,66.6,51.3,231,228
2025-01-27 17:02:00,50.1,51.2,232,228
2025-01-27 17:04:00,99.7,51.2,232,229
2025-01-27 17:06:00,66.8,50.9,232,230
2025-01-27 17:08:00,66.7,51.0,229,231
2025-01-27 17:10:00,50.1,50.8,231,228
2025-01-27 17:12:00,99.4,51.1,232,230
2025-01-27 17:14:00,49.9,51.1,231,230
2025-01-27 17:16:00,49.8,51.0,230,229
2025-01-27 17:18:00,99.2,51.2,232,230
2025-01-27 17:20:00,50.1,51.0,232,230
2025-01-27 17:22:00,200,51.1,229,231
2025-01-27 17:24:00,99.2,51.0,231,230
2025-01-27 17:26:00,99.9,51.0,232,231
2025-01-27 17:28:00,50.0,51.0,232,230
2025-01-27 17:30:00,50.0,51.0,232,228
2025-01-27 17:32:00,50.1,50.8,232,229
2025-01-27 17:34:00,50.0,50.9,229,227
2025-01-27 17:36:00,199,51.0,230,229
2025-01-27 17:38:00,199,51.0,232,232
2025-01-27 17:40:00,99.7,51.2,233,230
2025-01-27 17:42:00,50.0,51.1,231,230
2025-01-27 17:44:00,49.9,51.2,232,232
2025-01-27 17:46:00,50.1,51.2,232,230
2025-01-27 17:48:00,50.0,51.2,230,232
2025-01-27 17:50:00,99.4,51.1,231,231
2025-01-27 17:52:00,66.7,51.2,231,230
2025-01-27 17:54:00,100,51.3,232,229
2025-01-27 17:56:00,49.9,51.2,231,230
2025-01-27 17:58:00,50.0,51.3,232,228
2025-01-27 18:00:00,101,51.3,230,228
2025-01-27 18:02:00,99.7,51.4,231,230
2025-01-27 18:04:00,66.6,51.4,232,231
2025-01-27 18:06:00,,51.3,,231
2025-01-27 18:08:00,49.8,51.2,232,228
2025-01-27 18:10:00,99.2,51.2,232,234
2025-01-27 18:12:00,67.0,51.2,231,231
2025-01-27 18:14:00,99.5,51.3,230,233
2025-01-27 18:16:00,50.2,51.3,232,231
2025-01-27 18:18:00,99.9,51.5,232,233
2025-01-27 18:20:00,49.8,51.4,232,231
2025-01-27 18:22:00,50.1,51.4,232,234
2025-01-27 18:24:00,50.0,51.7,231,234
2025-01-27 18:26:00,50.1,51.6,232,234
2025-01-27 18:28:00,66.6,51.7,231,235
2025-01-27 18:30:00,100,51.7,231,235
2025-01-27 18:32:00,66.9,51.7,232,235
2025-01-27 18:34:00,98.8,51.4,230,236
2025-01-27 18:36:00,66.7,51.7,231,235
2025-01-27 18:38:00,99.9,51.7,228,235
2025-01-27 18:40:00,49.9,51.3,227,235
2025-01-27 18:42:00,99.4,51.3,226,235
2025-01-27 18:44:00,99.4,51.3,228,235
2025-01-27 18:46:00,49.9,51.0,227,233
2025-01-27 18:48:00,66.7,51.2,227,234
2025-01-27 18:50:00,100,51.2,228,235
2025-01-27 18:52:00,99.4,51.3,228,237
2025-01-27 18:54:00,99.4,51.0,228,236
2025-01-27 18:56:00,50.0,51.1,228,234
2025-01-27 18:58:00,99.4,51.0,228,235
2025-01-27 19:00:00,99.7,51.3,226,234
2025-01-27 19:02:00,50.0,51.2,227,233
2025-01-27 19:04:00,99.4,51.4,228,233
2025-01-27 19:06:00,198,51.3,228,233
2025-01-27 19:08:00,197,51.3,226,237
2025-01-27 19:10:00,198,51.3,227,235
2025-01-27 19:12:00,196,51.0,228,233
2025-01-27 19:14:00,99.2,51.1,228,233
2025-01-27 19:16:00,50.1,51.2,228,233
2025-01-27 19:18:00,50.1,51.6,228,235
2025-01-27 19:20:00,99.6,51.2,228,233
2025-01-27 19:22:00,66.6,51.1,228,234
2025-01-27 19:24:00,199,51.2,227,236
2025-01-27 19:26:00,50.0,51.3,228,232
2025-01-27 19:28:00,49.9,51.2,228,233
2025-01-27 19:30:00,49.9,51.0,228,236
2025-01-27 19:32:00,50.0,51.1,228,236
2025-01-27 19:34:00,50.0,51.4,227,235
2025-01-27 19:36:00,99.2,51.3,228,233
2025-01-27 19:38:00,49.9,51.0,228,232
2025-01-27 19:40:00,99.4,50.7,227,236
2025-01-27 19:42:00,99.7,50.8,228,234
2025-01-27 19:44:00,50.0,50.9,227,237
2025-01-27 19:46:00,66.5,50.8,228,236
2025-01-27 19:48:00,100,50.9,226,237
2025-01-27 19:50:00,99.2,50.7,227,237
2025-01-27 19:52:00,99.7,50.9,227,232
2025-01-27 19:54:00,66.7,50.9,227,237
2025-01-27 19:56:00,99.6,50.8,227,237
2025-01-27 19:58:00,50.1,50.9,227,238
2025-01-27 20:00:00,50.0,50.8,227,238
2025-01-27 20:02:00,66.7,51.0,227,235
2025-01-27 20:04:00,66.9,50.7,227,233
2025-01-27 20:06:00,199,50.8,227,232
2025-01-27 20:08:00,49.9,50.9,227,234
2025-01-27 20:10:00,99.4,51.0,227,230
2025-01-27 20:12:00,49.9,51.0,227,232
2025-01-27 20:14:00,50.0,51.0,227,232
2025-01-27 20:16:00,99.7,50.9,227,231
2025-01-27 20:18:00,99.8,51.1,227,232
2025-01-27 20:20:00,49.9,51.1,226,234
2025-01-27 20:22:00,101,51.0,227,231
2025-01-27 20:24:00,49.9,51.2,227,235
2025-01-27 20:26:00,99.2,50.9,227,232
2025-01-27 20:28:00,50.0,51.2,227,237
2025-01-27 20:30:00,49.8,51.1,227,236
2025-01-27 20:32:00,66.5,51.2,226,235
2025-01-27 20:34:00,99.6,51.1,227,235
2025-01-27 20:36:00,99.6,51.3,227,235
2025-01-27 20:38:00,50.1,51.3,227,233
2025-01-27 20:40:00,66.5,51.4,227,234
2025-01-27 20:42:00,99.4,51.5,227,234
2025-01-27 20:44:00,50.0,51.5,226,238
2025-01-27 20:46:00,99.7,51.4,227,238
2025-01-27 20:48:00,197,51.4,227,239
2025-01-27 20:50:00,50.1,51.7,228,239
2025-01-27 20:52:00,99.7,52.0,227,240
2025-01-27 20:54:00,50.2,52.1,227,241
2025-01-27 20:56:00,99.7,53.8,226,239
2025-01-27 20:58:00,50.0,51.9,227,235
2025-01-27 21:00:00,50.1,51.7,226,236
2025-01-27 21:02:00,99.2,51.8,226,235
2025-01-27 21:04:00,50.1,51.4,227,233
2025-01-27 21:06:00,49.9,51.8,227,237
2025-01-27 21:08:00,50.1,51.7,227,236
2025-01-27 21:10:00,99.4,51.7,227,239
2025-01-27 21:12:00,49.9,51.9,227,239
2025-01-27 21:14:00,50.0,51.6,227,236
2025-01-27 21:16:00,49.9,51.3,227,236
2025-01-27 21:18:00,99.4,51.4,226,238
2025-01-27 21:20:00,99.7,51.4,227,238
2025-01-27 21:22:00,50.0,51.6,227,241
2025-01-27 21:24:00,49.9,51.5,227,236
2025-01-27 21:26:00,50.0,51.8,227,238
2025-01-27 21:28:00,50.0,51.8,226,239
2025-01-27 21:30:00,99.2,51.8,226,239
2025-01-27 21:32:00,49.9,51.8,228,235
2025-01-27 21:34:00,66.8,51.8,227,236
2025-01-27 21:36:00,50.1,52.0,227,235
2025-01-27 21:38:00,50.0,51.8,227,237
2025-01-27 21:40:00,100,51.8,227,239
2025-01-27 21:42:00,50.1,51.9,227,239
2025-01-27 21:44:00,49.9,51.9,227,235
2025-01-27 21:46:00,66.7,52.1,227,240
2025-01-27 21:48:00,66.5,52.2,227,242
2025-01-27 21:50:00,66.6,52.2,228,238
2025-01-27 21:52:00,100,51.8,226,237
2025-01-27 21:54:00,50.0,51.9,226,238
2025-01-27 21:56:00,99.7,51.4,227,237
2025-01-27 21:58:00,49.8,51.5,227,237
2025-01-27 22:00:00,50.1,51.3,226,232
2025-01-27 22:02:00,99.7,51.1,227,232
2025-01-27 22:04:00,99.2,51.3,227,236
2025-01-27 22:06:00,50.0,51.4,227,237
2025-01-27 22:08:00,50.2,51.4,227,237
2025-01-27 22:10:00,99.2,51.5,228,239
2025-01-27 22:12:00,49.9,51.4,227,237
2025-01-27 22:14:00,49.9,51.4,227,237
2025-01-27 22:16:00,100,51.4,227,234
2025-01-27 22:18:00,50.0,51.4,227,233
2025-01-27 22:20:00,66.6,51.4,227,235
2025-01-27 22:22:00,200,51.4,231,236
2025-01-27 22:24:00,50.0,51.4,231,236
2025-01-27 22:26:00,49.9,51.5,231,236
2025-01-27 22:28:00,99.4,51.3,230,235
2025-01-27 22:30:00,50.0,51.5,230,235
2025-01-27 22:32:00,99.9,51.3,230,233
2025-01-27 22:34:00,99.4,51.4,230,234
2025-01-27 22:36:00,99.2,51.4,230,235
2025-01-27 22:38:00,99.2,51.3,230,237
2025-01-27 22:40:00,50.0,51.7,230,235
2025-01-27 22:42:00,99.9,51.7,230,235
2025-01-27 22:44:00,50.1,51.7,230,236
2025-01-27 22:46:00,101,51.4,230,233
2025-01-27 22:48:00,49.9,51.3,230,233
2025-01-27 22:50:00,50.0,51.2,230,233
2025-01-27 22:52:00,99.9,51.3,230,232
2025-01-27 22:54:00,99.3,51.4,230,233
2025-01-27 22:56:00,50.0,51.3,229,233
2025-01-27 22:58:00,99.4,51.4,230,233
2025-01-27 23:00:00,99.3,51.5,230,233
2025-01-27 23:02:00,50.1,51.5,230,233
2025-01-27 23:04:00,66.7,51.4,230,233
2025-01-27 23:06:00,49.9,51.4,230,235
2025-01-27 23:08:00,50.0,51.5,230,234
2025-01-27 23:10:00,99.1,51.7,229,236
2025-01-27 23:12:00,50.0,51.4,230,234
2025-01-27 23:14:00,50.1,51.9,230,237
2025-01-27 23:16:00,50.1,51.9,230,236
2025-01-27 23:18:00,99.7,52.0,229,237
2025-01-27 23:20:00,99.9,52.1,230,237
2025-01-27 23:22:00,50.0,52.3,228,236
2025-01-27 23:24:00,195,52.1,228,236
2025-01-27 23:26:00,50.1,51.9,228,236
2025-01-27 23:28:00,99.7,52.2,230,234
2025-01-27 23:30:00,50.0,53.4,229,236
2025-01-27 23:32:00,99.7,54.5,230,236
2025-01-27 23:34:00,99.2,53.3,230,238
2025-01-27 23:36:00,50.0,53.6,230,234
2025-01-27 23:38:00,50.0,54.1,230,236
2025-01-27 23:40:00,50.0,53.8,230,237
2025-01-27 23:42:00,49.9,54.3,230,236
2025-01-27 23:44:00,66.8,53.7,230,238
2025-01-27 23:46:00,197,53.4,229,236
2025-01-27 23:48:00,49.9,54.0,230,235
2025-01-27 23:50:00,99.5,52.1,230,238
2025-01-27 23:52:00,100,52.1,230,235
2025-01-27 23:54:00,50.0,53.8,229,236
2025-01-27 23:56:00,66.7,52.2,230,237
2025-01-27 23:58:00,101,53.6,229,236
2025-01-28 00:00:00,99.9,52.0,230,237
2025-01-28 00:02:00,50.0,53.8,229,235
2025-01-28 00:04:00,100.0,54.0,230,236
2025-01-28 00:06:00,50.1,53.4,228,238
2025-01-28 00:08:00,99.4,54.2,230,237
2025-01-28 00:10:00,99.4,53.7,230,240
2025-01-28 00:12:00,50.1,53.5,230,238
2025-01-28 00:14:00,50.0,54.2,229,236
2025-01-28 00:16:00,49.8,53.8,230,237
2025-01-28 00:18:00,50.0,54.0,231,236
2025-01-28 00:20:00,99.7,54.5,229,235
2025-01-28 00:22:00,50.0,53.7,230,237
2025-01-28 00:24:00,99.2,54.1,230,235
2025-01-28 00:26:00,50.1,53.9,230,237
2025-01-28 00:28:00,50.0,53.6,230,237
2025-01-28 00:30:00,100.0,54.5,230,235
2025-01-28 00:32:00,99.1,54.2,230,237
2025-01-28 00:34:00,50.2,54.4,230,236
2025-01-28 00:36:00,50.0,54.8,230,236
2025-01-28 00:38:00,50.0,54.2,230,238
2025-01-28 00:40:00,50.0,54.6,230,236
2025-01-28 00:42:00,49.8,54.2,230,238
2025-01-28 00:44:00,99.4,54.3,230,239
2025-01-28 00:46:00,99.3,54.6,230,237
2025-01-28 00:48:00,49.9,53.9,230,237
2025-01-28 00:50:00,99.9,54.8,230,238
2025-01-28 00:52:00,49.9,54.4,229,240
2025-01-28 00:54:00,99.4,54.7,230,239
2025-01-28 00:56:00,99.4,54.3,230,235
2025-01-28 00:58:00,49.8,54.5,230,240
2025-01-28 01:00:00,66.5,55.1,230,238
2025-01-28 01:02:00,66.4,55.1,230,237
2025-01-28 01:04:00,50.0,54.1,230,238
2025-01-28 01:06:00,50.0,54.7,230,238
2025-01-28 01:08:00,50.0,53.7,230,241
2025-01-28 01:10:00,99.1,52.2,230,239
2025-01-28 01:12:00,50.1,54.7,230,236
2025-01-28 01:14:00,99.4,53.8,230,241
2025-01-28 01:16:00,99.7,54.4,230,237
2025-01-28 01:18:00,99.4,54.6,230,237
2025-01-28 01:20:00,50.0,54.0,230,236
2025-01-28 01:22:00,198,54.7,230,237
2025-01-28 01:24:00,99.7,54.6,230,238
2025-01-28 01:26:00,50.0,53.9,230,237
2025-01-28 01:28:00,99.7,54.0,230,235
2025-01-28 01:30:00,99.7,54.3,230,239
2025-01-28 01:32:00,198,54.6,230,238
2025-01-28 01:34:00,99.7,54.2,230,235
2025-01-28 01:36:00,99.6,53.6,230,236
2025-01-28 01:38:00,66.8,54.8,230,236
2025-01-28 01:40:00,50.0,54.4,230,237
2025-01-28 01:42:00,100,54.4,231,238
2025-01-28 01:44:00,99.2,54.1,230,235
2025-01-28 01:46:00,101,54.6,230,237
2025-01-28 01:48:00,50.1,54.6,230,237
2025-01-28 01:50:00,50.0,54.9,230,236
2025-01-28 01:52:00,50.0,54.7,230,239
2025-01-28 01:54:00,100,54.7,230,234
2025-01-28 01:56:00,50.1,53.9,230,237
2025-01-28 01:58:00,99.9,54.0,230,237
2025-01-28 02:00:00,66.4,54.5,230,234
2025-01-28 02:02:00,66.6,53.9,229,237
2025-01-28 02:04:00,66.7,54.6,231,236
2025-01-28 02:06:00,50.0,54.2,230,234
2025-01-28 02:08:00,99.2,54.0,230,237
2025-01-28 02:10:00,66.7,54.7,230,235
2025-01-28 02:12:00,49.9,54.1,230,236
2025-01-28 02:14:00,100,54.8,230,234
2025-01-28 02:16:00,99.7,54.8,230,235
2025-01-28 02:18:00,50.0,54.0,229,237
2025-01-28 02:20:00,200,54.9,230,235
2025-01-28 02:22:00,50.0,54.1,230,237
2025-01-28 02:24:00,99.9,54.4,230,237
2025-01-28 02:26:00,99.9,54.9,231,234
2025-01-28 02:28:00,99.7,53.8,230,240
2025-01-28 02:30:00,99.4,54.1,230,238
2025-01-28 02:32:00,99.7,54.9,230,234
2025-01-28 02:34:00,49.9,54.2,230,235
2025-01-28 02:36:00,100.0,54.3,230,233
2025-01-28 02:38:00,198,54.0,229,237
2025-01-28 02:40:00,66.6,54.0,230,236
2025-01-28 02:42:00,49.9,54.4,230,235
2025-01-28 02:44:00,100,53.9,230,237
2025-01-28 02:46:00,100,53.7,228,241
2025-01-28 02:48:00,99.7,54.8,230,237
2025-01-28 02:50:00,99.4,54.7,230,238
2025-01-28 02:52:00,98.8,54.7,230,238
2025-01-28 02:54:00,50.0,54.2,230,236
2025-01-28 02:56:00,99.7,54.5,230,239
2025-01-28 02:58:00,66.8,53.8,230,238
2025-01-28 03:00:00,100,54.6,230,237
2025-01-28 03:02:00,66.8,54.7,230,238
2025-01-28 03:04:00,100,54.6,230,237
2025-01-28 03:06:00,99.9,54.8,230,238
2025-01-28 03:08:00,99.2,54.4,228,237
2025-01-28 03:10:00,99.4,54.6,230,238
2025-01-28 03:12:00,50.0,54.1,230,236
2025-01-28 03:14:00,100,54.6,230,238
2025-01-28 03:16:00,50.0,54.7,230,238
2025-01-28 03:18:00,50.1,54.6,230,239
2025-01-28 03:20:00,99.7,54.8,230,239
2025-01-28 03:22:00,50.0,53.8,230,240
2025-01-28 03:24:00,99.7,53.7,230,240
2025-01-28 03:26:00,199,54.4,228,238
2025-01-28 03:28:00,198,54.8,230,240
2025-01-28 03:30:00,99.5,54.6,230,240
2025-01-28 03:32:00,50.0,55.0,230,238
2025-01-28 03:34:00,100.0,54.7,230,238
2025-01-28 03:36:00,99.2,55.0,230,237
2025-01-28 03:38:00,50.0,53.9,230,236
2025-01-28 03:40:00,99.6,54.7,230,238
2025-01-28 03:42:00,50.1,55.1,228,237
2025-01-28 03:44:00,50.1,54.7,228,239
2025-01-28 03:46:00,99.1,55.3,228,237
2025-01-28 03:48:00,66.7,54.8,228,239
2025-01-28 03:50:00,50.0,54.7,229,239
2025-01-28 03:52:00,99.4,55.2,228,238
2025-01-28 03:54:00,49.9,54.8,229,240
2025-01-28 03:56:00,199,54.7,230,236
2025-01-28 03:58:00,50.1,53.8,229,243
2025-01-28 04:00:00,99.8,54.6,230,239
2025-01-28 04:02:00,199,54.9,230,237
2025-01-28 04:04:00,50.0,54.4,230,238
2025-01-28 04:06:00,50.1,54.7,229,238
2025-01-28 04:08:00,49.9,55.0,234,236
2025-01-28 04:10:00,50.0,54.6,230,239
2025-01-28 04:12:00,66.7,54.7,230,234
2025-01-28 04:14:00,199,54.7,231,238
2025-01-28 04:16:00,49.8,53.9,230,236
2025-01-28 04:18:00,99.7,55.0,230,237
2025-01-28 04:20:00,66.5,54.7,229,239
2025-01-28 04:22:00,99.4,54.8,229,236
2025-01-28 04:24:00,49.9,55.1,230,236
2025-01-28 04:26:00,99.4,54.0,230,241
2025-01-28 04:28:00,50.0,53.6,230,239
2025-01-28 04:30:00,99.7,54.6,230,238
2025-01-28 04:32:00,99.4,54.7,230,238
2025-01-28 04:34:00,99.7,55.2,230,236
2025-01-28 04:36:00,50.0,53.8,230,236
2025-01-28 04:38:00,50.0,55.1,230,236
2025-01-28 04:40:00,50.0,54.9,229,235
2025-01-28 04:42:00,50.0,54.7,229,239
2025-01-28 04:44:00,50.0,54.6,230,237
2025-01-28 04:46:00,99.7,54.8,230,239
2025-01-28 04:48:00,99.7,54.0,229,238
2025-01-28 04:50:00,50.0,54.0,229,234
2025-01-28 04:52:00,50.0,53.6,228,235
2025-01-28 04:54:00,50.1,54.0,230,234
2025-01-28 04:56:00,50.2,54.1,230,237
2025-01-28 04:58:00,100.0,53.6,229,235
2025-01-28 05:00:00,99.2,54.6,229,235
2025-01-28 05:02:00,99.4,53.9,229,238
2025-01-28 05:04:00,100,55.0,229,237
2025-01-28 05:06:00,50.2,55.0,228,238
2025-01-28 05:08:00,66.7,54.1,229,237
2025-01-28 05:10:00,50.1,54.9,229,237
2025-01-28 05:12:00,100,54.4,229,238
2025-01-28 05:14:00,99.2,53.7,229,238
2025-01-28 05:16:00,50.0,52.0,230,230
2025-01-28 05:18:00,50.0,52.2,229,234
2025-01-28 05:20:00,50.1,51.8,229,234
2025-01-28 05:22:00,50.2,53.3,230,241
2025-01-28 05:24:00,49.9,53.9,229,236
2025-01-28 05:26:00,50.0,54.3,229,235
2025-01-28 05:28:00,66.9,53.4,230,235
2025-01-28 05:30:00,50.1,53.7,229,233
2025-01-28 05:32:00,99.2,53.5,228,234
2025-01-28 05:34:00,99.1,54.1,230,237
2025-01-28 05:36:00,99.7,54.7,229,235
2025-01-28 05:38:00,50.0,54.0,229,238
2025-01-28 05:40:00,99.2,52.4,229,234
2025-01-28 05:42:00,50.0,54.0,229,235
2025-01-28 05:44:00,100,52.3,229,234
2025-01-28 05:46:00,66.5,54.2,229,235
2025-01-28 05:48:00,99.4,51.8,229,233
2025-01-28 05:50:00,99.7,53.7,229,235
2025-01-28 05:52:00,198,53.8,230,236
2025-01-28 05:54:00,50.1,53.2,228,235
2025-01-28 05:56:00,99.4,54.7,229,238
2025-01-28 05:58:00,66.6,54.4,229,238
2025-01-28 06:00:00,99.4,52.1,229,235
2025-01-28 06:02:00,66.8,53.8,229,236
2025-01-28 06:04:00,50.0,53.6,230,233
2025-01-28 06:06:00,50.0,53.4,230,235
2025-01-28 06:08:00,50.1,53.9,229,234
2025-01-28 06:10:00,197,53.6,230,234
2025-01-28 06:12:00,50.0,52.1,229,233
2025-01-28 06:14:00,49.9,54.1,229,241
2025-01-28 06:16:00,100,53.8,229,242
2025-01-28 06:18:00,99.2,54.3,229,235
2025-01-28 06:20:00,50.0,54.4,227,236
2025-01-28 06:22:00,99.4,53.7,229,237
2025-01-28 06:24:00,99.7,107,229,234
2025-01-28 06:26:00,99.7,52.2,229,233
2025-01-28 06:28:00,99.7,52.2,230,235
2025-01-28 06:30:00,50.0,53.7,230,234
2025-01-28 06:32:00,50.0,54.0,229,237
2025-01-28 06:34:00,50.0,54.7,228,235
2025-01-28 06:36:00,99.2,54.0,230,235
2025-01-28 06:38:00,99.2,54.1,230,237
2025-01-28 06:40:00,99.8,54.1,230,238
2025-01-28 06:42:00,49.9,54.0,229,240
2025-01-28 06:44:00,,52.3,,237
2025-01-28 06:46:00,66.8,52.2,229,234
2025-01-28 06:48:00,50.1,52.2,229,237
2025-01-28 06:50:00,50.1,53.9,227,236
2025-01-28 06:52:00,99.7,53.6,230,237
2025-01-28 06:54:00,99.4,52.4,230,236
2025-01-28 06:56:00,50.0,53.6,230,236
2025-01-28 06:58:00,200,52.0,228,232
2025-01-28 07:00:00,98.9,54.0,230,233
2025-01-28 07:02:00,49.9,53.4,230,235
2025-01-28 07:04:00,99.2,53.4,230,236
2025-01-28 07:06:00,66.6,54.6,230,234
2025-01-28 07:08:00,50.1,53.6,230,235
2025-01-28 07:10:00,49.8,52.3,230,232
2025-01-28 07:12:00,50.0,53.7,231,235
2025-01-28 07:14:00,199,54.5,230,235
2025-01-28 07:16:00,66.5,54.8,231,234
2025-01-28 07:18:00,66.3,54.5,230,236
2025-01-28 07:20:00,100,54.5,232,233
2025-01-28 07:22:00,50.0,53.9,229,234
2025-01-28 07:24:00,99.9,54.0,230,233
2025-01-28 07:26:00,99.4,54.9,230,234
2025-01-28 07:28:00,99.2,53.1,229,234
2025-01-28 07:30:00,66.5,54.3,229,232
2025-01-28 07:32:00,99.2,53.5,230,232
2025-01-28 07:34:00,50.0,53.6,230,236
2025-01-28 07:36:00,99.2,53.3,230,234
2025-01-28 07:38:00,49.9,53.7,229,235
2025-01-28 07:40:00,50.0,53.7,232,235
2025-01-28 07:42:00,66.6,54.7,229,233
2025-01-28 07:44:00,99.7,53.6,230,235
2025-01-28 07:46:00,99.4,54.7,228,234
2025-01-28 07:48:00,50.0,54.2,228,236
2025-01-28 07:50:00,50.0,54.1,227,233
2025-01-28 07:52:00,50.1,53.5,229,234
2025-01-28 07:54:00,50.1,54.0,227,234
2025-01-28 07:56:00,100,54.1,228,234
2025-01-28 07:58:00,99.4,54.7,227,235
2025-01-28 08:00:00,99.9,53.7,227,238
2025-01-28 08:02:00,99.8,54.0,227,235
2025-01-28 08:04:00,50.0,51.8,227,235
2025-01-28 08:06:00,50.0,51.4,227,229
2025-01-28 08:08:00,99.7,53.5,227,234
2025-01-28 08:10:00,50.1,52.1,227,235
2025-01-28 08:12:00,99.7,51.8,227,233
2025-01-28 08:14:00,50.0,51.9,225,233
2025-01-28 08:16:00,50.0,52.2,227,236
2025-01-28 08:18:00,49.9,52.0,226,233
2025-01-28 08:20:00,99.4,54.0,227,235
2025-01-28 08:22:00,50.0,53.8,227,235
2025-01-28 08:24:00,99.7,53.5,228,233
2025-01-28 08:26:00,66.6,53.3,228,233
2025-01-28 08:28:00,66.9,53.2,228,232
2025-01-28 08:30:00,197,52.1,228,230
2025-01-28 08:32:00,49.9,52.0,228,230
2025-01-28 08:34:00,66.4,52.3,229,232
2025-01-28 08:36:00,99.4,52.2,228,231
2025-01-28 08:38:00,200,53.6,229,234
2025-01-28 08:40:00,99.2,53.7,229,234
2025-01-28 08:42:00,99.1,52.1,229,233
2025-01-28 08:44:00,100,51.9,227,233
2025-01-28 08:46:00,50.1,51.3,229,233
2025-01-28 08:48:00,66.6,51.3,228,232
2025-01-28 08:50:00,101,51.8,228,231
2025-01-28 08:52:00,49.8,52.2,227,233
2025-01-28 08:54:00,50.0,52.2,228,235
2025-01-28 08:56:00,99.3,52.0,227,231
2025-01-28 08:58:00,100,52.0,227,231
2025-01-28 09:00:00,99.0,52.2,228,233
2025-01-28 09:02:00,50.0,52.3,227,234
2025-01-28 09:04:00,99.4,52.2,228,234
2025-01-28 09:06:00,99.4,51.4,226,228
2025-01-28 09:08:00,196,51.3,227,227
2025-01-28 09:10:00,199,51.6,228,229
2025-01-28 09:12:00,99.7,51.2,227,225
2025-01-28 09:14:00,66.6,53.4,226,236
2025-01-28 09:16:00,100,51.8,228,231
2025-01-28 09:18:00,100,51.9,228,233
2025-01-28 09:20:00,101,53.3,230,237
2025-01-28 09:22:00,199,52.3,228,238
2025-01-28 09:24:00,66.9,51.7,229,231
2025-01-28 09:26:00,200,53.1,226,237
2025-01-28 09:28:00,99.2,52.2,228,233
2025-01-28 09:30:00,66.5,51.8,229,233
2025-01-28 09:32:00,101,52.1,226,234
2025-01-28 09:34:00,199,51.3,228,235
2025-01-28 09:36:00,100,50.8,226,232
2025-01-28 09:38:00,195,51.0,229,235
2025-01-28 09:40:00,99.2,50.8,228,234
2025-01-28 09:42:00,196,50.9,228,233
2025-01-28 09:44:00,201,51.3,228,232
2025-01-28 09:46:00,67.0,51.3,227,231
2025-01-28 09:48:00,100,51.5,226,234
2025-01-28 09:50:00,99.2,51.4,228,233
2025-01-28 09:52:00,100.0,51.2,227,233
2025-01-28 09:54:00,50.0,51.2,228,231
2025-01-28 09:56:00,100,51.3,228,233
2025-01-28 09:58:00,66.4,51.2,228,232
2025-01-28 10:00:00,99.7,50.8,227,235
2025-01-28 10:02:00,50.2,51.1,229,237
2025-01-28 10:04:00,100,50.8,228,235
2025-01-28 10:06:00,99.7,51.4,229,236
2025-01-28 10:08:00,198,51.2,228,233
2025-01-28 10:10:00,101,51.4,229,232
2025-01-28 10:12:00,99.4,51.3,227,232
2025-01-28 10:14:00,50.0,51.3,228,231
2025-01-28 10:16:00,50.0,51.2,227,232
2025-01-28 10:18:00,99.7,51.3,228,230
2025-01-28 10:20:00,49.8,51.3,227,232
2025-01-28 10:22:00,99.7,51.4,228,233
2025-01-28 10:24:00,50.1,51.0,228,232
2025-01-28 10:26:00,49.8,51.3,228,233
2025-01-28 10:28:00,99.0,51.4,227,234
2025-01-28 10:30:00,98.6,51.4,228,235
2025-01-28 10:32:00,99.2,51.1,229,237
2025-01-28 10:34:00,66.8,51.3,228,236
2025-01-28 10:36:00,49.9,51.3,228,235
2025-01-28 10:38:00,99.4,51.3,226,235
2025-01-28 10:40:00,50.2,51.1,228,239
2025-01-28 10:42:00,49.9,51.0,229,237
2025-01-28 10:44:00,66.6,50.9,228,236
2025-01-28 10:46:00,50.1,51.1,228,233
2025-01-28 10:48:00,99.4,51.0,227,235
2025-01-28 10:50:00,99.7,50.9,229,236
2025-01-28 10:52:00,49.9,51.0,228,237
2025-01-28 10:54:00,197,51.4,227,236
2025-01-28 10:56:00,99.4,51.4,227,234
2025-01-28 10:58:00,49.9,51.2,226,235
2025-01-28 11:00:00,50.1,51.5,228,234
2025-01-28 11:02:00,198,51.0,228,230
2025-01-28 11:04:00,99.9,51.2,229,231
2025-01-28 11:06:00,100,51.1,228,234
2025-01-28 11:08:00,100.0,51.2,227,234
2025-01-28 11:10:00,100,51.3,228,234
2025-01-28 11:12:00,99.2,51.4,229,236
2025-01-28 11:14:00,99.7,51.5,227,238
2025-01-28 11:16:00,99.7,51.6,228,234
2025-01-28 11:18:00,100,51.5,228,236
2025-01-28 11:20:00,66.7,51.5,228,235
2025-01-28 11:22:00,49.8,51.3,228,232
2025-01-28 11:24:00,7353,51.5,229,235
2025-01-28 11:26:00,196,51.7,229,235
2025-01-28 11:28:00,66.6,51.7,227,234
2025-01-28 11:30:00,49.8,51.5,228,235
2025-01-28 11:32:00,200,51.3,228,232
2025-01-28 11:34:00,101,51.7,227,233
2025-01-28 11:36:00,100,51.4,228,234
2025-01-28 11:38:00,99.2,51.5,228,232
2025-01-28 11:40:00,99.2,51.4,229,230
2025-01-28 11:42:00,100.0,51.3,228,229
2025-01-28 11:44:00,49.9,51.5,228,232
2025-01-28 11:46:00,99.4,51.6,228,229
2025-01-28 11:48:00,99.2,51.5,229,231
2025-01-28 11:50:00,100,51.3,229,230
2025-01-28 11:52:00,50.1,51.4,228,231
2025-01-28 11:54:00,99.7,51.4,228,234
2025-01-28 11:56:00,198,51.5,228,234
2025-01-28 11:58:00,49.9,50.9,228,231
2025-01-28 12:00:00,99.2,51.3,226,232
2025-01-28 12:02:00,99.4,51.1,228,235
2025-01-28 12:04:00,98.9,51.2,228,236
2025-01-28 12:06:00,49.9,51.3,227,230
2025-01-28 12:08:00,50.0,51.3,228,233
2025-01-28 12:10:00,99.7,51.4,228,235
2025-01-28 12:12:00,66.5,51.3,227,233
2025-01-28 12:14:00,50.0,51.3,226,232
2025-01-28 12:16:00,49.9,51.4,228,234
2025-01-28 12:18:00,198,51.1,229,234
2025-01-28 12:20:00,199,51.4,229,234
2025-01-28 12:22:00,99.7,51.2,227,231
2025-01-28 12:24:00,196,51.5,227,233
2025-01-28 12:26:00,196,51.4,227,232
2025-01-28 12:28:00,99.1,51.6,227,233
2025-01-28 12:30:00,98.9,51.4,229,234
2025-01-28 12:32:00,99.2,51.5,228,233
2025-01-28 12:34:00,100,51.5,228,232
2025-01-28 12:36:00,99.7,51.7,228,232
2025-01-28 12:38:00,50.0,51.5,228,234
2025-01-28 12:40:00,196,51.4,228,233
2025-01-28 12:42:00,50.1,51.3,228,230
2025-01-28 12:44:00,50.1,51.4,227,233
2025-01-28 12:46:00,50.1,51.2,228,234
2025-01-28 12:48:00,196,51.1,228,233
2025-01-28 12:50:00,198,51.2,228,232
2025-01-28 12:52:00,101,51.2,227,230
2025-01-28 12:54:00,100,51.5,228,231
2025-01-28 12:56:00,49.9,51.4,228,230
2025-01-28 12:58:00,100,51.3,228,232
2025-01-28 13:00:00,50.0,51.3,228,230
2025-01-28 13:02:00,50.1,51.5,227,233
2025-01-28 13:04:00,50.2,51.5,228,232
2025-01-28 13:06:00,50.1,51.3,228,229
2025-01-28 13:08:00,196,51.7,228,232
2025-01-28 13:10:00,66.9,51.5,228,232
2025-01-28 13:12:00,196,51.5,234,233
2025-01-28 13:14:00,199,51.3,233,232
2025-01-28 13:16:00,198,50.9,233,233
2025-01-28 13:18:00,198,50.7,233,231
2025-01-28 13:20:00,7519,50.6,231,230
2025-01-28 13:22:00,66.7,50.7,231,228
2025-01-28 13:24:00,99.4,50.8,233,229
2025-01-28 13:26:00,197,50.9,233,232
2025-01-28 13:28:00,100,50.8,232,229
2025-01-28 13:30:00,99.7,50.8,233,231
2025-01-28 13:32:00,199,51.0,233,230
2025-01-28 13:34:00,50.1,50.9,232,230
2025-01-28 13:36:00,99.7,50.9,230,230
2025-01-28 13:38:00,50.1,50.8,231,233
2025-01-28 13:40:00,200,50.8,233,232
2025-01-28 13:42:00,195,50.9,233,232
2025-01-28 13:44:00,99.7,50.6,233,230
2025-01-28 13:46:00,199,50.7,232,229
2025-01-28 13:48:00,50.1,50.8,230,230
2025-01-28 13:50:00,101,51.0,232,230
2025-01-28 13:52:00,100,51.0,232,228
2025-01-28 13:54:00,101,51.0,232,229
2025-01-28 13:56:00,199,51.1,233,231
2025-01-28 13:58:00,100,50.8,232,230
2025-01-28 14:00:00,101,50.7,232,230
2025-01-28 14:02:00,99.4,50.7,232,230
2025-01-28 14:04:00,99.7,51.0,232,230
2025-01-28 14:06:00,99.7,51.0,231,230
2025-01-28 14:08:00,199,50.6,230,226
2025-01-28 14:10:00,100,50.7,233,226
2025-01-28 14:12:00,198,50.8,232,227
2025-01-28 14:14:00,67.0,50.9,233,229
2025-01-28 14:16:00,199,50.8,232,228
2025-01-28 14:18:00,100,50.7,232,230
2025-01-28 14:20:00,100,50.8,232,233
2025-01-28 14:22:00,99.3,50.8,232,230
2025-01-28 14:24:00,101,51.0,232,230
2025-01-28 14:26:00,101,50.5,230,226
2025-01-28 14:28:00,99.7,50.6,232,227
2025-01-28 14:30:00,198,51.1,232,225
2025-01-28 14:32:00,101,51.0,233,227
2025-01-28 14:34:00,100,51.0,231,224
2025-01-28 14:36:00,66.8,51.0,231,225
2025-01-28 14:38:00,99.7,51.1,232,225
2025-01-28 14:40:00,99.7,50.8,232,229
2025-01-28 14:42:00,99.7,51.2,230,225
2025-01-28 14:44:00,100,51.1,232,226
2025-01-28 14:46:00,66.7,51.1,232,224
2025-01-28 14:48:00,66.7,51.5,232,229
2025-01-28 14:50:00,99.7,51.4,232,229
2025-01-28 14:52:00,99.2,51.5,232,230
2025-01-28 14:54:00,49.9,51.7,231,232
2025-01-28 14:56:00,100,51.6,232,230
2025-01-28 14:58:00,50.1,51.7,232,232
2025-01-28 15:00:00,198,51.6,233,231
2025-01-28 15:02:00,101,51.8,232,229
2025-01-28 15:04:00,50.0,51.6,232,227
2025-01-28 15:06:00,50.0,51.7,229,230
2025-01-28 15:08:00,99.7,51.6,231,229
2025-01-28 15:10:00,99.6,52.1,232,234
2025-01-28 15:12:00,198,51.5,232,233
2025-01-28 15:14:00,50.2,51.9,231,232
2025-01-28 15:16:00,50.0,51.9,232,231
2025-01-28 15:18:00,50.0,51.9,232,234
2025-01-28 15:20:00,50.0,51.8,232,232
2025-01-28 15:22:00,50.0,51.8,227,235
2025-01-28 15:24:00,99.4,51.8,227,235
2025-01-28 15:26:00,99.9,51.5,229,239
2025-01-28 15:28:00,197,51.5,229,237
2025-01-28 15:30:00,99.4,51.3,227,233
2025-01-28 15:32:00,99.9,51.3,227,233
2025-01-28 15:34:00,99.1,51.4,229,235
2025-01-28 15:36:00,196,51.3,228,235
2025-01-28 15:38:00,66.6,51.4,227,234
2025-01-28 15:40:00,49.9,51.7,228,231
2025-01-28 15:42:00,100,51.5,228,231
2025-01-28 15:44:00,50.1,51.5,228,232
2025-01-28 15:46:00,99.5,51.5,232,231
2025-01-28 15:48:00,66.6,51.3,232,232
2025-01-28 15:50:00,100,51.5,232,231
2025-01-28 15:52:00,49.9,51.5,230,231
2025-01-28 15:54:00,49.9,51.4,231,235
2025-01-28 15:56:00,49.9,51.1,230,234
2025-01-28 15:58:00,49.9,51.2,230,234
2025-01-28 16:00:00,50.0,51.3,232,234
2025-01-28 16:02:00,99.7,51.3,231,235
2025-01-28 16:04:00,99.7,51.2,231,234
2025-01-28 16:06:00,99.9,51.1,231,235
2025-01-28 16:08:00,99.7,51.2,232,235
2025-01-28 16:10:00,99.2,51.4,232,236
2025-01-28 16:12:00,49.9,51.2,231,234
2025-01-28 16:14:00,66.7,51.1,229,233
2025-01-28 16:16:00,197,51.2,230,232
2025-01-28 16:18:00,99.4,51.1,230,233
2025-01-28 16:20:00,99.4,51.2,229,233
2025-01-28 16:22:00,99.4,50.8,232,233
2025-01-28 16:24:00,199,51.0,232,233
2025-01-28 16:26:00,50.0,50.7,232,235
2025-01-28 16:28:00,101,50.8,232,234
2025-01-28 16:30:00,198,50.9,231,233
2025-01-28 16:32:00,49.9,50.8,232,231
2025-01-28 16:34:00,99.7,51.0,231,232
2025-01-28 16:36:00,99.2,50.7,230,234
2025-01-28 16:38:00,100,50.8,231,234
2025-01-28 16:40:00,200,50.8,231,234
2025-01-28 16:42:00,100.0,50.5,231,230
2025-01-28 16:44:00,100.0,50.8,232,235
2025-01-28 16:46:00,66.7,50.8,230,234
2025-01-28 16:48:00,66.9,50.7,231,234
2025-01-28 16:50:00,99.7,50.7,232,234
2025-01-28 16:52:00,66.6,50.8,231,231
2025-01-28 16:54:00,66.8,50.9,232,229
2025-01-28 16:56:00,100,50.9,230,233
2025-01-28 16:58:00,99.5,50.7,231,233
2025-01-28 17:00:00,99.2,50.7,232,234
2025-01-28 17:02:00,50.1,50.7,233,233
2025-01-28 17:04:00,99.5,50.7,231,233
2025-01-28 17:06:00,50.1,50.8,232,230
2025-01-28 17:08:00,50.1,50.6,232,231
2025-01-28 17:10:00,50.1,50.5,231,233
2025-01-28 17:12:00,101,50.5,232,232
2025-01-28 17:14:00,66.9,50.6,232,232
2025-01-28 17:16:00,99.9,50.7,232,232
2025-01-28 17:18:00,50.0,50.6,232,232
2025-01-28 17:20:00,99.7,50.8,227,231
2025-01-28 17:22:00,49.9,50.4,227,231
2025-01-28 17:24:00,50.0,50.3,227,234
2025-01-28 17:26:00,50.0,50.2,226,232
2025-01-28 17:28:00,50.1,50.4,227,233
2025-01-28 17:30:00,99.7,50.3,227,233
2025-01-28 17:32:00,50.0,50.4,227,234
2025-01-28 17:34:00,50.0,50.4,227,234
2025-01-28 17:36:00,50.0,50.7,227,234
2025-01-28 17:38:00,50.0,50.8,227,234
2025-01-28 17:40:00,100,50.8,227,233
2025-01-28 17:42:00,66.7,50.7,227,235
2025-01-28 17:44:00,99.4,50.5,227,237
2025-01-28 17:46:00,50.0,50.5,227,235
2025-01-28 17:48:00,198,50.5,227,235
2025-01-28 17:50:00,100,50.7,227,233
2025-01-28 17:52:00,50.0,50.7,227,234
2025-01-28 17:54:00,49.9,50.6,225,234
2025-01-28 17:56:00,50.0,50.8,227,234
2025-01-28 17:58:00,50.0,50.7,227,232
2025-01-28 18:00:00,50.0,51.0,227,237
2025-01-28 18:02:00,99.4,50.7,226,237
2025-01-28 18:04:00,50.1,50.8,227,235
2025-01-28 18:06:00,50.0,50.8,227,230
2025-01-28 18:08:00,99.9,50.8,227,234
2025-01-28 18:10:00,50.0,50.8,227,234
2025-01-28 18:12:00,50.0,50.8,226,234
2025-01-28 18:14:00,50.0,51.1,226,232
2025-01-28 18:16:00,66.9,51.1,227,232
2025-01-28 18:18:00,50.0,51.1,226,232
2025-01-28 18:20:00,66.9,51.0,228,233
2025-01-28 18:22:00,66.8,51.0,227,232
2025-01-28 18:24:00,99.7,50.9,228,233
2025-01-28 18:26:00,99.2,50.8,227,232
2025-01-28 18:28:00,199,51.0,227,232
2025-01-28 18:30:00,50.0,50.9,228,233
2025-01-28 18:32:00,50.0,51.0,226,231
2025-01-28 18:34:00,49.9,51.1,227,233
2025-01-28 18:36:00,50.1,50.8,226,235
2025-01-28 18:38:00,49.9,51.0,227,234
2025-01-28 18:40:00,99.7,51.0,228,235
2025-01-28 18:42:00,49.9,51.1,226,234
2025-01-28 18:44:00,49.9,51.2,227,232
2025-01-28 18:46:00,99.4,51.2,226,232
2025-01-28 18:48:00,49.9,51.0,227,235
2025-01-28 18:50:00,49.8,51.1,227,235
2025-01-28 18:52:00,50.1,50.9,225,235
2025-01-28 18:54:00,66.7,51.0,228,236
2025-01-28 18:56:00,66.6,51.1,227,235
2025-01-28 18:58:00,199,51.1,227,235
2025-01-28 19:00:00,49.9,51.0,226,235
2025-01-28 19:02:00,99.7,51.0,227,234
2025-01-28 19:04:00,50.0,50.8,227,235
2025-01-28 19:06:00,66.6,50.7,227,234
2025-01-28 19:08:00,99.4,50.8,227,233
2025-01-28 19:10:00,50.1,50.9,227,234
2025-01-28 19:12:00,200,50.7,231,235
2025-01-28 19:14:00,196,50.7,228,237
2025-01-28 19:16:00,196,50.9,228,237
2025-01-28 19:18:00,66.7,51.0,227,233
2025-01-28 19:20:00,50.1,50.6,227,235
2025-01-28 19:22:00,66.6,50.7,226,237
2025-01-28 19:24:00,50.0,50.7,227,235
2025-01-28 19:26:00,99.4,50.6,226,235
2025-01-28 19:28:00,198,50.6,226,235
2025-01-28 19:30:00,49.9,50.8,227,233
2025-01-28 19:32:00,50.0,50.7,227,233
2025-01-28 19:34:00,50.1,50.6,227,232
2025-01-28 19:36:00,99.4,50.6,227,233
2025-01-28 19:38:00,99.7,50.6,227,235
2025-01-28 19:40:00,50.0,50.5,228,236
2025-01-28 19:42:00,50.0,67.5,227,235
2025-01-28 19:44:00,50.0,50.4,227,233
2025-01-28 19:46:00,99.7,50.4,227,232
2025-01-28 19:48:00,50.0,50.3,227,230
2025-01-28 19:50:00,66.5,50.2,227,235
2025-01-28 19:52:00,99.4,50.3,228,236
2025-01-28 19:54:00,50.1,50.4,228,236
2025-01-28 19:56:00,66.6,50.5,227,234
2025-01-28 19:58:00,100,50.4,227,234
2025-01-28 20:00:00,50.0,50.6,227,235
2025-01-28 20:02:00,50.0,50.4,227,237
2025-01-28 20:04:00,99.9,50.4,226,236
2025-01-28 20:06:00,50.0,50.5,227,236
2025-01-28 20:08:00,99.1,50.3,228,237
2025-01-28 20:10:00,66.9,50.3,227,235
2025-01-28 20:12:00,49.9,50.2,227,234
2025-01-28 20:14:00,199,50.2,227,236
2025-01-28 20:16:00,49.9,50.2,228,235
2025-01-28 20:18:00,100,50.2,228,233
2025-01-28 20:20:00,99.2,50.1,226,236
2025-01-28 20:22:00,50.1,50.1,227,235
2025-01-28 20:24:00,66.4,50.0,227,235
2025-01-28 20:26:00,49.9,50.0,228,235
2025-01-28 20:28:00,99.7,50.2,227,235
2025-01-28 20:30:00,49.8,50.4,228,235
2025-01-28 20:32:00,100,50.3,228,233
2025-01-28 20:34:00,49.9,50.3,227,233
2025-01-28 20:36:00,50.1,50.3,227,233
2025-01-28 20:38:00,99.9,50.4,227,234
2025-01-28 20:40:00,198,50.5,227,234
2025-01-28 20:42:00,99.7,50.4,226,234
2025-01-28 20:44:00,66.6,50.4,227,234
2025-01-28 20:46:00,50.1,50.3,228,236
2025-01-28 20:48:00,99.7,50.2,227,236
2025-01-28 20:50:00,49.9,50.6,227,231
2025-01-28 20:52:00,99.4,50.3,227,230
2025-01-28 20:54:00,99.7,50.4,227,231
2025-01-28 20:56:00,99.4,50.1,227,231
2025-01-28 20:58:00,50.0,50.0,227,233
2025-01-28 21:00:00,49.8,50.3,227,235
2025-01-28 21:02:00,99.4,51.0,227,236
2025-01-28 21:04:00,99.2,50.5,227,237
2025-01-28 21:06:00,66.5,50.5,227,236
2025-01-28 21:08:00,99.2,50.3,227,237
2025-01-28 21:10:00,99.1,50.1,226,239
2025-01-28 21:12:00,99.2,50.1,226,237
2025-01-28 21:14:00,50.0,50.3,226,233
2025-01-28 21:16:00,99.2,50.4,227,233
2025-01-28 21:18:00,200,50.4,227,234
2025-01-28 21:20:00,99.7,50.1,227,235
2025-01-28 21:22:00,99.7,50.0,227,234
2025-01-28 21:24:00,199,50.2,226,237
2025-01-28 21:26:00,67.0,50.1,225,235
2025-01-28 21:28:00,49.8,50.6,227,235
2025-01-28 21:30:00,100,50.4,227,234
2025-01-28 21:32:00,66.6,50.0,227,232
2025-01-28 21:34:00,99.7,50.3,227,235
2025-01-28 21:36:00,100,50.1,226,237
2025-01-28 21:38:00,100,50.0,227,237
2025-01-28 21:40:00,99.7,50.0,227,237
2025-01-28 21:42:00,199,50.1,227,236
2025-01-28 21:44:00,66.6,50.3,225,235
2025-01-28 21:46:00,50.0,50.8,224,233
2025-01-28 21:48:00,50.1,50.3,227,235
2025-01-28 21:50:00,99.2,50.3,227,233
2025-01-28 21:52:00,99.4,50.1,227,235
2025-01-28 21:54:00,99.7,50.0,226,236
2025-01-28 21:56:00,99.7,50.0,227,240
2025-01-28 21:58:00,49.9,50.2,227,237
2025-01-28 22:00:00,50.0,50.6,227,235
2025-01-28 22:02:00,99.9,50.1,227,233
2025-01-28 22:04:00,99.1,50.2,226,234
2025-01-28 22:06:00,49.9,50.2,232,235
2025-01-28 22:08:00,50.0,50.2,227,234
2025-01-28 22:10:00,50.0,49.8,227,233
2025-01-28 22:12:00,66.6,49.9,228,230
2025-01-28 22:14:00,49.9,50.0,226,232
2025-01-28 22:16:00,50.1,50.7,227,235
2025-01-28 22:18:00,50.0,50.2,226,237
2025-01-28 22:20:00,99.7,50.1,227,236
2025-01-28 22:22:00,49.9,50.3,227,235
2025-01-28 22:24:00,50.1,51.4,227,234
2025-01-28 22:26:00,50.1,50.2,227,235
2025-01-28 22:28:00,99.2,50.8,227,235
2025-01-28 22:30:00,66.8,50.8,227,236
2025-01-28 22:32:00,49.9,50.5,228,235
2025-01-28 22:34:00,99.1,50.2,227,235
2025-01-28 22:36:00,49.9,50.8,227,235
2025-01-28 22:38:00,99.1,50.2,227,234
2025-01-28 22:40:00,50.1,49.8,225,230
2025-01-28 22:42:00,100,49.9,230,231
2025-01-28 22:44:00,50.1,49.7,229,235
2025-01-28 22:46:00,99.1,49.7,229,236
2025-01-28 22:48:00,99.7,49.9,228,233
2025-01-28 22:50:00,49.9,49.9,230,232
2025-01-28 22:52:00,66.7,50.2,230,230
2025-01-28 22:54:00,66.8,49.9,228,233
2025-01-28 22:56:00,66.9,50.0,228,232
2025-01-28 22:58:00,99.4,50.3,230,232
2025-01-28 23:00:00,99.1,50.5,230,233
2025-01-28 23:02:00,100,50.5,228,233
2025-01-28 23:04:00,50.0,50.7,230,232
2025-01-28 23:06:00,50.0,50.6,230,234
2025-01-28 23:08:00,99.4,50.6,230,235
2025-01-28 23:10:00,99.1,50.1,230,235
2025-01-28 23:12:00,100.0,51.1,230,234
2025-01-28 23:14:00,50.0,51.2,230,238
2025-01-28 23:16:00,100,51.0,230,240
2025-01-28 23:18:00,50.0,51.7,230,238
2025-01-28 23:20:00,50.0,51.7,231,238
2025-01-28 23:22:00,50.0,51.1,231,235
2025-01-28 23:24:00,50.0,50.9,231,236
2025-01-28 23:26:00,101,50.8,231,237
2025-01-28 23:28:00,50.0,50.7,231,239
2025-01-28 23:30:00,50.1,51.0,230,239
2025-01-28 23:32:00,99.4,51.0,230,238
2025-01-28 23:34:00,99.2,51.1,231,242
2025-01-28 23:36:00,50.0,51.4,231,239
2025-01-28 23:38:00,50.0,51.8,230,240
2025-01-28 23:40:00,66.5,51.8,231,239
2025-01-28 23:42:00,100.0,51.8,229,238
2025-01-28 23:44:00,99.7,51.1,230,240
2025-01-28 23:46:00,99.4,56.1,231,241
2025-01-28 23:48:00,66.9,49.7,230,242
2025-01-28 23:50:00,50.1,50.5,229,239
2025-01-28 23:52:00,50.0,56.0,229,241
2025-01-28 23:54:00,50.0,49.9,230,239
2025-01-28 23:56:00,50.0,51.1,230,239
2025-01-28 23:58:00,100,51.0,230,237