"Time","Frequency 3E2F4FD3 (Ch Cbca Bethesda Ndosho - laboratoire)","Frequency C30F2E03 (Ch Cbca Bethesda Ndosho - clinique)","Voltage 3E2F4FD3 (Ch Cbca Bethesda Ndosho - laboratoire)","Voltage C30F2E03 (Ch Cbca Bethesda Ndosho - clinique)"
2025-01-15 00:00:00,99.4,50.3,227,205
2025-01-15 00:02:00,199,50.3,226,206
2025-01-15 00:04:00,50.0,50.4,225,205
2025-01-15 00:06:00,99.7,50.2,226,207
2025-01-15 00:08:00,49.9,49.6,226,206
2025-01-15 00:10:00,99.4,49.6,225,206
2025-01-15 00:12:00,99.4,50.6,226,206
2025-01-15 00:14:00,50.0,50,225,204
2025-01-15 00:16:00,100,49.8,225,206
2025-01-15 00:18:00,100,50.5,226,208
2025-01-15 00:20:00,99.4,50.1,225,207
2025-01-15 00:22:00,50.1,50.0,227,207
2025-01-15 00:24:00,50.1,50.7,228,209
2025-01-15 00:26:00,100,50.2,225,207
2025-01-15 00:28:00,100.0,50.9,225,209
2025-01-15 00:30:00,50.0,50.1,226,208
2025-01-15 00:32:00,99.2,50.2,225,206
2025-01-15 00:34:00,66.7,50.2,226,207
2025-01-15 00:36:00,50.0,50.5,227,208
2025-01-15 00:38:00,99.7,50.5,226,207
2025-01-15 00:40:00,100,50.5,226,210
2025-01-15 00:42:00,50.0,50.9,226,212
2025-01-15 00:44:00,100,50.6,226,211
2025-01-15 00:46:00,50.0,50.3,226,213
2025-01-15 00:48:00,99.3,50.4,227,214
2025-01-15 00:50:00,99.4,50.2,225,214
2025-01-15 00:52:00,99.6,50.0,226,213
2025-01-15 00:54:00,50,49.8,225,212
2025-01-15 00:56:00,50.1,50.0,225,211
2025-01-15 00:58:00,101,49.7,226,211
2025-01-15 01:00:00,100,49.8,226,211
2025-01-15 01:02:00,50.1,50.0,225,211
2025-01-15 01:04:00,66.8,50.1,225,212
2025-01-15 01:06:00,50.0,50.0,226,211
2025-01-15 01:08:00,100,50.0,227,212
2025-01-15 01:10:00,100,50.0,227,213
2025-01-15 01:12:00,50.1,49.9,225,214
2025-01-15 01:14:00,100,49.8,227,213
2025-01-15 01:16:00,50.1,50.1,225,214
2025-01-15 01:18:00,50.0,50.2,227,214
2025-01-15 01:20:00,66.8,49.9,225,214
2025-01-15 01:22:00,66.7,50.1,226,215
2025-01-15 01:24:00,50.0,50.0,225,214
2025-01-15 01:26:00,99.4,49.6,226,213
2025-01-15 01:28:00,66.9,49.9,226,212
2025-01-15 01:30:00,66.8,50.1,226,214
2025-01-15 01:32:00,66.7,50.0,226,215
2025-01-15 01:34:00,49.9,50.0,225,214
2025-01-15 01:36:00,50.0,50.3,226,216
2025-01-15 01:38:00,49.9,49.7,226,213
2025-01-15 01:40:00,99.2,49.8,227,215
2025-01-15 01:42:00,66.7,50.1,227,214
2025-01-15 01:44:00,66.9,50.2,226,213
2025-01-15 01:46:00,50.0,49.8,226,214
2025-01-15 01:48:00,99.4,50.5,226,214
2025-01-15 01:50:00,49.9,49.9,226,214
2025-01-15 01:52:00,50.0,50.0,226,213
2025-01-15 01:54:00,50.0,49.8,226,215
2025-01-15 01:56:00,50.0,50.2,226,213
2025-01-15 01:58:00,99.2,50.5,227,214
2025-01-15 02:00:00,50.0,50.1,228,216
2025-01-15 02:02:00,99.7,49.9,228,213
2025-01-15 02:04:00,100,50.2,227,214
2025-01-15 02:06:00,99.5,49.7,227,212
2025-01-15 02:08:00,100,49.9,227,214
2025-01-15 02:10:00,99.1,50,227,215
2025-01-15 02:12:00,99.4,49.7,228,211
2025-01-15 02:14:00,197,49.8,228,213
2025-01-15 02:16:00,66.5,50.0,226,213
2025-01-15 02:18:00,66.6,50.0,226,213
2025-01-15 02:20:00,100,49.6,226,212
2025-01-15 02:22:00,99.7,50.0,227,215
2025-01-15 02:24:00,99.2,50.2,227,215
2025-01-15 02:26:00,198,50.4,227,217
2025-01-15 02:28:00,99.4,49.7,227,215
2025-01-15 02:30:00,66.5,49.8,226,215
2025-01-15 02:32:00,66.7,50.3,226,216
2025-01-15 02:34:00,50.0,50.1,226,216
2025-01-15 02:36:00,99.4,50.1,227,217
2025-01-15 02:38:00,99.4,50.0,225,217
2025-01-15 02:40:00,66.9,49.9,226,216
2025-01-15 02:42:00,100,49.9,225,217
2025-01-15 02:44:00,100,50.1,225,218
2025-01-15 02:46:00,100,50.1,226,218
2025-01-15 02:48:00,49.9,49.9,226,216
2025-01-15 02:50:00,99.4,50,227,217
2025-01-15 02:52:00,66.7,50.0,226,215
2025-01-15 02:54:00,99.7,49.9,226,215
2025-01-15 02:56:00,99.4,50,225,216
2025-01-15 02:58:00,100,50.1,226,215
2025-01-15 03:00:00,197,50.3,225,214
2025-01-15 03:02:00,50.1,50,227,213
2025-01-15 03:04:00,99.4,49.9,225,212
2025-01-15 03:06:00,66.9,50.0,227,215
2025-01-15 03:08:00,99.4,50,227,216
2025-01-15 03:10:00,196,50.0,226,216
2025-01-15 03:12:00,50.0,50.1,226,219
2025-01-15 03:14:00,99.4,50.0,227,217
2025-01-15 03:16:00,101,49.9,226,218
2025-01-15 03:18:00,101,50.1,226,217
2025-01-15 03:20:00,101,50.1,227,218
2025-01-15 03:22:00,196,49.9,226,215
2025-01-15 03:24:00,100,50.2,227,217
2025-01-15 03:26:00,99.4,50.1,226,218
2025-01-15 03:28:00,99.4,50.2,225,216
2025-01-15 03:30:00,67.0,50.1,226,218
2025-01-15 03:32:00,99.2,50.0,225,218
2025-01-15 03:34:00,99.4,50.1,228,217
2025-01-15 03:36:00,50.1,50.2,226,218
2025-01-15 03:38:00,99.4,50.1,227,216
2025-01-15 03:40:00,99.4,50.2,225,218
2025-01-15 03:42:00,49.9,50.0,227,216
2025-01-15 03:44:00,99.6,50.3,227,218
2025-01-15 03:46:00,49.9,50.3,227,219
2025-01-15 03:48:00,50.1,50.1,226,219
2025-01-15 03:50:00,50.0,49.9,227,215
2025-01-15 03:52:00,49.9,50.0,226,217
2025-01-15 03:54:00,99.4,50.1,226,217
2025-01-15 03:56:00,99.4,49.7,226,216
2025-01-15 03:58:00,49.9,50.0,225,217
2025-01-15 04:00:00,197,50.2,226,218
2025-01-15 04:02:00,50.1,50.0,227,218
2025-01-15 04:04:00,99.4,50.1,225,217
2025-01-15 04:06:00,197,50,225,218
2025-01-15 04:08:00,49.9,50.1,227,218
2025-01-15 04:10:00,99.1,50.1,225,217
2025-01-15 04:12:00,198,50.2,226,219
2025-01-15 04:14:00,49.9,49.9,227,219
2025-01-15 04:16:00,49.8,50.2,226,217
2025-01-15 04:18:00,101,50.1,226,216
2025-01-15 04:20:00,66.7,50.2,226,216
2025-01-15 04:22:00,100.0,49.8,225,216
2025-01-15 04:24:00,99.7,50.1,226,216
2025-01-15 04:26:00,66.8,50.3,226,216
2025-01-15 04:28:00,50.0,50.1,227,217
2025-01-15 04:30:00,100,49.8,226,217
2025-01-15 04:32:00,50.0,50.1,227,216
2025-01-15 04:34:00,100,50.2,226,216
2025-01-15 04:36:00,99.9,66.7,227,219
2025-01-15 04:38:00,99.7,49.9,225,217
2025-01-15 04:40:00,100.0,50.2,225,217
2025-01-15 04:42:00,99.2,49.8,226,217
2025-01-15 04:44:00,99.9,50.1,226,215
2025-01-15 04:46:00,99.1,50.1,226,216
2025-01-15 04:48:00,50.1,49.9,225,213
2025-01-15 04:50:00,50.1,50.1,226,216
2025-01-15 04:52:00,50.1,50.0,226,214
2025-01-15 04:54:00,49.9,49.9,226,215
2025-01-15 04:56:00,49.8,50.1,226,216
2025-01-15 04:58:00,100,50.1,227,216
2025-01-15 05:00:00,99.4,50.1,227,216
2025-01-15 05:02:00,100,50.2,227,217
2025-01-15 05:04:00,99.6,49.9,226,215
2025-01-15 05:06:00,50.1,50.1,227,216
2025-01-15 05:08:00,50.1,49.9,226,216
2025-01-15 05:10:00,66.8,50.0,227,215
2025-01-15 05:12:00,50.0,49.9,225,211
2025-01-15 05:14:00,99.4,50.1,226,212
2025-01-15 05:16:00,66.6,49.9,227,212
2025-01-15 05:18:00,50.0,49.9,226,213
2025-01-15 05:20:00,50.1,50.0,227,213
2025-01-15 05:22:00,100,49.8,226,212
2025-01-15 05:24:00,99.7,49.8,226,212
2025-01-15 05:26:00,99.4,49.8,226,213
2025-01-15 05:28:00,50.0,49.9,226,211
2025-01-15 05:30:00,99.1,49.9,227,212
2025-01-15 05:32:00,50.0,49.8,227,211
2025-01-15 05:34:00,50.0,49.7,226,209
2025-01-15 05:36:00,50.0,49.5,226,207
2025-01-15 05:38:00,99.4,49.5,227,210
2025-01-15 05:40:00,50.0,49.8,225,208
2025-01-15 05:42:00,66.8,49.9,226,205
2025-01-15 05:44:00,50.0,49.6,226,206
2025-01-15 05:46:00,66.4,49.9,226,205
2025-01-15 05:48:00,99.2,49.4,227,204
2025-01-15 05:50:00,50.1,49.7,226,206
2025-01-15 05:52:00,50.0,50.0,226,207
2025-01-15 05:54:00,99.2,49.8,227,203
2025-01-15 05:56:00,50.0,49.4,226,200
2025-01-15 05:58:00,50.1,49.6,226,199
2025-01-15 06:00:00,50.2,49.5,226,202
2025-01-15 06:02:00,66.5,49.6,227,208
2025-01-15 06:04:00,99.4,49.6,226,202
2025-01-15 06:06:00,50.1,49.7,227,200
2025-01-15 06:08:00,50.0,49.6,227,190
2025-01-15 06:10:00,49.9,49.3,227,187
2025-01-15 06:12:00,50.0,49.4,226,194
2025-01-15 06:14:00,50.1,49.8,227,195
2025-01-15 06:16:00,99.2,49.4,225,193
2025-01-15 06:18:00,66.6,49.3,226,189
2025-01-15 06:20:00,200,49.4,226,189
2025-01-15 06:22:00,100.0,50.1,226,190
2025-01-15 06:24:00,100,49.7,225,193
2025-01-15 06:26:00,100,49.9,226,188
2025-01-15 06:28:00,50.1,49.8,227,190
2025-01-15 06:30:00,100,49.6,225,195
2025-01-15 06:32:00,50.0,49.9,225,192
2025-01-15 06:34:00,66.7,49.6,226,184
2025-01-15 06:36:00,50.1,49.7,225,193
2025-01-15 06:38:00,100,49.7,226,190
2025-01-15 06:40:00,99.4,49.5,227,196
2025-01-15 06:42:00,50.0,49.7,224,197
2025-01-15 06:44:00,100,49.5,226,196
2025-01-15 06:46:00,66.8,49.7,226,198
2025-01-15 06:48:00,100,49.6,225,198
2025-01-15 06:50:00,49.9,49.7,226,204
2025-01-15 06:52:00,49.9,49.7,225,204
2025-01-15 06:54:00,66.9,49.8,226,199
2025-01-15 06:56:00,66.7,49.5,227,201
2025-01-15 06:58:00,100,49.7,226,205
2025-01-15 07:00:00,50.0,49.5,226,205
2025-01-15 07:02:00,50,49.7,227,199
2025-01-15 07:04:00,99.1,50.0,225,193
2025-01-15 07:06:00,49.9,49.5,226,199
2025-01-15 07:08:00,99.3,49.8,226,198
2025-01-15 07:10:00,100,49.7,227,200
2025-01-15 07:12:00,99.5,49.7,225,202
2025-01-15 07:14:00,50.1,49.7,227,201
2025-01-15 07:16:00,100,49.7,226,203
2025-01-15 07:18:00,67.0,49.8,226,208
2025-01-15 07:20:00,100,49.8,226,206
2025-01-15 07:22:00,99.2,49.8,226,200
2025-01-15 07:24:00,99.7,49.7,226,197
2025-01-15 07:26:00,99.4,49.8,227,201
2025-01-15 07:28:00,99.4,49.9,227,203
2025-01-15 07:30:00,66.3,49.9,226,204
2025-01-15 07:32:00,50.1,49.7,226,204
2025-01-15 07:34:00,100,49.6,226,207
2025-01-15 07:36:00,99.6,49.6,226,209
2025-01-15 07:38:00,99.2,49.6,231,207
2025-01-15 07:40:00,66.8,49.5,231,207
2025-01-15 07:42:00,100,49.9,229,199
2025-01-15 07:44:00,199,49.6,230,196
2025-01-15 07:46:00,99.1,49.8,229,202
2025-01-15 07:48:00,99.4,49.4,229,198
2025-01-15 07:50:00,66.7,49.6,230,202
2025-01-15 07:52:00,99.4,49.4,230,202
2025-01-15 07:54:00,66.9,49.7,230,200
2025-01-15 07:56:00,99.2,50.0,229,201
2025-01-15 07:58:00,100,49.8,229,196
2025-01-15 08:00:00,99.1,49.8,230,194
2025-01-15 08:02:00,99.4,49.6,230,190
2025-01-15 08:04:00,66.9,49.7,229,188
2025-01-15 08:06:00,99.2,49.5,229,191
2025-01-15 08:08:00,66.8,49.8,230,192
2025-01-15 08:10:00,99.4,49.4,229,188
2025-01-15 08:12:00,66.8,49.6,230,196
2025-01-15 08:14:00,99.2,49.6,230,196
2025-01-15 08:16:00,99.4,49.3,230,192
2025-01-15 08:18:00,100,49.8,230,192
2025-01-15 08:20:00,66.9,49.7,226,190
2025-01-15 08:22:00,99.4,49.7,226,188
2025-01-15 08:24:00,100,49.9,227,185
2025-01-15 08:26:00,100,49.5,226,182
2025-01-15 08:28:00,50.0,49.8,227,181
2025-01-15 08:30:00,99.4,49.6,226,185
2025-01-15 08:32:00,198,49.4,225,186
2025-01-15 08:34:00,99.3,49.4,227,185
2025-01-15 08:36:00,99.7,49.3,227,186
2025-01-15 08:38:00,66.4,49.4,227,185
2025-01-15 08:40:00,101,49.3,226,188
2025-01-15 08:42:00,50.0,49.5,226,181
2025-01-15 08:44:00,98.9,49.4,226,186
2025-01-15 08:46:00,100,49.3,226,185
2025-01-15 08:48:00,99.2,49.5,227,186
2025-01-15 08:50:00,50.0,49.6,226,180
2025-01-15 08:52:00,50.1,49.4,226,180
2025-01-15 08:54:00,99.7,49.6,225,182
2025-01-15 08:56:00,99.9,49.5,227,175
2025-01-15 08:58:00,99.7,49.6,226,178
2025-01-15 09:00:00,99.9,49.5,227,168
2025-01-15 09:02:00,100.0,49.5,226,179
2025-01-15 09:04:00,49.9,49.4,226,182
2025-01-15 09:06:00,50.0,49.3,227,182
2025-01-15 09:08:00,100,49.4,225,186
2025-01-15 09:10:00,100,49.9,227,187
2025-01-15 09:12:00,49.9,49.5,227,173
2025-01-15 09:14:00,199,49.8,227,175
2025-01-15 09:16:00,66.5,49.6,226,176
2025-01-15 09:18:00,99.9,49.7,226,176
2025-01-15 09:20:00,100,49.5,226,175
2025-01-15 09:22:00,66.7,49.3,226,175
2025-01-15 09:24:00,50.0,49.6,226,171
2025-01-15 09:26:00,50.0,49.3,228,172
2025-01-15 09:28:00,99.1,49.5,227,169
2025-01-15 09:30:00,50.0,49.4,226,164
2025-01-15 09:32:00,50.0,49.7,226,185
2025-01-15 09:34:00,50.0,49.3,226,183
2025-01-15 09:36:00,50.0,49.4,226,181
2025-01-15 09:38:00,99.4,49.3,227,183
2025-01-15 09:40:00,100,49.5,226,187
2025-01-15 09:42:00,50.0,49.4,227,182
2025-01-15 09:44:00,195,49.8,226,181
2025-01-15 09:46:00,50.1,49.2,225,178
2025-01-15 09:48:00,99.2,49.4,227,177
2025-01-15 09:50:00,49.9,49.2,226,183
2025-01-15 09:52:00,99.2,49.6,225,179
2025-01-15 09:54:00,100,49.4,226,178
2025-01-15 09:56:00,99.4,49.2,226,173
2025-01-15 09:58:00,101,49.3,226,175
2025-01-15 10:00:00,50.0,49.5,225,182
2025-01-15 10:02:00,67.0,49.7,225,182
2025-01-15 10:04:00,50.1,49.1,225,178
2025-01-15 10:06:00,49.9,49.5,226,176
2025-01-15 10:08:00,99.4,49.2,226,178
2025-01-15 10:10:00,50.1,49.6,225,177
2025-01-15 10:12:00,99.3,49.8,225,183
2025-01-15 10:14:00,99.2,49.5,226,182
2025-01-15 10:16:00,50.0,49.2,226,180
2025-01-15 10:18:00,66.9,49.3,226,184
2025-01-15 10:20:00,50.1,49.3,227,175
2025-01-15 10:22:00,99.4,49.6,227,171
2025-01-15 10:24:00,100,49.6,226,179
2025-01-15 10:26:00,49.9,49.2,226,177
2025-01-15 10:28:00,66.8,49.4,225,181
2025-01-15 10:30:00,100.0,49.4,226,174
2025-01-15 10:32:00,50.1,49.4,226,179
2025-01-15 10:34:00,99.2,49.6,226,177
2025-01-15 10:36:00,99.2,49.9,226,173
2025-01-15 10:38:00,49.9,49.2,226,178
2025-01-15 10:40:00,99.4,49.3,226,169
2025-01-15 10:42:00,50.0,49.4,227,170
2025-01-15 10:44:00,99.6,49.2,226,176
2025-01-15 10:46:00,66.9,49.5,226,174
2025-01-15 10:48:00,100,49.7,231,172
2025-01-15 10:50:00,50.1,49.4,226,170
2025-01-15 10:52:00,50.1,49.7,226,175
2025-01-15 10:54:00,49.9,49.6,230,176
2025-01-15 10:56:00,49.8,49.4,225,171
2025-01-15 10:58:00,100,49.6,226,172
2025-01-15 11:00:00,50.1,49.4,231,170
2025-01-15 11:02:00,99.1,49.4,226,173
2025-01-15 11:04:00,66.6,49.7,225,166
2025-01-15 11:06:00,50.0,49.7,231,161
2025-01-15 11:08:00,99.4,49.3,230,160
2025-01-15 11:10:00,99.4,49.7,230,173
2025-01-15 11:12:00,49.9,49.4,229,177
2025-01-15 11:14:00,66.7,49.5,230,169
2025-01-15 11:16:00,99.2,49.5,229,167
2025-01-15 11:18:00,66.9,49.5,230,170
2025-01-15 11:20:00,66.9,49.3,229,161
2025-01-15 11:22:00,99.4,49.2,229,168
2025-01-15 11:24:00,197,49.3,229,163
2025-01-15 11:26:00,100,49.2,230,178
2025-01-15 11:28:00,100,49.3,229,174
2025-01-15 11:30:00,66.8,49.0,230,170
2025-01-15 11:32:00,99.1,49.7,231,170
2025-01-15 11:34:00,50.1,49.7,229,173
2025-01-15 11:36:00,100,49.5,231,176
2025-01-15 11:38:00,66.6,49.3,230,162
2025-01-15 11:40:00,99.2,49.6,229,165
2025-01-15 11:42:00,99.4,49.5,230,173
2025-01-15 11:44:00,66.9,49.5,229,179
2025-01-15 11:46:00,99.4,49.6,229,175
2025-01-15 11:48:00,99.7,49.3,229,174
2025-01-15 11:50:00,66.3,49.4,229,178
2025-01-15 11:52:00,99.2,49.4,229,171
2025-01-15 11:54:00,66.8,49.1,231,172
2025-01-15 11:56:00,99.2,49.3,229,169
2025-01-15 11:58:00,99.7,49.2,231,167
2025-01-15 12:00:00,50.1,49.4,229,172
2025-01-15 12:02:00,66.9,49.2,229,172
2025-01-15 12:04:00,49.9,49.4,230,173
2025-01-15 12:06:00,50.1,49.7,230,173
2025-01-15 12:08:00,66.8,49.3,230,164
2025-01-15 12:10:00,50.1,49.2,229,172
2025-01-15 12:12:00,99.4,49.4,229,171
2025-01-15 12:14:00,198,49.8,231,177
2025-01-15 12:16:00,99.4,49.5,231,179
2025-01-15 12:18:00,66.8,49.4,230,179
2025-01-15 12:20:00,66.8,49.3,231,173
2025-01-15 12:22:00,100,49.5,229,170
2025-01-15 12:24:00,99.4,49.5,231,172
2025-01-15 12:26:00,50.1,49.8,230,177
2025-01-15 12:28:00,50.1,49.7,229,173
2025-01-15 12:30:00,49.9,49.4,229,180
2025-01-15 12:32:00,49.8,49.6,229,180
2025-01-15 12:34:00,50.1,49.2,229,168
2025-01-15 12:36:00,50.2,49.4,229,177
2025-01-15 12:38:00,49.9,49.7,229,180
2025-01-15 12:40:00,66.4,49.5,229,177
2025-01-15 12:42:00,99.4,49.6,229,174
2025-01-15 12:44:00,49.9,49.5,230,176
2025-01-15 12:46:00,99.2,49.7,232,180
2025-01-15 12:48:00,99.4,49.6,229,172
2025-01-15 12:50:00,101,49.6,231,180
2025-01-15 12:52:00,50.0,49.4,229,180
2025-01-15 12:54:00,66.7,49.6,232,177
2025-01-15 12:56:00,50.0,49.8,231,178
2025-01-15 12:58:00,49.9,49.3,229,173
2025-01-15 13:00:00,100,49.5,229,166
2025-01-15 13:02:00,66.7,49.4,229,169
2025-01-15 13:04:00,100,49.6,229,165
2025-01-15 13:06:00,50.0,49.2,231,164
2025-01-15 13:08:00,66.7,49.5,231,174
2025-01-15 13:10:00,50.0,49.6,229,169
2025-01-15 13:12:00,50.0,49.4,230,176
2025-01-15 13:14:00,99.1,49.5,231,173
2025-01-15 13:16:00,99.4,49.7,230,169
2025-01-15 13:18:00,50.0,49.6,229,167
2025-01-15 13:20:00,99.4,49.4,229,171
2025-01-15 13:22:00,50.2,49.3,230,167
2025-01-15 13:24:00,99.2,49.4,231,170
2025-01-15 13:26:00,67.0,49.5,230,178
2025-01-15 13:28:00,99.7,49.3,231,175
2025-01-15 13:30:00,99.4,49.6,229,179
2025-01-15 13:32:00,99.1,49.4,231,178
2025-01-15 13:34:00,99.4,49.3,230,175
2025-01-15 13:36:00,50,49.7,230,176
2025-01-15 13:38:00,50.0,49.3,230,185
2025-01-15 13:40:00,50.1,49.5,230,177
2025-01-15 13:42:00,100,49.3,230,178
2025-01-15 13:44:00,99.2,49.4,229,171
2025-01-15 13:46:00,66.6,49.3,230,175
2025-01-15 13:48:00,99.4,49.8,230,177
2025-01-15 13:50:00,50.0,49.5,229,178
2025-01-15 13:52:00,50.1,49.3,229,180
2025-01-15 13:54:00,100,49.2,230,183
2025-01-15 13:56:00,100,49.5,229,183
2025-01-15 13:58:00,100,49.5,229,181
2025-01-15 14:00:00,200,49.3,229,179
2025-01-15 14:02:00,99.2,49.4,231,174
2025-01-15 14:04:00,99.4,49.2,230,173
2025-01-15 14:06:00,50.1,49.6,231,174
2025-01-15 14:08:00,66.8,49.6,229,181
2025-01-15 14:10:00,99.4,49.4,230,179
2025-01-15 14:12:00,99.1,49.3,228,173
2025-01-15 14:14:00,99.4,49.6,231,176
2025-01-15 14:16:00,66.8,49.5,229,176
2025-01-15 14:18:00,49.9,49.2,229,169
2025-01-15 14:20:00,50.1,49.2,229,168
2025-01-15 14:22:00,66.7,49.4,229,169
2025-01-15 14:24:00,66.7,49.2,228,167
2025-01-15 14:26:00,66.5,49.1,229,170
2025-01-15 14:28:00,50.0,49.3,229,173
2025-01-15 14:30:00,99.2,48.9,229,174
2025-01-15 14:32:00,100,49.4,229,176
2025-01-15 14:34:00,49.9,49.1,230,174
2025-01-15 14:36:00,50.0,49.6,229,176
2025-01-15 14:38:00,49.9,49.6,229,175
2025-01-15 14:40:00,99.4,49.4,229,169
2025-01-15 14:42:00,49.9,49.3,229,168
2025-01-15 14:44:00,99.4,49.3,230,163
2025-01-15 14:46:00,100,49.1,229,164
2025-01-15 14:48:00,99.7,49.0,231,166
2025-01-15 14:50:00,49.9,49.2,229,172
2025-01-15 14:52:00,99.3,49.2,231,166
2025-01-15 14:54:00,50.1,49.3,229,173
2025-01-15 14:56:00,50.0,49.3,230,174
2025-01-15 14:58:00,50.1,49.3,229,176
2025-01-15 15:00:00,99.4,49.0,231,173
2025-01-15 15:02:00,66.6,49.2,231,173
2025-01-15 15:04:00,99.4,49.5,231,177
2025-01-15 15:06:00,100,49.6,229,178
2025-01-15 15:08:00,99.9,49.5,225,180
2025-01-15 15:10:00,50.0,49.1,227,179
2025-01-15 15:12:00,100,49.7,226,168
2025-01-15 15:14:00,66.8,49.3,229,176
2025-01-15 15:16:00,99.2,49.1,229,170
2025-01-15 15:18:00,50.0,49.6,229,172
2025-01-15 15:20:00,100,49.3,230,172
2025-01-15 15:22:00,50.1,49.4,229,168
2025-01-15 15:24:00,49.9,49.5,230,167
2025-01-15 15:26:00,50.0,49.3,229,173
2025-01-15 15:28:00,99.7,49.3,230,174
2025-01-15 15:30:00,66.5,49.1,230,173
2025-01-15 15:32:00,66.5,49.2,229,168
2025-01-15 15:34:00,100,49.7,230,175
2025-01-15 15:36:00,49.9,49.6,230,171
2025-01-15 15:38:00,99.1,49.1,232,165
2025-01-15 15:40:00,100,49.3,230,170
2025-01-15 15:42:00,50.1,49.0,231,170
2025-01-15 15:44:00,50.1,49.5,229,169
2025-01-15 15:46:00,100,49.4,230,169
2025-01-15 15:48:00,99.1,49.3,227,174
2025-01-15 15:50:00,50.1,49.3,228,174
2025-01-15 15:52:00,100,49.4,225,177
2025-01-15 15:54:00,66.8,49.5,226,178
2025-01-15 15:56:00,50.1,49.3,225,172
2025-01-15 15:58:00,99.4,49.4,226,173
2025-01-15 16:00:00,50.0,49.1,226,172
2025-01-15 16:02:00,99.4,49.2,226,177
2025-01-15 16:04:00,50.0,49.2,226,171
2025-01-15 16:06:00,66.4,49.4,227,173
2025-01-15 16:08:00,50.0,49.4,225,173
2025-01-15 16:10:00,100,49.3,226,172
2025-01-15 16:12:00,50.1,49.4,225,171
2025-01-15 16:14:00,101,49.4,226,172
2025-01-15 16:16:00,50.0,49.1,227,170
2025-01-15 16:18:00,50.1,49.4,227,175
2025-01-15 16:20:00,66.9,49.6,230,170
2025-01-15 16:22:00,99.4,49.3,227,169
2025-01-15 16:24:00,66.5,49.1,230,170
2025-01-15 16:26:00,50.0,49.4,228,169
2025-01-15 16:28:00,99.2,49.4,230,168
2025-01-15 16:30:00,99.4,49.3,227,164
2025-01-15 16:32:00,49.9,49.6,225,170
2025-01-15 16:34:00,49.8,49.2,225,166
2025-01-15 16:36:00,66.8,49.1,226,164
2025-01-15 16:38:00,99.6,49.3,227,170
2025-01-15 16:40:00,50.0,49.3,227,172
2025-01-15 16:42:00,100,49.2,227,172
2025-01-15 16:44:00,50.0,49.5,225,171
2025-01-15 16:46:00,50.1,49.4,227,174
2025-01-15 16:48:00,50.0,49.1,226,176
2025-01-15 16:50:00,99.4,49.3,226,174
2025-01-15 16:52:00,100,49.3,226,173
2025-01-15 16:54:00,99.4,49.2,230,169
2025-01-15 16:56:00,50.0,49.2,226,173
2025-01-15 16:58:00,99.1,49.5,231,177
2025-01-15 17:00:00,50.0,49.2,226,175
2025-01-15 17:02:00,49.9,49.6,226,180
2025-01-15 17:04:00,49.9,49.4,226,181
2025-01-15 17:06:00,99.1,49.8,227,177
2025-01-15 17:08:00,49.9,49.6,227,179
2025-01-15 17:10:00,50.0,49.4,225,176
2025-01-15 17:12:00,101,49.2,226,171
2025-01-15 17:14:00,99.2,49.6,226,173
2025-01-15 17:16:00,99.2,49.6,225,173
2025-01-15 17:18:00,66.8,49.2,226,175
2025-01-15 17:20:00,100,49.4,230,171
2025-01-15 17:22:00,99.4,49.6,225,169
2025-01-15 17:24:00,99.4,49.4,230,167
2025-01-15 17:26:00,50.0,49.4,225,174
2025-01-15 17:28:00,100,49.7,226,175
2025-01-15 17:30:00,49.9,49.5,225,176
2025-01-15 17:32:00,50.0,49.2,224,170
2025-01-15 17:34:00,99.4,49.2,226,176
2025-01-15 17:36:00,197,49.5,227,172
2025-01-15 17:38:00,99.4,49.6,226,180
2025-01-15 17:40:00,50.0,49.3,226,173
2025-01-15 17:42:00,196,49.2,225,162
2025-01-15 17:44:00,100,49.4,227,161
2025-01-15 17:46:00,99.4,49.5,230,172
2025-01-15 17:48:00,50.0,49.9,226,171
2025-01-15 17:50:00,100,50.1,228,176
2025-01-15 17:52:00,99.9,50.0,226,175
2025-01-15 17:54:00,66.5,49.5,225,171
2025-01-15 17:56:00,49.9,49.6,225,175
2025-01-15 17:58:00,99.4,49.6,227,176
2025-01-15 18:00:00,99.4,49.8,227,178
2025-01-15 18:02:00,99.4,49.9,226,180
2025-01-15 18:04:00,49.9,49.9,231,179
2025-01-15 18:06:00,50.0,49.7,227,178
2025-01-15 18:08:00,50.0,50.0,230,179
2025-01-15 18:10:00,99.4,49.8,226,178
2025-01-15 18:12:00,99.4,49.7,229,166
2025-01-15 18:14:00,99.2,49.7,226,175
2025-01-15 18:16:00,100,49.8,226,170
2025-01-15 18:18:00,49.9,49.7,226,168
2025-01-15 18:20:00,66.9,49.6,226,168
2025-01-15 18:22:00,99.4,49.9,225,169
2025-01-15 18:24:00,99.7,49.9,226,169
2025-01-15 18:26:00,50.2,49.9,230,169
2025-01-15 18:28:00,100,49.5,226,167
2025-01-15 18:30:00,198,49.3,230,166
2025-01-15 18:32:00,100,49.4,225,166
2025-01-15 18:34:00,66.7,49.5,226,164
2025-01-15 18:36:00,198,49.6,226,159
2025-01-15 18:38:00,101,49.5,226,159
2025-01-15 18:40:00,99.2,49.3,226,150
2025-01-15 18:42:00,50.0,49.3,226,158
2025-01-15 18:44:00,50.0,49.4,226,160
2025-01-15 18:46:00,50.2,49.6,226,158
2025-01-15 18:48:00,100,49.5,230,153
2025-01-15 18:50:00,100,49.9,226,160
2025-01-15 18:52:00,101,49.6,226,160
2025-01-15 18:54:00,50.0,49.2,225,158
2025-01-15 18:56:00,49.9,49.2,226,161
2025-01-15 18:58:00,66.5,49.4,226,157
2025-01-15 19:00:00,50.0,49.3,226,161
2025-01-15 19:02:00,66.6,49.3,225,159
2025-01-15 19:04:00,99.6,49.4,227,157
2025-01-15 19:06:00,50.0,49.1,230,157
2025-01-15 19:08:00,99.4,49.5,226,161
2025-01-15 19:10:00,49.9,49.2,230,154
2025-01-15 19:12:00,66.7,49.1,226,153
2025-01-15 19:14:00,99.3,49.5,226,151
2025-01-15 19:16:00,100.0,49.6,226,148
2025-01-15 19:18:00,50.0,49.6,226,151
2025-01-15 19:20:00,99.4,49.3,226,152
2025-01-15 19:22:00,50.1,49.5,226,155
2025-01-15 19:24:00,99.4,49.4,226,161
2025-01-15 19:26:00,66.8,49.3,225,161
2025-01-15 19:28:00,99.4,49.3,230,158
2025-01-15 19:30:00,99.4,49.3,226,156
2025-01-15 19:32:00,50.1,49.5,230,159
2025-01-15 19:34:00,49.8,49.5,226,162
2025-01-15 19:36:00,99.2,49.1,226,155
2025-01-15 19:38:00,99.4,49.3,226,159
2025-01-15 19:40:00,50.2,49.4,227,160
2025-01-15 19:42:00,99.4,49.6,226,162
2025-01-15 19:44:00,50.1,49.5,226,158
2025-01-15 19:46:00,99.7,49.3,225,161
2025-01-15 19:48:00,99.4,49.6,226,157
2025-01-15 19:50:00,66.5,49.6,231,164
2025-01-15 19:52:00,50.1,49.8,226,163
2025-01-15 19:54:00,50.0,49.4,230,158
2025-01-15 19:56:00,99.2,49.4,227,158
2025-01-15 19:58:00,50.1,49.6,226,157
2025-01-15 20:00:00,66.5,49.5,226,153
2025-01-15 20:02:00,66.6,49.4,227,158
2025-01-15 20:04:00,66.8,49.5,226,159
2025-01-15 20:06:00,49.9,49.6,226,163
2025-01-15 20:08:00,49.9,49.6,230,159
2025-01-15 20:10:00,49.9,49.3,227,158
2025-01-15 20:12:00,100,49.5,230,157
2025-01-15 20:14:00,50.0,49.6,226,157
2025-01-15 20:16:00,99.4,49.7,226,160
2025-01-15 20:18:00,50.1,49.5,225,161
2025-01-15 20:20:00,50.0,49.8,225,161
2025-01-15 20:22:00,49.8,49.3,226,160
2025-01-15 20:24:00,99.7,49.6,225,157
2025-01-15 20:26:00,49.9,49.4,230,161
2025-01-15 20:28:00,66.7,49.3,225,156
2025-01-15 20:30:00,99.9,49.1,225,156
2025-01-15 20:32:00,99.1,49.9,226,235
2025-01-15 20:34:00,99.2,50.3,226,239
2025-01-15 20:36:00,66.8,50.1,226,235
2025-01-15 20:38:00,50.0,50.1,226,233
2025-01-15 20:40:00,66.9,50.1,230,235
2025-01-15 20:42:00,49.8,50.1,226,235
2025-01-15 20:44:00,49.9,50.0,230,233
2025-01-15 20:46:00,100,50.0,226,234
2025-01-15 20:48:00,50.1,50.0,226,235
2025-01-15 20:50:00,100,49.8,225,235
2025-01-15 20:52:00,49.9,49.8,226,234
2025-01-15 20:54:00,66.7,49.8,229,236
2025-01-15 20:56:00,50.1,50,225,236
2025-01-15 20:58:00,49.9,49.8,226,235
2025-01-15 21:00:00,100,50.0,226,234
2025-01-15 21:02:00,50.0,49.7,225,235
2025-01-15 21:04:00,99.6,50.2,227,235
2025-01-15 21:06:00,50.0,50.2,227,236
2025-01-15 21:08:00,101,50.2,229,234
2025-01-15 21:10:00,99.2,50.1,226,235
2025-01-15 21:12:00,99.4,50.1,226,235
2025-01-15 21:14:00,99.2,50.2,226,235
2025-01-15 21:16:00,50.1,50.8,224,235
2025-01-15 21:18:00,99.2,51.0,231,233
2025-01-15 21:20:00,50.1,50.8,226,235
2025-01-15 21:22:00,50.1,50.6,226,235
2025-01-15 21:24:00,50.0,50.9,226,234
2025-01-15 21:26:00,100,50.5,227,233
2025-01-15 21:28:00,100,50.8,231,233
2025-01-15 21:30:00,99.4,50.6,225,233
2025-01-15 21:32:00,49.9,51.1,226,239
2025-01-15 21:34:00,99.4,51.4,225,238
2025-01-15 21:36:00,50.1,51.4,225,237
2025-01-15 21:38:00,49.9,51.6,227,235
2025-01-15 21:40:00,49.9,51.6,227,235
2025-01-15 21:42:00,50.1,51.4,230,236
2025-01-15 21:44:00,50.0,51.3,227,238
2025-01-15 21:46:00,50.0,51.3,227,238
2025-01-15 21:48:00,99.4,51.4,226,236
2025-01-15 21:50:00,100,51.4,227,236
2025-01-15 21:52:00,100,51.6,231,238
2025-01-15 21:54:00,50.1,51.6,226,237
2025-01-15 21:56:00,66.8,51.3,227,238
2025-01-15 21:58:00,66.9,51.3,226,236
2025-01-15 22:00:00,99.4,51.4,225,237
2025-01-15 22:02:00,50.1,51.1,230,234
2025-01-15 22:04:00,99.4,51.5,227,236
2025-01-15 22:06:00,66.8,51.4,226,238
2025-01-15 22:08:00,66.6,51.3,226,238
2025-01-15 22:10:00,99.4,51.4,226,237
2025-01-15 22:12:00,50.1,51.3,230,239
2025-01-15 22:14:00,99.4,51.3,225,239
2025-01-15 22:16:00,99.4,51.4,227,239
2025-01-15 22:18:00,66.7,51.5,226,240
2025-01-15 22:20:00,99.7,51.2,226,237
2025-01-15 22:22:00,99.2,51.4,230,238
2025-01-15 22:24:00,66.8,51.4,227,237
2025-01-15 22:26:00,99.7,51.3,226,237
2025-01-15 22:28:00,99.7,51.3,226,238
2025-01-15 22:30:00,99.2,51.5,226,237
2025-01-15 22:32:00,99.1,51.3,231,239
2025-01-15 22:34:00,198,51.3,225,238
2025-01-15 22:36:00,50.1,51.4,226,237
2025-01-15 22:38:00,100,51.4,226,236
2025-01-15 22:40:00,50.0,51.4,227,237
2025-01-15 22:42:00,99.1,51.4,231,239
2025-01-15 22:44:00,99.7,51.4,227,238
2025-01-15 22:46:00,99.7,51.4,227,238
2025-01-15 22:48:00,99.4,51.4,228,239
2025-01-15 22:50:00,100,51.4,227,238
2025-01-15 22:52:00,99.4,51.5,226,237
2025-01-15 22:54:00,99.7,51.5,225,237
2025-01-15 22:56:00,50.1,51.6,226,239
2025-01-15 22:58:00,99.7,51.5,230,238
2025-01-15 23:00:00,100,51.4,226,238
2025-01-15 23:02:00,198,51.4,226,238
2025-01-15 23:04:00,50.2,51.5,225,237
2025-01-15 23:06:00,100,51.5,226,238
2025-01-15 23:08:00,66.9,51.5,230,237
2025-01-15 23:10:00,50.0,51.5,226,238
2025-01-15 23:12:00,100,51.5,225,238
2025-01-15 23:14:00,99.2,51.5,226,238
2025-01-15 23:16:00,100,51.6,228,238
2025-01-15 23:18:00,49.9,51.5,230,237
2025-01-15 23:20:00,99.6,51.4,227,238
2025-01-15 23:22:00,49.9,51.4,226,238
2025-01-15 23:24:00,196,51.4,225,238
2025-01-15 23:26:00,66.9,51.3,226,238
2025-01-15 23:28:00,99.2,51.3,230,238
2025-01-15 23:30:00,66.5,51.3,227,238
2025-01-15 23:32:00,50.1,51.4,226,237
2025-01-15 23:34:00,50.0,51.5,230,239
2025-01-15 23:36:00,50.1,51.4,227,240
2025-01-15 23:38:00,50.1,51.5,226,238
2025-01-15 23:40:00,99.1,51.4,225,239
2025-01-15 23:42:00,99.7,51.5,226,238
2025-01-15 23:44:00,99.2,51.5,231,238
2025-01-15 23:46:00,100.0,51.4,226,238
2025-01-15 23:48:00,66.7,51.4,227,238
2025-01-15 23:50:00,49.9,51.6,225,239
2025-01-15 23:52:00,100,51.6,226,238
2025-01-15 23:54:00,101,51.4,231,238
2025-01-15 23:56:00,99.4,51.4,226,238
2025-01-15 23:58:00,66.8,51.4,225,237
2025-01-16 00:00:00,49.9,51.4,230,238
2025-01-16 00:02:00,66.6,51.3,226,239
2025-01-16 00:04:00,100,51.5,226,238
2025-01-16 00:06:00,50.0,51.6,226,238
2025-01-16 00:08:00,50.0,51.3,225,237
2025-01-16 00:10:00,49.9,51.5,231,238
2025-01-16 00:12:00,50.1,51.5,225,238
2025-01-16 00:14:00,50.1,51.5,227,237
2025-01-16 00:16:00,50.0,51.5,230,238
2025-01-16 00:18:00,50.0,51.4,225,238
2025-01-16 00:20:00,66.5,51.5,226,238
2025-01-16 00:22:00,50.1,51.4,226,238
2025-01-16 00:24:00,99.7,51.5,225,238
2025-01-16 00:26:00,99.4,51.4,230,238
2025-01-16 00:28:00,50.0,51.4,227,237
2025-01-16 00:30:00,197,51.4,226,238
2025-01-16 00:32:00,66.7,51.3,227,238
2025-01-16 00:34:00,99.9,51.3,226,236
2025-01-16 00:36:00,99.3,51.4,226,237
2025-01-16 00:38:00,49.9,51.5,227,238
2025-01-16 00:40:00,50.0,51.4,226,239
2025-01-16 00:42:00,66.7,51.4,230,238
2025-01-16 00:44:00,50.0,51.6,227,238
2025-01-16 00:46:00,100.0,51.5,227,238
2025-01-16 00:48:00,50.2,51.5,230,239
2025-01-16 00:50:00,99.4,51.6,227,240
2025-01-16 00:52:00,99.4,51.5,225,238
2025-01-16 00:54:00,49.9,51.5,227,239
2025-01-16 00:56:00,50.0,51.5,225,237
2025-01-16 00:58:00,66.9,51.5,230,239
2025-01-16 01:00:00,50.1,51.4,225,238
2025-01-16 01:02:00,99.2,51.6,226,240
2025-01-16 01:04:00,49.8,51.7,231,240
2025-01-16 01:06:00,100,51.5,226,238
2025-01-16 01:08:00,50.0,51.4,226,239
2025-01-16 01:10:00,49.9,51.5,226,239
2025-01-16 01:12:00,99.6,51.5,226,239
2025-01-16 01:14:00,100,51.8,224,239
2025-01-16 01:16:00,50.1,50.7,226,240
2025-01-16 01:18:00,100,50.6,226,238
2025-01-16 01:20:00,99.4,50.6,231,238
2025-01-16 01:22:00,50.0,50.6,226,238
2025-01-16 01:24:00,66.7,50.5,226,238
2025-01-16 01:26:00,50.0,50.6,230,239
2025-01-16 01:28:00,49.9,51.3,226,243
2025-01-16 01:30:00,50.0,51.3,227,244
2025-01-16 01:32:00,99.2,51.2,228,243
2025-01-16 01:34:00,49.9,50.5,227,238
2025-01-16 01:36:00,50.0,50.7,227,237
2025-01-16 01:38:00,99.4,50.7,225,239
2025-01-16 01:40:00,100,51.1,226,241
2025-01-16 01:42:00,50.1,51.3,230,243
2025-01-16 01:44:00,99.1,51.0,226,242
2025-01-16 01:46:00,198,51.1,226,241
2025-01-16 01:48:00,49.9,50.8,231,239
2025-01-16 01:50:00,50.0,50.8,226,240
2025-01-16 01:52:00,49.9,50.7,227,241
2025-01-16 01:54:00,49.9,50.9,231,242
2025-01-16 01:56:00,66.5,50.8,226,242
2025-01-16 01:58:00,49.9,51.0,225,243
2025-01-16 02:00:00,49.9,50.7,228,241
2025-01-16 02:02:00,49.9,51.0,227,242
2025-01-16 02:04:00,198,50.9,231,242
2025-01-16 02:06:00,99.4,50.7,226,241
2025-01-16 02:08:00,49.9,50.9,227,241
2025-01-16 02:10:00,99.4,51.1,232,243
2025-01-16 02:12:00,50.1,50.7,227,241
2025-01-16 02:14:00,50.0,51.0,227,243
2025-01-16 02:16:00,50.0,51.1,231,243
2025-01-16 02:18:00,99.4,50.6,227,241
2025-01-16 02:20:00,50.1,51.0,227,242
2025-01-16 02:22:00,99.2,50.7,231,241
2025-01-16 02:24:00,66.7,50.5,226,240
2025-01-16 02:26:00,50.0,50.8,227,241
2025-01-16 02:28:00,100,50.8,225,241
2025-01-16 02:30:00,101,50.7,226,240
2025-01-16 02:32:00,99.4,50.9,226,242
2025-01-16 02:34:00,50.1,50.9,224,242
2025-01-16 02:36:00,66.8,50.6,226,239
2025-01-16 02:38:00,66.9,50.8,230,240
2025-01-16 02:40:00,50.0,50.8,226,240
2025-01-16 02:42:00,50.0,50.6,225,239
2025-01-16 02:44:00,99.1,50.8,230,241
2025-01-16 02:46:00,100,50.9,225,241
2025-01-16 02:48:00,99.1,51.1,226,238
2025-01-16 02:50:00,66.6,50.6,230,239
2025-01-16 02:52:00,99.1,50.7,226,240
2025-01-16 02:54:00,99.1,50.7,227,239
2025-01-16 02:56:00,66.8,50.8,231,242
2025-01-16 02:58:00,100,50.8,226,241
2025-01-16 03:00:00,99.4,50.8,226,240
2025-01-16 03:02:00,100,50.8,225,240
2025-01-16 03:04:00,99.4,50.7,226,240
2025-01-16 03:06:00,99.2,50.6,226,240
2025-01-16 03:08:00,99.1,50.8,227,242
2025-01-16 03:10:00,99.4,50.7,226,241
2025-01-16 03:12:00,50.2,50.8,227,241
2025-01-16 03:14:00,66.8,50.9,226,240
2025-01-16 03:16:00,99.2,50.9,226,240
2025-01-16 03:18:00,99.4,50.8,230,241
2025-01-16 03:20:00,50.0,50.9,226,242
2025-01-16 03:22:00,101,50.7,226,241
2025-01-16 03:24:00,66.7,50.7,230,242
2025-01-16 03:26:00,99.4,50.8,226,241
2025-01-16 03:28:00,99.1,50.7,226,241
2025-01-16 03:30:00,100,50.8,230,242
2025-01-16 03:32:00,99.4,50.7,226,242
2025-01-16 03:34:00,99.4,50.7,226,240
2025-01-16 03:36:00,50.0,50.7,230,241
2025-01-16 03:38:00,99.4,51.0,226,239
2025-01-16 03:40:00,99.4,51.1,227,241
2025-01-16 03:42:00,50.1,50.7,231,243
2025-01-16 03:44:00,50.0,50.7,226,242
2025-01-16 03:46:00,66.8,50.7,227,241
2025-01-16 03:48:00,99.2,50.8,230,241
2025-01-16 03:50:00,50.0,50.9,225,240
2025-01-16 03:52:00,50.1,51.0,227,241
2025-01-16 03:54:00,99.2,50.8,227,240
2025-01-16 03:56:00,99.4,50.7,226,239
2025-01-16 03:58:00,49.9,50.9,227,240
2025-01-16 04:00:00,49.9,50.9,226,240
2025-01-16 04:02:00,49.9,50.9,226,241
2025-01-16 04:04:00,50.0,51.0,226,242
2025-01-16 04:06:00,49.9,50.9,226,240
2025-01-16 04:08:00,49.8,50.8,226,241
2025-01-16 04:10:00,50.0,50.5,226,239
2025-01-16 04:12:00,50.0,51.1,227,240
2025-01-16 04:14:00,99.4,51.1,226,240
2025-01-16 04:16:00,50.0,51.0,229,240
2025-01-16 04:18:00,100,50.7,227,239
2025-01-16 04:20:00,50.0,50.7,227,241
2025-01-16 04:22:00,66.8,50.8,230,241
2025-01-16 04:24:00,99.7,50.7,226,240
2025-01-16 04:26:00,50.0,50.8,227,240
2025-01-16 04:28:00,99.4,50.7,231,241
2025-01-16 04:30:00,50.0,50.9,226,241
2025-01-16 04:32:00,50.0,50.9,226,241
2025-01-16 04:34:00,50.0,51.0,230,242
2025-01-16 04:36:00,99.4,51.0,226,242
2025-01-16 04:38:00,99.4,50.6,226,240
2025-01-16 04:40:00,99.4,50.7,230,241
2025-01-16 04:42:00,50.2,50.9,226,242
2025-01-16 04:44:00,50.0,51.3,226,244
2025-01-16 04:46:00,100,50.9,230,242
2025-01-16 04:48:00,66.3,50.8,227,241
2025-01-16 04:50:00,99.9,50.8,226,242
2025-01-16 04:52:00,99.4,50.7,231,240
2025-01-16 04:54:00,99.4,50.6,226,241
2025-01-16 04:56:00,66.8,51.0,225,243
2025-01-16 04:58:00,49.8,51.1,230,243
2025-01-16 05:00:00,49.8,50.8,226,242
2025-01-16 05:02:00,66.5,50.5,227,240
2025-01-16 05:04:00,66.5,50.3,231,237
2025-01-16 05:06:00,49.9,50.3,226,238
2025-01-16 05:08:00,99.4,50.4,226,240
2025-01-16 05:10:00,99.6,50.5,230,238
2025-01-16 05:12:00,50.0,50.5,227,239
2025-01-16 05:14:00,100,50.7,226,241
2025-01-16 05:16:00,50.0,50.8,229,243
2025-01-16 05:18:00,99.7,50.6,227,241
2025-01-16 05:20:00,50.0,50.4,226,240
2025-01-16 05:22:00,99.2,50.5,231,240
2025-01-16 05:24:00,100,50.5,227,239
2025-01-16 05:26:00,50.1,50.8,225,242
2025-01-16 05:28:00,50.1,50.8,229,242
2025-01-16 05:30:00,99.7,50.6,225,239
2025-01-16 05:32:00,50.2,50.6,226,241
2025-01-16 05:34:00,50.1,50.7,226,242
2025-01-16 05:36:00,99.4,50.7,226,243
2025-01-16 05:38:00,49.9,50.7,226,243
2025-01-16 05:40:00,99.4,50.5,225,241
2025-01-16 05:42:00,49.9,50.5,226,241
2025-01-16 05:44:00,66.7,50.6,226,241
2025-01-16 05:46:00,50.1,50.6,227,243
2025-01-16 05:48:00,50.1,50.7,226,242
2025-01-16 05:50:00,197,50.6,227,242
2025-01-16 05:52:00,66.8,50.4,226,240
2025-01-16 05:54:00,49.9,50.3,225,239
2025-01-16 05:56:00,66.8,50.4,226,240
2025-01-16 05:58:00,100,50.4,227,239
2025-01-16 06:00:00,50.1,50.3,230,239
2025-01-16 06:02:00,50.0,50.4,226,239
2025-01-16 06:04:00,50.1,50.5,226,239
2025-01-16 06:06:00,49.8,50.7,231,243
2025-01-16 06:08:00,99.7,50.7,227,242
2025-01-16 06:10:00,50.0,51.0,226,243
2025-01-16 06:12:00,66.4,50.9,229,242
2025-01-16 06:14:00,49.8,50.7,226,243
2025-01-16 06:16:00,50.1,50.5,226,238
2025-01-16 06:18:00,49.9,50.6,230,240
2025-01-16 06:20:00,50.1,50.6,227,240
2025-01-16 06:22:00,50.0,50.7,226,241
2025-01-16 06:24:00,50.0,50.6,229,239
2025-01-16 06:26:00,100,50.2,226,236
2025-01-16 06:28:00,99.2,50.2,226,234
2025-01-16 06:30:00,49.8,50.4,230,235
2025-01-16 06:32:00,50.1,50.6,226,237
2025-01-16 06:34:00,50.1,50.5,228,238
2025-01-16 06:36:00,49.8,50.6,230,238
2025-01-16 06:38:00,99.4,67.4,226,237
2025-01-16 06:40:00,49.9,50.3,227,236
2025-01-16 06:42:00,100,50.9,229,235
2025-01-16 06:44:00,66.9,50.7,226,233
2025-01-16 06:46:00,66.6,50.8,227,236
2025-01-16 06:48:00,66.6,51.1,230,238
2025-01-16 06:50:00,50.1,50.6,226,233
2025-01-16 06:52:00,49.9,50.5,226,233
2025-01-16 06:54:00,49.9,50.5,231,235
2025-01-16 06:56:00,99.4,50.6,227,234
2025-01-16 06:58:00,100,50.5,226,236
2025-01-16 07:00:00,100,51.0,230,238
2025-01-16 07:02:00,49.9,50.6,226,237
2025-01-16 07:04:00,49.9,50.4,226,234
2025-01-16 07:06:00,99.7,50.5,232,235
2025-01-16 07:08:00,49.9,50.5,226,235
2025-01-16 07:10:00,99.7,50.6,226,234
2025-01-16 07:12:00,99.4,50.9,230,233
2025-01-16 07:14:00,66.8,51.0,226,238
2025-01-16 07:16:00,100.0,50.7,227,234
2025-01-16 07:18:00,99.7,50.4,231,232
2025-01-16 07:20:00,99.7,50.8,227,236
2025-01-16 07:22:00,101,51.0,226,236
2025-01-16 07:24:00,99.7,50.7,230,234
2025-01-16 07:26:00,99.1,50.7,226,235
2025-01-16 07:28:00,50.1,50.6,225,232
2025-01-16 07:30:00,99.9,50.5,231,232
2025-01-16 07:32:00,99.2,50.9,226,235
2025-01-16 07:34:00,99.4,50.8,226,235
2025-01-16 07:36:00,67.0,50.5,229,234
2025-01-16 07:38:00,99.4,51.2,225,235
2025-01-16 07:40:00,66.7,50.5,225,233
2025-01-16 07:42:00,50.0,50.7,230,234
2025-01-16 07:44:00,100,51.0,227,233
2025-01-16 07:46:00,50.0,50.9,226,234
2025-01-16 07:48:00,50.0,51.2,226,238
2025-01-16 07:50:00,99.4,50.7,226,238
2025-01-16 07:52:00,66.6,51.2,225,235
2025-01-16 07:54:00,99.7,51.2,226,237
2025-01-16 07:56:00,50.0,51.1,226,234
2025-01-16 07:58:00,99.4,51.2,230,234
2025-01-16 08:00:00,99.2,51.1,225,235
2025-01-16 08:02:00,199,51.3,226,235
2025-01-16 08:04:00,100,51.0,230,235
2025-01-16 08:06:00,50.1,51.1,227,236
2025-01-16 08:08:00,99.7,51.0,226,235
2025-01-16 08:10:00,99.4,51.1,225,235
2025-01-16 08:12:00,50.0,51.3,226,235
2025-01-16 08:14:00,50.0,51.3,229,235
2025-01-16 08:16:00,99.4,51.6,227,236
2025-01-16 08:18:00,100,51.4,227,236
2025-01-16 08:20:00,99.4,50.9,232,234
2025-01-16 08:22:00,66.5,51.1,226,233
2025-01-16 08:24:00,50.0,51.2,227,236
2025-01-16 08:26:00,99.7,50.8,225,235
2025-01-16 08:28:00,50.0,51.0,225,234
2025-01-16 08:30:00,49.9,50.8,226,234
2025-01-16 08:32:00,50.0,51.2,226,237
2025-01-16 08:34:00,50.0,51.1,226,236
2025-01-16 08:36:00,50.1,51.2,230,235
2025-01-16 08:38:00,66.8,51.2,226,235
2025-01-16 08:40:00,50.1,51.3,227,237
2025-01-16 08:42:00,50.0,51.4,225,237
2025-01-16 08:44:00,50.1,51.1,226,234
2025-01-16 08:46:00,50.1,51.0,227,234
2025-01-16 08:48:00,99.4,51.3,227,235
2025-01-16 08:50:00,50.0,51.2,227,235
2025-01-16 08:52:00,100,51.2,230,234
2025-01-16 08:54:00,49.9,51.3,226,235
2025-01-16 08:56:00,66.7,51.1,224,235
2025-01-16 08:58:00,99.2,51.2,227,233
2025-01-16 09:00:00,50.0,51.2,226,234
2025-01-16 09:02:00,50.0,51.3,231,235
2025-01-16 09:04:00,99.1,51.3,227,234
2025-01-16 09:06:00,50.0,51.4,227,235
2025-01-16 09:08:00,50.0,51.2,231,233
2025-01-16 09:10:00,50.0,51.0,226,232
2025-01-16 09:12:00,50.1,51.2,226,234
2025-01-16 09:14:00,49.9,51.3,226,234
2025-01-16 09:16:00,99.2,51.2,226,236
2025-01-16 09:18:00,50.0,51.1,231,235
2025-01-16 09:20:00,99.4,51.2,225,237
2025-01-16 09:22:00,49.9,50.9,226,235
2025-01-16 09:24:00,49.8,50.9,227,234
2025-01-16 09:26:00,99.4,51.1,227,236
2025-01-16 09:28:00,196,50.6,231,235
2025-01-16 09:30:00,50.0,50.5,227,232
2025-01-16 09:32:00,49.9,50.7,227,235
2025-01-16 09:34:00,66.5,50.6,227,230
2025-01-16 09:36:00,50.0,50.6,230,228
2025-01-16 09:38:00,66.4,50.8,230,229
2025-01-16 09:40:00,99.3,50.8,226,228
2025-01-16 09:42:00,49.9,50.7,225,229
2025-01-16 09:44:00,50.0,50.7,227,230
2025-01-16 09:46:00,49.9,50.7,227,228
2025-01-16 09:48:00,99.4,50.4,229,227
2025-01-16 09:50:00,99.4,51.1,226,234
2025-01-16 09:52:00,50,50.7,225,235
2025-01-16 09:54:00,197,50.9,226,235
2025-01-16 09:56:00,49.9,50.9,226,236
2025-01-16 09:58:00,50.1,50.9,226,235
2025-01-16 10:00:00,99.9,50.7,227,236
2025-01-16 10:02:00,49.9,50.9,230,235
2025-01-16 10:04:00,50.0,51.1,225,233
2025-01-16 10:06:00,50.1,50.8,225,235
2025-01-16 10:08:00,50.0,50.8,226,234
2025-01-16 10:10:00,100,51.0,225,234
2025-01-16 10:12:00,99.4,50.8,229,233
2025-01-16 10:14:00,99.4,51.0,226,233
2025-01-16 10:16:00,50.1,50.5,227,234
2025-01-16 10:18:00,50.0,50.7,226,237
2025-01-16 10:20:00,199,50.3,226,238
2025-01-16 10:22:00,50.0,49.8,226,234
2025-01-16 10:24:00,99.7,49.9,225,233
2025-01-16 10:26:00,66.8,49.8,230,234
2025-01-16 10:28:00,99.2,49.7,226,235
2025-01-16 10:30:00,101,49.7,229,174
2025-01-16 10:32:00,100,49.6,226,174
2025-01-16 10:34:00,50.0,49.5,226,175
2025-01-16 10:36:00,66.8,49.4,227,176
2025-01-16 10:38:00,99.4,49.4,225,170
2025-01-16 10:40:00,50.1,49.2,227,168
2025-01-16 10:42:00,66.8,49.0,225,164
2025-01-16 10:44:00,198,49.3,230,169
2025-01-16 10:46:00,66.8,49.2,225,173
2025-01-16 10:48:00,100,49.5,225,173
2025-01-16 10:50:00,99.2,49.7,225,181
2025-01-16 10:52:00,49.9,49.3,225,174
2025-01-16 10:54:00,100,49.6,225,176
2025-01-16 10:56:00,99.4,49.3,225,172
2025-01-16 10:58:00,50.1,49.3,226,172
2025-01-16 11:00:00,99.7,49.3,225,170
2025-01-16 11:02:00,50.2,49.2,230,169
2025-01-16 11:04:00,66.9,49.2,225,172
2025-01-16 11:06:00,50.0,49.5,225,182
2025-01-16 11:08:00,66.4,49.2,225,174
2025-01-16 11:10:00,66.5,49.4,227,170
2025-01-16 11:12:00,99.2,49.3,225,168
2025-01-16 11:14:00,66.8,49.3,225,173
2025-01-16 11:16:00,99.6,49.4,230,174
2025-01-16 11:18:00,66.8,49.3,225,172
2025-01-16 11:20:00,50.0,49.6,229,168
2025-01-16 11:22:00,100,49.2,226,171
2025-01-16 11:24:00,100,49.4,227,162
2025-01-16 11:26:00,50.0,49.3,226,165
2025-01-16 11:28:00,99.1,49.0,225,164
2025-01-16 11:30:00,50.1,49.1,227,163
2025-01-16 11:32:00,50.0,49.4,226,173
2025-01-16 11:34:00,50.1,49.4,229,170
2025-01-16 11:36:00,49.9,49.4,226,172
2025-01-16 11:38:00,99.4,49.5,228,172
2025-01-16 11:40:00,50.1,49.4,225,166
2025-01-16 11:42:00,99.6,49.3,226,174
2025-01-16 11:44:00,100,49.5,226,164
2025-01-16 11:46:00,50.1,49.0,227,169
2025-01-16 11:48:00,66.8,49.9,227,167
2025-01-16 11:50:00,100,49.5,225,172
2025-01-16 11:52:00,49.9,49.4,230,169
2025-01-16 11:54:00,66.7,49.3,227,172
2025-01-16 11:56:00,99.4,49.5,225,174
2025-01-16 11:58:00,49.8,49.5,226,175
2025-01-16 12:00:00,99.4,49.3,226,171
2025-01-16 12:02:00,100,49.0,227,172
2025-01-16 12:04:00,66.6,49.3,227,169
2025-01-16 12:06:00,99.4,49.7,229,173
2025-01-16 12:08:00,50.2,49.2,227,172
2025-01-16 12:10:00,99.2,48.9,231,170
2025-01-16 12:12:00,50.0,49.4,226,173
2025-01-16 12:14:00,49.9,49.5,224,175
2025-01-16 12:16:00,99.4,49.2,227,167
2025-01-16 12:18:00,49.8,49.3,230,168
2025-01-16 12:20:00,199,49.1,230,168
2025-01-16 12:22:00,99.7,49.1,229,170
2025-01-16 12:24:00,50.1,49.2,228,167
2025-01-16 12:26:00,99.4,49.6,230,168
2025-01-16 12:28:00,99.5,49.2,230,162
2025-01-16 12:30:00,66.5,49.7,229,167
2025-01-16 12:32:00,50.0,49.2,229,168
2025-01-16 12:34:00,50.0,49.5,229,164
2025-01-16 12:36:00,66.6,49.4,230,169
2025-01-16 12:38:00,49.9,49.3,229,175
2025-01-16 12:40:00,99.7,49.3,229,174
2025-01-16 12:42:00,50.0,49.5,229,173
2025-01-16 12:44:00,99.1,49.7,229,178
2025-01-16 12:46:00,49.9,49.7,229,181
2025-01-16 12:48:00,99.2,49.5,230,176
2025-01-16 12:50:00,100,49.7,231,183
2025-01-16 12:52:00,49.9,49.7,229,177
2025-01-16 12:54:00,99.7,49.6,230,181
2025-01-16 12:56:00,99.2,49.6,229,181
2025-01-16 12:58:00,50.0,49.4,231,177
2025-01-16 13:00:00,50.0,49.4,230,170
2025-01-16 13:02:00,50.0,49.8,228,168
2025-01-16 13:04:00,49.9,49.1,228,174
2025-01-16 13:06:00,99.2,49.4,226,172
2025-01-16 13:08:00,50.1,49.1,226,165
2025-01-16 13:10:00,66.5,49.2,227,158
2025-01-16 13:12:00,99.4,49.2,226,162
2025-01-16 13:14:00,50.1,49.4,225,157
2025-01-16 13:16:00,99.4,49.4,231,161
2025-01-16 13:18:00,99.6,49.5,226,175
2025-01-16 13:20:00,49.9,49.1,230,163
2025-01-16 13:22:00,198,49.1,226,161
2025-01-16 13:24:00,197,49.0,225,159
2025-01-16 13:26:00,50.0,49.3,226,163
2025-01-16 13:28:00,50.1,49.3,227,167
2025-01-16 13:30:00,49.9,49.1,227,165
2025-01-16 13:32:00,50.1,49.4,226,166
2025-01-16 13:34:00,50.0,49.0,226,160
2025-01-16 13:36:00,66.7,49.7,226,168
2025-01-16 13:38:00,66.8,49.4,226,168
2025-01-16 13:40:00,99.4,49.5,227,163
2025-01-16 13:42:00,49.9,49.3,230,164
2025-01-16 13:44:00,99.1,49.2,226,164
2025-01-16 13:46:00,50.0,49.5,230,166
2025-01-16 13:48:00,99.4,49.2,226,170
2025-01-16 13:50:00,50.1,48.9,230,174
2025-01-16 13:52:00,67.0,49.2,226,169
2025-01-16 13:54:00,50.0,49.4,226,171
2025-01-16 13:56:00,100,49.1,225,167
2025-01-16 13:58:00,99.4,49.4,226,170
2025-01-16 14:00:00,50.1,49.6,226,171
2025-01-16 14:02:00,49.9,49.2,225,168
2025-01-16 14:04:00,50.1,49.4,226,161
2025-01-16 14:06:00,49.9,49.4,225,168
2025-01-16 14:08:00,50.0,49.4,225,168
2025-01-16 14:10:00,99.6,49.4,227,166
2025-01-16 14:12:00,101,49.3,230,167
2025-01-16 14:14:00,50.0,49.2,226,164
2025-01-16 14:16:00,197,49.3,230,167
2025-01-16 14:18:00,50.1,49.7,225,169
2025-01-16 14:20:00,100.0,49.5,229,167
2025-01-16 14:22:00,100,49.6,226,169
2025-01-16 14:24:00,50.0,49.2,225,171
2025-01-16 14:26:00,50.1,49.2,227,171
2025-01-16 14:28:00,50.2,49.2,225,169
2025-01-16 14:30:00,101,49.6,226,170
2025-01-16 14:32:00,66.7,49.6,225,175
2025-01-16 14:34:00,99.4,49.7,226,175
2025-01-16 14:36:00,99.6,49.3,225,170
2025-01-16 14:38:00,49.8,49.5,226,167
2025-01-16 14:40:00,99.4,49.3,224,169
2025-01-16 14:42:00,100,65.9,230,168
2025-01-16 14:44:00,50.1,49.4,225,167
2025-01-16 14:46:00,66.8,49.2,229,165
2025-01-16 14:48:00,198,49.3,226,166
2025-01-16 14:50:00,66.4,49.4,230,161
2025-01-16 14:52:00,66.9,49.3,226,165
2025-01-16 14:54:00,100,49.8,225,164
2025-01-16 14:56:00,66.7,49.3,226,164
2025-01-16 14:58:00,99.4,49.5,225,163
2025-01-16 15:00:00,99.7,49.9,225,167
2025-01-16 15:02:00,100,49.4,226,165
2025-01-16 15:04:00,50.0,49.3,225,167
2025-01-16 15:06:00,50.1,49.3,226,168
2025-01-16 15:08:00,99.4,49.4,226,157
2025-01-16 15:10:00,99.1,49.3,225,158
2025-01-16 15:12:00,100,49.4,225,168
2025-01-16 15:14:00,100,49.5,225,172
2025-01-16 15:16:00,100,49.4,230,168
2025-01-16 15:18:00,100,49.2,225,166
2025-01-16 15:20:00,50.1,49.4,229,169
2025-01-16 15:22:00,66.8,49.8,227,165
2025-01-16 15:24:00,99.9,49.2,229,168
2025-01-16 15:26:00,49.8,49.4,225,161
2025-01-16 15:28:00,99.1,49.3,227,164
2025-01-16 15:30:00,66.8,49.2,225,166
2025-01-16 15:32:00,50.0,49.7,226,172
2025-01-16 15:34:00,49.9,49.4,227,171
2025-01-16 15:36:00,100,49.3,227,171
2025-01-16 15:38:00,50.0,49.7,225,168
2025-01-16 15:40:00,49.9,49.3,227,173
2025-01-16 15:42:00,66.8,49.4,226,166
2025-01-16 15:44:00,100,49.5,226,168
2025-01-16 15:46:00,99.4,49.6,229,173
2025-01-16 15:48:00,50.1,49.6,226,178
2025-01-16 15:50:00,50.1,49.5,230,170
2025-01-16 15:52:00,49.9,49.4,226,177
2025-01-16 15:54:00,66.5,49.1,230,176
2025-01-16 15:56:00,198,66.1,226,178
2025-01-16 15:58:00,66.6,49.6,225,177
2025-01-16 16:00:00,50.1,49.3,226,174
2025-01-16 16:02:00,99.7,49.6,226,177
2025-01-16 16:04:00,66.9,49.6,226,175
2025-01-16 16:06:00,49.9,49.5,227,172
2025-01-16 16:08:00,50.2,49.6,226,173
2025-01-16 16:10:00,100,49.5,225,173
2025-01-16 16:12:00,99.4,49.6,231,175
2025-01-16 16:14:00,50.0,49.4,226,179
2025-01-16 16:16:00,99.6,49.6,230,174
2025-01-16 16:18:00,99.2,49.5,226,178
2025-01-16 16:20:00,50.0,49.3,226,178
2025-01-16 16:22:00,100,49.7,225,181
2025-01-16 16:24:00,99.4,49.6,227,181
2025-01-16 16:26:00,197,49.2,225,179
2025-01-16 16:28:00,99.4,49.4,225,180
2025-01-16 16:30:00,99.4,49.6,225,180
2025-01-16 16:32:00,50.0,49.4,226,178
2025-01-16 16:34:00,99.4,49.5,230,172
2025-01-16 16:36:00,99.4,49.3,225,171
2025-01-16 16:38:00,66.5,49.4,230,174
2025-01-16 16:40:00,50.0,49.6,226,176
2025-01-16 16:42:00,100,49.3,225,174
2025-01-16 16:44:00,49.9,49.7,226,175
2025-01-16 16:46:00,100.0,49.4,226,176
2025-01-16 16:48:00,50.1,49.2,226,172
2025-01-16 16:50:00,99.4,49.4,225,174
2025-01-16 16:52:00,66.9,49.4,225,174
2025-01-16 16:54:00,99.2,49.3,225,169
2025-01-16 16:56:00,99.1,49.3,229,169
2025-01-16 16:58:00,50.1,49.2,225,174
2025-01-16 17:00:00,99.2,49.2,226,174
2025-01-16 17:02:00,66.8,49.2,227,170
2025-01-16 17:04:00,99.2,49.3,226,171
2025-01-16 17:06:00,99.1,49.5,226,175
2025-01-16 17:08:00,100,49.8,227,179
2025-01-16 17:10:00,49.8,49.3,225,178
2025-01-16 17:12:00,49.8,49.3,227,172
2025-01-16 17:14:00,50.1,49.4,226,169
2025-01-16 17:16:00,49.9,49.3,228,165
2025-01-16 17:18:00,50.0,49.7,227,178
2025-01-16 17:20:00,99.4,49.3,227,178
2025-01-16 17:22:00,50.0,49.6,226,181
2025-01-16 17:24:00,100,49.4,226,179
2025-01-16 17:26:00,50.1,49.3,226,178
2025-01-16 17:28:00,66.7,49.5,226,176
2025-01-16 17:30:00,99.2,49.6,226,176
2025-01-16 17:32:00,100,49.6,226,178
2025-01-16 17:34:00,50.1,49.6,226,178
2025-01-16 17:36:00,66.6,49.5,226,176
2025-01-16 17:38:00,50.0,49.2,225,174
2025-01-16 17:40:00,99.2,49.3,226,179
2025-01-16 17:42:00,50.0,49.7,226,180
2025-01-16 17:44:00,99.2,49.6,225,179
2025-01-16 17:46:00,50.0,49.5,226,178
2025-01-16 17:48:00,66.4,49.3,226,176
2025-01-16 17:50:00,99.3,4237,225,0.610
2025-01-16 17:52:00,101,6711,225,0.479
2025-01-16 17:54:00,99.7,7813,225,0.987
2025-01-16 17:56:00,50.0,11628,226,0.900
2025-01-16 17:58:00,50.1,6711,226,0.799
2025-01-16 18:00:00,50.1,9346,225,0.813
2025-01-16 18:02:00,99.2,4237,225,0.915
2025-01-16 18:04:00,100,6711,226,0.900
2025-01-16 18:06:00,50.0,3610,226,0.465
2025-01-16 18:08:00,99.9,9346,225,1.07
2025-01-16 18:10:00,50.0,4695,226,0.668
2025-01-16 18:12:00,101,6711,225,0.900
2025-01-16 18:14:00,100,5208,225,0.668
2025-01-16 18:16:00,66.5,5848,226,0.944
2025-01-16 18:18:00,99.4,6711,227,1.25
2025-01-16 18:20:00,100,4219,225,0.348
2025-01-16 18:22:00,50.1,5208,226,0.581
2025-01-16 18:24:00,199,11628,225,0.726
2025-01-16 18:26:00,66.8,7813,225,0.740
2025-01-16 18:28:00,50.0,5208,226,0.552
2025-01-16 18:30:00,49.9,3125,226,1.23
2025-01-16 18:32:00,66.5,6623,226,0.421
2025-01-16 18:34:00,50.0,4695,226,1.03
2025-01-16 18:36:00,99.4,3610,227,1.52
2025-01-16 18:38:00,99.4,3584,225,0.566
2025-01-16 18:40:00,49.9,9346,226,0.784
2025-01-16 18:42:00,99.4,2237,227,0.639
2025-01-16 18:44:00,197,4695,226,1.26
2025-01-16 18:46:00,66.4,4274,224,0.784
2025-01-16 18:48:00,50.0,4237,226,0.624
2025-01-16 18:50:00,99.7,2037,225,0.915
2025-01-16 18:52:00,99.1,4695,226,0.624
2025-01-16 18:54:00,99.4,4274,226,0.523
2025-01-16 18:56:00,100,4255,225,0.799
2025-01-16 18:58:00,100,2041,226,0.900
2025-01-16 19:00:00,49.9,2933,226,0.987
2025-01-16 19:02:00,49.8,5882,226,0.581
2025-01-16 19:04:00,50.1,2611,227,0.639
2025-01-16 19:06:00,66.8,4695,225,0.958
2025-01-16 19:08:00,49.8,3922,226,0.668
2025-01-16 19:10:00,100,6711,226,0.436
2025-01-16 19:12:00,99.7,9346,227,1.09
2025-01-16 19:14:00,50.0,4237,226,0.740
2025-01-16 19:16:00,101,5848,226,0.668
2025-01-16 19:18:00,50.2,2132,226,0.523
2025-01-16 19:20:00,50.0,2132,226,0.523
2025-01-16 19:22:00,99.9,4237,226,1.05
2025-01-16 19:24:00,50.0,3906,225,0.828
2025-01-16 19:26:00,100,11628,226,0.610
2025-01-16 19:28:00,50.0,2933,226,0.624
2025-01-16 19:30:00,99.6,7813,226,0.784
2025-01-16 19:32:00,50.1,6711,226,0.552
2025-01-16 19:34:00,50.1,3906,225,0.740
2025-01-16 19:36:00,99.6,7813,227,0.523
2025-01-16 19:38:00,99.4,9346,226,0.566
2025-01-16 19:40:00,99.4,4695,227,1.02
2025-01-16 19:42:00,49.8,5208,226,0.682
2025-01-16 19:44:00,100.0,6711,225,0.828
2025-01-16 19:46:00,50.1,4695,227,0.479
2025-01-16 19:48:00,198,3891,225,0.653
2025-01-16 19:50:00,99.4,5208,225,0.639
2025-01-16 19:52:00,99.9,4695,226,0.508
2025-01-16 19:54:00,50.1,5848,226,0.508
2025-01-16 19:56:00,66.4,7813,225,0.392
2025-01-16 19:58:00,50.0,3906,225,0.508
2025-01-16 20:00:00,49.9,5208,226,0.668
2025-01-16 20:02:00,99.7,4255,225,0.900
2025-01-16 20:04:00,50.0,5181,225,0.740
2025-01-16 20:06:00,99.4,4695,226,0.421
2025-01-16 20:08:00,50.0,6667,227,0.799
2025-01-16 20:10:00,196,7752,226,0.566
2025-01-16 20:12:00,50.0,3906,225,0.494
2025-01-16 20:14:00,50.1,7813,225,0.319
2025-01-16 20:16:00,49.8,3922,227,1.39
2025-01-16 20:18:00,49.9,11628,226,0.523
2025-01-16 20:20:00,49.9,1805,225,0.407
2025-01-16 20:22:00,100,4274,226,0.581
2025-01-16 20:24:00,66.8,11628,224,0.639
2025-01-16 20:26:00,66.8,6711,226,0.610
2025-01-16 20:28:00,99.2,5208,227,0.610
2025-01-16 20:30:00,49.9,4695,225,0.508
2025-01-16 20:32:00,99.4,11628,225,0.436
2025-01-16 20:34:00,50.1,11765,226,0.552
2025-01-16 20:36:00,99.7,3135,226,0.479
2025-01-16 20:38:00,100,9346,225,0.581
2025-01-16 20:40:00,66.9,5208,226,0.508
2025-01-16 20:42:00,49.9,4255,226,0.494
2025-01-16 20:44:00,100,5882,226,0.740
2025-01-16 20:46:00,50.1,4274,226,2.56
2025-01-16 20:48:00,50.2,9346,225,0.624
2025-01-16 20:50:00,50.0,5882,225,0.421
2025-01-16 20:52:00,99.4,2037,226,0.494
2025-01-16 20:54:00,99.2,2933,226,0.799
2025-01-16 20:56:00,49.9,4695,226,0.552
2025-01-16 20:58:00,66.9,3356,226,0.465
2025-01-16 21:00:00,67.0,2347,226,0.624
2025-01-16 21:02:00,50.0,5208,226,0.319
2025-01-16 21:04:00,100,5848,225,0.450
2025-01-16 21:06:00,50.1,4695,226,0.392
2025-01-16 21:08:00,50.1,6711,225,0.624
2025-01-16 21:10:00,66.5,7813,226,0.929
2025-01-16 21:12:00,99.7,6711,230,0.465
2025-01-16 21:14:00,99.7,4255,230,0.334
2025-01-16 21:16:00,50.0,5208,229,0.465
2025-01-16 21:18:00,99.4,3610,228,0.508
2025-01-16 21:20:00,100,6711,228,0.726
2025-01-16 21:22:00,50.1,5882,228,0.508
2025-01-16 21:24:00,50.0,7813,229,0.479
2025-01-16 21:26:00,50.0,4255,228,0.334
2025-01-16 21:28:00,99.4,6623,229,0.407
2025-01-16 21:30:00,50.0,7813,229,0.494
2025-01-16 21:32:00,50.1,7813,229,0.682
2025-01-16 21:34:00,99.6,6711,229,0.610
2025-01-16 21:36:00,99.4,7813,229,0.610
2025-01-16 21:38:00,49.9,4274,228,0.711
2025-01-16 21:40:00,50.0,5882,229,0.392
2025-01-16 21:42:00,49.9,7813,229,0.581
2025-01-16 21:44:00,99.7,5208,229,0.450
2025-01-16 21:46:00,99.4,3922,229,0.523
2025-01-16 21:48:00,100,5208,229,0.682
2025-01-16 21:50:00,196,7813,229,0.407
2025-01-16 21:52:00,50.0,5848,229,0.377
2025-01-16 21:54:00,66.8,5208,229,0.581
2025-01-16 21:56:00,99.4,4695,229,0.407
2025-01-16 21:58:00,66.8,2237,229,0.508
2025-01-16 22:00:00,50.0,3906,230,0.523
2025-01-16 22:02:00,99.4,11765,230,0.450
2025-01-16 22:04:00,198,6711,228,0.523
2025-01-16 22:06:00,50.0,7813,229,0.508
2025-01-16 22:08:00,99.7,6711,228,0.436
2025-01-16 22:10:00,99.9,3356,228,0.595
2025-01-16 22:12:00,99.4,3356,230,0.523
2025-01-16 22:14:00,99.2,9346,229,0.523
2025-01-16 22:16:00,66.6,6711,228,0.624
2025-01-16 22:18:00,99.1,5848,229,0.537
2025-01-16 22:20:00,100,7813,229,0.479
2025-01-16 22:22:00,66.8,5208,228,0.407
2025-01-16 22:24:00,50.0,9346,226,0.407
2025-01-16 22:26:00,49.8,3115,226,0.552
2025-01-16 22:28:00,66.6,4219,226,0.421
2025-01-16 22:30:00,99.9,7813,225,0.523
2025-01-16 22:32:00,99.4,6711,226,0.508
2025-01-16 22:34:00,100,6711,225,0.769
2025-01-16 22:36:00,66.8,4695,226,0.290
2025-01-16 22:38:00,50.1,9346,226,0.537
2025-01-16 22:40:00,50.1,5848,226,0.581
2025-01-16 22:42:00,99.4,6711,225,0.494
2025-01-16 22:44:00,50.1,6711,225,0.465
2025-01-16 22:46:00,49.8,6711,226,0.377
2025-01-16 22:48:00,50.0,5848,225,0.508
2025-01-16 22:50:00,66.8,3125,226,0.610
2025-01-16 22:52:00,99.4,9346,225,0.436
2025-01-16 22:54:00,66.9,5208,226,0.421
2025-01-16 22:56:00,50.1,11494,224,0.566
2025-01-16 22:58:00,50.1,7752,225,0.508
2025-01-16 23:00:00,50.1,5814,227,0.682
2025-01-16 23:02:00,99.4,4695,225,0.407
2025-01-16 23:04:00,99.5,3922,226,0.537
2025-01-16 23:06:00,100,2347,225,0.552
2025-01-16 23:08:00,50.0,6623,226,0.726
2025-01-16 23:10:00,50.0,11628,226,0.392
2025-01-16 23:12:00,100,7813,227,0.479
2025-01-16 23:14:00,99.4,7813,226,0.465
2025-01-16 23:16:00,99.7,7692,227,0.494
2025-01-16 23:18:00,99.2,3891,226,0.537
2025-01-16 23:20:00,100,3597,226,0.537
2025-01-16 23:22:00,50.0,5882,226,0.508
2025-01-16 23:24:00,50.0,11765,226,0.348
2025-01-16 23:26:00,99.1,4673,226,0.436
2025-01-16 23:28:00,50.0,7813,226,0.436
2025-01-16 23:30:00,49.9,7813,226,0.523
2025-01-16 23:32:00,66.8,2924,226,0.305
2025-01-16 23:34:00,100,5208,227,0.624
2025-01-16 23:36:00,99.7,9259,226,0.377
2025-01-16 23:38:00,50.0,4274,224,0.566
2025-01-16 23:40:00,50.0,3610,226,0.537
2025-01-16 23:42:00,50.0,2933,225,0.436
2025-01-16 23:44:00,50.0,5814,225,0.537
2025-01-16 23:46:00,99.4,6667,226,0.537
2025-01-16 23:48:00,50.2,11628,228,0.494
2025-01-16 23:50:00,49.9,5208,228,0.537
2025-01-16 23:52:00,50.1,4695,227,0.377
2025-01-16 23:54:00,49.9,5208,226,0.436
2025-01-16 23:56:00,100,9346,227,0.407
2025-01-16 23:58:00,50.0,7692,226,0.479
2025-01-17 00:00:00,50.0,4274,226,0.537
2025-01-17 00:02:00,99.9,9346,227,0.450
2025-01-17 00:04:00,49.9,2128,226,0.523
2025-01-17 00:06:00,99.9,4695,226,0.697
2025-01-17 00:08:00,100,6711,227,0.479
2025-01-17 00:10:00,100,9346,226,0.537
2025-01-17 00:12:00,50.0,3610,226,0.799
2025-01-17 00:14:00,49.9,9346,226,0.552
2025-01-17 00:16:00,99.4,6711,227,0.610
2025-01-17 00:18:00,50.1,7813,226,0.595
2025-01-17 00:20:00,49.9,5208,226,0.537
2025-01-17 00:22:00,50.1,7813,227,0.450
2025-01-17 00:24:00,99.4,6711,228,0.552
2025-01-17 00:26:00,49.9,5208,226,0.871
2025-01-17 00:28:00,49.8,4255,227,0.857
2025-01-17 00:30:00,50.0,7813,227,0.450
2025-01-17 00:32:00,50.0,4695,226,0.494
2025-01-17 00:34:00,50.0,4274,227,0.494
2025-01-17 00:36:00,50.0,3333,226,0.581
2025-01-17 00:38:00,99.6,6711,227,0.624
2025-01-17 00:40:00,99.2,6711,228,0.857
2025-01-17 00:42:00,50.1,7813,226,0.610
2025-01-17 00:44:00,100,4255,226,0.465
2025-01-17 00:46:00,50.0,2933,226,0.595
2025-01-17 00:48:00,50.1,2469,227,0.465
2025-01-17 00:50:00,66.3,5882,226,0.566
2025-01-17 00:52:00,49.9,5848,226,0.377
2025-01-17 00:54:00,49.9,2463,226,0.363
2025-01-17 00:56:00,50.0,1730,226,0.624
2025-01-17 00:58:00,100,7692,226,0.377
2025-01-17 01:00:00,100,9346,226,0.523
2025-01-17 01:02:00,50.0,2469,227,0.523
2025-01-17 01:04:00,100,9346,225,0.842
2025-01-17 01:06:00,99.4,7692,226,0.653
2025-01-17 01:08:00,197,3922,226,0.668
2025-01-17 01:10:00,99.4,6711,226,0.915
2025-01-17 01:12:00,50.0,3906,225,0.610
2025-01-17 01:14:00,99.5,2762,225,0.465
2025-01-17 01:16:00,50.1,6711,226,0.421
2025-01-17 01:18:00,50.1,5848,226,0.363
2025-01-17 01:20:00,99.2,6667,227,0.828
2025-01-17 01:22:00,50.1,3906,226,0.218
2025-01-17 01:24:00,99.7,3906,225,0.450
2025-01-17 01:26:00,50.0,7813,225,0.726
2025-01-17 01:28:00,197,5882,227,0.436
2025-01-17 01:30:00,50.0,4695,227,0.508
2025-01-17 01:32:00,66.5,5208,227,0.624
2025-01-17 01:34:00,100.0,2933,226,0.769
2025-01-17 01:36:00,50.2,5714,227,0.537
2025-01-17 01:38:00,49.9,6711,226,0.363
2025-01-17 01:40:00,199,2463,227,0.377
2025-01-17 01:42:00,50.0,3333,226,0.566
2025-01-17 01:44:00,50.0,3906,227,0.784
2025-01-17 01:46:00,50.1,4255,226,0.508
2025-01-17 01:48:00,99.2,6711,226,0.653
2025-01-17 01:50:00,50.0,6711,226,0.305
2025-01-17 01:52:00,66.9,3831,226,0.537
2025-01-17 01:54:00,49.9,6711,226,0.726
2025-01-17 01:56:00,50.0,9346,227,0.566
2025-01-17 01:58:00,66.5,5848,227,0.465
2025-01-17 02:00:00,49.9,3333,227,1.51
2025-01-17 02:02:00,49.9,5882,227,0.711
2025-01-17 02:04:00,101,4274,227,0.377
2025-01-17 02:06:00,66.8,11765,227,0.392
2025-01-17 02:08:00,66.8,5848,227,0.421
2025-01-17 02:10:00,49.9,7813,227,0.407
2025-01-17 02:12:00,99.4,4202,227,0.407
2025-01-17 02:14:00,99.6,11765,227,0.552
2025-01-17 02:16:00,50.0,5848,227,0.305
2025-01-17 02:18:00,50.0,1880,227,0.552
2025-01-17 02:20:00,50.0,11765,225,0.537
2025-01-17 02:22:00,99.1,7813,227,0.624
2025-01-17 02:24:00,49.8,5208,226,0.465
2025-01-17 02:26:00,49.9,6623,228,0.653
2025-01-17 02:28:00,50.1,9346,227,0.450
2025-01-17 02:30:00,50.0,3356,225,0.726
2025-01-17 02:32:00,49.9,4695,226,0.218
2025-01-17 02:34:00,49.9,7813,227,0.639
2025-01-17 02:36:00,49.9,9346,226,0.363
2025-01-17 02:38:00,49.9,5848,226,0.886
2025-01-17 02:40:00,99.2,5814,226,0.871
2025-01-17 02:42:00,100,7813,227,0.900
2025-01-17 02:44:00,49.9,7813,227,0.886
2025-01-17 02:46:00,99.6,6711,226,0.392
2025-01-17 02:48:00,49.8,5814,226,0.653
2025-01-17 02:50:00,50.1,5208,226,0.479
2025-01-17 02:52:00,100,9346,226,0.726
2025-01-17 02:54:00,99.7,3610,225,0.479
2025-01-17 02:56:00,100,4237,226,0.900
2025-01-17 02:58:00,66.7,5848,226,0.915
2025-01-17 03:00:00,66.9,4695,225,0.857
2025-01-17 03:02:00,66.8,3906,227,0.740
2025-01-17 03:04:00,100,2584,226,0.610
2025-01-17 03:06:00,50.0,3356,226,0.769
2025-01-17 03:08:00,67.0,9346,227,0.784
2025-01-17 03:10:00,99.2,9346,225,0.740
2025-01-17 03:12:00,100,4673,226,0.610
2025-01-17 03:14:00,99.1,2132,227,0.711
2025-01-17 03:16:00,49.9,5848,226,0.711
2025-01-17 03:18:00,66.8,6711,226,0.508
2025-01-17 03:20:00,100,2933,225,0.421
2025-01-17 03:22:00,100,9346,225,0.537
2025-01-17 03:24:00,99.4,3906,226,0.494
2025-01-17 03:26:00,99.4,2237,225,0.552
2025-01-17 03:28:00,99.4,3610,225,0.494
2025-01-17 03:30:00,99.1,2597,226,0.377
2025-01-17 03:32:00,50.1,1876,225,0.465
2025-01-17 03:34:00,49.8,7813,225,1.70
2025-01-17 03:36:00,50.1,7813,225,0.436
2025-01-17 03:38:00,50.0,3584,225,0.479
2025-01-17 03:40:00,197,4274,226,0.392
2025-01-17 03:42:00,100,5208,224,0.450
2025-01-17 03:44:00,50.1,11628,226,0.436
2025-01-17 03:46:00,50.1,4274,226,0.421
2025-01-17 03:48:00,100,2137,226,0.465
2025-01-17 03:50:00,66.8,4651,226,0.450
2025-01-17 03:52:00,99.4,6711,227,0.392
2025-01-17 03:54:00,99.4,6711,226,0.363
2025-01-17 03:56:00,50.0,9259,226,0.465
2025-01-17 03:58:00,66.9,7813,227,0.450
2025-01-17 04:00:00,50.0,3584,227,0.421
2025-01-17 04:02:00,49.9,7813,225,0.407
2025-01-17 04:04:00,99.2,5208,226,0.436
2025-01-17 04:06:00,49.9,9259,227,0.421
2025-01-17 04:08:00,66.9,3610,227,0.377
2025-01-17 04:10:00,49.9,4255,227,0.421
2025-01-17 04:12:00,50.0,3115,227,0.305
2025-01-17 04:14:00,99.4,2132,225,0.392
2025-01-17 04:16:00,66.8,3610,226,0.290
2025-01-17 04:18:00,100.0,1350,225,0.421
2025-01-17 04:20:00,49.9,7813,225,0.247
2025-01-17 04:22:00,66.6,3125,226,0.334
2025-01-17 04:24:00,99.3,3135,225,0.392
2025-01-17 04:26:00,49.9,9346,225,0.348
2025-01-17 04:28:00,99.4,11765,226,0.407
2025-01-17 04:30:00,100,7813,225,0.465
2025-01-17 04:32:00,99.4,6667,226,0.436
2025-01-17 04:34:00,99.4,2611,226,0.377
2025-01-17 04:36:00,99.2,5848,226,0.392
2025-01-17 04:38:00,100,7813,226,0.377
2025-01-17 04:40:00,100,11765,227,0.552
2025-01-17 04:42:00,50.0,7813,226,0.407
2025-01-17 04:44:00,50,5208,226,0.421
2025-01-17 04:46:00,49.9,5208,226,0.392
2025-01-17 04:48:00,66.7,3610,227,0.377
2025-01-17 04:50:00,100.0,2933,227,0.436
2025-01-17 04:52:00,99.2,3906,226,0.421
2025-01-17 04:54:00,49.9,5208,226,0.377
2025-01-17 04:56:00,50.1,5848,226,0.363
2025-01-17 04:58:00,50.0,3891,226,0.436
2025-01-17 05:00:00,199,9346,227,0.436
2025-01-17 05:02:00,99.9,9346,226,0.319
2025-01-17 05:04:00,50.1,5814,226,0.334
2025-01-17 05:06:00,99.4,4237,225,0.348
2025-01-17 05:08:00,50.0,1880,225,0.334
2025-01-17 05:10:00,50.1,5208,225,0.334
2025-01-17 05:12:00,67.0,3356,226,0.465
2025-01-17 05:14:00,100,5208,226,0.407
2025-01-17 05:16:00,99.1,3333,226,0.465
2025-01-17 05:18:00,99.7,6667,225,0.508
2025-01-17 05:20:00,99.4,9346,226,0.494
2025-01-17 05:22:00,50.1,5208,226,0.436
2025-01-17 05:24:00,66.8,9346,226,0.392
2025-01-17 05:26:00,50.1,5848,225,0.479
2025-01-17 05:28:00,50.1,6711,226,0.436
2025-01-17 05:30:00,99.2,3344,225,0.421
2025-01-17 05:32:00,50.0,3115,225,0.436
2025-01-17 05:34:00,50.1,5848,227,4.97
2025-01-17 05:36:00,198,7813,226,0.450
2025-01-17 05:38:00,99.2,5780,226,4.38
2025-01-17 05:40:00,99.9,3106,226,7.99
2025-01-17 05:42:00,50.0,5814,226,8.57
2025-01-17 05:44:00,100,3356,227,8.49
2025-01-17 05:46:00,100,5208,226,8.67
2025-01-17 05:48:00,49.9,3115,226,0.552
2025-01-17 05:50:00,50.1,3906,225,0.421
2025-01-17 05:52:00,49.9,1736,226,0.377
2025-01-17 05:54:00,50.1,5128,226,0.494
2025-01-17 05:56:00,99.2,4274,226,0.494
2025-01-17 05:58:00,100,2232,226,0.595
2025-01-17 06:00:00,99.4,2538,226,0.377
2025-01-17 06:02:00,100,1513,226,0.377
2025-01-17 06:04:00,66.7,4274,225,0.319
2025-01-17 06:06:00,100,3906,226,0.566
2025-01-17 06:08:00,99.4,7813,225,0.392
2025-01-17 06:10:00,49.9,1565,225,0.595
2025-01-17 06:12:00,50.0,5208,226,0.479
2025-01-17 06:14:00,99.7,1236,226,0.552
2025-01-17 06:16:00,50.1,5181,225,0.436
2025-01-17 06:18:00,50.0,2037,226,0.566
2025-01-17 06:20:00,49.9,1880,226,0.581
2025-01-17 06:22:00,49.9,1067,227,0.348
2025-01-17 06:24:00,99.2,3135,226,0.740
2025-01-17 06:26:00,50.1,5208,225,0.682
2025-01-17 06:28:00,50.1,9346,227,0.537
2025-01-17 06:30:00,50.1,,226,
2025-01-17 06:32:00,49.8,1342,225,1.23
2025-01-17 06:34:00,50.1,,226,
2025-01-17 06:36:00,99.4,,228,
2025-01-17 06:38:00,99.4,,230,
2025-01-17 06:40:00,100,,230,
2025-01-17 06:42:00,50.0,,229,
2025-01-17 06:44:00,49.9,,229,
2025-01-17 06:46:00,50.0,,229,
2025-01-17 06:48:00,99.4,,229,
2025-01-17 06:50:00,50.0,,229,
2025-01-17 06:52:00,100,,229,
2025-01-17 06:54:00,49.9,,228,
2025-01-17 06:56:00,50.1,,230,
2025-01-17 06:58:00,50.1,,228,
2025-01-17 07:00:00,50.0,,229,
2025-01-17 07:02:00,50.0,,229,
2025-01-17 07:04:00,50.1,,230,
2025-01-17 07:06:00,50.0,,229,
2025-01-17 07:08:00,50.0,,229,
2025-01-17 07:10:00,50.1,,229,
2025-01-17 07:12:00,50.0,,229,
2025-01-17 07:14:00,66.8,,229,
2025-01-17 07:16:00,49.9,,230,
2025-01-17 07:18:00,66.7,,230,
2025-01-17 07:20:00,50.0,,230,
2025-01-17 07:22:00,49.9,,228,
2025-01-17 07:24:00,50.0,,230,
2025-01-17 07:26:00,99.7,,230,
2025-01-17 07:28:00,50.1,,229,
2025-01-17 07:30:00,198,,229,
2025-01-17 07:32:00,50.0,,228,
2025-01-17 07:34:00,50.1,,230,
2025-01-17 07:36:00,99.4,,228,
2025-01-17 07:38:00,99.4,,230,
2025-01-17 07:40:00,50.1,,228,
2025-01-17 07:42:00,50.1,,229,
2025-01-17 07:44:00,99.4,,230,
2025-01-17 07:46:00,66.6,,230,
2025-01-17 07:48:00,50.1,,229,
2025-01-17 07:50:00,199,,230,
2025-01-17 07:52:00,50.0,,227,
2025-01-17 07:54:00,50.2,,226,
2025-01-17 07:56:00,99.1,,226,
2025-01-17 07:58:00,99.9,,227,
2025-01-17 08:00:00,99.9,,226,
2025-01-17 08:02:00,50.0,,225,
2025-01-17 08:04:00,66.8,,227,
2025-01-17 08:06:00,100,49.6,225,213
2025-01-17 08:08:00,99.4,49.5,226,211
2025-01-17 08:10:00,66.7,49.5,225,205
2025-01-17 08:12:00,99.2,49.5,226,209
2025-01-17 08:14:00,99.9,49.6,227,206
2025-01-17 08:16:00,50.1,49.5,226,206
2025-01-17 08:18:00,99.1,49.7,226,203
2025-01-17 08:20:00,100,49.7,227,207
2025-01-17 08:22:00,66.8,49.4,226,203
2025-01-17 08:24:00,99.4,49.7,226,204
2025-01-17 08:26:00,50.1,49.6,225,200
2025-01-17 08:28:00,66.8,49.7,226,197
2025-01-17 08:30:00,66.7,49.8,227,197
2025-01-17 08:32:00,67.0,49.7,226,195
2025-01-17 08:34:00,100.0,49.6,226,199
2025-01-17 08:36:00,49.8,49.3,226,200
2025-01-17 08:38:00,100,49.6,226,201
2025-01-17 08:40:00,66.6,49.5,225,202
2025-01-17 08:42:00,100,49.5,227,197
2025-01-17 08:44:00,50.0,49.7,226,197
2025-01-17 08:46:00,49.9,49.3,227,200
2025-01-17 08:48:00,99.4,49.3,226,199
2025-01-17 08:50:00,49.9,49.7,226,192
2025-01-17 08:52:00,99.4,49.4,232,194
2025-01-17 08:54:00,50.1,49.5,230,196
2025-01-17 08:56:00,99.7,49.5,230,201
2025-01-17 08:58:00,66.5,49.6,230,198
2025-01-17 09:00:00,49.8,49.4,229,195
2025-01-17 09:02:00,99.4,49.5,230,200
2025-01-17 09:04:00,66.9,49.6,231,197
2025-01-17 09:06:00,99.4,49.4,230,200
2025-01-17 09:08:00,100,49.2,229,195
2025-01-17 09:10:00,99.4,49.6,230,199
2025-01-17 09:12:00,50.0,49.6,230,201
2025-01-17 09:14:00,99.4,49.5,228,201
2025-01-17 09:16:00,50.1,49.3,231,193
2025-01-17 09:18:00,99.1,49.6,229,194
2025-01-17 09:20:00,50.0,49.4,230,200
2025-01-17 09:22:00,99.6,49.3,230,201
2025-01-17 09:24:00,197,49.3,230,187
2025-01-17 09:26:00,50.0,49.6,231,191
2025-01-17 09:28:00,49.9,49.3,231,191
2025-01-17 09:30:00,99.2,49.3,230,199
2025-01-17 09:32:00,100.0,49.4,229,197
2025-01-17 09:34:00,99.4,49.4,230,201
2025-01-17 09:36:00,50.2,49.5,228,197
2025-01-17 09:38:00,50.0,49.4,231,199
2025-01-17 09:40:00,100,49.3,231,191
2025-01-17 09:42:00,50.2,49.4,230,188
2025-01-17 09:44:00,99.4,49.2,229,190
2025-01-17 09:46:00,100,49.6,231,186
2025-01-17 09:48:00,100,49.4,230,184
2025-01-17 09:50:00,99.4,49.4,230,186
2025-01-17 09:52:00,99.1,49.7,231,179
2025-01-17 09:54:00,67.0,49.4,230,178
2025-01-17 09:56:00,66.8,49.1,230,185
2025-01-17 09:58:00,100.0,49.1,230,190
2025-01-17 10:00:00,99.2,49.3,228,178
2025-01-17 10:02:00,50.1,49.3,229,179
2025-01-17 10:04:00,49.8,49.5,230,184
2025-01-17 10:06:00,100,49.5,229,188
2025-01-17 10:08:00,49.8,49.6,229,191
2025-01-17 10:10:00,66.5,49.3,229,182
2025-01-17 10:12:00,49.9,49.2,229,191
2025-01-17 10:14:00,197,49.3,231,194
2025-01-17 10:16:00,67.0,49.2,228,189
2025-01-17 10:18:00,50.0,49.0,230,191
2025-01-17 10:20:00,66.9,49.6,229,190
2025-01-17 10:22:00,50.0,49.1,229,196
2025-01-17 10:24:00,100,49.2,229,195
2025-01-17 10:26:00,49.9,49.3,229,196
2025-01-17 10:28:00,99.7,49.1,230,188
2025-01-17 10:30:00,50.2,49.3,231,184
2025-01-17 10:32:00,50.0,49.2,229,190
2025-01-17 10:34:00,99.4,49.5,229,185
2025-01-17 10:36:00,100,49.4,229,193
2025-01-17 10:38:00,49.9,49.5,229,186
2025-01-17 10:40:00,50.1,49.1,230,190
2025-01-17 10:42:00,100,49.1,229,191
2025-01-17 10:44:00,50.0,48.8,229,194
2025-01-17 10:46:00,66.8,49.3,230,193
2025-01-17 10:48:00,198,49.4,229,200
2025-01-17 10:50:00,50.0,49.2,229,195
2025-01-17 10:52:00,100,49.5,230,194
2025-01-17 10:54:00,99.4,49.2,229,196
2025-01-17 10:56:00,50.1,49.4,230,197
2025-01-17 10:58:00,66.8,49.5,229,196
2025-01-17 11:00:00,50.0,49.2,228,193
2025-01-17 11:02:00,100,49.2,228,184
2025-01-17 11:04:00,99.7,49.6,228,197
2025-01-17 11:06:00,99.4,49.5,229,191
2025-01-17 11:08:00,50.0,49.2,229,191
2025-01-17 11:10:00,50.2,49.4,229,195
2025-01-17 11:12:00,100,49.2,229,192
2025-01-17 11:14:00,99.4,49.4,229,196
2025-01-17 11:16:00,50.1,49.3,230,195
2025-01-17 11:18:00,100,49.5,230,192
2025-01-17 11:20:00,50.0,49.1,229,193
2025-01-17 11:22:00,50.1,49.4,229,190
2025-01-17 11:24:00,49.9,49.0,229,191
2025-01-17 11:26:00,99.4,49.3,229,195
2025-01-17 11:28:00,49.9,49.3,229,195
2025-01-17 11:30:00,99.9,49.2,230,194
2025-01-17 11:32:00,50.2,49.3,229,194
2025-01-17 11:34:00,99.4,49.2,229,192
2025-01-17 11:36:00,99.4,97.7,230,194
2025-01-17 11:38:00,99.1,49.5,228,193
2025-01-17 11:40:00,49.9,49.4,228,195
2025-01-17 11:42:00,66.4,49.4,229,190
2025-01-17 11:44:00,50.0,49.4,229,194
2025-01-17 11:46:00,100,49.3,230,191
2025-01-17 11:48:00,66.6,49.7,229,190
2025-01-17 11:50:00,99.4,49.6,229,192
2025-01-17 11:52:00,66.9,49.3,229,194
2025-01-17 11:54:00,50.0,49.5,230,191
2025-01-17 11:56:00,101,49.4,229,194
2025-01-17 11:58:00,50.0,49.2,228,188
2025-01-17 12:00:00,50.2,49.5,230,189
2025-01-17 12:02:00,50.1,49.8,228,190
2025-01-17 12:04:00,66.4,49.3,229,190
2025-01-17 12:06:00,50.0,49.5,229,184
2025-01-17 12:08:00,50.0,49.2,229,183
2025-01-17 12:10:00,99.4,49.5,228,190
2025-01-17 12:12:00,100,49.5,229,186
2025-01-17 12:14:00,66.8,49.3,228,187
2025-01-17 12:16:00,99.3,49.4,228,188
2025-01-17 12:18:00,99.4,49.7,229,193
2025-01-17 12:20:00,100,49.3,229,191
2025-01-17 12:22:00,49.9,49.6,229,185
2025-01-17 12:24:00,99.2,49.4,229,183
2025-01-17 12:26:00,99.1,49.4,229,183
2025-01-17 12:28:00,66.8,49.4,228,182
2025-01-17 12:30:00,99.4,49.4,229,186
2025-01-17 12:32:00,50.0,49.4,229,186
2025-01-17 12:34:00,100,49.7,228,182
2025-01-17 12:36:00,66.8,49.5,229,186
2025-01-17 12:38:00,50.0,49.4,229,185
2025-01-17 12:40:00,50.1,49.8,228,182
2025-01-17 12:42:00,66.8,49.2,229,179
2025-01-17 12:44:00,99.2,49.6,230,178
2025-01-17 12:46:00,196,49.4,229,185
2025-01-17 12:48:00,99.2,49.5,229,181
2025-01-17 12:50:00,100,49.5,229,183
2025-01-17 12:52:00,49.9,49.6,229,185
2025-01-17 12:54:00,100,49.3,228,185
2025-01-17 12:56:00,99.2,49.2,229,182
2025-01-17 12:58:00,49.9,49.7,230,185
2025-01-17 13:00:00,50.0,49.6,229,178
2025-01-17 13:02:00,100,49.4,229,177
2025-01-17 13:04:00,100,49.6,228,177
2025-01-17 13:06:00,50.0,49.6,229,184
2025-01-17 13:08:00,49.9,49.4,229,181
2025-01-17 13:10:00,50.1,49.6,229,189
2025-01-17 13:12:00,100,49.7,228,179
2025-01-17 13:14:00,50.0,49.4,228,175
2025-01-17 13:16:00,100,49.2,228,185
2025-01-17 13:18:00,50.1,49.6,229,180
2025-01-17 13:20:00,50.0,49.6,228,185
2025-01-17 13:22:00,50.1,49.5,229,187
2025-01-17 13:24:00,50.0,49.7,228,185
2025-01-17 13:26:00,197,49.5,229,187
2025-01-17 13:28:00,50.0,49.4,229,183
2025-01-17 13:30:00,99.4,49.5,228,188
2025-01-17 13:32:00,50.0,49.8,229,194
2025-01-17 13:34:00,99.2,49.7,230,195
2025-01-17 13:36:00,66.8,49.8,230,194
2025-01-17 13:38:00,99.2,49.4,229,187
2025-01-17 13:40:00,50.0,49.6,228,188
2025-01-17 13:42:00,50.0,49.7,228,184
2025-01-17 13:44:00,66.7,49.6,229,186
2025-01-17 13:46:00,49.9,49.5,229,183
2025-01-17 13:48:00,100.0,49.6,228,185
2025-01-17 13:50:00,50.0,49.5,228,183
2025-01-17 13:52:00,198,49.8,228,186
2025-01-17 13:54:00,66.7,49.5,229,184
2025-01-17 13:56:00,99.4,49.6,230,187
2025-01-17 13:58:00,50.1,49.8,229,184
2025-01-17 14:00:00,50.1,49.4,228,185
2025-01-17 14:02:00,100,49.8,230,190
2025-01-17 14:04:00,66.8,49.8,229,192
2025-01-17 14:06:00,99.2,49.8,229,192
2025-01-17 14:08:00,50.2,49.5,229,198
2025-01-17 14:10:00,99.4,49.7,228,190
2025-01-17 14:12:00,66.7,49.7,228,202
2025-01-17 14:14:00,99.4,49.5,229,193
2025-01-17 14:16:00,99.4,49.6,228,193
2025-01-17 14:18:00,66.6,49.7,229,193
2025-01-17 14:20:00,50.1,49.6,228,181
2025-01-17 14:22:00,99.2,49.6,229,191
2025-01-17 14:24:00,49.9,49.7,229,187
2025-01-17 14:26:00,50.2,49.7,228,188
2025-01-17 14:28:00,49.9,50.0,229,194
2025-01-17 14:30:00,99.1,49.6,229,187
2025-01-17 14:32:00,99.2,49.7,229,198
2025-01-17 14:34:00,99.1,49.7,229,194
2025-01-17 14:36:00,66.8,49.9,229,200
2025-01-17 14:38:00,99.4,49.6,230,198
2025-01-17 14:40:00,99.4,49.9,229,192
2025-01-17 14:42:00,99.2,49.6,230,188
2025-01-17 14:44:00,100,50.1,228,191
2025-01-17 14:46:00,199,49.8,229,191
2025-01-17 14:48:00,99.9,49.8,228,191
2025-01-17 14:50:00,99.7,49.8,228,189
2025-01-17 14:52:00,50.0,49.8,231,188
2025-01-17 14:54:00,99.9,49.8,229,194
2025-01-17 14:56:00,49.8,49.7,229,191
2025-01-17 14:58:00,50.1,49.7,229,192
2025-01-17 15:00:00,66.8,49.4,229,190
2025-01-17 15:02:00,99.7,49.7,229,193
2025-01-17 15:04:00,50.0,49.3,230,186
2025-01-17 15:06:00,100,50.0,228,191
2025-01-17 15:08:00,66.5,49.6,229,190
2025-01-17 15:10:00,49.9,49.6,230,182
2025-01-17 15:12:00,49.8,50.0,229,186
2025-01-17 15:14:00,50.0,49.9,229,191
2025-01-17 15:16:00,50.1,49.6,230,197
2025-01-17 15:18:00,50.0,49.2,229,197
2025-01-17 15:20:00,49.9,50.0,228,195
2025-01-17 15:22:00,49.8,49.7,230,199
2025-01-17 15:24:00,99.9,49.6,228,188
2025-01-17 15:26:00,99.4,49.5,229,190
2025-01-17 15:28:00,99.9,49.8,230,194
2025-01-17 15:30:00,100,49.7,230,194
2025-01-17 15:32:00,50.1,49.7,229,194
2025-01-17 15:34:00,50.1,49.7,228,195
2025-01-17 15:36:00,99.4,49.6,229,197
2025-01-17 15:38:00,66.7,49.5,229,190
2025-01-17 15:40:00,100,49.5,229,193
2025-01-17 15:42:00,99.7,49.5,229,193
2025-01-17 15:44:00,66.7,49.5,229,193
2025-01-17 15:46:00,66.9,49.7,229,190
2025-01-17 15:48:00,50.1,49.3,229,192
2025-01-17 15:50:00,99.2,49.6,229,195
2025-01-17 15:52:00,100,49.6,229,199
2025-01-17 15:54:00,50.2,49.4,228,191
2025-01-17 15:56:00,50.1,49.4,229,186
2025-01-17 15:58:00,66.9,49.3,229,183
2025-01-17 16:00:00,99.4,49.7,229,191
2025-01-17 16:02:00,99.1,49.4,229,190
2025-01-17 16:04:00,50.0,49.4,229,193
2025-01-17 16:06:00,99.7,49.5,229,197
2025-01-17 16:08:00,99.6,49.7,229,197
2025-01-17 16:10:00,50.0,49.4,229,199
2025-01-17 16:12:00,50.0,49.5,229,199
2025-01-17 16:14:00,49.9,49.5,228,196
2025-01-17 16:16:00,100,49.6,230,199
2025-01-17 16:18:00,50.1,49.4,229,198
2025-01-17 16:20:00,49.9,49.5,228,199
2025-01-17 16:22:00,66.6,49.3,229,200
2025-01-17 16:24:00,100,49.6,229,201
2025-01-17 16:26:00,66.6,49.5,230,196
2025-01-17 16:28:00,99.4,49.5,229,195
2025-01-17 16:30:00,50.1,49.3,229,193
2025-01-17 16:32:00,49.9,49.5,229,197
2025-01-17 16:34:00,66.8,49.6,228,198
2025-01-17 16:36:00,49.9,49.5,228,197
2025-01-17 16:38:00,198,49.6,229,194
2025-01-17 16:40:00,100,49.5,229,195
2025-01-17 16:42:00,99.4,49.6,228,195
2025-01-17 16:44:00,66.8,49.9,229,196
2025-01-17 16:46:00,100.0,49.7,229,201
2025-01-17 16:48:00,49.8,49.6,230,197
2025-01-17 16:50:00,66.5,49.5,229,195
2025-01-17 16:52:00,99.4,49.6,229,190
2025-01-17 16:54:00,99.2,49.4,229,198
2025-01-17 16:56:00,66.8,49.7,229,197
2025-01-17 16:58:00,50.1,49.6,230,197
2025-01-17 17:00:00,66.9,49.3,229,192
2025-01-17 17:02:00,49.9,49.8,229,196
2025-01-17 17:04:00,50.0,49.3,229,200
2025-01-17 17:06:00,99.2,49.3,228,193
2025-01-17 17:08:00,100.0,49.7,230,196
2025-01-17 17:10:00,99.9,49.5,228,199
2025-01-17 17:12:00,50.0,49.5,230,199
2025-01-17 17:14:00,50.0,49.3,229,190
2025-01-17 17:16:00,50.0,49.2,228,189
2025-01-17 17:18:00,66.7,49.2,229,185
2025-01-17 17:20:00,50.0,49.6,229,190
2025-01-17 17:22:00,50.0,49.4,230,195
2025-01-17 17:24:00,50.0,49.5,230,192
2025-01-17 17:26:00,99.7,49.6,229,189
2025-01-17 17:28:00,101,49.3,229,190
2025-01-17 17:30:00,50.2,49.7,228,190
2025-01-17 17:32:00,99.4,49.5,228,188
2025-01-17 17:34:00,50.1,49.2,229,189
2025-01-17 17:36:00,199,49.4,229,187
2025-01-17 17:38:00,100,49.3,229,189
2025-01-17 17:40:00,99.4,49.4,229,193
2025-01-17 17:42:00,100,49.5,229,190
2025-01-17 17:44:00,100,49.2,229,188
2025-01-17 17:46:00,99.7,49.5,228,193
2025-01-17 17:48:00,50.0,49.5,229,191
2025-01-17 17:50:00,49.9,49.5,229,189
2025-01-17 17:52:00,99.2,49.3,229,186
2025-01-17 17:54:00,99.2,49.1,230,192
2025-01-17 17:56:00,99.6,49.3,229,187
2025-01-17 17:58:00,50.1,49.2,228,192
2025-01-17 18:00:00,66.8,49.2,229,193
2025-01-17 18:02:00,100,49.2,229,191
2025-01-17 18:04:00,66.8,49.6,228,195
2025-01-17 18:06:00,99.2,49.3,230,186
2025-01-17 18:08:00,49.9,49.4,229,190
2025-01-17 18:10:00,197,49.3,229,190
2025-01-17 18:12:00,66.5,49.0,230,190
2025-01-17 18:14:00,100,49.1,229,190
2025-01-17 18:16:00,99.9,4274,230,0.740
2025-01-17 18:18:00,101,5181,229,0.929
2025-01-17 18:20:00,100,6667,229,0.653
2025-01-17 18:22:00,66.8,5848,228,1.16
2025-01-17 18:24:00,99.1,5208,229,1.09
2025-01-17 18:26:00,66.8,3356,229,0.552
2025-01-17 18:28:00,99.1,4237,228,0.711
2025-01-17 18:30:00,50.0,5181,228,0.973
2025-01-17 18:32:00,99.1,9346,230,1.34
2025-01-17 18:34:00,50.2,5208,228,0.537
2025-01-17 18:36:00,99.5,11628,229,0.784
2025-01-17 18:38:00,99.2,6711,229,0.799
2025-01-17 18:40:00,66.7,3610,229,0.697
2025-01-17 18:42:00,99.4,2611,229,0.639
2025-01-17 18:44:00,99.4,2347,229,1.16
2025-01-17 18:46:00,100.0,5848,229,0.726
2025-01-17 18:48:00,196,3906,228,0.595
2025-01-17 18:50:00,66.9,11765,229,0.740
2025-01-17 18:52:00,50.1,3115,230,0.523
2025-01-17 18:54:00,99.2,2933,229,1.10
2025-01-17 18:56:00,99.7,3333,228,0.799
2025-01-17 18:58:00,50.0,2611,230,0.624
2025-01-17 19:00:00,66.6,3584,229,0.711
2025-01-17 19:02:00,100,5848,229,1.09
2025-01-17 19:04:00,66.6,3610,230,1.10
2025-01-17 19:06:00,50.0,5882,229,1.09
2025-01-17 19:08:00,50.0,3610,229,0.668
2025-01-17 19:10:00,66.8,7813,229,0.566
2025-01-17 19:12:00,49.8,4255,229,0.610
2025-01-17 19:14:00,50.1,6623,228,0.799
2025-01-17 19:16:00,50.0,3610,228,1.28
2025-01-17 19:18:00,50.1,5882,228,1.03
2025-01-17 19:20:00,99.6,5848,229,0.740
2025-01-17 19:22:00,99.4,2924,228,1.16
2025-01-17 19:24:00,49.9,4651,230,1.28
2025-01-17 19:26:00,50.0,2237,230,1.00
2025-01-17 19:28:00,50.1,4255,228,0.784
2025-01-17 19:30:00,50.0,4274,229,1.03
2025-01-17 19:32:00,50.0,9346,228,0.377
2025-01-17 19:34:00,49.9,2762,229,0.726
2025-01-17 19:36:00,66.9,9346,229,0.769
2025-01-17 19:38:00,100,3906,228,1.13
2025-01-17 19:40:00,50.0,7813,229,0.508
2025-01-17 19:42:00,66.9,6711,226,1.50
2025-01-17 19:44:00,99.4,3906,226,0.799
2025-01-17 19:46:00,99.2,2924,226,0.726
2025-01-17 19:48:00,50.0,3333,225,0.973
2025-01-17 19:50:00,99.4,4695,226,0.523
2025-01-17 19:52:00,49.9,4695,225,0.436
2025-01-17 19:54:00,99.4,3356,225,0.668
2025-01-17 19:56:00,50.0,5208,226,0.697
2025-01-17 19:58:00,100,5208,225,0.334
2025-01-17 20:00:00,50.1,6711,225,0.508
2025-01-17 20:02:00,66.5,4695,225,0.682
2025-01-17 20:04:00,99.2,6667,226,0.958
2025-01-17 20:06:00,99.2,2762,227,0.523
2025-01-17 20:08:00,50.1,9174,227,0.421
2025-01-17 20:10:00,50.1,9346,227,0.958
2025-01-17 20:12:00,100,6711,226,0.479
2025-01-17 20:14:00,50.0,3115,226,0.653
2025-01-17 20:16:00,50.1,2237,226,0.886
2025-01-17 20:18:00,99.9,4274,225,1.00
2025-01-17 20:20:00,49.8,6711,227,0.523
2025-01-17 20:22:00,100,5208,225,0.653
2025-01-17 20:24:00,100.0,7813,226,0.494
2025-01-17 20:26:00,99.1,6711,226,0.436
2025-01-17 20:28:00,100,7813,226,0.799
2025-01-17 20:30:00,99.4,5848,226,0.784
2025-01-17 20:32:00,50.0,7813,226,0.523
2025-01-17 20:34:00,50.1,3922,227,0.668
2025-01-17 20:36:00,50.1,2227,232,0.465
2025-01-17 20:38:00,50.0,2933,232,0.523
2025-01-17 20:40:00,50.1,5208,230,0.523
2025-01-17 20:42:00,66.6,3906,230,0.682
2025-01-17 20:44:00,49.9,7813,230,1.06
2025-01-17 20:46:00,49.9,7813,231,0.465
2025-01-17 20:48:00,100,4673,230,0.465
2025-01-17 20:50:00,100,3610,230,0.305
2025-01-17 20:52:00,49.8,2137,230,0.465
2025-01-17 20:54:00,66.8,5848,230,0.421
2025-01-17 20:56:00,100,6711,230,0.465
2025-01-17 20:58:00,99.1,2475,231,0.436
2025-01-17 21:00:00,99.2,3906,230,0.653
2025-01-17 21:02:00,99.4,7692,229,0.624
2025-01-17 21:04:00,50.0,4274,230,0.552
2025-01-17 21:06:00,50.1,6711,230,0.566
2025-01-17 21:08:00,66.7,3610,230,0.421
2025-01-17 21:10:00,50.1,3333,231,0.610
2025-01-17 21:12:00,99.4,2469,230,0.552
2025-01-17 21:14:00,99.4,5882,229,0.624
2025-01-17 21:16:00,66.9,3906,230,0.566
2025-01-17 21:18:00,50.1,7813,230,0.450
2025-01-17 21:20:00,100.0,4651,231,0.711
2025-01-17 21:22:00,66.9,2475,231,0.407
2025-01-17 21:24:00,49.9,4695,229,0.421
2025-01-17 21:26:00,100,4695,230,0.407
2025-01-17 21:28:00,67.0,11494,230,0.610
2025-01-17 21:30:00,66.9,5102,230,0.479
2025-01-17 21:32:00,50.0,6667,229,0.421
2025-01-17 21:34:00,50.0,4274,231,0.624
2025-01-17 21:36:00,50.0,5848,230,0.581
2025-01-17 21:38:00,50.2,2604,230,0.610
2025-01-17 21:40:00,50.1,4695,230,0.479
2025-01-17 21:42:00,198,5882,230,0.508
2025-01-17 21:44:00,50.2,5882,230,0.697
2025-01-17 21:46:00,50.1,9346,231,0.494
2025-01-17 21:48:00,99.4,3704,230,0.494
2025-01-17 21:50:00,50.0,7813,229,0.450
2025-01-17 21:52:00,50.0,5848,229,0.537
2025-01-17 21:54:00,99.4,7813,231,0.421
2025-01-17 21:56:00,50.0,6711,230,0.740
2025-01-17 21:58:00,49.9,1203,229,0.189
2025-01-17 22:00:00,99.6,5181,231,0.610
2025-01-17 22:02:00,99.4,3610,230,0.508
2025-01-17 22:04:00,197,7813,230,0.450
2025-01-17 22:06:00,50.1,5208,230,0.653
2025-01-17 22:08:00,50.1,5882,229,0.465
2025-01-17 22:10:00,99.1,4237,229,0.450
2025-01-17 22:12:00,50.1,3906,225,0.436
2025-01-17 22:14:00,99.2,7813,226,0.407
2025-01-17 22:16:00,99.4,2347,225,0.494
2025-01-17 22:18:00,99.4,7813,225,0.566
2025-01-17 22:20:00,50.2,5848,226,0.479
2025-01-17 22:22:00,99.4,11765,226,0.479
2025-01-17 22:24:00,100,2933,225,0.755
2025-01-17 22:26:00,100,5208,226,0.421
2025-01-17 22:28:00,50.1,2611,226,0.407
2025-01-17 22:30:00,99.2,4274,225,0.523
2025-01-17 22:32:00,99.9,4695,225,0.552
2025-01-17 22:34:00,50.1,6711,226,0.334
2025-01-17 22:36:00,100,5208,225,0.465
2025-01-17 22:38:00,49.9,3356,225,0.450
2025-01-17 22:40:00,49.9,3125,226,0.479
2025-01-17 22:42:00,49.9,4651,226,0.421
2025-01-17 22:44:00,99.2,4274,225,0.421
2025-01-17 22:46:00,199,5814,227,0.697
2025-01-17 22:48:00,99.7,5848,226,0.436
2025-01-17 22:50:00,50.0,4274,226,0.421
2025-01-17 22:52:00,100,6711,226,0.552
2025-01-17 22:54:00,49.9,5025,224,0.450
2025-01-17 22:56:00,198,7813,227,0.450
2025-01-17 22:58:00,66.5,5208,227,0.552
2025-01-17 23:00:00,100,9346,226,0.407
2025-01-17 23:02:00,50.0,5814,225,0.494
2025-01-17 23:04:00,99.1,7813,225,0.494
2025-01-17 23:06:00,50.1,5848,227,0.552
2025-01-17 23:08:00,50.1,7813,227,0.465
2025-01-17 23:10:00,49.9,7692,226,0.377
2025-01-17 23:12:00,50.2,2924,225,0.566
2025-01-17 23:14:00,66.8,6711,226,0.421
2025-01-17 23:16:00,50.0,4386,226,0.421
2025-01-17 23:18:00,49.8,5814,227,0.552
2025-01-17 23:20:00,100,6667,226,0.857
2025-01-17 23:22:00,99.4,5882,228,0.595
2025-01-17 23:24:00,50.0,9346,226,0.653
2025-01-17 23:26:00,99.2,7813,226,0.523
2025-01-17 23:28:00,196,7813,226,0.319
2025-01-17 23:30:00,50.1,4673,226,0.639
2025-01-17 23:32:00,49.9,5814,226,0.247
2025-01-17 23:34:00,99.9,5848,227,0.610
2025-01-17 23:36:00,49.9,7813,226,0.552
2025-01-17 23:38:00,99.1,5848,226,0.494
2025-01-17 23:40:00,50.1,7813,226,0.523
2025-01-17 23:42:00,100,6711,226,0.494
2025-01-17 23:44:00,100,7813,227,0.363
2025-01-17 23:46:00,99.4,4695,226,0.842
2025-01-17 23:48:00,66.8,3906,227,0.465
2025-01-17 23:50:00,100,7813,226,0.407
2025-01-17 23:52:00,66.8,5848,226,0.465
2025-01-17 23:54:00,50.1,4274,227,0.537
2025-01-17 23:56:00,50.0,6711,227,0.377
2025-01-17 23:58:00,100,5848,226,0.392
2025-01-18 00:00:00,50.1,5155,226,0.436
2025-01-18 00:02:00,49.9,3610,227,0.566
2025-01-18 00:04:00,49.9,7813,225,0.479
2025-01-18 00:06:00,50.0,6623,226,0.581
2025-01-18 00:08:00,99.3,7813,227,0.523
2025-01-18 00:10:00,50.1,5208,227,0.581
2025-01-18 00:12:00,99.4,3610,226,0.479
2025-01-18 00:14:00,100.0,4274,226,0.595
2025-01-18 00:16:00,49.9,5848,226,0.494
2025-01-18 00:18:00,50.0,5208,226,0.479
2025-01-18 00:20:00,50.1,7813,226,0.465
2025-01-18 00:22:00,49.9,6711,226,0.494
2025-01-18 00:24:00,66.8,5814,226,0.436
2025-01-18 00:26:00,66.5,4255,226,0.479
2025-01-18 00:28:00,100,3922,226,0.624
2025-01-18 00:30:00,50.0,5814,227,0.508
2025-01-18 00:32:00,49.9,3906,226,0.653
2025-01-18 00:34:00,50.1,3344,225,0.392
2025-01-18 00:36:00,66.9,5208,226,0.537
2025-01-18 00:38:00,49.9,3356,226,0.494
2025-01-18 00:40:00,49.9,4695,226,0.407
2025-01-18 00:42:00,100,4695,226,0.450
2025-01-18 00:44:00,66.8,4695,226,0.624
2025-01-18 00:46:00,100,11765,226,0.465
2025-01-18 00:48:00,100.0,3584,225,0.348
2025-01-18 00:50:00,99.7,3610,226,0.508
2025-01-18 00:52:00,50.0,5208,226,0.610
2025-01-18 00:54:00,99.4,11628,227,0.740
2025-01-18 00:56:00,100.0,2463,226,0.537
2025-01-18 00:58:00,100,1678,225,0.552
2025-01-18 01:00:00,49.9,5848,225,0.363
2025-01-18 01:02:00,100,7813,226,0.421
2025-01-18 01:04:00,66.6,5882,225,0.915
2025-01-18 01:06:00,50.1,2227,226,0.421
2025-01-18 01:08:00,99.4,4274,226,0.436
2025-01-18 01:10:00,66.5,2347,226,0.319
2025-01-18 01:12:00,50.0,6711,226,0.697
2025-01-18 01:14:00,50.0,5882,226,0.276
2025-01-18 01:16:00,99.2,5882,226,0.900
2025-01-18 01:18:00,50.1,5848,227,0.842
2025-01-18 01:20:00,100,3356,229,0.828
2025-01-18 01:22:00,100,5208,228,0.610
2025-01-18 01:24:00,100.0,9346,228,0.639
2025-01-18 01:26:00,49.8,4695,227,0.915
2025-01-18 01:28:00,50.1,7813,228,0.740
2025-01-18 01:30:00,100,5848,227,0.436
2025-01-18 01:32:00,66.5,2237,227,0.392
2025-01-18 01:34:00,99.1,6711,226,1.09
2025-01-18 01:36:00,66.8,2604,227,0.479
2025-01-18 01:38:00,100,3356,226,0.465
2025-01-18 01:40:00,100,1739,228,0.392
2025-01-18 01:42:00,99.2,2933,228,0.595
2025-01-18 01:44:00,99.6,6711,228,0.566
2025-01-18 01:46:00,66.8,9346,227,0.784
2025-01-18 01:48:00,100,5882,227,0.377
2025-01-18 01:50:00,99.4,5208,228,0.639
2025-01-18 01:52:00,50.0,6711,227,0.639
2025-01-18 01:54:00,50.1,5814,226,0.682
2025-01-18 01:56:00,99.4,5848,226,0.421
2025-01-18 01:58:00,100,2347,227,0.348
2025-01-18 02:00:00,66.5,11628,230,3.70
2025-01-18 02:02:00,49.9,2703,228,0.653
2025-01-18 02:04:00,67.0,4237,228,0.494
2025-01-18 02:06:00,50.1,2933,228,0.624
2025-01-18 02:08:00,99.4,5208,228,0.566
2025-01-18 02:10:00,99.1,7813,228,0.436
2025-01-18 02:12:00,99.2,3356,228,0.421
2025-01-18 02:14:00,99.4,7813,229,0.639
2025-01-18 02:16:00,198,3891,229,0.828
2025-01-18 02:18:00,99.2,3125,228,0.566
2025-01-18 02:20:00,49.8,2132,231,0.392
2025-01-18 02:22:00,99.6,3115,230,0.581
2025-01-18 02:24:00,198,5848,230,0.552
2025-01-18 02:26:00,100,2137,230,0.682
2025-01-18 02:28:00,100.0,5848,229,0.392
2025-01-18 02:30:00,49.9,5208,231,0.494
2025-01-18 02:32:00,50.1,5848,230,0.363
2025-01-18 02:34:00,99.4,7813,229,0.494
2025-01-18 02:36:00,99.2,5848,228,0.508
2025-01-18 02:38:00,50.0,5650,229,0.479
2025-01-18 02:40:00,49.9,3891,229,0.479
2025-01-18 02:42:00,66.8,3610,231,0.392
2025-01-18 02:44:00,66.6,3610,229,0.465
2025-01-18 02:46:00,100.0,7813,229,0.247
2025-01-18 02:48:00,50.0,4651,229,0.479
2025-01-18 02:50:00,50.0,11628,230,0.697
2025-01-18 02:52:00,197,6711,229,0.319
2025-01-18 02:54:00,99.4,4237,229,0.494
2025-01-18 02:56:00,99.6,4695,229,0.436
2025-01-18 02:58:00,50.1,2933,229,0.450
2025-01-18 03:00:00,50.0,4695,230,0.450
2025-01-18 03:02:00,66.8,7813,228,0.276
2025-01-18 03:04:00,50.1,4274,229,0.348
2025-01-18 03:06:00,100,5208,230,0.711
2025-01-18 03:08:00,99.7,4695,229,0.711
2025-01-18 03:10:00,50.0,5814,229,0.769
2025-01-18 03:12:00,50.0,5814,231,0.784
2025-01-18 03:14:00,50.0,11628,231,0.624
2025-01-18 03:16:00,100,5181,230,0.639
2025-01-18 03:18:00,66.9,5814,231,0.566
2025-01-18 03:20:00,50.0,9346,231,0.552
2025-01-18 03:22:00,50.0,3906,229,0.711
2025-01-18 03:24:00,99.4,5208,230,0.755
2025-01-18 03:26:00,50.0,9346,229,0.871
2025-01-18 03:28:00,99.4,3356,231,0.755
2025-01-18 03:30:00,49.9,5848,231,0.755
2025-01-18 03:32:00,50.0,3356,229,0.653
2025-01-18 03:34:00,50.0,9346,230,0.610
2025-01-18 03:36:00,100,6711,229,0.581
2025-01-18 03:38:00,99.4,4695,228,0.581
2025-01-18 03:40:00,50.0,3610,230,0.595
2025-01-18 03:42:00,99.4,7813,231,0.450
2025-01-18 03:44:00,49.9,5848,229,0.523
2025-01-18 03:46:00,50.1,2747,231,0.552
2025-01-18 03:48:00,99.7,2933,230,0.566
2025-01-18 03:50:00,49.9,5208,228,0.450
2025-01-18 03:52:00,49.8,2227,229,0.450
2025-01-18 03:54:00,99.4,3333,230,0.392
2025-01-18 03:56:00,50.0,9346,231,0.407
2025-01-18 03:58:00,50.0,5882,230,0.436
2025-01-18 04:00:00,67.0,6711,229,0.392
2025-01-18 04:02:00,50.1,2137,229,0.436
2025-01-18 04:04:00,99.4,4237,228,0.407
2025-01-18 04:06:00,66.7,7813,230,0.392
2025-01-18 04:08:00,100,4274,229,0.436
2025-01-18 04:10:00,66.7,9346,228,0.465
2025-01-18 04:12:00,100,2347,229,0.465
2025-01-18 04:14:00,100,7813,229,0.494
2025-01-18 04:16:00,50.0,11628,228,0.479
2025-01-18 04:18:00,49.8,11628,230,0.494
2025-01-18 04:20:00,50.0,3906,229,0.319
2025-01-18 04:22:00,50.1,4673,230,0.392
2025-01-18 04:24:00,49.9,3906,230,0.319
2025-01-18 04:26:00,99.6,6711,229,0.363
2025-01-18 04:28:00,50.0,2762,230,0.421
2025-01-18 04:30:00,49.8,3876,229,0.465
2025-01-18 04:32:00,99.2,5208,231,0.276
2025-01-18 04:34:00,49.9,2137,228,0.348
2025-01-18 04:36:00,99.4,6623,229,0.348
2025-01-18 04:38:00,50.1,7813,229,0.377
2025-01-18 04:40:00,66.9,5208,229,0.363
2025-01-18 04:42:00,49.9,3135,229,0.334
2025-01-18 04:44:00,50.0,2924,230,0.145
2025-01-18 04:46:00,99.6,6623,230,0.465
2025-01-18 04:48:00,100.0,6711,230,0.450
2025-01-18 04:50:00,100,6711,229,0.392
2025-01-18 04:52:00,50.0,5882,230,0.479
2025-01-18 04:54:00,50.0,5882,229,0.407
2025-01-18 04:56:00,100,7813,229,0.363
2025-01-18 04:58:00,50.0,6711,229,0.421
2025-01-18 05:00:00,99.4,3584,228,0.377
2025-01-18 05:02:00,100,11628,229,0.363
2025-01-18 05:04:00,50.1,3906,230,0.421
2025-01-18 05:06:00,66.7,5848,229,0.450
2025-01-18 05:08:00,66.8,5208,229,0.392
2025-01-18 05:10:00,99.4,4673,231,0.421
2025-01-18 05:12:00,50.0,4695,230,0.436
2025-01-18 05:14:00,49.8,6623,229,0.377
2025-01-18 05:16:00,99.4,2347,231,0.377
2025-01-18 05:18:00,,1653,,0.334
2025-01-18 05:20:00,99.2,5208,229,0.421
2025-01-18 05:22:00,50.0,9346,230,0.348
2025-01-18 05:24:00,99.1,2232,231,0.363
2025-01-18 05:26:00,50.0,3356,230,0.392
2025-01-18 05:28:00,66.8,4695,229,0.436
2025-01-18 05:30:00,99.4,4695,230,0.436
2025-01-18 05:32:00,50.0,7813,229,0.508
2025-01-18 05:34:00,50.1,5208,230,0.566
2025-01-18 05:36:00,50.1,7813,230,0.523
2025-01-18 05:38:00,50.1,5208,229,0.421
2025-01-18 05:40:00,99.2,2762,230,0.465
2025-01-18 05:42:00,50.0,5208,230,0.436
2025-01-18 05:44:00,50.0,4255,229,0.363
2025-01-18 05:46:00,50.0,2762,229,0.494
2025-01-18 05:48:00,50.0,7813,230,0.290
2025-01-18 05:50:00,50.1,3115,230,1.16
2025-01-18 05:52:00,99.9,4274,231,1.12
2025-01-18 05:54:00,49.9,4274,230,4.69
2025-01-18 05:56:00,50.1,6667,230,7.88
2025-01-18 05:58:00,50.0,7813,229,8.44
2025-01-18 06:00:00,50.0,5181,228,8.60
2025-01-18 06:02:00,99.7,2037,230,8.64
2025-01-18 06:04:00,49.8,3125,229,2.03
2025-01-18 06:06:00,50.0,1873,229,0.552
2025-01-18 06:08:00,99.7,4695,228,0.465
2025-01-18 06:10:00,50.0,1067,230,0.523
2025-01-18 06:12:00,66.6,2128,229,0.552
2025-01-18 06:14:00,99.1,2762,230,0.581
2025-01-18 06:16:00,99.7,1300,229,0.639
2025-01-18 06:18:00,50.0,7813,230,0.595
2025-01-18 06:20:00,99.9,6711,229,0.523
2025-01-18 06:22:00,99.4,7813,229,0.348
2025-01-18 06:24:00,50.0,1067,230,0.566
2025-01-18 06:26:00,49.9,3135,231,0.653
2025-01-18 06:28:00,50.1,5181,230,0.494
2025-01-18 06:30:00,49.9,3891,229,0.450
2025-01-18 06:32:00,100,3356,229,0.334
2025-01-18 06:34:00,49.9,7813,231,0.682
2025-01-18 06:36:00,99.7,3356,230,0.581
2025-01-18 06:38:00,50.1,3906,231,0.610
2025-01-18 06:40:00,99.4,6711,231,0.392
2025-01-18 06:42:00,50.1,6711,229,0.537
2025-01-18 06:44:00,99.4,49.8,229,212
2025-01-18 06:46:00,99.4,49.9,229,215
2025-01-18 06:48:00,50.0,49.7,231,216
2025-01-18 06:50:00,50.0,49.7,231,214
2025-01-18 06:52:00,50.1,49.8,230,211
2025-01-18 06:54:00,50.0,50.0,230,213
2025-01-18 06:56:00,49.9,49.7,229,212
2025-01-18 06:58:00,66.3,49.9,229,214
2025-01-18 07:00:00,50.1,49.6,229,211
2025-01-18 07:02:00,99.2,49.8,230,214
2025-01-18 07:04:00,50.0,49.8,229,217
2025-01-18 07:06:00,99.7,49.7,229,216
2025-01-18 07:08:00,100,49.8,229,209
2025-01-18 07:10:00,50.0,49.8,230,210
2025-01-18 07:12:00,99.1,49.6,229,209
2025-01-18 07:14:00,50.1,49.7,230,206
2025-01-18 07:16:00,66.7,4255,230,0.319
2025-01-18 07:18:00,99.4,2933,230,0.479
2025-01-18 07:20:00,50.0,4274,229,0.407
2025-01-18 07:22:00,50.0,11628,229,0.465
2025-01-18 07:24:00,50.0,9346,229,0.436
2025-01-18 07:26:00,49.9,3610,229,0.450
2025-01-18 07:28:00,100,5848,231,0.450
2025-01-18 07:30:00,99.7,5882,229,0.523
2025-01-18 07:32:00,99.2,3610,229,0.465
2025-01-18 07:34:00,99.4,49.8,228,207
2025-01-18 07:36:00,66.8,49.8,229,209
2025-01-18 07:38:00,49.9,49.8,230,211
2025-01-18 07:40:00,99.4,49.7,230,210
2025-01-18 07:42:00,100,49.9,230,207
2025-01-18 07:44:00,50.1,49.8,230,212
2025-01-18 07:46:00,100,49.5,229,211
2025-01-18 07:48:00,99.2,49.8,230,214
2025-01-18 07:50:00,99.2,49.9,230,210
2025-01-18 07:52:00,49.9,49.6,229,207
2025-01-18 07:54:00,50.0,49.9,230,213
2025-01-18 07:56:00,50.1,49.8,229,215
2025-01-18 07:58:00,50.1,49.9,229,207
2025-01-18 08:00:00,100,49.9,230,207
2025-01-18 08:02:00,99.2,49.6,226,207
2025-01-18 08:04:00,99.2,49.8,227,210
2025-01-18 08:06:00,66.8,49.7,228,212
2025-01-18 08:08:00,50.0,49.8,226,208
2025-01-18 08:10:00,100,49.6,226,210
2025-01-18 08:12:00,66.9,49.5,226,206
2025-01-18 08:14:00,50.0,49.9,227,211
2025-01-18 08:16:00,99.1,49.7,226,203
2025-01-18 08:18:00,197,49.6,228,207
2025-01-18 08:20:00,50.1,49.5,227,203
2025-01-18 08:22:00,50.1,49.7,227,199
2025-01-18 08:24:00,49.9,49.7,230,198
2025-01-18 08:26:00,100,49.7,227,202
2025-01-18 08:28:00,49.9,49.7,226,206
2025-01-18 08:30:00,100,49.5,226,202
2025-01-18 08:32:00,66.7,49.5,227,202
2025-01-18 08:34:00,49.9,49.9,226,206
2025-01-18 08:36:00,50.0,49.6,227,206
2025-01-18 08:38:00,50.0,49.5,225,206
2025-01-18 08:40:00,66.8,49.5,227,201
2025-01-18 08:42:00,49.9,49.9,226,202
2025-01-18 08:44:00,50.0,49.7,226,207
2025-01-18 08:46:00,66.9,49.5,227,204
2025-01-18 08:48:00,99.4,49.8,227,211
2025-01-18 08:50:00,50.1,49.6,226,207
2025-01-18 08:52:00,66.8,49.6,226,206
2025-01-18 08:54:00,49.9,49.6,226,205
2025-01-18 08:56:00,49.9,49.5,227,205
2025-01-18 08:58:00,50.1,49.5,225,198
2025-01-18 09:00:00,100,49.6,227,200
2025-01-18 09:02:00,99.2,49.4,227,196
2025-01-18 09:04:00,99.4,49.9,225,196
2025-01-18 09:06:00,67.0,49.8,227,197
2025-01-18 09:08:00,100,49.4,227,197
2025-01-18 09:10:00,50.0,49.7,225,196
2025-01-18 09:12:00,100,49.4,227,201
2025-01-18 09:14:00,100,49.6,226,203
2025-01-18 09:16:00,50.1,49.4,226,203
2025-01-18 09:18:00,100,49.3,226,206
2025-01-18 09:20:00,50.0,49.7,225,205
2025-01-18 09:22:00,100,49.8,226,204
2025-01-18 09:24:00,50.0,49.4,226,203
2025-01-18 09:26:00,99.6,49.6,226,205
2025-01-18 09:28:00,99.4,49.3,225,202
2025-01-18 09:30:00,66.5,49.3,226,200
2025-01-18 09:32:00,50.0,49.5,225,201
2025-01-18 09:34:00,49.9,49.8,227,201
2025-01-18 09:36:00,99.7,49.4,226,198
2025-01-18 09:38:00,99.4,49.5,226,197
2025-01-18 09:40:00,66.9,49.5,225,200
2025-01-18 09:42:00,49.9,49.9,227,203
2025-01-18 09:44:00,49.9,49.9,225,198
2025-01-18 09:46:00,66.5,49.6,226,198
2025-01-18 09:48:00,50.0,49.3,225,201
2025-01-18 09:50:00,50.0,49.4,225,205
2025-01-18 09:52:00,99.4,49.3,225,200
2025-01-18 09:54:00,50.0,49.2,225,198
2025-01-18 09:56:00,66.5,49.3,226,196
2025-01-18 09:58:00,50.1,49.5,225,200
2025-01-18 10:00:00,50.0,49.3,225,194
2025-01-18 10:02:00,100,49.6,226,192
2025-01-18 10:04:00,50.0,49.9,227,187
2025-01-18 10:06:00,67.0,49.6,226,183
2025-01-18 10:08:00,50.0,49.4,226,183
2025-01-18 10:10:00,99.6,49.3,226,189
2025-01-18 10:12:00,50.1,49.9,226,194
2025-01-18 10:14:00,50.1,49.5,226,194
2025-01-18 10:16:00,99.4,49.3,227,192
2025-01-18 10:18:00,50.0,49.7,225,198
2025-01-18 10:20:00,50.0,49.5,225,197
2025-01-18 10:22:00,66.6,49.7,225,193
2025-01-18 10:24:00,100,49.6,226,189
2025-01-18 10:26:00,99.2,49.6,228,195
2025-01-18 10:28:00,100,49.3,226,197
2025-01-18 10:30:00,100,49.3,225,201
2025-01-18 10:32:00,100,49.6,226,199
2025-01-18 10:34:00,99.4,49.6,226,201
2025-01-18 10:36:00,99.4,49.2,226,199
2025-01-18 10:38:00,99.7,49.5,225,190
2025-01-18 10:40:00,100,49.1,225,193
2025-01-18 10:42:00,99.7,49.5,225,195
2025-01-18 10:44:00,99.5,49.6,225,199
2025-01-18 10:46:00,198,49.6,225,192
2025-01-18 10:48:00,99.4,49.6,226,195
2025-01-18 10:50:00,49.9,49.4,227,192
2025-01-18 10:52:00,49.9,49.2,225,197
2025-01-18 10:54:00,50.0,49.6,225,193
2025-01-18 10:56:00,99.7,49.4,226,187
2025-01-18 10:58:00,66.6,49.4,225,196
2025-01-18 11:00:00,50.1,49.5,225,180
2025-01-18 11:02:00,99.6,49.4,226,184
2025-01-18 11:04:00,99.9,49.4,225,193
2025-01-18 11:06:00,99.4,49.6,225,191
2025-01-18 11:08:00,99.4,49.4,226,193
2025-01-18 11:10:00,49.9,49.5,226,192
2025-01-18 11:12:00,99.4,49.5,225,196
2025-01-18 11:14:00,99.4,49.4,227,196
2025-01-18 11:16:00,99.4,49.6,225,196
2025-01-18 11:18:00,49.9,49.3,225,196
2025-01-18 11:20:00,50.2,49.6,226,191
2025-01-18 11:22:00,99.4,49.8,225,187
2025-01-18 11:24:00,49.9,49.6,225,189
2025-01-18 11:26:00,99.7,49.4,226,190
2025-01-18 11:28:00,99.7,49.1,225,191
2025-01-18 11:30:00,99.7,49.4,225,193
2025-01-18 11:32:00,99.9,49.2,225,188
2025-01-18 11:34:00,99.4,50.7,226,194
2025-01-18 11:36:00,99.9,49.6,225,189
2025-01-18 11:38:00,197,49.6,226,190
2025-01-18 11:40:00,49.9,49.7,225,183
2025-01-18 11:42:00,100.0,49.5,225,189
2025-01-18 11:44:00,99.7,49.7,225,195
2025-01-18 11:46:00,66.9,49.5,225,188
2025-01-18 11:48:00,99.7,50.0,224,189
2025-01-18 11:50:00,50.1,49.9,225,185
2025-01-18 11:52:00,66.7,49.7,225,187
2025-01-18 11:54:00,49.8,49.7,225,185
2025-01-18 11:56:00,66.7,49.8,225,193
2025-01-18 11:58:00,99.1,49.9,225,191
2025-01-18 12:00:00,99.9,49.7,226,193
2025-01-18 12:02:00,99.1,51.7,226,197
2025-01-18 12:04:00,99.7,49.1,226,189
2025-01-18 12:06:00,99.7,49.5,226,179
2025-01-18 12:08:00,198,49.5,225,192
2025-01-18 12:10:00,66.9,49.3,225,191
2025-01-18 12:12:00,66.7,49.1,226,191
2025-01-18 12:14:00,100,49.1,225,193
2025-01-18 12:16:00,99.9,49.4,226,189
2025-01-18 12:18:00,50.0,49.5,225,189
2025-01-18 12:20:00,66.8,49.2,226,186
2025-01-18 12:22:00,100,49.3,225,194
2025-01-18 12:24:00,66.7,49.4,225,193
2025-01-18 12:26:00,99.1,49.3,226,188
2025-01-18 12:28:00,99.1,49.4,226,191
2025-01-18 12:30:00,99.1,49.4,225,193
2025-01-18 12:32:00,50.1,49.5,226,191
2025-01-18 12:34:00,49.9,49.3,226,188
2025-01-18 12:36:00,99.7,49.1,226,186
2025-01-18 12:38:00,50.0,49.2,225,190
2025-01-18 12:40:00,198,49.4,225,191
2025-01-18 12:42:00,99.3,49.6,226,193
2025-01-18 12:44:00,50.0,49.4,226,196
2025-01-18 12:46:00,100,49.7,225,196
2025-01-18 12:48:00,50.2,49.8,225,196
2025-01-18 12:50:00,50.1,49.0,225,193
2025-01-18 12:52:00,198,49.9,226,190
2025-01-18 12:54:00,50.0,49.2,226,184
2025-01-18 12:56:00,100,49.5,226,187
2025-01-18 12:58:00,99.4,49.5,225,183
2025-01-18 13:00:00,49.9,49.7,225,189
2025-01-18 13:02:00,50.0,49.5,225,190
2025-01-18 13:04:00,50.1,49.3,225,196
2025-01-18 13:06:00,99.4,49.3,227,195
2025-01-18 13:08:00,49.9,49.7,225,190
2025-01-18 13:10:00,99.4,49.8,225,190
2025-01-18 13:12:00,98.9,49.3,225,189
2025-01-18 13:14:00,66.9,49.3,226,184
2025-01-18 13:16:00,50.0,49.9,226,177
2025-01-18 13:18:00,50.0,49.5,226,182
2025-01-18 13:20:00,100,49.7,226,185
2025-01-18 13:22:00,99.6,49.3,226,184
2025-01-18 13:24:00,50.1,49.1,226,174
2025-01-18 13:26:00,100,49.3,227,180
2025-01-18 13:28:00,50.0,49.6,226,181
2025-01-18 13:30:00,50.0,49.7,225,178
2025-01-18 13:32:00,50.0,49.1,225,178
2025-01-18 13:34:00,99.7,49.4,226,182
2025-01-18 13:36:00,50.0,49.4,227,186
2025-01-18 13:38:00,50.0,48.9,227,187
2025-01-18 13:40:00,50.0,49.5,225,187
2025-01-18 13:42:00,99.9,49.9,225,188
2025-01-18 13:44:00,50.0,49.3,230,186
2025-01-18 13:46:00,49.9,49.5,227,186
2025-01-18 13:48:00,50.1,49.4,224,188
2025-01-18 13:50:00,50.0,49.7,226,190
2025-01-18 13:52:00,99.7,49.3,226,184
2025-01-18 13:54:00,99.2,49.4,227,184
2025-01-18 13:56:00,50.0,49.4,227,184
2025-01-18 13:58:00,50.0,50.5,226,235
2025-01-18 14:00:00,66.9,50.7,225,234
2025-01-18 14:02:00,50.0,50.4,226,240
2025-01-18 14:04:00,50.0,50.3,225,240
2025-01-18 14:06:00,50.0,50.4,225,237
2025-01-18 14:08:00,66.7,50.5,227,239
2025-01-18 14:10:00,50.0,50.8,226,239
2025-01-18 14:12:00,99.4,50.6,226,238
2025-01-18 14:14:00,99.4,50.6,225,237
2025-01-18 14:16:00,99.2,50.7,226,237
2025-01-18 14:18:00,100,50.6,226,238
2025-01-18 14:20:00,50.0,50.8,227,238
2025-01-18 14:22:00,197,50.5,225,237
2025-01-18 14:24:00,66.4,50.4,225,237
2025-01-18 14:26:00,50.0,50.5,226,237
2025-01-18 14:28:00,100,50.7,226,238
2025-01-18 14:30:00,99.2,51.0,227,239
2025-01-18 14:32:00,50.1,51.0,226,240
2025-01-18 14:34:00,49.9,50.8,226,239
2025-01-18 14:36:00,50.1,50.9,226,240
2025-01-18 14:38:00,100,51.0,227,237
2025-01-18 14:40:00,100,50.8,226,238
2025-01-18 14:42:00,101,50.7,225,239
2025-01-18 14:44:00,50.2,50.7,225,239
2025-01-18 14:46:00,50.0,50.7,225,239
2025-01-18 14:48:00,66.8,50.7,224,238
2025-01-18 14:50:00,99.4,51.0,225,238
2025-01-18 14:52:00,49.8,50.7,225,239
2025-01-18 14:54:00,50.0,50.7,225,239
2025-01-18 14:56:00,50.0,50.2,226,239
2025-01-18 14:58:00,100,50.2,227,238
2025-01-18 15:00:00,100,50.2,225,239
2025-01-18 15:02:00,66.8,50.2,227,239
2025-01-18 15:04:00,99.4,50.1,225,241
2025-01-18 15:06:00,50.1,50.1,227,239
2025-01-18 15:08:00,66.9,50.1,227,240
2025-01-18 15:10:00,99.9,50.3,225,239
2025-01-18 15:12:00,50.0,50.4,226,238
2025-01-18 15:14:00,66.8,50.3,225,237
2025-01-18 15:16:00,50.0,50.3,225,237
2025-01-18 15:18:00,99.4,50.5,226,236
2025-01-18 15:20:00,99.4,50.4,226,237
2025-01-18 15:22:00,66.9,50.4,225,237
2025-01-18 15:24:00,100,50.4,225,238
2025-01-18 15:26:00,50.1,50.6,226,236
2025-01-18 15:28:00,99.2,50.5,226,237
2025-01-18 15:30:00,99.4,50.5,227,234
2025-01-18 15:32:00,99.2,50.5,226,234
2025-01-18 15:34:00,49.9,50.6,226,233
2025-01-18 15:36:00,99.4,50.5,227,234
2025-01-18 15:38:00,66.6,50.6,226,233
2025-01-18 15:40:00,50.0,50.5,226,233
2025-01-18 15:42:00,99.4,50.6,225,233
2025-01-18 15:44:00,99.4,50.5,227,233
2025-01-18 15:46:00,100,50.5,226,232
2025-01-18 15:48:00,50.1,50.5,226,232
2025-01-18 15:50:00,99.2,50.6,227,232
2025-01-18 15:52:00,99.2,50.6,225,234
2025-01-18 15:54:00,50.1,50.6,227,234
2025-01-18 15:56:00,99.4,50.6,225,233
2025-01-18 15:58:00,50.0,50.5,227,234
2025-01-18 16:00:00,50.0,50.4,224,234
2025-01-18 16:02:00,50.2,50.4,226,236
2025-01-18 16:04:00,50.0,50.5,226,235
2025-01-18 16:06:00,100,50.5,226,236
2025-01-18 16:08:00,66.8,50.3,227,236
2025-01-18 16:10:00,99.4,50.5,226,235
2025-01-18 16:12:00,100,50.5,228,235
2025-01-18 16:14:00,197,50.6,226,235
2025-01-18 16:16:00,50.2,50.8,226,235
2025-01-18 16:18:00,197,50.9,226,233
2025-01-18 16:20:00,50.0,50.9,225,235
2025-01-18 16:22:00,50.1,50.9,226,234
2025-01-18 16:24:00,99.4,50.9,227,236
2025-01-18 16:26:00,99.4,50.8,226,235
2025-01-18 16:28:00,66.7,51.0,226,237
2025-01-18 16:30:00,99.2,51.1,231,237
2025-01-18 16:32:00,100.0,51.2,231,236
2025-01-18 16:34:00,100,51.3,230,235
2025-01-18 16:36:00,49.9,51.2,231,236
2025-01-18 16:38:00,101,51.2,230,236
2025-01-18 16:40:00,99.1,49.4,229,185
2025-01-18 16:42:00,50.1,49.2,231,184
2025-01-18 16:44:00,100,49.3,231,186
2025-01-18 16:46:00,66.2,49.5,230,186
2025-01-18 16:48:00,49.9,49.6,230,184
2025-01-18 16:50:00,100,49.5,229,187
2025-01-18 16:52:00,99.1,49.4,231,187
2025-01-18 16:54:00,100,49.3,231,189
2025-01-18 16:56:00,99.2,49.3,230,188
2025-01-18 16:58:00,66.7,49.5,230,186
2025-01-18 17:00:00,99.4,49.8,229,184
2025-01-18 17:02:00,99.7,49.6,231,185
2025-01-18 17:04:00,50.1,49.6,230,184
2025-01-18 17:06:00,99.7,49.4,230,191
2025-01-18 17:08:00,100,49.6,229,185
2025-01-18 17:10:00,100,49.7,230,180
2025-01-18 17:12:00,100.0,49.7,229,185
2025-01-18 17:14:00,100,49.6,229,179
2025-01-18 17:16:00,49.9,49.5,230,183
2025-01-18 17:18:00,99.5,49.5,230,180
2025-01-18 17:20:00,100,49.4,230,180
2025-01-18 17:22:00,99.7,49.5,229,181
2025-01-18 17:24:00,98.9,49.4,230,182
2025-01-18 17:26:00,99.4,49.7,230,192
2025-01-18 17:28:00,99.2,49.5,230,191
2025-01-18 17:30:00,100,49.4,231,191
2025-01-18 17:32:00,197,49.6,229,190
2025-01-18 17:34:00,66.9,49.6,230,192
2025-01-18 17:36:00,100,49.4,230,191
2025-01-18 17:38:00,195,49.5,231,192
2025-01-18 17:40:00,99.4,49.9,230,197
2025-01-18 17:42:00,100,50.0,231,196
2025-01-18 17:44:00,99.7,49.9,229,194
2025-01-18 17:46:00,100.0,49.8,231,194
2025-01-18 17:48:00,66.9,49.9,230,184
2025-01-18 17:50:00,100,49.8,229,188
2025-01-18 17:52:00,99.4,49.7,231,188
2025-01-18 17:54:00,50.1,49.6,230,182
2025-01-18 17:56:00,50.0,49.8,230,185
2025-01-18 17:58:00,66.5,50.1,231,187
2025-01-18 18:00:00,100,50.2,229,185
2025-01-18 18:02:00,99.4,49.6,230,192
2025-01-18 18:04:00,100,49.6,230,195
2025-01-18 18:06:00,66.7,50.0,230,194
2025-01-18 18:08:00,99.7,49.9,231,190
2025-01-18 18:10:00,50.1,49.9,229,190
2025-01-18 18:12:00,99.7,49.7,230,189
2025-01-18 18:14:00,100,50.1,230,189
2025-01-18 18:16:00,49.9,49.7,230,186
2025-01-18 18:18:00,49.9,49.8,230,186
2025-01-18 18:20:00,197,49.8,229,187
2025-01-18 18:22:00,99.4,49.6,230,186
2025-01-18 18:24:00,197,49.6,229,185
2025-01-18 18:26:00,196,49.8,230,183
2025-01-18 18:28:00,101,49.7,231,187
2025-01-18 18:30:00,99.4,49.5,231,188
2025-01-18 18:32:00,99.6,49.4,230,187
2025-01-18 18:34:00,199,49.4,230,190
2025-01-18 18:36:00,50.1,49.2,230,189
2025-01-18 18:38:00,99.7,49.2,229,182
2025-01-18 18:40:00,50.0,49.4,229,180
2025-01-18 18:42:00,49.9,48.4,231,178
2025-01-18 18:44:00,100,49.4,230,181
2025-01-18 18:46:00,50.1,49.0,230,175
2025-01-18 18:48:00,50.1,49.5,230,178
2025-01-18 18:50:00,99.4,49.3,230,178
2025-01-18 18:52:00,100,49.0,229,179
2025-01-18 18:54:00,49.8,49.3,229,178
2025-01-18 18:56:00,100,49.1,230,178
2025-01-18 18:58:00,66.5,49.2,230,177
2025-01-18 19:00:00,100,49.4,229,172
2025-01-18 19:02:00,100,49.2,230,175
2025-01-18 19:04:00,197,49.2,230,174
2025-01-18 19:06:00,99.9,49.0,229,179
2025-01-18 19:08:00,99.4,48.9,230,176
2025-01-18 19:10:00,50.1,48.4,231,173
2025-01-18 19:12:00,66.8,6711,230,1.34
2025-01-18 19:14:00,100,3356,230,1.42
2025-01-18 19:16:00,100,50.6,229,238
2025-01-18 19:18:00,99.6,49.7,229,187
2025-01-18 19:20:00,99.4,49.6,230,187
2025-01-18 19:22:00,49.9,49.5,230,188
2025-01-18 19:24:00,100.0,49.7,230,184
2025-01-18 19:26:00,99.2,49.3,230,186
2025-01-18 19:28:00,99.2,3906,230,1.64
2025-01-18 19:30:00,49.9,5848,229,0.697
2025-01-18 19:32:00,99.1,3333,229,1.21
2025-01-18 19:34:00,66.6,4695,230,0.682
2025-01-18 19:36:00,100,7752,230,0.784
2025-01-18 19:38:00,100,3906,229,0.319
2025-01-18 19:40:00,100,2469,230,0.552
2025-01-18 19:42:00,100,9346,229,0.624
2025-01-18 19:44:00,66.6,3584,231,0.900
2025-01-18 19:46:00,100,3906,229,0.610
2025-01-18 19:48:00,66.9,4673,229,0.973
2025-01-18 19:50:00,66.9,4274,230,0.479
2025-01-18 19:52:00,99.4,3610,229,0.799
2025-01-18 19:54:00,99.7,6711,230,0.653
2025-01-18 19:56:00,99.6,4673,230,0.581
2025-01-18 19:58:00,195,3610,229,0.784
2025-01-18 20:00:00,99.4,3356,230,0.711
2025-01-18 20:02:00,100,6711,229,0.479
2025-01-18 20:04:00,66.8,6711,230,0.668
2025-01-18 20:06:00,99.4,5208,229,0.769
2025-01-18 20:08:00,197,3584,229,0.407
2025-01-18 20:10:00,99.7,11765,229,0.639
2025-01-18 20:12:00,99.6,4673,230,1.19
2025-01-18 20:14:00,99.7,3356,230,0.871
2025-01-18 20:16:00,99.4,8850,231,0.508
2025-01-18 20:18:00,100,3333,230,0.537
2025-01-18 20:20:00,100,5848,230,0.624
2025-01-18 20:22:00,198,3610,230,0.915
2025-01-18 20:24:00,99.4,9346,230,0.726
2025-01-18 20:26:00,49.9,3125,229,1.05
2025-01-18 20:28:00,50.1,5181,230,1.36
2025-01-18 20:30:00,66.9,9259,230,0.958
2025-01-18 20:32:00,66.8,6711,230,0.944
2025-01-18 20:34:00,99.9,2469,231,0.871
2025-01-18 20:36:00,100,4237,230,0.392
2025-01-18 20:38:00,99.7,5848,230,0.668
2025-01-18 20:40:00,100,4255,228,0.610
2025-01-18 20:42:00,99.4,2611,230,0.552
2025-01-18 20:44:00,50.0,7813,230,0.653
2025-01-18 20:46:00,100,4237,230,0.697
2025-01-18 20:48:00,99.4,7813,230,0.813
2025-01-18 20:50:00,99.4,3356,230,1.09
2025-01-18 20:52:00,99.9,6711,229,0.755
2025-01-18 20:54:00,99.4,4673,229,0.857
2025-01-18 20:56:00,99.7,11765,230,0.610
2025-01-18 20:58:00,50.1,4695,230,0.755
2025-01-18 21:00:00,50.0,5208,230,0.508
2025-01-18 21:02:00,99.1,6711,230,0.828
2025-01-18 21:04:00,196,9346,229,0.494
2025-01-18 21:06:00,50.0,7813,229,0.494
2025-01-18 21:08:00,99.7,2762,230,0.537
2025-01-18 21:10:00,50.0,5848,230,0.740
2025-01-18 21:12:00,49.9,4695,229,0.740
2025-01-18 21:14:00,99.4,3356,229,0.958
2025-01-18 21:16:00,66.7,4274,230,0.523
2025-01-18 21:18:00,66.8,9259,230,0.479
2025-01-18 21:20:00,100,1805,229,0.523
2025-01-18 21:22:00,50.1,5208,229,0.465
2025-01-18 21:24:00,49.8,2469,229,0.552
2025-01-18 21:26:00,99.6,9346,231,0.653
2025-01-18 21:28:00,99.4,6667,230,0.769
2025-01-18 21:30:00,100,4237,230,1.00
2025-01-18 21:32:00,100,9259,230,0.973
2025-01-18 21:34:00,50.0,3906,230,0.842
2025-01-18 21:36:00,99.7,7813,228,0.755
2025-01-18 21:38:00,99.7,4695,231,0.755
2025-01-18 21:40:00,49.9,7813,229,0.508
2025-01-18 21:42:00,50.0,11765,230,0.610
2025-01-18 21:44:00,66.7,9346,230,0.668
2025-01-18 21:46:00,99.2,5155,229,0.668
2025-01-18 21:48:00,100,11628,230,0.377
2025-01-18 21:50:00,100,5882,229,1.10
2025-01-18 21:52:00,100,6711,230,0.479
2025-01-18 21:54:00,100,5128,230,0.552
2025-01-18 21:56:00,196,7813,230,0.436
2025-01-18 21:58:00,50.0,5747,230,0.537
2025-01-18 22:00:00,100,2924,229,0.610
2025-01-18 22:02:00,99.4,4695,229,0.595
2025-01-18 22:04:00,99.4,3333,229,0.479
2025-01-18 22:06:00,99.4,4274,229,0.581
2025-01-18 22:08:00,66.8,4651,229,0.624
2025-01-18 22:10:00,100,3135,229,0.494
2025-01-18 22:12:00,100,5102,231,0.465
2025-01-18 22:14:00,100,6667,229,0.682
2025-01-18 22:16:00,100,7813,231,0.421
2025-01-18 22:18:00,99.1,5181,230,0.639
2025-01-18 22:20:00,195,11628,225,0.595
2025-01-18 22:22:00,99.7,2232,224,0.581
2025-01-18 22:24:00,198,2237,226,0.740
2025-01-18 22:26:00,100,11628,226,0.465
2025-01-18 22:28:00,199,3115,226,0.566
2025-01-18 22:30:00,101,2762,227,0.566
2025-01-18 22:32:00,198,3610,227,0.508
2025-01-18 22:34:00,99.4,3906,225,0.552
2025-01-18 22:36:00,100,9346,226,0.523
2025-01-18 22:38:00,99.4,9346,224,0.726
2025-01-18 22:40:00,99.4,4274,225,0.494
2025-01-18 22:42:00,198,3125,225,0.552
2025-01-18 22:44:00,100,2611,226,0.610
2025-01-18 22:46:00,99.4,7813,225,0.523
2025-01-18 22:48:00,99.2,7813,225,0.465
2025-01-18 22:50:00,50.2,6711,225,0.639
2025-01-18 22:52:00,100,9346,225,0.421
2025-01-18 22:54:00,100.0,3125,226,0.479
2025-01-18 22:56:00,99.2,4695,226,0.537
2025-01-18 22:58:00,99.4,6667,227,0.740
2025-01-18 23:00:00,100,4651,225,0.377
2025-01-18 23:02:00,66.7,9346,225,0.494
2025-01-18 23:04:00,197,9346,226,0.421
2025-01-18 23:06:00,196,4673,228,0.407
2025-01-18 23:08:00,100,5814,226,0.377
2025-01-18 23:10:00,100,5780,226,0.363
2025-01-18 23:12:00,99.2,3356,226,0.581
2025-01-18 23:14:00,100,9346,226,0.421
2025-01-18 23:16:00,199,7813,226,0.523
2025-01-18 23:18:00,197,5814,226,0.552
2025-01-18 23:20:00,100,7752,226,0.610
2025-01-18 23:22:00,99.2,4237,226,0.450
2025-01-18 23:24:00,50.0,6711,225,0.537
2025-01-18 23:26:00,66.8,9259,225,0.436
2025-01-18 23:28:00,66.8,2128,226,0.421
2025-01-18 23:30:00,99.1,9346,225,0.508
2025-01-18 23:32:00,100,9259,225,0.421
2025-01-18 23:34:00,66.6,7813,225,0.755
2025-01-18 23:36:00,198,5848,227,0.566
2025-01-18 23:38:00,99.7,7813,225,0.537
2025-01-18 23:40:00,197,9259,225,0.319
2025-01-18 23:42:00,99.2,9346,225,0.479
2025-01-18 23:44:00,197,6711,225,0.552
2025-01-18 23:46:00,66.6,7813,226,0.363
2025-01-18 23:48:00,199,9091,226,0.436
2025-01-18 23:50:00,99.6,9346,226,0.421
2025-01-18 23:52:00,100.0,7813,226,0.566
2025-01-18 23:54:00,99.4,6711,227,0.494
2025-01-18 23:56:00,67.2,7813,225,0.479
2025-01-18 23:58:00,100,7813,225,0.552
2025-01-19 00:00:00,99.2,4695,225,0.450
2025-01-19 00:02:00,100,5848,227,0.348
2025-01-19 00:04:00,198,3876,227,0.479
2025-01-19 00:06:00,67.1,6711,226,0.784
2025-01-19 00:08:00,99.4,9346,225,0.566
2025-01-19 00:10:00,99.4,4587,226,0.450
2025-01-19 00:12:00,99.2,2924,225,0.624
2025-01-19 00:14:00,197,9346,226,0.421
2025-01-19 00:16:00,101,4695,224,0.348
2025-01-19 00:18:00,100,9346,226,0.450
2025-01-19 00:20:00,99.1,2762,225,0.523
2025-01-19 00:22:00,100,4274,225,0.566
2025-01-19 00:24:00,100,9434,225,0.421
2025-01-19 00:26:00,99.4,5208,226,0.494
2025-01-19 00:28:00,99.1,7813,225,0.450
2025-01-19 00:30:00,100,6667,225,0.711
2025-01-19 00:32:00,100,5208,226,0.494
2025-01-19 00:34:00,100,4274,225,0.465
2025-01-19 00:36:00,99.7,7813,225,0.407
2025-01-19 00:38:00,99.4,4274,225,0.479
2025-01-19 00:40:00,99.2,5155,225,0.494
2025-01-19 00:42:00,99.1,5208,225,0.407
2025-01-19 00:44:00,100,2933,227,0.610
2025-01-19 00:46:00,99.4,3135,226,0.494
2025-01-19 00:48:00,195,5814,226,0.494
2025-01-19 00:50:00,100,3610,225,0.697
2025-01-19 00:52:00,196,7813,226,0.610
2025-01-19 00:54:00,50.1,6711,226,0.363
2025-01-19 00:56:00,100.0,6667,227,0.682
2025-01-19 00:58:00,196,5882,226,0.799
2025-01-19 01:00:00,99.4,6711,225,0.494
2025-01-19 01:02:00,99.1,11765,226,0.494
2025-01-19 01:04:00,67.1,9346,225,0.465
2025-01-19 01:06:00,99.1,2347,226,0.479
2025-01-19 01:08:00,99.4,3906,226,0.566
2025-01-19 01:10:00,50.1,3906,226,0.610
2025-01-19 01:12:00,100,2933,226,0.668
2025-01-19 01:14:00,100,6711,225,0.494
2025-01-19 01:16:00,196,2933,227,0.407
2025-01-19 01:18:00,66.8,5848,225,0.436
2025-01-19 01:20:00,99.4,3356,225,0.508
2025-01-19 01:22:00,198,7813,226,0.421
2025-01-19 01:24:00,100,6667,226,0.581
2025-01-19 01:26:00,99.4,3356,225,0.465
2025-01-19 01:28:00,100,5882,226,0.755
2025-01-19 01:30:00,99.2,7813,226,0.610
2025-01-19 01:32:00,50.1,4695,226,0.494
2025-01-19 01:34:00,49.9,5882,225,0.639
2025-01-19 01:36:00,99.2,1880,225,0.494
2025-01-19 01:38:00,100,2041,226,0.508
2025-01-19 01:40:00,100,5882,226,0.624
2025-01-19 01:42:00,99.7,2347,225,0.436
2025-01-19 01:44:00,99.1,3125,224,0.377
2025-01-19 01:46:00,100,2762,226,0.465
2025-01-19 01:48:00,50.1,5208,226,0.450
2025-01-19 01:50:00,100,2747,225,0.552
2025-01-19 01:52:00,100.0,6667,225,0.682
2025-01-19 01:54:00,99.7,5155,226,0.465
2025-01-19 01:56:00,99.9,4274,225,0.407
2025-01-19 01:58:00,199,9346,225,0.682
2025-01-19 02:00:00,99.7,5882,228,3.69
2025-01-19 02:02:00,49.9,5882,226,0.668
2025-01-19 02:04:00,49.9,3610,227,0.494
2025-01-19 02:06:00,49.8,7752,225,0.668
2025-01-19 02:08:00,99.1,3610,224,0.711
2025-01-19 02:10:00,99.4,6711,226,0.581
2025-01-19 02:12:00,99.4,2762,226,0.465
2025-01-19 02:14:00,99.2,3610,226,0.653
2025-01-19 02:16:00,66.9,2611,226,0.682
2025-01-19 02:18:00,49.8,5882,227,0.726
2025-01-19 02:20:00,99.4,7813,226,0.653
2025-01-19 02:22:00,50.1,5814,225,0.523
2025-01-19 02:24:00,100,3906,226,0.508
2025-01-19 02:26:00,50.0,2475,226,0.494
2025-01-19 02:28:00,50.1,4274,226,0.581
2025-01-19 02:30:00,196,9346,226,0.407
2025-01-19 02:32:00,100,5814,223,0.639
2025-01-19 02:34:00,99.6,3906,225,0.407
2025-01-19 02:36:00,67.0,11765,225,0.465
2025-01-19 02:38:00,101,4695,225,0.610
2025-01-19 02:40:00,100,11765,226,0.958
2025-01-19 02:42:00,99.9,2597,226,0.319
2025-01-19 02:44:00,49.9,3125,226,0.363
2025-01-19 02:46:00,66.9,3597,226,0.566
2025-01-19 02:48:00,100,2336,226,0.348
2025-01-19 02:50:00,99.2,5848,225,0.377
2025-01-19 02:52:00,99.3,3356,226,0.624
2025-01-19 02:54:00,50.0,4274,225,0.421
2025-01-19 02:56:00,197,9346,225,0.508
2025-01-19 02:58:00,66.8,2933,226,0.494
2025-01-19 03:00:00,99.4,4274,227,0.552
2025-01-19 03:02:00,99.4,2762,225,0.566
2025-01-19 03:04:00,99.9,2227,225,0.624
2025-01-19 03:06:00,100,7752,226,0.450
2025-01-19 03:08:00,99.4,4255,225,0.494
2025-01-19 03:10:00,100,4673,225,0.290
2025-01-19 03:12:00,99.4,6711,225,0.348
2025-01-19 03:14:00,50.1,6711,225,0.450
2025-01-19 03:16:00,50.1,2933,225,0.450
2025-01-19 03:18:00,100,1876,226,0.711
2025-01-19 03:20:00,66.3,11765,226,0.537
2025-01-19 03:22:00,99.1,3584,226,0.392
2025-01-19 03:24:00,100,5208,226,0.755
2025-01-19 03:26:00,99.4,4274,225,0.639
2025-01-19 03:28:00,66.7,2762,225,0.581
2025-01-19 03:30:00,66.9,3906,225,0.610
2025-01-19 03:32:00,99.4,9346,226,0.348
2025-01-19 03:34:00,101,7692,227,0.624
2025-01-19 03:36:00,99.4,2469,225,0.479
2025-01-19 03:38:00,99.4,5208,226,0.711
2025-01-19 03:40:00,50.1,2907,225,0.319
2025-01-19 03:42:00,196,2132,225,0.479
2025-01-19 03:44:00,99.7,4630,225,0.377
2025-01-19 03:46:00,99.4,3922,225,0.377
2025-01-19 03:48:00,49.9,2915,225,0.813
2025-01-19 03:50:00,101,6711,225,0.421
2025-01-19 03:52:00,50.1,2347,226,0.537
2025-01-19 03:54:00,99.4,3115,226,0.740
2025-01-19 03:56:00,50.0,4274,226,0.552
2025-01-19 03:58:00,99.1,4255,224,0.479
2025-01-19 04:00:00,100,5882,225,0.595
2025-01-19 04:02:00,49.9,5814,225,0.261
2025-01-19 04:04:00,50.0,5848,225,0.523
2025-01-19 04:06:00,99.2,6623,226,0.755
2025-01-19 04:08:00,66.9,3876,226,0.581
2025-01-19 04:10:00,98.9,50.0,225,216
2025-01-19 04:12:00,100,49.7,225,217
2025-01-19 04:14:00,49.9,50.0,225,217
2025-01-19 04:16:00,66.6,49.7,226,216
2025-01-19 04:18:00,99.2,49.9,225,218
2025-01-19 04:20:00,50.1,49.9,225,218
2025-01-19 04:22:00,49.9,49.7,226,217
2025-01-19 04:24:00,100,49.7,226,215
2025-01-19 04:26:00,100,49.9,226,216
2025-01-19 04:28:00,100,49.9,227,217
2025-01-19 04:30:00,66.7,49.8,226,216
2025-01-19 04:32:00,99.2,49.7,225,217
2025-01-19 04:34:00,100,50.2,225,221
2025-01-19 04:36:00,49.8,50.0,226,219
2025-01-19 04:38:00,67.0,49.8,225,218
2025-01-19 04:40:00,49.8,49.5,226,218
2025-01-19 04:42:00,99.9,49.9,227,218
2025-01-19 04:44:00,99.2,50.2,227,221
2025-01-19 04:46:00,100,50.2,225,218
2025-01-19 04:48:00,50.0,50.1,227,219
2025-01-19 04:50:00,100,50.0,226,219
2025-01-19 04:52:00,99.2,50.1,226,218
2025-01-19 04:54:00,50.0,50.3,227,220
2025-01-19 04:56:00,99.4,50.2,226,219
2025-01-19 04:58:00,50.0,49.9,226,218
2025-01-19 05:00:00,99.4,49.9,226,219
2025-01-19 05:02:00,99.3,50.2,226,219
2025-01-19 05:04:00,99.1,50.2,225,220
2025-01-19 05:06:00,66.8,50.1,227,220
2025-01-19 05:08:00,100,49.9,227,216
2025-01-19 05:10:00,99.2,49.8,225,215
2025-01-19 05:12:00,99.4,50.1,226,215
2025-01-19 05:14:00,49.9,50.2,226,217
2025-01-19 05:16:00,100,50.2,225,216
2025-01-19 05:18:00,99.7,49.9,225,215
2025-01-19 05:20:00,100,50.1,225,215
2025-01-19 05:22:00,50.1,49.8,226,215
2025-01-19 05:24:00,199,50.1,226,218
2025-01-19 05:26:00,50.0,50.1,226,216
2025-01-19 05:28:00,99.7,49.9,225,217
2025-01-19 05:30:00,50.1,49.8,225,219
2025-01-19 05:32:00,50.1,50.1,225,219
2025-01-19 05:34:00,49.9,50.1,226,212
2025-01-19 05:36:00,99.4,50.1,226,212
2025-01-19 05:38:00,99.4,49.7,225,211
2025-01-19 05:40:00,99.7,50.1,225,210
2025-01-19 05:42:00,195,50.1,225,211
2025-01-19 05:44:00,99.4,50.1,225,211
2025-01-19 05:46:00,101,49.9,225,211
2025-01-19 05:48:00,199,50.1,225,210
2025-01-19 05:50:00,100,49.8,226,209
2025-01-19 05:52:00,99.4,49.7,226,219
2025-01-19 05:54:00,50.0,50.1,226,219
2025-01-19 05:56:00,99.4,2762,225,1.03
2025-01-19 05:58:00,50.1,6667,225,0.740
2025-01-19 06:00:00,50.1,9346,225,0.682
2025-01-19 06:02:00,50.0,5208,226,0.740
2025-01-19 06:04:00,66.6,7813,226,0.755
2025-01-19 06:06:00,100,6711,226,0.973
2025-01-19 06:08:00,50.1,3115,226,0.581
2025-01-19 06:10:00,100,3597,225,0.813
2025-01-19 06:12:00,50.0,4274,225,0.813
2025-01-19 06:14:00,99.4,7813,225,0.697
2025-01-19 06:16:00,99.7,7813,226,1.12
2025-01-19 06:18:00,100,5208,225,0.929
2025-01-19 06:20:00,99.9,4695,225,1.00
2025-01-19 06:22:00,100,2915,226,1.15
2025-01-19 06:24:00,50.1,4237,225,0.653
2025-01-19 06:26:00,99.4,11765,226,0.784
2025-01-19 06:28:00,199,5848,226,0.769
2025-01-19 06:30:00,49.9,5814,225,0.523
2025-01-19 06:32:00,99.4,3115,226,1.09
2025-01-19 06:34:00,99.2,7813,226,0.494
2025-01-19 06:36:00,198,6711,226,0.740
2025-01-19 06:38:00,66.8,5882,226,0.639
2025-01-19 06:40:00,66.9,6711,225,1.05
2025-01-19 06:42:00,50.1,7813,225,1.15
2025-01-19 06:44:00,99.5,9346,226,0.581
2025-01-19 06:46:00,99.2,5848,225,0.682
2025-01-19 06:48:00,50.0,4274,225,1.35
2025-01-19 06:50:00,67.0,11765,226,0.784
2025-01-19 06:52:00,196,5155,225,0.769
2025-01-19 06:54:00,66.4,5848,225,0.697
2025-01-19 06:56:00,99.4,4695,225,0.465
2025-01-19 06:58:00,99.1,5208,225,0.494
2025-01-19 07:00:00,196,3610,225,0.668
2025-01-19 07:02:00,100,9346,227,0.784
2025-01-19 07:04:00,100,6711,225,1.21
2025-01-19 07:06:00,99.4,6711,226,0.595
2025-01-19 07:08:00,199,3356,225,0.465
2025-01-19 07:10:00,198,3906,225,0.929
2025-01-19 07:12:00,99.7,7813,225,0.740
2025-01-19 07:14:00,100.0,5882,224,0.334
2025-01-19 07:16:00,99.2,3891,225,0.929
2025-01-19 07:18:00,99.4,5208,225,0.377
2025-01-19 07:20:00,99.2,9346,224,0.682
2025-01-19 07:22:00,99.1,9346,225,0.523
2025-01-19 07:24:00,100,7813,225,0.479
2025-01-19 07:26:00,66.6,5208,225,1.07
2025-01-19 07:28:00,100,6667,226,0.915
2025-01-19 07:30:00,99.5,4274,227,0.755
2025-01-19 07:32:00,99.7,5848,225,0.610
2025-01-19 07:34:00,100,5848,225,0.610
2025-01-19 07:36:00,100,5848,226,0.595
2025-01-19 07:38:00,99.4,9346,225,0.552
2025-01-19 07:40:00,100.0,3906,225,1.18
2025-01-19 07:42:00,99.2,11628,225,0.523
2025-01-19 07:44:00,99.7,9346,225,0.828
2025-01-19 07:46:00,100,5208,226,0.552
2025-01-19 07:48:00,195,3125,226,0.421
2025-01-19 07:50:00,197,6711,225,0.624
2025-01-19 07:52:00,99.2,5814,225,0.508
2025-01-19 07:54:00,100,7813,225,0.639
2025-01-19 07:56:00,99.2,4695,226,0.639
2025-01-19 07:58:00,99.7,2037,225,1.29
2025-01-19 08:00:00,100,5848,226,0.552
2025-01-19 08:02:00,100,2747,225,0.421
2025-01-19 08:04:00,99.4,4237,226,0.407
2025-01-19 08:06:00,49.8,5848,226,0.639
2025-01-19 08:08:00,49.9,1880,226,0.624
2025-01-19 08:10:00,100,2217,225,0.784
2025-01-19 08:12:00,100,7813,226,0.319
2025-01-19 08:14:00,100,7813,226,0.523
2025-01-19 08:16:00,99.2,2041,226,0.348
2025-01-19 08:18:00,100,5882,225,0.392
2025-01-19 08:20:00,99.4,6711,226,0.479
2025-01-19 08:22:00,50.0,3891,226,0.711
2025-01-19 08:24:00,198,5882,225,0.581
2025-01-19 08:26:00,49.9,49.9,225,195
2025-01-19 08:28:00,100,49.6,226,197
2025-01-19 08:30:00,99.4,49.7,226,198
2025-01-19 08:32:00,99.2,49.8,225,190
2025-01-19 08:34:00,99.9,49.7,225,192
2025-01-19 08:36:00,49.9,49.7,226,194
2025-01-19 08:38:00,100.0,49.7,225,197
2025-01-19 08:40:00,199,49.8,226,198
2025-01-19 08:42:00,99.1,49.8,226,194
2025-01-19 08:44:00,49.8,49.5,226,197
2025-01-19 08:46:00,100,49.4,226,196
2025-01-19 08:48:00,99.9,49.5,227,199
2025-01-19 08:50:00,99.7,49.7,226,197
2025-01-19 08:52:00,99.9,49.6,226,192
2025-01-19 08:54:00,197,49.3,225,195
2025-01-19 08:56:00,99.7,49.6,226,196
2025-01-19 08:58:00,99.9,49.5,225,197
2025-01-19 09:00:00,99.7,49.5,226,198
2025-01-19 09:02:00,50.0,49.6,225,198
2025-01-19 09:04:00,99.2,49.6,225,193
2025-01-19 09:06:00,50.0,49.7,225,194
2025-01-19 09:08:00,50.0,49.5,226,196
2025-01-19 09:10:00,100,49.6,227,190
2025-01-19 09:12:00,195,49.7,225,191
2025-01-19 09:14:00,196,49.8,225,198
2025-01-19 09:16:00,99.6,49.7,225,197
2025-01-19 09:18:00,99.6,49.4,225,188
2025-01-19 09:20:00,50.0,49.8,225,197
2025-01-19 09:22:00,99.9,49.5,227,195
2025-01-19 09:24:00,98.9,49.5,226,198
2025-01-19 09:26:00,50.0,49.8,225,201
2025-01-19 09:28:00,99.2,50.0,226,203
2025-01-19 09:30:00,99.5,49.6,225,199
2025-01-19 09:32:00,50.0,49.5,225,201
2025-01-19 09:34:00,50.1,49.9,226,201
2025-01-19 09:36:00,99.1,49.5,225,200
2025-01-19 09:38:00,99.3,49.8,225,192
2025-01-19 09:40:00,99.4,49.5,225,191
2025-01-19 09:42:00,100.0,49.5,225,196
2025-01-19 09:44:00,99.4,49.6,226,194
2025-01-19 09:46:00,66.8,49.8,225,192
2025-01-19 09:48:00,100,49.7,227,195
2025-01-19 09:50:00,49.9,49.6,226,192
2025-01-19 09:52:00,196,49.5,226,192
2025-01-19 09:54:00,197,49.3,225,201
2025-01-19 09:56:00,50.1,49.8,227,202
2025-01-19 09:58:00,50.1,50.0,226,201
2025-01-19 10:00:00,50.1,49.9,225,197
2025-01-19 10:02:00,99.9,49.5,226,200
2025-01-19 10:04:00,101,49.5,226,198
2025-01-19 10:06:00,196,49.6,226,194
2025-01-19 10:08:00,195,49.5,225,193
2025-01-19 10:10:00,49.8,49.7,227,201
2025-01-19 10:12:00,100,49.6,225,196
2025-01-19 10:14:00,50.1,49.6,225,195
2025-01-19 10:16:00,49.9,49.5,226,197
2025-01-19 10:18:00,99.2,49.6,225,193
2025-01-19 10:20:00,100,49.7,225,202
2025-01-19 10:22:00,50.2,49.5,227,201
2025-01-19 10:24:00,99.7,49.6,226,204
2025-01-19 10:26:00,50.0,50.0,226,201
2025-01-19 10:28:00,99.2,49.8,226,201
2025-01-19 10:30:00,99.4,49.6,226,197
2025-01-19 10:32:00,50.1,49.6,225,199
2025-01-19 10:34:00,99.2,49.7,226,200
2025-01-19 10:36:00,197,49.7,227,200
2025-01-19 10:38:00,98.9,49.7,225,196
2025-01-19 10:40:00,66.7,49.7,225,198
2025-01-19 10:42:00,50.0,49.8,225,198
2025-01-19 10:44:00,49.9,49.5,225,192
2025-01-19 10:46:00,99.4,49.6,226,192
2025-01-19 10:48:00,99.2,49.6,225,187
2025-01-19 10:50:00,100,49.6,225,193
2025-01-19 10:52:00,67.0,49.4,225,199
2025-01-19 10:54:00,99.4,49.7,225,199
2025-01-19 10:56:00,99.4,49.6,226,200
2025-01-19 10:58:00,50.0,49.9,225,201
2025-01-19 11:00:00,99.9,49.8,225,203
2025-01-19 11:02:00,99.7,49.4,225,200
2025-01-19 11:04:00,49.9,49.4,226,197
2025-01-19 11:06:00,99.1,49.7,225,199
2025-01-19 11:08:00,196,49.5,226,197
2025-01-19 11:10:00,66.3,49.6,227,198
2025-01-19 11:12:00,199,49.7,225,192
2025-01-19 11:14:00,198,49.8,226,195
2025-01-19 11:16:00,101,49.6,225,196
2025-01-19 11:18:00,99.5,49.6,226,192
2025-01-19 11:20:00,195,49.4,231,192
2025-01-19 11:22:00,49.9,49.6,232,193
2025-01-19 11:24:00,197,49.6,231,196
2025-01-19 11:26:00,100,49.6,228,196
2025-01-19 11:28:00,50.0,49.8,229,202
2025-01-19 11:30:00,196,49.5,230,199
2025-01-19 11:32:00,198,49.7,231,197
2025-01-19 11:34:00,100,49.8,230,199
2025-01-19 11:36:00,196,49.7,230,197
2025-01-19 11:38:00,195,49.8,230,198
2025-01-19 11:40:00,195,49.6,231,196
2025-01-19 11:42:00,100,49.6,231,193
2025-01-19 11:44:00,100,49.8,231,197
2025-01-19 11:46:00,202,49.6,230,198
2025-01-19 11:48:00,197,49.8,230,202
2025-01-19 11:50:00,197,49.6,230,203
2025-01-19 11:52:00,99.4,49.7,231,202
2025-01-19 11:54:00,100,49.8,231,198
2025-01-19 11:56:00,101,49.3,230,199
2025-01-19 11:58:00,100,49.9,231,201
2025-01-19 12:00:00,99.7,49.6,230,201
2025-01-19 12:02:00,99.2,49.4,230,197
2025-01-19 12:04:00,201,49.8,230,199
2025-01-19 12:06:00,196,49.7,230,201
2025-01-19 12:08:00,99.4,49.5,230,203
2025-01-19 12:10:00,195,50.0,229,202
2025-01-19 12:12:00,196,49.7,231,202
2025-01-19 12:14:00,99.4,49.8,231,200
2025-01-19 12:16:00,98.9,49.7,231,196
2025-01-19 12:18:00,201,49.9,230,200
2025-01-19 12:20:00,100,49.7,230,195
2025-01-19 12:22:00,100,49.6,231,195
2025-01-19 12:24:00,99.9,49.9,231,193
2025-01-19 12:26:00,198,49.7,231,194
2025-01-19 12:28:00,99.7,49.8,230,195
2025-01-19 12:30:00,100,49.7,230,200
2025-01-19 12:32:00,100,49.9,230,205
2025-01-19 12:34:00,100.0,49.6,230,200
2025-01-19 12:36:00,202,49.8,229,200
2025-01-19 12:38:00,99.4,49.6,230,200
2025-01-19 12:40:00,67.2,49.7,230,201
2025-01-19 12:42:00,202,49.8,231,204
2025-01-19 12:44:00,100,49.8,230,199
2025-01-19 12:46:00,195,49.8,230,196
2025-01-19 12:48:00,66.8,49.8,231,203
2025-01-19 12:50:00,100,49.8,230,196
2025-01-19 12:52:00,99.2,49.5,230,201
2025-01-19 12:54:00,99.7,49.6,230,200
2025-01-19 12:56:00,100.0,49.5,229,205
2025-01-19 12:58:00,50.0,49.7,229,205
2025-01-19 13:00:00,100,49.7,231,205
2025-01-19 13:02:00,66.8,49.6,229,206
2025-01-19 13:04:00,100,49.5,230,205
2025-01-19 13:06:00,50.0,49.9,230,200
2025-01-19 13:08:00,66.6,49.9,230,200
2025-01-19 13:10:00,197,49.6,230,196
2025-01-19 13:12:00,100,49.7,230,203
2025-01-19 13:14:00,99.4,49.7,232,202
2025-01-19 13:16:00,100,49.6,231,202
2025-01-19 13:18:00,100,49.5,231,204
2025-01-19 13:20:00,199,49.7,231,203
2025-01-19 13:22:00,199,49.6,232,200
2025-01-19 13:24:00,98.9,49.8,230,199
2025-01-19 13:26:00,100.0,49.4,230,198
2025-01-19 13:28:00,200,49.7,230,201
2025-01-19 13:30:00,66.4,49.6,230,198
2025-01-19 13:32:00,195,49.5,231,201
2025-01-19 13:34:00,101,49.6,231,201
2025-01-19 13:36:00,100,49.7,231,197
2025-01-19 13:38:00,99.0,49.6,229,202
2025-01-19 13:40:00,99.1,49.6,229,203
2025-01-19 13:42:00,201,49.9,230,204
2025-01-19 13:44:00,100,49.8,230,202
2025-01-19 13:46:00,197,49.6,230,201
2025-01-19 13:48:00,99.9,49.3,231,199
2025-01-19 13:50:00,100,49.7,231,205
2025-01-19 13:52:00,50.1,49.7,230,202
2025-01-19 13:54:00,100,49.5,231,202
2025-01-19 13:56:00,197,49.7,230,198
2025-01-19 13:58:00,50.0,50.1,230,203
2025-01-19 14:00:00,100,49.7,230,202
2025-01-19 14:02:00,99.4,49.8,230,205
2025-01-19 14:04:00,49.8,49.7,231,202
2025-01-19 14:06:00,100,49.7,231,203
2025-01-19 14:08:00,50.1,49.7,230,201
2025-01-19 14:10:00,195,49.4,231,195
2025-01-19 14:12:00,100.0,49.6,230,196
2025-01-19 14:14:00,99.4,49.5,230,195
2025-01-19 14:16:00,101,49.6,230,193
2025-01-19 14:18:00,99.2,49.7,231,198
2025-01-19 14:20:00,100,49.6,229,192
2025-01-19 14:22:00,99.9,49.8,231,198
2025-01-19 14:24:00,99.5,49.5,229,195
2025-01-19 14:26:00,196,49.7,231,196
2025-01-19 14:28:00,99.4,49.5,231,200
2025-01-19 14:30:00,196,49.9,230,201
2025-01-19 14:32:00,197,49.6,231,201
2025-01-19 14:34:00,197,49.8,229,205
2025-01-19 14:36:00,195,49.6,230,204
2025-01-19 14:38:00,196,49.8,229,199
2025-01-19 14:40:00,196,49.6,230,198
2025-01-19 14:42:00,202,50.0,231,195
2025-01-19 14:44:00,201,49.6,230,194
2025-01-19 14:46:00,99.2,49.6,231,197
2025-01-19 14:48:00,201,49.8,231,195
2025-01-19 14:50:00,100,49.7,230,194
2025-01-19 14:52:00,202,49.8,230,198
2025-01-19 14:54:00,100,50.0,230,199
2025-01-19 14:56:00,99.7,49.8,230,198
2025-01-19 14:58:00,201,49.8,230,200
2025-01-19 15:00:00,100,49.9,230,195
2025-01-19 15:02:00,196,49.5,230,199
2025-01-19 15:04:00,66.4,49.6,230,196
2025-01-19 15:06:00,99.2,49.7,229,192
2025-01-19 15:08:00,99.7,49.6,230,195
2025-01-19 15:10:00,49.9,49.6,230,197
2025-01-19 15:12:00,98.6,49.8,230,191
2025-01-19 15:14:00,99.4,49.7,230,189
2025-01-19 15:16:00,198,49.8,229,192
2025-01-19 15:18:00,101,49.8,230,191
2025-01-19 15:20:00,99.7,49.8,230,192
2025-01-19 15:22:00,100,49.7,230,192
2025-01-19 15:24:00,100,50.0,229,193
2025-01-19 15:26:00,50.2,49.8,229,195
2025-01-19 15:28:00,50.0,49.9,230,191
2025-01-19 15:30:00,99.4,49.9,230,192
2025-01-19 15:32:00,100,49.7,230,193
2025-01-19 15:34:00,196,49.6,230,188
2025-01-19 15:36:00,197,49.7,229,190
2025-01-19 15:38:00,195,49.4,230,188
2025-01-19 15:40:00,195,49.5,230,190
2025-01-19 15:42:00,100,49.9,229,192
2025-01-19 15:44:00,99.4,49.6,229,194
2025-01-19 15:46:00,100,49.9,229,191
2025-01-19 15:48:00,198,49.7,230,190
2025-01-19 15:50:00,99.7,49.8,230,192
2025-01-19 15:52:00,101,49.6,231,189
2025-01-19 15:54:00,100,49.9,230,193
2025-01-19 15:56:00,100,49.5,230,189
2025-01-19 15:58:00,101,49.9,230,188
2025-01-19 16:00:00,50.0,49.6,230,188
2025-01-19 16:02:00,99.7,49.7,231,189
2025-01-19 16:04:00,101,49.6,231,187
2025-01-19 16:06:00,99.7,49.5,230,188
2025-01-19 16:08:00,99.5,49.6,231,188
2025-01-19 16:10:00,50.1,49.8,229,192
2025-01-19 16:12:00,101,49.8,229,196
2025-01-19 16:14:00,100,49.9,230,197
2025-01-19 16:16:00,100,49.6,230,198
2025-01-19 16:18:00,99.4,49.9,229,196
2025-01-19 16:20:00,197,49.7,230,198
2025-01-19 16:22:00,195,49.7,231,197
2025-01-19 16:24:00,50.0,49.7,230,198
2025-01-19 16:26:00,49.9,49.9,230,202
2025-01-19 16:28:00,100,49.7,229,205
2025-01-19 16:30:00,99.2,49.5,231,204
2025-01-19 16:32:00,100,49.9,230,202
2025-01-19 16:34:00,99.4,49.5,232,199
2025-01-19 16:36:00,198,50.0,230,204
2025-01-19 16:38:00,101,49.6,230,199
2025-01-19 16:40:00,99.7,49.6,230,193
2025-01-19 16:42:00,99.9,49.8,231,196
2025-01-19 16:44:00,100.0,49.7,231,196
2025-01-19 16:46:00,49.8,49.8,231,200
2025-01-19 16:48:00,66.6,49.7,230,200
2025-01-19 16:50:00,99.9,49.6,230,201
2025-01-19 16:52:00,100,49.6,231,198
2025-01-19 16:54:00,66.5,49.6,230,201
2025-01-19 16:56:00,99.7,49.7,230,200
2025-01-19 16:58:00,101,49.8,230,198
2025-01-19 17:00:00,100,49.6,230,203
2025-01-19 17:02:00,66.5,49.7,230,204
2025-01-19 17:04:00,50.0,49.7,226,204
2025-01-19 17:06:00,100,49.7,226,201
2025-01-19 17:08:00,66.9,49.6,226,202
2025-01-19 17:10:00,100,49.7,226,201
2025-01-19 17:12:00,197,49.7,226,199
2025-01-19 17:14:00,66.4,49.8,226,200
2025-01-19 17:16:00,99.4,49.8,227,196
2025-01-19 17:18:00,99.4,49.8,227,195
2025-01-19 17:20:00,66.9,49.6,226,198
2025-01-19 17:22:00,99.4,49.7,225,198
2025-01-19 17:24:00,100,49.6,225,197
2025-01-19 17:26:00,100,49.7,226,199
2025-01-19 17:28:00,99.2,49.6,226,197
2025-01-19 17:30:00,99.4,49.8,225,197
2025-01-19 17:32:00,99.2,49.8,225,199
2025-01-19 17:34:00,100,49.8,226,197
2025-01-19 17:36:00,100,49.9,225,193
2025-01-19 17:38:00,100,49.7,226,192
2025-01-19 17:40:00,100,49.7,225,192
2025-01-19 17:42:00,100,49.7,225,193
2025-01-19 17:44:00,100,49.5,227,197
2025-01-19 17:46:00,197,49.8,224,196
2025-01-19 17:48:00,66.9,49.4,226,185
2025-01-19 17:50:00,99.5,49.7,226,186
2025-01-19 17:52:00,100,49.7,225,192
2025-01-19 17:54:00,99.4,49.4,226,193
2025-01-19 17:56:00,66.8,49.7,227,193
2025-01-19 17:58:00,99.2,49.6,224,193
2025-01-19 18:00:00,99.7,50.1,225,192
2025-01-19 18:02:00,100,50.1,226,194
2025-01-19 18:04:00,100,49.7,226,193
2025-01-19 18:06:00,195,49.9,226,195
2025-01-19 18:08:00,99.7,49.9,226,193
2025-01-19 18:10:00,99.4,50.2,226,188
2025-01-19 18:12:00,99.4,5208,225,0.726
2025-01-19 18:14:00,50.1,3597,226,0.755
2025-01-19 18:16:00,99.6,2469,226,0.479
2025-01-19 18:18:00,101,3922,225,0.973
2025-01-19 18:20:00,99.4,49.9,225,237
2025-01-19 18:22:00,49.9,50.2,225,237
2025-01-19 18:24:00,99.2,50.1,225,237
2025-01-19 18:26:00,66.7,50.1,227,240
2025-01-19 18:28:00,50.0,50.3,225,238
2025-01-19 18:30:00,50.0,66.9,225,238
2025-01-19 18:32:00,49.9,50.2,226,238
2025-01-19 18:34:00,50.0,49.9,225,239
2025-01-19 18:36:00,50.0,50.5,226,240
2025-01-19 18:38:00,99.2,50.3,225,243
2025-01-19 18:40:00,197,50.3,226,241
2025-01-19 18:42:00,99.4,50.2,226,241
2025-01-19 18:44:00,66.8,50.4,225,242
2025-01-19 18:46:00,67.0,50.3,226,245
2025-01-19 18:48:00,196,49.8,226,244
2025-01-19 18:50:00,66.5,49.8,226,242
2025-01-19 18:52:00,49.9,50.3,226,241
2025-01-19 18:54:00,99.7,50.2,226,242
2025-01-19 18:56:00,99.6,50.2,225,242
2025-01-19 18:58:00,99.4,50.1,225,245
2025-01-19 19:00:00,196,49.9,226,243
2025-01-19 19:02:00,66.4,50.1,226,241
2025-01-19 19:04:00,66.9,50.1,226,243
2025-01-19 19:06:00,99.7,50.2,225,242
2025-01-19 19:08:00,50.0,50.2,225,242
2025-01-19 19:10:00,100,50.2,226,243
2025-01-19 19:12:00,66.9,50.1,225,241
2025-01-19 19:14:00,99.2,50.2,227,243
2025-01-19 19:16:00,99.4,50.3,226,244
2025-01-19 19:18:00,49.9,50.4,225,244
2025-01-19 19:20:00,100,50.7,225,242
2025-01-19 19:22:00,196,50.5,226,243
2025-01-19 19:24:00,195,50.6,226,241
2025-01-19 19:26:00,50.0,50.5,227,241
2025-01-19 19:28:00,66.8,50.5,226,245
2025-01-19 19:30:00,100.0,50.3,225,244
2025-01-19 19:32:00,49.9,50.5,226,241
2025-01-19 19:34:00,49.8,50.6,227,242
2025-01-19 19:36:00,99.4,50.5,226,241
2025-01-19 19:38:00,50.1,50.5,226,242
2025-01-19 19:40:00,66.6,50.6,224,242
2025-01-19 19:42:00,99.1,50.9,226,239
2025-01-19 19:44:00,100,50.5,224,241
2025-01-19 19:46:00,99.4,50.4,225,242
2025-01-19 19:48:00,99.2,50.3,225,242
2025-01-19 19:50:00,99.4,50.4,225,238
2025-01-19 19:52:00,197,50.4,225,238
2025-01-19 19:54:00,50.1,50.5,225,241
2025-01-19 19:56:00,99.7,50.2,225,243
2025-01-19 19:58:00,99.7,50.1,227,244
2025-01-19 20:00:00,99.9,50.8,226,241
2025-01-19 20:02:00,66.9,50.9,226,239
2025-01-19 20:04:00,66.7,51.0,225,239
2025-01-19 20:06:00,50.1,50.9,225,243
2025-01-19 20:08:00,50.0,50.9,226,241
2025-01-19 20:10:00,99.7,50.7,226,239
2025-01-19 20:12:00,196,50.5,225,242
2025-01-19 20:14:00,99.7,50.6,226,242
2025-01-19 20:16:00,100,51.3,225,239
2025-01-19 20:18:00,50.0,51.4,226,241
2025-01-19 20:20:00,50.0,51.4,226,241
2025-01-19 20:22:00,50.0,51.5,226,240
2025-01-19 20:24:00,66.8,68.5,226,243
2025-01-19 20:26:00,49.9,51.0,226,246
2025-01-19 20:28:00,67.0,51.2,225,243
2025-01-19 20:30:00,200,51.4,225,240
2025-01-19 20:32:00,49.9,51.4,227,239
2025-01-19 20:34:00,99.7,51.3,225,240
2025-01-19 20:36:00,198,51.3,225,240
2025-01-19 20:38:00,196,51.1,225,241
2025-01-19 20:40:00,49.9,51.1,225,241
2025-01-19 20:42:00,195,51.4,225,240
2025-01-19 20:44:00,99.2,51.3,227,243
2025-01-19 20:46:00,99.5,51.3,225,239
2025-01-19 20:48:00,198,51.3,225,240
2025-01-19 20:50:00,66.7,51.3,226,239
2025-01-19 20:52:00,99.2,51.1,226,240
2025-01-19 20:54:00,50.1,51.3,226,240
2025-01-19 20:56:00,99.4,51.0,226,242
2025-01-19 20:58:00,66.9,51.3,226,239
2025-01-19 21:00:00,100,51.4,225,238
2025-01-19 21:02:00,99.4,5208,225,0.857
2025-01-19 21:04:00,99.2,4695,225,0.973
2025-01-19 21:06:00,101,4237,226,0.595
2025-01-19 21:08:00,196,5848,227,0.523
2025-01-19 21:10:00,49.9,5155,226,0.886
2025-01-19 21:12:00,198,7813,226,0.494
2025-01-19 21:14:00,99.7,2924,227,0.769
2025-01-19 21:16:00,50.1,9346,226,0.639
2025-01-19 21:18:00,100,3610,225,0.523
2025-01-19 21:20:00,100.0,11494,226,0.436
2025-01-19 21:22:00,50.1,5208,226,0.697
2025-01-19 21:24:00,99.1,9346,225,0.857
2025-01-19 21:26:00,99.4,2469,225,0.769
2025-01-19 21:28:00,50.1,9346,225,0.973
2025-01-19 21:30:00,50.0,5181,225,0.784
2025-01-19 21:32:00,50.1,3610,225,0.639
2025-01-19 21:34:00,99.2,3356,226,1.13
2025-01-19 21:36:00,50.1,4255,225,0.552
2025-01-19 21:38:00,99.1,7813,225,0.784
2025-01-19 21:40:00,50.1,4695,225,0.740
2025-01-19 21:42:00,49.9,7813,225,0.842
2025-01-19 21:44:00,100,3610,227,0.828
2025-01-19 21:46:00,50.0,5882,226,0.915
2025-01-19 21:48:00,99.4,5848,225,1.16
2025-01-19 21:50:00,99.4,7692,226,0.799
2025-01-19 21:52:00,49.9,9346,225,0.624
2025-01-19 21:54:00,196,3610,226,0.900
2025-01-19 21:56:00,50.1,9346,227,0.886
2025-01-19 21:58:00,99.2,4274,226,1.21
2025-01-19 22:00:00,99.4,2611,227,0.610
2025-01-19 22:02:00,50.0,5848,225,0.595
2025-01-19 22:04:00,99.4,4651,226,0.407
2025-01-19 22:06:00,197,5208,225,0.755
2025-01-19 22:08:00,100,6711,226,0.711
2025-01-19 22:10:00,99.4,5882,225,0.769
2025-01-19 22:12:00,50.0,3125,226,0.682
2025-01-19 22:14:00,99.7,2347,226,0.857
2025-01-19 22:16:00,50.2,7813,226,0.726
2025-01-19 22:18:00,99.1,2762,225,0.755
2025-01-19 22:20:00,49.9,4274,226,0.479
2025-01-19 22:22:00,99.2,6711,226,0.973
2025-01-19 22:24:00,99.6,1513,226,0.581
2025-01-19 22:26:00,49.8,9346,226,0.523
2025-01-19 22:28:00,100.0,7813,226,0.305
2025-01-19 22:30:00,99.7,6711,226,0.566
2025-01-19 22:32:00,99.4,5848,227,0.857
2025-01-19 22:34:00,99.4,8264,226,0.755
2025-01-19 22:36:00,100,5848,226,0.740
2025-01-19 22:38:00,100,3356,226,0.799
2025-01-19 22:40:00,100,4255,226,0.958
2025-01-19 22:42:00,198,5814,225,0.682
2025-01-19 22:44:00,99.6,3356,226,0.682
2025-01-19 22:46:00,99.6,5208,225,1.02
2025-01-19 22:48:00,100,3333,226,0.610
2025-01-19 22:50:00,66.6,3610,225,0.784
2025-01-19 22:52:00,99.2,2347,227,0.392
2025-01-19 22:54:00,99.5,4695,225,0.624
2025-01-19 22:56:00,99.9,1880,226,0.740
2025-01-19 22:58:00,99.4,11628,225,0.465
2025-01-19 23:00:00,99.2,6711,226,0.769
2025-01-19 23:02:00,66.8,3356,225,0.740
2025-01-19 23:04:00,50.0,7813,226,0.726
2025-01-19 23:06:00,66.8,7692,225,0.697
2025-01-19 23:08:00,99.2,3344,226,0.450
2025-01-19 23:10:00,101,5882,225,0.595
2025-01-19 23:12:00,50.2,3906,225,0.857
2025-01-19 23:14:00,101,6711,225,0.581
2025-01-19 23:16:00,99.8,5848,226,0.552
2025-01-19 23:18:00,99.2,3333,225,0.828
2025-01-19 23:20:00,99.1,6711,226,0.537
2025-01-19 23:22:00,66.7,6711,226,0.479
2025-01-19 23:24:00,100.0,3356,225,0.392
2025-01-19 23:26:00,100,5208,225,0.581
2025-01-19 23:28:00,100,9346,225,0.828
2025-01-19 23:30:00,99.1,4651,225,0.494
2025-01-19 23:32:00,100,5208,226,0.465
2025-01-19 23:34:00,49.8,5848,226,0.581
2025-01-19 23:36:00,50.1,3333,226,0.581
2025-01-19 23:38:00,50.1,3610,225,0.595
2025-01-19 23:40:00,99.2,7813,225,0.465
2025-01-19 23:42:00,100,6711,227,0.711
2025-01-19 23:44:00,99.4,5848,226,0.697
2025-01-19 23:46:00,99.7,4695,226,0.624
2025-01-19 23:48:00,100,3333,226,0.450
2025-01-19 23:50:00,99.7,7813,227,0.958
2025-01-19 23:52:00,50.1,3922,225,0.711
2025-01-19 23:54:00,49.9,4695,227,0.523
2025-01-19 23:56:00,100,11628,225,0.624
2025-01-19 23:58:00,49.9,2915,226,0.494
2025-01-20 00:00:00,100,9346,227,0.508
2025-01-20 00:02:00,66.9,3610,226,0.508
2025-01-20 00:04:00,100,2469,227,0.450
2025-01-20 00:06:00,50.0,9346,227,0.537
2025-01-20 00:08:00,99.4,4274,227,0.581
2025-01-20 00:10:00,66.8,5848,225,0.537
2025-01-20 00:12:00,100,4274,226,0.494
2025-01-20 00:14:00,100,6711,227,0.566
2025-01-20 00:16:00,66.4,5208,226,0.552
2025-01-20 00:18:00,50.0,3610,225,0.392
2025-01-20 00:20:00,49.8,5848,226,0.479
2025-01-20 00:22:00,50.1,4274,226,0.552
2025-01-20 00:24:00,200,1957,229,0.769
2025-01-20 00:26:00,99.4,5848,230,0.552
2025-01-20 00:28:00,100,5208,229,0.479
2025-01-20 00:30:00,100.0,6711,231,0.407
2025-01-20 00:32:00,100,5155,229,0.436
2025-01-20 00:34:00,100,3906,229,0.552
2025-01-20 00:36:00,50.0,3597,229,0.668
2025-01-20 00:38:00,99.7,6711,230,0.479
2025-01-20 00:40:00,99.6,6667,230,0.407
2025-01-20 00:42:00,100,5208,229,0.421
2025-01-20 00:44:00,50.2,7692,230,0.610
2025-01-20 00:46:00,99.7,4255,229,0.711
2025-01-20 00:48:00,100,4274,230,0.610
2025-01-20 00:50:00,99.4,6711,229,0.610
2025-01-20 00:52:00,49.9,8850,229,0.508
2025-01-20 00:54:00,50.2,3891,230,0.494
2025-01-20 00:56:00,99.4,3610,230,0.407
2025-01-20 00:58:00,49.9,5882,231,0.407
2025-01-20 01:00:00,49.9,5208,230,0.392
2025-01-20 01:02:00,49.9,9346,230,0.450
2025-01-20 01:04:00,50.1,5848,231,0.581
2025-01-20 01:06:00,99.6,2933,230,0.552
2025-01-20 01:08:00,66.5,3356,229,0.639
2025-01-20 01:10:00,66.7,4237,229,0.436
2025-01-20 01:12:00,50.0,7752,229,0.566
2025-01-20 01:14:00,100.0,9346,231,0.494
2025-01-20 01:16:00,66.5,3344,230,0.450
2025-01-20 01:18:00,98.9,3125,230,0.523
2025-01-20 01:20:00,50.1,7042,229,0.537
2025-01-20 01:22:00,66.8,5208,229,0.537
2025-01-20 01:24:00,99.5,11765,229,0.537
2025-01-20 01:26:00,,2347,,0.639
2025-01-20 01:28:00,197,7813,230,0.552
2025-01-20 01:30:00,99.4,3906,228,0.436
2025-01-20 01:32:00,99.4,4695,230,0.523
2025-01-20 01:34:00,99.6,6623,229,0.639
2025-01-20 01:36:00,99.4,3135,230,0.682
2025-01-20 01:38:00,49.9,9346,230,0.334
2025-01-20 01:40:00,66.7,7813,231,0.465
2025-01-20 01:42:00,49.8,5848,230,0.436
2025-01-20 01:44:00,99.9,6711,228,0.769
2025-01-20 01:46:00,66.6,6711,230,0.494
2025-01-20 01:48:00,99.7,11628,229,0.508
2025-01-20 01:50:00,101,4274,228,0.610
2025-01-20 01:52:00,50.1,3906,230,0.450
2025-01-20 01:54:00,50.0,6711,230,0.421
2025-01-20 01:56:00,49.9,7813,229,0.552
2025-01-20 01:58:00,49.9,9346,231,0.595
2025-01-20 02:00:00,99.4,9346,232,3.89
2025-01-20 02:02:00,50.0,3922,231,0.566
2025-01-20 02:04:00,50.1,6711,231,0.755
2025-01-20 02:06:00,100,3356,230,0.610
2025-01-20 02:08:00,99.7,5848,231,0.610
2025-01-20 02:10:00,100,9346,231,0.682
2025-01-20 02:12:00,99.2,9346,230,0.566
2025-01-20 02:14:00,49.9,3906,230,0.813
2025-01-20 02:16:00,50.0,2237,231,0.552
2025-01-20 02:18:00,50.0,9346,230,0.581
2025-01-20 02:20:00,50.0,9346,231,0.740
2025-01-20 02:22:00,100,5208,229,0.769
2025-01-20 02:24:00,99.6,5848,231,0.610
2025-01-20 02:26:00,99.6,5848,230,0.523
2025-01-20 02:28:00,50.0,8772,230,0.639
2025-01-20 02:30:00,49.9,4274,229,0.711
2025-01-20 02:32:00,99.4,6711,229,0.421
2025-01-20 02:34:00,99.4,4255,230,0.363
2025-01-20 02:36:00,99.4,5848,230,0.363
2025-01-20 02:38:00,100,6667,230,0.465
2025-01-20 02:40:00,50.1,2762,230,0.363
2025-01-20 02:42:00,99.7,6711,229,0.799
2025-01-20 02:44:00,50.1,4695,230,0.552
2025-01-20 02:46:00,49.8,6711,229,0.842
2025-01-20 02:48:00,99.2,5882,230,0.697
2025-01-20 02:50:00,50.0,3906,229,0.305
2025-01-20 02:52:00,50.1,3610,229,0.377
2025-01-20 02:54:00,99.4,3891,229,0.465
2025-01-20 02:56:00,50.1,6667,230,0.581
2025-01-20 02:58:00,50.1,5181,231,0.523
2025-01-20 03:00:00,100,9346,229,0.450
2025-01-20 03:02:00,67.1,6711,229,0.799
2025-01-20 03:04:00,199,5208,229,0.479
2025-01-20 03:06:00,100,6711,229,0.421
2025-01-20 03:08:00,66.6,9346,229,0.595
2025-01-20 03:10:00,100,3906,230,0.595
2025-01-20 03:12:00,66.8,3610,230,0.581
2025-01-20 03:14:00,99.2,2933,229,0.740
2025-01-20 03:16:00,50.1,11765,229,0.813
2025-01-20 03:18:00,66.8,6711,229,0.494
2025-01-20 03:20:00,99.4,5155,231,0.595
2025-01-20 03:22:00,50.0,9259,230,0.392
2025-01-20 03:24:00,99.6,3906,230,0.407
2025-01-20 03:26:00,50.0,3584,230,0.436
2025-01-20 03:28:00,101,6667,231,0.610
2025-01-20 03:30:00,99.1,7692,230,0.494
2025-01-20 03:32:00,66.5,2137,230,0.784
2025-01-20 03:34:00,99.2,4695,229,0.566
2025-01-20 03:36:00,100.0,3333,229,0.566
2025-01-20 03:38:00,100,2475,228,0.566
2025-01-20 03:40:00,99.6,5848,230,0.682
2025-01-20 03:42:00,99.4,4695,229,0.392
2025-01-20 03:44:00,50.0,6711,229,0.494
2025-01-20 03:46:00,100,2762,229,0.581
2025-01-20 03:48:00,99.4,2604,229,0.436
2025-01-20 03:50:00,99.2,9346,229,0.537
2025-01-20 03:52:00,100,5882,230,0.668
2025-01-20 03:54:00,50.1,9346,229,0.479
2025-01-20 03:56:00,99.2,3333,230,0.624
2025-01-20 03:58:00,49.9,3610,229,0.740
2025-01-20 04:00:00,49.9,9346,229,0.886
2025-01-20 04:02:00,50.0,9346,229,0.508
2025-01-20 04:04:00,49.8,4695,230,0.653
2025-01-20 04:06:00,50.1,4274,230,0.363
2025-01-20 04:08:00,99.4,4274,230,0.450
2025-01-20 04:10:00,50.0,2762,229,0.537
2025-01-20 04:12:00,100,5208,228,0.377
2025-01-20 04:14:00,99.4,3906,229,0.421
2025-01-20 04:16:00,50.0,2232,229,0.392
2025-01-20 04:18:00,66.8,6711,228,0.319
2025-01-20 04:20:00,99.4,4237,229,0.668
2025-01-20 04:22:00,99.1,4274,229,0.668
2025-01-20 04:24:00,100,3125,230,0.740
2025-01-20 04:26:00,49.9,5208,229,0.261
2025-01-20 04:28:00,100,11628,229,0.581
2025-01-20 04:30:00,99.2,3906,229,0.653
2025-01-20 04:32:00,99.4,11628,229,0.290
2025-01-20 04:34:00,99.4,6711,229,0.610
2025-01-20 04:36:00,49.8,6711,230,0.740
2025-01-20 04:38:00,49.9,3906,231,0.334
2025-01-20 04:40:00,49.9,2611,230,0.392
2025-01-20 04:42:00,66.8,4695,230,0.392
2025-01-20 04:44:00,66.7,5848,229,0.711
2025-01-20 04:46:00,197,6711,230,0.566
2025-01-20 04:48:00,100,5848,229,0.639
2025-01-20 04:50:00,66.8,7752,229,0.610
2025-01-20 04:52:00,49.9,4132,229,0.334
2025-01-20 04:54:00,99.4,4695,229,0.697
2025-01-20 04:56:00,50.2,11765,228,0.668
2025-01-20 04:58:00,100,9346,229,0.436
2025-01-20 05:00:00,99.5,5208,230,0.319
2025-01-20 05:02:00,50.1,4695,229,0.334
2025-01-20 05:04:00,66.9,2611,230,0.711
2025-01-20 05:06:00,49.8,1416,231,0.552
2025-01-20 05:08:00,100,9346,229,0.319
2025-01-20 05:10:00,99.2,5882,230,0.465
2025-01-20 05:12:00,100,4695,230,0.552
2025-01-20 05:14:00,101,4695,228,0.537
2025-01-20 05:16:00,99.7,6711,229,0.784
2025-01-20 05:18:00,99.4,5814,229,0.508
2025-01-20 05:20:00,99.4,7813,229,0.363
2025-01-20 05:22:00,99.4,2933,231,0.566
2025-01-20 05:24:00,99.4,2132,230,0.508
2025-01-20 05:26:00,,3356,,0.377
2025-01-20 05:28:00,99.1,4274,230,0.377
2025-01-20 05:30:00,100,2762,230,0.610
2025-01-20 05:32:00,50.1,9346,231,0.334
2025-01-20 05:34:00,50.0,6711,230,0.523
2025-01-20 05:36:00,100,5155,232,0.421
2025-01-20 05:38:00,66.8,4695,230,0.247
2025-01-20 05:40:00,99.4,9346,231,0.537
2025-01-20 05:42:00,195,9346,231,0.682
2025-01-20 05:44:00,198,11628,229,0.377
2025-01-20 05:46:00,100,6711,230,1.00
2025-01-20 05:48:00,66.5,,230,
2025-01-20 05:50:00,99.4,4274,230,0.450
2025-01-20 05:52:00,50.1,5208,229,0.653
2025-01-20 05:54:00,197,5882,231,0.377
2025-01-20 05:56:00,50.1,9346,231,0.421
2025-01-20 05:58:00,99.1,3484,231,0.465
2025-01-20 06:00:00,100,5208,229,0.523
2025-01-20 06:02:00,66.9,2611,229,0.755
2025-01-20 06:04:00,50.2,3906,228,0.697
2025-01-20 06:06:00,50.0,2611,229,0.828
2025-01-20 06:08:00,50.0,3610,229,0.610
2025-01-20 06:10:00,50.1,5882,230,0.581
2025-01-20 06:12:00,50.0,9346,230,0.828
2025-01-20 06:14:00,99.4,4274,229,0.900
2025-01-20 06:16:00,99.7,5848,231,0.755
2025-01-20 06:18:00,50.1,9346,229,0.828
2025-01-20 06:20:00,49.9,4255,229,0.871
2025-01-20 06:22:00,50.1,9346,229,0.726
2025-01-20 06:24:00,50.1,1618,229,0.552
2025-01-20 06:26:00,99.6,1876,230,0.682
2025-01-20 06:28:00,100,9346,231,0.610
2025-01-20 06:30:00,49.9,11765,229,0.523
2025-01-20 06:32:00,50.1,4274,229,0.479
2025-01-20 06:34:00,196,6711,229,0.508
2025-01-20 06:36:00,50.1,6711,230,0.421
2025-01-20 06:38:00,99.2,11765,230,0.392
2025-01-20 06:40:00,49.9,2232,229,0.436
2025-01-20 06:42:00,50.2,9346,229,0.465
2025-01-20 06:44:00,67.0,7692,231,0.392
2025-01-20 06:46:00,50.1,4237,230,0.421
2025-01-20 06:48:00,99.6,11628,229,0.407
2025-01-20 06:50:00,50.0,3115,229,0.377
2025-01-20 06:52:00,66.8,7813,229,0.348
2025-01-20 06:54:00,99.7,6623,230,0.334
2025-01-20 06:56:00,99.9,7813,230,0.407
2025-01-20 06:58:00,99.2,4237,229,0.421
2025-01-20 07:00:00,99.7,5848,229,0.377
2025-01-20 07:02:00,199,6711,230,0.377
2025-01-20 07:04:00,196,2933,229,0.465
2025-01-20 07:06:00,99.7,3906,231,0.450
2025-01-20 07:08:00,99.4,4673,229,0.407
2025-01-20 07:10:00,50.1,3115,230,0.392
2025-01-20 07:12:00,50.0,6623,230,0.436
2025-01-20 07:14:00,49.9,11765,230,0.479
2025-01-20 07:16:00,100,5181,229,0.363
2025-01-20 07:18:00,50.0,50.9,230,235
2025-01-20 07:20:00,99.4,50.9,229,235
2025-01-20 07:22:00,99.4,51.2,226,235
2025-01-20 07:24:00,50.0,51.0,228,236
2025-01-20 07:26:00,50.0,51.3,226,238
2025-01-20 07:28:00,99.4,51.1,226,237
2025-01-20 07:30:00,99.2,51.1,225,236
2025-01-20 07:32:00,66.8,51.1,225,236
2025-01-20 07:34:00,99.4,51.1,226,236
2025-01-20 07:36:00,100,51.2,226,235
2025-01-20 07:38:00,50.1,51.2,225,238
2025-01-20 07:40:00,50.0,51.0,226,234
2025-01-20 07:42:00,50.1,50.7,225,234
2025-01-20 07:44:00,196,51.0,225,236
2025-01-20 07:46:00,99.2,51.3,226,236
2025-01-20 07:48:00,99.7,51.1,226,237
2025-01-20 07:50:00,66.4,51.0,225,236
2025-01-20 07:52:00,66.9,51.2,225,237
2025-01-20 07:54:00,101,51.2,226,234
2025-01-20 07:56:00,50.0,51.2,226,235
2025-01-20 07:58:00,66.9,49.8,225,234
2025-01-20 08:00:00,100,49.8,226,234
2025-01-20 08:02:00,99.4,49.8,226,233
2025-01-20 08:04:00,99.4,49.8,225,233
2025-01-20 08:06:00,99.4,49.9,226,232
2025-01-20 08:08:00,100,50.0,227,232
2025-01-20 08:10:00,66.6,49.9,227,234
2025-01-20 08:12:00,50.0,49.8,226,233
2025-01-20 08:14:00,100,49.8,226,232
2025-01-20 08:16:00,50.1,49.7,227,233
2025-01-20 08:18:00,99.4,49.6,226,235
2025-01-20 08:20:00,50.0,49.6,226,235
2025-01-20 08:22:00,66.7,49.5,226,234
2025-01-20 08:24:00,49.9,49.6,226,231
2025-01-20 08:26:00,50.1,49.6,232,232
2025-01-20 08:28:00,99.4,49.7,232,234
2025-01-20 08:30:00,197,49.6,232,231
2025-01-20 08:32:00,49.9,49.4,230,235
2025-01-20 08:34:00,66.7,49.5,231,233
2025-01-20 08:36:00,99.4,49.7,230,233
2025-01-20 08:38:00,99.4,49.8,230,233
2025-01-20 08:40:00,100,49.7,229,232
2025-01-20 08:42:00,199,49.6,230,233
2025-01-20 08:44:00,100,49.5,231,234
2025-01-20 08:46:00,99.7,49.6,230,234
2025-01-20 08:48:00,100,49.7,230,234
2025-01-20 08:50:00,67.0,49.7,230,235
2025-01-20 08:52:00,100,49.7,230,233
2025-01-20 08:54:00,99.9,49.5,230,230
2025-01-20 08:56:00,100,49.4,231,228
2025-01-20 08:58:00,67.0,49.5,230,233
2025-01-20 09:00:00,101,49.4,231,232
2025-01-20 09:02:00,66.8,49.4,230,232
2025-01-20 09:04:00,99.2,49.5,231,232
2025-01-20 09:06:00,66.9,49.8,232,234
2025-01-20 09:08:00,99.1,50.8,233,236
2025-01-20 09:10:00,66.9,51.0,231,233
2025-01-20 09:12:00,99.7,51.1,230,231
2025-01-20 09:14:00,66.7,51.0,230,233
2025-01-20 09:16:00,66.8,51.0,229,232
2025-01-20 09:18:00,100.0,50.7,229,232
2025-01-20 09:20:00,100,51.3,230,231
2025-01-20 09:22:00,50.2,51.4,231,231
2025-01-20 09:24:00,196,51.2,232,236
2025-01-20 09:26:00,99.4,51.2,231,236
2025-01-20 09:28:00,100,51.0,230,235
2025-01-20 09:30:00,100,50.3,230,234
2025-01-20 09:32:00,100,50.5,231,234
2025-01-20 09:34:00,99.4,50.5,231,236
2025-01-20 09:36:00,198,50.7,230,234
2025-01-20 09:38:00,99.2,50.8,231,236
2025-01-20 09:40:00,99.2,50.6,230,236
2025-01-20 09:42:00,99.9,50.5,230,234
2025-01-20 09:44:00,99.9,51.1,230,234
2025-01-20 09:46:00,50.0,51.0,231,232
2025-01-20 09:48:00,66.7,50.5,230,233
2025-01-20 09:50:00,197,50.3,230,232
2025-01-20 09:52:00,50.0,50.3,230,230
2025-01-20 09:54:00,99.9,49.5,230,235
2025-01-20 09:56:00,50.0,49.3,230,233
2025-01-20 09:58:00,50.0,49.4,230,232
2025-01-20 10:00:00,66.5,49.5,232,236
2025-01-20 10:02:00,50.0,49.4,230,237
2025-01-20 10:04:00,100.0,49.3,229,235
2025-01-20 10:06:00,66.8,49.2,230,230
2025-01-20 10:08:00,99.7,49.2,230,234
2025-01-20 10:10:00,99.4,49.3,230,234
2025-01-20 10:12:00,100,49.2,229,236
2025-01-20 10:14:00,50.1,49.4,230,237
2025-01-20 10:16:00,50.2,49.5,230,237
2025-01-20 10:18:00,99.4,49.1,230,241
2025-01-20 10:20:00,49.8,49.2,229,241
2025-01-20 10:22:00,50.1,49.2,230,239
2025-01-20 10:24:00,99.1,49.2,230,242
2025-01-20 10:26:00,50.0,49.1,231,239
2025-01-20 10:28:00,66.9,49.3,230,239
2025-01-20 10:30:00,66.6,49.1,231,239
2025-01-20 10:32:00,100,49.1,231,238
2025-01-20 10:34:00,66.6,49.3,229,238
2025-01-20 10:36:00,99.4,49.3,229,240
2025-01-20 10:38:00,100,49.2,228,239
2025-01-20 10:40:00,100,49.4,229,241
2025-01-20 10:42:00,50.1,49.3,230,238
2025-01-20 10:44:00,50.0,49.2,230,241
2025-01-20 10:46:00,100,49.2,230,239
2025-01-20 10:48:00,50.0,49.2,229,237
2025-01-20 10:50:00,66.8,49.1,229,239
2025-01-20 10:52:00,100,49.3,228,241
2025-01-20 10:54:00,99.7,49.3,230,240
2025-01-20 10:56:00,66.8,49.2,228,241
2025-01-20 10:58:00,66.7,49.2,228,240
2025-01-20 11:00:00,50.0,49.3,228,239
2025-01-20 11:02:00,49.8,49.3,229,237
2025-01-20 11:04:00,99.1,49.6,228,238
2025-01-20 11:06:00,99.4,49.7,228,236
2025-01-20 11:08:00,99.7,49.8,229,236
2025-01-20 11:10:00,49.9,49.7,230,232
2025-01-20 11:12:00,50.1,49.7,228,232
2025-01-20 11:14:00,100,49.7,228,236
2025-01-20 11:16:00,66.7,50.0,229,235
2025-01-20 11:18:00,50.1,50.1,229,236
2025-01-20 11:20:00,99.4,50.0,229,238
2025-01-20 11:22:00,99.4,50.1,229,236
2025-01-20 11:24:00,100,50.2,230,240
2025-01-20 11:26:00,99.7,50.4,229,236
2025-01-20 11:28:00,99.4,50.2,230,237
2025-01-20 11:30:00,99.7,50.6,229,237
2025-01-20 11:32:00,99.4,50.8,230,237
2025-01-20 11:34:00,99.4,50.5,229,236
2025-01-20 11:36:00,99.7,50.4,229,238
2025-01-20 11:38:00,100,50.4,230,235
2025-01-20 11:40:00,66.6,50.7,230,237
2025-01-20 11:42:00,66.4,50.6,229,238
2025-01-20 11:44:00,100,50.5,229,236
2025-01-20 11:46:00,49.8,50.0,228,238
2025-01-20 11:48:00,50.1,50.1,229,236
2025-01-20 11:50:00,99.9,50,228,238
2025-01-20 11:52:00,199,49.9,229,236
2025-01-20 11:54:00,66.6,50.0,228,235
2025-01-20 11:56:00,99.4,49.9,231,236
2025-01-20 11:58:00,49.8,50.0,228,236
2025-01-20 12:00:00,99.4,49.8,228,236
2025-01-20 12:02:00,50.1,49.9,228,237
2025-01-20 12:04:00,49.9,50.0,230,241
2025-01-20 12:06:00,99.2,49.9,230,235
2025-01-20 12:08:00,99.2,50.1,229,239
2025-01-20 12:10:00,66.7,50.0,228,237
2025-01-20 12:12:00,99.4,49.9,229,239
2025-01-20 12:14:00,50.1,49.8,229,239
2025-01-20 12:16:00,99.3,50.2,230,236
2025-01-20 12:18:00,66.7,49.9,229,235
2025-01-20 12:20:00,50.1,50.1,230,237
2025-01-20 12:22:00,66.9,50.1,228,237
2025-01-20 12:24:00,99.4,50.1,228,240
2025-01-20 12:26:00,99.2,50.4,228,235
2025-01-20 12:28:00,66.8,50.3,229,235
2025-01-20 12:30:00,50.1,50.1,228,236
2025-01-20 12:32:00,100,50.0,228,238
2025-01-20 12:34:00,66.7,50.1,228,236
2025-01-20 12:36:00,66.7,50.1,228,237
2025-01-20 12:38:00,50.2,50,229,236
2025-01-20 12:40:00,50.0,50.3,228,238
2025-01-20 12:42:00,50.0,50.0,228,238
2025-01-20 12:44:00,66.5,49.7,229,238
2025-01-20 12:46:00,49.9,49.7,229,237
2025-01-20 12:48:00,50.0,50.0,229,238
2025-01-20 12:50:00,100,50.3,229,238
2025-01-20 12:52:00,99.2,50.3,229,235
2025-01-20 12:54:00,49.9,50.1,229,236
2025-01-20 12:56:00,50.0,50.0,228,239
2025-01-20 12:58:00,66.9,50.3,229,239
2025-01-20 13:00:00,66.8,50.3,225,237
2025-01-20 13:02:00,49.8,50.4,226,240
2025-01-20 13:04:00,50.0,50.2,225,241
2025-01-20 13:06:00,50.0,50.4,224,240
2025-01-20 13:08:00,66.5,50.7,225,237
2025-01-20 13:10:00,50.0,50.2,225,237
2025-01-20 13:12:00,66.4,49.9,226,237
2025-01-20 13:14:00,50.0,50.0,225,235
2025-01-20 13:16:00,99.7,49.9,226,236
2025-01-20 13:18:00,66.8,49.7,226,237
2025-01-20 13:20:00,50.0,49.9,227,237
2025-01-20 13:22:00,99.7,49.8,225,235
2025-01-20 13:24:00,99.4,49.6,226,237
2025-01-20 13:26:00,99.7,49.6,226,236
2025-01-20 13:28:00,99.4,49.9,226,239
2025-01-20 13:30:00,198,49.6,225,239
2025-01-20 13:32:00,100,50.0,224,238
2025-01-20 13:34:00,99.4,50.0,226,237
2025-01-20 13:36:00,99.4,50.0,226,236
2025-01-20 13:38:00,49.9,50,226,238
2025-01-20 13:40:00,99.4,50.0,226,239
2025-01-20 13:42:00,50.1,49.8,225,235
2025-01-20 13:44:00,50.0,50.1,226,237
2025-01-20 13:46:00,49.9,50.2,226,239
2025-01-20 13:48:00,199,50.1,226,237
2025-01-20 13:50:00,50.0,49.9,226,236
2025-01-20 13:52:00,50.1,50.1,226,240
2025-01-20 13:54:00,49.8,49.8,225,239
2025-01-20 13:56:00,66.7,50.0,230,243
2025-01-20 13:58:00,99.9,50.1,228,241
2025-01-20 14:00:00,99.7,50.1,230,240
2025-01-20 14:02:00,100,50.0,228,237
2025-01-20 14:04:00,99.4,50.0,230,237
2025-01-20 14:06:00,66.7,50.1,230,241
2025-01-20 14:08:00,49.8,49.6,229,239
2025-01-20 14:10:00,100.0,49.6,230,240
2025-01-20 14:12:00,99.7,49.7,229,240
2025-01-20 14:14:00,50.0,49.7,229,240
2025-01-20 14:16:00,99.4,49.7,228,241
2025-01-20 14:18:00,99.2,49.8,228,241
2025-01-20 14:20:00,100,49.7,228,240
2025-01-20 14:22:00,50.0,49.8,229,240
2025-01-20 14:24:00,99.1,49.7,228,239
2025-01-20 14:26:00,50.0,49.6,228,237
2025-01-20 14:28:00,66.7,49.4,228,238
2025-01-20 14:30:00,49.9,49.6,229,239
2025-01-20 14:32:00,50.1,49.6,229,238
2025-01-20 14:34:00,50.1,49.7,230,240
2025-01-20 14:36:00,49.9,49.6,229,238
2025-01-20 14:38:00,50.1,49.7,228,239
2025-01-20 14:40:00,50.0,49.7,229,239
2025-01-20 14:42:00,99.1,49.8,229,236
2025-01-20 14:44:00,66.7,49.9,229,238
2025-01-20 14:46:00,99.4,49.9,229,237
2025-01-20 14:48:00,49.9,49.8,229,237
2025-01-20 14:50:00,99.2,49.9,229,238
2025-01-20 14:52:00,50.0,50.0,226,238
2025-01-20 14:54:00,49.9,49.8,226,238
2025-01-20 14:56:00,50.0,50.0,225,238
2025-01-20 14:58:00,66.9,50.0,226,238
2025-01-20 15:00:00,99.4,49.6,225,238
2025-01-20 15:02:00,100,49.5,225,237
2025-01-20 15:04:00,66.9,49.4,225,238
2025-01-20 15:06:00,66.7,49.5,226,241
2025-01-20 15:08:00,50.1,49.8,226,239
2025-01-20 15:10:00,50.1,49.8,226,239
2025-01-20 15:12:00,99.4,49.7,225,240
2025-01-20 15:14:00,66.8,49.4,226,240
2025-01-20 15:16:00,66.8,49.4,225,241
2025-01-20 15:18:00,99.4,49.4,225,238
2025-01-20 15:20:00,66.8,49.7,225,240
2025-01-20 15:22:00,49.8,49.7,226,239
2025-01-20 15:24:00,66.8,49.7,225,235
2025-01-20 15:26:00,49.9,49.7,224,239
2025-01-20 15:28:00,50.0,49.4,225,242
2025-01-20 15:30:00,50.1,49.7,226,241
2025-01-20 15:32:00,198,49.7,226,239
2025-01-20 15:34:00,50.0,49.7,225,239
2025-01-20 15:36:00,49.9,49.3,225,240
2025-01-20 15:38:00,99.7,49.5,226,239
2025-01-20 15:40:00,100,49.7,227,238
2025-01-20 15:42:00,49.9,49.8,227,239
2025-01-20 15:44:00,100,49.8,229,242
2025-01-20 15:46:00,100,49.7,228,241
2025-01-20 15:48:00,99.6,49.9,229,241
2025-01-20 15:50:00,50.0,49.8,229,239
2025-01-20 15:52:00,50.1,49.8,230,240
2025-01-20 15:54:00,66.5,49.9,229,237
2025-01-20 15:56:00,50.0,49.9,227,238
2025-01-20 15:58:00,66.8,49.9,226,239
2025-01-20 16:00:00,99.4,49.8,226,241
2025-01-20 16:02:00,99.7,49.6,226,240
2025-01-20 16:04:00,99.9,49.6,226,241
2025-01-20 16:06:00,99.1,49.7,228,236
2025-01-20 16:08:00,49.9,49.6,227,236
2025-01-20 16:10:00,50.1,50.0,226,234
2025-01-20 16:12:00,66.7,50.1,227,237
2025-01-20 16:14:00,99.2,50.0,225,237
2025-01-20 16:16:00,50.1,49.9,227,238
2025-01-20 16:18:00,49.8,50.1,226,236
2025-01-20 16:20:00,50.0,50.1,226,236
2025-01-20 16:22:00,99.9,50.3,227,239
2025-01-20 16:24:00,99.9,50.4,225,235
2025-01-20 16:26:00,50.2,50.4,225,236
2025-01-20 16:28:00,100,50.4,226,236
2025-01-20 16:30:00,99.2,50.2,227,235
2025-01-20 16:32:00,50.1,50.1,226,235
2025-01-20 16:34:00,50.0,50.3,226,240
2025-01-20 16:36:00,101,50.2,226,241
2025-01-20 16:38:00,100,50.4,226,238
2025-01-20 16:40:00,66.8,50.6,225,240
2025-01-20 16:42:00,50.1,50.7,225,240
2025-01-20 16:44:00,66.7,50.1,226,237
2025-01-20 16:46:00,100,50.1,226,236
2025-01-20 16:48:00,66.9,49.7,225,237
2025-01-20 16:50:00,50.0,50.0,226,236
2025-01-20 16:52:00,50.0,50.2,225,236
2025-01-20 16:54:00,50.0,49.7,227,235
2025-01-20 16:56:00,201,49.6,227,236
2025-01-20 16:58:00,50.0,49.5,225,233
2025-01-20 17:00:00,99.1,49.6,225,238
2025-01-20 17:02:00,99.2,49.7,226,239
2025-01-20 17:04:00,101,49.5,226,235
2025-01-20 17:06:00,99.4,49.7,226,235
2025-01-20 17:08:00,196,49.7,225,234
2025-01-20 17:10:00,99.4,49.4,226,238
2025-01-20 17:12:00,100.0,49.5,227,238
2025-01-20 17:14:00,99.4,49.5,227,238
2025-01-20 17:16:00,66.5,49.6,226,237
2025-01-20 17:18:00,198,49.6,226,237
2025-01-20 17:20:00,99.2,49.6,227,236
2025-01-20 17:22:00,99.8,49.5,226,237
2025-01-20 17:24:00,49.8,49.3,226,235
2025-01-20 17:26:00,100,49.5,225,236
2025-01-20 17:28:00,66.5,49.6,226,238
2025-01-20 17:30:00,99.7,49.8,226,237
2025-01-20 17:32:00,50.0,49.7,225,236
2025-01-20 17:34:00,50.0,51.2,225,233
2025-01-20 17:36:00,99.7,50.9,225,230
2025-01-20 17:38:00,99.7,50.9,226,234
2025-01-20 17:40:00,99.7,51.0,226,237
2025-01-20 17:42:00,99.1,51.0,225,232
2025-01-20 17:44:00,99.2,51.1,226,233
2025-01-20 17:46:00,99.9,51.1,225,231
2025-01-20 17:48:00,99.1,51.1,226,233
2025-01-20 17:50:00,50.0,51.0,226,236
2025-01-20 17:52:00,100,51.0,226,235
2025-01-20 17:54:00,100,51.3,226,236
2025-01-20 17:56:00,99.2,51.2,226,236
2025-01-20 17:58:00,100,51.3,226,236
2025-01-20 18:00:00,100,51.3,225,236
2025-01-20 18:02:00,99.4,51.2,226,234
2025-01-20 18:04:00,99.4,51.1,225,233
2025-01-20 18:06:00,100,51.1,225,234
2025-01-20 18:08:00,99.2,50.9,224,233
2025-01-20 18:10:00,99.4,52.2,226,236
2025-01-20 18:12:00,50.0,52.3,225,236
2025-01-20 18:14:00,49.8,52.1,226,235
2025-01-20 18:16:00,99.1,51.8,227,232
2025-01-20 18:18:00,100,52.1,225,236
2025-01-20 18:20:00,49.9,51.4,226,236
2025-01-20 18:22:00,194,51.3,225,235
2025-01-20 18:24:00,100,51.6,227,234
2025-01-20 18:26:00,100.0,51.9,226,239
2025-01-20 18:28:00,99.6,52.0,226,236
2025-01-20 18:30:00,99.7,52.0,225,238
2025-01-20 18:32:00,49.9,52.0,225,240
2025-01-20 18:34:00,100,53.8,226,244
2025-01-20 18:36:00,66.8,53.8,226,241
2025-01-20 18:38:00,99.2,53.5,225,236
2025-01-20 18:40:00,50.1,53.5,227,237
2025-01-20 18:42:00,100,52.2,226,237
2025-01-20 18:44:00,100,54.1,226,241
2025-01-20 18:46:00,99.2,54.0,226,241
2025-01-20 18:48:00,66.8,54.1,226,241
2025-01-20 18:50:00,50.2,54.7,225,241
2025-01-20 18:52:00,195,55.2,225,237
2025-01-20 18:54:00,99.1,54.7,226,238
2025-01-20 18:56:00,50.2,53.6,225,240
2025-01-20 18:58:00,100,54.5,227,241
2025-01-20 19:00:00,99.9,54.2,226,240
2025-01-20 19:02:00,101,55.0,225,239
2025-01-20 19:04:00,99.7,54.8,227,241
2025-01-20 19:06:00,49.9,54.6,227,235
2025-01-20 19:08:00,50.0,54.5,226,235
2025-01-20 19:10:00,99.4,53.4,226,241
2025-01-20 19:12:00,67.0,54.3,226,242
2025-01-20 19:14:00,99.7,52.1,226,238
2025-01-20 19:16:00,66.4,53.9,226,240
2025-01-20 19:18:00,99.2,55.1,226,240
2025-01-20 19:20:00,101,55.0,226,234
2025-01-20 19:22:00,50.2,55.6,225,236
2025-01-20 19:24:00,66.8,55.2,226,240
2025-01-20 19:26:00,100,54.6,226,239
2025-01-20 19:28:00,100,55.0,227,238
2025-01-20 19:30:00,66.8,54.8,227,239
2025-01-20 19:32:00,50.1,55.0,227,238
2025-01-20 19:34:00,99.9,54.3,225,234
2025-01-20 19:36:00,198,55.0,224,235
2025-01-20 19:38:00,99.3,55.0,225,242
2025-01-20 19:40:00,99.9,54.6,225,239
2025-01-20 19:42:00,66.6,54.9,226,240
2025-01-20 19:44:00,99.2,54.8,225,240
2025-01-20 19:46:00,99.5,55.0,225,242
2025-01-20 19:48:00,198,51.2,226,238
2025-01-20 19:50:00,99.2,51.3,225,235
2025-01-20 19:52:00,100,51.3,226,238
2025-01-20 19:54:00,99.2,50.9,226,236
2025-01-20 19:56:00,99.1,51.1,226,239
2025-01-20 19:58:00,197,51.2,226,239
2025-01-20 20:00:00,195,51.0,226,237
2025-01-20 20:02:00,198,51.0,227,236
2025-01-20 20:04:00,67.1,51.2,225,235
2025-01-20 20:06:00,66.9,51.3,226,236
2025-01-20 20:08:00,100,51.2,226,235
2025-01-20 20:10:00,66.7,51.1,226,237
2025-01-20 20:12:00,201,51.1,225,235
2025-01-20 20:14:00,67.0,50.8,226,236
2025-01-20 20:16:00,100.0,50.8,226,236
2025-01-20 20:18:00,198,51.0,226,238
2025-01-20 20:20:00,66.7,51.1,225,236
2025-01-20 20:22:00,100,50.9,227,234
2025-01-20 20:24:00,99.7,50.9,226,235
2025-01-20 20:26:00,199,51.0,226,239
2025-01-20 20:28:00,99.1,51.0,225,238
2025-01-20 20:30:00,198,51.0,225,238
2025-01-20 20:32:00,197,51.1,226,240
2025-01-20 20:34:00,99.2,50.9,226,240
2025-01-20 20:36:00,99.7,51.2,225,238
2025-01-20 20:38:00,99.7,51.1,226,240
2025-01-20 20:40:00,200,51.1,225,238
2025-01-20 20:42:00,99.4,50.9,225,240
2025-01-20 20:44:00,99.4,51.0,225,239
2025-01-20 20:46:00,100,51.1,225,240
2025-01-20 20:48:00,100,50.9,225,237
2025-01-20 20:50:00,100,51.0,225,239
2025-01-20 20:52:00,100,51.2,227,237
2025-01-20 20:54:00,100,51.2,226,236
2025-01-20 20:56:00,100,51.0,225,234
2025-01-20 20:58:00,197,50.9,226,235
2025-01-20 21:00:00,198,51.1,225,238
2025-01-20 21:02:00,99.1,51.1,225,239
2025-01-20 21:04:00,99.7,51.0,225,239
2025-01-20 21:06:00,100,50.9,226,235
2025-01-20 21:08:00,100.0,51.2,225,238
2025-01-20 21:10:00,99.2,50.8,225,239
2025-01-20 21:12:00,198,50.6,226,239
2025-01-20 21:14:00,66.9,50.8,226,241
2025-01-20 21:16:00,99.2,50.7,225,239
2025-01-20 21:18:00,50.1,51.3,226,238
2025-01-20 21:20:00,66.8,51.2,225,239
2025-01-20 21:22:00,100,51.2,226,239
2025-01-20 21:24:00,99.7,51.3,227,235
2025-01-20 21:26:00,198,51.7,227,238
2025-01-20 21:28:00,99.9,51.2,225,238
2025-01-20 21:30:00,50.0,51.1,226,237
2025-01-20 21:32:00,101,51.3,227,240
2025-01-20 21:34:00,195,51.3,225,239
2025-01-20 21:36:00,100,51.1,227,241
2025-01-20 21:38:00,100,51.6,226,239
2025-01-20 21:40:00,99.2,51.7,227,239
2025-01-20 21:42:00,100,52.1,226,242
2025-01-20 21:44:00,66.6,51.6,226,240
2025-01-20 21:46:00,100,52.1,225,243
2025-01-20 21:48:00,49.9,51.9,225,241
2025-01-20 21:50:00,99.4,51.6,225,242
2025-01-20 21:52:00,198,51.2,225,239
2025-01-20 21:54:00,49.9,51.9,227,236
2025-01-20 21:56:00,50.0,52.0,226,240
2025-01-20 21:58:00,196,51.5,226,241
2025-01-20 22:00:00,66.8,51.4,225,241
2025-01-20 22:02:00,99.4,52.0,225,244
2025-01-20 22:04:00,99.7,52.2,225,245
2025-01-20 22:06:00,99.7,51.9,225,244
2025-01-20 22:08:00,100,52.2,226,244
2025-01-20 22:10:00,100,54.0,226,245
2025-01-20 22:12:00,100,52.9,227,241
2025-01-20 22:14:00,99.7,52.2,226,242
2025-01-20 22:16:00,66.6,51.9,225,241
2025-01-20 22:18:00,99.4,52.1,225,245
2025-01-20 22:20:00,50.0,52.3,226,245
2025-01-20 22:22:00,49.8,53.7,227,242
2025-01-20 22:24:00,199,54.8,226,244
2025-01-20 22:26:00,50.2,54.9,226,244
2025-01-20 22:28:00,99.2,52.1,225,244
2025-01-20 22:30:00,49.9,52.1,225,245
2025-01-20 22:32:00,99.4,52.0,225,242
2025-01-20 22:34:00,195,52.1,225,244
2025-01-20 22:36:00,50.1,51.9,226,242
2025-01-20 22:38:00,100,52.0,227,244
2025-01-20 22:40:00,99.4,51.9,225,237
2025-01-20 22:42:00,99.4,53.6,226,245
2025-01-20 22:44:00,66.4,104,226,246
2025-01-20 22:46:00,100,53.5,225,248
2025-01-20 22:48:00,100,53.8,225,246
2025-01-20 22:50:00,99.1,52.2,225,243
2025-01-20 22:52:00,100.0,53.0,225,245
2025-01-20 22:54:00,99.4,53.9,226,245
2025-01-20 22:56:00,99.7,53.7,227,246
2025-01-20 22:58:00,50.1,54.8,226,245
2025-01-20 23:00:00,66.6,53.6,226,246
2025-01-20 23:02:00,50.0,53.4,226,247
2025-01-20 23:04:00,99.1,54.7,226,247
2025-01-20 23:06:00,99.4,54.1,225,246
2025-01-20 23:08:00,99.4,54.4,226,247
2025-01-20 23:10:00,99.4,53.9,226,248
2025-01-20 23:12:00,66.6,52.2,227,247
2025-01-20 23:14:00,100,54.0,226,244
2025-01-20 23:16:00,100,55.4,226,239
2025-01-20 23:18:00,99.1,54.7,226,239
2025-01-20 23:20:00,101,55.2,225,241
2025-01-20 23:22:00,100,52.9,225,244
2025-01-20 23:24:00,197,54.5,226,245
2025-01-20 23:26:00,100,52.2,225,240
2025-01-20 23:28:00,49.9,55.0,226,242
2025-01-20 23:30:00,49.9,55.2,226,239
2025-01-20 23:32:00,66.6,55.4,226,241
2025-01-20 23:34:00,99.4,54.8,226,243
2025-01-20 23:36:00,49.9,53.7,225,243
2025-01-20 23:38:00,66.8,54.1,226,240
2025-01-20 23:40:00,99.4,54.5,226,243
2025-01-20 23:42:00,66.7,53.3,227,235
2025-01-20 23:44:00,50.2,54.1,226,235
2025-01-20 23:46:00,198,53.9,226,238
2025-01-20 23:48:00,50.1,54.3,227,240
2025-01-20 23:50:00,99.1,53.1,225,242
2025-01-20 23:52:00,66.9,55.2,225,244
2025-01-20 23:54:00,99.2,55.6,226,242
2025-01-20 23:56:00,99.9,55.0,226,237
2025-01-20 23:58:00,66.7,55.8,226,239
2025-01-21 00:00:00,99.5,54.2,225,246
2025-01-21 00:02:00,99.2,55.1,226,243
2025-01-21 00:04:00,50.2,55.3,227,239
2025-01-21 00:06:00,99.4,54.4,225,242
2025-01-21 00:08:00,99.4,55.7,225,241
2025-01-21 00:10:00,66.6,55.8,225,240
2025-01-21 00:12:00,99.2,55.5,227,242
2025-01-21 00:14:00,99.7,55.4,227,246
2025-01-21 00:16:00,50.0,55.2,227,244
2025-01-21 00:18:00,198,55.4,227,242
2025-01-21 00:20:00,99.4,55.4,226,240
2025-01-21 00:22:00,99.1,55.8,225,242
2025-01-21 00:24:00,197,56.0,226,241
2025-01-21 00:26:00,99.2,55.4,226,246
2025-01-21 00:28:00,100,54.9,226,242
2025-01-21 00:30:00,100,55.8,226,243
2025-01-21 00:32:00,99.4,55.8,226,238
2025-01-21 00:34:00,197,55.5,225,235
2025-01-21 00:36:00,195,55.8,226,235
2025-01-21 00:38:00,50.1,55.0,227,241
2025-01-21 00:40:00,99.2,54.8,226,244
2025-01-21 00:42:00,100,54.8,226,243
2025-01-21 00:44:00,99.9,55.7,226,238
2025-01-21 00:46:00,99.1,55.8,226,238
2025-01-21 00:48:00,100,55.7,227,236
2025-01-21 00:50:00,100,55.4,227,239
2025-01-21 00:52:00,100,55.5,227,243
2025-01-21 00:54:00,50.1,53.8,226,244
2025-01-21 00:56:00,99.4,55.3,225,241
2025-01-21 00:58:00,100,55.2,227,241
2025-01-21 01:00:00,99.4,55.6,226,239
2025-01-21 01:02:00,99.2,51.1,227,243
2025-01-21 01:04:00,50.1,51.1,227,241
2025-01-21 01:06:00,100,51.3,226,241
2025-01-21 01:08:00,100,51.7,225,242
2025-01-21 01:10:00,66.9,51.5,225,241
2025-01-21 01:12:00,49.9,51.3,226,244
2025-01-21 01:14:00,194,51.8,226,243
2025-01-21 01:16:00,198,51.5,225,244
2025-01-21 01:18:00,50.1,51.6,226,242
2025-01-21 01:20:00,99.2,51.4,225,242
2025-01-21 01:22:00,66.9,51.5,225,242
2025-01-21 01:24:00,99.7,51.9,227,240
2025-01-21 01:26:00,200,51.8,226,242
2025-01-21 01:28:00,50.0,52.2,225,240
2025-01-21 01:30:00,66.7,51.1,226,245
2025-01-21 01:32:00,66.8,51.0,226,242
2025-01-21 01:34:00,101,51.3,226,245
2025-01-21 01:36:00,50.1,51.9,224,241
2025-01-21 01:38:00,100,52.1,225,242
2025-01-21 01:40:00,99.7,51.9,225,241
2025-01-21 01:42:00,195,51.4,227,245
2025-01-21 01:44:00,98.9,51.8,226,242
2025-01-21 01:46:00,99.1,51.5,226,241
2025-01-21 01:48:00,99.7,51.6,227,241
2025-01-21 01:50:00,196,51.9,225,239
2025-01-21 01:52:00,50.0,51.6,226,242
2025-01-21 01:54:00,66.9,51.7,226,239
2025-01-21 01:56:00,49.9,51.3,228,241
2025-01-21 01:58:00,100,51.3,227,241
2025-01-21 02:00:00,100,51.3,228,243
2025-01-21 02:02:00,66.6,51.5,226,239
2025-01-21 02:04:00,67.0,51.9,227,240
2025-01-21 02:06:00,99.2,52.0,227,240
2025-01-21 02:08:00,66.9,51.6,227,243
2025-01-21 02:10:00,100.0,51.5,227,243
2025-01-21 02:12:00,50.0,51.4,227,242
2025-01-21 02:14:00,49.9,51.6,225,243
2025-01-21 02:16:00,66.8,51.9,226,241
2025-01-21 02:18:00,197,51.8,225,241
2025-01-21 02:20:00,100,51.2,226,243
2025-01-21 02:22:00,197,50.9,226,248
2025-01-21 02:24:00,100,51.1,227,245
2025-01-21 02:26:00,100,51.4,227,244
2025-01-21 02:28:00,99.9,51.9,226,242
2025-01-21 02:30:00,100,51.7,226,242
2025-01-21 02:32:00,195,51.7,225,242
2025-01-21 02:34:00,66.7,51.2,226,242
2025-01-21 02:36:00,100,51.2,225,244
2025-01-21 02:38:00,195,51.3,225,244
2025-01-21 02:40:00,99.4,51.1,225,245
2025-01-21 02:42:00,100,51.5,226,242
2025-01-21 02:44:00,99.2,51.6,227,242
2025-01-21 02:46:00,99.7,51.0,226,243
2025-01-21 02:48:00,100,50.9,226,244
2025-01-21 02:50:00,98.9,51.0,226,241
2025-01-21 02:52:00,99.2,51.0,225,242
2025-01-21 02:54:00,67.0,51.1,226,239
2025-01-21 02:56:00,99.9,51.6,225,239
2025-01-21 02:58:00,99.1,51.6,225,239
2025-01-21 03:00:00,100,51.4,226,240
2025-01-21 03:02:00,66.9,51.5,225,242
2025-01-21 03:04:00,100,50.9,225,242
2025-01-21 03:06:00,66.6,51.3,226,240
2025-01-21 03:08:00,195,51.4,225,241
2025-01-21 03:10:00,196,51.5,226,241
2025-01-21 03:12:00,100,51.3,225,241
2025-01-21 03:14:00,100,51.4,225,241
2025-01-21 03:16:00,100,51.1,226,238
2025-01-21 03:18:00,196,51.5,226,239
2025-01-21 03:20:00,100,51.4,225,239
2025-01-21 03:22:00,100,51.0,225,237
2025-01-21 03:24:00,50.1,50.5,225,240
2025-01-21 03:26:00,100,50.5,226,240
2025-01-21 03:28:00,99.3,50.6,226,241
2025-01-21 03:30:00,66.6,50.4,225,240
2025-01-21 03:32:00,49.9,50.3,225,242
2025-01-21 03:34:00,99.6,50.4,226,239
2025-01-21 03:36:00,195,50.4,225,242
2025-01-21 03:38:00,66.5,50.6,225,241
2025-01-21 03:40:00,99.2,50.5,226,240
2025-01-21 03:42:00,66.7,50.4,226,241
2025-01-21 03:44:00,99.7,50.5,226,240
2025-01-21 03:46:00,66.9,50.5,225,238
2025-01-21 03:48:00,50.1,50.4,225,236
2025-01-21 03:50:00,100.0,50.5,226,241
2025-01-21 03:52:00,99.2,50.5,226,240
2025-01-21 03:54:00,196,50.5,226,241
2025-01-21 03:56:00,99.3,50.4,226,240
2025-01-21 03:58:00,200,50.4,226,241
2025-01-21 04:00:00,66.8,50.6,225,242
2025-01-21 04:02:00,99.4,50.7,225,244
2025-01-21 04:04:00,50.1,50.5,226,244
2025-01-21 04:06:00,99.4,50.6,226,243
2025-01-21 04:08:00,99.4,50.6,226,242
2025-01-21 04:10:00,50.0,50.5,225,242
2025-01-21 04:12:00,99.6,50.6,227,240
2025-01-21 04:14:00,99.7,51.1,227,240
2025-01-21 04:16:00,50.1,50.7,226,241
2025-01-21 04:18:00,99.4,50.9,225,241
2025-01-21 04:20:00,196,50.3,225,242
2025-01-21 04:22:00,100,50.6,226,243
2025-01-21 04:24:00,99.2,50.6,226,242
2025-01-21 04:26:00,100,50.8,227,242
2025-01-21 04:28:00,49.9,50.7,225,243
2025-01-21 04:30:00,100,50.4,225,244
2025-01-21 04:32:00,100,50.6,226,246
2025-01-21 04:34:00,99.4,50.4,225,242
2025-01-21 04:36:00,99.4,50.4,225,242
2025-01-21 04:38:00,99.5,50.5,226,241
2025-01-21 04:40:00,198,50.5,226,241
2025-01-21 04:42:00,196,50.5,226,242
2025-01-21 04:44:00,49.8,50.3,226,245
2025-01-21 04:46:00,99.7,50.3,225,245
2025-01-21 04:48:00,66.8,50.2,226,243
2025-01-21 04:50:00,100,50.4,225,244
2025-01-21 04:52:00,99.2,50.3,226,243
2025-01-21 04:54:00,66.9,50.3,226,243
2025-01-21 04:56:00,100,50.2,227,244
2025-01-21 04:58:00,50.1,50.4,225,243
2025-01-21 05:00:00,100,50.0,227,244
2025-01-21 05:02:00,100,50.1,226,245
2025-01-21 05:04:00,198,50.0,226,244
2025-01-21 05:06:00,99.4,50.1,226,245
2025-01-21 05:08:00,67.1,50.1,226,242
2025-01-21 05:10:00,66.7,50.4,225,244
2025-01-21 05:12:00,67.1,50.3,226,244
2025-01-21 05:14:00,50.0,50.3,225,244
2025-01-21 05:16:00,99.4,51.8,225,246
2025-01-21 05:18:00,50.1,51.4,225,241
2025-01-21 05:20:00,67.0,52.1,226,244
2025-01-21 05:22:00,100.0,50.8,226,242
2025-01-21 05:24:00,50.2,50.9,225,238
2025-01-21 05:26:00,50.0,50.8,225,238
2025-01-21 05:28:00,50.2,51.0,226,236
2025-01-21 05:30:00,100,51.0,225,237
2025-01-21 05:32:00,100,50.9,226,242
2025-01-21 05:34:00,99.4,51.1,225,241
2025-01-21 05:36:00,66.9,50.9,225,240
2025-01-21 05:38:00,66.6,50.8,225,240
2025-01-21 05:40:00,196,51.1,225,238
2025-01-21 05:42:00,49.9,51.0,226,237
2025-01-21 05:44:00,100,50.9,227,238
2025-01-21 05:46:00,99.7,51.0,226,237
2025-01-21 05:48:00,50.1,50.8,226,239
2025-01-21 05:50:00,194,50.8,225,240
2025-01-21 05:52:00,100,50.6,226,239
2025-01-21 05:54:00,99.4,50.8,226,238
2025-01-21 05:56:00,196,51.0,227,237
2025-01-21 05:58:00,198,50.9,227,238
2025-01-21 06:00:00,99.4,50.8,226,238
2025-01-21 06:02:00,99.7,51.0,225,238
2025-01-21 06:04:00,50.0,50.9,226,240
2025-01-21 06:06:00,100,50.8,227,240
2025-01-21 06:08:00,66.7,50.8,225,240
2025-01-21 06:10:00,100,50.8,226,239
2025-01-21 06:12:00,100,50.8,225,239
2025-01-21 06:14:00,100,50.9,226,235
2025-01-21 06:16:00,197,50.7,226,234
2025-01-21 06:18:00,50.0,50.8,227,233
2025-01-21 06:20:00,99.7,50.9,226,235
2025-01-21 06:22:00,99.7,50.9,227,237
2025-01-21 06:24:00,50.2,50.8,227,239
2025-01-21 06:26:00,99.2,50.9,226,239
2025-01-21 06:28:00,50.1,50.8,226,239
2025-01-21 06:30:00,50.0,50.8,226,238
2025-01-21 06:32:00,99.4,51.0,225,235
2025-01-21 06:34:00,100,50.9,225,235
2025-01-21 06:36:00,99.4,51.0,225,235
2025-01-21 06:38:00,99.2,51.0,226,235
2025-01-21 06:40:00,66.9,50.8,226,228
2025-01-21 06:42:00,100,51.1,226,230
2025-01-21 06:44:00,99.4,51.4,225,230
2025-01-21 06:46:00,99.4,51.3,226,230
2025-01-21 06:48:00,101,51.3,225,227
2025-01-21 06:50:00,99.4,51.5,225,227
2025-01-21 06:52:00,50.0,51.6,225,226
2025-01-21 06:54:00,66.5,51.4,226,226
2025-01-21 06:56:00,99.2,51.6,226,235
2025-01-21 06:58:00,100,51.4,225,234
2025-01-21 07:00:00,67.0,51.4,226,232
2025-01-21 07:02:00,50.0,51.6,225,237
2025-01-21 07:04:00,50.0,51.7,226,236
2025-01-21 07:06:00,99.4,51.5,225,234
2025-01-21 07:08:00,99.4,51.8,225,234
2025-01-21 07:10:00,99.7,51.9,225,235
2025-01-21 07:12:00,100,51.8,226,234
2025-01-21 07:14:00,49.8,51.8,225,235
2025-01-21 07:16:00,50.1,52.2,226,241
2025-01-21 07:18:00,99.2,51.7,225,239
2025-01-21 07:20:00,66.7,52.1,225,240
2025-01-21 07:22:00,99.2,52.3,226,238
2025-01-21 07:24:00,49.9,52.0,225,239
2025-01-21 07:26:00,99.4,52.1,225,241
2025-01-21 07:28:00,197,54.2,225,239
2025-01-21 07:30:00,100,52.2,226,241
2025-01-21 07:32:00,100,52.2,226,241
2025-01-21 07:34:00,66.5,51.9,226,237
2025-01-21 07:36:00,66.8,52.1,227,236
2025-01-21 07:38:00,50.2,53.8,225,241
2025-01-21 07:40:00,50.0,54.2,226,241
2025-01-21 07:42:00,100,54.0,227,242
2025-01-21 07:44:00,66.9,53.7,225,239
2025-01-21 07:46:00,66.5,52.1,225,239
2025-01-21 07:48:00,66.7,52.1,226,238
2025-01-21 07:50:00,100,52.0,227,239
2025-01-21 07:52:00,49.8,52.0,225,238
2025-01-21 07:54:00,99.4,52.0,231,239
2025-01-21 07:56:00,66.8,54.4,231,237
2025-01-21 07:58:00,99.2,53.9,231,235
2025-01-21 08:00:00,99.2,54.8,230,235
2025-01-21 08:02:00,66.8,52.0,230,238
2025-01-21 08:04:00,195,52.0,230,238
2025-01-21 08:06:00,50.0,51.8,230,237
2025-01-21 08:08:00,50.1,51.1,232,238
2025-01-21 08:10:00,100,51.6,230,238
2025-01-21 08:12:00,99.7,51.5,230,240
2025-01-21 08:14:00,100,51.9,230,236
2025-01-21 08:16:00,100,51.4,230,237
2025-01-21 08:18:00,101,52.2,231,238
2025-01-21 08:20:00,66.7,52.1,230,235
2025-01-21 08:22:00,50.0,52.2,230,236
2025-01-21 08:24:00,100,51.6,230,237
2025-01-21 08:26:00,200,52.1,230,236
2025-01-21 08:28:00,100,51.9,230,236
2025-01-21 08:30:00,99.4,51.4,230,237
2025-01-21 08:32:00,100,51.9,230,237
2025-01-21 08:34:00,99.9,52.9,231,237
2025-01-21 08:36:00,66.9,52.1,229,236
2025-01-21 08:38:00,197,51.5,230,233
2025-01-21 08:40:00,198,51.3,230,232
2025-01-21 08:42:00,100,50.8,231,235
2025-01-21 08:44:00,49.9,51.0,230,237
2025-01-21 08:46:00,50.0,50.7,230,240
2025-01-21 08:48:00,66.5,50.2,231,239
2025-01-21 08:50:00,99.1,50.3,230,237
2025-01-21 08:52:00,66.8,50.3,230,239
2025-01-21 08:54:00,99.1,50.2,230,234
2025-01-21 08:56:00,99.2,50.1,230,237
2025-01-21 08:58:00,99.4,50.4,230,236
2025-01-21 09:00:00,99.1,50.1,230,235
2025-01-21 09:02:00,99.2,50.3,230,234
2025-01-21 09:04:00,50.0,50.4,230,233
2025-01-21 09:06:00,100,50.4,230,233
2025-01-21 09:08:00,50.1,50.4,231,233
2025-01-21 09:10:00,50.1,50.6,230,234
2025-01-21 09:12:00,99.8,50.2,230,234
2025-01-21 09:14:00,50.1,50.5,230,237
2025-01-21 09:16:00,100,50.4,231,236
2025-01-21 09:18:00,100,50.3,229,234
2025-01-21 09:20:00,66.9,50.5,230,234
2025-01-21 09:22:00,100,50.2,231,239
2025-01-21 09:24:00,100,49.8,229,236
2025-01-21 09:26:00,99.1,49.9,229,235
2025-01-21 09:28:00,99.2,49.7,230,241
2025-01-21 09:30:00,100,49.7,230,240
2025-01-21 09:32:00,100,49.6,229,238
2025-01-21 09:34:00,99.7,49.7,230,238
2025-01-21 09:36:00,50.0,49.7,230,234
2025-01-21 09:38:00,101,49.7,230,235
2025-01-21 09:40:00,99.5,49.7,229,234
2025-01-21 09:42:00,100,49.8,230,237
2025-01-21 09:44:00,49.8,49.5,230,236
2025-01-21 09:46:00,100,49.6,229,237
2025-01-21 09:48:00,99.4,50.0,230,235
2025-01-21 09:50:00,100,49.9,230,236
2025-01-21 09:52:00,100,50.0,230,236
2025-01-21 09:54:00,198,49.8,230,239
2025-01-21 09:56:00,199,49.8,230,240
2025-01-21 09:58:00,50.0,49.8,230,238
2025-01-21 10:00:00,195,49.7,230,239
2025-01-21 10:02:00,100,49.8,230,238
2025-01-21 10:04:00,197,50.0,231,239
2025-01-21 10:06:00,100,50.1,229,237
2025-01-21 10:08:00,100,50.0,231,238
2025-01-21 10:10:00,100,50.2,230,239
2025-01-21 10:12:00,100,50.1,229,237
2025-01-21 10:14:00,99.4,50.0,230,239
2025-01-21 10:16:00,99.4,50.1,229,238
2025-01-21 10:18:00,99.4,50.1,230,239
2025-01-21 10:20:00,66.8,50.2,230,240
2025-01-21 10:22:00,99.6,50.1,229,241
2025-01-21 10:24:00,99.2,50.1,230,244
2025-01-21 10:26:00,49.9,50.1,229,240
2025-01-21 10:28:00,49.9,50.2,230,239
2025-01-21 10:30:00,50.1,49.5,230,237
2025-01-21 10:32:00,67.1,49.8,231,236
2025-01-21 10:34:00,99.6,49.5,230,236
2025-01-21 10:36:00,99.9,49.7,229,237
2025-01-21 10:38:00,50.0,49.8,230,236
2025-01-21 10:40:00,99.9,50.0,230,236
2025-01-21 10:42:00,50.0,49.7,226,238
2025-01-21 10:44:00,50.0,49.7,226,236
2025-01-21 10:46:00,66.3,49.8,226,236
2025-01-21 10:48:00,50.0,49.9,225,235
2025-01-21 10:50:00,66.4,49.9,225,238
2025-01-21 10:52:00,50.0,49.9,226,236
2025-01-21 10:54:00,100,50.0,224,237
2025-01-21 10:56:00,99.7,49.7,227,236
2025-01-21 10:58:00,49.9,49.9,225,239
2025-01-21 11:00:00,100,49.8,225,239
2025-01-21 11:02:00,50.1,49.8,225,238
2025-01-21 11:04:00,66.3,49.7,227,239
2025-01-21 11:06:00,49.8,49.6,225,237
2025-01-21 11:08:00,198,49.3,225,236
2025-01-21 11:10:00,50.0,49.5,225,233
2025-01-21 11:12:00,50.0,49.7,226,235
2025-01-21 11:14:00,100,49.5,226,235
2025-01-21 11:16:00,99.1,49.8,227,236
2025-01-21 11:18:00,49.9,49.7,226,236
2025-01-21 11:20:00,49.9,49.7,227,235
2025-01-21 11:22:00,50.0,49.4,225,233
2025-01-21 11:24:00,100,49.6,225,232
2025-01-21 11:26:00,100,49.6,227,234
2025-01-21 11:28:00,99.4,49.7,226,234
2025-01-21 11:30:00,99.4,49.7,225,238
2025-01-21 11:32:00,50.0,49.8,227,236
2025-01-21 11:34:00,49.9,49.7,225,237
2025-01-21 11:36:00,49.9,50.2,225,230
2025-01-21 11:38:00,50.1,50.0,225,232
2025-01-21 11:40:00,100,50.3,226,233
2025-01-21 11:42:00,66.5,50.1,225,233
2025-01-21 11:44:00,99.5,49.9,228,231
2025-01-21 11:46:00,50.1,50.2,226,234
2025-01-21 11:48:00,50.1,50.0,225,234
2025-01-21 11:50:00,50.1,50.2,226,231
2025-01-21 11:52:00,99.4,49.9,225,233
2025-01-21 11:54:00,49.9,50.0,226,233
2025-01-21 11:56:00,50.1,50.0,227,234
2025-01-21 11:58:00,66.9,49.9,225,239
2025-01-21 12:00:00,99.4,49.7,226,238
2025-01-21 12:02:00,99.4,50.1,226,236
2025-01-21 12:04:00,50.0,49.9,226,238
2025-01-21 12:06:00,99.7,50.2,227,237
2025-01-21 12:08:00,49.9,50.2,227,237
2025-01-21 12:10:00,99.7,50.2,225,237
2025-01-21 12:12:00,49.9,50.2,226,235
2025-01-21 12:14:00,50.0,49.8,226,239
2025-01-21 12:16:00,66.8,49.9,227,237
2025-01-21 12:18:00,50.1,50.1,226,240
2025-01-21 12:20:00,49.9,49.8,227,237
2025-01-21 12:22:00,100.0,49.7,226,237
2025-01-21 12:24:00,100.0,49.4,226,234
2025-01-21 12:26:00,50.0,49.7,225,236
2025-01-21 12:28:00,66.9,49.3,226,239
2025-01-21 12:30:00,99.2,49.6,226,239
2025-01-21 12:32:00,99.4,49.5,225,239
2025-01-21 12:34:00,100,49.8,225,237
2025-01-21 12:36:00,66.7,49.6,227,239
2025-01-21 12:38:00,49.8,49.8,226,237
2025-01-21 12:40:00,99.4,49.4,226,237
2025-01-21 12:42:00,100,49.7,225,237
2025-01-21 12:44:00,50.1,49.7,226,238
2025-01-21 12:46:00,99.1,49.7,225,238
2025-01-21 12:48:00,197,49.6,225,237
2025-01-21 12:50:00,100,49.9,226,234
2025-01-21 12:52:00,100,49.8,226,234
2025-01-21 12:54:00,50.0,49.8,226,234
2025-01-21 12:56:00,100,49.6,225,236
2025-01-21 12:58:00,99.4,49.8,226,237
2025-01-21 13:00:00,66.9,49.4,226,236
2025-01-21 13:02:00,49.9,49.4,227,234
2025-01-21 13:04:00,50.2,49.4,226,235
2025-01-21 13:06:00,99.1,49.2,227,237
2025-01-21 13:08:00,50.0,49.3,227,237
2025-01-21 13:10:00,100,49.4,225,237
2025-01-21 13:12:00,50.1,49.4,226,237
2025-01-21 13:14:00,66.9,49.4,225,236
2025-01-21 13:16:00,100.0,49.6,227,234
2025-01-21 13:18:00,49.9,49.6,225,234
2025-01-21 13:20:00,50.0,49.6,226,233
2025-01-21 13:22:00,50.0,49.3,225,236
2025-01-21 13:24:00,49.9,49.4,226,234
2025-01-21 13:26:00,50.0,49.1,225,233
2025-01-21 13:28:00,50.2,49.4,226,233
2025-01-21 13:30:00,100,49.4,226,232
2025-01-21 13:32:00,66.8,49.3,231,234
2025-01-21 13:34:00,99.4,49.3,232,236
2025-01-21 13:36:00,66.8,49.4,231,235
2025-01-21 13:38:00,99.4,49.1,230,236
2025-01-21 13:40:00,99.7,49.4,231,236
2025-01-21 13:42:00,99.1,49.7,230,235
2025-01-21 13:44:00,198,49.6,229,234
2025-01-21 13:46:00,100,49.4,230,234
2025-01-21 13:48:00,99.3,49.4,229,237
2025-01-21 13:50:00,100,49.5,230,240
2025-01-21 13:52:00,66.6,49.4,229,241
2025-01-21 13:54:00,66.7,49.5,230,239
2025-01-21 13:56:00,66.7,49.3,230,236
2025-01-21 13:58:00,99.2,49.4,229,236
2025-01-21 14:00:00,100.0,49.5,231,237
2025-01-21 14:02:00,50.1,49.6,230,237
2025-01-21 14:04:00,50.2,49.5,229,236
2025-01-21 14:06:00,66.9,49.5,230,239
2025-01-21 14:08:00,50.1,49.5,229,237
2025-01-21 14:10:00,99.4,49.6,229,238
2025-01-21 14:12:00,99.1,50.0,229,236
2025-01-21 14:14:00,99.4,49.6,229,236
2025-01-21 14:16:00,99.4,49.9,229,237
2025-01-21 14:18:00,99.4,49.7,230,238
2025-01-21 14:20:00,99.9,49.6,229,237
2025-01-21 14:22:00,50.2,49.8,229,238
2025-01-21 14:24:00,49.9,49.9,228,234
2025-01-21 14:26:00,99.7,49.8,226,234
2025-01-21 14:28:00,66.4,50.0,226,235
2025-01-21 14:30:00,50.0,50.1,226,237
2025-01-21 14:32:00,197,50.1,227,234
2025-01-21 14:34:00,50.0,50.2,225,237
2025-01-21 14:36:00,99.2,49.9,227,241
2025-01-21 14:38:00,99.7,50.2,225,235
2025-01-21 14:40:00,99.7,50.2,226,235
2025-01-21 14:42:00,99.4,50.5,225,237
2025-01-21 14:44:00,100,50.1,226,235
2025-01-21 14:46:00,99.4,50.2,225,234
2025-01-21 14:48:00,50.0,50.1,226,233
2025-01-21 14:50:00,99.4,50.3,225,236
2025-01-21 14:52:00,50.1,50.5,224,237
2025-01-21 14:54:00,66.6,50.4,226,236
2025-01-21 14:56:00,99.2,50.4,226,236
2025-01-21 14:58:00,66.8,49.9,224,237
2025-01-21 15:00:00,66.6,50.2,225,238
2025-01-21 15:02:00,99.4,50.2,226,239
2025-01-21 15:04:00,99.1,50.4,224,234
2025-01-21 15:06:00,50.1,50.3,226,235
2025-01-21 15:08:00,99.7,50.2,227,234
2025-01-21 15:10:00,100.0,50.3,226,232
2025-01-21 15:12:00,66.8,50.4,227,232
2025-01-21 15:14:00,50.0,50.5,227,231
2025-01-21 15:16:00,99.4,50.4,226,233
2025-01-21 15:18:00,66.8,50.1,225,228
2025-01-21 15:20:00,100,49.9,225,235
2025-01-21 15:22:00,50.1,50.2,227,236
2025-01-21 15:24:00,99.4,50.5,226,235
2025-01-21 15:26:00,99.7,50.6,225,235
2025-01-21 15:28:00,100.0,50.2,227,235
2025-01-21 15:30:00,50.1,50.5,226,235
2025-01-21 15:32:00,99.4,50.5,225,238
2025-01-21 15:34:00,100,50.6,224,237
2025-01-21 15:36:00,99.1,50.3,226,238
2025-01-21 15:38:00,50.1,50.0,226,234
2025-01-21 15:40:00,100,50.0,225,238
2025-01-21 15:42:00,99.4,50.0,226,236
2025-01-21 15:44:00,99.4,49.8,226,236
2025-01-21 15:46:00,66.9,49.9,226,235
2025-01-21 15:48:00,66.9,49.8,225,236
2025-01-21 15:50:00,49.9,49.8,226,236
2025-01-21 15:52:00,50.0,49.8,225,233
2025-01-21 15:54:00,99.4,49.9,224,235
2025-01-21 15:56:00,100,49.8,226,237
2025-01-21 15:58:00,99.4,49.9,225,237
2025-01-21 16:00:00,50.0,50.0,225,238
2025-01-21 16:02:00,100,49.9,225,237
2025-01-21 16:04:00,66.9,49.8,225,236
2025-01-21 16:06:00,99.1,49.9,225,236
2025-01-21 16:08:00,49.9,50.2,225,234
2025-01-21 16:10:00,50.0,50.2,225,236
2025-01-21 16:12:00,99.4,50.0,226,235
2025-01-21 16:14:00,99.4,50.1,226,234
2025-01-21 16:16:00,99.1,50.2,226,234
2025-01-21 16:18:00,99.2,50.1,225,234
2025-01-21 16:20:00,99.3,50.1,225,235
2025-01-21 16:22:00,99.4,50.1,225,233
2025-01-21 16:24:00,66.9,50.0,226,234
2025-01-21 16:26:00,66.4,50.1,226,237
2025-01-21 16:28:00,50.0,49.9,225,235
2025-01-21 16:30:00,99.6,49.9,226,236
2025-01-21 16:32:00,50.1,49.9,226,236
2025-01-21 16:34:00,99.7,50.1,226,237
2025-01-21 16:36:00,49.9,49.9,225,238
2025-01-21 16:38:00,50.0,49.9,227,237
2025-01-21 16:40:00,49.9,49.8,226,236
2025-01-21 16:42:00,50.0,49.8,225,236
2025-01-21 16:44:00,99.7,49.8,226,237
2025-01-21 16:46:00,50.0,49.8,225,237
2025-01-21 16:48:00,50.1,50.0,226,239
2025-01-21 16:50:00,50.1,50.0,225,239
2025-01-21 16:52:00,99.4,49.9,226,237
2025-01-21 16:54:00,99.4,50.3,226,238
2025-01-21 16:56:00,98.9,50.3,226,236
2025-01-21 16:58:00,100,50.2,225,238
2025-01-21 17:00:00,101,50.6,227,237
2025-01-21 17:02:00,50.0,50.3,226,238
2025-01-21 17:04:00,100,50.5,227,236
2025-01-21 17:06:00,99.4,50.0,227,239
2025-01-21 17:08:00,50.0,50.1,226,239
2025-01-21 17:10:00,50.0,50.2,226,238
2025-01-21 17:12:00,50.0,50.2,227,236
2025-01-21 17:14:00,99.1,50.3,226,239
2025-01-21 17:16:00,66.8,50.3,225,236
2025-01-21 17:18:00,50.1,50.0,226,241
2025-01-21 17:20:00,50.0,50.0,225,241
2025-01-21 17:22:00,50.1,50.1,227,240
2025-01-21 17:24:00,50.1,50.2,226,240
2025-01-21 17:26:00,100,50.1,225,238
2025-01-21 17:28:00,50.0,49.4,225,185
2025-01-21 17:30:00,99.7,49.6,225,190
2025-01-21 17:32:00,49.9,49.8,225,192
2025-01-21 17:34:00,99.4,49.6,227,193
2025-01-21 17:36:00,50.0,49.5,226,193
2025-01-21 17:38:00,99.4,49.6,226,192
2025-01-21 17:40:00,99.4,49.4,226,194
2025-01-21 17:42:00,99.4,49.5,225,191
2025-01-21 17:44:00,100,49.6,227,194
2025-01-21 17:46:00,50.0,49.6,226,195
2025-01-21 17:48:00,66.6,49.3,227,193
2025-01-21 17:50:00,100,49.4,226,193
2025-01-21 17:52:00,49.9,49.7,225,189
2025-01-21 17:54:00,49.8,49.7,225,197
2025-01-21 17:56:00,99.2,49.3,227,193
2025-01-21 17:58:00,99.4,49.9,226,195
2025-01-21 18:00:00,99.9,49.8,225,197
2025-01-21 18:02:00,50.0,49.3,226,196
2025-01-21 18:04:00,50.1,49.7,225,197
2025-01-21 18:06:00,100,49.8,225,194
2025-01-21 18:08:00,99.6,49.6,226,194
2025-01-21 18:10:00,99.4,49.4,225,192
2025-01-21 18:12:00,99.4,49.8,226,195
2025-01-21 18:14:00,66.7,49.4,226,195
2025-01-21 18:16:00,99.9,49.8,227,194
2025-01-21 18:18:00,100,49.6,226,195
2025-01-21 18:20:00,198,49.7,225,194
2025-01-21 18:22:00,50.0,49.8,225,193
2025-01-21 18:24:00,50.0,49.7,226,191
2025-01-21 18:26:00,50.1,49.5,226,186
2025-01-21 18:28:00,99.1,49.4,226,185
2025-01-21 18:30:00,199,49.4,226,186
2025-01-21 18:32:00,49.9,49.5,226,187
2025-01-21 18:34:00,50.0,49.4,227,193
2025-01-21 18:36:00,99.2,49.4,225,190
2025-01-21 18:38:00,99.4,49.1,227,182
2025-01-21 18:40:00,100,48.3,227,184
2025-01-21 18:42:00,99.4,48.6,226,184
2025-01-21 18:44:00,99.4,49.6,227,189
2025-01-21 18:46:00,99.4,49.5,226,191
2025-01-21 18:48:00,99.4,49.4,227,194
2025-01-21 18:50:00,49.9,49.7,227,190
2025-01-21 18:52:00,50.0,49.4,226,189
2025-01-21 18:54:00,50.0,49.7,226,194
2025-01-21 18:56:00,100,49.6,225,187
2025-01-21 18:58:00,100,49.6,226,186
2025-01-21 19:00:00,49.9,49.7,226,181
2025-01-21 19:02:00,50.1,49.8,227,181
2025-01-21 19:04:00,49.9,49.1,226,179
2025-01-21 19:06:00,99.1,48.1,226,176
2025-01-21 19:08:00,50.0,47.9,227,177
2025-01-21 19:10:00,50.0,49.8,226,184
2025-01-21 19:12:00,66.9,49.6,225,185
2025-01-21 19:14:00,100,49.8,226,182
2025-01-21 19:16:00,100,49.8,225,180
2025-01-21 19:18:00,197,49.3,226,184
2025-01-21 19:20:00,99.4,49.6,226,187
2025-01-21 19:22:00,99.2,49.9,226,191
2025-01-21 19:24:00,99.2,49.7,226,189
2025-01-21 19:26:00,49.9,49.4,226,186
2025-01-21 19:28:00,99.2,49.2,226,185
2025-01-21 19:30:00,50.0,49.0,225,184
2025-01-21 19:32:00,197,49.5,225,189
2025-01-21 19:34:00,99.4,49.3,225,188
2025-01-21 19:36:00,50.0,49.1,225,187
2025-01-21 19:38:00,50.1,49.3,226,186
2025-01-21 19:40:00,198,49.5,226,185
2025-01-21 19:42:00,99.4,49.4,227,181
2025-01-21 19:44:00,66.4,49.4,225,186
2025-01-21 19:46:00,49.9,49.6,225,186
2025-01-21 19:48:00,99.4,49.3,225,182
2025-01-21 19:50:00,100,49.6,226,178
2025-01-21 19:52:00,49.9,49.4,226,183
2025-01-21 19:54:00,198,49.5,225,184
2025-01-21 19:56:00,99.2,49.1,226,184
2025-01-21 19:58:00,101,49.4,226,187
2025-01-21 20:00:00,100,49.3,225,188
2025-01-21 20:02:00,100,49.5,226,183
2025-01-21 20:04:00,99.2,49.4,227,181
2025-01-21 20:06:00,50.0,49.3,226,184
2025-01-21 20:08:00,49.9,49.3,225,187
2025-01-21 20:10:00,66.8,49.4,227,188
2025-01-21 20:12:00,50.0,49.6,226,186
2025-01-21 20:14:00,200,49.3,225,186
2025-01-21 20:16:00,197,49.3,225,187
2025-01-21 20:18:00,99.4,49.6,225,187
2025-01-21 20:20:00,66.8,49.4,225,189
2025-01-21 20:22:00,100,49.5,226,187
2025-01-21 20:24:00,99.4,49.2,227,189
2025-01-21 20:26:00,50.0,49.5,225,189
2025-01-21 20:28:00,99.2,49.4,225,187
2025-01-21 20:30:00,49.9,49.4,226,184
2025-01-21 20:32:00,100,49.7,226,188
2025-01-21 20:34:00,50.0,49.3,226,190
2025-01-21 20:36:00,99.4,49.3,226,189
2025-01-21 20:38:00,50.0,49.2,226,189
2025-01-21 20:40:00,99.4,49.5,227,192
2025-01-21 20:42:00,99.2,49.6,226,194
2025-01-21 20:44:00,100,49.8,225,192
2025-01-21 20:46:00,100,49.5,226,188
2025-01-21 20:48:00,99.4,48.1,226,179
2025-01-21 20:50:00,66.5,51.2,226,196
2025-01-21 20:52:00,198,49.8,227,201
2025-01-21 20:54:00,50.1,49.7,226,201
2025-01-21 20:56:00,66.3,50.2,226,201
2025-01-21 20:58:00,66.9,49.9,225,198
2025-01-21 21:00:00,99.8,50.7,226,198
2025-01-21 21:02:00,49.9,49.9,225,194
2025-01-21 21:04:00,67.0,49.9,226,196
2025-01-21 21:06:00,50.0,49.9,226,196
2025-01-21 21:08:00,100,49.8,226,195
2025-01-21 21:10:00,50.1,49.8,226,195
2025-01-21 21:12:00,99.7,50.3,226,193
2025-01-21 21:14:00,99.2,50.1,227,192
2025-01-21 21:16:00,99.4,49.8,225,199
2025-01-21 21:18:00,99.2,49.9,226,198
2025-01-21 21:20:00,99.4,50.1,226,197
2025-01-21 21:22:00,50.0,49.8,226,199
2025-01-21 21:24:00,197,50.3,225,201
2025-01-21 21:26:00,50.1,50.0,226,199
2025-01-21 21:28:00,50.0,50.2,225,202
2025-01-21 21:30:00,66.8,50.2,226,202
2025-01-21 21:32:00,100,50.2,225,202
2025-01-21 21:34:00,66.4,49.4,225,202
2025-01-21 21:36:00,66.8,49.8,226,201
2025-01-21 21:38:00,66.7,50.0,225,197
2025-01-21 21:40:00,99.4,49.8,225,201
2025-01-21 21:42:00,99.7,50.2,226,198
2025-01-21 21:44:00,99.4,50.0,225,198
2025-01-21 21:46:00,50.1,49.9,227,197
2025-01-21 21:48:00,49.8,50.2,226,198
2025-01-21 21:50:00,99.2,50.2,225,200
2025-01-21 21:52:00,100.0,49.9,225,200
2025-01-21 21:54:00,100,50.0,227,202
2025-01-21 21:56:00,99.2,49.9,225,201
2025-01-21 21:58:00,50.0,49.4,227,201
2025-01-21 22:00:00,66.8,49.4,226,202
2025-01-21 22:02:00,100.0,49.8,227,201
2025-01-21 22:04:00,99.4,49.2,226,200
2025-01-21 22:06:00,49.8,49.3,225,200
2025-01-21 22:08:00,99.8,49.3,226,198
2025-01-21 22:10:00,99.2,49.6,225,199
2025-01-21 22:12:00,100,49.2,227,200
2025-01-21 22:14:00,66.9,49.8,227,204
2025-01-21 22:16:00,66.8,49.7,226,202
2025-01-21 22:18:00,99.4,49.5,227,201
2025-01-21 22:20:00,50.1,49.3,226,201
2025-01-21 22:22:00,99.6,49.5,226,202
2025-01-21 22:24:00,49.9,49.8,227,202
2025-01-21 22:26:00,100,49.4,225,198
2025-01-21 22:28:00,99.4,49.6,225,201
2025-01-21 22:30:00,50.0,49.7,226,202
2025-01-21 22:32:00,50.1,49.6,226,204
2025-01-21 22:34:00,99.4,49.8,226,204
2025-01-21 22:36:00,49.9,49.6,226,204
2025-01-21 22:38:00,100,49.4,225,204
2025-01-21 22:40:00,50.1,49.6,226,205
2025-01-21 22:42:00,66.6,49.7,227,202
2025-01-21 22:44:00,100,49.8,226,204
2025-01-21 22:46:00,100,49.8,227,201
2025-01-21 22:48:00,99.4,49.6,227,205
2025-01-21 22:50:00,100,49.6,226,206
2025-01-21 22:52:00,100,49.6,225,207
2025-01-21 22:54:00,100,49.6,226,207
2025-01-21 22:56:00,100,49.5,226,208
2025-01-21 22:58:00,50.1,50.1,227,209
2025-01-21 23:00:00,49.9,49.7,226,208
2025-01-21 23:02:00,50.1,49.5,226,208
2025-01-21 23:04:00,50.0,49.7,225,209
2025-01-21 23:06:00,50.0,49.7,226,210
2025-01-21 23:08:00,50.1,49.6,227,211
2025-01-21 23:10:00,49.8,49.6,226,211
2025-01-21 23:12:00,99.7,49.7,227,212
2025-01-21 23:14:00,49.9,49.8,226,212
2025-01-21 23:16:00,99.6,49.9,225,211
2025-01-21 23:18:00,49.8,49.8,227,211
2025-01-21 23:20:00,49.9,49.6,225,210
2025-01-21 23:22:00,50.0,49.2,226,209
2025-01-21 23:24:00,99.7,49.7,227,212
2025-01-21 23:26:00,99.7,49.6,226,213
2025-01-21 23:28:00,66.6,49.5,227,213
2025-01-21 23:30:00,99.9,49.3,224,212
2025-01-21 23:32:00,50.0,49.6,226,212
2025-01-21 23:34:00,50.0,49.4,226,213
2025-01-21 23:36:00,99.4,49.5,225,211
2025-01-21 23:38:00,99.1,49.6,225,213
2025-01-21 23:40:00,50.0,49.5,225,212
2025-01-21 23:42:00,50.0,49.3,227,213
2025-01-21 23:44:00,66.5,49.8,227,215
2025-01-21 23:46:00,50.0,49.6,225,213
2025-01-21 23:48:00,50.0,49.3,225,210
2025-01-21 23:50:00,100.0,49.2,227,211
2025-01-21 23:52:00,49.9,49.5,225,212
2025-01-21 23:54:00,50.1,49.8,225,212
2025-01-21 23:56:00,100,49.2,227,213
2025-01-21 23:58:00,50.0,49.4,226,215