"Time","Frequency 3E2F4FD3 (Ch Cbca Bethesda Ndosho - laboratoire)","Frequency C30F2E03 (Ch Cbca Bethesda Ndosho - clinique)","Voltage 3E2F4FD3 (Ch Cbca Bethesda Ndosho - laboratoire)","Voltage C30F2E03 (Ch Cbca Bethesda Ndosho - clinique)"
2025-02-26 00:00:00,50.0,56.2,231,241
2025-02-26 00:02:00,49.9,56.2,231,241
2025-02-26 00:04:00,50.1,56.1,231,242
2025-02-26 00:06:00,50.0,56.3,231,241
2025-02-26 00:08:00,50.1,56.1,233,242
2025-02-26 00:10:00,50.1,55.8,231,244
2025-02-26 00:12:00,50.0,55.8,232,244
2025-02-26 00:14:00,49.9,56.0,230,244
2025-02-26 00:16:00,66.8,55.5,231,243
2025-02-26 00:18:00,66.5,56.5,231,237
2025-02-26 00:20:00,66.6,56.2,231,239
2025-02-26 00:22:00,50.0,56.1,231,240
2025-02-26 00:24:00,100,56.2,231,239
2025-02-26 00:26:00,50.0,55.9,233,241
2025-02-26 00:28:00,49.9,56.4,231,238
2025-02-26 00:30:00,49.9,56.4,232,237
2025-02-26 00:32:00,99.6,56.5,231,239
2025-02-26 00:34:00,50.0,56.5,231,240
2025-02-26 00:36:00,49.8,56.4,231,240
2025-02-26 00:38:00,49.9,56.5,231,240
2025-02-26 00:40:00,50.1,56.2,231,241
2025-02-26 00:42:00,50.1,56.0,231,243
2025-02-26 00:44:00,50.0,56.5,233,241
2025-02-26 00:46:00,49.9,56.6,231,241
2025-02-26 00:48:00,100,56.4,231,241
2025-02-26 00:50:00,50.0,55.9,232,242
2025-02-26 00:52:00,49.9,56.2,231,239
2025-02-26 00:54:00,50.1,56.5,231,237
2025-02-26 00:56:00,50.0,56.6,231,236
2025-02-26 00:58:00,50.0,56.4,233,239
2025-02-26 01:00:00,50.0,56.5,230,239
2025-02-26 01:02:00,50.0,56.5,233,239
2025-02-26 01:04:00,99.7,56.6,231,239
2025-02-26 01:06:00,50.1,56.6,231,239
2025-02-26 01:08:00,49.9,56.5,230,240
2025-02-26 01:10:00,50.0,56.6,231,238
2025-02-26 01:12:00,50.0,56.6,231,238
2025-02-26 01:14:00,50.0,56.7,230,240
2025-02-26 01:16:00,49.9,56.6,233,239
2025-02-26 01:18:00,50.1,56.6,232,238
2025-02-26 01:20:00,50.0,56.6,230,239
2025-02-26 01:22:00,50.1,56.6,231,240
2025-02-26 01:24:00,50.0,56.4,231,239
2025-02-26 01:26:00,50.0,56.7,231,238
2025-02-26 01:28:00,50.0,56.7,231,239
2025-02-26 01:30:00,100,56.7,233,239
2025-02-26 01:32:00,49.9,56.6,231,238
2025-02-26 01:34:00,50.0,56.6,231,239
2025-02-26 01:36:00,99.6,56.4,231,240
2025-02-26 01:38:00,99.6,56.3,231,240
2025-02-26 01:40:00,50.0,56.6,231,240
2025-02-26 01:42:00,50.0,56.6,231,239
2025-02-26 01:44:00,50.0,56.5,233,239
2025-02-26 01:46:00,50.0,56.7,230,239
2025-02-26 01:48:00,50.0,56.4,233,238
2025-02-26 01:50:00,49.8,56.6,231,237
2025-02-26 01:52:00,50.0,56.5,231,238
2025-02-26 01:54:00,50.0,56.4,231,239
2025-02-26 01:56:00,50.1,56.6,231,240
2025-02-26 01:58:00,50.1,56.6,231,238
2025-02-26 02:00:00,50.0,56.5,233,242
2025-02-26 02:02:00,50.1,56.8,232,238
2025-02-26 02:04:00,50.1,56.8,231,238
2025-02-26 02:06:00,50.0,56.7,231,238
2025-02-26 02:08:00,50.0,56.9,231,240
2025-02-26 02:10:00,50.0,56.7,231,238
2025-02-26 02:12:00,49.9,56.8,233,238
2025-02-26 02:14:00,50.1,56.8,231,239
2025-02-26 02:16:00,49.9,56.7,232,239
2025-02-26 02:18:00,49.9,56.6,231,241
2025-02-26 02:20:00,49.9,56.4,231,239
2025-02-26 02:22:00,49.9,56.5,231,240
2025-02-26 02:24:00,50.1,56.6,230,238
2025-02-26 02:26:00,50.0,56.7,233,237
2025-02-26 02:28:00,66.8,56.7,231,237
2025-02-26 02:30:00,49.8,56.7,233,238
2025-02-26 02:32:00,49.9,56.7,231,237
2025-02-26 02:34:00,50.0,56.5,231,236
2025-02-26 02:36:00,66.7,56.6,231,236
2025-02-26 02:38:00,49.9,56.8,231,237
2025-02-26 02:40:00,50.1,56.5,232,235
2025-02-26 02:42:00,99.6,56.7,231,236
2025-02-26 02:44:00,50.0,56.7,231,236
2025-02-26 02:46:00,50.0,56.7,230,236
2025-02-26 02:48:00,99.6,56.8,231,235
2025-02-26 02:50:00,49.9,56.6,229,234
2025-02-26 02:52:00,49.9,56.6,231,237
2025-02-26 02:54:00,50.1,56.6,232,236
2025-02-26 02:56:00,50.0,56.8,231,236
2025-02-26 02:58:00,66.6,56.7,230,236
2025-02-26 03:00:00,99.6,56.8,231,237
2025-02-26 03:02:00,50.0,56.7,231,236
2025-02-26 03:04:00,49.9,56.6,232,238
2025-02-26 03:06:00,99.6,56.9,231,239
2025-02-26 03:08:00,100,56.8,233,239
2025-02-26 03:10:00,50.0,56.6,231,235
2025-02-26 03:12:00,50.0,56.6,231,235
2025-02-26 03:14:00,50.1,56.6,231,236
2025-02-26 03:16:00,50.0,56.4,231,235
2025-02-26 03:18:00,50.1,56.2,232,234
2025-02-26 03:20:00,49.8,56.5,231,235
2025-02-26 03:22:00,100,56.5,230,236
2025-02-26 03:24:00,99.4,56.4,230,233
2025-02-26 03:26:00,49.9,56.4,231,232
2025-02-26 03:28:00,50.0,56.4,231,233
2025-02-26 03:30:00,49.8,56.2,231,233
2025-02-26 03:32:00,49.9,56.5,232,233
2025-02-26 03:34:00,49.9,56.2,230,233
2025-02-26 03:36:00,66.9,56.4,231,233
2025-02-26 03:38:00,50.0,56.7,231,234
2025-02-26 03:40:00,100,56.6,230,234
2025-02-26 03:42:00,49.9,56.4,231,234
2025-02-26 03:44:00,66.8,56.6,230,236
2025-02-26 03:46:00,66.8,56.6,230,234
2025-02-26 03:48:00,99.4,56.6,231,234
2025-02-26 03:50:00,49.9,56.6,231,235
2025-02-26 03:52:00,50.0,56.6,232,235
2025-02-26 03:54:00,50.0,56.4,231,235
2025-02-26 03:56:00,99.4,56.6,233,235
2025-02-26 03:58:00,99.9,56.7,231,236
2025-02-26 04:00:00,49.9,56.5,231,235
2025-02-26 04:02:00,99.7,56.6,231,235
2025-02-26 04:04:00,50.0,56.3,231,237
2025-02-26 04:06:00,49.9,56.5,233,237
2025-02-26 04:08:00,99.4,56.3,231,238
2025-02-26 04:10:00,100,56.2,231,238
2025-02-26 04:12:00,50.1,56.6,231,236
2025-02-26 04:14:00,50.1,56.4,231,236
2025-02-26 04:16:00,50.0,56.5,232,236
2025-02-26 04:18:00,50.0,56.5,231,235
2025-02-26 04:20:00,49.9,56.6,230,237
2025-02-26 04:22:00,66.8,56.6,231,235
2025-02-26 04:24:00,49.8,56.3,231,235
2025-02-26 04:26:00,50.0,56.4,231,236
2025-02-26 04:28:00,49.9,56.5,230,236
2025-02-26 04:30:00,50.0,56.4,232,234
2025-02-26 04:32:00,49.9,56.1,230,233
2025-02-26 04:34:00,100,56.1,231,234
2025-02-26 04:36:00,50.1,56.1,230,233
2025-02-26 04:38:00,49.9,56.1,231,233
2025-02-26 04:40:00,50.1,56.0,232,233
2025-02-26 04:42:00,49.9,56.1,231,234
2025-02-26 04:44:00,50.0,55.9,232,234
2025-02-26 04:46:00,50.1,56.1,231,233
2025-02-26 04:48:00,50.1,56.1,231,234
2025-02-26 04:50:00,49.9,56.3,231,236
2025-02-26 04:52:00,50.0,56.3,231,235
2025-02-26 04:54:00,50.1,56.3,232,235
2025-02-26 04:56:00,50.0,56.3,231,234
2025-02-26 04:58:00,99.4,56.3,231,233
2025-02-26 05:00:00,49.9,56.2,231,232
2025-02-26 05:02:00,50.1,55.9,231,231
2025-02-26 05:04:00,99.6,56.1,233,234
2025-02-26 05:06:00,66.8,56.2,231,232
2025-02-26 05:08:00,49.8,56.1,231,233
2025-02-26 05:10:00,66.4,56.2,230,234
2025-02-26 05:12:00,50.0,55.9,231,236
2025-02-26 05:14:00,99.4,55.4,231,236
2025-02-26 05:16:00,50.1,55.8,231,235
2025-02-26 05:18:00,50.1,55.9,232,236
2025-02-26 05:20:00,50.1,56.0,231,234
2025-02-26 05:22:00,100,55.5,231,234
2025-02-26 05:24:00,49.9,55.9,230,235
2025-02-26 05:26:00,50.1,55.9,231,237
2025-02-26 05:28:00,50.0,55.7,232,233
2025-02-26 05:30:00,49.9,55.9,231,232
2025-02-26 05:32:00,50.1,55.5,230,236
2025-02-26 05:34:00,50.0,55.5,231,236
2025-02-26 05:36:00,50.0,54.9,231,235
2025-02-26 05:38:00,50.0,55.4,233,238
2025-02-26 05:40:00,50.0,56.2,231,237
2025-02-26 05:42:00,49.9,56.2,230,235
2025-02-26 05:44:00,49.9,56.1,231,236
2025-02-26 05:46:00,50.0,56.1,231,235
2025-02-26 05:48:00,50.0,56.2,232,237
2025-02-26 05:50:00,50.1,56.0,231,236
2025-02-26 05:52:00,99.6,55.6,231,239
2025-02-26 05:54:00,50.0,55.9,231,236
2025-02-26 05:56:00,50.1,56.0,230,236
2025-02-26 05:58:00,50.0,55.7,232,234
2025-02-26 06:00:00,49.9,56.4,230,234
2025-02-26 06:02:00,50.1,56.2,231,237
2025-02-26 06:04:00,49.9,55.8,231,234
2025-02-26 06:06:00,50.0,55.7,230,235
2025-02-26 06:08:00,50.0,55.9,233,236
2025-02-26 06:10:00,49.9,55.7,231,236
2025-02-26 06:12:00,50.0,56.2,230,235
2025-02-26 06:14:00,49.9,55.6,231,237
2025-02-26 06:16:00,50.1,55.4,231,241
2025-02-26 06:18:00,66.8,55.4,232,240
2025-02-26 06:20:00,50.1,55.3,231,240
2025-02-26 06:22:00,50.0,55.8,232,237
2025-02-26 06:24:00,50.1,54.7,231,241
2025-02-26 06:26:00,50.0,55.1,231,230
2025-02-26 06:28:00,50.0,55.1,231,229
2025-02-26 06:30:00,50.1,54.4,232,227
2025-02-26 06:32:00,50.1,54.6,232,230
2025-02-26 06:34:00,49.9,54.1,231,229
2025-02-26 06:36:00,50.1,55.5,231,240
2025-02-26 06:38:00,50.1,55.6,231,237
2025-02-26 06:40:00,66.6,55.6,231,235
2025-02-26 06:42:00,50.1,55.4,233,236
2025-02-26 06:44:00,50.1,55.7,231,239
2025-02-26 06:46:00,50.0,55.8,231,240
2025-02-26 06:48:00,50.0,55.5,231,237
2025-02-26 06:50:00,49.8,55.4,231,236
2025-02-26 06:52:00,50.0,55.5,233,237
2025-02-26 06:54:00,50.0,55.7,231,237
2025-02-26 06:56:00,50.0,55.7,231,239
2025-02-26 06:58:00,99.6,55.5,231,241
2025-02-26 07:00:00,50.0,55.8,231,239
2025-02-26 07:02:00,50.0,55.8,233,239
2025-02-26 07:04:00,50.1,56.5,231,235
2025-02-26 07:06:00,49.9,56.4,232,235
2025-02-26 07:08:00,99.4,56.5,231,235
2025-02-26 07:10:00,50.1,56.3,231,235
2025-02-26 07:12:00,50.0,55.8,233,230
2025-02-26 07:14:00,50.1,56.2,231,231
2025-02-26 07:16:00,49.9,56.1,232,237
2025-02-26 07:18:00,50.0,55.8,231,236
2025-02-26 07:20:00,50.0,55.9,231,236
2025-02-26 07:22:00,50.0,55.8,231,240
2025-02-26 07:24:00,49.9,56.1,231,236
2025-02-26 07:26:00,50.0,55.8,233,237
2025-02-26 07:28:00,49.9,55.9,231,238
2025-02-26 07:30:00,50.0,56.4,231,237
2025-02-26 07:32:00,50.0,56.4,231,235
2025-02-26 07:34:00,49.9,56.2,231,240
2025-02-26 07:36:00,100,56.4,233,236
2025-02-26 07:38:00,50.0,54.1,231,237
2025-02-26 07:40:00,50.0,56.5,231,234
2025-02-26 07:42:00,99.4,56.5,231,234
2025-02-26 07:44:00,49.9,56.4,232,234
2025-02-26 07:46:00,50.0,56.2,231,234
2025-02-26 07:48:00,50.1,55.9,231,234
2025-02-26 07:50:00,99.4,56.5,233,237
2025-02-26 07:52:00,50.0,56.2,232,238
2025-02-26 07:54:00,50.0,56.4,231,235
2025-02-26 07:56:00,50.0,56.6,231,239
2025-02-26 07:58:00,50.0,56.6,231,240
2025-02-26 08:00:00,49.9,56.3,231,238
2025-02-26 08:02:00,50.1,56.1,231,237
2025-02-26 08:04:00,49.9,54.7,231,241
2025-02-26 08:06:00,50.0,54.0,231,240
2025-02-26 08:08:00,50.0,55.5,232,241
2025-02-26 08:10:00,50.1,55.3,231,239
2025-02-26 08:12:00,49.9,56.2,233,238
2025-02-26 08:14:00,50.0,56.2,231,240
2025-02-26 08:16:00,50.0,56.0,231,238
2025-02-26 08:18:00,100,56.2,231,238
2025-02-26 08:20:00,99.4,56.5,231,239
2025-02-26 08:22:00,50.1,55.9,231,240
2025-02-26 08:24:00,50.0,55.8,231,238
2025-02-26 08:26:00,50.0,55.3,230,244
2025-02-26 08:28:00,50.0,55.5,231,245
2025-02-26 08:30:00,99.7,53.2,232,245
2025-02-26 08:32:00,49.9,55.4,231,244
2025-02-26 08:34:00,50.0,54.7,231,247
2025-02-26 08:36:00,49.8,55.3,231,245
2025-02-26 08:38:00,50.0,54.6,231,245
2025-02-26 08:40:00,50.0,54.2,231,242
2025-02-26 08:42:00,49.9,54.3,232,245
2025-02-26 08:44:00,50.0,53.9,231,242
2025-02-26 08:46:00,49.9,55.8,232,242
2025-02-26 08:48:00,50.0,55.2,232,241
2025-02-26 08:50:00,49.9,54.8,231,243
2025-02-26 08:52:00,50.0,53.0,231,246
2025-02-26 08:54:00,99.4,53.7,232,243
2025-02-26 08:56:00,50.0,52.0,231,242
2025-02-26 08:58:00,99.4,51.5,231,240
2025-02-26 09:00:00,50.1,51.8,231,241
2025-02-26 09:02:00,50.0,52.1,231,242
2025-02-26 09:04:00,50.0,52.2,232,240
2025-02-26 09:06:00,50.1,53.7,231,243
2025-02-26 09:08:00,50.0,51.9,232,244
2025-02-26 09:10:00,50.0,52.0,232,244
2025-02-26 09:12:00,50.0,51.6,232,241
2025-02-26 09:14:00,66.5,51.8,232,243
2025-02-26 09:16:00,99.9,53.1,232,247
2025-02-26 09:18:00,50.0,53.9,232,246
2025-02-26 09:20:00,100,52.1,232,244
2025-02-26 09:22:00,49.9,53.5,232,247
2025-02-26 09:24:00,50.1,53.3,231,245
2025-02-26 09:26:00,99.6,55.0,231,239
2025-02-26 09:28:00,49.9,55.2,231,236
2025-02-26 09:30:00,50.0,55.0,232,240
2025-02-26 09:32:00,50.0,55.0,232,239
2025-02-26 09:34:00,100,55.6,231,236
2025-02-26 09:36:00,50.1,55.0,231,238
2025-02-26 09:38:00,50.1,55.2,232,240
2025-02-26 09:40:00,49.8,52.0,230,238
2025-02-26 09:42:00,50.0,54.4,231,240
2025-02-26 09:44:00,49.9,54.5,231,237
2025-02-26 09:46:00,100,54.8,231,240
2025-02-26 09:48:00,50.1,53.6,231,241
2025-02-26 09:50:00,50.0,54.4,231,240
2025-02-26 09:52:00,50.0,53.5,231,240
2025-02-26 09:54:00,50.0,52.1,231,241
2025-02-26 09:56:00,50.0,51.0,231,238
2025-02-26 09:58:00,99.4,50.9,231,239
2025-02-26 10:00:00,50.0,51.0,231,236
2025-02-26 10:02:00,50.0,51.5,231,239
2025-02-26 10:04:00,50.1,51.1,230,238
2025-02-26 10:06:00,50.1,51.2,231,238
2025-02-26 10:08:00,66.7,51.3,230,237
2025-02-26 10:10:00,50.0,51.1,230,238
2025-02-26 10:12:00,50.1,51.5,231,239
2025-02-26 10:14:00,49.9,51.0,231,237
2025-02-26 10:16:00,50.0,51.3,231,240
2025-02-26 10:18:00,50.0,51.2,231,238
2025-02-26 10:20:00,49.8,51.3,231,240
2025-02-26 10:22:00,50.0,51.3,231,240
2025-02-26 10:24:00,50.1,49.6,231,207
2025-02-26 10:26:00,49.9,49.8,230,208
2025-02-26 10:28:00,50.1,50.1,231,212
2025-02-26 10:30:00,49.9,49.9,231,211
2025-02-26 10:32:00,66.6,49.5,231,212
2025-02-26 10:34:00,50.0,49.9,231,210
2025-02-26 10:36:00,50.1,49.7,231,212
2025-02-26 10:38:00,50.1,49.6,231,207
2025-02-26 10:40:00,50.0,49.6,231,209
2025-02-26 10:42:00,50.0,51.7,231,217
2025-02-26 10:44:00,50.0,49.9,230,209
2025-02-26 10:46:00,50.0,49.6,230,212
2025-02-26 10:48:00,49.9,49.3,231,211
2025-02-26 10:50:00,50.0,49.7,231,208
2025-02-26 10:52:00,50.0,50.0,231,204
2025-02-26 10:54:00,50.0,49.7,231,205
2025-02-26 10:56:00,50.0,49.6,231,207
2025-02-26 10:58:00,50.1,49.6,231,202
2025-02-26 11:00:00,50.0,49.7,231,203
2025-02-26 11:02:00,50.0,50.0,231,198
2025-02-26 11:04:00,50.0,49.5,230,199
2025-02-26 11:06:00,50.1,49.5,230,204
2025-02-26 11:08:00,99.4,49.9,231,195
2025-02-26 11:10:00,49.9,49.1,231,194
2025-02-26 11:12:00,99.7,49.9,231,205
2025-02-26 11:14:00,66.9,49.9,231,206
2025-02-26 11:16:00,99.4,49.9,231,205
2025-02-26 11:18:00,49.9,49.7,231,205
2025-02-26 11:20:00,99.3,49.8,230,204
2025-02-26 11:22:00,99.9,50.0,231,204
2025-02-26 11:24:00,49.9,49.8,231,207
2025-02-26 11:26:00,50.0,49.3,231,201
2025-02-26 11:28:00,66.7,49.8,231,200
2025-02-26 11:30:00,49.9,49.6,231,204
2025-02-26 11:32:00,99.4,49.8,230,204
2025-02-26 11:34:00,50.0,49.5,230,206
2025-02-26 11:36:00,50.0,49.4,230,208
2025-02-26 11:38:00,50.1,49.2,230,210
2025-02-26 11:40:00,50.1,49.3,231,204
2025-02-26 11:42:00,49.9,49.5,231,206
2025-02-26 11:44:00,49.8,49.6,231,206
2025-02-26 11:46:00,50.1,49.8,230,205
2025-02-26 11:48:00,49.9,49.8,231,205
2025-02-26 11:50:00,49.9,49.6,231,201
2025-02-26 11:52:00,50.1,49.6,230,201
2025-02-26 11:54:00,49.9,49.7,231,204
2025-02-26 11:56:00,49.9,49.6,230,210
2025-02-26 11:58:00,49.9,49.5,230,206
2025-02-26 12:00:00,50.0,49.2,230,210
2025-02-26 12:02:00,50.0,49.3,230,207
2025-02-26 12:04:00,50.1,49.4,230,207
2025-02-26 12:06:00,50.1,49.6,230,209
2025-02-26 12:08:00,50.0,49.5,230,205
2025-02-26 12:10:00,50.0,49.5,231,204
2025-02-26 12:12:00,99.9,49.6,230,201
2025-02-26 12:14:00,50.0,49.7,230,207
2025-02-26 12:16:00,49.9,49.6,230,204
2025-02-26 12:18:00,50.0,49.5,230,206
2025-02-26 12:20:00,49.8,49.6,230,210
2025-02-26 12:22:00,100,49.3,230,205
2025-02-26 12:24:00,50.0,49.7,230,205
2025-02-26 12:26:00,66.7,49.6,230,204
2025-02-26 12:28:00,50.1,49.6,230,201
2025-02-26 12:30:00,49.9,49.7,230,204
2025-02-26 12:32:00,50.0,49.8,230,204
2025-02-26 12:34:00,50.1,49.9,231,204
2025-02-26 12:36:00,50.0,49.8,230,204
2025-02-26 12:38:00,50.1,49.7,230,201
2025-02-26 12:40:00,49.9,99.4,230,204
2025-02-26 12:42:00,49.9,49.8,230,208
2025-02-26 12:44:00,66.8,49.5,230,205
2025-02-26 12:46:00,50.0,49.3,231,209
2025-02-26 12:48:00,50.0,49.4,230,211
2025-02-26 12:50:00,50.0,49.6,230,212
2025-02-26 12:52:00,100,49.6,230,212
2025-02-26 12:54:00,49.9,49.6,229,215
2025-02-26 12:56:00,49.9,49.7,230,215
2025-02-26 12:58:00,49.9,49.6,230,212
2025-02-26 13:00:00,50.1,49.5,231,210
2025-02-26 13:02:00,50.1,49.5,230,210
2025-02-26 13:04:00,50.1,49.7,229,212
2025-02-26 13:06:00,49.9,49.7,230,211
2025-02-26 13:08:00,50.0,49.7,230,212
2025-02-26 13:10:00,50.0,49.6,230,213
2025-02-26 13:12:00,49.9,49.5,230,213
2025-02-26 13:14:00,99.4,49.5,231,210
2025-02-26 13:16:00,49.9,49.5,230,209
2025-02-26 13:18:00,50.0,49.7,230,208
2025-02-26 13:20:00,50,49.2,230,203
2025-02-26 13:22:00,49.9,49.4,230,202
2025-02-26 13:24:00,50.1,49.7,230,208
2025-02-26 13:26:00,50,49.7,230,205
2025-02-26 13:28:00,49.9,49.5,231,212
2025-02-26 13:30:00,50.1,49.6,230,210
2025-02-26 13:32:00,50.0,49.7,230,210
2025-02-26 13:34:00,49.9,49.7,230,206
2025-02-26 13:36:00,50.0,49.4,230,210
2025-02-26 13:38:00,50.1,49.4,230,209
2025-02-26 13:40:00,50.1,49.6,230,208
2025-02-26 13:42:00,50.0,49.4,230,201
2025-02-26 13:44:00,49.9,49.6,230,207
2025-02-26 13:46:00,50.1,49.5,230,210
2025-02-26 13:48:00,49.9,49.6,230,211
2025-02-26 13:50:00,50.1,49.7,229,204
2025-02-26 13:52:00,49.9,49.3,231,210
2025-02-26 13:54:00,49.9,49.6,230,209
2025-02-26 13:56:00,50.0,49.5,230,212
2025-02-26 13:58:00,50.0,49.4,230,208
2025-02-26 14:00:00,50.0,49.9,230,209
2025-02-26 14:02:00,99.6,49.8,230,207
2025-02-26 14:04:00,50.0,49.8,230,211
2025-02-26 14:06:00,50.1,49.6,230,209
2025-02-26 14:08:00,50.1,49.6,230,209
2025-02-26 14:10:00,49.9,49.6,230,207
2025-02-26 14:12:00,50.0,49.6,230,208
2025-02-26 14:14:00,50.0,49.7,230,205
2025-02-26 14:16:00,49.9,50.3,230,212
2025-02-26 14:18:00,49.9,50.0,230,209
2025-02-26 14:20:00,49.8,49.6,230,203
2025-02-26 14:22:00,49.9,49.5,230,206
2025-02-26 14:24:00,99.6,49.5,230,208
2025-02-26 14:26:00,50.1,49.6,230,207
2025-02-26 14:28:00,99.9,49.4,230,208
2025-02-26 14:30:00,50.0,49.4,230,206
2025-02-26 14:32:00,99.2,49.5,230,205
2025-02-26 14:34:00,49.9,49.9,230,201
2025-02-26 14:36:00,50,49.9,230,204
2025-02-26 14:38:00,49.9,49.5,230,206
2025-02-26 14:40:00,50.0,49.8,230,195
2025-02-26 14:42:00,50.0,49.7,230,201
2025-02-26 14:44:00,99.6,49.5,230,200
2025-02-26 14:46:00,50.0,49.7,230,205
2025-02-26 14:48:00,50.0,49.9,230,202
2025-02-26 14:50:00,49.9,49.3,230,206
2025-02-26 14:52:00,50.0,49.3,230,202
2025-02-26 14:54:00,99.9,49.6,230,203
2025-02-26 14:56:00,49.8,49.8,230,204
2025-02-26 14:58:00,50.0,49.4,230,202
2025-02-26 15:00:00,50.0,49.8,230,204
2025-02-26 15:02:00,99.9,49.4,230,203
2025-02-26 15:04:00,50.0,49.7,230,203
2025-02-26 15:06:00,50.1,49.9,230,201
2025-02-26 15:08:00,100,49.5,230,202
2025-02-26 15:10:00,49.9,49.4,230,201
2025-02-26 15:12:00,49.9,49.5,229,203
2025-02-26 15:14:00,49.9,49.6,230,202
2025-02-26 15:16:00,49.9,49.6,230,204
2025-02-26 15:18:00,50.1,49.7,230,208
2025-02-26 15:20:00,50.0,49.3,230,205
2025-02-26 15:22:00,66.6,49.7,230,203
2025-02-26 15:24:00,66.8,49.7,230,201
2025-02-26 15:26:00,50.1,49.5,230,203
2025-02-26 15:28:00,50.1,49.6,230,198
2025-02-26 15:30:00,50.0,49.8,230,199
2025-02-26 15:32:00,49.9,49.7,230,205
2025-02-26 15:34:00,49.9,50.0,229,205
2025-02-26 15:36:00,50.0,50.1,230,202
2025-02-26 15:38:00,50.0,49.7,230,200
2025-02-26 15:40:00,50.0,49.5,230,198
2025-02-26 15:42:00,50.0,49.8,230,193
2025-02-26 15:44:00,49.9,49.4,230,197
2025-02-26 15:46:00,99.6,49.7,231,196
2025-02-26 15:48:00,49.9,49.4,229,192
2025-02-26 15:50:00,50.0,49.8,231,196
2025-02-26 15:52:00,50.0,49.5,231,194
2025-02-26 15:54:00,100.0,49.6,231,199
2025-02-26 15:56:00,49.9,49.6,231,197
2025-02-26 15:58:00,100,49.7,231,198
2025-02-26 16:00:00,50.0,49.7,232,197
2025-02-26 16:02:00,50.0,49.5,232,199
2025-02-26 16:04:00,50.0,49.9,231,200
2025-02-26 16:06:00,49.9,49.7,230,198
2025-02-26 16:08:00,50.0,49.3,231,199
2025-02-26 16:10:00,50.1,49.9,232,191
2025-02-26 16:12:00,50.1,50.0,232,193
2025-02-26 16:14:00,50.0,49.9,232,191
2025-02-26 16:16:00,50.0,49.6,232,192
2025-02-26 16:18:00,49.9,49.3,231,192
2025-02-26 16:20:00,49.9,49.5,231,192
2025-02-26 16:22:00,50.0,49.7,230,193
2025-02-26 16:24:00,50.0,49.7,231,196
2025-02-26 16:26:00,50.0,49.6,232,204
2025-02-26 16:28:00,99.4,49.8,228,203
2025-02-26 16:30:00,50.1,49.9,227,203
2025-02-26 16:32:00,50.0,50.1,228,199
2025-02-26 16:34:00,50.0,50.0,228,198
2025-02-26 16:36:00,99.2,49.9,227,198
2025-02-26 16:38:00,50.1,49.9,227,201
2025-02-26 16:40:00,99.4,49.9,228,203
2025-02-26 16:42:00,49.9,49.8,227,202
2025-02-26 16:44:00,50.0,49.8,227,203
2025-02-26 16:46:00,49.9,49.8,227,202
2025-02-26 16:48:00,50.0,49.7,227,202
2025-02-26 16:50:00,50.0,50.0,228,202
2025-02-26 16:52:00,50.0,49.9,227,204
2025-02-26 16:54:00,50.0,49.8,227,205
2025-02-26 16:56:00,50.0,49.7,228,206
2025-02-26 16:58:00,49.9,49.7,227,205
2025-02-26 17:00:00,50.0,50.1,227,207
2025-02-26 17:02:00,50.0,50.2,227,210
2025-02-26 17:04:00,50.0,49.8,229,207
2025-02-26 17:06:00,50.0,49.8,227,202
2025-02-26 17:08:00,49.8,49.8,228,200
2025-02-26 17:10:00,100,49.7,227,198
2025-02-26 17:12:00,50.0,49.8,228,206
2025-02-26 17:14:00,49.9,49.9,227,207
2025-02-26 17:16:00,49.9,50.0,228,204
2025-02-26 17:18:00,50.1,49.7,227,204
2025-02-26 17:20:00,49.9,49.9,227,201
2025-02-26 17:22:00,99.4,49.9,228,200
2025-02-26 17:24:00,50.2,49.9,227,194
2025-02-26 17:26:00,99.3,50.0,228,196
2025-02-26 17:28:00,99.4,49.7,228,198
2025-02-26 17:30:00,50.1,49.9,227,195
2025-02-26 17:32:00,50.1,49.8,228,194
2025-02-26 17:34:00,99.9,49.8,228,195
2025-02-26 17:36:00,66.8,49.9,228,195
2025-02-26 17:38:00,50.2,50.0,227,197
2025-02-26 17:40:00,49.9,49.9,228,197
2025-02-26 17:42:00,50.0,49.7,228,198
2025-02-26 17:44:00,99.3,49.8,228,200
2025-02-26 17:46:00,50.0,50.1,228,206
2025-02-26 17:48:00,99.4,49.9,228,205
2025-02-26 17:50:00,50.0,49.8,227,203
2025-02-26 17:52:00,50.0,49.7,228,204
2025-02-26 17:54:00,100,49.7,227,203
2025-02-26 17:56:00,50.1,49.6,227,200
2025-02-26 17:58:00,50.0,49.7,227,196
2025-02-26 18:00:00,99.4,49.8,227,200
2025-02-26 18:02:00,99.7,49.6,227,203
2025-02-26 18:04:00,49.9,49.8,228,196
2025-02-26 18:06:00,50.0,49.6,228,197
2025-02-26 18:08:00,50.0,49.8,227,199
2025-02-26 18:10:00,49.9,49.7,227,200
2025-02-26 18:12:00,49.9,50.1,227,199
2025-02-26 18:14:00,50.0,49.6,227,199
2025-02-26 18:16:00,50.1,49.7,227,198
2025-02-26 18:18:00,99.4,49.9,227,195
2025-02-26 18:20:00,49.9,49.8,227,198
2025-02-26 18:22:00,99.7,49.8,228,198
2025-02-26 18:24:00,50.1,49.8,227,199
2025-02-26 18:26:00,50.1,49.8,227,195
2025-02-26 18:28:00,50.0,50.0,227,195
2025-02-26 18:30:00,66.5,50.0,227,196
2025-02-26 18:32:00,99.4,49.8,227,198
2025-02-26 18:34:00,50.0,49.9,227,197
2025-02-26 18:36:00,50.0,49.9,227,197
2025-02-26 18:38:00,50.0,49.7,227,200
2025-02-26 18:40:00,50.0,49.7,227,201
2025-02-26 18:42:00,50.0,49.6,227,197
2025-02-26 18:44:00,50.1,49.9,227,200
2025-02-26 18:46:00,50.0,49.7,227,200
2025-02-26 18:48:00,49.9,49.6,227,198
2025-02-26 18:50:00,50,49.8,227,198
2025-02-26 18:52:00,49.9,49.8,227,198
2025-02-26 18:54:00,50.0,49.7,227,198
2025-02-26 18:56:00,66.5,49.7,227,196
2025-02-26 18:58:00,99.9,49.7,228,194
2025-02-26 19:00:00,50.0,49.7,228,196
2025-02-26 19:02:00,50.0,49.6,228,193
2025-02-26 19:04:00,50.0,49.8,228,198
2025-02-26 19:06:00,50.0,49.5,228,198
2025-02-26 19:08:00,49.9,49.7,228,196
2025-02-26 19:10:00,49.9,50.1,228,197
2025-02-26 19:12:00,50.2,50.1,227,198
2025-02-26 19:14:00,50.0,49.9,228,194
2025-02-26 19:16:00,50.0,49.8,228,198
2025-02-26 19:18:00,49.9,50.1,228,196
2025-02-26 19:20:00,49.9,49.9,227,197
2025-02-26 19:22:00,50.1,49.8,227,191
2025-02-26 19:24:00,49.9,49.9,227,192
2025-02-26 19:26:00,50.0,49.9,228,191
2025-02-26 19:28:00,50.1,49.9,227,194
2025-02-26 19:30:00,99.4,50.1,228,191
2025-02-26 19:32:00,50.1,50.1,228,193
2025-02-26 19:34:00,50.1,49.7,228,194
2025-02-26 19:36:00,50.0,50.1,232,196
2025-02-26 19:38:00,50.0,49.8,227,195
2025-02-26 19:40:00,50.0,50.1,227,197
2025-02-26 19:42:00,50,49.7,228,198
2025-02-26 19:44:00,99.6,49.9,228,199
2025-02-26 19:46:00,50.0,49.8,227,197
2025-02-26 19:48:00,50,49.8,227,197
2025-02-26 19:50:00,50.0,49.8,227,196
2025-02-26 19:52:00,49.9,49.7,227,196
2025-02-26 19:54:00,49.9,50.1,228,198
2025-02-26 19:56:00,50.0,49.9,228,197
2025-02-26 19:58:00,50.0,50,228,195
2025-02-26 20:00:00,50.2,49.9,228,198
2025-02-26 20:02:00,49.9,49.9,227,196
2025-02-26 20:04:00,50.0,49.9,227,198
2025-02-26 20:06:00,50.0,50.0,227,201
2025-02-26 20:08:00,50.0,50.2,227,200
2025-02-26 20:10:00,66.7,50.1,227,197
2025-02-26 20:12:00,49.9,50.2,228,197
2025-02-26 20:14:00,49.9,50.0,227,195
2025-02-26 20:16:00,50.1,50.2,228,199
2025-02-26 20:18:00,99.6,50.0,227,198
2025-02-26 20:20:00,99.4,50.5,227,201
2025-02-26 20:22:00,49.8,50.2,227,201
2025-02-26 20:24:00,99.4,50.2,226,200
2025-02-26 20:26:00,50.0,50.1,227,200
2025-02-26 20:28:00,50.0,50.2,228,201
2025-02-26 20:30:00,50.0,50.1,228,201
2025-02-26 20:32:00,49.9,50.2,227,196
2025-02-26 20:34:00,50.1,49.9,227,199
2025-02-26 20:36:00,50.1,50.0,227,203
2025-02-26 20:38:00,49.9,50.2,227,201
2025-02-26 20:40:00,50.1,50.1,227,200
2025-02-26 20:42:00,50.0,49.5,228,202
2025-02-26 20:44:00,99.4,49.9,228,200
2025-02-26 20:46:00,50.0,49.8,228,202
2025-02-26 20:48:00,50.1,50.3,228,202
2025-02-26 20:50:00,49.9,49.6,227,203
2025-02-26 20:52:00,50.0,50.1,227,206
2025-02-26 20:54:00,50.0,49.8,227,204
2025-02-26 20:56:00,50.0,49.9,227,203
2025-02-26 20:58:00,99.1,49.9,228,204
2025-02-26 21:00:00,49.9,49.9,228,202
2025-02-26 21:02:00,50.1,50.0,228,202
2025-02-26 21:04:00,49.9,50.0,227,204
2025-02-26 21:06:00,50.0,50.0,227,204
2025-02-26 21:08:00,49.9,50.0,227,205
2025-02-26 21:10:00,49.8,50.3,227,204
2025-02-26 21:12:00,50.2,50.1,227,204
2025-02-26 21:14:00,49.9,50.1,227,204
2025-02-26 21:16:00,50.1,50.2,227,205
2025-02-26 21:18:00,50.1,50.2,228,209
2025-02-26 21:20:00,50.1,50.0,227,210
2025-02-26 21:22:00,50,50.3,228,206
2025-02-26 21:24:00,50.0,50.2,227,210
2025-02-26 21:26:00,50.1,50.1,227,210
2025-02-26 21:28:00,50.1,50.2,227,209
2025-02-26 21:30:00,100,50.2,228,211
2025-02-26 21:32:00,50.0,50.2,228,210
2025-02-26 21:34:00,50.0,50.3,228,210
2025-02-26 21:36:00,100.0,50.4,228,211
2025-02-26 21:38:00,99.7,50.4,228,212
2025-02-26 21:40:00,50.0,50.1,228,212
2025-02-26 21:42:00,100,50.5,228,214
2025-02-26 21:44:00,99.7,50.3,228,212
2025-02-26 21:46:00,50.0,50.3,228,213
2025-02-26 21:48:00,50.0,50.3,227,213
2025-02-26 21:50:00,99.9,50.3,228,213
2025-02-26 21:52:00,99.9,50.4,228,215
2025-02-26 21:54:00,99.7,50.5,228,216
2025-02-26 21:56:00,50.1,50.5,228,215
2025-02-26 21:58:00,100,50.5,228,215
2025-02-26 22:00:00,49.8,50.5,228,213
2025-02-26 22:02:00,50.0,50.4,228,216
2025-02-26 22:04:00,66.5,50,227,215
2025-02-26 22:06:00,66.8,50.6,227,215
2025-02-26 22:08:00,50.1,50.6,228,216
2025-02-26 22:10:00,50.0,50.4,228,215
2025-02-26 22:12:00,99.4,50.5,227,215
2025-02-26 22:14:00,99.4,50.4,227,211
2025-02-26 22:16:00,49.8,50.6,228,216
2025-02-26 22:18:00,66.5,50.3,228,216
2025-02-26 22:20:00,50.1,50.5,228,215
2025-02-26 22:22:00,99.9,50.5,227,218
2025-02-26 22:24:00,99.4,50.5,227,217
2025-02-26 22:26:00,49.9,50.6,228,217
2025-02-26 22:28:00,49.8,50.6,228,216
2025-02-26 22:30:00,50.0,50.5,228,215
2025-02-26 22:32:00,99.4,50.5,228,216
2025-02-26 22:34:00,50.1,49.4,228,214
2025-02-26 22:36:00,66.7,49.7,228,215
2025-02-26 22:38:00,66.7,50.0,228,216
2025-02-26 22:40:00,66.6,49.9,228,217
2025-02-26 22:42:00,99.3,49.9,228,216
2025-02-26 22:44:00,99.2,49.7,228,216
2025-02-26 22:46:00,197,50.0,228,217
2025-02-26 22:48:00,49.9,50.0,228,217
2025-02-26 22:50:00,100,49.9,228,216
2025-02-26 22:52:00,99.4,49.8,233,217
2025-02-26 22:54:00,100,50.0,233,217
2025-02-26 22:56:00,49.9,49.9,231,216
2025-02-26 22:58:00,50.1,49.8,231,216
2025-02-26 23:00:00,50.0,50.0,231,216
2025-02-26 23:02:00,50.0,50.0,231,217
2025-02-26 23:04:00,49.9,50.0,231,216
2025-02-26 23:06:00,66.9,49.9,232,216
2025-02-26 23:08:00,50.1,50.0,231,217
2025-02-26 23:10:00,100,50.0,231,218
2025-02-26 23:12:00,49.9,50.0,231,217
2025-02-26 23:14:00,11236,50.0,231,218
2025-02-26 23:16:00,101,49.8,231,217
2025-02-26 23:18:00,99.9,49.8,231,218
2025-02-26 23:20:00,50.0,50.0,231,218
2025-02-26 23:22:00,50.1,50.0,232,218
2025-02-26 23:24:00,66.9,50.0,231,218
2025-02-26 23:26:00,99.2,50.0,231,219
2025-02-26 23:28:00,50.1,49.9,231,219
2025-02-26 23:30:00,50.1,50.1,231,219
2025-02-26 23:32:00,99.1,50.0,231,218
2025-02-26 23:34:00,99.4,49.9,231,220
2025-02-26 23:36:00,50.1,49.9,231,218
2025-02-26 23:38:00,99.4,50.0,231,219
2025-02-26 23:40:00,99.4,50.0,231,219
2025-02-26 23:42:00,50.1,49.9,231,220
2025-02-26 23:44:00,50.0,50.0,231,219
2025-02-26 23:46:00,50.1,50.0,231,219
2025-02-26 23:48:00,99.4,50.1,231,218
2025-02-26 23:50:00,50.1,50.0,231,218
2025-02-26 23:52:00,99.4,50.2,231,220
2025-02-26 23:54:00,49.9,49.9,231,220
2025-02-26 23:56:00,66.5,49.9,231,220
2025-02-26 23:58:00,66.9,50.1,231,221
2025-02-27 00:00:00,50.1,50.2,232,219
2025-02-27 00:02:00,50.0,49.9,231,219
2025-02-27 00:04:00,50.0,50.1,231,220
2025-02-27 00:06:00,66.5,50.0,232,221
2025-02-27 00:08:00,66.5,50.1,231,221
2025-02-27 00:10:00,49.9,50.0,231,221
2025-02-27 00:12:00,66.8,50.2,230,223
2025-02-27 00:14:00,50.1,49.9,230,221
2025-02-27 00:16:00,99.4,50.1,230,222
2025-02-27 00:18:00,49.8,50,231,222
2025-02-27 00:20:00,50.0,50.1,230,222
2025-02-27 00:22:00,50.0,49.7,231,222
2025-02-27 00:24:00,66.9,50.1,231,222
2025-02-27 00:26:00,49.9,50.0,230,222
2025-02-27 00:28:00,49.9,50.2,231,222
2025-02-27 00:30:00,49.9,50.1,231,223
2025-02-27 00:32:00,50.0,50.1,231,225
2025-02-27 00:34:00,49.9,50.1,231,225
2025-02-27 00:36:00,50.1,50.2,232,225
2025-02-27 00:38:00,50.0,50.1,231,225
2025-02-27 00:40:00,100,50.3,231,225
2025-02-27 00:42:00,50.0,51.3,231,229
2025-02-27 00:44:00,50.0,50.5,231,225
2025-02-27 00:46:00,66.5,50.3,231,226
2025-02-27 00:48:00,99.4,50.5,231,227
2025-02-27 00:50:00,49.9,50.3,232,225
2025-02-27 00:52:00,100,50.4,231,225
2025-02-27 00:54:00,66.9,50.3,231,225
2025-02-27 00:56:00,66.7,50.3,231,224
2025-02-27 00:58:00,49.8,50.3,231,224
2025-02-27 01:00:00,50.0,50.4,231,224
2025-02-27 01:02:00,50.0,50.2,231,224
2025-02-27 01:04:00,49.9,50.4,230,225
2025-02-27 01:06:00,66.8,50.4,230,225
2025-02-27 01:08:00,49.8,49.6,231,224
2025-02-27 01:10:00,49.9,50.5,231,225
2025-02-27 01:12:00,99.4,50.3,231,224
2025-02-27 01:14:00,49.9,50.3,231,225
2025-02-27 01:16:00,49.9,50.2,231,225
2025-02-27 01:18:00,50.0,50.3,231,225
2025-02-27 01:20:00,50.0,50.3,231,224
2025-02-27 01:22:00,50.0,50.4,231,225
2025-02-27 01:24:00,67.0,50.3,231,224
2025-02-27 01:26:00,99.7,50.3,231,224
2025-02-27 01:28:00,66.5,50.3,231,225
2025-02-27 01:30:00,99.1,50.3,231,225
2025-02-27 01:32:00,50.0,50.4,231,225
2025-02-27 01:34:00,50.0,50.3,231,226
2025-02-27 01:36:00,50.1,50.4,230,225
2025-02-27 01:38:00,49.9,50.4,231,225
2025-02-27 01:40:00,49.9,50.3,231,227
2025-02-27 01:42:00,100,50.5,231,226
2025-02-27 01:44:00,49.9,50.4,231,226
2025-02-27 01:46:00,50.0,50.3,231,227
2025-02-27 01:48:00,99.2,50.3,231,226
2025-02-27 01:50:00,66.8,50.3,231,226
2025-02-27 01:52:00,99.4,50.4,232,227
2025-02-27 01:54:00,50.1,50.3,231,226
2025-02-27 01:56:00,100.0,50.3,231,226
2025-02-27 01:58:00,50.0,50.3,231,226
2025-02-27 02:00:00,50,50.4,232,227
2025-02-27 02:02:00,49.8,50.2,231,226
2025-02-27 02:04:00,99.4,50.3,231,226
2025-02-27 02:06:00,50.0,50.4,231,226
2025-02-27 02:08:00,50.0,50.2,231,225
2025-02-27 02:10:00,66.8,50.3,231,225
2025-02-27 02:12:00,66.7,50.3,231,225
2025-02-27 02:14:00,49.9,50.3,231,226
2025-02-27 02:16:00,50.0,50.3,231,227
2025-02-27 02:18:00,100.0,50.4,231,226
2025-02-27 02:20:00,66.9,50.3,231,226
2025-02-27 02:22:00,99.7,50.3,230,226
2025-02-27 02:24:00,50.1,50.4,231,226
2025-02-27 02:26:00,49.9,50.3,231,226
2025-02-27 02:28:00,49.9,50.4,231,226
2025-02-27 02:30:00,66.7,50.3,231,226
2025-02-27 02:32:00,49.8,50.3,231,225
2025-02-27 02:34:00,50.2,50.4,231,226
2025-02-27 02:36:00,99.4,50.4,230,226
2025-02-27 02:38:00,100,50.2,231,225
2025-02-27 02:40:00,50.1,50.3,231,227
2025-02-27 02:42:00,50.1,50.2,231,225
2025-02-27 02:44:00,50.1,50.3,231,227
2025-02-27 02:46:00,49.9,50.4,230,226
2025-02-27 02:48:00,50.0,50.4,231,225
2025-02-27 02:50:00,49.9,50.4,231,226
2025-02-27 02:52:00,50.0,50.4,231,227
2025-02-27 02:54:00,66.5,50.4,231,227
2025-02-27 02:56:00,99.3,50.4,231,227
2025-02-27 02:58:00,66.6,50.3,231,227
2025-02-27 03:00:00,49.9,50.3,231,227
2025-02-27 03:02:00,50.0,50.3,231,227
2025-02-27 03:04:00,66.6,50.4,231,228
2025-02-27 03:06:00,49.8,50.2,231,227
2025-02-27 03:08:00,66.5,50.3,231,227
2025-02-27 03:10:00,99.4,50.3,231,227
2025-02-27 03:12:00,99.4,50.5,231,228
2025-02-27 03:14:00,50.0,50.2,231,227
2025-02-27 03:16:00,50.1,50.5,231,227
2025-02-27 03:18:00,99.1,50.3,231,227
2025-02-27 03:20:00,49.9,50.5,231,226
2025-02-27 03:22:00,99.4,50.3,231,225
2025-02-27 03:24:00,50.1,50.5,231,226
2025-02-27 03:26:00,49.9,50.3,232,225
2025-02-27 03:28:00,49.9,50.3,231,227
2025-02-27 03:30:00,50.1,50.3,231,226
2025-02-27 03:32:00,49.9,50.4,230,227
2025-02-27 03:34:00,66.8,50.4,231,227
2025-02-27 03:36:00,49.8,50.4,230,227
2025-02-27 03:38:00,49.9,50.4,231,227
2025-02-27 03:40:00,100,50.4,231,228
2025-02-27 03:42:00,50.0,50.4,231,228
2025-02-27 03:44:00,99.4,50.3,231,227
2025-02-27 03:46:00,50.1,50.4,231,227
2025-02-27 03:48:00,49.9,50.4,231,228
2025-02-27 03:50:00,66.5,50.3,231,228
2025-02-27 03:52:00,49.9,50.5,231,229
2025-02-27 03:54:00,49.9,50.4,231,228
2025-02-27 03:56:00,50.2,50.6,231,230
2025-02-27 03:58:00,49.9,50.3,231,229
2025-02-27 04:00:00,50,50.3,231,228
2025-02-27 04:02:00,49.9,50.3,231,227
2025-02-27 04:04:00,50.0,50.5,230,230
2025-02-27 04:06:00,50.0,50.2,231,228
2025-02-27 04:08:00,49.9,50.4,231,228
2025-02-27 04:10:00,49.9,50.4,231,229
2025-02-27 04:12:00,99.1,50.3,231,228
2025-02-27 04:14:00,99.4,50.3,231,228
2025-02-27 04:16:00,50.0,50.4,231,228
2025-02-27 04:18:00,49.9,50.4,231,228
2025-02-27 04:20:00,50.0,50.4,231,227
2025-02-27 04:22:00,99.7,50.5,231,227
2025-02-27 04:24:00,50.1,50.3,230,227
2025-02-27 04:26:00,49.9,50.2,231,227
2025-02-27 04:28:00,99.4,50.2,231,227
2025-02-27 04:30:00,50.0,50.2,231,226
2025-02-27 04:32:00,50.0,50.2,232,226
2025-02-27 04:34:00,99.7,50.3,231,226
2025-02-27 04:36:00,50.0,50.3,231,226
2025-02-27 04:38:00,99.3,50.2,231,225
2025-02-27 04:40:00,49.8,50.1,231,225
2025-02-27 04:42:00,100,50.1,231,225
2025-02-27 04:44:00,50.1,50.2,231,226
2025-02-27 04:46:00,66.8,50.2,231,226
2025-02-27 04:48:00,50.0,50.1,231,225
2025-02-27 04:50:00,49.9,50.1,231,225
2025-02-27 04:52:00,99.1,50.4,231,225
2025-02-27 04:54:00,49.8,50.0,230,225
2025-02-27 04:56:00,66.9,50.3,231,224
2025-02-27 04:58:00,50.0,50.1,231,225
2025-02-27 05:00:00,50.0,50.1,230,225
2025-02-27 05:02:00,66.9,50.1,230,226
2025-02-27 05:04:00,99.4,50.1,231,224
2025-02-27 05:06:00,100,50.1,231,224
2025-02-27 05:08:00,99.4,50.3,231,225
2025-02-27 05:10:00,100,50.1,231,225
2025-02-27 05:12:00,66.9,50.3,231,223
2025-02-27 05:14:00,50.1,50.2,231,225
2025-02-27 05:16:00,49.9,50.2,231,224
2025-02-27 05:18:00,50.0,50.5,231,225
2025-02-27 05:20:00,99.4,50.3,231,225
2025-02-27 05:22:00,99.4,50.2,231,225
2025-02-27 05:24:00,99.7,50.3,231,224
2025-02-27 05:26:00,50.0,50.0,231,222
2025-02-27 05:28:00,66.9,50.2,231,221
2025-02-27 05:30:00,99.6,50.1,231,221
2025-02-27 05:32:00,99.2,50.1,231,222
2025-02-27 05:34:00,99.4,50.2,231,222
2025-02-27 05:36:00,49.8,50.1,231,224
2025-02-27 05:38:00,99.4,50.2,232,219
2025-02-27 05:40:00,66.5,50.2,231,217
2025-02-27 05:42:00,50.0,50.3,231,221
2025-02-27 05:44:00,99.4,50.2,231,221
2025-02-27 05:46:00,50.1,50.2,231,225
2025-02-27 05:48:00,99.6,50.2,231,222
2025-02-27 05:50:00,49.9,50.1,230,217
2025-02-27 05:52:00,99.1,50.2,231,216
2025-02-27 05:54:00,50.1,50.1,230,218
2025-02-27 05:56:00,50.1,50.2,231,217
2025-02-27 05:58:00,49.9,50.2,231,218
2025-02-27 06:00:00,99.4,50.1,228,219
2025-02-27 06:02:00,66.9,50,227,221
2025-02-27 06:04:00,50.1,50.2,228,223
2025-02-27 06:06:00,198,50.1,228,224
2025-02-27 06:08:00,100,50.1,228,219
2025-02-27 06:10:00,100.0,50.1,227,219
2025-02-27 06:12:00,99.7,50.1,227,217
2025-02-27 06:14:00,50.0,50.1,228,214
2025-02-27 06:16:00,101,50.1,227,218
2025-02-27 06:18:00,49.8,50.0,227,216
2025-02-27 06:20:00,50.0,50.1,227,220
2025-02-27 06:22:00,50.2,49.9,227,215
2025-02-27 06:24:00,99.4,50.0,228,215
2025-02-27 06:26:00,50.0,50.2,228,219
2025-02-27 06:28:00,99.9,50.1,228,219
2025-02-27 06:30:00,50.0,50.1,228,219
2025-02-27 06:32:00,50.0,50.0,227,218
2025-02-27 06:34:00,49.8,50.1,228,216
2025-02-27 06:36:00,49.9,50.2,227,220
2025-02-27 06:38:00,99.4,50.2,228,217
2025-02-27 06:40:00,50.0,50.0,228,220
2025-02-27 06:42:00,49.9,50.1,227,218
2025-02-27 06:44:00,50.0,50.1,228,215
2025-02-27 06:46:00,99.2,50,228,216
2025-02-27 06:48:00,198,50.0,227,217
2025-02-27 06:50:00,49.8,50.2,227,220
2025-02-27 06:52:00,99.1,50.2,227,223
2025-02-27 06:54:00,66.5,50.1,227,224
2025-02-27 06:56:00,50.0,49.8,227,226
2025-02-27 06:58:00,50.1,50.2,227,226
2025-02-27 07:00:00,50.1,50.3,227,217
2025-02-27 07:02:00,50.0,50.2,228,225
2025-02-27 07:04:00,99.2,49.9,227,225
2025-02-27 07:06:00,49.9,50.0,228,222
2025-02-27 07:08:00,50.0,50.2,227,225
2025-02-27 07:10:00,50.1,50.1,227,224
2025-02-27 07:12:00,99.9,50.0,227,221
2025-02-27 07:14:00,50.0,50.1,227,225
2025-02-27 07:16:00,49.8,50.0,227,225
2025-02-27 07:18:00,99.4,50.1,227,224
2025-02-27 07:20:00,66.8,50.2,227,221
2025-02-27 07:22:00,99.1,49.9,227,223
2025-02-27 07:24:00,100,50.2,228,227
2025-02-27 07:26:00,50.1,50.0,227,222
2025-02-27 07:28:00,49.9,50.2,228,222
2025-02-27 07:30:00,50.0,50.1,227,222
2025-02-27 07:32:00,99.4,50.3,228,217
2025-02-27 07:34:00,99.4,50.0,227,218
2025-02-27 07:36:00,99.4,49.8,228,218
2025-02-27 07:38:00,50.1,50.3,228,220
2025-02-27 07:40:00,50.0,50.1,227,220
2025-02-27 07:42:00,49.9,50.1,227,222
2025-02-27 07:44:00,66.8,50.4,227,221
2025-02-27 07:46:00,99.4,50.3,227,219
2025-02-27 07:48:00,49.9,50.2,227,213
2025-02-27 07:50:00,50.1,50.1,228,209
2025-02-27 07:52:00,99.9,50.2,227,212
2025-02-27 07:54:00,50.1,50.1,228,212
2025-02-27 07:56:00,50.0,50.2,227,214
2025-02-27 07:58:00,99.4,50.1,228,214
2025-02-27 08:00:00,50.0,50.2,227,210
2025-02-27 08:02:00,50.1,50.1,227,215
2025-02-27 08:04:00,49.9,50.1,227,212
2025-02-27 08:06:00,100,50.0,227,211
2025-02-27 08:08:00,49.9,50.2,227,213
2025-02-27 08:10:00,99.4,50.0,227,214
2025-02-27 08:12:00,100,49.8,228,210
2025-02-27 08:14:00,99.4,49.9,227,212
2025-02-27 08:16:00,50.0,50.0,228,213
2025-02-27 08:18:00,49.8,50.2,228,215
2025-02-27 08:20:00,50.0,50.1,228,210
2025-02-27 08:22:00,100,49.9,227,207
2025-02-27 08:24:00,99.4,50.0,228,209
2025-02-27 08:26:00,50.1,50.2,228,215
2025-02-27 08:28:00,99.2,50.1,228,210
2025-02-27 08:30:00,50.0,49.8,226,213
2025-02-27 08:32:00,50.0,50.2,226,213
2025-02-27 08:34:00,100,49.9,226,213
2025-02-27 08:36:00,99.7,50.1,226,217
2025-02-27 08:38:00,99.5,50.1,226,214
2025-02-27 08:40:00,50.0,50.0,226,211
2025-02-27 08:42:00,66.8,50.1,226,213
2025-02-27 08:44:00,49.9,49.8,226,210
2025-02-27 08:46:00,50.0,50.0,226,213
2025-02-27 08:48:00,50.0,49.6,226,211
2025-02-27 08:50:00,50.0,50.2,226,214
2025-02-27 08:52:00,50.0,50.1,226,211
2025-02-27 08:54:00,50.0,50.0,226,209
2025-02-27 08:56:00,50.0,49.6,226,210
2025-02-27 08:58:00,66.7,49.8,226,211
2025-02-27 09:00:00,66.8,49.7,226,210
2025-02-27 09:02:00,100,49.6,226,210
2025-02-27 09:04:00,50.0,49.4,226,208
2025-02-27 09:06:00,49.9,49.8,226,209
2025-02-27 09:08:00,99.4,49.5,226,212
2025-02-27 09:10:00,99.4,5848,226,0.523
2025-02-27 09:12:00,50.0,56.3,226,235
2025-02-27 09:14:00,99.7,50.2,226,216
2025-02-27 09:16:00,50.0,50.2,226,211
2025-02-27 09:18:00,99.9,50.3,226,211
2025-02-27 09:20:00,99.7,50.2,226,208
2025-02-27 09:22:00,66.7,50.2,226,207
2025-02-27 09:24:00,100,50.2,226,209
2025-02-27 09:26:00,99.7,50.4,226,206
2025-02-27 09:28:00,49.9,50.1,226,203
2025-02-27 09:30:00,50.1,50.3,226,205
2025-02-27 09:32:00,50.0,50.3,226,206
2025-02-27 09:34:00,49.9,50.1,226,209
2025-02-27 09:36:00,66.4,50.2,226,208
2025-02-27 09:38:00,50.0,50.3,226,211
2025-02-27 09:40:00,50.1,50.3,226,208
2025-02-27 09:42:00,50.0,49.9,227,201
2025-02-27 09:44:00,50.0,50.6,226,204
2025-02-27 09:46:00,99.4,50.2,226,205
2025-02-27 09:48:00,49.9,50.3,226,205
2025-02-27 09:50:00,101,50.3,226,207
2025-02-27 09:52:00,49.9,49.9,226,205
2025-02-27 09:54:00,66.8,50.3,226,206
2025-02-27 09:56:00,100,50.3,226,203
2025-02-27 09:58:00,50.0,50.1,226,202
2025-02-27 10:00:00,49.9,50.1,227,198
2025-02-27 10:02:00,66.8,50.2,226,202
2025-02-27 10:04:00,49.9,50.4,226,206
2025-02-27 10:06:00,50.0,49.9,226,198
2025-02-27 10:08:00,50,49.7,226,194
2025-02-27 10:10:00,49.9,49.9,227,194
2025-02-27 10:12:00,50.0,49.8,226,192
2025-02-27 10:14:00,50.0,49.9,226,194
2025-02-27 10:16:00,49.9,50.0,226,191
2025-02-27 10:18:00,49.9,49.7,226,194
2025-02-27 10:20:00,50.0,49.7,226,198
2025-02-27 10:22:00,50.0,49.9,226,196
2025-02-27 10:24:00,66.9,49.9,226,196
2025-02-27 10:26:00,50.0,49.7,226,196
2025-02-27 10:28:00,50.1,50.1,226,197
2025-02-27 10:30:00,49.9,49.8,226,197
2025-02-27 10:32:00,99.3,50.3,226,201
2025-02-27 10:34:00,49.9,49.9,227,200
2025-02-27 10:36:00,49.9,50.1,226,201
2025-02-27 10:38:00,99.4,49.9,227,199
2025-02-27 10:40:00,49.9,50.1,227,204
2025-02-27 10:42:00,50.1,50.3,226,208
2025-02-27 10:44:00,50.1,50.2,227,207
2025-02-27 10:46:00,49.9,50.2,226,209
2025-02-27 10:48:00,99.4,50.0,227,198
2025-02-27 10:50:00,66.8,50.2,226,203
2025-02-27 10:52:00,49.9,49.1,227,194
2025-02-27 10:54:00,99.4,49.6,226,201
2025-02-27 10:56:00,49.9,50.0,226,196
2025-02-27 10:58:00,50.0,50.0,226,203
2025-02-27 11:00:00,50.0,49.9,226,199
2025-02-27 11:02:00,50.0,49.9,226,205
2025-02-27 11:04:00,50.0,49.8,226,202
2025-02-27 11:06:00,50.0,50.0,226,202
2025-02-27 11:08:00,50.0,49.4,226,191
2025-02-27 11:10:00,49.9,49.6,226,198
2025-02-27 11:12:00,100,49.8,226,200
2025-02-27 11:14:00,49.8,50.0,226,198
2025-02-27 11:16:00,49.8,49.5,226,204
2025-02-27 11:18:00,67.0,49.8,226,205
2025-02-27 11:20:00,99.6,49.6,226,203
2025-02-27 11:22:00,49.9,49.5,226,200
2025-02-27 11:24:00,49.9,50.0,226,203
2025-02-27 11:26:00,50.1,49.4,226,201
2025-02-27 11:28:00,66.6,49.7,226,204
2025-02-27 11:30:00,50.1,49.6,226,199
2025-02-27 11:32:00,50.0,50.0,227,199
2025-02-27 11:34:00,50.0,49.8,226,201
2025-02-27 11:36:00,99.4,49.6,226,196
2025-02-27 11:38:00,50.0,49.8,226,203
2025-02-27 11:40:00,99.4,49.6,226,198
2025-02-27 11:42:00,49.9,49.5,226,197
2025-02-27 11:44:00,100,49.5,227,197
2025-02-27 11:46:00,50.1,49.8,226,202
2025-02-27 11:48:00,66.9,49.5,226,203
2025-02-27 11:50:00,100,49.6,226,201
2025-02-27 11:52:00,49.9,49.6,226,200
2025-02-27 11:54:00,50.1,49.9,226,199
2025-02-27 11:56:00,100,49.5,226,199
2025-02-27 11:58:00,49.9,49.8,227,200
2025-02-27 12:00:00,49.9,49.8,226,198
2025-02-27 12:02:00,50.1,49.8,227,201
2025-02-27 12:04:00,50.1,49.5,226,200
2025-02-27 12:06:00,50.0,50.2,227,203
2025-02-27 12:08:00,50.0,49.6,226,199
2025-02-27 12:10:00,50.0,50.0,227,200
2025-02-27 12:12:00,49.8,49.6,226,193
2025-02-27 12:14:00,49.9,49.7,226,197
2025-02-27 12:16:00,49.9,49.6,226,202
2025-02-27 12:18:00,100,49.7,227,202
2025-02-27 12:20:00,100,50.5,227,216
2025-02-27 12:22:00,50.0,49.3,227,204
2025-02-27 12:24:00,49.8,49.4,226,203
2025-02-27 12:26:00,50.0,49.3,226,202
2025-02-27 12:28:00,49.9,49.5,227,199
2025-02-27 12:30:00,50.0,49.4,226,202
2025-02-27 12:32:00,50,49.2,231,197
2025-02-27 12:34:00,99.3,49.7,231,195
2025-02-27 12:36:00,49.8,49.2,231,193
2025-02-27 12:38:00,66.7,49.3,229,190
2025-02-27 12:40:00,50.1,49.7,229,196
2025-02-27 12:42:00,50.1,49.3,230,194
2025-02-27 12:44:00,50.0,49.2,230,196
2025-02-27 12:46:00,50.0,49.2,230,193
2025-02-27 12:48:00,49.9,49.4,230,195
2025-02-27 12:50:00,49.9,49.3,230,189
2025-02-27 12:52:00,66.9,49.4,230,198
2025-02-27 12:54:00,66.6,49.6,230,192
2025-02-27 12:56:00,49.8,49.2,230,195
2025-02-27 12:58:00,66.8,49.0,230,190
2025-02-27 13:00:00,50.1,48.9,230,191
2025-02-27 13:02:00,50.0,49.1,230,189
2025-02-27 13:04:00,49.8,49.1,229,185
2025-02-27 13:06:00,49.8,49.4,230,192
2025-02-27 13:08:00,100,49.2,230,191
2025-02-27 13:10:00,100,49.1,229,184
2025-02-27 13:12:00,66.8,49.2,230,197
2025-02-27 13:14:00,99.4,49.1,230,192
2025-02-27 13:16:00,49.9,49.5,230,196
2025-02-27 13:18:00,66.4,49.4,230,195
2025-02-27 13:20:00,66.8,49.1,230,200
2025-02-27 13:22:00,66.8,49.4,230,198
2025-02-27 13:24:00,50.0,49.2,230,199
2025-02-27 13:26:00,66.5,49.5,230,198
2025-02-27 13:28:00,50.0,49.6,230,196
2025-02-27 13:30:00,49.9,49.1,229,194
2025-02-27 13:32:00,66.6,49.3,230,198
2025-02-27 13:34:00,66.9,49.4,230,195
2025-02-27 13:36:00,66.6,49.3,229,194
2025-02-27 13:38:00,49.9,49.2,230,195
2025-02-27 13:40:00,50.2,49.5,230,199
2025-02-27 13:42:00,50.0,51.5,230,206
2025-02-27 13:44:00,49.9,49.6,229,197
2025-02-27 13:46:00,49.9,49.2,230,195
2025-02-27 13:48:00,100,49.3,230,197
2025-02-27 13:50:00,49.9,49.5,229,199
2025-02-27 13:52:00,100,49.5,230,193
2025-02-27 13:54:00,100,49.7,230,200
2025-02-27 13:56:00,50.0,49.9,229,199
2025-02-27 13:58:00,100,49.4,229,198
2025-02-27 14:00:00,50.1,49.5,229,198
2025-02-27 14:02:00,100,49.2,230,196
2025-02-27 14:04:00,100,49.2,229,194
2025-02-27 14:06:00,99.9,49.4,230,192
2025-02-27 14:08:00,50.1,49.5,230,196
2025-02-27 14:10:00,49.9,49.4,229,190
2025-02-27 14:12:00,100,49.5,229,195
2025-02-27 14:14:00,66.7,49.3,230,192
2025-02-27 14:16:00,50.0,49.4,230,188
2025-02-27 14:18:00,66.7,49.5,230,191
2025-02-27 14:20:00,66.7,49.5,230,191
2025-02-27 14:22:00,49.9,49.1,230,192
2025-02-27 14:24:00,49.9,49.7,230,199
2025-02-27 14:26:00,50.1,49.6,226,196
2025-02-27 14:28:00,50.0,49.6,226,192
2025-02-27 14:30:00,49.9,49.3,225,197
2025-02-27 14:32:00,49.9,49.1,226,194
2025-02-27 14:34:00,50.0,49.6,227,194
2025-02-27 14:36:00,50.0,49.4,226,189
2025-02-27 14:38:00,50.0,49.5,226,195
2025-02-27 14:40:00,100,49.5,226,194
2025-02-27 14:42:00,49.9,49.3,231,195
2025-02-27 14:44:00,100,49.2,229,193
2025-02-27 14:46:00,49.9,49.5,230,195
2025-02-27 14:48:00,66.7,49.5,230,196
2025-02-27 14:50:00,66.7,49.4,230,187
2025-02-27 14:52:00,50.0,49.1,231,190
2025-02-27 14:54:00,50.1,49.3,230,189
2025-02-27 14:56:00,100,49.2,230,193
2025-02-27 14:58:00,100,49.1,230,188
2025-02-27 15:00:00,66.9,49.1,229,188
2025-02-27 15:02:00,50,49.1,230,190
2025-02-27 15:04:00,49.9,48.9,230,188
2025-02-27 15:06:00,50.0,49.4,230,190
2025-02-27 15:08:00,50.0,49.4,230,189
2025-02-27 15:10:00,49.9,49.6,230,197
2025-02-27 15:12:00,49.9,49.3,230,194
2025-02-27 15:14:00,66.5,49.1,230,190
2025-02-27 15:16:00,50.0,49.1,230,187
2025-02-27 15:18:00,49.9,49.2,230,187
2025-02-27 15:20:00,199,50.5,230,207
2025-02-27 15:22:00,49.9,49.6,230,193
2025-02-27 15:24:00,50.0,49.9,229,188
2025-02-27 15:26:00,50.0,50.1,229,190
2025-02-27 15:28:00,50.0,50.0,229,193
2025-02-27 15:30:00,100.0,50.0,230,192
2025-02-27 15:32:00,49.9,49.7,227,189
2025-02-27 15:34:00,100,49.7,226,191
2025-02-27 15:36:00,50.0,49.9,226,191
2025-02-27 15:38:00,49.9,49.8,226,189
2025-02-27 15:40:00,50.0,49.9,226,192
2025-02-27 15:42:00,66.8,50.1,226,191
2025-02-27 15:44:00,50.0,50.1,226,194
2025-02-27 15:46:00,50.0,49.8,227,192
2025-02-27 15:48:00,49.9,49.8,226,192
2025-02-27 15:50:00,50.0,49.7,227,192
2025-02-27 15:52:00,99.7,50.0,226,195
2025-02-27 15:54:00,66.9,49.8,226,191
2025-02-27 15:56:00,66.8,49.7,226,187
2025-02-27 15:58:00,66.8,50.1,226,194
2025-02-27 16:00:00,50.0,49.7,227,194
2025-02-27 16:02:00,50.0,50.2,227,188
2025-02-27 16:04:00,50.0,50.2,227,191
2025-02-27 16:06:00,49.9,49.9,228,188
2025-02-27 16:08:00,49.9,49.8,227,190
2025-02-27 16:10:00,99.4,50.0,227,194
2025-02-27 16:12:00,49.9,49.7,226,185
2025-02-27 16:14:00,50.1,49.8,227,184
2025-02-27 16:16:00,50.1,49.7,227,194
2025-02-27 16:18:00,99.7,49.7,227,192
2025-02-27 16:20:00,49.9,49.6,227,190
2025-02-27 16:22:00,50.1,49.9,226,195
2025-02-27 16:24:00,50.1,50.1,227,187
2025-02-27 16:26:00,50.1,49.6,226,191
2025-02-27 16:28:00,66.6,50.3,226,190
2025-02-27 16:30:00,49.9,49.6,226,197
2025-02-27 16:32:00,49.9,49.8,227,196
2025-02-27 16:34:00,49.9,50.1,226,192
2025-02-27 16:36:00,49.9,49.8,226,194
2025-02-27 16:38:00,50.0,49.6,226,190
2025-02-27 16:40:00,50.0,49.7,226,186
2025-02-27 16:42:00,50.0,50.0,227,197
2025-02-27 16:44:00,100.0,49.8,226,189
2025-02-27 16:46:00,49.9,50.0,226,190
2025-02-27 16:48:00,50.0,49.7,226,191
2025-02-27 16:50:00,49.9,49.7,226,195
2025-02-27 16:52:00,66.9,49.8,226,187
2025-02-27 16:54:00,66.8,49.8,226,192
2025-02-27 16:56:00,50.1,50.0,226,193
2025-02-27 16:58:00,100,49.6,226,195
2025-02-27 17:00:00,100,49.9,226,193
2025-02-27 17:02:00,49.9,49.7,226,187
2025-02-27 17:04:00,49.9,50.0,227,189
2025-02-27 17:06:00,49.9,49.7,226,189
2025-02-27 17:08:00,50.1,49.8,226,190
2025-02-27 17:10:00,66.5,49.9,226,189
2025-02-27 17:12:00,66.5,49.8,226,190
2025-02-27 17:14:00,49.9,50.0,226,193
2025-02-27 17:16:00,66.9,49.8,226,191
2025-02-27 17:18:00,99.4,49.7,227,190
2025-02-27 17:20:00,50.0,49.8,226,198
2025-02-27 17:22:00,66.8,49.9,226,194
2025-02-27 17:24:00,66.6,50.2,226,191
2025-02-27 17:26:00,50.0,49.8,226,189
2025-02-27 17:28:00,50.0,49.7,226,189
2025-02-27 17:30:00,50.0,49.9,231,196
2025-02-27 17:32:00,49.8,49.7,229,191
2025-02-27 17:34:00,49.8,50.1,230,191
2025-02-27 17:36:00,50.0,49.8,230,190
2025-02-27 17:38:00,49.8,49.8,230,190
2025-02-27 17:40:00,99.4,49.5,229,191
2025-02-27 17:42:00,99.6,49.9,229,194
2025-02-27 17:44:00,100,49.9,229,195
2025-02-27 17:46:00,49.9,49.7,230,193
2025-02-27 17:48:00,50.0,49.6,230,195
2025-02-27 17:50:00,49.9,49.8,230,192
2025-02-27 17:52:00,49.8,50.2,230,195
2025-02-27 17:54:00,99.9,49.9,230,195
2025-02-27 17:56:00,49.9,49.8,230,194
2025-02-27 17:58:00,49.9,49.8,229,196
2025-02-27 18:00:00,50.0,49.7,230,195
2025-02-27 18:02:00,100,49.7,230,191
2025-02-27 18:04:00,100,49.9,230,191
2025-02-27 18:06:00,50.0,49.9,230,186
2025-02-27 18:08:00,66.5,49.8,230,188
2025-02-27 18:10:00,50.0,49.9,230,191
2025-02-27 18:12:00,50.0,49.7,230,189
2025-02-27 18:14:00,100,49.8,229,187
2025-02-27 18:16:00,99.7,49.5,230,189
2025-02-27 18:18:00,50.0,49.4,230,186
2025-02-27 18:20:00,50.1,49.3,230,190
2025-02-27 18:22:00,99.6,49.4,230,192
2025-02-27 18:24:00,99.6,49.7,230,188
2025-02-27 18:26:00,50.0,49.7,230,191
2025-02-27 18:28:00,50.0,49.5,230,189
2025-02-27 18:30:00,50.0,49.4,230,193
2025-02-27 18:32:00,49.9,49.5,230,193
2025-02-27 18:34:00,50.0,49.5,230,192
2025-02-27 18:36:00,50.0,49.4,230,193
2025-02-27 18:38:00,50.0,49.3,230,187
2025-02-27 18:40:00,50.0,49.2,230,193
2025-02-27 18:42:00,50.0,48.4,230,189
2025-02-27 18:44:00,50,49.2,228,184
2025-02-27 18:46:00,100,49.1,230,184
2025-02-27 18:48:00,50.0,49.2,229,183
2025-02-27 18:50:00,50.0,49.0,230,186
2025-02-27 18:52:00,66.6,9346,229,0.857
2025-02-27 18:54:00,50.0,56.4,230,237
2025-02-27 18:56:00,50.0,56.3,230,241
2025-02-27 18:58:00,50.0,56.2,230,238
2025-02-27 19:00:00,50.1,56.7,229,239
2025-02-27 19:02:00,50.0,56.7,230,242
2025-02-27 19:04:00,66.5,56.6,230,238
2025-02-27 19:06:00,100,56.6,230,241
2025-02-27 19:08:00,66.6,56.7,230,240
2025-02-27 19:10:00,66.6,56.5,230,239
2025-02-27 19:12:00,50.1,56.9,230,243
2025-02-27 19:14:00,66.7,56.6,230,243
2025-02-27 19:16:00,50.0,56.8,230,243
2025-02-27 19:18:00,50.0,56.8,230,240
2025-02-27 19:20:00,50,56.7,230,244
2025-02-27 19:22:00,66.6,56.5,230,244
2025-02-27 19:24:00,50.0,56.4,230,242
2025-02-27 19:26:00,50.0,56.4,230,242
2025-02-27 19:28:00,50.0,56.1,230,243
2025-02-27 19:30:00,50.0,55.8,230,244
2025-02-27 19:32:00,50.0,56.1,230,242
2025-02-27 19:34:00,49.9,55.8,230,241
2025-02-27 19:36:00,50.1,56.2,230,244
2025-02-27 19:38:00,49.9,56.2,230,247
2025-02-27 19:40:00,99.7,56.2,230,246
2025-02-27 19:42:00,50.0,56.5,230,243
2025-02-27 19:44:00,50.1,56.3,230,242
2025-02-27 19:46:00,50.0,56.6,230,243
2025-02-27 19:48:00,100,56.1,230,239
2025-02-27 19:50:00,49.9,56.4,230,244
2025-02-27 19:52:00,49.9,56.4,230,245
2025-02-27 19:54:00,49.9,56.5,230,244
2025-02-27 19:56:00,50.1,56.5,229,241
2025-02-27 19:58:00,50.0,56.5,229,242
2025-02-27 20:00:00,50.0,56.5,229,243
2025-02-27 20:02:00,50.1,56.3,230,241
2025-02-27 20:04:00,99.2,56.4,230,239
2025-02-27 20:06:00,66.9,56.5,230,242
2025-02-27 20:08:00,99.9,56.1,229,240
2025-02-27 20:10:00,49.9,56.3,230,239
2025-02-27 20:12:00,50.0,56.1,230,238
2025-02-27 20:14:00,99.9,55.6,230,242
2025-02-27 20:16:00,49.9,56.1,229,245
2025-02-27 20:18:00,49.9,56.1,230,243
2025-02-27 20:20:00,50.0,56.4,230,244
2025-02-27 20:22:00,50.0,56.2,229,240
2025-02-27 20:24:00,50.0,56.3,230,243
2025-02-27 20:26:00,66.8,56.2,229,240
2025-02-27 20:28:00,99.3,56.4,229,241
2025-02-27 20:30:00,66.8,5848,230,1.03
2025-02-27 20:32:00,50.0,7813,229,0.552
2025-02-27 20:34:00,50.0,5848,230,0.915
2025-02-27 20:36:00,50.0,2933,230,1.10
2025-02-27 20:38:00,50.1,5848,230,0.958
2025-02-27 20:40:00,50.0,7813,229,0.682
2025-02-27 20:42:00,50.1,56.1,230,238
2025-02-27 20:44:00,49.9,56.0,230,240
2025-02-27 20:46:00,66.8,56.0,230,244
2025-02-27 20:48:00,50.1,56.1,230,241
2025-02-27 20:50:00,50.0,56.2,230,242
2025-02-27 20:52:00,49.9,49.9,229,203
2025-02-27 20:54:00,66.8,49.9,229,203
2025-02-27 20:56:00,50.1,49.9,230,202
2025-02-27 20:58:00,66.7,49.8,230,201
2025-02-27 21:00:00,50.1,50.1,230,204
2025-02-27 21:02:00,50.0,49.7,229,202
2025-02-27 21:04:00,49.9,49.8,230,202
2025-02-27 21:06:00,49.9,50.1,230,204
2025-02-27 21:08:00,50.0,50.0,230,206
2025-02-27 21:10:00,50.1,50.0,230,205
2025-02-27 21:12:00,50.0,49.9,230,206
2025-02-27 21:14:00,50.0,50.0,230,205
2025-02-27 21:16:00,66.7,50.0,230,204
2025-02-27 21:18:00,50.0,50.0,230,204
2025-02-27 21:20:00,49.9,50.2,229,204
2025-02-27 21:22:00,50.0,50.1,230,207
2025-02-27 21:24:00,99.4,50,230,208
2025-02-27 21:26:00,50.1,50.2,229,208
2025-02-27 21:28:00,50.1,50.0,229,206
2025-02-27 21:30:00,50.0,50.0,230,207
2025-02-27 21:32:00,50.0,50,230,208
2025-02-27 21:34:00,50.0,50.1,229,207
2025-02-27 21:36:00,99.4,50.2,230,207
2025-02-27 21:38:00,49.9,50,229,207
2025-02-27 21:40:00,49.9,50.1,230,209
2025-02-27 21:42:00,50.0,50.1,230,208
2025-02-27 21:44:00,50.0,50.2,230,211
2025-02-27 21:46:00,49.9,50.2,229,211
2025-02-27 21:48:00,66.8,50.1,229,209
2025-02-27 21:50:00,66.7,50.2,230,210
2025-02-27 21:52:00,100.0,50.4,230,211
2025-02-27 21:54:00,49.9,50.3,229,211
2025-02-27 21:56:00,50.0,50.2,230,208
2025-02-27 21:58:00,99.7,50.1,229,210
2025-02-27 22:00:00,50.0,50.2,230,210
2025-02-27 22:02:00,99.7,50.3,230,211
2025-02-27 22:04:00,50.0,49.7,229,210
2025-02-27 22:06:00,50.0,50.2,230,214
2025-02-27 22:08:00,99.3,50.2,230,213
2025-02-27 22:10:00,50,50.4,229,215
2025-02-27 22:12:00,49.8,50.4,230,216
2025-02-27 22:14:00,66.7,50.2,229,216
2025-02-27 22:16:00,50.1,50.4,230,215
2025-02-27 22:18:00,99.9,50.4,230,214
2025-02-27 22:20:00,49.8,50.3,230,217
2025-02-27 22:22:00,49.9,50.4,229,219
2025-02-27 22:24:00,100,50.3,230,217
2025-02-27 22:26:00,49.9,50.3,230,218
2025-02-27 22:28:00,50.1,50.2,228,217
2025-02-27 22:30:00,66.9,50.3,230,219
2025-02-27 22:32:00,66.5,50.4,229,217
2025-02-27 22:34:00,66.4,50.4,230,217
2025-02-27 22:36:00,50.0,50.4,230,214
2025-02-27 22:38:00,49.9,50.3,230,220
2025-02-27 22:40:00,66.8,50.4,229,218
2025-02-27 22:42:00,66.8,50.4,230,217
2025-02-27 22:44:00,100,50.4,230,218
2025-02-27 22:46:00,50.0,7813,230,0.915
2025-02-27 22:48:00,49.9,4255,230,0.857
2025-02-27 22:50:00,99.4,9346,230,1.10
2025-02-27 22:52:00,100,5882,230,0.581
2025-02-27 22:54:00,66.8,50.5,229,218
2025-02-27 22:56:00,50.0,50.3,230,220
2025-02-27 22:58:00,99.9,50.5,230,220
2025-02-27 23:00:00,100,50.0,230,219
2025-02-27 23:02:00,49.9,49.8,229,219
2025-02-27 23:04:00,49.9,49.9,228,221
2025-02-27 23:06:00,66.7,49.9,230,219
2025-02-27 23:08:00,66.5,49.9,229,222
2025-02-27 23:10:00,99.6,49.8,230,218
2025-02-27 23:12:00,99.4,50.1,230,220
2025-02-27 23:14:00,49.9,49.8,230,221
2025-02-27 23:16:00,50.1,50.0,230,220
2025-02-27 23:18:00,66.8,50.0,230,220
2025-02-27 23:20:00,49.9,49.9,230,220
2025-02-27 23:22:00,50.0,50.0,229,220
2025-02-27 23:24:00,50.0,50.0,229,220
2025-02-27 23:26:00,50.1,49.8,229,220
2025-02-27 23:28:00,49.9,50.0,229,222
2025-02-27 23:30:00,49.9,50.0,229,222
2025-02-27 23:32:00,49.9,49.8,229,221
2025-02-27 23:34:00,66.5,49.8,230,220
2025-02-27 23:36:00,50.1,49.9,230,220
2025-02-27 23:38:00,100,50.1,229,222
2025-02-27 23:40:00,99.4,50.2,230,224
2025-02-27 23:42:00,50.1,50.1,230,222
2025-02-27 23:44:00,50.1,49.9,230,220
2025-02-27 23:46:00,49.9,50.1,229,221
2025-02-27 23:48:00,50.1,50.1,229,223
2025-02-27 23:50:00,49.9,50.0,230,222
2025-02-27 23:52:00,66.5,50.2,229,222
2025-02-27 23:54:00,49.9,50.0,230,221
2025-02-27 23:56:00,100,50.2,230,224
2025-02-27 23:58:00,100.0,50.0,229,222
2025-02-28 00:00:00,66.8,50.0,229,223
2025-02-28 00:02:00,99.1,50.1,230,224
2025-02-28 00:04:00,50.0,50,230,223
2025-02-28 00:06:00,100,49.9,230,221
2025-02-28 00:08:00,100,49.9,229,222
2025-02-28 00:10:00,50.0,50.1,230,222
2025-02-28 00:12:00,100,50.1,230,223
2025-02-28 00:14:00,66.8,49.9,230,223
2025-02-28 00:16:00,100,50.1,229,222
2025-02-28 00:18:00,66.5,50.2,230,221
2025-02-28 00:20:00,50.0,50.0,230,221
2025-02-28 00:22:00,50.0,50.1,230,222
2025-02-28 00:24:00,50.0,49.9,230,221
2025-02-28 00:26:00,66.7,50.3,230,223
2025-02-28 00:28:00,66.7,50.1,229,222
2025-02-28 00:30:00,49.9,50.1,229,221
2025-02-28 00:32:00,50.0,50.1,230,220
2025-02-28 00:34:00,49.9,50.0,230,222
2025-02-28 00:36:00,100,50.2,230,222
2025-02-28 00:38:00,100.0,50.2,229,222
2025-02-28 00:40:00,50.0,50.0,230,223
2025-02-28 00:42:00,66.4,50.2,229,223
2025-02-28 00:44:00,49.9,50.2,230,223
2025-02-28 00:46:00,50.0,50.1,230,223
2025-02-28 00:48:00,50.1,50.1,230,222
2025-02-28 00:50:00,100,50.0,230,223
2025-02-28 00:52:00,66.5,50.0,229,225
2025-02-28 00:54:00,66.8,49.9,229,224
2025-02-28 00:56:00,100,50.1,230,224
2025-02-28 00:58:00,100,50.3,230,225
2025-02-28 01:00:00,66.5,49.9,230,224
2025-02-28 01:02:00,66.5,50.3,230,225
2025-02-28 01:04:00,66.5,50.2,230,225
2025-02-28 01:06:00,100,50.1,230,224
2025-02-28 01:08:00,99.6,50.0,229,225
2025-02-28 01:10:00,49.8,50.2,230,225
2025-02-28 01:12:00,49.8,49.9,229,226
2025-02-28 01:14:00,49.9,50.0,230,225
2025-02-28 01:16:00,50.0,50.2,230,225
2025-02-28 01:18:00,66.8,50.1,230,225
2025-02-28 01:20:00,49.9,50.1,230,226
2025-02-28 01:22:00,100,49.9,230,224
2025-02-28 01:24:00,50.1,50.1,229,225
2025-02-28 01:26:00,49.8,50.1,230,225
2025-02-28 01:28:00,101,50.1,230,224
2025-02-28 01:30:00,66.5,50.2,229,226
2025-02-28 01:32:00,50.0,50.3,230,226
2025-02-28 01:34:00,49.9,50.1,230,223
2025-02-28 01:36:00,99.4,50.2,229,224
2025-02-28 01:38:00,100,50.3,230,225
2025-02-28 01:40:00,49.9,50.0,229,224
2025-02-28 01:42:00,66.4,50.0,229,224
2025-02-28 01:44:00,49.9,50.1,230,224
2025-02-28 01:46:00,50.0,50.2,229,225
2025-02-28 01:48:00,49.9,50.1,230,226
2025-02-28 01:50:00,49.9,50.3,230,224
2025-02-28 01:52:00,66.7,50.1,230,225
2025-02-28 01:54:00,66.6,50.2,229,226
2025-02-28 01:56:00,99.6,50.2,229,225
2025-02-28 01:58:00,66.9,50.2,230,225
2025-02-28 02:00:00,50.1,50.3,231,226
2025-02-28 02:02:00,49.8,50.0,230,226
2025-02-28 02:04:00,100,50.2,231,227
2025-02-28 02:06:00,49.9,50.3,231,226
2025-02-28 02:08:00,66.4,50.3,231,228
2025-02-28 02:10:00,66.7,50.0,230,227
2025-02-28 02:12:00,50.0,50.1,230,225
2025-02-28 02:14:00,50.0,50.3,229,225
2025-02-28 02:16:00,49.9,50.0,230,225
2025-02-28 02:18:00,66.8,50.3,229,225
2025-02-28 02:20:00,100,50.1,230,224
2025-02-28 02:22:00,66.5,50.1,230,227
2025-02-28 02:24:00,49.9,50.2,230,225
2025-02-28 02:26:00,99.6,50.2,230,226
2025-02-28 02:28:00,50.0,50.1,230,226
2025-02-28 02:30:00,49.9,50.2,230,228
2025-02-28 02:32:00,100,50.2,230,226
2025-02-28 02:34:00,49.9,50.3,230,226
2025-02-28 02:36:00,49.9,50.2,230,226
2025-02-28 02:38:00,50.1,50.1,230,225
2025-02-28 02:40:00,99.4,50.2,230,225
2025-02-28 02:42:00,49.9,50.2,229,225
2025-02-28 02:44:00,49.9,50.2,229,228
2025-02-28 02:46:00,50.0,50.1,230,227
2025-02-28 02:48:00,100,50.2,230,227
2025-02-28 02:50:00,50.1,50.2,229,227
2025-02-28 02:52:00,50.0,50.2,230,226
2025-02-28 02:54:00,50.2,50.1,229,225
2025-02-28 02:56:00,99.2,50.2,230,226
2025-02-28 02:58:00,49.9,50.2,230,227
2025-02-28 03:00:00,50.0,50.2,230,225
2025-02-28 03:02:00,49.9,50.3,230,226
2025-02-28 03:04:00,66.4,50.1,230,224
2025-02-28 03:06:00,50.1,50.1,230,225
2025-02-28 03:08:00,50.0,50.2,229,225
2025-02-28 03:10:00,66.7,50.2,230,226
2025-02-28 03:12:00,49.9,50.1,229,226
2025-02-28 03:14:00,50.0,50.1,230,224
2025-02-28 03:16:00,49.9,50.3,230,225
2025-02-28 03:18:00,50.0,50.1,226,224
2025-02-28 03:20:00,100.0,50.3,226,226
2025-02-28 03:22:00,66.4,50.1,226,224
2025-02-28 03:24:00,100,50.1,226,225
2025-02-28 03:26:00,66.5,50.3,226,224
2025-02-28 03:28:00,66.5,50.3,226,225
2025-02-28 03:30:00,49.9,50.2,226,225
2025-02-28 03:32:00,99.4,50.2,226,226
2025-02-28 03:34:00,99.4,50.3,226,224
2025-02-28 03:36:00,49.9,50.1,226,227
2025-02-28 03:38:00,50.0,50.3,226,225
2025-02-28 03:40:00,66.8,50.1,226,224
2025-02-28 03:42:00,50.0,50.3,226,225
2025-02-28 03:44:00,100,50.2,226,226
2025-02-28 03:46:00,66.7,50.3,225,225
2025-02-28 03:48:00,50.1,50.2,226,224
2025-02-28 03:50:00,49.9,50.2,226,224
2025-02-28 03:52:00,49.9,50.1,226,225
2025-02-28 03:54:00,50.1,50.1,226,223
2025-02-28 03:56:00,100,50.2,226,223
2025-02-28 03:58:00,99.7,50.2,226,224
2025-02-28 04:00:00,49.8,50.2,226,225
2025-02-28 04:02:00,49.8,50.1,226,225
2025-02-28 04:04:00,49.8,50.2,226,222
2025-02-28 04:06:00,49.9,50.2,226,223
2025-02-28 04:08:00,66.6,50.3,226,224
2025-02-28 04:10:00,50.0,50.2,226,222
2025-02-28 04:12:00,99.6,50.2,226,223
2025-02-28 04:14:00,49.9,50.2,226,223
2025-02-28 04:16:00,50.1,50.2,226,225
2025-02-28 04:18:00,49.9,50.2,226,226
2025-02-28 04:20:00,50.1,50.1,226,225
2025-02-28 04:22:00,50.0,50.1,226,223
2025-02-28 04:24:00,100,50.2,226,224
2025-02-28 04:26:00,50.0,50.1,226,224
2025-02-28 04:28:00,50.0,50.1,225,223
2025-02-28 04:30:00,49.9,50.1,226,224
2025-02-28 04:32:00,49.9,50.1,226,223
2025-02-28 04:34:00,50.1,50.1,226,226
2025-02-28 04:36:00,50.0,50.3,226,223
2025-02-28 04:38:00,100,50.2,226,225
2025-02-28 04:40:00,49.8,50.2,226,225
2025-02-28 04:42:00,50.1,50.2,226,226
2025-02-28 04:44:00,50.0,50.1,226,225
2025-02-28 04:46:00,49.9,50.1,226,224
2025-02-28 04:48:00,50.1,50.2,226,223
2025-02-28 04:50:00,66.8,50.1,226,223
2025-02-28 04:52:00,100,50.1,227,223
2025-02-28 04:54:00,99.9,50.1,226,222
2025-02-28 04:56:00,100,50.1,226,223
2025-02-28 04:58:00,100,50.1,226,224
2025-02-28 05:00:00,50.1,50.1,226,224
2025-02-28 05:02:00,49.9,50.2,226,224
2025-02-28 05:04:00,50.1,50.2,226,224
2025-02-28 05:06:00,66.8,50.1,227,224
2025-02-28 05:08:00,50.0,50.2,226,226
2025-02-28 05:10:00,50.1,50.1,226,226
2025-02-28 05:12:00,99.9,50,226,224
2025-02-28 05:14:00,50.1,50.0,226,225
2025-02-28 05:16:00,50.1,50.1,226,224
2025-02-28 05:18:00,49.9,50.0,225,223
2025-02-28 05:20:00,66.7,50.2,226,224
2025-02-28 05:22:00,49.9,50.0,226,220
2025-02-28 05:24:00,50.0,50.0,226,218
2025-02-28 05:26:00,49.9,50.1,226,219
2025-02-28 05:28:00,100,50.1,226,219
2025-02-28 05:30:00,100,49.9,226,220
2025-02-28 05:32:00,49.8,50.1,226,222
2025-02-28 05:34:00,66.7,50.1,226,222
2025-02-28 05:36:00,49.9,50,226,227
2025-02-28 05:38:00,66.8,50.0,226,225
2025-02-28 05:40:00,66.6,50.0,226,226
2025-02-28 05:42:00,50.0,49.9,226,223
2025-02-28 05:44:00,49.9,49.9,227,224
2025-02-28 05:46:00,50.1,50,226,223
2025-02-28 05:48:00,49.9,49.8,226,222
2025-02-28 05:50:00,49.9,49.9,226,224
2025-02-28 05:52:00,100,49.9,226,221
2025-02-28 05:54:00,99.4,49.9,226,224
2025-02-28 05:56:00,66.7,49.9,226,221
2025-02-28 05:58:00,49.9,50,227,220
2025-02-28 06:00:00,50.0,50.1,226,223
2025-02-28 06:02:00,50.1,50.0,227,219
2025-02-28 06:04:00,100,49.9,227,225
2025-02-28 06:06:00,50.1,9346,226,0.450
2025-02-28 06:08:00,50.0,7813,226,0.799
2025-02-28 06:10:00,99.4,7813,232,1.06
2025-02-28 06:12:00,50.0,7813,226,0.697
2025-02-28 06:14:00,49.9,4237,227,0.653
2025-02-28 06:16:00,49.9,5814,227,0.624
2025-02-28 06:18:00,66.5,4274,226,0.610
2025-02-28 06:20:00,49.9,4651,226,0.842
2025-02-28 06:22:00,50.0,4274,226,0.769
2025-02-28 06:24:00,50.0,5208,226,0.842
2025-02-28 06:26:00,100,2611,227,0.479
2025-02-28 06:28:00,49.9,5208,227,0.784
2025-02-28 06:30:00,50.0,4255,226,0.653
2025-02-28 06:32:00,66.7,11765,226,1.45
2025-02-28 06:34:00,50.1,6711,227,0.726
2025-02-28 06:36:00,50.0,4695,226,1.22
2025-02-28 06:38:00,99.4,5208,226,1.06
2025-02-28 06:40:00,50.1,2762,226,0.740
2025-02-28 06:42:00,99.8,7813,226,1.22
2025-02-28 06:44:00,50.1,2611,227,0.668
2025-02-28 06:46:00,50.0,6711,227,1.26
2025-02-28 06:48:00,49.9,11765,226,0.639
2025-02-28 06:50:00,50.0,7813,226,0.740
2025-02-28 06:52:00,100,3584,226,0.740
2025-02-28 06:54:00,100,5814,226,0.566
2025-02-28 06:56:00,99.9,4695,226,0.857
2025-02-28 06:58:00,49.9,11765,226,0.682
2025-02-28 07:00:00,49.9,3333,227,0.755
2025-02-28 07:02:00,50.1,3610,227,0.624
2025-02-28 07:04:00,50.0,4255,226,0.697
2025-02-28 07:06:00,50.1,7813,226,0.871
2025-02-28 07:08:00,49.9,3906,226,0.450
2025-02-28 07:10:00,49.9,7692,226,0.929
2025-02-28 07:12:00,66.5,6711,226,0.944
2025-02-28 07:14:00,49.9,7813,226,0.494
2025-02-28 07:16:00,50.0,4274,226,0.436
2025-02-28 07:18:00,49.9,5882,226,0.813
2025-02-28 07:20:00,49.9,7813,226,0.595
2025-02-28 07:22:00,49.9,3125,226,0.886
2025-02-28 07:24:00,50.1,9346,226,0.610
2025-02-28 07:26:00,50.0,5882,226,0.581
2025-02-28 07:28:00,50.0,2933,226,0.595
2025-02-28 07:30:00,50.0,5882,226,0.769
2025-02-28 07:32:00,50.0,9346,226,0.552
2025-02-28 07:34:00,50.0,5882,226,0.523
2025-02-28 07:36:00,50.0,5882,226,0.566
2025-02-28 07:38:00,50.0,5181,226,0.813
2025-02-28 07:40:00,49.9,5848,226,0.595
2025-02-28 07:42:00,99.4,3891,226,0.392
2025-02-28 07:44:00,100,2128,226,0.624
2025-02-28 07:46:00,50.1,5208,226,0.552
2025-02-28 07:48:00,49.9,5848,226,0.581
2025-02-28 07:50:00,50.0,7813,227,0.479
2025-02-28 07:52:00,49.9,5181,226,1.15
2025-02-28 07:54:00,50.1,5848,226,0.624
2025-02-28 07:56:00,49.9,5848,226,0.653
2025-02-28 07:58:00,66.7,6711,226,0.610
2025-02-28 08:00:00,99.4,6623,226,0.668
2025-02-28 08:02:00,50.0,4255,226,0.421
2025-02-28 08:04:00,99.4,7813,226,0.595
2025-02-28 08:06:00,50.0,6711,227,0.711
2025-02-28 08:08:00,50.0,6711,226,0.508
2025-02-28 08:10:00,99.6,50.0,226,216
2025-02-28 08:12:00,66.6,50.1,226,216
2025-02-28 08:14:00,66.4,50.0,226,219
2025-02-28 08:16:00,49.9,49.9,226,215
2025-02-28 08:18:00,49.9,50.0,226,216
2025-02-28 08:20:00,99.6,49.8,226,216
2025-02-28 08:22:00,49.8,49.6,226,214
2025-02-28 08:24:00,99.4,49.8,226,215
2025-02-28 08:26:00,49.9,50.1,226,211
2025-02-28 08:28:00,49.8,49.8,226,215
2025-02-28 08:30:00,66.5,49.6,227,214
2025-02-28 08:32:00,49.9,49.7,226,211
2025-02-28 08:34:00,50.0,49.9,226,212
2025-02-28 08:36:00,50.1,50.0,226,208
2025-02-28 08:38:00,99.6,49.7,227,207
2025-02-28 08:40:00,50.1,49.6,226,206
2025-02-28 08:42:00,50.1,49.6,226,210
2025-02-28 08:44:00,50.0,49.8,227,220
2025-02-28 08:46:00,50.1,49.6,226,213
2025-02-28 08:48:00,50.1,49.9,226,216
2025-02-28 08:50:00,49.9,49.9,226,212
2025-02-28 08:52:00,66.6,50.2,226,219
2025-02-28 08:54:00,100,49.8,226,217
2025-02-28 08:56:00,50.0,49.7,226,214
2025-02-28 08:58:00,49.9,49.9,226,210
2025-02-28 09:00:00,100,49.4,226,206
2025-02-28 09:02:00,50.0,49.8,226,212
2025-02-28 09:04:00,49.9,49.5,226,211
2025-02-28 09:06:00,49.9,49.9,226,210
2025-02-28 09:08:00,100,50.1,226,208
2025-02-28 09:10:00,49.9,49.7,227,213
2025-02-28 09:12:00,66.7,49.8,227,212
2025-02-28 09:14:00,50.1,49.8,227,214
2025-02-28 09:16:00,50.1,49.6,227,214
2025-02-28 09:18:00,50.1,49.6,227,211
2025-02-28 09:20:00,50.1,49.9,227,210
2025-02-28 09:22:00,50.0,49.7,227,210
2025-02-28 09:24:00,100,49.7,227,210
2025-02-28 09:26:00,49.9,49.6,227,210
2025-02-28 09:28:00,50.1,49.3,227,207
2025-02-28 09:30:00,50.1,49.7,227,214
2025-02-28 09:32:00,50.0,49.7,226,211
2025-02-28 09:34:00,49.9,49.6,226,207
2025-02-28 09:36:00,50.0,49.8,226,213
2025-02-28 09:38:00,50.0,49.9,226,212
2025-02-28 09:40:00,100,49.8,226,213
2025-02-28 09:42:00,99.7,49.4,227,213
2025-02-28 09:44:00,99.7,49.4,227,211
2025-02-28 09:46:00,49.8,49.6,227,206
2025-02-28 09:48:00,49.9,49.4,226,201
2025-02-28 09:50:00,66.4,49.4,231,202
2025-02-28 09:52:00,66.9,49.5,230,200
2025-02-28 09:54:00,50.1,49.2,231,200
2025-02-28 09:56:00,50.0,49.3,229,202
2025-02-28 09:58:00,49.9,49.3,230,196
2025-02-28 10:00:00,49.8,49.7,230,197
2025-02-28 10:02:00,49.9,49.4,230,203
2025-02-28 10:04:00,50.0,49.6,230,199
2025-02-28 10:06:00,50.0,50.0,230,201
2025-02-28 10:08:00,66.6,49.8,230,207
2025-02-28 10:10:00,66.8,49.6,230,203
2025-02-28 10:12:00,50.0,49.7,230,203
2025-02-28 10:14:00,50.0,50.1,230,206
2025-02-28 10:16:00,50.1,49.8,230,206
2025-02-28 10:18:00,99.3,49.5,230,204
2025-02-28 10:20:00,100,49.5,230,204
2025-02-28 10:22:00,66.8,50.0,230,208
2025-02-28 10:24:00,49.9,50.1,230,202
2025-02-28 10:26:00,66.8,49.8,230,207
2025-02-28 10:28:00,49.9,50.2,230,207
2025-02-28 10:30:00,50.0,49.9,230,206
2025-02-28 10:32:00,49.9,49.7,230,202
2025-02-28 10:34:00,49.8,49.5,230,203
2025-02-28 10:36:00,50.1,49.5,230,204
2025-02-28 10:38:00,99.1,49.8,230,205
2025-02-28 10:40:00,50.1,49.8,230,200
2025-02-28 10:42:00,99.4,49.5,230,203
2025-02-28 10:44:00,50.0,50.1,229,210
2025-02-28 10:46:00,50.1,49.8,229,207
2025-02-28 10:48:00,49.8,49.8,230,209
2025-02-28 10:50:00,49.9,49.6,230,207
2025-02-28 10:52:00,49.8,50.3,230,207
2025-02-28 10:54:00,66.8,49.7,230,203
2025-02-28 10:56:00,50.0,49.5,230,205
2025-02-28 10:58:00,66.8,49.8,230,201
2025-02-28 11:00:00,99.9,50.2,230,203
2025-02-28 11:02:00,50.0,50.3,230,201
2025-02-28 11:04:00,100,49.8,230,202
2025-02-28 11:06:00,66.8,49.7,230,203
2025-02-28 11:08:00,50.0,49.8,230,197
2025-02-28 11:10:00,50.1,49.5,230,201
2025-02-28 11:12:00,50.0,49.9,230,199
2025-02-28 11:14:00,49.9,50.1,230,201
2025-02-28 11:16:00,50.0,49.8,230,206
2025-02-28 11:18:00,50,50.1,230,207
2025-02-28 11:20:00,50.1,49.6,230,204
2025-02-28 11:22:00,66.9,49.8,230,204
2025-02-28 11:24:00,99.4,49.7,230,204
2025-02-28 11:26:00,100,49.7,230,201
2025-02-28 11:28:00,66.8,49.5,230,201
2025-02-28 11:30:00,99.6,49.9,230,191
2025-02-28 11:32:00,99.4,49.8,230,189
2025-02-28 11:34:00,50,49.8,229,192
2025-02-28 11:36:00,49.9,49.9,230,196
2025-02-28 11:38:00,99.4,49.8,230,197
2025-02-28 11:40:00,50.0,49.3,230,198
2025-02-28 11:42:00,50.1,49.6,230,198
2025-02-28 11:44:00,100,49.7,230,197
2025-02-28 11:46:00,66.7,49.7,230,198
2025-02-28 11:48:00,50,49.6,230,197
2025-02-28 11:50:00,49.9,50.1,230,197
2025-02-28 11:52:00,50.0,49.7,230,198
2025-02-28 11:54:00,50.1,49.5,230,197
2025-02-28 11:56:00,49.9,50.2,230,198
2025-02-28 11:58:00,50.0,49.8,230,198
2025-02-28 12:00:00,49.9,50.0,230,200
2025-02-28 12:02:00,50.0,50,229,198
2025-02-28 12:04:00,100,49.7,230,190
2025-02-28 12:06:00,50.0,49.6,230,192
2025-02-28 12:08:00,99.4,50.2,230,196
2025-02-28 12:10:00,50.0,49.8,229,197
2025-02-28 12:12:00,50.0,49.7,230,201
2025-02-28 12:14:00,50.0,49.6,231,195
2025-02-28 12:16:00,66.8,50.0,230,195
2025-02-28 12:18:00,50.0,49.9,228,194
2025-02-28 12:20:00,66.4,49.8,229,194
2025-02-28 12:22:00,66.4,49.9,229,190
2025-02-28 12:24:00,50.0,49.7,230,192
2025-02-28 12:26:00,49.9,50.0,229,192
2025-02-28 12:28:00,49.9,49.7,230,203
2025-02-28 12:30:00,49.9,49.8,230,199
2025-02-28 12:32:00,99.6,49.9,230,195
2025-02-28 12:34:00,50.1,49.9,230,196
2025-02-28 12:36:00,50.0,49.7,230,197
2025-02-28 12:38:00,100,49.8,230,196
2025-02-28 12:40:00,49.9,49.6,230,196
2025-02-28 12:42:00,49.9,50.1,230,200
2025-02-28 12:44:00,99.7,49.8,230,196
2025-02-28 12:46:00,50.2,49.8,230,194
2025-02-28 12:48:00,49.9,50,230,196
2025-02-28 12:50:00,49.9,50.0,230,198
2025-02-28 12:52:00,50.0,50.0,230,200
2025-02-28 12:54:00,49.9,49.9,229,192
2025-02-28 12:56:00,50.1,49.9,229,191
2025-02-28 12:58:00,66.9,50.1,230,191
2025-02-28 13:00:00,50.0,49.6,230,196
2025-02-28 13:02:00,50.0,49.7,229,195
2025-02-28 13:04:00,100,50.1,230,191
2025-02-28 13:06:00,66.4,50.1,230,197
2025-02-28 13:08:00,99.4,49.8,230,194
2025-02-28 13:10:00,49.8,50.0,230,192
2025-02-28 13:12:00,66.6,50.0,230,195
2025-02-28 13:14:00,50.0,49.8,230,195
2025-02-28 13:16:00,49.8,49.9,230,196
2025-02-28 13:18:00,49.9,49.5,230,194
2025-02-28 13:20:00,49.9,50.0,230,197
2025-02-28 13:22:00,99.3,49.7,229,197
2025-02-28 13:24:00,49.8,49.6,230,196
2025-02-28 13:26:00,49.9,49.7,230,194
2025-02-28 13:28:00,49.9,49.9,230,193
2025-02-28 13:30:00,100,50.1,230,194
2025-02-28 13:32:00,66.4,49.7,230,194
2025-02-28 13:34:00,100,49.7,230,192
2025-02-28 13:36:00,100,50.0,227,193
2025-02-28 13:38:00,50.0,49.7,230,191
2025-02-28 13:40:00,49.9,49.5,230,190
2025-02-28 13:42:00,50.0,49.9,230,192
2025-02-28 13:44:00,50.0,49.6,230,196
2025-02-28 13:46:00,49.9,50.0,230,198
2025-02-28 13:48:00,50.0,49.7,230,195
2025-02-28 13:50:00,49.9,49.8,229,200
2025-02-28 13:52:00,50.0,50.2,230,199
2025-02-28 13:54:00,100,49.8,229,196
2025-02-28 13:56:00,66.8,49.9,230,200
2025-02-28 13:58:00,66.7,49.6,230,196
2025-02-28 14:00:00,50.0,49.5,230,197
2025-02-28 14:02:00,99.4,49.6,230,205
2025-02-28 14:04:00,50.0,49.9,230,202
2025-02-28 14:06:00,50.0,50.0,229,203
2025-02-28 14:08:00,50.1,49.7,230,201
2025-02-28 14:10:00,49.9,49.7,230,198
2025-02-28 14:12:00,66.6,49.7,229,195
2025-02-28 14:14:00,50.1,49.7,229,197
2025-02-28 14:16:00,50,49.7,230,195
2025-02-28 14:18:00,49.9,49.7,229,197
2025-02-28 14:20:00,99.4,49.9,230,202
2025-02-28 14:22:00,99.5,49.8,229,199
2025-02-28 14:24:00,49.9,49.5,230,199
2025-02-28 14:26:00,100,49.6,230,197
2025-02-28 14:28:00,49.8,49.9,230,195
2025-02-28 14:30:00,50.0,49.8,230,196
2025-02-28 14:32:00,100,49.6,230,196
2025-02-28 14:34:00,49.8,50.0,229,193
2025-02-28 14:36:00,100,49.6,230,191
2025-02-28 14:38:00,49.9,49.4,230,188
2025-02-28 14:40:00,50.0,49.8,230,193
2025-02-28 14:42:00,49.9,49.6,230,196
2025-02-28 14:44:00,50.0,49.8,229,195
2025-02-28 14:46:00,50.0,49.9,229,196
2025-02-28 14:48:00,49.9,49.5,229,195
2025-02-28 14:50:00,49.9,49.5,230,191
2025-02-28 14:52:00,49.9,49.5,230,190
2025-02-28 14:54:00,50.1,49.3,230,192
2025-02-28 14:56:00,50,49.7,230,195
2025-02-28 14:58:00,50.0,50.0,230,192
2025-02-28 15:00:00,50.1,50.3,229,191
2025-02-28 15:02:00,66.7,50.0,230,190
2025-02-28 15:04:00,66.4,49.8,230,191
2025-02-28 15:06:00,50.0,49.9,230,194
2025-02-28 15:08:00,66.8,50.2,230,188
2025-02-28 15:10:00,66.6,49.4,229,191
2025-02-28 15:12:00,49.9,49.8,230,199
2025-02-28 15:14:00,50.0,49.9,229,196
2025-02-28 15:16:00,50.0,50.1,230,196
2025-02-28 15:18:00,99.4,50.0,230,189
2025-02-28 15:20:00,50.0,49.5,229,196
2025-02-28 15:22:00,66.9,49.5,230,197
2025-02-28 15:24:00,49.9,50.0,229,197
2025-02-28 15:26:00,50.1,49.8,229,196
2025-02-28 15:28:00,50.0,49.7,230,197
2025-02-28 15:30:00,50.0,49.7,230,195
2025-02-28 15:32:00,100.0,49.8,230,193
2025-02-28 15:34:00,50.0,49.9,229,190
2025-02-28 15:36:00,50,49.9,230,192
2025-02-28 15:38:00,50.0,49.6,230,192
2025-02-28 15:40:00,49.9,50.2,229,191
2025-02-28 15:42:00,50.0,50.2,230,184
2025-02-28 15:44:00,66.8,49.6,230,187
2025-02-28 15:46:00,49.9,50.0,230,186
2025-02-28 15:48:00,50.0,50.2,230,187
2025-02-28 15:50:00,100,50.0,229,193
2025-02-28 15:52:00,99.7,50.4,229,198
2025-02-28 15:54:00,50.1,49.9,229,194
2025-02-28 15:56:00,49.9,50.0,230,196
2025-02-28 15:58:00,50.0,50.3,230,197
2025-02-28 16:00:00,66.9,50.0,230,197
2025-02-28 16:02:00,50.0,50.1,230,195
2025-02-28 16:04:00,50.0,50.3,229,196
2025-02-28 16:06:00,50.1,50.1,230,199
2025-02-28 16:08:00,50.0,49.7,230,196
2025-02-28 16:10:00,49.9,49.7,230,197
2025-02-28 16:12:00,50.0,50.2,230,201
2025-02-28 16:14:00,99.9,50.1,230,197
2025-02-28 16:16:00,66.8,50.1,230,200
2025-02-28 16:18:00,49.9,50.1,230,201
2025-02-28 16:20:00,50.0,49.9,230,198
2025-02-28 16:22:00,99.7,50.2,230,196
2025-02-28 16:24:00,49.8,50.1,230,203
2025-02-28 16:26:00,66.5,49.8,230,199
2025-02-28 16:28:00,50.0,49.9,230,199
2025-02-28 16:30:00,49.9,50.4,230,200
2025-02-28 16:32:00,99.4,50.2,230,204
2025-02-28 16:34:00,100.0,49.8,229,199
2025-02-28 16:36:00,50.0,49.6,230,201
2025-02-28 16:38:00,50.0,50.1,230,202
2025-02-28 16:40:00,99.9,49.9,229,203
2025-02-28 16:42:00,99.4,49.9,230,199
2025-02-28 16:44:00,99.4,50.1,230,199
2025-02-28 16:46:00,49.9,50.1,229,198
2025-02-28 16:48:00,99.4,50.3,229,199
2025-02-28 16:50:00,99.4,50.4,230,194
2025-02-28 16:52:00,50.0,50.4,230,199
2025-02-28 16:54:00,66.7,50.3,229,198
2025-02-28 16:56:00,50.1,50.0,230,198
2025-02-28 16:58:00,50.0,50.2,229,199
2025-02-28 17:00:00,99.6,50.3,229,201
2025-02-28 17:02:00,100,50.1,229,199
2025-02-28 17:04:00,100,50.0,230,198
2025-02-28 17:06:00,49.9,50.3,230,198
2025-02-28 17:08:00,49.8,50.2,230,196
2025-02-28 17:10:00,99.3,50.1,229,190
2025-02-28 17:12:00,100,50.2,230,195
2025-02-28 17:14:00,99.7,49.9,230,192
2025-02-28 17:16:00,50.0,50.2,229,197
2025-02-28 17:18:00,49.8,50.2,230,195
2025-02-28 17:20:00,49.9,50.3,230,199
2025-02-28 17:22:00,99.4,50.1,229,200
2025-02-28 17:24:00,50.0,49.9,230,199
2025-02-28 17:26:00,66.6,50.1,230,201
2025-02-28 17:28:00,50.0,50.2,230,198
2025-02-28 17:30:00,49.9,50.2,229,200
2025-02-28 17:32:00,66.6,49.9,229,199
2025-02-28 17:34:00,198,50.0,233,199
2025-02-28 17:36:00,50.0,50.4,229,193
2025-02-28 17:38:00,50.1,49.9,230,193
2025-02-28 17:40:00,66.7,50.2,230,192
2025-02-28 17:42:00,50.1,50.1,229,194
2025-02-28 17:44:00,50.0,50.1,230,192
2025-02-28 17:46:00,50.0,50.1,230,195
2025-02-28 17:48:00,99.4,49.8,230,192
2025-02-28 17:50:00,50.0,50.1,230,195
2025-02-28 17:52:00,50.2,50.0,230,191
2025-02-28 17:54:00,50.1,50.0,229,193
2025-02-28 17:56:00,100,49.9,230,196
2025-02-28 17:58:00,99.6,50.1,229,198
2025-02-28 18:00:00,50.0,49.9,230,194
2025-02-28 18:02:00,49.9,50.0,230,195
2025-02-28 18:04:00,50.1,49.9,230,196
2025-02-28 18:06:00,49.9,49.9,230,195
2025-02-28 18:08:00,50.1,50.2,230,198
2025-02-28 18:10:00,50.1,50.1,230,197
2025-02-28 18:12:00,50.0,50.4,230,194
2025-02-28 18:14:00,50.0,49.9,229,195
2025-02-28 18:16:00,49.8,50,229,197
2025-02-28 18:18:00,100.0,49.9,230,194
2025-02-28 18:20:00,50.2,50.1,229,192
2025-02-28 18:22:00,66.6,49.8,229,190
2025-02-28 18:24:00,50.0,50.1,230,187
2025-02-28 18:26:00,100,50.0,230,192
2025-02-28 18:28:00,66.8,50.0,229,194
2025-02-28 18:30:00,50.0,49.8,230,195
2025-02-28 18:32:00,50.0,50.0,230,191
2025-02-28 18:34:00,100,49.7,227,194
2025-02-28 18:36:00,49.9,49.8,230,192
2025-02-28 18:38:00,99.9,49.8,230,192
2025-02-28 18:40:00,99.7,49.6,231,189
2025-02-28 18:42:00,66.7,49.9,230,192
2025-02-28 18:44:00,100,49.8,230,199
2025-02-28 18:46:00,99.7,49.7,230,199
2025-02-28 18:48:00,49.9,49.9,230,201
2025-02-28 18:50:00,50.0,49.5,230,197
2025-02-28 18:52:00,99.6,49.6,230,197
2025-02-28 18:54:00,49.9,49.8,230,198
2025-02-28 18:56:00,49.9,49.8,230,198
2025-02-28 18:58:00,50.0,49.8,230,197
2025-02-28 19:00:00,50.0,49.6,230,195
2025-02-28 19:02:00,50.1,49.8,230,196
2025-02-28 19:04:00,66.6,49.6,230,195
2025-02-28 19:06:00,66.5,49.7,230,192
2025-02-28 19:08:00,49.9,49.7,230,194
2025-02-28 19:10:00,49.9,49.7,230,195
2025-02-28 19:12:00,50.1,49.8,230,193
2025-02-28 19:14:00,66.6,49.4,230,197
2025-02-28 19:16:00,100,49.7,230,197
2025-02-28 19:18:00,49.9,50.0,230,199
2025-02-28 19:20:00,49.9,49.5,230,197
2025-02-28 19:22:00,66.8,49.8,230,199
2025-02-28 19:24:00,50.0,49.8,230,198
2025-02-28 19:26:00,100,49.5,230,198
2025-02-28 19:28:00,50.1,49.6,230,194
2025-02-28 19:30:00,99.3,49.8,230,194
2025-02-28 19:32:00,50.1,49.4,230,196
2025-02-28 19:34:00,50.1,49.7,229,196
2025-02-28 19:36:00,49.9,6289,230,0.842
2025-02-28 19:38:00,50.1,7813,229,1.10
2025-02-28 19:40:00,99.4,3584,230,0.987
2025-02-28 19:42:00,49.9,6623,230,0.784
2025-02-28 19:44:00,100,11628,230,0.755
2025-02-28 19:46:00,50.0,4695,230,1.00
2025-02-28 19:48:00,66.7,4695,229,0.610
2025-02-28 19:50:00,50.0,11494,230,0.697
2025-02-28 19:52:00,50,9346,230,0.624
2025-02-28 19:54:00,49.9,3356,230,0.784
2025-02-28 19:56:00,49.9,4651,230,0.653
2025-02-28 19:58:00,100,4255,230,0.290
2025-02-28 20:00:00,66.8,3906,230,0.813
2025-02-28 20:02:00,49.9,3356,229,0.886
2025-02-28 20:04:00,100,7692,230,1.32
2025-02-28 20:06:00,49.9,4274,228,0.682
2025-02-28 20:08:00,49.9,7813,230,0.740
2025-02-28 20:10:00,49.9,9346,230,0.944
2025-02-28 20:12:00,50.1,4274,230,0.857
2025-02-28 20:14:00,50.0,4695,230,0.436
2025-02-28 20:16:00,50.0,5208,230,1.05
2025-02-28 20:18:00,50.0,4274,230,0.595
2025-02-28 20:20:00,49.9,2463,230,1.21
2025-02-28 20:22:00,66.8,2933,230,0.973
2025-02-28 20:24:00,49.9,5814,230,0.479
2025-02-28 20:26:00,100,7813,230,0.450
2025-02-28 20:28:00,49.8,4255,230,0.915
2025-02-28 20:30:00,66.9,9346,230,0.624
2025-02-28 20:32:00,66.7,7813,230,0.668
2025-02-28 20:34:00,50.0,7813,230,0.508
2025-02-28 20:36:00,50.0,3125,229,0.813
2025-02-28 20:38:00,49.9,7813,230,0.552
2025-02-28 20:40:00,50.1,7813,230,1.05
2025-02-28 20:42:00,49.9,9346,230,0.842
2025-02-28 20:44:00,49.9,3891,229,0.523
2025-02-28 20:46:00,50.0,5208,229,0.566
2025-02-28 20:48:00,66.9,2611,230,0.508
2025-02-28 20:50:00,50.0,9346,230,0.769
2025-02-28 20:52:00,50.0,2915,230,0.668
2025-02-28 20:54:00,50.0,6711,229,0.537
2025-02-28 20:56:00,49.9,5848,229,0.668
2025-02-28 20:58:00,50,4274,230,0.639
2025-02-28 21:00:00,50.1,5848,230,0.653
2025-02-28 21:02:00,50.0,3906,230,0.784
2025-02-28 21:04:00,50.0,3610,229,0.494
2025-02-28 21:06:00,50.0,4274,230,0.450
2025-02-28 21:08:00,49.9,7752,230,0.711
2025-02-28 21:10:00,100,9346,230,0.886
2025-02-28 21:12:00,50.0,2747,229,0.421
2025-02-28 21:14:00,50.0,7813,229,0.639
2025-02-28 21:16:00,49.9,7813,230,1.05
2025-02-28 21:18:00,50.1,3333,229,0.929
2025-02-28 21:20:00,49.9,4274,230,0.726
2025-02-28 21:22:00,50.0,6711,230,1.05
2025-02-28 21:24:00,50.1,5208,229,0.421
2025-02-28 21:26:00,100,3610,229,0.552
2025-02-28 21:28:00,99.9,5076,229,0.711
2025-02-28 21:30:00,99.9,3597,229,0.436
2025-02-28 21:32:00,49.9,5208,230,0.639
2025-02-28 21:34:00,100.0,4695,230,0.697
2025-02-28 21:36:00,49.9,6711,229,0.610
2025-02-28 21:38:00,100,5882,230,0.610
2025-02-28 21:40:00,49.8,9174,230,0.740
2025-02-28 21:42:00,49.9,5208,230,0.392
2025-02-28 21:44:00,66.6,3356,230,0.465
2025-02-28 21:46:00,50.1,3344,230,0.319
2025-02-28 21:48:00,66.8,4673,230,0.552
2025-02-28 21:50:00,50.1,4695,230,0.886
2025-02-28 21:52:00,99.2,7813,230,0.784
2025-02-28 21:54:00,100,3356,230,0.508
2025-02-28 21:56:00,66.8,4651,229,0.595
2025-02-28 21:58:00,49.9,11628,230,0.537
2025-02-28 22:00:00,49.9,3333,230,0.886
2025-02-28 22:02:00,49.8,5208,229,0.450
2025-02-28 22:04:00,49.9,5208,230,0.479
2025-02-28 22:06:00,50.0,3906,230,0.726
2025-02-28 22:08:00,49.9,7813,230,0.653
2025-02-28 22:10:00,99.4,7813,230,0.653
2025-02-28 22:12:00,100,4255,230,0.523
2025-02-28 22:14:00,100.0,5882,230,0.624
2025-02-28 22:16:00,49.9,4695,230,0.494
2025-02-28 22:18:00,99.3,5208,229,0.494
2025-02-28 22:20:00,66.9,3135,230,0.595
2025-02-28 22:22:00,66.6,3333,230,0.639
2025-02-28 22:24:00,50.1,5848,230,0.523
2025-02-28 22:26:00,50.0,4673,230,0.668
2025-02-28 22:28:00,66.8,7813,230,0.566
2025-02-28 22:30:00,66.7,6711,229,0.581
2025-02-28 22:32:00,50.0,5848,230,0.726
2025-02-28 22:34:00,50.1,2227,230,0.581
2025-02-28 22:36:00,66.9,6711,230,0.392
2025-02-28 22:38:00,50.0,6494,229,0.479
2025-02-28 22:40:00,50.0,4274,229,0.595
2025-02-28 22:42:00,50.1,3610,230,0.392
2025-02-28 22:44:00,50.0,5882,230,0.479
2025-02-28 22:46:00,50.0,6623,229,0.682
2025-02-28 22:48:00,50.1,5882,230,0.479
2025-02-28 22:50:00,49.9,5882,229,0.436
2025-02-28 22:52:00,50.0,11494,230,0.537
2025-02-28 22:54:00,66.5,5208,230,0.494
2025-02-28 22:56:00,50.0,9346,230,0.465
2025-02-28 22:58:00,49.9,7813,230,0.494
2025-02-28 23:00:00,50.0,4695,230,0.436
2025-02-28 23:02:00,50.0,11628,229,0.610
2025-02-28 23:04:00,50.0,9346,228,0.682
2025-02-28 23:06:00,100,4274,230,0.537
2025-02-28 23:08:00,50.0,3610,230,0.494
2025-02-28 23:10:00,66.7,1466,230,0.494
2025-02-28 23:12:00,50.0,5155,230,0.450
2025-02-28 23:14:00,49.8,4274,230,0.552
2025-02-28 23:16:00,49.8,3115,229,0.508
2025-02-28 23:18:00,66.8,7813,229,0.537
2025-02-28 23:20:00,50.0,4274,229,0.494
2025-02-28 23:22:00,50.0,3906,230,0.377
2025-02-28 23:24:00,49.9,11765,229,0.494
2025-02-28 23:26:00,99.4,9346,230,0.944
2025-02-28 23:28:00,99.4,4255,230,0.552
2025-02-28 23:30:00,49.9,5208,229,0.319
2025-02-28 23:32:00,50.0,7813,230,0.726
2025-02-28 23:34:00,50.0,5848,230,0.552
2025-02-28 23:36:00,49.9,2469,230,0.407
2025-02-28 23:38:00,50.0,6667,230,0.610
2025-02-28 23:40:00,50.0,3125,229,0.421
2025-02-28 23:42:00,99.6,11765,229,0.494
2025-02-28 23:44:00,49.9,3891,229,0.552
2025-02-28 23:46:00,99.2,9346,230,0.566
2025-02-28 23:48:00,49.9,4695,230,0.581
2025-02-28 23:50:00,50.0,5882,230,0.639
2025-02-28 23:52:00,50.0,11628,230,0.407
2025-02-28 23:54:00,66.9,5181,230,0.581
2025-02-28 23:56:00,49.9,4695,229,0.494
2025-02-28 23:58:00,50.1,4255,230,0.523
2025-03-01 00:00:00,50.0,7752,230,0.624
2025-03-01 00:02:00,49.9,5208,230,0.508
2025-03-01 00:04:00,50.0,7813,230,0.436
2025-03-01 00:06:00,50.0,7813,230,0.421
2025-03-01 00:08:00,49.9,2762,230,0.523
2025-03-01 00:10:00,50.0,7813,230,0.523
2025-03-01 00:12:00,66.5,1425,230,0.392
2025-03-01 00:14:00,49.9,11628,230,0.363
2025-03-01 00:16:00,49.9,5208,230,0.465
2025-03-01 00:18:00,99.4,2933,230,0.436
2025-03-01 00:20:00,99.4,6369,230,0.465
2025-03-01 00:22:00,50.0,6711,230,0.508
2025-03-01 00:24:00,49.8,3344,230,0.508
2025-03-01 00:26:00,49.9,9259,230,0.508
2025-03-01 00:28:00,50.1,5848,229,0.305
2025-03-01 00:30:00,49.9,7813,230,0.436
2025-03-01 00:32:00,50.1,7813,230,0.595
2025-03-01 00:34:00,100,4695,230,0.566
2025-03-01 00:36:00,50.0,2762,229,0.508
2025-03-01 00:38:00,50.1,4695,230,0.465
2025-03-01 00:40:00,100,9346,230,0.610
2025-03-01 00:42:00,50.0,11765,229,0.450
2025-03-01 00:44:00,99.4,4237,230,0.436
2025-03-01 00:46:00,100.0,3584,230,0.436
2025-03-01 00:48:00,49.9,4695,230,0.523
2025-03-01 00:50:00,66.8,7813,229,0.682
2025-03-01 00:52:00,66.4,5882,230,0.479
2025-03-01 00:54:00,99.4,4695,230,0.581
2025-03-01 00:56:00,50.0,3135,229,0.348
2025-03-01 00:58:00,50.0,7692,230,0.363
2025-03-01 01:00:00,50.1,5780,229,0.407
2025-03-01 01:02:00,50.1,7752,230,0.537
2025-03-01 01:04:00,50,6711,230,0.697
2025-03-01 01:06:00,99.4,6711,230,0.668
2025-03-01 01:08:00,50.0,9259,230,0.610
2025-03-01 01:10:00,50.1,7752,230,0.900
2025-03-01 01:12:00,50.0,4695,230,0.639
2025-03-01 01:14:00,99.4,3322,229,0.276
2025-03-01 01:16:00,99.4,9346,230,0.465
2025-03-01 01:18:00,49.9,3610,230,0.595
2025-03-01 01:20:00,50.0,6711,230,0.697
2025-03-01 01:22:00,100,6711,230,0.421
2025-03-01 01:24:00,99.6,5208,229,0.377
2025-03-01 01:26:00,50.0,5848,230,0.363
2025-03-01 01:28:00,66.5,4695,230,0.479
2025-03-01 01:30:00,49.9,4274,229,0.595
2025-03-01 01:32:00,99.6,3135,230,0.871
2025-03-01 01:34:00,100.0,7813,230,0.639
2025-03-01 01:36:00,99.6,3891,230,0.421
2025-03-01 01:38:00,50.1,4695,230,0.537
2025-03-01 01:40:00,49.9,6711,229,0.682
2025-03-01 01:42:00,50.1,3610,230,0.697
2025-03-01 01:44:00,66.4,5780,230,0.624
2025-03-01 01:46:00,50.1,6711,230,0.581
2025-03-01 01:48:00,49.9,6711,229,0.450
2025-03-01 01:50:00,50.1,4695,230,0.407
2025-03-01 01:52:00,99.4,7813,230,0.465
2025-03-01 01:54:00,49.9,11628,230,0.784
2025-03-01 01:56:00,66.8,9346,229,0.450
2025-03-01 01:58:00,50.0,4695,230,0.407
2025-03-01 02:00:00,50.0,4274,230,2.57
2025-03-01 02:02:00,66.4,3125,229,0.769
2025-03-01 02:04:00,49.9,4274,230,0.653
2025-03-01 02:06:00,50.0,9346,230,0.639
2025-03-01 02:08:00,100,5814,230,0.610
2025-03-01 02:10:00,50.0,9346,230,0.523
2025-03-01 02:12:00,50.0,6711,229,0.523
2025-03-01 02:14:00,49.8,6711,230,0.682
2025-03-01 02:16:00,50.0,3610,230,0.494
2025-03-01 02:18:00,49.9,5848,230,0.494
2025-03-01 02:20:00,49.8,11765,230,0.421
2025-03-01 02:22:00,49.8,3610,230,0.508
2025-03-01 02:24:00,50.0,3584,230,0.653
2025-03-01 02:26:00,100,1880,230,0.581
2025-03-01 02:28:00,49.9,9346,230,0.508
2025-03-01 02:30:00,50.0,5848,230,0.711
2025-03-01 02:32:00,49.9,2347,229,0.668
2025-03-01 02:34:00,50.0,5848,230,0.886
2025-03-01 02:36:00,99.7,5208,230,0.610
2025-03-01 02:38:00,100,3584,230,0.174
2025-03-01 02:40:00,50.1,5848,230,0.595
2025-03-01 02:42:00,50.1,4274,230,0.639
2025-03-01 02:44:00,66.9,4274,229,0.377
2025-03-01 02:46:00,49.9,7813,230,0.407
2025-03-01 02:48:00,66.8,2347,230,0.436
2025-03-01 02:50:00,99.6,9346,230,0.595
2025-03-01 02:52:00,66.6,3356,229,0.871
2025-03-01 02:54:00,49.9,6711,229,0.581
2025-03-01 02:56:00,50.0,5208,230,0.537
2025-03-01 02:58:00,50.0,5848,229,0.421
2025-03-01 03:00:00,66.8,5814,230,0.552
2025-03-01 03:02:00,50,2347,230,0.276
2025-03-01 03:04:00,66.8,7813,230,0.479
2025-03-01 03:06:00,50.0,4695,229,0.523
2025-03-01 03:08:00,50.0,5181,229,0.552
2025-03-01 03:10:00,66.6,7813,229,0.682
2025-03-01 03:12:00,49.9,5208,229,0.494
2025-03-01 03:14:00,50.0,6711,230,0.508
2025-03-01 03:16:00,50.1,3356,230,0.799
2025-03-01 03:18:00,50.0,5848,230,0.508
2025-03-01 03:20:00,100,6711,230,0.479
2025-03-01 03:22:00,99.3,7813,229,0.334
2025-03-01 03:24:00,50.0,1862,230,0.494
2025-03-01 03:26:00,50.0,7813,229,0.407
2025-03-01 03:28:00,50.0,5208,229,0.450
2025-03-01 03:30:00,49.9,4673,230,0.334
2025-03-01 03:32:00,50.0,2463,230,0.566
2025-03-01 03:34:00,50.0,9346,230,0.711
2025-03-01 03:36:00,49.9,3906,229,0.0871
2025-03-01 03:38:00,50.0,5208,230,0.319
2025-03-01 03:40:00,50.1,9346,229,0.421
2025-03-01 03:42:00,50.0,11765,230,0.377
2025-03-01 03:44:00,50.0,7813,230,0.334
2025-03-01 03:46:00,49.9,3356,229,0.784
2025-03-01 03:48:00,50.0,5882,230,0.290
2025-03-01 03:50:00,50.0,5181,229,0.436
2025-03-01 03:52:00,99.7,6711,230,0.639
2025-03-01 03:54:00,50.0,5848,230,0.784
2025-03-01 03:56:00,50.0,6711,229,0.363
2025-03-01 03:58:00,99.4,3891,229,0.276
2025-03-01 04:00:00,99.9,2933,230,0.566
2025-03-01 04:02:00,66.9,7813,230,0.508
2025-03-01 04:04:00,50.0,5848,230,0.537
2025-03-01 04:06:00,49.9,2475,230,0.929
2025-03-01 04:08:00,49.9,5848,230,0.450
2025-03-01 04:10:00,50.0,5208,230,0.726
2025-03-01 04:12:00,49.9,6711,230,0.857
2025-03-01 04:14:00,50.1,6711,230,0.726
2025-03-01 04:16:00,49.8,5208,230,0.610
2025-03-01 04:18:00,49.8,2755,230,0.421
2025-03-01 04:20:00,66.7,3135,229,0.436
2025-03-01 04:22:00,49.9,5848,229,0.682
2025-03-01 04:24:00,49.9,3125,229,0.639
2025-03-01 04:26:00,49.9,3610,229,0.828
2025-03-01 04:28:00,50.1,1621,229,0.769
2025-03-01 04:30:00,100,5155,230,0.537
2025-03-01 04:32:00,50.1,4274,229,0.552
2025-03-01 04:34:00,50.0,5848,230,0.624
2025-03-01 04:36:00,100,2924,230,0.508
2025-03-01 04:38:00,50.1,2933,230,0.348
2025-03-01 04:40:00,49.9,9346,230,0.450
2025-03-01 04:42:00,50.0,3125,229,0.595
2025-03-01 04:44:00,50.1,7463,230,0.450
2025-03-01 04:46:00,100,4255,230,0.465
2025-03-01 04:48:00,49.9,3906,230,0.595
2025-03-01 04:50:00,50.0,2933,229,0.392
2025-03-01 04:52:00,49.9,4695,230,0.465
2025-03-01 04:54:00,50.0,9346,229,0.407
2025-03-01 04:56:00,100,6711,229,0.407
2025-03-01 04:58:00,49.9,6711,229,0.508
2025-03-01 05:00:00,49.9,3610,229,0.479
2025-03-01 05:02:00,66.6,3125,229,0.377
2025-03-01 05:04:00,50.0,3610,229,0.450
2025-03-01 05:06:00,100,5181,230,0.407
2025-03-01 05:08:00,50.0,7813,230,0.450
2025-03-01 05:10:00,50.0,5814,230,0.392
2025-03-01 05:12:00,66.4,4695,230,0.450
2025-03-01 05:14:00,50.0,9346,230,0.581
2025-03-01 05:16:00,50.0,4695,230,0.377
2025-03-01 05:18:00,50.0,6711,230,0.377
2025-03-01 05:20:00,66.6,6711,230,0.377
2025-03-01 05:22:00,49.9,5814,230,0.348
2025-03-01 05:24:00,50.0,3610,230,0.276
2025-03-01 05:26:00,50.0,4274,229,0.319
2025-03-01 05:28:00,50.1,2611,230,0.392
2025-03-01 05:30:00,100,9346,230,0.407
2025-03-01 05:32:00,50.1,2611,230,0.305
2025-03-01 05:34:00,66.5,7752,230,0.305
2025-03-01 05:36:00,50.1,2475,230,0.421
2025-03-01 05:38:00,49.9,2933,230,0.377
2025-03-01 05:40:00,50.0,3135,229,0.319
2025-03-01 05:42:00,50.0,3125,228,0.407
2025-03-01 05:44:00,99.7,7752,230,0.305
2025-03-01 05:46:00,66.8,3135,230,0.218
2025-03-01 05:48:00,50.0,5208,230,0.290
2025-03-01 05:50:00,100,5848,230,0.377
2025-03-01 05:52:00,50.1,4274,230,0.537
2025-03-01 05:54:00,99.4,9346,230,0.494
2025-03-01 05:56:00,50.0,3610,230,0.465
2025-03-01 05:58:00,50.1,5848,230,0.436
2025-03-01 06:00:00,50.0,5155,230,0.479
2025-03-01 06:02:00,100,3906,230,0.479
2025-03-01 06:04:00,66.8,4237,230,0.290
2025-03-01 06:06:00,49.9,7813,230,0.377
2025-03-01 06:08:00,50.0,5848,230,0.319
2025-03-01 06:10:00,50.0,4651,230,0.465
2025-03-01 06:12:00,50.1,2762,230,0.465
2025-03-01 06:14:00,66.8,49.9,229,226
2025-03-01 06:16:00,50.0,49.9,230,229
2025-03-01 06:18:00,100,50.1,230,229
2025-03-01 06:20:00,50.0,50.0,230,225
2025-03-01 06:22:00,99.4,50.0,230,219
2025-03-01 06:24:00,50,49.9,230,217
2025-03-01 06:26:00,99.4,49.9,230,216
2025-03-01 06:28:00,50.1,50.0,230,220
2025-03-01 06:30:00,50.0,50.1,230,231
2025-03-01 06:32:00,49.9,50.1,230,219
2025-03-01 06:34:00,49.9,50.0,230,214
2025-03-01 06:36:00,49.9,50.0,230,214
2025-03-01 06:38:00,100,49.8,231,219
2025-03-01 06:40:00,49.9,50.2,230,223
2025-03-01 06:42:00,100,49.8,230,222
2025-03-01 06:44:00,50.1,50.3,230,222
2025-03-01 06:46:00,50.0,50.2,230,225
2025-03-01 06:48:00,49.9,50,230,219
2025-03-01 06:50:00,100,50,230,218
2025-03-01 06:52:00,49.9,50.1,230,221
2025-03-01 06:54:00,49.8,50.1,230,218
2025-03-01 06:56:00,50.1,50.2,230,218
2025-03-01 06:58:00,50.0,49.9,230,223
2025-03-01 07:00:00,66.7,50.2,230,221
2025-03-01 07:02:00,100,50.2,230,223
2025-03-01 07:04:00,50.1,49.9,230,227
2025-03-01 07:06:00,49.9,50.2,230,222
2025-03-01 07:08:00,100,50.3,230,226
2025-03-01 07:10:00,99.2,49.9,228,222
2025-03-01 07:12:00,99.4,50.0,230,228
2025-03-01 07:14:00,50.0,49.8,230,223
2025-03-01 07:16:00,100,50.0,230,223
2025-03-01 07:18:00,50.0,50.0,230,224
2025-03-01 07:20:00,99.6,50.1,230,225
2025-03-01 07:22:00,49.8,50.2,230,223
2025-03-01 07:24:00,66.8,50.1,230,222
2025-03-01 07:26:00,66.4,49.9,230,224
2025-03-01 07:28:00,49.8,50.0,230,222
2025-03-01 07:30:00,49.9,50.0,230,221
2025-03-01 07:32:00,66.7,50.1,230,223
2025-03-01 07:34:00,49.9,50.2,230,222
2025-03-01 07:36:00,99.4,49.9,230,223
2025-03-01 07:38:00,50.1,49.9,230,225
2025-03-01 07:40:00,50,50.2,230,223
2025-03-01 07:42:00,49.9,50.2,229,221
2025-03-01 07:44:00,100,50.0,230,222
2025-03-01 07:46:00,50.0,50.0,230,224
2025-03-01 07:48:00,66.7,50.0,230,224
2025-03-01 07:50:00,50.1,50.0,230,225
2025-03-01 07:52:00,49.8,50.1,230,217
2025-03-01 07:54:00,50.0,50.1,230,218
2025-03-01 07:56:00,50.1,50.0,229,216
2025-03-01 07:58:00,50.0,50.1,229,219
2025-03-01 08:00:00,49.9,50.0,230,220
2025-03-01 08:02:00,99.3,50.2,230,218
2025-03-01 08:04:00,99.9,50.1,229,221
2025-03-01 08:06:00,50.0,49.8,230,221
2025-03-01 08:08:00,99.9,50.0,230,221
2025-03-01 08:10:00,49.9,50.1,229,216
2025-03-01 08:12:00,49.9,50.1,229,222
2025-03-01 08:14:00,100,49.0,230,222
2025-03-01 08:16:00,99.6,49.9,230,226
2025-03-01 08:18:00,50.0,50.0,230,226
2025-03-01 08:20:00,49.9,50.1,230,218
2025-03-01 08:22:00,66.5,50,230,217
2025-03-01 08:24:00,50.0,50.2,230,220
2025-03-01 08:26:00,50.0,50.1,230,223
2025-03-01 08:28:00,49.9,50.0,230,219
2025-03-01 08:30:00,100,49.8,230,222
2025-03-01 08:32:00,50.1,50.0,230,221
2025-03-01 08:34:00,100,49.9,230,219
2025-03-01 08:36:00,49.9,50.0,230,221
2025-03-01 08:38:00,49.9,50.1,229,221
2025-03-01 08:40:00,66.6,49.9,230,225
2025-03-01 08:42:00,49.9,49.9,230,225
2025-03-01 08:44:00,99.4,49.9,230,223
2025-03-01 08:46:00,50.0,49.9,230,223
2025-03-01 08:48:00,50.0,49.9,230,222
2025-03-01 08:50:00,50,50.0,230,222
2025-03-01 08:52:00,49.9,49.8,230,222
2025-03-01 08:54:00,66.7,50.0,230,223
2025-03-01 08:56:00,99.5,50.0,230,221
2025-03-01 08:58:00,49.9,50.0,230,219
2025-03-01 09:00:00,66.7,57.0,230,238
2025-03-01 09:02:00,49.9,57.0,230,237
2025-03-01 09:04:00,50.0,56.7,230,244
2025-03-01 09:06:00,49.9,56.1,230,245
2025-03-01 09:08:00,50.0,56.3,230,243
2025-03-01 09:10:00,99.9,55.0,230,247
2025-03-01 09:12:00,99.9,53.5,229,250
2025-03-01 09:14:00,50.0,55.5,230,246
2025-03-01 09:16:00,50.0,54.9,230,245
2025-03-01 09:18:00,49.9,54.0,230,245
2025-03-01 09:20:00,50.1,54.8,230,242
2025-03-01 09:22:00,50.0,54.8,229,243
2025-03-01 09:24:00,49.9,55.9,230,241
2025-03-01 09:26:00,50.1,55.5,230,241
2025-03-01 09:28:00,50.0,55.3,230,246
2025-03-01 09:30:00,66.9,55.1,230,244
2025-03-01 09:32:00,66.7,54.7,230,244
2025-03-01 09:34:00,66.6,55.2,230,242
2025-03-01 09:36:00,99.6,55.1,230,245
2025-03-01 09:38:00,50.0,55.2,230,241
2025-03-01 09:40:00,49.9,52.7,230,245
2025-03-01 09:42:00,50.0,53.8,230,247
2025-03-01 09:44:00,66.5,55.7,230,245
2025-03-01 09:46:00,66.6,54.1,229,243
2025-03-01 09:48:00,66.6,53.9,230,242
2025-03-01 09:50:00,66.4,55.2,230,241
2025-03-01 09:52:00,99.4,54.6,230,241
2025-03-01 09:54:00,100,54.8,230,242
2025-03-01 09:56:00,99.6,54.5,230,241
2025-03-01 09:58:00,50.1,55.2,230,241
2025-03-01 10:00:00,50.1,55.2,230,241
2025-03-01 10:02:00,99.4,55.2,230,241
2025-03-01 10:04:00,50.1,55.2,230,241
2025-03-01 10:06:00,50.0,55.3,230,240
2025-03-01 10:08:00,50.0,55.0,230,242
2025-03-01 10:10:00,50.0,54.5,230,242
2025-03-01 10:12:00,100,54.0,230,242
2025-03-01 10:14:00,66.7,54.3,230,241
2025-03-01 10:16:00,50.1,54.8,230,242
2025-03-01 10:18:00,50.0,55.0,230,243
2025-03-01 10:20:00,50.0,54.2,230,246
2025-03-01 10:22:00,100,55.2,230,239
2025-03-01 10:24:00,66.6,54.0,230,240
2025-03-01 10:26:00,99.6,53.4,230,242
2025-03-01 10:28:00,50.1,54.4,230,239
2025-03-01 10:30:00,100,54.2,230,240
2025-03-01 10:32:00,49.9,52.3,230,239
2025-03-01 10:34:00,49.9,52.9,230,239
2025-03-01 10:36:00,66.8,52.1,230,239
2025-03-01 10:38:00,50.0,52.3,230,238
2025-03-01 10:40:00,100.0,53.0,230,241
2025-03-01 10:42:00,49.9,54.8,230,242
2025-03-01 10:44:00,50.0,54.2,230,243
2025-03-01 10:46:00,100,54.9,230,240
2025-03-01 10:48:00,50.1,54.9,230,239
2025-03-01 10:50:00,100,54.6,230,240
2025-03-01 10:52:00,49.9,54.9,227,240
2025-03-01 10:54:00,50.1,54.0,227,243
2025-03-01 10:56:00,50.0,54.6,227,243
2025-03-01 10:58:00,50.0,54.1,227,242
2025-03-01 11:00:00,50.0,54.7,227,241
2025-03-01 11:02:00,99.9,54.1,226,244
2025-03-01 11:04:00,99.6,54.4,226,243
2025-03-01 11:06:00,49.9,54.7,226,242
2025-03-01 11:08:00,50.0,54.9,227,240
2025-03-01 11:10:00,50.0,54.9,227,240
2025-03-01 11:12:00,100.0,54.6,227,241
2025-03-01 11:14:00,99.7,54.8,226,241
2025-03-01 11:16:00,50.0,54.8,226,240
2025-03-01 11:18:00,66.4,54.5,230,241
2025-03-01 11:20:00,49.9,52.1,230,242
2025-03-01 11:22:00,49.9,52.1,230,241
2025-03-01 11:24:00,50.0,52.1,228,241
2025-03-01 11:26:00,100,54.2,230,238
2025-03-01 11:28:00,50.0,52.0,230,240
2025-03-01 11:30:00,66.6,51.8,230,241
2025-03-01 11:32:00,99.4,52.1,229,243
2025-03-01 11:34:00,49.9,52.0,229,243
2025-03-01 11:36:00,99.7,53.3,230,243
2025-03-01 11:38:00,99.6,53.9,230,240
2025-03-01 11:40:00,50.1,52.0,230,242
2025-03-01 11:42:00,49.9,52.3,230,243
2025-03-01 11:44:00,99.2,51.6,230,244
2025-03-01 11:46:00,100,51.8,230,242
2025-03-01 11:48:00,99.6,51.9,229,242
2025-03-01 11:50:00,100,52.1,226,243
2025-03-01 11:52:00,100.0,51.7,226,243
2025-03-01 11:54:00,50,51.8,226,241
2025-03-01 11:56:00,99.4,53.8,226,240
2025-03-01 11:58:00,99.9,54.5,226,239
2025-03-01 12:00:00,99.1,54.1,226,242
2025-03-01 12:02:00,50.0,54.7,226,241
2025-03-01 12:04:00,50.1,54.6,226,240
2025-03-01 12:06:00,50.1,54.8,227,242
2025-03-01 12:08:00,100,53.9,227,240
2025-03-01 12:10:00,50.0,55.0,226,243
2025-03-01 12:12:00,50.0,54.7,226,238
2025-03-01 12:14:00,49.9,55.1,225,241
2025-03-01 12:16:00,50.0,54.7,226,240
2025-03-01 12:18:00,66.6,54.0,227,239
2025-03-01 12:20:00,66.6,54.2,226,243
2025-03-01 12:22:00,50.1,51.9,226,242
2025-03-01 12:24:00,100,51.8,226,242
2025-03-01 12:26:00,100,52.0,226,241
2025-03-01 12:28:00,49.9,52.4,226,244
2025-03-01 12:30:00,50.0,52.0,226,242
2025-03-01 12:32:00,50.1,51.9,226,244
2025-03-01 12:34:00,50.0,52.1,227,244
2025-03-01 12:36:00,49.9,54.0,226,241
2025-03-01 12:38:00,100,54.3,226,243
2025-03-01 12:40:00,50.1,53.3,227,246
2025-03-01 12:42:00,49.9,52.0,226,243
2025-03-01 12:44:00,50.0,51.9,227,243
2025-03-01 12:46:00,100,53.5,226,244
2025-03-01 12:48:00,66.7,52.0,227,242
2025-03-01 12:50:00,50.1,52.0,227,242
2025-03-01 12:52:00,99.9,52.0,226,243
2025-03-01 12:54:00,49.9,52.0,227,242
2025-03-01 12:56:00,49.9,53.2,227,243
2025-03-01 12:58:00,101,54.0,227,240
2025-03-01 13:00:00,49.9,52.1,227,241
2025-03-01 13:02:00,66.7,53.8,227,245
2025-03-01 13:04:00,99.4,52.1,227,244
2025-03-01 13:06:00,100,52.0,227,245
2025-03-01 13:08:00,66.4,52.1,227,245
2025-03-01 13:10:00,50.0,52.0,227,246
2025-03-01 13:12:00,50.0,51.7,226,244
2025-03-01 13:14:00,49.9,51.8,227,245
2025-03-01 13:16:00,66.8,51.8,227,247
2025-03-01 13:18:00,66.9,54.0,227,244
2025-03-01 13:20:00,66.7,56.0,227,242
2025-03-01 13:22:00,50.1,56.3,227,240
2025-03-01 13:24:00,49.9,56.2,227,242
2025-03-01 13:26:00,99.7,56.2,226,242
2025-03-01 13:28:00,66.8,56.0,227,242
2025-03-01 13:30:00,50.1,56.5,227,242
2025-03-01 13:32:00,100,56.5,226,242
2025-03-01 13:34:00,50.0,56.1,227,242
2025-03-01 13:36:00,99.7,56.3,227,242
2025-03-01 13:38:00,100,56.1,227,243
2025-03-01 13:40:00,50.0,56.2,227,241
2025-03-01 13:42:00,50.1,56.2,227,243
2025-03-01 13:44:00,50.0,55.6,227,243
2025-03-01 13:46:00,66.6,55.6,227,243
2025-03-01 13:48:00,49.9,55.5,225,243
2025-03-01 13:50:00,50.0,55.3,226,243
2025-03-01 13:52:00,66.4,54.6,227,245
2025-03-01 13:54:00,50.1,55.4,227,242
2025-03-01 13:56:00,100,55.3,227,243
2025-03-01 13:58:00,49.9,55.2,227,243
2025-03-01 14:00:00,66.5,55.9,227,239
2025-03-01 14:02:00,50.1,56.2,227,240
2025-03-01 14:04:00,100,56.2,227,239
2025-03-01 14:06:00,66.7,55.8,227,244
2025-03-01 14:08:00,49.9,55.9,226,241
2025-03-01 14:10:00,50.0,55.6,227,247
2025-03-01 14:12:00,66.4,55.5,227,246
2025-03-01 14:14:00,50.0,55.3,226,245
2025-03-01 14:16:00,49.9,55.4,226,245
2025-03-01 14:18:00,50.1,55.7,227,242
2025-03-01 14:20:00,50.0,56.2,226,244
2025-03-01 14:22:00,100,55.7,226,242
2025-03-01 14:24:00,50.0,55.2,226,241
2025-03-01 14:26:00,50.0,55.3,226,239
2025-03-01 14:28:00,50.0,55.8,226,238
2025-03-01 14:30:00,50.0,55.2,226,241
2025-03-01 14:32:00,50.0,55.7,227,238
2025-03-01 14:34:00,50.0,55.8,227,241
2025-03-01 14:36:00,49.9,55.1,227,242
2025-03-01 14:38:00,50.0,55.0,227,241
2025-03-01 14:40:00,100,55.8,227,239
2025-03-01 14:42:00,50.0,55.5,227,237
2025-03-01 14:44:00,66.5,54.9,226,238
2025-03-01 14:46:00,100,55.5,227,236
2025-03-01 14:48:00,50.0,55.3,226,235
2025-03-01 14:50:00,66.8,55.8,227,238
2025-03-01 14:52:00,49.9,56.1,226,239
2025-03-01 14:54:00,99.4,55.6,227,236
2025-03-01 14:56:00,49.9,55.7,226,237
2025-03-01 14:58:00,100,56.0,226,235
2025-03-01 15:00:00,50.0,55.2,226,239
2025-03-01 15:02:00,99.6,55.0,227,237
2025-03-01 15:04:00,50.1,55.9,226,235
2025-03-01 15:06:00,50.0,55.8,226,238
2025-03-01 15:08:00,99.7,55.9,226,236
2025-03-01 15:10:00,66.5,55.0,226,238
2025-03-01 15:12:00,198,55.6,226,238
2025-03-01 15:14:00,101,55.3,227,236
2025-03-01 15:16:00,66.4,55.6,227,238
2025-03-01 15:18:00,49.9,55.4,227,237
2025-03-01 15:20:00,99.4,56.4,226,240
2025-03-01 15:22:00,50.1,56.3,226,238
2025-03-01 15:24:00,50,55.2,227,241
2025-03-01 15:26:00,100,55.6,226,240
2025-03-01 15:28:00,49.8,55.8,226,239
2025-03-01 15:30:00,50.1,55.6,226,238
2025-03-01 15:32:00,99.4,55.5,226,236
2025-03-01 15:34:00,101,55.3,226,240
2025-03-01 15:36:00,100,55.1,226,238
2025-03-01 15:38:00,66.7,55.5,226,237
2025-03-01 15:40:00,50.1,56.2,226,241
2025-03-01 15:42:00,50.0,55.6,226,239
2025-03-01 15:44:00,99.3,55.3,226,237
2025-03-01 15:46:00,100,55.4,226,238
2025-03-01 15:48:00,66.5,55.0,226,236
2025-03-01 15:50:00,50.0,55.1,226,236
2025-03-01 15:52:00,50.0,56.0,226,239
2025-03-01 15:54:00,49.9,55.7,226,240
2025-03-01 15:56:00,50.0,55.2,227,237
2025-03-01 15:58:00,99.4,55.6,226,235
2025-03-01 16:00:00,49.9,55.6,226,239
2025-03-01 16:02:00,49.9,56.0,227,237
2025-03-01 16:04:00,66.8,55.1,231,236
2025-03-01 16:06:00,50.1,55.3,231,237
2025-03-01 16:08:00,50,55.0,230,233
2025-03-01 16:10:00,50.1,54.8,230,232
2025-03-01 16:12:00,100.0,54.7,230,232
2025-03-01 16:14:00,49.9,55.6,230,234
2025-03-01 16:16:00,49.9,55.4,229,237
2025-03-01 16:18:00,99.4,56.1,230,237
2025-03-01 16:20:00,50.0,56.1,230,237
2025-03-01 16:22:00,100,55.7,229,237
2025-03-01 16:24:00,66.6,55.7,229,237
2025-03-01 16:26:00,99.4,55.8,229,237
2025-03-01 16:28:00,49.9,55.6,230,237
2025-03-01 16:30:00,49.9,55.5,230,238
2025-03-01 16:32:00,66.4,55.6,230,238
2025-03-01 16:34:00,50.1,56.2,230,240
2025-03-01 16:36:00,49.9,56.3,230,239
2025-03-01 16:38:00,49.9,55.6,229,239
2025-03-01 16:40:00,50.1,56.3,230,240
2025-03-01 16:42:00,66.6,56.2,229,240
2025-03-01 16:44:00,50.0,56.2,227,238
2025-03-01 16:46:00,66.5,56.2,230,239
2025-03-01 16:48:00,49.9,56.2,230,240
2025-03-01 16:50:00,50.1,56.4,230,239
2025-03-01 16:52:00,49.9,56.1,230,238
2025-03-01 16:54:00,100,55.7,230,237
2025-03-01 16:56:00,49.9,56.3,230,236
2025-03-01 16:58:00,100,56.4,230,236
2025-03-01 17:00:00,66.8,56.2,230,236
2025-03-01 17:02:00,99.4,56.2,230,236
2025-03-01 17:04:00,100,56.7,230,239
2025-03-01 17:06:00,66.8,56.1,230,236
2025-03-01 17:08:00,66.6,56.3,226,236
2025-03-01 17:10:00,49.9,56.2,226,238
2025-03-01 17:12:00,99.9,55.5,226,238
2025-03-01 17:14:00,49.9,55.4,226,237
2025-03-01 17:16:00,49.8,55.8,226,236
2025-03-01 17:18:00,50.0,55.9,226,237
2025-03-01 17:20:00,66.9,55.8,226,237
2025-03-01 17:22:00,66.8,55.5,226,238
2025-03-01 17:24:00,66.4,55.7,226,238
2025-03-01 17:26:00,66.5,56.4,226,239
2025-03-01 17:28:00,66.4,56.5,226,239
2025-03-01 17:30:00,99.4,56.6,226,240
2025-03-01 17:32:00,50.0,56.4,226,241
2025-03-01 17:34:00,66.7,56.4,226,239
2025-03-01 17:36:00,100,56.1,226,235
2025-03-01 17:38:00,99.4,55.9,226,236
2025-03-01 17:40:00,99.4,56.1,226,236
2025-03-01 17:42:00,100,56.6,226,239
2025-03-01 17:44:00,49.9,55.9,226,236
2025-03-01 17:46:00,66.9,56.3,226,238
2025-03-01 17:48:00,49.9,56.3,226,240
2025-03-01 17:50:00,50.0,56.3,226,238
2025-03-01 17:52:00,66.7,56.3,226,237
2025-03-01 17:54:00,50.0,56.6,226,241
2025-03-01 17:56:00,100,56.1,227,239
2025-03-01 17:58:00,49.9,56.2,227,241
2025-03-01 18:00:00,99.6,56.5,227,239
2025-03-01 18:02:00,200,56.2,227,239
2025-03-01 18:04:00,66.4,56.4,227,240
2025-03-01 18:06:00,99.6,56.5,227,241
2025-03-01 18:08:00,50.0,56.7,227,244
2025-03-01 18:10:00,100,56.3,227,237
2025-03-01 18:12:00,100,56.3,227,237
2025-03-01 18:14:00,100,56.3,227,240
2025-03-01 18:16:00,99.6,56.3,227,239
2025-03-01 18:18:00,99.1,56.7,227,242
2025-03-01 18:20:00,49.9,56.2,227,242
2025-03-01 18:22:00,99.7,56.2,227,243
2025-03-01 18:24:00,197,56.3,227,244
2025-03-01 18:26:00,99.7,55.8,227,241
2025-03-01 18:28:00,100,55.7,227,239
2025-03-01 18:30:00,99.2,56.3,227,243
2025-03-01 18:32:00,66.8,56.2,227,243
2025-03-01 18:34:00,66.7,55.7,227,243
2025-03-01 18:36:00,100,56.2,227,244
2025-03-01 18:38:00,99.4,55.7,227,246
2025-03-01 18:40:00,100,55.2,227,243
2025-03-01 18:42:00,66.8,55.7,227,243
2025-03-01 18:44:00,66.6,56.5,227,247
2025-03-01 18:46:00,66.9,56.0,227,244
2025-03-01 18:48:00,100,55.6,226,247
2025-03-01 18:50:00,199,55.8,226,248
2025-03-01 18:52:00,100,55.7,226,248
2025-03-01 18:54:00,49.9,55.7,226,246
2025-03-01 18:56:00,49.9,56.1,226,244
2025-03-01 18:58:00,66.3,56.1,226,248
2025-03-01 19:00:00,99.1,56.1,226,243
2025-03-01 19:02:00,99.9,55.7,226,245
2025-03-01 19:04:00,200,56.0,227,241
2025-03-01 19:06:00,100,55.8,227,244
2025-03-01 19:08:00,99.7,5848,227,218
2025-03-01 19:10:00,50.0,5181,226,0.987
2025-03-01 19:12:00,99.4,5208,226,0.958
2025-03-01 19:14:00,99.7,11628,226,0.857
2025-03-01 19:16:00,99.2,9346,226,0.944
2025-03-01 19:18:00,99.9,5208,226,1.39
2025-03-01 19:20:00,99.6,3610,227,0.407
2025-03-01 19:22:00,99.7,11765,227,0.494
2025-03-01 19:24:00,99.7,5814,227,0.755
2025-03-01 19:26:00,66.8,4255,227,0.639
2025-03-01 19:28:00,67.0,7813,227,0.726
2025-03-01 19:30:00,99.4,9346,227,0.566
2025-03-01 19:32:00,49.9,6623,227,0.871
2025-03-01 19:34:00,66.8,4695,227,0.581
2025-03-01 19:36:00,66.8,56.5,227,244
2025-03-01 19:38:00,66.5,56.1,227,243
2025-03-01 19:40:00,100,55.9,227,242
2025-03-01 19:42:00,99.4,56.4,227,240
2025-03-01 19:44:00,100,56.2,227,242
2025-03-01 19:46:00,66.8,56.7,227,245
2025-03-01 19:48:00,100,56.5,227,246
2025-03-01 19:50:00,66.3,56.4,227,243
2025-03-01 19:52:00,66.8,56.0,227,244
2025-03-01 19:54:00,99.9,55.7,227,241
2025-03-01 19:56:00,99.4,56.2,227,243
2025-03-01 19:58:00,100.0,56.6,227,243
2025-03-01 20:00:00,99.4,56.5,227,244
2025-03-01 20:02:00,66.5,56.4,227,245
2025-03-01 20:04:00,100,56.1,227,243
2025-03-01 20:06:00,66.8,56.2,227,241
2025-03-01 20:08:00,66.9,56.3,227,242
2025-03-01 20:10:00,66.8,56.4,227,242
2025-03-01 20:12:00,49.9,56.5,227,241
2025-03-01 20:14:00,99.3,49.7,227,191
2025-03-01 20:16:00,99.4,50.0,227,194
2025-03-01 20:18:00,50.0,49.8,226,198
2025-03-01 20:20:00,66.9,49.9,226,198
2025-03-01 20:22:00,100,49.6,226,198
2025-03-01 20:24:00,99.4,49.9,227,200
2025-03-01 20:26:00,50.0,50,226,200
2025-03-01 20:28:00,50.1,49.9,226,203
2025-03-01 20:30:00,50.1,49.8,226,201
2025-03-01 20:32:00,49.9,49.8,226,202
2025-03-01 20:34:00,50.0,50.2,226,200
2025-03-01 20:36:00,100,49.8,226,203
2025-03-01 20:38:00,49.8,49.6,226,200
2025-03-01 20:40:00,66.7,49.8,227,193
2025-03-01 20:42:00,99.3,49.9,227,198
2025-03-01 20:44:00,100,49.8,226,198
2025-03-01 20:46:00,100,49.8,226,201
2025-03-01 20:48:00,100,50.0,226,203
2025-03-01 20:50:00,50.1,49.8,226,198
2025-03-01 20:52:00,49.9,49.6,226,201
2025-03-01 20:54:00,66.5,50.1,226,201
2025-03-01 20:56:00,100,50.1,226,203
2025-03-01 20:58:00,99.9,49.7,226,205
2025-03-01 21:00:00,99.4,50.1,226,203
2025-03-01 21:02:00,49.9,50.1,226,200
2025-03-01 21:04:00,50.0,49.9,226,201
2025-03-01 21:06:00,50.0,49.7,226,203
2025-03-01 21:08:00,66.6,50.1,226,204
2025-03-01 21:10:00,100,50.1,226,203
2025-03-01 21:12:00,66.5,50,226,205
2025-03-01 21:14:00,50.1,50,226,202
2025-03-01 21:16:00,99.4,49.9,226,203
2025-03-01 21:18:00,99.6,50.3,226,198
2025-03-01 21:20:00,49.9,50.2,226,202
2025-03-01 21:22:00,49.9,49.9,226,203
2025-03-01 21:24:00,49.9,50.0,227,206
2025-03-01 21:26:00,66.7,50.1,226,201
2025-03-01 21:28:00,49.8,50.2,227,204
2025-03-01 21:30:00,49.9,50.1,226,205
2025-03-01 21:32:00,50.0,50.3,226,202
2025-03-01 21:34:00,50.1,50.1,226,205
2025-03-01 21:36:00,66.4,50.1,226,205
2025-03-01 21:38:00,66.7,50.1,226,208
2025-03-01 21:40:00,66.8,50.5,226,211
2025-03-01 21:42:00,50.1,50.3,226,210
2025-03-01 21:44:00,100,50.0,226,213
2025-03-01 21:46:00,50.0,50.2,226,210
2025-03-01 21:48:00,66.6,50.3,226,211
2025-03-01 21:50:00,50.1,50.2,227,215
2025-03-01 21:52:00,49.8,50.2,226,210
2025-03-01 21:54:00,99.7,49.9,226,211
2025-03-01 21:56:00,49.8,50.4,227,211
2025-03-01 21:58:00,49.8,50.4,227,209
2025-03-01 22:00:00,99.4,50.3,226,210
2025-03-01 22:02:00,50.0,50.2,226,212
2025-03-01 22:04:00,66.7,50.1,226,210
2025-03-01 22:06:00,197,50.2,226,211
2025-03-01 22:08:00,99.4,50.1,226,209
2025-03-01 22:10:00,49.9,50.3,226,201
2025-03-01 22:12:00,100.0,50.5,225,204
2025-03-01 22:14:00,66.6,50.2,227,211
2025-03-01 22:16:00,50.0,50.0,226,213
2025-03-01 22:18:00,66.6,50.2,226,211
2025-03-01 22:20:00,50.0,50.3,226,214
2025-03-01 22:22:00,50.1,50.1,227,215
2025-03-01 22:24:00,50.1,50.4,226,214
2025-03-01 22:26:00,49.9,50.5,226,215
2025-03-01 22:28:00,50.0,50.5,226,217
2025-03-01 22:30:00,49.9,49.9,226,215
2025-03-01 22:32:00,66.8,50.4,226,217
2025-03-01 22:34:00,100,50.5,226,218
2025-03-01 22:36:00,50.0,50.3,226,216
2025-03-01 22:38:00,99.7,50.2,226,217
2025-03-01 22:40:00,50.0,50.6,226,218
2025-03-01 22:42:00,66.5,50.6,226,219
2025-03-01 22:44:00,99.4,50.2,226,218
2025-03-01 22:46:00,99.4,50.1,227,218
2025-03-01 22:48:00,66.8,50.6,226,220
2025-03-01 22:50:00,50.1,50.5,226,218
2025-03-01 22:52:00,50.0,50.4,226,217
2025-03-01 22:54:00,50.0,50.2,226,218
2025-03-01 22:56:00,99.9,50.5,226,220
2025-03-01 22:58:00,99.4,50.6,226,218
2025-03-01 23:00:00,99.4,50.4,226,218
2025-03-01 23:02:00,50.1,50.2,226,219
2025-03-01 23:04:00,66.4,50.5,226,219
2025-03-01 23:06:00,50.1,50.8,226,220
2025-03-01 23:08:00,100,50.5,230,221
2025-03-01 23:10:00,50.0,50.3,230,221
2025-03-01 23:12:00,99.4,50.6,227,220
2025-03-01 23:14:00,50.1,50.6,227,220
2025-03-01 23:16:00,50.1,50.6,227,221
2025-03-01 23:18:00,50.0,50.6,227,220
2025-03-01 23:20:00,198,50.7,227,220
2025-03-01 23:22:00,99.1,50.2,227,222
2025-03-01 23:24:00,99.4,50.3,227,222
2025-03-01 23:26:00,100,50.5,227,222
2025-03-01 23:28:00,50.0,50.6,227,222
2025-03-01 23:30:00,49.8,50.5,227,220
2025-03-01 23:32:00,66.5,50.8,227,223
2025-03-01 23:34:00,50.0,50.5,227,222
2025-03-01 23:36:00,50.1,50.2,227,222
2025-03-01 23:38:00,101,50.4,227,223
2025-03-01 23:40:00,101,50.8,227,224
2025-03-01 23:42:00,50.0,50.5,227,223
2025-03-01 23:44:00,49.9,50.3,227,221
2025-03-01 23:46:00,49.9,50.5,227,222
2025-03-01 23:48:00,99.4,50.8,227,225
2025-03-01 23:50:00,100,50.6,227,222
2025-03-01 23:52:00,100,50.4,227,223
2025-03-01 23:54:00,99.4,50.5,226,224
2025-03-01 23:56:00,50.0,50.8,226,224
2025-03-01 23:58:00,50.0,50.6,226,224
2025-03-02 00:00:00,66.7,50.3,226,223
2025-03-02 00:02:00,50.1,50.6,226,225
2025-03-02 00:04:00,99.4,50.8,226,226
2025-03-02 00:06:00,50.0,50.6,226,226
2025-03-02 00:08:00,50.0,50.4,226,225
2025-03-02 00:10:00,101,50.5,226,226
2025-03-02 00:12:00,50.0,50.6,226,226
2025-03-02 00:14:00,50.0,50.8,226,227
2025-03-02 00:16:00,100,50.6,226,226
2025-03-02 00:18:00,100,50.3,226,226
2025-03-02 00:20:00,50.1,49.6,226,223
2025-03-02 00:22:00,50.0,49.7,226,226
2025-03-02 00:24:00,99.7,49.7,226,226
2025-03-02 00:26:00,50.0,49.9,227,226
2025-03-02 00:28:00,50.0,49.5,226,226
2025-03-02 00:30:00,66.7,49.7,226,224
2025-03-02 00:32:00,100,49.7,226,224
2025-03-02 00:34:00,99.6,49.8,226,226
2025-03-02 00:36:00,100,49.4,226,225
2025-03-02 00:38:00,100,49.9,226,226
2025-03-02 00:40:00,100,49.7,226,224
2025-03-02 00:42:00,66.9,49.3,226,225
2025-03-02 00:44:00,100,49.8,226,226
2025-03-02 00:46:00,50.0,49.7,228,228
2025-03-02 00:48:00,99.7,49.6,226,227
2025-03-02 00:50:00,100,49.6,226,227
2025-03-02 00:52:00,66.7,49.9,226,226
2025-03-02 00:54:00,66.5,49.9,227,227
2025-03-02 00:56:00,100,49.4,227,225
2025-03-02 00:58:00,99.4,49.7,227,227
2025-03-02 01:00:00,100,49.9,227,227
2025-03-02 01:02:00,99.4,49.7,227,224
2025-03-02 01:04:00,100,49.5,227,226
2025-03-02 01:06:00,50.0,49.8,227,226
2025-03-02 01:08:00,50.1,49.7,227,224
2025-03-02 01:10:00,66.6,49.5,227,226
2025-03-02 01:12:00,100,49.6,227,225
2025-03-02 01:14:00,100,49.7,227,226
2025-03-02 01:16:00,99.9,49.9,227,227
2025-03-02 01:18:00,66.9,49.8,227,225
2025-03-02 01:20:00,99.4,50.2,229,226
2025-03-02 01:22:00,99.4,49.9,229,227
2025-03-02 01:24:00,100,49.9,229,227
2025-03-02 01:26:00,100,49.7,229,226
2025-03-02 01:28:00,50.0,49.6,228,226
2025-03-02 01:30:00,66.5,50.2,229,228
2025-03-02 01:32:00,100,49.9,229,226
2025-03-02 01:34:00,67.0,49.6,229,226
2025-03-02 01:36:00,49.9,49.9,229,226
2025-03-02 01:38:00,67.0,49.8,229,227
2025-03-02 01:40:00,100,49.9,229,228
2025-03-02 01:42:00,100.0,49.7,229,227
2025-03-02 01:44:00,66.6,50.1,229,229
2025-03-02 01:46:00,99.4,49.8,229,228
2025-03-02 01:48:00,100,49.5,229,227
2025-03-02 01:50:00,99.4,50.1,229,226
2025-03-02 01:52:00,100,49.8,229,227
2025-03-02 01:54:00,99.4,49.7,228,229
2025-03-02 01:56:00,49.8,49.8,229,227
2025-03-02 01:58:00,66.6,50.3,229,230
2025-03-02 02:00:00,66.9,49.8,230,228
2025-03-02 02:02:00,49.9,50.0,228,229
2025-03-02 02:04:00,99.7,49.9,228,228
2025-03-02 02:06:00,50.0,49.8,229,228
2025-03-02 02:08:00,100,49.7,228,228
2025-03-02 02:10:00,50.1,49.7,228,229
2025-03-02 02:12:00,100,50.0,229,228
2025-03-02 02:14:00,99.4,49.7,228,229
2025-03-02 02:16:00,100,49.8,228,227
2025-03-02 02:18:00,50.0,49.8,228,228
2025-03-02 02:20:00,66.3,49.7,228,229
2025-03-02 02:22:00,99.9,49.7,228,228
2025-03-02 02:24:00,49.9,50.1,228,229
2025-03-02 02:26:00,100,49.9,228,228
2025-03-02 02:28:00,50.1,49.8,228,229
2025-03-02 02:30:00,99.7,49.8,228,230
2025-03-02 02:32:00,49.9,50.0,229,229
2025-03-02 02:34:00,49.8,49.8,228,229
2025-03-02 02:36:00,99.4,49.6,228,229
2025-03-02 02:38:00,99.4,50.0,229,230
2025-03-02 02:40:00,100,50.0,226,231
2025-03-02 02:42:00,100,49.9,229,230
2025-03-02 02:44:00,66.4,49.5,229,228
2025-03-02 02:46:00,49.8,50.0,229,230
2025-03-02 02:48:00,100,49.9,229,229
2025-03-02 02:50:00,50.0,49.9,229,230
2025-03-02 02:52:00,99.4,49.3,229,228
2025-03-02 02:54:00,100,49.9,229,230
2025-03-02 02:56:00,66.8,49.8,229,230
2025-03-02 02:58:00,101,49.6,229,229
2025-03-02 03:00:00,66.4,49.8,228,228
2025-03-02 03:02:00,100,49.9,229,229
2025-03-02 03:04:00,49.9,49.6,229,229
2025-03-02 03:06:00,99.7,49.9,229,228
2025-03-02 03:08:00,50.1,49.9,229,229
2025-03-02 03:10:00,49.9,49.8,230,229
2025-03-02 03:12:00,66.9,49.5,229,229
2025-03-02 03:14:00,49.9,50.0,229,229
2025-03-02 03:16:00,66.7,49.7,229,228
2025-03-02 03:18:00,66.8,49.6,229,229
2025-03-02 03:20:00,50.0,49.6,229,229
2025-03-02 03:22:00,100,49.9,229,228
2025-03-02 03:24:00,50.1,50.0,229,229
2025-03-02 03:26:00,49.9,49.8,229,230
2025-03-02 03:28:00,66.9,49.5,230,228
2025-03-02 03:30:00,49.9,50.0,230,231
2025-03-02 03:32:00,49.9,49.9,230,231
2025-03-02 03:34:00,100,49.7,230,230
2025-03-02 03:36:00,49.9,49.9,228,227
2025-03-02 03:38:00,50.0,49.9,229,229
2025-03-02 03:40:00,49.9,49.9,229,229
2025-03-02 03:42:00,50.0,49.6,230,226
2025-03-02 03:44:00,50.0,50.1,229,230
2025-03-02 03:46:00,99.9,49.8,230,230
2025-03-02 03:48:00,49.9,49.8,230,228
2025-03-02 03:50:00,49.9,49.9,230,230
2025-03-02 03:52:00,50.0,50.1,230,229
2025-03-02 03:54:00,50.0,50.0,230,229
2025-03-02 03:56:00,66.6,49.9,230,231
2025-03-02 03:58:00,66.7,50.0,230,232
2025-03-02 04:00:00,100,50.1,230,229
2025-03-02 04:02:00,50.0,50,230,229
2025-03-02 04:04:00,99.4,50.0,230,230
2025-03-02 04:06:00,49.8,49.9,230,229
2025-03-02 04:08:00,67.0,49.8,230,229
2025-03-02 04:10:00,50.1,49.6,230,227
2025-03-02 04:12:00,50.0,50.0,229,229
2025-03-02 04:14:00,49.9,50.1,229,228
2025-03-02 04:16:00,49.9,49.8,229,228
2025-03-02 04:18:00,66.7,49.4,229,227
2025-03-02 04:20:00,49.8,49.9,229,228
2025-03-02 04:22:00,50.0,49.8,230,227
2025-03-02 04:24:00,50.0,50.1,230,227
2025-03-02 04:26:00,199,49.7,230,227
2025-03-02 04:28:00,66.6,49.9,230,229
2025-03-02 04:30:00,50.0,50.1,230,228
2025-03-02 04:32:00,50.0,49.9,229,227
2025-03-02 04:34:00,49.9,49.7,230,226
2025-03-02 04:36:00,100,49.9,230,229
2025-03-02 04:38:00,99.9,49.6,230,227
2025-03-02 04:40:00,99.4,50.1,229,228
2025-03-02 04:42:00,99.6,49.8,230,227
2025-03-02 04:44:00,49.9,49.8,230,228
2025-03-02 04:46:00,50.0,49.6,230,228
2025-03-02 04:48:00,99.4,49.9,230,226
2025-03-02 04:50:00,66.8,50,230,228
2025-03-02 04:52:00,50.1,49.7,229,228
2025-03-02 04:54:00,50.0,49.5,230,227
2025-03-02 04:56:00,100,50,229,227
2025-03-02 04:58:00,100,49.8,230,228
2025-03-02 05:00:00,99.4,49.9,230,228
2025-03-02 05:02:00,49.9,49.9,230,229
2025-03-02 05:04:00,50.0,50.0,229,228
2025-03-02 05:06:00,50.1,49.7,230,227
2025-03-02 05:08:00,99.6,49.5,230,224
2025-03-02 05:10:00,50.0,50.0,230,227
2025-03-02 05:12:00,99.4,50.0,230,228
2025-03-02 05:14:00,49.9,49.7,230,228
2025-03-02 05:16:00,50.0,49.8,230,228
2025-03-02 05:18:00,49.9,50.1,229,228
2025-03-02 05:20:00,66.5,49.8,230,227
2025-03-02 05:22:00,50.1,49.8,230,229
2025-03-02 05:24:00,50.0,49.6,230,227
2025-03-02 05:26:00,99.1,50.0,229,226
2025-03-02 05:28:00,66.7,49.7,230,226
2025-03-02 05:30:00,49.9,49.8,230,227
2025-03-02 05:32:00,49.9,49.6,229,228
2025-03-02 05:34:00,49.8,49.8,230,225
2025-03-02 05:36:00,49.9,49.8,230,226
2025-03-02 05:38:00,49.9,49.7,230,225
2025-03-02 05:40:00,49.9,49.9,230,227
2025-03-02 05:42:00,49.9,49.8,230,227
2025-03-02 05:44:00,66.7,49.7,229,224
2025-03-02 05:46:00,100,49.7,230,225
2025-03-02 05:48:00,49.9,49.7,230,225
2025-03-02 05:50:00,99.4,50.3,229,222
2025-03-02 05:52:00,50.0,50.0,230,215
2025-03-02 05:54:00,100,50.2,230,215
2025-03-02 05:56:00,99.4,50.3,230,216
2025-03-02 05:58:00,50.0,50.3,229,218
2025-03-02 06:00:00,99.4,49.9,229,215
2025-03-02 06:02:00,50.1,50.0,230,222
2025-03-02 06:04:00,66.6,50.2,230,219
2025-03-02 06:06:00,66.8,50.1,230,221
2025-03-02 06:08:00,49.9,50.1,230,209
2025-03-02 06:10:00,50.0,50.0,229,211
2025-03-02 06:12:00,50.0,50.2,230,213
2025-03-02 06:14:00,49.8,50.1,229,212
2025-03-02 06:16:00,66.5,50.0,230,211
2025-03-02 06:18:00,66.5,50.2,230,221
2025-03-02 06:20:00,49.9,50.3,229,225
2025-03-02 06:22:00,49.9,50.2,229,224
2025-03-02 06:24:00,50.0,49.8,230,223
2025-03-02 06:26:00,50.0,50.2,230,222
2025-03-02 06:28:00,50.0,50.1,230,222
2025-03-02 06:30:00,50.1,50.1,230,221
2025-03-02 06:32:00,66.5,50.0,229,222
2025-03-02 06:34:00,66.8,49.9,230,220
2025-03-02 06:36:00,49.9,49.8,230,222
2025-03-02 06:38:00,50.1,50.1,230,223
2025-03-02 06:40:00,50.0,49.9,229,221
2025-03-02 06:42:00,50.1,49.8,230,219
2025-03-02 06:44:00,100,50.2,230,219
2025-03-02 06:46:00,99.9,50.3,229,219
2025-03-02 06:48:00,50.0,50.0,230,218
2025-03-02 06:50:00,50.1,50.0,229,219
2025-03-02 06:52:00,49.9,50.1,230,221
2025-03-02 06:54:00,50.0,49.7,230,219
2025-03-02 06:56:00,49.9,49.9,230,216
2025-03-02 06:58:00,99.1,49.9,230,220
2025-03-02 07:00:00,100.0,50.1,229,218
2025-03-02 07:02:00,100.0,50.1,230,215
2025-03-02 07:04:00,66.5,49.8,229,222
2025-03-02 07:06:00,99.1,49.8,229,223
2025-03-02 07:08:00,49.9,50.0,230,216
2025-03-02 07:10:00,49.8,49.9,229,218
2025-03-02 07:12:00,50.0,49.9,229,211
2025-03-02 07:14:00,100,49.9,228,211
2025-03-02 07:16:00,50.0,50.1,228,217
2025-03-02 07:18:00,49.9,50.1,229,220
2025-03-02 07:20:00,100,49.9,229,222
2025-03-02 07:22:00,66.8,49.8,229,220
2025-03-02 07:24:00,101,50.1,229,218
2025-03-02 07:26:00,50.0,50.1,229,222
2025-03-02 07:28:00,49.9,50,229,224
2025-03-02 07:30:00,49.9,50.0,229,219
2025-03-02 07:32:00,49.9,49.8,229,221
2025-03-02 07:34:00,66.6,49.9,229,227
2025-03-02 07:36:00,66.6,49.9,229,230
2025-03-02 07:38:00,49.9,49.7,229,226
2025-03-02 07:40:00,49.9,49.9,229,226
2025-03-02 07:42:00,49.9,49.9,228,228
2025-03-02 07:44:00,50.0,50,228,229
2025-03-02 07:46:00,50.0,50.1,229,223
2025-03-02 07:48:00,50.0,49.9,229,216
2025-03-02 07:50:00,49.9,49.6,228,218
2025-03-02 07:52:00,49.9,49.9,228,219
2025-03-02 07:54:00,100,49.8,228,213
2025-03-02 07:56:00,100,49.8,229,211
2025-03-02 07:58:00,66.6,49.8,229,213
2025-03-02 08:00:00,100.0,49.7,228,216
2025-03-02 08:02:00,50.0,49.9,230,214
2025-03-02 08:04:00,99.3,49.7,230,219
2025-03-02 08:06:00,49.9,49.8,230,216
2025-03-02 08:08:00,99.7,49.9,230,221
2025-03-02 08:10:00,50.0,50.0,230,220
2025-03-02 08:12:00,50.0,50.1,230,216
2025-03-02 08:14:00,50.1,49.9,230,223
2025-03-02 08:16:00,100.0,50.0,230,217
2025-03-02 08:18:00,49.9,49.7,230,217
2025-03-02 08:20:00,100,50.2,230,217
2025-03-02 08:22:00,50.1,49.7,230,220
2025-03-02 08:24:00,99.4,49.6,230,221
2025-03-02 08:26:00,66.4,50.1,229,222
2025-03-02 08:28:00,50.1,49.9,230,220
2025-03-02 08:30:00,50.1,49.7,228,217
2025-03-02 08:32:00,50.0,49.8,230,219
2025-03-02 08:34:00,100,50.0,230,215
2025-03-02 08:36:00,100,49.7,230,215
2025-03-02 08:38:00,50.0,49.7,230,218
2025-03-02 08:40:00,50.0,50.0,230,218
2025-03-02 08:42:00,66.5,49.8,230,218
2025-03-02 08:44:00,50.1,49.9,230,215
2025-03-02 08:46:00,49.9,49.8,230,211
2025-03-02 08:48:00,49.9,49.6,230,209
2025-03-02 08:50:00,49.8,56.8,230,233
2025-03-02 08:52:00,50.1,57.0,230,236
2025-03-02 08:54:00,50.0,56.8,230,240
2025-03-02 08:56:00,49.9,56.6,231,242
2025-03-02 08:58:00,100,56.8,230,239
2025-03-02 09:00:00,66.5,57.0,230,237
2025-03-02 09:02:00,50.1,56.8,230,240
2025-03-02 09:04:00,50.0,56.8,230,242
2025-03-02 09:06:00,50.1,56.3,230,239
2025-03-02 09:08:00,100,56.1,230,238
2025-03-02 09:10:00,50.0,56.3,230,235
2025-03-02 09:12:00,50.0,56.4,230,234
2025-03-02 09:14:00,50.1,56.6,230,236
2025-03-02 09:16:00,49.9,56.9,230,239
2025-03-02 09:18:00,66.6,56.8,231,239
2025-03-02 09:20:00,99.7,56.3,230,239
2025-03-02 09:22:00,50.0,56.8,230,241
2025-03-02 09:24:00,50.0,56.7,230,241
2025-03-02 09:26:00,100,56.6,229,244
2025-03-02 09:28:00,50.0,56.5,229,245
2025-03-02 09:30:00,50.1,56.5,229,241
2025-03-02 09:32:00,99.4,56.5,229,243
2025-03-02 09:34:00,49.8,56.9,229,241
2025-03-02 09:36:00,99.7,56.7,229,239
2025-03-02 09:38:00,100,55.2,229,241
2025-03-02 09:40:00,50.1,55.3,229,240
2025-03-02 09:42:00,66.8,55.6,229,238
2025-03-02 09:44:00,49.9,54.2,229,242
2025-03-02 09:46:00,99.4,55.0,229,240
2025-03-02 09:48:00,99.3,54.1,229,241
2025-03-02 09:50:00,50.0,55.0,229,239
2025-03-02 09:52:00,50.1,55.0,229,244
2025-03-02 09:54:00,50.1,55.7,229,239
2025-03-02 09:56:00,50.1,55.5,229,239
2025-03-02 09:58:00,99.3,55.7,229,237
2025-03-02 10:00:00,100,56.0,229,238
2025-03-02 10:02:00,99.4,55.5,229,240
2025-03-02 10:04:00,49.9,55.4,229,239
2025-03-02 10:06:00,100,55.6,229,240
2025-03-02 10:08:00,50.1,55.4,229,239
2025-03-02 10:10:00,100.0,55.1,229,237
2025-03-02 10:12:00,100,53.2,229,243
2025-03-02 10:14:00,50.1,55.8,229,239
2025-03-02 10:16:00,66.6,55.6,229,240
2025-03-02 10:18:00,66.4,55.5,229,240
2025-03-02 10:20:00,100.0,55.5,229,238
2025-03-02 10:22:00,100,54.9,229,239
2025-03-02 10:24:00,50.0,54.6,229,237
2025-03-02 10:26:00,99.9,55.3,229,240
2025-03-02 10:28:00,99.9,55.7,229,236
2025-03-02 10:30:00,50.1,55.2,229,237
2025-03-02 10:32:00,99.4,54.6,229,243
2025-03-02 10:34:00,66.5,55.3,229,240
2025-03-02 10:36:00,99.4,55.4,229,241
2025-03-02 10:38:00,66.9,54.8,229,239
2025-03-02 10:40:00,49.9,55.3,229,241
2025-03-02 10:42:00,66.5,56.0,229,241
2025-03-02 10:44:00,50.0,56.4,228,241
2025-03-02 10:46:00,99.9,56.7,228,239
2025-03-02 10:48:00,50.2,56.5,229,238
2025-03-02 10:50:00,50.0,56.5,229,243
2025-03-02 10:52:00,49.8,56.6,229,241
2025-03-02 10:54:00,49.9,56.7,228,241
2025-03-02 10:56:00,66.4,56.4,229,241
2025-03-02 10:58:00,49.9,56.6,229,244
2025-03-02 11:00:00,99.1,56.1,228,239
2025-03-02 11:02:00,100,55.9,229,238
2025-03-02 11:04:00,49.9,56.1,229,239
2025-03-02 11:06:00,100,56.6,228,239
2025-03-02 11:08:00,49.9,56.8,228,240
2025-03-02 11:10:00,50.1,56.6,229,239
2025-03-02 11:12:00,100.0,56.4,227,242
2025-03-02 11:14:00,50.0,55.2,226,243
2025-03-02 11:16:00,66.5,56.1,227,242
2025-03-02 11:18:00,100,56.7,227,240
2025-03-02 11:20:00,50.0,56.7,226,241
2025-03-02 11:22:00,99.4,56.5,226,239
2025-03-02 11:24:00,66.6,56.6,226,241
2025-03-02 11:26:00,50.1,56.3,226,244
2025-03-02 11:28:00,100,56.5,226,244
2025-03-02 11:30:00,50.0,56.1,226,244
2025-03-02 11:32:00,66.7,56.2,227,244
2025-03-02 11:34:00,100,56.6,226,242
2025-03-02 11:36:00,50.0,56.4,226,245
2025-03-02 11:38:00,50.1,56.0,226,243
2025-03-02 11:40:00,99.3,56.0,226,241
2025-03-02 11:42:00,49.9,55.7,226,248
2025-03-02 11:44:00,49.9,55.7,227,247
2025-03-02 11:46:00,99.4,56.0,227,245
2025-03-02 11:48:00,100,55.9,227,245
2025-03-02 11:50:00,99.2,55.6,226,248
2025-03-02 11:52:00,99.4,55.5,227,246
2025-03-02 11:54:00,99.1,55.2,227,242
2025-03-02 11:56:00,66.9,55.7,227,242
2025-03-02 11:58:00,100,56.0,227,246
2025-03-02 12:00:00,50.0,55.6,227,247
2025-03-02 12:02:00,50.1,55.2,226,246
2025-03-02 12:04:00,50.1,55.6,227,246
2025-03-02 12:06:00,99.6,55.6,227,245
2025-03-02 12:08:00,66.7,56.0,227,245
2025-03-02 12:10:00,49.8,55.8,227,248
2025-03-02 12:12:00,100,55.7,226,249
2025-03-02 12:14:00,50.0,55.7,227,247
2025-03-02 12:16:00,100,55.8,226,247
2025-03-02 12:18:00,198,56.0,227,246
2025-03-02 12:20:00,99.2,54.6,226,243
2025-03-02 12:22:00,101,54.8,226,240
2025-03-02 12:24:00,67.0,55.0,226,239
2025-03-02 12:26:00,100,55.3,226,241
2025-03-02 12:28:00,100,54.8,227,244
2025-03-02 12:30:00,66.5,54.8,226,242
2025-03-02 12:32:00,50.0,54.0,226,242
2025-03-02 12:34:00,100,55.3,226,242
2025-03-02 12:36:00,66.9,54.4,226,241
2025-03-02 12:38:00,50.0,55.6,226,239
2025-03-02 12:40:00,50.0,54.6,226,243
2025-03-02 12:42:00,50.0,52.1,226,246
2025-03-02 12:44:00,99.6,53.8,226,243
2025-03-02 12:46:00,99.4,53.1,226,248
2025-03-02 12:48:00,99.4,53.7,226,247
2025-03-02 12:50:00,50.0,51.4,226,241
2025-03-02 12:52:00,50.0,51.3,226,240
2025-03-02 12:54:00,50.1,51.5,226,240
2025-03-02 12:56:00,66.8,51.3,226,239
2025-03-02 12:58:00,67.0,51.7,226,240
2025-03-02 13:00:00,66.4,51.7,226,240
2025-03-02 13:02:00,66.4,49.7,226,211
2025-03-02 13:04:00,66.4,49.9,226,211
2025-03-02 13:06:00,50.0,49.7,226,212
2025-03-02 13:08:00,100,49.9,226,214
2025-03-02 13:10:00,49.9,49.8,226,214
2025-03-02 13:12:00,66.8,49.6,226,213
2025-03-02 13:14:00,100.0,49.7,226,214
2025-03-02 13:16:00,66.5,49.6,226,210
2025-03-02 13:18:00,49.9,49.6,226,208
2025-03-02 13:20:00,99.7,49.5,226,212
2025-03-02 13:22:00,100,49.5,226,211
2025-03-02 13:24:00,49.9,49.9,226,212
2025-03-02 13:26:00,50.1,49.8,226,214
2025-03-02 13:28:00,49.9,49.9,226,213
2025-03-02 13:30:00,100,49.6,226,212
2025-03-02 13:32:00,50.1,49.7,226,213
2025-03-02 13:34:00,50.0,49.8,226,217
2025-03-02 13:36:00,50.1,49.9,226,220
2025-03-02 13:38:00,100,49.7,226,218
2025-03-02 13:40:00,49.9,49.7,227,218
2025-03-02 13:42:00,99.9,49.6,226,214
2025-03-02 13:44:00,100,50.0,226,215
2025-03-02 13:46:00,99.4,49.9,226,214
2025-03-02 13:48:00,49.9,49.7,227,217
2025-03-02 13:50:00,67.0,49.7,226,218
2025-03-02 13:52:00,66.6,49.7,227,217
2025-03-02 13:54:00,99.6,49.5,226,214
2025-03-02 13:56:00,66.6,49.8,227,215
2025-03-02 13:58:00,100,49.8,226,215
2025-03-02 14:00:00,101,49.6,226,213
2025-03-02 14:02:00,50.1,49.8,226,214
2025-03-02 14:04:00,99.2,49.6,226,211
2025-03-02 14:06:00,49.8,49.8,226,213
2025-03-02 14:08:00,66.9,49.6,226,215
2025-03-02 14:10:00,50.0,49.7,224,214
2025-03-02 14:12:00,99.2,49.8,226,213
2025-03-02 14:14:00,50.1,49.9,226,212
2025-03-02 14:16:00,50,49.8,227,211
2025-03-02 14:18:00,50.1,49.9,227,216
2025-03-02 14:20:00,50.0,49.7,226,215
2025-03-02 14:22:00,49.9,49.8,226,216
2025-03-02 14:24:00,99.4,49.5,227,217
2025-03-02 14:26:00,66.7,49.8,227,214
2025-03-02 14:28:00,100,49.8,227,210
2025-03-02 14:30:00,49.9,49.5,226,210
2025-03-02 14:32:00,49.8,49.7,226,215
2025-03-02 14:34:00,50.0,49.6,226,213
2025-03-02 14:36:00,66.6,49.7,226,208
2025-03-02 14:38:00,49.9,49.7,227,214
2025-03-02 14:40:00,50.1,49.9,226,213
2025-03-02 14:42:00,50.0,49.4,226,212
2025-03-02 14:44:00,49.8,49.5,226,209
2025-03-02 14:46:00,50.1,49.7,226,205
2025-03-02 14:48:00,99.7,49.5,226,209
2025-03-02 14:50:00,49.8,49.4,226,207
2025-03-02 14:52:00,49.9,49.6,226,210
2025-03-02 14:54:00,49.9,49.8,226,211
2025-03-02 14:56:00,50.0,49.7,226,211
2025-03-02 14:58:00,99.4,49.6,226,212
2025-03-02 15:00:00,50.0,49.9,226,213
2025-03-02 15:02:00,66.7,49.7,226,212
2025-03-02 15:04:00,101,50.0,227,213
2025-03-02 15:06:00,66.6,49.8,226,209
2025-03-02 15:08:00,66.6,49.7,226,212
2025-03-02 15:10:00,100,49.8,226,211
2025-03-02 15:12:00,50.0,49.8,226,209
2025-03-02 15:14:00,66.4,49.8,227,207
2025-03-02 15:16:00,50.0,49.6,226,211
2025-03-02 15:18:00,50.0,49.9,226,212
2025-03-02 15:20:00,50.0,52.8,226,239
2025-03-02 15:22:00,49.9,52.9,227,243
2025-03-02 15:24:00,50.0,53.1,227,243
2025-03-02 15:26:00,49.9,52.9,226,244
2025-03-02 15:28:00,99.7,52.9,227,243
2025-03-02 15:30:00,66.6,53.0,227,244
2025-03-02 15:32:00,49.9,53.1,225,244
2025-03-02 15:34:00,49.8,53.1,226,242
2025-03-02 15:36:00,66.5,53.0,226,243
2025-03-02 15:38:00,50.0,53.2,226,241
2025-03-02 15:40:00,100,52.9,227,240
2025-03-02 15:42:00,66.5,53.0,226,239
2025-03-02 15:44:00,50.0,53.0,226,241
2025-03-02 15:46:00,66.4,53.2,226,241
2025-03-02 15:48:00,50.1,52.8,226,242
2025-03-02 15:50:00,50.0,52.6,226,240
2025-03-02 15:52:00,50.1,52.8,226,241
2025-03-02 15:54:00,100,52.8,227,240
2025-03-02 15:56:00,50.0,52.8,227,241
2025-03-02 15:58:00,50,52.9,227,241
2025-03-02 16:00:00,50.0,53.3,226,243
2025-03-02 16:02:00,99.4,53.0,227,243
2025-03-02 16:04:00,50.1,52.8,227,241
2025-03-02 16:06:00,49.9,52.7,226,243
2025-03-02 16:08:00,49.9,52.7,226,246
2025-03-02 16:10:00,100,52.8,226,243
2025-03-02 16:12:00,50.1,52.9,226,243
2025-03-02 16:14:00,100,52.8,226,245
2025-03-02 16:16:00,99.6,52.8,226,242
2025-03-02 16:18:00,66.5,53.1,226,240
2025-03-02 16:20:00,99.4,52.9,226,242
2025-03-02 16:22:00,100,52.9,226,242
2025-03-02 16:24:00,66.9,52.7,226,241
2025-03-02 16:26:00,50.0,52.8,226,242
2025-03-02 16:28:00,66.8,53.0,226,242
2025-03-02 16:30:00,50.1,53.1,227,241
2025-03-02 16:32:00,50.1,52.9,226,242
2025-03-02 16:34:00,66.8,52.8,226,243
2025-03-02 16:36:00,50.0,52.7,226,244
2025-03-02 16:38:00,50.0,52.7,226,242
2025-03-02 16:40:00,50.0,52.5,226,244
2025-03-02 16:42:00,50.0,52.5,226,244
2025-03-02 16:44:00,49.8,52.6,226,242
2025-03-02 16:46:00,99.9,52.6,226,243
2025-03-02 16:48:00,50.1,52.8,226,242
2025-03-02 16:50:00,66.5,52.8,226,243
2025-03-02 16:52:00,99.4,52.7,227,243
2025-03-02 16:54:00,100,52.8,227,244
2025-03-02 16:56:00,49.9,52.8,227,243
2025-03-02 16:58:00,49.9,52.8,227,241
2025-03-02 17:00:00,49.9,52.8,227,242
2025-03-02 17:02:00,66.7,52.7,227,241
2025-03-02 17:04:00,49.9,52.9,227,240
2025-03-02 17:06:00,50.1,52.9,227,238
2025-03-02 17:08:00,49.8,52.8,227,238
2025-03-02 17:10:00,99.4,52.9,227,238
2025-03-02 17:12:00,50.1,52.9,227,241
2025-03-02 17:14:00,49.9,52.8,227,239
2025-03-02 17:16:00,99.2,52.9,227,241
2025-03-02 17:18:00,50.0,52.6,227,240
2025-03-02 17:20:00,66.8,51.4,227,236
2025-03-02 17:22:00,50.0,51.6,227,237
2025-03-02 17:24:00,50.1,51.8,227,238
2025-03-02 17:26:00,99.3,51.9,227,239
2025-03-02 17:28:00,50.0,51.7,227,238
2025-03-02 17:30:00,66.7,51.8,227,237
2025-03-02 17:32:00,49.9,51.7,227,239
2025-03-02 17:34:00,49.9,51.7,226,238
2025-03-02 17:36:00,99.4,51.6,227,239
2025-03-02 17:38:00,99.3,51.6,227,238
2025-03-02 17:40:00,66.4,51.6,227,239
2025-03-02 17:42:00,197,51.7,227,241
2025-03-02 17:44:00,66.4,51.6,227,239
2025-03-02 17:46:00,100,51.6,227,239
2025-03-02 17:48:00,100,51.6,227,239
2025-03-02 17:50:00,100,51.7,226,237
2025-03-02 17:52:00,99.4,51.8,227,238
2025-03-02 17:54:00,49.9,51.7,227,240
2025-03-02 17:56:00,49.9,51.5,227,241
2025-03-02 17:58:00,50.2,51.4,227,239
2025-03-02 18:00:00,100,51.4,226,238
2025-03-02 18:02:00,100,51.5,226,239
2025-03-02 18:04:00,50.0,51.5,226,238
2025-03-02 18:06:00,49.9,51.7,226,237
2025-03-02 18:08:00,100,51.7,226,238
2025-03-02 18:10:00,99.4,51.5,226,236
2025-03-02 18:12:00,66.5,51.5,227,238
2025-03-02 18:14:00,99.7,51.7,226,239
2025-03-02 18:16:00,50.0,5208,226,0.799
2025-03-02 18:18:00,50.0,51.5,226,236
2025-03-02 18:20:00,49.9,51.4,226,238
2025-03-02 18:22:00,100,51.3,226,239
2025-03-02 18:24:00,50.0,51.2,226,237
2025-03-02 18:26:00,66.4,51.3,226,237
2025-03-02 18:28:00,99.4,51.3,226,237
2025-03-02 18:30:00,50.0,51.8,226,236
2025-03-02 18:32:00,49.9,51.7,226,235
2025-03-02 18:34:00,50.0,51.8,226,236
2025-03-02 18:36:00,66.7,51.8,226,237
2025-03-02 18:38:00,49.9,51.8,226,238
2025-03-02 18:40:00,50.1,51.9,226,240
2025-03-02 18:42:00,50.0,51.8,226,236
2025-03-02 18:44:00,100,52.0,226,234
2025-03-02 18:46:00,49.9,51.9,226,234
2025-03-02 18:48:00,49.9,51.6,226,237
2025-03-02 18:50:00,50.1,51.8,226,238
2025-03-02 18:52:00,49.9,52.2,226,242
2025-03-02 18:54:00,50.1,52.2,226,242
2025-03-02 18:56:00,50.0,52.4,226,240
2025-03-02 18:58:00,66.4,52.0,226,238
2025-03-02 19:00:00,50.0,52.2,226,240
2025-03-02 19:02:00,66.9,51.8,226,241
2025-03-02 19:04:00,50.1,52.3,226,244
2025-03-02 19:06:00,50.2,51.9,226,240
2025-03-02 19:08:00,66.8,52.1,227,240
2025-03-02 19:10:00,50.1,52.2,227,238
2025-03-02 19:12:00,49.9,52.1,226,240
2025-03-02 19:14:00,49.9,52.2,226,241
2025-03-02 19:16:00,100,52.0,226,243
2025-03-02 19:18:00,99.4,52.1,226,247
2025-03-02 19:20:00,50.1,52.0,226,245
2025-03-02 19:22:00,66.6,52.2,226,241
2025-03-02 19:24:00,50.1,52.1,227,241
2025-03-02 19:26:00,99.1,51.9,226,245
2025-03-02 19:28:00,50.0,51.9,226,242
2025-03-02 19:30:00,50.0,52.1,226,247
2025-03-02 19:32:00,99.4,52.0,226,247
2025-03-02 19:34:00,50.0,52.2,226,245
2025-03-02 19:36:00,66.7,52.0,226,242
2025-03-02 19:38:00,66.9,52.2,226,240
2025-03-02 19:40:00,50.0,52.2,226,239
2025-03-02 19:42:00,100,52.3,226,241
2025-03-02 19:44:00,50.0,52.6,226,244
2025-03-02 19:46:00,66.7,52.3,226,243
2025-03-02 19:48:00,49.9,52.1,226,239
2025-03-02 19:50:00,66.4,52.1,226,239
2025-03-02 19:52:00,99.1,52.0,226,245
2025-03-02 19:54:00,49.9,51.9,226,245
2025-03-02 19:56:00,50.0,52.1,226,243
2025-03-02 19:58:00,50.1,52.3,226,242
2025-03-02 20:00:00,50,52.4,226,243
2025-03-02 20:02:00,50.0,52.2,226,241
2025-03-02 20:04:00,100,52.4,226,243
2025-03-02 20:06:00,50.1,52.4,227,242
2025-03-02 20:08:00,50.0,52.5,226,242
2025-03-02 20:10:00,66.9,52.4,226,240
2025-03-02 20:12:00,49.9,52.3,226,243
2025-03-02 20:14:00,66.6,52.7,226,246
2025-03-02 20:16:00,66.5,52.5,226,244
2025-03-02 20:18:00,100,52.4,226,241
2025-03-02 20:20:00,49.9,52.4,226,240
2025-03-02 20:22:00,50.0,52.4,226,242
2025-03-02 20:24:00,50.0,52.5,226,244
2025-03-02 20:26:00,50.0,52.7,226,245
2025-03-02 20:28:00,49.9,52.5,226,246
2025-03-02 20:30:00,99.6,52.2,226,242
2025-03-02 20:32:00,49.9,52.6,227,243
2025-03-02 20:34:00,50.0,52.5,226,243
2025-03-02 20:36:00,99.6,52.1,226,239
2025-03-02 20:38:00,50.0,52.4,227,241
2025-03-02 20:40:00,66.7,52.4,231,244
2025-03-02 20:42:00,49.9,52.5,231,242
2025-03-02 20:44:00,99.7,52.1,230,238
2025-03-02 20:46:00,66.6,52.4,230,241
2025-03-02 20:48:00,99.1,52.3,230,241
2025-03-02 20:50:00,50.0,52.5,230,242
2025-03-02 20:52:00,50.1,52.6,230,243
2025-03-02 20:54:00,49.9,52.7,230,242
2025-03-02 20:56:00,50.0,52.6,230,245
2025-03-02 20:58:00,101,52.5,230,241
2025-03-02 21:00:00,49.9,52.5,230,244
2025-03-02 21:02:00,50.0,52.4,230,241
2025-03-02 21:04:00,99.4,52.6,230,241
2025-03-02 21:06:00,99.9,52.3,230,240
2025-03-02 21:08:00,99.1,52.5,230,245
2025-03-02 21:10:00,49.9,52.5,230,242
2025-03-02 21:12:00,99.4,52.3,230,244
2025-03-02 21:14:00,100,52.4,230,240
2025-03-02 21:16:00,99.4,52.5,231,240
2025-03-02 21:18:00,99.4,52.5,230,240
2025-03-02 21:20:00,49.9,52.6,230,242
2025-03-02 21:22:00,66.5,52.5,230,243
2025-03-02 21:24:00,49.9,52.5,230,243
2025-03-02 21:26:00,198,52.4,230,240
2025-03-02 21:28:00,66.5,52.4,231,240
2025-03-02 21:30:00,99.7,52.5,230,242
2025-03-02 21:32:00,199,52.5,230,240
2025-03-02 21:34:00,66.8,52.5,230,239
2025-03-02 21:36:00,100,52.7,230,242
2025-03-02 21:38:00,99.4,52.6,230,241
2025-03-02 21:40:00,66.5,52.5,230,244
2025-03-02 21:42:00,66.8,52.4,230,241
2025-03-02 21:44:00,50.0,52.5,230,241
2025-03-02 21:46:00,100,52.5,226,240
2025-03-02 21:48:00,100,52.5,226,239
2025-03-02 21:50:00,50.0,52.7,226,242
2025-03-02 21:52:00,100,52.5,226,241
2025-03-02 21:54:00,99.6,52.6,226,241
2025-03-02 21:56:00,66.6,52.5,226,239
2025-03-02 21:58:00,100,52.5,226,238
2025-03-02 22:00:00,66.4,52.6,226,241
2025-03-02 22:02:00,100,52.5,226,241
2025-03-02 22:04:00,100,52.7,226,241
2025-03-02 22:06:00,50.1,52.8,226,243
2025-03-02 22:08:00,100,52.7,226,241
2025-03-02 22:10:00,49.9,52.5,226,239
2025-03-02 22:12:00,50.0,52.4,226,241
2025-03-02 22:14:00,66.8,52.6,226,238
2025-03-02 22:16:00,49.9,52.5,226,240
2025-03-02 22:18:00,101,52.5,226,238
2025-03-02 22:20:00,49.9,52.8,226,242
2025-03-02 22:22:00,50.0,52.8,226,242
2025-03-02 22:24:00,99.4,52.6,226,242
2025-03-02 22:26:00,66.9,52.6,226,240
2025-03-02 22:28:00,49.9,52.4,226,238
2025-03-02 22:30:00,50.0,52.6,226,238
2025-03-02 22:32:00,100,52.6,226,238
2025-03-02 22:34:00,50.0,52.7,226,240
2025-03-02 22:36:00,50.0,52.6,226,242
2025-03-02 22:38:00,100,52.5,226,240
2025-03-02 22:40:00,50.0,52.5,226,239
2025-03-02 22:42:00,50.1,52.7,227,240
2025-03-02 22:44:00,49.9,52.6,226,239
2025-03-02 22:46:00,100,52.7,227,240
2025-03-02 22:48:00,99.7,52.7,226,240
2025-03-02 22:50:00,66.9,52.8,227,241
2025-03-02 22:52:00,50.0,52.8,226,243
2025-03-02 22:54:00,50.0,52.9,227,243
2025-03-02 22:56:00,50.0,52.6,226,240
2025-03-02 22:58:00,199,52.6,227,240
2025-03-02 23:00:00,66.6,52.5,227,239
2025-03-02 23:02:00,49.9,52.6,226,240
2025-03-02 23:04:00,100,52.8,226,242
2025-03-02 23:06:00,101,52.6,227,242
2025-03-02 23:08:00,50.0,52.7,227,242
2025-03-02 23:10:00,66.6,52.5,227,241
2025-03-02 23:12:00,49.9,52.5,226,241
2025-03-02 23:14:00,66.8,52.5,227,243
2025-03-02 23:16:00,49.9,52.5,227,241
2025-03-02 23:18:00,100,52.5,227,243
2025-03-02 23:20:00,50.0,52.4,226,243
2025-03-02 23:22:00,50.1,52.8,226,243
2025-03-02 23:24:00,66.4,52.7,226,243
2025-03-02 23:26:00,49.8,52.6,226,241
2025-03-02 23:28:00,50.0,52.5,226,240
2025-03-02 23:30:00,50.1,52.6,226,242
2025-03-02 23:32:00,50.0,52.6,226,238
2025-03-02 23:34:00,50.0,52.4,226,240
2025-03-02 23:36:00,50.0,52.6,226,242
2025-03-02 23:38:00,66.8,52.6,226,244
2025-03-02 23:40:00,50.1,52.7,226,242
2025-03-02 23:42:00,50.1,52.5,226,242
2025-03-02 23:44:00,49.9,52.5,226,241
2025-03-02 23:46:00,50.0,52.5,226,243
2025-03-02 23:48:00,50.1,52.4,226,241
2025-03-02 23:50:00,50.1,52.6,226,244
2025-03-02 23:52:00,50.0,52.5,226,245
2025-03-02 23:54:00,99.4,52.5,226,243
2025-03-02 23:56:00,49.9,52.6,227,244
2025-03-02 23:58:00,50.1,52.4,226,243
2025-03-03 00:00:00,66.8,52.5,226,242
2025-03-03 00:02:00,50.1,52.6,226,240
2025-03-03 00:04:00,99.4,52.5,226,242
2025-03-03 00:06:00,49.9,52.6,226,244
2025-03-03 00:08:00,49.8,52.6,226,244
2025-03-03 00:10:00,49.9,52.6,226,244
2025-03-03 00:12:00,49.8,52.6,226,244
2025-03-03 00:14:00,100,52.3,226,239
2025-03-03 00:16:00,66.5,52.4,227,243
2025-03-03 00:18:00,49.9,52.5,226,243
2025-03-03 00:20:00,66.6,52.5,227,242
2025-03-03 00:22:00,99.7,52.6,226,245
2025-03-03 00:24:00,49.9,52.5,227,245
2025-03-03 00:26:00,49.9,52.6,227,245
2025-03-03 00:28:00,50.0,52.9,227,244
2025-03-03 00:30:00,100,52.5,227,242
2025-03-03 00:32:00,66.6,52.5,227,241
2025-03-03 00:34:00,50.0,52.6,227,241
2025-03-03 00:36:00,50.0,52.6,227,243
2025-03-03 00:38:00,66.9,52.6,227,242
2025-03-03 00:40:00,100,52.9,226,244
2025-03-03 00:42:00,66.9,52.7,227,242
2025-03-03 00:44:00,50.0,52.7,227,245
2025-03-03 00:46:00,50.1,52.7,227,244
2025-03-03 00:48:00,49.9,52.4,227,242
2025-03-03 00:50:00,49.9,52.5,227,242
2025-03-03 00:52:00,99.4,52.6,227,240
2025-03-03 00:54:00,50.1,52.5,227,242
2025-03-03 00:56:00,100,52.7,227,242
2025-03-03 00:58:00,100,52.7,227,244
2025-03-03 01:00:00,66.5,52.5,227,245
2025-03-03 01:02:00,49.9,52.6,227,247
2025-03-03 01:04:00,49.9,52.6,227,240
2025-03-03 01:06:00,50.1,52.5,227,243
2025-03-03 01:08:00,99.4,52.2,227,240
2025-03-03 01:10:00,100,52.5,227,242
2025-03-03 01:12:00,50.0,52.6,227,243
2025-03-03 01:14:00,100,52.8,227,243
2025-03-03 01:16:00,49.9,52.6,226,243
2025-03-03 01:18:00,50.0,52.6,226,243
2025-03-03 01:20:00,49.9,52.5,227,241
2025-03-03 01:22:00,100,52.6,226,241
2025-03-03 01:24:00,50.0,52.7,226,239
2025-03-03 01:26:00,50.0,52.5,226,241
2025-03-03 01:28:00,100,52.7,226,244
2025-03-03 01:30:00,66.7,52.5,226,246
2025-03-03 01:32:00,49.9,52.5,226,243
2025-03-03 01:34:00,49.9,52.5,226,244
2025-03-03 01:36:00,50.0,52.5,226,242
2025-03-03 01:38:00,50.1,52.5,226,242
2025-03-03 01:40:00,99.4,52.5,226,241
2025-03-03 01:42:00,49.9,52.5,226,243
2025-03-03 01:44:00,100,52.9,226,241
2025-03-03 01:46:00,100,52.7,226,243
2025-03-03 01:48:00,66.3,52.7,226,243
2025-03-03 01:50:00,50.1,52.6,226,245
2025-03-03 01:52:00,50.1,52.5,226,242
2025-03-03 01:54:00,49.9,52.6,226,240
2025-03-03 01:56:00,100,52.5,226,240
2025-03-03 01:58:00,50.0,52.5,226,241
2025-03-03 02:00:00,100,52.7,228,250
2025-03-03 02:02:00,99.3,52.7,229,242
2025-03-03 02:04:00,50.0,52.9,227,242
2025-03-03 02:06:00,100,52.8,227,242
2025-03-03 02:08:00,100,52.6,227,240
2025-03-03 02:10:00,49.9,52.5,226,240
2025-03-03 02:12:00,100,52.6,226,241
2025-03-03 02:14:00,100,52.6,226,240
2025-03-03 02:16:00,50.0,52.6,226,241
2025-03-03 02:18:00,50.0,52.6,227,242
2025-03-03 02:20:00,99.4,52.8,227,245
2025-03-03 02:22:00,66.4,52.6,226,243
2025-03-03 02:24:00,99.4,52.7,227,241
2025-03-03 02:26:00,100,52.8,227,240
2025-03-03 02:28:00,100,52.4,226,240
2025-03-03 02:30:00,99.4,52.3,227,243
2025-03-03 02:32:00,66.9,52.6,226,243
2025-03-03 02:34:00,50.2,53.1,226,242
2025-03-03 02:36:00,100,53.0,226,242
2025-03-03 02:38:00,99.8,52.7,226,244
2025-03-03 02:40:00,99.1,52.7,226,241
2025-03-03 02:42:00,66.6,52.6,226,243
2025-03-03 02:44:00,49.9,52.6,226,240
2025-03-03 02:46:00,100,52.6,226,239
2025-03-03 02:48:00,66.8,52.5,226,241
2025-03-03 02:50:00,50.1,52.7,226,244
2025-03-03 02:52:00,50,52.6,226,244
2025-03-03 02:54:00,50.0,53.0,226,244
2025-03-03 02:56:00,50.0,52.5,226,239
2025-03-03 02:58:00,66.8,52.6,226,241
2025-03-03 03:00:00,50.1,52.6,226,242
2025-03-03 03:02:00,66.5,52.5,226,241
2025-03-03 03:04:00,99.4,52.7,226,240
2025-03-03 03:06:00,99.4,52.6,226,240
2025-03-03 03:08:00,50.0,52.8,226,243
2025-03-03 03:10:00,198,52.7,226,244
2025-03-03 03:12:00,66.5,52.8,226,242
2025-03-03 03:14:00,100,52.7,226,242
2025-03-03 03:16:00,100,52.7,226,240
2025-03-03 03:18:00,100,52.5,226,240
2025-03-03 03:20:00,100,52.5,226,242
2025-03-03 03:22:00,49.9,52.5,226,240
2025-03-03 03:24:00,50.0,52.8,226,244
2025-03-03 03:26:00,49.9,52.9,226,244
2025-03-03 03:28:00,50.0,52.8,226,245
2025-03-03 03:30:00,50.1,52.7,226,243
2025-03-03 03:32:00,66.6,52.8,226,243
2025-03-03 03:34:00,49.9,52.5,226,240
2025-03-03 03:36:00,99.4,52.6,226,240
2025-03-03 03:38:00,50.1,52.5,227,236
2025-03-03 03:40:00,100,52.6,226,242
2025-03-03 03:42:00,99.4,52.7,226,241
2025-03-03 03:44:00,49.9,52.9,226,243
2025-03-03 03:46:00,66.9,52.9,226,245
2025-03-03 03:48:00,50.1,52.6,227,243
2025-03-03 03:50:00,99.4,52.4,226,241
2025-03-03 03:52:00,66.6,52.6,226,241
2025-03-03 03:54:00,66.6,52.5,226,242
2025-03-03 03:56:00,99.4,52.5,226,239
2025-03-03 03:58:00,66.4,52.6,227,241
2025-03-03 04:00:00,99.4,52.6,226,244
2025-03-03 04:02:00,100,52.5,226,245
2025-03-03 04:04:00,50.0,52.5,226,245
2025-03-03 04:06:00,99.4,52.6,226,239
2025-03-03 04:08:00,100,52.5,226,239
2025-03-03 04:10:00,66.8,52.6,226,242
2025-03-03 04:12:00,50.0,52.5,226,241
2025-03-03 04:14:00,50.1,52.4,226,242
2025-03-03 04:16:00,99.4,52.8,226,241
2025-03-03 04:18:00,66.6,52.9,227,241
2025-03-03 04:20:00,49.8,52.6,226,243
2025-03-03 04:22:00,99.4,52.5,226,245
2025-03-03 04:24:00,66.3,52.5,227,240
2025-03-03 04:26:00,66.5,52.6,226,241
2025-03-03 04:28:00,99.4,52.7,226,241
2025-03-03 04:30:00,99.6,52.4,226,242
2025-03-03 04:32:00,99.6,52.5,226,244
2025-03-03 04:34:00,100,52.7,227,244
2025-03-03 04:36:00,66.8,52.8,226,242
2025-03-03 04:38:00,66.9,52.6,226,243
2025-03-03 04:40:00,49.9,52.3,226,240
2025-03-03 04:42:00,50.1,52.4,226,242
2025-03-03 04:44:00,50.0,52.6,227,242
2025-03-03 04:46:00,199,52.7,226,242
2025-03-03 04:48:00,50.0,52.7,226,243
2025-03-03 04:50:00,66.4,52.7,226,245
2025-03-03 04:52:00,49.8,52.4,226,244
2025-03-03 04:54:00,99.6,52.7,226,243
2025-03-03 04:56:00,66.6,52.9,226,243
2025-03-03 04:58:00,50.0,52.6,226,241
2025-03-03 05:00:00,50.0,52.5,226,245
2025-03-03 05:02:00,100,52.5,226,244
2025-03-03 05:04:00,49.9,52.6,226,241
2025-03-03 05:06:00,100,52.7,226,242
2025-03-03 05:08:00,99.4,52.8,226,244
2025-03-03 05:10:00,100,52.6,226,243
2025-03-03 05:12:00,49.9,52.8,226,245
2025-03-03 05:14:00,100,53.0,226,244
2025-03-03 05:16:00,99.4,52.8,226,241
2025-03-03 05:18:00,49.8,52.5,226,243
2025-03-03 05:20:00,66.4,52.5,226,241
2025-03-03 05:22:00,50.1,52.5,226,242
2025-03-03 05:24:00,49.9,52.5,226,240
2025-03-03 05:26:00,49.8,52.8,226,243
2025-03-03 05:28:00,99.4,52.8,226,244
2025-03-03 05:30:00,67.0,52.3,226,239
2025-03-03 05:32:00,100,52.5,226,242
2025-03-03 05:34:00,66.5,52.3,226,241
2025-03-03 05:36:00,49.9,52.5,226,244
2025-03-03 05:38:00,66.8,52.2,226,245
2025-03-03 05:40:00,49.8,52.3,226,246
2025-03-03 05:42:00,99.4,52.4,226,243
2025-03-03 05:44:00,99.4,52.6,226,243
2025-03-03 05:46:00,66.8,52.6,226,246
2025-03-03 05:48:00,66.5,52.6,227,243
2025-03-03 05:50:00,99.1,52.6,226,243
2025-03-03 05:52:00,49.9,52.5,226,239
2025-03-03 05:54:00,99.4,52.2,226,239
2025-03-03 05:56:00,50.0,52.2,227,241
2025-03-03 05:58:00,50.1,52.3,226,241
2025-03-03 06:00:00,50.2,52.2,226,239
2025-03-03 06:02:00,50.2,52.2,226,240
2025-03-03 06:04:00,50.2,52.2,226,241
2025-03-03 06:06:00,198,52.2,226,243
2025-03-03 06:08:00,100,52.3,226,242
2025-03-03 06:10:00,50.1,52.4,226,240
2025-03-03 06:12:00,49.9,52.5,226,242
2025-03-03 06:14:00,66.8,52.5,226,243
2025-03-03 06:16:00,99.7,52.1,226,240
2025-03-03 06:18:00,49.9,52.4,226,243
2025-03-03 06:20:00,50.1,52.3,226,241
2025-03-03 06:22:00,66.9,52.2,226,247
2025-03-03 06:24:00,50.0,52.2,226,250
2025-03-03 06:26:00,50.1,52.3,226,252
2025-03-03 06:28:00,99.7,51.9,226,249
2025-03-03 06:30:00,99.7,52.1,226,248
2025-03-03 06:32:00,49.8,51.9,226,250
2025-03-03 06:34:00,99.9,52.0,226,247
2025-03-03 06:36:00,66.6,52.3,226,245
2025-03-03 06:38:00,66.7,52.5,226,243
2025-03-03 06:40:00,198,52.3,226,243
2025-03-03 06:42:00,101,52.2,226,245
2025-03-03 06:44:00,100,51.9,226,245
2025-03-03 06:46:00,99.9,51.9,226,245
2025-03-03 06:48:00,100,52.4,226,244
2025-03-03 06:50:00,99.5,6711,226,0.508
2025-03-03 06:52:00,99.4,5882,226,0.363
2025-03-03 06:54:00,99.4,2342,226,1.15
2025-03-03 06:56:00,50.1,7692,226,0.639
2025-03-03 06:58:00,66.9,4695,226,0.915
2025-03-03 07:00:00,50.1,4695,226,0.639
2025-03-03 07:02:00,66.8,6711,226,0.479
2025-03-03 07:04:00,66.4,5181,226,0.682
2025-03-03 07:06:00,66.6,2237,226,0.595
2025-03-03 07:08:00,50.0,9346,231,0.915
2025-03-03 07:10:00,66.8,6711,230,0.421
2025-03-03 07:12:00,66.6,3135,231,0.682
2025-03-03 07:14:00,66.6,52.5,230,240
2025-03-03 07:16:00,50.0,52.5,230,238
2025-03-03 07:18:00,50.0,52.3,230,237
2025-03-03 07:20:00,100,52.1,229,236
2025-03-03 07:22:00,66.8,52.0,230,238
2025-03-03 07:24:00,66.8,52.1,230,237
2025-03-03 07:26:00,99.4,52.5,230,237
2025-03-03 07:28:00,99.6,52.5,230,238
2025-03-03 07:30:00,50.0,52.5,230,241
2025-03-03 07:32:00,100,52.6,230,240
2025-03-03 07:34:00,50.1,52.4,230,240
2025-03-03 07:36:00,99.6,52.1,230,237
2025-03-03 07:38:00,50.0,52.2,229,237
2025-03-03 07:40:00,66.6,52.4,226,237
2025-03-03 07:42:00,50.0,52.4,227,237
2025-03-03 07:44:00,66.9,52.5,226,239
2025-03-03 07:46:00,66.7,52.4,226,236
2025-03-03 07:48:00,50.0,52.0,227,239
2025-03-03 07:50:00,50.0,52.4,226,238
2025-03-03 07:52:00,50.0,52.0,226,236
2025-03-03 07:54:00,50.0,51.7,226,233
2025-03-03 07:56:00,49.9,51.9,226,237
2025-03-03 07:58:00,49.9,52.3,226,234
2025-03-03 08:00:00,49.9,52.5,226,235
2025-03-03 08:02:00,49.8,52.3,226,235
2025-03-03 08:04:00,50.0,52.4,226,233
2025-03-03 08:06:00,66.8,52.4,226,234
2025-03-03 08:08:00,50.0,52.2,226,234
2025-03-03 08:10:00,50.1,52.2,226,234
2025-03-03 08:12:00,50.1,52.5,226,236
2025-03-03 08:14:00,49.9,52.5,226,236
2025-03-03 08:16:00,49.9,52.5,226,236
2025-03-03 08:18:00,66.4,52.4,227,235
2025-03-03 08:20:00,66.8,52.2,227,238
2025-03-03 08:22:00,66.8,52.1,227,238
2025-03-03 08:24:00,50.0,52.2,227,232
2025-03-03 08:26:00,99.6,52.4,227,235
2025-03-03 08:28:00,99.4,52.2,227,238
2025-03-03 08:30:00,50.1,52.3,227,234
2025-03-03 08:32:00,50.1,52.3,227,236
2025-03-03 08:34:00,50.1,52.4,227,236
2025-03-03 08:36:00,100,52.2,227,236
2025-03-03 08:38:00,50.0,52.2,227,236
2025-03-03 08:40:00,50.1,52.1,227,234
2025-03-03 08:42:00,100,52.1,227,236
2025-03-03 08:44:00,50.0,52.1,227,235
2025-03-03 08:46:00,101,52.0,227,237
2025-03-03 08:48:00,66.7,52.1,226,236
2025-03-03 08:50:00,100,52.1,227,235
2025-03-03 08:52:00,50.0,52.2,227,235
2025-03-03 08:54:00,99.9,52.1,226,236
2025-03-03 08:56:00,100.0,52.2,227,237
2025-03-03 08:58:00,100,52.1,227,237
2025-03-03 09:00:00,50.0,52.1,226,236
2025-03-03 09:02:00,50.0,52.2,227,236
2025-03-03 09:04:00,99.9,51.4,227,234
2025-03-03 09:06:00,100.0,51.5,227,235
2025-03-03 09:08:00,49.9,51.3,227,236
2025-03-03 09:10:00,50.0,51.3,227,238
2025-03-03 09:12:00,50.0,51.1,227,239
2025-03-03 09:14:00,99.9,51.2,227,236
2025-03-03 09:16:00,49.9,51.3,227,235
2025-03-03 09:18:00,50.1,51.3,227,236
2025-03-03 09:20:00,50.0,51.3,227,235
2025-03-03 09:22:00,50.1,51.5,227,236
2025-03-03 09:24:00,99.6,51.4,227,235
2025-03-03 09:26:00,50.0,51.5,227,235
2025-03-03 09:28:00,50.0,51.6,227,234
2025-03-03 09:30:00,100,51.7,227,237
2025-03-03 09:32:00,50.0,51.6,227,237
2025-03-03 09:34:00,50.1,51.2,227,239
2025-03-03 09:36:00,49.9,51.3,227,239
2025-03-03 09:38:00,100,51.2,227,241
2025-03-03 09:40:00,66.8,51.3,227,239
2025-03-03 09:42:00,49.9,51.4,227,239
2025-03-03 09:44:00,50.1,51.2,227,242
2025-03-03 09:46:00,50.0,51.4,227,238
2025-03-03 09:48:00,66.9,51.4,227,237
2025-03-03 09:50:00,50.0,51.4,227,238
2025-03-03 09:52:00,66.5,51.4,227,239
2025-03-03 09:54:00,100,51.3,227,239
2025-03-03 09:56:00,49.9,50.9,227,241
2025-03-03 09:58:00,66.7,51.2,227,243
2025-03-03 10:00:00,49.8,51.1,226,245
2025-03-03 10:02:00,100,51.1,226,242
2025-03-03 10:04:00,49.8,51.3,226,243
2025-03-03 10:06:00,100,51.2,226,244
2025-03-03 10:08:00,49.8,50.8,226,241
2025-03-03 10:10:00,100,50.8,226,241
2025-03-03 10:12:00,50.1,51.1,226,241
2025-03-03 10:14:00,66.9,50.9,227,240
2025-03-03 10:16:00,66.9,51.3,226,240
2025-03-03 10:18:00,99.4,51.5,226,242
2025-03-03 10:20:00,100,51.3,226,241
2025-03-03 10:22:00,49.8,51.3,226,241
2025-03-03 10:24:00,49.9,51.1,226,242
2025-03-03 10:26:00,50.2,51.3,227,243
2025-03-03 10:28:00,100,51.3,227,244
2025-03-03 10:30:00,50.0,51.2,227,242
2025-03-03 10:32:00,66.8,51.1,227,243
2025-03-03 10:34:00,50.0,51.4,227,243
2025-03-03 10:36:00,99.1,51.2,227,242
2025-03-03 10:38:00,50.0,51.5,227,242
2025-03-03 10:40:00,100,51.5,227,242
2025-03-03 10:42:00,49.9,51.5,227,243
2025-03-03 10:44:00,50.1,51.3,227,239
2025-03-03 10:46:00,66.7,3135,227,0.697
2025-03-03 10:48:00,50.2,11765,227,0.668
2025-03-03 10:50:00,100,4673,227,0.886
2025-03-03 10:52:00,66.7,51.8,227,238
2025-03-03 10:54:00,50.0,51.4,227,237
2025-03-03 10:56:00,50.0,51.2,227,242
2025-03-03 10:58:00,50.1,51.2,227,242
2025-03-03 11:00:00,49.8,51.0,227,237
2025-03-03 11:02:00,66.8,50.9,227,237
2025-03-03 11:04:00,100,51.0,227,239
2025-03-03 11:06:00,66.9,51.2,227,241
2025-03-03 11:08:00,49.8,51.2,227,244
2025-03-03 11:10:00,50.1,51.1,227,240
2025-03-03 11:12:00,49.8,51.3,227,235
2025-03-03 11:14:00,198,51.2,227,229
2025-03-03 11:16:00,99.4,51.3,227,231
2025-03-03 11:18:00,50.0,51.6,227,234
2025-03-03 11:20:00,99.4,52.1,227,233
2025-03-03 11:22:00,66.8,52.0,227,235
2025-03-03 11:24:00,49.9,51.3,227,235
2025-03-03 11:26:00,100,51.3,227,229
2025-03-03 11:28:00,66.7,51.3,232,232
2025-03-03 11:30:00,50.1,54.7,232,224
2025-03-03 11:32:00,49.9,55.6,231,227
2025-03-03 11:34:00,50.2,54.2,230,231
2025-03-03 11:36:00,99.1,54.9,230,234
2025-03-03 11:38:00,49.9,54.5,231,234
2025-03-03 11:40:00,49.9,54.1,230,233
2025-03-03 11:42:00,50.0,53.7,230,236
2025-03-03 11:44:00,99.4,54.0,231,234
2025-03-03 11:46:00,66.8,54.5,230,234
2025-03-03 11:48:00,49.9,54.2,230,234
2025-03-03 11:50:00,50.1,53.9,230,238
2025-03-03 11:52:00,100,52.0,230,236
2025-03-03 11:54:00,50.0,50.8,231,231
2025-03-03 11:56:00,50.0,51.5,230,233
2025-03-03 11:58:00,50.0,51.5,230,233
2025-03-03 12:00:00,49.9,51.4,230,233
2025-03-03 12:02:00,49.9,51.1,230,233
2025-03-03 12:04:00,49.8,51.1,230,235
2025-03-03 12:06:00,50.0,51.3,230,234
2025-03-03 12:08:00,99.7,51.7,230,229
2025-03-03 12:10:00,197,51.5,230,231
2025-03-03 12:12:00,99.4,51.4,230,232
2025-03-03 12:14:00,50.0,51.6,230,232
2025-03-03 12:16:00,50.0,51.2,230,231
2025-03-03 12:18:00,101,51.1,230,232
2025-03-03 12:20:00,99.6,51.4,230,231
2025-03-03 12:22:00,50.0,51.1,230,231
2025-03-03 12:24:00,66.7,51.0,230,230
2025-03-03 12:26:00,50.0,50.7,230,235
2025-03-03 12:28:00,198,50.8,230,231
2025-03-03 12:30:00,100,50.8,230,231
2025-03-03 12:32:00,99.6,50.8,230,231
2025-03-03 12:34:00,49.9,50.7,230,232
2025-03-03 12:36:00,66.5,50.8,230,230
2025-03-03 12:38:00,49.8,50.6,229,231
2025-03-03 12:40:00,49.9,50.7,229,237
2025-03-03 12:42:00,50.1,51.1,229,236
2025-03-03 12:44:00,50.0,50.9,230,236
2025-03-03 12:46:00,99.4,51.7,229,237
2025-03-03 12:48:00,66.5,51.5,229,237
2025-03-03 12:50:00,66.4,51.8,229,237
2025-03-03 12:52:00,99.9,51.8,229,237
2025-03-03 12:54:00,99.1,52.1,229,236
2025-03-03 12:56:00,66.5,51.1,229,232
2025-03-03 12:58:00,99.7,51.1,229,233
2025-03-03 13:00:00,99.4,51.0,229,233
2025-03-03 13:02:00,99.4,51.0,229,232
2025-03-03 13:04:00,100,51.0,229,233
2025-03-03 13:06:00,66.5,50.9,229,235
2025-03-03 13:08:00,49.8,51.0,229,237
2025-03-03 13:10:00,99.4,51.4,229,239
2025-03-03 13:12:00,50.0,51.0,229,236
2025-03-03 13:14:00,100.0,51.1,229,234
2025-03-03 13:16:00,100,51.9,229,232
2025-03-03 13:18:00,49.8,54.9,229,237
2025-03-03 13:20:00,99.2,54.6,229,237
2025-03-03 13:22:00,50.0,54.1,229,233
2025-03-03 13:24:00,101,53.1,229,237
2025-03-03 13:26:00,49.9,53.9,230,238
2025-03-03 13:28:00,50.0,53.5,229,241
2025-03-03 13:30:00,50.0,54.1,229,239
2025-03-03 13:32:00,49.9,53.7,229,240
2025-03-03 13:34:00,50.0,54.2,229,239
2025-03-03 13:36:00,100.0,54.7,229,239
2025-03-03 13:38:00,100,53.6,228,238
2025-03-03 13:40:00,50.1,54.0,229,240
2025-03-03 13:42:00,66.8,55.3,229,241
2025-03-03 13:44:00,66.7,53.9,229,239
2025-03-03 13:46:00,49.9,53.9,229,238
2025-03-03 13:48:00,50.0,54.7,229,238
2025-03-03 13:50:00,50.1,54.1,229,235
2025-03-03 13:52:00,99.6,54.1,229,240
2025-03-03 13:54:00,50.1,53.9,229,239
2025-03-03 13:56:00,49.9,54.7,229,240
2025-03-03 13:58:00,100,53.2,229,245
2025-03-03 14:00:00,49.9,51.1,229,240
2025-03-03 14:02:00,49.9,51.2,229,239
2025-03-03 14:04:00,49.9,51.2,229,240
2025-03-03 14:06:00,99.4,51.3,229,239
2025-03-03 14:08:00,50.1,51.5,229,238
2025-03-03 14:10:00,100,53.4,229,243
2025-03-03 14:12:00,50.1,51.6,229,239
2025-03-03 14:14:00,49.9,51.8,230,241
2025-03-03 14:16:00,49.9,52.2,230,242
2025-03-03 14:18:00,99.2,51.8,229,238
2025-03-03 14:20:00,50.0,51.7,229,239
2025-03-03 14:22:00,66.5,52.0,229,241
2025-03-03 14:24:00,99.4,51.7,229,239
2025-03-03 14:26:00,50.0,51.3,229,236
2025-03-03 14:28:00,66.6,52.1,229,235
2025-03-03 14:30:00,66.5,52.8,229,237
2025-03-03 14:32:00,100.0,52.3,229,239
2025-03-03 14:34:00,49.9,53.9,229,239
2025-03-03 14:36:00,100,54.1,229,241
2025-03-03 14:38:00,50.1,54.2,229,238
2025-03-03 14:40:00,49.9,54.8,230,238
2025-03-03 14:42:00,49.9,54.0,230,237
2025-03-03 14:44:00,49.9,53.7,229,240
2025-03-03 14:46:00,49.9,54.0,229,241
2025-03-03 14:48:00,99.9,51.8,229,240
2025-03-03 14:50:00,99.6,54.0,230,239
2025-03-03 14:52:00,50.2,54.3,229,240
2025-03-03 14:54:00,100,54.8,229,239
2025-03-03 14:56:00,100,55.1,229,238
2025-03-03 14:58:00,66.9,54.4,229,240
2025-03-03 15:00:00,50.0,51.7,229,234
2025-03-03 15:02:00,50.0,51.6,229,236
2025-03-03 15:04:00,50.0,51.7,229,237
2025-03-03 15:06:00,49.8,51.7,229,237
2025-03-03 15:08:00,99.6,51.6,229,237
2025-03-03 15:10:00,50.0,51.1,230,234
2025-03-03 15:12:00,50.0,51.3,230,234
2025-03-03 15:14:00,66.7,51.5,229,236
2025-03-03 15:16:00,50.0,51.5,229,236
2025-03-03 15:18:00,66.8,51.7,228,236
2025-03-03 15:20:00,50.0,51.7,229,237
2025-03-03 15:22:00,50.0,51.8,229,235
2025-03-03 15:24:00,49.9,51.8,229,235
2025-03-03 15:26:00,100,52.0,229,234
2025-03-03 15:28:00,100.0,51.9,229,234
2025-03-03 15:30:00,100,51.9,228,234
2025-03-03 15:32:00,66.9,51.8,229,234
2025-03-03 15:34:00,50.0,51.8,229,235
2025-03-03 15:36:00,99.4,51.7,229,235
2025-03-03 15:38:00,66.9,51.6,229,235
2025-03-03 15:40:00,50.0,52.1,229,235
2025-03-03 15:42:00,198,52.1,229,232
2025-03-03 15:44:00,66.8,52.0,229,234
2025-03-03 15:46:00,49.8,51.7,229,231
2025-03-03 15:48:00,66.8,51.7,229,234
2025-03-03 15:50:00,99.6,51.8,229,237
2025-03-03 15:52:00,49.9,51.5,229,238
2025-03-03 15:54:00,50.1,51.4,229,238
2025-03-03 15:56:00,66.8,51.4,229,238
2025-03-03 15:58:00,50.0,51.7,229,237
2025-03-03 16:00:00,49.9,51.6,229,237
2025-03-03 16:02:00,66.7,51.0,229,239
2025-03-03 16:04:00,49.9,52.0,229,238
2025-03-03 16:06:00,99.4,51.7,229,237
2025-03-03 16:08:00,99.6,51.1,229,240
2025-03-03 16:10:00,49.8,51.0,229,239
2025-03-03 16:12:00,50.0,54.0,229,235
2025-03-03 16:14:00,50.0,51.9,229,237
2025-03-03 16:16:00,195,53.7,229,237
2025-03-03 16:18:00,100,53.8,229,237
2025-03-03 16:20:00,99.2,53.8,229,237
2025-03-03 16:22:00,66.3,53.8,229,237
2025-03-03 16:24:00,66.6,54.0,229,237
2025-03-03 16:26:00,66.7,55.4,229,237
2025-03-03 16:28:00,101,54.4,229,234
2025-03-03 16:30:00,49.9,55.2,229,240
2025-03-03 16:32:00,66.6,55.3,229,240
2025-03-03 16:34:00,66.3,56.0,229,235
2025-03-03 16:36:00,50.1,55.8,229,237
2025-03-03 16:38:00,100,54.6,229,241
2025-03-03 16:40:00,100,55.4,229,239
2025-03-03 16:42:00,50.1,55.6,229,237
2025-03-03 16:44:00,66.7,55.5,229,237
2025-03-03 16:46:00,100,55.6,226,241
2025-03-03 16:48:00,99.7,55.7,227,238
2025-03-03 16:50:00,201,55.7,226,238
2025-03-03 16:52:00,49.9,55.8,227,240
2025-03-03 16:54:00,100,55.7,227,239
2025-03-03 16:56:00,50.0,55.2,226,240
2025-03-03 16:58:00,66.8,55.4,227,240
2025-03-03 17:00:00,66.8,56.0,226,239
2025-03-03 17:02:00,66.8,55.8,226,239
2025-03-03 17:04:00,100,56.4,226,239
2025-03-03 17:06:00,50.1,56.4,227,238
2025-03-03 17:08:00,99.4,56.3,226,239
2025-03-03 17:10:00,100,55.2,226,237
2025-03-03 17:12:00,99.6,55.3,226,238
2025-03-03 17:14:00,100.0,55.9,227,236
2025-03-03 17:16:00,100,55.7,226,233
2025-03-03 17:18:00,99.6,54.0,227,239
2025-03-03 17:20:00,200,53.9,227,239
2025-03-03 17:22:00,49.9,54.2,226,238
2025-03-03 17:24:00,99.4,53.9,226,239
2025-03-03 17:26:00,100,53.7,226,238
2025-03-03 17:28:00,100,53.9,226,239
2025-03-03 17:30:00,100,54.3,226,239
2025-03-03 17:32:00,198,54.1,226,233
2025-03-03 17:34:00,99.4,54.2,227,232
2025-03-03 17:36:00,99.9,54.3,227,232
2025-03-03 17:38:00,66.4,55.1,226,236
2025-03-03 17:40:00,66.5,55.0,226,236
2025-03-03 17:42:00,66.6,55.0,226,237
2025-03-03 17:44:00,100,55.1,226,236
2025-03-03 17:46:00,100,52.0,226,235
2025-03-03 17:48:00,49.9,52.0,226,234
2025-03-03 17:50:00,99.9,51.7,226,233
2025-03-03 17:52:00,100,51.9,226,231
2025-03-03 17:54:00,66.5,52.0,226,231
2025-03-03 17:56:00,99.9,51.7,227,233
2025-03-03 17:58:00,99.6,51.7,226,232
2025-03-03 18:00:00,50.0,51.8,227,232
2025-03-03 18:02:00,100,51.3,226,234
2025-03-03 18:04:00,100.0,51.3,227,235
2025-03-03 18:06:00,50.0,51.8,227,233
2025-03-03 18:08:00,99.2,51.5,226,235
2025-03-03 18:10:00,99.2,51.2,227,236
2025-03-03 18:12:00,100,51.8,226,234
2025-03-03 18:14:00,100,52.0,227,235
2025-03-03 18:16:00,100,51.8,226,235
2025-03-03 18:18:00,49.9,51.8,227,235
2025-03-03 18:20:00,100,51.1,226,233
2025-03-03 18:22:00,100,51.4,226,232
2025-03-03 18:24:00,195,51.6,227,235
2025-03-03 18:26:00,100,51.7,227,235
2025-03-03 18:28:00,66.9,51.6,227,235
2025-03-03 18:30:00,99.4,51.8,227,235
2025-03-03 18:32:00,66.4,52.0,227,235
2025-03-03 18:34:00,100.0,53.0,226,238
2025-03-03 18:36:00,66.5,53.5,227,237
2025-03-03 18:38:00,49.8,54.7,226,234
2025-03-03 18:40:00,100,54.8,227,234
2025-03-03 18:42:00,99.1,54.5,226,237
2025-03-03 18:44:00,100,54.2,227,238
2025-03-03 18:46:00,100,52.0,226,237
2025-03-03 18:48:00,50.1,54.2,226,237
2025-03-03 18:50:00,99.7,54.5,227,239
2025-03-03 18:52:00,99.7,55.0,227,237
2025-03-03 18:54:00,195,54.8,227,240
2025-03-03 18:56:00,99.9,55.0,227,240
2025-03-03 18:58:00,50.1,55.8,226,240
2025-03-03 19:00:00,99.4,56.1,227,240
2025-03-03 19:02:00,100.0,56.1,227,238
2025-03-03 19:04:00,101,55.5,226,235
2025-03-03 19:06:00,99.4,55.4,226,232
2025-03-03 19:08:00,49.8,55.8,226,235
2025-03-03 19:10:00,100,55.6,226,235
2025-03-03 19:12:00,99.1,55.7,226,238
2025-03-03 19:14:00,66.4,55.9,226,238
2025-03-03 19:16:00,200,56.4,226,239
2025-03-03 19:18:00,99.4,56.4,226,237
2025-03-03 19:20:00,66.7,56.4,226,240
2025-03-03 19:22:00,66.5,56.3,226,243
2025-03-03 19:24:00,99.4,56.3,226,242
2025-03-03 19:26:00,100,56.2,226,243
2025-03-03 19:28:00,99.7,56.2,226,239
2025-03-03 19:30:00,101,56.0,226,237
2025-03-03 19:32:00,100.0,56.2,226,238
2025-03-03 19:34:00,101,56.1,226,238
2025-03-03 19:36:00,66.8,56.2,226,238
2025-03-03 19:38:00,101,56.1,226,237
2025-03-03 19:40:00,50.0,56.1,226,236
2025-03-03 19:42:00,99.4,55.9,226,233
2025-03-03 19:44:00,66.5,56.0,226,233
2025-03-03 19:46:00,99.7,55.7,226,234
2025-03-03 19:48:00,99.9,56.1,226,237
2025-03-03 19:50:00,100,55.8,226,233
2025-03-03 19:52:00,101,56.0,226,235
2025-03-03 19:54:00,99.4,56.3,226,235
2025-03-03 19:56:00,99.4,56.0,226,236
2025-03-03 19:58:00,100,56.3,226,238
2025-03-03 20:00:00,196,56.1,226,238
2025-03-03 20:02:00,100,56.4,226,238
2025-03-03 20:04:00,100,,226,
2025-03-03 20:06:00,100,55.3,227,236
2025-03-03 20:08:00,100,56.1,226,236
2025-03-03 20:10:00,49.8,55.9,226,236
2025-03-03 20:12:00,100,55.7,227,235
2025-03-03 20:14:00,99.4,55.6,227,238
2025-03-03 20:16:00,100,56.5,227,237
2025-03-03 20:18:00,66.8,56.1,227,237
2025-03-03 20:20:00,100,55.6,227,238
2025-03-03 20:22:00,66.5,56.0,227,238
2025-03-03 20:24:00,196,55.9,227,237
2025-03-03 20:26:00,100,56.3,227,238
2025-03-03 20:28:00,100,56.1,227,238
2025-03-03 20:30:00,196,56.1,227,239
2025-03-03 20:32:00,50.1,56.1,226,239
2025-03-03 20:34:00,66.8,56.1,226,239
2025-03-03 20:36:00,99.4,56.1,227,239
2025-03-03 20:38:00,50.1,50.5,226,235
2025-03-03 20:40:00,50.1,50.5,226,240
2025-03-03 20:42:00,50.0,50.9,226,239
2025-03-03 20:44:00,50.0,50.9,226,239
2025-03-03 20:46:00,49.9,50.9,227,238
2025-03-03 20:48:00,197,51.0,227,237
2025-03-03 20:50:00,50.1,50.8,226,236
2025-03-03 20:52:00,50,50.6,226,236
2025-03-03 20:54:00,99.4,50.7,226,237
2025-03-03 20:56:00,100,50.7,226,235
2025-03-03 20:58:00,196,50.7,226,235
2025-03-03 21:00:00,50.1,50.4,226,237
2025-03-03 21:02:00,100,50.8,226,236
2025-03-03 21:04:00,99.9,50.5,226,236
2025-03-03 21:06:00,200,50.5,226,233
2025-03-03 21:08:00,195,50.5,226,235
2025-03-03 21:10:00,50.1,50.4,226,234
2025-03-03 21:12:00,99.9,50.6,226,235
2025-03-03 21:14:00,101,50.2,226,235
2025-03-03 21:16:00,100,50.4,226,232
2025-03-03 21:18:00,50.0,50.5,226,234
2025-03-03 21:20:00,49.9,50.3,226,237
2025-03-03 21:22:00,66.3,50.3,226,238
2025-03-03 21:24:00,99.6,50.6,226,235
2025-03-03 21:26:00,100,50.5,226,237
2025-03-03 21:28:00,100.0,50.6,226,237
2025-03-03 21:30:00,66.5,50.5,226,237
2025-03-03 21:32:00,66.6,50.6,226,237
2025-03-03 21:34:00,100,50.8,226,236
2025-03-03 21:36:00,99.5,50.6,226,238
2025-03-03 21:38:00,49.8,50.6,226,240
2025-03-03 21:40:00,101,50.7,226,238
2025-03-03 21:42:00,49.9,50.7,226,238
2025-03-03 21:44:00,100,50.7,226,239
2025-03-03 21:46:00,50.0,50.5,226,237
2025-03-03 21:48:00,66.8,50.5,227,237
2025-03-03 21:50:00,99.3,50.6,226,236
2025-03-03 21:52:00,49.9,52.4,227,236
2025-03-03 21:54:00,50.1,52.4,227,237
2025-03-03 21:56:00,50.1,52.8,227,237
2025-03-03 21:58:00,66.5,53.9,227,237
2025-03-03 22:00:00,99.4,51.8,227,238
2025-03-03 22:02:00,49.9,53.7,227,239
2025-03-03 22:04:00,99.4,54.9,227,238
2025-03-03 22:06:00,66.4,53.2,227,237
2025-03-03 22:08:00,66.7,55.6,227,238
2025-03-03 22:10:00,66.9,55.7,226,237
2025-03-03 22:12:00,99.9,55.9,226,237
2025-03-03 22:14:00,50.0,55.7,227,237
2025-03-03 22:16:00,50.0,55.5,227,239
2025-03-03 22:18:00,100,55.9,227,239
2025-03-03 22:20:00,100,55.8,227,239
2025-03-03 22:22:00,100.0,53.4,227,235
2025-03-03 22:24:00,66.4,55.2,227,237
2025-03-03 22:26:00,99.4,55.5,226,237
2025-03-03 22:28:00,49.8,55.5,226,237
2025-03-03 22:30:00,100.0,55.3,226,236
2025-03-03 22:32:00,197,55.4,226,237
2025-03-03 22:34:00,66.6,55.6,226,237
2025-03-03 22:36:00,100,55.1,227,239
2025-03-03 22:38:00,202,54.6,226,239
2025-03-03 22:40:00,100.0,55.4,226,239
2025-03-03 22:42:00,49.9,53.0,227,238
2025-03-03 22:44:00,100,54.2,227,235
2025-03-03 22:46:00,66.9,53.7,226,236
2025-03-03 22:48:00,100,53.8,227,239
2025-03-03 22:50:00,66.7,54.7,226,237
2025-03-03 22:52:00,100,54.8,226,238
2025-03-03 22:54:00,99.4,55.4,226,237
2025-03-03 22:56:00,100,53.9,227,238
2025-03-03 22:58:00,99.2,55.4,226,238
2025-03-03 23:00:00,50.1,55.0,226,237
2025-03-03 23:02:00,99.4,52.6,226,238
2025-03-03 23:04:00,50.1,55.1,226,237
2025-03-03 23:06:00,66.4,52.9,227,238
2025-03-03 23:08:00,49.9,54.1,226,237
2025-03-03 23:10:00,50.1,55.1,226,235
2025-03-03 23:12:00,100,53.4,227,236
2025-03-03 23:14:00,50.2,53.7,226,236
2025-03-03 23:16:00,50.0,51.5,226,235
2025-03-03 23:18:00,100,52.5,226,237
2025-03-03 23:20:00,99.4,52.8,226,240
2025-03-03 23:22:00,100,53.2,226,239
2025-03-03 23:24:00,99.4,52.0,226,237
2025-03-03 23:26:00,50.0,52.6,226,237
2025-03-03 23:28:00,196,53.4,227,237
2025-03-03 23:30:00,100,51.6,227,236
2025-03-03 23:32:00,100,53.5,227,239
2025-03-03 23:34:00,99.9,52.1,227,237
2025-03-03 23:36:00,99.9,53.9,226,238
2025-03-03 23:38:00,99.7,52.7,227,239
2025-03-03 23:40:00,49.9,53.4,227,240
2025-03-03 23:42:00,99.4,53.7,227,239
2025-03-03 23:44:00,100,51.0,227,234
2025-03-03 23:46:00,50.0,102,227,234
2025-03-03 23:48:00,99.7,51.3,227,235
2025-03-03 23:50:00,67.0,52.3,227,237
2025-03-03 23:52:00,99.7,52.2,227,235
2025-03-03 23:54:00,49.8,51.6,227,234
2025-03-03 23:56:00,50.0,52.7,227,238
2025-03-03 23:58:00,50.0,53.1,227,237
2025-03-04 00:00:00,101,52.6,227,238
2025-03-04 00:02:00,100,52.5,226,238
2025-03-04 00:04:00,50.0,52.8,226,238
2025-03-04 00:06:00,99.2,53.0,226,238
2025-03-04 00:08:00,67.1,52.3,227,236
2025-03-04 00:10:00,100,53.0,227,237
2025-03-04 00:12:00,66.7,104,227,237
2025-03-04 00:14:00,49.8,52.3,227,238
2025-03-04 00:16:00,66.8,52.4,227,238
2025-03-04 00:18:00,196,51.2,226,235
2025-03-04 00:20:00,100,51.8,227,236
2025-03-04 00:22:00,49.8,51.1,227,236
2025-03-04 00:24:00,99.4,53.1,227,238
2025-03-04 00:26:00,197,52.3,227,238
2025-03-04 00:28:00,196,52.1,226,237
2025-03-04 00:30:00,100,51.7,226,237
2025-03-04 00:32:00,100,52.2,226,235
2025-03-04 00:34:00,66.2,54.9,226,235
2025-03-04 00:36:00,66.9,51.1,226,236
2025-03-04 00:38:00,66.7,51.7,226,237
2025-03-04 00:40:00,100,51.1,226,236
2025-03-04 00:42:00,49.9,104,226,238
2025-03-04 00:44:00,100,51.3,226,238
2025-03-04 00:46:00,100,51.2,226,238
2025-03-04 00:48:00,99.4,51.1,226,237
2025-03-04 00:50:00,50.0,51.1,226,237
2025-03-04 00:52:00,100,51.1,226,238
2025-03-04 00:54:00,50.0,51.1,226,238
2025-03-04 00:56:00,99.7,51.0,226,237
2025-03-04 00:58:00,50.0,51.0,226,238
2025-03-04 01:00:00,99.6,51.0,226,236
2025-03-04 01:02:00,66.4,50.9,226,236
2025-03-04 01:04:00,50.1,51.1,226,236
2025-03-04 01:06:00,66.7,51.0,226,236
2025-03-04 01:08:00,66.8,51.1,226,238
2025-03-04 01:10:00,50.1,51.0,226,238
2025-03-04 01:12:00,50.0,51.0,226,239
2025-03-04 01:14:00,49.9,51.1,226,239
2025-03-04 01:16:00,99.2,51.0,226,239
2025-03-04 01:18:00,99.4,51.0,226,238
2025-03-04 01:20:00,100.0,51.0,226,238
2025-03-04 01:22:00,99.9,51.1,226,239
2025-03-04 01:24:00,99.4,51.1,226,239
2025-03-04 01:26:00,100,51.1,226,239
2025-03-04 01:28:00,100,51.1,226,239
2025-03-04 01:30:00,66.8,51.1,226,239
2025-03-04 01:32:00,101,51.1,226,238
2025-03-04 01:34:00,66.9,51.1,226,237
2025-03-04 01:36:00,66.9,51.0,226,238
2025-03-04 01:38:00,100,51.0,227,238
2025-03-04 01:40:00,99.4,50.9,227,236
2025-03-04 01:42:00,197,50.9,226,235
2025-03-04 01:44:00,99.4,50.9,227,236
2025-03-04 01:46:00,196,50.9,227,235
2025-03-04 01:48:00,67.0,51.1,227,236
2025-03-04 01:50:00,199,51.0,227,236
2025-03-04 01:52:00,200,51.0,227,236
2025-03-04 01:54:00,50.0,50.9,226,237
2025-03-04 01:56:00,66.4,50.9,227,235
2025-03-04 01:58:00,66.3,51.0,226,235
2025-03-04 02:00:00,197,50.9,228,237
2025-03-04 02:02:00,100,51.0,227,237
2025-03-04 02:04:00,100,50.9,226,237
2025-03-04 02:06:00,101,50.9,226,237
2025-03-04 02:08:00,99.1,51.0,227,237
2025-03-04 02:10:00,101,50.8,228,239
2025-03-04 02:12:00,100,50.9,229,237
2025-03-04 02:14:00,201,50.9,226,236
2025-03-04 02:16:00,50.2,50.9,226,237
2025-03-04 02:18:00,66.2,50.9,226,237
2025-03-04 02:20:00,101,50.9,226,237
2025-03-04 02:22:00,49.9,51.0,226,237
2025-03-04 02:24:00,100,50.9,226,238
2025-03-04 02:26:00,66.9,51.0,226,238
2025-03-04 02:28:00,66.3,50.9,226,237
2025-03-04 02:30:00,50.0,51.0,226,237
2025-03-04 02:32:00,50.1,50.9,226,237
2025-03-04 02:34:00,66.7,51.0,226,237
2025-03-04 02:36:00,67.0,50.9,226,237
2025-03-04 02:38:00,101,51.0,226,238
2025-03-04 02:40:00,50.1,50.9,226,238
2025-03-04 02:42:00,66.8,50.9,226,238
2025-03-04 02:44:00,66.6,50.8,226,238
2025-03-04 02:46:00,100,50.9,226,237
2025-03-04 02:48:00,66.4,50.8,227,235
2025-03-04 02:50:00,49.9,50.8,226,236
2025-03-04 02:52:00,66.7,50.9,226,235
2025-03-04 02:54:00,66.8,50.9,226,235
2025-03-04 02:56:00,100,50.8,226,236
2025-03-04 02:58:00,196,50.9,226,236
2025-03-04 03:00:00,66.6,51.1,226,238
2025-03-04 03:02:00,49.8,51.1,226,238
2025-03-04 03:04:00,100,51.0,226,239
2025-03-04 03:06:00,50.0,51.0,226,238
2025-03-04 03:08:00,49.9,51.1,227,240
2025-03-04 03:10:00,50.0,51.1,226,238
2025-03-04 03:12:00,50.0,51.1,226,238
2025-03-04 03:14:00,66.4,51.3,227,238
2025-03-04 03:16:00,100,51.0,226,238
2025-03-04 03:18:00,99.4,51.1,227,237
2025-03-04 03:20:00,100,51.2,227,239
2025-03-04 03:22:00,50.0,51.2,227,240
2025-03-04 03:24:00,50.0,51.1,226,241
2025-03-04 03:26:00,66.5,51.1,227,240
2025-03-04 03:28:00,50.0,51.1,226,238
2025-03-04 03:30:00,66.4,51.0,226,239
2025-03-04 03:32:00,66.7,102,227,239
2025-03-04 03:34:00,49.9,51.1,226,239
2025-03-04 03:36:00,67.2,51.0,227,239
2025-03-04 03:38:00,99.1,51.0,226,239
2025-03-04 03:40:00,100,50.9,227,240
2025-03-04 03:42:00,49.9,51.0,227,239
2025-03-04 03:44:00,66.5,51.0,227,239
2025-03-04 03:46:00,101,50.9,227,239
2025-03-04 03:48:00,100.0,50.9,226,239
2025-03-04 03:50:00,100,50.9,227,237
2025-03-04 03:52:00,197,50.8,226,238
2025-03-04 03:54:00,66.5,50.9,226,238
2025-03-04 03:56:00,99.2,50.9,226,238
2025-03-04 03:58:00,50.0,50.9,226,240
2025-03-04 04:00:00,49.9,51.0,226,240
2025-03-04 04:02:00,100,50.9,226,239
2025-03-04 04:04:00,49.9,50.9,226,239
2025-03-04 04:06:00,100,51.0,226,238
2025-03-04 04:08:00,49.8,51.0,226,238
2025-03-04 04:10:00,49.9,51.0,226,237
2025-03-04 04:12:00,195,50.9,226,238
2025-03-04 04:14:00,100,50.9,226,239
2025-03-04 04:16:00,100,50.7,226,237
2025-03-04 04:18:00,50.0,52.3,226,239
2025-03-04 04:20:00,99.4,50.7,226,238
2025-03-04 04:22:00,99.4,50.6,226,239
2025-03-04 04:24:00,49.9,50.6,226,239
2025-03-04 04:26:00,66.6,50.6,226,239
2025-03-04 04:28:00,99.7,50.7,227,239
2025-03-04 04:30:00,100,50.6,226,238
2025-03-04 04:32:00,99.7,50.7,226,240
2025-03-04 04:34:00,99.4,50.8,226,239
2025-03-04 04:36:00,66.2,50.8,226,241
2025-03-04 04:38:00,197,50.8,226,241
2025-03-04 04:40:00,49.9,50.7,226,241
2025-03-04 04:42:00,100,50.8,226,241
2025-03-04 04:44:00,99.6,50.8,226,241
2025-03-04 04:46:00,66.8,50.8,226,241
2025-03-04 04:48:00,66.7,50.7,226,241
2025-03-04 04:50:00,196,50.6,226,239
2025-03-04 04:52:00,100,50.7,227,239
2025-03-04 04:54:00,49.9,50.7,226,238
2025-03-04 04:56:00,99.8,50.8,226,239
2025-03-04 04:58:00,100,50.6,226,240
2025-03-04 05:00:00,66.5,50.8,227,240
2025-03-04 05:02:00,195,50.6,226,238
2025-03-04 05:04:00,99.7,50.7,227,240
2025-03-04 05:06:00,50.0,50.4,227,239
2025-03-04 05:08:00,99.4,50.5,226,239
2025-03-04 05:10:00,100,50.4,226,238
2025-03-04 05:12:00,49.9,50.5,226,239
2025-03-04 05:14:00,50.1,50.5,226,239
2025-03-04 05:16:00,66.9,50.5,226,239
2025-03-04 05:18:00,66.4,50.5,227,238
2025-03-04 05:20:00,99.4,50.5,227,237
2025-03-04 05:22:00,99.4,50.6,226,237
2025-03-04 05:24:00,100,50.6,227,239
2025-03-04 05:26:00,99.2,50.3,226,238
2025-03-04 05:28:00,100,50.3,227,236
2025-03-04 05:30:00,100,50.3,226,235
2025-03-04 05:32:00,99.9,50.4,227,234
2025-03-04 05:34:00,50.0,50.3,226,236
2025-03-04 05:36:00,195,50.5,227,236
2025-03-04 05:38:00,100,50.5,226,236
2025-03-04 05:40:00,99.4,50.5,226,237
2025-03-04 05:42:00,99.4,50.5,227,237
2025-03-04 05:44:00,100,50.4,226,235
2025-03-04 05:46:00,195,50.4,227,235
2025-03-04 05:48:00,50.0,50.3,226,237
2025-03-04 05:50:00,99.6,50.3,227,236
2025-03-04 05:52:00,50.0,50.5,226,238
2025-03-04 05:54:00,49.8,50.5,226,238
2025-03-04 05:56:00,50.1,50.5,226,239
2025-03-04 05:58:00,66.3,50.6,226,238
2025-03-04 06:00:00,99.6,50.4,226,236
2025-03-04 06:02:00,100,50.3,226,236
2025-03-04 06:04:00,196,50.4,226,236
2025-03-04 06:06:00,66.4,50.4,226,239
2025-03-04 06:08:00,99.9,50.3,226,237
2025-03-04 06:10:00,101,50.2,226,237
2025-03-04 06:12:00,100,50.5,226,240
2025-03-04 06:14:00,50.0,50.4,226,234
2025-03-04 06:16:00,50.0,50.2,226,235
2025-03-04 06:18:00,66.7,50.2,226,235
2025-03-04 06:20:00,99.4,50.3,226,240
2025-03-04 06:22:00,100,50.3,226,239
2025-03-04 06:24:00,100,50.4,226,237
2025-03-04 06:26:00,100,50.3,226,235
2025-03-04 06:28:00,100,50.4,226,235
2025-03-04 06:30:00,100,50.4,226,238
2025-03-04 06:32:00,100,50.3,226,238
2025-03-04 06:34:00,201,50.3,226,239
2025-03-04 06:36:00,49.9,50.2,227,235
2025-03-04 06:38:00,100,50.2,226,230
2025-03-04 06:40:00,50.0,50.2,226,230
2025-03-04 06:42:00,100,50.4,226,230
2025-03-04 06:44:00,66.8,50.4,227,232
2025-03-04 06:46:00,66.9,50.3,226,232
2025-03-04 06:48:00,99.4,50.4,226,236
2025-03-04 06:50:00,100,50.4,226,234
2025-03-04 06:52:00,66.2,50.4,226,231
2025-03-04 06:54:00,100,50.4,226,232
2025-03-04 06:56:00,195,50.3,227,231
2025-03-04 06:58:00,100.0,50.3,226,230
2025-03-04 07:00:00,100,50.4,226,234
2025-03-04 07:02:00,100,50.4,226,231
2025-03-04 07:04:00,197,50.4,227,233
2025-03-04 07:06:00,100,50.4,227,233
2025-03-04 07:08:00,99.2,50.4,226,233
2025-03-04 07:10:00,100,50.5,226,233
2025-03-04 07:12:00,66.8,50.5,226,236
2025-03-04 07:14:00,100,50.3,227,236
2025-03-04 07:16:00,99.4,50.4,227,235
2025-03-04 07:18:00,66.6,50.4,227,235
2025-03-04 07:20:00,196,50.4,227,233
2025-03-04 07:22:00,99.7,50.4,227,235
2025-03-04 07:24:00,99.4,50.4,227,236
2025-03-04 07:26:00,100,50.4,226,236
2025-03-04 07:28:00,66.7,50.3,226,236
2025-03-04 07:30:00,195,50.3,226,235
2025-03-04 07:32:00,66.9,50.4,227,234
2025-03-04 07:34:00,66.5,50.5,226,234
2025-03-04 07:36:00,199,50.5,226,234
2025-03-04 07:38:00,197,50.5,226,235
2025-03-04 07:40:00,99.4,50.4,226,238
2025-03-04 07:42:00,66.8,50.4,226,237
2025-03-04 07:44:00,67.0,50.4,226,237
2025-03-04 07:46:00,99.6,50.4,226,237
2025-03-04 07:48:00,50.0,50.5,226,235
2025-03-04 07:50:00,50.0,50.4,226,238
2025-03-04 07:52:00,100,50.4,226,238
2025-03-04 07:54:00,99.7,50.3,226,235
2025-03-04 07:56:00,100,50.4,226,232
2025-03-04 07:58:00,99.9,50.4,226,231
2025-03-04 08:00:00,100,50.4,226,233
2025-03-04 08:02:00,99.4,50.3,226,234
2025-03-04 08:04:00,99.4,50.3,226,235
2025-03-04 08:06:00,100,50.4,226,236
2025-03-04 08:08:00,100,50.4,226,237
2025-03-04 08:10:00,100,50.3,226,233
2025-03-04 08:12:00,50.0,50.3,226,234
2025-03-04 08:14:00,99.4,50.4,226,236
2025-03-04 08:16:00,100,50.3,227,237
2025-03-04 08:18:00,101,50.3,227,236
2025-03-04 08:20:00,50.0,50.4,227,235
2025-03-04 08:22:00,66.5,50.4,227,237
2025-03-04 08:24:00,50.0,50.4,227,237
2025-03-04 08:26:00,100,50.3,227,237
2025-03-04 08:28:00,100,50.2,227,231
2025-03-04 08:30:00,100,50.1,227,228
2025-03-04 08:32:00,100,50.4,228,229
2025-03-04 08:34:00,50.0,50.2,227,225
2025-03-04 08:36:00,66.5,50.3,227,232
2025-03-04 08:38:00,99.4,50.3,227,233
2025-03-04 08:40:00,99.4,50.4,227,235
2025-03-04 08:42:00,49.9,50.3,227,238
2025-03-04 08:44:00,100,50.3,227,238
2025-03-04 08:46:00,100,50.3,227,239
2025-03-04 08:48:00,49.9,50.2,227,235
2025-03-04 08:50:00,50.0,50.2,227,234
2025-03-04 08:52:00,66.4,50.4,227,234
2025-03-04 08:54:00,100,50.4,227,235
2025-03-04 08:56:00,100,50.4,227,236
2025-03-04 08:58:00,49.9,50.4,227,235
2025-03-04 09:00:00,49.9,50.4,227,237
2025-03-04 09:02:00,99.9,50.1,228,238
2025-03-04 09:04:00,49.9,50.2,227,235
2025-03-04 09:06:00,99.4,50.2,227,234
2025-03-04 09:08:00,49.9,50.3,227,234
2025-03-04 09:10:00,49.9,49.9,227,230
2025-03-04 09:12:00,50.0,50.2,227,234
2025-03-04 09:14:00,50.0,50.3,226,233
2025-03-04 09:16:00,50.0,50.3,224,232
2025-03-04 09:18:00,50.0,50.2,227,235
2025-03-04 09:20:00,99.9,50.3,227,239
2025-03-04 09:22:00,49.9,50.2,227,239
2025-03-04 09:24:00,49.9,50.3,227,235
2025-03-04 09:26:00,99.4,50.3,227,237
2025-03-04 09:28:00,50.0,50.3,227,236
2025-03-04 09:30:00,49.9,50.3,227,237
2025-03-04 09:32:00,100,50.3,227,234
2025-03-04 09:34:00,49.8,50.3,227,235
2025-03-04 09:36:00,49.9,50.4,226,235
2025-03-04 09:38:00,66.4,50.3,227,231
2025-03-04 09:40:00,50.0,50.3,227,234
2025-03-04 09:42:00,50.0,50.4,227,232
2025-03-04 09:44:00,50.1,50.3,227,235
2025-03-04 09:46:00,100.0,50.3,227,232
2025-03-04 09:48:00,99.2,50.2,227,235
2025-03-04 09:50:00,50.1,50.3,227,236
2025-03-04 09:52:00,99.3,50.3,227,236
2025-03-04 09:54:00,49.8,50.2,227,236
2025-03-04 09:56:00,50.0,50.3,226,233
2025-03-04 09:58:00,99.7,50.3,226,234
2025-03-04 10:00:00,49.8,50.3,226,236
2025-03-04 10:02:00,49.9,50.2,226,237
2025-03-04 10:04:00,50.0,50.2,226,235
2025-03-04 10:06:00,50.1,50.4,226,230
2025-03-04 10:08:00,50.1,50.2,226,231
2025-03-04 10:10:00,49.9,50.3,227,230
2025-03-04 10:12:00,50.0,50.5,226,232
2025-03-04 10:14:00,50.0,50.4,226,234
2025-03-04 10:16:00,66.8,50.5,226,234
2025-03-04 10:18:00,197,50.3,227,231
2025-03-04 10:20:00,100.0,50.3,226,230
2025-03-04 10:22:00,66.5,50.2,226,232
2025-03-04 10:24:00,99.7,50.4,226,231
2025-03-04 10:26:00,99.6,50.5,227,232
2025-03-04 10:28:00,66.6,50.3,227,233
2025-03-04 10:30:00,99.7,50.5,227,235
2025-03-04 10:32:00,66.5,50.3,227,235
2025-03-04 10:34:00,50.0,50.6,227,235
2025-03-04 10:36:00,49.9,50.4,227,236
2025-03-04 10:38:00,66.9,50.4,227,232
2025-03-04 10:40:00,49.9,50.3,226,235
2025-03-04 10:42:00,66.9,50.5,227,233
2025-03-04 10:44:00,50.0,50.5,227,234
2025-03-04 10:46:00,100,50.3,227,233
2025-03-04 10:48:00,99.4,50.4,227,235
2025-03-04 10:50:00,50.2,50.4,227,235
2025-03-04 10:52:00,99.4,50.4,227,235
2025-03-04 10:54:00,99.4,50.4,227,233
2025-03-04 10:56:00,100,50.5,227,234
2025-03-04 10:58:00,66.7,50.6,227,232
2025-03-04 11:00:00,66.8,50.3,227,231
2025-03-04 11:02:00,99.7,50.2,227,230
2025-03-04 11:04:00,99.2,50.6,227,233
2025-03-04 11:06:00,49.9,50.5,227,233
2025-03-04 11:08:00,100,50.5,227,234
2025-03-04 11:10:00,49.9,50.6,227,233
2025-03-04 11:12:00,50.0,50.5,227,233
2025-03-04 11:14:00,100,50.4,227,233
2025-03-04 11:16:00,100,50.3,226,236
2025-03-04 11:18:00,99.4,50.4,226,236
2025-03-04 11:20:00,66.3,50.3,226,236
2025-03-04 11:22:00,100,50.3,226,236
2025-03-04 11:24:00,99.1,50.0,226,234
2025-03-04 11:26:00,67.0,50.1,231,233
2025-03-04 11:28:00,66.6,50.4,230,234
2025-03-04 11:30:00,100,50.4,230,237
2025-03-04 11:32:00,99.4,50.3,230,235
2025-03-04 11:34:00,66.7,50.4,230,235
2025-03-04 11:36:00,50.0,50.4,229,238
2025-03-04 11:38:00,99.6,50.5,229,238
2025-03-04 11:40:00,100.0,50.4,229,239
2025-03-04 11:42:00,99.6,50.2,230,236
2025-03-04 11:44:00,50.0,50.5,229,237
2025-03-04 11:46:00,100,50.4,231,237
2025-03-04 11:48:00,99.2,50.2,230,235
2025-03-04 11:50:00,49.9,50,229,237
2025-03-04 11:52:00,50.1,50.0,230,238
2025-03-04 11:54:00,99.3,49.9,230,236
2025-03-04 11:56:00,49.9,49.8,230,236
2025-03-04 11:58:00,66.4,49.9,231,235
2025-03-04 12:00:00,49.9,49.9,231,236
2025-03-04 12:02:00,99.4,50.0,230,238
2025-03-04 12:04:00,99.9,50.0,230,236
2025-03-04 12:06:00,49.9,50.0,230,235
2025-03-04 12:08:00,100,49.9,230,235
2025-03-04 12:10:00,99.4,50.0,230,236
2025-03-04 12:12:00,50.0,50.0,230,235
2025-03-04 12:14:00,49.8,50.0,230,236
2025-03-04 12:16:00,50.0,49.9,229,236
2025-03-04 12:18:00,50.1,50.1,230,236
2025-03-04 12:20:00,100,50.0,230,230
2025-03-04 12:22:00,49.9,49.9,230,230
2025-03-04 12:24:00,50.0,49.9,231,231
2025-03-04 12:26:00,99.1,50.0,230,231
2025-03-04 12:28:00,100,49.9,230,237
2025-03-04 12:30:00,99.2,49.9,230,235
2025-03-04 12:32:00,66.4,50.1,230,236
2025-03-04 12:34:00,50.0,50.1,230,235
2025-03-04 12:36:00,50.1,50.0,230,235
2025-03-04 12:38:00,100,50.3,230,234
2025-03-04 12:40:00,50.0,50.0,230,237
2025-03-04 12:42:00,100,50.1,230,238
2025-03-04 12:44:00,,50.2,,238
2025-03-04 12:46:00,50.0,50.2,230,237
2025-03-04 12:48:00,100,50.2,230,237
2025-03-04 12:50:00,99.9,51.8,230,237
2025-03-04 12:52:00,49.9,51.1,230,237
2025-03-04 12:54:00,99.3,5882,230,0.755
2025-03-04 12:56:00,66.8,9346,230,0.537
2025-03-04 12:58:00,50.1,4695,230,0.958
2025-03-04 13:00:00,50.0,11765,230,0.639
2025-03-04 13:02:00,50.1,51.1,230,230
2025-03-04 13:04:00,50.0,51.3,231,228
2025-03-04 13:06:00,66.7,50.7,230,239
2025-03-04 13:08:00,99.2,50.6,230,239
2025-03-04 13:10:00,99.4,50.7,230,239
2025-03-04 13:12:00,50.1,51.0,230,241
2025-03-04 13:14:00,66.9,51.2,230,240
2025-03-04 13:16:00,66.8,51.3,230,237
2025-03-04 13:18:00,49.8,51.3,230,238
2025-03-04 13:20:00,66.3,51.3,230,238
2025-03-04 13:22:00,49.9,51.4,230,239
2025-03-04 13:24:00,50.0,51.3,230,239
2025-03-04 13:26:00,99.4,51.2,230,236
2025-03-04 13:28:00,49.9,51.2,230,236
2025-03-04 13:30:00,50.0,51.2,230,237
2025-03-04 13:32:00,99.5,51.4,230,239
2025-03-04 13:34:00,66.9,51.6,230,240
2025-03-04 13:36:00,67.0,51.4,230,239
2025-03-04 13:38:00,49.9,51.6,230,237
2025-03-04 13:40:00,50.1,51.8,230,237
2025-03-04 13:42:00,100,51.6,230,238
2025-03-04 13:44:00,99.9,51.5,230,234
2025-03-04 13:46:00,99.6,51.6,230,234
2025-03-04 13:48:00,66.4,51.4,230,236
2025-03-04 13:50:00,49.9,51.7,230,234
2025-03-04 13:52:00,50.1,51.5,230,234
2025-03-04 13:54:00,100,51.6,230,235
2025-03-04 13:56:00,66.5,51.7,230,235
2025-03-04 13:58:00,99.4,51.6,230,237
2025-03-04 14:00:00,99.6,51.3,231,239
2025-03-04 14:02:00,99.1,51.4,230,240
2025-03-04 14:04:00,49.8,51.5,230,238
2025-03-04 14:06:00,66.7,51.4,230,236
2025-03-04 14:08:00,66.7,51.3,230,236
2025-03-04 14:10:00,50.1,51.5,230,237
2025-03-04 14:12:00,50.1,51.5,230,236
2025-03-04 14:14:00,99.4,51.3,230,236
2025-03-04 14:16:00,49.9,51.4,228,236
2025-03-04 14:18:00,50.1,51.3,230,238
2025-03-04 14:20:00,50.0,51.4,230,239
2025-03-04 14:22:00,50.0,51.5,230,239
2025-03-04 14:24:00,49.9,51.4,230,236
2025-03-04 14:26:00,49.9,51.6,230,240
2025-03-04 14:28:00,50.0,51.6,230,239
2025-03-04 14:30:00,99.2,51.4,230,237
2025-03-04 14:32:00,100,51.3,230,238
2025-03-04 14:34:00,49.9,51.4,229,238
2025-03-04 14:36:00,100,51.4,230,237
2025-03-04 14:38:00,50.0,51.4,230,237
2025-03-04 14:40:00,50.1,51.6,230,244
2025-03-04 14:42:00,99.6,51.8,230,240
2025-03-04 14:44:00,50,51.7,230,241
2025-03-04 14:46:00,49.9,51.6,230,240
2025-03-04 14:48:00,49.9,52.0,230,238
2025-03-04 14:50:00,50.0,51.7,230,238
2025-03-04 14:52:00,50.0,51.7,230,240
2025-03-04 14:54:00,99.4,51.7,230,241
2025-03-04 14:56:00,99.4,51.5,231,236
2025-03-04 14:58:00,66.7,51.5,230,236
2025-03-04 15:00:00,100,50.8,231,235
2025-03-04 15:02:00,50.0,51.0,230,235
2025-03-04 15:04:00,50.1,51.2,230,235
2025-03-04 15:06:00,66.4,51.1,230,237
2025-03-04 15:08:00,49.9,51.0,230,235
2025-03-04 15:10:00,100,51.1,230,234
2025-03-04 15:12:00,66.5,51.1,230,237
2025-03-04 15:14:00,50.0,51.0,230,238
2025-03-04 15:16:00,66.8,50.9,230,238
2025-03-04 15:18:00,100,51.0,230,240
2025-03-04 15:20:00,66.9,50.9,230,241
2025-03-04 15:22:00,50.0,51.0,230,240
2025-03-04 15:24:00,50,51.0,230,239
2025-03-04 15:26:00,49.9,51.1,230,240
2025-03-04 15:28:00,50.0,51.0,230,240
2025-03-04 15:30:00,50.1,51.2,230,239
2025-03-04 15:32:00,66.6,51.2,230,238
2025-03-04 15:34:00,50,51.1,230,239
2025-03-04 15:36:00,50.0,51.0,230,234
2025-03-04 15:38:00,50.0,51.1,230,239
2025-03-04 15:40:00,50.0,51.0,230,239
2025-03-04 15:42:00,50,51.0,230,239
2025-03-04 15:44:00,50.0,51.0,230,238
2025-03-04 15:46:00,50,50.8,230,238
2025-03-04 15:48:00,50.0,51.1,230,237
2025-03-04 15:50:00,66.9,51.0,230,238
2025-03-04 15:52:00,198,51.1,230,238
2025-03-04 15:54:00,66.5,51.3,230,235
2025-03-04 15:56:00,50.0,51.3,230,235
2025-03-04 15:58:00,99.4,51.4,230,235
2025-03-04 16:00:00,50.0,51.3,230,235
2025-03-04 16:02:00,50.0,51.4,230,235
2025-03-04 16:04:00,49.9,51.2,234,235
2025-03-04 16:06:00,50.1,51.4,230,235
2025-03-04 16:08:00,50.0,51.2,230,233
2025-03-04 16:10:00,49.9,51.4,230,232
2025-03-04 16:12:00,50.0,52.0,230,231
2025-03-04 16:14:00,49.9,52.1,230,234
2025-03-04 16:16:00,197,51.9,230,232
2025-03-04 16:18:00,50.0,52.0,230,231
2025-03-04 16:20:00,99.2,52.0,230,235
2025-03-04 16:22:00,66.5,51.9,229,234
2025-03-04 16:24:00,99.2,51.9,230,227
2025-03-04 16:26:00,99.6,52.0,230,231
2025-03-04 16:28:00,100.0,52.1,230,232
2025-03-04 16:30:00,50.0,52.0,229,235
2025-03-04 16:32:00,100.0,52.1,230,236
2025-03-04 16:34:00,99.2,52.1,229,233
2025-03-04 16:36:00,99.4,52.1,230,233
2025-03-04 16:38:00,99.6,52.3,229,236
2025-03-04 16:40:00,49.9,52.4,230,235
2025-03-04 16:42:00,100.0,52.2,230,237
2025-03-04 16:44:00,49.9,52.5,228,236
2025-03-04 16:46:00,66.4,52.5,230,236
2025-03-04 16:48:00,100,52.4,230,235
2025-03-04 16:50:00,99.4,52.3,230,237
2025-03-04 16:52:00,100,52.4,230,236
2025-03-04 16:54:00,198,52.4,229,236
2025-03-04 16:56:00,100,52.4,230,235
2025-03-04 16:58:00,99.9,52.4,230,237
2025-03-04 17:00:00,66.8,52.3,230,238
2025-03-04 17:02:00,49.8,52.3,230,237
2025-03-04 17:04:00,49.8,52.2,230,239
2025-03-04 17:06:00,50.0,52.3,229,237
2025-03-04 17:08:00,66.3,51.5,230,235
2025-03-04 17:10:00,99.4,51.4,230,235
2025-03-04 17:12:00,99.9,51.4,230,235
2025-03-04 17:14:00,99.7,51.6,230,234
2025-03-04 17:16:00,49.9,51.6,230,233
2025-03-04 17:18:00,66.4,51.7,230,235
2025-03-04 17:20:00,50.0,51.7,230,235
2025-03-04 17:22:00,49.9,51.6,230,234
2025-03-04 17:24:00,50.1,51.5,230,234
2025-03-04 17:26:00,100,51.5,230,234
2025-03-04 17:28:00,100,51.6,230,234
2025-03-04 17:30:00,66.6,51.5,230,236
2025-03-04 17:32:00,100,51.6,230,234
2025-03-04 17:34:00,50.0,51.6,230,234
2025-03-04 17:36:00,50.0,51.6,230,234
2025-03-04 17:38:00,66.8,51.5,230,234
2025-03-04 17:40:00,50.1,51.6,230,233
2025-03-04 17:42:00,49.9,51.7,230,234
2025-03-04 17:44:00,100,51.6,230,234
2025-03-04 17:46:00,50.0,51.6,230,233
2025-03-04 17:48:00,49.9,51.5,229,233
2025-03-04 17:50:00,66.9,51.5,230,233
2025-03-04 17:52:00,50,51.6,229,234
2025-03-04 17:54:00,49.9,51.6,229,234
2025-03-04 17:56:00,99.4,51.6,230,234
2025-03-04 17:58:00,50.1,51.7,229,235
2025-03-04 18:00:00,66.8,51.6,230,235
2025-03-04 18:02:00,50.1,51.7,230,234
2025-03-04 18:04:00,99.6,51.7,230,234
2025-03-04 18:06:00,66.9,51.7,230,234
2025-03-04 18:08:00,66.6,52.9,230,235
2025-03-04 18:10:00,50.0,52.6,230,236
2025-03-04 18:12:00,50.0,52.6,230,237
2025-03-04 18:14:00,99.4,52.6,230,237
2025-03-04 18:16:00,99.1,52.5,230,236
2025-03-04 18:18:00,99.2,52.5,230,236
2025-03-04 18:20:00,100,54.9,230,231
2025-03-04 18:22:00,100,52.9,230,237
2025-03-04 18:24:00,99.7,51.2,230,232
2025-03-04 18:26:00,50.0,51.1,230,234
2025-03-04 18:28:00,49.9,51.0,230,233
2025-03-04 18:30:00,66.7,50.6,230,228
2025-03-04 18:32:00,100,50.8,226,229
2025-03-04 18:34:00,49.9,50.9,226,232
2025-03-04 18:36:00,49.9,50.8,226,231
2025-03-04 18:38:00,50.0,50.9,226,235
2025-03-04 18:40:00,100,51.1,226,235
2025-03-04 18:42:00,100,50.9,226,236
2025-03-04 18:44:00,100,51.1,226,236
2025-03-04 18:46:00,49.9,51.0,226,237
2025-03-04 18:48:00,50.0,51.0,226,237
2025-03-04 18:50:00,66.7,50.9,226,237
2025-03-04 18:52:00,50.0,51.1,226,237
2025-03-04 18:54:00,99.7,51.0,226,236
2025-03-04 18:56:00,99.4,50.9,226,237
2025-03-04 18:58:00,49.8,50.9,226,236
2025-03-04 19:00:00,50.0,51.1,226,238
2025-03-04 19:02:00,50.1,51.1,226,238
2025-03-04 19:04:00,49.9,51.1,226,238
2025-03-04 19:06:00,50.0,51.0,226,238
2025-03-04 19:08:00,49.9,50.7,226,240
2025-03-04 19:10:00,50.0,50.6,226,240
2025-03-04 19:12:00,50.1,50.8,226,241
2025-03-04 19:14:00,99.7,51.0,226,238
2025-03-04 19:16:00,66.6,50.9,226,238
2025-03-04 19:18:00,50.0,50.7,226,240
2025-03-04 19:20:00,49.8,50.7,226,236
2025-03-04 19:22:00,49.9,50.8,226,234
2025-03-04 19:24:00,50.0,50.8,226,236
2025-03-04 19:26:00,50.0,51.0,227,238
2025-03-04 19:28:00,66.7,50.8,226,238
2025-03-04 19:30:00,66.6,50.8,226,237
2025-03-04 19:32:00,50.0,50.9,226,237
2025-03-04 19:34:00,50.1,49.9,226,235
2025-03-04 19:36:00,100,49.8,226,234
2025-03-04 19:38:00,49.9,50.0,226,235
2025-03-04 19:40:00,50.0,49.9,226,236
2025-03-04 19:42:00,99.4,50.1,226,237
2025-03-04 19:44:00,66.4,50.0,226,237
2025-03-04 19:46:00,50.1,50.1,226,236
2025-03-04 19:48:00,66.7,50.1,226,236
2025-03-04 19:50:00,49.8,50.1,227,235
2025-03-04 19:52:00,100,50.0,226,237
2025-03-04 19:54:00,100,50.3,226,237
2025-03-04 19:56:00,100,50.5,226,237
2025-03-04 19:58:00,100,50.7,226,238
2025-03-04 20:00:00,50.0,50.5,226,236
2025-03-04 20:02:00,50.0,50.5,226,236
2025-03-04 20:04:00,100,50.4,226,236
2025-03-04 20:06:00,49.8,50.3,226,236
2025-03-04 20:08:00,100,50.5,226,237
2025-03-04 20:10:00,50.0,50.5,226,237
2025-03-04 20:12:00,100,50.8,226,241
2025-03-04 20:14:00,100,50.8,226,240
2025-03-04 20:16:00,99.4,50.8,226,240
2025-03-04 20:18:00,100,50.9,226,240
2025-03-04 20:20:00,50.2,50.7,226,242
2025-03-04 20:22:00,50.1,50.8,226,242
2025-03-04 20:24:00,100,50.5,226,238
2025-03-04 20:26:00,100,50.6,226,239
2025-03-04 20:28:00,49.8,50.5,226,239
2025-03-04 20:30:00,50.0,50.6,226,238
2025-03-04 20:32:00,100,50.6,226,238
2025-03-04 20:34:00,49.9,50.8,226,241
2025-03-04 20:36:00,49.8,50.7,226,239
2025-03-04 20:38:00,66.6,51.0,226,238
2025-03-04 20:40:00,99.4,50.9,226,242
2025-03-04 20:42:00,50.1,50.9,226,241
2025-03-04 20:44:00,100,50.9,226,241
2025-03-04 20:46:00,49.9,51.0,226,239
2025-03-04 20:48:00,49.9,50.8,226,241
2025-03-04 20:50:00,49.9,50.7,226,241
2025-03-04 20:52:00,66.8,50.8,226,242
2025-03-04 20:54:00,99.4,51.0,226,240
2025-03-04 20:56:00,99.4,50.9,226,242
2025-03-04 20:58:00,100,50.7,226,242
2025-03-04 21:00:00,49.9,51.0,226,241
2025-03-04 21:02:00,100,50.9,226,241
2025-03-04 21:04:00,49.9,50.9,226,242
2025-03-04 21:06:00,100,50.7,226,242
2025-03-04 21:08:00,50.0,51.0,226,239
2025-03-04 21:10:00,200,50.9,227,241
2025-03-04 21:12:00,50.0,50.8,226,242
2025-03-04 21:14:00,66.6,50.9,226,241
2025-03-04 21:16:00,49.9,50.9,226,240
2025-03-04 21:18:00,99.4,50.7,227,242
2025-03-04 21:20:00,99.4,50.8,226,241
2025-03-04 21:22:00,50.0,50.9,227,240
2025-03-04 21:24:00,99.6,51.0,227,240
2025-03-04 21:26:00,66.5,50.8,227,243
2025-03-04 21:28:00,49.9,50.9,226,242
2025-03-04 21:30:00,99.4,50.8,227,241
2025-03-04 21:32:00,50.0,50.8,226,241
2025-03-04 21:34:00,50.0,50.7,227,242
2025-03-04 21:36:00,50.0,50.9,226,243
2025-03-04 21:38:00,50.0,50.8,226,241
2025-03-04 21:40:00,50.0,50.8,226,240
2025-03-04 21:42:00,49.9,50.9,226,242
2025-03-04 21:44:00,99.4,50.9,226,242
2025-03-04 21:46:00,50.1,50.9,227,240
2025-03-04 21:48:00,49.9,50.8,226,240
2025-03-04 21:50:00,99.9,50.9,226,241
2025-03-04 21:52:00,99.7,50.8,226,239
2025-03-04 21:54:00,99.9,50.8,226,241
2025-03-04 21:56:00,100,50.7,226,241
2025-03-04 21:58:00,197,50.9,226,242
2025-03-04 22:00:00,50.0,50.9,226,238
2025-03-04 22:02:00,49.9,50.6,226,242
2025-03-04 22:04:00,66.7,50.8,226,241
2025-03-04 22:06:00,50.0,50.8,226,241
2025-03-04 22:08:00,99.5,50.8,226,241
2025-03-04 22:10:00,50.0,50.7,226,240
2025-03-04 22:12:00,66.8,50.8,226,240
2025-03-04 22:14:00,66.8,50.9,226,239
2025-03-04 22:16:00,49.9,50.9,226,239
2025-03-04 22:18:00,50,50.7,226,239
2025-03-04 22:20:00,50.0,51.0,226,238
2025-03-04 22:22:00,50,51.1,226,240
2025-03-04 22:24:00,50.1,50.9,226,241
2025-03-04 22:26:00,50.0,50.8,226,241
2025-03-04 22:28:00,49.9,50.9,226,240
2025-03-04 22:30:00,49.9,50.9,226,241
2025-03-04 22:32:00,99.4,50.9,226,241
2025-03-04 22:34:00,50.0,50.8,226,241
2025-03-04 22:36:00,49.9,50.8,226,241
2025-03-04 22:38:00,50.1,50.8,226,241
2025-03-04 22:40:00,50.0,50.7,226,240
2025-03-04 22:42:00,100,50.8,226,242
2025-03-04 22:44:00,50.0,50.8,226,242
2025-03-04 22:46:00,50.0,50.6,226,241
2025-03-04 22:48:00,100,50.7,226,243
2025-03-04 22:50:00,50.1,50.7,226,241
2025-03-04 22:52:00,49.9,50.9,226,242
2025-03-04 22:54:00,49.9,50.9,226,242
2025-03-04 22:56:00,50.0,50.8,226,240
2025-03-04 22:58:00,49.9,50.8,227,239
2025-03-04 23:00:00,49.9,50.9,226,240
2025-03-04 23:02:00,49.9,67.4,226,242
2025-03-04 23:04:00,49.9,50.6,226,239
2025-03-04 23:06:00,99.4,50.6,226,240
2025-03-04 23:08:00,100,50.7,226,239
2025-03-04 23:10:00,49.8,50.7,226,237
2025-03-04 23:12:00,99.9,50.7,226,237
2025-03-04 23:14:00,66.7,50.7,226,238
2025-03-04 23:16:00,50.0,50.7,226,237
2025-03-04 23:18:00,100,50.6,226,235
2025-03-04 23:20:00,100,50.6,227,238
2025-03-04 23:22:00,50.0,50.7,226,237
2025-03-04 23:24:00,66.8,50.7,226,237
2025-03-04 23:26:00,99.4,50.7,226,238
2025-03-04 23:28:00,49.9,50.7,227,238
2025-03-04 23:30:00,50.0,50.8,226,235
2025-03-04 23:32:00,50,50.8,226,235
2025-03-04 23:34:00,99.7,50.6,227,237
2025-03-04 23:36:00,50.1,50.7,227,237
2025-03-04 23:38:00,99.4,50.7,226,236
2025-03-04 23:40:00,99.4,50.6,226,237
2025-03-04 23:42:00,50.0,50.6,227,239
2025-03-04 23:44:00,50.0,50.8,226,238
2025-03-04 23:46:00,50.0,50.8,226,236
2025-03-04 23:48:00,66.8,50.7,226,237
2025-03-04 23:50:00,100,50.7,226,236
2025-03-04 23:52:00,66.9,50.7,226,237
2025-03-04 23:54:00,66.5,50.7,226,239
2025-03-04 23:56:00,99.4,50.7,226,240
2025-03-04 23:58:00,66.8,50.7,226,239