Time,Frequency 6EF39700 (Hgr Kitatumba - Labo),Frequency D2B9CB2E (Hgr Kitatumba - Mdh office),Voltage 6EF39700 (Hgr Kitatumba - Labo),Voltage D2B9CB2E (Hgr Kitatumba - Mdh office),Generator_ON
1/15/23 0:00,49.9,50,216,223,FALSE
1/15/23 0:02,50,50.1,217,223,FALSE
1/15/23 0:04,49.9,49.9,214,222,FALSE
1/15/23 0:06,49.9,49.9,214,222,FALSE
1/15/23 0:08,50.1,50,217,223,FALSE
1/15/23 0:10,49.8,49.7,216,223,FALSE
1/15/23 0:12,49.7,49.7,216,223,FALSE
1/15/23 0:14,50,49.9,216,222,FALSE
1/15/23 0:16,49.8,49.8,214,222,FALSE
1/15/23 0:18,50,50.1,214,222,FALSE
1/15/23 0:20,49.9,49.9,216,223,FALSE
1/15/23 0:22,49.8,49.7,218,224,FALSE
1/15/23 0:24,50,49.9,218,225,FALSE
1/15/23 0:26,50.1,50.1,218,225,FALSE
1/15/23 0:28,50,50,219,225,FALSE
1/15/23 0:30,50.1,50,219,225,FALSE
1/15/23 0:32,49.8,49.8,213,220,FALSE
1/15/23 0:34,49.9,49.9,213,220,FALSE
1/15/23 0:36,49.9,50,213,220,FALSE
1/15/23 0:38,50,50,214,221,FALSE
1/15/23 0:40,49.7,49.7,211,220,FALSE
1/15/23 0:42,49.9,49.8,210,220,FALSE
1/15/23 0:44,49.9,50,213,221,FALSE
1/15/23 0:46,50,50,213,221,FALSE
1/15/23 0:48,50.1,50.1,212,222,FALSE
1/15/23 0:50,50,50,211,220,FALSE
1/15/23 0:52,50,50,214,220,FALSE
1/15/23 0:54,49.9,49.9,214,220,FALSE
1/15/23 0:56,49.9,49.9,219,226,FALSE
1/15/23 0:58,49.9,49.9,219,226,FALSE
1/15/23 1:00,49.8,49.9,220,226,FALSE
1/15/23 1:02,49.8,49.8,220,226,FALSE
1/15/23 1:04,49.9,49.8,220,226,FALSE
1/15/23 1:06,49.8,49.8,219,226,FALSE
1/15/23 1:08,49.9,49.9,219,226,FALSE
1/15/23 1:10,49.9,49.9,219,226,FALSE
1/15/23 1:12,50,50,218,226,FALSE
1/15/23 1:14,49.9,50,220,226,FALSE
1/15/23 1:16,49.9,49.9,220,227,FALSE
1/15/23 1:18,50,50,221,227,FALSE
1/15/23 1:20,50.1,50.1,221,227,FALSE
1/15/23 1:22,50,50,221,228,FALSE
1/15/23 1:24,50.3,50.1,221,227,FALSE
1/15/23 1:26,50,49.9,221,227,FALSE
1/15/23 1:28,50,50,218,226,FALSE
1/15/23 1:30,49.9,50,218,227,FALSE
1/15/23 1:32,49.9,49.9,221,227,FALSE
1/15/23 1:34,50,50,221,227,FALSE
1/15/23 1:36,49.9,49.9,221,227,FALSE
1/15/23 1:38,49.9,49.9,221,227,FALSE
1/15/23 1:40,50,50,221,227,FALSE
1/15/23 1:42,49.9,49.9,221,227,FALSE
1/15/23 1:44,50,50,221,227,FALSE
1/15/23 1:46,50,50,221,227,FALSE
1/15/23 1:48,50.1,50.1,218,227,FALSE
1/15/23 1:50,49.9,49.9,216,227,FALSE
1/15/23 1:52,49.9,49.9,221,228,FALSE
1/15/23 1:54,50,50,221,227,FALSE
1/15/23 1:56,49.9,49.8,220,227,FALSE
1/15/23 1:58,49.7,49.7,221,226,FALSE
1/15/23 2:00,49.9,49.9,220,227,FALSE
1/15/23 2:02,49.8,49.8,221,228,FALSE
1/15/23 2:04,49.9,49.8,220,228,FALSE
1/15/23 2:06,49.8,49.8,221,228,FALSE
1/15/23 2:08,50.1,50.1,221,228,FALSE
1/15/23 2:10,50.2,50.2,222,228,FALSE
1/15/23 2:12,49.9,49.8,221,227,FALSE
1/15/23 2:14,49.9,49.9,219,228,FALSE
1/15/23 2:16,49.8,49.8,221,228,FALSE
1/15/23 2:18,50,50,221,228,FALSE
1/15/23 2:20,49.9,50,221,228,FALSE
1/15/23 2:22,49.9,49.9,221,228,FALSE
1/15/23 2:24,49.9,49.9,221,228,FALSE
1/15/23 2:26,50.2,50.2,221,228,FALSE
1/15/23 2:28,50.6,50.6,222,228,FALSE
1/15/23 2:30,49.9,50,221,227,FALSE
1/15/23 2:32,50.1,50,218,227,FALSE
1/15/23 2:34,49.9,49.9,217,226,FALSE
1/15/23 2:36,50.1,50.1,221,227,FALSE
1/15/23 2:38,49.9,50,221,227,FALSE
1/15/23 2:40,49.9,49.8,221,227,FALSE
1/15/23 2:42,49.8,49.8,221,227,FALSE
1/15/23 2:44,49.8,49.8,221,227,FALSE
1/15/23 2:46,50,49.9,221,227,FALSE
1/15/23 2:48,50.1,50.1,221,228,FALSE
1/15/23 2:50,49.8,49.8,221,228,FALSE
1/15/23 2:52,50,50,222,228,FALSE
1/15/23 2:54,49.9,49.9,222,228,FALSE
1/15/23 2:56,49.9,49.9,222,228,FALSE
1/15/23 2:58,50,50,222,228,FALSE
1/15/23 3:00,50,50,220,228,FALSE
1/15/23 3:02,50,50.1,220,228,FALSE
1/15/23 3:04,49.9,49.9,221,228,FALSE
1/15/23 3:06,50,49.9,222,228,FALSE
1/15/23 3:08,50.1,50.1,222,229,FALSE
1/15/23 3:10,50.1,50.1,222,230,FALSE
1/15/23 3:12,49.9,49.9,221,228,FALSE
1/15/23 3:14,49.9,49.9,221,228,FALSE
1/15/23 3:16,50.1,50.1,221,228,FALSE
1/15/23 3:18,49.9,49.9,221,228,FALSE
1/15/23 3:20,50.1,50.1,222,228,FALSE
1/15/23 3:22,49.9,50,219,227,FALSE
1/15/23 3:24,49.9,50,219,227,FALSE
1/15/23 3:26,49.8,49.9,221,227,FALSE
1/15/23 3:28,50,50,221,227,FALSE
1/15/23 3:30,49.9,50,221,227,FALSE
1/15/23 3:32,49.9,49.9,221,227,FALSE
1/15/23 3:34,50,50,222,228,FALSE
1/15/23 3:36,50,50,222,228,FALSE
1/15/23 3:38,50.1,50.1,220,228,FALSE
1/15/23 3:40,49.9,49.9,219,228,FALSE
1/15/23 3:42,49.9,49.8,221,228,FALSE
1/15/23 3:44,49.8,49.8,221,228,FALSE
1/15/23 3:46,49.9,49.9,221,228,FALSE
1/15/23 3:48,50,50,219,228,FALSE
1/15/23 3:50,50.1,50,223,228,FALSE
1/15/23 3:52,49.8,49.8,222,228,FALSE
1/15/23 3:54,49.8,49.8,222,228,FALSE
1/15/23 3:56,49.9,49.9,222,228,FALSE
1/15/23 3:58,49.9,50,221,228,FALSE
1/15/23 4:00,50,50,221,227,FALSE
1/15/23 4:02,49.9,49.8,222,228,FALSE
1/15/23 4:04,49.9,50,221,227,FALSE
1/15/23 4:06,49.9,49.9,221,227,FALSE
1/15/23 4:08,50.1,50,221,228,FALSE
1/15/23 4:10,49.9,50,221,228,FALSE
1/15/23 4:12,50,50,221,228,FALSE
1/15/23 4:14,50,49.9,219,228,FALSE
1/15/23 4:16,49.9,49.8,219,227,FALSE
1/15/23 4:18,49.8,49.8,221,228,FALSE
1/15/23 4:20,50.1,50.1,221,228,FALSE
1/15/23 4:22,50,50,219,228,FALSE
1/15/23 4:24,49.9,49.9,219,228,FALSE
1/15/23 4:26,49.8,49.8,222,228,FALSE
1/15/23 4:28,50.1,50,221,228,FALSE
1/15/23 4:30,50,50,221,229,FALSE
1/15/23 4:32,50.1,50,222,228,FALSE
1/15/23 4:34,50,50.1,221,227,FALSE
1/15/23 4:36,49.9,49.8,219,227,FALSE
1/15/23 4:38,49.8,49.9,219,227,FALSE
1/15/23 4:40,50.1,50,221,227,FALSE
1/15/23 4:42,49.9,49.9,221,227,FALSE
1/15/23 4:44,49.9,50,221,227,FALSE
1/15/23 4:46,49.9,49.8,221,227,FALSE
1/15/23 4:48,50.2,50.1,221,228,FALSE
1/15/23 4:50,50,49.9,221,228,FALSE
1/15/23 4:52,49.9,49.9,221,228,FALSE
1/15/23 4:54,50,50,221,226,FALSE
1/15/23 4:56,49.9,50,220,226,FALSE
1/15/23 4:58,50.1,50.1,220,226,FALSE
1/15/23 5:00,49.8,49.8,216,225,FALSE
1/15/23 5:02,50,49.9,218,227,FALSE
1/15/23 5:04,50,50,219,226,FALSE
1/15/23 5:06,49.8,49.8,219,226,FALSE
1/15/23 5:08,49.8,49.8,219,225,FALSE
1/15/23 5:10,49.8,49.9,219,226,FALSE
1/15/23 5:12,50,50,215,224,FALSE
1/15/23 5:14,49.7,49.7,216,225,FALSE
1/15/23 5:16,50,50,218,225,FALSE
1/15/23 5:18,50,50,216,223,FALSE
1/15/23 5:20,50,50,216,223,FALSE
1/15/23 5:22,50.1,50.1,219,225,FALSE
1/15/23 5:24,49.8,49.7,219,225,FALSE
1/15/23 5:26,49.9,49.9,218,223,FALSE
1/15/23 5:28,50.1,50.1,218,224,FALSE
1/15/23 5:30,50.1,50.1,216,223,FALSE
1/15/23 5:32,50,49.9,217,223,FALSE
1/15/23 5:34,50.2,50.2,217,224,FALSE
1/15/23 5:36,50.3,50.3,214,223,FALSE
1/15/23 5:38,49.9,49.9,215,223,FALSE
1/15/23 5:40,50,50,216,223,FALSE
1/15/23 5:42,49.9,49.9,216,223,FALSE
1/15/23 5:44,50,49.9,216,222,FALSE
1/15/23 5:46,49.7,49.8,215,221,FALSE
1/15/23 5:48,49.8,49.8,216,223,FALSE
1/15/23 5:50,49.8,49.8,214,221,FALSE
1/15/23 5:52,50.1,50.1,213,219,FALSE
1/15/23 5:54,50.4,50.3,214,220,FALSE
1/15/23 5:56,49.8,49.8,211,221,FALSE
1/15/23 5:58,49.8,49.8,214,222,FALSE
1/15/23 6:00,49.9,49.8,216,223,FALSE
1/15/23 6:02,50.1,50.1,214,221,FALSE
1/15/23 6:04,50.1,50.1,214,221,FALSE
1/15/23 6:06,50,49.9,214,221,FALSE
1/15/23 6:08,50.1,50.1,213,220,FALSE
1/15/23 6:10,50,50,213,218,FALSE
1/15/23 6:12,50,49.9,211,219,FALSE
1/15/23 6:14,50,50.1,211,219,FALSE
1/15/23 6:16,50.1,50.1,216,224,FALSE
1/15/23 6:18,49.8,49.8,210,219,FALSE
1/15/23 6:20,50.1,50.1,214,223,FALSE
1/15/23 6:22,50.1,50.1,211,219,FALSE
1/15/23 6:24,50,50,215,222,FALSE
1/15/23 6:26,49.8,49.8,209,218,FALSE
1/15/23 6:28,49.7,49.7,215,223,FALSE
1/15/23 6:30,49.8,49.8,216,223,FALSE
1/15/23 6:32,50,50,217,224,FALSE
1/15/23 6:34,50.2,49.9,217,225,FALSE
1/15/23 6:36,49.9,49.8,216,223,FALSE
1/15/23 6:38,50,49.8,214,220,FALSE
1/15/23 6:40,50,50,214,221,FALSE
1/15/23 6:42,50,50,214,223,FALSE
1/15/23 6:44,50,50,215,222,FALSE
1/15/23 6:46,50.1,50.3,212,219,FALSE
1/15/23 6:48,5618,3279,0.707,0,FALSE
1/15/23 6:50,6536,5556,0.707,0,FALSE
1/15/23 6:52,4926,4854,0.707,0,FALSE
1/15/23 6:54,42.9,43.1,197,202,TRUE
1/15/23 6:56,43.1,43.2,193,198,TRUE
1/15/23 6:58,42.9,43,192,199,TRUE
1/15/23 7:00,43.2,43.4,196,199,TRUE
1/15/23 7:02,43.1,43.1,194,198,TRUE
1/15/23 7:04,43.2,43.2,192,197,TRUE
1/15/23 7:06,43.2,43.1,188,196,TRUE
1/15/23 7:08,43,43,187,195,TRUE
1/15/23 7:10,43,85.7,192,197,TRUE
1/15/23 7:12,43.2,42.9,193,197,TRUE
1/15/23 7:14,43.5,43.6,192,198,TRUE
1/15/23 7:16,43.4,43.5,190,196,TRUE
1/15/23 7:18,43.3,43.3,185,193,TRUE
1/15/23 7:20,43.5,43.6,187,194,TRUE
1/15/23 7:22,43.2,43.1,189,198,TRUE
1/15/23 7:24,43.6,43.5,190,194,TRUE
1/15/23 7:26,43.4,43.4,191,195,TRUE
1/15/23 7:28,43.5,43.5,192,196,TRUE
1/15/23 7:30,43.4,43.5,191,194,TRUE
1/15/23 7:32,43.5,43.5,190,194,TRUE
1/15/23 7:34,42.2,42.2,188,192,TRUE
1/15/23 7:36,42.1,42.2,186,190,TRUE
1/15/23 7:38,42.5,84.1,187,192,TRUE
1/15/23 7:40,42.3,42.3,187,188,TRUE
1/15/23 7:42,41.9,41.6,179,188,TRUE
1/15/23 7:44,56.1,42,181,189,TRUE
1/15/23 7:46,42.2,42.2,186,190,TRUE
1/15/23 7:48,42.2,42.2,186,190,TRUE
1/15/23 7:50,84.7,42.5,187,192,TRUE
1/15/23 7:52,42.2,42.2,185,189,TRUE
1/15/23 7:54,43.3,43.1,189,192,TRUE
1/15/23 7:56,43.9,44,186,192,TRUE
1/15/23 7:58,43.7,58.7,185,192,TRUE
1/15/23 8:00,43.7,43.6,190,193,TRUE
1/15/23 8:02,43,42.9,190,194,TRUE
1/15/23 8:04,43.3,43.2,190,194,TRUE
1/15/23 8:06,43.5,42.5,190,194,TRUE
1/15/23 8:08,43.2,43.1,190,194,TRUE
1/15/23 8:10,43.4,43.2,191,194,TRUE
1/15/23 8:12,44,43.8,191,194,TRUE
1/15/23 8:14,43.4,43.6,190,194,TRUE
1/15/23 8:16,41.8,41.8,178,187,TRUE
1/15/23 8:18,82.6,41.9,178,186,TRUE
1/15/23 8:20,42.2,42.3,183,189,TRUE
1/15/23 8:22,42.3,42.3,185,190,TRUE
1/15/23 8:24,42.1,42,187,190,TRUE
1/15/23 8:26,84,41.8,180,188,TRUE
1/15/23 8:28,41.9,42.2,180,187,TRUE
1/15/23 8:30,42.3,42.3,184,190,TRUE
1/15/23 8:32,42.2,42.3,185,190,TRUE
1/15/23 8:34,42.7,42.7,187,191,TRUE
1/15/23 8:36,43.2,43.5,187,190,TRUE
1/15/23 8:38,43.6,43.5,187,191,TRUE
1/15/23 8:40,43.6,43.6,186,190,TRUE
1/15/23 8:42,42.8,42.7,187,191,TRUE
1/15/23 8:44,42.8,42.8,187,192,TRUE
1/15/23 8:46,43,43.1,186,190,TRUE
1/15/23 8:48,43.1,43,187,191,TRUE
1/15/23 8:50,43.1,42.9,187,191,TRUE
1/15/23 8:52,42.9,42.7,180,190,TRUE
1/15/23 8:54,42.7,42.6,181,189,TRUE
1/15/23 8:56,41.3,41.1,173,178,TRUE
1/15/23 8:58,81.7,82.2,179,184,TRUE
1/15/23 9:00,41.5,41.5,173,180,TRUE
1/15/23 9:02,41.9,41.9,179,185,TRUE
1/15/23 9:04,56.2,41.9,178,183,TRUE
1/15/23 9:06,41.8,41.7,178,183,TRUE
1/15/23 9:08,41.3,41.6,178,182,TRUE
1/15/23 9:10,41.5,41.5,180,185,TRUE
1/15/23 9:12,41.6,41.4,179,183,TRUE
1/15/23 9:14,85.5,42.9,185,190,TRUE
1/15/23 9:16,43,59.2,181,188,TRUE
1/15/23 9:18,43.2,43.1,182,187,TRUE
1/15/23 9:20,43,43.1,182,187,TRUE
1/15/23 9:22,41.1,55.5,174,180,TRUE
1/15/23 9:24,3257,41.9,174,180,TRUE
1/15/23 9:26,82.1,41.5,178,183,TRUE
1/15/23 9:28,42.2,42.3,182,187,TRUE
1/15/23 9:30,56.5,42.4,181,187,TRUE
1/15/23 9:32,42.2,42.1,182,187,TRUE
1/15/23 9:34,42.3,42,182,186,TRUE
1/15/23 9:36,40.4,40.4,169,173,TRUE
1/15/23 9:38,40.8,40.6,171,175,TRUE
1/15/23 9:40,40.9,41.9,172,175,TRUE
1/15/23 9:42,41,40.8,171,175,TRUE
1/15/23 9:44,40.2,40.6,167,173,TRUE
1/15/23 9:46,40.7,40.5,165,173,TRUE
1/15/23 9:48,41,41.1,173,175,TRUE
1/15/23 9:50,41.2,41,173,176,TRUE
1/15/23 9:52,40.6,40.8,166,173,TRUE
1/15/23 9:54,38.5,38.4,156,161,TRUE
1/15/23 9:56,42.6,42.7,181,185,TRUE
1/15/23 9:58,41.9,42.1,168,178,TRUE
1/15/23 10:00,38.4,38.4,156,161,TRUE
1/15/23 10:02,40.1,39.4,182,182,TRUE
1/15/23 10:04,38.4,38.6,156,161,TRUE
1/15/23 10:06,43.1,43,180,184,TRUE
1/15/23 10:08,42.9,43,182,185,TRUE
1/15/23 10:10,42.7,42.6,180,183,TRUE
1/15/23 10:12,153,38.8,163,169,TRUE
1/15/23 10:14,42.9,42.9,176,183,TRUE
1/15/23 10:16,36.7,38.7,143,151,TRUE
1/15/23 10:18,42.2,42.1,175,180,TRUE
1/15/23 10:20,39.7,39.4,159,167,TRUE
1/15/23 10:22,40.8,83,153,163,TRUE
1/15/23 10:24,82.7,82.7,165,175,TRUE
1/15/23 10:26,41.2,57,168,176,TRUE
1/15/23 10:28,41.1,41.2,168,176,TRUE
1/15/23 10:30,38,38.1,151,158,TRUE
1/15/23 10:32,39.4,39.2,170,170,TRUE
1/15/23 10:34,42.7,84.7,184,188,TRUE
1/15/23 10:36,42.6,42.5,184,187,TRUE
1/15/23 10:38,42.1,42.2,177,182,TRUE
1/15/23 10:40,42,42.1,173,180,TRUE
1/15/23 10:42,42,42,176,180,TRUE
1/15/23 10:44,42.1,42.1,175,180,TRUE
1/15/23 10:46,40.7,39.4,175,177,TRUE
1/15/23 10:48,42.4,42.3,177,181,TRUE
1/15/23 10:50,42.3,42.6,181,184,TRUE
1/15/23 10:52,42.1,41.9,173,181,TRUE
1/15/23 10:54,34.1,34.2,132,139,TRUE
1/15/23 10:56,43,42.9,182,185,TRUE
1/15/23 10:58,43,42.8,180,183,TRUE
1/15/23 11:00,43,42.8,181,184,TRUE
1/15/23 11:02,42.9,42.6,176,182,TRUE
1/15/23 11:04,40.1,40.1,160,166,TRUE
1/15/23 11:06,41,41,166,172,TRUE
1/15/23 11:08,41.5,53.9,171,175,TRUE
1/15/23 11:10,41.3,41.3,170,174,TRUE
1/15/23 11:12,41.2,41.3,172,175,TRUE
1/15/23 11:14,41.3,41.5,173,176,TRUE
1/15/23 11:16,41.2,41.3,173,178,TRUE
1/15/23 11:18,54,41,165,173,TRUE
1/15/23 11:20,40.9,40.9,165,173,TRUE
1/15/23 11:22,84.3,42.2,176,180,TRUE
1/15/23 11:24,43,42.8,180,185,TRUE
1/15/23 11:26,42.9,58.5,178,183,TRUE
1/15/23 11:28,42.8,42.6,178,182,TRUE
1/15/23 11:30,40.9,40.8,170,173,TRUE
1/15/23 11:32,41.1,41.3,170,171,TRUE
1/15/23 11:34,41,41.2,170,171,TRUE
1/15/23 11:36,40.9,40.9,163,168,TRUE
1/15/23 11:38,40.7,40.7,162,168,TRUE
1/15/23 11:40,41.3,41.1,166,171,TRUE
1/15/23 11:42,69.7,34.9,135,138,TRUE
1/15/23 11:44,42.5,42.4,179,180,TRUE
1/15/23 11:46,139,35.3,135,137,TRUE
1/15/23 11:48,56.5,42.6,179,181,TRUE
1/15/23 11:50,83.9,42.4,178,180,TRUE
1/15/23 11:52,148,36.8,146,148,TRUE
1/15/23 11:54,42.3,42.2,173,178,TRUE
1/15/23 11:56,35.6,35.6,136,144,TRUE
1/15/23 11:58,42.9,42.8,182,185,TRUE
1/15/23 12:00,43.3,43.4,180,184,TRUE
1/15/23 12:02,38.4,38.4,151,153,TRUE
1/15/23 12:04,43.5,43.3,181,185,TRUE
1/15/23 12:06,40.9,55.5,173,178,TRUE
1/15/23 12:08,73.3,36.6,143,147,TRUE
1/15/23 12:10,43,42.9,182,186,TRUE
1/15/23 12:12,42.8,42.8,178,185,TRUE
1/15/23 12:14,36.7,36.7,144,151,TRUE
1/15/23 12:16,42.8,42.8,178,184,TRUE
1/15/23 12:18,42.7,42.8,181,186,TRUE
1/15/23 12:20,42.9,42.9,182,186,TRUE
1/15/23 12:22,74,38.2,152,157,TRUE
1/15/23 12:24,42.7,42.8,181,185,TRUE
1/15/23 12:26,42.9,43,180,185,TRUE
1/15/23 12:28,42.3,42.3,174,182,TRUE
1/15/23 12:30,42.6,42.6,181,186,TRUE
1/15/23 12:32,43.1,43.1,180,185,TRUE
1/15/23 12:34,42.9,42.9,180,185,TRUE
1/15/23 12:36,42.9,42.8,182,185,TRUE
1/15/23 12:38,38.2,37.3,148,153,TRUE
1/15/23 12:40,83.8,56.8,176,180,TRUE
1/15/23 12:42,55.4,83.6,176,180,TRUE
1/15/23 12:44,42.2,84.1,178,183,TRUE
1/15/23 12:46,36.5,36,143,151,TRUE
1/15/23 12:48,42.8,42.7,176,184,TRUE
1/15/23 12:50,42.8,42.9,180,185,TRUE
1/15/23 12:52,42.9,42.9,180,185,TRUE
1/15/23 12:54,42.9,42.8,180,185,TRUE
1/15/23 12:56,37.6,37.7,151,155,TRUE
1/15/23 12:58,42.3,42.5,180,185,TRUE
1/15/23 13:00,42.3,42.3,180,185,TRUE
1/15/23 13:02,42.1,41.9,173,177,TRUE
1/15/23 13:04,42.6,42.5,174,178,TRUE
1/15/23 13:06,38.2,38.3,146,153,TRUE
1/15/23 13:08,43,43,175,182,TRUE
1/15/23 13:10,82.2,41.1,170,176,TRUE
1/15/23 13:12,56.5,56.3,174,178,TRUE
1/15/23 13:14,41.3,41.2,173,175,TRUE
1/15/23 13:16,77.2,38.5,154,156,TRUE
1/15/23 13:18,42.9,43,181,184,TRUE
1/15/23 13:20,42.8,84.8,178,182,TRUE
1/15/23 13:22,42.5,84.7,179,184,TRUE
1/15/23 13:24,42.8,42.5,180,185,TRUE
1/15/23 13:26,43.1,43.2,182,186,TRUE
1/15/23 13:28,84.1,42.2,177,183,TRUE
1/15/23 13:30,45.3,60.1,174,182,TRUE
1/15/23 13:32,50.3,50.3,194,201,FALSE
1/15/23 13:34,49.9,49.9,185,198,FALSE
1/15/23 13:36,49.9,50,193,207,FALSE
1/15/23 13:38,50.4,50.3,197,204,FALSE
1/15/23 13:40,50.3,50.3,199,207,FALSE
1/15/23 13:42,50.2,50.2,189,199,FALSE
1/15/23 13:44,49.6,49.7,180,197,FALSE
1/15/23 13:46,49.9,49.9,178,193,FALSE
1/15/23 13:48,49.7,49.8,180,196,FALSE
1/15/23 13:50,49.6,49.6,182,193,FALSE
1/15/23 13:52,50,50,175,194,FALSE
1/15/23 13:54,49.8,49.8,197,204,FALSE
1/15/23 13:56,49.8,49.9,192,199,FALSE
1/15/23 13:58,50.3,50.2,192,199,FALSE
1/15/23 14:00,50,50,194,200,FALSE
1/15/23 14:02,50.4,50.3,196,202,FALSE
1/15/23 14:04,49.8,49.7,180,191,FALSE
1/15/23 14:06,49.7,49.8,189,196,FALSE
1/15/23 14:08,50.3,50.2,192,199,FALSE
1/15/23 14:10,49.8,49.7,192,199,FALSE
1/15/23 14:12,50.1,50.1,191,197,FALSE
1/15/23 14:14,49.9,49.9,191,198,FALSE
1/15/23 14:16,49.6,49.7,178,191,FALSE
1/15/23 14:18,50.3,50.3,192,199,FALSE
1/15/23 14:20,50,50,192,198,FALSE
1/15/23 14:22,50.2,50.3,192,197,FALSE
1/15/23 14:24,50.1,50.1,194,200,FALSE
1/15/23 14:26,49.6,49.5,191,197,FALSE
1/15/23 14:28,49.7,49.7,196,204,FALSE
1/15/23 14:30,50.1,50.1,194,202,FALSE
1/15/23 14:32,50.1,50,197,203,FALSE
1/15/23 14:34,49.8,49.7,192,199,FALSE
1/15/23 14:36,49.9,49.9,194,202,FALSE
1/15/23 14:38,50,49.9,197,202,FALSE
1/15/23 14:40,49.9,49.8,198,204,FALSE
1/15/23 14:42,49.8,49.7,195,202,FALSE
1/15/23 14:44,50.1,50.1,192,198,FALSE
1/15/23 14:46,50,50.1,192,201,FALSE
1/15/23 14:48,49.7,49.7,187,197,FALSE
1/15/23 14:50,50.2,50.1,194,202,FALSE
1/15/23 14:52,50.1,50.1,194,202,FALSE
1/15/23 14:54,50,50,192,197,FALSE
1/15/23 14:56,49.8,49.9,194,200,FALSE
1/15/23 14:58,49.9,49.9,191,199,FALSE
1/15/23 15:00,50.1,50,190,198,FALSE
1/15/23 15:02,50.1,50.1,190,197,FALSE
1/15/23 15:04,50.2,50.2,194,200,FALSE
1/15/23 15:06,49.6,49.7,190,197,FALSE
1/15/23 15:08,49.5,49.5,192,199,FALSE
1/15/23 15:10,49.8,49.8,194,202,FALSE
1/15/23 15:12,49.9,49.9,196,202,FALSE
1/15/23 15:14,49.9,49.9,197,202,FALSE
1/15/23 15:16,49.5,49.5,195,202,FALSE
1/15/23 15:18,49.8,49.8,196,202,FALSE
1/15/23 15:20,49.5,49.5,196,202,FALSE
1/15/23 15:22,49.6,49.6,195,201,FALSE
1/15/23 15:24,49.5,49.6,190,197,FALSE
1/15/23 15:26,49.9,50,193,199,FALSE
1/15/23 15:28,49.8,49.8,190,197,FALSE
1/15/23 15:30,50.1,50.2,192,199,FALSE
1/15/23 15:32,50.4,50.4,192,199,FALSE
1/15/23 15:34,50.1,50.2,195,202,FALSE
1/15/23 15:36,49.9,49.9,196,202,FALSE
1/15/23 15:38,50.4,50.4,186,193,FALSE
1/15/23 15:40,50.4,50.4,194,199,FALSE
1/15/23 15:42,50.2,50.3,191,199,FALSE
1/15/23 15:44,50.4,50.3,192,200,FALSE
1/15/23 15:46,49.9,49.9,190,197,FALSE
1/15/23 15:48,49.9,49.8,183,192,FALSE
1/15/23 15:50,49.7,49.8,184,192,FALSE
1/15/23 15:52,50.1,50.1,194,201,FALSE
1/15/23 15:54,50,50,182,191,FALSE
1/15/23 15:56,49.8,49.8,189,197,FALSE
1/15/23 15:58,49.9,49.9,195,202,FALSE
1/15/23 16:00,49.9,49.9,194,202,FALSE
1/15/23 16:02,49.8,49.8,194,202,FALSE
1/15/23 16:04,50.1,50,191,198,FALSE
1/15/23 16:06,50,50,194,202,FALSE
1/15/23 16:08,49.8,49.8,197,204,FALSE
1/15/23 16:10,49.6,49.7,197,204,FALSE
1/15/23 16:12,50,50,190,195,FALSE
1/15/23 16:14,49.9,49.9,188,194,FALSE
1/15/23 16:16,49.9,49.9,185,195,FALSE
1/15/23 16:18,49.7,49.7,186,197,FALSE
1/15/23 16:20,49.9,49.9,190,195,FALSE
1/15/23 16:22,49.9,49.9,190,197,FALSE
1/15/23 16:24,49.8,49.8,190,196,FALSE
1/15/23 16:26,49.8,49.7,191,197,FALSE
1/15/23 16:28,49.9,49.9,188,194,FALSE
1/15/23 16:30,49.8,49.8,184,190,FALSE
1/15/23 16:32,50.1,50,190,194,FALSE
1/15/23 16:34,50.1,50.2,190,197,FALSE
1/15/23 16:36,49.9,49.9,187,195,FALSE
1/15/23 16:38,50,50,186,194,FALSE
1/15/23 16:40,49.7,49.7,190,196,FALSE
1/15/23 16:42,49.6,49.6,194,200,FALSE
1/15/23 16:44,49.7,49.6,195,202,FALSE
1/15/23 16:46,49.5,49.5,187,197,FALSE
1/15/23 16:48,49.9,50,182,191,FALSE
1/15/23 16:50,50.1,50.1,190,199,FALSE
1/15/23 16:52,49.9,50,191,198,FALSE
1/15/23 16:54,49.9,49.9,195,202,FALSE
1/15/23 16:56,50,50,196,202,FALSE
1/15/23 16:58,49.8,49.8,194,202,FALSE
1/15/23 17:00,49.7,49.7,195,202,FALSE
1/15/23 17:02,50.1,50.1,187,194,FALSE
1/15/23 17:04,50.2,50.2,189,197,FALSE
1/15/23 17:06,50,50,193,202,FALSE
1/15/23 17:08,50.3,50.3,198,204,FALSE
1/15/23 17:10,49.8,49.8,190,197,FALSE
1/15/23 17:12,49.9,49.8,193,200,FALSE
1/15/23 17:14,49.6,49.6,194,201,FALSE
1/15/23 17:16,49.8,49.8,194,201,FALSE
1/15/23 17:18,49.6,49.7,185,196,FALSE
1/15/23 17:20,50.2,50.2,185,195,FALSE
1/15/23 17:22,49.9,49.9,198,205,FALSE
1/15/23 17:24,50,50,197,204,FALSE
1/15/23 17:26,50,49.9,194,204,FALSE
1/15/23 17:28,50.1,50.2,195,205,FALSE
1/15/23 17:30,49.7,49.7,192,200,FALSE
1/15/23 17:32,49.8,49.8,197,204,FALSE
1/15/23 17:34,49.8,49.7,198,204,FALSE
1/15/23 17:36,50,50,192,201,FALSE
1/15/23 17:38,50.3,50.3,194,202,FALSE
1/15/23 17:40,50.1,50.1,196,202,FALSE
1/15/23 17:42,50.2,50.1,194,201,FALSE
1/15/23 17:44,50.3,50.2,194,201,FALSE
1/15/23 17:46,50.1,50,194,201,FALSE
1/15/23 17:48,49.8,49.7,192,200,FALSE
1/15/23 17:50,49.8,49.8,194,202,FALSE
1/15/23 17:52,49.8,49.9,193,202,FALSE
1/15/23 17:54,50.1,50.1,195,202,FALSE
1/15/23 17:56,50,50.1,195,202,FALSE
1/15/23 17:58,49.9,50,197,203,FALSE
1/15/23 18:00,49.9,49.8,194,202,FALSE
1/15/23 18:02,49.8,49.8,194,202,FALSE
1/15/23 18:04,49.9,49.8,197,203,FALSE
1/15/23 18:06,50,50,194,202,FALSE
1/15/23 18:08,49.8,49.8,194,200,FALSE
1/15/23 18:10,49.9,50,188,195,FALSE
1/15/23 18:12,49.5,49.5,178,187,FALSE
1/15/23 18:14,49.9,49.9,178,188,FALSE
1/15/23 18:16,49.5,49.5,183,193,FALSE
1/15/23 18:18,49.8,49.8,190,200,FALSE
1/15/23 18:20,49.6,49.6,188,199,FALSE
1/15/23 18:22,7874,5556,0.707,0,FALSE
1/15/23 18:24,4926,6452,0.707,0,FALSE
1/15/23 18:26,3279,4926,0.707,0,FALSE
1/15/23 18:28,45.3,45.4,200,215,TRUE
1/15/23 18:30,44.8,44.9,210,217,TRUE
1/15/23 18:32,45.1,45.3,209,216,TRUE
1/15/23 18:34,45.4,45.3,210,218,TRUE
1/15/23 18:36,58.1,43.5,166,182,TRUE
1/15/23 18:38,85.1,42.6,192,207,TRUE
1/15/23 18:40,42.6,42.6,188,203,TRUE
1/15/23 18:42,38.9,38.8,173,180,TRUE
1/15/23 18:44,39.5,39.3,175,182,TRUE
1/15/23 18:46,40.4,55.3,185,193,TRUE
1/15/23 18:48,42.8,42.9,195,204,TRUE
1/15/23 18:50,42.9,43.4,197,204,TRUE
1/15/23 18:52,43.3,43.2,197,202,TRUE
1/15/23 18:54,43.1,43.2,195,201,TRUE
1/15/23 18:56,42.9,43,194,200,TRUE
1/15/23 18:58,57.3,42.8,198,204,TRUE
1/15/23 19:00,86,42.8,198,204,TRUE
1/15/23 19:02,85.2,42.6,194,200,TRUE
1/15/23 19:04,43.9,44.1,199,204,TRUE
1/15/23 19:06,37.1,37.2,165,169,TRUE
1/15/23 19:08,79.5,52.6,181,185,TRUE
1/15/23 19:10,38.9,38.9,170,179,TRUE
1/15/23 19:12,39.5,39.5,184,186,TRUE
1/15/23 19:14,52.5,39.6,184,187,TRUE
1/15/23 19:16,79,53.3,187,188,TRUE
1/15/23 19:18,43.9,43.9,204,207,TRUE
1/15/23 19:20,43.9,43.8,204,206,TRUE
1/15/23 19:22,33,33.5,153,174,TRUE
1/15/23 19:24,39.5,39.4,182,184,TRUE
1/15/23 19:26,39.3,39.8,190,195,TRUE
1/15/23 19:28,39,39.2,181,182,TRUE
1/15/23 19:30,55.4,41.5,195,198,TRUE
1/15/23 19:32,34.4,34.5,141,151,TRUE
1/15/23 19:34,79.9,78.1,178,186,TRUE
1/15/23 19:36,39.5,39.6,181,187,TRUE
1/15/23 19:38,39.4,39.3,178,182,TRUE
1/15/23 19:40,38.3,38.1,174,179,TRUE
1/15/23 19:42,43.8,44.2,203,207,TRUE
1/15/23 19:44,38.3,39.5,189,200,TRUE
1/15/23 19:46,58.6,43.8,197,205,TRUE
1/15/23 19:48,43.7,44.1,197,204,TRUE
1/15/23 19:50,43.7,44.1,197,204,TRUE
1/15/23 19:52,44,43.9,197,202,TRUE
1/15/23 19:54,41.3,41,184,192,TRUE
1/15/23 19:56,40.9,80.8,181,190,TRUE
1/15/23 19:58,41.5,40.8,183,193,TRUE
1/15/23 20:00,41,41.4,184,194,TRUE
1/15/23 20:02,41.3,56.8,185,192,TRUE
1/15/23 20:04,82.6,56.1,185,192,TRUE
1/15/23 20:06,42.3,42.3,190,195,TRUE
1/15/23 20:08,85.6,42.6,196,200,TRUE
1/15/23 20:10,44.2,44.4,202,207,TRUE
1/15/23 20:12,43.9,43.8,199,204,TRUE
1/15/23 20:14,43.4,43.3,194,202,TRUE
1/15/23 20:16,86.9,43.4,195,203,TRUE
1/15/23 20:18,58.4,43.8,200,204,TRUE
1/15/23 20:20,43.8,44,201,204,TRUE
1/15/23 20:22,43.9,43.8,199,204,TRUE
1/15/23 20:24,173,43.5,194,203,TRUE
1/15/23 20:26,86.9,43.4,194,202,TRUE
1/15/23 20:28,43.7,43.6,199,204,TRUE
1/15/23 20:30,80.3,39.7,177,180,TRUE
1/15/23 20:32,160,40.2,182,187,TRUE
1/15/23 20:34,54.6,41.2,187,192,TRUE
1/15/23 20:36,82.2,41,186,190,TRUE
1/15/23 20:38,164,41.3,187,192,TRUE
1/15/23 20:40,161,40.8,185,190,TRUE
1/15/23 20:42,55.1,41.1,186,190,TRUE
1/15/23 20:44,81.7,41.1,187,190,TRUE
1/15/23 20:46,43.6,43.4,199,204,TRUE
1/15/23 20:48,87.7,43.7,200,204,TRUE
1/15/23 20:50,172,43.1,192,200,TRUE
1/15/23 20:52,84.6,42.7,192,199,TRUE
1/15/23 20:54,86.1,43.4,197,203,TRUE
1/15/23 20:56,86.3,43,197,203,TRUE
1/15/23 20:58,170,42.7,197,204,TRUE
1/15/23 21:00,85.8,42.7,197,204,TRUE
1/15/23 21:02,86.5,43.3,199,204,TRUE
1/15/23 21:04,43.4,43.3,199,202,TRUE
1/15/23 21:06,37.8,37.8,168,173,TRUE
1/15/23 21:08,80.3,39.5,176,181,TRUE
1/15/23 21:10,39.7,39.7,176,185,TRUE
1/15/23 21:12,39.8,39.8,179,187,TRUE
1/15/23 21:14,54.8,40.7,187,193,TRUE
1/15/23 21:16,40.6,41,189,194,TRUE
1/15/23 21:18,42.2,42.2,192,195,TRUE
1/15/23 21:20,168,42.2,197,202,TRUE
1/15/23 21:22,44.1,44,204,207,TRUE
1/15/23 21:24,43.8,43.8,204,208,TRUE
1/15/23 21:26,43.7,43.7,202,207,TRUE
1/15/23 21:28,43.8,43.5,202,207,TRUE
1/15/23 21:30,87.1,43.4,202,206,TRUE
1/15/23 21:32,86.7,43.3,195,203,TRUE
1/15/23 21:34,85.3,42.6,192,201,TRUE
1/15/23 21:36,43.5,43.6,201,204,TRUE
1/15/23 21:38,50.2,3257,201,204,TRUE
1/15/23 21:40,49.8,49.8,203,209,FALSE
1/15/23 21:42,49.9,50,204,209,FALSE
1/15/23 21:44,49.7,49.7,204,209,FALSE
1/15/23 21:46,50,49.9,201,209,FALSE
1/15/23 21:48,50,50,200,209,FALSE
1/15/23 21:50,50.1,50.1,203,210,FALSE
1/15/23 21:52,50.3,50.2,204,210,FALSE
1/15/23 21:54,49.8,49.8,204,210,FALSE
1/15/23 21:56,49.8,49.8,204,211,FALSE
1/15/23 21:58,49.7,49.9,204,211,FALSE
1/15/23 22:00,49.9,49.8,205,211,FALSE
1/15/23 22:02,50,49.8,205,211,FALSE
1/15/23 22:04,49.8,49.7,205,211,FALSE
1/15/23 22:06,50.2,50.2,204,210,FALSE
1/15/23 22:08,49.9,49.9,200,209,FALSE
1/15/23 22:10,49.8,49.5,202,211,FALSE
1/15/23 22:12,49.9,49.9,204,211,FALSE
1/15/23 22:14,49.9,50,203,209,FALSE
1/15/23 22:16,50.1,50.1,204,210,FALSE
1/15/23 22:18,50,50.1,204,210,FALSE
1/15/23 22:20,49.7,49.7,204,210,FALSE
1/15/23 22:22,49.9,49.8,204,211,FALSE
1/15/23 22:24,50.1,50.2,204,211,FALSE
1/15/23 22:26,50.3,50,203,210,FALSE
1/15/23 22:28,50,49.9,204,211,FALSE
1/15/23 22:30,49.9,49.9,204,211,FALSE
1/15/23 22:32,49.8,49.7,205,211,FALSE
1/15/23 22:34,49.8,50,204,211,FALSE
1/15/23 22:36,49.9,50,202,211,FALSE
1/15/23 22:38,49.9,49.7,204,211,FALSE
1/15/23 22:40,50.2,50.2,205,211,FALSE
1/15/23 22:42,50,50,204,211,FALSE
1/15/23 22:44,49.9,49.7,204,211,FALSE
1/15/23 22:46,50.1,50,203,211,FALSE
1/15/23 22:48,50,50.1,202,211,FALSE
1/15/23 22:50,49.7,49.6,202,210,FALSE
1/15/23 22:52,50,49.9,204,211,FALSE
1/15/23 22:54,49.7,49.9,206,213,FALSE
1/15/23 22:56,50.1,50,206,212,FALSE
1/15/23 22:58,50.2,50.2,206,212,FALSE
1/15/23 23:00,50.1,49.9,207,213,FALSE
1/15/23 23:02,49.8,49.8,207,213,FALSE
1/15/23 23:04,50.1,50.2,207,213,FALSE
1/15/23 23:06,49.8,49.8,209,214,FALSE
1/15/23 23:08,50,50.1,208,214,FALSE
1/15/23 23:10,49.9,49.7,205,213,FALSE
1/15/23 23:12,49.8,49.8,206,213,FALSE
1/15/23 23:14,50.3,50,207,213,FALSE
1/15/23 23:16,49.9,50,207,214,FALSE
1/15/23 23:18,50,50,207,214,FALSE
1/15/23 23:20,49.4,49.7,209,215,FALSE
1/15/23 23:22,50.1,50,207,215,FALSE
1/15/23 23:24,50,49.9,208,216,FALSE
1/15/23 23:26,50.2,50,208,216,FALSE
1/15/23 23:28,49.9,49.9,207,215,FALSE
1/15/23 23:30,50,50,207,216,FALSE
1/15/23 23:32,50.1,50.1,207,215,FALSE
1/15/23 23:34,50,50.1,209,216,FALSE
1/15/23 23:36,49.7,49.8,209,216,FALSE
1/15/23 23:38,49.8,50,207,214,FALSE
1/15/23 23:40,50.2,50.3,209,215,FALSE
1/15/23 23:42,49.7,49.7,207,214,FALSE
1/15/23 23:44,50,50,209,215,FALSE
1/15/23 23:46,49.9,49.9,209,215,FALSE
1/15/23 23:48,49.9,49.9,209,215,FALSE
1/15/23 23:50,50.1,50,209,215,FALSE
1/15/23 23:52,50,50,209,216,FALSE
1/15/23 23:54,50.1,50.1,209,216,FALSE
1/15/23 23:56,49.8,49.7,206,215,FALSE
1/15/23 23:58,49.9,50,207,215,FALSE
1/16/23 0:00,50,50,209,216,FALSE
1/16/23 0:02,50.1,50,209,216,FALSE
1/16/23 0:04,50.2,50.3,209,216,FALSE
1/16/23 0:06,49.8,49.8,211,217,FALSE
1/16/23 0:08,50,50.1,211,218,FALSE
1/16/23 0:10,49.9,49.9,211,218,FALSE
1/16/23 0:12,50,49.9,211,218,FALSE
1/16/23 0:14,49.9,50,211,218,FALSE
1/16/23 0:16,50.1,50.2,209,217,FALSE
1/16/23 0:18,50,50,209,217,FALSE
1/16/23 0:20,50,50.1,211,218,FALSE
1/16/23 0:22,49.8,49.8,211,218,FALSE
1/16/23 0:24,50.1,50.2,213,221,FALSE
1/16/23 0:26,49.8,49.9,211,218,FALSE
1/16/23 0:28,49.9,50.1,211,218,FALSE
1/16/23 0:30,49.7,49.7,210,217,FALSE
1/16/23 0:32,50.2,50.3,209,217,FALSE
1/16/23 0:34,49.9,49.8,209,217,FALSE
1/16/23 0:36,49.9,50,211,218,FALSE
1/16/23 0:38,49.7,49.7,211,218,FALSE
1/16/23 0:40,50.3,50.2,212,219,FALSE
1/16/23 0:42,49.9,49.8,211,218,FALSE
1/16/23 0:44,49.6,49.8,211,218,FALSE
1/16/23 0:46,50,50,209,218,FALSE
1/16/23 0:48,50.3,50.1,211,219,FALSE
1/16/23 0:50,49.9,49.9,211,218,FALSE
1/16/23 0:52,49.7,49.5,211,218,FALSE
1/16/23 0:54,49.8,49.8,211,219,FALSE
1/16/23 0:56,49.9,49.9,211,218,FALSE
1/16/23 0:58,49.8,49.7,210,217,FALSE
1/16/23 1:00,50.2,50.2,211,218,FALSE
1/16/23 1:02,49.9,49.9,211,218,FALSE
1/16/23 1:04,50,50.1,211,218,FALSE
1/16/23 1:06,50.2,50.2,211,218,FALSE
1/16/23 1:08,49.9,49.9,211,218,FALSE
1/16/23 1:10,49.9,49.9,209,218,FALSE
1/16/23 1:12,49.8,49.9,209,219,FALSE
1/16/23 1:14,50.2,50.1,211,219,FALSE
1/16/23 1:16,50,49.9,211,218,FALSE
1/16/23 1:18,50,50.1,211,218,FALSE
1/16/23 1:20,50,50.1,212,219,FALSE
1/16/23 1:22,50.2,50.1,212,219,FALSE
1/16/23 1:24,49.8,49.8,211,219,FALSE
1/16/23 1:26,50.1,50,210,219,FALSE
1/16/23 1:28,49.9,49.8,211,218,FALSE
1/16/23 1:30,50,49.9,209,218,FALSE
1/16/23 1:32,49.7,49.8,209,218,FALSE
1/16/23 1:34,50,50.2,212,219,FALSE
1/16/23 1:36,50,49.9,212,219,FALSE
1/16/23 1:38,50.1,50,214,221,FALSE
1/16/23 1:40,50,50,211,219,FALSE
1/16/23 1:42,49.9,49.9,211,219,FALSE
1/16/23 1:44,49.8,49.8,212,219,FALSE
1/16/23 1:46,49.7,49.7,212,219,FALSE
1/16/23 1:48,49.8,49.8,212,219,FALSE
1/16/23 1:50,50.1,50.2,212,219,FALSE
1/16/23 1:52,49.9,49.8,211,219,FALSE
1/16/23 1:54,50.2,50.2,209,219,FALSE
1/16/23 1:56,49.8,49.9,211,219,FALSE
1/16/23 1:58,50,50,213,220,FALSE
1/16/23 2:00,49.6,49.6,213,219,FALSE
1/16/23 2:02,50.2,50.1,214,220,FALSE
1/16/23 2:04,49.9,49.8,213,219,FALSE
1/16/23 2:06,49.9,49.9,213,219,FALSE
1/16/23 2:08,50.1,50.1,211,219,FALSE
1/16/23 2:10,50,49.9,210,219,FALSE
1/16/23 2:12,49.8,49.9,211,219,FALSE
1/16/23 2:14,50,50,211,219,FALSE
1/16/23 2:16,50.2,50.2,211,219,FALSE
1/16/23 2:18,49.7,49.7,211,218,FALSE
1/16/23 2:20,49.9,50,212,219,FALSE
1/16/23 2:22,50,49.9,211,219,FALSE
1/16/23 2:24,49.8,49.8,211,219,FALSE
1/16/23 2:26,50.1,50.1,210,219,FALSE
1/16/23 2:28,49.9,50,212,219,FALSE
1/16/23 2:30,50.1,50.1,213,219,FALSE
1/16/23 2:32,50,50,214,219,FALSE
1/16/23 2:34,49.6,49.5,212,219,FALSE
1/16/23 2:36,50.3,50.3,213,220,FALSE
1/16/23 2:38,49.9,49.8,212,219,FALSE
1/16/23 2:40,49.9,49.9,214,221,FALSE
1/16/23 2:42,49.9,49.9,211,219,FALSE
1/16/23 2:44,50,50,210,219,FALSE
1/16/23 2:46,49.8,49.8,209,219,FALSE
1/16/23 2:48,50,50,212,219,FALSE
1/16/23 2:50,50.1,50.1,212,219,FALSE
1/16/23 2:52,49.9,49.8,213,219,FALSE
1/16/23 2:54,49.7,49.8,211,219,FALSE
1/16/23 2:56,49.8,49.9,213,219,FALSE
1/16/23 2:58,50.1,50,211,219,FALSE
1/16/23 3:00,49.6,49.6,209,218,FALSE
1/16/23 3:02,50.4,50.4,213,219,FALSE
1/16/23 3:04,49.7,49.7,212,219,FALSE
1/16/23 3:06,50.1,50.2,211,219,FALSE
1/16/23 3:08,50.2,50.2,211,219,FALSE
1/16/23 3:10,50,50,211,219,FALSE
1/16/23 3:12,50,50.1,212,219,FALSE
1/16/23 3:14,49.7,49.8,212,219,FALSE
1/16/23 3:16,49.8,49.8,213,219,FALSE
1/16/23 3:18,50.1,50.1,213,219,FALSE
1/16/23 3:20,49.9,49.9,211,219,FALSE
1/16/23 3:22,50.1,50.1,211,219,FALSE
1/16/23 3:24,50.1,50.1,212,219,FALSE
1/16/23 3:26,49.8,49.8,212,219,FALSE
1/16/23 3:28,49.7,49.6,212,219,FALSE
1/16/23 3:30,49.8,49.8,213,219,FALSE
1/16/23 3:32,50.2,50.2,214,220,FALSE
1/16/23 3:34,49.8,49.8,213,219,FALSE
1/16/23 3:36,49.7,49.7,212,219,FALSE
1/16/23 3:38,50,50,214,221,FALSE
1/16/23 3:40,50,50,212,219,FALSE
1/16/23 3:42,49.8,49.8,209,218,FALSE
1/16/23 3:44,50.1,50.1,209,219,FALSE
1/16/23 3:46,50,50,212,219,FALSE
1/16/23 3:48,49.9,49.9,212,219,FALSE
1/16/23 3:50,49.8,49.8,212,219,FALSE
1/16/23 3:52,50.2,50.2,211,219,FALSE
1/16/23 3:54,49.9,49.8,213,219,FALSE
1/16/23 3:56,50.1,50.1,213,219,FALSE
1/16/23 3:58,49.6,49.5,211,218,FALSE
1/16/23 4:00,50.1,50,213,219,FALSE
1/16/23 4:02,49.7,49.7,212,219,FALSE
1/16/23 4:04,50.2,50.2,213,219,FALSE
1/16/23 4:06,49.8,49.8,211,219,FALSE
1/16/23 4:08,49.9,49.9,211,219,FALSE
1/16/23 4:10,49.6,49.7,210,218,FALSE
1/16/23 4:12,49.8,49.9,212,218,FALSE
1/16/23 4:14,49.9,49.9,212,219,FALSE
1/16/23 4:16,49.8,49.8,210,219,FALSE
1/16/23 4:18,50.3,50.2,211,219,FALSE
1/16/23 4:20,49.9,49.9,212,219,FALSE
1/16/23 4:22,50.1,50.2,212,219,FALSE
1/16/23 4:24,50,50,212,219,FALSE
1/16/23 4:26,49.7,49.8,214,220,FALSE
1/16/23 4:28,49.7,49.7,212,219,FALSE
1/16/23 4:30,50.1,50.1,212,219,FALSE
1/16/23 4:32,49.7,49.7,212,219,FALSE
1/16/23 4:34,49.8,49.8,212,219,FALSE
1/16/23 4:36,49.7,49.7,213,219,FALSE
1/16/23 4:38,49.9,49.9,209,218,FALSE
1/16/23 4:40,50.1,50.1,212,219,FALSE
1/16/23 4:42,49.7,49.6,211,218,FALSE
1/16/23 4:44,50.1,50,211,219,FALSE
1/16/23 4:46,50.1,50.1,212,219,FALSE
1/16/23 4:48,49.8,49.8,210,218,FALSE
1/16/23 4:50,49.9,50,213,219,FALSE
1/16/23 4:52,49.8,49.8,213,219,FALSE
1/16/23 4:54,49.7,49.7,212,219,FALSE
1/16/23 4:56,49.9,49.8,212,219,FALSE
1/16/23 4:58,50,49.9,209,217,FALSE
1/16/23 5:00,50.1,50.1,211,218,FALSE
1/16/23 5:02,49.9,49.9,211,218,FALSE
1/16/23 5:04,49.9,49.9,209,218,FALSE
1/16/23 5:06,50,50,210,218,FALSE
1/16/23 5:08,50.1,50,209,217,FALSE
1/16/23 5:10,49.8,49.8,209,216,FALSE
1/16/23 5:12,50.2,50.2,210,217,FALSE
1/16/23 5:14,49.8,49.8,211,219,FALSE
1/16/23 5:16,49.9,49.8,211,217,FALSE
1/16/23 5:18,50,50.1,211,218,FALSE
1/16/23 5:20,49.9,49.8,210,218,FALSE
1/16/23 5:22,50.1,50.1,209,217,FALSE
1/16/23 5:24,50.1,50.1,209,218,FALSE
1/16/23 5:26,49.9,49.9,211,217,FALSE
1/16/23 5:28,49.9,49.8,211,218,FALSE
1/16/23 5:30,50,50,211,219,FALSE
1/16/23 5:32,49.8,49.8,211,218,FALSE
1/16/23 5:34,49.6,49.6,211,218,FALSE
1/16/23 5:36,49.6,49.5,210,217,FALSE
1/16/23 5:38,50,49.9,210,218,FALSE
1/16/23 5:40,49.9,49.9,207,214,FALSE
1/16/23 5:42,49.9,49.8,207,215,FALSE
1/16/23 5:44,49.9,49.8,205,214,FALSE
1/16/23 5:46,49.9,50,205,212,FALSE
1/16/23 5:48,49.6,49.7,208,215,FALSE
1/16/23 5:50,50.1,50.1,209,216,FALSE
1/16/23 5:52,49.6,49.5,208,214,FALSE
1/16/23 5:54,49.9,50,205,211,FALSE
1/16/23 5:56,50,50,202,209,FALSE
1/16/23 5:58,49.9,49.9,199,206,FALSE
1/16/23 6:00,50,50,204,211,FALSE
1/16/23 6:02,50,50.1,200,209,FALSE
1/16/23 6:04,50,49.9,202,209,FALSE
1/16/23 6:06,49.9,49.8,203,211,FALSE
1/16/23 6:08,49.8,49.8,204,213,FALSE
1/16/23 6:10,50,50,204,212,FALSE
1/16/23 6:12,50.2,50.2,206,215,FALSE
1/16/23 6:14,50.1,50,207,214,FALSE
1/16/23 6:16,49.7,49.7,203,211,FALSE
1/16/23 6:18,49.8,49.9,204,211,FALSE
1/16/23 6:20,49.7,49.8,206,214,FALSE
1/16/23 6:22,49.9,49.8,207,214,FALSE
1/16/23 6:24,50.2,50.3,207,214,FALSE
1/16/23 6:26,50.2,50.2,205,212,FALSE
1/16/23 6:28,49.7,49.7,205,212,FALSE
1/16/23 6:30,50.3,50.3,206,214,FALSE
1/16/23 6:32,50.1,50.1,202,210,FALSE
1/16/23 6:34,49.9,49.9,206,214,FALSE
1/16/23 6:36,50.3,50.3,201,209,FALSE
1/16/23 6:38,50.2,50,202,209,FALSE
1/16/23 6:40,49.5,49.5,200,207,FALSE
1/16/23 6:42,50,50.1,198,208,FALSE
1/16/23 6:44,49.9,49.9,202,209,FALSE
1/16/23 6:46,49.8,49.7,202,209,FALSE
1/16/23 6:48,49.6,49.6,203,209,FALSE
1/16/23 6:50,50.3,50.3,202,208,FALSE
1/16/23 6:52,49.8,49.8,201,207,FALSE
1/16/23 6:54,50,50,201,208,FALSE
1/16/23 6:56,49.8,49.9,199,207,FALSE
1/16/23 6:58,49.8,49.8,200,207,FALSE
1/16/23 7:00,50.2,50.2,201,207,FALSE
1/16/23 7:02,49.7,49.7,204,211,FALSE
1/16/23 7:04,49.4,49.4,203,210,FALSE
1/16/23 7:06,50.3,50.3,202,210,FALSE
1/16/23 7:08,49.9,49.9,195,204,FALSE
1/16/23 7:10,50,50,203,211,FALSE
1/16/23 7:12,49.7,49.8,204,211,FALSE
1/16/23 7:14,50,50,203,210,FALSE
1/16/23 7:16,50.6,50.5,204,211,FALSE
1/16/23 7:18,50.1,50.1,205,212,FALSE
1/16/23 7:20,49.6,49.6,203,209,FALSE
1/16/23 7:22,49.8,49.8,199,207,FALSE
1/16/23 7:24,49.9,49.9,202,210,FALSE
1/16/23 7:26,50.2,50.2,205,211,FALSE
1/16/23 7:28,50,50,202,209,FALSE
1/16/23 7:30,49.9,49.8,199,206,FALSE
1/16/23 7:32,49.8,49.8,196,203,FALSE
1/16/23 7:34,50.1,50.2,196,203,FALSE
1/16/23 7:36,49.9,50,198,205,FALSE
1/16/23 7:38,50.1,50.1,196,204,FALSE
1/16/23 7:40,50.2,50.2,196,204,FALSE
1/16/23 7:42,49.8,50,196,203,FALSE
1/16/23 7:44,50,50,195,202,FALSE
1/16/23 7:46,49.8,49.9,196,202,FALSE
1/16/23 7:48,50.2,50.2,195,202,FALSE
1/16/23 7:50,50,49.9,190,198,FALSE
1/16/23 7:52,50.2,50.1,191,199,FALSE
1/16/23 7:54,49.7,49.7,195,202,FALSE
1/16/23 7:56,49.8,49.9,202,209,FALSE
1/16/23 7:58,49.7,49.8,202,208,FALSE
1/16/23 8:00,50.1,50.1,200,205,FALSE
1/16/23 8:02,49.5,49.5,202,209,FALSE
1/16/23 8:04,49.9,49.8,199,205,FALSE
1/16/23 8:06,49.7,49.8,198,207,FALSE
1/16/23 8:08,49.7,49.6,195,204,FALSE
1/16/23 8:10,50.3,50.4,202,209,FALSE
1/16/23 8:12,49.9,49.8,196,202,FALSE
1/16/23 8:14,49.7,49.6,197,203,FALSE
1/16/23 8:16,49.9,49.8,196,200,FALSE
1/16/23 8:18,49.8,49.8,199,205,FALSE
1/16/23 8:20,49.8,49.7,197,207,FALSE
1/16/23 8:22,49.9,50,197,202,FALSE
1/16/23 8:24,49.9,50,193,198,FALSE
1/16/23 8:26,50,50.1,192,199,FALSE
1/16/23 8:28,49.6,49.6,194,200,FALSE
1/16/23 8:30,49.7,49.8,193,199,FALSE
1/16/23 8:32,50.1,50.2,194,201,FALSE
1/16/23 8:34,50.4,50.4,191,197,FALSE
1/16/23 8:36,50.3,50.3,190,195,FALSE
1/16/23 8:38,49.5,49.5,190,195,FALSE
1/16/23 8:40,49.9,49.8,194,199,FALSE
1/16/23 8:42,49.7,49.7,191,197,FALSE
1/16/23 8:44,49.8,49.9,194,198,FALSE
1/16/23 8:46,49.9,50,198,204,FALSE
1/16/23 8:48,49.6,49.7,194,203,FALSE
1/16/23 8:50,49.8,49.8,192,200,FALSE
1/16/23 8:52,50,50,194,199,FALSE
1/16/23 8:54,49.8,49.9,191,200,FALSE
1/16/23 8:56,50.5,50.6,197,199,FALSE
1/16/23 8:58,49.9,50,198,203,FALSE
1/16/23 9:00,50,50.1,195,201,FALSE
1/16/23 9:02,49.9,49.8,194,198,FALSE
1/16/23 9:04,49.7,49.6,187,194,FALSE
1/16/23 9:06,50.2,50.2,193,200,FALSE
1/16/23 9:08,50,50,195,202,FALSE
1/16/23 9:10,50.1,50.1,197,202,FALSE
1/16/23 9:12,49.9,49.9,195,202,FALSE
1/16/23 9:14,50.1,50.1,193,202,FALSE
1/16/23 9:16,50.5,50.4,190,194,FALSE
1/16/23 9:18,49.5,49.5,189,194,FALSE
1/16/23 9:20,50.2,50.2,181,187,FALSE
1/16/23 9:22,50,50.1,185,192,FALSE
1/16/23 9:24,49.9,50.1,180,187,FALSE
1/16/23 9:26,50,50,182,187,FALSE
1/16/23 9:28,49.7,49.7,182,190,FALSE
1/16/23 9:30,50.4,50.3,182,192,FALSE
1/16/23 9:32,50,50.2,184,190,FALSE
1/16/23 9:34,49.7,49.7,180,190,FALSE
1/16/23 9:36,50.1,50.1,185,192,FALSE
1/16/23 9:38,50.4,50.3,180,188,FALSE
1/16/23 9:40,50,50,182,186,FALSE
1/16/23 9:42,50.3,50.3,185,190,FALSE
1/16/23 9:44,49.9,50,188,194,FALSE
1/16/23 9:46,49.8,49.7,183,188,FALSE
1/16/23 9:48,50,49.8,180,182,FALSE
1/16/23 9:50,49.6,49.7,180,186,FALSE
1/16/23 9:52,50.3,50.2,181,187,FALSE
1/16/23 9:54,50,50,182,188,FALSE
1/16/23 9:56,49.9,50,185,190,FALSE
1/16/23 9:58,49.8,49.7,178,185,FALSE
1/16/23 10:00,49.8,49.8,170,178,FALSE
1/16/23 10:02,49.8,49.8,171,180,FALSE
1/16/23 10:04,50,50,173,182,FALSE
1/16/23 10:06,50.5,50.2,180,186,FALSE
1/16/23 10:08,50.3,50.3,173,182,FALSE
1/16/23 10:10,49.7,49.8,176,184,FALSE
1/16/23 10:12,49.7,49.7,173,178,FALSE
1/16/23 10:14,50.3,50.2,180,185,FALSE
1/16/23 10:16,49.6,49.5,175,183,FALSE
1/16/23 10:18,49.8,49.8,174,180,FALSE
1/16/23 10:20,49.7,49.7,181,187,FALSE
1/16/23 10:22,49.7,49.7,173,182,FALSE
1/16/23 10:24,50.2,50.2,168,174,FALSE
1/16/23 10:26,50.3,50.3,170,174,FALSE
1/16/23 10:28,50.1,50.1,175,178,FALSE
1/16/23 10:30,48.7,48.9,174,178,FALSE
1/16/23 10:32,49.4,49.4,179,185,FALSE
1/16/23 10:34,49.7,49.7,172,180,FALSE
1/16/23 10:36,50,50,182,190,FALSE
1/16/23 10:38,49.8,49.9,178,186,FALSE
1/16/23 10:40,49.7,49.7,181,185,FALSE
1/16/23 10:42,49.4,49.5,178,182,FALSE
1/16/23 10:44,49.6,49.6,178,182,FALSE
1/16/23 10:46,50.1,50.2,171,176,FALSE
1/16/23 10:48,50.2,50.3,180,185,FALSE
1/16/23 10:50,50.1,50,179,184,FALSE
1/16/23 10:52,50.2,50.2,175,182,FALSE
1/16/23 10:54,50.2,50.2,178,183,FALSE
1/16/23 10:56,50.5,50.5,182,188,FALSE
1/16/23 10:58,50.3,50.3,178,185,FALSE
1/16/23 11:00,50,50.1,185,189,FALSE
1/16/23 11:02,49.8,49.9,178,182,FALSE
1/16/23 11:04,49.8,49.8,171,172,FALSE
1/16/23 11:06,49.9,49.9,182,182,FALSE
1/16/23 11:08,50.3,50.3,185,188,FALSE
1/16/23 11:10,50.3,50.3,178,182,FALSE
1/16/23 11:12,50.2,50.2,180,185,FALSE
1/16/23 11:14,50,50,190,195,FALSE
1/16/23 11:16,49.9,49.8,181,187,FALSE
1/16/23 11:18,49.9,49.9,186,192,FALSE
1/16/23 11:20,50.2,50.2,191,196,FALSE
1/16/23 11:22,49.8,49.8,193,199,FALSE
1/16/23 11:24,49.8,49.8,194,199,FALSE
1/16/23 11:26,49.7,49.7,193,192,FALSE
1/16/23 11:28,49.6,49.5,185,190,FALSE
1/16/23 11:30,49.8,50,190,196,FALSE
1/16/23 11:32,50.6,50.5,189,194,FALSE
1/16/23 11:34,49.9,49.9,185,190,FALSE
1/16/23 11:36,49.8,49.7,190,192,FALSE
1/16/23 11:38,50.2,50,188,194,FALSE
1/16/23 11:40,49.8,50,180,186,FALSE
1/16/23 11:42,50.4,50.4,190,194,FALSE
1/16/23 11:44,50.2,50.3,182,189,FALSE
1/16/23 11:46,49.6,49.7,188,195,FALSE
1/16/23 11:48,49.2,49.1,192,195,FALSE
1/16/23 11:50,49.5,49.3,182,187,FALSE
1/16/23 11:52,7874,7874,0.707,0,FALSE
1/16/23 11:54,7874,6536,0.707,0,FALSE
1/16/23 11:56,5618,6536,0.707,0,FALSE
1/16/23 11:58,5618,9804,0.707,0,FALSE
1/16/23 12:00,5618,4926,0.707,0,FALSE
1/16/23 12:02,44.2,44.9,189,191,TRUE
1/16/23 12:04,44,43.5,184,187,TRUE
1/16/23 12:06,44.7,45.3,186,190,TRUE
1/16/23 12:08,43.5,43.5,185,187,TRUE
1/16/23 12:10,43.5,43.6,182,186,TRUE
1/16/23 12:12,44.9,,187,,TRUE
1/16/23 12:14,45.4,44.2,187,188,TRUE
1/16/23 12:16,44.2,44.8,184,188,TRUE
1/16/23 12:18,43.7,44.7,185,185,TRUE
1/16/23 12:20,45.4,44.2,185,187,TRUE
1/16/23 12:22,44.7,45,184,187,TRUE
1/16/23 12:24,43.2,43.1,176,183,TRUE
1/16/23 12:26,43.9,44.6,182,183,TRUE
1/16/23 12:28,45.1,44.8,185,187,TRUE
1/16/23 12:30,45.2,44.8,185,187,TRUE
1/16/23 12:32,45.5,45.4,185,187,TRUE
1/16/23 12:34,43.6,44.8,184,187,TRUE
1/16/23 12:36,44,44,185,187,TRUE
1/16/23 12:38,44.9,45,180,187,TRUE
1/16/23 12:40,43.6,44.6,178,186,TRUE
1/16/23 12:42,45.4,45.1,185,186,TRUE
1/16/23 12:44,45.1,44.2,185,186,TRUE
1/16/23 12:46,45.3,45.1,182,183,TRUE
1/16/23 12:48,44.3,44.5,184,185,TRUE
1/16/23 12:50,38.3,45.4,183,187,TRUE
1/16/23 12:52,49.9,50,200,204,FALSE
1/16/23 12:54,50,50,197,202,FALSE
1/16/23 12:56,50,50,199,202,FALSE
1/16/23 12:58,50,49.7,197,202,FALSE
1/16/23 13:00,49.6,49.9,197,199,FALSE
1/16/23 13:02,49.9,49.8,196,201,FALSE
1/16/23 13:04,49.9,49.9,193,203,FALSE
1/16/23 13:06,49.8,49.6,196,201,FALSE
1/16/23 13:08,49.6,49.7,196,201,FALSE
1/16/23 13:10,50,49.8,197,202,FALSE
1/16/23 13:12,49.9,49.9,193,197,FALSE
1/16/23 13:14,49.9,49.9,189,195,FALSE
1/16/23 13:16,49.6,49.8,195,201,FALSE
1/16/23 13:18,49.8,49.9,184,187,FALSE
1/16/23 13:20,50,50,195,199,FALSE
1/16/23 13:22,50.1,50.1,185,192,FALSE
1/16/23 13:24,49.8,49.8,194,199,FALSE
1/16/23 13:26,49.7,49.8,192,199,FALSE
1/16/23 13:28,49.7,49.9,183,189,FALSE
1/16/23 13:30,50,49.9,182,190,FALSE
1/16/23 13:32,49.9,49.9,188,193,FALSE
1/16/23 13:34,49.9,50,187,192,FALSE
1/16/23 13:36,49.8,49.8,187,192,FALSE
1/16/23 13:38,49.8,49.8,186,192,FALSE
1/16/23 13:40,50.1,50.1,193,197,FALSE
1/16/23 13:42,49.2,49.3,190,194,FALSE
1/16/23 13:44,49.5,49.5,186,192,FALSE
1/16/23 13:46,50.8,50.7,191,198,FALSE
1/16/23 13:48,49.8,49.8,185,192,FALSE
1/16/23 13:50,49.9,49.9,184,189,FALSE
1/16/23 13:52,49.7,49.8,188,192,FALSE
1/16/23 13:54,49.4,49.4,193,197,FALSE
1/16/23 13:56,49.4,49.3,192,197,FALSE
1/16/23 13:58,49.5,49.5,191,197,FALSE
1/16/23 14:00,49.8,49.9,194,199,FALSE
1/16/23 14:02,50.2,50.2,191,197,FALSE
1/16/23 14:04,49.8,49.9,189,197,FALSE
1/16/23 14:06,49.8,49.8,193,199,FALSE
1/16/23 14:08,49.7,49.7,192,197,FALSE
1/16/23 14:10,49.9,49.9,189,193,FALSE
1/16/23 14:12,49.9,49.9,192,197,FALSE
1/16/23 14:14,49.8,49.8,192,198,FALSE
1/16/23 14:16,50.1,50,191,193,FALSE
1/16/23 14:18,50.3,50.2,193,199,FALSE
1/16/23 14:20,49.7,49.7,187,194,FALSE
1/16/23 14:22,50.2,50.2,190,195,FALSE
1/16/23 14:24,50,50,192,197,FALSE
1/16/23 14:26,50.1,50.1,194,199,FALSE
1/16/23 14:28,49.9,49.8,191,197,FALSE
1/16/23 14:30,49.8,49.7,190,196,FALSE
1/16/23 14:32,49.7,49.7,190,193,FALSE
1/16/23 14:34,49.5,49.5,192,195,FALSE
1/16/23 14:36,49.8,49.8,195,199,FALSE
1/16/23 14:38,49.9,49.9,194,197,FALSE
1/16/23 14:40,49.6,49.6,186,190,FALSE
1/16/23 14:42,49.8,49.7,191,195,FALSE
1/16/23 14:44,49.7,49.7,190,194,FALSE
1/16/23 14:46,49.9,49.9,194,199,FALSE
1/16/23 14:48,50,50,182,189,FALSE
1/16/23 14:50,50,50,194,199,FALSE
1/16/23 14:52,49.8,49.7,191,197,FALSE
1/16/23 14:54,49.4,49.4,191,197,FALSE
1/16/23 14:56,49.8,49.9,182,187,FALSE
1/16/23 14:58,50.3,50.3,193,198,FALSE
1/16/23 15:00,49.9,49.8,192,199,FALSE
1/16/23 15:02,50.2,50.2,185,192,FALSE
1/16/23 15:04,50.5,50.5,185,192,FALSE
1/16/23 15:06,50.1,50.2,190,194,FALSE
1/16/23 15:08,50,50.2,190,194,FALSE
1/16/23 15:10,50,50,192,196,FALSE
1/16/23 15:12,50.1,50.1,190,195,FALSE
1/16/23 15:14,50.1,50.2,187,194,FALSE
1/16/23 15:16,49.9,49.9,184,189,FALSE
1/16/23 15:18,49.8,49.8,182,187,FALSE
1/16/23 15:20,50.1,50.2,183,187,FALSE
1/16/23 15:22,50,50,191,194,FALSE
1/16/23 15:24,50.2,50.2,191,194,FALSE
1/16/23 15:26,50.2,50.2,190,192,FALSE
1/16/23 15:28,50.2,50.2,188,193,FALSE
1/16/23 15:30,50,50,185,191,FALSE
1/16/23 15:32,50,50.1,192,197,FALSE
1/16/23 15:34,50,50,185,193,FALSE
1/16/23 15:36,50.3,50.3,189,197,FALSE
1/16/23 15:38,49.7,49.7,190,195,FALSE
1/16/23 15:40,49.6,49.6,182,188,FALSE
1/16/23 15:42,49.5,49.6,189,193,FALSE
1/16/23 15:44,49.9,49.9,192,197,FALSE
1/16/23 15:46,50,50,191,196,FALSE
1/16/23 15:48,50.2,50.2,192,196,FALSE
1/16/23 15:50,49.9,49.9,187,192,FALSE
1/16/23 15:52,50.3,50.3,185,190,FALSE
1/16/23 15:54,50,49.9,188,193,FALSE
1/16/23 15:56,50.1,50.1,178,185,FALSE
1/16/23 15:58,50,50,185,192,FALSE
1/16/23 16:00,50.2,50.1,183,189,FALSE
1/16/23 16:02,50.2,50.2,187,192,FALSE
1/16/23 16:04,50.1,50,189,193,FALSE
1/16/23 16:06,49.9,49.9,192,196,FALSE
1/16/23 16:08,50,50,189,194,FALSE
1/16/23 16:10,50.1,50.1,190,196,FALSE
1/16/23 16:12,50,50,189,193,FALSE
1/16/23 16:14,50.1,50.1,185,192,FALSE
1/16/23 16:16,50.6,50.5,184,191,FALSE
1/16/23 16:18,50.3,50.4,192,197,FALSE
1/16/23 16:20,50.4,50.4,190,197,FALSE
1/16/23 16:22,50.1,50.1,190,196,FALSE
1/16/23 16:24,49.9,49.9,185,192,FALSE
1/16/23 16:26,49.9,49.9,182,191,FALSE
1/16/23 16:28,49.8,49.8,184,192,FALSE
1/16/23 16:30,49.4,49.4,192,199,FALSE
1/16/23 16:32,49.8,49.8,194,199,FALSE
1/16/23 16:34,49.8,49.8,190,194,FALSE
1/16/23 16:36,50.2,50.2,195,201,FALSE
1/16/23 16:38,50.2,50.2,192,198,FALSE
1/16/23 16:40,49.9,50,191,197,FALSE
1/16/23 16:42,50,50,185,196,FALSE
1/16/23 16:44,50.1,50,189,198,FALSE
1/16/23 16:46,50.2,50.1,194,199,FALSE
1/16/23 16:48,50,49.9,197,203,FALSE
1/16/23 16:50,49.8,50,194,202,FALSE
1/16/23 16:52,49.9,50,188,195,FALSE
1/16/23 16:54,50,50,197,203,FALSE
1/16/23 16:56,49.8,49.8,193,197,FALSE
1/16/23 16:58,49.9,49.9,191,199,FALSE
1/16/23 17:00,49.9,49.9,192,199,FALSE
1/16/23 17:02,50,49.8,194,199,FALSE
1/16/23 17:04,49.7,49.8,196,202,FALSE
1/16/23 17:06,49.8,49.8,194,202,FALSE
1/16/23 17:08,50,50,197,203,FALSE
1/16/23 17:10,49.8,49.8,193,199,FALSE
1/16/23 17:12,49.5,49.5,197,204,FALSE
1/16/23 17:14,49.8,49.8,192,199,FALSE
1/16/23 17:16,49.8,49.8,190,198,FALSE
1/16/23 17:18,50,49.9,196,205,FALSE
1/16/23 17:20,49.9,49.9,193,199,FALSE
1/16/23 17:22,49.9,49.8,187,194,FALSE
1/16/23 17:24,49.8,49.9,197,204,FALSE
1/16/23 17:26,50.2,50.1,192,199,FALSE
1/16/23 17:28,50,49.9,197,203,FALSE
1/16/23 17:30,49.8,49.8,195,201,FALSE
1/16/23 17:32,50,50,192,201,FALSE
1/16/23 17:34,50.2,50.2,193,199,FALSE
1/16/23 17:36,49.9,49.8,194,203,FALSE
1/16/23 17:38,49.9,49.9,195,203,FALSE
1/16/23 17:40,49.8,49.8,187,194,FALSE
1/16/23 17:42,50,50.1,194,199,FALSE
1/16/23 17:44,50.1,50,192,198,FALSE
1/16/23 17:46,50.2,50.2,195,202,FALSE
1/16/23 17:48,50.2,50.1,188,191,FALSE
1/16/23 17:50,50.1,50,188,194,FALSE
1/16/23 17:52,49.8,49.7,196,202,FALSE
1/16/23 17:54,49.8,49.8,192,197,FALSE
1/16/23 17:56,50.1,50.2,192,201,FALSE
1/16/23 17:58,50,50,185,194,FALSE
1/16/23 18:00,49.8,49.8,194,202,FALSE
1/16/23 18:02,49.6,49.6,191,197,FALSE
1/16/23 18:04,50,50,196,202,FALSE
1/16/23 18:06,49.8,49.7,188,193,FALSE
1/16/23 18:08,49.8,49.7,189,194,FALSE
1/16/23 18:10,49.6,49.6,191,197,FALSE
1/16/23 18:12,50,50,184,193,FALSE
1/16/23 18:14,49.7,49.7,192,201,FALSE
1/16/23 18:16,49.7,49.8,187,197,FALSE
1/16/23 18:18,49.9,49.8,187,192,FALSE
1/16/23 18:20,50,50.1,187,193,FALSE
1/16/23 18:22,50.1,50.1,190,199,FALSE
1/16/23 18:24,49.8,49.8,192,199,FALSE
1/16/23 18:26,49.9,49.9,191,197,FALSE
1/16/23 18:28,50,50.1,192,199,FALSE
1/16/23 18:30,50,50.1,190,197,FALSE
1/16/23 18:32,49.9,49.9,191,198,FALSE
1/16/23 18:34,50.2,50.2,190,197,FALSE
1/16/23 18:36,50,49.9,190,197,FALSE
1/16/23 18:38,49.8,49.8,192,198,FALSE
1/16/23 18:40,49.8,49.8,190,197,FALSE
1/16/23 18:42,49.8,49.8,190,197,FALSE
1/16/23 18:44,49.8,49.9,186,195,FALSE
1/16/23 18:46,49.9,49.9,187,195,FALSE
1/16/23 18:48,49.8,49.9,187,194,FALSE
1/16/23 18:50,49.6,49.6,187,194,FALSE
1/16/23 18:52,50,50,189,195,FALSE
1/16/23 18:54,50,50,190,197,FALSE
1/16/23 18:56,50,50.1,188,194,FALSE
1/16/23 18:58,49.9,49.8,188,194,FALSE
1/16/23 19:00,50.1,50.1,189,196,FALSE
1/16/23 19:02,50.1,50,187,194,FALSE
1/16/23 19:04,50,50.1,185,194,FALSE
1/16/23 19:06,49.9,49.9,187,195,FALSE
1/16/23 19:08,49.8,49.8,187,192,FALSE
1/16/23 19:10,49.8,49.7,188,193,FALSE
1/16/23 19:12,49.9,49.8,185,193,FALSE
1/16/23 19:14,49.8,49.8,185,191,FALSE
1/16/23 19:16,49.8,49.8,186,194,FALSE
1/16/23 19:18,49.8,49.8,186,194,FALSE
1/16/23 19:20,49.9,50,180,188,FALSE
1/16/23 19:22,49.9,49.9,182,190,FALSE
1/16/23 19:24,49.9,49.9,183,190,FALSE
1/16/23 19:26,50,50.1,189,195,FALSE
1/16/23 19:28,49.9,50,189,194,FALSE
1/16/23 19:30,49.7,49.7,186,192,FALSE
1/16/23 19:32,49.7,49.7,189,194,FALSE
1/16/23 19:34,49.8,49.8,186,194,FALSE
1/16/23 19:36,50,50.1,179,188,FALSE
1/16/23 19:38,50.1,50.1,181,189,FALSE
1/16/23 19:40,49.9,49.9,184,189,FALSE
1/16/23 19:42,50,50.2,183,192,FALSE
1/16/23 19:44,50.2,50.2,182,190,FALSE
1/16/23 19:46,50,50,177,185,FALSE
1/16/23 19:48,50,50,178,186,FALSE
1/16/23 19:50,49.9,49.8,177,185,FALSE
1/16/23 19:52,49.9,49.9,183,190,FALSE
1/16/23 19:54,50,49.8,187,193,FALSE
1/16/23 19:56,49.9,49.9,187,194,FALSE
1/16/23 19:58,49.8,49.7,177,187,FALSE
1/16/23 20:00,49.8,49.8,182,189,FALSE
1/16/23 20:02,49.8,49.8,182,189,FALSE
1/16/23 20:04,50,50,185,190,FALSE
1/16/23 20:06,50,50,196,202,FALSE
1/16/23 20:08,50,50,194,201,FALSE
1/16/23 20:10,49.9,49.9,190,196,FALSE
1/16/23 20:12,49.9,49.9,190,196,FALSE
1/16/23 20:14,49.8,49.8,190,194,FALSE
1/16/23 20:16,50.2,50.2,192,198,FALSE
1/16/23 20:18,50,49.9,190,197,FALSE
1/16/23 20:20,50,50,192,199,FALSE
1/16/23 20:22,49.9,49.9,193,199,FALSE
1/16/23 20:24,50,50,194,199,FALSE
1/16/23 20:26,50,50,192,199,FALSE
1/16/23 20:28,49.9,49.9,194,199,FALSE
1/16/23 20:30,50.1,50,194,200,FALSE
1/16/23 20:32,50,49.9,193,199,FALSE
1/16/23 20:34,50,50.1,192,199,FALSE
1/16/23 20:36,49.8,49.7,192,199,FALSE
1/16/23 20:38,49.8,49.8,190,197,FALSE
1/16/23 20:40,50.1,50.1,197,205,FALSE
1/16/23 20:42,50.2,50.2,201,207,FALSE
1/16/23 20:44,50.2,50.2,199,206,FALSE
1/16/23 20:46,50,50.1,198,204,FALSE
1/16/23 20:48,49.9,50,199,205,FALSE
1/16/23 20:50,49.9,49.7,199,205,FALSE
1/16/23 20:52,50.1,50,200,206,FALSE
1/16/23 20:54,50,50,200,206,FALSE
1/16/23 20:56,49.8,49.8,198,205,FALSE
1/16/23 20:58,49.6,49.5,194,203,FALSE
1/16/23 21:00,49.8,49.8,195,204,FALSE
1/16/23 21:02,49.8,49.9,192,199,FALSE
1/16/23 21:04,49.8,49.9,189,196,FALSE
1/16/23 21:06,49.7,49.7,191,197,FALSE
1/16/23 21:08,49.9,49.8,192,198,FALSE
1/16/23 21:10,49.8,49.8,195,202,FALSE
1/16/23 21:12,49.6,49.7,194,201,FALSE
1/16/23 21:14,49.9,49.8,194,202,FALSE
1/16/23 21:16,50.1,50.1,193,202,FALSE
1/16/23 21:18,49.9,50,194,202,FALSE
1/16/23 21:20,50.1,50.1,195,203,FALSE
1/16/23 21:22,50.1,50.1,197,203,FALSE
1/16/23 21:24,49.9,49.8,197,203,FALSE
1/16/23 21:26,50,49.9,197,204,FALSE
1/16/23 21:28,50,50,196,204,FALSE
1/16/23 21:30,50.2,50.1,195,204,FALSE
1/16/23 21:32,50,49.9,197,204,FALSE
1/16/23 21:34,49.8,49.9,197,205,FALSE
1/16/23 21:36,49.8,49.9,198,204,FALSE
1/16/23 21:38,49.8,49.7,199,205,FALSE
1/16/23 21:40,50.1,50,198,204,FALSE
1/16/23 21:42,49.9,49.9,205,212,FALSE
1/16/23 21:44,49.9,49.9,202,209,FALSE
1/16/23 21:46,49.9,49.9,201,209,FALSE
1/16/23 21:48,49.9,49.9,201,210,FALSE
1/16/23 21:50,49.9,49.8,202,210,FALSE
1/16/23 21:52,50,50.1,204,211,FALSE
1/16/23 21:54,50,50,205,211,FALSE
1/16/23 21:56,49.8,49.9,206,211,FALSE
1/16/23 21:58,49.8,49.9,206,211,FALSE
1/16/23 22:00,50,50,203,211,FALSE
1/16/23 22:02,50,50,204,211,FALSE
1/16/23 22:04,49.8,49.8,205,212,FALSE
1/16/23 22:06,50.1,50,206,211,FALSE
1/16/23 22:08,49.9,50,206,212,FALSE
1/16/23 22:10,50,49.9,206,212,FALSE
1/16/23 22:12,49.9,49.9,207,212,FALSE
1/16/23 22:14,49.8,49.9,206,213,FALSE
1/16/23 22:16,49.9,49.9,205,213,FALSE
1/16/23 22:18,49.9,49.9,206,213,FALSE
1/16/23 22:20,49.8,49.8,207,216,FALSE
1/16/23 22:22,50,50,206,214,FALSE
1/16/23 22:24,49.8,49.8,208,215,FALSE
1/16/23 22:26,50.1,50.1,210,218,FALSE
1/16/23 22:28,50.1,50.1,210,218,FALSE
1/16/23 22:30,49.9,50,211,218,FALSE
1/16/23 22:32,50,50,209,217,FALSE
1/16/23 22:34,49.8,49.8,209,218,FALSE
1/16/23 22:36,50.3,50.2,210,218,FALSE
1/16/23 22:38,50,50,210,217,FALSE
1/16/23 22:40,49.9,49.9,211,217,FALSE
1/16/23 22:42,49.8,49.8,211,217,FALSE
1/16/23 22:44,49.8,49.9,209,216,FALSE
1/16/23 22:46,50,50,209,216,FALSE
1/16/23 22:48,49.7,49.8,209,216,FALSE
1/16/23 22:50,50,50,209,217,FALSE
1/16/23 22:52,50,50,204,213,FALSE
1/16/23 22:54,49.9,49.9,204,212,FALSE
1/16/23 22:56,50,49.9,207,214,FALSE
1/16/23 22:58,49.9,49.9,207,214,FALSE
1/16/23 23:00,50,50,208,215,FALSE
1/16/23 23:02,50.1,50.1,207,215,FALSE
1/16/23 23:04,49.7,49.7,208,215,FALSE
1/16/23 23:06,49.9,49.9,210,216,FALSE
1/16/23 23:08,50,49.9,211,219,FALSE
1/16/23 23:10,49.8,49.9,208,216,FALSE
1/16/23 23:12,49.9,50,208,217,FALSE
1/16/23 23:14,50,49.9,211,218,FALSE
1/16/23 23:16,49.9,49.9,218,224,FALSE
1/16/23 23:18,50,49.9,216,223,FALSE
1/16/23 23:20,49.9,49.9,217,224,FALSE
1/16/23 23:22,50,50,217,224,FALSE
1/16/23 23:24,50,50,217,224,FALSE
1/16/23 23:26,50,49.9,217,223,FALSE
1/16/23 23:28,50,50,214,223,FALSE
1/16/23 23:30,49.9,49.9,214,223,FALSE
1/16/23 23:32,49.8,49.9,216,223,FALSE
1/16/23 23:34,49.9,50.1,217,224,FALSE
1/16/23 23:36,50.1,50,216,224,FALSE
1/16/23 23:38,50,49.9,218,224,FALSE
1/16/23 23:40,50,50,217,224,FALSE
1/16/23 23:42,50,50,217,224,FALSE
1/16/23 23:44,50.1,50.2,219,226,FALSE
1/16/23 23:46,50.6,50.3,218,224,FALSE
1/16/23 23:48,49.9,49.9,218,225,FALSE
1/16/23 23:50,49.7,49.8,214,224,FALSE
1/16/23 23:52,49.8,49.8,215,224,FALSE
1/16/23 23:54,49.9,49.9,218,225,FALSE
1/16/23 23:56,49.9,49.9,219,225,FALSE
1/16/23 23:58,49.8,49.7,218,225,FALSE
1/17/23 0:00,49.8,49.7,219,225,FALSE
1/17/23 0:02,50,49.9,216,224,FALSE
1/17/23 0:04,49.9,49.8,215,223,FALSE
1/17/23 0:06,50.1,50.1,217,224,FALSE
1/17/23 0:08,50,50,217,224,FALSE
1/17/23 0:10,50,49.9,217,224,FALSE
1/17/23 0:12,49.9,49.9,217,224,FALSE
1/17/23 0:14,49.9,49.9,218,226,FALSE
1/17/23 0:16,50,50,218,226,FALSE
1/17/23 0:18,49.8,49.9,218,226,FALSE
1/17/23 0:20,50.1,50,219,226,FALSE
1/17/23 0:22,50,50,217,226,FALSE
1/17/23 0:24,49.8,49.9,216,225,FALSE
1/17/23 0:26,50,50,219,226,FALSE
1/17/23 0:28,49.8,49.8,219,226,FALSE
1/17/23 0:30,50,49.9,219,226,FALSE
1/17/23 0:32,49.8,49.9,219,226,FALSE
1/17/23 0:34,50,50,220,227,FALSE
1/17/23 0:36,50,50,219,226,FALSE
1/17/23 0:38,50,50,216,225,FALSE
1/17/23 0:40,50,49.9,219,227,FALSE
1/17/23 0:42,50,49.9,220,228,FALSE
1/17/23 0:44,49.8,49.7,219,226,FALSE
1/17/23 0:46,49.8,49.7,219,226,FALSE
1/17/23 0:48,50,50,220,226,FALSE
1/17/23 0:50,50,49.9,220,226,FALSE
1/17/23 0:52,50,50,219,226,FALSE
1/17/23 0:54,49.9,49.8,217,226,FALSE
1/17/23 0:56,50,50,217,226,FALSE
1/17/23 0:58,50,50,221,227,FALSE
1/17/23 1:00,49.9,49.9,219,227,FALSE
1/17/23 1:02,49.8,49.8,220,226,FALSE
1/17/23 1:04,50,50,220,226,FALSE
1/17/23 1:06,49.9,49.9,219,226,FALSE
1/17/23 1:08,49.8,49.8,219,226,FALSE
1/17/23 1:10,50,49.9,220,226,FALSE
1/17/23 1:12,50,50,219,226,FALSE
1/17/23 1:14,49.8,49.7,219,226,FALSE
1/17/23 1:16,49.9,49.8,216,225,FALSE
1/17/23 1:18,50.1,50,216,226,FALSE
1/17/23 1:20,50,50,219,226,FALSE
1/17/23 1:22,49.8,49.8,219,226,FALSE
1/17/23 1:24,50.1,50,220,226,FALSE
1/17/23 1:26,49.9,49.8,219,226,FALSE
1/17/23 1:28,49.9,49.9,219,226,FALSE
1/17/23 1:30,49.9,49.9,221,227,FALSE
1/17/23 1:32,49.8,49.8,221,227,FALSE
1/17/23 1:34,50,50,221,227,FALSE
1/17/23 1:36,50,50,216,226,FALSE
1/17/23 1:38,49.9,50,217,226,FALSE
1/17/23 1:40,50,49.9,219,226,FALSE
1/17/23 1:42,49.9,49.9,219,226,FALSE
1/17/23 1:44,49.8,49.8,219,226,FALSE
1/17/23 1:46,50,50,219,226,FALSE
1/17/23 1:48,49.9,49.9,219,226,FALSE
1/17/23 1:50,50,50.1,220,226,FALSE
1/17/23 1:52,50,50,220,226,FALSE
1/17/23 1:54,49.8,49.8,221,227,FALSE
1/17/23 1:56,50,50,219,226,FALSE
1/17/23 1:58,49.8,49.8,216,226,FALSE
1/17/23 2:00,49.8,49.9,219,226,FALSE
1/17/23 2:02,49.7,49.6,220,228,FALSE
1/17/23 2:04,50,50,220,227,FALSE
1/17/23 2:06,50,50,221,228,FALSE
1/17/23 2:08,49.9,49.9,221,228,FALSE
1/17/23 2:10,49.9,49.9,221,228,FALSE
1/17/23 2:12,49.9,49.9,218,227,FALSE
1/17/23 2:14,49.8,49.8,219,227,FALSE
1/17/23 2:16,50,50,221,228,FALSE
1/17/23 2:18,49.9,50,223,229,FALSE
1/17/23 2:20,49.9,49.9,221,228,FALSE
1/17/23 2:22,49.9,49.9,221,227,FALSE
1/17/23 2:24,49.9,49.9,221,227,FALSE
1/17/23 2:26,49.8,49.8,220,226,FALSE
1/17/23 2:28,50,50.1,220,227,FALSE
1/17/23 2:30,49.7,49.7,219,226,FALSE
1/17/23 2:32,49.8,49.7,219,226,FALSE
1/17/23 2:34,50.1,50,217,226,FALSE
1/17/23 2:36,49.8,49.8,217,226,FALSE
1/17/23 2:38,49.9,50,221,227,FALSE
1/17/23 2:40,50,50,220,227,FALSE
1/17/23 2:42,49.8,49.8,220,227,FALSE
1/17/23 2:44,50,50.2,220,227,FALSE
1/17/23 2:46,50,50,221,228,FALSE
1/17/23 2:48,49.8,49.8,221,228,FALSE
1/17/23 2:50,50.1,50,221,228,FALSE
1/17/23 2:52,50,50.1,221,228,FALSE
1/17/23 2:54,50,50,222,228,FALSE
1/17/23 2:56,49.8,49.9,219,228,FALSE
1/17/23 2:58,49.9,50,218,227,FALSE
1/17/23 3:00,49.9,49.9,221,227,FALSE
1/17/23 3:02,50,50,220,227,FALSE
1/17/23 3:04,49.8,49.9,220,227,FALSE
1/17/23 3:06,50,50,220,227,FALSE
1/17/23 3:08,49.9,49.9,218,227,FALSE
1/17/23 3:10,50,49.9,218,227,FALSE
1/17/23 3:12,49.9,49.9,220,227,FALSE
1/17/23 3:14,49.8,49.8,221,227,FALSE
1/17/23 3:16,50,50,221,227,FALSE
1/17/23 3:18,50,50,222,228,FALSE
1/17/23 3:20,49.9,49.9,219,228,FALSE
1/17/23 3:22,49.9,49.9,222,229,FALSE
1/17/23 3:24,50,50,223,229,FALSE
1/17/23 3:26,50,50,222,228,FALSE
1/17/23 3:28,49.8,49.9,222,229,FALSE
1/17/23 3:30,49.9,49.9,221,228,FALSE
1/17/23 3:32,50.3,50.2,221,228,FALSE
1/17/23 3:34,50.1,50,218,227,FALSE
1/17/23 3:36,50,49.9,221,228,FALSE
1/17/23 3:38,50,50,221,228,FALSE
1/17/23 3:40,49.9,49.9,222,228,FALSE
1/17/23 3:42,49.9,49.9,221,228,FALSE
1/17/23 3:44,50,50,221,227,FALSE
1/17/23 3:46,50,50,222,228,FALSE
1/17/23 3:48,49.9,49.9,221,227,FALSE
1/17/23 3:50,49.8,49.8,218,227,FALSE
1/17/23 3:52,50.1,50.1,217,226,FALSE
1/17/23 3:54,50,50,220,227,FALSE
1/17/23 3:56,49.7,49.7,219,227,FALSE
1/17/23 3:58,49.9,49.9,221,228,FALSE
1/17/23 4:00,49.9,49.8,220,227,FALSE
1/17/23 4:02,50,50,221,227,FALSE
1/17/23 4:04,50.1,50,221,228,FALSE
1/17/23 4:06,49.8,49.8,222,228,FALSE
1/17/23 4:08,49.8,49.8,223,228,FALSE
1/17/23 4:10,50.1,50.1,222,228,FALSE
1/17/23 4:12,49.8,49.8,219,228,FALSE
1/17/23 4:14,49.8,49.9,221,228,FALSE
1/17/23 4:16,49.9,49.9,221,228,FALSE
1/17/23 4:18,49.8,49.8,221,228,FALSE
1/17/23 4:20,49.6,49.6,221,228,FALSE
1/17/23 4:22,50,50,221,228,FALSE
1/17/23 4:24,49.9,49.9,222,228,FALSE
1/17/23 4:26,50,49.9,220,227,FALSE
1/17/23 4:28,50,50,219,227,FALSE
1/17/23 4:30,49.9,49.9,220,227,FALSE
1/17/23 4:32,49.9,49.9,220,227,FALSE
1/17/23 4:34,50,50,218,227,FALSE
1/17/23 4:36,49.9,49.9,219,229,FALSE
1/17/23 4:38,49.2,49.2,219,226,FALSE
1/17/23 4:40,50.1,50.1,222,228,FALSE
1/17/23 4:42,49.8,49.8,222,228,FALSE
1/17/23 4:44,49.9,49.9,222,228,FALSE
1/17/23 4:46,49.9,49.9,221,228,FALSE
1/17/23 4:48,50,50,219,228,FALSE
1/17/23 4:50,50,50,220,228,FALSE
1/17/23 4:52,49.8,49.9,223,229,FALSE
1/17/23 4:54,50,50.1,223,229,FALSE
1/17/23 4:56,49.9,49.9,222,228,FALSE
1/17/23 4:58,50.1,50,222,228,FALSE
1/17/23 5:00,50,49.9,220,227,FALSE
1/17/23 5:02,49.8,49.7,218,225,FALSE
1/17/23 5:04,49.9,49.9,217,225,FALSE
1/17/23 5:06,50.1,50.1,215,224,FALSE
1/17/23 5:08,50.1,50.2,218,224,FALSE
1/17/23 5:10,50,49.9,218,223,FALSE
1/17/23 5:12,49.9,49.9,217,223,FALSE
1/17/23 5:14,50,50,217,223,FALSE
1/17/23 5:16,50,49.9,217,224,FALSE
1/17/23 5:18,49.8,49.8,217,223,FALSE
1/17/23 5:20,50,50,219,224,FALSE
1/17/23 5:22,49.9,50,219,224,FALSE
1/17/23 5:24,49.9,50,220,226,FALSE
1/17/23 5:26,50,50,220,226,FALSE
1/17/23 5:28,50,50,211,221,FALSE
1/17/23 5:30,49.8,49.8,211,220,FALSE
1/17/23 5:32,49.8,49.8,214,221,FALSE
1/17/23 5:34,50,50,214,220,FALSE
1/17/23 5:36,49.9,49.9,214,220,FALSE
1/17/23 5:38,49.9,49.8,213,220,FALSE
1/17/23 5:40,49.7,49.8,214,220,FALSE
1/17/23 5:42,50.2,50.2,214,221,FALSE
1/17/23 5:44,49.2,49.4,208,217,FALSE
1/17/23 5:46,50,50,210,219,FALSE
1/17/23 5:48,50,50,213,220,FALSE
1/17/23 5:50,49.9,49.9,213,219,FALSE
1/17/23 5:52,50,50,213,219,FALSE
1/17/23 5:54,50,50.1,213,219,FALSE
1/17/23 5:56,50,50,209,216,FALSE
1/17/23 5:58,50,50,209,216,FALSE
1/17/23 6:00,49.8,49.7,208,214,FALSE
1/17/23 6:02,50,50,208,216,FALSE
1/17/23 6:04,49.6,49.7,207,216,FALSE
1/17/23 6:06,49.9,49.9,211,216,FALSE
1/17/23 6:08,49.9,49.9,214,220,FALSE
1/17/23 6:10,50.1,50.1,214,220,FALSE
1/17/23 6:12,49.6,49.6,211,218,FALSE
1/17/23 6:14,50,49.9,211,220,FALSE
1/17/23 6:16,49.8,49.8,211,219,FALSE
1/17/23 6:18,49.8,49.8,213,219,FALSE
1/17/23 6:20,49.9,49.9,212,219,FALSE
1/17/23 6:22,49.7,49.8,208,216,FALSE
1/17/23 6:24,49.9,50,207,216,FALSE
1/17/23 6:26,49.6,49.6,211,217,FALSE
1/17/23 6:28,49.6,49.6,210,216,FALSE
1/17/23 6:30,50,49.9,213,219,FALSE
1/17/23 6:32,49.6,49.6,214,220,FALSE
1/17/23 6:34,50.1,50.1,209,218,FALSE
1/17/23 6:36,49.7,49.6,209,218,FALSE
1/17/23 6:38,50.1,50.1,211,218,FALSE
1/17/23 6:40,50,50.1,211,218,FALSE
1/17/23 6:42,49.9,50,210,217,FALSE
1/17/23 6:44,49.7,49.7,209,216,FALSE
1/17/23 6:46,50.1,50.1,209,216,FALSE
1/17/23 6:48,49.9,50,209,215,FALSE
1/17/23 6:50,49.7,49.7,211,217,FALSE
1/17/23 6:52,49.8,49.8,206,213,FALSE
1/17/23 6:54,50.2,50.2,205,212,FALSE
1/17/23 6:56,49.9,49.9,210,217,FALSE
1/17/23 6:58,49.9,49.9,209,217,FALSE
1/17/23 7:00,49.6,49.7,209,218,FALSE
1/17/23 7:02,49.9,49.9,209,216,FALSE
1/17/23 7:04,50.3,50.4,197,209,FALSE
1/17/23 7:06,50.1,50,198,209,FALSE
1/17/23 7:08,49.9,49.9,197,208,FALSE
1/17/23 7:10,50,50,197,207,FALSE
1/17/23 7:12,50.1,50.2,197,208,FALSE
1/17/23 7:14,50.2,50.2,207,214,FALSE
1/17/23 7:16,49.9,50,207,214,FALSE
1/17/23 7:18,50.1,50,207,213,FALSE
1/17/23 7:20,49.6,49.7,204,211,FALSE
1/17/23 7:22,50.1,50,193,204,FALSE
1/17/23 7:24,49.9,49.8,206,211,FALSE
1/17/23 7:26,3559,3584,0,0,FALSE
1/17/23 7:28,7874,5618,0,0,FALSE
1/17/23 7:30,3906,4367,0,0,FALSE
1/17/23 7:32,7874,4926,0,0,FALSE
1/17/23 7:34,45.3,45,205,207,TRUE
1/17/23 7:36,45.3,45.2,202,205,TRUE
1/17/23 7:38,45.1,45.1,198,204,TRUE
1/17/23 7:40,45,45.1,197,203,TRUE
1/17/23 7:42,45.1,45.2,201,204,TRUE
1/17/23 7:44,45.1,45.1,200,203,TRUE
1/17/23 7:46,45.2,45.4,201,203,TRUE
1/17/23 7:48,45.2,45.1,199,202,TRUE
1/17/23 7:50,45.2,45.3,199,202,TRUE
1/17/23 7:52,45.2,45.2,198,202,TRUE
1/17/23 7:54,45.4,45.4,198,200,TRUE
1/17/23 7:56,45.4,45.6,194,201,TRUE
1/17/23 7:58,45.5,45.6,194,200,TRUE
1/17/23 8:00,45.5,45.4,195,197,TRUE
1/17/23 8:02,45.5,45.4,194,198,TRUE
1/17/23 8:04,45.6,45.5,194,197,TRUE
1/17/23 8:06,45.4,45.4,191,197,TRUE
1/17/23 8:08,45.6,45.2,191,196,TRUE
1/17/23 8:10,45.5,45.3,193,195,TRUE
1/17/23 8:12,45.6,45.3,194,195,TRUE
1/17/23 8:14,45.3,45.4,193,194,TRUE
1/17/23 8:16,45.3,45.3,194,196,TRUE
1/17/23 8:18,45.4,45.3,190,192,TRUE
1/17/23 8:20,45.5,45.5,190,192,TRUE
1/17/23 8:22,45.6,45.6,191,193,TRUE
1/17/23 8:24,45,45,194,197,TRUE
1/17/23 8:26,45.3,45.4,195,197,TRUE
1/17/23 8:28,45.4,45.4,195,197,TRUE
1/17/23 8:30,45.4,45.2,190,197,TRUE
1/17/23 8:32,45.2,45.2,190,197,TRUE
1/17/23 8:34,45.3,45.3,197,199,TRUE
1/17/23 8:36,45.6,45.6,194,195,TRUE
1/17/23 8:38,45.3,45.5,194,195,TRUE
1/17/23 8:40,45.5,45.4,195,196,TRUE
1/17/23 8:42,45.5,45.4,195,197,TRUE
1/17/23 8:44,45.5,45.2,192,194,TRUE
1/17/23 8:46,45.4,45.5,192,194,TRUE
1/17/23 8:48,45.2,45.3,191,194,TRUE
1/17/23 8:50,45.3,45.6,189,194,TRUE
1/17/23 8:52,45.6,45.2,185,191,TRUE
1/17/23 8:54,45.5,45.6,185,191,TRUE
1/17/23 8:56,45.1,45.3,189,192,TRUE
1/17/23 8:58,45.4,45.2,190,193,TRUE
1/17/23 9:00,45.2,45.3,189,192,TRUE
1/17/23 9:02,45.2,45.5,189,192,TRUE
1/17/23 9:04,45.4,45.3,190,193,TRUE
1/17/23 9:06,45.2,45.4,191,193,TRUE
1/17/23 9:08,45.2,45.3,189,192,TRUE
1/17/23 9:10,45.2,45.4,189,192,TRUE
1/17/23 9:12,44.5,44.7,187,182,TRUE
1/17/23 9:14,44.9,44.5,187,182,TRUE
1/17/23 9:16,44.9,45,190,192,TRUE
1/17/23 9:18,45.2,45.4,190,193,TRUE
1/17/23 9:20,45.3,45.3,190,193,TRUE
1/17/23 9:22,44.9,45,185,180,TRUE
1/17/23 9:24,45.4,45.6,187,190,TRUE
1/17/23 9:26,45.3,45.5,185,190,TRUE
1/17/23 9:28,45.4,45.3,191,194,TRUE
1/17/23 9:30,44.7,44.8,187,184,TRUE
1/17/23 9:32,44.6,44.6,187,183,TRUE
1/17/23 9:34,44.5,44.7,188,187,TRUE
1/17/23 9:36,45.3,45.2,190,193,TRUE
1/17/23 9:38,45.2,45.1,190,194,TRUE
1/17/23 9:40,44.9,44.6,187,182,TRUE
1/17/23 9:42,44.9,44.7,187,187,TRUE
1/17/23 9:44,44.7,44.2,188,189,TRUE
1/17/23 9:46,44.9,45.2,188,192,TRUE
1/17/23 9:48,44.6,44.3,186,181,TRUE
1/17/23 9:50,45.2,45,185,188,TRUE
1/17/23 9:52,45.4,45.1,182,188,TRUE
1/17/23 9:54,45.5,45.3,183,189,TRUE
1/17/23 9:56,45.2,44.3,187,191,TRUE
1/17/23 9:58,45.3,45.1,187,192,TRUE
1/17/23 10:00,45.1,45.3,187,192,TRUE
1/17/23 10:02,41.4,41.5,174,172,TRUE
1/17/23 10:04,43.4,43.6,181,189,TRUE
1/17/23 10:06,43.8,43.7,181,171,TRUE
1/17/23 10:08,44.9,44.9,187,191,TRUE
1/17/23 10:10,44.9,44.9,187,189,TRUE
1/17/23 10:12,44.3,45.2,186,186,TRUE
1/17/23 10:14,44.8,41.2,176,168,TRUE
1/17/23 10:16,44.2,44,182,178,TRUE
1/17/23 10:18,44.9,45.1,186,187,TRUE
1/17/23 10:20,44.3,45.3,185,188,TRUE
1/17/23 10:22,45.3,45.2,185,189,TRUE
1/17/23 10:24,44.2,42.8,176,172,TRUE
1/17/23 10:26,43.9,44,184,180,TRUE
1/17/23 10:28,45.1,45,189,191,TRUE
1/17/23 10:30,43.8,43.7,180,187,TRUE
1/17/23 10:32,43.6,43.8,178,178,TRUE
1/17/23 10:34,45,44.8,185,191,TRUE
1/17/23 10:36,44.9,45.2,188,190,TRUE
1/17/23 10:38,44.9,45,187,191,TRUE
1/17/23 10:40,45.1,45,188,181,TRUE
1/17/23 10:42,43.8,43.8,182,187,TRUE
1/17/23 10:44,45.5,45.1,187,182,TRUE
1/17/23 10:46,45.3,45.1,185,189,TRUE
1/17/23 10:48,44.5,42.8,180,177,TRUE
1/17/23 10:50,45.4,45.2,185,189,TRUE
1/17/23 10:52,45.2,45.2,185,189,TRUE
1/17/23 10:54,45.4,45.4,186,188,TRUE
1/17/23 10:56,45.1,44,181,185,TRUE
1/17/23 10:58,45.2,45.4,181,187,TRUE
1/17/23 11:00,43.9,42.4,175,171,TRUE
1/17/23 11:02,45.5,44,181,185,TRUE
1/17/23 11:04,45.5,45.4,185,187,TRUE
1/17/23 11:06,45,43.9,180,186,TRUE
1/17/23 11:08,44.3,44.3,180,175,TRUE
1/17/23 11:10,44.4,44.6,179,178,TRUE
1/17/23 11:12,44.3,43.9,179,186,TRUE
1/17/23 11:14,44.1,45.3,185,189,TRUE
1/17/23 11:16,44.2,44.3,181,177,TRUE
1/17/23 11:18,45.2,45.4,186,190,TRUE
1/17/23 11:20,44,43.9,181,187,TRUE
1/17/23 11:22,44.2,43.9,178,182,TRUE
1/17/23 11:24,42.3,42.3,174,177,TRUE
1/17/23 11:26,42.6,44,179,186,TRUE
1/17/23 11:28,42.6,44.5,178,177,TRUE
1/17/23 11:30,44,43.9,179,172,TRUE
1/17/23 11:32,45.3,45.2,184,187,TRUE
1/17/23 11:34,45.3,45.2,182,186,TRUE
1/17/23 11:36,44.1,43.9,180,184,TRUE
1/17/23 11:38,45.4,45.3,184,185,TRUE
1/17/23 11:40,42.7,42.7,175,170,TRUE
1/17/23 11:42,45,44.3,178,186,TRUE
1/17/23 11:44,45.4,44.3,180,173,TRUE
1/17/23 11:46,44.8,44.6,181,167,TRUE
1/17/23 11:48,45.3,45.3,180,185,TRUE
1/17/23 11:50,44.1,43.9,177,185,TRUE
1/17/23 11:52,45.5,45.4,183,187,TRUE
1/17/23 11:54,43.5,44,179,183,TRUE
1/17/23 11:56,45.4,45.3,183,179,TRUE
1/17/23 11:58,44.3,45.2,181,186,TRUE
1/17/23 12:00,44,45.5,182,185,TRUE
1/17/23 12:02,45.4,45.4,182,185,TRUE
1/17/23 12:04,45.2,45.3,182,185,TRUE
1/17/23 12:06,45.2,45.2,180,185,TRUE
1/17/23 12:08,45.3,45.2,180,185,TRUE
1/17/23 12:10,45.3,45.2,182,185,TRUE
1/17/23 12:12,45.3,45.2,182,185,TRUE
1/17/23 12:14,45.3,45.2,182,185,TRUE
1/17/23 12:16,45.3,45.3,183,185,TRUE
1/17/23 12:18,45.4,45.3,184,186,TRUE
1/17/23 12:20,45.5,45,182,185,TRUE
1/17/23 12:22,44.5,44,178,182,TRUE
1/17/23 12:24,44.2,45.3,179,186,TRUE
1/17/23 12:26,45.1,45.3,180,186,TRUE
1/17/23 12:28,45.1,45.1,180,186,TRUE
1/17/23 12:30,45.1,45.1,182,185,TRUE
1/17/23 12:32,45.3,45.3,183,186,TRUE
1/17/23 12:34,44,44,177,182,TRUE
1/17/23 12:36,44.9,45,181,185,TRUE
1/17/23 12:38,43.8,43.6,175,181,TRUE
1/17/23 12:40,45.3,44.8,182,185,TRUE
1/17/23 12:42,43.6,45,180,185,TRUE
1/17/23 12:44,44.9,45,179,185,TRUE
1/17/23 12:46,36.3,36.4,150,158,TRUE
1/17/23 12:48,37.8,37.6,162,166,TRUE
1/17/23 12:50,35.2,35.3,146,153,TRUE
1/17/23 12:52,39.4,38.8,169,163,TRUE
1/17/23 12:54,39.5,39.4,171,178,TRUE
1/17/23 12:56,39.7,39.5,171,178,TRUE
1/17/23 12:58,39.3,39.6,172,178,TRUE
1/17/23 13:00,36.5,36.7,153,161,TRUE
1/17/23 13:02,36.4,39.7,165,178,TRUE
1/17/23 13:04,36.3,36.2,149,156,TRUE
1/17/23 13:06,39.8,39.6,163,163,TRUE
1/17/23 13:08,39.9,39.8,171,176,TRUE
1/17/23 13:10,39.4,39.3,169,172,TRUE
1/17/23 13:12,39,38.8,165,169,TRUE
1/17/23 13:14,39.3,39.2,168,172,TRUE
1/17/23 13:16,39,39.1,170,172,TRUE
1/17/23 13:18,38.8,38.8,163,169,TRUE
1/17/23 13:20,39.1,39,167,174,TRUE
1/17/23 13:22,35.8,37.7,149,156,TRUE
1/17/23 13:24,39.4,39.3,168,174,TRUE
1/17/23 13:26,35.5,35.4,145,151,TRUE
1/17/23 13:28,154,38.8,165,169,TRUE
1/17/23 13:30,38.6,38.6,165,168,TRUE
1/17/23 13:32,38.2,38.1,160,165,TRUE
1/17/23 13:34,35.3,35.2,156,158,TRUE
1/17/23 13:36,39.2,39.1,168,174,TRUE
1/17/23 13:38,39.1,39.1,169,174,TRUE
1/17/23 13:40,35.6,35.6,146,153,TRUE
1/17/23 13:42,35.5,35.5,146,154,TRUE
1/17/23 13:44,35.4,35.5,146,153,TRUE
1/17/23 13:46,35.1,35.2,144,152,TRUE
1/17/23 13:48,38.1,38.1,161,168,TRUE
1/17/23 13:50,35.1,35.1,146,153,TRUE
1/17/23 13:52,38.7,39,153,162,TRUE
1/17/23 13:54,39.2,39.3,170,175,TRUE
1/17/23 13:56,35.5,35.5,147,155,TRUE
1/17/23 13:58,39,39,166,173,TRUE
1/17/23 14:00,35.5,35.5,146,154,TRUE
1/17/23 14:02,34.5,34.6,147,153,TRUE
1/17/23 14:04,39.1,39,164,172,TRUE
1/17/23 14:06,38.8,38.8,166,172,TRUE
1/17/23 14:08,38.5,38.4,162,170,TRUE
1/17/23 14:10,38.5,38.6,164,171,TRUE
1/17/23 14:12,35.2,35.1,145,152,TRUE
1/17/23 14:14,38.9,38.9,166,172,TRUE
1/17/23 14:16,35.2,35.3,144,151,TRUE
1/17/23 14:18,38.9,39,165,172,TRUE
1/17/23 14:20,38.8,38.9,165,170,TRUE
1/17/23 14:22,38.5,38.6,162,170,TRUE
1/17/23 14:24,38,38.1,160,168,TRUE
1/17/23 14:26,38.5,38.5,165,171,TRUE
1/17/23 14:28,38.5,38.3,165,170,TRUE
1/17/23 14:30,38.7,38.7,166,171,TRUE
1/17/23 14:32,38.6,38.6,168,172,TRUE
1/17/23 14:34,38.3,38.5,163,167,TRUE
1/17/23 14:36,38.4,38.4,164,168,TRUE
1/17/23 14:38,38.4,38.5,164,168,TRUE
1/17/23 14:40,38.6,38.6,165,169,TRUE
1/17/23 14:42,38.6,38.6,168,171,TRUE
1/17/23 14:44,38.4,38.4,161,169,TRUE
1/17/23 14:46,38.1,38.1,160,167,TRUE
1/17/23 14:48,39,39,165,172,TRUE
1/17/23 14:50,38.8,38.9,166,172,TRUE
1/17/23 14:52,38.8,38.9,166,171,TRUE
1/17/23 14:54,38.8,38.9,167,172,TRUE
1/17/23 14:56,38.5,38.5,165,171,TRUE
1/17/23 14:58,45.4,45.5,184,185,TRUE
1/17/23 15:00,45.5,45.5,183,185,TRUE
1/17/23 15:02,43.6,43.7,187,192,TRUE
1/17/23 15:04,43.6,43.7,185,192,TRUE
1/17/23 15:06,44.2,43.6,190,193,TRUE
1/17/23 15:08,45.6,45.6,184,186,TRUE
1/17/23 15:10,45.6,45.6,184,186,TRUE
1/17/23 15:12,43.9,43.7,192,194,TRUE
1/17/23 15:14,43.8,43.8,192,194,TRUE
1/17/23 15:16,58.3,43.7,192,196,TRUE
1/17/23 15:18,45.5,45.4,182,185,TRUE
1/17/23 15:20,45.6,45.7,183,186,TRUE
1/17/23 15:22,43.5,43.4,185,192,TRUE
1/17/23 15:24,43.4,43.4,185,191,TRUE
1/17/23 15:26,43.5,43.6,190,192,TRUE
1/17/23 15:28,45.4,45.6,185,186,TRUE
1/17/23 15:30,43.6,43.7,192,194,TRUE
1/17/23 15:32,86.7,43.7,191,193,TRUE
1/17/23 15:34,87.9,43.5,191,193,TRUE
1/17/23 15:36,45.5,45.3,184,186,TRUE
1/17/23 15:38,45.6,45.7,185,187,TRUE
1/17/23 15:40,43.5,43.3,186,192,TRUE
1/17/23 15:42,39.2,39.2,159,166,TRUE
1/17/23 15:44,86.7,43.8,192,194,TRUE
1/17/23 15:46,43.8,43.9,192,194,TRUE
1/17/23 15:48,45.6,45.4,185,187,TRUE
1/17/23 15:50,44,43.9,192,195,TRUE
1/17/23 15:52,43.9,43.5,190,193,TRUE
1/17/23 15:54,43.6,43.7,189,193,TRUE
1/17/23 15:56,43.4,43.5,190,193,TRUE
1/17/23 15:58,45.3,45.3,184,185,TRUE
1/17/23 16:00,43.3,43.4,182,189,TRUE
1/17/23 16:02,43.3,43.4,182,189,TRUE
1/17/23 16:04,43.6,43.5,187,192,TRUE
1/17/23 16:06,45.5,45.5,183,186,TRUE
1/17/23 16:08,45.6,45.6,182,187,TRUE
1/17/23 16:10,45.6,45.5,183,186,TRUE
1/17/23 16:12,45.4,45.7,184,187,TRUE
1/17/23 16:14,45.5,45.4,185,187,TRUE
1/17/23 16:16,45.6,45.6,185,187,TRUE
1/17/23 16:18,45.5,45.8,185,187,TRUE
1/17/23 16:20,45.6,45.2,180,187,TRUE
1/17/23 16:22,45.5,45.5,179,187,TRUE
1/17/23 16:24,45.5,45.4,185,189,TRUE
1/17/23 16:26,45.7,45.8,185,189,TRUE
1/17/23 16:28,46,45.9,186,189,TRUE
1/17/23 16:30,45.7,45.7,186,190,TRUE
1/17/23 16:32,46.1,46.2,182,185,TRUE
1/17/23 16:34,45.7,45.8,185,187,TRUE
1/17/23 16:36,45.9,45.8,184,188,TRUE
1/17/23 16:38,46,45.7,181,188,TRUE
1/17/23 16:40,45.7,45.8,182,188,TRUE
1/17/23 16:42,46,45.8,191,195,TRUE
1/17/23 16:44,45.9,46.1,192,195,TRUE
1/17/23 16:46,46.1,46,192,195,TRUE
1/17/23 16:48,46.2,46,191,195,TRUE
1/17/23 16:50,46.1,45.9,190,195,TRUE
1/17/23 16:52,45.8,45.8,190,195,TRUE
1/17/23 16:54,45.9,45.9,187,194,TRUE
1/17/23 16:56,45.9,45.9,186,195,TRUE
1/17/23 16:58,45.9,45.9,192,197,TRUE
1/17/23 17:00,45.8,46.1,190,193,TRUE
1/17/23 17:02,45.7,45.7,190,194,TRUE
1/17/23 17:04,45.8,45.8,188,192,TRUE
1/17/23 17:06,45.9,45.6,188,192,TRUE
1/17/23 17:08,46.1,46,188,192,TRUE
1/17/23 17:10,46,46.2,188,192,TRUE
1/17/23 17:12,45.9,45.9,189,192,TRUE
1/17/23 17:14,46,45.9,189,192,TRUE
1/17/23 17:16,45.9,45.9,183,192,TRUE
1/17/23 17:18,45.8,45.7,183,192,TRUE
1/17/23 17:20,45.9,46,187,190,TRUE
1/17/23 17:22,45.8,46,187,190,TRUE
1/17/23 17:24,45.9,46.1,186,190,TRUE
1/17/23 17:26,45.9,46,187,190,TRUE
1/17/23 17:28,46,46,189,192,TRUE
1/17/23 17:30,45.8,45.7,187,191,TRUE
1/17/23 17:32,45.9,45.6,182,190,TRUE
1/17/23 17:34,46,45.8,183,190,TRUE
1/17/23 17:36,45.8,45.8,188,190,TRUE
1/17/23 17:38,45.6,45.8,187,190,TRUE
1/17/23 17:40,45.9,46.1,187,190,TRUE
1/17/23 17:42,45.7,45.8,185,190,TRUE
1/17/23 17:44,45.8,45.8,187,190,TRUE
1/17/23 17:46,45.7,45.9,187,190,TRUE
1/17/23 17:48,45.7,45.8,185,190,TRUE
1/17/23 17:50,45.6,45.6,185,190,TRUE
1/17/23 17:52,45.5,45.5,183,190,TRUE
1/17/23 17:54,45.4,45.3,180,189,TRUE
1/17/23 17:56,45.6,45.4,180,189,TRUE
1/17/23 17:58,45.7,45.5,186,190,TRUE
1/17/23 18:00,45.7,45.6,186,190,TRUE
1/17/23 18:02,45.4,45.3,190,194,TRUE
1/17/23 18:04,60.5,45.3,190,193,TRUE
1/17/23 18:06,91.1,45.3,190,194,TRUE
1/17/23 18:08,89.8,45.2,191,194,TRUE
1/17/23 18:10,90.8,45.1,190,192,TRUE
1/17/23 18:12,44.8,44.7,205,209,TRUE
1/17/23 18:14,44.5,44.4,199,207,TRUE
1/17/23 18:16,44.2,44.4,197,204,TRUE
1/17/23 18:18,59.4,44.7,202,206,TRUE
1/17/23 18:20,44.4,44.6,203,206,TRUE
1/17/23 18:22,44.5,44.6,202,204,TRUE
1/17/23 18:24,44.3,44.3,195,203,TRUE
1/17/23 18:26,44.4,44.6,197,204,TRUE
1/17/23 18:28,44.2,44.1,202,204,TRUE
1/17/23 18:30,44.4,44.4,201,204,TRUE
1/17/23 18:32,44.2,44.3,198,202,TRUE
1/17/23 18:34,44.1,44.2,199,204,TRUE
1/17/23 18:36,88.8,44.4,197,201,TRUE
1/17/23 18:38,44.1,44.1,197,201,TRUE
1/17/23 18:40,44.1,44.1,197,202,TRUE
1/17/23 18:42,44.3,44.3,198,202,TRUE
1/17/23 18:44,44,44.2,192,201,TRUE
1/17/23 18:46,44.3,44.2,194,202,TRUE
1/17/23 18:48,59.3,44.5,197,202,TRUE
1/17/23 18:50,44.4,44.4,197,202,TRUE
1/17/23 18:52,44.4,44.4,199,202,TRUE
1/17/23 18:54,44.3,44.3,199,202,TRUE
1/17/23 18:56,58.9,44.3,197,202,TRUE
1/17/23 18:58,44.1,44.3,198,202,TRUE
1/17/23 19:00,44.1,43.9,192,199,TRUE
1/17/23 19:02,88.1,44.1,190,199,TRUE
1/17/23 19:04,173,44.1,197,201,TRUE
1/17/23 19:06,174,44,197,201,TRUE
1/17/23 19:08,176,44.1,196,200,TRUE
1/17/23 19:10,174,44,194,200,TRUE
1/17/23 19:12,174,44.1,197,200,TRUE
1/17/23 19:14,44.1,43.9,192,199,TRUE
1/17/23 19:16,88.2,44,192,199,TRUE
1/17/23 19:18,88.1,44.2,193,199,TRUE
1/17/23 19:20,176,44.2,195,199,TRUE
1/17/23 19:22,176,44.1,194,199,TRUE
1/17/23 19:24,59.3,44.3,195,199,TRUE
1/17/23 19:26,44.2,44,194,199,TRUE
1/17/23 19:28,44.2,44.1,195,199,TRUE
1/17/23 19:30,176,44.1,197,200,TRUE
1/17/23 19:32,174,44.4,197,199,TRUE
1/17/23 19:34,44.1,44.1,190,198,TRUE
1/17/23 19:36,44,43.9,191,198,TRUE
1/17/23 19:38,174,44,194,199,TRUE
1/17/23 19:40,173,44.1,196,200,TRUE
1/17/23 19:42,176,44.2,197,200,TRUE
1/17/23 19:44,44.2,44.1,192,199,TRUE
1/17/23 19:46,44.2,44,192,200,TRUE
1/17/23 19:48,175,44.1,197,202,TRUE
1/17/23 19:50,89.7,44.2,197,202,TRUE
1/17/23 19:52,174,44.1,197,202,TRUE
1/17/23 19:54,175,44.1,197,202,TRUE
1/17/23 19:56,176,44.1,197,202,TRUE
1/17/23 19:58,88.1,44.1,198,202,TRUE
1/17/23 20:00,173,44.1,198,202,TRUE
1/17/23 20:02,173,44.1,197,202,TRUE
1/17/23 20:04,173,44.2,198,202,TRUE
1/17/23 20:06,44,43.9,192,201,TRUE
1/17/23 20:08,44.2,44.2,192,201,TRUE
1/17/23 20:10,177,44,195,202,TRUE
1/17/23 20:12,43.9,43.9,197,202,TRUE
1/17/23 20:14,43.8,43.9,199,202,TRUE
1/17/23 20:16,174,44,199,203,TRUE
1/17/23 20:18,174,44.2,197,203,TRUE
1/17/23 20:20,175,44,197,203,TRUE
1/17/23 20:22,174,44,197,202,TRUE
1/17/23 20:24,43.8,43.8,192,202,TRUE
1/17/23 20:26,49.9,49.9,192,193,FALSE
1/17/23 20:28,50.1,50,192,192,FALSE
1/17/23 20:30,50,50,186,190,FALSE
1/17/23 20:32,49.9,49.9,191,193,FALSE
1/17/23 20:34,49.9,49.9,175,187,FALSE
1/17/23 20:36,49.9,49.9,189,192,FALSE
1/17/23 20:38,50,49.9,182,186,FALSE
1/17/23 20:40,49.9,49.9,187,192,FALSE
1/17/23 20:42,50,50,191,192,FALSE
1/17/23 20:44,50,50,187,192,FALSE
1/17/23 20:46,49.9,49.9,182,192,FALSE
1/17/23 20:48,49.8,49.8,175,192,FALSE
1/17/23 20:50,50,49.9,170,182,FALSE
1/17/23 20:52,50,50,185,192,FALSE
1/17/23 20:54,49.9,49.9,180,187,FALSE
1/17/23 20:56,49.8,49.8,176,184,FALSE
1/17/23 20:58,49.9,49.9,182,190,FALSE
1/17/23 21:00,49.9,49.9,188,195,FALSE
1/17/23 21:02,49.7,49.7,187,194,FALSE
1/17/23 21:04,49.9,49.9,187,194,FALSE
1/17/23 21:06,50,50,188,194,FALSE
1/17/23 21:08,50.1,50,191,197,FALSE
1/17/23 21:10,50,50,189,197,FALSE
1/17/23 21:12,50.1,50.1,189,196,FALSE
1/17/23 21:14,49.9,49.9,191,197,FALSE
1/17/23 21:16,49.9,50,193,199,FALSE
1/17/23 21:18,50.1,50.1,193,199,FALSE
1/17/23 21:20,49.9,50,190,196,FALSE
1/17/23 21:22,49.9,49.9,194,199,FALSE
1/17/23 21:24,49.8,49.8,193,199,FALSE
1/17/23 21:26,49.9,49.8,192,198,FALSE
1/17/23 21:28,49.9,49.9,192,198,FALSE
1/17/23 21:30,50,50.1,196,202,FALSE
1/17/23 21:32,50.2,50.1,190,196,FALSE
1/17/23 21:34,50.1,50.1,193,199,FALSE
1/17/23 21:36,50.2,50.1,188,197,FALSE
1/17/23 21:38,49.7,49.7,187,196,FALSE
1/17/23 21:40,49.9,49.9,194,202,FALSE
1/17/23 21:42,50,50,194,200,FALSE
1/17/23 21:44,50,50,196,202,FALSE
1/17/23 21:46,50.1,50.1,194,201,FALSE
1/17/23 21:48,50,50.1,197,204,FALSE
1/17/23 21:50,49.9,49.9,198,204,FALSE
1/17/23 21:52,49.9,49.9,198,204,FALSE
1/17/23 21:54,50,50,197,204,FALSE
1/17/23 21:56,49.9,49.9,196,204,FALSE
1/17/23 21:58,49.8,49.8,199,205,FALSE
1/17/23 22:00,50,50,199,204,FALSE
1/17/23 22:02,50.1,50,199,205,FALSE
1/17/23 22:04,50.1,50,198,204,FALSE
1/17/23 22:06,49.8,49.7,198,205,FALSE
1/17/23 22:08,50,49.9,199,207,FALSE
1/17/23 22:10,50,50,199,207,FALSE
1/17/23 22:12,50.2,50.2,199,206,FALSE
1/17/23 22:14,50,50,197,205,FALSE
1/17/23 22:16,49.9,49.9,200,206,FALSE
1/17/23 22:18,49.9,49.9,199,207,FALSE
1/17/23 22:20,49.8,49.9,199,207,FALSE
1/17/23 22:22,49.8,49.9,199,206,FALSE
1/17/23 22:24,50.1,50,201,207,FALSE
1/17/23 22:26,50,50,199,206,FALSE
1/17/23 22:28,50.1,50.1,199,207,FALSE
1/17/23 22:30,49.9,49.9,199,207,FALSE
1/17/23 22:32,49.7,49.7,197,207,FALSE
1/17/23 22:34,49.8,49.8,200,207,FALSE
1/17/23 22:36,50,50,201,207,FALSE
1/17/23 22:38,50,50,201,207,FALSE
1/17/23 22:40,49.9,49.8,201,207,FALSE
1/17/23 22:42,49.6,49.6,207,213,FALSE
1/17/23 22:44,50.1,50.1,207,213,FALSE
1/17/23 22:46,50.2,50.2,209,214,FALSE
1/17/23 22:48,50,50,208,214,FALSE
1/17/23 22:50,50.1,50.1,209,216,FALSE
1/17/23 22:52,49.5,49.6,203,213,FALSE
1/17/23 22:54,49.8,49.8,204,214,FALSE
1/17/23 22:56,49.9,49.9,208,215,FALSE
1/17/23 22:58,50.1,50.1,208,214,FALSE
1/17/23 23:00,50.1,50.1,208,215,FALSE
1/17/23 23:02,49.8,49.8,208,214,FALSE
1/17/23 23:04,49.8,49.9,210,216,FALSE
1/17/23 23:06,49.9,49.9,210,217,FALSE
1/17/23 23:08,50,50,211,218,FALSE
1/17/23 23:10,50.1,50.2,211,218,FALSE
1/17/23 23:12,50.1,50.1,209,217,FALSE
1/17/23 23:14,49.9,49.9,208,217,FALSE
1/17/23 23:16,49.9,49.9,209,217,FALSE
1/17/23 23:18,50,50,211,218,FALSE
1/17/23 23:20,50,49.9,211,218,FALSE
1/17/23 23:22,49.8,49.8,212,219,FALSE
1/17/23 23:24,49.9,49.9,211,219,FALSE
1/17/23 23:26,49.9,49.9,213,219,FALSE
1/17/23 23:28,49.9,49.8,212,219,FALSE
1/17/23 23:30,49.8,49.8,211,219,FALSE
1/17/23 23:32,50.1,50,208,218,FALSE
1/17/23 23:34,50,50,209,218,FALSE
1/17/23 23:36,49.9,50,212,219,FALSE
1/17/23 23:38,49.9,50,213,219,FALSE
1/17/23 23:40,50.1,50.1,213,219,FALSE
1/17/23 23:42,50,50,214,221,FALSE
1/17/23 23:44,50,49.9,213,219,FALSE
1/17/23 23:46,50,50.1,214,220,FALSE
1/17/23 23:48,50,50,210,219,FALSE
1/17/23 23:50,50,50,210,219,FALSE
1/17/23 23:52,49.8,49.9,212,221,FALSE
1/17/23 23:54,49.9,49.9,214,221,FALSE
1/17/23 23:56,49.9,49.9,214,221,FALSE
1/17/23 23:58,49.7,49.8,213,221,FALSE
1/18/23 0:00,49.8,49.8,210,219,FALSE
1/18/23 0:02,50,50,210,219,FALSE
1/18/23 0:04,50,50,213,220,FALSE
1/18/23 0:06,50,50.1,213,220,FALSE
1/18/23 0:08,49.8,49.8,213,220,FALSE
1/18/23 0:10,50,50,213,220,FALSE
1/18/23 0:12,49.9,50,214,220,FALSE
1/18/23 0:14,49.9,50,214,220,FALSE
1/18/23 0:16,49.8,49.8,214,220,FALSE
1/18/23 0:18,50.1,50.1,214,221,FALSE
1/18/23 0:20,50,50,210,221,FALSE
1/18/23 0:22,49.9,49.9,212,221,FALSE
1/18/23 0:24,50,50,214,222,FALSE
1/18/23 0:26,50.1,50.1,215,221,FALSE
1/18/23 0:28,50,50,216,218,FALSE
1/18/23 0:30,50,50,216,221,FALSE
1/18/23 0:32,49.9,50,214,221,FALSE
1/18/23 0:34,49.9,49.9,214,217,FALSE
1/18/23 0:36,50,49.9,214,219,FALSE
1/18/23 0:38,49.9,50,214,221,FALSE
1/18/23 0:40,49.8,50,214,221,FALSE
1/18/23 0:42,50.1,50,213,221,FALSE
1/18/23 0:44,49.7,50,211,221,FALSE
1/18/23 0:46,50.1,50,213,220,FALSE
1/18/23 0:48,50.2,50,214,221,FALSE
1/18/23 0:50,49.9,50,215,222,FALSE
1/18/23 0:52,50,50,216,222,FALSE
1/18/23 0:54,49.8,50.2,216,223,FALSE
1/18/23 0:56,49.9,50,216,223,FALSE
1/18/23 0:58,49.8,49.9,215,221,FALSE
1/18/23 1:00,48.7,49.9,214,221,FALSE
1/18/23 1:02,50,50,214,221,FALSE
1/18/23 1:04,50,50,211,221,FALSE
1/18/23 1:06,49.9,50,211,221,FALSE
1/18/23 1:08,50.1,49.9,215,221,FALSE
1/18/23 1:10,49.8,50,215,222,FALSE
1/18/23 1:12,49.9,50,216,222,FALSE
1/18/23 1:14,49.8,49.9,216,222,FALSE
1/18/23 1:16,50,50,216,221,FALSE
1/18/23 1:18,49.9,49.8,215,222,FALSE
1/18/23 1:20,49.8,50,218,225,FALSE
1/18/23 1:22,50.1,50,216,223,FALSE
1/18/23 1:24,50,50,217,223,FALSE
1/18/23 1:26,49.9,49.9,215,223,FALSE
1/18/23 1:28,49.9,48.6,214,222,FALSE
1/18/23 1:30,50,49.9,216,222,FALSE
1/18/23 1:32,50.1,50,216,222,FALSE
1/18/23 1:34,50.1,50,216,222,FALSE
1/18/23 1:36,50.1,49.7,216,221,FALSE
1/18/23 1:38,49.9,50,216,223,FALSE
1/18/23 1:40,49.9,49.9,215,222,FALSE
1/18/23 1:42,50,50,215,223,FALSE
1/18/23 1:44,50,49.9,216,222,FALSE
1/18/23 1:46,50,49.7,216,222,FALSE
1/18/23 1:48,49.8,48.8,215,219,FALSE
1/18/23 1:50,50,50,211,222,FALSE
1/18/23 1:52,50,50,211,222,FALSE
1/18/23 1:54,49.9,50,216,221,FALSE
1/18/23 1:56,50,50,216,221,FALSE
1/18/23 1:58,50,50,216,222,FALSE
1/18/23 2:00,50,50,216,222,FALSE
1/18/23 2:02,50,49.9,215,222,FALSE
1/18/23 2:04,49.8,50,212,221,FALSE
1/18/23 2:06,50,49.9,213,222,FALSE
1/18/23 2:08,50.1,50,215,220,FALSE
1/18/23 2:10,50,50,216,221,FALSE
1/18/23 2:12,50,50,216,223,FALSE
1/18/23 2:14,49.9,50,216,222,FALSE
1/18/23 2:16,50,50,216,222,FALSE
1/18/23 2:18,49.9,49.9,217,223,FALSE
1/18/23 2:20,50,50,218,221,FALSE
1/18/23 2:22,49.9,49.9,219,225,FALSE
1/18/23 2:24,49.9,50.1,217,222,FALSE
1/18/23 2:26,50,49.9,216,223,FALSE
1/18/23 2:28,49.9,50,212,220,FALSE
1/18/23 2:30,49.8,50,211,222,FALSE
1/18/23 2:32,50,49.9,216,222,FALSE
1/18/23 2:34,49.8,50,216,221,FALSE
1/18/23 2:36,50.1,50,216,222,FALSE
1/18/23 2:38,50.1,50.1,216,223,FALSE
1/18/23 2:40,49.9,50,216,222,FALSE
1/18/23 2:42,50,50.1,216,221,FALSE
1/18/23 2:44,49.8,50,215,222,FALSE
1/18/23 2:46,49.9,50,213,221,FALSE
1/18/23 2:48,49.9,50,216,222,FALSE
1/18/23 2:50,50,50,217,223,FALSE
1/18/23 2:52,50,49.9,216,221,FALSE
1/18/23 2:54,49.9,49.9,215,221,FALSE
1/18/23 2:56,49.8,49.9,216,223,FALSE
1/18/23 2:58,49.7,49.8,214,222,FALSE
1/18/23 3:00,49.7,49.7,213,222,FALSE
1/18/23 3:02,50.2,50,217,223,FALSE
1/18/23 3:04,50,50,216,223,FALSE
1/18/23 3:06,50,49.8,217,223,FALSE
1/18/23 3:08,50,50,216,222,FALSE
1/18/23 3:10,49.9,49.9,216,223,FALSE
1/18/23 3:12,49.9,50,216,223,FALSE
1/18/23 3:14,50,50.1,211,222,FALSE
1/18/23 3:16,49.8,49.7,212,222,FALSE
1/18/23 3:18,49.8,49.9,217,223,FALSE
1/18/23 3:20,49.9,50,218,223,FALSE
1/18/23 3:22,50,50,218,223,FALSE
1/18/23 3:24,50,50,218,223,FALSE
1/18/23 3:26,50,49.9,216,223,FALSE
1/18/23 3:28,49.8,50,216,223,FALSE
1/18/23 3:30,49.9,49.9,214,222,FALSE
1/18/23 3:32,50,50,215,220,FALSE
1/18/23 3:34,50,50,216,222,FALSE
1/18/23 3:36,49.9,50,216,223,FALSE
1/18/23 3:38,49.9,50,216,224,FALSE
1/18/23 3:40,49.8,50,216,223,FALSE
1/18/23 3:42,50,50,217,223,FALSE
1/18/23 3:44,49.8,50,217,221,FALSE
1/18/23 3:46,49.9,50,217,223,FALSE
1/18/23 3:48,49.9,49.9,218,224,FALSE
1/18/23 3:50,50,50,215,224,FALSE
1/18/23 3:52,49.9,49.9,214,222,FALSE
1/18/23 3:54,49.8,50,216,224,FALSE
1/18/23 3:56,49.9,50.1,217,223,FALSE
1/18/23 3:58,49.9,50,216,221,FALSE
1/18/23 4:00,50,50.1,215,216,FALSE
1/18/23 4:02,49.9,50,216,221,FALSE
1/18/23 4:04,50.1,50,216,223,FALSE
1/18/23 4:06,50,49.9,214,222,FALSE
1/18/23 4:08,49.9,50,215,221,FALSE
1/18/23 4:10,49.8,49.9,216,223,FALSE
1/18/23 4:12,49.9,49.9,216,223,FALSE
1/18/23 4:14,49.8,49.9,216,223,FALSE
1/18/23 4:16,49.9,49.9,214,222,FALSE
1/18/23 4:18,50,49.9,216,224,FALSE
1/18/23 4:20,49.9,49.9,216,223,FALSE
1/18/23 4:22,50,50,216,220,FALSE
1/18/23 4:24,49.8,49.8,216,223,FALSE
1/18/23 4:26,50,50,216,223,FALSE
1/18/23 4:28,50,50,217,223,FALSE
1/18/23 4:30,49.9,50,217,220,FALSE
1/18/23 4:32,50,50,216,223,FALSE
1/18/23 4:34,50,49.9,216,223,FALSE
1/18/23 4:36,50,50,212,223,FALSE
1/18/23 4:38,49.8,49.8,211,222,FALSE
1/18/23 4:40,49.8,49.8,216,223,FALSE
1/18/23 4:42,49.9,49.9,216,222,FALSE
1/18/23 4:44,50.1,50.2,216,221,FALSE
1/18/23 4:46,50,49.9,216,223,FALSE
1/18/23 4:48,49.6,48.4,205,219,FALSE
1/18/23 4:50,49.9,50,205,215,FALSE
1/18/23 4:52,50.4,50.2,205,215,FALSE
1/18/23 4:54,49.9,49.9,204,216,FALSE
1/18/23 4:56,49.9,50,205,216,FALSE
1/18/23 4:58,50.1,50,202,216,FALSE
1/18/23 5:00,49.8,49.9,202,214,FALSE
1/18/23 5:02,49.9,49.9,213,216,FALSE
1/18/23 5:04,50,48.7,201,213,FALSE
1/18/23 5:06,49.9,49.8,201,213,FALSE
1/18/23 5:08,49.9,50,199,207,FALSE
1/18/23 5:10,49.8,50,200,212,FALSE
1/18/23 5:12,50,50,201,214,FALSE
1/18/23 5:14,50,50,201,212,FALSE
1/18/23 5:16,49.9,49.9,214,221,FALSE
1/18/23 5:18,49.9,49.8,199,211,FALSE
1/18/23 5:20,50,50,207,218,FALSE
1/18/23 5:22,49.9,49.9,195,210,FALSE
1/18/23 5:24,49.6,49.8,210,218,FALSE
1/18/23 5:26,49.9,49.9,199,211,FALSE
1/18/23 5:28,49.8,49.8,207,214,FALSE
1/18/23 5:30,49.8,50,201,211,FALSE
1/18/23 5:32,49.9,49.7,200,212,FALSE
1/18/23 5:34,49.9,49.9,195,207,FALSE
1/18/23 5:36,49.9,50,195,207,FALSE
1/18/23 5:38,49.9,49.9,203,210,FALSE
1/18/23 5:40,49.8,50,194,204,FALSE
1/18/23 5:42,49.9,50,204,211,FALSE
1/18/23 5:44,49.8,50,204,214,FALSE
1/18/23 5:46,50,51.4,207,214,FALSE
1/18/23 5:48,49.9,50,207,214,FALSE
1/18/23 5:50,50,50,207,212,FALSE
1/18/23 5:52,49.9,49.9,204,214,FALSE
1/18/23 5:54,50,49.8,207,213,FALSE
1/18/23 5:56,50,50,207,211,FALSE
1/18/23 5:58,50.1,50,207,214,FALSE
1/18/23 6:00,49.7,50,207,214,FALSE
1/18/23 6:02,50.1,50.1,202,209,FALSE
1/18/23 6:04,49.9,49.9,194,204,FALSE
1/18/23 6:06,50.1,50,201,209,FALSE
1/18/23 6:08,50,50,198,202,FALSE
1/18/23 6:10,49.9,50,202,209,FALSE
1/18/23 6:12,50,49.9,202,210,FALSE
1/18/23 6:14,50.1,50,200,211,FALSE
1/18/23 6:16,49.7,48.6,194,201,FALSE
1/18/23 6:18,50,50,201,209,FALSE
1/18/23 6:20,51.5,50.3,205,209,FALSE
1/18/23 6:22,49.7,49.8,199,207,FALSE
1/18/23 6:24,49.9,48.7,199,207,FALSE
1/18/23 6:26,50,49.6,199,207,FALSE
1/18/23 6:28,50,49.7,202,210,FALSE
1/18/23 6:30,50,50,197,204,FALSE
1/18/23 6:32,50,50.2,199,204,FALSE
1/18/23 6:34,49.9,50,191,199,FALSE
1/18/23 6:36,51.5,50,192,199,FALSE
1/18/23 6:38,49.8,49.7,195,198,FALSE
1/18/23 6:40,50.1,50,195,202,FALSE
1/18/23 6:42,,49.8,,207,FALSE
1/18/23 6:44,,50.1,,204,FALSE
1/18/23 6:46,,49.6,,204,FALSE
1/18/23 6:48,50,50,200,204,FALSE
1/18/23 6:50,49.9,49.6,199,204,FALSE
1/18/23 6:52,,50.3,,211,FALSE
1/18/23 6:54,,50,,209,FALSE
1/18/23 6:56,,50.1,,209,FALSE
1/18/23 6:58,,50,,209,FALSE
1/18/23 7:00,,49.7,,202,FALSE
1/18/23 7:02,,50,,200,FALSE
1/18/23 7:04,,49.9,,198,FALSE
1/18/23 7:06,,50,,199,FALSE
1/18/23 7:08,,6536,,0,FALSE
1/18/23 7:10,5618,4367,0,0,FALSE
1/18/23 7:12,5618,3279,0.707,0,FALSE
1/18/23 7:14,5618,45.4,0.707,26.2,FALSE
1/18/23 7:16,46.4,46.5,196,204,TRUE
1/18/23 7:18,46.4,46.6,196,204,TRUE
1/18/23 7:20,46.5,46.6,197,204,TRUE
1/18/23 7:22,46.3,46.7,197,202,TRUE
1/18/23 7:24,46.5,46.5,197,202,TRUE
1/18/23 7:26,46.4,46.5,194,202,TRUE
1/18/23 7:28,46.8,46.9,198,202,TRUE
1/18/23 7:30,46.7,46.6,197,202,TRUE
1/18/23 7:32,46.7,46.7,197,201,TRUE
1/18/23 7:34,46.5,46.5,198,201,TRUE
1/18/23 7:36,46.6,46.7,197,199,TRUE
1/18/23 7:38,46.8,46.6,197,199,TRUE
1/18/23 7:40,46.9,46.7,196,199,TRUE
1/18/23 7:42,46.7,46.7,196,199,TRUE
1/18/23 7:44,46.6,46.9,196,199,TRUE
1/18/23 7:46,46.8,46.7,196,199,TRUE
1/18/23 7:48,46.8,46.7,196,199,TRUE
1/18/23 7:50,46.9,46.7,194,199,TRUE
1/18/23 7:52,46.5,46.6,192,199,TRUE
1/18/23 7:54,46.8,46.7,194,199,TRUE
1/18/23 7:56,46.9,46.8,195,199,TRUE
1/18/23 7:58,46.6,46.7,194,198,TRUE
1/18/23 8:00,46.9,47,194,197,TRUE
1/18/23 8:02,46.5,46.6,193,198,TRUE
1/18/23 8:04,46.7,46.7,193,197,TRUE
1/18/23 8:06,45.4,45.2,189,196,TRUE
1/18/23 8:08,45.6,45.5,187,194,TRUE
1/18/23 8:10,46.6,46.6,193,197,TRUE
1/18/23 8:12,46.7,46.6,193,197,TRUE
1/18/23 8:14,45.5,45.5,187,194,TRUE
1/18/23 8:16,46.5,46.5,190,196,TRUE
1/18/23 8:18,46.7,46.9,193,197,TRUE
1/18/23 8:20,45.8,46.6,188,195,TRUE
1/18/23 8:22,46.5,46.8,194,197,TRUE
1/18/23 8:24,49.7,49.7,191,195,FALSE
1/18/23 8:26,49.7,49.7,196,199,FALSE
1/18/23 8:28,49.8,49.8,196,197,FALSE
1/18/23 8:30,49.8,49.8,186,192,FALSE
1/18/23 8:32,50,50,190,192,FALSE
1/18/23 8:34,49.9,49.9,180,186,FALSE
1/18/23 8:36,50.1,50.2,182,187,FALSE
1/18/23 8:38,50,50.1,177,182,FALSE
1/18/23 8:40,50.1,50.1,182,188,FALSE
1/18/23 8:42,49.9,49.9,181,187,FALSE
1/18/23 8:44,49.8,49.7,182,185,FALSE
1/18/23 8:46,49.7,49.8,169,175,FALSE
1/18/23 8:48,49.7,49.6,180,187,FALSE
1/18/23 8:50,50.3,50.3,187,194,FALSE
1/18/23 8:52,50.2,50.3,184,190,FALSE
1/18/23 8:54,49.9,49.8,181,186,FALSE
1/18/23 8:56,49.8,49.8,186,191,FALSE
1/18/23 8:58,49.9,49.9,179,184,FALSE
1/18/23 9:00,49.8,49.8,182,189,FALSE
1/18/23 9:02,49.7,49.7,175,182,FALSE
1/18/23 9:04,50.2,50.2,176,181,FALSE
1/18/23 9:06,49.8,50.1,178,182,FALSE
1/18/23 9:08,49.6,49.7,177,182,FALSE
1/18/23 9:10,49.8,49.7,170,177,FALSE
1/18/23 9:12,50.1,50,174,181,FALSE
1/18/23 9:14,50,49.9,173,180,FALSE
1/18/23 9:16,50.1,50,175,180,FALSE
1/18/23 9:18,50.3,50.4,175,180,FALSE
1/18/23 9:20,49.6,49.6,181,186,FALSE
1/18/23 9:22,49.6,49.6,182,188,FALSE
1/18/23 9:24,49.7,49.7,176,182,FALSE
1/18/23 9:26,49.3,49.2,180,185,FALSE
1/18/23 9:28,49.8,49.9,174,180,FALSE
1/18/23 9:30,50.2,50.1,174,176,FALSE
1/18/23 9:32,50,49.9,186,191,FALSE
1/18/23 9:34,50.1,50.1,186,191,FALSE
1/18/23 9:36,49.7,49.7,184,188,FALSE
1/18/23 9:38,50.2,50.1,177,183,FALSE
1/18/23 9:40,50,49.9,184,191,FALSE
1/18/23 9:42,49.8,49.9,182,189,FALSE
1/18/23 9:44,50.5,50.4,181,187,FALSE
1/18/23 9:46,50.2,50.3,187,192,FALSE
1/18/23 9:48,49.9,49.8,183,187,FALSE
1/18/23 9:50,50,50,187,190,FALSE
1/18/23 9:52,49.7,49.8,188,194,FALSE
1/18/23 9:54,49.9,49.9,183,187,FALSE
1/18/23 9:56,49.8,49.8,180,183,FALSE
1/18/23 9:58,49.5,49.5,180,185,FALSE
1/18/23 10:00,49.9,50,173,182,FALSE
1/18/23 10:02,50,50.1,187,191,FALSE
1/18/23 10:04,49.4,49.4,177,182,FALSE
1/18/23 10:06,49.7,49.8,189,194,FALSE
1/18/23 10:08,49.8,49.8,190,188,FALSE
1/18/23 10:10,49.8,49.7,178,180,FALSE
1/18/23 10:12,50.5,50.5,180,185,FALSE
1/18/23 10:14,50.1,50.1,190,198,FALSE
1/18/23 10:16,49.5,49.6,180,183,FALSE
1/18/23 10:18,49.5,49.5,163,168,FALSE
1/18/23 10:20,50.1,50.1,170,177,FALSE
1/18/23 10:22,49.9,49.8,182,187,FALSE
1/18/23 10:24,49.6,49.6,182,187,FALSE
1/18/23 10:26,49.8,49.7,180,187,FALSE
1/18/23 10:28,49.8,49.9,187,193,FALSE
1/18/23 10:30,49.7,49.7,178,181,FALSE
1/18/23 10:32,50,50.1,182,190,FALSE
1/18/23 10:34,49.7,49.7,174,178,FALSE
1/18/23 10:36,49.8,49.8,180,183,FALSE
1/18/23 10:38,49.5,49.4,179,183,FALSE
1/18/23 10:40,50.2,50.2,190,194,FALSE
1/18/23 10:42,50,50.2,179,182,FALSE
1/18/23 10:44,7874,3012,0.707,0,FALSE
1/18/23 10:46,2817,4926,0.707,0,FALSE
1/18/23 10:48,3937,4926,0.707,0,FALSE
1/18/23 10:50,45.2,45.5,202,212,TRUE
1/18/23 10:52,44.8,45.2,204,207,TRUE
1/18/23 10:54,45,45.3,204,209,TRUE
1/18/23 10:56,45.1,45,205,204,TRUE
1/18/23 10:58,45.3,45.3,205,208,TRUE
1/18/23 11:00,44.1,43.9,200,203,TRUE
1/18/23 11:02,44.2,44,199,202,TRUE
1/18/23 11:04,45.1,45.2,204,207,TRUE
1/18/23 11:06,43.8,44,199,203,TRUE
1/18/23 11:08,44.9,44.9,202,206,TRUE
1/18/23 11:10,44.9,45.1,202,200,TRUE
1/18/23 11:12,45.2,45.2,202,207,TRUE
1/18/23 11:14,45.3,45.2,203,207,TRUE
1/18/23 11:16,45.2,45,205,211,TRUE
1/18/23 11:18,45.1,43.7,204,209,TRUE
1/18/23 11:20,46.9,47.1,198,201,TRUE
1/18/23 11:22,46.9,47.2,194,199,TRUE
1/18/23 11:24,46.4,46.3,199,207,TRUE
1/18/23 11:26,46.3,46.2,199,207,TRUE
1/18/23 11:28,46.1,45.9,199,205,TRUE
1/18/23 11:30,47.2,47.4,193,197,TRUE
1/18/23 11:32,46.9,47.3,196,200,TRUE
1/18/23 11:34,46.1,46.1,199,205,TRUE
1/18/23 11:36,46,46.1,199,205,TRUE
1/18/23 11:38,45.9,44.4,200,204,TRUE
1/18/23 11:40,47,47.3,192,197,TRUE
1/18/23 11:42,46.2,46.2,200,204,TRUE
1/18/23 11:44,46.2,46.4,201,206,TRUE
1/18/23 11:46,46.3,46.2,200,205,TRUE
1/18/23 11:48,46.6,46.7,193,200,TRUE
1/18/23 11:50,46.2,46.2,197,204,TRUE
1/18/23 11:52,45.4,45.5,199,204,TRUE
1/18/23 11:54,45.3,45.6,199,203,TRUE
1/18/23 11:56,47.3,47.3,192,196,TRUE
1/18/23 11:58,46.1,46.4,199,202,TRUE
1/18/23 12:00,46.1,46.2,201,204,TRUE
1/18/23 12:02,46.3,46.4,201,202,TRUE
1/18/23 12:04,47.4,47.1,191,195,TRUE
1/18/23 12:06,46.1,45.9,199,202,TRUE
1/18/23 12:08,46,46.1,199,201,TRUE
1/18/23 12:10,46.4,46.5,201,203,TRUE
1/18/23 12:12,47.2,47.1,193,194,TRUE
1/18/23 12:14,46,46.2,199,202,TRUE
1/18/23 12:16,46.3,46.3,201,203,TRUE
1/18/23 12:18,46,46.2,202,204,TRUE
1/18/23 12:20,47.1,47.3,195,197,TRUE
1/18/23 12:22,47.2,47.1,196,198,TRUE
1/18/23 12:24,46.8,47.3,195,197,TRUE
1/18/23 12:26,46.9,47.1,193,198,TRUE
1/18/23 12:28,46.9,46.9,194,198,TRUE
1/18/23 12:30,46.9,46.9,197,199,TRUE
1/18/23 12:32,47.2,47.3,193,196,TRUE
1/18/23 12:34,46.8,46.7,194,200,TRUE
1/18/23 12:36,47.2,47.2,194,197,TRUE
1/18/23 12:38,47.1,47.3,194,197,TRUE
1/18/23 12:40,47.1,47.5,194,197,TRUE
1/18/23 12:42,46.9,47.2,194,199,TRUE
1/18/23 12:44,46.9,47.2,192,197,TRUE
1/18/23 12:46,47.1,46.7,192,197,TRUE
1/18/23 12:48,47.1,46.7,193,196,TRUE
1/18/23 12:50,46.4,46.7,193,194,TRUE
1/18/23 12:52,46.8,47.2,193,192,TRUE
1/18/23 12:54,47.1,47.1,190,197,TRUE
1/18/23 12:56,46.9,47.3,191,197,TRUE
1/18/23 12:58,47,47.1,192,196,TRUE
1/18/23 13:00,46.7,46.5,193,198,TRUE
1/18/23 13:02,46.8,47.2,193,197,TRUE
1/18/23 13:04,47.1,47.1,192,195,TRUE
1/18/23 13:06,46.6,46.8,192,199,TRUE
1/18/23 13:08,47,47,190,196,TRUE
1/18/23 13:10,46.9,47.2,192,195,TRUE
1/18/23 13:12,47.1,47.2,192,195,TRUE
1/18/23 13:14,46.9,47.3,193,195,TRUE
1/18/23 13:16,47,47.4,192,195,TRUE
1/18/23 13:18,47.1,47.3,193,195,TRUE
1/18/23 13:20,47,47.1,192,194,TRUE
1/18/23 13:22,47.1,47,190,194,TRUE
1/18/23 13:24,47,47.5,193,197,TRUE
1/18/23 13:26,46.8,47,190,195,TRUE
1/18/23 13:28,46.9,47.2,193,197,TRUE
1/18/23 13:30,46.8,47,192,196,TRUE
1/18/23 13:32,47.2,47,192,196,TRUE
1/18/23 13:34,47,47.1,192,196,TRUE
1/18/23 13:36,46.8,46.8,192,198,TRUE
1/18/23 13:38,46.8,46.8,192,199,TRUE
1/18/23 13:40,47.1,47.2,191,196,TRUE
1/18/23 13:42,50.2,50.2,194,196,FALSE
1/18/23 13:44,49.5,49.4,185,185,FALSE
1/18/23 13:46,49.9,49.9,187,193,FALSE
1/18/23 13:48,49.9,49.9,182,188,FALSE
1/18/23 13:50,50.2,50.2,185,193,FALSE
1/18/23 13:52,49.7,49.8,175,180,FALSE
1/18/23 13:54,49.9,49.9,180,190,FALSE
1/18/23 13:56,49.8,49.7,184,186,FALSE
1/18/23 13:58,49.9,49.8,182,194,FALSE
1/18/23 14:00,49.9,49.8,181,189,FALSE
1/18/23 14:02,49.7,49.7,176,189,FALSE
1/18/23 14:04,49.8,49.8,181,193,FALSE
1/18/23 14:06,50,49.9,184,189,FALSE
1/18/23 14:08,49.6,49.6,188,193,FALSE
1/18/23 14:10,49.8,49.8,181,187,FALSE
1/18/23 14:12,49.8,49.8,179,184,FALSE
1/18/23 14:14,49.8,49.8,184,190,FALSE
1/18/23 14:16,50.5,50.5,185,190,FALSE
1/18/23 14:18,49.8,49.8,183,188,FALSE
1/18/23 14:20,49.8,49.8,188,193,FALSE
1/18/23 14:22,49.9,49.9,177,182,FALSE
1/18/23 14:24,49.6,49.7,187,190,FALSE
1/18/23 14:26,50,50,180,185,FALSE
1/18/23 14:28,49.9,49.9,186,191,FALSE
1/18/23 14:30,49.9,49.8,185,190,FALSE
1/18/23 14:32,50.2,50.1,182,187,FALSE
1/18/23 14:34,50.1,50.1,177,185,FALSE
1/18/23 14:36,50,49.9,187,190,FALSE
1/18/23 14:38,50,50.1,180,182,FALSE
1/18/23 14:40,50,50.1,179,182,FALSE
1/18/23 14:42,49.8,49.8,174,177,FALSE
1/18/23 14:44,49.9,49.9,180,184,FALSE
1/18/23 14:46,50.1,50,184,187,FALSE
1/18/23 14:48,49.8,49.8,171,173,FALSE
1/18/23 14:50,49.8,49.8,180,182,FALSE
1/18/23 14:52,50.3,50.3,184,187,FALSE
1/18/23 14:54,49.8,49.8,181,183,FALSE
1/18/23 14:56,50,50,175,180,FALSE
1/18/23 14:58,49.9,49.9,185,189,FALSE
1/18/23 15:00,49.9,50,187,190,FALSE
1/18/23 15:02,49.9,49.9,183,185,FALSE
1/18/23 15:04,49.7,49.8,187,190,FALSE
1/18/23 15:06,49.9,49.9,182,185,FALSE
1/18/23 15:08,49.9,49.8,185,187,FALSE
1/18/23 15:10,49.9,49.9,185,188,FALSE
1/18/23 15:12,49.6,49.6,182,187,FALSE
1/18/23 15:14,50,49.9,187,192,FALSE
1/18/23 15:16,50.2,50.2,190,192,FALSE
1/18/23 15:18,49.8,49.8,190,192,FALSE
1/18/23 15:20,49.9,50,187,192,FALSE
1/18/23 15:22,49.8,49.7,189,192,FALSE
1/18/23 15:24,50.1,50.1,187,190,FALSE
1/18/23 15:26,49.8,49.7,185,188,FALSE
1/18/23 15:28,49.8,49.7,186,188,FALSE
1/18/23 15:30,50,50,186,190,FALSE
1/18/23 15:32,50,50,183,188,FALSE
1/18/23 15:34,50.3,50.4,187,190,FALSE
1/18/23 15:36,50.2,50.2,182,186,FALSE
1/18/23 15:38,49.9,49.9,184,187,FALSE
1/18/23 15:40,50,50,190,193,FALSE
1/18/23 15:42,50.1,50,190,192,FALSE
1/18/23 15:44,49.9,49.9,185,187,FALSE
1/18/23 15:46,50.1,50,185,187,FALSE
1/18/23 15:48,49.9,50,171,176,FALSE
1/18/23 15:50,49.8,49.8,175,180,FALSE
1/18/23 15:52,50,50,185,187,FALSE
1/18/23 15:54,49.9,49.9,184,189,FALSE
1/18/23 15:56,50.5,50.4,191,195,FALSE
1/18/23 15:58,49.9,49.8,186,191,FALSE
1/18/23 16:00,49.9,49.8,180,184,FALSE
1/18/23 16:02,50.3,50.3,184,188,FALSE
1/18/23 16:04,49.8,49.8,189,193,FALSE
1/18/23 16:06,49.5,49.6,187,190,FALSE
1/18/23 16:08,49.8,49.9,188,192,FALSE
1/18/23 16:10,50.1,50,186,192,FALSE
1/18/23 16:12,50.4,50.3,185,190,FALSE
1/18/23 16:14,50,50.1,184,188,FALSE
1/18/23 16:16,50.3,50.3,181,185,FALSE
1/18/23 16:18,49.8,49.8,182,186,FALSE
1/18/23 16:20,49.7,49.6,181,186,FALSE
1/18/23 16:22,50,50.2,186,194,FALSE
1/18/23 16:24,50.2,50.1,184,190,FALSE
1/18/23 16:26,50.1,50.1,189,193,FALSE
1/18/23 16:28,49.9,49.9,186,194,FALSE
1/18/23 16:30,50,49.9,179,186,FALSE
1/18/23 16:32,50.1,50,183,189,FALSE
1/18/23 16:34,49.9,50,181,186,FALSE
1/18/23 16:36,49.8,49.9,189,194,FALSE
1/18/23 16:38,49.9,49.9,180,185,FALSE
1/18/23 16:40,50,50,187,190,FALSE
1/18/23 16:42,50.2,50.2,185,187,FALSE
1/18/23 16:44,50,49.9,190,196,FALSE
1/18/23 16:46,49.7,49.7,188,196,FALSE
1/18/23 16:48,49.9,49.9,177,186,FALSE
1/18/23 16:50,49.9,49.9,182,189,FALSE
1/18/23 16:52,49.9,49.8,185,191,FALSE
1/18/23 16:54,50,49.9,190,197,FALSE
1/18/23 16:56,49.9,50,189,197,FALSE
1/18/23 16:58,50.1,50.1,190,197,FALSE
1/18/23 17:00,50.1,50,181,193,FALSE
1/18/23 17:02,49.8,49.8,188,192,FALSE
1/18/23 17:04,49.9,50,185,190,FALSE
1/18/23 17:06,49.8,50,190,197,FALSE
1/18/23 17:08,49.8,49.8,187,196,FALSE
1/18/23 17:10,50,50,190,197,FALSE
1/18/23 17:12,50.1,50.1,191,197,FALSE
1/18/23 17:14,50.1,50.1,191,199,FALSE
1/18/23 17:16,49.9,50,190,195,FALSE
1/18/23 17:18,50,50,190,198,FALSE
1/18/23 17:20,49.9,49.9,185,192,FALSE
1/18/23 17:22,49.9,49.9,187,194,FALSE
1/18/23 17:24,49.5,49.6,192,198,FALSE
1/18/23 17:26,49.8,49.8,191,197,FALSE
1/18/23 17:28,50.1,50.2,188,197,FALSE
1/18/23 17:30,50.1,50,181,191,FALSE
1/18/23 17:32,50.2,50.1,192,197,FALSE
1/18/23 17:34,49.8,49.8,192,198,FALSE
1/18/23 17:36,49.8,49.9,194,200,FALSE
1/18/23 17:38,50.1,49.9,188,194,FALSE
1/18/23 17:40,49.9,50,194,201,FALSE
1/18/23 17:42,49.8,49.9,189,195,FALSE
1/18/23 17:44,49.7,49.7,187,193,FALSE
1/18/23 17:46,49.8,49.9,184,192,FALSE
1/18/23 17:48,50,50,187,194,FALSE
1/18/23 17:50,49.8,49.8,190,196,FALSE
1/18/23 17:52,49.9,49.9,185,192,FALSE
1/18/23 17:54,50,49.9,181,187,FALSE
1/18/23 17:56,50.1,50.1,182,188,FALSE
1/18/23 17:58,50,49.9,180,187,FALSE
1/18/23 18:00,49.8,49.8,180,187,FALSE
1/18/23 18:02,49.8,49.9,179,186,FALSE
1/18/23 18:04,49.8,49.8,178,187,FALSE
1/18/23 18:06,49.7,49.7,176,185,FALSE
1/18/23 18:08,50,50,173,182,FALSE
1/18/23 18:10,49.7,49.8,176,182,FALSE
1/18/23 18:12,49.9,49.9,177,184,FALSE
1/18/23 18:14,50.2,50.1,175,182,FALSE
1/18/23 18:16,50.1,50.1,178,185,FALSE
1/18/23 18:18,50.1,50.1,173,182,FALSE
1/18/23 18:20,49.9,49.9,175,185,FALSE
1/18/23 18:22,49.8,49.9,175,182,FALSE
1/18/23 18:24,49.9,49.9,178,185,FALSE
1/18/23 18:26,49.8,49.8,173,180,FALSE
1/18/23 18:28,49.7,49.7,178,183,FALSE
1/18/23 18:30,49.7,49.8,169,175,FALSE
1/18/23 18:32,49.8,49.8,173,180,FALSE
1/18/23 18:34,50,50,167,174,FALSE
1/18/23 18:36,49.9,50,170,176,FALSE
1/18/23 18:38,50.1,50.1,173,179,FALSE
1/18/23 18:40,50,50,173,179,FALSE
1/18/23 18:42,49.6,49.7,170,178,FALSE
1/18/23 18:44,49.8,49.8,168,175,FALSE
1/18/23 18:46,50.1,50.1,173,178,FALSE
1/18/23 18:48,50,50,177,183,FALSE
1/18/23 18:50,49.6,49.7,179,187,FALSE
1/18/23 18:52,49.9,49.9,179,186,FALSE
1/18/23 18:54,50.1,50.2,181,187,FALSE
1/18/23 18:56,50.1,50,182,187,FALSE
1/18/23 18:58,49.9,49.8,181,187,FALSE
1/18/23 19:00,50,50,182,188,FALSE
1/18/23 19:02,50,50.1,182,187,FALSE
1/18/23 19:04,49.9,49.9,180,186,FALSE
1/18/23 19:06,50.2,50.1,180,187,FALSE
1/18/23 19:08,49.9,50,181,187,FALSE
1/18/23 19:10,49.9,49.9,180,185,FALSE
1/18/23 19:12,49.7,49.8,180,186,FALSE
1/18/23 19:14,49.9,49.8,178,185,FALSE
1/18/23 19:16,49.8,49.9,178,185,FALSE
1/18/23 19:18,50.2,50.2,182,187,FALSE
1/18/23 19:20,49.8,49.9,180,186,FALSE
1/18/23 19:22,50,50,180,187,FALSE
1/18/23 19:24,50,50,178,185,FALSE
1/18/23 19:26,49.8,49.8,173,180,FALSE
1/18/23 19:28,49.8,49.8,173,181,FALSE
1/18/23 19:30,49.9,49.8,182,188,FALSE
1/18/23 19:32,49.8,49.8,182,189,FALSE
1/18/23 19:34,49.8,49.7,181,188,FALSE
1/18/23 19:36,49.7,49.8,182,188,FALSE
1/18/23 19:38,50,50.1,182,188,FALSE
1/18/23 19:40,50,50,183,188,FALSE
1/18/23 19:42,50,50,180,189,FALSE
1/18/23 19:44,50,50,181,188,FALSE
1/18/23 19:46,50,50,181,189,FALSE
1/18/23 19:48,50.2,50.1,183,189,FALSE
1/18/23 19:50,50,49.9,184,190,FALSE
1/18/23 19:52,50,50,185,192,FALSE
1/18/23 19:54,49.9,49.9,184,190,FALSE
1/18/23 19:56,49.9,49.9,185,190,FALSE
1/18/23 19:58,50,50,185,190,FALSE
1/18/23 20:00,49.8,49.9,188,194,FALSE
1/18/23 20:02,50,50,187,195,FALSE
1/18/23 20:04,50,50,187,194,FALSE
1/18/23 20:06,50,50,187,194,FALSE
1/18/23 20:08,50,49.9,188,194,FALSE
1/18/23 20:10,50,50,188,194,FALSE
1/18/23 20:12,50,50,189,195,FALSE
1/18/23 20:14,50,50,188,194,FALSE
1/18/23 20:16,49.8,49.8,189,194,FALSE
1/18/23 20:18,49.9,49.9,190,195,FALSE
1/18/23 20:20,50,50,190,195,FALSE
1/18/23 20:22,49.9,49.9,187,194,FALSE
1/18/23 20:24,49.6,49.7,185,194,FALSE
1/18/23 20:26,49.9,49.8,183,189,FALSE
1/18/23 20:28,49.8,49.8,185,190,FALSE
1/18/23 20:30,49.9,49.9,187,191,FALSE
1/18/23 20:32,49.6,49.6,190,197,FALSE
1/18/23 20:34,50,50,191,196,FALSE
1/18/23 20:36,50,50,187,195,FALSE
1/18/23 20:38,49.8,49.8,187,195,FALSE
1/18/23 20:40,49.9,49.9,189,195,FALSE
1/18/23 20:42,50.1,50.1,185,191,FALSE
1/18/23 20:44,49.9,49.8,190,195,FALSE
1/18/23 20:46,49.9,49.9,192,197,FALSE
1/18/23 20:48,50,50,193,198,FALSE
1/18/23 20:50,49.8,49.9,192,197,FALSE
1/18/23 20:52,50.1,50.1,195,200,FALSE
1/18/23 20:54,49.9,49.9,185,191,FALSE
1/18/23 20:56,49.9,49.9,190,197,FALSE
1/18/23 20:58,50,50.1,187,194,FALSE
1/18/23 21:00,49.9,49.9,195,203,FALSE
1/18/23 21:02,50.1,50.1,194,202,FALSE
1/18/23 21:04,50.2,50.1,192,197,FALSE
1/18/23 21:06,50,50,198,204,FALSE
1/18/23 21:08,49.9,49.9,192,197,FALSE
1/18/23 21:10,49.8,49.7,188,194,FALSE
1/18/23 21:12,50,49.9,192,197,FALSE
1/18/23 21:14,49.9,49.9,184,190,FALSE
1/18/23 21:16,50,50,196,202,FALSE
1/18/23 21:18,49.9,49.9,199,204,FALSE
1/18/23 21:20,49.8,49.8,194,200,FALSE
1/18/23 21:22,50,49.9,197,204,FALSE
1/18/23 21:24,50,50,199,206,FALSE
1/18/23 21:26,49.9,50,197,202,FALSE
1/18/23 21:28,49.9,49.9,201,207,FALSE
1/18/23 21:30,49.9,49.8,198,206,FALSE
1/18/23 21:32,49.6,49.6,194,202,FALSE
1/18/23 21:34,50,50,194,200,FALSE
1/18/23 21:36,49.8,49.7,196,201,FALSE
1/18/23 21:38,50,50,193,198,FALSE
1/18/23 21:40,49.8,49.8,194,202,FALSE
1/18/23 21:42,50.2,50.1,194,203,FALSE
1/18/23 21:44,50.2,50.1,197,204,FALSE
1/18/23 21:46,50.1,50,196,202,FALSE
1/18/23 21:48,49.9,50,197,204,FALSE
1/18/23 21:50,50,50,198,204,FALSE
1/18/23 21:52,49.9,49.8,197,204,FALSE
1/18/23 21:54,49.9,49.9,197,204,FALSE
1/18/23 21:56,50,50,198,204,FALSE
1/18/23 21:58,50,50,199,205,FALSE
1/18/23 22:00,50,50,195,204,FALSE
1/18/23 22:02,49.9,50,196,204,FALSE
1/18/23 22:04,49.9,49.9,199,205,FALSE
1/18/23 22:06,49.8,49.9,199,204,FALSE
1/18/23 22:08,49.8,49.8,199,205,FALSE
1/18/23 22:10,50,50,199,205,FALSE
1/18/23 22:12,49.9,50,199,205,FALSE
1/18/23 22:14,50.1,50,199,205,FALSE
1/18/23 22:16,50,49.9,200,207,FALSE
1/18/23 22:18,49.9,49.9,197,205,FALSE
1/18/23 22:20,49.9,49.8,197,205,FALSE
1/18/23 22:22,49.8,49.7,199,206,FALSE
1/18/23 22:24,50,49.9,201,207,FALSE
1/18/23 22:26,50.1,50,199,206,FALSE
1/18/23 22:28,49.9,49.9,200,207,FALSE
1/18/23 22:30,50,50,199,207,FALSE
1/18/23 22:32,50,49.9,199,207,FALSE
1/18/23 22:34,49.9,49.9,201,207,FALSE
1/18/23 22:36,50,50,201,207,FALSE
1/18/23 22:38,50,50,202,208,FALSE
1/18/23 22:40,49.9,49.9,202,209,FALSE
1/18/23 22:42,49.8,49.9,203,209,FALSE
1/18/23 22:44,49.9,50,203,209,FALSE
1/18/23 22:46,49.8,49.8,202,208,FALSE
1/18/23 22:48,50,49.9,202,209,FALSE
1/18/23 22:50,49.9,49.9,202,209,FALSE
1/18/23 22:52,49.7,49.7,201,209,FALSE
1/18/23 22:54,50.1,50.2,203,209,FALSE
1/18/23 22:56,49.9,49.9,203,209,FALSE
1/18/23 22:58,49.9,49.9,209,215,FALSE
1/18/23 23:00,49.8,49.9,209,216,FALSE
1/18/23 23:02,50,50.1,208,214,FALSE
1/18/23 23:04,50,50,207,214,FALSE
1/18/23 23:06,50,49.9,207,213,FALSE
1/18/23 23:08,50,50,209,213,FALSE
1/18/23 23:10,50,50,209,213,FALSE
1/18/23 23:12,50.1,50,213,218,FALSE
1/18/23 23:14,49.9,49.9,204,209,FALSE
1/18/23 23:16,49.9,49.8,200,204,FALSE
1/18/23 23:18,50,50.1,207,212,FALSE
1/18/23 23:20,50,49.9,205,213,FALSE
1/18/23 23:22,49.9,49.9,205,213,FALSE
1/18/23 23:24,49.9,49.9,205,213,FALSE
1/18/23 23:26,50,49.9,208,214,FALSE
1/18/23 23:28,50,50,208,214,FALSE
1/18/23 23:30,49.8,49.8,208,214,FALSE
1/18/23 23:32,49.9,49.9,209,214,FALSE
1/18/23 23:34,50,50,209,215,FALSE
1/18/23 23:36,50.1,50.1,208,214,FALSE
1/18/23 23:38,50,49.9,208,214,FALSE
1/18/23 23:40,50,50,207,213,FALSE
1/18/23 23:42,49.9,49.8,209,218,FALSE
1/18/23 23:44,49.9,49.9,210,218,FALSE
1/18/23 23:46,49.9,49.9,212,219,FALSE
1/18/23 23:48,50.2,50.1,213,219,FALSE
1/18/23 23:50,50,50,212,218,FALSE
1/18/23 23:52,49.9,50,213,219,FALSE
1/18/23 23:54,49.9,49.9,210,218,FALSE
1/18/23 23:56,50,49.9,210,218,FALSE
1/18/23 23:58,49.9,49.9,212,219,FALSE
1/19/23 0:00,50,49.9,212,219,FALSE
1/19/23 0:02,49.9,49.9,213,219,FALSE
1/19/23 0:04,49.9,49.9,213,219,FALSE
1/19/23 0:06,49.7,49.7,213,219,FALSE
1/19/23 0:08,49.9,49.9,214,220,FALSE
1/19/23 0:10,49.9,49.9,216,221,FALSE
1/19/23 0:12,49.8,49.8,216,221,FALSE
1/19/23 0:14,50,50,212,220,FALSE
1/19/23 0:16,49.9,49.9,211,219,FALSE
1/19/23 0:18,50,49.9,214,220,FALSE
1/19/23 0:20,50,50,215,220,FALSE
1/19/23 0:22,50,50,215,221,FALSE
1/19/23 0:24,49.9,49.9,215,220,FALSE
1/19/23 0:26,49.9,49.9,213,220,FALSE
1/19/23 0:28,49.9,50,211,220,FALSE
1/19/23 0:30,49.6,49.6,216,221,FALSE
1/19/23 0:32,49.9,49.9,214,220,FALSE
1/19/23 0:34,49.9,49.9,215,221,FALSE
1/19/23 0:36,50,49.9,216,221,FALSE
1/19/23 0:38,49.9,49.9,215,220,FALSE
1/19/23 0:40,49.9,49.9,215,220,FALSE
1/19/23 0:42,49.8,49.8,214,221,FALSE
1/19/23 0:44,49.8,49.8,214,220,FALSE
1/19/23 0:46,49.9,49.9,211,220,FALSE
1/19/23 0:48,50,50,214,221,FALSE
1/19/23 0:50,50,49.9,215,221,FALSE
1/19/23 0:52,50,49.9,216,221,FALSE
1/19/23 0:54,49.9,49.9,215,221,FALSE
1/19/23 0:56,50,49.9,214,220,FALSE
1/19/23 0:58,50,50,215,220,FALSE
1/19/23 1:00,49.8,49.8,214,220,FALSE
1/19/23 1:02,49.9,49.9,214,220,FALSE
1/19/23 1:04,49.9,49.8,212,220,FALSE
1/19/23 1:06,50,50,211,220,FALSE
1/19/23 1:08,49.8,49.8,214,220,FALSE
1/19/23 1:10,49.9,49.9,214,220,FALSE
1/19/23 1:12,50,50,215,221,FALSE
1/19/23 1:14,50,50,213,220,FALSE
1/19/23 1:16,50.1,50,212,220,FALSE
1/19/23 1:18,50,50,215,221,FALSE
1/19/23 1:20,50,50,216,221,FALSE
1/19/23 1:22,49.9,49.9,216,221,FALSE
1/19/23 1:24,49.8,49.8,216,221,FALSE
1/19/23 1:26,49.8,49.9,216,221,FALSE
1/19/23 1:28,49.8,49.9,215,221,FALSE
1/19/23 1:30,50,50,215,221,FALSE
1/19/23 1:32,50,49.9,216,223,FALSE
1/19/23 1:34,49.9,49.8,217,223,FALSE
1/19/23 1:36,49.9,50,213,221,FALSE
1/19/23 1:38,49.9,50,211,220,FALSE
1/19/23 1:40,50,49.9,215,221,FALSE
1/19/23 1:42,49.8,49.9,216,221,FALSE
1/19/23 1:44,49.9,50,216,221,FALSE
1/19/23 1:46,49.9,49.9,212,221,FALSE
1/19/23 1:48,49.9,49.9,214,221,FALSE
1/19/23 1:50,49.9,49.9,215,221,FALSE
1/19/23 1:52,49.9,49.9,216,221,FALSE
1/19/23 1:54,49.7,49.6,216,221,FALSE
1/19/23 1:56,50,50,216,221,FALSE
1/19/23 1:58,49.9,49.9,213,221,FALSE
1/19/23 2:00,50.6,50.7,214,222,FALSE
1/19/23 2:02,50,50,215,221,FALSE
1/19/23 2:04,49.9,49.9,216,221,FALSE
1/19/23 2:06,50,49.9,216,221,FALSE
1/19/23 2:08,49.9,49.9,216,222,FALSE
1/19/23 2:10,49.9,49.9,215,221,FALSE
1/19/23 2:12,49.9,49.8,215,221,FALSE
1/19/23 2:14,49.8,49.9,215,221,FALSE
1/19/23 2:16,50,50,215,221,FALSE
1/19/23 2:18,49.9,49.9,215,221,FALSE
1/19/23 2:20,50,50,212,221,FALSE
1/19/23 2:22,49.9,49.9,213,221,FALSE
1/19/23 2:24,49.9,49.9,215,221,FALSE
1/19/23 2:26,49.9,49.9,216,222,FALSE
1/19/23 2:28,49.9,49.9,218,223,FALSE
1/19/23 2:30,49.9,49.9,217,223,FALSE
1/19/23 2:32,49.9,49.9,216,222,FALSE
1/19/23 2:34,49.9,49.9,217,222,FALSE
1/19/23 2:36,49.8,49.8,218,223,FALSE
1/19/23 2:38,50,50,217,221,FALSE
1/19/23 2:40,49.9,49.9,214,220,FALSE
1/19/23 2:42,50.1,50,213,220,FALSE
1/19/23 2:44,49.9,50,216,221,FALSE
1/19/23 2:46,49.9,49.8,216,221,FALSE
1/19/23 2:48,50,50,216,221,FALSE
1/19/23 2:50,49.9,49.9,216,221,FALSE
1/19/23 2:52,49.9,50,216,220,FALSE
1/19/23 2:54,49.9,49.9,216,220,FALSE
1/19/23 2:56,50,50,215,220,FALSE
1/19/23 2:58,50,49.9,214,220,FALSE
1/19/23 3:00,50,49.9,212,220,FALSE
1/19/23 3:02,49.9,49.9,213,220,FALSE
1/19/23 3:04,50,50,216,221,FALSE
1/19/23 3:06,49.8,49.8,216,220,FALSE
1/19/23 3:08,49.8,49.9,216,221,FALSE
1/19/23 3:10,49.9,49.9,216,221,FALSE
1/19/23 3:12,49.9,49.9,216,221,FALSE
1/19/23 3:14,49.9,49.9,216,221,FALSE
1/19/23 3:16,49.9,49.9,216,221,FALSE
1/19/23 3:18,49.8,49.9,214,221,FALSE
1/19/23 3:20,49.9,49.9,214,221,FALSE
1/19/23 3:22,50.1,50,217,222,FALSE
1/19/23 3:24,49.9,49.9,216,221,FALSE
1/19/23 3:26,50,50,216,221,FALSE
1/19/23 3:28,50,50,216,221,FALSE
1/19/23 3:30,49.9,49.9,216,221,FALSE
1/19/23 3:32,49.9,49.9,214,221,FALSE
1/19/23 3:34,49.8,49.9,214,221,FALSE
1/19/23 3:36,50.2,50.1,215,221,FALSE
1/19/23 3:38,49.9,49.9,216,220,FALSE
1/19/23 3:40,49.9,49.9,215,220,FALSE
1/19/23 3:42,49.9,49.9,216,219,FALSE
1/19/23 3:44,50,49.9,216,220,FALSE
1/19/23 3:46,49.8,49.9,216,220,FALSE
1/19/23 3:48,49.9,49.9,215,220,FALSE
1/19/23 3:50,50.1,50.1,213,220,FALSE
1/19/23 3:52,50,49.9,216,221,FALSE
1/19/23 3:54,50,50,216,221,FALSE
1/19/23 3:56,50,50,216,221,FALSE
1/19/23 3:58,49.8,49.8,216,221,FALSE
1/19/23 4:00,49.8,49.9,216,221,FALSE
1/19/23 4:02,49.8,49.8,216,221,FALSE
1/19/23 4:04,50,50,214,221,FALSE
1/19/23 4:06,50,50,214,221,FALSE
1/19/23 4:08,50,50,217,221,FALSE
1/19/23 4:10,49.9,49.8,217,221,FALSE
1/19/23 4:12,50,49.9,216,221,FALSE
1/19/23 4:14,50,50.1,216,220,FALSE
1/19/23 4:16,49.9,49.8,216,219,FALSE
1/19/23 4:18,50,50,216,222,FALSE
1/19/23 4:20,49.8,49.8,214,221,FALSE
1/19/23 4:22,50,50,213,221,FALSE
1/19/23 4:24,49.9,49.9,216,221,FALSE
1/19/23 4:26,49.9,49.9,215,221,FALSE
1/19/23 4:28,49.9,50,217,222,FALSE
1/19/23 4:30,49.9,49.9,218,222,FALSE
1/19/23 4:32,49.9,49.9,217,223,FALSE
1/19/23 4:34,50,50,215,220,FALSE
1/19/23 4:36,50,50,212,220,FALSE
1/19/23 4:38,50,49.9,213,221,FALSE
1/19/23 4:40,50,50,216,221,FALSE
1/19/23 4:42,50,50,216,220,FALSE
1/19/23 4:44,49.8,49.8,216,221,FALSE
1/19/23 4:46,49.8,49.8,216,221,FALSE
1/19/23 4:48,50,49.9,216,221,FALSE
1/19/23 4:50,50,50,216,221,FALSE
1/19/23 4:52,50,50,215,220,FALSE
1/19/23 4:54,49.9,49.9,216,221,FALSE
1/19/23 4:56,50,49.9,210,217,FALSE
1/19/23 4:58,49.9,49.8,209,216,FALSE
1/19/23 5:00,49.9,49.9,211,216,FALSE
1/19/23 5:02,49.9,49.9,212,219,FALSE
1/19/23 5:04,49.9,49.9,213,219,FALSE
1/19/23 5:06,50,50,210,217,FALSE
1/19/23 5:08,50,49.9,209,217,FALSE
1/19/23 5:10,49.9,49.9,211,215,FALSE
1/19/23 5:12,49.9,49.9,211,215,FALSE
1/19/23 5:14,49.9,50,214,216,FALSE
1/19/23 5:16,50,50,213,216,FALSE
1/19/23 5:18,49.7,49.8,209,214,FALSE
1/19/23 5:20,49.9,49.9,209,214,FALSE
1/19/23 5:22,50,50,207,214,FALSE
1/19/23 5:24,49.9,49.9,207,211,FALSE
1/19/23 5:26,50,50.1,209,214,FALSE
1/19/23 5:28,50,50,209,214,FALSE
1/19/23 5:30,49.8,49.9,210,216,FALSE
1/19/23 5:32,50,50,204,210,FALSE
1/19/23 5:34,50,50.1,204,209,FALSE
1/19/23 5:36,50,50,204,209,FALSE
1/19/23 5:38,49.8,49.7,208,213,FALSE
1/19/23 5:40,50.1,50,205,211,FALSE
1/19/23 5:42,49.8,49.8,204,211,FALSE
1/19/23 5:44,49.9,49.9,204,211,FALSE
1/19/23 5:46,49.8,49.8,204,209,FALSE
1/19/23 5:48,50,50,204,209,FALSE
1/19/23 5:50,49.7,49.8,199,206,FALSE
1/19/23 5:52,50,50,185,194,FALSE
1/19/23 5:54,49.8,49.8,184,192,FALSE
1/19/23 5:56,49.7,49.8,185,192,FALSE
1/19/23 5:58,50.2,50.1,187,198,FALSE
1/19/23 6:00,49.9,50,190,201,FALSE
1/19/23 6:02,49.7,49.7,192,204,FALSE
1/19/23 6:04,49.8,49.8,199,206,FALSE
1/19/23 6:06,49.9,49.9,189,200,FALSE
1/19/23 6:08,49.9,50,202,209,FALSE
1/19/23 6:10,49.7,49.8,192,202,FALSE
1/19/23 6:12,49.9,49.8,202,207,FALSE
1/19/23 6:14,50,50,200,209,FALSE
1/19/23 6:16,49.9,50,188,199,FALSE
1/19/23 6:18,50,49.9,199,204,FALSE
1/19/23 6:20,49.8,49.8,197,202,FALSE
1/19/23 6:22,49.7,49.8,202,204,FALSE
1/19/23 6:24,50,49.9,204,208,FALSE
1/19/23 6:26,49.9,50.1,207,213,FALSE
1/19/23 6:28,50.1,50,202,208,FALSE
1/19/23 6:30,49.8,49.9,200,209,FALSE
1/19/23 6:32,50,50.2,196,204,FALSE
1/19/23 6:34,50.2,50,197,202,FALSE
1/19/23 6:36,49.7,49.8,195,207,FALSE
1/19/23 6:38,49.9,50,196,205,FALSE
1/19/23 6:40,50.1,49.9,206,212,FALSE
1/19/23 6:42,50,50,201,205,FALSE
1/19/23 6:44,49.8,49.9,200,207,FALSE
1/19/23 6:46,50.1,50.3,200,204,FALSE
1/19/23 6:48,50,50,199,207,FALSE
1/19/23 6:50,49.9,49.9,203,212,FALSE
1/19/23 6:52,49.9,50,204,211,FALSE
1/19/23 6:54,50,50.1,205,211,FALSE
1/19/23 6:56,49.8,49.8,205,211,FALSE
1/19/23 6:58,50,49.9,204,211,FALSE
1/19/23 7:00,49.9,49.9,204,210,FALSE
1/19/23 7:02,49.7,49.7,204,210,FALSE
1/19/23 7:04,49.9,50,198,204,FALSE
1/19/23 7:06,50,50,203,210,FALSE
1/19/23 7:08,50,50,205,209,FALSE
1/19/23 7:10,50.2,50.3,203,208,FALSE
1/19/23 7:12,50.1,50.1,199,204,FALSE
1/19/23 7:14,50,99.9,201,209,FALSE
1/19/23 7:16,49.7,49.7,202,210,FALSE
1/19/23 7:18,50,50.1,197,207,FALSE
1/19/23 7:20,49.9,49.9,199,207,FALSE
1/19/23 7:22,49.8,49.8,204,211,FALSE
1/19/23 7:24,50,50.1,204,208,FALSE
1/19/23 7:26,50,50.1,204,208,FALSE
1/19/23 7:28,50.1,50,205,211,FALSE
1/19/23 7:30,50,50,207,214,FALSE
1/19/23 7:32,49.8,49.8,203,209,FALSE
1/19/23 7:34,49.8,49.8,197,204,FALSE
1/19/23 7:36,50,50,194,202,FALSE
1/19/23 7:38,49.8,49.9,194,202,FALSE
1/19/23 7:40,50.2,50.3,199,208,FALSE
1/19/23 7:42,50.1,50.1,201,208,FALSE
1/19/23 7:44,49.8,49.8,196,203,FALSE
1/19/23 7:46,49.8,49.9,194,202,FALSE
1/19/23 7:48,49.9,50,196,204,FALSE
1/19/23 7:50,49.9,49.8,196,204,FALSE
1/19/23 7:52,49.8,49.8,195,203,FALSE
1/19/23 7:54,49.7,49.7,197,205,FALSE
1/19/23 7:56,49.8,49.9,196,204,FALSE
1/19/23 7:58,50,50,199,208,FALSE
1/19/23 8:00,50.1,50.1,192,201,FALSE
1/19/23 8:02,50.2,50.2,192,199,FALSE
1/19/23 8:04,50.2,50.1,192,199,FALSE
1/19/23 8:06,49.8,49.9,190,194,FALSE
1/19/23 8:08,50.1,50,193,203,FALSE
1/19/23 8:10,49.7,49.7,194,202,FALSE
1/19/23 8:12,49.5,49.5,196,202,FALSE
1/19/23 8:14,50,50,190,197,FALSE
1/19/23 8:16,50.2,50.1,194,201,FALSE
1/19/23 8:18,49.9,49.8,184,190,FALSE
1/19/23 8:20,49.9,49.9,187,194,FALSE
1/19/23 8:22,49.8,49.8,180,187,FALSE
1/19/23 8:24,49.7,49.7,181,191,FALSE
1/19/23 8:26,49.9,49.9,190,198,FALSE
1/19/23 8:28,50.2,50.2,192,199,FALSE
1/19/23 8:30,49.8,49.8,192,198,FALSE
1/19/23 8:32,49.6,49.7,192,198,FALSE
1/19/23 8:34,50.2,50.2,195,204,FALSE
1/19/23 8:36,49.7,49.7,194,201,FALSE
1/19/23 8:38,50,50,191,198,FALSE
1/19/23 8:40,50,50.1,193,199,FALSE
1/19/23 8:42,50.2,50.3,191,197,FALSE
1/19/23 8:44,50.4,50.3,192,199,FALSE
1/19/23 8:46,49.8,49.8,193,200,FALSE
1/19/23 8:48,49.9,49.9,194,200,FALSE
1/19/23 8:50,50.3,50.3,188,185,FALSE
1/19/23 8:52,49.7,49.7,189,193,FALSE
1/19/23 8:54,50,49.9,186,192,FALSE
1/19/23 8:56,50.2,50.1,183,185,FALSE
1/19/23 8:58,49.9,49.8,182,180,FALSE
1/19/23 9:00,50.4,50.2,183,182,FALSE
1/19/23 9:02,50,50,194,200,FALSE
1/19/23 9:04,49.9,49.8,188,194,FALSE
1/19/23 9:06,50.1,50.1,189,194,FALSE
1/19/23 9:08,50,50,180,184,FALSE
1/19/23 9:10,50.1,50.1,186,192,FALSE
1/19/23 9:12,50.6,50.6,191,194,FALSE
1/19/23 9:14,50.1,50,185,189,FALSE
1/19/23 9:16,50.3,50.4,188,195,FALSE
1/19/23 9:18,50.1,50.1,184,194,FALSE
1/19/23 9:20,49.9,49.8,185,190,FALSE
1/19/23 9:22,49.8,49.8,184,190,FALSE
1/19/23 9:24,50,49.9,190,195,FALSE
1/19/23 9:26,50.7,50.8,187,191,FALSE
1/19/23 9:28,49.9,50,188,194,FALSE
1/19/23 9:30,49.7,49.7,185,190,FALSE
1/19/23 9:32,49.9,49.9,184,190,FALSE
1/19/23 9:34,49.9,50.1,178,186,FALSE
1/19/23 9:36,50,50.1,178,185,FALSE
1/19/23 9:38,50,50.1,173,182,FALSE
1/19/23 9:40,49.6,49.5,180,186,FALSE
1/19/23 9:42,50.1,50.2,186,192,FALSE
1/19/23 9:44,50.4,50.4,175,180,FALSE
1/19/23 9:46,50.1,50.2,187,190,FALSE
1/19/23 9:48,50.5,50.4,187,192,FALSE
1/19/23 9:50,50.3,50.2,180,186,FALSE
1/19/23 9:52,49.8,49.8,173,178,FALSE
1/19/23 9:54,50.4,50.4,180,186,FALSE
1/19/23 9:56,49.9,50.1,156,163,FALSE
1/19/23 9:58,50,50,175,178,FALSE
1/19/23 10:00,49.8,49.7,175,181,FALSE
1/19/23 10:02,50.1,50.1,170,175,FALSE
1/19/23 10:04,49.7,49.7,163,168,FALSE
1/19/23 10:06,49.9,50,168,175,FALSE
1/19/23 10:08,49.5,49.5,167,173,FALSE
1/19/23 10:10,50.2,50.4,178,182,FALSE
1/19/23 10:12,50,50,179,183,FALSE
1/19/23 10:14,50.2,50.1,186,190,FALSE
1/19/23 10:16,50,50,178,183,FALSE
1/19/23 10:18,49.8,50,183,186,FALSE
1/19/23 10:20,50,50,174,178,FALSE
1/19/23 10:22,50.2,50.1,179,184,FALSE
1/19/23 10:24,49.9,50,176,183,FALSE
1/19/23 10:26,50.3,50.3,176,182,FALSE
1/19/23 10:28,49.9,49.8,185,189,FALSE
1/19/23 10:30,49.7,49.7,184,187,FALSE
1/19/23 10:32,49.7,49.8,184,187,FALSE
1/19/23 10:34,49.9,49.9,182,187,FALSE
1/19/23 10:36,49.8,49.7,181,182,FALSE
1/19/23 10:38,49.9,49.9,176,185,FALSE
1/19/23 10:40,50,50.1,179,184,FALSE
1/19/23 10:42,49.8,50,181,185,FALSE
1/19/23 10:44,49.9,50,179,179,FALSE
1/19/23 10:46,49.8,49.6,178,178,FALSE
1/19/23 10:48,49.5,49.6,177,180,FALSE
1/19/23 10:50,49.8,49.9,176,179,FALSE
1/19/23 10:52,50,49.9,180,185,FALSE
1/19/23 10:54,49.7,49.8,174,175,FALSE
1/19/23 10:56,50.1,50.1,180,182,FALSE
1/19/23 10:58,50.1,50.1,178,185,FALSE
1/19/23 11:00,49.8,49.7,175,182,FALSE
1/19/23 11:02,49.7,49.9,181,186,FALSE
1/19/23 11:04,49.8,49.9,178,183,FALSE
1/19/23 11:06,49.9,49.8,171,175,FALSE
1/19/23 11:08,50,50,176,180,FALSE
1/19/23 11:10,49.8,49.7,177,182,FALSE
1/19/23 11:12,50,50.1,178,184,FALSE
1/19/23 11:14,50.1,50,170,173,FALSE
1/19/23 11:16,49.7,49.7,178,179,FALSE
1/19/23 11:18,50.1,50.1,180,185,FALSE
1/19/23 11:20,49.6,49.6,175,178,FALSE
1/19/23 11:22,50.5,50.4,179,182,FALSE
1/19/23 11:24,49.9,49.9,180,181,FALSE
1/19/23 11:26,49.9,49.9,183,186,FALSE
1/19/23 11:28,49.8,49.8,173,173,FALSE
1/19/23 11:30,50,50,180,183,FALSE
1/19/23 11:32,49.9,49.9,182,187,FALSE
1/19/23 11:34,50,49.9,183,183,FALSE
1/19/23 11:36,50.2,50.1,176,178,FALSE
1/19/23 11:38,49.8,49.8,172,173,FALSE
1/19/23 11:40,49.6,49.6,179,184,FALSE
1/19/23 11:42,49.7,49.8,175,178,FALSE
1/19/23 11:44,49.6,49.7,176,178,FALSE
1/19/23 11:46,50.1,50.1,185,185,FALSE
1/19/23 11:48,50.1,50.1,182,184,FALSE
1/19/23 11:50,50,50.1,172,175,FALSE
1/19/23 11:52,49.6,49.6,164,168,FALSE
1/19/23 11:54,49.8,49.9,157,159,FALSE
1/19/23 11:56,49.7,49.7,174,176,FALSE
1/19/23 11:58,50,49.9,169,173,FALSE
1/19/23 12:00,49.4,49.5,175,181,FALSE
1/19/23 12:02,49.9,49.9,171,176,FALSE
1/19/23 12:04,49.9,49.9,180,182,FALSE
1/19/23 12:06,50,50,174,176,FALSE
1/19/23 12:08,50,50,180,180,FALSE
1/19/23 12:10,50.4,50.3,179,182,FALSE
1/19/23 12:12,49.8,49.7,179,181,FALSE
1/19/23 12:14,49.6,49.6,168,170,FALSE
1/19/23 12:16,49.9,49.9,182,182,FALSE
1/19/23 12:18,49.8,49.7,165,168,FALSE
1/19/23 12:20,49.6,49.6,158,166,FALSE
1/19/23 12:22,49.6,49.5,173,178,FALSE
1/19/23 12:24,49.8,49.8,177,180,FALSE
1/19/23 12:26,49.9,50,173,175,FALSE
1/19/23 12:28,49.9,50,181,182,FALSE
1/19/23 12:30,50,49.9,182,185,FALSE
1/19/23 12:32,49.9,49.8,178,182,FALSE
1/19/23 12:34,49.9,49.9,172,178,FALSE
1/19/23 12:36,49.9,50,182,184,FALSE
1/19/23 12:38,49.9,50,178,181,FALSE
1/19/23 12:40,50,50,173,173,FALSE
1/19/23 12:42,50.1,50.2,185,187,FALSE
1/19/23 12:44,49.8,49.7,182,185,FALSE
1/19/23 12:46,50.1,50.2,183,186,FALSE
1/19/23 12:48,50.1,50.1,181,185,FALSE
1/19/23 12:50,50.1,50.1,184,187,FALSE
1/19/23 12:52,50.3,50.2,180,186,FALSE
1/19/23 12:54,49.8,49.9,168,173,FALSE
1/19/23 12:56,50.2,50.2,180,180,FALSE
1/19/23 12:58,50,50,183,186,FALSE
1/19/23 13:00,50.1,50.2,180,182,FALSE
1/19/23 13:02,50,50,165,168,FALSE
1/19/23 13:04,49.9,49.9,160,162,FALSE
1/19/23 13:06,49.8,49.9,168,169,FALSE
1/19/23 13:08,49.7,49.7,164,166,FALSE
1/19/23 13:10,50.2,50.1,174,178,FALSE
1/19/23 13:12,49.8,49.8,174,178,FALSE
1/19/23 13:14,50,50,176,176,FALSE
1/19/23 13:16,49.8,49.9,179,179,FALSE
1/19/23 13:18,49.9,49.8,173,175,FALSE
1/19/23 13:20,49.9,49.9,171,170,FALSE
1/19/23 13:22,50.2,50.1,167,167,FALSE
1/19/23 13:24,50.1,50.1,170,172,FALSE
1/19/23 13:26,50,49.9,179,179,FALSE
1/19/23 13:28,50.2,50.2,175,175,FALSE
1/19/23 13:30,49.5,49.6,180,181,FALSE
1/19/23 13:32,49.6,49.7,179,180,FALSE
1/19/23 13:34,49.9,50,170,175,FALSE
1/19/23 13:36,49.7,49.6,184,188,FALSE
1/19/23 13:38,49.9,49.9,186,188,FALSE
1/19/23 13:40,50,50,185,187,FALSE
1/19/23 13:42,49.8,49.7,175,173,FALSE
1/19/23 13:44,49.5,49.5,182,186,FALSE
1/19/23 13:46,49.5,49.5,163,169,FALSE
1/19/23 13:48,49.8,49.8,169,178,FALSE
1/19/23 13:50,49.6,49.7,158,165,FALSE
1/19/23 13:52,49.7,49.8,169,176,FALSE
1/19/23 13:54,50.1,50,173,180,FALSE
1/19/23 13:56,50,49.9,169,179,FALSE
1/19/23 13:58,49.6,49.5,169,178,FALSE
1/19/23 14:00,50,50,177,177,FALSE
1/19/23 14:02,50,50,182,182,FALSE
1/19/23 14:04,50.1,50.1,170,170,FALSE
1/19/23 14:06,49.6,49.7,182,182,FALSE
1/19/23 14:08,49.9,49.9,179,183,FALSE
1/19/23 14:10,50.3,50.3,180,182,FALSE
1/19/23 14:12,49.8,49.8,183,185,FALSE
1/19/23 14:14,49.7,49.6,183,185,FALSE
1/19/23 14:16,49.8,49.9,182,182,FALSE
1/19/23 14:18,49.8,49.8,176,177,FALSE
1/19/23 14:20,49.9,49.9,181,180,FALSE
1/19/23 14:22,50,50.1,187,191,FALSE
1/19/23 14:24,50,50,184,185,FALSE
1/19/23 14:26,49.7,49.8,183,182,FALSE
1/19/23 14:28,49.6,49.7,183,184,FALSE
1/19/23 14:30,49.7,49.7,179,182,FALSE
1/19/23 14:32,49.8,49.8,176,180,FALSE
1/19/23 14:34,49.8,49.8,182,184,FALSE
1/19/23 14:36,49.8,49.8,186,186,FALSE
1/19/23 14:38,50,49.9,176,177,FALSE
1/19/23 14:40,49.9,50,173,177,FALSE
1/19/23 14:42,49.9,49.8,167,169,FALSE
1/19/23 14:44,50.2,50.2,173,163,FALSE
1/19/23 14:46,50.1,50,182,175,FALSE
1/19/23 14:48,50,49.9,170,176,FALSE
1/19/23 14:50,50,50,170,176,FALSE
1/19/23 14:52,49.9,50,165,171,FALSE
1/19/23 14:54,50.1,50.2,169,165,FALSE
1/19/23 14:56,50.2,50.3,178,177,FALSE
1/19/23 14:58,50,50,165,162,FALSE
1/19/23 15:00,50.1,50.2,180,180,FALSE
1/19/23 15:02,49.5,49.5,171,174,FALSE
1/19/23 15:04,49.8,49.6,175,164,FALSE
1/19/23 15:06,49.6,49.7,187,187,FALSE
1/19/23 15:08,49.8,49.8,175,178,FALSE
1/19/23 15:10,49.8,49.7,179,183,FALSE
1/19/23 15:12,49.9,49.9,172,170,FALSE
1/19/23 15:14,49.8,49.8,183,176,FALSE
1/19/23 15:16,50.1,50.1,178,175,FALSE
1/19/23 15:18,50,50,182,186,FALSE
1/19/23 15:20,49.7,49.8,178,177,FALSE
1/19/23 15:22,49.6,49.6,186,189,FALSE
1/19/23 15:24,49.8,49.8,187,190,FALSE
1/19/23 15:26,49.7,49.8,177,183,FALSE
1/19/23 15:28,50,50,173,177,FALSE
1/19/23 15:30,49.9,49.9,174,178,FALSE
1/19/23 15:32,50,50.1,176,178,FALSE
1/19/23 15:34,50.2,50.2,172,175,FALSE
1/19/23 15:36,50.2,50.1,178,181,FALSE
1/19/23 15:38,49.8,49.8,175,178,FALSE
1/19/23 15:40,50.1,50.1,175,180,FALSE
1/19/23 15:42,50.1,50,180,185,FALSE
1/19/23 15:44,50.1,50,181,187,FALSE
1/19/23 15:46,50,50.1,182,185,FALSE
1/19/23 15:48,50,50.1,181,184,FALSE
1/19/23 15:50,49.7,49.7,182,185,FALSE
1/19/23 15:52,49.9,49.9,178,182,FALSE
1/19/23 15:54,50,49.9,175,181,FALSE
1/19/23 15:56,50.2,50.2,178,186,FALSE
1/19/23 15:58,50,50,173,179,FALSE
1/19/23 16:00,50,50,170,175,FALSE
1/19/23 16:02,50.2,50.3,181,185,FALSE
1/19/23 16:04,50.4,50.3,190,192,FALSE
1/19/23 16:06,49.6,49.5,183,184,FALSE
1/19/23 16:08,49.9,49.9,185,187,FALSE
1/19/23 16:10,50.1,50.1,184,185,FALSE
1/19/23 16:12,49.8,49.9,187,189,FALSE
1/19/23 16:14,50,49.9,185,191,FALSE
1/19/23 16:16,50,50,172,179,FALSE
1/19/23 16:18,50.1,50.1,182,185,FALSE
1/19/23 16:20,49.8,49.8,187,190,FALSE
1/19/23 16:22,49.8,49.7,182,186,FALSE
1/19/23 16:24,49.9,49.8,187,190,FALSE
1/19/23 16:26,50,49.9,187,189,FALSE
1/19/23 16:28,50.1,50.1,189,191,FALSE
1/19/23 16:30,50.2,50.2,182,190,FALSE
1/19/23 16:32,49.6,49.6,182,187,FALSE
1/19/23 16:34,49.9,50,190,192,FALSE
1/19/23 16:36,50.1,50.1,191,193,FALSE
1/19/23 16:38,50.3,50.2,188,190,FALSE
1/19/23 16:40,50,50,189,191,FALSE
1/19/23 16:42,49.6,49.7,191,196,FALSE
1/19/23 16:44,49.7,49.8,187,192,FALSE
1/19/23 16:46,49.9,50,189,191,FALSE
1/19/23 16:48,49.8,49.8,183,187,FALSE
1/19/23 16:50,49.9,49.9,192,194,FALSE
1/19/23 16:52,49.9,50,192,194,FALSE
1/19/23 16:54,49.6,49.6,190,194,FALSE
1/19/23 16:56,50,50,185,187,FALSE
1/19/23 16:58,50,49.9,187,192,FALSE
1/19/23 17:00,49.9,50,194,199,FALSE
1/19/23 17:02,50.2,50.1,193,199,FALSE
1/19/23 17:04,49.8,49.7,188,192,FALSE
1/19/23 17:06,50.3,50.3,187,195,FALSE
1/19/23 17:08,49.8,49.9,186,193,FALSE
1/19/23 17:10,49.9,50,184,188,FALSE
1/19/23 17:12,49.9,49.8,187,190,FALSE
1/19/23 17:14,49.9,50,183,191,FALSE
1/19/23 17:16,50.1,49.9,185,191,FALSE
1/19/23 17:18,49.8,49.8,194,198,FALSE
1/19/23 17:20,49.7,49.8,192,197,FALSE
1/19/23 17:22,50,50.2,180,185,FALSE
1/19/23 17:24,49.9,49.8,181,190,FALSE
1/19/23 17:26,49.8,49.9,189,199,FALSE
1/19/23 17:28,50,50.1,186,189,FALSE
1/19/23 17:30,49.6,49.7,187,190,FALSE
1/19/23 17:32,49.9,50,190,195,FALSE
1/19/23 17:34,49.8,49.9,190,197,FALSE
1/19/23 17:36,50.1,49.9,190,192,FALSE
1/19/23 17:38,50.2,49.9,191,197,FALSE
1/19/23 17:40,50,49.9,177,188,FALSE
1/19/23 17:42,50,50,186,194,FALSE
1/19/23 17:44,49.8,49.9,185,187,FALSE
1/19/23 17:46,50.1,50.1,194,201,FALSE
1/19/23 17:48,50,50.1,185,193,FALSE
1/19/23 17:50,50.2,50.3,193,199,FALSE
1/19/23 17:52,50.1,50.2,193,201,FALSE
1/19/23 17:54,50.2,50.2,194,200,FALSE
1/19/23 17:56,49.7,49.8,194,200,FALSE
1/19/23 17:58,49.7,49.8,194,202,FALSE
1/19/23 18:00,49.6,49.8,187,190,FALSE
1/19/23 18:02,50.1,50,182,192,FALSE
1/19/23 18:04,49.8,49.9,194,201,FALSE
1/19/23 18:06,49.6,49.6,195,201,FALSE
1/19/23 18:08,50.1,50.1,188,190,FALSE
1/19/23 18:10,50,50,190,196,FALSE
1/19/23 18:12,50,50,189,195,FALSE
1/19/23 18:14,50.1,50.1,178,185,FALSE
1/19/23 18:16,49.8,49.8,189,196,FALSE
1/19/23 18:18,49.9,49.9,186,192,FALSE
1/19/23 18:20,49.8,49.8,187,195,FALSE
1/19/23 18:22,50,50,186,194,FALSE
1/19/23 18:24,50,50,186,190,FALSE
1/19/23 18:26,49.9,49.9,180,187,FALSE
1/19/23 18:28,49.8,49.8,186,192,FALSE
1/19/23 18:30,49.7,49.7,180,187,FALSE
1/19/23 18:32,49.8,49.8,180,189,FALSE
1/19/23 18:34,50,50,184,190,FALSE
1/19/23 18:36,50.1,50,185,190,FALSE
1/19/23 18:38,50.1,50.1,184,190,FALSE
1/19/23 18:40,50,49.9,185,190,FALSE
1/19/23 18:42,49.9,49.9,185,190,FALSE
1/19/23 18:44,49.7,49.7,183,190,FALSE
1/19/23 18:46,49.9,49.9,182,188,FALSE
1/19/23 18:48,49.9,49.8,180,189,FALSE
1/19/23 18:50,49.9,49.9,180,188,FALSE
1/19/23 18:52,49.7,49.7,181,188,FALSE
1/19/23 18:54,49.7,49.7,181,187,FALSE
1/19/23 18:56,49.6,49.6,182,188,FALSE
1/19/23 18:58,49.8,49.8,180,187,FALSE
1/19/23 19:00,50,49.9,178,187,FALSE
1/19/23 19:02,50.4,50.4,182,189,FALSE
1/19/23 19:04,49.7,49.7,185,191,FALSE
1/19/23 19:06,49.7,49.7,186,192,FALSE
1/19/23 19:08,49.8,49.8,185,192,FALSE
1/19/23 19:10,50.1,50.1,184,190,FALSE
1/19/23 19:12,50,50.1,184,190,FALSE
1/19/23 19:14,50.1,50.1,183,190,FALSE
1/19/23 19:16,50.1,50.2,187,194,FALSE
1/19/23 19:18,49.7,49.7,182,190,FALSE
1/19/23 19:20,49.9,49.9,178,187,FALSE
1/19/23 19:22,50.1,50.1,185,191,FALSE
1/19/23 19:24,49.9,50,185,192,FALSE
1/19/23 19:26,50,49.9,184,191,FALSE
1/19/23 19:28,49.8,49.8,188,194,FALSE
1/19/23 19:30,49.8,49.8,188,194,FALSE
1/19/23 19:32,50.1,50,186,192,FALSE
1/19/23 19:34,49.6,49.6,188,194,FALSE
1/19/23 19:36,49.9,49.9,185,192,FALSE
1/19/23 19:38,50.1,50.1,185,192,FALSE
1/19/23 19:40,50.1,50.1,185,192,FALSE
1/19/23 19:42,50,49.9,184,192,FALSE
1/19/23 19:44,49.9,49.8,187,192,FALSE
1/19/23 19:46,49.9,49.8,187,192,FALSE
1/19/23 19:48,49.9,49.8,186,192,FALSE
1/19/23 19:50,49.7,49.5,186,192,FALSE
1/19/23 19:52,49.9,50,186,192,FALSE
1/19/23 19:54,49.9,50,186,192,FALSE
1/19/23 19:56,49.9,49.9,185,192,FALSE
1/19/23 19:58,49.8,50,178,186,FALSE
1/19/23 20:00,49.8,49.8,178,185,FALSE
1/19/23 20:02,50,50,181,187,FALSE
1/19/23 20:04,49.9,50,185,192,FALSE
1/19/23 20:06,50,50.1,188,194,FALSE
1/19/23 20:08,49.9,50,185,193,FALSE
1/19/23 20:10,49.8,49.8,184,192,FALSE
1/19/23 20:12,49.9,49.9,183,187,FALSE
1/19/23 20:14,50.2,50.1,180,186,FALSE
1/19/23 20:16,50,50,182,189,FALSE
1/19/23 20:18,49.7,49.6,182,190,FALSE
1/19/23 20:20,49.9,51.1,180,187,FALSE
1/19/23 20:22,49.8,49.9,187,193,FALSE
1/19/23 20:24,49.9,49.9,184,190,FALSE
1/19/23 20:26,50,50,179,185,FALSE
1/19/23 20:28,50,49.9,178,185,FALSE
1/19/23 20:30,49.6,49.6,176,182,FALSE
1/19/23 20:32,49.9,49.9,182,188,FALSE
1/19/23 20:34,49.9,49.9,182,190,FALSE
1/19/23 20:36,50.3,50.3,185,191,FALSE
1/19/23 20:38,50,50,182,191,FALSE
1/19/23 20:40,50,49.9,184,192,FALSE
1/19/23 20:42,49.9,49.9,185,192,FALSE
1/19/23 20:44,49.8,49.8,184,189,FALSE
1/19/23 20:46,49.8,49.8,185,192,FALSE
1/19/23 20:48,49.6,49.6,187,193,FALSE
1/19/23 20:50,49.8,49.9,188,193,FALSE
1/19/23 20:52,50,49.9,188,194,FALSE
1/19/23 20:54,50,50,182,191,FALSE
1/19/23 20:56,50.1,50.1,185,193,FALSE
1/19/23 20:58,50,50.1,186,198,FALSE
1/19/23 21:00,50,49.9,192,198,FALSE
1/19/23 21:02,49.9,49.8,192,199,FALSE
1/19/23 21:04,49.9,49.9,193,200,FALSE
1/19/23 21:06,49.8,49.8,193,199,FALSE
1/19/23 21:08,49.8,49.8,190,199,FALSE
1/19/23 21:10,49.9,49.9,191,200,FALSE
1/19/23 21:12,50.1,50,194,201,FALSE
1/19/23 21:14,50,50,197,202,FALSE
1/19/23 21:16,50,50,192,198,FALSE
1/19/23 21:18,50,50,190,197,FALSE
1/19/23 21:20,50.1,50.2,189,197,FALSE
1/19/23 21:22,49.9,49.9,194,200,FALSE
1/19/23 21:24,49.7,49.7,195,202,FALSE
1/19/23 21:26,49.9,49.8,196,202,FALSE
1/19/23 21:28,49.9,49.8,194,202,FALSE
1/19/23 21:30,49.5,49.6,190,199,FALSE
1/19/23 21:32,49.7,49.7,192,202,FALSE
1/19/23 21:34,49.9,50,189,196,FALSE
1/19/23 21:36,49.9,50,190,197,FALSE
1/19/23 21:38,49.8,49.9,191,199,FALSE
1/19/23 21:40,49.8,49.8,189,199,FALSE
1/19/23 21:42,49.8,49.8,190,199,FALSE
1/19/23 21:44,50,50,194,204,FALSE
1/19/23 21:46,50,50,187,201,FALSE
1/19/23 21:48,50,49.9,195,203,FALSE
1/19/23 21:50,50,50,197,204,FALSE
1/19/23 21:52,50,50.1,198,201,FALSE
1/19/23 21:54,49.8,49.8,198,204,FALSE
1/19/23 21:56,49.8,49.8,200,207,FALSE
1/19/23 21:58,49.6,49.8,199,208,FALSE
1/19/23 22:00,49.9,50,197,204,FALSE
1/19/23 22:02,50,50,197,204,FALSE
1/19/23 22:04,50,50,198,206,FALSE
1/19/23 22:06,49.8,49.9,194,203,FALSE
1/19/23 22:08,49.8,49.8,198,206,FALSE
1/19/23 22:10,49.9,49.9,197,205,FALSE
1/19/23 22:12,50,50.1,197,204,FALSE
1/19/23 22:14,50,50,195,204,FALSE
1/19/23 22:16,49.8,49.8,194,204,FALSE
1/19/23 22:18,49.7,49.7,197,204,FALSE
1/19/23 22:20,50,50.1,199,206,FALSE
1/19/23 22:22,49.9,49.9,202,208,FALSE
1/19/23 22:24,49.9,49.8,202,209,FALSE
1/19/23 22:26,49.9,49.9,202,208,FALSE
1/19/23 22:28,49.9,49.9,201,208,FALSE
1/19/23 22:30,49.8,49.8,204,211,FALSE
1/19/23 22:32,50,49.9,203,210,FALSE
1/19/23 22:34,49.9,49.9,199,209,FALSE
1/19/23 22:36,50,50,199,210,FALSE
1/19/23 22:38,50,50,202,210,FALSE
1/19/23 22:40,49.9,49.9,202,210,FALSE
1/19/23 22:42,50.1,50.2,207,212,FALSE
1/19/23 22:44,49.9,49.9,207,214,FALSE
1/19/23 22:46,50,49.9,203,212,FALSE
1/19/23 22:48,49.9,49.9,202,211,FALSE
1/19/23 22:50,49.8,49.9,206,213,FALSE
1/19/23 22:52,49.8,49.8,206,213,FALSE
1/19/23 22:54,50,50,207,214,FALSE
1/19/23 22:56,49.8,49.8,206,213,FALSE
1/19/23 22:58,49.8,49.9,206,214,FALSE
1/19/23 23:00,49.9,50,207,214,FALSE
1/19/23 23:02,50,50,209,218,FALSE
1/19/23 23:04,50,50,209,219,FALSE
1/19/23 23:06,50,50,212,219,FALSE
1/19/23 23:08,50.1,50,212,220,FALSE
1/19/23 23:10,50,50,211,219,FALSE
1/19/23 23:12,49.9,49.9,212,219,FALSE
1/19/23 23:14,49.9,50,214,220,FALSE
1/19/23 23:16,49.9,49.9,211,219,FALSE
1/19/23 23:18,50.1,50.1,211,220,FALSE
1/19/23 23:20,50,50,213,220,FALSE
1/19/23 23:22,50,50,214,221,FALSE
1/19/23 23:24,50,49.9,214,221,FALSE
1/19/23 23:26,49.9,49.9,214,221,FALSE
1/19/23 23:28,50,49.9,214,221,FALSE
1/19/23 23:30,49.9,49.9,214,221,FALSE
1/19/23 23:32,49.9,49.9,213,220,FALSE
1/19/23 23:34,49.9,49.9,214,221,FALSE
1/19/23 23:36,50,50,211,221,FALSE
1/19/23 23:38,49.9,49.8,211,222,FALSE
1/19/23 23:40,50,50,214,221,FALSE
1/19/23 23:42,50,50,214,221,FALSE
1/19/23 23:44,50,49.9,214,221,FALSE
1/19/23 23:46,49.9,49.9,215,222,FALSE
1/19/23 23:48,49.8,49.8,214,221,FALSE
1/19/23 23:50,50.1,50.1,216,222,FALSE
1/19/23 23:52,49.9,49.9,215,222,FALSE
1/19/23 23:54,50,50,214,222,FALSE
1/19/23 23:56,49.9,49.9,212,221,FALSE
1/19/23 23:58,49.9,49.9,212,221,FALSE
1/20/23 0:00,50.1,50,214,223,FALSE
1/20/23 0:02,50,50,215,222,FALSE
1/20/23 0:04,50,50,214,222,FALSE
1/20/23 0:06,50,50,212,221,FALSE
1/20/23 0:08,49.9,49.8,213,221,FALSE
1/20/23 0:10,49.9,49.9,214,221,FALSE
1/20/23 0:12,50,50,214,221,FALSE
1/20/23 0:14,50,50,216,221,FALSE
1/20/23 0:16,50,50.1,215,222,FALSE
1/20/23 0:18,49.8,49.8,216,221,FALSE
1/20/23 0:20,50,50.1,212,221,FALSE
1/20/23 0:22,49.9,49.9,211,221,FALSE
1/20/23 0:24,50,50,214,221,FALSE
1/20/23 0:26,49.9,49.9,214,223,FALSE
1/20/23 0:28,50,50,216,223,FALSE
1/20/23 0:30,49.9,49.9,216,223,FALSE
1/20/23 0:32,49.9,50,215,222,FALSE
1/20/23 0:34,50,50,215,223,FALSE
1/20/23 0:36,49.9,49.9,215,223,FALSE
1/20/23 0:38,50,49.9,215,222,FALSE
1/20/23 0:40,50,50,216,223,FALSE
1/20/23 0:42,50,50.1,212,221,FALSE
1/20/23 0:44,49.9,50,212,221,FALSE
1/20/23 0:46,49.9,49.8,215,222,FALSE
1/20/23 0:48,49.9,49.9,214,222,FALSE
1/20/23 0:50,50,50,215,222,FALSE
1/20/23 0:52,50,49.9,215,221,FALSE
1/20/23 0:54,50,50,214,221,FALSE
1/20/23 0:56,49.9,49.9,214,221,FALSE
1/20/23 0:58,49.9,50,214,221,FALSE
1/20/23 1:00,49.9,49.9,214,223,FALSE
1/20/23 1:02,49.9,50,211,221,FALSE
1/20/23 1:04,50,49.9,212,221,FALSE
1/20/23 1:06,50,50,215,221,FALSE
1/20/23 1:08,50,50,216,222,FALSE
1/20/23 1:10,49.9,50,217,224,FALSE
1/20/23 1:12,50,50,215,222,FALSE
1/20/23 1:14,50.1,50.1,216,223,FALSE
1/20/23 1:16,50,50,216,223,FALSE
1/20/23 1:18,50,50,213,223,FALSE
1/20/23 1:20,50,49.9,212,222,FALSE
1/20/23 1:22,49.9,49.9,215,223,FALSE
1/20/23 1:24,50,49.9,216,223,FALSE
1/20/23 1:26,49.8,49.8,216,223,FALSE
1/20/23 1:28,49.9,50,216,223,FALSE
1/20/23 1:30,49.9,49.9,216,223,FALSE
1/20/23 1:32,50,50,216,223,FALSE
1/20/23 1:34,49.9,50,216,222,FALSE
1/20/23 1:36,49.9,49.9,216,222,FALSE
1/20/23 1:38,50,49.9,213,222,FALSE
1/20/23 1:40,49.9,49.9,212,221,FALSE
1/20/23 1:42,50,50,216,223,FALSE
1/20/23 1:44,50,50,215,222,FALSE
1/20/23 1:46,50,49.9,216,223,FALSE
1/20/23 1:48,49.9,49.9,215,222,FALSE
1/20/23 1:50,50.1,50,216,222,FALSE
1/20/23 1:52,50,50,213,221,FALSE
1/20/23 1:54,49.9,49.9,213,222,FALSE
1/20/23 1:56,50,50,216,223,FALSE
1/20/23 1:58,49.9,49.9,216,223,FALSE
1/20/23 2:00,50,50,216,223,FALSE
1/20/23 2:02,49.9,49.9,216,223,FALSE
1/20/23 2:04,49.8,49.7,216,223,FALSE
1/20/23 2:06,50,50,214,223,FALSE
1/20/23 2:08,49.9,49.9,213,223,FALSE
1/20/23 2:10,50.1,50.1,216,223,FALSE
1/20/23 2:12,49.9,49.9,216,223,FALSE
1/20/23 2:14,49.9,49.9,216,223,FALSE
1/20/23 2:16,49.9,49.8,216,223,FALSE
1/20/23 2:18,49.9,49.9,216,223,FALSE
1/20/23 2:20,49.9,49.9,216,223,FALSE
1/20/23 2:22,49.8,49.9,216,223,FALSE
1/20/23 2:24,50,50,216,223,FALSE
1/20/23 2:26,49.9,50,219,225,FALSE
1/20/23 2:28,49.6,49.6,215,223,FALSE
1/20/23 2:30,49.9,49.9,214,222,FALSE
1/20/23 2:32,49.8,49.8,214,222,FALSE
1/20/23 2:34,49.8,49.9,216,223,FALSE
1/20/23 2:36,49.9,50,216,223,FALSE
1/20/23 2:38,50,49.9,216,223,FALSE
1/20/23 2:40,49.7,49.8,213,222,FALSE
1/20/23 2:42,50,49.9,214,223,FALSE
1/20/23 2:44,50,50,216,223,FALSE
1/20/23 2:46,50,49.9,216,224,FALSE
1/20/23 2:48,49.8,49.9,217,224,FALSE
1/20/23 2:50,50,50,217,224,FALSE
1/20/23 2:52,50,49.9,217,223,FALSE
1/20/23 2:54,49.9,50,213,223,FALSE
1/20/23 2:56,50.2,50.2,214,223,FALSE
1/20/23 2:58,50,50,216,223,FALSE
1/20/23 3:00,49.9,49.9,215,223,FALSE
1/20/23 3:02,49.8,49.8,215,222,FALSE
1/20/23 3:04,49.9,49.9,216,221,FALSE
1/20/23 3:06,49.8,49.8,215,226,FALSE
1/20/23 3:08,49.9,49.9,216,222,FALSE
1/20/23 3:10,50.1,50,216,222,FALSE
1/20/23 3:12,49.9,49.9,215,223,FALSE
1/20/23 3:14,49.9,50,216,223,FALSE
1/20/23 3:16,49.8,49.8,209,219,FALSE
1/20/23 3:18,50,50,211,222,FALSE
1/20/23 3:20,49.9,49.9,214,223,FALSE
1/20/23 3:22,50,50,216,223,FALSE
1/20/23 3:24,49.8,49.8,219,224,FALSE
1/20/23 3:26,50,50,217,223,FALSE
1/20/23 3:28,50.2,50.2,216,223,FALSE
1/20/23 3:30,50.1,50.1,216,223,FALSE
1/20/23 3:32,50,50,216,223,FALSE
1/20/23 3:34,50.1,50.1,215,223,FALSE
1/20/23 3:36,50.1,50.2,213,222,FALSE
1/20/23 3:38,49.8,49.9,214,222,FALSE
1/20/23 3:40,50,50,215,223,FALSE
1/20/23 3:42,50,50,216,223,FALSE
1/20/23 3:44,50,50,214,223,FALSE
1/20/23 3:46,50,50,216,223,FALSE
1/20/23 3:48,49.9,49.9,213,222,FALSE
1/20/23 3:50,49.9,50,214,223,FALSE
1/20/23 3:52,49.9,49.9,216,223,FALSE
1/20/23 3:54,49.9,49.9,216,223,FALSE
1/20/23 3:56,49.9,49.9,217,223,FALSE
1/20/23 3:58,50,50,216,223,FALSE
1/20/23 4:00,49.8,49.9,216,223,FALSE
1/20/23 4:02,49.8,49.8,216,223,FALSE
1/20/23 4:04,49.9,49.8,216,223,FALSE
1/20/23 4:06,50,50,216,223,FALSE
1/20/23 4:08,49.8,49.9,216,223,FALSE
1/20/23 4:10,50.1,50.1,211,222,FALSE
1/20/23 4:12,50,50,212,221,FALSE
1/20/23 4:14,49.9,50,216,223,FALSE
1/20/23 4:16,50,50,216,222,FALSE
1/20/23 4:18,50,50,216,222,FALSE
1/20/23 4:20,50,50,214,221,FALSE
1/20/23 4:22,49.9,49.9,214,221,FALSE
1/20/23 4:24,50,50,215,221,FALSE
1/20/23 4:26,50.1,50,214,222,FALSE
1/20/23 4:28,50.1,50.1,215,222,FALSE
1/20/23 4:30,49.8,49.8,211,221,FALSE
1/20/23 4:32,49.9,49.8,212,221,FALSE
1/20/23 4:34,50,49.9,216,222,FALSE
1/20/23 4:36,50,50,216,223,FALSE
1/20/23 4:38,50,50,215,222,FALSE
1/20/23 4:40,50,49.9,215,223,FALSE
1/20/23 4:42,49.8,49.8,214,222,FALSE
1/20/23 4:44,49.8,49.8,214,223,FALSE
1/20/23 4:46,49.9,50,215,222,FALSE
1/20/23 4:48,50.2,50.2,216,223,FALSE
1/20/23 4:50,49.9,49.9,215,223,FALSE
1/20/23 4:52,49.9,50,214,223,FALSE
1/20/23 4:54,49.9,49.9,213,223,FALSE
1/20/23 4:56,49.9,50,216,223,FALSE
1/20/23 4:58,49.8,49.8,216,222,FALSE
1/20/23 5:00,49.8,49.8,215,222,FALSE
1/20/23 5:02,50,50,214,221,FALSE
1/20/23 5:04,49.8,50,214,220,FALSE
1/20/23 5:06,49.9,50,213,220,FALSE
1/20/23 5:08,50,50,213,220,FALSE
1/20/23 5:10,49.9,49.9,213,220,FALSE
1/20/23 5:12,49.9,49.8,210,219,FALSE
1/20/23 5:14,49.9,50,211,220,FALSE
1/20/23 5:16,50,50,212,219,FALSE
1/20/23 5:18,49.8,49.9,214,221,FALSE
1/20/23 5:20,49.9,49.9,210,219,FALSE
1/20/23 5:22,49.9,49.8,209,218,FALSE
1/20/23 5:24,49.9,49.9,211,219,FALSE
1/20/23 5:26,50.1,50.1,210,218,FALSE
1/20/23 5:28,50,50.1,210,218,FALSE
1/20/23 5:30,49.9,50,210,218,FALSE
1/20/23 5:32,49.8,49.8,207,214,FALSE
1/20/23 5:34,49.9,50,208,214,FALSE
1/20/23 5:36,49.8,49.8,206,212,FALSE
1/20/23 5:38,50,50.1,210,217,FALSE
1/20/23 5:40,49.8,49.8,210,217,FALSE
1/20/23 5:42,49.7,49.7,211,218,FALSE
1/20/23 5:44,49.7,49.6,210,219,FALSE
1/20/23 5:46,49.9,49.8,210,219,FALSE
1/20/23 5:48,50,50,214,220,FALSE
1/20/23 5:50,50.1,50,214,221,FALSE
1/20/23 5:52,49.8,49.9,213,220,FALSE
1/20/23 5:54,49.6,49.6,214,221,FALSE
1/20/23 5:56,50,50.1,213,220,FALSE
1/20/23 5:58,49.9,49.9,213,219,FALSE
1/20/23 6:00,49.8,49.9,212,219,FALSE
1/20/23 6:02,49.9,49.9,206,213,FALSE
1/20/23 6:04,49.9,49.9,202,209,FALSE
1/20/23 6:06,50,50,201,210,FALSE
1/20/23 6:08,50.1,50,199,209,FALSE
1/20/23 6:10,49.9,49.9,203,209,FALSE
1/20/23 6:12,50,50,203,209,FALSE
1/20/23 6:14,49.8,49.8,202,209,FALSE
1/20/23 6:16,50.4,50.5,203,210,FALSE
1/20/23 6:18,4926,4367,0.707,0,FALSE
1/20/23 6:20,3236,3937,0.707,0,FALSE
1/20/23 6:22,2188,7874,0,0,FALSE
1/20/23 6:24,7874,7874,0.707,0,FALSE
1/20/23 6:26,6579,6536,0.707,0,FALSE
1/20/23 6:28,6579,3279,0.707,0,FALSE
1/20/23 6:30,2817,44.7,0.707,19.1,FALSE
1/20/23 6:32,44.2,44.3,192,199,TRUE
1/20/23 6:34,44.3,44.3,188,194,TRUE
1/20/23 6:36,44.5,44.7,187,194,TRUE
1/20/23 6:38,44.3,44.5,187,194,TRUE
1/20/23 6:40,44.3,44.6,186,194,TRUE
1/20/23 6:42,44.6,44.7,187,193,TRUE
1/20/23 6:44,44.4,44.5,186,192,TRUE
1/20/23 6:46,44.3,44.5,186,192,TRUE
1/20/23 6:48,44.4,44.4,185,191,TRUE
1/20/23 6:50,44.5,44.3,185,191,TRUE
1/20/23 6:52,44.5,44.5,185,192,TRUE
1/20/23 6:54,44.5,44.3,186,192,TRUE
1/20/23 6:56,44.6,44.4,185,192,TRUE
1/20/23 6:58,44.6,44.7,186,192,TRUE
1/20/23 7:00,44.4,44.4,187,192,TRUE
1/20/23 7:02,44.5,44.4,191,192,TRUE
1/20/23 7:04,44.4,44.5,190,192,TRUE
1/20/23 7:06,44.7,44.4,191,192,TRUE
1/20/23 7:08,44.4,44.6,190,192,TRUE
1/20/23 7:10,44.6,44.6,190,191,TRUE
1/20/23 7:12,44.6,44.4,190,191,TRUE
1/20/23 7:14,44.3,44.2,186,191,TRUE
1/20/23 7:16,44.6,44.3,184,190,TRUE
1/20/23 7:18,44.8,44.7,187,189,TRUE
1/20/23 7:20,44.7,44.3,187,189,TRUE
1/20/23 7:22,44.4,44.5,188,189,TRUE
1/20/23 7:24,44.7,44.4,188,189,TRUE
1/20/23 7:26,44.5,44.4,189,190,TRUE
1/20/23 7:28,44.8,44.8,189,190,TRUE
1/20/23 7:30,44.4,44.8,189,190,TRUE
1/20/23 7:32,44.7,44.2,190,190,TRUE
1/20/23 7:34,44.5,44.6,188,190,TRUE
1/20/23 7:36,44.4,44.2,188,190,TRUE
1/20/23 7:38,44.3,44.4,187,190,TRUE
1/20/23 7:40,44.3,44.7,187,190,TRUE
1/20/23 7:42,44.6,44.4,189,190,TRUE
1/20/23 7:44,44.4,44.6,190,190,TRUE
1/20/23 7:46,44.3,44.4,187,190,TRUE
1/20/23 7:48,44.6,44.2,186,190,TRUE
1/20/23 7:50,44.3,44.3,179,187,TRUE
1/20/23 7:52,44.5,44.1,179,186,TRUE
1/20/23 7:54,44.5,44.3,183,187,TRUE
1/20/23 7:56,44.5,44.4,185,187,TRUE
1/20/23 7:58,44.2,44.5,185,187,TRUE
1/20/23 8:00,44.5,44.5,181,187,TRUE
1/20/23 8:02,44.3,44.4,179,186,TRUE
1/20/23 8:04,44.6,44.5,187,187,TRUE
1/20/23 8:06,44.3,44.3,186,187,TRUE
1/20/23 8:08,44.4,44.4,185,187,TRUE
1/20/23 8:10,44.4,44.4,184,185,TRUE
1/20/23 8:12,44.4,44.5,186,187,TRUE
1/20/23 8:14,44.4,44.4,185,187,TRUE
1/20/23 8:16,44.5,44.5,185,186,TRUE
1/20/23 8:18,44.4,44.5,185,186,TRUE
1/20/23 8:20,44.2,44.2,185,187,TRUE
1/20/23 8:22,44.6,44.8,186,186,TRUE
1/20/23 8:24,44.4,44.3,180,186,TRUE
1/20/23 8:26,44.3,44.1,179,185,TRUE
1/20/23 8:28,49.9,49.8,194,199,FALSE
1/20/23 8:30,49.8,49.8,185,191,FALSE
1/20/23 8:32,50.4,50.3,192,199,FALSE
1/20/23 8:34,50.1,50,189,197,FALSE
1/20/23 8:36,49.8,49.8,188,199,FALSE
1/20/23 8:38,50.2,50.2,193,201,FALSE
1/20/23 8:40,50,50,190,195,FALSE
1/20/23 8:42,49.7,49.8,185,190,FALSE
1/20/23 8:44,49.9,49.9,186,189,FALSE
1/20/23 8:46,49.7,49.8,187,193,FALSE
1/20/23 8:48,49.9,49.8,190,197,FALSE
1/20/23 8:50,49.8,49.7,186,191,FALSE
1/20/23 8:52,50.2,50.2,178,187,FALSE
1/20/23 8:54,50.2,50.1,178,185,FALSE
1/20/23 8:56,49.7,49.6,187,192,FALSE
1/20/23 8:58,49.8,49.7,181,184,FALSE
1/20/23 9:00,50.3,50.3,186,194,FALSE
1/20/23 9:02,50.1,48.8,187,191,FALSE
1/20/23 9:04,49.7,49.8,189,195,FALSE
1/20/23 9:06,49.8,49.7,183,187,FALSE
1/20/23 9:08,49.9,49.8,181,188,FALSE
1/20/23 9:10,49.4,50,175,183,FALSE
1/20/23 9:12,49.9,49.8,183,189,FALSE
1/20/23 9:14,49.9,49.9,173,177,FALSE
1/20/23 9:16,49.8,50,187,188,FALSE
1/20/23 9:18,49.6,49.7,185,189,FALSE
1/20/23 9:20,49.7,49.7,185,189,FALSE
1/20/23 9:22,49.7,49.8,180,182,FALSE
1/20/23 9:24,49.7,49.8,186,191,FALSE
1/20/23 9:26,49.7,48.5,178,184,FALSE
1/20/23 9:28,49.7,49.7,177,181,FALSE
1/20/23 9:30,49.8,49.8,181,185,FALSE
1/20/23 9:32,49.7,49.7,180,187,FALSE
1/20/23 9:34,49.6,49.6,173,180,FALSE
1/20/23 9:36,49.7,49.7,176,174,FALSE
1/20/23 9:38,49.9,50,180,185,FALSE
1/20/23 9:40,49.8,49.8,178,180,FALSE
1/20/23 9:42,49.9,49.9,182,178,FALSE
1/20/23 9:44,49.9,49.8,181,181,FALSE
1/20/23 9:46,49.9,49.4,177,177,FALSE
1/20/23 9:48,49.7,50,170,176,FALSE
1/20/23 9:50,50.2,50.2,168,174,FALSE
1/20/23 9:52,49.9,49.9,170,178,FALSE
1/20/23 9:54,49.9,49.8,175,178,FALSE
1/20/23 9:56,50,50,180,182,FALSE
1/20/23 9:58,50.1,50.3,173,176,FALSE
1/20/23 10:00,50.1,50.1,180,182,FALSE
1/20/23 10:02,50.1,50.1,176,183,FALSE
1/20/23 10:04,50.2,50.2,175,180,FALSE
1/20/23 10:06,50.4,50,182,185,FALSE
1/20/23 10:08,50.1,50.2,168,177,FALSE
1/20/23 10:10,49.9,49.8,172,174,FALSE
1/20/23 10:12,49.9,50,172,175,FALSE
1/20/23 10:14,50.1,50.2,171,175,FALSE
1/20/23 10:16,49.9,50,167,170,FALSE
1/20/23 10:18,50.1,50.1,179,179,FALSE
1/20/23 10:20,49.8,49.9,179,184,FALSE
1/20/23 10:22,49.8,49.7,175,180,FALSE
1/20/23 10:24,49.9,50,173,175,FALSE
1/20/23 10:26,50.3,50.3,173,177,FALSE
1/20/23 10:28,50.1,50,176,183,FALSE
1/20/23 10:30,50.1,50.2,172,179,FALSE
1/20/23 10:32,50.1,50,178,181,FALSE
1/20/23 10:34,49.6,49.8,175,178,FALSE
1/20/23 10:36,49.9,49.9,171,175,FALSE
1/20/23 10:38,50.2,50.3,182,185,FALSE
1/20/23 10:40,49.8,49.8,178,180,FALSE
1/20/23 10:42,49.6,49.7,175,178,FALSE
1/20/23 10:44,49.8,49.8,179,181,FALSE
1/20/23 10:46,49.7,49.7,177,180,FALSE
1/20/23 10:48,50.3,50.4,168,173,FALSE
1/20/23 10:50,50.2,50.2,173,177,FALSE
1/20/23 10:52,49.9,50,173,177,FALSE
1/20/23 10:54,50.1,50.1,172,175,FALSE
1/20/23 10:56,49.9,49.9,163,167,FALSE
1/20/23 10:58,49.8,49.7,175,178,FALSE
1/20/23 11:00,49.7,49.7,171,175,FALSE
1/20/23 11:02,49.9,50,173,177,FALSE
1/20/23 11:04,49.6,49.7,172,175,FALSE
1/20/23 11:06,49.6,49.6,165,173,FALSE
1/20/23 11:08,49.7,49.7,170,177,FALSE
1/20/23 11:10,50.1,50.1,175,173,FALSE
1/20/23 11:12,50,50.1,170,172,FALSE
1/20/23 11:14,50.1,50.1,180,180,FALSE
1/20/23 11:16,50.3,50.3,172,175,FALSE
1/20/23 11:18,50.2,50.2,185,190,FALSE
1/20/23 11:20,50.3,50.4,178,186,FALSE
1/20/23 11:22,50.1,50,169,178,FALSE
1/20/23 11:24,49.6,49.8,183,189,FALSE
1/20/23 11:26,49.7,49.8,180,185,FALSE
1/20/23 11:28,49.9,49.9,175,182,FALSE
1/20/23 11:30,49.9,49.9,177,187,FALSE
1/20/23 11:32,50,49.9,179,180,FALSE
1/20/23 11:34,49.9,49.9,185,189,FALSE
1/20/23 11:36,49.8,49.9,177,180,FALSE
1/20/23 11:38,49.7,49.8,170,175,FALSE
1/20/23 11:40,49.7,49.8,169,174,FALSE
1/20/23 11:42,49.8,49.7,173,175,FALSE
1/20/23 11:44,49.7,49.8,170,172,FALSE
1/20/23 11:46,50.3,50.3,179,181,FALSE
1/20/23 11:48,50.1,50,171,179,FALSE
1/20/23 11:50,49.7,49.9,175,180,FALSE
1/20/23 11:52,49.7,49.8,177,181,FALSE
1/20/23 11:54,50.2,50.1,179,181,FALSE
1/20/23 11:56,49.9,49.9,178,183,FALSE
1/20/23 11:58,49.7,49.7,167,172,FALSE
1/20/23 12:00,49.6,49.7,172,180,FALSE
1/20/23 12:02,50,50.1,178,182,FALSE
1/20/23 12:04,49.8,49.8,169,178,FALSE
1/20/23 12:06,50.1,50.1,182,184,FALSE
1/20/23 12:08,49.8,49.7,168,179,FALSE
1/20/23 12:10,50.1,50.1,182,187,FALSE
1/20/23 12:12,49.7,49.7,173,184,FALSE
1/20/23 12:14,49.9,49.8,182,187,FALSE
1/20/23 12:16,49.7,49.7,179,181,FALSE
1/20/23 12:18,50.1,50,182,173,FALSE
1/20/23 12:20,49.9,50,182,189,FALSE
1/20/23 12:22,50,49.9,180,186,FALSE
1/20/23 12:24,50.2,50.2,180,184,FALSE
1/20/23 12:26,50.1,50,182,187,FALSE
1/20/23 12:28,49.8,50,187,189,FALSE
1/20/23 12:30,49.8,49.9,185,185,FALSE
1/20/23 12:32,49.9,49.8,180,184,FALSE
1/20/23 12:34,49.6,49.8,182,190,FALSE
1/20/23 12:36,50.2,50,185,185,FALSE
1/20/23 12:38,49.7,49.8,183,187,FALSE
1/20/23 12:40,50,50,180,182,FALSE
1/20/23 12:42,49.7,49.7,179,180,FALSE
1/20/23 12:44,49.6,49.7,180,187,FALSE
1/20/23 12:46,50,49.9,186,189,FALSE
1/20/23 12:48,49.8,50,175,178,FALSE
1/20/23 12:50,50,49.9,172,175,FALSE
1/20/23 12:52,49.5,49.6,174,180,FALSE
1/20/23 12:54,49.9,49.9,163,175,FALSE
1/20/23 12:56,50.1,49.9,177,182,FALSE
1/20/23 12:58,49.8,49.7,175,177,FALSE
1/20/23 13:00,49.8,49.9,172,178,FALSE
1/20/23 13:02,49.8,49.8,170,175,FALSE
1/20/23 13:04,49.6,49.6,166,179,FALSE
1/20/23 13:06,50.2,50.3,173,181,FALSE
1/20/23 13:08,50,49.9,170,175,FALSE
1/20/23 13:10,50,50.1,175,170,FALSE
1/20/23 13:12,50,50.1,178,182,FALSE
1/20/23 13:14,50.3,50,181,183,FALSE
1/20/23 13:16,50,50,181,185,FALSE
1/20/23 13:18,50.3,50.3,177,180,FALSE
1/20/23 13:20,49.9,49.8,163,173,FALSE
1/20/23 13:22,50,50,178,181,FALSE
1/20/23 13:24,49.8,49.7,183,184,FALSE
1/20/23 13:26,49.9,49.9,185,185,FALSE
1/20/23 13:28,50.1,50.2,188,192,FALSE
1/20/23 13:30,50.2,50,182,185,FALSE
1/20/23 13:32,50,49.9,182,184,FALSE
1/20/23 13:34,49.9,49.8,180,181,FALSE
1/20/23 13:36,50,50,190,190,FALSE
1/20/23 13:38,49.6,49.7,188,187,FALSE
1/20/23 13:40,49.8,49.7,164,173,FALSE
1/20/23 13:42,49.8,49.9,178,185,FALSE
1/20/23 13:44,50,50,181,178,FALSE
1/20/23 13:46,49.7,49.8,182,180,FALSE
1/20/23 13:48,49.6,49.6,170,181,FALSE
1/20/23 13:50,49.7,49.6,173,178,FALSE
1/20/23 13:52,50,49.9,174,180,FALSE
1/20/23 13:54,50.2,50.2,173,176,FALSE
1/20/23 13:56,50.4,50.3,179,178,FALSE
1/20/23 13:58,50.2,50.4,183,186,FALSE
1/20/23 14:00,50,49.9,175,183,FALSE
1/20/23 14:02,50,50,169,177,FALSE
1/20/23 14:04,50,49.9,170,172,FALSE
1/20/23 14:06,49.9,50,178,164,FALSE
1/20/23 14:08,50.1,50,175,174,FALSE
1/20/23 14:10,50,50.2,179,180,FALSE
1/20/23 14:12,50.1,50.2,162,168,FALSE
1/20/23 14:14,49.8,49.6,171,171,FALSE
1/20/23 14:16,49.6,49.5,175,176,FALSE
1/20/23 14:18,50.1,50.2,177,173,FALSE
1/20/23 14:20,49.9,49.8,168,171,FALSE
1/20/23 14:22,49.9,49.9,159,170,FALSE
1/20/23 14:24,50,50.1,163,167,FALSE
1/20/23 14:26,49.9,49.8,177,177,FALSE
1/20/23 14:28,50.1,50,178,183,FALSE
1/20/23 14:30,49.9,50.1,180,185,FALSE
1/20/23 14:32,50,49.9,170,173,FALSE
1/20/23 14:34,49.7,49.7,182,178,FALSE
1/20/23 14:36,49.8,49.9,180,179,FALSE
1/20/23 14:38,50.1,50.1,168,179,FALSE
1/20/23 14:40,50.1,50,164,168,FALSE
1/20/23 14:42,50.2,50.2,170,171,FALSE
1/20/23 14:44,49.5,49.6,156,161,FALSE
1/20/23 14:46,49.9,50,175,173,FALSE
1/20/23 14:48,49.8,49.9,169,173,FALSE
1/20/23 14:50,50,50,173,174,FALSE
1/20/23 14:52,50.5,50.5,173,181,FALSE
1/20/23 14:54,49.9,49.9,169,180,FALSE
1/20/23 14:56,50.1,50.1,161,170,FALSE
1/20/23 14:58,50.1,50.2,175,176,FALSE
1/20/23 15:00,50.3,50.3,173,178,FALSE
1/20/23 15:02,49.6,49.8,178,178,FALSE
1/20/23 15:04,49.9,49.8,164,173,FALSE
1/20/23 15:06,50.1,50,177,177,FALSE
1/20/23 15:08,50.2,50,183,189,FALSE
1/20/23 15:10,49.8,49.8,185,187,FALSE
1/20/23 15:12,50,49.9,180,183,FALSE
1/20/23 15:14,50.4,50.4,163,165,FALSE
1/20/23 15:16,49.9,50,182,189,FALSE
1/20/23 15:18,49.9,50,176,176,FALSE
1/20/23 15:20,50.6,50.3,180,186,FALSE
1/20/23 15:22,50.2,50.2,185,187,FALSE
1/20/23 15:24,50.1,50.1,176,180,FALSE
1/20/23 15:26,50,50,180,181,FALSE
1/20/23 15:28,49.7,49.8,173,181,FALSE
1/20/23 15:30,50.2,50.1,176,180,FALSE
1/20/23 15:32,49.9,49.8,175,185,FALSE
1/20/23 15:34,50,49.8,182,185,FALSE
1/20/23 15:36,49.7,49.7,177,178,FALSE
1/20/23 15:38,50,50,184,182,FALSE
1/20/23 15:40,50,50,184,185,FALSE
1/20/23 15:42,49.8,49.9,176,183,FALSE
1/20/23 15:44,49.9,49.9,183,187,FALSE
1/20/23 15:46,50,49.8,182,190,FALSE
1/20/23 15:48,50.1,50,171,177,FALSE
1/20/23 15:50,49.8,49.6,183,190,FALSE
1/20/23 15:52,49.9,49.9,172,179,FALSE
1/20/23 15:54,50,49.9,180,186,FALSE
1/20/23 15:56,49.8,49.6,184,191,FALSE
1/20/23 15:58,49.8,49.8,179,186,FALSE
1/20/23 16:00,49.5,49.4,186,191,FALSE
1/20/23 16:02,49.8,49.9,189,194,FALSE
1/20/23 16:04,50.1,50,187,192,FALSE
1/20/23 16:06,49.9,49.9,187,194,FALSE
1/20/23 16:08,49.8,49.7,187,192,FALSE
1/20/23 16:10,50.1,50.1,188,194,FALSE
1/20/23 16:12,50.2,50.1,185,191,FALSE
1/20/23 16:14,50,50,187,195,FALSE
1/20/23 16:16,50.1,50,189,196,FALSE
1/20/23 16:18,50.1,50.2,188,197,FALSE
1/20/23 16:20,50.1,50.2,193,198,FALSE
1/20/23 16:22,49.9,49.9,191,197,FALSE
1/20/23 16:24,49.7,49.9,187,194,FALSE
1/20/23 16:26,50,50.1,192,197,FALSE
1/20/23 16:28,49.9,49.8,184,190,FALSE
1/20/23 16:30,49.9,49.9,180,192,FALSE
1/20/23 16:32,49.8,49.8,185,196,FALSE
1/20/23 16:34,50.2,50.1,178,189,FALSE
1/20/23 16:36,50,50,189,198,FALSE
1/20/23 16:38,50.2,50.1,190,192,FALSE
1/20/23 16:40,49.8,49.8,193,199,FALSE
1/20/23 16:42,49.3,49.5,192,198,FALSE
1/20/23 16:44,49.7,49.8,186,192,FALSE
1/20/23 16:46,50.2,50.1,185,200,FALSE
1/20/23 16:48,49.7,49.8,185,194,FALSE
1/20/23 16:50,49.9,50,189,199,FALSE
1/20/23 16:52,50.2,50,188,200,FALSE
1/20/23 16:54,49.8,49.7,193,198,FALSE
1/20/23 16:56,49.8,49.8,194,201,FALSE
1/20/23 16:58,49.9,49.8,194,200,FALSE
1/20/23 17:00,50.1,50.2,195,202,FALSE
1/20/23 17:02,49.9,49.9,192,197,FALSE
1/20/23 17:04,50,50,190,197,FALSE
1/20/23 17:06,50,50.1,189,201,FALSE
1/20/23 17:08,50.1,50.1,196,203,FALSE
1/20/23 17:10,50.1,50.1,197,202,FALSE
1/20/23 17:12,50,49.8,198,203,FALSE
1/20/23 17:14,50.2,50.2,198,199,FALSE
1/20/23 17:16,50.1,49.9,190,202,FALSE
1/20/23 17:18,50.1,50.1,197,204,FALSE
1/20/23 17:20,50.1,50.1,196,203,FALSE
1/20/23 17:22,49.9,50.1,192,200,FALSE
1/20/23 17:24,49.8,49.9,197,203,FALSE
1/20/23 17:26,49.9,49.9,197,202,FALSE
1/20/23 17:28,50,50,197,204,FALSE
1/20/23 17:30,50.3,50.2,197,203,FALSE
1/20/23 17:32,49.8,49.7,196,201,FALSE
1/20/23 17:34,49.7,49.6,197,203,FALSE
1/20/23 17:36,49.8,49.8,196,202,FALSE
1/20/23 17:38,49.8,49.8,196,203,FALSE
1/20/23 17:40,50,50,197,203,FALSE
1/20/23 17:42,49.9,49.8,194,203,FALSE
1/20/23 17:44,49.8,49.8,195,205,FALSE
1/20/23 17:46,50,50,195,202,FALSE
1/20/23 17:48,50,50,198,204,FALSE
1/20/23 17:50,50,49.9,196,203,FALSE
1/20/23 17:52,49.9,50,194,201,FALSE
1/20/23 17:54,49.9,49.8,192,199,FALSE
1/20/23 17:56,49.9,49.9,190,199,FALSE
1/20/23 17:58,50,50,192,202,FALSE
1/20/23 18:00,50,50,194,199,FALSE
1/20/23 18:02,49.8,49.8,194,201,FALSE
1/20/23 18:04,49.9,49.8,192,199,FALSE
1/20/23 18:06,49.9,49.9,192,200,FALSE
1/20/23 18:08,50.3,50.2,192,201,FALSE
1/20/23 18:10,50,49.9,192,201,FALSE
1/20/23 18:12,50,50,193,199,FALSE
1/20/23 18:14,50.2,50.3,194,200,FALSE
1/20/23 18:16,50.3,50.2,192,199,FALSE
1/20/23 18:18,50,50,190,197,FALSE
1/20/23 18:20,50,50,191,198,FALSE
1/20/23 18:22,50,50,193,199,FALSE
1/20/23 18:24,50.1,50.1,192,199,FALSE
1/20/23 18:26,49.9,49.8,191,198,FALSE
1/20/23 18:28,50,50,190,197,FALSE
1/20/23 18:30,49.9,49.9,190,196,FALSE
1/20/23 18:32,50,50,187,194,FALSE
1/20/23 18:34,49.8,49.8,185,194,FALSE
1/20/23 18:36,49.9,49.8,185,194,FALSE
1/20/23 18:38,50.2,50.2,185,192,FALSE
1/20/23 18:40,50.2,50.1,187,194,FALSE
1/20/23 18:42,50,50,187,194,FALSE
1/20/23 18:44,49.9,49.8,187,194,FALSE
1/20/23 18:46,50.1,50.1,186,193,FALSE
1/20/23 18:48,50.1,50,187,193,FALSE
1/20/23 18:50,49.8,49.8,183,192,FALSE
1/20/23 18:52,50.2,50.2,183,192,FALSE
1/20/23 18:54,50,50.1,185,192,FALSE
1/20/23 18:56,49.8,49.9,185,191,FALSE
1/20/23 18:58,49.8,49.8,183,191,FALSE
1/20/23 19:00,49.8,49.9,184,190,FALSE
1/20/23 19:02,50,50,185,191,FALSE
1/20/23 19:04,50.2,50.1,184,191,FALSE
1/20/23 19:06,50,49.9,182,190,FALSE
1/20/23 19:08,49.8,49.8,184,190,FALSE
1/20/23 19:10,49.9,49.9,183,190,FALSE
1/20/23 19:12,49.9,49.8,181,189,FALSE
1/20/23 19:14,49.8,49.7,181,190,FALSE
1/20/23 19:16,50,49.9,185,191,FALSE
1/20/23 19:18,49.9,49.9,185,190,FALSE
1/20/23 19:20,49.8,49.8,178,185,FALSE
1/20/23 19:22,50,50,176,185,FALSE
1/20/23 19:24,50,50,176,185,FALSE
1/20/23 19:26,50.1,50.1,185,191,FALSE
1/20/23 19:28,50,49.9,180,185,FALSE
1/20/23 19:30,50,50,179,185,FALSE
1/20/23 19:32,49.9,50,180,187,FALSE
1/20/23 19:34,49.8,49.8,184,190,FALSE
1/20/23 19:36,49.9,49.8,185,191,FALSE
1/20/23 19:38,50.1,50,182,189,FALSE
1/20/23 19:40,49.8,49.8,182,189,FALSE
1/20/23 19:42,49.9,49.9,183,192,FALSE
1/20/23 19:44,49.9,49.9,186,195,FALSE
1/20/23 19:46,49.6,49.6,188,195,FALSE
1/20/23 19:48,50,50,187,195,FALSE
1/20/23 19:50,50.2,50.2,192,198,FALSE
1/20/23 19:52,50,50,192,199,FALSE
1/20/23 19:54,49.9,50,190,198,FALSE
1/20/23 19:56,49.9,50,189,198,FALSE
1/20/23 19:58,49.9,49.9,190,199,FALSE
1/20/23 20:00,49.9,49.9,192,199,FALSE
1/20/23 20:02,50,50,192,199,FALSE
1/20/23 20:04,50,50,193,199,FALSE
1/20/23 20:06,49.9,49.9,193,199,FALSE
1/20/23 20:08,50.1,50,192,199,FALSE
1/20/23 20:10,50,50,189,198,FALSE
1/20/23 20:12,50,50.1,190,199,FALSE
1/20/23 20:14,49.9,49.8,192,200,FALSE
1/20/23 20:16,50,50,187,194,FALSE
1/20/23 20:18,50,50,187,194,FALSE
1/20/23 20:20,49.9,49.9,187,194,FALSE
1/20/23 20:22,50.1,50.1,193,199,FALSE
1/20/23 20:24,50,50,183,191,FALSE
1/20/23 20:26,49.9,49.9,187,192,FALSE
1/20/23 20:28,50,50,187,195,FALSE
1/20/23 20:30,49.9,49.9,185,192,FALSE
1/20/23 20:32,49.8,49.8,182,190,FALSE
1/20/23 20:34,49.8,49.9,185,194,FALSE
1/20/23 20:36,50,50,186,193,FALSE
1/20/23 20:38,50,50,185,192,FALSE
1/20/23 20:40,49.8,49.8,185,194,FALSE
1/20/23 20:42,50.1,50.1,186,192,FALSE
1/20/23 20:44,50,50,185,192,FALSE
1/20/23 20:46,49.8,49.9,182,191,FALSE
1/20/23 20:48,50.1,50.1,183,192,FALSE
1/20/23 20:50,50.3,50.2,185,192,FALSE
1/20/23 20:52,49.8,49.8,184,192,FALSE
1/20/23 20:54,49.9,49.9,185,192,FALSE
1/20/23 20:56,50.1,50,185,192,FALSE
1/20/23 20:58,50,50,185,192,FALSE
1/20/23 21:00,49.9,49.9,186,194,FALSE
1/20/23 21:02,49.9,49.9,187,194,FALSE
1/20/23 21:04,49.8,49.8,187,193,FALSE
1/20/23 21:06,50,50,187,194,FALSE
1/20/23 21:08,50,50,180,189,FALSE
1/20/23 21:10,50,50,180,190,FALSE
1/20/23 21:12,50,49.9,182,190,FALSE
1/20/23 21:14,49.8,49.9,182,190,FALSE
1/20/23 21:16,49.8,49.8,181,190,FALSE
1/20/23 21:18,50.1,50,187,194,FALSE
1/20/23 21:20,50,50,187,194,FALSE
1/20/23 21:22,50,49.9,189,195,FALSE
1/20/23 21:24,49.9,49.8,187,194,FALSE
1/20/23 21:26,49.9,49.9,187,195,FALSE
1/20/23 21:28,49.9,50,187,196,FALSE
1/20/23 21:30,49.9,49.9,188,197,FALSE
1/20/23 21:32,50.1,50,189,198,FALSE
1/20/23 21:34,49.9,50,190,197,FALSE
1/20/23 21:36,49.8,49.8,185,191,FALSE
1/20/23 21:38,49.9,50,190,196,FALSE
1/20/23 21:40,50,50,189,195,FALSE
1/20/23 21:42,49.9,49.8,185,192,FALSE
1/20/23 21:44,49.8,49.8,186,192,FALSE
1/20/23 21:46,49.9,49.9,185,192,FALSE
1/20/23 21:48,49.6,49.8,185,192,FALSE
1/20/23 21:50,49.8,49.8,184,192,FALSE
1/20/23 21:52,50,50,184,192,FALSE
1/20/23 21:54,50,50,187,194,FALSE
1/20/23 21:56,50,50.1,187,194,FALSE
1/20/23 21:58,50,50,187,194,FALSE
1/20/23 22:00,50.1,50.2,187,194,FALSE
1/20/23 22:02,50,50,189,192,FALSE
1/20/23 22:04,49.8,49.9,187,194,FALSE
1/20/23 22:06,49.9,49.9,187,194,FALSE
1/20/23 22:08,50.2,50.1,188,194,FALSE
1/20/23 22:10,49.6,49.7,189,195,FALSE
1/20/23 22:12,50,50,191,199,FALSE
1/20/23 22:14,50.2,50.1,192,200,FALSE
1/20/23 22:16,50,50,193,200,FALSE
1/20/23 22:18,49.9,49.9,193,200,FALSE
1/20/23 22:20,50.1,50,194,201,FALSE
1/20/23 22:22,50,50,194,200,FALSE
1/20/23 22:24,49.9,49.9,194,200,FALSE
1/20/23 22:26,49.9,50,195,202,FALSE
1/20/23 22:28,49.8,49.8,194,202,FALSE
1/20/23 22:30,49.8,49.8,193,202,FALSE
1/20/23 22:32,50,50,192,202,FALSE
1/20/23 22:34,50.2,50.1,194,202,FALSE
1/20/23 22:36,49.9,49.9,194,202,FALSE
1/20/23 22:38,49.6,49.6,196,202,FALSE
1/20/23 22:40,50,50,192,199,FALSE
1/20/23 22:42,50,49.9,202,208,FALSE
1/20/23 22:44,49.8,49.9,202,209,FALSE
1/20/23 22:46,50,50.1,203,209,FALSE
1/20/23 22:48,49.6,49.6,200,207,FALSE
1/20/23 22:50,50.4,50.5,202,209,FALSE
1/20/23 22:52,49.9,49.9,199,208,FALSE
1/20/23 22:54,50,50,199,207,FALSE
1/20/23 22:56,50,50,199,207,FALSE
1/20/23 22:58,49.9,49.9,202,209,FALSE
1/20/23 23:00,49.7,49.8,202,209,FALSE
1/20/23 23:02,49.9,49.9,202,209,FALSE
1/20/23 23:04,49.9,50,200,209,FALSE
1/20/23 23:06,50.1,50.1,202,211,FALSE
1/20/23 23:08,49.7,49.7,202,209,FALSE
1/20/23 23:10,50,50,200,207,FALSE
1/20/23 23:12,50,50.1,195,203,FALSE
1/20/23 23:14,49.8,49.8,197,203,FALSE
1/20/23 23:16,50,49.9,204,209,FALSE
1/20/23 23:18,50,50,205,212,FALSE
1/20/23 23:20,50,50.1,205,211,FALSE
1/20/23 23:22,49.9,49.9,205,211,FALSE
1/20/23 23:24,50.1,50.1,206,212,FALSE
1/20/23 23:26,49.8,49.8,203,212,FALSE
1/20/23 23:28,49.9,49.9,204,212,FALSE
1/20/23 23:30,49.8,49.8,214,220,FALSE
1/20/23 23:32,49.9,49.9,211,218,FALSE
1/20/23 23:34,49.8,49.8,211,218,FALSE
1/20/23 23:36,49.9,50,211,219,FALSE
1/20/23 23:38,50.1,50.1,212,219,FALSE
1/20/23 23:40,50,50,209,218,FALSE
1/20/23 23:42,49.8,49.8,211,219,FALSE
1/20/23 23:44,50,49.9,208,215,FALSE
1/20/23 23:46,49.7,49.7,207,214,FALSE
1/20/23 23:48,50,50,211,218,FALSE
1/20/23 23:50,50,50,211,218,FALSE
1/20/23 23:52,50.1,50,211,218,FALSE
1/20/23 23:54,50,50,211,218,FALSE
1/20/23 23:56,49.9,50,211,218,FALSE
1/20/23 23:58,50,49.9,211,218,FALSE
1/21/23 0:00,50,50,211,218,FALSE
1/21/23 0:02,49.8,49.8,211,218,FALSE
1/21/23 0:04,49.8,49.9,208,217,FALSE
1/21/23 0:06,49.8,49.7,208,217,FALSE
1/21/23 0:08,49.9,49.9,211,218,FALSE
1/21/23 0:10,49.7,49.8,214,219,FALSE
1/21/23 0:12,49.9,49.9,213,219,FALSE
1/21/23 0:14,49.9,49.9,213,220,FALSE
1/21/23 0:16,49.9,50,213,219,FALSE
1/21/23 0:18,49.9,49.9,209,219,FALSE
1/21/23 0:20,49.9,49.9,210,219,FALSE
1/21/23 0:22,49.9,49.9,214,220,FALSE
1/21/23 0:24,49.9,49.9,214,221,FALSE
1/21/23 0:26,50,50,213,219,FALSE
1/21/23 0:28,50,50,214,220,FALSE
1/21/23 0:30,50.1,50.1,214,219,FALSE
1/21/23 0:32,49.7,49.7,214,219,FALSE
1/21/23 0:34,50,50,208,214,FALSE
1/21/23 0:36,49.9,49.9,209,214,FALSE
1/21/23 0:38,50,50,209,218,FALSE
1/21/23 0:40,49.8,49.9,209,218,FALSE
1/21/23 0:42,49.9,49.9,212,219,FALSE
1/21/23 0:44,49.9,49.8,211,219,FALSE
1/21/23 0:46,49.9,49.8,213,219,FALSE
1/21/23 0:48,49.9,49.9,209,219,FALSE
1/21/23 0:50,49.8,49.9,210,219,FALSE
1/21/23 0:52,49.9,49.9,213,219,FALSE
1/21/23 0:54,49.8,49.9,214,219,FALSE
1/21/23 0:56,49.9,50,214,220,FALSE
1/21/23 0:58,49.9,49.9,214,220,FALSE
1/21/23 1:00,49.9,49.9,213,220,FALSE
1/21/23 1:02,49.9,49.8,214,220,FALSE
1/21/23 1:04,50.1,50.1,214,220,FALSE
1/21/23 1:06,49.7,49.6,214,220,FALSE
1/21/23 1:08,49.9,50,214,220,FALSE
1/21/23 1:10,49.8,49.8,213,219,FALSE
1/21/23 1:12,50.2,50.2,211,219,FALSE
1/21/23 1:14,50,50,211,219,FALSE
1/21/23 1:16,49.7,49.7,211,219,FALSE
1/21/23 1:18,49.8,49.9,212,219,FALSE
1/21/23 1:20,49.9,49.9,210,219,FALSE
1/21/23 1:22,50,49.9,210,219,FALSE
1/21/23 1:24,49.9,49.8,214,219,FALSE
1/21/23 1:26,49.9,50,214,220,FALSE
1/21/23 1:28,49.9,49.9,214,220,FALSE
1/21/23 1:30,49.8,49.8,216,221,FALSE
1/21/23 1:32,50,50,216,222,FALSE
1/21/23 1:34,49.8,49.8,214,220,FALSE
1/21/23 1:36,50,50,214,220,FALSE
1/21/23 1:38,49.9,49.8,214,221,FALSE
1/21/23 1:40,49.8,49.9,213,220,FALSE
1/21/23 1:42,49.9,49.9,214,220,FALSE
1/21/23 1:44,50.1,50.1,211,220,FALSE
1/21/23 1:46,50.1,50.2,211,219,FALSE
1/21/23 1:48,49.9,49.8,213,219,FALSE
1/21/23 1:50,50,49.9,214,220,FALSE
1/21/23 1:52,50,50,214,220,FALSE
1/21/23 1:54,49.7,49.6,209,216,FALSE
1/21/23 1:56,49.9,49.8,210,216,FALSE
1/21/23 1:58,50,50.1,214,220,FALSE
1/21/23 2:00,49.9,49.9,213,219,FALSE
1/21/23 2:02,50,50.1,214,219,FALSE
1/21/23 2:04,50.1,50.1,214,219,FALSE
1/21/23 2:06,49.9,49.9,211,219,FALSE
1/21/23 2:08,50,50.1,210,219,FALSE
1/21/23 2:10,49.9,49.9,212,220,FALSE
1/21/23 2:12,49.9,49.9,214,219,FALSE
1/21/23 2:14,50,50,214,220,FALSE
1/21/23 2:16,49.9,49.9,214,219,FALSE
1/21/23 2:18,50.1,50.1,215,220,FALSE
1/21/23 2:20,50.1,50.1,211,219,FALSE
1/21/23 2:22,50,50,211,220,FALSE
1/21/23 2:24,49.7,49.8,214,221,FALSE
1/21/23 2:26,50.1,50.1,214,221,FALSE
1/21/23 2:28,50,50,215,221,FALSE
1/21/23 2:30,49.8,49.8,214,221,FALSE
1/21/23 2:32,49.8,49.8,211,220,FALSE
1/21/23 2:34,50.1,50,215,221,FALSE
1/21/23 2:36,49.9,49.9,214,220,FALSE
1/21/23 2:38,49.9,49.9,214,220,FALSE
1/21/23 2:40,49.7,49.7,213,220,FALSE
1/21/23 2:42,50,50,213,219,FALSE
1/21/23 2:44,50.1,50.1,214,220,FALSE
1/21/23 2:46,49.7,49.7,213,219,FALSE
1/21/23 2:48,49.9,49.9,214,220,FALSE
1/21/23 2:50,49.8,49.9,211,219,FALSE
1/21/23 2:52,50,50,211,220,FALSE
1/21/23 2:54,49.8,49.7,214,220,FALSE
1/21/23 2:56,50,50,214,221,FALSE
1/21/23 2:58,49.8,49.7,215,221,FALSE
1/21/23 3:00,49.8,49.9,214,221,FALSE
1/21/23 3:02,50.1,50.1,214,221,FALSE
1/21/23 3:04,49.8,49.8,212,220,FALSE
1/21/23 3:06,49.8,49.9,211,220,FALSE
1/21/23 3:08,50,49.9,214,221,FALSE
1/21/23 3:10,50,50.1,215,221,FALSE
1/21/23 3:12,49.9,49.9,214,220,FALSE
1/21/23 3:14,49.9,49.9,215,221,FALSE
1/21/23 3:16,49.9,49.8,214,220,FALSE
1/21/23 3:18,50,50,215,221,FALSE
1/21/23 3:20,49.9,49.9,215,221,FALSE
1/21/23 3:22,50,49.9,214,220,FALSE
1/21/23 3:24,50.1,50,214,220,FALSE
1/21/23 3:26,50,49.9,214,220,FALSE
1/21/23 3:28,50,50,214,220,FALSE
1/21/23 3:30,49.8,49.8,211,219,FALSE
1/21/23 3:32,49.9,49.9,211,219,FALSE
1/21/23 3:34,49.9,50,214,220,FALSE
1/21/23 3:36,50,50,214,221,FALSE
1/21/23 3:38,50.1,50.1,214,221,FALSE
1/21/23 3:40,49.8,49.8,214,220,FALSE
1/21/23 3:42,49.9,49.9,215,221,FALSE
1/21/23 3:44,49.9,49.8,214,219,FALSE
1/21/23 3:46,50.1,50.1,214,220,FALSE
1/21/23 3:48,49.9,49.9,214,220,FALSE
1/21/23 3:50,49.9,50,215,221,FALSE
1/21/23 3:52,49.9,49.9,214,221,FALSE
1/21/23 3:54,50,50,212,221,FALSE
1/21/23 3:56,50,49.9,212,221,FALSE
1/21/23 3:58,49.9,50,214,221,FALSE
1/21/23 4:00,49.8,49.9,214,221,FALSE
1/21/23 4:02,49.9,49.8,214,220,FALSE
1/21/23 4:04,49.9,49.9,211,221,FALSE
1/21/23 4:06,50,50,215,221,FALSE
1/21/23 4:08,49.8,49.8,215,221,FALSE
1/21/23 4:10,49.6,49.7,215,220,FALSE
1/21/23 4:12,50.1,50.1,214,220,FALSE
1/21/23 4:14,50,50,212,219,FALSE
1/21/23 4:16,49.9,49.9,211,219,FALSE
1/21/23 4:18,50,50,214,220,FALSE
1/21/23 4:20,50.1,50,214,219,FALSE
1/21/23 4:22,49.9,49.9,214,220,FALSE
1/21/23 4:24,49.8,49.9,214,220,FALSE
1/21/23 4:26,50,50,214,220,FALSE
1/21/23 4:28,49.8,49.8,213,219,FALSE
1/21/23 4:30,49.9,49.9,213,219,FALSE
1/21/23 4:32,49.9,49.9,214,220,FALSE
1/21/23 4:34,50.1,50,214,221,FALSE
1/21/23 4:36,50,50,216,222,FALSE
1/21/23 4:38,50.2,50.2,214,220,FALSE
1/21/23 4:40,49.8,49.8,211,220,FALSE
1/21/23 4:42,49.8,49.8,211,220,FALSE
1/21/23 4:44,49.9,49.8,214,221,FALSE
1/21/23 4:46,49.8,49.8,215,221,FALSE
1/21/23 4:48,49.9,49.9,214,219,FALSE
1/21/23 4:50,49.8,49.9,214,219,FALSE
1/21/23 4:52,50,49.9,214,219,FALSE
1/21/23 4:54,49.7,49.8,213,219,FALSE
1/21/23 4:56,49.9,49.9,213,219,FALSE
1/21/23 4:58,50,50,210,216,FALSE
1/21/23 5:00,50,50.1,208,216,FALSE
1/21/23 5:02,49.9,49.9,207,215,FALSE
1/21/23 5:04,50,50,209,216,FALSE
1/21/23 5:06,49.9,49.8,209,216,FALSE
1/21/23 5:08,49.9,49.8,210,216,FALSE
1/21/23 5:10,49.8,49.8,210,216,FALSE
1/21/23 5:12,49.8,49.8,210,216,FALSE
1/21/23 5:14,49.9,49.9,211,216,FALSE
1/21/23 5:16,49.8,49.8,211,217,FALSE
1/21/23 5:18,49.9,49.8,209,217,FALSE
1/21/23 5:20,49.9,49.9,206,214,FALSE
1/21/23 5:22,49.9,49.8,207,215,FALSE
1/21/23 5:24,50,49.9,209,214,FALSE
1/21/23 5:26,49.9,49.9,209,214,FALSE
1/21/23 5:28,49.8,49.8,210,216,FALSE
1/21/23 5:30,49.9,49.9,205,214,FALSE
1/21/23 5:32,50,50,209,215,FALSE
1/21/23 5:34,50,49.9,209,216,FALSE
1/21/23 5:36,49.8,49.9,208,214,FALSE
1/21/23 5:38,50,50.1,206,212,FALSE
1/21/23 5:40,50,50,209,214,FALSE
1/21/23 5:42,49.7,49.7,208,214,FALSE
1/21/23 5:44,49.9,49.8,205,211,FALSE
1/21/23 5:46,50,50.1,205,211,FALSE
1/21/23 5:48,50.1,50.1,205,211,FALSE
1/21/23 5:50,50.2,50.2,210,216,FALSE
1/21/23 5:52,49.7,49.7,209,214,FALSE
1/21/23 5:54,49.9,49.8,204,210,FALSE
1/21/23 5:56,49.8,49.8,204,211,FALSE
1/21/23 5:58,50.2,50.2,205,211,FALSE
1/21/23 6:00,50,50,206,211,FALSE
1/21/23 6:02,49.9,49.9,204,211,FALSE
1/21/23 6:04,50.1,50,204,213,FALSE
1/21/23 6:06,50.1,50,209,216,FALSE
1/21/23 6:08,50,49.9,211,218,FALSE
1/21/23 6:10,50,50,209,214,FALSE
1/21/23 6:12,50.1,50,207,214,FALSE
1/21/23 6:14,50.2,50.2,209,214,FALSE
1/21/23 6:16,50.2,50.2,211,217,FALSE
1/21/23 6:18,49.9,49.9,211,216,FALSE
1/21/23 6:20,49.8,49.8,209,217,FALSE
1/21/23 6:22,50.1,50,205,213,FALSE
1/21/23 6:24,49.8,49.8,203,211,FALSE
1/21/23 6:26,50.2,50.1,206,211,FALSE
1/21/23 6:28,50.1,50.1,207,213,FALSE
1/21/23 6:30,50.1,50.2,207,212,FALSE
1/21/23 6:32,49.9,49.7,205,211,FALSE
1/21/23 6:34,50.3,50.2,207,212,FALSE
1/21/23 6:36,49.8,49.8,206,211,FALSE
1/21/23 6:38,49.8,49.7,207,211,FALSE
1/21/23 6:40,49.6,49.7,207,211,FALSE
1/21/23 6:42,49.8,49.9,203,210,FALSE
1/21/23 6:44,49.9,49.9,203,211,FALSE
1/21/23 6:46,50.2,50.2,207,213,FALSE
1/21/23 6:48,49.6,49.7,210,216,FALSE
1/21/23 6:50,50,50,210,216,FALSE
1/21/23 6:52,50,50.1,211,216,FALSE
1/21/23 6:54,49.6,49.5,210,216,FALSE
1/21/23 6:56,50,50,211,217,FALSE
1/21/23 6:58,50.1,50.2,209,216,FALSE
1/21/23 7:00,49.7,49.7,209,216,FALSE
1/21/23 7:02,49.8,49.8,202,211,FALSE
1/21/23 7:04,50,49.9,201,207,FALSE
1/21/23 7:06,49.9,50,196,204,FALSE
1/21/23 7:08,49.8,49.9,210,214,FALSE
1/21/23 7:10,50.1,50.1,207,215,FALSE
1/21/23 7:12,50.1,50.2,210,216,FALSE
1/21/23 7:14,49.9,49.9,209,214,FALSE
1/21/23 7:16,49.8,49.8,203,211,FALSE
1/21/23 7:18,49.9,50,206,211,FALSE
1/21/23 7:20,50.2,50.3,208,214,FALSE
1/21/23 7:22,49.8,49.8,209,216,FALSE
1/21/23 7:24,50,50,203,209,FALSE
1/21/23 7:26,49.8,49.8,206,209,FALSE
1/21/23 7:28,49.9,49.8,205,209,FALSE
1/21/23 7:30,50,50.1,207,213,FALSE
1/21/23 7:32,49.7,49.5,207,212,FALSE
1/21/23 7:34,49.8,49.8,207,211,FALSE
1/21/23 7:36,50.2,50.2,204,211,FALSE
1/21/23 7:38,49.9,49.9,204,212,FALSE
1/21/23 7:40,50.1,50.1,202,211,FALSE
1/21/23 7:42,49.8,49.8,201,209,FALSE
1/21/23 7:44,50,50.2,204,210,FALSE
1/21/23 7:46,49.9,50,195,201,FALSE
1/21/23 7:48,50.2,50.4,193,201,FALSE
1/21/23 7:50,49.7,49.8,191,197,FALSE
1/21/23 7:52,50,49.9,193,198,FALSE
1/21/23 7:54,50,50,192,199,FALSE
1/21/23 7:56,50.2,50,187,197,FALSE
1/21/23 7:58,49.8,49.8,189,197,FALSE
1/21/23 8:00,49.9,50,191,197,FALSE
1/21/23 8:02,49.9,49.9,190,197,FALSE
1/21/23 8:04,49.9,49.8,186,193,FALSE
1/21/23 8:06,50,49.9,187,192,FALSE
1/21/23 8:08,50.1,50,187,192,FALSE
1/21/23 8:10,49.9,49.9,191,197,FALSE
1/21/23 8:12,50.4,50.5,186,194,FALSE
1/21/23 8:14,49.4,49.6,187,193,FALSE
1/21/23 8:16,50.5,50.6,185,192,FALSE
1/21/23 8:18,49.7,49.7,186,194,FALSE
1/21/23 8:20,49.8,49.7,182,189,FALSE
1/21/23 8:22,50,49.9,182,187,FALSE
1/21/23 8:24,49.7,49.8,176,185,FALSE
1/21/23 8:26,50.1,50.1,184,192,FALSE
1/21/23 8:28,49.8,49.8,184,192,FALSE
1/21/23 8:30,49.7,49.8,186,194,FALSE
1/21/23 8:32,49.8,49.9,190,196,FALSE
1/21/23 8:34,49.8,49.8,190,196,FALSE
1/21/23 8:36,49.8,49.8,187,194,FALSE
1/21/23 8:38,50.1,49.9,181,188,FALSE
1/21/23 8:40,50,50.1,180,190,FALSE
1/21/23 8:42,49.8,49.6,180,190,FALSE
1/21/23 8:44,50.1,50,181,190,FALSE
1/21/23 8:46,49.8,49.7,180,190,FALSE
1/21/23 8:48,50.2,50.1,175,184,FALSE
1/21/23 8:50,49.6,49.4,178,185,FALSE
1/21/23 8:52,49.7,49.8,179,187,FALSE
1/21/23 8:54,50,49.9,176,182,FALSE
1/21/23 8:56,50.2,50.2,183,190,FALSE
1/21/23 8:58,50.2,50.3,185,187,FALSE
1/21/23 9:00,50,50,182,184,FALSE
1/21/23 9:02,49.4,49.5,187,193,FALSE
1/21/23 9:04,50.1,50.1,185,192,FALSE
1/21/23 9:06,49.8,49.9,187,192,FALSE
1/21/23 9:08,49.8,49.8,189,194,FALSE
1/21/23 9:10,49.3,49.4,180,189,FALSE
1/21/23 9:12,50,49.9,182,189,FALSE
1/21/23 9:14,49.6,49.5,182,186,FALSE
1/21/23 9:16,50.2,50.2,186,192,FALSE
1/21/23 9:18,49.9,49.8,186,188,FALSE
1/21/23 9:20,49.7,49.9,187,189,FALSE
1/21/23 9:22,50.2,50.2,185,188,FALSE
1/21/23 9:24,49.4,49.5,184,187,FALSE
1/21/23 9:26,49.8,49.7,180,186,FALSE
1/21/23 9:28,49.8,49.9,177,186,FALSE
1/21/23 9:30,50,50,187,190,FALSE
1/21/23 9:32,50.5,50.3,183,186,FALSE
1/21/23 9:34,50.1,50,187,187,FALSE
1/21/23 9:36,49.9,50.1,180,184,FALSE
1/21/23 9:38,49.8,49.8,182,185,FALSE
1/21/23 9:40,49.5,49.4,182,185,FALSE
1/21/23 9:42,49.8,49.8,190,193,FALSE
1/21/23 9:44,50,49.9,190,197,FALSE
1/21/23 9:46,50,50.1,188,194,FALSE
1/21/23 9:48,49.8,49.7,192,195,FALSE
1/21/23 9:50,49.8,49.8,188,192,FALSE
1/21/23 9:52,50.2,50,194,197,FALSE
1/21/23 9:54,49.6,50,194,197,FALSE
1/21/23 9:56,50.4,50.2,190,197,FALSE
1/21/23 9:58,50.2,50,189,193,FALSE
1/21/23 10:00,49.6,49.8,187,192,FALSE
1/21/23 10:02,49.5,49.7,183,187,FALSE
1/21/23 10:04,50.2,50,179,186,FALSE
1/21/23 10:06,50.4,50,175,185,FALSE
1/21/23 10:08,50.4,50.4,193,196,FALSE
1/21/23 10:10,49.9,50,187,192,FALSE
1/21/23 10:12,50.1,50,187,194,FALSE
1/21/23 10:14,49.8,49.8,185,188,FALSE
1/21/23 10:16,50.2,50.2,192,195,FALSE
1/21/23 10:18,50,50,186,190,FALSE
1/21/23 10:20,50.3,50.3,192,196,FALSE
1/21/23 10:22,50,50,182,187,FALSE
1/21/23 10:24,49.6,49.7,185,187,FALSE
1/21/23 10:26,49.5,49.7,178,184,FALSE
1/21/23 10:28,49.8,49.7,187,190,FALSE
1/21/23 10:30,50,50.1,190,194,FALSE
1/21/23 10:32,49.8,50,184,190,FALSE
1/21/23 10:34,50,49.8,182,191,FALSE
1/21/23 10:36,50,50,187,194,FALSE
1/21/23 10:38,50.3,50.3,191,197,FALSE
1/21/23 10:40,49.9,50,191,195,FALSE
1/21/23 10:42,50,49.9,185,192,FALSE
1/21/23 10:44,50.1,50.1,187,193,FALSE
1/21/23 10:46,50,49.9,190,198,FALSE
1/21/23 10:48,50,49.9,189,197,FALSE
1/21/23 10:50,49.8,49.7,190,197,FALSE
1/21/23 10:52,50.7,50.5,193,197,FALSE
1/21/23 10:54,50,50,193,197,FALSE
1/21/23 10:56,49.7,49.7,185,190,FALSE
1/21/23 10:58,49.7,49.7,185,189,FALSE
1/21/23 11:00,49.5,49.5,192,194,FALSE
1/21/23 11:02,49.6,49.6,189,194,FALSE
1/21/23 11:04,49.8,49.8,188,194,FALSE
1/21/23 11:06,50,50,193,196,FALSE
1/21/23 11:08,50.1,50.1,184,190,FALSE
1/21/23 11:10,50,50,190,194,FALSE
1/21/23 11:12,50.1,50.1,191,194,FALSE
1/21/23 11:14,49.6,49.6,182,186,FALSE
1/21/23 11:16,49.7,49.6,184,189,FALSE
1/21/23 11:18,50,50,186,190,FALSE
1/21/23 11:20,49.6,49.7,185,191,FALSE
1/21/23 11:22,49.8,49.8,187,192,FALSE
1/21/23 11:24,49.9,49.8,185,190,FALSE
1/21/23 11:26,50.2,50.1,189,192,FALSE
1/21/23 11:28,49.8,49.8,187,190,FALSE
1/21/23 11:30,50,50.1,185,187,FALSE
1/21/23 11:32,50.2,50.2,188,192,FALSE
1/21/23 11:34,49.7,49.7,180,182,FALSE
1/21/23 11:36,50.3,50.3,179,181,FALSE
1/21/23 11:38,49.9,49.9,176,182,FALSE
1/21/23 11:40,50.4,50.3,182,188,FALSE
1/21/23 11:42,50.2,50.2,180,185,FALSE
1/21/23 11:44,50,50,185,190,FALSE
1/21/23 11:46,50,50,182,185,FALSE
1/21/23 11:48,49.9,49.8,184,188,FALSE
1/21/23 11:50,50.2,50.2,188,190,FALSE
1/21/23 11:52,49.9,49.8,189,191,FALSE
1/21/23 11:54,50.1,50.1,187,189,FALSE
1/21/23 11:56,50,50,184,190,FALSE
1/21/23 11:58,50.1,50.1,187,192,FALSE
1/21/23 12:00,49.8,50,188,192,FALSE
1/21/23 12:02,50.2,50.1,189,192,FALSE
1/21/23 12:04,50.2,50.1,187,191,FALSE
1/21/23 12:06,50.3,50.3,188,192,FALSE
1/21/23 12:08,50,50,187,190,FALSE
1/21/23 12:10,50,50,184,189,FALSE
1/21/23 12:12,49.9,49.8,184,188,FALSE
1/21/23 12:14,49.7,49.8,185,188,FALSE
1/21/23 12:16,50.1,50.1,186,187,FALSE
1/21/23 12:18,50,50,187,190,FALSE
1/21/23 12:20,50.1,50.1,186,189,FALSE
1/21/23 12:22,50.1,50.1,187,187,FALSE
1/21/23 12:24,49.8,49.8,190,192,FALSE
1/21/23 12:26,50,50.1,188,191,FALSE
1/21/23 12:28,50.3,50.3,189,192,FALSE
1/21/23 12:30,50,50,190,194,FALSE
1/21/23 12:32,49.6,49.6,188,193,FALSE
1/21/23 12:34,49.7,49.7,185,190,FALSE
1/21/23 12:36,49.5,49.5,185,191,FALSE
1/21/23 12:38,49.8,49.8,187,189,FALSE
1/21/23 12:40,49.6,49.7,186,189,FALSE
1/21/23 12:42,49.6,49.7,187,190,FALSE
1/21/23 12:44,50.1,50,184,189,FALSE
1/21/23 12:46,50.1,50,183,190,FALSE
1/21/23 12:48,50.4,50.4,187,190,FALSE
1/21/23 12:50,50.2,50.2,191,193,FALSE
1/21/23 12:52,49.6,49.5,191,193,FALSE
1/21/23 12:54,50.2,50.1,192,194,FALSE
1/21/23 12:56,50,50,190,193,FALSE
1/21/23 12:58,50.1,50.1,183,186,FALSE
1/21/23 13:00,50.2,50.2,186,190,FALSE
1/21/23 13:02,50,50,192,194,FALSE
1/21/23 13:04,49.6,49.7,190,193,FALSE
1/21/23 13:06,50,50,187,193,FALSE
1/21/23 13:08,49.9,49.9,179,185,FALSE
1/21/23 13:10,49.6,49.6,182,185,FALSE
1/21/23 13:12,49.8,49.8,178,180,FALSE
1/21/23 13:14,49.9,49.9,182,185,FALSE
1/21/23 13:16,50,50.1,176,181,FALSE
1/21/23 13:18,50.1,50.2,176,182,FALSE
1/21/23 13:20,49.4,49.3,180,183,FALSE
1/21/23 13:22,49.9,49.9,180,183,FALSE
1/21/23 13:24,50,50,183,187,FALSE
1/21/23 13:26,50,50,180,183,FALSE
1/21/23 13:28,49.6,49.6,182,177,FALSE
1/21/23 13:30,49.9,49.9,184,187,FALSE
1/21/23 13:32,49.7,49.7,180,184,FALSE
1/21/23 13:34,49.7,49.6,178,185,FALSE
1/21/23 13:36,49.8,49.8,179,185,FALSE
1/21/23 13:38,49.7,49.7,182,188,FALSE
1/21/23 13:40,50,50,178,182,FALSE
1/21/23 13:42,50,49.9,188,192,FALSE
1/21/23 13:44,49.6,49.7,190,194,FALSE
1/21/23 13:46,49.5,49.5,190,194,FALSE
1/21/23 13:48,49.5,49.5,190,194,FALSE
1/21/23 13:50,49.8,49.7,193,197,FALSE
1/21/23 13:52,49.7,49.6,182,180,FALSE
1/21/23 13:54,49.9,49.9,190,197,FALSE
1/21/23 13:56,50.4,50.4,180,176,FALSE
1/21/23 13:58,50.1,50.1,191,195,FALSE
1/21/23 14:00,50.2,50.2,192,197,FALSE
1/21/23 14:02,50.1,50.1,187,192,FALSE
1/21/23 14:04,50,50,190,195,FALSE
1/21/23 14:06,49.7,49.7,182,189,FALSE
1/21/23 14:08,49.6,49.6,187,192,FALSE
1/21/23 14:10,49.7,49.8,189,193,FALSE
1/21/23 14:12,49.9,49.9,190,194,FALSE
1/21/23 14:14,50.2,50.2,182,187,FALSE
1/21/23 14:16,49.9,49.9,185,191,FALSE
1/21/23 14:18,49.7,49.7,184,190,FALSE
1/21/23 14:20,49.6,49.6,186,193,FALSE
1/21/23 14:22,49.7,49.7,190,194,FALSE
1/21/23 14:24,49.7,49.7,192,196,FALSE
1/21/23 14:26,49.8,49.8,189,194,FALSE
1/21/23 14:28,50,50,191,195,FALSE
1/21/23 14:30,49.9,49.9,190,194,FALSE
1/21/23 14:32,49.8,49.8,187,192,FALSE
1/21/23 14:34,49.8,49.8,184,178,FALSE
1/21/23 14:36,50,50,183,190,FALSE
1/21/23 14:38,50,50.1,183,188,FALSE
1/21/23 14:40,50,50.1,187,193,FALSE
1/21/23 14:42,50.3,50.3,190,195,FALSE
1/21/23 14:44,50.2,50.3,192,197,FALSE
1/21/23 14:46,49.9,50,190,194,FALSE
1/21/23 14:48,50.1,50.1,186,192,FALSE
1/21/23 14:50,49.7,49.8,188,194,FALSE
1/21/23 14:52,49.8,49.8,192,199,FALSE
1/21/23 14:54,49.6,49.6,185,191,FALSE
1/21/23 14:56,49.9,49.9,189,194,FALSE
1/21/23 14:58,49.7,49.7,182,189,FALSE
1/21/23 15:00,49.9,49.9,184,192,FALSE
1/21/23 15:02,50.2,50.2,187,194,FALSE
1/21/23 15:04,50,50,192,198,FALSE
1/21/23 15:06,49.5,49.5,187,193,FALSE
1/21/23 15:08,49.9,49.8,187,194,FALSE
1/21/23 15:10,50.1,50.1,184,190,FALSE
1/21/23 15:12,50.2,50.2,192,198,FALSE
1/21/23 15:14,49.8,49.9,192,198,FALSE
1/21/23 15:16,49.7,49.7,187,196,FALSE
1/21/23 15:18,49.6,49.7,178,190,FALSE
1/21/23 15:20,50,50.1,185,191,FALSE
1/21/23 15:22,49.8,49.8,189,195,FALSE
1/21/23 15:24,49.7,49.8,188,194,FALSE
1/21/23 15:26,50.4,50.3,189,195,FALSE
1/21/23 15:28,50.2,50.2,187,193,FALSE
1/21/23 15:30,49.8,49.9,180,189,FALSE
1/21/23 15:32,49.8,49.8,185,193,FALSE
1/21/23 15:34,50.1,50.1,189,194,FALSE
1/21/23 15:36,50,49.9,189,194,FALSE
1/21/23 15:38,49.5,49.5,181,187,FALSE
1/21/23 15:40,50.2,50.2,187,194,FALSE
1/21/23 15:42,49.8,49.8,187,193,FALSE
1/21/23 15:44,49.8,49.8,183,190,FALSE
1/21/23 15:46,49.5,49.5,187,193,FALSE
1/21/23 15:48,49.5,49.6,191,194,FALSE
1/21/23 15:50,49.8,49.8,188,194,FALSE
1/21/23 15:52,49.8,49.8,186,194,FALSE
1/21/23 15:54,49.7,49.7,187,194,FALSE
1/21/23 15:56,49.8,49.8,188,194,FALSE
1/21/23 15:58,49.5,49.5,182,187,FALSE
1/21/23 16:00,50.2,50.1,186,192,FALSE
1/21/23 16:02,50.3,50.3,187,192,FALSE
1/21/23 16:04,50.2,50.1,188,193,FALSE
1/21/23 16:06,50,49.9,178,185,FALSE
1/21/23 16:08,49.9,49.8,185,191,FALSE
1/21/23 16:10,49.5,49.5,182,190,FALSE
1/21/23 16:12,49.5,49.6,187,194,FALSE
1/21/23 16:14,49.8,49.8,182,188,FALSE
1/21/23 16:16,49.7,49.6,185,191,FALSE
1/21/23 16:18,50.2,50.3,186,193,FALSE
1/21/23 16:20,50.1,50,190,195,FALSE
1/21/23 16:22,49.4,49.4,187,193,FALSE
1/21/23 16:24,49.9,49.9,188,194,FALSE
1/21/23 16:26,49.9,50,185,192,FALSE
1/21/23 16:28,49.5,49.5,188,193,FALSE
1/21/23 16:30,49.9,49.8,190,198,FALSE
1/21/23 16:32,49.9,49.8,189,195,FALSE
1/21/23 16:34,49.7,50,187,194,FALSE
1/21/23 16:36,49.8,50,187,192,FALSE
1/21/23 16:38,49.7,49.7,190,196,FALSE
1/21/23 16:40,49.9,50,192,197,FALSE
1/21/23 16:42,50.3,50.3,187,194,FALSE
1/21/23 16:44,50.1,50.1,190,195,FALSE
1/21/23 16:46,49.5,49.6,188,194,FALSE
1/21/23 16:48,50.1,50.1,190,198,FALSE
1/21/23 16:50,49.9,49.9,187,196,FALSE
1/21/23 16:52,49.6,49.6,191,197,FALSE
1/21/23 16:54,49.7,49.7,189,195,FALSE
1/21/23 16:56,49.7,49.7,191,196,FALSE
1/21/23 16:58,49.8,49.7,192,198,FALSE
1/21/23 17:00,49.6,49.6,190,195,FALSE
1/21/23 17:02,49.8,49.8,194,200,FALSE
1/21/23 17:04,49.9,49.8,194,201,FALSE
1/21/23 17:06,50.2,50.2,194,202,FALSE
1/21/23 17:08,50.2,50.3,192,201,FALSE
1/21/23 17:10,49.7,49.6,194,202,FALSE
1/21/23 17:12,50,50,196,202,FALSE
1/21/23 17:14,50.2,50.2,196,202,FALSE
1/21/23 17:16,50,50.1,191,196,FALSE
1/21/23 17:18,50,50,189,197,FALSE
1/21/23 17:20,49.8,49.8,183,193,FALSE
1/21/23 17:22,49.9,49.9,189,194,FALSE
1/21/23 17:24,49.7,49.6,194,199,FALSE
1/21/23 17:26,49.4,49.5,188,194,FALSE
1/21/23 17:28,50.1,50.1,187,192,FALSE
1/21/23 17:30,50.2,50.2,189,195,FALSE
1/21/23 17:32,49.8,49.8,190,195,FALSE
1/21/23 17:34,49.6,49.6,195,202,FALSE
1/21/23 17:36,50,50,194,199,FALSE
1/21/23 17:38,50.2,50.2,199,206,FALSE
1/21/23 17:40,50.3,50.3,196,202,FALSE
1/21/23 17:42,50.1,50.1,192,201,FALSE
1/21/23 17:44,50,50,191,197,FALSE
1/21/23 17:46,50,50.1,195,200,FALSE
1/21/23 17:48,50,50,190,197,FALSE
1/21/23 17:50,49.9,50,194,201,FALSE
1/21/23 17:52,49.8,49.7,182,186,FALSE
1/21/23 17:54,49.7,49.7,185,190,FALSE
1/21/23 17:56,49.9,49.9,185,190,FALSE
1/21/23 17:58,50,50,194,200,FALSE
1/21/23 18:00,49.8,49.8,192,199,FALSE
1/21/23 18:02,49.8,49.8,188,197,FALSE
1/21/23 18:04,49.8,49.9,191,200,FALSE
1/21/23 18:06,49.9,49.9,193,199,FALSE
1/21/23 18:08,49.7,49.7,194,200,FALSE
1/21/23 18:10,50,50,194,201,FALSE
1/21/23 18:12,50,50,187,192,FALSE
1/21/23 18:14,50,50,186,192,FALSE
1/21/23 18:16,50.2,50.2,187,194,FALSE
1/21/23 18:18,49.9,49.9,192,199,FALSE
1/21/23 18:20,49.7,49.8,188,197,FALSE
1/21/23 18:22,49.6,49.6,189,197,FALSE
1/21/23 18:24,49.8,49.8,189,195,FALSE
1/21/23 18:26,50.2,50.1,186,192,FALSE
1/21/23 18:28,50.1,50,185,191,FALSE
1/21/23 18:30,49.8,49.9,189,194,FALSE
1/21/23 18:32,49.6,49.6,187,194,FALSE
1/21/23 18:34,49.8,49.7,189,194,FALSE
1/21/23 18:36,49.8,49.8,185,192,FALSE
1/21/23 18:38,50.2,50.1,183,192,FALSE
1/21/23 18:40,50.1,50.1,188,194,FALSE
1/21/23 18:42,50.2,50.1,187,193,FALSE
1/21/23 18:44,50,50,187,192,FALSE
1/21/23 18:46,50,50,183,189,FALSE
1/21/23 18:48,49.7,49.8,186,192,FALSE
1/21/23 18:50,49.9,50,187,192,FALSE
1/21/23 18:52,50,50,186,192,FALSE
1/21/23 18:54,50.1,50.1,186,192,FALSE
1/21/23 18:56,50,50,183,191,FALSE
1/21/23 18:58,49.7,49.7,182,190,FALSE
1/21/23 19:00,49.9,49.9,180,186,FALSE
1/21/23 19:02,50,50,185,191,FALSE
1/21/23 19:04,50.3,50.2,184,190,FALSE
1/21/23 19:06,50.4,50.3,182,189,FALSE
1/21/23 19:08,49.9,49.9,183,190,FALSE
1/21/23 19:10,50.2,50.2,185,190,FALSE
1/21/23 19:12,50,50,185,190,FALSE
1/21/23 19:14,50.1,50.1,184,190,FALSE
1/21/23 19:16,50.1,50,185,190,FALSE
1/21/23 19:18,50.2,50.2,185,193,FALSE
1/21/23 19:20,50.3,50.3,185,192,FALSE
1/21/23 19:22,50.2,50.1,187,193,FALSE
1/21/23 19:24,50.2,50.2,187,193,FALSE
1/21/23 19:26,49.5,49.5,187,193,FALSE
1/21/23 19:28,49.8,49.8,185,192,FALSE
1/21/23 19:30,49.7,49.6,186,193,FALSE
1/21/23 19:32,49.7,49.7,187,192,FALSE
1/21/23 19:34,49.7,49.7,188,194,FALSE
1/21/23 19:36,50.1,50.1,189,194,FALSE
1/21/23 19:38,50,50,190,195,FALSE
1/21/23 19:40,49.9,49.9,189,194,FALSE
1/21/23 19:42,49.9,49.9,188,194,FALSE
1/21/23 19:44,49.9,49.9,190,196,FALSE
1/21/23 19:46,50,49.9,188,194,FALSE
1/21/23 19:48,50,50,188,194,FALSE
1/21/23 19:50,50,50,186,194,FALSE
1/21/23 19:52,49.9,49.9,185,193,FALSE
1/21/23 19:54,49.9,49.8,177,187,FALSE
1/21/23 19:56,49.8,49.8,177,187,FALSE
1/21/23 19:58,49.7,49.6,178,187,FALSE
1/21/23 20:00,50,50,177,188,FALSE
1/21/23 20:02,49.9,49.9,188,194,FALSE
1/21/23 20:04,49.9,49.9,190,196,FALSE
1/21/23 20:06,50,50,190,196,FALSE
1/21/23 20:08,50,50.1,190,196,FALSE
1/21/23 20:10,49.8,49.7,189,195,FALSE
1/21/23 20:12,49.6,49.7,176,188,FALSE
1/21/23 20:14,50,50,187,195,FALSE
1/21/23 20:16,50,50.1,185,190,FALSE
1/21/23 20:18,50.1,50.1,180,190,FALSE
1/21/23 20:20,50.1,50.1,180,191,FALSE
1/21/23 20:22,50,50,178,188,FALSE
1/21/23 20:24,50,50,173,185,FALSE
1/21/23 20:26,49.9,49.8,173,185,FALSE
1/21/23 20:28,49.8,49.8,178,189,FALSE
1/21/23 20:30,49.9,49.9,189,197,FALSE
1/21/23 20:32,50.2,50.2,175,186,FALSE
1/21/23 20:34,50.1,50.2,181,190,FALSE
1/21/23 20:36,50,50,173,185,FALSE
1/21/23 20:38,50.1,50.1,180,191,FALSE
1/21/23 20:40,50,50,179,190,FALSE
1/21/23 20:42,49.9,49.9,181,192,FALSE
1/21/23 20:44,49.9,49.9,179,190,FALSE
1/21/23 20:46,50,50,178,190,FALSE
1/21/23 20:48,49.7,49.7,174,186,FALSE
1/21/23 20:50,50,50.1,178,190,FALSE
1/21/23 20:52,50.1,50.1,180,190,FALSE
1/21/23 20:54,50,50,179,190,FALSE
1/21/23 20:56,49.8,49.8,177,189,FALSE
1/21/23 20:58,50,49.9,169,181,FALSE
1/21/23 21:00,49.9,49.9,185,192,FALSE
1/21/23 21:02,50.2,50.2,187,194,FALSE
1/21/23 21:04,49.9,49.9,187,193,FALSE
1/21/23 21:06,49.8,49.8,186,192,FALSE
1/21/23 21:08,49.9,50,187,192,FALSE
1/21/23 21:10,50,50,187,193,FALSE
1/21/23 21:12,50,50,187,193,FALSE
1/21/23 21:14,50,50,187,194,FALSE
1/21/23 21:16,50,50.1,185,192,FALSE
1/21/23 21:18,50.3,50.2,185,192,FALSE
1/21/23 21:20,3571,6536,0.707,0,FALSE
1/21/23 21:22,29.3,30.7,67.9,79.9,FALSE
1/21/23 21:24,41.2,41.2,175,183,TRUE
1/21/23 21:26,40,40.2,170,174,TRUE
1/21/23 21:28,40.2,40.5,170,175,TRUE
1/21/23 21:30,43.8,43.7,194,199,TRUE
1/21/23 21:32,43.9,43.8,194,199,TRUE
1/21/23 21:34,45,43.9,197,199,TRUE
1/21/23 21:36,44,44,197,198,TRUE
1/21/23 21:38,43.8,44,196,198,TRUE
1/21/23 21:40,44.2,44,197,198,TRUE
1/21/23 21:42,43.8,43.7,196,197,TRUE
1/21/23 21:44,43.9,44,197,197,TRUE
1/21/23 21:46,43.6,43.8,197,197,TRUE
1/21/23 21:48,43.8,43.9,197,197,TRUE
1/21/23 21:50,43.9,44,196,197,TRUE
1/21/23 21:52,44,43.7,196,197,TRUE
1/21/23 21:54,44,43.9,197,198,TRUE
1/21/23 21:56,43.9,44,192,197,TRUE
1/21/23 21:58,43.7,44.2,192,197,TRUE
1/21/23 22:00,44.2,44,197,197,TRUE
1/21/23 22:02,43.9,43.9,197,197,TRUE
1/21/23 22:04,44,43.9,197,197,TRUE
1/21/23 22:06,44,43.7,197,198,TRUE
1/21/23 22:08,43.5,43.7,197,199,TRUE
1/21/23 22:10,43.8,43.9,197,199,TRUE
1/21/23 22:12,43.5,43.6,197,198,TRUE
1/21/23 22:14,43.8,43.7,198,198,TRUE
1/21/23 22:16,43.9,44,197,199,TRUE
1/21/23 22:18,43.8,43.7,192,198,TRUE
1/21/23 22:20,43.9,43.5,192,197,TRUE
1/21/23 22:22,43.9,43.8,197,199,TRUE
1/21/23 22:24,43.9,43.9,197,198,TRUE
1/21/23 22:26,43.8,44,197,198,TRUE
1/21/23 22:28,44.2,44,198,197,TRUE
1/21/23 22:30,44.1,43.9,196,197,TRUE
1/21/23 22:32,50.1,50.1,196,203,FALSE
1/21/23 22:34,49.6,49.7,196,203,FALSE
1/21/23 22:36,50.1,50.1,196,202,FALSE
1/21/23 22:38,49.7,49.7,196,202,FALSE
1/21/23 22:40,50,50,195,202,FALSE
1/21/23 22:42,50,50,194,202,FALSE
1/21/23 22:44,50,50,194,203,FALSE
1/21/23 22:46,49.8,49.8,194,203,FALSE
1/21/23 22:48,50,50,197,204,FALSE
1/21/23 22:50,50,50,197,204,FALSE
1/21/23 22:52,50,50,197,204,FALSE
1/21/23 22:54,49.8,49.9,197,204,FALSE
1/21/23 22:56,50,50,197,204,FALSE
1/21/23 22:58,50.1,50.1,197,203,FALSE
1/21/23 23:00,50,50,197,204,FALSE
1/21/23 23:02,50.1,50.1,193,202,FALSE
1/21/23 23:04,50.1,50.1,193,202,FALSE
1/21/23 23:06,50,50,195,202,FALSE
1/21/23 23:08,49.9,49.9,197,204,FALSE
1/21/23 23:10,49.9,50,194,203,FALSE
1/21/23 23:12,50.1,50.1,196,203,FALSE
1/21/23 23:14,50,50,196,203,FALSE
1/21/23 23:16,50.2,50.1,195,202,FALSE
1/21/23 23:18,49.9,49.8,192,200,FALSE
1/21/23 23:20,50,50,195,202,FALSE
1/21/23 23:22,50.2,50.2,195,202,FALSE
1/21/23 23:24,49.9,49.9,198,204,FALSE
1/21/23 23:26,50.1,50.2,198,206,FALSE
1/21/23 23:28,50.2,50.2,204,211,FALSE
1/21/23 23:30,50.2,50.1,203,210,FALSE
1/21/23 23:32,50,50,203,210,FALSE
1/21/23 23:34,50.2,50.2,204,211,FALSE
1/21/23 23:36,50.1,50,204,210,FALSE
1/21/23 23:38,49.6,49.6,204,211,FALSE
1/21/23 23:40,49.9,50,204,211,FALSE
1/21/23 23:42,49.8,49.8,201,210,FALSE
1/21/23 23:44,50.2,50.2,202,210,FALSE
1/21/23 23:46,49.6,49.7,204,210,FALSE
1/21/23 23:48,49.9,49.8,204,211,FALSE
1/21/23 23:50,50.1,50.1,204,211,FALSE
1/21/23 23:52,50,50,206,212,FALSE
1/21/23 23:54,49.8,49.7,204,211,FALSE
1/21/23 23:56,50,49.9,204,211,FALSE
1/21/23 23:58,49.6,49.7,204,211,FALSE