"Time","Frequency 3E2F4FD3 (Ch Cbca Bethesda Ndosho - laboratoire)","Frequency C30F2E03 (Ch Cbca Bethesda Ndosho - clinique)","Voltage 3E2F4FD3 (Ch Cbca Bethesda Ndosho - laboratoire)","Voltage C30F2E03 (Ch Cbca Bethesda Ndosho - clinique)"
2024-09-10 00:00:00,50.1,50.0,207,223
2024-09-10 00:02:00,49.8,49.8,203,221
2024-09-10 00:04:00,49.7,49.7,202,221
2024-09-10 00:06:00,49.8,49.8,204,221
2024-09-10 00:08:00,49.9,50.0,204,222
2024-09-10 00:10:00,49.7,49.7,202,220
2024-09-10 00:12:00,50.0,50.0,205,222
2024-09-10 00:14:00,50.3,50.3,206,223
2024-09-10 00:16:00,50.4,50.4,204,222
2024-09-10 00:18:00,50.3,50.3,206,223
2024-09-10 00:20:00,50.4,50.4,207,223
2024-09-10 00:22:00,50.4,50.4,205,223
2024-09-10 00:24:00,50.0,50.0,208,224
2024-09-10 00:26:00,50.1,50.1,210,226
2024-09-10 00:28:00,50.3,50.3,205,223
2024-09-10 00:30:00,50.0,50.0,206,223
2024-09-10 00:32:00,49.9,49.9,209,225
2024-09-10 00:34:00,49.8,49.8,209,225
2024-09-10 00:36:00,49.7,49.7,205,223
2024-09-10 00:38:00,49.7,49.7,208,224
2024-09-10 00:40:00,49.6,49.6,207,223
2024-09-10 00:42:00,50.1,50.1,205,223
2024-09-10 00:44:00,50.1,50.1,205,223
2024-09-10 00:46:00,50.3,50.3,208,225
2024-09-10 00:48:00,50.4,50.4,206,223
2024-09-10 00:50:00,50.3,50.4,206,224
2024-09-10 00:52:00,50.0,50.0,209,225
2024-09-10 00:54:00,50.0,50.0,207,224
2024-09-10 00:56:00,49.8,49.8,204,223
2024-09-10 00:58:00,49.9,49.9,207,224
2024-09-10 01:00:00,49.9,49.8,207,224
2024-09-10 01:02:00,49.9,49.9,206,224
2024-09-10 01:04:00,50.1,50.1,207,224
2024-09-10 01:06:00,50.1,50.1,209,226
2024-09-10 01:08:00,50.3,50.3,206,224
2024-09-10 01:10:00,50.1,50.1,207,224
2024-09-10 01:12:00,50.2,50.2,209,225
2024-09-10 01:14:00,50.3,50.4,207,224
2024-09-10 01:16:00,50.3,50.3,206,224
2024-09-10 01:18:00,50.1,50.1,209,225
2024-09-10 01:20:00,50.1,50.1,208,224
2024-09-10 01:22:00,50.0,50.0,206,223
2024-09-10 01:24:00,49.9,49.9,209,225
2024-09-10 01:26:00,49.9,49.9,208,224
2024-09-10 01:28:00,49.7,49.7,207,223
2024-09-10 01:30:00,49.7,49.7,208,224
2024-09-10 01:32:00,49.8,49.8,208,224
2024-09-10 01:34:00,50.1,50.1,206,224
2024-09-10 01:36:00,50.3,50.4,206,224
2024-09-10 01:38:00,50.4,50.4,207,224
2024-09-10 01:40:00,50.4,50.4,206,225
2024-09-10 01:42:00,50.5,50.4,207,226
2024-09-10 01:44:00,50.4,50.4,207,225
2024-09-10 01:46:00,50.3,50.3,209,226
2024-09-10 01:48:00,50.0,50.0,207,225
2024-09-10 01:50:00,50.2,50.2,208,224
2024-09-10 01:52:00,50.3,50.3,209,225
2024-09-10 01:54:00,50.2,50.3,208,225
2024-09-10 01:56:00,50.2,50.2,207,224
2024-09-10 01:58:00,50.3,50.3,209,225
2024-09-10 02:00:00,50.5,50.5,209,226
2024-09-10 02:02:00,50.4,50.4,209,227
2024-09-10 02:04:00,50.5,50.6,211,228
2024-09-10 02:06:00,50.5,50.5,207,226
2024-09-10 02:08:00,50.4,50.5,207,226
2024-09-10 02:10:00,50.4,50.4,211,228
2024-09-10 02:12:00,50.3,50.2,210,227
2024-09-10 02:14:00,50.1,50.1,207,226
2024-09-10 02:16:00,50.0,50.0,209,226
2024-09-10 02:18:00,49.8,49.8,208,226
2024-09-10 02:20:00,50.0,50.0,206,224
2024-09-10 02:22:00,50.0,50.0,207,226
2024-09-10 02:24:00,50.1,50.1,209,226
2024-09-10 02:26:00,50.1,50.1,206,226
2024-09-10 02:28:00,50.4,50.4,207,226
2024-09-10 02:30:00,50.1,50.1,207,223
2024-09-10 02:32:00,50.5,50.4,209,226
2024-09-10 02:34:00,50.5,50.4,209,228
2024-09-10 02:36:00,50.3,50.3,211,228
2024-09-10 02:38:00,50.4,50.4,209,227
2024-09-10 02:40:00,50.4,50.4,208,226
2024-09-10 02:42:00,50.2,50.2,209,227
2024-09-10 02:44:00,50.5,50.4,210,228
2024-09-10 02:46:00,50.4,50.4,207,226
2024-09-10 02:48:00,50.4,50.3,207,226
2024-09-10 02:50:00,50.3,50.3,210,227
2024-09-10 02:52:00,50.3,50.3,208,226
2024-09-10 02:54:00,50.4,50.4,208,226
2024-09-10 02:56:00,50.4,50.5,210,228
2024-09-10 02:58:00,50.3,50.3,211,228
2024-09-10 03:00:00,50.2,50.3,208,227
2024-09-10 03:02:00,50.1,50.0,209,226
2024-09-10 03:04:00,50.0,50.0,209,227
2024-09-10 03:06:00,49.8,49.9,206,224
2024-09-10 03:08:00,49.9,49.9,209,226
2024-09-10 03:10:00,49.7,49.7,208,225
2024-09-10 03:12:00,50.1,50.1,206,225
2024-09-10 03:14:00,50.4,50.4,207,226
2024-09-10 03:16:00,50.4,50.4,209,226
2024-09-10 03:18:00,50.4,50.4,208,226
2024-09-10 03:20:00,50.5,50.5,208,226
2024-09-10 03:22:00,50.6,50.5,210,227
2024-09-10 03:24:00,50.5,50.5,210,227
2024-09-10 03:26:00,50.2,50.2,207,226
2024-09-10 03:28:00,50.3,50.3,210,227
2024-09-10 03:30:00,49.9,49.9,209,226
2024-09-10 03:32:00,50.0,50.0,208,226
2024-09-10 03:34:00,49.8,49.7,209,226
2024-09-10 03:36:00,49.9,49.9,209,226
2024-09-10 03:38:00,49.8,49.8,207,226
2024-09-10 03:40:00,50.0,50.0,207,225
2024-09-10 03:42:00,50.2,50.1,209,226
2024-09-10 03:44:00,49.9,49.9,206,225
2024-09-10 03:46:00,50.0,50.0,206,225
2024-09-10 03:48:00,50.2,50.2,209,226
2024-09-10 03:50:00,50.3,50.3,209,227
2024-09-10 03:52:00,50.4,50.3,209,228
2024-09-10 03:54:00,50.4,50.4,211,228
2024-09-10 03:56:00,50.3,50.3,209,228
2024-09-10 03:58:00,50.1,50.2,206,226
2024-09-10 04:00:00,50.3,50.3,207,226
2024-09-10 04:02:00,50.5,50.4,209,227
2024-09-10 04:04:00,50.5,50.5,207,227
2024-09-10 04:06:00,50.4,50.4,208,227
2024-09-10 04:08:00,50.3,50.4,211,229
2024-09-10 04:10:00,50.2,50.2,208,227
2024-09-10 04:12:00,50.3,50.3,207,226
2024-09-10 04:14:00,50.1,50.0,209,226
2024-09-10 04:16:00,50.1,50.1,208,227
2024-09-10 04:18:00,50.1,50.1,206,226
2024-09-10 04:20:00,49.8,49.7,210,228
2024-09-10 04:22:00,49.5,49.6,209,228
2024-09-10 04:24:00,49.8,49.8,209,227
2024-09-10 04:26:00,49.8,49.8,209,227
2024-09-10 04:28:00,49.5,49.5,209,227
2024-09-10 04:30:00,49.8,49.8,209,228
2024-09-10 04:32:00,49.5,49.5,208,227
2024-09-10 04:34:00,49.9,49.9,211,228
2024-09-10 04:36:00,50.0,50.0,211,229
2024-09-10 04:38:00,50.0,50.0,208,227
2024-09-10 04:40:00,50.2,50.2,210,228
2024-09-10 04:42:00,50.0,50.0,210,228
2024-09-10 04:44:00,49.8,49.9,208,227
2024-09-10 04:46:00,50.0,50.0,208,226
2024-09-10 04:48:00,49.8,49.8,211,228
2024-09-10 04:50:00,4878,7874,0,0.707
2024-09-10 04:52:00,7874,4386,0,0
2024-09-10 04:54:00,4367,7874,0,0
2024-09-10 04:56:00,7874,5587,0,0
2024-09-10 04:58:00,50.6,50.6,222,235
2024-09-10 05:00:00,51.0,51.0,223,237
2024-09-10 05:02:00,50.9,50.8,226,240
2024-09-10 05:04:00,50.9,50.9,228,241
2024-09-10 05:06:00,50.9,50.9,226,240
2024-09-10 05:08:00,50.7,50.8,224,240
2024-09-10 05:10:00,51.0,51.0,224,239
2024-09-10 05:12:00,51.1,51.3,226,240
2024-09-10 05:14:00,51.3,51.3,226,238
2024-09-10 05:16:00,51.1,51.2,223,236
2024-09-10 05:18:00,51.1,51.2,228,239
2024-09-10 05:20:00,51.0,51.1,225,238
2024-09-10 05:22:00,51.3,51.3,226,238
2024-09-10 05:24:00,51.1,51.1,226,238
2024-09-10 05:26:00,51.0,51.1,227,238
2024-09-10 05:28:00,51.1,51.2,224,237
2024-09-10 05:30:00,51.2,51.1,227,238
2024-09-10 05:32:00,51.2,51.2,226,238
2024-09-10 05:34:00,50.7,50.7,226,240
2024-09-10 05:36:00,51.2,51.2,226,237
2024-09-10 05:38:00,50.7,50.6,226,232
2024-09-10 05:40:00,50.6,50.7,224,231
2024-09-10 05:42:00,50.7,50.7,226,239
2024-09-10 05:44:00,50.7,50.7,228,241
2024-09-10 05:46:00,50.6,50.5,223,231
2024-09-10 05:48:00,50.6,50.5,225,233
2024-09-10 05:50:00,50.6,50.6,226,232
2024-09-10 05:52:00,50.9,50.9,224,238
2024-09-10 05:54:00,50.9,51.0,225,238
2024-09-10 05:56:00,51.0,51.1,228,240
2024-09-10 05:58:00,51.1,51.1,228,240
2024-09-10 06:00:00,50.5,50.6,227,240
2024-09-10 06:02:00,50.7,50.7,230,242
2024-09-10 06:04:00,50.6,50.7,231,243
2024-09-10 06:06:00,50.5,50.5,228,242
2024-09-10 06:08:00,50.6,50.5,230,242
2024-09-10 06:10:00,50.6,50.6,228,240
2024-09-10 06:12:00,50.6,50.6,227,240
2024-09-10 06:14:00,50.7,50.8,230,243
2024-09-10 06:16:00,50.8,50.8,230,241
2024-09-10 06:18:00,50.5,50.5,224,237
2024-09-10 06:20:00,50.5,50.5,224,238
2024-09-10 06:22:00,50.6,50.6,228,240
2024-09-10 06:24:00,50.6,50.6,226,239
2024-09-10 06:26:00,50.6,50.5,221,229
2024-09-10 06:28:00,50.6,50.6,223,231
2024-09-10 06:30:00,50.6,50.7,222,236
2024-09-10 06:32:00,50.6,50.5,219,234
2024-09-10 06:34:00,50.6,50.7,223,236
2024-09-10 06:36:00,50.6,50.6,226,238
2024-09-10 06:38:00,50.6,50.6,223,237
2024-09-10 06:40:00,50.5,50.6,220,235
2024-09-10 06:42:00,50.5,50.5,221,235
2024-09-10 06:44:00,50.6,50.6,220,235
2024-09-10 06:46:00,50.7,50.7,222,236
2024-09-10 06:48:00,50.7,50.8,224,237
2024-09-10 06:50:00,50.7,50.7,224,237
2024-09-10 06:52:00,50.7,50.7,222,236
2024-09-10 06:54:00,50.7,50.7,224,237
2024-09-10 06:56:00,50.6,50.6,221,236
2024-09-10 06:58:00,50.5,50.6,219,234
2024-09-10 07:00:00,50.5,50.5,221,234
2024-09-10 07:02:00,50.6,50.6,227,239
2024-09-10 07:04:00,50.4,50.3,222,236
2024-09-10 07:06:00,50.5,50.4,223,237
2024-09-10 07:08:00,50.4,50.5,226,238
2024-09-10 07:10:00,50.6,50.5,221,235
2024-09-10 07:12:00,50.7,50.7,222,236
2024-09-10 07:14:00,50.8,50.7,226,237
2024-09-10 07:16:00,50.7,50.7,227,237
2024-09-10 07:18:00,50.6,50.6,223,236
2024-09-10 07:20:00,50.5,50.4,224,236
2024-09-10 07:22:00,50.5,50.5,223,236
2024-09-10 07:24:00,50.6,50.5,221,236
2024-09-10 07:26:00,50.7,50.7,224,238
2024-09-10 07:28:00,50.6,50.7,225,236
2024-09-10 07:30:00,50.7,50.7,224,237
2024-09-10 07:32:00,50.8,50.8,224,236
2024-09-10 07:34:00,50.8,50.8,223,236
2024-09-10 07:36:00,51.1,51.0,223,237
2024-09-10 07:38:00,51.0,50.9,223,238
2024-09-10 07:40:00,51.1,51.0,225,238
2024-09-10 07:42:00,50.8,50.9,223,236
2024-09-10 07:44:00,50.8,50.8,222,236
2024-09-10 07:46:00,51.1,51.0,223,236
2024-09-10 07:48:00,50.8,50.9,226,238
2024-09-10 07:50:00,50.5,50.5,223,238
2024-09-10 07:52:00,50.6,50.6,223,237
2024-09-10 07:54:00,50.4,50.4,225,239
2024-09-10 07:56:00,50.5,50.4,219,235
2024-09-10 07:58:00,50.2,50.3,220,236
2024-09-10 08:00:00,50.6,50.5,224,237
2024-09-10 08:02:00,50.4,50.4,221,235
2024-09-10 08:04:00,50.4,50.4,218,233
2024-09-10 08:06:00,52.6,52.7,224,232
2024-09-10 08:08:00,54.9,54.8,223,233
2024-09-10 08:10:00,53.9,53.7,225,237
2024-09-10 08:12:00,52.5,52.5,220,233
2024-09-10 08:14:00,51.9,51.8,218,233
2024-09-10 08:16:00,51.6,51.5,216,229
2024-09-10 08:18:00,51.9,51.9,216,229
2024-09-10 08:20:00,51.2,51.2,214,231
2024-09-10 08:22:00,51.6,51.5,219,233
2024-09-10 08:24:00,51.8,51.8,217,232
2024-09-10 08:26:00,51.5,51.5,220,233
2024-09-10 08:28:00,51.7,51.7,215,230
2024-09-10 08:30:00,51.5,51.4,214,227
2024-09-10 08:32:00,52.1,52.1,219,230
2024-09-10 08:34:00,54.7,54.6,221,232
2024-09-10 08:36:00,53.8,53.9,214,231
2024-09-10 08:38:00,52.4,51.9,217,231
2024-09-10 08:40:00,51.8,51.9,213,228
2024-09-10 08:42:00,51.6,51.7,213,226
2024-09-10 08:44:00,51.2,51.3,212,227
2024-09-10 08:46:00,51.2,51.3,214,230
2024-09-10 08:48:00,51.8,51.7,216,230
2024-09-10 08:50:00,52.0,52.1,219,233
2024-09-10 08:52:00,52.2,52.3,221,233
2024-09-10 08:54:00,52.1,52.0,217,229
2024-09-10 08:56:00,51.3,51.4,212,232
2024-09-10 08:58:00,51.5,51.6,211,225
2024-09-10 09:00:00,51.4,51.5,210,223
2024-09-10 09:02:00,51.4,51.3,214,226
2024-09-10 09:04:00,52.4,52.4,219,231
2024-09-10 09:06:00,52.3,52.4,218,229
2024-09-10 09:08:00,53.9,54.0,218,231
2024-09-10 09:10:00,53.8,53.7,219,233
2024-09-10 09:12:00,53.5,53.4,221,236
2024-09-10 09:14:00,53.8,53.7,216,233
2024-09-10 09:16:00,53.9,54.0,214,229
2024-09-10 09:18:00,53.8,53.6,215,232
2024-09-10 09:20:00,53.5,53.7,214,229
2024-09-10 09:22:00,53.6,53.7,212,228
2024-09-10 09:24:00,53.8,53.6,216,231
2024-09-10 09:26:00,53.5,53.4,219,233
2024-09-10 09:28:00,53.8,53.9,216,231
2024-09-10 09:30:00,52.6,52.5,214,228
2024-09-10 09:32:00,53.6,53.6,211,226
2024-09-10 09:34:00,53.4,53.4,216,230
2024-09-10 09:36:00,54.4,54.4,214,228
2024-09-10 09:38:00,53.9,53.8,218,231
2024-09-10 09:40:00,53.5,53.7,221,233
2024-09-10 09:42:00,51.9,52.1,214,231
2024-09-10 09:44:00,52.2,52.4,212,229
2024-09-10 09:46:00,52.1,52.2,219,231
2024-09-10 09:48:00,53.8,53.6,215,230
2024-09-10 09:50:00,52.2,52.3,214,227
2024-09-10 09:52:00,53.7,54.0,216,226
2024-09-10 09:54:00,52.7,52.7,219,231
2024-09-10 09:56:00,53.6,53.9,216,228
2024-09-10 09:58:00,52.5,52.5,219,233
2024-09-10 10:00:00,51.8,51.7,221,236
2024-09-10 10:02:00,51.7,51.8,216,234
2024-09-10 10:04:00,6536,52.4,0,238
2024-09-10 10:06:00,4348,52.6,0,238
2024-09-10 10:08:00,7874,51.1,0,236
2024-09-10 10:10:00,9804,51.2,0,236
2024-09-10 10:12:00,4310,51.3,0,236
2024-09-10 10:14:00,2793,51.3,0,238
2024-09-10 10:16:00,50.9,50.9,211,238
2024-09-10 10:18:00,50.8,50.8,212,233
2024-09-10 10:20:00,50.7,50.5,208,233
2024-09-10 10:22:00,50.7,50.6,209,231
2024-09-10 10:24:00,50.6,50.5,209,230
2024-09-10 10:26:00,50.2,50.1,207,231
2024-09-10 10:28:00,50.6,50.5,211,229
2024-09-10 10:30:00,50.3,50.4,210,228
2024-09-10 10:32:00,50.5,50.7,213,229
2024-09-10 10:34:00,50.6,50.7,211,232
2024-09-10 10:36:00,50.6,50.7,211,231
2024-09-10 10:38:00,50.4,50.5,211,235
2024-09-10 10:40:00,50.5,50.4,211,233
2024-09-10 10:42:00,50.4,50.4,212,235
2024-09-10 10:44:00,50.3,50.5,210,235
2024-09-10 10:46:00,50.4,50.5,207,236
2024-09-10 10:48:00,50.4,50.3,209,233
2024-09-10 10:50:00,50.4,50.5,207,233
2024-09-10 10:52:00,50.6,50.5,209,233
2024-09-10 10:54:00,50.4,50.5,209,235
2024-09-10 10:56:00,50.7,50.7,214,232
2024-09-10 10:58:00,50.8,50.6,210,235
2024-09-10 11:00:00,50.5,50.4,211,233
2024-09-10 11:02:00,50.5,50.6,211,236
2024-09-10 11:04:00,50.5,50.5,209,235
2024-09-10 11:06:00,50.6,50.5,209,236
2024-09-10 11:08:00,50.6,50.4,214,234
2024-09-10 11:10:00,50.5,50.7,210,234
2024-09-10 11:12:00,50.6,50.8,214,232
2024-09-10 11:14:00,50.4,50.5,213,234
2024-09-10 11:16:00,50.3,50.4,211,233
2024-09-10 11:18:00,50.5,50.5,212,233
2024-09-10 11:20:00,50.7,50.7,212,233
2024-09-10 11:22:00,50.6,50.7,214,231
2024-09-10 11:24:00,51.0,50.9,215,231
2024-09-10 11:26:00,50.8,50.8,214,231
2024-09-10 11:28:00,50.8,50.8,214,232
2024-09-10 11:30:00,50.9,50.8,212,235
2024-09-10 11:32:00,50.8,50.8,209,237
2024-09-10 11:34:00,50.9,50.8,211,234
2024-09-10 11:36:00,50.8,50.9,222,233
2024-09-10 11:38:00,51.0,50.9,214,233
2024-09-10 11:40:00,51.1,51.0,213,236
2024-09-10 11:42:00,51.4,51.4,208,233
2024-09-10 11:44:00,51.1,51.1,204,235
2024-09-10 11:46:00,51.3,51.3,207,235
2024-09-10 11:48:00,51.5,51.5,210,232
2024-09-10 11:50:00,51.5,51.4,215,231
2024-09-10 11:52:00,51.1,51.1,210,236
2024-09-10 11:54:00,51.0,51.0,211,238
2024-09-10 11:56:00,51.1,51.1,212,241
2024-09-10 11:58:00,51.2,51.2,210,241
2024-09-10 12:00:00,51.3,51.3,214,238
2024-09-10 12:02:00,51.1,51.0,218,240
2024-09-10 12:04:00,51.1,51.0,214,242
2024-09-10 12:06:00,50.9,50.9,216,242
2024-09-10 12:08:00,50.9,51.0,214,243
2024-09-10 12:10:00,50.9,50.9,212,243
2024-09-10 12:12:00,50.9,50.9,214,240
2024-09-10 12:14:00,50.9,50.9,212,242
2024-09-10 12:16:00,51.0,51.0,207,247
2024-09-10 12:18:00,51.1,51.0,207,245
2024-09-10 12:20:00,50.5,50.5,208,243
2024-09-10 12:22:00,50.7,50.8,209,242
2024-09-10 12:24:00,50.6,50.7,207,243
2024-09-10 12:26:00,50.5,50.5,212,243
2024-09-10 12:28:00,50.4,50.5,211,243
2024-09-10 12:30:00,50.3,50.5,209,244
2024-09-10 12:32:00,50.8,50.6,208,240
2024-09-10 12:34:00,50.7,50.5,208,243
2024-09-10 12:36:00,50.8,50.8,209,242
2024-09-10 12:38:00,50.8,50.8,209,240
2024-09-10 12:40:00,50.7,50.6,213,241
2024-09-10 12:42:00,50.5,50.6,208,243
2024-09-10 12:44:00,50.6,50.4,208,243
2024-09-10 12:46:00,50.6,50.5,211,240
2024-09-10 12:48:00,50.5,50.5,208,245
2024-09-10 12:50:00,50.6,50.5,210,243
2024-09-10 12:52:00,50.4,50.5,211,242
2024-09-10 12:54:00,50.6,50.7,212,243
2024-09-10 12:56:00,50.8,50.7,208,242
2024-09-10 12:58:00,50.9,50.8,211,240
2024-09-10 13:00:00,50.7,50.8,211,242
2024-09-10 13:02:00,50.8,50.8,209,238
2024-09-10 13:04:00,50.7,50.6,214,242
2024-09-10 13:06:00,50.7,50.7,211,240
2024-09-10 13:08:00,50.7,50.7,210,242
2024-09-10 13:10:00,50.7,50.6,211,241
2024-09-10 13:12:00,50.7,50.6,211,241
2024-09-10 13:14:00,50.6,50.7,210,243
2024-09-10 13:16:00,50.7,50.6,210,240
2024-09-10 13:18:00,50.7,50.7,212,242
2024-09-10 13:20:00,50.5,50.6,213,239
2024-09-10 13:22:00,50.6,50.5,207,241
2024-09-10 13:24:00,50.7,50.7,210,240
2024-09-10 13:26:00,50.8,50.8,214,238
2024-09-10 13:28:00,50.7,50.7,211,242
2024-09-10 13:30:00,50.7,50.6,215,243
2024-09-10 13:32:00,50.8,50.8,213,245
2024-09-10 13:34:00,50.9,50.8,209,244
2024-09-10 13:36:00,50.8,50.9,211,243
2024-09-10 13:38:00,50.9,50.9,214,243
2024-09-10 13:40:00,50.6,50.8,209,243
2024-09-10 13:42:00,50.8,50.7,209,244
2024-09-10 13:44:00,50.8,50.8,209,240
2024-09-10 13:46:00,50.8,50.7,210,243
2024-09-10 13:48:00,50.8,50.8,208,243
2024-09-10 13:50:00,51.0,51.1,211,240
2024-09-10 13:52:00,51.0,50.9,207,245
2024-09-10 13:54:00,50.9,51.0,205,244
2024-09-10 13:56:00,51.0,51.0,206,246
2024-09-10 13:58:00,51.0,50.9,209,244
2024-09-10 14:00:00,51.0,51.0,208,245
2024-09-10 14:02:00,51.0,51.0,211,242
2024-09-10 14:04:00,50.9,50.8,212,245
2024-09-10 14:06:00,50.8,50.9,211,243
2024-09-10 14:08:00,51.2,51.1,212,244
2024-09-10 14:10:00,51.1,51.1,214,245
2024-09-10 14:12:00,51.0,51.1,211,246
2024-09-10 14:14:00,51.1,51.1,210,244
2024-09-10 14:16:00,51.0,51.0,210,243
2024-09-10 14:18:00,51.1,51.1,211,243
2024-09-10 14:20:00,51.2,51.2,211,245
2024-09-10 14:22:00,51.2,51.1,209,245
2024-09-10 14:24:00,51.2,51.1,214,240
2024-09-10 14:26:00,51.1,51.1,211,243
2024-09-10 14:28:00,51.2,51.3,211,243
2024-09-10 14:30:00,50.9,50.9,211,248
2024-09-10 14:32:00,50.9,51.0,209,244
2024-09-10 14:34:00,51.1,50.9,211,245
2024-09-10 14:36:00,51.1,50.9,213,245
2024-09-10 14:38:00,51.2,51.2,214,240
2024-09-10 14:40:00,51.0,51.0,212,238
2024-09-10 14:42:00,50.8,50.8,209,243
2024-09-10 14:44:00,50.7,50.7,210,245
2024-09-10 14:46:00,50.9,50.9,209,241
2024-09-10 14:48:00,50.9,51.1,209,240
2024-09-10 14:50:00,51.1,51.1,211,241
2024-09-10 14:52:00,51.1,51.1,209,239
2024-09-10 14:54:00,51.1,51.0,211,243
2024-09-10 14:56:00,51.0,51.0,207,243
2024-09-10 14:58:00,50.9,50.9,204,245
2024-09-10 15:00:00,51.0,51.1,205,243
2024-09-10 15:02:00,51.2,51.1,210,239
2024-09-10 15:04:00,51.1,51.1,212,238
2024-09-10 15:06:00,51.1,51.3,209,239
2024-09-10 15:08:00,51.2,51.3,215,240
2024-09-10 15:10:00,50.9,51.0,214,240
2024-09-10 15:12:00,50.9,50.8,209,237
2024-09-10 15:14:00,51.0,51.0,211,238
2024-09-10 15:16:00,50.5,50.7,212,234
2024-09-10 15:18:00,50.8,50.9,213,238
2024-09-10 15:20:00,50.7,50.7,213,238
2024-09-10 15:22:00,50.7,50.7,210,238
2024-09-10 15:24:00,50.5,50.7,220,236
2024-09-10 15:26:00,50.8,50.9,209,239
2024-09-10 15:28:00,51.1,51.1,209,241
2024-09-10 15:30:00,51.2,51.1,209,239
2024-09-10 15:32:00,51.1,51.2,211,238
2024-09-10 15:34:00,51.1,50.9,211,240
2024-09-10 15:36:00,51.1,51.1,212,238
2024-09-10 15:38:00,51.0,51.1,212,240
2024-09-10 15:40:00,51.0,51.1,211,240
2024-09-10 15:42:00,51.2,51.1,212,237
2024-09-10 15:44:00,51.3,51.2,213,239
2024-09-10 15:46:00,50.9,50.9,213,238
2024-09-10 15:48:00,50.7,50.7,213,237
2024-09-10 15:50:00,50.6,50.6,211,237
2024-09-10 15:52:00,50.9,50.8,214,241
2024-09-10 15:54:00,50.9,50.8,213,240
2024-09-10 15:56:00,51.0,50.9,213,239
2024-09-10 15:58:00,51.0,50.9,212,240
2024-09-10 16:00:00,50.8,50.9,214,239
2024-09-10 16:02:00,50.8,50.7,210,240
2024-09-10 16:04:00,50.6,50.6,209,239
2024-09-10 16:06:00,50.7,50.7,214,241
2024-09-10 16:08:00,50.7,50.9,209,245
2024-09-10 16:10:00,51.0,51.0,212,240
2024-09-10 16:12:00,51.0,51.0,214,241
2024-09-10 16:14:00,50.8,50.9,214,240
2024-09-10 16:16:00,50.0,50.9,215,250
2024-09-10 16:18:00,50.9,50.9,217,240
2024-09-10 16:20:00,50.8,50.9,218,244
2024-09-10 16:22:00,50.9,50.9,215,245
2024-09-10 16:24:00,51.0,51.0,216,242
2024-09-10 16:26:00,50.8,50.9,216,242
2024-09-10 16:28:00,50.9,50.9,214,240
2024-09-10 16:30:00,50.7,50.8,211,245
2024-09-10 16:32:00,50.8,50.9,211,244
2024-09-10 16:34:00,50.8,50.9,210,243
2024-09-10 16:36:00,50.8,50.9,209,241
2024-09-10 16:38:00,51.0,50.9,214,240
2024-09-10 16:40:00,49.3,49.2,201,185
2024-09-10 16:42:00,48.9,48.9,200,186
2024-09-10 16:44:00,49.4,49.4,196,186
2024-09-10 16:46:00,49.3,49.3,200,185
2024-09-10 16:48:00,49.7,49.7,198,193
2024-09-10 16:50:00,49.6,49.6,194,194
2024-09-10 16:52:00,49.4,49.4,197,192
2024-09-10 16:54:00,49.7,49.7,197,191
2024-09-10 16:56:00,49.9,49.8,197,194
2024-09-10 16:58:00,49.8,49.8,199,192
2024-09-10 17:00:00,51.8,51.6,169,210
2024-09-10 17:02:00,49.5,49.5,197,198
2024-09-10 17:04:00,50.3,50.3,197,204
2024-09-10 17:06:00,50.2,50.2,196,209
2024-09-10 17:08:00,50.3,50.3,196,210
2024-09-10 17:10:00,50.2,50.2,196,210
2024-09-10 17:12:00,50.3,50.3,194,211
2024-09-10 17:14:00,50.0,50.0,197,208
2024-09-10 17:16:00,50.5,50.5,199,205
2024-09-10 17:18:00,49.6,49.6,197,199
2024-09-10 17:20:00,49.9,49.9,193,207
2024-09-10 17:22:00,49.5,49.6,196,194
2024-09-10 17:24:00,49.8,49.8,201,194
2024-09-10 17:26:00,49.5,49.6,197,205
2024-09-10 17:28:00,49.5,49.5,195,203
2024-09-10 17:30:00,49.6,49.6,199,198
2024-09-10 17:32:00,49.6,49.5,201,198
2024-09-10 17:34:00,49.5,49.5,197,204
2024-09-10 17:36:00,49.7,49.7,196,202
2024-09-10 17:38:00,49.4,49.5,193,203
2024-09-10 17:40:00,49.8,49.8,195,205
2024-09-10 17:42:00,49.5,49.5,194,202
2024-09-10 17:44:00,49.6,49.6,195,202
2024-09-10 17:46:00,49.5,49.5,194,202
2024-09-10 17:48:00,49.4,49.5,193,202
2024-09-10 17:50:00,49.1,49.1,193,202
2024-09-10 17:52:00,49.4,49.4,197,201
2024-09-10 17:54:00,49.4,49.4,196,196
2024-09-10 17:56:00,49.4,49.4,194,197
2024-09-10 17:58:00,49.4,49.3,196,200
2024-09-10 18:00:00,49.5,49.5,194,199
2024-09-10 18:02:00,49.3,49.4,194,203
2024-09-10 18:04:00,49.5,49.5,195,200
2024-09-10 18:06:00,49.5,49.5,194,199
2024-09-10 18:08:00,49.5,49.5,193,200
2024-09-10 18:10:00,49.3,49.3,194,199
2024-09-10 18:12:00,49.2,49.3,192,199
2024-09-10 18:14:00,49.2,49.2,194,202
2024-09-10 18:16:00,49.1,49.1,194,199
2024-09-10 18:18:00,49.0,49.0,187,200
2024-09-10 18:20:00,49.1,49.1,185,199
2024-09-10 18:22:00,49.1,49.1,190,200
2024-09-10 18:24:00,49.1,49.2,192,199
2024-09-10 18:26:00,50.1,50.1,187,203
2024-09-10 18:28:00,49.5,49.5,198,203
2024-09-10 18:30:00,49.7,49.6,194,202
2024-09-10 18:32:00,49.6,49.6,194,203
2024-09-10 18:34:00,49.5,49.6,193,200
2024-09-10 18:36:00,49.5,49.5,192,200
2024-09-10 18:38:00,49.4,49.4,192,199
2024-09-10 18:40:00,49.8,49.8,193,198
2024-09-10 18:42:00,49.3,49.3,194,195
2024-09-10 18:44:00,49.2,49.2,192,197
2024-09-10 18:46:00,49.5,49.5,191,197
2024-09-10 18:48:00,49.2,49.3,191,195
2024-09-10 18:50:00,49.3,49.3,194,196
2024-09-10 18:52:00,49.5,49.4,192,195
2024-09-10 18:54:00,49.4,49.4,192,198
2024-09-10 18:56:00,49.4,49.4,193,197
2024-09-10 18:58:00,49.4,49.5,195,197
2024-09-10 19:00:00,49.2,49.2,196,190
2024-09-10 19:02:00,49.5,49.5,194,190
2024-09-10 19:04:00,49.2,49.2,194,188
2024-09-10 19:06:00,49.6,49.6,192,190
2024-09-10 19:08:00,49.2,49.1,196,190
2024-09-10 19:10:00,49.4,49.3,192,199
2024-09-10 19:12:00,49.5,49.4,192,194
2024-09-10 19:14:00,49.7,49.7,192,201
2024-09-10 19:16:00,49.6,49.5,195,202
2024-09-10 19:18:00,49.3,49.2,193,199
2024-09-10 19:20:00,49.4,49.4,192,202
2024-09-10 19:22:00,49.5,49.4,195,199
2024-09-10 19:24:00,49.6,49.6,192,198
2024-09-10 19:26:00,49.8,49.7,195,200
2024-09-10 19:28:00,49.3,49.4,193,201
2024-09-10 19:30:00,49.4,49.4,193,199
2024-09-10 19:32:00,49.4,49.4,192,199
2024-09-10 19:34:00,49.4,49.3,194,202
2024-09-10 19:36:00,49.5,49.4,191,203
2024-09-10 19:38:00,49.4,49.4,191,201
2024-09-10 19:40:00,49.2,49.2,193,201
2024-09-10 19:42:00,49.5,49.5,197,201
2024-09-10 19:44:00,49.4,49.5,192,203
2024-09-10 19:46:00,49.5,49.3,199,206
2024-09-10 19:48:00,49.6,49.6,194,204
2024-09-10 19:50:00,49.5,49.5,192,204
2024-09-10 19:52:00,49.3,49.3,191,204
2024-09-10 19:54:00,49.2,49.3,194,202
2024-09-10 19:56:00,49.5,49.5,191,207
2024-09-10 19:58:00,49.4,49.3,192,204
2024-09-10 20:00:00,49.3,49.2,194,208
2024-09-10 20:02:00,49.7,49.6,194,209
2024-09-10 20:04:00,49.5,49.4,192,201
2024-09-10 20:06:00,49.6,49.6,193,203
2024-09-10 20:08:00,49.5,49.7,196,200
2024-09-10 20:10:00,49.1,49.0,199,196
2024-09-10 20:12:00,49.3,49.3,199,192
2024-09-10 20:14:00,49.3,49.3,200,191
2024-09-10 20:16:00,49.4,49.3,192,194
2024-09-10 20:18:00,49.3,49.2,199,199
2024-09-10 20:20:00,49.0,49.0,193,198
2024-09-10 20:22:00,49.1,49.1,194,200
2024-09-10 20:24:00,49.3,49.2,195,202
2024-09-10 20:26:00,49.1,49.1,197,207
2024-09-10 20:28:00,49.5,49.4,197,204
2024-09-10 20:30:00,49.6,49.5,193,207
2024-09-10 20:32:00,49.5,49.5,197,207
2024-09-10 20:34:00,49.4,49.5,199,207
2024-09-10 20:36:00,49.5,49.6,195,208
2024-09-10 20:38:00,49.5,49.5,194,207
2024-09-10 20:40:00,49.4,49.3,198,207
2024-09-10 20:42:00,49.5,49.5,198,208
2024-09-10 20:44:00,49.3,49.3,197,209
2024-09-10 20:46:00,49.5,49.5,194,210
2024-09-10 20:48:00,49.4,49.5,194,208
2024-09-10 20:50:00,49.5,49.4,195,209
2024-09-10 20:52:00,49.5,49.6,196,208
2024-09-10 20:54:00,49.5,49.5,195,209
2024-09-10 20:56:00,49.2,49.2,196,199
2024-09-10 20:58:00,49.5,49.5,199,201
2024-09-10 21:00:00,49.8,49.7,200,199
2024-09-10 21:02:00,49.5,49.6,194,202
2024-09-10 21:04:00,49.7,49.7,196,203
2024-09-10 21:06:00,49.6,49.5,195,202
2024-09-10 21:08:00,49.4,49.3,195,205
2024-09-10 21:10:00,49.4,49.3,196,202
2024-09-10 21:12:00,49.1,49.1,197,201
2024-09-10 21:14:00,49.5,49.6,196,201
2024-09-10 21:16:00,49.4,49.3,197,199
2024-09-10 21:18:00,49.3,49.3,194,204
2024-09-10 21:20:00,49.6,49.6,197,204
2024-09-10 21:22:00,49.5,49.4,196,204
2024-09-10 21:24:00,49.8,49.8,199,204
2024-09-10 21:26:00,49.6,49.5,197,206
2024-09-10 21:28:00,49.7,49.7,194,211
2024-09-10 21:30:00,49.7,49.7,199,204
2024-09-10 21:32:00,49.8,49.8,201,207
2024-09-10 21:34:00,49.9,49.9,196,210
2024-09-10 21:36:00,49.7,49.6,197,208
2024-09-10 21:38:00,49.6,49.7,197,208
2024-09-10 21:40:00,49.6,49.6,199,209
2024-09-10 21:42:00,49.4,49.4,198,208
2024-09-10 21:44:00,49.3,49.3,197,207
2024-09-10 21:46:00,49.4,49.4,197,207
2024-09-10 21:48:00,49.6,49.6,198,210
2024-09-10 21:50:00,49.6,49.7,197,207
2024-09-10 21:52:00,50.0,50.0,199,210
2024-09-10 21:54:00,50.0,50.0,196,212
2024-09-10 21:56:00,50.0,50.1,201,212
2024-09-10 21:58:00,49.8,49.7,196,211
2024-09-10 22:00:00,49.9,49.9,198,209
2024-09-10 22:02:00,49.8,49.8,199,207
2024-09-10 22:04:00,49.6,49.6,201,207
2024-09-10 22:06:00,49.4,49.4,198,204
2024-09-10 22:08:00,49.6,49.6,197,204
2024-09-10 22:10:00,49.7,49.7,200,207
2024-09-10 22:12:00,49.9,49.9,202,209
2024-09-10 22:14:00,50.0,50.0,198,209
2024-09-10 22:16:00,49.8,49.8,202,207
2024-09-10 22:18:00,49.9,49.9,198,213
2024-09-10 22:20:00,49.9,49.9,204,212
2024-09-10 22:22:00,49.6,49.6,202,213
2024-09-10 22:24:00,50.0,50.0,197,214
2024-09-10 22:26:00,50.0,50.0,199,214
2024-09-10 22:28:00,49.9,49.9,204,213
2024-09-10 22:30:00,50.1,50.1,203,215
2024-09-10 22:32:00,50.0,50.0,199,214
2024-09-10 22:34:00,50.0,50.0,202,214
2024-09-10 22:36:00,49.7,49.7,203,214
2024-09-10 22:38:00,50.0,49.9,198,215
2024-09-10 22:40:00,50.1,50.2,203,214
2024-09-10 22:42:00,49.9,49.9,202,213
2024-09-10 22:44:00,49.8,49.8,204,209
2024-09-10 22:46:00,49.7,49.8,203,211
2024-09-10 22:48:00,49.8,49.8,200,213
2024-09-10 22:50:00,50.0,50.0,199,216
2024-09-10 22:52:00,50.0,50.1,202,214
2024-09-10 22:54:00,49.9,49.9,206,210
2024-09-10 22:56:00,50.1,50.1,199,211
2024-09-10 22:58:00,49.9,49.9,199,214
2024-09-10 23:00:00,49.7,49.7,200,214
2024-09-10 23:02:00,49.8,49.8,199,218
2024-09-10 23:04:00,49.6,49.6,199,218
2024-09-10 23:06:00,49.8,49.7,204,216
2024-09-10 23:08:00,49.8,49.9,197,217
2024-09-10 23:10:00,50.2,50.3,201,220
2024-09-10 23:12:00,50.0,50.0,199,219
2024-09-10 23:14:00,50.2,50.1,202,216
2024-09-10 23:16:00,49.9,50.0,197,221
2024-09-10 23:18:00,49.8,49.8,206,219
2024-09-10 23:20:00,49.8,49.8,201,219
2024-09-10 23:22:00,50.0,50.0,202,219
2024-09-10 23:24:00,50.1,50.1,204,219
2024-09-10 23:26:00,49.7,49.7,205,217
2024-09-10 23:28:00,49.9,49.9,201,219
2024-09-10 23:30:00,50.0,50.0,202,219
2024-09-10 23:32:00,49.8,49.8,202,220
2024-09-10 23:34:00,50,50.0,203,221
2024-09-10 23:36:00,50.3,50.3,204,221
2024-09-10 23:38:00,50.0,50.0,202,220
2024-09-10 23:40:00,50.1,50.1,202,221
2024-09-10 23:42:00,50.2,50.2,205,221
2024-09-10 23:44:00,50.2,50.3,208,221
2024-09-10 23:46:00,49.8,49.9,202,221
2024-09-10 23:48:00,50.1,50.1,202,221
2024-09-10 23:50:00,50.0,50.0,207,220
2024-09-10 23:52:00,49.8,49.8,206,219
2024-09-10 23:54:00,49.8,49.8,201,220
2024-09-10 23:56:00,49.7,49.7,202,220
2024-09-10 23:58:00,49.8,49.7,207,219
2024-09-11 00:00:00,50.1,50.0,204,220
2024-09-11 00:02:00,50.1,50.1,203,221
2024-09-11 00:04:00,50.4,50.4,203,222
2024-09-11 00:06:00,50.4,50.4,206,223
2024-09-11 00:08:00,50.5,50.4,207,223
2024-09-11 00:10:00,50.2,50.3,205,222
2024-09-11 00:12:00,50.2,50.2,204,222
2024-09-11 00:14:00,50.2,50.2,207,223
2024-09-11 00:16:00,50.1,50.1,205,223
2024-09-11 00:18:00,49.9,49.9,203,222
2024-09-11 00:20:00,49.6,49.6,202,223
2024-09-11 00:22:00,50.0,50.1,207,224
2024-09-11 00:24:00,49.8,49.8,204,223
2024-09-11 00:26:00,50.4,50.5,204,225
2024-09-11 00:28:00,50.4,50.4,206,225
2024-09-11 00:30:00,50.5,50.5,209,225
2024-09-11 00:32:00,50.2,50.2,204,226
2024-09-11 00:34:00,50.5,50.4,207,225
2024-09-11 00:36:00,50.2,50.3,206,226
2024-09-11 00:38:00,50.1,50.2,207,226
2024-09-11 00:40:00,49.9,50.0,207,226
2024-09-11 00:42:00,49.9,49.8,206,225
2024-09-11 00:44:00,49.8,49.9,204,226
2024-09-11 00:46:00,50.1,50.1,206,226
2024-09-11 00:48:00,50.3,50.3,207,226
2024-09-11 00:50:00,50.2,50.3,205,226
2024-09-11 00:52:00,50.3,50.3,206,226
2024-09-11 00:54:00,50.3,50.4,207,225
2024-09-11 00:56:00,50.3,50.3,205,226
2024-09-11 00:58:00,50.1,50.1,205,225
2024-09-11 01:00:00,50.3,50.3,208,226
2024-09-11 01:02:00,50.2,50.2,205,226
2024-09-11 01:04:00,50.1,50.1,204,226
2024-09-11 01:06:00,50.3,50.3,206,230
2024-09-11 01:08:00,50.2,50.3,206,228
2024-09-11 01:10:00,50.1,50.2,204,229
2024-09-11 01:12:00,50.1,50.2,207,227
2024-09-11 01:14:00,50.2,50.2,208,227
2024-09-11 01:16:00,50.0,50.0,206,226
2024-09-11 01:18:00,50.0,49.9,208,225
2024-09-11 01:20:00,50.1,50.1,208,226
2024-09-11 01:22:00,50.4,50.4,207,226
2024-09-11 01:24:00,50.5,50.5,209,226
2024-09-11 01:26:00,50.6,50.6,209,227
2024-09-11 01:28:00,50.3,50.3,207,226
2024-09-11 01:30:00,50.2,50.2,207,227
2024-09-11 01:32:00,50.2,50.2,209,227
2024-09-11 01:34:00,50.1,50.1,207,226
2024-09-11 01:36:00,49.9,49.9,206,226
2024-09-11 01:38:00,50.1,50.2,208,226
2024-09-11 01:40:00,50.0,50.0,206,226
2024-09-11 01:42:00,50.0,50.0,206,226
2024-09-11 01:44:00,50.4,50.4,209,226
2024-09-11 01:46:00,50.2,50.2,208,226
2024-09-11 01:48:00,50.3,50.2,207,227
2024-09-11 01:50:00,50.2,50.2,209,226
2024-09-11 01:52:00,50.2,50.3,209,226
2024-09-11 01:54:00,49.9,49.9,207,226
2024-09-11 01:56:00,50.0,50.1,209,226
2024-09-11 01:58:00,50.2,50.3,210,226
2024-09-11 02:00:00,50.4,50.4,207,228
2024-09-11 02:02:00,50.0,50.0,209,226
2024-09-11 02:04:00,50.0,50.0,209,226
2024-09-11 02:06:00,50.1,50.1,207,227
2024-09-11 02:08:00,50.2,50.2,207,227
2024-09-11 02:10:00,50.0,50.0,209,226
2024-09-11 02:12:00,49.9,49.9,207,226
2024-09-11 02:14:00,49.9,49.9,208,226
2024-09-11 02:16:00,49.7,49.7,209,225
2024-09-11 02:18:00,50.2,50.2,207,226
2024-09-11 02:20:00,50.3,50.3,209,226
2024-09-11 02:22:00,50.2,50.2,209,225
2024-09-11 02:24:00,50.4,50.4,209,226
2024-09-11 02:26:00,50.2,50.1,206,227
2024-09-11 02:28:00,50.1,50.1,209,226
2024-09-11 02:30:00,50.1,50.1,208,226
2024-09-11 02:32:00,50.2,50.2,207,227
2024-09-11 02:34:00,49.9,50.0,209,226
2024-09-11 02:36:00,49.9,50.0,208,226
2024-09-11 02:38:00,50.1,50.0,205,225
2024-09-11 02:40:00,50.3,50.4,209,226
2024-09-11 02:42:00,50.4,50.4,209,226
2024-09-11 02:44:00,50.3,50.2,207,227
2024-09-11 02:46:00,50.4,50.4,209,228
2024-09-11 02:48:00,50.3,50.4,209,228
2024-09-11 02:50:00,50.4,50.5,207,228
2024-09-11 02:52:00,50.3,50.3,208,228
2024-09-11 02:54:00,50.0,50,209,228
2024-09-11 02:56:00,50.0,50.0,207,228
2024-09-11 02:58:00,49.9,50.0,207,228
2024-09-11 03:00:00,50.0,49.9,209,227
2024-09-11 03:02:00,50.1,50.0,206,228
2024-09-11 03:04:00,50.2,50.1,207,227
2024-09-11 03:06:00,50.4,50.4,209,228
2024-09-11 03:08:00,50.5,50.5,209,228
2024-09-11 03:10:00,50.5,50.5,207,228
2024-09-11 03:12:00,50.4,50.4,209,228
2024-09-11 03:14:00,50.2,50.2,210,227
2024-09-11 03:16:00,50.0,50.0,207,227
2024-09-11 03:18:00,50.2,50.3,210,226
2024-09-11 03:20:00,50.3,50.3,210,226
2024-09-11 03:22:00,50.3,50.2,207,226
2024-09-11 03:24:00,50.4,50.4,210,226
2024-09-11 03:26:00,50.3,50.3,209,226
2024-09-11 03:28:00,50.1,50.1,207,227
2024-09-11 03:30:00,50.0,50.0,210,226
2024-09-11 03:32:00,50.0,50.1,210,226
2024-09-11 03:34:00,50.0,50.0,208,227
2024-09-11 03:36:00,50.1,50.0,208,226
2024-09-11 03:38:00,50.1,50.1,209,226
2024-09-11 03:40:00,50.1,50.1,207,226
2024-09-11 03:42:00,49.9,49.8,207,226
2024-09-11 03:44:00,50.2,50.2,210,227
2024-09-11 03:46:00,50.5,50.4,208,232
2024-09-11 03:48:00,50.4,50.5,209,228
2024-09-11 03:50:00,50.5,50.5,211,227
2024-09-11 03:52:00,50.4,50.4,210,227
2024-09-11 03:54:00,50.4,50.4,208,228
2024-09-11 03:56:00,50.6,50.6,211,228
2024-09-11 03:58:00,50.2,50.2,207,228
2024-09-11 04:00:00,49.9,50.0,205,227
2024-09-11 04:02:00,50.0,50.0,208,227
2024-09-11 04:04:00,50.1,50.1,209,227
2024-09-11 04:06:00,50.1,50.1,209,231
2024-09-11 04:08:00,50.0,50.0,209,231
2024-09-11 04:10:00,50.1,50.1,209,231
2024-09-11 04:12:00,49.7,49.7,206,230
2024-09-11 04:14:00,49.9,50.0,208,232
2024-09-11 04:16:00,49.9,49.9,211,231
2024-09-11 04:18:00,49.9,49.8,209,231
2024-09-11 04:20:00,49.9,49.9,209,233
2024-09-11 04:22:00,49.7,49.7,210,228
2024-09-11 04:24:00,49.8,49.8,209,231
2024-09-11 04:26:00,49.8,49.8,209,230
2024-09-11 04:28:00,49.9,49.9,213,230
2024-09-11 04:30:00,49.7,49.6,210,231
2024-09-11 04:32:00,50.0,50.0,210,231
2024-09-11 04:34:00,49.9,50.0,211,228
2024-09-11 04:36:00,49.8,49.8,210,230
2024-09-11 04:38:00,49.8,49.8,207,230
2024-09-11 04:40:00,50.1,50.0,211,231
2024-09-11 04:42:00,50.0,50.0,211,230
2024-09-11 04:44:00,50.0,50.0,207,231
2024-09-11 04:46:00,49.7,49.7,209,231
2024-09-11 04:48:00,49.6,49.7,211,228
2024-09-11 04:50:00,49.7,49.7,209,229
2024-09-11 04:52:00,49.8,49.8,209,229
2024-09-11 04:54:00,50.0,50.0,212,229
2024-09-11 04:56:00,49.7,49.7,209,229
2024-09-11 04:58:00,49.5,49.4,209,228
2024-09-11 05:00:00,49.7,49.7,211,228
2024-09-11 05:02:00,49.8,49.8,209,229
2024-09-11 05:04:00,50.0,50.1,209,229
2024-09-11 05:06:00,50.2,50.1,212,230
2024-09-11 05:08:00,49.9,49.9,211,229
2024-09-11 05:10:00,49.7,49.7,209,229
2024-09-11 05:12:00,49.5,49.5,209,228
2024-09-11 05:14:00,50.4,50.4,211,231
2024-09-11 05:16:00,49.6,49.6,206,228
2024-09-11 05:18:00,49.6,49.6,213,228
2024-09-11 05:20:00,49.4,49.4,210,228
2024-09-11 05:22:00,49.3,49.3,209,228
2024-09-11 05:24:00,49.7,49.6,208,228
2024-09-11 05:26:00,49.7,49.6,209,228
2024-09-11 05:28:00,49.4,49.4,206,228
2024-09-11 05:30:00,49.3,49.3,208,225
2024-09-11 05:32:00,49.8,49.7,207,228
2024-09-11 05:34:00,49.5,49.5,206,224
2024-09-11 05:36:00,49.5,49.5,209,222
2024-09-11 05:38:00,49.2,49.3,209,223
2024-09-11 05:40:00,49.0,49.0,209,218
2024-09-11 05:42:00,49.3,49.4,206,222
2024-09-11 05:44:00,49.3,49.3,207,224
2024-09-11 05:46:00,49.3,49.3,212,226
2024-09-11 05:48:00,49.3,49.2,204,225
2024-09-11 05:50:00,49.6,49.6,206,220
2024-09-11 05:52:00,49.4,49.4,201,217
2024-09-11 05:54:00,49.2,49.2,205,213
2024-09-11 05:56:00,49.2,49.2,206,211
2024-09-11 05:58:00,49.2,49.2,201,221
2024-09-11 06:00:00,48.9,48.9,201,220
2024-09-11 06:02:00,49.5,49.4,204,219
2024-09-11 06:04:00,49.1,49.1,207,224
2024-09-11 06:06:00,48.9,48.9,207,216
2024-09-11 06:08:00,48.8,48.8,204,225
2024-09-11 06:10:00,48.8,48.7,207,221
2024-09-11 06:12:00,49.1,49.1,208,226
2024-09-11 06:14:00,49.4,49.4,207,228
2024-09-11 06:16:00,49.3,49.2,208,224
2024-09-11 06:18:00,48.7,48.8,206,216
2024-09-11 06:20:00,49.3,49.3,204,218
2024-09-11 06:22:00,49.0,49.1,210,212
2024-09-11 06:24:00,48.9,48.9,209,214
2024-09-11 06:26:00,48.8,48.8,204,211
2024-09-11 06:28:00,48.8,48.7,204,211
2024-09-11 06:30:00,49.6,49.6,207,215
2024-09-11 06:32:00,49.5,49.3,206,211
2024-09-11 06:34:00,49.6,49.6,208,200
2024-09-11 06:36:00,49.3,49.3,205,201
2024-09-11 06:38:00,49.3,49.4,207,204
2024-09-11 06:40:00,49.0,49.0,205,208
2024-09-11 06:42:00,49.2,49.2,206,208
2024-09-11 06:44:00,49.1,49.1,209,208
2024-09-11 06:46:00,49.0,49.0,209,209
2024-09-11 06:48:00,49.5,49.5,207,211
2024-09-11 06:50:00,49.1,49.2,207,212
2024-09-11 06:52:00,49.7,49.8,208,211
2024-09-11 06:54:00,49.2,49.2,208,209
2024-09-11 06:56:00,49.6,49.6,201,211
2024-09-11 06:58:00,49.2,49.4,204,218
2024-09-11 07:00:00,49.0,49.1,204,216
2024-09-11 07:02:00,48.9,49.0,204,223
2024-09-11 07:04:00,49.5,49.6,203,216
2024-09-11 07:06:00,49.0,49.0,202,207
2024-09-11 07:08:00,49.3,49.4,202,214
2024-09-11 07:10:00,49.6,49.7,208,222
2024-09-11 07:12:00,49.3,49.2,204,221
2024-09-11 07:14:00,49.2,49.2,207,223
2024-09-11 07:16:00,50.4,50.2,204,221
2024-09-11 07:18:00,50.3,50.3,207,222
2024-09-11 07:20:00,49.9,50.0,207,220
2024-09-11 07:22:00,49.9,49.9,207,218
2024-09-11 07:24:00,49.9,49.8,204,217
2024-09-11 07:26:00,49.6,49.7,205,211
2024-09-11 07:28:00,49.9,49.9,206,210
2024-09-11 07:30:00,50.0,50.0,204,216
2024-09-11 07:32:00,50.0,50.0,204,209
2024-09-11 07:34:00,50.0,49.9,204,211
2024-09-11 07:36:00,49.9,50.0,202,215
2024-09-11 07:38:00,49.8,49.8,203,210
2024-09-11 07:40:00,49.9,49.9,206,212
2024-09-11 07:42:00,49.6,49.6,197,213
2024-09-11 07:44:00,49.9,49.9,196,221
2024-09-11 07:46:00,49.8,49.8,202,220
2024-09-11 07:48:00,49.7,49.7,198,221
2024-09-11 07:50:00,49.7,49.6,200,223
2024-09-11 07:52:00,49.9,49.9,204,221
2024-09-11 07:54:00,49.9,50.0,202,218
2024-09-11 07:56:00,49.6,49.6,198,214
2024-09-11 07:58:00,49.9,49.8,199,215
2024-09-11 08:00:00,49.7,49.7,203,214
2024-09-11 08:02:00,49.5,49.6,202,212
2024-09-11 08:04:00,49.5,49.6,201,213
2024-09-11 08:06:00,49.4,49.4,197,216
2024-09-11 08:08:00,49.6,49.6,195,213
2024-09-11 08:10:00,49.7,49.6,197,217
2024-09-11 08:12:00,50.0,50.0,197,214
2024-09-11 08:14:00,49.8,49.7,194,213
2024-09-11 08:16:00,49.7,49.6,192,214
2024-09-11 08:18:00,49.6,49.5,197,211
2024-09-11 08:20:00,49.6,49.7,198,214
2024-09-11 08:22:00,49.5,49.5,198,214
2024-09-11 08:24:00,49.7,49.7,200,209
2024-09-11 08:26:00,49.4,49.5,202,210
2024-09-11 08:28:00,49.6,49.6,200,208
2024-09-11 08:30:00,49.6,49.6,198,204
2024-09-11 08:32:00,49.3,49.3,199,207
2024-09-11 08:34:00,49.3,49.4,197,211
2024-09-11 08:36:00,49.6,49.5,200,211
2024-09-11 08:38:00,49.7,49.5,196,209
2024-09-11 08:40:00,49.8,49.6,197,205
2024-09-11 08:42:00,49.8,49.8,194,205
2024-09-11 08:44:00,49.4,49.5,197,204
2024-09-11 08:46:00,49.8,49.9,199,207
2024-09-11 08:48:00,49.5,49.4,198,206
2024-09-11 08:50:00,49.6,49.5,200,204
2024-09-11 08:52:00,49.5,49.5,196,204
2024-09-11 08:54:00,49.5,49.5,197,203
2024-09-11 08:56:00,49.4,49.3,197,198
2024-09-11 08:58:00,49.3,49.2,196,200
2024-09-11 09:00:00,49.5,49.4,197,203
2024-09-11 09:02:00,49.7,49.7,202,196
2024-09-11 09:04:00,49.3,49.3,195,200
2024-09-11 09:06:00,49.2,49.2,198,196
2024-09-11 09:08:00,49.4,49.3,192,192
2024-09-11 09:10:00,49.3,49.3,197,190
2024-09-11 09:12:00,49.4,49.4,195,188
2024-09-11 09:14:00,49.3,49.3,193,182
2024-09-11 09:16:00,49.3,49.2,194,190
2024-09-11 09:18:00,49.2,49.2,195,190
2024-09-11 09:20:00,49.5,49.3,194,193
2024-09-11 09:22:00,49.2,49.2,191,187
2024-09-11 09:24:00,49.4,49.4,195,187
2024-09-11 09:26:00,49.6,49.6,190,200
2024-09-11 09:28:00,49.7,49.8,197,202
2024-09-11 09:30:00,49.4,49.5,199,203
2024-09-11 09:32:00,49.6,49.7,192,204
2024-09-11 09:34:00,49.5,49.5,194,198
2024-09-11 09:36:00,49.4,49.6,197,204
2024-09-11 09:38:00,49.3,49.3,195,196
2024-09-11 09:40:00,49.3,49.3,198,201
2024-09-11 09:42:00,49.3,49.2,197,199
2024-09-11 09:44:00,49.2,49.2,199,199
2024-09-11 09:46:00,49.2,49.1,199,197
2024-09-11 09:48:00,52.2,51.7,192,217
2024-09-11 09:50:00,50,50.0,196,215
2024-09-11 09:52:00,50.1,50.1,197,219
2024-09-11 09:54:00,49.5,49.5,201,205
2024-09-11 09:56:00,49.4,49.4,198,202
2024-09-11 09:58:00,49.4,49.4,195,197
2024-09-11 10:00:00,49.5,49.5,194,202
2024-09-11 10:02:00,49.2,49.2,199,203
2024-09-11 10:04:00,49.3,49.4,199,203
2024-09-11 10:06:00,49.4,49.4,195,200
2024-09-11 10:08:00,48.9,48.9,202,197
2024-09-11 10:10:00,50.7,50.6,196,214
2024-09-11 10:12:00,50.2,50.1,196,211
2024-09-11 10:14:00,50.2,50.3,198,212
2024-09-11 10:16:00,50.0,50.1,199,211
2024-09-11 10:18:00,50.1,50.2,197,209
2024-09-11 10:20:00,48.5,48.5,199,200
2024-09-11 10:22:00,49.3,49.4,196,200
2024-09-11 10:24:00,49.2,49.2,194,194
2024-09-11 10:26:00,49.2,49.2,199,190
2024-09-11 10:28:00,49.1,49.2,197,194
2024-09-11 10:30:00,48.8,48.8,195,198
2024-09-11 10:32:00,52.9,52.9,192,217
2024-09-11 10:34:00,50.5,50.5,198,211
2024-09-11 10:36:00,50.0,49.9,195,206
2024-09-11 10:38:00,50.3,50.3,197,215
2024-09-11 10:40:00,50.2,50.2,199,213
2024-09-11 10:42:00,49.5,49.4,196,207
2024-09-11 10:44:00,49.2,49.2,197,194
2024-09-11 10:46:00,49.7,49.7,197,197
2024-09-11 10:48:00,49.3,49.2,193,202
2024-09-11 10:50:00,49.8,49.8,195,202
2024-09-11 10:52:00,49.6,49.7,196,199
2024-09-11 10:54:00,49.5,49.4,198,199
2024-09-11 10:56:00,49.7,49.7,194,195
2024-09-11 10:58:00,49.9,49.9,199,199
2024-09-11 11:00:00,49.6,49.6,195,199
2024-09-11 11:02:00,49.3,49.3,199,197
2024-09-11 11:04:00,49.0,49.1,195,194
2024-09-11 11:06:00,49.3,49.3,194,201
2024-09-11 11:08:00,49.2,49.2,194,196
2024-09-11 11:10:00,49.5,49.6,194,199
2024-09-11 11:12:00,49.4,49.4,193,200
2024-09-11 11:14:00,49.5,49.4,194,200
2024-09-11 11:16:00,49.1,49.1,198,201
2024-09-11 11:18:00,49.6,49.6,199,196
2024-09-11 11:20:00,49.5,49.5,200,200
2024-09-11 11:22:00,49.1,49.1,199,192
2024-09-11 11:24:00,49.5,49.3,194,197
2024-09-11 11:26:00,49.2,49.1,196,194
2024-09-11 11:28:00,49.2,49.2,194,197
2024-09-11 11:30:00,49.2,49.3,199,194
2024-09-11 11:32:00,49.2,49.2,199,191
2024-09-11 11:34:00,49.3,49.3,193,194
2024-09-11 11:36:00,49.3,49.4,192,194
2024-09-11 11:38:00,49.5,49.5,194,192
2024-09-11 11:40:00,49.3,49.3,194,196
2024-09-11 11:42:00,49.2,49.2,199,190
2024-09-11 11:44:00,49.4,49.4,196,197
2024-09-11 11:46:00,49.6,49.5,199,194
2024-09-11 11:48:00,49.6,49.6,196,192
2024-09-11 11:50:00,49.5,49.5,197,194
2024-09-11 11:52:00,49.6,49.6,199,199
2024-09-11 11:54:00,49.0,49.1,193,192
2024-09-11 11:56:00,49.3,49.2,195,197
2024-09-11 11:58:00,49.8,49.8,194,201
2024-09-11 12:00:00,49.2,49.1,194,203
2024-09-11 12:02:00,49.6,49.5,194,201
2024-09-11 12:04:00,49.8,49.8,193,201
2024-09-11 12:06:00,49.5,49.5,199,202
2024-09-11 12:08:00,49.6,49.5,194,198
2024-09-11 12:10:00,49.9,49.9,199,197
2024-09-11 12:12:00,49.8,49.7,194,204
2024-09-11 12:14:00,49.8,49.8,195,198
2024-09-11 12:16:00,49.6,49.6,194,196
2024-09-11 12:18:00,49.1,49.1,197,194
2024-09-11 12:20:00,49.4,49.4,195,198
2024-09-11 12:22:00,49.5,49.5,197,194
2024-09-11 12:24:00,49.1,49.2,197,192
2024-09-11 12:26:00,49.4,49.5,194,196
2024-09-11 12:28:00,49.3,49.4,195,197
2024-09-11 12:30:00,49.0,49.0,197,194
2024-09-11 12:32:00,49.6,49.6,195,193
2024-09-11 12:34:00,49.5,49.6,197,193
2024-09-11 12:36:00,49.9,49.9,194,190
2024-09-11 12:38:00,49.6,49.6,194,195
2024-09-11 12:40:00,49.6,49.6,198,202
2024-09-11 12:42:00,49.4,49.5,198,194
2024-09-11 12:44:00,49.4,49.4,195,202
2024-09-11 12:46:00,49.6,49.6,190,200
2024-09-11 12:48:00,49.7,49.7,192,203
2024-09-11 12:50:00,49.6,49.5,193,196
2024-09-11 12:52:00,49.5,49.5,192,199
2024-09-11 12:54:00,49.6,49.6,192,199
2024-09-11 12:56:00,49.5,49.5,195,197
2024-09-11 12:58:00,49.3,49.2,194,194
2024-09-11 13:00:00,49.6,49.5,199,192
2024-09-11 13:02:00,49.6,49.6,197,190
2024-09-11 13:04:00,49.1,49.2,194,191
2024-09-11 13:06:00,49.9,49.8,194,194
2024-09-11 13:08:00,49.5,49.5,197,199
2024-09-11 13:10:00,49.7,49.7,196,198
2024-09-11 13:12:00,49.4,49.5,195,202
2024-09-11 13:14:00,49.7,49.7,196,200
2024-09-11 13:16:00,49.8,49.8,197,196
2024-09-11 13:18:00,49.4,49.3,195,202
2024-09-11 13:20:00,49.5,49.5,195,196
2024-09-11 13:22:00,49.7,49.7,197,197
2024-09-11 13:24:00,49.5,49.5,195,194
2024-09-11 13:26:00,49.2,49.1,195,194
2024-09-11 13:28:00,49.1,49.1,199,190
2024-09-11 13:30:00,49.5,49.4,194,197
2024-09-11 13:32:00,49.2,49.2,196,191
2024-09-11 13:34:00,49.4,49.4,198,187
2024-09-11 13:36:00,49.2,49.3,190,190
2024-09-11 13:38:00,49.3,49.3,191,193
2024-09-11 13:40:00,49.5,49.5,196,192
2024-09-11 13:42:00,49.3,49.2,199,194
2024-09-11 13:44:00,49.7,49.6,197,199
2024-09-11 13:46:00,49.3,49.3,194,195
2024-09-11 13:48:00,49.7,49.7,199,195
2024-09-11 13:50:00,49.7,49.7,198,192
2024-09-11 13:52:00,49.6,49.6,195,198
2024-09-11 13:54:00,49.6,49.5,197,193
2024-09-11 13:56:00,49.5,49.4,194,194
2024-09-11 13:58:00,49.4,49.5,197,193
2024-09-11 14:00:00,49.2,49.1,197,192
2024-09-11 14:02:00,49.5,49.5,197,194
2024-09-11 14:04:00,49.2,49.1,191,194
2024-09-11 14:06:00,49.2,49.2,196,196
2024-09-11 14:08:00,49.0,49.0,199,192
2024-09-11 14:10:00,49.3,49.3,197,194
2024-09-11 14:12:00,49.1,49.1,197,197
2024-09-11 14:14:00,49.6,49.6,197,201
2024-09-11 14:16:00,49.3,49.4,197,200
2024-09-11 14:18:00,49.3,49.2,196,196
2024-09-11 14:20:00,48.9,49.2,194,194
2024-09-11 14:22:00,49.9,50.1,193,210
2024-09-11 14:24:00,50.2,50.2,197,204
2024-09-11 14:26:00,50.3,50.3,199,201
2024-09-11 14:28:00,50.1,50.1,196,203
2024-09-11 14:30:00,50.3,50.1,196,214
2024-09-11 14:32:00,49.9,49.6,194,207
2024-09-11 14:34:00,49.8,49.7,192,200
2024-09-11 14:36:00,49.8,49.9,197,193
2024-09-11 14:38:00,50.0,50.0,197,202
2024-09-11 14:40:00,49.8,49.5,197,194
2024-09-11 14:42:00,49.6,49.5,193,194
2024-09-11 14:44:00,49.4,49.5,196,198
2024-09-11 14:46:00,49.8,49.8,197,202
2024-09-11 14:48:00,49.8,50.0,194,206
2024-09-11 14:50:00,49.6,49.7,192,208
2024-09-11 14:52:00,49.8,49.9,196,208
2024-09-11 14:54:00,49.3,49.2,194,204
2024-09-11 14:56:00,49.4,49.5,194,205
2024-09-11 14:58:00,49.5,49.5,193,202
2024-09-11 15:00:00,49.5,49.5,192,205
2024-09-11 15:02:00,49.8,49.9,192,204
2024-09-11 15:04:00,49.7,49.9,197,207
2024-09-11 15:06:00,49.7,49.6,197,202
2024-09-11 15:08:00,49.5,49.5,198,202
2024-09-11 15:10:00,49.5,49.4,196,202
2024-09-11 15:12:00,49.5,49.5,197,199
2024-09-11 15:14:00,49.8,49.8,192,207
2024-09-11 15:16:00,49.8,49.9,197,204
2024-09-11 15:18:00,49.8,49.6,197,201
2024-09-11 15:20:00,49.3,49.6,195,199
2024-09-11 15:22:00,49.3,49.3,195,198
2024-09-11 15:24:00,49.6,49.7,194,200
2024-09-11 15:26:00,49.8,49.6,192,199
2024-09-11 15:28:00,49.0,49.2,196,199
2024-09-11 15:30:00,49.3,49.3,196,202
2024-09-11 15:32:00,49.2,49.1,195,197
2024-09-11 15:34:00,49.4,49.2,192,202
2024-09-11 15:36:00,49.1,49.2,194,201
2024-09-11 15:38:00,49.5,49.3,198,199
2024-09-11 15:40:00,49.3,49.1,197,197
2024-09-11 15:42:00,49.0,49.2,194,197
2024-09-11 15:44:00,49.1,49.2,192,195
2024-09-11 15:46:00,49.0,49.0,193,192
2024-09-11 15:48:00,49.6,49.5,195,199
2024-09-11 15:50:00,49.3,49.3,197,202
2024-09-11 15:52:00,49.3,49.3,199,199
2024-09-11 15:54:00,4926,6452,0,0
2024-09-11 15:56:00,50.2,50.3,222,234
2024-09-11 15:58:00,50.4,50.4,216,240
2024-09-11 16:00:00,50.5,50.4,214,245
2024-09-11 16:02:00,50.2,50.3,214,243
2024-09-11 16:04:00,50.2,50.2,211,244
2024-09-11 16:06:00,50.1,50.2,212,244
2024-09-11 16:08:00,50.1,50.3,217,240
2024-09-11 16:10:00,50.2,50.1,215,242
2024-09-11 16:12:00,49.9,49.9,212,243
2024-09-11 16:14:00,50.1,50.2,215,245
2024-09-11 16:16:00,49.8,49.7,214,240
2024-09-11 16:18:00,50.0,49.9,214,241
2024-09-11 16:20:00,50.0,50.0,216,240
2024-09-11 16:22:00,50.3,50.1,219,240
2024-09-11 16:24:00,50.2,50.0,218,241
2024-09-11 16:26:00,50.1,50.1,216,239
2024-09-11 16:28:00,50.3,50.2,216,243
2024-09-11 16:30:00,50.3,50.3,214,244
2024-09-11 16:32:00,50.5,50.5,214,246
2024-09-11 16:34:00,50.4,50.4,220,243
2024-09-11 16:36:00,50.6,50.6,220,241
2024-09-11 16:38:00,50.3,50.4,217,240
2024-09-11 16:40:00,50.4,50.4,219,240
2024-09-11 16:42:00,50.4,50.4,217,241
2024-09-11 16:44:00,50.7,50.7,217,243
2024-09-11 16:46:00,50.8,50.8,222,241
2024-09-11 16:48:00,50.7,50.8,217,243
2024-09-11 16:50:00,49.2,49.1,200,198
2024-09-11 16:52:00,49.3,49.3,199,197
2024-09-11 16:54:00,49.5,49.5,202,201
2024-09-11 16:56:00,49.6,49.5,201,204
2024-09-11 16:58:00,49.3,49.3,202,197
2024-09-11 17:00:00,49.2,49.2,202,199
2024-09-11 17:02:00,49.3,49.4,202,195
2024-09-11 17:04:00,49.2,49.3,199,198
2024-09-11 17:06:00,49.2,49.1,200,192
2024-09-11 17:08:00,49.7,49.7,199,198
2024-09-11 17:10:00,49.8,49.8,199,198
2024-09-11 17:12:00,49.9,49.9,202,199
2024-09-11 17:14:00,49.4,49.4,202,197
2024-09-11 17:16:00,49.2,49.2,201,192
2024-09-11 17:18:00,49.0,49.0,199,193
2024-09-11 17:20:00,49.4,49.4,202,189
2024-09-11 17:22:00,49.5,49.4,199,191
2024-09-11 17:24:00,49.5,49.5,201,192
2024-09-11 17:26:00,49.6,49.6,198,192
2024-09-11 17:28:00,49.1,49.1,197,196
2024-09-11 17:30:00,49.7,49.7,198,194
2024-09-11 17:32:00,49.6,49.6,201,189
2024-09-11 17:34:00,49.4,49.5,199,190
2024-09-11 17:36:00,49.2,49.1,198,194
2024-09-11 17:38:00,49.4,49.4,199,197
2024-09-11 17:40:00,49.7,49.7,199,201
2024-09-11 17:42:00,49.6,49.7,199,201
2024-09-11 17:44:00,49.6,49.5,200,203
2024-09-11 17:46:00,49.4,49.4,201,198
2024-09-11 17:48:00,49.7,49.6,197,199
2024-09-11 17:50:00,49.3,49.4,199,197
2024-09-11 17:52:00,49.2,49.3,200,193
2024-09-11 17:54:00,49.0,49.0,197,198
2024-09-11 17:56:00,49.1,49.1,198,199
2024-09-11 17:58:00,49.5,49.6,199,202
2024-09-11 18:00:00,49.7,49.6,196,202
2024-09-11 18:02:00,49.3,49.3,196,199
2024-09-11 18:04:00,49.2,49.1,199,199
2024-09-11 18:06:00,49.0,49.0,199,202
2024-09-11 18:08:00,49.0,48.9,197,202
2024-09-11 18:10:00,49.0,49.0,197,203
2024-09-11 18:12:00,49.3,49.3,196,199
2024-09-11 18:14:00,49.0,48.9,197,199
2024-09-11 18:16:00,49.0,49.0,195,201
2024-09-11 18:18:00,48.9,48.9,197,197
2024-09-11 18:20:00,49.0,49.0,193,199
2024-09-11 18:22:00,48.8,48.8,198,198
2024-09-11 18:24:00,48.7,48.7,194,197
2024-09-11 18:26:00,49.2,49.3,198,202
2024-09-11 18:28:00,3937,6452,0,0
2024-09-11 18:30:00,7813,4367,0,0
2024-09-11 18:32:00,6536,4926,0.707,0
2024-09-11 18:34:00,49.9,49.8,227,238
2024-09-11 18:36:00,50.0,50.1,227,240
2024-09-11 18:38:00,50.3,50.1,224,241
2024-09-11 18:40:00,49.8,49.9,225,240
2024-09-11 18:42:00,49.8,49.8,220,241
2024-09-11 18:44:00,49.9,50.0,219,242
2024-09-11 18:46:00,49.8,49.9,219,242
2024-09-11 18:48:00,49.9,49.9,220,240
2024-09-11 18:50:00,49.9,49.9,219,241
2024-09-11 18:52:00,49.8,49.7,214,244
2024-09-11 18:54:00,49.9,49.9,214,245
2024-09-11 18:56:00,50,49.8,212,247
2024-09-11 18:58:00,49.8,49.8,219,240
2024-09-11 19:00:00,49.8,49.8,220,243
2024-09-11 19:02:00,49.8,49.7,220,240
2024-09-11 19:04:00,49.6,49.5,218,239
2024-09-11 19:06:00,49.9,49.8,219,243
2024-09-11 19:08:00,49.9,49.9,219,243
2024-09-11 19:10:00,50.0,49.9,219,243
2024-09-11 19:12:00,49.8,49.9,220,242
2024-09-11 19:14:00,49.9,49.9,220,242
2024-09-11 19:16:00,49.9,50.0,218,241
2024-09-11 19:18:00,49.9,49.9,219,242
2024-09-11 19:20:00,49.9,49.9,218,242
2024-09-11 19:22:00,49.8,49.9,217,240
2024-09-11 19:24:00,50.1,50.2,220,238
2024-09-11 19:26:00,50.3,50.3,222,240
2024-09-11 19:28:00,50.4,50.4,220,239
2024-09-11 19:30:00,50.2,50.1,221,239
2024-09-11 19:32:00,50.4,50.5,223,240
2024-09-11 19:34:00,50.5,50.4,222,241
2024-09-11 19:36:00,50.4,50.4,221,239
2024-09-11 19:38:00,50.4,50.4,223,239
2024-09-11 19:40:00,50.4,50.5,223,239
2024-09-11 19:42:00,50.5,50.5,223,238
2024-09-11 19:44:00,50.9,50.9,226,243
2024-09-11 19:46:00,50.9,50.9,225,244
2024-09-11 19:48:00,50.7,50.8,220,245
2024-09-11 19:50:00,50.8,50.8,223,241
2024-09-11 19:52:00,50.8,50.8,227,240
2024-09-11 19:54:00,50.8,50.8,221,242
2024-09-11 19:56:00,50.8,50.8,219,245
2024-09-11 19:58:00,51.2,51.2,226,243
2024-09-11 20:00:00,51.1,51.2,223,243
2024-09-11 20:02:00,50.8,50.8,219,244
2024-09-11 20:04:00,50.5,50.5,221,239
2024-09-11 20:06:00,50.6,50.6,223,239
2024-09-11 20:08:00,50.7,50.6,223,239
2024-09-11 20:10:00,50.7,50.7,221,242
2024-09-11 20:12:00,50.7,50.6,221,242
2024-09-11 20:14:00,51.1,51.0,223,244
2024-09-11 20:16:00,51.1,51.1,225,243
2024-09-11 20:18:00,51.0,51.1,225,243
2024-09-11 20:20:00,50.7,50.8,220,245
2024-09-11 20:22:00,50.7,50.7,222,241
2024-09-11 20:24:00,50.5,50.5,221,241
2024-09-11 20:26:00,50.6,50.5,219,243
2024-09-11 20:28:00,50.6,50.5,221,243
2024-09-11 20:30:00,50.7,50.7,221,244
2024-09-11 20:32:00,50.7,50.7,219,245
2024-09-11 20:34:00,50.7,50.8,219,245
2024-09-11 20:36:00,50.8,50.7,221,244
2024-09-11 20:38:00,50.9,50.9,223,243
2024-09-11 20:40:00,50.9,50.8,222,243
2024-09-11 20:42:00,50.9,50.9,224,242
2024-09-11 20:44:00,48.9,48.9,197,195
2024-09-11 20:46:00,49.2,49.2,197,194
2024-09-11 20:48:00,49.1,49.0,197,194
2024-09-11 20:50:00,49.1,49.0,196,195
2024-09-11 20:52:00,49.1,49.2,194,198
2024-09-11 20:54:00,48.8,48.8,196,201
2024-09-11 20:56:00,49.0,48.9,193,198
2024-09-11 20:58:00,49.2,49.1,194,197
2024-09-11 21:00:00,49.5,49.5,195,197
2024-09-11 21:02:00,49.5,49.5,198,193
2024-09-11 21:04:00,49.5,49.5,194,195
2024-09-11 21:06:00,49.6,49.6,194,200
2024-09-11 21:08:00,49.3,49.3,197,200
2024-09-11 21:10:00,49.1,49.1,194,202
2024-09-11 21:12:00,49.3,49.3,196,200
2024-09-11 21:14:00,49.1,49.2,197,199
2024-09-11 21:16:00,49.2,49.2,197,201
2024-09-11 21:18:00,49.3,49.3,197,196
2024-09-11 21:20:00,49.2,49.3,198,200
2024-09-11 21:22:00,49.3,49.2,195,204
2024-09-11 21:24:00,49.1,49.0,194,203
2024-09-11 21:26:00,49.1,49.1,197,202
2024-09-11 21:28:00,49.1,49.1,198,202
2024-09-11 21:30:00,49.2,49.2,197,205
2024-09-11 21:32:00,49.4,49.3,194,207
2024-09-11 21:34:00,49.4,49.3,196,204
2024-09-11 21:36:00,48.9,49.0,196,207
2024-09-11 21:38:00,49.5,49.5,199,209
2024-09-11 21:40:00,49.5,49.6,201,209
2024-09-11 21:42:00,49.6,49.7,199,214
2024-09-11 21:44:00,49.3,49.4,197,214
2024-09-11 21:46:00,49.4,49.3,199,209
2024-09-11 21:48:00,49.2,49.1,199,209
2024-09-11 21:50:00,49.5,49.5,199,210
2024-09-11 21:52:00,49.6,49.6,203,208
2024-09-11 21:54:00,49.5,49.4,201,206
2024-09-11 21:56:00,49.6,49.5,201,209
2024-09-11 21:58:00,49.5,49.6,201,210
2024-09-11 22:00:00,49.4,49.4,202,210
2024-09-11 22:02:00,49.6,49.5,199,211
2024-09-11 22:04:00,49.8,49.8,197,211
2024-09-11 22:06:00,50.0,50.0,203,212
2024-09-11 22:08:00,49.8,49.9,201,212
2024-09-11 22:10:00,49.9,50.0,200,212
2024-09-11 22:12:00,49.8,49.8,200,211
2024-09-11 22:14:00,49.6,49.6,199,213
2024-09-11 22:16:00,49.4,49.4,203,211
2024-09-11 22:18:00,49.4,49.4,203,213
2024-09-11 22:20:00,49.8,49.8,198,214
2024-09-11 22:22:00,49.7,49.8,201,214
2024-09-11 22:24:00,49.8,49.8,199,215
2024-09-11 22:26:00,49.7,49.8,201,216
2024-09-11 22:28:00,49.7,49.7,202,214
2024-09-11 22:30:00,49.7,49.7,204,213
2024-09-11 22:32:00,49.6,49.6,199,214
2024-09-11 22:34:00,49.8,49.7,202,216
2024-09-11 22:36:00,49.5,49.5,204,214
2024-09-11 22:38:00,50.0,50.0,204,215
2024-09-11 22:40:00,50.0,50.0,202,216
2024-09-11 22:42:00,50.0,50.0,205,214
2024-09-11 22:44:00,49.8,49.7,204,215
2024-09-11 22:46:00,49.5,49.5,204,214
2024-09-11 22:48:00,49.5,49.5,204,214
2024-09-11 22:50:00,49.8,49.8,207,217
2024-09-11 22:52:00,49.9,49.9,202,217
2024-09-11 22:54:00,49.8,49.8,202,215
2024-09-11 22:56:00,49.8,49.8,205,216
2024-09-11 22:58:00,49.7,49.7,202,217
2024-09-11 23:00:00,49.6,49.6,201,217
2024-09-11 23:02:00,49.8,49.8,204,216
2024-09-11 23:04:00,49.8,49.8,204,216
2024-09-11 23:06:00,50.0,50.0,204,216
2024-09-11 23:08:00,50.2,50.3,206,218
2024-09-11 23:10:00,50.3,50.3,206,221
2024-09-11 23:12:00,49.9,49.9,204,221
2024-09-11 23:14:00,49.8,49.8,204,220
2024-09-11 23:16:00,49.9,50.0,208,217
2024-09-11 23:18:00,49.7,49.7,204,217
2024-09-11 23:20:00,49.7,49.7,205,217
2024-09-11 23:22:00,49.8,49.8,205,219
2024-09-11 23:24:00,50.1,50.0,204,221
2024-09-11 23:26:00,50.1,50.1,207,219
2024-09-11 23:28:00,50.1,50.0,206,220
2024-09-11 23:30:00,50.3,50.2,206,221
2024-09-11 23:32:00,49.8,49.8,204,221
2024-09-11 23:34:00,49.8,49.8,204,222
2024-09-11 23:36:00,50.0,49.9,204,221
2024-09-11 23:38:00,50.1,50.0,203,222
2024-09-11 23:40:00,50.2,50.2,206,223
2024-09-11 23:42:00,50,50.0,204,223
2024-09-11 23:44:00,50.2,50.2,202,223
2024-09-11 23:46:00,49.9,49.8,205,223
2024-09-11 23:48:00,49.7,49.7,203,221
2024-09-11 23:50:00,50.0,50.0,202,223
2024-09-11 23:52:00,50.2,50.1,206,223
2024-09-11 23:54:00,50.1,50.1,207,223
2024-09-11 23:56:00,50.4,50.3,203,225
2024-09-11 23:58:00,50,50.0,204,224
2024-09-12 00:00:00,50.0,50.1,207,224
2024-09-12 00:02:00,50.2,50.2,203,225
2024-09-12 00:04:00,50.1,50.0,205,224
2024-09-12 00:06:00,49.9,49.9,207,222
2024-09-12 00:08:00,50.0,50.0,207,223
2024-09-12 00:10:00,49.8,49.8,205,223
2024-09-12 00:12:00,49.6,49.7,209,221
2024-09-12 00:14:00,50.1,50.1,207,223
2024-09-12 00:16:00,50.2,50.1,206,223
2024-09-12 00:18:00,50.3,50.3,207,224
2024-09-12 00:20:00,50.2,50.2,207,225
2024-09-12 00:22:00,50.3,50.3,206,226
2024-09-12 00:24:00,50.2,50.3,209,223
2024-09-12 00:26:00,50.2,50.2,209,224
2024-09-12 00:28:00,50.2,50.2,206,226
2024-09-12 00:30:00,50.1,50.1,208,225
2024-09-12 00:32:00,49.9,49.9,209,225
2024-09-12 00:34:00,49.8,49.9,207,227
2024-09-12 00:36:00,50.1,50.1,206,225
2024-09-12 00:38:00,50.1,50.1,209,224
2024-09-12 00:40:00,50.2,50.2,205,226
2024-09-12 00:42:00,50.2,50.1,207,226
2024-09-12 00:44:00,50.0,50.0,208,224
2024-09-12 00:46:00,50.2,50.2,208,226
2024-09-12 00:48:00,50.0,50.0,204,226
2024-09-12 00:50:00,49.9,50.0,208,224
2024-09-12 00:52:00,49.9,49.9,208,224
2024-09-12 00:54:00,50.1,50.1,204,226
2024-09-12 00:56:00,50.4,50.4,209,226
2024-09-12 00:58:00,50.0,50.0,207,226
2024-09-12 01:00:00,49.9,50.0,203,227
2024-09-12 01:02:00,50.0,49.9,206,226
2024-09-12 01:04:00,50.1,50.1,209,226
2024-09-12 01:06:00,49.8,49.9,207,226
2024-09-12 01:08:00,50.0,50.0,207,227
2024-09-12 01:10:00,50.1,50.1,209,226
2024-09-12 01:12:00,50.1,50.1,208,226
2024-09-12 01:14:00,50.2,50.1,206,226
2024-09-12 01:16:00,49.9,49.9,206,226
2024-09-12 01:18:00,50.0,50.0,209,226
2024-09-12 01:20:00,49.8,49.8,207,226
2024-09-12 01:22:00,49.9,50.0,207,226
2024-09-12 01:24:00,50.0,50,207,226
2024-09-12 01:26:00,50.1,50.1,208,226
2024-09-12 01:28:00,50.3,50.3,210,226
2024-09-12 01:30:00,50.3,50.3,209,227
2024-09-12 01:32:00,50.0,49.9,207,227
2024-09-12 01:34:00,50.0,50.0,206,227
2024-09-12 01:36:00,49.9,49.9,209,225
2024-09-12 01:38:00,49.7,49.7,207,226
2024-09-12 01:40:00,50.2,50.2,207,226
2024-09-12 01:42:00,50.3,50.3,209,226
2024-09-12 01:44:00,50.2,50.2,206,226
2024-09-12 01:46:00,50.2,50.2,207,226
2024-09-12 01:48:00,50.0,50.0,208,226
2024-09-12 01:50:00,50.3,50.3,210,226
2024-09-12 01:52:00,50.2,50.2,208,226
2024-09-12 01:54:00,50.3,50.3,209,228
2024-09-12 01:56:00,50.2,50.2,211,226
2024-09-12 01:58:00,49.8,49.8,208,226
2024-09-12 02:00:00,50.3,50.3,209,228
2024-09-12 02:02:00,50.2,50.3,211,226
2024-09-12 02:04:00,50.4,50.3,208,227
2024-09-12 02:06:00,50.1,50.1,210,225
2024-09-12 02:08:00,50.0,50.0,210,228
2024-09-12 02:10:00,50.1,50.1,207,229
2024-09-12 02:12:00,50.0,50.0,207,226
2024-09-12 02:14:00,49.8,49.8,207,226
2024-09-12 02:16:00,49.8,49.8,206,226
2024-09-12 02:18:00,50.1,50.1,205,227
2024-09-12 02:20:00,50.1,50.1,209,226
2024-09-12 02:22:00,50.3,50.3,210,226
2024-09-12 02:24:00,50.3,50.3,208,228
2024-09-12 02:26:00,50.2,50.2,209,227
2024-09-12 02:28:00,49.8,49.9,210,226
2024-09-12 02:30:00,49.8,49.8,207,227
2024-09-12 02:32:00,50.0,50.0,209,226
2024-09-12 02:34:00,50.1,50.0,210,226
2024-09-12 02:36:00,50.0,50.0,207,227
2024-09-12 02:38:00,50.1,50.1,209,227
2024-09-12 02:40:00,50.3,50.4,211,227
2024-09-12 02:42:00,50.3,50.2,207,228
2024-09-12 02:44:00,50.5,50.5,208,228
2024-09-12 02:46:00,50.5,50.5,211,228
2024-09-12 02:48:00,50.3,50.3,208,228
2024-09-12 02:50:00,50.1,50.1,209,228
2024-09-12 02:52:00,50.2,50.2,209,228
2024-09-12 02:54:00,50.1,50.1,208,228
2024-09-12 02:56:00,50.0,50.0,207,227
2024-09-12 02:58:00,50.0,50.0,209,226
2024-09-12 03:00:00,50.4,50.4,209,228
2024-09-12 03:02:00,50.1,50.0,207,227
2024-09-12 03:04:00,50.0,50.0,209,227
2024-09-12 03:06:00,50.0,50.0,209,228
2024-09-12 03:08:00,49.8,49.8,207,228
2024-09-12 03:10:00,49.9,49.9,210,228
2024-09-12 03:12:00,50.1,50.1,210,227
2024-09-12 03:14:00,50.2,50.2,209,228
2024-09-12 03:16:00,50.2,50.2,209,228
2024-09-12 03:18:00,50.4,50.3,209,228
2024-09-12 03:20:00,50.2,50.2,207,228
2024-09-12 03:22:00,50.4,50.4,207,230
2024-09-12 03:24:00,50.2,50.3,209,228
2024-09-12 03:26:00,50.2,50.3,207,228
2024-09-12 03:28:00,50.3,50.3,207,228
2024-09-12 03:30:00,50.4,50.4,209,230
2024-09-12 03:32:00,50.2,50.3,209,229
2024-09-12 03:34:00,50.0,49.9,205,229
2024-09-12 03:36:00,50.2,50.2,209,228
2024-09-12 03:38:00,50.3,50.2,207,228
2024-09-12 03:40:00,50.5,50.5,207,229
2024-09-12 03:42:00,50.3,50.4,209,229
2024-09-12 03:44:00,50.4,50.4,209,228
2024-09-12 03:46:00,50.2,50.2,206,229
2024-09-12 03:48:00,50.0,50.0,210,228
2024-09-12 03:50:00,50.0,50.0,211,226
2024-09-12 03:52:00,49.8,49.8,208,230
2024-09-12 03:54:00,50.1,50.2,209,230
2024-09-12 03:56:00,50.5,50.4,211,228
2024-09-12 03:58:00,50.4,50.4,210,228
2024-09-12 04:00:00,50.4,50.3,209,229
2024-09-12 04:02:00,50.9,50.8,212,229
2024-09-12 04:04:00,51.1,51.0,211,230
2024-09-12 04:06:00,51.0,51.0,209,229
2024-09-12 04:08:00,49.9,50.0,211,228
2024-09-12 04:10:00,49.9,50.0,211,228
2024-09-12 04:12:00,49.6,49.7,209,228
2024-09-12 04:14:00,49.8,49.8,212,227
2024-09-12 04:16:00,49.7,49.7,211,226
2024-09-12 04:18:00,49.6,49.6,210,228
2024-09-12 04:20:00,49.7,49.7,209,228
2024-09-12 04:22:00,49.5,49.5,210,227
2024-09-12 04:24:00,49.7,49.7,209,228
2024-09-12 04:26:00,49.8,49.8,209,229
2024-09-12 04:28:00,49.8,49.9,213,231
2024-09-12 04:30:00,49.9,49.8,210,231
2024-09-12 04:32:00,50.0,50.0,209,230
2024-09-12 04:34:00,50.0,50.0,213,229
2024-09-12 04:36:00,49.7,49.7,213,228
2024-09-12 04:38:00,49.8,49.8,211,229
2024-09-12 04:40:00,49.7,49.7,211,228
2024-09-12 04:42:00,49.9,49.8,212,228
2024-09-12 04:44:00,49.5,49.5,209,229
2024-09-12 04:46:00,49.6,49.6,211,228
2024-09-12 04:48:00,49.5,49.5,212,227
2024-09-12 04:50:00,49.7,49.7,210,228
2024-09-12 04:52:00,49.6,49.6,208,230
2024-09-12 04:54:00,49.8,49.8,209,230
2024-09-12 04:56:00,49.5,49.5,207,229
2024-09-12 04:58:00,50.0,50.0,210,231
2024-09-12 05:00:00,49.9,49.8,211,230
2024-09-12 05:02:00,49.6,49.6,211,229
2024-09-12 05:04:00,49.8,49.8,210,228
2024-09-12 05:06:00,49.3,49.4,211,228
2024-09-12 05:08:00,49.4,49.4,210,229
2024-09-12 05:10:00,49.5,49.5,209,228
2024-09-12 05:12:00,49.7,49.7,211,229
2024-09-12 05:14:00,49.7,49.8,209,228
2024-09-12 05:16:00,49.5,49.5,209,229
2024-09-12 05:18:00,49.5,49.5,209,231
2024-09-12 05:20:00,49.8,49.8,211,229
2024-09-12 05:22:00,49.8,49.8,209,231
2024-09-12 05:24:00,49.5,49.5,208,229
2024-09-12 05:26:00,49.6,49.6,210,229
2024-09-12 05:28:00,49.3,49.3,209,228
2024-09-12 05:30:00,49.5,49.5,208,230
2024-09-12 05:32:00,49.5,49.5,211,221
2024-09-12 05:34:00,49.2,49.2,210,219
2024-09-12 05:36:00,49.2,49.3,209,218
2024-09-12 05:38:00,49.6,49.6,209,227
2024-09-12 05:40:00,49.3,49.2,208,225
2024-09-12 05:42:00,49.1,49.2,205,216
2024-09-12 05:44:00,49.2,49.1,211,213
2024-09-12 05:46:00,49.1,49.1,207,225
2024-09-12 05:48:00,49.3,49.2,207,225
2024-09-12 05:50:00,49.5,49.5,207,220
2024-09-12 05:52:00,49.1,49.1,209,219
2024-09-12 05:54:00,49.2,49.2,208,224
2024-09-12 05:56:00,49.1,49.0,207,220
2024-09-12 05:58:00,49.0,49.0,210,225
2024-09-12 06:00:00,49.1,49.1,209,223
2024-09-12 06:02:00,49.0,49.0,207,222
2024-09-12 06:04:00,48.7,48.7,209,220
2024-09-12 06:06:00,49.0,49.1,208,219
2024-09-12 06:08:00,48.8,48.8,206,208
2024-09-12 06:10:00,48.8,48.8,207,207
2024-09-12 06:12:00,48.3,48.2,204,204
2024-09-12 06:14:00,48.6,48.5,207,215
2024-09-12 06:16:00,48.7,48.7,204,216
2024-09-12 06:18:00,47.8,47.9,207,213
2024-09-12 06:20:00,49.2,49.2,204,216
2024-09-12 06:22:00,48.7,48.7,204,213
2024-09-12 06:24:00,49.8,49.8,205,212
2024-09-12 06:26:00,49.7,49.6,210,215
2024-09-12 06:28:00,49.5,49.5,207,211
2024-09-12 06:30:00,49.4,49.4,209,211
2024-09-12 06:32:00,49.6,49.6,210,210
2024-09-12 06:34:00,49.7,49.7,206,209
2024-09-12 06:36:00,49.9,49.9,209,208
2024-09-12 06:38:00,49.8,49.8,209,211
2024-09-12 06:40:00,49.6,49.5,204,211
2024-09-12 06:42:00,49.6,49.6,207,209
2024-09-12 06:44:00,49.9,49.8,207,211
2024-09-12 06:46:00,49.6,49.7,207,212
2024-09-12 06:48:00,49.7,49.6,207,211
2024-09-12 06:50:00,49.7,49.7,207,212
2024-09-12 06:52:00,49.6,49.5,204,214
2024-09-12 06:54:00,49.9,49.9,203,222
2024-09-12 06:56:00,49.9,49.9,204,217
2024-09-12 06:58:00,49.8,49.8,208,213
2024-09-12 07:00:00,49.6,49.6,202,214
2024-09-12 07:02:00,50.1,50.0,205,205
2024-09-12 07:04:00,49.6,49.7,205,203
2024-09-12 07:06:00,49.5,49.6,207,210
2024-09-12 07:08:00,49.7,49.7,208,212
2024-09-12 07:10:00,49.8,49.8,207,212
2024-09-12 07:12:00,50.0,50.0,206,216
2024-09-12 07:14:00,49.7,49.7,204,219
2024-09-12 07:16:00,49.8,49.8,207,214
2024-09-12 07:18:00,49.8,49.8,206,215
2024-09-12 07:20:00,49.8,49.7,203,217
2024-09-12 07:22:00,49.8,49.8,206,221
2024-09-12 07:24:00,49.9,49.9,207,215
2024-09-12 07:26:00,49.5,49.5,205,218
2024-09-12 07:28:00,49.9,50.0,207,216
2024-09-12 07:30:00,49.8,49.8,205,219
2024-09-12 07:32:00,49.6,49.7,204,218
2024-09-12 07:34:00,49.9,49.8,207,220
2024-09-12 07:36:00,49.7,49.7,207,216
2024-09-12 07:38:00,49.8,49.8,198,221
2024-09-12 07:40:00,49.7,49.6,203,219
2024-09-12 07:42:00,49.7,49.7,203,217
2024-09-12 07:44:00,49.5,49.5,207,213
2024-09-12 07:46:00,49.9,49.9,204,215
2024-09-12 07:48:00,49.7,49.7,202,214
2024-09-12 07:50:00,49.8,49.8,204,214
2024-09-12 07:52:00,49.7,49.7,204,219
2024-09-12 07:54:00,50.1,50.1,205,216
2024-09-12 07:56:00,49.8,49.8,204,216
2024-09-12 07:58:00,49.5,49.6,204,213
2024-09-12 08:00:00,49.6,49.7,203,213
2024-09-12 08:02:00,49.6,49.6,203,211
2024-09-12 08:04:00,49.6,49.6,200,210
2024-09-12 08:06:00,49.6,49.6,204,210
2024-09-12 08:08:00,49.7,49.7,202,211
2024-09-12 08:10:00,49.8,49.8,202,221
2024-09-12 08:12:00,49.5,49.6,203,212
2024-09-12 08:14:00,49.8,49.7,201,210
2024-09-12 08:16:00,49.4,49.6,198,213
2024-09-12 08:18:00,49.7,49.7,200,210
2024-09-12 08:20:00,49.6,49.6,202,211
2024-09-12 08:22:00,50.1,50.0,200,210
2024-09-12 08:24:00,49.6,49.6,201,208
2024-09-12 08:26:00,49.6,49.6,202,214
2024-09-12 08:28:00,49.4,49.4,204,213
2024-09-12 08:30:00,49.6,49.6,199,216
2024-09-12 08:32:00,49.7,49.8,202,214
2024-09-12 08:34:00,49.7,49.7,201,209
2024-09-12 08:36:00,49.7,49.6,202,209
2024-09-12 08:38:00,49.6,49.6,204,212
2024-09-12 08:40:00,49.5,49.5,204,211
2024-09-12 08:42:00,49.5,49.6,201,207
2024-09-12 08:44:00,49.8,49.7,203,211
2024-09-12 08:46:00,49.2,49.1,202,202
2024-09-12 08:48:00,49.8,49.8,200,207
2024-09-12 08:50:00,49.3,49.3,202,202
2024-09-12 08:52:00,49.7,49.7,204,206
2024-09-12 08:54:00,49.7,49.7,201,208
2024-09-12 08:56:00,49.8,49.8,201,204
2024-09-12 08:58:00,49.7,49.8,202,208
2024-09-12 09:00:00,49.4,49.4,199,204
2024-09-12 09:02:00,49.3,49.2,199,208
2024-09-12 09:04:00,49.4,49.3,202,206
2024-09-12 09:06:00,49.4,49.5,202,207
2024-09-12 09:08:00,49.7,49.7,199,206
2024-09-12 09:10:00,49.6,49.6,201,204
2024-09-12 09:12:00,49.5,49.4,200,202
2024-09-12 09:14:00,49.8,49.8,204,204
2024-09-12 09:16:00,49.7,49.7,200,204
2024-09-12 09:18:00,49.5,49.5,199,196
2024-09-12 09:20:00,49.5,49.5,200,202
2024-09-12 09:22:00,49.3,49.3,200,201
2024-09-12 09:24:00,49.6,49.7,196,202
2024-09-12 09:26:00,49.5,49.5,199,198
2024-09-12 09:28:00,49.6,49.6,201,197
2024-09-12 09:30:00,49.8,49.9,199,197
2024-09-12 09:32:00,49.5,49.5,199,197
2024-09-12 09:34:00,49.3,49.2,194,197
2024-09-12 09:36:00,49.4,49.3,200,200
2024-09-12 09:38:00,49.4,49.5,200,196
2024-09-12 09:40:00,49.8,49.8,202,201
2024-09-12 09:42:00,49.3,49.3,202,202
2024-09-12 09:44:00,49.6,49.6,197,197
2024-09-12 09:46:00,49.5,49.4,198,195
2024-09-12 09:48:00,49.3,49.3,195,201
2024-09-12 09:50:00,49.4,49.3,200,198
2024-09-12 09:52:00,49.4,49.4,201,200
2024-09-12 09:54:00,49.2,49.3,197,197
2024-09-12 09:56:00,49.6,49.6,199,197
2024-09-12 09:58:00,49.4,49.5,200,194
2024-09-12 10:00:00,49.5,49.5,197,199
2024-09-12 10:02:00,49.9,49.9,200,199
2024-09-12 10:04:00,49.4,49.4,201,197
2024-09-12 10:06:00,49.1,49.1,194,200
2024-09-12 10:08:00,49.1,49.1,191,197
2024-09-12 10:10:00,49.2,49.1,196,193
2024-09-12 10:12:00,49.3,49.3,197,197
2024-09-12 10:14:00,49.6,49.6,192,204
2024-09-12 10:16:00,49.4,49.3,199,200
2024-09-12 10:18:00,49.6,49.6,196,202
2024-09-12 10:20:00,49.3,49.3,197,199
2024-09-12 10:22:00,49.4,49.4,197,197
2024-09-12 10:24:00,49.4,49.4,199,197
2024-09-12 10:26:00,48.9,48.9,198,197
2024-09-12 10:28:00,49.1,49.2,197,201
2024-09-12 10:30:00,49.6,49.6,199,194
2024-09-12 10:32:00,49.3,49.3,199,197
2024-09-12 10:34:00,49.5,49.5,200,200
2024-09-12 10:36:00,49.4,49.4,197,198
2024-09-12 10:38:00,49.0,49.0,196,197
2024-09-12 10:40:00,49.3,49.3,197,197
2024-09-12 10:42:00,49.0,49.1,199,200
2024-09-12 10:44:00,49.5,49.5,194,195
2024-09-12 10:46:00,49.4,49.4,191,199
2024-09-12 10:48:00,49.1,49.2,195,203
2024-09-12 10:50:00,48.9,49.0,199,201
2024-09-12 10:52:00,49.5,49.4,196,203
2024-09-12 10:54:00,49.5,49.4,194,200
2024-09-12 10:56:00,49.9,49.8,195,200
2024-09-12 10:58:00,49.3,49.2,197,201
2024-09-12 11:00:00,49.3,49.2,197,201
2024-09-12 11:02:00,49.1,49.1,199,199
2024-09-12 11:04:00,49.0,49.0,197,201
2024-09-12 11:06:00,49.4,49.3,199,200
2024-09-12 11:08:00,49.4,49.4,195,207
2024-09-12 11:10:00,49.4,49.3,199,203
2024-09-12 11:12:00,49.4,49.5,195,202
2024-09-12 11:14:00,49.1,49.2,198,204
2024-09-12 11:16:00,49.2,49.2,197,203
2024-09-12 11:18:00,49.1,49.1,197,201
2024-09-12 11:20:00,49.4,49.4,195,204
2024-09-12 11:22:00,49.2,49.2,202,199
2024-09-12 11:24:00,49.6,49.6,198,206
2024-09-12 11:26:00,49.4,49.4,198,204
2024-09-12 11:28:00,49.4,49.3,201,203
2024-09-12 11:30:00,49.5,49.6,199,209
2024-09-12 11:32:00,49.4,49.3,199,212
2024-09-12 11:34:00,49.4,49.4,196,209
2024-09-12 11:36:00,49.2,49.2,200,204
2024-09-12 11:38:00,49.3,49.3,201,206
2024-09-12 11:40:00,49.3,49.3,200,203
2024-09-12 11:42:00,49.2,49.2,199,204
2024-09-12 11:44:00,49.5,49.5,196,209
2024-09-12 11:46:00,49.6,49.6,195,208
2024-09-12 11:48:00,49.5,49.5,198,200
2024-09-12 11:50:00,49.6,49.6,194,203
2024-09-12 11:52:00,49.6,49.6,194,203
2024-09-12 11:54:00,49.3,49.3,191,204
2024-09-12 11:56:00,49.2,49.2,197,199
2024-09-12 11:58:00,49.4,49.4,187,199
2024-09-12 12:00:00,49.6,49.6,187,198
2024-09-12 12:02:00,49.1,49.1,191,194
2024-09-12 12:04:00,49.2,49.3,192,195
2024-09-12 12:06:00,49.2,49.3,191,197
2024-09-12 12:08:00,49.5,49.5,196,201
2024-09-12 12:10:00,49.4,49.4,195,198
2024-09-12 12:12:00,49.2,49.2,199,197
2024-09-12 12:14:00,49.6,49.6,201,199
2024-09-12 12:16:00,49.7,49.7,194,197
2024-09-12 12:18:00,49.3,49.3,195,209
2024-09-12 12:20:00,49.6,49.7,196,206
2024-09-12 12:22:00,49.6,49.7,193,202
2024-09-12 12:24:00,49.7,49.7,192,206
2024-09-12 12:26:00,49.5,49.6,196,206
2024-09-12 12:28:00,49.6,49.6,196,208
2024-09-12 12:30:00,49.5,49.5,195,200
2024-09-12 12:32:00,49.2,49.3,193,204
2024-09-12 12:34:00,49.1,49.1,195,207
2024-09-12 12:36:00,49.5,49.4,196,207
2024-09-12 12:38:00,49.7,49.6,192,209
2024-09-12 12:40:00,49.9,49.9,197,207
2024-09-12 12:42:00,49.5,49.4,198,205
2024-09-12 12:44:00,49.7,49.7,196,205
2024-09-12 12:46:00,49.5,49.5,198,204
2024-09-12 12:48:00,49.6,49.5,197,207
2024-09-12 12:50:00,49.2,49.3,196,206
2024-09-12 12:52:00,49.5,49.4,194,208
2024-09-12 12:54:00,49.4,49.4,196,205
2024-09-12 12:56:00,49.6,49.7,193,202
2024-09-12 12:58:00,49.4,49.5,193,207
2024-09-12 13:00:00,49.6,49.6,196,204
2024-09-12 13:02:00,49.3,49.3,199,205
2024-09-12 13:04:00,49.4,49.5,192,204
2024-09-12 13:06:00,49.5,49.5,200,202
2024-09-12 13:08:00,49.4,49.4,197,206
2024-09-12 13:10:00,49.1,49.1,197,204
2024-09-12 13:12:00,49.3,49.3,195,206
2024-09-12 13:14:00,49.1,49.1,196,201
2024-09-12 13:16:00,49.3,49.4,194,209
2024-09-12 13:18:00,49.4,49.5,197,204
2024-09-12 13:20:00,49.3,49.2,199,200
2024-09-12 13:22:00,49.9,49.9,202,206
2024-09-12 13:24:00,49.5,49.5,196,199
2024-09-12 13:26:00,49.4,49.4,194,204
2024-09-12 13:28:00,49.6,49.6,196,205
2024-09-12 13:30:00,49.5,49.5,194,204
2024-09-12 13:32:00,49.6,49.6,197,209
2024-09-12 13:34:00,49.3,49.3,194,203
2024-09-12 13:36:00,49.4,49.5,192,202
2024-09-12 13:38:00,49.1,49.0,197,199
2024-09-12 13:40:00,49.3,49.4,198,197
2024-09-12 13:42:00,49.4,49.5,194,202
2024-09-12 13:44:00,49.3,49.3,194,206
2024-09-12 13:46:00,49.6,49.6,197,209
2024-09-12 13:48:00,49.6,49.5,199,205
2024-09-12 13:50:00,49.3,49.3,194,203
2024-09-12 13:52:00,49.4,49.3,197,207
2024-09-12 13:54:00,49.3,49.3,202,207
2024-09-12 13:56:00,49.4,49.4,199,206
2024-09-12 13:58:00,49.3,49.3,194,202
2024-09-12 14:00:00,49.4,49.4,198,204
2024-09-12 14:02:00,49.3,49.3,199,209
2024-09-12 14:04:00,49.5,49.5,194,205
2024-09-12 14:06:00,49.5,49.5,195,207
2024-09-12 14:08:00,49.3,49.3,195,208
2024-09-12 14:10:00,49.6,49.6,196,205
2024-09-12 14:12:00,49.5,49.5,194,207
2024-09-12 14:14:00,49.0,49.0,191,205
2024-09-12 14:16:00,49.2,49.1,199,208
2024-09-12 14:18:00,49.5,50.0,193,209
2024-09-12 14:20:00,49.6,49.6,198,211
2024-09-12 14:22:00,49.5,49.5,194,201
2024-09-12 14:24:00,49.6,49.6,195,203
2024-09-12 14:26:00,49.1,49.1,195,199
2024-09-12 14:28:00,49.3,49.3,195,203
2024-09-12 14:30:00,49.3,49.3,195,202
2024-09-12 14:32:00,49.2,49.2,194,201
2024-09-12 14:34:00,49.5,49.5,197,209
2024-09-12 14:36:00,49.6,49.6,193,209
2024-09-12 14:38:00,49.6,49.5,196,210
2024-09-12 14:40:00,49.5,49.6,194,201
2024-09-12 14:42:00,49.2,49.2,193,207
2024-09-12 14:44:00,49.6,49.6,192,206
2024-09-12 14:46:00,49.5,49.6,196,206
2024-09-12 14:48:00,49.3,49.3,199,204
2024-09-12 14:50:00,49.3,49.4,198,208
2024-09-12 14:52:00,49.0,49.0,196,207
2024-09-12 14:54:00,49.4,49.3,199,207
2024-09-12 14:56:00,49.5,49.5,197,206
2024-09-12 14:58:00,49.6,49.6,197,206
2024-09-12 15:00:00,49.6,49.5,201,203
2024-09-12 15:02:00,49.2,49.2,199,199
2024-09-12 15:04:00,49.0,49.0,197,200
2024-09-12 15:06:00,49.3,49.3,198,204
2024-09-12 15:08:00,49.5,49.6,197,206
2024-09-12 15:10:00,49.9,49.8,197,204
2024-09-12 15:12:00,49.7,49.7,195,202
2024-09-12 15:14:00,49.6,49.6,201,199
2024-09-12 15:16:00,49.7,49.7,198,202
2024-09-12 15:18:00,49.6,49.6,196,199
2024-09-12 15:20:00,49.8,49.8,199,199
2024-09-12 15:22:00,49.4,49.4,196,197
2024-09-12 15:24:00,49.6,49.5,197,195
2024-09-12 15:26:00,49.4,49.4,197,202
2024-09-12 15:28:00,49.4,49.4,198,203
2024-09-12 15:30:00,49.4,49.5,197,206
2024-09-12 15:32:00,49.6,49.6,199,207
2024-09-12 15:34:00,49.6,49.5,194,207
2024-09-12 15:36:00,49.4,49.3,197,200
2024-09-12 15:38:00,49.2,49.1,199,197
2024-09-12 15:40:00,49.1,49.1,198,199
2024-09-12 15:42:00,49.1,49.1,197,196
2024-09-12 15:44:00,49.0,49.1,197,201
2024-09-12 15:46:00,49.7,49.7,198,202
2024-09-12 15:48:00,49.6,49.6,196,203
2024-09-12 15:50:00,49.5,49.5,197,201
2024-09-12 15:52:00,49.4,49.4,197,201
2024-09-12 15:54:00,49.3,49.2,197,194
2024-09-12 15:56:00,49.6,49.6,195,197
2024-09-12 15:58:00,49.5,49.5,199,192
2024-09-12 16:00:00,49.5,49.5,199,191
2024-09-12 16:02:00,49.6,49.6,198,198
2024-09-12 16:04:00,49.5,49.4,199,194
2024-09-12 16:06:00,49.7,49.8,199,197
2024-09-12 16:08:00,49.4,49.4,197,196
2024-09-12 16:10:00,49.5,49.4,195,197
2024-09-12 16:12:00,49.4,49.3,197,196
2024-09-12 16:14:00,49.5,49.4,195,197
2024-09-12 16:16:00,49.0,49.0,198,194
2024-09-12 16:18:00,49.4,49.4,195,198
2024-09-12 16:20:00,49.5,49.5,200,200
2024-09-12 16:22:00,49.2,49.3,197,194
2024-09-12 16:24:00,49.8,49.8,195,200
2024-09-12 16:26:00,49.6,49.5,200,198
2024-09-12 16:28:00,49.4,49.4,199,196
2024-09-12 16:30:00,49.1,49.1,195,197
2024-09-12 16:32:00,49.4,49.4,196,195
2024-09-12 16:34:00,49.6,49.6,199,197
2024-09-12 16:36:00,49.4,49.5,194,199
2024-09-12 16:38:00,49.3,49.3,197,199
2024-09-12 16:40:00,49.4,49.4,196,194
2024-09-12 16:42:00,49.2,49.3,197,194
2024-09-12 16:44:00,49.6,49.6,199,197
2024-09-12 16:46:00,49.5,49.5,201,197
2024-09-12 16:48:00,49.5,49.4,199,194
2024-09-12 16:50:00,49.5,49.5,198,193
2024-09-12 16:52:00,49.3,49.3,198,196
2024-09-12 16:54:00,49.3,49.3,197,195
2024-09-12 16:56:00,49.1,49.0,194,197
2024-09-12 16:58:00,49.3,49.3,201,197
2024-09-12 17:00:00,49.3,49.4,198,192
2024-09-12 17:02:00,49.8,49.8,198,193
2024-09-12 17:04:00,49.7,49.7,199,197
2024-09-12 17:06:00,49.5,49.5,199,196
2024-09-12 17:08:00,49.2,49.3,198,194
2024-09-12 17:10:00,49.2,49.2,201,192
2024-09-12 17:12:00,49.2,49.1,199,199
2024-09-12 17:14:00,49.4,49.3,197,204
2024-09-12 17:16:00,49.6,49.7,199,206
2024-09-12 17:18:00,49.5,49.4,200,203
2024-09-12 17:20:00,49.6,49.5,201,202
2024-09-12 17:22:00,49.3,49.4,201,205
2024-09-12 17:24:00,49.2,49.2,199,202
2024-09-12 17:26:00,49.2,49.2,199,202
2024-09-12 17:28:00,49.5,49.5,199,207
2024-09-12 17:30:00,49.6,49.6,199,204
2024-09-12 17:32:00,49.5,49.5,202,202
2024-09-12 17:34:00,49.6,49.6,199,203
2024-09-12 17:36:00,49.4,49.4,198,204
2024-09-12 17:38:00,49.3,49.3,199,203
2024-09-12 17:40:00,49.8,49.8,199,203
2024-09-12 17:42:00,49.7,49.7,199,203
2024-09-12 17:44:00,49.5,49.5,195,201
2024-09-12 17:46:00,49.7,49.8,198,201
2024-09-12 17:48:00,49.5,49.5,199,197
2024-09-12 17:50:00,49.6,49.6,197,207
2024-09-12 17:52:00,49.7,49.6,199,207
2024-09-12 17:54:00,49.5,49.5,199,204
2024-09-12 17:56:00,49.5,49.5,202,205
2024-09-12 17:58:00,49.4,49.4,200,203
2024-09-12 18:00:00,49.7,49.8,196,207
2024-09-12 18:02:00,49.5,49.6,196,203
2024-09-12 18:04:00,49.6,49.6,197,207
2024-09-12 18:06:00,49.8,49.9,201,210
2024-09-12 18:08:00,49.5,49.5,199,209
2024-09-12 18:10:00,49.3,49.4,198,207
2024-09-12 18:12:00,49.4,49.3,199,211
2024-09-12 18:14:00,49.3,49.3,203,208
2024-09-12 18:16:00,49.2,49.3,194,209
2024-09-12 18:18:00,49.3,49.3,195,211
2024-09-12 18:20:00,49.3,49.2,192,212
2024-09-12 18:22:00,49.2,48.6,196,209
2024-09-12 18:24:00,49.2,49.2,194,209
2024-09-12 18:26:00,49.0,49.0,187,207
2024-09-12 18:28:00,49.3,49.3,190,199
2024-09-12 18:30:00,49.4,49.4,192,199
2024-09-12 18:32:00,49.1,49.1,192,200
2024-09-12 18:34:00,49.6,49.6,195,203
2024-09-12 18:36:00,49.1,49.0,195,199
2024-09-12 18:38:00,49.2,49.3,189,209
2024-09-12 18:40:00,49.3,49.7,194,206
2024-09-12 18:42:00,48.9,49.0,194,209
2024-09-12 18:44:00,49.8,49.7,189,212
2024-09-12 18:46:00,49.7,49.7,192,212
2024-09-12 18:48:00,50.0,50.0,193,211
2024-09-12 18:50:00,49.7,49.6,193,209
2024-09-12 18:52:00,49.5,49.6,186,209
2024-09-12 18:54:00,49.8,49.9,194,219
2024-09-12 18:56:00,49.9,49.9,192,216
2024-09-12 18:58:00,49.7,49.7,195,209
2024-09-12 19:00:00,49.8,49.8,188,201
2024-09-12 19:02:00,49.8,49.8,190,204
2024-09-12 19:04:00,49.2,49.2,191,193
2024-09-12 19:06:00,49.2,49.1,191,193
2024-09-12 19:08:00,49.1,49.2,194,202
2024-09-12 19:10:00,49.3,49.3,194,199
2024-09-12 19:12:00,49.2,49.2,191,206
2024-09-12 19:14:00,49.2,49.2,190,205
2024-09-12 19:16:00,49.1,49.1,193,205
2024-09-12 19:18:00,49.0,49.1,192,207
2024-09-12 19:20:00,49.3,49.3,192,207
2024-09-12 19:22:00,49.0,49.0,192,208
2024-09-12 19:24:00,48.9,49.0,193,202
2024-09-12 19:26:00,49.2,49.3,194,203
2024-09-12 19:28:00,49.4,49.5,191,209
2024-09-12 19:30:00,49.4,49.3,194,209
2024-09-12 19:32:00,49.1,49.1,194,211
2024-09-12 19:34:00,49.1,49.1,193,209
2024-09-12 19:36:00,49.3,49.3,190,209
2024-09-12 19:38:00,49.2,49.2,194,208
2024-09-12 19:40:00,49.2,49.2,192,209
2024-09-12 19:42:00,49.2,49.3,192,211
2024-09-12 19:44:00,49.2,49.2,193,210
2024-09-12 19:46:00,49.2,49.1,191,207
2024-09-12 19:48:00,49.2,49.3,190,208
2024-09-12 19:50:00,49.3,49.3,194,209
2024-09-12 19:52:00,49.6,49.6,193,208
2024-09-12 19:54:00,49.5,49.5,196,208
2024-09-12 19:56:00,49.3,49.2,194,207
2024-09-12 19:58:00,49.2,49.2,196,209
2024-09-12 20:00:00,49.2,49.3,194,208
2024-09-12 20:02:00,49.5,49.5,196,199
2024-09-12 20:04:00,49.1,49.1,191,199
2024-09-12 20:06:00,49.3,49.3,194,199
2024-09-12 20:08:00,49.1,49.0,195,198
2024-09-12 20:10:00,49.1,49.1,194,200
2024-09-12 20:12:00,48.9,48.9,194,198
2024-09-12 20:14:00,49.1,49.0,197,201
2024-09-12 20:16:00,49.4,49.3,194,203
2024-09-12 20:18:00,49.3,49.2,192,207
2024-09-12 20:20:00,49.5,49.6,199,207
2024-09-12 20:22:00,54.4,54.3,197,225
2024-09-12 20:24:00,49.9,49.8,195,214
2024-09-12 20:26:00,49.7,49.6,192,207
2024-09-12 20:28:00,49.8,49.8,192,207
2024-09-12 20:30:00,49.9,50.0,194,211
2024-09-12 20:32:00,50.2,50.2,194,212
2024-09-12 20:34:00,50.0,50.0,198,210
2024-09-12 20:36:00,49.9,49.9,196,210
2024-09-12 20:38:00,49.9,49.8,192,204
2024-09-12 20:40:00,49.1,49.1,194,199
2024-09-12 20:42:00,49.2,49.2,196,200
2024-09-12 20:44:00,49.4,49.4,194,204
2024-09-12 20:46:00,49.2,49.2,201,202
2024-09-12 20:48:00,49.0,49.0,197,202
2024-09-12 20:50:00,49.3,49.2,197,201
2024-09-12 20:52:00,49.3,49.3,197,205
2024-09-12 20:54:00,49.2,49.2,200,204
2024-09-12 20:56:00,49.5,49.5,194,207
2024-09-12 20:58:00,49.5,49.5,198,210
2024-09-12 21:00:00,49.5,49.5,197,209
2024-09-12 21:02:00,49.3,49.3,199,209
2024-09-12 21:04:00,49.6,49.6,198,214
2024-09-12 21:06:00,49.3,49.4,201,209
2024-09-12 21:08:00,49.0,49.0,199,211
2024-09-12 21:10:00,49.4,49.3,199,200
2024-09-12 21:12:00,49.6,49.6,199,200
2024-09-12 21:14:00,49.6,49.6,200,204
2024-09-12 21:16:00,49.5,49.5,199,211
2024-09-12 21:18:00,49.2,49.2,198,210
2024-09-12 21:20:00,49.1,49.0,201,209
2024-09-12 21:22:00,49.0,49.0,200,204
2024-09-12 21:24:00,49.0,49.0,199,204
2024-09-12 21:26:00,49.3,49.3,199,208
2024-09-12 21:28:00,49.7,49.7,202,207
2024-09-12 21:30:00,49.6,49.6,199,211
2024-09-12 21:32:00,49.7,49.7,200,211
2024-09-12 21:34:00,49.5,49.5,199,210
2024-09-12 21:36:00,49.6,49.6,198,214
2024-09-12 21:38:00,49.2,49.2,197,214
2024-09-12 21:40:00,49.3,49.4,202,216
2024-09-12 21:42:00,49.4,49.5,199,216
2024-09-12 21:44:00,49.3,49.4,199,216
2024-09-12 21:46:00,49.5,49.6,202,211
2024-09-12 21:48:00,49.5,49.5,199,213
2024-09-12 21:50:00,49.4,49.4,199,210
2024-09-12 21:52:00,49.4,49.5,201,207
2024-09-12 21:54:00,49.2,49.2,199,209
2024-09-12 21:56:00,49.5,49.5,197,210
2024-09-12 21:58:00,49.6,49.6,200,211
2024-09-12 22:00:00,49.7,49.8,202,212
2024-09-12 22:02:00,50.0,49.9,200,212
2024-09-12 22:04:00,49.7,49.7,202,211
2024-09-12 22:06:00,49.8,49.8,203,211
2024-09-12 22:08:00,49.6,49.5,200,211
2024-09-12 22:10:00,49.2,49.3,200,211
2024-09-12 22:12:00,49.7,49.6,201,211
2024-09-12 22:14:00,49.7,49.7,199,212
2024-09-12 22:16:00,49.8,49.7,202,214
2024-09-12 22:18:00,49.6,49.6,201,215
2024-09-12 22:20:00,49.9,49.9,201,214
2024-09-12 22:22:00,49.9,50.0,202,213
2024-09-12 22:24:00,49.6,49.6,202,215
2024-09-12 22:26:00,49.7,49.7,201,217
2024-09-12 22:28:00,49.8,49.8,201,216
2024-09-12 22:30:00,50.0,50.0,202,218
2024-09-12 22:32:00,50.1,50.0,202,220
2024-09-12 22:34:00,49.9,49.9,202,215
2024-09-12 22:36:00,49.8,49.8,202,218
2024-09-12 22:38:00,50.1,50.1,200,217
2024-09-12 22:40:00,49.8,49.8,199,215
2024-09-12 22:42:00,49.9,49.9,200,217
2024-09-12 22:44:00,49.7,49.7,203,216
2024-09-12 22:46:00,49.9,49.8,204,214
2024-09-12 22:48:00,49.8,49.7,202,216
2024-09-12 22:50:00,50.0,50.0,203,216
2024-09-12 22:52:00,50.3,50.3,204,216
2024-09-12 22:54:00,49.8,49.8,203,216
2024-09-12 22:56:00,50.0,49.9,201,219
2024-09-12 22:58:00,49.7,49.7,202,218
2024-09-12 23:00:00,49.7,49.7,204,219
2024-09-12 23:02:00,49.5,49.5,202,219
2024-09-12 23:04:00,49.7,49.7,204,219
2024-09-12 23:06:00,50.1,50.0,202,219
2024-09-12 23:08:00,49.6,49.7,202,219
2024-09-12 23:10:00,50.1,50.0,204,219
2024-09-12 23:12:00,49.8,49.8,204,221
2024-09-12 23:14:00,49.7,49.7,204,220
2024-09-12 23:16:00,49.9,49.9,203,220
2024-09-12 23:18:00,49.7,49.8,204,221
2024-09-12 23:20:00,50.0,50.0,204,221
2024-09-12 23:22:00,50.2,50.2,206,223
2024-09-12 23:24:00,50.2,50.3,207,223
2024-09-12 23:26:00,50.0,50.0,202,223
2024-09-12 23:28:00,50.0,50.0,204,222
2024-09-12 23:30:00,50.0,50.0,207,222
2024-09-12 23:32:00,50.2,50.2,204,221
2024-09-12 23:34:00,50.0,50.0,206,222
2024-09-12 23:36:00,50.0,50.0,207,223
2024-09-12 23:38:00,50.0,49.9,204,225
2024-09-12 23:40:00,49.8,49.7,206,222
2024-09-12 23:42:00,50.0,50.0,206,223
2024-09-12 23:44:00,50.2,50.1,208,224
2024-09-12 23:46:00,49.9,49.9,204,223
2024-09-12 23:48:00,49.6,49.7,207,222
2024-09-12 23:50:00,50.0,50.0,207,222
2024-09-12 23:52:00,49.7,49.7,204,221
2024-09-12 23:54:00,49.8,49.8,205,223
2024-09-12 23:56:00,49.9,49.9,206,222
2024-09-12 23:58:00,50.0,50.0,204,224
2024-09-13 00:00:00,50.2,50.2,204,225
2024-09-13 00:02:00,50.3,50.2,207,226
2024-09-13 00:04:00,50.0,50.0,202,227
2024-09-13 00:06:00,50.1,50.1,204,227
2024-09-13 00:08:00,49.8,49.7,205,225
2024-09-13 00:10:00,49.8,49.8,206,225
2024-09-13 00:12:00,50.0,50.0,204,226
2024-09-13 00:14:00,50.2,50.2,206,225
2024-09-13 00:16:00,50.2,50.2,207,225
2024-09-13 00:18:00,50.2,50.2,204,226
2024-09-13 00:20:00,50.0,50.0,207,225
2024-09-13 00:22:00,50.3,50.3,207,226
2024-09-13 00:24:00,50.1,50.1,207,226
2024-09-13 00:26:00,50.1,50.1,206,227
2024-09-13 00:28:00,49.7,49.8,205,226
2024-09-13 00:30:00,50.1,50.0,206,226
2024-09-13 00:32:00,50.2,50.2,207,227
2024-09-13 00:34:00,50.1,50.1,207,226
2024-09-13 00:36:00,50.4,50.4,204,226
2024-09-13 00:38:00,50.2,50.2,207,226
2024-09-13 00:40:00,50.2,50.2,207,226
2024-09-13 00:42:00,50.2,50.2,209,224
2024-09-13 00:44:00,50.2,50.1,207,226
2024-09-13 00:46:00,50.2,50.2,208,226
2024-09-13 00:48:00,50.5,50.5,207,228
2024-09-13 00:50:00,50.2,50.2,205,228
2024-09-13 00:52:00,50.0,49.9,207,227
2024-09-13 00:54:00,50.0,50.1,207,228
2024-09-13 00:56:00,49.9,50.0,206,226
2024-09-13 00:58:00,49.7,49.8,204,226
2024-09-13 01:00:00,50.0,50.0,207,226
2024-09-13 01:02:00,50.0,50.1,202,226
2024-09-13 01:04:00,50.2,50.2,206,226
2024-09-13 01:06:00,50.4,50.5,206,227
2024-09-13 01:08:00,50.4,50.4,204,227
2024-09-13 01:10:00,50.4,50.4,206,228
2024-09-13 01:12:00,50.3,50.3,206,227
2024-09-13 01:14:00,50.1,50.2,205,227
2024-09-13 01:16:00,50.4,50.3,205,228
2024-09-13 01:18:00,50.0,50.0,207,226
2024-09-13 01:20:00,50.0,50.0,204,226
2024-09-13 01:22:00,50.1,50.1,206,226
2024-09-13 01:24:00,50.0,50.1,204,226
2024-09-13 01:26:00,50.1,50.2,204,226
2024-09-13 01:28:00,50.0,50.0,204,227
2024-09-13 01:30:00,50.0,50.0,204,227
2024-09-13 01:32:00,50.2,50.3,209,228
2024-09-13 01:34:00,50.4,50.4,206,228
2024-09-13 01:36:00,50.1,50.1,208,226
2024-09-13 01:38:00,50.0,50.0,209,226
2024-09-13 01:40:00,50.1,50.2,209,227
2024-09-13 01:42:00,50.2,50.1,207,228
2024-09-13 01:44:00,50.0,49.9,209,227
2024-09-13 01:46:00,50.1,50.2,209,226
2024-09-13 01:48:00,50.0,50.0,207,226
2024-09-13 01:50:00,50.4,50.3,206,227
2024-09-13 01:52:00,50.5,50.5,209,228
2024-09-13 01:54:00,50.2,50.2,207,228
2024-09-13 01:56:00,50.4,50.4,208,228
2024-09-13 01:58:00,50.4,50.3,208,228
2024-09-13 02:00:00,50.2,50.3,206,227
2024-09-13 02:02:00,50.2,50.2,205,228
2024-09-13 02:04:00,50.2,50.2,208,227
2024-09-13 02:06:00,50.4,50.4,209,227
2024-09-13 02:08:00,50.3,50.3,206,228
2024-09-13 02:10:00,50.2,50.2,208,227
2024-09-13 02:12:00,50.5,50.4,209,227
2024-09-13 02:14:00,50.1,50.1,206,228
2024-09-13 02:16:00,50.0,50.0,206,227
2024-09-13 02:18:00,49.8,49.8,209,226
2024-09-13 02:20:00,50.2,50.2,205,227
2024-09-13 02:22:00,49.9,49.8,207,226
2024-09-13 02:24:00,50.1,50.1,209,226
2024-09-13 02:26:00,50.3,50.3,207,228
2024-09-13 02:28:00,50.4,50.4,208,228
2024-09-13 02:30:00,50.2,50.2,209,228
2024-09-13 02:32:00,50.1,50.0,208,227
2024-09-13 02:34:00,50.0,50.0,209,226
2024-09-13 02:36:00,49.9,49.8,209,226
2024-09-13 02:38:00,49.9,49.9,208,226
2024-09-13 02:40:00,49.9,49.9,207,226
2024-09-13 02:42:00,50.0,50.0,209,226
2024-09-13 02:44:00,50.3,50.3,209,228
2024-09-13 02:46:00,50.3,50.3,207,228
2024-09-13 02:48:00,50.3,50.3,209,228
2024-09-13 02:50:00,50.2,50.2,210,227
2024-09-13 02:52:00,50.1,50.1,206,228
2024-09-13 02:54:00,50.0,50.1,206,228
2024-09-13 02:56:00,50.1,50.0,209,228
2024-09-13 02:58:00,50.1,50.1,207,227
2024-09-13 03:00:00,50.0,50.0,207,226
2024-09-13 03:02:00,50.1,50.1,209,227
2024-09-13 03:04:00,50.3,50.3,209,228
2024-09-13 03:06:00,50.3,50.3,206,228
2024-09-13 03:08:00,50.5,50.4,209,228
2024-09-13 03:10:00,50.2,50.1,209,228
2024-09-13 03:12:00,50.0,49.9,207,228
2024-09-13 03:14:00,49.8,49.9,205,227
2024-09-13 03:16:00,50.0,50.0,209,227
2024-09-13 03:18:00,50.2,50.2,206,228
2024-09-13 03:20:00,50.5,50.5,207,228
2024-09-13 03:22:00,50.3,50.2,209,228
2024-09-13 03:24:00,50.1,50.1,207,228
2024-09-13 03:26:00,50.2,50.2,208,228
2024-09-13 03:28:00,50.4,50.4,210,228
2024-09-13 03:30:00,50.3,50.3,209,227
2024-09-13 03:32:00,50.3,50.3,207,228
2024-09-13 03:34:00,50.5,50.4,209,228
2024-09-13 03:36:00,50.2,50.3,209,228
2024-09-13 03:38:00,50.3,50.3,208,228
2024-09-13 03:40:00,50.1,50.2,210,228
2024-09-13 03:42:00,50.1,50.0,209,227
2024-09-13 03:44:00,49.7,49.8,206,227
2024-09-13 03:46:00,50.0,50.0,205,228
2024-09-13 03:48:00,50.2,50.2,209,228
2024-09-13 03:50:00,50.3,50.3,207,228
2024-09-13 03:52:00,50.3,50.4,207,228
2024-09-13 03:54:00,50.1,50.1,209,228
2024-09-13 03:56:00,50.1,50.1,207,228
2024-09-13 03:58:00,50.0,50.0,207,228
2024-09-13 04:00:00,50.2,50.2,209,228
2024-09-13 04:02:00,50.2,50.1,211,227
2024-09-13 04:04:00,50.3,50.2,209,229
2024-09-13 04:06:00,50.0,50.0,211,226
2024-09-13 04:08:00,50.0,49.9,211,226
2024-09-13 04:10:00,50.2,50.2,207,228
2024-09-13 04:12:00,50.2,50.2,206,229
2024-09-13 04:14:00,50.3,50.3,209,228
2024-09-13 04:16:00,50.3,50.3,206,228
2024-09-13 04:18:00,50.2,50.2,207,227
2024-09-13 04:20:00,50.2,50.3,209,228
2024-09-13 04:22:00,50.1,50.1,206,228
2024-09-13 04:24:00,50.2,50.2,207,228
2024-09-13 04:26:00,50.1,50.1,231,228
2024-09-13 04:28:00,49.9,49.9,228,228
2024-09-13 04:30:00,50.1,50.0,230,228
2024-09-13 04:32:00,50.2,50.1,228,228
2024-09-13 04:34:00,50.3,50.3,226,229
2024-09-13 04:36:00,50.3,50.3,226,228
2024-09-13 04:38:00,50.4,50.4,230,227
2024-09-13 04:40:00,50.2,50.3,226,228
2024-09-13 04:42:00,50.3,50.2,226,228
2024-09-13 04:44:00,50.1,50.1,230,226
2024-09-13 04:46:00,50,50.0,224,228
2024-09-13 04:48:00,49.8,49.9,225,227
2024-09-13 04:50:00,50.0,50.0,230,226
2024-09-13 04:52:00,50.0,50.0,228,226
2024-09-13 04:54:00,50.3,50.3,228,228
2024-09-13 04:56:00,50.2,50.2,229,227
2024-09-13 04:58:00,50.3,50.2,231,227
2024-09-13 05:00:00,50.1,50.1,227,227
2024-09-13 05:02:00,50.0,50.0,228,226
2024-09-13 05:04:00,50.2,50.3,231,223
2024-09-13 05:06:00,50.2,50.2,226,226
2024-09-13 05:08:00,50.1,50.2,228,226
2024-09-13 05:10:00,50.0,50.0,228,225
2024-09-13 05:12:00,49.7,49.8,223,226
2024-09-13 05:14:00,49.7,49.7,223,226
2024-09-13 05:16:00,50.1,50.0,224,226
2024-09-13 05:18:00,49.9,49.9,223,226
2024-09-13 05:20:00,50.2,50.2,221,226
2024-09-13 05:22:00,50.1,50.1,226,221
2024-09-13 05:24:00,50.0,50.0,226,218
2024-09-13 05:26:00,50.0,50.0,225,215
2024-09-13 05:28:00,49.8,49.7,228,214
2024-09-13 05:30:00,49.9,49.9,227,221
2024-09-13 05:32:00,50.2,50.2,220,225
2024-09-13 05:34:00,49.9,49.8,222,223
2024-09-13 05:36:00,49.8,49.8,225,221
2024-09-13 05:38:00,50.0,49.9,221,221
2024-09-13 05:40:00,49.9,49.9,219,222
2024-09-13 05:42:00,50.0,50.0,221,222
2024-09-13 05:44:00,49.8,49.8,215,223
2024-09-13 05:46:00,50.0,50.0,219,222
2024-09-13 05:48:00,49.9,49.8,221,217
2024-09-13 05:50:00,49.8,49.8,219,219
2024-09-13 05:52:00,49.8,49.8,221,209
2024-09-13 05:54:00,49.9,49.8,224,208
2024-09-13 05:56:00,49.9,50.0,216,211
2024-09-13 05:58:00,49.8,49.9,213,213
2024-09-13 06:00:00,49.9,49.9,212,216
2024-09-13 06:02:00,49.7,49.7,218,212
2024-09-13 06:04:00,49.5,49.5,218,211
2024-09-13 06:06:00,49.6,49.5,209,214
2024-09-13 06:08:00,50.0,50.0,211,213
2024-09-13 06:10:00,49.6,49.6,205,210
2024-09-13 06:12:00,49.6,49.7,204,212
2024-09-13 06:14:00,49.6,49.7,207,214
2024-09-13 06:16:00,49.6,49.6,208,217
2024-09-13 06:18:00,49.7,49.7,211,216
2024-09-13 06:20:00,49.7,49.8,209,205
2024-09-13 06:22:00,49.7,49.7,207,211
2024-09-13 06:24:00,49.9,49.9,209,220
2024-09-13 06:26:00,49.8,49.8,213,222
2024-09-13 06:28:00,49.7,49.8,215,219
2024-09-13 06:30:00,49.5,49.6,210,221
2024-09-13 06:32:00,49.8,49.8,212,221
2024-09-13 06:34:00,49.6,49.7,205,219
2024-09-13 06:36:00,49.8,49.8,216,219
2024-09-13 06:38:00,49.7,49.6,214,217
2024-09-13 06:40:00,49.8,49.8,215,221
2024-09-13 06:42:00,49.7,49.7,219,218
2024-09-13 06:44:00,49.9,50.0,217,218
2024-09-13 06:46:00,49.7,49.7,221,219
2024-09-13 06:48:00,49.5,49.5,221,220
2024-09-13 06:50:00,49.8,49.8,214,222
2024-09-13 06:52:00,49.9,49.8,213,221
2024-09-13 06:54:00,49.8,49.8,211,217
2024-09-13 06:56:00,49.8,49.8,213,219
2024-09-13 06:58:00,49.8,49.9,211,221
2024-09-13 07:00:00,49.9,49.9,206,226
2024-09-13 07:02:00,49.9,49.9,208,223
2024-09-13 07:04:00,49.9,49.9,209,224
2024-09-13 07:06:00,50.0,50.0,217,218
2024-09-13 07:08:00,50.0,50.0,221,216
2024-09-13 07:10:00,50.0,50.0,214,221
2024-09-13 07:12:00,50.1,50.1,219,216
2024-09-13 07:14:00,49.9,49.8,220,215
2024-09-13 07:16:00,49.9,49.9,214,219
2024-09-13 07:18:00,50.0,50.0,219,212
2024-09-13 07:20:00,49.9,49.9,209,209
2024-09-13 07:22:00,50.1,50.1,208,211
2024-09-13 07:24:00,50.0,50.1,210,209
2024-09-13 07:26:00,49.9,49.8,206,215
2024-09-13 07:28:00,49.8,49.8,207,212
2024-09-13 07:30:00,49.9,49.9,209,209
2024-09-13 07:32:00,49.7,49.8,208,207
2024-09-13 07:34:00,49.7,49.7,202,211
2024-09-13 07:36:00,49.6,49.6,202,217
2024-09-13 07:38:00,49.9,49.8,202,216
2024-09-13 07:40:00,49.7,49.8,202,215
2024-09-13 07:42:00,50.0,50.0,202,218
2024-09-13 07:44:00,50.0,50.1,205,219
2024-09-13 07:46:00,49.9,49.8,204,214
2024-09-13 07:48:00,50.0,50.0,206,211
2024-09-13 07:50:00,49.7,49.7,206,208
2024-09-13 07:52:00,49.7,49.8,203,213
2024-09-13 07:54:00,49.8,49.8,201,219
2024-09-13 07:56:00,49.7,49.6,208,211
2024-09-13 07:58:00,49.9,49.9,202,211
2024-09-13 08:00:00,49.6,49.6,202,209
2024-09-13 08:02:00,49.6,49.6,204,211
2024-09-13 08:04:00,49.7,49.8,207,202
2024-09-13 08:06:00,49.8,49.8,206,210
2024-09-13 08:08:00,49.9,49.9,202,210
2024-09-13 08:10:00,49.8,49.9,206,208
2024-09-13 08:12:00,49.6,49.6,202,209
2024-09-13 08:14:00,49.7,49.7,206,207
2024-09-13 08:16:00,49.5,49.5,205,207
2024-09-13 08:18:00,49.7,49.6,202,204
2024-09-13 08:20:00,49.7,49.7,200,211
2024-09-13 08:22:00,49.8,49.7,199,211
2024-09-13 08:24:00,49.7,49.7,203,211
2024-09-13 08:26:00,49.7,49.7,200,210
2024-09-13 08:28:00,49.6,49.5,199,211
2024-09-13 08:30:00,49.5,49.5,201,211
2024-09-13 08:32:00,49.5,49.4,200,202
2024-09-13 08:34:00,49.5,49.5,202,207
2024-09-13 08:36:00,49.5,49.5,202,207
2024-09-13 08:38:00,49.7,49.7,202,211
2024-09-13 08:40:00,49.7,49.7,196,214
2024-09-13 08:42:00,49.6,49.7,203,211
2024-09-13 08:44:00,4926,7874,2.12,0.707
2024-09-13 08:46:00,49.9,49.9,204,207
2024-09-13 08:48:00,49.6,49.6,201,222
2024-09-13 08:50:00,49.5,49.5,203,215
2024-09-13 08:52:00,49.7,49.6,201,214
2024-09-13 08:54:00,49.4,49.4,204,217
2024-09-13 08:56:00,49.6,49.6,203,213
2024-09-13 08:58:00,49.9,49.9,204,211
2024-09-13 09:00:00,49.5,49.5,200,215
2024-09-13 09:02:00,49.8,49.9,202,214
2024-09-13 09:04:00,49.8,49.8,202,212
2024-09-13 09:06:00,49.3,49.3,199,211
2024-09-13 09:08:00,49.7,49.7,202,211
2024-09-13 09:10:00,49.4,49.4,202,211
2024-09-13 09:12:00,49.5,49.6,198,210
2024-09-13 09:14:00,49.5,49.5,199,209
2024-09-13 09:16:00,49.6,49.6,202,204
2024-09-13 09:18:00,49.8,49.8,198,206
2024-09-13 09:20:00,49.8,49.8,200,205
2024-09-13 09:22:00,49.5,49.5,200,207
2024-09-13 09:24:00,49.5,49.5,200,202
2024-09-13 09:26:00,49.5,49.5,198,205
2024-09-13 09:28:00,49.7,49.6,202,207
2024-09-13 09:30:00,49.7,49.7,199,200
2024-09-13 09:32:00,49.6,49.6,199,209
2024-09-13 09:34:00,49.6,49.6,202,211
2024-09-13 09:36:00,49.7,49.7,203,208
2024-09-13 09:38:00,49.6,49.6,201,211
2024-09-13 09:40:00,49.5,49.4,202,206
2024-09-13 09:42:00,49.3,49.3,197,208
2024-09-13 09:44:00,49.8,49.8,194,213
2024-09-13 09:46:00,49.7,49.6,200,203
2024-09-13 09:48:00,49.8,49.8,199,211
2024-09-13 09:50:00,49.7,49.8,202,207
2024-09-13 09:52:00,50.1,50.1,197,204
2024-09-13 09:54:00,49.7,49.6,197,202
2024-09-13 09:56:00,49.9,49.9,197,205
2024-09-13 09:58:00,49.8,49.8,195,207
2024-09-13 10:00:00,49.4,49.5,196,209
2024-09-13 10:02:00,49.2,49.3,197,205
2024-09-13 10:04:00,49.5,49.4,198,211
2024-09-13 10:06:00,49.6,49.5,202,203
2024-09-13 10:08:00,49.7,49.6,199,208
2024-09-13 10:10:00,49.5,49.5,200,204
2024-09-13 10:12:00,49.8,49.8,196,205
2024-09-13 10:14:00,49.7,49.7,202,203
2024-09-13 10:16:00,49.4,49.3,197,205
2024-09-13 10:18:00,49.4,49.5,198,203
2024-09-13 10:20:00,49.5,49.4,199,202
2024-09-13 10:22:00,49.3,49.4,203,199
2024-09-13 10:24:00,49.6,49.5,196,202
2024-09-13 10:26:00,49.8,49.8,199,205
2024-09-13 10:28:00,49.5,49.5,199,202
2024-09-13 10:30:00,49.4,49.4,199,197
2024-09-13 10:32:00,49.4,49.3,197,200
2024-09-13 10:34:00,49.5,49.5,197,204
2024-09-13 10:36:00,49.6,49.5,197,207
2024-09-13 10:38:00,49.5,49.5,199,203
2024-09-13 10:40:00,49.5,49.6,199,205
2024-09-13 10:42:00,49.4,49.3,199,204
2024-09-13 10:44:00,49.5,49.5,197,204
2024-09-13 10:46:00,49.6,49.6,198,205
2024-09-13 10:48:00,49.3,49.4,198,203
2024-09-13 10:50:00,49.3,49.4,197,206
2024-09-13 10:52:00,49.6,49.5,197,201
2024-09-13 10:54:00,49.7,49.7,197,194
2024-09-13 10:56:00,49.2,49.2,199,198
2024-09-13 10:58:00,49.7,49.7,199,204
2024-09-13 11:00:00,49.7,49.6,195,197
2024-09-13 11:02:00,49.7,49.7,198,201
2024-09-13 11:04:00,49.7,49.8,197,205
2024-09-13 11:06:00,49.6,49.6,194,192
2024-09-13 11:08:00,49.7,49.7,197,196
2024-09-13 11:10:00,49.3,49.2,193,199
2024-09-13 11:12:00,49.5,49.5,196,201
2024-09-13 11:14:00,49.5,49.5,197,194
2024-09-13 11:16:00,50.0,50.0,195,194
2024-09-13 11:18:00,49.5,49.5,199,191
2024-09-13 11:20:00,49.8,49.8,199,189
2024-09-13 11:22:00,49.3,49.3,202,185
2024-09-13 11:24:00,49.3,49.3,194,194
2024-09-13 11:26:00,49.7,49.7,198,197
2024-09-13 11:28:00,49.5,49.5,199,192
2024-09-13 11:30:00,49.5,49.5,198,190
2024-09-13 11:32:00,49.7,49.7,199,192
2024-09-13 11:34:00,49.3,49.4,200,191
2024-09-13 11:36:00,50.1,50.1,203,196
2024-09-13 11:38:00,49.5,49.5,194,199
2024-09-13 11:40:00,49.4,49.4,194,199
2024-09-13 11:42:00,49.3,49.3,196,202
2024-09-13 11:44:00,49.7,49.7,198,201
2024-09-13 11:46:00,49.6,49.5,199,192
2024-09-13 11:48:00,49.7,49.8,199,202
2024-09-13 11:50:00,50.0,50.0,192,207
2024-09-13 11:52:00,49.5,49.5,193,202
2024-09-13 11:54:00,49.7,49.7,199,199
2024-09-13 11:56:00,49.8,49.8,198,189
2024-09-13 11:58:00,49.3,49.4,194,197
2024-09-13 12:00:00,49.8,49.8,195,194
2024-09-13 12:02:00,49.5,49.5,201,186
2024-09-13 12:04:00,49.1,49.1,196,192
2024-09-13 12:06:00,49.5,49.5,195,195
2024-09-13 12:08:00,49.4,49.3,198,192
2024-09-13 12:10:00,50.2,50.1,197,207
2024-09-13 12:12:00,50.1,50.1,197,207
2024-09-13 12:14:00,49.9,49.9,196,204
2024-09-13 12:16:00,49.7,49.8,200,201
2024-09-13 12:18:00,49.8,49.8,199,203
2024-09-13 12:20:00,49.7,49.6,191,201
2024-09-13 12:22:00,49.6,49.6,194,198
2024-09-13 12:24:00,49.2,49.3,199,201
2024-09-13 12:26:00,49.5,49.5,192,204
2024-09-13 12:28:00,49.6,49.7,199,202
2024-09-13 12:30:00,49.7,49.6,195,200
2024-09-13 12:32:00,49.6,49.7,196,202
2024-09-13 12:34:00,49.9,49.9,198,194
2024-09-13 12:36:00,49.7,49.8,198,194
2024-09-13 12:38:00,49.5,49.4,197,200
2024-09-13 12:40:00,49.3,49.3,195,197
2024-09-13 12:42:00,49.2,49.1,195,197
2024-09-13 12:44:00,49.3,49.4,200,199
2024-09-13 12:46:00,49.5,49.5,195,198
2024-09-13 12:48:00,49.6,49.6,200,199
2024-09-13 12:50:00,49.9,50.0,199,203
2024-09-13 12:52:00,49.5,49.5,199,203
2024-09-13 12:54:00,49.5,49.4,199,202
2024-09-13 12:56:00,49.6,49.6,197,207
2024-09-13 12:58:00,49.3,49.3,194,203
2024-09-13 13:00:00,49.5,49.5,198,204
2024-09-13 13:02:00,49.5,49.5,201,207
2024-09-13 13:04:00,49.3,49.3,196,207
2024-09-13 13:06:00,49.4,49.4,196,211
2024-09-13 13:08:00,49.9,49.9,200,209
2024-09-13 13:10:00,49.6,49.6,198,203
2024-09-13 13:12:00,49.7,49.7,194,202
2024-09-13 13:14:00,49.6,49.7,198,202
2024-09-13 13:16:00,49.3,49.3,197,202
2024-09-13 13:18:00,49.3,49.3,197,202
2024-09-13 13:20:00,49.6,49.6,197,207
2024-09-13 13:22:00,49.8,49.8,195,208
2024-09-13 13:24:00,49.6,49.5,199,202
2024-09-13 13:26:00,49.9,49.9,197,201
2024-09-13 13:28:00,49.5,49.5,196,199
2024-09-13 13:30:00,49.7,49.8,200,200
2024-09-13 13:32:00,49.5,49.5,197,202
2024-09-13 13:34:00,49.4,49.5,199,200
2024-09-13 13:36:00,49.6,49.5,200,196
2024-09-13 13:38:00,49.5,49.5,197,200
2024-09-13 13:40:00,49.4,49.4,196,194
2024-09-13 13:42:00,49.4,49.3,195,199
2024-09-13 13:44:00,49.7,49.7,196,201
2024-09-13 13:46:00,49.6,49.6,195,202
2024-09-13 13:48:00,49.7,49.6,199,208
2024-09-13 13:50:00,49.6,49.6,200,206
2024-09-13 13:52:00,49.2,49.3,197,205
2024-09-13 13:54:00,49.6,49.5,194,203
2024-09-13 13:56:00,49.3,49.3,192,204
2024-09-13 13:58:00,49.3,49.3,197,205
2024-09-13 14:00:00,49.7,49.7,195,198
2024-09-13 14:02:00,49.7,49.7,198,205
2024-09-13 14:04:00,49.5,49.5,199,200
2024-09-13 14:06:00,49.6,49.6,199,208
2024-09-13 14:08:00,49.1,49.2,199,199
2024-09-13 14:10:00,49.2,49.2,197,207
2024-09-13 14:12:00,49.1,49.1,199,203
2024-09-13 14:14:00,49.4,49.3,202,206
2024-09-13 14:16:00,49.3,49.4,199,212
2024-09-13 14:18:00,49.5,49.5,199,209
2024-09-13 14:20:00,49.4,49.3,199,204
2024-09-13 14:22:00,49.5,49.5,201,204
2024-09-13 14:24:00,49.3,49.3,197,202
2024-09-13 14:26:00,49.6,49.7,195,205
2024-09-13 14:28:00,49.6,49.6,197,205
2024-09-13 14:30:00,49.3,49.2,197,205
2024-09-13 14:32:00,49.5,49.6,198,202
2024-09-13 14:34:00,49.5,49.6,200,209
2024-09-13 14:36:00,49.5,49.5,201,207
2024-09-13 14:38:00,49.9,49.8,202,214
2024-09-13 14:40:00,49.4,49.4,199,207
2024-09-13 14:42:00,49.5,49.6,195,207
2024-09-13 14:44:00,49.5,49.5,197,207
2024-09-13 14:46:00,49.1,49.2,194,199
2024-09-13 14:48:00,49.6,49.6,194,201
2024-09-13 14:50:00,49.6,49.6,197,204
2024-09-13 14:52:00,49.5,49.4,199,206
2024-09-13 14:54:00,49.5,49.4,199,202
2024-09-13 14:56:00,49.3,49.3,200,205
2024-09-13 14:58:00,49.2,49.2,195,202
2024-09-13 15:00:00,49.3,49.3,196,204
2024-09-13 15:02:00,49.6,49.6,199,203
2024-09-13 15:04:00,49.0,49.1,196,207
2024-09-13 15:06:00,49.3,49.3,198,211
2024-09-13 15:08:00,49.3,49.3,203,206
2024-09-13 15:10:00,49.5,49.6,202,216
2024-09-13 15:12:00,49.5,49.5,195,209
2024-09-13 15:14:00,49.7,49.7,200,207
2024-09-13 15:16:00,49.4,49.4,197,204
2024-09-13 15:18:00,49.3,49.3,197,207
2024-09-13 15:20:00,49.4,49.4,200,209
2024-09-13 15:22:00,49.6,49.6,202,211
2024-09-13 15:24:00,49.7,49.7,198,201
2024-09-13 15:26:00,49.4,49.5,198,206
2024-09-13 15:28:00,49.3,49.4,201,209
2024-09-13 15:30:00,49.3,49.4,200,212
2024-09-13 15:32:00,49.1,49.2,195,202
2024-09-13 15:34:00,49.7,49.6,201,208
2024-09-13 15:36:00,49.2,49.2,197,206
2024-09-13 15:38:00,49.4,49.4,202,211
2024-09-13 15:40:00,49.3,49.3,202,200
2024-09-13 15:42:00,49.3,49.3,197,203
2024-09-13 15:44:00,49.5,49.5,197,204
2024-09-13 15:46:00,49.2,49.3,199,204
2024-09-13 15:48:00,49.5,49.3,200,200
2024-09-13 15:50:00,49.2,49.2,198,199
2024-09-13 15:52:00,49.3,49.3,199,200
2024-09-13 15:54:00,49.4,49.4,202,200
2024-09-13 15:56:00,49.4,49.4,198,207
2024-09-13 15:58:00,49.5,49.5,194,204
2024-09-13 16:00:00,49.5,49.5,198,204
2024-09-13 16:02:00,49.3,49.4,197,204
2024-09-13 16:04:00,49.4,49.4,199,200
2024-09-13 16:06:00,49.9,49.8,199,209
2024-09-13 16:08:00,49.6,49.6,204,197
2024-09-13 16:10:00,49.5,49.5,199,197
2024-09-13 16:12:00,49.7,49.6,201,208
2024-09-13 16:14:00,49.2,49.3,196,206
2024-09-13 16:16:00,49.1,49.0,196,200
2024-09-13 16:18:00,49.8,49.8,199,209
2024-09-13 16:20:00,49.1,49.1,201,199
2024-09-13 16:22:00,49.5,49.5,197,195
2024-09-13 16:24:00,49.4,49.5,198,197
2024-09-13 16:26:00,49.3,49.3,200,196
2024-09-13 16:28:00,49.8,49.9,196,195
2024-09-13 16:30:00,49.8,49.8,198,200
2024-09-13 16:32:00,49.9,49.9,198,202
2024-09-13 16:34:00,49.5,49.5,198,196
2024-09-13 16:36:00,49.3,49.3,194,199
2024-09-13 16:38:00,49.3,49.3,198,194
2024-09-13 16:40:00,49.3,49.3,199,202
2024-09-13 16:42:00,49.5,49.5,199,205
2024-09-13 16:44:00,49.7,49.6,199,201
2024-09-13 16:46:00,49.5,49.5,199,192
2024-09-13 16:48:00,49.5,49.5,199,196
2024-09-13 16:50:00,49.3,49.4,194,199
2024-09-13 16:52:00,49.2,49.3,199,196
2024-09-13 16:54:00,49.2,49.1,197,193
2024-09-13 16:56:00,49.5,49.5,197,197
2024-09-13 16:58:00,49.4,49.4,198,196
2024-09-13 17:00:00,49.3,49.3,199,201
2024-09-13 17:02:00,49.3,49.2,194,202
2024-09-13 17:04:00,49.6,49.6,197,202
2024-09-13 17:06:00,49.7,49.7,200,198
2024-09-13 17:08:00,49.3,49.3,197,200
2024-09-13 17:10:00,49.7,49.7,196,195
2024-09-13 17:12:00,49.5,49.5,201,202
2024-09-13 17:14:00,49.3,49.3,200,199
2024-09-13 17:16:00,49.6,49.6,199,203
2024-09-13 17:18:00,49.5,49.4,202,203
2024-09-13 17:20:00,49.2,49.2,195,199
2024-09-13 17:22:00,49.7,49.7,197,199
2024-09-13 17:24:00,49.6,49.5,201,201
2024-09-13 17:26:00,49.2,49.2,200,202
2024-09-13 17:28:00,49.6,49.6,202,197
2024-09-13 17:30:00,49.7,49.6,197,203
2024-09-13 17:32:00,49.6,49.6,200,200
2024-09-13 17:34:00,49.6,49.7,198,202
2024-09-13 17:36:00,49.3,49.3,201,203
2024-09-13 17:38:00,49.4,49.4,199,199
2024-09-13 17:40:00,49.0,49.0,197,199
2024-09-13 17:42:00,49.3,49.3,200,201
2024-09-13 17:44:00,49.8,49.8,199,201
2024-09-13 17:46:00,49.6,49.5,200,199
2024-09-13 17:48:00,49.5,49.6,198,201
2024-09-13 17:50:00,49.7,49.6,198,201
2024-09-13 17:52:00,49.3,49.3,199,202
2024-09-13 17:54:00,49.1,49.1,197,202
2024-09-13 17:56:00,49.3,49.3,200,203
2024-09-13 17:58:00,49.6,49.6,197,200
2024-09-13 18:00:00,49.1,49.1,197,198
2024-09-13 18:02:00,49.5,49.6,194,202
2024-09-13 18:04:00,49.2,49.3,200,197
2024-09-13 18:06:00,49.1,49.1,202,197
2024-09-13 18:08:00,49.6,49.6,197,200
2024-09-13 18:10:00,49.2,49.2,199,195
2024-09-13 18:12:00,49.6,49.6,199,202
2024-09-13 18:14:00,49.3,49.2,197,200
2024-09-13 18:16:00,49.1,49.0,194,203
2024-09-13 18:18:00,49.3,49.4,197,204
2024-09-13 18:20:00,49.4,49.4,198,202
2024-09-13 18:22:00,49.3,49.4,199,197
2024-09-13 18:24:00,48.9,48.9,194,200
2024-09-13 18:26:00,49.1,49.1,197,199
2024-09-13 18:28:00,49.1,49.1,197,198
2024-09-13 18:30:00,49.2,49.2,197,197
2024-09-13 18:32:00,50.3,50.2,198,205
2024-09-13 18:34:00,49.5,49.5,197,201
2024-09-13 18:36:00,49.6,49.6,199,198
2024-09-13 18:38:00,49.6,49.6,201,193
2024-09-13 18:40:00,49.6,49.6,198,201
2024-09-13 18:42:00,49.7,49.7,198,202
2024-09-13 18:44:00,49.5,49.5,199,202
2024-09-13 18:46:00,49.5,49.5,199,197
2024-09-13 18:48:00,49.4,49.4,194,199
2024-09-13 18:50:00,49.4,49.4,199,202
2024-09-13 18:52:00,49.4,49.3,197,205
2024-09-13 18:54:00,49.6,49.6,199,204
2024-09-13 18:56:00,49.6,49.6,201,202
2024-09-13 18:58:00,49.5,49.5,197,201
2024-09-13 19:00:00,49.5,49.5,194,202
2024-09-13 19:02:00,49.6,49.6,199,202
2024-09-13 19:04:00,49.2,49.2,200,197
2024-09-13 19:06:00,49.3,49.3,198,198
2024-09-13 19:08:00,49.5,49.5,197,203
2024-09-13 19:10:00,49.1,49.2,197,203
2024-09-13 19:12:00,49.3,49.3,195,204
2024-09-13 19:14:00,49.6,49.6,197,204
2024-09-13 19:16:00,49.5,49.6,197,202
2024-09-13 19:18:00,49.2,49.2,200,202
2024-09-13 19:20:00,49.3,49.3,197,200
2024-09-13 19:22:00,49.2,49.1,195,199
2024-09-13 19:24:00,49.5,49.4,197,202
2024-09-13 19:26:00,49.5,49.5,197,202
2024-09-13 19:28:00,49.3,49.4,199,197
2024-09-13 19:30:00,49.3,49.3,194,200
2024-09-13 19:32:00,49.6,49.6,194,198
2024-09-13 19:34:00,49.3,49.3,195,200
2024-09-13 19:36:00,49.3,49.3,200,199
2024-09-13 19:38:00,49.3,49.3,192,201
2024-09-13 19:40:00,49.3,49.4,197,202
2024-09-13 19:42:00,49.5,49.5,198,196
2024-09-13 19:44:00,49.1,49.0,197,192
2024-09-13 19:46:00,49.4,49.4,194,192
2024-09-13 19:48:00,49.4,49.4,190,194
2024-09-13 19:50:00,49.5,49.5,192,194
2024-09-13 19:52:00,49.5,49.6,194,194
2024-09-13 19:54:00,49.7,49.7,187,197
2024-09-13 19:56:00,49.4,49.4,189,201
2024-09-13 19:58:00,49.8,49.6,190,204
2024-09-13 20:00:00,49.4,49.4,189,207
2024-09-13 20:02:00,49.4,49.4,192,203
2024-09-13 20:04:00,49.0,49.0,190,200
2024-09-13 20:06:00,49.5,49.5,188,204
2024-09-13 20:08:00,49.2,49.2,194,199
2024-09-13 20:10:00,49.3,49.3,188,203
2024-09-13 20:12:00,49.5,49.6,192,202
2024-09-13 20:14:00,49.3,49.4,192,202
2024-09-13 20:16:00,49.7,49.7,194,203
2024-09-13 20:18:00,49.6,49.6,192,202
2024-09-13 20:20:00,49.3,49.2,192,194
2024-09-13 20:22:00,49.6,49.5,196,203
2024-09-13 20:24:00,49.3,49.4,197,199
2024-09-13 20:26:00,49.6,49.6,192,197
2024-09-13 20:28:00,49.5,49.5,195,193
2024-09-13 20:30:00,49.3,49.2,197,194
2024-09-13 20:32:00,49.3,49.3,196,200
2024-09-13 20:34:00,49.5,49.5,194,193
2024-09-13 20:36:00,49.5,49.4,192,201
2024-09-13 20:38:00,49.4,49.3,192,199
2024-09-13 20:40:00,49.5,49.5,194,201
2024-09-13 20:42:00,49.6,49.6,194,198
2024-09-13 20:44:00,49.4,49.4,193,197
2024-09-13 20:46:00,49.8,49.8,193,200
2024-09-13 20:48:00,49.5,49.5,196,199
2024-09-13 20:50:00,49.4,49.4,192,199
2024-09-13 20:52:00,49.5,49.4,192,202
2024-09-13 20:54:00,49.1,49.1,196,201
2024-09-13 20:56:00,49.2,49.2,197,199
2024-09-13 20:58:00,49.2,49.3,193,200
2024-09-13 21:00:00,49.1,49.2,193,199
2024-09-13 21:02:00,49.2,49.2,195,199
2024-09-13 21:04:00,49.1,49.2,194,200
2024-09-13 21:06:00,50.0,50.1,193,203
2024-09-13 21:08:00,49.2,49.2,194,199
2024-09-13 21:10:00,49.3,49.3,196,200
2024-09-13 21:12:00,49.6,49.6,195,199
2024-09-13 21:14:00,50.1,50.0,198,216
2024-09-13 21:16:00,49.8,49.8,196,212
2024-09-13 21:18:00,49.9,50.0,194,214
2024-09-13 21:20:00,49.8,49.8,195,212
2024-09-13 21:22:00,49.7,49.7,198,211
2024-09-13 21:24:00,49.3,49.3,196,210
2024-09-13 21:26:00,49.5,49.5,197,213
2024-09-13 21:28:00,49.6,49.6,197,214
2024-09-13 21:30:00,48.2,48.2,194,209
2024-09-13 21:32:00,49.4,49.4,197,211
2024-09-13 21:34:00,49.4,49.4,194,207
2024-09-13 21:36:00,49.4,49.4,199,207
2024-09-13 21:38:00,49.7,49.7,198,209
2024-09-13 21:40:00,49.5,49.5,201,209
2024-09-13 21:42:00,49.6,49.6,199,212
2024-09-13 21:44:00,49.7,49.7,198,211
2024-09-13 21:46:00,49.6,49.6,202,209
2024-09-13 21:48:00,49.3,49.3,197,209
2024-09-13 21:50:00,49.5,49.6,201,206
2024-09-13 21:52:00,49.5,49.5,200,204
2024-09-13 21:54:00,49.7,49.7,202,205
2024-09-13 21:56:00,49.5,49.4,197,207
2024-09-13 21:58:00,49.4,49.3,200,204
2024-09-13 22:00:00,49.4,49.4,198,208
2024-09-13 22:02:00,49.6,49.6,201,213
2024-09-13 22:04:00,49.6,49.6,201,212
2024-09-13 22:06:00,49.7,49.8,201,209
2024-09-13 22:08:00,49.9,49.8,203,210
2024-09-13 22:10:00,49.8,49.7,202,214
2024-09-13 22:12:00,49.6,49.6,198,214
2024-09-13 22:14:00,49.7,49.8,197,214
2024-09-13 22:16:00,49.7,49.7,201,214
2024-09-13 22:18:00,49.8,49.8,200,212
2024-09-13 22:20:00,49.6,49.7,200,214
2024-09-13 22:22:00,49.5,49.5,199,214
2024-09-13 22:24:00,49.8,49.8,200,216
2024-09-13 22:26:00,49.8,49.8,204,216
2024-09-13 22:28:00,49.9,49.9,199,216
2024-09-13 22:30:00,49.8,49.9,199,216
2024-09-13 22:32:00,49.8,49.7,201,216
2024-09-13 22:34:00,49.6,49.6,197,216
2024-09-13 22:36:00,49.8,49.8,199,217
2024-09-13 22:38:00,49.6,49.6,203,214
2024-09-13 22:40:00,49.6,49.6,203,217
2024-09-13 22:42:00,50.0,50.0,199,218
2024-09-13 22:44:00,49.9,49.8,202,219
2024-09-13 22:46:00,49.6,49.6,202,216
2024-09-13 22:48:00,49.6,49.7,201,218
2024-09-13 22:50:00,49.8,49.9,199,216
2024-09-13 22:52:00,49.7,49.7,202,216
2024-09-13 22:54:00,49.8,49.7,202,223
2024-09-13 22:56:00,49.8,49.8,200,221
2024-09-13 22:58:00,50.2,50.1,201,223
2024-09-13 23:00:00,50.1,50.2,200,223
2024-09-13 23:02:00,50.0,50.0,202,223
2024-09-13 23:04:00,49.8,49.8,200,224
2024-09-13 23:06:00,49.7,49.7,198,223
2024-09-13 23:08:00,49.6,49.7,202,225
2024-09-13 23:10:00,50.0,49.9,203,221
2024-09-13 23:12:00,50.0,50.0,198,224
2024-09-13 23:14:00,49.9,50.0,200,226
2024-09-13 23:16:00,50.0,50.0,205,224
2024-09-13 23:18:00,50.0,50,201,225
2024-09-13 23:20:00,49.8,49.9,199,225
2024-09-13 23:22:00,49.8,49.8,204,224
2024-09-13 23:24:00,50,50.0,205,224
2024-09-13 23:26:00,50.0,50.0,202,224
2024-09-13 23:28:00,50.1,50.0,202,226
2024-09-13 23:30:00,49.9,49.9,207,223
2024-09-13 23:32:00,49.8,49.8,203,225
2024-09-13 23:34:00,49.6,49.6,200,225
2024-09-13 23:36:00,49.8,49.8,202,225
2024-09-13 23:38:00,49.8,49.8,202,226
2024-09-13 23:40:00,49.9,49.9,201,226
2024-09-13 23:42:00,49.9,50.0,204,227
2024-09-13 23:44:00,50.1,50.1,207,227
2024-09-13 23:46:00,50.0,50.0,205,226
2024-09-13 23:48:00,50.1,50.1,204,226
2024-09-13 23:50:00,50.0,50.0,206,226
2024-09-13 23:52:00,49.9,49.8,205,226
2024-09-13 23:54:00,49.9,49.9,207,225
2024-09-13 23:56:00,50.0,50.1,204,226
2024-09-13 23:58:00,49.9,49.9,203,226
2024-09-14 00:00:00,50.1,50.1,205,228
2024-09-14 00:02:00,50.1,50.1,204,226
2024-09-14 00:04:00,50.0,49.9,203,228
2024-09-14 00:06:00,49.9,49.9,207,228
2024-09-14 00:08:00,50.0,49.9,207,227
2024-09-14 00:10:00,49.9,49.9,203,228
2024-09-14 00:12:00,50.0,50.0,204,228
2024-09-14 00:14:00,50.1,50.2,207,228
2024-09-14 00:16:00,50.1,50.0,203,228
2024-09-14 00:18:00,50.2,50.2,202,228
2024-09-14 00:20:00,50.2,50.3,207,227
2024-09-14 00:22:00,50.1,50.2,208,227
2024-09-14 00:24:00,50.0,50.0,202,228
2024-09-14 00:26:00,49.8,49.8,207,227
2024-09-14 00:28:00,49.8,49.8,209,228
2024-09-14 00:30:00,49.8,49.9,204,227
2024-09-14 00:32:00,50.0,49.9,202,226
2024-09-14 00:34:00,50.1,50.0,204,226
2024-09-14 00:36:00,50.3,50.3,207,226
2024-09-14 00:38:00,50.2,50.2,205,228
2024-09-14 00:40:00,50.4,50.4,207,229
2024-09-14 00:42:00,50.2,50.2,207,228
2024-09-14 00:44:00,50.0,50.0,206,227
2024-09-14 00:46:00,49.9,49.9,205,227
2024-09-14 00:48:00,50.0,50.0,206,226
2024-09-14 00:50:00,49.9,49.8,205,224
2024-09-14 00:52:00,49.7,49.7,204,225
2024-09-14 00:54:00,49.9,49.9,204,224
2024-09-14 00:56:00,49.9,49.9,206,228
2024-09-14 00:58:00,50.1,50.1,207,228
2024-09-14 01:00:00,50.5,50.5,206,226
2024-09-14 01:02:00,50.3,50.4,205,226
2024-09-14 01:04:00,50.2,50.3,208,226
2024-09-14 01:06:00,50.4,50.3,207,226
2024-09-14 01:08:00,50.1,50.0,204,228
2024-09-14 01:10:00,49.8,49.9,207,228
2024-09-14 01:12:00,49.9,49.9,207,224
2024-09-14 01:14:00,50.2,50.1,204,227
2024-09-14 01:16:00,50.2,50.2,205,228
2024-09-14 01:18:00,50.3,50.3,209,228
2024-09-14 01:20:00,50.1,50.2,206,229
2024-09-14 01:22:00,50.2,50.2,204,228
2024-09-14 01:24:00,50.1,50.1,209,226
2024-09-14 01:26:00,50.2,50.2,207,223
2024-09-14 01:28:00,50.0,50.1,205,227
2024-09-14 01:30:00,50.0,50.0,207,226
2024-09-14 01:32:00,50.1,50.1,209,226
2024-09-14 01:34:00,50.3,50.2,204,228
2024-09-14 01:36:00,50.2,50.2,204,227
2024-09-14 01:38:00,50.1,50.0,210,225
2024-09-14 01:40:00,50.2,50.2,207,226
2024-09-14 01:42:00,50.1,50.1,205,226
2024-09-14 01:44:00,50.3,50.2,209,228
2024-09-14 01:46:00,50.1,50.2,206,228
2024-09-14 01:48:00,50.0,50.1,207,227
2024-09-14 01:50:00,49.9,49.9,206,226
2024-09-14 01:52:00,50.2,50.3,209,221
2024-09-14 01:54:00,50.3,50.3,208,224
2024-09-14 01:56:00,50.2,50.2,206,226
2024-09-14 01:58:00,50.1,50.1,204,228
2024-09-14 02:00:00,50.0,50.0,206,228
2024-09-14 02:02:00,49.9,50.0,207,228
2024-09-14 02:04:00,49.8,49.7,204,227
2024-09-14 02:06:00,50.2,50.2,204,228
2024-09-14 02:08:00,50.4,50.4,207,228
2024-09-14 02:10:00,50.3,50.3,207,228
2024-09-14 02:12:00,50.2,50.2,205,228
2024-09-14 02:14:00,50.2,50.1,209,228
2024-09-14 02:16:00,49.8,49.9,210,226
2024-09-14 02:18:00,50.1,50.1,204,228
2024-09-14 02:20:00,50.2,50.1,206,228
2024-09-14 02:22:00,50.3,50.3,210,228
2024-09-14 02:24:00,50.2,50.2,207,227
2024-09-14 02:26:00,50.3,50.3,207,228
2024-09-14 02:28:00,50.3,50.3,211,228
2024-09-14 02:30:00,50.2,50.2,211,228
2024-09-14 02:32:00,50.1,50.1,206,228
2024-09-14 02:34:00,49.8,49.8,208,228
2024-09-14 02:36:00,50.0,50.0,210,228
2024-09-14 02:38:00,50.2,50.3,204,228
2024-09-14 02:40:00,50.3,50.3,207,228
2024-09-14 02:42:00,50.2,50.1,210,226
2024-09-14 02:44:00,50.2,50.2,206,227
2024-09-14 02:46:00,50.2,50.2,203,228
2024-09-14 02:48:00,50.4,50.3,207,228
2024-09-14 02:50:00,50.4,50.4,207,229
2024-09-14 02:52:00,49.9,49.9,206,228
2024-09-14 02:54:00,50.2,50.3,208,228
2024-09-14 02:56:00,50.2,50.2,208,228
2024-09-14 02:58:00,50.2,50.2,209,229
2024-09-14 03:00:00,49.9,50.0,206,228
2024-09-14 03:02:00,49.9,49.9,206,227
2024-09-14 03:04:00,49.8,49.8,206,226
2024-09-14 03:06:00,49.9,49.9,205,227
2024-09-14 03:08:00,50.1,50.1,207,228
2024-09-14 03:10:00,50.0,50.0,208,228
2024-09-14 03:12:00,50.2,50.2,209,228
2024-09-14 03:14:00,50.4,50.3,207,228
2024-09-14 03:16:00,50.4,50.4,205,229
2024-09-14 03:18:00,50.3,50.3,209,228
2024-09-14 03:20:00,49.8,49.8,204,226
2024-09-14 03:22:00,50.2,50.3,204,231
2024-09-14 03:24:00,50.1,50.0,208,229
2024-09-14 03:26:00,49.8,49.8,208,228
2024-09-14 03:28:00,49.9,49.9,202,229
2024-09-14 03:30:00,50.3,50.2,203,229
2024-09-14 03:32:00,50.3,50.3,209,229
2024-09-14 03:34:00,50.2,50.1,204,232
2024-09-14 03:36:00,50.5,50.5,204,233
2024-09-14 03:38:00,50.3,50.3,209,231
2024-09-14 03:40:00,50.4,50.4,209,231
2024-09-14 03:42:00,50.5,50.5,205,232
2024-09-14 03:44:00,50.2,50.1,207,231
2024-09-14 03:46:00,49.7,49.7,207,231
2024-09-14 03:48:00,49.7,49.7,204,231
2024-09-14 03:50:00,50.2,50.2,206,231
2024-09-14 03:52:00,50.3,50.2,208,231
2024-09-14 03:54:00,50.5,50.5,207,231
2024-09-14 03:56:00,50.2,50.3,207,230
2024-09-14 03:58:00,50.2,50.2,209,228
2024-09-14 04:00:00,50.1,50.0,206,229
2024-09-14 04:02:00,49.9,50.0,208,228
2024-09-14 04:04:00,49.9,49.9,208,227
2024-09-14 04:06:00,50.0,50.0,206,229
2024-09-14 04:08:00,49.8,49.9,207,228
2024-09-14 04:10:00,50.0,50.0,209,230
2024-09-14 04:12:00,50.2,50.2,206,233
2024-09-14 04:14:00,50.2,50.3,207,231
2024-09-14 04:16:00,50.2,50.1,209,232
2024-09-14 04:18:00,50.2,50.3,207,231
2024-09-14 04:20:00,50.2,50.1,205,232
2024-09-14 04:22:00,50.2,50.2,208,232
2024-09-14 04:24:00,50.3,50.3,209,232
2024-09-14 04:26:00,50.3,50.3,207,233
2024-09-14 04:28:00,50.5,50.5,207,234
2024-09-14 04:30:00,50.2,50.2,208,232
2024-09-14 04:32:00,50.3,50.3,207,233
2024-09-14 04:34:00,50.3,50.3,204,234
2024-09-14 04:36:00,50.3,50.3,209,233
2024-09-14 04:38:00,50.2,50.2,207,232
2024-09-14 04:40:00,50.1,50.2,207,233
2024-09-14 04:42:00,50,50.0,208,231
2024-09-14 04:44:00,50.2,50.2,205,233
2024-09-14 04:46:00,49.9,49.9,209,231
2024-09-14 04:48:00,50.2,50.3,209,232
2024-09-14 04:50:00,50.3,50.3,209,231
2024-09-14 04:52:00,50.3,50.3,209,232
2024-09-14 04:54:00,50.0,50.0,209,232
2024-09-14 04:56:00,50.2,50.2,209,231
2024-09-14 04:58:00,50.3,50.3,207,232
2024-09-14 05:00:00,49.9,49.9,209,229
2024-09-14 05:02:00,49.9,49.9,209,230
2024-09-14 05:04:00,50.2,50.2,205,231
2024-09-14 05:06:00,50.3,50.3,207,232
2024-09-14 05:08:00,50.5,50.4,209,232
2024-09-14 05:10:00,50.1,50.1,208,232
2024-09-14 05:12:00,49.9,50.0,208,232
2024-09-14 05:14:00,49.9,49.8,209,228
2024-09-14 05:16:00,49.7,49.6,208,228
2024-09-14 05:18:00,49.8,49.8,204,229
2024-09-14 05:20:00,50.3,50.2,208,229
2024-09-14 05:22:00,50.5,50.4,207,231
2024-09-14 05:24:00,50.2,50.3,206,231
2024-09-14 05:26:00,50.1,50.1,209,229
2024-09-14 05:28:00,49.9,50.0,207,231
2024-09-14 05:30:00,50.0,50.0,207,230
2024-09-14 05:32:00,49.7,49.7,207,227
2024-09-14 05:34:00,49.8,49.9,209,226
2024-09-14 05:36:00,49.8,49.8,204,226
2024-09-14 05:38:00,50.1,50.1,207,226
2024-09-14 05:40:00,50.1,50.1,207,228
2024-09-14 05:42:00,49.9,49.9,207,226
2024-09-14 05:44:00,50.1,50.1,208,226
2024-09-14 05:46:00,49.9,49.9,207,228
2024-09-14 05:48:00,49.6,49.6,209,216
2024-09-14 05:50:00,49.7,49.7,205,216
2024-09-14 05:52:00,49.7,49.7,207,223
2024-09-14 05:54:00,49.7,49.8,206,219
2024-09-14 05:56:00,49.6,49.7,206,220
2024-09-14 05:58:00,50.0,50.0,209,224
2024-09-14 06:00:00,49.6,49.7,209,223
2024-09-14 06:02:00,49.8,49.8,204,228
2024-09-14 06:04:00,49.9,49.8,204,228
2024-09-14 06:06:00,49.9,49.8,205,227
2024-09-14 06:08:00,50.0,50,205,229
2024-09-14 06:10:00,50.1,50.1,206,228
2024-09-14 06:12:00,49.8,49.8,204,226
2024-09-14 06:14:00,49.9,49.9,204,228
2024-09-14 06:16:00,49.6,49.6,207,229
2024-09-14 06:18:00,49.9,49.9,204,230
2024-09-14 06:20:00,49.9,49.9,209,223
2024-09-14 06:22:00,49.8,49.8,205,221
2024-09-14 06:24:00,49.7,49.7,208,218
2024-09-14 06:26:00,50.0,50.0,207,233
2024-09-14 06:28:00,49.9,50.0,206,228
2024-09-14 06:30:00,50.1,50.1,209,229
2024-09-14 06:32:00,49.8,49.8,209,228
2024-09-14 06:34:00,49.6,49.7,207,229
2024-09-14 06:36:00,50.0,50.0,207,227
2024-09-14 06:38:00,49.6,49.6,205,224
2024-09-14 06:40:00,49.8,49.8,207,226
2024-09-14 06:42:00,49.9,49.9,201,224
2024-09-14 06:44:00,50.0,50.0,203,231
2024-09-14 06:46:00,50.0,49.9,202,231
2024-09-14 06:48:00,50.0,50.0,203,233
2024-09-14 06:50:00,50.0,50.1,203,232
2024-09-14 06:52:00,49.7,49.8,207,230
2024-09-14 06:54:00,49.9,49.9,208,231
2024-09-14 06:56:00,50.0,50.0,209,226
2024-09-14 06:58:00,49.8,49.8,208,226
2024-09-14 07:00:00,49.7,49.7,205,226
2024-09-14 07:02:00,49.8,49.8,209,222
2024-09-14 07:04:00,50.0,50.0,206,227
2024-09-14 07:06:00,49.9,49.9,204,228
2024-09-14 07:08:00,49.8,49.8,205,227
2024-09-14 07:10:00,50.0,50.0,204,231
2024-09-14 07:12:00,50.2,50.1,206,231
2024-09-14 07:14:00,50.0,50.0,204,231
2024-09-14 07:16:00,49.7,49.7,207,231
2024-09-14 07:18:00,49.7,49.7,207,226
2024-09-14 07:20:00,49.7,49.7,203,228
2024-09-14 07:22:00,6536,9804,0,0
2024-09-14 07:24:00,3584,1876,0,0
2024-09-14 07:26:00,7874,2604,0,0.707
2024-09-14 07:28:00,4926,4926,0,0
2024-09-14 07:30:00,3279,9804,0,0
2024-09-14 07:32:00,7874,2618,0,0
2024-09-14 07:34:00,4386,6536,0,0
2024-09-14 07:36:00,6536,3937,0.707,0
2024-09-14 07:38:00,5618,7874,0,0.707
2024-09-14 07:40:00,5618,4367,0,0
2024-09-14 07:42:00,3571,4854,0,0
2024-09-14 07:44:00,4926,9804,0,0.707
2024-09-14 07:46:00,2463,9615,0,0.707
2024-09-14 07:48:00,3279,6579,0,0
2024-09-14 07:50:00,7813,5618,0,0
2024-09-14 07:52:00,50.3,50.2,149,228
2024-09-14 07:54:00,49.8,49.8,206,226
2024-09-14 07:56:00,49.7,49.7,202,230
2024-09-14 07:58:00,49.6,49.5,200,228
2024-09-14 08:00:00,49.6,49.7,203,227
2024-09-14 08:02:00,49.8,49.9,202,222
2024-09-14 08:04:00,50.0,50.0,200,223
2024-09-14 08:06:00,49.7,49.7,200,219
2024-09-14 08:08:00,50.0,49.9,202,221
2024-09-14 08:10:00,50.1,50.1,202,225
2024-09-14 08:12:00,49.8,49.8,200,221
2024-09-14 08:14:00,49.9,49.9,202,220
2024-09-14 08:16:00,49.8,49.8,202,229
2024-09-14 08:18:00,49.8,49.9,204,227
2024-09-14 08:20:00,49.6,49.6,199,228
2024-09-14 08:22:00,49.7,49.6,202,226
2024-09-14 08:24:00,50.0,50.0,197,226
2024-09-14 08:26:00,49.9,50.0,199,228
2024-09-14 08:28:00,50.0,50.0,197,227
2024-09-14 08:30:00,49.7,49.7,197,227
2024-09-14 08:32:00,49.5,49.5,193,226
2024-09-14 08:34:00,49.7,49.6,197,227
2024-09-14 08:36:00,50.1,50.0,198,225
2024-09-14 08:38:00,49.9,49.8,202,220
2024-09-14 08:40:00,50.0,50.0,203,214
2024-09-14 08:42:00,49.8,49.9,204,216
2024-09-14 08:44:00,49.8,49.8,203,217
2024-09-14 08:46:00,49.5,49.6,195,219
2024-09-14 08:48:00,49.6,49.6,195,216
2024-09-14 08:50:00,49.8,49.7,202,215
2024-09-14 08:52:00,49.7,49.7,204,216
2024-09-14 08:54:00,50.1,50.0,202,219
2024-09-14 08:56:00,50.1,50.1,199,221
2024-09-14 08:58:00,49.9,49.9,203,223
2024-09-14 09:00:00,49.7,49.7,203,221
2024-09-14 09:02:00,49.6,49.6,203,218
2024-09-14 09:04:00,49.9,49.8,203,216
2024-09-14 09:06:00,49.3,49.3,197,216
2024-09-14 09:08:00,49.6,49.5,196,219
2024-09-14 09:10:00,50.0,50.0,198,219
2024-09-14 09:12:00,49.5,49.5,198,214
2024-09-14 09:14:00,49.6,49.5,204,213
2024-09-14 09:16:00,49.7,49.7,202,216
2024-09-14 09:18:00,49.5,49.5,200,216
2024-09-14 09:20:00,49.8,49.9,194,219
2024-09-14 09:22:00,49.3,49.3,197,219
2024-09-14 09:24:00,49.5,49.5,195,217
2024-09-14 09:26:00,49.6,49.7,203,214
2024-09-14 09:28:00,49.5,49.5,197,217
2024-09-14 09:30:00,49.6,49.7,199,216
2024-09-14 09:32:00,49.7,49.7,199,206
2024-09-14 09:34:00,49.5,49.5,199,214
2024-09-14 09:36:00,49.4,49.5,197,216
2024-09-14 09:38:00,49.5,49.4,201,215
2024-09-14 09:40:00,49.8,49.7,201,213
2024-09-14 09:42:00,49.5,49.4,195,211
2024-09-14 09:44:00,49.8,49.7,199,211
2024-09-14 09:46:00,49.9,49.8,202,213
2024-09-14 09:48:00,49.6,49.6,199,214
2024-09-14 09:50:00,49.8,49.9,202,213
2024-09-14 09:52:00,49.5,49.7,204,214
2024-09-14 09:54:00,49.8,49.8,194,217
2024-09-14 09:56:00,49.8,49.7,201,219
2024-09-14 09:58:00,49.8,49.8,199,214
2024-09-14 10:00:00,49.7,49.6,196,210
2024-09-14 10:02:00,49.8,49.7,202,211
2024-09-14 10:04:00,49.6,49.5,197,211
2024-09-14 10:06:00,50.0,50.2,204,211
2024-09-14 10:08:00,49.7,49.7,199,211
2024-09-14 10:10:00,49.7,49.7,199,216
2024-09-14 10:12:00,49.5,49.4,199,211
2024-09-14 10:14:00,49.3,49.4,200,211
2024-09-14 10:16:00,49.6,49.5,198,211
2024-09-14 10:18:00,49.7,49.6,201,205
2024-09-14 10:20:00,49.7,49.7,197,212
2024-09-14 10:22:00,49.6,49.6,199,214
2024-09-14 10:24:00,49.8,49.8,197,214
2024-09-14 10:26:00,49.8,49.8,198,215
2024-09-14 10:28:00,49.6,49.6,201,211
2024-09-14 10:30:00,49.6,49.5,199,214
2024-09-14 10:32:00,49.5,49.5,197,211
2024-09-14 10:34:00,49.5,49.5,201,207
2024-09-14 10:36:00,49.7,49.8,199,205
2024-09-14 10:38:00,49.4,49.4,197,203
2024-09-14 10:40:00,49.7,49.7,198,205
2024-09-14 10:42:00,49.5,49.5,197,202
2024-09-14 10:44:00,49.5,49.5,197,207
2024-09-14 10:46:00,49.6,49.6,199,207
2024-09-14 10:48:00,49.3,49.3,199,204
2024-09-14 10:50:00,49.3,49.3,195,209
2024-09-14 10:52:00,49.2,49.2,198,197
2024-09-14 10:54:00,49.7,49.7,197,204
2024-09-14 10:56:00,49.7,49.7,195,203
2024-09-14 10:58:00,49.5,49.5,196,204
2024-09-14 11:00:00,49.7,49.7,194,205
2024-09-14 11:02:00,49.7,49.7,199,202
2024-09-14 11:04:00,49.3,49.4,198,202
2024-09-14 11:06:00,49.3,49.3,197,204
2024-09-14 11:08:00,49.6,49.6,197,199
2024-09-14 11:10:00,49.2,49.2,197,210
2024-09-14 11:12:00,49.6,49.6,196,197
2024-09-14 11:14:00,49.5,49.5,194,204
2024-09-14 11:16:00,49.5,49.5,199,199
2024-09-14 11:18:00,49.4,49.5,193,198
2024-09-14 11:20:00,49.6,49.5,196,200
2024-09-14 11:22:00,49.7,49.7,201,203
2024-09-14 11:24:00,49.6,49.6,196,205
2024-09-14 11:26:00,49.4,49.4,196,202
2024-09-14 11:28:00,49.3,49.3,198,202
2024-09-14 11:30:00,49.6,49.6,198,208
2024-09-14 11:32:00,49.8,49.8,197,207
2024-09-14 11:34:00,49.9,49.8,198,207
2024-09-14 11:36:00,49.6,49.5,199,207
2024-09-14 11:38:00,49.7,49.7,197,207
2024-09-14 11:40:00,49.7,49.7,197,204
2024-09-14 11:42:00,49.5,49.5,194,206
2024-09-14 11:44:00,49.5,49.5,194,200
2024-09-14 11:46:00,49.6,49.7,194,202
2024-09-14 11:48:00,49.6,49.6,197,206
2024-09-14 11:50:00,49.7,49.8,194,202
2024-09-14 11:52:00,49.4,49.4,196,204
2024-09-14 11:54:00,49.7,49.7,199,207
2024-09-14 11:56:00,49.4,49.4,197,205
2024-09-14 11:58:00,49.3,49.3,198,207
2024-09-14 12:00:00,49.5,49.5,195,207
2024-09-14 12:02:00,49.4,49.4,197,202
2024-09-14 12:04:00,49.3,49.3,196,205
2024-09-14 12:06:00,49.1,49.1,194,207
2024-09-14 12:08:00,49.3,49.2,195,204
2024-09-14 12:10:00,49.4,49.5,195,206
2024-09-14 12:12:00,49.8,49.8,195,207
2024-09-14 12:14:00,49.5,49.5,197,206
2024-09-14 12:16:00,49.5,49.5,194,205
2024-09-14 12:18:00,49.7,49.7,194,204
2024-09-14 12:20:00,49.7,49.7,199,209
2024-09-14 12:22:00,49.3,49.3,194,202
2024-09-14 12:24:00,49.3,49.3,198,202
2024-09-14 12:26:00,49.2,49.2,199,202
2024-09-14 12:28:00,49.7,49.7,197,203
2024-09-14 12:30:00,49.8,49.8,198,204
2024-09-14 12:32:00,49.2,49.2,195,199
2024-09-14 12:34:00,49.7,49.7,197,204
2024-09-14 12:36:00,49.6,49.5,195,202
2024-09-14 12:38:00,49.3,49.3,197,204
2024-09-14 12:40:00,49.5,49.5,195,203
2024-09-14 12:42:00,49.2,49.3,195,209
2024-09-14 12:44:00,49.5,49.4,195,202
2024-09-14 12:46:00,49.3,49.3,198,199
2024-09-14 12:48:00,49.3,49.4,196,204
2024-09-14 12:50:00,49.3,49.4,197,206
2024-09-14 12:52:00,49.6,49.6,197,207
2024-09-14 12:54:00,49.7,49.8,198,207
2024-09-14 12:56:00,49.5,49.5,195,202
2024-09-14 12:58:00,49.5,49.5,198,202
2024-09-14 13:00:00,49.3,49.4,199,199
2024-09-14 13:02:00,49.4,49.4,197,197
2024-09-14 13:04:00,49.5,49.5,197,200
2024-09-14 13:06:00,49.5,49.6,196,202
2024-09-14 13:08:00,49.5,49.4,195,203
2024-09-14 13:10:00,49.5,49.5,193,204
2024-09-14 13:12:00,49.7,49.7,197,204
2024-09-14 13:14:00,49.4,49.5,199,204
2024-09-14 13:16:00,49.4,49.5,195,204
2024-09-14 13:18:00,49.2,49.1,199,199
2024-09-14 13:20:00,49.3,49.3,198,198
2024-09-14 13:22:00,49.5,49.4,199,204
2024-09-14 13:24:00,49.5,49.4,196,201
2024-09-14 13:26:00,49.8,49.7,199,207
2024-09-14 13:28:00,50.1,50.1,198,208
2024-09-14 13:30:00,49.8,49.8,195,204
2024-09-14 13:32:00,49.8,49.8,197,202
2024-09-14 13:34:00,49.7,49.7,196,202
2024-09-14 13:36:00,49.4,49.4,198,198
2024-09-14 13:38:00,49.2,49.2,197,194
2024-09-14 13:40:00,49.4,49.5,194,204
2024-09-14 13:42:00,49.5,49.5,195,203
2024-09-14 13:44:00,49.3,49.3,195,207
2024-09-14 13:46:00,49.3,49.3,193,207
2024-09-14 13:48:00,49.5,49.5,197,212
2024-09-14 13:50:00,49.7,49.6,197,207
2024-09-14 13:52:00,49.8,49.8,201,207
2024-09-14 13:54:00,50.1,50.1,199,211
2024-09-14 13:56:00,49.7,49.7,197,204
2024-09-14 13:58:00,49.6,49.6,198,209
2024-09-14 14:00:00,49.8,49.8,195,208
2024-09-14 14:02:00,49.9,49.9,195,209
2024-09-14 14:04:00,49.7,49.6,197,211
2024-09-14 14:06:00,49.5,49.5,197,208
2024-09-14 14:08:00,49.7,49.7,197,207
2024-09-14 14:10:00,49.7,49.8,195,209
2024-09-14 14:12:00,49.7,49.6,195,207
2024-09-14 14:14:00,49.4,49.4,194,209
2024-09-14 14:16:00,49.5,49.5,195,204
2024-09-14 14:18:00,49.6,49.6,202,209
2024-09-14 14:20:00,49.5,49.5,197,207
2024-09-14 14:22:00,49.9,49.8,194,207
2024-09-14 14:24:00,49.8,49.8,197,205
2024-09-14 14:26:00,49.5,49.5,199,203
2024-09-14 14:28:00,49.6,49.6,197,205
2024-09-14 14:30:00,49.6,49.6,194,203
2024-09-14 14:32:00,49.3,49.4,198,201
2024-09-14 14:34:00,49.6,49.7,196,202
2024-09-14 14:36:00,49.4,49.4,198,199
2024-09-14 14:38:00,49.1,49.3,201,204
2024-09-14 14:40:00,54.3,49.8,206,206
2024-09-14 14:42:00,50.4,50.3,197,209
2024-09-14 14:44:00,49.8,49.7,197,209
2024-09-14 14:46:00,49.6,49.6,198,206
2024-09-14 14:48:00,49.8,49.8,195,211
2024-09-14 14:50:00,49.7,49.8,197,206
2024-09-14 14:52:00,49.7,49.7,197,202
2024-09-14 14:54:00,49.6,49.6,194,204
2024-09-14 14:56:00,49.5,49.5,195,202
2024-09-14 14:58:00,49.6,49.7,198,202
2024-09-14 15:00:00,49.7,49.7,198,205
2024-09-14 15:02:00,49.9,49.8,198,205
2024-09-14 15:04:00,49.5,49.5,194,204
2024-09-14 15:06:00,49.7,49.7,199,205
2024-09-14 15:08:00,49.5,49.6,197,199
2024-09-14 15:10:00,49.4,49.4,197,202
2024-09-14 15:12:00,49.5,49.5,199,207
2024-09-14 15:14:00,49.5,49.5,199,207
2024-09-14 15:16:00,49.6,49.5,199,205
2024-09-14 15:18:00,49.2,49.2,197,204
2024-09-14 15:20:00,49.5,49.5,200,208
2024-09-14 15:22:00,49.7,49.7,197,209
2024-09-14 15:24:00,49.8,49.8,197,208
2024-09-14 15:26:00,49.7,49.7,197,205
2024-09-14 15:28:00,49.7,49.7,197,204
2024-09-14 15:30:00,49.6,49.5,196,203
2024-09-14 15:32:00,49.7,49.6,197,203
2024-09-14 15:34:00,49.6,49.6,200,202
2024-09-14 15:36:00,49.8,49.7,199,207
2024-09-14 15:38:00,49.5,49.4,200,204
2024-09-14 15:40:00,49.1,49.1,196,199
2024-09-14 15:42:00,49.4,49.4,197,206
2024-09-14 15:44:00,49.7,49.8,199,205
2024-09-14 15:46:00,49.8,49.7,199,204
2024-09-14 15:48:00,49.7,49.6,197,202
2024-09-14 15:50:00,49.6,49.7,198,201
2024-09-14 15:52:00,49.3,49.3,199,206
2024-09-14 15:54:00,49.5,49.5,197,205
2024-09-14 15:56:00,49.6,49.6,195,207
2024-09-14 15:58:00,49.6,49.6,199,206
2024-09-14 16:00:00,49.5,49.5,197,207
2024-09-14 16:02:00,49.5,49.5,200,209
2024-09-14 16:04:00,49.8,49.8,199,211
2024-09-14 16:06:00,49.7,49.7,199,209
2024-09-14 16:08:00,49.7,49.7,197,210
2024-09-14 16:10:00,49.6,49.6,202,211
2024-09-14 16:12:00,49.5,49.5,201,210
2024-09-14 16:14:00,49.7,49.7,201,214
2024-09-14 16:16:00,49.5,49.4,199,210
2024-09-14 16:18:00,49.7,49.8,197,211
2024-09-14 16:20:00,49.8,49.8,199,210
2024-09-14 16:22:00,49.7,49.8,200,211
2024-09-14 16:24:00,50.1,50.1,199,214
2024-09-14 16:26:00,49.6,49.5,196,216
2024-09-14 16:28:00,49.8,49.8,199,212
2024-09-14 16:30:00,49.2,49.2,199,213
2024-09-14 16:32:00,49.5,49.5,196,216
2024-09-14 16:34:00,49.7,49.7,197,216
2024-09-14 16:36:00,49.8,49.8,200,208
2024-09-14 16:38:00,49.5,49.4,200,211
2024-09-14 16:40:00,49.5,49.5,197,211
2024-09-14 16:42:00,49.5,49.5,199,211
2024-09-14 16:44:00,49.7,49.7,197,209
2024-09-14 16:46:00,49.4,49.4,196,207
2024-09-14 16:48:00,49.7,49.7,199,211
2024-09-14 16:50:00,49.6,49.6,199,211
2024-09-14 16:52:00,49.7,49.7,201,211
2024-09-14 16:54:00,49.6,49.7,197,209
2024-09-14 16:56:00,49.6,49.6,202,208
2024-09-14 16:58:00,49.6,49.6,202,211
2024-09-14 17:00:00,49.9,50.0,199,212
2024-09-14 17:02:00,49.4,49.4,198,216
2024-09-14 17:04:00,49.6,49.5,202,212
2024-09-14 17:06:00,49.6,49.6,200,208
2024-09-14 17:08:00,49.6,49.6,200,205
2024-09-14 17:10:00,49.6,49.5,199,209
2024-09-14 17:12:00,49.5,49.6,199,206
2024-09-14 17:14:00,49.5,49.5,201,209
2024-09-14 17:16:00,49.4,49.4,199,209
2024-09-14 17:18:00,49.5,49.4,199,209
2024-09-14 17:20:00,49.5,49.4,202,210
2024-09-14 17:22:00,49.4,49.4,197,210
2024-09-14 17:24:00,49.6,49.5,198,209
2024-09-14 17:26:00,49.4,49.4,199,205
2024-09-14 17:28:00,49.3,49.3,197,208
2024-09-14 17:30:00,49.4,49.3,199,212
2024-09-14 17:32:00,49.7,49.7,199,210
2024-09-14 17:34:00,49.5,49.5,198,209
2024-09-14 17:36:00,49.8,49.8,199,215
2024-09-14 17:38:00,49.7,49.7,197,211
2024-09-14 17:40:00,49.6,49.7,199,210
2024-09-14 17:42:00,49.4,49.3,202,211
2024-09-14 17:44:00,49.7,49.7,200,216
2024-09-14 17:46:00,49.6,49.6,196,215
2024-09-14 17:48:00,49.6,49.5,199,211
2024-09-14 17:50:00,50.0,49.9,199,213
2024-09-14 17:52:00,49.5,49.4,193,213
2024-09-14 17:54:00,49.9,49.9,195,212
2024-09-14 17:56:00,49.6,49.6,197,213
2024-09-14 17:58:00,49.2,49.2,194,211
2024-09-14 18:00:00,49.4,49.3,197,210
2024-09-14 18:02:00,49.1,49.1,195,212
2024-09-14 18:04:00,49.4,49.4,202,209
2024-09-14 18:06:00,49.3,49.3,197,212
2024-09-14 18:08:00,49.2,49.2,196,212
2024-09-14 18:10:00,49.2,49.2,199,209
2024-09-14 18:12:00,49.1,49.1,193,209
2024-09-14 18:14:00,49.4,49.3,199,209
2024-09-14 18:16:00,49.6,49.6,199,208
2024-09-14 18:18:00,3030,2320,0,0
2024-09-14 18:20:00,6452,6579,0,0
2024-09-14 18:22:00,51.1,51.1,226,243
2024-09-14 18:24:00,51.1,51.1,221,245
2024-09-14 18:26:00,51.0,51.0,223,244
2024-09-14 18:28:00,50.9,50.9,223,242
2024-09-14 18:30:00,50.8,50.9,221,243
2024-09-14 18:32:00,50.9,50.8,221,243
2024-09-14 18:34:00,50.7,50.7,223,241
2024-09-14 18:36:00,50.5,50.5,221,240
2024-09-14 18:38:00,50.9,50.9,221,243
2024-09-14 18:40:00,50.7,50.7,223,240
2024-09-14 18:42:00,50.7,50.6,226,240
2024-09-14 18:44:00,50.7,50.7,228,239
2024-09-14 18:46:00,50.7,50.7,226,240
2024-09-14 18:48:00,50.5,50.5,226,239
2024-09-14 18:50:00,50.5,50.6,223,241
2024-09-14 18:52:00,50.7,50.7,230,239
2024-09-14 18:54:00,50.6,50.6,226,240
2024-09-14 18:56:00,50.4,50.4,225,238
2024-09-14 18:58:00,50.5,50.4,224,238
2024-09-14 19:00:00,50.4,50.3,229,236
2024-09-14 19:02:00,51.5,50.4,228,236
2024-09-14 19:04:00,50.3,50.3,224,238
2024-09-14 19:06:00,50.2,50.3,221,240
2024-09-14 19:08:00,50.5,50.5,221,242
2024-09-14 19:10:00,50.6,50.5,222,242
2024-09-14 19:12:00,50.3,50.3,221,240
2024-09-14 19:14:00,50.4,50.4,221,240
2024-09-14 19:16:00,50.0,50.1,213,243
2024-09-14 19:18:00,50.4,50.3,220,240
2024-09-14 19:20:00,50.3,50.2,218,241
2024-09-14 19:22:00,50.4,50.4,215,243
2024-09-14 19:24:00,50.3,50.4,219,242
2024-09-14 19:26:00,50.5,50.5,223,241
2024-09-14 19:28:00,50.3,50.4,223,240
2024-09-14 19:30:00,50.2,50.3,219,240
2024-09-14 19:32:00,50.2,50.2,218,242
2024-09-14 19:34:00,50.3,50.2,219,240
2024-09-14 19:36:00,50.4,50.5,222,242
2024-09-14 19:38:00,50.4,50.4,220,242
2024-09-14 19:40:00,50.3,50.5,219,243
2024-09-14 19:42:00,50.2,50.2,219,241
2024-09-14 19:44:00,50.4,50.4,225,240
2024-09-14 19:46:00,50.2,50.2,221,239
2024-09-14 19:48:00,50.2,50.0,219,240
2024-09-14 19:50:00,50.1,50.1,218,240
2024-09-14 19:52:00,50.3,50.2,224,238
2024-09-14 19:54:00,50.3,50.2,223,238
2024-09-14 19:56:00,50.2,50.2,221,238
2024-09-14 19:58:00,50.0,50.2,219,239
2024-09-14 20:00:00,50.1,50.2,220,240
2024-09-14 20:02:00,50.1,50.0,221,238
2024-09-14 20:04:00,49.9,50.0,219,238
2024-09-14 20:06:00,50.0,49.9,219,237
2024-09-14 20:08:00,50.0,50.0,218,239
2024-09-14 20:10:00,50.2,50.3,227,235
2024-09-14 20:12:00,50.0,50.1,224,235
2024-09-14 20:14:00,49.9,49.8,218,237
2024-09-14 20:16:00,50.2,50.2,222,237
2024-09-14 20:18:00,50.2,50.2,226,236
2024-09-14 20:20:00,50.3,50.3,224,238
2024-09-14 20:22:00,50.3,50.2,223,238
2024-09-14 20:24:00,49.8,49.8,217,239
2024-09-14 20:26:00,49.7,49.7,214,240
2024-09-14 20:28:00,49.9,49.9,219,239
2024-09-14 20:30:00,50.0,50.0,219,240
2024-09-14 20:32:00,50.0,49.9,215,242
2024-09-14 20:34:00,50.0,50.0,215,241
2024-09-14 20:36:00,50.3,50.3,226,238
2024-09-14 20:38:00,49.8,49.9,220,238
2024-09-14 20:40:00,50.0,50.1,219,240
2024-09-14 20:42:00,50.3,50.3,223,240
2024-09-14 20:44:00,50.3,50.3,227,238
2024-09-14 20:46:00,50.0,50.1,216,242
2024-09-14 20:48:00,50.1,50.0,218,241
2024-09-14 20:50:00,50.1,50.0,218,241
2024-09-14 20:52:00,50.0,50.0,221,240
2024-09-14 20:54:00,50.1,50.2,219,241
2024-09-14 20:56:00,50.0,50.2,219,241
2024-09-14 20:58:00,50.2,50.1,221,240
2024-09-14 21:00:00,50.3,50.2,224,239
2024-09-14 21:02:00,50.1,50.1,223,238
2024-09-14 21:04:00,50.1,50.1,221,240
2024-09-14 21:06:00,50.2,50.2,225,238
2024-09-14 21:08:00,50.1,50.1,227,238
2024-09-14 21:10:00,50.0,50.0,221,240
2024-09-14 21:12:00,50.2,50.2,221,241
2024-09-14 21:14:00,50.2,50.1,226,239
2024-09-14 21:16:00,50.2,50.0,226,238
2024-09-14 21:18:00,50.3,50.2,221,240
2024-09-14 21:20:00,50.2,50.2,222,240
2024-09-14 21:22:00,50.3,50.3,226,239
2024-09-14 21:24:00,50.3,50.4,224,239
2024-09-14 21:26:00,50.3,50.2,223,239
2024-09-14 21:28:00,50.2,50.3,223,239
2024-09-14 21:30:00,50.3,50.4,228,238
2024-09-14 21:32:00,50.5,50.4,227,238
2024-09-14 21:34:00,50.3,50.4,228,236
2024-09-14 21:36:00,50.5,50.5,231,236
2024-09-14 21:38:00,50.2,50.3,228,237
2024-09-14 21:40:00,50.1,50.3,230,234
2024-09-14 21:42:00,50.2,50.1,230,234
2024-09-14 21:44:00,50.5,50.5,234,234
2024-09-14 21:46:00,50.5,50.5,234,236
2024-09-14 21:48:00,50.5,50.7,230,237
2024-09-14 21:50:00,50.5,50.6,230,238
2024-09-14 21:52:00,50.6,50.7,233,236
2024-09-14 21:54:00,50.6,50.6,233,237
2024-09-14 21:56:00,50.4,50.4,228,238
2024-09-14 21:58:00,50.3,50.2,229,236
2024-09-14 22:00:00,50.4,50.5,233,236
2024-09-14 22:02:00,49.5,49.6,205,218
2024-09-14 22:04:00,49.5,49.5,203,216
2024-09-14 22:06:00,49.7,49.6,201,215
2024-09-14 22:08:00,49.5,49.5,199,217
2024-09-14 22:10:00,49.7,49.7,204,218
2024-09-14 22:12:00,49.8,49.8,202,218
2024-09-14 22:14:00,49.7,49.7,202,219
2024-09-14 22:16:00,49.7,49.7,202,219
2024-09-14 22:18:00,49.8,49.8,202,221
2024-09-14 22:20:00,49.6,49.6,201,220
2024-09-14 22:22:00,49.5,49.5,202,219
2024-09-14 22:24:00,49.6,49.6,202,218
2024-09-14 22:26:00,49.6,49.6,202,217
2024-09-14 22:28:00,49.6,49.5,204,217
2024-09-14 22:30:00,49.9,49.8,204,221
2024-09-14 22:32:00,49.7,49.7,204,220
2024-09-14 22:34:00,49.6,49.6,203,217
2024-09-14 22:36:00,49.9,49.9,204,219
2024-09-14 22:38:00,49.9,49.9,204,219
2024-09-14 22:40:00,50.0,50.0,205,221
2024-09-14 22:42:00,49.8,49.7,204,220
2024-09-14 22:44:00,49.7,49.7,204,220
2024-09-14 22:46:00,49.8,49.9,204,220
2024-09-14 22:48:00,50.0,50.0,204,219
2024-09-14 22:50:00,49.8,49.8,204,218
2024-09-14 22:52:00,49.8,49.8,204,215
2024-09-14 22:54:00,49.6,49.7,204,216
2024-09-14 22:56:00,49.6,49.7,204,219
2024-09-14 22:58:00,49.6,49.6,203,221
2024-09-14 23:00:00,49.5,49.5,202,219
2024-09-14 23:02:00,49.5,49.5,202,219
2024-09-14 23:04:00,50.0,50.0,203,221
2024-09-14 23:06:00,49.9,49.9,202,214
2024-09-14 23:08:00,50.0,50.0,202,217
2024-09-14 23:10:00,50.0,50.0,204,215
2024-09-14 23:12:00,50.0,50.0,204,219
2024-09-14 23:14:00,49.9,49.8,204,218
2024-09-14 23:16:00,49.8,49.8,203,217
2024-09-14 23:18:00,49.9,49.9,203,216
2024-09-14 23:20:00,50.0,50.0,203,217
2024-09-14 23:22:00,49.8,49.8,202,218
2024-09-14 23:24:00,49.8,49.8,204,219
2024-09-14 23:26:00,49.9,49.9,204,220
2024-09-14 23:28:00,50.0,50.0,206,220
2024-09-14 23:30:00,49.9,49.9,204,219
2024-09-14 23:32:00,49.9,49.8,204,219
2024-09-14 23:34:00,50.0,49.9,203,219
2024-09-14 23:36:00,49.9,49.9,204,219
2024-09-14 23:38:00,50.0,50.0,207,219
2024-09-14 23:40:00,50.0,50.0,205,220
2024-09-14 23:42:00,49.9,49.9,207,221
2024-09-14 23:44:00,50.0,50.0,206,223
2024-09-14 23:46:00,50.0,50.1,207,221
2024-09-14 23:48:00,49.9,49.9,206,222
2024-09-14 23:50:00,49.7,49.7,205,221
2024-09-14 23:52:00,50.0,49.9,205,221
2024-09-14 23:54:00,49.6,49.6,206,219
2024-09-14 23:56:00,50.0,50.0,206,220
2024-09-14 23:58:00,50.0,50.0,207,219
2024-09-15 00:00:00,50.1,50.1,207,221
2024-09-15 00:02:00,50.0,50.0,207,221
2024-09-15 00:04:00,50.1,50.1,207,222
2024-09-15 00:06:00,50.0,50.0,206,222
2024-09-15 00:08:00,50.2,50.1,205,221
2024-09-15 00:10:00,50.2,50.2,206,221
2024-09-15 00:12:00,49.9,49.9,208,221
2024-09-15 00:14:00,50.3,50.3,208,222
2024-09-15 00:16:00,49.6,49.6,208,222
2024-09-15 00:18:00,49.5,49.5,207,221
2024-09-15 00:20:00,49.3,49.3,207,221
2024-09-15 00:22:00,49.4,49.3,209,219
2024-09-15 00:24:00,49.5,49.5,209,221
2024-09-15 00:26:00,49.2,49.2,210,221
2024-09-15 00:28:00,49.4,49.4,208,221
2024-09-15 00:30:00,49.8,49.8,209,223
2024-09-15 00:32:00,49.6,49.6,208,223
2024-09-15 00:34:00,49.8,49.8,207,226
2024-09-15 00:36:00,49.8,49.8,207,224
2024-09-15 00:38:00,49.8,49.9,209,223
2024-09-15 00:40:00,49.8,49.8,208,223
2024-09-15 00:42:00,49.6,49.6,209,223
2024-09-15 00:44:00,49.6,49.6,209,223
2024-09-15 00:46:00,49.5,49.5,208,224
2024-09-15 00:48:00,49.5,49.6,207,223
2024-09-15 00:50:00,49.4,49.4,208,223
2024-09-15 00:52:00,49.3,49.3,209,223
2024-09-15 00:54:00,49.6,49.6,207,225
2024-09-15 00:56:00,49.5,49.5,209,225
2024-09-15 00:58:00,49.2,49.1,209,222
2024-09-15 01:00:00,49.5,49.6,209,224
2024-09-15 01:02:00,49.6,49.6,209,225
2024-09-15 01:04:00,49.6,49.6,210,226
2024-09-15 01:06:00,49.7,49.6,210,226
2024-09-15 01:08:00,49.7,49.7,209,226
2024-09-15 01:10:00,49.8,49.8,209,225
2024-09-15 01:12:00,49.8,49.8,211,226
2024-09-15 01:14:00,49.5,49.4,210,224
2024-09-15 01:16:00,49.5,49.5,209,223
2024-09-15 01:18:00,49.4,49.3,209,223
2024-09-15 01:20:00,49.6,49.5,209,224
2024-09-15 01:22:00,49.7,49.6,209,224
2024-09-15 01:24:00,49.6,49.6,208,223
2024-09-15 01:26:00,49.6,49.6,209,224
2024-09-15 01:28:00,49.7,49.6,210,223
2024-09-15 01:30:00,49.8,49.7,209,225
2024-09-15 01:32:00,49.6,49.7,209,224
2024-09-15 01:34:00,49.7,49.8,210,224
2024-09-15 01:36:00,49.9,49.8,210,224
2024-09-15 01:38:00,49.8,49.8,209,226
2024-09-15 01:40:00,49.6,49.7,209,225
2024-09-15 01:42:00,50.1,50.2,211,228
2024-09-15 01:44:00,50.1,50.1,210,228
2024-09-15 01:46:00,49.6,49.5,209,225
2024-09-15 01:48:00,49.6,49.5,208,225
2024-09-15 01:50:00,49.3,49.4,209,223
2024-09-15 01:52:00,50.0,50.0,209,226
2024-09-15 01:54:00,49.8,49.9,209,226
2024-09-15 01:56:00,49.8,49.8,210,225
2024-09-15 01:58:00,49.8,49.8,211,224
2024-09-15 02:00:00,49.8,49.7,210,226
2024-09-15 02:02:00,49.8,49.7,209,227
2024-09-15 02:04:00,49.7,49.7,210,226
2024-09-15 02:06:00,49.6,49.6,210,226
2024-09-15 02:08:00,49.6,49.6,208,227
2024-09-15 02:10:00,49.6,49.6,209,228
2024-09-15 02:12:00,49.5,49.5,209,228
2024-09-15 02:14:00,49.6,49.6,209,227
2024-09-15 02:16:00,49.7,49.7,209,227
2024-09-15 02:18:00,49.7,49.7,209,227
2024-09-15 02:20:00,49.8,49.8,209,226
2024-09-15 02:22:00,49.8,49.8,210,227
2024-09-15 02:24:00,49.9,49.9,211,226
2024-09-15 02:26:00,49.8,49.9,211,228
2024-09-15 02:28:00,49.7,49.7,210,228
2024-09-15 02:30:00,49.8,49.9,211,226
2024-09-15 02:32:00,49.8,49.8,211,227
2024-09-15 02:34:00,49.9,49.9,211,227
2024-09-15 02:36:00,49.7,49.7,210,225
2024-09-15 02:38:00,49.7,49.7,211,224
2024-09-15 02:40:00,49.5,49.6,211,226
2024-09-15 02:42:00,49.6,49.7,211,226
2024-09-15 02:44:00,49.6,49.6,209,226
2024-09-15 02:46:00,49.9,49.9,211,226
2024-09-15 02:48:00,49.8,49.8,210,226
2024-09-15 02:50:00,49.7,49.7,210,227
2024-09-15 02:52:00,49.8,49.8,210,228
2024-09-15 02:54:00,50.1,50.1,210,228
2024-09-15 02:56:00,49.9,49.9,210,226
2024-09-15 02:58:00,50.0,50.1,210,229
2024-09-15 03:00:00,49.8,49.8,211,227
2024-09-15 03:02:00,49.6,49.6,211,226
2024-09-15 03:04:00,49.6,49.6,211,228
2024-09-15 03:06:00,49.7,49.7,210,226
2024-09-15 03:08:00,49.8,49.8,210,228
2024-09-15 03:10:00,49.8,49.7,211,228
2024-09-15 03:12:00,49.7,49.7,211,227
2024-09-15 03:14:00,49.6,49.6,211,226
2024-09-15 03:16:00,49.9,49.9,211,228
2024-09-15 03:18:00,49.7,49.7,212,225
2024-09-15 03:20:00,49.7,49.7,211,228
2024-09-15 03:22:00,50.0,50.0,211,228
2024-09-15 03:24:00,50.0,49.9,211,229
2024-09-15 03:26:00,50.2,50.1,211,228
2024-09-15 03:28:00,49.9,49.9,211,228
2024-09-15 03:30:00,49.8,49.8,211,228
2024-09-15 03:32:00,49.5,49.5,211,226
2024-09-15 03:34:00,49.6,49.5,210,228
2024-09-15 03:36:00,49.6,49.6,209,228
2024-09-15 03:38:00,49.8,49.8,211,226
2024-09-15 03:40:00,50.0,50.1,211,228
2024-09-15 03:42:00,50.0,50.0,211,229
2024-09-15 03:44:00,49.9,49.9,211,228
2024-09-15 03:46:00,50.1,50.0,211,228
2024-09-15 03:48:00,50.0,50.0,211,228
2024-09-15 03:50:00,49.8,49.8,212,229
2024-09-15 03:52:00,50.0,50.0,212,227
2024-09-15 03:54:00,49.8,49.8,211,227
2024-09-15 03:56:00,49.8,49.8,213,226
2024-09-15 03:58:00,49.7,49.7,211,228
2024-09-15 04:00:00,49.5,49.5,211,226
2024-09-15 04:02:00,49.5,49.5,211,226
2024-09-15 04:04:00,49.7,49.7,211,226
2024-09-15 04:06:00,49.7,49.7,210,227
2024-09-15 04:08:00,49.6,49.6,210,227
2024-09-15 04:10:00,49.6,49.6,210,228
2024-09-15 04:12:00,49.9,49.9,211,228
2024-09-15 04:14:00,50.0,50.0,212,226
2024-09-15 04:16:00,50.1,50.1,212,229
2024-09-15 04:18:00,50.0,49.9,212,228
2024-09-15 04:20:00,49.6,49.6,209,229
2024-09-15 04:22:00,49.9,49.9,209,228
2024-09-15 04:24:00,49.8,49.8,209,228
2024-09-15 04:26:00,49.7,49.7,209,226
2024-09-15 04:28:00,49.7,49.8,209,228
2024-09-15 04:30:00,49.8,49.8,210,226
2024-09-15 04:32:00,49.5,49.5,210,225
2024-09-15 04:34:00,49.8,49.8,209,227
2024-09-15 04:36:00,49.7,49.7,211,226
2024-09-15 04:38:00,49.9,49.9,211,227
2024-09-15 04:40:00,49.8,49.7,211,225
2024-09-15 04:42:00,50.0,50.0,211,228
2024-09-15 04:44:00,50.0,50.1,210,229
2024-09-15 04:46:00,49.7,49.7,211,231
2024-09-15 04:48:00,49.9,49.9,211,231
2024-09-15 04:50:00,49.9,49.9,211,231
2024-09-15 04:52:00,49.8,49.8,212,231
2024-09-15 04:54:00,50.0,50.0,212,232
2024-09-15 04:56:00,49.9,49.9,211,233
2024-09-15 04:58:00,49.7,49.7,212,231
2024-09-15 05:00:00,49.5,49.5,211,231
2024-09-15 05:02:00,49.4,49.4,210,231
2024-09-15 05:04:00,49.5,49.4,210,230
2024-09-15 05:06:00,49.6,49.6,211,229
2024-09-15 05:08:00,49.6,49.6,211,231
2024-09-15 05:10:00,49.6,49.6,211,230
2024-09-15 05:12:00,49.5,49.6,209,230
2024-09-15 05:14:00,49.7,49.7,210,230
2024-09-15 05:16:00,49.7,49.7,211,231
2024-09-15 05:18:00,49.8,49.8,212,232
2024-09-15 05:20:00,49.6,49.6,211,231
2024-09-15 05:22:00,49.7,49.7,212,231
2024-09-15 05:24:00,49.7,49.8,212,232
2024-09-15 05:26:00,49.4,49.4,213,228
2024-09-15 05:28:00,49.5,49.5,209,227
2024-09-15 05:30:00,49.4,49.4,209,226
2024-09-15 05:32:00,49.1,49.1,208,226
2024-09-15 05:34:00,49.6,49.5,210,226
2024-09-15 05:36:00,49.8,49.8,209,228
2024-09-15 05:38:00,49.9,49.9,211,230
2024-09-15 05:40:00,50.0,50.0,211,229
2024-09-15 05:42:00,49.7,49.7,209,229
2024-09-15 05:44:00,49.7,49.7,209,228
2024-09-15 05:46:00,49.5,49.5,208,230
2024-09-15 05:48:00,49.6,49.7,211,229
2024-09-15 05:50:00,49.3,49.3,212,228
2024-09-15 05:52:00,49.5,49.6,206,226
2024-09-15 05:54:00,49.3,49.3,208,224
2024-09-15 05:56:00,49.3,49.3,204,227
2024-09-15 05:58:00,49.6,49.6,205,231
2024-09-15 06:00:00,49.8,49.8,206,232
2024-09-15 06:02:00,49.3,49.3,205,231
2024-09-15 06:04:00,49.5,49.5,207,232
2024-09-15 06:06:00,49.6,49.7,207,228
2024-09-15 06:08:00,49.8,49.8,207,228
2024-09-15 06:10:00,49.7,49.7,204,229
2024-09-15 06:12:00,49.8,49.8,207,230
2024-09-15 06:14:00,49.6,49.6,206,225
2024-09-15 06:16:00,49.5,49.5,206,226
2024-09-15 06:18:00,49.3,49.2,203,226
2024-09-15 06:20:00,49.5,49.5,204,223
2024-09-15 06:22:00,49.1,49.2,207,219
2024-09-15 06:24:00,49.2,49.3,202,220
2024-09-15 06:26:00,49.3,49.3,200,222
2024-09-15 06:28:00,49.3,49.2,202,223
2024-09-15 06:30:00,49.5,49.5,204,223
2024-09-15 06:32:00,49.3,49.3,198,226
2024-09-15 06:34:00,49.3,49.2,199,228
2024-09-15 06:36:00,49.2,49.2,202,227
2024-09-15 06:38:00,49.3,49.4,201,223
2024-09-15 06:40:00,49.1,49.2,200,224
2024-09-15 06:42:00,48.9,48.9,205,219
2024-09-15 06:44:00,49.1,49.1,206,220
2024-09-15 06:46:00,49.0,49.0,205,219
2024-09-15 06:48:00,49.1,49.1,207,220
2024-09-15 06:50:00,49.1,49.1,205,221
2024-09-15 06:52:00,49.1,49.2,204,225
2024-09-15 06:54:00,48.9,48.8,202,219
2024-09-15 06:56:00,49.5,49.5,206,224
2024-09-15 06:58:00,49.2,49.1,203,220
2024-09-15 07:00:00,49.0,49.0,206,219
2024-09-15 07:02:00,49.1,49.1,204,223
2024-09-15 07:04:00,49.4,49.3,207,227
2024-09-15 07:06:00,48.9,48.8,202,221
2024-09-15 07:08:00,49.3,49.3,203,223
2024-09-15 07:10:00,49.2,49.1,204,221
2024-09-15 07:12:00,49.0,48.9,205,218
2024-09-15 07:14:00,49.4,49.3,206,230
2024-09-15 07:16:00,49.1,49.1,204,223
2024-09-15 07:18:00,48.8,48.9,209,222
2024-09-15 07:20:00,49.1,49.1,207,222
2024-09-15 07:22:00,49.0,48.9,206,223
2024-09-15 07:24:00,49.3,49.3,204,227
2024-09-15 07:26:00,49.7,49.7,204,224
2024-09-15 07:28:00,49.7,49.7,202,226
2024-09-15 07:30:00,49.7,49.6,202,221
2024-09-15 07:32:00,49.7,49.8,207,223
2024-09-15 07:34:00,49.8,49.8,205,224
2024-09-15 07:36:00,49.8,49.7,203,221
2024-09-15 07:38:00,50.0,50.0,202,223
2024-09-15 07:40:00,49.7,49.7,205,221
2024-09-15 07:42:00,49.7,49.8,204,217
2024-09-15 07:44:00,49.7,49.7,203,215
2024-09-15 07:46:00,49.5,49.5,204,216
2024-09-15 07:48:00,49.7,49.7,200,222
2024-09-15 07:50:00,49.6,49.6,202,218
2024-09-15 07:52:00,49.7,49.7,204,220
2024-09-15 07:54:00,49.7,49.7,202,218
2024-09-15 07:56:00,49.7,49.6,200,216
2024-09-15 07:58:00,49.6,49.7,202,215
2024-09-15 08:00:00,49.7,49.7,200,216
2024-09-15 08:02:00,49.7,49.6,202,216
2024-09-15 08:04:00,49.6,49.6,205,218
2024-09-15 08:06:00,49.6,49.6,204,216
2024-09-15 08:08:00,49.8,49.8,205,217
2024-09-15 08:10:00,49.7,49.7,204,216
2024-09-15 08:12:00,49.9,50.0,206,210
2024-09-15 08:14:00,49.5,49.5,201,207
2024-09-15 08:16:00,49.8,49.7,202,212
2024-09-15 08:18:00,49.7,49.7,200,216
2024-09-15 08:20:00,49.6,49.6,199,218
2024-09-15 08:22:00,49.6,49.6,202,217
2024-09-15 08:24:00,49.5,49.5,203,219
2024-09-15 08:26:00,49.7,49.8,203,215
2024-09-15 08:28:00,49.6,49.5,199,214
2024-09-15 08:30:00,49.7,49.6,204,214
2024-09-15 08:32:00,49.4,49.5,204,211
2024-09-15 08:34:00,49.7,49.8,198,214
2024-09-15 08:36:00,49.7,49.6,198,216
2024-09-15 08:38:00,49.8,49.8,204,213
2024-09-15 08:40:00,49.8,49.8,201,213
2024-09-15 08:42:00,49.9,50.0,200,211
2024-09-15 08:44:00,49.8,49.8,201,211
2024-09-15 08:46:00,49.7,49.8,204,210
2024-09-15 08:48:00,49.9,49.9,203,211
2024-09-15 08:50:00,49.7,49.8,204,209
2024-09-15 08:52:00,49.9,49.8,203,213
2024-09-15 08:54:00,49.6,49.6,201,214
2024-09-15 08:56:00,49.7,49.7,202,218
2024-09-15 08:58:00,49.7,49.7,203,211
2024-09-15 09:00:00,49.9,49.8,201,209
2024-09-15 09:02:00,49.8,49.8,202,211
2024-09-15 09:04:00,49.8,49.8,200,214
2024-09-15 09:06:00,49.4,49.4,200,212
2024-09-15 09:08:00,49.5,49.5,199,212
2024-09-15 09:10:00,49.5,49.5,198,209
2024-09-15 09:12:00,53.8,53.9,199,225
2024-09-15 09:14:00,50.1,50.1,196,219
2024-09-15 09:16:00,50.4,50.4,199,217
2024-09-15 09:18:00,50.2,50.2,197,218
2024-09-15 09:20:00,50.2,50.2,197,215
2024-09-15 09:22:00,50.3,50.3,197,214
2024-09-15 09:24:00,50.4,50.4,195,218
2024-09-15 09:26:00,50.2,50.3,196,219
2024-09-15 09:28:00,50.1,50.2,198,219
2024-09-15 09:30:00,50.0,49.9,201,214
2024-09-15 09:32:00,50.2,50.2,199,216
2024-09-15 09:34:00,49.7,49.7,198,215
2024-09-15 09:36:00,49.7,49.8,196,216
2024-09-15 09:38:00,49.7,49.8,199,209
2024-09-15 09:40:00,49.7,49.7,196,211
2024-09-15 09:42:00,49.8,49.9,199,214
2024-09-15 09:44:00,49.8,49.8,196,216
2024-09-15 09:46:00,49.7,49.7,199,217
2024-09-15 09:48:00,49.9,50.0,199,218
2024-09-15 09:50:00,49.7,49.7,201,214
2024-09-15 09:52:00,49.9,49.9,199,216
2024-09-15 09:54:00,49.9,50.0,197,213
2024-09-15 09:56:00,50.1,50.1,199,212
2024-09-15 09:58:00,49.8,49.8,199,211
2024-09-15 10:00:00,49.9,49.9,197,208
2024-09-15 10:02:00,50.1,50.0,197,216
2024-09-15 10:04:00,50.0,50.0,200,212
2024-09-15 10:06:00,49.9,49.9,199,212
2024-09-15 10:08:00,50.0,50.1,200,214
2024-09-15 10:10:00,49.9,49.9,199,210
2024-09-15 10:12:00,50.1,50.1,196,207
2024-09-15 10:14:00,50.0,49.9,194,211
2024-09-15 10:16:00,50,50.0,199,210
2024-09-15 10:18:00,49.8,49.8,198,208
2024-09-15 10:20:00,50.0,50.1,200,204
2024-09-15 10:22:00,49.9,49.9,201,207
2024-09-15 10:24:00,50.0,50.0,198,207
2024-09-15 10:26:00,50.0,49.9,198,207
2024-09-15 10:28:00,50.0,50.0,196,210
2024-09-15 10:30:00,50.0,50.0,200,213
2024-09-15 10:32:00,49.9,49.9,199,211
2024-09-15 10:34:00,50.0,50.1,197,209
2024-09-15 10:36:00,49.8,49.9,199,209
2024-09-15 10:38:00,50.1,50.0,201,199
2024-09-15 10:40:00,49.9,49.9,198,204
2024-09-15 10:42:00,50.0,50.0,199,207
2024-09-15 10:44:00,49.8,49.9,197,207
2024-09-15 10:46:00,50.0,50.0,198,214
2024-09-15 10:48:00,49.9,49.9,198,207
2024-09-15 10:50:00,49.8,49.9,199,212
2024-09-15 10:52:00,49.9,49.9,202,211
2024-09-15 10:54:00,50.1,50.1,194,213
2024-09-15 10:56:00,49.7,49.6,196,208
2024-09-15 10:58:00,50.0,50.0,198,212
2024-09-15 11:00:00,50.0,50.0,197,215
2024-09-15 11:02:00,49.7,49.8,201,211
2024-09-15 11:04:00,49.8,49.9,197,214
2024-09-15 11:06:00,50.1,50.0,199,217
2024-09-15 11:08:00,49.9,49.9,198,216
2024-09-15 11:10:00,50.0,50.0,197,213
2024-09-15 11:12:00,50.0,50.0,199,215
2024-09-15 11:14:00,49.8,49.7,197,215
2024-09-15 11:16:00,49.7,49.8,197,211
2024-09-15 11:18:00,49.9,49.9,199,206
2024-09-15 11:20:00,49.6,49.6,196,207
2024-09-15 11:22:00,49.7,49.8,195,207
2024-09-15 11:24:00,49.9,49.8,199,209
2024-09-15 11:26:00,49.9,49.8,198,211
2024-09-15 11:28:00,49.9,50.0,197,215
2024-09-15 11:30:00,49.8,49.7,197,213
2024-09-15 11:32:00,49.8,49.8,198,211
2024-09-15 11:34:00,49.8,49.8,198,212
2024-09-15 11:36:00,49.8,49.7,198,215
2024-09-15 11:38:00,50.0,50.0,202,214
2024-09-15 11:40:00,49.9,50.0,199,215
2024-09-15 11:42:00,49.8,49.8,197,209
2024-09-15 11:44:00,49.8,49.8,200,208
2024-09-15 11:46:00,49.7,49.7,198,206
2024-09-15 11:48:00,50.0,50.1,195,211
2024-09-15 11:50:00,50.0,50.0,199,210
2024-09-15 11:52:00,49.8,49.9,198,212
2024-09-15 11:54:00,50.0,49.9,196,214
2024-09-15 11:56:00,50.0,49.9,200,214
2024-09-15 11:58:00,50.0,49.9,197,210
2024-09-15 12:00:00,49.9,49.9,202,206
2024-09-15 12:02:00,49.8,49.9,197,208
2024-09-15 12:04:00,49.9,49.9,201,211
2024-09-15 12:06:00,49.9,49.9,198,212
2024-09-15 12:08:00,50.1,50.0,199,215
2024-09-15 12:10:00,49.8,49.9,199,218
2024-09-15 12:12:00,49.9,49.9,202,216
2024-09-15 12:14:00,49.8,49.8,202,209
2024-09-15 12:16:00,49.9,49.9,199,212
2024-09-15 12:18:00,49.9,49.9,201,214
2024-09-15 12:20:00,49.7,49.8,199,214
2024-09-15 12:22:00,49.9,49.9,196,217
2024-09-15 12:24:00,50.0,50.0,202,216
2024-09-15 12:26:00,49.9,49.9,202,217
2024-09-15 12:28:00,50.0,50.0,201,221
2024-09-15 12:30:00,49.6,49.6,200,211
2024-09-15 12:32:00,49.6,49.6,199,213
2024-09-15 12:34:00,49.9,49.8,198,214
2024-09-15 12:36:00,49.7,49.8,200,212
2024-09-15 12:38:00,49.8,49.8,201,214
2024-09-15 12:40:00,49.9,49.8,198,214
2024-09-15 12:42:00,49.5,49.5,193,209
2024-09-15 12:44:00,49.8,49.7,197,211
2024-09-15 12:46:00,50.0,50.0,195,216
2024-09-15 12:48:00,49.7,49.7,194,211
2024-09-15 12:50:00,49.6,49.5,195,212
2024-09-15 12:52:00,49.7,49.7,200,212
2024-09-15 12:54:00,49.6,49.7,197,206
2024-09-15 12:56:00,49.8,49.9,199,206
2024-09-15 12:58:00,49.7,49.7,199,207
2024-09-15 13:00:00,49.8,49.8,196,209
2024-09-15 13:02:00,49.9,49.9,199,202
2024-09-15 13:04:00,49.8,49.8,197,208
2024-09-15 13:06:00,49.9,49.8,199,211
2024-09-15 13:08:00,49.6,49.6,199,205
2024-09-15 13:10:00,49.7,49.7,198,207
2024-09-15 13:12:00,49.9,49.9,199,207
2024-09-15 13:14:00,49.6,49.6,198,208
2024-09-15 13:16:00,49.9,49.9,199,204
2024-09-15 13:18:00,49.8,49.8,194,209
2024-09-15 13:20:00,49.7,49.7,197,207
2024-09-15 13:22:00,49.8,49.8,199,206
2024-09-15 13:24:00,50.0,50.0,199,207
2024-09-15 13:26:00,50.1,50.0,202,207
2024-09-15 13:28:00,50.0,49.9,199,209
2024-09-15 13:30:00,49.6,49.6,201,211
2024-09-15 13:32:00,49.7,49.6,199,209
2024-09-15 13:34:00,49.8,49.8,200,217
2024-09-15 13:36:00,49.9,49.9,199,214
2024-09-15 13:38:00,49.8,49.8,202,207
2024-09-15 13:40:00,49.8,49.9,197,207
2024-09-15 13:42:00,49.8,49.8,200,211
2024-09-15 13:44:00,49.7,49.7,199,212
2024-09-15 13:46:00,49.7,49.8,197,215
2024-09-15 13:48:00,49.7,49.7,199,214
2024-09-15 13:50:00,49.8,49.8,197,212
2024-09-15 13:52:00,49.7,49.7,201,211
2024-09-15 13:54:00,49.6,49.6,199,213
2024-09-15 13:56:00,49.8,49.8,198,213
2024-09-15 13:58:00,49.7,49.7,202,213
2024-09-15 14:00:00,49.6,49.6,199,217
2024-09-15 14:02:00,49.7,49.7,198,217
2024-09-15 14:04:00,49.8,49.9,203,211
2024-09-15 14:06:00,49.7,49.6,199,214
2024-09-15 14:08:00,50.0,50.0,195,214
2024-09-15 14:10:00,49.9,50.0,200,213
2024-09-15 14:12:00,50.0,50.0,201,214
2024-09-15 14:14:00,49.7,49.7,197,214
2024-09-15 14:16:00,49.8,49.8,199,211
2024-09-15 14:18:00,49.6,49.6,201,209
2024-09-15 14:20:00,49.8,49.8,199,208
2024-09-15 14:22:00,49.8,49.8,197,209
2024-09-15 14:24:00,49.8,49.8,197,209
2024-09-15 14:26:00,49.5,49.6,200,210
2024-09-15 14:28:00,50.0,50.0,199,209
2024-09-15 14:30:00,49.8,49.8,196,204
2024-09-15 14:32:00,49.9,49.9,197,209
2024-09-15 14:34:00,49.6,49.6,197,211
2024-09-15 14:36:00,49.9,49.8,198,207
2024-09-15 14:38:00,49.9,49.9,202,210
2024-09-15 14:40:00,49.8,49.9,199,213
2024-09-15 14:42:00,49.6,49.7,197,209
2024-09-15 14:44:00,49.8,49.8,197,213
2024-09-15 14:46:00,49.8,49.8,199,212
2024-09-15 14:48:00,49.6,49.7,199,216
2024-09-15 14:50:00,49.8,49.8,199,218
2024-09-15 14:52:00,49.8,49.8,198,220
2024-09-15 14:54:00,49.7,49.8,199,211
2024-09-15 14:56:00,49.9,50.0,196,218
2024-09-15 14:58:00,49.9,49.8,199,216
2024-09-15 15:00:00,49.9,50.0,200,218
2024-09-15 15:02:00,49.6,49.6,199,217
2024-09-15 15:04:00,49.5,49.4,197,211
2024-09-15 15:06:00,49.9,49.8,202,214
2024-09-15 15:08:00,49.7,49.8,199,219
2024-09-15 15:10:00,49.7,49.7,199,212
2024-09-15 15:12:00,49.6,49.7,199,215
2024-09-15 15:14:00,49.7,49.7,199,216
2024-09-15 15:16:00,49.9,49.9,200,216
2024-09-15 15:18:00,50.0,50.0,202,216
2024-09-15 15:20:00,49.7,49.6,200,218
2024-09-15 15:22:00,49.9,49.9,199,217
2024-09-15 15:24:00,49.7,49.7,198,215
2024-09-15 15:26:00,49.7,49.6,201,218
2024-09-15 15:28:00,49.9,49.9,199,216
2024-09-15 15:30:00,49.8,49.9,203,219
2024-09-15 15:32:00,50.0,50.0,202,216
2024-09-15 15:34:00,49.7,49.7,197,216
2024-09-15 15:36:00,50.0,49.9,197,216
2024-09-15 15:38:00,49.8,49.8,201,214
2024-09-15 15:40:00,49.6,49.5,198,215
2024-09-15 15:42:00,49.9,49.9,200,214
2024-09-15 15:44:00,49.7,49.7,195,207
2024-09-15 15:46:00,49.9,49.8,199,208
2024-09-15 15:48:00,49.6,49.6,198,208
2024-09-15 15:50:00,50.0,50.0,196,207
2024-09-15 15:52:00,49.8,49.8,197,210
2024-09-15 15:54:00,49.7,49.6,199,207
2024-09-15 15:56:00,49.8,49.7,200,209
2024-09-15 15:58:00,49.8,49.9,202,207
2024-09-15 16:00:00,49.7,49.7,201,210
2024-09-15 16:02:00,49.8,49.8,198,212
2024-09-15 16:04:00,49.8,49.8,199,210
2024-09-15 16:06:00,49.9,49.9,202,210
2024-09-15 16:08:00,49.8,49.9,197,210
2024-09-15 16:10:00,49.9,49.9,199,214
2024-09-15 16:12:00,49.6,49.7,203,209
2024-09-15 16:14:00,49.7,49.7,196,209
2024-09-15 16:16:00,49.6,49.6,202,216
2024-09-15 16:18:00,49.6,49.6,202,209
2024-09-15 16:20:00,49.5,49.5,202,210
2024-09-15 16:22:00,49.6,49.5,199,206
2024-09-15 16:24:00,49.7,49.8,202,207
2024-09-15 16:26:00,49.9,49.9,199,210
2024-09-15 16:28:00,49.7,49.7,201,207
2024-09-15 16:30:00,49.8,49.8,202,209
2024-09-15 16:32:00,49.9,49.9,201,206
2024-09-15 16:34:00,49.8,49.8,202,207
2024-09-15 16:36:00,49.6,49.6,198,209
2024-09-15 16:38:00,49.9,49.9,199,209
2024-09-15 16:40:00,49.6,49.7,202,209
2024-09-15 16:42:00,49.9,49.8,200,209
2024-09-15 16:44:00,49.8,49.7,202,211
2024-09-15 16:46:00,49.9,49.8,199,207
2024-09-15 16:48:00,49.7,49.7,199,209
2024-09-15 16:50:00,49.7,49.7,202,210
2024-09-15 16:52:00,49.8,49.8,204,213
2024-09-15 16:54:00,49.5,49.5,202,214
2024-09-15 16:56:00,49.9,49.9,201,215
2024-09-15 16:58:00,49.8,49.7,202,212
2024-09-15 17:00:00,49.9,49.9,202,212
2024-09-15 17:02:00,49.7,49.8,202,214
2024-09-15 17:04:00,49.8,49.8,204,219
2024-09-15 17:06:00,49.9,49.8,201,215
2024-09-15 17:08:00,50.0,50.0,200,214
2024-09-15 17:10:00,49.7,49.7,203,214
2024-09-15 17:12:00,49.5,49.5,202,213
2024-09-15 17:14:00,49.9,49.9,199,214
2024-09-15 17:16:00,49.9,49.9,199,216
2024-09-15 17:18:00,49.6,49.5,200,215
2024-09-15 17:20:00,49.8,49.7,201,214
2024-09-15 17:22:00,49.7,49.7,197,214
2024-09-15 17:24:00,49.8,49.8,201,213
2024-09-15 17:26:00,49.7,49.8,202,214
2024-09-15 17:28:00,49.7,49.6,200,210
2024-09-15 17:30:00,49.6,49.5,199,211
2024-09-15 17:32:00,49.8,49.8,200,213
2024-09-15 17:34:00,49.5,49.5,197,210
2024-09-15 17:36:00,49.8,49.8,199,210
2024-09-15 17:38:00,49.7,49.7,204,207
2024-09-15 17:40:00,49.6,49.6,197,206
2024-09-15 17:42:00,49.8,49.9,198,209
2024-09-15 17:44:00,49.7,49.7,196,209
2024-09-15 17:46:00,49.7,49.7,201,207
2024-09-15 17:48:00,49.7,49.7,197,207
2024-09-15 17:50:00,49.5,49.5,197,208
2024-09-15 17:52:00,49.5,49.6,197,211
2024-09-15 17:54:00,49.6,49.6,201,212
2024-09-15 17:56:00,49.5,49.6,200,214
2024-09-15 17:58:00,49.6,49.5,199,213
2024-09-15 18:00:00,49.5,49.5,202,211
2024-09-15 18:02:00,49.7,49.7,201,214
2024-09-15 18:04:00,49.5,49.5,199,210
2024-09-15 18:06:00,49.2,49.2,200,207
2024-09-15 18:08:00,49.5,49.5,198,211
2024-09-15 18:10:00,49.5,49.5,195,210
2024-09-15 18:12:00,49.5,49.5,201,213
2024-09-15 18:14:00,49.2,49.2,199,213
2024-09-15 18:16:00,48.9,48.9,195,209
2024-09-15 18:18:00,48.7,48.7,199,207
2024-09-15 18:20:00,55.8,55.7,37.5,227
2024-09-15 18:22:00,49.8,49.8,196,210
2024-09-15 18:24:00,49.9,49.9,194,208
2024-09-15 18:26:00,49.9,49.9,197,213
2024-09-15 18:28:00,49.9,49.9,195,211
2024-09-15 18:30:00,49.8,49.8,197,207
2024-09-15 18:32:00,49.7,49.8,194,205
2024-09-15 18:34:00,49.8,49.8,195,206
2024-09-15 18:36:00,49.7,49.6,197,203
2024-09-15 18:38:00,50.0,49.9,199,201
2024-09-15 18:40:00,49.7,49.7,195,202
2024-09-15 18:42:00,49.8,49.8,195,203
2024-09-15 18:44:00,49.8,49.8,194,206
2024-09-15 18:46:00,49.8,49.8,199,208
2024-09-15 18:48:00,49.8,49.7,193,210
2024-09-15 18:50:00,50.0,50.0,196,214
2024-09-15 18:52:00,50.2,50.2,199,211
2024-09-15 18:54:00,49.4,49.3,198,207
2024-09-15 18:56:00,49.4,49.5,193,209
2024-09-15 18:58:00,49.6,49.5,199,209
2024-09-15 19:00:00,49.7,49.6,197,209
2024-09-15 19:02:00,49.3,49.3,197,208
2024-09-15 19:04:00,49.2,49.2,197,206
2024-09-15 19:06:00,49.3,49.3,197,207
2024-09-15 19:08:00,49.5,49.5,195,209
2024-09-15 19:10:00,49.4,49.4,199,207
2024-09-15 19:12:00,49.7,49.7,197,208
2024-09-15 19:14:00,49.5,49.5,198,205
2024-09-15 19:16:00,50.0,50.0,198,208
2024-09-15 19:18:00,49.9,49.9,194,204
2024-09-15 19:20:00,50.0,50.0,195,203
2024-09-15 19:22:00,49.8,49.8,198,204
2024-09-15 19:24:00,49.9,49.8,198,204
2024-09-15 19:26:00,49.6,49.6,197,204
2024-09-15 19:28:00,49.9,49.9,195,210
2024-09-15 19:30:00,49.8,49.8,194,212
2024-09-15 19:32:00,50.1,50.1,195,215
2024-09-15 19:34:00,50.0,49.9,195,214
2024-09-15 19:36:00,49.7,49.6,196,211
2024-09-15 19:38:00,49.9,49.8,197,214
2024-09-15 19:40:00,49.9,50.0,196,211
2024-09-15 19:42:00,49.9,49.8,193,211
2024-09-15 19:44:00,49.4,49.3,194,212
2024-09-15 19:46:00,49.5,49.5,197,209
2024-09-15 19:48:00,49.6,49.6,197,209
2024-09-15 19:50:00,49.5,49.5,195,209
2024-09-15 19:52:00,49.4,49.5,194,207
2024-09-15 19:54:00,49.5,49.5,196,207
2024-09-15 19:56:00,49.5,49.4,194,209
2024-09-15 19:58:00,49.4,49.5,197,209
2024-09-15 20:00:00,49.7,49.6,198,207
2024-09-15 20:02:00,49.6,49.6,199,208
2024-09-15 20:04:00,49.5,49.5,194,209
2024-09-15 20:06:00,49.6,49.7,197,209
2024-09-15 20:08:00,49.4,49.4,200,215
2024-09-15 20:10:00,49.5,49.5,199,214
2024-09-15 20:12:00,49.7,49.7,198,216
2024-09-15 20:14:00,49.5,49.5,197,216
2024-09-15 20:16:00,50.0,49.6,198,214
2024-09-15 20:18:00,49.7,49.6,202,218
2024-09-15 20:20:00,49.7,49.7,194,216
2024-09-15 20:22:00,49.5,49.5,194,216
2024-09-15 20:24:00,49.6,49.6,191,214
2024-09-15 20:26:00,49.6,49.6,199,213
2024-09-15 20:28:00,49.6,49.6,195,214
2024-09-15 20:30:00,49.5,49.5,194,212
2024-09-15 20:32:00,49.6,49.5,197,216
2024-09-15 20:34:00,49.8,49.8,197,215
2024-09-15 20:36:00,49.5,49.5,192,215
2024-09-15 20:38:00,49.6,49.6,195,214
2024-09-15 20:40:00,49.7,49.6,197,216
2024-09-15 20:42:00,49.6,49.6,195,215
2024-09-15 20:44:00,49.8,49.8,193,216
2024-09-15 20:46:00,49.6,49.5,197,217
2024-09-15 20:48:00,49.4,49.4,194,215
2024-09-15 20:50:00,49.7,49.6,192,216
2024-09-15 20:52:00,49.4,49.4,190,209
2024-09-15 20:54:00,49.5,49.6,194,210
2024-09-15 20:56:00,49.4,49.4,194,211
2024-09-15 20:58:00,49.6,49.7,190,211
2024-09-15 21:00:00,49.5,49.5,194,209
2024-09-15 21:02:00,49.3,49.4,194,211
2024-09-15 21:04:00,49.3,49.3,192,210
2024-09-15 21:06:00,49.2,49.2,196,211
2024-09-15 21:08:00,49.4,49.3,194,209
2024-09-15 21:10:00,49.3,49.3,197,211
2024-09-15 21:12:00,49.6,49.6,195,209
2024-09-15 21:14:00,49.2,49.3,192,209
2024-09-15 21:16:00,49.0,49.0,198,207
2024-09-15 21:18:00,49.3,49.2,197,206
2024-09-15 21:20:00,49.6,49.7,192,213
2024-09-15 21:22:00,49.9,49.9,190,215
2024-09-15 21:24:00,49.9,49.9,191,215
2024-09-15 21:26:00,50.0,50.0,197,215
2024-09-15 21:28:00,49.9,50.0,192,218
2024-09-15 21:30:00,49.9,49.9,192,221
2024-09-15 21:32:00,50.0,49.9,197,214
2024-09-15 21:34:00,49.9,49.9,192,212
2024-09-15 21:36:00,49.9,49.9,195,214
2024-09-15 21:38:00,49.4,49.4,198,207
2024-09-15 21:40:00,49.6,49.6,197,209
2024-09-15 21:42:00,49.6,49.6,194,208
2024-09-15 21:44:00,49.9,49.8,198,214
2024-09-15 21:46:00,49.8,49.7,199,212
2024-09-15 21:48:00,49.5,49.5,196,214
2024-09-15 21:50:00,49.8,49.8,198,216
2024-09-15 21:52:00,49.7,49.7,201,214
2024-09-15 21:54:00,49.6,49.7,193,214
2024-09-15 21:56:00,49.5,49.5,195,212
2024-09-15 21:58:00,49.7,49.7,196,212
2024-09-15 22:00:00,49.6,49.6,197,213
2024-09-15 22:02:00,49.7,49.6,197,210
2024-09-15 22:04:00,49.7,49.8,197,212
2024-09-15 22:06:00,49.6,49.6,197,211
2024-09-15 22:08:00,49.8,49.7,194,215
2024-09-15 22:10:00,49.7,49.8,194,210
2024-09-15 22:12:00,49.9,49.8,199,209
2024-09-15 22:14:00,50.1,50.0,199,209
2024-09-15 22:16:00,49.8,49.9,195,214
2024-09-15 22:18:00,49.7,49.7,199,213
2024-09-15 22:20:00,49.7,49.7,200,216
2024-09-15 22:22:00,49.7,49.8,199,215
2024-09-15 22:24:00,49.9,49.8,197,218
2024-09-15 22:26:00,49.9,49.8,197,217
2024-09-15 22:28:00,49.9,49.9,202,216
2024-09-15 22:30:00,49.7,49.7,200,214
2024-09-15 22:32:00,49.7,49.7,200,217
2024-09-15 22:34:00,49.8,49.9,200,217
2024-09-15 22:36:00,49.8,49.9,199,217
2024-09-15 22:38:00,49.9,49.8,199,216
2024-09-15 22:40:00,49.9,50.0,198,217
2024-09-15 22:42:00,49.9,49.9,201,219
2024-09-15 22:44:00,49.9,49.9,201,219
2024-09-15 22:46:00,49.6,49.6,198,221
2024-09-15 22:48:00,49.9,50.0,202,218
2024-09-15 22:50:00,50.1,50.0,203,223
2024-09-15 22:52:00,50.1,50.1,203,219
2024-09-15 22:54:00,50.3,50.3,202,221
2024-09-15 22:56:00,49.8,49.9,201,222
2024-09-15 22:58:00,49.8,49.8,206,219
2024-09-15 23:00:00,50.0,49.9,204,220
2024-09-15 23:02:00,50.0,50.0,206,219
2024-09-15 23:04:00,50,50.0,206,221
2024-09-15 23:06:00,49.8,49.7,204,220
2024-09-15 23:08:00,50.1,50.1,204,223
2024-09-15 23:10:00,50.1,50.0,204,223
2024-09-15 23:12:00,50.0,50.0,204,225
2024-09-15 23:14:00,49.9,49.9,204,224
2024-09-15 23:16:00,50.0,50.0,204,225
2024-09-15 23:18:00,49.9,49.9,204,224
2024-09-15 23:20:00,50.0,50.0,204,224
2024-09-15 23:22:00,49.9,49.9,204,224
2024-09-15 23:24:00,50.2,50.1,206,226
2024-09-15 23:26:00,50.0,49.9,206,224
2024-09-15 23:28:00,49.9,49.9,204,228
2024-09-15 23:30:00,50.1,50.0,205,226
2024-09-15 23:32:00,50.0,50.0,206,228
2024-09-15 23:34:00,50.1,50.0,206,228
2024-09-15 23:36:00,49.8,49.8,205,228
2024-09-15 23:38:00,50.0,50.1,205,228
2024-09-15 23:40:00,50.0,50.0,205,228
2024-09-15 23:42:00,50.2,50.2,205,228
2024-09-15 23:44:00,50.0,50.0,205,228
2024-09-15 23:46:00,50.1,50.1,204,228
2024-09-15 23:48:00,50.0,50.0,202,229
2024-09-15 23:50:00,50.1,50.1,202,229
2024-09-15 23:52:00,50.1,50.1,202,228
2024-09-15 23:54:00,50.0,50.0,203,229
2024-09-15 23:56:00,50.1,50.1,202,229
2024-09-15 23:58:00,50.2,50.3,202,229
2024-09-16 00:00:00,50.1,50.0,204,229
2024-09-16 00:02:00,50.0,50.1,204,228
2024-09-16 00:04:00,50.2,50.2,206,228
2024-09-16 00:06:00,50.1,50.1,205,229
2024-09-16 00:08:00,50.1,50.1,206,230
2024-09-16 00:10:00,50.2,50.1,205,229
2024-09-16 00:12:00,50.0,50.0,206,228
2024-09-16 00:14:00,50.2,50.2,207,228
2024-09-16 00:16:00,50.2,50.3,207,229
2024-09-16 00:18:00,50.2,50.2,207,230
2024-09-16 00:20:00,50.2,50.2,207,231
2024-09-16 00:22:00,50.2,50.1,207,232
2024-09-16 00:24:00,50.2,50.3,204,230
2024-09-16 00:26:00,50.0,50.0,204,230
2024-09-16 00:28:00,50.0,50.0,205,230
2024-09-16 00:30:00,50.3,50.3,205,230
2024-09-16 00:32:00,50.0,50.1,206,229
2024-09-16 00:34:00,50.3,50.2,206,230
2024-09-16 00:36:00,50.1,50.1,207,231
2024-09-16 00:38:00,50.0,50.0,206,230
2024-09-16 00:40:00,50.2,50.2,207,231
2024-09-16 00:42:00,50.3,50.3,207,232
2024-09-16 00:44:00,50.0,50.0,207,231
2024-09-16 00:46:00,50.2,50.2,207,231
2024-09-16 00:48:00,50.3,50.3,207,231
2024-09-16 00:50:00,50.4,50.3,207,231
2024-09-16 00:52:00,50.0,50.0,207,231
2024-09-16 00:54:00,50.3,50.3,206,231
2024-09-16 00:56:00,50.1,50.2,206,231
2024-09-16 00:58:00,50.2,50.2,205,231
2024-09-16 01:00:00,50.1,50.1,205,231
2024-09-16 01:02:00,50.3,50.4,205,231
2024-09-16 01:04:00,50.2,50.2,206,231
2024-09-16 01:06:00,50.2,50.2,206,231
2024-09-16 01:08:00,50.2,50.2,207,231
2024-09-16 01:10:00,50.2,50.2,207,231
2024-09-16 01:12:00,50.3,50.2,207,232
2024-09-16 01:14:00,50.1,50.2,207,232
2024-09-16 01:16:00,50.2,50.2,207,231
2024-09-16 01:18:00,50.2,50.2,207,231
2024-09-16 01:20:00,50.1,50.1,207,231
2024-09-16 01:22:00,50.2,50.3,207,231
2024-09-16 01:24:00,50.3,50.4,207,231
2024-09-16 01:26:00,50.3,50.3,207,231
2024-09-16 01:28:00,50.3,50.3,208,231
2024-09-16 01:30:00,50.2,50.2,209,231
2024-09-16 01:32:00,50.1,50.1,208,231
2024-09-16 01:34:00,50.3,50.3,207,231
2024-09-16 01:36:00,50.2,50.3,207,232
2024-09-16 01:38:00,50.2,50.2,207,233
2024-09-16 01:40:00,50.1,50.1,207,232
2024-09-16 01:42:00,50.1,50.1,207,231
2024-09-16 01:44:00,50.3,50.3,209,231
2024-09-16 01:46:00,50.3,50.3,208,232
2024-09-16 01:48:00,50.2,50.2,208,233
2024-09-16 01:50:00,50.3,50.3,209,234
2024-09-16 01:52:00,50.1,50.1,209,233
2024-09-16 01:54:00,50.3,50.3,209,233
2024-09-16 01:56:00,50.2,50.2,211,232
2024-09-16 01:58:00,50.1,50.1,205,233
2024-09-16 02:00:00,50.2,50.2,204,233
2024-09-16 02:02:00,50.3,50.2,204,233
2024-09-16 02:04:00,50.2,50.2,205,232
2024-09-16 02:06:00,50.1,50.2,212,233
2024-09-16 02:08:00,50.3,50.3,210,233
2024-09-16 02:10:00,50.1,50.1,211,232
2024-09-16 02:12:00,50.4,50.4,211,233
2024-09-16 02:14:00,50.2,50.2,210,231
2024-09-16 02:16:00,50.4,50.4,211,232
2024-09-16 02:18:00,50.1,50.1,211,233
2024-09-16 02:20:00,50.4,50.3,212,232
2024-09-16 02:22:00,50.2,50.2,211,233
2024-09-16 02:24:00,50.1,50.1,211,233
2024-09-16 02:26:00,50.3,50.4,211,233
2024-09-16 02:28:00,50.3,50.3,212,232
2024-09-16 02:30:00,50.2,50.2,212,232
2024-09-16 02:32:00,50.1,50.1,212,233
2024-09-16 02:34:00,50.2,50.2,212,233
2024-09-16 02:36:00,50.3,50.3,212,233
2024-09-16 02:38:00,50.3,50.3,211,233
2024-09-16 02:40:00,50.2,50.2,213,233
2024-09-16 02:42:00,50.4,50.3,213,233
2024-09-16 02:44:00,50.2,50.2,211,233
2024-09-16 02:46:00,50.3,50.4,211,234
2024-09-16 02:48:00,50.0,50.0,211,233
2024-09-16 02:50:00,50.2,50.2,211,233
2024-09-16 02:52:00,50.2,50.2,211,232
2024-09-16 02:54:00,50.1,50.1,211,233
2024-09-16 02:56:00,50.2,50.2,212,233
2024-09-16 02:58:00,50.3,50.2,211,233
2024-09-16 03:00:00,50.3,50.3,211,233
2024-09-16 03:02:00,50.2,50.2,212,235
2024-09-16 03:04:00,50.3,50.3,212,233
2024-09-16 03:06:00,50.2,50.2,211,233
2024-09-16 03:08:00,50.3,50.3,211,233
2024-09-16 03:10:00,50.2,50.2,211,233
2024-09-16 03:12:00,50.4,50.4,211,233
2024-09-16 03:14:00,50.2,50.2,211,233
2024-09-16 03:16:00,50.2,50.2,211,232
2024-09-16 03:18:00,50.2,50.2,211,233
2024-09-16 03:20:00,50.2,50.1,210,233
2024-09-16 03:22:00,50.2,50.2,210,233
2024-09-16 03:24:00,50.2,50.2,211,233
2024-09-16 03:26:00,50.3,50.2,211,233
2024-09-16 03:28:00,50.3,50.3,211,233
2024-09-16 03:30:00,50.2,50.1,211,233
2024-09-16 03:32:00,50.2,50.2,212,232
2024-09-16 03:34:00,50.3,50.3,212,232
2024-09-16 03:36:00,50.1,50.2,211,233
2024-09-16 03:38:00,50.3,50.3,211,232
2024-09-16 03:40:00,50.3,50.3,212,232
2024-09-16 03:42:00,50.2,50.2,211,233
2024-09-16 03:44:00,50.1,50.1,211,232
2024-09-16 03:46:00,50.3,50.3,211,232
2024-09-16 03:48:00,50.1,50.0,211,232
2024-09-16 03:50:00,50.3,50.3,212,233
2024-09-16 03:52:00,50.1,50.1,212,232
2024-09-16 03:54:00,50.2,50.2,212,233
2024-09-16 03:56:00,50.1,50.1,211,233
2024-09-16 03:58:00,50.4,50.4,212,233
2024-09-16 04:00:00,50.0,50.1,212,231
2024-09-16 04:02:00,50.1,50.1,211,231
2024-09-16 04:04:00,50.3,50.3,211,233
2024-09-16 04:06:00,50.3,50.4,211,233
2024-09-16 04:08:00,50.2,50.3,213,233
2024-09-16 04:10:00,50.1,50.2,213,233
2024-09-16 04:12:00,50.2,50.2,213,233
2024-09-16 04:14:00,50.3,50.2,214,233
2024-09-16 04:16:00,50.2,50.1,211,234
2024-09-16 04:18:00,50.2,50.3,211,233
2024-09-16 04:20:00,50.3,50.3,211,233
2024-09-16 04:22:00,50.2,50.2,212,233
2024-09-16 04:24:00,50.3,50.2,211,233
2024-09-16 04:26:00,50.1,50.2,212,230
2024-09-16 04:28:00,50.2,50.2,212,230
2024-09-16 04:30:00,50.2,50.2,213,229
2024-09-16 04:32:00,50.2,50.2,211,228
2024-09-16 04:34:00,50.2,50.3,211,231
2024-09-16 04:36:00,50.1,50.2,211,231
2024-09-16 04:38:00,50.2,50.2,211,232
2024-09-16 04:40:00,50.2,50.3,211,232
2024-09-16 04:42:00,50.1,50.1,209,232
2024-09-16 04:44:00,50.1,50.1,212,234
2024-09-16 04:46:00,50.1,50.2,214,233
2024-09-16 04:48:00,50.1,50.2,211,230
2024-09-16 04:50:00,50.1,50.1,211,231
2024-09-16 04:52:00,50.3,50.3,212,228
2024-09-16 04:54:00,50.2,50.2,211,230
2024-09-16 04:56:00,50.2,50.2,211,232
2024-09-16 04:58:00,50.2,50.2,212,229
2024-09-16 05:00:00,50.1,50.1,211,228
2024-09-16 05:02:00,50.2,50.2,211,230
2024-09-16 05:04:00,50.2,50.2,211,231
2024-09-16 05:06:00,50.2,50.2,211,228
2024-09-16 05:08:00,50.2,50.2,211,230
2024-09-16 05:10:00,50.1,50.1,211,231
2024-09-16 05:12:00,50.0,50.0,211,231
2024-09-16 05:14:00,50.2,50.2,211,229
2024-09-16 05:16:00,50.0,50.0,211,231
2024-09-16 05:18:00,49.9,50.0,210,231
2024-09-16 05:20:00,50.1,50.1,211,231
2024-09-16 05:22:00,50.1,50.1,211,231
2024-09-16 05:24:00,50.0,50.1,212,228
2024-09-16 05:26:00,50.1,50.0,209,230
2024-09-16 05:28:00,50.0,49.9,209,228
2024-09-16 05:30:00,50.1,50.2,210,230
2024-09-16 05:32:00,50.0,50.0,210,228
2024-09-16 05:34:00,50.1,50.1,207,229
2024-09-16 05:36:00,49.9,49.9,207,226
2024-09-16 05:38:00,49.9,49.9,207,225
2024-09-16 05:40:00,50.0,50.0,207,223
2024-09-16 05:42:00,50.0,50.0,208,224
2024-09-16 05:44:00,49.8,49.8,209,222
2024-09-16 05:46:00,49.9,49.9,209,222
2024-09-16 05:48:00,49.9,49.9,209,223
2024-09-16 05:50:00,49.9,49.9,211,223
2024-09-16 05:52:00,49.7,49.7,206,222
2024-09-16 05:54:00,50.0,50.0,208,225
2024-09-16 05:56:00,49.8,49.8,211,222
2024-09-16 05:58:00,49.9,49.9,203,230
2024-09-16 06:00:00,49.9,49.8,203,228
2024-09-16 06:02:00,49.7,49.6,204,227
2024-09-16 06:04:00,49.8,49.9,207,225
2024-09-16 06:06:00,49.7,49.7,207,225
2024-09-16 06:08:00,49.9,49.9,207,222
2024-09-16 06:10:00,49.9,49.9,205,220
2024-09-16 06:12:00,49.8,49.8,205,218
2024-09-16 06:14:00,49.8,49.8,207,215
2024-09-16 06:16:00,49.7,49.7,204,220
2024-09-16 06:18:00,49.8,49.8,204,218
2024-09-16 06:20:00,49.8,49.8,202,216
2024-09-16 06:22:00,49.9,49.9,205,219
2024-09-16 06:24:00,49.5,49.4,204,219
2024-09-16 06:26:00,49.9,49.8,203,219
2024-09-16 06:28:00,49.7,49.7,204,219
2024-09-16 06:30:00,49.8,49.8,206,219
2024-09-16 06:32:00,49.9,49.9,207,219
2024-09-16 06:34:00,49.7,49.6,204,214
2024-09-16 06:36:00,49.8,49.9,205,216
2024-09-16 06:38:00,50.0,50.0,207,215
2024-09-16 06:40:00,49.8,49.8,206,219
2024-09-16 06:42:00,49.8,49.7,207,213
2024-09-16 06:44:00,49.8,49.7,206,217
2024-09-16 06:46:00,49.7,49.7,205,215
2024-09-16 06:48:00,50.0,50.0,207,214
2024-09-16 06:50:00,50.1,50.0,208,223
2024-09-16 06:52:00,49.8,49.8,205,221
2024-09-16 06:54:00,49.8,49.8,207,225
2024-09-16 06:56:00,50.1,50.2,204,222
2024-09-16 06:58:00,50,50.0,203,223
2024-09-16 07:00:00,50.0,50.0,206,221
2024-09-16 07:02:00,50.0,50.1,204,223
2024-09-16 07:04:00,50.0,50.0,207,219
2024-09-16 07:06:00,49.9,49.8,203,222
2024-09-16 07:08:00,50.0,50.1,204,224
2024-09-16 07:10:00,50.0,50.0,207,226
2024-09-16 07:12:00,49.9,49.9,207,220
2024-09-16 07:14:00,49.8,49.7,201,226
2024-09-16 07:16:00,49.8,49.8,203,223
2024-09-16 07:18:00,49.8,49.8,202,223
2024-09-16 07:20:00,50.0,50.0,204,225
2024-09-16 07:22:00,50.0,50.0,203,228
2024-09-16 07:24:00,50.1,50.2,207,223
2024-09-16 07:26:00,49.9,49.9,202,219
2024-09-16 07:28:00,50.0,50.0,203,220
2024-09-16 07:30:00,50.0,50.0,204,221
2024-09-16 07:32:00,49.8,49.8,204,221
2024-09-16 07:34:00,49.5,49.5,204,223
2024-09-16 07:36:00,49.9,49.8,202,223
2024-09-16 07:38:00,49.6,49.6,205,212
2024-09-16 07:40:00,49.8,49.8,202,216
2024-09-16 07:42:00,50.3,50.2,202,213
2024-09-16 07:44:00,49.7,49.7,206,210
2024-09-16 07:46:00,49.7,49.7,205,215
2024-09-16 07:48:00,49.8,49.8,202,221
2024-09-16 07:50:00,49.6,49.5,204,216
2024-09-16 07:52:00,49.6,49.7,206,220
2024-09-16 07:54:00,49.7,49.8,203,219
2024-09-16 07:56:00,49.7,49.8,204,216
2024-09-16 07:58:00,49.7,49.7,199,216
2024-09-16 08:00:00,49.9,50.0,204,221
2024-09-16 08:02:00,49.7,49.7,199,219
2024-09-16 08:04:00,49.6,49.7,202,218
2024-09-16 08:06:00,49.6,49.6,204,213
2024-09-16 08:08:00,49.5,49.5,202,209
2024-09-16 08:10:00,50.0,50.1,200,212
2024-09-16 08:12:00,49.7,49.8,202,216
2024-09-16 08:14:00,50.0,50.1,200,217
2024-09-16 08:16:00,49.6,49.7,199,214
2024-09-16 08:18:00,50.0,50.0,199,213
2024-09-16 08:20:00,49.7,49.8,198,214
2024-09-16 08:22:00,49.7,49.7,198,218
2024-09-16 08:24:00,49.8,49.7,199,218
2024-09-16 08:26:00,50.0,50.1,199,213
2024-09-16 08:28:00,49.9,49.9,204,206
2024-09-16 08:30:00,49.7,49.7,204,216
2024-09-16 08:32:00,50.6,50.7,228,231
2024-09-16 08:34:00,50.6,50.7,221,235
2024-09-16 08:36:00,51.5,51.5,219,241
2024-09-16 08:38:00,51.4,51.4,220,239
2024-09-16 08:40:00,51.0,50.9,218,238
2024-09-16 08:42:00,51.0,51.1,218,238
2024-09-16 08:44:00,51.1,51.2,219,238
2024-09-16 08:46:00,50.8,50.8,217,237
2024-09-16 08:48:00,50.7,50.7,217,237
2024-09-16 08:50:00,50.9,50.9,216,238
2024-09-16 08:52:00,50.9,50.8,219,238
2024-09-16 08:54:00,51.0,51.1,216,240
2024-09-16 08:56:00,50.7,50.7,214,239
2024-09-16 08:58:00,50.5,50.5,212,238
2024-09-16 09:00:00,50.5,50.5,211,240
2024-09-16 09:02:00,50.6,50.6,214,240
2024-09-16 09:04:00,50.4,50.4,213,239
2024-09-16 09:06:00,50.0,49.8,211,239
2024-09-16 09:08:00,49.6,49.6,211,238
2024-09-16 09:10:00,49.6,49.5,214,238
2024-09-16 09:12:00,49.6,49.5,209,239
2024-09-16 09:14:00,49.4,49.4,206,239
2024-09-16 09:16:00,49.5,49.4,213,235
2024-09-16 09:18:00,49.5,49.4,216,233
2024-09-16 09:20:00,49.5,49.6,214,238
2024-09-16 09:22:00,49.6,49.5,214,237
2024-09-16 09:24:00,49.7,49.6,215,235
2024-09-16 09:26:00,49.4,49.5,214,236
2024-09-16 09:28:00,49.5,49.5,212,236
2024-09-16 09:30:00,49.6,49.6,212,236
2024-09-16 09:32:00,49.6,49.6,214,236
2024-09-16 09:34:00,49.6,49.6,212,236
2024-09-16 09:36:00,49.6,49.6,212,236
2024-09-16 09:38:00,49.6,49.6,213,236
2024-09-16 09:40:00,49.6,49.6,211,236
2024-09-16 09:42:00,49.6,49.6,213,235
2024-09-16 09:44:00,49.7,49.8,214,236
2024-09-16 09:46:00,49.5,49.5,215,233
2024-09-16 09:48:00,49.6,49.6,213,237
2024-09-16 09:50:00,49.5,49.5,212,238
2024-09-16 09:52:00,49.6,49.5,214,237
2024-09-16 09:54:00,49.3,49.3,207,238
2024-09-16 09:56:00,49.4,49.5,211,236
2024-09-16 09:58:00,49.4,49.4,213,237
2024-09-16 10:00:00,49.5,49.5,211,236
2024-09-16 10:02:00,49.5,49.4,210,238
2024-09-16 10:04:00,49.4,49.5,211,238
2024-09-16 10:06:00,49.3,49.3,211,237
2024-09-16 10:08:00,49.5,49.5,210,238
2024-09-16 10:10:00,49.2,49.2,210,236
2024-09-16 10:12:00,49.4,49.4,211,236
2024-09-16 10:14:00,50.0,50.0,211,239
2024-09-16 10:16:00,50.0,50.1,212,240
2024-09-16 10:18:00,50.0,50.1,209,241
2024-09-16 10:20:00,49.8,49.9,208,242
2024-09-16 10:22:00,49.9,49.9,216,238
2024-09-16 10:24:00,50.0,50.0,211,239
2024-09-16 10:26:00,49.8,49.8,213,238
2024-09-16 10:28:00,49.8,49.7,212,239
2024-09-16 10:30:00,49.9,50.0,211,242
2024-09-16 10:32:00,49.8,49.8,213,242
2024-09-16 10:34:00,49.7,49.7,214,243
2024-09-16 10:36:00,49.8,49.8,210,243
2024-09-16 10:38:00,49.5,49.5,209,241
2024-09-16 10:40:00,49.6,49.6,212,240
2024-09-16 10:42:00,49.6,49.8,212,238
2024-09-16 10:44:00,49.5,49.7,212,242
2024-09-16 10:46:00,49.7,49.7,213,240
2024-09-16 10:48:00,49.8,49.8,211,240
2024-09-16 10:50:00,49.6,49.7,213,239
2024-09-16 10:52:00,49.7,49.7,217,238
2024-09-16 10:54:00,50.0,49.8,214,237
2024-09-16 10:56:00,49.8,49.8,214,236
2024-09-16 10:58:00,49.7,49.7,216,236
2024-09-16 11:00:00,49.7,49.7,216,236
2024-09-16 11:02:00,49.6,49.7,214,237
2024-09-16 11:04:00,49.4,49.3,214,238
2024-09-16 11:06:00,49.2,49.3,214,238
2024-09-16 11:08:00,49.2,49.1,211,240
2024-09-16 11:10:00,49.1,49.1,209,238
2024-09-16 11:12:00,49.2,49.2,210,238
2024-09-16 11:14:00,49.3,49.3,212,237
2024-09-16 11:16:00,49.3,49.4,214,235
2024-09-16 11:18:00,49.4,49.4,215,232
2024-09-16 11:20:00,49.3,49.2,210,237
2024-09-16 11:22:00,49.3,49.3,208,238
2024-09-16 11:24:00,49.3,49.3,210,236
2024-09-16 11:26:00,49.5,49.5,215,233
2024-09-16 11:28:00,49.4,49.4,213,234
2024-09-16 11:30:00,49.4,49.3,216,235
2024-09-16 11:32:00,49.3,49.4,215,231
2024-09-16 11:34:00,49.3,49.2,212,233
2024-09-16 11:36:00,49.3,49.3,213,234
2024-09-16 11:38:00,49.3,49.2,214,234
2024-09-16 11:40:00,49.5,49.4,214,233
2024-09-16 11:42:00,49.2,49.3,211,232
2024-09-16 11:44:00,49.2,49.0,211,234
2024-09-16 11:46:00,49.3,49.3,212,237
2024-09-16 11:48:00,49.1,49.1,211,236
2024-09-16 11:50:00,49.3,49.3,214,233
2024-09-16 11:52:00,49.2,49.3,217,232
2024-09-16 11:54:00,49.1,49.2,212,235
2024-09-16 11:56:00,49.4,49.4,211,236
2024-09-16 11:58:00,49.4,49.4,211,236
2024-09-16 12:00:00,49.5,49.5,213,235
2024-09-16 12:02:00,49.3,49.4,211,236
2024-09-16 12:04:00,49.2,49.1,210,238
2024-09-16 12:06:00,49.3,49.3,214,236
2024-09-16 12:08:00,49.2,49.2,211,238
2024-09-16 12:10:00,49.2,49.3,211,236
2024-09-16 12:12:00,49.5,49.4,215,237
2024-09-16 12:14:00,49.5,49.5,214,238
2024-09-16 12:16:00,49.5,49.5,211,239
2024-09-16 12:18:00,49.6,49.5,211,238
2024-09-16 12:20:00,49.5,49.5,213,238
2024-09-16 12:22:00,49.8,49.7,211,239
2024-09-16 12:24:00,49.8,49.8,211,239
2024-09-16 12:26:00,49.9,49.8,212,238
2024-09-16 12:28:00,50.0,49.9,213,238
2024-09-16 12:30:00,49.9,49.8,214,238
2024-09-16 12:32:00,49.6,49.7,211,240
2024-09-16 12:34:00,49.7,49.7,211,238
2024-09-16 12:36:00,49.6,49.5,209,240
2024-09-16 12:38:00,49.6,49.6,211,243
2024-09-16 12:40:00,49.8,49.8,209,244
2024-09-16 12:42:00,49.3,49.3,209,243
2024-09-16 12:44:00,49.4,49.3,212,241
2024-09-16 12:46:00,49.3,49.4,214,238
2024-09-16 12:48:00,49.3,49.3,211,239
2024-09-16 12:50:00,49.3,49.3,209,240
2024-09-16 12:52:00,49.5,49.4,210,242
2024-09-16 12:54:00,49.6,49.5,211,240
2024-09-16 12:56:00,49.2,49.2,209,244
2024-09-16 12:58:00,49.0,49.0,209,245
2024-09-16 13:00:00,49.1,49.3,211,245
2024-09-16 13:02:00,49.3,49.3,210,245
2024-09-16 13:04:00,49.2,49.1,207,243
2024-09-16 13:06:00,49.0,49.1,206,244
2024-09-16 13:08:00,49.1,49.1,204,244
2024-09-16 13:10:00,49.1,49.2,204,245
2024-09-16 13:12:00,49.1,49.1,207,243
2024-09-16 13:14:00,49.2,49.1,213,240
2024-09-16 13:16:00,49.3,49.3,210,239
2024-09-16 13:18:00,49.1,49.1,213,238
2024-09-16 13:20:00,49.1,49.0,213,239
2024-09-16 13:22:00,49.0,49.1,211,241
2024-09-16 13:24:00,49.1,49.1,211,240
2024-09-16 13:26:00,49.2,49.2,215,238
2024-09-16 13:28:00,49.1,49.2,214,238
2024-09-16 13:30:00,49.2,49.3,211,240
2024-09-16 13:32:00,49.1,49.2,211,240
2024-09-16 13:34:00,49.2,49.2,216,238
2024-09-16 13:36:00,49.2,49.2,211,242
2024-09-16 13:38:00,49.1,49.0,211,240
2024-09-16 13:40:00,49.0,49.1,212,240
2024-09-16 13:42:00,49.2,49.2,211,242
2024-09-16 13:44:00,49.1,49.1,210,241
2024-09-16 13:46:00,49.1,49.2,213,239
2024-09-16 13:48:00,49.2,49.3,213,239
2024-09-16 13:50:00,49.3,49.3,210,238
2024-09-16 13:52:00,49.2,49.3,211,238
2024-09-16 13:54:00,49.2,49.2,215,237
2024-09-16 13:56:00,49.3,49.3,215,236
2024-09-16 13:58:00,49.2,49.3,211,235
2024-09-16 14:00:00,49.4,49.4,214,236
2024-09-16 14:02:00,49.3,49.3,214,235
2024-09-16 14:04:00,49.5,49.5,214,234
2024-09-16 14:06:00,49.5,49.5,213,235
2024-09-16 14:08:00,49.6,49.6,215,235
2024-09-16 14:10:00,49.6,49.6,216,234
2024-09-16 14:12:00,49.6,49.6,216,236
2024-09-16 14:14:00,49.5,49.6,214,236
2024-09-16 14:16:00,49.5,49.5,214,238
2024-09-16 14:18:00,49.5,49.5,213,235
2024-09-16 14:20:00,49.8,49.8,212,236
2024-09-16 14:22:00,49.6,49.6,216,234
2024-09-16 14:24:00,50.0,50.0,214,236
2024-09-16 14:26:00,50.0,50.0,218,233
2024-09-16 14:28:00,50.1,50.1,216,234
2024-09-16 14:30:00,50.0,50.1,213,237
2024-09-16 14:32:00,49.7,49.8,212,234
2024-09-16 14:34:00,49.6,49.6,209,236
2024-09-16 14:36:00,49.6,49.7,209,238
2024-09-16 14:38:00,49.8,49.8,207,239
2024-09-16 14:40:00,50.0,50.0,210,239
2024-09-16 14:42:00,49.9,49.8,211,238
2024-09-16 14:44:00,49.8,49.8,210,240
2024-09-16 14:46:00,49.8,49.9,211,238
2024-09-16 14:48:00,49.8,49.9,211,238
2024-09-16 14:50:00,49.9,49.8,212,234
2024-09-16 14:52:00,49.4,49.4,209,238
2024-09-16 14:54:00,49.5,49.5,207,237
2024-09-16 14:56:00,49.3,49.3,212,238
2024-09-16 14:58:00,49.4,49.5,214,236
2024-09-16 15:00:00,49.5,49.4,209,240
2024-09-16 15:02:00,49.3,49.3,209,240
2024-09-16 15:04:00,49.3,49.3,211,239
2024-09-16 15:06:00,49.1,49.2,208,243
2024-09-16 15:08:00,49.4,49.3,209,239
2024-09-16 15:10:00,49.5,49.4,212,238
2024-09-16 15:12:00,49.5,49.4,212,235
2024-09-16 15:14:00,49.5,49.5,213,235
2024-09-16 15:16:00,49.6,49.6,212,234
2024-09-16 15:18:00,49.7,49.7,212,238
2024-09-16 15:20:00,49.6,49.6,209,239
2024-09-16 15:22:00,49.7,49.7,209,239
2024-09-16 15:24:00,49.7,49.8,211,238
2024-09-16 15:26:00,49.8,49.7,209,239
2024-09-16 15:28:00,49.6,49.7,209,240
2024-09-16 15:30:00,49.5,49.6,207,241
2024-09-16 15:32:00,49.5,49.6,209,241
2024-09-16 15:34:00,49.4,49.4,209,240
2024-09-16 15:36:00,49.6,49.6,209,242
2024-09-16 15:38:00,49.5,49.6,211,240
2024-09-16 15:40:00,49.6,49.6,208,243
2024-09-16 15:42:00,49.5,49.5,209,242
2024-09-16 15:44:00,49.6,49.5,209,243
2024-09-16 15:46:00,49.4,49.5,213,238
2024-09-16 15:48:00,49.5,49.5,210,239
2024-09-16 15:50:00,49.5,49.5,209,240
2024-09-16 15:52:00,49.5,49.6,211,240
2024-09-16 15:54:00,49.4,49.4,209,240
2024-09-16 15:56:00,49.4,49.3,205,242
2024-09-16 15:58:00,49.4,49.5,209,240
2024-09-16 16:00:00,49.5,49.5,211,239
2024-09-16 16:02:00,49.5,49.4,209,240
2024-09-16 16:04:00,49.7,49.7,209,239
2024-09-16 16:06:00,49.8,49.8,212,237
2024-09-16 16:08:00,49.7,49.7,211,236
2024-09-16 16:10:00,49.7,49.7,212,236
2024-09-16 16:12:00,49.9,49.8,214,236
2024-09-16 16:14:00,50.0,50.0,215,238
2024-09-16 16:16:00,49.9,49.9,215,236
2024-09-16 16:18:00,50.0,50.0,213,238
2024-09-16 16:20:00,50.1,50.1,216,237
2024-09-16 16:22:00,49.2,49.1,199,197
2024-09-16 16:24:00,49.5,49.5,197,204
2024-09-16 16:26:00,49.4,49.5,199,212
2024-09-16 16:28:00,49.8,49.8,199,205
2024-09-16 16:30:00,49.5,49.5,196,202
2024-09-16 16:32:00,49.8,49.8,198,204
2024-09-16 16:34:00,49.1,49.1,199,203
2024-09-16 16:36:00,49.5,49.5,199,207
2024-09-16 16:38:00,49.5,49.5,196,203
2024-09-16 16:40:00,49.6,49.6,200,200
2024-09-16 16:42:00,49.7,49.6,194,192
2024-09-16 16:44:00,49.7,49.7,199,197
2024-09-16 16:46:00,49.4,49.4,202,199
2024-09-16 16:48:00,49.4,49.4,199,196
2024-09-16 16:50:00,49.7,49.7,196,196
2024-09-16 16:52:00,49.7,49.7,197,197
2024-09-16 16:54:00,49.6,49.6,201,199
2024-09-16 16:56:00,49.3,49.3,199,199
2024-09-16 16:58:00,49.3,49.3,198,191
2024-09-16 17:00:00,49.3,49.3,200,193
2024-09-16 17:02:00,49.4,49.5,197,194
2024-09-16 17:04:00,49.4,49.4,199,197
2024-09-16 17:06:00,49.6,49.6,203,196
2024-09-16 17:08:00,49.4,49.4,199,194
2024-09-16 17:10:00,49.3,49.3,197,190
2024-09-16 17:12:00,49.5,49.4,199,194
2024-09-16 17:14:00,49.6,49.6,198,197
2024-09-16 17:16:00,49.3,49.3,201,202
2024-09-16 17:18:00,49.7,49.7,200,197
2024-09-16 17:20:00,49.7,49.7,201,198
2024-09-16 17:22:00,49.4,49.3,200,193
2024-09-16 17:24:00,49.3,49.3,199,197
2024-09-16 17:26:00,49.2,49.2,204,199
2024-09-16 17:28:00,49.5,49.5,203,206
2024-09-16 17:30:00,49.5,49.5,199,200
2024-09-16 17:32:00,49.7,49.8,195,199
2024-09-16 17:34:00,49.5,49.5,194,202
2024-09-16 17:36:00,49.5,49.5,197,203
2024-09-16 17:38:00,49.5,49.5,200,203
2024-09-16 17:40:00,49.5,49.5,199,201
2024-09-16 17:42:00,49.8,49.7,196,202
2024-09-16 17:44:00,49.4,49.4,199,198
2024-09-16 17:46:00,49.5,49.5,199,202
2024-09-16 17:48:00,49.2,49.3,199,203
2024-09-16 17:50:00,49.7,49.8,199,202
2024-09-16 17:52:00,49.4,49.3,197,199
2024-09-16 17:54:00,49.3,49.3,198,198
2024-09-16 17:56:00,49.3,49.2,199,198
2024-09-16 17:58:00,49.4,49.3,195,196
2024-09-16 18:00:00,49.5,49.6,202,199
2024-09-16 18:02:00,49.3,49.2,198,196
2024-09-16 18:04:00,49.3,49.3,197,192
2024-09-16 18:06:00,49.2,49.1,201,194
2024-09-16 18:08:00,50.9,50.9,201,204
2024-09-16 18:10:00,49.6,49.6,197,202
2024-09-16 18:12:00,49.4,49.4,199,202
2024-09-16 18:14:00,49.3,49.2,200,202
2024-09-16 18:16:00,49.4,49.4,198,202
2024-09-16 18:18:00,49.3,49.3,195,201
2024-09-16 18:20:00,49.5,49.6,197,197
2024-09-16 18:22:00,49.4,49.4,197,197
2024-09-16 18:24:00,49.2,49.1,198,193
2024-09-16 18:26:00,49.4,49.4,197,198
2024-09-16 18:28:00,4926,2457,0,0
2024-09-16 18:30:00,2179,6579,0,0
2024-09-16 18:32:00,2890,3584,0,0
2024-09-16 18:34:00,49.8,49.8,226,237
2024-09-16 18:36:00,49.8,49.7,219,240
2024-09-16 18:38:00,50.1,50.0,222,238
2024-09-16 18:40:00,50.1,50.1,224,233
2024-09-16 18:42:00,50.1,50.1,222,233
2024-09-16 18:44:00,50.0,50.0,222,234
2024-09-16 18:46:00,50.1,50.2,224,235
2024-09-16 18:48:00,50.2,50.2,222,236
2024-09-16 18:50:00,49.9,50.0,219,236
2024-09-16 18:52:00,50.1,50.1,223,233
2024-09-16 18:54:00,50.4,50.5,228,235
2024-09-16 18:56:00,50.5,50.6,226,239
2024-09-16 18:58:00,50.4,50.5,226,236
2024-09-16 19:00:00,50.0,50.1,216,239
2024-09-16 19:02:00,49.9,49.9,215,239
2024-09-16 19:04:00,49.9,50.0,215,238
2024-09-16 19:06:00,49.9,49.9,216,238
2024-09-16 19:08:00,50.0,50.0,213,243
2024-09-16 19:10:00,49.6,49.5,194,208
2024-09-16 19:12:00,49.5,49.6,192,208
2024-09-16 19:14:00,49.7,49.7,192,213
2024-09-16 19:16:00,49.5,49.4,190,210
2024-09-16 19:18:00,49.6,49.6,194,210
2024-09-16 19:20:00,49.5,49.5,192,210
2024-09-16 19:22:00,49.6,49.6,191,209
2024-09-16 19:24:00,49.5,49.5,192,206
2024-09-16 19:26:00,49.7,49.6,194,206
2024-09-16 19:28:00,49.6,49.5,193,206
2024-09-16 19:30:00,49.4,49.4,190,207
2024-09-16 19:32:00,49.3,49.3,190,200
2024-09-16 19:34:00,49.4,49.3,194,196
2024-09-16 19:36:00,49.3,49.3,190,198
2024-09-16 19:38:00,49.6,49.6,191,202
2024-09-16 19:40:00,49.7,49.6,192,204
2024-09-16 19:42:00,49.5,49.5,192,203
2024-09-16 19:44:00,49.4,49.4,188,202
2024-09-16 19:46:00,49.6,49.7,192,204
2024-09-16 19:48:00,49.5,49.5,192,207
2024-09-16 19:50:00,49.4,49.4,192,207
2024-09-16 19:52:00,49.6,49.6,189,206
2024-09-16 19:54:00,49.6,49.6,191,202
2024-09-16 19:56:00,49.7,49.6,193,204
2024-09-16 19:58:00,49.6,49.6,192,204
2024-09-16 20:00:00,49.6,49.6,194,200
2024-09-16 20:02:00,49.5,49.6,193,204
2024-09-16 20:04:00,49.6,49.5,194,207
2024-09-16 20:06:00,49.7,49.7,197,200
2024-09-16 20:08:00,49.3,49.4,198,203
2024-09-16 20:10:00,49.5,49.4,192,198
2024-09-16 20:12:00,49.6,49.6,194,201
2024-09-16 20:14:00,49.5,49.6,196,204
2024-09-16 20:16:00,49.6,49.6,192,199
2024-09-16 20:18:00,48.4,49.3,194,197
2024-09-16 20:20:00,49.6,49.6,196,199
2024-09-16 20:22:00,49.7,49.6,197,197
2024-09-16 20:24:00,49.4,49.5,194,196
2024-09-16 20:26:00,49.7,49.6,194,197
2024-09-16 20:28:00,49.4,49.5,194,197
2024-09-16 20:30:00,49.5,49.5,193,193
2024-09-16 20:32:00,49.5,49.6,194,190
2024-09-16 20:34:00,49.3,49.2,193,192
2024-09-16 20:36:00,49.3,49.4,192,194
2024-09-16 20:38:00,49.3,49.4,191,194
2024-09-16 20:40:00,49.3,49.3,195,196
2024-09-16 20:42:00,49.6,49.6,190,196
2024-09-16 20:44:00,49.6,49.5,192,194
2024-09-16 20:46:00,49.7,49.7,194,197
2024-09-16 20:48:00,49.7,49.7,197,194
2024-09-16 20:50:00,49.4,49.5,195,198
2024-09-16 20:52:00,49.4,49.5,194,201
2024-09-16 20:54:00,49.3,49.3,190,203
2024-09-16 20:56:00,49.5,49.5,198,200
2024-09-16 20:58:00,49.5,49.5,198,199
2024-09-16 21:00:00,49.5,49.5,197,199
2024-09-16 21:02:00,49.6,49.6,194,202
2024-09-16 21:04:00,49.6,49.6,197,202
2024-09-16 21:06:00,49.8,49.8,199,204
2024-09-16 21:08:00,49.5,49.5,194,208
2024-09-16 21:10:00,49.2,49.3,196,207
2024-09-16 21:12:00,49.5,49.5,197,207
2024-09-16 21:14:00,49.5,49.5,199,205
2024-09-16 21:16:00,49.7,49.6,195,205
2024-09-16 21:18:00,49.8,49.8,194,207
2024-09-16 21:20:00,49.7,49.7,197,204
2024-09-16 21:22:00,49.6,49.6,197,210
2024-09-16 21:24:00,49.6,49.6,195,209
2024-09-16 21:26:00,49.7,49.7,197,210
2024-09-16 21:28:00,49.6,49.6,199,204
2024-09-16 21:30:00,49.3,49.4,198,205
2024-09-16 21:32:00,49.3,49.3,199,207
2024-09-16 21:34:00,49.6,49.5,197,209
2024-09-16 21:36:00,49.6,49.7,200,209
2024-09-16 21:38:00,49.8,49.8,201,205
2024-09-16 21:40:00,49.7,49.7,197,211
2024-09-16 21:42:00,49.8,49.8,196,209
2024-09-16 21:44:00,49.8,49.8,198,211
2024-09-16 21:46:00,49.5,49.5,197,211
2024-09-16 21:48:00,49.5,49.5,196,210
2024-09-16 21:50:00,49.9,49.9,197,210
2024-09-16 21:52:00,49.7,49.6,201,207
2024-09-16 21:54:00,49.7,49.6,195,211
2024-09-16 21:56:00,49.8,49.8,194,211
2024-09-16 21:58:00,50.0,50.0,199,212
2024-09-16 22:00:00,49.7,49.8,202,213
2024-09-16 22:02:00,49.5,49.4,196,211
2024-09-16 22:04:00,50.0,50.0,199,215
2024-09-16 22:06:00,49.9,49.9,198,214
2024-09-16 22:08:00,49.7,49.7,200,214
2024-09-16 22:10:00,49.8,49.8,195,212
2024-09-16 22:12:00,49.8,49.8,200,213
2024-09-16 22:14:00,49.7,49.7,199,213
2024-09-16 22:16:00,49.4,49.4,198,214
2024-09-16 22:18:00,49.8,49.8,202,213
2024-09-16 22:20:00,49.6,49.6,197,214
2024-09-16 22:22:00,49.6,49.7,199,217
2024-09-16 22:24:00,49.9,50.0,202,216
2024-09-16 22:26:00,49.8,49.8,199,214
2024-09-16 22:28:00,49.7,49.7,196,215
2024-09-16 22:30:00,49.8,49.9,199,216
2024-09-16 22:32:00,50.0,50.0,203,219
2024-09-16 22:34:00,50.1,50.1,200,217
2024-09-16 22:36:00,50.2,50.1,200,216
2024-09-16 22:38:00,49.8,49.7,204,211
2024-09-16 22:40:00,49.9,49.9,202,209
2024-09-16 22:42:00,49.6,49.7,197,214
2024-09-16 22:44:00,50.2,50.2,202,216
2024-09-16 22:46:00,50.0,50.0,203,216
2024-09-16 22:48:00,50.0,50.0,202,217
2024-09-16 22:50:00,50.0,50.0,203,218
2024-09-16 22:52:00,49.9,49.8,202,216
2024-09-16 22:54:00,49.8,49.8,203,216
2024-09-16 22:56:00,50.3,50.3,205,218
2024-09-16 22:58:00,50.0,50.0,202,216
2024-09-16 23:00:00,49.8,49.8,200,216
2024-09-16 23:02:00,49.7,49.7,204,212
2024-09-16 23:04:00,50.0,50.0,201,214
2024-09-16 23:06:00,50.1,50.2,201,213
2024-09-16 23:08:00,49.9,49.9,204,215
2024-09-16 23:10:00,50.0,50.0,204,217
2024-09-16 23:12:00,49.7,49.7,199,219
2024-09-16 23:14:00,50.0,49.9,202,219
2024-09-16 23:16:00,50.1,50.1,207,216
2024-09-16 23:18:00,49.9,49.9,207,216
2024-09-16 23:20:00,49.8,49.8,201,217
2024-09-16 23:22:00,49.8,49.8,202,219
2024-09-16 23:24:00,49.6,49.6,204,219
2024-09-16 23:26:00,49.9,49.9,202,220
2024-09-16 23:28:00,50.2,50.2,201,221
2024-09-16 23:30:00,50,50.0,203,221
2024-09-16 23:32:00,49.9,49.9,203,221
2024-09-16 23:34:00,49.8,49.9,201,222
2024-09-16 23:36:00,50.0,50.0,203,222
2024-09-16 23:38:00,50.1,50.1,204,223
2024-09-16 23:40:00,50.1,50.1,204,223
2024-09-16 23:42:00,50.1,50.2,203,223
2024-09-16 23:44:00,50.2,50.2,203,223
2024-09-16 23:46:00,50.0,50.0,204,223
2024-09-16 23:48:00,49.7,49.7,206,222
2024-09-16 23:50:00,50.1,50.1,204,223
2024-09-16 23:52:00,50.2,50.3,204,224
2024-09-16 23:54:00,50.2,50.2,207,226
2024-09-16 23:56:00,49.8,49.8,203,226
2024-09-16 23:58:00,49.7,49.7,202,224