"Time","Frequency A27FD0AE (Ch Matanda - Control room)","Frequency E62B2EA3 (Ch Matanda - Radiologie)","Voltage A27FD0AE (Ch Matanda - Control room)","Voltage E62B2EA3 (Ch Matanda - Radiologie)"
2023-01-08 00:00:00,49.8,49.9,228,228
2023-01-08 00:02:00,49.8,49.8,228,228
2023-01-08 00:04:00,49.8,49.8,228,228
2023-01-08 00:06:00,50.1,50.1,224,224
2023-01-08 00:08:00,50.0,50.0,228,228
2023-01-08 00:10:00,50.0,50.0,228,228
2023-01-08 00:12:00,50.0,50.0,228,228
2023-01-08 00:14:00,50.0,49.9,224,224
2023-01-08 00:16:00,49.9,49.9,228,228
2023-01-08 00:18:00,49.9,49.9,225,224
2023-01-08 00:20:00,50.0,50.0,228,228
2023-01-08 00:22:00,49.9,49.9,228,228
2023-01-08 00:24:00,50.0,50.0,228,228
2023-01-08 00:26:00,50.0,50.0,228,228
2023-01-08 00:28:00,50.1,50.2,228,228
2023-01-08 00:30:00,50.2,50.1,226,226
2023-01-08 00:32:00,50.0,50.0,228,228
2023-01-08 00:34:00,49.9,49.9,223,223
2023-01-08 00:36:00,50.0,50.0,226,227
2023-01-08 00:38:00,49.9,49.9,228,228
2023-01-08 00:40:00,49.9,49.9,228,228
2023-01-08 00:42:00,49.9,49.9,228,228
2023-01-08 00:44:00,50.0,50.0,229,229
2023-01-08 00:46:00,49.9,49.9,229,229
2023-01-08 00:48:00,50.0,50,229,229
2023-01-08 00:50:00,49.9,49.9,229,229
2023-01-08 00:52:00,50.0,50.0,228,229
2023-01-08 00:54:00,50.1,50.1,229,229
2023-01-08 00:56:00,49.9,49.9,229,229
2023-01-08 00:58:00,50.0,50.0,228,229
2023-01-08 01:00:00,49.9,50.0,231,231
2023-01-08 01:02:00,49.9,49.9,228,228
2023-01-08 01:04:00,50.0,49.9,228,228
2023-01-08 01:06:00,50.0,50.0,228,229
2023-01-08 01:08:00,50.0,50.0,228,229
2023-01-08 01:10:00,50.0,50.0,228,228
2023-01-08 01:12:00,49.9,49.9,228,228
2023-01-08 01:14:00,50.0,50.0,228,228
2023-01-08 01:16:00,50.0,50.0,228,228
2023-01-08 01:18:00,50.1,50.0,228,228
2023-01-08 01:20:00,49.9,49.9,228,228
2023-01-08 01:22:00,49.9,49.9,228,228
2023-01-08 01:24:00,49.9,49.9,228,228
2023-01-08 01:26:00,50.1,50.1,228,228
2023-01-08 01:28:00,50.0,50.0,228,228
2023-01-08 01:30:00,49.9,49.9,228,228
2023-01-08 01:32:00,49.9,49.9,228,228
2023-01-08 01:34:00,50.0,50.1,228,228
2023-01-08 01:36:00,50.0,50.0,228,228
2023-01-08 01:38:00,50.0,50.0,228,228
2023-01-08 01:40:00,50.0,50.0,228,228
2023-01-08 01:42:00,50.0,50.0,228,228
2023-01-08 01:44:00,50.3,50.3,228,228
2023-01-08 01:46:00,50.1,50.1,228,228
2023-01-08 01:48:00,49.9,49.9,228,229
2023-01-08 01:50:00,50.1,50.1,228,228
2023-01-08 01:52:00,50.0,50.0,228,228
2023-01-08 01:54:00,50.1,50.1,228,229
2023-01-08 01:56:00,50.0,50.0,229,229
2023-01-08 01:58:00,50.0,50.0,229,229
2023-01-08 02:00:00,49.9,49.9,228,228
2023-01-08 02:02:00,49.9,49.9,228,229
2023-01-08 02:04:00,49.8,49.9,228,228
2023-01-08 02:06:00,49.9,49.9,228,228
2023-01-08 02:08:00,50.1,50.0,228,229
2023-01-08 02:10:00,50.1,50.0,228,228
2023-01-08 02:12:00,50.1,50.0,227,227
2023-01-08 02:14:00,49.9,49.9,226,227
2023-01-08 02:16:00,49.9,50.0,228,228
2023-01-08 02:18:00,50.0,50.0,228,228
2023-01-08 02:20:00,50.0,50.0,228,228
2023-01-08 02:22:00,50.0,50.0,228,228
2023-01-08 02:24:00,50.0,50.0,228,228
2023-01-08 02:26:00,49.9,49.9,228,228
2023-01-08 02:28:00,49.9,49.9,228,228
2023-01-08 02:30:00,50.0,49.9,228,228
2023-01-08 02:32:00,50.0,50.0,228,228
2023-01-08 02:34:00,50.1,50.1,228,228
2023-01-08 02:36:00,50.0,50.0,228,228
2023-01-08 02:38:00,50.0,50.0,229,229
2023-01-08 02:40:00,49.9,50.0,228,228
2023-01-08 02:42:00,50.0,50.0,228,228
2023-01-08 02:44:00,50.1,50.1,231,231
2023-01-08 02:46:00,49.8,49.9,231,231
2023-01-08 02:48:00,50.0,50.1,231,231
2023-01-08 02:50:00,49.9,49.9,231,231
2023-01-08 02:52:00,50.2,50.2,229,230
2023-01-08 02:54:00,49.9,50.0,229,229
2023-01-08 02:56:00,50.0,50.0,230,230
2023-01-08 02:58:00,50.0,50,230,230
2023-01-08 03:00:00,50.1,50.1,229,229
2023-01-08 03:02:00,50.0,50.0,229,229
2023-01-08 03:04:00,50.0,50,229,229
2023-01-08 03:06:00,49.8,49.8,229,229
2023-01-08 03:08:00,50.0,50.0,229,229
2023-01-08 03:10:00,50.0,50.0,229,229
2023-01-08 03:12:00,50.1,50.1,227,227
2023-01-08 03:14:00,50.0,49.9,228,228
2023-01-08 03:16:00,50.1,50.1,228,228
2023-01-08 03:18:00,50.0,50.0,228,228
2023-01-08 03:20:00,49.9,49.9,228,228
2023-01-08 03:22:00,50.0,49.9,229,229
2023-01-08 03:24:00,49.8,49.8,229,229
2023-01-08 03:26:00,49.9,49.9,229,229
2023-01-08 03:28:00,50.0,50.0,229,230
2023-01-08 03:30:00,49.9,50.0,229,229
2023-01-08 03:32:00,49.9,50.0,229,229
2023-01-08 03:34:00,49.9,49.8,229,229
2023-01-08 03:36:00,50.0,50.0,229,229
2023-01-08 03:38:00,50.0,50.0,231,231
2023-01-08 03:40:00,49.8,49.9,231,231
2023-01-08 03:42:00,49.9,49.9,231,231
2023-01-08 03:44:00,50.0,50.0,231,231
2023-01-08 03:46:00,50.0,50.0,231,231
2023-01-08 03:48:00,50.2,50.3,231,231
2023-01-08 03:50:00,50.0,49.9,231,231
2023-01-08 03:52:00,50.0,50,231,231
2023-01-08 03:54:00,49.9,49.9,231,231
2023-01-08 03:56:00,50.0,49.9,229,229
2023-01-08 03:58:00,50.1,50.1,230,230
2023-01-08 04:00:00,50.0,50.1,229,229
2023-01-08 04:02:00,50.0,50.0,229,229
2023-01-08 04:04:00,49.8,49.9,229,230
2023-01-08 04:06:00,50.1,50.1,229,230
2023-01-08 04:08:00,50.0,50.0,227,227
2023-01-08 04:10:00,49.9,49.9,228,228
2023-01-08 04:12:00,50.0,49.9,228,228
2023-01-08 04:14:00,49.9,49.9,227,227
2023-01-08 04:16:00,49.9,49.9,227,227
2023-01-08 04:18:00,49.9,50.0,227,227
2023-01-08 04:20:00,50.0,50.1,227,227
2023-01-08 04:22:00,49.9,49.9,227,228
2023-01-08 04:24:00,49.8,49.8,227,227
2023-01-08 04:26:00,50.0,50.0,228,228
2023-01-08 04:28:00,50.2,50.2,229,229
2023-01-08 04:30:00,49.8,49.8,228,228
2023-01-08 04:32:00,50.1,50.0,231,231
2023-01-08 04:34:00,49.9,49.9,231,231
2023-01-08 04:36:00,50.0,50.1,231,231
2023-01-08 04:38:00,50.2,50.2,231,231
2023-01-08 04:40:00,49.8,49.8,231,231
2023-01-08 04:42:00,50.0,50.1,231,231
2023-01-08 04:44:00,49.9,49.9,230,231
2023-01-08 04:46:00,50.1,50.1,231,231
2023-01-08 04:48:00,49.9,49.9,231,231
2023-01-08 04:50:00,50.0,50.0,231,231
2023-01-08 04:52:00,50.1,50.1,231,231
2023-01-08 04:54:00,50.0,50.0,231,231
2023-01-08 04:56:00,49.8,49.8,229,229
2023-01-08 04:58:00,49.8,49.8,229,229
2023-01-08 05:00:00,50.2,50.2,230,230
2023-01-08 05:02:00,49.8,49.7,229,230
2023-01-08 05:04:00,49.9,49.9,230,230
2023-01-08 05:06:00,49.9,49.9,229,229
2023-01-08 05:08:00,50.1,50.0,227,227
2023-01-08 05:10:00,49.6,49.7,227,227
2023-01-08 05:12:00,50.0,50.0,228,228
2023-01-08 05:14:00,50.1,50,228,228
2023-01-08 05:16:00,50.1,50.1,228,228
2023-01-08 05:18:00,50.0,50.1,228,228
2023-01-08 05:20:00,49.9,49.8,227,227
2023-01-08 05:22:00,49.9,49.8,227,227
2023-01-08 05:24:00,50.2,50.2,227,227
2023-01-08 05:26:00,49.8,49.9,227,227
2023-01-08 05:28:00,50.0,50.0,228,228
2023-01-08 05:30:00,49.9,49.9,230,230
2023-01-08 05:32:00,50.0,50.0,230,231
2023-01-08 05:34:00,50.0,49.9,230,230
2023-01-08 05:36:00,49.9,49.9,230,230
2023-01-08 05:38:00,49.9,49.9,230,230
2023-01-08 05:40:00,49.9,49.8,230,230
2023-01-08 05:42:00,49.9,49.9,230,230
2023-01-08 05:44:00,50.0,50.0,230,230
2023-01-08 05:46:00,50.0,50.0,229,230
2023-01-08 05:48:00,49.9,50.0,229,229
2023-01-08 05:50:00,50.0,50.0,229,229
2023-01-08 05:52:00,49.7,49.7,230,230
2023-01-08 05:54:00,50.0,50.0,229,230
2023-01-08 05:56:00,50.2,50.2,229,229
2023-01-08 05:58:00,49.8,49.8,228,229
2023-01-08 06:00:00,49.8,49.8,227,228
2023-01-08 06:02:00,50.0,50.0,227,228
2023-01-08 06:04:00,50.0,50.0,227,227
2023-01-08 06:06:00,49.8,49.8,227,227
2023-01-08 06:08:00,50.0,50.0,227,227
2023-01-08 06:10:00,50.0,50.0,226,226
2023-01-08 06:12:00,49.9,49.9,226,226
2023-01-08 06:14:00,50.0,50.0,226,226
2023-01-08 06:16:00,50.0,50,226,226
2023-01-08 06:18:00,50.0,49.9,224,224
2023-01-08 06:20:00,50.1,50.1,214,214
2023-01-08 06:22:00,49.6,49.7,213,214
2023-01-08 06:24:00,50.0,50.0,214,214
2023-01-08 06:26:00,50.0,50.0,214,215
2023-01-08 06:28:00,50.0,49.9,215,216
2023-01-08 06:30:00,50.0,50.0,218,218
2023-01-08 06:32:00,49.9,50.0,223,223
2023-01-08 06:34:00,50.0,50.0,222,223
2023-01-08 06:36:00,49.9,49.9,222,222
2023-01-08 06:38:00,50.0,49.9,220,220
2023-01-08 06:40:00,49.9,49.9,219,220
2023-01-08 06:42:00,50.0,50.0,219,219
2023-01-08 06:44:00,50.0,50.0,228,228
2023-01-08 06:46:00,50.0,49.9,223,223
2023-01-08 06:48:00,49.8,49.8,220,220
2023-01-08 06:50:00,49.8,49.8,221,221
2023-01-08 06:52:00,50.1,50.1,219,219
2023-01-08 06:54:00,50.0,50,214,214
2023-01-08 06:56:00,50.2,50.1,214,214
2023-01-08 06:58:00,50.0,50.0,217,218
2023-01-08 07:00:00,49.7,49.8,218,218
2023-01-08 07:02:00,49.7,49.8,218,218
2023-01-08 07:04:00,50.1,50.2,216,216
2023-01-08 07:06:00,49.7,49.8,222,222
2023-01-08 07:08:00,50.0,50.0,223,223
2023-01-08 07:10:00,50.0,50.0,223,223
2023-01-08 07:12:00,50.0,49.9,220,220
2023-01-08 07:14:00,49.9,49.8,221,221
2023-01-08 07:16:00,50.0,49.8,220,220
2023-01-08 07:18:00,50.0,50.1,219,219
2023-01-08 07:20:00,50.1,50.1,221,221
2023-01-08 07:22:00,49.9,49.8,220,221
2023-01-08 07:24:00,49.8,49.8,220,220
2023-01-08 07:26:00,49.8,49.8,220,220
2023-01-08 07:28:00,50.1,50.1,219,219
2023-01-08 07:30:00,50.0,50.0,218,218
2023-01-08 07:32:00,50.0,49.9,219,219
2023-01-08 07:34:00,50.1,50.1,224,224
2023-01-08 07:36:00,50.1,50.2,223,224
2023-01-08 07:38:00,50.2,50.1,225,225
2023-01-08 07:40:00,49.9,49.9,223,225
2023-01-08 07:42:00,50.1,50.2,224,225
2023-01-08 07:44:00,50.7,50.7,225,225
2023-01-08 07:46:00,49.9,49.9,224,225
2023-01-08 07:48:00,49.7,49.7,225,225
2023-01-08 07:50:00,49.6,49.7,223,224
2023-01-08 07:52:00,50.6,50.6,223,223
2023-01-08 07:54:00,50.1,50.0,223,223
2023-01-08 07:56:00,49.5,49.6,222,223
2023-01-08 07:58:00,50.2,50.1,225,225
2023-01-08 08:00:00,50.1,50.1,223,223
2023-01-08 08:02:00,50.3,50.3,221,222
2023-01-08 08:04:00,50.0,50.1,221,221
2023-01-08 08:06:00,49.8,49.8,220,220
2023-01-08 08:08:00,49.7,49.7,219,220
2023-01-08 08:10:00,50.0,50.0,220,221
2023-01-08 08:12:00,50.0,50.0,219,220
2023-01-08 08:14:00,50.0,49.9,221,221
2023-01-08 08:16:00,49.9,49.8,220,221
2023-01-08 08:18:00,49.9,50.0,217,217
2023-01-08 08:20:00,49.7,49.6,211,210
2023-01-08 08:22:00,50.2,50.2,214,214
2023-01-08 08:24:00,50.3,50.3,211,211
2023-01-08 08:26:00,50.1,50.1,211,211
2023-01-08 08:28:00,50.4,50.3,216,214
2023-01-08 08:30:00,50.2,50.2,219,220
2023-01-08 08:32:00,50.3,50.3,216,216
2023-01-08 08:34:00,49.8,49.8,217,216
2023-01-08 08:36:00,49.9,49.8,219,219
2023-01-08 08:38:00,50.0,50.1,221,221
2023-01-08 08:40:00,49.8,49.8,218,218
2023-01-08 08:42:00,49.5,49.5,222,221
2023-01-08 08:44:00,49.8,49.8,221,221
2023-01-08 08:46:00,49.7,49.7,222,222
2023-01-08 08:48:00,49.8,49.8,221,221
2023-01-08 08:50:00,50.2,50.2,223,223
2023-01-08 08:52:00,49.8,49.8,223,223
2023-01-08 08:54:00,49.7,49.8,221,221
2023-01-08 08:56:00,49.7,49.7,219,219
2023-01-08 08:58:00,49.6,49.6,219,219
2023-01-08 09:00:00,50,50.0,221,221
2023-01-08 09:02:00,50.2,50.2,220,221
2023-01-08 09:04:00,50.0,50.0,219,220
2023-01-08 09:06:00,50.0,50.0,218,218
2023-01-08 09:08:00,50.3,50.2,219,219
2023-01-08 09:10:00,50.1,50.2,219,219
2023-01-08 09:12:00,49.8,49.8,216,217
2023-01-08 09:14:00,50.1,50.2,217,218
2023-01-08 09:16:00,50.0,50.0,219,219
2023-01-08 09:18:00,50.1,50.1,218,218
2023-01-08 09:20:00,49.8,49.8,219,218
2023-01-08 09:22:00,49.9,49.8,220,220
2023-01-08 09:24:00,50.1,50.0,221,221
2023-01-08 09:26:00,50.0,50.0,222,223
2023-01-08 09:28:00,49.8,49.9,223,223
2023-01-08 09:30:00,50.0,50.0,223,222
2023-01-08 09:32:00,49.7,49.8,221,221
2023-01-08 09:34:00,49.7,49.9,221,221
2023-01-08 09:36:00,50.2,50.2,221,221
2023-01-08 09:38:00,50.0,50.1,222,222
2023-01-08 09:40:00,50.1,50.1,223,223
2023-01-08 09:42:00,50.2,50.1,219,219
2023-01-08 09:44:00,50.1,50.1,222,222
2023-01-08 09:46:00,50.3,50.3,221,222
2023-01-08 09:48:00,49.8,50.0,222,222
2023-01-08 09:50:00,50.1,50.2,224,224
2023-01-08 09:52:00,49.6,49.7,222,222
2023-01-08 09:54:00,50.1,50.1,223,223
2023-01-08 09:56:00,49.6,49.7,222,222
2023-01-08 09:58:00,50,50.0,219,220
2023-01-08 10:00:00,49.9,49.8,221,221
2023-01-08 10:02:00,49.7,49.8,221,221
2023-01-08 10:04:00,49.7,49.7,219,219
2023-01-08 10:06:00,49.9,49.9,220,221
2023-01-08 10:08:00,49.9,49.8,223,223
2023-01-08 10:10:00,50.1,50.0,221,221
2023-01-08 10:12:00,50.2,49.9,221,221
2023-01-08 10:14:00,49.9,50.0,223,223
2023-01-08 10:16:00,50.0,50.0,221,221
2023-01-08 10:18:00,49.8,49.8,223,223
2023-01-08 10:20:00,50.1,50.0,221,221
2023-01-08 10:22:00,50.2,50.3,222,223
2023-01-08 10:24:00,49.9,49.9,221,221
2023-01-08 10:26:00,50.1,50.2,220,220
2023-01-08 10:28:00,49.9,50.0,220,221
2023-01-08 10:30:00,49.6,49.7,217,218
2023-01-08 10:32:00,49.8,49.9,218,218
2023-01-08 10:34:00,50.5,50.4,217,218
2023-01-08 10:36:00,50.1,50.1,219,219
2023-01-08 10:38:00,50.2,50.1,219,219
2023-01-08 10:40:00,49.9,49.8,219,219
2023-01-08 10:42:00,50.2,50.3,218,219
2023-01-08 10:44:00,49.9,49.9,221,221
2023-01-08 10:46:00,50.8,50.8,221,221
2023-01-08 10:48:00,50.1,50.1,221,221
2023-01-08 10:50:00,50.2,50.2,224,224
2023-01-08 10:52:00,49.8,50.0,223,223
2023-01-08 10:54:00,50.2,50.2,223,224
2023-01-08 10:56:00,50.1,50.0,223,223
2023-01-08 10:58:00,49.9,50.0,223,223
2023-01-08 11:00:00,49.8,49.8,222,223
2023-01-08 11:02:00,49.8,49.8,223,223
2023-01-08 11:04:00,50.0,50.0,223,223
2023-01-08 11:06:00,50.0,50.0,223,223
2023-01-08 11:08:00,50.2,50.2,221,222
2023-01-08 11:10:00,50.2,50.2,217,217
2023-01-08 11:12:00,50.0,50.0,216,216
2023-01-08 11:14:00,50.1,50.1,216,216
2023-01-08 11:16:00,49.9,50.0,214,214
2023-01-08 11:18:00,49.9,49.9,215,215
2023-01-08 11:20:00,50.0,49.9,221,220
2023-01-08 11:22:00,49.9,49.9,221,220
2023-01-08 11:24:00,49.9,49.8,219,219
2023-01-08 11:26:00,50.0,50,219,219
2023-01-08 11:28:00,50.0,50.1,221,220
2023-01-08 11:30:00,50.1,50.0,220,219
2023-01-08 11:32:00,50,50.0,221,220
2023-01-08 11:34:00,50.0,50.0,220,220
2023-01-08 11:36:00,49.9,49.9,220,219
2023-01-08 11:38:00,50.0,50.0,221,220
2023-01-08 11:40:00,49.9,50.0,216,216
2023-01-08 11:42:00,49.8,50.0,220,219
2023-01-08 11:44:00,49.9,49.8,216,215
2023-01-08 11:46:00,50.1,50.1,220,220
2023-01-08 11:48:00,49.9,50.0,221,220
2023-01-08 11:50:00,50.3,50.3,220,220
2023-01-08 11:52:00,50.1,50.0,216,216
2023-01-08 11:54:00,49.7,49.7,221,221
2023-01-08 11:56:00,50.0,50.0,222,222
2023-01-08 11:58:00,49.7,49.7,223,222
2023-01-08 12:00:00,49.8,49.9,223,222
2023-01-08 12:02:00,50.1,50.0,221,221
2023-01-08 12:04:00,50.1,50.2,221,221
2023-01-08 12:06:00,49.9,49.8,221,220
2023-01-08 12:08:00,50.0,50,221,221
2023-01-08 12:10:00,50.0,50.0,220,220
2023-01-08 12:12:00,49.9,50.0,220,220
2023-01-08 12:14:00,50.0,49.9,221,221
2023-01-08 12:16:00,49.9,49.9,220,219
2023-01-08 12:18:00,49.6,49.6,221,221
2023-01-08 12:20:00,49.9,49.9,221,221
2023-01-08 12:22:00,49.9,50.0,221,221
2023-01-08 12:24:00,50.1,50.0,220,221
2023-01-08 12:26:00,49.8,49.9,219,220
2023-01-08 12:28:00,49.8,49.8,218,219
2023-01-08 12:30:00,50.0,49.8,221,221
2023-01-08 12:32:00,50.0,50.1,221,221
2023-01-08 12:34:00,50.1,50.1,221,221
2023-01-08 12:36:00,49.8,49.9,221,222
2023-01-08 12:38:00,50.2,50.3,221,221
2023-01-08 12:40:00,50.1,50.2,221,221
2023-01-08 12:42:00,50.0,50.0,221,221
2023-01-08 12:44:00,49.7,49.7,219,220
2023-01-08 12:46:00,49.6,49.7,220,221
2023-01-08 12:48:00,49.8,49.7,221,221
2023-01-08 12:50:00,49.9,49.8,221,221
2023-01-08 12:52:00,49.8,49.8,223,223
2023-01-08 12:54:00,49.8,49.8,222,223
2023-01-08 12:56:00,50.4,50.4,223,222
2023-01-08 12:58:00,50.2,50.1,222,222
2023-01-08 13:00:00,50.0,49.9,222,223
2023-01-08 13:02:00,50.1,50.1,223,223
2023-01-08 13:04:00,50.0,50.1,223,222
2023-01-08 13:06:00,50.1,50.1,223,223
2023-01-08 13:08:00,50.0,50.0,222,222
2023-01-08 13:10:00,50.2,50.1,222,223
2023-01-08 13:12:00,49.9,49.8,221,222
2023-01-08 13:14:00,49.8,49.9,222,223
2023-01-08 13:16:00,50.0,50.0,219,219
2023-01-08 13:18:00,49.9,49.9,220,220
2023-01-08 13:20:00,49.8,49.8,219,218
2023-01-08 13:22:00,49.9,50.0,221,221
2023-01-08 13:24:00,50.0,50.0,219,220
2023-01-08 13:26:00,50.2,50.2,221,222
2023-01-08 13:28:00,49.9,49.9,221,221
2023-01-08 13:30:00,50.0,49.9,220,221
2023-01-08 13:32:00,49.9,49.9,219,219
2023-01-08 13:34:00,49.9,49.9,220,220
2023-01-08 13:36:00,50.0,50.1,220,220
2023-01-08 13:38:00,50.3,50.4,218,218
2023-01-08 13:40:00,50.2,50.2,218,219
2023-01-08 13:42:00,50.5,50.4,221,221
2023-01-08 13:44:00,50.1,50.1,220,220
2023-01-08 13:46:00,50.0,50.0,220,220
2023-01-08 13:48:00,50.0,50.0,221,221
2023-01-08 13:50:00,49.8,49.9,216,216
2023-01-08 13:52:00,49.6,49.7,217,217
2023-01-08 13:54:00,49.9,49.8,216,216
2023-01-08 13:56:00,50.0,50.0,214,213
2023-01-08 13:58:00,50.0,50.0,216,216
2023-01-08 14:00:00,50.0,49.8,218,219
2023-01-08 14:02:00,50.1,50.1,219,219
2023-01-08 14:04:00,50.1,50.1,219,219
2023-01-08 14:06:00,49.9,49.9,213,214
2023-01-08 14:08:00,49.5,49.7,216,216
2023-01-08 14:10:00,49.8,49.7,216,219
2023-01-08 14:12:00,49.8,49.8,217,218
2023-01-08 14:14:00,50.2,50.1,218,217
2023-01-08 14:16:00,50.0,50.0,216,218
2023-01-08 14:18:00,49.7,49.8,218,217
2023-01-08 14:20:00,50.0,49.9,218,219
2023-01-08 14:22:00,50.0,50.0,216,216
2023-01-08 14:24:00,49.9,50.1,219,219
2023-01-08 14:26:00,50.0,50.2,218,218
2023-01-08 14:28:00,49.8,49.8,216,216
2023-01-08 14:30:00,50.0,50.1,218,218
2023-01-08 14:32:00,49.7,49.9,217,217
2023-01-08 14:34:00,50.2,50.3,220,220
2023-01-08 14:36:00,50.0,50.0,219,219
2023-01-08 14:38:00,50.1,50.2,215,215
2023-01-08 14:40:00,50.0,50.1,219,220
2023-01-08 14:42:00,49.9,50.0,221,219
2023-01-08 14:44:00,49.8,49.8,215,217
2023-01-08 14:46:00,50.0,50.0,220,221
2023-01-08 14:48:00,50.0,49.9,221,221
2023-01-08 14:50:00,50.2,50.1,211,212
2023-01-08 14:52:00,49.9,49.9,219,219
2023-01-08 14:54:00,50.1,50.1,220,220
2023-01-08 14:56:00,50.1,50.2,214,214
2023-01-08 14:58:00,50.0,50.0,216,219
2023-01-08 15:00:00,50.1,50.2,216,219
2023-01-08 15:02:00,50.2,50.1,220,220
2023-01-08 15:04:00,50.1,50.2,219,219
2023-01-08 15:06:00,49.6,49.7,219,219
2023-01-08 15:08:00,49.8,49.8,220,221
2023-01-08 15:10:00,49.8,49.9,219,219
2023-01-08 15:12:00,49.9,50.0,217,217
2023-01-08 15:14:00,49.8,49.8,219,219
2023-01-08 15:16:00,50.0,50,220,220
2023-01-08 15:18:00,50.0,49.8,217,217
2023-01-08 15:20:00,49.9,49.9,219,219
2023-01-08 15:22:00,49.8,49.8,220,220
2023-01-08 15:24:00,50.1,50.2,216,216
2023-01-08 15:26:00,50.0,50.0,219,219
2023-01-08 15:28:00,50.0,50.1,218,219
2023-01-08 15:30:00,49.8,49.7,215,216
2023-01-08 15:32:00,49.7,49.6,215,214
2023-01-08 15:34:00,49.8,49.8,217,218
2023-01-08 15:36:00,50.0,50.0,219,219
2023-01-08 15:38:00,50.2,50.1,219,220
2023-01-08 15:40:00,49.9,49.8,219,216
2023-01-08 15:42:00,50.0,50.1,220,220
2023-01-08 15:44:00,50.2,50.2,221,221
2023-01-08 15:46:00,49.9,49.9,221,221
2023-01-08 15:48:00,50.1,50.2,220,220
2023-01-08 15:50:00,50.0,50.1,220,220
2023-01-08 15:52:00,50.0,50.0,219,219
2023-01-08 15:54:00,50.1,50.0,219,219
2023-01-08 15:56:00,50.0,50.1,220,221
2023-01-08 15:58:00,50.0,50.0,221,221
2023-01-08 16:00:00,50.2,50.2,221,221
2023-01-08 16:02:00,50.2,50.1,221,221
2023-01-08 16:04:00,49.9,49.9,221,221
2023-01-08 16:06:00,49.7,49.7,221,221
2023-01-08 16:08:00,49.9,49.8,221,222
2023-01-08 16:10:00,50.1,50.1,221,222
2023-01-08 16:12:00,50.2,50.2,223,223
2023-01-08 16:14:00,49.9,50.0,222,222
2023-01-08 16:16:00,49.9,50.0,222,223
2023-01-08 16:18:00,50.3,50.3,223,223
2023-01-08 16:20:00,49.9,49.9,223,223
2023-01-08 16:22:00,49.9,49.9,222,223
2023-01-08 16:24:00,50.0,50.0,222,222
2023-01-08 16:26:00,50.2,50.2,223,223
2023-01-08 16:28:00,49.9,49.8,222,222
2023-01-08 16:30:00,50.2,50.1,222,222
2023-01-08 16:32:00,50.1,50.1,221,222
2023-01-08 16:34:00,49.8,49.8,221,221
2023-01-08 16:36:00,49.8,49.9,222,222
2023-01-08 16:38:00,49.7,49.7,221,221
2023-01-08 16:40:00,49.8,49.9,222,223
2023-01-08 16:42:00,50.0,50.0,222,223
2023-01-08 16:44:00,50.2,50.2,221,221
2023-01-08 16:46:00,50.0,49.9,221,222
2023-01-08 16:48:00,50.1,50.2,222,222
2023-01-08 16:50:00,50.0,50.0,221,222
2023-01-08 16:52:00,49.8,49.9,221,221
2023-01-08 16:54:00,50,50.0,221,221
2023-01-08 16:56:00,49.9,49.8,221,221
2023-01-08 16:58:00,49.9,49.8,221,221
2023-01-08 17:00:00,50.0,50.0,221,221
2023-01-08 17:02:00,50.0,50.0,222,222
2023-01-08 17:04:00,49.9,49.9,221,222
2023-01-08 17:06:00,50.0,50.0,223,223
2023-01-08 17:08:00,50.0,50.1,223,223
2023-01-08 17:10:00,49.8,49.8,223,223
2023-01-08 17:12:00,49.8,49.8,221,222
2023-01-08 17:14:00,49.9,49.8,223,223
2023-01-08 17:16:00,49.8,49.9,222,223
2023-01-08 17:18:00,50.1,50.1,223,223
2023-01-08 17:20:00,50.0,50.0,222,223
2023-01-08 17:22:00,50.0,50.0,222,223
2023-01-08 17:24:00,50.0,50.1,223,223
2023-01-08 17:26:00,49.9,49.9,222,223
2023-01-08 17:28:00,49.8,49.8,221,221
2023-01-08 17:30:00,49.8,49.8,221,222
2023-01-08 17:32:00,50.0,50.1,221,221
2023-01-08 17:34:00,50.0,50,221,221
2023-01-08 17:36:00,50.1,50.0,221,221
2023-01-08 17:38:00,49.9,49.8,221,221
2023-01-08 17:40:00,49.8,49.9,221,221
2023-01-08 17:42:00,49.9,49.9,221,221
2023-01-08 17:44:00,50.0,50.0,222,222
2023-01-08 17:46:00,50.0,50.0,222,223
2023-01-08 17:48:00,49.9,49.9,222,222
2023-01-08 17:50:00,49.9,49.9,222,222
2023-01-08 17:52:00,50.0,50.1,222,222
2023-01-08 17:54:00,49.9,49.8,222,223
2023-01-08 17:56:00,49.9,49.9,222,223
2023-01-08 17:58:00,49.7,49.7,222,223
2023-01-08 18:00:00,49.8,49.8,223,223
2023-01-08 18:02:00,50.0,49.9,223,223
2023-01-08 18:04:00,50.0,50.0,226,226
2023-01-08 18:06:00,50.0,50.1,224,224
2023-01-08 18:08:00,50.0,50.1,223,223
2023-01-08 18:10:00,49.9,49.9,223,223
2023-01-08 18:12:00,50.2,50.2,224,225
2023-01-08 18:14:00,50.4,50.4,225,226
2023-01-08 18:16:00,50.3,50.3,225,225
2023-01-08 18:18:00,50.5,50.5,224,224
2023-01-08 18:20:00,50.3,50.3,224,224
2023-01-08 18:22:00,50.2,50.2,223,223
2023-01-08 18:24:00,50.1,50.2,223,223
2023-01-08 18:26:00,50.1,50.1,223,223
2023-01-08 18:28:00,49.9,49.9,222,223
2023-01-08 18:30:00,50.0,50.0,221,222
2023-01-08 18:32:00,50.3,50.2,221,221
2023-01-08 18:34:00,50.4,50.4,220,220
2023-01-08 18:36:00,50.4,50.4,219,219
2023-01-08 18:38:00,50.2,50.2,218,219
2023-01-08 18:40:00,49.6,49.6,218,219
2023-01-08 18:42:00,49.8,49.8,219,219
2023-01-08 18:44:00,50.2,50.2,218,218
2023-01-08 18:46:00,50.1,50.1,218,218
2023-01-08 18:48:00,49.8,49.8,218,218
2023-01-08 18:50:00,49.9,49.9,216,216
2023-01-08 18:52:00,49.7,49.7,217,217
2023-01-08 18:54:00,49.9,49.9,218,218
2023-01-08 18:56:00,50.0,50.0,217,217
2023-01-08 18:58:00,50.0,50.0,216,217
2023-01-08 19:00:00,50.2,50.2,218,218
2023-01-08 19:02:00,50.2,50.2,216,217
2023-01-08 19:04:00,50.1,50.1,216,216
2023-01-08 19:06:00,50.0,50.1,217,217
2023-01-08 19:08:00,50.1,50.1,217,217
2023-01-08 19:10:00,50.1,50.0,215,215
2023-01-08 19:12:00,50.2,50.2,218,218
2023-01-08 19:14:00,49.7,49.6,216,216
2023-01-08 19:16:00,49.9,49.9,218,218
2023-01-08 19:18:00,50.0,50.0,215,215
2023-01-08 19:20:00,50.0,50.0,216,216
2023-01-08 19:22:00,50.0,50.0,218,218
2023-01-08 19:24:00,50.0,50.0,216,216
2023-01-08 19:26:00,50.1,50.1,218,218
2023-01-08 19:28:00,50.1,50.0,218,219
2023-01-08 19:30:00,50.0,50.1,219,219
2023-01-08 19:32:00,50.5,50.4,219,219
2023-01-08 19:34:00,50.1,50.1,219,220
2023-01-08 19:36:00,50.2,50.2,220,220
2023-01-08 19:38:00,50.1,50.1,219,220
2023-01-08 19:40:00,49.9,49.9,219,220
2023-01-08 19:42:00,50.0,50,218,219
2023-01-08 19:44:00,50.1,50.1,218,218
2023-01-08 19:46:00,50.1,50.1,218,218
2023-01-08 19:48:00,50.2,50.2,218,218
2023-01-08 19:50:00,50.1,50.2,218,218
2023-01-08 19:52:00,50.1,50.1,217,217
2023-01-08 19:54:00,50.2,50.1,218,218
2023-01-08 19:56:00,50.0,50.0,217,217
2023-01-08 19:58:00,50.1,50.2,219,219
2023-01-08 20:00:00,49.9,49.9,219,219
2023-01-08 20:02:00,50.0,50.0,219,219
2023-01-08 20:04:00,49.8,49.8,219,219
2023-01-08 20:06:00,49.9,49.9,219,219
2023-01-08 20:08:00,50.1,50.1,219,219
2023-01-08 20:10:00,49.8,49.9,219,219
2023-01-08 20:12:00,49.9,49.8,219,219
2023-01-08 20:14:00,49.7,49.7,219,219
2023-01-08 20:16:00,49.9,49.8,219,219
2023-01-08 20:18:00,49.9,49.8,218,218
2023-01-08 20:20:00,49.9,49.9,217,217
2023-01-08 20:22:00,49.9,49.9,220,221
2023-01-08 20:24:00,49.9,49.9,219,220
2023-01-08 20:26:00,50.1,50.1,220,221
2023-01-08 20:28:00,49.9,49.8,220,221
2023-01-08 20:30:00,49.7,49.7,220,220
2023-01-08 20:32:00,49.9,49.9,220,221
2023-01-08 20:34:00,50.0,50.0,220,220
2023-01-08 20:36:00,50.0,50.0,221,221
2023-01-08 20:38:00,49.9,49.9,219,220
2023-01-08 20:40:00,49.9,49.9,220,221
2023-01-08 20:42:00,49.9,49.9,219,219
2023-01-08 20:44:00,50.0,50.0,221,221
2023-01-08 20:46:00,50.0,50.0,221,221
2023-01-08 20:48:00,49.9,49.9,221,221
2023-01-08 20:50:00,49.8,49.8,221,221
2023-01-08 20:52:00,49.9,50.0,221,221
2023-01-08 20:54:00,49.9,49.9,220,221
2023-01-08 20:56:00,50.0,49.9,220,221
2023-01-08 20:58:00,50.1,50.0,221,221
2023-01-08 21:00:00,50.0,50.1,221,221
2023-01-08 21:02:00,50.1,50.1,219,220
2023-01-08 21:04:00,50.1,50.0,221,221
2023-01-08 21:06:00,50.1,50.1,221,221
2023-01-08 21:08:00,50.0,50.0,221,221
2023-01-08 21:10:00,49.9,49.9,222,223
2023-01-08 21:12:00,50.0,49.9,223,223
2023-01-08 21:14:00,49.8,49.8,221,222
2023-01-08 21:16:00,50.1,50.1,224,224
2023-01-08 21:18:00,49.9,49.9,222,222
2023-01-08 21:20:00,49.9,49.9,223,224
2023-01-08 21:22:00,50.0,49.9,224,224
2023-01-08 21:24:00,50.0,50.0,224,224
2023-01-08 21:26:00,49.9,49.9,223,223
2023-01-08 21:28:00,50.0,50.0,224,224
2023-01-08 21:30:00,49.7,49.7,222,222
2023-01-08 21:32:00,49.9,49.9,223,223
2023-01-08 21:34:00,50.0,50.0,224,224
2023-01-08 21:36:00,50.0,49.9,225,225
2023-01-08 21:38:00,50.0,49.9,225,225
2023-01-08 21:40:00,50.1,50.0,225,226
2023-01-08 21:42:00,50.0,50.0,226,226
2023-01-08 21:44:00,50.0,50.0,227,227
2023-01-08 21:46:00,49.8,49.8,225,226
2023-01-08 21:48:00,49.9,49.9,226,227
2023-01-08 21:50:00,50.0,50.0,226,227
2023-01-08 21:52:00,49.9,50.0,226,227
2023-01-08 21:54:00,49.9,49.9,227,228
2023-01-08 21:56:00,50.0,50.0,228,228
2023-01-08 21:58:00,50.0,50.0,227,227
2023-01-08 22:00:00,50.2,50.1,226,227
2023-01-08 22:02:00,50.2,50.2,228,228
2023-01-08 22:04:00,50,50.0,228,228
2023-01-08 22:06:00,50.1,50.1,228,228
2023-01-08 22:08:00,50.1,50.1,227,227
2023-01-08 22:10:00,49.9,49.9,227,228
2023-01-08 22:12:00,49.7,49.7,227,228
2023-01-08 22:14:00,49.9,49.9,226,227
2023-01-08 22:16:00,50.0,50.0,226,226
2023-01-08 22:18:00,50.2,50.2,227,227
2023-01-08 22:20:00,50.1,50.1,226,226
2023-01-08 22:22:00,50.0,50.0,226,226
2023-01-08 22:24:00,50.1,50.1,226,226
2023-01-08 22:26:00,49.9,49.9,227,227
2023-01-08 22:28:00,49.9,49.8,227,227
2023-01-08 22:30:00,49.9,49.9,227,227
2023-01-08 22:32:00,50.0,50.0,227,228
2023-01-08 22:34:00,50.1,50.0,227,227
2023-01-08 22:36:00,50.1,50.1,227,227
2023-01-08 22:38:00,49.7,49.8,226,226
2023-01-08 22:40:00,50.1,50.2,227,228
2023-01-08 22:42:00,50.1,50.2,226,226
2023-01-08 22:44:00,50.0,50.0,227,227
2023-01-08 22:46:00,49.9,49.9,227,228
2023-01-08 22:48:00,50.0,50.0,227,228
2023-01-08 22:50:00,50.0,50.0,228,228
2023-01-08 22:52:00,50.1,50.1,227,228
2023-01-08 22:54:00,50.1,50.0,228,228
2023-01-08 22:56:00,49.8,49.9,228,228
2023-01-08 22:58:00,50.0,50.0,230,230
2023-01-08 23:00:00,50.1,50.2,230,230
2023-01-08 23:02:00,50.1,50.0,229,229
2023-01-08 23:04:00,50.0,49.9,229,229
2023-01-08 23:06:00,49.4,49.4,228,229
2023-01-08 23:08:00,49.8,49.8,229,229
2023-01-08 23:10:00,49.9,49.9,229,230
2023-01-08 23:12:00,50.2,50.2,230,231
2023-01-08 23:14:00,50.1,50.1,230,231
2023-01-08 23:16:00,49.8,49.8,231,231
2023-01-08 23:18:00,50.1,50.2,229,229
2023-01-08 23:20:00,50.0,50.0,230,231
2023-01-08 23:22:00,50.1,49.9,229,230
2023-01-08 23:24:00,50.0,49.9,229,230
2023-01-08 23:26:00,50.1,50.0,230,230
2023-01-08 23:28:00,50.0,50.0,229,230
2023-01-08 23:30:00,49.9,50.0,228,229
2023-01-08 23:32:00,50.0,50.0,229,228
2023-01-08 23:34:00,50.0,50.0,227,227
2023-01-08 23:36:00,49.9,49.9,227,227
2023-01-08 23:38:00,49.8,49.8,223,223
2023-01-08 23:40:00,49.9,50.0,223,223
2023-01-08 23:42:00,49.9,49.9,223,223
2023-01-08 23:44:00,50.0,50.0,227,227
2023-01-08 23:46:00,50.1,50.1,224,224
2023-01-08 23:48:00,49.9,49.9,223,224
2023-01-08 23:50:00,50.1,50.1,224,224
2023-01-08 23:52:00,49.8,49.9,227,227
2023-01-08 23:54:00,50.0,50.1,227,228
2023-01-08 23:56:00,49.9,49.8,227,227
2023-01-08 23:58:00,49.9,50.0,227,227
2023-01-09 00:00:00,50.0,50.1,228,228
2023-01-09 00:02:00,50.1,50.1,228,228
2023-01-09 00:04:00,49.8,49.8,228,228
2023-01-09 00:06:00,49.8,49.9,228,228
2023-01-09 00:08:00,49.9,50.0,228,228
2023-01-09 00:10:00,49.9,49.9,228,228
2023-01-09 00:12:00,50.1,50.1,228,228
2023-01-09 00:14:00,49.9,49.9,230,230
2023-01-09 00:16:00,49.9,49.9,230,230
2023-01-09 00:18:00,49.8,49.8,230,230
2023-01-09 00:20:00,49.7,49.7,230,229
2023-01-09 00:22:00,50.0,50.0,230,230
2023-01-09 00:24:00,49.6,49.6,229,230
2023-01-09 00:26:00,49.8,50.0,230,231
2023-01-09 00:28:00,50.0,50.1,230,231
2023-01-09 00:30:00,50.0,50.0,229,230
2023-01-09 00:32:00,50.1,50.1,230,230
2023-01-09 00:34:00,50.0,50.0,226,226
2023-01-09 00:36:00,50.1,50.1,230,229
2023-01-09 00:38:00,50.1,50.1,229,229
2023-01-09 00:40:00,50,49.9,229,229
2023-01-09 00:42:00,50.0,50.0,228,229
2023-01-09 00:44:00,50.0,50.0,228,228
2023-01-09 00:46:00,49.9,49.9,228,228
2023-01-09 00:48:00,50.0,50.0,228,228
2023-01-09 00:50:00,50.1,50.1,228,229
2023-01-09 00:52:00,50,50.0,228,229
2023-01-09 00:54:00,49.8,49.8,229,229
2023-01-09 00:56:00,49.9,49.9,229,229
2023-01-09 00:58:00,49.8,49.9,229,229
2023-01-09 01:00:00,49.8,49.8,228,229
2023-01-09 01:02:00,50.0,49.9,229,229
2023-01-09 01:04:00,50.0,49.9,229,229
2023-01-09 01:06:00,50.0,50.0,230,230
2023-01-09 01:08:00,50.0,50.0,229,230
2023-01-09 01:10:00,50.0,49.9,229,230
2023-01-09 01:12:00,49.9,49.8,230,230
2023-01-09 01:14:00,50.0,49.9,230,230
2023-01-09 01:16:00,49.9,49.9,231,231
2023-01-09 01:18:00,49.8,49.9,230,230
2023-01-09 01:20:00,50.0,50.0,231,231
2023-01-09 01:22:00,50.1,50.0,229,230
2023-01-09 01:24:00,50.0,49.9,228,227
2023-01-09 01:26:00,49.8,49.9,230,230
2023-01-09 01:28:00,50.0,50.0,230,230
2023-01-09 01:30:00,50.0,50.0,231,231
2023-01-09 01:32:00,50.0,50.0,231,231
2023-01-09 01:34:00,49.7,49.8,230,231
2023-01-09 01:36:00,50.0,49.9,231,231
2023-01-09 01:38:00,49.9,49.9,230,230
2023-01-09 01:40:00,49.9,49.9,230,231
2023-01-09 01:42:00,49.8,49.7,231,231
2023-01-09 01:44:00,50.1,50.1,231,231
2023-01-09 01:46:00,49.9,50.0,231,231
2023-01-09 01:48:00,50.0,49.9,231,231
2023-01-09 01:50:00,50.0,50.0,231,231
2023-01-09 01:52:00,50.0,50.0,231,231
2023-01-09 01:54:00,50.1,50.0,231,231
2023-01-09 01:56:00,50.0,50.0,230,230
2023-01-09 01:58:00,50.0,50.1,231,231
2023-01-09 02:00:00,50.1,50.2,230,230
2023-01-09 02:02:00,50.0,50.0,230,230
2023-01-09 02:04:00,49.9,50.0,230,230
2023-01-09 02:06:00,50.0,50.1,230,230
2023-01-09 02:08:00,49.9,50.0,229,229
2023-01-09 02:10:00,49.9,49.9,230,230
2023-01-09 02:12:00,49.9,50.0,230,231
2023-01-09 02:14:00,49.9,49.8,230,230
2023-01-09 02:16:00,49.9,50.0,230,230
2023-01-09 02:18:00,50.0,50.0,231,231
2023-01-09 02:20:00,50.1,50.1,230,230
2023-01-09 02:22:00,50.0,50.0,227,227
2023-01-09 02:24:00,49.9,49.9,230,230
2023-01-09 02:26:00,50.0,49.9,229,230
2023-01-09 02:28:00,50.0,50,231,231
2023-01-09 02:30:00,50.0,50.1,231,231
2023-01-09 02:32:00,50.0,49.9,230,231
2023-01-09 02:34:00,49.8,49.8,231,230
2023-01-09 02:36:00,49.9,50.0,231,231
2023-01-09 02:38:00,49.9,49.9,231,231
2023-01-09 02:40:00,49.9,49.9,230,231
2023-01-09 02:42:00,50.0,50.0,231,231
2023-01-09 02:44:00,50,50.1,231,231
2023-01-09 02:46:00,49.9,50.0,231,231
2023-01-09 02:48:00,50.0,49.9,231,231
2023-01-09 02:50:00,49.9,49.8,230,230
2023-01-09 02:52:00,50.0,50.0,231,232
2023-01-09 02:54:00,50.1,50.1,232,232
2023-01-09 02:56:00,49.9,50.0,231,231
2023-01-09 02:58:00,49.9,49.9,231,232
2023-01-09 03:00:00,49.8,49.8,231,232
2023-01-09 03:02:00,49.9,49.9,231,232
2023-01-09 03:04:00,50.0,50.0,231,231
2023-01-09 03:06:00,50.0,50.0,232,232
2023-01-09 03:08:00,50.0,50.0,232,232
2023-01-09 03:10:00,49.9,50.0,231,231
2023-01-09 03:12:00,50.0,50.0,231,232
2023-01-09 03:14:00,49.8,49.9,230,231
2023-01-09 03:16:00,50.0,49.9,230,230
2023-01-09 03:18:00,49.6,49.6,230,231
2023-01-09 03:20:00,50.0,50.0,231,231
2023-01-09 03:22:00,49.9,49.9,231,231
2023-01-09 03:24:00,50.0,50.0,231,231
2023-01-09 03:26:00,50.1,50.1,231,231
2023-01-09 03:28:00,50.2,50.1,231,231
2023-01-09 03:30:00,50.0,50.1,230,230
2023-01-09 03:32:00,49.9,49.8,231,231
2023-01-09 03:34:00,50,50.0,231,231
2023-01-09 03:36:00,50.0,50.0,231,231
2023-01-09 03:38:00,50.2,50.2,231,231
2023-01-09 03:40:00,50.0,50.0,230,230
2023-01-09 03:42:00,49.8,49.9,229,230
2023-01-09 03:44:00,50.1,50.1,226,226
2023-01-09 03:46:00,49.9,49.9,230,230
2023-01-09 03:48:00,49.8,49.7,229,229
2023-01-09 03:50:00,50.1,50.0,230,230
2023-01-09 03:52:00,50.0,49.9,230,230
2023-01-09 03:54:00,50.1,50.1,230,230
2023-01-09 03:56:00,50.0,50.0,230,230
2023-01-09 03:58:00,50.1,50.1,231,231
2023-01-09 04:00:00,50.0,50.0,231,231
2023-01-09 04:02:00,50.0,50.0,230,230
2023-01-09 04:04:00,49.9,49.9,230,230
2023-01-09 04:06:00,50.0,50,229,230
2023-01-09 04:08:00,50.0,50.1,229,230
2023-01-09 04:10:00,49.8,49.7,230,230
2023-01-09 04:12:00,50.1,50.1,231,231
2023-01-09 04:14:00,50.1,50.1,231,231
2023-01-09 04:16:00,49.8,49.8,231,231
2023-01-09 04:18:00,49.8,49.9,231,231
2023-01-09 04:20:00,49.8,49.7,231,231
2023-01-09 04:22:00,49.8,49.8,231,231
2023-01-09 04:24:00,50.0,50.1,231,231
2023-01-09 04:26:00,50.1,50.1,231,231
2023-01-09 04:28:00,50.1,50.0,231,231
2023-01-09 04:30:00,49.9,49.9,231,231
2023-01-09 04:32:00,49.9,49.8,231,231
2023-01-09 04:34:00,50.1,50.2,231,232
2023-01-09 04:36:00,49.8,49.8,230,230
2023-01-09 04:38:00,49.8,49.9,230,230
2023-01-09 04:40:00,50.0,49.9,230,231
2023-01-09 04:42:00,50.1,50.1,230,231
2023-01-09 04:44:00,49.8,49.8,230,230
2023-01-09 04:46:00,50.0,50.0,229,230
2023-01-09 04:48:00,49.9,49.9,231,231
2023-01-09 04:50:00,49.9,49.8,231,231
2023-01-09 04:52:00,50.0,50.1,231,231
2023-01-09 04:54:00,49.6,49.7,230,230
2023-01-09 04:56:00,50.0,50.0,230,230
2023-01-09 04:58:00,49.9,49.7,230,230
2023-01-09 05:00:00,49.7,49.7,229,230
2023-01-09 05:02:00,50.0,50.0,230,230
2023-01-09 05:04:00,50.1,50.1,229,230
2023-01-09 05:06:00,50.1,50,229,229
2023-01-09 05:08:00,50.1,50.1,229,229
2023-01-09 05:10:00,49.9,49.9,229,229
2023-01-09 05:12:00,49.9,50.0,230,229
2023-01-09 05:14:00,50.0,50.0,230,230
2023-01-09 05:16:00,50.0,50.0,230,230
2023-01-09 05:18:00,49.8,49.8,229,230
2023-01-09 05:20:00,49.8,49.8,229,229
2023-01-09 05:22:00,49.7,49.8,228,228
2023-01-09 05:24:00,50.2,50.2,229,229
2023-01-09 05:26:00,49.7,49.7,228,228
2023-01-09 05:28:00,50.0,49.9,228,228
2023-01-09 05:30:00,50.1,50.0,228,228
2023-01-09 05:32:00,50.0,50.0,228,228
2023-01-09 05:34:00,49.9,49.9,228,229
2023-01-09 05:36:00,49.9,49.9,230,230
2023-01-09 05:38:00,50.0,50.0,230,230
2023-01-09 05:40:00,50.0,50,230,230
2023-01-09 05:42:00,49.9,50.0,230,231
2023-01-09 05:44:00,50.1,50.1,229,229
2023-01-09 05:46:00,50.1,50.1,228,229
2023-01-09 05:48:00,49.9,49.9,228,228
2023-01-09 05:50:00,50.0,50.0,229,229
2023-01-09 05:52:00,49.6,49.6,228,229
2023-01-09 05:54:00,50.1,50.1,229,229
2023-01-09 05:56:00,50.2,50.3,229,229
2023-01-09 05:58:00,49.8,49.7,229,230
2023-01-09 06:00:00,49.9,50.0,228,228
2023-01-09 06:02:00,50.2,50.1,228,228
2023-01-09 06:04:00,50.2,50.1,228,228
2023-01-09 06:06:00,49.7,49.7,226,226
2023-01-09 06:08:00,49.8,49.8,228,228
2023-01-09 06:10:00,50.1,50.0,228,229
2023-01-09 06:12:00,49.9,49.9,223,223
2023-01-09 06:14:00,50.0,50.0,229,230
2023-01-09 06:16:00,49.7,49.8,222,223
2023-01-09 06:18:00,50.0,50.0,225,225
2023-01-09 06:20:00,50.0,50.0,227,227
2023-01-09 06:22:00,50.2,50.2,228,229
2023-01-09 06:24:00,49.8,49.8,227,228
2023-01-09 06:26:00,49.8,49.9,225,224
2023-01-09 06:28:00,50.0,50.0,228,228
2023-01-09 06:30:00,49.8,49.8,227,227
2023-01-09 06:32:00,49.9,50.0,226,226
2023-01-09 06:34:00,50.0,50.0,228,228
2023-01-09 06:36:00,49.8,50.0,227,227
2023-01-09 06:38:00,50.1,50.1,228,228
2023-01-09 06:40:00,50.0,50.0,228,229
2023-01-09 06:42:00,49.8,49.8,228,228
2023-01-09 06:44:00,50.1,50.1,229,230
2023-01-09 06:46:00,49.8,49.9,227,228
2023-01-09 06:48:00,49.7,49.6,227,227
2023-01-09 06:50:00,50.0,50.0,223,222
2023-01-09 06:52:00,50.0,50.1,226,228
2023-01-09 06:54:00,50.2,50.2,227,228
2023-01-09 06:56:00,49.8,49.7,225,225
2023-01-09 06:58:00,50.1,50.0,225,226
2023-01-09 07:00:00,50.3,50.2,226,226
2023-01-09 07:02:00,50.1,49.9,228,228
2023-01-09 07:04:00,49.9,49.8,228,228
2023-01-09 07:06:00,50.3,50.4,228,228
2023-01-09 07:08:00,49.9,49.6,225,225
2023-01-09 07:10:00,50.1,50.0,226,226
2023-01-09 07:12:00,50.0,50.1,226,226
2023-01-09 07:14:00,50.1,50.0,226,225
2023-01-09 07:16:00,50.0,50.1,226,226
2023-01-09 07:18:00,49.8,49.7,227,227
2023-01-09 07:20:00,50.0,49.9,227,227
2023-01-09 07:22:00,50.1,50.1,226,227
2023-01-09 07:24:00,49.8,49.9,223,223
2023-01-09 07:26:00,50.0,50.0,223,224
2023-01-09 07:28:00,49.9,50.0,223,224
2023-01-09 07:30:00,50.1,50.1,224,224
2023-01-09 07:32:00,50.2,50.2,219,219
2023-01-09 07:34:00,50.0,50.0,218,221
2023-01-09 07:36:00,50.0,50.0,220,220
2023-01-09 07:38:00,49.7,49.9,214,214
2023-01-09 07:40:00,49.7,49.8,218,219
2023-01-09 07:42:00,50.0,50.1,219,219
2023-01-09 07:44:00,50.0,49.8,214,214
2023-01-09 07:46:00,50.0,50.2,214,214
2023-01-09 07:48:00,49.9,49.8,212,213
2023-01-09 07:50:00,49.9,49.7,223,223
2023-01-09 07:52:00,49.7,49.7,217,218
2023-01-09 07:54:00,49.8,49.8,218,220
2023-01-09 07:56:00,50.0,50.3,220,222
2023-01-09 07:58:00,50.4,50.4,218,218
2023-01-09 08:00:00,50.0,49.9,221,223
2023-01-09 08:02:00,50.0,50.0,219,219
2023-01-09 08:04:00,49.9,49.9,213,214
2023-01-09 08:06:00,49.9,49.8,223,223
2023-01-09 08:08:00,50.2,50.2,219,219
2023-01-09 08:10:00,50.0,50.1,222,223
2023-01-09 08:12:00,50.0,50.0,219,219
2023-01-09 08:14:00,49.8,49.8,219,219
2023-01-09 08:16:00,49.8,49.8,222,223
2023-01-09 08:18:00,49.9,50.0,219,219
2023-01-09 08:20:00,50.2,50.2,223,223
2023-01-09 08:22:00,49.9,49.9,218,218
2023-01-09 08:24:00,50.0,50.1,223,223
2023-01-09 08:26:00,50.0,50.1,220,222
2023-01-09 08:28:00,49.9,49.8,223,224
2023-01-09 08:30:00,49.8,50.0,223,224
2023-01-09 08:32:00,50.2,50.2,223,223
2023-01-09 08:34:00,50.5,50.4,224,224
2023-01-09 08:36:00,50,50.0,219,219
2023-01-09 08:38:00,50.1,49.9,223,223
2023-01-09 08:40:00,50.0,50.1,223,223
2023-01-09 08:42:00,49.8,49.8,217,218
2023-01-09 08:44:00,50.1,50.1,222,223
2023-01-09 08:46:00,49.9,50.0,218,220
2023-01-09 08:48:00,50.1,50.1,223,223
2023-01-09 08:50:00,49.6,49.7,217,217
2023-01-09 08:52:00,49.6,49.5,222,222
2023-01-09 08:54:00,49.8,49.8,217,217
2023-01-09 08:56:00,50.0,49.9,222,223
2023-01-09 08:58:00,49.7,49.9,217,218
2023-01-09 09:00:00,50.4,50.4,223,223
2023-01-09 09:02:00,50.2,50.4,223,223
2023-01-09 09:04:00,50.3,50.3,223,223
2023-01-09 09:06:00,50.0,50.1,221,221
2023-01-09 09:08:00,49.9,50.0,221,221
2023-01-09 09:10:00,50.0,49.9,209,208
2023-01-09 09:12:00,50.1,50.0,214,216
2023-01-09 09:14:00,50.1,50.2,212,212
2023-01-09 09:16:00,49.7,49.8,221,223
2023-01-09 09:18:00,49.9,50.1,214,214
2023-01-09 09:20:00,49.8,49.8,214,214
2023-01-09 09:22:00,49.9,50.0,214,214
2023-01-09 09:24:00,50.1,50.1,213,213
2023-01-09 09:26:00,50.1,49.8,214,212
2023-01-09 09:28:00,50.0,49.9,211,211
2023-01-09 09:30:00,50.1,50.2,211,210
2023-01-09 09:32:00,49.7,49.7,220,219
2023-01-09 09:34:00,49.9,49.9,216,216
2023-01-09 09:36:00,49.8,49.6,217,216
2023-01-09 09:38:00,49.6,49.6,216,216
2023-01-09 09:40:00,49.7,49.7,216,217
2023-01-09 09:42:00,50.0,50.1,219,218
2023-01-09 09:44:00,50.1,50.1,221,221
2023-01-09 09:46:00,50.0,50.0,219,220
2023-01-09 09:48:00,49.8,49.9,217,217
2023-01-09 09:50:00,50.1,50.2,216,213
2023-01-09 09:52:00,49.9,49.8,221,221
2023-01-09 09:54:00,50.0,49.9,219,219
2023-01-09 09:56:00,50.1,50.2,221,220
2023-01-09 09:58:00,49.9,49.8,217,217
2023-01-09 10:00:00,50.1,50.2,215,216
2023-01-09 10:02:00,50.1,50.0,219,219
2023-01-09 10:04:00,49.5,49.6,214,214
2023-01-09 10:06:00,50.0,50.0,216,216
2023-01-09 10:08:00,50.0,50,220,219
2023-01-09 10:10:00,49.8,49.8,218,218
2023-01-09 10:12:00,49.9,50.0,218,217
2023-01-09 10:14:00,49.8,49.7,210,210
2023-01-09 10:16:00,50.0,49.9,216,216
2023-01-09 10:18:00,49.9,50.0,217,217
2023-01-09 10:20:00,50.0,50.0,214,214
2023-01-09 10:22:00,50.0,50.0,220,219
2023-01-09 10:24:00,49.9,49.8,220,219
2023-01-09 10:26:00,50.4,50.3,216,215
2023-01-09 10:28:00,50.2,50.2,213,212
2023-01-09 10:30:00,49.7,49.7,211,211
2023-01-09 10:32:00,50.1,50.2,213,213
2023-01-09 10:34:00,49.8,49.7,213,213
2023-01-09 10:36:00,49.9,49.9,214,212
2023-01-09 10:38:00,50.1,50.1,216,216
2023-01-09 10:40:00,49.9,49.8,216,215
2023-01-09 10:42:00,49.9,49.9,217,217
2023-01-09 10:44:00,50.0,50.0,216,216
2023-01-09 10:46:00,49.9,50.0,214,214
2023-01-09 10:48:00,49.9,49.9,215,214
2023-01-09 10:50:00,49.8,49.7,216,214
2023-01-09 10:52:00,50.0,49.9,215,215
2023-01-09 10:54:00,49.8,49.8,214,214
2023-01-09 10:56:00,49.9,49.9,219,219
2023-01-09 10:58:00,50.0,49.9,220,219
2023-01-09 11:00:00,50.5,50.6,216,216
2023-01-09 11:02:00,50.0,49.9,214,214
2023-01-09 11:04:00,50.0,50.1,209,209
2023-01-09 11:06:00,49.9,49.8,213,213
2023-01-09 11:08:00,50.3,50.2,219,219
2023-01-09 11:10:00,50.1,50.1,216,215
2023-01-09 11:12:00,50.2,50.2,220,220
2023-01-09 11:14:00,49.9,49.8,213,214
2023-01-09 11:16:00,50.0,50.0,215,214
2023-01-09 11:18:00,50.0,50.0,219,219
2023-01-09 11:20:00,50.0,49.9,219,219
2023-01-09 11:22:00,49.9,50.0,220,219
2023-01-09 11:24:00,50.1,50.1,219,219
2023-01-09 11:26:00,49.8,49.7,217,218
2023-01-09 11:28:00,49.8,49.8,221,221
2023-01-09 11:30:00,50.1,50.1,219,219
2023-01-09 11:32:00,50.0,50.0,216,216
2023-01-09 11:34:00,49.6,49.6,214,213
2023-01-09 11:36:00,49.8,49.8,214,214
2023-01-09 11:38:00,50.2,50.1,219,218
2023-01-09 11:40:00,50.0,49.9,214,214
2023-01-09 11:42:00,50.0,49.9,216,216
2023-01-09 11:44:00,50.0,50.0,215,215
2023-01-09 11:46:00,50.1,50.2,214,213
2023-01-09 11:48:00,50.0,50.0,214,214
2023-01-09 11:50:00,50.0,50.0,214,214
2023-01-09 11:52:00,50.0,50.2,214,212
2023-01-09 11:54:00,50.3,50.3,212,212
2023-01-09 11:56:00,50.0,50.0,215,215
2023-01-09 11:58:00,50.2,50.2,214,214
2023-01-09 12:00:00,50.0,50.1,215,214
2023-01-09 12:02:00,50.1,50.0,214,214
2023-01-09 12:04:00,50.0,50.0,218,218
2023-01-09 12:06:00,50.1,50.1,219,219
2023-01-09 12:08:00,49.8,49.9,208,209
2023-01-09 12:10:00,49.8,49.9,219,219
2023-01-09 12:12:00,49.8,49.8,211,210
2023-01-09 12:14:00,50.2,50.2,219,218
2023-01-09 12:16:00,50.3,50.3,211,212
2023-01-09 12:18:00,50.0,50.2,211,211
2023-01-09 12:20:00,50.0,50.0,214,213
2023-01-09 12:22:00,50.1,50.1,218,217
2023-01-09 12:24:00,50.0,50.0,215,215
2023-01-09 12:26:00,50.1,50.1,216,216
2023-01-09 12:28:00,50.3,50.3,218,218
2023-01-09 12:30:00,50.2,50.2,218,217
2023-01-09 12:32:00,50.1,50.2,212,211
2023-01-09 12:34:00,49.8,49.9,211,209
2023-01-09 12:36:00,50.0,49.9,210,210
2023-01-09 12:38:00,50.2,50.1,219,217
2023-01-09 12:40:00,50.2,50.3,219,219
2023-01-09 12:42:00,49.9,49.9,214,214
2023-01-09 12:44:00,50.0,49.9,216,217
2023-01-09 12:46:00,50.1,50.1,214,214
2023-01-09 12:48:00,50.2,50.2,216,216
2023-01-09 12:50:00,50.0,50.1,213,214
2023-01-09 12:52:00,49.9,49.9,217,217
2023-01-09 12:54:00,49.8,49.8,211,211
2023-01-09 12:56:00,50.1,50.0,209,209
2023-01-09 12:58:00,49.7,49.8,214,215
2023-01-09 13:00:00,50.2,50.3,216,216
2023-01-09 13:02:00,49.9,49.8,211,210
2023-01-09 13:04:00,49.7,49.7,217,217
2023-01-09 13:06:00,49.7,49.7,216,215
2023-01-09 13:08:00,50.0,50.0,216,216
2023-01-09 13:10:00,50.0,50.0,213,213
2023-01-09 13:12:00,50.0,50.1,216,216
2023-01-09 13:14:00,49.9,49.9,216,216
2023-01-09 13:16:00,49.7,49.8,211,211
2023-01-09 13:18:00,50.0,50.0,213,213
2023-01-09 13:20:00,50.1,50.0,212,212
2023-01-09 13:22:00,50.2,50.2,217,217
2023-01-09 13:24:00,49.8,49.8,214,215
2023-01-09 13:26:00,50.0,50.0,206,204
2023-01-09 13:28:00,50.2,50.2,202,202
2023-01-09 13:30:00,49.9,50.0,208,207
2023-01-09 13:32:00,49.8,49.8,213,211
2023-01-09 13:34:00,49.9,49.8,211,211
2023-01-09 13:36:00,49.9,49.8,209,210
2023-01-09 13:38:00,50.0,49.8,210,209
2023-01-09 13:40:00,50.0,50.0,216,216
2023-01-09 13:42:00,50.0,50.0,214,214
2023-01-09 13:44:00,50.0,49.9,213,214
2023-01-09 13:46:00,49.9,49.9,214,214
2023-01-09 13:48:00,49.8,49.7,217,216
2023-01-09 13:50:00,50.0,50.1,214,214
2023-01-09 13:52:00,50.1,50.2,217,216
2023-01-09 13:54:00,49.7,49.7,215,214
2023-01-09 13:56:00,49.9,49.8,217,216
2023-01-09 13:58:00,50.1,50.1,216,216
2023-01-09 14:00:00,49.7,49.7,215,214
2023-01-09 14:02:00,49.9,49.8,216,216
2023-01-09 14:04:00,50.1,50.1,210,211
2023-01-09 14:06:00,50.2,50.2,211,211
2023-01-09 14:08:00,50.2,50.2,216,216
2023-01-09 14:10:00,49.8,49.8,209,209
2023-01-09 14:12:00,49.7,49.8,211,209
2023-01-09 14:14:00,50.1,50.1,216,215
2023-01-09 14:16:00,50.2,50.1,212,212
2023-01-09 14:18:00,50.0,50.0,207,205
2023-01-09 14:20:00,50.0,50.0,214,214
2023-01-09 14:22:00,49.9,49.9,217,216
2023-01-09 14:24:00,50.0,50.0,215,214
2023-01-09 14:26:00,50.1,50.1,214,213
2023-01-09 14:28:00,50.6,50.6,221,220
2023-01-09 14:30:00,49.7,49.6,217,216
2023-01-09 14:32:00,50.1,50.0,216,216
2023-01-09 14:34:00,49.8,49.8,214,213
2023-01-09 14:36:00,50.1,50.2,217,216
2023-01-09 14:38:00,49.9,49.9,217,218
2023-01-09 14:40:00,50.0,49.9,216,216
2023-01-09 14:42:00,50.2,50.2,213,212
2023-01-09 14:44:00,50.1,50.1,213,212
2023-01-09 14:46:00,50.3,50.2,214,214
2023-01-09 14:48:00,50.1,50.2,215,215
2023-01-09 14:50:00,50.0,50.0,216,217
2023-01-09 14:52:00,50.3,50.3,218,218
2023-01-09 14:54:00,50.4,50.4,221,221
2023-01-09 14:56:00,50.6,50.6,218,218
2023-01-09 14:58:00,50.6,50.5,215,214
2023-01-09 15:00:00,50.1,50.1,216,215
2023-01-09 15:02:00,49.8,49.8,217,217
2023-01-09 15:04:00,50.0,50.0,216,216
2023-01-09 15:06:00,50.1,50.0,214,213
2023-01-09 15:08:00,50.1,50.1,215,214
2023-01-09 15:10:00,49.9,49.9,217,217
2023-01-09 15:12:00,49.7,49.7,214,214
2023-01-09 15:14:00,49.6,49.7,216,215
2023-01-09 15:16:00,49.5,49.4,217,218
2023-01-09 15:18:00,50.1,50.0,216,216
2023-01-09 15:20:00,49.9,50.0,215,214
2023-01-09 15:22:00,49.7,49.7,216,215
2023-01-09 15:24:00,49.7,49.7,219,219
2023-01-09 15:26:00,49.8,49.7,207,206
2023-01-09 15:28:00,50.0,50.0,219,219
2023-01-09 15:30:00,50.0,50.0,210,209
2023-01-09 15:32:00,50.2,50.2,220,219
2023-01-09 15:34:00,50.1,50.1,219,219
2023-01-09 15:36:00,49.9,49.9,209,208
2023-01-09 15:38:00,50.2,50.3,220,221
2023-01-09 15:40:00,49.9,50.0,214,214
2023-01-09 15:42:00,50.1,50.1,221,222
2023-01-09 15:44:00,49.8,49.8,214,214
2023-01-09 15:46:00,49.8,49.8,220,222
2023-01-09 15:48:00,50.0,50.3,216,219
2023-01-09 15:50:00,50.0,49.8,216,217
2023-01-09 15:52:00,50.2,50.2,221,223
2023-01-09 15:54:00,49.9,49.9,215,216
2023-01-09 15:56:00,49.8,49.8,214,214
2023-01-09 15:58:00,49.9,49.8,209,209
2023-01-09 16:00:00,49.8,49.5,208,210
2023-01-09 16:02:00,49.7,49.6,216,216
2023-01-09 16:04:00,50.0,49.9,216,216
2023-01-09 16:06:00,50.2,50.1,220,220
2023-01-09 16:08:00,50.4,50.5,214,213
2023-01-09 16:10:00,50.2,50.2,221,218
2023-01-09 16:12:00,50.1,50.1,216,216
2023-01-09 16:14:00,50.0,50.1,218,219
2023-01-09 16:16:00,50.1,50.1,218,218
2023-01-09 16:18:00,50.0,50.1,217,216
2023-01-09 16:20:00,50.1,50.1,217,217
2023-01-09 16:22:00,50.2,50.0,207,210
2023-01-09 16:24:00,50.2,50.0,214,214
2023-01-09 16:26:00,49.8,49.8,214,218
2023-01-09 16:28:00,49.8,50.0,219,219
2023-01-09 16:30:00,49.9,49.8,219,220
2023-01-09 16:32:00,49.8,50.0,217,215
2023-01-09 16:34:00,49.9,49.8,214,215
2023-01-09 16:36:00,49.9,49.6,215,219
2023-01-09 16:38:00,49.9,49.9,214,215
2023-01-09 16:40:00,49.6,49.8,214,214
2023-01-09 16:42:00,49.6,49.7,217,220
2023-01-09 16:44:00,50.2,50.1,219,217
2023-01-09 16:46:00,50.3,50.1,216,217
2023-01-09 16:48:00,50.0,50.1,211,214
2023-01-09 16:50:00,49.9,50.0,214,216
2023-01-09 16:52:00,49.9,49.7,212,212
2023-01-09 16:54:00,50.5,50.4,219,220
2023-01-09 16:56:00,50.4,50.3,218,218
2023-01-09 16:58:00,50.2,50.2,219,219
2023-01-09 17:00:00,50.7,50.7,220,221
2023-01-09 17:02:00,50.4,50.6,216,216
2023-01-09 17:04:00,50.2,50.2,219,219
2023-01-09 17:06:00,49.9,50.0,219,218
2023-01-09 17:08:00,50.1,50.1,221,221
2023-01-09 17:10:00,50.1,50.2,219,219
2023-01-09 17:12:00,50.0,49.9,219,219
2023-01-09 17:14:00,49.8,49.7,218,217
2023-01-09 17:16:00,49.7,49.7,219,219
2023-01-09 17:18:00,50.1,50,219,219
2023-01-09 17:20:00,49.9,50.0,219,219
2023-01-09 17:22:00,50.0,50.1,219,219
2023-01-09 17:24:00,49.8,49.7,218,218
2023-01-09 17:26:00,50.2,50.2,218,218
2023-01-09 17:28:00,49.8,49.8,219,219
2023-01-09 17:30:00,49.9,49.9,217,217
2023-01-09 17:32:00,50.0,50.0,219,219
2023-01-09 17:34:00,49.6,49.7,219,218
2023-01-09 17:36:00,49.9,49.8,219,219
2023-01-09 17:38:00,50.3,50.3,220,220
2023-01-09 17:40:00,49.9,50.0,219,219
2023-01-09 17:42:00,50.2,50.2,218,219
2023-01-09 17:44:00,50.3,50.4,220,221
2023-01-09 17:46:00,50.1,50.2,222,223
2023-01-09 17:48:00,50.0,50.0,221,221
2023-01-09 17:50:00,50.1,50.1,221,221
2023-01-09 17:52:00,50.2,50.2,221,221
2023-01-09 17:54:00,50.0,50.0,221,221
2023-01-09 17:56:00,49.9,49.9,220,220
2023-01-09 17:58:00,49.7,49.6,220,221
2023-01-09 18:00:00,49.5,49.6,218,217
2023-01-09 18:02:00,49.7,49.7,219,220
2023-01-09 18:04:00,49.9,49.9,219,221
2023-01-09 18:06:00,49.9,50.0,219,219
2023-01-09 18:08:00,50.0,49.9,221,221
2023-01-09 18:10:00,50.0,49.9,217,216
2023-01-09 18:12:00,50.2,50.2,219,220
2023-01-09 18:14:00,50.3,50.4,213,212
2023-01-09 18:16:00,49.9,49.8,217,217
2023-01-09 18:18:00,49.9,49.9,217,218
2023-01-09 18:20:00,49.9,49.8,218,217
2023-01-09 18:22:00,49.7,49.7,217,218
2023-01-09 18:24:00,49.6,49.6,214,215
2023-01-09 18:26:00,49.8,49.8,216,216
2023-01-09 18:28:00,50.1,50.0,216,216
2023-01-09 18:30:00,50.2,50.1,216,216
2023-01-09 18:32:00,49.9,49.9,214,215
2023-01-09 18:34:00,49.7,49.7,214,214
2023-01-09 18:36:00,49.5,49.5,213,214
2023-01-09 18:38:00,49.9,49.9,215,215
2023-01-09 18:40:00,50.5,50.4,211,211
2023-01-09 18:42:00,50.7,50.7,209,209
2023-01-09 18:44:00,50.2,50.2,209,210
2023-01-09 18:46:00,50.1,50.1,209,209
2023-01-09 18:48:00,50.1,50.1,208,208
2023-01-09 18:50:00,49.9,50.0,208,208
2023-01-09 18:52:00,49.7,49.7,215,215
2023-01-09 18:54:00,49.7,49.7,212,212
2023-01-09 18:56:00,50.0,49.9,214,214
2023-01-09 18:58:00,49.9,49.9,213,214
2023-01-09 19:00:00,49.7,49.9,211,212
2023-01-09 19:02:00,49.8,49.8,211,212
2023-01-09 19:04:00,49.9,49.9,213,214
2023-01-09 19:06:00,49.8,49.9,210,211
2023-01-09 19:08:00,49.9,49.9,210,210
2023-01-09 19:10:00,49.8,49.8,212,212
2023-01-09 19:12:00,50.0,50.1,213,213
2023-01-09 19:14:00,49.9,49.8,212,213
2023-01-09 19:16:00,49.7,49.7,212,212
2023-01-09 19:18:00,50.2,50.2,213,214
2023-01-09 19:20:00,50.4,50.3,213,213
2023-01-09 19:22:00,50.0,50.0,213,213
2023-01-09 19:24:00,50.1,50.1,214,214
2023-01-09 19:26:00,49.9,49.9,212,212
2023-01-09 19:28:00,49.9,49.9,212,212
2023-01-09 19:30:00,50.1,50.1,211,211
2023-01-09 19:32:00,50.0,50.0,211,211
2023-01-09 19:34:00,49.9,49.9,212,212
2023-01-09 19:36:00,49.9,49.9,212,213
2023-01-09 19:38:00,49.8,49.8,208,208
2023-01-09 19:40:00,49.6,49.7,204,204
2023-01-09 19:42:00,49.9,49.9,212,212
2023-01-09 19:44:00,49.7,49.8,212,212
2023-01-09 19:46:00,49.9,49.9,207,207
2023-01-09 19:48:00,49.9,49.9,207,208
2023-01-09 19:50:00,49.9,49.9,207,207
2023-01-09 19:52:00,50.0,50.0,208,208
2023-01-09 19:54:00,49.9,49.9,211,211
2023-01-09 19:56:00,50.1,50.1,212,211
2023-01-09 19:58:00,49.9,49.9,213,213
2023-01-09 20:00:00,49.6,49.6,214,214
2023-01-09 20:02:00,49.8,49.9,212,212
2023-01-09 20:04:00,50.1,50.1,213,213
2023-01-09 20:06:00,49.9,49.9,211,211
2023-01-09 20:08:00,50.1,50.0,212,213
2023-01-09 20:10:00,49.9,49.9,214,213
2023-01-09 20:12:00,49.8,49.8,211,212
2023-01-09 20:14:00,49.9,49.9,214,216
2023-01-09 20:16:00,49.8,49.9,213,216
2023-01-09 20:18:00,50.0,50.0,211,213
2023-01-09 20:20:00,49.8,49.8,213,213
2023-01-09 20:22:00,49.9,49.9,212,213
2023-01-09 20:24:00,49.8,49.8,213,213
2023-01-09 20:26:00,49.8,49.8,215,214
2023-01-09 20:28:00,50.0,49.9,215,215
2023-01-09 20:30:00,50.1,50.1,214,216
2023-01-09 20:32:00,50.2,50.0,215,215
2023-01-09 20:34:00,49.9,49.9,214,214
2023-01-09 20:36:00,50.0,50.0,215,215
2023-01-09 20:38:00,49.9,49.9,214,215
2023-01-09 20:40:00,49.9,49.9,214,215
2023-01-09 20:42:00,49.8,49.9,215,215
2023-01-09 20:44:00,49.9,49.9,214,214
2023-01-09 20:46:00,49.8,49.9,216,215
2023-01-09 20:48:00,50.0,50.0,214,216
2023-01-09 20:50:00,50,50.0,219,217
2023-01-09 20:52:00,50.0,50.0,216,215
2023-01-09 20:54:00,49.9,50.0,212,213
2023-01-09 20:56:00,50.0,49.9,218,212
2023-01-09 20:58:00,49.9,49.8,211,211
2023-01-09 21:00:00,50.0,50.0,213,214
2023-01-09 21:02:00,50.0,50.1,219,220
2023-01-09 21:04:00,50.3,50.2,219,220
2023-01-09 21:06:00,50.0,50.1,219,219
2023-01-09 21:08:00,50.1,50.1,219,219
2023-01-09 21:10:00,50.1,50.1,219,218
2023-01-09 21:12:00,50.1,50.1,218,220
2023-01-09 21:14:00,49.9,49.8,220,220
2023-01-09 21:16:00,49.8,49.7,220,220
2023-01-09 21:18:00,49.9,49.8,219,220
2023-01-09 21:20:00,49.8,49.8,219,219
2023-01-09 21:22:00,49.8,49.9,219,219
2023-01-09 21:24:00,50.0,49.9,219,220
2023-01-09 21:26:00,50.0,49.9,219,219
2023-01-09 21:28:00,50.0,50.1,219,220
2023-01-09 21:30:00,50.2,50.1,219,220
2023-01-09 21:32:00,50.0,50.0,218,219
2023-01-09 21:34:00,50.0,50.0,219,219
2023-01-09 21:36:00,50.0,49.9,216,216
2023-01-09 21:38:00,49.9,49.9,219,220
2023-01-09 21:40:00,49.9,50.0,219,219
2023-01-09 21:42:00,49.9,49.9,221,220
2023-01-09 21:44:00,50.1,50.0,215,220
2023-01-09 21:46:00,50.1,50.1,221,221
2023-01-09 21:48:00,49.9,49.9,221,221
2023-01-09 21:50:00,50.0,50.0,222,223
2023-01-09 21:52:00,50.0,49.8,217,221
2023-01-09 21:54:00,50.0,49.9,221,220
2023-01-09 21:56:00,49.9,49.9,221,221
2023-01-09 21:58:00,50.0,49.8,222,223
2023-01-09 22:00:00,49.8,49.6,221,221
2023-01-09 22:02:00,49.9,49.9,218,219
2023-01-09 22:04:00,50.1,50.0,219,219
2023-01-09 22:06:00,49.9,49.9,220,220
2023-01-09 22:08:00,50.0,50.0,223,223
2023-01-09 22:10:00,49.8,49.8,220,222
2023-01-09 22:12:00,49.9,49.9,223,223
2023-01-09 22:14:00,49.9,49.8,220,221
2023-01-09 22:16:00,49.9,50.0,223,217
2023-01-09 22:18:00,49.9,50,222,221
2023-01-09 22:20:00,50.0,50.0,222,223
2023-01-09 22:22:00,50.1,50.2,223,223
2023-01-09 22:24:00,50.1,50.1,223,224
2023-01-09 22:26:00,50.0,50.0,223,223
2023-01-09 22:28:00,50,50.1,224,224
2023-01-09 22:30:00,49.9,49.9,223,224
2023-01-09 22:32:00,50.0,50.0,226,223
2023-01-09 22:34:00,49.8,49.9,223,224
2023-01-09 22:36:00,50.0,50.0,223,223
2023-01-09 22:38:00,49.9,49.9,225,224
2023-01-09 22:40:00,49.7,50.0,225,226
2023-01-09 22:42:00,50.0,49.9,226,222
2023-01-09 22:44:00,50.2,50,224,226
2023-01-09 22:46:00,50.0,50.1,224,230
2023-01-09 22:48:00,49.9,49.9,226,226
2023-01-09 22:50:00,49.6,49.6,225,226
2023-01-09 22:52:00,50.1,50.1,226,226
2023-01-09 22:54:00,50.0,50.0,226,226
2023-01-09 22:56:00,50.0,50,224,225
2023-01-09 22:58:00,50.0,49.9,225,226
2023-01-09 23:00:00,50.1,50,226,226
2023-01-09 23:02:00,49.9,50.0,226,226
2023-01-09 23:04:00,50.0,50.0,226,226
2023-01-09 23:06:00,49.8,50.0,224,222
2023-01-09 23:08:00,50.0,50.0,224,224
2023-01-09 23:10:00,50.0,49.9,224,224
2023-01-09 23:12:00,50.1,50,223,223
2023-01-09 23:14:00,49.9,49.9,225,225
2023-01-09 23:16:00,50.0,50.0,225,225
2023-01-09 23:18:00,49.9,49.9,225,225
2023-01-09 23:20:00,49.8,49.9,225,225
2023-01-09 23:22:00,50.0,50.0,225,225
2023-01-09 23:24:00,49.8,49.8,225,225
2023-01-09 23:26:00,49.9,49.8,225,225
2023-01-09 23:28:00,50.0,50.1,225,226
2023-01-09 23:30:00,49.9,50.0,226,226
2023-01-09 23:32:00,50.0,50.0,226,226
2023-01-09 23:34:00,50.1,50.1,226,226
2023-01-09 23:36:00,50.1,50.0,225,226
2023-01-09 23:38:00,49.8,50.0,225,226
2023-01-09 23:40:00,50.0,50.0,226,226
2023-01-09 23:42:00,50.2,50.1,226,226
2023-01-09 23:44:00,49.9,49.9,226,226
2023-01-09 23:46:00,50.0,50.0,225,226
2023-01-09 23:48:00,50.0,50.0,225,226
2023-01-09 23:50:00,50.0,50.1,226,226
2023-01-09 23:52:00,50.0,50.1,226,226
2023-01-09 23:54:00,50.1,50.0,227,227
2023-01-09 23:56:00,49.9,49.9,227,227
2023-01-09 23:58:00,50.0,50.0,227,227
2023-01-10 00:00:00,49.9,49.9,226,227
2023-01-10 00:02:00,50.1,50.1,227,228
2023-01-10 00:04:00,50.0,50.0,227,228
2023-01-10 00:06:00,50.0,49.9,227,228
2023-01-10 00:08:00,49.3,49.3,226,226
2023-01-10 00:10:00,50.0,50.0,227,227
2023-01-10 00:12:00,50.0,50.0,227,227
2023-01-10 00:14:00,50.0,49.9,227,228
2023-01-10 00:16:00,50.0,50.0,227,228
2023-01-10 00:18:00,50.1,50.1,226,227
2023-01-10 00:20:00,49.8,49.9,226,227
2023-01-10 00:22:00,50.0,50.0,224,225
2023-01-10 00:24:00,50.0,50.0,224,225
2023-01-10 00:26:00,50.0,50.0,225,225
2023-01-10 00:28:00,50.0,49.9,225,225
2023-01-10 00:30:00,50.1,50.0,225,226
2023-01-10 00:32:00,50.0,50.0,225,226
2023-01-10 00:34:00,50.0,50.0,226,226
2023-01-10 00:36:00,49.9,49.9,226,226
2023-01-10 00:38:00,50.0,50.0,226,226
2023-01-10 00:40:00,49.9,49.9,226,226
2023-01-10 00:42:00,50.0,50,226,226
2023-01-10 00:44:00,49.9,49.9,225,226
2023-01-10 00:46:00,50.0,50.0,225,226
2023-01-10 00:48:00,50.0,50.0,225,226
2023-01-10 00:50:00,49.9,49.9,225,226
2023-01-10 00:52:00,50.1,50.1,226,226
2023-01-10 00:54:00,49.9,49.9,226,226
2023-01-10 00:56:00,49.9,49.9,226,226
2023-01-10 00:58:00,50.0,50.0,226,226
2023-01-10 01:00:00,50.0,50,228,228
2023-01-10 01:02:00,50.0,49.9,228,228
2023-01-10 01:04:00,49.8,49.9,228,228
2023-01-10 01:06:00,49.9,49.9,228,228
2023-01-10 01:08:00,49.9,49.9,228,228
2023-01-10 01:10:00,50.1,50,228,228
2023-01-10 01:12:00,50.0,50.0,228,228
2023-01-10 01:14:00,49.9,49.9,228,228
2023-01-10 01:16:00,49.8,49.8,227,228
2023-01-10 01:18:00,50.0,50.0,228,228
2023-01-10 01:20:00,49.9,50.0,228,228
2023-01-10 01:22:00,50.0,50.0,228,229
2023-01-10 01:24:00,49.9,49.9,228,228
2023-01-10 01:26:00,50.0,50.0,228,228
2023-01-10 01:28:00,50.0,49.9,225,225
2023-01-10 01:30:00,49.9,49.9,226,226
2023-01-10 01:32:00,50.1,50.0,226,226
2023-01-10 01:34:00,49.9,49.9,226,226
2023-01-10 01:36:00,50.0,50.0,226,226
2023-01-10 01:38:00,50.0,50.0,226,226
2023-01-10 01:40:00,50,50.0,222,222
2023-01-10 01:42:00,49.8,49.8,226,226
2023-01-10 01:44:00,49.9,49.9,226,227
2023-01-10 01:46:00,49.8,49.8,226,226
2023-01-10 01:48:00,49.9,49.9,226,227
2023-01-10 01:50:00,50.0,50.0,226,227
2023-01-10 01:52:00,50.0,50.0,227,227
2023-01-10 01:54:00,50.0,50.0,227,227
2023-01-10 01:56:00,50.0,49.9,227,227
2023-01-10 01:58:00,50.0,50.0,227,227
2023-01-10 02:00:00,50.0,49.9,227,227
2023-01-10 02:02:00,49.9,49.9,228,228
2023-01-10 02:04:00,50.0,50.0,228,228
2023-01-10 02:06:00,50.0,49.9,228,228
2023-01-10 02:08:00,50.1,50.1,228,228
2023-01-10 02:10:00,50.0,50.0,228,228
2023-01-10 02:12:00,50.0,50.0,228,228
2023-01-10 02:14:00,50.0,49.9,228,228
2023-01-10 02:16:00,50.1,50.0,228,228
2023-01-10 02:18:00,49.9,50.0,228,228
2023-01-10 02:20:00,50.0,50.0,228,228
2023-01-10 02:22:00,50.0,50.0,228,228
2023-01-10 02:24:00,49.8,49.9,228,228
2023-01-10 02:26:00,49.8,49.8,228,228
2023-01-10 02:28:00,50.0,50.0,228,228
2023-01-10 02:30:00,50.0,50.0,228,229
2023-01-10 02:32:00,49.9,49.9,229,229
2023-01-10 02:34:00,50.0,50.0,228,228
2023-01-10 02:36:00,49.9,49.9,227,228
2023-01-10 02:38:00,50.0,50.0,228,228
2023-01-10 02:40:00,50.0,50.0,227,228
2023-01-10 02:42:00,50.0,50.1,227,228
2023-01-10 02:44:00,50.1,50.1,228,228
2023-01-10 02:46:00,50.1,50.0,228,228
2023-01-10 02:48:00,49.9,49.9,227,228
2023-01-10 02:50:00,49.9,49.9,227,228
2023-01-10 02:52:00,49.8,49.8,227,228
2023-01-10 02:54:00,49.9,49.9,227,228
2023-01-10 02:56:00,49.8,49.9,227,227
2023-01-10 02:58:00,50.0,50.0,227,227
2023-01-10 03:00:00,49.9,49.9,228,228
2023-01-10 03:02:00,50.0,50.0,227,228
2023-01-10 03:04:00,50.0,50.0,229,229
2023-01-10 03:06:00,50.1,50.1,229,229
2023-01-10 03:08:00,49.9,49.9,229,229
2023-01-10 03:10:00,50.1,50.0,229,230
2023-01-10 03:12:00,50.1,50.1,229,230
2023-01-10 03:14:00,50.1,50.1,229,229
2023-01-10 03:16:00,49.8,49.8,229,229
2023-01-10 03:18:00,50.0,50.0,228,228
2023-01-10 03:20:00,49.8,49.8,229,229
2023-01-10 03:22:00,49.9,50.0,229,229
2023-01-10 03:24:00,50.0,50.0,229,229
2023-01-10 03:26:00,50.0,50.0,229,230
2023-01-10 03:28:00,50.0,50,230,230
2023-01-10 03:30:00,50.0,50.0,230,230
2023-01-10 03:32:00,49.9,49.8,229,230
2023-01-10 03:34:00,49.8,49.9,230,230
2023-01-10 03:36:00,49.9,49.9,227,228
2023-01-10 03:38:00,50.1,50.1,228,228
2023-01-10 03:40:00,49.9,50.0,227,228
2023-01-10 03:42:00,49.8,49.9,227,227
2023-01-10 03:44:00,50.0,50.0,227,227
2023-01-10 03:46:00,50.0,49.9,227,227
2023-01-10 03:48:00,49.9,49.9,227,227
2023-01-10 03:50:00,50.1,50.1,227,228
2023-01-10 03:52:00,50.2,50.2,228,228
2023-01-10 03:54:00,49.9,49.9,227,228
2023-01-10 03:56:00,49.8,49.8,227,228
2023-01-10 03:58:00,50.0,50.0,228,228
2023-01-10 04:00:00,50.0,50.0,228,228
2023-01-10 04:02:00,50.1,50.1,228,228
2023-01-10 04:04:00,50.0,49.9,229,229
2023-01-10 04:06:00,50.1,50.0,228,229
2023-01-10 04:08:00,50.0,50.0,228,229
2023-01-10 04:10:00,49.9,49.8,229,229
2023-01-10 04:12:00,49.9,49.9,227,228
2023-01-10 04:14:00,50.0,49.9,227,228
2023-01-10 04:16:00,50.0,49.9,228,228
2023-01-10 04:18:00,49.9,50.0,228,228
2023-01-10 04:20:00,50.2,50.2,228,228
2023-01-10 04:22:00,49.9,50.0,228,228
2023-01-10 04:24:00,50.0,50.0,228,228
2023-01-10 04:26:00,50.0,50.1,228,228
2023-01-10 04:28:00,50.0,50.0,228,228
2023-01-10 04:30:00,49.9,49.9,228,228
2023-01-10 04:32:00,49.7,49.7,229,229
2023-01-10 04:34:00,49.9,49.9,229,230
2023-01-10 04:36:00,50.1,50.0,229,229
2023-01-10 04:38:00,50.0,50.0,229,229
2023-01-10 04:40:00,50.3,50.3,228,228
2023-01-10 04:42:00,50.0,50.0,228,228
2023-01-10 04:44:00,49.6,49.6,227,227
2023-01-10 04:46:00,49.8,49.8,227,227
2023-01-10 04:48:00,50.0,50.0,227,228
2023-01-10 04:50:00,50.0,50.0,228,228
2023-01-10 04:52:00,50.0,50.0,227,228
2023-01-10 04:54:00,49.9,49.9,227,228
2023-01-10 04:56:00,49.9,50.0,228,228
2023-01-10 04:58:00,49.9,50.0,227,227
2023-01-10 05:00:00,49.9,50.0,226,227
2023-01-10 05:02:00,50.1,50.1,226,226
2023-01-10 05:04:00,50.0,50.0,228,228
2023-01-10 05:06:00,50.0,49.9,228,228
2023-01-10 05:08:00,50.1,50.1,229,229
2023-01-10 05:10:00,50.1,50.0,228,229
2023-01-10 05:12:00,49.8,49.7,224,224
2023-01-10 05:14:00,49.9,49.9,224,224
2023-01-10 05:16:00,50.1,50.0,228,228
2023-01-10 05:18:00,49.9,49.9,228,228
2023-01-10 05:20:00,49.7,49.7,228,228
2023-01-10 05:22:00,50.0,50.0,223,223
2023-01-10 05:24:00,50.0,50.0,228,228
2023-01-10 05:26:00,49.9,50.0,228,228
2023-01-10 05:28:00,49.8,49.8,228,228
2023-01-10 05:30:00,50.1,50.0,226,227
2023-01-10 05:32:00,50.0,50.0,226,227
2023-01-10 05:34:00,50.0,50.0,227,227
2023-01-10 05:36:00,49.8,49.8,227,228
2023-01-10 05:38:00,49.9,50,228,229
2023-01-10 05:40:00,50.0,49.9,228,228
2023-01-10 05:42:00,50.1,50.1,227,227
2023-01-10 05:44:00,49.7,49.7,226,226
2023-01-10 05:46:00,49.7,49.7,225,225
2023-01-10 05:48:00,50.0,50.1,225,226
2023-01-10 05:50:00,50.0,50.1,227,228
2023-01-10 05:52:00,50.1,50.0,226,226
2023-01-10 05:54:00,50.0,50.0,225,226
2023-01-10 05:56:00,49.7,49.7,223,223
2023-01-10 05:58:00,50.3,50.3,225,225
2023-01-10 06:00:00,50.0,50.0,224,225
2023-01-10 06:02:00,50.2,50.2,223,223
2023-01-10 06:04:00,49.8,49.8,224,224
2023-01-10 06:06:00,50.1,50.0,228,228
2023-01-10 06:08:00,50.3,50.2,226,226
2023-01-10 06:10:00,50.0,50.0,227,227
2023-01-10 06:12:00,49.8,49.9,226,226
2023-01-10 06:14:00,50.1,50.1,223,223
2023-01-10 06:16:00,49.9,49.9,227,228
2023-01-10 06:18:00,49.9,49.9,227,227
2023-01-10 06:20:00,50.0,50.0,227,227
2023-01-10 06:22:00,49.8,49.8,226,226
2023-01-10 06:24:00,50.4,50.4,228,228
2023-01-10 06:26:00,50.1,50.1,227,228
2023-01-10 06:28:00,49.9,49.9,223,223
2023-01-10 06:30:00,50.0,50.1,226,226
2023-01-10 06:32:00,49.8,49.8,224,222
2023-01-10 06:34:00,49.8,49.8,224,224
2023-01-10 06:36:00,50.2,50.2,225,226
2023-01-10 06:38:00,50.1,50.2,225,226
2023-01-10 06:40:00,50.1,50.1,224,225
2023-01-10 06:42:00,49.8,49.8,223,223
2023-01-10 06:44:00,50.0,50.0,226,226
2023-01-10 06:46:00,49.8,49.9,219,219
2023-01-10 06:48:00,49.8,49.8,219,219
2023-01-10 06:50:00,49.6,49.7,219,219
2023-01-10 06:52:00,50.1,50.1,223,223
2023-01-10 06:54:00,49.9,50.0,221,222
2023-01-10 06:56:00,50.0,50.0,221,221
2023-01-10 06:58:00,49.7,49.7,222,223
2023-01-10 07:00:00,50.1,50.1,221,221
2023-01-10 07:02:00,50.1,50.1,223,223
2023-01-10 07:04:00,49.8,49.8,221,222
2023-01-10 07:06:00,49.7,49.7,223,223
2023-01-10 07:08:00,49.7,49.8,223,223
2023-01-10 07:10:00,50.1,50.0,224,224
2023-01-10 07:12:00,50.2,50.1,221,221
2023-01-10 07:14:00,49.8,49.8,224,224
2023-01-10 07:16:00,50.1,50.1,220,220
2023-01-10 07:18:00,49.6,49.7,218,219
2023-01-10 07:20:00,49.9,49.9,216,216
2023-01-10 07:22:00,49.9,49.8,219,219
2023-01-10 07:24:00,50.1,50.1,219,219
2023-01-10 07:26:00,50.5,50.5,223,223
2023-01-10 07:28:00,49.9,50.0,223,223
2023-01-10 07:30:00,50.0,50.1,221,221
2023-01-10 07:32:00,50.2,50.2,224,224
2023-01-10 07:34:00,49.6,49.6,222,222
2023-01-10 07:36:00,49.4,49.4,223,223
2023-01-10 07:38:00,50.1,50.0,225,225
2023-01-10 07:40:00,50.4,50.4,224,224
2023-01-10 07:42:00,49.9,50.0,224,224
2023-01-10 07:44:00,50.1,50.1,223,223
2023-01-10 07:46:00,49.9,49.9,222,222
2023-01-10 07:48:00,50,50.0,214,214
2023-01-10 07:50:00,50.0,50.0,217,217
2023-01-10 07:52:00,49.9,50.0,216,216
2023-01-10 07:54:00,49.8,49.7,215,215
2023-01-10 07:56:00,50.0,50.0,216,216
2023-01-10 07:58:00,49.8,49.7,216,216
2023-01-10 08:00:00,50.1,50.1,221,221
2023-01-10 08:02:00,50.0,50.0,221,221
2023-01-10 08:04:00,50.0,50.0,215,215
2023-01-10 08:06:00,50.1,50.2,215,215
2023-01-10 08:08:00,50.0,50.0,215,215
2023-01-10 08:10:00,50.3,50.3,217,218
2023-01-10 08:12:00,50.0,50.0,215,216
2023-01-10 08:14:00,50.1,50.1,221,221
2023-01-10 08:16:00,49.9,49.8,221,221
2023-01-10 08:18:00,49.9,50.0,220,220
2023-01-10 08:20:00,49.7,49.7,220,220
2023-01-10 08:22:00,49.9,49.9,219,219
2023-01-10 08:24:00,50.1,50.1,224,224
2023-01-10 08:26:00,50,50.0,223,223
2023-01-10 08:28:00,49.9,50.1,221,221
2023-01-10 08:30:00,49.9,49.9,220,220
2023-01-10 08:32:00,50.0,50.0,220,220
2023-01-10 08:34:00,50.0,49.9,219,220
2023-01-10 08:36:00,49.9,49.9,222,222
2023-01-10 08:38:00,50.3,50.3,219,219
2023-01-10 08:40:00,50.4,50.2,221,221
2023-01-10 08:42:00,50.1,49.9,216,216
2023-01-10 08:44:00,50.4,50.5,223,223
2023-01-10 08:46:00,50.0,50.1,222,223
2023-01-10 08:48:00,50.2,50.1,222,222
2023-01-10 08:50:00,50.1,50.0,221,222
2023-01-10 08:52:00,50.2,50.1,221,222
2023-01-10 08:54:00,49.3,49.3,220,220
2023-01-10 08:56:00,49.3,49.4,218,217
2023-01-10 08:58:00,49.5,49.5,221,222
2023-01-10 09:00:00,49.9,50.0,221,221
2023-01-10 09:02:00,50.0,49.9,219,219
2023-01-10 09:04:00,49.7,49.6,220,219
2023-01-10 09:06:00,49.9,49.7,214,214
2023-01-10 09:08:00,49.8,49.9,218,218
2023-01-10 09:10:00,50.1,50.2,219,219
2023-01-10 09:12:00,50.0,49.9,219,219
2023-01-10 09:14:00,49.7,49.7,220,220
2023-01-10 09:16:00,49.9,50.0,219,219
2023-01-10 09:18:00,49.9,49.9,223,223
2023-01-10 09:20:00,50.0,50.0,219,219
2023-01-10 09:22:00,50.2,50.2,221,221
2023-01-10 09:24:00,50.1,50.0,220,221
2023-01-10 09:26:00,50.8,50.7,223,223
2023-01-10 09:28:00,50.2,50.2,222,222
2023-01-10 09:30:00,50.0,49.9,222,221
2023-01-10 09:32:00,50.0,49.9,222,223
2023-01-10 09:34:00,50.1,50.1,221,221
2023-01-10 09:36:00,49.7,49.7,222,222
2023-01-10 09:38:00,49.4,49.6,221,221
2023-01-10 09:40:00,49.9,49.9,221,222
2023-01-10 09:42:00,49.9,49.9,222,222
2023-01-10 09:44:00,50.0,49.9,220,220
2023-01-10 09:46:00,49.9,50.0,223,223
2023-01-10 09:48:00,49.7,49.7,217,219
2023-01-10 09:50:00,50.1,49.9,216,217
2023-01-10 09:52:00,50.1,50.0,219,219
2023-01-10 09:54:00,49.8,49.7,218,217
2023-01-10 09:56:00,49.8,49.8,219,218
2023-01-10 09:58:00,49.8,49.7,220,219
2023-01-10 10:00:00,50.1,50.1,215,216
2023-01-10 10:02:00,49.9,49.9,210,211
2023-01-10 10:04:00,50.3,50.2,216,216
2023-01-10 10:06:00,49.9,49.9,216,216
2023-01-10 10:08:00,49.9,49.8,216,216
2023-01-10 10:10:00,49.6,49.6,214,214
2023-01-10 10:12:00,49.7,49.7,218,219
2023-01-10 10:14:00,50.0,50.0,216,218
2023-01-10 10:16:00,50.4,50.3,214,214
2023-01-10 10:18:00,49.8,49.9,216,216
2023-01-10 10:20:00,49.9,50.0,218,217
2023-01-10 10:22:00,49.8,49.7,216,216
2023-01-10 10:24:00,49.8,49.8,215,216
2023-01-10 10:26:00,49.9,50.0,216,217
2023-01-10 10:28:00,49.9,49.9,218,218
2023-01-10 10:30:00,50.2,50.1,216,217
2023-01-10 10:32:00,50.2,50.2,213,214
2023-01-10 10:34:00,50.5,50.4,214,213
2023-01-10 10:36:00,50.1,50.2,215,214
2023-01-10 10:38:00,49.8,49.7,215,215
2023-01-10 10:40:00,49.6,49.6,216,216
2023-01-10 10:42:00,49.6,49.7,213,211
2023-01-10 10:44:00,50.0,50.0,208,207
2023-01-10 10:46:00,50.1,50.0,199,199
2023-01-10 10:48:00,50.2,50.1,208,207
2023-01-10 10:50:00,50.0,49.9,212,211
2023-01-10 10:52:00,49.5,49.4,209,209
2023-01-10 10:54:00,49.8,49.7,212,214
2023-01-10 10:56:00,49.9,50.0,214,214
2023-01-10 10:58:00,50.1,50.2,209,208
2023-01-10 11:00:00,50.1,50.1,209,211
2023-01-10 11:02:00,49.6,49.6,214,214
2023-01-10 11:04:00,49.8,49.9,214,214
2023-01-10 11:06:00,50.1,50.0,214,214
2023-01-10 11:08:00,50.2,50.1,216,216
2023-01-10 11:10:00,50.3,50.3,216,216
2023-01-10 11:12:00,50.0,50.2,216,216
2023-01-10 11:14:00,50,50.1,211,211
2023-01-10 11:16:00,51.4,50.2,205,204
2023-01-10 11:18:00,50.1,50.0,211,210
2023-01-10 11:20:00,49.9,49.9,214,216
2023-01-10 11:22:00,49.8,50.0,209,209
2023-01-10 11:24:00,49.7,49.7,214,214
2023-01-10 11:26:00,50.0,50.0,214,214
2023-01-10 11:28:00,50.0,49.9,219,218
2023-01-10 11:30:00,49.9,50.0,215,215
2023-01-10 11:32:00,50.1,50.2,210,210
2023-01-10 11:34:00,50.1,50.1,215,216
2023-01-10 11:36:00,50.4,50.4,217,216
2023-01-10 11:38:00,49.8,49.8,219,219
2023-01-10 11:40:00,50.0,50.1,219,218
2023-01-10 11:42:00,49.7,49.7,215,215
2023-01-10 11:44:00,50.2,50.2,216,217
2023-01-10 11:46:00,50.1,50.1,219,219
2023-01-10 11:48:00,49.7,49.8,220,220
2023-01-10 11:50:00,49.9,49.9,221,221
2023-01-10 11:52:00,49.9,49.9,224,224
2023-01-10 11:54:00,49.9,49.9,222,222
2023-01-10 11:56:00,49.8,49.9,223,223
2023-01-10 11:58:00,50.1,50.2,221,221
2023-01-10 12:00:00,50.0,50.0,222,221
2023-01-10 12:02:00,50.1,50.1,223,223
2023-01-10 12:04:00,50.4,50.4,219,219
2023-01-10 12:06:00,50.2,50.2,222,222
2023-01-10 12:08:00,50.0,50.0,219,221
2023-01-10 12:10:00,50.0,50.1,222,221
2023-01-10 12:12:00,50.0,50.0,219,219
2023-01-10 12:14:00,50.0,50.1,219,219
2023-01-10 12:16:00,50.3,50.3,219,219
2023-01-10 12:18:00,49.9,49.9,215,215
2023-01-10 12:20:00,50.1,50.0,218,217
2023-01-10 12:22:00,50.3,50.3,214,214
2023-01-10 12:24:00,50.3,50.3,219,219
2023-01-10 12:26:00,49.9,49.9,216,216
2023-01-10 12:28:00,49.6,49.6,218,218
2023-01-10 12:30:00,49.8,49.8,211,210
2023-01-10 12:32:00,49.9,49.9,217,218
2023-01-10 12:34:00,50.0,50.1,216,216
2023-01-10 12:36:00,50.3,50.2,216,217
2023-01-10 12:38:00,49.7,49.7,216,216
2023-01-10 12:40:00,49.8,49.8,211,211
2023-01-10 12:42:00,50.0,50.0,216,216
2023-01-10 12:44:00,49.8,49.9,214,214
2023-01-10 12:46:00,49.6,49.7,217,219
2023-01-10 12:48:00,49.7,49.7,215,216
2023-01-10 12:50:00,50.1,50.1,217,218
2023-01-10 12:52:00,50.1,50.1,216,216
2023-01-10 12:54:00,49.8,49.9,221,221
2023-01-10 12:56:00,49.8,49.8,214,214
2023-01-10 12:58:00,50.1,50.1,217,218
2023-01-10 13:00:00,50.4,50.4,217,217
2023-01-10 13:02:00,50.1,50.2,215,216
2023-01-10 13:04:00,49.9,50.0,214,214
2023-01-10 13:06:00,50.0,50.0,216,216
2023-01-10 13:08:00,50.0,50.0,215,216
2023-01-10 13:10:00,49.9,49.8,219,219
2023-01-10 13:12:00,50.0,50.0,218,218
2023-01-10 13:14:00,50.0,50.0,219,219
2023-01-10 13:16:00,50.0,50.0,216,216
2023-01-10 13:18:00,50.0,50.0,220,221
2023-01-10 13:20:00,49.8,49.8,216,216
2023-01-10 13:22:00,50.2,50.1,220,221
2023-01-10 13:24:00,50.1,50.1,219,219
2023-01-10 13:26:00,50.2,50.1,216,216
2023-01-10 13:28:00,50.3,50.3,221,222
2023-01-10 13:30:00,49.9,50.0,221,221
2023-01-10 13:32:00,50.1,50.1,225,226
2023-01-10 13:34:00,50.3,50.3,220,221
2023-01-10 13:36:00,49.9,49.9,223,224
2023-01-10 13:38:00,50.0,50.0,218,219
2023-01-10 13:40:00,50.0,50.2,221,221
2023-01-10 13:42:00,50.0,49.9,221,221
2023-01-10 13:44:00,49.8,49.8,221,221
2023-01-10 13:46:00,49.5,49.6,221,221
2023-01-10 13:48:00,49.7,49.7,216,216
2023-01-10 13:50:00,49.9,49.8,216,216
2023-01-10 13:52:00,50.4,50.3,222,223
2023-01-10 13:54:00,50.1,50.0,222,223
2023-01-10 13:56:00,50.0,50.0,223,225
2023-01-10 13:58:00,50.3,50.2,219,219
2023-01-10 14:00:00,50.3,50.2,216,217
2023-01-10 14:02:00,50.2,50.2,219,218
2023-01-10 14:04:00,50.1,50.1,216,215
2023-01-10 14:06:00,50.0,50.0,220,218
2023-01-10 14:08:00,50.0,50.0,219,218
2023-01-10 14:10:00,49.9,49.9,220,219
2023-01-10 14:12:00,50.3,50.3,221,220
2023-01-10 14:14:00,50.2,50.2,220,219
2023-01-10 14:16:00,50.0,50.0,221,220
2023-01-10 14:18:00,50.3,50.2,220,221
2023-01-10 14:20:00,50.1,50.2,222,221
2023-01-10 14:22:00,50.1,50.2,219,219
2023-01-10 14:24:00,49.7,49.8,219,217
2023-01-10 14:26:00,50.2,50.2,220,228
2023-01-10 14:28:00,50.4,50.3,216,217
2023-01-10 14:30:00,49.9,49.9,219,219
2023-01-10 14:32:00,50.1,50.1,219,219
2023-01-10 14:34:00,50.1,50.1,219,220
2023-01-10 14:36:00,49.9,50.0,221,219
2023-01-10 14:38:00,49.9,50.0,219,217
2023-01-10 14:40:00,49.9,48.5,219,219
2023-01-10 14:42:00,49.9,,218,
2023-01-10 14:44:00,50.0,,221,
2023-01-10 14:46:00,49.8,,221,
2023-01-10 14:48:00,49.8,,220,
2023-01-10 14:50:00,50.0,,219,
2023-01-10 14:52:00,51.4,,221,
2023-01-10 14:54:00,50.0,,223,
2023-01-10 14:56:00,49.7,,221,
2023-01-10 14:58:00,50.0,49.6,223,226
2023-01-10 15:00:00,49.8,49.8,221,223
2023-01-10 15:02:00,50.0,49.8,219,219
2023-01-10 15:04:00,49.7,50.2,216,221
2023-01-10 15:06:00,49.9,50.2,221,220
2023-01-10 15:08:00,49.9,49.8,221,221
2023-01-10 15:10:00,50.3,50.1,221,221
2023-01-10 15:12:00,50.1,50.2,221,221
2023-01-10 15:14:00,49.5,50.0,219,218
2023-01-10 15:16:00,50.0,49.7,221,220
2023-01-10 15:18:00,50.1,50.0,223,221
2023-01-10 15:20:00,50.1,50.2,219,223
2023-01-10 15:22:00,49.6,50.4,222,226
2023-01-10 15:24:00,49.5,50.1,221,222
2023-01-10 15:26:00,49.9,50.0,224,223
2023-01-10 15:28:00,49.9,50.4,223,223
2023-01-10 15:30:00,49.7,50.0,220,220
2023-01-10 15:32:00,49.9,50.2,221,223
2023-01-10 15:34:00,50.6,50.2,223,222
2023-01-10 15:36:00,50.0,50.2,215,208
2023-01-10 15:38:00,50.3,50.0,214,209
2023-01-10 15:40:00,50.1,50.1,211,209
2023-01-10 15:42:00,50.0,50.0,215,211
2023-01-10 15:44:00,49.9,50.2,221,222
2023-01-10 15:46:00,49.8,49.9,222,222
2023-01-10 15:48:00,49.7,50.1,221,221
2023-01-10 15:50:00,49.9,50.1,219,221
2023-01-10 15:52:00,50.0,49.9,220,221
2023-01-10 15:54:00,49.9,49.8,221,222
2023-01-10 15:56:00,49.7,49.8,223,223
2023-01-10 15:58:00,49.5,50.2,219,219
2023-01-10 16:00:00,50.4,50.0,225,223
2023-01-10 16:02:00,49.9,49.6,215,220
2023-01-10 16:04:00,49.8,49.9,216,219
2023-01-10 16:06:00,49.8,50.0,220,221
2023-01-10 16:08:00,49.5,49.5,222,221
2023-01-10 16:10:00,50.0,50.3,221,222
2023-01-10 16:12:00,50.2,50.1,219,219
2023-01-10 16:14:00,49.9,49.6,220,221
2023-01-10 16:16:00,49.4,49.6,215,216
2023-01-10 16:18:00,50.1,50.2,219,220
2023-01-10 16:20:00,50.1,49.8,221,221
2023-01-10 16:22:00,50.1,50.3,221,220
2023-01-10 16:24:00,49.7,50.0,223,221
2023-01-10 16:26:00,49.5,49.9,220,219
2023-01-10 16:28:00,49.9,50.2,216,219
2023-01-10 16:30:00,49.9,49.6,219,218
2023-01-10 16:32:00,50.2,49.8,220,218
2023-01-10 16:34:00,49.5,49.6,220,219
2023-01-10 16:36:00,50.2,50.2,216,216
2023-01-10 16:38:00,50.2,50.5,219,220
2023-01-10 16:40:00,49.8,50.0,219,219
2023-01-10 16:42:00,50.0,49.7,219,217
2023-01-10 16:44:00,50.0,50.0,219,220
2023-01-10 16:46:00,49.8,50.0,219,221
2023-01-10 16:48:00,50.2,49.8,219,217
2023-01-10 16:50:00,50.5,50.0,219,219
2023-01-10 16:52:00,49.5,49.6,221,223
2023-01-10 16:54:00,49.9,50.0,222,219
2023-01-10 16:56:00,50.6,50.2,221,221
2023-01-10 16:58:00,50.2,50.1,222,221
2023-01-10 17:00:00,49.7,49.2,221,220
2023-01-10 17:02:00,99.5,49.6,223,222
2023-01-10 17:04:00,49.5,49.7,221,221
2023-01-10 17:06:00,49.7,49.9,220,221
2023-01-10 17:08:00,49.7,50.0,219,221
2023-01-10 17:10:00,50.3,49.5,221,217
2023-01-10 17:12:00,49.7,49.2,219,217
2023-01-10 17:14:00,50.1,49.5,221,219
2023-01-10 17:16:00,50.3,50.0,221,221
2023-01-10 17:18:00,50,49.3,226,221
2023-01-10 17:20:00,49.7,49.3,218,217
2023-01-10 17:22:00,49.6,49.9,220,219
2023-01-10 17:24:00,50.5,50.1,224,222
2023-01-10 17:26:00,49.7,49.7,216,216
2023-01-10 17:28:00,50.0,50.5,219,221
2023-01-10 17:30:00,50.0,50.6,219,220
2023-01-10 17:32:00,50.2,50.1,219,219
2023-01-10 17:34:00,50.3,50.0,218,219
2023-01-10 17:36:00,50.3,50.1,216,218
2023-01-10 17:38:00,49.4,49.7,211,211
2023-01-10 17:40:00,49.5,50.1,212,214
2023-01-10 17:42:00,49.8,49.8,215,217
2023-01-10 17:44:00,49.5,49.4,214,214
2023-01-10 17:46:00,50.2,49.9,211,209
2023-01-10 17:48:00,50.3,49.8,213,211
2023-01-10 17:50:00,50.0,50.0,211,211
2023-01-10 17:52:00,50.1,50.3,210,212
2023-01-10 17:54:00,49.7,49.9,209,211
2023-01-10 17:56:00,49.8,49.5,210,210
2023-01-10 17:58:00,49.9,50.3,207,211
2023-01-10 18:00:00,50.2,50.0,209,211
2023-01-10 18:02:00,49.8,49.4,213,213
2023-01-10 18:04:00,49.8,49.9,215,215
2023-01-10 18:06:00,50.1,49.8,216,216
2023-01-10 18:08:00,50.0,49.7,216,219
2023-01-10 18:10:00,49.7,50.0,220,220
2023-01-10 18:12:00,50.1,50.6,221,221
2023-01-10 18:14:00,49.9,49.9,220,221
2023-01-10 18:16:00,49.6,49.5,220,220
2023-01-10 18:18:00,49.8,50.0,219,220
2023-01-10 18:20:00,50.2,50.8,220,220
2023-01-10 18:22:00,50.5,50.0,219,220
2023-01-10 18:24:00,50.0,50.1,218,218
2023-01-10 18:26:00,50.2,50.1,219,219
2023-01-10 18:28:00,49.8,50.4,219,219
2023-01-10 18:30:00,49.9,50.2,218,219
2023-01-10 18:32:00,49.9,49.7,217,218
2023-01-10 18:34:00,49.9,49.6,219,219
2023-01-10 18:36:00,49.5,49.5,219,220
2023-01-10 18:38:00,50.0,49.8,218,218
2023-01-10 18:40:00,50.1,50.0,217,217
2023-01-10 18:42:00,49.7,49.6,217,218
2023-01-10 18:44:00,50.0,50.1,218,218
2023-01-10 18:46:00,49.9,49.9,219,219
2023-01-10 18:48:00,49.8,49.8,219,219
2023-01-10 18:50:00,50.0,49.9,219,219
2023-01-10 18:52:00,49.7,49.8,219,219
2023-01-10 18:54:00,49.7,49.7,219,219
2023-01-10 18:56:00,50.3,50.2,214,213
2023-01-10 18:58:00,49.8,49.9,217,211
2023-01-10 19:00:00,49.7,49.7,211,211
2023-01-10 19:02:00,49.8,49.8,219,219
2023-01-10 19:04:00,50.0,49.8,219,219
2023-01-10 19:06:00,49.6,49.7,219,219
2023-01-10 19:08:00,49.8,49.9,219,219
2023-01-10 19:10:00,49.9,50.0,219,219
2023-01-10 19:12:00,50.0,49.9,219,219
2023-01-10 19:14:00,49.8,49.9,218,218
2023-01-10 19:16:00,50.0,50.0,217,217
2023-01-10 19:18:00,50.0,50.1,217,217
2023-01-10 19:20:00,50.0,50.0,216,216
2023-01-10 19:22:00,50.0,50.0,218,218
2023-01-10 19:24:00,50.1,50.1,218,218
2023-01-10 19:26:00,49.8,49.9,212,213
2023-01-10 19:28:00,50.0,49.8,216,216
2023-01-10 19:30:00,50.1,50.2,212,215
2023-01-10 19:32:00,49.9,50.1,217,217
2023-01-10 19:34:00,50.0,49.9,216,216
2023-01-10 19:36:00,50.0,50.2,217,217
2023-01-10 19:38:00,49.7,49.7,216,216
2023-01-10 19:40:00,50.1,50.1,211,211
2023-01-10 19:42:00,49.8,50.0,216,217
2023-01-10 19:44:00,49.8,49.2,217,216
2023-01-10 19:46:00,49.8,49.8,216,216
2023-01-10 19:48:00,50.3,50.2,216,217
2023-01-10 19:50:00,49.9,50.0,217,217
2023-01-10 19:52:00,50.1,50.0,216,216
2023-01-10 19:54:00,49.8,50.2,216,216
2023-01-10 19:56:00,50.1,50.3,216,217
2023-01-10 19:58:00,50.0,50.0,218,218
2023-01-10 20:00:00,49.7,49.8,216,216
2023-01-10 20:02:00,50.2,50.2,217,219
2023-01-10 20:04:00,49.9,49.7,215,214
2023-01-10 20:06:00,49.6,49.5,216,216
2023-01-10 20:08:00,50.1,50.2,216,216
2023-01-10 20:10:00,50.1,50.1,216,214
2023-01-10 20:12:00,50.2,49.9,216,216
2023-01-10 20:14:00,50.0,50.0,218,217
2023-01-10 20:16:00,49.9,49.8,216,217
2023-01-10 20:18:00,50.1,50.0,217,217
2023-01-10 20:20:00,50.1,49.9,218,219
2023-01-10 20:22:00,50.1,49.8,218,217
2023-01-10 20:24:00,50.1,50.1,219,219
2023-01-10 20:26:00,50.1,50.0,219,219
2023-01-10 20:28:00,50.2,50.0,219,219
2023-01-10 20:30:00,50.1,49.8,217,217
2023-01-10 20:32:00,50.1,50.0,218,218
2023-01-10 20:34:00,50.2,50.3,218,217
2023-01-10 20:36:00,49.7,49.7,216,216
2023-01-10 20:38:00,49.9,50.1,219,219
2023-01-10 20:40:00,49.4,49.3,217,217
2023-01-10 20:42:00,50,50.1,219,219
2023-01-10 20:44:00,50.0,50.1,221,220
2023-01-10 20:46:00,49.8,49.8,219,219
2023-01-10 20:48:00,50.1,50.2,220,221
2023-01-10 20:50:00,50,49.9,221,221
2023-01-10 20:52:00,49.6,49.6,221,220
2023-01-10 20:54:00,49.8,49.8,221,221
2023-01-10 20:56:00,50.2,50.1,220,220
2023-01-10 20:58:00,49.7,49.7,220,220
2023-01-10 21:00:00,50.3,50.2,218,218
2023-01-10 21:02:00,49.7,49.9,219,220
2023-01-10 21:04:00,49.7,50.0,220,221
2023-01-10 21:06:00,50.2,50.2,221,221
2023-01-10 21:08:00,49.9,50.0,221,221
2023-01-10 21:10:00,50.2,50.2,219,219
2023-01-10 21:12:00,49.9,49.8,221,221
2023-01-10 21:14:00,49.7,49.6,221,221
2023-01-10 21:16:00,50.3,50.1,221,221
2023-01-10 21:18:00,50.0,50.1,222,223
2023-01-10 21:20:00,50.2,50.0,223,223
2023-01-10 21:22:00,49.9,50.0,222,223
2023-01-10 21:24:00,49.7,49.8,223,223
2023-01-10 21:26:00,50.0,50.1,222,223
2023-01-10 21:28:00,49.9,50.0,223,223
2023-01-10 21:30:00,49.9,49.9,223,223
2023-01-10 21:32:00,50.0,49.9,222,221
2023-01-10 21:34:00,49.7,49.7,221,221
2023-01-10 21:36:00,49.7,49.7,223,224
2023-01-10 21:38:00,50.0,50.1,224,224
2023-01-10 21:40:00,49.8,49.6,225,225
2023-01-10 21:42:00,50.0,50.0,224,225
2023-01-10 21:44:00,49.9,49.9,220,221
2023-01-10 21:46:00,49.8,49.9,224,225
2023-01-10 21:48:00,50.0,50.0,224,224
2023-01-10 21:50:00,50.0,49.9,226,225
2023-01-10 21:52:00,50.2,50.1,225,225
2023-01-10 21:54:00,50.1,49.8,226,226
2023-01-10 21:56:00,49.9,49.9,224,225
2023-01-10 21:58:00,49.8,49.7,223,223
2023-01-10 22:00:00,49.7,49.7,223,224
2023-01-10 22:02:00,50.0,49.9,223,223
2023-01-10 22:04:00,49.8,49.7,223,223
2023-01-10 22:06:00,49.8,49.7,223,223
2023-01-10 22:08:00,50.1,50.1,224,224
2023-01-10 22:10:00,49.9,49.9,224,224
2023-01-10 22:12:00,49.9,50.0,224,224
2023-01-10 22:14:00,50.0,49.9,226,225
2023-01-10 22:16:00,49.8,49.8,225,225
2023-01-10 22:18:00,50.0,50.0,225,226
2023-01-10 22:20:00,49.6,49.6,225,225
2023-01-10 22:22:00,50.1,50.1,220,220
2023-01-10 22:24:00,50.1,50.0,226,226
2023-01-10 22:26:00,49.9,49.9,220,220
2023-01-10 22:28:00,50.1,50.1,226,226
2023-01-10 22:30:00,50.1,50.1,226,226
2023-01-10 22:32:00,49.6,49.8,226,227
2023-01-10 22:34:00,50.1,50.2,227,227
2023-01-10 22:36:00,50.0,50.1,227,227
2023-01-10 22:38:00,49.9,50.0,228,228
2023-01-10 22:40:00,50.1,50.1,228,228
2023-01-10 22:42:00,50.1,50.0,228,228
2023-01-10 22:44:00,49.7,49.8,228,228
2023-01-10 22:46:00,49.7,49.7,228,228
2023-01-10 22:48:00,50.0,49.9,228,228
2023-01-10 22:50:00,49.9,49.9,228,228
2023-01-10 22:52:00,50.2,50.3,227,227
2023-01-10 22:54:00,50.1,50.0,228,228
2023-01-10 22:56:00,50.0,50.0,226,227
2023-01-10 22:58:00,49.7,49.7,227,227
2023-01-10 23:00:00,49.9,49.7,224,223
2023-01-10 23:02:00,49.7,49.7,228,228
2023-01-10 23:04:00,49.6,49.6,227,228
2023-01-10 23:06:00,50.1,50.1,228,228
2023-01-10 23:08:00,49.6,49.5,228,228
2023-01-10 23:10:00,49.9,49.9,228,228
2023-01-10 23:12:00,49.9,49.8,227,228
2023-01-10 23:14:00,50.2,50.2,227,228
2023-01-10 23:16:00,49.9,50.0,227,226
2023-01-10 23:18:00,49.8,49.7,227,226
2023-01-10 23:20:00,49.9,50.0,228,228
2023-01-10 23:22:00,50.0,50.0,228,228
2023-01-10 23:24:00,49.7,49.8,229,229
2023-01-10 23:26:00,49.8,49.9,229,230
2023-01-10 23:28:00,49.9,49.9,230,230
2023-01-10 23:30:00,50.1,50.1,231,231
2023-01-10 23:32:00,50.0,49.7,231,230
2023-01-10 23:34:00,49.8,49.9,231,231
2023-01-10 23:36:00,50.0,50.0,231,231
2023-01-10 23:38:00,49.9,49.9,230,231
2023-01-10 23:40:00,49.9,50.0,231,231
2023-01-10 23:42:00,50.0,49.9,231,231
2023-01-10 23:44:00,50.0,50.0,231,231
2023-01-10 23:46:00,50.1,50.1,230,230
2023-01-10 23:48:00,49.9,49.9,230,230
2023-01-10 23:50:00,49.8,49.8,229,230
2023-01-10 23:52:00,50.0,50.0,230,230
2023-01-10 23:54:00,50.0,50.0,230,230
2023-01-10 23:56:00,49.8,49.8,230,230
2023-01-10 23:58:00,50.1,50.1,231,231
2023-01-11 00:00:00,50.1,50.1,231,231
2023-01-11 00:02:00,50.0,49.9,231,231
2023-01-11 00:04:00,50.0,50,231,231
2023-01-11 00:06:00,49.7,49.8,228,228
2023-01-11 00:08:00,50.0,50.0,228,228
2023-01-11 00:10:00,50.0,50.0,228,228
2023-01-11 00:12:00,50.2,50.2,228,228
2023-01-11 00:14:00,49.7,49.8,227,227
2023-01-11 00:16:00,49.7,49.6,228,227
2023-01-11 00:18:00,50.0,50.0,228,228
2023-01-11 00:20:00,50.1,50.1,229,229
2023-01-11 00:22:00,49.8,49.8,229,229
2023-01-11 00:24:00,50.1,50.1,229,230
2023-01-11 00:26:00,50.0,50.0,229,229
2023-01-11 00:28:00,50.2,50.2,229,230
2023-01-11 00:30:00,50.2,50.2,230,230
2023-01-11 00:32:00,49.9,49.9,229,229
2023-01-11 00:34:00,49.9,50.0,229,229
2023-01-11 00:36:00,49.8,49.9,230,230
2023-01-11 00:38:00,50.2,50.0,230,230
2023-01-11 00:40:00,49.7,49.6,229,229
2023-01-11 00:42:00,49.9,49.9,228,228
2023-01-11 00:44:00,49.8,49.8,228,228
2023-01-11 00:46:00,49.8,49.8,228,228
2023-01-11 00:48:00,50.2,50.2,229,229
2023-01-11 00:50:00,50.1,50.1,229,229
2023-01-11 00:52:00,49.7,49.7,229,229
2023-01-11 00:54:00,50.2,50.1,229,229
2023-01-11 00:56:00,50.2,50.2,229,229
2023-01-11 00:58:00,49.8,49.8,228,228
2023-01-11 01:00:00,49.7,49.6,228,228
2023-01-11 01:02:00,50.0,50.0,229,229
2023-01-11 01:04:00,50.1,50.1,229,228
2023-01-11 01:06:00,50.0,50.0,228,228
2023-01-11 01:08:00,49.8,49.8,228,228
2023-01-11 01:10:00,49.8,49.9,227,226
2023-01-11 01:12:00,49.7,49.6,227,227
2023-01-11 01:14:00,50.1,50.1,228,228
2023-01-11 01:16:00,50.0,49.8,230,228
2023-01-11 01:18:00,49.8,49.9,228,228
2023-01-11 01:20:00,49.8,49.8,230,230
2023-01-11 01:22:00,50.1,50.1,230,231
2023-01-11 01:24:00,49.9,49.9,232,238
2023-01-11 01:26:00,49.9,49.8,231,232
2023-01-11 01:28:00,49.9,49.9,231,232
2023-01-11 01:30:00,49.8,49.8,231,231
2023-01-11 01:32:00,49.8,49.7,231,231
2023-01-11 01:34:00,50.1,50.1,232,232
2023-01-11 01:36:00,50.0,50.0,232,232
2023-01-11 01:38:00,50.1,50.1,231,231
2023-01-11 01:40:00,50.1,50.0,231,231
2023-01-11 01:42:00,50.0,50.0,231,231
2023-01-11 01:44:00,50.0,50.0,231,231
2023-01-11 01:46:00,50.1,50.1,231,231
2023-01-11 01:48:00,49.9,49.9,231,231
2023-01-11 01:50:00,49.8,49.8,231,231
2023-01-11 01:52:00,49.9,49.9,231,231
2023-01-11 01:54:00,49.9,50.0,231,231
2023-01-11 01:56:00,49.5,49.6,231,231
2023-01-11 01:58:00,50.1,50.0,231,231
2023-01-11 02:00:00,49.9,49.9,231,231
2023-01-11 02:02:00,49.9,49.9,231,231
2023-01-11 02:04:00,50.0,50.0,228,229
2023-01-11 02:06:00,50.0,50,228,229
2023-01-11 02:08:00,49.9,49.9,229,229
2023-01-11 02:10:00,49.9,49.8,229,229
2023-01-11 02:12:00,49.8,49.8,231,231
2023-01-11 02:14:00,49.8,49.8,230,230
2023-01-11 02:16:00,50.1,50.1,231,231
2023-01-11 02:18:00,50.1,50.1,228,228
2023-01-11 02:20:00,49.9,49.9,231,231
2023-01-11 02:22:00,49.8,49.8,232,232
2023-01-11 02:24:00,49.8,49.8,230,230
2023-01-11 02:26:00,49.9,49.9,231,231
2023-01-11 02:28:00,49.7,49.7,231,231
2023-01-11 02:30:00,50.1,50.1,231,231
2023-01-11 02:32:00,50.1,50.1,231,231
2023-01-11 02:34:00,50.1,50.0,230,230
2023-01-11 02:36:00,49.9,49.9,229,229
2023-01-11 02:38:00,49.9,49.9,229,230
2023-01-11 02:40:00,49.7,49.6,229,229
2023-01-11 02:42:00,49.8,49.8,229,230
2023-01-11 02:44:00,49.9,49.9,230,230
2023-01-11 02:46:00,50.1,50.1,230,230
2023-01-11 02:48:00,49.9,49.9,229,230
2023-01-11 02:50:00,50.0,50.0,229,230
2023-01-11 02:52:00,49.9,49.9,229,230
2023-01-11 02:54:00,50.0,50.0,229,229
2023-01-11 02:56:00,50.0,50.0,229,229
2023-01-11 02:58:00,49.9,50.0,230,230
2023-01-11 03:00:00,50.0,50.0,229,229
2023-01-11 03:02:00,49.6,49.6,228,228
2023-01-11 03:04:00,50.0,50.0,231,231
2023-01-11 03:06:00,50.1,50.1,231,231
2023-01-11 03:08:00,50.0,50.0,232,232
2023-01-11 03:10:00,50.0,50.0,233,233
2023-01-11 03:12:00,50.0,49.9,232,232
2023-01-11 03:14:00,49.8,49.8,232,232
2023-01-11 03:16:00,50.0,50.0,233,233
2023-01-11 03:18:00,49.8,49.9,232,233
2023-01-11 03:20:00,49.8,49.9,232,232
2023-01-11 03:22:00,50.0,50.0,233,233
2023-01-11 03:24:00,50.1,50.1,233,233
2023-01-11 03:26:00,50.2,50.3,233,233
2023-01-11 03:28:00,49.7,49.8,232,232
2023-01-11 03:30:00,50.0,49.9,231,231
2023-01-11 03:32:00,49.8,49.8,231,231
2023-01-11 03:34:00,50.0,50.0,231,231
2023-01-11 03:36:00,50.0,50.0,231,231
2023-01-11 03:38:00,50.0,50.0,231,231
2023-01-11 03:40:00,49.9,49.9,231,231
2023-01-11 03:42:00,50.0,49.9,231,231
2023-01-11 03:44:00,49.8,49.8,228,228
2023-01-11 03:46:00,49.9,49.9,229,230
2023-01-11 03:48:00,49.8,49.8,229,229
2023-01-11 03:50:00,50,49.9,230,230
2023-01-11 03:52:00,50.1,50.0,230,231
2023-01-11 03:54:00,50.0,50.0,230,230
2023-01-11 03:56:00,49.6,49.6,228,229
2023-01-11 03:58:00,49.8,49.8,229,229
2023-01-11 04:00:00,49.8,49.9,228,228
2023-01-11 04:02:00,50.0,50.0,229,229
2023-01-11 04:04:00,49.9,50.0,231,231
2023-01-11 04:06:00,50.0,50.0,231,231
2023-01-11 04:08:00,50.0,50.0,231,231
2023-01-11 04:10:00,50.1,50.1,231,231
2023-01-11 04:12:00,49.6,49.6,231,231
2023-01-11 04:14:00,49.6,49.6,231,231
2023-01-11 04:16:00,50.0,50.1,231,231
2023-01-11 04:18:00,49.9,50.0,231,231
2023-01-11 04:20:00,49.9,49.8,231,231
2023-01-11 04:22:00,50.0,50.0,231,231
2023-01-11 04:24:00,50.1,50.0,231,231
2023-01-11 04:26:00,50.2,50.3,230,230
2023-01-11 04:28:00,49.7,49.7,228,229
2023-01-11 04:30:00,49.8,49.7,228,229
2023-01-11 04:32:00,49.8,49.8,231,231
2023-01-11 04:34:00,50.0,50.0,231,231
2023-01-11 04:36:00,50.1,50,231,231
2023-01-11 04:38:00,49.9,49.9,231,231
2023-01-11 04:40:00,49.9,50.0,231,231
2023-01-11 04:42:00,50.0,50.0,231,231
2023-01-11 04:44:00,50.0,50.0,231,231
2023-01-11 04:46:00,50.1,50.2,231,231
2023-01-11 04:48:00,50.0,50.0,231,231
2023-01-11 04:50:00,49.8,49.8,230,230
2023-01-11 04:52:00,49.8,49.8,230,230
2023-01-11 04:54:00,49.9,49.9,230,230
2023-01-11 04:56:00,49.8,49.8,229,229
2023-01-11 04:58:00,50.0,50.0,230,231
2023-01-11 05:00:00,49.9,49.9,231,232
2023-01-11 05:02:00,50.1,50.1,232,232
2023-01-11 05:04:00,50.0,50.0,232,232
2023-01-11 05:06:00,50.0,50.0,231,231
2023-01-11 05:08:00,49.9,49.8,231,231
2023-01-11 05:10:00,49.9,49.9,228,228
2023-01-11 05:12:00,49.9,49.9,230,231
2023-01-11 05:14:00,49.9,49.8,229,229
2023-01-11 05:16:00,49.8,49.8,229,229
2023-01-11 05:18:00,49.8,49.8,229,230
2023-01-11 05:20:00,49.9,49.9,229,230
2023-01-11 05:22:00,50.1,50.1,224,226
2023-01-11 05:24:00,49.8,49.9,227,227
2023-01-11 05:26:00,50.1,50.1,226,226
2023-01-11 05:28:00,50.0,49.9,227,227
2023-01-11 05:30:00,50.1,50.0,228,229
2023-01-11 05:32:00,49.7,49.6,228,228
2023-01-11 05:34:00,50.2,50.2,228,228
2023-01-11 05:36:00,49.9,49.8,227,227
2023-01-11 05:38:00,50.2,50.2,224,224
2023-01-11 05:40:00,49.8,49.8,228,228
2023-01-11 05:42:00,49.9,49.8,226,226
2023-01-11 05:44:00,49.9,49.9,227,227
2023-01-11 05:46:00,50.2,50.2,227,227
2023-01-11 05:48:00,49.8,49.8,222,222
2023-01-11 05:50:00,49.9,50.0,223,223
2023-01-11 05:52:00,49.9,49.9,226,226
2023-01-11 05:54:00,49.8,49.7,231,231
2023-01-11 05:56:00,49.8,49.8,226,227
2023-01-11 05:58:00,49.8,49.8,232,233
2023-01-11 06:00:00,49.7,49.8,233,233
2023-01-11 06:02:00,49.9,49.9,234,234
2023-01-11 06:04:00,50.0,49.9,233,233
2023-01-11 06:06:00,49.9,49.9,232,233
2023-01-11 06:08:00,50.0,50.1,230,230
2023-01-11 06:10:00,49.9,49.9,232,232
2023-01-11 06:12:00,49.8,49.8,228,229
2023-01-11 06:14:00,50.0,50.0,233,233
2023-01-11 06:16:00,49.7,49.7,233,233
2023-01-11 06:18:00,49.9,49.9,233,233
2023-01-11 06:20:00,49.8,49.8,231,231
2023-01-11 06:22:00,50.0,49.9,231,231
2023-01-11 06:24:00,49.9,50.0,231,231
2023-01-11 06:26:00,50.0,50.1,231,231
2023-01-11 06:28:00,50.0,50.0,229,229
2023-01-11 06:30:00,50.1,50.1,231,231
2023-01-11 06:32:00,50.0,50.1,229,230
2023-01-11 06:34:00,49.9,49.9,223,223
2023-01-11 06:36:00,50.0,50.0,228,228
2023-01-11 06:38:00,50.1,50.0,226,226
2023-01-11 06:40:00,50.2,50.2,228,228
2023-01-11 06:42:00,49.7,49.8,224,225
2023-01-11 06:44:00,50.2,50.2,228,228
2023-01-11 06:46:00,50.2,50.1,225,225
2023-01-11 06:48:00,49.8,49.9,224,224
2023-01-11 06:50:00,50.1,50.1,228,228
2023-01-11 06:52:00,50.0,49.9,226,227
2023-01-11 06:54:00,49.7,49.7,226,226
2023-01-11 06:56:00,50.2,50.2,223,223
2023-01-11 06:58:00,49.5,49.5,226,226
2023-01-11 07:00:00,49.6,49.6,226,226
2023-01-11 07:02:00,49.8,49.9,223,223
2023-01-11 07:04:00,49.9,50.0,226,226
2023-01-11 07:06:00,50.0,50.0,228,229
2023-01-11 07:08:00,50.1,50.2,225,225
2023-01-11 07:10:00,49.7,49.6,229,230
2023-01-11 07:12:00,49.8,49.9,226,226
2023-01-11 07:14:00,50.0,50.1,231,231
2023-01-11 07:16:00,50.0,50.0,228,228
2023-01-11 07:18:00,50.2,50.2,229,230
2023-01-11 07:20:00,50.1,50.2,228,228
2023-01-11 07:22:00,50.2,50.2,230,230
2023-01-11 07:24:00,49.5,49.5,226,226
2023-01-11 07:26:00,49.8,49.8,230,230
2023-01-11 07:28:00,50.3,50.3,221,223
2023-01-11 07:30:00,50.1,50.0,229,229
2023-01-11 07:32:00,49.3,49.3,231,231
2023-01-11 07:34:00,49.7,49.7,219,219
2023-01-11 07:36:00,49.9,49.9,226,226
2023-01-11 07:38:00,49.9,50.0,223,223
2023-01-11 07:40:00,49.9,49.9,223,223
2023-01-11 07:42:00,49.8,49.7,226,226
2023-01-11 07:44:00,49.9,49.9,229,229
2023-01-11 07:46:00,49.8,49.8,223,223
2023-01-11 07:48:00,49.8,49.8,223,223
2023-01-11 07:50:00,50.0,49.9,225,225
2023-01-11 07:52:00,50.0,50.0,226,226
2023-01-11 07:54:00,50.0,50.0,221,221
2023-01-11 07:56:00,49.9,50.0,223,223
2023-01-11 07:58:00,49.8,49.9,219,219
2023-01-11 08:00:00,49.7,49.8,221,221
2023-01-11 08:02:00,49.9,49.8,220,220
2023-01-11 08:04:00,49.9,49.8,216,216
2023-01-11 08:06:00,49.9,49.8,220,221
2023-01-11 08:08:00,50.1,50.1,218,219
2023-01-11 08:10:00,49.8,49.8,226,226
2023-01-11 08:12:00,49.6,49.6,217,218
2023-01-11 08:14:00,50.4,50.3,220,221
2023-01-11 08:16:00,49.8,49.8,214,214
2023-01-11 08:18:00,49.6,49.5,214,214
2023-01-11 08:20:00,50.1,50.1,216,216
2023-01-11 08:22:00,49.6,49.6,223,223
2023-01-11 08:24:00,49.9,49.9,218,218
2023-01-11 08:26:00,49.5,49.6,215,215
2023-01-11 08:28:00,50.0,50.0,226,227
2023-01-11 08:30:00,50.3,50.2,223,223
2023-01-11 08:32:00,49.7,49.6,229,229
2023-01-11 08:34:00,49.9,49.9,223,224
2023-01-11 08:36:00,49.7,49.7,223,223
2023-01-11 08:38:00,50.2,50.2,225,225
2023-01-11 08:40:00,49.2,49.2,220,220
2023-01-11 08:42:00,49.7,49.7,221,221
2023-01-11 08:44:00,49.5,49.5,218,218
2023-01-11 08:46:00,49.9,49.8,224,224
2023-01-11 08:48:00,50.0,50.0,221,223
2023-01-11 08:50:00,50.2,50.2,228,228
2023-01-11 08:52:00,50.1,50.0,219,219
2023-01-11 08:54:00,49.9,50.0,226,226
2023-01-11 08:56:00,50.1,50.1,228,228
2023-01-11 08:58:00,49.9,49.9,221,222
2023-01-11 09:00:00,49.9,49.8,230,230
2023-01-11 09:02:00,49.7,49.8,228,228
2023-01-11 09:04:00,49.9,49.9,223,223
2023-01-11 09:06:00,50.0,50.1,224,226
2023-01-11 09:08:00,50.0,50.0,232,233
2023-01-11 09:10:00,49.9,49.9,228,228
2023-01-11 09:12:00,50.0,50.0,225,226
2023-01-11 09:14:00,50.0,49.9,226,226
2023-01-11 09:16:00,50.5,50.3,223,223
2023-01-11 09:18:00,50.0,50.1,223,223
2023-01-11 09:20:00,49.8,49.9,221,221
2023-01-11 09:22:00,49.9,49.8,223,223
2023-01-11 09:24:00,50.0,50.0,223,223
2023-01-11 09:26:00,49.8,49.8,219,219
2023-01-11 09:28:00,49.9,49.9,219,219
2023-01-11 09:30:00,49.7,49.7,219,219
2023-01-11 09:32:00,49.7,49.8,221,223
2023-01-11 09:34:00,50.0,49.9,218,219
2023-01-11 09:36:00,50.0,50.0,221,223
2023-01-11 09:38:00,50.0,50.0,222,225
2023-01-11 09:40:00,49.8,49.8,219,219
2023-01-11 09:42:00,49.9,49.9,220,220
2023-01-11 09:44:00,49.8,49.8,221,221
2023-01-11 09:46:00,49.8,49.9,222,222
2023-01-11 09:48:00,50.1,50.0,225,225
2023-01-11 09:50:00,50.2,50.3,223,223
2023-01-11 09:52:00,50.2,50.3,223,223
2023-01-11 09:54:00,50.0,49.9,225,225
2023-01-11 09:56:00,50.0,50.0,228,228
2023-01-11 09:58:00,50.2,50.2,223,223
2023-01-11 10:00:00,49.8,49.8,228,229
2023-01-11 10:02:00,50.1,50.1,226,226
2023-01-11 10:04:00,49.9,49.9,227,227
2023-01-11 10:06:00,49.5,49.5,221,221
2023-01-11 10:08:00,49.9,49.9,221,221
2023-01-11 10:10:00,49.7,49.7,220,220
2023-01-11 10:12:00,49.9,49.9,221,221
2023-01-11 10:14:00,50.3,50.4,223,221
2023-01-11 10:16:00,50.2,50.2,228,228
2023-01-11 10:18:00,49.7,49.7,221,222
2023-01-11 10:20:00,50.3,50.4,222,222
2023-01-11 10:22:00,50.0,50.0,226,226
2023-01-11 10:24:00,49.5,49.5,221,221
2023-01-11 10:26:00,49.6,49.5,223,223
2023-01-11 10:28:00,50.0,50.0,221,221
2023-01-11 10:30:00,50.0,49.9,221,222
2023-01-11 10:32:00,50.3,50.3,223,223
2023-01-11 10:34:00,49.9,49.9,218,217
2023-01-11 10:36:00,50.4,50.5,222,223
2023-01-11 10:38:00,50.0,50.0,219,220
2023-01-11 10:40:00,49.7,49.7,218,218
2023-01-11 10:42:00,49.7,49.7,219,219
2023-01-11 10:44:00,49.7,49.7,220,220
2023-01-11 10:46:00,50.1,50.1,219,219
2023-01-11 10:48:00,49.9,50.0,218,216
2023-01-11 10:50:00,49.4,49.5,216,215
2023-01-11 10:52:00,50.1,50.0,223,223
2023-01-11 10:54:00,49.7,49.6,223,223
2023-01-11 10:56:00,49.7,49.8,220,219
2023-01-11 10:58:00,50.0,50.1,219,219
2023-01-11 11:00:00,50.0,49.9,218,218
2023-01-11 11:02:00,49.5,49.5,218,218
2023-01-11 11:04:00,49.5,49.5,215,214
2023-01-11 11:06:00,50.1,50.1,219,219
2023-01-11 11:08:00,49.7,49.8,214,214
2023-01-11 11:10:00,50.0,50.0,215,214
2023-01-11 11:12:00,49.6,49.7,211,209
2023-01-11 11:14:00,50.0,50.0,216,216
2023-01-11 11:16:00,50.0,50.1,215,215
2023-01-11 11:18:00,50.2,50.1,226,225
2023-01-11 11:20:00,50.0,49.9,223,223
2023-01-11 11:22:00,50.0,50.0,217,219
2023-01-11 11:24:00,50.0,49.9,221,219
2023-01-11 11:26:00,49.8,49.7,217,216
2023-01-11 11:28:00,50.1,50.1,221,219
2023-01-11 11:30:00,50.2,50.3,215,216
2023-01-11 11:32:00,50.2,50.1,221,221
2023-01-11 11:34:00,49.8,49.7,221,220
2023-01-11 11:36:00,49.7,49.7,220,219
2023-01-11 11:38:00,49.5,49.6,224,223
2023-01-11 11:40:00,49.4,49.5,216,215
2023-01-11 11:42:00,49.6,49.5,219,219
2023-01-11 11:44:00,49.9,49.9,216,216
2023-01-11 11:46:00,49.9,49.9,221,222
2023-01-11 11:48:00,49.6,49.5,223,222
2023-01-11 11:50:00,49.6,49.6,216,215
2023-01-11 11:52:00,50.0,49.9,219,219
2023-01-11 11:54:00,50.0,50.1,221,221
2023-01-11 11:56:00,50.1,50.1,219,219
2023-01-11 11:58:00,50.0,49.9,219,219
2023-01-11 12:00:00,50.2,50.2,219,218
2023-01-11 12:02:00,50.1,50.1,221,220
2023-01-11 12:04:00,49.5,49.4,217,217
2023-01-11 12:06:00,50.2,50.3,219,218
2023-01-11 12:08:00,49.8,49.9,218,218
2023-01-11 12:10:00,49.7,49.7,215,214
2023-01-11 12:12:00,50.0,50.0,214,213
2023-01-11 12:14:00,50,50.2,218,216
2023-01-11 12:16:00,50.1,50.0,220,220
2023-01-11 12:18:00,50.5,50.5,219,219
2023-01-11 12:20:00,50.0,50.0,218,218
2023-01-11 12:22:00,50.0,50.0,214,215
2023-01-11 12:24:00,50.2,50.2,221,221
2023-01-11 12:26:00,49.8,49.7,212,215
2023-01-11 12:28:00,49.8,49.9,211,213
2023-01-11 12:30:00,49.4,49.4,213,214
2023-01-11 12:32:00,50.3,50.3,220,220
2023-01-11 12:34:00,50.1,50.1,221,221
2023-01-11 12:36:00,50.4,50.3,219,219
2023-01-11 12:38:00,49.7,49.7,217,218
2023-01-11 12:40:00,50.5,50.5,219,220
2023-01-11 12:42:00,50.0,50.0,219,219
2023-01-11 12:44:00,50.2,50.3,223,223
2023-01-11 12:46:00,50.1,50.0,223,223
2023-01-11 12:48:00,49.5,49.5,223,223
2023-01-11 12:50:00,49.8,49.8,221,223
2023-01-11 12:52:00,50.0,49.9,225,224
2023-01-11 12:54:00,50.1,50.1,219,221
2023-01-11 12:56:00,49.6,49.6,221,221
2023-01-11 12:58:00,49.6,49.5,223,223
2023-01-11 13:00:00,49.7,49.7,221,221
2023-01-11 13:02:00,50.3,50.2,223,222
2023-01-11 13:04:00,50.3,50.2,214,215
2023-01-11 13:06:00,50.2,50.2,218,218
2023-01-11 13:08:00,50.2,50.2,220,220
2023-01-11 13:10:00,49.9,50.0,221,221
2023-01-11 13:12:00,49.9,49.9,219,219
2023-01-11 13:14:00,50.2,50.2,218,217
2023-01-11 13:16:00,49.8,49.7,219,218
2023-01-11 13:18:00,49.8,49.7,215,215
2023-01-11 13:20:00,49.5,49.5,221,221
2023-01-11 13:22:00,49.2,49.3,216,216
2023-01-11 13:24:00,49.7,49.6,217,217
2023-01-11 13:26:00,49.7,49.7,219,218
2023-01-11 13:28:00,50.0,50.0,218,217
2023-01-11 13:30:00,50.1,50.1,221,221
2023-01-11 13:32:00,50.2,50.2,212,211
2023-01-11 13:34:00,50.1,50.1,209,209
2023-01-11 13:36:00,49.7,49.7,221,221
2023-01-11 13:38:00,49.6,49.6,221,221
2023-01-11 13:40:00,49.6,49.6,224,224
2023-01-11 13:42:00,50.0,49.9,220,221
2023-01-11 13:44:00,49.8,49.8,217,217
2023-01-11 13:46:00,49.8,49.8,215,214
2023-01-11 13:48:00,50.1,50.1,221,221
2023-01-11 13:50:00,49.6,49.7,218,217
2023-01-11 13:52:00,49.6,49.6,217,218
2023-01-11 13:54:00,49.6,49.6,217,218
2023-01-11 13:56:00,49.6,49.7,216,216
2023-01-11 13:58:00,50.0,50.0,218,217
2023-01-11 14:00:00,49.6,49.6,215,214
2023-01-11 14:02:00,50.1,50.0,213,211
2023-01-11 14:04:00,49.9,49.8,219,219
2023-01-11 14:06:00,49.8,49.8,218,218
2023-01-11 14:08:00,50.1,50.0,220,219
2023-01-11 14:10:00,50.2,50.2,216,216
2023-01-11 14:12:00,50.1,50.1,218,218
2023-01-11 14:14:00,49.8,49.9,219,218
2023-01-11 14:16:00,50.1,50.0,220,219
2023-01-11 14:18:00,50.2,50.2,221,221
2023-01-11 14:20:00,49.9,49.9,221,221
2023-01-11 14:22:00,50.0,49.9,225,224
2023-01-11 14:24:00,50.1,50.0,221,221
2023-01-11 14:26:00,49.8,49.8,219,219
2023-01-11 14:28:00,50.1,50.1,221,220
2023-01-11 14:30:00,49.7,49.6,223,223
2023-01-11 14:32:00,49.8,49.7,221,221
2023-01-11 14:34:00,50.3,50.3,223,221
2023-01-11 14:36:00,50.4,50.3,220,219
2023-01-11 14:38:00,49.8,49.7,217,216
2023-01-11 14:40:00,49.9,50.0,220,220
2023-01-11 14:42:00,49.7,49.7,219,219
2023-01-11 14:44:00,49.8,49.9,215,214
2023-01-11 14:46:00,49.7,49.8,219,218
2023-01-11 14:48:00,50.2,50.2,223,223
2023-01-11 14:50:00,49.9,49.9,219,219
2023-01-11 14:52:00,50.1,50.2,220,219
2023-01-11 14:54:00,49.8,49.8,216,215
2023-01-11 14:56:00,49.7,49.6,211,212
2023-01-11 14:58:00,50.0,49.9,218,216
2023-01-11 15:00:00,49.7,49.7,223,223
2023-01-11 15:02:00,50.2,50.2,223,222
2023-01-11 15:04:00,50.1,50.0,218,218
2023-01-11 15:06:00,50.1,50.1,220,219
2023-01-11 15:08:00,49.7,49.6,216,215
2023-01-11 15:10:00,49.5,49.5,219,218
2023-01-11 15:12:00,49.6,49.5,219,218
2023-01-11 15:14:00,49.8,49.9,215,214
2023-01-11 15:16:00,49.3,49.3,219,219
2023-01-11 15:18:00,49.6,49.6,222,221
2023-01-11 15:20:00,49.6,49.7,223,223
2023-01-11 15:22:00,50.1,50.1,219,219
2023-01-11 15:24:00,49.9,49.9,223,223
2023-01-11 15:26:00,49.6,49.6,218,219
2023-01-11 15:28:00,49.9,49.9,221,221
2023-01-11 15:30:00,49.9,49.9,215,214
2023-01-11 15:32:00,49.8,49.8,221,220
2023-01-11 15:34:00,49.9,49.9,215,214
2023-01-11 15:36:00,49.8,49.8,216,216
2023-01-11 15:38:00,49.9,49.9,216,215
2023-01-11 15:40:00,49.7,49.7,222,222
2023-01-11 15:42:00,49.9,49.9,214,215
2023-01-11 15:44:00,49.8,49.7,216,215
2023-01-11 15:46:00,50.0,50.0,223,223
2023-01-11 15:48:00,49.8,49.8,216,216
2023-01-11 15:50:00,50.0,49.9,221,221
2023-01-11 15:52:00,49.6,49.6,219,220
2023-01-11 15:54:00,49.7,49.7,216,215
2023-01-11 15:56:00,49.7,49.7,221,221
2023-01-11 15:58:00,49.7,49.7,221,221
2023-01-11 16:00:00,50.0,49.9,219,219
2023-01-11 16:02:00,50.0,49.9,218,219
2023-01-11 16:04:00,50.0,49.9,215,216
2023-01-11 16:06:00,49.4,49.5,220,220
2023-01-11 16:08:00,49.9,50.0,215,216
2023-01-11 16:10:00,50.0,50.0,216,216
2023-01-11 16:12:00,50.2,50.1,218,218
2023-01-11 16:14:00,49.8,49.8,214,215
2023-01-11 16:16:00,49.7,49.7,222,222
2023-01-11 16:18:00,49.9,49.8,219,219
2023-01-11 16:20:00,49.8,49.7,221,222
2023-01-11 16:22:00,50.1,50.1,222,223
2023-01-11 16:24:00,50.1,50.0,217,216
2023-01-11 16:26:00,50.1,50.1,220,220
2023-01-11 16:28:00,50.0,50.0,221,221
2023-01-11 16:30:00,49.9,49.9,224,224
2023-01-11 16:32:00,50.2,50.1,223,223
2023-01-11 16:34:00,50.0,50.0,223,223
2023-01-11 16:36:00,49.9,49.8,226,226
2023-01-11 16:38:00,50.0,50.1,223,223
2023-01-11 16:40:00,50.1,50.1,226,226
2023-01-11 16:42:00,50.2,50.2,221,222
2023-01-11 16:44:00,50.2,50.2,222,223
2023-01-11 16:46:00,50.0,50.0,223,221
2023-01-11 16:48:00,50.0,50.1,221,219
2023-01-11 16:50:00,50.0,50.1,221,224
2023-01-11 16:52:00,49.9,50.1,223,221
2023-01-11 16:54:00,49.6,49.4,219,219
2023-01-11 16:56:00,49.5,49.2,223,219
2023-01-11 16:58:00,49.5,49.4,219,219
2023-01-11 17:00:00,49.6,49.6,221,222
2023-01-11 17:02:00,49.6,49.7,222,221
2023-01-11 17:04:00,49.9,49.6,219,221
2023-01-11 17:06:00,50.2,50.1,223,223
2023-01-11 17:08:00,50.1,49.9,223,223
2023-01-11 17:10:00,49.9,49.7,219,220
2023-01-11 17:12:00,50.2,49.8,220,219
2023-01-11 17:14:00,50.1,50.0,216,221
2023-01-11 17:16:00,50.5,50.2,224,225
2023-01-11 17:18:00,50.2,50.1,221,221
2023-01-11 17:20:00,50.1,50.0,219,216
2023-01-11 17:22:00,50.0,49.9,220,223
2023-01-11 17:24:00,50.0,50.0,221,220
2023-01-11 17:26:00,49.7,49.8,219,221
2023-01-11 17:28:00,49.7,49.5,218,219
2023-01-11 17:30:00,49.5,49.9,221,222
2023-01-11 17:32:00,49.9,49.7,221,219
2023-01-11 17:34:00,49.7,49.5,221,219
2023-01-11 17:36:00,49.6,49.6,221,219
2023-01-11 17:38:00,49.8,49.9,223,225
2023-01-11 17:40:00,50.0,50.2,221,222
2023-01-11 17:42:00,49.7,49.9,220,222
2023-01-11 17:44:00,50.0,50.0,223,223
2023-01-11 17:46:00,50.0,49.9,220,221
2023-01-11 17:48:00,49.7,50.0,216,218
2023-01-11 17:50:00,50.0,50.1,218,218
2023-01-11 17:52:00,50.0,50.2,216,217
2023-01-11 17:54:00,50.2,50.2,220,221
2023-01-11 17:56:00,50.0,50.0,219,219
2023-01-11 17:58:00,50.0,49.9,220,220
2023-01-11 18:00:00,50.1,50.5,223,223
2023-01-11 18:02:00,49.8,49.7,219,219
2023-01-11 18:04:00,49.8,50.0,216,216
2023-01-11 18:06:00,49.7,49.8,214,214
2023-01-11 18:08:00,49.8,50.1,221,221
2023-01-11 18:10:00,49.8,49.8,216,219
2023-01-11 18:12:00,49.5,49.8,219,220
2023-01-11 18:14:00,49.7,49.9,216,220
2023-01-11 18:16:00,49.5,49.7,221,220
2023-01-11 18:18:00,49.5,49.6,221,220
2023-01-11 18:20:00,49.9,49.9,218,214
2023-01-11 18:22:00,50.0,50.0,216,218
2023-01-11 18:24:00,49.8,49.8,214,215
2023-01-11 18:26:00,49.6,49.6,213,216
2023-01-11 18:28:00,49.7,49.8,212,214
2023-01-11 18:30:00,49.6,49.7,214,219
2023-01-11 18:32:00,50.1,50.0,219,217
2023-01-11 18:34:00,49.7,49.5,221,221
2023-01-11 18:36:00,50.0,50.0,219,219
2023-01-11 18:38:00,50.1,49.8,218,219
2023-01-11 18:40:00,49.6,49.4,216,216
2023-01-11 18:42:00,50.0,49.8,217,217
2023-01-11 18:44:00,50,50.0,216,216
2023-01-11 18:46:00,50.1,50.1,216,215
2023-01-11 18:48:00,49.9,49.9,216,215
2023-01-11 18:50:00,49.7,49.7,216,216
2023-01-11 18:52:00,49.6,49.7,216,216
2023-01-11 18:54:00,50.3,50.1,216,216
2023-01-11 18:56:00,49.9,49.7,217,217
2023-01-11 18:58:00,50.0,49.9,214,214
2023-01-11 19:00:00,49.9,49.8,216,216
2023-01-11 19:02:00,49.7,49.7,216,217
2023-01-11 19:04:00,49.8,49.8,216,216
2023-01-11 19:06:00,50.0,50.0,216,217
2023-01-11 19:08:00,50.1,50.2,217,217
2023-01-11 19:10:00,50.1,50.1,216,216
2023-01-11 19:12:00,50.2,50.0,218,218
2023-01-11 19:14:00,49.9,49.8,217,217
2023-01-11 19:16:00,50.0,49.8,217,217
2023-01-11 19:18:00,49.7,49.6,216,215
2023-01-11 19:20:00,49.6,49.6,217,217
2023-01-11 19:22:00,49.5,49.7,217,217
2023-01-11 19:24:00,49.7,49.8,216,215
2023-01-11 19:26:00,49.9,49.9,216,216
2023-01-11 19:28:00,50.0,50.1,217,218
2023-01-11 19:30:00,50.0,50.1,217,217
2023-01-11 19:32:00,50.1,50.0,216,216
2023-01-11 19:34:00,49.6,49.6,217,217
2023-01-11 19:36:00,49.6,49.7,220,220
2023-01-11 19:38:00,50.0,50.1,218,219
2023-01-11 19:40:00,50.2,50.2,217,216
2023-01-11 19:42:00,50.3,50.2,214,214
2023-01-11 19:44:00,49.9,49.8,211,212
2023-01-11 19:46:00,49.8,50.0,216,216
2023-01-11 19:48:00,49.8,50.0,218,217
2023-01-11 19:50:00,49.5,49.6,215,216
2023-01-11 19:52:00,50.1,50.1,216,216
2023-01-11 19:54:00,50.2,50.3,217,217
2023-01-11 19:56:00,50.1,50.2,214,212
2023-01-11 19:58:00,49.8,49.8,209,211
2023-01-11 20:00:00,49.9,49.8,211,211
2023-01-11 20:02:00,50.0,50.0,211,211
2023-01-11 20:04:00,49.8,49.8,212,213
2023-01-11 20:06:00,49.7,49.7,212,212
2023-01-11 20:08:00,49.7,49.7,218,218
2023-01-11 20:10:00,49.7,49.7,212,212
2023-01-11 20:12:00,49.8,49.9,212,212
2023-01-11 20:14:00,49.8,49.9,212,211
2023-01-11 20:16:00,50.4,50.4,211,211
2023-01-11 20:18:00,50.1,50.1,211,211
2023-01-11 20:20:00,49.5,49.5,216,216
2023-01-11 20:22:00,49.7,49.7,216,216
2023-01-11 20:24:00,50.2,50.1,218,218
2023-01-11 20:26:00,49.9,50.0,210,210
2023-01-11 20:28:00,49.7,49.7,211,211
2023-01-11 20:30:00,50.0,50.0,211,211
2023-01-11 20:32:00,50.0,50.0,211,211
2023-01-11 20:34:00,49.9,50.0,217,217
2023-01-11 20:36:00,50.1,50.2,217,217
2023-01-11 20:38:00,49.7,49.7,216,216
2023-01-11 20:40:00,49.9,49.9,215,216
2023-01-11 20:42:00,50.0,50.0,214,215
2023-01-11 20:44:00,50.0,50.0,216,216
2023-01-11 20:46:00,49.9,49.9,215,215
2023-01-11 20:48:00,50.0,50.0,215,216
2023-01-11 20:50:00,50.0,50.1,214,214
2023-01-11 20:52:00,49.9,49.9,214,214
2023-01-11 20:54:00,49.7,49.7,216,216
2023-01-11 20:56:00,50.0,50.1,216,216
2023-01-11 20:58:00,50.1,50.1,216,216
2023-01-11 21:00:00,49.6,49.6,216,216
2023-01-11 21:02:00,49.5,49.5,216,216
2023-01-11 21:04:00,49.4,49.5,215,215
2023-01-11 21:06:00,50.3,50.3,219,219
2023-01-11 21:08:00,49.6,49.5,219,219
2023-01-11 21:10:00,49.4,49.4,219,219
2023-01-11 21:12:00,50.0,50.0,219,219
2023-01-11 21:14:00,50.1,50.1,219,219
2023-01-11 21:16:00,49.9,49.9,220,221
2023-01-11 21:18:00,50.0,50.0,220,220
2023-01-11 21:20:00,49.9,49.9,219,219
2023-01-11 21:22:00,50.1,50.0,221,221
2023-01-11 21:24:00,50.0,50.0,221,221
2023-01-11 21:26:00,50.1,50.1,221,221
2023-01-11 21:28:00,50.2,50.1,222,222
2023-01-11 21:30:00,49.8,49.7,220,220
2023-01-11 21:32:00,50.4,50.4,219,219
2023-01-11 21:34:00,50.2,50.2,219,219
2023-01-11 21:36:00,49.9,49.9,220,220
2023-01-11 21:38:00,50.0,50.0,220,220
2023-01-11 21:40:00,50.0,50.0,218,218
2023-01-11 21:42:00,49.8,49.8,221,221
2023-01-11 21:44:00,49.7,49.7,220,220
2023-01-11 21:46:00,49.8,49.8,217,219
2023-01-11 21:48:00,50.1,50.1,221,221
2023-01-11 21:50:00,50.1,50.1,222,222
2023-01-11 21:52:00,49.9,50.0,221,221
2023-01-11 21:54:00,50.2,50.2,221,221
2023-01-11 21:56:00,49.8,49.8,221,221
2023-01-11 21:58:00,49.8,49.8,221,221
2023-01-11 22:00:00,50.1,50.1,221,221
2023-01-11 22:02:00,50.3,50.3,221,221
2023-01-11 22:04:00,50.0,50.0,221,221
2023-01-11 22:06:00,49.8,49.7,222,222
2023-01-11 22:08:00,49.9,49.9,222,222
2023-01-11 22:10:00,49.9,49.9,223,223
2023-01-11 22:12:00,50.1,50.1,222,222
2023-01-11 22:14:00,50.0,50.0,222,222
2023-01-11 22:16:00,50.1,50.1,219,219
2023-01-11 22:18:00,50.2,50.2,223,223
2023-01-11 22:20:00,49.9,49.9,223,223
2023-01-11 22:22:00,50.0,50.0,223,223
2023-01-11 22:24:00,50.5,50.5,222,223
2023-01-11 22:26:00,49.8,49.7,224,224
2023-01-11 22:28:00,49.8,49.8,223,224
2023-01-11 22:30:00,49.8,49.9,223,224
2023-01-11 22:32:00,50.0,50.0,224,224
2023-01-11 22:34:00,50.1,50.1,219,219
2023-01-11 22:36:00,50.0,50.0,223,223
2023-01-11 22:38:00,50.1,50.1,223,223
2023-01-11 22:40:00,50.0,50.0,223,223
2023-01-11 22:42:00,50.1,50.2,223,223
2023-01-11 22:44:00,49.9,49.9,222,223
2023-01-11 22:46:00,50.0,50.0,223,221
2023-01-11 22:48:00,50.1,50.1,223,221
2023-01-11 22:50:00,49.8,49.8,223,223
2023-01-11 22:52:00,50.0,50.0,223,224
2023-01-11 22:54:00,50.2,50.2,224,224
2023-01-11 22:56:00,50.1,50.1,224,224
2023-01-11 22:58:00,49.9,49.9,224,224
2023-01-11 23:00:00,50.2,50.2,226,226
2023-01-11 23:02:00,49.9,49.8,225,225
2023-01-11 23:04:00,49.8,49.8,224,225
2023-01-11 23:06:00,49.8,49.8,225,226
2023-01-11 23:08:00,49.8,49.8,226,226
2023-01-11 23:10:00,50.2,50.1,226,226
2023-01-11 23:12:00,49.8,49.9,223,223
2023-01-11 23:14:00,50.0,50.1,226,226
2023-01-11 23:16:00,50.1,50.1,228,228
2023-01-11 23:18:00,50.0,50.0,227,227
2023-01-11 23:20:00,50.0,50.0,227,227
2023-01-11 23:22:00,49.9,49.9,226,227
2023-01-11 23:24:00,49.7,49.8,227,227
2023-01-11 23:26:00,50.0,50.0,227,227
2023-01-11 23:28:00,49.9,50.0,226,226
2023-01-11 23:30:00,50.1,50.2,225,226
2023-01-11 23:32:00,50.1,50.1,227,227
2023-01-11 23:34:00,49.9,49.9,226,226
2023-01-11 23:36:00,49.9,49.9,225,225
2023-01-11 23:38:00,50.0,50.0,225,225
2023-01-11 23:40:00,50.0,50.0,226,226
2023-01-11 23:42:00,50.0,50.0,226,226
2023-01-11 23:44:00,50.0,50.0,225,226
2023-01-11 23:46:00,49.9,49.9,226,226
2023-01-11 23:48:00,50.0,50.0,226,226
2023-01-11 23:50:00,50.0,50.0,226,226
2023-01-11 23:52:00,49.9,50.0,226,226
2023-01-11 23:54:00,49.9,49.9,223,225
2023-01-11 23:56:00,50.0,50.0,227,227
2023-01-11 23:58:00,49.8,49.8,226,226
2023-01-12 00:00:00,49.9,49.9,226,226
2023-01-12 00:02:00,50.0,50.1,226,226
2023-01-12 00:04:00,50.0,50.0,227,227
2023-01-12 00:06:00,50,50.0,228,228
2023-01-12 00:08:00,50.1,50.1,227,227
2023-01-12 00:10:00,49.9,49.9,227,227
2023-01-12 00:12:00,50.0,50.0,227,228
2023-01-12 00:14:00,50,50.0,227,228
2023-01-12 00:16:00,50.0,50.0,227,228
2023-01-12 00:18:00,50.1,50.1,228,228
2023-01-12 00:20:00,50.1,50.1,228,228
2023-01-12 00:22:00,50.1,50.0,227,228
2023-01-12 00:24:00,50.0,50.0,223,224
2023-01-12 00:26:00,50.0,50.0,227,227
2023-01-12 00:28:00,49.8,49.8,227,227
2023-01-12 00:30:00,49.8,49.8,224,225
2023-01-12 00:32:00,50.0,50.1,220,221
2023-01-12 00:34:00,50.0,50.0,226,226
2023-01-12 00:36:00,50.0,50.0,226,226
2023-01-12 00:38:00,50.1,50.0,226,226
2023-01-12 00:40:00,50.0,50.0,226,226
2023-01-12 00:42:00,49.8,49.8,226,226
2023-01-12 00:44:00,50.0,50.1,226,226
2023-01-12 00:46:00,49.8,49.9,226,226
2023-01-12 00:48:00,49.9,49.9,226,226
2023-01-12 00:50:00,50.0,50.0,226,226
2023-01-12 00:52:00,49.9,49.9,226,226
2023-01-12 00:54:00,50.0,50.0,226,226
2023-01-12 00:56:00,49.9,49.8,226,226
2023-01-12 00:58:00,49.7,49.8,226,226
2023-01-12 01:00:00,50.0,50.0,225,225
2023-01-12 01:02:00,50.0,50.0,224,224
2023-01-12 01:04:00,50.0,50.0,226,226
2023-01-12 01:06:00,50.0,50.0,226,227
2023-01-12 01:08:00,50.0,50.1,227,227
2023-01-12 01:10:00,49.9,49.9,226,226
2023-01-12 01:12:00,49.8,49.8,227,227
2023-01-12 01:14:00,50.0,50.0,227,227
2023-01-12 01:16:00,50.0,50.0,223,223
2023-01-12 01:18:00,50.0,50.0,226,226
2023-01-12 01:20:00,50.0,50.0,226,227
2023-01-12 01:22:00,50.1,50.0,226,226
2023-01-12 01:24:00,50.0,49.9,226,227
2023-01-12 01:26:00,50.1,50.1,227,227
2023-01-12 01:28:00,50.2,50.2,228,228
2023-01-12 01:30:00,50.0,50.0,224,224
2023-01-12 01:32:00,50.0,50.0,224,225
2023-01-12 01:34:00,49.9,49.9,226,226
2023-01-12 01:36:00,50.0,50.1,226,226
2023-01-12 01:38:00,49.8,49.9,226,226
2023-01-12 01:40:00,50.1,50.2,226,227
2023-01-12 01:42:00,49.9,49.8,226,226
2023-01-12 01:44:00,50.2,50.2,227,227
2023-01-12 01:46:00,49.9,49.9,226,226
2023-01-12 01:48:00,49.9,50.0,226,227
2023-01-12 01:50:00,49.9,50.0,227,227
2023-01-12 01:52:00,50.0,50.0,226,226
2023-01-12 01:54:00,50.0,50.0,226,226
2023-01-12 01:56:00,49.9,50.0,226,226
2023-01-12 01:58:00,49.9,49.9,226,226
2023-01-12 02:00:00,49.9,49.9,226,226
2023-01-12 02:02:00,49.8,49.8,228,228
2023-01-12 02:04:00,49.9,49.9,228,228
2023-01-12 02:06:00,50.2,50.1,228,228
2023-01-12 02:08:00,50.0,50.0,228,228
2023-01-12 02:10:00,50.0,50.0,228,228
2023-01-12 02:12:00,50.0,50.0,228,229
2023-01-12 02:14:00,49.9,49.9,228,228
2023-01-12 02:16:00,50.0,50.0,228,228
2023-01-12 02:18:00,49.9,49.9,228,228
2023-01-12 02:20:00,49.9,50.0,228,228
2023-01-12 02:22:00,49.9,49.9,227,226
2023-01-12 02:24:00,49.9,49.9,228,228
2023-01-12 02:26:00,50.1,50.1,228,228
2023-01-12 02:28:00,50.0,50.1,229,229
2023-01-12 02:30:00,50.0,50.0,227,228
2023-01-12 02:32:00,49.9,50.0,227,227
2023-01-12 02:34:00,50.0,50.0,226,226
2023-01-12 02:36:00,49.8,49.8,227,227
2023-01-12 02:38:00,49.8,49.8,227,227
2023-01-12 02:40:00,49.9,49.9,228,228
2023-01-12 02:42:00,49.8,49.8,227,227
2023-01-12 02:44:00,50.0,50.0,227,227
2023-01-12 02:46:00,50.1,50.2,227,228
2023-01-12 02:48:00,50.1,50.0,227,227
2023-01-12 02:50:00,50.0,50.1,227,227
2023-01-12 02:52:00,50.0,50.0,226,227
2023-01-12 02:54:00,49.8,49.9,226,227
2023-01-12 02:56:00,49.8,49.8,226,226
2023-01-12 02:58:00,50.0,49.9,227,227
2023-01-12 03:00:00,49.9,49.9,227,227
2023-01-12 03:02:00,50.1,50.1,228,228
2023-01-12 03:04:00,50.0,50.0,228,228
2023-01-12 03:06:00,49.9,49.9,228,228
2023-01-12 03:08:00,49.9,49.8,228,228
2023-01-12 03:10:00,49.7,49.9,228,228
2023-01-12 03:12:00,50.0,50.1,228,228
2023-01-12 03:14:00,50.1,50.0,228,228
2023-01-12 03:16:00,50.0,50.0,228,228
2023-01-12 03:18:00,50.1,50.1,228,228
2023-01-12 03:20:00,49.8,49.9,228,228
2023-01-12 03:22:00,49.8,49.8,228,228
2023-01-12 03:24:00,50.1,50.1,228,229
2023-01-12 03:26:00,49.8,49.9,227,228
2023-01-12 03:28:00,49.8,49.8,227,227
2023-01-12 03:30:00,49.9,49.8,227,228
2023-01-12 03:32:00,49.9,50,226,226
2023-01-12 03:34:00,50.0,50.1,227,227
2023-01-12 03:36:00,50.0,50.0,227,227
2023-01-12 03:38:00,50.1,50.1,227,227
2023-01-12 03:40:00,49.9,49.9,227,227
2023-01-12 03:42:00,50.0,49.9,227,227
2023-01-12 03:44:00,49.9,49.9,227,228
2023-01-12 03:46:00,49.9,49.9,227,227
2023-01-12 03:48:00,49.9,49.9,227,227
2023-01-12 03:50:00,50.0,50.0,226,227
2023-01-12 03:52:00,50.0,50.0,223,223
2023-01-12 03:54:00,49.9,49.9,227,227
2023-01-12 03:56:00,50.1,50.0,227,227
2023-01-12 03:58:00,50.0,50.1,226,226
2023-01-12 04:00:00,49.9,50.0,229,229
2023-01-12 04:02:00,50.0,50.0,228,229
2023-01-12 04:04:00,49.9,49.9,228,228
2023-01-12 04:06:00,49.9,49.8,228,229
2023-01-12 04:08:00,50.0,50.0,228,229
2023-01-12 04:10:00,49.9,49.9,228,229
2023-01-12 04:12:00,50.1,50.1,228,229
2023-01-12 04:14:00,50.0,50.0,228,228
2023-01-12 04:16:00,49.9,50.0,228,228
2023-01-12 04:18:00,50.0,50.1,228,228
2023-01-12 04:20:00,50.0,50.0,228,229
2023-01-12 04:22:00,49.9,50,228,229
2023-01-12 04:24:00,49.9,49.9,228,228
2023-01-12 04:26:00,49.3,49.4,225,225
2023-01-12 04:28:00,50.0,50.0,227,227
2023-01-12 04:30:00,49.8,49.8,227,227
2023-01-12 04:32:00,49.9,49.8,227,227
2023-01-12 04:34:00,50.0,50.0,227,227
2023-01-12 04:36:00,49.9,50.0,227,227
2023-01-12 04:38:00,50.0,50.0,227,227
2023-01-12 04:40:00,49.9,49.8,227,227
2023-01-12 04:42:00,50.0,49.8,227,227
2023-01-12 04:44:00,50.0,50.0,226,227
2023-01-12 04:46:00,49.9,50.0,226,227
2023-01-12 04:48:00,50.0,50.1,226,226
2023-01-12 04:50:00,49.9,49.9,224,226
2023-01-12 04:52:00,50.0,50.0,226,227
2023-01-12 04:54:00,50.2,50.1,227,227
2023-01-12 04:56:00,50.0,49.7,227,227
2023-01-12 04:58:00,49.9,49.8,228,228
2023-01-12 05:00:00,50.0,50.0,228,228
2023-01-12 05:02:00,50.0,50.1,228,228
2023-01-12 05:04:00,50.0,49.9,228,228
2023-01-12 05:06:00,49.8,49.9,228,228
2023-01-12 05:08:00,50.0,49.9,228,228
2023-01-12 05:10:00,49.9,49.9,227,227
2023-01-12 05:12:00,50.1,50.1,228,228
2023-01-12 05:14:00,49.8,49.9,228,228
2023-01-12 05:16:00,50.0,49.9,227,227
2023-01-12 05:18:00,49.9,49.9,226,226
2023-01-12 05:20:00,50.1,50.0,226,226
2023-01-12 05:22:00,49.8,50.0,223,223
2023-01-12 05:24:00,50.1,50.1,225,226
2023-01-12 05:26:00,50.1,50.1,223,224
2023-01-12 05:28:00,49.9,49.9,224,224
2023-01-12 05:30:00,50.0,50.2,224,224
2023-01-12 05:32:00,50.1,50.2,224,224
2023-01-12 05:34:00,50.1,50,224,224
2023-01-12 05:36:00,50.0,50.0,222,223
2023-01-12 05:38:00,50.0,50.0,223,224
2023-01-12 05:40:00,49.8,49.7,225,225
2023-01-12 05:42:00,50.0,49.9,225,225
2023-01-12 05:44:00,50.0,50,224,225
2023-01-12 05:46:00,50.1,50.0,224,225
2023-01-12 05:48:00,50.0,50.0,223,223
2023-01-12 05:50:00,50.0,50.1,224,224
2023-01-12 05:52:00,50.2,50.2,223,225
2023-01-12 05:54:00,49.9,50.0,223,224
2023-01-12 05:56:00,49.8,49.7,223,224
2023-01-12 05:58:00,50.2,50.1,226,226
2023-01-12 06:00:00,49.9,49.9,227,227
2023-01-12 06:02:00,49.8,49.9,226,227
2023-01-12 06:04:00,50.1,50.1,227,227
2023-01-12 06:06:00,49.7,49.8,228,227
2023-01-12 06:08:00,50.1,50.1,227,228
2023-01-12 06:10:00,50.1,50.1,228,228
2023-01-12 06:12:00,49.7,49.7,226,226
2023-01-12 06:14:00,49.7,49.7,226,226
2023-01-12 06:16:00,50.1,50.0,226,227
2023-01-12 06:18:00,49.9,49.9,224,225
2023-01-12 06:20:00,49.7,49.7,224,224
2023-01-12 06:22:00,50.2,50.2,226,227
2023-01-12 06:24:00,50.1,50.1,226,226
2023-01-12 06:26:00,50.0,50.0,225,225
2023-01-12 06:28:00,49.8,49.8,222,222
2023-01-12 06:30:00,49.8,49.8,218,218
2023-01-12 06:32:00,50.1,50.0,216,216
2023-01-12 06:34:00,49.9,50.1,218,219
2023-01-12 06:36:00,49.7,49.8,220,220
2023-01-12 06:38:00,49.9,49.8,214,213
2023-01-12 06:40:00,49.5,49.6,212,212
2023-01-12 06:42:00,49.9,49.9,221,221
2023-01-12 06:44:00,50.0,50.1,221,222
2023-01-12 06:46:00,50.5,50.5,221,221
2023-01-12 06:48:00,50.2,50.1,220,221
2023-01-12 06:50:00,50.0,50.0,221,221
2023-01-12 06:52:00,49.9,49.9,221,221
2023-01-12 06:54:00,49.6,49.6,221,221
2023-01-12 06:56:00,49.8,49.7,220,220
2023-01-12 06:58:00,49.9,50.0,221,221
2023-01-12 07:00:00,50.3,50.3,219,219
2023-01-12 07:02:00,49.8,49.8,223,223
2023-01-12 07:04:00,50.0,50.1,222,222
2023-01-12 07:06:00,49.8,49.9,221,222
2023-01-12 07:08:00,50.2,50.3,221,222
2023-01-12 07:10:00,49.7,49.8,220,221
2023-01-12 07:12:00,49.9,49.9,223,223
2023-01-12 07:14:00,50.3,50.3,224,225
2023-01-12 07:16:00,50.6,50.6,225,225
2023-01-12 07:18:00,49.7,49.7,223,223
2023-01-12 07:20:00,50.0,50.1,223,223
2023-01-12 07:22:00,49.8,49.8,220,221
2023-01-12 07:24:00,49.8,49.7,220,220
2023-01-12 07:26:00,50.3,50.4,221,221
2023-01-12 07:28:00,49.7,49.6,217,217
2023-01-12 07:30:00,49.9,49.9,220,220
2023-01-12 07:32:00,49.8,49.8,220,219
2023-01-12 07:34:00,49.8,49.9,217,219
2023-01-12 07:36:00,49.9,50.0,220,221
2023-01-12 07:38:00,50.0,50.1,223,223
2023-01-12 07:40:00,49.4,49.5,215,216
2023-01-12 07:42:00,49.5,49.6,216,216
2023-01-12 07:44:00,50.0,50.1,215,216
2023-01-12 07:46:00,50.0,50.0,220,220
2023-01-12 07:48:00,50.0,50.0,219,219
2023-01-12 07:50:00,49.6,49.5,220,220
2023-01-12 07:52:00,50.0,50.1,220,220
2023-01-12 07:54:00,50.2,50.3,217,219
2023-01-12 07:56:00,9804,9804,0,0
2023-01-12 07:58:00,4367,5618,0,0
2023-01-12 08:00:00,6579,3289,0,0
2023-01-12 08:02:00,9804,7874,0,0
2023-01-12 08:04:00,6579,6579,0,0
2023-01-12 08:06:00,4926,6579,0,0
2023-01-12 08:08:00,6536,4329,0,0
2023-01-12 08:10:00,4926,5618,0,0
2023-01-12 08:12:00,9615,9804,0,0
2023-01-12 08:14:00,4926,4386,0,0
2023-01-12 08:16:00,6536,4926,0,0
2023-01-12 08:18:00,4926,4367,0,0
2023-01-12 08:20:00,3546,3906,0,0
2023-01-12 08:22:00,5556,6536,0,0
2023-01-12 08:24:00,4367,2320,0,0
2023-01-12 08:26:00,6536,4926,0,0
2023-01-12 08:28:00,9804,6536,0,0
2023-01-12 08:30:00,4367,5618,0,0
2023-01-12 08:32:00,4902,6494,0,0
2023-01-12 08:34:00,50.1,50.0,232,234
2023-01-12 08:36:00,50.0,49.9,221,224
2023-01-12 08:38:00,49.8,49.7,221,221
2023-01-12 08:40:00,49.5,49.5,222,226
2023-01-12 08:42:00,49.8,49.7,214,214
2023-01-12 08:44:00,49.8,49.8,219,219
2023-01-12 08:46:00,50.5,50.5,219,219
2023-01-12 08:48:00,50.3,50.2,210,210
2023-01-12 08:50:00,50.1,50.1,211,213
2023-01-12 08:52:00,49.8,49.9,215,215
2023-01-12 08:54:00,50.0,49.9,215,214
2023-01-12 08:56:00,50.3,50.1,210,209
2023-01-12 08:58:00,50.2,50.1,207,207
2023-01-12 09:00:00,50.1,50.1,204,204
2023-01-12 09:02:00,50.7,50.6,208,207
2023-01-12 09:04:00,50.2,50.3,206,205
2023-01-12 09:06:00,49.8,49.8,204,203
2023-01-12 09:08:00,50.2,50.2,209,209
2023-01-12 09:10:00,49.8,49.8,207,207
2023-01-12 09:12:00,50.0,49.9,210,211
2023-01-12 09:14:00,49.9,49.8,210,210
2023-01-12 09:16:00,49.9,49.9,209,208
2023-01-12 09:18:00,49.8,49.8,209,209
2023-01-12 09:20:00,49.8,49.8,209,207
2023-01-12 09:22:00,49.8,49.9,212,211
2023-01-12 09:24:00,49.6,49.6,214,214
2023-01-12 09:26:00,5618,5618,0,0
2023-01-12 09:28:00,5618,4367,0,0
2023-01-12 09:30:00,6579,5618,0,0
2023-01-12 09:32:00,6579,9804,0,0
2023-01-12 09:34:00,9804,7874,0,0
2023-01-12 09:36:00,4926,3257,0,0
2023-01-12 09:38:00,3546,3257,0,0
2023-01-12 09:40:00,4386,6536,0,0
2023-01-12 09:42:00,3906,3571,0,0
2023-01-12 09:44:00,9804,4367,0,0
2023-01-12 09:46:00,5495,3922,0,0
2023-01-12 09:48:00,3937,4902,0,0
2023-01-12 09:50:00,4926,7752,0,0
2023-01-12 09:52:00,4348,4367,0,0
2023-01-12 09:54:00,9804,3937,0,0
2023-01-12 09:56:00,48.6,48.8,218,218
2023-01-12 09:58:00,49.9,49.8,219,218
2023-01-12 10:00:00,50.2,50.2,223,223
2023-01-12 10:02:00,49.2,49.2,219,221
2023-01-12 10:04:00,49.8,49.6,209,208
2023-01-12 10:06:00,49.4,49.3,214,213
2023-01-12 10:08:00,50.2,50.1,216,214
2023-01-12 10:10:00,49.9,49.9,223,223
2023-01-12 10:12:00,50.1,50.0,217,216
2023-01-12 10:14:00,50.0,49.8,220,219
2023-01-12 10:16:00,50.9,50.9,215,212
2023-01-12 10:18:00,50.1,50.2,219,220
2023-01-12 10:20:00,50.0,50.1,223,222
2023-01-12 10:22:00,50.0,50.0,216,216
2023-01-12 10:24:00,49.9,50.0,219,219
2023-01-12 10:26:00,49.6,49.5,217,219
2023-01-12 10:28:00,49.7,49.6,219,219
2023-01-12 10:30:00,49.8,49.6,222,222
2023-01-12 10:32:00,50.1,50.0,219,219
2023-01-12 10:34:00,49.2,49.2,217,216
2023-01-12 10:36:00,50.0,50.0,215,215
2023-01-12 10:38:00,50.0,50.1,219,218
2023-01-12 10:40:00,50.2,50.0,213,212
2023-01-12 10:42:00,50.0,49.9,220,219
2023-01-12 10:44:00,49.8,49.6,225,223
2023-01-12 10:46:00,49.7,49.6,216,219
2023-01-12 10:48:00,50.1,50.2,223,222
2023-01-12 10:50:00,50.8,50.9,216,214
2023-01-12 10:52:00,50.0,49.9,219,218
2023-01-12 10:54:00,50.0,50.2,216,216
2023-01-12 10:56:00,49.7,49.8,214,214
2023-01-12 10:58:00,50.0,50.0,216,214
2023-01-12 11:00:00,49.7,49.7,213,212
2023-01-12 11:02:00,49.8,49.9,211,209
2023-01-12 11:04:00,50.2,50.3,211,212
2023-01-12 11:06:00,49.8,49.8,213,214
2023-01-12 11:08:00,50.2,50.1,212,213
2023-01-12 11:10:00,49.4,49.5,216,216
2023-01-12 11:12:00,49.7,49.6,215,215
2023-01-12 11:14:00,49.8,49.9,213,213
2023-01-12 11:16:00,50.0,50.0,218,218
2023-01-12 11:18:00,50.2,50.1,225,223
2023-01-12 11:20:00,50.1,50.1,219,220
2023-01-12 11:22:00,49.9,49.9,223,223
2023-01-12 11:24:00,50.1,50.0,220,220
2023-01-12 11:26:00,50.0,50.1,219,219
2023-01-12 11:28:00,50.0,50.1,211,211
2023-01-12 11:30:00,49.9,49.9,207,207
2023-01-12 11:32:00,49.8,49.8,214,214
2023-01-12 11:34:00,50.0,49.8,222,223
2023-01-12 11:36:00,50.4,50.4,223,223
2023-01-12 11:38:00,49.8,49.9,226,226
2023-01-12 11:40:00,50.0,50.0,221,220
2023-01-12 11:42:00,50.2,50.2,211,209
2023-01-12 11:44:00,50.0,49.8,216,215
2023-01-12 11:46:00,49.6,49.7,211,213
2023-01-12 11:48:00,49.8,49.7,221,220
2023-01-12 11:50:00,49.9,49.9,217,214
2023-01-12 11:52:00,50.0,50.1,219,219
2023-01-12 11:54:00,49.6,49.6,217,217
2023-01-12 11:56:00,49.9,49.9,219,218
2023-01-12 11:58:00,50.1,50.1,221,221
2023-01-12 12:00:00,49.8,49.8,217,216
2023-01-12 12:02:00,49.8,49.8,218,217
2023-01-12 12:04:00,49.9,49.9,214,212
2023-01-12 12:06:00,50.1,50.0,216,216
2023-01-12 12:08:00,50.2,50.1,220,219
2023-01-12 12:10:00,49.7,49.7,214,214
2023-01-12 12:12:00,50.2,50.2,220,219
2023-01-12 12:14:00,50.0,50.1,214,214
2023-01-12 12:16:00,50.0,50.0,219,219
2023-01-12 12:18:00,49.7,49.7,209,210
2023-01-12 12:20:00,50.1,50.0,207,207
2023-01-12 12:22:00,49.8,49.9,211,210
2023-01-12 12:24:00,49.9,49.8,213,212
2023-01-12 12:26:00,49.8,49.7,211,210
2023-01-12 12:28:00,50.0,50.0,208,207
2023-01-12 12:30:00,50.2,50.0,213,215
2023-01-12 12:32:00,49.6,49.4,212,211
2023-01-12 12:34:00,49.7,49.7,209,209
2023-01-12 12:36:00,49.7,49.7,216,215
2023-01-12 12:38:00,49.7,49.8,219,219
2023-01-12 12:40:00,49.7,49.7,210,211
2023-01-12 12:42:00,49.9,49.7,219,220
2023-01-12 12:44:00,49.9,50.0,211,212
2023-01-12 12:46:00,50.0,50,217,216
2023-01-12 12:48:00,49.9,50.0,225,226
2023-01-12 12:50:00,49.8,49.9,223,221
2023-01-12 12:52:00,50.0,50.1,219,220
2023-01-12 12:54:00,49.9,50.0,221,221
2023-01-12 12:56:00,49.8,49.8,226,226
2023-01-12 12:58:00,49.7,49.6,216,219
2023-01-12 13:00:00,50.1,50.1,217,217
2023-01-12 13:02:00,49.7,49.7,224,224
2023-01-12 13:04:00,49.7,49.8,220,218
2023-01-12 13:06:00,50.0,50.0,216,214
2023-01-12 13:08:00,50.1,50.1,213,213
2023-01-12 13:10:00,50.0,50.0,218,217
2023-01-12 13:12:00,50.0,50.0,217,219
2023-01-12 13:14:00,50.4,50.4,212,210
2023-01-12 13:16:00,50.5,50.5,216,216
2023-01-12 13:18:00,50.0,50.0,221,216
2023-01-12 13:20:00,50.1,50.0,225,224
2023-01-12 13:22:00,49.8,49.8,222,221
2023-01-12 13:24:00,49.9,49.9,221,222
2023-01-12 13:26:00,50.0,50.0,221,221
2023-01-12 13:28:00,50.0,50.1,219,220
2023-01-12 13:30:00,49.7,49.7,223,221
2023-01-12 13:32:00,49.7,49.8,220,219
2023-01-12 13:34:00,50.2,50.1,227,226
2023-01-12 13:36:00,50.2,50.3,226,226
2023-01-12 13:38:00,50.2,50.4,220,223
2023-01-12 13:40:00,50.2,50.1,225,225
2023-01-12 13:42:00,50.2,50.2,223,222
2023-01-12 13:44:00,49.8,49.8,221,221
2023-01-12 13:46:00,50.1,50.1,223,222
2023-01-12 13:48:00,50.1,49.9,225,225
2023-01-12 13:50:00,50.0,50.0,216,214
2023-01-12 13:52:00,50.0,50.1,221,217
2023-01-12 13:54:00,49.9,49.8,221,222
2023-01-12 13:56:00,49.7,49.6,211,214
2023-01-12 13:58:00,49.8,49.7,211,212
2023-01-12 14:00:00,50.3,50.3,220,220
2023-01-12 14:02:00,50.1,50.1,219,219
2023-01-12 14:04:00,49.9,50.0,223,220
2023-01-12 14:06:00,50.0,49.9,225,225
2023-01-12 14:08:00,50.5,50.3,219,219
2023-01-12 14:10:00,50.3,50.2,220,219
2023-01-12 14:12:00,50.5,50.2,215,216
2023-01-12 14:14:00,50.3,50.2,210,210
2023-01-12 14:16:00,50.2,50.1,223,223
2023-01-12 14:18:00,50.1,50.1,223,223
2023-01-12 14:20:00,50.1,50.1,221,219
2023-01-12 14:22:00,50.6,50.8,221,219
2023-01-12 14:24:00,50.2,50.0,216,216
2023-01-12 14:26:00,49.7,49.7,215,215
2023-01-12 14:28:00,50.2,50.0,208,209
2023-01-12 14:30:00,49.9,50.0,219,219
2023-01-12 14:32:00,50.1,50.1,219,217
2023-01-12 14:34:00,49.9,49.9,220,219
2023-01-12 14:36:00,49.6,49.6,216,216
2023-01-12 14:38:00,49.8,49.8,223,221
2023-01-12 14:40:00,50.1,50,220,219
2023-01-12 14:42:00,49.9,49.8,215,215
2023-01-12 14:44:00,49.7,49.7,219,216
2023-01-12 14:46:00,49.9,49.8,219,219
2023-01-12 14:48:00,49.8,49.8,219,219
2023-01-12 14:50:00,49.9,49.8,219,221
2023-01-12 14:52:00,49.7,49.6,223,223
2023-01-12 14:54:00,49.9,50.0,218,216
2023-01-12 14:56:00,49.9,50.0,214,214
2023-01-12 14:58:00,50.3,50.1,214,216
2023-01-12 15:00:00,50.1,50.0,219,219
2023-01-12 15:02:00,49.9,49.9,213,212
2023-01-12 15:04:00,50.1,50.1,222,221
2023-01-12 15:06:00,50.0,49.9,221,221
2023-01-12 15:08:00,49.9,49.9,223,223
2023-01-12 15:10:00,50.1,50.0,222,221
2023-01-12 15:12:00,49.7,49.7,221,221
2023-01-12 15:14:00,50.1,50.0,218,216
2023-01-12 15:16:00,50.2,50.1,215,214
2023-01-12 15:18:00,50.4,50.3,214,214
2023-01-12 15:20:00,49.8,49.8,216,216
2023-01-12 15:22:00,50.2,50.3,219,219
2023-01-12 15:24:00,49.9,50.0,220,221
2023-01-12 15:26:00,49.5,49.6,218,217
2023-01-12 15:28:00,49.9,49.9,217,218
2023-01-12 15:30:00,50.0,50.0,220,221
2023-01-12 15:32:00,50.2,50.1,217,218
2023-01-12 15:34:00,50.0,50.0,219,219
2023-01-12 15:36:00,49.9,49.8,223,222
2023-01-12 15:38:00,50.0,50.1,222,230
2023-01-12 15:40:00,50.3,50.0,225,231
2023-01-12 15:42:00,49.8,49.6,222,221
2023-01-12 15:44:00,50.2,50.2,220,219
2023-01-12 15:46:00,50.3,50.1,221,219
2023-01-12 15:48:00,50.1,49.9,220,220
2023-01-12 15:50:00,49.9,49.9,219,221
2023-01-12 15:52:00,49.8,50.0,216,219
2023-01-12 15:54:00,50.0,50.1,220,221
2023-01-12 15:56:00,50.2,50.2,219,220
2023-01-12 15:58:00,50.2,50.2,222,222
2023-01-12 16:00:00,50.1,50.2,219,219
2023-01-12 16:02:00,50.1,50.1,219,219
2023-01-12 16:04:00,50.3,50.2,216,216
2023-01-12 16:06:00,50.2,50.1,218,218
2023-01-12 16:08:00,49.7,49.5,220,216
2023-01-12 16:10:00,49.6,49.6,211,211
2023-01-12 16:12:00,50.0,49.9,218,218
2023-01-12 16:14:00,50.1,50.0,217,215
2023-01-12 16:16:00,49.8,49.8,211,211
2023-01-12 16:18:00,49.6,50.0,218,218
2023-01-12 16:20:00,49.9,50.0,213,215
2023-01-12 16:22:00,49.7,49.8,218,219
2023-01-12 16:24:00,49.6,49.6,216,216
2023-01-12 16:26:00,49.5,49.4,219,219
2023-01-12 16:28:00,49.6,49.5,217,217
2023-01-12 16:30:00,49.8,49.9,219,219
2023-01-12 16:32:00,49.9,50.0,217,219
2023-01-12 16:34:00,50.0,50.0,218,220
2023-01-12 16:36:00,50.0,49.7,218,216
2023-01-12 16:38:00,49.8,49.7,220,220
2023-01-12 16:40:00,50.3,50.2,221,220
2023-01-12 16:42:00,50.0,50.0,221,221
2023-01-12 16:44:00,50.0,49.8,219,219
2023-01-12 16:46:00,50.1,50.1,218,219
2023-01-12 16:48:00,50.2,50.0,219,220
2023-01-12 16:50:00,49.9,49.9,221,220
2023-01-12 16:52:00,50.0,50.1,220,220
2023-01-12 16:54:00,49.5,49.6,219,218
2023-01-12 16:56:00,50.0,50.0,220,221
2023-01-12 16:58:00,50.0,50.0,220,221
2023-01-12 17:00:00,49.9,50.0,219,219
2023-01-12 17:02:00,50.8,50.7,219,221
2023-01-12 17:04:00,50.1,50.2,221,221
2023-01-12 17:06:00,49.9,50.0,214,219
2023-01-12 17:08:00,50.0,50.0,220,221
2023-01-12 17:10:00,49.6,49.4,214,214
2023-01-12 17:12:00,49.9,50.0,215,217
2023-01-12 17:14:00,50.1,50.1,219,220
2023-01-12 17:16:00,49.9,49.9,221,221
2023-01-12 17:18:00,50.3,50.3,220,222
2023-01-12 17:20:00,50.0,49.8,221,221
2023-01-12 17:22:00,50.0,50.0,219,221
2023-01-12 17:24:00,49.8,49.6,217,212
2023-01-12 17:26:00,49.9,49.9,218,218
2023-01-12 17:28:00,50.0,50.2,219,219
2023-01-12 17:30:00,49.8,49.9,220,217
2023-01-12 17:32:00,49.6,49.7,222,222
2023-01-12 17:34:00,50.0,50.1,221,221
2023-01-12 17:36:00,49.5,49.5,219,221
2023-01-12 17:38:00,49.9,50.0,221,223
2023-01-12 17:40:00,50.1,50.0,222,222
2023-01-12 17:42:00,49.9,50.0,223,221
2023-01-12 17:44:00,49.6,49.6,220,221
2023-01-12 17:46:00,49.7,49.8,221,221
2023-01-12 17:48:00,49.8,49.8,221,221
2023-01-12 17:50:00,50.1,50.0,220,221
2023-01-12 17:52:00,49.8,49.8,219,221
2023-01-12 17:54:00,49.8,49.8,221,222
2023-01-12 17:56:00,50.0,49.8,216,215
2023-01-12 17:58:00,50.1,50.1,221,221
2023-01-12 18:00:00,50.0,50.1,218,219
2023-01-12 18:02:00,49.8,49.9,218,220
2023-01-12 18:04:00,50.1,50.1,220,220
2023-01-12 18:06:00,50.2,50.1,220,220
2023-01-12 18:08:00,50.1,50.2,223,223
2023-01-12 18:10:00,49.9,49.9,220,221
2023-01-12 18:12:00,49.7,49.8,219,220
2023-01-12 18:14:00,50.0,50.1,223,223
2023-01-12 18:16:00,50.1,50.0,221,221
2023-01-12 18:18:00,49.8,49.7,221,222
2023-01-12 18:20:00,49.6,49.6,220,223
2023-01-12 18:22:00,49.8,49.9,220,220
2023-01-12 18:24:00,49.8,49.9,220,221
2023-01-12 18:26:00,49.8,50.0,213,213
2023-01-12 18:28:00,49.8,49.9,214,215
2023-01-12 18:30:00,49.7,49.7,211,210
2023-01-12 18:32:00,49.8,49.7,214,213
2023-01-12 18:34:00,49.7,49.7,212,212
2023-01-12 18:36:00,49.7,49.7,210,211
2023-01-12 18:38:00,49.8,49.8,212,212
2023-01-12 18:40:00,50.0,50.1,211,212
2023-01-12 18:42:00,49.9,49.9,219,219
2023-01-12 18:44:00,49.9,50.0,213,213
2023-01-12 18:46:00,50.3,50.3,213,213
2023-01-12 18:48:00,50.3,50.3,212,213
2023-01-12 18:50:00,50.1,50.1,211,211
2023-01-12 18:52:00,49.9,49.9,219,220
2023-01-12 18:54:00,50.1,50.0,211,211
2023-01-12 18:56:00,50.2,50.2,211,211
2023-01-12 18:58:00,50.1,50.1,209,208
2023-01-12 19:00:00,49.9,49.9,209,216
2023-01-12 19:02:00,49.8,49.8,217,216
2023-01-12 19:04:00,49.8,49.8,217,218
2023-01-12 19:06:00,49.9,49.9,220,220
2023-01-12 19:08:00,50.1,50.2,219,219
2023-01-12 19:10:00,50.0,50.0,219,220
2023-01-12 19:12:00,50.2,50.1,220,219
2023-01-12 19:14:00,50.2,50.1,217,217
2023-01-12 19:16:00,50.1,50.0,217,217
2023-01-12 19:18:00,50.0,50.1,216,216
2023-01-12 19:20:00,50.0,50.0,213,214
2023-01-12 19:22:00,50.0,50.0,212,216
2023-01-12 19:24:00,49.8,49.8,216,216
2023-01-12 19:26:00,49.8,49.7,218,214
2023-01-12 19:28:00,49.9,49.9,218,218
2023-01-12 19:30:00,50,50.0,218,218
2023-01-12 19:32:00,49.5,49.5,212,212
2023-01-12 19:34:00,49.9,49.8,211,218
2023-01-12 19:36:00,49.8,49.8,213,218
2023-01-12 19:38:00,49.7,49.7,216,216
2023-01-12 19:40:00,50.0,50.1,216,216
2023-01-12 19:42:00,49.6,49.5,219,219
2023-01-12 19:44:00,49.9,49.9,219,220
2023-01-12 19:46:00,49.8,49.8,219,219
2023-01-12 19:48:00,50.0,50.1,219,219
2023-01-12 19:50:00,50.2,50.2,217,216
2023-01-12 19:52:00,50.1,50.1,214,215
2023-01-12 19:54:00,50.0,50.0,218,216
2023-01-12 19:56:00,49.8,49.8,215,215
2023-01-12 19:58:00,49.8,49.9,216,216
2023-01-12 20:00:00,49.9,49.9,218,219
2023-01-12 20:02:00,49.9,49.9,217,217
2023-01-12 20:04:00,49.9,50.0,217,218
2023-01-12 20:06:00,49.8,49.9,216,216
2023-01-12 20:08:00,49.9,49.9,216,216
2023-01-12 20:10:00,49.9,50.0,216,216
2023-01-12 20:12:00,49.9,49.9,214,214
2023-01-12 20:14:00,50,50.0,216,216
2023-01-12 20:16:00,50.0,50.0,216,216
2023-01-12 20:18:00,50.0,50.0,216,216
2023-01-12 20:20:00,50.2,50.1,216,216
2023-01-12 20:22:00,50.0,50.0,214,214
2023-01-12 20:24:00,49.8,49.8,216,216
2023-01-12 20:26:00,50.0,49.9,216,216
2023-01-12 20:28:00,50.0,50.0,216,216
2023-01-12 20:30:00,49.8,49.8,216,216
2023-01-12 20:32:00,49.6,49.6,216,216
2023-01-12 20:34:00,49.7,49.8,214,214
2023-01-12 20:36:00,49.7,49.7,216,216
2023-01-12 20:38:00,50.0,50.0,214,215
2023-01-12 20:40:00,50.1,50.1,214,215
2023-01-12 20:42:00,50.0,50.0,216,216
2023-01-12 20:44:00,50.1,50.0,216,216
2023-01-12 20:46:00,50.1,50.0,217,217
2023-01-12 20:48:00,50.1,50.0,216,216
2023-01-12 20:50:00,50.0,50.1,218,218
2023-01-12 20:52:00,50.1,50.1,216,216
2023-01-12 20:54:00,50.0,49.9,217,217
2023-01-12 20:56:00,50.0,50.0,217,217
2023-01-12 20:58:00,50.0,50.0,218,218
2023-01-12 21:00:00,50.0,50.0,217,218
2023-01-12 21:02:00,50.0,50.0,217,217
2023-01-12 21:04:00,50.0,50.0,218,218
2023-01-12 21:06:00,49.9,49.9,218,218
2023-01-12 21:08:00,50,50.0,217,217
2023-01-12 21:10:00,49.8,49.8,218,219
2023-01-12 21:12:00,50.0,50.0,216,217
2023-01-12 21:14:00,50.0,50.0,216,216
2023-01-12 21:16:00,49.9,50.0,216,217
2023-01-12 21:18:00,50.0,50.0,217,218
2023-01-12 21:20:00,50.1,50.1,218,218
2023-01-12 21:22:00,50.0,50.1,218,218
2023-01-12 21:24:00,50.1,50.1,218,219
2023-01-12 21:26:00,50.1,50.1,219,219
2023-01-12 21:28:00,50.0,50.0,216,216
2023-01-12 21:30:00,50.0,50.0,219,219
2023-01-12 21:32:00,50.2,50.2,219,219
2023-01-12 21:34:00,50.1,50.0,219,219
2023-01-12 21:36:00,49.9,49.9,219,219
2023-01-12 21:38:00,49.9,49.9,219,219
2023-01-12 21:40:00,49.9,49.8,219,220
2023-01-12 21:42:00,49.8,49.9,221,221
2023-01-12 21:44:00,50.2,50.2,222,222
2023-01-12 21:46:00,49.8,49.9,221,221
2023-01-12 21:48:00,49.8,49.8,221,221
2023-01-12 21:50:00,49.9,50.0,221,221
2023-01-12 21:52:00,49.9,49.9,222,222
2023-01-12 21:54:00,50.0,50.1,222,222
2023-01-12 21:56:00,50.1,50.1,222,222
2023-01-12 21:58:00,50.1,50.1,223,223
2023-01-12 22:00:00,49.8,49.9,223,223
2023-01-12 22:02:00,50.0,50.0,223,223
2023-01-12 22:04:00,50.2,50.3,224,224
2023-01-12 22:06:00,49.8,49.8,223,224
2023-01-12 22:08:00,49.8,49.8,224,224
2023-01-12 22:10:00,49.7,49.7,224,224
2023-01-12 22:12:00,49.8,49.8,222,222
2023-01-12 22:14:00,50.0,50.1,222,222
2023-01-12 22:16:00,49.9,49.9,221,222
2023-01-12 22:18:00,50.1,50.1,221,222
2023-01-12 22:20:00,50.0,50.0,221,221
2023-01-12 22:22:00,50.0,50.0,222,222
2023-01-12 22:24:00,49.9,50.0,221,221
2023-01-12 22:26:00,50.2,50.1,223,223
2023-01-12 22:28:00,49.9,49.8,221,221
2023-01-12 22:30:00,50.0,50.0,222,223
2023-01-12 22:32:00,49.8,49.8,223,223
2023-01-12 22:34:00,50.2,50.2,223,223
2023-01-12 22:36:00,49.9,49.9,222,222
2023-01-12 22:38:00,50.1,50.1,222,223
2023-01-12 22:40:00,49.8,49.8,223,223
2023-01-12 22:42:00,50.1,50.2,223,224
2023-01-12 22:44:00,50.1,50.1,225,225
2023-01-12 22:46:00,50.0,50,223,223
2023-01-12 22:48:00,50.0,50.0,223,224
2023-01-12 22:50:00,50.1,50.2,223,223
2023-01-12 22:52:00,50.0,50.0,224,224
2023-01-12 22:54:00,50.2,50.2,225,225
2023-01-12 22:56:00,50.1,50.1,225,225
2023-01-12 22:58:00,49.6,49.7,224,225
2023-01-12 23:00:00,50.1,50.1,221,221
2023-01-12 23:02:00,50.2,50.2,222,222
2023-01-12 23:04:00,50.1,50.0,226,226
2023-01-12 23:06:00,50.1,50.0,224,224
2023-01-12 23:08:00,50.0,49.9,226,226
2023-01-12 23:10:00,50.0,50.0,225,225
2023-01-12 23:12:00,50.1,50.1,225,225
2023-01-12 23:14:00,49.2,49.2,225,225
2023-01-12 23:16:00,49.8,49.8,226,226
2023-01-12 23:18:00,50.1,50.1,226,227
2023-01-12 23:20:00,50.0,49.9,225,225
2023-01-12 23:22:00,49.9,49.9,225,225
2023-01-12 23:24:00,49.8,49.7,223,224
2023-01-12 23:26:00,50.0,50.1,224,224
2023-01-12 23:28:00,49.9,50.0,224,225
2023-01-12 23:30:00,49.9,49.9,221,223
2023-01-12 23:32:00,50.0,50.0,226,226
2023-01-12 23:34:00,50.0,50.0,227,227
2023-01-12 23:36:00,50.3,50.3,227,227
2023-01-12 23:38:00,50.0,50.0,226,226
2023-01-12 23:40:00,50.2,50.2,227,227
2023-01-12 23:42:00,49.9,49.9,226,226
2023-01-12 23:44:00,50.2,50.2,226,227
2023-01-12 23:46:00,50.2,50.2,227,227
2023-01-12 23:48:00,50.0,50.0,226,227
2023-01-12 23:50:00,50.1,50.1,228,228
2023-01-12 23:52:00,50.0,50.1,228,228
2023-01-12 23:54:00,49.7,49.7,228,228
2023-01-12 23:56:00,49.8,49.7,228,228
2023-01-12 23:58:00,50.1,50.2,228,229
2023-01-13 00:00:00,49.8,49.6,227,227
2023-01-13 00:02:00,50.2,50.2,228,228
2023-01-13 00:04:00,50.1,50.1,228,228
2023-01-13 00:06:00,49.8,50.0,228,228
2023-01-13 00:08:00,49.7,49.8,228,228
2023-01-13 00:10:00,50.0,50,228,228
2023-01-13 00:12:00,49.9,49.9,228,228
2023-01-13 00:14:00,50.1,50.1,228,228
2023-01-13 00:16:00,49.9,49.8,228,228
2023-01-13 00:18:00,49.9,49.9,226,226
2023-01-13 00:20:00,49.9,50.0,226,226
2023-01-13 00:22:00,49.9,49.9,224,224
2023-01-13 00:24:00,49.7,49.7,225,225
2023-01-13 00:26:00,49.9,50.0,225,225
2023-01-13 00:28:00,50.2,50.2,225,225
2023-01-13 00:30:00,50.2,50.2,225,226
2023-01-13 00:32:00,50.0,50.0,224,225
2023-01-13 00:34:00,50.0,50.0,225,226
2023-01-13 00:36:00,50,49.9,225,226
2023-01-13 00:38:00,49.9,49.9,225,225
2023-01-13 00:40:00,50.1,50,226,226
2023-01-13 00:42:00,49.9,49.9,225,225
2023-01-13 00:44:00,49.9,49.9,226,226
2023-01-13 00:46:00,49.9,49.8,226,226
2023-01-13 00:48:00,49.8,49.9,226,226
2023-01-13 00:50:00,49.9,49.9,226,226
2023-01-13 00:52:00,49.9,49.9,227,228
2023-01-13 00:54:00,49.9,50.0,227,227
2023-01-13 00:56:00,49.9,49.8,227,227
2023-01-13 00:58:00,50.1,50.1,228,228
2023-01-13 01:00:00,49.8,49.8,226,226
2023-01-13 01:02:00,49.9,50.0,226,226
2023-01-13 01:04:00,50.0,50.0,227,227
2023-01-13 01:06:00,49.1,49.0,225,226
2023-01-13 01:08:00,49.9,49.9,226,226
2023-01-13 01:10:00,49.9,49.9,225,226
2023-01-13 01:12:00,49.9,50.0,227,227
2023-01-13 01:14:00,49.9,49.9,227,227
2023-01-13 01:16:00,49.9,49.9,227,227
2023-01-13 01:18:00,49.9,50.0,227,228
2023-01-13 01:20:00,50.0,50,228,228
2023-01-13 01:22:00,49.9,49.9,227,228
2023-01-13 01:24:00,49.9,49.9,227,227
2023-01-13 01:26:00,50.1,50.0,227,227
2023-01-13 01:28:00,49.9,49.8,228,228
2023-01-13 01:30:00,49.9,50.0,229,229
2023-01-13 01:32:00,49.8,49.8,228,229
2023-01-13 01:34:00,49.8,49.8,228,229
2023-01-13 01:36:00,49.9,50.0,230,230
2023-01-13 01:38:00,49.7,49.8,228,229
2023-01-13 01:40:00,49.8,49.8,229,229
2023-01-13 01:42:00,50.3,50.3,229,229
2023-01-13 01:44:00,50,50.0,229,229
2023-01-13 01:46:00,50.0,50.0,229,229
2023-01-13 01:48:00,49.7,49.7,228,229
2023-01-13 01:50:00,49.9,49.9,228,228
2023-01-13 01:52:00,50.0,49.9,228,229
2023-01-13 01:54:00,49.6,49.6,228,228
2023-01-13 01:56:00,50.1,50.1,230,230
2023-01-13 01:58:00,49.7,49.7,229,230
2023-01-13 02:00:00,49.9,49.8,229,228
2023-01-13 02:02:00,50.1,50.1,230,231
2023-01-13 02:04:00,49.8,49.8,230,230
2023-01-13 02:06:00,49.9,49.9,230,231
2023-01-13 02:08:00,50.0,50.0,231,231
2023-01-13 02:10:00,50.0,50.0,229,229
2023-01-13 02:12:00,50.3,50.3,230,230
2023-01-13 02:14:00,49.5,49.5,229,230
2023-01-13 02:16:00,49.9,49.9,231,231
2023-01-13 02:18:00,49.8,49.9,228,228
2023-01-13 02:20:00,49.6,49.6,228,228
2023-01-13 02:22:00,50.2,50.2,228,228
2023-01-13 02:24:00,50.2,50.2,227,228
2023-01-13 02:26:00,49.7,49.8,227,228
2023-01-13 02:28:00,50.0,50.0,227,227
2023-01-13 02:30:00,49.9,49.9,227,227
2023-01-13 02:32:00,50.4,50.3,228,228
2023-01-13 02:34:00,50.2,50.2,228,228
2023-01-13 02:36:00,49.7,49.7,227,228
2023-01-13 02:38:00,49.8,49.8,228,228
2023-01-13 02:40:00,49.9,49.8,228,228
2023-01-13 02:42:00,49.9,50.0,226,228
2023-01-13 02:44:00,50.3,50.2,224,225
2023-01-13 02:46:00,50.0,50.0,228,228
2023-01-13 02:48:00,49.9,49.9,228,228
2023-01-13 02:50:00,49.9,49.9,228,228
2023-01-13 02:52:00,49.9,49.9,227,228
2023-01-13 02:54:00,50.0,50.0,228,228
2023-01-13 02:56:00,49.9,49.9,228,228
2023-01-13 02:58:00,50.0,49.9,229,229
2023-01-13 03:00:00,50.0,50.0,229,229
2023-01-13 03:02:00,49.9,49.8,228,229
2023-01-13 03:04:00,50.1,50.1,229,229
2023-01-13 03:06:00,49.9,49.9,228,228
2023-01-13 03:08:00,49.7,49.7,230,230
2023-01-13 03:10:00,49.9,49.9,229,229
2023-01-13 03:12:00,49.7,49.7,228,228
2023-01-13 03:14:00,50.1,50.1,232,232
2023-01-13 03:16:00,50.0,50.0,231,231
2023-01-13 03:18:00,49.9,49.8,231,231
2023-01-13 03:20:00,49.8,49.8,232,232
2023-01-13 03:22:00,50.1,50.1,232,233
2023-01-13 03:24:00,49.8,49.8,231,231
2023-01-13 03:26:00,49.9,49.9,230,230
2023-01-13 03:28:00,50.3,50.3,231,231
2023-01-13 03:30:00,49.5,49.5,228,228
2023-01-13 03:32:00,50.0,50.0,229,229
2023-01-13 03:34:00,50.0,49.9,229,230
2023-01-13 03:36:00,50.0,50.0,229,229
2023-01-13 03:38:00,49.8,49.8,229,229
2023-01-13 03:40:00,49.9,49.9,228,228
2023-01-13 03:42:00,49.5,49.5,228,228
2023-01-13 03:44:00,49.9,49.9,228,228
2023-01-13 03:46:00,50.0,50.0,229,229
2023-01-13 03:48:00,49.6,49.7,228,228
2023-01-13 03:50:00,50.0,50.0,228,228
2023-01-13 03:52:00,50.0,50.0,228,229
2023-01-13 03:54:00,50.1,50.1,228,229
2023-01-13 03:56:00,50.0,50.1,228,229
2023-01-13 03:58:00,49.8,49.8,228,229
2023-01-13 04:00:00,50.1,50.2,231,231
2023-01-13 04:02:00,49.9,49.9,230,230
2023-01-13 04:04:00,50.3,50.3,230,230
2023-01-13 04:06:00,50.0,49.9,228,228
2023-01-13 04:08:00,50.1,50.1,228,228
2023-01-13 04:10:00,50.2,50.1,231,231
2023-01-13 04:12:00,50.0,50.0,230,231
2023-01-13 04:14:00,49.7,49.7,231,231
2023-01-13 04:16:00,50.2,50.1,231,231
2023-01-13 04:18:00,49.8,49.7,229,230
2023-01-13 04:20:00,49.6,49.6,230,230
2023-01-13 04:22:00,50.0,49.9,227,227
2023-01-13 04:24:00,50.0,50.0,231,231
2023-01-13 04:26:00,49.9,49.9,227,227
2023-01-13 04:28:00,50.0,50.0,229,229
2023-01-13 04:30:00,49.8,49.8,228,228
2023-01-13 04:32:00,49.9,49.9,228,228
2023-01-13 04:34:00,49.9,50.0,226,226
2023-01-13 04:36:00,50.0,50.0,227,226
2023-01-13 04:38:00,49.8,49.9,228,228
2023-01-13 04:40:00,49.9,49.9,228,228
2023-01-13 04:42:00,49.9,49.9,228,228
2023-01-13 04:44:00,49.6,49.7,227,227
2023-01-13 04:46:00,50.0,50.0,228,228
2023-01-13 04:48:00,50.0,50.0,228,228
2023-01-13 04:50:00,50.0,50.0,228,228
2023-01-13 04:52:00,49.8,49.8,226,227
2023-01-13 04:54:00,49.8,49.9,228,228
2023-01-13 04:56:00,49.9,49.9,228,228
2023-01-13 04:58:00,49.9,49.9,228,228
2023-01-13 05:00:00,50.0,50.0,231,231
2023-01-13 05:02:00,50.1,50.0,231,231
2023-01-13 05:04:00,49.8,49.8,231,231
2023-01-13 05:06:00,49.8,49.9,231,231
2023-01-13 05:08:00,50.0,50.0,232,233
2023-01-13 05:10:00,50.1,50.1,231,232
2023-01-13 05:12:00,49.9,49.9,231,231
2023-01-13 05:14:00,49.9,49.9,231,232
2023-01-13 05:16:00,49.7,49.8,231,231
2023-01-13 05:18:00,49.8,49.9,232,232
2023-01-13 05:20:00,49.7,49.8,231,231
2023-01-13 05:22:00,50.1,50.1,231,231
2023-01-13 05:24:00,49.9,49.9,231,231
2023-01-13 05:26:00,49.7,49.8,231,231
2023-01-13 05:28:00,49.9,49.9,231,231
2023-01-13 05:30:00,50.0,50.0,226,226
2023-01-13 05:32:00,49.8,49.8,230,230
2023-01-13 05:34:00,50.0,50.0,230,230
2023-01-13 05:36:00,50.2,50.2,228,228
2023-01-13 05:38:00,50.1,50.0,228,228
2023-01-13 05:40:00,49.8,49.8,228,228
2023-01-13 05:42:00,50.0,50.0,228,228
2023-01-13 05:44:00,50.0,50.0,227,225
2023-01-13 05:46:00,50.6,50.6,229,229
2023-01-13 05:48:00,50.1,50.1,228,228
2023-01-13 05:50:00,50.1,50.1,226,226
2023-01-13 05:52:00,50.0,50.0,219,220
2023-01-13 05:54:00,49.8,49.8,220,220
2023-01-13 05:56:00,50.2,50.2,227,227
2023-01-13 05:58:00,49.9,49.9,226,226
2023-01-13 06:00:00,50.1,50.1,227,227
2023-01-13 06:02:00,49.7,49.6,220,220
2023-01-13 06:04:00,49.7,49.7,221,221
2023-01-13 06:06:00,49.6,49.6,228,227
2023-01-13 06:08:00,49.7,49.9,228,228
2023-01-13 06:10:00,49.8,49.9,228,228
2023-01-13 06:12:00,49.8,49.9,223,223
2023-01-13 06:14:00,49.9,50.0,221,221
2023-01-13 06:16:00,50.3,50.2,221,222
2023-01-13 06:18:00,50.1,50.2,223,222
2023-01-13 06:20:00,50.0,49.9,228,228
2023-01-13 06:22:00,50.0,50.1,222,222
2023-01-13 06:24:00,49.7,50.0,221,221
2023-01-13 06:26:00,50.0,50.0,221,221
2023-01-13 06:28:00,49.8,50.0,226,228
2023-01-13 06:30:00,49.7,50.0,221,221
2023-01-13 06:32:00,49.7,49.9,219,220
2023-01-13 06:34:00,49.9,50.0,218,218
2023-01-13 06:36:00,50.1,50.0,217,218
2023-01-13 06:38:00,50.0,50.0,225,225
2023-01-13 06:40:00,7874,9804,0,0
2023-01-13 06:42:00,3906,7874,0,0
2023-01-13 06:44:00,6579,4926,0,0
2023-01-13 06:46:00,5587,6536,0,0
2023-01-13 06:48:00,5587,5587,0,0
2023-01-13 06:50:00,9804,4367,0,0
2023-01-13 06:52:00,3289,3030,0,0
2023-01-13 06:54:00,5618,3030,0,0
2023-01-13 06:56:00,4329,3922,0,0
2023-01-13 06:58:00,3584,7874,0,0
2023-01-13 07:00:00,6536,5618,0,0
2023-01-13 07:02:00,6536,5556,0,0
2023-01-13 07:04:00,5556,6536,0,0
2023-01-13 07:06:00,1786,3021,0,0
2023-01-13 07:08:00,6536,5587,0,0
2023-01-13 07:10:00,6536,9804,0,0
2023-01-13 07:12:00,4367,6536,0,0
2023-01-13 07:14:00,49.9,3937,162,0
2023-01-13 07:16:00,49.7,49.5,233,233
2023-01-13 07:18:00,49.8,49.9,231,231
2023-01-13 07:20:00,49.7,50.0,219,219
2023-01-13 07:22:00,50.3,50.2,218,219
2023-01-13 07:24:00,50.3,50.3,215,215
2023-01-13 07:26:00,49.6,49.5,219,219
2023-01-13 07:28:00,49.0,49.0,222,221
2023-01-13 07:30:00,50.5,50.4,218,219
2023-01-13 07:32:00,50.0,50.1,214,214
2023-01-13 07:34:00,50.3,50.1,213,211
2023-01-13 07:36:00,50.5,50.4,213,214
2023-01-13 07:38:00,50.1,50.2,219,217
2023-01-13 07:40:00,49.7,49.9,226,226
2023-01-13 07:42:00,49.7,49.7,226,226
2023-01-13 07:44:00,49.5,49.5,223,224
2023-01-13 07:46:00,49.7,49.9,226,227
2023-01-13 07:48:00,49.9,49.9,221,223
2023-01-13 07:50:00,50.1,50.0,225,225
2023-01-13 07:52:00,49.7,49.9,221,223
2023-01-13 07:54:00,49.8,49.9,221,221
2023-01-13 07:56:00,49.8,49.8,221,221
2023-01-13 07:58:00,49.9,50.0,209,207
2023-01-13 08:00:00,49.9,49.9,207,209
2023-01-13 08:02:00,50.1,50.1,216,216
2023-01-13 08:04:00,49.9,49.9,214,219
2023-01-13 08:06:00,50.0,50.0,220,220
2023-01-13 08:08:00,50.1,50.1,219,218
2023-01-13 08:10:00,50.2,50.2,218,222
2023-01-13 08:12:00,49.9,49.9,222,222
2023-01-13 08:14:00,49.9,50.0,217,221
2023-01-13 08:16:00,49.9,49.9,222,223
2023-01-13 08:18:00,49.8,49.7,224,225
2023-01-13 08:20:00,49.5,49.4,214,215
2023-01-13 08:22:00,49.9,49.8,225,219
2023-01-13 08:24:00,4926,7874,0,0
2023-01-13 08:26:00,5618,9615,0,0
2023-01-13 08:28:00,9804,5618,0,0
2023-01-13 08:30:00,5618,5618,0,0
2023-01-13 08:32:00,4854,5618,0,0
2023-01-13 08:34:00,4926,3030,0,0
2023-01-13 08:36:00,5618,3584,0,0
2023-01-13 08:38:00,5587,5618,0,0
2023-01-13 08:40:00,6579,5618,0,0
2023-01-13 08:42:00,5618,3030,0,0
2023-01-13 08:44:00,9804,3937,0,0
2023-01-13 08:46:00,5556,5618,0,0
2023-01-13 08:48:00,4878,4926,0,0
2023-01-13 08:50:00,6536,9804,0,0
2023-01-13 08:52:00,6579,6536,0,0
2023-01-13 08:54:00,4329,3937,0,0
2023-01-13 08:56:00,4926,5618,0,0
2023-01-13 08:58:00,6536,2304,0,0
2023-01-13 09:00:00,3861,7874,0,0
2023-01-13 09:02:00,9804,6579,0,0
2023-01-13 09:04:00,5618,4348,0,0
2023-01-13 09:06:00,4367,4348,0,0
2023-01-13 09:08:00,3279,42.6,0.707,211
2023-01-13 09:10:00,4926,42.6,0.707,209
2023-01-13 09:12:00,85.2,42.3,2.12,211
2023-01-13 09:14:00,43.0,42.7,2.12,212
2023-01-13 09:16:00,57.1,42.6,2.12,211
2023-01-13 09:18:00,84.9,42.6,2.12,207
2023-01-13 09:20:00,85.8,42.5,2.12,202
2023-01-13 09:22:00,84.5,42.3,2.12,204
2023-01-13 09:24:00,84.5,42.6,2.12,202
2023-01-13 09:26:00,85.0,42.5,2.12,201
2023-01-13 09:28:00,56.4,42.7,2.12,202
2023-01-13 09:30:00,84.1,42.4,2.12,203
2023-01-13 09:32:00,170,42.7,2.12,200
2023-01-13 09:34:00,83.8,42.5,2.12,200
2023-01-13 09:36:00,85.2,42.5,2.12,201
2023-01-13 09:38:00,6536,43.0,0.707,197
2023-01-13 09:40:00,7752,42.7,0.707,199
2023-01-13 09:42:00,4367,42.6,0,200
2023-01-13 09:44:00,3030,42.3,0.707,203
2023-01-13 09:46:00,2801,42.6,0,201
2023-01-13 09:48:00,5618,42.6,0.707,200
2023-01-13 09:50:00,1359,42.2,0.707,202
2023-01-13 09:52:00,4367,42.3,0.707,202
2023-01-13 09:54:00,1961,42.3,0,202
2023-01-13 09:56:00,853,42.5,0.707,201
2023-01-13 09:58:00,4386,42.3,0.707,200
2023-01-13 10:00:00,3546,42.2,0,205
2023-01-13 10:02:00,3279,42.3,0,204
2023-01-13 10:04:00,803,42.9,0.707,202
2023-01-13 10:06:00,2625,42.8,0.707,202
2023-01-13 10:08:00,1972,42.8,0.707,202
2023-01-13 10:10:00,4926,42.7,0.707,202
2023-01-13 10:12:00,2793,42.8,0.707,200
2023-01-13 10:14:00,1122,42.4,0.707,205
2023-01-13 10:16:00,4926,42.5,0.707,204
2023-01-13 10:18:00,1972,42.9,0.707,205
2023-01-13 10:20:00,4878,43.1,0.707,204
2023-01-13 10:22:00,3279,43.0,0.707,203
2023-01-13 10:24:00,4348,43.7,0.707,200
2023-01-13 10:26:00,2604,42.7,0.707,202
2023-01-13 10:28:00,3876,43.1,0.707,204
2023-01-13 10:30:00,3521,43.1,0.707,205
2023-01-13 10:32:00,4878,42.8,0.707,202
2023-01-13 10:34:00,3571,42.8,0.707,202
2023-01-13 10:36:00,6494,42.6,0.707,202
2023-01-13 10:38:00,2451,43.3,0.707,198
2023-01-13 10:40:00,3012,42.3,0.707,197
2023-01-13 10:42:00,2625,42.9,0.707,196
2023-01-13 10:44:00,42.2,42.4,2.12,198
2023-01-13 10:46:00,56.4,42.4,2.12,197
2023-01-13 10:48:00,85.4,42.4,2.12,196
2023-01-13 10:50:00,83.9,42.3,2.12,194
2023-01-13 10:52:00,42.0,42.3,2.12,197
2023-01-13 10:54:00,83.8,42.2,2.12,197
2023-01-13 10:56:00,85.1,42.2,2.12,193
2023-01-13 10:58:00,81.7,42.0,2.12,193
2023-01-13 11:00:00,84.3,42.2,2.12,194
2023-01-13 11:02:00,42.4,42.3,2.12,194
2023-01-13 11:04:00,43.7,42.8,2.12,193
2023-01-13 11:06:00,83.1,41.5,2.12,199
2023-01-13 11:08:00,41.9,41.3,2.12,197
2023-01-13 11:10:00,83.4,41.5,2.12,197
2023-01-13 11:12:00,1642,41.7,2.12,194
2023-01-13 11:14:00,9804,41.8,2.12,194
2023-01-13 11:16:00,82.9,41.8,2.12,194
2023-01-13 11:18:00,96.2,41.5,2.12,195
2023-01-13 11:20:00,83.6,41.8,2.12,195
2023-01-13 11:22:00,84.2,41.7,2.12,192
2023-01-13 11:24:00,168,41.7,1.41,197
2023-01-13 11:26:00,83.9,41.8,1.41,195
2023-01-13 11:28:00,83.5,41.8,2.12,195
2023-01-13 11:30:00,167,41.7,1.41,196
2023-01-13 11:32:00,82.9,41.8,1.41,197
2023-01-13 11:34:00,84.3,42.0,1.41,195
2023-01-13 11:36:00,83.3,41.9,1.41,194
2023-01-13 11:38:00,578,41.7,2.12,194
2023-01-13 11:40:00,3279,41.7,2.12,194
2023-01-13 11:42:00,2309,42.0,2.12,198
2023-01-13 11:44:00,85.2,42.1,2.12,196
2023-01-13 11:46:00,56.1,42.0,2.12,196
2023-01-13 11:48:00,84.2,42.2,2.12,194
2023-01-13 11:50:00,84.1,41.8,2.12,194
2023-01-13 11:52:00,83.3,41.7,2.12,192
2023-01-13 11:54:00,55.5,41.5,2.12,195
2023-01-13 11:56:00,163,41.4,2.12,191
2023-01-13 11:58:00,162,41.7,2.12,194
2023-01-13 12:00:00,78.6,41.9,2.12,194
2023-01-13 12:02:00,42.4,42.0,2.12,190
2023-01-13 12:04:00,41.9,42.2,2.12,188
2023-01-13 12:06:00,83.4,42.0,2.12,187
2023-01-13 12:08:00,41.6,41.7,2.12,192
2023-01-13 12:10:00,83.7,42.1,2.12,189
2023-01-13 12:12:00,83.4,41.9,2.12,187
2023-01-13 12:14:00,41.9,41.8,1.41,194
2023-01-13 12:16:00,175,42.3,2.12,197
2023-01-13 12:18:00,84.7,42.1,2.12,193
2023-01-13 12:20:00,84.0,42.3,2.12,198
2023-01-13 12:22:00,85.7,42.7,2.12,194
2023-01-13 12:24:00,83.4,42.1,1.41,196
2023-01-13 12:26:00,83.7,42.2,1.41,191
2023-01-13 12:28:00,55.3,41.5,1.41,198
2023-01-13 12:30:00,83.6,42.1,1.41,195
2023-01-13 12:32:00,41.9,41.9,1.41,197
2023-01-13 12:34:00,167,41.8,2.12,198
2023-01-13 12:36:00,84.6,41.8,1.41,197
2023-01-13 12:38:00,4926,42.3,2.12,200
2023-01-13 12:40:00,645,42.3,2.12,197
2023-01-13 12:42:00,390,41.9,2.12,199
2023-01-13 12:44:00,84.2,42.6,2.12,194
2023-01-13 12:46:00,174,41.9,2.12,199
2023-01-13 12:48:00,84.5,42.3,2.12,194
2023-01-13 12:50:00,170,42.2,2.12,198
2023-01-13 12:52:00,173,42.7,2.12,195
2023-01-13 12:54:00,85.0,42.2,2.12,202
2023-01-13 12:56:00,173,42.0,2.12,199
2023-01-13 12:58:00,173,42.2,2.12,200
2023-01-13 13:00:00,161,41.7,2.12,203
2023-01-13 13:02:00,138,42.2,2.12,195
2023-01-13 13:04:00,6579,41.5,2.12,197
2023-01-13 13:06:00,84.8,42.3,2.12,192
2023-01-13 13:08:00,163,41.9,2.12,195
2023-01-13 13:10:00,84.7,42.0,2.12,190
2023-01-13 13:12:00,84.9,41.4,2.12,195
2023-01-13 13:14:00,5618,42.0,2.12,189
2023-01-13 13:16:00,165,41.4,2.12,193
2023-01-13 13:18:00,55.8,42.0,2.12,190
2023-01-13 13:20:00,56.0,41.8,2.12,194
2023-01-13 13:22:00,165,41.2,2.12,199
2023-01-13 13:24:00,3937,41.7,1.41,197
2023-01-13 13:26:00,55.4,41.1,1.41,199
2023-01-13 13:28:00,145,41.6,1.41,196
2023-01-13 13:30:00,55.5,41.8,2.12,195
2023-01-13 13:32:00,84.1,41.9,2.12,192
2023-01-13 13:34:00,83.2,41.6,1.41,193
2023-01-13 13:36:00,3390,41.9,2.12,192
2023-01-13 13:38:00,164,41.6,2.12,194
2023-01-13 13:40:00,1036,41.9,2.12,194
2023-01-13 13:42:00,7692,41.8,2.12,194
2023-01-13 13:44:00,175,42.2,2.12,191
2023-01-13 13:46:00,169,41.7,2.12,194
2023-01-13 13:48:00,84.5,42.1,2.12,190
2023-01-13 13:50:00,2674,41.8,2.12,196
2023-01-13 13:52:00,164,41.6,2.12,193
2023-01-13 13:54:00,168,41.9,2.12,189
2023-01-13 13:56:00,84.8,41.8,2.12,193
2023-01-13 13:58:00,83.1,42.0,2.12,190
2023-01-13 14:00:00,166,41.8,2.12,194
2023-01-13 14:02:00,3030,42.1,2.12,190
2023-01-13 14:04:00,4854,41.8,2.12,194
2023-01-13 14:06:00,167,42.1,2.12,189
2023-01-13 14:08:00,168,41.8,2.12,194
2023-01-13 14:10:00,162,41.5,2.12,192
2023-01-13 14:12:00,169,41.6,2.12,194
2023-01-13 14:14:00,3906,41.5,2.12,194
2023-01-13 14:16:00,163,41.9,2.12,194
2023-01-13 14:18:00,83.5,41.7,2.12,194
2023-01-13 14:20:00,41.5,41.3,5.66,194
2023-01-13 14:22:00,160,41.5,2.12,193
2023-01-13 14:24:00,41.6,41.3,4.24,195
2023-01-13 14:26:00,83.8,41.5,4.95,193
2023-01-13 14:28:00,174,41.5,5.66,192
2023-01-13 14:30:00,82.7,41.6,2.12,192
2023-01-13 14:32:00,237,41.7,4.24,193
2023-01-13 14:34:00,3937,41.5,1.41,193
2023-01-13 14:36:00,398,41.1,0.707,195
2023-01-13 14:38:00,4367,41.6,1.41,192
2023-01-13 14:40:00,4329,41.9,1.41,189
2023-01-13 14:42:00,406,42.1,1.41,190
2023-01-13 14:44:00,486,41.9,1.41,190
2023-01-13 14:46:00,209,42.2,2.12,190
2023-01-13 14:48:00,1972,42.2,2.12,191
2023-01-13 14:50:00,5556,41.8,2.12,192
2023-01-13 14:52:00,9615,42.3,2.12,192
2023-01-13 14:54:00,161,42.2,2.12,192
2023-01-13 14:56:00,85.0,42.1,2.12,192
2023-01-13 14:58:00,84.5,42.2,2.12,191
2023-01-13 15:00:00,173,42.2,2.12,192
2023-01-13 15:02:00,168,41.4,2.12,201
2023-01-13 15:04:00,162,41.9,2.12,199
2023-01-13 15:06:00,2463,41.7,2.12,199
2023-01-13 15:08:00,402,41.7,2.12,198
2023-01-13 15:10:00,158,41.4,2.12,197
2023-01-13 15:12:00,85.0,41.3,1.41,198
2023-01-13 15:14:00,232,41.5,2.12,197
2023-01-13 15:16:00,5618,41.3,2.12,196
2023-01-13 15:18:00,165,41.6,2.12,197
2023-01-13 15:20:00,167,41.6,2.12,195
2023-01-13 15:22:00,1869,41.3,2.12,195
2023-01-13 15:24:00,656,41.8,2.12,197
2023-01-13 15:26:00,2793,42.3,2.12,196
2023-01-13 15:28:00,4854,42.4,1.41,196
2023-01-13 15:30:00,3401,42.2,1.41,197
2023-01-13 15:32:00,183,41.8,2.12,196
2023-01-13 15:34:00,7874,42.2,2.12,195
2023-01-13 15:36:00,7874,42.3,2.12,197
2023-01-13 15:38:00,4854,42.4,0.707,197
2023-01-13 15:40:00,3236,42.4,2.12,197
2023-01-13 15:42:00,4926,42.2,1.41,199
2023-01-13 15:44:00,7813,42.2,1.41,199
2023-01-13 15:46:00,6536,42.6,2.12,197
2023-01-13 15:48:00,4367,42.6,2.12,197
2023-01-13 15:50:00,4386,42.4,2.12,195
2023-01-13 15:52:00,4367,42.3,2.12,196
2023-01-13 15:54:00,5618,42.3,2.12,197
2023-01-13 15:56:00,362,42.5,2.12,197
2023-01-13 15:58:00,174,42.4,2.12,199
2023-01-13 16:00:00,3937,42.4,2.12,199
2023-01-13 16:02:00,4367,42.6,2.12,197
2023-01-13 16:04:00,172,42.7,2.12,197
2023-01-13 16:06:00,170,42.1,1.41,197
2023-01-13 16:08:00,4878,42.2,2.12,194
2023-01-13 16:10:00,159,42.0,2.12,194
2023-01-13 16:12:00,6536,42.0,2.12,194
2023-01-13 16:14:00,5618,41.7,2.12,199
2023-01-13 16:16:00,167,41.9,1.41,194
2023-01-13 16:18:00,9804,42.2,2.12,199
2023-01-13 16:20:00,172,42.1,2.12,202
2023-01-13 16:22:00,838,42.4,2.12,198
2023-01-13 16:24:00,310,42.2,2.12,197
2023-01-13 16:26:00,166,42.3,2.12,196
2023-01-13 16:28:00,6536,42.3,2.12,196
2023-01-13 16:30:00,154,42.2,2.12,199
2023-01-13 16:32:00,7874,42.2,1.41,197
2023-01-13 16:34:00,3257,42.4,0.707,197
2023-01-13 16:36:00,171,42.0,2.12,194
2023-01-13 16:38:00,4854,42.5,1.41,195
2023-01-13 16:40:00,172,42.8,2.12,201
2023-01-13 16:42:00,6494,42.7,1.41,201
2023-01-13 16:44:00,6536,42.7,1.41,199
2023-01-13 16:46:00,7692,42.8,2.12,199
2023-01-13 16:48:00,4926,42.6,1.41,199
2023-01-13 16:50:00,935,42.5,2.12,199
2023-01-13 16:52:00,702,42.6,2.12,199
2023-01-13 16:54:00,2817,42.7,2.12,199
2023-01-13 16:56:00,345,42.7,2.12,200
2023-01-13 16:58:00,176,42.7,1.41,199
2023-01-13 17:00:00,1770,42.6,2.12,202
2023-01-13 17:02:00,447,42.6,0,200
2023-01-13 17:04:00,2817,42.5,0,200
2023-01-13 17:06:00,1969,42.6,0,199
2023-01-13 17:08:00,588,42.3,0,200
2023-01-13 17:10:00,1064,42.7,0,199
2023-01-13 17:12:00,3571,42.6,0.707,200
2023-01-13 17:14:00,3030,42.6,0,201
2023-01-13 17:16:00,9804,42.5,0,201
2023-01-13 17:18:00,3030,42.7,0.707,202
2023-01-13 17:20:00,3289,42.6,0,201
2023-01-13 17:22:00,6536,42.4,0.707,204
2023-01-13 17:24:00,5618,42.3,0,203
2023-01-13 17:26:00,6494,42.5,2.12,203
2023-01-13 17:28:00,3257,42.5,0.707,202
2023-01-13 17:30:00,2604,42.4,1.41,202
2023-01-13 17:32:00,2817,42.3,1.41,201
2023-01-13 17:34:00,784,42.2,1.41,200
2023-01-13 17:36:00,1406,42.1,1.41,200
2023-01-13 17:38:00,3891,42.4,1.41,201
2023-01-13 17:40:00,1458,42.2,1.41,200
2023-01-13 17:42:00,7874,42.3,1.41,199
2023-01-13 17:44:00,758,42.1,1.41,197
2023-01-13 17:46:00,2075,42.0,1.41,197
2023-01-13 17:48:00,984,41.5,1.41,198
2023-01-13 17:50:00,209,41.9,1.41,197
2023-01-13 17:52:00,820,41.5,1.41,197
2023-01-13 17:54:00,4926,41.6,1.41,196
2023-01-13 17:56:00,1064,41.6,1.41,201
2023-01-13 17:58:00,118,41.5,1.41,201
2023-01-13 18:00:00,6579,41.6,1.41,196
2023-01-13 18:02:00,1311,41.5,1.41,198
2023-01-13 18:04:00,3937,41.6,1.41,195
2023-01-13 18:06:00,201,41.5,1.41,197
2023-01-13 18:08:00,348,41.3,1.41,201
2023-01-13 18:10:00,7874,41.6,1.41,199
2023-01-13 18:12:00,3279,41.2,1.41,200
2023-01-13 18:14:00,4367,41.5,1.41,195
2023-01-13 18:16:00,5618,41.2,0.707,196
2023-01-13 18:18:00,172,41.4,1.41,196
2023-01-13 18:20:00,2066,41.3,1.41,197
2023-01-13 18:22:00,2611,41.3,1.41,200
2023-01-13 18:24:00,3289,41.8,1.41,198
2023-01-13 18:26:00,1160,41.4,1.41,202
2023-01-13 18:28:00,1786,41.4,1.41,198
2023-01-13 18:30:00,177,41.6,1.41,199
2023-01-13 18:32:00,4926,41.0,1.41,197
2023-01-13 18:34:00,3937,41.2,1.41,197
2023-01-13 18:36:00,181,41.2,1.41,198
2023-01-13 18:38:00,195,41.4,1.41,198
2023-01-13 18:40:00,4926,41.4,1.41,180
2023-01-13 18:42:00,937,21.6,0.707,84.2
2023-01-13 18:44:00,292,19.1,0,67.9
2023-01-13 18:46:00,5618,34.7,1.41,174
2023-01-13 18:48:00,7874,17.4,0,49.5
2023-01-13 18:50:00,4386,38.7,1.41,161
2023-01-13 18:52:00,1570,26.5,0.707,129
2023-01-13 18:54:00,819,25.2,0.707,115
2023-01-13 18:56:00,5618,41.5,0.707,192
2023-01-13 18:58:00,6536,17.0,0,94.1
2023-01-13 19:00:00,625,41.8,0.707,194
2023-01-13 19:02:00,984,32.0,0.707,153
2023-01-13 19:04:00,3584,32.9,0.707,159
2023-01-13 19:06:00,3030,19.3,0,72.1
2023-01-13 19:08:00,678,18.3,0,65.8
2023-01-13 19:10:00,2066,30.4,0.707,116
2023-01-13 19:12:00,3279,35.5,0.707,38.2
2023-01-13 19:14:00,1972,41.6,0.707,184
2023-01-13 19:16:00,402,35.5,0.707,144
2023-01-13 19:18:00,7874,36.6,0.707,188
2023-01-13 19:20:00,2463,36.3,0,189
2023-01-13 19:22:00,3584,36.3,0.707,60.1
2023-01-13 19:24:00,1706,29.3,0.707,132
2023-01-13 19:26:00,984,23.8,0.707,141
2023-01-13 19:28:00,49.9,26.1,231,119
2023-01-13 19:30:00,50.1,33.7,227,136
2023-01-13 19:32:00,49.9,18.4,226,30.4
2023-01-13 19:34:00,50.4,30.6,224,132
2023-01-13 19:36:00,50.2,33.9,225,47.4
2023-01-13 19:38:00,50.1,32.8,222,182
2023-01-13 19:40:00,50.0,33.5,222,25.5
2023-01-13 19:42:00,50.0,38.8,221,173
2023-01-13 19:44:00,50.0,18.2,220,70.0
2023-01-13 19:46:00,49.8,49.9,217,217
2023-01-13 19:48:00,49.8,49.9,218,219
2023-01-13 19:50:00,49.7,49.7,215,218
2023-01-13 19:52:00,49.6,49.5,217,217
2023-01-13 19:54:00,49.8,49.8,216,219
2023-01-13 19:56:00,49.9,50.0,218,220
2023-01-13 19:58:00,50.0,50.0,216,216
2023-01-13 20:00:00,50.1,50.1,219,219
2023-01-13 20:02:00,50.0,49.9,217,218
2023-01-13 20:04:00,49.9,50.0,219,219
2023-01-13 20:06:00,49.9,49.9,219,219
2023-01-13 20:08:00,49.9,50.0,219,219
2023-01-13 20:10:00,50.0,50.0,218,218
2023-01-13 20:12:00,50.4,50.5,220,221
2023-01-13 20:14:00,50.1,50.2,213,214
2023-01-13 20:16:00,50.1,50.2,214,213
2023-01-13 20:18:00,50.1,50.2,214,214
2023-01-13 20:20:00,50.0,50.0,218,218
2023-01-13 20:22:00,50.1,50.0,217,216
2023-01-13 20:24:00,50.0,50.0,219,219
2023-01-13 20:26:00,49.8,49.9,215,216
2023-01-13 20:28:00,49.8,49.9,219,219
2023-01-13 20:30:00,49.8,49.8,219,220
2023-01-13 20:32:00,49.9,49.8,219,219
2023-01-13 20:34:00,49.9,49.9,220,220
2023-01-13 20:36:00,49.9,49.8,219,220
2023-01-13 20:38:00,50.0,50.0,219,220
2023-01-13 20:40:00,50.1,50.0,219,219
2023-01-13 20:42:00,50.2,50.3,216,216
2023-01-13 20:44:00,50.2,50.2,220,220
2023-01-13 20:46:00,50.1,50.1,219,219
2023-01-13 20:48:00,50.0,50.0,218,218
2023-01-13 20:50:00,50.1,50.1,219,220
2023-01-13 20:52:00,50.1,49.3,221,220
2023-01-13 20:54:00,50.0,50.0,219,219
2023-01-13 20:56:00,49.7,49.7,220,220
2023-01-13 20:58:00,49.8,49.8,219,220
2023-01-13 21:00:00,49.9,49.9,219,220
2023-01-13 21:02:00,50.1,50.1,221,221
2023-01-13 21:04:00,50.1,50.1,220,220
2023-01-13 21:06:00,50.2,50.1,220,221
2023-01-13 21:08:00,49.9,49.9,220,220
2023-01-13 21:10:00,50.2,50.2,223,223
2023-01-13 21:12:00,50.2,50.2,221,221
2023-01-13 21:14:00,49.4,49.4,219,219
2023-01-13 21:16:00,50.1,50.1,221,221
2023-01-13 21:18:00,50.2,50.0,221,221
2023-01-13 21:20:00,49.7,49.6,221,221
2023-01-13 21:22:00,50.0,50.0,222,222
2023-01-13 21:24:00,49.6,49.6,221,221
2023-01-13 21:26:00,50.0,50.1,221,221
2023-01-13 21:28:00,50.0,50.0,221,221
2023-01-13 21:30:00,50.0,50.0,222,222
2023-01-13 21:32:00,50.0,49.9,223,223
2023-01-13 21:34:00,50.1,50.1,223,223
2023-01-13 21:36:00,49.8,49.8,223,223
2023-01-13 21:38:00,49.6,49.6,223,223
2023-01-13 21:40:00,50.2,50.2,223,224
2023-01-13 21:42:00,50.0,50.0,223,223
2023-01-13 21:44:00,49.6,49.7,223,223
2023-01-13 21:46:00,50.1,50.0,223,223
2023-01-13 21:48:00,49.9,49.8,223,223
2023-01-13 21:50:00,50.0,50.0,223,223
2023-01-13 21:52:00,49.8,49.8,223,223
2023-01-13 21:54:00,50.0,49.9,224,224
2023-01-13 21:56:00,49.6,49.5,223,223
2023-01-13 21:58:00,50.0,50.0,224,225
2023-01-13 22:00:00,49.7,49.7,224,224
2023-01-13 22:02:00,49.9,49.9,224,224
2023-01-13 22:04:00,49.6,49.7,223,223
2023-01-13 22:06:00,50.1,50.1,223,223
2023-01-13 22:08:00,50.0,49.9,223,223
2023-01-13 22:10:00,49.9,49.9,222,223
2023-01-13 22:12:00,50.0,50.0,224,225
2023-01-13 22:14:00,50.4,50.3,225,225
2023-01-13 22:16:00,49.7,49.7,220,220
2023-01-13 22:18:00,49.9,49.8,221,221
2023-01-13 22:20:00,50.1,50.0,225,225
2023-01-13 22:22:00,49.4,49.6,226,226
2023-01-13 22:24:00,50.3,50.2,227,227
2023-01-13 22:26:00,49.9,49.8,226,226
2023-01-13 22:28:00,49.8,49.7,223,223
2023-01-13 22:30:00,50.3,50.2,224,225
2023-01-13 22:32:00,49.7,49.7,224,224
2023-01-13 22:34:00,49.8,49.9,224,224
2023-01-13 22:36:00,50.0,50.0,225,225
2023-01-13 22:38:00,50.0,50.0,225,225
2023-01-13 22:40:00,50.0,50.0,225,226
2023-01-13 22:42:00,49.9,49.8,225,225
2023-01-13 22:44:00,50.0,50.1,225,225
2023-01-13 22:46:00,49.8,49.9,224,224
2023-01-13 22:48:00,49.8,49.7,226,226
2023-01-13 22:50:00,50.0,50.1,226,226
2023-01-13 22:52:00,49.7,49.8,226,226
2023-01-13 22:54:00,50.1,50.1,225,226
2023-01-13 22:56:00,49.8,49.9,224,225
2023-01-13 22:58:00,50.0,50.0,225,225
2023-01-13 23:00:00,49.8,49.9,225,225
2023-01-13 23:02:00,49.9,49.9,225,226
2023-01-13 23:04:00,50.1,50.1,226,226
2023-01-13 23:06:00,49.5,49.4,224,225
2023-01-13 23:08:00,50.0,50.0,225,226
2023-01-13 23:10:00,49.9,49.9,226,226
2023-01-13 23:12:00,49.9,50.0,226,226
2023-01-13 23:14:00,49.9,49.9,227,227
2023-01-13 23:16:00,50.2,50.2,227,227
2023-01-13 23:18:00,50.1,50.0,226,226
2023-01-13 23:20:00,49.7,49.8,226,226
2023-01-13 23:22:00,49.7,49.7,226,226
2023-01-13 23:24:00,50.2,50.1,226,227
2023-01-13 23:26:00,49.5,49.5,228,228
2023-01-13 23:28:00,50.0,50.1,228,228
2023-01-13 23:30:00,50.0,50.0,228,228
2023-01-13 23:32:00,50.2,50.3,228,228
2023-01-13 23:34:00,50.0,50.0,228,228
2023-01-13 23:36:00,49.8,49.9,228,228
2023-01-13 23:38:00,50.0,50.0,228,228
2023-01-13 23:40:00,50.0,50.0,228,228
2023-01-13 23:42:00,50.0,50.0,228,228
2023-01-13 23:44:00,50.0,50.0,228,228
2023-01-13 23:46:00,49.9,49.9,226,227
2023-01-13 23:48:00,50.2,50.2,226,226
2023-01-13 23:50:00,49.6,49.6,223,224
2023-01-13 23:52:00,49.7,49.7,225,225
2023-01-13 23:54:00,50.2,50.2,226,226
2023-01-13 23:56:00,50.0,49.9,223,223
2023-01-13 23:58:00,49.8,49.7,221,221
2023-01-14 00:00:00,49.7,49.7,224,224
2023-01-14 00:02:00,49.9,49.9,223,224
2023-01-14 00:04:00,49.9,49.9,224,225
2023-01-14 00:06:00,50.2,50.2,227,228
2023-01-14 00:08:00,49.8,49.9,226,226
2023-01-14 00:10:00,50.1,50.0,226,226
2023-01-14 00:12:00,49.9,50.0,226,226
2023-01-14 00:14:00,50,50.0,227,227
2023-01-14 00:16:00,50.1,50.2,227,227
2023-01-14 00:18:00,49.9,49.9,226,226
2023-01-14 00:20:00,49.9,50.0,226,226
2023-01-14 00:22:00,50.2,50.2,227,227
2023-01-14 00:24:00,50.1,50.1,227,227
2023-01-14 00:26:00,50.0,50.0,227,227
2023-01-14 00:28:00,50.0,50.0,228,228
2023-01-14 00:30:00,49.7,49.8,228,228
2023-01-14 00:32:00,50.1,50.1,228,229
2023-01-14 00:34:00,49.8,49.9,228,228
2023-01-14 00:36:00,50.1,50.0,228,228
2023-01-14 00:38:00,49.8,49.7,228,228
2023-01-14 00:40:00,49.9,50.0,228,228
2023-01-14 00:42:00,50.2,50.2,229,229
2023-01-14 00:44:00,50.0,50.0,229,229
2023-01-14 00:46:00,49.8,49.9,228,228
2023-01-14 00:48:00,49.8,49.8,228,228
2023-01-14 00:50:00,49.9,49.9,228,228
2023-01-14 00:52:00,49.8,49.7,227,227
2023-01-14 00:54:00,50.0,50.0,228,228
2023-01-14 00:56:00,49.8,49.8,228,228
2023-01-14 00:58:00,50.0,50.0,228,228
2023-01-14 01:00:00,49.7,49.8,228,228
2023-01-14 01:02:00,49.8,49.8,228,228
2023-01-14 01:04:00,49.7,49.8,227,228
2023-01-14 01:06:00,49.8,49.8,228,228
2023-01-14 01:08:00,49.9,50.0,228,228
2023-01-14 01:10:00,50.2,50.1,226,226
2023-01-14 01:12:00,49.9,49.9,226,226
2023-01-14 01:14:00,49.7,49.6,225,225
2023-01-14 01:16:00,50.0,50.0,225,225
2023-01-14 01:18:00,49.7,49.8,225,225
2023-01-14 01:20:00,49.9,49.9,226,226
2023-01-14 01:22:00,50.0,50.0,226,226
2023-01-14 01:24:00,50.1,50.0,226,226
2023-01-14 01:26:00,49.8,49.8,226,226
2023-01-14 01:28:00,50.0,50.0,226,226
2023-01-14 01:30:00,49.8,49.7,227,227
2023-01-14 01:32:00,50.2,50.1,229,230
2023-01-14 01:34:00,50.0,50.1,229,230
2023-01-14 01:36:00,49.8,49.8,229,229
2023-01-14 01:38:00,50.0,50.0,229,229
2023-01-14 01:40:00,50.0,49.9,229,229
2023-01-14 01:42:00,50.0,50.0,229,229
2023-01-14 01:44:00,50.0,50.0,229,230
2023-01-14 01:46:00,49.9,49.9,229,230
2023-01-14 01:48:00,50.0,50.0,228,229
2023-01-14 01:50:00,49.9,50.0,228,228
2023-01-14 01:52:00,50.0,50.0,228,228
2023-01-14 01:54:00,49.8,49.9,229,229
2023-01-14 01:56:00,50.0,50,228,228
2023-01-14 01:58:00,50.0,50.1,228,228
2023-01-14 02:00:00,49.8,49.8,228,228
2023-01-14 02:02:00,49.6,49.5,227,227
2023-01-14 02:04:00,49.8,49.8,227,228
2023-01-14 02:06:00,50.1,50.1,228,228
2023-01-14 02:08:00,50.0,50.0,228,228
2023-01-14 02:10:00,50.1,50.0,228,228
2023-01-14 02:12:00,50.1,50.1,228,228
2023-01-14 02:14:00,49.9,49.9,228,228
2023-01-14 02:16:00,49.8,49.7,227,227
2023-01-14 02:18:00,49.9,49.9,227,227
2023-01-14 02:20:00,50.0,50.0,227,228
2023-01-14 02:22:00,49.9,50.0,228,229
2023-01-14 02:24:00,49.7,49.8,228,228
2023-01-14 02:26:00,50.0,50.0,228,228
2023-01-14 02:28:00,50.1,50.1,228,228
2023-01-14 02:30:00,49.9,50.0,228,228
2023-01-14 02:32:00,50.2,50.1,228,228
2023-01-14 02:34:00,49.9,49.9,228,228
2023-01-14 02:36:00,49.9,50.0,228,228
2023-01-14 02:38:00,49.6,49.6,228,228
2023-01-14 02:40:00,49.9,49.9,228,228
2023-01-14 02:42:00,49.7,49.7,227,228
2023-01-14 02:44:00,49.7,49.7,228,228
2023-01-14 02:46:00,50.1,50.0,228,228
2023-01-14 02:48:00,49.9,49.9,228,228
2023-01-14 02:50:00,49.9,50.0,228,228
2023-01-14 02:52:00,49.7,49.6,227,228
2023-01-14 02:54:00,49.9,49.9,228,228
2023-01-14 02:56:00,49.7,49.8,230,230
2023-01-14 02:58:00,49.9,49.9,229,230
2023-01-14 03:00:00,49.9,50.0,229,230
2023-01-14 03:02:00,50.0,50.0,229,229
2023-01-14 03:04:00,49.8,49.9,228,228
2023-01-14 03:06:00,49.8,49.8,228,228
2023-01-14 03:08:00,50.0,50.0,228,228
2023-01-14 03:10:00,49.9,49.9,228,228
2023-01-14 03:12:00,50.0,49.9,229,229
2023-01-14 03:14:00,50.1,50.1,228,229
2023-01-14 03:16:00,49.9,49.9,228,229
2023-01-14 03:18:00,49.4,49.3,227,227
2023-01-14 03:20:00,49.9,49.8,228,228
2023-01-14 03:22:00,50.0,50,229,228
2023-01-14 03:24:00,49.9,49.8,229,229
2023-01-14 03:26:00,50.0,50.0,230,230
2023-01-14 03:28:00,50.2,50.2,230,230
2023-01-14 03:30:00,49.7,49.8,228,228
2023-01-14 03:32:00,49.9,50.0,228,228
2023-01-14 03:34:00,49.8,49.9,228,229
2023-01-14 03:36:00,49.7,49.8,228,228
2023-01-14 03:38:00,50.0,50.0,229,230
2023-01-14 03:40:00,49.9,49.9,229,229
2023-01-14 03:42:00,49.9,49.9,230,230
2023-01-14 03:44:00,49.9,49.9,231,231
2023-01-14 03:46:00,49.9,49.9,230,230
2023-01-14 03:48:00,49.9,49.9,229,230
2023-01-14 03:50:00,50.1,50.0,231,231
2023-01-14 03:52:00,50.0,49.9,231,231
2023-01-14 03:54:00,50.0,50.0,230,231
2023-01-14 03:56:00,50.0,50.0,230,230
2023-01-14 03:58:00,50.0,50.0,230,230
2023-01-14 04:00:00,50.0,49.9,230,230
2023-01-14 04:02:00,49.9,49.9,231,231
2023-01-14 04:04:00,50.0,50.0,229,230
2023-01-14 04:06:00,50.2,50.2,228,228
2023-01-14 04:08:00,49.6,49.7,226,227
2023-01-14 04:10:00,50.0,50.0,226,227
2023-01-14 04:12:00,49.8,49.8,226,226
2023-01-14 04:14:00,49.9,49.8,227,226
2023-01-14 04:16:00,49.9,50.0,228,228
2023-01-14 04:18:00,49.9,49.9,228,228
2023-01-14 04:20:00,49.9,50.0,227,227
2023-01-14 04:22:00,50.0,50.0,227,227
2023-01-14 04:24:00,49.5,49.7,225,226
2023-01-14 04:26:00,49.8,49.9,228,228
2023-01-14 04:28:00,49.8,49.8,228,228
2023-01-14 04:30:00,50.1,50.1,229,229
2023-01-14 04:32:00,50.1,50.1,228,229
2023-01-14 04:34:00,50.0,50.0,228,228
2023-01-14 04:36:00,50.1,50.1,228,228
2023-01-14 04:38:00,50.0,49.9,228,228
2023-01-14 04:40:00,49.9,49.9,229,229
2023-01-14 04:42:00,50.0,50.0,228,229
2023-01-14 04:44:00,49.8,49.8,228,228
2023-01-14 04:46:00,49.9,49.8,229,229
2023-01-14 04:48:00,50.1,50.1,229,230
2023-01-14 04:50:00,50.1,50.2,229,229
2023-01-14 04:52:00,49.9,49.9,230,230
2023-01-14 04:54:00,50.0,50.0,230,230
2023-01-14 04:56:00,49.9,49.9,229,230
2023-01-14 04:58:00,49.8,49.8,228,229
2023-01-14 05:00:00,49.8,49.7,228,229
2023-01-14 05:02:00,49.8,49.8,229,229
2023-01-14 05:04:00,49.7,49.8,229,229
2023-01-14 05:06:00,50.0,50.0,230,231
2023-01-14 05:08:00,50.1,50.1,230,230
2023-01-14 05:10:00,49.9,50.0,224,224
2023-01-14 05:12:00,50.1,50.1,228,228
2023-01-14 05:14:00,49.9,49.9,228,228
2023-01-14 05:16:00,50.1,50.1,227,228
2023-01-14 05:18:00,49.8,49.8,228,228
2023-01-14 05:20:00,50.0,50.0,231,231
2023-01-14 05:22:00,49.8,49.7,231,231
2023-01-14 05:24:00,50.1,50.1,231,231
2023-01-14 05:26:00,49.9,49.9,231,231
2023-01-14 05:28:00,50.1,50.2,230,230
2023-01-14 05:30:00,50.1,50.1,231,231
2023-01-14 05:32:00,49.8,49.7,228,231
2023-01-14 05:34:00,50.0,50.0,231,231
2023-01-14 05:36:00,50.1,50.1,228,228
2023-01-14 05:38:00,49.9,50.0,228,229
2023-01-14 05:40:00,50.1,50.0,226,226
2023-01-14 05:42:00,49.9,49.9,225,225
2023-01-14 05:44:00,50.0,50.0,226,226
2023-01-14 05:46:00,49.9,49.9,228,228
2023-01-14 05:48:00,49.7,49.8,225,226
2023-01-14 05:50:00,49.9,50.0,228,228
2023-01-14 05:52:00,49.7,49.8,228,227
2023-01-14 05:54:00,49.9,50.0,228,228
2023-01-14 05:56:00,49.9,49.9,227,227
2023-01-14 05:58:00,49.8,50.0,229,230
2023-01-14 06:00:00,50.1,50.2,229,229
2023-01-14 06:02:00,49.9,49.8,229,229
2023-01-14 06:04:00,50.0,50.0,228,228
2023-01-14 06:06:00,49.8,49.9,229,229
2023-01-14 06:08:00,49.8,50.0,228,228
2023-01-14 06:10:00,50,50.1,228,228
2023-01-14 06:12:00,49.8,50.0,228,229
2023-01-14 06:14:00,50.1,50.1,227,228
2023-01-14 06:16:00,49.8,49.8,226,226
2023-01-14 06:18:00,49.9,50.1,226,226
2023-01-14 06:20:00,50.0,50.0,226,226
2023-01-14 06:22:00,50.0,49.8,222,222
2023-01-14 06:24:00,49.7,49.7,223,226
2023-01-14 06:26:00,49.7,49.8,223,225
2023-01-14 06:28:00,49.8,49.9,226,226
2023-01-14 06:30:00,50.1,49.8,228,227
2023-01-14 06:32:00,49.8,49.6,225,226
2023-01-14 06:34:00,49.9,50.1,227,228
2023-01-14 06:36:00,49.8,49.9,229,228
2023-01-14 06:38:00,50.2,50.0,229,228
2023-01-14 06:40:00,50.0,49.9,228,229
2023-01-14 06:42:00,50.1,50.0,228,228
2023-01-14 06:44:00,50.0,50.0,228,228
2023-01-14 06:46:00,49.7,49.8,227,228
2023-01-14 06:48:00,49.8,49.8,227,228
2023-01-14 06:50:00,50.0,49.8,228,229
2023-01-14 06:52:00,49.9,49.9,228,229
2023-01-14 06:54:00,50.1,50.0,228,228
2023-01-14 06:56:00,49.8,49.9,228,228
2023-01-14 06:58:00,49.8,49.9,228,228
2023-01-14 07:00:00,49.8,49.9,226,226
2023-01-14 07:02:00,50.1,50.1,223,223
2023-01-14 07:04:00,50.1,50.2,228,228
2023-01-14 07:06:00,50.3,50.4,226,226
2023-01-14 07:08:00,50.1,50.1,228,227
2023-01-14 07:10:00,50.0,50,223,224
2023-01-14 07:12:00,49.8,50.0,226,227
2023-01-14 07:14:00,50.3,50.3,226,224
2023-01-14 07:16:00,49.9,49.8,226,226
2023-01-14 07:18:00,50.2,50.3,226,227
2023-01-14 07:20:00,49.8,49.7,223,223
2023-01-14 07:22:00,49.7,49.7,224,225
2023-01-14 07:24:00,49.7,49.7,226,226
2023-01-14 07:26:00,50.1,50.4,226,227
2023-01-14 07:28:00,49.8,49.9,228,226
2023-01-14 07:30:00,49.7,49.7,223,223
2023-01-14 07:32:00,50.4,50.4,226,228
2023-01-14 07:34:00,50.3,50.3,226,226
2023-01-14 07:36:00,50.1,50.0,228,228
2023-01-14 07:38:00,49.7,50.0,226,227
2023-01-14 07:40:00,49.8,49.7,228,231
2023-01-14 07:42:00,49.8,49.7,220,221
2023-01-14 07:44:00,49.9,49.8,218,218
2023-01-14 07:46:00,49.7,49.7,221,221
2023-01-14 07:48:00,50.3,50.3,218,218
2023-01-14 07:50:00,50.1,50.1,219,220
2023-01-14 07:52:00,50.0,50.1,222,223
2023-01-14 07:54:00,49.7,49.6,225,226
2023-01-14 07:56:00,49.7,49.6,228,228
2023-01-14 07:58:00,50.1,50.1,226,226
2023-01-14 08:00:00,49.8,49.9,227,227
2023-01-14 08:02:00,49.6,49.7,226,226
2023-01-14 08:04:00,49.8,49.8,226,227
2023-01-14 08:06:00,49.9,49.8,223,223
2023-01-14 08:08:00,50.0,50.1,221,221
2023-01-14 08:10:00,50.2,50.2,221,221
2023-01-14 08:12:00,50.1,50.1,223,224
2023-01-14 08:14:00,49.8,49.8,226,225
2023-01-14 08:16:00,49.6,49.6,220,221
2023-01-14 08:18:00,50.0,50.0,226,227
2023-01-14 08:20:00,49.8,49.8,223,224
2023-01-14 08:22:00,49.5,49.5,224,224
2023-01-14 08:24:00,49.8,49.7,221,222
2023-01-14 08:26:00,49.2,49.3,217,217
2023-01-14 08:28:00,49.5,49.5,225,226
2023-01-14 08:30:00,49.8,49.9,223,223
2023-01-14 08:32:00,49.8,49.8,223,223
2023-01-14 08:34:00,49.8,50.0,222,225
2023-01-14 08:36:00,49.9,49.9,221,221
2023-01-14 08:38:00,49.8,49.9,225,226
2023-01-14 08:40:00,49.9,49.9,221,221
2023-01-14 08:42:00,50.1,50.0,226,227
2023-01-14 08:44:00,50.0,50.0,223,223
2023-01-14 08:46:00,50.4,50.4,223,223
2023-01-14 08:48:00,50.3,50.2,226,226
2023-01-14 08:50:00,50.2,50.2,222,221
2023-01-14 08:52:00,50.5,50.5,223,224
2023-01-14 08:54:00,50.1,50.0,219,220
2023-01-14 08:56:00,49.8,49.8,221,222
2023-01-14 08:58:00,49.8,49.8,218,219
2023-01-14 09:00:00,50.0,50.0,222,226
2023-01-14 09:02:00,49.9,49.9,222,224
2023-01-14 09:04:00,49.8,49.7,224,226
2023-01-14 09:06:00,49.3,49.3,225,228
2023-01-14 09:08:00,50,50.0,223,226
2023-01-14 09:10:00,50.0,49.9,221,221
2023-01-14 09:12:00,50.6,50.6,225,225
2023-01-14 09:14:00,50.5,50.5,228,228
2023-01-14 09:16:00,50.3,50.2,224,225
2023-01-14 09:18:00,49.9,99.7,228,228
2023-01-14 09:20:00,50.0,49.9,224,225
2023-01-14 09:22:00,50.1,50.0,225,225
2023-01-14 09:24:00,49.6,49.7,225,225
2023-01-14 09:26:00,49.9,49.9,223,223
2023-01-14 09:28:00,49.9,49.8,218,218
2023-01-14 09:30:00,50.0,50.0,219,220
2023-01-14 09:32:00,49.7,49.7,214,214
2023-01-14 09:34:00,2809,49.7,43.8,220
2023-01-14 09:36:00,9804,49.7,0,219
2023-01-14 09:38:00,3571,50.3,0,222
2023-01-14 09:40:00,6536,49.6,0,219
2023-01-14 09:42:00,4367,50.0,0,219
2023-01-14 09:44:00,3584,49.8,0,217
2023-01-14 09:46:00,9804,49.8,0,219
2023-01-14 09:48:00,5618,50.9,0,221
2023-01-14 09:50:00,6579,50.5,0,216
2023-01-14 09:52:00,7874,50.2,0,220
2023-01-14 09:54:00,3906,50.3,0,218
2023-01-14 09:56:00,6536,49.4,0,216
2023-01-14 09:58:00,5618,49.8,0,211
2023-01-14 10:00:00,7874,50.1,0,209
2023-01-14 10:02:00,4292,49.8,0,220
2023-01-14 10:04:00,3922,50.1,0,220
2023-01-14 10:06:00,6579,50.2,0,222
2023-01-14 10:08:00,4854,50.1,0,223
2023-01-14 10:10:00,7752,49.4,0,225
2023-01-14 10:12:00,4926,49.7,0,223
2023-01-14 10:14:00,2463,50.0,0,223
2023-01-14 10:16:00,4878,49.7,0,223
2023-01-14 10:18:00,3584,49.7,0,220
2023-01-14 10:20:00,6536,49.8,0,219
2023-01-14 10:22:00,4902,49.8,0,216
2023-01-14 10:24:00,3268,50.2,0,216
2023-01-14 10:26:00,6494,50.2,0,222
2023-01-14 10:28:00,3021,49.8,0,213
2023-01-14 10:30:00,4926,49.9,0,213
2023-01-14 10:32:00,2625,49.8,0,217
2023-01-14 10:34:00,6452,50.0,0,222
2023-01-14 10:36:00,6579,49.7,0,217
2023-01-14 10:38:00,3937,50.0,0,222
2023-01-14 10:40:00,3937,50.3,0,219
2023-01-14 10:42:00,4926,50.1,0,220
2023-01-14 10:44:00,7874,50.0,0,219
2023-01-14 10:46:00,4348,49.6,0,223
2023-01-14 10:48:00,6452,49.7,0,219
2023-01-14 10:50:00,4926,49.7,0,211
2023-01-14 10:52:00,5618,50.0,0,219
2023-01-14 10:54:00,6536,50.4,0,218
2023-01-14 10:56:00,9615,50.7,0,216
2023-01-14 10:58:00,3030,50.2,0,211
2023-01-14 11:00:00,7874,49.8,0,216
2023-01-14 11:02:00,6579,49.6,0,213
2023-01-14 11:04:00,7874,49.5,0,214
2023-01-14 11:06:00,4926,49.8,0,209
2023-01-14 11:08:00,4926,50.0,0,218
2023-01-14 11:10:00,5618,49.8,0,211
2023-01-14 11:12:00,3571,49.7,0,214
2023-01-14 11:14:00,50.4,50.2,214,216
2023-01-14 11:16:00,49.9,50.1,216,219
2023-01-14 11:18:00,49.7,49.9,211,216
2023-01-14 11:20:00,49.6,49.7,216,216
2023-01-14 11:22:00,49.7,49.8,213,216
2023-01-14 11:24:00,50.0,49.9,219,214
2023-01-14 11:26:00,50.1,50.2,217,216
2023-01-14 11:28:00,50.4,50.3,216,217
2023-01-14 11:30:00,50.1,50.2,218,219
2023-01-14 11:32:00,50.2,50.2,211,210
2023-01-14 11:34:00,50.2,50.3,204,202
2023-01-14 11:36:00,50.4,50.3,210,207
2023-01-14 11:38:00,49.9,49.9,199,202
2023-01-14 11:40:00,50.1,50.0,211,209
2023-01-14 11:42:00,49.8,49.6,211,215
2023-01-14 11:44:00,49.8,49.8,207,210
2023-01-14 11:46:00,50.2,50.2,214,214
2023-01-14 11:48:00,49.9,49.8,214,214
2023-01-14 11:50:00,49.8,49.9,214,214
2023-01-14 11:52:00,49.9,49.9,209,204
2023-01-14 11:54:00,49.6,49.7,216,218
2023-01-14 11:56:00,49.8,49.7,220,217
2023-01-14 11:58:00,49.9,49.9,214,215
2023-01-14 12:00:00,50.2,50.3,211,215
2023-01-14 12:02:00,49.7,49.9,211,213
2023-01-14 12:04:00,49.8,49.8,213,215
2023-01-14 12:06:00,49.8,49.9,216,218
2023-01-14 12:08:00,49.8,49.8,212,211
2023-01-14 12:10:00,49.7,49.7,209,207
2023-01-14 12:12:00,49.7,49.9,210,211
2023-01-14 12:14:00,49.7,49.6,212,214
2023-01-14 12:16:00,49.7,49.6,216,214
2023-01-14 12:18:00,49.9,49.9,216,215
2023-01-14 12:20:00,49.8,49.7,216,216
2023-01-14 12:22:00,50.0,50.0,218,218
2023-01-14 12:24:00,50.1,50.1,221,221
2023-01-14 12:26:00,49.5,49.6,216,216
2023-01-14 12:28:00,49.7,49.7,216,220
2023-01-14 12:30:00,50.0,50.0,216,215
2023-01-14 12:32:00,50.2,50.2,213,212
2023-01-14 12:34:00,50.4,50.3,216,216
2023-01-14 12:36:00,50.2,50.1,209,208
2023-01-14 12:38:00,50.1,50.0,216,216
2023-01-14 12:40:00,50.0,50.0,221,221
2023-01-14 12:42:00,49.9,50.0,214,210
2023-01-14 12:44:00,49.8,49.8,217,218
2023-01-14 12:46:00,50.0,50.1,213,216
2023-01-14 12:48:00,50.2,50.2,216,216
2023-01-14 12:50:00,50.0,50.0,207,206
2023-01-14 12:52:00,49.8,49.8,215,211
2023-01-14 12:54:00,50.2,50.1,216,216
2023-01-14 12:56:00,50,50.0,214,214
2023-01-14 12:58:00,49.9,49.9,214,214
2023-01-14 13:00:00,49.8,49.8,216,216
2023-01-14 13:02:00,49.9,49.9,214,215
2023-01-14 13:04:00,49.8,49.6,220,220
2023-01-14 13:06:00,49.6,49.7,218,219
2023-01-14 13:08:00,49.8,49.8,220,219
2023-01-14 13:10:00,50.1,50.1,211,211
2023-01-14 13:12:00,49.9,50.0,208,209
2023-01-14 13:14:00,50.3,50.4,211,211
2023-01-14 13:16:00,50.2,50.2,209,210
2023-01-14 13:18:00,49.8,49.7,207,208
2023-01-14 13:20:00,49.8,49.6,206,207
2023-01-14 13:22:00,49.9,49.9,207,207
2023-01-14 13:24:00,49.6,49.7,212,213
2023-01-14 13:26:00,49.8,49.8,215,215
2023-01-14 13:28:00,50.0,49.9,211,211
2023-01-14 13:30:00,50.0,50.1,220,219
2023-01-14 13:32:00,50.2,50.1,217,218
2023-01-14 13:34:00,49.9,49.8,219,221
2023-01-14 13:36:00,50.5,50.4,213,214
2023-01-14 13:38:00,50.2,50.1,217,219
2023-01-14 13:40:00,50.0,50.0,216,216
2023-01-14 13:42:00,49.6,49.9,216,217
2023-01-14 13:44:00,50.0,50.0,216,218
2023-01-14 13:46:00,49.9,50.0,214,215
2023-01-14 13:48:00,49.7,49.6,211,214
2023-01-14 13:50:00,50.0,50.0,216,216
2023-01-14 13:52:00,49.8,49.7,215,215
2023-01-14 13:54:00,49.7,49.6,216,217
2023-01-14 13:56:00,49.5,49.7,216,215
2023-01-14 13:58:00,49.6,49.8,218,218
2023-01-14 14:00:00,49.6,49.7,215,215
2023-01-14 14:02:00,50.1,50.1,212,213
2023-01-14 14:04:00,50.0,50.0,221,220
2023-01-14 14:06:00,50.1,50.1,219,219
2023-01-14 14:08:00,50.3,50.1,219,219
2023-01-14 14:10:00,49.9,49.9,213,214
2023-01-14 14:12:00,50.1,50.0,216,216
2023-01-14 14:14:00,50.3,50.2,218,218
2023-01-14 14:16:00,50.2,50.3,221,221
2023-01-14 14:18:00,50.4,50.4,215,216
2023-01-14 14:20:00,50.5,50.5,215,216
2023-01-14 14:22:00,50.3,50.3,218,219
2023-01-14 14:24:00,50.2,50.2,214,214
2023-01-14 14:26:00,49.8,49.9,211,212
2023-01-14 14:28:00,49.7,49.7,207,207
2023-01-14 14:30:00,49.6,49.7,211,211
2023-01-14 14:32:00,49.8,49.8,207,207
2023-01-14 14:34:00,49.9,50.0,212,214
2023-01-14 14:36:00,49.8,49.9,216,216
2023-01-14 14:38:00,49.9,49.9,216,216
2023-01-14 14:40:00,50.2,50.0,214,214
2023-01-14 14:42:00,49.8,49.7,218,218
2023-01-14 14:44:00,50.1,50.0,219,219
2023-01-14 14:46:00,50.1,50.1,209,210
2023-01-14 14:48:00,49.7,49.7,216,218
2023-01-14 14:50:00,49.7,49.7,211,212
2023-01-14 14:52:00,50.0,50.1,218,219
2023-01-14 14:54:00,49.7,49.6,220,220
2023-01-14 14:56:00,50.1,50.1,217,216
2023-01-14 14:58:00,49.7,49.7,214,215
2023-01-14 15:00:00,49.8,49.8,214,214
2023-01-14 15:02:00,49.5,49.5,214,214
2023-01-14 15:04:00,50.0,50.0,214,214
2023-01-14 15:06:00,49.9,50.0,209,209
2023-01-14 15:08:00,50.2,50.1,210,211
2023-01-14 15:10:00,50.0,50.1,218,218
2023-01-14 15:12:00,50.0,50.0,211,211
2023-01-14 15:14:00,50.0,50.0,210,210
2023-01-14 15:16:00,49.9,49.9,202,202
2023-01-14 15:18:00,49.6,49.6,206,207
2023-01-14 15:20:00,50.2,50.3,214,214
2023-01-14 15:22:00,50.1,50.1,211,212
2023-01-14 15:24:00,49.9,49.9,214,215
2023-01-14 15:26:00,49.9,49.9,209,209
2023-01-14 15:28:00,49.7,49.7,208,208
2023-01-14 15:30:00,49.8,49.8,220,221
2023-01-14 15:32:00,50.0,50.0,212,213
2023-01-14 15:34:00,50.0,50.0,211,214
2023-01-14 15:36:00,49.9,50.0,214,214
2023-01-14 15:38:00,49.9,49.9,208,208
2023-01-14 15:40:00,50.1,50.0,213,212
2023-01-14 15:42:00,50.3,50.3,207,207
2023-01-14 15:44:00,50.1,50.1,206,206
2023-01-14 15:46:00,50.0,49.9,214,214
2023-01-14 15:48:00,49.7,49.7,215,216
2023-01-14 15:50:00,49.8,49.8,213,213
2023-01-14 15:52:00,49.7,49.7,211,211
2023-01-14 15:54:00,49.7,49.7,213,214
2023-01-14 15:56:00,50.1,50.1,216,216
2023-01-14 15:58:00,50.1,50.2,214,214
2023-01-14 16:00:00,50.1,50.2,214,216
2023-01-14 16:02:00,49.8,49.8,216,216
2023-01-14 16:04:00,49.5,49.6,216,215
2023-01-14 16:06:00,49.4,49.4,213,213
2023-01-14 16:08:00,49.9,49.9,211,214
2023-01-14 16:10:00,49.7,49.8,211,210
2023-01-14 16:12:00,49.8,49.7,218,219
2023-01-14 16:14:00,49.6,49.6,216,216
2023-01-14 16:16:00,50.0,50.0,217,218
2023-01-14 16:18:00,50.0,49.9,215,215
2023-01-14 16:20:00,50.1,50.2,220,221
2023-01-14 16:22:00,49.9,49.7,219,219
2023-01-14 16:24:00,49.9,50.0,214,215
2023-01-14 16:26:00,50.1,50.1,209,209
2023-01-14 16:28:00,49.7,49.8,211,211
2023-01-14 16:30:00,49.8,49.9,214,214
2023-01-14 16:32:00,50.0,50.1,215,215
2023-01-14 16:34:00,50.1,50.1,214,215
2023-01-14 16:36:00,50.0,50.1,213,214
2023-01-14 16:38:00,50.0,50.1,214,215
2023-01-14 16:40:00,50.1,50.1,209,212
2023-01-14 16:42:00,50.0,50.1,216,217
2023-01-14 16:44:00,49.7,49.7,216,214
2023-01-14 16:46:00,49.8,49.7,216,217
2023-01-14 16:48:00,49.8,49.9,214,216
2023-01-14 16:50:00,49.7,49.8,217,217
2023-01-14 16:52:00,50.0,50.0,220,219
2023-01-14 16:54:00,50.0,50.1,221,221
2023-01-14 16:56:00,49.9,49.7,217,215
2023-01-14 16:58:00,49.8,50.0,213,216
2023-01-14 17:00:00,49.9,49.7,213,214
2023-01-14 17:02:00,49.9,49.9,219,220
2023-01-14 17:04:00,50.0,49.9,219,220
2023-01-14 17:06:00,50.1,50.1,220,220
2023-01-14 17:08:00,50.2,50.0,214,214
2023-01-14 17:10:00,49.9,49.7,219,219
2023-01-14 17:12:00,50.5,50.6,216,216
2023-01-14 17:14:00,50.1,50.2,212,211
2023-01-14 17:16:00,50.4,50.5,209,214
2023-01-14 17:18:00,50.4,50.3,218,217
2023-01-14 17:20:00,49.8,49.8,212,216
2023-01-14 17:22:00,50.0,50.0,211,209
2023-01-14 17:24:00,50.0,50.1,214,213
2023-01-14 17:26:00,49.7,49.8,217,217
2023-01-14 17:28:00,50.0,49.9,220,221
2023-01-14 17:30:00,49.9,49.9,221,221
2023-01-14 17:32:00,49.6,49.6,219,220
2023-01-14 17:34:00,49.6,49.8,220,220
2023-01-14 17:36:00,49.1,49.2,220,220
2023-01-14 17:38:00,49.8,49.8,221,221
2023-01-14 17:40:00,49.8,49.7,219,220
2023-01-14 17:42:00,50.0,50.1,221,221
2023-01-14 17:44:00,50.2,50.1,221,221
2023-01-14 17:46:00,50.3,50.4,221,221
2023-01-14 17:48:00,49.9,49.9,222,222
2023-01-14 17:50:00,49.9,50.0,221,221
2023-01-14 17:52:00,50.1,50.2,221,223
2023-01-14 17:54:00,50.0,50.0,218,217
2023-01-14 17:56:00,49.9,50.0,221,220
2023-01-14 17:58:00,49.7,49.7,221,221
2023-01-14 18:00:00,49.9,49.9,217,217
2023-01-14 18:02:00,49.9,50.0,217,217
2023-01-14 18:04:00,50.1,50.1,219,219
2023-01-14 18:06:00,50.1,50.1,213,214
2023-01-14 18:08:00,50.1,50.0,219,219
2023-01-14 18:10:00,50.0,50.0,220,220
2023-01-14 18:12:00,50.1,50.0,218,218
2023-01-14 18:14:00,50.1,50.1,219,219
2023-01-14 18:16:00,50.0,50.0,219,220
2023-01-14 18:18:00,49.8,49.8,218,218
2023-01-14 18:20:00,49.9,49.9,218,219
2023-01-14 18:22:00,49.9,49.8,217,217
2023-01-14 18:24:00,50.0,50.1,217,218
2023-01-14 18:26:00,49.8,49.8,216,216
2023-01-14 18:28:00,50.5,50.4,219,219
2023-01-14 18:30:00,50.2,50.3,218,218
2023-01-14 18:32:00,50.4,50.4,220,220
2023-01-14 18:34:00,50.1,50.2,219,220
2023-01-14 18:36:00,50.0,50.0,217,218
2023-01-14 18:38:00,50.1,50.1,218,218
2023-01-14 18:40:00,50.0,50.0,218,218
2023-01-14 18:42:00,49.9,49.8,217,218
2023-01-14 18:44:00,50.0,50.0,214,214
2023-01-14 18:46:00,50.0,49.9,217,218
2023-01-14 18:48:00,50.2,50.2,217,217
2023-01-14 18:50:00,50.7,50.6,217,217
2023-01-14 18:52:00,50.2,50.1,214,214
2023-01-14 18:54:00,50.1,50.1,214,214
2023-01-14 18:56:00,50.2,50.1,215,216
2023-01-14 18:58:00,50.3,50.4,216,216
2023-01-14 19:00:00,50.0,50.0,214,214
2023-01-14 19:02:00,50.0,50.0,214,215
2023-01-14 19:04:00,49.9,49.8,215,216
2023-01-14 19:06:00,50.0,50.0,216,216
2023-01-14 19:08:00,49.7,49.8,214,215
2023-01-14 19:10:00,49.8,49.8,216,216
2023-01-14 19:12:00,49.9,50.0,216,216
2023-01-14 19:14:00,50.1,50.2,216,216
2023-01-14 19:16:00,50.2,50.3,215,216
2023-01-14 19:18:00,49.9,50.0,216,216
2023-01-14 19:20:00,50.0,50.1,216,217
2023-01-14 19:22:00,49.9,49.9,217,218
2023-01-14 19:24:00,49.7,49.7,217,217
2023-01-14 19:26:00,49.6,49.6,216,216
2023-01-14 19:28:00,49.4,49.4,217,218
2023-01-14 19:30:00,49.8,49.6,215,216
2023-01-14 19:32:00,50.0,50.0,215,214
2023-01-14 19:34:00,50.2,50.2,214,213
2023-01-14 19:36:00,50.1,50.1,216,215
2023-01-14 19:38:00,49.8,49.8,218,218
2023-01-14 19:40:00,49.9,49.9,217,217
2023-01-14 19:42:00,50.0,49.9,218,218
2023-01-14 19:44:00,50.0,50.0,218,218
2023-01-14 19:46:00,50.1,50.0,218,218
2023-01-14 19:48:00,49.8,49.7,215,211
2023-01-14 19:50:00,49.9,50.0,212,212
2023-01-14 19:52:00,50.0,50.0,210,209
2023-01-14 19:54:00,49.8,49.8,211,211
2023-01-14 19:56:00,49.9,49.9,212,211
2023-01-14 19:58:00,50.0,49.9,215,215
2023-01-14 20:00:00,50.2,50.2,217,218
2023-01-14 20:02:00,50.1,50.0,216,216
2023-01-14 20:04:00,50.2,50.2,216,216
2023-01-14 20:06:00,50.1,50.2,214,214
2023-01-14 20:08:00,50,50.0,213,214
2023-01-14 20:10:00,50.0,49.9,214,214
2023-01-14 20:12:00,49.8,49.9,214,214
2023-01-14 20:14:00,50.0,50.0,213,214
2023-01-14 20:16:00,50.1,50.1,214,214
2023-01-14 20:18:00,50.0,50.0,212,212
2023-01-14 20:20:00,50.0,50.0,209,209
2023-01-14 20:22:00,50.1,50.0,216,214
2023-01-14 20:24:00,49.7,49.8,213,213
2023-01-14 20:26:00,49.7,49.8,216,217
2023-01-14 20:28:00,50.0,50.0,211,211
2023-01-14 20:30:00,50.1,50.1,216,216
2023-01-14 20:32:00,50.1,50.2,211,211
2023-01-14 20:34:00,50.1,50.1,215,215
2023-01-14 20:36:00,50.1,50.1,216,216
2023-01-14 20:38:00,50.1,50.1,213,214
2023-01-14 20:40:00,50.1,50.1,215,216
2023-01-14 20:42:00,49.8,49.8,219,218
2023-01-14 20:44:00,49.8,49.8,212,212
2023-01-14 20:46:00,49.7,49.7,220,220
2023-01-14 20:48:00,49.9,49.9,217,217
2023-01-14 20:50:00,50.1,50.0,221,221
2023-01-14 20:52:00,50.1,50.2,219,219
2023-01-14 20:54:00,50.2,50.2,217,219
2023-01-14 20:56:00,51.1,51.0,220,220
2023-01-14 20:58:00,6494,6536,0,0
2023-01-14 21:00:00,4926,2801,0,0
2023-01-14 21:02:00,3937,3937,0,0
2023-01-14 21:04:00,4902,3279,0,0
2023-01-14 21:06:00,2463,2793,0,0
2023-01-14 21:08:00,3030,4854,0,0
2023-01-14 21:10:00,4329,4926,0,0
2023-01-14 21:12:00,3030,4329,0,0
2023-01-14 21:14:00,3584,3279,0,0
2023-01-14 21:16:00,49.4,49.4,218,218
2023-01-14 21:18:00,49.3,49.3,219,219
2023-01-14 21:20:00,50.0,50.1,219,217
2023-01-14 21:22:00,50.7,50.7,221,222
2023-01-14 21:24:00,50.2,50.1,217,217
2023-01-14 21:26:00,50.1,50.1,220,220
2023-01-14 21:28:00,50.3,50.3,221,221
2023-01-14 21:30:00,50.0,49.9,221,221
2023-01-14 21:32:00,49.6,49.7,219,220
2023-01-14 21:34:00,49.8,49.8,220,221
2023-01-14 21:36:00,49.9,49.8,220,221
2023-01-14 21:38:00,50.1,50.1,220,220
2023-01-14 21:40:00,49.9,49.9,221,221
2023-01-14 21:42:00,50.1,50.0,221,221
2023-01-14 21:44:00,50.0,50,221,221
2023-01-14 21:46:00,50.0,50.0,219,219
2023-01-14 21:48:00,49.9,49.9,219,219
2023-01-14 21:50:00,50.2,50.2,221,222
2023-01-14 21:52:00,50.1,50.1,222,222
2023-01-14 21:54:00,50.2,50.2,221,221
2023-01-14 21:56:00,50.2,50.2,221,222
2023-01-14 21:58:00,50.0,50.1,221,221
2023-01-14 22:00:00,50.1,50.0,221,221
2023-01-14 22:02:00,50.0,50.0,221,222
2023-01-14 22:04:00,49.5,49.5,221,221
2023-01-14 22:06:00,49.6,49.6,221,222
2023-01-14 22:08:00,49.8,49.7,221,222
2023-01-14 22:10:00,50,50.0,223,224
2023-01-14 22:12:00,50.0,49.9,223,223
2023-01-14 22:14:00,49.8,49.8,223,224
2023-01-14 22:16:00,49.9,49.8,226,227
2023-01-14 22:18:00,49.9,49.8,226,227
2023-01-14 22:20:00,49.8,49.8,226,226
2023-01-14 22:22:00,49.5,49.5,225,225
2023-01-14 22:24:00,49.7,49.7,226,226
2023-01-14 22:26:00,50.0,50,226,226
2023-01-14 22:28:00,50.1,50.1,226,226
2023-01-14 22:30:00,49.9,49.9,226,226
2023-01-14 22:32:00,49.9,49.9,226,226
2023-01-14 22:34:00,50.0,50.0,224,224
2023-01-14 22:36:00,50.2,50.3,221,222
2023-01-14 22:38:00,49.8,49.8,224,225
2023-01-14 22:40:00,49.9,49.9,222,222
2023-01-14 22:42:00,50.0,50.0,225,225
2023-01-14 22:44:00,50.1,50.1,226,226
2023-01-14 22:46:00,50.0,50.0,226,226
2023-01-14 22:48:00,49.9,49.9,226,226
2023-01-14 22:50:00,49.9,49.9,223,223
2023-01-14 22:52:00,50.1,50.1,226,226
2023-01-14 22:54:00,50.2,50.2,224,224
2023-01-14 22:56:00,50.0,50.0,226,227
2023-01-14 22:58:00,49.9,49.9,227,227
2023-01-14 23:00:00,50.1,50.0,226,226
2023-01-14 23:02:00,50.0,49.9,226,226
2023-01-14 23:04:00,50.0,50.1,223,224
2023-01-14 23:06:00,50.0,50.1,226,226
2023-01-14 23:08:00,49.6,49.6,225,226
2023-01-14 23:10:00,49.8,49.9,226,226
2023-01-14 23:12:00,50.1,50.0,227,227
2023-01-14 23:14:00,49.9,49.9,227,227
2023-01-14 23:16:00,50.0,50.1,227,227
2023-01-14 23:18:00,49.9,50.0,227,228
2023-01-14 23:20:00,50.0,50.0,227,228
2023-01-14 23:22:00,50.2,50.2,227,228
2023-01-14 23:24:00,49.8,49.8,226,227
2023-01-14 23:26:00,50.1,50,227,227
2023-01-14 23:28:00,49.7,49.8,227,227
2023-01-14 23:30:00,49.9,49.8,223,223
2023-01-14 23:32:00,50.2,50.2,223,223
2023-01-14 23:34:00,49.7,49.7,223,223
2023-01-14 23:36:00,50.0,50.0,223,224
2023-01-14 23:38:00,50.2,50.2,223,223
2023-01-14 23:40:00,50.0,50.0,223,223
2023-01-14 23:42:00,50.1,50.1,224,224
2023-01-14 23:44:00,50.1,50.0,224,225
2023-01-14 23:46:00,50.0,49.9,223,223
2023-01-14 23:48:00,50.0,50.0,221,221
2023-01-14 23:50:00,50.0,49.9,224,224
2023-01-14 23:52:00,50.1,50.1,225,225
2023-01-14 23:54:00,50.3,50.3,225,226
2023-01-14 23:56:00,50.1,50.0,225,226
2023-01-14 23:58:00,49.9,49.8,226,226