Time,Frequency 1C712FB8 (Hgr Katwa - Labo),Frequency AEBA416D (Hgr Katwa - Cabine),Voltage 1C712FB8 (Hgr Katwa - Labo),Voltage AEBA416D (Hgr Katwa - Cabine),Generator_ON
1/8/23 0:00,50,49.9,217,223,FALSE
1/8/23 0:02,49.8,49.8,219,223,FALSE
1/8/23 0:04,49.8,49.8,219,222,FALSE
1/8/23 0:06,50.1,50.1,216,223,FALSE
1/8/23 0:08,50.1,50.1,214,223,FALSE
1/8/23 0:10,50,50,216,223,FALSE
1/8/23 0:12,49.9,49.9,217,223,FALSE
1/8/23 0:14,50,49.9,212,224,FALSE
1/8/23 0:16,49.9,49.9,211,225,FALSE
1/8/23 0:18,49.9,49.9,214,225,FALSE
1/8/23 0:20,50,50,215,225,FALSE
1/8/23 0:22,49.9,49.9,215,224,FALSE
1/8/23 0:24,50,50,214,225,FALSE
1/8/23 0:26,50,50,214,226,FALSE
1/8/23 0:28,50.1,50.1,215,225,FALSE
1/8/23 0:30,50.2,50.2,215,225,FALSE
1/8/23 0:32,50,50,220,223,FALSE
1/8/23 0:34,49.9,49.9,219,223,FALSE
1/8/23 0:36,50,50,221,223,FALSE
1/8/23 0:38,49.9,49.9,221,222,FALSE
1/8/23 0:40,49.8,49.9,220,223,FALSE
1/8/23 0:42,49.9,49.8,219,223,FALSE
1/8/23 0:44,50,49.9,221,223,FALSE
1/8/23 0:46,49.8,49.9,219,223,FALSE
1/8/23 0:48,50,50,219,223,FALSE
1/8/23 0:50,49.9,49.9,216,223,FALSE
1/8/23 0:52,50,50,218,223,FALSE
1/8/23 0:54,50.1,50.1,219,223,FALSE
1/8/23 0:56,49.9,49.9,216,223,FALSE
1/8/23 0:58,50,50,216,223,FALSE
1/8/23 1:00,49.9,49.9,220,223,FALSE
1/8/23 1:02,49.8,49.9,219,223,FALSE
1/8/23 1:04,49.9,49.9,219,223,FALSE
1/8/23 1:06,50,49.9,221,223,FALSE
1/8/23 1:08,50,50,221,223,FALSE
1/8/23 1:10,50,50,221,223,FALSE
1/8/23 1:12,49.9,49.9,220,223,FALSE
1/8/23 1:14,50,50,221,223,FALSE
1/8/23 1:16,50,50,221,223,FALSE
1/8/23 1:18,50,50,221,222,FALSE
1/8/23 1:20,49.9,49.9,220,223,FALSE
1/8/23 1:22,49.9,49.9,220,223,FALSE
1/8/23 1:24,49.9,49.9,221,222,FALSE
1/8/23 1:26,50.1,50.1,219,223,FALSE
1/8/23 1:28,49.9,49.9,219,223,FALSE
1/8/23 1:30,49.9,50,218,223,FALSE
1/8/23 1:32,50,49.9,220,222,FALSE
1/8/23 1:34,50.1,50.1,220,222,FALSE
1/8/23 1:36,50,50,220,222,FALSE
1/8/23 1:38,49.9,49.9,218,223,FALSE
1/8/23 1:40,50,50,222,222,FALSE
1/8/23 1:42,50,50,221,222,FALSE
1/8/23 1:44,50.3,50.3,221,222,FALSE
1/8/23 1:46,50.1,50.1,220,222,FALSE
1/8/23 1:48,49.9,50,220,223,FALSE
1/8/23 1:50,50.2,50.2,220,223,FALSE
1/8/23 1:52,50,50,222,222,FALSE
1/8/23 1:54,50,50.1,221,223,FALSE
1/8/23 1:56,50,50,220,223,FALSE
1/8/23 1:58,50,50,221,223,FALSE
1/8/23 2:00,49.9,49.9,221,222,FALSE
1/8/23 2:02,49.9,49.9,221,222,FALSE
1/8/23 2:04,49.9,49.9,221,222,FALSE
1/8/23 2:06,49.9,50,218,223,FALSE
1/8/23 2:08,50.1,50,219,223,FALSE
1/8/23 2:10,50,50.1,220,222,FALSE
1/8/23 2:12,50.1,50,219,222,FALSE
1/8/23 2:14,49.9,49.9,219,223,FALSE
1/8/23 2:16,50,50,220,222,FALSE
1/8/23 2:18,49.9,50,220,222,FALSE
1/8/23 2:20,50,50,222,222,FALSE
1/8/23 2:22,50,50,221,223,FALSE
1/8/23 2:24,50.1,50,222,222,FALSE
1/8/23 2:26,49.9,50,223,222,FALSE
1/8/23 2:28,50,49.9,223,222,FALSE
1/8/23 2:30,50,50,221,222,FALSE
1/8/23 2:32,50,50,222,222,FALSE
1/8/23 2:34,50.1,50.1,223,222,FALSE
1/8/23 2:36,50,50,223,222,FALSE
1/8/23 2:38,50.1,50,222,223,FALSE
1/8/23 2:40,50,50,222,223,FALSE
1/8/23 2:42,50,50,223,222,FALSE
1/8/23 2:44,50,50,221,223,FALSE
1/8/23 2:46,49.9,49.9,221,223,FALSE
1/8/23 2:48,50.1,50.1,219,223,FALSE
1/8/23 2:50,49.9,49.8,219,223,FALSE
1/8/23 2:52,50.2,50.2,220,223,FALSE
1/8/23 2:54,50,50,221,222,FALSE
1/8/23 2:56,50,50,221,222,FALSE
1/8/23 2:58,50,50,220,222,FALSE
1/8/23 3:00,50.1,50.1,221,223,FALSE
1/8/23 3:02,49.9,50,223,222,FALSE
1/8/23 3:04,50,50,223,222,FALSE
1/8/23 3:06,49.8,49.8,222,222,FALSE
1/8/23 3:08,50.1,50,222,223,FALSE
1/8/23 3:10,50,50,223,222,FALSE
1/8/23 3:12,50.1,50,223,222,FALSE
1/8/23 3:14,49.9,50,223,222,FALSE
1/8/23 3:16,50.1,50.1,221,223,FALSE
1/8/23 3:18,50,50,223,222,FALSE
1/8/23 3:20,49.8,49.9,223,222,FALSE
1/8/23 3:22,49.9,49.9,223,222,FALSE
1/8/23 3:24,49.8,49.8,221,223,FALSE
1/8/23 3:26,49.9,49.9,223,223,FALSE
1/8/23 3:28,50,50,221,222,FALSE
1/8/23 3:30,50,49.9,221,222,FALSE
1/8/23 3:32,49.9,49.9,219,223,FALSE
1/8/23 3:34,49.8,49.8,220,223,FALSE
1/8/23 3:36,50.1,50,220,222,FALSE
1/8/23 3:38,50,50,220,222,FALSE
1/8/23 3:40,49.9,49.8,222,223,FALSE
1/8/23 3:42,49.9,49.9,221,223,FALSE
1/8/23 3:44,50,50,223,222,FALSE
1/8/23 3:46,50,50,222,222,FALSE
1/8/23 3:48,50.2,50.2,222,223,FALSE
1/8/23 3:50,49.9,49.9,221,223,FALSE
1/8/23 3:52,50,50,223,222,FALSE
1/8/23 3:54,49.9,49.9,222,222,FALSE
1/8/23 3:56,50,50,222,222,FALSE
1/8/23 3:58,50.2,50.1,221,223,FALSE
1/8/23 4:00,50.1,50,223,222,FALSE
1/8/23 4:02,50,50,223,223,FALSE
1/8/23 4:04,49.9,49.9,222,222,FALSE
1/8/23 4:06,50,50.1,221,223,FALSE
1/8/23 4:08,49.9,50,220,223,FALSE
1/8/23 4:10,50,49.9,220,222,FALSE
1/8/23 4:12,50,49.9,220,223,FALSE
1/8/23 4:14,49.9,49.9,219,223,FALSE
1/8/23 4:16,49.9,49.9,219,222,FALSE
1/8/23 4:18,49.9,49.9,221,222,FALSE
1/8/23 4:20,50.1,50.1,223,222,FALSE
1/8/23 4:22,49.9,49.9,222,223,FALSE
1/8/23 4:24,49.8,49.8,222,223,FALSE
1/8/23 4:26,50,50,223,221,FALSE
1/8/23 4:28,50.2,50.1,223,222,FALSE
1/8/23 4:30,49.9,49.8,223,216,FALSE
1/8/23 4:32,50,50,223,217,FALSE
1/8/23 4:34,49.9,49.9,224,217,FALSE
1/8/23 4:36,50.1,50,224,216,FALSE
1/8/23 4:38,50.2,50.2,223,217,FALSE
1/8/23 4:40,49.9,49.8,222,218,FALSE
1/8/23 4:42,50.1,50.1,223,217,FALSE
1/8/23 4:44,50,49.9,223,217,FALSE
1/8/23 4:46,50.1,50,223,217,FALSE
1/8/23 4:48,49.9,49.9,220,218,FALSE
1/8/23 4:50,50,50,221,218,FALSE
1/8/23 4:52,50.1,50.1,221,217,FALSE
1/8/23 4:54,50,50,221,217,FALSE
1/8/23 4:56,49.8,49.8,220,217,FALSE
1/8/23 4:58,49.8,49.8,221,217,FALSE
1/8/23 5:00,50.2,50.2,224,217,FALSE
1/8/23 5:02,49.6,49.8,223,216,FALSE
1/8/23 5:04,49.9,49.8,222,217,FALSE
1/8/23 5:06,49.9,49.9,222,217,FALSE
1/8/23 5:08,50.1,50,223,216,FALSE
1/8/23 5:10,49.6,49.7,223,216,FALSE
1/8/23 5:12,50,50,222,217,FALSE
1/8/23 5:14,50,50,222,218,FALSE
1/8/23 5:16,50.1,50.1,223,217,FALSE
1/8/23 5:18,50,50,223,217,FALSE
1/8/23 5:20,49.9,49.9,221,217,FALSE
1/8/23 5:22,49.8,49.8,221,217,FALSE
1/8/23 5:24,50.1,50.2,222,217,FALSE
1/8/23 5:26,49.8,49.8,222,217,FALSE
1/8/23 5:28,50.1,50,219,216,FALSE
1/8/23 5:30,49.9,50,219,218,FALSE
1/8/23 5:32,50,49.9,220,217,FALSE
1/8/23 5:34,50,50,220,216,FALSE
1/8/23 5:36,49.9,49.8,220,216,FALSE
1/8/23 5:38,49.8,49.8,219,217,FALSE
1/8/23 5:40,49.9,49.8,222,216,FALSE
1/8/23 5:42,49.9,49.9,222,216,FALSE
1/8/23 5:44,49.9,50,223,216,FALSE
1/8/23 5:46,50,50,221,216,FALSE
1/8/23 5:48,49.9,50,222,216,FALSE
1/8/23 5:50,50.1,50,223,220,FALSE
1/8/23 5:52,49.8,49.8,223,220,FALSE
1/8/23 5:54,50,50,222,220,FALSE
1/8/23 5:56,50.2,50.2,223,221,FALSE
1/8/23 5:58,49.8,49.8,223,221,FALSE
1/8/23 6:00,49.8,49.8,223,221,FALSE
1/8/23 6:02,50,49.9,222,221,FALSE
1/8/23 6:04,50,50,222,221,FALSE
1/8/23 6:06,49.8,49.9,223,220,FALSE
1/8/23 6:08,50,50,221,219,FALSE
1/8/23 6:10,50,50,221,220,FALSE
1/8/23 6:12,49.9,49.9,219,221,FALSE
1/8/23 6:14,50,50,221,219,FALSE
1/8/23 6:16,50.1,50,221,219,FALSE
1/8/23 6:18,49.9,50,221,218,FALSE
1/8/23 6:20,50.2,50.1,218,220,FALSE
1/8/23 6:22,49.7,49.7,219,221,FALSE
1/8/23 6:24,50,50,219,221,FALSE
1/8/23 6:26,50,50,218,222,FALSE
1/8/23 6:28,50,50,214,226,FALSE
1/8/23 6:30,50,50,218,224,FALSE
1/8/23 6:32,50,50,223,226,FALSE
1/8/23 6:34,50,50,223,226,FALSE
1/8/23 6:36,49.8,49.9,224,226,FALSE
1/8/23 6:38,50,49.9,225,227,FALSE
1/8/23 6:40,49.9,49.9,226,227,FALSE
1/8/23 6:42,50,50,226,226,FALSE
1/8/23 6:44,50,50,223,226,FALSE
1/8/23 6:46,50,50,223,226,FALSE
1/8/23 6:48,49.8,49.7,226,225,FALSE
1/8/23 6:50,49.8,49.9,223,225,FALSE
1/8/23 6:52,50.1,50.1,224,223,FALSE
1/8/23 6:54,50.1,50,222,224,FALSE
1/8/23 6:56,50.2,50.2,222,224,FALSE
1/8/23 6:58,50,50,221,222,FALSE
1/8/23 7:00,49.7,49.7,221,224,FALSE
1/8/23 7:02,49.8,49.7,225,225,FALSE
1/8/23 7:04,50.2,50.2,227,223,FALSE
1/8/23 7:06,49.8,49.8,226,221,FALSE
1/8/23 7:08,50,50,225,223,FALSE
1/8/23 7:10,50,50,222,223,FALSE
1/8/23 7:12,50,50,222,223,FALSE
1/8/23 7:14,49.8,49.8,223,223,FALSE
1/8/23 7:16,49.9,49.8,222,223,FALSE
1/8/23 7:18,50,50,216,224,FALSE
1/8/23 7:20,50.1,50.1,221,223,FALSE
1/8/23 7:22,49.8,49.8,219,225,FALSE
1/8/23 7:24,49.9,49.8,221,222,FALSE
1/8/23 7:26,49.8,49.8,219,224,FALSE
1/8/23 7:28,50.1,50.1,216,219,FALSE
1/8/23 7:30,50,50,219,223,FALSE
1/8/23 7:32,50,50,221,219,FALSE
1/8/23 7:34,50,50,216,223,FALSE
1/8/23 7:36,50.2,50.3,220,220,FALSE
1/8/23 7:38,50.1,50,221,216,FALSE
1/8/23 7:40,50,49.9,219,219,FALSE
1/8/23 7:42,50.1,50.2,218,220,FALSE
1/8/23 7:44,50.7,50.7,216,221,FALSE
1/8/23 7:46,49.9,49.9,223,219,FALSE
1/8/23 7:48,49.8,49.7,222,218,FALSE
1/8/23 7:50,49.6,49.6,219,220,FALSE
1/8/23 7:52,50.6,50.6,223,220,FALSE
1/8/23 7:54,50.1,50,222,219,FALSE
1/8/23 7:56,49.8,49.6,217,218,FALSE
1/8/23 7:58,50.1,50.2,221,219,FALSE
1/8/23 8:00,50.2,50.1,221,219,FALSE
1/8/23 8:02,50.2,50.3,222,218,FALSE
1/8/23 8:04,50,50.1,223,218,FALSE
1/8/23 8:06,49.8,49.8,222,218,FALSE
1/8/23 8:08,49.8,49.7,218,219,FALSE
1/8/23 8:10,50,50.1,221,218,FALSE
1/8/23 8:12,50.1,50,221,217,FALSE
1/8/23 8:14,49.8,49.9,217,218,FALSE
1/8/23 8:16,49.8,49.8,212,218,FALSE
1/8/23 8:18,50,49.9,214,219,FALSE
1/8/23 8:20,49.7,49.7,219,216,FALSE
1/8/23 8:22,50.2,50.2,223,217,FALSE
1/8/23 8:24,50.2,50.3,219,212,FALSE
1/8/23 8:26,50.2,50.1,222,214,FALSE
1/8/23 8:28,50.3,50.3,221,216,FALSE
1/8/23 8:30,50.2,50.2,221,213,FALSE
1/8/23 8:32,50.4,50.4,221,213,FALSE
1/8/23 8:34,49.8,49.8,221,210,FALSE
1/8/23 8:36,49.8,49.7,221,214,FALSE
1/8/23 8:38,50.1,50.1,221,215,FALSE
1/8/23 8:40,49.6,49.8,221,214,FALSE
1/8/23 8:42,49.5,49.5,220,214,FALSE
1/8/23 8:44,49.8,49.8,221,209,FALSE
1/8/23 8:46,49.7,49.6,220,211,FALSE
1/8/23 8:48,49.9,49.8,218,214,FALSE
1/8/23 8:50,50.3,50.2,217,214,FALSE
1/8/23 8:52,49.6,49.8,216,214,FALSE
1/8/23 8:54,49.9,49.8,216,211,FALSE
1/8/23 8:56,49.7,49.7,215,214,FALSE
1/8/23 8:58,49.7,49.6,215,214,FALSE
1/8/23 9:00,50,50.1,216,214,FALSE
1/8/23 9:02,50,50.1,218,215,FALSE
1/8/23 9:04,49.9,49.9,217,214,FALSE
1/8/23 9:06,50,50,219,214,FALSE
1/8/23 9:08,50.3,50.2,217,212,FALSE
1/8/23 9:10,50.1,50.2,219,209,FALSE
1/8/23 9:12,50,49.9,218,212,FALSE
1/8/23 9:14,50,50.2,218,212,FALSE
1/8/23 9:16,50,50,216,214,FALSE
1/8/23 9:18,50.1,50.1,215,213,FALSE
1/8/23 9:20,49.8,49.8,214,213,FALSE
1/8/23 9:22,49.9,49.8,214,212,FALSE
1/8/23 9:24,49.9,50,214,209,FALSE
1/8/23 9:26,49.9,50,211,211,FALSE
1/8/23 9:28,50.1,50,213,211,FALSE
1/8/23 9:30,50.2,50,213,210,FALSE
1/8/23 9:32,49.9,49.8,214,209,FALSE
1/8/23 9:34,49.8,49.9,216,211,FALSE
1/8/23 9:36,50.1,50.2,215,209,FALSE
1/8/23 9:38,50.2,50.2,216,206,FALSE
1/8/23 9:40,50,50,216,207,FALSE
1/8/23 9:42,50.1,50.1,214,208,FALSE
1/8/23 9:44,50.1,50.1,216,207,FALSE
1/8/23 9:46,50,50.2,216,206,FALSE
1/8/23 9:48,50,50,215,210,FALSE
1/8/23 9:50,50.1,50.1,216,212,FALSE
1/8/23 9:52,49.9,49.7,209,214,FALSE
1/8/23 9:54,50.1,50.1,213,214,FALSE
1/8/23 9:56,49.8,49.7,214,211,FALSE
1/8/23 9:58,49.9,50,214,211,FALSE
1/8/23 10:00,49.8,49.8,213,210,FALSE
1/8/23 10:02,49.8,49.8,213,209,FALSE
1/8/23 10:04,49.9,49.8,213,213,FALSE
1/8/23 10:06,49.8,49.9,212,208,FALSE
1/8/23 10:08,50,49.9,211,210,FALSE
1/8/23 10:10,50,50,209,211,FALSE
1/8/23 10:12,50,49.9,211,213,FALSE
1/8/23 10:14,50.2,50.2,211,210,FALSE
1/8/23 10:16,49.9,50,213,211,FALSE
1/8/23 10:18,49.9,49.8,211,212,FALSE
1/8/23 10:20,49.9,49.9,209,213,FALSE
1/8/23 10:22,50.4,50.4,213,211,FALSE
1/8/23 10:24,50,50,213,209,FALSE
1/8/23 10:26,50.2,50.2,212,211,FALSE
1/8/23 10:28,49.7,49.8,213,213,FALSE
1/8/23 10:30,49.6,49.6,214,211,FALSE
1/8/23 10:32,49.9,50,214,211,FALSE
1/8/23 10:34,50.5,50.5,216,209,FALSE
1/8/23 10:36,50.1,50.1,214,211,FALSE
1/8/23 10:38,50.2,50.2,217,208,FALSE
1/8/23 10:40,49.8,49.7,217,204,FALSE
1/8/23 10:42,50.2,50.1,216,207,FALSE
1/8/23 10:44,49.9,49.9,214,205,FALSE
1/8/23 10:46,50.9,50.8,217,207,FALSE
1/8/23 10:48,50.1,50.1,214,203,FALSE
1/8/23 10:50,50.3,50.2,213,207,FALSE
1/8/23 10:52,49.9,49.9,209,213,FALSE
1/8/23 10:54,50.2,50.2,209,214,FALSE
1/8/23 10:56,50,50,206,214,FALSE
1/8/23 10:58,49.9,49.9,209,213,FALSE
1/8/23 11:00,49.8,49.8,209,210,FALSE
1/8/23 11:02,49.8,49.8,210,209,FALSE
1/8/23 11:04,50,50.1,211,211,FALSE
1/8/23 11:06,50,50,212,211,FALSE
1/8/23 11:08,50.1,50.2,212,209,FALSE
1/8/23 11:10,50.2,50.1,210,212,FALSE
1/8/23 11:12,50,50,206,213,FALSE
1/8/23 11:14,50,50.1,211,211,FALSE
1/8/23 11:16,50,50,210,203,FALSE
1/8/23 11:18,49.9,49.8,207,207,FALSE
1/8/23 11:20,50,49.9,209,199,FALSE
1/8/23 11:22,50,49.9,208,204,FALSE
1/8/23 11:24,49.9,49.9,208,208,FALSE
1/8/23 11:26,50,50,209,207,FALSE
1/8/23 11:28,50.1,50.1,200,208,FALSE
1/8/23 11:30,50.1,50.1,202,209,FALSE
1/8/23 11:32,50,50,202,208,FALSE
1/8/23 11:34,50.1,49.9,200,207,FALSE
1/8/23 11:36,49.9,49.9,205,207,FALSE
1/8/23 11:38,49.9,50,204,207,FALSE
1/8/23 11:40,50,50,206,206,FALSE
1/8/23 11:42,49.8,49.8,207,206,FALSE
1/8/23 11:44,49.8,49.8,211,204,FALSE
1/8/23 11:46,50.1,50.1,210,204,FALSE
1/8/23 11:48,49.9,49.9,210,207,FALSE
1/8/23 11:50,50.1,50.3,210,207,FALSE
1/8/23 11:52,50,50,214,201,FALSE
1/8/23 11:54,49.7,49.7,214,197,FALSE
1/8/23 11:56,50,50,211,204,FALSE
1/8/23 11:58,49.7,49.8,216,207,FALSE
1/8/23 12:00,49.9,49.9,213,202,FALSE
1/8/23 12:02,50.1,50,216,201,FALSE
1/8/23 12:04,50.1,50.1,216,204,FALSE
1/8/23 12:06,49.9,50,211,204,FALSE
1/8/23 12:08,50,50,216,211,FALSE
1/8/23 12:10,50,50,211,209,FALSE
1/8/23 12:12,49.8,49.9,211,204,FALSE
1/8/23 12:14,50,50,209,212,FALSE
1/8/23 12:16,49.9,49.9,209,202,FALSE
1/8/23 12:18,49.7,49.6,211,209,FALSE
1/8/23 12:20,49.9,49.8,210,209,FALSE
1/8/23 12:22,49.9,50,205,209,FALSE
1/8/23 12:24,50.1,50.1,209,207,FALSE
1/8/23 12:26,49.9,50,209,207,FALSE
1/8/23 12:28,49.8,49.9,207,208,FALSE
1/8/23 12:30,49.9,49.9,208,209,FALSE
1/8/23 12:32,50.1,50.1,210,209,FALSE
1/8/23 12:34,50,50.2,210,210,FALSE
1/8/23 12:36,49.8,49.8,209,204,FALSE
1/8/23 12:38,50.3,50.2,210,204,FALSE
1/8/23 12:40,50.1,50.1,210,205,FALSE
1/8/23 12:42,49.9,50,210,206,FALSE
1/8/23 12:44,49.7,49.7,209,207,FALSE
1/8/23 12:46,49.6,49.6,209,208,FALSE
1/8/23 12:48,49.7,49.8,210,209,FALSE
1/8/23 12:50,49.8,50,209,209,FALSE
1/8/23 12:52,49.9,49.9,209,209,FALSE
1/8/23 12:54,49.9,49.8,209,211,FALSE
1/8/23 12:56,50.3,50.3,210,213,FALSE
1/8/23 12:58,50.1,50.1,213,213,FALSE
1/8/23 13:00,49.9,50,214,207,FALSE
1/8/23 13:02,50,50.1,212,214,FALSE
1/8/23 13:04,49.9,50,216,213,FALSE
1/8/23 13:06,50.1,50.1,217,212,FALSE
1/8/23 13:08,50.1,50,217,212,FALSE
1/8/23 13:10,50.1,50.1,209,208,FALSE
1/8/23 13:12,49.9,49.9,214,211,FALSE
1/8/23 13:14,49.8,49.8,216,209,FALSE
1/8/23 13:16,50,50,216,210,FALSE
1/8/23 13:18,49.9,50,214,211,FALSE
1/8/23 13:20,49.7,49.7,216,209,FALSE
1/8/23 13:22,50,50,218,209,FALSE
1/8/23 13:24,50,50,216,209,FALSE
1/8/23 13:26,50.1,50.2,215,210,FALSE
1/8/23 13:28,49.9,49.9,216,213,FALSE
1/8/23 13:30,49.9,49.9,214,212,FALSE
1/8/23 13:32,49.9,49.9,214,209,FALSE
1/8/23 13:34,49.9,49.9,213,212,FALSE
1/8/23 13:36,50.1,50,211,211,FALSE
1/8/23 13:38,50.5,50.3,214,211,FALSE
1/8/23 13:40,50.3,50.3,210,207,FALSE
1/8/23 13:42,50.4,50.5,209,209,FALSE
1/8/23 13:44,50.1,50.1,207,208,FALSE
1/8/23 13:46,50,50,211,209,FALSE
1/8/23 13:48,50,49.9,211,208,FALSE
1/8/23 13:50,49.8,49.8,211,208,FALSE
1/8/23 13:52,49.6,49.7,209,209,FALSE
1/8/23 13:54,49.9,49.9,210,209,FALSE
1/8/23 13:56,49.9,49.9,209,209,FALSE
1/8/23 13:58,50.1,50,208,209,FALSE
1/8/23 14:00,50,49.9,207,209,FALSE
1/8/23 14:02,50.1,50.1,204,209,FALSE
1/8/23 14:04,50,50.1,209,206,FALSE
1/8/23 14:06,49.9,49.9,206,209,FALSE
1/8/23 14:08,49.6,49.5,207,209,FALSE
1/8/23 14:10,49.8,49.8,214,208,FALSE
1/8/23 14:12,49.8,49.8,218,208,FALSE
1/8/23 14:14,50.1,50.2,218,211,FALSE
1/8/23 14:16,50,50,210,211,FALSE
1/8/23 14:18,49.7,49.8,206,207,FALSE
1/8/23 14:20,50.1,50,209,212,FALSE
1/8/23 14:22,50,50,212,211,FALSE
1/8/23 14:24,49.8,49.9,204,207,FALSE
1/8/23 14:26,50.1,50.1,211,207,FALSE
1/8/23 14:28,49.7,49.8,210,212,FALSE
1/8/23 14:30,50,50,209,212,FALSE
1/8/23 14:32,49.8,49.8,203,214,FALSE
1/8/23 14:34,50.2,50.2,203,208,FALSE
1/8/23 14:36,50.1,50,213,209,FALSE
1/8/23 14:38,50.1,50.1,212,207,FALSE
1/8/23 14:40,50,50.1,209,211,FALSE
1/8/23 14:42,49.8,49.9,209,212,FALSE
1/8/23 14:44,49.8,49.8,210,212,FALSE
1/8/23 14:46,50,50,214,207,FALSE
1/8/23 14:48,50,50,214,211,FALSE
1/8/23 14:50,50.1,50.2,214,211,FALSE
1/8/23 14:52,50,50,209,210,FALSE
1/8/23 14:54,50.1,50.1,210,210,FALSE
1/8/23 14:56,50.2,50.2,211,209,FALSE
1/8/23 14:58,50.1,50,209,211,FALSE
1/8/23 15:00,50.1,50.1,211,213,FALSE
1/8/23 15:02,50.1,50.1,204,211,FALSE
1/8/23 15:04,50.1,50.1,211,211,FALSE
1/8/23 15:06,49.6,49.6,208,210,FALSE
1/8/23 15:08,49.7,49.7,214,208,FALSE
1/8/23 15:10,49.9,49.9,214,204,FALSE
1/8/23 15:12,49.9,49.9,214,203,FALSE
1/8/23 15:14,49.8,49.8,213,202,FALSE
1/8/23 15:16,50.1,50,211,211,FALSE
1/8/23 15:18,50,50,213,211,FALSE
1/8/23 15:20,50,49.9,214,211,FALSE
1/8/23 15:22,49.9,49.9,214,207,FALSE
1/8/23 15:24,50.1,50.2,212,211,FALSE
1/8/23 15:26,50,50,214,209,FALSE
1/8/23 15:28,50,50,214,211,FALSE
1/8/23 15:30,49.8,49.8,215,202,FALSE
1/8/23 15:32,49.6,49.6,211,203,FALSE
1/8/23 15:34,49.8,49.9,210,208,FALSE
1/8/23 15:36,50,50,211,211,FALSE
1/8/23 15:38,50.2,50.2,211,210,FALSE
1/8/23 15:40,49.8,49.9,210,209,FALSE
1/8/23 15:42,50.1,50,211,211,FALSE
1/8/23 15:44,50.2,50.1,211,211,FALSE
1/8/23 15:46,49.9,49.9,211,211,FALSE
1/8/23 15:48,50.1,50.2,211,212,FALSE
1/8/23 15:50,50,50,213,208,FALSE
1/8/23 15:52,49.9,50,214,208,FALSE
1/8/23 15:54,50.1,50.1,214,208,FALSE
1/8/23 15:56,50,50,214,211,FALSE
1/8/23 15:58,50,50,214,208,FALSE
1/8/23 16:00,50.2,50.2,214,211,FALSE
1/8/23 16:02,50.2,50.2,214,211,FALSE
1/8/23 16:04,49.9,49.9,215,200,FALSE
1/8/23 16:06,49.7,49.7,214,206,FALSE
1/8/23 16:08,49.9,49.9,214,201,FALSE
1/8/23 16:10,50.1,50.1,214,207,FALSE
1/8/23 16:12,50.2,50.2,214,204,FALSE
1/8/23 16:14,50,50,213,204,FALSE
1/8/23 16:16,49.9,49.9,209,201,FALSE
1/8/23 16:18,50.3,50.3,211,205,FALSE
1/8/23 16:20,49.8,49.9,209,205,FALSE
1/8/23 16:22,50,49.9,209,204,FALSE
1/8/23 16:24,50,50,210,206,FALSE
1/8/23 16:26,50.2,50.2,211,207,FALSE
1/8/23 16:28,49.9,49.8,211,204,FALSE
1/8/23 16:30,50.2,50.1,212,207,FALSE
1/8/23 16:32,50,50.1,214,206,FALSE
1/8/23 16:34,49.8,49.8,214,206,FALSE
1/8/23 16:36,49.9,49.9,214,207,FALSE
1/8/23 16:38,49.7,49.8,212,204,FALSE
1/8/23 16:40,49.8,49.9,213,204,FALSE
1/8/23 16:42,50.1,50,214,208,FALSE
1/8/23 16:44,50.1,50.2,214,205,FALSE
1/8/23 16:46,50,49.9,213,207,FALSE
1/8/23 16:48,50.2,50.2,213,208,FALSE
1/8/23 16:50,49.9,49.9,214,207,FALSE
1/8/23 16:52,49.8,49.9,214,207,FALSE
1/8/23 16:54,50,50,215,206,FALSE
1/8/23 16:56,49.8,49.8,211,206,FALSE
1/8/23 16:58,49.8,49.8,212,205,FALSE
1/8/23 17:00,50,50,211,209,FALSE
1/8/23 17:02,50,50,213,209,FALSE
1/8/23 17:04,49.9,49.9,213,209,FALSE
1/8/23 17:06,50,50,213,209,FALSE
1/8/23 17:08,50.1,50.1,212,209,FALSE
1/8/23 17:10,49.9,49.9,213,207,FALSE
1/8/23 17:12,49.7,49.7,215,209,FALSE
1/8/23 17:14,49.9,49.9,214,209,FALSE
1/8/23 17:16,49.9,49.9,214,209,FALSE
1/8/23 17:18,50.1,50.1,214,209,FALSE
1/8/23 17:20,49.9,50,215,208,FALSE
1/8/23 17:22,50,50,214,209,FALSE
1/8/23 17:24,50.1,50.1,215,208,FALSE
1/8/23 17:26,49.9,49.9,215,206,FALSE
1/8/23 17:28,49.8,49.8,214,208,FALSE
1/8/23 17:30,49.8,49.8,215,209,FALSE
1/8/23 17:32,50,50,215,205,FALSE
1/8/23 17:34,50,50,215,206,FALSE
1/8/23 17:36,50.1,50,213,206,FALSE
1/8/23 17:38,49.9,49.9,207,205,FALSE
1/8/23 17:40,49.9,49.8,211,210,FALSE
1/8/23 17:42,49.9,49.9,212,209,FALSE
1/8/23 17:44,50,50,211,207,FALSE
1/8/23 17:46,49.9,49.9,211,210,FALSE
1/8/23 17:48,49.9,49.9,211,209,FALSE
1/8/23 17:50,49.9,49.9,212,210,FALSE
1/8/23 17:52,50,49.9,214,210,FALSE
1/8/23 17:54,49.8,49.9,214,209,FALSE
1/8/23 17:56,49.9,50,214,209,FALSE
1/8/23 17:58,49.7,49.7,214,209,FALSE
1/8/23 18:00,49.8,49.9,214,210,FALSE
1/8/23 18:02,50,50,215,209,FALSE
1/8/23 18:04,49.9,49.9,215,210,FALSE
1/8/23 18:06,50,50.1,214,209,FALSE
1/8/23 18:08,50,50.1,214,211,FALSE
1/8/23 18:10,49.9,49.9,214,210,FALSE
1/8/23 18:12,50.2,50.2,214,209,FALSE
1/8/23 18:14,50.4,50.4,214,211,FALSE
1/8/23 18:16,50.3,50.3,214,211,FALSE
1/8/23 18:18,50.5,50.5,211,207,FALSE
1/8/23 18:20,50.4,50.4,211,208,FALSE
1/8/23 18:22,50.2,50.2,211,207,FALSE
1/8/23 18:24,50.1,50.1,211,207,FALSE
1/8/23 18:26,50.1,50,211,207,FALSE
1/8/23 18:28,49.9,49.9,211,203,FALSE
1/8/23 18:30,50,50.1,211,203,FALSE
1/8/23 18:32,50.2,50.2,214,202,FALSE
1/8/23 18:34,50.4,50.4,214,202,FALSE
1/8/23 18:36,50.3,50.4,214,201,FALSE
1/8/23 18:38,50.2,50.2,214,198,FALSE
1/8/23 18:40,49.5,49.5,213,199,FALSE
1/8/23 18:42,49.8,49.8,213,199,FALSE
1/8/23 18:44,50.2,50.2,214,198,FALSE
1/8/23 18:46,50.1,50.1,213,199,FALSE
1/8/23 18:48,49.8,49.8,214,199,FALSE
1/8/23 18:50,49.9,49.9,214,199,FALSE
1/8/23 18:52,49.7,49.7,214,199,FALSE
1/8/23 18:54,49.9,49.9,214,199,FALSE
1/8/23 18:56,50,50,214,198,FALSE
1/8/23 18:58,50,50,212,199,FALSE
1/8/23 19:00,50.2,50.2,211,199,FALSE
1/8/23 19:02,50.2,50.2,214,198,FALSE
1/8/23 19:04,50.1,50.1,214,199,FALSE
1/8/23 19:06,50.1,50.1,214,199,FALSE
1/8/23 19:08,50,50.1,215,204,FALSE
1/8/23 19:10,50,50,216,205,FALSE
1/8/23 19:12,50.2,50,215,204,FALSE
1/8/23 19:14,49.7,49.7,218,204,FALSE
1/8/23 19:16,49.9,49.9,214,204,FALSE
1/8/23 19:18,50,50.1,216,204,FALSE
1/8/23 19:20,50,50,216,204,FALSE
1/8/23 19:22,50,50,215,204,FALSE
1/8/23 19:24,50,50,215,206,FALSE
1/8/23 19:26,50.1,50.1,216,205,FALSE
1/8/23 19:28,50,50,216,206,FALSE
1/8/23 19:30,50.1,50.1,203,209,FALSE
1/8/23 19:32,50.5,50.5,203,209,FALSE
1/8/23 19:34,50.2,50.1,204,209,FALSE
1/8/23 19:36,50.2,50.2,218,207,FALSE
1/8/23 19:38,50.1,50.1,213,208,FALSE
1/8/23 19:40,49.9,49.9,212,207,FALSE
1/8/23 19:42,50.1,50,202,209,FALSE
1/8/23 19:44,50.1,50.1,202,209,FALSE
1/8/23 19:46,50,50.1,202,211,FALSE
1/8/23 19:48,50.2,50.2,214,210,FALSE
1/8/23 19:50,50.1,50.1,216,209,FALSE
1/8/23 19:52,50.1,50.1,219,209,FALSE
1/8/23 19:54,50.2,50.2,204,211,FALSE
1/8/23 19:56,50,50,204,213,FALSE
1/8/23 19:58,50.2,50.2,218,210,FALSE
1/8/23 20:00,49.9,49.9,219,211,FALSE
1/8/23 20:02,49.9,49.9,218,210,FALSE
1/8/23 20:04,49.8,49.7,216,211,FALSE
1/8/23 20:06,49.8,49.9,204,213,FALSE
1/8/23 20:08,50.1,50,205,213,FALSE
1/8/23 20:10,49.8,49.8,219,211,FALSE
1/8/23 20:12,49.8,49.9,216,212,FALSE
1/8/23 20:14,49.7,49.7,217,209,FALSE
1/8/23 20:16,49.9,49.8,217,211,FALSE
1/8/23 20:18,49.9,49.8,215,211,FALSE
1/8/23 20:20,49.8,49.8,214,212,FALSE
1/8/23 20:22,49.9,49.9,214,211,FALSE
1/8/23 20:24,49.9,50,216,211,FALSE
1/8/23 20:26,50.1,50.1,216,212,FALSE
1/8/23 20:28,49.9,49.8,214,213,FALSE
1/8/23 20:30,49.7,49.7,215,212,FALSE
1/8/23 20:32,49.9,50,219,212,FALSE
1/8/23 20:34,50,50,219,213,FALSE
1/8/23 20:36,50,50,214,214,FALSE
1/8/23 20:38,49.9,49.9,214,213,FALSE
1/8/23 20:40,49.9,49.9,220,212,FALSE
1/8/23 20:42,49.9,49.9,222,211,FALSE
1/8/23 20:44,50.1,50,215,214,FALSE
1/8/23 20:46,50,50,214,214,FALSE
1/8/23 20:48,49.9,49.9,215,214,FALSE
1/8/23 20:50,49.7,49.8,219,211,FALSE
1/8/23 20:52,50,49.9,220,212,FALSE
1/8/23 20:54,49.9,49.9,220,212,FALSE
1/8/23 20:56,49.8,50,220,212,FALSE
1/8/23 20:58,50,50.1,220,213,FALSE
1/8/23 21:00,50,50,218,214,FALSE
1/8/23 21:02,50,50.1,218,214,FALSE
1/8/23 21:04,50,50,219,214,FALSE
1/8/23 21:06,50.1,50.2,219,213,FALSE
1/8/23 21:08,50,50,218,214,FALSE
1/8/23 21:10,49.9,50,219,214,FALSE
1/8/23 21:12,49.9,50,218,213,FALSE
1/8/23 21:14,49.8,49.9,221,214,FALSE
1/8/23 21:16,50.1,50.2,221,214,FALSE
1/8/23 21:18,49.9,49.9,221,214,FALSE
1/8/23 21:20,49.8,49.9,221,214,FALSE
1/8/23 21:22,49.9,49.9,221,214,FALSE
1/8/23 21:24,50,50,223,208,FALSE
1/8/23 21:26,49.9,49.9,223,209,FALSE
1/8/23 21:28,50,49.9,222,209,FALSE
1/8/23 21:30,49.7,49.7,219,213,FALSE
1/8/23 21:32,49.9,49.9,219,214,FALSE
1/8/23 21:34,50,50,219,214,FALSE
1/8/23 21:36,49.9,49.8,220,214,FALSE
1/8/23 21:38,50,50,219,214,FALSE
1/8/23 21:40,50,50,217,214,FALSE
1/8/23 21:42,50,49.9,217,214,FALSE
1/8/23 21:44,49.9,50,217,219,FALSE
1/8/23 21:46,49.8,49.9,216,219,FALSE
1/8/23 21:48,49.9,49.8,216,220,FALSE
1/8/23 21:50,50.1,50.1,216,220,FALSE
1/8/23 21:52,50,49.9,217,221,FALSE
1/8/23 21:54,50,49.9,218,221,FALSE
1/8/23 21:56,50,50.1,220,221,FALSE
1/8/23 21:58,50.1,50.1,219,221,FALSE
1/8/23 22:00,50.1,50.2,219,221,FALSE
1/8/23 22:02,50.2,50.2,219,221,FALSE
1/8/23 22:04,50,50,221,216,FALSE
1/8/23 22:06,50.1,50.1,221,216,FALSE
1/8/23 22:08,50.1,50.2,219,222,FALSE
1/8/23 22:10,49.9,50,219,222,FALSE
1/8/23 22:12,49.7,49.7,219,221,FALSE
1/8/23 22:14,49.9,49.9,219,221,FALSE
1/8/23 22:16,50,50,219,222,FALSE
1/8/23 22:18,50.1,50.1,219,223,FALSE
1/8/23 22:20,50.1,50.1,219,223,FALSE
1/8/23 22:22,50,50,216,223,FALSE
1/8/23 22:24,50,50,216,223,FALSE
1/8/23 22:26,49.9,49.9,216,223,FALSE
1/8/23 22:28,49.8,49.7,216,223,FALSE
1/8/23 22:30,50,50,216,223,FALSE
1/8/23 22:32,50.1,50,216,223,FALSE
1/8/23 22:34,49.8,50,217,223,FALSE
1/8/23 22:36,49.9,50,220,223,FALSE
1/8/23 22:38,49.9,49.8,219,223,FALSE
1/8/23 22:40,50.1,50.2,219,223,FALSE
1/8/23 22:42,50,50.1,220,223,FALSE
1/8/23 22:44,50,50,219,222,FALSE
1/8/23 22:46,49.9,49.9,219,222,FALSE
1/8/23 22:48,50,49.9,219,223,FALSE
1/8/23 22:50,50,50,219,223,FALSE
1/8/23 22:52,50,50.1,219,223,FALSE
1/8/23 22:54,50.2,50.1,221,224,FALSE
1/8/23 22:56,49.8,49.8,221,224,FALSE
1/8/23 22:58,50,50,221,224,FALSE
1/8/23 23:00,50.1,50.1,222,224,FALSE
1/8/23 23:02,50,50.1,218,223,FALSE
1/8/23 23:04,50,49.9,218,224,FALSE
1/8/23 23:06,49.4,49.4,216,223,FALSE
1/8/23 23:08,49.9,49.9,217,224,FALSE
1/8/23 23:10,49.9,49.9,218,223,FALSE
1/8/23 23:12,50.1,50.2,218,223,FALSE
1/8/23 23:14,50.1,50.1,218,224,FALSE
1/8/23 23:16,49.8,49.8,219,223,FALSE
1/8/23 23:18,50.1,50.2,220,224,FALSE
1/8/23 23:20,50.1,50,220,224,FALSE
1/8/23 23:22,50.1,50.1,220,224,FALSE
1/8/23 23:24,50,50.1,219,224,FALSE
1/8/23 23:26,50.1,50,220,224,FALSE
1/8/23 23:28,50,50,220,224,FALSE
1/8/23 23:30,49.9,50,218,225,FALSE
1/8/23 23:32,50.1,50,217,225,FALSE
1/8/23 23:34,49.9,50,218,225,FALSE
1/8/23 23:36,50,49.9,219,224,FALSE
1/8/23 23:38,49.9,49.9,219,224,FALSE
1/8/23 23:40,50,50,219,225,FALSE
1/8/23 23:42,49.8,49.9,216,224,FALSE
1/8/23 23:44,50,50,217,224,FALSE
1/8/23 23:46,50.1,50,218,225,FALSE
1/8/23 23:48,49.9,49.9,218,224,FALSE
1/8/23 23:50,50.1,50.1,216,224,FALSE
1/8/23 23:52,49.9,49.9,216,224,FALSE
1/8/23 23:54,50,50.1,217,224,FALSE
1/8/23 23:56,49.9,49.9,220,224,FALSE
1/8/23 23:58,50,50,219,224,FALSE
1/9/23 0:00,50.1,50.1,219,224,FALSE
1/9/23 0:02,50.2,50.1,221,224,FALSE
1/9/23 0:04,49.8,49.8,220,224,FALSE
1/9/23 0:06,49.8,49.8,221,224,FALSE
1/9/23 0:08,49.9,50,219,223,FALSE
1/9/23 0:10,50,49.9,221,223,FALSE
1/9/23 0:12,50.1,50.1,221,223,FALSE
1/9/23 0:14,50,49.9,221,223,FALSE
1/9/23 0:16,49.9,49.9,219,225,FALSE
1/9/23 0:18,49.8,49.8,221,224,FALSE
1/9/23 0:20,49.8,49.7,221,224,FALSE
1/9/23 0:22,50,50,221,224,FALSE
1/9/23 0:24,49.6,49.6,219,223,FALSE
1/9/23 0:26,49.9,49.9,220,224,FALSE
1/9/23 0:28,50,50,220,224,FALSE
1/9/23 0:30,49.9,50,220,224,FALSE
1/9/23 0:32,50.1,50.1,220,224,FALSE
1/9/23 0:34,50,50,220,224,FALSE
1/9/23 0:36,50.1,50.1,221,224,FALSE
1/9/23 0:38,50.1,50.2,223,224,FALSE
1/9/23 0:40,50,49.9,222,224,FALSE
1/9/23 0:42,50,49.9,222,224,FALSE
1/9/23 0:44,49.9,50,222,224,FALSE
1/9/23 0:46,49.8,49.9,222,224,FALSE
1/9/23 0:48,50,50,222,224,FALSE
1/9/23 0:50,50.1,50.1,221,224,FALSE
1/9/23 0:52,50,50,222,224,FALSE
1/9/23 0:54,49.8,49.9,222,225,FALSE
1/9/23 0:56,50,49.9,222,225,FALSE
1/9/23 0:58,49.9,49.8,222,225,FALSE
1/9/23 1:00,49.9,49.8,222,225,FALSE
1/9/23 1:02,50,50,223,225,FALSE
1/9/23 1:04,49.9,49.9,220,225,FALSE
1/9/23 1:06,49.9,49.9,220,225,FALSE
1/9/23 1:08,50,50.1,220,225,FALSE
1/9/23 1:10,50.1,50,220,225,FALSE
1/9/23 1:12,49.9,49.8,220,225,FALSE
1/9/23 1:14,50,50,221,224,FALSE
1/9/23 1:16,49.9,49.9,220,225,FALSE
1/9/23 1:18,49.9,49.9,223,225,FALSE
1/9/23 1:20,50,50,223,225,FALSE
1/9/23 1:22,50.1,50.1,222,225,FALSE
1/9/23 1:24,50,49.9,222,225,FALSE
1/9/23 1:26,49.9,49.9,223,224,FALSE
1/9/23 1:28,50,50,221,224,FALSE
1/9/23 1:30,50,50,222,224,FALSE
1/9/23 1:32,50,50,222,225,FALSE
1/9/23 1:34,49.8,49.9,221,224,FALSE
1/9/23 1:36,49.9,49.9,221,226,FALSE
1/9/23 1:38,49.9,50,221,225,FALSE
1/9/23 1:40,49.9,49.9,221,225,FALSE
1/9/23 1:42,49.8,49.8,219,226,FALSE
1/9/23 1:44,50.1,50.1,221,226,FALSE
1/9/23 1:46,50,50,219,225,FALSE
1/9/23 1:48,50,50,219,225,FALSE
1/9/23 1:50,50,50,219,225,FALSE
1/9/23 1:52,50,50,219,225,FALSE
1/9/23 1:54,50.1,50,219,225,FALSE
1/9/23 1:56,50,50.1,219,225,FALSE
1/9/23 1:58,50,50,219,226,FALSE
1/9/23 2:00,50.2,50.2,221,226,FALSE
1/9/23 2:02,50,50.1,221,226,FALSE
1/9/23 2:04,49.9,49.9,221,225,FALSE
1/9/23 2:06,50,50,221,226,FALSE
1/9/23 2:08,49.9,49.9,220,226,FALSE
1/9/23 2:10,49.9,49.8,220,226,FALSE
1/9/23 2:12,50,49.9,221,226,FALSE
1/9/23 2:14,50,49.9,221,226,FALSE
1/9/23 2:16,50,50,221,226,FALSE
1/9/23 2:18,50,50,222,226,FALSE
1/9/23 2:20,50.1,50.1,221,226,FALSE
1/9/23 2:22,50,50,221,226,FALSE
1/9/23 2:24,49.9,49.9,221,226,FALSE
1/9/23 2:26,50,50,219,226,FALSE
1/9/23 2:28,50,50,219,226,FALSE
1/9/23 2:30,50,50.1,219,226,FALSE
1/9/23 2:32,49.9,49.9,219,225,FALSE
1/9/23 2:34,49.9,49.8,219,225,FALSE
1/9/23 2:36,50,50,219,225,FALSE
1/9/23 2:38,49.9,49.9,219,224,FALSE
1/9/23 2:40,50,49.9,221,224,FALSE
1/9/23 2:42,50,50,221,225,FALSE
1/9/23 2:44,50,50,221,226,FALSE
1/9/23 2:46,50.1,50.1,221,226,FALSE
1/9/23 2:48,49.9,49.9,221,226,FALSE
1/9/23 2:50,49.9,49.9,221,226,FALSE
1/9/23 2:52,50,50,221,226,FALSE
1/9/23 2:54,50.1,50.1,221,226,FALSE
1/9/23 2:56,50,50,221,226,FALSE
1/9/23 2:58,50,50,221,226,FALSE
1/9/23 3:00,49.8,49.8,221,226,FALSE
1/9/23 3:02,49.9,49.9,221,226,FALSE
1/9/23 3:04,50,50,221,226,FALSE
1/9/23 3:06,49.9,49.9,219,226,FALSE
1/9/23 3:08,50.1,50,219,226,FALSE
1/9/23 3:10,49.9,49.9,219,226,FALSE
1/9/23 3:12,50,49.9,219,226,FALSE
1/9/23 3:14,49.8,49.8,219,226,FALSE
1/9/23 3:16,50,50,219,226,FALSE
1/9/23 3:18,49.6,49.6,218,226,FALSE
1/9/23 3:20,50,50,221,226,FALSE
1/9/23 3:22,49.8,49.8,221,226,FALSE
1/9/23 3:24,50,50,222,226,FALSE
1/9/23 3:26,50.1,50.1,222,226,FALSE
1/9/23 3:28,50.1,50.1,221,226,FALSE
1/9/23 3:30,50.1,50,222,226,FALSE
1/9/23 3:32,49.8,49.9,222,226,FALSE
1/9/23 3:34,50,50,221,225,FALSE
1/9/23 3:36,49.9,50,221,225,FALSE
1/9/23 3:38,50.2,50.2,221,225,FALSE
1/9/23 3:40,50.1,50,221,225,FALSE
1/9/23 3:42,49.8,49.8,221,225,FALSE
1/9/23 3:44,50,50.1,221,226,FALSE
1/9/23 3:46,49.9,49.9,221,226,FALSE
1/9/23 3:48,49.7,49.7,219,226,FALSE
1/9/23 3:50,50.1,50.1,219,226,FALSE
1/9/23 3:52,49.9,49.9,219,226,FALSE
1/9/23 3:54,50.1,50,219,226,FALSE
1/9/23 3:56,49.9,50,219,226,FALSE
1/9/23 3:58,50.2,50.1,219,226,FALSE
1/9/23 4:00,50,50,219,226,FALSE
1/9/23 4:02,50,50,221,225,FALSE
1/9/23 4:04,49.9,49.9,221,221,FALSE
1/9/23 4:06,49.9,50,222,220,FALSE
1/9/23 4:08,50,50,223,220,FALSE
1/9/23 4:10,49.8,49.7,222,220,FALSE
1/9/23 4:12,50,50,222,221,FALSE
1/9/23 4:14,50,50.1,222,221,FALSE
1/9/23 4:16,49.8,49.8,221,221,FALSE
1/9/23 4:18,49.9,49.8,222,221,FALSE
1/9/23 4:20,49.8,49.8,222,221,FALSE
1/9/23 4:22,49.7,49.8,221,221,FALSE
1/9/23 4:24,50,50,221,221,FALSE
1/9/23 4:26,50.1,50.1,222,221,FALSE
1/9/23 4:28,50.1,50.1,219,219,FALSE
1/9/23 4:30,50,49.9,219,219,FALSE
1/9/23 4:32,49.8,49.8,219,219,FALSE
1/9/23 4:34,50.1,50.2,220,220,FALSE
1/9/23 4:36,49.8,49.8,219,219,FALSE
1/9/23 4:38,49.9,49.8,220,219,FALSE
1/9/23 4:40,49.9,49.9,219,221,FALSE
1/9/23 4:42,50.1,50.1,221,221,FALSE
1/9/23 4:44,49.8,49.8,221,220,FALSE
1/9/23 4:46,50,50,221,220,FALSE
1/9/23 4:48,49.9,50,221,221,FALSE
1/9/23 4:50,49.9,49.9,222,220,FALSE
1/9/23 4:52,50.1,50,222,220,FALSE
1/9/23 4:54,49.7,49.6,221,220,FALSE
1/9/23 4:56,50.1,50,221,220,FALSE
1/9/23 4:58,50.1,50,221,220,FALSE
1/9/23 5:00,49.8,49.7,221,220,FALSE
1/9/23 5:02,50,50,221,219,FALSE
1/9/23 5:04,50.1,50.1,221,220,FALSE
1/9/23 5:06,50,50.1,221,220,FALSE
1/9/23 5:08,50,50.1,219,220,FALSE
1/9/23 5:10,49.9,49.9,219,219,FALSE
1/9/23 5:12,50,50,218,220,FALSE
1/9/23 5:14,50,50,219,219,FALSE
1/9/23 5:16,50,50,219,220,FALSE
1/9/23 5:18,49.9,49.8,218,219,FALSE
1/9/23 5:20,49.8,49.9,218,219,FALSE
1/9/23 5:22,49.7,49.7,221,218,FALSE
1/9/23 5:24,50.1,50.2,221,219,FALSE
1/9/23 5:26,49.7,49.7,219,219,FALSE
1/9/23 5:28,50,50,220,219,FALSE
1/9/23 5:30,50.1,50.1,220,219,FALSE
1/9/23 5:32,50,50,220,220,FALSE
1/9/23 5:34,49.9,50,220,219,FALSE
1/9/23 5:36,49.9,49.9,221,219,FALSE
1/9/23 5:38,50,50,221,219,FALSE
1/9/23 5:40,50,50,221,219,FALSE
1/9/23 5:42,50,49.9,221,219,FALSE
1/9/23 5:44,50.1,50.1,223,214,FALSE
1/9/23 5:46,50,50.1,223,214,FALSE
1/9/23 5:48,49.9,49.9,221,218,FALSE
1/9/23 5:50,50,50.1,219,219,FALSE
1/9/23 5:52,49.6,49.6,220,219,FALSE
1/9/23 5:54,50.1,50.2,220,219,FALSE
1/9/23 5:56,50.2,50.2,221,219,FALSE
1/9/23 5:58,49.7,49.9,221,219,FALSE
1/9/23 6:00,50,49.9,221,219,FALSE
1/9/23 6:02,50.2,50.1,224,219,FALSE
1/9/23 6:04,50.1,50.2,224,219,FALSE
1/9/23 6:06,49.8,49.7,223,219,FALSE
1/9/23 6:08,49.8,49.8,223,223,FALSE
1/9/23 6:10,50.1,50.1,224,223,FALSE
1/9/23 6:12,49.9,49.9,223,223,FALSE
1/9/23 6:14,50,50,223,224,FALSE
1/9/23 6:16,49.8,49.8,222,223,FALSE
1/9/23 6:18,50,50.1,222,223,FALSE
1/9/23 6:20,50,50,221,223,FALSE
1/9/23 6:22,50.1,50.1,222,223,FALSE
1/9/23 6:24,49.8,49.8,223,223,FALSE
1/9/23 6:26,49.9,49.9,221,223,FALSE
1/9/23 6:28,50,49.9,222,226,FALSE
1/9/23 6:30,49.9,49.8,219,226,FALSE
1/9/23 6:32,49.9,49.9,220,226,FALSE
1/9/23 6:34,50.1,50,220,230,FALSE
1/9/23 6:36,49.8,50,219,231,FALSE
1/9/23 6:38,50.1,50.1,221,230,FALSE
1/9/23 6:40,50,50.1,221,230,FALSE
1/9/23 6:42,49.8,49.8,224,230,FALSE
1/9/23 6:44,50.1,50.1,225,229,FALSE
1/9/23 6:46,49.8,49.9,224,229,FALSE
1/9/23 6:48,49.6,49.6,223,227,FALSE
1/9/23 6:50,50,50,224,228,FALSE
1/9/23 6:52,50.1,50.1,223,224,FALSE
1/9/23 6:54,50.2,50.2,223,224,FALSE
1/9/23 6:56,49.7,49.7,223,223,FALSE
1/9/23 6:58,50,50,223,223,FALSE
1/9/23 7:00,50.3,50.2,222,224,FALSE
1/9/23 7:02,50,49.9,222,224,FALSE
1/9/23 7:04,49.8,49.9,222,223,FALSE
1/9/23 7:06,50.3,50.4,223,224,FALSE
1/9/23 7:08,49.8,49.5,218,227,FALSE
1/9/23 7:10,50.1,50,218,227,FALSE
1/9/23 7:12,50,50.1,218,227,FALSE
1/9/23 7:14,50,50,218,227,FALSE
1/9/23 7:16,50.1,50.1,218,226,FALSE
1/9/23 7:18,49.7,49.7,216,226,FALSE
1/9/23 7:20,50,49.9,216,226,FALSE
1/9/23 7:22,50,50.1,218,226,FALSE
1/9/23 7:24,49.9,49.9,221,225,FALSE
1/9/23 7:26,50,50.1,221,226,FALSE
1/9/23 7:28,49.9,50,221,226,FALSE
1/9/23 7:30,50.1,50,221,222,FALSE
1/9/23 7:32,50.2,50.2,217,226,FALSE
1/9/23 7:34,50,49.9,217,220,FALSE
1/9/23 7:36,50.1,50.1,218,225,FALSE
1/9/23 7:38,49.8,49.9,216,219,FALSE
1/9/23 7:40,49.8,49.8,217,217,FALSE
1/9/23 7:42,50.1,50.1,219,223,FALSE
1/9/23 7:44,49.9,49.8,221,221,FALSE
1/9/23 7:46,50.1,50.2,221,223,FALSE
1/9/23 7:48,49.8,49.8,219,222,FALSE
1/9/23 7:50,49.6,49.7,221,222,FALSE
1/9/23 7:52,49.8,49.8,219,222,FALSE
1/9/23 7:54,49.8,49.8,218,220,FALSE
1/9/23 7:56,50.2,50.2,219,220,FALSE
1/9/23 7:58,50.5,50.5,220,215,FALSE
1/9/23 8:00,49.9,50,212,223,FALSE
1/9/23 8:02,50,50,211,224,FALSE
1/9/23 8:04,49.9,49.9,219,211,FALSE
1/9/23 8:06,49.8,49.8,220,212,FALSE
1/9/23 8:08,50.2,50.2,218,221,FALSE
1/9/23 8:10,50.2,50.1,216,220,FALSE
1/9/23 8:12,50,50,216,211,FALSE
1/9/23 8:14,49.8,49.9,217,211,FALSE
1/9/23 8:16,49.8,49.7,216,213,FALSE
1/9/23 8:18,49.9,49.9,216,209,FALSE
1/9/23 8:20,50.2,50.1,215,210,FALSE
1/9/23 8:22,49.9,49.9,216,218,FALSE
1/9/23 8:24,50,50.1,216,216,FALSE
1/9/23 8:26,50.1,50,216,217,FALSE
1/9/23 8:28,49.8,49.7,214,216,FALSE
1/9/23 8:30,50,50,214,216,FALSE
1/9/23 8:32,50.2,50.2,213,208,FALSE
1/9/23 8:34,50.4,50.4,213,214,FALSE
1/9/23 8:36,50,50,211,214,FALSE
1/9/23 8:38,49.9,50,212,211,FALSE
1/9/23 8:40,50.1,50.1,207,214,FALSE
1/9/23 8:42,49.8,49.8,211,209,FALSE
1/9/23 8:44,50.1,50,207,217,FALSE
1/9/23 8:46,49.9,49.9,211,213,FALSE
1/9/23 8:48,50.1,50.1,209,215,FALSE
1/9/23 8:50,49.7,49.7,209,216,FALSE
1/9/23 8:52,49.5,49.5,211,205,FALSE
1/9/23 8:54,49.8,49.8,213,207,FALSE
1/9/23 8:56,50,50,209,205,FALSE
1/9/23 8:58,49.9,49.9,211,202,FALSE
1/9/23 9:00,50.5,50.4,211,199,FALSE
1/9/23 9:02,50.4,50.3,211,203,FALSE
1/9/23 9:04,50.3,50.4,214,205,FALSE
1/9/23 9:06,50.1,50,215,203,FALSE
1/9/23 9:08,50,50,211,211,FALSE
1/9/23 9:10,49.9,49.9,208,207,FALSE
1/9/23 9:12,50,50,207,212,FALSE
1/9/23 9:14,50.2,50.1,209,206,FALSE
1/9/23 9:16,49.8,49.8,205,209,FALSE
1/9/23 9:18,50.1,50.1,208,205,FALSE
1/9/23 9:20,49.8,49.8,209,209,FALSE
1/9/23 9:22,49.9,49.9,207,207,FALSE
1/9/23 9:24,50.2,50.2,208,198,FALSE
1/9/23 9:26,49.8,49.8,208,203,FALSE
1/9/23 9:28,49.9,49.9,210,209,FALSE
1/9/23 9:30,50.2,50.2,211,209,FALSE
1/9/23 9:32,49.7,49.7,214,207,FALSE
1/9/23 9:34,49.8,49.9,208,209,FALSE
1/9/23 9:36,49.7,49.6,212,207,FALSE
1/9/23 9:38,49.6,49.7,211,207,FALSE
1/9/23 9:40,49.7,49.7,207,202,FALSE
1/9/23 9:42,50,50,210,194,FALSE
1/9/23 9:44,50.1,50,204,204,FALSE
1/9/23 9:46,50,50,207,204,FALSE
1/9/23 9:48,49.9,49.9,210,204,FALSE
1/9/23 9:50,50.2,50.3,206,209,FALSE
1/9/23 9:52,49.9,49.9,207,204,FALSE
1/9/23 9:54,49.9,49.8,208,204,FALSE
1/9/23 9:56,50.2,50.2,211,204,FALSE
1/9/23 9:58,49.9,49.9,207,204,FALSE
1/9/23 10:00,50.2,50.1,207,204,FALSE
1/9/23 10:02,50.1,50,205,205,FALSE
1/9/23 10:04,49.6,49.6,210,203,FALSE
1/9/23 10:06,50,50,207,209,FALSE
1/9/23 10:08,49.9,49.9,207,205,FALSE
1/9/23 10:10,49.8,49.8,209,207,FALSE
1/9/23 10:12,50,50,207,203,FALSE
1/9/23 10:14,49.8,49.8,207,207,FALSE
1/9/23 10:16,49.9,49.9,211,208,FALSE
1/9/23 10:18,50,50,209,208,FALSE
1/9/23 10:20,50.1,50.1,207,210,FALSE
1/9/23 10:22,50,50,209,207,FALSE
1/9/23 10:24,49.9,49.9,207,209,FALSE
1/9/23 10:26,50.3,50.3,209,207,FALSE
1/9/23 10:28,50.2,50.3,207,208,FALSE
1/9/23 10:30,49.6,49.6,204,203,FALSE
1/9/23 10:32,50.1,50.1,204,209,FALSE
1/9/23 10:34,49.7,49.7,202,208,FALSE
1/9/23 10:36,49.9,50,202,205,FALSE
1/9/23 10:38,50.1,50.1,202,200,FALSE
1/9/23 10:40,49.9,49.9,197,207,FALSE
1/9/23 10:42,49.9,49.9,209,205,FALSE
1/9/23 10:44,50,50,209,205,FALSE
1/9/23 10:46,50,50,206,208,FALSE
1/9/23 10:48,49.9,49.9,209,204,FALSE
1/9/23 10:50,49.9,49.9,209,204,FALSE
1/9/23 10:52,49.9,49.9,209,207,FALSE
1/9/23 10:54,49.7,49.8,204,207,FALSE
1/9/23 10:56,49.9,49.9,207,204,FALSE
1/9/23 10:58,50,50,207,206,FALSE
1/9/23 11:00,50.4,50.4,203,209,FALSE
1/9/23 11:02,50,49.9,202,207,FALSE
1/9/23 11:04,50,50.1,202,207,FALSE
1/9/23 11:06,49.9,49.9,203,207,FALSE
1/9/23 11:08,50.2,50.2,204,207,FALSE
1/9/23 11:10,50.1,50.1,204,201,FALSE
1/9/23 11:12,50.1,50.2,201,210,FALSE
1/9/23 11:14,49.8,49.8,199,209,FALSE
1/9/23 11:16,50,50,200,208,FALSE
1/9/23 11:18,50,50,204,209,FALSE
1/9/23 11:20,49.9,50,197,209,FALSE
1/9/23 11:22,50,49.9,203,207,FALSE
1/9/23 11:24,50.1,50.2,196,202,FALSE
1/9/23 11:26,49.8,49.8,199,207,FALSE
1/9/23 11:28,49.9,49.8,201,208,FALSE
1/9/23 11:30,50.1,50.1,204,209,FALSE
1/9/23 11:32,50,50,200,210,FALSE
1/9/23 11:34,49.6,49.7,194,202,FALSE
1/9/23 11:36,49.8,49.8,204,206,FALSE
1/9/23 11:38,50.2,50.1,202,204,FALSE
1/9/23 11:40,49.9,49.9,203,203,FALSE
1/9/23 11:42,49.9,50,202,190,FALSE
1/9/23 11:44,50.1,50,204,200,FALSE
1/9/23 11:46,50.2,50.2,197,204,FALSE
1/9/23 11:48,50,50,199,194,FALSE
1/9/23 11:50,50,50,203,203,FALSE
1/9/23 11:52,50.1,50.1,198,203,FALSE
1/9/23 11:54,50.2,50.2,197,203,FALSE
1/9/23 11:56,50.1,50,194,204,FALSE
1/9/23 11:58,50.2,50.2,192,205,FALSE
1/9/23 12:00,50.1,50,197,197,FALSE
1/9/23 12:02,50.1,50.1,197,203,FALSE
1/9/23 12:04,50,50,194,205,FALSE
1/9/23 12:06,50.1,50.1,199,207,FALSE
1/9/23 12:08,49.9,49.9,197,203,FALSE
1/9/23 12:10,49.8,49.8,201,202,FALSE
1/9/23 12:12,49.9,49.9,204,200,FALSE
1/9/23 12:14,50.2,50.2,199,206,FALSE
1/9/23 12:16,50.2,50.3,197,199,FALSE
1/9/23 12:18,50.1,50.1,202,207,FALSE
1/9/23 12:20,50,49.9,203,206,FALSE
1/9/23 12:22,50.1,50.1,207,203,FALSE
1/9/23 12:24,50,50,202,194,FALSE
1/9/23 12:26,50.2,50.2,207,195,FALSE
1/9/23 12:28,50.4,50.3,206,195,FALSE
1/9/23 12:30,50.2,50.2,204,203,FALSE
1/9/23 12:32,50.2,50.2,208,194,FALSE
1/9/23 12:34,49.8,49.9,200,199,FALSE
1/9/23 12:36,49.9,49.9,183,214,FALSE
1/9/23 12:38,50.1,50.2,199,211,FALSE
1/9/23 12:40,50.2,50.3,199,207,FALSE
1/9/23 12:42,49.9,49.8,192,210,FALSE
1/9/23 12:44,50,50,199,208,FALSE
1/9/23 12:46,50.1,50.2,199,208,FALSE
1/9/23 12:48,50.2,50.2,199,206,FALSE
1/9/23 12:50,50.1,50,197,209,FALSE
1/9/23 12:52,49.8,49.9,199,206,FALSE
1/9/23 12:54,49.8,49.7,199,209,FALSE
1/9/23 12:56,50.1,50,202,209,FALSE
1/9/23 12:58,49.7,49.8,204,209,FALSE
1/9/23 13:00,50.2,50.3,205,207,FALSE
1/9/23 13:02,49.9,49.8,199,212,FALSE
1/9/23 13:04,49.7,49.7,201,209,FALSE
1/9/23 13:06,49.8,49.7,206,209,FALSE
1/9/23 13:08,49.9,50,204,214,FALSE
1/9/23 13:10,50,50,202,211,FALSE
1/9/23 13:12,50,50,202,211,FALSE
1/9/23 13:14,50,50,201,213,FALSE
1/9/23 13:16,49.7,49.8,199,211,FALSE
1/9/23 13:18,50,49.9,189,213,FALSE
1/9/23 13:20,50.1,50,197,211,FALSE
1/9/23 13:22,50.1,50.1,196,209,FALSE
1/9/23 13:24,49.8,49.8,197,203,FALSE
1/9/23 13:26,50,49.9,202,205,FALSE
1/9/23 13:28,50.3,50.2,201,204,FALSE
1/9/23 13:30,50,49.9,201,207,FALSE
1/9/23 13:32,49.8,49.8,198,206,FALSE
1/9/23 13:34,49.9,49.9,198,204,FALSE
1/9/23 13:36,49.9,49.9,204,213,FALSE
1/9/23 13:38,49.9,49.9,204,216,FALSE
1/9/23 13:40,50,50.1,204,218,FALSE
1/9/23 13:42,50,50,198,214,FALSE
1/9/23 13:44,50,50,193,218,FALSE
1/9/23 13:46,49.9,49.9,192,207,FALSE
1/9/23 13:48,49.8,49.8,192,212,FALSE
1/9/23 13:50,50.1,50.2,191,215,FALSE
1/9/23 13:52,50.1,50.2,194,209,FALSE
1/9/23 13:54,49.7,49.8,201,212,FALSE
1/9/23 13:56,49.8,49.9,201,212,FALSE
1/9/23 13:58,50.1,50,209,209,FALSE
1/9/23 14:00,49.7,49.8,204,204,FALSE
1/9/23 14:02,49.9,49.8,209,204,FALSE
1/9/23 14:04,50.1,50.2,199,211,FALSE
1/9/23 14:06,50.1,50.1,207,210,FALSE
1/9/23 14:08,50.2,50.2,201,204,FALSE
1/9/23 14:10,49.8,49.8,204,202,FALSE
1/9/23 14:12,49.8,49.7,202,211,FALSE
1/9/23 14:14,50.1,50,204,199,FALSE
1/9/23 14:16,50.1,50.1,208,209,FALSE
1/9/23 14:18,50.1,50.1,211,204,FALSE
1/9/23 14:20,50,49.9,205,210,FALSE
1/9/23 14:22,49.9,49.9,205,209,FALSE
1/9/23 14:24,50,49.9,210,210,FALSE
1/9/23 14:26,50.1,50.1,212,210,FALSE
1/9/23 14:28,50.6,50.5,211,209,FALSE
1/9/23 14:30,49.6,49.7,210,207,FALSE
1/9/23 14:32,50,50,209,209,FALSE
1/9/23 14:34,49.8,49.9,209,204,FALSE
1/9/23 14:36,50.1,50.2,203,210,FALSE
1/9/23 14:38,49.9,49.8,209,203,FALSE
1/9/23 14:40,49.9,50,207,207,FALSE
1/9/23 14:42,50.2,50.2,202,209,FALSE
1/9/23 14:44,50,50.1,207,203,FALSE
1/9/23 14:46,50.3,50.3,208,204,FALSE
1/9/23 14:48,50.2,50.2,208,204,FALSE
1/9/23 14:50,50,50,204,209,FALSE
1/9/23 14:52,50.3,50.3,203,209,FALSE
1/9/23 14:54,50.4,50.4,202,209,FALSE
1/9/23 14:56,50.6,50.6,198,204,FALSE
1/9/23 14:58,50.5,50.5,203,201,FALSE
1/9/23 15:00,50,50,202,201,FALSE
1/9/23 15:02,49.8,49.8,203,207,FALSE
1/9/23 15:04,50,50,204,202,FALSE
1/9/23 15:06,50.1,50,201,205,FALSE
1/9/23 15:08,50.1,50,209,202,FALSE
1/9/23 15:10,49.9,49.8,209,202,FALSE
1/9/23 15:12,49.6,49.7,209,200,FALSE
1/9/23 15:14,49.6,49.6,209,207,FALSE
1/9/23 15:16,49.5,49.4,209,201,FALSE
1/9/23 15:18,50,50,212,207,FALSE
1/9/23 15:20,50,50,214,206,FALSE
1/9/23 15:22,49.7,49.7,214,207,FALSE
1/9/23 15:24,49.8,49.7,211,210,FALSE
1/9/23 15:26,49.8,49.7,212,206,FALSE
1/9/23 15:28,49.9,49.9,213,209,FALSE
1/9/23 15:30,50,50,213,208,FALSE
1/9/23 15:32,50.1,50.1,211,201,FALSE
1/9/23 15:34,50,50,209,209,FALSE
1/9/23 15:36,49.9,49.9,214,209,FALSE
1/9/23 15:38,50.3,50.2,211,207,FALSE
1/9/23 15:40,49.9,49.9,211,207,FALSE
1/9/23 15:42,50,50,211,208,FALSE
1/9/23 15:44,49.8,49.8,206,207,FALSE
1/9/23 15:46,49.9,49.7,211,207,FALSE
1/9/23 15:48,50.3,50.3,214,206,FALSE
1/9/23 15:50,49.9,49.8,214,204,FALSE
1/9/23 15:52,50.1,50.2,212,207,FALSE
1/9/23 15:54,50,50,213,203,FALSE
1/9/23 15:56,49.8,49.8,209,208,FALSE
1/9/23 15:58,49.9,49.8,208,201,FALSE
1/9/23 16:00,49.5,49.5,213,208,FALSE
1/9/23 16:02,49.6,49.6,211,207,FALSE
1/9/23 16:04,49.9,49.9,207,208,FALSE
1/9/23 16:06,50.2,50.2,212,207,FALSE
1/9/23 16:08,50.5,50.4,214,209,FALSE
1/9/23 16:10,50.1,50.2,213,209,FALSE
1/9/23 16:12,50.2,50.2,209,207,FALSE
1/9/23 16:14,50.1,50.1,211,202,FALSE
1/9/23 16:16,50.1,50,210,202,FALSE
1/9/23 16:18,50,49.9,210,208,FALSE
1/9/23 16:20,50,50.1,210,207,FALSE
1/9/23 16:22,50.2,50.2,209,209,FALSE
1/9/23 16:24,50.2,50.2,209,209,FALSE
1/9/23 16:26,49.9,49.9,209,207,FALSE
1/9/23 16:28,49.9,49.9,207,207,FALSE
1/9/23 16:30,49.8,49.8,212,207,FALSE
1/9/23 16:32,49.7,49.7,214,209,FALSE
1/9/23 16:34,49.8,49.8,206,211,FALSE
1/9/23 16:36,49.9,49.9,213,206,FALSE
1/9/23 16:38,49.8,49.8,209,211,FALSE
1/9/23 16:40,49.6,49.6,211,210,FALSE
1/9/23 16:42,49.6,49.6,211,206,FALSE
1/9/23 16:44,50.1,50.1,213,209,FALSE
1/9/23 16:46,50.2,50.3,212,209,FALSE
1/9/23 16:48,50,50,211,209,FALSE
1/9/23 16:50,49.9,49.9,211,209,FALSE
1/9/23 16:52,49.9,49.9,211,209,FALSE
1/9/23 16:54,50.5,50.5,211,206,FALSE
1/9/23 16:56,50.4,50.3,209,209,FALSE
1/9/23 16:58,50.3,50.3,207,211,FALSE
1/9/23 17:00,50.7,50.8,207,209,FALSE
1/9/23 17:02,50.4,50.4,209,209,FALSE
1/9/23 17:04,50.3,50.3,211,207,FALSE
1/9/23 17:06,49.9,49.9,209,200,FALSE
1/9/23 17:08,50.1,50.2,209,210,FALSE
1/9/23 17:10,50.2,50.2,212,211,FALSE
1/9/23 17:12,50.1,50.1,211,211,FALSE
1/9/23 17:14,49.9,50,205,209,FALSE
1/9/23 17:16,49.6,49.6,209,210,FALSE
1/9/23 17:18,49.9,49.9,206,213,FALSE
1/9/23 17:20,50,50,209,210,FALSE
1/9/23 17:22,50.1,50.1,205,212,FALSE
1/9/23 17:24,49.9,49.9,210,209,FALSE
1/9/23 17:26,50.2,50.1,208,211,FALSE
1/9/23 17:28,49.9,49.9,209,211,FALSE
1/9/23 17:30,49.9,50,208,211,FALSE
1/9/23 17:32,50,50.1,212,210,FALSE
1/9/23 17:34,49.8,49.7,208,204,FALSE
1/9/23 17:36,49.9,49.9,210,207,FALSE
1/9/23 17:38,50.3,50.3,210,207,FALSE
1/9/23 17:40,50,49.9,212,204,FALSE
1/9/23 17:42,50.1,50.1,209,207,FALSE
1/9/23 17:44,50.2,50.2,209,207,FALSE
1/9/23 17:46,50.1,50.1,210,207,FALSE
1/9/23 17:48,50,50.1,210,205,FALSE
1/9/23 17:50,50.1,50.2,212,206,FALSE
1/9/23 17:52,50.1,50.1,211,206,FALSE
1/9/23 17:54,50,50,211,207,FALSE
1/9/23 17:56,49.8,49.9,211,207,FALSE
1/9/23 17:58,49.6,49.6,216,207,FALSE
1/9/23 18:00,49.5,49.6,217,205,FALSE
1/9/23 18:02,49.6,49.6,211,204,FALSE
1/9/23 18:04,49.9,49.9,207,207,FALSE
1/9/23 18:06,49.9,49.9,211,205,FALSE
1/9/23 18:08,50,50.1,211,204,FALSE
1/9/23 18:10,50,50,210,205,FALSE
1/9/23 18:12,50.1,50.1,212,203,FALSE
1/9/23 18:14,50.4,50.3,211,202,FALSE
1/9/23 18:16,49.9,49.9,210,199,FALSE
1/9/23 18:18,50,50,207,199,FALSE
1/9/23 18:20,49.8,49.8,208,199,FALSE
1/9/23 18:22,49.7,49.7,207,200,FALSE
1/9/23 18:24,49.6,49.6,207,199,FALSE
1/9/23 18:26,49.8,49.9,209,197,FALSE
1/9/23 18:28,50,50,209,194,FALSE
1/9/23 18:30,50.2,50.2,209,196,FALSE
1/9/23 18:32,49.8,49.9,211,195,FALSE
1/9/23 18:34,49.6,49.7,211,194,FALSE
1/9/23 18:36,49.5,49.5,211,195,FALSE
1/9/23 18:38,49.9,49.9,210,196,FALSE
1/9/23 18:40,50.4,50.5,211,197,FALSE
1/9/23 18:42,50.7,50.7,211,197,FALSE
1/9/23 18:44,50.2,50.2,211,197,FALSE
1/9/23 18:46,50.1,50.1,211,197,FALSE
1/9/23 18:48,50.1,50.1,211,197,FALSE
1/9/23 18:50,50,50,211,197,FALSE
1/9/23 18:52,49.7,49.7,211,197,FALSE
1/9/23 18:54,49.6,49.7,211,197,FALSE
1/9/23 18:56,49.9,49.9,209,197,FALSE
1/9/23 18:58,49.9,49.9,210,194,FALSE
1/9/23 19:00,49.8,49.8,210,194,FALSE
1/9/23 19:02,49.7,49.8,210,200,FALSE
1/9/23 19:04,49.8,49.9,210,201,FALSE
1/9/23 19:06,49.8,49.8,210,201,FALSE
1/9/23 19:08,49.9,49.9,210,201,FALSE
1/9/23 19:10,49.7,49.8,209,202,FALSE
1/9/23 19:12,50,50,214,202,FALSE
1/9/23 19:14,49.8,49.8,213,203,FALSE
1/9/23 19:16,49.8,49.8,214,203,FALSE
1/9/23 19:18,50.2,50.2,214,204,FALSE
1/9/23 19:20,50.4,50.4,214,202,FALSE
1/9/23 19:22,50,50,214,202,FALSE
1/9/23 19:24,50.1,50.1,216,204,FALSE
1/9/23 19:26,49.9,49.9,216,204,FALSE
1/9/23 19:28,49.9,49.8,216,204,FALSE
1/9/23 19:30,50.1,50.1,216,204,FALSE
1/9/23 19:32,50,50,216,204,FALSE
1/9/23 19:34,49.8,49.9,216,204,FALSE
1/9/23 19:36,49.8,49.9,216,205,FALSE
1/9/23 19:38,49.8,49.8,214,206,FALSE
1/9/23 19:40,49.7,49.7,215,206,FALSE
1/9/23 19:42,49.9,49.9,214,206,FALSE
1/9/23 19:44,49.8,49.7,216,206,FALSE
1/9/23 19:46,49.9,49.9,216,206,FALSE
1/9/23 19:48,49.8,49.8,216,207,FALSE
1/9/23 19:50,49.8,49.8,216,207,FALSE
1/9/23 19:52,50,50,217,206,FALSE
1/9/23 19:54,49.9,49.9,218,207,FALSE
1/9/23 19:56,50,50.1,219,207,FALSE
1/9/23 19:58,49.9,49.9,218,207,FALSE
1/9/23 20:00,49.5,49.6,218,207,FALSE
1/9/23 20:02,49.9,49.8,219,207,FALSE
1/9/23 20:04,50.1,50.1,219,208,FALSE
1/9/23 20:06,49.9,49.9,219,207,FALSE
1/9/23 20:08,50,50,220,208,FALSE
1/9/23 20:10,49.9,49.9,220,208,FALSE
1/9/23 20:12,49.9,49.8,221,208,FALSE
1/9/23 20:14,49.9,49.9,221,209,FALSE
1/9/23 20:16,49.9,49.8,221,209,FALSE
1/9/23 20:18,50,49.9,219,209,FALSE
1/9/23 20:20,49.8,49.8,217,209,FALSE
1/9/23 20:22,49.9,49.9,218,209,FALSE
1/9/23 20:24,49.7,49.8,217,209,FALSE
1/9/23 20:26,49.8,49.8,222,210,FALSE
1/9/23 20:28,49.9,49.9,223,211,FALSE
1/9/23 20:30,50.1,50.1,220,211,FALSE
1/9/23 20:32,50.1,50.1,218,210,FALSE
1/9/23 20:34,49.9,49.9,221,211,FALSE
1/9/23 20:36,50,49.9,221,209,FALSE
1/9/23 20:38,49.9,49.9,221,210,FALSE
1/9/23 20:40,49.9,49.9,221,210,FALSE
1/9/23 20:42,49.8,49.8,221,210,FALSE
1/9/23 20:44,49.9,49.9,221,210,FALSE
1/9/23 20:46,49.9,49.8,221,210,FALSE
1/9/23 20:48,50,50,221,209,FALSE
1/9/23 20:50,50,50,221,209,FALSE
1/9/23 20:52,49.9,49.9,221,209,FALSE
1/9/23 20:54,49.9,50,221,210,FALSE
1/9/23 20:56,50,49.9,221,210,FALSE
1/9/23 20:58,49.8,49.9,222,207,FALSE
1/9/23 21:00,50.1,50.1,223,204,FALSE
1/9/23 21:02,50.1,50,223,204,FALSE
1/9/23 21:04,50.1,50.3,221,205,FALSE
1/9/23 21:06,50.1,50,219,211,FALSE
1/9/23 21:08,50.1,50.1,219,211,FALSE
1/9/23 21:10,50.1,50.1,219,212,FALSE
1/9/23 21:12,50.1,50.1,219,207,FALSE
1/9/23 21:14,49.9,49.9,220,212,FALSE
1/9/23 21:16,49.8,49.9,221,212,FALSE
1/9/23 21:18,49.9,49.9,221,212,FALSE
1/9/23 21:20,49.8,49.8,216,215,FALSE
1/9/23 21:22,49.8,49.8,215,215,FALSE
1/9/23 21:24,49.9,49.9,220,214,FALSE
1/9/23 21:26,49.9,50,221,214,FALSE
1/9/23 21:28,50,50.1,220,214,FALSE
1/9/23 21:30,50.1,50.1,221,214,FALSE
1/9/23 21:32,50.1,50.1,220,213,FALSE
1/9/23 21:34,50,50,220,214,FALSE
1/9/23 21:36,49.9,49.9,219,214,FALSE
1/9/23 21:38,49.9,49.9,219,214,FALSE
1/9/23 21:40,49.9,49.9,220,214,FALSE
1/9/23 21:42,49.9,49.9,217,214,FALSE
1/9/23 21:44,50,50,218,214,FALSE
1/9/23 21:46,50,50,218,214,FALSE
1/9/23 21:48,50,49.9,217,213,FALSE
1/9/23 21:50,50,50,217,209,FALSE
1/9/23 21:52,49.8,49.8,217,214,FALSE
1/9/23 21:54,49.9,49.9,217,212,FALSE
1/9/23 21:56,49.9,49.9,220,213,FALSE
1/9/23 21:58,50,50,219,213,FALSE
1/9/23 22:00,49.7,49.7,219,214,FALSE
1/9/23 22:02,49.9,49.8,219,214,FALSE
1/9/23 22:04,50,50,219,214,FALSE
1/9/23 22:06,49.9,49.9,218,214,FALSE
1/9/23 22:08,50,50,219,214,FALSE
1/9/23 22:10,49.9,49.9,219,214,FALSE
1/9/23 22:12,49.9,50,217,215,FALSE
1/9/23 22:14,49.9,49.9,217,220,FALSE
1/9/23 22:16,49.9,49.9,217,221,FALSE
1/9/23 22:18,50,50,218,217,FALSE
1/9/23 22:20,50,50,215,220,FALSE
1/9/23 22:22,50.1,50.1,216,220,FALSE
1/9/23 22:24,50.1,50.1,216,221,FALSE
1/9/23 22:26,50,50,217,220,FALSE
1/9/23 22:28,50.1,50.1,217,219,FALSE
1/9/23 22:30,49.8,49.9,217,219,FALSE
1/9/23 22:32,50.1,50,217,219,FALSE
1/9/23 22:34,49.8,49.8,217,220,FALSE
1/9/23 22:36,50,50,219,221,FALSE
1/9/23 22:38,49.9,49.8,219,220,FALSE
1/9/23 22:40,49.7,49.7,219,220,FALSE
1/9/23 22:42,50,50,219,221,FALSE
1/9/23 22:44,50.2,50.2,220,221,FALSE
1/9/23 22:46,50,50,220,221,FALSE
1/9/23 22:48,49.8,49.8,220,221,FALSE
1/9/23 22:50,49.5,49.6,219,220,FALSE
1/9/23 22:52,50.2,50.2,220,221,FALSE
1/9/23 22:54,50,50,219,221,FALSE
1/9/23 22:56,50,49.9,220,221,FALSE
1/9/23 22:58,49.9,49.9,221,221,FALSE
1/9/23 23:00,50.1,50.1,221,221,FALSE
1/9/23 23:02,49.9,50,218,221,FALSE
1/9/23 23:04,50,50,219,221,FALSE
1/9/23 23:06,49.8,49.8,219,221,FALSE
1/9/23 23:08,50.1,50.1,218,221,FALSE
1/9/23 23:10,50,50,218,221,FALSE
1/9/23 23:12,50.1,50.1,219,221,FALSE
1/9/23 23:14,50,50,219,222,FALSE
1/9/23 23:16,50.1,50.1,221,221,FALSE
1/9/23 23:18,49.8,49.8,220,221,FALSE
1/9/23 23:20,49.9,49.9,221,222,FALSE
1/9/23 23:22,49.9,50,221,222,FALSE
1/9/23 23:24,49.8,49.7,221,221,FALSE
1/9/23 23:26,49.8,49.9,221,221,FALSE
1/9/23 23:28,50,50.1,220,222,FALSE
1/9/23 23:30,50,49.9,221,222,FALSE
1/9/23 23:32,50,50,220,222,FALSE
1/9/23 23:34,50.1,50.2,221,222,FALSE
1/9/23 23:36,50.1,49.9,221,221,FALSE
1/9/23 23:38,49.9,49.8,221,221,FALSE
1/9/23 23:40,50,50,221,222,FALSE
1/9/23 23:42,50.2,50.2,219,222,FALSE
1/9/23 23:44,49.9,50,218,222,FALSE
1/9/23 23:46,49.9,50,219,222,FALSE
1/9/23 23:48,49.9,49.8,219,222,FALSE
1/9/23 23:50,50,50,219,222,FALSE
1/9/23 23:52,50.1,50,219,222,FALSE
1/9/23 23:54,50.1,50,219,223,FALSE
1/9/23 23:56,49.9,49.9,221,222,FALSE
1/9/23 23:58,50,50,221,223,FALSE
1/10/23 0:00,50,50,221,221,FALSE
1/10/23 0:02,50.1,50.1,221,222,FALSE
1/10/23 0:04,50,49.9,218,223,FALSE
1/10/23 0:06,49.9,50,220,222,FALSE
1/10/23 0:08,49.3,49.3,220,221,FALSE
1/10/23 0:10,50,50,221,221,FALSE
1/10/23 0:12,50,50,221,221,FALSE
1/10/23 0:14,49.9,49.9,220,222,FALSE
1/10/23 0:16,50,50,221,222,FALSE
1/10/23 0:18,50.1,50.1,221,221,FALSE
1/10/23 0:20,49.9,49.8,221,221,FALSE
1/10/23 0:22,50,50,221,222,FALSE
1/10/23 0:24,50,50,218,222,FALSE
1/10/23 0:26,50,49.9,218,222,FALSE
1/10/23 0:28,50,50,218,222,FALSE
1/10/23 0:30,50.1,50,218,223,FALSE
1/10/23 0:32,50,49.9,218,222,FALSE
1/10/23 0:34,50,50,219,223,FALSE
1/10/23 0:36,49.9,49.9,220,222,FALSE
1/10/23 0:38,49.9,50,222,222,FALSE
1/10/23 0:40,50,50,221,222,FALSE
1/10/23 0:42,50,49.9,221,222,FALSE
1/10/23 0:44,49.9,49.8,221,222,FALSE
1/10/23 0:46,50,50,221,222,FALSE
1/10/23 0:48,50,50,221,222,FALSE
1/10/23 0:50,49.9,49.9,221,222,FALSE
1/10/23 0:52,50.1,50.1,221,222,FALSE
1/10/23 0:54,50,49.9,221,222,FALSE
1/10/23 0:56,49.9,50,221,222,FALSE
1/10/23 0:58,50.1,50,222,222,FALSE
1/10/23 1:00,50,50,222,222,FALSE
1/10/23 1:02,50,49.9,221,223,FALSE
1/10/23 1:04,49.9,49.9,219,223,FALSE
1/10/23 1:06,49.9,49.8,219,223,FALSE
1/10/23 1:08,49.9,50,219,223,FALSE
1/10/23 1:10,50.1,50.1,219,223,FALSE
1/10/23 1:12,50,50,219,223,FALSE
1/10/23 1:14,49.9,49.9,219,223,FALSE
1/10/23 1:16,49.8,49.8,219,222,FALSE
1/10/23 1:18,50,50,223,223,FALSE
1/10/23 1:20,49.9,50,223,222,FALSE
1/10/23 1:22,49.9,50,223,223,FALSE
1/10/23 1:24,49.9,49.9,223,223,FALSE
1/10/23 1:26,50,50,223,223,FALSE
1/10/23 1:28,50,50,223,223,FALSE
1/10/23 1:30,49.9,49.9,223,223,FALSE
1/10/23 1:32,50,50,223,223,FALSE
1/10/23 1:34,49.9,50,223,223,FALSE
1/10/23 1:36,50,50.1,223,223,FALSE
1/10/23 1:38,49.9,50,223,223,FALSE
1/10/23 1:40,50,50,223,223,FALSE
1/10/23 1:42,49.9,49.9,223,223,FALSE
1/10/23 1:44,49.9,49.9,220,223,FALSE
1/10/23 1:46,49.8,49.8,220,222,FALSE
1/10/23 1:48,49.9,49.9,220,223,FALSE
1/10/23 1:50,50,50,221,222,FALSE
1/10/23 1:52,50,50,219,223,FALSE
1/10/23 1:54,50,50,219,223,FALSE
1/10/23 1:56,50,49.9,219,223,FALSE
1/10/23 1:58,50,50,221,223,FALSE
1/10/23 2:00,49.9,50,220,223,FALSE
1/10/23 2:02,49.9,49.9,220,223,FALSE
1/10/23 2:04,50.1,50,221,223,FALSE
1/10/23 2:06,50,50,221,223,FALSE
1/10/23 2:08,50.1,50.1,221,223,FALSE
1/10/23 2:10,50,50,220,223,FALSE
1/10/23 2:12,50,50,220,223,FALSE
1/10/23 2:14,49.9,49.9,220,223,FALSE
1/10/23 2:16,50,50,220,223,FALSE
1/10/23 2:18,50,50,221,223,FALSE
1/10/23 2:20,50,50,221,223,FALSE
1/10/23 2:22,50,50,221,223,FALSE
1/10/23 2:24,49.9,49.9,220,223,FALSE
1/10/23 2:26,49.8,49.8,219,223,FALSE
1/10/23 2:28,50,50,219,223,FALSE
1/10/23 2:30,50,50,219,223,FALSE
1/10/23 2:32,49.9,49.9,219,223,FALSE
1/10/23 2:34,50,50,219,223,FALSE
1/10/23 2:36,49.9,49.9,219,223,FALSE
1/10/23 2:38,50,50,222,223,FALSE
1/10/23 2:40,50,50,221,223,FALSE
1/10/23 2:42,50,50.1,222,223,FALSE
1/10/23 2:44,50.1,50.1,221,223,FALSE
1/10/23 2:46,50,50,221,223,FALSE
1/10/23 2:48,49.9,49.9,221,223,FALSE
1/10/23 2:50,49.9,49.9,221,223,FALSE
1/10/23 2:52,49.8,49.8,221,223,FALSE
1/10/23 2:54,49.9,49.9,221,223,FALSE
1/10/23 2:56,49.8,49.8,221,223,FALSE
1/10/23 2:58,49.9,49.9,221,223,FALSE
1/10/23 3:00,50,49.9,221,223,FALSE
1/10/23 3:02,49.9,49.9,221,223,FALSE
1/10/23 3:04,50,50,222,223,FALSE
1/10/23 3:06,50.1,50.1,220,223,FALSE
1/10/23 3:08,49.9,49.8,219,223,FALSE
1/10/23 3:10,50.1,50.1,219,223,FALSE
1/10/23 3:12,50.1,50.1,220,223,FALSE
1/10/23 3:14,50,50,220,223,FALSE
1/10/23 3:16,49.8,49.8,220,223,FALSE
1/10/23 3:18,50,50,221,223,FALSE
1/10/23 3:20,49.9,49.8,221,222,FALSE
1/10/23 3:22,49.9,49.9,221,222,FALSE
1/10/23 3:24,50,50,221,223,FALSE
1/10/23 3:26,50,50,221,223,FALSE
1/10/23 3:28,50.1,50.1,221,223,FALSE
1/10/23 3:30,50,50,221,223,FALSE
1/10/23 3:32,49.9,49.9,221,223,FALSE
1/10/23 3:34,49.9,49.9,221,223,FALSE
1/10/23 3:36,49.9,49.9,221,223,FALSE
1/10/23 3:38,50.1,50.1,221,223,FALSE
1/10/23 3:40,49.9,50,221,223,FALSE
1/10/23 3:42,49.9,49.9,221,222,FALSE
1/10/23 3:44,50,50,219,222,FALSE
1/10/23 3:46,50,50,219,222,FALSE
1/10/23 3:48,49.9,49.9,219,222,FALSE
1/10/23 3:50,50.1,50.1,218,222,FALSE
1/10/23 3:52,50.2,50.2,218,223,FALSE
1/10/23 3:54,49.9,49.9,218,222,FALSE
1/10/23 3:56,49.9,49.9,219,222,FALSE
1/10/23 3:58,49.9,50,221,223,FALSE
1/10/23 4:00,50,50.1,221,223,FALSE
1/10/23 4:02,50.1,50,221,223,FALSE
1/10/23 4:04,49.9,49.9,221,222,FALSE
1/10/23 4:06,50.1,50.1,221,223,FALSE
1/10/23 4:08,50,50,222,217,FALSE
1/10/23 4:10,49.9,49.9,220,217,FALSE
1/10/23 4:12,49.9,49.9,221,217,FALSE
1/10/23 4:14,50,49.9,221,217,FALSE
1/10/23 4:16,49.9,49.9,221,216,FALSE
1/10/23 4:18,50,49.9,221,217,FALSE
1/10/23 4:20,50.2,50.1,221,217,FALSE
1/10/23 4:22,49.9,49.9,221,216,FALSE
1/10/23 4:24,50,50,221,216,FALSE
1/10/23 4:26,50.1,50,219,216,FALSE
1/10/23 4:28,50,50.1,219,216,FALSE
1/10/23 4:30,49.9,49.9,219,217,FALSE
1/10/23 4:32,49.6,49.7,219,217,FALSE
1/10/23 4:34,49.9,49.9,219,217,FALSE
1/10/23 4:36,50.1,50.1,219,217,FALSE
1/10/23 4:38,49.9,50,221,216,FALSE
1/10/23 4:40,50.3,50.3,222,217,FALSE
1/10/23 4:42,50,50,221,217,FALSE
1/10/23 4:44,49.6,49.7,223,217,FALSE
1/10/23 4:46,49.7,49.8,223,217,FALSE
1/10/23 4:48,50,50,223,217,FALSE
1/10/23 4:50,50,50,227,219,FALSE
1/10/23 4:52,50,50,228,219,FALSE
1/10/23 4:54,49.9,49.9,222,217,FALSE
1/10/23 4:56,49.9,49.9,222,216,FALSE
1/10/23 4:58,50,50,221,216,FALSE
1/10/23 5:00,49.9,49.9,221,216,FALSE
1/10/23 5:02,50.1,50,221,216,FALSE
1/10/23 5:04,49.9,49.9,219,216,FALSE
1/10/23 5:06,49.9,49.9,219,216,FALSE
1/10/23 5:08,50,50.1,224,218,FALSE
1/10/23 5:10,50.1,50,224,218,FALSE
1/10/23 5:12,49.7,49.7,223,217,FALSE
1/10/23 5:14,50,50,223,217,FALSE
1/10/23 5:16,50.1,50,223,217,FALSE
1/10/23 5:18,50,49.9,226,216,FALSE
1/10/23 5:20,49.7,49.7,225,217,FALSE
1/10/23 5:22,50,50,226,218,FALSE
1/10/23 5:24,50,50,222,216,FALSE
1/10/23 5:26,49.9,49.9,226,218,FALSE
1/10/23 5:28,49.8,49.8,226,218,FALSE
1/10/23 5:30,50.1,50.1,226,218,FALSE
1/10/23 5:32,50,50,227,217,FALSE
1/10/23 5:34,50,50,227,217,FALSE
1/10/23 5:36,49.8,49.8,227,217,FALSE
1/10/23 5:38,50,50,226,218,FALSE
1/10/23 5:40,49.9,49.9,226,217,FALSE
1/10/23 5:42,50.1,50.1,226,217,FALSE
1/10/23 5:44,49.8,49.7,219,216,FALSE
1/10/23 5:46,49.7,49.7,219,216,FALSE
1/10/23 5:48,50.1,50,219,216,FALSE
1/10/23 5:50,50,50,219,216,FALSE
1/10/23 5:52,50,50.1,219,215,FALSE
1/10/23 5:54,50,50,219,215,FALSE
1/10/23 5:56,49.7,49.7,218,219,FALSE
1/10/23 5:58,50.3,50.4,221,220,FALSE
1/10/23 6:00,49.9,49.9,221,220,FALSE
1/10/23 6:02,50.2,50.2,221,221,FALSE
1/10/23 6:04,49.8,49.8,221,220,FALSE
1/10/23 6:06,50.1,50.1,221,221,FALSE
1/10/23 6:08,50.3,50.3,221,221,FALSE
1/10/23 6:10,50,49.9,222,220,FALSE
1/10/23 6:12,50,49.9,221,219,FALSE
1/10/23 6:14,50.1,50.1,221,219,FALSE
1/10/23 6:16,49.9,49.9,221,219,FALSE
1/10/23 6:18,50,49.9,222,219,FALSE
1/10/23 6:20,50,50,222,219,FALSE
1/10/23 6:22,49.8,49.8,221,218,FALSE
1/10/23 6:24,50.4,50.4,219,219,FALSE
1/10/23 6:26,50,50.1,219,219,FALSE
1/10/23 6:28,49.8,49.9,219,219,FALSE
1/10/23 6:30,50,50,219,219,FALSE
1/10/23 6:32,49.8,49.8,219,221,FALSE
1/10/23 6:34,49.8,49.8,218,222,FALSE
1/10/23 6:36,50.1,50.1,223,222,FALSE
1/10/23 6:38,50.1,50.1,223,220,FALSE
1/10/23 6:40,50.1,50.1,223,222,FALSE
1/10/23 6:42,49.7,49.8,223,221,FALSE
1/10/23 6:44,50,50,222,226,FALSE
1/10/23 6:46,49.9,49.8,223,226,FALSE
1/10/23 6:48,49.7,49.7,223,226,FALSE
1/10/23 6:50,49.6,49.6,221,226,FALSE
1/10/23 6:52,50.1,50,221,226,FALSE
1/10/23 6:54,49.9,49.9,221,226,FALSE
1/10/23 6:56,50,50,221,226,FALSE
1/10/23 6:58,49.7,49.7,222,223,FALSE
1/10/23 7:00,50.1,50,221,225,FALSE
1/10/23 7:02,50.1,50.1,219,225,FALSE
1/10/23 7:04,49.8,49.8,218,226,FALSE
1/10/23 7:06,49.6,49.6,219,225,FALSE
1/10/23 7:08,49.8,49.7,217,226,FALSE
1/10/23 7:10,50.1,50.1,218,226,FALSE
1/10/23 7:12,50.2,50.2,218,221,FALSE
1/10/23 7:14,49.8,49.9,208,225,FALSE
1/10/23 7:16,50,50,219,221,FALSE
1/10/23 7:18,49.6,49.7,219,220,FALSE
1/10/23 7:20,50,50,221,221,FALSE
1/10/23 7:22,49.8,50,221,219,FALSE
1/10/23 7:24,50.1,50.1,221,217,FALSE
1/10/23 7:26,50.6,50.6,221,218,FALSE
1/10/23 7:28,50,50,221,216,FALSE
1/10/23 7:30,50,50.1,221,217,FALSE
1/10/23 7:32,50.2,50.2,222,217,FALSE
1/10/23 7:34,49.7,49.4,218,217,FALSE
1/10/23 7:36,49.4,49.3,218,216,FALSE
1/10/23 7:38,50,50,219,218,FALSE
1/10/23 7:40,50.4,50.7,219,217,FALSE
1/10/23 7:42,49.9,50,216,216,FALSE
1/10/23 7:44,50.1,50.1,216,216,FALSE
1/10/23 7:46,49.9,50,213,216,FALSE
1/10/23 7:48,50,50.1,216,214,FALSE
1/10/23 7:50,49.9,49.9,215,215,FALSE
1/10/23 7:52,50,50,216,215,FALSE
1/10/23 7:54,49.7,49.8,217,214,FALSE
1/10/23 7:56,50,50,219,213,FALSE
1/10/23 7:58,49.8,49.8,221,213,FALSE
1/10/23 8:00,49.9,50,221,214,FALSE
1/10/23 8:02,50.1,50.1,220,215,FALSE
1/10/23 8:04,50,50.1,219,215,FALSE
1/10/23 8:06,50.1,50.1,219,220,FALSE
1/10/23 8:08,50.1,50,219,220,FALSE
1/10/23 8:10,50.2,50.3,219,211,FALSE
1/10/23 8:12,50,50,219,208,FALSE
1/10/23 8:14,50.2,50.2,214,208,FALSE
1/10/23 8:16,49.7,49.7,218,216,FALSE
1/10/23 8:18,49.9,50,216,217,FALSE
1/10/23 8:20,49.5,49.7,216,218,FALSE
1/10/23 8:22,49.9,49.9,210,216,FALSE
1/10/23 8:24,50.1,50.1,211,216,FALSE
1/10/23 8:26,50.1,50,209,215,FALSE
1/10/23 8:28,50.1,50,202,218,FALSE
1/10/23 8:30,50,49.9,212,211,FALSE
1/10/23 8:32,50,50,210,216,FALSE
1/10/23 8:34,50,50,212,216,FALSE
1/10/23 8:36,49.9,49.9,210,214,FALSE
1/10/23 8:38,50.3,50.3,216,214,FALSE
1/10/23 8:40,50.3,50.3,214,214,FALSE
1/10/23 8:42,50,50,217,215,FALSE
1/10/23 8:44,50.5,50.4,216,213,FALSE
1/10/23 8:46,50,50,215,211,FALSE
1/10/23 8:48,50.1,50.1,210,213,FALSE
1/10/23 8:50,50.1,50,212,211,FALSE
1/10/23 8:52,4367,6536,0,0,FALSE
1/10/23 8:54,3937,5618,0,0,FALSE
1/10/23 8:56,3571,1020,0,0,FALSE
1/10/23 8:58,4926,9804,0,0,FALSE
1/10/23 9:00,50.8,51.1,197,218,TRUE
1/10/23 9:02,50.8,50.7,194,216,TRUE
1/10/23 9:04,50.7,51.1,192,216,TRUE
1/10/23 9:06,50.8,50.5,194,209,TRUE
1/10/23 9:08,51,50.9,192,216,TRUE
1/10/23 9:10,50.8,51.2,190,213,TRUE
1/10/23 9:12,51.2,51.4,198,207,TRUE
1/10/23 9:14,51.5,51.3,201,207,TRUE
1/10/23 9:16,51.3,51,199,204,TRUE
1/10/23 9:18,51.3,51.3,202,202,TRUE
1/10/23 9:20,51.2,51.5,201,202,TRUE
1/10/23 9:22,51.5,51.6,202,204,TRUE
1/10/23 9:24,51.5,51.5,200,209,TRUE
1/10/23 9:26,51.5,51.8,200,209,TRUE
1/10/23 9:28,51.8,51.4,199,207,TRUE
1/10/23 9:30,51.5,51.8,199,209,TRUE
1/10/23 9:32,51.5,51.9,199,209,TRUE
1/10/23 9:34,51.3,51.7,197,209,TRUE
1/10/23 9:36,51.6,50.9,191,194,TRUE
1/10/23 9:38,51.4,51.5,193,207,TRUE
1/10/23 9:40,51.4,51.4,190,209,TRUE
1/10/23 9:42,51.5,51.3,194,209,TRUE
1/10/23 9:44,51.3,51,192,205,TRUE
1/10/23 9:46,51.5,51.9,194,207,TRUE
1/10/23 9:48,51.1,51.1,196,199,TRUE
1/10/23 9:50,50.9,51.1,196,197,TRUE
1/10/23 9:52,50.9,51.4,195,196,TRUE
1/10/23 9:54,51.2,51,198,197,TRUE
1/10/23 9:56,51.2,50.9,198,199,TRUE
1/10/23 9:58,50.9,51.3,198,199,TRUE
1/10/23 10:00,51.8,51.2,194,209,TRUE
1/10/23 10:02,49.9,49.9,210,199,FALSE
1/10/23 10:04,50.2,50.2,207,212,FALSE
1/10/23 10:06,50,49.9,209,205,FALSE
1/10/23 10:08,49.8,49.8,207,207,FALSE
1/10/23 10:10,49.6,49.6,207,207,FALSE
1/10/23 10:12,49.7,49.7,207,208,FALSE
1/10/23 10:14,50,50,209,202,FALSE
1/10/23 10:16,50.4,50.5,209,199,FALSE
1/10/23 10:18,49.8,49.8,208,203,FALSE
1/10/23 10:20,49.9,49.9,207,204,FALSE
1/10/23 10:22,49.7,49.7,207,199,FALSE
1/10/23 10:24,49.9,49.8,207,202,FALSE
1/10/23 10:26,50,50,205,204,FALSE
1/10/23 10:28,49.9,50,206,205,FALSE
1/10/23 10:30,50.1,50.2,205,206,FALSE
1/10/23 10:32,50.1,50.2,204,206,FALSE
1/10/23 10:34,50.4,50.5,202,208,FALSE
1/10/23 10:36,50.2,50.2,202,207,FALSE
1/10/23 10:38,49.7,49.8,207,206,FALSE
1/10/23 10:40,49.6,49.6,202,204,FALSE
1/10/23 10:42,49.7,49.7,207,197,FALSE
1/10/23 10:44,50,50.1,199,209,FALSE
1/10/23 10:46,50.1,50,209,204,FALSE
1/10/23 10:48,50.1,50.1,207,205,FALSE
1/10/23 10:50,49.9,49.9,208,198,FALSE
1/10/23 10:52,49.4,49.5,204,204,FALSE
1/10/23 10:54,49.7,49.8,204,205,FALSE
1/10/23 10:56,49.9,50,202,205,FALSE
1/10/23 10:58,50.2,50.1,207,204,FALSE
1/10/23 11:00,50.1,50.1,200,206,FALSE
1/10/23 11:02,49.6,49.5,204,203,FALSE
1/10/23 11:04,49.9,49.9,203,207,FALSE
1/10/23 11:06,50,50,198,208,FALSE
1/10/23 11:08,50.1,50.1,206,205,FALSE
1/10/23 11:10,50.3,51.3,200,208,FALSE
1/10/23 11:12,50.2,50.2,208,204,FALSE
1/10/23 11:14,50.1,49.9,207,207,FALSE
1/10/23 11:16,50.2,50.2,204,204,FALSE
1/10/23 11:18,50.1,50.2,207,205,FALSE
1/10/23 11:20,49.9,49.9,202,209,FALSE
1/10/23 11:22,49.9,50,207,209,FALSE
1/10/23 11:24,49.8,49.8,205,209,FALSE
1/10/23 11:26,50,50,204,207,FALSE
1/10/23 11:28,50,50,202,208,FALSE
1/10/23 11:30,49.9,49.9,203,206,FALSE
1/10/23 11:32,50.2,50.2,204,205,FALSE
1/10/23 11:34,50.1,50.1,199,206,FALSE
1/10/23 11:36,50.4,50.4,199,207,FALSE
1/10/23 11:38,49.9,49.9,197,203,FALSE
1/10/23 11:40,50.2,50.1,194,203,FALSE
1/10/23 11:42,49.9,49.7,190,206,FALSE
1/10/23 11:44,50.2,50.1,194,204,FALSE
1/10/23 11:46,50.1,50.1,191,206,FALSE
1/10/23 11:48,49.6,49.7,192,203,FALSE
1/10/23 11:50,49.9,49.9,203,206,FALSE
1/10/23 11:52,50,49.9,199,205,FALSE
1/10/23 11:54,50,50,209,203,FALSE
1/10/23 11:56,49.8,49.8,204,200,FALSE
1/10/23 11:58,50.1,50.1,203,200,FALSE
1/10/23 12:00,50.1,50,204,201,FALSE
1/10/23 12:02,50.2,50.1,207,197,FALSE
1/10/23 12:04,50.3,50.3,209,197,FALSE
1/10/23 12:06,50.1,50.1,206,203,FALSE
1/10/23 12:08,50,50,202,202,FALSE
1/10/23 12:10,50.1,50.1,194,204,FALSE
1/10/23 12:12,50,50,199,207,FALSE
1/10/23 12:14,50.1,50,209,201,FALSE
1/10/23 12:16,50.3,50.3,213,197,FALSE
1/10/23 12:18,50,50,209,197,FALSE
1/10/23 12:20,50.1,50.1,209,202,FALSE
1/10/23 12:22,50.2,50.2,209,204,FALSE
1/10/23 12:24,50.4,50.4,203,202,FALSE
1/10/23 12:26,49.8,49.9,210,202,FALSE
1/10/23 12:28,49.6,49.6,209,202,FALSE
1/10/23 12:30,49.8,49.9,211,206,FALSE
1/10/23 12:32,49.9,49.9,213,201,FALSE
1/10/23 12:34,50,50.1,213,200,FALSE
1/10/23 12:36,50.2,50.2,190,201,FALSE
1/10/23 12:38,49.8,49.8,202,195,FALSE
1/10/23 12:40,49.8,49.8,215,198,FALSE
1/10/23 12:42,50,50,212,189,FALSE
1/10/23 12:44,49.9,49.9,211,194,FALSE
1/10/23 12:46,49.7,49.7,212,201,FALSE
1/10/23 12:48,49.6,49.7,205,206,FALSE
1/10/23 12:50,50,50.1,207,202,FALSE
1/10/23 12:52,50.1,50.1,211,207,FALSE
1/10/23 12:54,50,49.8,203,199,FALSE
1/10/23 12:56,49.7,49.8,205,208,FALSE
1/10/23 12:58,50,50,204,208,FALSE
1/10/23 13:00,50.4,50.4,209,207,FALSE
1/10/23 13:02,50.1,50.1,208,211,FALSE
1/10/23 13:04,49.9,49.9,207,211,FALSE
1/10/23 13:06,50.1,50.1,209,211,FALSE
1/10/23 13:08,49.9,50,210,211,FALSE
1/10/23 13:10,49.9,49.8,209,212,FALSE
1/10/23 13:12,49.9,50,206,211,FALSE
1/10/23 13:14,50,50.1,209,214,FALSE
1/10/23 13:16,50,50.1,202,214,FALSE
1/10/23 13:18,50,50,209,212,FALSE
1/10/23 13:20,49.9,49.9,208,212,FALSE
1/10/23 13:22,50.2,50.2,199,216,FALSE
1/10/23 13:24,50.2,50.2,207,214,FALSE
1/10/23 13:26,50.1,50.1,207,212,FALSE
1/10/23 13:28,50.2,50.3,205,214,FALSE
1/10/23 13:30,49.9,49.9,208,215,FALSE
1/10/23 13:32,50.1,50.1,203,214,FALSE
1/10/23 13:34,50.2,50.2,204,214,FALSE
1/10/23 13:36,49.8,49.8,202,213,FALSE
1/10/23 13:38,50,50,201,214,FALSE
1/10/23 13:40,50.1,50,194,215,FALSE
1/10/23 13:42,50,50,204,214,FALSE
1/10/23 13:44,49.7,49.8,202,212,FALSE
1/10/23 13:46,49.6,49.6,194,216,FALSE
1/10/23 13:48,49.7,49.7,192,214,FALSE
1/10/23 13:50,49.9,49.8,187,215,FALSE
1/10/23 13:52,50.3,50.3,189,216,FALSE
1/10/23 13:54,50,50,208,212,FALSE
1/10/23 13:56,50,50.1,207,214,FALSE
1/10/23 13:58,50.3,50.3,207,214,FALSE
1/10/23 14:00,50.1,50.2,210,212,FALSE
1/10/23 14:02,50.2,50.2,209,212,FALSE
1/10/23 14:04,50.1,50.1,206,212,FALSE
1/10/23 14:06,50,50,209,205,FALSE
1/10/23 14:08,50.1,50,210,198,FALSE
1/10/23 14:10,49.8,49.9,212,199,FALSE
1/10/23 14:12,50.3,50.3,207,201,FALSE
1/10/23 14:14,50.2,50.2,208,199,FALSE
1/10/23 14:16,50,50,209,199,FALSE
1/10/23 14:18,50.2,50.3,209,200,FALSE
1/10/23 14:20,50.1,50.2,208,205,FALSE
1/10/23 14:22,50.2,50.2,209,203,FALSE
1/10/23 14:24,49.6,49.7,209,203,FALSE
1/10/23 14:26,50.1,50.1,210,203,FALSE
1/10/23 14:28,50.4,50.4,209,204,FALSE
1/10/23 14:30,49.9,49.9,205,205,FALSE
1/10/23 14:32,50,50.1,209,203,FALSE
1/10/23 14:34,50.1,50.1,209,204,FALSE
1/10/23 14:36,50,50,205,202,FALSE
1/10/23 14:38,49.9,49.9,209,202,FALSE
1/10/23 14:40,49.8,49.7,209,202,FALSE
1/10/23 14:42,50,50,203,203,FALSE
1/10/23 14:44,50.3,50.1,208,205,FALSE
1/10/23 14:46,50,49.9,211,204,FALSE
1/10/23 14:48,49.8,49.7,209,202,FALSE
1/10/23 14:50,49.7,49.7,211,198,FALSE
1/10/23 14:52,50.2,50,209,200,FALSE
1/10/23 14:54,50.1,50,208,197,FALSE
1/10/23 14:56,49.7,49.7,209,196,FALSE
1/10/23 14:58,50,50,207,197,FALSE
1/10/23 15:00,49.8,49.8,212,199,FALSE
1/10/23 15:02,50,50,203,198,FALSE
1/10/23 15:04,49.7,49.7,202,201,FALSE
1/10/23 15:06,49.9,49.9,211,201,FALSE
1/10/23 15:08,49.8,49.8,212,204,FALSE
1/10/23 15:10,50.3,50.3,204,202,FALSE
1/10/23 15:12,50.2,50.1,214,201,FALSE
1/10/23 15:14,49.6,49.6,215,197,FALSE
1/10/23 15:16,49.9,50,214,204,FALSE
1/10/23 15:18,50.2,50.1,209,207,FALSE
1/10/23 15:20,50.1,50.1,216,204,FALSE
1/10/23 15:22,49.7,49.6,219,197,FALSE
1/10/23 15:24,49.5,49.4,218,198,FALSE
1/10/23 15:26,49.9,49.9,221,202,FALSE
1/10/23 15:28,50,50,221,199,FALSE
1/10/23 15:30,49.8,49.7,222,198,FALSE
1/10/23 15:32,49.9,49.9,202,204,FALSE
1/10/23 15:34,50.6,50.6,207,204,FALSE
1/10/23 15:36,50,50,199,207,FALSE
1/10/23 15:38,50.4,50.4,196,205,FALSE
1/10/23 15:40,50.1,50,214,202,FALSE
1/10/23 15:42,50,50,207,207,FALSE
1/10/23 15:44,49.9,50,212,202,FALSE
1/10/23 15:46,49.8,49.8,210,203,FALSE
1/10/23 15:48,49.9,49.7,211,205,FALSE
1/10/23 15:50,50,49.9,212,203,FALSE
1/10/23 15:52,50.1,50,215,202,FALSE
1/10/23 15:54,49.9,49.9,209,204,FALSE
1/10/23 15:56,49.8,49.7,209,198,FALSE
1/10/23 15:58,49.6,49.5,214,196,FALSE
1/10/23 16:00,50.5,50.5,214,205,FALSE
1/10/23 16:02,49.9,49.8,213,203,FALSE
1/10/23 16:04,49.8,49.8,211,203,FALSE
1/10/23 16:06,49.8,49.8,214,200,FALSE
1/10/23 16:08,49.5,49.5,214,192,FALSE
1/10/23 16:10,50,50,213,198,FALSE
1/10/23 16:12,50.2,50.2,213,204,FALSE
1/10/23 16:14,49.8,49.9,214,194,FALSE
1/10/23 16:16,49.4,49.3,213,189,FALSE
1/10/23 16:18,50.1,50.1,214,191,FALSE
1/10/23 16:20,50.1,50,198,204,FALSE
1/10/23 16:22,50.1,50.1,204,202,FALSE
1/10/23 16:24,49.8,49.7,211,203,FALSE
1/10/23 16:26,49.6,49.5,212,203,FALSE
1/10/23 16:28,50,50,204,209,FALSE
1/10/23 16:30,49.8,49.9,215,204,FALSE
1/10/23 16:32,50.3,50.2,214,208,FALSE
1/10/23 16:34,49.5,49.5,214,204,FALSE
1/10/23 16:36,50.2,50.2,207,209,FALSE
1/10/23 16:38,50.3,50.2,212,211,FALSE
1/10/23 16:40,49.8,49.8,211,209,FALSE
1/10/23 16:42,49.9,50,213,201,FALSE
1/10/23 16:44,49.9,50,214,209,FALSE
1/10/23 16:46,49.9,49.9,211,207,FALSE
1/10/23 16:48,50.3,50.2,209,208,FALSE
1/10/23 16:50,50.5,50.5,207,207,FALSE
1/10/23 16:52,49.5,49.5,211,210,FALSE
1/10/23 16:54,50.1,50,200,212,FALSE
1/10/23 16:56,50.6,50.5,197,214,FALSE
1/10/23 16:58,50.2,50.2,202,213,FALSE
1/10/23 17:00,49.8,49.9,204,211,FALSE
1/10/23 17:02,50.2,50.2,212,208,FALSE
1/10/23 17:04,49.6,49.6,206,211,FALSE
1/10/23 17:06,49.7,49.7,213,207,FALSE
1/10/23 17:08,49.8,49.7,212,208,FALSE
1/10/23 17:10,50.3,50.3,215,204,FALSE
1/10/23 17:12,49.8,49.7,213,209,FALSE
1/10/23 17:14,50,50.1,210,211,FALSE
1/10/23 17:16,50.2,50.3,214,211,FALSE
1/10/23 17:18,50,50.1,215,209,FALSE
1/10/23 17:20,49.7,49.8,215,207,FALSE
1/10/23 17:22,49.6,49.6,215,209,FALSE
1/10/23 17:24,50.4,50.5,209,211,FALSE
1/10/23 17:26,49.8,49.7,207,209,FALSE
1/10/23 17:28,50,49.9,213,207,FALSE
1/10/23 17:30,50,49.9,216,204,FALSE
1/10/23 17:32,50.1,50.1,216,204,FALSE
1/10/23 17:34,50.4,50.3,214,201,FALSE
1/10/23 17:36,50.3,50.2,211,203,FALSE
1/10/23 17:38,49.5,49.4,209,201,FALSE
1/10/23 17:40,49.4,49.4,207,207,FALSE
1/10/23 17:42,49.8,49.9,212,204,FALSE
1/10/23 17:44,49.5,49.6,211,204,FALSE
1/10/23 17:46,50.2,50.3,207,206,FALSE
1/10/23 17:48,50.3,50.3,212,207,FALSE
1/10/23 17:50,50,49.9,215,202,FALSE
1/10/23 17:52,50,50,202,204,FALSE
1/10/23 17:54,49.7,49.7,210,204,FALSE
1/10/23 17:56,49.8,49.8,208,203,FALSE
1/10/23 17:58,49.9,49.9,216,202,FALSE
1/10/23 18:00,50.2,50.2,214,200,FALSE
1/10/23 18:02,49.9,50,214,199,FALSE
1/10/23 18:04,49.9,49.9,214,199,FALSE
1/10/23 18:06,50.1,50,214,199,FALSE
1/10/23 18:08,50.1,50.1,215,199,FALSE
1/10/23 18:10,98,49.7,214,196,FALSE
1/10/23 18:12,49.9,50,214,197,FALSE
1/10/23 18:14,50,50,215,195,FALSE
1/10/23 18:16,49.7,49.7,211,197,FALSE
1/10/23 18:18,49.8,49.8,211,198,FALSE
1/10/23 18:20,50.2,50.1,211,197,FALSE
1/10/23 18:22,50.6,50.5,214,192,FALSE
1/10/23 18:24,50,50,213,190,FALSE
1/10/23 18:26,50.2,50.2,214,190,FALSE
1/10/23 18:28,49.8,49.7,213,192,FALSE
1/10/23 18:30,49.9,49.8,214,192,FALSE
1/10/23 18:32,49.9,49.9,214,195,FALSE
1/10/23 18:34,49.9,49.8,215,194,FALSE
1/10/23 18:36,49.5,49.6,216,190,FALSE
1/10/23 18:38,50,50,216,194,FALSE
1/10/23 18:40,50.1,50.1,216,193,FALSE
1/10/23 18:42,49.8,49.7,215,194,FALSE
1/10/23 18:44,50.1,50.1,216,194,FALSE
1/10/23 18:46,49.9,49.8,215,194,FALSE
1/10/23 18:48,49.8,49.8,215,194,FALSE
1/10/23 18:50,50,50,216,195,FALSE
1/10/23 18:52,49.8,49.8,216,195,FALSE
1/10/23 18:54,49.7,49.7,215,196,FALSE
1/10/23 18:56,50.3,50.2,213,195,FALSE
1/10/23 18:58,49.8,49.8,213,195,FALSE
1/10/23 19:00,49.7,49.7,213,195,FALSE
1/10/23 19:02,49.8,49.8,212,202,FALSE
1/10/23 19:04,50.1,50.1,214,197,FALSE
1/10/23 19:06,49.7,49.7,214,197,FALSE
1/10/23 19:08,49.9,49.9,214,197,FALSE
1/10/23 19:10,50,49.9,215,199,FALSE
1/10/23 19:12,50,50,216,199,FALSE
1/10/23 19:14,49.8,49.8,215,199,FALSE
1/10/23 19:16,49.9,49.9,214,199,FALSE
1/10/23 19:18,50,50,214,199,FALSE
1/10/23 19:20,50,50,215,199,FALSE
1/10/23 19:22,50.1,50,210,202,FALSE
1/10/23 19:24,50.1,50.1,211,202,FALSE
1/10/23 19:26,49.9,49.9,209,207,FALSE
1/10/23 19:28,50,50,214,206,FALSE
1/10/23 19:30,50.2,50.1,211,207,FALSE
1/10/23 19:32,49.9,49.9,211,207,FALSE
1/10/23 19:34,50,50,212,207,FALSE
1/10/23 19:36,50,50,212,207,FALSE
1/10/23 19:38,49.7,49.7,213,206,FALSE
1/10/23 19:40,50.1,50.1,214,202,FALSE
1/10/23 19:42,49.8,49.8,213,202,FALSE
1/10/23 19:44,49.8,49.8,215,202,FALSE
1/10/23 19:46,49.8,49.8,215,202,FALSE
1/10/23 19:48,50.4,50.3,216,202,FALSE
1/10/23 19:50,49.9,50,202,209,FALSE
1/10/23 19:52,50.1,50.1,204,209,FALSE
1/10/23 19:54,50,49.7,204,209,FALSE
1/10/23 19:56,50.1,50.1,204,210,FALSE
1/10/23 19:58,50,49.9,216,208,FALSE
1/10/23 20:00,49.7,49.7,216,208,FALSE
1/10/23 20:02,50.3,50.2,218,209,FALSE
1/10/23 20:04,49.8,50,217,208,FALSE
1/10/23 20:06,49.5,49.6,216,209,FALSE
1/10/23 20:08,50.1,50,218,209,FALSE
1/10/23 20:10,50.2,50.2,218,209,FALSE
1/10/23 20:12,50,50.2,219,210,FALSE
1/10/23 20:14,50,50,217,210,FALSE
1/10/23 20:16,49.8,49.9,216,210,FALSE
1/10/23 20:18,50.1,50.2,216,210,FALSE
1/10/23 20:20,50,50.1,216,211,FALSE
1/10/23 20:22,50,50.1,215,212,FALSE
1/10/23 20:24,50.1,50,216,213,FALSE
1/10/23 20:26,50,50.1,218,213,FALSE
1/10/23 20:28,50.2,50.2,220,213,FALSE
1/10/23 20:30,49.9,50,219,214,FALSE
1/10/23 20:32,50,50.1,219,213,FALSE
1/10/23 20:34,50.1,50.1,221,212,FALSE
1/10/23 20:36,49.6,49.6,220,212,FALSE
1/10/23 20:38,50,49.9,221,207,FALSE
1/10/23 20:40,49.3,49.4,221,207,FALSE
1/10/23 20:42,50.1,50,221,213,FALSE
1/10/23 20:44,50,50,221,213,FALSE
1/10/23 20:46,49.8,49.8,220,212,FALSE
1/10/23 20:48,50.1,50,219,211,FALSE
1/10/23 20:50,50,50,221,213,FALSE
1/10/23 20:52,49.6,49.6,220,212,FALSE
1/10/23 20:54,49.7,49.8,220,213,FALSE
1/10/23 20:56,50.1,50.2,217,214,FALSE
1/10/23 20:58,49.7,49.7,220,214,FALSE
1/10/23 21:00,50.2,50.3,221,214,FALSE
1/10/23 21:02,49.8,49.7,220,214,FALSE
1/10/23 21:04,49.8,49.7,219,211,FALSE
1/10/23 21:06,50.2,50.2,218,214,FALSE
1/10/23 21:08,50,50,218,213,FALSE
1/10/23 21:10,50.2,50.2,221,213,FALSE
1/10/23 21:12,49.9,49.9,214,211,FALSE
1/10/23 21:14,49.6,49.6,214,216,FALSE
1/10/23 21:16,50.2,50.3,216,216,FALSE
1/10/23 21:18,50,50,220,214,FALSE
1/10/23 21:20,50.2,50.1,221,214,FALSE
1/10/23 21:22,50,49.9,221,215,FALSE
1/10/23 21:24,49.8,49.8,222,215,FALSE
1/10/23 21:26,50,50,221,209,FALSE
1/10/23 21:28,50,49.9,221,210,FALSE
1/10/23 21:30,49.8,49.9,220,211,FALSE
1/10/23 21:32,49.9,50,221,210,FALSE
1/10/23 21:34,49.8,49.7,221,210,FALSE
1/10/23 21:36,49.7,49.7,218,211,FALSE
1/10/23 21:38,50.1,50,216,216,FALSE
1/10/23 21:40,49.7,49.7,219,211,FALSE
1/10/23 21:42,50,50,219,214,FALSE
1/10/23 21:44,49.9,49.9,219,214,FALSE
1/10/23 21:46,49.8,49.9,216,215,FALSE
1/10/23 21:48,50,50,219,215,FALSE
1/10/23 21:50,50,50,221,214,FALSE
1/10/23 21:52,50.2,50.2,221,214,FALSE
1/10/23 21:54,50,50,219,215,FALSE
1/10/23 21:56,50,49.9,221,215,FALSE
1/10/23 21:58,49.7,49.8,221,214,FALSE
1/10/23 22:00,49.7,49.7,221,215,FALSE
1/10/23 22:02,49.9,50,220,216,FALSE
1/10/23 22:04,49.7,49.7,221,215,FALSE
1/10/23 22:06,49.7,49.8,222,214,FALSE
1/10/23 22:08,50.1,50,222,215,FALSE
1/10/23 22:10,49.8,49.9,221,214,FALSE
1/10/23 22:12,50,49.9,221,216,FALSE
1/10/23 22:14,50,50,221,216,FALSE
1/10/23 22:16,49.7,49.8,221,216,FALSE
1/10/23 22:18,50,50,219,216,FALSE
1/10/23 22:20,49.7,49.6,220,211,FALSE
1/10/23 22:22,50.1,50.2,221,211,FALSE
1/10/23 22:24,50,50.1,220,211,FALSE
1/10/23 22:26,49.9,50,220,211,FALSE
1/10/23 22:28,50.1,50.1,221,211,FALSE
1/10/23 22:30,50.1,50.1,221,216,FALSE
1/10/23 22:32,49.7,49.7,223,211,FALSE
1/10/23 22:34,50.1,50.1,223,211,FALSE
1/10/23 22:36,50,50,223,211,FALSE
1/10/23 22:38,49.9,50,222,217,FALSE
1/10/23 22:40,50,50,222,217,FALSE
1/10/23 22:42,50.1,50.1,222,222,FALSE
1/10/23 22:44,49.8,49.8,221,222,FALSE
1/10/23 22:46,49.7,49.7,221,222,FALSE
1/10/23 22:48,49.9,49.9,221,223,FALSE
1/10/23 22:50,50,49.9,222,223,FALSE
1/10/23 22:52,50.2,50.2,222,223,FALSE
1/10/23 22:54,50.1,50.1,221,223,FALSE
1/10/23 22:56,50,50.1,221,223,FALSE
1/10/23 22:58,49.8,49.7,219,223,FALSE
1/10/23 23:00,49.8,49.9,219,223,FALSE
1/10/23 23:02,49.7,49.7,218,223,FALSE
1/10/23 23:04,49.6,49.6,218,223,FALSE
1/10/23 23:06,50.1,50.1,219,223,FALSE
1/10/23 23:08,49.6,49.6,218,223,FALSE
1/10/23 23:10,49.9,49.9,221,223,FALSE
1/10/23 23:12,49.8,49.8,221,223,FALSE
1/10/23 23:14,50.1,50.1,221,223,FALSE
1/10/23 23:16,49.9,49.9,221,223,FALSE
1/10/23 23:18,49.8,49.8,221,223,FALSE
1/10/23 23:20,49.9,49.9,221,223,FALSE
1/10/23 23:22,50,50.1,221,223,FALSE
1/10/23 23:24,49.7,49.8,221,223,FALSE
1/10/23 23:26,49.8,49.8,221,223,FALSE
1/10/23 23:28,49.9,49.9,222,223,FALSE
1/10/23 23:30,50.2,50.2,222,223,FALSE
1/10/23 23:32,50,50,222,223,FALSE
1/10/23 23:34,49.9,49.7,222,223,FALSE
1/10/23 23:36,50,50,222,223,FALSE
1/10/23 23:38,49.9,49.9,219,223,FALSE
1/10/23 23:40,50,49.9,220,223,FALSE
1/10/23 23:42,50,50,219,223,FALSE
1/10/23 23:44,50,50,220,223,FALSE
1/10/23 23:46,50.2,50.1,220,223,FALSE
1/10/23 23:48,49.9,49.9,220,223,FALSE
1/10/23 23:50,49.8,49.8,222,223,FALSE
1/10/23 23:52,50.1,50,222,223,FALSE
1/10/23 23:54,50,50,223,223,FALSE
1/10/23 23:56,49.8,49.8,222,223,FALSE
1/10/23 23:58,50,50,223,224,FALSE
1/11/23 0:00,50.1,50.2,223,223,FALSE
1/11/23 0:02,50,50,223,223,FALSE
1/11/23 0:04,50.1,50.1,223,223,FALSE
1/11/23 0:06,49.8,49.8,223,223,FALSE
1/11/23 0:08,50,50,223,223,FALSE
1/11/23 0:10,50,50,223,223,FALSE
1/11/23 0:12,50.2,50.2,223,223,FALSE
1/11/23 0:14,49.7,49.7,223,223,FALSE
1/11/23 0:16,49.6,49.6,221,223,FALSE
1/11/23 0:18,50.1,50,221,223,FALSE
1/11/23 0:20,50.1,50.2,221,224,FALSE
1/11/23 0:22,49.8,49.9,220,223,FALSE
1/11/23 0:24,50,50.1,221,224,FALSE
1/11/23 0:26,50,50,221,223,FALSE
1/11/23 0:28,50.1,50.1,221,223,FALSE
1/11/23 0:30,50.2,50.2,223,224,FALSE
1/11/23 0:32,49.9,49.9,223,223,FALSE
1/11/23 0:34,49.9,50,223,223,FALSE
1/11/23 0:36,49.9,49.8,223,223,FALSE
1/11/23 0:38,50.1,50.1,224,224,FALSE
1/11/23 0:40,49.7,49.7,223,223,FALSE
1/11/23 0:42,49.9,49.9,223,223,FALSE
1/11/23 0:44,49.8,49.8,223,223,FALSE
1/11/23 0:46,49.8,49.7,222,223,FALSE
1/11/23 0:48,50.2,50.2,223,224,FALSE
1/11/23 0:50,50.1,50.1,223,224,FALSE
1/11/23 0:52,49.8,49.8,222,223,FALSE
1/11/23 0:54,50.1,50.1,223,223,FALSE
1/11/23 0:56,50.2,50.2,221,224,FALSE
1/11/23 0:58,49.8,49.7,220,223,FALSE
1/11/23 1:00,49.7,49.7,220,223,FALSE
1/11/23 1:02,50,50,221,224,FALSE
1/11/23 1:04,50.1,50,220,224,FALSE
1/11/23 1:06,50.1,50.1,221,224,FALSE
1/11/23 1:08,49.8,49.9,223,223,FALSE
1/11/23 1:10,50,49.9,222,223,FALSE
1/11/23 1:12,49.6,49.7,222,223,FALSE
1/11/23 1:14,50.1,50.1,223,224,FALSE
1/11/23 1:16,50,50,223,223,FALSE
1/11/23 1:18,49.9,49.9,223,223,FALSE
1/11/23 1:20,49.8,49.8,223,223,FALSE
1/11/23 1:22,50.1,50.2,224,224,FALSE
1/11/23 1:24,49.8,49.9,223,224,FALSE
1/11/23 1:26,49.8,49.9,223,224,FALSE
1/11/23 1:28,49.9,49.9,223,223,FALSE
1/11/23 1:30,49.9,49.9,223,223,FALSE
1/11/23 1:32,49.7,49.7,223,223,FALSE
1/11/23 1:34,50.1,50.1,223,224,FALSE
1/11/23 1:36,50,50,221,223,FALSE
1/11/23 1:38,50.1,50.1,221,224,FALSE
1/11/23 1:40,50,50,221,223,FALSE
1/11/23 1:42,50,50,221,223,FALSE
1/11/23 1:44,49.9,49.9,221,223,FALSE
1/11/23 1:46,50.1,50.1,221,224,FALSE
1/11/23 1:48,50,50,221,223,FALSE
1/11/23 1:50,49.8,49.8,223,223,FALSE
1/11/23 1:52,49.9,49.8,223,223,FALSE
1/11/23 1:54,50,50,223,224,FALSE
1/11/23 1:56,49.6,49.5,222,223,FALSE
1/11/23 1:58,50.1,50.1,223,224,FALSE
1/11/23 2:00,49.9,49.9,223,224,FALSE
1/11/23 2:02,50,50,223,224,FALSE
1/11/23 2:04,50,50,223,223,FALSE
1/11/23 2:06,50,50,223,223,FALSE
1/11/23 2:08,49.9,49.9,223,223,FALSE
1/11/23 2:10,49.9,49.9,223,224,FALSE
1/11/23 2:12,49.8,49.8,223,224,FALSE
1/11/23 2:14,49.8,49.8,223,223,FALSE
1/11/23 2:16,50.1,50,221,224,FALSE
1/11/23 2:18,50.1,50.2,221,224,FALSE
1/11/23 2:20,49.8,49.8,221,224,FALSE
1/11/23 2:22,49.8,49.8,221,223,FALSE
1/11/23 2:24,49.8,49.8,221,224,FALSE
1/11/23 2:26,49.9,49.9,221,224,FALSE
1/11/23 2:28,49.8,49.7,223,223,FALSE
1/11/23 2:30,50.1,50.1,221,225,FALSE
1/11/23 2:32,50.1,50.1,221,225,FALSE
1/11/23 2:34,50.1,50,221,225,FALSE
1/11/23 2:36,49.9,49.9,221,225,FALSE
1/11/23 2:38,49.9,49.9,221,224,FALSE
1/11/23 2:40,49.7,49.6,222,224,FALSE
1/11/23 2:42,49.7,49.8,222,224,FALSE
1/11/23 2:44,49.9,49.9,221,224,FALSE
1/11/23 2:46,50.1,50.1,221,225,FALSE
1/11/23 2:48,49.8,49.9,222,223,FALSE
1/11/23 2:50,50,50,222,224,FALSE
1/11/23 2:52,49.8,49.8,221,224,FALSE
1/11/23 2:54,50,50,221,225,FALSE
1/11/23 2:56,50,49.9,220,223,FALSE
1/11/23 2:58,49.9,49.9,220,226,FALSE
1/11/23 3:00,49.9,49.9,220,226,FALSE
1/11/23 3:02,49.6,49.5,218,225,FALSE
1/11/23 3:04,50.1,50,221,225,FALSE
1/11/23 3:06,50.2,50.2,221,225,FALSE
1/11/23 3:08,50,50,223,224,FALSE
1/11/23 3:10,50,50,222,225,FALSE
1/11/23 3:12,49.9,49.9,223,224,FALSE
1/11/23 3:14,49.8,49.9,223,224,FALSE
1/11/23 3:16,50,50,223,224,FALSE
1/11/23 3:18,49.8,49.8,222,224,FALSE
1/11/23 3:20,49.8,49.9,222,224,FALSE
1/11/23 3:22,50.1,50,223,224,FALSE
1/11/23 3:24,50.2,50.1,223,224,FALSE
1/11/23 3:26,50.3,50.2,223,224,FALSE
1/11/23 3:28,49.8,49.8,223,224,FALSE
1/11/23 3:30,50,50,223,224,FALSE
1/11/23 3:32,49.8,49.8,223,223,FALSE
1/11/23 3:34,50,50.1,223,224,FALSE
1/11/23 3:36,50,50,221,224,FALSE
1/11/23 3:38,50,50,221,224,FALSE
1/11/23 3:40,49.9,49.9,221,224,FALSE
1/11/23 3:42,50,50,221,224,FALSE
1/11/23 3:44,49.8,49.8,221,223,FALSE
1/11/23 3:46,49.9,49.9,221,224,FALSE
1/11/23 3:48,49.7,49.8,224,224,FALSE
1/11/23 3:50,49.9,50,224,223,FALSE
1/11/23 3:52,50.1,50.1,224,223,FALSE
1/11/23 3:54,50,50,224,223,FALSE
1/11/23 3:56,49.6,49.6,223,223,FALSE
1/11/23 3:58,49.8,49.8,223,223,FALSE
1/11/23 4:00,49.8,49.9,224,223,FALSE
1/11/23 4:02,50,50,223,224,FALSE
1/11/23 4:04,49.9,50,223,224,FALSE
1/11/23 4:06,49.9,49.9,225,219,FALSE
1/11/23 4:08,50,50,225,219,FALSE
1/11/23 4:10,50,50,225,219,FALSE
1/11/23 4:12,49.7,49.7,224,219,FALSE
1/11/23 4:14,49.6,49.7,224,219,FALSE
1/11/23 4:16,50.1,50,222,219,FALSE
1/11/23 4:18,49.9,50,222,219,FALSE
1/11/23 4:20,49.9,49.9,221,219,FALSE
1/11/23 4:22,50,50,221,219,FALSE
1/11/23 4:24,50.1,50.1,221,219,FALSE
1/11/23 4:26,50.2,50.2,222,219,FALSE
1/11/23 4:28,49.8,49.8,224,218,FALSE
1/11/23 4:30,49.7,49.7,223,219,FALSE
1/11/23 4:32,49.8,49.8,223,219,FALSE
1/11/23 4:34,50,49.9,223,219,FALSE
1/11/23 4:36,50,50.1,224,219,FALSE
1/11/23 4:38,49.8,49.9,224,219,FALSE
1/11/23 4:40,50,50,223,219,FALSE
1/11/23 4:42,50,49.9,224,219,FALSE
1/11/23 4:44,50,49.9,223,219,FALSE
1/11/23 4:46,50.2,50.1,224,219,FALSE
1/11/23 4:48,50,50,224,218,FALSE
1/11/23 4:50,49.8,49.8,224,217,FALSE
1/11/23 4:52,49.9,49.8,225,217,FALSE
1/11/23 4:54,49.9,49.8,223,217,FALSE
1/11/23 4:56,49.8,49.8,222,217,FALSE
1/11/23 4:58,50,50,223,217,FALSE
1/11/23 5:00,49.9,50,222,219,FALSE
1/11/23 5:02,50.1,50.1,223,218,FALSE
1/11/23 5:04,49.9,49.9,223,218,FALSE
1/11/23 5:06,50,50,225,219,FALSE
1/11/23 5:08,49.8,49.9,224,218,FALSE
1/11/23 5:10,49.9,49.8,224,218,FALSE
1/11/23 5:12,49.9,49.9,224,218,FALSE
1/11/23 5:14,49.8,49.8,224,218,FALSE
1/11/23 5:16,49.8,49.8,224,218,FALSE
1/11/23 5:18,49.8,49.8,224,218,FALSE
1/11/23 5:20,49.9,49.9,224,218,FALSE
1/11/23 5:22,50.1,50.1,224,218,FALSE
1/11/23 5:24,49.9,49.8,224,218,FALSE
1/11/23 5:26,50.1,50,225,218,FALSE
1/11/23 5:28,49.9,50,225,217,FALSE
1/11/23 5:30,50.1,50.1,225,218,FALSE
1/11/23 5:32,49.5,49.6,223,217,FALSE
1/11/23 5:34,50.2,50.2,223,218,FALSE
1/11/23 5:36,49.8,49.8,222,217,FALSE
1/11/23 5:38,50.1,50.2,222,218,FALSE
1/11/23 5:40,49.8,49.8,221,216,FALSE
1/11/23 5:42,49.9,49.9,221,217,FALSE
1/11/23 5:44,49.9,50,222,216,FALSE
1/11/23 5:46,50.2,50.3,225,216,FALSE
1/11/23 5:48,49.9,49.8,226,216,FALSE
1/11/23 5:50,49.9,49.9,226,216,FALSE
1/11/23 5:52,49.9,49.8,226,218,FALSE
1/11/23 5:54,49.8,49.7,226,221,FALSE
1/11/23 5:56,49.8,49.8,226,221,FALSE
1/11/23 5:58,49.8,49.8,226,221,FALSE
1/11/23 6:00,49.7,49.7,226,221,FALSE
1/11/23 6:02,49.8,49.9,226,221,FALSE
1/11/23 6:04,49.9,49.9,226,221,FALSE
1/11/23 6:06,50,49.9,226,222,FALSE
1/11/23 6:08,50.1,50,226,222,FALSE
1/11/23 6:10,50,49.9,226,222,FALSE
1/11/23 6:12,49.8,49.8,225,221,FALSE
1/11/23 6:14,50,49.9,221,219,FALSE
1/11/23 6:16,49.8,49.8,221,217,FALSE
1/11/23 6:18,49.9,49.9,221,216,FALSE
1/11/23 6:20,49.8,49.8,221,216,FALSE
1/11/23 6:22,49.9,49.9,220,221,FALSE
1/11/23 6:24,49.9,49.9,221,221,FALSE
1/11/23 6:26,50,50.1,223,220,FALSE
1/11/23 6:28,50,50,220,223,FALSE
1/11/23 6:30,50,50.1,219,223,FALSE
1/11/23 6:32,50.1,50,219,223,FALSE
1/11/23 6:34,49.8,49.8,219,223,FALSE
1/11/23 6:36,50,50,218,222,FALSE
1/11/23 6:38,50,50,221,222,FALSE
1/11/23 6:40,50.2,50.2,222,223,FALSE
1/11/23 6:42,49.8,49.8,222,222,FALSE
1/11/23 6:44,50.2,50.2,222,222,FALSE
1/11/23 6:46,50.1,50.2,221,223,FALSE
1/11/23 6:48,49.9,49.9,227,219,FALSE
1/11/23 6:50,50.1,50.2,226,224,FALSE
1/11/23 6:52,50,50,226,223,FALSE
1/11/23 6:54,49.7,49.7,223,223,FALSE
1/11/23 6:56,50.2,50.2,225,223,FALSE
1/11/23 6:58,49.5,49.5,221,223,FALSE
1/11/23 7:00,49.5,49.6,226,219,FALSE
1/11/23 7:02,49.8,49.8,226,219,FALSE
1/11/23 7:04,49.9,49.9,226,219,FALSE
1/11/23 7:06,50,50,227,223,FALSE
1/11/23 7:08,50.1,50.2,229,218,FALSE
1/11/23 7:10,49.6,49.6,228,218,FALSE
1/11/23 7:12,49.7,49.8,228,214,FALSE
1/11/23 7:14,50,50.1,227,223,FALSE
1/11/23 7:16,50.1,50,229,224,FALSE
1/11/23 7:18,50.1,50.2,229,216,FALSE
1/11/23 7:20,50.1,50.1,228,219,FALSE
1/11/23 7:22,50.2,50.2,227,223,FALSE
1/11/23 7:24,49.5,49.6,228,221,FALSE
1/11/23 7:26,49.9,49.8,227,222,FALSE
1/11/23 7:28,50.3,50.3,226,222,FALSE
1/11/23 7:30,50,50,227,222,FALSE
1/11/23 7:32,49.4,49.4,227,221,FALSE
1/11/23 7:34,49.7,49.7,226,221,FALSE
1/11/23 7:36,50,50,226,221,FALSE
1/11/23 7:38,50,49.9,225,221,FALSE
1/11/23 7:40,49.9,49.9,223,220,FALSE
1/11/23 7:42,49.6,49.7,224,212,FALSE
1/11/23 7:44,49.9,49.9,223,219,FALSE
1/11/23 7:46,49.7,49.8,219,221,FALSE
1/11/23 7:48,49.7,49.7,223,214,FALSE
1/11/23 7:50,50,49.9,221,219,FALSE
1/11/23 7:52,49.9,50,220,219,FALSE
1/11/23 7:54,50,50,221,218,FALSE
1/11/23 7:56,49.9,49.9,223,218,FALSE
1/11/23 7:58,49.9,49.8,221,216,FALSE
1/11/23 8:00,49.7,49.8,221,216,FALSE
1/11/23 8:02,49.9,49.9,220,216,FALSE
1/11/23 8:04,50,49.9,220,217,FALSE
1/11/23 8:06,49.9,49.8,221,218,FALSE
1/11/23 8:08,50.1,50.1,221,217,FALSE
1/11/23 8:10,49.8,49.8,221,218,FALSE
1/11/23 8:12,49.6,49.6,219,214,FALSE
1/11/23 8:14,50.3,50.4,218,214,FALSE
1/11/23 8:16,49.9,49.9,218,213,FALSE
1/11/23 8:18,49.6,49.6,218,213,FALSE
1/11/23 8:20,50,50,208,217,FALSE
1/11/23 8:22,49.6,49.6,214,215,FALSE
1/11/23 8:24,49.9,49.9,216,213,FALSE
1/11/23 8:26,49.6,49.6,216,212,FALSE
1/11/23 8:28,49.9,50,216,211,FALSE
1/11/23 8:30,50.2,50.2,219,213,FALSE
1/11/23 8:32,49.9,49.6,210,206,FALSE
1/11/23 8:34,49.9,49.9,216,207,FALSE
1/11/23 8:36,49.7,49.7,210,204,FALSE
1/11/23 8:38,50.3,50.2,209,208,FALSE
1/11/23 8:40,49.2,49.2,214,205,FALSE
1/11/23 8:42,49.7,49.6,212,200,FALSE
1/11/23 8:44,49.5,49.4,211,202,FALSE
1/11/23 8:46,49.8,49.9,209,208,FALSE
1/11/23 8:48,50.1,50.1,210,204,FALSE
1/11/23 8:50,50.2,50.3,208,197,FALSE
1/11/23 8:52,50,50,201,199,FALSE
1/11/23 8:54,49.9,49.9,203,199,FALSE
1/11/23 8:56,50.1,50.1,199,200,FALSE
1/11/23 8:58,49.9,49.9,201,201,FALSE
1/11/23 9:00,49.8,49.8,204,199,FALSE
1/11/23 9:02,49.7,49.7,198,201,FALSE
1/11/23 9:04,49.9,49.9,209,203,FALSE
1/11/23 9:06,50.1,50.1,203,193,FALSE
1/11/23 9:08,49.9,49.9,204,200,FALSE
1/11/23 9:10,49.8,49.8,204,192,FALSE
1/11/23 9:12,50.2,50,208,190,FALSE
1/11/23 9:14,50,50,201,200,FALSE
1/11/23 9:16,50.5,50.4,207,197,FALSE
1/11/23 9:18,50,50.1,210,194,FALSE
1/11/23 9:20,49.9,49.9,204,198,FALSE
1/11/23 9:22,49.8,49.8,209,193,FALSE
1/11/23 9:24,50,50.1,204,204,FALSE
1/11/23 9:26,49.8,49.7,205,200,FALSE
1/11/23 9:28,49.9,49.9,196,197,FALSE
1/11/23 9:30,49.7,49.6,207,197,FALSE
1/11/23 9:32,49.7,49.7,204,199,FALSE
1/11/23 9:34,49.9,50,201,205,FALSE
1/11/23 9:36,50,50,197,197,FALSE
1/11/23 9:38,50.1,50.1,207,199,FALSE
1/11/23 9:40,49.7,49.8,204,190,FALSE
1/11/23 9:42,50,49.9,199,200,FALSE
1/11/23 9:44,49.8,49.8,206,193,FALSE
1/11/23 9:46,49.9,49.9,208,194,FALSE
1/11/23 9:48,50.1,50.1,206,199,FALSE
1/11/23 9:50,50.2,50.3,213,189,FALSE
1/11/23 9:52,50.3,50.2,200,202,FALSE
1/11/23 9:54,50,50,204,196,FALSE
1/11/23 9:56,50.2,50,207,189,FALSE
1/11/23 9:58,50.1,50.2,208,193,FALSE
1/11/23 10:00,49.8,49.9,206,201,FALSE
1/11/23 10:02,50.1,50.1,210,192,FALSE
1/11/23 10:04,49.9,49.8,207,191,FALSE
1/11/23 10:06,49.5,49.5,209,190,FALSE
1/11/23 10:08,49.9,49.9,206,197,FALSE
1/11/23 10:10,49.7,49.7,209,186,FALSE
1/11/23 10:12,49.9,49.9,211,194,FALSE
1/11/23 10:14,50.3,50.4,207,201,FALSE
1/11/23 10:16,50.3,50.2,209,200,FALSE
1/11/23 10:18,49.8,49.7,206,201,FALSE
1/11/23 10:20,50.3,50.4,210,201,FALSE
1/11/23 10:22,50,50,203,199,FALSE
1/11/23 10:24,49.6,49.5,206,199,FALSE
1/11/23 10:26,49.7,49.5,213,193,FALSE
1/11/23 10:28,50,50,211,197,FALSE
1/11/23 10:30,50,50,203,197,FALSE
1/11/23 10:32,50.4,50.3,211,194,FALSE
1/11/23 10:34,50,49.9,206,194,FALSE
1/11/23 10:36,50.3,50.5,207,199,FALSE
1/11/23 10:38,50,50,205,201,FALSE
1/11/23 10:40,49.7,49.7,207,198,FALSE
1/11/23 10:42,49.7,49.7,208,202,FALSE
1/11/23 10:44,49.7,49.7,209,199,FALSE
1/11/23 10:46,50.1,50.1,206,196,FALSE
1/11/23 10:48,49.8,50,207,184,FALSE
1/11/23 10:50,49.5,49.5,202,197,FALSE
1/11/23 10:52,50,50,198,191,FALSE
1/11/23 10:54,49.7,49.7,212,197,FALSE
1/11/23 10:56,49.8,49.8,198,193,FALSE
1/11/23 10:58,50.1,50.1,190,198,FALSE
1/11/23 11:00,50,50,208,190,FALSE
1/11/23 11:02,50,49.5,207,188,FALSE
1/11/23 11:04,49.5,49.6,207,187,FALSE
1/11/23 11:06,50.1,50.1,206,197,FALSE
1/11/23 11:08,49.8,49.8,212,201,FALSE
1/11/23 11:10,50,50,206,204,FALSE
1/11/23 11:12,49.6,49.7,209,199,FALSE
1/11/23 11:14,50,50,205,199,FALSE
1/11/23 11:16,50.1,50.2,209,199,FALSE
1/11/23 11:18,50.1,50.1,211,195,FALSE
1/11/23 11:20,50,50,204,194,FALSE
1/11/23 11:22,50,50.1,212,202,FALSE
1/11/23 11:24,49.9,50,207,201,FALSE
1/11/23 11:26,49.7,49.7,211,198,FALSE
1/11/23 11:28,50,50.1,207,192,FALSE
1/11/23 11:30,50.1,50.3,211,191,FALSE
1/11/23 11:32,50.1,50.1,209,185,FALSE
1/11/23 11:34,49.8,49.8,211,188,FALSE
1/11/23 11:36,49.7,49.8,209,184,FALSE
1/11/23 11:38,49.5,49.5,209,185,FALSE
1/11/23 11:40,49.4,49.5,192,193,FALSE
1/11/23 11:42,49.6,49.6,211,197,FALSE
1/11/23 11:44,49.9,49.9,212,180,FALSE
1/11/23 11:46,50,50,209,186,FALSE
1/11/23 11:48,49.6,49.5,207,186,FALSE
1/11/23 11:50,49.6,49.6,202,197,FALSE
1/11/23 11:52,50,49.9,212,197,FALSE
1/11/23 11:54,50.1,50,203,194,FALSE
1/11/23 11:56,50.1,50.1,204,196,FALSE
1/11/23 11:58,50,50,204,194,FALSE
1/11/23 12:00,50.1,50.2,202,196,FALSE
1/11/23 12:02,50.1,50.1,204,199,FALSE
1/11/23 12:04,49.5,49.4,205,196,FALSE
1/11/23 12:06,50.3,50.2,210,199,FALSE
1/11/23 12:08,50,50,210,192,FALSE
1/11/23 12:10,49.7,49.7,209,190,FALSE
1/11/23 12:12,50,50,209,191,FALSE
1/11/23 12:14,49.8,50.3,211,188,FALSE
1/11/23 12:16,50,50,203,187,FALSE
1/11/23 12:18,50.5,50.5,204,202,FALSE
1/11/23 12:20,50,50,199,202,FALSE
1/11/23 12:22,50,50,203,195,FALSE
1/11/23 12:24,50.2,50.2,206,199,FALSE
1/11/23 12:26,49.7,49.6,211,200,FALSE
1/11/23 12:28,49.8,49.9,204,197,FALSE
1/11/23 12:30,49.5,49.5,205,191,FALSE
1/11/23 12:32,50.3,50.3,212,194,FALSE
1/11/23 12:34,50.1,50.1,211,200,FALSE
1/11/23 12:36,50.4,50.3,209,199,FALSE
1/11/23 12:38,49.6,49.7,209,198,FALSE
1/11/23 12:40,50.5,50.5,206,199,FALSE
1/11/23 12:42,50,50,208,194,FALSE
1/11/23 12:44,50.2,50.3,207,194,FALSE
1/11/23 12:46,50.1,50,204,195,FALSE
1/11/23 12:48,49.5,49.6,209,197,FALSE
1/11/23 12:50,49.8,49.8,206,199,FALSE
1/11/23 12:52,50,49.9,207,193,FALSE
1/11/23 12:54,50,50,203,191,FALSE
1/11/23 12:56,49.6,49.5,207,186,FALSE
1/11/23 12:58,49.6,49.6,204,194,FALSE
1/11/23 13:00,49.6,49.7,203,192,FALSE
1/11/23 13:02,50.3,50.2,204,197,FALSE
1/11/23 13:04,50.2,50.2,211,199,FALSE
1/11/23 13:06,50.2,50.2,207,196,FALSE
1/11/23 13:08,50.2,50.1,204,204,FALSE
1/11/23 13:10,49.9,49.9,207,205,FALSE
1/11/23 13:12,49.8,49.9,201,201,FALSE
1/11/23 13:14,50.1,50.1,198,202,FALSE
1/11/23 13:16,49.8,49.7,206,201,FALSE
1/11/23 13:18,49.9,49.8,206,203,FALSE
1/11/23 13:20,49.4,49.4,204,202,FALSE
1/11/23 13:22,49.2,49.2,199,199,FALSE
1/11/23 13:24,49.7,49.7,204,201,FALSE
1/11/23 13:26,49.6,49.6,202,201,FALSE
1/11/23 13:28,50.1,50.1,202,201,FALSE
1/11/23 13:30,50.1,50.1,202,204,FALSE
1/11/23 13:32,50.2,50.2,204,204,FALSE
1/11/23 13:34,50,50,205,203,FALSE
1/11/23 13:36,49.7,49.7,205,204,FALSE
1/11/23 13:38,49.6,49.5,203,203,FALSE
1/11/23 13:40,49.6,49.5,204,197,FALSE
1/11/23 13:42,50,50,202,201,FALSE
1/11/23 13:44,49.7,49.9,199,206,FALSE
1/11/23 13:46,49.8,49.9,194,212,FALSE
1/11/23 13:48,50.1,49.9,197,210,FALSE
1/11/23 13:50,49.6,49.6,204,204,FALSE
1/11/23 13:52,49.7,49.7,199,207,FALSE
1/11/23 13:54,49.6,49.6,197,210,FALSE
1/11/23 13:56,49.7,49.6,208,211,FALSE
1/11/23 13:58,50,49.9,209,212,FALSE
1/11/23 14:00,49.6,49.6,209,202,FALSE
1/11/23 14:02,50,50.1,209,212,FALSE
1/11/23 14:04,49.9,49.9,208,212,FALSE
1/11/23 14:06,49.8,49.8,209,210,FALSE
1/11/23 14:08,50.1,50.1,210,210,FALSE
1/11/23 14:10,50.1,50.2,211,203,FALSE
1/11/23 14:12,50.2,50.1,211,207,FALSE
1/11/23 14:14,49.9,49.9,207,203,FALSE
1/11/23 14:16,50.1,50.1,202,199,FALSE
1/11/23 14:18,50.2,50.2,202,205,FALSE
1/11/23 14:20,50,49.9,206,204,FALSE
1/11/23 14:22,49.9,50,207,194,FALSE
1/11/23 14:24,50,50.1,203,200,FALSE
1/11/23 14:26,49.8,49.9,203,196,FALSE
1/11/23 14:28,50.1,50.1,207,203,FALSE
1/11/23 14:30,49.8,49.8,207,202,FALSE
1/11/23 14:32,49.7,49.7,203,197,FALSE
1/11/23 14:34,50.3,50.3,198,196,FALSE
1/11/23 14:36,50.3,50.4,202,195,FALSE
1/11/23 14:38,49.8,49.8,201,192,FALSE
1/11/23 14:40,49.9,49.9,199,195,FALSE
1/11/23 14:42,49.6,49.7,202,195,FALSE
1/11/23 14:44,49.7,49.8,205,197,FALSE
1/11/23 14:46,49.7,49.7,199,197,FALSE
1/11/23 14:48,50.3,50.2,207,195,FALSE
1/11/23 14:50,49.9,49.9,201,194,FALSE
1/11/23 14:52,50.2,50.2,200,197,FALSE
1/11/23 14:54,49.8,49.8,203,194,FALSE
1/11/23 14:56,49.7,49.7,199,196,FALSE
1/11/23 14:58,50,50,197,192,FALSE
1/11/23 15:00,49.7,49.7,192,195,FALSE
1/11/23 15:02,50.1,50.2,192,195,FALSE
1/11/23 15:04,50,50.1,198,195,FALSE
1/11/23 15:06,50.1,50.1,203,201,FALSE
1/11/23 15:08,49.6,49.6,199,196,FALSE
1/11/23 15:10,49.6,49.5,194,202,FALSE
1/11/23 15:12,49.6,49.5,200,199,FALSE
1/11/23 15:14,49.8,49.9,200,198,FALSE
1/11/23 15:16,49.3,49.3,200,195,FALSE
1/11/23 15:18,49.6,49.7,204,201,FALSE
1/11/23 15:20,49.7,49.7,197,201,FALSE
1/11/23 15:22,50,50,207,189,FALSE
1/11/23 15:24,49.9,49.9,202,198,FALSE
1/11/23 15:26,49.6,49.6,203,202,FALSE
1/11/23 15:28,49.9,49.9,208,199,FALSE
1/11/23 15:30,49.9,49.9,209,199,FALSE
1/11/23 15:32,49.7,49.8,197,201,FALSE
1/11/23 15:34,49.9,49.9,203,199,FALSE
1/11/23 15:36,49.8,49.8,205,199,FALSE
1/11/23 15:38,49.8,49.9,206,195,FALSE
1/11/23 15:40,49.6,49.7,210,193,FALSE
1/11/23 15:42,49.9,49.8,209,198,FALSE
1/11/23 15:44,49.8,49.6,208,197,FALSE
1/11/23 15:46,50,50,201,199,FALSE
1/11/23 15:48,49.7,49.8,207,201,FALSE
1/11/23 15:50,49.9,49.9,204,195,FALSE
1/11/23 15:52,49.6,49.6,206,198,FALSE
1/11/23 15:54,49.7,49.7,209,199,FALSE
1/11/23 15:56,49.7,49.7,202,199,FALSE
1/11/23 15:58,49.8,49.7,207,194,FALSE
1/11/23 16:00,50,49.9,207,202,FALSE
1/11/23 16:02,50,50,212,202,FALSE
1/11/23 16:04,49.9,50,211,202,FALSE
1/11/23 16:06,49.5,49.5,211,199,FALSE
1/11/23 16:08,50,50,214,205,FALSE
1/11/23 16:10,50,50,214,203,FALSE
1/11/23 16:12,50.1,50.1,210,209,FALSE
1/11/23 16:14,49.9,49.9,208,204,FALSE
1/11/23 16:16,49.7,49.7,209,198,FALSE
1/11/23 16:18,49.9,49.9,212,204,FALSE
1/11/23 16:20,49.8,49.8,211,200,FALSE
1/11/23 16:22,50.1,50.1,214,208,FALSE
1/11/23 16:24,50.1,50,214,196,FALSE
1/11/23 16:26,50,50.1,209,202,FALSE
1/11/23 16:28,50,50,214,207,FALSE
1/11/23 16:30,49.9,50,211,199,FALSE
1/11/23 16:32,50.1,50.1,209,200,FALSE
1/11/23 16:34,50,50,209,205,FALSE
1/11/23 16:36,49.8,49.8,207,207,FALSE
1/11/23 16:38,50,50,209,209,FALSE
1/11/23 16:40,50.1,50.1,207,203,FALSE
1/11/23 16:42,50.2,50.2,214,203,FALSE
1/11/23 16:44,50.2,50.2,212,204,FALSE
1/11/23 16:46,50,50.1,214,204,FALSE
1/11/23 16:48,50.1,50,211,207,FALSE
1/11/23 16:50,50.1,50.1,216,203,FALSE
1/11/23 16:52,50.1,50,214,208,FALSE
1/11/23 16:54,49.5,49.5,206,208,FALSE
1/11/23 16:56,49.2,49.2,213,207,FALSE
1/11/23 16:58,49.4,49.3,210,208,FALSE
1/11/23 17:00,49.6,49.7,212,203,FALSE
1/11/23 17:02,49.6,49.6,214,206,FALSE
1/11/23 17:04,49.6,49.6,215,206,FALSE
1/11/23 17:06,50.1,50.1,211,204,FALSE
1/11/23 17:08,50,50,210,204,FALSE
1/11/23 17:10,49.7,49.7,213,203,FALSE
1/11/23 17:12,49.9,49.9,212,204,FALSE
1/11/23 17:14,50,50,214,203,FALSE
1/11/23 17:16,50.2,50.2,209,201,FALSE
1/11/23 17:18,50.1,50.1,212,203,FALSE
1/11/23 17:20,50.1,50,211,201,FALSE
1/11/23 17:22,49.9,49.9,216,201,FALSE
1/11/23 17:24,50,50,214,204,FALSE
1/11/23 17:26,49.7,49.8,214,205,FALSE
1/11/23 17:28,49.6,49.6,208,207,FALSE
1/11/23 17:30,49.9,50,216,207,FALSE
1/11/23 17:32,49.8,49.7,211,207,FALSE
1/11/23 17:34,49.4,49.4,216,207,FALSE
1/11/23 17:36,49.6,49.6,214,206,FALSE
1/11/23 17:38,49.9,49.9,214,204,FALSE
1/11/23 17:40,50.1,50.1,211,205,FALSE
1/11/23 17:42,49.8,49.8,214,204,FALSE
1/11/23 17:44,50.1,50.1,211,202,FALSE
1/11/23 17:46,49.9,49.9,211,202,FALSE
1/11/23 17:48,50,50,213,202,FALSE
1/11/23 17:50,50.1,50.1,214,207,FALSE
1/11/23 17:52,50.2,50.1,212,204,FALSE
1/11/23 17:54,50.2,50.1,214,207,FALSE
1/11/23 17:56,50,50,214,207,FALSE
1/11/23 17:58,49.9,49.8,217,209,FALSE
1/11/23 18:00,50.5,50.4,217,211,FALSE
1/11/23 18:02,49.8,49.7,216,209,FALSE
1/11/23 18:04,50,50,215,210,FALSE
1/11/23 18:06,49.8,49.8,216,209,FALSE
1/11/23 18:08,50,50.1,217,206,FALSE
1/11/23 18:10,49.8,49.8,216,209,FALSE
1/11/23 18:12,49.7,49.7,215,209,FALSE
1/11/23 18:14,49.9,49.9,216,207,FALSE
1/11/23 18:16,49.6,49.7,214,206,FALSE
1/11/23 18:18,49.5,49.6,211,206,FALSE
1/11/23 18:20,49.9,49.9,212,207,FALSE
1/11/23 18:22,49.9,50,213,206,FALSE
1/11/23 18:24,49.8,49.8,212,207,FALSE
1/11/23 18:26,49.6,49.6,213,206,FALSE
1/11/23 18:28,49.9,49.8,213,207,FALSE
1/11/23 18:30,49.6,49.6,216,203,FALSE
1/11/23 18:32,50,50,216,204,FALSE
1/11/23 18:34,49.6,49.6,214,204,FALSE
1/11/23 18:36,49.9,49.9,215,199,FALSE
1/11/23 18:38,49.8,49.7,215,201,FALSE
1/11/23 18:40,49.4,49.4,214,201,FALSE
1/11/23 18:42,49.8,49.8,215,202,FALSE
1/11/23 18:44,49.9,49.9,215,200,FALSE
1/11/23 18:46,50.1,50.1,214,201,FALSE
1/11/23 18:48,49.7,49.8,214,199,FALSE
1/11/23 18:50,49.8,49.8,214,201,FALSE
1/11/23 18:52,49.8,49.8,220,202,FALSE
1/11/23 18:54,50,50,220,202,FALSE
1/11/23 18:56,49.6,49.7,219,198,FALSE
1/11/23 18:58,49.8,49.8,206,203,FALSE
1/11/23 19:00,49.8,49.8,202,202,FALSE
1/11/23 19:02,49.7,49.7,216,202,FALSE
1/11/23 19:04,49.8,49.8,216,202,FALSE
1/11/23 19:06,50.1,50.1,217,202,FALSE
1/11/23 19:08,50.2,50.2,216,202,FALSE
1/11/23 19:10,50,50,219,202,FALSE
1/11/23 19:12,50,50,219,203,FALSE
1/11/23 19:14,49.8,49.8,218,204,FALSE
1/11/23 19:16,49.7,49.7,216,204,FALSE
1/11/23 19:18,49.7,49.6,216,204,FALSE
1/11/23 19:20,49.6,49.6,216,204,FALSE
1/11/23 19:22,49.7,49.8,216,205,FALSE
1/11/23 19:24,49.9,49.9,217,204,FALSE
1/11/23 19:26,49.9,50,217,204,FALSE
1/11/23 19:28,50.1,50.1,217,206,FALSE
1/11/23 19:30,50.1,50.1,216,205,FALSE
1/11/23 19:32,50,50,216,206,FALSE
1/11/23 19:34,49.6,49.6,215,206,FALSE
1/11/23 19:36,49.7,49.7,217,204,FALSE
1/11/23 19:38,50.2,50.1,216,206,FALSE
1/11/23 19:40,50.2,50.2,216,206,FALSE
1/11/23 19:42,50.2,50.2,216,207,FALSE
1/11/23 19:44,49.8,49.8,216,207,FALSE
1/11/23 19:46,50,50,216,207,FALSE
1/11/23 19:48,50.1,50.1,216,207,FALSE
1/11/23 19:50,49.6,49.6,216,206,FALSE
1/11/23 19:52,50.1,50.1,220,208,FALSE
1/11/23 19:54,50.3,50.3,220,207,FALSE
1/11/23 19:56,50.1,50.1,220,207,FALSE
1/11/23 19:58,49.7,49.7,221,207,FALSE
1/11/23 20:00,49.8,49.8,221,204,FALSE
1/11/23 20:02,50,50,220,207,FALSE
1/11/23 20:04,49.8,49.7,226,209,FALSE
1/11/23 20:06,49.7,49.7,221,209,FALSE
1/11/23 20:08,49.8,49.8,215,210,FALSE
1/11/23 20:10,49.7,49.7,215,209,FALSE
1/11/23 20:12,49.9,49.8,215,209,FALSE
1/11/23 20:14,49.7,49.8,215,211,FALSE
1/11/23 20:16,50.4,50.4,220,207,FALSE
1/11/23 20:18,50,50.1,219,206,FALSE
1/11/23 20:20,49.5,49.5,218,206,FALSE
1/11/23 20:22,49.7,49.7,218,206,FALSE
1/11/23 20:24,50.1,50.1,219,207,FALSE
1/11/23 20:26,49.9,49.9,218,206,FALSE
1/11/23 20:28,49.7,49.6,216,210,FALSE
1/11/23 20:30,50,50,216,210,FALSE
1/11/23 20:32,50,50,216,210,FALSE
1/11/23 20:34,50,50,216,210,FALSE
1/11/23 20:36,50.2,50.2,217,210,FALSE
1/11/23 20:38,49.8,49.8,218,210,FALSE
1/11/23 20:40,49.9,49.9,214,211,FALSE
1/11/23 20:42,49.9,49.9,214,211,FALSE
1/11/23 20:44,50.1,50,214,212,FALSE
1/11/23 20:46,50,49.9,214,212,FALSE
1/11/23 20:48,50,50.1,219,210,FALSE
1/11/23 20:50,50.1,50.1,219,210,FALSE
1/11/23 20:52,50,49.8,219,209,FALSE
1/11/23 20:54,49.7,49.7,219,210,FALSE
1/11/23 20:56,50,50,219,210,FALSE
1/11/23 20:58,50.2,50.1,219,211,FALSE
1/11/23 21:00,49.7,49.5,217,204,FALSE
1/11/23 21:02,49.5,49.5,216,204,FALSE
1/11/23 21:04,49.5,49.5,217,205,FALSE
1/11/23 21:06,50.2,50.3,218,207,FALSE
1/11/23 21:08,7813,6452,0,0,FALSE
1/11/23 21:10,3906,4902,0,0,FALSE
1/11/23 21:12,53.5,53.6,231,206,TRUE
1/11/23 21:14,53.3,53.4,224,214,TRUE
1/11/23 21:16,53.8,53.9,228,209,TRUE
1/11/23 21:18,53.7,53.6,231,208,TRUE
1/11/23 21:20,53.5,53.4,231,208,TRUE
1/11/23 21:22,53.4,53.4,231,208,TRUE
1/11/23 21:24,53.4,53.4,231,208,TRUE
1/11/23 21:26,53.4,53.5,231,208,TRUE
1/11/23 21:28,53.2,53.2,231,207,TRUE
1/11/23 21:30,53,52.9,233,203,TRUE
1/11/23 21:32,52.8,52.9,233,203,TRUE
1/11/23 21:34,53.2,53.5,231,207,TRUE
1/11/23 21:36,53.3,53.3,231,207,TRUE
1/11/23 21:38,53.3,53.4,230,208,TRUE
1/11/23 21:40,53.1,53.4,230,208,TRUE
1/11/23 21:42,53.1,53.3,230,208,TRUE
1/11/23 21:44,52.8,53.1,229,206,TRUE
1/11/23 21:46,53.2,53.1,226,209,TRUE
1/11/23 21:48,52.9,53,228,206,TRUE
1/11/23 21:50,5618,6536,0,0,FALSE
1/11/23 21:52,3906,2611,0,0,FALSE
1/11/23 21:54,42.2,6536,10.6,0,FALSE
1/11/23 21:56,6579,9804,0,0,FALSE
1/11/23 21:58,4878,7874,0,0,FALSE
1/11/23 22:00,50.8,51.2,214,221,TRUE
1/11/23 22:02,50.5,49.8,216,202,TRUE
1/11/23 22:04,50.4,50.9,214,202,TRUE
1/11/23 22:06,101,50.2,213,199,TRUE
1/11/23 22:08,202,50.2,207,203,TRUE
1/11/23 22:10,99.1,50.1,213,198,TRUE
1/11/23 22:12,66.2,50.2,213,198,TRUE
1/11/23 22:14,50.3,50.7,213,199,TRUE
1/11/23 22:16,50.3,50.8,213,197,TRUE
1/11/23 22:18,50.8,51,213,199,TRUE
1/11/23 22:20,50.9,50.8,212,199,TRUE
1/11/23 22:22,50.8,50.8,213,199,TRUE
1/11/23 22:24,50.6,50.6,211,197,TRUE
1/11/23 22:26,50.4,50.7,211,197,TRUE
1/11/23 22:28,50.6,50.5,211,197,TRUE
1/11/23 22:30,50.8,50.7,211,197,TRUE
1/11/23 22:32,50.9,50.8,212,197,TRUE
1/11/23 22:34,50.5,51.1,212,197,TRUE
1/11/23 22:36,50.8,50.5,211,199,TRUE
1/11/23 22:38,50.6,50.9,211,197,TRUE
1/11/23 22:40,50.4,51.3,209,196,TRUE
1/11/23 22:42,50.5,50.8,209,197,TRUE
1/11/23 22:44,50.5,50.2,209,197,TRUE
1/11/23 22:46,50.5,50.6,208,194,TRUE
1/11/23 22:48,50.4,50.7,209,196,TRUE
1/11/23 22:50,50.8,50.8,209,197,TRUE
1/11/23 22:52,50.4,50.5,214,198,TRUE
1/11/23 22:54,50.9,50.9,214,195,TRUE
1/11/23 22:56,50.7,50.9,214,195,TRUE
1/11/23 22:58,51.2,51.2,216,197,TRUE
1/11/23 23:00,50.8,51,215,198,TRUE
1/11/23 23:02,50.8,50.7,214,197,TRUE
1/11/23 23:04,50.6,50.6,214,197,TRUE
1/11/23 23:06,51.5,51,215,197,TRUE
1/11/23 23:08,50.4,50.5,211,200,TRUE
1/11/23 23:10,50.5,50.7,215,197,TRUE
1/11/23 23:12,50.3,50.9,214,197,TRUE
1/11/23 23:14,50.8,51.2,216,198,TRUE
1/11/23 23:16,51.3,51.1,216,199,TRUE
1/11/23 23:18,50.9,50.9,213,197,TRUE
1/11/23 23:20,51.4,51.3,213,197,TRUE
1/11/23 23:22,50.7,50.5,212,197,TRUE
1/11/23 23:24,50.8,50.5,212,198,TRUE
1/11/23 23:26,51.1,51.1,211,197,TRUE
1/11/23 23:28,51.3,50.6,212,197,TRUE
1/11/23 23:30,50.8,50.9,215,198,TRUE
1/11/23 23:32,51,51.1,216,199,TRUE
1/11/23 23:34,51.3,50.8,215,199,TRUE
1/11/23 23:36,51.1,50.6,215,198,TRUE
1/11/23 23:38,50.6,50.5,212,199,TRUE
1/11/23 23:40,50.7,50.7,215,197,TRUE
1/11/23 23:42,51.1,50.6,215,198,TRUE
1/11/23 23:44,50.3,51,211,199,TRUE
1/11/23 23:46,51.3,51.3,215,198,TRUE
1/11/23 23:48,50.4,51.1,214,198,TRUE
1/11/23 23:50,50.9,51.2,216,198,TRUE
1/11/23 23:52,50.8,50.9,213,199,TRUE
1/11/23 23:54,51.1,51.4,215,198,TRUE
1/11/23 23:56,51,50.9,212,197,TRUE
1/11/23 23:58,50.5,50.8,212,197,TRUE
1/12/23 0:00,51.1,50.8,212,197,TRUE
1/12/23 0:02,50.1,50.9,210,199,TRUE
1/12/23 0:04,51.1,51.1,213,197,TRUE
1/12/23 0:06,51.2,51.2,213,197,TRUE
1/12/23 0:08,50.4,50.4,212,198,TRUE
1/12/23 0:10,50.6,51.1,216,197,TRUE
1/12/23 0:12,50.8,51.2,215,197,TRUE
1/12/23 0:14,50.7,50.9,215,198,TRUE
1/12/23 0:16,50.4,50.6,214,198,TRUE
1/12/23 0:18,50.9,51.6,216,199,TRUE
1/12/23 0:20,51.2,51,216,199,TRUE
1/12/23 0:22,51.2,50.7,216,199,TRUE
1/12/23 0:24,51.3,51.6,216,199,TRUE
1/12/23 0:26,51,51.4,211,199,TRUE
1/12/23 0:28,50.7,50.8,216,198,TRUE
1/12/23 0:30,51.1,50.6,216,198,TRUE
1/12/23 0:32,51.1,50.9,216,197,TRUE
1/12/23 0:34,50.6,50.6,216,198,TRUE
1/12/23 0:36,51,51.2,213,197,TRUE
1/12/23 0:38,51,50.9,213,197,TRUE
1/12/23 0:40,50.4,50.6,213,196,FALSE
1/12/23 0:42,50.5,50.9,213,196,FALSE
1/12/23 0:44,50.1,50.1,226,214,FALSE
1/12/23 0:46,49.9,49.8,221,220,FALSE
1/12/23 0:48,49.9,49.9,221,220,FALSE
1/12/23 0:50,50,50,221,221,FALSE
1/12/23 0:52,49.8,49.9,221,221,FALSE
1/12/23 0:54,50.1,50.1,222,221,FALSE
1/12/23 0:56,49.9,49.8,224,221,FALSE
1/12/23 0:58,49.7,49.8,223,221,FALSE
1/12/23 1:00,50,50,223,221,FALSE
1/12/23 1:02,50,50,223,220,FALSE
1/12/23 1:04,49.9,50,223,221,FALSE
1/12/23 1:06,50,50,223,220,FALSE
1/12/23 1:08,50,50,223,221,FALSE
1/12/23 1:10,49.9,49.9,224,221,FALSE
1/12/23 1:12,49.9,49.8,223,221,FALSE
1/12/23 1:14,50,49.9,223,221,FALSE
1/12/23 1:16,49.9,50,223,220,FALSE
1/12/23 1:18,50,50,223,220,FALSE
1/12/23 1:20,50,50,223,220,FALSE
1/12/23 1:22,50.1,50,223,219,FALSE
1/12/23 1:24,50,50,221,220,FALSE
1/12/23 1:26,50,50.1,221,220,FALSE
1/12/23 1:28,50.2,50.2,221,221,FALSE
1/12/23 1:30,50,50,221,221,FALSE
1/12/23 1:32,50,50,221,221,FALSE
1/12/23 1:34,49.9,49.9,221,221,FALSE
1/12/23 1:36,50,50.1,223,221,FALSE
1/12/23 1:38,49.8,49.8,223,221,FALSE
1/12/23 1:40,50.1,50.1,224,221,FALSE
1/12/23 1:42,49.8,49.8,223,221,FALSE
1/12/23 1:44,50.2,50.2,224,221,FALSE
1/12/23 1:46,50,49.9,223,221,FALSE
1/12/23 1:48,50,50,223,221,FALSE
1/12/23 1:50,50,49.9,223,221,FALSE
1/12/23 1:52,50,50.1,223,221,FALSE
1/12/23 1:54,50,50,223,221,FALSE
1/12/23 1:56,49.9,49.9,223,221,FALSE
1/12/23 1:58,49.9,49.9,223,220,FALSE
1/12/23 2:00,49.9,49.9,223,221,FALSE
1/12/23 2:02,49.8,49.8,223,221,FALSE
1/12/23 2:04,50,49.9,221,221,FALSE
1/12/23 2:06,50.1,50.1,222,221,FALSE
1/12/23 2:08,50,50,221,221,FALSE
1/12/23 2:10,50,50,222,221,FALSE
1/12/23 2:12,50,50,221,221,FALSE
1/12/23 2:14,49.8,49.9,221,221,FALSE
1/12/23 2:16,50,50,222,221,FALSE
1/12/23 2:18,49.9,49.9,224,221,FALSE
1/12/23 2:20,49.9,49.9,224,221,FALSE
1/12/23 2:22,49.9,49.9,224,221,FALSE
1/12/23 2:24,49.8,49.9,224,221,FALSE
1/12/23 2:26,50,50,223,221,FALSE
1/12/23 2:28,50,50,224,221,FALSE
1/12/23 2:30,50.1,50.1,224,221,FALSE
1/12/23 2:32,49.9,50,224,221,FALSE
1/12/23 2:34,50,50,223,221,FALSE
1/12/23 2:36,49.8,49.8,224,221,FALSE
1/12/23 2:38,49.8,49.8,223,221,FALSE
1/12/23 2:40,49.8,49.9,223,221,FALSE
1/12/23 2:42,49.9,49.9,223,221,FALSE
1/12/23 2:44,50,50,223,221,FALSE
1/12/23 2:46,50.1,50.2,224,221,FALSE
1/12/23 2:48,50,50,221,221,FALSE
1/12/23 2:50,50,50.1,221,221,FALSE
1/12/23 2:52,50,50,222,221,FALSE
1/12/23 2:54,49.9,49.8,221,221,FALSE
1/12/23 2:56,49.8,49.8,221,221,FALSE
1/12/23 2:58,50,50,223,221,FALSE
1/12/23 3:00,50,49.9,223,221,FALSE
1/12/23 3:02,50.1,50.1,223,221,FALSE
1/12/23 3:04,50,49.9,223,221,FALSE
1/12/23 3:06,49.9,49.9,224,221,FALSE
1/12/23 3:08,49.9,49.8,223,221,FALSE
1/12/23 3:10,49.8,49.8,223,221,FALSE
1/12/23 3:12,50.1,50.1,224,221,FALSE
1/12/23 3:14,50,50,223,221,FALSE
1/12/23 3:16,50,50,223,221,FALSE
1/12/23 3:18,50.1,50.1,223,221,FALSE
1/12/23 3:20,49.9,49.9,223,221,FALSE
1/12/23 3:22,49.8,49.9,223,221,FALSE
1/12/23 3:24,50.2,50.1,223,221,FALSE
1/12/23 3:26,49.9,49.9,221,221,FALSE
1/12/23 3:28,49.9,49.9,221,221,FALSE
1/12/23 3:30,49.9,49.9,221,221,FALSE
1/12/23 3:32,50,50,221,221,FALSE
1/12/23 3:34,50,50,221,221,FALSE
1/12/23 3:36,50,50.1,221,221,FALSE
1/12/23 3:38,50,50.1,223,221,FALSE
1/12/23 3:40,49.9,49.9,223,221,FALSE
1/12/23 3:42,50,50,223,221,FALSE
1/12/23 3:44,49.9,49.9,223,221,FALSE
1/12/23 3:46,49.9,49.9,223,221,FALSE
1/12/23 3:48,49.9,49.9,224,221,FALSE
1/12/23 3:50,50,50,223,221,FALSE
1/12/23 3:52,50.1,50,224,221,FALSE
1/12/23 3:54,49.9,49.9,224,221,FALSE
1/12/23 3:56,50,50.1,224,221,FALSE
1/12/23 3:58,50,50.1,224,221,FALSE
1/12/23 4:00,50,50,223,221,FALSE
1/12/23 4:02,50,50,224,221,FALSE
1/12/23 4:04,49.9,49.9,224,221,FALSE
1/12/23 4:06,49.9,49.9,223,216,FALSE
1/12/23 4:08,50.1,50,223,216,FALSE
1/12/23 4:10,49.9,49.9,223,216,FALSE
1/12/23 4:12,50.1,50.1,223,216,FALSE
1/12/23 4:14,50,50,223,216,FALSE
1/12/23 4:16,50,50,224,216,FALSE
1/12/23 4:18,50,50,225,216,FALSE
1/12/23 4:20,50,50,225,216,FALSE
1/12/23 4:22,50,50,224,216,FALSE
1/12/23 4:24,49.9,50,224,216,FALSE
1/12/23 4:26,49.3,49.4,223,214,FALSE
1/12/23 4:28,50,50,224,216,FALSE
1/12/23 4:30,49.8,49.9,224,216,FALSE
1/12/23 4:32,49.9,49.8,224,216,FALSE
1/12/23 4:34,50,50,224,216,FALSE
1/12/23 4:36,50,50,224,216,FALSE
1/12/23 4:38,50,50,224,216,FALSE
1/12/23 4:40,49.9,49.9,224,216,FALSE
1/12/23 4:42,49.9,49.8,224,216,FALSE
1/12/23 4:44,49.9,49.9,222,216,FALSE
1/12/23 4:46,50,49.9,222,216,FALSE
1/12/23 4:48,50.2,50.1,223,215,FALSE
1/12/23 4:50,49.9,49.9,222,216,FALSE
1/12/23 4:52,50,50,222,216,FALSE
1/12/23 4:54,50.1,50.2,224,216,FALSE
1/12/23 4:56,49.8,49.8,223,216,FALSE
1/12/23 4:58,49.9,49.8,223,216,FALSE
1/12/23 5:00,50,50,223,216,FALSE
1/12/23 5:02,50.1,50.1,223,216,FALSE
1/12/23 5:04,50,49.9,223,216,FALSE
1/12/23 5:06,49.9,49.9,222,216,FALSE
1/12/23 5:08,50,50,223,216,FALSE
1/12/23 5:10,49.9,49.9,223,215,FALSE
1/12/23 5:12,50.1,50.1,223,216,FALSE
1/12/23 5:14,49.8,49.8,223,216,FALSE
1/12/23 5:16,50,49.9,223,215,FALSE
1/12/23 5:18,49.9,49.9,223,215,FALSE
1/12/23 5:20,50.1,50.1,223,215,FALSE
1/12/23 5:22,49.9,50,220,216,FALSE
1/12/23 5:24,50,50.1,220,216,FALSE
1/12/23 5:26,50.1,50.1,220,216,FALSE
1/12/23 5:28,49.9,49.9,221,215,FALSE
1/12/23 5:30,50.1,50.1,220,215,FALSE
1/12/23 5:32,50.1,50,220,215,FALSE
1/12/23 5:34,50,50,222,215,FALSE
1/12/23 5:36,50,50,222,215,FALSE
1/12/23 5:38,50,50,222,215,FALSE
1/12/23 5:40,49.7,49.8,222,215,FALSE
1/12/23 5:42,49.9,49.9,223,210,FALSE
1/12/23 5:44,50,50,223,210,FALSE
1/12/23 5:46,50,50,218,214,FALSE
1/12/23 5:48,50,49.9,217,216,FALSE
1/12/23 5:50,50,50.1,218,216,FALSE
1/12/23 5:52,50.2,50.2,221,212,FALSE
1/12/23 5:54,50,50,221,213,FALSE
1/12/23 5:56,49.8,49.8,223,218,FALSE
1/12/23 5:58,50.1,50.1,223,220,FALSE
1/12/23 6:00,49.9,49.9,222,221,FALSE
1/12/23 6:02,49.9,49.9,224,221,FALSE
1/12/23 6:04,50.1,50.1,223,223,FALSE
1/12/23 6:06,49.8,49.7,223,222,FALSE
1/12/23 6:08,50.1,50.1,221,220,FALSE
1/12/23 6:10,50.1,50.1,221,221,FALSE
1/12/23 6:12,49.7,49.7,223,220,FALSE
1/12/23 6:14,49.7,49.8,226,222,FALSE
1/12/23 6:16,50,50.1,226,222,FALSE
1/12/23 6:18,49.9,49.9,228,221,FALSE
1/12/23 6:20,49.7,49.7,228,220,FALSE
1/12/23 6:22,50.2,50.2,223,221,FALSE
1/12/23 6:24,50.1,50,227,221,FALSE
1/12/23 6:26,49.9,49.9,226,220,FALSE
1/12/23 6:28,49.8,49.8,227,219,FALSE
1/12/23 6:30,49.8,49.8,227,219,FALSE
1/12/23 6:32,50,50.1,226,219,FALSE
1/12/23 6:34,51.4,50,223,216,FALSE
1/12/23 6:36,49.8,49.8,228,219,FALSE
1/12/23 6:38,49.9,49.9,226,219,FALSE
1/12/23 6:40,49.5,49.6,226,219,FALSE
1/12/23 6:42,49.8,49.9,224,219,FALSE
1/12/23 6:44,50,50,219,221,FALSE
1/12/23 6:46,50.5,50.4,211,221,FALSE
1/12/23 6:48,50.1,50.2,212,221,FALSE
1/12/23 6:50,50,50,214,220,FALSE
1/12/23 6:52,49.9,49.9,220,215,FALSE
1/12/23 6:54,49.6,49.6,219,216,FALSE
1/12/23 6:56,49.8,49.8,219,216,FALSE
1/12/23 6:58,50,50,221,217,FALSE
1/12/23 7:00,50.3,50.2,221,216,FALSE
1/12/23 7:02,48.7,49.7,218,216,FALSE
1/12/23 7:04,50,50,221,216,FALSE
1/12/23 7:06,49.9,49.9,222,211,FALSE
1/12/23 7:08,50.2,50.2,221,216,FALSE
1/12/23 7:10,49.7,49.8,219,215,FALSE
1/12/23 7:12,49.8,49.9,219,216,FALSE
1/12/23 7:14,50.3,50.3,220,217,FALSE
1/12/23 7:16,50.5,50.5,221,217,FALSE
1/12/23 7:18,49.7,49.8,225,217,FALSE
1/12/23 7:20,50,50.1,219,216,FALSE
1/12/23 7:22,49.8,49.8,219,216,FALSE
1/12/23 7:24,49.8,49.8,221,216,FALSE
1/12/23 7:26,50.4,50.4,221,214,FALSE
1/12/23 7:28,49.6,49.7,219,215,FALSE
1/12/23 7:30,49.9,49.9,216,220,FALSE
1/12/23 7:32,49.7,49.7,216,219,FALSE
1/12/23 7:34,49.9,49.9,202,220,FALSE
1/12/23 7:36,49.9,49.9,201,221,FALSE
1/12/23 7:38,50,50.1,202,221,FALSE
1/12/23 7:40,49.5,49.5,201,217,FALSE
1/12/23 7:42,49.6,49.6,200,218,FALSE
1/12/23 7:44,50.1,50.1,215,215,FALSE
1/12/23 7:46,50,50.1,214,215,FALSE
1/12/23 7:48,50,50.1,220,216,FALSE
1/12/23 7:50,49.4,49.5,217,216,FALSE
1/12/23 7:52,50.1,50.1,219,215,FALSE
1/12/23 7:54,50.2,50.3,219,214,FALSE
1/12/23 7:56,6536,3546,1.41,0,FALSE
1/12/23 7:58,7874,6536,0,0,FALSE
1/12/23 8:00,6579,4386,0,0,FALSE
1/12/23 8:02,54.5,54.4,228,224,TRUE
1/12/23 8:04,54.8,54.9,228,224,TRUE
1/12/23 8:06,54.7,54.8,227,223,TRUE
1/12/23 8:08,54.8,54.8,226,223,TRUE
1/12/23 8:10,54.7,54.7,226,224,TRUE
1/12/23 8:12,53.9,53.9,225,230,TRUE
1/12/23 8:14,53.8,54,225,230,TRUE
1/12/23 8:16,54.1,54,224,230,TRUE
1/12/23 8:18,54,54,224,230,TRUE
1/12/23 8:20,53.6,54.6,228,221,TRUE
1/12/23 8:22,54.4,54.5,228,221,TRUE
1/12/23 8:24,54.4,54.6,226,221,TRUE
1/12/23 8:26,53.8,53.9,224,228,TRUE
1/12/23 8:28,54.5,54.6,227,221,TRUE
1/12/23 8:30,54.2,54.2,228,221,TRUE
1/12/23 8:32,54.5,54.4,226,222,TRUE
1/12/23 8:34,54.2,54.1,226,219,TRUE
1/12/23 8:36,54.5,54.4,225,221,TRUE
1/12/23 8:38,54.1,54.3,223,222,TRUE
1/12/23 8:40,54.2,54.2,223,223,TRUE
1/12/23 8:42,54.2,54.4,223,223,TRUE
1/12/23 8:44,54,54.4,223,222,TRUE
1/12/23 8:46,54.1,54.4,221,222,TRUE
1/12/23 8:48,54.4,54.1,221,222,TRUE
1/12/23 8:50,54.4,54.4,219,222,TRUE
1/12/23 8:52,54.3,54.4,220,221,TRUE
1/12/23 8:54,54.1,54.4,221,221,TRUE
1/12/23 8:56,54.3,54,221,222,TRUE
1/12/23 8:58,54.3,54.2,221,222,TRUE
1/12/23 9:00,54.4,54.3,221,221,TRUE
1/12/23 9:02,53.4,53.5,224,219,TRUE
1/12/23 9:04,54.9,53.5,223,219,TRUE
1/12/23 9:06,49.9,49.8,211,199,TRUE
1/12/23 9:08,50,50.1,207,199,TRUE
1/12/23 9:10,49.7,49.9,211,197,TRUE
1/12/23 9:12,50,49.9,204,195,TRUE
1/12/23 9:14,49.9,49.8,204,203,TRUE
1/12/23 9:16,49.8,50,194,207,TRUE
1/12/23 9:18,49.7,49.8,206,203,TRUE
1/12/23 9:20,49.7,49.9,199,198,TRUE
1/12/23 9:22,50,50,205,199,TRUE
1/12/23 9:24,49.6,49.5,204,199,TRUE
1/12/23 9:26,5556,6536,0,0,TRUE
1/12/23 9:28,54,54.2,223,220,TRUE
1/12/23 9:30,54.3,54.4,221,221,TRUE
1/12/23 9:32,54.2,54.5,222,218,TRUE
1/12/23 9:34,54.1,54.4,223,221,TRUE
1/12/23 9:36,54.3,54.3,223,219,TRUE
1/12/23 9:38,54.5,54.2,222,221,TRUE
1/12/23 9:40,54.4,54.6,222,220,TRUE
1/12/23 9:42,54.4,54.4,222,221,TRUE
1/12/23 9:44,53.1,53.4,222,227,TRUE
1/12/23 9:46,54.5,54.2,223,221,TRUE
1/12/23 9:48,53.5,53.5,221,227,TRUE
1/12/23 9:50,53.6,53.7,220,227,TRUE
1/12/23 9:52,53.6,53.8,218,227,TRUE
1/12/23 9:54,53.8,53.5,219,227,TRUE
1/12/23 9:56,53.7,53.6,217,227,TRUE
1/12/23 9:58,53.7,53.8,216,228,TRUE
1/12/23 10:00,53.5,53.7,218,228,TRUE
1/12/23 10:02,53.8,53.5,219,226,TRUE
1/12/23 10:04,54,54.2,221,221,TRUE
1/12/23 10:06,54.1,54.1,220,220,TRUE
1/12/23 10:08,53.8,54.1,221,221,TRUE
1/12/23 10:10,54,53.9,221,221,TRUE
1/12/23 10:12,54.1,54,221,221,TRUE
1/12/23 10:14,53.8,53.7,219,228,TRUE
1/12/23 10:16,53.6,53.6,220,228,TRUE
1/12/23 10:18,52.8,53.1,223,226,TRUE
1/12/23 10:20,53.6,53.4,221,227,TRUE
1/12/23 10:22,54.1,54.1,221,221,TRUE
1/12/23 10:24,54.2,54.2,221,219,TRUE
1/12/23 10:26,53.9,53.7,219,220,TRUE
1/12/23 10:28,54.1,54,219,221,TRUE
1/12/23 10:30,53.5,54,221,218,TRUE
1/12/23 10:32,54.3,54.1,219,220,TRUE
1/12/23 10:34,53.9,53.5,221,217,TRUE
1/12/23 10:36,53.7,53.7,223,217,TRUE
1/12/23 10:38,53.6,53.9,223,217,TRUE
1/12/23 10:40,54.3,54.2,220,219,TRUE
1/12/23 10:42,54.2,54.1,221,216,TRUE
1/12/23 10:44,53.9,53.9,222,216,TRUE
1/12/23 10:46,54,53.9,221,217,TRUE
1/12/23 10:48,53.7,53.8,221,217,TRUE
1/12/23 10:50,54.1,53.8,220,216,TRUE
1/12/23 10:52,53.5,53.6,223,214,TRUE
1/12/23 10:54,53.8,53.9,220,216,TRUE
1/12/23 10:56,53.4,53.3,223,214,TRUE
1/12/23 10:58,53.2,53.3,225,211,TRUE
1/12/23 11:00,53.8,54,222,215,TRUE
1/12/23 11:02,49.8,49.9,205,205,FALSE
1/12/23 11:04,50.2,50.2,205,202,FALSE
1/12/23 11:06,49.9,49.8,206,202,FALSE
1/12/23 11:08,50.1,50.1,204,206,FALSE
1/12/23 11:10,49.5,49.5,200,210,FALSE
1/12/23 11:12,49.7,49.6,206,209,FALSE
1/12/23 11:14,49.7,49.9,204,203,FALSE
1/12/23 11:16,50,50,211,201,FALSE
1/12/23 11:18,50.1,50,207,199,FALSE
1/12/23 11:20,50.1,50.1,210,203,FALSE
1/12/23 11:22,49.9,49.8,209,202,FALSE
1/12/23 11:24,50,49.9,211,197,FALSE
1/12/23 11:26,50.1,50.1,209,202,FALSE
1/12/23 11:28,50,50.1,210,201,FALSE
1/12/23 11:30,49.8,49.9,204,197,FALSE
1/12/23 11:32,49.8,49.8,207,206,FALSE
1/12/23 11:34,49.9,49.8,204,199,FALSE
1/12/23 11:36,50.3,50.4,207,199,FALSE
1/12/23 11:38,49.9,49.8,206,206,FALSE
1/12/23 11:40,50.1,50.1,198,206,FALSE
1/12/23 11:42,50.3,50.2,204,207,FALSE
1/12/23 11:44,50,49.9,198,202,FALSE
1/12/23 11:46,49.5,49.8,198,204,FALSE
1/12/23 11:48,49.9,49.6,199,203,FALSE
1/12/23 11:50,49.9,49.9,204,199,FALSE
1/12/23 11:52,50,50.1,207,197,FALSE
1/12/23 11:54,49.6,49.6,205,197,FALSE
1/12/23 11:56,49.9,49.9,201,204,FALSE
1/12/23 11:58,50,50,202,200,FALSE
1/12/23 12:00,49.8,49.7,201,202,FALSE
1/12/23 12:02,49.7,49.9,197,207,FALSE
1/12/23 12:04,50,49.9,202,205,FALSE
1/12/23 12:06,50.1,50,204,202,FALSE
1/12/23 12:08,50.1,50.2,196,205,FALSE
1/12/23 12:10,49.6,49.7,200,194,FALSE
1/12/23 12:12,50.2,50.2,191,204,FALSE
1/12/23 12:14,50,50.1,202,204,FALSE
1/12/23 12:16,50,49.9,201,205,FALSE
1/12/23 12:18,49.7,49.6,190,206,FALSE
1/12/23 12:20,50,50,196,201,FALSE
1/12/23 12:22,49.9,50,195,203,FALSE
1/12/23 12:24,49.9,49.8,187,192,FALSE
1/12/23 12:26,49.8,49.7,192,198,FALSE
1/12/23 12:28,49.9,50.1,193,198,FALSE
1/12/23 12:30,50.2,50.1,197,199,FALSE
1/12/23 12:32,49.6,49.4,196,193,FALSE
1/12/23 12:34,49.7,49.8,192,202,FALSE
1/12/23 12:36,49.8,49.7,190,199,FALSE
1/12/23 12:38,49.7,49.8,194,201,FALSE
1/12/23 12:40,49.7,49.7,197,199,FALSE
1/12/23 12:42,49.8,49.7,204,200,FALSE
1/12/23 12:44,50,50,201,196,FALSE
1/12/23 12:46,50,50,196,194,FALSE
1/12/23 12:48,50,50,206,194,FALSE
1/12/23 12:50,49.7,49.8,207,193,FALSE
1/12/23 12:52,50,50,207,195,FALSE
1/12/23 12:54,49.9,49.9,208,195,FALSE
1/12/23 12:56,49.8,49.8,213,201,FALSE
1/12/23 12:58,49.7,49.6,209,194,FALSE
1/12/23 13:00,50.2,50.1,211,206,FALSE
1/12/23 13:02,49.6,49.7,209,202,FALSE
1/12/23 13:04,49.8,49.8,207,208,FALSE
1/12/23 13:06,50,50,204,204,FALSE
1/12/23 13:08,50.1,50.1,205,204,FALSE
1/12/23 13:10,50,50,207,206,FALSE
1/12/23 13:12,50.1,49.9,201,209,FALSE
1/12/23 13:14,50.3,50.4,208,206,FALSE
1/12/23 13:16,50.5,50.5,204,211,FALSE
1/12/23 13:18,50.1,50,209,207,FALSE
1/12/23 13:20,50.1,50,207,204,FALSE
1/12/23 13:22,49.8,49.8,209,204,FALSE
1/12/23 13:24,50,49.8,205,204,FALSE
1/12/23 13:26,49.9,50,200,202,FALSE
1/12/23 13:28,50,50.1,199,202,FALSE
1/12/23 13:30,49.7,49.7,199,205,FALSE
1/12/23 13:32,49.7,49.7,201,202,FALSE
1/12/23 13:34,50.2,50.1,205,202,FALSE
1/12/23 13:36,50.2,50.2,206,204,FALSE
1/12/23 13:38,50.2,50.4,207,207,FALSE
1/12/23 13:40,50.2,50.1,206,204,FALSE
1/12/23 13:42,50.2,50.2,202,204,FALSE
1/12/23 13:44,49.8,49.7,202,203,FALSE
1/12/23 13:46,50.2,50.1,202,198,FALSE
1/12/23 13:48,50.1,49.9,201,202,FALSE
1/12/23 13:50,50,50,202,198,FALSE
1/12/23 13:52,50,50.1,199,201,FALSE
1/12/23 13:54,49.8,49.8,197,202,FALSE
1/12/23 13:56,49.7,49.6,195,199,FALSE
1/12/23 13:58,49.9,49.7,189,191,FALSE
1/12/23 14:00,50.2,50.4,197,198,FALSE
1/12/23 14:02,50.1,50.1,197,194,FALSE
1/12/23 14:04,49.8,49.9,199,192,FALSE
1/12/23 14:06,49.9,49.9,203,193,FALSE
1/12/23 14:08,50.5,50.4,201,198,FALSE
1/12/23 14:10,50.2,50.2,200,199,FALSE
1/12/23 14:12,50.5,50.3,201,199,FALSE
1/12/23 14:14,50.3,50.2,204,202,FALSE
1/12/23 14:16,50.2,50.1,209,200,FALSE
1/12/23 14:18,50,50.1,207,200,FALSE
1/12/23 14:20,50,50.1,199,194,FALSE
1/12/23 14:22,50.6,50.7,202,196,FALSE
1/12/23 14:24,50.1,50.1,202,187,FALSE
1/12/23 14:26,49.6,49.7,199,189,FALSE
1/12/23 14:28,50.2,50.2,209,190,FALSE
1/12/23 14:30,50,49.9,202,197,FALSE
1/12/23 14:32,50.1,50.1,203,204,FALSE
1/12/23 14:34,49.7,49.8,201,201,FALSE
1/12/23 14:36,49.6,49.6,197,204,FALSE
1/12/23 14:38,49.9,49.8,204,203,FALSE
1/12/23 14:40,50.1,50.2,207,197,FALSE
1/12/23 14:42,49.9,49.9,203,193,FALSE
1/12/23 14:44,49.7,49.7,202,203,FALSE
1/12/23 14:46,50,50,203,201,FALSE
1/12/23 14:48,50,49.9,211,194,FALSE
1/12/23 14:50,49.9,49.8,207,194,FALSE
1/12/23 14:52,49.7,49.7,202,202,FALSE
1/12/23 14:54,49.9,49.9,204,202,FALSE
1/12/23 14:56,50,50,202,192,FALSE
1/12/23 14:58,50.3,50.3,203,189,FALSE
1/12/23 15:00,50.1,50.1,204,194,FALSE
1/12/23 15:02,50,49.9,202,199,FALSE
1/12/23 15:04,50.1,50.1,195,198,FALSE
1/12/23 15:06,49.9,50,204,194,FALSE
1/12/23 15:08,50,49.9,204,202,FALSE
1/12/23 15:10,50,50.1,202,196,FALSE
1/12/23 15:12,49.7,49.7,205,194,FALSE
1/12/23 15:14,50.1,50,199,194,FALSE
1/12/23 15:16,50.2,50.1,198,200,FALSE
1/12/23 15:18,50.3,50.4,202,192,FALSE
1/12/23 15:20,49.8,49.7,201,196,FALSE
1/12/23 15:22,50.2,50.2,198,196,FALSE
1/12/23 15:24,49.9,49.9,192,199,FALSE
1/12/23 15:26,49.6,49.6,194,198,FALSE
1/12/23 15:28,49.9,49.9,200,200,FALSE
1/12/23 15:30,50,50,207,196,FALSE
1/12/23 15:32,50.2,50.3,207,197,FALSE
1/12/23 15:34,50,50,209,200,FALSE
1/12/23 15:36,49.9,49.9,207,202,FALSE
1/12/23 15:38,50,50,203,204,FALSE
1/12/23 15:40,50.3,50.3,206,196,FALSE
1/12/23 15:42,49.9,49.9,202,204,FALSE
1/12/23 15:44,50.2,50.1,207,197,FALSE
1/12/23 15:46,50.3,50.3,211,197,FALSE
1/12/23 15:48,50.1,50.1,193,204,FALSE
1/12/23 15:50,49.9,49.9,192,196,FALSE
1/12/23 15:52,49.8,49.8,187,195,FALSE
1/12/23 15:54,50.1,50,212,204,FALSE
1/12/23 15:56,50.2,50.2,210,207,FALSE
1/12/23 15:58,50.1,50.2,208,207,FALSE
1/12/23 16:00,50.2,50.1,209,204,FALSE
1/12/23 16:02,50.1,50.2,207,204,FALSE
1/12/23 16:04,50.3,50.3,209,204,FALSE
1/12/23 16:06,50.2,50.1,207,208,FALSE
1/12/23 16:08,49.7,49.6,207,208,FALSE
1/12/23 16:10,49.6,49.7,209,204,FALSE
1/12/23 16:12,50,50,211,205,FALSE
1/12/23 16:14,50.1,50,208,208,FALSE
1/12/23 16:16,49.8,49.8,213,205,FALSE
1/12/23 16:18,49.6,49.7,211,205,FALSE
1/12/23 16:20,49.9,49.9,212,203,FALSE
1/12/23 16:22,49.7,49.7,210,201,FALSE
1/12/23 16:24,49.7,49.6,211,205,FALSE
1/12/23 16:26,49.5,49.6,209,204,FALSE
1/12/23 16:28,49.6,49.6,209,198,FALSE
1/12/23 16:30,49.8,49.8,209,203,FALSE
1/12/23 16:32,49.9,49.9,206,203,FALSE
1/12/23 16:34,49.9,50,207,202,FALSE
1/12/23 16:36,50,50,209,201,FALSE
1/12/23 16:38,49.8,49.8,204,201,FALSE
1/12/23 16:40,50.3,50.3,203,203,FALSE
1/12/23 16:42,50,50.1,207,202,FALSE
1/12/23 16:44,49.9,49.9,209,200,FALSE
1/12/23 16:46,50,50,207,202,FALSE
1/12/23 16:48,50.2,50.2,207,202,FALSE
1/12/23 16:50,50,50,207,202,FALSE
1/12/23 16:52,50,49.9,208,205,FALSE
1/12/23 16:54,49.5,49.5,211,202,FALSE
1/12/23 16:56,49.9,49.8,211,204,FALSE
1/12/23 16:58,50,50,209,202,FALSE
1/12/23 17:00,50,50,210,203,FALSE
1/12/23 17:02,50.8,50.7,212,202,FALSE
1/12/23 17:04,50.2,50.2,207,203,FALSE
1/12/23 17:06,50.1,50,204,200,FALSE
1/12/23 17:08,50.1,50.1,211,204,FALSE
1/12/23 17:10,49.6,49.6,212,202,FALSE
1/12/23 17:12,49.9,49.9,209,202,FALSE
1/12/23 17:14,50.2,50.1,211,201,FALSE
1/12/23 17:16,49.8,49.8,211,204,FALSE
1/12/23 17:18,50.3,50.3,212,207,FALSE
1/12/23 17:20,50,50,212,209,FALSE
1/12/23 17:22,49.9,49.9,209,202,FALSE
1/12/23 17:24,49.7,49.7,211,202,FALSE
1/12/23 17:26,49.8,49.9,211,204,FALSE
1/12/23 17:28,50,50,211,205,FALSE
1/12/23 17:30,49.8,49.9,209,205,FALSE
1/12/23 17:32,49.7,49.7,209,205,FALSE
1/12/23 17:34,49.9,50,207,206,FALSE
1/12/23 17:36,49.5,49.5,212,204,FALSE
1/12/23 17:38,49.9,49.9,213,207,FALSE
1/12/23 17:40,50,50.1,214,206,FALSE
1/12/23 17:42,49.9,49.9,213,197,FALSE
1/12/23 17:44,49.7,49.7,213,198,FALSE
1/12/23 17:46,49.6,49.6,210,204,FALSE
1/12/23 17:48,49.8,49.8,211,204,FALSE
1/12/23 17:50,50,50,209,201,FALSE
1/12/23 17:52,49.6,49.8,209,201,FALSE
1/12/23 17:54,49.8,49.8,209,197,FALSE
1/12/23 17:56,50,50,209,193,FALSE
1/12/23 17:58,50.2,50.1,210,202,FALSE
1/12/23 18:00,50,50,209,201,FALSE
1/12/23 18:02,49.9,49.9,204,192,FALSE
1/12/23 18:04,50.2,50.1,211,204,FALSE
1/12/23 18:06,50.2,50.2,212,200,FALSE
1/12/23 18:08,50.1,50.2,215,194,FALSE
1/12/23 18:10,49.9,49.9,215,196,FALSE
1/12/23 18:12,49.8,49.7,215,195,FALSE
1/12/23 18:14,50,50.1,216,196,FALSE
1/12/23 18:16,50.1,50,216,192,FALSE
1/12/23 18:18,49.8,49.9,216,195,FALSE
1/12/23 18:20,49.7,49.6,215,194,FALSE
1/12/23 18:22,49.9,49.9,215,192,FALSE
1/12/23 18:24,49.8,49.9,217,194,FALSE
1/12/23 18:26,49.8,49.8,216,196,FALSE
1/12/23 18:28,49.8,49.8,216,194,FALSE
1/12/23 18:30,49.7,49.7,216,194,FALSE
1/12/23 18:32,49.8,49.8,216,196,FALSE
1/12/23 18:34,49.7,49.6,215,196,FALSE
1/12/23 18:36,49.7,49.7,216,195,FALSE
1/12/23 18:38,49.8,49.9,215,196,FALSE
1/12/23 18:40,49.9,50,214,197,FALSE
1/12/23 18:42,49.9,49.9,214,197,FALSE
1/12/23 18:44,49.9,49.9,213,197,FALSE
1/12/23 18:46,50.3,50.3,214,198,FALSE
1/12/23 18:48,50.3,50.3,214,197,FALSE
1/12/23 18:50,50.1,50.1,216,198,FALSE
1/12/23 18:52,49.9,50,216,197,FALSE
1/12/23 18:54,50.1,50.1,219,197,FALSE
1/12/23 18:56,50.1,50.1,219,198,FALSE
1/12/23 18:58,50,50.1,220,199,FALSE
1/12/23 19:00,50,50,220,199,FALSE
1/12/23 19:02,49.8,49.8,219,201,FALSE
1/12/23 19:04,49.8,49.8,216,200,FALSE
1/12/23 19:06,49.8,49.8,216,200,FALSE
1/12/23 19:08,50.1,50,216,199,FALSE
1/12/23 19:10,50,50,216,200,FALSE
1/12/23 19:12,50.1,50.2,214,200,FALSE
1/12/23 19:14,50.2,50.2,216,200,FALSE
1/12/23 19:16,50,50.1,217,199,FALSE
1/12/23 19:18,50,50,217,199,FALSE
1/12/23 19:20,50.1,50,217,200,FALSE
1/12/23 19:22,50.1,50,214,200,FALSE
1/12/23 19:24,49.8,49.8,214,200,FALSE
1/12/23 19:26,49.8,49.7,214,202,FALSE
1/12/23 19:28,49.9,49.9,216,197,FALSE
1/12/23 19:30,50,50,216,197,FALSE
1/12/23 19:32,49.5,49.5,216,197,FALSE
1/12/23 19:34,50,50,215,199,FALSE
1/12/23 19:36,49.8,49.8,216,202,FALSE
1/12/23 19:38,49.7,49.7,215,203,FALSE
1/12/23 19:40,50,50,203,205,FALSE
1/12/23 19:42,49.6,49.6,203,205,FALSE
1/12/23 19:44,49.9,49.9,203,207,FALSE
1/12/23 19:46,49.9,49.8,217,204,FALSE
1/12/23 19:48,50.1,50.1,217,204,FALSE
1/12/23 19:50,50.2,50.2,204,208,FALSE
1/12/23 19:52,50.1,50.1,204,209,FALSE
1/12/23 19:54,50.1,50,204,209,FALSE
1/12/23 19:56,49.9,49.8,218,207,FALSE
1/12/23 19:58,50,49.8,208,209,FALSE
1/12/23 20:00,49.9,49.9,206,208,FALSE
1/12/23 20:02,49.9,49.8,206,208,FALSE
1/12/23 20:04,50,49.9,204,208,FALSE
1/12/23 20:06,49.9,49.9,217,206,FALSE
1/12/23 20:08,49.9,49.9,204,208,FALSE
1/12/23 20:10,50,49.9,204,209,FALSE
1/12/23 20:12,49.9,49.9,218,206,FALSE
1/12/23 20:14,50,50,215,208,FALSE
1/12/23 20:16,50,50,221,207,FALSE
1/12/23 20:18,49.9,50,221,207,FALSE
1/12/23 20:20,50.1,50.2,219,207,FALSE
1/12/23 20:22,50,50,221,204,FALSE
1/12/23 20:24,49.8,49.8,226,208,FALSE
1/12/23 20:26,50,49.9,221,208,FALSE
1/12/23 20:28,49.9,50,221,208,FALSE
1/12/23 20:30,49.8,49.8,222,208,FALSE
1/12/23 20:32,49.6,49.6,221,208,FALSE
1/12/23 20:34,49.7,49.7,222,209,FALSE
1/12/23 20:36,49.6,49.7,221,209,FALSE
1/12/23 20:38,50,50,222,209,FALSE
1/12/23 20:40,50.1,50.1,222,209,FALSE
1/12/23 20:42,50,50,219,209,FALSE
1/12/23 20:44,50.1,50.1,220,209,FALSE
1/12/23 20:46,50,50,221,209,FALSE
1/12/23 20:48,50.1,50,221,204,FALSE
1/12/23 20:50,50.1,50.1,220,204,FALSE
1/12/23 20:52,50.1,50,220,207,FALSE
1/12/23 20:54,50,50,220,209,FALSE
1/12/23 20:56,50,50,221,208,FALSE
1/12/23 20:58,50,50.1,222,209,FALSE
1/12/23 21:00,50.1,50,223,209,FALSE
1/12/23 21:02,50,50,217,211,FALSE
1/12/23 21:04,50,50,216,211,FALSE
1/12/23 21:06,49.9,49.9,218,211,FALSE
1/12/23 21:08,50,50,222,209,FALSE
1/12/23 21:10,49.9,49.8,221,209,FALSE
1/12/23 21:12,50,50,223,209,FALSE
1/12/23 21:14,50,50,223,209,FALSE
1/12/23 21:16,50,50,222,209,FALSE
1/12/23 21:18,50,50,222,209,FALSE
1/12/23 21:20,50.1,50.1,222,210,FALSE
1/12/23 21:22,50,50.1,222,210,FALSE
1/12/23 21:24,50.1,50.1,223,210,FALSE
1/12/23 21:26,50.2,50.1,221,210,FALSE
1/12/23 21:28,50,50,220,211,FALSE
1/12/23 21:30,50,50.1,221,211,FALSE
1/12/23 21:32,50.1,50.2,219,211,FALSE
1/12/23 21:34,50.1,50.1,220,211,FALSE
1/12/23 21:36,49.9,49.9,219,211,FALSE
1/12/23 21:38,49.9,49.9,221,211,FALSE
1/12/23 21:40,49.8,49.8,221,211,FALSE
1/12/23 21:42,49.9,49.9,222,211,FALSE
1/12/23 21:44,50.2,50.1,223,211,FALSE
1/12/23 21:46,49.8,49.8,222,212,FALSE
1/12/23 21:48,49.8,49.9,221,212,FALSE
1/12/23 21:50,49.9,49.9,222,212,FALSE
1/12/23 21:52,49.9,50,222,212,FALSE
1/12/23 21:54,50.1,50,222,212,FALSE
1/12/23 21:56,50.2,50.1,222,212,FALSE
1/12/23 21:58,50.1,50.2,223,212,FALSE
1/12/23 22:00,49.9,49.9,222,218,FALSE
1/12/23 22:02,50,50,222,219,FALSE
1/12/23 22:04,50.3,50.2,223,219,FALSE
1/12/23 22:06,49.9,49.8,221,219,FALSE
1/12/23 22:08,49.8,49.8,221,219,FALSE
1/12/23 22:10,49.7,49.7,221,219,FALSE
1/12/23 22:12,49.8,49.8,221,219,FALSE
1/12/23 22:14,50,50,221,219,FALSE
1/12/23 22:16,49.9,49.9,221,219,FALSE
1/12/23 22:18,50.1,50,223,219,FALSE
1/12/23 22:20,49.9,50,223,219,FALSE
1/12/23 22:22,49.9,50,223,219,FALSE
1/12/23 22:24,50,50,223,219,FALSE
1/12/23 22:26,50.2,50.1,223,219,FALSE
1/12/23 22:28,49.9,49.8,223,219,FALSE
1/12/23 22:30,50,50,223,219,FALSE
1/12/23 22:32,49.8,49.8,223,219,FALSE
1/12/23 22:34,50.1,50.1,223,219,FALSE
1/12/23 22:36,49.9,49.8,223,219,FALSE
1/12/23 22:38,50.1,50.1,224,219,FALSE
1/12/23 22:40,49.8,49.8,223,219,FALSE
1/12/23 22:42,50.2,50.2,224,219,FALSE
1/12/23 22:44,50,50.1,223,219,FALSE
1/12/23 22:46,50,50,221,219,FALSE
1/12/23 22:48,49.9,50,221,219,FALSE
1/12/23 22:50,50.2,50.2,221,219,FALSE
1/12/23 22:52,50.1,50.1,221,219,FALSE
1/12/23 22:54,50.2,50.2,221,219,FALSE
1/12/23 22:56,50.1,50,223,219,FALSE
1/12/23 22:58,49.7,49.7,223,219,FALSE
1/12/23 23:00,50.1,50.1,223,219,FALSE
1/12/23 23:02,50.2,50.1,223,219,FALSE
1/12/23 23:04,50.1,50,223,219,FALSE
1/12/23 23:06,50,50,223,219,FALSE
1/12/23 23:08,49.9,50,223,219,FALSE
1/12/23 23:10,50,50.1,224,219,FALSE
1/12/23 23:12,50.2,50,224,219,FALSE
1/12/23 23:14,49.2,49.2,223,219,FALSE
1/12/23 23:16,49.8,49.8,223,219,FALSE
1/12/23 23:18,50.1,50.1,223,219,FALSE
1/12/23 23:20,49.9,49.9,223,219,FALSE
1/12/23 23:22,49.8,49.9,223,219,FALSE
1/12/23 23:24,49.8,49.8,221,219,FALSE
1/12/23 23:26,50.1,50,221,219,FALSE
1/12/23 23:28,50,49.9,221,219,FALSE
1/12/23 23:30,49.9,49.9,220,219,FALSE
1/12/23 23:32,50,50,220,219,FALSE
1/12/23 23:34,50,50,221,219,FALSE
1/12/23 23:36,50.3,50.3,221,220,FALSE
1/12/23 23:38,50,50,223,219,FALSE
1/12/23 23:40,50.2,50.1,223,220,FALSE
1/12/23 23:42,49.9,49.9,223,219,FALSE
1/12/23 23:44,50.2,50.2,223,219,FALSE
1/12/23 23:46,50.2,50.1,223,220,FALSE
1/12/23 23:48,50,50,223,219,FALSE
1/12/23 23:50,50.1,50.1,223,220,FALSE
1/12/23 23:52,50.1,50,223,220,FALSE
1/12/23 23:54,49.7,49.7,223,220,FALSE
1/12/23 23:56,49.8,49.7,223,220,FALSE
1/12/23 23:58,50.2,50.1,223,220,FALSE
1/13/23 0:00,49.6,49.9,223,219,FALSE
1/13/23 0:02,50.2,50.2,223,220,FALSE
1/13/23 0:04,50.1,50.1,223,220,FALSE
1/13/23 0:06,49.9,49.9,223,221,FALSE
1/13/23 0:08,49.8,49.9,221,220,FALSE
1/13/23 0:10,50,50,222,221,FALSE
1/13/23 0:12,49.9,49.9,221,220,FALSE
1/13/23 0:14,50.1,50.1,221,221,FALSE
1/13/23 0:16,49.8,49.8,221,221,FALSE
1/13/23 0:18,49.9,49.9,221,221,FALSE
1/13/23 0:20,50,49.9,224,221,FALSE
1/13/23 0:22,49.9,49.9,223,221,FALSE
1/13/23 0:24,49.7,49.7,223,220,FALSE
1/13/23 0:26,50,50,223,221,FALSE
1/13/23 0:28,50.2,50.2,223,221,FALSE
1/13/23 0:30,50.1,50.2,224,221,FALSE
1/13/23 0:32,50,50,224,221,FALSE
1/13/23 0:34,50,50,223,221,FALSE
1/13/23 0:36,49.9,49.9,224,221,FALSE
1/13/23 0:38,49.9,49.9,224,221,FALSE
1/13/23 0:40,50,50,224,221,FALSE
1/13/23 0:42,49.9,49.9,224,221,FALSE
1/13/23 0:44,49.9,49.9,224,221,FALSE
1/13/23 0:46,49.8,49.8,224,221,FALSE
1/13/23 0:48,49.9,49.9,221,221,FALSE
1/13/23 0:50,49.8,49.8,221,221,FALSE
1/13/23 0:52,49.9,50,221,221,FALSE
1/13/23 0:54,50,50,222,221,FALSE
1/13/23 0:56,49.9,49.9,221,221,FALSE
1/13/23 0:58,50,50,222,221,FALSE
1/13/23 1:00,49.8,49.8,224,221,FALSE
1/13/23 1:02,49.9,49.9,224,221,FALSE
1/13/23 1:04,50.1,50,225,221,FALSE
1/13/23 1:06,49,49,223,219,FALSE
1/13/23 1:08,49.9,49.9,224,221,FALSE
1/13/23 1:10,50,49.9,224,221,FALSE
1/13/23 1:12,49.9,49.9,224,221,FALSE
1/13/23 1:14,49.9,49.9,224,221,FALSE
1/13/23 1:16,49.9,49.9,224,221,FALSE
1/13/23 1:18,50,49.9,224,221,FALSE
1/13/23 1:20,50,50,223,221,FALSE
1/13/23 1:22,49.9,49.9,224,221,FALSE
1/13/23 1:24,49.9,49.9,223,221,FALSE
1/13/23 1:26,50,50,223,221,FALSE
1/13/23 1:28,49.9,49.9,223,221,FALSE
1/13/23 1:30,49.9,49.9,221,222,FALSE
1/13/23 1:32,49.8,49.8,221,221,FALSE
1/13/23 1:34,49.8,49.8,221,221,FALSE
1/13/23 1:36,50,49.9,221,221,FALSE
1/13/23 1:38,49.8,49.7,221,221,FALSE
1/13/23 1:40,49.8,49.8,223,221,FALSE
1/13/23 1:42,50.4,50.3,224,221,FALSE
1/13/23 1:44,50,50,223,221,FALSE
1/13/23 1:46,50,50.1,223,221,FALSE
1/13/23 1:48,49.8,49.7,223,221,FALSE
1/13/23 1:50,49.9,49.9,223,221,FALSE
1/13/23 1:52,49.9,50,223,221,FALSE
1/13/23 1:54,49.6,49.6,224,221,FALSE
1/13/23 1:56,50.1,50.1,224,221,FALSE
1/13/23 1:58,49.7,49.7,224,221,FALSE
1/13/23 2:00,49.9,49.9,224,221,FALSE
1/13/23 2:02,50.1,50.1,224,222,FALSE
1/13/23 2:04,49.8,49.8,224,221,FALSE
1/13/23 2:06,49.9,49.9,224,221,FALSE
1/13/23 2:08,50,50,222,221,FALSE
1/13/23 2:10,50,49.9,222,221,FALSE
1/13/23 2:12,50.2,50.3,221,222,FALSE
1/13/23 2:14,49.5,49.5,221,221,FALSE
1/13/23 2:16,49.9,49.9,220,222,FALSE
1/13/23 2:18,49.9,49.9,221,221,FALSE
1/13/23 2:20,49.6,49.6,223,221,FALSE
1/13/23 2:22,50.2,50.2,225,221,FALSE
1/13/23 2:24,50.2,50.1,225,221,FALSE
1/13/23 2:26,49.7,49.7,223,221,FALSE
1/13/23 2:28,50,50,225,220,FALSE
1/13/23 2:30,49.9,49.9,228,214,FALSE
1/13/23 2:32,50.3,50.3,228,216,FALSE
1/13/23 2:34,50.2,50.1,227,216,FALSE
1/13/23 2:36,49.7,49.7,227,215,FALSE
1/13/23 2:38,49.9,49.9,228,216,FALSE
1/13/23 2:40,49.8,49.8,226,221,FALSE
1/13/23 2:42,49.9,49.9,224,221,FALSE
1/13/23 2:44,50.3,50.3,224,221,FALSE
1/13/23 2:46,50,50,225,221,FALSE
1/13/23 2:48,49.9,49.8,223,221,FALSE
1/13/23 2:50,49.8,49.9,221,221,FALSE
1/13/23 2:52,49.9,49.9,221,221,FALSE
1/13/23 2:54,50,50,222,221,FALSE
1/13/23 2:56,49.9,50,222,221,FALSE
1/13/23 2:58,50,50,225,221,FALSE
1/13/23 3:00,49.9,50,223,221,FALSE
1/13/23 3:02,49.9,49.8,224,221,FALSE
1/13/23 3:04,50.2,50.1,224,221,FALSE
1/13/23 3:06,49.9,49.9,224,221,FALSE
1/13/23 3:08,49.6,49.7,223,221,FALSE
1/13/23 3:10,49.9,49.9,224,221,FALSE
1/13/23 3:12,49.7,49.7,225,221,FALSE
1/13/23 3:14,50.1,50.1,226,221,FALSE
1/13/23 3:16,50,50.1,224,221,FALSE
1/13/23 3:18,49.9,49.9,224,221,FALSE
1/13/23 3:20,49.8,49.8,224,221,FALSE
1/13/23 3:22,50,50.1,225,221,FALSE
1/13/23 3:24,49.9,49.8,223,222,FALSE
1/13/23 3:26,49.9,49.9,221,221,FALSE
1/13/23 3:28,50.3,50.3,222,221,FALSE
1/13/23 3:30,49.5,49.5,221,221,FALSE
1/13/23 3:32,49.9,49.9,221,222,FALSE
1/13/23 3:34,50,49.9,220,221,FALSE
1/13/23 3:36,50,50,224,221,FALSE
1/13/23 3:38,49.8,49.8,225,221,FALSE
1/13/23 3:40,50,49.8,224,221,FALSE
1/13/23 3:42,49.5,49.4,223,221,FALSE
1/13/23 3:44,49.9,49.8,224,221,FALSE
1/13/23 3:46,50,50,224,221,FALSE
1/13/23 3:48,49.8,49.7,224,221,FALSE
1/13/23 3:50,50.1,50,224,222,FALSE
1/13/23 3:52,49.9,50,225,221,FALSE
1/13/23 3:54,50.1,50,225,221,FALSE
1/13/23 3:56,50,50,225,221,FALSE
1/13/23 3:58,49.8,49.8,223,222,FALSE
1/13/23 4:00,50.1,50.1,226,221,FALSE
1/13/23 4:02,49.9,49.9,223,221,FALSE
1/13/23 4:04,50.4,50.4,223,221,FALSE
1/13/23 4:06,50,49.9,223,221,FALSE
1/13/23 4:08,50.1,50.1,223,221,FALSE
1/13/23 4:10,50.2,50.1,223,221,FALSE
1/13/23 4:12,50,50,226,221,FALSE
1/13/23 4:14,49.7,49.7,226,221,FALSE
1/13/23 4:16,50.1,50.1,225,221,FALSE
1/13/23 4:18,49.7,49.8,226,214,FALSE
1/13/23 4:20,49.7,49.5,226,214,FALSE
1/13/23 4:22,50,50,226,215,FALSE
1/13/23 4:24,50,49.9,226,215,FALSE
1/13/23 4:26,49.9,49.9,226,215,FALSE
1/13/23 4:28,50.1,50.1,226,215,FALSE
1/13/23 4:30,49.8,49.8,226,215,FALSE
1/13/23 4:32,49.9,50,226,215,FALSE
1/13/23 4:34,50,50,226,216,FALSE
1/13/23 4:36,49.9,50,226,215,FALSE
1/13/23 4:38,49.9,49.9,223,215,FALSE
1/13/23 4:40,49.9,49.9,223,215,FALSE
1/13/23 4:42,49.8,49.9,223,215,FALSE
1/13/23 4:44,49.7,49.6,223,214,FALSE
1/13/23 4:46,50.1,50,223,216,FALSE
1/13/23 4:48,50,49.9,226,216,FALSE
1/13/23 4:50,50,50,226,215,FALSE
1/13/23 4:52,49.8,49.8,226,215,FALSE
1/13/23 4:54,49.9,49.8,226,214,FALSE
1/13/23 4:56,50,49.9,226,214,FALSE
1/13/23 4:58,49.9,49.8,226,215,FALSE
1/13/23 5:00,49.9,49.9,226,215,FALSE
1/13/23 5:02,50,50.2,225,216,FALSE
1/13/23 5:04,49.8,49.8,225,215,FALSE
1/13/23 5:06,49.9,49.8,225,215,FALSE
1/13/23 5:08,50.1,50,225,216,FALSE
1/13/23 5:10,50.1,50.1,226,215,FALSE
1/13/23 5:12,49.8,49.9,225,215,FALSE
1/13/23 5:14,50,49.9,225,214,FALSE
1/13/23 5:16,49.8,49.8,222,214,FALSE
1/13/23 5:18,49.8,49.8,221,215,FALSE
1/13/23 5:20,49.8,49.8,221,214,FALSE
1/13/23 5:22,50.1,50.1,221,214,FALSE
1/13/23 5:24,49.8,50,221,214,FALSE
1/13/23 5:26,49.8,49.7,223,214,FALSE
1/13/23 5:28,49.9,49.9,223,214,FALSE
1/13/23 5:30,50,50,224,214,FALSE
1/13/23 5:32,49.8,49.9,223,214,FALSE
1/13/23 5:34,50,50.1,224,214,FALSE
1/13/23 5:36,50.2,50.2,224,214,FALSE
1/13/23 5:38,50,50.1,223,214,FALSE
1/13/23 5:40,49.9,49.8,224,214,FALSE
1/13/23 5:42,49.9,49.9,224,214,FALSE
1/13/23 5:44,50,50,224,214,FALSE
1/13/23 5:46,50.7,50.6,226,214,FALSE
1/13/23 5:48,50.1,50.1,225,214,FALSE
1/13/23 5:50,50.1,50.1,225,214,FALSE
1/13/23 5:52,50,50,223,214,FALSE
1/13/23 5:54,49.9,49.8,223,214,FALSE
1/13/23 5:56,50.2,50.1,225,215,FALSE
1/13/23 5:58,49.9,49.9,224,214,FALSE
1/13/23 6:00,50,50.1,225,214,FALSE
1/13/23 6:02,49.7,49.7,226,214,FALSE
1/13/23 6:04,49.8,49.7,226,214,FALSE
1/13/23 6:06,49.5,49.6,226,214,FALSE
1/13/23 6:08,49.8,49.8,226,214,FALSE
1/13/23 6:10,49.9,49.9,226,217,FALSE
1/13/23 6:12,49.9,49.9,226,218,FALSE
1/13/23 6:14,50,50,226,218,FALSE
1/13/23 6:16,50.3,50.2,226,218,FALSE
1/13/23 6:18,50.2,50.2,226,219,FALSE
1/13/23 6:20,49.9,49.9,226,219,FALSE
1/13/23 6:22,50.1,50.1,226,219,FALSE
1/13/23 6:24,50,50,226,218,FALSE
1/13/23 6:26,49.9,49.9,225,218,FALSE
1/13/23 6:28,50,50,226,217,FALSE
1/13/23 6:30,50.1,50,223,218,FALSE
1/13/23 6:32,49.8,49.9,223,217,FALSE
1/13/23 6:34,50.1,50.1,223,218,FALSE
1/13/23 6:36,50,49.9,223,218,FALSE
1/13/23 6:38,50,50,222,218,FALSE
1/13/23 6:40,4926,2463,0,0,FALSE
1/13/23 6:42,5618,3030,0,0,FALSE
1/13/23 6:44,6579,9804,0,0,FALSE
1/13/23 6:46,54.2,54.1,228,222,TRUE
1/13/23 6:48,54,54,228,233,TRUE
1/13/23 6:50,54.1,54.2,227,235,TRUE
1/13/23 6:52,54.3,54.4,228,233,TRUE
1/13/23 6:54,54.2,54.2,229,233,TRUE
1/13/23 6:56,54.3,54.1,228,233,TRUE
1/13/23 6:58,54.8,54.9,228,227,TRUE
1/13/23 7:00,54.7,54.7,228,227,TRUE
1/13/23 7:02,54.8,54.7,228,227,TRUE
1/13/23 7:04,54.7,54.8,229,226,TRUE
1/13/23 7:06,54.6,54.5,226,227,TRUE
1/13/23 7:08,54.5,54.6,226,228,TRUE
1/13/23 7:10,54.7,54.7,226,228,TRUE
1/13/23 7:12,54.7,54.8,226,228,TRUE
1/13/23 7:14,54.7,54.7,227,228,TRUE
1/13/23 7:16,54.7,54.7,227,228,TRUE
1/13/23 7:18,54.8,54.8,227,227,TRUE
1/13/23 7:20,54.8,54.8,228,227,TRUE
1/13/23 7:22,54.7,54.8,228,227,TRUE
1/13/23 7:24,54.7,54.7,228,228,TRUE
1/13/23 7:26,54.8,54.8,228,227,TRUE
1/13/23 7:28,54.8,54.8,228,226,TRUE
1/13/23 7:30,54.7,54.8,227,226,TRUE
1/13/23 7:32,54.7,54.7,228,226,TRUE
1/13/23 7:34,54.7,54.6,227,226,TRUE
1/13/23 7:36,54.7,54.6,227,226,TRUE
1/13/23 7:38,54.8,54.7,227,226,TRUE
1/13/23 7:40,54.4,54.8,226,227,TRUE
1/13/23 7:42,54.7,54.5,226,228,TRUE
1/13/23 7:44,54.5,54.5,226,228,TRUE
1/13/23 7:46,54.6,54.7,226,228,TRUE
1/13/23 7:48,54.6,54.5,228,228,TRUE
1/13/23 7:50,54.6,54.8,226,228,TRUE
1/13/23 7:52,54.5,54.6,228,228,TRUE
1/13/23 7:54,54.7,54.7,227,227,TRUE
1/13/23 7:56,54.7,54.6,227,228,TRUE
1/13/23 7:58,54.6,54.8,226,228,TRUE
1/13/23 8:00,54.7,54.7,226,227,TRUE
1/13/23 8:02,54.6,54.7,227,227,TRUE
1/13/23 8:04,49.8,49.9,219,208,FALSE
1/13/23 8:06,50,50,219,213,FALSE
1/13/23 8:08,50.2,50.1,217,212,FALSE
1/13/23 8:10,50.3,50.3,219,211,FALSE
1/13/23 8:12,49.9,50,220,206,FALSE
1/13/23 8:14,49.8,49.9,217,204,FALSE
1/13/23 8:16,49.9,50,217,204,FALSE
1/13/23 8:18,49.8,49.6,216,204,FALSE
1/13/23 8:20,49.2,49.4,216,203,FALSE
1/13/23 8:22,49.9,49.9,216,204,FALSE
1/13/23 8:24,50,50,216,212,FALSE
1/13/23 8:26,50,50.1,216,203,FALSE
1/13/23 8:28,49.7,49.7,215,204,FALSE
1/13/23 8:30,50,50,215,205,FALSE
1/13/23 8:32,50.6,50.6,216,200,FALSE
1/13/23 8:34,49.8,49.9,215,202,FALSE
1/13/23 8:36,49.7,49.7,214,211,FALSE
1/13/23 8:38,49.6,49.7,214,211,FALSE
1/13/23 8:40,49.9,50,209,213,FALSE
1/13/23 8:42,49.9,49.9,215,211,FALSE
1/13/23 8:44,50,49.9,217,211,FALSE
1/13/23 8:46,49.8,49.9,216,210,FALSE
1/13/23 8:48,50.1,50,214,209,FALSE
1/13/23 8:50,50,50,214,204,FALSE
1/13/23 8:52,49.9,49.8,213,200,FALSE
1/13/23 8:54,50.1,50.2,209,204,FALSE
1/13/23 8:56,49.8,49.8,208,204,FALSE
1/13/23 8:58,50.1,50.1,211,202,FALSE
1/13/23 9:00,49.8,49.9,213,204,FALSE
1/13/23 9:02,50,50,211,203,FALSE
1/13/23 9:04,50,50,212,202,FALSE
1/13/23 9:06,50.4,50.5,208,204,FALSE
1/13/23 9:08,2463,50.1,0,204,FALSE
1/13/23 9:10,50.2,50.2,211,202,FALSE
1/13/23 9:12,49.7,49.7,204,202,FALSE
1/13/23 9:14,49.8,49.9,209,204,FALSE
1/13/23 9:16,49,49.1,211,203,FALSE
1/13/23 9:18,49.5,49.7,211,201,FALSE
1/13/23 9:20,50,50,207,202,FALSE
1/13/23 9:22,50.1,50.1,207,199,FALSE
1/13/23 9:24,49.9,50,209,203,FALSE
1/13/23 9:26,49.8,49.9,207,207,FALSE
1/13/23 9:28,49.6,49.7,206,204,FALSE
1/13/23 9:30,49.6,49.6,207,207,FALSE
1/13/23 9:32,49.7,49.6,206,206,FALSE
1/13/23 9:34,49.7,49.8,203,200,FALSE
1/13/23 9:36,50,49.9,204,198,FALSE
1/13/23 9:38,49.9,49.9,198,197,FALSE
1/13/23 9:40,50.1,50.2,210,198,FALSE
1/13/23 9:42,50.2,50.3,211,201,FALSE
1/13/23 9:44,49.7,49.7,207,201,FALSE
1/13/23 9:46,50,50.1,209,204,FALSE
1/13/23 9:48,50,49.9,209,205,FALSE
1/13/23 9:50,49.8,49.9,204,200,FALSE
1/13/23 9:52,50,49.7,207,202,FALSE
1/13/23 9:54,50.5,50.4,211,199,FALSE
1/13/23 9:56,50.2,50.1,209,199,FALSE
1/13/23 9:58,50.2,50,209,197,FALSE
1/13/23 10:00,50.3,50.2,211,191,FALSE
1/13/23 10:02,50.2,50.3,211,199,FALSE
1/13/23 10:04,50.1,50,210,197,FALSE
1/13/23 10:06,49.7,49.6,207,201,FALSE
1/13/23 10:08,50,50.1,207,199,FALSE
1/13/23 10:10,50,50.1,207,199,FALSE
1/13/23 10:12,49.9,49.9,202,202,FALSE
1/13/23 10:14,49.9,49.9,207,195,FALSE
1/13/23 10:16,50.2,50.2,206,204,FALSE
1/13/23 10:18,50.1,50.1,206,199,FALSE
1/13/23 10:20,50.2,50,211,197,FALSE
1/13/23 10:22,49.9,50.1,206,198,FALSE
1/13/23 10:24,50.1,50.2,205,198,FALSE
1/13/23 10:26,49.7,49.8,207,197,FALSE
1/13/23 10:28,50,50.1,206,198,FALSE
1/13/23 10:30,49.8,49.8,209,199,FALSE
1/13/23 10:32,50,50.1,206,197,FALSE
1/13/23 10:34,50.2,50.2,208,198,FALSE
1/13/23 10:36,50.4,50.5,206,195,FALSE
1/13/23 10:38,50.4,50.2,209,199,FALSE
1/13/23 10:40,50.2,50.1,194,196,FALSE
1/13/23 10:42,50.2,50.2,204,190,FALSE
1/13/23 10:44,50,50.1,198,194,FALSE
1/13/23 10:46,49.9,49.9,202,193,FALSE
1/13/23 10:48,50.1,50.1,202,192,FALSE
1/13/23 10:50,50,49.8,202,193,FALSE
1/13/23 10:52,49.9,49.9,202,194,FALSE
1/13/23 10:54,50.1,50.1,203,194,FALSE
1/13/23 10:56,49.6,49.6,202,192,FALSE
1/13/23 10:58,49.8,49.9,203,194,FALSE
1/13/23 11:00,49.6,49.6,202,195,FALSE
1/13/23 11:02,50,50,203,190,FALSE
1/13/23 11:04,50.1,50.2,202,194,FALSE
1/13/23 11:06,50,50,202,194,FALSE
1/13/23 11:08,49.6,49.5,202,199,FALSE
1/13/23 11:10,49.5,49.5,202,197,FALSE
1/13/23 11:12,50,50,200,196,FALSE
1/13/23 11:14,49.9,49.9,202,194,FALSE
1/13/23 11:16,50.2,50.3,196,197,FALSE
1/13/23 11:18,50.3,50.2,203,192,FALSE
1/13/23 11:20,50.2,50.3,207,198,FALSE
1/13/23 11:22,49.8,49.8,206,200,FALSE
1/13/23 11:24,49.8,50,197,190,FALSE
1/13/23 11:26,50.5,50.6,201,199,FALSE
1/13/23 11:28,49.9,50.1,204,197,FALSE
1/13/23 11:30,50.1,50.2,205,199,FALSE
1/13/23 11:32,50.1,50.1,204,199,FALSE
1/13/23 11:34,50.1,50.1,206,199,FALSE
1/13/23 11:36,49.7,49.8,208,197,FALSE
1/13/23 11:38,49.6,49.7,202,192,FALSE
1/13/23 11:40,49.7,49.9,199,189,FALSE
1/13/23 11:42,49.7,49.7,204,196,FALSE
1/13/23 11:44,49.6,49.7,193,189,FALSE
1/13/23 11:46,50,50,203,193,FALSE
1/13/23 11:48,50.1,50.2,205,197,FALSE
1/13/23 11:50,50,50,209,195,FALSE
1/13/23 11:52,49.8,49.7,207,197,FALSE
1/13/23 11:54,49.9,49.5,199,197,FALSE
1/13/23 11:56,50,50,207,197,FALSE
1/13/23 11:58,49.8,49.8,199,199,FALSE
1/13/23 12:00,49.9,49.7,209,202,FALSE
1/13/23 12:02,49.7,49.6,194,206,FALSE
1/13/23 12:04,50.9,49.5,202,204,FALSE
1/13/23 12:06,49.9,49.8,202,206,FALSE
1/13/23 12:08,50.1,50.1,210,206,FALSE
1/13/23 12:10,50,49.9,202,202,FALSE
1/13/23 12:12,49.8,49.8,204,200,FALSE
1/13/23 12:14,49.6,49.5,194,192,FALSE
1/13/23 12:16,49.5,49.7,191,199,FALSE
1/13/23 12:18,50.1,50,190,203,FALSE
1/13/23 12:20,50.1,50.4,206,193,FALSE
1/13/23 12:22,49.8,50,207,194,FALSE
1/13/23 12:24,50,50,207,199,FALSE
1/13/23 12:26,49.8,50,210,187,FALSE
1/13/23 12:28,50.1,50.1,207,194,FALSE
1/13/23 12:30,49.8,49.9,209,190,FALSE
1/13/23 12:32,49.7,49.6,206,196,FALSE
1/13/23 12:34,50.1,50.2,208,199,FALSE
1/13/23 12:36,50.1,50.1,204,197,FALSE
1/13/23 12:38,49.8,49.9,205,199,FALSE
1/13/23 12:40,50,49.9,193,189,FALSE
1/13/23 12:42,49.8,49.8,204,198,FALSE
1/13/23 12:44,49.8,49.7,204,198,FALSE
1/13/23 12:46,49.9,49.8,205,199,FALSE
1/13/23 12:48,50.2,50,202,199,FALSE
1/13/23 12:50,50,50,198,201,FALSE
1/13/23 12:52,50,50.1,202,201,FALSE
1/13/23 12:54,50.1,50.1,207,199,FALSE
1/13/23 12:56,50.1,50,204,198,FALSE
1/13/23 12:58,50,50,207,200,FALSE
1/13/23 13:00,50.3,50.2,207,200,FALSE
1/13/23 13:02,49.9,49.8,203,207,FALSE
1/13/23 13:04,49.6,49.6,204,201,FALSE
1/13/23 13:06,49.7,49.7,205,205,FALSE
1/13/23 13:08,49.8,49.8,204,204,FALSE
1/13/23 13:10,49.8,49.7,204,204,FALSE
1/13/23 13:12,50.3,50.3,206,207,FALSE
1/13/23 13:14,50.1,50.1,204,206,FALSE
1/13/23 13:16,50.5,50.4,202,207,FALSE
1/13/23 13:18,50.3,50.3,204,208,FALSE
1/13/23 13:20,49.8,49.8,206,197,FALSE
1/13/23 13:22,49.9,49.9,206,207,FALSE
1/13/23 13:24,50.1,50.2,204,209,FALSE
1/13/23 13:26,49.9,49.8,199,208,FALSE
1/13/23 13:28,50.1,50.3,202,199,FALSE
1/13/23 13:30,49.9,49.9,202,201,FALSE
1/13/23 13:32,49.9,49.7,207,199,FALSE
1/13/23 13:34,49.7,49.8,197,207,FALSE
1/13/23 13:36,50,50.1,201,209,FALSE
1/13/23 13:38,49.9,50.1,202,202,FALSE
1/13/23 13:40,50.4,50.5,206,198,FALSE
1/13/23 13:42,50.5,50.4,204,207,FALSE
1/13/23 13:44,50,50,209,212,FALSE
1/13/23 13:46,49.7,49.8,214,210,FALSE
1/13/23 13:48,50.2,50.2,212,211,FALSE
1/13/23 13:50,49.9,50,215,210,FALSE
1/13/23 13:52,50,50.1,209,211,FALSE
1/13/23 13:54,49.5,49.7,212,200,FALSE
1/13/23 13:56,49.9,49.5,210,206,FALSE
1/13/23 13:58,49.9,49.9,209,209,FALSE
1/13/23 14:00,49.6,49.8,209,208,FALSE
1/13/23 14:02,49.8,49.8,214,206,FALSE
1/13/23 14:04,49.8,49.8,214,207,FALSE
1/13/23 14:06,49.8,49.8,209,204,FALSE
1/13/23 14:08,50.1,50,208,207,FALSE
1/13/23 14:10,50.3,50.4,211,206,FALSE
1/13/23 14:12,50,49.9,205,205,FALSE
1/13/23 14:14,50.8,50.7,205,202,FALSE
1/13/23 14:16,50.3,50.1,205,204,FALSE
1/13/23 14:18,49.7,49.8,211,204,FALSE
1/13/23 14:20,50,49.9,214,203,FALSE
1/13/23 14:22,50,49.9,214,207,FALSE
1/13/23 14:24,49.6,49.6,214,204,FALSE
1/13/23 14:26,50,50.2,205,206,FALSE
1/13/23 14:28,50.3,50.2,214,202,FALSE
1/13/23 14:30,49.8,49.8,208,203,FALSE
1/13/23 14:32,50,50,209,203,FALSE
1/13/23 14:34,50.3,50.3,211,204,FALSE
1/13/23 14:36,50.5,50.5,213,203,FALSE
1/13/23 14:38,50.1,50.1,214,204,FALSE
1/13/23 14:40,50.5,50.5,213,205,FALSE
1/13/23 14:42,50,50,213,202,FALSE
1/13/23 14:44,50.1,50.1,212,202,FALSE
1/13/23 14:46,50.1,50,211,203,FALSE
1/13/23 14:48,50.2,50.2,209,202,FALSE
1/13/23 14:50,50.2,50.2,209,202,FALSE
1/13/23 14:52,50.8,50.7,208,201,FALSE
1/13/23 14:54,50.4,50.5,208,202,FALSE
1/13/23 14:56,49.9,49.8,205,204,FALSE
1/13/23 14:58,50.1,50.1,204,204,FALSE
1/13/23 15:00,49.9,49.9,207,202,FALSE
1/13/23 15:02,50.2,50.2,211,203,FALSE
1/13/23 15:04,50,49.9,204,208,FALSE
1/13/23 15:06,49.6,49.6,202,207,FALSE
1/13/23 15:08,50.1,50.1,206,206,FALSE
1/13/23 15:10,50.2,50.4,202,210,FALSE
1/13/23 15:12,50.1,50.1,212,206,FALSE
1/13/23 15:14,50,50.1,212,207,FALSE
1/13/23 15:16,50.2,50.1,209,207,FALSE
1/13/23 15:18,50.1,50,212,206,FALSE
1/13/23 15:20,50,49.9,211,203,FALSE
1/13/23 15:22,50.2,50.2,211,204,FALSE
1/13/23 15:24,49.8,49.9,210,206,FALSE
1/13/23 15:26,50,49.8,211,207,FALSE
1/13/23 15:28,49.5,49.6,210,207,FALSE
1/13/23 15:30,49.8,49.7,211,207,FALSE
1/13/23 15:32,49.9,50.1,209,199,FALSE
1/13/23 15:34,50.6,50.4,209,209,FALSE
1/13/23 15:36,49.7,49.6,208,204,FALSE
1/13/23 15:38,50,49.7,209,207,FALSE
1/13/23 15:40,50.7,50.7,211,198,FALSE
1/13/23 15:42,50.1,50,209,202,FALSE
1/13/23 15:44,50,49.9,207,205,FALSE
1/13/23 15:46,50.3,50.4,212,195,FALSE
1/13/23 15:48,50.2,50.2,211,202,FALSE
1/13/23 15:50,49.7,49.8,211,207,FALSE
1/13/23 15:52,50.2,50.2,209,204,FALSE
1/13/23 15:54,50,50,204,209,FALSE
1/13/23 15:56,49.7,49.7,211,200,FALSE
1/13/23 15:58,49.8,49.7,208,194,FALSE
1/13/23 16:00,49.8,50,204,192,FALSE
1/13/23 16:02,49.8,49.8,198,196,FALSE
1/13/23 16:04,49.9,49.7,200,189,FALSE
1/13/23 16:06,50,49.9,198,195,FALSE
1/13/23 16:08,49.5,49.6,204,192,FALSE
1/13/23 16:10,49.7,49.9,204,201,FALSE
1/13/23 16:12,50,50.1,208,200,FALSE
1/13/23 16:14,50.2,50.1,207,199,FALSE
1/13/23 16:16,49.9,49.8,206,195,FALSE
1/13/23 16:18,50,50,199,199,FALSE
1/13/23 16:20,50.2,50.2,199,202,FALSE
1/13/23 16:22,49.8,49.8,199,202,FALSE
1/13/23 16:24,49.6,49.6,204,199,FALSE
1/13/23 16:26,49.6,49.6,194,200,FALSE
1/13/23 16:28,49.7,49.6,204,199,FALSE
1/13/23 16:30,49.5,49.5,193,205,FALSE
1/13/23 16:32,49.7,49.7,202,202,FALSE
1/13/23 16:34,49.6,49.7,199,205,FALSE
1/13/23 16:36,49.7,49.7,204,203,FALSE
1/13/23 16:38,49.9,49.9,211,198,FALSE
1/13/23 16:40,49.7,49.8,209,201,FALSE
1/13/23 16:42,50,50,207,196,FALSE
1/13/23 16:44,49.6,49.7,206,204,FALSE
1/13/23 16:46,49.7,49.7,207,202,FALSE
1/13/23 16:48,49.7,49.8,199,198,FALSE
1/13/23 16:50,49.9,49.9,202,189,FALSE
1/13/23 16:52,49.9,50,202,197,FALSE
1/13/23 16:54,50.1,50.1,206,200,FALSE
1/13/23 16:56,50.5,50.5,209,199,FALSE
1/13/23 16:58,50.4,50.5,207,186,FALSE
1/13/23 17:00,49.9,49.9,202,192,FALSE
1/13/23 17:02,49.9,49.9,205,202,FALSE
1/13/23 17:04,50.1,50.1,205,196,FALSE
1/13/23 17:06,50,50.2,203,200,FALSE
1/13/23 17:08,49.8,49.8,199,196,FALSE
1/13/23 17:10,50.3,50.3,202,194,FALSE
1/13/23 17:12,50,49.9,209,197,FALSE
1/13/23 17:14,49.7,49.7,209,195,FALSE
1/13/23 17:16,49.9,50,209,200,FALSE
1/13/23 17:18,50,50,209,199,FALSE
1/13/23 17:20,49.8,49.9,209,199,FALSE
1/13/23 17:22,50,50,209,201,FALSE
1/13/23 17:24,50.1,50,212,202,FALSE
1/13/23 17:26,50.2,50.1,211,204,FALSE
1/13/23 17:28,50,50,211,204,FALSE
1/13/23 17:30,49.9,50,211,201,FALSE
1/13/23 17:32,49.7,49.8,212,199,FALSE
1/13/23 17:34,50.1,50,212,197,FALSE
1/13/23 17:36,50.2,50.2,214,199,FALSE
1/13/23 17:38,50.1,50.1,219,201,FALSE
1/13/23 17:40,50.2,50.2,216,204,FALSE
1/13/23 17:42,50.1,50.1,216,204,FALSE
1/13/23 17:44,49.8,49.8,214,200,FALSE
1/13/23 17:46,49.8,49.8,212,203,FALSE
1/13/23 17:48,49.9,49.9,214,204,FALSE
1/13/23 17:50,50,50,214,202,FALSE
1/13/23 17:52,50,50,214,203,FALSE
1/13/23 17:54,50.2,50.2,216,201,FALSE
1/13/23 17:56,50.2,50.2,215,202,FALSE
1/13/23 17:58,50.2,50.1,216,202,FALSE
1/13/23 18:00,49.8,49.9,215,202,FALSE
1/13/23 18:02,49.9,49.9,213,200,FALSE
1/13/23 18:04,49.8,49.7,214,201,FALSE
1/13/23 18:06,50,50,213,199,FALSE
1/13/23 18:08,49.8,49.8,214,198,FALSE
1/13/23 18:10,50,50.1,215,197,FALSE
1/13/23 18:12,49.9,50,214,196,FALSE
1/13/23 18:14,50,50,216,196,FALSE
1/13/23 18:16,49.8,49.9,213,197,FALSE
1/13/23 18:18,49.8,49.8,215,192,FALSE
1/13/23 18:20,49.9,49.9,214,192,FALSE
1/13/23 18:22,49.8,49.8,214,194,FALSE
1/13/23 18:24,50.2,50.2,214,194,FALSE
1/13/23 18:26,49.9,49.8,214,194,FALSE
1/13/23 18:28,49.8,49.8,216,193,FALSE
1/13/23 18:30,49.8,49.8,215,192,FALSE
1/13/23 18:32,49.9,49.8,214,194,FALSE
1/13/23 18:34,49.6,49.7,213,196,FALSE
1/13/23 18:36,49.7,49.7,216,197,FALSE
1/13/23 18:38,49.9,50,216,198,FALSE
1/13/23 18:40,49.4,49.4,216,192,FALSE
1/13/23 18:42,49.9,49.9,216,192,FALSE
1/13/23 18:44,49.8,49.8,218,192,FALSE
1/13/23 18:46,50.2,50.2,217,193,FALSE
1/13/23 18:48,49.9,49.9,216,192,FALSE
1/13/23 18:50,50.1,50.2,215,194,FALSE
1/13/23 18:52,50.1,50.2,216,193,FALSE
1/13/23 18:54,50.1,50.1,217,192,FALSE
1/13/23 18:56,49.6,49.6,216,193,FALSE
1/13/23 18:58,50,49.9,218,194,FALSE
1/13/23 19:00,50,50,217,194,FALSE
1/13/23 19:02,50.2,50.1,216,194,FALSE
1/13/23 19:04,49.9,50,216,194,FALSE
1/13/23 19:06,50.1,50,213,194,FALSE
1/13/23 19:08,50.1,50.1,214,195,FALSE
1/13/23 19:10,50.3,50.2,214,194,FALSE
1/13/23 19:12,50,50,212,196,FALSE
1/13/23 19:14,50,49.9,214,197,FALSE
1/13/23 19:16,49.7,49.7,214,197,FALSE
1/13/23 19:18,49.7,49.7,214,197,FALSE
1/13/23 19:20,49.7,49.8,214,196,FALSE
1/13/23 19:22,50,50.1,218,197,FALSE
1/13/23 19:24,50.1,50.1,219,197,FALSE
1/13/23 19:26,49.8,49.8,217,196,FALSE
1/13/23 19:28,49.9,49.9,217,196,FALSE
1/13/23 19:30,50,50.1,217,196,FALSE
1/13/23 19:32,49.9,50,217,197,FALSE
1/13/23 19:34,50.5,50.5,218,196,FALSE
1/13/23 19:36,51.5,50.2,219,197,FALSE
1/13/23 19:38,50.2,50,218,197,FALSE
1/13/23 19:40,50,50.1,219,198,FALSE
1/13/23 19:42,50,50,216,199,FALSE
1/13/23 19:44,50,50.1,217,200,FALSE
1/13/23 19:46,49.9,49.9,216,204,FALSE
1/13/23 19:48,49.8,49.8,214,206,FALSE
1/13/23 19:50,49.8,49.7,215,207,FALSE
1/13/23 19:52,49.6,49.6,214,204,FALSE
1/13/23 19:54,50,49.8,216,207,FALSE
1/13/23 19:56,50,49.9,215,206,FALSE
1/13/23 19:58,50,49.9,216,207,FALSE
1/13/23 20:00,50.1,50.1,217,207,FALSE
1/13/23 20:02,50,50,218,207,FALSE
1/13/23 20:04,50,50,220,202,FALSE
1/13/23 20:06,49.9,49.9,221,203,FALSE
1/13/23 20:08,50,49.9,221,202,FALSE
1/13/23 20:10,49.9,50,223,201,FALSE
1/13/23 20:12,50.4,50.4,221,208,FALSE
1/13/23 20:14,50.1,50.1,220,209,FALSE
1/13/23 20:16,50,50.1,221,208,FALSE
1/13/23 20:18,50.1,50.1,221,207,FALSE
1/13/23 20:20,50,50,224,206,FALSE
1/13/23 20:22,50.1,50,222,210,FALSE
1/13/23 20:24,50,50,223,210,FALSE
1/13/23 20:26,49.9,49.9,223,209,FALSE
1/13/23 20:28,49.8,49.8,221,209,FALSE
1/13/23 20:30,49.8,49.8,220,209,FALSE
1/13/23 20:32,49.9,49.9,220,210,FALSE
1/13/23 20:34,49.8,49.9,221,208,FALSE
1/13/23 20:36,49.9,49.9,219,209,FALSE
1/13/23 20:38,50.1,50,219,209,FALSE
1/13/23 20:40,50.1,50,218,209,FALSE
1/13/23 20:42,50.3,50.3,219,209,FALSE
1/13/23 20:44,50.1,50.2,220,211,FALSE
1/13/23 20:46,50.1,50.2,218,210,FALSE
1/13/23 20:48,50,50,217,210,FALSE
1/13/23 20:50,50.1,50.1,221,210,FALSE
1/13/23 20:52,50.1,50,219,209,FALSE
1/13/23 20:54,50,49.9,220,210,FALSE
1/13/23 20:56,49.8,49.9,220,204,FALSE
1/13/23 20:58,49.8,49.8,221,205,FALSE
1/13/23 21:00,49.9,49.9,221,205,FALSE
1/13/23 21:02,50.1,50.1,221,205,FALSE
1/13/23 21:04,50,50,219,210,FALSE
1/13/23 21:06,50.2,50.2,221,211,FALSE
1/13/23 21:08,49.9,49.9,222,207,FALSE
1/13/23 21:10,50.2,50.2,223,207,FALSE
1/13/23 21:12,50.2,50.2,222,208,FALSE
1/13/23 21:14,49.5,49.5,221,210,FALSE
1/13/23 21:16,50.1,50.1,223,211,FALSE
1/13/23 21:18,50.2,50.3,216,211,FALSE
1/13/23 21:20,49.9,49.9,212,211,FALSE
1/13/23 21:22,49.9,49.9,214,211,FALSE
1/13/23 21:24,49.7,49.9,212,211,FALSE
1/13/23 21:26,50,50.1,212,216,FALSE
1/13/23 21:28,49.8,49.9,219,213,FALSE
1/13/23 21:30,50,50.1,219,212,FALSE
1/13/23 21:32,50,50,220,214,FALSE
1/13/23 21:34,50.1,50.1,222,212,FALSE
1/13/23 21:36,49.7,49.8,222,213,FALSE
1/13/23 21:38,49.7,49.7,222,212,FALSE
1/13/23 21:40,50.2,50.2,223,213,FALSE
1/13/23 21:42,50,50,222,213,FALSE
1/13/23 21:44,49.8,49.8,222,212,FALSE
1/13/23 21:46,50,50,224,214,FALSE
1/13/23 21:48,50,50,223,213,FALSE
1/13/23 21:50,49.9,49.9,222,213,FALSE
1/13/23 21:52,49.8,49.8,222,211,FALSE
1/13/23 21:54,49.9,49.9,222,213,FALSE
1/13/23 21:56,49.7,49.6,223,212,FALSE
1/13/23 21:58,50.1,50.1,223,213,FALSE
1/13/23 22:00,49.7,49.7,223,212,FALSE
1/13/23 22:02,49.9,49.9,223,212,FALSE
1/13/23 22:04,49.7,49.7,221,212,FALSE
1/13/23 22:06,49.8,49.8,221,212,FALSE
1/13/23 22:08,50,50,221,213,FALSE
1/13/23 22:10,49.9,50,221,212,FALSE
1/13/23 22:12,50,49.9,221,213,FALSE
1/13/23 22:14,50.2,50.2,221,213,FALSE
1/13/23 22:16,49.7,49.7,221,212,FALSE
1/13/23 22:18,49.9,49.8,223,212,FALSE
1/13/23 22:20,50.1,50.1,223,214,FALSE
1/13/23 22:22,49.5,49.5,223,213,FALSE
1/13/23 22:24,50.2,50.2,224,214,FALSE
1/13/23 22:26,50.2,50.2,224,214,FALSE
1/13/23 22:28,49.8,49.8,223,213,FALSE
1/13/23 22:30,50.1,50.1,224,214,FALSE
1/13/23 22:32,49.7,49.7,223,213,FALSE
1/13/23 22:34,49.9,49.9,223,213,FALSE
1/13/23 22:36,50.1,50.1,224,214,FALSE
1/13/23 22:38,50,50,223,214,FALSE
1/13/23 22:40,50,50.1,223,214,FALSE
1/13/23 22:42,49.8,49.8,223,214,FALSE
1/13/23 22:44,50,50,223,214,FALSE
1/13/23 22:46,49.8,49.8,223,214,FALSE
1/13/23 22:48,49.9,49.8,221,214,FALSE
1/13/23 22:50,50.1,50.1,221,214,FALSE
1/13/23 22:52,49.6,49.6,221,213,FALSE
1/13/23 22:54,49.9,49.9,221,214,FALSE
1/13/23 22:56,49.8,49.8,221,214,FALSE
1/13/23 22:58,49.9,49.9,220,220,FALSE
1/13/23 23:00,50,50,223,221,FALSE
1/13/23 23:02,49.8,49.8,223,220,FALSE
1/13/23 23:04,50,50.1,223,221,FALSE
1/13/23 23:06,49.6,49.6,223,221,FALSE
1/13/23 23:08,49.9,49.9,218,222,FALSE
1/13/23 23:10,50,50,218,223,FALSE
1/13/23 23:12,49.8,49.9,219,223,FALSE
1/13/23 23:14,49.8,49.8,223,221,FALSE
1/13/23 23:16,50.2,50.1,224,221,FALSE
1/13/23 23:18,50.1,50.2,224,221,FALSE
1/13/23 23:20,49.8,49.9,223,221,FALSE
1/13/23 23:22,49.7,49.6,223,221,FALSE
1/13/23 23:24,50.2,50.2,225,221,FALSE
1/13/23 23:26,49.6,49.6,223,221,FALSE
1/13/23 23:28,50,50,223,221,FALSE
1/13/23 23:30,49.9,49.9,221,221,FALSE
1/13/23 23:32,50.2,50.2,222,221,FALSE
1/13/23 23:34,50,50,222,221,FALSE
1/13/23 23:36,49.8,49.9,220,221,FALSE
1/13/23 23:38,50,49.9,221,221,FALSE
1/13/23 23:40,50,50,220,221,FALSE
1/13/23 23:42,50,50,221,222,FALSE
1/13/23 23:44,50,50,223,221,FALSE
1/13/23 23:46,50,50,223,222,FALSE
1/13/23 23:48,50,50.1,223,222,FALSE
1/13/23 23:50,49.7,49.7,222,221,FALSE
1/13/23 23:52,49.7,49.6,223,220,FALSE
1/13/23 23:54,50.2,50.2,223,222,FALSE
1/13/23 23:56,50,49.9,223,222,FALSE
1/13/23 23:58,49.8,49.8,223,221,FALSE
1/14/23 0:00,49.8,49.7,223,222,FALSE
1/14/23 0:02,49.8,49.9,223,222,FALSE
1/14/23 0:04,49.8,49.8,223,221,FALSE
1/14/23 0:06,50.2,50.2,223,222,FALSE
1/14/23 0:08,49.9,49.9,223,222,FALSE
1/14/23 0:10,50.1,50.1,223,221,FALSE
1/14/23 0:12,49.9,49.8,223,221,FALSE
1/14/23 0:14,50,50.1,221,221,FALSE
1/14/23 0:16,50,50,221,222,FALSE
1/14/23 0:18,50,49.9,221,222,FALSE
1/14/23 0:20,49.9,50,221,222,FALSE
1/14/23 0:22,50.1,50.1,221,222,FALSE
1/14/23 0:24,50.2,50.2,221,222,FALSE
1/14/23 0:26,50,50,223,222,FALSE
1/14/23 0:28,50.1,50,223,222,FALSE
1/14/23 0:30,49.7,49.7,223,221,FALSE
1/14/23 0:32,50.1,50.1,223,222,FALSE
1/14/23 0:34,49.9,49.9,223,222,FALSE
1/14/23 0:36,50.2,50.2,223,222,FALSE
1/14/23 0:38,49.7,49.7,222,222,FALSE
1/14/23 0:40,49.9,50,223,222,FALSE
1/14/23 0:42,50.2,50.2,223,222,FALSE
1/14/23 0:44,49.9,50,223,222,FALSE
1/14/23 0:46,49.8,49.8,222,222,FALSE
1/14/23 0:48,49.9,49.9,222,222,FALSE
1/14/23 0:50,49.9,49.9,222,222,FALSE
1/14/23 0:52,49.8,49.8,223,222,FALSE
1/14/23 0:54,50,50,221,223,FALSE
1/14/23 0:56,49.9,49.8,221,222,FALSE
1/14/23 0:58,49.9,50,221,223,FALSE
1/14/23 1:00,49.6,49.7,220,222,FALSE
1/14/23 1:02,49.8,49.8,220,222,FALSE
1/14/23 1:04,49.8,49.8,221,222,FALSE
1/14/23 1:06,49.8,49.8,223,223,FALSE
1/14/23 1:08,49.9,50,223,222,FALSE
1/14/23 1:10,50.2,50.1,223,223,FALSE
1/14/23 1:12,50,49.9,223,223,FALSE
1/14/23 1:14,49.8,49.8,223,222,FALSE
1/14/23 1:16,49.9,49.9,223,222,FALSE
1/14/23 1:18,49.8,49.7,223,222,FALSE
1/14/23 1:20,49.9,50,223,223,FALSE
1/14/23 1:22,50,50,223,223,FALSE
1/14/23 1:24,50,50,223,223,FALSE
1/14/23 1:26,49.8,49.9,223,222,FALSE
1/14/23 1:28,50.2,50.1,223,223,FALSE
1/14/23 1:30,49.8,49.8,223,222,FALSE
1/14/23 1:32,50.2,50.1,223,223,FALSE
1/14/23 1:34,50,50,221,223,FALSE
1/14/23 1:36,49.6,49.7,221,222,FALSE
1/14/23 1:38,50,50,221,223,FALSE
1/14/23 1:40,50,50,221,223,FALSE
1/14/23 1:42,50,50.1,221,223,FALSE
1/14/23 1:44,50.1,50.1,223,223,FALSE
1/14/23 1:46,49.9,49.9,223,223,FALSE
1/14/23 1:48,50,50,223,223,FALSE
1/14/23 1:50,49.9,49.9,223,223,FALSE
1/14/23 1:52,50,50,223,223,FALSE
1/14/23 1:54,49.8,49.8,223,222,FALSE
1/14/23 1:56,50,50,223,223,FALSE
1/14/23 1:58,50.1,50.1,223,223,FALSE
1/14/23 2:00,49.8,49.9,223,223,FALSE
1/14/23 2:02,49.6,49.6,223,222,FALSE
1/14/23 2:04,49.8,49.8,223,222,FALSE
1/14/23 2:06,50.2,50.1,223,223,FALSE
1/14/23 2:08,49.9,49.9,223,223,FALSE
1/14/23 2:10,50,50,223,223,FALSE
1/14/23 2:12,50,50,221,223,FALSE
1/14/23 2:14,49.9,49.9,221,223,FALSE
1/14/23 2:16,49.8,49.8,221,223,FALSE
1/14/23 2:18,49.9,50,221,223,FALSE
1/14/23 2:20,50,50,221,223,FALSE
1/14/23 2:22,50,50,221,223,FALSE
1/14/23 2:24,49.8,49.7,223,222,FALSE
1/14/23 2:26,50,50.1,223,223,FALSE
1/14/23 2:28,50,50,223,223,FALSE
1/14/23 2:30,50,50,223,223,FALSE
1/14/23 2:32,50.2,50.2,224,223,FALSE
1/14/23 2:34,49.9,49.9,223,222,FALSE
1/14/23 2:36,49.9,49.9,223,223,FALSE
1/14/23 2:38,49.6,49.7,223,222,FALSE
1/14/23 2:40,49.9,49.9,223,223,FALSE
1/14/23 2:42,49.7,49.8,222,222,FALSE
1/14/23 2:44,49.8,49.7,222,223,FALSE
1/14/23 2:46,50.1,50.1,223,223,FALSE
1/14/23 2:48,50,50,223,223,FALSE
1/14/23 2:50,50,49.9,223,223,FALSE
1/14/23 2:52,49.8,49.7,220,223,FALSE
1/14/23 2:54,49.9,49.9,220,223,FALSE
1/14/23 2:56,49.9,49.9,220,223,FALSE
1/14/23 2:58,49.9,49.9,219,223,FALSE
1/14/23 3:00,50,50,221,223,FALSE
1/14/23 3:02,50,50,219,223,FALSE
1/14/23 3:04,49.8,49.8,220,223,FALSE
1/14/23 3:06,49.8,49.8,221,223,FALSE
1/14/23 3:08,49.9,50,223,223,FALSE
1/14/23 3:10,49.9,49.9,223,223,FALSE
1/14/23 3:12,49.9,49.9,223,223,FALSE
1/14/23 3:14,50.1,50.1,223,223,FALSE
1/14/23 3:16,49.9,49.9,223,223,FALSE
1/14/23 3:18,49.3,49.2,223,221,FALSE
1/14/23 3:20,49.8,49.8,223,223,FALSE
1/14/23 3:22,50,50,223,223,FALSE
1/14/23 3:24,49.8,49.9,224,223,FALSE
1/14/23 3:26,50,50,224,223,FALSE
1/14/23 3:28,50.2,50.2,223,223,FALSE
1/14/23 3:30,49.7,49.7,222,223,FALSE
1/14/23 3:32,49.8,49.9,223,223,FALSE
1/14/23 3:34,49.9,49.9,221,223,FALSE
1/14/23 3:36,49.8,49.8,221,223,FALSE
1/14/23 3:38,50,49.9,220,223,FALSE
1/14/23 3:40,49.9,49.9,221,223,FALSE
1/14/23 3:42,49.9,49.9,221,223,FALSE
1/14/23 3:44,50,50,223,223,FALSE
1/14/23 3:46,49.9,49.9,222,223,FALSE
1/14/23 3:48,49.9,49.9,223,223,FALSE
1/14/23 3:50,50,50,224,223,FALSE
1/14/23 3:52,49.9,49.9,223,223,FALSE
1/14/23 3:54,50,50,223,223,FALSE
1/14/23 3:56,50,49.9,223,223,FALSE
1/14/23 3:58,50,50,223,223,FALSE
1/14/23 4:00,50,50,223,223,FALSE
1/14/23 4:02,49.8,49.8,223,223,FALSE
1/14/23 4:04,50.1,50,223,223,FALSE
1/14/23 4:06,50.1,50.2,224,223,FALSE
1/14/23 4:08,49.6,49.6,223,222,FALSE
1/14/23 4:10,50,50,224,223,FALSE
1/14/23 4:12,49.8,49.8,221,223,FALSE
1/14/23 4:14,49.9,49.9,221,222,FALSE
1/14/23 4:16,50,50,222,223,FALSE
1/14/23 4:18,49.9,49.9,221,223,FALSE
1/14/23 4:20,50,50,221,223,FALSE
1/14/23 4:22,50,50,221,223,FALSE
1/14/23 4:24,49.8,49.6,222,222,FALSE
1/14/23 4:26,49.8,49.8,223,223,FALSE
1/14/23 4:28,49.8,49.8,224,223,FALSE
1/14/23 4:30,50.1,50.1,224,223,FALSE
1/14/23 4:32,50.1,50.1,224,223,FALSE
1/14/23 4:34,50,50,224,222,FALSE
1/14/23 4:36,50.1,50.1,224,222,FALSE
1/14/23 4:38,49.9,50,224,223,FALSE
1/14/23 4:40,49.9,49.9,224,223,FALSE
1/14/23 4:42,50,50,224,217,FALSE
1/14/23 4:44,49.7,49.7,224,215,FALSE
1/14/23 4:46,49.8,49.8,224,215,FALSE
1/14/23 4:48,50,50,225,216,FALSE
1/14/23 4:50,50.2,50.2,225,215,FALSE
1/14/23 4:52,49.9,49.9,224,215,FALSE
1/14/23 4:54,50,50,225,215,FALSE
1/14/23 4:56,49.9,49.9,222,214,FALSE
1/14/23 4:58,49.7,49.7,222,215,FALSE
1/14/23 5:00,49.8,49.7,222,214,FALSE
1/14/23 5:02,49.8,49.8,222,214,FALSE
1/14/23 5:04,49.7,49.7,222,214,FALSE
1/14/23 5:06,49.9,50,225,215,FALSE
1/14/23 5:08,50.1,50.1,225,216,FALSE
1/14/23 5:10,50,49.9,225,214,FALSE
1/14/23 5:12,50.2,50.1,225,215,FALSE
1/14/23 5:14,50,49.9,224,214,FALSE
1/14/23 5:16,50.1,50.1,225,215,FALSE
1/14/23 5:18,49.8,49.8,224,214,FALSE
1/14/23 5:20,50,50,225,215,FALSE
1/14/23 5:22,49.7,49.8,224,215,FALSE
1/14/23 5:24,50.1,50,225,215,FALSE
1/14/23 5:26,49.9,49.9,224,215,FALSE
1/14/23 5:28,50.2,50.2,228,211,FALSE
1/14/23 5:30,50.1,50.2,227,210,FALSE
1/14/23 5:32,49.7,49.7,227,209,FALSE
1/14/23 5:34,50,50,225,210,FALSE
1/14/23 5:36,50.2,50.1,225,210,FALSE
1/14/23 5:38,49.9,49.9,224,210,FALSE
1/14/23 5:40,50.1,50.1,222,215,FALSE
1/14/23 5:42,49.9,49.9,221,215,FALSE
1/14/23 5:44,50,49.9,224,216,FALSE
1/14/23 5:46,49.9,49.9,224,215,FALSE
1/14/23 5:48,49.8,49.8,224,215,FALSE
1/14/23 5:50,49.9,50,224,215,FALSE
1/14/23 5:52,49.8,49.7,223,215,FALSE
1/14/23 5:54,50,49.9,223,215,FALSE
1/14/23 5:56,49.9,49.9,225,216,FALSE
1/14/23 5:58,49.9,50,225,216,FALSE
1/14/23 6:00,50.2,50.2,226,216,FALSE
1/14/23 6:02,49.8,49.8,226,216,FALSE
1/14/23 6:04,50,50,226,216,FALSE
1/14/23 6:06,49.9,49.8,226,216,FALSE
1/14/23 6:08,49.9,49.9,212,217,FALSE
1/14/23 6:10,50,50.1,212,217,FALSE
1/14/23 6:12,50,50,209,217,FALSE
1/14/23 6:14,50.1,50.1,223,215,FALSE
1/14/23 6:16,49.8,49.8,223,215,FALSE
1/14/23 6:18,50.1,50.1,224,216,FALSE
1/14/23 6:20,50.1,50,223,219,FALSE
1/14/23 6:22,49.8,49.9,226,219,FALSE
1/14/23 6:24,49.7,49.8,225,219,FALSE
1/14/23 6:26,49.8,49.8,225,219,FALSE
1/14/23 6:28,49.9,49.8,224,221,FALSE
1/14/23 6:30,49.8,49.8,223,225,FALSE
1/14/23 6:32,49.7,49.6,224,224,FALSE
1/14/23 6:34,50.1,50,225,226,FALSE
1/14/23 6:36,49.9,49.9,224,225,FALSE
1/14/23 6:38,50,50,224,225,FALSE
1/14/23 6:40,50,50,225,225,FALSE
1/14/23 6:42,49.9,50,223,225,FALSE
1/14/23 6:44,49.9,50,223,225,FALSE
1/14/23 6:46,49.8,49.8,223,224,FALSE
1/14/23 6:48,49.8,49.8,223,225,FALSE
1/14/23 6:50,49.8,49.8,221,225,FALSE
1/14/23 6:52,49.9,49.9,221,226,FALSE
1/14/23 6:54,50,50,221,226,FALSE
1/14/23 6:56,49.9,49.9,221,226,FALSE
1/14/23 6:58,49.9,50,221,226,FALSE
1/14/23 7:00,49.9,49.9,221,226,FALSE
1/14/23 7:02,50.1,50.1,224,226,FALSE
1/14/23 7:04,50.1,50.2,225,223,FALSE
1/14/23 7:06,50.3,50.3,224,224,FALSE
1/14/23 7:08,50.1,50.2,222,223,FALSE
1/14/23 7:10,49.9,50,222,224,FALSE
1/14/23 7:12,49.9,50,222,223,FALSE
1/14/23 7:14,50.3,50.3,225,223,FALSE
1/14/23 7:16,49.8,49.8,223,223,FALSE
1/14/23 7:18,50.3,50.3,225,223,FALSE
1/14/23 7:20,49.8,49.7,223,223,FALSE
1/14/23 7:22,49.7,49.7,221,222,FALSE
1/14/23 7:24,49.7,49.7,222,222,FALSE
1/14/23 7:26,50.2,50.3,223,223,FALSE
1/14/23 7:28,49.9,49.8,219,222,FALSE
1/14/23 7:30,49.7,49.7,220,215,FALSE
1/14/23 7:32,50.5,50.4,218,216,FALSE
1/14/23 7:34,50.3,50.3,218,221,FALSE
1/14/23 7:36,50.1,50,218,220,FALSE
1/14/23 7:38,49.9,49.9,217,220,FALSE
1/14/23 7:40,49.7,49.7,219,219,FALSE
1/14/23 7:42,49.7,49.7,219,213,FALSE
1/14/23 7:44,49.8,49.7,219,212,FALSE
1/14/23 7:46,49.7,49.7,221,220,FALSE
1/14/23 7:48,50.3,50.3,221,213,FALSE
1/14/23 7:50,50.1,50.1,221,214,FALSE
1/14/23 7:52,49.9,50,222,211,FALSE
1/14/23 7:54,49.6,49.6,219,219,FALSE
1/14/23 7:56,49.7,49.6,221,218,FALSE
1/14/23 7:58,50.2,50.1,221,219,FALSE
1/14/23 8:00,49.8,49.8,221,217,FALSE
1/14/23 8:02,49.7,49.7,219,218,FALSE
1/14/23 8:04,49.8,49.8,219,218,FALSE
1/14/23 8:06,49.9,49.9,215,218,FALSE
1/14/23 8:08,50.1,50.1,218,212,FALSE
1/14/23 8:10,50.1,50.1,216,212,FALSE
1/14/23 8:12,50.1,50.1,216,211,FALSE
1/14/23 8:14,49.9,49.8,212,213,FALSE
1/14/23 8:16,49.5,49.6,216,211,FALSE
1/14/23 8:18,49.9,50,218,211,FALSE
1/14/23 8:20,49.8,49.8,216,216,FALSE
1/14/23 8:22,49.6,49.6,216,217,FALSE
1/14/23 8:24,49.8,49.8,216,217,FALSE
1/14/23 8:26,49.2,49.2,216,214,FALSE
1/14/23 8:28,49.5,49.5,218,211,FALSE
1/14/23 8:30,49.8,49.9,216,213,FALSE
1/14/23 8:32,49.8,49.8,216,211,FALSE
1/14/23 8:34,49.9,49.8,214,207,FALSE
1/14/23 8:36,49.9,49.9,212,213,FALSE
1/14/23 8:38,49.9,49.9,214,213,FALSE
1/14/23 8:40,49.9,49.9,212,207,FALSE
1/14/23 8:42,50.1,50.1,217,206,FALSE
1/14/23 8:44,49.8,49.9,216,205,FALSE
1/14/23 8:46,50.3,50.3,216,213,FALSE
1/14/23 8:48,50.4,50.3,213,212,FALSE
1/14/23 8:50,50.2,50.1,211,212,FALSE
1/14/23 8:52,50.4,50.4,211,211,FALSE
1/14/23 8:54,50.1,50.1,204,210,FALSE
1/14/23 8:56,49.8,49.9,207,211,FALSE
1/14/23 8:58,49.8,49.8,209,209,FALSE
1/14/23 9:00,49.9,50,212,210,FALSE
1/14/23 9:02,50,49.9,210,209,FALSE
1/14/23 9:04,50,49.9,209,210,FALSE
1/14/23 9:06,49.5,49.5,212,209,FALSE
1/14/23 9:08,50.1,50.1,209,211,FALSE
1/14/23 9:10,50,50,214,212,FALSE
1/14/23 9:12,6536,6536,0,0,FALSE
1/14/23 9:14,7874,7874,0,0,FALSE
1/14/23 9:16,6579,4367,0,0,FALSE
1/14/23 9:18,54.1,54,225,221,TRUE
1/14/23 9:20,54.7,54.6,223,219,TRUE
1/14/23 9:22,54.8,54.8,222,219,TRUE
1/14/23 9:24,54.7,54.8,221,219,TRUE
1/14/23 9:26,54.4,54.2,223,219,TRUE
1/14/23 9:28,54.5,54.7,221,219,TRUE
1/14/23 9:30,54.3,54.3,221,218,TRUE
1/14/23 9:32,54,54,219,223,TRUE
1/14/23 9:34,54.5,54.5,222,216,TRUE
1/14/23 9:36,53.8,53.9,223,217,TRUE
1/14/23 9:38,54.1,54.3,223,218,TRUE
1/14/23 9:40,53.8,53.7,223,219,TRUE
1/14/23 9:42,54.3,54.1,221,219,TRUE
1/14/23 9:44,53.6,53.6,219,225,TRUE
1/14/23 9:46,53.5,53.6,219,225,TRUE
1/14/23 9:48,53.5,53.5,219,226,TRUE
1/14/23 9:50,53.3,53.4,220,225,TRUE
1/14/23 9:52,53.6,53.7,219,225,TRUE
1/14/23 9:54,53.4,53.5,219,225,TRUE
1/14/23 9:56,53.4,53.4,220,225,TRUE
1/14/23 9:58,53.5,53.3,221,224,TRUE
1/14/23 10:00,53.5,53.6,218,226,TRUE
1/14/23 10:02,53.2,53.3,219,225,TRUE
1/14/23 10:04,53.9,53.9,220,219,TRUE
1/14/23 10:06,53.3,53.2,222,219,TRUE
1/14/23 10:08,53.9,53.8,221,219,TRUE
1/14/23 10:10,54.1,54.1,222,218,TRUE
1/14/23 10:12,53.8,53.5,223,219,TRUE
1/14/23 10:14,52.9,53.2,226,216,TRUE
1/14/23 10:16,53.6,53.6,226,215,TRUE
1/14/23 10:18,53.3,53.4,226,214,TRUE
1/14/23 10:20,53.4,53.2,228,215,TRUE
1/14/23 10:22,52.7,53.3,228,216,TRUE
1/14/23 10:24,53.1,53.3,224,219,TRUE
1/14/23 10:26,53.2,53.1,218,218,TRUE
1/14/23 10:28,53.1,53.1,216,219,TRUE
1/14/23 10:30,6579,4926,0,0,FALSE
1/14/23 10:32,4926,3937,0,0,FALSE
1/14/23 10:34,3584,3279,0,0,FALSE
1/14/23 10:36,50.7,50.6,204,213,TRUE
1/14/23 10:38,50.6,50.9,203,211,TRUE
1/14/23 10:40,50.6,50.4,190,216,TRUE
1/14/23 10:42,50.3,50.2,193,212,TRUE
1/14/23 10:44,50.4,50.9,193,216,TRUE
1/14/23 10:46,51,50.4,192,208,TRUE
1/14/23 10:48,50.3,51.2,197,209,TRUE
1/14/23 10:50,50.3,50.8,199,204,TRUE
1/14/23 10:52,50.8,51,199,204,TRUE
1/14/23 10:54,49.3,50.2,197,196,TRUE
1/14/23 10:56,49.8,50.2,193,192,TRUE
1/14/23 10:58,50.2,50,197,194,TRUE
1/14/23 11:00,50.5,49.8,192,194,TRUE
1/14/23 11:02,50.1,50.1,188,197,TRUE
1/14/23 11:04,49.7,49.8,189,195,TRUE
1/14/23 11:06,50.4,49.5,188,197,TRUE
1/14/23 11:08,50.1,49.9,188,196,TRUE
1/14/23 11:10,49,49.5,179,187,TRUE
1/14/23 11:12,49.2,49.2,178,185,TRUE
1/14/23 11:14,49.4,49.8,186,195,TRUE
1/14/23 11:16,50,49.9,186,195,TRUE
1/14/23 11:18,49.7,50.3,186,196,TRUE
1/14/23 11:20,50.1,50.2,185,194,TRUE
1/14/23 11:22,50,50.2,186,195,TRUE
1/14/23 11:24,50.2,49.9,186,195,TRUE
1/14/23 11:26,50.2,50.5,194,196,TRUE
1/14/23 11:28,49.8,50,187,192,TRUE
1/14/23 11:30,50.2,49.9,190,195,TRUE
1/14/23 11:32,50.2,50.6,194,194,TRUE
1/14/23 11:34,50.1,50,190,198,TRUE
1/14/23 11:36,50,50.9,199,196,TRUE
1/14/23 11:38,50,50.4,195,195,TRUE
1/14/23 11:40,49,49.6,193,194,TRUE
1/14/23 11:42,51.8,51.4,201,203,TRUE
1/14/23 11:44,51,50.7,195,201,TRUE
1/14/23 11:46,50.7,50.9,194,202,TRUE
1/14/23 11:48,50.9,51,194,202,TRUE
1/14/23 11:50,51,51.3,190,206,TRUE
1/14/23 11:52,51.5,51.6,198,199,TRUE
1/14/23 11:54,51.5,51.5,197,194,TRUE
1/14/23 11:56,49.8,49.5,187,192,TRUE
1/14/23 11:58,49.7,49.5,185,186,TRUE
1/14/23 12:00,50.9,50.5,192,202,TRUE
1/14/23 12:02,51.2,50.6,192,200,TRUE
1/14/23 12:04,51.1,50.9,195,204,TRUE
1/14/23 12:06,51.5,51.2,202,198,TRUE
1/14/23 12:08,50.9,50.8,196,207,TRUE
1/14/23 12:10,50.8,50.5,197,202,TRUE
1/14/23 12:12,50.9,51,199,202,TRUE
1/14/23 12:14,51.3,51.2,204,196,TRUE
1/14/23 12:16,51,50.9,204,197,TRUE
1/14/23 12:18,51.3,51.4,203,195,TRUE
1/14/23 12:20,51.7,51.5,203,196,TRUE
1/14/23 12:22,51.6,51.9,205,203,TRUE
1/14/23 12:24,51.7,51.4,205,198,TRUE
1/14/23 12:26,51.3,51.4,203,202,TRUE
1/14/23 12:28,51.5,51.7,204,199,TRUE
1/14/23 12:30,50.2,50.3,197,192,TRUE
1/14/23 12:32,49.9,50.2,190,196,TRUE
1/14/23 12:34,49.8,49.8,189,194,TRUE
1/14/23 12:36,50.2,49.8,190,195,TRUE
1/14/23 12:38,49.7,49.4,190,194,TRUE
1/14/23 12:40,49.5,49.4,185,194,TRUE
1/14/23 12:42,49.3,49.7,186,195,TRUE
1/14/23 12:44,49.3,49.2,185,194,TRUE
1/14/23 12:46,50.2,50.2,188,197,TRUE
1/14/23 12:48,50.2,49.6,187,194,TRUE
1/14/23 12:50,49.5,49.3,189,196,TRUE
1/14/23 12:52,50.2,49.9,192,194,TRUE
1/14/23 12:54,49.6,50.2,193,194,TRUE
1/14/23 12:56,49.8,50.5,194,194,TRUE
1/14/23 12:58,49.9,50,194,196,TRUE
1/14/23 13:00,49.6,49.2,191,193,TRUE
1/14/23 13:02,51.1,51.7,199,205,TRUE
1/14/23 13:04,49.6,50,189,196,TRUE
1/14/23 13:06,50.5,50.9,189,206,TRUE
1/14/23 13:08,51,50.5,192,211,TRUE
1/14/23 13:10,50.4,50.7,189,202,TRUE
1/14/23 13:12,49.9,49.9,186,196,TRUE
1/14/23 13:14,50.6,50.6,189,208,TRUE
1/14/23 13:16,50.8,50.5,187,208,TRUE
1/14/23 13:18,50.3,51.3,190,206,TRUE
1/14/23 13:20,51.3,50.7,190,207,TRUE
1/14/23 13:22,51.1,51.1,188,209,TRUE
1/14/23 13:24,50.7,50.9,194,205,TRUE
1/14/23 13:26,50,49.8,188,192,TRUE
1/14/23 13:28,51.7,51.1,193,203,TRUE
1/14/23 13:30,51,51.5,193,204,TRUE
1/14/23 13:32,51.3,51.4,194,201,TRUE
1/14/23 13:34,51.1,51.3,194,199,TRUE
1/14/23 13:36,51.4,51.7,197,200,TRUE
1/14/23 13:38,51.5,51.6,197,202,TRUE
1/14/23 13:40,51.1,51.3,196,201,TRUE
1/14/23 13:42,51.3,51.6,196,199,TRUE
1/14/23 13:44,51.5,51.3,196,200,TRUE
1/14/23 13:46,51.2,51.1,196,200,TRUE
1/14/23 13:48,50.9,51.3,197,202,TRUE
1/14/23 13:50,51.2,51.7,197,199,TRUE
1/14/23 13:52,51.7,51.4,194,199,TRUE
1/14/23 13:54,71.3,52.3,5.66,218,TRUE
1/14/23 13:56,226,51.7,4.95,217,TRUE
1/14/23 13:58,207,52.4,4.95,218,TRUE
1/14/23 14:00,197,51.2,4.95,229,TRUE
1/14/23 14:02,2457,6536,0,0,TRUE
1/14/23 14:04,3279,5618,0,0,TRUE
1/14/23 14:06,5618,6579,0,0,TRUE
1/14/23 14:08,54,54.2,221,233,TRUE
1/14/23 14:10,53.8,53.8,219,230,TRUE
1/14/23 14:12,53.8,53.7,219,230,TRUE
1/14/23 14:14,53.6,53.6,217,231,TRUE
1/14/23 14:16,53.4,53.5,218,231,TRUE
1/14/23 14:18,53.4,53.5,219,228,TRUE
1/14/23 14:20,54.1,53.9,221,222,TRUE
1/14/23 14:22,54.2,54.2,222,222,TRUE
1/14/23 14:24,54.2,54.3,223,221,TRUE
1/14/23 14:26,54,54.3,223,221,TRUE
1/14/23 14:28,54.1,54.1,223,221,TRUE
1/14/23 14:30,54.3,54.2,223,221,TRUE
1/14/23 14:32,53.7,53.6,226,221,TRUE
1/14/23 14:34,54.2,54.1,225,221,TRUE
1/14/23 14:36,54,53.9,226,219,TRUE
1/14/23 14:38,54,54,226,219,TRUE
1/14/23 14:40,54.1,54,226,219,TRUE
1/14/23 14:42,53.9,54,226,219,TRUE
1/14/23 14:44,53.8,53.8,227,219,TRUE
1/14/23 14:46,54,54.2,227,220,TRUE
1/14/23 14:48,53.9,53.9,226,219,TRUE
1/14/23 14:50,48.5,47.9,185,187,TRUE
1/14/23 14:52,50.6,50.8,209,197,TRUE
1/14/23 14:54,50.4,50.3,204,198,TRUE
1/14/23 14:56,50.1,50.6,203,199,TRUE
1/14/23 14:58,50.5,50,201,199,TRUE
1/14/23 15:00,50.3,50.3,201,197,TRUE
1/14/23 15:02,50.1,50.1,202,197,TRUE
1/14/23 15:04,50.5,50.2,202,197,TRUE
1/14/23 15:06,50.6,50.6,202,197,TRUE
1/14/23 15:08,50.4,49.8,202,197,TRUE
1/14/23 15:10,50.4,50.3,203,195,TRUE
1/14/23 15:12,50.6,50.4,207,199,TRUE
1/14/23 15:14,50.2,50.3,207,199,TRUE
1/14/23 15:16,50.8,50.3,205,199,TRUE
1/14/23 15:18,50.5,50.4,204,199,TRUE
1/14/23 15:20,51,50.3,205,200,TRUE
1/14/23 15:22,50.7,50.6,204,199,TRUE
1/14/23 15:24,50.1,50.5,199,203,TRUE
1/14/23 15:26,50.4,50.2,203,199,TRUE
1/14/23 15:28,50.4,50.4,204,200,TRUE
1/14/23 15:30,50.3,50.5,200,202,TRUE
1/14/23 15:32,50.3,50.7,204,201,TRUE
1/14/23 15:34,50.5,50.5,203,200,TRUE
1/14/23 15:36,50.8,50.9,204,200,TRUE
1/14/23 15:38,50.3,50.6,204,201,TRUE
1/14/23 15:40,50.5,50.9,204,201,TRUE
1/14/23 15:42,50.6,50.5,200,199,TRUE
1/14/23 15:44,50.3,50.3,200,198,TRUE
1/14/23 15:46,50.9,50.3,201,201,TRUE
1/14/23 15:48,50.2,50.3,202,200,TRUE
1/14/23 15:50,50.4,50.3,201,199,TRUE
1/14/23 15:52,50.4,50.2,201,199,TRUE
1/14/23 15:54,50.7,50.2,199,199,TRUE
1/14/23 15:56,50.5,50.3,201,199,TRUE
1/14/23 15:58,50.7,50.4,204,204,TRUE
1/14/23 16:00,50.9,50.5,204,203,TRUE
1/14/23 16:02,50.7,50.3,204,205,TRUE
1/14/23 16:04,50.2,50.4,204,204,TRUE
1/14/23 16:06,50.6,50.3,204,205,TRUE
1/14/23 16:08,50.3,50.8,203,203,TRUE
1/14/23 16:10,51.1,50.7,204,204,TRUE
1/14/23 16:12,50.7,50.4,204,206,TRUE
1/14/23 16:14,50.8,50.6,204,205,TRUE
1/14/23 16:16,50.9,50.2,204,204,TRUE
1/14/23 16:18,50.7,50.8,205,204,TRUE
1/14/23 16:20,50.5,51.1,206,207,TRUE
1/14/23 16:22,50.6,50.6,205,207,TRUE
1/14/23 16:24,50.4,50.2,202,204,TRUE
1/14/23 16:26,50.9,51,202,204,TRUE
1/14/23 16:28,50.2,50.5,202,206,TRUE
1/14/23 16:30,50.7,50.5,203,205,TRUE
1/14/23 16:32,50.3,50.4,203,206,TRUE
1/14/23 16:34,50.9,50.6,202,202,TRUE
1/14/23 16:36,51,50.7,204,203,TRUE
1/14/23 16:38,50.4,50.4,203,202,TRUE
1/14/23 16:40,50.3,50.9,207,204,TRUE
1/14/23 16:42,51,50.2,206,203,TRUE
1/14/23 16:44,50.7,50.5,207,200,TRUE
1/14/23 16:46,50.5,50.2,207,201,TRUE
1/14/23 16:48,50.6,50.5,207,199,TRUE
1/14/23 16:50,50.6,50.5,205,196,TRUE
1/14/23 16:52,50.9,50.6,207,198,TRUE
1/14/23 16:54,50.6,50.7,207,199,TRUE
1/14/23 16:56,50.5,50.5,205,199,TRUE
1/14/23 16:58,50.3,50.6,205,197,TRUE
1/14/23 17:00,50.5,50.9,206,197,TRUE
1/14/23 17:02,50.8,50.2,207,199,TRUE
1/14/23 17:04,50.3,50.9,207,199,TRUE
1/14/23 17:06,50.7,50.5,205,197,TRUE
1/14/23 17:08,50.6,50.7,204,194,TRUE
1/14/23 17:10,50.8,50.6,204,196,TRUE
1/14/23 17:12,50.5,50.5,204,196,TRUE
1/14/23 17:14,50.4,50.6,204,194,TRUE
1/14/23 17:16,50.4,50.3,204,194,TRUE
1/14/23 17:18,50.8,50.9,204,197,TRUE
1/14/23 17:20,50.7,50.9,204,197,TRUE
1/14/23 17:22,50.8,50.9,204,197,TRUE
1/14/23 17:24,50.5,50.3,202,197,TRUE
1/14/23 17:26,50.6,50.3,207,199,TRUE
1/14/23 17:28,49.9,50.6,206,193,TRUE
1/14/23 17:30,50.3,49.8,205,192,TRUE
1/14/23 17:32,50,50.1,201,192,TRUE
1/14/23 17:34,50.3,49.9,201,193,TRUE
1/14/23 17:36,49.9,50.1,206,193,TRUE
1/14/23 17:38,49.7,50,204,193,TRUE
1/14/23 17:40,50.5,50.3,201,199,TRUE
1/14/23 17:42,50.6,50.3,201,200,TRUE
1/14/23 17:44,50.8,50.9,206,199,TRUE
1/14/23 17:46,50.3,50.6,201,202,TRUE
1/14/23 17:48,50.5,50,204,197,TRUE
1/14/23 17:50,50.5,49.9,197,199,TRUE
1/14/23 17:52,50.5,50.4,199,197,TRUE
1/14/23 17:54,50.4,50.4,200,198,TRUE
1/14/23 17:56,49.7,49.9,195,199,TRUE
1/14/23 17:58,50.5,50,200,196,TRUE
1/14/23 18:00,50.3,50.1,196,199,TRUE
1/14/23 18:02,50.6,50.6,200,197,TRUE
1/14/23 18:04,50.4,50.5,202,197,TRUE
1/14/23 18:06,50.5,50.1,204,198,TRUE
1/14/23 18:08,50.3,50.3,192,194,TRUE
1/14/23 18:10,50.1,50.2,192,195,TRUE
1/14/23 18:12,50.3,50.5,203,199,TRUE
1/14/23 18:14,50.1,50.5,199,200,TRUE
1/14/23 18:16,50.4,50.1,204,200,TRUE
1/14/23 18:18,50.6,50.3,202,202,TRUE
1/14/23 18:20,50.3,50.3,204,199,TRUE
1/14/23 18:22,50.4,50.2,206,199,TRUE
1/14/23 18:24,50.4,49.8,202,203,TRUE
1/14/23 18:26,49.8,50.2,204,202,TRUE
1/14/23 18:28,50.2,50,205,201,TRUE
1/14/23 18:30,49.4,49.9,199,203,TRUE
1/14/23 18:32,50.3,49.7,204,199,TRUE
1/14/23 18:34,49.4,49.4,200,199,TRUE
1/14/23 18:36,49.2,49.2,203,197,TRUE
1/14/23 18:38,66.2,49.2,207,195,TRUE
1/14/23 18:40,50,50,206,197,TRUE
1/14/23 18:42,49.8,49.6,205,197,TRUE
1/14/23 18:44,49.5,50.1,204,197,TRUE
1/14/23 18:46,49.8,49.6,203,197,TRUE
1/14/23 18:48,50.3,49.6,208,197,TRUE
1/14/23 18:50,49.9,49.6,207,199,TRUE
1/14/23 18:52,49.6,50.3,208,198,TRUE
1/14/23 18:54,49.7,49.7,207,198,TRUE
1/14/23 18:56,50.1,49.2,209,197,TRUE
1/14/23 18:58,49.4,49.5,211,197,TRUE
1/14/23 19:00,49.9,50,207,198,TRUE
1/14/23 19:02,49.3,49.6,200,201,TRUE
1/14/23 19:04,49.7,49.9,209,196,TRUE
1/14/23 19:06,49.8,49.9,206,199,TRUE
1/14/23 19:08,49.6,192,204,201,TRUE
1/14/23 19:10,49.2,49.8,204,198,TRUE
1/14/23 19:12,50,49.6,207,197,TRUE
1/14/23 19:14,49.5,49.9,209,198,TRUE
1/14/23 19:16,49.8,50.2,208,197,TRUE
1/14/23 19:18,49.8,49.6,205,193,TRUE
1/14/23 19:20,49.7,49.7,204,192,TRUE
1/14/23 19:22,49.7,49.5,206,197,TRUE
1/14/23 19:24,50.2,49.5,204,197,TRUE
1/14/23 19:26,49.3,49.8,205,197,TRUE
1/14/23 19:28,50,49.9,204,197,TRUE
1/14/23 19:30,99,98,197,200,TRUE
1/14/23 19:32,49.4,97,198,202,TRUE
1/14/23 19:34,50,50,206,196,TRUE
1/14/23 19:36,49.7,49.5,207,197,TRUE
1/14/23 19:38,49.8,49.7,207,197,TRUE
1/14/23 19:40,50.1,50,204,199,TRUE
1/14/23 19:42,49.3,49.7,202,200,TRUE
1/14/23 19:44,49,49,201,200,TRUE
1/14/23 19:46,49.2,99.7,197,201,TRUE
1/14/23 19:48,49.6,50.3,207,198,TRUE
1/14/23 19:50,49.1,49.3,204,199,TRUE
1/14/23 19:52,49.6,49.5,207,199,TRUE
1/14/23 19:54,49.7,49.2,207,195,TRUE
1/14/23 19:56,49.6,49.6,208,197,TRUE
1/14/23 19:58,50,50,221,197,TRUE
1/14/23 20:00,50.2,50.2,221,197,TRUE
1/14/23 20:02,50,50.1,219,199,TRUE
1/14/23 20:04,50.2,50.2,219,198,TRUE
1/14/23 20:06,50.2,50.1,219,200,TRUE
1/14/23 20:08,50,50,218,200,TRUE
1/14/23 20:10,50,50,218,201,TRUE
1/14/23 20:12,49.9,49.8,217,202,TRUE
1/14/23 20:14,50,50,219,201,TRUE
1/14/23 20:16,50.1,50.1,221,201,TRUE
1/14/23 20:18,50,50,221,201,TRUE
1/14/23 20:20,50,50,221,201,TRUE
1/14/23 20:22,50,50,221,202,TRUE
1/14/23 20:24,49.7,49.8,222,202,TRUE
1/14/23 20:26,49.7,49.8,221,200,TRUE
1/14/23 20:28,50,50,221,201,TRUE
1/14/23 20:30,50.1,50.1,223,202,TRUE
1/14/23 20:32,50.2,50.1,221,202,TRUE
1/14/23 20:34,50.1,50.1,208,203,TRUE
1/14/23 20:36,50,50.1,209,204,TRUE
1/14/23 20:38,50.1,50.1,208,203,TRUE
1/14/23 20:40,50.1,50.1,207,204,TRUE
1/14/23 20:42,49.8,49.8,223,200,TRUE
1/14/23 20:44,49.9,49.8,221,202,TRUE
1/14/23 20:46,49.8,49.8,219,202,TRUE
1/14/23 20:48,50,49.9,221,203,TRUE
1/14/23 20:50,50.1,50.1,219,204,TRUE
1/14/23 20:52,50,50,219,204,TRUE
1/14/23 20:54,50.2,50.1,220,204,TRUE
1/14/23 20:56,51.1,51.1,221,200,TRUE
1/14/23 20:58,53.5,53.3,235,203,TRUE
1/14/23 21:00,53.3,53.5,236,202,TRUE
1/14/23 21:02,53.2,53.4,233,204,TRUE
1/14/23 21:04,49.6,49.1,181,184,TRUE
1/14/23 21:06,49.2,49.2,214,200,TRUE
1/14/23 21:08,49.1,49.4,211,198,TRUE
1/14/23 21:10,49.7,49.7,207,197,TRUE
1/14/23 21:12,49.2,49,206,193,TRUE
1/14/23 21:14,49.5,49.1,207,192,TRUE
1/14/23 21:16,49.3,49.1,209,191,TRUE
1/14/23 21:18,49.3,49.5,209,195,TRUE
1/14/23 21:20,49.6,49.4,211,197,TRUE
1/14/23 21:22,48.9,49.4,211,197,TRUE
1/14/23 21:24,49.8,49.7,211,197,TRUE
1/14/23 21:26,49.2,48.9,207,194,TRUE
1/14/23 21:28,49,49.6,207,192,TRUE
1/14/23 21:30,49.8,49.8,211,197,TRUE
1/14/23 21:32,49.4,50,211,198,TRUE
1/14/23 21:34,50,49.8,209,197,TRUE
1/14/23 21:36,49.3,49,211,192,TRUE
1/14/23 21:38,49.3,49.6,213,192,TRUE
1/14/23 21:40,49.8,50,208,199,TRUE
1/14/23 21:42,49.7,49.6,211,191,TRUE
1/14/23 21:44,49.7,49.7,207,197,TRUE
1/14/23 21:46,49.7,50,206,197,TRUE
1/14/23 21:48,50.3,49.3,203,196,TRUE
1/14/23 21:50,49.8,50.3,202,197,TRUE
1/14/23 21:52,50,50.1,205,197,TRUE
1/14/23 21:54,49.9,49.3,211,190,TRUE
1/14/23 21:56,49.7,50.2,207,197,TRUE
1/14/23 21:58,50.1,49.8,207,197,TRUE
1/14/23 22:00,49.8,50.2,207,198,TRUE
1/14/23 22:02,50,49.3,206,197,TRUE
1/14/23 22:04,49.7,50.3,204,198,TRUE
1/14/23 22:06,49.6,49.3,203,196,TRUE
1/14/23 22:08,49.5,49.6,204,197,TRUE
1/14/23 22:10,49.7,50.3,208,197,TRUE
1/14/23 22:12,49.3,49.7,209,197,TRUE
1/14/23 22:14,49,49.1,204,197,TRUE
1/14/23 22:16,49.5,49.6,207,195,TRUE
1/14/23 22:18,49.6,49.6,207,197,TRUE
1/14/23 22:20,50.1,49.3,204,199,TRUE
1/14/23 22:22,49.8,49.8,205,199,TRUE
1/14/23 22:24,49.1,49.4,208,196,TRUE
1/14/23 22:26,49.5,49.1,203,197,TRUE
1/14/23 22:28,50.2,50,208,197,TRUE
1/14/23 22:30,50,50.2,205,197,TRUE
1/14/23 22:32,49.8,49.6,203,197,TRUE
1/14/23 22:34,49.3,49.9,204,194,TRUE
1/14/23 22:36,49.6,49.9,204,197,TRUE
1/14/23 22:38,50.2,49.4,204,196,TRUE
1/14/23 22:40,50.3,49.5,206,196,TRUE
1/14/23 22:42,50.2,50.1,204,194,TRUE
1/14/23 22:44,50.1,49.6,206,196,TRUE
1/14/23 22:46,50,50,218,223,FALSE
1/14/23 22:48,50,50,216,223,FALSE
1/14/23 22:50,50,50,216,207,FALSE
1/14/23 22:52,50,50.1,215,212,FALSE
1/14/23 22:54,50.3,50.2,219,213,FALSE
1/14/23 22:56,50,49.9,218,213,FALSE
1/14/23 22:58,49.9,49.8,219,213,FALSE
1/14/23 23:00,50.1,50,218,214,FALSE
1/14/23 23:02,50,50,219,213,FALSE
1/14/23 23:04,50,50.1,219,214,FALSE
1/14/23 23:06,50,50,219,214,FALSE
1/14/23 23:08,49.6,49.7,217,214,FALSE
1/14/23 23:10,49.9,49.8,219,214,FALSE
1/14/23 23:12,50,50,219,214,FALSE
1/14/23 23:14,49.9,49.9,219,214,FALSE
1/14/23 23:16,50.1,50.1,217,215,FALSE
1/14/23 23:18,49.9,49.9,218,214,FALSE
1/14/23 23:20,49.9,49.9,219,214,FALSE
1/14/23 23:22,50.2,50.2,219,215,FALSE
1/14/23 23:24,49.7,49.8,216,215,FALSE
1/14/23 23:26,50.1,50.1,214,216,FALSE
1/14/23 23:28,49.8,49.8,216,215,FALSE
1/14/23 23:30,49.8,49.8,215,215,FALSE
1/14/23 23:32,50,50.1,215,215,FALSE
1/14/23 23:34,49.8,49.7,215,215,FALSE
1/14/23 23:36,50,49.9,216,215,FALSE
1/14/23 23:38,50.2,50.2,219,216,FALSE
1/14/23 23:40,50,50,219,215,FALSE
1/14/23 23:42,50.1,50.1,218,216,FALSE
1/14/23 23:44,50,50.1,219,215,FALSE
1/14/23 23:46,50,50,219,216,FALSE
1/14/23 23:48,49.9,50,219,216,FALSE
1/14/23 23:50,50,50,218,216,FALSE
1/14/23 23:52,50.1,50.1,219,216,FALSE
1/14/23 23:54,50.3,50.2,219,216,FALSE
1/14/23 23:56,50.1,50,219,216,FALSE
1/14/23 23:58,49.8,49.8,218,216,FALSE